D,tau,val mean
MMR(0.3),0.99,0.8016
MMR(0.3),1.0,0.8016
MMR(0.3),1.02,0.8025
MMR(0.3),1.03,0.8028
MMR(0.3),1.04,0.8037
MMR(0.3),1.05,0.8047
MMR(0.3),1.06,0.8056
MMR(0.3),1.07,0.8063
MMR(0.3),1.08,0.8069
MMR(0.3),1.09,0.8069
MMR(0.3),1.1,0.8072
MMR(0.3),1.11,0.8072
MMR(0.3),1.12,0.8072
MMR(0.3),1.13,0.8075
MMR(0.3),1.15,0.8078
MMR(0.3),1.19,0.8078
MMR(0.3),1.22,0.8075
MMR(0.3),1.24,0.8075
MMR(0.3),1.28,0.8075
MMR(0.3),1.29,0.8075
MMR(0.3),1.31,0.8081
MMR(0.3),1.32,0.8081
MMR(0.3),1.33,0.8087
MMR(0.3),1.34,0.8087
MMR(0.3),1.35,0.8091
MMR(0.3),1.37,0.8091
MMR(0.3),1.4,0.8097
MMR(0.3),1.41,0.8097
MMR(0.3),1.43,0.81
MMR(0.3),1.44,0.8091
MMR(0.3),1.46,0.8091
MMR(0.3),1.47,0.8091
MMR(0.3),1.48,0.8091
MMR(0.3),1.49,0.8094
MMR(0.3),1.5,0.8094
MMR(0.3),1.51,0.8087
MMR(0.3),1.52,0.8087
MMR(0.3),1.53,0.8087
MMR(0.3),1.54,0.8084
MMR(0.3),1.55,0.8084
MMR(0.3),1.56,0.8094
MMR(0.3),1.57,0.8097
MMR(0.3),1.58,0.81
MMR(0.3),1.59,0.8097
MMR(0.3),1.6,0.8084
MMR(0.3),1.61,0.8097
MMR(0.3),1.62,0.8091
MMR(0.3),1.63,0.8091
MMR(0.3),1.64,0.8091
MMR(0.3),1.65,0.8103
MMR(0.3),1.66,0.8113
MMR(0.3),1.67,0.8116
MMR(0.3),1.68,0.8125
MMR(0.3),1.69,0.8113
MMR(0.3),1.7,0.8109
MMR(0.3),1.71,0.8116
MMR(0.3),1.72,0.8109
MMR(0.3),1.73,0.8109
MMR(0.3),1.74,0.8113
MMR(0.3),1.75,0.8116
MMR(0.3),1.76,0.8106
MMR(0.3),1.79,0.8103
MMR(0.3),1.8,0.8103
MMR(0.3),1.81,0.8119
MMR(0.3),1.82,0.8116
MMR(0.3),1.83,0.8103
MMR(0.3),1.84,0.8144
MMR(0.3),1.85,0.8141
MMR(0.3),1.86,0.8153
MMR(0.3),1.87,0.815
MMR(0.3),1.88,0.8153
MMR(0.3),1.89,0.8147
MMR(0.3),1.9,0.8144
MMR(0.3),1.91,0.8144
MMR(0.3),1.92,0.8144
MMR(0.3),1.93,0.8144
MMR(0.3),1.94,0.8137
MMR(0.3),1.95,0.8141
MMR(0.3),1.96,0.8141
MMR(0.3),1.97,0.8153
MMR(0.3),1.98,0.8144
MMR(0.3),1.99,0.815
MMR(0.3),2.0,0.815
MMR(0.3),2.01,0.8156
MMR(0.3),2.02,0.8156
MMR(0.3),2.03,0.8153
MMR(0.3),2.04,0.8153
MMR(0.3),2.05,0.815
MMR(0.3),2.06,0.8147
MMR(0.3),2.08,0.815
MMR(0.3),2.09,0.8147
MMR(0.3),2.1,0.8147
MMR(0.3),2.11,0.8147
MMR(0.3),2.12,0.8147
MMR(0.3),2.13,0.8144
MMR(0.3),2.15,0.8137
MMR(0.3),2.17,0.8134
MMR(0.3),2.18,0.8134
MMR(0.3),2.19,0.8131
MMR(0.3),2.2,0.8131
MMR(0.3),2.21,0.8131
MMR(0.3),2.22,0.8131
MMR(0.3),2.23,0.8125
MMR(0.3),2.24,0.8131
MMR(0.3),2.25,0.8137
MMR(0.3),2.26,0.8147
MMR(0.3),2.27,0.8147
MMR(0.3),2.28,0.8147
MMR(0.3),2.29,0.8144
MMR(0.3),2.31,0.8156
MMR(0.3),2.32,0.815
MMR(0.3),2.33,0.8116
MMR(0.3),2.34,0.8078
MMR(0.3),2.35,0.8106
MMR(0.3),2.36,0.8106
MMR(0.3),2.37,0.8091
MMR(0.3),2.38,0.8072
MMR(0.3),2.39,0.8066
MMR(0.3),2.4,0.8063
MMR(0.3),2.41,0.8063
MMR(0.3),2.42,0.8066
MMR(0.3),2.43,0.8059
MMR(0.3),2.44,0.8031
MMR(0.3),2.45,0.8028
MMR(0.3),2.46,0.8031
MMR(0.3),2.47,0.8044
MMR(0.3),2.48,0.8044
MMR(0.3),2.49,0.805
MMR(0.3),2.5,0.8059
MMR(0.3),2.51,0.8056
MMR(0.3),2.52,0.8056
MMR(0.3),2.53,0.8056
MMR(0.3),2.54,0.805
MMR(0.3),2.55,0.8037
MMR(0.3),2.56,0.8044
MMR(0.3),2.57,0.8037
MMR(0.3),2.58,0.8063
MMR(0.3),2.59,0.8059
MMR(0.3),2.6,0.8066
MMR(0.3),2.61,0.8066
MMR(0.3),2.62,0.8056
MMR(0.3),2.63,0.8047
MMR(0.3),2.64,0.8047
MMR(0.3),2.65,0.8041
MMR(0.3),2.66,0.8025
MMR(0.3),2.67,0.8019
MMR(0.3),2.68,0.8006
MMR(0.3),2.69,0.8019
MMR(0.3),2.7,0.8022
MMR(0.3),2.71,0.8006
MMR(0.3),2.72,0.8
MMR(0.3),2.73,0.7994
MMR(0.3),2.74,0.7984
MMR(0.3),2.76,0.7978
MMR(0.3),2.77,0.7959
MMR(0.3),2.78,0.7972
MMR(0.3),2.79,0.7953
MMR(0.3),2.8,0.7944
MMR(0.3),2.81,0.7941
MMR(0.3),2.82,0.7928
MMR(0.3),2.83,0.7931
MMR(0.3),2.84,0.7931
MMR(0.3),2.85,0.7922
MMR(0.3),2.86,0.7916
MMR(0.3),2.87,0.7887
MMR(0.3),2.88,0.7878
MMR(0.3),2.89,0.7859
MMR(0.3),2.9,0.785
MMR(0.3),2.91,0.785
MMR(0.3),2.92,0.785
MMR(0.3),2.93,0.7844
MMR(0.3),2.94,0.7837
MMR(0.3),2.95,0.7837
MMR(0.3),2.96,0.7828
MMR(0.3),2.97,0.7819
MMR(0.3),2.98,0.7822
MMR(0.3),2.99,0.7806
MMR(0.3),3.0,0.7806
MMR(0.3),3.02,0.7806
MMR(0.3),3.03,0.78
MMR(0.3),3.05,0.7794
MMR(0.3),3.07,0.7769
MMR(0.3),3.08,0.775
MMR(0.3),3.09,0.7741
MMR(0.3),3.1,0.7741
MMR(0.3),3.11,0.7731
MMR(0.3),3.12,0.7719
MMR(0.3),3.13,0.7703
MMR(0.3),3.15,0.7703
MMR(0.3),3.16,0.7719
MMR(0.3),3.17,0.7706
MMR(0.3),3.18,0.7706
MMR(0.3),3.2,0.7691
MMR(0.3),3.21,0.7691
MMR(0.3),3.22,0.7691
MMR(0.3),3.23,0.7681
MMR(0.3),3.24,0.7681
MMR(0.3),3.25,0.7669
MMR(0.3),3.26,0.7675
MMR(0.3),3.27,0.7678
MMR(0.3),3.29,0.7675
MMR(0.3),3.3,0.7653
MMR(0.3),3.31,0.7647
MMR(0.3),3.32,0.7641
MMR(0.3),3.33,0.7628
MMR(0.3),3.34,0.7625
MMR(0.3),3.35,0.7616
MMR(0.3),3.36,0.7612
MMR(0.3),3.37,0.7581
MMR(0.3),3.38,0.7597
MMR(0.3),3.39,0.7597
MMR(0.3),3.4,0.7588
MMR(0.3),3.41,0.7575
MMR(0.3),3.42,0.7575
MMR(0.3),3.44,0.7547
MMR(0.3),3.45,0.7559
MMR(0.3),3.46,0.7544
MMR(0.3),3.47,0.7544
MMR(0.3),3.48,0.7531
MMR(0.3),3.49,0.7534
MMR(0.3),3.5,0.7534
MMR(0.3),3.51,0.7534
MMR(0.3),3.52,0.7525
MMR(0.3),3.53,0.7509
MMR(0.3),3.54,0.7525
MMR(0.3),3.55,0.7509
MMR(0.3),3.57,0.7506
MMR(0.3),3.58,0.7494
MMR(0.3),3.59,0.75
MMR(0.3),3.6,0.75
MMR(0.3),3.61,0.7494
MMR(0.3),3.63,0.7466
MMR(0.3),3.64,0.7419
MMR(0.3),3.65,0.7391
MMR(0.3),3.66,0.7388
MMR(0.3),3.67,0.7384
MMR(0.3),3.68,0.7384
MMR(0.3),3.69,0.7372
MMR(0.3),3.7,0.7372
MMR(0.3),3.72,0.7359
MMR(0.3),3.73,0.7359
MMR(0.3),3.74,0.7341
MMR(0.3),3.78,0.7316
MMR(0.3),3.81,0.7316
MMR(0.3),3.82,0.7272
MMR(0.3),3.83,0.7259
MMR(0.3),3.84,0.7269
MMR(0.3),3.85,0.7281
MMR(0.3),3.87,0.7269
MMR(0.3),3.88,0.7269
MMR(0.3),3.91,0.7288
MMR(0.3),3.93,0.7262
MMR(0.3),3.95,0.7262
MMR(0.3),3.96,0.725
MMR(0.3),3.97,0.725
MMR(0.3),3.99,0.725
MMR(0.3),4.0,0.7259
MMR(0.3),4.04,0.7244
MMR(0.3),4.05,0.7231
MMR(0.3),4.06,0.7231
MMR(0.3),4.07,0.7194
MMR(0.3),4.08,0.7184
MMR(0.3),4.09,0.7175
MMR(0.3),4.1,0.715
MMR(0.3),4.11,0.715
MMR(0.3),4.16,0.7137
MMR(0.3),4.17,0.7128
MMR(0.3),4.18,0.7116
MMR(0.3),4.19,0.7091
MMR(0.3),4.2,0.7078
MMR(0.3),4.22,0.7069
MMR(0.3),4.23,0.7069
MMR(0.3),4.25,0.7069
MMR(0.3),4.27,0.7069
MMR(0.3),4.28,0.705
MMR(0.3),4.29,0.705
MMR(0.3),4.31,0.7041
MMR(0.3),4.32,0.7041
MMR(0.3),4.33,0.7028
MMR(0.3),4.34,0.7009
MMR(0.3),4.36,0.7009
MMR(0.3),4.37,0.7009
MMR(0.3),4.39,0.7009
MMR(0.3),4.4,0.7009
MMR(0.3),4.42,0.6975
MMR(0.3),4.43,0.6975
MMR(0.3),4.45,0.695
MMR(0.3),4.46,0.695
MMR(0.3),4.47,0.6937
MMR(0.3),4.48,0.6925
MMR(0.3),4.49,0.6913
MMR(0.3),4.5,0.6891
MMR(0.3),4.54,0.6891
MMR(0.3),4.55,0.6881
MMR(0.3),4.58,0.6881
MMR(0.3),4.6,0.6869
MMR(0.3),4.65,0.6869
MMR(0.3),4.68,0.6837
MMR(0.3),4.7,0.6837
MMR(0.3),4.75,0.6828
MMR(0.3),4.76,0.6828
MMR(0.3),4.81,0.6819
MMR(0.3),4.82,0.6819
MMR(0.5),0.99,0.8016
MMR(0.5),1.0,0.8016
MMR(0.5),1.02,0.8031
MMR(0.5),1.03,0.8037
MMR(0.5),1.04,0.805
MMR(0.5),1.05,0.8059
MMR(0.5),1.06,0.8059
MMR(0.5),1.07,0.8066
MMR(0.5),1.08,0.8072
MMR(0.5),1.09,0.8078
MMR(0.5),1.1,0.8081
MMR(0.5),1.11,0.8084
MMR(0.5),1.12,0.8084
MMR(0.5),1.13,0.8084
MMR(0.5),1.15,0.8087
MMR(0.5),1.19,0.8091
MMR(0.5),1.22,0.8087
MMR(0.5),1.24,0.8087
MMR(0.5),1.28,0.8087
MMR(0.5),1.29,0.8087
MMR(0.5),1.31,0.8094
MMR(0.5),1.32,0.8094
MMR(0.5),1.33,0.81
MMR(0.5),1.34,0.81
MMR(0.5),1.35,0.8103
MMR(0.5),1.37,0.8103
MMR(0.5),1.4,0.8109
MMR(0.5),1.41,0.8113
MMR(0.5),1.43,0.8122
MMR(0.5),1.44,0.8116
MMR(0.5),1.46,0.8116
MMR(0.5),1.47,0.8116
MMR(0.5),1.48,0.8116
MMR(0.5),1.49,0.8122
MMR(0.5),1.5,0.8122
MMR(0.5),1.51,0.8119
MMR(0.5),1.52,0.8119
MMR(0.5),1.53,0.8125
MMR(0.5),1.54,0.8122
MMR(0.5),1.55,0.8122
MMR(0.5),1.56,0.8131
MMR(0.5),1.57,0.8134
MMR(0.5),1.58,0.8137
MMR(0.5),1.59,0.8137
MMR(0.5),1.6,0.8128
MMR(0.5),1.61,0.8144
MMR(0.5),1.62,0.8141
MMR(0.5),1.63,0.8144
MMR(0.5),1.64,0.8147
MMR(0.5),1.65,0.8159
MMR(0.5),1.66,0.8172
MMR(0.5),1.67,0.8178
MMR(0.5),1.68,0.8187
MMR(0.5),1.69,0.8187
MMR(0.5),1.7,0.8184
MMR(0.5),1.71,0.8191
MMR(0.5),1.72,0.8194
MMR(0.5),1.73,0.82
MMR(0.5),1.74,0.8203
MMR(0.5),1.75,0.8206
MMR(0.5),1.76,0.8206
MMR(0.5),1.79,0.8206
MMR(0.5),1.8,0.8206
MMR(0.5),1.81,0.8225
MMR(0.5),1.82,0.8222
MMR(0.5),1.83,0.8213
MMR(0.5),1.84,0.8253
MMR(0.5),1.85,0.8253
MMR(0.5),1.86,0.8256
MMR(0.5),1.87,0.8256
MMR(0.5),1.88,0.8259
MMR(0.5),1.89,0.8253
MMR(0.5),1.9,0.8256
MMR(0.5),1.91,0.8259
MMR(0.5),1.92,0.8259
MMR(0.5),1.93,0.8263
MMR(0.5),1.94,0.8259
MMR(0.5),1.95,0.8259
MMR(0.5),1.96,0.8259
MMR(0.5),1.97,0.8272
MMR(0.5),1.98,0.8272
MMR(0.5),1.99,0.8278
MMR(0.5),2.0,0.8278
MMR(0.5),2.01,0.8284
MMR(0.5),2.02,0.8284
MMR(0.5),2.03,0.8281
MMR(0.5),2.04,0.8281
MMR(0.5),2.05,0.8278
MMR(0.5),2.06,0.8275
MMR(0.5),2.08,0.8278
MMR(0.5),2.09,0.8275
MMR(0.5),2.1,0.8275
MMR(0.5),2.11,0.8278
MMR(0.5),2.12,0.8287
MMR(0.5),2.13,0.8287
MMR(0.5),2.15,0.8287
MMR(0.5),2.17,0.8287
MMR(0.5),2.18,0.8287
MMR(0.5),2.19,0.8284
MMR(0.5),2.2,0.8284
MMR(0.5),2.21,0.8281
MMR(0.5),2.22,0.8281
MMR(0.5),2.23,0.8278
MMR(0.5),2.24,0.8281
MMR(0.5),2.25,0.8291
MMR(0.5),2.26,0.83
MMR(0.5),2.27,0.83
MMR(0.5),2.28,0.83
MMR(0.5),2.29,0.8303
MMR(0.5),2.31,0.8316
MMR(0.5),2.32,0.8309
MMR(0.5),2.33,0.8281
MMR(0.5),2.34,0.8244
MMR(0.5),2.35,0.8269
MMR(0.5),2.36,0.8275
MMR(0.5),2.37,0.8259
MMR(0.5),2.38,0.8253
MMR(0.5),2.39,0.8247
MMR(0.5),2.4,0.8244
MMR(0.5),2.41,0.8244
MMR(0.5),2.42,0.825
MMR(0.5),2.43,0.8247
MMR(0.5),2.44,0.8225
MMR(0.5),2.45,0.8222
MMR(0.5),2.46,0.8213
MMR(0.5),2.47,0.8225
MMR(0.5),2.48,0.8216
MMR(0.5),2.49,0.8222
MMR(0.5),2.5,0.8234
MMR(0.5),2.51,0.8231
MMR(0.5),2.52,0.8231
MMR(0.5),2.53,0.8231
MMR(0.5),2.54,0.8231
MMR(0.5),2.55,0.8216
MMR(0.5),2.56,0.8222
MMR(0.5),2.57,0.8222
MMR(0.5),2.58,0.8237
MMR(0.5),2.59,0.8225
MMR(0.5),2.6,0.8231
MMR(0.5),2.61,0.8231
MMR(0.5),2.62,0.8225
MMR(0.5),2.63,0.8216
MMR(0.5),2.64,0.8216
MMR(0.5),2.65,0.8216
MMR(0.5),2.66,0.8203
MMR(0.5),2.67,0.8197
MMR(0.5),2.68,0.8187
MMR(0.5),2.69,0.8197
MMR(0.5),2.7,0.82
MMR(0.5),2.71,0.8181
MMR(0.5),2.72,0.8181
MMR(0.5),2.73,0.8175
MMR(0.5),2.74,0.8172
MMR(0.5),2.76,0.8172
MMR(0.5),2.77,0.8163
MMR(0.5),2.78,0.8175
MMR(0.5),2.79,0.8175
MMR(0.5),2.8,0.8166
MMR(0.5),2.81,0.8166
MMR(0.5),2.82,0.8159
MMR(0.5),2.83,0.8166
MMR(0.5),2.84,0.8169
MMR(0.5),2.85,0.8159
MMR(0.5),2.86,0.8159
MMR(0.5),2.87,0.8134
MMR(0.5),2.88,0.8125
MMR(0.5),2.89,0.8113
MMR(0.5),2.9,0.8094
MMR(0.5),2.91,0.8094
MMR(0.5),2.92,0.8094
MMR(0.5),2.93,0.8087
MMR(0.5),2.94,0.8075
MMR(0.5),2.95,0.8075
MMR(0.5),2.96,0.8066
MMR(0.5),2.97,0.805
MMR(0.5),2.98,0.8053
MMR(0.5),2.99,0.8044
MMR(0.5),3.0,0.8044
MMR(0.5),3.02,0.8044
MMR(0.5),3.03,0.8044
MMR(0.5),3.05,0.8044
MMR(0.5),3.07,0.8019
MMR(0.5),3.08,0.8
MMR(0.5),3.09,0.7994
MMR(0.5),3.1,0.7994
MMR(0.5),3.11,0.7994
MMR(0.5),3.12,0.7987
MMR(0.5),3.13,0.7981
MMR(0.5),3.15,0.7981
MMR(0.5),3.16,0.7987
MMR(0.5),3.17,0.7978
MMR(0.5),3.18,0.7978
MMR(0.5),3.2,0.7963
MMR(0.5),3.21,0.7963
MMR(0.5),3.22,0.7963
MMR(0.5),3.23,0.7956
MMR(0.5),3.24,0.7953
MMR(0.5),3.25,0.795
MMR(0.5),3.26,0.7947
MMR(0.5),3.27,0.7944
MMR(0.5),3.29,0.7941
MMR(0.5),3.3,0.7928
MMR(0.5),3.31,0.7922
MMR(0.5),3.32,0.7922
MMR(0.5),3.33,0.7909
MMR(0.5),3.34,0.7906
MMR(0.5),3.35,0.7897
MMR(0.5),3.36,0.7897
MMR(0.5),3.37,0.7878
MMR(0.5),3.38,0.7884
MMR(0.5),3.39,0.7884
MMR(0.5),3.4,0.7875
MMR(0.5),3.41,0.7863
MMR(0.5),3.42,0.7863
MMR(0.5),3.44,0.785
MMR(0.5),3.45,0.7863
MMR(0.5),3.46,0.7847
MMR(0.5),3.47,0.7844
MMR(0.5),3.48,0.7831
MMR(0.5),3.49,0.7847
MMR(0.5),3.5,0.7847
MMR(0.5),3.51,0.7847
MMR(0.5),3.52,0.7841
MMR(0.5),3.53,0.7825
MMR(0.5),3.54,0.7853
MMR(0.5),3.55,0.785
MMR(0.5),3.57,0.785
MMR(0.5),3.58,0.7837
MMR(0.5),3.59,0.7844
MMR(0.5),3.6,0.7844
MMR(0.5),3.61,0.7844
MMR(0.5),3.63,0.7831
MMR(0.5),3.64,0.7803
MMR(0.5),3.65,0.7788
MMR(0.5),3.66,0.7788
MMR(0.5),3.67,0.7788
MMR(0.5),3.68,0.7788
MMR(0.5),3.69,0.7775
MMR(0.5),3.7,0.7775
MMR(0.5),3.72,0.7775
MMR(0.5),3.73,0.7775
MMR(0.5),3.74,0.7775
MMR(0.5),3.78,0.7762
MMR(0.5),3.81,0.7762
MMR(0.5),3.82,0.7738
MMR(0.5),3.83,0.7716
MMR(0.5),3.84,0.7725
MMR(0.5),3.85,0.7719
MMR(0.5),3.87,0.7719
MMR(0.5),3.88,0.7719
MMR(0.5),3.91,0.7738
MMR(0.5),3.93,0.7725
MMR(0.5),3.95,0.7725
MMR(0.5),3.96,0.7712
MMR(0.5),3.97,0.7712
MMR(0.5),3.99,0.7712
MMR(0.5),4.0,0.7731
MMR(0.5),4.04,0.7719
MMR(0.5),4.05,0.7706
MMR(0.5),4.06,0.7706
MMR(0.5),4.07,0.7681
MMR(0.5),4.08,0.7672
MMR(0.5),4.09,0.7672
MMR(0.5),4.1,0.7659
MMR(0.5),4.11,0.7678
MMR(0.5),4.16,0.7666
MMR(0.5),4.17,0.7666
MMR(0.5),4.18,0.7666
MMR(0.5),4.19,0.7653
MMR(0.5),4.2,0.7631
MMR(0.5),4.22,0.7631
MMR(0.5),4.23,0.7631
MMR(0.5),4.25,0.7631
MMR(0.5),4.27,0.7631
MMR(0.5),4.28,0.7625
MMR(0.5),4.29,0.7625
MMR(0.5),4.31,0.7625
MMR(0.5),4.32,0.7625
MMR(0.5),4.33,0.7612
MMR(0.5),4.34,0.7594
MMR(0.5),4.36,0.7594
MMR(0.5),4.37,0.7594
MMR(0.5),4.39,0.7594
MMR(0.5),4.4,0.7594
MMR(0.5),4.42,0.7569
MMR(0.5),4.43,0.7569
MMR(0.5),4.45,0.7544
MMR(0.5),4.46,0.7544
MMR(0.5),4.47,0.7544
MMR(0.5),4.48,0.7531
MMR(0.5),4.49,0.7531
MMR(0.5),4.5,0.7509
MMR(0.5),4.54,0.7509
MMR(0.5),4.55,0.75
MMR(0.5),4.58,0.75
MMR(0.5),4.6,0.7488
MMR(0.5),4.65,0.7488
MMR(0.5),4.68,0.7466
MMR(0.5),4.7,0.7466
MMR(0.5),4.75,0.7466
MMR(0.5),4.76,0.7466
MMR(0.5),4.81,0.7456
MMR(0.5),4.82,0.7456
MMR(0.7),0.99,0.8016
MMR(0.7),1.0,0.8016
MMR(0.7),1.02,0.8034
MMR(0.7),1.03,0.8041
MMR(0.7),1.04,0.805
MMR(0.7),1.05,0.8059
MMR(0.7),1.06,0.8066
MMR(0.7),1.07,0.8072
MMR(0.7),1.08,0.8081
MMR(0.7),1.09,0.8084
MMR(0.7),1.1,0.8087
MMR(0.7),1.11,0.8091
MMR(0.7),1.12,0.8091
MMR(0.7),1.13,0.8091
MMR(0.7),1.15,0.8094
MMR(0.7),1.19,0.8097
MMR(0.7),1.22,0.8097
MMR(0.7),1.24,0.81
MMR(0.7),1.28,0.8103
MMR(0.7),1.29,0.8103
MMR(0.7),1.31,0.8103
MMR(0.7),1.32,0.8103
MMR(0.7),1.33,0.8106
MMR(0.7),1.34,0.8109
MMR(0.7),1.35,0.8113
MMR(0.7),1.37,0.8113
MMR(0.7),1.4,0.8116
MMR(0.7),1.41,0.8119
MMR(0.7),1.43,0.8125
MMR(0.7),1.44,0.8122
MMR(0.7),1.46,0.8122
MMR(0.7),1.47,0.8125
MMR(0.7),1.48,0.8125
MMR(0.7),1.49,0.8131
MMR(0.7),1.5,0.8131
MMR(0.7),1.51,0.8128
MMR(0.7),1.52,0.8128
MMR(0.7),1.53,0.8125
MMR(0.7),1.54,0.8128
MMR(0.7),1.55,0.8128
MMR(0.7),1.56,0.8128
MMR(0.7),1.57,0.8131
MMR(0.7),1.58,0.8131
MMR(0.7),1.59,0.8131
MMR(0.7),1.6,0.8131
MMR(0.7),1.61,0.8137
MMR(0.7),1.62,0.8134
MMR(0.7),1.63,0.8137
MMR(0.7),1.64,0.8144
MMR(0.7),1.65,0.815
MMR(0.7),1.66,0.8147
MMR(0.7),1.67,0.815
MMR(0.7),1.68,0.8156
MMR(0.7),1.69,0.8153
MMR(0.7),1.7,0.8156
MMR(0.7),1.71,0.8166
MMR(0.7),1.72,0.8169
MMR(0.7),1.73,0.8175
MMR(0.7),1.74,0.8175
MMR(0.7),1.75,0.8178
MMR(0.7),1.76,0.8184
MMR(0.7),1.79,0.8184
MMR(0.7),1.8,0.8184
MMR(0.7),1.81,0.8203
MMR(0.7),1.82,0.8203
MMR(0.7),1.83,0.82
MMR(0.7),1.84,0.8222
MMR(0.7),1.85,0.8222
MMR(0.7),1.86,0.8228
MMR(0.7),1.87,0.8228
MMR(0.7),1.88,0.8231
MMR(0.7),1.89,0.8231
MMR(0.7),1.9,0.8247
MMR(0.7),1.91,0.825
MMR(0.7),1.92,0.825
MMR(0.7),1.93,0.8253
MMR(0.7),1.94,0.8256
MMR(0.7),1.95,0.8256
MMR(0.7),1.96,0.8256
MMR(0.7),1.97,0.8263
MMR(0.7),1.98,0.8263
MMR(0.7),1.99,0.8266
MMR(0.7),2.0,0.8266
MMR(0.7),2.01,0.8266
MMR(0.7),2.02,0.8266
MMR(0.7),2.03,0.8263
MMR(0.7),2.04,0.8266
MMR(0.7),2.05,0.8269
MMR(0.7),2.06,0.8269
MMR(0.7),2.08,0.8269
MMR(0.7),2.09,0.8272
MMR(0.7),2.1,0.8275
MMR(0.7),2.11,0.8278
MMR(0.7),2.12,0.8287
MMR(0.7),2.13,0.8287
MMR(0.7),2.15,0.8287
MMR(0.7),2.17,0.8294
MMR(0.7),2.18,0.8294
MMR(0.7),2.19,0.8291
MMR(0.7),2.2,0.8294
MMR(0.7),2.21,0.8291
MMR(0.7),2.22,0.8291
MMR(0.7),2.23,0.8287
MMR(0.7),2.24,0.8291
MMR(0.7),2.25,0.8291
MMR(0.7),2.26,0.8291
MMR(0.7),2.27,0.8291
MMR(0.7),2.28,0.8291
MMR(0.7),2.29,0.8287
MMR(0.7),2.31,0.83
MMR(0.7),2.32,0.83
MMR(0.7),2.33,0.83
MMR(0.7),2.34,0.8263
MMR(0.7),2.35,0.8275
MMR(0.7),2.36,0.8278
MMR(0.7),2.37,0.8272
MMR(0.7),2.38,0.8269
MMR(0.7),2.39,0.8269
MMR(0.7),2.4,0.8272
MMR(0.7),2.41,0.8272
MMR(0.7),2.42,0.8278
MMR(0.7),2.43,0.8275
MMR(0.7),2.44,0.8275
MMR(0.7),2.45,0.8275
MMR(0.7),2.46,0.8275
MMR(0.7),2.47,0.8275
MMR(0.7),2.48,0.8275
MMR(0.7),2.49,0.8281
MMR(0.7),2.5,0.8294
MMR(0.7),2.51,0.8294
MMR(0.7),2.52,0.8294
MMR(0.7),2.53,0.8294
MMR(0.7),2.54,0.8294
MMR(0.7),2.55,0.83
MMR(0.7),2.56,0.83
MMR(0.7),2.57,0.8303
MMR(0.7),2.58,0.8319
MMR(0.7),2.59,0.8309
MMR(0.7),2.6,0.8316
MMR(0.7),2.61,0.8316
MMR(0.7),2.62,0.8316
MMR(0.7),2.63,0.8319
MMR(0.7),2.64,0.8319
MMR(0.7),2.65,0.8316
MMR(0.7),2.66,0.8316
MMR(0.7),2.67,0.8316
MMR(0.7),2.68,0.8306
MMR(0.7),2.69,0.8306
MMR(0.7),2.7,0.8309
MMR(0.7),2.71,0.8297
MMR(0.7),2.72,0.8297
MMR(0.7),2.73,0.8291
MMR(0.7),2.74,0.8291
MMR(0.7),2.76,0.8291
MMR(0.7),2.77,0.8291
MMR(0.7),2.78,0.8294
MMR(0.7),2.79,0.8294
MMR(0.7),2.8,0.8294
MMR(0.7),2.81,0.8294
MMR(0.7),2.82,0.8294
MMR(0.7),2.83,0.8294
MMR(0.7),2.84,0.8294
MMR(0.7),2.85,0.8284
MMR(0.7),2.86,0.8284
MMR(0.7),2.87,0.8272
MMR(0.7),2.88,0.8263
MMR(0.7),2.89,0.8263
MMR(0.7),2.9,0.8263
MMR(0.7),2.91,0.8269
MMR(0.7),2.92,0.8269
MMR(0.7),2.93,0.8269
MMR(0.7),2.94,0.8263
MMR(0.7),2.95,0.8263
MMR(0.7),2.96,0.8259
MMR(0.7),2.97,0.8266
MMR(0.7),2.98,0.8266
MMR(0.7),2.99,0.825
MMR(0.7),3.0,0.825
MMR(0.7),3.02,0.825
MMR(0.7),3.03,0.8253
MMR(0.7),3.05,0.8253
MMR(0.7),3.07,0.8253
MMR(0.7),3.08,0.8253
MMR(0.7),3.09,0.8253
MMR(0.7),3.1,0.8253
MMR(0.7),3.11,0.8253
MMR(0.7),3.12,0.8247
MMR(0.7),3.13,0.8241
MMR(0.7),3.15,0.8241
MMR(0.7),3.16,0.8247
MMR(0.7),3.17,0.8247
MMR(0.7),3.18,0.8247
MMR(0.7),3.2,0.8247
MMR(0.7),3.21,0.8247
MMR(0.7),3.22,0.8247
MMR(0.7),3.23,0.8247
MMR(0.7),3.24,0.8247
MMR(0.7),3.25,0.8244
MMR(0.7),3.26,0.8256
MMR(0.7),3.27,0.8259
MMR(0.7),3.29,0.8259
MMR(0.7),3.3,0.8259
MMR(0.7),3.31,0.8266
MMR(0.7),3.32,0.8266
MMR(0.7),3.33,0.8263
MMR(0.7),3.34,0.8263
MMR(0.7),3.35,0.8253
MMR(0.7),3.36,0.8253
MMR(0.7),3.37,0.8253
MMR(0.7),3.38,0.8266
MMR(0.7),3.39,0.8266
MMR(0.7),3.4,0.8266
MMR(0.7),3.41,0.8266
MMR(0.7),3.42,0.8266
MMR(0.7),3.44,0.8266
MMR(0.7),3.45,0.8291
MMR(0.7),3.46,0.8291
MMR(0.7),3.47,0.8291
MMR(0.7),3.48,0.8291
MMR(0.7),3.49,0.8291
MMR(0.7),3.5,0.8291
MMR(0.7),3.51,0.8291
MMR(0.7),3.52,0.8291
MMR(0.7),3.53,0.8287
MMR(0.7),3.54,0.8287
MMR(0.7),3.55,0.8284
MMR(0.7),3.57,0.8284
MMR(0.7),3.58,0.8284
MMR(0.7),3.59,0.8291
MMR(0.7),3.6,0.8291
MMR(0.7),3.61,0.8291
MMR(0.7),3.63,0.8291
MMR(0.7),3.64,0.8272
MMR(0.7),3.65,0.8256
MMR(0.7),3.66,0.8256
MMR(0.7),3.67,0.8256
MMR(0.7),3.68,0.8256
MMR(0.7),3.69,0.8256
MMR(0.7),3.7,0.8256
MMR(0.7),3.72,0.8266
MMR(0.7),3.73,0.8266
MMR(0.7),3.74,0.8266
MMR(0.7),3.78,0.8253
MMR(0.7),3.81,0.8253
MMR(0.7),3.82,0.8241
MMR(0.7),3.83,0.8241
MMR(0.7),3.84,0.825
MMR(0.7),3.85,0.8269
MMR(0.7),3.87,0.8269
MMR(0.7),3.88,0.8269
MMR(0.7),3.91,0.8284
MMR(0.7),3.93,0.8284
MMR(0.7),3.95,0.8284
MMR(0.7),3.96,0.8284
MMR(0.7),3.97,0.8284
MMR(0.7),3.99,0.8284
MMR(0.7),4.0,0.8284
MMR(0.7),4.04,0.8272
MMR(0.7),4.05,0.8272
MMR(0.7),4.06,0.8272
MMR(0.7),4.07,0.8247
MMR(0.7),4.08,0.8247
MMR(0.7),4.09,0.8247
MMR(0.7),4.1,0.8234
MMR(0.7),4.11,0.8234
MMR(0.7),4.16,0.8234
MMR(0.7),4.17,0.8234
MMR(0.7),4.18,0.8234
MMR(0.7),4.19,0.8234
MMR(0.7),4.2,0.8247
MMR(0.7),4.22,0.8247
MMR(0.7),4.23,0.8247
MMR(0.7),4.25,0.8247
MMR(0.7),4.27,0.8247
MMR(0.7),4.28,0.8241
MMR(0.7),4.29,0.8241
MMR(0.7),4.31,0.8241
MMR(0.7),4.32,0.8241
MMR(0.7),4.33,0.8241
MMR(0.7),4.34,0.8231
MMR(0.7),4.36,0.8231
MMR(0.7),4.37,0.8231
MMR(0.7),4.39,0.8231
MMR(0.7),4.4,0.8231
MMR(0.7),4.42,0.8219
MMR(0.7),4.43,0.8219
MMR(0.7),4.45,0.8219
MMR(0.7),4.46,0.8219
MMR(0.7),4.47,0.8219
MMR(0.7),4.48,0.8206
MMR(0.7),4.49,0.8206
MMR(0.7),4.5,0.8206
MMR(0.7),4.54,0.8206
MMR(0.7),4.55,0.8206
MMR(0.7),4.58,0.8206
MMR(0.7),4.6,0.8206
MMR(0.7),4.65,0.8206
MMR(0.7),4.68,0.8206
MMR(0.7),4.7,0.8206
MMR(0.7),4.75,0.8206
MMR(0.7),4.76,0.8206
MMR(0.7),4.81,0.8206
MMR(0.7),4.82,0.8206
MMR(0.9),0.99,0.8016
MMR(0.9),1.0,0.8016
MMR(0.9),1.02,0.8025
MMR(0.9),1.03,0.8025
MMR(0.9),1.04,0.8025
MMR(0.9),1.05,0.8028
MMR(0.9),1.06,0.8031
MMR(0.9),1.07,0.8034
MMR(0.9),1.08,0.8034
MMR(0.9),1.09,0.8037
MMR(0.9),1.1,0.8037
MMR(0.9),1.11,0.8037
MMR(0.9),1.12,0.8037
MMR(0.9),1.13,0.8037
MMR(0.9),1.15,0.8041
MMR(0.9),1.19,0.8041
MMR(0.9),1.22,0.8041
MMR(0.9),1.24,0.8041
MMR(0.9),1.28,0.8041
MMR(0.9),1.29,0.8041
MMR(0.9),1.31,0.8041
MMR(0.9),1.32,0.8041
MMR(0.9),1.33,0.8044
MMR(0.9),1.34,0.8047
MMR(0.9),1.35,0.8047
MMR(0.9),1.37,0.8047
MMR(0.9),1.4,0.805
MMR(0.9),1.41,0.8053
MMR(0.9),1.43,0.8056
MMR(0.9),1.44,0.8053
MMR(0.9),1.46,0.8053
MMR(0.9),1.47,0.8053
MMR(0.9),1.48,0.8053
MMR(0.9),1.49,0.8056
MMR(0.9),1.5,0.8056
MMR(0.9),1.51,0.8056
MMR(0.9),1.52,0.8056
MMR(0.9),1.53,0.8056
MMR(0.9),1.54,0.8056
MMR(0.9),1.55,0.8056
MMR(0.9),1.56,0.8056
MMR(0.9),1.57,0.8056
MMR(0.9),1.58,0.8056
MMR(0.9),1.59,0.8056
MMR(0.9),1.6,0.8056
MMR(0.9),1.61,0.8059
MMR(0.9),1.62,0.8063
MMR(0.9),1.63,0.8063
MMR(0.9),1.64,0.8063
MMR(0.9),1.65,0.8066
MMR(0.9),1.66,0.8066
MMR(0.9),1.67,0.8069
MMR(0.9),1.68,0.8069
MMR(0.9),1.69,0.8069
MMR(0.9),1.7,0.8072
MMR(0.9),1.71,0.8072
MMR(0.9),1.72,0.8075
MMR(0.9),1.73,0.8075
MMR(0.9),1.74,0.8075
MMR(0.9),1.75,0.8075
MMR(0.9),1.76,0.8078
MMR(0.9),1.79,0.8078
MMR(0.9),1.8,0.8078
MMR(0.9),1.81,0.8078
MMR(0.9),1.82,0.8078
MMR(0.9),1.83,0.8078
MMR(0.9),1.84,0.81
MMR(0.9),1.85,0.81
MMR(0.9),1.86,0.8106
MMR(0.9),1.87,0.8106
MMR(0.9),1.88,0.8106
MMR(0.9),1.89,0.8106
MMR(0.9),1.9,0.8119
MMR(0.9),1.91,0.8119
MMR(0.9),1.92,0.8119
MMR(0.9),1.93,0.8122
MMR(0.9),1.94,0.8122
MMR(0.9),1.95,0.8122
MMR(0.9),1.96,0.8122
MMR(0.9),1.97,0.8122
MMR(0.9),1.98,0.8128
MMR(0.9),1.99,0.8128
MMR(0.9),2.0,0.8128
MMR(0.9),2.01,0.8128
MMR(0.9),2.02,0.8128
MMR(0.9),2.03,0.8128
MMR(0.9),2.04,0.8131
MMR(0.9),2.05,0.8131
MMR(0.9),2.06,0.8131
MMR(0.9),2.08,0.8131
MMR(0.9),2.09,0.8131
MMR(0.9),2.1,0.8134
MMR(0.9),2.11,0.8137
MMR(0.9),2.12,0.8137
MMR(0.9),2.13,0.8137
MMR(0.9),2.15,0.8137
MMR(0.9),2.17,0.8137
MMR(0.9),2.18,0.8137
MMR(0.9),2.19,0.8137
MMR(0.9),2.2,0.8137
MMR(0.9),2.21,0.8134
MMR(0.9),2.22,0.8134
MMR(0.9),2.23,0.8131
MMR(0.9),2.24,0.8131
MMR(0.9),2.25,0.8134
MMR(0.9),2.26,0.8137
MMR(0.9),2.27,0.8137
MMR(0.9),2.28,0.8137
MMR(0.9),2.29,0.8137
MMR(0.9),2.31,0.8137
MMR(0.9),2.32,0.8137
MMR(0.9),2.33,0.8137
MMR(0.9),2.34,0.8137
MMR(0.9),2.35,0.8141
MMR(0.9),2.36,0.8144
MMR(0.9),2.37,0.8144
MMR(0.9),2.38,0.8144
MMR(0.9),2.39,0.8144
MMR(0.9),2.4,0.8144
MMR(0.9),2.41,0.8144
MMR(0.9),2.42,0.815
MMR(0.9),2.43,0.815
MMR(0.9),2.44,0.815
MMR(0.9),2.45,0.815
MMR(0.9),2.46,0.815
MMR(0.9),2.47,0.815
MMR(0.9),2.48,0.815
MMR(0.9),2.49,0.8156
MMR(0.9),2.5,0.8156
MMR(0.9),2.51,0.8156
MMR(0.9),2.52,0.8156
MMR(0.9),2.53,0.8156
MMR(0.9),2.54,0.8156
MMR(0.9),2.55,0.8163
MMR(0.9),2.56,0.8163
MMR(0.9),2.57,0.8163
MMR(0.9),2.58,0.8175
MMR(0.9),2.59,0.8175
MMR(0.9),2.6,0.8178
MMR(0.9),2.61,0.8178
MMR(0.9),2.62,0.8178
MMR(0.9),2.63,0.8178
MMR(0.9),2.64,0.8178
MMR(0.9),2.65,0.8178
MMR(0.9),2.66,0.8178
MMR(0.9),2.67,0.8178
MMR(0.9),2.68,0.8178
MMR(0.9),2.69,0.8178
MMR(0.9),2.7,0.8181
MMR(0.9),2.71,0.8181
MMR(0.9),2.72,0.8181
MMR(0.9),2.73,0.8181
MMR(0.9),2.74,0.8181
MMR(0.9),2.76,0.8181
MMR(0.9),2.77,0.8181
MMR(0.9),2.78,0.8181
MMR(0.9),2.79,0.8181
MMR(0.9),2.8,0.8181
MMR(0.9),2.81,0.8181
MMR(0.9),2.82,0.8181
MMR(0.9),2.83,0.8181
MMR(0.9),2.84,0.8181
MMR(0.9),2.85,0.8184
MMR(0.9),2.86,0.8184
MMR(0.9),2.87,0.8172
MMR(0.9),2.88,0.8172
MMR(0.9),2.89,0.8172
MMR(0.9),2.9,0.8172
MMR(0.9),2.91,0.8172
MMR(0.9),2.92,0.8172
MMR(0.9),2.93,0.8172
MMR(0.9),2.94,0.8166
MMR(0.9),2.95,0.8166
MMR(0.9),2.96,0.8166
MMR(0.9),2.97,0.8163
MMR(0.9),2.98,0.8163
MMR(0.9),2.99,0.8147
MMR(0.9),3.0,0.8147
MMR(0.9),3.02,0.8147
MMR(0.9),3.03,0.8147
MMR(0.9),3.05,0.8147
MMR(0.9),3.07,0.8147
MMR(0.9),3.08,0.8147
MMR(0.9),3.09,0.8147
MMR(0.9),3.1,0.8147
MMR(0.9),3.11,0.8147
MMR(0.9),3.12,0.8147
MMR(0.9),3.13,0.8147
MMR(0.9),3.15,0.8147
MMR(0.9),3.16,0.8156
MMR(0.9),3.17,0.8156
MMR(0.9),3.18,0.8156
MMR(0.9),3.2,0.8156
MMR(0.9),3.21,0.8156
MMR(0.9),3.22,0.8156
MMR(0.9),3.23,0.8156
MMR(0.9),3.24,0.8156
MMR(0.9),3.25,0.8156
MMR(0.9),3.26,0.8156
MMR(0.9),3.27,0.8156
MMR(0.9),3.29,0.8156
MMR(0.9),3.3,0.8156
MMR(0.9),3.31,0.8156
MMR(0.9),3.32,0.8156
MMR(0.9),3.33,0.8156
MMR(0.9),3.34,0.8156
MMR(0.9),3.35,0.8156
MMR(0.9),3.36,0.8156
MMR(0.9),3.37,0.8156
MMR(0.9),3.38,0.8169
MMR(0.9),3.39,0.8169
MMR(0.9),3.4,0.8169
MMR(0.9),3.41,0.8169
MMR(0.9),3.42,0.8169
MMR(0.9),3.44,0.8169
MMR(0.9),3.45,0.8175
MMR(0.9),3.46,0.8175
MMR(0.9),3.47,0.8175
MMR(0.9),3.48,0.8175
MMR(0.9),3.49,0.8175
MMR(0.9),3.5,0.8175
MMR(0.9),3.51,0.8175
MMR(0.9),3.52,0.8175
MMR(0.9),3.53,0.8175
MMR(0.9),3.54,0.8175
MMR(0.9),3.55,0.8175
MMR(0.9),3.57,0.8175
MMR(0.9),3.58,0.8175
MMR(0.9),3.59,0.8184
MMR(0.9),3.6,0.8184
MMR(0.9),3.61,0.8184
MMR(0.9),3.63,0.8184
MMR(0.9),3.64,0.8184
MMR(0.9),3.65,0.8169
MMR(0.9),3.66,0.8169
MMR(0.9),3.67,0.8169
MMR(0.9),3.68,0.8169
MMR(0.9),3.69,0.8169
MMR(0.9),3.7,0.8169
MMR(0.9),3.72,0.8169
MMR(0.9),3.73,0.8169
MMR(0.9),3.74,0.8169
MMR(0.9),3.78,0.8169
MMR(0.9),3.81,0.8169
MMR(0.9),3.82,0.8169
MMR(0.9),3.83,0.8169
MMR(0.9),3.84,0.8178
MMR(0.9),3.85,0.8178
MMR(0.9),3.87,0.8178
MMR(0.9),3.88,0.8178
MMR(0.9),3.91,0.8178
MMR(0.9),3.93,0.8178
MMR(0.9),3.95,0.8178
MMR(0.9),3.96,0.8178
MMR(0.9),3.97,0.8178
MMR(0.9),3.99,0.8178
MMR(0.9),4.0,0.8178
MMR(0.9),4.04,0.8166
MMR(0.9),4.05,0.8166
MMR(0.9),4.06,0.8166
MMR(0.9),4.07,0.8153
MMR(0.9),4.08,0.8153
MMR(0.9),4.09,0.8153
MMR(0.9),4.1,0.8153
MMR(0.9),4.11,0.8153
MMR(0.9),4.16,0.8153
MMR(0.9),4.17,0.8153
MMR(0.9),4.18,0.8153
MMR(0.9),4.19,0.8153
MMR(0.9),4.2,0.8153
MMR(0.9),4.22,0.8153
MMR(0.9),4.23,0.8153
MMR(0.9),4.25,0.8153
MMR(0.9),4.27,0.8153
MMR(0.9),4.28,0.8147
MMR(0.9),4.29,0.8147
MMR(0.9),4.31,0.8147
MMR(0.9),4.32,0.8147
MMR(0.9),4.33,0.8147
MMR(0.9),4.34,0.8147
MMR(0.9),4.36,0.8147
MMR(0.9),4.37,0.8147
MMR(0.9),4.39,0.8147
MMR(0.9),4.4,0.8147
MMR(0.9),4.42,0.8147
MMR(0.9),4.43,0.8147
MMR(0.9),4.45,0.8147
MMR(0.9),4.46,0.8147
MMR(0.9),4.47,0.8147
MMR(0.9),4.48,0.8147
MMR(0.9),4.49,0.8147
MMR(0.9),4.5,0.8147
MMR(0.9),4.54,0.8147
MMR(0.9),4.55,0.8147
MMR(0.9),4.58,0.8147
MMR(0.9),4.6,0.8147
MMR(0.9),4.65,0.8147
MMR(0.9),4.68,0.8147
MMR(0.9),4.7,0.8147
MMR(0.9),4.75,0.8147
MMR(0.9),4.76,0.8147
MMR(0.9),4.81,0.8147
MMR(0.9),4.82,0.8147
Maxmin,0.99,0.8016
Maxmin,1.0,0.8016
Maxmin,1.02,0.8022
Maxmin,1.03,0.8028
Maxmin,1.04,0.8034
Maxmin,1.05,0.8041
Maxmin,1.06,0.8053
Maxmin,1.07,0.8056
Maxmin,1.08,0.8056
Maxmin,1.09,0.8059
Maxmin,1.1,0.8063
Maxmin,1.11,0.8063
Maxmin,1.12,0.8063
Maxmin,1.13,0.8066
Maxmin,1.15,0.8066
Maxmin,1.19,0.8066
Maxmin,1.22,0.8066
Maxmin,1.24,0.8066
Maxmin,1.28,0.8066
Maxmin,1.29,0.8066
Maxmin,1.31,0.8072
Maxmin,1.32,0.8072
Maxmin,1.33,0.8075
Maxmin,1.34,0.8075
Maxmin,1.35,0.8078
Maxmin,1.37,0.8078
Maxmin,1.4,0.8081
Maxmin,1.41,0.8081
Maxmin,1.43,0.8084
Maxmin,1.44,0.8075
Maxmin,1.46,0.8075
Maxmin,1.47,0.8075
Maxmin,1.48,0.8072
Maxmin,1.49,0.8069
Maxmin,1.5,0.8063
Maxmin,1.51,0.8056
Maxmin,1.52,0.8056
Maxmin,1.53,0.8059
Maxmin,1.54,0.8056
Maxmin,1.55,0.8056
Maxmin,1.56,0.8066
Maxmin,1.57,0.8069
Maxmin,1.58,0.8069
Maxmin,1.59,0.8066
Maxmin,1.6,0.805
Maxmin,1.61,0.8041
Maxmin,1.62,0.8037
Maxmin,1.63,0.8037
Maxmin,1.64,0.8028
Maxmin,1.65,0.8037
Maxmin,1.66,0.8047
Maxmin,1.67,0.8047
Maxmin,1.68,0.8056
Maxmin,1.69,0.805
Maxmin,1.7,0.8047
Maxmin,1.71,0.8053
Maxmin,1.72,0.8047
Maxmin,1.73,0.8053
Maxmin,1.74,0.805
Maxmin,1.75,0.805
Maxmin,1.76,0.8044
Maxmin,1.79,0.8044
Maxmin,1.8,0.8041
Maxmin,1.81,0.8053
Maxmin,1.82,0.805
Maxmin,1.83,0.8037
Maxmin,1.84,0.8053
Maxmin,1.85,0.8047
Maxmin,1.86,0.8059
Maxmin,1.87,0.8056
Maxmin,1.88,0.8059
Maxmin,1.89,0.8053
Maxmin,1.9,0.8044
Maxmin,1.91,0.8044
Maxmin,1.92,0.8034
Maxmin,1.93,0.8031
Maxmin,1.94,0.8028
Maxmin,1.95,0.8028
Maxmin,1.96,0.8025
Maxmin,1.97,0.8028
Maxmin,1.98,0.8022
Maxmin,1.99,0.8025
Maxmin,2.0,0.8028
Maxmin,2.01,0.8037
Maxmin,2.02,0.8034
Maxmin,2.03,0.8034
Maxmin,2.04,0.8031
Maxmin,2.05,0.8034
Maxmin,2.06,0.8031
Maxmin,2.08,0.8028
Maxmin,2.09,0.8028
Maxmin,2.1,0.8031
Maxmin,2.11,0.8031
Maxmin,2.12,0.8028
Maxmin,2.13,0.8019
Maxmin,2.15,0.8019
Maxmin,2.17,0.8013
Maxmin,2.18,0.8013
Maxmin,2.19,0.8013
Maxmin,2.2,0.8013
Maxmin,2.21,0.8013
Maxmin,2.22,0.8009
Maxmin,2.23,0.7997
Maxmin,2.24,0.7997
Maxmin,2.25,0.8003
Maxmin,2.26,0.8006
Maxmin,2.27,0.8006
Maxmin,2.28,0.8006
Maxmin,2.29,0.7991
Maxmin,2.31,0.7997
Maxmin,2.32,0.7991
Maxmin,2.33,0.7963
Maxmin,2.34,0.7941
Maxmin,2.35,0.7959
Maxmin,2.36,0.7963
Maxmin,2.37,0.7947
Maxmin,2.38,0.7922
Maxmin,2.39,0.7919
Maxmin,2.4,0.7922
Maxmin,2.41,0.7922
Maxmin,2.42,0.7922
Maxmin,2.43,0.7919
Maxmin,2.44,0.7903
Maxmin,2.45,0.79
Maxmin,2.46,0.7903
Maxmin,2.47,0.7906
Maxmin,2.48,0.7897
Maxmin,2.49,0.7894
Maxmin,2.5,0.7884
Maxmin,2.51,0.7881
Maxmin,2.52,0.7875
Maxmin,2.53,0.7875
Maxmin,2.54,0.7863
Maxmin,2.55,0.7853
Maxmin,2.56,0.785
Maxmin,2.57,0.7841
Maxmin,2.58,0.7853
Maxmin,2.59,0.7856
Maxmin,2.6,0.7841
Maxmin,2.61,0.7841
Maxmin,2.62,0.7834
Maxmin,2.63,0.7837
Maxmin,2.64,0.7828
Maxmin,2.65,0.7825
Maxmin,2.66,0.7809
Maxmin,2.67,0.7803
Maxmin,2.68,0.7791
Maxmin,2.69,0.7791
Maxmin,2.7,0.7775
Maxmin,2.71,0.7759
Maxmin,2.72,0.7753
Maxmin,2.73,0.7741
Maxmin,2.74,0.7731
Maxmin,2.76,0.7725
Maxmin,2.77,0.7716
Maxmin,2.78,0.7725
Maxmin,2.79,0.7703
Maxmin,2.8,0.7688
Maxmin,2.81,0.7684
Maxmin,2.82,0.7669
Maxmin,2.83,0.7672
Maxmin,2.84,0.7672
Maxmin,2.85,0.7659
Maxmin,2.86,0.7653
Maxmin,2.87,0.7631
Maxmin,2.88,0.7628
Maxmin,2.89,0.7619
Maxmin,2.9,0.7609
Maxmin,2.91,0.7609
Maxmin,2.92,0.7609
Maxmin,2.93,0.7603
Maxmin,2.94,0.7609
Maxmin,2.95,0.7609
Maxmin,2.96,0.7597
Maxmin,2.97,0.7588
Maxmin,2.98,0.7594
Maxmin,2.99,0.7594
Maxmin,3.0,0.7588
Maxmin,3.02,0.7588
Maxmin,3.03,0.7575
Maxmin,3.05,0.7575
Maxmin,3.07,0.7575
Maxmin,3.08,0.7569
Maxmin,3.09,0.7534
Maxmin,3.1,0.7534
Maxmin,3.11,0.7525
Maxmin,3.12,0.7506
Maxmin,3.13,0.7488
Maxmin,3.15,0.7488
Maxmin,3.16,0.7488
Maxmin,3.17,0.7475
Maxmin,3.18,0.7475
Maxmin,3.2,0.7462
Maxmin,3.21,0.7462
Maxmin,3.22,0.7462
Maxmin,3.23,0.7459
Maxmin,3.24,0.7444
Maxmin,3.25,0.7431
Maxmin,3.26,0.7428
Maxmin,3.27,0.7431
Maxmin,3.29,0.7431
Maxmin,3.3,0.7409
Maxmin,3.31,0.7409
Maxmin,3.32,0.7406
Maxmin,3.33,0.7381
Maxmin,3.34,0.7378
Maxmin,3.35,0.7378
Maxmin,3.36,0.7378
Maxmin,3.37,0.7359
Maxmin,3.38,0.735
Maxmin,3.39,0.7353
Maxmin,3.4,0.7344
Maxmin,3.41,0.7344
Maxmin,3.42,0.7344
Maxmin,3.44,0.7316
Maxmin,3.45,0.7309
Maxmin,3.46,0.7303
Maxmin,3.47,0.7306
Maxmin,3.48,0.73
Maxmin,3.49,0.7303
Maxmin,3.5,0.7303
Maxmin,3.51,0.7278
Maxmin,3.52,0.7275
Maxmin,3.53,0.7259
Maxmin,3.54,0.7291
Maxmin,3.55,0.7275
Maxmin,3.57,0.7272
Maxmin,3.58,0.7259
Maxmin,3.59,0.7262
Maxmin,3.6,0.725
Maxmin,3.61,0.7234
Maxmin,3.63,0.7228
Maxmin,3.64,0.7178
Maxmin,3.65,0.7178
Maxmin,3.66,0.7163
Maxmin,3.67,0.7153
Maxmin,3.68,0.7141
Maxmin,3.69,0.7128
Maxmin,3.7,0.7125
Maxmin,3.72,0.7125
Maxmin,3.73,0.7125
Maxmin,3.74,0.7106
Maxmin,3.78,0.7069
Maxmin,3.81,0.7069
Maxmin,3.82,0.7025
Maxmin,3.83,0.7016
Maxmin,3.84,0.7025
Maxmin,3.85,0.7019
Maxmin,3.87,0.7016
Maxmin,3.88,0.7016
Maxmin,3.91,0.7034
Maxmin,3.93,0.7019
Maxmin,3.95,0.7019
Maxmin,3.96,0.7006
Maxmin,3.97,0.7019
Maxmin,3.99,0.7006
Maxmin,4.0,0.7016
Maxmin,4.04,0.7009
Maxmin,4.05,0.7009
Maxmin,4.06,0.7009
Maxmin,4.07,0.6972
Maxmin,4.08,0.695
Maxmin,4.09,0.695
Maxmin,4.1,0.6934
Maxmin,4.11,0.6934
Maxmin,4.16,0.6934
Maxmin,4.17,0.6913
Maxmin,4.18,0.69
Maxmin,4.19,0.6875
Maxmin,4.2,0.6859
Maxmin,4.22,0.6872
Maxmin,4.23,0.6859
Maxmin,4.25,0.6859
Maxmin,4.27,0.6859
Maxmin,4.28,0.6834
Maxmin,4.29,0.6834
Maxmin,4.31,0.6825
Maxmin,4.32,0.6813
Maxmin,4.33,0.68
Maxmin,4.34,0.6781
Maxmin,4.36,0.6769
Maxmin,4.37,0.6756
Maxmin,4.39,0.6766
Maxmin,4.4,0.6766
Maxmin,4.42,0.6731
Maxmin,4.43,0.6731
Maxmin,4.45,0.6731
Maxmin,4.46,0.6731
Maxmin,4.47,0.6719
Maxmin,4.48,0.6719
Maxmin,4.49,0.6706
Maxmin,4.5,0.6684
Maxmin,4.54,0.6672
Maxmin,4.55,0.6663
Maxmin,4.58,0.665
Maxmin,4.6,0.6637
Maxmin,4.65,0.6637
Maxmin,4.68,0.6619
Maxmin,4.7,0.6609
Maxmin,4.75,0.6609
Maxmin,4.76,0.6609
Maxmin,4.81,0.66
Maxmin,4.82,0.66
Greedy-DPP,0.99,0.8016
Greedy-DPP,1.0,0.8016
Greedy-DPP,1.02,0.8037
Greedy-DPP,1.03,0.805
Greedy-DPP,1.04,0.8066
Greedy-DPP,1.05,0.8072
Greedy-DPP,1.06,0.8078
Greedy-DPP,1.07,0.8087
Greedy-DPP,1.08,0.8097
Greedy-DPP,1.09,0.81
Greedy-DPP,1.1,0.8103
Greedy-DPP,1.11,0.8106
Greedy-DPP,1.12,0.8106
Greedy-DPP,1.13,0.8106
Greedy-DPP,1.15,0.8109
Greedy-DPP,1.19,0.8113
Greedy-DPP,1.22,0.8113
Greedy-DPP,1.24,0.8113
Greedy-DPP,1.28,0.8116
Greedy-DPP,1.29,0.8116
Greedy-DPP,1.31,0.8119
Greedy-DPP,1.32,0.8119
Greedy-DPP,1.33,0.8125
Greedy-DPP,1.34,0.8125
Greedy-DPP,1.35,0.8128
Greedy-DPP,1.37,0.8128
Greedy-DPP,1.4,0.8134
Greedy-DPP,1.41,0.8137
Greedy-DPP,1.43,0.8144
Greedy-DPP,1.44,0.8137
Greedy-DPP,1.46,0.8137
Greedy-DPP,1.47,0.8141
Greedy-DPP,1.48,0.8141
Greedy-DPP,1.49,0.8147
Greedy-DPP,1.5,0.8147
Greedy-DPP,1.51,0.8147
Greedy-DPP,1.52,0.8147
Greedy-DPP,1.53,0.8153
Greedy-DPP,1.54,0.8159
Greedy-DPP,1.55,0.8159
Greedy-DPP,1.56,0.8169
Greedy-DPP,1.57,0.8172
Greedy-DPP,1.58,0.8172
Greedy-DPP,1.59,0.8172
Greedy-DPP,1.6,0.8172
Greedy-DPP,1.61,0.8194
Greedy-DPP,1.62,0.8197
Greedy-DPP,1.63,0.82
Greedy-DPP,1.64,0.8213
Greedy-DPP,1.65,0.8225
Greedy-DPP,1.66,0.8237
Greedy-DPP,1.67,0.8244
Greedy-DPP,1.68,0.8253
Greedy-DPP,1.69,0.8256
Greedy-DPP,1.7,0.8259
Greedy-DPP,1.71,0.8269
Greedy-DPP,1.72,0.8275
Greedy-DPP,1.73,0.8281
Greedy-DPP,1.74,0.8281
Greedy-DPP,1.75,0.8291
Greedy-DPP,1.76,0.8291
Greedy-DPP,1.79,0.8291
Greedy-DPP,1.8,0.8291
Greedy-DPP,1.81,0.8309
Greedy-DPP,1.82,0.8309
Greedy-DPP,1.83,0.8306
Greedy-DPP,1.84,0.8328
Greedy-DPP,1.85,0.8328
Greedy-DPP,1.86,0.8337
Greedy-DPP,1.87,0.8337
Greedy-DPP,1.88,0.8341
Greedy-DPP,1.89,0.8337
Greedy-DPP,1.9,0.835
Greedy-DPP,1.91,0.835
Greedy-DPP,1.92,0.835
Greedy-DPP,1.93,0.8353
Greedy-DPP,1.94,0.8353
Greedy-DPP,1.95,0.8353
Greedy-DPP,1.96,0.8356
Greedy-DPP,1.97,0.8363
Greedy-DPP,1.98,0.8366
Greedy-DPP,1.99,0.8372
Greedy-DPP,2.0,0.8375
Greedy-DPP,2.01,0.8381
Greedy-DPP,2.02,0.8381
Greedy-DPP,2.03,0.8381
Greedy-DPP,2.04,0.8378
Greedy-DPP,2.05,0.8375
Greedy-DPP,2.06,0.8375
Greedy-DPP,2.08,0.8375
Greedy-DPP,2.09,0.8378
Greedy-DPP,2.1,0.8384
Greedy-DPP,2.11,0.8387
Greedy-DPP,2.12,0.8397
Greedy-DPP,2.13,0.8397
Greedy-DPP,2.15,0.8397
Greedy-DPP,2.17,0.8403
Greedy-DPP,2.18,0.8403
Greedy-DPP,2.19,0.8406
Greedy-DPP,2.2,0.8409
Greedy-DPP,2.21,0.8406
Greedy-DPP,2.22,0.8406
Greedy-DPP,2.23,0.8403
Greedy-DPP,2.24,0.8406
Greedy-DPP,2.25,0.8416
Greedy-DPP,2.26,0.8419
Greedy-DPP,2.27,0.8419
Greedy-DPP,2.28,0.8422
Greedy-DPP,2.29,0.8422
Greedy-DPP,2.31,0.8434
Greedy-DPP,2.32,0.8428
Greedy-DPP,2.33,0.8413
Greedy-DPP,2.34,0.8375
Greedy-DPP,2.35,0.8387
Greedy-DPP,2.36,0.8391
Greedy-DPP,2.37,0.8391
Greedy-DPP,2.38,0.8394
Greedy-DPP,2.39,0.8394
Greedy-DPP,2.4,0.8397
Greedy-DPP,2.41,0.8397
Greedy-DPP,2.42,0.84
Greedy-DPP,2.43,0.84
Greedy-DPP,2.44,0.8381
Greedy-DPP,2.45,0.8381
Greedy-DPP,2.46,0.8381
Greedy-DPP,2.47,0.8381
Greedy-DPP,2.48,0.8381
Greedy-DPP,2.49,0.8387
Greedy-DPP,2.5,0.84
Greedy-DPP,2.51,0.84
Greedy-DPP,2.52,0.84
Greedy-DPP,2.53,0.84
Greedy-DPP,2.54,0.84
Greedy-DPP,2.55,0.8403
Greedy-DPP,2.56,0.8406
Greedy-DPP,2.57,0.8409
Greedy-DPP,2.58,0.8428
Greedy-DPP,2.59,0.8422
Greedy-DPP,2.6,0.8428
Greedy-DPP,2.61,0.8428
Greedy-DPP,2.62,0.8428
Greedy-DPP,2.63,0.8431
Greedy-DPP,2.64,0.8431
Greedy-DPP,2.65,0.8428
Greedy-DPP,2.66,0.8422
Greedy-DPP,2.67,0.8422
Greedy-DPP,2.68,0.8419
Greedy-DPP,2.69,0.8419
Greedy-DPP,2.7,0.8425
Greedy-DPP,2.71,0.8413
Greedy-DPP,2.72,0.8413
Greedy-DPP,2.73,0.8406
Greedy-DPP,2.74,0.8406
Greedy-DPP,2.76,0.8406
Greedy-DPP,2.77,0.8406
Greedy-DPP,2.78,0.8409
Greedy-DPP,2.79,0.8409
Greedy-DPP,2.8,0.8409
Greedy-DPP,2.81,0.8409
Greedy-DPP,2.82,0.8403
Greedy-DPP,2.83,0.8403
Greedy-DPP,2.84,0.8403
Greedy-DPP,2.85,0.8394
Greedy-DPP,2.86,0.8394
Greedy-DPP,2.87,0.8375
Greedy-DPP,2.88,0.8366
Greedy-DPP,2.89,0.8372
Greedy-DPP,2.9,0.8363
Greedy-DPP,2.91,0.8369
Greedy-DPP,2.92,0.8369
Greedy-DPP,2.93,0.8372
Greedy-DPP,2.94,0.8372
Greedy-DPP,2.95,0.8372
Greedy-DPP,2.96,0.8372
Greedy-DPP,2.97,0.8378
Greedy-DPP,2.98,0.8378
Greedy-DPP,2.99,0.8363
Greedy-DPP,3.0,0.8363
Greedy-DPP,3.02,0.8363
Greedy-DPP,3.03,0.8366
Greedy-DPP,3.05,0.8366
Greedy-DPP,3.07,0.8366
Greedy-DPP,3.08,0.8353
Greedy-DPP,3.09,0.8353
Greedy-DPP,3.1,0.8353
Greedy-DPP,3.11,0.8353
Greedy-DPP,3.12,0.8353
Greedy-DPP,3.13,0.8353
Greedy-DPP,3.15,0.8353
Greedy-DPP,3.16,0.8363
Greedy-DPP,3.17,0.8363
Greedy-DPP,3.18,0.8363
Greedy-DPP,3.2,0.8353
Greedy-DPP,3.21,0.8353
Greedy-DPP,3.22,0.8353
Greedy-DPP,3.23,0.8353
Greedy-DPP,3.24,0.8353
Greedy-DPP,3.25,0.8353
Greedy-DPP,3.26,0.8353
Greedy-DPP,3.27,0.8353
Greedy-DPP,3.29,0.8353
Greedy-DPP,3.3,0.8353
Greedy-DPP,3.31,0.8353
Greedy-DPP,3.32,0.8353
Greedy-DPP,3.33,0.8341
Greedy-DPP,3.34,0.8341
Greedy-DPP,3.35,0.8331
Greedy-DPP,3.36,0.8331
Greedy-DPP,3.37,0.8316
Greedy-DPP,3.38,0.8328
Greedy-DPP,3.39,0.8328
Greedy-DPP,3.4,0.8328
Greedy-DPP,3.41,0.8316
Greedy-DPP,3.42,0.8316
Greedy-DPP,3.44,0.8303
Greedy-DPP,3.45,0.8309
Greedy-DPP,3.46,0.8309
Greedy-DPP,3.47,0.8309
Greedy-DPP,3.48,0.8309
Greedy-DPP,3.49,0.8309
Greedy-DPP,3.5,0.8309
Greedy-DPP,3.51,0.8309
Greedy-DPP,3.52,0.8309
Greedy-DPP,3.53,0.8309
Greedy-DPP,3.54,0.8319
Greedy-DPP,3.55,0.8319
Greedy-DPP,3.57,0.8319
Greedy-DPP,3.58,0.8319
Greedy-DPP,3.59,0.8328
Greedy-DPP,3.6,0.8328
Greedy-DPP,3.61,0.8328
Greedy-DPP,3.63,0.8328
Greedy-DPP,3.64,0.8309
Greedy-DPP,3.65,0.8294
Greedy-DPP,3.66,0.8294
Greedy-DPP,3.67,0.8294
Greedy-DPP,3.68,0.8281
Greedy-DPP,3.69,0.8281
Greedy-DPP,3.7,0.8281
Greedy-DPP,3.72,0.8291
Greedy-DPP,3.73,0.8291
Greedy-DPP,3.74,0.8291
Greedy-DPP,3.78,0.8291
Greedy-DPP,3.81,0.8291
Greedy-DPP,3.82,0.8291
Greedy-DPP,3.83,0.8291
Greedy-DPP,3.84,0.83
Greedy-DPP,3.85,0.8319
Greedy-DPP,3.87,0.8319
Greedy-DPP,3.88,0.8319
Greedy-DPP,3.91,0.8319
Greedy-DPP,3.93,0.8319
Greedy-DPP,3.95,0.8319
Greedy-DPP,3.96,0.8319
Greedy-DPP,3.97,0.8319
Greedy-DPP,3.99,0.8319
Greedy-DPP,4.0,0.8319
Greedy-DPP,4.04,0.8306
Greedy-DPP,4.05,0.8306
Greedy-DPP,4.06,0.8306
Greedy-DPP,4.07,0.8294
Greedy-DPP,4.08,0.8294
Greedy-DPP,4.09,0.8294
Greedy-DPP,4.1,0.8294
Greedy-DPP,4.11,0.8294
Greedy-DPP,4.16,0.8294
Greedy-DPP,4.17,0.8294
Greedy-DPP,4.18,0.8294
Greedy-DPP,4.19,0.8294
Greedy-DPP,4.2,0.8294
Greedy-DPP,4.22,0.8294
Greedy-DPP,4.23,0.8294
Greedy-DPP,4.25,0.8294
Greedy-DPP,4.27,0.8294
Greedy-DPP,4.28,0.8287
Greedy-DPP,4.29,0.8287
Greedy-DPP,4.31,0.8287
Greedy-DPP,4.32,0.8287
Greedy-DPP,4.33,0.8287
Greedy-DPP,4.34,0.8287
Greedy-DPP,4.36,0.8287
Greedy-DPP,4.37,0.8287
Greedy-DPP,4.39,0.8287
Greedy-DPP,4.4,0.8287
Greedy-DPP,4.42,0.8287
Greedy-DPP,4.43,0.8287
Greedy-DPP,4.45,0.8287
Greedy-DPP,4.46,0.8287
Greedy-DPP,4.47,0.8287
Greedy-DPP,4.48,0.8287
Greedy-DPP,4.49,0.8287
Greedy-DPP,4.5,0.8287
Greedy-DPP,4.54,0.8287
Greedy-DPP,4.55,0.8287
Greedy-DPP,4.58,0.8287
Greedy-DPP,4.6,0.8287
Greedy-DPP,4.65,0.8287
Greedy-DPP,4.68,0.8287
Greedy-DPP,4.7,0.8287
Greedy-DPP,4.75,0.8287
Greedy-DPP,4.76,0.8287
Greedy-DPP,4.81,0.8287
Greedy-DPP,4.82,0.8287
RNG(-0.3),0.99,0.8016
RNG(-0.3),1.0,0.8016
RNG(-0.3),1.02,0.8016
RNG(-0.3),1.03,0.8019
RNG(-0.3),1.04,0.8022
RNG(-0.3),1.05,0.8028
RNG(-0.3),1.06,0.8034
RNG(-0.3),1.07,0.8037
RNG(-0.3),1.08,0.8047
RNG(-0.3),1.09,0.805
RNG(-0.3),1.1,0.8053
RNG(-0.3),1.11,0.8053
RNG(-0.3),1.12,0.8053
RNG(-0.3),1.13,0.8053
RNG(-0.3),1.15,0.8056
RNG(-0.3),1.19,0.8059
RNG(-0.3),1.22,0.8059
RNG(-0.3),1.24,0.8059
RNG(-0.3),1.28,0.8059
RNG(-0.3),1.29,0.8059
RNG(-0.3),1.31,0.8059
RNG(-0.3),1.32,0.8059
RNG(-0.3),1.33,0.8059
RNG(-0.3),1.34,0.8063
RNG(-0.3),1.35,0.8063
RNG(-0.3),1.37,0.8063
RNG(-0.3),1.4,0.8066
RNG(-0.3),1.41,0.8066
RNG(-0.3),1.43,0.8069
RNG(-0.3),1.44,0.8066
RNG(-0.3),1.46,0.8066
RNG(-0.3),1.47,0.8066
RNG(-0.3),1.48,0.8066
RNG(-0.3),1.49,0.8066
RNG(-0.3),1.5,0.8066
RNG(-0.3),1.51,0.8066
RNG(-0.3),1.52,0.8066
RNG(-0.3),1.53,0.8066
RNG(-0.3),1.54,0.8069
RNG(-0.3),1.55,0.8069
RNG(-0.3),1.56,0.8069
RNG(-0.3),1.57,0.8069
RNG(-0.3),1.58,0.8069
RNG(-0.3),1.59,0.8069
RNG(-0.3),1.6,0.8072
RNG(-0.3),1.61,0.8078
RNG(-0.3),1.62,0.8078
RNG(-0.3),1.63,0.8078
RNG(-0.3),1.64,0.8078
RNG(-0.3),1.65,0.8081
RNG(-0.3),1.66,0.8084
RNG(-0.3),1.67,0.8087
RNG(-0.3),1.68,0.8094
RNG(-0.3),1.69,0.8097
RNG(-0.3),1.7,0.81
RNG(-0.3),1.71,0.8109
RNG(-0.3),1.72,0.8116
RNG(-0.3),1.73,0.8116
RNG(-0.3),1.74,0.8116
RNG(-0.3),1.75,0.8122
RNG(-0.3),1.76,0.8122
RNG(-0.3),1.79,0.8122
RNG(-0.3),1.8,0.8122
RNG(-0.3),1.81,0.8125
RNG(-0.3),1.82,0.8125
RNG(-0.3),1.83,0.8125
RNG(-0.3),1.84,0.8125
RNG(-0.3),1.85,0.8125
RNG(-0.3),1.86,0.8128
RNG(-0.3),1.87,0.8128
RNG(-0.3),1.88,0.8128
RNG(-0.3),1.89,0.8128
RNG(-0.3),1.9,0.8144
RNG(-0.3),1.91,0.8144
RNG(-0.3),1.92,0.8144
RNG(-0.3),1.93,0.8147
RNG(-0.3),1.94,0.8147
RNG(-0.3),1.95,0.8147
RNG(-0.3),1.96,0.8147
RNG(-0.3),1.97,0.8147
RNG(-0.3),1.98,0.8153
RNG(-0.3),1.99,0.8153
RNG(-0.3),2.0,0.8153
RNG(-0.3),2.01,0.8153
RNG(-0.3),2.02,0.8153
RNG(-0.3),2.03,0.8153
RNG(-0.3),2.04,0.8153
RNG(-0.3),2.05,0.8153
RNG(-0.3),2.06,0.8153
RNG(-0.3),2.08,0.8153
RNG(-0.3),2.09,0.8156
RNG(-0.3),2.1,0.8156
RNG(-0.3),2.11,0.8156
RNG(-0.3),2.12,0.8159
RNG(-0.3),2.13,0.8159
RNG(-0.3),2.15,0.8159
RNG(-0.3),2.17,0.8163
RNG(-0.3),2.18,0.8163
RNG(-0.3),2.19,0.8163
RNG(-0.3),2.2,0.8166
RNG(-0.3),2.21,0.8166
RNG(-0.3),2.22,0.8166
RNG(-0.3),2.23,0.8166
RNG(-0.3),2.24,0.8166
RNG(-0.3),2.25,0.8166
RNG(-0.3),2.26,0.8169
RNG(-0.3),2.27,0.8169
RNG(-0.3),2.28,0.8169
RNG(-0.3),2.29,0.8169
RNG(-0.3),2.31,0.8169
RNG(-0.3),2.32,0.8169
RNG(-0.3),2.33,0.8169
RNG(-0.3),2.34,0.8169
RNG(-0.3),2.35,0.8172
RNG(-0.3),2.36,0.8175
RNG(-0.3),2.37,0.8175
RNG(-0.3),2.38,0.8175
RNG(-0.3),2.39,0.8175
RNG(-0.3),2.4,0.8178
RNG(-0.3),2.41,0.8178
RNG(-0.3),2.42,0.8184
RNG(-0.3),2.43,0.8184
RNG(-0.3),2.44,0.8184
RNG(-0.3),2.45,0.8184
RNG(-0.3),2.46,0.8184
RNG(-0.3),2.47,0.8184
RNG(-0.3),2.48,0.8184
RNG(-0.3),2.49,0.8184
RNG(-0.3),2.5,0.8184
RNG(-0.3),2.51,0.8184
RNG(-0.3),2.52,0.8184
RNG(-0.3),2.53,0.8184
RNG(-0.3),2.54,0.8184
RNG(-0.3),2.55,0.8187
RNG(-0.3),2.56,0.8187
RNG(-0.3),2.57,0.8187
RNG(-0.3),2.58,0.8191
RNG(-0.3),2.59,0.8191
RNG(-0.3),2.6,0.8191
RNG(-0.3),2.61,0.8191
RNG(-0.3),2.62,0.8191
RNG(-0.3),2.63,0.8191
RNG(-0.3),2.64,0.8191
RNG(-0.3),2.65,0.8191
RNG(-0.3),2.66,0.8191
RNG(-0.3),2.67,0.8191
RNG(-0.3),2.68,0.8191
RNG(-0.3),2.69,0.8194
RNG(-0.3),2.7,0.8194
RNG(-0.3),2.71,0.8194
RNG(-0.3),2.72,0.8194
RNG(-0.3),2.73,0.8194
RNG(-0.3),2.74,0.8194
RNG(-0.3),2.76,0.8194
RNG(-0.3),2.77,0.8194
RNG(-0.3),2.78,0.8194
RNG(-0.3),2.79,0.8194
RNG(-0.3),2.8,0.8194
RNG(-0.3),2.81,0.8194
RNG(-0.3),2.82,0.8194
RNG(-0.3),2.83,0.8194
RNG(-0.3),2.84,0.8194
RNG(-0.3),2.85,0.8197
RNG(-0.3),2.86,0.8197
RNG(-0.3),2.87,0.8197
RNG(-0.3),2.88,0.8197
RNG(-0.3),2.89,0.8203
RNG(-0.3),2.9,0.8203
RNG(-0.3),2.91,0.8203
RNG(-0.3),2.92,0.8203
RNG(-0.3),2.93,0.8206
RNG(-0.3),2.94,0.8206
RNG(-0.3),2.95,0.8206
RNG(-0.3),2.96,0.8206
RNG(-0.3),2.97,0.8206
RNG(-0.3),2.98,0.8206
RNG(-0.3),2.99,0.8191
RNG(-0.3),3.0,0.8191
RNG(-0.3),3.02,0.8191
RNG(-0.3),3.03,0.8191
RNG(-0.3),3.05,0.8191
RNG(-0.3),3.07,0.8191
RNG(-0.3),3.08,0.8191
RNG(-0.3),3.09,0.8191
RNG(-0.3),3.1,0.8191
RNG(-0.3),3.11,0.8191
RNG(-0.3),3.12,0.8191
RNG(-0.3),3.13,0.8191
RNG(-0.3),3.15,0.8191
RNG(-0.3),3.16,0.8191
RNG(-0.3),3.17,0.8191
RNG(-0.3),3.18,0.8191
RNG(-0.3),3.2,0.8191
RNG(-0.3),3.21,0.8191
RNG(-0.3),3.22,0.8191
RNG(-0.3),3.23,0.8191
RNG(-0.3),3.24,0.8191
RNG(-0.3),3.25,0.8191
RNG(-0.3),3.26,0.8191
RNG(-0.3),3.27,0.8191
RNG(-0.3),3.29,0.8191
RNG(-0.3),3.3,0.8191
RNG(-0.3),3.31,0.8191
RNG(-0.3),3.32,0.8191
RNG(-0.3),3.33,0.8191
RNG(-0.3),3.34,0.8191
RNG(-0.3),3.35,0.8191
RNG(-0.3),3.36,0.8191
RNG(-0.3),3.37,0.8191
RNG(-0.3),3.38,0.8191
RNG(-0.3),3.39,0.8191
RNG(-0.3),3.4,0.8191
RNG(-0.3),3.41,0.8191
RNG(-0.3),3.42,0.8191
RNG(-0.3),3.44,0.8191
RNG(-0.3),3.45,0.8191
RNG(-0.3),3.46,0.8191
RNG(-0.3),3.47,0.8191
RNG(-0.3),3.48,0.8191
RNG(-0.3),3.49,0.8191
RNG(-0.3),3.5,0.8191
RNG(-0.3),3.51,0.8191
RNG(-0.3),3.52,0.8191
RNG(-0.3),3.53,0.8191
RNG(-0.3),3.54,0.8194
RNG(-0.3),3.55,0.8194
RNG(-0.3),3.57,0.8194
RNG(-0.3),3.58,0.8194
RNG(-0.3),3.59,0.8194
RNG(-0.3),3.6,0.8194
RNG(-0.3),3.61,0.8194
RNG(-0.3),3.63,0.8194
RNG(-0.3),3.64,0.8194
RNG(-0.3),3.65,0.8194
RNG(-0.3),3.66,0.8194
RNG(-0.3),3.67,0.8194
RNG(-0.3),3.68,0.8194
RNG(-0.3),3.69,0.8194
RNG(-0.3),3.7,0.8194
RNG(-0.3),3.72,0.8194
RNG(-0.3),3.73,0.8194
RNG(-0.3),3.74,0.8194
RNG(-0.3),3.78,0.8194
RNG(-0.3),3.81,0.8194
RNG(-0.3),3.82,0.8194
RNG(-0.3),3.83,0.8194
RNG(-0.3),3.84,0.8194
RNG(-0.3),3.85,0.8194
RNG(-0.3),3.87,0.8194
RNG(-0.3),3.88,0.8194
RNG(-0.3),3.91,0.8194
RNG(-0.3),3.93,0.8194
RNG(-0.3),3.95,0.8194
RNG(-0.3),3.96,0.8194
RNG(-0.3),3.97,0.8194
RNG(-0.3),3.99,0.8194
RNG(-0.3),4.0,0.8194
RNG(-0.3),4.04,0.8181
RNG(-0.3),4.05,0.8181
RNG(-0.3),4.06,0.8181
RNG(-0.3),4.07,0.8181
RNG(-0.3),4.08,0.8181
RNG(-0.3),4.09,0.8181
RNG(-0.3),4.1,0.8181
RNG(-0.3),4.11,0.8181
RNG(-0.3),4.16,0.8181
RNG(-0.3),4.17,0.8181
RNG(-0.3),4.18,0.8181
RNG(-0.3),4.19,0.8181
RNG(-0.3),4.2,0.8181
RNG(-0.3),4.22,0.8181
RNG(-0.3),4.23,0.8181
RNG(-0.3),4.25,0.8181
RNG(-0.3),4.27,0.8181
RNG(-0.3),4.28,0.8181
RNG(-0.3),4.29,0.8181
RNG(-0.3),4.31,0.8181
RNG(-0.3),4.32,0.8181
RNG(-0.3),4.33,0.8181
RNG(-0.3),4.34,0.8181
RNG(-0.3),4.36,0.8181
RNG(-0.3),4.37,0.8181
RNG(-0.3),4.39,0.8181
RNG(-0.3),4.4,0.8181
RNG(-0.3),4.42,0.8181
RNG(-0.3),4.43,0.8181
RNG(-0.3),4.45,0.8181
RNG(-0.3),4.46,0.8181
RNG(-0.3),4.47,0.8181
RNG(-0.3),4.48,0.8181
RNG(-0.3),4.49,0.8181
RNG(-0.3),4.5,0.8181
RNG(-0.3),4.54,0.8181
RNG(-0.3),4.55,0.8181
RNG(-0.3),4.58,0.8181
RNG(-0.3),4.6,0.8181
RNG(-0.3),4.65,0.8181
RNG(-0.3),4.68,0.8181
RNG(-0.3),4.7,0.8181
RNG(-0.3),4.75,0.8181
RNG(-0.3),4.76,0.8181
RNG(-0.3),4.81,0.8181
RNG(-0.3),4.82,0.8181
Seg(-0.3),0.99,0.8016
Seg(-0.3),1.0,0.8016
Seg(-0.3),1.02,0.8016
Seg(-0.3),1.03,0.8019
Seg(-0.3),1.04,0.8022
Seg(-0.3),1.05,0.8028
Seg(-0.3),1.06,0.8034
Seg(-0.3),1.07,0.8037
Seg(-0.3),1.08,0.8047
Seg(-0.3),1.09,0.805
Seg(-0.3),1.1,0.8053
Seg(-0.3),1.11,0.8053
Seg(-0.3),1.12,0.8053
Seg(-0.3),1.13,0.8053
Seg(-0.3),1.15,0.8056
Seg(-0.3),1.19,0.8059
Seg(-0.3),1.22,0.8059
Seg(-0.3),1.24,0.8059
Seg(-0.3),1.28,0.8059
Seg(-0.3),1.29,0.8059
Seg(-0.3),1.31,0.8059
Seg(-0.3),1.32,0.8059
Seg(-0.3),1.33,0.8059
Seg(-0.3),1.34,0.8063
Seg(-0.3),1.35,0.8063
Seg(-0.3),1.37,0.8063
Seg(-0.3),1.4,0.8066
Seg(-0.3),1.41,0.8066
Seg(-0.3),1.43,0.8069
Seg(-0.3),1.44,0.8066
Seg(-0.3),1.46,0.8066
Seg(-0.3),1.47,0.8066
Seg(-0.3),1.48,0.8066
Seg(-0.3),1.49,0.8066
Seg(-0.3),1.5,0.8066
Seg(-0.3),1.51,0.8066
Seg(-0.3),1.52,0.8066
Seg(-0.3),1.53,0.8066
Seg(-0.3),1.54,0.8069
Seg(-0.3),1.55,0.8069
Seg(-0.3),1.56,0.8069
Seg(-0.3),1.57,0.8069
Seg(-0.3),1.58,0.8069
Seg(-0.3),1.59,0.8069
Seg(-0.3),1.6,0.8072
Seg(-0.3),1.61,0.8078
Seg(-0.3),1.62,0.8078
Seg(-0.3),1.63,0.8078
Seg(-0.3),1.64,0.8078
Seg(-0.3),1.65,0.8084
Seg(-0.3),1.66,0.8087
Seg(-0.3),1.67,0.8091
Seg(-0.3),1.68,0.8097
Seg(-0.3),1.69,0.81
Seg(-0.3),1.7,0.8103
Seg(-0.3),1.71,0.8113
Seg(-0.3),1.72,0.8119
Seg(-0.3),1.73,0.8119
Seg(-0.3),1.74,0.8119
Seg(-0.3),1.75,0.8125
Seg(-0.3),1.76,0.8125
Seg(-0.3),1.79,0.8125
Seg(-0.3),1.8,0.8125
Seg(-0.3),1.81,0.8128
Seg(-0.3),1.82,0.8128
Seg(-0.3),1.83,0.8128
Seg(-0.3),1.84,0.8141
Seg(-0.3),1.85,0.8141
Seg(-0.3),1.86,0.8144
Seg(-0.3),1.87,0.8144
Seg(-0.3),1.88,0.8144
Seg(-0.3),1.89,0.8144
Seg(-0.3),1.9,0.8156
Seg(-0.3),1.91,0.8156
Seg(-0.3),1.92,0.8156
Seg(-0.3),1.93,0.8159
Seg(-0.3),1.94,0.8159
Seg(-0.3),1.95,0.8159
Seg(-0.3),1.96,0.8159
Seg(-0.3),1.97,0.8159
Seg(-0.3),1.98,0.8166
Seg(-0.3),1.99,0.8166
Seg(-0.3),2.0,0.8166
Seg(-0.3),2.01,0.8166
Seg(-0.3),2.02,0.8166
Seg(-0.3),2.03,0.8166
Seg(-0.3),2.04,0.8166
Seg(-0.3),2.05,0.8166
Seg(-0.3),2.06,0.8166
Seg(-0.3),2.08,0.8166
Seg(-0.3),2.09,0.8169
Seg(-0.3),2.1,0.8169
Seg(-0.3),2.11,0.8169
Seg(-0.3),2.12,0.8172
Seg(-0.3),2.13,0.8172
Seg(-0.3),2.15,0.8172
Seg(-0.3),2.17,0.8175
Seg(-0.3),2.18,0.8175
Seg(-0.3),2.19,0.8175
Seg(-0.3),2.2,0.8178
Seg(-0.3),2.21,0.8178
Seg(-0.3),2.22,0.8178
Seg(-0.3),2.23,0.8178
Seg(-0.3),2.24,0.8178
Seg(-0.3),2.25,0.8178
Seg(-0.3),2.26,0.8181
Seg(-0.3),2.27,0.8181
Seg(-0.3),2.28,0.8181
Seg(-0.3),2.29,0.8178
Seg(-0.3),2.31,0.8178
Seg(-0.3),2.32,0.8178
Seg(-0.3),2.33,0.8178
Seg(-0.3),2.34,0.8178
Seg(-0.3),2.35,0.8181
Seg(-0.3),2.36,0.8184
Seg(-0.3),2.37,0.8184
Seg(-0.3),2.38,0.8184
Seg(-0.3),2.39,0.8184
Seg(-0.3),2.4,0.8187
Seg(-0.3),2.41,0.8187
Seg(-0.3),2.42,0.8194
Seg(-0.3),2.43,0.8194
Seg(-0.3),2.44,0.8194
Seg(-0.3),2.45,0.8194
Seg(-0.3),2.46,0.8194
Seg(-0.3),2.47,0.8194
Seg(-0.3),2.48,0.8194
Seg(-0.3),2.49,0.8194
Seg(-0.3),2.5,0.8194
Seg(-0.3),2.51,0.8194
Seg(-0.3),2.52,0.8194
Seg(-0.3),2.53,0.8194
Seg(-0.3),2.54,0.8194
Seg(-0.3),2.55,0.82
Seg(-0.3),2.56,0.82
Seg(-0.3),2.57,0.82
Seg(-0.3),2.58,0.8203
Seg(-0.3),2.59,0.8203
Seg(-0.3),2.6,0.8203
Seg(-0.3),2.61,0.8203
Seg(-0.3),2.62,0.8203
Seg(-0.3),2.63,0.8203
Seg(-0.3),2.64,0.8203
Seg(-0.3),2.65,0.8203
Seg(-0.3),2.66,0.8203
Seg(-0.3),2.67,0.8203
Seg(-0.3),2.68,0.8203
Seg(-0.3),2.69,0.8206
Seg(-0.3),2.7,0.8206
Seg(-0.3),2.71,0.8206
Seg(-0.3),2.72,0.8206
Seg(-0.3),2.73,0.8206
Seg(-0.3),2.74,0.8206
Seg(-0.3),2.76,0.8206
Seg(-0.3),2.77,0.8206
Seg(-0.3),2.78,0.8206
Seg(-0.3),2.79,0.8206
Seg(-0.3),2.8,0.8206
Seg(-0.3),2.81,0.8206
Seg(-0.3),2.82,0.8206
Seg(-0.3),2.83,0.8206
Seg(-0.3),2.84,0.8206
Seg(-0.3),2.85,0.8209
Seg(-0.3),2.86,0.8209
Seg(-0.3),2.87,0.8209
Seg(-0.3),2.88,0.8209
Seg(-0.3),2.89,0.8216
Seg(-0.3),2.9,0.8216
Seg(-0.3),2.91,0.8216
Seg(-0.3),2.92,0.8216
Seg(-0.3),2.93,0.8219
Seg(-0.3),2.94,0.8219
Seg(-0.3),2.95,0.8219
Seg(-0.3),2.96,0.8219
Seg(-0.3),2.97,0.8219
Seg(-0.3),2.98,0.8219
Seg(-0.3),2.99,0.8203
Seg(-0.3),3.0,0.8203
Seg(-0.3),3.02,0.8203
Seg(-0.3),3.03,0.8203
Seg(-0.3),3.05,0.8203
Seg(-0.3),3.07,0.8203
Seg(-0.3),3.08,0.8203
Seg(-0.3),3.09,0.8203
Seg(-0.3),3.1,0.8203
Seg(-0.3),3.11,0.8203
Seg(-0.3),3.12,0.8197
Seg(-0.3),3.13,0.8197
Seg(-0.3),3.15,0.8197
Seg(-0.3),3.16,0.8197
Seg(-0.3),3.17,0.8197
Seg(-0.3),3.18,0.8197
Seg(-0.3),3.2,0.8197
Seg(-0.3),3.21,0.8197
Seg(-0.3),3.22,0.8197
Seg(-0.3),3.23,0.8197
Seg(-0.3),3.24,0.8197
Seg(-0.3),3.25,0.8197
Seg(-0.3),3.26,0.8197
Seg(-0.3),3.27,0.8197
Seg(-0.3),3.29,0.8197
Seg(-0.3),3.3,0.8197
Seg(-0.3),3.31,0.8197
Seg(-0.3),3.32,0.8197
Seg(-0.3),3.33,0.8197
Seg(-0.3),3.34,0.8197
Seg(-0.3),3.35,0.8197
Seg(-0.3),3.36,0.8197
Seg(-0.3),3.37,0.8197
Seg(-0.3),3.38,0.8197
Seg(-0.3),3.39,0.8197
Seg(-0.3),3.4,0.8197
Seg(-0.3),3.41,0.8197
Seg(-0.3),3.42,0.8197
Seg(-0.3),3.44,0.8197
Seg(-0.3),3.45,0.8197
Seg(-0.3),3.46,0.8197
Seg(-0.3),3.47,0.8197
Seg(-0.3),3.48,0.8197
Seg(-0.3),3.49,0.8197
Seg(-0.3),3.5,0.8197
Seg(-0.3),3.51,0.8197
Seg(-0.3),3.52,0.8197
Seg(-0.3),3.53,0.8197
Seg(-0.3),3.54,0.82
Seg(-0.3),3.55,0.82
Seg(-0.3),3.57,0.82
Seg(-0.3),3.58,0.82
Seg(-0.3),3.59,0.82
Seg(-0.3),3.6,0.82
Seg(-0.3),3.61,0.82
Seg(-0.3),3.63,0.82
Seg(-0.3),3.64,0.82
Seg(-0.3),3.65,0.82
Seg(-0.3),3.66,0.82
Seg(-0.3),3.67,0.82
Seg(-0.3),3.68,0.82
Seg(-0.3),3.69,0.82
Seg(-0.3),3.7,0.82
Seg(-0.3),3.72,0.82
Seg(-0.3),3.73,0.82
Seg(-0.3),3.74,0.82
Seg(-0.3),3.78,0.82
Seg(-0.3),3.81,0.82
Seg(-0.3),3.82,0.82
Seg(-0.3),3.83,0.82
Seg(-0.3),3.84,0.82
Seg(-0.3),3.85,0.82
Seg(-0.3),3.87,0.82
Seg(-0.3),3.88,0.82
Seg(-0.3),3.91,0.82
Seg(-0.3),3.93,0.82
Seg(-0.3),3.95,0.82
Seg(-0.3),3.96,0.82
Seg(-0.3),3.97,0.82
Seg(-0.3),3.99,0.82
Seg(-0.3),4.0,0.82
Seg(-0.3),4.04,0.8187
Seg(-0.3),4.05,0.8187
Seg(-0.3),4.06,0.8187
Seg(-0.3),4.07,0.8187
Seg(-0.3),4.08,0.8187
Seg(-0.3),4.09,0.8187
Seg(-0.3),4.1,0.8175
Seg(-0.3),4.11,0.8175
Seg(-0.3),4.16,0.8175
Seg(-0.3),4.17,0.8175
Seg(-0.3),4.18,0.8175
Seg(-0.3),4.19,0.8175
Seg(-0.3),4.2,0.8175
Seg(-0.3),4.22,0.8175
Seg(-0.3),4.23,0.8175
Seg(-0.3),4.25,0.8175
Seg(-0.3),4.27,0.8175
Seg(-0.3),4.28,0.8175
Seg(-0.3),4.29,0.8175
Seg(-0.3),4.31,0.8175
Seg(-0.3),4.32,0.8175
Seg(-0.3),4.33,0.8175
Seg(-0.3),4.34,0.8175
Seg(-0.3),4.36,0.8175
Seg(-0.3),4.37,0.8175
Seg(-0.3),4.39,0.8175
Seg(-0.3),4.4,0.8175
Seg(-0.3),4.42,0.8175
Seg(-0.3),4.43,0.8175
Seg(-0.3),4.45,0.8175
Seg(-0.3),4.46,0.8175
Seg(-0.3),4.47,0.8175
Seg(-0.3),4.48,0.8175
Seg(-0.3),4.49,0.8175
Seg(-0.3),4.5,0.8175
Seg(-0.3),4.54,0.8175
Seg(-0.3),4.55,0.8175
Seg(-0.3),4.58,0.8175
Seg(-0.3),4.6,0.8175
Seg(-0.3),4.65,0.8175
Seg(-0.3),4.68,0.8175
Seg(-0.3),4.7,0.8175
Seg(-0.3),4.75,0.8175
Seg(-0.3),4.76,0.8175
Seg(-0.3),4.81,0.8175
Seg(-0.3),4.82,0.8175
RNG(-0.2),0.99,0.8016
RNG(-0.2),1.0,0.8016
RNG(-0.2),1.02,0.8016
RNG(-0.2),1.03,0.8019
RNG(-0.2),1.04,0.8025
RNG(-0.2),1.05,0.8031
RNG(-0.2),1.06,0.8037
RNG(-0.2),1.07,0.8041
RNG(-0.2),1.08,0.805
RNG(-0.2),1.09,0.8053
RNG(-0.2),1.1,0.8056
RNG(-0.2),1.11,0.8056
RNG(-0.2),1.12,0.8056
RNG(-0.2),1.13,0.8056
RNG(-0.2),1.15,0.8059
RNG(-0.2),1.19,0.8063
RNG(-0.2),1.22,0.8063
RNG(-0.2),1.24,0.8066
RNG(-0.2),1.28,0.8069
RNG(-0.2),1.29,0.8069
RNG(-0.2),1.31,0.8069
RNG(-0.2),1.32,0.8069
RNG(-0.2),1.33,0.8069
RNG(-0.2),1.34,0.8072
RNG(-0.2),1.35,0.8072
RNG(-0.2),1.37,0.8072
RNG(-0.2),1.4,0.8075
RNG(-0.2),1.41,0.8075
RNG(-0.2),1.43,0.8078
RNG(-0.2),1.44,0.8075
RNG(-0.2),1.46,0.8075
RNG(-0.2),1.47,0.8075
RNG(-0.2),1.48,0.8075
RNG(-0.2),1.49,0.8078
RNG(-0.2),1.5,0.8078
RNG(-0.2),1.51,0.8078
RNG(-0.2),1.52,0.8078
RNG(-0.2),1.53,0.8078
RNG(-0.2),1.54,0.8081
RNG(-0.2),1.55,0.8081
RNG(-0.2),1.56,0.8081
RNG(-0.2),1.57,0.8084
RNG(-0.2),1.58,0.8084
RNG(-0.2),1.59,0.8084
RNG(-0.2),1.6,0.8081
RNG(-0.2),1.61,0.8087
RNG(-0.2),1.62,0.8087
RNG(-0.2),1.63,0.8087
RNG(-0.2),1.64,0.8091
RNG(-0.2),1.65,0.8097
RNG(-0.2),1.66,0.8097
RNG(-0.2),1.67,0.81
RNG(-0.2),1.68,0.8106
RNG(-0.2),1.69,0.8109
RNG(-0.2),1.7,0.8113
RNG(-0.2),1.71,0.8122
RNG(-0.2),1.72,0.8128
RNG(-0.2),1.73,0.8128
RNG(-0.2),1.74,0.8128
RNG(-0.2),1.75,0.8134
RNG(-0.2),1.76,0.8137
RNG(-0.2),1.79,0.8137
RNG(-0.2),1.8,0.8137
RNG(-0.2),1.81,0.8141
RNG(-0.2),1.82,0.8141
RNG(-0.2),1.83,0.8141
RNG(-0.2),1.84,0.8163
RNG(-0.2),1.85,0.8163
RNG(-0.2),1.86,0.8172
RNG(-0.2),1.87,0.8172
RNG(-0.2),1.88,0.8172
RNG(-0.2),1.89,0.8172
RNG(-0.2),1.9,0.8184
RNG(-0.2),1.91,0.8184
RNG(-0.2),1.92,0.8184
RNG(-0.2),1.93,0.8187
RNG(-0.2),1.94,0.8187
RNG(-0.2),1.95,0.8187
RNG(-0.2),1.96,0.8187
RNG(-0.2),1.97,0.8187
RNG(-0.2),1.98,0.8194
RNG(-0.2),1.99,0.8194
RNG(-0.2),2.0,0.8194
RNG(-0.2),2.01,0.8194
RNG(-0.2),2.02,0.8194
RNG(-0.2),2.03,0.8194
RNG(-0.2),2.04,0.8197
RNG(-0.2),2.05,0.82
RNG(-0.2),2.06,0.82
RNG(-0.2),2.08,0.82
RNG(-0.2),2.09,0.8203
RNG(-0.2),2.1,0.8206
RNG(-0.2),2.11,0.8206
RNG(-0.2),2.12,0.8216
RNG(-0.2),2.13,0.8216
RNG(-0.2),2.15,0.8216
RNG(-0.2),2.17,0.8219
RNG(-0.2),2.18,0.8219
RNG(-0.2),2.19,0.8219
RNG(-0.2),2.2,0.8222
RNG(-0.2),2.21,0.8222
RNG(-0.2),2.22,0.8222
RNG(-0.2),2.23,0.8219
RNG(-0.2),2.24,0.8219
RNG(-0.2),2.25,0.8222
RNG(-0.2),2.26,0.8225
RNG(-0.2),2.27,0.8225
RNG(-0.2),2.28,0.8225
RNG(-0.2),2.29,0.8222
RNG(-0.2),2.31,0.8222
RNG(-0.2),2.32,0.8222
RNG(-0.2),2.33,0.8222
RNG(-0.2),2.34,0.8203
RNG(-0.2),2.35,0.8206
RNG(-0.2),2.36,0.8209
RNG(-0.2),2.37,0.8209
RNG(-0.2),2.38,0.8213
RNG(-0.2),2.39,0.8216
RNG(-0.2),2.4,0.8219
RNG(-0.2),2.41,0.8219
RNG(-0.2),2.42,0.8225
RNG(-0.2),2.43,0.8225
RNG(-0.2),2.44,0.8225
RNG(-0.2),2.45,0.8225
RNG(-0.2),2.46,0.8225
RNG(-0.2),2.47,0.8225
RNG(-0.2),2.48,0.8225
RNG(-0.2),2.49,0.8225
RNG(-0.2),2.5,0.8225
RNG(-0.2),2.51,0.8225
RNG(-0.2),2.52,0.8225
RNG(-0.2),2.53,0.8225
RNG(-0.2),2.54,0.8225
RNG(-0.2),2.55,0.8231
RNG(-0.2),2.56,0.8231
RNG(-0.2),2.57,0.8231
RNG(-0.2),2.58,0.8234
RNG(-0.2),2.59,0.8234
RNG(-0.2),2.6,0.8234
RNG(-0.2),2.61,0.8234
RNG(-0.2),2.62,0.8234
RNG(-0.2),2.63,0.8241
RNG(-0.2),2.64,0.8241
RNG(-0.2),2.65,0.8241
RNG(-0.2),2.66,0.8241
RNG(-0.2),2.67,0.8241
RNG(-0.2),2.68,0.8241
RNG(-0.2),2.69,0.8244
RNG(-0.2),2.7,0.8247
RNG(-0.2),2.71,0.8247
RNG(-0.2),2.72,0.8247
RNG(-0.2),2.73,0.8247
RNG(-0.2),2.74,0.8247
RNG(-0.2),2.76,0.8247
RNG(-0.2),2.77,0.8247
RNG(-0.2),2.78,0.8247
RNG(-0.2),2.79,0.8247
RNG(-0.2),2.8,0.8247
RNG(-0.2),2.81,0.8247
RNG(-0.2),2.82,0.8247
RNG(-0.2),2.83,0.8247
RNG(-0.2),2.84,0.8247
RNG(-0.2),2.85,0.825
RNG(-0.2),2.86,0.825
RNG(-0.2),2.87,0.825
RNG(-0.2),2.88,0.825
RNG(-0.2),2.89,0.8256
RNG(-0.2),2.9,0.8256
RNG(-0.2),2.91,0.8256
RNG(-0.2),2.92,0.8256
RNG(-0.2),2.93,0.8259
RNG(-0.2),2.94,0.8259
RNG(-0.2),2.95,0.8259
RNG(-0.2),2.96,0.8259
RNG(-0.2),2.97,0.8256
RNG(-0.2),2.98,0.8256
RNG(-0.2),2.99,0.8241
RNG(-0.2),3.0,0.8241
RNG(-0.2),3.02,0.8241
RNG(-0.2),3.03,0.8241
RNG(-0.2),3.05,0.8241
RNG(-0.2),3.07,0.8241
RNG(-0.2),3.08,0.8241
RNG(-0.2),3.09,0.8241
RNG(-0.2),3.1,0.8241
RNG(-0.2),3.11,0.8241
RNG(-0.2),3.12,0.8241
RNG(-0.2),3.13,0.8241
RNG(-0.2),3.15,0.8241
RNG(-0.2),3.16,0.8241
RNG(-0.2),3.17,0.8241
RNG(-0.2),3.18,0.8241
RNG(-0.2),3.2,0.8241
RNG(-0.2),3.21,0.8241
RNG(-0.2),3.22,0.8241
RNG(-0.2),3.23,0.8241
RNG(-0.2),3.24,0.8241
RNG(-0.2),3.25,0.8241
RNG(-0.2),3.26,0.8241
RNG(-0.2),3.27,0.8241
RNG(-0.2),3.29,0.8241
RNG(-0.2),3.3,0.8241
RNG(-0.2),3.31,0.8241
RNG(-0.2),3.32,0.8241
RNG(-0.2),3.33,0.8241
RNG(-0.2),3.34,0.8241
RNG(-0.2),3.35,0.8241
RNG(-0.2),3.36,0.8241
RNG(-0.2),3.37,0.8241
RNG(-0.2),3.38,0.8241
RNG(-0.2),3.39,0.8241
RNG(-0.2),3.4,0.8241
RNG(-0.2),3.41,0.8241
RNG(-0.2),3.42,0.8241
RNG(-0.2),3.44,0.8241
RNG(-0.2),3.45,0.8259
RNG(-0.2),3.46,0.8259
RNG(-0.2),3.47,0.8259
RNG(-0.2),3.48,0.8259
RNG(-0.2),3.49,0.8259
RNG(-0.2),3.5,0.8259
RNG(-0.2),3.51,0.8259
RNG(-0.2),3.52,0.8259
RNG(-0.2),3.53,0.8259
RNG(-0.2),3.54,0.8259
RNG(-0.2),3.55,0.8259
RNG(-0.2),3.57,0.8259
RNG(-0.2),3.58,0.8259
RNG(-0.2),3.59,0.8259
RNG(-0.2),3.6,0.8259
RNG(-0.2),3.61,0.8259
RNG(-0.2),3.63,0.8259
RNG(-0.2),3.64,0.8259
RNG(-0.2),3.65,0.8259
RNG(-0.2),3.66,0.8259
RNG(-0.2),3.67,0.8259
RNG(-0.2),3.68,0.8259
RNG(-0.2),3.69,0.8259
RNG(-0.2),3.7,0.8259
RNG(-0.2),3.72,0.8259
RNG(-0.2),3.73,0.8259
RNG(-0.2),3.74,0.8259
RNG(-0.2),3.78,0.8259
RNG(-0.2),3.81,0.8259
RNG(-0.2),3.82,0.8259
RNG(-0.2),3.83,0.8259
RNG(-0.2),3.84,0.8259
RNG(-0.2),3.85,0.8278
RNG(-0.2),3.87,0.8278
RNG(-0.2),3.88,0.8278
RNG(-0.2),3.91,0.8278
RNG(-0.2),3.93,0.8278
RNG(-0.2),3.95,0.8278
RNG(-0.2),3.96,0.8278
RNG(-0.2),3.97,0.8278
RNG(-0.2),3.99,0.8278
RNG(-0.2),4.0,0.8278
RNG(-0.2),4.04,0.8266
RNG(-0.2),4.05,0.8266
RNG(-0.2),4.06,0.8266
RNG(-0.2),4.07,0.8266
RNG(-0.2),4.08,0.8266
RNG(-0.2),4.09,0.8266
RNG(-0.2),4.1,0.8266
RNG(-0.2),4.11,0.8266
RNG(-0.2),4.16,0.8266
RNG(-0.2),4.17,0.8266
RNG(-0.2),4.18,0.8266
RNG(-0.2),4.19,0.8266
RNG(-0.2),4.2,0.8266
RNG(-0.2),4.22,0.8266
RNG(-0.2),4.23,0.8266
RNG(-0.2),4.25,0.8266
RNG(-0.2),4.27,0.8266
RNG(-0.2),4.28,0.8266
RNG(-0.2),4.29,0.8266
RNG(-0.2),4.31,0.8266
RNG(-0.2),4.32,0.8266
RNG(-0.2),4.33,0.8266
RNG(-0.2),4.34,0.8256
RNG(-0.2),4.36,0.8256
RNG(-0.2),4.37,0.8256
RNG(-0.2),4.39,0.8256
RNG(-0.2),4.4,0.8256
RNG(-0.2),4.42,0.8256
RNG(-0.2),4.43,0.8256
RNG(-0.2),4.45,0.8256
RNG(-0.2),4.46,0.8256
RNG(-0.2),4.47,0.8256
RNG(-0.2),4.48,0.8256
RNG(-0.2),4.49,0.8256
RNG(-0.2),4.5,0.8256
RNG(-0.2),4.54,0.8256
RNG(-0.2),4.55,0.8256
RNG(-0.2),4.58,0.8256
RNG(-0.2),4.6,0.8256
RNG(-0.2),4.65,0.8256
RNG(-0.2),4.68,0.8256
RNG(-0.2),4.7,0.8256
RNG(-0.2),4.75,0.8256
RNG(-0.2),4.76,0.8256
RNG(-0.2),4.81,0.8256
RNG(-0.2),4.82,0.8256
Seg(-0.2),0.99,0.8016
Seg(-0.2),1.0,0.8016
Seg(-0.2),1.02,0.8016
Seg(-0.2),1.03,0.8022
Seg(-0.2),1.04,0.8028
Seg(-0.2),1.05,0.8034
Seg(-0.2),1.06,0.8041
Seg(-0.2),1.07,0.8044
Seg(-0.2),1.08,0.8053
Seg(-0.2),1.09,0.8056
Seg(-0.2),1.1,0.8059
Seg(-0.2),1.11,0.8059
Seg(-0.2),1.12,0.8059
Seg(-0.2),1.13,0.8059
Seg(-0.2),1.15,0.8063
Seg(-0.2),1.19,0.8066
Seg(-0.2),1.22,0.8066
Seg(-0.2),1.24,0.8069
Seg(-0.2),1.28,0.8072
Seg(-0.2),1.29,0.8072
Seg(-0.2),1.31,0.8072
Seg(-0.2),1.32,0.8072
Seg(-0.2),1.33,0.8072
Seg(-0.2),1.34,0.8075
Seg(-0.2),1.35,0.8078
Seg(-0.2),1.37,0.8078
Seg(-0.2),1.4,0.8081
Seg(-0.2),1.41,0.8081
Seg(-0.2),1.43,0.8084
Seg(-0.2),1.44,0.8081
Seg(-0.2),1.46,0.8081
Seg(-0.2),1.47,0.8084
Seg(-0.2),1.48,0.8084
Seg(-0.2),1.49,0.8087
Seg(-0.2),1.5,0.8087
Seg(-0.2),1.51,0.8087
Seg(-0.2),1.52,0.8087
Seg(-0.2),1.53,0.8087
Seg(-0.2),1.54,0.8091
Seg(-0.2),1.55,0.8091
Seg(-0.2),1.56,0.8091
Seg(-0.2),1.57,0.8094
Seg(-0.2),1.58,0.8094
Seg(-0.2),1.59,0.8094
Seg(-0.2),1.6,0.8094
Seg(-0.2),1.61,0.8097
Seg(-0.2),1.62,0.8094
Seg(-0.2),1.63,0.8097
Seg(-0.2),1.64,0.81
Seg(-0.2),1.65,0.8106
Seg(-0.2),1.66,0.8106
Seg(-0.2),1.67,0.8109
Seg(-0.2),1.68,0.8116
Seg(-0.2),1.69,0.8119
Seg(-0.2),1.7,0.8122
Seg(-0.2),1.71,0.8131
Seg(-0.2),1.72,0.8137
Seg(-0.2),1.73,0.8137
Seg(-0.2),1.74,0.8137
Seg(-0.2),1.75,0.8144
Seg(-0.2),1.76,0.8147
Seg(-0.2),1.79,0.8147
Seg(-0.2),1.8,0.8147
Seg(-0.2),1.81,0.815
Seg(-0.2),1.82,0.815
Seg(-0.2),1.83,0.815
Seg(-0.2),1.84,0.8172
Seg(-0.2),1.85,0.8172
Seg(-0.2),1.86,0.8181
Seg(-0.2),1.87,0.8181
Seg(-0.2),1.88,0.8181
Seg(-0.2),1.89,0.8178
Seg(-0.2),1.9,0.8184
Seg(-0.2),1.91,0.8184
Seg(-0.2),1.92,0.8184
Seg(-0.2),1.93,0.8187
Seg(-0.2),1.94,0.8187
Seg(-0.2),1.95,0.8187
Seg(-0.2),1.96,0.8187
Seg(-0.2),1.97,0.8187
Seg(-0.2),1.98,0.8194
Seg(-0.2),1.99,0.8191
Seg(-0.2),2.0,0.8191
Seg(-0.2),2.01,0.8191
Seg(-0.2),2.02,0.8191
Seg(-0.2),2.03,0.8191
Seg(-0.2),2.04,0.8194
Seg(-0.2),2.05,0.8197
Seg(-0.2),2.06,0.8197
Seg(-0.2),2.08,0.8197
Seg(-0.2),2.09,0.82
Seg(-0.2),2.1,0.8203
Seg(-0.2),2.11,0.8203
Seg(-0.2),2.12,0.8213
Seg(-0.2),2.13,0.8213
Seg(-0.2),2.15,0.8213
Seg(-0.2),2.17,0.8216
Seg(-0.2),2.18,0.8216
Seg(-0.2),2.19,0.8216
Seg(-0.2),2.2,0.8219
Seg(-0.2),2.21,0.8219
Seg(-0.2),2.22,0.8219
Seg(-0.2),2.23,0.8213
Seg(-0.2),2.24,0.8213
Seg(-0.2),2.25,0.8216
Seg(-0.2),2.26,0.8219
Seg(-0.2),2.27,0.8219
Seg(-0.2),2.28,0.8219
Seg(-0.2),2.29,0.8216
Seg(-0.2),2.31,0.8216
Seg(-0.2),2.32,0.8216
Seg(-0.2),2.33,0.8203
Seg(-0.2),2.34,0.8166
Seg(-0.2),2.35,0.8169
Seg(-0.2),2.36,0.8172
Seg(-0.2),2.37,0.8172
Seg(-0.2),2.38,0.8175
Seg(-0.2),2.39,0.8178
Seg(-0.2),2.4,0.8181
Seg(-0.2),2.41,0.8181
Seg(-0.2),2.42,0.8184
Seg(-0.2),2.43,0.8181
Seg(-0.2),2.44,0.8181
Seg(-0.2),2.45,0.8181
Seg(-0.2),2.46,0.8181
Seg(-0.2),2.47,0.8181
Seg(-0.2),2.48,0.8181
Seg(-0.2),2.49,0.8181
Seg(-0.2),2.5,0.8181
Seg(-0.2),2.51,0.8181
Seg(-0.2),2.52,0.8181
Seg(-0.2),2.53,0.8181
Seg(-0.2),2.54,0.8181
Seg(-0.2),2.55,0.8181
Seg(-0.2),2.56,0.8184
Seg(-0.2),2.57,0.8184
Seg(-0.2),2.58,0.8187
Seg(-0.2),2.59,0.8181
Seg(-0.2),2.6,0.8181
Seg(-0.2),2.61,0.8181
Seg(-0.2),2.62,0.8181
Seg(-0.2),2.63,0.8187
Seg(-0.2),2.64,0.8187
Seg(-0.2),2.65,0.8184
Seg(-0.2),2.66,0.8184
Seg(-0.2),2.67,0.8184
Seg(-0.2),2.68,0.8181
Seg(-0.2),2.69,0.8184
Seg(-0.2),2.7,0.8187
Seg(-0.2),2.71,0.8187
Seg(-0.2),2.72,0.8187
Seg(-0.2),2.73,0.8187
Seg(-0.2),2.74,0.8187
Seg(-0.2),2.76,0.8187
Seg(-0.2),2.77,0.8187
Seg(-0.2),2.78,0.8191
Seg(-0.2),2.79,0.8191
Seg(-0.2),2.8,0.8191
Seg(-0.2),2.81,0.8191
Seg(-0.2),2.82,0.8191
Seg(-0.2),2.83,0.8191
Seg(-0.2),2.84,0.8191
Seg(-0.2),2.85,0.8194
Seg(-0.2),2.86,0.8194
Seg(-0.2),2.87,0.8187
Seg(-0.2),2.88,0.8187
Seg(-0.2),2.89,0.8194
Seg(-0.2),2.9,0.8194
Seg(-0.2),2.91,0.8194
Seg(-0.2),2.92,0.8194
Seg(-0.2),2.93,0.8197
Seg(-0.2),2.94,0.8197
Seg(-0.2),2.95,0.8197
Seg(-0.2),2.96,0.8197
Seg(-0.2),2.97,0.8197
Seg(-0.2),2.98,0.8197
Seg(-0.2),2.99,0.8181
Seg(-0.2),3.0,0.8181
Seg(-0.2),3.02,0.8181
Seg(-0.2),3.03,0.8181
Seg(-0.2),3.05,0.8181
Seg(-0.2),3.07,0.8181
Seg(-0.2),3.08,0.8181
Seg(-0.2),3.09,0.8181
Seg(-0.2),3.1,0.8181
Seg(-0.2),3.11,0.8181
Seg(-0.2),3.12,0.8175
Seg(-0.2),3.13,0.8175
Seg(-0.2),3.15,0.8175
Seg(-0.2),3.16,0.8175
Seg(-0.2),3.17,0.8175
Seg(-0.2),3.18,0.8175
Seg(-0.2),3.2,0.8175
Seg(-0.2),3.21,0.8175
Seg(-0.2),3.22,0.8175
Seg(-0.2),3.23,0.8175
Seg(-0.2),3.24,0.8175
Seg(-0.2),3.25,0.8175
Seg(-0.2),3.26,0.8175
Seg(-0.2),3.27,0.8175
Seg(-0.2),3.29,0.8175
Seg(-0.2),3.3,0.8175
Seg(-0.2),3.31,0.8175
Seg(-0.2),3.32,0.8175
Seg(-0.2),3.33,0.8172
Seg(-0.2),3.34,0.8172
Seg(-0.2),3.35,0.8163
Seg(-0.2),3.36,0.8163
Seg(-0.2),3.37,0.8163
Seg(-0.2),3.38,0.8163
Seg(-0.2),3.39,0.8163
Seg(-0.2),3.4,0.8163
Seg(-0.2),3.41,0.8163
Seg(-0.2),3.42,0.8163
Seg(-0.2),3.44,0.8163
Seg(-0.2),3.45,0.8181
Seg(-0.2),3.46,0.8181
Seg(-0.2),3.47,0.8181
Seg(-0.2),3.48,0.8181
Seg(-0.2),3.49,0.8181
Seg(-0.2),3.5,0.8181
Seg(-0.2),3.51,0.8181
Seg(-0.2),3.52,0.8181
Seg(-0.2),3.53,0.8181
Seg(-0.2),3.54,0.8181
Seg(-0.2),3.55,0.8181
Seg(-0.2),3.57,0.8181
Seg(-0.2),3.58,0.8181
Seg(-0.2),3.59,0.8181
Seg(-0.2),3.6,0.8181
Seg(-0.2),3.61,0.8181
Seg(-0.2),3.63,0.8181
Seg(-0.2),3.64,0.8181
Seg(-0.2),3.65,0.8181
Seg(-0.2),3.66,0.8181
Seg(-0.2),3.67,0.8181
Seg(-0.2),3.68,0.8169
Seg(-0.2),3.69,0.8169
Seg(-0.2),3.7,0.8169
Seg(-0.2),3.72,0.8169
Seg(-0.2),3.73,0.8169
Seg(-0.2),3.74,0.8169
Seg(-0.2),3.78,0.8169
Seg(-0.2),3.81,0.8169
Seg(-0.2),3.82,0.8169
Seg(-0.2),3.83,0.8169
Seg(-0.2),3.84,0.8169
Seg(-0.2),3.85,0.8187
Seg(-0.2),3.87,0.8187
Seg(-0.2),3.88,0.8187
Seg(-0.2),3.91,0.8206
Seg(-0.2),3.93,0.8206
Seg(-0.2),3.95,0.8206
Seg(-0.2),3.96,0.8206
Seg(-0.2),3.97,0.8206
Seg(-0.2),3.99,0.8206
Seg(-0.2),4.0,0.8206
Seg(-0.2),4.04,0.8194
Seg(-0.2),4.05,0.8194
Seg(-0.2),4.06,0.8194
Seg(-0.2),4.07,0.8194
Seg(-0.2),4.08,0.8194
Seg(-0.2),4.09,0.8194
Seg(-0.2),4.1,0.8181
Seg(-0.2),4.11,0.82
Seg(-0.2),4.16,0.82
Seg(-0.2),4.17,0.82
Seg(-0.2),4.18,0.82
Seg(-0.2),4.19,0.82
Seg(-0.2),4.2,0.82
Seg(-0.2),4.22,0.82
Seg(-0.2),4.23,0.82
Seg(-0.2),4.25,0.82
Seg(-0.2),4.27,0.82
Seg(-0.2),4.28,0.82
Seg(-0.2),4.29,0.82
Seg(-0.2),4.31,0.82
Seg(-0.2),4.32,0.82
Seg(-0.2),4.33,0.82
Seg(-0.2),4.34,0.8191
Seg(-0.2),4.36,0.8191
Seg(-0.2),4.37,0.8191
Seg(-0.2),4.39,0.8191
Seg(-0.2),4.4,0.8191
Seg(-0.2),4.42,0.8191
Seg(-0.2),4.43,0.8191
Seg(-0.2),4.45,0.8178
Seg(-0.2),4.46,0.8178
Seg(-0.2),4.47,0.8178
Seg(-0.2),4.48,0.8178
Seg(-0.2),4.49,0.8178
Seg(-0.2),4.5,0.8178
Seg(-0.2),4.54,0.8178
Seg(-0.2),4.55,0.8178
Seg(-0.2),4.58,0.8178
Seg(-0.2),4.6,0.8178
Seg(-0.2),4.65,0.8178
Seg(-0.2),4.68,0.8178
Seg(-0.2),4.7,0.8178
Seg(-0.2),4.75,0.8178
Seg(-0.2),4.76,0.8178
Seg(-0.2),4.81,0.8178
Seg(-0.2),4.82,0.8178
RNG(-0.1),0.99,0.8016
RNG(-0.1),1.0,0.8016
RNG(-0.1),1.02,0.8016
RNG(-0.1),1.03,0.8028
RNG(-0.1),1.04,0.8041
RNG(-0.1),1.05,0.8047
RNG(-0.1),1.06,0.8053
RNG(-0.1),1.07,0.8056
RNG(-0.1),1.08,0.8066
RNG(-0.1),1.09,0.8069
RNG(-0.1),1.1,0.8072
RNG(-0.1),1.11,0.8075
RNG(-0.1),1.12,0.8075
RNG(-0.1),1.13,0.8075
RNG(-0.1),1.15,0.8078
RNG(-0.1),1.19,0.8081
RNG(-0.1),1.22,0.8078
RNG(-0.1),1.24,0.8081
RNG(-0.1),1.28,0.8084
RNG(-0.1),1.29,0.8084
RNG(-0.1),1.31,0.8084
RNG(-0.1),1.32,0.8084
RNG(-0.1),1.33,0.8084
RNG(-0.1),1.34,0.8084
RNG(-0.1),1.35,0.8087
RNG(-0.1),1.37,0.8087
RNG(-0.1),1.4,0.8091
RNG(-0.1),1.41,0.8094
RNG(-0.1),1.43,0.81
RNG(-0.1),1.44,0.8097
RNG(-0.1),1.46,0.8097
RNG(-0.1),1.47,0.8103
RNG(-0.1),1.48,0.8103
RNG(-0.1),1.49,0.8106
RNG(-0.1),1.5,0.8106
RNG(-0.1),1.51,0.8106
RNG(-0.1),1.52,0.8106
RNG(-0.1),1.53,0.8106
RNG(-0.1),1.54,0.8106
RNG(-0.1),1.55,0.8106
RNG(-0.1),1.56,0.8106
RNG(-0.1),1.57,0.8109
RNG(-0.1),1.58,0.8109
RNG(-0.1),1.59,0.8109
RNG(-0.1),1.6,0.8109
RNG(-0.1),1.61,0.8113
RNG(-0.1),1.62,0.8109
RNG(-0.1),1.63,0.8113
RNG(-0.1),1.64,0.8116
RNG(-0.1),1.65,0.8122
RNG(-0.1),1.66,0.8119
RNG(-0.1),1.67,0.8122
RNG(-0.1),1.68,0.8128
RNG(-0.1),1.69,0.8131
RNG(-0.1),1.7,0.8134
RNG(-0.1),1.71,0.8144
RNG(-0.1),1.72,0.8147
RNG(-0.1),1.73,0.8153
RNG(-0.1),1.74,0.8153
RNG(-0.1),1.75,0.8156
RNG(-0.1),1.76,0.8159
RNG(-0.1),1.79,0.8159
RNG(-0.1),1.8,0.8159
RNG(-0.1),1.81,0.8175
RNG(-0.1),1.82,0.8175
RNG(-0.1),1.83,0.8172
RNG(-0.1),1.84,0.8194
RNG(-0.1),1.85,0.8194
RNG(-0.1),1.86,0.82
RNG(-0.1),1.87,0.82
RNG(-0.1),1.88,0.8203
RNG(-0.1),1.89,0.82
RNG(-0.1),1.9,0.8209
RNG(-0.1),1.91,0.8209
RNG(-0.1),1.92,0.8209
RNG(-0.1),1.93,0.8209
RNG(-0.1),1.94,0.8209
RNG(-0.1),1.95,0.8209
RNG(-0.1),1.96,0.8209
RNG(-0.1),1.97,0.8213
RNG(-0.1),1.98,0.8213
RNG(-0.1),1.99,0.8216
RNG(-0.1),2.0,0.8216
RNG(-0.1),2.01,0.8216
RNG(-0.1),2.02,0.8216
RNG(-0.1),2.03,0.8216
RNG(-0.1),2.04,0.8219
RNG(-0.1),2.05,0.8222
RNG(-0.1),2.06,0.8222
RNG(-0.1),2.08,0.8222
RNG(-0.1),2.09,0.8225
RNG(-0.1),2.1,0.8228
RNG(-0.1),2.11,0.8231
RNG(-0.1),2.12,0.8241
RNG(-0.1),2.13,0.8241
RNG(-0.1),2.15,0.8241
RNG(-0.1),2.17,0.8244
RNG(-0.1),2.18,0.8244
RNG(-0.1),2.19,0.8244
RNG(-0.1),2.2,0.8247
RNG(-0.1),2.21,0.8247
RNG(-0.1),2.22,0.8247
RNG(-0.1),2.23,0.8241
RNG(-0.1),2.24,0.8241
RNG(-0.1),2.25,0.8244
RNG(-0.1),2.26,0.8244
RNG(-0.1),2.27,0.8244
RNG(-0.1),2.28,0.8247
RNG(-0.1),2.29,0.8247
RNG(-0.1),2.31,0.8259
RNG(-0.1),2.32,0.8259
RNG(-0.1),2.33,0.8247
RNG(-0.1),2.34,0.8209
RNG(-0.1),2.35,0.8219
RNG(-0.1),2.36,0.8222
RNG(-0.1),2.37,0.8216
RNG(-0.1),2.38,0.8216
RNG(-0.1),2.39,0.8216
RNG(-0.1),2.4,0.8216
RNG(-0.1),2.41,0.8216
RNG(-0.1),2.42,0.8219
RNG(-0.1),2.43,0.8216
RNG(-0.1),2.44,0.8216
RNG(-0.1),2.45,0.8216
RNG(-0.1),2.46,0.8216
RNG(-0.1),2.47,0.8216
RNG(-0.1),2.48,0.8216
RNG(-0.1),2.49,0.8216
RNG(-0.1),2.5,0.8228
RNG(-0.1),2.51,0.8228
RNG(-0.1),2.52,0.8228
RNG(-0.1),2.53,0.8228
RNG(-0.1),2.54,0.8228
RNG(-0.1),2.55,0.8234
RNG(-0.1),2.56,0.8234
RNG(-0.1),2.57,0.8237
RNG(-0.1),2.58,0.8241
RNG(-0.1),2.59,0.8234
RNG(-0.1),2.6,0.8225
RNG(-0.1),2.61,0.8225
RNG(-0.1),2.62,0.8225
RNG(-0.1),2.63,0.8225
RNG(-0.1),2.64,0.8225
RNG(-0.1),2.65,0.8225
RNG(-0.1),2.66,0.8225
RNG(-0.1),2.67,0.8225
RNG(-0.1),2.68,0.8222
RNG(-0.1),2.69,0.8222
RNG(-0.1),2.7,0.8225
RNG(-0.1),2.71,0.8225
RNG(-0.1),2.72,0.8225
RNG(-0.1),2.73,0.8219
RNG(-0.1),2.74,0.8219
RNG(-0.1),2.76,0.8219
RNG(-0.1),2.77,0.8219
RNG(-0.1),2.78,0.8222
RNG(-0.1),2.79,0.8222
RNG(-0.1),2.8,0.8222
RNG(-0.1),2.81,0.8222
RNG(-0.1),2.82,0.8222
RNG(-0.1),2.83,0.8222
RNG(-0.1),2.84,0.8222
RNG(-0.1),2.85,0.8225
RNG(-0.1),2.86,0.8225
RNG(-0.1),2.87,0.8206
RNG(-0.1),2.88,0.8197
RNG(-0.1),2.89,0.8197
RNG(-0.1),2.9,0.8197
RNG(-0.1),2.91,0.8203
RNG(-0.1),2.92,0.8203
RNG(-0.1),2.93,0.8206
RNG(-0.1),2.94,0.8206
RNG(-0.1),2.95,0.8206
RNG(-0.1),2.96,0.8206
RNG(-0.1),2.97,0.8209
RNG(-0.1),2.98,0.8209
RNG(-0.1),2.99,0.8194
RNG(-0.1),3.0,0.8194
RNG(-0.1),3.02,0.8194
RNG(-0.1),3.03,0.8197
RNG(-0.1),3.05,0.8197
RNG(-0.1),3.07,0.8197
RNG(-0.1),3.08,0.8197
RNG(-0.1),3.09,0.8197
RNG(-0.1),3.1,0.8197
RNG(-0.1),3.11,0.8197
RNG(-0.1),3.12,0.8191
RNG(-0.1),3.13,0.8191
RNG(-0.1),3.15,0.8191
RNG(-0.1),3.16,0.8191
RNG(-0.1),3.17,0.8191
RNG(-0.1),3.18,0.8191
RNG(-0.1),3.2,0.8181
RNG(-0.1),3.21,0.8181
RNG(-0.1),3.22,0.8181
RNG(-0.1),3.23,0.8181
RNG(-0.1),3.24,0.8181
RNG(-0.1),3.25,0.8181
RNG(-0.1),3.26,0.8181
RNG(-0.1),3.27,0.8181
RNG(-0.1),3.29,0.8181
RNG(-0.1),3.3,0.8181
RNG(-0.1),3.31,0.8181
RNG(-0.1),3.32,0.8181
RNG(-0.1),3.33,0.8181
RNG(-0.1),3.34,0.8181
RNG(-0.1),3.35,0.8181
RNG(-0.1),3.36,0.8181
RNG(-0.1),3.37,0.8181
RNG(-0.1),3.38,0.8184
RNG(-0.1),3.39,0.8184
RNG(-0.1),3.4,0.8184
RNG(-0.1),3.41,0.8184
RNG(-0.1),3.42,0.8184
RNG(-0.1),3.44,0.8184
RNG(-0.1),3.45,0.8197
RNG(-0.1),3.46,0.8197
RNG(-0.1),3.47,0.8197
RNG(-0.1),3.48,0.8197
RNG(-0.1),3.49,0.8197
RNG(-0.1),3.5,0.8197
RNG(-0.1),3.51,0.8197
RNG(-0.1),3.52,0.8197
RNG(-0.1),3.53,0.8197
RNG(-0.1),3.54,0.8197
RNG(-0.1),3.55,0.8197
RNG(-0.1),3.57,0.8197
RNG(-0.1),3.58,0.8197
RNG(-0.1),3.59,0.8197
RNG(-0.1),3.6,0.8197
RNG(-0.1),3.61,0.8197
RNG(-0.1),3.63,0.8197
RNG(-0.1),3.64,0.8197
RNG(-0.1),3.65,0.8181
RNG(-0.1),3.66,0.8181
RNG(-0.1),3.67,0.8181
RNG(-0.1),3.68,0.8169
RNG(-0.1),3.69,0.8169
RNG(-0.1),3.7,0.8169
RNG(-0.1),3.72,0.8178
RNG(-0.1),3.73,0.8178
RNG(-0.1),3.74,0.8178
RNG(-0.1),3.78,0.8178
RNG(-0.1),3.81,0.8178
RNG(-0.1),3.82,0.8178
RNG(-0.1),3.83,0.8178
RNG(-0.1),3.84,0.8178
RNG(-0.1),3.85,0.8197
RNG(-0.1),3.87,0.8197
RNG(-0.1),3.88,0.8197
RNG(-0.1),3.91,0.8216
RNG(-0.1),3.93,0.8216
RNG(-0.1),3.95,0.8216
RNG(-0.1),3.96,0.8216
RNG(-0.1),3.97,0.8216
RNG(-0.1),3.99,0.8216
RNG(-0.1),4.0,0.8216
RNG(-0.1),4.04,0.8203
RNG(-0.1),4.05,0.8203
RNG(-0.1),4.06,0.8203
RNG(-0.1),4.07,0.8203
RNG(-0.1),4.08,0.8203
RNG(-0.1),4.09,0.8203
RNG(-0.1),4.1,0.8203
RNG(-0.1),4.11,0.8203
RNG(-0.1),4.16,0.8203
RNG(-0.1),4.17,0.8203
RNG(-0.1),4.18,0.8203
RNG(-0.1),4.19,0.8203
RNG(-0.1),4.2,0.8203
RNG(-0.1),4.22,0.8203
RNG(-0.1),4.23,0.8203
RNG(-0.1),4.25,0.8203
RNG(-0.1),4.27,0.8203
RNG(-0.1),4.28,0.8203
RNG(-0.1),4.29,0.8203
RNG(-0.1),4.31,0.8203
RNG(-0.1),4.32,0.8203
RNG(-0.1),4.33,0.8203
RNG(-0.1),4.34,0.8194
RNG(-0.1),4.36,0.8194
RNG(-0.1),4.37,0.8194
RNG(-0.1),4.39,0.8194
RNG(-0.1),4.4,0.8194
RNG(-0.1),4.42,0.8194
RNG(-0.1),4.43,0.8194
RNG(-0.1),4.45,0.8194
RNG(-0.1),4.46,0.8194
RNG(-0.1),4.47,0.8194
RNG(-0.1),4.48,0.8181
RNG(-0.1),4.49,0.8181
RNG(-0.1),4.5,0.8181
RNG(-0.1),4.54,0.8181
RNG(-0.1),4.55,0.8181
RNG(-0.1),4.58,0.8181
RNG(-0.1),4.6,0.8181
RNG(-0.1),4.65,0.8181
RNG(-0.1),4.68,0.8181
RNG(-0.1),4.7,0.8181
RNG(-0.1),4.75,0.8181
RNG(-0.1),4.76,0.8181
RNG(-0.1),4.81,0.8181
RNG(-0.1),4.82,0.8181
Seg(-0.1),0.99,0.8016
Seg(-0.1),1.0,0.8016
Seg(-0.1),1.02,0.8016
Seg(-0.1),1.03,0.8028
Seg(-0.1),1.04,0.8041
Seg(-0.1),1.05,0.8047
Seg(-0.1),1.06,0.8053
Seg(-0.1),1.07,0.8059
Seg(-0.1),1.08,0.8066
Seg(-0.1),1.09,0.8069
Seg(-0.1),1.1,0.8072
Seg(-0.1),1.11,0.8075
Seg(-0.1),1.12,0.8075
Seg(-0.1),1.13,0.8075
Seg(-0.1),1.15,0.8078
Seg(-0.1),1.19,0.8081
Seg(-0.1),1.22,0.8078
Seg(-0.1),1.24,0.8081
Seg(-0.1),1.28,0.8084
Seg(-0.1),1.29,0.8084
Seg(-0.1),1.31,0.8084
Seg(-0.1),1.32,0.8084
Seg(-0.1),1.33,0.8084
Seg(-0.1),1.34,0.8084
Seg(-0.1),1.35,0.8087
Seg(-0.1),1.37,0.8087
Seg(-0.1),1.4,0.8091
Seg(-0.1),1.41,0.8094
Seg(-0.1),1.43,0.81
Seg(-0.1),1.44,0.8097
Seg(-0.1),1.46,0.8097
Seg(-0.1),1.47,0.81
Seg(-0.1),1.48,0.81
Seg(-0.1),1.49,0.8106
Seg(-0.1),1.5,0.8106
Seg(-0.1),1.51,0.8106
Seg(-0.1),1.52,0.8106
Seg(-0.1),1.53,0.8113
Seg(-0.1),1.54,0.8116
Seg(-0.1),1.55,0.8116
Seg(-0.1),1.56,0.8116
Seg(-0.1),1.57,0.8119
Seg(-0.1),1.58,0.8119
Seg(-0.1),1.59,0.8119
Seg(-0.1),1.6,0.8119
Seg(-0.1),1.61,0.8122
Seg(-0.1),1.62,0.8119
Seg(-0.1),1.63,0.8122
Seg(-0.1),1.64,0.8125
Seg(-0.1),1.65,0.8134
Seg(-0.1),1.66,0.8144
Seg(-0.1),1.67,0.815
Seg(-0.1),1.68,0.8156
Seg(-0.1),1.69,0.8156
Seg(-0.1),1.7,0.8159
Seg(-0.1),1.71,0.8169
Seg(-0.1),1.72,0.8172
Seg(-0.1),1.73,0.8178
Seg(-0.1),1.74,0.8178
Seg(-0.1),1.75,0.8181
Seg(-0.1),1.76,0.8184
Seg(-0.1),1.79,0.8184
Seg(-0.1),1.8,0.8184
Seg(-0.1),1.81,0.82
Seg(-0.1),1.82,0.82
Seg(-0.1),1.83,0.8197
Seg(-0.1),1.84,0.8219
Seg(-0.1),1.85,0.8219
Seg(-0.1),1.86,0.8225
Seg(-0.1),1.87,0.8225
Seg(-0.1),1.88,0.8225
Seg(-0.1),1.89,0.8222
Seg(-0.1),1.9,0.8231
Seg(-0.1),1.91,0.8231
Seg(-0.1),1.92,0.8231
Seg(-0.1),1.93,0.8228
Seg(-0.1),1.94,0.8231
Seg(-0.1),1.95,0.8231
Seg(-0.1),1.96,0.8231
Seg(-0.1),1.97,0.8234
Seg(-0.1),1.98,0.8234
Seg(-0.1),1.99,0.8241
Seg(-0.1),2.0,0.8241
Seg(-0.1),2.01,0.8247
Seg(-0.1),2.02,0.8247
Seg(-0.1),2.03,0.8247
Seg(-0.1),2.04,0.825
Seg(-0.1),2.05,0.8253
Seg(-0.1),2.06,0.825
Seg(-0.1),2.08,0.825
Seg(-0.1),2.09,0.825
Seg(-0.1),2.1,0.8253
Seg(-0.1),2.11,0.8256
Seg(-0.1),2.12,0.8266
Seg(-0.1),2.13,0.8266
Seg(-0.1),2.15,0.8266
Seg(-0.1),2.17,0.8272
Seg(-0.1),2.18,0.8272
Seg(-0.1),2.19,0.8272
Seg(-0.1),2.2,0.8275
Seg(-0.1),2.21,0.8275
Seg(-0.1),2.22,0.8275
Seg(-0.1),2.23,0.8269
Seg(-0.1),2.24,0.8269
Seg(-0.1),2.25,0.8281
Seg(-0.1),2.26,0.8281
Seg(-0.1),2.27,0.8281
Seg(-0.1),2.28,0.8281
Seg(-0.1),2.29,0.8278
Seg(-0.1),2.31,0.8291
Seg(-0.1),2.32,0.8291
Seg(-0.1),2.33,0.8266
Seg(-0.1),2.34,0.8228
Seg(-0.1),2.35,0.8237
Seg(-0.1),2.36,0.8241
Seg(-0.1),2.37,0.8225
Seg(-0.1),2.38,0.8225
Seg(-0.1),2.39,0.8225
Seg(-0.1),2.4,0.8222
Seg(-0.1),2.41,0.8222
Seg(-0.1),2.42,0.8225
Seg(-0.1),2.43,0.8222
Seg(-0.1),2.44,0.8216
Seg(-0.1),2.45,0.8216
Seg(-0.1),2.46,0.8216
Seg(-0.1),2.47,0.8216
Seg(-0.1),2.48,0.8216
Seg(-0.1),2.49,0.8222
Seg(-0.1),2.5,0.8234
Seg(-0.1),2.51,0.8231
Seg(-0.1),2.52,0.8231
Seg(-0.1),2.53,0.8231
Seg(-0.1),2.54,0.8231
Seg(-0.1),2.55,0.8222
Seg(-0.1),2.56,0.8222
Seg(-0.1),2.57,0.8225
Seg(-0.1),2.58,0.8228
Seg(-0.1),2.59,0.8222
Seg(-0.1),2.6,0.8213
Seg(-0.1),2.61,0.8213
Seg(-0.1),2.62,0.8213
Seg(-0.1),2.63,0.8216
Seg(-0.1),2.64,0.8216
Seg(-0.1),2.65,0.8213
Seg(-0.1),2.66,0.8213
Seg(-0.1),2.67,0.8219
Seg(-0.1),2.68,0.8216
Seg(-0.1),2.69,0.8216
Seg(-0.1),2.7,0.8219
Seg(-0.1),2.71,0.8219
Seg(-0.1),2.72,0.8219
Seg(-0.1),2.73,0.8213
Seg(-0.1),2.74,0.8209
Seg(-0.1),2.76,0.8209
Seg(-0.1),2.77,0.82
Seg(-0.1),2.78,0.8222
Seg(-0.1),2.79,0.8222
Seg(-0.1),2.8,0.8213
Seg(-0.1),2.81,0.8213
Seg(-0.1),2.82,0.8213
Seg(-0.1),2.83,0.8213
Seg(-0.1),2.84,0.8213
Seg(-0.1),2.85,0.8203
Seg(-0.1),2.86,0.8203
Seg(-0.1),2.87,0.8184
Seg(-0.1),2.88,0.8175
Seg(-0.1),2.89,0.8175
Seg(-0.1),2.9,0.8169
Seg(-0.1),2.91,0.8175
Seg(-0.1),2.92,0.8175
Seg(-0.1),2.93,0.8178
Seg(-0.1),2.94,0.8178
Seg(-0.1),2.95,0.8178
Seg(-0.1),2.96,0.8178
Seg(-0.1),2.97,0.8181
Seg(-0.1),2.98,0.8181
Seg(-0.1),2.99,0.8166
Seg(-0.1),3.0,0.8166
Seg(-0.1),3.02,0.8166
Seg(-0.1),3.03,0.8169
Seg(-0.1),3.05,0.8169
Seg(-0.1),3.07,0.8156
Seg(-0.1),3.08,0.8156
Seg(-0.1),3.09,0.8156
Seg(-0.1),3.1,0.8156
Seg(-0.1),3.11,0.8156
Seg(-0.1),3.12,0.815
Seg(-0.1),3.13,0.8144
Seg(-0.1),3.15,0.8144
Seg(-0.1),3.16,0.8141
Seg(-0.1),3.17,0.8141
Seg(-0.1),3.18,0.8141
Seg(-0.1),3.2,0.8125
Seg(-0.1),3.21,0.8125
Seg(-0.1),3.22,0.8125
Seg(-0.1),3.23,0.8125
Seg(-0.1),3.24,0.8125
Seg(-0.1),3.25,0.8122
Seg(-0.1),3.26,0.8122
Seg(-0.1),3.27,0.8119
Seg(-0.1),3.29,0.8119
Seg(-0.1),3.3,0.8119
Seg(-0.1),3.31,0.8113
Seg(-0.1),3.32,0.8113
Seg(-0.1),3.33,0.8109
Seg(-0.1),3.34,0.8109
Seg(-0.1),3.35,0.81
Seg(-0.1),3.36,0.81
Seg(-0.1),3.37,0.81
Seg(-0.1),3.38,0.8103
Seg(-0.1),3.39,0.8103
Seg(-0.1),3.4,0.8103
Seg(-0.1),3.41,0.8103
Seg(-0.1),3.42,0.8103
Seg(-0.1),3.44,0.8103
Seg(-0.1),3.45,0.8116
Seg(-0.1),3.46,0.8116
Seg(-0.1),3.47,0.8116
Seg(-0.1),3.48,0.8116
Seg(-0.1),3.49,0.8116
Seg(-0.1),3.5,0.8116
Seg(-0.1),3.51,0.8116
Seg(-0.1),3.52,0.8116
Seg(-0.1),3.53,0.8113
Seg(-0.1),3.54,0.8113
Seg(-0.1),3.55,0.8109
Seg(-0.1),3.57,0.8109
Seg(-0.1),3.58,0.8109
Seg(-0.1),3.59,0.8116
Seg(-0.1),3.6,0.8116
Seg(-0.1),3.61,0.8116
Seg(-0.1),3.63,0.8116
Seg(-0.1),3.64,0.8116
Seg(-0.1),3.65,0.81
Seg(-0.1),3.66,0.81
Seg(-0.1),3.67,0.81
Seg(-0.1),3.68,0.8087
Seg(-0.1),3.69,0.8087
Seg(-0.1),3.7,0.8087
Seg(-0.1),3.72,0.8097
Seg(-0.1),3.73,0.8097
Seg(-0.1),3.74,0.8094
Seg(-0.1),3.78,0.8094
Seg(-0.1),3.81,0.8094
Seg(-0.1),3.82,0.8081
Seg(-0.1),3.83,0.8081
Seg(-0.1),3.84,0.8081
Seg(-0.1),3.85,0.8094
Seg(-0.1),3.87,0.8094
Seg(-0.1),3.88,0.8094
Seg(-0.1),3.91,0.8113
Seg(-0.1),3.93,0.8113
Seg(-0.1),3.95,0.8113
Seg(-0.1),3.96,0.8113
Seg(-0.1),3.97,0.8113
Seg(-0.1),3.99,0.8113
Seg(-0.1),4.0,0.8113
Seg(-0.1),4.04,0.81
Seg(-0.1),4.05,0.81
Seg(-0.1),4.06,0.81
Seg(-0.1),4.07,0.8075
Seg(-0.1),4.08,0.8075
Seg(-0.1),4.09,0.8075
Seg(-0.1),4.1,0.8063
Seg(-0.1),4.11,0.8063
Seg(-0.1),4.16,0.8063
Seg(-0.1),4.17,0.8063
Seg(-0.1),4.18,0.8063
Seg(-0.1),4.19,0.805
Seg(-0.1),4.2,0.8037
Seg(-0.1),4.22,0.8037
Seg(-0.1),4.23,0.8037
Seg(-0.1),4.25,0.8037
Seg(-0.1),4.27,0.8037
Seg(-0.1),4.28,0.8037
Seg(-0.1),4.29,0.8037
Seg(-0.1),4.31,0.8037
Seg(-0.1),4.32,0.8037
Seg(-0.1),4.33,0.8037
Seg(-0.1),4.34,0.8028
Seg(-0.1),4.36,0.8028
Seg(-0.1),4.37,0.8028
Seg(-0.1),4.39,0.8028
Seg(-0.1),4.4,0.8028
Seg(-0.1),4.42,0.8016
Seg(-0.1),4.43,0.8016
Seg(-0.1),4.45,0.8003
Seg(-0.1),4.46,0.8003
Seg(-0.1),4.47,0.8003
Seg(-0.1),4.48,0.7991
Seg(-0.1),4.49,0.7991
Seg(-0.1),4.5,0.7991
Seg(-0.1),4.54,0.7991
Seg(-0.1),4.55,0.7991
Seg(-0.1),4.58,0.7991
Seg(-0.1),4.6,0.7978
Seg(-0.1),4.65,0.7978
Seg(-0.1),4.68,0.7969
Seg(-0.1),4.7,0.7969
Seg(-0.1),4.75,0.7969
Seg(-0.1),4.76,0.7969
Seg(-0.1),4.81,0.7969
Seg(-0.1),4.82,0.7969
RNG(-0.05),0.99,0.8016
RNG(-0.05),1.0,0.8016
RNG(-0.05),1.02,0.8016
RNG(-0.05),1.03,0.8025
RNG(-0.05),1.04,0.8037
RNG(-0.05),1.05,0.8044
RNG(-0.05),1.06,0.805
RNG(-0.05),1.07,0.8056
RNG(-0.05),1.08,0.8066
RNG(-0.05),1.09,0.8069
RNG(-0.05),1.1,0.8072
RNG(-0.05),1.11,0.8075
RNG(-0.05),1.12,0.8075
RNG(-0.05),1.13,0.8075
RNG(-0.05),1.15,0.8078
RNG(-0.05),1.19,0.8081
RNG(-0.05),1.22,0.8078
RNG(-0.05),1.24,0.8081
RNG(-0.05),1.28,0.8084
RNG(-0.05),1.29,0.8084
RNG(-0.05),1.31,0.8087
RNG(-0.05),1.32,0.8087
RNG(-0.05),1.33,0.8091
RNG(-0.05),1.34,0.8091
RNG(-0.05),1.35,0.8094
RNG(-0.05),1.37,0.8094
RNG(-0.05),1.4,0.81
RNG(-0.05),1.41,0.8103
RNG(-0.05),1.43,0.8109
RNG(-0.05),1.44,0.8103
RNG(-0.05),1.46,0.8103
RNG(-0.05),1.47,0.8106
RNG(-0.05),1.48,0.8106
RNG(-0.05),1.49,0.8113
RNG(-0.05),1.5,0.8113
RNG(-0.05),1.51,0.8109
RNG(-0.05),1.52,0.8109
RNG(-0.05),1.53,0.8116
RNG(-0.05),1.54,0.8119
RNG(-0.05),1.55,0.8119
RNG(-0.05),1.56,0.8125
RNG(-0.05),1.57,0.8128
RNG(-0.05),1.58,0.8128
RNG(-0.05),1.59,0.8128
RNG(-0.05),1.6,0.8128
RNG(-0.05),1.61,0.815
RNG(-0.05),1.62,0.8147
RNG(-0.05),1.63,0.815
RNG(-0.05),1.64,0.8153
RNG(-0.05),1.65,0.8163
RNG(-0.05),1.66,0.8175
RNG(-0.05),1.67,0.8181
RNG(-0.05),1.68,0.8187
RNG(-0.05),1.69,0.8187
RNG(-0.05),1.7,0.8191
RNG(-0.05),1.71,0.82
RNG(-0.05),1.72,0.8203
RNG(-0.05),1.73,0.8209
RNG(-0.05),1.74,0.8213
RNG(-0.05),1.75,0.8219
RNG(-0.05),1.76,0.8222
RNG(-0.05),1.79,0.8222
RNG(-0.05),1.8,0.8222
RNG(-0.05),1.81,0.8241
RNG(-0.05),1.82,0.8241
RNG(-0.05),1.83,0.8237
RNG(-0.05),1.84,0.8259
RNG(-0.05),1.85,0.8259
RNG(-0.05),1.86,0.8266
RNG(-0.05),1.87,0.8266
RNG(-0.05),1.88,0.8266
RNG(-0.05),1.89,0.8263
RNG(-0.05),1.9,0.8272
RNG(-0.05),1.91,0.8272
RNG(-0.05),1.92,0.8272
RNG(-0.05),1.93,0.8272
RNG(-0.05),1.94,0.8275
RNG(-0.05),1.95,0.8275
RNG(-0.05),1.96,0.8275
RNG(-0.05),1.97,0.8278
RNG(-0.05),1.98,0.8278
RNG(-0.05),1.99,0.8281
RNG(-0.05),2.0,0.8281
RNG(-0.05),2.01,0.8287
RNG(-0.05),2.02,0.8287
RNG(-0.05),2.03,0.8287
RNG(-0.05),2.04,0.8291
RNG(-0.05),2.05,0.8294
RNG(-0.05),2.06,0.8291
RNG(-0.05),2.08,0.8291
RNG(-0.05),2.09,0.8291
RNG(-0.05),2.1,0.8294
RNG(-0.05),2.11,0.8297
RNG(-0.05),2.12,0.8306
RNG(-0.05),2.13,0.8306
RNG(-0.05),2.15,0.8306
RNG(-0.05),2.17,0.8313
RNG(-0.05),2.18,0.8313
RNG(-0.05),2.19,0.8313
RNG(-0.05),2.2,0.8316
RNG(-0.05),2.21,0.8313
RNG(-0.05),2.22,0.8313
RNG(-0.05),2.23,0.8306
RNG(-0.05),2.24,0.8306
RNG(-0.05),2.25,0.8306
RNG(-0.05),2.26,0.8306
RNG(-0.05),2.27,0.8306
RNG(-0.05),2.28,0.8309
RNG(-0.05),2.29,0.8306
RNG(-0.05),2.31,0.8319
RNG(-0.05),2.32,0.8319
RNG(-0.05),2.33,0.8294
RNG(-0.05),2.34,0.8256
RNG(-0.05),2.35,0.8266
RNG(-0.05),2.36,0.8269
RNG(-0.05),2.37,0.8263
RNG(-0.05),2.38,0.8263
RNG(-0.05),2.39,0.8263
RNG(-0.05),2.4,0.8259
RNG(-0.05),2.41,0.8259
RNG(-0.05),2.42,0.8263
RNG(-0.05),2.43,0.8259
RNG(-0.05),2.44,0.8259
RNG(-0.05),2.45,0.8259
RNG(-0.05),2.46,0.8259
RNG(-0.05),2.47,0.8272
RNG(-0.05),2.48,0.8272
RNG(-0.05),2.49,0.8278
RNG(-0.05),2.5,0.8291
RNG(-0.05),2.51,0.8291
RNG(-0.05),2.52,0.8291
RNG(-0.05),2.53,0.8291
RNG(-0.05),2.54,0.8291
RNG(-0.05),2.55,0.8297
RNG(-0.05),2.56,0.8309
RNG(-0.05),2.57,0.8313
RNG(-0.05),2.58,0.8319
RNG(-0.05),2.59,0.8309
RNG(-0.05),2.6,0.8306
RNG(-0.05),2.61,0.8306
RNG(-0.05),2.62,0.8306
RNG(-0.05),2.63,0.8309
RNG(-0.05),2.64,0.8309
RNG(-0.05),2.65,0.8309
RNG(-0.05),2.66,0.8309
RNG(-0.05),2.67,0.8309
RNG(-0.05),2.68,0.83
RNG(-0.05),2.69,0.83
RNG(-0.05),2.7,0.8303
RNG(-0.05),2.71,0.8291
RNG(-0.05),2.72,0.8291
RNG(-0.05),2.73,0.8284
RNG(-0.05),2.74,0.8284
RNG(-0.05),2.76,0.8284
RNG(-0.05),2.77,0.8284
RNG(-0.05),2.78,0.8306
RNG(-0.05),2.79,0.8306
RNG(-0.05),2.8,0.8306
RNG(-0.05),2.81,0.8306
RNG(-0.05),2.82,0.8306
RNG(-0.05),2.83,0.8306
RNG(-0.05),2.84,0.8306
RNG(-0.05),2.85,0.8297
RNG(-0.05),2.86,0.8297
RNG(-0.05),2.87,0.8278
RNG(-0.05),2.88,0.8269
RNG(-0.05),2.89,0.8269
RNG(-0.05),2.9,0.8263
RNG(-0.05),2.91,0.8269
RNG(-0.05),2.92,0.8269
RNG(-0.05),2.93,0.8269
RNG(-0.05),2.94,0.8263
RNG(-0.05),2.95,0.8263
RNG(-0.05),2.96,0.8263
RNG(-0.05),2.97,0.8266
RNG(-0.05),2.98,0.8266
RNG(-0.05),2.99,0.825
RNG(-0.05),3.0,0.825
RNG(-0.05),3.02,0.825
RNG(-0.05),3.03,0.8253
RNG(-0.05),3.05,0.8253
RNG(-0.05),3.07,0.8241
RNG(-0.05),3.08,0.8241
RNG(-0.05),3.09,0.8241
RNG(-0.05),3.1,0.8241
RNG(-0.05),3.11,0.8241
RNG(-0.05),3.12,0.8234
RNG(-0.05),3.13,0.8228
RNG(-0.05),3.15,0.8228
RNG(-0.05),3.16,0.8228
RNG(-0.05),3.17,0.8228
RNG(-0.05),3.18,0.8228
RNG(-0.05),3.2,0.8213
RNG(-0.05),3.21,0.8213
RNG(-0.05),3.22,0.8213
RNG(-0.05),3.23,0.8213
RNG(-0.05),3.24,0.8213
RNG(-0.05),3.25,0.8213
RNG(-0.05),3.26,0.8213
RNG(-0.05),3.27,0.8213
RNG(-0.05),3.29,0.8213
RNG(-0.05),3.3,0.8213
RNG(-0.05),3.31,0.8213
RNG(-0.05),3.32,0.8213
RNG(-0.05),3.33,0.8213
RNG(-0.05),3.34,0.8213
RNG(-0.05),3.35,0.8213
RNG(-0.05),3.36,0.8213
RNG(-0.05),3.37,0.8213
RNG(-0.05),3.38,0.8225
RNG(-0.05),3.39,0.8225
RNG(-0.05),3.4,0.8225
RNG(-0.05),3.41,0.8225
RNG(-0.05),3.42,0.8225
RNG(-0.05),3.44,0.8225
RNG(-0.05),3.45,0.8237
RNG(-0.05),3.46,0.8237
RNG(-0.05),3.47,0.8237
RNG(-0.05),3.48,0.8237
RNG(-0.05),3.49,0.8237
RNG(-0.05),3.5,0.8237
RNG(-0.05),3.51,0.8237
RNG(-0.05),3.52,0.8237
RNG(-0.05),3.53,0.8234
RNG(-0.05),3.54,0.8234
RNG(-0.05),3.55,0.8231
RNG(-0.05),3.57,0.8231
RNG(-0.05),3.58,0.8231
RNG(-0.05),3.59,0.8237
RNG(-0.05),3.6,0.8237
RNG(-0.05),3.61,0.8237
RNG(-0.05),3.63,0.8237
RNG(-0.05),3.64,0.8219
RNG(-0.05),3.65,0.8203
RNG(-0.05),3.66,0.8203
RNG(-0.05),3.67,0.8203
RNG(-0.05),3.68,0.8191
RNG(-0.05),3.69,0.8191
RNG(-0.05),3.7,0.8191
RNG(-0.05),3.72,0.82
RNG(-0.05),3.73,0.82
RNG(-0.05),3.74,0.82
RNG(-0.05),3.78,0.82
RNG(-0.05),3.81,0.82
RNG(-0.05),3.82,0.82
RNG(-0.05),3.83,0.82
RNG(-0.05),3.84,0.8209
RNG(-0.05),3.85,0.8228
RNG(-0.05),3.87,0.8228
RNG(-0.05),3.88,0.8228
RNG(-0.05),3.91,0.8247
RNG(-0.05),3.93,0.8247
RNG(-0.05),3.95,0.8247
RNG(-0.05),3.96,0.8247
RNG(-0.05),3.97,0.8247
RNG(-0.05),3.99,0.8247
RNG(-0.05),4.0,0.8247
RNG(-0.05),4.04,0.8234
RNG(-0.05),4.05,0.8234
RNG(-0.05),4.06,0.8234
RNG(-0.05),4.07,0.8222
RNG(-0.05),4.08,0.8222
RNG(-0.05),4.09,0.8222
RNG(-0.05),4.1,0.8209
RNG(-0.05),4.11,0.8209
RNG(-0.05),4.16,0.8209
RNG(-0.05),4.17,0.8209
RNG(-0.05),4.18,0.8209
RNG(-0.05),4.19,0.8209
RNG(-0.05),4.2,0.8209
RNG(-0.05),4.22,0.8209
RNG(-0.05),4.23,0.8209
RNG(-0.05),4.25,0.8209
RNG(-0.05),4.27,0.8209
RNG(-0.05),4.28,0.8209
RNG(-0.05),4.29,0.8209
RNG(-0.05),4.31,0.8209
RNG(-0.05),4.32,0.8209
RNG(-0.05),4.33,0.8209
RNG(-0.05),4.34,0.82
RNG(-0.05),4.36,0.82
RNG(-0.05),4.37,0.82
RNG(-0.05),4.39,0.82
RNG(-0.05),4.4,0.82
RNG(-0.05),4.42,0.82
RNG(-0.05),4.43,0.82
RNG(-0.05),4.45,0.82
RNG(-0.05),4.46,0.82
RNG(-0.05),4.47,0.82
RNG(-0.05),4.48,0.8187
RNG(-0.05),4.49,0.8187
RNG(-0.05),4.5,0.8187
RNG(-0.05),4.54,0.8187
RNG(-0.05),4.55,0.8187
RNG(-0.05),4.58,0.8187
RNG(-0.05),4.6,0.8187
RNG(-0.05),4.65,0.8187
RNG(-0.05),4.68,0.8187
RNG(-0.05),4.7,0.8187
RNG(-0.05),4.75,0.8187
RNG(-0.05),4.76,0.8187
RNG(-0.05),4.81,0.8187
RNG(-0.05),4.82,0.8187
Seg(-0.05),0.99,0.8016
Seg(-0.05),1.0,0.8016
Seg(-0.05),1.02,0.8016
Seg(-0.05),1.03,0.8022
Seg(-0.05),1.04,0.8034
Seg(-0.05),1.05,0.8041
Seg(-0.05),1.06,0.8044
Seg(-0.05),1.07,0.805
Seg(-0.05),1.08,0.8056
Seg(-0.05),1.09,0.8059
Seg(-0.05),1.1,0.8063
Seg(-0.05),1.11,0.8066
Seg(-0.05),1.12,0.8066
Seg(-0.05),1.13,0.8066
Seg(-0.05),1.15,0.8069
Seg(-0.05),1.19,0.8072
Seg(-0.05),1.22,0.8069
Seg(-0.05),1.24,0.8072
Seg(-0.05),1.28,0.8075
Seg(-0.05),1.29,0.8075
Seg(-0.05),1.31,0.8075
Seg(-0.05),1.32,0.8075
Seg(-0.05),1.33,0.8078
Seg(-0.05),1.34,0.8078
Seg(-0.05),1.35,0.8078
Seg(-0.05),1.37,0.8078
Seg(-0.05),1.4,0.8084
Seg(-0.05),1.41,0.8087
Seg(-0.05),1.43,0.8094
Seg(-0.05),1.44,0.8087
Seg(-0.05),1.46,0.8087
Seg(-0.05),1.47,0.8091
Seg(-0.05),1.48,0.8091
Seg(-0.05),1.49,0.8097
Seg(-0.05),1.5,0.8097
Seg(-0.05),1.51,0.8094
Seg(-0.05),1.52,0.8094
Seg(-0.05),1.53,0.81
Seg(-0.05),1.54,0.8103
Seg(-0.05),1.55,0.8103
Seg(-0.05),1.56,0.8109
Seg(-0.05),1.57,0.8113
Seg(-0.05),1.58,0.8116
Seg(-0.05),1.59,0.8116
Seg(-0.05),1.6,0.8116
Seg(-0.05),1.61,0.8134
Seg(-0.05),1.62,0.8131
Seg(-0.05),1.63,0.8134
Seg(-0.05),1.64,0.8137
Seg(-0.05),1.65,0.8147
Seg(-0.05),1.66,0.8159
Seg(-0.05),1.67,0.8166
Seg(-0.05),1.68,0.8172
Seg(-0.05),1.69,0.8172
Seg(-0.05),1.7,0.8175
Seg(-0.05),1.71,0.8184
Seg(-0.05),1.72,0.8187
Seg(-0.05),1.73,0.8194
Seg(-0.05),1.74,0.8197
Seg(-0.05),1.75,0.8203
Seg(-0.05),1.76,0.8206
Seg(-0.05),1.79,0.8206
Seg(-0.05),1.8,0.8206
Seg(-0.05),1.81,0.8225
Seg(-0.05),1.82,0.8225
Seg(-0.05),1.83,0.8222
Seg(-0.05),1.84,0.8244
Seg(-0.05),1.85,0.8244
Seg(-0.05),1.86,0.825
Seg(-0.05),1.87,0.825
Seg(-0.05),1.88,0.8253
Seg(-0.05),1.89,0.825
Seg(-0.05),1.9,0.8263
Seg(-0.05),1.91,0.8266
Seg(-0.05),1.92,0.8266
Seg(-0.05),1.93,0.8263
Seg(-0.05),1.94,0.8259
Seg(-0.05),1.95,0.8259
Seg(-0.05),1.96,0.8259
Seg(-0.05),1.97,0.8263
Seg(-0.05),1.98,0.8263
Seg(-0.05),1.99,0.8269
Seg(-0.05),2.0,0.8269
Seg(-0.05),2.01,0.8275
Seg(-0.05),2.02,0.8275
Seg(-0.05),2.03,0.8272
Seg(-0.05),2.04,0.8275
Seg(-0.05),2.05,0.8278
Seg(-0.05),2.06,0.8275
Seg(-0.05),2.08,0.8275
Seg(-0.05),2.09,0.8275
Seg(-0.05),2.1,0.8275
Seg(-0.05),2.11,0.8278
Seg(-0.05),2.12,0.8287
Seg(-0.05),2.13,0.8287
Seg(-0.05),2.15,0.8287
Seg(-0.05),2.17,0.8294
Seg(-0.05),2.18,0.8294
Seg(-0.05),2.19,0.8291
Seg(-0.05),2.2,0.8291
Seg(-0.05),2.21,0.8287
Seg(-0.05),2.22,0.8287
Seg(-0.05),2.23,0.8284
Seg(-0.05),2.24,0.8284
Seg(-0.05),2.25,0.8294
Seg(-0.05),2.26,0.8294
Seg(-0.05),2.27,0.8294
Seg(-0.05),2.28,0.8294
Seg(-0.05),2.29,0.8287
Seg(-0.05),2.31,0.83
Seg(-0.05),2.32,0.83
Seg(-0.05),2.33,0.8272
Seg(-0.05),2.34,0.8253
Seg(-0.05),2.35,0.8281
Seg(-0.05),2.36,0.8284
Seg(-0.05),2.37,0.8278
Seg(-0.05),2.38,0.8275
Seg(-0.05),2.39,0.8275
Seg(-0.05),2.4,0.8272
Seg(-0.05),2.41,0.8272
Seg(-0.05),2.42,0.8275
Seg(-0.05),2.43,0.8272
Seg(-0.05),2.44,0.8266
Seg(-0.05),2.45,0.8266
Seg(-0.05),2.46,0.8266
Seg(-0.05),2.47,0.8278
Seg(-0.05),2.48,0.8278
Seg(-0.05),2.49,0.8284
Seg(-0.05),2.5,0.8297
Seg(-0.05),2.51,0.8294
Seg(-0.05),2.52,0.8294
Seg(-0.05),2.53,0.8294
Seg(-0.05),2.54,0.8294
Seg(-0.05),2.55,0.8287
Seg(-0.05),2.56,0.8297
Seg(-0.05),2.57,0.83
Seg(-0.05),2.58,0.8322
Seg(-0.05),2.59,0.8313
Seg(-0.05),2.6,0.8313
Seg(-0.05),2.61,0.8313
Seg(-0.05),2.62,0.8313
Seg(-0.05),2.63,0.8316
Seg(-0.05),2.64,0.8316
Seg(-0.05),2.65,0.8313
Seg(-0.05),2.66,0.8313
Seg(-0.05),2.67,0.8313
Seg(-0.05),2.68,0.8303
Seg(-0.05),2.69,0.8303
Seg(-0.05),2.7,0.8306
Seg(-0.05),2.71,0.8294
Seg(-0.05),2.72,0.8294
Seg(-0.05),2.73,0.8287
Seg(-0.05),2.74,0.8284
Seg(-0.05),2.76,0.8284
Seg(-0.05),2.77,0.8275
Seg(-0.05),2.78,0.8294
Seg(-0.05),2.79,0.8294
Seg(-0.05),2.8,0.8294
Seg(-0.05),2.81,0.8294
Seg(-0.05),2.82,0.8294
Seg(-0.05),2.83,0.8294
Seg(-0.05),2.84,0.8294
Seg(-0.05),2.85,0.8284
Seg(-0.05),2.86,0.8284
Seg(-0.05),2.87,0.8266
Seg(-0.05),2.88,0.8256
Seg(-0.05),2.89,0.8256
Seg(-0.05),2.9,0.825
Seg(-0.05),2.91,0.8256
Seg(-0.05),2.92,0.8256
Seg(-0.05),2.93,0.8256
Seg(-0.05),2.94,0.8244
Seg(-0.05),2.95,0.8244
Seg(-0.05),2.96,0.8244
Seg(-0.05),2.97,0.8247
Seg(-0.05),2.98,0.8247
Seg(-0.05),2.99,0.8231
Seg(-0.05),3.0,0.8231
Seg(-0.05),3.02,0.8231
Seg(-0.05),3.03,0.8234
Seg(-0.05),3.05,0.8234
Seg(-0.05),3.07,0.8222
Seg(-0.05),3.08,0.8222
Seg(-0.05),3.09,0.8222
Seg(-0.05),3.1,0.8222
Seg(-0.05),3.11,0.8222
Seg(-0.05),3.12,0.8216
Seg(-0.05),3.13,0.8209
Seg(-0.05),3.15,0.8209
Seg(-0.05),3.16,0.8225
Seg(-0.05),3.17,0.8225
Seg(-0.05),3.18,0.8225
Seg(-0.05),3.2,0.8219
Seg(-0.05),3.21,0.8219
Seg(-0.05),3.22,0.8219
Seg(-0.05),3.23,0.8213
Seg(-0.05),3.24,0.8213
Seg(-0.05),3.25,0.8209
Seg(-0.05),3.26,0.8209
Seg(-0.05),3.27,0.8206
Seg(-0.05),3.29,0.8206
Seg(-0.05),3.3,0.8206
Seg(-0.05),3.31,0.82
Seg(-0.05),3.32,0.82
Seg(-0.05),3.33,0.8187
Seg(-0.05),3.34,0.8187
Seg(-0.05),3.35,0.8178
Seg(-0.05),3.36,0.8178
Seg(-0.05),3.37,0.8178
Seg(-0.05),3.38,0.8191
Seg(-0.05),3.39,0.8191
Seg(-0.05),3.4,0.8181
Seg(-0.05),3.41,0.8181
Seg(-0.05),3.42,0.8181
Seg(-0.05),3.44,0.8181
Seg(-0.05),3.45,0.8194
Seg(-0.05),3.46,0.8194
Seg(-0.05),3.47,0.8194
Seg(-0.05),3.48,0.8194
Seg(-0.05),3.49,0.8194
Seg(-0.05),3.5,0.8194
Seg(-0.05),3.51,0.8194
Seg(-0.05),3.52,0.8194
Seg(-0.05),3.53,0.8191
Seg(-0.05),3.54,0.8191
Seg(-0.05),3.55,0.8187
Seg(-0.05),3.57,0.8187
Seg(-0.05),3.58,0.8187
Seg(-0.05),3.59,0.8194
Seg(-0.05),3.6,0.8194
Seg(-0.05),3.61,0.8194
Seg(-0.05),3.63,0.8191
Seg(-0.05),3.64,0.8172
Seg(-0.05),3.65,0.8156
Seg(-0.05),3.66,0.8156
Seg(-0.05),3.67,0.8156
Seg(-0.05),3.68,0.8144
Seg(-0.05),3.69,0.8144
Seg(-0.05),3.7,0.8144
Seg(-0.05),3.72,0.8153
Seg(-0.05),3.73,0.8153
Seg(-0.05),3.74,0.8166
Seg(-0.05),3.78,0.8166
Seg(-0.05),3.81,0.8166
Seg(-0.05),3.82,0.8141
Seg(-0.05),3.83,0.8128
Seg(-0.05),3.84,0.8137
Seg(-0.05),3.85,0.815
Seg(-0.05),3.87,0.815
Seg(-0.05),3.88,0.815
Seg(-0.05),3.91,0.8169
Seg(-0.05),3.93,0.8169
Seg(-0.05),3.95,0.8169
Seg(-0.05),3.96,0.8169
Seg(-0.05),3.97,0.8169
Seg(-0.05),3.99,0.8169
Seg(-0.05),4.0,0.8169
Seg(-0.05),4.04,0.8156
Seg(-0.05),4.05,0.8156
Seg(-0.05),4.06,0.8156
Seg(-0.05),4.07,0.8131
Seg(-0.05),4.08,0.8131
Seg(-0.05),4.09,0.8131
Seg(-0.05),4.1,0.8119
Seg(-0.05),4.11,0.8119
Seg(-0.05),4.16,0.8119
Seg(-0.05),4.17,0.8119
Seg(-0.05),4.18,0.8119
Seg(-0.05),4.19,0.8106
Seg(-0.05),4.2,0.8094
Seg(-0.05),4.22,0.8094
Seg(-0.05),4.23,0.8094
Seg(-0.05),4.25,0.8094
Seg(-0.05),4.27,0.8094
Seg(-0.05),4.28,0.8094
Seg(-0.05),4.29,0.8094
Seg(-0.05),4.31,0.8094
Seg(-0.05),4.32,0.8094
Seg(-0.05),4.33,0.8094
Seg(-0.05),4.34,0.8084
Seg(-0.05),4.36,0.8084
Seg(-0.05),4.37,0.8084
Seg(-0.05),4.39,0.8084
Seg(-0.05),4.4,0.8084
Seg(-0.05),4.42,0.8059
Seg(-0.05),4.43,0.8059
Seg(-0.05),4.45,0.8047
Seg(-0.05),4.46,0.8047
Seg(-0.05),4.47,0.8047
Seg(-0.05),4.48,0.8047
Seg(-0.05),4.49,0.8047
Seg(-0.05),4.5,0.8047
Seg(-0.05),4.54,0.8047
Seg(-0.05),4.55,0.8037
Seg(-0.05),4.58,0.8037
Seg(-0.05),4.6,0.8025
Seg(-0.05),4.65,0.8025
Seg(-0.05),4.68,0.8016
Seg(-0.05),4.7,0.8016
Seg(-0.05),4.75,0.8016
Seg(-0.05),4.76,0.8016
Seg(-0.05),4.81,0.8006
Seg(-0.05),4.82,0.8006
RNG(0),0.99,0.8016
RNG(0),1.0,0.8016
RNG(0),1.02,0.8016
RNG(0),1.03,0.8022
RNG(0),1.04,0.8034
RNG(0),1.05,0.8041
RNG(0),1.06,0.8044
RNG(0),1.07,0.805
RNG(0),1.08,0.8056
RNG(0),1.09,0.8059
RNG(0),1.1,0.8063
RNG(0),1.11,0.8066
RNG(0),1.12,0.8066
RNG(0),1.13,0.8066
RNG(0),1.15,0.8069
RNG(0),1.19,0.8072
RNG(0),1.22,0.8069
RNG(0),1.24,0.8072
RNG(0),1.28,0.8072
RNG(0),1.29,0.8072
RNG(0),1.31,0.8075
RNG(0),1.32,0.8075
RNG(0),1.33,0.8078
RNG(0),1.34,0.8078
RNG(0),1.35,0.8081
RNG(0),1.37,0.8081
RNG(0),1.4,0.8087
RNG(0),1.41,0.8091
RNG(0),1.43,0.8097
RNG(0),1.44,0.8091
RNG(0),1.46,0.8091
RNG(0),1.47,0.8094
RNG(0),1.48,0.8094
RNG(0),1.49,0.81
RNG(0),1.5,0.81
RNG(0),1.51,0.8097
RNG(0),1.52,0.8097
RNG(0),1.53,0.8103
RNG(0),1.54,0.8106
RNG(0),1.55,0.8106
RNG(0),1.56,0.8109
RNG(0),1.57,0.8113
RNG(0),1.58,0.8113
RNG(0),1.59,0.8113
RNG(0),1.6,0.8113
RNG(0),1.61,0.8131
RNG(0),1.62,0.8128
RNG(0),1.63,0.8131
RNG(0),1.64,0.8134
RNG(0),1.65,0.8147
RNG(0),1.66,0.8159
RNG(0),1.67,0.8166
RNG(0),1.68,0.8172
RNG(0),1.69,0.8172
RNG(0),1.7,0.8175
RNG(0),1.71,0.8184
RNG(0),1.72,0.8187
RNG(0),1.73,0.8194
RNG(0),1.74,0.8197
RNG(0),1.75,0.8203
RNG(0),1.76,0.8206
RNG(0),1.79,0.8206
RNG(0),1.8,0.8206
RNG(0),1.81,0.8225
RNG(0),1.82,0.8225
RNG(0),1.83,0.8222
RNG(0),1.84,0.8244
RNG(0),1.85,0.8244
RNG(0),1.86,0.825
RNG(0),1.87,0.825
RNG(0),1.88,0.8253
RNG(0),1.89,0.825
RNG(0),1.9,0.8263
RNG(0),1.91,0.8266
RNG(0),1.92,0.8266
RNG(0),1.93,0.8266
RNG(0),1.94,0.8269
RNG(0),1.95,0.8269
RNG(0),1.96,0.8269
RNG(0),1.97,0.8272
RNG(0),1.98,0.8272
RNG(0),1.99,0.8278
RNG(0),2.0,0.8278
RNG(0),2.01,0.8284
RNG(0),2.02,0.8284
RNG(0),2.03,0.8284
RNG(0),2.04,0.8287
RNG(0),2.05,0.8291
RNG(0),2.06,0.8287
RNG(0),2.08,0.8287
RNG(0),2.09,0.8287
RNG(0),2.1,0.8291
RNG(0),2.11,0.8294
RNG(0),2.12,0.8303
RNG(0),2.13,0.8303
RNG(0),2.15,0.8303
RNG(0),2.17,0.8309
RNG(0),2.18,0.8309
RNG(0),2.19,0.8306
RNG(0),2.2,0.8309
RNG(0),2.21,0.8306
RNG(0),2.22,0.8306
RNG(0),2.23,0.8303
RNG(0),2.24,0.8306
RNG(0),2.25,0.8316
RNG(0),2.26,0.8316
RNG(0),2.27,0.8316
RNG(0),2.28,0.8316
RNG(0),2.29,0.8313
RNG(0),2.31,0.8325
RNG(0),2.32,0.8325
RNG(0),2.33,0.8297
RNG(0),2.34,0.8266
RNG(0),2.35,0.8275
RNG(0),2.36,0.8278
RNG(0),2.37,0.8272
RNG(0),2.38,0.8266
RNG(0),2.39,0.8266
RNG(0),2.4,0.8263
RNG(0),2.41,0.8263
RNG(0),2.42,0.8266
RNG(0),2.43,0.8263
RNG(0),2.44,0.8256
RNG(0),2.45,0.8256
RNG(0),2.46,0.8256
RNG(0),2.47,0.8269
RNG(0),2.48,0.8269
RNG(0),2.49,0.8275
RNG(0),2.5,0.8287
RNG(0),2.51,0.8287
RNG(0),2.52,0.8287
RNG(0),2.53,0.8287
RNG(0),2.54,0.8287
RNG(0),2.55,0.8294
RNG(0),2.56,0.8306
RNG(0),2.57,0.8309
RNG(0),2.58,0.8325
RNG(0),2.59,0.8316
RNG(0),2.6,0.8316
RNG(0),2.61,0.8316
RNG(0),2.62,0.8316
RNG(0),2.63,0.8319
RNG(0),2.64,0.8319
RNG(0),2.65,0.8319
RNG(0),2.66,0.8316
RNG(0),2.67,0.8316
RNG(0),2.68,0.8306
RNG(0),2.69,0.8306
RNG(0),2.7,0.8309
RNG(0),2.71,0.8297
RNG(0),2.72,0.8297
RNG(0),2.73,0.8291
RNG(0),2.74,0.8291
RNG(0),2.76,0.8291
RNG(0),2.77,0.8291
RNG(0),2.78,0.8313
RNG(0),2.79,0.8313
RNG(0),2.8,0.8313
RNG(0),2.81,0.8313
RNG(0),2.82,0.8313
RNG(0),2.83,0.8313
RNG(0),2.84,0.8313
RNG(0),2.85,0.8303
RNG(0),2.86,0.8303
RNG(0),2.87,0.8284
RNG(0),2.88,0.8275
RNG(0),2.89,0.8275
RNG(0),2.9,0.8269
RNG(0),2.91,0.8275
RNG(0),2.92,0.8275
RNG(0),2.93,0.8275
RNG(0),2.94,0.8269
RNG(0),2.95,0.8269
RNG(0),2.96,0.8269
RNG(0),2.97,0.8272
RNG(0),2.98,0.8272
RNG(0),2.99,0.8256
RNG(0),3.0,0.8256
RNG(0),3.02,0.8256
RNG(0),3.03,0.8259
RNG(0),3.05,0.8259
RNG(0),3.07,0.8247
RNG(0),3.08,0.8247
RNG(0),3.09,0.8247
RNG(0),3.1,0.8247
RNG(0),3.11,0.8247
RNG(0),3.12,0.8241
RNG(0),3.13,0.8234
RNG(0),3.15,0.8234
RNG(0),3.16,0.8241
RNG(0),3.17,0.8241
RNG(0),3.18,0.8241
RNG(0),3.2,0.8225
RNG(0),3.21,0.8225
RNG(0),3.22,0.8225
RNG(0),3.23,0.8225
RNG(0),3.24,0.8225
RNG(0),3.25,0.8222
RNG(0),3.26,0.8222
RNG(0),3.27,0.8222
RNG(0),3.29,0.8222
RNG(0),3.3,0.8222
RNG(0),3.31,0.8222
RNG(0),3.32,0.8222
RNG(0),3.33,0.8222
RNG(0),3.34,0.8222
RNG(0),3.35,0.8222
RNG(0),3.36,0.8222
RNG(0),3.37,0.8222
RNG(0),3.38,0.8234
RNG(0),3.39,0.8234
RNG(0),3.4,0.8234
RNG(0),3.41,0.8234
RNG(0),3.42,0.8234
RNG(0),3.44,0.8234
RNG(0),3.45,0.8247
RNG(0),3.46,0.8247
RNG(0),3.47,0.8247
RNG(0),3.48,0.8247
RNG(0),3.49,0.8247
RNG(0),3.5,0.8247
RNG(0),3.51,0.8247
RNG(0),3.52,0.8247
RNG(0),3.53,0.8244
RNG(0),3.54,0.8244
RNG(0),3.55,0.8241
RNG(0),3.57,0.8241
RNG(0),3.58,0.8241
RNG(0),3.59,0.8247
RNG(0),3.6,0.8247
RNG(0),3.61,0.8247
RNG(0),3.63,0.8247
RNG(0),3.64,0.8228
RNG(0),3.65,0.8213
RNG(0),3.66,0.8213
RNG(0),3.67,0.8213
RNG(0),3.68,0.82
RNG(0),3.69,0.82
RNG(0),3.7,0.82
RNG(0),3.72,0.8209
RNG(0),3.73,0.8209
RNG(0),3.74,0.8225
RNG(0),3.78,0.8225
RNG(0),3.81,0.8225
RNG(0),3.82,0.8213
RNG(0),3.83,0.8213
RNG(0),3.84,0.8222
RNG(0),3.85,0.8241
RNG(0),3.87,0.8241
RNG(0),3.88,0.8241
RNG(0),3.91,0.8259
RNG(0),3.93,0.8259
RNG(0),3.95,0.8259
RNG(0),3.96,0.8259
RNG(0),3.97,0.8259
RNG(0),3.99,0.8259
RNG(0),4.0,0.8278
RNG(0),4.04,0.8266
RNG(0),4.05,0.8266
RNG(0),4.06,0.8266
RNG(0),4.07,0.8241
RNG(0),4.08,0.8241
RNG(0),4.09,0.8241
RNG(0),4.1,0.8228
RNG(0),4.11,0.8228
RNG(0),4.16,0.8228
RNG(0),4.17,0.8228
RNG(0),4.18,0.8228
RNG(0),4.19,0.8228
RNG(0),4.2,0.8228
RNG(0),4.22,0.8228
RNG(0),4.23,0.8228
RNG(0),4.25,0.8228
RNG(0),4.27,0.8228
RNG(0),4.28,0.8228
RNG(0),4.29,0.8228
RNG(0),4.31,0.8228
RNG(0),4.32,0.8228
RNG(0),4.33,0.8228
RNG(0),4.34,0.8219
RNG(0),4.36,0.8219
RNG(0),4.37,0.8219
RNG(0),4.39,0.8219
RNG(0),4.4,0.8219
RNG(0),4.42,0.8219
RNG(0),4.43,0.8219
RNG(0),4.45,0.8219
RNG(0),4.46,0.8219
RNG(0),4.47,0.8219
RNG(0),4.48,0.8206
RNG(0),4.49,0.8206
RNG(0),4.5,0.8206
RNG(0),4.54,0.8206
RNG(0),4.55,0.8206
RNG(0),4.58,0.8206
RNG(0),4.6,0.8206
RNG(0),4.65,0.8206
RNG(0),4.68,0.8206
RNG(0),4.7,0.8206
RNG(0),4.75,0.8206
RNG(0),4.76,0.8206
RNG(0),4.81,0.8206
RNG(0),4.82,0.8206
Seg(0),0.99,0.8016
Seg(0),1.0,0.8016
Seg(0),1.02,0.8016
Seg(0),1.03,0.8019
Seg(0),1.04,0.8031
Seg(0),1.05,0.8037
Seg(0),1.06,0.8041
Seg(0),1.07,0.8047
Seg(0),1.08,0.8053
Seg(0),1.09,0.8056
Seg(0),1.1,0.8059
Seg(0),1.11,0.8063
Seg(0),1.12,0.8063
Seg(0),1.13,0.8063
Seg(0),1.15,0.8066
Seg(0),1.19,0.8069
Seg(0),1.22,0.8066
Seg(0),1.24,0.8066
Seg(0),1.28,0.8066
Seg(0),1.29,0.8066
Seg(0),1.31,0.8066
Seg(0),1.32,0.8066
Seg(0),1.33,0.8069
Seg(0),1.34,0.8069
Seg(0),1.35,0.8072
Seg(0),1.37,0.8072
Seg(0),1.4,0.8078
Seg(0),1.41,0.8081
Seg(0),1.43,0.8087
Seg(0),1.44,0.8084
Seg(0),1.46,0.8084
Seg(0),1.47,0.8087
Seg(0),1.48,0.8087
Seg(0),1.49,0.8094
Seg(0),1.5,0.8094
Seg(0),1.51,0.8091
Seg(0),1.52,0.8091
Seg(0),1.53,0.8091
Seg(0),1.54,0.8091
Seg(0),1.55,0.8091
Seg(0),1.56,0.8097
Seg(0),1.57,0.81
Seg(0),1.58,0.8103
Seg(0),1.59,0.8103
Seg(0),1.6,0.8103
Seg(0),1.61,0.8103
Seg(0),1.62,0.81
Seg(0),1.63,0.8103
Seg(0),1.64,0.8106
Seg(0),1.65,0.8119
Seg(0),1.66,0.8131
Seg(0),1.67,0.8137
Seg(0),1.68,0.8144
Seg(0),1.69,0.8141
Seg(0),1.7,0.8144
Seg(0),1.71,0.8153
Seg(0),1.72,0.8156
Seg(0),1.73,0.8163
Seg(0),1.74,0.8163
Seg(0),1.75,0.8169
Seg(0),1.76,0.8172
Seg(0),1.79,0.8172
Seg(0),1.8,0.8172
Seg(0),1.81,0.8191
Seg(0),1.82,0.8191
Seg(0),1.83,0.8187
Seg(0),1.84,0.8209
Seg(0),1.85,0.8209
Seg(0),1.86,0.8213
Seg(0),1.87,0.8213
Seg(0),1.88,0.8219
Seg(0),1.89,0.8216
Seg(0),1.9,0.8228
Seg(0),1.91,0.8231
Seg(0),1.92,0.8231
Seg(0),1.93,0.8225
Seg(0),1.94,0.8225
Seg(0),1.95,0.8225
Seg(0),1.96,0.8225
Seg(0),1.97,0.8228
Seg(0),1.98,0.8228
Seg(0),1.99,0.8234
Seg(0),2.0,0.8234
Seg(0),2.01,0.8241
Seg(0),2.02,0.8241
Seg(0),2.03,0.8237
Seg(0),2.04,0.8241
Seg(0),2.05,0.8244
Seg(0),2.06,0.8241
Seg(0),2.08,0.8241
Seg(0),2.09,0.8241
Seg(0),2.1,0.8244
Seg(0),2.11,0.8247
Seg(0),2.12,0.8256
Seg(0),2.13,0.8256
Seg(0),2.15,0.8256
Seg(0),2.17,0.8263
Seg(0),2.18,0.8263
Seg(0),2.19,0.8259
Seg(0),2.2,0.8263
Seg(0),2.21,0.8259
Seg(0),2.22,0.8259
Seg(0),2.23,0.8259
Seg(0),2.24,0.8263
Seg(0),2.25,0.8272
Seg(0),2.26,0.8272
Seg(0),2.27,0.8272
Seg(0),2.28,0.8272
Seg(0),2.29,0.8266
Seg(0),2.31,0.8278
Seg(0),2.32,0.8278
Seg(0),2.33,0.825
Seg(0),2.34,0.8231
Seg(0),2.35,0.8259
Seg(0),2.36,0.8263
Seg(0),2.37,0.8256
Seg(0),2.38,0.8253
Seg(0),2.39,0.8253
Seg(0),2.4,0.825
Seg(0),2.41,0.825
Seg(0),2.42,0.8253
Seg(0),2.43,0.825
Seg(0),2.44,0.8244
Seg(0),2.45,0.8244
Seg(0),2.46,0.8244
Seg(0),2.47,0.8256
Seg(0),2.48,0.8256
Seg(0),2.49,0.8263
Seg(0),2.5,0.8275
Seg(0),2.51,0.8272
Seg(0),2.52,0.8269
Seg(0),2.53,0.8269
Seg(0),2.54,0.8269
Seg(0),2.55,0.8269
Seg(0),2.56,0.8269
Seg(0),2.57,0.8272
Seg(0),2.58,0.8287
Seg(0),2.59,0.8278
Seg(0),2.6,0.8281
Seg(0),2.61,0.8281
Seg(0),2.62,0.8281
Seg(0),2.63,0.8278
Seg(0),2.64,0.8278
Seg(0),2.65,0.8275
Seg(0),2.66,0.8269
Seg(0),2.67,0.8269
Seg(0),2.68,0.8259
Seg(0),2.69,0.8259
Seg(0),2.7,0.8263
Seg(0),2.71,0.825
Seg(0),2.72,0.825
Seg(0),2.73,0.8244
Seg(0),2.74,0.8244
Seg(0),2.76,0.8244
Seg(0),2.77,0.8244
Seg(0),2.78,0.8263
Seg(0),2.79,0.8263
Seg(0),2.8,0.8263
Seg(0),2.81,0.8263
Seg(0),2.82,0.8263
Seg(0),2.83,0.8263
Seg(0),2.84,0.8263
Seg(0),2.85,0.8253
Seg(0),2.86,0.8253
Seg(0),2.87,0.8241
Seg(0),2.88,0.8231
Seg(0),2.89,0.8231
Seg(0),2.9,0.8225
Seg(0),2.91,0.8231
Seg(0),2.92,0.8231
Seg(0),2.93,0.8225
Seg(0),2.94,0.8213
Seg(0),2.95,0.8213
Seg(0),2.96,0.8213
Seg(0),2.97,0.8216
Seg(0),2.98,0.8219
Seg(0),2.99,0.8203
Seg(0),3.0,0.8203
Seg(0),3.02,0.8203
Seg(0),3.03,0.8206
Seg(0),3.05,0.8206
Seg(0),3.07,0.8194
Seg(0),3.08,0.8187
Seg(0),3.09,0.8187
Seg(0),3.1,0.8187
Seg(0),3.11,0.8187
Seg(0),3.12,0.8181
Seg(0),3.13,0.8175
Seg(0),3.15,0.8175
Seg(0),3.16,0.8181
Seg(0),3.17,0.8181
Seg(0),3.18,0.8181
Seg(0),3.2,0.8175
Seg(0),3.21,0.8175
Seg(0),3.22,0.8175
Seg(0),3.23,0.8169
Seg(0),3.24,0.8166
Seg(0),3.25,0.8163
Seg(0),3.26,0.8163
Seg(0),3.27,0.8159
Seg(0),3.29,0.8159
Seg(0),3.3,0.8147
Seg(0),3.31,0.8147
Seg(0),3.32,0.8147
Seg(0),3.33,0.8134
Seg(0),3.34,0.8134
Seg(0),3.35,0.8125
Seg(0),3.36,0.8125
Seg(0),3.37,0.8125
Seg(0),3.38,0.8137
Seg(0),3.39,0.8137
Seg(0),3.4,0.8134
Seg(0),3.41,0.8134
Seg(0),3.42,0.8134
Seg(0),3.44,0.8134
Seg(0),3.45,0.8147
Seg(0),3.46,0.8147
Seg(0),3.47,0.8147
Seg(0),3.48,0.8147
Seg(0),3.49,0.8147
Seg(0),3.5,0.8147
Seg(0),3.51,0.8147
Seg(0),3.52,0.8147
Seg(0),3.53,0.8144
Seg(0),3.54,0.8144
Seg(0),3.55,0.8141
Seg(0),3.57,0.8141
Seg(0),3.58,0.8141
Seg(0),3.59,0.8147
Seg(0),3.6,0.8147
Seg(0),3.61,0.8147
Seg(0),3.63,0.8147
Seg(0),3.64,0.8128
Seg(0),3.65,0.8113
Seg(0),3.66,0.8113
Seg(0),3.67,0.8113
Seg(0),3.68,0.8113
Seg(0),3.69,0.81
Seg(0),3.7,0.81
Seg(0),3.72,0.8109
Seg(0),3.73,0.8109
Seg(0),3.74,0.8122
Seg(0),3.78,0.8122
Seg(0),3.81,0.8122
Seg(0),3.82,0.8109
Seg(0),3.83,0.8097
Seg(0),3.84,0.8106
Seg(0),3.85,0.8119
Seg(0),3.87,0.8119
Seg(0),3.88,0.8119
Seg(0),3.91,0.8137
Seg(0),3.93,0.8137
Seg(0),3.95,0.8137
Seg(0),3.96,0.8137
Seg(0),3.97,0.8137
Seg(0),3.99,0.8137
Seg(0),4.0,0.8156
Seg(0),4.04,0.8144
Seg(0),4.05,0.8144
Seg(0),4.06,0.8144
Seg(0),4.07,0.8119
Seg(0),4.08,0.8119
Seg(0),4.09,0.8119
Seg(0),4.1,0.8106
Seg(0),4.11,0.8106
Seg(0),4.16,0.8106
Seg(0),4.17,0.8106
Seg(0),4.18,0.8106
Seg(0),4.19,0.8094
Seg(0),4.2,0.8066
Seg(0),4.22,0.8066
Seg(0),4.23,0.8066
Seg(0),4.25,0.8066
Seg(0),4.27,0.8066
Seg(0),4.28,0.8059
Seg(0),4.29,0.8059
Seg(0),4.31,0.8059
Seg(0),4.32,0.8059
Seg(0),4.33,0.8059
Seg(0),4.34,0.805
Seg(0),4.36,0.805
Seg(0),4.37,0.805
Seg(0),4.39,0.805
Seg(0),4.4,0.805
Seg(0),4.42,0.8025
Seg(0),4.43,0.8025
Seg(0),4.45,0.8013
Seg(0),4.46,0.8013
Seg(0),4.47,0.8013
Seg(0),4.48,0.8013
Seg(0),4.49,0.8013
Seg(0),4.5,0.8013
Seg(0),4.54,0.8013
Seg(0),4.55,0.8003
Seg(0),4.58,0.8003
Seg(0),4.6,0.8003
Seg(0),4.65,0.8003
Seg(0),4.68,0.7994
Seg(0),4.7,0.7994
Seg(0),4.75,0.7994
Seg(0),4.76,0.7994
Seg(0),4.81,0.7984
Seg(0),4.82,0.7984
RNG(0.05),0.99,0.8016
RNG(0.05),1.0,0.8016
RNG(0.05),1.02,0.8016
RNG(0.05),1.03,0.8019
RNG(0.05),1.04,0.8031
RNG(0.05),1.05,0.8037
RNG(0.05),1.06,0.8041
RNG(0.05),1.07,0.8047
RNG(0.05),1.08,0.8053
RNG(0.05),1.09,0.8056
RNG(0.05),1.1,0.8059
RNG(0.05),1.11,0.8063
RNG(0.05),1.12,0.8063
RNG(0.05),1.13,0.8063
RNG(0.05),1.15,0.8066
RNG(0.05),1.19,0.8069
RNG(0.05),1.22,0.8066
RNG(0.05),1.24,0.8066
RNG(0.05),1.28,0.8066
RNG(0.05),1.29,0.8066
RNG(0.05),1.31,0.8066
RNG(0.05),1.32,0.8066
RNG(0.05),1.33,0.8069
RNG(0.05),1.34,0.8069
RNG(0.05),1.35,0.8072
RNG(0.05),1.37,0.8072
RNG(0.05),1.4,0.8078
RNG(0.05),1.41,0.8081
RNG(0.05),1.43,0.8087
RNG(0.05),1.44,0.8084
RNG(0.05),1.46,0.8084
RNG(0.05),1.47,0.8087
RNG(0.05),1.48,0.8087
RNG(0.05),1.49,0.8094
RNG(0.05),1.5,0.8094
RNG(0.05),1.51,0.8091
RNG(0.05),1.52,0.8091
RNG(0.05),1.53,0.8097
RNG(0.05),1.54,0.81
RNG(0.05),1.55,0.81
RNG(0.05),1.56,0.8106
RNG(0.05),1.57,0.8109
RNG(0.05),1.58,0.8113
RNG(0.05),1.59,0.8113
RNG(0.05),1.6,0.8113
RNG(0.05),1.61,0.8131
RNG(0.05),1.62,0.8128
RNG(0.05),1.63,0.8131
RNG(0.05),1.64,0.8134
RNG(0.05),1.65,0.8147
RNG(0.05),1.66,0.8159
RNG(0.05),1.67,0.8163
RNG(0.05),1.68,0.8169
RNG(0.05),1.69,0.8166
RNG(0.05),1.7,0.8166
RNG(0.05),1.71,0.8175
RNG(0.05),1.72,0.8178
RNG(0.05),1.73,0.8181
RNG(0.05),1.74,0.8181
RNG(0.05),1.75,0.8187
RNG(0.05),1.76,0.8187
RNG(0.05),1.79,0.8187
RNG(0.05),1.8,0.8187
RNG(0.05),1.81,0.8206
RNG(0.05),1.82,0.8206
RNG(0.05),1.83,0.8203
RNG(0.05),1.84,0.8225
RNG(0.05),1.85,0.8225
RNG(0.05),1.86,0.8231
RNG(0.05),1.87,0.8231
RNG(0.05),1.88,0.8234
RNG(0.05),1.89,0.8228
RNG(0.05),1.9,0.8241
RNG(0.05),1.91,0.8244
RNG(0.05),1.92,0.8244
RNG(0.05),1.93,0.8244
RNG(0.05),1.94,0.8247
RNG(0.05),1.95,0.8247
RNG(0.05),1.96,0.8247
RNG(0.05),1.97,0.825
RNG(0.05),1.98,0.825
RNG(0.05),1.99,0.8256
RNG(0.05),2.0,0.8256
RNG(0.05),2.01,0.8263
RNG(0.05),2.02,0.8263
RNG(0.05),2.03,0.8263
RNG(0.05),2.04,0.8266
RNG(0.05),2.05,0.8269
RNG(0.05),2.06,0.8266
RNG(0.05),2.08,0.8266
RNG(0.05),2.09,0.8263
RNG(0.05),2.1,0.8269
RNG(0.05),2.11,0.8272
RNG(0.05),2.12,0.8281
RNG(0.05),2.13,0.8281
RNG(0.05),2.15,0.8281
RNG(0.05),2.17,0.8287
RNG(0.05),2.18,0.8287
RNG(0.05),2.19,0.8284
RNG(0.05),2.2,0.8287
RNG(0.05),2.21,0.8284
RNG(0.05),2.22,0.8284
RNG(0.05),2.23,0.8278
RNG(0.05),2.24,0.8281
RNG(0.05),2.25,0.8291
RNG(0.05),2.26,0.8291
RNG(0.05),2.27,0.8291
RNG(0.05),2.28,0.8291
RNG(0.05),2.29,0.8287
RNG(0.05),2.31,0.83
RNG(0.05),2.32,0.83
RNG(0.05),2.33,0.8275
RNG(0.05),2.34,0.8256
RNG(0.05),2.35,0.8266
RNG(0.05),2.36,0.8269
RNG(0.05),2.37,0.8263
RNG(0.05),2.38,0.8259
RNG(0.05),2.39,0.8259
RNG(0.05),2.4,0.8256
RNG(0.05),2.41,0.8256
RNG(0.05),2.42,0.8259
RNG(0.05),2.43,0.8256
RNG(0.05),2.44,0.8256
RNG(0.05),2.45,0.8256
RNG(0.05),2.46,0.8256
RNG(0.05),2.47,0.8269
RNG(0.05),2.48,0.8269
RNG(0.05),2.49,0.8275
RNG(0.05),2.5,0.8287
RNG(0.05),2.51,0.8287
RNG(0.05),2.52,0.8287
RNG(0.05),2.53,0.8287
RNG(0.05),2.54,0.8287
RNG(0.05),2.55,0.8287
RNG(0.05),2.56,0.8294
RNG(0.05),2.57,0.8297
RNG(0.05),2.58,0.8313
RNG(0.05),2.59,0.8303
RNG(0.05),2.6,0.8306
RNG(0.05),2.61,0.8306
RNG(0.05),2.62,0.8306
RNG(0.05),2.63,0.8309
RNG(0.05),2.64,0.8309
RNG(0.05),2.65,0.8309
RNG(0.05),2.66,0.8303
RNG(0.05),2.67,0.8303
RNG(0.05),2.68,0.8294
RNG(0.05),2.69,0.8294
RNG(0.05),2.7,0.8297
RNG(0.05),2.71,0.8284
RNG(0.05),2.72,0.8284
RNG(0.05),2.73,0.8278
RNG(0.05),2.74,0.8278
RNG(0.05),2.76,0.8278
RNG(0.05),2.77,0.8278
RNG(0.05),2.78,0.8297
RNG(0.05),2.79,0.8297
RNG(0.05),2.8,0.8297
RNG(0.05),2.81,0.8297
RNG(0.05),2.82,0.8297
RNG(0.05),2.83,0.8297
RNG(0.05),2.84,0.8297
RNG(0.05),2.85,0.8287
RNG(0.05),2.86,0.8287
RNG(0.05),2.87,0.8269
RNG(0.05),2.88,0.8259
RNG(0.05),2.89,0.8259
RNG(0.05),2.9,0.8253
RNG(0.05),2.91,0.8259
RNG(0.05),2.92,0.8259
RNG(0.05),2.93,0.8259
RNG(0.05),2.94,0.8253
RNG(0.05),2.95,0.8253
RNG(0.05),2.96,0.8253
RNG(0.05),2.97,0.8256
RNG(0.05),2.98,0.8259
RNG(0.05),2.99,0.8244
RNG(0.05),3.0,0.8244
RNG(0.05),3.02,0.8244
RNG(0.05),3.03,0.8247
RNG(0.05),3.05,0.8247
RNG(0.05),3.07,0.8234
RNG(0.05),3.08,0.8234
RNG(0.05),3.09,0.8234
RNG(0.05),3.1,0.8234
RNG(0.05),3.11,0.8234
RNG(0.05),3.12,0.8228
RNG(0.05),3.13,0.8222
RNG(0.05),3.15,0.8222
RNG(0.05),3.16,0.8228
RNG(0.05),3.17,0.8228
RNG(0.05),3.18,0.8228
RNG(0.05),3.2,0.8222
RNG(0.05),3.21,0.8222
RNG(0.05),3.22,0.8222
RNG(0.05),3.23,0.8222
RNG(0.05),3.24,0.8222
RNG(0.05),3.25,0.8219
RNG(0.05),3.26,0.8219
RNG(0.05),3.27,0.8219
RNG(0.05),3.29,0.8219
RNG(0.05),3.3,0.8219
RNG(0.05),3.31,0.8219
RNG(0.05),3.32,0.8219
RNG(0.05),3.33,0.8219
RNG(0.05),3.34,0.8219
RNG(0.05),3.35,0.8219
RNG(0.05),3.36,0.8219
RNG(0.05),3.37,0.8219
RNG(0.05),3.38,0.8231
RNG(0.05),3.39,0.8231
RNG(0.05),3.4,0.8228
RNG(0.05),3.41,0.8228
RNG(0.05),3.42,0.8228
RNG(0.05),3.44,0.8228
RNG(0.05),3.45,0.8241
RNG(0.05),3.46,0.8241
RNG(0.05),3.47,0.8241
RNG(0.05),3.48,0.8241
RNG(0.05),3.49,0.8241
RNG(0.05),3.5,0.8241
RNG(0.05),3.51,0.8241
RNG(0.05),3.52,0.8241
RNG(0.05),3.53,0.8237
RNG(0.05),3.54,0.8237
RNG(0.05),3.55,0.8234
RNG(0.05),3.57,0.8234
RNG(0.05),3.58,0.8234
RNG(0.05),3.59,0.8241
RNG(0.05),3.6,0.8241
RNG(0.05),3.61,0.8241
RNG(0.05),3.63,0.8241
RNG(0.05),3.64,0.8222
RNG(0.05),3.65,0.8206
RNG(0.05),3.66,0.8206
RNG(0.05),3.67,0.8206
RNG(0.05),3.68,0.8194
RNG(0.05),3.69,0.8194
RNG(0.05),3.7,0.8194
RNG(0.05),3.72,0.8203
RNG(0.05),3.73,0.8203
RNG(0.05),3.74,0.8219
RNG(0.05),3.78,0.8219
RNG(0.05),3.81,0.8219
RNG(0.05),3.82,0.8206
RNG(0.05),3.83,0.8206
RNG(0.05),3.84,0.8216
RNG(0.05),3.85,0.8231
RNG(0.05),3.87,0.8231
RNG(0.05),3.88,0.8231
RNG(0.05),3.91,0.825
RNG(0.05),3.93,0.825
RNG(0.05),3.95,0.825
RNG(0.05),3.96,0.825
RNG(0.05),3.97,0.825
RNG(0.05),3.99,0.825
RNG(0.05),4.0,0.8269
RNG(0.05),4.04,0.8256
RNG(0.05),4.05,0.8256
RNG(0.05),4.06,0.8256
RNG(0.05),4.07,0.8231
RNG(0.05),4.08,0.8231
RNG(0.05),4.09,0.8231
RNG(0.05),4.1,0.8219
RNG(0.05),4.11,0.8219
RNG(0.05),4.16,0.8219
RNG(0.05),4.17,0.8219
RNG(0.05),4.18,0.8219
RNG(0.05),4.19,0.8219
RNG(0.05),4.2,0.8219
RNG(0.05),4.22,0.8219
RNG(0.05),4.23,0.8219
RNG(0.05),4.25,0.8219
RNG(0.05),4.27,0.8219
RNG(0.05),4.28,0.8213
RNG(0.05),4.29,0.8213
RNG(0.05),4.31,0.8213
RNG(0.05),4.32,0.8213
RNG(0.05),4.33,0.8213
RNG(0.05),4.34,0.8203
RNG(0.05),4.36,0.8203
RNG(0.05),4.37,0.8203
RNG(0.05),4.39,0.8203
RNG(0.05),4.4,0.8203
RNG(0.05),4.42,0.8178
RNG(0.05),4.43,0.8178
RNG(0.05),4.45,0.8178
RNG(0.05),4.46,0.8178
RNG(0.05),4.47,0.8178
RNG(0.05),4.48,0.8166
RNG(0.05),4.49,0.8166
RNG(0.05),4.5,0.8166
RNG(0.05),4.54,0.8166
RNG(0.05),4.55,0.8166
RNG(0.05),4.58,0.8166
RNG(0.05),4.6,0.8166
RNG(0.05),4.65,0.8166
RNG(0.05),4.68,0.8166
RNG(0.05),4.7,0.8166
RNG(0.05),4.75,0.8166
RNG(0.05),4.76,0.8166
RNG(0.05),4.81,0.8166
RNG(0.05),4.82,0.8166
Seg(0.05),0.99,0.8016
Seg(0.05),1.0,0.8016
Seg(0.05),1.02,0.8016
Seg(0.05),1.03,0.8019
Seg(0.05),1.04,0.8028
Seg(0.05),1.05,0.8037
Seg(0.05),1.06,0.8041
Seg(0.05),1.07,0.8047
Seg(0.05),1.08,0.8053
Seg(0.05),1.09,0.8056
Seg(0.05),1.1,0.8059
Seg(0.05),1.11,0.8063
Seg(0.05),1.12,0.8063
Seg(0.05),1.13,0.8063
Seg(0.05),1.15,0.8066
Seg(0.05),1.19,0.8069
Seg(0.05),1.22,0.8066
Seg(0.05),1.24,0.8066
Seg(0.05),1.28,0.8066
Seg(0.05),1.29,0.8066
Seg(0.05),1.31,0.8069
Seg(0.05),1.32,0.8069
Seg(0.05),1.33,0.8072
Seg(0.05),1.34,0.8072
Seg(0.05),1.35,0.8072
Seg(0.05),1.37,0.8072
Seg(0.05),1.4,0.8075
Seg(0.05),1.41,0.8078
Seg(0.05),1.43,0.8084
Seg(0.05),1.44,0.8078
Seg(0.05),1.46,0.8078
Seg(0.05),1.47,0.8081
Seg(0.05),1.48,0.8081
Seg(0.05),1.49,0.8087
Seg(0.05),1.5,0.8087
Seg(0.05),1.51,0.8084
Seg(0.05),1.52,0.8084
Seg(0.05),1.53,0.8084
Seg(0.05),1.54,0.8084
Seg(0.05),1.55,0.8084
Seg(0.05),1.56,0.8091
Seg(0.05),1.57,0.8094
Seg(0.05),1.58,0.8097
Seg(0.05),1.59,0.8097
Seg(0.05),1.6,0.81
Seg(0.05),1.61,0.81
Seg(0.05),1.62,0.8097
Seg(0.05),1.63,0.81
Seg(0.05),1.64,0.8103
Seg(0.05),1.65,0.8116
Seg(0.05),1.66,0.8128
Seg(0.05),1.67,0.8131
Seg(0.05),1.68,0.8141
Seg(0.05),1.69,0.8137
Seg(0.05),1.7,0.8137
Seg(0.05),1.71,0.8147
Seg(0.05),1.72,0.815
Seg(0.05),1.73,0.8153
Seg(0.05),1.74,0.8153
Seg(0.05),1.75,0.8159
Seg(0.05),1.76,0.8153
Seg(0.05),1.79,0.815
Seg(0.05),1.8,0.815
Seg(0.05),1.81,0.8169
Seg(0.05),1.82,0.8169
Seg(0.05),1.83,0.8166
Seg(0.05),1.84,0.8206
Seg(0.05),1.85,0.8206
Seg(0.05),1.86,0.8209
Seg(0.05),1.87,0.8209
Seg(0.05),1.88,0.8216
Seg(0.05),1.89,0.8213
Seg(0.05),1.9,0.8225
Seg(0.05),1.91,0.8228
Seg(0.05),1.92,0.8228
Seg(0.05),1.93,0.8222
Seg(0.05),1.94,0.8222
Seg(0.05),1.95,0.8222
Seg(0.05),1.96,0.8222
Seg(0.05),1.97,0.8225
Seg(0.05),1.98,0.8225
Seg(0.05),1.99,0.8225
Seg(0.05),2.0,0.8225
Seg(0.05),2.01,0.8231
Seg(0.05),2.02,0.8231
Seg(0.05),2.03,0.8228
Seg(0.05),2.04,0.8228
Seg(0.05),2.05,0.8231
Seg(0.05),2.06,0.8228
Seg(0.05),2.08,0.8228
Seg(0.05),2.09,0.8228
Seg(0.05),2.1,0.8231
Seg(0.05),2.11,0.8234
Seg(0.05),2.12,0.8241
Seg(0.05),2.13,0.8241
Seg(0.05),2.15,0.8241
Seg(0.05),2.17,0.8247
Seg(0.05),2.18,0.8247
Seg(0.05),2.19,0.8244
Seg(0.05),2.2,0.8244
Seg(0.05),2.21,0.8241
Seg(0.05),2.22,0.8237
Seg(0.05),2.23,0.8234
Seg(0.05),2.24,0.8234
Seg(0.05),2.25,0.8234
Seg(0.05),2.26,0.8234
Seg(0.05),2.27,0.8234
Seg(0.05),2.28,0.8234
Seg(0.05),2.29,0.8231
Seg(0.05),2.31,0.8244
Seg(0.05),2.32,0.8244
Seg(0.05),2.33,0.8231
Seg(0.05),2.34,0.8231
Seg(0.05),2.35,0.8259
Seg(0.05),2.36,0.8263
Seg(0.05),2.37,0.8256
Seg(0.05),2.38,0.8253
Seg(0.05),2.39,0.8253
Seg(0.05),2.4,0.825
Seg(0.05),2.41,0.825
Seg(0.05),2.42,0.8253
Seg(0.05),2.43,0.825
Seg(0.05),2.44,0.825
Seg(0.05),2.45,0.825
Seg(0.05),2.46,0.825
Seg(0.05),2.47,0.825
Seg(0.05),2.48,0.825
Seg(0.05),2.49,0.8256
Seg(0.05),2.5,0.8269
Seg(0.05),2.51,0.8266
Seg(0.05),2.52,0.8266
Seg(0.05),2.53,0.8266
Seg(0.05),2.54,0.8266
Seg(0.05),2.55,0.8263
Seg(0.05),2.56,0.8263
Seg(0.05),2.57,0.8266
Seg(0.05),2.58,0.8281
Seg(0.05),2.59,0.8278
Seg(0.05),2.6,0.8281
Seg(0.05),2.61,0.8281
Seg(0.05),2.62,0.8281
Seg(0.05),2.63,0.8284
Seg(0.05),2.64,0.8284
Seg(0.05),2.65,0.8287
Seg(0.05),2.66,0.8281
Seg(0.05),2.67,0.8281
Seg(0.05),2.68,0.8272
Seg(0.05),2.69,0.8272
Seg(0.05),2.7,0.8275
Seg(0.05),2.71,0.8263
Seg(0.05),2.72,0.8263
Seg(0.05),2.73,0.8256
Seg(0.05),2.74,0.8256
Seg(0.05),2.76,0.8256
Seg(0.05),2.77,0.8256
Seg(0.05),2.78,0.8256
Seg(0.05),2.79,0.8256
Seg(0.05),2.8,0.8256
Seg(0.05),2.81,0.8256
Seg(0.05),2.82,0.8256
Seg(0.05),2.83,0.8256
Seg(0.05),2.84,0.8256
Seg(0.05),2.85,0.8256
Seg(0.05),2.86,0.8256
Seg(0.05),2.87,0.8244
Seg(0.05),2.88,0.8234
Seg(0.05),2.89,0.8234
Seg(0.05),2.9,0.8234
Seg(0.05),2.91,0.8241
Seg(0.05),2.92,0.8241
Seg(0.05),2.93,0.8241
Seg(0.05),2.94,0.8234
Seg(0.05),2.95,0.8234
Seg(0.05),2.96,0.8234
Seg(0.05),2.97,0.8237
Seg(0.05),2.98,0.8237
Seg(0.05),2.99,0.8222
Seg(0.05),3.0,0.8222
Seg(0.05),3.02,0.8222
Seg(0.05),3.03,0.8225
Seg(0.05),3.05,0.8225
Seg(0.05),3.07,0.8225
Seg(0.05),3.08,0.8219
Seg(0.05),3.09,0.8219
Seg(0.05),3.1,0.8219
Seg(0.05),3.11,0.8219
Seg(0.05),3.12,0.8213
Seg(0.05),3.13,0.8206
Seg(0.05),3.15,0.8206
Seg(0.05),3.16,0.8213
Seg(0.05),3.17,0.8213
Seg(0.05),3.18,0.8213
Seg(0.05),3.2,0.8206
Seg(0.05),3.21,0.8206
Seg(0.05),3.22,0.8206
Seg(0.05),3.23,0.82
Seg(0.05),3.24,0.82
Seg(0.05),3.25,0.8197
Seg(0.05),3.26,0.8197
Seg(0.05),3.27,0.8197
Seg(0.05),3.29,0.8197
Seg(0.05),3.3,0.8197
Seg(0.05),3.31,0.8197
Seg(0.05),3.32,0.8197
Seg(0.05),3.33,0.8184
Seg(0.05),3.34,0.8184
Seg(0.05),3.35,0.8184
Seg(0.05),3.36,0.8184
Seg(0.05),3.37,0.82
Seg(0.05),3.38,0.8213
Seg(0.05),3.39,0.8213
Seg(0.05),3.4,0.8209
Seg(0.05),3.41,0.8209
Seg(0.05),3.42,0.8209
Seg(0.05),3.44,0.8209
Seg(0.05),3.45,0.8222
Seg(0.05),3.46,0.8222
Seg(0.05),3.47,0.8222
Seg(0.05),3.48,0.8222
Seg(0.05),3.49,0.8237
Seg(0.05),3.5,0.8237
Seg(0.05),3.51,0.8237
Seg(0.05),3.52,0.8237
Seg(0.05),3.53,0.8234
Seg(0.05),3.54,0.8234
Seg(0.05),3.55,0.8231
Seg(0.05),3.57,0.8231
Seg(0.05),3.58,0.8231
Seg(0.05),3.59,0.8237
Seg(0.05),3.6,0.8237
Seg(0.05),3.61,0.8237
Seg(0.05),3.63,0.8237
Seg(0.05),3.64,0.8219
Seg(0.05),3.65,0.8203
Seg(0.05),3.66,0.8203
Seg(0.05),3.67,0.8203
Seg(0.05),3.68,0.8203
Seg(0.05),3.69,0.8203
Seg(0.05),3.7,0.8203
Seg(0.05),3.72,0.8213
Seg(0.05),3.73,0.8213
Seg(0.05),3.74,0.8213
Seg(0.05),3.78,0.8213
Seg(0.05),3.81,0.8213
Seg(0.05),3.82,0.82
Seg(0.05),3.83,0.8187
Seg(0.05),3.84,0.8197
Seg(0.05),3.85,0.8197
Seg(0.05),3.87,0.8197
Seg(0.05),3.88,0.8197
Seg(0.05),3.91,0.8216
Seg(0.05),3.93,0.8216
Seg(0.05),3.95,0.8216
Seg(0.05),3.96,0.8216
Seg(0.05),3.97,0.8216
Seg(0.05),3.99,0.8216
Seg(0.05),4.0,0.8234
Seg(0.05),4.04,0.8222
Seg(0.05),4.05,0.8222
Seg(0.05),4.06,0.8222
Seg(0.05),4.07,0.8209
Seg(0.05),4.08,0.8209
Seg(0.05),4.09,0.8209
Seg(0.05),4.1,0.8197
Seg(0.05),4.11,0.8197
Seg(0.05),4.16,0.8197
Seg(0.05),4.17,0.8197
Seg(0.05),4.18,0.8197
Seg(0.05),4.19,0.8197
Seg(0.05),4.2,0.8197
Seg(0.05),4.22,0.8197
Seg(0.05),4.23,0.8197
Seg(0.05),4.25,0.8197
Seg(0.05),4.27,0.8197
Seg(0.05),4.28,0.8191
Seg(0.05),4.29,0.8191
Seg(0.05),4.31,0.8191
Seg(0.05),4.32,0.8191
Seg(0.05),4.33,0.8191
Seg(0.05),4.34,0.8181
Seg(0.05),4.36,0.8181
Seg(0.05),4.37,0.8181
Seg(0.05),4.39,0.8181
Seg(0.05),4.4,0.8181
Seg(0.05),4.42,0.8156
Seg(0.05),4.43,0.8156
Seg(0.05),4.45,0.8156
Seg(0.05),4.46,0.8156
Seg(0.05),4.47,0.8156
Seg(0.05),4.48,0.8156
Seg(0.05),4.49,0.8156
Seg(0.05),4.5,0.8156
Seg(0.05),4.54,0.8156
Seg(0.05),4.55,0.8156
Seg(0.05),4.58,0.8156
Seg(0.05),4.6,0.8156
Seg(0.05),4.65,0.8156
Seg(0.05),4.68,0.8156
Seg(0.05),4.7,0.8156
Seg(0.05),4.75,0.8156
Seg(0.05),4.76,0.8156
Seg(0.05),4.81,0.8147
Seg(0.05),4.82,0.8147
RNG(0.1),0.99,0.8016
RNG(0.1),1.0,0.8016
RNG(0.1),1.02,0.8016
RNG(0.1),1.03,0.8019
RNG(0.1),1.04,0.8031
RNG(0.1),1.05,0.8037
RNG(0.1),1.06,0.8041
RNG(0.1),1.07,0.8047
RNG(0.1),1.08,0.8053
RNG(0.1),1.09,0.8056
RNG(0.1),1.1,0.8059
RNG(0.1),1.11,0.8063
RNG(0.1),1.12,0.8063
RNG(0.1),1.13,0.8063
RNG(0.1),1.15,0.8066
RNG(0.1),1.19,0.8069
RNG(0.1),1.22,0.8066
RNG(0.1),1.24,0.8066
RNG(0.1),1.28,0.8066
RNG(0.1),1.29,0.8066
RNG(0.1),1.31,0.8069
RNG(0.1),1.32,0.8069
RNG(0.1),1.33,0.8072
RNG(0.1),1.34,0.8072
RNG(0.1),1.35,0.8075
RNG(0.1),1.37,0.8075
RNG(0.1),1.4,0.8078
RNG(0.1),1.41,0.8081
RNG(0.1),1.43,0.8087
RNG(0.1),1.44,0.8084
RNG(0.1),1.46,0.8084
RNG(0.1),1.47,0.8087
RNG(0.1),1.48,0.8087
RNG(0.1),1.49,0.8094
RNG(0.1),1.5,0.8094
RNG(0.1),1.51,0.8091
RNG(0.1),1.52,0.8091
RNG(0.1),1.53,0.8097
RNG(0.1),1.54,0.81
RNG(0.1),1.55,0.81
RNG(0.1),1.56,0.8106
RNG(0.1),1.57,0.8109
RNG(0.1),1.58,0.8113
RNG(0.1),1.59,0.8113
RNG(0.1),1.6,0.8116
RNG(0.1),1.61,0.8134
RNG(0.1),1.62,0.8131
RNG(0.1),1.63,0.8134
RNG(0.1),1.64,0.8137
RNG(0.1),1.65,0.8147
RNG(0.1),1.66,0.8159
RNG(0.1),1.67,0.8163
RNG(0.1),1.68,0.8172
RNG(0.1),1.69,0.8172
RNG(0.1),1.7,0.8172
RNG(0.1),1.71,0.8181
RNG(0.1),1.72,0.8184
RNG(0.1),1.73,0.8187
RNG(0.1),1.74,0.8187
RNG(0.1),1.75,0.8194
RNG(0.1),1.76,0.8191
RNG(0.1),1.79,0.8191
RNG(0.1),1.8,0.8191
RNG(0.1),1.81,0.8209
RNG(0.1),1.82,0.8209
RNG(0.1),1.83,0.8206
RNG(0.1),1.84,0.8247
RNG(0.1),1.85,0.8247
RNG(0.1),1.86,0.8253
RNG(0.1),1.87,0.8253
RNG(0.1),1.88,0.8256
RNG(0.1),1.89,0.825
RNG(0.1),1.9,0.8263
RNG(0.1),1.91,0.8266
RNG(0.1),1.92,0.8266
RNG(0.1),1.93,0.8263
RNG(0.1),1.94,0.8263
RNG(0.1),1.95,0.8263
RNG(0.1),1.96,0.8266
RNG(0.1),1.97,0.8269
RNG(0.1),1.98,0.8269
RNG(0.1),1.99,0.8275
RNG(0.1),2.0,0.8275
RNG(0.1),2.01,0.8281
RNG(0.1),2.02,0.8281
RNG(0.1),2.03,0.8281
RNG(0.1),2.04,0.8284
RNG(0.1),2.05,0.8287
RNG(0.1),2.06,0.8284
RNG(0.1),2.08,0.8284
RNG(0.1),2.09,0.8281
RNG(0.1),2.1,0.8287
RNG(0.1),2.11,0.8291
RNG(0.1),2.12,0.8297
RNG(0.1),2.13,0.8297
RNG(0.1),2.15,0.8297
RNG(0.1),2.17,0.8303
RNG(0.1),2.18,0.8303
RNG(0.1),2.19,0.83
RNG(0.1),2.2,0.8303
RNG(0.1),2.21,0.83
RNG(0.1),2.22,0.83
RNG(0.1),2.23,0.8294
RNG(0.1),2.24,0.8294
RNG(0.1),2.25,0.8303
RNG(0.1),2.26,0.8303
RNG(0.1),2.27,0.8303
RNG(0.1),2.28,0.8303
RNG(0.1),2.29,0.83
RNG(0.1),2.31,0.8313
RNG(0.1),2.32,0.8313
RNG(0.1),2.33,0.8287
RNG(0.1),2.34,0.8275
RNG(0.1),2.35,0.8303
RNG(0.1),2.36,0.8306
RNG(0.1),2.37,0.83
RNG(0.1),2.38,0.8297
RNG(0.1),2.39,0.8297
RNG(0.1),2.4,0.8294
RNG(0.1),2.41,0.8294
RNG(0.1),2.42,0.8297
RNG(0.1),2.43,0.8294
RNG(0.1),2.44,0.8294
RNG(0.1),2.45,0.8294
RNG(0.1),2.46,0.8291
RNG(0.1),2.47,0.8303
RNG(0.1),2.48,0.8303
RNG(0.1),2.49,0.8309
RNG(0.1),2.5,0.8322
RNG(0.1),2.51,0.8322
RNG(0.1),2.52,0.8322
RNG(0.1),2.53,0.8322
RNG(0.1),2.54,0.8322
RNG(0.1),2.55,0.8322
RNG(0.1),2.56,0.8322
RNG(0.1),2.57,0.8325
RNG(0.1),2.58,0.8341
RNG(0.1),2.59,0.8331
RNG(0.1),2.6,0.8334
RNG(0.1),2.61,0.8334
RNG(0.1),2.62,0.8334
RNG(0.1),2.63,0.8337
RNG(0.1),2.64,0.8337
RNG(0.1),2.65,0.8341
RNG(0.1),2.66,0.8334
RNG(0.1),2.67,0.8334
RNG(0.1),2.68,0.8325
RNG(0.1),2.69,0.8325
RNG(0.1),2.7,0.8328
RNG(0.1),2.71,0.8316
RNG(0.1),2.72,0.8316
RNG(0.1),2.73,0.8309
RNG(0.1),2.74,0.8309
RNG(0.1),2.76,0.8309
RNG(0.1),2.77,0.8309
RNG(0.1),2.78,0.8328
RNG(0.1),2.79,0.8328
RNG(0.1),2.8,0.8328
RNG(0.1),2.81,0.8328
RNG(0.1),2.82,0.8328
RNG(0.1),2.83,0.8328
RNG(0.1),2.84,0.8328
RNG(0.1),2.85,0.8331
RNG(0.1),2.86,0.8331
RNG(0.1),2.87,0.8313
RNG(0.1),2.88,0.8303
RNG(0.1),2.89,0.8303
RNG(0.1),2.9,0.8297
RNG(0.1),2.91,0.8303
RNG(0.1),2.92,0.8303
RNG(0.1),2.93,0.8303
RNG(0.1),2.94,0.8297
RNG(0.1),2.95,0.8297
RNG(0.1),2.96,0.8297
RNG(0.1),2.97,0.83
RNG(0.1),2.98,0.83
RNG(0.1),2.99,0.8284
RNG(0.1),3.0,0.8284
RNG(0.1),3.02,0.8284
RNG(0.1),3.03,0.8287
RNG(0.1),3.05,0.8287
RNG(0.1),3.07,0.8287
RNG(0.1),3.08,0.8287
RNG(0.1),3.09,0.8287
RNG(0.1),3.1,0.8287
RNG(0.1),3.11,0.8287
RNG(0.1),3.12,0.8281
RNG(0.1),3.13,0.8275
RNG(0.1),3.15,0.8275
RNG(0.1),3.16,0.8281
RNG(0.1),3.17,0.8281
RNG(0.1),3.18,0.8281
RNG(0.1),3.2,0.8281
RNG(0.1),3.21,0.8281
RNG(0.1),3.22,0.8281
RNG(0.1),3.23,0.8281
RNG(0.1),3.24,0.8281
RNG(0.1),3.25,0.8278
RNG(0.1),3.26,0.8278
RNG(0.1),3.27,0.8278
RNG(0.1),3.29,0.8278
RNG(0.1),3.3,0.8272
RNG(0.1),3.31,0.8272
RNG(0.1),3.32,0.8272
RNG(0.1),3.33,0.8272
RNG(0.1),3.34,0.8272
RNG(0.1),3.35,0.8272
RNG(0.1),3.36,0.8272
RNG(0.1),3.37,0.8272
RNG(0.1),3.38,0.8284
RNG(0.1),3.39,0.8284
RNG(0.1),3.4,0.8281
RNG(0.1),3.41,0.8281
RNG(0.1),3.42,0.8281
RNG(0.1),3.44,0.8281
RNG(0.1),3.45,0.8294
RNG(0.1),3.46,0.8294
RNG(0.1),3.47,0.8294
RNG(0.1),3.48,0.8294
RNG(0.1),3.49,0.8294
RNG(0.1),3.5,0.8294
RNG(0.1),3.51,0.8294
RNG(0.1),3.52,0.8294
RNG(0.1),3.53,0.8291
RNG(0.1),3.54,0.8291
RNG(0.1),3.55,0.8287
RNG(0.1),3.57,0.8287
RNG(0.1),3.58,0.8287
RNG(0.1),3.59,0.8294
RNG(0.1),3.6,0.8294
RNG(0.1),3.61,0.8294
RNG(0.1),3.63,0.8294
RNG(0.1),3.64,0.8275
RNG(0.1),3.65,0.8259
RNG(0.1),3.66,0.8259
RNG(0.1),3.67,0.8259
RNG(0.1),3.68,0.8247
RNG(0.1),3.69,0.8247
RNG(0.1),3.7,0.8247
RNG(0.1),3.72,0.8256
RNG(0.1),3.73,0.8256
RNG(0.1),3.74,0.8263
RNG(0.1),3.78,0.8263
RNG(0.1),3.81,0.8263
RNG(0.1),3.82,0.825
RNG(0.1),3.83,0.825
RNG(0.1),3.84,0.8259
RNG(0.1),3.85,0.8259
RNG(0.1),3.87,0.8259
RNG(0.1),3.88,0.8259
RNG(0.1),3.91,0.8278
RNG(0.1),3.93,0.8278
RNG(0.1),3.95,0.8278
RNG(0.1),3.96,0.8278
RNG(0.1),3.97,0.8291
RNG(0.1),3.99,0.8291
RNG(0.1),4.0,0.8309
RNG(0.1),4.04,0.8297
RNG(0.1),4.05,0.8297
RNG(0.1),4.06,0.8297
RNG(0.1),4.07,0.8284
RNG(0.1),4.08,0.8284
RNG(0.1),4.09,0.8284
RNG(0.1),4.1,0.8272
RNG(0.1),4.11,0.8272
RNG(0.1),4.16,0.8272
RNG(0.1),4.17,0.8272
RNG(0.1),4.18,0.8272
RNG(0.1),4.19,0.8272
RNG(0.1),4.2,0.8272
RNG(0.1),4.22,0.8272
RNG(0.1),4.23,0.8272
RNG(0.1),4.25,0.8272
RNG(0.1),4.27,0.8272
RNG(0.1),4.28,0.8272
RNG(0.1),4.29,0.8272
RNG(0.1),4.31,0.8272
RNG(0.1),4.32,0.8272
RNG(0.1),4.33,0.8272
RNG(0.1),4.34,0.8263
RNG(0.1),4.36,0.8263
RNG(0.1),4.37,0.8263
RNG(0.1),4.39,0.8263
RNG(0.1),4.4,0.8263
RNG(0.1),4.42,0.8237
RNG(0.1),4.43,0.8237
RNG(0.1),4.45,0.8237
RNG(0.1),4.46,0.8237
RNG(0.1),4.47,0.8237
RNG(0.1),4.48,0.8225
RNG(0.1),4.49,0.8225
RNG(0.1),4.5,0.8225
RNG(0.1),4.54,0.8225
RNG(0.1),4.55,0.8225
RNG(0.1),4.58,0.8225
RNG(0.1),4.6,0.8225
RNG(0.1),4.65,0.8225
RNG(0.1),4.68,0.8225
RNG(0.1),4.7,0.8225
RNG(0.1),4.75,0.8225
RNG(0.1),4.76,0.8225
RNG(0.1),4.81,0.8225
RNG(0.1),4.82,0.8225
Seg(0.1),0.99,0.8016
Seg(0.1),1.0,0.8016
Seg(0.1),1.02,0.8016
Seg(0.1),1.03,0.8016
Seg(0.1),1.04,0.8025
Seg(0.1),1.05,0.8031
Seg(0.1),1.06,0.8034
Seg(0.1),1.07,0.8041
Seg(0.1),1.08,0.8047
Seg(0.1),1.09,0.805
Seg(0.1),1.1,0.8053
Seg(0.1),1.11,0.8056
Seg(0.1),1.12,0.8056
Seg(0.1),1.13,0.8056
Seg(0.1),1.15,0.8059
Seg(0.1),1.19,0.8063
Seg(0.1),1.22,0.8059
Seg(0.1),1.24,0.8059
Seg(0.1),1.28,0.8059
Seg(0.1),1.29,0.8059
Seg(0.1),1.31,0.8059
Seg(0.1),1.32,0.8059
Seg(0.1),1.33,0.8063
Seg(0.1),1.34,0.8063
Seg(0.1),1.35,0.8063
Seg(0.1),1.37,0.8063
Seg(0.1),1.4,0.8066
Seg(0.1),1.41,0.8069
Seg(0.1),1.43,0.8075
Seg(0.1),1.44,0.8072
Seg(0.1),1.46,0.8072
Seg(0.1),1.47,0.8075
Seg(0.1),1.48,0.8075
Seg(0.1),1.49,0.8078
Seg(0.1),1.5,0.8078
Seg(0.1),1.51,0.8075
Seg(0.1),1.52,0.8075
Seg(0.1),1.53,0.8072
Seg(0.1),1.54,0.8072
Seg(0.1),1.55,0.8072
Seg(0.1),1.56,0.8075
Seg(0.1),1.57,0.8078
Seg(0.1),1.58,0.8081
Seg(0.1),1.59,0.8081
Seg(0.1),1.6,0.8084
Seg(0.1),1.61,0.8084
Seg(0.1),1.62,0.8081
Seg(0.1),1.63,0.8081
Seg(0.1),1.64,0.8084
Seg(0.1),1.65,0.8091
Seg(0.1),1.66,0.8091
Seg(0.1),1.67,0.8094
Seg(0.1),1.68,0.8103
Seg(0.1),1.69,0.81
Seg(0.1),1.7,0.81
Seg(0.1),1.71,0.8109
Seg(0.1),1.72,0.8113
Seg(0.1),1.73,0.8116
Seg(0.1),1.74,0.8116
Seg(0.1),1.75,0.8125
Seg(0.1),1.76,0.8125
Seg(0.1),1.79,0.8125
Seg(0.1),1.8,0.8125
Seg(0.1),1.81,0.8144
Seg(0.1),1.82,0.8144
Seg(0.1),1.83,0.8141
Seg(0.1),1.84,0.8181
Seg(0.1),1.85,0.8181
Seg(0.1),1.86,0.8184
Seg(0.1),1.87,0.8184
Seg(0.1),1.88,0.8184
Seg(0.1),1.89,0.8181
Seg(0.1),1.9,0.8191
Seg(0.1),1.91,0.8194
Seg(0.1),1.92,0.8194
Seg(0.1),1.93,0.8187
Seg(0.1),1.94,0.8187
Seg(0.1),1.95,0.8187
Seg(0.1),1.96,0.8187
Seg(0.1),1.97,0.8191
Seg(0.1),1.98,0.8191
Seg(0.1),1.99,0.8197
Seg(0.1),2.0,0.8197
Seg(0.1),2.01,0.8197
Seg(0.1),2.02,0.8197
Seg(0.1),2.03,0.8194
Seg(0.1),2.04,0.8197
Seg(0.1),2.05,0.82
Seg(0.1),2.06,0.8197
Seg(0.1),2.08,0.8197
Seg(0.1),2.09,0.8197
Seg(0.1),2.1,0.8203
Seg(0.1),2.11,0.8206
Seg(0.1),2.12,0.8213
Seg(0.1),2.13,0.8213
Seg(0.1),2.15,0.8213
Seg(0.1),2.17,0.8219
Seg(0.1),2.18,0.8219
Seg(0.1),2.19,0.8216
Seg(0.1),2.2,0.8216
Seg(0.1),2.21,0.8213
Seg(0.1),2.22,0.8213
Seg(0.1),2.23,0.8209
Seg(0.1),2.24,0.8209
Seg(0.1),2.25,0.8209
Seg(0.1),2.26,0.8206
Seg(0.1),2.27,0.8206
Seg(0.1),2.28,0.8206
Seg(0.1),2.29,0.8203
Seg(0.1),2.31,0.8216
Seg(0.1),2.32,0.8216
Seg(0.1),2.33,0.8203
Seg(0.1),2.34,0.8203
Seg(0.1),2.35,0.8231
Seg(0.1),2.36,0.8234
Seg(0.1),2.37,0.8228
Seg(0.1),2.38,0.8225
Seg(0.1),2.39,0.8225
Seg(0.1),2.4,0.8222
Seg(0.1),2.41,0.8222
Seg(0.1),2.42,0.8225
Seg(0.1),2.43,0.8225
Seg(0.1),2.44,0.8225
Seg(0.1),2.45,0.8225
Seg(0.1),2.46,0.8225
Seg(0.1),2.47,0.8225
Seg(0.1),2.48,0.8225
Seg(0.1),2.49,0.8231
Seg(0.1),2.5,0.8244
Seg(0.1),2.51,0.8244
Seg(0.1),2.52,0.8244
Seg(0.1),2.53,0.8244
Seg(0.1),2.54,0.8244
Seg(0.1),2.55,0.825
Seg(0.1),2.56,0.825
Seg(0.1),2.57,0.8253
Seg(0.1),2.58,0.8269
Seg(0.1),2.59,0.8266
Seg(0.1),2.6,0.8269
Seg(0.1),2.61,0.8269
Seg(0.1),2.62,0.8269
Seg(0.1),2.63,0.8272
Seg(0.1),2.64,0.8272
Seg(0.1),2.65,0.8275
Seg(0.1),2.66,0.8269
Seg(0.1),2.67,0.8269
Seg(0.1),2.68,0.8259
Seg(0.1),2.69,0.8259
Seg(0.1),2.7,0.8263
Seg(0.1),2.71,0.825
Seg(0.1),2.72,0.825
Seg(0.1),2.73,0.8244
Seg(0.1),2.74,0.8244
Seg(0.1),2.76,0.8244
Seg(0.1),2.77,0.8244
Seg(0.1),2.78,0.8244
Seg(0.1),2.79,0.8244
Seg(0.1),2.8,0.8244
Seg(0.1),2.81,0.8244
Seg(0.1),2.82,0.8244
Seg(0.1),2.83,0.8244
Seg(0.1),2.84,0.8244
Seg(0.1),2.85,0.8247
Seg(0.1),2.86,0.8247
Seg(0.1),2.87,0.8234
Seg(0.1),2.88,0.8225
Seg(0.1),2.89,0.8225
Seg(0.1),2.9,0.8225
Seg(0.1),2.91,0.8225
Seg(0.1),2.92,0.8225
Seg(0.1),2.93,0.8225
Seg(0.1),2.94,0.8219
Seg(0.1),2.95,0.8219
Seg(0.1),2.96,0.8219
Seg(0.1),2.97,0.8222
Seg(0.1),2.98,0.8222
Seg(0.1),2.99,0.8206
Seg(0.1),3.0,0.8206
Seg(0.1),3.02,0.8206
Seg(0.1),3.03,0.8209
Seg(0.1),3.05,0.8209
Seg(0.1),3.07,0.8209
Seg(0.1),3.08,0.8209
Seg(0.1),3.09,0.8209
Seg(0.1),3.1,0.8209
Seg(0.1),3.11,0.8209
Seg(0.1),3.12,0.8203
Seg(0.1),3.13,0.8194
Seg(0.1),3.15,0.8194
Seg(0.1),3.16,0.82
Seg(0.1),3.17,0.82
Seg(0.1),3.18,0.82
Seg(0.1),3.2,0.82
Seg(0.1),3.21,0.82
Seg(0.1),3.22,0.82
Seg(0.1),3.23,0.82
Seg(0.1),3.24,0.82
Seg(0.1),3.25,0.8197
Seg(0.1),3.26,0.8197
Seg(0.1),3.27,0.8197
Seg(0.1),3.29,0.8197
Seg(0.1),3.3,0.8191
Seg(0.1),3.31,0.8191
Seg(0.1),3.32,0.8191
Seg(0.1),3.33,0.8191
Seg(0.1),3.34,0.8191
Seg(0.1),3.35,0.8191
Seg(0.1),3.36,0.8191
Seg(0.1),3.37,0.8191
Seg(0.1),3.38,0.8203
Seg(0.1),3.39,0.8203
Seg(0.1),3.4,0.8203
Seg(0.1),3.41,0.8203
Seg(0.1),3.42,0.8203
Seg(0.1),3.44,0.8203
Seg(0.1),3.45,0.8222
Seg(0.1),3.46,0.8222
Seg(0.1),3.47,0.8222
Seg(0.1),3.48,0.8222
Seg(0.1),3.49,0.8237
Seg(0.1),3.5,0.8237
Seg(0.1),3.51,0.8237
Seg(0.1),3.52,0.8237
Seg(0.1),3.53,0.8237
Seg(0.1),3.54,0.8237
Seg(0.1),3.55,0.8237
Seg(0.1),3.57,0.8237
Seg(0.1),3.58,0.8237
Seg(0.1),3.59,0.8247
Seg(0.1),3.6,0.8247
Seg(0.1),3.61,0.8247
Seg(0.1),3.63,0.8247
Seg(0.1),3.64,0.8228
Seg(0.1),3.65,0.8213
Seg(0.1),3.66,0.8213
Seg(0.1),3.67,0.8213
Seg(0.1),3.68,0.8213
Seg(0.1),3.69,0.8213
Seg(0.1),3.7,0.8213
Seg(0.1),3.72,0.8222
Seg(0.1),3.73,0.8222
Seg(0.1),3.74,0.8222
Seg(0.1),3.78,0.8222
Seg(0.1),3.81,0.8222
Seg(0.1),3.82,0.8209
Seg(0.1),3.83,0.8209
Seg(0.1),3.84,0.8219
Seg(0.1),3.85,0.8219
Seg(0.1),3.87,0.8219
Seg(0.1),3.88,0.8219
Seg(0.1),3.91,0.8234
Seg(0.1),3.93,0.8234
Seg(0.1),3.95,0.8234
Seg(0.1),3.96,0.8234
Seg(0.1),3.97,0.8234
Seg(0.1),3.99,0.8234
Seg(0.1),4.0,0.8253
Seg(0.1),4.04,0.8241
Seg(0.1),4.05,0.8241
Seg(0.1),4.06,0.8241
Seg(0.1),4.07,0.8228
Seg(0.1),4.08,0.8228
Seg(0.1),4.09,0.8228
Seg(0.1),4.1,0.8228
Seg(0.1),4.11,0.8228
Seg(0.1),4.16,0.8228
Seg(0.1),4.17,0.8228
Seg(0.1),4.18,0.8228
Seg(0.1),4.19,0.8228
Seg(0.1),4.2,0.8228
Seg(0.1),4.22,0.8228
Seg(0.1),4.23,0.8228
Seg(0.1),4.25,0.8228
Seg(0.1),4.27,0.8228
Seg(0.1),4.28,0.8228
Seg(0.1),4.29,0.8228
Seg(0.1),4.31,0.8228
Seg(0.1),4.32,0.8228
Seg(0.1),4.33,0.8228
Seg(0.1),4.34,0.8219
Seg(0.1),4.36,0.8219
Seg(0.1),4.37,0.8219
Seg(0.1),4.39,0.8219
Seg(0.1),4.4,0.8219
Seg(0.1),4.42,0.8194
Seg(0.1),4.43,0.8194
Seg(0.1),4.45,0.8194
Seg(0.1),4.46,0.8194
Seg(0.1),4.47,0.8194
Seg(0.1),4.48,0.8181
Seg(0.1),4.49,0.8181
Seg(0.1),4.5,0.8181
Seg(0.1),4.54,0.8181
Seg(0.1),4.55,0.8181
Seg(0.1),4.58,0.8181
Seg(0.1),4.6,0.8181
Seg(0.1),4.65,0.8181
Seg(0.1),4.68,0.8181
Seg(0.1),4.7,0.8181
Seg(0.1),4.75,0.8181
Seg(0.1),4.76,0.8181
Seg(0.1),4.81,0.8172
Seg(0.1),4.82,0.8172
RNG(0.2),0.99,0.8016
RNG(0.2),1.0,0.8016
RNG(0.2),1.02,0.8016
RNG(0.2),1.03,0.8022
RNG(0.2),1.04,0.8031
RNG(0.2),1.05,0.8037
RNG(0.2),1.06,0.8041
RNG(0.2),1.07,0.8047
RNG(0.2),1.08,0.8053
RNG(0.2),1.09,0.8056
RNG(0.2),1.1,0.8059
RNG(0.2),1.11,0.8063
RNG(0.2),1.12,0.8063
RNG(0.2),1.13,0.8063
RNG(0.2),1.15,0.8066
RNG(0.2),1.19,0.8069
RNG(0.2),1.22,0.8066
RNG(0.2),1.24,0.8066
RNG(0.2),1.28,0.8066
RNG(0.2),1.29,0.8066
RNG(0.2),1.31,0.8069
RNG(0.2),1.32,0.8069
RNG(0.2),1.33,0.8072
RNG(0.2),1.34,0.8075
RNG(0.2),1.35,0.8078
RNG(0.2),1.37,0.8078
RNG(0.2),1.4,0.8081
RNG(0.2),1.41,0.8084
RNG(0.2),1.43,0.8091
RNG(0.2),1.44,0.8087
RNG(0.2),1.46,0.8087
RNG(0.2),1.47,0.8091
RNG(0.2),1.48,0.8091
RNG(0.2),1.49,0.8097
RNG(0.2),1.5,0.8097
RNG(0.2),1.51,0.8094
RNG(0.2),1.52,0.8094
RNG(0.2),1.53,0.8097
RNG(0.2),1.54,0.8097
RNG(0.2),1.55,0.8097
RNG(0.2),1.56,0.81
RNG(0.2),1.57,0.8103
RNG(0.2),1.58,0.8106
RNG(0.2),1.59,0.8106
RNG(0.2),1.6,0.8109
RNG(0.2),1.61,0.8109
RNG(0.2),1.62,0.8109
RNG(0.2),1.63,0.8113
RNG(0.2),1.64,0.8116
RNG(0.2),1.65,0.8122
RNG(0.2),1.66,0.8134
RNG(0.2),1.67,0.8137
RNG(0.2),1.68,0.8147
RNG(0.2),1.69,0.8147
RNG(0.2),1.7,0.8147
RNG(0.2),1.71,0.8156
RNG(0.2),1.72,0.8159
RNG(0.2),1.73,0.8163
RNG(0.2),1.74,0.8163
RNG(0.2),1.75,0.8169
RNG(0.2),1.76,0.8169
RNG(0.2),1.79,0.8169
RNG(0.2),1.8,0.8169
RNG(0.2),1.81,0.8187
RNG(0.2),1.82,0.8187
RNG(0.2),1.83,0.8184
RNG(0.2),1.84,0.8225
RNG(0.2),1.85,0.8225
RNG(0.2),1.86,0.8231
RNG(0.2),1.87,0.8231
RNG(0.2),1.88,0.8237
RNG(0.2),1.89,0.8231
RNG(0.2),1.9,0.8244
RNG(0.2),1.91,0.8247
RNG(0.2),1.92,0.8247
RNG(0.2),1.93,0.8244
RNG(0.2),1.94,0.8244
RNG(0.2),1.95,0.8244
RNG(0.2),1.96,0.8244
RNG(0.2),1.97,0.825
RNG(0.2),1.98,0.825
RNG(0.2),1.99,0.8256
RNG(0.2),2.0,0.8256
RNG(0.2),2.01,0.8256
RNG(0.2),2.02,0.8256
RNG(0.2),2.03,0.8256
RNG(0.2),2.04,0.8259
RNG(0.2),2.05,0.8263
RNG(0.2),2.06,0.8259
RNG(0.2),2.08,0.8259
RNG(0.2),2.09,0.8263
RNG(0.2),2.1,0.8266
RNG(0.2),2.11,0.8269
RNG(0.2),2.12,0.8275
RNG(0.2),2.13,0.8275
RNG(0.2),2.15,0.8275
RNG(0.2),2.17,0.8281
RNG(0.2),2.18,0.8281
RNG(0.2),2.19,0.8281
RNG(0.2),2.2,0.8281
RNG(0.2),2.21,0.8278
RNG(0.2),2.22,0.8278
RNG(0.2),2.23,0.8272
RNG(0.2),2.24,0.8272
RNG(0.2),2.25,0.8272
RNG(0.2),2.26,0.8272
RNG(0.2),2.27,0.8272
RNG(0.2),2.28,0.8272
RNG(0.2),2.29,0.8269
RNG(0.2),2.31,0.8281
RNG(0.2),2.32,0.8281
RNG(0.2),2.33,0.8269
RNG(0.2),2.34,0.8269
RNG(0.2),2.35,0.8297
RNG(0.2),2.36,0.83
RNG(0.2),2.37,0.8294
RNG(0.2),2.38,0.8291
RNG(0.2),2.39,0.8291
RNG(0.2),2.4,0.8291
RNG(0.2),2.41,0.8291
RNG(0.2),2.42,0.8297
RNG(0.2),2.43,0.8294
RNG(0.2),2.44,0.8294
RNG(0.2),2.45,0.8294
RNG(0.2),2.46,0.8294
RNG(0.2),2.47,0.8294
RNG(0.2),2.48,0.8294
RNG(0.2),2.49,0.83
RNG(0.2),2.5,0.8313
RNG(0.2),2.51,0.8313
RNG(0.2),2.52,0.8313
RNG(0.2),2.53,0.8313
RNG(0.2),2.54,0.8313
RNG(0.2),2.55,0.8319
RNG(0.2),2.56,0.8319
RNG(0.2),2.57,0.8322
RNG(0.2),2.58,0.8337
RNG(0.2),2.59,0.8337
RNG(0.2),2.6,0.8337
RNG(0.2),2.61,0.8337
RNG(0.2),2.62,0.8337
RNG(0.2),2.63,0.8341
RNG(0.2),2.64,0.8341
RNG(0.2),2.65,0.8341
RNG(0.2),2.66,0.8334
RNG(0.2),2.67,0.8334
RNG(0.2),2.68,0.8325
RNG(0.2),2.69,0.8334
RNG(0.2),2.7,0.8337
RNG(0.2),2.71,0.8325
RNG(0.2),2.72,0.8325
RNG(0.2),2.73,0.8319
RNG(0.2),2.74,0.8319
RNG(0.2),2.76,0.8319
RNG(0.2),2.77,0.8319
RNG(0.2),2.78,0.8337
RNG(0.2),2.79,0.8337
RNG(0.2),2.8,0.8337
RNG(0.2),2.81,0.8337
RNG(0.2),2.82,0.8337
RNG(0.2),2.83,0.8337
RNG(0.2),2.84,0.8341
RNG(0.2),2.85,0.8344
RNG(0.2),2.86,0.8344
RNG(0.2),2.87,0.8331
RNG(0.2),2.88,0.8331
RNG(0.2),2.89,0.8331
RNG(0.2),2.9,0.8325
RNG(0.2),2.91,0.8325
RNG(0.2),2.92,0.8325
RNG(0.2),2.93,0.8325
RNG(0.2),2.94,0.8319
RNG(0.2),2.95,0.8319
RNG(0.2),2.96,0.8319
RNG(0.2),2.97,0.8322
RNG(0.2),2.98,0.8322
RNG(0.2),2.99,0.8306
RNG(0.2),3.0,0.8306
RNG(0.2),3.02,0.8306
RNG(0.2),3.03,0.8309
RNG(0.2),3.05,0.8309
RNG(0.2),3.07,0.8309
RNG(0.2),3.08,0.8309
RNG(0.2),3.09,0.8309
RNG(0.2),3.1,0.8309
RNG(0.2),3.11,0.8309
RNG(0.2),3.12,0.8303
RNG(0.2),3.13,0.8303
RNG(0.2),3.15,0.8303
RNG(0.2),3.16,0.8309
RNG(0.2),3.17,0.8309
RNG(0.2),3.18,0.8309
RNG(0.2),3.2,0.8309
RNG(0.2),3.21,0.8309
RNG(0.2),3.22,0.8309
RNG(0.2),3.23,0.8309
RNG(0.2),3.24,0.8309
RNG(0.2),3.25,0.8306
RNG(0.2),3.26,0.8306
RNG(0.2),3.27,0.8306
RNG(0.2),3.29,0.8306
RNG(0.2),3.3,0.83
RNG(0.2),3.31,0.83
RNG(0.2),3.32,0.83
RNG(0.2),3.33,0.83
RNG(0.2),3.34,0.83
RNG(0.2),3.35,0.83
RNG(0.2),3.36,0.83
RNG(0.2),3.37,0.83
RNG(0.2),3.38,0.8313
RNG(0.2),3.39,0.8313
RNG(0.2),3.4,0.8309
RNG(0.2),3.41,0.8309
RNG(0.2),3.42,0.8309
RNG(0.2),3.44,0.8309
RNG(0.2),3.45,0.8328
RNG(0.2),3.46,0.8328
RNG(0.2),3.47,0.8328
RNG(0.2),3.48,0.8328
RNG(0.2),3.49,0.8334
RNG(0.2),3.5,0.8334
RNG(0.2),3.51,0.8334
RNG(0.2),3.52,0.8334
RNG(0.2),3.53,0.8334
RNG(0.2),3.54,0.8363
RNG(0.2),3.55,0.8363
RNG(0.2),3.57,0.8363
RNG(0.2),3.58,0.8363
RNG(0.2),3.59,0.8372
RNG(0.2),3.6,0.8372
RNG(0.2),3.61,0.8372
RNG(0.2),3.63,0.8372
RNG(0.2),3.64,0.8353
RNG(0.2),3.65,0.8337
RNG(0.2),3.66,0.8337
RNG(0.2),3.67,0.8337
RNG(0.2),3.68,0.8337
RNG(0.2),3.69,0.8337
RNG(0.2),3.7,0.8337
RNG(0.2),3.72,0.8347
RNG(0.2),3.73,0.8347
RNG(0.2),3.74,0.8347
RNG(0.2),3.78,0.8347
RNG(0.2),3.81,0.8347
RNG(0.2),3.82,0.8334
RNG(0.2),3.83,0.8334
RNG(0.2),3.84,0.8344
RNG(0.2),3.85,0.8344
RNG(0.2),3.87,0.8344
RNG(0.2),3.88,0.8344
RNG(0.2),3.91,0.8359
RNG(0.2),3.93,0.8359
RNG(0.2),3.95,0.8359
RNG(0.2),3.96,0.8359
RNG(0.2),3.97,0.8359
RNG(0.2),3.99,0.8359
RNG(0.2),4.0,0.8378
RNG(0.2),4.04,0.8366
RNG(0.2),4.05,0.8366
RNG(0.2),4.06,0.8366
RNG(0.2),4.07,0.8353
RNG(0.2),4.08,0.8353
RNG(0.2),4.09,0.8353
RNG(0.2),4.1,0.8353
RNG(0.2),4.11,0.8353
RNG(0.2),4.16,0.8353
RNG(0.2),4.17,0.8353
RNG(0.2),4.18,0.8353
RNG(0.2),4.19,0.8353
RNG(0.2),4.2,0.8353
RNG(0.2),4.22,0.8366
RNG(0.2),4.23,0.8366
RNG(0.2),4.25,0.8366
RNG(0.2),4.27,0.8366
RNG(0.2),4.28,0.8366
RNG(0.2),4.29,0.8366
RNG(0.2),4.31,0.8366
RNG(0.2),4.32,0.8366
RNG(0.2),4.33,0.8366
RNG(0.2),4.34,0.8356
RNG(0.2),4.36,0.8356
RNG(0.2),4.37,0.8356
RNG(0.2),4.39,0.8356
RNG(0.2),4.4,0.8356
RNG(0.2),4.42,0.8344
RNG(0.2),4.43,0.8344
RNG(0.2),4.45,0.8344
RNG(0.2),4.46,0.8344
RNG(0.2),4.47,0.8344
RNG(0.2),4.48,0.8331
RNG(0.2),4.49,0.8331
RNG(0.2),4.5,0.8331
RNG(0.2),4.54,0.8331
RNG(0.2),4.55,0.8331
RNG(0.2),4.58,0.8331
RNG(0.2),4.6,0.8331
RNG(0.2),4.65,0.8331
RNG(0.2),4.68,0.8331
RNG(0.2),4.7,0.8331
RNG(0.2),4.75,0.8331
RNG(0.2),4.76,0.8331
RNG(0.2),4.81,0.8331
RNG(0.2),4.82,0.8331
Seg(0.2),0.99,0.8016
Seg(0.2),1.0,0.8016
Seg(0.2),1.02,0.8016
Seg(0.2),1.03,0.8019
Seg(0.2),1.04,0.8028
Seg(0.2),1.05,0.8034
Seg(0.2),1.06,0.8037
Seg(0.2),1.07,0.8041
Seg(0.2),1.08,0.805
Seg(0.2),1.09,0.8053
Seg(0.2),1.1,0.8056
Seg(0.2),1.11,0.8056
Seg(0.2),1.12,0.8056
Seg(0.2),1.13,0.8056
Seg(0.2),1.15,0.8059
Seg(0.2),1.19,0.8059
Seg(0.2),1.22,0.8056
Seg(0.2),1.24,0.8059
Seg(0.2),1.28,0.8059
Seg(0.2),1.29,0.8059
Seg(0.2),1.31,0.8059
Seg(0.2),1.32,0.8059
Seg(0.2),1.33,0.8063
Seg(0.2),1.34,0.8063
Seg(0.2),1.35,0.8063
Seg(0.2),1.37,0.8063
Seg(0.2),1.4,0.8066
Seg(0.2),1.41,0.8069
Seg(0.2),1.43,0.8075
Seg(0.2),1.44,0.8072
Seg(0.2),1.46,0.8072
Seg(0.2),1.47,0.8075
Seg(0.2),1.48,0.8075
Seg(0.2),1.49,0.8081
Seg(0.2),1.5,0.8081
Seg(0.2),1.51,0.8081
Seg(0.2),1.52,0.8081
Seg(0.2),1.53,0.8081
Seg(0.2),1.54,0.8081
Seg(0.2),1.55,0.8081
Seg(0.2),1.56,0.8081
Seg(0.2),1.57,0.8084
Seg(0.2),1.58,0.8084
Seg(0.2),1.59,0.8084
Seg(0.2),1.6,0.8087
Seg(0.2),1.61,0.8091
Seg(0.2),1.62,0.8091
Seg(0.2),1.63,0.8091
Seg(0.2),1.64,0.8091
Seg(0.2),1.65,0.8094
Seg(0.2),1.66,0.8094
Seg(0.2),1.67,0.8097
Seg(0.2),1.68,0.8103
Seg(0.2),1.69,0.8103
Seg(0.2),1.7,0.8103
Seg(0.2),1.71,0.8113
Seg(0.2),1.72,0.8116
Seg(0.2),1.73,0.8116
Seg(0.2),1.74,0.8116
Seg(0.2),1.75,0.8119
Seg(0.2),1.76,0.8119
Seg(0.2),1.79,0.8119
Seg(0.2),1.8,0.8119
Seg(0.2),1.81,0.8134
Seg(0.2),1.82,0.8134
Seg(0.2),1.83,0.8134
Seg(0.2),1.84,0.8175
Seg(0.2),1.85,0.8175
Seg(0.2),1.86,0.8178
Seg(0.2),1.87,0.8178
Seg(0.2),1.88,0.8178
Seg(0.2),1.89,0.8175
Seg(0.2),1.9,0.8181
Seg(0.2),1.91,0.8181
Seg(0.2),1.92,0.8181
Seg(0.2),1.93,0.8178
Seg(0.2),1.94,0.8178
Seg(0.2),1.95,0.8178
Seg(0.2),1.96,0.8178
Seg(0.2),1.97,0.8181
Seg(0.2),1.98,0.8181
Seg(0.2),1.99,0.8187
Seg(0.2),2.0,0.8187
Seg(0.2),2.01,0.8187
Seg(0.2),2.02,0.8187
Seg(0.2),2.03,0.8187
Seg(0.2),2.04,0.8191
Seg(0.2),2.05,0.8191
Seg(0.2),2.06,0.8187
Seg(0.2),2.08,0.8187
Seg(0.2),2.09,0.8187
Seg(0.2),2.1,0.8191
Seg(0.2),2.11,0.8194
Seg(0.2),2.12,0.82
Seg(0.2),2.13,0.82
Seg(0.2),2.15,0.82
Seg(0.2),2.17,0.8206
Seg(0.2),2.18,0.8206
Seg(0.2),2.19,0.8206
Seg(0.2),2.2,0.8206
Seg(0.2),2.21,0.8203
Seg(0.2),2.22,0.8203
Seg(0.2),2.23,0.8203
Seg(0.2),2.24,0.8203
Seg(0.2),2.25,0.8203
Seg(0.2),2.26,0.8206
Seg(0.2),2.27,0.8206
Seg(0.2),2.28,0.8206
Seg(0.2),2.29,0.8203
Seg(0.2),2.31,0.8216
Seg(0.2),2.32,0.8216
Seg(0.2),2.33,0.8203
Seg(0.2),2.34,0.8203
Seg(0.2),2.35,0.8206
Seg(0.2),2.36,0.8209
Seg(0.2),2.37,0.8209
Seg(0.2),2.38,0.8203
Seg(0.2),2.39,0.8203
Seg(0.2),2.4,0.8203
Seg(0.2),2.41,0.8203
Seg(0.2),2.42,0.8209
Seg(0.2),2.43,0.8209
Seg(0.2),2.44,0.8209
Seg(0.2),2.45,0.8209
Seg(0.2),2.46,0.8209
Seg(0.2),2.47,0.8209
Seg(0.2),2.48,0.8209
Seg(0.2),2.49,0.8216
Seg(0.2),2.5,0.8228
Seg(0.2),2.51,0.8228
Seg(0.2),2.52,0.8228
Seg(0.2),2.53,0.8228
Seg(0.2),2.54,0.8228
Seg(0.2),2.55,0.8234
Seg(0.2),2.56,0.8234
Seg(0.2),2.57,0.8237
Seg(0.2),2.58,0.8253
Seg(0.2),2.59,0.8253
Seg(0.2),2.6,0.8253
Seg(0.2),2.61,0.8253
Seg(0.2),2.62,0.8253
Seg(0.2),2.63,0.8256
Seg(0.2),2.64,0.8256
Seg(0.2),2.65,0.8259
Seg(0.2),2.66,0.8253
Seg(0.2),2.67,0.8259
Seg(0.2),2.68,0.8253
Seg(0.2),2.69,0.8253
Seg(0.2),2.7,0.8256
Seg(0.2),2.71,0.8244
Seg(0.2),2.72,0.8244
Seg(0.2),2.73,0.8244
Seg(0.2),2.74,0.8244
Seg(0.2),2.76,0.8244
Seg(0.2),2.77,0.8244
Seg(0.2),2.78,0.8244
Seg(0.2),2.79,0.8244
Seg(0.2),2.8,0.8244
Seg(0.2),2.81,0.8244
Seg(0.2),2.82,0.8244
Seg(0.2),2.83,0.8244
Seg(0.2),2.84,0.8244
Seg(0.2),2.85,0.8247
Seg(0.2),2.86,0.8247
Seg(0.2),2.87,0.8234
Seg(0.2),2.88,0.8234
Seg(0.2),2.89,0.8234
Seg(0.2),2.9,0.8234
Seg(0.2),2.91,0.8234
Seg(0.2),2.92,0.8234
Seg(0.2),2.93,0.8234
Seg(0.2),2.94,0.8228
Seg(0.2),2.95,0.8228
Seg(0.2),2.96,0.8228
Seg(0.2),2.97,0.8231
Seg(0.2),2.98,0.8231
Seg(0.2),2.99,0.8216
Seg(0.2),3.0,0.8216
Seg(0.2),3.02,0.8216
Seg(0.2),3.03,0.8219
Seg(0.2),3.05,0.8219
Seg(0.2),3.07,0.8219
Seg(0.2),3.08,0.8219
Seg(0.2),3.09,0.8219
Seg(0.2),3.1,0.8219
Seg(0.2),3.11,0.8219
Seg(0.2),3.12,0.8219
Seg(0.2),3.13,0.8219
Seg(0.2),3.15,0.8219
Seg(0.2),3.16,0.8225
Seg(0.2),3.17,0.8225
Seg(0.2),3.18,0.8225
Seg(0.2),3.2,0.8225
Seg(0.2),3.21,0.8225
Seg(0.2),3.22,0.8225
Seg(0.2),3.23,0.8225
Seg(0.2),3.24,0.8225
Seg(0.2),3.25,0.8222
Seg(0.2),3.26,0.8222
Seg(0.2),3.27,0.8222
Seg(0.2),3.29,0.8222
Seg(0.2),3.3,0.8216
Seg(0.2),3.31,0.8216
Seg(0.2),3.32,0.8216
Seg(0.2),3.33,0.8216
Seg(0.2),3.34,0.8216
Seg(0.2),3.35,0.8216
Seg(0.2),3.36,0.8216
Seg(0.2),3.37,0.8216
Seg(0.2),3.38,0.8216
Seg(0.2),3.39,0.8216
Seg(0.2),3.4,0.8216
Seg(0.2),3.41,0.8216
Seg(0.2),3.42,0.8216
Seg(0.2),3.44,0.8216
Seg(0.2),3.45,0.8234
Seg(0.2),3.46,0.8234
Seg(0.2),3.47,0.8234
Seg(0.2),3.48,0.8234
Seg(0.2),3.49,0.825
Seg(0.2),3.5,0.825
Seg(0.2),3.51,0.825
Seg(0.2),3.52,0.825
Seg(0.2),3.53,0.825
Seg(0.2),3.54,0.825
Seg(0.2),3.55,0.825
Seg(0.2),3.57,0.825
Seg(0.2),3.58,0.825
Seg(0.2),3.59,0.8259
Seg(0.2),3.6,0.8259
Seg(0.2),3.61,0.8259
Seg(0.2),3.63,0.8259
Seg(0.2),3.64,0.8241
Seg(0.2),3.65,0.8225
Seg(0.2),3.66,0.8225
Seg(0.2),3.67,0.8225
Seg(0.2),3.68,0.8225
Seg(0.2),3.69,0.8225
Seg(0.2),3.7,0.8225
Seg(0.2),3.72,0.8234
Seg(0.2),3.73,0.8234
Seg(0.2),3.74,0.8234
Seg(0.2),3.78,0.8234
Seg(0.2),3.81,0.8234
Seg(0.2),3.82,0.8234
Seg(0.2),3.83,0.8234
Seg(0.2),3.84,0.8244
Seg(0.2),3.85,0.8244
Seg(0.2),3.87,0.8244
Seg(0.2),3.88,0.8244
Seg(0.2),3.91,0.8244
Seg(0.2),3.93,0.8244
Seg(0.2),3.95,0.8244
Seg(0.2),3.96,0.8244
Seg(0.2),3.97,0.8244
Seg(0.2),3.99,0.8244
Seg(0.2),4.0,0.8244
Seg(0.2),4.04,0.8231
Seg(0.2),4.05,0.8231
Seg(0.2),4.06,0.8231
Seg(0.2),4.07,0.8219
Seg(0.2),4.08,0.8219
Seg(0.2),4.09,0.8219
Seg(0.2),4.1,0.8219
Seg(0.2),4.11,0.8219
Seg(0.2),4.16,0.8219
Seg(0.2),4.17,0.8219
Seg(0.2),4.18,0.8219
Seg(0.2),4.19,0.8219
Seg(0.2),4.2,0.8219
Seg(0.2),4.22,0.8219
Seg(0.2),4.23,0.8219
Seg(0.2),4.25,0.8219
Seg(0.2),4.27,0.8219
Seg(0.2),4.28,0.8219
Seg(0.2),4.29,0.8219
Seg(0.2),4.31,0.8219
Seg(0.2),4.32,0.8219
Seg(0.2),4.33,0.8219
Seg(0.2),4.34,0.8219
Seg(0.2),4.36,0.8219
Seg(0.2),4.37,0.8219
Seg(0.2),4.39,0.8219
Seg(0.2),4.4,0.8219
Seg(0.2),4.42,0.8206
Seg(0.2),4.43,0.8206
Seg(0.2),4.45,0.8206
Seg(0.2),4.46,0.8206
Seg(0.2),4.47,0.8206
Seg(0.2),4.48,0.8194
Seg(0.2),4.49,0.8194
Seg(0.2),4.5,0.8194
Seg(0.2),4.54,0.8194
Seg(0.2),4.55,0.8194
Seg(0.2),4.58,0.8194
Seg(0.2),4.6,0.8194
Seg(0.2),4.65,0.8194
Seg(0.2),4.68,0.8194
Seg(0.2),4.7,0.8194
Seg(0.2),4.75,0.8194
Seg(0.2),4.76,0.8194
Seg(0.2),4.81,0.8194
Seg(0.2),4.82,0.8194
RNG(0.3),0.99,0.8016
RNG(0.3),1.0,0.8016
RNG(0.3),1.02,0.8016
RNG(0.3),1.03,0.8019
RNG(0.3),1.04,0.8028
RNG(0.3),1.05,0.8034
RNG(0.3),1.06,0.8037
RNG(0.3),1.07,0.8044
RNG(0.3),1.08,0.8053
RNG(0.3),1.09,0.8056
RNG(0.3),1.1,0.8059
RNG(0.3),1.11,0.8063
RNG(0.3),1.12,0.8063
RNG(0.3),1.13,0.8063
RNG(0.3),1.15,0.8066
RNG(0.3),1.19,0.8066
RNG(0.3),1.22,0.8063
RNG(0.3),1.24,0.8066
RNG(0.3),1.28,0.8066
RNG(0.3),1.29,0.8066
RNG(0.3),1.31,0.8066
RNG(0.3),1.32,0.8066
RNG(0.3),1.33,0.8069
RNG(0.3),1.34,0.8069
RNG(0.3),1.35,0.8069
RNG(0.3),1.37,0.8069
RNG(0.3),1.4,0.8072
RNG(0.3),1.41,0.8075
RNG(0.3),1.43,0.8081
RNG(0.3),1.44,0.8078
RNG(0.3),1.46,0.8078
RNG(0.3),1.47,0.8081
RNG(0.3),1.48,0.8081
RNG(0.3),1.49,0.8087
RNG(0.3),1.5,0.8087
RNG(0.3),1.51,0.8087
RNG(0.3),1.52,0.8087
RNG(0.3),1.53,0.8087
RNG(0.3),1.54,0.8087
RNG(0.3),1.55,0.8087
RNG(0.3),1.56,0.8087
RNG(0.3),1.57,0.8091
RNG(0.3),1.58,0.8091
RNG(0.3),1.59,0.8091
RNG(0.3),1.6,0.8094
RNG(0.3),1.61,0.8094
RNG(0.3),1.62,0.8094
RNG(0.3),1.63,0.8097
RNG(0.3),1.64,0.8097
RNG(0.3),1.65,0.8103
RNG(0.3),1.66,0.8103
RNG(0.3),1.67,0.8106
RNG(0.3),1.68,0.8113
RNG(0.3),1.69,0.8113
RNG(0.3),1.7,0.8116
RNG(0.3),1.71,0.8125
RNG(0.3),1.72,0.8128
RNG(0.3),1.73,0.8134
RNG(0.3),1.74,0.8134
RNG(0.3),1.75,0.8137
RNG(0.3),1.76,0.8137
RNG(0.3),1.79,0.8137
RNG(0.3),1.8,0.8137
RNG(0.3),1.81,0.8153
RNG(0.3),1.82,0.8153
RNG(0.3),1.83,0.8153
RNG(0.3),1.84,0.8194
RNG(0.3),1.85,0.8194
RNG(0.3),1.86,0.82
RNG(0.3),1.87,0.82
RNG(0.3),1.88,0.82
RNG(0.3),1.89,0.8197
RNG(0.3),1.9,0.82
RNG(0.3),1.91,0.82
RNG(0.3),1.92,0.82
RNG(0.3),1.93,0.8197
RNG(0.3),1.94,0.8197
RNG(0.3),1.95,0.8197
RNG(0.3),1.96,0.8197
RNG(0.3),1.97,0.8203
RNG(0.3),1.98,0.8203
RNG(0.3),1.99,0.8209
RNG(0.3),2.0,0.8209
RNG(0.3),2.01,0.8209
RNG(0.3),2.02,0.8209
RNG(0.3),2.03,0.8209
RNG(0.3),2.04,0.8213
RNG(0.3),2.05,0.8213
RNG(0.3),2.06,0.8209
RNG(0.3),2.08,0.8209
RNG(0.3),2.09,0.8209
RNG(0.3),2.1,0.8213
RNG(0.3),2.11,0.8216
RNG(0.3),2.12,0.8222
RNG(0.3),2.13,0.8222
RNG(0.3),2.15,0.8222
RNG(0.3),2.17,0.8228
RNG(0.3),2.18,0.8228
RNG(0.3),2.19,0.8228
RNG(0.3),2.2,0.8228
RNG(0.3),2.21,0.8225
RNG(0.3),2.22,0.8225
RNG(0.3),2.23,0.8225
RNG(0.3),2.24,0.8225
RNG(0.3),2.25,0.8225
RNG(0.3),2.26,0.8228
RNG(0.3),2.27,0.8228
RNG(0.3),2.28,0.8228
RNG(0.3),2.29,0.8225
RNG(0.3),2.31,0.8237
RNG(0.3),2.32,0.8237
RNG(0.3),2.33,0.8225
RNG(0.3),2.34,0.8225
RNG(0.3),2.35,0.8231
RNG(0.3),2.36,0.8234
RNG(0.3),2.37,0.8234
RNG(0.3),2.38,0.8228
RNG(0.3),2.39,0.8228
RNG(0.3),2.4,0.8228
RNG(0.3),2.41,0.8228
RNG(0.3),2.42,0.8234
RNG(0.3),2.43,0.8234
RNG(0.3),2.44,0.8234
RNG(0.3),2.45,0.8234
RNG(0.3),2.46,0.8234
RNG(0.3),2.47,0.8234
RNG(0.3),2.48,0.8234
RNG(0.3),2.49,0.8234
RNG(0.3),2.5,0.8247
RNG(0.3),2.51,0.8247
RNG(0.3),2.52,0.8247
RNG(0.3),2.53,0.8247
RNG(0.3),2.54,0.8247
RNG(0.3),2.55,0.8253
RNG(0.3),2.56,0.8256
RNG(0.3),2.57,0.8259
RNG(0.3),2.58,0.8275
RNG(0.3),2.59,0.8275
RNG(0.3),2.6,0.8275
RNG(0.3),2.61,0.8275
RNG(0.3),2.62,0.8275
RNG(0.3),2.63,0.8278
RNG(0.3),2.64,0.8278
RNG(0.3),2.65,0.8278
RNG(0.3),2.66,0.8272
RNG(0.3),2.67,0.8278
RNG(0.3),2.68,0.8272
RNG(0.3),2.69,0.8272
RNG(0.3),2.7,0.8275
RNG(0.3),2.71,0.8263
RNG(0.3),2.72,0.8263
RNG(0.3),2.73,0.8263
RNG(0.3),2.74,0.8263
RNG(0.3),2.76,0.8263
RNG(0.3),2.77,0.8263
RNG(0.3),2.78,0.8263
RNG(0.3),2.79,0.8263
RNG(0.3),2.8,0.8263
RNG(0.3),2.81,0.8263
RNG(0.3),2.82,0.8263
RNG(0.3),2.83,0.8263
RNG(0.3),2.84,0.8263
RNG(0.3),2.85,0.8266
RNG(0.3),2.86,0.8266
RNG(0.3),2.87,0.8253
RNG(0.3),2.88,0.8253
RNG(0.3),2.89,0.8253
RNG(0.3),2.9,0.8253
RNG(0.3),2.91,0.8253
RNG(0.3),2.92,0.8253
RNG(0.3),2.93,0.8253
RNG(0.3),2.94,0.8247
RNG(0.3),2.95,0.8247
RNG(0.3),2.96,0.8247
RNG(0.3),2.97,0.825
RNG(0.3),2.98,0.825
RNG(0.3),2.99,0.8234
RNG(0.3),3.0,0.8234
RNG(0.3),3.02,0.8234
RNG(0.3),3.03,0.8237
RNG(0.3),3.05,0.8237
RNG(0.3),3.07,0.8237
RNG(0.3),3.08,0.8237
RNG(0.3),3.09,0.8237
RNG(0.3),3.1,0.8237
RNG(0.3),3.11,0.8237
RNG(0.3),3.12,0.8237
RNG(0.3),3.13,0.8237
RNG(0.3),3.15,0.8237
RNG(0.3),3.16,0.8244
RNG(0.3),3.17,0.8244
RNG(0.3),3.18,0.8244
RNG(0.3),3.2,0.8244
RNG(0.3),3.21,0.8244
RNG(0.3),3.22,0.8244
RNG(0.3),3.23,0.8244
RNG(0.3),3.24,0.8244
RNG(0.3),3.25,0.8241
RNG(0.3),3.26,0.8241
RNG(0.3),3.27,0.8241
RNG(0.3),3.29,0.8241
RNG(0.3),3.3,0.8241
RNG(0.3),3.31,0.8241
RNG(0.3),3.32,0.8241
RNG(0.3),3.33,0.8241
RNG(0.3),3.34,0.8241
RNG(0.3),3.35,0.8241
RNG(0.3),3.36,0.8241
RNG(0.3),3.37,0.8241
RNG(0.3),3.38,0.8241
RNG(0.3),3.39,0.8241
RNG(0.3),3.4,0.8241
RNG(0.3),3.41,0.8241
RNG(0.3),3.42,0.8241
RNG(0.3),3.44,0.8241
RNG(0.3),3.45,0.8259
RNG(0.3),3.46,0.8259
RNG(0.3),3.47,0.8259
RNG(0.3),3.48,0.8259
RNG(0.3),3.49,0.8259
RNG(0.3),3.5,0.8259
RNG(0.3),3.51,0.8259
RNG(0.3),3.52,0.8259
RNG(0.3),3.53,0.8259
RNG(0.3),3.54,0.8272
RNG(0.3),3.55,0.8272
RNG(0.3),3.57,0.8272
RNG(0.3),3.58,0.8272
RNG(0.3),3.59,0.8281
RNG(0.3),3.6,0.8281
RNG(0.3),3.61,0.8281
RNG(0.3),3.63,0.8281
RNG(0.3),3.64,0.8263
RNG(0.3),3.65,0.8247
RNG(0.3),3.66,0.8247
RNG(0.3),3.67,0.8247
RNG(0.3),3.68,0.8247
RNG(0.3),3.69,0.8247
RNG(0.3),3.7,0.8247
RNG(0.3),3.72,0.8256
RNG(0.3),3.73,0.8256
RNG(0.3),3.74,0.8256
RNG(0.3),3.78,0.8256
RNG(0.3),3.81,0.8256
RNG(0.3),3.82,0.8256
RNG(0.3),3.83,0.8256
RNG(0.3),3.84,0.8266
RNG(0.3),3.85,0.8266
RNG(0.3),3.87,0.8266
RNG(0.3),3.88,0.8266
RNG(0.3),3.91,0.8266
RNG(0.3),3.93,0.8266
RNG(0.3),3.95,0.8266
RNG(0.3),3.96,0.8266
RNG(0.3),3.97,0.8266
RNG(0.3),3.99,0.8266
RNG(0.3),4.0,0.8266
RNG(0.3),4.04,0.8253
RNG(0.3),4.05,0.8253
RNG(0.3),4.06,0.8253
RNG(0.3),4.07,0.8253
RNG(0.3),4.08,0.8253
RNG(0.3),4.09,0.8253
RNG(0.3),4.1,0.8253
RNG(0.3),4.11,0.8253
RNG(0.3),4.16,0.8253
RNG(0.3),4.17,0.8253
RNG(0.3),4.18,0.8253
RNG(0.3),4.19,0.8253
RNG(0.3),4.2,0.8253
RNG(0.3),4.22,0.8253
RNG(0.3),4.23,0.8253
RNG(0.3),4.25,0.8253
RNG(0.3),4.27,0.8253
RNG(0.3),4.28,0.8253
RNG(0.3),4.29,0.8253
RNG(0.3),4.31,0.8253
RNG(0.3),4.32,0.8253
RNG(0.3),4.33,0.8253
RNG(0.3),4.34,0.8244
RNG(0.3),4.36,0.8244
RNG(0.3),4.37,0.8244
RNG(0.3),4.39,0.8244
RNG(0.3),4.4,0.8244
RNG(0.3),4.42,0.8244
RNG(0.3),4.43,0.8244
RNG(0.3),4.45,0.8244
RNG(0.3),4.46,0.8244
RNG(0.3),4.47,0.8244
RNG(0.3),4.48,0.8244
RNG(0.3),4.49,0.8244
RNG(0.3),4.5,0.8244
RNG(0.3),4.54,0.8244
RNG(0.3),4.55,0.8244
RNG(0.3),4.58,0.8244
RNG(0.3),4.6,0.8244
RNG(0.3),4.65,0.8244
RNG(0.3),4.68,0.8244
RNG(0.3),4.7,0.8244
RNG(0.3),4.75,0.8244
RNG(0.3),4.76,0.8244
RNG(0.3),4.81,0.8244
RNG(0.3),4.82,0.8244
Seg(0.3),0.99,0.8016
Seg(0.3),1.0,0.8016
Seg(0.3),1.02,0.8016
Seg(0.3),1.03,0.8019
Seg(0.3),1.04,0.8025
Seg(0.3),1.05,0.8028
Seg(0.3),1.06,0.8031
Seg(0.3),1.07,0.8034
Seg(0.3),1.08,0.8044
Seg(0.3),1.09,0.8047
Seg(0.3),1.1,0.805
Seg(0.3),1.11,0.805
Seg(0.3),1.12,0.805
Seg(0.3),1.13,0.805
Seg(0.3),1.15,0.8053
Seg(0.3),1.19,0.8053
Seg(0.3),1.22,0.8053
Seg(0.3),1.24,0.8056
Seg(0.3),1.28,0.8056
Seg(0.3),1.29,0.8056
Seg(0.3),1.31,0.8056
Seg(0.3),1.32,0.8056
Seg(0.3),1.33,0.8059
Seg(0.3),1.34,0.8063
Seg(0.3),1.35,0.8063
Seg(0.3),1.37,0.8063
Seg(0.3),1.4,0.8066
Seg(0.3),1.41,0.8069
Seg(0.3),1.43,0.8072
Seg(0.3),1.44,0.8069
Seg(0.3),1.46,0.8069
Seg(0.3),1.47,0.8072
Seg(0.3),1.48,0.8072
Seg(0.3),1.49,0.8078
Seg(0.3),1.5,0.8078
Seg(0.3),1.51,0.8078
Seg(0.3),1.52,0.8078
Seg(0.3),1.53,0.8078
Seg(0.3),1.54,0.8078
Seg(0.3),1.55,0.8078
Seg(0.3),1.56,0.8078
Seg(0.3),1.57,0.8081
Seg(0.3),1.58,0.8081
Seg(0.3),1.59,0.8081
Seg(0.3),1.6,0.8084
Seg(0.3),1.61,0.8084
Seg(0.3),1.62,0.8084
Seg(0.3),1.63,0.8084
Seg(0.3),1.64,0.8084
Seg(0.3),1.65,0.8087
Seg(0.3),1.66,0.8087
Seg(0.3),1.67,0.8091
Seg(0.3),1.68,0.8094
Seg(0.3),1.69,0.8094
Seg(0.3),1.7,0.8094
Seg(0.3),1.71,0.8103
Seg(0.3),1.72,0.8106
Seg(0.3),1.73,0.8106
Seg(0.3),1.74,0.8106
Seg(0.3),1.75,0.8109
Seg(0.3),1.76,0.8109
Seg(0.3),1.79,0.8109
Seg(0.3),1.8,0.8109
Seg(0.3),1.81,0.8113
Seg(0.3),1.82,0.8113
Seg(0.3),1.83,0.8113
Seg(0.3),1.84,0.8134
Seg(0.3),1.85,0.8134
Seg(0.3),1.86,0.8141
Seg(0.3),1.87,0.8141
Seg(0.3),1.88,0.8141
Seg(0.3),1.89,0.8137
Seg(0.3),1.9,0.8141
Seg(0.3),1.91,0.8141
Seg(0.3),1.92,0.8141
Seg(0.3),1.93,0.8141
Seg(0.3),1.94,0.8141
Seg(0.3),1.95,0.8141
Seg(0.3),1.96,0.8141
Seg(0.3),1.97,0.8141
Seg(0.3),1.98,0.8141
Seg(0.3),1.99,0.8141
Seg(0.3),2.0,0.8141
Seg(0.3),2.01,0.8141
Seg(0.3),2.02,0.8141
Seg(0.3),2.03,0.8141
Seg(0.3),2.04,0.8144
Seg(0.3),2.05,0.8144
Seg(0.3),2.06,0.8141
Seg(0.3),2.08,0.8141
Seg(0.3),2.09,0.8141
Seg(0.3),2.1,0.8141
Seg(0.3),2.11,0.8144
Seg(0.3),2.12,0.815
Seg(0.3),2.13,0.815
Seg(0.3),2.15,0.815
Seg(0.3),2.17,0.8156
Seg(0.3),2.18,0.8156
Seg(0.3),2.19,0.8156
Seg(0.3),2.2,0.8156
Seg(0.3),2.21,0.8153
Seg(0.3),2.22,0.8153
Seg(0.3),2.23,0.8153
Seg(0.3),2.24,0.8153
Seg(0.3),2.25,0.8153
Seg(0.3),2.26,0.8156
Seg(0.3),2.27,0.8156
Seg(0.3),2.28,0.8156
Seg(0.3),2.29,0.8153
Seg(0.3),2.31,0.8163
Seg(0.3),2.32,0.8163
Seg(0.3),2.33,0.815
Seg(0.3),2.34,0.815
Seg(0.3),2.35,0.815
Seg(0.3),2.36,0.8153
Seg(0.3),2.37,0.8153
Seg(0.3),2.38,0.8153
Seg(0.3),2.39,0.8153
Seg(0.3),2.4,0.8153
Seg(0.3),2.41,0.8153
Seg(0.3),2.42,0.8159
Seg(0.3),2.43,0.8159
Seg(0.3),2.44,0.8159
Seg(0.3),2.45,0.8159
Seg(0.3),2.46,0.8159
Seg(0.3),2.47,0.8159
Seg(0.3),2.48,0.8159
Seg(0.3),2.49,0.8159
Seg(0.3),2.5,0.8172
Seg(0.3),2.51,0.8172
Seg(0.3),2.52,0.8172
Seg(0.3),2.53,0.8172
Seg(0.3),2.54,0.8172
Seg(0.3),2.55,0.8178
Seg(0.3),2.56,0.8181
Seg(0.3),2.57,0.8184
Seg(0.3),2.58,0.8194
Seg(0.3),2.59,0.8194
Seg(0.3),2.6,0.8194
Seg(0.3),2.61,0.8194
Seg(0.3),2.62,0.8194
Seg(0.3),2.63,0.8197
Seg(0.3),2.64,0.8197
Seg(0.3),2.65,0.8197
Seg(0.3),2.66,0.8197
Seg(0.3),2.67,0.8203
Seg(0.3),2.68,0.8203
Seg(0.3),2.69,0.8203
Seg(0.3),2.7,0.8206
Seg(0.3),2.71,0.8194
Seg(0.3),2.72,0.8194
Seg(0.3),2.73,0.8194
Seg(0.3),2.74,0.8194
Seg(0.3),2.76,0.8194
Seg(0.3),2.77,0.8194
Seg(0.3),2.78,0.8194
Seg(0.3),2.79,0.8194
Seg(0.3),2.8,0.8194
Seg(0.3),2.81,0.8194
Seg(0.3),2.82,0.8194
Seg(0.3),2.83,0.8194
Seg(0.3),2.84,0.8194
Seg(0.3),2.85,0.8197
Seg(0.3),2.86,0.8197
Seg(0.3),2.87,0.8184
Seg(0.3),2.88,0.8184
Seg(0.3),2.89,0.8184
Seg(0.3),2.9,0.8184
Seg(0.3),2.91,0.8184
Seg(0.3),2.92,0.8184
Seg(0.3),2.93,0.8184
Seg(0.3),2.94,0.8178
Seg(0.3),2.95,0.8178
Seg(0.3),2.96,0.8178
Seg(0.3),2.97,0.8181
Seg(0.3),2.98,0.8181
Seg(0.3),2.99,0.8166
Seg(0.3),3.0,0.8166
Seg(0.3),3.02,0.8166
Seg(0.3),3.03,0.8169
Seg(0.3),3.05,0.8169
Seg(0.3),3.07,0.8169
Seg(0.3),3.08,0.8169
Seg(0.3),3.09,0.8169
Seg(0.3),3.1,0.8169
Seg(0.3),3.11,0.8169
Seg(0.3),3.12,0.8169
Seg(0.3),3.13,0.8169
Seg(0.3),3.15,0.8169
Seg(0.3),3.16,0.8178
Seg(0.3),3.17,0.8178
Seg(0.3),3.18,0.8178
Seg(0.3),3.2,0.8178
Seg(0.3),3.21,0.8178
Seg(0.3),3.22,0.8178
Seg(0.3),3.23,0.8178
Seg(0.3),3.24,0.8178
Seg(0.3),3.25,0.8178
Seg(0.3),3.26,0.8178
Seg(0.3),3.27,0.8178
Seg(0.3),3.29,0.8178
Seg(0.3),3.3,0.8178
Seg(0.3),3.31,0.8178
Seg(0.3),3.32,0.8178
Seg(0.3),3.33,0.8178
Seg(0.3),3.34,0.8178
Seg(0.3),3.35,0.8178
Seg(0.3),3.36,0.8178
Seg(0.3),3.37,0.8178
Seg(0.3),3.38,0.8178
Seg(0.3),3.39,0.8178
Seg(0.3),3.4,0.8178
Seg(0.3),3.41,0.8178
Seg(0.3),3.42,0.8178
Seg(0.3),3.44,0.8178
Seg(0.3),3.45,0.8197
Seg(0.3),3.46,0.8197
Seg(0.3),3.47,0.8197
Seg(0.3),3.48,0.8197
Seg(0.3),3.49,0.8203
Seg(0.3),3.5,0.8203
Seg(0.3),3.51,0.8203
Seg(0.3),3.52,0.8203
Seg(0.3),3.53,0.8203
Seg(0.3),3.54,0.8203
Seg(0.3),3.55,0.8203
Seg(0.3),3.57,0.8203
Seg(0.3),3.58,0.8203
Seg(0.3),3.59,0.8213
Seg(0.3),3.6,0.8213
Seg(0.3),3.61,0.8213
Seg(0.3),3.63,0.8213
Seg(0.3),3.64,0.82
Seg(0.3),3.65,0.8184
Seg(0.3),3.66,0.8184
Seg(0.3),3.67,0.8184
Seg(0.3),3.68,0.8184
Seg(0.3),3.69,0.8184
Seg(0.3),3.7,0.8184
Seg(0.3),3.72,0.8194
Seg(0.3),3.73,0.8194
Seg(0.3),3.74,0.8194
Seg(0.3),3.78,0.8194
Seg(0.3),3.81,0.8194
Seg(0.3),3.82,0.8194
Seg(0.3),3.83,0.8194
Seg(0.3),3.84,0.8203
Seg(0.3),3.85,0.8203
Seg(0.3),3.87,0.8203
Seg(0.3),3.88,0.8203
Seg(0.3),3.91,0.8203
Seg(0.3),3.93,0.8203
Seg(0.3),3.95,0.8203
Seg(0.3),3.96,0.8203
Seg(0.3),3.97,0.8203
Seg(0.3),3.99,0.8203
Seg(0.3),4.0,0.8203
Seg(0.3),4.04,0.8203
Seg(0.3),4.05,0.8203
Seg(0.3),4.06,0.8203
Seg(0.3),4.07,0.8203
Seg(0.3),4.08,0.8203
Seg(0.3),4.09,0.8203
Seg(0.3),4.1,0.8203
Seg(0.3),4.11,0.8203
Seg(0.3),4.16,0.8203
Seg(0.3),4.17,0.8203
Seg(0.3),4.18,0.8203
Seg(0.3),4.19,0.8203
Seg(0.3),4.2,0.8203
Seg(0.3),4.22,0.8203
Seg(0.3),4.23,0.8203
Seg(0.3),4.25,0.8203
Seg(0.3),4.27,0.8203
Seg(0.3),4.28,0.8203
Seg(0.3),4.29,0.8203
Seg(0.3),4.31,0.8203
Seg(0.3),4.32,0.8203
Seg(0.3),4.33,0.8203
Seg(0.3),4.34,0.8203
Seg(0.3),4.36,0.8203
Seg(0.3),4.37,0.8203
Seg(0.3),4.39,0.8203
Seg(0.3),4.4,0.8203
Seg(0.3),4.42,0.8203
Seg(0.3),4.43,0.8203
Seg(0.3),4.45,0.8203
Seg(0.3),4.46,0.8203
Seg(0.3),4.47,0.8203
Seg(0.3),4.48,0.8203
Seg(0.3),4.49,0.8203
Seg(0.3),4.5,0.8203
Seg(0.3),4.54,0.8203
Seg(0.3),4.55,0.8203
Seg(0.3),4.58,0.8203
Seg(0.3),4.6,0.8203
Seg(0.3),4.65,0.8203
Seg(0.3),4.68,0.8203
Seg(0.3),4.7,0.8203
Seg(0.3),4.75,0.8203
Seg(0.3),4.76,0.8203
Seg(0.3),4.81,0.8203
Seg(0.3),4.82,0.8203
RNG(0.5),0.99,0.8016
RNG(0.5),1.0,0.8016
RNG(0.5),1.02,0.8016
RNG(0.5),1.03,0.8019
RNG(0.5),1.04,0.8025
RNG(0.5),1.05,0.8028
RNG(0.5),1.06,0.8034
RNG(0.5),1.07,0.8037
RNG(0.5),1.08,0.8047
RNG(0.5),1.09,0.805
RNG(0.5),1.1,0.8053
RNG(0.5),1.11,0.8056
RNG(0.5),1.12,0.8056
RNG(0.5),1.13,0.8056
RNG(0.5),1.15,0.8059
RNG(0.5),1.19,0.8059
RNG(0.5),1.22,0.8056
RNG(0.5),1.24,0.8059
RNG(0.5),1.28,0.8059
RNG(0.5),1.29,0.8059
RNG(0.5),1.31,0.8059
RNG(0.5),1.32,0.8059
RNG(0.5),1.33,0.8063
RNG(0.5),1.34,0.8066
RNG(0.5),1.35,0.8066
RNG(0.5),1.37,0.8066
RNG(0.5),1.4,0.8069
RNG(0.5),1.41,0.8072
RNG(0.5),1.43,0.8075
RNG(0.5),1.44,0.8072
RNG(0.5),1.46,0.8072
RNG(0.5),1.47,0.8075
RNG(0.5),1.48,0.8075
RNG(0.5),1.49,0.8081
RNG(0.5),1.5,0.8081
RNG(0.5),1.51,0.8081
RNG(0.5),1.52,0.8081
RNG(0.5),1.53,0.8081
RNG(0.5),1.54,0.8081
RNG(0.5),1.55,0.8081
RNG(0.5),1.56,0.8081
RNG(0.5),1.57,0.8084
RNG(0.5),1.58,0.8084
RNG(0.5),1.59,0.8084
RNG(0.5),1.6,0.8087
RNG(0.5),1.61,0.8087
RNG(0.5),1.62,0.8087
RNG(0.5),1.63,0.8087
RNG(0.5),1.64,0.8087
RNG(0.5),1.65,0.8091
RNG(0.5),1.66,0.8091
RNG(0.5),1.67,0.8094
RNG(0.5),1.68,0.8094
RNG(0.5),1.69,0.8094
RNG(0.5),1.7,0.8097
RNG(0.5),1.71,0.8106
RNG(0.5),1.72,0.8109
RNG(0.5),1.73,0.8109
RNG(0.5),1.74,0.8109
RNG(0.5),1.75,0.8109
RNG(0.5),1.76,0.8109
RNG(0.5),1.79,0.8109
RNG(0.5),1.8,0.8109
RNG(0.5),1.81,0.8125
RNG(0.5),1.82,0.8125
RNG(0.5),1.83,0.8125
RNG(0.5),1.84,0.8147
RNG(0.5),1.85,0.8147
RNG(0.5),1.86,0.8153
RNG(0.5),1.87,0.8153
RNG(0.5),1.88,0.8153
RNG(0.5),1.89,0.815
RNG(0.5),1.9,0.8147
RNG(0.5),1.91,0.8147
RNG(0.5),1.92,0.8147
RNG(0.5),1.93,0.815
RNG(0.5),1.94,0.815
RNG(0.5),1.95,0.815
RNG(0.5),1.96,0.815
RNG(0.5),1.97,0.815
RNG(0.5),1.98,0.815
RNG(0.5),1.99,0.815
RNG(0.5),2.0,0.815
RNG(0.5),2.01,0.815
RNG(0.5),2.02,0.815
RNG(0.5),2.03,0.815
RNG(0.5),2.04,0.8153
RNG(0.5),2.05,0.8153
RNG(0.5),2.06,0.8153
RNG(0.5),2.08,0.8153
RNG(0.5),2.09,0.8156
RNG(0.5),2.1,0.8159
RNG(0.5),2.11,0.8163
RNG(0.5),2.12,0.8169
RNG(0.5),2.13,0.8169
RNG(0.5),2.15,0.8169
RNG(0.5),2.17,0.8175
RNG(0.5),2.18,0.8175
RNG(0.5),2.19,0.8175
RNG(0.5),2.2,0.8175
RNG(0.5),2.21,0.8172
RNG(0.5),2.22,0.8172
RNG(0.5),2.23,0.8172
RNG(0.5),2.24,0.8172
RNG(0.5),2.25,0.8172
RNG(0.5),2.26,0.8175
RNG(0.5),2.27,0.8175
RNG(0.5),2.28,0.8175
RNG(0.5),2.29,0.8172
RNG(0.5),2.31,0.8181
RNG(0.5),2.32,0.8181
RNG(0.5),2.33,0.8169
RNG(0.5),2.34,0.8169
RNG(0.5),2.35,0.8169
RNG(0.5),2.36,0.8172
RNG(0.5),2.37,0.8172
RNG(0.5),2.38,0.8172
RNG(0.5),2.39,0.8172
RNG(0.5),2.4,0.8172
RNG(0.5),2.41,0.8172
RNG(0.5),2.42,0.8178
RNG(0.5),2.43,0.8178
RNG(0.5),2.44,0.8178
RNG(0.5),2.45,0.8178
RNG(0.5),2.46,0.8178
RNG(0.5),2.47,0.8178
RNG(0.5),2.48,0.8178
RNG(0.5),2.49,0.8178
RNG(0.5),2.5,0.8191
RNG(0.5),2.51,0.8191
RNG(0.5),2.52,0.8191
RNG(0.5),2.53,0.8191
RNG(0.5),2.54,0.8191
RNG(0.5),2.55,0.8194
RNG(0.5),2.56,0.8194
RNG(0.5),2.57,0.8197
RNG(0.5),2.58,0.82
RNG(0.5),2.59,0.82
RNG(0.5),2.6,0.82
RNG(0.5),2.61,0.82
RNG(0.5),2.62,0.82
RNG(0.5),2.63,0.8203
RNG(0.5),2.64,0.8203
RNG(0.5),2.65,0.8203
RNG(0.5),2.66,0.8203
RNG(0.5),2.67,0.8209
RNG(0.5),2.68,0.8209
RNG(0.5),2.69,0.8209
RNG(0.5),2.7,0.8213
RNG(0.5),2.71,0.8213
RNG(0.5),2.72,0.8213
RNG(0.5),2.73,0.8213
RNG(0.5),2.74,0.8213
RNG(0.5),2.76,0.8213
RNG(0.5),2.77,0.8213
RNG(0.5),2.78,0.8213
RNG(0.5),2.79,0.8213
RNG(0.5),2.8,0.8213
RNG(0.5),2.81,0.8213
RNG(0.5),2.82,0.8213
RNG(0.5),2.83,0.8213
RNG(0.5),2.84,0.8213
RNG(0.5),2.85,0.8213
RNG(0.5),2.86,0.8213
RNG(0.5),2.87,0.82
RNG(0.5),2.88,0.82
RNG(0.5),2.89,0.82
RNG(0.5),2.9,0.82
RNG(0.5),2.91,0.82
RNG(0.5),2.92,0.82
RNG(0.5),2.93,0.82
RNG(0.5),2.94,0.8194
RNG(0.5),2.95,0.8194
RNG(0.5),2.96,0.8194
RNG(0.5),2.97,0.8197
RNG(0.5),2.98,0.8197
RNG(0.5),2.99,0.8181
RNG(0.5),3.0,0.8181
RNG(0.5),3.02,0.8181
RNG(0.5),3.03,0.8184
RNG(0.5),3.05,0.8184
RNG(0.5),3.07,0.8184
RNG(0.5),3.08,0.8184
RNG(0.5),3.09,0.8184
RNG(0.5),3.1,0.8184
RNG(0.5),3.11,0.8184
RNG(0.5),3.12,0.8184
RNG(0.5),3.13,0.8184
RNG(0.5),3.15,0.8184
RNG(0.5),3.16,0.8194
RNG(0.5),3.17,0.8194
RNG(0.5),3.18,0.8194
RNG(0.5),3.2,0.8194
RNG(0.5),3.21,0.8194
RNG(0.5),3.22,0.8194
RNG(0.5),3.23,0.8194
RNG(0.5),3.24,0.8194
RNG(0.5),3.25,0.8194
RNG(0.5),3.26,0.8194
RNG(0.5),3.27,0.8194
RNG(0.5),3.29,0.8194
RNG(0.5),3.3,0.8194
RNG(0.5),3.31,0.8194
RNG(0.5),3.32,0.8194
RNG(0.5),3.33,0.8194
RNG(0.5),3.34,0.8194
RNG(0.5),3.35,0.8194
RNG(0.5),3.36,0.8194
RNG(0.5),3.37,0.8194
RNG(0.5),3.38,0.8194
RNG(0.5),3.39,0.8194
RNG(0.5),3.4,0.8194
RNG(0.5),3.41,0.8194
RNG(0.5),3.42,0.8194
RNG(0.5),3.44,0.8194
RNG(0.5),3.45,0.8213
RNG(0.5),3.46,0.8213
RNG(0.5),3.47,0.8213
RNG(0.5),3.48,0.8213
RNG(0.5),3.49,0.8213
RNG(0.5),3.5,0.8213
RNG(0.5),3.51,0.8213
RNG(0.5),3.52,0.8213
RNG(0.5),3.53,0.8213
RNG(0.5),3.54,0.8213
RNG(0.5),3.55,0.8213
RNG(0.5),3.57,0.8213
RNG(0.5),3.58,0.8213
RNG(0.5),3.59,0.8222
RNG(0.5),3.6,0.8222
RNG(0.5),3.61,0.8222
RNG(0.5),3.63,0.8222
RNG(0.5),3.64,0.8222
RNG(0.5),3.65,0.8206
RNG(0.5),3.66,0.8206
RNG(0.5),3.67,0.8206
RNG(0.5),3.68,0.8206
RNG(0.5),3.69,0.8206
RNG(0.5),3.7,0.8206
RNG(0.5),3.72,0.8216
RNG(0.5),3.73,0.8216
RNG(0.5),3.74,0.8216
RNG(0.5),3.78,0.8216
RNG(0.5),3.81,0.8216
RNG(0.5),3.82,0.8216
RNG(0.5),3.83,0.8216
RNG(0.5),3.84,0.8225
RNG(0.5),3.85,0.8225
RNG(0.5),3.87,0.8225
RNG(0.5),3.88,0.8225
RNG(0.5),3.91,0.8225
RNG(0.5),3.93,0.8225
RNG(0.5),3.95,0.8225
RNG(0.5),3.96,0.8225
RNG(0.5),3.97,0.8225
RNG(0.5),3.99,0.8225
RNG(0.5),4.0,0.8225
RNG(0.5),4.04,0.8225
RNG(0.5),4.05,0.8225
RNG(0.5),4.06,0.8225
RNG(0.5),4.07,0.8225
RNG(0.5),4.08,0.8225
RNG(0.5),4.09,0.8225
RNG(0.5),4.1,0.8225
RNG(0.5),4.11,0.8225
RNG(0.5),4.16,0.8225
RNG(0.5),4.17,0.8225
RNG(0.5),4.18,0.8225
RNG(0.5),4.19,0.8225
RNG(0.5),4.2,0.8225
RNG(0.5),4.22,0.8225
RNG(0.5),4.23,0.8225
RNG(0.5),4.25,0.8225
RNG(0.5),4.27,0.8225
RNG(0.5),4.28,0.8225
RNG(0.5),4.29,0.8225
RNG(0.5),4.31,0.8225
RNG(0.5),4.32,0.8225
RNG(0.5),4.33,0.8225
RNG(0.5),4.34,0.8225
RNG(0.5),4.36,0.8225
RNG(0.5),4.37,0.8225
RNG(0.5),4.39,0.8225
RNG(0.5),4.4,0.8225
RNG(0.5),4.42,0.8225
RNG(0.5),4.43,0.8225
RNG(0.5),4.45,0.8225
RNG(0.5),4.46,0.8225
RNG(0.5),4.47,0.8225
RNG(0.5),4.48,0.8225
RNG(0.5),4.49,0.8225
RNG(0.5),4.5,0.8225
RNG(0.5),4.54,0.8225
RNG(0.5),4.55,0.8225
RNG(0.5),4.58,0.8225
RNG(0.5),4.6,0.8225
RNG(0.5),4.65,0.8225
RNG(0.5),4.68,0.8225
RNG(0.5),4.7,0.8225
RNG(0.5),4.75,0.8225
RNG(0.5),4.76,0.8225
RNG(0.5),4.81,0.8225
RNG(0.5),4.82,0.8225
Seg(0.5),0.99,0.8016
Seg(0.5),1.0,0.8016
Seg(0.5),1.02,0.8016
Seg(0.5),1.03,0.8019
Seg(0.5),1.04,0.8022
Seg(0.5),1.05,0.8025
Seg(0.5),1.06,0.8031
Seg(0.5),1.07,0.8034
Seg(0.5),1.08,0.8044
Seg(0.5),1.09,0.8047
Seg(0.5),1.1,0.8047
Seg(0.5),1.11,0.8047
Seg(0.5),1.12,0.8047
Seg(0.5),1.13,0.8047
Seg(0.5),1.15,0.805
Seg(0.5),1.19,0.805
Seg(0.5),1.22,0.805
Seg(0.5),1.24,0.805
Seg(0.5),1.28,0.805
Seg(0.5),1.29,0.805
Seg(0.5),1.31,0.805
Seg(0.5),1.32,0.805
Seg(0.5),1.33,0.8053
Seg(0.5),1.34,0.8056
Seg(0.5),1.35,0.8056
Seg(0.5),1.37,0.8056
Seg(0.5),1.4,0.8059
Seg(0.5),1.41,0.8063
Seg(0.5),1.43,0.8066
Seg(0.5),1.44,0.8063
Seg(0.5),1.46,0.8063
Seg(0.5),1.47,0.8063
Seg(0.5),1.48,0.8063
Seg(0.5),1.49,0.8069
Seg(0.5),1.5,0.8069
Seg(0.5),1.51,0.8069
Seg(0.5),1.52,0.8069
Seg(0.5),1.53,0.8069
Seg(0.5),1.54,0.8069
Seg(0.5),1.55,0.8069
Seg(0.5),1.56,0.8069
Seg(0.5),1.57,0.8072
Seg(0.5),1.58,0.8072
Seg(0.5),1.59,0.8072
Seg(0.5),1.6,0.8075
Seg(0.5),1.61,0.8075
Seg(0.5),1.62,0.8075
Seg(0.5),1.63,0.8075
Seg(0.5),1.64,0.8075
Seg(0.5),1.65,0.8078
Seg(0.5),1.66,0.8078
Seg(0.5),1.67,0.8081
Seg(0.5),1.68,0.8081
Seg(0.5),1.69,0.8081
Seg(0.5),1.7,0.8084
Seg(0.5),1.71,0.8084
Seg(0.5),1.72,0.8087
Seg(0.5),1.73,0.8087
Seg(0.5),1.74,0.8087
Seg(0.5),1.75,0.8087
Seg(0.5),1.76,0.8087
Seg(0.5),1.79,0.8087
Seg(0.5),1.8,0.8087
Seg(0.5),1.81,0.8091
Seg(0.5),1.82,0.8091
Seg(0.5),1.83,0.8091
Seg(0.5),1.84,0.8113
Seg(0.5),1.85,0.8113
Seg(0.5),1.86,0.8119
Seg(0.5),1.87,0.8119
Seg(0.5),1.88,0.8119
Seg(0.5),1.89,0.8119
Seg(0.5),1.9,0.8119
Seg(0.5),1.91,0.8119
Seg(0.5),1.92,0.8119
Seg(0.5),1.93,0.8122
Seg(0.5),1.94,0.8122
Seg(0.5),1.95,0.8122
Seg(0.5),1.96,0.8122
Seg(0.5),1.97,0.8122
Seg(0.5),1.98,0.8122
Seg(0.5),1.99,0.8122
Seg(0.5),2.0,0.8122
Seg(0.5),2.01,0.8122
Seg(0.5),2.02,0.8122
Seg(0.5),2.03,0.8122
Seg(0.5),2.04,0.8125
Seg(0.5),2.05,0.8125
Seg(0.5),2.06,0.8125
Seg(0.5),2.08,0.8125
Seg(0.5),2.09,0.8128
Seg(0.5),2.1,0.8128
Seg(0.5),2.11,0.8131
Seg(0.5),2.12,0.8137
Seg(0.5),2.13,0.8137
Seg(0.5),2.15,0.8137
Seg(0.5),2.17,0.8141
Seg(0.5),2.18,0.8141
Seg(0.5),2.19,0.8141
Seg(0.5),2.2,0.8141
Seg(0.5),2.21,0.8137
Seg(0.5),2.22,0.8137
Seg(0.5),2.23,0.8137
Seg(0.5),2.24,0.8137
Seg(0.5),2.25,0.8137
Seg(0.5),2.26,0.8141
Seg(0.5),2.27,0.8141
Seg(0.5),2.28,0.8141
Seg(0.5),2.29,0.8137
Seg(0.5),2.31,0.8137
Seg(0.5),2.32,0.8137
Seg(0.5),2.33,0.8137
Seg(0.5),2.34,0.8137
Seg(0.5),2.35,0.8137
Seg(0.5),2.36,0.8141
Seg(0.5),2.37,0.8141
Seg(0.5),2.38,0.8141
Seg(0.5),2.39,0.8141
Seg(0.5),2.4,0.8141
Seg(0.5),2.41,0.8141
Seg(0.5),2.42,0.8147
Seg(0.5),2.43,0.8147
Seg(0.5),2.44,0.8147
Seg(0.5),2.45,0.8147
Seg(0.5),2.46,0.8147
Seg(0.5),2.47,0.8147
Seg(0.5),2.48,0.8147
Seg(0.5),2.49,0.8147
Seg(0.5),2.5,0.8147
Seg(0.5),2.51,0.8147
Seg(0.5),2.52,0.8147
Seg(0.5),2.53,0.8147
Seg(0.5),2.54,0.8147
Seg(0.5),2.55,0.8147
Seg(0.5),2.56,0.8147
Seg(0.5),2.57,0.8147
Seg(0.5),2.58,0.815
Seg(0.5),2.59,0.815
Seg(0.5),2.6,0.8147
Seg(0.5),2.61,0.8147
Seg(0.5),2.62,0.8147
Seg(0.5),2.63,0.815
Seg(0.5),2.64,0.815
Seg(0.5),2.65,0.815
Seg(0.5),2.66,0.815
Seg(0.5),2.67,0.8156
Seg(0.5),2.68,0.8156
Seg(0.5),2.69,0.8156
Seg(0.5),2.7,0.8159
Seg(0.5),2.71,0.8159
Seg(0.5),2.72,0.8159
Seg(0.5),2.73,0.8159
Seg(0.5),2.74,0.8159
Seg(0.5),2.76,0.8159
Seg(0.5),2.77,0.8159
Seg(0.5),2.78,0.8159
Seg(0.5),2.79,0.8159
Seg(0.5),2.8,0.8159
Seg(0.5),2.81,0.8159
Seg(0.5),2.82,0.8159
Seg(0.5),2.83,0.8159
Seg(0.5),2.84,0.8159
Seg(0.5),2.85,0.8159
Seg(0.5),2.86,0.8159
Seg(0.5),2.87,0.8147
Seg(0.5),2.88,0.8147
Seg(0.5),2.89,0.8147
Seg(0.5),2.9,0.8147
Seg(0.5),2.91,0.8147
Seg(0.5),2.92,0.8147
Seg(0.5),2.93,0.8147
Seg(0.5),2.94,0.8141
Seg(0.5),2.95,0.8141
Seg(0.5),2.96,0.8141
Seg(0.5),2.97,0.8137
Seg(0.5),2.98,0.8137
Seg(0.5),2.99,0.8122
Seg(0.5),3.0,0.8122
Seg(0.5),3.02,0.8122
Seg(0.5),3.03,0.8125
Seg(0.5),3.05,0.8125
Seg(0.5),3.07,0.8125
Seg(0.5),3.08,0.8125
Seg(0.5),3.09,0.8125
Seg(0.5),3.1,0.8125
Seg(0.5),3.11,0.8125
Seg(0.5),3.12,0.8125
Seg(0.5),3.13,0.8125
Seg(0.5),3.15,0.8125
Seg(0.5),3.16,0.8134
Seg(0.5),3.17,0.8134
Seg(0.5),3.18,0.8134
Seg(0.5),3.2,0.8134
Seg(0.5),3.21,0.8134
Seg(0.5),3.22,0.8134
Seg(0.5),3.23,0.8134
Seg(0.5),3.24,0.8134
Seg(0.5),3.25,0.8134
Seg(0.5),3.26,0.8134
Seg(0.5),3.27,0.8134
Seg(0.5),3.29,0.8134
Seg(0.5),3.3,0.8134
Seg(0.5),3.31,0.8134
Seg(0.5),3.32,0.8134
Seg(0.5),3.33,0.8134
Seg(0.5),3.34,0.8134
Seg(0.5),3.35,0.8134
Seg(0.5),3.36,0.8134
Seg(0.5),3.37,0.8134
Seg(0.5),3.38,0.8134
Seg(0.5),3.39,0.8134
Seg(0.5),3.4,0.8134
Seg(0.5),3.41,0.8134
Seg(0.5),3.42,0.8134
Seg(0.5),3.44,0.8134
Seg(0.5),3.45,0.8153
Seg(0.5),3.46,0.8153
Seg(0.5),3.47,0.8153
Seg(0.5),3.48,0.8153
Seg(0.5),3.49,0.8153
Seg(0.5),3.5,0.8153
Seg(0.5),3.51,0.8153
Seg(0.5),3.52,0.8153
Seg(0.5),3.53,0.8153
Seg(0.5),3.54,0.8153
Seg(0.5),3.55,0.8153
Seg(0.5),3.57,0.8153
Seg(0.5),3.58,0.8153
Seg(0.5),3.59,0.8163
Seg(0.5),3.6,0.8163
Seg(0.5),3.61,0.8163
Seg(0.5),3.63,0.8163
Seg(0.5),3.64,0.815
Seg(0.5),3.65,0.8134
Seg(0.5),3.66,0.8134
Seg(0.5),3.67,0.8134
Seg(0.5),3.68,0.8134
Seg(0.5),3.69,0.8134
Seg(0.5),3.7,0.8134
Seg(0.5),3.72,0.8144
Seg(0.5),3.73,0.8144
Seg(0.5),3.74,0.8144
Seg(0.5),3.78,0.8144
Seg(0.5),3.81,0.8144
Seg(0.5),3.82,0.8144
Seg(0.5),3.83,0.8144
Seg(0.5),3.84,0.8153
Seg(0.5),3.85,0.8153
Seg(0.5),3.87,0.8153
Seg(0.5),3.88,0.8153
Seg(0.5),3.91,0.8153
Seg(0.5),3.93,0.8153
Seg(0.5),3.95,0.8153
Seg(0.5),3.96,0.8153
Seg(0.5),3.97,0.8153
Seg(0.5),3.99,0.8153
Seg(0.5),4.0,0.8153
Seg(0.5),4.04,0.8153
Seg(0.5),4.05,0.8153
Seg(0.5),4.06,0.8153
Seg(0.5),4.07,0.8153
Seg(0.5),4.08,0.8153
Seg(0.5),4.09,0.8153
Seg(0.5),4.1,0.8153
Seg(0.5),4.11,0.8153
Seg(0.5),4.16,0.8153
Seg(0.5),4.17,0.8153
Seg(0.5),4.18,0.8153
Seg(0.5),4.19,0.8153
Seg(0.5),4.2,0.8153
Seg(0.5),4.22,0.8153
Seg(0.5),4.23,0.8153
Seg(0.5),4.25,0.8153
Seg(0.5),4.27,0.8153
Seg(0.5),4.28,0.8153
Seg(0.5),4.29,0.8153
Seg(0.5),4.31,0.8153
Seg(0.5),4.32,0.8153
Seg(0.5),4.33,0.8153
Seg(0.5),4.34,0.8153
Seg(0.5),4.36,0.8153
Seg(0.5),4.37,0.8153
Seg(0.5),4.39,0.8153
Seg(0.5),4.4,0.8153
Seg(0.5),4.42,0.8153
Seg(0.5),4.43,0.8153
Seg(0.5),4.45,0.8153
Seg(0.5),4.46,0.8153
Seg(0.5),4.47,0.8153
Seg(0.5),4.48,0.8153
Seg(0.5),4.49,0.8153
Seg(0.5),4.5,0.8153
Seg(0.5),4.54,0.8153
Seg(0.5),4.55,0.8153
Seg(0.5),4.58,0.8153
Seg(0.5),4.6,0.8153
Seg(0.5),4.65,0.8153
Seg(0.5),4.68,0.8153
Seg(0.5),4.7,0.8153
Seg(0.5),4.75,0.8153
Seg(0.5),4.76,0.8153
Seg(0.5),4.81,0.8153
Seg(0.5),4.82,0.8153
RNG(1),0.99,0.8016
RNG(1),1.0,0.8016
RNG(1),1.02,0.8016
RNG(1),1.03,0.8019
RNG(1),1.04,0.8022
RNG(1),1.05,0.8025
RNG(1),1.06,0.8031
RNG(1),1.07,0.8031
RNG(1),1.08,0.8037
RNG(1),1.09,0.8041
RNG(1),1.1,0.8041
RNG(1),1.11,0.8041
RNG(1),1.12,0.8041
RNG(1),1.13,0.8041
RNG(1),1.15,0.8041
RNG(1),1.19,0.8041
RNG(1),1.22,0.8041
RNG(1),1.24,0.8041
RNG(1),1.28,0.8041
RNG(1),1.29,0.8041
RNG(1),1.31,0.8041
RNG(1),1.32,0.8041
RNG(1),1.33,0.8044
RNG(1),1.34,0.8044
RNG(1),1.35,0.8044
RNG(1),1.37,0.8044
RNG(1),1.4,0.8044
RNG(1),1.41,0.8044
RNG(1),1.43,0.8044
RNG(1),1.44,0.8044
RNG(1),1.46,0.8044
RNG(1),1.47,0.8044
RNG(1),1.48,0.8044
RNG(1),1.49,0.8044
RNG(1),1.5,0.8044
RNG(1),1.51,0.8044
RNG(1),1.52,0.8044
RNG(1),1.53,0.8044
RNG(1),1.54,0.8044
RNG(1),1.55,0.8044
RNG(1),1.56,0.8044
RNG(1),1.57,0.8044
RNG(1),1.58,0.8044
RNG(1),1.59,0.8044
RNG(1),1.6,0.8044
RNG(1),1.61,0.8044
RNG(1),1.62,0.8044
RNG(1),1.63,0.8044
RNG(1),1.64,0.8044
RNG(1),1.65,0.8044
RNG(1),1.66,0.8044
RNG(1),1.67,0.8047
RNG(1),1.68,0.8047
RNG(1),1.69,0.8047
RNG(1),1.7,0.805
RNG(1),1.71,0.805
RNG(1),1.72,0.8053
RNG(1),1.73,0.8053
RNG(1),1.74,0.8053
RNG(1),1.75,0.8053
RNG(1),1.76,0.8053
RNG(1),1.79,0.8053
RNG(1),1.8,0.8053
RNG(1),1.81,0.8053
RNG(1),1.82,0.8053
RNG(1),1.83,0.8053
RNG(1),1.84,0.8053
RNG(1),1.85,0.8053
RNG(1),1.86,0.8059
RNG(1),1.87,0.8059
RNG(1),1.88,0.8059
RNG(1),1.89,0.8059
RNG(1),1.9,0.8059
RNG(1),1.91,0.8059
RNG(1),1.92,0.8059
RNG(1),1.93,0.8063
RNG(1),1.94,0.8063
RNG(1),1.95,0.8063
RNG(1),1.96,0.8063
RNG(1),1.97,0.8063
RNG(1),1.98,0.8063
RNG(1),1.99,0.8063
RNG(1),2.0,0.8063
RNG(1),2.01,0.8063
RNG(1),2.02,0.8063
RNG(1),2.03,0.8063
RNG(1),2.04,0.8063
RNG(1),2.05,0.8063
RNG(1),2.06,0.8063
RNG(1),2.08,0.8063
RNG(1),2.09,0.8063
RNG(1),2.1,0.8063
RNG(1),2.11,0.8063
RNG(1),2.12,0.8063
RNG(1),2.13,0.8063
RNG(1),2.15,0.8063
RNG(1),2.17,0.8063
RNG(1),2.18,0.8063
RNG(1),2.19,0.8063
RNG(1),2.2,0.8063
RNG(1),2.21,0.8063
RNG(1),2.22,0.8063
RNG(1),2.23,0.8063
RNG(1),2.24,0.8063
RNG(1),2.25,0.8063
RNG(1),2.26,0.8063
RNG(1),2.27,0.8063
RNG(1),2.28,0.8063
RNG(1),2.29,0.8063
RNG(1),2.31,0.8063
RNG(1),2.32,0.8063
RNG(1),2.33,0.8063
RNG(1),2.34,0.8063
RNG(1),2.35,0.8063
RNG(1),2.36,0.8063
RNG(1),2.37,0.8063
RNG(1),2.38,0.8063
RNG(1),2.39,0.8063
RNG(1),2.4,0.8063
RNG(1),2.41,0.8063
RNG(1),2.42,0.8069
RNG(1),2.43,0.8069
RNG(1),2.44,0.8069
RNG(1),2.45,0.8069
RNG(1),2.46,0.8069
RNG(1),2.47,0.8069
RNG(1),2.48,0.8069
RNG(1),2.49,0.8069
RNG(1),2.5,0.8069
RNG(1),2.51,0.8069
RNG(1),2.52,0.8069
RNG(1),2.53,0.8069
RNG(1),2.54,0.8069
RNG(1),2.55,0.8069
RNG(1),2.56,0.8069
RNG(1),2.57,0.8069
RNG(1),2.58,0.8072
RNG(1),2.59,0.8072
RNG(1),2.6,0.8072
RNG(1),2.61,0.8072
RNG(1),2.62,0.8072
RNG(1),2.63,0.8072
RNG(1),2.64,0.8072
RNG(1),2.65,0.8072
RNG(1),2.66,0.8072
RNG(1),2.67,0.8072
RNG(1),2.68,0.8072
RNG(1),2.69,0.8072
RNG(1),2.7,0.8072
RNG(1),2.71,0.8072
RNG(1),2.72,0.8072
RNG(1),2.73,0.8072
RNG(1),2.74,0.8072
RNG(1),2.76,0.8072
RNG(1),2.77,0.8072
RNG(1),2.78,0.8072
RNG(1),2.79,0.8072
RNG(1),2.8,0.8072
RNG(1),2.81,0.8072
RNG(1),2.82,0.8072
RNG(1),2.83,0.8072
RNG(1),2.84,0.8072
RNG(1),2.85,0.8072
RNG(1),2.86,0.8072
RNG(1),2.87,0.8072
RNG(1),2.88,0.8072
RNG(1),2.89,0.8072
RNG(1),2.9,0.8072
RNG(1),2.91,0.8072
RNG(1),2.92,0.8072
RNG(1),2.93,0.8072
RNG(1),2.94,0.8066
RNG(1),2.95,0.8066
RNG(1),2.96,0.8066
RNG(1),2.97,0.8063
RNG(1),2.98,0.8063
RNG(1),2.99,0.8053
RNG(1),3.0,0.8053
RNG(1),3.02,0.8053
RNG(1),3.03,0.8056
RNG(1),3.05,0.8056
RNG(1),3.07,0.8056
RNG(1),3.08,0.8056
RNG(1),3.09,0.8056
RNG(1),3.1,0.8056
RNG(1),3.11,0.8056
RNG(1),3.12,0.8056
RNG(1),3.13,0.8056
RNG(1),3.15,0.8056
RNG(1),3.16,0.8056
RNG(1),3.17,0.8056
RNG(1),3.18,0.8056
RNG(1),3.2,0.8056
RNG(1),3.21,0.8056
RNG(1),3.22,0.8056
RNG(1),3.23,0.8056
RNG(1),3.24,0.8056
RNG(1),3.25,0.8056
RNG(1),3.26,0.8056
RNG(1),3.27,0.8056
RNG(1),3.29,0.8056
RNG(1),3.3,0.8056
RNG(1),3.31,0.8056
RNG(1),3.32,0.8056
RNG(1),3.33,0.8056
RNG(1),3.34,0.8056
RNG(1),3.35,0.8056
RNG(1),3.36,0.8056
RNG(1),3.37,0.8056
RNG(1),3.38,0.8056
RNG(1),3.39,0.8056
RNG(1),3.4,0.8056
RNG(1),3.41,0.8056
RNG(1),3.42,0.8056
RNG(1),3.44,0.8056
RNG(1),3.45,0.8063
RNG(1),3.46,0.8063
RNG(1),3.47,0.8063
RNG(1),3.48,0.8063
RNG(1),3.49,0.8063
RNG(1),3.5,0.8063
RNG(1),3.51,0.8063
RNG(1),3.52,0.8063
RNG(1),3.53,0.8063
RNG(1),3.54,0.8063
RNG(1),3.55,0.8063
RNG(1),3.57,0.8063
RNG(1),3.58,0.8063
RNG(1),3.59,0.8063
RNG(1),3.6,0.8063
RNG(1),3.61,0.8063
RNG(1),3.63,0.8063
RNG(1),3.64,0.8063
RNG(1),3.65,0.8063
RNG(1),3.66,0.8063
RNG(1),3.67,0.8063
RNG(1),3.68,0.8063
RNG(1),3.69,0.8063
RNG(1),3.7,0.8063
RNG(1),3.72,0.8072
RNG(1),3.73,0.8072
RNG(1),3.74,0.8072
RNG(1),3.78,0.8072
RNG(1),3.81,0.8072
RNG(1),3.82,0.8072
RNG(1),3.83,0.8072
RNG(1),3.84,0.8072
RNG(1),3.85,0.8072
RNG(1),3.87,0.8072
RNG(1),3.88,0.8072
RNG(1),3.91,0.8072
RNG(1),3.93,0.8072
RNG(1),3.95,0.8072
RNG(1),3.96,0.8072
RNG(1),3.97,0.8072
RNG(1),3.99,0.8072
RNG(1),4.0,0.8072
RNG(1),4.04,0.8072
RNG(1),4.05,0.8072
RNG(1),4.06,0.8072
RNG(1),4.07,0.8072
RNG(1),4.08,0.8072
RNG(1),4.09,0.8072
RNG(1),4.1,0.8072
RNG(1),4.11,0.8072
RNG(1),4.16,0.8072
RNG(1),4.17,0.8072
RNG(1),4.18,0.8072
RNG(1),4.19,0.8072
RNG(1),4.2,0.8072
RNG(1),4.22,0.8072
RNG(1),4.23,0.8072
RNG(1),4.25,0.8072
RNG(1),4.27,0.8072
RNG(1),4.28,0.8072
RNG(1),4.29,0.8072
RNG(1),4.31,0.8072
RNG(1),4.32,0.8072
RNG(1),4.33,0.8072
RNG(1),4.34,0.8072
RNG(1),4.36,0.8072
RNG(1),4.37,0.8072
RNG(1),4.39,0.8072
RNG(1),4.4,0.8072
RNG(1),4.42,0.8072
RNG(1),4.43,0.8072
RNG(1),4.45,0.8072
RNG(1),4.46,0.8072
RNG(1),4.47,0.8072
RNG(1),4.48,0.8072
RNG(1),4.49,0.8072
RNG(1),4.5,0.8072
RNG(1),4.54,0.8072
RNG(1),4.55,0.8072
RNG(1),4.58,0.8072
RNG(1),4.6,0.8072
RNG(1),4.65,0.8072
RNG(1),4.68,0.8072
RNG(1),4.7,0.8072
RNG(1),4.75,0.8072
RNG(1),4.76,0.8072
RNG(1),4.81,0.8072
RNG(1),4.82,0.8072
Seg(1),0.99,0.8016
Seg(1),1.0,0.8016
Seg(1),1.02,0.8016
Seg(1),1.03,0.8016
Seg(1),1.04,0.8016
Seg(1),1.05,0.8019
Seg(1),1.06,0.8022
Seg(1),1.07,0.8022
Seg(1),1.08,0.8025
Seg(1),1.09,0.8028
Seg(1),1.1,0.8028
Seg(1),1.11,0.8028
Seg(1),1.12,0.8028
Seg(1),1.13,0.8028
Seg(1),1.15,0.8028
Seg(1),1.19,0.8028
Seg(1),1.22,0.8028
Seg(1),1.24,0.8028
Seg(1),1.28,0.8028
Seg(1),1.29,0.8028
Seg(1),1.31,0.8028
Seg(1),1.32,0.8028
Seg(1),1.33,0.8031
Seg(1),1.34,0.8031
Seg(1),1.35,0.8031
Seg(1),1.37,0.8031
Seg(1),1.4,0.8031
Seg(1),1.41,0.8031
Seg(1),1.43,0.8031
Seg(1),1.44,0.8031
Seg(1),1.46,0.8031
Seg(1),1.47,0.8031
Seg(1),1.48,0.8031
Seg(1),1.49,0.8031
Seg(1),1.5,0.8031
Seg(1),1.51,0.8031
Seg(1),1.52,0.8031
Seg(1),1.53,0.8031
Seg(1),1.54,0.8031
Seg(1),1.55,0.8031
Seg(1),1.56,0.8031
Seg(1),1.57,0.8031
Seg(1),1.58,0.8031
Seg(1),1.59,0.8031
Seg(1),1.6,0.8031
Seg(1),1.61,0.8031
Seg(1),1.62,0.8031
Seg(1),1.63,0.8031
Seg(1),1.64,0.8031
Seg(1),1.65,0.8031
Seg(1),1.66,0.8031
Seg(1),1.67,0.8034
Seg(1),1.68,0.8034
Seg(1),1.69,0.8034
Seg(1),1.7,0.8034
Seg(1),1.71,0.8034
Seg(1),1.72,0.8037
Seg(1),1.73,0.8037
Seg(1),1.74,0.8037
Seg(1),1.75,0.8037
Seg(1),1.76,0.8037
Seg(1),1.79,0.8037
Seg(1),1.8,0.8037
Seg(1),1.81,0.8037
Seg(1),1.82,0.8037
Seg(1),1.83,0.8037
Seg(1),1.84,0.8037
Seg(1),1.85,0.8037
Seg(1),1.86,0.8044
Seg(1),1.87,0.8044
Seg(1),1.88,0.8044
Seg(1),1.89,0.8044
Seg(1),1.9,0.8044
Seg(1),1.91,0.8044
Seg(1),1.92,0.8044
Seg(1),1.93,0.8047
Seg(1),1.94,0.8047
Seg(1),1.95,0.8047
Seg(1),1.96,0.8047
Seg(1),1.97,0.8047
Seg(1),1.98,0.8047
Seg(1),1.99,0.8047
Seg(1),2.0,0.8047
Seg(1),2.01,0.8047
Seg(1),2.02,0.8047
Seg(1),2.03,0.8047
Seg(1),2.04,0.8047
Seg(1),2.05,0.8047
Seg(1),2.06,0.8047
Seg(1),2.08,0.8047
Seg(1),2.09,0.8047
Seg(1),2.1,0.8047
Seg(1),2.11,0.8047
Seg(1),2.12,0.8047
Seg(1),2.13,0.8047
Seg(1),2.15,0.8047
Seg(1),2.17,0.8047
Seg(1),2.18,0.8047
Seg(1),2.19,0.8047
Seg(1),2.2,0.8047
Seg(1),2.21,0.8047
Seg(1),2.22,0.8047
Seg(1),2.23,0.8047
Seg(1),2.24,0.8047
Seg(1),2.25,0.8047
Seg(1),2.26,0.8047
Seg(1),2.27,0.8047
Seg(1),2.28,0.8047
Seg(1),2.29,0.8047
Seg(1),2.31,0.8047
Seg(1),2.32,0.8047
Seg(1),2.33,0.8047
Seg(1),2.34,0.8047
Seg(1),2.35,0.8047
Seg(1),2.36,0.8047
Seg(1),2.37,0.8047
Seg(1),2.38,0.8047
Seg(1),2.39,0.8047
Seg(1),2.4,0.8047
Seg(1),2.41,0.8047
Seg(1),2.42,0.8053
Seg(1),2.43,0.8053
Seg(1),2.44,0.8053
Seg(1),2.45,0.8053
Seg(1),2.46,0.8053
Seg(1),2.47,0.8053
Seg(1),2.48,0.8053
Seg(1),2.49,0.8053
Seg(1),2.5,0.8053
Seg(1),2.51,0.8053
Seg(1),2.52,0.8053
Seg(1),2.53,0.8053
Seg(1),2.54,0.8053
Seg(1),2.55,0.8053
Seg(1),2.56,0.8053
Seg(1),2.57,0.8053
Seg(1),2.58,0.8056
Seg(1),2.59,0.8056
Seg(1),2.6,0.8056
Seg(1),2.61,0.8056
Seg(1),2.62,0.8056
Seg(1),2.63,0.8056
Seg(1),2.64,0.8056
Seg(1),2.65,0.8056
Seg(1),2.66,0.8056
Seg(1),2.67,0.8056
Seg(1),2.68,0.8056
Seg(1),2.69,0.8056
Seg(1),2.7,0.8056
Seg(1),2.71,0.8056
Seg(1),2.72,0.8056
Seg(1),2.73,0.8056
Seg(1),2.74,0.8056
Seg(1),2.76,0.8056
Seg(1),2.77,0.8056
Seg(1),2.78,0.8056
Seg(1),2.79,0.8056
Seg(1),2.8,0.8056
Seg(1),2.81,0.8056
Seg(1),2.82,0.8056
Seg(1),2.83,0.8056
Seg(1),2.84,0.8056
Seg(1),2.85,0.8056
Seg(1),2.86,0.8056
Seg(1),2.87,0.8056
Seg(1),2.88,0.8056
Seg(1),2.89,0.8056
Seg(1),2.9,0.8056
Seg(1),2.91,0.8056
Seg(1),2.92,0.8056
Seg(1),2.93,0.8056
Seg(1),2.94,0.805
Seg(1),2.95,0.805
Seg(1),2.96,0.805
Seg(1),2.97,0.8047
Seg(1),2.98,0.8047
Seg(1),2.99,0.8037
Seg(1),3.0,0.8037
Seg(1),3.02,0.8037
Seg(1),3.03,0.8037
Seg(1),3.05,0.8037
Seg(1),3.07,0.8037
Seg(1),3.08,0.8037
Seg(1),3.09,0.8037
Seg(1),3.1,0.8037
Seg(1),3.11,0.8037
Seg(1),3.12,0.8037
Seg(1),3.13,0.8037
Seg(1),3.15,0.8037
Seg(1),3.16,0.8037
Seg(1),3.17,0.8037
Seg(1),3.18,0.8037
Seg(1),3.2,0.8037
Seg(1),3.21,0.8037
Seg(1),3.22,0.8037
Seg(1),3.23,0.8037
Seg(1),3.24,0.8037
Seg(1),3.25,0.8037
Seg(1),3.26,0.8037
Seg(1),3.27,0.8037
Seg(1),3.29,0.8037
Seg(1),3.3,0.8037
Seg(1),3.31,0.8037
Seg(1),3.32,0.8037
Seg(1),3.33,0.8037
Seg(1),3.34,0.8037
Seg(1),3.35,0.8037
Seg(1),3.36,0.8037
Seg(1),3.37,0.8037
Seg(1),3.38,0.8037
Seg(1),3.39,0.8037
Seg(1),3.4,0.8037
Seg(1),3.41,0.8037
Seg(1),3.42,0.8037
Seg(1),3.44,0.8037
Seg(1),3.45,0.8044
Seg(1),3.46,0.8044
Seg(1),3.47,0.8044
Seg(1),3.48,0.8044
Seg(1),3.49,0.8044
Seg(1),3.5,0.8044
Seg(1),3.51,0.8044
Seg(1),3.52,0.8044
Seg(1),3.53,0.8044
Seg(1),3.54,0.8044
Seg(1),3.55,0.8044
Seg(1),3.57,0.8044
Seg(1),3.58,0.8044
Seg(1),3.59,0.8044
Seg(1),3.6,0.8044
Seg(1),3.61,0.8044
Seg(1),3.63,0.8044
Seg(1),3.64,0.8044
Seg(1),3.65,0.8044
Seg(1),3.66,0.8044
Seg(1),3.67,0.8044
Seg(1),3.68,0.8044
Seg(1),3.69,0.8044
Seg(1),3.7,0.8044
Seg(1),3.72,0.8044
Seg(1),3.73,0.8044
Seg(1),3.74,0.8044
Seg(1),3.78,0.8044
Seg(1),3.81,0.8044
Seg(1),3.82,0.8044
Seg(1),3.83,0.8044
Seg(1),3.84,0.8044
Seg(1),3.85,0.8044
Seg(1),3.87,0.8044
Seg(1),3.88,0.8044
Seg(1),3.91,0.8044
Seg(1),3.93,0.8044
Seg(1),3.95,0.8044
Seg(1),3.96,0.8044
Seg(1),3.97,0.8044
Seg(1),3.99,0.8044
Seg(1),4.0,0.8044
Seg(1),4.04,0.8044
Seg(1),4.05,0.8044
Seg(1),4.06,0.8044
Seg(1),4.07,0.8044
Seg(1),4.08,0.8044
Seg(1),4.09,0.8044
Seg(1),4.1,0.8044
Seg(1),4.11,0.8044
Seg(1),4.16,0.8044
Seg(1),4.17,0.8044
Seg(1),4.18,0.8044
Seg(1),4.19,0.8044
Seg(1),4.2,0.8044
Seg(1),4.22,0.8044
Seg(1),4.23,0.8044
Seg(1),4.25,0.8044
Seg(1),4.27,0.8044
Seg(1),4.28,0.8044
Seg(1),4.29,0.8044
Seg(1),4.31,0.8044
Seg(1),4.32,0.8044
Seg(1),4.33,0.8044
Seg(1),4.34,0.8044
Seg(1),4.36,0.8044
Seg(1),4.37,0.8044
Seg(1),4.39,0.8044
Seg(1),4.4,0.8044
Seg(1),4.42,0.8044
Seg(1),4.43,0.8044
Seg(1),4.45,0.8044
Seg(1),4.46,0.8044
Seg(1),4.47,0.8044
Seg(1),4.48,0.8044
Seg(1),4.49,0.8044
Seg(1),4.5,0.8044
Seg(1),4.54,0.8044
Seg(1),4.55,0.8044
Seg(1),4.58,0.8044
Seg(1),4.6,0.8044
Seg(1),4.65,0.8044
Seg(1),4.68,0.8044
Seg(1),4.7,0.8044
Seg(1),4.75,0.8044
Seg(1),4.76,0.8044
Seg(1),4.81,0.8044
Seg(1),4.82,0.8044
