D,tau,val mean
MMR(0.3),0.99,0.827
MMR(0.3),1.0,0.827
MMR(0.3),1.01,0.8281
MMR(0.3),1.02,0.8284
MMR(0.3),1.03,0.8289
MMR(0.3),1.04,0.8296
MMR(0.3),1.05,0.8301
MMR(0.3),1.06,0.8313
MMR(0.3),1.07,0.8317
MMR(0.3),1.08,0.8324
MMR(0.3),1.09,0.8327
MMR(0.3),1.1,0.8329
MMR(0.3),1.11,0.833
MMR(0.3),1.12,0.8332
MMR(0.3),1.13,0.8333
MMR(0.3),1.14,0.8335
MMR(0.3),1.15,0.8335
MMR(0.3),1.16,0.8336
MMR(0.3),1.17,0.8337
MMR(0.3),1.18,0.8338
MMR(0.3),1.19,0.8339
MMR(0.3),1.2,0.8339
MMR(0.3),1.21,0.834
MMR(0.3),1.22,0.834
MMR(0.3),1.23,0.834
MMR(0.3),1.25,0.8339
MMR(0.3),1.26,0.8339
MMR(0.3),1.27,0.8338
MMR(0.3),1.28,0.8339
MMR(0.3),1.29,0.8339
MMR(0.3),1.3,0.8339
MMR(0.3),1.31,0.8339
MMR(0.3),1.32,0.8339
MMR(0.3),1.33,0.8338
MMR(0.3),1.34,0.8339
MMR(0.3),1.35,0.8337
MMR(0.3),1.36,0.8336
MMR(0.3),1.37,0.8337
MMR(0.3),1.38,0.8336
MMR(0.3),1.39,0.8335
MMR(0.3),1.4,0.8331
MMR(0.3),1.41,0.8328
MMR(0.3),1.42,0.8323
MMR(0.3),1.43,0.832
MMR(0.3),1.44,0.8317
MMR(0.3),1.45,0.8311
MMR(0.3),1.46,0.8311
MMR(0.3),1.47,0.8308
MMR(0.3),1.48,0.8304
MMR(0.3),1.49,0.8301
MMR(0.3),1.5,0.8296
MMR(0.3),1.51,0.829
MMR(0.3),1.52,0.8284
MMR(0.3),1.53,0.8275
MMR(0.3),1.54,0.8271
MMR(0.3),1.55,0.8268
MMR(0.3),1.56,0.8265
MMR(0.3),1.57,0.826
MMR(0.3),1.58,0.8257
MMR(0.3),1.59,0.8254
MMR(0.3),1.6,0.8251
MMR(0.3),1.61,0.825
MMR(0.3),1.62,0.8244
MMR(0.3),1.63,0.8242
MMR(0.3),1.64,0.8237
MMR(0.3),1.65,0.8234
MMR(0.3),1.66,0.8229
MMR(0.3),1.67,0.8227
MMR(0.3),1.68,0.8219
MMR(0.3),1.69,0.8214
MMR(0.3),1.7,0.8208
MMR(0.3),1.71,0.8201
MMR(0.3),1.72,0.8195
MMR(0.3),1.73,0.8188
MMR(0.3),1.74,0.8181
MMR(0.3),1.75,0.8176
MMR(0.3),1.76,0.8172
MMR(0.3),1.77,0.8163
MMR(0.3),1.78,0.8154
MMR(0.3),1.79,0.8148
MMR(0.3),1.8,0.8145
MMR(0.3),1.81,0.814
MMR(0.3),1.82,0.8137
MMR(0.3),1.83,0.8132
MMR(0.3),1.84,0.8127
MMR(0.3),1.85,0.8125
MMR(0.3),1.86,0.8125
MMR(0.3),1.87,0.8123
MMR(0.3),1.88,0.8121
MMR(0.3),1.89,0.8123
MMR(0.3),1.9,0.812
MMR(0.3),1.91,0.8119
MMR(0.3),1.92,0.8118
MMR(0.3),1.93,0.8116
MMR(0.3),1.94,0.8112
MMR(0.3),1.95,0.8106
MMR(0.3),1.96,0.8101
MMR(0.3),1.97,0.8099
MMR(0.3),1.98,0.8098
MMR(0.3),1.99,0.8094
MMR(0.3),2.0,0.809
MMR(0.3),2.01,0.8087
MMR(0.3),2.02,0.8085
MMR(0.3),2.03,0.8082
MMR(0.3),2.04,0.8079
MMR(0.3),2.05,0.8072
MMR(0.3),2.06,0.807
MMR(0.3),2.07,0.8068
MMR(0.3),2.08,0.8063
MMR(0.3),2.09,0.8062
MMR(0.3),2.1,0.8056
MMR(0.3),2.11,0.8049
MMR(0.3),2.12,0.8045
MMR(0.3),2.13,0.8039
MMR(0.3),2.14,0.8033
MMR(0.3),2.15,0.8029
MMR(0.3),2.16,0.8022
MMR(0.3),2.17,0.8017
MMR(0.3),2.18,0.801
MMR(0.3),2.19,0.8009
MMR(0.3),2.2,0.8004
MMR(0.3),2.21,0.8
MMR(0.3),2.22,0.7994
MMR(0.3),2.23,0.7986
MMR(0.3),2.24,0.7978
MMR(0.3),2.25,0.7973
MMR(0.3),2.26,0.7968
MMR(0.3),2.27,0.7963
MMR(0.3),2.28,0.7958
MMR(0.3),2.29,0.7948
MMR(0.3),2.3,0.7938
MMR(0.3),2.31,0.7933
MMR(0.3),2.32,0.7922
MMR(0.3),2.33,0.7915
MMR(0.3),2.34,0.7907
MMR(0.3),2.35,0.7899
MMR(0.3),2.36,0.7889
MMR(0.3),2.37,0.7882
MMR(0.3),2.38,0.787
MMR(0.3),2.39,0.786
MMR(0.3),2.4,0.7852
MMR(0.3),2.41,0.7843
MMR(0.3),2.42,0.7835
MMR(0.3),2.43,0.7827
MMR(0.3),2.44,0.7819
MMR(0.3),2.45,0.7804
MMR(0.3),2.46,0.7797
MMR(0.3),2.47,0.7793
MMR(0.3),2.48,0.7785
MMR(0.3),2.49,0.7782
MMR(0.3),2.5,0.7772
MMR(0.3),2.51,0.776
MMR(0.3),2.52,0.7754
MMR(0.3),2.53,0.7749
MMR(0.3),2.54,0.7742
MMR(0.3),2.55,0.773
MMR(0.3),2.56,0.772
MMR(0.3),2.57,0.772
MMR(0.3),2.58,0.7716
MMR(0.3),2.59,0.7707
MMR(0.3),2.6,0.7702
MMR(0.3),2.61,0.7695
MMR(0.3),2.62,0.7689
MMR(0.3),2.63,0.7682
MMR(0.3),2.64,0.7676
MMR(0.3),2.65,0.7673
MMR(0.3),2.66,0.7668
MMR(0.3),2.67,0.7661
MMR(0.3),2.68,0.7657
MMR(0.3),2.69,0.7655
MMR(0.3),2.7,0.7652
MMR(0.3),2.71,0.7647
MMR(0.3),2.72,0.7641
MMR(0.3),2.73,0.7636
MMR(0.3),2.74,0.7631
MMR(0.3),2.75,0.7632
MMR(0.3),2.76,0.7626
MMR(0.3),2.77,0.7622
MMR(0.3),2.78,0.7615
MMR(0.3),2.79,0.7609
MMR(0.3),2.8,0.7603
MMR(0.3),2.81,0.7595
MMR(0.3),2.82,0.759
MMR(0.3),2.83,0.7585
MMR(0.3),2.84,0.7579
MMR(0.3),2.85,0.7573
MMR(0.3),2.86,0.7566
MMR(0.3),2.87,0.7562
MMR(0.3),2.88,0.7562
MMR(0.3),2.89,0.7554
MMR(0.3),2.9,0.7548
MMR(0.3),2.91,0.7542
MMR(0.3),2.92,0.7532
MMR(0.3),2.93,0.752
MMR(0.3),2.94,0.7512
MMR(0.3),2.95,0.7501
MMR(0.3),2.96,0.7493
MMR(0.3),2.97,0.7484
MMR(0.3),2.98,0.7472
MMR(0.3),2.99,0.7462
MMR(0.3),3.0,0.745
MMR(0.3),3.01,0.7441
MMR(0.3),3.02,0.743
MMR(0.3),3.03,0.7422
MMR(0.3),3.04,0.7413
MMR(0.3),3.05,0.7402
MMR(0.3),3.06,0.7392
MMR(0.3),3.07,0.7383
MMR(0.3),3.08,0.7372
MMR(0.3),3.09,0.7361
MMR(0.3),3.1,0.7349
MMR(0.3),3.11,0.734
MMR(0.3),3.12,0.7329
MMR(0.3),3.13,0.7317
MMR(0.3),3.14,0.7303
MMR(0.3),3.15,0.7295
MMR(0.3),3.16,0.7289
MMR(0.3),3.17,0.7276
MMR(0.3),3.18,0.7265
MMR(0.3),3.19,0.7256
MMR(0.3),3.2,0.7251
MMR(0.3),3.21,0.7243
MMR(0.3),3.22,0.7239
MMR(0.3),3.23,0.7236
MMR(0.3),3.24,0.723
MMR(0.3),3.25,0.7222
MMR(0.3),3.26,0.7217
MMR(0.3),3.27,0.7213
MMR(0.3),3.28,0.7207
MMR(0.3),3.29,0.72
MMR(0.3),3.3,0.7195
MMR(0.3),3.31,0.7192
MMR(0.3),3.32,0.7187
MMR(0.3),3.33,0.7185
MMR(0.3),3.34,0.7184
MMR(0.3),3.35,0.7179
MMR(0.3),3.36,0.7174
MMR(0.3),3.37,0.7171
MMR(0.3),3.38,0.7168
MMR(0.3),3.39,0.716
MMR(0.3),3.4,0.7158
MMR(0.3),3.41,0.7154
MMR(0.3),3.42,0.7146
MMR(0.3),3.43,0.7143
MMR(0.3),3.44,0.7139
MMR(0.3),3.45,0.7133
MMR(0.3),3.46,0.7133
MMR(0.3),3.47,0.7126
MMR(0.3),3.48,0.7124
MMR(0.3),3.49,0.7114
MMR(0.3),3.5,0.7105
MMR(0.3),3.51,0.7099
MMR(0.3),3.52,0.7095
MMR(0.3),3.53,0.7091
MMR(0.3),3.54,0.7086
MMR(0.3),3.55,0.708
MMR(0.3),3.56,0.7076
MMR(0.3),3.57,0.7069
MMR(0.3),3.58,0.7058
MMR(0.3),3.59,0.705
MMR(0.3),3.6,0.7045
MMR(0.3),3.61,0.704
MMR(0.3),3.62,0.7031
MMR(0.3),3.63,0.7025
MMR(0.3),3.64,0.7015
MMR(0.3),3.65,0.7007
MMR(0.3),3.66,0.6996
MMR(0.3),3.67,0.6986
MMR(0.3),3.68,0.6978
MMR(0.3),3.69,0.6968
MMR(0.3),3.7,0.6952
MMR(0.3),3.71,0.6944
MMR(0.3),3.72,0.6931
MMR(0.3),3.73,0.6918
MMR(0.3),3.74,0.6905
MMR(0.3),3.75,0.6891
MMR(0.3),3.76,0.6881
MMR(0.3),3.77,0.6869
MMR(0.3),3.78,0.6859
MMR(0.3),3.79,0.6843
MMR(0.3),3.8,0.6826
MMR(0.3),3.81,0.6816
MMR(0.3),3.82,0.6801
MMR(0.3),3.83,0.6783
MMR(0.3),3.84,0.677
MMR(0.3),3.85,0.6759
MMR(0.3),3.86,0.6746
MMR(0.3),3.87,0.6733
MMR(0.3),3.88,0.6717
MMR(0.3),3.89,0.6706
MMR(0.3),3.9,0.6695
MMR(0.3),3.91,0.6689
MMR(0.3),3.92,0.6678
MMR(0.3),3.93,0.6675
MMR(0.3),3.94,0.6663
MMR(0.3),3.95,0.6651
MMR(0.3),3.96,0.664
MMR(0.3),3.97,0.6632
MMR(0.3),3.98,0.6623
MMR(0.3),3.99,0.6619
MMR(0.3),4.0,0.6611
MMR(0.3),4.01,0.66
MMR(0.3),4.02,0.6592
MMR(0.3),4.03,0.6582
MMR(0.3),4.04,0.6575
MMR(0.3),4.05,0.6569
MMR(0.3),4.06,0.6555
MMR(0.3),4.07,0.6552
MMR(0.3),4.08,0.6547
MMR(0.3),4.09,0.6545
MMR(0.3),4.1,0.6543
MMR(0.3),4.11,0.6542
MMR(0.3),4.12,0.654
MMR(0.3),4.13,0.6536
MMR(0.3),4.14,0.6534
MMR(0.3),4.15,0.6532
MMR(0.3),4.16,0.6532
MMR(0.3),4.17,0.653
MMR(0.3),4.18,0.653
MMR(0.3),4.19,0.6527
MMR(0.3),4.2,0.6527
MMR(0.3),4.21,0.6524
MMR(0.3),4.22,0.6524
MMR(0.3),4.23,0.6524
MMR(0.3),4.24,0.6524
MMR(0.3),4.25,0.6523
MMR(0.3),4.26,0.6523
MMR(0.3),4.27,0.6522
MMR(0.3),4.3,0.6522
MMR(0.3),4.31,0.6522
MMR(0.3),4.33,0.6522
MMR(0.3),4.35,0.6522
MMR(0.3),4.36,0.6522
MMR(0.3),4.37,0.6522
MMR(0.3),4.38,0.6522
MMR(0.5),0.99,0.827
MMR(0.5),1.0,0.827
MMR(0.5),1.01,0.8286
MMR(0.5),1.02,0.8288
MMR(0.5),1.03,0.8295
MMR(0.5),1.04,0.8303
MMR(0.5),1.05,0.8311
MMR(0.5),1.06,0.8324
MMR(0.5),1.07,0.833
MMR(0.5),1.08,0.8341
MMR(0.5),1.09,0.8347
MMR(0.5),1.1,0.8351
MMR(0.5),1.11,0.8353
MMR(0.5),1.12,0.8355
MMR(0.5),1.13,0.8357
MMR(0.5),1.14,0.836
MMR(0.5),1.15,0.8361
MMR(0.5),1.16,0.8362
MMR(0.5),1.17,0.8363
MMR(0.5),1.18,0.8365
MMR(0.5),1.19,0.8366
MMR(0.5),1.2,0.8368
MMR(0.5),1.21,0.8368
MMR(0.5),1.22,0.8368
MMR(0.5),1.23,0.8368
MMR(0.5),1.25,0.8367
MMR(0.5),1.26,0.8368
MMR(0.5),1.27,0.8367
MMR(0.5),1.28,0.8368
MMR(0.5),1.29,0.8368
MMR(0.5),1.3,0.8368
MMR(0.5),1.31,0.8368
MMR(0.5),1.32,0.8369
MMR(0.5),1.33,0.8368
MMR(0.5),1.34,0.8369
MMR(0.5),1.35,0.8369
MMR(0.5),1.36,0.8368
MMR(0.5),1.37,0.8369
MMR(0.5),1.38,0.8369
MMR(0.5),1.39,0.8368
MMR(0.5),1.4,0.8364
MMR(0.5),1.41,0.8362
MMR(0.5),1.42,0.8358
MMR(0.5),1.43,0.8356
MMR(0.5),1.44,0.8356
MMR(0.5),1.45,0.8352
MMR(0.5),1.46,0.8351
MMR(0.5),1.47,0.8351
MMR(0.5),1.48,0.8351
MMR(0.5),1.49,0.8351
MMR(0.5),1.5,0.8348
MMR(0.5),1.51,0.8346
MMR(0.5),1.52,0.8344
MMR(0.5),1.53,0.8338
MMR(0.5),1.54,0.8337
MMR(0.5),1.55,0.8337
MMR(0.5),1.56,0.8338
MMR(0.5),1.57,0.8336
MMR(0.5),1.58,0.8335
MMR(0.5),1.59,0.8334
MMR(0.5),1.6,0.8331
MMR(0.5),1.61,0.8333
MMR(0.5),1.62,0.833
MMR(0.5),1.63,0.833
MMR(0.5),1.64,0.8327
MMR(0.5),1.65,0.8326
MMR(0.5),1.66,0.8324
MMR(0.5),1.67,0.8324
MMR(0.5),1.68,0.8319
MMR(0.5),1.69,0.8317
MMR(0.5),1.7,0.8314
MMR(0.5),1.71,0.8309
MMR(0.5),1.72,0.8306
MMR(0.5),1.73,0.8303
MMR(0.5),1.74,0.8298
MMR(0.5),1.75,0.8297
MMR(0.5),1.76,0.8296
MMR(0.5),1.77,0.829
MMR(0.5),1.78,0.8287
MMR(0.5),1.79,0.8285
MMR(0.5),1.8,0.8284
MMR(0.5),1.81,0.8283
MMR(0.5),1.82,0.8283
MMR(0.5),1.83,0.8282
MMR(0.5),1.84,0.828
MMR(0.5),1.85,0.8281
MMR(0.5),1.86,0.8283
MMR(0.5),1.87,0.8287
MMR(0.5),1.88,0.8288
MMR(0.5),1.89,0.8292
MMR(0.5),1.9,0.8292
MMR(0.5),1.91,0.8293
MMR(0.5),1.92,0.8294
MMR(0.5),1.93,0.8295
MMR(0.5),1.94,0.8293
MMR(0.5),1.95,0.8291
MMR(0.5),1.96,0.8287
MMR(0.5),1.97,0.8288
MMR(0.5),1.98,0.8288
MMR(0.5),1.99,0.8285
MMR(0.5),2.0,0.8285
MMR(0.5),2.01,0.8283
MMR(0.5),2.02,0.8283
MMR(0.5),2.03,0.828
MMR(0.5),2.04,0.8278
MMR(0.5),2.05,0.8274
MMR(0.5),2.06,0.8274
MMR(0.5),2.07,0.8274
MMR(0.5),2.08,0.8271
MMR(0.5),2.09,0.8271
MMR(0.5),2.1,0.8269
MMR(0.5),2.11,0.8263
MMR(0.5),2.12,0.826
MMR(0.5),2.13,0.8257
MMR(0.5),2.14,0.8251
MMR(0.5),2.15,0.8249
MMR(0.5),2.16,0.8243
MMR(0.5),2.17,0.8241
MMR(0.5),2.18,0.8236
MMR(0.5),2.19,0.8236
MMR(0.5),2.2,0.8232
MMR(0.5),2.21,0.8229
MMR(0.5),2.22,0.8224
MMR(0.5),2.23,0.8219
MMR(0.5),2.24,0.8214
MMR(0.5),2.25,0.8211
MMR(0.5),2.26,0.8207
MMR(0.5),2.27,0.8205
MMR(0.5),2.28,0.8203
MMR(0.5),2.29,0.8196
MMR(0.5),2.3,0.8189
MMR(0.5),2.31,0.8183
MMR(0.5),2.32,0.8175
MMR(0.5),2.33,0.8172
MMR(0.5),2.34,0.8169
MMR(0.5),2.35,0.8164
MMR(0.5),2.36,0.8159
MMR(0.5),2.37,0.8153
MMR(0.5),2.38,0.8145
MMR(0.5),2.39,0.8137
MMR(0.5),2.4,0.8132
MMR(0.5),2.41,0.8129
MMR(0.5),2.42,0.8124
MMR(0.5),2.43,0.8119
MMR(0.5),2.44,0.8115
MMR(0.5),2.45,0.8107
MMR(0.5),2.46,0.8101
MMR(0.5),2.47,0.81
MMR(0.5),2.48,0.8096
MMR(0.5),2.49,0.8095
MMR(0.5),2.5,0.8088
MMR(0.5),2.51,0.8081
MMR(0.5),2.52,0.8078
MMR(0.5),2.53,0.8077
MMR(0.5),2.54,0.8072
MMR(0.5),2.55,0.8066
MMR(0.5),2.56,0.8062
MMR(0.5),2.57,0.806
MMR(0.5),2.58,0.806
MMR(0.5),2.59,0.8054
MMR(0.5),2.6,0.8051
MMR(0.5),2.61,0.8047
MMR(0.5),2.62,0.8044
MMR(0.5),2.63,0.8038
MMR(0.5),2.64,0.8037
MMR(0.5),2.65,0.8036
MMR(0.5),2.66,0.8032
MMR(0.5),2.67,0.8026
MMR(0.5),2.68,0.8023
MMR(0.5),2.69,0.8022
MMR(0.5),2.7,0.8019
MMR(0.5),2.71,0.8016
MMR(0.5),2.72,0.8011
MMR(0.5),2.73,0.8007
MMR(0.5),2.74,0.8004
MMR(0.5),2.75,0.8003
MMR(0.5),2.76,0.8
MMR(0.5),2.77,0.7997
MMR(0.5),2.78,0.7992
MMR(0.5),2.79,0.7989
MMR(0.5),2.8,0.7985
MMR(0.5),2.81,0.7981
MMR(0.5),2.82,0.7979
MMR(0.5),2.83,0.7976
MMR(0.5),2.84,0.7971
MMR(0.5),2.85,0.7967
MMR(0.5),2.86,0.7962
MMR(0.5),2.87,0.7959
MMR(0.5),2.88,0.7959
MMR(0.5),2.89,0.7954
MMR(0.5),2.9,0.795
MMR(0.5),2.91,0.7945
MMR(0.5),2.92,0.794
MMR(0.5),2.93,0.7931
MMR(0.5),2.94,0.7925
MMR(0.5),2.95,0.7918
MMR(0.5),2.96,0.7913
MMR(0.5),2.97,0.7906
MMR(0.5),2.98,0.7897
MMR(0.5),2.99,0.789
MMR(0.5),3.0,0.788
MMR(0.5),3.01,0.7874
MMR(0.5),3.02,0.7865
MMR(0.5),3.03,0.786
MMR(0.5),3.04,0.7855
MMR(0.5),3.05,0.7847
MMR(0.5),3.06,0.784
MMR(0.5),3.07,0.7834
MMR(0.5),3.08,0.7827
MMR(0.5),3.09,0.782
MMR(0.5),3.1,0.7812
MMR(0.5),3.11,0.7806
MMR(0.5),3.12,0.7798
MMR(0.5),3.13,0.7789
MMR(0.5),3.14,0.7779
MMR(0.5),3.15,0.7773
MMR(0.5),3.16,0.7769
MMR(0.5),3.17,0.7762
MMR(0.5),3.18,0.7755
MMR(0.5),3.19,0.7749
MMR(0.5),3.2,0.7747
MMR(0.5),3.21,0.7743
MMR(0.5),3.22,0.7741
MMR(0.5),3.23,0.774
MMR(0.5),3.24,0.7736
MMR(0.5),3.25,0.7731
MMR(0.5),3.26,0.7727
MMR(0.5),3.27,0.7726
MMR(0.5),3.28,0.7723
MMR(0.5),3.29,0.7719
MMR(0.5),3.3,0.7715
MMR(0.5),3.31,0.7714
MMR(0.5),3.32,0.7712
MMR(0.5),3.33,0.7712
MMR(0.5),3.34,0.7711
MMR(0.5),3.35,0.7707
MMR(0.5),3.36,0.7703
MMR(0.5),3.37,0.7701
MMR(0.5),3.38,0.7699
MMR(0.5),3.39,0.7694
MMR(0.5),3.4,0.7691
MMR(0.5),3.41,0.7689
MMR(0.5),3.42,0.7683
MMR(0.5),3.43,0.768
MMR(0.5),3.44,0.7676
MMR(0.5),3.45,0.7672
MMR(0.5),3.46,0.7672
MMR(0.5),3.47,0.7667
MMR(0.5),3.48,0.7665
MMR(0.5),3.49,0.7658
MMR(0.5),3.5,0.7652
MMR(0.5),3.51,0.7647
MMR(0.5),3.52,0.7644
MMR(0.5),3.53,0.764
MMR(0.5),3.54,0.7635
MMR(0.5),3.55,0.7632
MMR(0.5),3.56,0.7628
MMR(0.5),3.57,0.7623
MMR(0.5),3.58,0.7618
MMR(0.5),3.59,0.7612
MMR(0.5),3.6,0.7609
MMR(0.5),3.61,0.7606
MMR(0.5),3.62,0.7598
MMR(0.5),3.63,0.7593
MMR(0.5),3.64,0.7585
MMR(0.5),3.65,0.7579
MMR(0.5),3.66,0.7572
MMR(0.5),3.67,0.7566
MMR(0.5),3.68,0.7558
MMR(0.5),3.69,0.7553
MMR(0.5),3.7,0.7543
MMR(0.5),3.71,0.7536
MMR(0.5),3.72,0.7525
MMR(0.5),3.73,0.7518
MMR(0.5),3.74,0.7509
MMR(0.5),3.75,0.7497
MMR(0.5),3.76,0.7488
MMR(0.5),3.77,0.7477
MMR(0.5),3.78,0.7468
MMR(0.5),3.79,0.7456
MMR(0.5),3.8,0.7443
MMR(0.5),3.81,0.7434
MMR(0.5),3.82,0.7422
MMR(0.5),3.83,0.741
MMR(0.5),3.84,0.7401
MMR(0.5),3.85,0.7395
MMR(0.5),3.86,0.7385
MMR(0.5),3.87,0.7376
MMR(0.5),3.88,0.7364
MMR(0.5),3.89,0.7357
MMR(0.5),3.9,0.7352
MMR(0.5),3.91,0.7348
MMR(0.5),3.92,0.734
MMR(0.5),3.93,0.7338
MMR(0.5),3.94,0.733
MMR(0.5),3.95,0.7323
MMR(0.5),3.96,0.7314
MMR(0.5),3.97,0.7308
MMR(0.5),3.98,0.7301
MMR(0.5),3.99,0.7299
MMR(0.5),4.0,0.7294
MMR(0.5),4.01,0.7289
MMR(0.5),4.02,0.7283
MMR(0.5),4.03,0.7277
MMR(0.5),4.04,0.727
MMR(0.5),4.05,0.7264
MMR(0.5),4.06,0.7253
MMR(0.5),4.07,0.7252
MMR(0.5),4.08,0.725
MMR(0.5),4.09,0.7249
MMR(0.5),4.1,0.7248
MMR(0.5),4.11,0.7248
MMR(0.5),4.12,0.7247
MMR(0.5),4.13,0.7244
MMR(0.5),4.14,0.7244
MMR(0.5),4.15,0.7244
MMR(0.5),4.16,0.7244
MMR(0.5),4.17,0.7243
MMR(0.5),4.18,0.7243
MMR(0.5),4.19,0.7243
MMR(0.5),4.2,0.7242
MMR(0.5),4.21,0.724
MMR(0.5),4.22,0.724
MMR(0.5),4.23,0.724
MMR(0.5),4.24,0.724
MMR(0.5),4.25,0.724
MMR(0.5),4.26,0.724
MMR(0.5),4.27,0.724
MMR(0.5),4.3,0.724
MMR(0.5),4.31,0.724
MMR(0.5),4.33,0.724
MMR(0.5),4.35,0.724
MMR(0.5),4.36,0.724
MMR(0.5),4.37,0.724
MMR(0.5),4.38,0.724
MMR(0.7),0.99,0.827
MMR(0.7),1.0,0.827
MMR(0.7),1.01,0.8288
MMR(0.7),1.02,0.829
MMR(0.7),1.03,0.8298
MMR(0.7),1.04,0.8308
MMR(0.7),1.05,0.8316
MMR(0.7),1.06,0.8333
MMR(0.7),1.07,0.8339
MMR(0.7),1.08,0.835
MMR(0.7),1.09,0.8358
MMR(0.7),1.1,0.8362
MMR(0.7),1.11,0.8365
MMR(0.7),1.12,0.837
MMR(0.7),1.13,0.8372
MMR(0.7),1.14,0.8375
MMR(0.7),1.15,0.8377
MMR(0.7),1.16,0.8378
MMR(0.7),1.17,0.838
MMR(0.7),1.18,0.8382
MMR(0.7),1.19,0.8383
MMR(0.7),1.2,0.8385
MMR(0.7),1.21,0.8386
MMR(0.7),1.22,0.8386
MMR(0.7),1.23,0.8386
MMR(0.7),1.25,0.8386
MMR(0.7),1.26,0.8386
MMR(0.7),1.27,0.8387
MMR(0.7),1.28,0.8387
MMR(0.7),1.29,0.8388
MMR(0.7),1.3,0.8389
MMR(0.7),1.31,0.8389
MMR(0.7),1.32,0.839
MMR(0.7),1.33,0.839
MMR(0.7),1.34,0.8392
MMR(0.7),1.35,0.8392
MMR(0.7),1.36,0.8392
MMR(0.7),1.37,0.8395
MMR(0.7),1.38,0.8395
MMR(0.7),1.39,0.8396
MMR(0.7),1.4,0.8395
MMR(0.7),1.41,0.8397
MMR(0.7),1.42,0.8398
MMR(0.7),1.43,0.8398
MMR(0.7),1.44,0.8399
MMR(0.7),1.45,0.8399
MMR(0.7),1.46,0.8401
MMR(0.7),1.47,0.8404
MMR(0.7),1.48,0.8405
MMR(0.7),1.49,0.8407
MMR(0.7),1.5,0.8409
MMR(0.7),1.51,0.8409
MMR(0.7),1.52,0.8411
MMR(0.7),1.53,0.8411
MMR(0.7),1.54,0.8413
MMR(0.7),1.55,0.8416
MMR(0.7),1.56,0.8419
MMR(0.7),1.57,0.842
MMR(0.7),1.58,0.8421
MMR(0.7),1.59,0.8423
MMR(0.7),1.6,0.8425
MMR(0.7),1.61,0.8428
MMR(0.7),1.62,0.843
MMR(0.7),1.63,0.8433
MMR(0.7),1.64,0.8434
MMR(0.7),1.65,0.8438
MMR(0.7),1.66,0.844
MMR(0.7),1.67,0.8442
MMR(0.7),1.68,0.8442
MMR(0.7),1.69,0.8443
MMR(0.7),1.7,0.8444
MMR(0.7),1.71,0.8444
MMR(0.7),1.72,0.8444
MMR(0.7),1.73,0.8446
MMR(0.7),1.74,0.8445
MMR(0.7),1.75,0.8446
MMR(0.7),1.76,0.8446
MMR(0.7),1.77,0.8447
MMR(0.7),1.78,0.8447
MMR(0.7),1.79,0.8447
MMR(0.7),1.8,0.8447
MMR(0.7),1.81,0.845
MMR(0.7),1.82,0.8452
MMR(0.7),1.83,0.8454
MMR(0.7),1.84,0.8456
MMR(0.7),1.85,0.8459
MMR(0.7),1.86,0.8464
MMR(0.7),1.87,0.8469
MMR(0.7),1.88,0.8476
MMR(0.7),1.89,0.8481
MMR(0.7),1.9,0.8485
MMR(0.7),1.91,0.849
MMR(0.7),1.92,0.8495
MMR(0.7),1.93,0.8499
MMR(0.7),1.94,0.8503
MMR(0.7),1.95,0.8505
MMR(0.7),1.96,0.8508
MMR(0.7),1.97,0.851
MMR(0.7),1.98,0.8512
MMR(0.7),1.99,0.8512
MMR(0.7),2.0,0.8516
MMR(0.7),2.01,0.8517
MMR(0.7),2.02,0.8518
MMR(0.7),2.03,0.8519
MMR(0.7),2.04,0.8521
MMR(0.7),2.05,0.8522
MMR(0.7),2.06,0.8523
MMR(0.7),2.07,0.8524
MMR(0.7),2.08,0.8525
MMR(0.7),2.09,0.8528
MMR(0.7),2.1,0.8529
MMR(0.7),2.11,0.8529
MMR(0.7),2.12,0.8528
MMR(0.7),2.13,0.8528
MMR(0.7),2.14,0.8527
MMR(0.7),2.15,0.8527
MMR(0.7),2.16,0.8526
MMR(0.7),2.17,0.8526
MMR(0.7),2.18,0.8526
MMR(0.7),2.19,0.8528
MMR(0.7),2.2,0.8528
MMR(0.7),2.21,0.8528
MMR(0.7),2.22,0.8528
MMR(0.7),2.23,0.853
MMR(0.7),2.24,0.8529
MMR(0.7),2.25,0.853
MMR(0.7),2.26,0.8531
MMR(0.7),2.27,0.8533
MMR(0.7),2.28,0.8533
MMR(0.7),2.29,0.8533
MMR(0.7),2.3,0.8534
MMR(0.7),2.31,0.8534
MMR(0.7),2.32,0.8532
MMR(0.7),2.33,0.8533
MMR(0.7),2.34,0.8532
MMR(0.7),2.35,0.8532
MMR(0.7),2.36,0.8531
MMR(0.7),2.37,0.8532
MMR(0.7),2.38,0.8533
MMR(0.7),2.39,0.8534
MMR(0.7),2.4,0.8536
MMR(0.7),2.41,0.8536
MMR(0.7),2.42,0.8535
MMR(0.7),2.43,0.8536
MMR(0.7),2.44,0.8536
MMR(0.7),2.45,0.8534
MMR(0.7),2.46,0.8533
MMR(0.7),2.47,0.8533
MMR(0.7),2.48,0.8534
MMR(0.7),2.49,0.8535
MMR(0.7),2.5,0.8534
MMR(0.7),2.51,0.8534
MMR(0.7),2.52,0.8534
MMR(0.7),2.53,0.8534
MMR(0.7),2.54,0.8534
MMR(0.7),2.55,0.8536
MMR(0.7),2.56,0.8536
MMR(0.7),2.57,0.8537
MMR(0.7),2.58,0.854
MMR(0.7),2.59,0.8538
MMR(0.7),2.6,0.8537
MMR(0.7),2.61,0.8536
MMR(0.7),2.62,0.8537
MMR(0.7),2.63,0.8535
MMR(0.7),2.64,0.8536
MMR(0.7),2.65,0.8535
MMR(0.7),2.66,0.8534
MMR(0.7),2.67,0.8532
MMR(0.7),2.68,0.8532
MMR(0.7),2.69,0.8532
MMR(0.7),2.7,0.8532
MMR(0.7),2.71,0.8532
MMR(0.7),2.72,0.8532
MMR(0.7),2.73,0.8533
MMR(0.7),2.74,0.8533
MMR(0.7),2.75,0.8532
MMR(0.7),2.76,0.8531
MMR(0.7),2.77,0.8531
MMR(0.7),2.78,0.8531
MMR(0.7),2.79,0.8529
MMR(0.7),2.8,0.8528
MMR(0.7),2.81,0.8528
MMR(0.7),2.82,0.8527
MMR(0.7),2.83,0.8526
MMR(0.7),2.84,0.8524
MMR(0.7),2.85,0.8523
MMR(0.7),2.86,0.8521
MMR(0.7),2.87,0.8522
MMR(0.7),2.88,0.8522
MMR(0.7),2.89,0.8521
MMR(0.7),2.9,0.8521
MMR(0.7),2.91,0.852
MMR(0.7),2.92,0.8521
MMR(0.7),2.93,0.8516
MMR(0.7),2.94,0.8517
MMR(0.7),2.95,0.8514
MMR(0.7),2.96,0.8513
MMR(0.7),2.97,0.8512
MMR(0.7),2.98,0.8511
MMR(0.7),2.99,0.8507
MMR(0.7),3.0,0.8504
MMR(0.7),3.01,0.8502
MMR(0.7),3.02,0.85
MMR(0.7),3.03,0.8497
MMR(0.7),3.04,0.8494
MMR(0.7),3.05,0.8492
MMR(0.7),3.06,0.8489
MMR(0.7),3.07,0.8487
MMR(0.7),3.08,0.8485
MMR(0.7),3.09,0.8483
MMR(0.7),3.1,0.8481
MMR(0.7),3.11,0.8482
MMR(0.7),3.12,0.8481
MMR(0.7),3.13,0.8478
MMR(0.7),3.14,0.8476
MMR(0.7),3.15,0.8474
MMR(0.7),3.16,0.8474
MMR(0.7),3.17,0.8471
MMR(0.7),3.18,0.8469
MMR(0.7),3.19,0.8468
MMR(0.7),3.2,0.8468
MMR(0.7),3.21,0.8467
MMR(0.7),3.22,0.8467
MMR(0.7),3.23,0.8468
MMR(0.7),3.24,0.8467
MMR(0.7),3.25,0.8466
MMR(0.7),3.26,0.8465
MMR(0.7),3.27,0.8465
MMR(0.7),3.28,0.8463
MMR(0.7),3.29,0.8463
MMR(0.7),3.3,0.8462
MMR(0.7),3.31,0.8462
MMR(0.7),3.32,0.8462
MMR(0.7),3.33,0.8462
MMR(0.7),3.34,0.8462
MMR(0.7),3.35,0.8462
MMR(0.7),3.36,0.8461
MMR(0.7),3.37,0.8461
MMR(0.7),3.38,0.8461
MMR(0.7),3.39,0.8459
MMR(0.7),3.4,0.8459
MMR(0.7),3.41,0.8457
MMR(0.7),3.42,0.8456
MMR(0.7),3.43,0.8456
MMR(0.7),3.44,0.8455
MMR(0.7),3.45,0.8454
MMR(0.7),3.46,0.8454
MMR(0.7),3.47,0.8454
MMR(0.7),3.48,0.8454
MMR(0.7),3.49,0.8451
MMR(0.7),3.5,0.8449
MMR(0.7),3.51,0.8448
MMR(0.7),3.52,0.8448
MMR(0.7),3.53,0.8447
MMR(0.7),3.54,0.8445
MMR(0.7),3.55,0.8442
MMR(0.7),3.56,0.8442
MMR(0.7),3.57,0.8442
MMR(0.7),3.58,0.8439
MMR(0.7),3.59,0.8438
MMR(0.7),3.6,0.8435
MMR(0.7),3.61,0.8434
MMR(0.7),3.62,0.8432
MMR(0.7),3.63,0.8429
MMR(0.7),3.64,0.8426
MMR(0.7),3.65,0.8423
MMR(0.7),3.66,0.842
MMR(0.7),3.67,0.8419
MMR(0.7),3.68,0.8417
MMR(0.7),3.69,0.8413
MMR(0.7),3.7,0.8408
MMR(0.7),3.71,0.8407
MMR(0.7),3.72,0.8403
MMR(0.7),3.73,0.84
MMR(0.7),3.74,0.8397
MMR(0.7),3.75,0.839
MMR(0.7),3.76,0.8387
MMR(0.7),3.77,0.8383
MMR(0.7),3.78,0.8382
MMR(0.7),3.79,0.8376
MMR(0.7),3.8,0.8372
MMR(0.7),3.81,0.837
MMR(0.7),3.82,0.8365
MMR(0.7),3.83,0.8359
MMR(0.7),3.84,0.8356
MMR(0.7),3.85,0.8353
MMR(0.7),3.86,0.8352
MMR(0.7),3.87,0.8349
MMR(0.7),3.88,0.8345
MMR(0.7),3.89,0.8341
MMR(0.7),3.9,0.8339
MMR(0.7),3.91,0.8338
MMR(0.7),3.92,0.8335
MMR(0.7),3.93,0.8335
MMR(0.7),3.94,0.8332
MMR(0.7),3.95,0.8329
MMR(0.7),3.96,0.8326
MMR(0.7),3.97,0.8325
MMR(0.7),3.98,0.8322
MMR(0.7),3.99,0.8321
MMR(0.7),4.0,0.8321
MMR(0.7),4.01,0.832
MMR(0.7),4.02,0.8317
MMR(0.7),4.03,0.8314
MMR(0.7),4.04,0.8311
MMR(0.7),4.05,0.831
MMR(0.7),4.06,0.8307
MMR(0.7),4.07,0.8307
MMR(0.7),4.08,0.8307
MMR(0.7),4.09,0.8307
MMR(0.7),4.1,0.8307
MMR(0.7),4.11,0.8306
MMR(0.7),4.12,0.8306
MMR(0.7),4.13,0.8304
MMR(0.7),4.14,0.8304
MMR(0.7),4.15,0.8304
MMR(0.7),4.16,0.8304
MMR(0.7),4.17,0.8304
MMR(0.7),4.18,0.8304
MMR(0.7),4.19,0.8304
MMR(0.7),4.2,0.8304
MMR(0.7),4.21,0.8303
MMR(0.7),4.22,0.8303
MMR(0.7),4.23,0.8303
MMR(0.7),4.24,0.8303
MMR(0.7),4.25,0.8303
MMR(0.7),4.26,0.8303
MMR(0.7),4.27,0.8303
MMR(0.7),4.3,0.8303
MMR(0.7),4.31,0.8303
MMR(0.7),4.33,0.8303
MMR(0.7),4.35,0.8303
MMR(0.7),4.36,0.8303
MMR(0.7),4.37,0.8303
MMR(0.7),4.38,0.8303
MMR(0.9),0.99,0.827
MMR(0.9),1.0,0.827
MMR(0.9),1.01,0.8278
MMR(0.9),1.02,0.8279
MMR(0.9),1.03,0.8283
MMR(0.9),1.04,0.8287
MMR(0.9),1.05,0.8291
MMR(0.9),1.06,0.8298
MMR(0.9),1.07,0.8302
MMR(0.9),1.08,0.8306
MMR(0.9),1.09,0.8308
MMR(0.9),1.1,0.8309
MMR(0.9),1.11,0.831
MMR(0.9),1.12,0.8311
MMR(0.9),1.13,0.8312
MMR(0.9),1.14,0.8313
MMR(0.9),1.15,0.8313
MMR(0.9),1.16,0.8314
MMR(0.9),1.17,0.8315
MMR(0.9),1.18,0.8316
MMR(0.9),1.19,0.8317
MMR(0.9),1.2,0.8318
MMR(0.9),1.21,0.8318
MMR(0.9),1.22,0.8318
MMR(0.9),1.23,0.8318
MMR(0.9),1.25,0.8318
MMR(0.9),1.26,0.8318
MMR(0.9),1.27,0.8318
MMR(0.9),1.28,0.8319
MMR(0.9),1.29,0.8319
MMR(0.9),1.3,0.8319
MMR(0.9),1.31,0.8319
MMR(0.9),1.32,0.8319
MMR(0.9),1.33,0.8319
MMR(0.9),1.34,0.8319
MMR(0.9),1.35,0.8319
MMR(0.9),1.36,0.8319
MMR(0.9),1.37,0.832
MMR(0.9),1.38,0.832
MMR(0.9),1.39,0.832
MMR(0.9),1.4,0.832
MMR(0.9),1.41,0.8322
MMR(0.9),1.42,0.8322
MMR(0.9),1.43,0.8322
MMR(0.9),1.44,0.8322
MMR(0.9),1.45,0.8322
MMR(0.9),1.46,0.8322
MMR(0.9),1.47,0.8323
MMR(0.9),1.48,0.8322
MMR(0.9),1.49,0.8322
MMR(0.9),1.5,0.8322
MMR(0.9),1.51,0.8321
MMR(0.9),1.52,0.8321
MMR(0.9),1.53,0.8322
MMR(0.9),1.54,0.8321
MMR(0.9),1.55,0.8322
MMR(0.9),1.56,0.8322
MMR(0.9),1.57,0.8321
MMR(0.9),1.58,0.8321
MMR(0.9),1.59,0.8322
MMR(0.9),1.6,0.8322
MMR(0.9),1.61,0.8323
MMR(0.9),1.62,0.8322
MMR(0.9),1.63,0.8323
MMR(0.9),1.64,0.8323
MMR(0.9),1.65,0.8325
MMR(0.9),1.66,0.8325
MMR(0.9),1.67,0.8326
MMR(0.9),1.68,0.8327
MMR(0.9),1.69,0.8327
MMR(0.9),1.7,0.8328
MMR(0.9),1.71,0.8329
MMR(0.9),1.72,0.8329
MMR(0.9),1.73,0.8329
MMR(0.9),1.74,0.8329
MMR(0.9),1.75,0.833
MMR(0.9),1.76,0.8331
MMR(0.9),1.77,0.8331
MMR(0.9),1.78,0.8331
MMR(0.9),1.79,0.8332
MMR(0.9),1.8,0.8332
MMR(0.9),1.81,0.8333
MMR(0.9),1.82,0.8334
MMR(0.9),1.83,0.8335
MMR(0.9),1.84,0.8335
MMR(0.9),1.85,0.8337
MMR(0.9),1.86,0.8337
MMR(0.9),1.87,0.8339
MMR(0.9),1.88,0.8342
MMR(0.9),1.89,0.8343
MMR(0.9),1.9,0.8343
MMR(0.9),1.91,0.8344
MMR(0.9),1.92,0.8345
MMR(0.9),1.93,0.8347
MMR(0.9),1.94,0.8349
MMR(0.9),1.95,0.835
MMR(0.9),1.96,0.835
MMR(0.9),1.97,0.8351
MMR(0.9),1.98,0.8352
MMR(0.9),1.99,0.8352
MMR(0.9),2.0,0.8353
MMR(0.9),2.01,0.8354
MMR(0.9),2.02,0.8354
MMR(0.9),2.03,0.8354
MMR(0.9),2.04,0.8355
MMR(0.9),2.05,0.8356
MMR(0.9),2.06,0.8357
MMR(0.9),2.07,0.8358
MMR(0.9),2.08,0.8359
MMR(0.9),2.09,0.8359
MMR(0.9),2.1,0.8359
MMR(0.9),2.11,0.8359
MMR(0.9),2.12,0.8359
MMR(0.9),2.13,0.8359
MMR(0.9),2.14,0.8359
MMR(0.9),2.15,0.836
MMR(0.9),2.16,0.8359
MMR(0.9),2.17,0.8359
MMR(0.9),2.18,0.8359
MMR(0.9),2.19,0.8361
MMR(0.9),2.2,0.8361
MMR(0.9),2.21,0.836
MMR(0.9),2.22,0.8361
MMR(0.9),2.23,0.8361
MMR(0.9),2.24,0.836
MMR(0.9),2.25,0.8361
MMR(0.9),2.26,0.836
MMR(0.9),2.27,0.836
MMR(0.9),2.28,0.836
MMR(0.9),2.29,0.836
MMR(0.9),2.3,0.8359
MMR(0.9),2.31,0.836
MMR(0.9),2.32,0.8359
MMR(0.9),2.33,0.8359
MMR(0.9),2.34,0.836
MMR(0.9),2.35,0.836
MMR(0.9),2.36,0.836
MMR(0.9),2.37,0.836
MMR(0.9),2.38,0.8361
MMR(0.9),2.39,0.8361
MMR(0.9),2.4,0.8363
MMR(0.9),2.41,0.8363
MMR(0.9),2.42,0.8362
MMR(0.9),2.43,0.8364
MMR(0.9),2.44,0.8363
MMR(0.9),2.45,0.8364
MMR(0.9),2.46,0.8364
MMR(0.9),2.47,0.8364
MMR(0.9),2.48,0.8365
MMR(0.9),2.49,0.8364
MMR(0.9),2.5,0.8364
MMR(0.9),2.51,0.8364
MMR(0.9),2.52,0.8365
MMR(0.9),2.53,0.8366
MMR(0.9),2.54,0.8366
MMR(0.9),2.55,0.8366
MMR(0.9),2.56,0.8367
MMR(0.9),2.57,0.8367
MMR(0.9),2.58,0.8368
MMR(0.9),2.59,0.8367
MMR(0.9),2.6,0.8367
MMR(0.9),2.61,0.8368
MMR(0.9),2.62,0.8368
MMR(0.9),2.63,0.8369
MMR(0.9),2.64,0.8369
MMR(0.9),2.65,0.8369
MMR(0.9),2.66,0.8368
MMR(0.9),2.67,0.8369
MMR(0.9),2.68,0.837
MMR(0.9),2.69,0.837
MMR(0.9),2.7,0.8371
MMR(0.9),2.71,0.837
MMR(0.9),2.72,0.8371
MMR(0.9),2.73,0.8371
MMR(0.9),2.74,0.8371
MMR(0.9),2.75,0.837
MMR(0.9),2.76,0.8369
MMR(0.9),2.77,0.8369
MMR(0.9),2.78,0.8367
MMR(0.9),2.79,0.8367
MMR(0.9),2.8,0.8367
MMR(0.9),2.81,0.8366
MMR(0.9),2.82,0.8366
MMR(0.9),2.83,0.8365
MMR(0.9),2.84,0.8364
MMR(0.9),2.85,0.8363
MMR(0.9),2.86,0.8363
MMR(0.9),2.87,0.8363
MMR(0.9),2.88,0.8363
MMR(0.9),2.89,0.8363
MMR(0.9),2.9,0.8363
MMR(0.9),2.91,0.8362
MMR(0.9),2.92,0.8362
MMR(0.9),2.93,0.8361
MMR(0.9),2.94,0.8361
MMR(0.9),2.95,0.836
MMR(0.9),2.96,0.836
MMR(0.9),2.97,0.8359
MMR(0.9),2.98,0.8359
MMR(0.9),2.99,0.8358
MMR(0.9),3.0,0.8357
MMR(0.9),3.01,0.8358
MMR(0.9),3.02,0.8357
MMR(0.9),3.03,0.8355
MMR(0.9),3.04,0.8356
MMR(0.9),3.05,0.8355
MMR(0.9),3.06,0.8355
MMR(0.9),3.07,0.8354
MMR(0.9),3.08,0.8354
MMR(0.9),3.09,0.8355
MMR(0.9),3.1,0.8355
MMR(0.9),3.11,0.8356
MMR(0.9),3.12,0.8356
MMR(0.9),3.13,0.8356
MMR(0.9),3.14,0.8356
MMR(0.9),3.15,0.8356
MMR(0.9),3.16,0.8355
MMR(0.9),3.17,0.8354
MMR(0.9),3.18,0.8354
MMR(0.9),3.19,0.8354
MMR(0.9),3.2,0.8354
MMR(0.9),3.21,0.8354
MMR(0.9),3.22,0.8354
MMR(0.9),3.23,0.8354
MMR(0.9),3.24,0.8355
MMR(0.9),3.25,0.8354
MMR(0.9),3.26,0.8354
MMR(0.9),3.27,0.8354
MMR(0.9),3.28,0.8354
MMR(0.9),3.29,0.8354
MMR(0.9),3.3,0.8354
MMR(0.9),3.31,0.8353
MMR(0.9),3.32,0.8353
MMR(0.9),3.33,0.8354
MMR(0.9),3.34,0.8354
MMR(0.9),3.35,0.8354
MMR(0.9),3.36,0.8354
MMR(0.9),3.37,0.8354
MMR(0.9),3.38,0.8354
MMR(0.9),3.39,0.8354
MMR(0.9),3.4,0.8354
MMR(0.9),3.41,0.8353
MMR(0.9),3.42,0.8352
MMR(0.9),3.43,0.8352
MMR(0.9),3.44,0.8352
MMR(0.9),3.45,0.8351
MMR(0.9),3.46,0.8352
MMR(0.9),3.47,0.8352
MMR(0.9),3.48,0.8351
MMR(0.9),3.49,0.835
MMR(0.9),3.5,0.835
MMR(0.9),3.51,0.8348
MMR(0.9),3.52,0.8348
MMR(0.9),3.53,0.8348
MMR(0.9),3.54,0.8348
MMR(0.9),3.55,0.8347
MMR(0.9),3.56,0.8347
MMR(0.9),3.57,0.8347
MMR(0.9),3.58,0.8346
MMR(0.9),3.59,0.8346
MMR(0.9),3.6,0.8346
MMR(0.9),3.61,0.8346
MMR(0.9),3.62,0.8345
MMR(0.9),3.63,0.8344
MMR(0.9),3.64,0.8343
MMR(0.9),3.65,0.8342
MMR(0.9),3.66,0.8341
MMR(0.9),3.67,0.834
MMR(0.9),3.68,0.834
MMR(0.9),3.69,0.8339
MMR(0.9),3.7,0.8337
MMR(0.9),3.71,0.8337
MMR(0.9),3.72,0.8336
MMR(0.9),3.73,0.8335
MMR(0.9),3.74,0.8334
MMR(0.9),3.75,0.8333
MMR(0.9),3.76,0.8332
MMR(0.9),3.77,0.8332
MMR(0.9),3.78,0.8332
MMR(0.9),3.79,0.8332
MMR(0.9),3.8,0.833
MMR(0.9),3.81,0.8331
MMR(0.9),3.82,0.833
MMR(0.9),3.83,0.8329
MMR(0.9),3.84,0.8329
MMR(0.9),3.85,0.8327
MMR(0.9),3.86,0.8327
MMR(0.9),3.87,0.8326
MMR(0.9),3.88,0.8325
MMR(0.9),3.89,0.8324
MMR(0.9),3.9,0.8324
MMR(0.9),3.91,0.8324
MMR(0.9),3.92,0.8323
MMR(0.9),3.93,0.8323
MMR(0.9),3.94,0.8322
MMR(0.9),3.95,0.8322
MMR(0.9),3.96,0.8321
MMR(0.9),3.97,0.8321
MMR(0.9),3.98,0.8321
MMR(0.9),3.99,0.8321
MMR(0.9),4.0,0.8321
MMR(0.9),4.01,0.832
MMR(0.9),4.02,0.832
MMR(0.9),4.03,0.8319
MMR(0.9),4.04,0.8318
MMR(0.9),4.05,0.8318
MMR(0.9),4.06,0.8318
MMR(0.9),4.07,0.8318
MMR(0.9),4.08,0.8318
MMR(0.9),4.09,0.8318
MMR(0.9),4.1,0.8318
MMR(0.9),4.11,0.8318
MMR(0.9),4.12,0.8318
MMR(0.9),4.13,0.8316
MMR(0.9),4.14,0.8316
MMR(0.9),4.15,0.8316
MMR(0.9),4.16,0.8316
MMR(0.9),4.17,0.8316
MMR(0.9),4.18,0.8316
MMR(0.9),4.19,0.8316
MMR(0.9),4.2,0.8316
MMR(0.9),4.21,0.8316
MMR(0.9),4.22,0.8316
MMR(0.9),4.23,0.8316
MMR(0.9),4.24,0.8316
MMR(0.9),4.25,0.8316
MMR(0.9),4.26,0.8316
MMR(0.9),4.27,0.8316
MMR(0.9),4.3,0.8316
MMR(0.9),4.31,0.8316
MMR(0.9),4.33,0.8316
MMR(0.9),4.35,0.8316
MMR(0.9),4.36,0.8316
MMR(0.9),4.37,0.8316
MMR(0.9),4.38,0.8316
Maxmin,0.99,0.827
Maxmin,1.0,0.827
Maxmin,1.01,0.8278
Maxmin,1.02,0.8279
Maxmin,1.03,0.8284
Maxmin,1.04,0.8289
Maxmin,1.05,0.8294
Maxmin,1.06,0.8299
Maxmin,1.07,0.8303
Maxmin,1.08,0.8311
Maxmin,1.09,0.8315
Maxmin,1.1,0.8317
Maxmin,1.11,0.8318
Maxmin,1.12,0.832
Maxmin,1.13,0.832
Maxmin,1.14,0.8321
Maxmin,1.15,0.8321
Maxmin,1.16,0.8321
Maxmin,1.17,0.8322
Maxmin,1.18,0.8323
Maxmin,1.19,0.8323
Maxmin,1.2,0.8324
Maxmin,1.21,0.8325
Maxmin,1.22,0.8325
Maxmin,1.23,0.8325
Maxmin,1.25,0.8324
Maxmin,1.26,0.8325
Maxmin,1.27,0.8324
Maxmin,1.28,0.8325
Maxmin,1.29,0.8325
Maxmin,1.3,0.8325
Maxmin,1.31,0.8326
Maxmin,1.32,0.8325
Maxmin,1.33,0.8324
Maxmin,1.34,0.8326
Maxmin,1.35,0.8327
Maxmin,1.36,0.8327
Maxmin,1.37,0.8328
Maxmin,1.38,0.8328
Maxmin,1.39,0.8328
Maxmin,1.4,0.8325
Maxmin,1.41,0.8325
Maxmin,1.42,0.832
Maxmin,1.43,0.8318
Maxmin,1.44,0.8315
Maxmin,1.45,0.8311
Maxmin,1.46,0.8311
Maxmin,1.47,0.8309
Maxmin,1.48,0.8305
Maxmin,1.49,0.8305
Maxmin,1.5,0.8302
Maxmin,1.51,0.8298
Maxmin,1.52,0.8293
Maxmin,1.53,0.8285
Maxmin,1.54,0.8283
Maxmin,1.55,0.8279
Maxmin,1.56,0.8277
Maxmin,1.57,0.8268
Maxmin,1.58,0.826
Maxmin,1.59,0.8253
Maxmin,1.6,0.8245
Maxmin,1.61,0.8242
Maxmin,1.62,0.8231
Maxmin,1.63,0.8225
Maxmin,1.64,0.8218
Maxmin,1.65,0.8213
Maxmin,1.66,0.8203
Maxmin,1.67,0.82
Maxmin,1.68,0.8191
Maxmin,1.69,0.8185
Maxmin,1.7,0.8181
Maxmin,1.71,0.8173
Maxmin,1.72,0.8167
Maxmin,1.73,0.8159
Maxmin,1.74,0.8152
Maxmin,1.75,0.8147
Maxmin,1.76,0.8141
Maxmin,1.77,0.8134
Maxmin,1.78,0.8129
Maxmin,1.79,0.8123
Maxmin,1.8,0.8117
Maxmin,1.81,0.8108
Maxmin,1.82,0.8103
Maxmin,1.83,0.8098
Maxmin,1.84,0.809
Maxmin,1.85,0.8083
Maxmin,1.86,0.8077
Maxmin,1.87,0.8072
Maxmin,1.88,0.8063
Maxmin,1.89,0.8052
Maxmin,1.9,0.8047
Maxmin,1.91,0.8035
Maxmin,1.92,0.8024
Maxmin,1.93,0.8014
Maxmin,1.94,0.8008
Maxmin,1.95,0.7996
Maxmin,1.96,0.7989
Maxmin,1.97,0.7991
Maxmin,1.98,0.7989
Maxmin,1.99,0.7983
Maxmin,2.0,0.798
Maxmin,2.01,0.7974
Maxmin,2.02,0.7971
Maxmin,2.03,0.797
Maxmin,2.04,0.7968
Maxmin,2.05,0.7961
Maxmin,2.06,0.7961
Maxmin,2.07,0.7959
Maxmin,2.08,0.7955
Maxmin,2.09,0.7953
Maxmin,2.1,0.7951
Maxmin,2.11,0.7946
Maxmin,2.12,0.7942
Maxmin,2.13,0.794
Maxmin,2.14,0.7936
Maxmin,2.15,0.7934
Maxmin,2.16,0.793
Maxmin,2.17,0.7925
Maxmin,2.18,0.7922
Maxmin,2.19,0.7923
Maxmin,2.2,0.792
Maxmin,2.21,0.7917
Maxmin,2.22,0.7911
Maxmin,2.23,0.7906
Maxmin,2.24,0.7899
Maxmin,2.25,0.7892
Maxmin,2.26,0.7888
Maxmin,2.27,0.7881
Maxmin,2.28,0.7877
Maxmin,2.29,0.787
Maxmin,2.3,0.7863
Maxmin,2.31,0.7859
Maxmin,2.32,0.7846
Maxmin,2.33,0.7836
Maxmin,2.34,0.7828
Maxmin,2.35,0.7823
Maxmin,2.36,0.7817
Maxmin,2.37,0.7811
Maxmin,2.38,0.7803
Maxmin,2.39,0.7793
Maxmin,2.4,0.7786
Maxmin,2.41,0.7776
Maxmin,2.42,0.777
Maxmin,2.43,0.776
Maxmin,2.44,0.7753
Maxmin,2.45,0.7743
Maxmin,2.46,0.7735
Maxmin,2.47,0.7726
Maxmin,2.48,0.7718
Maxmin,2.49,0.7711
Maxmin,2.5,0.7705
Maxmin,2.51,0.7687
Maxmin,2.52,0.7681
Maxmin,2.53,0.7672
Maxmin,2.54,0.7662
Maxmin,2.55,0.7648
Maxmin,2.56,0.7639
Maxmin,2.57,0.7634
Maxmin,2.58,0.7626
Maxmin,2.59,0.7616
Maxmin,2.6,0.7608
Maxmin,2.61,0.7598
Maxmin,2.62,0.7589
Maxmin,2.63,0.7582
Maxmin,2.64,0.7575
Maxmin,2.65,0.757
Maxmin,2.66,0.7563
Maxmin,2.67,0.7555
Maxmin,2.68,0.7549
Maxmin,2.69,0.7545
Maxmin,2.7,0.754
Maxmin,2.71,0.7536
Maxmin,2.72,0.7531
Maxmin,2.73,0.7523
Maxmin,2.74,0.7518
Maxmin,2.75,0.7518
Maxmin,2.76,0.7515
Maxmin,2.77,0.7513
Maxmin,2.78,0.7507
Maxmin,2.79,0.75
Maxmin,2.8,0.7497
Maxmin,2.81,0.7491
Maxmin,2.82,0.7484
Maxmin,2.83,0.7478
Maxmin,2.84,0.7472
Maxmin,2.85,0.7465
Maxmin,2.86,0.7455
Maxmin,2.87,0.7451
Maxmin,2.88,0.7447
Maxmin,2.89,0.744
Maxmin,2.9,0.7432
Maxmin,2.91,0.7427
Maxmin,2.92,0.7417
Maxmin,2.93,0.7401
Maxmin,2.94,0.7394
Maxmin,2.95,0.7385
Maxmin,2.96,0.7377
Maxmin,2.97,0.7368
Maxmin,2.98,0.7359
Maxmin,2.99,0.7351
Maxmin,3.0,0.7338
Maxmin,3.01,0.7326
Maxmin,3.02,0.7314
Maxmin,3.03,0.7307
Maxmin,3.04,0.7298
Maxmin,3.05,0.7289
Maxmin,3.06,0.7274
Maxmin,3.07,0.7269
Maxmin,3.08,0.7257
Maxmin,3.09,0.725
Maxmin,3.1,0.7237
Maxmin,3.11,0.7226
Maxmin,3.12,0.721
Maxmin,3.13,0.7197
Maxmin,3.14,0.7185
Maxmin,3.15,0.7174
Maxmin,3.16,0.7164
Maxmin,3.17,0.715
Maxmin,3.18,0.7139
Maxmin,3.19,0.7128
Maxmin,3.2,0.7121
Maxmin,3.21,0.7109
Maxmin,3.22,0.7104
Maxmin,3.23,0.7096
Maxmin,3.24,0.7086
Maxmin,3.25,0.7079
Maxmin,3.26,0.7071
Maxmin,3.27,0.7067
Maxmin,3.28,0.7059
Maxmin,3.29,0.7057
Maxmin,3.3,0.7051
Maxmin,3.31,0.7047
Maxmin,3.32,0.7041
Maxmin,3.33,0.7038
Maxmin,3.34,0.7036
Maxmin,3.35,0.703
Maxmin,3.36,0.7025
Maxmin,3.37,0.702
Maxmin,3.38,0.7015
Maxmin,3.39,0.7007
Maxmin,3.4,0.7002
Maxmin,3.41,0.6997
Maxmin,3.42,0.6991
Maxmin,3.43,0.6985
Maxmin,3.44,0.6981
Maxmin,3.45,0.6973
Maxmin,3.46,0.6973
Maxmin,3.47,0.6968
Maxmin,3.48,0.6962
Maxmin,3.49,0.6957
Maxmin,3.5,0.6946
Maxmin,3.51,0.6938
Maxmin,3.52,0.6932
Maxmin,3.53,0.6928
Maxmin,3.54,0.6921
Maxmin,3.55,0.6917
Maxmin,3.56,0.6911
Maxmin,3.57,0.6905
Maxmin,3.58,0.6891
Maxmin,3.59,0.6884
Maxmin,3.6,0.6874
Maxmin,3.61,0.6868
Maxmin,3.62,0.6854
Maxmin,3.63,0.6846
Maxmin,3.64,0.6837
Maxmin,3.65,0.6829
Maxmin,3.66,0.6824
Maxmin,3.67,0.6813
Maxmin,3.68,0.6801
Maxmin,3.69,0.6793
Maxmin,3.7,0.6784
Maxmin,3.71,0.6775
Maxmin,3.72,0.6763
Maxmin,3.73,0.6753
Maxmin,3.74,0.6743
Maxmin,3.75,0.6727
Maxmin,3.76,0.6716
Maxmin,3.77,0.6707
Maxmin,3.78,0.6696
Maxmin,3.79,0.6684
Maxmin,3.8,0.6668
Maxmin,3.81,0.6656
Maxmin,3.82,0.6639
Maxmin,3.83,0.662
Maxmin,3.84,0.6607
Maxmin,3.85,0.6601
Maxmin,3.86,0.6587
Maxmin,3.87,0.6579
Maxmin,3.88,0.6559
Maxmin,3.89,0.655
Maxmin,3.9,0.6542
Maxmin,3.91,0.6539
Maxmin,3.92,0.6527
Maxmin,3.93,0.6524
Maxmin,3.94,0.6513
Maxmin,3.95,0.6496
Maxmin,3.96,0.6485
Maxmin,3.97,0.6477
Maxmin,3.98,0.647
Maxmin,3.99,0.6466
Maxmin,4.0,0.646
Maxmin,4.01,0.6452
Maxmin,4.02,0.6442
Maxmin,4.03,0.6432
Maxmin,4.04,0.6428
Maxmin,4.05,0.6423
Maxmin,4.06,0.6413
Maxmin,4.07,0.6409
Maxmin,4.08,0.6404
Maxmin,4.09,0.6402
Maxmin,4.1,0.64
Maxmin,4.11,0.6398
Maxmin,4.12,0.6395
Maxmin,4.13,0.6393
Maxmin,4.14,0.639
Maxmin,4.15,0.6387
Maxmin,4.16,0.6386
Maxmin,4.17,0.6385
Maxmin,4.18,0.6383
Maxmin,4.19,0.638
Maxmin,4.2,0.6379
Maxmin,4.21,0.6378
Maxmin,4.22,0.6378
Maxmin,4.23,0.6377
Maxmin,4.24,0.6376
Maxmin,4.25,0.6375
Maxmin,4.26,0.6374
Maxmin,4.27,0.6374
Maxmin,4.3,0.6374
Maxmin,4.31,0.6374
Maxmin,4.33,0.6374
Maxmin,4.35,0.6374
Maxmin,4.36,0.6374
Maxmin,4.37,0.6374
Maxmin,4.38,0.6374
Greedy-DPP,0.99,0.827
Greedy-DPP,1.0,0.827
Greedy-DPP,1.01,0.829
Greedy-DPP,1.02,0.8293
Greedy-DPP,1.03,0.8303
Greedy-DPP,1.04,0.8318
Greedy-DPP,1.05,0.8329
Greedy-DPP,1.06,0.8349
Greedy-DPP,1.07,0.8359
Greedy-DPP,1.08,0.8373
Greedy-DPP,1.09,0.8382
Greedy-DPP,1.1,0.8389
Greedy-DPP,1.11,0.8393
Greedy-DPP,1.12,0.8399
Greedy-DPP,1.13,0.8402
Greedy-DPP,1.14,0.8405
Greedy-DPP,1.15,0.8407
Greedy-DPP,1.16,0.8408
Greedy-DPP,1.17,0.841
Greedy-DPP,1.18,0.8412
Greedy-DPP,1.19,0.8414
Greedy-DPP,1.2,0.8415
Greedy-DPP,1.21,0.8416
Greedy-DPP,1.22,0.8416
Greedy-DPP,1.23,0.8416
Greedy-DPP,1.25,0.8416
Greedy-DPP,1.26,0.8417
Greedy-DPP,1.27,0.8418
Greedy-DPP,1.28,0.8419
Greedy-DPP,1.29,0.842
Greedy-DPP,1.3,0.842
Greedy-DPP,1.31,0.8421
Greedy-DPP,1.32,0.8422
Greedy-DPP,1.33,0.8422
Greedy-DPP,1.34,0.8425
Greedy-DPP,1.35,0.8427
Greedy-DPP,1.36,0.8428
Greedy-DPP,1.37,0.8432
Greedy-DPP,1.38,0.8433
Greedy-DPP,1.39,0.8435
Greedy-DPP,1.4,0.8436
Greedy-DPP,1.41,0.8439
Greedy-DPP,1.42,0.8441
Greedy-DPP,1.43,0.8444
Greedy-DPP,1.44,0.8447
Greedy-DPP,1.45,0.845
Greedy-DPP,1.46,0.8452
Greedy-DPP,1.47,0.8456
Greedy-DPP,1.48,0.846
Greedy-DPP,1.49,0.8464
Greedy-DPP,1.5,0.8469
Greedy-DPP,1.51,0.8473
Greedy-DPP,1.52,0.8476
Greedy-DPP,1.53,0.8479
Greedy-DPP,1.54,0.8483
Greedy-DPP,1.55,0.8487
Greedy-DPP,1.56,0.8493
Greedy-DPP,1.57,0.8496
Greedy-DPP,1.58,0.8499
Greedy-DPP,1.59,0.8504
Greedy-DPP,1.6,0.8508
Greedy-DPP,1.61,0.8515
Greedy-DPP,1.62,0.8519
Greedy-DPP,1.63,0.8526
Greedy-DPP,1.64,0.8529
Greedy-DPP,1.65,0.8535
Greedy-DPP,1.66,0.854
Greedy-DPP,1.67,0.8543
Greedy-DPP,1.68,0.8546
Greedy-DPP,1.69,0.8548
Greedy-DPP,1.7,0.855
Greedy-DPP,1.71,0.8552
Greedy-DPP,1.72,0.8553
Greedy-DPP,1.73,0.8555
Greedy-DPP,1.74,0.8556
Greedy-DPP,1.75,0.8558
Greedy-DPP,1.76,0.856
Greedy-DPP,1.77,0.8563
Greedy-DPP,1.78,0.8564
Greedy-DPP,1.79,0.8568
Greedy-DPP,1.8,0.857
Greedy-DPP,1.81,0.8575
Greedy-DPP,1.82,0.858
Greedy-DPP,1.83,0.8585
Greedy-DPP,1.84,0.8588
Greedy-DPP,1.85,0.8594
Greedy-DPP,1.86,0.8601
Greedy-DPP,1.87,0.8609
Greedy-DPP,1.88,0.8617
Greedy-DPP,1.89,0.8623
Greedy-DPP,1.9,0.8629
Greedy-DPP,1.91,0.8636
Greedy-DPP,1.92,0.8641
Greedy-DPP,1.93,0.8648
Greedy-DPP,1.94,0.8654
Greedy-DPP,1.95,0.8656
Greedy-DPP,1.96,0.866
Greedy-DPP,1.97,0.8665
Greedy-DPP,1.98,0.8669
Greedy-DPP,1.99,0.867
Greedy-DPP,2.0,0.8674
Greedy-DPP,2.01,0.8677
Greedy-DPP,2.02,0.8679
Greedy-DPP,2.03,0.8681
Greedy-DPP,2.04,0.8683
Greedy-DPP,2.05,0.8685
Greedy-DPP,2.06,0.8687
Greedy-DPP,2.07,0.869
Greedy-DPP,2.08,0.8691
Greedy-DPP,2.09,0.8694
Greedy-DPP,2.1,0.8695
Greedy-DPP,2.11,0.8694
Greedy-DPP,2.12,0.8693
Greedy-DPP,2.13,0.8695
Greedy-DPP,2.14,0.8696
Greedy-DPP,2.15,0.8698
Greedy-DPP,2.16,0.8697
Greedy-DPP,2.17,0.8698
Greedy-DPP,2.18,0.8699
Greedy-DPP,2.19,0.8702
Greedy-DPP,2.2,0.8704
Greedy-DPP,2.21,0.8705
Greedy-DPP,2.22,0.8706
Greedy-DPP,2.23,0.8707
Greedy-DPP,2.24,0.8707
Greedy-DPP,2.25,0.8711
Greedy-DPP,2.26,0.8713
Greedy-DPP,2.27,0.8716
Greedy-DPP,2.28,0.8717
Greedy-DPP,2.29,0.8718
Greedy-DPP,2.3,0.8718
Greedy-DPP,2.31,0.8718
Greedy-DPP,2.32,0.8718
Greedy-DPP,2.33,0.8719
Greedy-DPP,2.34,0.872
Greedy-DPP,2.35,0.8724
Greedy-DPP,2.36,0.8727
Greedy-DPP,2.37,0.873
Greedy-DPP,2.38,0.8734
Greedy-DPP,2.39,0.8734
Greedy-DPP,2.4,0.8737
Greedy-DPP,2.41,0.8739
Greedy-DPP,2.42,0.8741
Greedy-DPP,2.43,0.8744
Greedy-DPP,2.44,0.8746
Greedy-DPP,2.45,0.8743
Greedy-DPP,2.46,0.8745
Greedy-DPP,2.47,0.8749
Greedy-DPP,2.48,0.8752
Greedy-DPP,2.49,0.8754
Greedy-DPP,2.5,0.8754
Greedy-DPP,2.51,0.8756
Greedy-DPP,2.52,0.8758
Greedy-DPP,2.53,0.8759
Greedy-DPP,2.54,0.8762
Greedy-DPP,2.55,0.8762
Greedy-DPP,2.56,0.8762
Greedy-DPP,2.57,0.8764
Greedy-DPP,2.58,0.8767
Greedy-DPP,2.59,0.8766
Greedy-DPP,2.6,0.8765
Greedy-DPP,2.61,0.8765
Greedy-DPP,2.62,0.8766
Greedy-DPP,2.63,0.8766
Greedy-DPP,2.64,0.8769
Greedy-DPP,2.65,0.8769
Greedy-DPP,2.66,0.8767
Greedy-DPP,2.67,0.8765
Greedy-DPP,2.68,0.8766
Greedy-DPP,2.69,0.8767
Greedy-DPP,2.7,0.8768
Greedy-DPP,2.71,0.8769
Greedy-DPP,2.72,0.8771
Greedy-DPP,2.73,0.8771
Greedy-DPP,2.74,0.8771
Greedy-DPP,2.75,0.8772
Greedy-DPP,2.76,0.8772
Greedy-DPP,2.77,0.8772
Greedy-DPP,2.78,0.8772
Greedy-DPP,2.79,0.8772
Greedy-DPP,2.8,0.8772
Greedy-DPP,2.81,0.8771
Greedy-DPP,2.82,0.8772
Greedy-DPP,2.83,0.8773
Greedy-DPP,2.84,0.8774
Greedy-DPP,2.85,0.8773
Greedy-DPP,2.86,0.8771
Greedy-DPP,2.87,0.8771
Greedy-DPP,2.88,0.8772
Greedy-DPP,2.89,0.8773
Greedy-DPP,2.9,0.8775
Greedy-DPP,2.91,0.8776
Greedy-DPP,2.92,0.8777
Greedy-DPP,2.93,0.8775
Greedy-DPP,2.94,0.8777
Greedy-DPP,2.95,0.8777
Greedy-DPP,2.96,0.8778
Greedy-DPP,2.97,0.8779
Greedy-DPP,2.98,0.8778
Greedy-DPP,2.99,0.8779
Greedy-DPP,3.0,0.8779
Greedy-DPP,3.01,0.8778
Greedy-DPP,3.02,0.8778
Greedy-DPP,3.03,0.8777
Greedy-DPP,3.04,0.8778
Greedy-DPP,3.05,0.8777
Greedy-DPP,3.06,0.8776
Greedy-DPP,3.07,0.8776
Greedy-DPP,3.08,0.8775
Greedy-DPP,3.09,0.8775
Greedy-DPP,3.1,0.8775
Greedy-DPP,3.11,0.8777
Greedy-DPP,3.12,0.8778
Greedy-DPP,3.13,0.8776
Greedy-DPP,3.14,0.8775
Greedy-DPP,3.15,0.8776
Greedy-DPP,3.16,0.8778
Greedy-DPP,3.17,0.8776
Greedy-DPP,3.18,0.8775
Greedy-DPP,3.19,0.8775
Greedy-DPP,3.2,0.8776
Greedy-DPP,3.21,0.8775
Greedy-DPP,3.22,0.8776
Greedy-DPP,3.23,0.8777
Greedy-DPP,3.24,0.8778
Greedy-DPP,3.25,0.8778
Greedy-DPP,3.26,0.8779
Greedy-DPP,3.27,0.8779
Greedy-DPP,3.28,0.8778
Greedy-DPP,3.29,0.8778
Greedy-DPP,3.3,0.8778
Greedy-DPP,3.31,0.8778
Greedy-DPP,3.32,0.8778
Greedy-DPP,3.33,0.8779
Greedy-DPP,3.34,0.878
Greedy-DPP,3.35,0.8781
Greedy-DPP,3.36,0.878
Greedy-DPP,3.37,0.878
Greedy-DPP,3.38,0.8781
Greedy-DPP,3.39,0.8781
Greedy-DPP,3.4,0.8781
Greedy-DPP,3.41,0.8779
Greedy-DPP,3.42,0.8777
Greedy-DPP,3.43,0.8777
Greedy-DPP,3.44,0.8777
Greedy-DPP,3.45,0.8775
Greedy-DPP,3.46,0.8776
Greedy-DPP,3.47,0.8776
Greedy-DPP,3.48,0.8776
Greedy-DPP,3.49,0.8773
Greedy-DPP,3.5,0.8772
Greedy-DPP,3.51,0.877
Greedy-DPP,3.52,0.877
Greedy-DPP,3.53,0.8769
Greedy-DPP,3.54,0.8768
Greedy-DPP,3.55,0.8767
Greedy-DPP,3.56,0.8767
Greedy-DPP,3.57,0.8767
Greedy-DPP,3.58,0.8765
Greedy-DPP,3.59,0.8765
Greedy-DPP,3.6,0.8764
Greedy-DPP,3.61,0.8763
Greedy-DPP,3.62,0.8762
Greedy-DPP,3.63,0.8761
Greedy-DPP,3.64,0.8759
Greedy-DPP,3.65,0.8758
Greedy-DPP,3.66,0.8756
Greedy-DPP,3.67,0.8756
Greedy-DPP,3.68,0.8756
Greedy-DPP,3.69,0.8753
Greedy-DPP,3.7,0.875
Greedy-DPP,3.71,0.8748
Greedy-DPP,3.72,0.8747
Greedy-DPP,3.73,0.8744
Greedy-DPP,3.74,0.8742
Greedy-DPP,3.75,0.8738
Greedy-DPP,3.76,0.8737
Greedy-DPP,3.77,0.8735
Greedy-DPP,3.78,0.8735
Greedy-DPP,3.79,0.8732
Greedy-DPP,3.8,0.8728
Greedy-DPP,3.81,0.8726
Greedy-DPP,3.82,0.8724
Greedy-DPP,3.83,0.8721
Greedy-DPP,3.84,0.872
Greedy-DPP,3.85,0.8718
Greedy-DPP,3.86,0.8717
Greedy-DPP,3.87,0.8716
Greedy-DPP,3.88,0.8713
Greedy-DPP,3.89,0.8711
Greedy-DPP,3.9,0.8711
Greedy-DPP,3.91,0.8711
Greedy-DPP,3.92,0.8709
Greedy-DPP,3.93,0.8709
Greedy-DPP,3.94,0.8706
Greedy-DPP,3.95,0.8706
Greedy-DPP,3.96,0.8704
Greedy-DPP,3.97,0.8704
Greedy-DPP,3.98,0.8703
Greedy-DPP,3.99,0.8702
Greedy-DPP,4.0,0.8702
Greedy-DPP,4.01,0.8702
Greedy-DPP,4.02,0.8699
Greedy-DPP,4.03,0.8698
Greedy-DPP,4.04,0.8696
Greedy-DPP,4.05,0.8696
Greedy-DPP,4.06,0.8694
Greedy-DPP,4.07,0.8694
Greedy-DPP,4.08,0.8694
Greedy-DPP,4.09,0.8694
Greedy-DPP,4.1,0.8694
Greedy-DPP,4.11,0.8694
Greedy-DPP,4.12,0.8694
Greedy-DPP,4.13,0.8692
Greedy-DPP,4.14,0.8692
Greedy-DPP,4.15,0.8692
Greedy-DPP,4.16,0.8692
Greedy-DPP,4.17,0.8692
Greedy-DPP,4.18,0.8692
Greedy-DPP,4.19,0.8692
Greedy-DPP,4.2,0.8692
Greedy-DPP,4.21,0.8692
Greedy-DPP,4.22,0.8692
Greedy-DPP,4.23,0.8692
Greedy-DPP,4.24,0.8692
Greedy-DPP,4.25,0.8692
Greedy-DPP,4.26,0.8692
Greedy-DPP,4.27,0.8692
Greedy-DPP,4.3,0.8692
Greedy-DPP,4.31,0.8692
Greedy-DPP,4.33,0.8692
Greedy-DPP,4.35,0.8692
Greedy-DPP,4.36,0.8692
Greedy-DPP,4.37,0.8692
Greedy-DPP,4.38,0.8692
RNG(-0.3),0.99,0.827
RNG(-0.3),1.0,0.827
RNG(-0.3),1.01,0.827
RNG(-0.3),1.02,0.8273
RNG(-0.3),1.03,0.828
RNG(-0.3),1.04,0.8291
RNG(-0.3),1.05,0.8298
RNG(-0.3),1.06,0.8312
RNG(-0.3),1.07,0.832
RNG(-0.3),1.08,0.8331
RNG(-0.3),1.09,0.8336
RNG(-0.3),1.1,0.8341
RNG(-0.3),1.11,0.8344
RNG(-0.3),1.12,0.8348
RNG(-0.3),1.13,0.835
RNG(-0.3),1.14,0.8353
RNG(-0.3),1.15,0.8355
RNG(-0.3),1.16,0.8355
RNG(-0.3),1.17,0.8357
RNG(-0.3),1.18,0.8358
RNG(-0.3),1.19,0.8359
RNG(-0.3),1.2,0.836
RNG(-0.3),1.21,0.8361
RNG(-0.3),1.22,0.8362
RNG(-0.3),1.23,0.8362
RNG(-0.3),1.25,0.8362
RNG(-0.3),1.26,0.8362
RNG(-0.3),1.27,0.8362
RNG(-0.3),1.28,0.8362
RNG(-0.3),1.29,0.8363
RNG(-0.3),1.3,0.8363
RNG(-0.3),1.31,0.8363
RNG(-0.3),1.32,0.8363
RNG(-0.3),1.33,0.8364
RNG(-0.3),1.34,0.8364
RNG(-0.3),1.35,0.8365
RNG(-0.3),1.36,0.8365
RNG(-0.3),1.37,0.8366
RNG(-0.3),1.38,0.8366
RNG(-0.3),1.39,0.8367
RNG(-0.3),1.4,0.8368
RNG(-0.3),1.41,0.8368
RNG(-0.3),1.42,0.8371
RNG(-0.3),1.43,0.8372
RNG(-0.3),1.44,0.8374
RNG(-0.3),1.45,0.8374
RNG(-0.3),1.46,0.8375
RNG(-0.3),1.47,0.8377
RNG(-0.3),1.48,0.8379
RNG(-0.3),1.49,0.8382
RNG(-0.3),1.5,0.8383
RNG(-0.3),1.51,0.8384
RNG(-0.3),1.52,0.8384
RNG(-0.3),1.53,0.8385
RNG(-0.3),1.54,0.8388
RNG(-0.3),1.55,0.839
RNG(-0.3),1.56,0.8392
RNG(-0.3),1.57,0.8392
RNG(-0.3),1.58,0.8393
RNG(-0.3),1.59,0.8394
RNG(-0.3),1.6,0.8396
RNG(-0.3),1.61,0.84
RNG(-0.3),1.62,0.8401
RNG(-0.3),1.63,0.8404
RNG(-0.3),1.64,0.8406
RNG(-0.3),1.65,0.8411
RNG(-0.3),1.66,0.8414
RNG(-0.3),1.67,0.8417
RNG(-0.3),1.68,0.8418
RNG(-0.3),1.69,0.8419
RNG(-0.3),1.7,0.8421
RNG(-0.3),1.71,0.8422
RNG(-0.3),1.72,0.8422
RNG(-0.3),1.73,0.8423
RNG(-0.3),1.74,0.8424
RNG(-0.3),1.75,0.8424
RNG(-0.3),1.76,0.8425
RNG(-0.3),1.77,0.8426
RNG(-0.3),1.78,0.8426
RNG(-0.3),1.79,0.8427
RNG(-0.3),1.8,0.8427
RNG(-0.3),1.81,0.843
RNG(-0.3),1.82,0.8432
RNG(-0.3),1.83,0.8433
RNG(-0.3),1.84,0.8434
RNG(-0.3),1.85,0.8435
RNG(-0.3),1.86,0.8437
RNG(-0.3),1.87,0.8439
RNG(-0.3),1.88,0.8442
RNG(-0.3),1.89,0.8444
RNG(-0.3),1.9,0.8447
RNG(-0.3),1.91,0.845
RNG(-0.3),1.92,0.8453
RNG(-0.3),1.93,0.8456
RNG(-0.3),1.94,0.8461
RNG(-0.3),1.95,0.8463
RNG(-0.3),1.96,0.8466
RNG(-0.3),1.97,0.8467
RNG(-0.3),1.98,0.847
RNG(-0.3),1.99,0.8471
RNG(-0.3),2.0,0.8473
RNG(-0.3),2.01,0.8474
RNG(-0.3),2.02,0.8475
RNG(-0.3),2.03,0.8476
RNG(-0.3),2.04,0.8478
RNG(-0.3),2.05,0.8479
RNG(-0.3),2.06,0.8481
RNG(-0.3),2.07,0.8482
RNG(-0.3),2.08,0.8483
RNG(-0.3),2.09,0.8483
RNG(-0.3),2.1,0.8484
RNG(-0.3),2.11,0.8485
RNG(-0.3),2.12,0.8485
RNG(-0.3),2.13,0.8486
RNG(-0.3),2.14,0.8486
RNG(-0.3),2.15,0.8487
RNG(-0.3),2.16,0.8487
RNG(-0.3),2.17,0.8487
RNG(-0.3),2.18,0.8488
RNG(-0.3),2.19,0.8489
RNG(-0.3),2.2,0.8489
RNG(-0.3),2.21,0.849
RNG(-0.3),2.22,0.8491
RNG(-0.3),2.23,0.8492
RNG(-0.3),2.24,0.8493
RNG(-0.3),2.25,0.8494
RNG(-0.3),2.26,0.8496
RNG(-0.3),2.27,0.8497
RNG(-0.3),2.28,0.8497
RNG(-0.3),2.29,0.8497
RNG(-0.3),2.3,0.8498
RNG(-0.3),2.31,0.8498
RNG(-0.3),2.32,0.85
RNG(-0.3),2.33,0.85
RNG(-0.3),2.34,0.8501
RNG(-0.3),2.35,0.8502
RNG(-0.3),2.36,0.8504
RNG(-0.3),2.37,0.8506
RNG(-0.3),2.38,0.8508
RNG(-0.3),2.39,0.8509
RNG(-0.3),2.4,0.851
RNG(-0.3),2.41,0.8512
RNG(-0.3),2.42,0.8512
RNG(-0.3),2.43,0.8514
RNG(-0.3),2.44,0.8514
RNG(-0.3),2.45,0.8516
RNG(-0.3),2.46,0.8517
RNG(-0.3),2.47,0.8518
RNG(-0.3),2.48,0.8519
RNG(-0.3),2.49,0.852
RNG(-0.3),2.5,0.8521
RNG(-0.3),2.51,0.8522
RNG(-0.3),2.52,0.8524
RNG(-0.3),2.53,0.8525
RNG(-0.3),2.54,0.8526
RNG(-0.3),2.55,0.8527
RNG(-0.3),2.56,0.8528
RNG(-0.3),2.57,0.8529
RNG(-0.3),2.58,0.853
RNG(-0.3),2.59,0.853
RNG(-0.3),2.6,0.853
RNG(-0.3),2.61,0.853
RNG(-0.3),2.62,0.8531
RNG(-0.3),2.63,0.8531
RNG(-0.3),2.64,0.8532
RNG(-0.3),2.65,0.8532
RNG(-0.3),2.66,0.8533
RNG(-0.3),2.67,0.8533
RNG(-0.3),2.68,0.8534
RNG(-0.3),2.69,0.8534
RNG(-0.3),2.7,0.8535
RNG(-0.3),2.71,0.8535
RNG(-0.3),2.72,0.8535
RNG(-0.3),2.73,0.8536
RNG(-0.3),2.74,0.8537
RNG(-0.3),2.75,0.8536
RNG(-0.3),2.76,0.8537
RNG(-0.3),2.77,0.8536
RNG(-0.3),2.78,0.8536
RNG(-0.3),2.79,0.8536
RNG(-0.3),2.8,0.8536
RNG(-0.3),2.81,0.8536
RNG(-0.3),2.82,0.8537
RNG(-0.3),2.83,0.8537
RNG(-0.3),2.84,0.8537
RNG(-0.3),2.85,0.8537
RNG(-0.3),2.86,0.8537
RNG(-0.3),2.87,0.8537
RNG(-0.3),2.88,0.8538
RNG(-0.3),2.89,0.8539
RNG(-0.3),2.9,0.8539
RNG(-0.3),2.91,0.8539
RNG(-0.3),2.92,0.8538
RNG(-0.3),2.93,0.8539
RNG(-0.3),2.94,0.8539
RNG(-0.3),2.95,0.8539
RNG(-0.3),2.96,0.8539
RNG(-0.3),2.97,0.8539
RNG(-0.3),2.98,0.8538
RNG(-0.3),2.99,0.8538
RNG(-0.3),3.0,0.8538
RNG(-0.3),3.01,0.8539
RNG(-0.3),3.02,0.8539
RNG(-0.3),3.03,0.854
RNG(-0.3),3.04,0.8541
RNG(-0.3),3.05,0.8541
RNG(-0.3),3.06,0.8541
RNG(-0.3),3.07,0.8541
RNG(-0.3),3.08,0.8541
RNG(-0.3),3.09,0.8542
RNG(-0.3),3.1,0.8543
RNG(-0.3),3.11,0.8543
RNG(-0.3),3.12,0.8544
RNG(-0.3),3.13,0.8545
RNG(-0.3),3.14,0.8544
RNG(-0.3),3.15,0.8545
RNG(-0.3),3.16,0.8546
RNG(-0.3),3.17,0.8546
RNG(-0.3),3.18,0.8546
RNG(-0.3),3.19,0.8546
RNG(-0.3),3.2,0.8547
RNG(-0.3),3.21,0.8547
RNG(-0.3),3.22,0.8548
RNG(-0.3),3.23,0.8548
RNG(-0.3),3.24,0.8549
RNG(-0.3),3.25,0.8549
RNG(-0.3),3.26,0.8549
RNG(-0.3),3.27,0.8549
RNG(-0.3),3.28,0.8549
RNG(-0.3),3.29,0.8549
RNG(-0.3),3.3,0.8549
RNG(-0.3),3.31,0.855
RNG(-0.3),3.32,0.855
RNG(-0.3),3.33,0.855
RNG(-0.3),3.34,0.855
RNG(-0.3),3.35,0.8551
RNG(-0.3),3.36,0.8551
RNG(-0.3),3.37,0.8551
RNG(-0.3),3.38,0.8551
RNG(-0.3),3.39,0.8551
RNG(-0.3),3.4,0.8551
RNG(-0.3),3.41,0.855
RNG(-0.3),3.42,0.855
RNG(-0.3),3.43,0.8551
RNG(-0.3),3.44,0.8551
RNG(-0.3),3.45,0.8551
RNG(-0.3),3.46,0.8551
RNG(-0.3),3.47,0.8551
RNG(-0.3),3.48,0.8551
RNG(-0.3),3.49,0.855
RNG(-0.3),3.5,0.855
RNG(-0.3),3.51,0.855
RNG(-0.3),3.52,0.855
RNG(-0.3),3.53,0.855
RNG(-0.3),3.54,0.855
RNG(-0.3),3.55,0.855
RNG(-0.3),3.56,0.855
RNG(-0.3),3.57,0.855
RNG(-0.3),3.58,0.855
RNG(-0.3),3.59,0.855
RNG(-0.3),3.6,0.855
RNG(-0.3),3.61,0.855
RNG(-0.3),3.62,0.855
RNG(-0.3),3.63,0.855
RNG(-0.3),3.64,0.855
RNG(-0.3),3.65,0.855
RNG(-0.3),3.66,0.8549
RNG(-0.3),3.67,0.8549
RNG(-0.3),3.68,0.8549
RNG(-0.3),3.69,0.8549
RNG(-0.3),3.7,0.8549
RNG(-0.3),3.71,0.8549
RNG(-0.3),3.72,0.8549
RNG(-0.3),3.73,0.8549
RNG(-0.3),3.74,0.8547
RNG(-0.3),3.75,0.8547
RNG(-0.3),3.76,0.8547
RNG(-0.3),3.77,0.8547
RNG(-0.3),3.78,0.8547
RNG(-0.3),3.79,0.8547
RNG(-0.3),3.8,0.8547
RNG(-0.3),3.81,0.8547
RNG(-0.3),3.82,0.8547
RNG(-0.3),3.83,0.8547
RNG(-0.3),3.84,0.8547
RNG(-0.3),3.85,0.8547
RNG(-0.3),3.86,0.8547
RNG(-0.3),3.87,0.8547
RNG(-0.3),3.88,0.8547
RNG(-0.3),3.89,0.8547
RNG(-0.3),3.9,0.8547
RNG(-0.3),3.91,0.8547
RNG(-0.3),3.92,0.8547
RNG(-0.3),3.93,0.8547
RNG(-0.3),3.94,0.8547
RNG(-0.3),3.95,0.8547
RNG(-0.3),3.96,0.8547
RNG(-0.3),3.97,0.8547
RNG(-0.3),3.98,0.8547
RNG(-0.3),3.99,0.8547
RNG(-0.3),4.0,0.8547
RNG(-0.3),4.01,0.8547
RNG(-0.3),4.02,0.8546
RNG(-0.3),4.03,0.8545
RNG(-0.3),4.04,0.8544
RNG(-0.3),4.05,0.8544
RNG(-0.3),4.06,0.8543
RNG(-0.3),4.07,0.8543
RNG(-0.3),4.08,0.8543
RNG(-0.3),4.09,0.8543
RNG(-0.3),4.1,0.8543
RNG(-0.3),4.11,0.8543
RNG(-0.3),4.12,0.8543
RNG(-0.3),4.13,0.8542
RNG(-0.3),4.14,0.8542
RNG(-0.3),4.15,0.8542
RNG(-0.3),4.16,0.8542
RNG(-0.3),4.17,0.8542
RNG(-0.3),4.18,0.8542
RNG(-0.3),4.19,0.8542
RNG(-0.3),4.2,0.8542
RNG(-0.3),4.21,0.8542
RNG(-0.3),4.22,0.8542
RNG(-0.3),4.23,0.8542
RNG(-0.3),4.24,0.8542
RNG(-0.3),4.25,0.8542
RNG(-0.3),4.26,0.8542
RNG(-0.3),4.27,0.8542
RNG(-0.3),4.3,0.8542
RNG(-0.3),4.31,0.8542
RNG(-0.3),4.33,0.8542
RNG(-0.3),4.35,0.8542
RNG(-0.3),4.36,0.8542
RNG(-0.3),4.37,0.8542
RNG(-0.3),4.38,0.8542
Seg(-0.3),0.99,0.827
Seg(-0.3),1.0,0.827
Seg(-0.3),1.01,0.827
Seg(-0.3),1.02,0.8273
Seg(-0.3),1.03,0.828
Seg(-0.3),1.04,0.8291
Seg(-0.3),1.05,0.8298
Seg(-0.3),1.06,0.8312
Seg(-0.3),1.07,0.832
Seg(-0.3),1.08,0.8331
Seg(-0.3),1.09,0.8339
Seg(-0.3),1.1,0.8344
Seg(-0.3),1.11,0.8347
Seg(-0.3),1.12,0.8351
Seg(-0.3),1.13,0.8354
Seg(-0.3),1.14,0.8357
Seg(-0.3),1.15,0.8358
Seg(-0.3),1.16,0.8359
Seg(-0.3),1.17,0.836
Seg(-0.3),1.18,0.8362
Seg(-0.3),1.19,0.8363
Seg(-0.3),1.2,0.8364
Seg(-0.3),1.21,0.8365
Seg(-0.3),1.22,0.8366
Seg(-0.3),1.23,0.8366
Seg(-0.3),1.25,0.8366
Seg(-0.3),1.26,0.8366
Seg(-0.3),1.27,0.8366
Seg(-0.3),1.28,0.8366
Seg(-0.3),1.29,0.8366
Seg(-0.3),1.3,0.8367
Seg(-0.3),1.31,0.8367
Seg(-0.3),1.32,0.8368
Seg(-0.3),1.33,0.8368
Seg(-0.3),1.34,0.8368
Seg(-0.3),1.35,0.8369
Seg(-0.3),1.36,0.8369
Seg(-0.3),1.37,0.837
Seg(-0.3),1.38,0.837
Seg(-0.3),1.39,0.8372
Seg(-0.3),1.4,0.8372
Seg(-0.3),1.41,0.8373
Seg(-0.3),1.42,0.8375
Seg(-0.3),1.43,0.8377
Seg(-0.3),1.44,0.8378
Seg(-0.3),1.45,0.8378
Seg(-0.3),1.46,0.8379
Seg(-0.3),1.47,0.8381
Seg(-0.3),1.48,0.8384
Seg(-0.3),1.49,0.8387
Seg(-0.3),1.5,0.8389
Seg(-0.3),1.51,0.839
Seg(-0.3),1.52,0.839
Seg(-0.3),1.53,0.8391
Seg(-0.3),1.54,0.8395
Seg(-0.3),1.55,0.8396
Seg(-0.3),1.56,0.8398
Seg(-0.3),1.57,0.8398
Seg(-0.3),1.58,0.84
Seg(-0.3),1.59,0.8401
Seg(-0.3),1.6,0.8403
Seg(-0.3),1.61,0.8406
Seg(-0.3),1.62,0.8408
Seg(-0.3),1.63,0.841
Seg(-0.3),1.64,0.8413
Seg(-0.3),1.65,0.8418
Seg(-0.3),1.66,0.8421
Seg(-0.3),1.67,0.8424
Seg(-0.3),1.68,0.8425
Seg(-0.3),1.69,0.8426
Seg(-0.3),1.7,0.8429
Seg(-0.3),1.71,0.843
Seg(-0.3),1.72,0.843
Seg(-0.3),1.73,0.843
Seg(-0.3),1.74,0.8431
Seg(-0.3),1.75,0.8432
Seg(-0.3),1.76,0.8433
Seg(-0.3),1.77,0.8434
Seg(-0.3),1.78,0.8434
Seg(-0.3),1.79,0.8435
Seg(-0.3),1.8,0.8435
Seg(-0.3),1.81,0.8438
Seg(-0.3),1.82,0.844
Seg(-0.3),1.83,0.8441
Seg(-0.3),1.84,0.8443
Seg(-0.3),1.85,0.8444
Seg(-0.3),1.86,0.8446
Seg(-0.3),1.87,0.8448
Seg(-0.3),1.88,0.8451
Seg(-0.3),1.89,0.8453
Seg(-0.3),1.9,0.8456
Seg(-0.3),1.91,0.8459
Seg(-0.3),1.92,0.8462
Seg(-0.3),1.93,0.8467
Seg(-0.3),1.94,0.8471
Seg(-0.3),1.95,0.8474
Seg(-0.3),1.96,0.8477
Seg(-0.3),1.97,0.8479
Seg(-0.3),1.98,0.8481
Seg(-0.3),1.99,0.8482
Seg(-0.3),2.0,0.8485
Seg(-0.3),2.01,0.8486
Seg(-0.3),2.02,0.8488
Seg(-0.3),2.03,0.8489
Seg(-0.3),2.04,0.849
Seg(-0.3),2.05,0.8492
Seg(-0.3),2.06,0.8493
Seg(-0.3),2.07,0.8495
Seg(-0.3),2.08,0.8496
Seg(-0.3),2.09,0.8496
Seg(-0.3),2.1,0.8497
Seg(-0.3),2.11,0.8498
Seg(-0.3),2.12,0.8498
Seg(-0.3),2.13,0.8499
Seg(-0.3),2.14,0.8499
Seg(-0.3),2.15,0.8501
Seg(-0.3),2.16,0.85
Seg(-0.3),2.17,0.85
Seg(-0.3),2.18,0.8501
Seg(-0.3),2.19,0.8502
Seg(-0.3),2.2,0.8503
Seg(-0.3),2.21,0.8504
Seg(-0.3),2.22,0.8504
Seg(-0.3),2.23,0.8505
Seg(-0.3),2.24,0.8506
Seg(-0.3),2.25,0.8508
Seg(-0.3),2.26,0.851
Seg(-0.3),2.27,0.8511
Seg(-0.3),2.28,0.8511
Seg(-0.3),2.29,0.8512
Seg(-0.3),2.3,0.8512
Seg(-0.3),2.31,0.8512
Seg(-0.3),2.32,0.8513
Seg(-0.3),2.33,0.8514
Seg(-0.3),2.34,0.8515
Seg(-0.3),2.35,0.8515
Seg(-0.3),2.36,0.8517
Seg(-0.3),2.37,0.8519
Seg(-0.3),2.38,0.8522
Seg(-0.3),2.39,0.8521
Seg(-0.3),2.4,0.8522
Seg(-0.3),2.41,0.8524
Seg(-0.3),2.42,0.8524
Seg(-0.3),2.43,0.8526
Seg(-0.3),2.44,0.8527
Seg(-0.3),2.45,0.8529
Seg(-0.3),2.46,0.8529
Seg(-0.3),2.47,0.8531
Seg(-0.3),2.48,0.8532
Seg(-0.3),2.49,0.8533
Seg(-0.3),2.5,0.8534
Seg(-0.3),2.51,0.8535
Seg(-0.3),2.52,0.8537
Seg(-0.3),2.53,0.8538
Seg(-0.3),2.54,0.8539
Seg(-0.3),2.55,0.854
Seg(-0.3),2.56,0.8541
Seg(-0.3),2.57,0.8542
Seg(-0.3),2.58,0.8543
Seg(-0.3),2.59,0.8543
Seg(-0.3),2.6,0.8543
Seg(-0.3),2.61,0.8543
Seg(-0.3),2.62,0.8543
Seg(-0.3),2.63,0.8544
Seg(-0.3),2.64,0.8545
Seg(-0.3),2.65,0.8544
Seg(-0.3),2.66,0.8545
Seg(-0.3),2.67,0.8546
Seg(-0.3),2.68,0.8547
Seg(-0.3),2.69,0.8547
Seg(-0.3),2.7,0.8548
Seg(-0.3),2.71,0.8549
Seg(-0.3),2.72,0.8549
Seg(-0.3),2.73,0.855
Seg(-0.3),2.74,0.8551
Seg(-0.3),2.75,0.855
Seg(-0.3),2.76,0.8551
Seg(-0.3),2.77,0.855
Seg(-0.3),2.78,0.855
Seg(-0.3),2.79,0.855
Seg(-0.3),2.8,0.855
Seg(-0.3),2.81,0.855
Seg(-0.3),2.82,0.8551
Seg(-0.3),2.83,0.8551
Seg(-0.3),2.84,0.8552
Seg(-0.3),2.85,0.8551
Seg(-0.3),2.86,0.8551
Seg(-0.3),2.87,0.8552
Seg(-0.3),2.88,0.8552
Seg(-0.3),2.89,0.8553
Seg(-0.3),2.9,0.8553
Seg(-0.3),2.91,0.8553
Seg(-0.3),2.92,0.8553
Seg(-0.3),2.93,0.8553
Seg(-0.3),2.94,0.8553
Seg(-0.3),2.95,0.8553
Seg(-0.3),2.96,0.8553
Seg(-0.3),2.97,0.8553
Seg(-0.3),2.98,0.8552
Seg(-0.3),2.99,0.8551
Seg(-0.3),3.0,0.8551
Seg(-0.3),3.01,0.8552
Seg(-0.3),3.02,0.8552
Seg(-0.3),3.03,0.8553
Seg(-0.3),3.04,0.8553
Seg(-0.3),3.05,0.8553
Seg(-0.3),3.06,0.8553
Seg(-0.3),3.07,0.8553
Seg(-0.3),3.08,0.8553
Seg(-0.3),3.09,0.8553
Seg(-0.3),3.1,0.8553
Seg(-0.3),3.11,0.8555
Seg(-0.3),3.12,0.8556
Seg(-0.3),3.13,0.8557
Seg(-0.3),3.14,0.8557
Seg(-0.3),3.15,0.8557
Seg(-0.3),3.16,0.8558
Seg(-0.3),3.17,0.8559
Seg(-0.3),3.18,0.8559
Seg(-0.3),3.19,0.8559
Seg(-0.3),3.2,0.8559
Seg(-0.3),3.21,0.856
Seg(-0.3),3.22,0.8561
Seg(-0.3),3.23,0.8561
Seg(-0.3),3.24,0.8562
Seg(-0.3),3.25,0.8561
Seg(-0.3),3.26,0.8562
Seg(-0.3),3.27,0.8562
Seg(-0.3),3.28,0.8562
Seg(-0.3),3.29,0.8562
Seg(-0.3),3.3,0.8562
Seg(-0.3),3.31,0.8563
Seg(-0.3),3.32,0.8563
Seg(-0.3),3.33,0.8563
Seg(-0.3),3.34,0.8564
Seg(-0.3),3.35,0.8564
Seg(-0.3),3.36,0.8564
Seg(-0.3),3.37,0.8564
Seg(-0.3),3.38,0.8565
Seg(-0.3),3.39,0.8565
Seg(-0.3),3.4,0.8565
Seg(-0.3),3.41,0.8564
Seg(-0.3),3.42,0.8564
Seg(-0.3),3.43,0.8564
Seg(-0.3),3.44,0.8564
Seg(-0.3),3.45,0.8564
Seg(-0.3),3.46,0.8564
Seg(-0.3),3.47,0.8564
Seg(-0.3),3.48,0.8564
Seg(-0.3),3.49,0.8563
Seg(-0.3),3.5,0.8563
Seg(-0.3),3.51,0.8564
Seg(-0.3),3.52,0.8564
Seg(-0.3),3.53,0.8563
Seg(-0.3),3.54,0.8563
Seg(-0.3),3.55,0.8563
Seg(-0.3),3.56,0.8563
Seg(-0.3),3.57,0.8564
Seg(-0.3),3.58,0.8564
Seg(-0.3),3.59,0.8564
Seg(-0.3),3.6,0.8564
Seg(-0.3),3.61,0.8564
Seg(-0.3),3.62,0.8564
Seg(-0.3),3.63,0.8564
Seg(-0.3),3.64,0.8562
Seg(-0.3),3.65,0.8562
Seg(-0.3),3.66,0.8562
Seg(-0.3),3.67,0.8562
Seg(-0.3),3.68,0.8562
Seg(-0.3),3.69,0.8562
Seg(-0.3),3.7,0.8561
Seg(-0.3),3.71,0.856
Seg(-0.3),3.72,0.856
Seg(-0.3),3.73,0.8559
Seg(-0.3),3.74,0.8558
Seg(-0.3),3.75,0.8558
Seg(-0.3),3.76,0.8557
Seg(-0.3),3.77,0.8557
Seg(-0.3),3.78,0.8557
Seg(-0.3),3.79,0.8557
Seg(-0.3),3.8,0.8557
Seg(-0.3),3.81,0.8556
Seg(-0.3),3.82,0.8556
Seg(-0.3),3.83,0.8556
Seg(-0.3),3.84,0.8556
Seg(-0.3),3.85,0.8556
Seg(-0.3),3.86,0.8556
Seg(-0.3),3.87,0.8556
Seg(-0.3),3.88,0.8556
Seg(-0.3),3.89,0.8556
Seg(-0.3),3.9,0.8556
Seg(-0.3),3.91,0.8555
Seg(-0.3),3.92,0.8554
Seg(-0.3),3.93,0.8554
Seg(-0.3),3.94,0.8554
Seg(-0.3),3.95,0.8554
Seg(-0.3),3.96,0.8554
Seg(-0.3),3.97,0.8554
Seg(-0.3),3.98,0.8553
Seg(-0.3),3.99,0.8553
Seg(-0.3),4.0,0.8553
Seg(-0.3),4.01,0.8553
Seg(-0.3),4.02,0.8552
Seg(-0.3),4.03,0.855
Seg(-0.3),4.04,0.855
Seg(-0.3),4.05,0.855
Seg(-0.3),4.06,0.8549
Seg(-0.3),4.07,0.8549
Seg(-0.3),4.08,0.8549
Seg(-0.3),4.09,0.8549
Seg(-0.3),4.1,0.8549
Seg(-0.3),4.11,0.8549
Seg(-0.3),4.12,0.8549
Seg(-0.3),4.13,0.8548
Seg(-0.3),4.14,0.8548
Seg(-0.3),4.15,0.8548
Seg(-0.3),4.16,0.8548
Seg(-0.3),4.17,0.8548
Seg(-0.3),4.18,0.8548
Seg(-0.3),4.19,0.8548
Seg(-0.3),4.2,0.8548
Seg(-0.3),4.21,0.8548
Seg(-0.3),4.22,0.8548
Seg(-0.3),4.23,0.8548
Seg(-0.3),4.24,0.8548
Seg(-0.3),4.25,0.8548
Seg(-0.3),4.26,0.8548
Seg(-0.3),4.27,0.8548
Seg(-0.3),4.3,0.8548
Seg(-0.3),4.31,0.8548
Seg(-0.3),4.33,0.8548
Seg(-0.3),4.35,0.8548
Seg(-0.3),4.36,0.8548
Seg(-0.3),4.37,0.8548
Seg(-0.3),4.38,0.8548
RNG(-0.2),0.99,0.827
RNG(-0.2),1.0,0.827
RNG(-0.2),1.01,0.827
RNG(-0.2),1.02,0.8273
RNG(-0.2),1.03,0.8281
RNG(-0.2),1.04,0.8292
RNG(-0.2),1.05,0.8302
RNG(-0.2),1.06,0.8317
RNG(-0.2),1.07,0.8324
RNG(-0.2),1.08,0.8337
RNG(-0.2),1.09,0.8344
RNG(-0.2),1.1,0.835
RNG(-0.2),1.11,0.8354
RNG(-0.2),1.12,0.836
RNG(-0.2),1.13,0.8363
RNG(-0.2),1.14,0.8366
RNG(-0.2),1.15,0.8368
RNG(-0.2),1.16,0.8369
RNG(-0.2),1.17,0.8371
RNG(-0.2),1.18,0.8372
RNG(-0.2),1.19,0.8373
RNG(-0.2),1.2,0.8375
RNG(-0.2),1.21,0.8375
RNG(-0.2),1.22,0.8376
RNG(-0.2),1.23,0.8375
RNG(-0.2),1.25,0.8375
RNG(-0.2),1.26,0.8376
RNG(-0.2),1.27,0.8377
RNG(-0.2),1.28,0.8377
RNG(-0.2),1.29,0.8377
RNG(-0.2),1.3,0.8378
RNG(-0.2),1.31,0.8378
RNG(-0.2),1.32,0.8379
RNG(-0.2),1.33,0.8379
RNG(-0.2),1.34,0.838
RNG(-0.2),1.35,0.8381
RNG(-0.2),1.36,0.8381
RNG(-0.2),1.37,0.8383
RNG(-0.2),1.38,0.8383
RNG(-0.2),1.39,0.8384
RNG(-0.2),1.4,0.8383
RNG(-0.2),1.41,0.8383
RNG(-0.2),1.42,0.8385
RNG(-0.2),1.43,0.8387
RNG(-0.2),1.44,0.8388
RNG(-0.2),1.45,0.8388
RNG(-0.2),1.46,0.839
RNG(-0.2),1.47,0.8393
RNG(-0.2),1.48,0.8395
RNG(-0.2),1.49,0.8398
RNG(-0.2),1.5,0.84
RNG(-0.2),1.51,0.8402
RNG(-0.2),1.52,0.8403
RNG(-0.2),1.53,0.8404
RNG(-0.2),1.54,0.8408
RNG(-0.2),1.55,0.841
RNG(-0.2),1.56,0.8414
RNG(-0.2),1.57,0.8415
RNG(-0.2),1.58,0.8417
RNG(-0.2),1.59,0.8417
RNG(-0.2),1.6,0.842
RNG(-0.2),1.61,0.8424
RNG(-0.2),1.62,0.8426
RNG(-0.2),1.63,0.843
RNG(-0.2),1.64,0.8432
RNG(-0.2),1.65,0.8436
RNG(-0.2),1.66,0.8439
RNG(-0.2),1.67,0.8442
RNG(-0.2),1.68,0.8443
RNG(-0.2),1.69,0.8444
RNG(-0.2),1.7,0.8445
RNG(-0.2),1.71,0.8447
RNG(-0.2),1.72,0.8448
RNG(-0.2),1.73,0.8449
RNG(-0.2),1.74,0.8449
RNG(-0.2),1.75,0.845
RNG(-0.2),1.76,0.8451
RNG(-0.2),1.77,0.8452
RNG(-0.2),1.78,0.8451
RNG(-0.2),1.79,0.8452
RNG(-0.2),1.8,0.8453
RNG(-0.2),1.81,0.8456
RNG(-0.2),1.82,0.8459
RNG(-0.2),1.83,0.8461
RNG(-0.2),1.84,0.8464
RNG(-0.2),1.85,0.8466
RNG(-0.2),1.86,0.8469
RNG(-0.2),1.87,0.8473
RNG(-0.2),1.88,0.8478
RNG(-0.2),1.89,0.8482
RNG(-0.2),1.9,0.8486
RNG(-0.2),1.91,0.849
RNG(-0.2),1.92,0.8493
RNG(-0.2),1.93,0.8498
RNG(-0.2),1.94,0.8503
RNG(-0.2),1.95,0.8505
RNG(-0.2),1.96,0.8508
RNG(-0.2),1.97,0.851
RNG(-0.2),1.98,0.8511
RNG(-0.2),1.99,0.8513
RNG(-0.2),2.0,0.8516
RNG(-0.2),2.01,0.8516
RNG(-0.2),2.02,0.8517
RNG(-0.2),2.03,0.8519
RNG(-0.2),2.04,0.8519
RNG(-0.2),2.05,0.852
RNG(-0.2),2.06,0.8521
RNG(-0.2),2.07,0.8523
RNG(-0.2),2.08,0.8524
RNG(-0.2),2.09,0.8526
RNG(-0.2),2.1,0.8526
RNG(-0.2),2.11,0.8526
RNG(-0.2),2.12,0.8526
RNG(-0.2),2.13,0.8528
RNG(-0.2),2.14,0.8528
RNG(-0.2),2.15,0.8529
RNG(-0.2),2.16,0.8528
RNG(-0.2),2.17,0.8529
RNG(-0.2),2.18,0.853
RNG(-0.2),2.19,0.8531
RNG(-0.2),2.2,0.8533
RNG(-0.2),2.21,0.8533
RNG(-0.2),2.22,0.8533
RNG(-0.2),2.23,0.8534
RNG(-0.2),2.24,0.8533
RNG(-0.2),2.25,0.8535
RNG(-0.2),2.26,0.8537
RNG(-0.2),2.27,0.8539
RNG(-0.2),2.28,0.8539
RNG(-0.2),2.29,0.8539
RNG(-0.2),2.3,0.8539
RNG(-0.2),2.31,0.8539
RNG(-0.2),2.32,0.8539
RNG(-0.2),2.33,0.854
RNG(-0.2),2.34,0.8542
RNG(-0.2),2.35,0.8542
RNG(-0.2),2.36,0.8543
RNG(-0.2),2.37,0.8544
RNG(-0.2),2.38,0.8547
RNG(-0.2),2.39,0.8547
RNG(-0.2),2.4,0.8548
RNG(-0.2),2.41,0.8551
RNG(-0.2),2.42,0.8552
RNG(-0.2),2.43,0.8555
RNG(-0.2),2.44,0.8556
RNG(-0.2),2.45,0.8555
RNG(-0.2),2.46,0.8556
RNG(-0.2),2.47,0.8558
RNG(-0.2),2.48,0.8559
RNG(-0.2),2.49,0.856
RNG(-0.2),2.5,0.8561
RNG(-0.2),2.51,0.8562
RNG(-0.2),2.52,0.8564
RNG(-0.2),2.53,0.8564
RNG(-0.2),2.54,0.8565
RNG(-0.2),2.55,0.8568
RNG(-0.2),2.56,0.8568
RNG(-0.2),2.57,0.8569
RNG(-0.2),2.58,0.8572
RNG(-0.2),2.59,0.8571
RNG(-0.2),2.6,0.8572
RNG(-0.2),2.61,0.8572
RNG(-0.2),2.62,0.8573
RNG(-0.2),2.63,0.8573
RNG(-0.2),2.64,0.8574
RNG(-0.2),2.65,0.8574
RNG(-0.2),2.66,0.8574
RNG(-0.2),2.67,0.8574
RNG(-0.2),2.68,0.8573
RNG(-0.2),2.69,0.8574
RNG(-0.2),2.7,0.8575
RNG(-0.2),2.71,0.8574
RNG(-0.2),2.72,0.8575
RNG(-0.2),2.73,0.8576
RNG(-0.2),2.74,0.8576
RNG(-0.2),2.75,0.8575
RNG(-0.2),2.76,0.8576
RNG(-0.2),2.77,0.8575
RNG(-0.2),2.78,0.8577
RNG(-0.2),2.79,0.8576
RNG(-0.2),2.8,0.8576
RNG(-0.2),2.81,0.8575
RNG(-0.2),2.82,0.8575
RNG(-0.2),2.83,0.8576
RNG(-0.2),2.84,0.8577
RNG(-0.2),2.85,0.8576
RNG(-0.2),2.86,0.8576
RNG(-0.2),2.87,0.8578
RNG(-0.2),2.88,0.8578
RNG(-0.2),2.89,0.8578
RNG(-0.2),2.9,0.8578
RNG(-0.2),2.91,0.8578
RNG(-0.2),2.92,0.8578
RNG(-0.2),2.93,0.8577
RNG(-0.2),2.94,0.8576
RNG(-0.2),2.95,0.8575
RNG(-0.2),2.96,0.8576
RNG(-0.2),2.97,0.8575
RNG(-0.2),2.98,0.8575
RNG(-0.2),2.99,0.8574
RNG(-0.2),3.0,0.8574
RNG(-0.2),3.01,0.8574
RNG(-0.2),3.02,0.8575
RNG(-0.2),3.03,0.8574
RNG(-0.2),3.04,0.8574
RNG(-0.2),3.05,0.8573
RNG(-0.2),3.06,0.8572
RNG(-0.2),3.07,0.8572
RNG(-0.2),3.08,0.8572
RNG(-0.2),3.09,0.8573
RNG(-0.2),3.1,0.8572
RNG(-0.2),3.11,0.8574
RNG(-0.2),3.12,0.8575
RNG(-0.2),3.13,0.8575
RNG(-0.2),3.14,0.8575
RNG(-0.2),3.15,0.8575
RNG(-0.2),3.16,0.8576
RNG(-0.2),3.17,0.8575
RNG(-0.2),3.18,0.8575
RNG(-0.2),3.19,0.8575
RNG(-0.2),3.2,0.8576
RNG(-0.2),3.21,0.8576
RNG(-0.2),3.22,0.8577
RNG(-0.2),3.23,0.8577
RNG(-0.2),3.24,0.8578
RNG(-0.2),3.25,0.8577
RNG(-0.2),3.26,0.8578
RNG(-0.2),3.27,0.8578
RNG(-0.2),3.28,0.8578
RNG(-0.2),3.29,0.8578
RNG(-0.2),3.3,0.8577
RNG(-0.2),3.31,0.8576
RNG(-0.2),3.32,0.8576
RNG(-0.2),3.33,0.8577
RNG(-0.2),3.34,0.8577
RNG(-0.2),3.35,0.8578
RNG(-0.2),3.36,0.8578
RNG(-0.2),3.37,0.8578
RNG(-0.2),3.38,0.8579
RNG(-0.2),3.39,0.8578
RNG(-0.2),3.4,0.8578
RNG(-0.2),3.41,0.8578
RNG(-0.2),3.42,0.8577
RNG(-0.2),3.43,0.8577
RNG(-0.2),3.44,0.8577
RNG(-0.2),3.45,0.8577
RNG(-0.2),3.46,0.8577
RNG(-0.2),3.47,0.8577
RNG(-0.2),3.48,0.8577
RNG(-0.2),3.49,0.8577
RNG(-0.2),3.5,0.8577
RNG(-0.2),3.51,0.8577
RNG(-0.2),3.52,0.8577
RNG(-0.2),3.53,0.8577
RNG(-0.2),3.54,0.8576
RNG(-0.2),3.55,0.8576
RNG(-0.2),3.56,0.8576
RNG(-0.2),3.57,0.8575
RNG(-0.2),3.58,0.8575
RNG(-0.2),3.59,0.8574
RNG(-0.2),3.6,0.8574
RNG(-0.2),3.61,0.8574
RNG(-0.2),3.62,0.8573
RNG(-0.2),3.63,0.8573
RNG(-0.2),3.64,0.8572
RNG(-0.2),3.65,0.8571
RNG(-0.2),3.66,0.8571
RNG(-0.2),3.67,0.8571
RNG(-0.2),3.68,0.857
RNG(-0.2),3.69,0.857
RNG(-0.2),3.7,0.8569
RNG(-0.2),3.71,0.8568
RNG(-0.2),3.72,0.8567
RNG(-0.2),3.73,0.8566
RNG(-0.2),3.74,0.8564
RNG(-0.2),3.75,0.8563
RNG(-0.2),3.76,0.8563
RNG(-0.2),3.77,0.8563
RNG(-0.2),3.78,0.8563
RNG(-0.2),3.79,0.8562
RNG(-0.2),3.8,0.8562
RNG(-0.2),3.81,0.8562
RNG(-0.2),3.82,0.856
RNG(-0.2),3.83,0.856
RNG(-0.2),3.84,0.856
RNG(-0.2),3.85,0.856
RNG(-0.2),3.86,0.8559
RNG(-0.2),3.87,0.8558
RNG(-0.2),3.88,0.8557
RNG(-0.2),3.89,0.8556
RNG(-0.2),3.9,0.8556
RNG(-0.2),3.91,0.8556
RNG(-0.2),3.92,0.8554
RNG(-0.2),3.93,0.8554
RNG(-0.2),3.94,0.8553
RNG(-0.2),3.95,0.8553
RNG(-0.2),3.96,0.8553
RNG(-0.2),3.97,0.8553
RNG(-0.2),3.98,0.8552
RNG(-0.2),3.99,0.8552
RNG(-0.2),4.0,0.8552
RNG(-0.2),4.01,0.8552
RNG(-0.2),4.02,0.8551
RNG(-0.2),4.03,0.8548
RNG(-0.2),4.04,0.8547
RNG(-0.2),4.05,0.8547
RNG(-0.2),4.06,0.8546
RNG(-0.2),4.07,0.8546
RNG(-0.2),4.08,0.8546
RNG(-0.2),4.09,0.8546
RNG(-0.2),4.1,0.8546
RNG(-0.2),4.11,0.8546
RNG(-0.2),4.12,0.8546
RNG(-0.2),4.13,0.8544
RNG(-0.2),4.14,0.8544
RNG(-0.2),4.15,0.8544
RNG(-0.2),4.16,0.8544
RNG(-0.2),4.17,0.8544
RNG(-0.2),4.18,0.8544
RNG(-0.2),4.19,0.8544
RNG(-0.2),4.2,0.8544
RNG(-0.2),4.21,0.8544
RNG(-0.2),4.22,0.8544
RNG(-0.2),4.23,0.8544
RNG(-0.2),4.24,0.8544
RNG(-0.2),4.25,0.8544
RNG(-0.2),4.26,0.8544
RNG(-0.2),4.27,0.8544
RNG(-0.2),4.3,0.8544
RNG(-0.2),4.31,0.8544
RNG(-0.2),4.33,0.8544
RNG(-0.2),4.35,0.8544
RNG(-0.2),4.36,0.8544
RNG(-0.2),4.37,0.8544
RNG(-0.2),4.38,0.8544
Seg(-0.2),0.99,0.827
Seg(-0.2),1.0,0.827
Seg(-0.2),1.01,0.827
Seg(-0.2),1.02,0.8273
Seg(-0.2),1.03,0.8281
Seg(-0.2),1.04,0.8292
Seg(-0.2),1.05,0.83
Seg(-0.2),1.06,0.8315
Seg(-0.2),1.07,0.8322
Seg(-0.2),1.08,0.8335
Seg(-0.2),1.09,0.8341
Seg(-0.2),1.1,0.8347
Seg(-0.2),1.11,0.8351
Seg(-0.2),1.12,0.8356
Seg(-0.2),1.13,0.836
Seg(-0.2),1.14,0.8363
Seg(-0.2),1.15,0.8364
Seg(-0.2),1.16,0.8365
Seg(-0.2),1.17,0.8367
Seg(-0.2),1.18,0.8369
Seg(-0.2),1.19,0.837
Seg(-0.2),1.2,0.8371
Seg(-0.2),1.21,0.8372
Seg(-0.2),1.22,0.8372
Seg(-0.2),1.23,0.8372
Seg(-0.2),1.25,0.8372
Seg(-0.2),1.26,0.8372
Seg(-0.2),1.27,0.8373
Seg(-0.2),1.28,0.8373
Seg(-0.2),1.29,0.8374
Seg(-0.2),1.3,0.8374
Seg(-0.2),1.31,0.8375
Seg(-0.2),1.32,0.8375
Seg(-0.2),1.33,0.8375
Seg(-0.2),1.34,0.8376
Seg(-0.2),1.35,0.8377
Seg(-0.2),1.36,0.8377
Seg(-0.2),1.37,0.8377
Seg(-0.2),1.38,0.8377
Seg(-0.2),1.39,0.8378
Seg(-0.2),1.4,0.8377
Seg(-0.2),1.41,0.8377
Seg(-0.2),1.42,0.8378
Seg(-0.2),1.43,0.8379
Seg(-0.2),1.44,0.8379
Seg(-0.2),1.45,0.8379
Seg(-0.2),1.46,0.8381
Seg(-0.2),1.47,0.8384
Seg(-0.2),1.48,0.8385
Seg(-0.2),1.49,0.8387
Seg(-0.2),1.5,0.8389
Seg(-0.2),1.51,0.839
Seg(-0.2),1.52,0.839
Seg(-0.2),1.53,0.839
Seg(-0.2),1.54,0.8392
Seg(-0.2),1.55,0.8394
Seg(-0.2),1.56,0.8397
Seg(-0.2),1.57,0.8398
Seg(-0.2),1.58,0.8398
Seg(-0.2),1.59,0.8398
Seg(-0.2),1.6,0.8398
Seg(-0.2),1.61,0.84
Seg(-0.2),1.62,0.84
Seg(-0.2),1.63,0.8403
Seg(-0.2),1.64,0.8404
Seg(-0.2),1.65,0.8406
Seg(-0.2),1.66,0.8409
Seg(-0.2),1.67,0.8411
Seg(-0.2),1.68,0.841
Seg(-0.2),1.69,0.841
Seg(-0.2),1.7,0.8411
Seg(-0.2),1.71,0.8413
Seg(-0.2),1.72,0.8413
Seg(-0.2),1.73,0.8414
Seg(-0.2),1.74,0.8413
Seg(-0.2),1.75,0.8414
Seg(-0.2),1.76,0.8415
Seg(-0.2),1.77,0.8416
Seg(-0.2),1.78,0.8415
Seg(-0.2),1.79,0.8415
Seg(-0.2),1.8,0.8416
Seg(-0.2),1.81,0.8418
Seg(-0.2),1.82,0.8421
Seg(-0.2),1.83,0.8422
Seg(-0.2),1.84,0.8424
Seg(-0.2),1.85,0.8426
Seg(-0.2),1.86,0.8428
Seg(-0.2),1.87,0.8433
Seg(-0.2),1.88,0.8437
Seg(-0.2),1.89,0.8441
Seg(-0.2),1.9,0.8444
Seg(-0.2),1.91,0.8447
Seg(-0.2),1.92,0.845
Seg(-0.2),1.93,0.8454
Seg(-0.2),1.94,0.8459
Seg(-0.2),1.95,0.8461
Seg(-0.2),1.96,0.8463
Seg(-0.2),1.97,0.8465
Seg(-0.2),1.98,0.8467
Seg(-0.2),1.99,0.8468
Seg(-0.2),2.0,0.847
Seg(-0.2),2.01,0.847
Seg(-0.2),2.02,0.8469
Seg(-0.2),2.03,0.847
Seg(-0.2),2.04,0.8471
Seg(-0.2),2.05,0.847
Seg(-0.2),2.06,0.8471
Seg(-0.2),2.07,0.8472
Seg(-0.2),2.08,0.8472
Seg(-0.2),2.09,0.8473
Seg(-0.2),2.1,0.8473
Seg(-0.2),2.11,0.8472
Seg(-0.2),2.12,0.8472
Seg(-0.2),2.13,0.8472
Seg(-0.2),2.14,0.8471
Seg(-0.2),2.15,0.8471
Seg(-0.2),2.16,0.8469
Seg(-0.2),2.17,0.8469
Seg(-0.2),2.18,0.8469
Seg(-0.2),2.19,0.8469
Seg(-0.2),2.2,0.847
Seg(-0.2),2.21,0.847
Seg(-0.2),2.22,0.8469
Seg(-0.2),2.23,0.8468
Seg(-0.2),2.24,0.8467
Seg(-0.2),2.25,0.8468
Seg(-0.2),2.26,0.8468
Seg(-0.2),2.27,0.8469
Seg(-0.2),2.28,0.8468
Seg(-0.2),2.29,0.8468
Seg(-0.2),2.3,0.8467
Seg(-0.2),2.31,0.8465
Seg(-0.2),2.32,0.8464
Seg(-0.2),2.33,0.8464
Seg(-0.2),2.34,0.8463
Seg(-0.2),2.35,0.8463
Seg(-0.2),2.36,0.8462
Seg(-0.2),2.37,0.8463
Seg(-0.2),2.38,0.8462
Seg(-0.2),2.39,0.8463
Seg(-0.2),2.4,0.8463
Seg(-0.2),2.41,0.8466
Seg(-0.2),2.42,0.8466
Seg(-0.2),2.43,0.8468
Seg(-0.2),2.44,0.8469
Seg(-0.2),2.45,0.8466
Seg(-0.2),2.46,0.8466
Seg(-0.2),2.47,0.8468
Seg(-0.2),2.48,0.8468
Seg(-0.2),2.49,0.847
Seg(-0.2),2.5,0.8469
Seg(-0.2),2.51,0.8469
Seg(-0.2),2.52,0.8471
Seg(-0.2),2.53,0.8471
Seg(-0.2),2.54,0.8471
Seg(-0.2),2.55,0.8471
Seg(-0.2),2.56,0.8472
Seg(-0.2),2.57,0.8473
Seg(-0.2),2.58,0.8476
Seg(-0.2),2.59,0.8475
Seg(-0.2),2.6,0.8475
Seg(-0.2),2.61,0.8474
Seg(-0.2),2.62,0.8476
Seg(-0.2),2.63,0.8475
Seg(-0.2),2.64,0.8476
Seg(-0.2),2.65,0.8475
Seg(-0.2),2.66,0.8475
Seg(-0.2),2.67,0.8475
Seg(-0.2),2.68,0.8474
Seg(-0.2),2.69,0.8474
Seg(-0.2),2.7,0.8475
Seg(-0.2),2.71,0.8474
Seg(-0.2),2.72,0.8475
Seg(-0.2),2.73,0.8476
Seg(-0.2),2.74,0.8475
Seg(-0.2),2.75,0.8474
Seg(-0.2),2.76,0.8473
Seg(-0.2),2.77,0.8473
Seg(-0.2),2.78,0.8474
Seg(-0.2),2.79,0.8473
Seg(-0.2),2.8,0.8472
Seg(-0.2),2.81,0.8471
Seg(-0.2),2.82,0.8471
Seg(-0.2),2.83,0.8472
Seg(-0.2),2.84,0.8472
Seg(-0.2),2.85,0.8471
Seg(-0.2),2.86,0.8469
Seg(-0.2),2.87,0.847
Seg(-0.2),2.88,0.8471
Seg(-0.2),2.89,0.8469
Seg(-0.2),2.9,0.8468
Seg(-0.2),2.91,0.8465
Seg(-0.2),2.92,0.8465
Seg(-0.2),2.93,0.8463
Seg(-0.2),2.94,0.8461
Seg(-0.2),2.95,0.846
Seg(-0.2),2.96,0.8459
Seg(-0.2),2.97,0.8458
Seg(-0.2),2.98,0.8457
Seg(-0.2),2.99,0.8454
Seg(-0.2),3.0,0.8452
Seg(-0.2),3.01,0.8451
Seg(-0.2),3.02,0.845
Seg(-0.2),3.03,0.8449
Seg(-0.2),3.04,0.8447
Seg(-0.2),3.05,0.8443
Seg(-0.2),3.06,0.8442
Seg(-0.2),3.07,0.8441
Seg(-0.2),3.08,0.8441
Seg(-0.2),3.09,0.844
Seg(-0.2),3.1,0.8439
Seg(-0.2),3.11,0.844
Seg(-0.2),3.12,0.8439
Seg(-0.2),3.13,0.8437
Seg(-0.2),3.14,0.8437
Seg(-0.2),3.15,0.8437
Seg(-0.2),3.16,0.8437
Seg(-0.2),3.17,0.8435
Seg(-0.2),3.18,0.8435
Seg(-0.2),3.19,0.8434
Seg(-0.2),3.2,0.8434
Seg(-0.2),3.21,0.8434
Seg(-0.2),3.22,0.8435
Seg(-0.2),3.23,0.8435
Seg(-0.2),3.24,0.8435
Seg(-0.2),3.25,0.8434
Seg(-0.2),3.26,0.8435
Seg(-0.2),3.27,0.8435
Seg(-0.2),3.28,0.8435
Seg(-0.2),3.29,0.8435
Seg(-0.2),3.3,0.8433
Seg(-0.2),3.31,0.8433
Seg(-0.2),3.32,0.8433
Seg(-0.2),3.33,0.8435
Seg(-0.2),3.34,0.8435
Seg(-0.2),3.35,0.8434
Seg(-0.2),3.36,0.8433
Seg(-0.2),3.37,0.8433
Seg(-0.2),3.38,0.8433
Seg(-0.2),3.39,0.8431
Seg(-0.2),3.4,0.8432
Seg(-0.2),3.41,0.8431
Seg(-0.2),3.42,0.843
Seg(-0.2),3.43,0.843
Seg(-0.2),3.44,0.8429
Seg(-0.2),3.45,0.8429
Seg(-0.2),3.46,0.8429
Seg(-0.2),3.47,0.8428
Seg(-0.2),3.48,0.8429
Seg(-0.2),3.49,0.8428
Seg(-0.2),3.5,0.8425
Seg(-0.2),3.51,0.8425
Seg(-0.2),3.52,0.8426
Seg(-0.2),3.53,0.8424
Seg(-0.2),3.54,0.8422
Seg(-0.2),3.55,0.8421
Seg(-0.2),3.56,0.842
Seg(-0.2),3.57,0.8419
Seg(-0.2),3.58,0.8418
Seg(-0.2),3.59,0.8417
Seg(-0.2),3.6,0.8415
Seg(-0.2),3.61,0.8414
Seg(-0.2),3.62,0.8413
Seg(-0.2),3.63,0.8412
Seg(-0.2),3.64,0.841
Seg(-0.2),3.65,0.8409
Seg(-0.2),3.66,0.8406
Seg(-0.2),3.67,0.8406
Seg(-0.2),3.68,0.8403
Seg(-0.2),3.69,0.8401
Seg(-0.2),3.7,0.8399
Seg(-0.2),3.71,0.8397
Seg(-0.2),3.72,0.8395
Seg(-0.2),3.73,0.8393
Seg(-0.2),3.74,0.8389
Seg(-0.2),3.75,0.8386
Seg(-0.2),3.76,0.8386
Seg(-0.2),3.77,0.8384
Seg(-0.2),3.78,0.8383
Seg(-0.2),3.79,0.8381
Seg(-0.2),3.8,0.8378
Seg(-0.2),3.81,0.8377
Seg(-0.2),3.82,0.8374
Seg(-0.2),3.83,0.8369
Seg(-0.2),3.84,0.8369
Seg(-0.2),3.85,0.8368
Seg(-0.2),3.86,0.8366
Seg(-0.2),3.87,0.8364
Seg(-0.2),3.88,0.8363
Seg(-0.2),3.89,0.8361
Seg(-0.2),3.9,0.836
Seg(-0.2),3.91,0.8358
Seg(-0.2),3.92,0.8356
Seg(-0.2),3.93,0.8356
Seg(-0.2),3.94,0.8354
Seg(-0.2),3.95,0.8352
Seg(-0.2),3.96,0.835
Seg(-0.2),3.97,0.835
Seg(-0.2),3.98,0.8348
Seg(-0.2),3.99,0.8347
Seg(-0.2),4.0,0.8347
Seg(-0.2),4.01,0.8346
Seg(-0.2),4.02,0.8344
Seg(-0.2),4.03,0.8341
Seg(-0.2),4.04,0.8339
Seg(-0.2),4.05,0.8339
Seg(-0.2),4.06,0.8337
Seg(-0.2),4.07,0.8337
Seg(-0.2),4.08,0.8337
Seg(-0.2),4.09,0.8337
Seg(-0.2),4.1,0.8337
Seg(-0.2),4.11,0.8337
Seg(-0.2),4.12,0.8337
Seg(-0.2),4.13,0.8335
Seg(-0.2),4.14,0.8334
Seg(-0.2),4.15,0.8334
Seg(-0.2),4.16,0.8334
Seg(-0.2),4.17,0.8334
Seg(-0.2),4.18,0.8334
Seg(-0.2),4.19,0.8334
Seg(-0.2),4.2,0.8334
Seg(-0.2),4.21,0.8332
Seg(-0.2),4.22,0.8332
Seg(-0.2),4.23,0.8332
Seg(-0.2),4.24,0.8332
Seg(-0.2),4.25,0.8332
Seg(-0.2),4.26,0.8332
Seg(-0.2),4.27,0.8332
Seg(-0.2),4.3,0.8332
Seg(-0.2),4.31,0.8332
Seg(-0.2),4.33,0.8332
Seg(-0.2),4.35,0.8332
Seg(-0.2),4.36,0.8332
Seg(-0.2),4.37,0.8332
Seg(-0.2),4.38,0.8332
RNG(-0.1),0.99,0.827
RNG(-0.1),1.0,0.827
RNG(-0.1),1.01,0.827
RNG(-0.1),1.02,0.8273
RNG(-0.1),1.03,0.828
RNG(-0.1),1.04,0.8289
RNG(-0.1),1.05,0.8296
RNG(-0.1),1.06,0.8309
RNG(-0.1),1.07,0.8315
RNG(-0.1),1.08,0.8325
RNG(-0.1),1.09,0.8331
RNG(-0.1),1.1,0.8335
RNG(-0.1),1.11,0.8337
RNG(-0.1),1.12,0.8341
RNG(-0.1),1.13,0.8343
RNG(-0.1),1.14,0.8346
RNG(-0.1),1.15,0.8348
RNG(-0.1),1.16,0.8349
RNG(-0.1),1.17,0.835
RNG(-0.1),1.18,0.8352
RNG(-0.1),1.19,0.8354
RNG(-0.1),1.2,0.8355
RNG(-0.1),1.21,0.8356
RNG(-0.1),1.22,0.8356
RNG(-0.1),1.23,0.8356
RNG(-0.1),1.25,0.8355
RNG(-0.1),1.26,0.8356
RNG(-0.1),1.27,0.8356
RNG(-0.1),1.28,0.8355
RNG(-0.1),1.29,0.8356
RNG(-0.1),1.3,0.8356
RNG(-0.1),1.31,0.8356
RNG(-0.1),1.32,0.8356
RNG(-0.1),1.33,0.8355
RNG(-0.1),1.34,0.8354
RNG(-0.1),1.35,0.8354
RNG(-0.1),1.36,0.8354
RNG(-0.1),1.37,0.8354
RNG(-0.1),1.38,0.8353
RNG(-0.1),1.39,0.8353
RNG(-0.1),1.4,0.8352
RNG(-0.1),1.41,0.8351
RNG(-0.1),1.42,0.8348
RNG(-0.1),1.43,0.8347
RNG(-0.1),1.44,0.8347
RNG(-0.1),1.45,0.8345
RNG(-0.1),1.46,0.8346
RNG(-0.1),1.47,0.8347
RNG(-0.1),1.48,0.8347
RNG(-0.1),1.49,0.8346
RNG(-0.1),1.5,0.8346
RNG(-0.1),1.51,0.8345
RNG(-0.1),1.52,0.8345
RNG(-0.1),1.53,0.8342
RNG(-0.1),1.54,0.8342
RNG(-0.1),1.55,0.8343
RNG(-0.1),1.56,0.8344
RNG(-0.1),1.57,0.8343
RNG(-0.1),1.58,0.8344
RNG(-0.1),1.59,0.8344
RNG(-0.1),1.6,0.8342
RNG(-0.1),1.61,0.8343
RNG(-0.1),1.62,0.8343
RNG(-0.1),1.63,0.8344
RNG(-0.1),1.64,0.8344
RNG(-0.1),1.65,0.8347
RNG(-0.1),1.66,0.8347
RNG(-0.1),1.67,0.8348
RNG(-0.1),1.68,0.8348
RNG(-0.1),1.69,0.8348
RNG(-0.1),1.7,0.8347
RNG(-0.1),1.71,0.8345
RNG(-0.1),1.72,0.8344
RNG(-0.1),1.73,0.8344
RNG(-0.1),1.74,0.8342
RNG(-0.1),1.75,0.8341
RNG(-0.1),1.76,0.8341
RNG(-0.1),1.77,0.834
RNG(-0.1),1.78,0.8339
RNG(-0.1),1.79,0.8338
RNG(-0.1),1.8,0.8337
RNG(-0.1),1.81,0.8339
RNG(-0.1),1.82,0.834
RNG(-0.1),1.83,0.834
RNG(-0.1),1.84,0.834
RNG(-0.1),1.85,0.8342
RNG(-0.1),1.86,0.8344
RNG(-0.1),1.87,0.8347
RNG(-0.1),1.88,0.8351
RNG(-0.1),1.89,0.8355
RNG(-0.1),1.9,0.8357
RNG(-0.1),1.91,0.8359
RNG(-0.1),1.92,0.8363
RNG(-0.1),1.93,0.8366
RNG(-0.1),1.94,0.8367
RNG(-0.1),1.95,0.8368
RNG(-0.1),1.96,0.8369
RNG(-0.1),1.97,0.8372
RNG(-0.1),1.98,0.8373
RNG(-0.1),1.99,0.8372
RNG(-0.1),2.0,0.8375
RNG(-0.1),2.01,0.8375
RNG(-0.1),2.02,0.8375
RNG(-0.1),2.03,0.8374
RNG(-0.1),2.04,0.8375
RNG(-0.1),2.05,0.8375
RNG(-0.1),2.06,0.8376
RNG(-0.1),2.07,0.8378
RNG(-0.1),2.08,0.8378
RNG(-0.1),2.09,0.8378
RNG(-0.1),2.1,0.8379
RNG(-0.1),2.11,0.8376
RNG(-0.1),2.12,0.8374
RNG(-0.1),2.13,0.8373
RNG(-0.1),2.14,0.8371
RNG(-0.1),2.15,0.8371
RNG(-0.1),2.16,0.8368
RNG(-0.1),2.17,0.8367
RNG(-0.1),2.18,0.8365
RNG(-0.1),2.19,0.8366
RNG(-0.1),2.2,0.8366
RNG(-0.1),2.21,0.8364
RNG(-0.1),2.22,0.8363
RNG(-0.1),2.23,0.8362
RNG(-0.1),2.24,0.8362
RNG(-0.1),2.25,0.8362
RNG(-0.1),2.26,0.8361
RNG(-0.1),2.27,0.8361
RNG(-0.1),2.28,0.8361
RNG(-0.1),2.29,0.8359
RNG(-0.1),2.3,0.8358
RNG(-0.1),2.31,0.8355
RNG(-0.1),2.32,0.8352
RNG(-0.1),2.33,0.8353
RNG(-0.1),2.34,0.8352
RNG(-0.1),2.35,0.8351
RNG(-0.1),2.36,0.8349
RNG(-0.1),2.37,0.835
RNG(-0.1),2.38,0.8349
RNG(-0.1),2.39,0.8348
RNG(-0.1),2.4,0.8348
RNG(-0.1),2.41,0.835
RNG(-0.1),2.42,0.8348
RNG(-0.1),2.43,0.8349
RNG(-0.1),2.44,0.8349
RNG(-0.1),2.45,0.8346
RNG(-0.1),2.46,0.8345
RNG(-0.1),2.47,0.8347
RNG(-0.1),2.48,0.8347
RNG(-0.1),2.49,0.8348
RNG(-0.1),2.5,0.8345
RNG(-0.1),2.51,0.8344
RNG(-0.1),2.52,0.8344
RNG(-0.1),2.53,0.8344
RNG(-0.1),2.54,0.8345
RNG(-0.1),2.55,0.8345
RNG(-0.1),2.56,0.8345
RNG(-0.1),2.57,0.8346
RNG(-0.1),2.58,0.8347
RNG(-0.1),2.59,0.8345
RNG(-0.1),2.6,0.8344
RNG(-0.1),2.61,0.8342
RNG(-0.1),2.62,0.8342
RNG(-0.1),2.63,0.8341
RNG(-0.1),2.64,0.8342
RNG(-0.1),2.65,0.8341
RNG(-0.1),2.66,0.834
RNG(-0.1),2.67,0.8339
RNG(-0.1),2.68,0.8338
RNG(-0.1),2.69,0.8339
RNG(-0.1),2.7,0.8339
RNG(-0.1),2.71,0.8339
RNG(-0.1),2.72,0.8341
RNG(-0.1),2.73,0.8341
RNG(-0.1),2.74,0.8341
RNG(-0.1),2.75,0.8341
RNG(-0.1),2.76,0.834
RNG(-0.1),2.77,0.834
RNG(-0.1),2.78,0.834
RNG(-0.1),2.79,0.8339
RNG(-0.1),2.8,0.8338
RNG(-0.1),2.81,0.8337
RNG(-0.1),2.82,0.8338
RNG(-0.1),2.83,0.8338
RNG(-0.1),2.84,0.8337
RNG(-0.1),2.85,0.8335
RNG(-0.1),2.86,0.8334
RNG(-0.1),2.87,0.8333
RNG(-0.1),2.88,0.8334
RNG(-0.1),2.89,0.8331
RNG(-0.1),2.9,0.8332
RNG(-0.1),2.91,0.833
RNG(-0.1),2.92,0.833
RNG(-0.1),2.93,0.8326
RNG(-0.1),2.94,0.8325
RNG(-0.1),2.95,0.8322
RNG(-0.1),2.96,0.8321
RNG(-0.1),2.97,0.8319
RNG(-0.1),2.98,0.8317
RNG(-0.1),2.99,0.8313
RNG(-0.1),3.0,0.831
RNG(-0.1),3.01,0.8308
RNG(-0.1),3.02,0.8305
RNG(-0.1),3.03,0.8301
RNG(-0.1),3.04,0.8299
RNG(-0.1),3.05,0.8296
RNG(-0.1),3.06,0.8294
RNG(-0.1),3.07,0.8292
RNG(-0.1),3.08,0.8289
RNG(-0.1),3.09,0.8288
RNG(-0.1),3.1,0.8286
RNG(-0.1),3.11,0.8287
RNG(-0.1),3.12,0.8287
RNG(-0.1),3.13,0.8285
RNG(-0.1),3.14,0.8281
RNG(-0.1),3.15,0.828
RNG(-0.1),3.16,0.8279
RNG(-0.1),3.17,0.8277
RNG(-0.1),3.18,0.8275
RNG(-0.1),3.19,0.8274
RNG(-0.1),3.2,0.8274
RNG(-0.1),3.21,0.8273
RNG(-0.1),3.22,0.8273
RNG(-0.1),3.23,0.8273
RNG(-0.1),3.24,0.8274
RNG(-0.1),3.25,0.8272
RNG(-0.1),3.26,0.8273
RNG(-0.1),3.27,0.8272
RNG(-0.1),3.28,0.8273
RNG(-0.1),3.29,0.8272
RNG(-0.1),3.3,0.8271
RNG(-0.1),3.31,0.827
RNG(-0.1),3.32,0.827
RNG(-0.1),3.33,0.8271
RNG(-0.1),3.34,0.8272
RNG(-0.1),3.35,0.8272
RNG(-0.1),3.36,0.827
RNG(-0.1),3.37,0.827
RNG(-0.1),3.38,0.827
RNG(-0.1),3.39,0.8268
RNG(-0.1),3.4,0.8269
RNG(-0.1),3.41,0.8267
RNG(-0.1),3.42,0.8266
RNG(-0.1),3.43,0.8267
RNG(-0.1),3.44,0.8265
RNG(-0.1),3.45,0.8265
RNG(-0.1),3.46,0.8266
RNG(-0.1),3.47,0.8265
RNG(-0.1),3.48,0.8265
RNG(-0.1),3.49,0.8262
RNG(-0.1),3.5,0.826
RNG(-0.1),3.51,0.8259
RNG(-0.1),3.52,0.8259
RNG(-0.1),3.53,0.8258
RNG(-0.1),3.54,0.8257
RNG(-0.1),3.55,0.8255
RNG(-0.1),3.56,0.8254
RNG(-0.1),3.57,0.8254
RNG(-0.1),3.58,0.8251
RNG(-0.1),3.59,0.825
RNG(-0.1),3.6,0.8248
RNG(-0.1),3.61,0.8247
RNG(-0.1),3.62,0.8246
RNG(-0.1),3.63,0.8243
RNG(-0.1),3.64,0.824
RNG(-0.1),3.65,0.8239
RNG(-0.1),3.66,0.8235
RNG(-0.1),3.67,0.8234
RNG(-0.1),3.68,0.8233
RNG(-0.1),3.69,0.823
RNG(-0.1),3.7,0.8227
RNG(-0.1),3.71,0.8225
RNG(-0.1),3.72,0.8221
RNG(-0.1),3.73,0.8219
RNG(-0.1),3.74,0.8217
RNG(-0.1),3.75,0.8213
RNG(-0.1),3.76,0.821
RNG(-0.1),3.77,0.8206
RNG(-0.1),3.78,0.8205
RNG(-0.1),3.79,0.8202
RNG(-0.1),3.8,0.8199
RNG(-0.1),3.81,0.8197
RNG(-0.1),3.82,0.8194
RNG(-0.1),3.83,0.8189
RNG(-0.1),3.84,0.8188
RNG(-0.1),3.85,0.8186
RNG(-0.1),3.86,0.8185
RNG(-0.1),3.87,0.8182
RNG(-0.1),3.88,0.818
RNG(-0.1),3.89,0.8177
RNG(-0.1),3.9,0.8176
RNG(-0.1),3.91,0.8176
RNG(-0.1),3.92,0.8173
RNG(-0.1),3.93,0.8173
RNG(-0.1),3.94,0.817
RNG(-0.1),3.95,0.8169
RNG(-0.1),3.96,0.8165
RNG(-0.1),3.97,0.8164
RNG(-0.1),3.98,0.8161
RNG(-0.1),3.99,0.8161
RNG(-0.1),4.0,0.8161
RNG(-0.1),4.01,0.816
RNG(-0.1),4.02,0.8157
RNG(-0.1),4.03,0.8154
RNG(-0.1),4.04,0.8152
RNG(-0.1),4.05,0.8151
RNG(-0.1),4.06,0.8149
RNG(-0.1),4.07,0.8149
RNG(-0.1),4.08,0.8149
RNG(-0.1),4.09,0.8149
RNG(-0.1),4.1,0.8149
RNG(-0.1),4.11,0.8148
RNG(-0.1),4.12,0.8148
RNG(-0.1),4.13,0.8146
RNG(-0.1),4.14,0.8145
RNG(-0.1),4.15,0.8145
RNG(-0.1),4.16,0.8145
RNG(-0.1),4.17,0.8145
RNG(-0.1),4.18,0.8145
RNG(-0.1),4.19,0.8145
RNG(-0.1),4.2,0.8145
RNG(-0.1),4.21,0.8145
RNG(-0.1),4.22,0.8145
RNG(-0.1),4.23,0.8145
RNG(-0.1),4.24,0.8145
RNG(-0.1),4.25,0.8145
RNG(-0.1),4.26,0.8145
RNG(-0.1),4.27,0.8145
RNG(-0.1),4.3,0.8145
RNG(-0.1),4.31,0.8145
RNG(-0.1),4.33,0.8145
RNG(-0.1),4.35,0.8145
RNG(-0.1),4.36,0.8145
RNG(-0.1),4.37,0.8145
RNG(-0.1),4.38,0.8145
Seg(-0.1),0.99,0.827
Seg(-0.1),1.0,0.827
Seg(-0.1),1.01,0.827
Seg(-0.1),1.02,0.8273
Seg(-0.1),1.03,0.828
Seg(-0.1),1.04,0.8288
Seg(-0.1),1.05,0.8295
Seg(-0.1),1.06,0.8306
Seg(-0.1),1.07,0.8312
Seg(-0.1),1.08,0.832
Seg(-0.1),1.09,0.8326
Seg(-0.1),1.1,0.8329
Seg(-0.1),1.11,0.8331
Seg(-0.1),1.12,0.8333
Seg(-0.1),1.13,0.8335
Seg(-0.1),1.14,0.8337
Seg(-0.1),1.15,0.8338
Seg(-0.1),1.16,0.834
Seg(-0.1),1.17,0.8342
Seg(-0.1),1.18,0.8343
Seg(-0.1),1.19,0.8344
Seg(-0.1),1.2,0.8344
Seg(-0.1),1.21,0.8345
Seg(-0.1),1.22,0.8346
Seg(-0.1),1.23,0.8345
Seg(-0.1),1.25,0.8345
Seg(-0.1),1.26,0.8345
Seg(-0.1),1.27,0.8345
Seg(-0.1),1.28,0.8345
Seg(-0.1),1.29,0.8345
Seg(-0.1),1.3,0.8345
Seg(-0.1),1.31,0.8345
Seg(-0.1),1.32,0.8345
Seg(-0.1),1.33,0.8344
Seg(-0.1),1.34,0.8344
Seg(-0.1),1.35,0.8342
Seg(-0.1),1.36,0.8342
Seg(-0.1),1.37,0.8341
Seg(-0.1),1.38,0.834
Seg(-0.1),1.39,0.834
Seg(-0.1),1.4,0.8337
Seg(-0.1),1.41,0.8337
Seg(-0.1),1.42,0.8334
Seg(-0.1),1.43,0.8332
Seg(-0.1),1.44,0.833
Seg(-0.1),1.45,0.8328
Seg(-0.1),1.46,0.8328
Seg(-0.1),1.47,0.8328
Seg(-0.1),1.48,0.8327
Seg(-0.1),1.49,0.8324
Seg(-0.1),1.5,0.8322
Seg(-0.1),1.51,0.8319
Seg(-0.1),1.52,0.8317
Seg(-0.1),1.53,0.8313
Seg(-0.1),1.54,0.8311
Seg(-0.1),1.55,0.8311
Seg(-0.1),1.56,0.8308
Seg(-0.1),1.57,0.8307
Seg(-0.1),1.58,0.8306
Seg(-0.1),1.59,0.8305
Seg(-0.1),1.6,0.8303
Seg(-0.1),1.61,0.8303
Seg(-0.1),1.62,0.8301
Seg(-0.1),1.63,0.8301
Seg(-0.1),1.64,0.8299
Seg(-0.1),1.65,0.8298
Seg(-0.1),1.66,0.8297
Seg(-0.1),1.67,0.8296
Seg(-0.1),1.68,0.8293
Seg(-0.1),1.69,0.8291
Seg(-0.1),1.7,0.8288
Seg(-0.1),1.71,0.8284
Seg(-0.1),1.72,0.8282
Seg(-0.1),1.73,0.8279
Seg(-0.1),1.74,0.8275
Seg(-0.1),1.75,0.8273
Seg(-0.1),1.76,0.8272
Seg(-0.1),1.77,0.8268
Seg(-0.1),1.78,0.8265
Seg(-0.1),1.79,0.8263
Seg(-0.1),1.8,0.8262
Seg(-0.1),1.81,0.8261
Seg(-0.1),1.82,0.8261
Seg(-0.1),1.83,0.8259
Seg(-0.1),1.84,0.8258
Seg(-0.1),1.85,0.8259
Seg(-0.1),1.86,0.8259
Seg(-0.1),1.87,0.826
Seg(-0.1),1.88,0.8262
Seg(-0.1),1.89,0.8265
Seg(-0.1),1.9,0.8266
Seg(-0.1),1.91,0.8268
Seg(-0.1),1.92,0.8269
Seg(-0.1),1.93,0.8269
Seg(-0.1),1.94,0.8268
Seg(-0.1),1.95,0.8267
Seg(-0.1),1.96,0.8265
Seg(-0.1),1.97,0.8265
Seg(-0.1),1.98,0.8264
Seg(-0.1),1.99,0.8263
Seg(-0.1),2.0,0.8264
Seg(-0.1),2.01,0.8263
Seg(-0.1),2.02,0.8263
Seg(-0.1),2.03,0.8261
Seg(-0.1),2.04,0.8261
Seg(-0.1),2.05,0.826
Seg(-0.1),2.06,0.8258
Seg(-0.1),2.07,0.8258
Seg(-0.1),2.08,0.8258
Seg(-0.1),2.09,0.8257
Seg(-0.1),2.1,0.8257
Seg(-0.1),2.11,0.8253
Seg(-0.1),2.12,0.8251
Seg(-0.1),2.13,0.8249
Seg(-0.1),2.14,0.8245
Seg(-0.1),2.15,0.8244
Seg(-0.1),2.16,0.824
Seg(-0.1),2.17,0.8238
Seg(-0.1),2.18,0.8234
Seg(-0.1),2.19,0.8233
Seg(-0.1),2.2,0.8231
Seg(-0.1),2.21,0.8229
Seg(-0.1),2.22,0.8227
Seg(-0.1),2.23,0.8224
Seg(-0.1),2.24,0.8221
Seg(-0.1),2.25,0.822
Seg(-0.1),2.26,0.8218
Seg(-0.1),2.27,0.8216
Seg(-0.1),2.28,0.8216
Seg(-0.1),2.29,0.8213
Seg(-0.1),2.3,0.8208
Seg(-0.1),2.31,0.8205
Seg(-0.1),2.32,0.8199
Seg(-0.1),2.33,0.8199
Seg(-0.1),2.34,0.8196
Seg(-0.1),2.35,0.8193
Seg(-0.1),2.36,0.8189
Seg(-0.1),2.37,0.8185
Seg(-0.1),2.38,0.8181
Seg(-0.1),2.39,0.8177
Seg(-0.1),2.4,0.8174
Seg(-0.1),2.41,0.8173
Seg(-0.1),2.42,0.8171
Seg(-0.1),2.43,0.8169
Seg(-0.1),2.44,0.8167
Seg(-0.1),2.45,0.816
Seg(-0.1),2.46,0.8157
Seg(-0.1),2.47,0.8156
Seg(-0.1),2.48,0.8153
Seg(-0.1),2.49,0.8151
Seg(-0.1),2.5,0.8147
Seg(-0.1),2.51,0.8142
Seg(-0.1),2.52,0.8139
Seg(-0.1),2.53,0.8138
Seg(-0.1),2.54,0.8137
Seg(-0.1),2.55,0.8134
Seg(-0.1),2.56,0.8133
Seg(-0.1),2.57,0.8133
Seg(-0.1),2.58,0.8132
Seg(-0.1),2.59,0.8129
Seg(-0.1),2.6,0.8128
Seg(-0.1),2.61,0.8125
Seg(-0.1),2.62,0.8123
Seg(-0.1),2.63,0.812
Seg(-0.1),2.64,0.8119
Seg(-0.1),2.65,0.8118
Seg(-0.1),2.66,0.8116
Seg(-0.1),2.67,0.8112
Seg(-0.1),2.68,0.811
Seg(-0.1),2.69,0.811
Seg(-0.1),2.7,0.811
Seg(-0.1),2.71,0.8109
Seg(-0.1),2.72,0.8109
Seg(-0.1),2.73,0.8109
Seg(-0.1),2.74,0.8107
Seg(-0.1),2.75,0.8107
Seg(-0.1),2.76,0.8106
Seg(-0.1),2.77,0.8105
Seg(-0.1),2.78,0.8102
Seg(-0.1),2.79,0.81
Seg(-0.1),2.8,0.8098
Seg(-0.1),2.81,0.8095
Seg(-0.1),2.82,0.8093
Seg(-0.1),2.83,0.809
Seg(-0.1),2.84,0.8086
Seg(-0.1),2.85,0.8084
Seg(-0.1),2.86,0.8081
Seg(-0.1),2.87,0.8078
Seg(-0.1),2.88,0.8078
Seg(-0.1),2.89,0.8074
Seg(-0.1),2.9,0.8073
Seg(-0.1),2.91,0.807
Seg(-0.1),2.92,0.807
Seg(-0.1),2.93,0.8063
Seg(-0.1),2.94,0.8059
Seg(-0.1),2.95,0.8055
Seg(-0.1),2.96,0.8052
Seg(-0.1),2.97,0.8049
Seg(-0.1),2.98,0.8045
Seg(-0.1),2.99,0.804
Seg(-0.1),3.0,0.8033
Seg(-0.1),3.01,0.803
Seg(-0.1),3.02,0.8025
Seg(-0.1),3.03,0.802
Seg(-0.1),3.04,0.8014
Seg(-0.1),3.05,0.8007
Seg(-0.1),3.06,0.8002
Seg(-0.1),3.07,0.7998
Seg(-0.1),3.08,0.7994
Seg(-0.1),3.09,0.799
Seg(-0.1),3.1,0.7984
Seg(-0.1),3.11,0.7981
Seg(-0.1),3.12,0.7978
Seg(-0.1),3.13,0.7972
Seg(-0.1),3.14,0.7964
Seg(-0.1),3.15,0.796
Seg(-0.1),3.16,0.7957
Seg(-0.1),3.17,0.795
Seg(-0.1),3.18,0.7947
Seg(-0.1),3.19,0.7943
Seg(-0.1),3.2,0.794
Seg(-0.1),3.21,0.7938
Seg(-0.1),3.22,0.7937
Seg(-0.1),3.23,0.7937
Seg(-0.1),3.24,0.7935
Seg(-0.1),3.25,0.7933
Seg(-0.1),3.26,0.7931
Seg(-0.1),3.27,0.7929
Seg(-0.1),3.28,0.7929
Seg(-0.1),3.29,0.7927
Seg(-0.1),3.3,0.7924
Seg(-0.1),3.31,0.7922
Seg(-0.1),3.32,0.7922
Seg(-0.1),3.33,0.7922
Seg(-0.1),3.34,0.7922
Seg(-0.1),3.35,0.792
Seg(-0.1),3.36,0.7917
Seg(-0.1),3.37,0.7915
Seg(-0.1),3.38,0.7915
Seg(-0.1),3.39,0.7911
Seg(-0.1),3.4,0.7911
Seg(-0.1),3.41,0.7909
Seg(-0.1),3.42,0.7907
Seg(-0.1),3.43,0.7905
Seg(-0.1),3.44,0.7903
Seg(-0.1),3.45,0.79
Seg(-0.1),3.46,0.7901
Seg(-0.1),3.47,0.7899
Seg(-0.1),3.48,0.7899
Seg(-0.1),3.49,0.7894
Seg(-0.1),3.5,0.789
Seg(-0.1),3.51,0.7888
Seg(-0.1),3.52,0.7887
Seg(-0.1),3.53,0.7885
Seg(-0.1),3.54,0.7883
Seg(-0.1),3.55,0.788
Seg(-0.1),3.56,0.7879
Seg(-0.1),3.57,0.7878
Seg(-0.1),3.58,0.7874
Seg(-0.1),3.59,0.7871
Seg(-0.1),3.6,0.7868
Seg(-0.1),3.61,0.7865
Seg(-0.1),3.62,0.7861
Seg(-0.1),3.63,0.7857
Seg(-0.1),3.64,0.7852
Seg(-0.1),3.65,0.7849
Seg(-0.1),3.66,0.7843
Seg(-0.1),3.67,0.7838
Seg(-0.1),3.68,0.7834
Seg(-0.1),3.69,0.783
Seg(-0.1),3.7,0.7822
Seg(-0.1),3.71,0.7819
Seg(-0.1),3.72,0.7813
Seg(-0.1),3.73,0.781
Seg(-0.1),3.74,0.7804
Seg(-0.1),3.75,0.7797
Seg(-0.1),3.76,0.7792
Seg(-0.1),3.77,0.7786
Seg(-0.1),3.78,0.7782
Seg(-0.1),3.79,0.7773
Seg(-0.1),3.8,0.7766
Seg(-0.1),3.81,0.776
Seg(-0.1),3.82,0.7754
Seg(-0.1),3.83,0.7746
Seg(-0.1),3.84,0.7741
Seg(-0.1),3.85,0.7736
Seg(-0.1),3.86,0.773
Seg(-0.1),3.87,0.7723
Seg(-0.1),3.88,0.7718
Seg(-0.1),3.89,0.7713
Seg(-0.1),3.9,0.771
Seg(-0.1),3.91,0.7709
Seg(-0.1),3.92,0.7705
Seg(-0.1),3.93,0.7703
Seg(-0.1),3.94,0.7698
Seg(-0.1),3.95,0.7692
Seg(-0.1),3.96,0.7686
Seg(-0.1),3.97,0.7684
Seg(-0.1),3.98,0.7679
Seg(-0.1),3.99,0.7678
Seg(-0.1),4.0,0.7675
Seg(-0.1),4.01,0.7671
Seg(-0.1),4.02,0.7667
Seg(-0.1),4.03,0.7662
Seg(-0.1),4.04,0.7658
Seg(-0.1),4.05,0.7655
Seg(-0.1),4.06,0.7649
Seg(-0.1),4.07,0.7649
Seg(-0.1),4.08,0.7648
Seg(-0.1),4.09,0.7647
Seg(-0.1),4.1,0.7645
Seg(-0.1),4.11,0.7645
Seg(-0.1),4.12,0.7645
Seg(-0.1),4.13,0.7642
Seg(-0.1),4.14,0.764
Seg(-0.1),4.15,0.764
Seg(-0.1),4.16,0.764
Seg(-0.1),4.17,0.7639
Seg(-0.1),4.18,0.7639
Seg(-0.1),4.19,0.7639
Seg(-0.1),4.2,0.7638
Seg(-0.1),4.21,0.7637
Seg(-0.1),4.22,0.7637
Seg(-0.1),4.23,0.7637
Seg(-0.1),4.24,0.7637
Seg(-0.1),4.25,0.7637
Seg(-0.1),4.26,0.7637
Seg(-0.1),4.27,0.7637
Seg(-0.1),4.3,0.7637
Seg(-0.1),4.31,0.7637
Seg(-0.1),4.33,0.7637
Seg(-0.1),4.35,0.7637
Seg(-0.1),4.36,0.7637
Seg(-0.1),4.37,0.7637
Seg(-0.1),4.38,0.7637
RNG(-0.05),0.99,0.827
RNG(-0.05),1.0,0.827
RNG(-0.05),1.01,0.827
RNG(-0.05),1.02,0.8273
RNG(-0.05),1.03,0.8279
RNG(-0.05),1.04,0.8287
RNG(-0.05),1.05,0.8293
RNG(-0.05),1.06,0.8304
RNG(-0.05),1.07,0.8309
RNG(-0.05),1.08,0.8318
RNG(-0.05),1.09,0.8323
RNG(-0.05),1.1,0.8326
RNG(-0.05),1.11,0.8327
RNG(-0.05),1.12,0.8329
RNG(-0.05),1.13,0.8331
RNG(-0.05),1.14,0.8333
RNG(-0.05),1.15,0.8334
RNG(-0.05),1.16,0.8336
RNG(-0.05),1.17,0.8337
RNG(-0.05),1.18,0.8339
RNG(-0.05),1.19,0.834
RNG(-0.05),1.2,0.834
RNG(-0.05),1.21,0.8341
RNG(-0.05),1.22,0.8342
RNG(-0.05),1.23,0.8341
RNG(-0.05),1.25,0.8341
RNG(-0.05),1.26,0.8341
RNG(-0.05),1.27,0.8341
RNG(-0.05),1.28,0.8341
RNG(-0.05),1.29,0.8341
RNG(-0.05),1.3,0.8341
RNG(-0.05),1.31,0.8341
RNG(-0.05),1.32,0.8341
RNG(-0.05),1.33,0.834
RNG(-0.05),1.34,0.834
RNG(-0.05),1.35,0.8339
RNG(-0.05),1.36,0.8339
RNG(-0.05),1.37,0.8338
RNG(-0.05),1.38,0.8337
RNG(-0.05),1.39,0.8337
RNG(-0.05),1.4,0.8334
RNG(-0.05),1.41,0.8335
RNG(-0.05),1.42,0.8331
RNG(-0.05),1.43,0.8329
RNG(-0.05),1.44,0.8328
RNG(-0.05),1.45,0.8325
RNG(-0.05),1.46,0.8324
RNG(-0.05),1.47,0.8324
RNG(-0.05),1.48,0.8322
RNG(-0.05),1.49,0.8321
RNG(-0.05),1.5,0.8317
RNG(-0.05),1.51,0.8314
RNG(-0.05),1.52,0.8313
RNG(-0.05),1.53,0.8307
RNG(-0.05),1.54,0.8305
RNG(-0.05),1.55,0.8305
RNG(-0.05),1.56,0.8304
RNG(-0.05),1.57,0.8303
RNG(-0.05),1.58,0.8302
RNG(-0.05),1.59,0.8302
RNG(-0.05),1.6,0.8299
RNG(-0.05),1.61,0.8299
RNG(-0.05),1.62,0.8296
RNG(-0.05),1.63,0.8298
RNG(-0.05),1.64,0.8296
RNG(-0.05),1.65,0.8296
RNG(-0.05),1.66,0.8296
RNG(-0.05),1.67,0.8296
RNG(-0.05),1.68,0.8294
RNG(-0.05),1.69,0.8293
RNG(-0.05),1.7,0.8291
RNG(-0.05),1.71,0.8288
RNG(-0.05),1.72,0.8286
RNG(-0.05),1.73,0.8283
RNG(-0.05),1.74,0.828
RNG(-0.05),1.75,0.8279
RNG(-0.05),1.76,0.8277
RNG(-0.05),1.77,0.8275
RNG(-0.05),1.78,0.8273
RNG(-0.05),1.79,0.8271
RNG(-0.05),1.8,0.827
RNG(-0.05),1.81,0.827
RNG(-0.05),1.82,0.8271
RNG(-0.05),1.83,0.827
RNG(-0.05),1.84,0.827
RNG(-0.05),1.85,0.8271
RNG(-0.05),1.86,0.8271
RNG(-0.05),1.87,0.8273
RNG(-0.05),1.88,0.8275
RNG(-0.05),1.89,0.8279
RNG(-0.05),1.9,0.828
RNG(-0.05),1.91,0.8283
RNG(-0.05),1.92,0.8285
RNG(-0.05),1.93,0.8287
RNG(-0.05),1.94,0.8286
RNG(-0.05),1.95,0.8287
RNG(-0.05),1.96,0.8286
RNG(-0.05),1.97,0.8287
RNG(-0.05),1.98,0.8287
RNG(-0.05),1.99,0.8286
RNG(-0.05),2.0,0.8287
RNG(-0.05),2.01,0.8287
RNG(-0.05),2.02,0.8287
RNG(-0.05),2.03,0.8286
RNG(-0.05),2.04,0.8287
RNG(-0.05),2.05,0.8286
RNG(-0.05),2.06,0.8286
RNG(-0.05),2.07,0.8286
RNG(-0.05),2.08,0.8287
RNG(-0.05),2.09,0.8286
RNG(-0.05),2.1,0.8287
RNG(-0.05),2.11,0.8284
RNG(-0.05),2.12,0.8282
RNG(-0.05),2.13,0.828
RNG(-0.05),2.14,0.8278
RNG(-0.05),2.15,0.8277
RNG(-0.05),2.16,0.8275
RNG(-0.05),2.17,0.8274
RNG(-0.05),2.18,0.8271
RNG(-0.05),2.19,0.8272
RNG(-0.05),2.2,0.827
RNG(-0.05),2.21,0.8268
RNG(-0.05),2.22,0.8266
RNG(-0.05),2.23,0.8264
RNG(-0.05),2.24,0.8263
RNG(-0.05),2.25,0.8261
RNG(-0.05),2.26,0.8259
RNG(-0.05),2.27,0.8259
RNG(-0.05),2.28,0.8259
RNG(-0.05),2.29,0.8257
RNG(-0.05),2.3,0.8253
RNG(-0.05),2.31,0.825
RNG(-0.05),2.32,0.8246
RNG(-0.05),2.33,0.8246
RNG(-0.05),2.34,0.8244
RNG(-0.05),2.35,0.8243
RNG(-0.05),2.36,0.8241
RNG(-0.05),2.37,0.8238
RNG(-0.05),2.38,0.8235
RNG(-0.05),2.39,0.8232
RNG(-0.05),2.4,0.8232
RNG(-0.05),2.41,0.823
RNG(-0.05),2.42,0.8228
RNG(-0.05),2.43,0.8229
RNG(-0.05),2.44,0.8228
RNG(-0.05),2.45,0.8222
RNG(-0.05),2.46,0.822
RNG(-0.05),2.47,0.822
RNG(-0.05),2.48,0.8217
RNG(-0.05),2.49,0.8216
RNG(-0.05),2.5,0.8212
RNG(-0.05),2.51,0.8209
RNG(-0.05),2.52,0.8207
RNG(-0.05),2.53,0.8205
RNG(-0.05),2.54,0.8204
RNG(-0.05),2.55,0.8205
RNG(-0.05),2.56,0.8205
RNG(-0.05),2.57,0.8206
RNG(-0.05),2.58,0.8206
RNG(-0.05),2.59,0.8203
RNG(-0.05),2.6,0.8202
RNG(-0.05),2.61,0.8201
RNG(-0.05),2.62,0.82
RNG(-0.05),2.63,0.8198
RNG(-0.05),2.64,0.8199
RNG(-0.05),2.65,0.8198
RNG(-0.05),2.66,0.8196
RNG(-0.05),2.67,0.8195
RNG(-0.05),2.68,0.8194
RNG(-0.05),2.69,0.8194
RNG(-0.05),2.7,0.8194
RNG(-0.05),2.71,0.8194
RNG(-0.05),2.72,0.8194
RNG(-0.05),2.73,0.8195
RNG(-0.05),2.74,0.8194
RNG(-0.05),2.75,0.8195
RNG(-0.05),2.76,0.8194
RNG(-0.05),2.77,0.8194
RNG(-0.05),2.78,0.8193
RNG(-0.05),2.79,0.8191
RNG(-0.05),2.8,0.819
RNG(-0.05),2.81,0.8188
RNG(-0.05),2.82,0.8188
RNG(-0.05),2.83,0.8187
RNG(-0.05),2.84,0.8184
RNG(-0.05),2.85,0.8182
RNG(-0.05),2.86,0.818
RNG(-0.05),2.87,0.8179
RNG(-0.05),2.88,0.818
RNG(-0.05),2.89,0.8176
RNG(-0.05),2.9,0.8175
RNG(-0.05),2.91,0.8173
RNG(-0.05),2.92,0.8173
RNG(-0.05),2.93,0.8167
RNG(-0.05),2.94,0.8165
RNG(-0.05),2.95,0.8163
RNG(-0.05),2.96,0.8161
RNG(-0.05),2.97,0.8159
RNG(-0.05),2.98,0.8156
RNG(-0.05),2.99,0.8151
RNG(-0.05),3.0,0.8148
RNG(-0.05),3.01,0.8145
RNG(-0.05),3.02,0.8142
RNG(-0.05),3.03,0.8137
RNG(-0.05),3.04,0.8134
RNG(-0.05),3.05,0.813
RNG(-0.05),3.06,0.8127
RNG(-0.05),3.07,0.8125
RNG(-0.05),3.08,0.8123
RNG(-0.05),3.09,0.8119
RNG(-0.05),3.1,0.8116
RNG(-0.05),3.11,0.8115
RNG(-0.05),3.12,0.8114
RNG(-0.05),3.13,0.8111
RNG(-0.05),3.14,0.8106
RNG(-0.05),3.15,0.8103
RNG(-0.05),3.16,0.8101
RNG(-0.05),3.17,0.8098
RNG(-0.05),3.18,0.8096
RNG(-0.05),3.19,0.8095
RNG(-0.05),3.2,0.8095
RNG(-0.05),3.21,0.8093
RNG(-0.05),3.22,0.8093
RNG(-0.05),3.23,0.8094
RNG(-0.05),3.24,0.8093
RNG(-0.05),3.25,0.8092
RNG(-0.05),3.26,0.8092
RNG(-0.05),3.27,0.8091
RNG(-0.05),3.28,0.809
RNG(-0.05),3.29,0.8089
RNG(-0.05),3.3,0.8087
RNG(-0.05),3.31,0.8087
RNG(-0.05),3.32,0.8087
RNG(-0.05),3.33,0.8087
RNG(-0.05),3.34,0.8087
RNG(-0.05),3.35,0.8087
RNG(-0.05),3.36,0.8085
RNG(-0.05),3.37,0.8084
RNG(-0.05),3.38,0.8084
RNG(-0.05),3.39,0.8081
RNG(-0.05),3.4,0.8081
RNG(-0.05),3.41,0.8079
RNG(-0.05),3.42,0.8078
RNG(-0.05),3.43,0.8078
RNG(-0.05),3.44,0.8078
RNG(-0.05),3.45,0.8075
RNG(-0.05),3.46,0.8075
RNG(-0.05),3.47,0.8073
RNG(-0.05),3.48,0.8074
RNG(-0.05),3.49,0.807
RNG(-0.05),3.5,0.8069
RNG(-0.05),3.51,0.8068
RNG(-0.05),3.52,0.8068
RNG(-0.05),3.53,0.8066
RNG(-0.05),3.54,0.8065
RNG(-0.05),3.55,0.8063
RNG(-0.05),3.56,0.8062
RNG(-0.05),3.57,0.8061
RNG(-0.05),3.58,0.8058
RNG(-0.05),3.59,0.8056
RNG(-0.05),3.6,0.8053
RNG(-0.05),3.61,0.8052
RNG(-0.05),3.62,0.8051
RNG(-0.05),3.63,0.8049
RNG(-0.05),3.64,0.8046
RNG(-0.05),3.65,0.8043
RNG(-0.05),3.66,0.804
RNG(-0.05),3.67,0.8039
RNG(-0.05),3.68,0.8036
RNG(-0.05),3.69,0.8033
RNG(-0.05),3.7,0.8029
RNG(-0.05),3.71,0.8028
RNG(-0.05),3.72,0.8025
RNG(-0.05),3.73,0.8023
RNG(-0.05),3.74,0.8021
RNG(-0.05),3.75,0.8015
RNG(-0.05),3.76,0.8013
RNG(-0.05),3.77,0.8009
RNG(-0.05),3.78,0.8007
RNG(-0.05),3.79,0.8002
RNG(-0.05),3.8,0.7999
RNG(-0.05),3.81,0.7996
RNG(-0.05),3.82,0.7992
RNG(-0.05),3.83,0.7986
RNG(-0.05),3.84,0.7983
RNG(-0.05),3.85,0.7981
RNG(-0.05),3.86,0.798
RNG(-0.05),3.87,0.7977
RNG(-0.05),3.88,0.7974
RNG(-0.05),3.89,0.7972
RNG(-0.05),3.9,0.7969
RNG(-0.05),3.91,0.7969
RNG(-0.05),3.92,0.7967
RNG(-0.05),3.93,0.7967
RNG(-0.05),3.94,0.7964
RNG(-0.05),3.95,0.7961
RNG(-0.05),3.96,0.7957
RNG(-0.05),3.97,0.7956
RNG(-0.05),3.98,0.7954
RNG(-0.05),3.99,0.7954
RNG(-0.05),4.0,0.7954
RNG(-0.05),4.01,0.7953
RNG(-0.05),4.02,0.795
RNG(-0.05),4.03,0.7947
RNG(-0.05),4.04,0.7944
RNG(-0.05),4.05,0.7943
RNG(-0.05),4.06,0.794
RNG(-0.05),4.07,0.794
RNG(-0.05),4.08,0.794
RNG(-0.05),4.09,0.794
RNG(-0.05),4.1,0.794
RNG(-0.05),4.11,0.794
RNG(-0.05),4.12,0.794
RNG(-0.05),4.13,0.7938
RNG(-0.05),4.14,0.7938
RNG(-0.05),4.15,0.7938
RNG(-0.05),4.16,0.7938
RNG(-0.05),4.17,0.7938
RNG(-0.05),4.18,0.7938
RNG(-0.05),4.19,0.7938
RNG(-0.05),4.2,0.7938
RNG(-0.05),4.21,0.7937
RNG(-0.05),4.22,0.7937
RNG(-0.05),4.23,0.7937
RNG(-0.05),4.24,0.7937
RNG(-0.05),4.25,0.7937
RNG(-0.05),4.26,0.7937
RNG(-0.05),4.27,0.7937
RNG(-0.05),4.3,0.7937
RNG(-0.05),4.31,0.7937
RNG(-0.05),4.33,0.7937
RNG(-0.05),4.35,0.7937
RNG(-0.05),4.36,0.7937
RNG(-0.05),4.37,0.7937
RNG(-0.05),4.38,0.7937
Seg(-0.05),0.99,0.827
Seg(-0.05),1.0,0.827
Seg(-0.05),1.01,0.827
Seg(-0.05),1.02,0.8273
Seg(-0.05),1.03,0.8278
Seg(-0.05),1.04,0.8285
Seg(-0.05),1.05,0.8291
Seg(-0.05),1.06,0.8301
Seg(-0.05),1.07,0.8306
Seg(-0.05),1.08,0.8314
Seg(-0.05),1.09,0.8317
Seg(-0.05),1.1,0.832
Seg(-0.05),1.11,0.8321
Seg(-0.05),1.12,0.8323
Seg(-0.05),1.13,0.8325
Seg(-0.05),1.14,0.8327
Seg(-0.05),1.15,0.8328
Seg(-0.05),1.16,0.8329
Seg(-0.05),1.17,0.833
Seg(-0.05),1.18,0.8332
Seg(-0.05),1.19,0.8332
Seg(-0.05),1.2,0.8333
Seg(-0.05),1.21,0.8333
Seg(-0.05),1.22,0.8334
Seg(-0.05),1.23,0.8333
Seg(-0.05),1.25,0.8333
Seg(-0.05),1.26,0.8333
Seg(-0.05),1.27,0.8333
Seg(-0.05),1.28,0.8333
Seg(-0.05),1.29,0.8333
Seg(-0.05),1.3,0.8333
Seg(-0.05),1.31,0.8333
Seg(-0.05),1.32,0.8332
Seg(-0.05),1.33,0.8332
Seg(-0.05),1.34,0.8332
Seg(-0.05),1.35,0.833
Seg(-0.05),1.36,0.833
Seg(-0.05),1.37,0.833
Seg(-0.05),1.38,0.8328
Seg(-0.05),1.39,0.8328
Seg(-0.05),1.4,0.8325
Seg(-0.05),1.41,0.8325
Seg(-0.05),1.42,0.8321
Seg(-0.05),1.43,0.8318
Seg(-0.05),1.44,0.8316
Seg(-0.05),1.45,0.8312
Seg(-0.05),1.46,0.8312
Seg(-0.05),1.47,0.831
Seg(-0.05),1.48,0.8308
Seg(-0.05),1.49,0.8304
Seg(-0.05),1.5,0.8299
Seg(-0.05),1.51,0.8296
Seg(-0.05),1.52,0.8293
Seg(-0.05),1.53,0.8287
Seg(-0.05),1.54,0.8285
Seg(-0.05),1.55,0.8283
Seg(-0.05),1.56,0.828
Seg(-0.05),1.57,0.8279
Seg(-0.05),1.58,0.8277
Seg(-0.05),1.59,0.8275
Seg(-0.05),1.6,0.8273
Seg(-0.05),1.61,0.8272
Seg(-0.05),1.62,0.8268
Seg(-0.05),1.63,0.8268
Seg(-0.05),1.64,0.8265
Seg(-0.05),1.65,0.8262
Seg(-0.05),1.66,0.826
Seg(-0.05),1.67,0.826
Seg(-0.05),1.68,0.8256
Seg(-0.05),1.69,0.8253
Seg(-0.05),1.7,0.825
Seg(-0.05),1.71,0.8246
Seg(-0.05),1.72,0.8242
Seg(-0.05),1.73,0.8238
Seg(-0.05),1.74,0.8233
Seg(-0.05),1.75,0.823
Seg(-0.05),1.76,0.8228
Seg(-0.05),1.77,0.8221
Seg(-0.05),1.78,0.8218
Seg(-0.05),1.79,0.8215
Seg(-0.05),1.8,0.8213
Seg(-0.05),1.81,0.8209
Seg(-0.05),1.82,0.8208
Seg(-0.05),1.83,0.8203
Seg(-0.05),1.84,0.8202
Seg(-0.05),1.85,0.8202
Seg(-0.05),1.86,0.8201
Seg(-0.05),1.87,0.8202
Seg(-0.05),1.88,0.8202
Seg(-0.05),1.89,0.8204
Seg(-0.05),1.9,0.8203
Seg(-0.05),1.91,0.8204
Seg(-0.05),1.92,0.8204
Seg(-0.05),1.93,0.8204
Seg(-0.05),1.94,0.8203
Seg(-0.05),1.95,0.8203
Seg(-0.05),1.96,0.82
Seg(-0.05),1.97,0.8199
Seg(-0.05),1.98,0.8198
Seg(-0.05),1.99,0.8196
Seg(-0.05),2.0,0.8196
Seg(-0.05),2.01,0.8195
Seg(-0.05),2.02,0.8195
Seg(-0.05),2.03,0.8194
Seg(-0.05),2.04,0.8193
Seg(-0.05),2.05,0.819
Seg(-0.05),2.06,0.8189
Seg(-0.05),2.07,0.8188
Seg(-0.05),2.08,0.8187
Seg(-0.05),2.09,0.8187
Seg(-0.05),2.1,0.8187
Seg(-0.05),2.11,0.8185
Seg(-0.05),2.12,0.8184
Seg(-0.05),2.13,0.818
Seg(-0.05),2.14,0.8178
Seg(-0.05),2.15,0.8177
Seg(-0.05),2.16,0.8173
Seg(-0.05),2.17,0.8172
Seg(-0.05),2.18,0.8168
Seg(-0.05),2.19,0.8167
Seg(-0.05),2.2,0.8165
Seg(-0.05),2.21,0.8163
Seg(-0.05),2.22,0.8161
Seg(-0.05),2.23,0.8159
Seg(-0.05),2.24,0.8156
Seg(-0.05),2.25,0.8154
Seg(-0.05),2.26,0.8153
Seg(-0.05),2.27,0.8151
Seg(-0.05),2.28,0.815
Seg(-0.05),2.29,0.8146
Seg(-0.05),2.3,0.8142
Seg(-0.05),2.31,0.8137
Seg(-0.05),2.32,0.8129
Seg(-0.05),2.33,0.8128
Seg(-0.05),2.34,0.8125
Seg(-0.05),2.35,0.8122
Seg(-0.05),2.36,0.8118
Seg(-0.05),2.37,0.8116
Seg(-0.05),2.38,0.8109
Seg(-0.05),2.39,0.8105
Seg(-0.05),2.4,0.8102
Seg(-0.05),2.41,0.81
Seg(-0.05),2.42,0.8097
Seg(-0.05),2.43,0.8093
Seg(-0.05),2.44,0.809
Seg(-0.05),2.45,0.8084
Seg(-0.05),2.46,0.808
Seg(-0.05),2.47,0.8079
Seg(-0.05),2.48,0.8075
Seg(-0.05),2.49,0.8072
Seg(-0.05),2.5,0.8068
Seg(-0.05),2.51,0.8064
Seg(-0.05),2.52,0.806
Seg(-0.05),2.53,0.8057
Seg(-0.05),2.54,0.8054
Seg(-0.05),2.55,0.8053
Seg(-0.05),2.56,0.805
Seg(-0.05),2.57,0.8049
Seg(-0.05),2.58,0.8048
Seg(-0.05),2.59,0.8043
Seg(-0.05),2.6,0.8041
Seg(-0.05),2.61,0.804
Seg(-0.05),2.62,0.8037
Seg(-0.05),2.63,0.8033
Seg(-0.05),2.64,0.8032
Seg(-0.05),2.65,0.803
Seg(-0.05),2.66,0.8027
Seg(-0.05),2.67,0.8025
Seg(-0.05),2.68,0.8023
Seg(-0.05),2.69,0.8023
Seg(-0.05),2.7,0.8022
Seg(-0.05),2.71,0.8022
Seg(-0.05),2.72,0.8021
Seg(-0.05),2.73,0.802
Seg(-0.05),2.74,0.8019
Seg(-0.05),2.75,0.802
Seg(-0.05),2.76,0.8018
Seg(-0.05),2.77,0.8017
Seg(-0.05),2.78,0.8016
Seg(-0.05),2.79,0.8014
Seg(-0.05),2.8,0.8013
Seg(-0.05),2.81,0.801
Seg(-0.05),2.82,0.8009
Seg(-0.05),2.83,0.8006
Seg(-0.05),2.84,0.8003
Seg(-0.05),2.85,0.8
Seg(-0.05),2.86,0.7997
Seg(-0.05),2.87,0.7995
Seg(-0.05),2.88,0.7995
Seg(-0.05),2.89,0.7992
Seg(-0.05),2.9,0.7989
Seg(-0.05),2.91,0.7986
Seg(-0.05),2.92,0.7985
Seg(-0.05),2.93,0.7979
Seg(-0.05),2.94,0.7975
Seg(-0.05),2.95,0.7971
Seg(-0.05),2.96,0.7969
Seg(-0.05),2.97,0.7966
Seg(-0.05),2.98,0.7962
Seg(-0.05),2.99,0.7956
Seg(-0.05),3.0,0.795
Seg(-0.05),3.01,0.7946
Seg(-0.05),3.02,0.7941
Seg(-0.05),3.03,0.7935
Seg(-0.05),3.04,0.7931
Seg(-0.05),3.05,0.7926
Seg(-0.05),3.06,0.7921
Seg(-0.05),3.07,0.7917
Seg(-0.05),3.08,0.7913
Seg(-0.05),3.09,0.7907
Seg(-0.05),3.1,0.7901
Seg(-0.05),3.11,0.7898
Seg(-0.05),3.12,0.7892
Seg(-0.05),3.13,0.7888
Seg(-0.05),3.14,0.7879
Seg(-0.05),3.15,0.7875
Seg(-0.05),3.16,0.7872
Seg(-0.05),3.17,0.7865
Seg(-0.05),3.18,0.7859
Seg(-0.05),3.19,0.7855
Seg(-0.05),3.2,0.7853
Seg(-0.05),3.21,0.785
Seg(-0.05),3.22,0.7849
Seg(-0.05),3.23,0.7848
Seg(-0.05),3.24,0.7844
Seg(-0.05),3.25,0.7842
Seg(-0.05),3.26,0.784
Seg(-0.05),3.27,0.7839
Seg(-0.05),3.28,0.7835
Seg(-0.05),3.29,0.7833
Seg(-0.05),3.3,0.7831
Seg(-0.05),3.31,0.783
Seg(-0.05),3.32,0.7828
Seg(-0.05),3.33,0.7827
Seg(-0.05),3.34,0.7827
Seg(-0.05),3.35,0.7826
Seg(-0.05),3.36,0.7824
Seg(-0.05),3.37,0.7822
Seg(-0.05),3.38,0.7822
Seg(-0.05),3.39,0.7819
Seg(-0.05),3.4,0.7818
Seg(-0.05),3.41,0.7816
Seg(-0.05),3.42,0.7815
Seg(-0.05),3.43,0.7814
Seg(-0.05),3.44,0.7812
Seg(-0.05),3.45,0.781
Seg(-0.05),3.46,0.781
Seg(-0.05),3.47,0.7809
Seg(-0.05),3.48,0.7809
Seg(-0.05),3.49,0.7806
Seg(-0.05),3.5,0.7803
Seg(-0.05),3.51,0.78
Seg(-0.05),3.52,0.78
Seg(-0.05),3.53,0.7799
Seg(-0.05),3.54,0.7797
Seg(-0.05),3.55,0.7794
Seg(-0.05),3.56,0.7793
Seg(-0.05),3.57,0.7792
Seg(-0.05),3.58,0.7789
Seg(-0.05),3.59,0.7785
Seg(-0.05),3.6,0.7783
Seg(-0.05),3.61,0.7781
Seg(-0.05),3.62,0.7779
Seg(-0.05),3.63,0.7776
Seg(-0.05),3.64,0.7772
Seg(-0.05),3.65,0.7768
Seg(-0.05),3.66,0.7765
Seg(-0.05),3.67,0.7762
Seg(-0.05),3.68,0.7757
Seg(-0.05),3.69,0.7753
Seg(-0.05),3.7,0.7748
Seg(-0.05),3.71,0.7747
Seg(-0.05),3.72,0.7741
Seg(-0.05),3.73,0.7739
Seg(-0.05),3.74,0.7734
Seg(-0.05),3.75,0.7727
Seg(-0.05),3.76,0.7722
Seg(-0.05),3.77,0.7717
Seg(-0.05),3.78,0.7713
Seg(-0.05),3.79,0.7705
Seg(-0.05),3.8,0.7697
Seg(-0.05),3.81,0.7693
Seg(-0.05),3.82,0.7687
Seg(-0.05),3.83,0.7678
Seg(-0.05),3.84,0.7675
Seg(-0.05),3.85,0.7671
Seg(-0.05),3.86,0.7666
Seg(-0.05),3.87,0.7661
Seg(-0.05),3.88,0.7653
Seg(-0.05),3.89,0.765
Seg(-0.05),3.9,0.7644
Seg(-0.05),3.91,0.7643
Seg(-0.05),3.92,0.7639
Seg(-0.05),3.93,0.7637
Seg(-0.05),3.94,0.7633
Seg(-0.05),3.95,0.7627
Seg(-0.05),3.96,0.7622
Seg(-0.05),3.97,0.7621
Seg(-0.05),3.98,0.7618
Seg(-0.05),3.99,0.7617
Seg(-0.05),4.0,0.7614
Seg(-0.05),4.01,0.761
Seg(-0.05),4.02,0.7606
Seg(-0.05),4.03,0.7602
Seg(-0.05),4.04,0.76
Seg(-0.05),4.05,0.7598
Seg(-0.05),4.06,0.7593
Seg(-0.05),4.07,0.7592
Seg(-0.05),4.08,0.7588
Seg(-0.05),4.09,0.7588
Seg(-0.05),4.1,0.7586
Seg(-0.05),4.11,0.7585
Seg(-0.05),4.12,0.7585
Seg(-0.05),4.13,0.7583
Seg(-0.05),4.14,0.7582
Seg(-0.05),4.15,0.7582
Seg(-0.05),4.16,0.7582
Seg(-0.05),4.17,0.7582
Seg(-0.05),4.18,0.7581
Seg(-0.05),4.19,0.758
Seg(-0.05),4.2,0.7579
Seg(-0.05),4.21,0.7578
Seg(-0.05),4.22,0.7578
Seg(-0.05),4.23,0.7578
Seg(-0.05),4.24,0.7578
Seg(-0.05),4.25,0.7578
Seg(-0.05),4.26,0.7578
Seg(-0.05),4.27,0.7578
Seg(-0.05),4.3,0.7578
Seg(-0.05),4.31,0.7578
Seg(-0.05),4.33,0.7578
Seg(-0.05),4.35,0.7578
Seg(-0.05),4.36,0.7578
Seg(-0.05),4.37,0.7578
Seg(-0.05),4.38,0.7578
RNG(0),0.99,0.827
RNG(0),1.0,0.827
RNG(0),1.01,0.827
RNG(0),1.02,0.8273
RNG(0),1.03,0.8278
RNG(0),1.04,0.8286
RNG(0),1.05,0.8292
RNG(0),1.06,0.8303
RNG(0),1.07,0.8308
RNG(0),1.08,0.8317
RNG(0),1.09,0.8321
RNG(0),1.1,0.8323
RNG(0),1.11,0.8325
RNG(0),1.12,0.8327
RNG(0),1.13,0.8328
RNG(0),1.14,0.833
RNG(0),1.15,0.8331
RNG(0),1.16,0.8332
RNG(0),1.17,0.8334
RNG(0),1.18,0.8335
RNG(0),1.19,0.8336
RNG(0),1.2,0.8337
RNG(0),1.21,0.8338
RNG(0),1.22,0.8338
RNG(0),1.23,0.8338
RNG(0),1.25,0.8337
RNG(0),1.26,0.8338
RNG(0),1.27,0.8338
RNG(0),1.28,0.8337
RNG(0),1.29,0.8338
RNG(0),1.3,0.8338
RNG(0),1.31,0.8338
RNG(0),1.32,0.8337
RNG(0),1.33,0.8337
RNG(0),1.34,0.8337
RNG(0),1.35,0.8336
RNG(0),1.36,0.8336
RNG(0),1.37,0.8336
RNG(0),1.38,0.8335
RNG(0),1.39,0.8334
RNG(0),1.4,0.8332
RNG(0),1.41,0.8331
RNG(0),1.42,0.8329
RNG(0),1.43,0.8325
RNG(0),1.44,0.8323
RNG(0),1.45,0.8319
RNG(0),1.46,0.8319
RNG(0),1.47,0.8319
RNG(0),1.48,0.8317
RNG(0),1.49,0.8315
RNG(0),1.5,0.8311
RNG(0),1.51,0.8308
RNG(0),1.52,0.8306
RNG(0),1.53,0.83
RNG(0),1.54,0.8298
RNG(0),1.55,0.8296
RNG(0),1.56,0.8295
RNG(0),1.57,0.8294
RNG(0),1.58,0.8293
RNG(0),1.59,0.8292
RNG(0),1.6,0.829
RNG(0),1.61,0.8289
RNG(0),1.62,0.8286
RNG(0),1.63,0.8285
RNG(0),1.64,0.8284
RNG(0),1.65,0.8283
RNG(0),1.66,0.8283
RNG(0),1.67,0.8283
RNG(0),1.68,0.8281
RNG(0),1.69,0.828
RNG(0),1.7,0.8277
RNG(0),1.71,0.8273
RNG(0),1.72,0.8272
RNG(0),1.73,0.8269
RNG(0),1.74,0.8266
RNG(0),1.75,0.8264
RNG(0),1.76,0.8262
RNG(0),1.77,0.8259
RNG(0),1.78,0.8257
RNG(0),1.79,0.8255
RNG(0),1.8,0.8254
RNG(0),1.81,0.8253
RNG(0),1.82,0.8253
RNG(0),1.83,0.8249
RNG(0),1.84,0.8249
RNG(0),1.85,0.8249
RNG(0),1.86,0.825
RNG(0),1.87,0.8252
RNG(0),1.88,0.8253
RNG(0),1.89,0.8256
RNG(0),1.9,0.8257
RNG(0),1.91,0.8259
RNG(0),1.92,0.8259
RNG(0),1.93,0.826
RNG(0),1.94,0.8259
RNG(0),1.95,0.8259
RNG(0),1.96,0.8259
RNG(0),1.97,0.8259
RNG(0),1.98,0.8259
RNG(0),1.99,0.8257
RNG(0),2.0,0.8258
RNG(0),2.01,0.8257
RNG(0),2.02,0.8257
RNG(0),2.03,0.8256
RNG(0),2.04,0.8256
RNG(0),2.05,0.8255
RNG(0),2.06,0.8254
RNG(0),2.07,0.8254
RNG(0),2.08,0.8253
RNG(0),2.09,0.8253
RNG(0),2.1,0.8253
RNG(0),2.11,0.825
RNG(0),2.12,0.8249
RNG(0),2.13,0.8247
RNG(0),2.14,0.8244
RNG(0),2.15,0.8244
RNG(0),2.16,0.824
RNG(0),2.17,0.824
RNG(0),2.18,0.8237
RNG(0),2.19,0.8237
RNG(0),2.2,0.8235
RNG(0),2.21,0.8233
RNG(0),2.22,0.8231
RNG(0),2.23,0.8228
RNG(0),2.24,0.8226
RNG(0),2.25,0.8224
RNG(0),2.26,0.8222
RNG(0),2.27,0.8221
RNG(0),2.28,0.8221
RNG(0),2.29,0.8218
RNG(0),2.3,0.8214
RNG(0),2.31,0.8211
RNG(0),2.32,0.8205
RNG(0),2.33,0.8205
RNG(0),2.34,0.8203
RNG(0),2.35,0.82
RNG(0),2.36,0.8198
RNG(0),2.37,0.8197
RNG(0),2.38,0.8193
RNG(0),2.39,0.8191
RNG(0),2.4,0.819
RNG(0),2.41,0.8189
RNG(0),2.42,0.8186
RNG(0),2.43,0.8187
RNG(0),2.44,0.8185
RNG(0),2.45,0.818
RNG(0),2.46,0.8177
RNG(0),2.47,0.8177
RNG(0),2.48,0.8174
RNG(0),2.49,0.8173
RNG(0),2.5,0.8169
RNG(0),2.51,0.8165
RNG(0),2.52,0.8163
RNG(0),2.53,0.8162
RNG(0),2.54,0.816
RNG(0),2.55,0.816
RNG(0),2.56,0.8159
RNG(0),2.57,0.8159
RNG(0),2.58,0.8161
RNG(0),2.59,0.8158
RNG(0),2.6,0.8157
RNG(0),2.61,0.8156
RNG(0),2.62,0.8155
RNG(0),2.63,0.8154
RNG(0),2.64,0.8154
RNG(0),2.65,0.8153
RNG(0),2.66,0.815
RNG(0),2.67,0.8149
RNG(0),2.68,0.8147
RNG(0),2.69,0.8147
RNG(0),2.7,0.8148
RNG(0),2.71,0.8148
RNG(0),2.72,0.8148
RNG(0),2.73,0.8148
RNG(0),2.74,0.8147
RNG(0),2.75,0.8148
RNG(0),2.76,0.8147
RNG(0),2.77,0.8147
RNG(0),2.78,0.8145
RNG(0),2.79,0.8144
RNG(0),2.8,0.8143
RNG(0),2.81,0.8141
RNG(0),2.82,0.814
RNG(0),2.83,0.8138
RNG(0),2.84,0.8135
RNG(0),2.85,0.8134
RNG(0),2.86,0.8132
RNG(0),2.87,0.8131
RNG(0),2.88,0.8131
RNG(0),2.89,0.8129
RNG(0),2.9,0.8128
RNG(0),2.91,0.8126
RNG(0),2.92,0.8126
RNG(0),2.93,0.8119
RNG(0),2.94,0.8118
RNG(0),2.95,0.8116
RNG(0),2.96,0.8115
RNG(0),2.97,0.8113
RNG(0),2.98,0.811
RNG(0),2.99,0.8107
RNG(0),3.0,0.8103
RNG(0),3.01,0.81
RNG(0),3.02,0.8098
RNG(0),3.03,0.8094
RNG(0),3.04,0.8091
RNG(0),3.05,0.8088
RNG(0),3.06,0.8085
RNG(0),3.07,0.8083
RNG(0),3.08,0.8082
RNG(0),3.09,0.808
RNG(0),3.1,0.8077
RNG(0),3.11,0.8076
RNG(0),3.12,0.8074
RNG(0),3.13,0.8072
RNG(0),3.14,0.8067
RNG(0),3.15,0.8064
RNG(0),3.16,0.8062
RNG(0),3.17,0.8059
RNG(0),3.18,0.8056
RNG(0),3.19,0.8055
RNG(0),3.2,0.8054
RNG(0),3.21,0.8053
RNG(0),3.22,0.8053
RNG(0),3.23,0.8053
RNG(0),3.24,0.8052
RNG(0),3.25,0.8051
RNG(0),3.26,0.8051
RNG(0),3.27,0.805
RNG(0),3.28,0.8049
RNG(0),3.29,0.8048
RNG(0),3.3,0.8047
RNG(0),3.31,0.8046
RNG(0),3.32,0.8047
RNG(0),3.33,0.8046
RNG(0),3.34,0.8046
RNG(0),3.35,0.8047
RNG(0),3.36,0.8045
RNG(0),3.37,0.8044
RNG(0),3.38,0.8044
RNG(0),3.39,0.8041
RNG(0),3.4,0.804
RNG(0),3.41,0.8038
RNG(0),3.42,0.8037
RNG(0),3.43,0.8037
RNG(0),3.44,0.8036
RNG(0),3.45,0.8034
RNG(0),3.46,0.8034
RNG(0),3.47,0.8033
RNG(0),3.48,0.8033
RNG(0),3.49,0.803
RNG(0),3.5,0.803
RNG(0),3.51,0.8028
RNG(0),3.52,0.8029
RNG(0),3.53,0.8028
RNG(0),3.54,0.8028
RNG(0),3.55,0.8025
RNG(0),3.56,0.8025
RNG(0),3.57,0.8025
RNG(0),3.58,0.8022
RNG(0),3.59,0.802
RNG(0),3.6,0.8018
RNG(0),3.61,0.8016
RNG(0),3.62,0.8015
RNG(0),3.63,0.8013
RNG(0),3.64,0.801
RNG(0),3.65,0.8009
RNG(0),3.66,0.8006
RNG(0),3.67,0.8005
RNG(0),3.68,0.8004
RNG(0),3.69,0.8001
RNG(0),3.7,0.7998
RNG(0),3.71,0.7997
RNG(0),3.72,0.7996
RNG(0),3.73,0.7994
RNG(0),3.74,0.7992
RNG(0),3.75,0.7987
RNG(0),3.76,0.7986
RNG(0),3.77,0.7984
RNG(0),3.78,0.7983
RNG(0),3.79,0.7978
RNG(0),3.8,0.7976
RNG(0),3.81,0.7974
RNG(0),3.82,0.797
RNG(0),3.83,0.7965
RNG(0),3.84,0.7963
RNG(0),3.85,0.7961
RNG(0),3.86,0.796
RNG(0),3.87,0.7958
RNG(0),3.88,0.7954
RNG(0),3.89,0.7952
RNG(0),3.9,0.795
RNG(0),3.91,0.795
RNG(0),3.92,0.795
RNG(0),3.93,0.795
RNG(0),3.94,0.7947
RNG(0),3.95,0.7946
RNG(0),3.96,0.7943
RNG(0),3.97,0.7941
RNG(0),3.98,0.794
RNG(0),3.99,0.794
RNG(0),4.0,0.794
RNG(0),4.01,0.7939
RNG(0),4.02,0.7936
RNG(0),4.03,0.7935
RNG(0),4.04,0.7933
RNG(0),4.05,0.7932
RNG(0),4.06,0.793
RNG(0),4.07,0.793
RNG(0),4.08,0.793
RNG(0),4.09,0.793
RNG(0),4.1,0.7931
RNG(0),4.11,0.7931
RNG(0),4.12,0.7931
RNG(0),4.13,0.7929
RNG(0),4.14,0.7929
RNG(0),4.15,0.7929
RNG(0),4.16,0.7929
RNG(0),4.17,0.7929
RNG(0),4.18,0.7929
RNG(0),4.19,0.7929
RNG(0),4.2,0.7929
RNG(0),4.21,0.7929
RNG(0),4.22,0.7929
RNG(0),4.23,0.7929
RNG(0),4.24,0.7929
RNG(0),4.25,0.7929
RNG(0),4.26,0.7929
RNG(0),4.27,0.7929
RNG(0),4.3,0.7929
RNG(0),4.31,0.7929
RNG(0),4.33,0.7929
RNG(0),4.35,0.7929
RNG(0),4.36,0.7929
RNG(0),4.37,0.7929
RNG(0),4.38,0.7929
Seg(0),0.99,0.827
Seg(0),1.0,0.827
Seg(0),1.01,0.827
Seg(0),1.02,0.8273
Seg(0),1.03,0.8278
Seg(0),1.04,0.8284
Seg(0),1.05,0.829
Seg(0),1.06,0.8299
Seg(0),1.07,0.8303
Seg(0),1.08,0.8311
Seg(0),1.09,0.8314
Seg(0),1.1,0.8316
Seg(0),1.11,0.8317
Seg(0),1.12,0.8319
Seg(0),1.13,0.832
Seg(0),1.14,0.8323
Seg(0),1.15,0.8324
Seg(0),1.16,0.8325
Seg(0),1.17,0.8327
Seg(0),1.18,0.8327
Seg(0),1.19,0.8327
Seg(0),1.2,0.8328
Seg(0),1.21,0.8329
Seg(0),1.22,0.8329
Seg(0),1.23,0.8329
Seg(0),1.25,0.8329
Seg(0),1.26,0.8329
Seg(0),1.27,0.8329
Seg(0),1.28,0.8328
Seg(0),1.29,0.8329
Seg(0),1.3,0.8329
Seg(0),1.31,0.8328
Seg(0),1.32,0.8328
Seg(0),1.33,0.8328
Seg(0),1.34,0.8328
Seg(0),1.35,0.8327
Seg(0),1.36,0.8327
Seg(0),1.37,0.8326
Seg(0),1.38,0.8325
Seg(0),1.39,0.8324
Seg(0),1.4,0.8322
Seg(0),1.41,0.8322
Seg(0),1.42,0.8319
Seg(0),1.43,0.8316
Seg(0),1.44,0.8314
Seg(0),1.45,0.831
Seg(0),1.46,0.831
Seg(0),1.47,0.8308
Seg(0),1.48,0.8306
Seg(0),1.49,0.8303
Seg(0),1.5,0.8301
Seg(0),1.51,0.8297
Seg(0),1.52,0.8295
Seg(0),1.53,0.8289
Seg(0),1.54,0.8286
Seg(0),1.55,0.8285
Seg(0),1.56,0.8282
Seg(0),1.57,0.8281
Seg(0),1.58,0.8278
Seg(0),1.59,0.8278
Seg(0),1.6,0.8275
Seg(0),1.61,0.8275
Seg(0),1.62,0.8273
Seg(0),1.63,0.8271
Seg(0),1.64,0.827
Seg(0),1.65,0.8268
Seg(0),1.66,0.8268
Seg(0),1.67,0.8268
Seg(0),1.68,0.8266
Seg(0),1.69,0.8265
Seg(0),1.7,0.8262
Seg(0),1.71,0.826
Seg(0),1.72,0.8258
Seg(0),1.73,0.8255
Seg(0),1.74,0.8251
Seg(0),1.75,0.8249
Seg(0),1.76,0.8247
Seg(0),1.77,0.8241
Seg(0),1.78,0.8237
Seg(0),1.79,0.8235
Seg(0),1.8,0.8234
Seg(0),1.81,0.8232
Seg(0),1.82,0.8232
Seg(0),1.83,0.8228
Seg(0),1.84,0.8227
Seg(0),1.85,0.8228
Seg(0),1.86,0.8227
Seg(0),1.87,0.8228
Seg(0),1.88,0.8228
Seg(0),1.89,0.8228
Seg(0),1.9,0.8228
Seg(0),1.91,0.8229
Seg(0),1.92,0.8229
Seg(0),1.93,0.8229
Seg(0),1.94,0.8229
Seg(0),1.95,0.8229
Seg(0),1.96,0.8228
Seg(0),1.97,0.8227
Seg(0),1.98,0.8227
Seg(0),1.99,0.8227
Seg(0),2.0,0.8227
Seg(0),2.01,0.8226
Seg(0),2.02,0.8225
Seg(0),2.03,0.8223
Seg(0),2.04,0.8223
Seg(0),2.05,0.8221
Seg(0),2.06,0.822
Seg(0),2.07,0.8219
Seg(0),2.08,0.8219
Seg(0),2.09,0.8219
Seg(0),2.1,0.8219
Seg(0),2.11,0.8218
Seg(0),2.12,0.8217
Seg(0),2.13,0.8216
Seg(0),2.14,0.8213
Seg(0),2.15,0.8213
Seg(0),2.16,0.8209
Seg(0),2.17,0.8207
Seg(0),2.18,0.8205
Seg(0),2.19,0.8204
Seg(0),2.2,0.8203
Seg(0),2.21,0.8201
Seg(0),2.22,0.8198
Seg(0),2.23,0.8196
Seg(0),2.24,0.8193
Seg(0),2.25,0.8191
Seg(0),2.26,0.8189
Seg(0),2.27,0.8188
Seg(0),2.28,0.8186
Seg(0),2.29,0.8184
Seg(0),2.3,0.8181
Seg(0),2.31,0.8179
Seg(0),2.32,0.8172
Seg(0),2.33,0.817
Seg(0),2.34,0.8166
Seg(0),2.35,0.8164
Seg(0),2.36,0.8161
Seg(0),2.37,0.8159
Seg(0),2.38,0.8154
Seg(0),2.39,0.8152
Seg(0),2.4,0.8151
Seg(0),2.41,0.8149
Seg(0),2.42,0.8147
Seg(0),2.43,0.8146
Seg(0),2.44,0.8145
Seg(0),2.45,0.8141
Seg(0),2.46,0.8137
Seg(0),2.47,0.8138
Seg(0),2.48,0.8135
Seg(0),2.49,0.8131
Seg(0),2.5,0.8129
Seg(0),2.51,0.8126
Seg(0),2.52,0.8122
Seg(0),2.53,0.812
Seg(0),2.54,0.8118
Seg(0),2.55,0.8117
Seg(0),2.56,0.8116
Seg(0),2.57,0.8115
Seg(0),2.58,0.8113
Seg(0),2.59,0.811
Seg(0),2.6,0.8109
Seg(0),2.61,0.8108
Seg(0),2.62,0.8105
Seg(0),2.63,0.8104
Seg(0),2.64,0.8104
Seg(0),2.65,0.8102
Seg(0),2.66,0.81
Seg(0),2.67,0.8099
Seg(0),2.68,0.8098
Seg(0),2.69,0.8097
Seg(0),2.7,0.8097
Seg(0),2.71,0.8097
Seg(0),2.72,0.8097
Seg(0),2.73,0.8097
Seg(0),2.74,0.8096
Seg(0),2.75,0.8097
Seg(0),2.76,0.8095
Seg(0),2.77,0.8094
Seg(0),2.78,0.8093
Seg(0),2.79,0.8092
Seg(0),2.8,0.809
Seg(0),2.81,0.8088
Seg(0),2.82,0.8085
Seg(0),2.83,0.8084
Seg(0),2.84,0.8082
Seg(0),2.85,0.8081
Seg(0),2.86,0.8079
Seg(0),2.87,0.8078
Seg(0),2.88,0.8078
Seg(0),2.89,0.8075
Seg(0),2.9,0.8075
Seg(0),2.91,0.8073
Seg(0),2.92,0.8072
Seg(0),2.93,0.8065
Seg(0),2.94,0.8062
Seg(0),2.95,0.806
Seg(0),2.96,0.8058
Seg(0),2.97,0.8056
Seg(0),2.98,0.8052
Seg(0),2.99,0.8047
Seg(0),3.0,0.8043
Seg(0),3.01,0.804
Seg(0),3.02,0.8037
Seg(0),3.03,0.8032
Seg(0),3.04,0.803
Seg(0),3.05,0.8027
Seg(0),3.06,0.8024
Seg(0),3.07,0.8022
Seg(0),3.08,0.802
Seg(0),3.09,0.8017
Seg(0),3.1,0.8013
Seg(0),3.11,0.8011
Seg(0),3.12,0.8006
Seg(0),3.13,0.8004
Seg(0),3.14,0.7998
Seg(0),3.15,0.7995
Seg(0),3.16,0.7993
Seg(0),3.17,0.7987
Seg(0),3.18,0.7984
Seg(0),3.19,0.7981
Seg(0),3.2,0.798
Seg(0),3.21,0.7978
Seg(0),3.22,0.7976
Seg(0),3.23,0.7975
Seg(0),3.24,0.7972
Seg(0),3.25,0.7971
Seg(0),3.26,0.797
Seg(0),3.27,0.7969
Seg(0),3.28,0.7967
Seg(0),3.29,0.7966
Seg(0),3.3,0.7964
Seg(0),3.31,0.7963
Seg(0),3.32,0.7962
Seg(0),3.33,0.7961
Seg(0),3.34,0.796
Seg(0),3.35,0.796
Seg(0),3.36,0.7959
Seg(0),3.37,0.7958
Seg(0),3.38,0.7956
Seg(0),3.39,0.7954
Seg(0),3.4,0.7954
Seg(0),3.41,0.7951
Seg(0),3.42,0.795
Seg(0),3.43,0.795
Seg(0),3.44,0.7949
Seg(0),3.45,0.7947
Seg(0),3.46,0.7947
Seg(0),3.47,0.7946
Seg(0),3.48,0.7946
Seg(0),3.49,0.7943
Seg(0),3.5,0.7943
Seg(0),3.51,0.7942
Seg(0),3.52,0.7942
Seg(0),3.53,0.7941
Seg(0),3.54,0.794
Seg(0),3.55,0.7938
Seg(0),3.56,0.7938
Seg(0),3.57,0.7938
Seg(0),3.58,0.7934
Seg(0),3.59,0.7933
Seg(0),3.6,0.7931
Seg(0),3.61,0.793
Seg(0),3.62,0.7928
Seg(0),3.63,0.7925
Seg(0),3.64,0.7923
Seg(0),3.65,0.7921
Seg(0),3.66,0.792
Seg(0),3.67,0.7919
Seg(0),3.68,0.7916
Seg(0),3.69,0.7913
Seg(0),3.7,0.791
Seg(0),3.71,0.791
Seg(0),3.72,0.7908
Seg(0),3.73,0.7907
Seg(0),3.74,0.7905
Seg(0),3.75,0.7901
Seg(0),3.76,0.7897
Seg(0),3.77,0.7894
Seg(0),3.78,0.7892
Seg(0),3.79,0.7887
Seg(0),3.8,0.7881
Seg(0),3.81,0.7879
Seg(0),3.82,0.7876
Seg(0),3.83,0.787
Seg(0),3.84,0.7868
Seg(0),3.85,0.7865
Seg(0),3.86,0.7862
Seg(0),3.87,0.786
Seg(0),3.88,0.7855
Seg(0),3.89,0.7852
Seg(0),3.9,0.7849
Seg(0),3.91,0.7849
Seg(0),3.92,0.7847
Seg(0),3.93,0.7847
Seg(0),3.94,0.7844
Seg(0),3.95,0.7841
Seg(0),3.96,0.7837
Seg(0),3.97,0.7835
Seg(0),3.98,0.7833
Seg(0),3.99,0.7833
Seg(0),4.0,0.7831
Seg(0),4.01,0.7829
Seg(0),4.02,0.7825
Seg(0),4.03,0.7822
Seg(0),4.04,0.7821
Seg(0),4.05,0.7819
Seg(0),4.06,0.7817
Seg(0),4.07,0.7816
Seg(0),4.08,0.7816
Seg(0),4.09,0.7816
Seg(0),4.1,0.7816
Seg(0),4.11,0.7815
Seg(0),4.12,0.7815
Seg(0),4.13,0.7814
Seg(0),4.14,0.7814
Seg(0),4.15,0.7814
Seg(0),4.16,0.7814
Seg(0),4.17,0.7814
Seg(0),4.18,0.7814
Seg(0),4.19,0.7814
Seg(0),4.2,0.7814
Seg(0),4.21,0.7813
Seg(0),4.22,0.7813
Seg(0),4.23,0.7813
Seg(0),4.24,0.7813
Seg(0),4.25,0.7813
Seg(0),4.26,0.7813
Seg(0),4.27,0.7813
Seg(0),4.3,0.7813
Seg(0),4.31,0.7813
Seg(0),4.33,0.7813
Seg(0),4.35,0.7813
Seg(0),4.36,0.7813
Seg(0),4.37,0.7813
Seg(0),4.38,0.7813
RNG(0.05),0.99,0.827
RNG(0.05),1.0,0.827
RNG(0.05),1.01,0.827
RNG(0.05),1.02,0.8273
RNG(0.05),1.03,0.8278
RNG(0.05),1.04,0.8286
RNG(0.05),1.05,0.8292
RNG(0.05),1.06,0.8303
RNG(0.05),1.07,0.8308
RNG(0.05),1.08,0.8316
RNG(0.05),1.09,0.832
RNG(0.05),1.1,0.8322
RNG(0.05),1.11,0.8324
RNG(0.05),1.12,0.8325
RNG(0.05),1.13,0.8327
RNG(0.05),1.14,0.8329
RNG(0.05),1.15,0.833
RNG(0.05),1.16,0.8332
RNG(0.05),1.17,0.8333
RNG(0.05),1.18,0.8334
RNG(0.05),1.19,0.8335
RNG(0.05),1.2,0.8336
RNG(0.05),1.21,0.8337
RNG(0.05),1.22,0.8337
RNG(0.05),1.23,0.8337
RNG(0.05),1.25,0.8336
RNG(0.05),1.26,0.8337
RNG(0.05),1.27,0.8337
RNG(0.05),1.28,0.8337
RNG(0.05),1.29,0.8337
RNG(0.05),1.3,0.8337
RNG(0.05),1.31,0.8337
RNG(0.05),1.32,0.8336
RNG(0.05),1.33,0.8337
RNG(0.05),1.34,0.8336
RNG(0.05),1.35,0.8335
RNG(0.05),1.36,0.8335
RNG(0.05),1.37,0.8335
RNG(0.05),1.38,0.8334
RNG(0.05),1.39,0.8333
RNG(0.05),1.4,0.8331
RNG(0.05),1.41,0.833
RNG(0.05),1.42,0.8327
RNG(0.05),1.43,0.8324
RNG(0.05),1.44,0.8323
RNG(0.05),1.45,0.8319
RNG(0.05),1.46,0.8318
RNG(0.05),1.47,0.8317
RNG(0.05),1.48,0.8316
RNG(0.05),1.49,0.8314
RNG(0.05),1.5,0.831
RNG(0.05),1.51,0.8307
RNG(0.05),1.52,0.8305
RNG(0.05),1.53,0.8299
RNG(0.05),1.54,0.8297
RNG(0.05),1.55,0.8297
RNG(0.05),1.56,0.8296
RNG(0.05),1.57,0.8295
RNG(0.05),1.58,0.8293
RNG(0.05),1.59,0.8292
RNG(0.05),1.6,0.829
RNG(0.05),1.61,0.829
RNG(0.05),1.62,0.829
RNG(0.05),1.63,0.8289
RNG(0.05),1.64,0.8288
RNG(0.05),1.65,0.8288
RNG(0.05),1.66,0.8288
RNG(0.05),1.67,0.8289
RNG(0.05),1.68,0.8289
RNG(0.05),1.69,0.8288
RNG(0.05),1.7,0.8286
RNG(0.05),1.71,0.8284
RNG(0.05),1.72,0.8283
RNG(0.05),1.73,0.8281
RNG(0.05),1.74,0.8278
RNG(0.05),1.75,0.8276
RNG(0.05),1.76,0.8275
RNG(0.05),1.77,0.8273
RNG(0.05),1.78,0.8271
RNG(0.05),1.79,0.8269
RNG(0.05),1.8,0.8269
RNG(0.05),1.81,0.8268
RNG(0.05),1.82,0.8268
RNG(0.05),1.83,0.8265
RNG(0.05),1.84,0.8264
RNG(0.05),1.85,0.8264
RNG(0.05),1.86,0.8264
RNG(0.05),1.87,0.8265
RNG(0.05),1.88,0.8266
RNG(0.05),1.89,0.8268
RNG(0.05),1.9,0.8269
RNG(0.05),1.91,0.827
RNG(0.05),1.92,0.8271
RNG(0.05),1.93,0.8272
RNG(0.05),1.94,0.8272
RNG(0.05),1.95,0.8273
RNG(0.05),1.96,0.8272
RNG(0.05),1.97,0.8271
RNG(0.05),1.98,0.8271
RNG(0.05),1.99,0.827
RNG(0.05),2.0,0.827
RNG(0.05),2.01,0.8269
RNG(0.05),2.02,0.827
RNG(0.05),2.03,0.8269
RNG(0.05),2.04,0.8269
RNG(0.05),2.05,0.8268
RNG(0.05),2.06,0.8267
RNG(0.05),2.07,0.8266
RNG(0.05),2.08,0.8266
RNG(0.05),2.09,0.8266
RNG(0.05),2.1,0.8266
RNG(0.05),2.11,0.8265
RNG(0.05),2.12,0.8264
RNG(0.05),2.13,0.8262
RNG(0.05),2.14,0.826
RNG(0.05),2.15,0.826
RNG(0.05),2.16,0.8257
RNG(0.05),2.17,0.8257
RNG(0.05),2.18,0.8255
RNG(0.05),2.19,0.8254
RNG(0.05),2.2,0.8253
RNG(0.05),2.21,0.8251
RNG(0.05),2.22,0.8249
RNG(0.05),2.23,0.8246
RNG(0.05),2.24,0.8244
RNG(0.05),2.25,0.8242
RNG(0.05),2.26,0.8241
RNG(0.05),2.27,0.8241
RNG(0.05),2.28,0.824
RNG(0.05),2.29,0.8238
RNG(0.05),2.3,0.8235
RNG(0.05),2.31,0.8234
RNG(0.05),2.32,0.8228
RNG(0.05),2.33,0.8228
RNG(0.05),2.34,0.8225
RNG(0.05),2.35,0.8223
RNG(0.05),2.36,0.8221
RNG(0.05),2.37,0.822
RNG(0.05),2.38,0.8217
RNG(0.05),2.39,0.8216
RNG(0.05),2.4,0.8216
RNG(0.05),2.41,0.8215
RNG(0.05),2.42,0.8212
RNG(0.05),2.43,0.8212
RNG(0.05),2.44,0.8211
RNG(0.05),2.45,0.8207
RNG(0.05),2.46,0.8205
RNG(0.05),2.47,0.8206
RNG(0.05),2.48,0.8205
RNG(0.05),2.49,0.8205
RNG(0.05),2.5,0.8203
RNG(0.05),2.51,0.8199
RNG(0.05),2.52,0.8198
RNG(0.05),2.53,0.8197
RNG(0.05),2.54,0.8196
RNG(0.05),2.55,0.8197
RNG(0.05),2.56,0.8196
RNG(0.05),2.57,0.8196
RNG(0.05),2.58,0.8198
RNG(0.05),2.59,0.8195
RNG(0.05),2.6,0.8195
RNG(0.05),2.61,0.8194
RNG(0.05),2.62,0.8193
RNG(0.05),2.63,0.8192
RNG(0.05),2.64,0.8192
RNG(0.05),2.65,0.8191
RNG(0.05),2.66,0.8189
RNG(0.05),2.67,0.8189
RNG(0.05),2.68,0.8188
RNG(0.05),2.69,0.8188
RNG(0.05),2.7,0.8188
RNG(0.05),2.71,0.8188
RNG(0.05),2.72,0.8189
RNG(0.05),2.73,0.8189
RNG(0.05),2.74,0.8188
RNG(0.05),2.75,0.8188
RNG(0.05),2.76,0.8187
RNG(0.05),2.77,0.8187
RNG(0.05),2.78,0.8186
RNG(0.05),2.79,0.8185
RNG(0.05),2.8,0.8184
RNG(0.05),2.81,0.8181
RNG(0.05),2.82,0.818
RNG(0.05),2.83,0.8179
RNG(0.05),2.84,0.8177
RNG(0.05),2.85,0.8176
RNG(0.05),2.86,0.8174
RNG(0.05),2.87,0.8174
RNG(0.05),2.88,0.8174
RNG(0.05),2.89,0.8171
RNG(0.05),2.9,0.8172
RNG(0.05),2.91,0.817
RNG(0.05),2.92,0.8169
RNG(0.05),2.93,0.8165
RNG(0.05),2.94,0.8163
RNG(0.05),2.95,0.8162
RNG(0.05),2.96,0.816
RNG(0.05),2.97,0.8159
RNG(0.05),2.98,0.8156
RNG(0.05),2.99,0.8153
RNG(0.05),3.0,0.815
RNG(0.05),3.01,0.8147
RNG(0.05),3.02,0.8146
RNG(0.05),3.03,0.8142
RNG(0.05),3.04,0.814
RNG(0.05),3.05,0.8137
RNG(0.05),3.06,0.8135
RNG(0.05),3.07,0.8134
RNG(0.05),3.08,0.8132
RNG(0.05),3.09,0.8131
RNG(0.05),3.1,0.8129
RNG(0.05),3.11,0.813
RNG(0.05),3.12,0.8129
RNG(0.05),3.13,0.8127
RNG(0.05),3.14,0.8123
RNG(0.05),3.15,0.8121
RNG(0.05),3.16,0.8119
RNG(0.05),3.17,0.8117
RNG(0.05),3.18,0.8115
RNG(0.05),3.19,0.8114
RNG(0.05),3.2,0.8114
RNG(0.05),3.21,0.8113
RNG(0.05),3.22,0.8112
RNG(0.05),3.23,0.8112
RNG(0.05),3.24,0.8111
RNG(0.05),3.25,0.811
RNG(0.05),3.26,0.811
RNG(0.05),3.27,0.811
RNG(0.05),3.28,0.8108
RNG(0.05),3.29,0.8108
RNG(0.05),3.3,0.8107
RNG(0.05),3.31,0.8106
RNG(0.05),3.32,0.8107
RNG(0.05),3.33,0.8106
RNG(0.05),3.34,0.8106
RNG(0.05),3.35,0.8106
RNG(0.05),3.36,0.8105
RNG(0.05),3.37,0.8104
RNG(0.05),3.38,0.8104
RNG(0.05),3.39,0.8101
RNG(0.05),3.4,0.81
RNG(0.05),3.41,0.8098
RNG(0.05),3.42,0.8097
RNG(0.05),3.43,0.8097
RNG(0.05),3.44,0.8096
RNG(0.05),3.45,0.8095
RNG(0.05),3.46,0.8096
RNG(0.05),3.47,0.8095
RNG(0.05),3.48,0.8095
RNG(0.05),3.49,0.8092
RNG(0.05),3.5,0.8092
RNG(0.05),3.51,0.8091
RNG(0.05),3.52,0.8091
RNG(0.05),3.53,0.8091
RNG(0.05),3.54,0.809
RNG(0.05),3.55,0.8088
RNG(0.05),3.56,0.8088
RNG(0.05),3.57,0.8088
RNG(0.05),3.58,0.8085
RNG(0.05),3.59,0.8084
RNG(0.05),3.6,0.8083
RNG(0.05),3.61,0.8081
RNG(0.05),3.62,0.808
RNG(0.05),3.63,0.8078
RNG(0.05),3.64,0.8076
RNG(0.05),3.65,0.8075
RNG(0.05),3.66,0.8073
RNG(0.05),3.67,0.8073
RNG(0.05),3.68,0.8072
RNG(0.05),3.69,0.8069
RNG(0.05),3.7,0.8067
RNG(0.05),3.71,0.8066
RNG(0.05),3.72,0.8066
RNG(0.05),3.73,0.8064
RNG(0.05),3.74,0.8062
RNG(0.05),3.75,0.8061
RNG(0.05),3.76,0.806
RNG(0.05),3.77,0.8059
RNG(0.05),3.78,0.8058
RNG(0.05),3.79,0.8057
RNG(0.05),3.8,0.8055
RNG(0.05),3.81,0.8054
RNG(0.05),3.82,0.8052
RNG(0.05),3.83,0.8047
RNG(0.05),3.84,0.8046
RNG(0.05),3.85,0.8045
RNG(0.05),3.86,0.8044
RNG(0.05),3.87,0.8042
RNG(0.05),3.88,0.804
RNG(0.05),3.89,0.8039
RNG(0.05),3.9,0.8038
RNG(0.05),3.91,0.8038
RNG(0.05),3.92,0.8038
RNG(0.05),3.93,0.8038
RNG(0.05),3.94,0.8036
RNG(0.05),3.95,0.8036
RNG(0.05),3.96,0.8033
RNG(0.05),3.97,0.8032
RNG(0.05),3.98,0.8032
RNG(0.05),3.99,0.8032
RNG(0.05),4.0,0.8032
RNG(0.05),4.01,0.8031
RNG(0.05),4.02,0.8029
RNG(0.05),4.03,0.8029
RNG(0.05),4.04,0.8028
RNG(0.05),4.05,0.8028
RNG(0.05),4.06,0.8028
RNG(0.05),4.07,0.8028
RNG(0.05),4.08,0.8028
RNG(0.05),4.09,0.8028
RNG(0.05),4.1,0.8029
RNG(0.05),4.11,0.8029
RNG(0.05),4.12,0.8029
RNG(0.05),4.13,0.8028
RNG(0.05),4.14,0.8028
RNG(0.05),4.15,0.8028
RNG(0.05),4.16,0.8028
RNG(0.05),4.17,0.8028
RNG(0.05),4.18,0.8028
RNG(0.05),4.19,0.8028
RNG(0.05),4.2,0.8028
RNG(0.05),4.21,0.8028
RNG(0.05),4.22,0.8028
RNG(0.05),4.23,0.8028
RNG(0.05),4.24,0.8028
RNG(0.05),4.25,0.8028
RNG(0.05),4.26,0.8028
RNG(0.05),4.27,0.8028
RNG(0.05),4.3,0.8028
RNG(0.05),4.31,0.8028
RNG(0.05),4.33,0.8028
RNG(0.05),4.35,0.8028
RNG(0.05),4.36,0.8028
RNG(0.05),4.37,0.8028
RNG(0.05),4.38,0.8028
Seg(0.05),0.99,0.827
Seg(0.05),1.0,0.827
Seg(0.05),1.01,0.827
Seg(0.05),1.02,0.8273
Seg(0.05),1.03,0.8278
Seg(0.05),1.04,0.8285
Seg(0.05),1.05,0.829
Seg(0.05),1.06,0.83
Seg(0.05),1.07,0.8304
Seg(0.05),1.08,0.8312
Seg(0.05),1.09,0.8315
Seg(0.05),1.1,0.8318
Seg(0.05),1.11,0.8319
Seg(0.05),1.12,0.8321
Seg(0.05),1.13,0.8322
Seg(0.05),1.14,0.8324
Seg(0.05),1.15,0.8325
Seg(0.05),1.16,0.8326
Seg(0.05),1.17,0.8327
Seg(0.05),1.18,0.8328
Seg(0.05),1.19,0.8329
Seg(0.05),1.2,0.833
Seg(0.05),1.21,0.833
Seg(0.05),1.22,0.8331
Seg(0.05),1.23,0.833
Seg(0.05),1.25,0.833
Seg(0.05),1.26,0.8331
Seg(0.05),1.27,0.833
Seg(0.05),1.28,0.8331
Seg(0.05),1.29,0.8331
Seg(0.05),1.3,0.8331
Seg(0.05),1.31,0.833
Seg(0.05),1.32,0.833
Seg(0.05),1.33,0.833
Seg(0.05),1.34,0.833
Seg(0.05),1.35,0.833
Seg(0.05),1.36,0.8329
Seg(0.05),1.37,0.833
Seg(0.05),1.38,0.8329
Seg(0.05),1.39,0.8329
Seg(0.05),1.4,0.8328
Seg(0.05),1.41,0.8328
Seg(0.05),1.42,0.8325
Seg(0.05),1.43,0.8323
Seg(0.05),1.44,0.8322
Seg(0.05),1.45,0.832
Seg(0.05),1.46,0.832
Seg(0.05),1.47,0.8319
Seg(0.05),1.48,0.8318
Seg(0.05),1.49,0.8316
Seg(0.05),1.5,0.8313
Seg(0.05),1.51,0.8311
Seg(0.05),1.52,0.8309
Seg(0.05),1.53,0.8305
Seg(0.05),1.54,0.8303
Seg(0.05),1.55,0.8303
Seg(0.05),1.56,0.8301
Seg(0.05),1.57,0.83
Seg(0.05),1.58,0.8298
Seg(0.05),1.59,0.8297
Seg(0.05),1.6,0.8296
Seg(0.05),1.61,0.8296
Seg(0.05),1.62,0.8295
Seg(0.05),1.63,0.8294
Seg(0.05),1.64,0.8293
Seg(0.05),1.65,0.8294
Seg(0.05),1.66,0.8295
Seg(0.05),1.67,0.8297
Seg(0.05),1.68,0.8296
Seg(0.05),1.69,0.8296
Seg(0.05),1.7,0.8295
Seg(0.05),1.71,0.8294
Seg(0.05),1.72,0.8292
Seg(0.05),1.73,0.829
Seg(0.05),1.74,0.8287
Seg(0.05),1.75,0.8286
Seg(0.05),1.76,0.8285
Seg(0.05),1.77,0.8283
Seg(0.05),1.78,0.828
Seg(0.05),1.79,0.8279
Seg(0.05),1.8,0.8279
Seg(0.05),1.81,0.8279
Seg(0.05),1.82,0.8279
Seg(0.05),1.83,0.8277
Seg(0.05),1.84,0.8275
Seg(0.05),1.85,0.8276
Seg(0.05),1.86,0.8276
Seg(0.05),1.87,0.8276
Seg(0.05),1.88,0.8276
Seg(0.05),1.89,0.8276
Seg(0.05),1.9,0.8276
Seg(0.05),1.91,0.8277
Seg(0.05),1.92,0.8278
Seg(0.05),1.93,0.8279
Seg(0.05),1.94,0.8281
Seg(0.05),1.95,0.828
Seg(0.05),1.96,0.828
Seg(0.05),1.97,0.828
Seg(0.05),1.98,0.8281
Seg(0.05),1.99,0.828
Seg(0.05),2.0,0.8281
Seg(0.05),2.01,0.8281
Seg(0.05),2.02,0.8281
Seg(0.05),2.03,0.8281
Seg(0.05),2.04,0.8282
Seg(0.05),2.05,0.8281
Seg(0.05),2.06,0.8281
Seg(0.05),2.07,0.8281
Seg(0.05),2.08,0.8281
Seg(0.05),2.09,0.8281
Seg(0.05),2.1,0.8283
Seg(0.05),2.11,0.8282
Seg(0.05),2.12,0.8281
Seg(0.05),2.13,0.828
Seg(0.05),2.14,0.828
Seg(0.05),2.15,0.8279
Seg(0.05),2.16,0.8277
Seg(0.05),2.17,0.8276
Seg(0.05),2.18,0.8276
Seg(0.05),2.19,0.8276
Seg(0.05),2.2,0.8275
Seg(0.05),2.21,0.8274
Seg(0.05),2.22,0.8272
Seg(0.05),2.23,0.827
Seg(0.05),2.24,0.8269
Seg(0.05),2.25,0.8268
Seg(0.05),2.26,0.8267
Seg(0.05),2.27,0.8266
Seg(0.05),2.28,0.8264
Seg(0.05),2.29,0.8262
Seg(0.05),2.3,0.8261
Seg(0.05),2.31,0.826
Seg(0.05),2.32,0.8256
Seg(0.05),2.33,0.8256
Seg(0.05),2.34,0.8252
Seg(0.05),2.35,0.8252
Seg(0.05),2.36,0.825
Seg(0.05),2.37,0.8248
Seg(0.05),2.38,0.8246
Seg(0.05),2.39,0.8244
Seg(0.05),2.4,0.8244
Seg(0.05),2.41,0.8244
Seg(0.05),2.42,0.8242
Seg(0.05),2.43,0.8242
Seg(0.05),2.44,0.8241
Seg(0.05),2.45,0.8238
Seg(0.05),2.46,0.8236
Seg(0.05),2.47,0.8236
Seg(0.05),2.48,0.8234
Seg(0.05),2.49,0.8232
Seg(0.05),2.5,0.8232
Seg(0.05),2.51,0.8227
Seg(0.05),2.52,0.8225
Seg(0.05),2.53,0.8223
Seg(0.05),2.54,0.8222
Seg(0.05),2.55,0.8223
Seg(0.05),2.56,0.8223
Seg(0.05),2.57,0.8222
Seg(0.05),2.58,0.8222
Seg(0.05),2.59,0.8219
Seg(0.05),2.6,0.8219
Seg(0.05),2.61,0.822
Seg(0.05),2.62,0.8219
Seg(0.05),2.63,0.822
Seg(0.05),2.64,0.8221
Seg(0.05),2.65,0.822
Seg(0.05),2.66,0.8218
Seg(0.05),2.67,0.8218
Seg(0.05),2.68,0.8217
Seg(0.05),2.69,0.8217
Seg(0.05),2.7,0.8216
Seg(0.05),2.71,0.8216
Seg(0.05),2.72,0.8217
Seg(0.05),2.73,0.8217
Seg(0.05),2.74,0.8216
Seg(0.05),2.75,0.8215
Seg(0.05),2.76,0.8214
Seg(0.05),2.77,0.8213
Seg(0.05),2.78,0.8212
Seg(0.05),2.79,0.8211
Seg(0.05),2.8,0.8211
Seg(0.05),2.81,0.8209
Seg(0.05),2.82,0.8208
Seg(0.05),2.83,0.8207
Seg(0.05),2.84,0.8204
Seg(0.05),2.85,0.8203
Seg(0.05),2.86,0.8203
Seg(0.05),2.87,0.8203
Seg(0.05),2.88,0.8203
Seg(0.05),2.89,0.8201
Seg(0.05),2.9,0.8201
Seg(0.05),2.91,0.82
Seg(0.05),2.92,0.82
Seg(0.05),2.93,0.8197
Seg(0.05),2.94,0.8196
Seg(0.05),2.95,0.8195
Seg(0.05),2.96,0.8194
Seg(0.05),2.97,0.8192
Seg(0.05),2.98,0.8188
Seg(0.05),2.99,0.8186
Seg(0.05),3.0,0.8184
Seg(0.05),3.01,0.8182
Seg(0.05),3.02,0.8181
Seg(0.05),3.03,0.8178
Seg(0.05),3.04,0.8176
Seg(0.05),3.05,0.8174
Seg(0.05),3.06,0.8172
Seg(0.05),3.07,0.817
Seg(0.05),3.08,0.817
Seg(0.05),3.09,0.8169
Seg(0.05),3.1,0.8166
Seg(0.05),3.11,0.8166
Seg(0.05),3.12,0.8164
Seg(0.05),3.13,0.8161
Seg(0.05),3.14,0.8158
Seg(0.05),3.15,0.8155
Seg(0.05),3.16,0.8154
Seg(0.05),3.17,0.815
Seg(0.05),3.18,0.815
Seg(0.05),3.19,0.8148
Seg(0.05),3.2,0.8147
Seg(0.05),3.21,0.8146
Seg(0.05),3.22,0.8145
Seg(0.05),3.23,0.8144
Seg(0.05),3.24,0.8143
Seg(0.05),3.25,0.8142
Seg(0.05),3.26,0.8142
Seg(0.05),3.27,0.8141
Seg(0.05),3.28,0.814
Seg(0.05),3.29,0.8139
Seg(0.05),3.3,0.8139
Seg(0.05),3.31,0.8138
Seg(0.05),3.32,0.8138
Seg(0.05),3.33,0.8136
Seg(0.05),3.34,0.8136
Seg(0.05),3.35,0.8137
Seg(0.05),3.36,0.8136
Seg(0.05),3.37,0.8135
Seg(0.05),3.38,0.8135
Seg(0.05),3.39,0.8133
Seg(0.05),3.4,0.8133
Seg(0.05),3.41,0.8131
Seg(0.05),3.42,0.813
Seg(0.05),3.43,0.8129
Seg(0.05),3.44,0.8129
Seg(0.05),3.45,0.8128
Seg(0.05),3.46,0.8129
Seg(0.05),3.47,0.8129
Seg(0.05),3.48,0.8128
Seg(0.05),3.49,0.8126
Seg(0.05),3.5,0.8127
Seg(0.05),3.51,0.8125
Seg(0.05),3.52,0.8125
Seg(0.05),3.53,0.8125
Seg(0.05),3.54,0.8124
Seg(0.05),3.55,0.8123
Seg(0.05),3.56,0.8123
Seg(0.05),3.57,0.8123
Seg(0.05),3.58,0.812
Seg(0.05),3.59,0.812
Seg(0.05),3.6,0.8119
Seg(0.05),3.61,0.8118
Seg(0.05),3.62,0.8117
Seg(0.05),3.63,0.8115
Seg(0.05),3.64,0.8114
Seg(0.05),3.65,0.8113
Seg(0.05),3.66,0.8112
Seg(0.05),3.67,0.8112
Seg(0.05),3.68,0.811
Seg(0.05),3.69,0.8108
Seg(0.05),3.7,0.8106
Seg(0.05),3.71,0.8105
Seg(0.05),3.72,0.8105
Seg(0.05),3.73,0.8103
Seg(0.05),3.74,0.8101
Seg(0.05),3.75,0.8099
Seg(0.05),3.76,0.8098
Seg(0.05),3.77,0.8097
Seg(0.05),3.78,0.8096
Seg(0.05),3.79,0.8095
Seg(0.05),3.8,0.8093
Seg(0.05),3.81,0.8091
Seg(0.05),3.82,0.8089
Seg(0.05),3.83,0.8085
Seg(0.05),3.84,0.8084
Seg(0.05),3.85,0.8083
Seg(0.05),3.86,0.8082
Seg(0.05),3.87,0.808
Seg(0.05),3.88,0.8078
Seg(0.05),3.89,0.8076
Seg(0.05),3.9,0.8075
Seg(0.05),3.91,0.8075
Seg(0.05),3.92,0.8075
Seg(0.05),3.93,0.8075
Seg(0.05),3.94,0.8073
Seg(0.05),3.95,0.8073
Seg(0.05),3.96,0.8071
Seg(0.05),3.97,0.807
Seg(0.05),3.98,0.8069
Seg(0.05),3.99,0.8069
Seg(0.05),4.0,0.8069
Seg(0.05),4.01,0.8067
Seg(0.05),4.02,0.8066
Seg(0.05),4.03,0.8065
Seg(0.05),4.04,0.8065
Seg(0.05),4.05,0.8065
Seg(0.05),4.06,0.8065
Seg(0.05),4.07,0.8065
Seg(0.05),4.08,0.8065
Seg(0.05),4.09,0.8065
Seg(0.05),4.1,0.8065
Seg(0.05),4.11,0.8065
Seg(0.05),4.12,0.8065
Seg(0.05),4.13,0.8064
Seg(0.05),4.14,0.8064
Seg(0.05),4.15,0.8064
Seg(0.05),4.16,0.8064
Seg(0.05),4.17,0.8064
Seg(0.05),4.18,0.8064
Seg(0.05),4.19,0.8064
Seg(0.05),4.2,0.8064
Seg(0.05),4.21,0.8064
Seg(0.05),4.22,0.8064
Seg(0.05),4.23,0.8064
Seg(0.05),4.24,0.8064
Seg(0.05),4.25,0.8064
Seg(0.05),4.26,0.8064
Seg(0.05),4.27,0.8064
Seg(0.05),4.3,0.8064
Seg(0.05),4.31,0.8064
Seg(0.05),4.33,0.8064
Seg(0.05),4.35,0.8064
Seg(0.05),4.36,0.8064
Seg(0.05),4.37,0.8064
Seg(0.05),4.38,0.8064
RNG(0.1),0.99,0.827
RNG(0.1),1.0,0.827
RNG(0.1),1.01,0.827
RNG(0.1),1.02,0.8273
RNG(0.1),1.03,0.8278
RNG(0.1),1.04,0.8286
RNG(0.1),1.05,0.8292
RNG(0.1),1.06,0.8302
RNG(0.1),1.07,0.8308
RNG(0.1),1.08,0.8316
RNG(0.1),1.09,0.832
RNG(0.1),1.1,0.8322
RNG(0.1),1.11,0.8324
RNG(0.1),1.12,0.8326
RNG(0.1),1.13,0.8328
RNG(0.1),1.14,0.833
RNG(0.1),1.15,0.8331
RNG(0.1),1.16,0.8332
RNG(0.1),1.17,0.8334
RNG(0.1),1.18,0.8335
RNG(0.1),1.19,0.8336
RNG(0.1),1.2,0.8337
RNG(0.1),1.21,0.8338
RNG(0.1),1.22,0.8338
RNG(0.1),1.23,0.8338
RNG(0.1),1.25,0.8338
RNG(0.1),1.26,0.8338
RNG(0.1),1.27,0.8338
RNG(0.1),1.28,0.8338
RNG(0.1),1.29,0.8338
RNG(0.1),1.3,0.8338
RNG(0.1),1.31,0.8338
RNG(0.1),1.32,0.8338
RNG(0.1),1.33,0.8338
RNG(0.1),1.34,0.8337
RNG(0.1),1.35,0.8336
RNG(0.1),1.36,0.8336
RNG(0.1),1.37,0.8336
RNG(0.1),1.38,0.8335
RNG(0.1),1.39,0.8335
RNG(0.1),1.4,0.8333
RNG(0.1),1.41,0.8334
RNG(0.1),1.42,0.8331
RNG(0.1),1.43,0.8329
RNG(0.1),1.44,0.8328
RNG(0.1),1.45,0.8326
RNG(0.1),1.46,0.8325
RNG(0.1),1.47,0.8324
RNG(0.1),1.48,0.8325
RNG(0.1),1.49,0.8323
RNG(0.1),1.5,0.8322
RNG(0.1),1.51,0.8319
RNG(0.1),1.52,0.8318
RNG(0.1),1.53,0.8313
RNG(0.1),1.54,0.8312
RNG(0.1),1.55,0.8312
RNG(0.1),1.56,0.8313
RNG(0.1),1.57,0.8313
RNG(0.1),1.58,0.8311
RNG(0.1),1.59,0.8312
RNG(0.1),1.6,0.8311
RNG(0.1),1.61,0.8312
RNG(0.1),1.62,0.8312
RNG(0.1),1.63,0.8313
RNG(0.1),1.64,0.8312
RNG(0.1),1.65,0.8313
RNG(0.1),1.66,0.8314
RNG(0.1),1.67,0.8315
RNG(0.1),1.68,0.8315
RNG(0.1),1.69,0.8315
RNG(0.1),1.7,0.8314
RNG(0.1),1.71,0.8314
RNG(0.1),1.72,0.8312
RNG(0.1),1.73,0.8311
RNG(0.1),1.74,0.8309
RNG(0.1),1.75,0.8308
RNG(0.1),1.76,0.8307
RNG(0.1),1.77,0.8307
RNG(0.1),1.78,0.8305
RNG(0.1),1.79,0.8304
RNG(0.1),1.8,0.8304
RNG(0.1),1.81,0.8305
RNG(0.1),1.82,0.8305
RNG(0.1),1.83,0.8303
RNG(0.1),1.84,0.8302
RNG(0.1),1.85,0.8303
RNG(0.1),1.86,0.8303
RNG(0.1),1.87,0.8304
RNG(0.1),1.88,0.8305
RNG(0.1),1.89,0.8306
RNG(0.1),1.9,0.8306
RNG(0.1),1.91,0.8307
RNG(0.1),1.92,0.8309
RNG(0.1),1.93,0.831
RNG(0.1),1.94,0.8311
RNG(0.1),1.95,0.8311
RNG(0.1),1.96,0.8311
RNG(0.1),1.97,0.831
RNG(0.1),1.98,0.8311
RNG(0.1),1.99,0.831
RNG(0.1),2.0,0.831
RNG(0.1),2.01,0.8309
RNG(0.1),2.02,0.831
RNG(0.1),2.03,0.831
RNG(0.1),2.04,0.8309
RNG(0.1),2.05,0.8309
RNG(0.1),2.06,0.831
RNG(0.1),2.07,0.831
RNG(0.1),2.08,0.8311
RNG(0.1),2.09,0.8311
RNG(0.1),2.1,0.8312
RNG(0.1),2.11,0.8312
RNG(0.1),2.12,0.8311
RNG(0.1),2.13,0.8311
RNG(0.1),2.14,0.8309
RNG(0.1),2.15,0.8309
RNG(0.1),2.16,0.8308
RNG(0.1),2.17,0.8307
RNG(0.1),2.18,0.8306
RNG(0.1),2.19,0.8307
RNG(0.1),2.2,0.8305
RNG(0.1),2.21,0.8303
RNG(0.1),2.22,0.8302
RNG(0.1),2.23,0.83
RNG(0.1),2.24,0.8299
RNG(0.1),2.25,0.8297
RNG(0.1),2.26,0.8296
RNG(0.1),2.27,0.8296
RNG(0.1),2.28,0.8295
RNG(0.1),2.29,0.8294
RNG(0.1),2.3,0.8292
RNG(0.1),2.31,0.8292
RNG(0.1),2.32,0.8288
RNG(0.1),2.33,0.8288
RNG(0.1),2.34,0.8285
RNG(0.1),2.35,0.8284
RNG(0.1),2.36,0.8283
RNG(0.1),2.37,0.8282
RNG(0.1),2.38,0.8281
RNG(0.1),2.39,0.828
RNG(0.1),2.4,0.828
RNG(0.1),2.41,0.8279
RNG(0.1),2.42,0.8279
RNG(0.1),2.43,0.8279
RNG(0.1),2.44,0.8279
RNG(0.1),2.45,0.8277
RNG(0.1),2.46,0.8277
RNG(0.1),2.47,0.8278
RNG(0.1),2.48,0.8278
RNG(0.1),2.49,0.8277
RNG(0.1),2.5,0.8276
RNG(0.1),2.51,0.8273
RNG(0.1),2.52,0.8272
RNG(0.1),2.53,0.8272
RNG(0.1),2.54,0.8272
RNG(0.1),2.55,0.8272
RNG(0.1),2.56,0.8272
RNG(0.1),2.57,0.8272
RNG(0.1),2.58,0.8274
RNG(0.1),2.59,0.8272
RNG(0.1),2.6,0.8272
RNG(0.1),2.61,0.8272
RNG(0.1),2.62,0.8271
RNG(0.1),2.63,0.8271
RNG(0.1),2.64,0.8272
RNG(0.1),2.65,0.8271
RNG(0.1),2.66,0.827
RNG(0.1),2.67,0.827
RNG(0.1),2.68,0.8269
RNG(0.1),2.69,0.827
RNG(0.1),2.7,0.827
RNG(0.1),2.71,0.827
RNG(0.1),2.72,0.8271
RNG(0.1),2.73,0.8271
RNG(0.1),2.74,0.827
RNG(0.1),2.75,0.8269
RNG(0.1),2.76,0.8268
RNG(0.1),2.77,0.8267
RNG(0.1),2.78,0.8267
RNG(0.1),2.79,0.8267
RNG(0.1),2.8,0.8265
RNG(0.1),2.81,0.8264
RNG(0.1),2.82,0.8262
RNG(0.1),2.83,0.8261
RNG(0.1),2.84,0.8259
RNG(0.1),2.85,0.8259
RNG(0.1),2.86,0.8258
RNG(0.1),2.87,0.8258
RNG(0.1),2.88,0.8258
RNG(0.1),2.89,0.8256
RNG(0.1),2.9,0.8256
RNG(0.1),2.91,0.8255
RNG(0.1),2.92,0.8255
RNG(0.1),2.93,0.8252
RNG(0.1),2.94,0.8252
RNG(0.1),2.95,0.8251
RNG(0.1),2.96,0.8249
RNG(0.1),2.97,0.8247
RNG(0.1),2.98,0.8245
RNG(0.1),2.99,0.8242
RNG(0.1),3.0,0.824
RNG(0.1),3.01,0.8238
RNG(0.1),3.02,0.8238
RNG(0.1),3.03,0.8235
RNG(0.1),3.04,0.8233
RNG(0.1),3.05,0.8232
RNG(0.1),3.06,0.8231
RNG(0.1),3.07,0.8229
RNG(0.1),3.08,0.8228
RNG(0.1),3.09,0.8228
RNG(0.1),3.1,0.8227
RNG(0.1),3.11,0.8227
RNG(0.1),3.12,0.8227
RNG(0.1),3.13,0.8225
RNG(0.1),3.14,0.8222
RNG(0.1),3.15,0.822
RNG(0.1),3.16,0.8219
RNG(0.1),3.17,0.8217
RNG(0.1),3.18,0.8215
RNG(0.1),3.19,0.8214
RNG(0.1),3.2,0.8214
RNG(0.1),3.21,0.8213
RNG(0.1),3.22,0.8213
RNG(0.1),3.23,0.8213
RNG(0.1),3.24,0.8211
RNG(0.1),3.25,0.8211
RNG(0.1),3.26,0.8212
RNG(0.1),3.27,0.8212
RNG(0.1),3.28,0.821
RNG(0.1),3.29,0.821
RNG(0.1),3.3,0.8209
RNG(0.1),3.31,0.8209
RNG(0.1),3.32,0.8209
RNG(0.1),3.33,0.8209
RNG(0.1),3.34,0.8209
RNG(0.1),3.35,0.8209
RNG(0.1),3.36,0.8208
RNG(0.1),3.37,0.8208
RNG(0.1),3.38,0.8208
RNG(0.1),3.39,0.8205
RNG(0.1),3.4,0.8205
RNG(0.1),3.41,0.8203
RNG(0.1),3.42,0.8203
RNG(0.1),3.43,0.8202
RNG(0.1),3.44,0.8202
RNG(0.1),3.45,0.8201
RNG(0.1),3.46,0.8202
RNG(0.1),3.47,0.8202
RNG(0.1),3.48,0.8201
RNG(0.1),3.49,0.8199
RNG(0.1),3.5,0.82
RNG(0.1),3.51,0.8199
RNG(0.1),3.52,0.8199
RNG(0.1),3.53,0.8199
RNG(0.1),3.54,0.8198
RNG(0.1),3.55,0.8197
RNG(0.1),3.56,0.8197
RNG(0.1),3.57,0.8196
RNG(0.1),3.58,0.8194
RNG(0.1),3.59,0.8193
RNG(0.1),3.6,0.8192
RNG(0.1),3.61,0.8191
RNG(0.1),3.62,0.819
RNG(0.1),3.63,0.8188
RNG(0.1),3.64,0.8187
RNG(0.1),3.65,0.8187
RNG(0.1),3.66,0.8186
RNG(0.1),3.67,0.8185
RNG(0.1),3.68,0.8185
RNG(0.1),3.69,0.8183
RNG(0.1),3.7,0.818
RNG(0.1),3.71,0.818
RNG(0.1),3.72,0.818
RNG(0.1),3.73,0.8178
RNG(0.1),3.74,0.8177
RNG(0.1),3.75,0.8176
RNG(0.1),3.76,0.8175
RNG(0.1),3.77,0.8174
RNG(0.1),3.78,0.8174
RNG(0.1),3.79,0.8173
RNG(0.1),3.8,0.8173
RNG(0.1),3.81,0.8172
RNG(0.1),3.82,0.817
RNG(0.1),3.83,0.8166
RNG(0.1),3.84,0.8165
RNG(0.1),3.85,0.8163
RNG(0.1),3.86,0.8163
RNG(0.1),3.87,0.8162
RNG(0.1),3.88,0.8162
RNG(0.1),3.89,0.816
RNG(0.1),3.9,0.816
RNG(0.1),3.91,0.816
RNG(0.1),3.92,0.816
RNG(0.1),3.93,0.816
RNG(0.1),3.94,0.816
RNG(0.1),3.95,0.816
RNG(0.1),3.96,0.8158
RNG(0.1),3.97,0.8158
RNG(0.1),3.98,0.8158
RNG(0.1),3.99,0.8158
RNG(0.1),4.0,0.8158
RNG(0.1),4.01,0.8158
RNG(0.1),4.02,0.8156
RNG(0.1),4.03,0.8156
RNG(0.1),4.04,0.8156
RNG(0.1),4.05,0.8155
RNG(0.1),4.06,0.8155
RNG(0.1),4.07,0.8155
RNG(0.1),4.08,0.8155
RNG(0.1),4.09,0.8155
RNG(0.1),4.1,0.8156
RNG(0.1),4.11,0.8156
RNG(0.1),4.12,0.8156
RNG(0.1),4.13,0.8155
RNG(0.1),4.14,0.8155
RNG(0.1),4.15,0.8155
RNG(0.1),4.16,0.8155
RNG(0.1),4.17,0.8155
RNG(0.1),4.18,0.8155
RNG(0.1),4.19,0.8155
RNG(0.1),4.2,0.8155
RNG(0.1),4.21,0.8155
RNG(0.1),4.22,0.8155
RNG(0.1),4.23,0.8155
RNG(0.1),4.24,0.8155
RNG(0.1),4.25,0.8155
RNG(0.1),4.26,0.8155
RNG(0.1),4.27,0.8155
RNG(0.1),4.3,0.8155
RNG(0.1),4.31,0.8155
RNG(0.1),4.33,0.8155
RNG(0.1),4.35,0.8155
RNG(0.1),4.36,0.8155
RNG(0.1),4.37,0.8155
RNG(0.1),4.38,0.8155
Seg(0.1),0.99,0.827
Seg(0.1),1.0,0.827
Seg(0.1),1.01,0.827
Seg(0.1),1.02,0.8273
Seg(0.1),1.03,0.8278
Seg(0.1),1.04,0.8285
Seg(0.1),1.05,0.829
Seg(0.1),1.06,0.8299
Seg(0.1),1.07,0.8304
Seg(0.1),1.08,0.8313
Seg(0.1),1.09,0.8316
Seg(0.1),1.1,0.8318
Seg(0.1),1.11,0.832
Seg(0.1),1.12,0.8322
Seg(0.1),1.13,0.8324
Seg(0.1),1.14,0.8326
Seg(0.1),1.15,0.8327
Seg(0.1),1.16,0.8328
Seg(0.1),1.17,0.8329
Seg(0.1),1.18,0.833
Seg(0.1),1.19,0.833
Seg(0.1),1.2,0.8331
Seg(0.1),1.21,0.8332
Seg(0.1),1.22,0.8333
Seg(0.1),1.23,0.8332
Seg(0.1),1.25,0.8332
Seg(0.1),1.26,0.8333
Seg(0.1),1.27,0.8333
Seg(0.1),1.28,0.8333
Seg(0.1),1.29,0.8333
Seg(0.1),1.3,0.8333
Seg(0.1),1.31,0.8333
Seg(0.1),1.32,0.8333
Seg(0.1),1.33,0.8333
Seg(0.1),1.34,0.8333
Seg(0.1),1.35,0.8333
Seg(0.1),1.36,0.8333
Seg(0.1),1.37,0.8333
Seg(0.1),1.38,0.8332
Seg(0.1),1.39,0.8333
Seg(0.1),1.4,0.8332
Seg(0.1),1.41,0.8332
Seg(0.1),1.42,0.8331
Seg(0.1),1.43,0.8331
Seg(0.1),1.44,0.8331
Seg(0.1),1.45,0.8329
Seg(0.1),1.46,0.8329
Seg(0.1),1.47,0.833
Seg(0.1),1.48,0.833
Seg(0.1),1.49,0.8329
Seg(0.1),1.5,0.8328
Seg(0.1),1.51,0.8327
Seg(0.1),1.52,0.8326
Seg(0.1),1.53,0.8323
Seg(0.1),1.54,0.8323
Seg(0.1),1.55,0.8324
Seg(0.1),1.56,0.8322
Seg(0.1),1.57,0.8323
Seg(0.1),1.58,0.8321
Seg(0.1),1.59,0.8321
Seg(0.1),1.6,0.8321
Seg(0.1),1.61,0.8322
Seg(0.1),1.62,0.8322
Seg(0.1),1.63,0.8323
Seg(0.1),1.64,0.8322
Seg(0.1),1.65,0.8323
Seg(0.1),1.66,0.8324
Seg(0.1),1.67,0.8325
Seg(0.1),1.68,0.8325
Seg(0.1),1.69,0.8325
Seg(0.1),1.7,0.8326
Seg(0.1),1.71,0.8325
Seg(0.1),1.72,0.8323
Seg(0.1),1.73,0.8323
Seg(0.1),1.74,0.8322
Seg(0.1),1.75,0.8322
Seg(0.1),1.76,0.8321
Seg(0.1),1.77,0.832
Seg(0.1),1.78,0.8318
Seg(0.1),1.79,0.8318
Seg(0.1),1.8,0.8318
Seg(0.1),1.81,0.8317
Seg(0.1),1.82,0.8317
Seg(0.1),1.83,0.8316
Seg(0.1),1.84,0.8316
Seg(0.1),1.85,0.8317
Seg(0.1),1.86,0.8317
Seg(0.1),1.87,0.8318
Seg(0.1),1.88,0.8318
Seg(0.1),1.89,0.8319
Seg(0.1),1.9,0.8319
Seg(0.1),1.91,0.8319
Seg(0.1),1.92,0.832
Seg(0.1),1.93,0.8321
Seg(0.1),1.94,0.8323
Seg(0.1),1.95,0.8323
Seg(0.1),1.96,0.8323
Seg(0.1),1.97,0.8324
Seg(0.1),1.98,0.8324
Seg(0.1),1.99,0.8324
Seg(0.1),2.0,0.8325
Seg(0.1),2.01,0.8325
Seg(0.1),2.02,0.8325
Seg(0.1),2.03,0.8324
Seg(0.1),2.04,0.8326
Seg(0.1),2.05,0.8326
Seg(0.1),2.06,0.8326
Seg(0.1),2.07,0.8326
Seg(0.1),2.08,0.8326
Seg(0.1),2.09,0.8327
Seg(0.1),2.1,0.8327
Seg(0.1),2.11,0.8328
Seg(0.1),2.12,0.8327
Seg(0.1),2.13,0.8327
Seg(0.1),2.14,0.8326
Seg(0.1),2.15,0.8326
Seg(0.1),2.16,0.8325
Seg(0.1),2.17,0.8325
Seg(0.1),2.18,0.8325
Seg(0.1),2.19,0.8326
Seg(0.1),2.2,0.8325
Seg(0.1),2.21,0.8325
Seg(0.1),2.22,0.8323
Seg(0.1),2.23,0.8323
Seg(0.1),2.24,0.8322
Seg(0.1),2.25,0.8321
Seg(0.1),2.26,0.832
Seg(0.1),2.27,0.8321
Seg(0.1),2.28,0.832
Seg(0.1),2.29,0.8319
Seg(0.1),2.3,0.8319
Seg(0.1),2.31,0.8318
Seg(0.1),2.32,0.8317
Seg(0.1),2.33,0.8317
Seg(0.1),2.34,0.8317
Seg(0.1),2.35,0.8317
Seg(0.1),2.36,0.8316
Seg(0.1),2.37,0.8315
Seg(0.1),2.38,0.8314
Seg(0.1),2.39,0.8313
Seg(0.1),2.4,0.8314
Seg(0.1),2.41,0.8313
Seg(0.1),2.42,0.8312
Seg(0.1),2.43,0.8313
Seg(0.1),2.44,0.8312
Seg(0.1),2.45,0.831
Seg(0.1),2.46,0.8309
Seg(0.1),2.47,0.831
Seg(0.1),2.48,0.8309
Seg(0.1),2.49,0.8309
Seg(0.1),2.5,0.8308
Seg(0.1),2.51,0.8306
Seg(0.1),2.52,0.8305
Seg(0.1),2.53,0.8304
Seg(0.1),2.54,0.8304
Seg(0.1),2.55,0.8304
Seg(0.1),2.56,0.8304
Seg(0.1),2.57,0.8305
Seg(0.1),2.58,0.8305
Seg(0.1),2.59,0.8303
Seg(0.1),2.6,0.8303
Seg(0.1),2.61,0.8303
Seg(0.1),2.62,0.8303
Seg(0.1),2.63,0.8303
Seg(0.1),2.64,0.8303
Seg(0.1),2.65,0.8302
Seg(0.1),2.66,0.8301
Seg(0.1),2.67,0.8301
Seg(0.1),2.68,0.83
Seg(0.1),2.69,0.8299
Seg(0.1),2.7,0.8299
Seg(0.1),2.71,0.8299
Seg(0.1),2.72,0.8299
Seg(0.1),2.73,0.8299
Seg(0.1),2.74,0.8299
Seg(0.1),2.75,0.8298
Seg(0.1),2.76,0.8298
Seg(0.1),2.77,0.8297
Seg(0.1),2.78,0.8295
Seg(0.1),2.79,0.8295
Seg(0.1),2.8,0.8294
Seg(0.1),2.81,0.8293
Seg(0.1),2.82,0.8293
Seg(0.1),2.83,0.8292
Seg(0.1),2.84,0.8291
Seg(0.1),2.85,0.829
Seg(0.1),2.86,0.829
Seg(0.1),2.87,0.829
Seg(0.1),2.88,0.829
Seg(0.1),2.89,0.829
Seg(0.1),2.9,0.829
Seg(0.1),2.91,0.8289
Seg(0.1),2.92,0.8289
Seg(0.1),2.93,0.8286
Seg(0.1),2.94,0.8287
Seg(0.1),2.95,0.8286
Seg(0.1),2.96,0.8286
Seg(0.1),2.97,0.8284
Seg(0.1),2.98,0.8282
Seg(0.1),2.99,0.828
Seg(0.1),3.0,0.8278
Seg(0.1),3.01,0.8277
Seg(0.1),3.02,0.8275
Seg(0.1),3.03,0.8273
Seg(0.1),3.04,0.8272
Seg(0.1),3.05,0.8271
Seg(0.1),3.06,0.827
Seg(0.1),3.07,0.8269
Seg(0.1),3.08,0.8269
Seg(0.1),3.09,0.8268
Seg(0.1),3.1,0.8267
Seg(0.1),3.11,0.8268
Seg(0.1),3.12,0.8268
Seg(0.1),3.13,0.8267
Seg(0.1),3.14,0.8266
Seg(0.1),3.15,0.8265
Seg(0.1),3.16,0.8264
Seg(0.1),3.17,0.8261
Seg(0.1),3.18,0.8261
Seg(0.1),3.19,0.826
Seg(0.1),3.2,0.8259
Seg(0.1),3.21,0.8259
Seg(0.1),3.22,0.8258
Seg(0.1),3.23,0.8258
Seg(0.1),3.24,0.8257
Seg(0.1),3.25,0.8257
Seg(0.1),3.26,0.8257
Seg(0.1),3.27,0.8256
Seg(0.1),3.28,0.8255
Seg(0.1),3.29,0.8254
Seg(0.1),3.3,0.8255
Seg(0.1),3.31,0.8254
Seg(0.1),3.32,0.8254
Seg(0.1),3.33,0.8253
Seg(0.1),3.34,0.8253
Seg(0.1),3.35,0.8254
Seg(0.1),3.36,0.8254
Seg(0.1),3.37,0.8254
Seg(0.1),3.38,0.8254
Seg(0.1),3.39,0.8252
Seg(0.1),3.4,0.8252
Seg(0.1),3.41,0.8251
Seg(0.1),3.42,0.8251
Seg(0.1),3.43,0.8251
Seg(0.1),3.44,0.8251
Seg(0.1),3.45,0.825
Seg(0.1),3.46,0.8251
Seg(0.1),3.47,0.8251
Seg(0.1),3.48,0.825
Seg(0.1),3.49,0.825
Seg(0.1),3.5,0.825
Seg(0.1),3.51,0.825
Seg(0.1),3.52,0.825
Seg(0.1),3.53,0.825
Seg(0.1),3.54,0.8249
Seg(0.1),3.55,0.8249
Seg(0.1),3.56,0.8249
Seg(0.1),3.57,0.8248
Seg(0.1),3.58,0.8247
Seg(0.1),3.59,0.8246
Seg(0.1),3.6,0.8246
Seg(0.1),3.61,0.8246
Seg(0.1),3.62,0.8245
Seg(0.1),3.63,0.8243
Seg(0.1),3.64,0.8242
Seg(0.1),3.65,0.8242
Seg(0.1),3.66,0.8241
Seg(0.1),3.67,0.8241
Seg(0.1),3.68,0.824
Seg(0.1),3.69,0.8239
Seg(0.1),3.7,0.8237
Seg(0.1),3.71,0.8237
Seg(0.1),3.72,0.8237
Seg(0.1),3.73,0.8236
Seg(0.1),3.74,0.8235
Seg(0.1),3.75,0.8233
Seg(0.1),3.76,0.8233
Seg(0.1),3.77,0.8232
Seg(0.1),3.78,0.8232
Seg(0.1),3.79,0.8232
Seg(0.1),3.8,0.8231
Seg(0.1),3.81,0.823
Seg(0.1),3.82,0.823
Seg(0.1),3.83,0.8229
Seg(0.1),3.84,0.8228
Seg(0.1),3.85,0.8227
Seg(0.1),3.86,0.8227
Seg(0.1),3.87,0.8226
Seg(0.1),3.88,0.8226
Seg(0.1),3.89,0.8225
Seg(0.1),3.9,0.8225
Seg(0.1),3.91,0.8225
Seg(0.1),3.92,0.8225
Seg(0.1),3.93,0.8225
Seg(0.1),3.94,0.8225
Seg(0.1),3.95,0.8225
Seg(0.1),3.96,0.8224
Seg(0.1),3.97,0.8224
Seg(0.1),3.98,0.8224
Seg(0.1),3.99,0.8224
Seg(0.1),4.0,0.8224
Seg(0.1),4.01,0.8224
Seg(0.1),4.02,0.8223
Seg(0.1),4.03,0.8222
Seg(0.1),4.04,0.8222
Seg(0.1),4.05,0.8222
Seg(0.1),4.06,0.8222
Seg(0.1),4.07,0.8222
Seg(0.1),4.08,0.8222
Seg(0.1),4.09,0.8222
Seg(0.1),4.1,0.8222
Seg(0.1),4.11,0.8222
Seg(0.1),4.12,0.8222
Seg(0.1),4.13,0.8221
Seg(0.1),4.14,0.8221
Seg(0.1),4.15,0.8221
Seg(0.1),4.16,0.8221
Seg(0.1),4.17,0.8221
Seg(0.1),4.18,0.8221
Seg(0.1),4.19,0.8221
Seg(0.1),4.2,0.8221
Seg(0.1),4.21,0.8221
Seg(0.1),4.22,0.8221
Seg(0.1),4.23,0.8221
Seg(0.1),4.24,0.8221
Seg(0.1),4.25,0.8221
Seg(0.1),4.26,0.8221
Seg(0.1),4.27,0.8221
Seg(0.1),4.3,0.8221
Seg(0.1),4.31,0.8221
Seg(0.1),4.33,0.8221
Seg(0.1),4.35,0.8221
Seg(0.1),4.36,0.8221
Seg(0.1),4.37,0.8221
Seg(0.1),4.38,0.8221
RNG(0.2),0.99,0.827
RNG(0.2),1.0,0.827
RNG(0.2),1.01,0.827
RNG(0.2),1.02,0.8273
RNG(0.2),1.03,0.8278
RNG(0.2),1.04,0.8286
RNG(0.2),1.05,0.8292
RNG(0.2),1.06,0.8302
RNG(0.2),1.07,0.8307
RNG(0.2),1.08,0.8316
RNG(0.2),1.09,0.832
RNG(0.2),1.1,0.8323
RNG(0.2),1.11,0.8325
RNG(0.2),1.12,0.8327
RNG(0.2),1.13,0.8329
RNG(0.2),1.14,0.8331
RNG(0.2),1.15,0.8332
RNG(0.2),1.16,0.8333
RNG(0.2),1.17,0.8334
RNG(0.2),1.18,0.8335
RNG(0.2),1.19,0.8336
RNG(0.2),1.2,0.8337
RNG(0.2),1.21,0.8338
RNG(0.2),1.22,0.8339
RNG(0.2),1.23,0.8338
RNG(0.2),1.25,0.8338
RNG(0.2),1.26,0.8339
RNG(0.2),1.27,0.8338
RNG(0.2),1.28,0.8339
RNG(0.2),1.29,0.8339
RNG(0.2),1.3,0.8339
RNG(0.2),1.31,0.8339
RNG(0.2),1.32,0.8339
RNG(0.2),1.33,0.8339
RNG(0.2),1.34,0.8339
RNG(0.2),1.35,0.8339
RNG(0.2),1.36,0.8339
RNG(0.2),1.37,0.834
RNG(0.2),1.38,0.8339
RNG(0.2),1.39,0.834
RNG(0.2),1.4,0.8338
RNG(0.2),1.41,0.8339
RNG(0.2),1.42,0.8337
RNG(0.2),1.43,0.8336
RNG(0.2),1.44,0.8336
RNG(0.2),1.45,0.8335
RNG(0.2),1.46,0.8336
RNG(0.2),1.47,0.8336
RNG(0.2),1.48,0.8337
RNG(0.2),1.49,0.8337
RNG(0.2),1.5,0.8337
RNG(0.2),1.51,0.8336
RNG(0.2),1.52,0.8336
RNG(0.2),1.53,0.8334
RNG(0.2),1.54,0.8335
RNG(0.2),1.55,0.8336
RNG(0.2),1.56,0.8336
RNG(0.2),1.57,0.8336
RNG(0.2),1.58,0.8334
RNG(0.2),1.59,0.8335
RNG(0.2),1.6,0.8335
RNG(0.2),1.61,0.8335
RNG(0.2),1.62,0.8336
RNG(0.2),1.63,0.8337
RNG(0.2),1.64,0.8338
RNG(0.2),1.65,0.8339
RNG(0.2),1.66,0.834
RNG(0.2),1.67,0.8342
RNG(0.2),1.68,0.8342
RNG(0.2),1.69,0.8342
RNG(0.2),1.7,0.8343
RNG(0.2),1.71,0.8344
RNG(0.2),1.72,0.8343
RNG(0.2),1.73,0.8343
RNG(0.2),1.74,0.8343
RNG(0.2),1.75,0.8343
RNG(0.2),1.76,0.8342
RNG(0.2),1.77,0.8342
RNG(0.2),1.78,0.8341
RNG(0.2),1.79,0.8341
RNG(0.2),1.8,0.8341
RNG(0.2),1.81,0.8342
RNG(0.2),1.82,0.8343
RNG(0.2),1.83,0.8342
RNG(0.2),1.84,0.8342
RNG(0.2),1.85,0.8343
RNG(0.2),1.86,0.8343
RNG(0.2),1.87,0.8344
RNG(0.2),1.88,0.8345
RNG(0.2),1.89,0.8346
RNG(0.2),1.9,0.8346
RNG(0.2),1.91,0.8347
RNG(0.2),1.92,0.8348
RNG(0.2),1.93,0.8349
RNG(0.2),1.94,0.835
RNG(0.2),1.95,0.8351
RNG(0.2),1.96,0.8351
RNG(0.2),1.97,0.835
RNG(0.2),1.98,0.8351
RNG(0.2),1.99,0.8351
RNG(0.2),2.0,0.8352
RNG(0.2),2.01,0.8351
RNG(0.2),2.02,0.8351
RNG(0.2),2.03,0.8351
RNG(0.2),2.04,0.8352
RNG(0.2),2.05,0.8353
RNG(0.2),2.06,0.8354
RNG(0.2),2.07,0.8354
RNG(0.2),2.08,0.8353
RNG(0.2),2.09,0.8353
RNG(0.2),2.1,0.8354
RNG(0.2),2.11,0.8354
RNG(0.2),2.12,0.8353
RNG(0.2),2.13,0.8353
RNG(0.2),2.14,0.8353
RNG(0.2),2.15,0.8352
RNG(0.2),2.16,0.8352
RNG(0.2),2.17,0.8351
RNG(0.2),2.18,0.8351
RNG(0.2),2.19,0.8352
RNG(0.2),2.2,0.8352
RNG(0.2),2.21,0.8351
RNG(0.2),2.22,0.835
RNG(0.2),2.23,0.835
RNG(0.2),2.24,0.835
RNG(0.2),2.25,0.8348
RNG(0.2),2.26,0.8347
RNG(0.2),2.27,0.8348
RNG(0.2),2.28,0.8347
RNG(0.2),2.29,0.8347
RNG(0.2),2.3,0.8346
RNG(0.2),2.31,0.8346
RNG(0.2),2.32,0.8345
RNG(0.2),2.33,0.8345
RNG(0.2),2.34,0.8344
RNG(0.2),2.35,0.8345
RNG(0.2),2.36,0.8345
RNG(0.2),2.37,0.8346
RNG(0.2),2.38,0.8347
RNG(0.2),2.39,0.8346
RNG(0.2),2.4,0.8347
RNG(0.2),2.41,0.8346
RNG(0.2),2.42,0.8345
RNG(0.2),2.43,0.8347
RNG(0.2),2.44,0.8346
RNG(0.2),2.45,0.8345
RNG(0.2),2.46,0.8345
RNG(0.2),2.47,0.8347
RNG(0.2),2.48,0.8346
RNG(0.2),2.49,0.8346
RNG(0.2),2.5,0.8345
RNG(0.2),2.51,0.8345
RNG(0.2),2.52,0.8344
RNG(0.2),2.53,0.8343
RNG(0.2),2.54,0.8343
RNG(0.2),2.55,0.8344
RNG(0.2),2.56,0.8344
RNG(0.2),2.57,0.8345
RNG(0.2),2.58,0.8345
RNG(0.2),2.59,0.8343
RNG(0.2),2.6,0.8344
RNG(0.2),2.61,0.8343
RNG(0.2),2.62,0.8344
RNG(0.2),2.63,0.8344
RNG(0.2),2.64,0.8344
RNG(0.2),2.65,0.8343
RNG(0.2),2.66,0.8343
RNG(0.2),2.67,0.8342
RNG(0.2),2.68,0.8341
RNG(0.2),2.69,0.8341
RNG(0.2),2.7,0.8341
RNG(0.2),2.71,0.8341
RNG(0.2),2.72,0.8342
RNG(0.2),2.73,0.8341
RNG(0.2),2.74,0.8341
RNG(0.2),2.75,0.8341
RNG(0.2),2.76,0.8339
RNG(0.2),2.77,0.8338
RNG(0.2),2.78,0.8337
RNG(0.2),2.79,0.8337
RNG(0.2),2.8,0.8337
RNG(0.2),2.81,0.8336
RNG(0.2),2.82,0.8335
RNG(0.2),2.83,0.8335
RNG(0.2),2.84,0.8334
RNG(0.2),2.85,0.8333
RNG(0.2),2.86,0.8333
RNG(0.2),2.87,0.8333
RNG(0.2),2.88,0.8333
RNG(0.2),2.89,0.8332
RNG(0.2),2.9,0.8333
RNG(0.2),2.91,0.8332
RNG(0.2),2.92,0.8332
RNG(0.2),2.93,0.833
RNG(0.2),2.94,0.833
RNG(0.2),2.95,0.8328
RNG(0.2),2.96,0.8327
RNG(0.2),2.97,0.8326
RNG(0.2),2.98,0.8325
RNG(0.2),2.99,0.8323
RNG(0.2),3.0,0.8321
RNG(0.2),3.01,0.832
RNG(0.2),3.02,0.8319
RNG(0.2),3.03,0.8318
RNG(0.2),3.04,0.8317
RNG(0.2),3.05,0.8315
RNG(0.2),3.06,0.8315
RNG(0.2),3.07,0.8315
RNG(0.2),3.08,0.8314
RNG(0.2),3.09,0.8314
RNG(0.2),3.1,0.8313
RNG(0.2),3.11,0.8315
RNG(0.2),3.12,0.8316
RNG(0.2),3.13,0.8315
RNG(0.2),3.14,0.8314
RNG(0.2),3.15,0.8313
RNG(0.2),3.16,0.8313
RNG(0.2),3.17,0.8311
RNG(0.2),3.18,0.831
RNG(0.2),3.19,0.831
RNG(0.2),3.2,0.831
RNG(0.2),3.21,0.831
RNG(0.2),3.22,0.831
RNG(0.2),3.23,0.8309
RNG(0.2),3.24,0.8309
RNG(0.2),3.25,0.8308
RNG(0.2),3.26,0.8309
RNG(0.2),3.27,0.8308
RNG(0.2),3.28,0.8307
RNG(0.2),3.29,0.8307
RNG(0.2),3.3,0.8307
RNG(0.2),3.31,0.8307
RNG(0.2),3.32,0.8307
RNG(0.2),3.33,0.8307
RNG(0.2),3.34,0.8307
RNG(0.2),3.35,0.8308
RNG(0.2),3.36,0.8308
RNG(0.2),3.37,0.8308
RNG(0.2),3.38,0.8308
RNG(0.2),3.39,0.8306
RNG(0.2),3.4,0.8306
RNG(0.2),3.41,0.8305
RNG(0.2),3.42,0.8305
RNG(0.2),3.43,0.8305
RNG(0.2),3.44,0.8305
RNG(0.2),3.45,0.8304
RNG(0.2),3.46,0.8305
RNG(0.2),3.47,0.8305
RNG(0.2),3.48,0.8304
RNG(0.2),3.49,0.8304
RNG(0.2),3.5,0.8304
RNG(0.2),3.51,0.8304
RNG(0.2),3.52,0.8304
RNG(0.2),3.53,0.8304
RNG(0.2),3.54,0.8303
RNG(0.2),3.55,0.8303
RNG(0.2),3.56,0.8303
RNG(0.2),3.57,0.8303
RNG(0.2),3.58,0.8302
RNG(0.2),3.59,0.8302
RNG(0.2),3.6,0.8301
RNG(0.2),3.61,0.8301
RNG(0.2),3.62,0.8301
RNG(0.2),3.63,0.83
RNG(0.2),3.64,0.8299
RNG(0.2),3.65,0.8299
RNG(0.2),3.66,0.8298
RNG(0.2),3.67,0.8298
RNG(0.2),3.68,0.8298
RNG(0.2),3.69,0.8297
RNG(0.2),3.7,0.8296
RNG(0.2),3.71,0.8296
RNG(0.2),3.72,0.8295
RNG(0.2),3.73,0.8295
RNG(0.2),3.74,0.8294
RNG(0.2),3.75,0.8293
RNG(0.2),3.76,0.8293
RNG(0.2),3.77,0.8292
RNG(0.2),3.78,0.8292
RNG(0.2),3.79,0.8292
RNG(0.2),3.8,0.8291
RNG(0.2),3.81,0.829
RNG(0.2),3.82,0.829
RNG(0.2),3.83,0.8289
RNG(0.2),3.84,0.8289
RNG(0.2),3.85,0.8288
RNG(0.2),3.86,0.8288
RNG(0.2),3.87,0.8287
RNG(0.2),3.88,0.8287
RNG(0.2),3.89,0.8287
RNG(0.2),3.9,0.8287
RNG(0.2),3.91,0.8288
RNG(0.2),3.92,0.8288
RNG(0.2),3.93,0.8288
RNG(0.2),3.94,0.8287
RNG(0.2),3.95,0.8287
RNG(0.2),3.96,0.8286
RNG(0.2),3.97,0.8286
RNG(0.2),3.98,0.8286
RNG(0.2),3.99,0.8286
RNG(0.2),4.0,0.8286
RNG(0.2),4.01,0.8286
RNG(0.2),4.02,0.8285
RNG(0.2),4.03,0.8285
RNG(0.2),4.04,0.8285
RNG(0.2),4.05,0.8285
RNG(0.2),4.06,0.8285
RNG(0.2),4.07,0.8285
RNG(0.2),4.08,0.8285
RNG(0.2),4.09,0.8285
RNG(0.2),4.1,0.8285
RNG(0.2),4.11,0.8285
RNG(0.2),4.12,0.8285
RNG(0.2),4.13,0.8284
RNG(0.2),4.14,0.8284
RNG(0.2),4.15,0.8284
RNG(0.2),4.16,0.8284
RNG(0.2),4.17,0.8284
RNG(0.2),4.18,0.8284
RNG(0.2),4.19,0.8284
RNG(0.2),4.2,0.8284
RNG(0.2),4.21,0.8284
RNG(0.2),4.22,0.8284
RNG(0.2),4.23,0.8284
RNG(0.2),4.24,0.8284
RNG(0.2),4.25,0.8284
RNG(0.2),4.26,0.8284
RNG(0.2),4.27,0.8284
RNG(0.2),4.3,0.8284
RNG(0.2),4.31,0.8284
RNG(0.2),4.33,0.8284
RNG(0.2),4.35,0.8284
RNG(0.2),4.36,0.8284
RNG(0.2),4.37,0.8284
RNG(0.2),4.38,0.8284
Seg(0.2),0.99,0.827
Seg(0.2),1.0,0.827
Seg(0.2),1.01,0.827
Seg(0.2),1.02,0.8272
Seg(0.2),1.03,0.8277
Seg(0.2),1.04,0.8283
Seg(0.2),1.05,0.8288
Seg(0.2),1.06,0.8296
Seg(0.2),1.07,0.8301
Seg(0.2),1.08,0.8309
Seg(0.2),1.09,0.8313
Seg(0.2),1.1,0.8315
Seg(0.2),1.11,0.8317
Seg(0.2),1.12,0.8319
Seg(0.2),1.13,0.8321
Seg(0.2),1.14,0.8323
Seg(0.2),1.15,0.8324
Seg(0.2),1.16,0.8325
Seg(0.2),1.17,0.8326
Seg(0.2),1.18,0.8327
Seg(0.2),1.19,0.8327
Seg(0.2),1.2,0.8329
Seg(0.2),1.21,0.8329
Seg(0.2),1.22,0.833
Seg(0.2),1.23,0.833
Seg(0.2),1.25,0.833
Seg(0.2),1.26,0.8331
Seg(0.2),1.27,0.8331
Seg(0.2),1.28,0.8331
Seg(0.2),1.29,0.8332
Seg(0.2),1.3,0.8332
Seg(0.2),1.31,0.8331
Seg(0.2),1.32,0.8331
Seg(0.2),1.33,0.8332
Seg(0.2),1.34,0.8332
Seg(0.2),1.35,0.8332
Seg(0.2),1.36,0.8332
Seg(0.2),1.37,0.8332
Seg(0.2),1.38,0.8332
Seg(0.2),1.39,0.8333
Seg(0.2),1.4,0.8332
Seg(0.2),1.41,0.8333
Seg(0.2),1.42,0.8332
Seg(0.2),1.43,0.8333
Seg(0.2),1.44,0.8333
Seg(0.2),1.45,0.8332
Seg(0.2),1.46,0.8333
Seg(0.2),1.47,0.8334
Seg(0.2),1.48,0.8335
Seg(0.2),1.49,0.8336
Seg(0.2),1.5,0.8334
Seg(0.2),1.51,0.8334
Seg(0.2),1.52,0.8334
Seg(0.2),1.53,0.8333
Seg(0.2),1.54,0.8334
Seg(0.2),1.55,0.8335
Seg(0.2),1.56,0.8335
Seg(0.2),1.57,0.8335
Seg(0.2),1.58,0.8334
Seg(0.2),1.59,0.8334
Seg(0.2),1.6,0.8335
Seg(0.2),1.61,0.8336
Seg(0.2),1.62,0.8337
Seg(0.2),1.63,0.8337
Seg(0.2),1.64,0.8338
Seg(0.2),1.65,0.8339
Seg(0.2),1.66,0.8341
Seg(0.2),1.67,0.8342
Seg(0.2),1.68,0.8343
Seg(0.2),1.69,0.8343
Seg(0.2),1.7,0.8344
Seg(0.2),1.71,0.8344
Seg(0.2),1.72,0.8344
Seg(0.2),1.73,0.8344
Seg(0.2),1.74,0.8344
Seg(0.2),1.75,0.8344
Seg(0.2),1.76,0.8344
Seg(0.2),1.77,0.8344
Seg(0.2),1.78,0.8343
Seg(0.2),1.79,0.8344
Seg(0.2),1.8,0.8344
Seg(0.2),1.81,0.8345
Seg(0.2),1.82,0.8345
Seg(0.2),1.83,0.8345
Seg(0.2),1.84,0.8345
Seg(0.2),1.85,0.8346
Seg(0.2),1.86,0.8346
Seg(0.2),1.87,0.8347
Seg(0.2),1.88,0.8347
Seg(0.2),1.89,0.8347
Seg(0.2),1.9,0.8347
Seg(0.2),1.91,0.8348
Seg(0.2),1.92,0.8349
Seg(0.2),1.93,0.8349
Seg(0.2),1.94,0.835
Seg(0.2),1.95,0.835
Seg(0.2),1.96,0.835
Seg(0.2),1.97,0.8351
Seg(0.2),1.98,0.8351
Seg(0.2),1.99,0.835
Seg(0.2),2.0,0.8351
Seg(0.2),2.01,0.835
Seg(0.2),2.02,0.835
Seg(0.2),2.03,0.8351
Seg(0.2),2.04,0.8352
Seg(0.2),2.05,0.8352
Seg(0.2),2.06,0.8353
Seg(0.2),2.07,0.8353
Seg(0.2),2.08,0.8353
Seg(0.2),2.09,0.8354
Seg(0.2),2.1,0.8354
Seg(0.2),2.11,0.8354
Seg(0.2),2.12,0.8353
Seg(0.2),2.13,0.8354
Seg(0.2),2.14,0.8354
Seg(0.2),2.15,0.8354
Seg(0.2),2.16,0.8353
Seg(0.2),2.17,0.8353
Seg(0.2),2.18,0.8353
Seg(0.2),2.19,0.8354
Seg(0.2),2.2,0.8354
Seg(0.2),2.21,0.8354
Seg(0.2),2.22,0.8353
Seg(0.2),2.23,0.8353
Seg(0.2),2.24,0.8353
Seg(0.2),2.25,0.8353
Seg(0.2),2.26,0.8352
Seg(0.2),2.27,0.8353
Seg(0.2),2.28,0.8352
Seg(0.2),2.29,0.8352
Seg(0.2),2.3,0.8352
Seg(0.2),2.31,0.8352
Seg(0.2),2.32,0.8352
Seg(0.2),2.33,0.8352
Seg(0.2),2.34,0.8352
Seg(0.2),2.35,0.8352
Seg(0.2),2.36,0.8352
Seg(0.2),2.37,0.8352
Seg(0.2),2.38,0.8352
Seg(0.2),2.39,0.8351
Seg(0.2),2.4,0.8352
Seg(0.2),2.41,0.8353
Seg(0.2),2.42,0.8353
Seg(0.2),2.43,0.8353
Seg(0.2),2.44,0.8353
Seg(0.2),2.45,0.8354
Seg(0.2),2.46,0.8354
Seg(0.2),2.47,0.8354
Seg(0.2),2.48,0.8354
Seg(0.2),2.49,0.8353
Seg(0.2),2.5,0.8354
Seg(0.2),2.51,0.8353
Seg(0.2),2.52,0.8353
Seg(0.2),2.53,0.8353
Seg(0.2),2.54,0.8353
Seg(0.2),2.55,0.8354
Seg(0.2),2.56,0.8354
Seg(0.2),2.57,0.8355
Seg(0.2),2.58,0.8355
Seg(0.2),2.59,0.8353
Seg(0.2),2.6,0.8354
Seg(0.2),2.61,0.8353
Seg(0.2),2.62,0.8353
Seg(0.2),2.63,0.8354
Seg(0.2),2.64,0.8354
Seg(0.2),2.65,0.8353
Seg(0.2),2.66,0.8352
Seg(0.2),2.67,0.8352
Seg(0.2),2.68,0.8351
Seg(0.2),2.69,0.835
Seg(0.2),2.7,0.8351
Seg(0.2),2.71,0.8351
Seg(0.2),2.72,0.8351
Seg(0.2),2.73,0.8351
Seg(0.2),2.74,0.8351
Seg(0.2),2.75,0.835
Seg(0.2),2.76,0.835
Seg(0.2),2.77,0.8349
Seg(0.2),2.78,0.8347
Seg(0.2),2.79,0.8347
Seg(0.2),2.8,0.8347
Seg(0.2),2.81,0.8347
Seg(0.2),2.82,0.8346
Seg(0.2),2.83,0.8346
Seg(0.2),2.84,0.8346
Seg(0.2),2.85,0.8345
Seg(0.2),2.86,0.8345
Seg(0.2),2.87,0.8345
Seg(0.2),2.88,0.8345
Seg(0.2),2.89,0.8345
Seg(0.2),2.9,0.8345
Seg(0.2),2.91,0.8345
Seg(0.2),2.92,0.8345
Seg(0.2),2.93,0.8343
Seg(0.2),2.94,0.8344
Seg(0.2),2.95,0.8343
Seg(0.2),2.96,0.8342
Seg(0.2),2.97,0.8342
Seg(0.2),2.98,0.8341
Seg(0.2),2.99,0.8339
Seg(0.2),3.0,0.8338
Seg(0.2),3.01,0.8337
Seg(0.2),3.02,0.8336
Seg(0.2),3.03,0.8335
Seg(0.2),3.04,0.8335
Seg(0.2),3.05,0.8334
Seg(0.2),3.06,0.8334
Seg(0.2),3.07,0.8333
Seg(0.2),3.08,0.8332
Seg(0.2),3.09,0.8332
Seg(0.2),3.1,0.8333
Seg(0.2),3.11,0.8335
Seg(0.2),3.12,0.8336
Seg(0.2),3.13,0.8335
Seg(0.2),3.14,0.8334
Seg(0.2),3.15,0.8334
Seg(0.2),3.16,0.8334
Seg(0.2),3.17,0.8333
Seg(0.2),3.18,0.8333
Seg(0.2),3.19,0.8332
Seg(0.2),3.2,0.8333
Seg(0.2),3.21,0.8332
Seg(0.2),3.22,0.8332
Seg(0.2),3.23,0.8332
Seg(0.2),3.24,0.8332
Seg(0.2),3.25,0.8332
Seg(0.2),3.26,0.8332
Seg(0.2),3.27,0.8332
Seg(0.2),3.28,0.8332
Seg(0.2),3.29,0.8332
Seg(0.2),3.3,0.8332
Seg(0.2),3.31,0.8332
Seg(0.2),3.32,0.8332
Seg(0.2),3.33,0.8332
Seg(0.2),3.34,0.8332
Seg(0.2),3.35,0.8333
Seg(0.2),3.36,0.8333
Seg(0.2),3.37,0.8333
Seg(0.2),3.38,0.8333
Seg(0.2),3.39,0.8332
Seg(0.2),3.4,0.8332
Seg(0.2),3.41,0.8331
Seg(0.2),3.42,0.833
Seg(0.2),3.43,0.833
Seg(0.2),3.44,0.833
Seg(0.2),3.45,0.833
Seg(0.2),3.46,0.833
Seg(0.2),3.47,0.833
Seg(0.2),3.48,0.833
Seg(0.2),3.49,0.833
Seg(0.2),3.5,0.833
Seg(0.2),3.51,0.833
Seg(0.2),3.52,0.833
Seg(0.2),3.53,0.8329
Seg(0.2),3.54,0.8329
Seg(0.2),3.55,0.8329
Seg(0.2),3.56,0.8329
Seg(0.2),3.57,0.8329
Seg(0.2),3.58,0.8328
Seg(0.2),3.59,0.8328
Seg(0.2),3.6,0.8328
Seg(0.2),3.61,0.8328
Seg(0.2),3.62,0.8328
Seg(0.2),3.63,0.8326
Seg(0.2),3.64,0.8325
Seg(0.2),3.65,0.8325
Seg(0.2),3.66,0.8325
Seg(0.2),3.67,0.8325
Seg(0.2),3.68,0.8325
Seg(0.2),3.69,0.8324
Seg(0.2),3.7,0.8324
Seg(0.2),3.71,0.8324
Seg(0.2),3.72,0.8324
Seg(0.2),3.73,0.8324
Seg(0.2),3.74,0.8323
Seg(0.2),3.75,0.8322
Seg(0.2),3.76,0.8322
Seg(0.2),3.77,0.8322
Seg(0.2),3.78,0.8322
Seg(0.2),3.79,0.8322
Seg(0.2),3.8,0.8321
Seg(0.2),3.81,0.8321
Seg(0.2),3.82,0.8321
Seg(0.2),3.83,0.832
Seg(0.2),3.84,0.832
Seg(0.2),3.85,0.832
Seg(0.2),3.86,0.832
Seg(0.2),3.87,0.8319
Seg(0.2),3.88,0.8319
Seg(0.2),3.89,0.8319
Seg(0.2),3.9,0.8319
Seg(0.2),3.91,0.832
Seg(0.2),3.92,0.832
Seg(0.2),3.93,0.832
Seg(0.2),3.94,0.832
Seg(0.2),3.95,0.832
Seg(0.2),3.96,0.8319
Seg(0.2),3.97,0.8319
Seg(0.2),3.98,0.8319
Seg(0.2),3.99,0.8319
Seg(0.2),4.0,0.8319
Seg(0.2),4.01,0.8319
Seg(0.2),4.02,0.8318
Seg(0.2),4.03,0.8318
Seg(0.2),4.04,0.8318
Seg(0.2),4.05,0.8318
Seg(0.2),4.06,0.8318
Seg(0.2),4.07,0.8318
Seg(0.2),4.08,0.8318
Seg(0.2),4.09,0.8318
Seg(0.2),4.1,0.8318
Seg(0.2),4.11,0.8318
Seg(0.2),4.12,0.8318
Seg(0.2),4.13,0.8317
Seg(0.2),4.14,0.8317
Seg(0.2),4.15,0.8317
Seg(0.2),4.16,0.8317
Seg(0.2),4.17,0.8317
Seg(0.2),4.18,0.8317
Seg(0.2),4.19,0.8317
Seg(0.2),4.2,0.8317
Seg(0.2),4.21,0.8317
Seg(0.2),4.22,0.8317
Seg(0.2),4.23,0.8317
Seg(0.2),4.24,0.8317
Seg(0.2),4.25,0.8317
Seg(0.2),4.26,0.8317
Seg(0.2),4.27,0.8317
Seg(0.2),4.3,0.8317
Seg(0.2),4.31,0.8317
Seg(0.2),4.33,0.8317
Seg(0.2),4.35,0.8317
Seg(0.2),4.36,0.8317
Seg(0.2),4.37,0.8317
Seg(0.2),4.38,0.8317
RNG(0.3),0.99,0.827
RNG(0.3),1.0,0.827
RNG(0.3),1.01,0.827
RNG(0.3),1.02,0.8272
RNG(0.3),1.03,0.8277
RNG(0.3),1.04,0.8284
RNG(0.3),1.05,0.829
RNG(0.3),1.06,0.8301
RNG(0.3),1.07,0.8306
RNG(0.3),1.08,0.8315
RNG(0.3),1.09,0.8319
RNG(0.3),1.1,0.8322
RNG(0.3),1.11,0.8324
RNG(0.3),1.12,0.8327
RNG(0.3),1.13,0.8328
RNG(0.3),1.14,0.8331
RNG(0.3),1.15,0.8332
RNG(0.3),1.16,0.8333
RNG(0.3),1.17,0.8334
RNG(0.3),1.18,0.8335
RNG(0.3),1.19,0.8335
RNG(0.3),1.2,0.8337
RNG(0.3),1.21,0.8337
RNG(0.3),1.22,0.8338
RNG(0.3),1.23,0.8338
RNG(0.3),1.25,0.8338
RNG(0.3),1.26,0.8339
RNG(0.3),1.27,0.8339
RNG(0.3),1.28,0.8339
RNG(0.3),1.29,0.8339
RNG(0.3),1.3,0.8339
RNG(0.3),1.31,0.8339
RNG(0.3),1.32,0.8339
RNG(0.3),1.33,0.834
RNG(0.3),1.34,0.834
RNG(0.3),1.35,0.834
RNG(0.3),1.36,0.834
RNG(0.3),1.37,0.834
RNG(0.3),1.38,0.834
RNG(0.3),1.39,0.834
RNG(0.3),1.4,0.834
RNG(0.3),1.41,0.8341
RNG(0.3),1.42,0.834
RNG(0.3),1.43,0.8341
RNG(0.3),1.44,0.8341
RNG(0.3),1.45,0.8341
RNG(0.3),1.46,0.8341
RNG(0.3),1.47,0.8342
RNG(0.3),1.48,0.8343
RNG(0.3),1.49,0.8343
RNG(0.3),1.5,0.8343
RNG(0.3),1.51,0.8342
RNG(0.3),1.52,0.8342
RNG(0.3),1.53,0.8342
RNG(0.3),1.54,0.8344
RNG(0.3),1.55,0.8344
RNG(0.3),1.56,0.8346
RNG(0.3),1.57,0.8346
RNG(0.3),1.58,0.8345
RNG(0.3),1.59,0.8346
RNG(0.3),1.6,0.8347
RNG(0.3),1.61,0.8348
RNG(0.3),1.62,0.835
RNG(0.3),1.63,0.8351
RNG(0.3),1.64,0.8351
RNG(0.3),1.65,0.8353
RNG(0.3),1.66,0.8354
RNG(0.3),1.67,0.8356
RNG(0.3),1.68,0.8356
RNG(0.3),1.69,0.8356
RNG(0.3),1.7,0.8357
RNG(0.3),1.71,0.8358
RNG(0.3),1.72,0.8357
RNG(0.3),1.73,0.8357
RNG(0.3),1.74,0.8357
RNG(0.3),1.75,0.8357
RNG(0.3),1.76,0.8357
RNG(0.3),1.77,0.8358
RNG(0.3),1.78,0.8357
RNG(0.3),1.79,0.8358
RNG(0.3),1.8,0.8358
RNG(0.3),1.81,0.836
RNG(0.3),1.82,0.836
RNG(0.3),1.83,0.836
RNG(0.3),1.84,0.836
RNG(0.3),1.85,0.8361
RNG(0.3),1.86,0.8361
RNG(0.3),1.87,0.8361
RNG(0.3),1.88,0.8362
RNG(0.3),1.89,0.8362
RNG(0.3),1.9,0.8362
RNG(0.3),1.91,0.8362
RNG(0.3),1.92,0.8363
RNG(0.3),1.93,0.8363
RNG(0.3),1.94,0.8364
RNG(0.3),1.95,0.8365
RNG(0.3),1.96,0.8364
RNG(0.3),1.97,0.8365
RNG(0.3),1.98,0.8365
RNG(0.3),1.99,0.8365
RNG(0.3),2.0,0.8366
RNG(0.3),2.01,0.8365
RNG(0.3),2.02,0.8365
RNG(0.3),2.03,0.8365
RNG(0.3),2.04,0.8366
RNG(0.3),2.05,0.8366
RNG(0.3),2.06,0.8367
RNG(0.3),2.07,0.8368
RNG(0.3),2.08,0.8368
RNG(0.3),2.09,0.8368
RNG(0.3),2.1,0.8368
RNG(0.3),2.11,0.8369
RNG(0.3),2.12,0.8368
RNG(0.3),2.13,0.8368
RNG(0.3),2.14,0.8368
RNG(0.3),2.15,0.8368
RNG(0.3),2.16,0.8367
RNG(0.3),2.17,0.8367
RNG(0.3),2.18,0.8367
RNG(0.3),2.19,0.8368
RNG(0.3),2.2,0.8368
RNG(0.3),2.21,0.8369
RNG(0.3),2.22,0.8368
RNG(0.3),2.23,0.8368
RNG(0.3),2.24,0.8368
RNG(0.3),2.25,0.8367
RNG(0.3),2.26,0.8367
RNG(0.3),2.27,0.8367
RNG(0.3),2.28,0.8367
RNG(0.3),2.29,0.8367
RNG(0.3),2.3,0.8366
RNG(0.3),2.31,0.8366
RNG(0.3),2.32,0.8366
RNG(0.3),2.33,0.8366
RNG(0.3),2.34,0.8366
RNG(0.3),2.35,0.8366
RNG(0.3),2.36,0.8366
RNG(0.3),2.37,0.8367
RNG(0.3),2.38,0.8367
RNG(0.3),2.39,0.8366
RNG(0.3),2.4,0.8367
RNG(0.3),2.41,0.8367
RNG(0.3),2.42,0.8367
RNG(0.3),2.43,0.8368
RNG(0.3),2.44,0.8368
RNG(0.3),2.45,0.8368
RNG(0.3),2.46,0.8368
RNG(0.3),2.47,0.8368
RNG(0.3),2.48,0.8368
RNG(0.3),2.49,0.8368
RNG(0.3),2.5,0.8368
RNG(0.3),2.51,0.8368
RNG(0.3),2.52,0.8368
RNG(0.3),2.53,0.8368
RNG(0.3),2.54,0.8368
RNG(0.3),2.55,0.8369
RNG(0.3),2.56,0.8369
RNG(0.3),2.57,0.837
RNG(0.3),2.58,0.837
RNG(0.3),2.59,0.8369
RNG(0.3),2.6,0.8369
RNG(0.3),2.61,0.8369
RNG(0.3),2.62,0.8369
RNG(0.3),2.63,0.8369
RNG(0.3),2.64,0.8369
RNG(0.3),2.65,0.8368
RNG(0.3),2.66,0.8367
RNG(0.3),2.67,0.8367
RNG(0.3),2.68,0.8366
RNG(0.3),2.69,0.8366
RNG(0.3),2.7,0.8366
RNG(0.3),2.71,0.8365
RNG(0.3),2.72,0.8365
RNG(0.3),2.73,0.8365
RNG(0.3),2.74,0.8365
RNG(0.3),2.75,0.8364
RNG(0.3),2.76,0.8363
RNG(0.3),2.77,0.8362
RNG(0.3),2.78,0.8361
RNG(0.3),2.79,0.8361
RNG(0.3),2.8,0.8361
RNG(0.3),2.81,0.836
RNG(0.3),2.82,0.836
RNG(0.3),2.83,0.836
RNG(0.3),2.84,0.8359
RNG(0.3),2.85,0.8359
RNG(0.3),2.86,0.8359
RNG(0.3),2.87,0.8358
RNG(0.3),2.88,0.8358
RNG(0.3),2.89,0.8358
RNG(0.3),2.9,0.8358
RNG(0.3),2.91,0.8358
RNG(0.3),2.92,0.8358
RNG(0.3),2.93,0.8357
RNG(0.3),2.94,0.8357
RNG(0.3),2.95,0.8357
RNG(0.3),2.96,0.8356
RNG(0.3),2.97,0.8355
RNG(0.3),2.98,0.8354
RNG(0.3),2.99,0.8353
RNG(0.3),3.0,0.8352
RNG(0.3),3.01,0.8351
RNG(0.3),3.02,0.835
RNG(0.3),3.03,0.835
RNG(0.3),3.04,0.8349
RNG(0.3),3.05,0.8349
RNG(0.3),3.06,0.8349
RNG(0.3),3.07,0.8348
RNG(0.3),3.08,0.8347
RNG(0.3),3.09,0.8347
RNG(0.3),3.1,0.8348
RNG(0.3),3.11,0.835
RNG(0.3),3.12,0.835
RNG(0.3),3.13,0.835
RNG(0.3),3.14,0.8349
RNG(0.3),3.15,0.8349
RNG(0.3),3.16,0.8349
RNG(0.3),3.17,0.8348
RNG(0.3),3.18,0.8349
RNG(0.3),3.19,0.8348
RNG(0.3),3.2,0.8348
RNG(0.3),3.21,0.8348
RNG(0.3),3.22,0.8348
RNG(0.3),3.23,0.8348
RNG(0.3),3.24,0.8348
RNG(0.3),3.25,0.8348
RNG(0.3),3.26,0.8349
RNG(0.3),3.27,0.8349
RNG(0.3),3.28,0.8348
RNG(0.3),3.29,0.8348
RNG(0.3),3.3,0.8348
RNG(0.3),3.31,0.8348
RNG(0.3),3.32,0.8348
RNG(0.3),3.33,0.8348
RNG(0.3),3.34,0.8348
RNG(0.3),3.35,0.8349
RNG(0.3),3.36,0.8349
RNG(0.3),3.37,0.8349
RNG(0.3),3.38,0.8349
RNG(0.3),3.39,0.8347
RNG(0.3),3.4,0.8347
RNG(0.3),3.41,0.8347
RNG(0.3),3.42,0.8346
RNG(0.3),3.43,0.8346
RNG(0.3),3.44,0.8346
RNG(0.3),3.45,0.8346
RNG(0.3),3.46,0.8347
RNG(0.3),3.47,0.8347
RNG(0.3),3.48,0.8347
RNG(0.3),3.49,0.8346
RNG(0.3),3.5,0.8346
RNG(0.3),3.51,0.8346
RNG(0.3),3.52,0.8346
RNG(0.3),3.53,0.8346
RNG(0.3),3.54,0.8346
RNG(0.3),3.55,0.8346
RNG(0.3),3.56,0.8346
RNG(0.3),3.57,0.8346
RNG(0.3),3.58,0.8344
RNG(0.3),3.59,0.8344
RNG(0.3),3.6,0.8344
RNG(0.3),3.61,0.8344
RNG(0.3),3.62,0.8344
RNG(0.3),3.63,0.8344
RNG(0.3),3.64,0.8343
RNG(0.3),3.65,0.8343
RNG(0.3),3.66,0.8343
RNG(0.3),3.67,0.8343
RNG(0.3),3.68,0.8343
RNG(0.3),3.69,0.8342
RNG(0.3),3.7,0.8342
RNG(0.3),3.71,0.8342
RNG(0.3),3.72,0.8342
RNG(0.3),3.73,0.8342
RNG(0.3),3.74,0.8342
RNG(0.3),3.75,0.8341
RNG(0.3),3.76,0.8341
RNG(0.3),3.77,0.834
RNG(0.3),3.78,0.834
RNG(0.3),3.79,0.834
RNG(0.3),3.8,0.834
RNG(0.3),3.81,0.834
RNG(0.3),3.82,0.834
RNG(0.3),3.83,0.834
RNG(0.3),3.84,0.834
RNG(0.3),3.85,0.8339
RNG(0.3),3.86,0.8339
RNG(0.3),3.87,0.8339
RNG(0.3),3.88,0.8339
RNG(0.3),3.89,0.8339
RNG(0.3),3.9,0.8339
RNG(0.3),3.91,0.8338
RNG(0.3),3.92,0.8338
RNG(0.3),3.93,0.8338
RNG(0.3),3.94,0.8338
RNG(0.3),3.95,0.8338
RNG(0.3),3.96,0.8338
RNG(0.3),3.97,0.8338
RNG(0.3),3.98,0.8338
RNG(0.3),3.99,0.8338
RNG(0.3),4.0,0.8338
RNG(0.3),4.01,0.8338
RNG(0.3),4.02,0.8338
RNG(0.3),4.03,0.8338
RNG(0.3),4.04,0.8338
RNG(0.3),4.05,0.8338
RNG(0.3),4.06,0.8338
RNG(0.3),4.07,0.8338
RNG(0.3),4.08,0.8338
RNG(0.3),4.09,0.8338
RNG(0.3),4.1,0.8338
RNG(0.3),4.11,0.8338
RNG(0.3),4.12,0.8338
RNG(0.3),4.13,0.8337
RNG(0.3),4.14,0.8337
RNG(0.3),4.15,0.8337
RNG(0.3),4.16,0.8337
RNG(0.3),4.17,0.8337
RNG(0.3),4.18,0.8337
RNG(0.3),4.19,0.8337
RNG(0.3),4.2,0.8337
RNG(0.3),4.21,0.8337
RNG(0.3),4.22,0.8337
RNG(0.3),4.23,0.8337
RNG(0.3),4.24,0.8337
RNG(0.3),4.25,0.8337
RNG(0.3),4.26,0.8337
RNG(0.3),4.27,0.8337
RNG(0.3),4.3,0.8337
RNG(0.3),4.31,0.8337
RNG(0.3),4.33,0.8337
RNG(0.3),4.35,0.8337
RNG(0.3),4.36,0.8337
RNG(0.3),4.37,0.8337
RNG(0.3),4.38,0.8337
Seg(0.3),0.99,0.827
Seg(0.3),1.0,0.827
Seg(0.3),1.01,0.827
Seg(0.3),1.02,0.8272
Seg(0.3),1.03,0.8276
Seg(0.3),1.04,0.8281
Seg(0.3),1.05,0.8285
Seg(0.3),1.06,0.8294
Seg(0.3),1.07,0.8299
Seg(0.3),1.08,0.8306
Seg(0.3),1.09,0.8309
Seg(0.3),1.1,0.8311
Seg(0.3),1.11,0.8312
Seg(0.3),1.12,0.8314
Seg(0.3),1.13,0.8316
Seg(0.3),1.14,0.8317
Seg(0.3),1.15,0.8318
Seg(0.3),1.16,0.8319
Seg(0.3),1.17,0.832
Seg(0.3),1.18,0.8321
Seg(0.3),1.19,0.8322
Seg(0.3),1.2,0.8323
Seg(0.3),1.21,0.8323
Seg(0.3),1.22,0.8323
Seg(0.3),1.23,0.8323
Seg(0.3),1.25,0.8323
Seg(0.3),1.26,0.8324
Seg(0.3),1.27,0.8324
Seg(0.3),1.28,0.8324
Seg(0.3),1.29,0.8324
Seg(0.3),1.3,0.8324
Seg(0.3),1.31,0.8324
Seg(0.3),1.32,0.8324
Seg(0.3),1.33,0.8324
Seg(0.3),1.34,0.8324
Seg(0.3),1.35,0.8324
Seg(0.3),1.36,0.8324
Seg(0.3),1.37,0.8324
Seg(0.3),1.38,0.8324
Seg(0.3),1.39,0.8325
Seg(0.3),1.4,0.8325
Seg(0.3),1.41,0.8325
Seg(0.3),1.42,0.8325
Seg(0.3),1.43,0.8325
Seg(0.3),1.44,0.8325
Seg(0.3),1.45,0.8325
Seg(0.3),1.46,0.8325
Seg(0.3),1.47,0.8326
Seg(0.3),1.48,0.8326
Seg(0.3),1.49,0.8326
Seg(0.3),1.5,0.8326
Seg(0.3),1.51,0.8326
Seg(0.3),1.52,0.8327
Seg(0.3),1.53,0.8327
Seg(0.3),1.54,0.8328
Seg(0.3),1.55,0.8328
Seg(0.3),1.56,0.8329
Seg(0.3),1.57,0.8329
Seg(0.3),1.58,0.8328
Seg(0.3),1.59,0.8329
Seg(0.3),1.6,0.8329
Seg(0.3),1.61,0.8331
Seg(0.3),1.62,0.8331
Seg(0.3),1.63,0.8332
Seg(0.3),1.64,0.8332
Seg(0.3),1.65,0.8335
Seg(0.3),1.66,0.8335
Seg(0.3),1.67,0.8337
Seg(0.3),1.68,0.8337
Seg(0.3),1.69,0.8337
Seg(0.3),1.7,0.8338
Seg(0.3),1.71,0.8338
Seg(0.3),1.72,0.8339
Seg(0.3),1.73,0.8339
Seg(0.3),1.74,0.8339
Seg(0.3),1.75,0.8339
Seg(0.3),1.76,0.8339
Seg(0.3),1.77,0.834
Seg(0.3),1.78,0.8339
Seg(0.3),1.79,0.8339
Seg(0.3),1.8,0.834
Seg(0.3),1.81,0.834
Seg(0.3),1.82,0.834
Seg(0.3),1.83,0.8341
Seg(0.3),1.84,0.8341
Seg(0.3),1.85,0.8342
Seg(0.3),1.86,0.8342
Seg(0.3),1.87,0.8342
Seg(0.3),1.88,0.8342
Seg(0.3),1.89,0.8343
Seg(0.3),1.9,0.8342
Seg(0.3),1.91,0.8343
Seg(0.3),1.92,0.8343
Seg(0.3),1.93,0.8343
Seg(0.3),1.94,0.8344
Seg(0.3),1.95,0.8344
Seg(0.3),1.96,0.8345
Seg(0.3),1.97,0.8345
Seg(0.3),1.98,0.8345
Seg(0.3),1.99,0.8345
Seg(0.3),2.0,0.8345
Seg(0.3),2.01,0.8345
Seg(0.3),2.02,0.8345
Seg(0.3),2.03,0.8345
Seg(0.3),2.04,0.8346
Seg(0.3),2.05,0.8347
Seg(0.3),2.06,0.8348
Seg(0.3),2.07,0.8348
Seg(0.3),2.08,0.8348
Seg(0.3),2.09,0.8349
Seg(0.3),2.1,0.8349
Seg(0.3),2.11,0.8349
Seg(0.3),2.12,0.8349
Seg(0.3),2.13,0.8349
Seg(0.3),2.14,0.8349
Seg(0.3),2.15,0.8349
Seg(0.3),2.16,0.8349
Seg(0.3),2.17,0.8349
Seg(0.3),2.18,0.8349
Seg(0.3),2.19,0.835
Seg(0.3),2.2,0.835
Seg(0.3),2.21,0.835
Seg(0.3),2.22,0.835
Seg(0.3),2.23,0.835
Seg(0.3),2.24,0.835
Seg(0.3),2.25,0.835
Seg(0.3),2.26,0.8351
Seg(0.3),2.27,0.8351
Seg(0.3),2.28,0.835
Seg(0.3),2.29,0.8351
Seg(0.3),2.3,0.8351
Seg(0.3),2.31,0.8351
Seg(0.3),2.32,0.8351
Seg(0.3),2.33,0.8351
Seg(0.3),2.34,0.8351
Seg(0.3),2.35,0.8351
Seg(0.3),2.36,0.8351
Seg(0.3),2.37,0.8351
Seg(0.3),2.38,0.8351
Seg(0.3),2.39,0.835
Seg(0.3),2.4,0.835
Seg(0.3),2.41,0.8351
Seg(0.3),2.42,0.8351
Seg(0.3),2.43,0.8351
Seg(0.3),2.44,0.8352
Seg(0.3),2.45,0.8352
Seg(0.3),2.46,0.8351
Seg(0.3),2.47,0.8352
Seg(0.3),2.48,0.8352
Seg(0.3),2.49,0.8352
Seg(0.3),2.5,0.8352
Seg(0.3),2.51,0.8351
Seg(0.3),2.52,0.8351
Seg(0.3),2.53,0.8351
Seg(0.3),2.54,0.835
Seg(0.3),2.55,0.8352
Seg(0.3),2.56,0.8352
Seg(0.3),2.57,0.8352
Seg(0.3),2.58,0.8352
Seg(0.3),2.59,0.8352
Seg(0.3),2.6,0.8352
Seg(0.3),2.61,0.8352
Seg(0.3),2.62,0.8352
Seg(0.3),2.63,0.8353
Seg(0.3),2.64,0.8353
Seg(0.3),2.65,0.8352
Seg(0.3),2.66,0.8351
Seg(0.3),2.67,0.8351
Seg(0.3),2.68,0.835
Seg(0.3),2.69,0.835
Seg(0.3),2.7,0.835
Seg(0.3),2.71,0.835
Seg(0.3),2.72,0.835
Seg(0.3),2.73,0.8349
Seg(0.3),2.74,0.8349
Seg(0.3),2.75,0.8348
Seg(0.3),2.76,0.8348
Seg(0.3),2.77,0.8347
Seg(0.3),2.78,0.8346
Seg(0.3),2.79,0.8346
Seg(0.3),2.8,0.8346
Seg(0.3),2.81,0.8346
Seg(0.3),2.82,0.8345
Seg(0.3),2.83,0.8345
Seg(0.3),2.84,0.8345
Seg(0.3),2.85,0.8344
Seg(0.3),2.86,0.8344
Seg(0.3),2.87,0.8344
Seg(0.3),2.88,0.8344
Seg(0.3),2.89,0.8344
Seg(0.3),2.9,0.8344
Seg(0.3),2.91,0.8344
Seg(0.3),2.92,0.8344
Seg(0.3),2.93,0.8343
Seg(0.3),2.94,0.8344
Seg(0.3),2.95,0.8344
Seg(0.3),2.96,0.8343
Seg(0.3),2.97,0.8342
Seg(0.3),2.98,0.8342
Seg(0.3),2.99,0.8342
Seg(0.3),3.0,0.8341
Seg(0.3),3.01,0.834
Seg(0.3),3.02,0.834
Seg(0.3),3.03,0.834
Seg(0.3),3.04,0.8339
Seg(0.3),3.05,0.8339
Seg(0.3),3.06,0.8338
Seg(0.3),3.07,0.8338
Seg(0.3),3.08,0.8337
Seg(0.3),3.09,0.8338
Seg(0.3),3.1,0.8338
Seg(0.3),3.11,0.834
Seg(0.3),3.12,0.8341
Seg(0.3),3.13,0.8341
Seg(0.3),3.14,0.834
Seg(0.3),3.15,0.834
Seg(0.3),3.16,0.834
Seg(0.3),3.17,0.8339
Seg(0.3),3.18,0.8339
Seg(0.3),3.19,0.8339
Seg(0.3),3.2,0.8339
Seg(0.3),3.21,0.8339
Seg(0.3),3.22,0.8339
Seg(0.3),3.23,0.8339
Seg(0.3),3.24,0.8339
Seg(0.3),3.25,0.8339
Seg(0.3),3.26,0.8339
Seg(0.3),3.27,0.8339
Seg(0.3),3.28,0.8339
Seg(0.3),3.29,0.8339
Seg(0.3),3.3,0.8339
Seg(0.3),3.31,0.8339
Seg(0.3),3.32,0.8339
Seg(0.3),3.33,0.8339
Seg(0.3),3.34,0.8339
Seg(0.3),3.35,0.8339
Seg(0.3),3.36,0.8339
Seg(0.3),3.37,0.8339
Seg(0.3),3.38,0.8339
Seg(0.3),3.39,0.8338
Seg(0.3),3.4,0.8338
Seg(0.3),3.41,0.8338
Seg(0.3),3.42,0.8338
Seg(0.3),3.43,0.8338
Seg(0.3),3.44,0.8338
Seg(0.3),3.45,0.8338
Seg(0.3),3.46,0.8338
Seg(0.3),3.47,0.8338
Seg(0.3),3.48,0.8338
Seg(0.3),3.49,0.8337
Seg(0.3),3.5,0.8337
Seg(0.3),3.51,0.8337
Seg(0.3),3.52,0.8337
Seg(0.3),3.53,0.8337
Seg(0.3),3.54,0.8337
Seg(0.3),3.55,0.8337
Seg(0.3),3.56,0.8337
Seg(0.3),3.57,0.8337
Seg(0.3),3.58,0.8336
Seg(0.3),3.59,0.8336
Seg(0.3),3.6,0.8336
Seg(0.3),3.61,0.8336
Seg(0.3),3.62,0.8336
Seg(0.3),3.63,0.8336
Seg(0.3),3.64,0.8335
Seg(0.3),3.65,0.8335
Seg(0.3),3.66,0.8335
Seg(0.3),3.67,0.8335
Seg(0.3),3.68,0.8335
Seg(0.3),3.69,0.8334
Seg(0.3),3.7,0.8334
Seg(0.3),3.71,0.8334
Seg(0.3),3.72,0.8334
Seg(0.3),3.73,0.8334
Seg(0.3),3.74,0.8334
Seg(0.3),3.75,0.8333
Seg(0.3),3.76,0.8333
Seg(0.3),3.77,0.8333
Seg(0.3),3.78,0.8333
Seg(0.3),3.79,0.8333
Seg(0.3),3.8,0.8333
Seg(0.3),3.81,0.8333
Seg(0.3),3.82,0.8333
Seg(0.3),3.83,0.8332
Seg(0.3),3.84,0.8332
Seg(0.3),3.85,0.8332
Seg(0.3),3.86,0.8332
Seg(0.3),3.87,0.8331
Seg(0.3),3.88,0.8331
Seg(0.3),3.89,0.8331
Seg(0.3),3.9,0.8331
Seg(0.3),3.91,0.8331
Seg(0.3),3.92,0.8331
Seg(0.3),3.93,0.8331
Seg(0.3),3.94,0.8331
Seg(0.3),3.95,0.8331
Seg(0.3),3.96,0.8331
Seg(0.3),3.97,0.8331
Seg(0.3),3.98,0.8331
Seg(0.3),3.99,0.8331
Seg(0.3),4.0,0.8331
Seg(0.3),4.01,0.8331
Seg(0.3),4.02,0.8331
Seg(0.3),4.03,0.8331
Seg(0.3),4.04,0.8331
Seg(0.3),4.05,0.8331
Seg(0.3),4.06,0.8331
Seg(0.3),4.07,0.8331
Seg(0.3),4.08,0.8331
Seg(0.3),4.09,0.8331
Seg(0.3),4.1,0.8331
Seg(0.3),4.11,0.8331
Seg(0.3),4.12,0.8331
Seg(0.3),4.13,0.833
Seg(0.3),4.14,0.833
Seg(0.3),4.15,0.833
Seg(0.3),4.16,0.833
Seg(0.3),4.17,0.833
Seg(0.3),4.18,0.833
Seg(0.3),4.19,0.833
Seg(0.3),4.2,0.833
Seg(0.3),4.21,0.833
Seg(0.3),4.22,0.833
Seg(0.3),4.23,0.833
Seg(0.3),4.24,0.833
Seg(0.3),4.25,0.833
Seg(0.3),4.26,0.833
Seg(0.3),4.27,0.833
Seg(0.3),4.3,0.833
Seg(0.3),4.31,0.833
Seg(0.3),4.33,0.833
Seg(0.3),4.35,0.833
Seg(0.3),4.36,0.833
Seg(0.3),4.37,0.833
Seg(0.3),4.38,0.833
RNG(0.5),0.99,0.827
RNG(0.5),1.0,0.827
RNG(0.5),1.01,0.827
RNG(0.5),1.02,0.8272
RNG(0.5),1.03,0.8276
RNG(0.5),1.04,0.8281
RNG(0.5),1.05,0.8285
RNG(0.5),1.06,0.8296
RNG(0.5),1.07,0.8301
RNG(0.5),1.08,0.8309
RNG(0.5),1.09,0.8313
RNG(0.5),1.1,0.8316
RNG(0.5),1.11,0.8318
RNG(0.5),1.12,0.832
RNG(0.5),1.13,0.8322
RNG(0.5),1.14,0.8324
RNG(0.5),1.15,0.8325
RNG(0.5),1.16,0.8326
RNG(0.5),1.17,0.8327
RNG(0.5),1.18,0.8328
RNG(0.5),1.19,0.8328
RNG(0.5),1.2,0.8329
RNG(0.5),1.21,0.833
RNG(0.5),1.22,0.833
RNG(0.5),1.23,0.833
RNG(0.5),1.25,0.833
RNG(0.5),1.26,0.8331
RNG(0.5),1.27,0.8331
RNG(0.5),1.28,0.8331
RNG(0.5),1.29,0.8331
RNG(0.5),1.3,0.8331
RNG(0.5),1.31,0.8331
RNG(0.5),1.32,0.8331
RNG(0.5),1.33,0.8332
RNG(0.5),1.34,0.8331
RNG(0.5),1.35,0.8332
RNG(0.5),1.36,0.8331
RNG(0.5),1.37,0.8332
RNG(0.5),1.38,0.8332
RNG(0.5),1.39,0.8332
RNG(0.5),1.4,0.8332
RNG(0.5),1.41,0.8333
RNG(0.5),1.42,0.8333
RNG(0.5),1.43,0.8333
RNG(0.5),1.44,0.8333
RNG(0.5),1.45,0.8333
RNG(0.5),1.46,0.8333
RNG(0.5),1.47,0.8334
RNG(0.5),1.48,0.8335
RNG(0.5),1.49,0.8336
RNG(0.5),1.5,0.8336
RNG(0.5),1.51,0.8336
RNG(0.5),1.52,0.8336
RNG(0.5),1.53,0.8337
RNG(0.5),1.54,0.8338
RNG(0.5),1.55,0.8338
RNG(0.5),1.56,0.8339
RNG(0.5),1.57,0.8339
RNG(0.5),1.58,0.8339
RNG(0.5),1.59,0.8339
RNG(0.5),1.6,0.8339
RNG(0.5),1.61,0.834
RNG(0.5),1.62,0.834
RNG(0.5),1.63,0.8342
RNG(0.5),1.64,0.8342
RNG(0.5),1.65,0.8344
RNG(0.5),1.66,0.8344
RNG(0.5),1.67,0.8345
RNG(0.5),1.68,0.8345
RNG(0.5),1.69,0.8345
RNG(0.5),1.7,0.8347
RNG(0.5),1.71,0.8347
RNG(0.5),1.72,0.8347
RNG(0.5),1.73,0.8347
RNG(0.5),1.74,0.8347
RNG(0.5),1.75,0.8347
RNG(0.5),1.76,0.8347
RNG(0.5),1.77,0.8347
RNG(0.5),1.78,0.8347
RNG(0.5),1.79,0.8347
RNG(0.5),1.8,0.8348
RNG(0.5),1.81,0.8348
RNG(0.5),1.82,0.8349
RNG(0.5),1.83,0.8349
RNG(0.5),1.84,0.8349
RNG(0.5),1.85,0.835
RNG(0.5),1.86,0.835
RNG(0.5),1.87,0.835
RNG(0.5),1.88,0.835
RNG(0.5),1.89,0.8351
RNG(0.5),1.9,0.835
RNG(0.5),1.91,0.8351
RNG(0.5),1.92,0.8351
RNG(0.5),1.93,0.8352
RNG(0.5),1.94,0.8352
RNG(0.5),1.95,0.8352
RNG(0.5),1.96,0.8352
RNG(0.5),1.97,0.8353
RNG(0.5),1.98,0.8353
RNG(0.5),1.99,0.8353
RNG(0.5),2.0,0.8353
RNG(0.5),2.01,0.8353
RNG(0.5),2.02,0.8353
RNG(0.5),2.03,0.8352
RNG(0.5),2.04,0.8353
RNG(0.5),2.05,0.8354
RNG(0.5),2.06,0.8355
RNG(0.5),2.07,0.8355
RNG(0.5),2.08,0.8355
RNG(0.5),2.09,0.8355
RNG(0.5),2.1,0.8355
RNG(0.5),2.11,0.8355
RNG(0.5),2.12,0.8355
RNG(0.5),2.13,0.8355
RNG(0.5),2.14,0.8355
RNG(0.5),2.15,0.8355
RNG(0.5),2.16,0.8354
RNG(0.5),2.17,0.8354
RNG(0.5),2.18,0.8355
RNG(0.5),2.19,0.8355
RNG(0.5),2.2,0.8355
RNG(0.5),2.21,0.8356
RNG(0.5),2.22,0.8356
RNG(0.5),2.23,0.8356
RNG(0.5),2.24,0.8356
RNG(0.5),2.25,0.8356
RNG(0.5),2.26,0.8356
RNG(0.5),2.27,0.8356
RNG(0.5),2.28,0.8356
RNG(0.5),2.29,0.8356
RNG(0.5),2.3,0.8356
RNG(0.5),2.31,0.8356
RNG(0.5),2.32,0.8356
RNG(0.5),2.33,0.8356
RNG(0.5),2.34,0.8356
RNG(0.5),2.35,0.8356
RNG(0.5),2.36,0.8356
RNG(0.5),2.37,0.8356
RNG(0.5),2.38,0.8357
RNG(0.5),2.39,0.8355
RNG(0.5),2.4,0.8356
RNG(0.5),2.41,0.8356
RNG(0.5),2.42,0.8356
RNG(0.5),2.43,0.8357
RNG(0.5),2.44,0.8357
RNG(0.5),2.45,0.8357
RNG(0.5),2.46,0.8357
RNG(0.5),2.47,0.8357
RNG(0.5),2.48,0.8358
RNG(0.5),2.49,0.8358
RNG(0.5),2.5,0.8358
RNG(0.5),2.51,0.8358
RNG(0.5),2.52,0.8357
RNG(0.5),2.53,0.8357
RNG(0.5),2.54,0.8357
RNG(0.5),2.55,0.8359
RNG(0.5),2.56,0.8359
RNG(0.5),2.57,0.8359
RNG(0.5),2.58,0.8359
RNG(0.5),2.59,0.8359
RNG(0.5),2.6,0.8359
RNG(0.5),2.61,0.8359
RNG(0.5),2.62,0.8359
RNG(0.5),2.63,0.8359
RNG(0.5),2.64,0.8359
RNG(0.5),2.65,0.8359
RNG(0.5),2.66,0.8358
RNG(0.5),2.67,0.8358
RNG(0.5),2.68,0.8357
RNG(0.5),2.69,0.8357
RNG(0.5),2.7,0.8357
RNG(0.5),2.71,0.8356
RNG(0.5),2.72,0.8356
RNG(0.5),2.73,0.8356
RNG(0.5),2.74,0.8356
RNG(0.5),2.75,0.8355
RNG(0.5),2.76,0.8355
RNG(0.5),2.77,0.8354
RNG(0.5),2.78,0.8354
RNG(0.5),2.79,0.8354
RNG(0.5),2.8,0.8354
RNG(0.5),2.81,0.8353
RNG(0.5),2.82,0.8353
RNG(0.5),2.83,0.8353
RNG(0.5),2.84,0.8353
RNG(0.5),2.85,0.8353
RNG(0.5),2.86,0.8353
RNG(0.5),2.87,0.8353
RNG(0.5),2.88,0.8353
RNG(0.5),2.89,0.8353
RNG(0.5),2.9,0.8353
RNG(0.5),2.91,0.8353
RNG(0.5),2.92,0.8353
RNG(0.5),2.93,0.8353
RNG(0.5),2.94,0.8353
RNG(0.5),2.95,0.8353
RNG(0.5),2.96,0.8353
RNG(0.5),2.97,0.8352
RNG(0.5),2.98,0.8352
RNG(0.5),2.99,0.8352
RNG(0.5),3.0,0.8351
RNG(0.5),3.01,0.835
RNG(0.5),3.02,0.835
RNG(0.5),3.03,0.835
RNG(0.5),3.04,0.835
RNG(0.5),3.05,0.835
RNG(0.5),3.06,0.8349
RNG(0.5),3.07,0.8349
RNG(0.5),3.08,0.8349
RNG(0.5),3.09,0.8349
RNG(0.5),3.1,0.8349
RNG(0.5),3.11,0.8349
RNG(0.5),3.12,0.835
RNG(0.5),3.13,0.835
RNG(0.5),3.14,0.835
RNG(0.5),3.15,0.835
RNG(0.5),3.16,0.835
RNG(0.5),3.17,0.835
RNG(0.5),3.18,0.835
RNG(0.5),3.19,0.8349
RNG(0.5),3.2,0.835
RNG(0.5),3.21,0.835
RNG(0.5),3.22,0.835
RNG(0.5),3.23,0.835
RNG(0.5),3.24,0.835
RNG(0.5),3.25,0.8349
RNG(0.5),3.26,0.835
RNG(0.5),3.27,0.835
RNG(0.5),3.28,0.835
RNG(0.5),3.29,0.835
RNG(0.5),3.3,0.835
RNG(0.5),3.31,0.835
RNG(0.5),3.32,0.835
RNG(0.5),3.33,0.835
RNG(0.5),3.34,0.835
RNG(0.5),3.35,0.835
RNG(0.5),3.36,0.835
RNG(0.5),3.37,0.835
RNG(0.5),3.38,0.835
RNG(0.5),3.39,0.8349
RNG(0.5),3.4,0.8349
RNG(0.5),3.41,0.8348
RNG(0.5),3.42,0.8348
RNG(0.5),3.43,0.8348
RNG(0.5),3.44,0.8348
RNG(0.5),3.45,0.8348
RNG(0.5),3.46,0.8348
RNG(0.5),3.47,0.8348
RNG(0.5),3.48,0.8348
RNG(0.5),3.49,0.8348
RNG(0.5),3.5,0.8348
RNG(0.5),3.51,0.8348
RNG(0.5),3.52,0.8348
RNG(0.5),3.53,0.8348
RNG(0.5),3.54,0.8348
RNG(0.5),3.55,0.8348
RNG(0.5),3.56,0.8348
RNG(0.5),3.57,0.8348
RNG(0.5),3.58,0.8348
RNG(0.5),3.59,0.8348
RNG(0.5),3.6,0.8348
RNG(0.5),3.61,0.8348
RNG(0.5),3.62,0.8348
RNG(0.5),3.63,0.8348
RNG(0.5),3.64,0.8348
RNG(0.5),3.65,0.8348
RNG(0.5),3.66,0.8348
RNG(0.5),3.67,0.8348
RNG(0.5),3.68,0.8348
RNG(0.5),3.69,0.8348
RNG(0.5),3.7,0.8348
RNG(0.5),3.71,0.8348
RNG(0.5),3.72,0.8348
RNG(0.5),3.73,0.8348
RNG(0.5),3.74,0.8348
RNG(0.5),3.75,0.8348
RNG(0.5),3.76,0.8348
RNG(0.5),3.77,0.8348
RNG(0.5),3.78,0.8348
RNG(0.5),3.79,0.8348
RNG(0.5),3.8,0.8347
RNG(0.5),3.81,0.8347
RNG(0.5),3.82,0.8347
RNG(0.5),3.83,0.8347
RNG(0.5),3.84,0.8347
RNG(0.5),3.85,0.8347
RNG(0.5),3.86,0.8347
RNG(0.5),3.87,0.8347
RNG(0.5),3.88,0.8347
RNG(0.5),3.89,0.8347
RNG(0.5),3.9,0.8347
RNG(0.5),3.91,0.8347
RNG(0.5),3.92,0.8347
RNG(0.5),3.93,0.8347
RNG(0.5),3.94,0.8347
RNG(0.5),3.95,0.8347
RNG(0.5),3.96,0.8347
RNG(0.5),3.97,0.8347
RNG(0.5),3.98,0.8347
RNG(0.5),3.99,0.8347
RNG(0.5),4.0,0.8347
RNG(0.5),4.01,0.8347
RNG(0.5),4.02,0.8347
RNG(0.5),4.03,0.8347
RNG(0.5),4.04,0.8347
RNG(0.5),4.05,0.8347
RNG(0.5),4.06,0.8347
RNG(0.5),4.07,0.8347
RNG(0.5),4.08,0.8347
RNG(0.5),4.09,0.8347
RNG(0.5),4.1,0.8347
RNG(0.5),4.11,0.8347
RNG(0.5),4.12,0.8347
RNG(0.5),4.13,0.8347
RNG(0.5),4.14,0.8347
RNG(0.5),4.15,0.8347
RNG(0.5),4.16,0.8347
RNG(0.5),4.17,0.8347
RNG(0.5),4.18,0.8347
RNG(0.5),4.19,0.8347
RNG(0.5),4.2,0.8347
RNG(0.5),4.21,0.8347
RNG(0.5),4.22,0.8347
RNG(0.5),4.23,0.8347
RNG(0.5),4.24,0.8347
RNG(0.5),4.25,0.8347
RNG(0.5),4.26,0.8347
RNG(0.5),4.27,0.8347
RNG(0.5),4.3,0.8347
RNG(0.5),4.31,0.8347
RNG(0.5),4.33,0.8347
RNG(0.5),4.35,0.8347
RNG(0.5),4.36,0.8347
RNG(0.5),4.37,0.8347
RNG(0.5),4.38,0.8347
Seg(0.5),0.99,0.827
Seg(0.5),1.0,0.827
Seg(0.5),1.01,0.827
Seg(0.5),1.02,0.8272
Seg(0.5),1.03,0.8276
Seg(0.5),1.04,0.8279
Seg(0.5),1.05,0.8282
Seg(0.5),1.06,0.8291
Seg(0.5),1.07,0.8294
Seg(0.5),1.08,0.8301
Seg(0.5),1.09,0.8303
Seg(0.5),1.1,0.8305
Seg(0.5),1.11,0.8306
Seg(0.5),1.12,0.8308
Seg(0.5),1.13,0.8309
Seg(0.5),1.14,0.8311
Seg(0.5),1.15,0.8312
Seg(0.5),1.16,0.8313
Seg(0.5),1.17,0.8313
Seg(0.5),1.18,0.8314
Seg(0.5),1.19,0.8315
Seg(0.5),1.2,0.8315
Seg(0.5),1.21,0.8315
Seg(0.5),1.22,0.8316
Seg(0.5),1.23,0.8316
Seg(0.5),1.25,0.8316
Seg(0.5),1.26,0.8316
Seg(0.5),1.27,0.8316
Seg(0.5),1.28,0.8316
Seg(0.5),1.29,0.8317
Seg(0.5),1.3,0.8317
Seg(0.5),1.31,0.8317
Seg(0.5),1.32,0.8317
Seg(0.5),1.33,0.8317
Seg(0.5),1.34,0.8317
Seg(0.5),1.35,0.8317
Seg(0.5),1.36,0.8317
Seg(0.5),1.37,0.8317
Seg(0.5),1.38,0.8317
Seg(0.5),1.39,0.8317
Seg(0.5),1.4,0.8317
Seg(0.5),1.41,0.8317
Seg(0.5),1.42,0.8317
Seg(0.5),1.43,0.8317
Seg(0.5),1.44,0.8318
Seg(0.5),1.45,0.8318
Seg(0.5),1.46,0.8318
Seg(0.5),1.47,0.8318
Seg(0.5),1.48,0.8319
Seg(0.5),1.49,0.832
Seg(0.5),1.5,0.8319
Seg(0.5),1.51,0.832
Seg(0.5),1.52,0.832
Seg(0.5),1.53,0.832
Seg(0.5),1.54,0.8321
Seg(0.5),1.55,0.8322
Seg(0.5),1.56,0.8321
Seg(0.5),1.57,0.8321
Seg(0.5),1.58,0.8321
Seg(0.5),1.59,0.8322
Seg(0.5),1.6,0.8322
Seg(0.5),1.61,0.8322
Seg(0.5),1.62,0.8322
Seg(0.5),1.63,0.8323
Seg(0.5),1.64,0.8324
Seg(0.5),1.65,0.8325
Seg(0.5),1.66,0.8325
Seg(0.5),1.67,0.8326
Seg(0.5),1.68,0.8326
Seg(0.5),1.69,0.8326
Seg(0.5),1.7,0.8327
Seg(0.5),1.71,0.8328
Seg(0.5),1.72,0.8328
Seg(0.5),1.73,0.8328
Seg(0.5),1.74,0.8328
Seg(0.5),1.75,0.8328
Seg(0.5),1.76,0.8328
Seg(0.5),1.77,0.8328
Seg(0.5),1.78,0.8328
Seg(0.5),1.79,0.8328
Seg(0.5),1.8,0.8329
Seg(0.5),1.81,0.833
Seg(0.5),1.82,0.833
Seg(0.5),1.83,0.833
Seg(0.5),1.84,0.833
Seg(0.5),1.85,0.833
Seg(0.5),1.86,0.8331
Seg(0.5),1.87,0.8331
Seg(0.5),1.88,0.8331
Seg(0.5),1.89,0.8331
Seg(0.5),1.9,0.8331
Seg(0.5),1.91,0.8331
Seg(0.5),1.92,0.8331
Seg(0.5),1.93,0.8331
Seg(0.5),1.94,0.8331
Seg(0.5),1.95,0.8331
Seg(0.5),1.96,0.8331
Seg(0.5),1.97,0.8332
Seg(0.5),1.98,0.8332
Seg(0.5),1.99,0.8332
Seg(0.5),2.0,0.8332
Seg(0.5),2.01,0.8332
Seg(0.5),2.02,0.8332
Seg(0.5),2.03,0.8332
Seg(0.5),2.04,0.8332
Seg(0.5),2.05,0.8332
Seg(0.5),2.06,0.8333
Seg(0.5),2.07,0.8334
Seg(0.5),2.08,0.8334
Seg(0.5),2.09,0.8334
Seg(0.5),2.1,0.8334
Seg(0.5),2.11,0.8334
Seg(0.5),2.12,0.8333
Seg(0.5),2.13,0.8334
Seg(0.5),2.14,0.8334
Seg(0.5),2.15,0.8334
Seg(0.5),2.16,0.8333
Seg(0.5),2.17,0.8333
Seg(0.5),2.18,0.8333
Seg(0.5),2.19,0.8334
Seg(0.5),2.2,0.8334
Seg(0.5),2.21,0.8335
Seg(0.5),2.22,0.8335
Seg(0.5),2.23,0.8334
Seg(0.5),2.24,0.8334
Seg(0.5),2.25,0.8334
Seg(0.5),2.26,0.8334
Seg(0.5),2.27,0.8334
Seg(0.5),2.28,0.8333
Seg(0.5),2.29,0.8334
Seg(0.5),2.3,0.8334
Seg(0.5),2.31,0.8334
Seg(0.5),2.32,0.8334
Seg(0.5),2.33,0.8334
Seg(0.5),2.34,0.8333
Seg(0.5),2.35,0.8334
Seg(0.5),2.36,0.8334
Seg(0.5),2.37,0.8334
Seg(0.5),2.38,0.8334
Seg(0.5),2.39,0.8333
Seg(0.5),2.4,0.8334
Seg(0.5),2.41,0.8334
Seg(0.5),2.42,0.8334
Seg(0.5),2.43,0.8335
Seg(0.5),2.44,0.8335
Seg(0.5),2.45,0.8335
Seg(0.5),2.46,0.8335
Seg(0.5),2.47,0.8335
Seg(0.5),2.48,0.8335
Seg(0.5),2.49,0.8335
Seg(0.5),2.5,0.8336
Seg(0.5),2.51,0.8335
Seg(0.5),2.52,0.8335
Seg(0.5),2.53,0.8335
Seg(0.5),2.54,0.8335
Seg(0.5),2.55,0.8335
Seg(0.5),2.56,0.8335
Seg(0.5),2.57,0.8335
Seg(0.5),2.58,0.8335
Seg(0.5),2.59,0.8335
Seg(0.5),2.6,0.8335
Seg(0.5),2.61,0.8335
Seg(0.5),2.62,0.8336
Seg(0.5),2.63,0.8336
Seg(0.5),2.64,0.8336
Seg(0.5),2.65,0.8335
Seg(0.5),2.66,0.8334
Seg(0.5),2.67,0.8334
Seg(0.5),2.68,0.8334
Seg(0.5),2.69,0.8334
Seg(0.5),2.7,0.8334
Seg(0.5),2.71,0.8334
Seg(0.5),2.72,0.8334
Seg(0.5),2.73,0.8333
Seg(0.5),2.74,0.8333
Seg(0.5),2.75,0.8332
Seg(0.5),2.76,0.8332
Seg(0.5),2.77,0.8332
Seg(0.5),2.78,0.8331
Seg(0.5),2.79,0.8331
Seg(0.5),2.8,0.8331
Seg(0.5),2.81,0.8331
Seg(0.5),2.82,0.8331
Seg(0.5),2.83,0.8331
Seg(0.5),2.84,0.833
Seg(0.5),2.85,0.833
Seg(0.5),2.86,0.833
Seg(0.5),2.87,0.833
Seg(0.5),2.88,0.833
Seg(0.5),2.89,0.833
Seg(0.5),2.9,0.833
Seg(0.5),2.91,0.833
Seg(0.5),2.92,0.833
Seg(0.5),2.93,0.833
Seg(0.5),2.94,0.8331
Seg(0.5),2.95,0.8331
Seg(0.5),2.96,0.8331
Seg(0.5),2.97,0.833
Seg(0.5),2.98,0.833
Seg(0.5),2.99,0.833
Seg(0.5),3.0,0.8329
Seg(0.5),3.01,0.8328
Seg(0.5),3.02,0.8328
Seg(0.5),3.03,0.8328
Seg(0.5),3.04,0.8328
Seg(0.5),3.05,0.8328
Seg(0.5),3.06,0.8328
Seg(0.5),3.07,0.8328
Seg(0.5),3.08,0.8328
Seg(0.5),3.09,0.8328
Seg(0.5),3.1,0.8328
Seg(0.5),3.11,0.8328
Seg(0.5),3.12,0.8329
Seg(0.5),3.13,0.8329
Seg(0.5),3.14,0.8329
Seg(0.5),3.15,0.8329
Seg(0.5),3.16,0.8329
Seg(0.5),3.17,0.8329
Seg(0.5),3.18,0.8329
Seg(0.5),3.19,0.8329
Seg(0.5),3.2,0.8329
Seg(0.5),3.21,0.8329
Seg(0.5),3.22,0.8329
Seg(0.5),3.23,0.8329
Seg(0.5),3.24,0.8329
Seg(0.5),3.25,0.8329
Seg(0.5),3.26,0.8329
Seg(0.5),3.27,0.8329
Seg(0.5),3.28,0.8329
Seg(0.5),3.29,0.8329
Seg(0.5),3.3,0.8329
Seg(0.5),3.31,0.8329
Seg(0.5),3.32,0.8329
Seg(0.5),3.33,0.8329
Seg(0.5),3.34,0.8329
Seg(0.5),3.35,0.8329
Seg(0.5),3.36,0.8329
Seg(0.5),3.37,0.8329
Seg(0.5),3.38,0.8329
Seg(0.5),3.39,0.8328
Seg(0.5),3.4,0.8328
Seg(0.5),3.41,0.8328
Seg(0.5),3.42,0.8328
Seg(0.5),3.43,0.8328
Seg(0.5),3.44,0.8328
Seg(0.5),3.45,0.8328
Seg(0.5),3.46,0.8328
Seg(0.5),3.47,0.8328
Seg(0.5),3.48,0.8328
Seg(0.5),3.49,0.8327
Seg(0.5),3.5,0.8327
Seg(0.5),3.51,0.8327
Seg(0.5),3.52,0.8327
Seg(0.5),3.53,0.8327
Seg(0.5),3.54,0.8327
Seg(0.5),3.55,0.8327
Seg(0.5),3.56,0.8327
Seg(0.5),3.57,0.8327
Seg(0.5),3.58,0.8327
Seg(0.5),3.59,0.8327
Seg(0.5),3.6,0.8327
Seg(0.5),3.61,0.8327
Seg(0.5),3.62,0.8327
Seg(0.5),3.63,0.8327
Seg(0.5),3.64,0.8327
Seg(0.5),3.65,0.8327
Seg(0.5),3.66,0.8327
Seg(0.5),3.67,0.8327
Seg(0.5),3.68,0.8327
Seg(0.5),3.69,0.8327
Seg(0.5),3.7,0.8327
Seg(0.5),3.71,0.8327
Seg(0.5),3.72,0.8327
Seg(0.5),3.73,0.8327
Seg(0.5),3.74,0.8327
Seg(0.5),3.75,0.8327
Seg(0.5),3.76,0.8327
Seg(0.5),3.77,0.8327
Seg(0.5),3.78,0.8327
Seg(0.5),3.79,0.8327
Seg(0.5),3.8,0.8327
Seg(0.5),3.81,0.8327
Seg(0.5),3.82,0.8327
Seg(0.5),3.83,0.8327
Seg(0.5),3.84,0.8327
Seg(0.5),3.85,0.8327
Seg(0.5),3.86,0.8327
Seg(0.5),3.87,0.8327
Seg(0.5),3.88,0.8327
Seg(0.5),3.89,0.8327
Seg(0.5),3.9,0.8327
Seg(0.5),3.91,0.8327
Seg(0.5),3.92,0.8327
Seg(0.5),3.93,0.8327
Seg(0.5),3.94,0.8327
Seg(0.5),3.95,0.8327
Seg(0.5),3.96,0.8327
Seg(0.5),3.97,0.8327
Seg(0.5),3.98,0.8327
Seg(0.5),3.99,0.8327
Seg(0.5),4.0,0.8327
Seg(0.5),4.01,0.8326
Seg(0.5),4.02,0.8326
Seg(0.5),4.03,0.8326
Seg(0.5),4.04,0.8326
Seg(0.5),4.05,0.8326
Seg(0.5),4.06,0.8326
Seg(0.5),4.07,0.8326
Seg(0.5),4.08,0.8326
Seg(0.5),4.09,0.8326
Seg(0.5),4.1,0.8326
Seg(0.5),4.11,0.8326
Seg(0.5),4.12,0.8326
Seg(0.5),4.13,0.8326
Seg(0.5),4.14,0.8326
Seg(0.5),4.15,0.8326
Seg(0.5),4.16,0.8326
Seg(0.5),4.17,0.8326
Seg(0.5),4.18,0.8326
Seg(0.5),4.19,0.8326
Seg(0.5),4.2,0.8326
Seg(0.5),4.21,0.8326
Seg(0.5),4.22,0.8326
Seg(0.5),4.23,0.8326
Seg(0.5),4.24,0.8326
Seg(0.5),4.25,0.8326
Seg(0.5),4.26,0.8326
Seg(0.5),4.27,0.8326
Seg(0.5),4.3,0.8326
Seg(0.5),4.31,0.8326
Seg(0.5),4.33,0.8326
Seg(0.5),4.35,0.8326
Seg(0.5),4.36,0.8326
Seg(0.5),4.37,0.8326
Seg(0.5),4.38,0.8326
RNG(1),0.99,0.827
RNG(1),1.0,0.827
RNG(1),1.01,0.827
RNG(1),1.02,0.8272
RNG(1),1.03,0.8275
RNG(1),1.04,0.8277
RNG(1),1.05,0.828
RNG(1),1.06,0.8287
RNG(1),1.07,0.829
RNG(1),1.08,0.8295
RNG(1),1.09,0.8296
RNG(1),1.1,0.8298
RNG(1),1.11,0.8299
RNG(1),1.12,0.8301
RNG(1),1.13,0.8302
RNG(1),1.14,0.8303
RNG(1),1.15,0.8304
RNG(1),1.16,0.8305
RNG(1),1.17,0.8305
RNG(1),1.18,0.8307
RNG(1),1.19,0.8307
RNG(1),1.2,0.8307
RNG(1),1.21,0.8307
RNG(1),1.22,0.8307
RNG(1),1.23,0.8307
RNG(1),1.25,0.8307
RNG(1),1.26,0.8307
RNG(1),1.27,0.8307
RNG(1),1.28,0.8307
RNG(1),1.29,0.8308
RNG(1),1.3,0.8308
RNG(1),1.31,0.8308
RNG(1),1.32,0.8308
RNG(1),1.33,0.8308
RNG(1),1.34,0.8308
RNG(1),1.35,0.8308
RNG(1),1.36,0.8308
RNG(1),1.37,0.8308
RNG(1),1.38,0.8308
RNG(1),1.39,0.8308
RNG(1),1.4,0.8308
RNG(1),1.41,0.8309
RNG(1),1.42,0.8309
RNG(1),1.43,0.8309
RNG(1),1.44,0.8309
RNG(1),1.45,0.8309
RNG(1),1.46,0.8309
RNG(1),1.47,0.8309
RNG(1),1.48,0.8309
RNG(1),1.49,0.8311
RNG(1),1.5,0.8311
RNG(1),1.51,0.8311
RNG(1),1.52,0.8311
RNG(1),1.53,0.8311
RNG(1),1.54,0.8311
RNG(1),1.55,0.8311
RNG(1),1.56,0.8312
RNG(1),1.57,0.8312
RNG(1),1.58,0.8312
RNG(1),1.59,0.8312
RNG(1),1.6,0.8312
RNG(1),1.61,0.8312
RNG(1),1.62,0.8312
RNG(1),1.63,0.8313
RNG(1),1.64,0.8313
RNG(1),1.65,0.8314
RNG(1),1.66,0.8314
RNG(1),1.67,0.8315
RNG(1),1.68,0.8315
RNG(1),1.69,0.8315
RNG(1),1.7,0.8315
RNG(1),1.71,0.8315
RNG(1),1.72,0.8315
RNG(1),1.73,0.8315
RNG(1),1.74,0.8316
RNG(1),1.75,0.8316
RNG(1),1.76,0.8316
RNG(1),1.77,0.8316
RNG(1),1.78,0.8316
RNG(1),1.79,0.8316
RNG(1),1.8,0.8316
RNG(1),1.81,0.8316
RNG(1),1.82,0.8316
RNG(1),1.83,0.8316
RNG(1),1.84,0.8316
RNG(1),1.85,0.8317
RNG(1),1.86,0.8317
RNG(1),1.87,0.8317
RNG(1),1.88,0.8317
RNG(1),1.89,0.8317
RNG(1),1.9,0.8317
RNG(1),1.91,0.8317
RNG(1),1.92,0.8317
RNG(1),1.93,0.8317
RNG(1),1.94,0.8317
RNG(1),1.95,0.8317
RNG(1),1.96,0.8317
RNG(1),1.97,0.8317
RNG(1),1.98,0.8317
RNG(1),1.99,0.8317
RNG(1),2.0,0.8317
RNG(1),2.01,0.8317
RNG(1),2.02,0.8317
RNG(1),2.03,0.8317
RNG(1),2.04,0.8317
RNG(1),2.05,0.8318
RNG(1),2.06,0.8319
RNG(1),2.07,0.8319
RNG(1),2.08,0.8319
RNG(1),2.09,0.8319
RNG(1),2.1,0.8319
RNG(1),2.11,0.8319
RNG(1),2.12,0.8318
RNG(1),2.13,0.8318
RNG(1),2.14,0.8318
RNG(1),2.15,0.8318
RNG(1),2.16,0.8318
RNG(1),2.17,0.8318
RNG(1),2.18,0.8318
RNG(1),2.19,0.8319
RNG(1),2.2,0.8319
RNG(1),2.21,0.8319
RNG(1),2.22,0.8319
RNG(1),2.23,0.8319
RNG(1),2.24,0.8319
RNG(1),2.25,0.8319
RNG(1),2.26,0.8319
RNG(1),2.27,0.8319
RNG(1),2.28,0.8319
RNG(1),2.29,0.8319
RNG(1),2.3,0.8319
RNG(1),2.31,0.8319
RNG(1),2.32,0.8319
RNG(1),2.33,0.8319
RNG(1),2.34,0.832
RNG(1),2.35,0.832
RNG(1),2.36,0.832
RNG(1),2.37,0.832
RNG(1),2.38,0.832
RNG(1),2.39,0.8319
RNG(1),2.4,0.8319
RNG(1),2.41,0.8319
RNG(1),2.42,0.8319
RNG(1),2.43,0.8319
RNG(1),2.44,0.832
RNG(1),2.45,0.832
RNG(1),2.46,0.832
RNG(1),2.47,0.832
RNG(1),2.48,0.832
RNG(1),2.49,0.832
RNG(1),2.5,0.832
RNG(1),2.51,0.832
RNG(1),2.52,0.832
RNG(1),2.53,0.832
RNG(1),2.54,0.832
RNG(1),2.55,0.832
RNG(1),2.56,0.832
RNG(1),2.57,0.832
RNG(1),2.58,0.832
RNG(1),2.59,0.832
RNG(1),2.6,0.832
RNG(1),2.61,0.832
RNG(1),2.62,0.832
RNG(1),2.63,0.832
RNG(1),2.64,0.832
RNG(1),2.65,0.832
RNG(1),2.66,0.832
RNG(1),2.67,0.832
RNG(1),2.68,0.832
RNG(1),2.69,0.832
RNG(1),2.7,0.832
RNG(1),2.71,0.832
RNG(1),2.72,0.832
RNG(1),2.73,0.832
RNG(1),2.74,0.832
RNG(1),2.75,0.832
RNG(1),2.76,0.832
RNG(1),2.77,0.832
RNG(1),2.78,0.832
RNG(1),2.79,0.832
RNG(1),2.8,0.832
RNG(1),2.81,0.832
RNG(1),2.82,0.832
RNG(1),2.83,0.832
RNG(1),2.84,0.832
RNG(1),2.85,0.832
RNG(1),2.86,0.832
RNG(1),2.87,0.832
RNG(1),2.88,0.832
RNG(1),2.89,0.832
RNG(1),2.9,0.832
RNG(1),2.91,0.832
RNG(1),2.92,0.832
RNG(1),2.93,0.832
RNG(1),2.94,0.832
RNG(1),2.95,0.832
RNG(1),2.96,0.832
RNG(1),2.97,0.832
RNG(1),2.98,0.832
RNG(1),2.99,0.832
RNG(1),3.0,0.832
RNG(1),3.01,0.832
RNG(1),3.02,0.832
RNG(1),3.03,0.832
RNG(1),3.04,0.832
RNG(1),3.05,0.832
RNG(1),3.06,0.832
RNG(1),3.07,0.832
RNG(1),3.08,0.832
RNG(1),3.09,0.832
RNG(1),3.1,0.832
RNG(1),3.11,0.832
RNG(1),3.12,0.832
RNG(1),3.13,0.832
RNG(1),3.14,0.832
RNG(1),3.15,0.832
RNG(1),3.16,0.832
RNG(1),3.17,0.832
RNG(1),3.18,0.832
RNG(1),3.19,0.832
RNG(1),3.2,0.832
RNG(1),3.21,0.832
RNG(1),3.22,0.832
RNG(1),3.23,0.832
RNG(1),3.24,0.832
RNG(1),3.25,0.832
RNG(1),3.26,0.832
RNG(1),3.27,0.832
RNG(1),3.28,0.832
RNG(1),3.29,0.832
RNG(1),3.3,0.832
RNG(1),3.31,0.832
RNG(1),3.32,0.832
RNG(1),3.33,0.832
RNG(1),3.34,0.832
RNG(1),3.35,0.832
RNG(1),3.36,0.832
RNG(1),3.37,0.832
RNG(1),3.38,0.832
RNG(1),3.39,0.832
RNG(1),3.4,0.832
RNG(1),3.41,0.832
RNG(1),3.42,0.832
RNG(1),3.43,0.832
RNG(1),3.44,0.832
RNG(1),3.45,0.832
RNG(1),3.46,0.832
RNG(1),3.47,0.832
RNG(1),3.48,0.832
RNG(1),3.49,0.832
RNG(1),3.5,0.832
RNG(1),3.51,0.832
RNG(1),3.52,0.832
RNG(1),3.53,0.832
RNG(1),3.54,0.832
RNG(1),3.55,0.832
RNG(1),3.56,0.832
RNG(1),3.57,0.832
RNG(1),3.58,0.832
RNG(1),3.59,0.832
RNG(1),3.6,0.832
RNG(1),3.61,0.832
RNG(1),3.62,0.832
RNG(1),3.63,0.832
RNG(1),3.64,0.832
RNG(1),3.65,0.832
RNG(1),3.66,0.832
RNG(1),3.67,0.832
RNG(1),3.68,0.832
RNG(1),3.69,0.832
RNG(1),3.7,0.832
RNG(1),3.71,0.832
RNG(1),3.72,0.832
RNG(1),3.73,0.832
RNG(1),3.74,0.832
RNG(1),3.75,0.832
RNG(1),3.76,0.832
RNG(1),3.77,0.832
RNG(1),3.78,0.832
RNG(1),3.79,0.832
RNG(1),3.8,0.832
RNG(1),3.81,0.832
RNG(1),3.82,0.832
RNG(1),3.83,0.832
RNG(1),3.84,0.832
RNG(1),3.85,0.832
RNG(1),3.86,0.832
RNG(1),3.87,0.832
RNG(1),3.88,0.832
RNG(1),3.89,0.832
RNG(1),3.9,0.832
RNG(1),3.91,0.832
RNG(1),3.92,0.832
RNG(1),3.93,0.832
RNG(1),3.94,0.832
RNG(1),3.95,0.832
RNG(1),3.96,0.832
RNG(1),3.97,0.832
RNG(1),3.98,0.832
RNG(1),3.99,0.832
RNG(1),4.0,0.832
RNG(1),4.01,0.832
RNG(1),4.02,0.832
RNG(1),4.03,0.832
RNG(1),4.04,0.832
RNG(1),4.05,0.832
RNG(1),4.06,0.832
RNG(1),4.07,0.832
RNG(1),4.08,0.832
RNG(1),4.09,0.832
RNG(1),4.1,0.832
RNG(1),4.11,0.832
RNG(1),4.12,0.832
RNG(1),4.13,0.832
RNG(1),4.14,0.832
RNG(1),4.15,0.832
RNG(1),4.16,0.832
RNG(1),4.17,0.832
RNG(1),4.18,0.832
RNG(1),4.19,0.832
RNG(1),4.2,0.832
RNG(1),4.21,0.832
RNG(1),4.22,0.832
RNG(1),4.23,0.832
RNG(1),4.24,0.832
RNG(1),4.25,0.832
RNG(1),4.26,0.832
RNG(1),4.27,0.832
RNG(1),4.3,0.832
RNG(1),4.31,0.832
RNG(1),4.33,0.832
RNG(1),4.35,0.832
RNG(1),4.36,0.832
RNG(1),4.37,0.832
RNG(1),4.38,0.832
Seg(1),0.99,0.827
Seg(1),1.0,0.827
Seg(1),1.01,0.827
Seg(1),1.02,0.8272
Seg(1),1.03,0.8274
Seg(1),1.04,0.8276
Seg(1),1.05,0.8278
Seg(1),1.06,0.8284
Seg(1),1.07,0.8287
Seg(1),1.08,0.8291
Seg(1),1.09,0.8291
Seg(1),1.1,0.8293
Seg(1),1.11,0.8294
Seg(1),1.12,0.8295
Seg(1),1.13,0.8296
Seg(1),1.14,0.8296
Seg(1),1.15,0.8297
Seg(1),1.16,0.8297
Seg(1),1.17,0.8298
Seg(1),1.18,0.8299
Seg(1),1.19,0.8299
Seg(1),1.2,0.8299
Seg(1),1.21,0.8299
Seg(1),1.22,0.8299
Seg(1),1.23,0.8299
Seg(1),1.25,0.8299
Seg(1),1.26,0.8299
Seg(1),1.27,0.8299
Seg(1),1.28,0.8299
Seg(1),1.29,0.83
Seg(1),1.3,0.83
Seg(1),1.31,0.83
Seg(1),1.32,0.83
Seg(1),1.33,0.83
Seg(1),1.34,0.83
Seg(1),1.35,0.83
Seg(1),1.36,0.83
Seg(1),1.37,0.83
Seg(1),1.38,0.83
Seg(1),1.39,0.83
Seg(1),1.4,0.83
Seg(1),1.41,0.83
Seg(1),1.42,0.8301
Seg(1),1.43,0.8301
Seg(1),1.44,0.8301
Seg(1),1.45,0.8301
Seg(1),1.46,0.8301
Seg(1),1.47,0.8301
Seg(1),1.48,0.8301
Seg(1),1.49,0.8302
Seg(1),1.5,0.8302
Seg(1),1.51,0.8302
Seg(1),1.52,0.8302
Seg(1),1.53,0.8302
Seg(1),1.54,0.8303
Seg(1),1.55,0.8303
Seg(1),1.56,0.8303
Seg(1),1.57,0.8303
Seg(1),1.58,0.8303
Seg(1),1.59,0.8303
Seg(1),1.6,0.8303
Seg(1),1.61,0.8303
Seg(1),1.62,0.8304
Seg(1),1.63,0.8304
Seg(1),1.64,0.8305
Seg(1),1.65,0.8305
Seg(1),1.66,0.8305
Seg(1),1.67,0.8306
Seg(1),1.68,0.8306
Seg(1),1.69,0.8306
Seg(1),1.7,0.8306
Seg(1),1.71,0.8307
Seg(1),1.72,0.8307
Seg(1),1.73,0.8307
Seg(1),1.74,0.8307
Seg(1),1.75,0.8307
Seg(1),1.76,0.8307
Seg(1),1.77,0.8307
Seg(1),1.78,0.8307
Seg(1),1.79,0.8307
Seg(1),1.8,0.8307
Seg(1),1.81,0.8308
Seg(1),1.82,0.8308
Seg(1),1.83,0.8308
Seg(1),1.84,0.8308
Seg(1),1.85,0.8308
Seg(1),1.86,0.8308
Seg(1),1.87,0.8308
Seg(1),1.88,0.8308
Seg(1),1.89,0.8308
Seg(1),1.9,0.8308
Seg(1),1.91,0.8308
Seg(1),1.92,0.8308
Seg(1),1.93,0.8308
Seg(1),1.94,0.8308
Seg(1),1.95,0.8308
Seg(1),1.96,0.8308
Seg(1),1.97,0.8308
Seg(1),1.98,0.8308
Seg(1),1.99,0.8308
Seg(1),2.0,0.8308
Seg(1),2.01,0.8308
Seg(1),2.02,0.8308
Seg(1),2.03,0.8308
Seg(1),2.04,0.8308
Seg(1),2.05,0.8309
Seg(1),2.06,0.8309
Seg(1),2.07,0.831
Seg(1),2.08,0.831
Seg(1),2.09,0.831
Seg(1),2.1,0.831
Seg(1),2.11,0.831
Seg(1),2.12,0.831
Seg(1),2.13,0.831
Seg(1),2.14,0.831
Seg(1),2.15,0.831
Seg(1),2.16,0.831
Seg(1),2.17,0.831
Seg(1),2.18,0.831
Seg(1),2.19,0.831
Seg(1),2.2,0.831
Seg(1),2.21,0.831
Seg(1),2.22,0.831
Seg(1),2.23,0.831
Seg(1),2.24,0.831
Seg(1),2.25,0.831
Seg(1),2.26,0.831
Seg(1),2.27,0.831
Seg(1),2.28,0.831
Seg(1),2.29,0.831
Seg(1),2.3,0.831
Seg(1),2.31,0.831
Seg(1),2.32,0.831
Seg(1),2.33,0.831
Seg(1),2.34,0.831
Seg(1),2.35,0.8311
Seg(1),2.36,0.8311
Seg(1),2.37,0.8311
Seg(1),2.38,0.8311
Seg(1),2.39,0.8311
Seg(1),2.4,0.8311
Seg(1),2.41,0.8311
Seg(1),2.42,0.8311
Seg(1),2.43,0.8311
Seg(1),2.44,0.8311
Seg(1),2.45,0.8311
Seg(1),2.46,0.8311
Seg(1),2.47,0.8311
Seg(1),2.48,0.8311
Seg(1),2.49,0.8311
Seg(1),2.5,0.8311
Seg(1),2.51,0.8311
Seg(1),2.52,0.8311
Seg(1),2.53,0.8311
Seg(1),2.54,0.8311
Seg(1),2.55,0.8311
Seg(1),2.56,0.8311
Seg(1),2.57,0.8311
Seg(1),2.58,0.8311
Seg(1),2.59,0.8311
Seg(1),2.6,0.8311
Seg(1),2.61,0.8311
Seg(1),2.62,0.8311
Seg(1),2.63,0.8311
Seg(1),2.64,0.8311
Seg(1),2.65,0.8311
Seg(1),2.66,0.8311
Seg(1),2.67,0.8311
Seg(1),2.68,0.8311
Seg(1),2.69,0.8311
Seg(1),2.7,0.8311
Seg(1),2.71,0.8311
Seg(1),2.72,0.8311
Seg(1),2.73,0.8311
Seg(1),2.74,0.8311
Seg(1),2.75,0.8311
Seg(1),2.76,0.8311
Seg(1),2.77,0.8311
Seg(1),2.78,0.8311
Seg(1),2.79,0.8311
Seg(1),2.8,0.8311
Seg(1),2.81,0.8311
Seg(1),2.82,0.8311
Seg(1),2.83,0.8311
Seg(1),2.84,0.8311
Seg(1),2.85,0.8311
Seg(1),2.86,0.8311
Seg(1),2.87,0.8311
Seg(1),2.88,0.8311
Seg(1),2.89,0.8311
Seg(1),2.9,0.8311
Seg(1),2.91,0.8311
Seg(1),2.92,0.8311
Seg(1),2.93,0.8311
Seg(1),2.94,0.8311
Seg(1),2.95,0.8311
Seg(1),2.96,0.8311
Seg(1),2.97,0.8311
Seg(1),2.98,0.8311
Seg(1),2.99,0.8311
Seg(1),3.0,0.8311
Seg(1),3.01,0.8311
Seg(1),3.02,0.8311
Seg(1),3.03,0.8311
Seg(1),3.04,0.8311
Seg(1),3.05,0.8311
Seg(1),3.06,0.8311
Seg(1),3.07,0.8311
Seg(1),3.08,0.8311
Seg(1),3.09,0.8311
Seg(1),3.1,0.8311
Seg(1),3.11,0.8311
Seg(1),3.12,0.8311
Seg(1),3.13,0.8311
Seg(1),3.14,0.8311
Seg(1),3.15,0.8311
Seg(1),3.16,0.8311
Seg(1),3.17,0.8311
Seg(1),3.18,0.8311
Seg(1),3.19,0.8311
Seg(1),3.2,0.8311
Seg(1),3.21,0.8311
Seg(1),3.22,0.8311
Seg(1),3.23,0.8311
Seg(1),3.24,0.8311
Seg(1),3.25,0.8311
Seg(1),3.26,0.8311
Seg(1),3.27,0.8311
Seg(1),3.28,0.8311
Seg(1),3.29,0.8311
Seg(1),3.3,0.8311
Seg(1),3.31,0.8311
Seg(1),3.32,0.8311
Seg(1),3.33,0.8311
Seg(1),3.34,0.8311
Seg(1),3.35,0.8311
Seg(1),3.36,0.8311
Seg(1),3.37,0.8311
Seg(1),3.38,0.8311
Seg(1),3.39,0.8311
Seg(1),3.4,0.8311
Seg(1),3.41,0.8311
Seg(1),3.42,0.8311
Seg(1),3.43,0.8311
Seg(1),3.44,0.8311
Seg(1),3.45,0.8311
Seg(1),3.46,0.8311
Seg(1),3.47,0.8311
Seg(1),3.48,0.8311
Seg(1),3.49,0.8311
Seg(1),3.5,0.8311
Seg(1),3.51,0.8311
Seg(1),3.52,0.8311
Seg(1),3.53,0.8311
Seg(1),3.54,0.8311
Seg(1),3.55,0.8311
Seg(1),3.56,0.8311
Seg(1),3.57,0.8311
Seg(1),3.58,0.8311
Seg(1),3.59,0.8311
Seg(1),3.6,0.8311
Seg(1),3.61,0.8311
Seg(1),3.62,0.8311
Seg(1),3.63,0.8311
Seg(1),3.64,0.8311
Seg(1),3.65,0.8311
Seg(1),3.66,0.8311
Seg(1),3.67,0.8311
Seg(1),3.68,0.8311
Seg(1),3.69,0.8311
Seg(1),3.7,0.8311
Seg(1),3.71,0.8311
Seg(1),3.72,0.8311
Seg(1),3.73,0.8311
Seg(1),3.74,0.8311
Seg(1),3.75,0.8311
Seg(1),3.76,0.8311
Seg(1),3.77,0.8311
Seg(1),3.78,0.8311
Seg(1),3.79,0.8311
Seg(1),3.8,0.8311
Seg(1),3.81,0.8311
Seg(1),3.82,0.8311
Seg(1),3.83,0.8311
Seg(1),3.84,0.8311
Seg(1),3.85,0.8311
Seg(1),3.86,0.8311
Seg(1),3.87,0.8311
Seg(1),3.88,0.8311
Seg(1),3.89,0.8311
Seg(1),3.9,0.8311
Seg(1),3.91,0.8311
Seg(1),3.92,0.8311
Seg(1),3.93,0.8311
Seg(1),3.94,0.8311
Seg(1),3.95,0.8311
Seg(1),3.96,0.8311
Seg(1),3.97,0.8311
Seg(1),3.98,0.8311
Seg(1),3.99,0.8311
Seg(1),4.0,0.8311
Seg(1),4.01,0.8311
Seg(1),4.02,0.8311
Seg(1),4.03,0.8311
Seg(1),4.04,0.8311
Seg(1),4.05,0.8311
Seg(1),4.06,0.8311
Seg(1),4.07,0.8311
Seg(1),4.08,0.8311
Seg(1),4.09,0.8311
Seg(1),4.1,0.8311
Seg(1),4.11,0.8311
Seg(1),4.12,0.8311
Seg(1),4.13,0.8311
Seg(1),4.14,0.8311
Seg(1),4.15,0.8311
Seg(1),4.16,0.8311
Seg(1),4.17,0.8311
Seg(1),4.18,0.8311
Seg(1),4.19,0.8311
Seg(1),4.2,0.8311
Seg(1),4.21,0.8311
Seg(1),4.22,0.8311
Seg(1),4.23,0.8311
Seg(1),4.24,0.8311
Seg(1),4.25,0.8311
Seg(1),4.26,0.8311
Seg(1),4.27,0.8311
Seg(1),4.3,0.8311
Seg(1),4.31,0.8311
Seg(1),4.33,0.8311
Seg(1),4.35,0.8311
Seg(1),4.36,0.8311
Seg(1),4.37,0.8311
Seg(1),4.38,0.8311
