D,tau,n_seeds,val mean,val mean_ci95
Dedup(0.85),1.18,1,0.6677,0.0
Dedup(0.85),1.19,1,0.6682,0.0
Dedup(0.85),1.23,1,0.6683,0.0
Dedup(0.85),1.25,3,0.6614,0.0239
Dedup(0.85),1.29,1,0.6686,0.0
Dedup(0.85),1.31,1,0.6696,0.0
Dedup(0.85),1.32,1,0.6696,0.0
Dedup(0.85),1.33,1,0.6699,0.0
Dedup(0.85),1.35,3,0.662,0.0256
Dedup(0.85),1.39,3,0.6622,0.026
Dedup(0.85),1.4,3,0.6627,0.0256
Dedup(0.85),1.42,2,0.6686,0.0305
Dedup(0.85),1.43,2,0.6687,0.0318
Dedup(0.85),1.44,3,0.663,0.0254
Dedup(0.85),1.45,3,0.6633,0.0257
Dedup(0.85),1.46,2,0.662,0.1239
Dedup(0.85),1.47,3,0.6639,0.0247
Dedup(0.85),1.48,2,0.6635,0.1233
Dedup(0.85),1.51,1,0.6732,0.0
Dedup(0.85),1.52,3,0.6649,0.0246
Dedup(0.85),1.53,3,0.6656,0.0248
Dedup(0.85),1.56,3,0.6662,0.0227
Dedup(0.85),1.59,3,0.6663,0.023
Dedup(0.85),1.61,3,0.6665,0.0226
Dedup(0.85),1.62,3,0.6667,0.023
Dedup(0.85),1.63,3,0.6668,0.0232
Dedup(0.85),1.64,3,0.667,0.0234
Dedup(0.85),1.65,3,0.667,0.0233
Dedup(0.85),1.66,3,0.6677,0.0235
Dedup(0.85),1.67,2,0.6729,0.0527
Dedup(0.85),1.68,3,0.6682,0.0239
Dedup(0.85),1.69,3,0.6684,0.0245
Dedup(0.85),1.7,3,0.6689,0.0246
Dedup(0.85),1.71,3,0.6691,0.0244
Dedup(0.85),1.72,2,0.6691,0.122
Dedup(0.85),1.73,3,0.6695,0.0245
Dedup(0.85),1.74,3,0.6696,0.0247
Dedup(0.85),1.76,3,0.6701,0.0237
Dedup(0.85),1.77,3,0.6702,0.0236
Dedup(0.85),1.78,3,0.6703,0.0236
Dedup(0.85),1.79,3,0.6705,0.0237
Dedup(0.85),1.8,3,0.6707,0.0233
Dedup(0.85),1.81,3,0.6712,0.0234
Dedup(0.85),1.82,3,0.6717,0.0229
Dedup(0.85),1.83,3,0.6721,0.0227
Dedup(0.85),1.84,2,0.6768,0.0565
Dedup(0.85),1.85,3,0.6723,0.0227
Dedup(0.85),1.86,3,0.6723,0.0227
Dedup(0.85),1.87,3,0.6725,0.0227
Dedup(0.85),1.88,3,0.6727,0.0229
Dedup(0.85),1.89,3,0.6728,0.0232
Dedup(0.85),1.9,3,0.6734,0.0234
Dedup(0.85),1.91,3,0.6735,0.0236
Dedup(0.85),1.92,3,0.6738,0.0243
Dedup(0.85),1.93,3,0.6739,0.0241
Dedup(0.85),1.94,3,0.6745,0.0237
Dedup(0.85),1.95,3,0.6746,0.024
Dedup(0.85),1.96,3,0.6747,0.0237
Dedup(0.85),1.97,3,0.6748,0.0234
Dedup(0.85),1.98,3,0.6752,0.0231
Dedup(0.85),1.99,3,0.6753,0.0227
Dedup(0.85),2.0,3,0.6754,0.0228
Dedup(0.85),2.01,3,0.6756,0.023
Dedup(0.85),2.02,3,0.6759,0.0226
Dedup(0.85),2.03,3,0.676,0.0226
Dedup(0.85),2.04,3,0.6765,0.0224
Dedup(0.85),2.05,3,0.6768,0.0224
Dedup(0.85),2.06,3,0.677,0.0226
Dedup(0.85),2.07,3,0.6773,0.0225
Dedup(0.85),2.08,3,0.6776,0.0232
Dedup(0.85),2.09,3,0.6778,0.0234
Dedup(0.85),2.1,3,0.6781,0.0235
Dedup(0.85),2.11,3,0.6784,0.0236
Dedup(0.85),2.12,3,0.6787,0.0232
Dedup(0.85),2.13,3,0.6789,0.0237
Dedup(0.85),2.14,3,0.679,0.024
Dedup(0.85),2.15,2,0.6795,0.1182
Dedup(0.85),2.16,3,0.6793,0.0231
Dedup(0.85),2.17,3,0.6795,0.0234
Dedup(0.85),2.18,3,0.6796,0.0234
Dedup(0.85),2.19,3,0.6798,0.024
Dedup(0.85),2.2,3,0.6803,0.0234
Dedup(0.85),2.21,3,0.6804,0.0236
Dedup(0.85),2.22,3,0.6805,0.0236
Dedup(0.85),2.23,3,0.6813,0.0244
Dedup(0.85),2.24,2,0.6811,0.1252
Dedup(0.85),2.25,3,0.6818,0.0247
Dedup(0.85),2.26,3,0.6824,0.0263
Dedup(0.85),2.27,3,0.6823,0.027
Dedup(0.85),2.28,3,0.6828,0.0275
Dedup(0.85),2.29,3,0.6829,0.0276
Dedup(0.85),2.3,3,0.6831,0.0278
Dedup(0.85),2.31,3,0.6834,0.0282
Dedup(0.85),2.32,3,0.6838,0.0276
Dedup(0.85),2.33,3,0.6838,0.0276
Dedup(0.85),2.34,3,0.684,0.0279
Dedup(0.85),2.35,3,0.684,0.0279
Dedup(0.85),2.36,3,0.684,0.0279
Dedup(0.85),2.37,3,0.684,0.0278
Dedup(0.85),2.38,3,0.6843,0.0274
Dedup(0.85),2.39,3,0.6846,0.0264
Dedup(0.85),2.4,3,0.6852,0.0259
Dedup(0.85),2.41,3,0.6854,0.0262
Dedup(0.85),2.42,3,0.6858,0.0263
Dedup(0.85),2.43,3,0.6862,0.0262
Dedup(0.85),2.44,3,0.6862,0.0262
Dedup(0.85),2.45,3,0.6864,0.026
Dedup(0.85),2.46,3,0.6871,0.0259
Dedup(0.85),2.47,3,0.6872,0.0256
Dedup(0.85),2.48,3,0.6874,0.0256
Dedup(0.85),2.49,3,0.6875,0.0253
Dedup(0.85),2.5,3,0.6877,0.025
Dedup(0.85),2.51,3,0.6879,0.0256
Dedup(0.85),2.52,3,0.6885,0.0252
Dedup(0.85),2.53,3,0.6886,0.0255
Dedup(0.85),2.54,3,0.6889,0.0254
Dedup(0.85),2.55,3,0.6893,0.0258
Dedup(0.85),2.56,3,0.6893,0.0258
Dedup(0.85),2.57,3,0.6895,0.0258
Dedup(0.85),2.58,3,0.6895,0.026
Dedup(0.85),2.59,3,0.6896,0.0263
Dedup(0.85),2.6,3,0.6897,0.0262
Dedup(0.85),2.61,3,0.69,0.0268
Dedup(0.85),2.62,3,0.6902,0.0263
Dedup(0.85),2.63,3,0.6905,0.0258
Dedup(0.85),2.64,3,0.6908,0.0258
Dedup(0.85),2.65,3,0.6913,0.0263
Dedup(0.85),2.66,3,0.6913,0.0263
Dedup(0.85),2.67,3,0.6916,0.0255
Dedup(0.85),2.68,3,0.6919,0.0253
Dedup(0.85),2.69,3,0.692,0.0252
Dedup(0.85),2.7,3,0.6922,0.0251
Dedup(0.85),2.71,3,0.6924,0.0254
Dedup(0.85),2.72,3,0.6927,0.0252
Dedup(0.85),2.73,3,0.6927,0.0252
Dedup(0.85),2.74,3,0.6929,0.0249
Dedup(0.85),2.75,3,0.6934,0.024
Dedup(0.85),2.76,3,0.6937,0.0236
Dedup(0.85),2.77,3,0.694,0.0231
Dedup(0.85),2.78,3,0.6945,0.0238
Dedup(0.85),2.79,3,0.6945,0.0238
Dedup(0.85),2.8,3,0.6946,0.0236
Dedup(0.85),2.81,3,0.6946,0.0234
Dedup(0.85),2.82,3,0.6948,0.0235
Dedup(0.85),2.83,3,0.695,0.0235
Dedup(0.85),2.84,3,0.6951,0.0233
Dedup(0.85),2.85,3,0.6952,0.0232
Dedup(0.85),2.86,3,0.6953,0.0233
Dedup(0.85),2.87,3,0.6955,0.0234
Dedup(0.85),2.88,3,0.6956,0.0234
Dedup(0.85),2.89,3,0.6958,0.0232
Dedup(0.85),2.9,3,0.6959,0.0231
Dedup(0.85),2.91,3,0.696,0.0228
Dedup(0.85),2.92,3,0.6961,0.0224
Dedup(0.85),2.93,3,0.6962,0.0223
Dedup(0.85),2.94,3,0.6962,0.0223
Dedup(0.85),2.95,3,0.6962,0.0223
Dedup(0.85),2.96,3,0.6964,0.0223
Dedup(0.85),2.97,3,0.6967,0.0228
Dedup(0.85),2.98,3,0.6968,0.023
Dedup(0.85),2.99,3,0.6968,0.023
Dedup(0.85),3.0,3,0.6973,0.0234
Dedup(0.85),3.01,3,0.6975,0.0234
Dedup(0.85),3.02,3,0.6976,0.0232
Dedup(0.85),3.03,3,0.6976,0.0231
Dedup(0.85),3.04,3,0.6977,0.0231
Dedup(0.85),3.05,3,0.698,0.0231
Dedup(0.85),3.06,3,0.698,0.0231
Dedup(0.85),3.07,3,0.698,0.0231
Dedup(0.85),3.08,3,0.6979,0.0232
Dedup(0.85),3.09,3,0.698,0.023
Dedup(0.85),3.1,3,0.6982,0.0232
Dedup(0.85),3.11,3,0.6982,0.0232
Dedup(0.85),3.12,3,0.6985,0.0234
Dedup(0.85),3.13,3,0.6985,0.0234
Dedup(0.85),3.14,3,0.6985,0.0234
Dedup(0.85),3.15,3,0.6985,0.0232
Dedup(0.85),3.16,3,0.6985,0.0232
Dedup(0.85),3.17,3,0.6988,0.0232
Dedup(0.85),3.18,3,0.6988,0.0231
Dedup(0.85),3.19,3,0.6988,0.0231
Dedup(0.85),3.2,3,0.6988,0.0231
Dedup(0.85),3.21,3,0.6989,0.0231
Dedup(0.85),3.22,3,0.6989,0.0231
Dedup(0.85),3.23,3,0.6992,0.0231
Dedup(0.85),3.24,3,0.6992,0.0231
Dedup(0.85),3.25,3,0.6992,0.0231
Dedup(0.85),3.26,3,0.6993,0.0231
Dedup(0.85),3.27,3,0.6993,0.0231
Dedup(0.85),3.28,3,0.6995,0.0232
Dedup(0.85),3.29,3,0.6995,0.0232
Dedup(0.85),3.3,3,0.6995,0.0234
Dedup(0.85),3.31,3,0.6995,0.0234
Dedup(0.85),3.32,3,0.6996,0.0234
Dedup(0.85),3.33,3,0.6997,0.0233
Dedup(0.85),3.34,3,0.6997,0.0233
Dedup(0.85),3.35,3,0.6997,0.0233
Dedup(0.85),3.36,3,0.6998,0.0236
Dedup(0.85),3.37,3,0.6998,0.0236
Dedup(0.85),3.38,3,0.6998,0.0236
Dedup(0.85),3.39,3,0.6998,0.0236
Dedup(0.85),3.4,3,0.6999,0.0238
Dedup(0.85),3.41,3,0.6999,0.0238
Dedup(0.85),3.42,3,0.6999,0.0239
Dedup(0.85),3.43,3,0.6999,0.0239
Dedup(0.85),3.44,3,0.6999,0.0239
Dedup(0.85),3.45,3,0.7,0.0235
Dedup(0.85),3.46,3,0.7,0.0235
Dedup(0.85),3.47,3,0.7,0.0235
Dedup(0.85),3.48,3,0.7,0.0235
Dedup(0.85),3.49,3,0.7001,0.0232
Dedup(0.85),3.5,3,0.7001,0.0232
Dedup(0.85),3.51,3,0.7001,0.0232
Dedup(0.85),3.52,3,0.7002,0.0229
Dedup(0.85),3.53,3,0.7002,0.0229
Dedup(0.85),3.54,3,0.7002,0.0229
Dedup(0.85),3.55,3,0.7002,0.0229
Dedup(0.85),3.56,3,0.7002,0.0229
Dedup(0.85),3.57,3,0.7002,0.0229
Dedup(0.85),3.58,3,0.7002,0.0229
Dedup(0.85),3.59,3,0.7002,0.0229
Dedup(0.85),3.6,3,0.7002,0.0229
Dedup(0.85),3.61,3,0.7002,0.0227
Dedup(0.85),3.62,3,0.7002,0.0227
Dedup(0.85),3.63,3,0.7002,0.0227
Dedup(0.85),3.64,3,0.7002,0.0227
Dedup(0.85),3.65,3,0.7002,0.0227
Dedup(0.85),3.66,3,0.7002,0.0227
Dedup(0.85),3.67,3,0.7002,0.0227
Dedup(0.85),3.68,3,0.7003,0.0228
Dedup(0.85),3.69,3,0.7003,0.0228
Dedup(0.85),3.7,3,0.7003,0.0228
Dedup(0.85),3.71,3,0.7003,0.0228
Dedup(0.85),3.72,3,0.7003,0.0228
Dedup(0.85),3.73,3,0.7003,0.0228
Dedup(0.85),3.74,3,0.7003,0.0228
Dedup(0.85),3.75,3,0.7003,0.0228
Dedup(0.85),3.76,3,0.7003,0.0228
Dedup(0.85),3.77,3,0.7003,0.0228
Dedup(0.85),3.79,3,0.7003,0.0228
Dedup(0.85),3.8,3,0.7003,0.0228
Dedup(0.85),3.81,3,0.7003,0.0228
Dedup(0.85),3.82,3,0.7003,0.0228
Dedup(0.85),3.83,3,0.7003,0.0228
Dedup(0.85),3.84,3,0.7003,0.0228
Dedup(0.85),3.85,3,0.7003,0.0228
Dedup(0.85),3.86,3,0.7003,0.0228
Dedup(0.85),3.87,3,0.7003,0.0228
Dedup(0.85),3.88,3,0.7003,0.0228
Dedup(0.85),3.89,3,0.7003,0.0228
Dedup(0.85),3.9,3,0.7003,0.0228
Dedup(0.85),3.91,3,0.7003,0.0228
Dedup(0.85),3.92,3,0.7003,0.0228
Dedup(0.85),3.93,3,0.7003,0.0228
Dedup(0.85),3.94,3,0.7003,0.0228
Dedup(0.85),3.95,3,0.7003,0.0228
Dedup(0.85),3.96,3,0.7003,0.0228
Dedup(0.85),3.97,3,0.7003,0.0228
Dedup(0.85),3.99,3,0.7003,0.0228
Dedup(0.85),4.0,3,0.7003,0.0228
Dedup(0.85),4.01,3,0.7003,0.0228
Dedup(0.85),4.02,3,0.7003,0.0228
Dedup(0.85),4.03,3,0.7003,0.0228
Dedup(0.85),4.04,3,0.7003,0.0228
Dedup(0.85),4.05,3,0.7003,0.0228
Dedup(0.85),4.06,2,0.705,0.0502
Dedup(0.85),4.08,2,0.705,0.0502
Dedup(0.85),4.09,3,0.7003,0.0228
Dedup(0.85),4.1,3,0.7003,0.0228
Dedup(0.85),4.11,2,0.705,0.0502
Dedup(0.85),4.17,3,0.7003,0.0228
Dedup(0.85),4.18,1,0.709,0.0
Dedup(0.85),4.2,1,0.709,0.0
Dedup(0.85),4.21,3,0.7003,0.0228
Dedup(0.85),4.22,1,0.709,0.0
Dedup(0.85),4.24,3,0.7003,0.0228
Dedup(0.85),4.27,2,0.705,0.0502
Dedup(0.85),4.28,1,0.709,0.0
Dedup(0.85),4.31,2,0.6998,0.1163
Dedup(0.85),4.35,1,0.709,0.0
Dedup(0.85),4.36,1,0.709,0.0
Dedup(0.9),1.18,1,0.6677,0.0
Dedup(0.9),1.19,1,0.668,0.0
Dedup(0.9),1.23,1,0.6682,0.0
Dedup(0.9),1.25,3,0.6614,0.0238
Dedup(0.9),1.29,1,0.6684,0.0
Dedup(0.9),1.31,1,0.6691,0.0
Dedup(0.9),1.32,1,0.6691,0.0
Dedup(0.9),1.33,1,0.6694,0.0
Dedup(0.9),1.35,3,0.6619,0.0251
Dedup(0.9),1.39,3,0.6621,0.0255
Dedup(0.9),1.4,3,0.6625,0.0251
Dedup(0.9),1.42,2,0.6683,0.0273
Dedup(0.9),1.43,2,0.6683,0.0273
Dedup(0.9),1.44,3,0.6627,0.0247
Dedup(0.9),1.45,3,0.6628,0.0248
Dedup(0.9),1.46,2,0.6611,0.1194
Dedup(0.9),1.47,3,0.663,0.0242
Dedup(0.9),1.48,2,0.6623,0.1188
Dedup(0.9),1.51,1,0.6717,0.0
Dedup(0.9),1.52,3,0.6639,0.024
Dedup(0.9),1.53,3,0.6647,0.0242
Dedup(0.9),1.56,3,0.6652,0.0221
Dedup(0.9),1.59,3,0.6652,0.0221
Dedup(0.9),1.61,3,0.6653,0.0221
Dedup(0.9),1.62,3,0.6654,0.0224
Dedup(0.9),1.63,3,0.6655,0.0226
Dedup(0.9),1.64,3,0.6655,0.0225
Dedup(0.9),1.65,3,0.6656,0.0222
Dedup(0.9),1.66,3,0.6661,0.0226
Dedup(0.9),1.67,2,0.6711,0.0368
Dedup(0.9),1.68,3,0.6664,0.0227
Dedup(0.9),1.69,3,0.6664,0.0227
Dedup(0.9),1.7,3,0.6667,0.0227
Dedup(0.9),1.71,3,0.6667,0.0225
Dedup(0.9),1.72,2,0.6659,0.1105
Dedup(0.9),1.73,3,0.6669,0.022
Dedup(0.9),1.74,3,0.667,0.0224
Dedup(0.9),1.76,3,0.6672,0.0221
Dedup(0.9),1.77,3,0.6672,0.0221
Dedup(0.9),1.78,3,0.6673,0.0221
Dedup(0.9),1.79,3,0.6674,0.0222
Dedup(0.9),1.8,3,0.6675,0.0219
Dedup(0.9),1.81,3,0.6678,0.0223
Dedup(0.9),1.82,3,0.668,0.022
Dedup(0.9),1.83,3,0.6683,0.0219
Dedup(0.9),1.84,2,0.6731,0.0337
Dedup(0.9),1.85,3,0.6684,0.0218
Dedup(0.9),1.86,3,0.6685,0.0219
Dedup(0.9),1.87,3,0.6685,0.0219
Dedup(0.9),1.88,3,0.6687,0.0218
Dedup(0.9),1.89,3,0.6687,0.0218
Dedup(0.9),1.9,3,0.6689,0.0214
Dedup(0.9),1.91,3,0.669,0.0217
Dedup(0.9),1.92,3,0.6691,0.0218
Dedup(0.9),1.93,3,0.6691,0.0218
Dedup(0.9),1.94,3,0.6693,0.0215
Dedup(0.9),1.95,3,0.6694,0.0216
Dedup(0.9),1.96,3,0.6695,0.0214
Dedup(0.9),1.97,3,0.6695,0.0211
Dedup(0.9),1.98,3,0.6696,0.0212
Dedup(0.9),1.99,3,0.6698,0.0208
Dedup(0.9),2.0,3,0.6699,0.0206
Dedup(0.9),2.01,3,0.6699,0.0207
Dedup(0.9),2.02,3,0.67,0.0208
Dedup(0.9),2.03,3,0.6701,0.0209
Dedup(0.9),2.04,3,0.6702,0.0207
Dedup(0.9),2.05,3,0.6704,0.0206
Dedup(0.9),2.06,3,0.6705,0.0205
Dedup(0.9),2.07,3,0.6707,0.0204
Dedup(0.9),2.08,3,0.6709,0.0203
Dedup(0.9),2.09,3,0.671,0.0204
Dedup(0.9),2.1,3,0.6711,0.0201
Dedup(0.9),2.11,3,0.6713,0.0201
Dedup(0.9),2.12,3,0.6714,0.0204
Dedup(0.9),2.13,3,0.6715,0.0207
Dedup(0.9),2.14,3,0.6715,0.0207
Dedup(0.9),2.15,2,0.6708,0.0997
Dedup(0.9),2.16,3,0.6718,0.0199
Dedup(0.9),2.17,3,0.672,0.0197
Dedup(0.9),2.18,3,0.672,0.0197
Dedup(0.9),2.19,3,0.672,0.0197
Dedup(0.9),2.2,3,0.6723,0.0197
Dedup(0.9),2.21,3,0.6723,0.0197
Dedup(0.9),2.22,3,0.6724,0.0198
Dedup(0.9),2.23,3,0.6728,0.0206
Dedup(0.9),2.24,2,0.6714,0.101
Dedup(0.9),2.25,3,0.673,0.0206
Dedup(0.9),2.26,3,0.6735,0.0215
Dedup(0.9),2.27,3,0.6735,0.0215
Dedup(0.9),2.28,3,0.6739,0.0218
Dedup(0.9),2.29,3,0.6741,0.0218
Dedup(0.9),2.3,3,0.6742,0.0218
Dedup(0.9),2.31,3,0.6744,0.022
Dedup(0.9),2.32,3,0.6747,0.0212
Dedup(0.9),2.33,3,0.6747,0.0212
Dedup(0.9),2.34,3,0.6749,0.0216
Dedup(0.9),2.35,3,0.6749,0.0216
Dedup(0.9),2.36,3,0.675,0.0217
Dedup(0.9),2.37,3,0.675,0.0217
Dedup(0.9),2.38,3,0.6751,0.0213
Dedup(0.9),2.39,3,0.6751,0.0212
Dedup(0.9),2.4,3,0.6756,0.0205
Dedup(0.9),2.41,3,0.6757,0.0207
Dedup(0.9),2.42,3,0.6759,0.021
Dedup(0.9),2.43,3,0.6761,0.0204
Dedup(0.9),2.44,3,0.6761,0.0204
Dedup(0.9),2.45,3,0.6762,0.0202
Dedup(0.9),2.46,3,0.6765,0.0199
Dedup(0.9),2.47,3,0.6765,0.0199
Dedup(0.9),2.48,3,0.6765,0.0199
Dedup(0.9),2.49,3,0.6765,0.0199
Dedup(0.9),2.5,3,0.6765,0.0199
Dedup(0.9),2.51,3,0.6767,0.0204
Dedup(0.9),2.52,3,0.6768,0.0203
Dedup(0.9),2.53,3,0.6768,0.0205
Dedup(0.9),2.54,3,0.6769,0.02
Dedup(0.9),2.55,3,0.6772,0.0198
Dedup(0.9),2.56,3,0.6773,0.0198
Dedup(0.9),2.57,3,0.6774,0.0199
Dedup(0.9),2.58,3,0.6774,0.0199
Dedup(0.9),2.59,3,0.6774,0.0199
Dedup(0.9),2.6,3,0.6775,0.0199
Dedup(0.9),2.61,3,0.6777,0.0204
Dedup(0.9),2.62,3,0.6779,0.0198
Dedup(0.9),2.63,3,0.6781,0.0194
Dedup(0.9),2.64,3,0.6783,0.0195
Dedup(0.9),2.65,3,0.6783,0.0195
Dedup(0.9),2.66,3,0.6783,0.0195
Dedup(0.9),2.67,3,0.6784,0.019
Dedup(0.9),2.68,3,0.6785,0.0191
Dedup(0.9),2.69,3,0.6786,0.0191
Dedup(0.9),2.7,3,0.6788,0.0191
Dedup(0.9),2.71,3,0.6789,0.0195
Dedup(0.9),2.72,3,0.6789,0.0195
Dedup(0.9),2.73,3,0.6789,0.0195
Dedup(0.9),2.74,3,0.6791,0.0193
Dedup(0.9),2.75,3,0.6795,0.0188
Dedup(0.9),2.76,3,0.6795,0.0187
Dedup(0.9),2.77,3,0.6796,0.0188
Dedup(0.9),2.78,3,0.6801,0.0197
Dedup(0.9),2.79,3,0.6801,0.0197
Dedup(0.9),2.8,3,0.6801,0.0197
Dedup(0.9),2.81,3,0.6801,0.0197
Dedup(0.9),2.82,3,0.6802,0.0197
Dedup(0.9),2.83,3,0.6802,0.0197
Dedup(0.9),2.84,3,0.6803,0.0193
Dedup(0.9),2.85,3,0.6804,0.0195
Dedup(0.9),2.86,3,0.6804,0.0197
Dedup(0.9),2.87,3,0.6805,0.0197
Dedup(0.9),2.88,3,0.6806,0.0198
Dedup(0.9),2.89,3,0.6807,0.0196
Dedup(0.9),2.9,3,0.6807,0.0196
Dedup(0.9),2.91,3,0.6807,0.0196
Dedup(0.9),2.92,3,0.6807,0.0196
Dedup(0.9),2.93,3,0.6807,0.0196
Dedup(0.9),2.94,3,0.6807,0.0196
Dedup(0.9),2.95,3,0.6807,0.0196
Dedup(0.9),2.96,3,0.6807,0.0195
Dedup(0.9),2.97,3,0.6808,0.0197
Dedup(0.9),2.98,3,0.6808,0.0197
Dedup(0.9),2.99,3,0.6808,0.0197
Dedup(0.9),3.0,3,0.6813,0.0205
Dedup(0.9),3.01,3,0.6813,0.0205
Dedup(0.9),3.02,3,0.6813,0.0205
Dedup(0.9),3.03,3,0.6813,0.0205
Dedup(0.9),3.04,3,0.6813,0.0205
Dedup(0.9),3.05,3,0.6813,0.0207
Dedup(0.9),3.06,3,0.6813,0.0207
Dedup(0.9),3.07,3,0.6813,0.0207
Dedup(0.9),3.08,3,0.6813,0.0207
Dedup(0.9),3.09,3,0.6814,0.0204
Dedup(0.9),3.1,3,0.6815,0.0207
Dedup(0.9),3.11,3,0.6815,0.0207
Dedup(0.9),3.12,3,0.6818,0.0208
Dedup(0.9),3.13,3,0.6818,0.0208
Dedup(0.9),3.14,3,0.6818,0.0208
Dedup(0.9),3.15,3,0.6818,0.0206
Dedup(0.9),3.16,3,0.6818,0.0206
Dedup(0.9),3.17,3,0.6818,0.0206
Dedup(0.9),3.18,3,0.6818,0.0205
Dedup(0.9),3.19,3,0.6818,0.0205
Dedup(0.9),3.2,3,0.6818,0.0205
Dedup(0.9),3.21,3,0.6819,0.0206
Dedup(0.9),3.22,3,0.6819,0.0206
Dedup(0.9),3.23,3,0.6819,0.0206
Dedup(0.9),3.24,3,0.682,0.0207
Dedup(0.9),3.25,3,0.682,0.0207
Dedup(0.9),3.26,3,0.682,0.0207
Dedup(0.9),3.27,3,0.682,0.0207
Dedup(0.9),3.28,3,0.682,0.0207
Dedup(0.9),3.29,3,0.682,0.0207
Dedup(0.9),3.3,3,0.682,0.0207
Dedup(0.9),3.31,3,0.682,0.0207
Dedup(0.9),3.32,3,0.682,0.0207
Dedup(0.9),3.33,3,0.6821,0.0208
Dedup(0.9),3.34,3,0.6821,0.0208
Dedup(0.9),3.35,3,0.6821,0.0208
Dedup(0.9),3.36,3,0.6821,0.0209
Dedup(0.9),3.37,3,0.6821,0.0209
Dedup(0.9),3.38,3,0.6821,0.0209
Dedup(0.9),3.39,3,0.6821,0.0209
Dedup(0.9),3.4,3,0.6821,0.0209
Dedup(0.9),3.41,3,0.6821,0.0209
Dedup(0.9),3.42,3,0.6821,0.021
Dedup(0.9),3.43,3,0.6821,0.021
Dedup(0.9),3.44,3,0.6821,0.021
Dedup(0.9),3.45,3,0.6822,0.0205
Dedup(0.9),3.46,3,0.6822,0.0205
Dedup(0.9),3.47,3,0.6822,0.0205
Dedup(0.9),3.48,3,0.6822,0.0205
Dedup(0.9),3.49,3,0.6822,0.0205
Dedup(0.9),3.5,3,0.6822,0.0205
Dedup(0.9),3.51,3,0.6822,0.0205
Dedup(0.9),3.52,3,0.6823,0.0204
Dedup(0.9),3.53,3,0.6823,0.0204
Dedup(0.9),3.54,3,0.6823,0.0204
Dedup(0.9),3.55,3,0.6823,0.0204
Dedup(0.9),3.56,3,0.6823,0.0204
Dedup(0.9),3.57,3,0.6823,0.0204
Dedup(0.9),3.58,3,0.6823,0.0204
Dedup(0.9),3.59,3,0.6823,0.0204
Dedup(0.9),3.6,3,0.6823,0.0204
Dedup(0.9),3.61,3,0.6824,0.02
Dedup(0.9),3.62,3,0.6824,0.02
Dedup(0.9),3.63,3,0.6824,0.02
Dedup(0.9),3.64,3,0.6824,0.02
Dedup(0.9),3.65,3,0.6824,0.02
Dedup(0.9),3.66,3,0.6824,0.02
Dedup(0.9),3.67,3,0.6824,0.02
Dedup(0.9),3.68,3,0.6824,0.02
Dedup(0.9),3.69,3,0.6824,0.02
Dedup(0.9),3.7,3,0.6824,0.02
Dedup(0.9),3.71,3,0.6824,0.02
Dedup(0.9),3.72,3,0.6824,0.02
Dedup(0.9),3.73,3,0.6824,0.02
Dedup(0.9),3.74,3,0.6824,0.02
Dedup(0.9),3.75,3,0.6824,0.02
Dedup(0.9),3.76,3,0.6824,0.02
Dedup(0.9),3.77,3,0.6824,0.02
Dedup(0.9),3.79,3,0.6824,0.02
Dedup(0.9),3.8,3,0.6824,0.02
Dedup(0.9),3.81,3,0.6824,0.02
Dedup(0.9),3.82,3,0.6824,0.02
Dedup(0.9),3.83,3,0.6824,0.02
Dedup(0.9),3.84,3,0.6824,0.02
Dedup(0.9),3.85,3,0.6824,0.02
Dedup(0.9),3.86,3,0.6824,0.02
Dedup(0.9),3.87,3,0.6824,0.02
Dedup(0.9),3.88,3,0.6824,0.02
Dedup(0.9),3.89,3,0.6824,0.02
Dedup(0.9),3.9,3,0.6824,0.02
Dedup(0.9),3.91,3,0.6824,0.02
Dedup(0.9),3.92,3,0.6824,0.02
Dedup(0.9),3.93,3,0.6824,0.02
Dedup(0.9),3.94,3,0.6824,0.02
Dedup(0.9),3.95,3,0.6824,0.02
Dedup(0.9),3.96,3,0.6824,0.02
Dedup(0.9),3.97,3,0.6824,0.02
Dedup(0.9),3.99,3,0.6824,0.02
Dedup(0.9),4.0,3,0.6824,0.02
Dedup(0.9),4.01,3,0.6824,0.02
Dedup(0.9),4.02,3,0.6824,0.02
Dedup(0.9),4.03,3,0.6824,0.02
Dedup(0.9),4.04,3,0.6824,0.02
Dedup(0.9),4.05,3,0.6824,0.02
Dedup(0.9),4.06,2,0.6869,0.0159
Dedup(0.9),4.08,2,0.6869,0.0159
Dedup(0.9),4.09,3,0.6824,0.02
Dedup(0.9),4.1,3,0.6824,0.02
Dedup(0.9),4.11,2,0.6869,0.0159
Dedup(0.9),4.17,3,0.6824,0.02
Dedup(0.9),4.18,1,0.6882,0.0
Dedup(0.9),4.2,1,0.6882,0.0
Dedup(0.9),4.21,3,0.6824,0.02
Dedup(0.9),4.22,1,0.6882,0.0
Dedup(0.9),4.24,3,0.6824,0.02
Dedup(0.9),4.27,2,0.6869,0.0159
Dedup(0.9),4.28,1,0.6882,0.0
Dedup(0.9),4.31,2,0.6807,0.0953
Dedup(0.9),4.35,1,0.6882,0.0
Dedup(0.9),4.36,1,0.6882,0.0
Dedup(0.95),1.18,1,0.6677,0.0
Dedup(0.95),1.19,1,0.6679,0.0
Dedup(0.95),1.23,1,0.6679,0.0
Dedup(0.95),1.25,3,0.6613,0.0236
Dedup(0.95),1.29,1,0.6681,0.0
Dedup(0.95),1.31,1,0.6688,0.0
Dedup(0.95),1.32,1,0.6688,0.0
Dedup(0.95),1.33,1,0.669,0.0
Dedup(0.95),1.35,3,0.6617,0.0247
Dedup(0.95),1.39,3,0.6617,0.0247
Dedup(0.95),1.4,3,0.6621,0.0242
Dedup(0.95),1.42,2,0.6677,0.0241
Dedup(0.95),1.43,2,0.6677,0.0241
Dedup(0.95),1.44,3,0.6623,0.0237
Dedup(0.95),1.45,3,0.6623,0.0237
Dedup(0.95),1.46,2,0.6605,0.115
Dedup(0.95),1.47,3,0.6624,0.0234
Dedup(0.95),1.48,2,0.6613,0.1131
Dedup(0.95),1.51,1,0.6702,0.0
Dedup(0.95),1.52,3,0.663,0.0231
Dedup(0.95),1.53,3,0.6634,0.0229
Dedup(0.95),1.56,3,0.6635,0.0225
Dedup(0.95),1.59,3,0.6635,0.0225
Dedup(0.95),1.61,3,0.6635,0.0226
Dedup(0.95),1.62,3,0.6636,0.0229
Dedup(0.95),1.63,3,0.6636,0.0229
Dedup(0.95),1.64,3,0.6636,0.0229
Dedup(0.95),1.65,3,0.6636,0.0229
Dedup(0.95),1.66,3,0.664,0.0233
Dedup(0.95),1.67,2,0.6694,0.0286
Dedup(0.95),1.68,3,0.6641,0.0235
Dedup(0.95),1.69,3,0.6641,0.0235
Dedup(0.95),1.7,3,0.6641,0.0235
Dedup(0.95),1.71,3,0.6641,0.0235
Dedup(0.95),1.72,2,0.6625,0.115
Dedup(0.95),1.73,3,0.6641,0.0235
Dedup(0.95),1.74,3,0.6642,0.0238
Dedup(0.95),1.76,3,0.6642,0.0238
Dedup(0.95),1.77,3,0.6642,0.0238
Dedup(0.95),1.78,3,0.6643,0.0239
Dedup(0.95),1.79,3,0.6643,0.0239
Dedup(0.95),1.8,3,0.6643,0.0239
Dedup(0.95),1.81,3,0.6643,0.0239
Dedup(0.95),1.82,3,0.6645,0.024
Dedup(0.95),1.83,3,0.6647,0.0238
Dedup(0.95),1.84,2,0.6701,0.0254
Dedup(0.95),1.85,3,0.6648,0.0237
Dedup(0.95),1.86,3,0.6648,0.0237
Dedup(0.95),1.87,3,0.6648,0.0237
Dedup(0.95),1.88,3,0.6649,0.0234
Dedup(0.95),1.89,3,0.6649,0.0234
Dedup(0.95),1.9,3,0.6649,0.0234
Dedup(0.95),1.91,3,0.665,0.0237
Dedup(0.95),1.92,3,0.6651,0.0239
Dedup(0.95),1.93,3,0.6651,0.0239
Dedup(0.95),1.94,3,0.6651,0.0239
Dedup(0.95),1.95,3,0.6651,0.0239
Dedup(0.95),1.96,3,0.6652,0.0236
Dedup(0.95),1.97,3,0.6652,0.0236
Dedup(0.95),1.98,3,0.6653,0.0237
Dedup(0.95),1.99,3,0.6654,0.0235
Dedup(0.95),2.0,3,0.6654,0.0235
Dedup(0.95),2.01,3,0.6655,0.0236
Dedup(0.95),2.02,3,0.6656,0.0238
Dedup(0.95),2.03,3,0.6656,0.0238
Dedup(0.95),2.04,3,0.6657,0.0234
Dedup(0.95),2.05,3,0.6658,0.0235
Dedup(0.95),2.06,3,0.6658,0.0235
Dedup(0.95),2.07,3,0.666,0.0235
Dedup(0.95),2.08,3,0.6661,0.0232
Dedup(0.95),2.09,3,0.6661,0.0231
Dedup(0.95),2.1,3,0.6662,0.0228
Dedup(0.95),2.11,3,0.6662,0.0228
Dedup(0.95),2.12,3,0.6662,0.0228
Dedup(0.95),2.13,3,0.6662,0.0228
Dedup(0.95),2.14,3,0.6662,0.0228
Dedup(0.95),2.15,2,0.6646,0.1074
Dedup(0.95),2.16,3,0.6664,0.0223
Dedup(0.95),2.17,3,0.6664,0.0223
Dedup(0.95),2.18,3,0.6664,0.0223
Dedup(0.95),2.19,3,0.6664,0.0223
Dedup(0.95),2.2,3,0.6664,0.0223
Dedup(0.95),2.21,3,0.6664,0.0223
Dedup(0.95),2.22,3,0.6664,0.0223
Dedup(0.95),2.23,3,0.6664,0.0223
Dedup(0.95),2.24,2,0.6646,0.1074
Dedup(0.95),2.25,3,0.6665,0.0224
Dedup(0.95),2.26,3,0.6665,0.0225
Dedup(0.95),2.27,3,0.6665,0.0225
Dedup(0.95),2.28,3,0.6665,0.0225
Dedup(0.95),2.29,3,0.6665,0.0225
Dedup(0.95),2.3,3,0.6665,0.0225
Dedup(0.95),2.31,3,0.6665,0.0225
Dedup(0.95),2.32,3,0.6665,0.0225
Dedup(0.95),2.33,3,0.6665,0.0225
Dedup(0.95),2.34,3,0.6665,0.0225
Dedup(0.95),2.35,3,0.6665,0.0225
Dedup(0.95),2.36,3,0.6665,0.0225
Dedup(0.95),2.37,3,0.6665,0.0225
Dedup(0.95),2.38,3,0.6665,0.0225
Dedup(0.95),2.39,3,0.6665,0.0225
Dedup(0.95),2.4,3,0.6666,0.0226
Dedup(0.95),2.41,3,0.6666,0.0226
Dedup(0.95),2.42,3,0.6666,0.0226
Dedup(0.95),2.43,3,0.6666,0.0226
Dedup(0.95),2.44,3,0.6666,0.0226
Dedup(0.95),2.45,3,0.6667,0.0222
Dedup(0.95),2.46,3,0.6667,0.0222
Dedup(0.95),2.47,3,0.6667,0.0222
Dedup(0.95),2.48,3,0.6667,0.0222
Dedup(0.95),2.49,3,0.6667,0.0222
Dedup(0.95),2.5,3,0.6667,0.0222
Dedup(0.95),2.51,3,0.6667,0.0222
Dedup(0.95),2.52,3,0.6667,0.0222
Dedup(0.95),2.53,3,0.6667,0.0222
Dedup(0.95),2.54,3,0.6667,0.0222
Dedup(0.95),2.55,3,0.6668,0.0222
Dedup(0.95),2.56,3,0.6668,0.0222
Dedup(0.95),2.57,3,0.6669,0.0223
Dedup(0.95),2.58,3,0.6669,0.0223
Dedup(0.95),2.59,3,0.6669,0.0223
Dedup(0.95),2.6,3,0.6669,0.0223
Dedup(0.95),2.61,3,0.667,0.0224
Dedup(0.95),2.62,3,0.6671,0.0217
Dedup(0.95),2.63,3,0.6672,0.0219
Dedup(0.95),2.64,3,0.6673,0.0221
Dedup(0.95),2.65,3,0.6673,0.0221
Dedup(0.95),2.66,3,0.6673,0.0221
Dedup(0.95),2.67,3,0.6673,0.0221
Dedup(0.95),2.68,3,0.6673,0.0221
Dedup(0.95),2.69,3,0.6673,0.0221
Dedup(0.95),2.7,3,0.6673,0.0221
Dedup(0.95),2.71,3,0.6673,0.0221
Dedup(0.95),2.72,3,0.6673,0.0221
Dedup(0.95),2.73,3,0.6673,0.0221
Dedup(0.95),2.74,3,0.6673,0.0221
Dedup(0.95),2.75,3,0.6675,0.0219
Dedup(0.95),2.76,3,0.6675,0.0219
Dedup(0.95),2.77,3,0.6675,0.0219
Dedup(0.95),2.78,3,0.6678,0.0227
Dedup(0.95),2.79,3,0.6678,0.0227
Dedup(0.95),2.8,3,0.6678,0.0227
Dedup(0.95),2.81,3,0.6678,0.0227
Dedup(0.95),2.82,3,0.6678,0.0227
Dedup(0.95),2.83,3,0.6678,0.0227
Dedup(0.95),2.84,3,0.6678,0.0227
Dedup(0.95),2.85,3,0.6678,0.0227
Dedup(0.95),2.86,3,0.6678,0.0227
Dedup(0.95),2.87,3,0.6678,0.0227
Dedup(0.95),2.88,3,0.6678,0.0227
Dedup(0.95),2.89,3,0.6678,0.0227
Dedup(0.95),2.9,3,0.6678,0.0227
Dedup(0.95),2.91,3,0.6678,0.0227
Dedup(0.95),2.92,3,0.6678,0.0227
Dedup(0.95),2.93,3,0.6678,0.0227
Dedup(0.95),2.94,3,0.6678,0.0227
Dedup(0.95),2.95,3,0.6678,0.0227
Dedup(0.95),2.96,3,0.6678,0.0227
Dedup(0.95),2.97,3,0.6678,0.0227
Dedup(0.95),2.98,3,0.6678,0.0227
Dedup(0.95),2.99,3,0.6678,0.0227
Dedup(0.95),3.0,3,0.6683,0.0235
Dedup(0.95),3.01,3,0.6683,0.0235
Dedup(0.95),3.02,3,0.6683,0.0235
Dedup(0.95),3.03,3,0.6683,0.0235
Dedup(0.95),3.04,3,0.6683,0.0235
Dedup(0.95),3.05,3,0.6683,0.0237
Dedup(0.95),3.06,3,0.6683,0.0237
Dedup(0.95),3.07,3,0.6683,0.0237
Dedup(0.95),3.08,3,0.6683,0.0237
Dedup(0.95),3.09,3,0.6684,0.0234
Dedup(0.95),3.1,3,0.6684,0.0234
Dedup(0.95),3.11,3,0.6684,0.0234
Dedup(0.95),3.12,3,0.6685,0.0236
Dedup(0.95),3.13,3,0.6685,0.0236
Dedup(0.95),3.14,3,0.6685,0.0236
Dedup(0.95),3.15,3,0.6685,0.0236
Dedup(0.95),3.16,3,0.6685,0.0236
Dedup(0.95),3.17,3,0.6685,0.0236
Dedup(0.95),3.18,3,0.6685,0.0236
Dedup(0.95),3.19,3,0.6685,0.0236
Dedup(0.95),3.2,3,0.6685,0.0236
Dedup(0.95),3.21,3,0.6685,0.0236
Dedup(0.95),3.22,3,0.6685,0.0236
Dedup(0.95),3.23,3,0.6685,0.0236
Dedup(0.95),3.24,3,0.6685,0.0236
Dedup(0.95),3.25,3,0.6685,0.0236
Dedup(0.95),3.26,3,0.6685,0.0236
Dedup(0.95),3.27,3,0.6685,0.0236
Dedup(0.95),3.28,3,0.6685,0.0236
Dedup(0.95),3.29,3,0.6685,0.0236
Dedup(0.95),3.3,3,0.6685,0.0236
Dedup(0.95),3.31,3,0.6685,0.0236
Dedup(0.95),3.32,3,0.6685,0.0236
Dedup(0.95),3.33,3,0.6685,0.0236
Dedup(0.95),3.34,3,0.6685,0.0236
Dedup(0.95),3.35,3,0.6685,0.0236
Dedup(0.95),3.36,3,0.6686,0.0238
Dedup(0.95),3.37,3,0.6686,0.0238
Dedup(0.95),3.38,3,0.6686,0.0238
Dedup(0.95),3.39,3,0.6686,0.0238
Dedup(0.95),3.4,3,0.6686,0.0238
Dedup(0.95),3.41,3,0.6686,0.0238
Dedup(0.95),3.42,3,0.6686,0.0238
Dedup(0.95),3.43,3,0.6686,0.0238
Dedup(0.95),3.44,3,0.6686,0.0238
Dedup(0.95),3.45,3,0.6686,0.0238
Dedup(0.95),3.46,3,0.6686,0.0238
Dedup(0.95),3.47,3,0.6686,0.0238
Dedup(0.95),3.48,3,0.6686,0.0238
Dedup(0.95),3.49,3,0.6686,0.0238
Dedup(0.95),3.5,3,0.6686,0.0238
Dedup(0.95),3.51,3,0.6686,0.0238
Dedup(0.95),3.52,3,0.6686,0.0238
Dedup(0.95),3.53,3,0.6686,0.0238
Dedup(0.95),3.54,3,0.6686,0.0238
Dedup(0.95),3.55,3,0.6686,0.0238
Dedup(0.95),3.56,3,0.6686,0.0238
Dedup(0.95),3.57,3,0.6686,0.0238
Dedup(0.95),3.58,3,0.6686,0.0238
Dedup(0.95),3.59,3,0.6686,0.0238
Dedup(0.95),3.6,3,0.6686,0.0238
Dedup(0.95),3.61,3,0.6686,0.0238
Dedup(0.95),3.62,3,0.6686,0.0238
Dedup(0.95),3.63,3,0.6686,0.0238
Dedup(0.95),3.64,3,0.6686,0.0238
Dedup(0.95),3.65,3,0.6686,0.0238
Dedup(0.95),3.66,3,0.6686,0.0238
Dedup(0.95),3.67,3,0.6686,0.0238
Dedup(0.95),3.68,3,0.6686,0.0238
Dedup(0.95),3.69,3,0.6686,0.0238
Dedup(0.95),3.7,3,0.6686,0.0238
Dedup(0.95),3.71,3,0.6686,0.0238
Dedup(0.95),3.72,3,0.6686,0.0238
Dedup(0.95),3.73,3,0.6686,0.0238
Dedup(0.95),3.74,3,0.6686,0.0238
Dedup(0.95),3.75,3,0.6686,0.0238
Dedup(0.95),3.76,3,0.6686,0.0238
Dedup(0.95),3.77,3,0.6686,0.0238
Dedup(0.95),3.79,3,0.6686,0.0238
Dedup(0.95),3.8,3,0.6686,0.0238
Dedup(0.95),3.81,3,0.6686,0.0238
Dedup(0.95),3.82,3,0.6686,0.0238
Dedup(0.95),3.83,3,0.6686,0.0238
Dedup(0.95),3.84,3,0.6686,0.0238
Dedup(0.95),3.85,3,0.6686,0.0238
Dedup(0.95),3.86,3,0.6686,0.0238
Dedup(0.95),3.87,3,0.6686,0.0238
Dedup(0.95),3.88,3,0.6686,0.0238
Dedup(0.95),3.89,3,0.6686,0.0238
Dedup(0.95),3.9,3,0.6686,0.0238
Dedup(0.95),3.91,3,0.6686,0.0238
Dedup(0.95),3.92,3,0.6686,0.0238
Dedup(0.95),3.93,3,0.6686,0.0238
Dedup(0.95),3.94,3,0.6686,0.0238
Dedup(0.95),3.95,3,0.6686,0.0238
Dedup(0.95),3.96,3,0.6686,0.0238
Dedup(0.95),3.97,3,0.6686,0.0238
Dedup(0.95),3.99,3,0.6686,0.0238
Dedup(0.95),4.0,3,0.6686,0.0238
Dedup(0.95),4.01,3,0.6686,0.0238
Dedup(0.95),4.02,3,0.6686,0.0238
Dedup(0.95),4.03,3,0.6686,0.0238
Dedup(0.95),4.04,3,0.6686,0.0238
Dedup(0.95),4.05,3,0.6686,0.0238
Dedup(0.95),4.06,2,0.6741,0.014
Dedup(0.95),4.08,2,0.6741,0.014
Dedup(0.95),4.09,3,0.6686,0.0238
Dedup(0.95),4.1,3,0.6686,0.0238
Dedup(0.95),4.11,2,0.6741,0.014
Dedup(0.95),4.17,3,0.6686,0.0238
Dedup(0.95),4.18,1,0.6752,0.0
Dedup(0.95),4.2,1,0.6752,0.0
Dedup(0.95),4.21,3,0.6686,0.0238
Dedup(0.95),4.22,1,0.6752,0.0
Dedup(0.95),4.24,3,0.6686,0.0238
Dedup(0.95),4.27,2,0.6741,0.014
Dedup(0.95),4.28,1,0.6752,0.0
Dedup(0.95),4.31,2,0.6664,0.1118
Dedup(0.95),4.35,1,0.6752,0.0
Dedup(0.95),4.36,1,0.6752,0.0
MMR(0.3),1.18,1,0.6677,0.0
MMR(0.3),1.19,1,0.6679,0.0
MMR(0.3),1.23,1,0.6679,0.0
MMR(0.3),1.25,3,0.6613,0.0236
MMR(0.3),1.29,1,0.6681,0.0
MMR(0.3),1.31,1,0.6685,0.0
MMR(0.3),1.32,1,0.6685,0.0
MMR(0.3),1.33,1,0.6686,0.0
MMR(0.3),1.35,3,0.662,0.024
MMR(0.3),1.39,3,0.6623,0.0246
MMR(0.3),1.4,3,0.6624,0.0244
MMR(0.3),1.42,2,0.6682,0.014
MMR(0.3),1.43,2,0.6683,0.0146
MMR(0.3),1.44,3,0.6627,0.0249
MMR(0.3),1.45,3,0.6627,0.025
MMR(0.3),1.46,2,0.6604,0.1169
MMR(0.3),1.47,3,0.6631,0.0246
MMR(0.3),1.48,2,0.6614,0.1163
MMR(0.3),1.51,1,0.6709,0.0
MMR(0.3),1.52,3,0.6638,0.024
MMR(0.3),1.53,3,0.6642,0.024
MMR(0.3),1.56,3,0.6645,0.023
MMR(0.3),1.59,3,0.6647,0.0234
MMR(0.3),1.61,3,0.6647,0.0236
MMR(0.3),1.62,3,0.6645,0.0243
MMR(0.3),1.63,3,0.6648,0.0248
MMR(0.3),1.64,3,0.6649,0.0243
MMR(0.3),1.65,3,0.6649,0.0242
MMR(0.3),1.66,3,0.6654,0.0236
MMR(0.3),1.67,2,0.6709,0.0286
MMR(0.3),1.68,3,0.6656,0.024
MMR(0.3),1.69,3,0.6655,0.0242
MMR(0.3),1.7,3,0.6646,0.0254
MMR(0.3),1.71,3,0.6643,0.0259
MMR(0.3),1.72,2,0.6628,0.1245
MMR(0.3),1.73,3,0.6647,0.0253
MMR(0.3),1.74,3,0.6649,0.025
MMR(0.3),1.76,3,0.6651,0.0233
MMR(0.3),1.77,3,0.6654,0.023
MMR(0.3),1.78,3,0.6656,0.0232
MMR(0.3),1.79,3,0.6655,0.0229
MMR(0.3),1.8,3,0.6665,0.0243
MMR(0.3),1.81,3,0.6666,0.0247
MMR(0.3),1.82,3,0.6667,0.0246
MMR(0.3),1.83,3,0.6667,0.0256
MMR(0.3),1.84,2,0.6725,0.0254
MMR(0.3),1.85,3,0.6668,0.0252
MMR(0.3),1.86,3,0.6668,0.0244
MMR(0.3),1.87,3,0.6668,0.0244
MMR(0.3),1.88,3,0.6668,0.0243
MMR(0.3),1.89,3,0.6663,0.0246
MMR(0.3),1.9,3,0.6666,0.0243
MMR(0.3),1.91,3,0.6669,0.0249
MMR(0.3),1.92,3,0.6666,0.0249
MMR(0.3),1.93,3,0.6665,0.0238
MMR(0.3),1.94,3,0.6666,0.0235
MMR(0.3),1.95,3,0.6666,0.0233
MMR(0.3),1.96,3,0.6657,0.0232
MMR(0.3),1.97,3,0.6657,0.0234
MMR(0.3),1.98,3,0.6664,0.0225
MMR(0.3),1.99,3,0.6668,0.0218
MMR(0.3),2.0,3,0.667,0.0215
MMR(0.3),2.01,3,0.6665,0.0215
MMR(0.3),2.02,3,0.6665,0.0215
MMR(0.3),2.03,3,0.6662,0.0216
MMR(0.3),2.04,3,0.6664,0.0218
MMR(0.3),2.05,3,0.6661,0.0216
MMR(0.3),2.06,3,0.6664,0.0201
MMR(0.3),2.07,3,0.6664,0.0202
MMR(0.3),2.08,3,0.6662,0.0196
MMR(0.3),2.09,3,0.6661,0.0185
MMR(0.3),2.1,3,0.666,0.0171
MMR(0.3),2.11,3,0.6658,0.0163
MMR(0.3),2.12,3,0.666,0.016
MMR(0.3),2.13,3,0.666,0.0161
MMR(0.3),2.14,3,0.6659,0.016
MMR(0.3),2.15,2,0.6648,0.0781
MMR(0.3),2.16,3,0.6659,0.0155
MMR(0.3),2.17,3,0.6662,0.0151
MMR(0.3),2.18,3,0.6659,0.0143
MMR(0.3),2.19,3,0.666,0.0153
MMR(0.3),2.2,3,0.6659,0.0151
MMR(0.3),2.21,3,0.666,0.0155
MMR(0.3),2.22,3,0.6656,0.0157
MMR(0.3),2.23,3,0.665,0.0165
MMR(0.3),2.24,2,0.6626,0.0718
MMR(0.3),2.25,3,0.6644,0.017
MMR(0.3),2.26,3,0.6645,0.0167
MMR(0.3),2.27,3,0.6639,0.0173
MMR(0.3),2.28,3,0.664,0.0172
MMR(0.3),2.29,3,0.6632,0.0159
MMR(0.3),2.3,3,0.6628,0.0156
MMR(0.3),2.31,3,0.6631,0.0163
MMR(0.3),2.32,3,0.6628,0.0168
MMR(0.3),2.33,3,0.6625,0.0155
MMR(0.3),2.34,3,0.6623,0.0158
MMR(0.3),2.35,3,0.6621,0.0162
MMR(0.3),2.36,3,0.6619,0.0169
MMR(0.3),2.37,3,0.6622,0.0165
MMR(0.3),2.38,3,0.6616,0.016
MMR(0.3),2.39,3,0.661,0.0168
MMR(0.3),2.4,3,0.6609,0.0173
MMR(0.3),2.41,3,0.6604,0.0166
MMR(0.3),2.42,3,0.6603,0.0164
MMR(0.3),2.43,3,0.6599,0.0159
MMR(0.3),2.44,3,0.6596,0.0158
MMR(0.3),2.45,3,0.6597,0.016
MMR(0.3),2.46,3,0.6598,0.017
MMR(0.3),2.47,3,0.6593,0.017
MMR(0.3),2.48,3,0.6596,0.0163
MMR(0.3),2.49,3,0.6597,0.0159
MMR(0.3),2.5,3,0.6597,0.0165
MMR(0.3),2.51,3,0.6592,0.0154
MMR(0.3),2.52,3,0.659,0.0161
MMR(0.3),2.53,3,0.6586,0.0166
MMR(0.3),2.54,3,0.6578,0.0156
MMR(0.3),2.55,3,0.6573,0.0178
MMR(0.3),2.56,3,0.6563,0.0194
MMR(0.3),2.57,3,0.6563,0.0185
MMR(0.3),2.58,3,0.6553,0.0182
MMR(0.3),2.59,3,0.6553,0.0184
MMR(0.3),2.6,3,0.6543,0.0181
MMR(0.3),2.61,3,0.6534,0.0191
MMR(0.3),2.62,3,0.6527,0.0203
MMR(0.3),2.63,3,0.6521,0.0218
MMR(0.3),2.64,3,0.652,0.0222
MMR(0.3),2.65,3,0.6517,0.0225
MMR(0.3),2.66,3,0.651,0.0216
MMR(0.3),2.67,3,0.6499,0.021
MMR(0.3),2.68,3,0.6495,0.0197
MMR(0.3),2.69,3,0.6491,0.0195
MMR(0.3),2.7,3,0.6491,0.019
MMR(0.3),2.71,3,0.6488,0.0198
MMR(0.3),2.72,3,0.6478,0.02
MMR(0.3),2.73,3,0.6476,0.0204
MMR(0.3),2.74,3,0.6467,0.021
MMR(0.3),2.75,3,0.6456,0.0207
MMR(0.3),2.76,3,0.6451,0.022
MMR(0.3),2.77,3,0.6447,0.0226
MMR(0.3),2.78,3,0.645,0.023
MMR(0.3),2.79,3,0.6446,0.0241
MMR(0.3),2.8,3,0.6433,0.0246
MMR(0.3),2.81,3,0.6426,0.0262
MMR(0.3),2.82,3,0.6414,0.0262
MMR(0.3),2.83,3,0.6408,0.0263
MMR(0.3),2.84,3,0.6399,0.0284
MMR(0.3),2.85,3,0.6397,0.0273
MMR(0.3),2.86,3,0.6393,0.027
MMR(0.3),2.87,3,0.6394,0.0267
MMR(0.3),2.88,3,0.6388,0.0275
MMR(0.3),2.89,3,0.6377,0.0288
MMR(0.3),2.9,3,0.6372,0.03
MMR(0.3),2.91,3,0.6368,0.0309
MMR(0.3),2.92,3,0.6365,0.0302
MMR(0.3),2.93,3,0.6353,0.0299
MMR(0.3),2.94,3,0.6348,0.0292
MMR(0.3),2.95,3,0.6347,0.0272
MMR(0.3),2.96,3,0.6338,0.0272
MMR(0.3),2.97,3,0.6331,0.0277
MMR(0.3),2.98,3,0.6325,0.0283
MMR(0.3),2.99,3,0.6306,0.0272
MMR(0.3),3.0,3,0.6297,0.0263
MMR(0.3),3.01,3,0.63,0.0263
MMR(0.3),3.02,3,0.6296,0.0278
MMR(0.3),3.03,3,0.6292,0.0284
MMR(0.3),3.04,3,0.6284,0.0289
MMR(0.3),3.05,3,0.6271,0.03
MMR(0.3),3.06,3,0.6264,0.0301
MMR(0.3),3.07,3,0.6244,0.0305
MMR(0.3),3.08,3,0.6233,0.0296
MMR(0.3),3.09,3,0.6225,0.0285
MMR(0.3),3.1,3,0.6214,0.0302
MMR(0.3),3.11,3,0.6204,0.0306
MMR(0.3),3.12,3,0.6192,0.0299
MMR(0.3),3.13,3,0.6196,0.0275
MMR(0.3),3.14,3,0.6186,0.0283
MMR(0.3),3.15,3,0.618,0.0271
MMR(0.3),3.16,3,0.6166,0.0256
MMR(0.3),3.17,3,0.615,0.0244
MMR(0.3),3.18,3,0.6142,0.0263
MMR(0.3),3.19,3,0.6133,0.0274
MMR(0.3),3.2,3,0.613,0.0273
MMR(0.3),3.21,3,0.612,0.0283
MMR(0.3),3.22,3,0.6116,0.0284
MMR(0.3),3.23,3,0.6101,0.0282
MMR(0.3),3.24,3,0.6102,0.0297
MMR(0.3),3.25,3,0.6092,0.0301
MMR(0.3),3.26,3,0.6082,0.0293
MMR(0.3),3.27,3,0.6069,0.0309
MMR(0.3),3.28,3,0.606,0.0334
MMR(0.3),3.29,3,0.6052,0.0344
MMR(0.3),3.3,3,0.6048,0.0346
MMR(0.3),3.31,3,0.605,0.0349
MMR(0.3),3.32,3,0.6041,0.0361
MMR(0.3),3.33,3,0.6029,0.0358
MMR(0.3),3.34,3,0.6015,0.0355
MMR(0.3),3.35,3,0.6001,0.035
MMR(0.3),3.36,3,0.5995,0.0355
MMR(0.3),3.37,3,0.5987,0.0347
MMR(0.3),3.38,3,0.5983,0.0349
MMR(0.3),3.39,3,0.597,0.0368
MMR(0.3),3.4,3,0.5955,0.038
MMR(0.3),3.41,3,0.5946,0.0367
MMR(0.3),3.42,3,0.5936,0.0364
MMR(0.3),3.43,3,0.5919,0.0366
MMR(0.3),3.44,3,0.5909,0.036
MMR(0.3),3.45,3,0.5899,0.035
MMR(0.3),3.46,3,0.5889,0.0344
MMR(0.3),3.47,3,0.5884,0.0348
MMR(0.3),3.48,3,0.5879,0.0348
MMR(0.3),3.49,3,0.5866,0.0346
MMR(0.3),3.5,3,0.5852,0.0335
MMR(0.3),3.51,3,0.5838,0.0326
MMR(0.3),3.52,3,0.5827,0.0333
MMR(0.3),3.53,3,0.5815,0.0321
MMR(0.3),3.54,3,0.5797,0.0358
MMR(0.3),3.55,3,0.5788,0.0345
MMR(0.3),3.56,3,0.5772,0.0335
MMR(0.3),3.57,3,0.5761,0.0331
MMR(0.3),3.58,3,0.5746,0.0353
MMR(0.3),3.59,3,0.5737,0.0362
MMR(0.3),3.6,3,0.5725,0.0355
MMR(0.3),3.61,3,0.5716,0.0359
MMR(0.3),3.62,3,0.5711,0.0352
MMR(0.3),3.63,3,0.5703,0.0353
MMR(0.3),3.64,3,0.569,0.0347
MMR(0.3),3.65,3,0.5679,0.0368
MMR(0.3),3.66,3,0.5663,0.0357
MMR(0.3),3.67,3,0.5653,0.037
MMR(0.3),3.68,3,0.5643,0.0367
MMR(0.3),3.69,3,0.5635,0.0355
MMR(0.3),3.7,3,0.5627,0.0355
MMR(0.3),3.71,3,0.5621,0.0354
MMR(0.3),3.72,3,0.5615,0.0338
MMR(0.3),3.73,3,0.5611,0.0331
MMR(0.3),3.74,3,0.56,0.0334
MMR(0.3),3.75,3,0.5597,0.0338
MMR(0.3),3.76,3,0.5588,0.0334
MMR(0.3),3.77,3,0.5581,0.0326
MMR(0.3),3.79,3,0.5574,0.0331
MMR(0.3),3.8,3,0.5571,0.0319
MMR(0.3),3.81,3,0.557,0.0324
MMR(0.3),3.82,3,0.555,0.0313
MMR(0.3),3.83,3,0.5545,0.0303
MMR(0.3),3.84,3,0.5543,0.0303
MMR(0.3),3.85,3,0.5539,0.03
MMR(0.3),3.86,3,0.5535,0.0304
MMR(0.3),3.87,3,0.5532,0.0308
MMR(0.3),3.88,3,0.5528,0.0298
MMR(0.3),3.89,3,0.5522,0.0297
MMR(0.3),3.9,3,0.5519,0.03
MMR(0.3),3.91,3,0.5511,0.0298
MMR(0.3),3.92,3,0.5506,0.0304
MMR(0.3),3.93,3,0.5502,0.0309
MMR(0.3),3.94,3,0.5495,0.0293
MMR(0.3),3.95,3,0.5493,0.0291
MMR(0.3),3.96,3,0.5489,0.0303
MMR(0.3),3.97,3,0.5491,0.0302
MMR(0.3),3.99,3,0.548,0.0312
MMR(0.3),4.0,3,0.5476,0.0306
MMR(0.3),4.01,3,0.547,0.0311
MMR(0.3),4.02,3,0.5468,0.0318
MMR(0.3),4.03,3,0.5466,0.0317
MMR(0.3),4.04,3,0.5465,0.0313
MMR(0.3),4.05,3,0.5465,0.0311
MMR(0.3),4.06,2,0.5528,0.0737
MMR(0.3),4.08,2,0.5517,0.0699
MMR(0.3),4.09,3,0.5453,0.0297
MMR(0.3),4.1,3,0.5449,0.0301
MMR(0.3),4.11,2,0.5504,0.0718
MMR(0.3),4.17,3,0.5439,0.029
MMR(0.3),4.18,1,0.5448,0.0
MMR(0.3),4.2,1,0.5446,0.0
MMR(0.3),4.21,3,0.5434,0.0302
MMR(0.3),4.22,1,0.5438,0.0
MMR(0.3),4.24,3,0.5435,0.0302
MMR(0.3),4.27,2,0.5493,0.0756
MMR(0.3),4.28,1,0.5433,0.0
MMR(0.3),4.31,2,0.5373,0.0756
MMR(0.3),4.35,1,0.5426,0.0
MMR(0.3),4.36,1,0.5426,0.0
MMR(0.5),1.18,1,0.6677,0.0
MMR(0.5),1.19,1,0.668,0.0
MMR(0.5),1.23,1,0.668,0.0
MMR(0.5),1.25,3,0.6613,0.0237
MMR(0.5),1.29,1,0.6683,0.0
MMR(0.5),1.31,1,0.669,0.0
MMR(0.5),1.32,1,0.669,0.0
MMR(0.5),1.33,1,0.6691,0.0
MMR(0.5),1.35,3,0.662,0.0246
MMR(0.5),1.39,3,0.6624,0.024
MMR(0.5),1.4,3,0.6626,0.0239
MMR(0.5),1.42,2,0.6683,0.0172
MMR(0.5),1.43,2,0.6683,0.0172
MMR(0.5),1.44,3,0.6629,0.0238
MMR(0.5),1.45,3,0.6632,0.0239
MMR(0.5),1.46,2,0.6614,0.1118
MMR(0.5),1.47,3,0.6637,0.0232
MMR(0.5),1.48,2,0.6625,0.1099
MMR(0.5),1.51,1,0.6714,0.0
MMR(0.5),1.52,3,0.6646,0.0223
MMR(0.5),1.53,3,0.6654,0.0218
MMR(0.5),1.56,3,0.6658,0.0205
MMR(0.5),1.59,3,0.666,0.0209
MMR(0.5),1.61,3,0.6661,0.0209
MMR(0.5),1.62,3,0.6661,0.0213
MMR(0.5),1.63,3,0.6665,0.0218
MMR(0.5),1.64,3,0.6665,0.0212
MMR(0.5),1.65,3,0.6667,0.021
MMR(0.5),1.66,3,0.6673,0.0203
MMR(0.5),1.67,2,0.6722,0.0362
MMR(0.5),1.68,3,0.6682,0.0213
MMR(0.5),1.69,3,0.6684,0.0217
MMR(0.5),1.7,3,0.668,0.0233
MMR(0.5),1.71,3,0.6678,0.0239
MMR(0.5),1.72,2,0.6666,0.1156
MMR(0.5),1.73,3,0.6681,0.0237
MMR(0.5),1.74,3,0.6682,0.0233
MMR(0.5),1.76,3,0.6682,0.0229
MMR(0.5),1.77,3,0.6686,0.0226
MMR(0.5),1.78,3,0.6688,0.0228
MMR(0.5),1.79,3,0.669,0.0227
MMR(0.5),1.8,3,0.6701,0.024
MMR(0.5),1.81,3,0.6702,0.0246
MMR(0.5),1.82,3,0.6707,0.0242
MMR(0.5),1.83,3,0.6706,0.0255
MMR(0.5),1.84,2,0.6763,0.0368
MMR(0.5),1.85,3,0.6708,0.0248
MMR(0.5),1.86,3,0.6708,0.0245
MMR(0.5),1.87,3,0.671,0.0247
MMR(0.5),1.88,3,0.6711,0.0242
MMR(0.5),1.89,3,0.6709,0.0248
MMR(0.5),1.9,3,0.6712,0.0245
MMR(0.5),1.91,3,0.6713,0.025
MMR(0.5),1.92,3,0.6712,0.0252
MMR(0.5),1.93,3,0.6711,0.0236
MMR(0.5),1.94,3,0.6712,0.0234
MMR(0.5),1.95,3,0.6712,0.0231
MMR(0.5),1.96,3,0.6709,0.0227
MMR(0.5),1.97,3,0.6711,0.0228
MMR(0.5),1.98,3,0.6715,0.0221
MMR(0.5),1.99,3,0.6721,0.0213
MMR(0.5),2.0,3,0.6725,0.0212
MMR(0.5),2.01,3,0.672,0.0218
MMR(0.5),2.02,3,0.6722,0.0217
MMR(0.5),2.03,3,0.6723,0.0225
MMR(0.5),2.04,3,0.6726,0.0229
MMR(0.5),2.05,3,0.6731,0.0233
MMR(0.5),2.06,3,0.6735,0.022
MMR(0.5),2.07,3,0.6735,0.0222
MMR(0.5),2.08,3,0.6735,0.0221
MMR(0.5),2.09,3,0.6739,0.0214
MMR(0.5),2.1,3,0.6739,0.0206
MMR(0.5),2.11,3,0.6739,0.0203
MMR(0.5),2.12,3,0.6744,0.0205
MMR(0.5),2.13,3,0.6746,0.0207
MMR(0.5),2.14,3,0.6748,0.0201
MMR(0.5),2.15,2,0.6741,0.1004
MMR(0.5),2.16,3,0.6753,0.0194
MMR(0.5),2.17,3,0.6758,0.0189
MMR(0.5),2.18,3,0.6756,0.0184
MMR(0.5),2.19,3,0.676,0.02
MMR(0.5),2.2,3,0.6765,0.0202
MMR(0.5),2.21,3,0.6767,0.0206
MMR(0.5),2.22,3,0.6765,0.0212
MMR(0.5),2.23,3,0.677,0.0227
MMR(0.5),2.24,2,0.6741,0.101
MMR(0.5),2.25,3,0.6768,0.0234
MMR(0.5),2.26,3,0.6769,0.0224
MMR(0.5),2.27,3,0.6765,0.023
MMR(0.5),2.28,3,0.6767,0.0238
MMR(0.5),2.29,3,0.6765,0.0229
MMR(0.5),2.3,3,0.6766,0.0229
MMR(0.5),2.31,3,0.6772,0.0231
MMR(0.5),2.32,3,0.6773,0.0233
MMR(0.5),2.33,3,0.6773,0.0225
MMR(0.5),2.34,3,0.6774,0.0227
MMR(0.5),2.35,3,0.6775,0.0224
MMR(0.5),2.36,3,0.678,0.0225
MMR(0.5),2.37,3,0.6784,0.0222
MMR(0.5),2.38,3,0.6783,0.0219
MMR(0.5),2.39,3,0.6783,0.0213
MMR(0.5),2.4,3,0.6786,0.0218
MMR(0.5),2.41,3,0.6784,0.0222
MMR(0.5),2.42,3,0.6786,0.023
MMR(0.5),2.43,3,0.6789,0.0226
MMR(0.5),2.44,3,0.6786,0.0227
MMR(0.5),2.45,3,0.6791,0.023
MMR(0.5),2.46,3,0.68,0.0234
MMR(0.5),2.47,3,0.6796,0.0235
MMR(0.5),2.48,3,0.68,0.0233
MMR(0.5),2.49,3,0.6803,0.0231
MMR(0.5),2.5,3,0.6807,0.0237
MMR(0.5),2.51,3,0.6806,0.0231
MMR(0.5),2.52,3,0.681,0.0228
MMR(0.5),2.53,3,0.681,0.0226
MMR(0.5),2.54,3,0.6808,0.0224
MMR(0.5),2.55,3,0.681,0.0241
MMR(0.5),2.56,3,0.6809,0.0247
MMR(0.5),2.57,3,0.6817,0.0243
MMR(0.5),2.58,3,0.6811,0.0245
MMR(0.5),2.59,3,0.681,0.0249
MMR(0.5),2.6,3,0.6807,0.0244
MMR(0.5),2.61,3,0.6803,0.0247
MMR(0.5),2.62,3,0.6804,0.0246
MMR(0.5),2.63,3,0.6803,0.0247
MMR(0.5),2.64,3,0.6804,0.0252
MMR(0.5),2.65,3,0.6805,0.026
MMR(0.5),2.66,3,0.6803,0.025
MMR(0.5),2.67,3,0.6796,0.0243
MMR(0.5),2.68,3,0.6795,0.0229
MMR(0.5),2.69,3,0.6791,0.0229
MMR(0.5),2.7,3,0.6791,0.0227
MMR(0.5),2.71,3,0.6789,0.0231
MMR(0.5),2.72,3,0.6785,0.0238
MMR(0.5),2.73,3,0.6788,0.0241
MMR(0.5),2.74,3,0.6782,0.0254
MMR(0.5),2.75,3,0.6776,0.0244
MMR(0.5),2.76,3,0.678,0.0242
MMR(0.5),2.77,3,0.6785,0.024
MMR(0.5),2.78,3,0.6794,0.025
MMR(0.5),2.79,3,0.6792,0.0265
MMR(0.5),2.8,3,0.6789,0.0268
MMR(0.5),2.81,3,0.6787,0.0277
MMR(0.5),2.82,3,0.6785,0.0283
MMR(0.5),2.83,3,0.6784,0.0273
MMR(0.5),2.84,3,0.6779,0.0283
MMR(0.5),2.85,3,0.678,0.0277
MMR(0.5),2.86,3,0.6786,0.027
MMR(0.5),2.87,3,0.6791,0.0276
MMR(0.5),2.88,3,0.6787,0.0288
MMR(0.5),2.89,3,0.6779,0.0302
MMR(0.5),2.9,3,0.6778,0.0309
MMR(0.5),2.91,3,0.6779,0.0322
MMR(0.5),2.92,3,0.6779,0.0319
MMR(0.5),2.93,3,0.6777,0.0308
MMR(0.5),2.94,3,0.6774,0.0304
MMR(0.5),2.95,3,0.677,0.0289
MMR(0.5),2.96,3,0.6771,0.03
MMR(0.5),2.97,3,0.6771,0.0297
MMR(0.5),2.98,3,0.6772,0.0295
MMR(0.5),2.99,3,0.6763,0.03
MMR(0.5),3.0,3,0.676,0.0317
MMR(0.5),3.01,3,0.6766,0.0311
MMR(0.5),3.02,3,0.6769,0.0322
MMR(0.5),3.03,3,0.677,0.0323
MMR(0.5),3.04,3,0.6765,0.0333
MMR(0.5),3.05,3,0.6761,0.0331
MMR(0.5),3.06,3,0.6758,0.0339
MMR(0.5),3.07,3,0.6747,0.0333
MMR(0.5),3.08,3,0.6741,0.0334
MMR(0.5),3.09,3,0.6741,0.0324
MMR(0.5),3.1,3,0.6741,0.0342
MMR(0.5),3.11,3,0.6737,0.0354
MMR(0.5),3.12,3,0.6732,0.0342
MMR(0.5),3.13,3,0.6734,0.0333
MMR(0.5),3.14,3,0.673,0.0338
MMR(0.5),3.15,3,0.6724,0.0331
MMR(0.5),3.16,3,0.6719,0.0323
MMR(0.5),3.17,3,0.6709,0.032
MMR(0.5),3.18,3,0.6704,0.0336
MMR(0.5),3.19,3,0.6701,0.0345
MMR(0.5),3.2,3,0.67,0.0346
MMR(0.5),3.21,3,0.6696,0.0349
MMR(0.5),3.22,3,0.6695,0.0348
MMR(0.5),3.23,3,0.6686,0.0355
MMR(0.5),3.24,3,0.6686,0.0368
MMR(0.5),3.25,3,0.668,0.0363
MMR(0.5),3.26,3,0.6671,0.0357
MMR(0.5),3.27,3,0.6667,0.0364
MMR(0.5),3.28,3,0.6664,0.0378
MMR(0.5),3.29,3,0.666,0.0387
MMR(0.5),3.3,3,0.6658,0.039
MMR(0.5),3.31,3,0.6661,0.0386
MMR(0.5),3.32,3,0.6657,0.0392
MMR(0.5),3.33,3,0.6647,0.039
MMR(0.5),3.34,3,0.6638,0.0382
MMR(0.5),3.35,3,0.6628,0.0372
MMR(0.5),3.36,3,0.6626,0.0377
MMR(0.5),3.37,3,0.6622,0.0367
MMR(0.5),3.38,3,0.662,0.0371
MMR(0.5),3.39,3,0.6611,0.0386
MMR(0.5),3.4,3,0.6606,0.0389
MMR(0.5),3.41,3,0.6599,0.0382
MMR(0.5),3.42,3,0.66,0.0386
MMR(0.5),3.43,3,0.6586,0.0387
MMR(0.5),3.44,3,0.6579,0.0381
MMR(0.5),3.45,3,0.6575,0.0371
MMR(0.5),3.46,3,0.6569,0.0362
MMR(0.5),3.47,3,0.6568,0.0361
MMR(0.5),3.48,3,0.6565,0.0358
MMR(0.5),3.49,3,0.6556,0.0357
MMR(0.5),3.5,3,0.6544,0.0347
MMR(0.5),3.51,3,0.6534,0.0335
MMR(0.5),3.52,3,0.6526,0.0336
MMR(0.5),3.53,3,0.6521,0.0333
MMR(0.5),3.54,3,0.6514,0.0359
MMR(0.5),3.55,3,0.6509,0.0352
MMR(0.5),3.56,3,0.6497,0.0346
MMR(0.5),3.57,3,0.649,0.0337
MMR(0.5),3.58,3,0.6481,0.0352
MMR(0.5),3.59,3,0.6472,0.0364
MMR(0.5),3.6,3,0.6464,0.0358
MMR(0.5),3.61,3,0.6459,0.0364
MMR(0.5),3.62,3,0.6457,0.0361
MMR(0.5),3.63,3,0.6457,0.0372
MMR(0.5),3.64,3,0.6447,0.0371
MMR(0.5),3.65,3,0.6445,0.0379
MMR(0.5),3.66,3,0.6432,0.0363
MMR(0.5),3.67,3,0.6427,0.0366
MMR(0.5),3.68,3,0.6421,0.0363
MMR(0.5),3.69,3,0.6416,0.0352
MMR(0.5),3.7,3,0.6412,0.0358
MMR(0.5),3.71,3,0.6408,0.0358
MMR(0.5),3.72,3,0.6403,0.0347
MMR(0.5),3.73,3,0.6401,0.0342
MMR(0.5),3.74,3,0.6397,0.035
MMR(0.5),3.75,3,0.6394,0.0349
MMR(0.5),3.76,3,0.6391,0.0343
MMR(0.5),3.77,3,0.6389,0.0343
MMR(0.5),3.79,3,0.6385,0.0351
MMR(0.5),3.8,3,0.6384,0.0348
MMR(0.5),3.81,3,0.6383,0.0349
MMR(0.5),3.82,3,0.6365,0.0341
MMR(0.5),3.83,3,0.6361,0.0331
MMR(0.5),3.84,3,0.6359,0.033
MMR(0.5),3.85,3,0.6357,0.0328
MMR(0.5),3.86,3,0.6354,0.0328
MMR(0.5),3.87,3,0.6353,0.0329
MMR(0.5),3.88,3,0.635,0.032
MMR(0.5),3.89,3,0.6346,0.0319
MMR(0.5),3.9,3,0.6345,0.0324
MMR(0.5),3.91,3,0.6342,0.0321
MMR(0.5),3.92,3,0.634,0.0327
MMR(0.5),3.93,3,0.6338,0.0332
MMR(0.5),3.94,3,0.6331,0.0315
MMR(0.5),3.95,3,0.633,0.0315
MMR(0.5),3.96,3,0.6325,0.0326
MMR(0.5),3.97,3,0.6324,0.0327
MMR(0.5),3.99,3,0.6314,0.0337
MMR(0.5),4.0,3,0.6309,0.0329
MMR(0.5),4.01,3,0.6304,0.0334
MMR(0.5),4.02,3,0.6302,0.0341
MMR(0.5),4.03,3,0.6301,0.0336
MMR(0.5),4.04,3,0.63,0.0335
MMR(0.5),4.05,3,0.63,0.0332
MMR(0.5),4.06,2,0.637,0.0686
MMR(0.5),4.08,2,0.636,0.0654
MMR(0.5),4.09,3,0.6292,0.0324
MMR(0.5),4.1,3,0.6289,0.0329
MMR(0.5),4.11,2,0.6356,0.0667
MMR(0.5),4.17,3,0.6281,0.0319
MMR(0.5),4.18,1,0.63,0.0
MMR(0.5),4.2,1,0.6297,0.0
MMR(0.5),4.21,3,0.6277,0.0331
MMR(0.5),4.22,1,0.6295,0.0
MMR(0.5),4.24,3,0.6277,0.0331
MMR(0.5),4.27,2,0.6347,0.068
MMR(0.5),4.28,1,0.6294,0.0
MMR(0.5),4.31,2,0.6215,0.1004
MMR(0.5),4.35,1,0.629,0.0
MMR(0.5),4.36,1,0.629,0.0
MMR(0.7),1.18,1,0.6677,0.0
MMR(0.7),1.19,1,0.668,0.0
MMR(0.7),1.23,1,0.668,0.0
MMR(0.7),1.25,3,0.6613,0.0237
MMR(0.7),1.29,1,0.6683,0.0
MMR(0.7),1.31,1,0.669,0.0
MMR(0.7),1.32,1,0.669,0.0
MMR(0.7),1.33,1,0.6693,0.0
MMR(0.7),1.35,3,0.6619,0.0251
MMR(0.7),1.39,3,0.6622,0.0239
MMR(0.7),1.4,3,0.6627,0.0234
MMR(0.7),1.42,2,0.6682,0.0216
MMR(0.7),1.43,2,0.6683,0.0235
MMR(0.7),1.44,3,0.663,0.0233
MMR(0.7),1.45,3,0.6633,0.0235
MMR(0.7),1.46,2,0.6619,0.1112
MMR(0.7),1.47,3,0.6641,0.0223
MMR(0.7),1.48,2,0.6634,0.1067
MMR(0.7),1.51,1,0.672,0.0
MMR(0.7),1.52,3,0.665,0.0214
MMR(0.7),1.53,3,0.6658,0.0212
MMR(0.7),1.56,3,0.6665,0.0189
MMR(0.7),1.59,3,0.6666,0.0191
MMR(0.7),1.61,3,0.6669,0.0189
MMR(0.7),1.62,3,0.6671,0.0187
MMR(0.7),1.63,3,0.6674,0.0192
MMR(0.7),1.64,3,0.6677,0.0193
MMR(0.7),1.65,3,0.6679,0.0191
MMR(0.7),1.66,3,0.6685,0.0184
MMR(0.7),1.67,2,0.6728,0.0394
MMR(0.7),1.68,3,0.6695,0.0194
MMR(0.7),1.69,3,0.6698,0.0199
MMR(0.7),1.7,3,0.6707,0.0202
MMR(0.7),1.71,3,0.6709,0.0202
MMR(0.7),1.72,2,0.6704,0.0985
MMR(0.7),1.73,3,0.6714,0.0201
MMR(0.7),1.74,3,0.6715,0.0205
MMR(0.7),1.76,3,0.6718,0.0194
MMR(0.7),1.77,3,0.6722,0.0191
MMR(0.7),1.78,3,0.6724,0.0192
MMR(0.7),1.79,3,0.6729,0.0194
MMR(0.7),1.8,3,0.6735,0.019
MMR(0.7),1.81,3,0.6741,0.0192
MMR(0.7),1.82,3,0.6748,0.0189
MMR(0.7),1.83,3,0.675,0.0192
MMR(0.7),1.84,2,0.679,0.0413
MMR(0.7),1.85,3,0.6753,0.0188
MMR(0.7),1.86,3,0.6755,0.0185
MMR(0.7),1.87,3,0.6758,0.0187
MMR(0.7),1.88,3,0.676,0.0188
MMR(0.7),1.89,3,0.6762,0.0195
MMR(0.7),1.9,3,0.677,0.019
MMR(0.7),1.91,3,0.6774,0.0193
MMR(0.7),1.92,3,0.6778,0.0199
MMR(0.7),1.93,3,0.6779,0.0193
MMR(0.7),1.94,3,0.6784,0.0199
MMR(0.7),1.95,3,0.6786,0.0201
MMR(0.7),1.96,3,0.6785,0.0199
MMR(0.7),1.97,3,0.6787,0.0194
MMR(0.7),1.98,3,0.6794,0.0197
MMR(0.7),1.99,3,0.68,0.0192
MMR(0.7),2.0,3,0.6804,0.0189
MMR(0.7),2.01,3,0.6804,0.0192
MMR(0.7),2.02,3,0.6807,0.0188
MMR(0.7),2.03,3,0.6811,0.0199
MMR(0.7),2.04,3,0.6817,0.0199
MMR(0.7),2.05,3,0.6822,0.02
MMR(0.7),2.06,3,0.6826,0.0188
MMR(0.7),2.07,3,0.683,0.0191
MMR(0.7),2.08,3,0.6832,0.0188
MMR(0.7),2.09,3,0.684,0.0182
MMR(0.7),2.1,3,0.6846,0.0175
MMR(0.7),2.11,3,0.6852,0.0172
MMR(0.7),2.12,3,0.6859,0.0181
MMR(0.7),2.13,3,0.6863,0.0183
MMR(0.7),2.14,3,0.6864,0.0178
MMR(0.7),2.15,2,0.6874,0.0889
MMR(0.7),2.16,3,0.6871,0.0174
MMR(0.7),2.17,3,0.6877,0.0168
MMR(0.7),2.18,3,0.6878,0.0163
MMR(0.7),2.19,3,0.6884,0.0164
MMR(0.7),2.2,3,0.6891,0.0163
MMR(0.7),2.21,3,0.6897,0.0169
MMR(0.7),2.22,3,0.6899,0.017
MMR(0.7),2.23,3,0.6907,0.017
MMR(0.7),2.24,2,0.6905,0.0832
MMR(0.7),2.25,3,0.6913,0.0166
MMR(0.7),2.26,3,0.6919,0.0175
MMR(0.7),2.27,3,0.6917,0.0178
MMR(0.7),2.28,3,0.6923,0.0188
MMR(0.7),2.29,3,0.6928,0.0188
MMR(0.7),2.3,3,0.6929,0.0187
MMR(0.7),2.31,3,0.6937,0.0187
MMR(0.7),2.32,3,0.6941,0.0183
MMR(0.7),2.33,3,0.6943,0.0179
MMR(0.7),2.34,3,0.6948,0.0179
MMR(0.7),2.35,3,0.695,0.0178
MMR(0.7),2.36,3,0.6956,0.0176
MMR(0.7),2.37,3,0.6961,0.0168
MMR(0.7),2.38,3,0.6965,0.0162
MMR(0.7),2.39,3,0.697,0.0152
MMR(0.7),2.4,3,0.6974,0.0156
MMR(0.7),2.41,3,0.6981,0.0163
MMR(0.7),2.42,3,0.6986,0.0168
MMR(0.7),2.43,3,0.699,0.017
MMR(0.7),2.44,3,0.6989,0.0179
MMR(0.7),2.45,3,0.6996,0.0174
MMR(0.7),2.46,3,0.7009,0.0168
MMR(0.7),2.47,3,0.7006,0.0168
MMR(0.7),2.48,3,0.7012,0.0162
MMR(0.7),2.49,3,0.7014,0.0159
MMR(0.7),2.5,3,0.7016,0.0161
MMR(0.7),2.51,3,0.7019,0.0156
MMR(0.7),2.52,3,0.7028,0.0156
MMR(0.7),2.53,3,0.703,0.0155
MMR(0.7),2.54,3,0.7033,0.0156
MMR(0.7),2.55,3,0.7044,0.0168
MMR(0.7),2.56,3,0.7044,0.0175
MMR(0.7),2.57,3,0.7053,0.0174
MMR(0.7),2.58,3,0.7059,0.0181
MMR(0.7),2.59,3,0.706,0.0182
MMR(0.7),2.6,3,0.7062,0.0174
MMR(0.7),2.61,3,0.7066,0.0173
MMR(0.7),2.62,3,0.7069,0.0172
MMR(0.7),2.63,3,0.7074,0.0172
MMR(0.7),2.64,3,0.7079,0.0176
MMR(0.7),2.65,3,0.7082,0.0188
MMR(0.7),2.66,3,0.7082,0.0191
MMR(0.7),2.67,3,0.708,0.0185
MMR(0.7),2.68,3,0.7084,0.0177
MMR(0.7),2.69,3,0.7088,0.0172
MMR(0.7),2.7,3,0.7091,0.0173
MMR(0.7),2.71,3,0.7091,0.0172
MMR(0.7),2.72,3,0.7092,0.0169
MMR(0.7),2.73,3,0.7096,0.0157
MMR(0.7),2.74,3,0.7097,0.0151
MMR(0.7),2.75,3,0.7099,0.0137
MMR(0.7),2.76,3,0.7107,0.0133
MMR(0.7),2.77,3,0.7116,0.0119
MMR(0.7),2.78,3,0.7128,0.0125
MMR(0.7),2.79,3,0.7131,0.0128
MMR(0.7),2.8,3,0.7132,0.0128
MMR(0.7),2.81,3,0.7131,0.0138
MMR(0.7),2.82,3,0.7134,0.0148
MMR(0.7),2.83,3,0.7137,0.0138
MMR(0.7),2.84,3,0.7135,0.0143
MMR(0.7),2.85,3,0.7139,0.0135
MMR(0.7),2.86,3,0.7146,0.0123
MMR(0.7),2.87,3,0.7151,0.013
MMR(0.7),2.88,3,0.7153,0.0139
MMR(0.7),2.89,3,0.7152,0.0136
MMR(0.7),2.9,3,0.7151,0.0135
MMR(0.7),2.91,3,0.7153,0.014
MMR(0.7),2.92,3,0.7157,0.0136
MMR(0.7),2.93,3,0.716,0.0129
MMR(0.7),2.94,3,0.7162,0.0129
MMR(0.7),2.95,3,0.7163,0.0133
MMR(0.7),2.96,3,0.7167,0.0141
MMR(0.7),2.97,3,0.7171,0.0142
MMR(0.7),2.98,3,0.7172,0.0142
MMR(0.7),2.99,3,0.7172,0.0148
MMR(0.7),3.0,3,0.7173,0.0155
MMR(0.7),3.01,3,0.7179,0.0148
MMR(0.7),3.02,3,0.7183,0.015
MMR(0.7),3.03,3,0.7185,0.0149
MMR(0.7),3.04,3,0.7185,0.0151
MMR(0.7),3.05,3,0.7188,0.0145
MMR(0.7),3.06,3,0.7187,0.0149
MMR(0.7),3.07,3,0.7188,0.0139
MMR(0.7),3.08,3,0.7187,0.014
MMR(0.7),3.09,3,0.7189,0.0139
MMR(0.7),3.1,3,0.7198,0.0149
MMR(0.7),3.11,3,0.72,0.0158
MMR(0.7),3.12,3,0.7199,0.015
MMR(0.7),3.13,3,0.7206,0.0138
MMR(0.7),3.14,3,0.721,0.0135
MMR(0.7),3.15,3,0.7209,0.0136
MMR(0.7),3.16,3,0.721,0.0139
MMR(0.7),3.17,3,0.7209,0.0136
MMR(0.7),3.18,3,0.7208,0.0144
MMR(0.7),3.19,3,0.7207,0.0143
MMR(0.7),3.2,3,0.7209,0.0144
MMR(0.7),3.21,3,0.7209,0.0153
MMR(0.7),3.22,3,0.721,0.0154
MMR(0.7),3.23,3,0.7212,0.0158
MMR(0.7),3.24,3,0.7216,0.016
MMR(0.7),3.25,3,0.7217,0.0156
MMR(0.7),3.26,3,0.7216,0.0161
MMR(0.7),3.27,3,0.7217,0.016
MMR(0.7),3.28,3,0.7217,0.017
MMR(0.7),3.29,3,0.7214,0.0179
MMR(0.7),3.3,3,0.7215,0.0181
MMR(0.7),3.31,3,0.7217,0.0183
MMR(0.7),3.32,3,0.7218,0.0188
MMR(0.7),3.33,3,0.7216,0.0192
MMR(0.7),3.34,3,0.7212,0.0195
MMR(0.7),3.35,3,0.721,0.0197
MMR(0.7),3.36,3,0.7213,0.0206
MMR(0.7),3.37,3,0.7215,0.0203
MMR(0.7),3.38,3,0.7214,0.0203
MMR(0.7),3.39,3,0.721,0.0213
MMR(0.7),3.4,3,0.721,0.0216
MMR(0.7),3.41,3,0.7209,0.0222
MMR(0.7),3.42,3,0.7212,0.0232
MMR(0.7),3.43,3,0.7207,0.0243
MMR(0.7),3.44,3,0.7206,0.0245
MMR(0.7),3.45,3,0.7206,0.0241
MMR(0.7),3.46,3,0.7206,0.024
MMR(0.7),3.47,3,0.7208,0.0243
MMR(0.7),3.48,3,0.7206,0.0239
MMR(0.7),3.49,3,0.7206,0.025
MMR(0.7),3.5,3,0.7204,0.025
MMR(0.7),3.51,3,0.7203,0.0247
MMR(0.7),3.52,3,0.7202,0.0254
MMR(0.7),3.53,3,0.7202,0.0256
MMR(0.7),3.54,3,0.7202,0.0266
MMR(0.7),3.55,3,0.7202,0.0267
MMR(0.7),3.56,3,0.7201,0.0266
MMR(0.7),3.57,3,0.7199,0.0258
MMR(0.7),3.58,3,0.7194,0.0247
MMR(0.7),3.59,3,0.7188,0.0252
MMR(0.7),3.6,3,0.7183,0.0263
MMR(0.7),3.61,3,0.7181,0.0262
MMR(0.7),3.62,3,0.718,0.0259
MMR(0.7),3.63,3,0.7181,0.0265
MMR(0.7),3.64,3,0.718,0.0262
MMR(0.7),3.65,3,0.7182,0.026
MMR(0.7),3.66,3,0.7176,0.0253
MMR(0.7),3.67,3,0.7175,0.0259
MMR(0.7),3.68,3,0.7175,0.0258
MMR(0.7),3.69,3,0.7175,0.0253
MMR(0.7),3.7,3,0.7178,0.0259
MMR(0.7),3.71,3,0.7175,0.0263
MMR(0.7),3.72,3,0.7173,0.0264
MMR(0.7),3.73,3,0.7178,0.0252
MMR(0.7),3.74,3,0.7176,0.0252
MMR(0.7),3.75,3,0.7175,0.0255
MMR(0.7),3.76,3,0.7173,0.0253
MMR(0.7),3.77,3,0.7172,0.0253
MMR(0.7),3.79,3,0.717,0.0257
MMR(0.7),3.8,3,0.7166,0.0256
MMR(0.7),3.81,3,0.7166,0.0256
MMR(0.7),3.82,3,0.7163,0.0251
MMR(0.7),3.83,3,0.7162,0.0252
MMR(0.7),3.84,3,0.7159,0.0248
MMR(0.7),3.85,3,0.7157,0.0243
MMR(0.7),3.86,3,0.7157,0.0242
MMR(0.7),3.87,3,0.7158,0.0241
MMR(0.7),3.88,3,0.7155,0.0232
MMR(0.7),3.89,3,0.7155,0.0235
MMR(0.7),3.9,3,0.7157,0.0236
MMR(0.7),3.91,3,0.7156,0.0231
MMR(0.7),3.92,3,0.7156,0.0231
MMR(0.7),3.93,3,0.7153,0.0237
MMR(0.7),3.94,3,0.7152,0.0233
MMR(0.7),3.95,3,0.7152,0.0233
MMR(0.7),3.96,3,0.715,0.0239
MMR(0.7),3.97,3,0.7149,0.0241
MMR(0.7),3.99,3,0.7143,0.0254
MMR(0.7),4.0,3,0.7144,0.0256
MMR(0.7),4.01,3,0.7138,0.0261
MMR(0.7),4.02,3,0.7136,0.0269
MMR(0.7),4.03,3,0.7136,0.0269
MMR(0.7),4.04,3,0.7135,0.0266
MMR(0.7),4.05,3,0.7134,0.0262
MMR(0.7),4.06,2,0.7191,0.0457
MMR(0.7),4.08,2,0.7188,0.0457
MMR(0.7),4.09,3,0.7132,0.0258
MMR(0.7),4.1,3,0.713,0.0265
MMR(0.7),4.11,2,0.7188,0.0457
MMR(0.7),4.17,3,0.713,0.0264
MMR(0.7),4.18,1,0.7152,0.0
MMR(0.7),4.2,1,0.715,0.0
MMR(0.7),4.21,3,0.7126,0.0269
MMR(0.7),4.22,1,0.7147,0.0
MMR(0.7),4.24,3,0.7126,0.0269
MMR(0.7),4.27,2,0.7185,0.0483
MMR(0.7),4.28,1,0.7147,0.0
MMR(0.7),4.31,2,0.7078,0.0877
MMR(0.7),4.35,1,0.7143,0.0
MMR(0.7),4.36,1,0.7143,0.0
MMR(0.9),1.18,1,0.6677,0.0
MMR(0.9),1.19,1,0.668,0.0
MMR(0.9),1.23,1,0.6682,0.0
MMR(0.9),1.25,3,0.6614,0.0238
MMR(0.9),1.29,1,0.6684,0.0
MMR(0.9),1.31,1,0.6691,0.0
MMR(0.9),1.32,1,0.6691,0.0
MMR(0.9),1.33,1,0.6693,0.0
MMR(0.9),1.35,3,0.6618,0.025
MMR(0.9),1.39,3,0.6618,0.025
MMR(0.9),1.4,3,0.6623,0.0246
MMR(0.9),1.42,2,0.668,0.0273
MMR(0.9),1.43,2,0.668,0.0273
MMR(0.9),1.44,3,0.6625,0.0242
MMR(0.9),1.45,3,0.6625,0.0242
MMR(0.9),1.46,2,0.6608,0.1182
MMR(0.9),1.47,3,0.6628,0.0236
MMR(0.9),1.48,2,0.662,0.1156
MMR(0.9),1.51,1,0.6711,0.0
MMR(0.9),1.52,3,0.6636,0.0232
MMR(0.9),1.53,3,0.664,0.0229
MMR(0.9),1.56,3,0.6641,0.0224
MMR(0.9),1.59,3,0.6642,0.0227
MMR(0.9),1.61,3,0.6645,0.022
MMR(0.9),1.62,3,0.6645,0.0221
MMR(0.9),1.63,3,0.6647,0.0223
MMR(0.9),1.64,3,0.6647,0.0223
MMR(0.9),1.65,3,0.6647,0.0223
MMR(0.9),1.66,3,0.665,0.0222
MMR(0.9),1.67,2,0.6703,0.0426
MMR(0.9),1.68,3,0.6655,0.0229
MMR(0.9),1.69,3,0.6656,0.0232
MMR(0.9),1.7,3,0.6657,0.0232
MMR(0.9),1.71,3,0.6658,0.0228
MMR(0.9),1.72,2,0.6651,0.1137
MMR(0.9),1.73,3,0.6659,0.0225
MMR(0.9),1.74,3,0.666,0.0229
MMR(0.9),1.76,3,0.6661,0.0226
MMR(0.9),1.77,3,0.6663,0.0223
MMR(0.9),1.78,3,0.6663,0.0223
MMR(0.9),1.79,3,0.6663,0.0223
MMR(0.9),1.8,3,0.6665,0.0218
MMR(0.9),1.81,3,0.6669,0.0221
MMR(0.9),1.82,3,0.6673,0.0223
MMR(0.9),1.83,3,0.6675,0.0225
MMR(0.9),1.84,2,0.6722,0.047
MMR(0.9),1.85,3,0.6677,0.0221
MMR(0.9),1.86,3,0.6678,0.0221
MMR(0.9),1.87,3,0.6679,0.0225
MMR(0.9),1.88,3,0.6681,0.0226
MMR(0.9),1.89,3,0.6683,0.0232
MMR(0.9),1.9,3,0.6688,0.0228
MMR(0.9),1.91,3,0.6689,0.0231
MMR(0.9),1.92,3,0.6691,0.0235
MMR(0.9),1.93,3,0.6691,0.0235
MMR(0.9),1.94,3,0.6696,0.0235
MMR(0.9),1.95,3,0.6697,0.0237
MMR(0.9),1.96,3,0.6697,0.0235
MMR(0.9),1.97,3,0.6699,0.0235
MMR(0.9),1.98,3,0.6702,0.0236
MMR(0.9),1.99,3,0.6703,0.0235
MMR(0.9),2.0,3,0.6704,0.0235
MMR(0.9),2.01,3,0.6707,0.0234
MMR(0.9),2.02,3,0.6707,0.0234
MMR(0.9),2.03,3,0.6708,0.0236
MMR(0.9),2.04,3,0.6711,0.0234
MMR(0.9),2.05,3,0.6714,0.0232
MMR(0.9),2.06,3,0.6715,0.0225
MMR(0.9),2.07,3,0.6718,0.0225
MMR(0.9),2.08,3,0.672,0.0223
MMR(0.9),2.09,3,0.6724,0.023
MMR(0.9),2.1,3,0.6729,0.0221
MMR(0.9),2.11,3,0.6732,0.0222
MMR(0.9),2.12,3,0.6733,0.0218
MMR(0.9),2.13,3,0.6734,0.0222
MMR(0.9),2.14,3,0.6734,0.0222
MMR(0.9),2.15,2,0.6744,0.1099
MMR(0.9),2.16,3,0.6738,0.0217
MMR(0.9),2.17,3,0.6744,0.0217
MMR(0.9),2.18,3,0.6745,0.0216
MMR(0.9),2.19,3,0.6747,0.0215
MMR(0.9),2.2,3,0.6751,0.0214
MMR(0.9),2.21,3,0.6755,0.0222
MMR(0.9),2.22,3,0.6757,0.0222
MMR(0.9),2.23,3,0.6762,0.0223
MMR(0.9),2.24,2,0.6762,0.1118
MMR(0.9),2.25,3,0.6766,0.0222
MMR(0.9),2.26,3,0.6771,0.0239
MMR(0.9),2.27,3,0.6771,0.0241
MMR(0.9),2.28,3,0.6776,0.0247
MMR(0.9),2.29,3,0.678,0.025
MMR(0.9),2.3,3,0.6781,0.0249
MMR(0.9),2.31,3,0.6788,0.0256
MMR(0.9),2.32,3,0.6791,0.0256
MMR(0.9),2.33,3,0.6791,0.0256
MMR(0.9),2.34,3,0.6797,0.0258
MMR(0.9),2.35,3,0.6798,0.0255
MMR(0.9),2.36,3,0.6801,0.0258
MMR(0.9),2.37,3,0.6801,0.0258
MMR(0.9),2.38,3,0.6802,0.0256
MMR(0.9),2.39,3,0.6806,0.0251
MMR(0.9),2.4,3,0.6808,0.0249
MMR(0.9),2.41,3,0.6811,0.0251
MMR(0.9),2.42,3,0.6815,0.0258
MMR(0.9),2.43,3,0.6819,0.0257
MMR(0.9),2.44,3,0.6819,0.0257
MMR(0.9),2.45,3,0.6824,0.026
MMR(0.9),2.46,3,0.6829,0.0259
MMR(0.9),2.47,3,0.6829,0.0259
MMR(0.9),2.48,3,0.6834,0.0252
MMR(0.9),2.49,3,0.6834,0.0255
MMR(0.9),2.5,3,0.6837,0.0251
MMR(0.9),2.51,3,0.6841,0.0257
MMR(0.9),2.52,3,0.6851,0.0254
MMR(0.9),2.53,3,0.6852,0.0249
MMR(0.9),2.54,3,0.6855,0.0244
MMR(0.9),2.55,3,0.6861,0.0248
MMR(0.9),2.56,3,0.6864,0.025
MMR(0.9),2.57,3,0.6867,0.0251
MMR(0.9),2.58,3,0.6868,0.0257
MMR(0.9),2.59,3,0.687,0.0257
MMR(0.9),2.6,3,0.6873,0.0256
MMR(0.9),2.61,3,0.6877,0.0265
MMR(0.9),2.62,3,0.688,0.0264
MMR(0.9),2.63,3,0.6884,0.0261
MMR(0.9),2.64,3,0.6885,0.0262
MMR(0.9),2.65,3,0.6888,0.0267
MMR(0.9),2.66,3,0.6888,0.0264
MMR(0.9),2.67,3,0.6888,0.026
MMR(0.9),2.68,3,0.6892,0.0256
MMR(0.9),2.69,3,0.6893,0.0258
MMR(0.9),2.7,3,0.6896,0.0257
MMR(0.9),2.71,3,0.6899,0.0259
MMR(0.9),2.72,3,0.6902,0.0258
MMR(0.9),2.73,3,0.6901,0.0255
MMR(0.9),2.74,3,0.6902,0.025
MMR(0.9),2.75,3,0.6906,0.0239
MMR(0.9),2.76,3,0.691,0.0241
MMR(0.9),2.77,3,0.6915,0.0231
MMR(0.9),2.78,3,0.6924,0.0239
MMR(0.9),2.79,3,0.6925,0.024
MMR(0.9),2.8,3,0.6926,0.0238
MMR(0.9),2.81,3,0.6926,0.0238
MMR(0.9),2.82,3,0.6928,0.0239
MMR(0.9),2.83,3,0.6932,0.0236
MMR(0.9),2.84,3,0.6934,0.0233
MMR(0.9),2.85,3,0.6936,0.023
MMR(0.9),2.86,3,0.694,0.0224
MMR(0.9),2.87,3,0.6943,0.0228
MMR(0.9),2.88,3,0.6945,0.0229
MMR(0.9),2.89,3,0.6945,0.0224
MMR(0.9),2.9,3,0.6946,0.0219
MMR(0.9),2.91,3,0.6949,0.0214
MMR(0.9),2.92,3,0.6952,0.021
MMR(0.9),2.93,3,0.6956,0.0204
MMR(0.9),2.94,3,0.6956,0.0204
MMR(0.9),2.95,3,0.6958,0.0206
MMR(0.9),2.96,3,0.6963,0.0212
MMR(0.9),2.97,3,0.6966,0.0211
MMR(0.9),2.98,3,0.6967,0.0211
MMR(0.9),2.99,3,0.6966,0.0219
MMR(0.9),3.0,3,0.697,0.0219
MMR(0.9),3.01,3,0.6972,0.0215
MMR(0.9),3.02,3,0.6977,0.0214
MMR(0.9),3.03,3,0.6977,0.0214
MMR(0.9),3.04,3,0.698,0.0214
MMR(0.9),3.05,3,0.6984,0.0214
MMR(0.9),3.06,3,0.6984,0.0214
MMR(0.9),3.07,3,0.6986,0.0217
MMR(0.9),3.08,3,0.6987,0.0215
MMR(0.9),3.09,3,0.6989,0.0213
MMR(0.9),3.1,3,0.6992,0.0221
MMR(0.9),3.11,3,0.6993,0.0222
MMR(0.9),3.12,3,0.6995,0.0225
MMR(0.9),3.13,3,0.7003,0.0219
MMR(0.9),3.14,3,0.7004,0.0214
MMR(0.9),3.15,3,0.7005,0.0217
MMR(0.9),3.16,3,0.7008,0.0221
MMR(0.9),3.17,3,0.7008,0.0221
MMR(0.9),3.18,3,0.7008,0.0224
MMR(0.9),3.19,3,0.7008,0.0221
MMR(0.9),3.2,3,0.701,0.0226
MMR(0.9),3.21,3,0.7011,0.0227
MMR(0.9),3.22,3,0.7013,0.0228
MMR(0.9),3.23,3,0.7014,0.0231
MMR(0.9),3.24,3,0.7017,0.0232
MMR(0.9),3.25,3,0.7015,0.0234
MMR(0.9),3.26,3,0.7016,0.0235
MMR(0.9),3.27,3,0.7017,0.0239
MMR(0.9),3.28,3,0.7019,0.024
MMR(0.9),3.29,3,0.7019,0.0236
MMR(0.9),3.3,3,0.702,0.0234
MMR(0.9),3.31,3,0.7021,0.0239
MMR(0.9),3.32,3,0.7022,0.0243
MMR(0.9),3.33,3,0.7023,0.0239
MMR(0.9),3.34,3,0.7021,0.0243
MMR(0.9),3.35,3,0.7021,0.0246
MMR(0.9),3.36,3,0.7024,0.0254
MMR(0.9),3.37,3,0.7025,0.0252
MMR(0.9),3.38,3,0.7025,0.0252
MMR(0.9),3.39,3,0.7024,0.0252
MMR(0.9),3.4,3,0.7026,0.0261
MMR(0.9),3.41,3,0.7028,0.0265
MMR(0.9),3.42,3,0.7025,0.0261
MMR(0.9),3.43,3,0.7025,0.0261
MMR(0.9),3.44,3,0.7025,0.0261
MMR(0.9),3.45,3,0.7025,0.0263
MMR(0.9),3.46,3,0.7026,0.026
MMR(0.9),3.47,3,0.7027,0.0258
MMR(0.9),3.48,3,0.7027,0.0258
MMR(0.9),3.49,3,0.7026,0.0272
MMR(0.9),3.5,3,0.7026,0.0272
MMR(0.9),3.51,3,0.7028,0.0269
MMR(0.9),3.52,3,0.7029,0.0268
MMR(0.9),3.53,3,0.7028,0.0268
MMR(0.9),3.54,3,0.7031,0.027
MMR(0.9),3.55,3,0.7031,0.027
MMR(0.9),3.56,3,0.703,0.0268
MMR(0.9),3.57,3,0.703,0.0265
MMR(0.9),3.58,3,0.7033,0.0271
MMR(0.9),3.59,3,0.7031,0.0276
MMR(0.9),3.6,3,0.7031,0.0285
MMR(0.9),3.61,3,0.7029,0.0287
MMR(0.9),3.62,3,0.7029,0.0287
MMR(0.9),3.63,3,0.7031,0.0289
MMR(0.9),3.64,3,0.7032,0.0289
MMR(0.9),3.65,3,0.7035,0.0291
MMR(0.9),3.66,3,0.7031,0.0288
MMR(0.9),3.67,3,0.7031,0.0289
MMR(0.9),3.68,3,0.7033,0.0287
MMR(0.9),3.69,3,0.7031,0.0285
MMR(0.9),3.7,3,0.7032,0.0288
MMR(0.9),3.71,3,0.7029,0.0285
MMR(0.9),3.72,3,0.7027,0.0287
MMR(0.9),3.73,3,0.7027,0.0286
MMR(0.9),3.74,3,0.7027,0.0286
MMR(0.9),3.75,3,0.7026,0.0285
MMR(0.9),3.76,3,0.7026,0.0283
MMR(0.9),3.77,3,0.7026,0.0283
MMR(0.9),3.79,3,0.7024,0.0289
MMR(0.9),3.8,3,0.7022,0.0292
MMR(0.9),3.81,3,0.7022,0.0292
MMR(0.9),3.82,3,0.7021,0.0303
MMR(0.9),3.83,3,0.7019,0.0305
MMR(0.9),3.84,3,0.7019,0.0305
MMR(0.9),3.85,3,0.7019,0.0305
MMR(0.9),3.86,3,0.7019,0.0305
MMR(0.9),3.87,3,0.702,0.0301
MMR(0.9),3.88,3,0.702,0.0293
MMR(0.9),3.89,3,0.7019,0.0294
MMR(0.9),3.9,3,0.7019,0.0294
MMR(0.9),3.91,3,0.7019,0.0294
MMR(0.9),3.92,3,0.7019,0.0294
MMR(0.9),3.93,3,0.7017,0.0298
MMR(0.9),3.94,3,0.7017,0.0297
MMR(0.9),3.95,3,0.7017,0.0297
MMR(0.9),3.96,3,0.7016,0.0294
MMR(0.9),3.97,3,0.7016,0.0294
MMR(0.9),3.99,3,0.7016,0.0294
MMR(0.9),4.0,3,0.7016,0.0294
MMR(0.9),4.01,3,0.7013,0.0294
MMR(0.9),4.02,3,0.7013,0.0294
MMR(0.9),4.03,3,0.7013,0.0294
MMR(0.9),4.04,3,0.7013,0.0294
MMR(0.9),4.05,3,0.7012,0.0293
MMR(0.9),4.06,2,0.7076,0.0527
MMR(0.9),4.08,2,0.7076,0.0527
MMR(0.9),4.09,3,0.7012,0.0293
MMR(0.9),4.1,3,0.7011,0.0293
MMR(0.9),4.11,2,0.7075,0.054
MMR(0.9),4.17,3,0.7012,0.0293
MMR(0.9),4.18,1,0.7117,0.0
MMR(0.9),4.2,1,0.7117,0.0
MMR(0.9),4.21,3,0.701,0.03
MMR(0.9),4.22,1,0.7117,0.0
MMR(0.9),4.24,3,0.701,0.03
MMR(0.9),4.27,2,0.7076,0.0527
MMR(0.9),4.28,1,0.7117,0.0
MMR(0.9),4.31,2,0.6998,0.1512
MMR(0.9),4.35,1,0.7114,0.0
MMR(0.9),4.36,1,0.7114,0.0
Maxmin,1.18,1,0.6677,0.0
Maxmin,1.19,1,0.6677,0.0
Maxmin,1.23,1,0.6677,0.0
Maxmin,1.25,3,0.6612,0.0234
Maxmin,1.29,1,0.668,0.0
Maxmin,1.31,1,0.668,0.0
Maxmin,1.32,1,0.668,0.0
Maxmin,1.33,1,0.6681,0.0
Maxmin,1.35,3,0.6616,0.0241
Maxmin,1.39,3,0.6616,0.0241
Maxmin,1.4,3,0.6616,0.0241
Maxmin,1.42,2,0.6673,0.0133
Maxmin,1.43,2,0.6673,0.0133
Maxmin,1.44,3,0.6618,0.0242
Maxmin,1.45,3,0.6619,0.024
Maxmin,1.46,2,0.6597,0.1124
Maxmin,1.47,3,0.6619,0.024
Maxmin,1.48,2,0.6599,0.1124
Maxmin,1.51,1,0.6689,0.0
Maxmin,1.52,3,0.6623,0.0236
Maxmin,1.53,3,0.6625,0.0234
Maxmin,1.56,3,0.6624,0.0235
Maxmin,1.59,3,0.6627,0.0231
Maxmin,1.61,3,0.6627,0.0237
Maxmin,1.62,3,0.6625,0.0234
Maxmin,1.63,3,0.6628,0.0239
Maxmin,1.64,3,0.6627,0.0237
Maxmin,1.65,3,0.6627,0.0237
Maxmin,1.66,3,0.6627,0.0237
Maxmin,1.67,2,0.6683,0.0121
Maxmin,1.68,3,0.6629,0.0241
Maxmin,1.69,3,0.6628,0.0247
Maxmin,1.7,3,0.6617,0.0259
Maxmin,1.71,3,0.6616,0.0265
Maxmin,1.72,2,0.659,0.1233
Maxmin,1.73,3,0.6618,0.0264
Maxmin,1.74,3,0.6619,0.0262
Maxmin,1.76,3,0.6616,0.0261
Maxmin,1.77,3,0.6617,0.0262
Maxmin,1.78,3,0.6619,0.0265
Maxmin,1.79,3,0.662,0.0263
Maxmin,1.8,3,0.6629,0.0274
Maxmin,1.81,3,0.6631,0.0271
Maxmin,1.82,3,0.663,0.0271
Maxmin,1.83,3,0.6628,0.0274
Maxmin,1.84,2,0.6691,0.0108
Maxmin,1.85,3,0.6627,0.0274
Maxmin,1.86,3,0.6625,0.027
Maxmin,1.87,3,0.6626,0.0271
Maxmin,1.88,3,0.6625,0.0269
Maxmin,1.89,3,0.6619,0.0268
Maxmin,1.9,3,0.6619,0.0263
Maxmin,1.91,3,0.662,0.0265
Maxmin,1.92,3,0.6614,0.0256
Maxmin,1.93,3,0.6611,0.0249
Maxmin,1.94,3,0.6607,0.025
Maxmin,1.95,3,0.6607,0.0244
Maxmin,1.96,3,0.6599,0.0237
Maxmin,1.97,3,0.6599,0.0232
Maxmin,1.98,3,0.6599,0.0223
Maxmin,1.99,3,0.6599,0.0223
Maxmin,2.0,3,0.6599,0.022
Maxmin,2.01,3,0.6593,0.0224
Maxmin,2.02,3,0.6592,0.023
Maxmin,2.03,3,0.6588,0.0228
Maxmin,2.04,3,0.6588,0.0229
Maxmin,2.05,3,0.6586,0.0224
Maxmin,2.06,3,0.6584,0.0218
Maxmin,2.07,3,0.6583,0.0215
Maxmin,2.08,3,0.6582,0.0211
Maxmin,2.09,3,0.6577,0.0207
Maxmin,2.1,3,0.6571,0.0194
Maxmin,2.11,3,0.6561,0.0182
Maxmin,2.12,3,0.6559,0.0181
Maxmin,2.13,3,0.6557,0.0179
Maxmin,2.14,3,0.6556,0.0184
Maxmin,2.15,2,0.6532,0.0762
Maxmin,2.16,3,0.6558,0.0177
Maxmin,2.17,3,0.6557,0.0177
Maxmin,2.18,3,0.6554,0.0174
Maxmin,2.19,3,0.6557,0.0182
Maxmin,2.2,3,0.6551,0.0185
Maxmin,2.21,3,0.6551,0.0195
Maxmin,2.22,3,0.6547,0.0194
Maxmin,2.23,3,0.6544,0.0205
Maxmin,2.24,2,0.651,0.0673
Maxmin,2.25,3,0.6539,0.0212
Maxmin,2.26,3,0.6534,0.0203
Maxmin,2.27,3,0.6528,0.0199
Maxmin,2.28,3,0.6526,0.0192
Maxmin,2.29,3,0.6515,0.0184
Maxmin,2.3,3,0.6513,0.0185
Maxmin,2.31,3,0.6516,0.0191
Maxmin,2.32,3,0.6511,0.0193
Maxmin,2.33,3,0.6504,0.0186
Maxmin,2.34,3,0.65,0.0185
Maxmin,2.35,3,0.6498,0.0191
Maxmin,2.36,3,0.6497,0.0204
Maxmin,2.37,3,0.6496,0.0206
Maxmin,2.38,3,0.6489,0.0206
Maxmin,2.39,3,0.6486,0.0216
Maxmin,2.4,3,0.6478,0.0212
Maxmin,2.41,3,0.6466,0.0204
Maxmin,2.42,3,0.6461,0.0196
Maxmin,2.43,3,0.6453,0.0193
Maxmin,2.44,3,0.6447,0.0193
Maxmin,2.45,3,0.6446,0.0203
Maxmin,2.46,3,0.6444,0.0205
Maxmin,2.47,3,0.6433,0.0187
Maxmin,2.48,3,0.6433,0.0188
Maxmin,2.49,3,0.643,0.0188
Maxmin,2.5,3,0.6427,0.0193
Maxmin,2.51,3,0.6421,0.019
Maxmin,2.52,3,0.6416,0.0195
Maxmin,2.53,3,0.6409,0.0198
Maxmin,2.54,3,0.6397,0.0199
Maxmin,2.55,3,0.639,0.0226
Maxmin,2.56,3,0.638,0.0249
Maxmin,2.57,3,0.6371,0.0252
Maxmin,2.58,3,0.6354,0.0258
Maxmin,2.59,3,0.6353,0.0261
Maxmin,2.6,3,0.6342,0.0262
Maxmin,2.61,3,0.6332,0.0272
Maxmin,2.62,3,0.6317,0.0288
Maxmin,2.63,3,0.6307,0.0304
Maxmin,2.64,3,0.6301,0.0301
Maxmin,2.65,3,0.6289,0.0295
Maxmin,2.66,3,0.628,0.0294
Maxmin,2.67,3,0.6262,0.0297
Maxmin,2.68,3,0.6255,0.0289
Maxmin,2.69,3,0.6245,0.0284
Maxmin,2.7,3,0.6243,0.0277
Maxmin,2.71,3,0.6239,0.0286
Maxmin,2.72,3,0.623,0.0286
Maxmin,2.73,3,0.6226,0.0291
Maxmin,2.74,3,0.6214,0.0296
Maxmin,2.75,3,0.62,0.0304
Maxmin,2.76,3,0.6196,0.0334
Maxmin,2.77,3,0.6185,0.0334
Maxmin,2.78,3,0.6186,0.0332
Maxmin,2.79,3,0.6176,0.0336
Maxmin,2.8,3,0.6159,0.0336
Maxmin,2.81,3,0.6153,0.0346
Maxmin,2.82,3,0.6143,0.0331
Maxmin,2.83,3,0.6134,0.0332
Maxmin,2.84,3,0.6119,0.035
Maxmin,2.85,3,0.6115,0.0335
Maxmin,2.86,3,0.6098,0.0349
Maxmin,2.87,3,0.6091,0.0338
Maxmin,2.88,3,0.6084,0.0351
Maxmin,2.89,3,0.6067,0.0389
Maxmin,2.9,3,0.6058,0.0393
Maxmin,2.91,3,0.6051,0.0406
Maxmin,2.92,3,0.6049,0.041
Maxmin,2.93,3,0.6032,0.0397
Maxmin,2.94,3,0.6019,0.0385
Maxmin,2.95,3,0.6016,0.0377
Maxmin,2.96,3,0.6002,0.039
Maxmin,2.97,3,0.5996,0.0398
Maxmin,2.98,3,0.5984,0.0412
Maxmin,2.99,3,0.5977,0.0397
Maxmin,3.0,3,0.5962,0.0396
Maxmin,3.01,3,0.5958,0.0402
Maxmin,3.02,3,0.5953,0.0417
Maxmin,3.03,3,0.5946,0.0416
Maxmin,3.04,3,0.5933,0.0433
Maxmin,3.05,3,0.5911,0.0432
Maxmin,3.06,3,0.5902,0.044
Maxmin,3.07,3,0.5879,0.0447
Maxmin,3.08,3,0.5867,0.0437
Maxmin,3.09,3,0.5854,0.0433
Maxmin,3.1,3,0.5841,0.045
Maxmin,3.11,3,0.5825,0.044
Maxmin,3.12,3,0.5808,0.0443
Maxmin,3.13,3,0.5805,0.0434
Maxmin,3.14,3,0.5799,0.0456
Maxmin,3.15,3,0.5791,0.0443
Maxmin,3.16,3,0.5773,0.0419
Maxmin,3.17,3,0.575,0.0407
Maxmin,3.18,3,0.5738,0.0441
Maxmin,3.19,3,0.5728,0.0461
Maxmin,3.2,3,0.5724,0.0451
Maxmin,3.21,3,0.5714,0.0451
Maxmin,3.22,3,0.571,0.0453
Maxmin,3.23,3,0.5695,0.0447
Maxmin,3.24,3,0.569,0.0458
Maxmin,3.25,3,0.567,0.0469
Maxmin,3.26,3,0.566,0.0466
Maxmin,3.27,3,0.5644,0.0457
Maxmin,3.28,3,0.5635,0.0476
Maxmin,3.29,3,0.5621,0.0486
Maxmin,3.3,3,0.5613,0.0477
Maxmin,3.31,3,0.561,0.0486
Maxmin,3.32,3,0.5598,0.0504
Maxmin,3.33,3,0.5581,0.0504
Maxmin,3.34,3,0.5562,0.0493
Maxmin,3.35,3,0.5546,0.0483
Maxmin,3.36,3,0.5538,0.0497
Maxmin,3.37,3,0.5528,0.0506
Maxmin,3.38,3,0.5525,0.0516
Maxmin,3.39,3,0.5506,0.053
Maxmin,3.4,3,0.5492,0.0533
Maxmin,3.41,3,0.5481,0.0513
Maxmin,3.42,3,0.5465,0.0503
Maxmin,3.43,3,0.5448,0.0508
Maxmin,3.44,3,0.5437,0.0493
Maxmin,3.45,3,0.5424,0.0488
Maxmin,3.46,3,0.5411,0.0486
Maxmin,3.47,3,0.5402,0.0494
Maxmin,3.48,3,0.5399,0.0478
Maxmin,3.49,3,0.5379,0.0477
Maxmin,3.5,3,0.5364,0.0469
Maxmin,3.51,3,0.5347,0.046
Maxmin,3.52,3,0.5339,0.0471
Maxmin,3.53,3,0.5323,0.0442
Maxmin,3.54,3,0.5309,0.0465
Maxmin,3.55,3,0.5299,0.0458
Maxmin,3.56,3,0.5277,0.045
Maxmin,3.57,3,0.5263,0.0453
Maxmin,3.58,3,0.5254,0.0478
Maxmin,3.59,3,0.5241,0.0497
Maxmin,3.6,3,0.5227,0.0483
Maxmin,3.61,3,0.5215,0.0496
Maxmin,3.62,3,0.5209,0.0487
Maxmin,3.63,3,0.519,0.0485
Maxmin,3.64,3,0.5175,0.0478
Maxmin,3.65,3,0.5168,0.0492
Maxmin,3.66,3,0.5154,0.0493
Maxmin,3.67,3,0.5142,0.0511
Maxmin,3.68,3,0.5125,0.0501
Maxmin,3.69,3,0.512,0.0494
Maxmin,3.7,3,0.5113,0.0488
Maxmin,3.71,3,0.5107,0.0478
Maxmin,3.72,3,0.5098,0.0457
Maxmin,3.73,3,0.509,0.0449
Maxmin,3.74,3,0.5081,0.0447
Maxmin,3.75,3,0.5077,0.0455
Maxmin,3.76,3,0.5061,0.0443
Maxmin,3.77,3,0.5047,0.0439
Maxmin,3.79,3,0.504,0.0422
Maxmin,3.8,3,0.5037,0.0405
Maxmin,3.81,3,0.5034,0.0412
Maxmin,3.82,3,0.5014,0.0402
Maxmin,3.83,3,0.5008,0.0393
Maxmin,3.84,3,0.5002,0.0386
Maxmin,3.85,3,0.4995,0.037
Maxmin,3.86,3,0.4989,0.0377
Maxmin,3.87,3,0.4985,0.0386
Maxmin,3.88,3,0.4976,0.0396
Maxmin,3.89,3,0.4971,0.0395
Maxmin,3.9,3,0.4961,0.0398
Maxmin,3.91,3,0.4954,0.0388
Maxmin,3.92,3,0.4948,0.0388
Maxmin,3.93,3,0.4944,0.0384
Maxmin,3.94,3,0.4937,0.0371
Maxmin,3.95,3,0.4935,0.0368
Maxmin,3.96,3,0.493,0.0372
Maxmin,3.97,3,0.493,0.0368
Maxmin,3.99,3,0.4917,0.0371
Maxmin,4.0,3,0.4912,0.0369
Maxmin,4.01,3,0.4909,0.0371
Maxmin,4.02,3,0.4909,0.037
Maxmin,4.03,3,0.4907,0.0366
Maxmin,4.04,3,0.4907,0.0355
Maxmin,4.05,3,0.4905,0.0352
Maxmin,4.06,2,0.4951,0.148
Maxmin,4.08,2,0.4944,0.148
Maxmin,4.09,3,0.4894,0.0357
Maxmin,4.1,3,0.489,0.0361
Maxmin,4.11,2,0.4932,0.1512
Maxmin,4.17,3,0.4882,0.0358
Maxmin,4.18,1,0.4808,0.0
Maxmin,4.2,1,0.4805,0.0
Maxmin,4.21,3,0.4876,0.0367
Maxmin,4.22,1,0.4798,0.0
Maxmin,4.24,3,0.4873,0.0372
Maxmin,4.27,2,0.4912,0.1544
Maxmin,4.28,1,0.4791,0.0
Maxmin,4.31,2,0.4787,0.0051
Maxmin,4.35,1,0.4787,0.0
Maxmin,4.36,1,0.4787,0.0
Greedy-DPP,1.18,1,0.6677,0.0
Greedy-DPP,1.19,1,0.668,0.0
Greedy-DPP,1.23,1,0.668,0.0
Greedy-DPP,1.25,3,0.6613,0.0237
Greedy-DPP,1.29,1,0.6683,0.0
Greedy-DPP,1.31,1,0.669,0.0
Greedy-DPP,1.32,1,0.669,0.0
Greedy-DPP,1.33,1,0.6693,0.0
Greedy-DPP,1.35,3,0.6622,0.0249
Greedy-DPP,1.39,3,0.6626,0.0243
Greedy-DPP,1.4,3,0.6631,0.0237
Greedy-DPP,1.42,2,0.6687,0.0184
Greedy-DPP,1.43,2,0.6689,0.0203
Greedy-DPP,1.44,3,0.6634,0.024
Greedy-DPP,1.45,3,0.6637,0.0241
Greedy-DPP,1.46,2,0.662,0.1131
Greedy-DPP,1.47,3,0.6644,0.0229
Greedy-DPP,1.48,2,0.6638,0.1086
Greedy-DPP,1.51,1,0.6724,0.0
Greedy-DPP,1.52,3,0.6656,0.0215
Greedy-DPP,1.53,3,0.6664,0.0215
Greedy-DPP,1.56,3,0.6671,0.0188
Greedy-DPP,1.59,3,0.6672,0.0192
Greedy-DPP,1.61,3,0.6675,0.019
Greedy-DPP,1.62,3,0.6677,0.0189
Greedy-DPP,1.63,3,0.6682,0.019
Greedy-DPP,1.64,3,0.6685,0.0191
Greedy-DPP,1.65,3,0.6687,0.0187
Greedy-DPP,1.66,3,0.6695,0.0185
Greedy-DPP,1.67,2,0.674,0.0337
Greedy-DPP,1.68,3,0.6705,0.0193
Greedy-DPP,1.69,3,0.6707,0.0194
Greedy-DPP,1.7,3,0.6706,0.0213
Greedy-DPP,1.71,3,0.6707,0.0216
Greedy-DPP,1.72,2,0.6702,0.1048
Greedy-DPP,1.73,3,0.6713,0.0215
Greedy-DPP,1.74,3,0.6714,0.0217
Greedy-DPP,1.76,3,0.6718,0.0204
Greedy-DPP,1.77,3,0.6722,0.0202
Greedy-DPP,1.78,3,0.6725,0.0204
Greedy-DPP,1.79,3,0.6729,0.0205
Greedy-DPP,1.8,3,0.6742,0.0219
Greedy-DPP,1.81,3,0.6748,0.022
Greedy-DPP,1.82,3,0.6756,0.0218
Greedy-DPP,1.83,3,0.6758,0.0221
Greedy-DPP,1.84,2,0.6807,0.0413
Greedy-DPP,1.85,3,0.676,0.0221
Greedy-DPP,1.86,3,0.6763,0.0217
Greedy-DPP,1.87,3,0.6766,0.0219
Greedy-DPP,1.88,3,0.6768,0.022
Greedy-DPP,1.89,3,0.6766,0.0231
Greedy-DPP,1.9,3,0.6775,0.0228
Greedy-DPP,1.91,3,0.6778,0.0228
Greedy-DPP,1.92,3,0.6781,0.0232
Greedy-DPP,1.93,3,0.6781,0.0222
Greedy-DPP,1.94,3,0.6788,0.0224
Greedy-DPP,1.95,3,0.679,0.0226
Greedy-DPP,1.96,3,0.6788,0.022
Greedy-DPP,1.97,3,0.6791,0.0214
Greedy-DPP,1.98,3,0.6797,0.021
Greedy-DPP,1.99,3,0.6802,0.0205
Greedy-DPP,2.0,3,0.6806,0.0205
Greedy-DPP,2.01,3,0.6806,0.0212
Greedy-DPP,2.02,3,0.681,0.0209
Greedy-DPP,2.03,3,0.6814,0.0217
Greedy-DPP,2.04,3,0.6819,0.0218
Greedy-DPP,2.05,3,0.6825,0.0224
Greedy-DPP,2.06,3,0.683,0.0217
Greedy-DPP,2.07,3,0.6833,0.0219
Greedy-DPP,2.08,3,0.6834,0.0219
Greedy-DPP,2.09,3,0.6842,0.0211
Greedy-DPP,2.1,3,0.6846,0.0205
Greedy-DPP,2.11,3,0.6848,0.0198
Greedy-DPP,2.12,3,0.6855,0.0205
Greedy-DPP,2.13,3,0.6858,0.0207
Greedy-DPP,2.14,3,0.6862,0.0199
Greedy-DPP,2.15,2,0.6865,0.0997
Greedy-DPP,2.16,3,0.6868,0.0193
Greedy-DPP,2.17,3,0.6872,0.0189
Greedy-DPP,2.18,3,0.6873,0.0182
Greedy-DPP,2.19,3,0.6879,0.0188
Greedy-DPP,2.2,3,0.6886,0.0187
Greedy-DPP,2.21,3,0.6893,0.0193
Greedy-DPP,2.22,3,0.6894,0.02
Greedy-DPP,2.23,3,0.6901,0.0205
Greedy-DPP,2.24,2,0.6887,0.0985
Greedy-DPP,2.25,3,0.6906,0.0209
Greedy-DPP,2.26,3,0.6912,0.0214
Greedy-DPP,2.27,3,0.691,0.022
Greedy-DPP,2.28,3,0.6916,0.023
Greedy-DPP,2.29,3,0.6921,0.0228
Greedy-DPP,2.3,3,0.6923,0.023
Greedy-DPP,2.31,3,0.6932,0.0234
Greedy-DPP,2.32,3,0.6937,0.0232
Greedy-DPP,2.33,3,0.6939,0.0227
Greedy-DPP,2.34,3,0.6944,0.0225
Greedy-DPP,2.35,3,0.6945,0.0226
Greedy-DPP,2.36,3,0.6951,0.0225
Greedy-DPP,2.37,3,0.6956,0.0215
Greedy-DPP,2.38,3,0.696,0.0215
Greedy-DPP,2.39,3,0.6967,0.0205
Greedy-DPP,2.4,3,0.6971,0.0205
Greedy-DPP,2.41,3,0.6976,0.0209
Greedy-DPP,2.42,3,0.6981,0.022
Greedy-DPP,2.43,3,0.6986,0.0218
Greedy-DPP,2.44,3,0.6985,0.0223
Greedy-DPP,2.45,3,0.6996,0.023
Greedy-DPP,2.46,3,0.7008,0.0227
Greedy-DPP,2.47,3,0.7005,0.0227
Greedy-DPP,2.48,3,0.7012,0.0225
Greedy-DPP,2.49,3,0.7015,0.0222
Greedy-DPP,2.5,3,0.7018,0.0224
Greedy-DPP,2.51,3,0.702,0.0217
Greedy-DPP,2.52,3,0.703,0.0215
Greedy-DPP,2.53,3,0.7033,0.0215
Greedy-DPP,2.54,3,0.7035,0.0224
Greedy-DPP,2.55,3,0.7046,0.0236
Greedy-DPP,2.56,3,0.7047,0.0245
Greedy-DPP,2.57,3,0.7057,0.0255
Greedy-DPP,2.58,3,0.7063,0.0256
Greedy-DPP,2.59,3,0.7064,0.026
Greedy-DPP,2.6,3,0.7065,0.0257
Greedy-DPP,2.61,3,0.7069,0.0263
Greedy-DPP,2.62,3,0.7073,0.0259
Greedy-DPP,2.63,3,0.7077,0.026
Greedy-DPP,2.64,3,0.708,0.0265
Greedy-DPP,2.65,3,0.7087,0.0281
Greedy-DPP,2.66,3,0.7085,0.0284
Greedy-DPP,2.67,3,0.7085,0.0279
Greedy-DPP,2.68,3,0.7089,0.0271
Greedy-DPP,2.69,3,0.7092,0.0269
Greedy-DPP,2.7,3,0.7095,0.027
Greedy-DPP,2.71,3,0.7097,0.027
Greedy-DPP,2.72,3,0.7099,0.0268
Greedy-DPP,2.73,3,0.7103,0.026
Greedy-DPP,2.74,3,0.7101,0.0264
Greedy-DPP,2.75,3,0.7106,0.025
Greedy-DPP,2.76,3,0.7112,0.0246
Greedy-DPP,2.77,3,0.7122,0.0236
Greedy-DPP,2.78,3,0.7133,0.0239
Greedy-DPP,2.79,3,0.7136,0.0241
Greedy-DPP,2.8,3,0.7138,0.0243
Greedy-DPP,2.81,3,0.7135,0.0257
Greedy-DPP,2.82,3,0.7139,0.0267
Greedy-DPP,2.83,3,0.7142,0.0259
Greedy-DPP,2.84,3,0.714,0.0267
Greedy-DPP,2.85,3,0.7141,0.0257
Greedy-DPP,2.86,3,0.7148,0.0245
Greedy-DPP,2.87,3,0.7153,0.025
Greedy-DPP,2.88,3,0.7156,0.0266
Greedy-DPP,2.89,3,0.7156,0.0265
Greedy-DPP,2.9,3,0.7156,0.0265
Greedy-DPP,2.91,3,0.7157,0.0274
Greedy-DPP,2.92,3,0.7161,0.0268
Greedy-DPP,2.93,3,0.7159,0.0253
Greedy-DPP,2.94,3,0.7162,0.0246
Greedy-DPP,2.95,3,0.7163,0.0248
Greedy-DPP,2.96,3,0.7168,0.0253
Greedy-DPP,2.97,3,0.7173,0.0254
Greedy-DPP,2.98,3,0.7176,0.0259
Greedy-DPP,2.99,3,0.7174,0.0264
Greedy-DPP,3.0,3,0.7179,0.0267
Greedy-DPP,3.01,3,0.7185,0.0264
Greedy-DPP,3.02,3,0.7188,0.0265
Greedy-DPP,3.03,3,0.7188,0.0264
Greedy-DPP,3.04,3,0.719,0.0265
Greedy-DPP,3.05,3,0.7194,0.0259
Greedy-DPP,3.06,3,0.7192,0.0259
Greedy-DPP,3.07,3,0.7193,0.0247
Greedy-DPP,3.08,3,0.7192,0.0251
Greedy-DPP,3.09,3,0.7193,0.0247
Greedy-DPP,3.1,3,0.7201,0.0261
Greedy-DPP,3.11,3,0.7204,0.0264
Greedy-DPP,3.12,3,0.7203,0.0254
Greedy-DPP,3.13,3,0.7208,0.0246
Greedy-DPP,3.14,3,0.7212,0.0237
Greedy-DPP,3.15,3,0.721,0.0237
Greedy-DPP,3.16,3,0.721,0.0241
Greedy-DPP,3.17,3,0.721,0.0243
Greedy-DPP,3.18,3,0.721,0.0244
Greedy-DPP,3.19,3,0.7208,0.024
Greedy-DPP,3.2,3,0.721,0.0243
Greedy-DPP,3.21,3,0.7211,0.0245
Greedy-DPP,3.22,3,0.7212,0.0244
Greedy-DPP,3.23,3,0.7213,0.0245
Greedy-DPP,3.24,3,0.7214,0.0246
Greedy-DPP,3.25,3,0.721,0.0243
Greedy-DPP,3.26,3,0.721,0.0244
Greedy-DPP,3.27,3,0.7212,0.0245
Greedy-DPP,3.28,3,0.7212,0.0247
Greedy-DPP,3.29,3,0.721,0.0253
Greedy-DPP,3.3,3,0.7211,0.0254
Greedy-DPP,3.31,3,0.7213,0.0256
Greedy-DPP,3.32,3,0.7214,0.0258
Greedy-DPP,3.33,3,0.7214,0.0258
Greedy-DPP,3.34,3,0.7213,0.0262
Greedy-DPP,3.35,3,0.7212,0.0264
Greedy-DPP,3.36,3,0.7214,0.0272
Greedy-DPP,3.37,3,0.7216,0.0268
Greedy-DPP,3.38,3,0.7215,0.027
Greedy-DPP,3.39,3,0.721,0.0282
Greedy-DPP,3.4,3,0.721,0.0284
Greedy-DPP,3.41,3,0.7211,0.0287
Greedy-DPP,3.42,3,0.721,0.0282
Greedy-DPP,3.43,3,0.7208,0.0278
Greedy-DPP,3.44,3,0.7208,0.0278
Greedy-DPP,3.45,3,0.721,0.0277
Greedy-DPP,3.46,3,0.7209,0.028
Greedy-DPP,3.47,3,0.7212,0.0281
Greedy-DPP,3.48,3,0.7211,0.0279
Greedy-DPP,3.49,3,0.7211,0.0289
Greedy-DPP,3.5,3,0.7207,0.0282
Greedy-DPP,3.51,3,0.7206,0.0282
Greedy-DPP,3.52,3,0.7206,0.0282
Greedy-DPP,3.53,3,0.7205,0.0286
Greedy-DPP,3.54,3,0.7208,0.029
Greedy-DPP,3.55,3,0.7207,0.0294
Greedy-DPP,3.56,3,0.7205,0.0296
Greedy-DPP,3.57,3,0.7203,0.0295
Greedy-DPP,3.58,3,0.7198,0.0288
Greedy-DPP,3.59,3,0.7196,0.0291
Greedy-DPP,3.6,3,0.7195,0.029
Greedy-DPP,3.61,3,0.7193,0.0287
Greedy-DPP,3.62,3,0.7193,0.0288
Greedy-DPP,3.63,3,0.7196,0.0293
Greedy-DPP,3.64,3,0.7196,0.0293
Greedy-DPP,3.65,3,0.7198,0.0293
Greedy-DPP,3.66,3,0.7196,0.0294
Greedy-DPP,3.67,3,0.7195,0.0301
Greedy-DPP,3.68,3,0.7197,0.03
Greedy-DPP,3.69,3,0.7195,0.0296
Greedy-DPP,3.7,3,0.7197,0.03
Greedy-DPP,3.71,3,0.7194,0.0301
Greedy-DPP,3.72,3,0.7193,0.0303
Greedy-DPP,3.73,3,0.7194,0.0302
Greedy-DPP,3.74,3,0.7193,0.0301
Greedy-DPP,3.75,3,0.7191,0.0301
Greedy-DPP,3.76,3,0.719,0.0305
Greedy-DPP,3.77,3,0.7192,0.0304
Greedy-DPP,3.79,3,0.7188,0.0313
Greedy-DPP,3.8,3,0.7186,0.0312
Greedy-DPP,3.81,3,0.7186,0.0312
Greedy-DPP,3.82,3,0.7183,0.0315
Greedy-DPP,3.83,3,0.7182,0.0317
Greedy-DPP,3.84,3,0.7182,0.0316
Greedy-DPP,3.85,3,0.718,0.0313
Greedy-DPP,3.86,3,0.718,0.0312
Greedy-DPP,3.87,3,0.7181,0.0313
Greedy-DPP,3.88,3,0.7179,0.0307
Greedy-DPP,3.89,3,0.7178,0.0309
Greedy-DPP,3.9,3,0.7179,0.0309
Greedy-DPP,3.91,3,0.7177,0.0305
Greedy-DPP,3.92,3,0.7177,0.0305
Greedy-DPP,3.93,3,0.7175,0.0313
Greedy-DPP,3.94,3,0.7174,0.0311
Greedy-DPP,3.95,3,0.7174,0.0311
Greedy-DPP,3.96,3,0.7173,0.0311
Greedy-DPP,3.97,3,0.7172,0.0311
Greedy-DPP,3.99,3,0.7171,0.0313
Greedy-DPP,4.0,3,0.7171,0.0315
Greedy-DPP,4.01,3,0.7169,0.0314
Greedy-DPP,4.02,3,0.7169,0.0314
Greedy-DPP,4.03,3,0.7169,0.0314
Greedy-DPP,4.04,3,0.7168,0.0312
Greedy-DPP,4.05,3,0.7167,0.031
Greedy-DPP,4.06,2,0.7239,0.0025
Greedy-DPP,4.08,2,0.7239,0.0025
Greedy-DPP,4.09,3,0.7167,0.031
Greedy-DPP,4.1,3,0.7167,0.0309
Greedy-DPP,4.11,2,0.7238,0.0032
Greedy-DPP,4.17,3,0.7167,0.031
Greedy-DPP,4.18,1,0.7241,0.0
Greedy-DPP,4.2,1,0.7241,0.0
Greedy-DPP,4.21,3,0.7165,0.0318
Greedy-DPP,4.22,1,0.7241,0.0
Greedy-DPP,4.24,3,0.7165,0.0318
Greedy-DPP,4.27,2,0.7239,0.0025
Greedy-DPP,4.28,1,0.7241,0.0
Greedy-DPP,4.31,2,0.7129,0.1423
Greedy-DPP,4.35,1,0.7237,0.0
Greedy-DPP,4.36,1,0.7237,0.0
VendiG(0.3),1.18,1,0.6677,0.0
VendiG(0.3),1.19,1,0.6679,0.0
VendiG(0.3),1.23,1,0.6679,0.0
VendiG(0.3),1.25,3,0.6613,0.0236
VendiG(0.3),1.29,1,0.6681,0.0
VendiG(0.3),1.31,1,0.6685,0.0
VendiG(0.3),1.32,1,0.6685,0.0
VendiG(0.3),1.33,1,0.6686,0.0
VendiG(0.3),1.35,3,0.6617,0.0245
VendiG(0.3),1.39,3,0.6622,0.0239
VendiG(0.3),1.4,3,0.6623,0.0239
VendiG(0.3),1.42,2,0.6681,0.0159
VendiG(0.3),1.43,2,0.6681,0.0159
VendiG(0.3),1.44,3,0.6626,0.0241
VendiG(0.3),1.45,3,0.6626,0.0241
VendiG(0.3),1.46,2,0.6606,0.1137
VendiG(0.3),1.47,3,0.663,0.0235
VendiG(0.3),1.48,2,0.6618,0.1124
VendiG(0.3),1.51,1,0.6711,0.0
VendiG(0.3),1.52,3,0.664,0.0227
VendiG(0.3),1.53,3,0.6642,0.0223
VendiG(0.3),1.56,3,0.6644,0.0217
VendiG(0.3),1.59,3,0.6648,0.0214
VendiG(0.3),1.61,3,0.6648,0.0216
VendiG(0.3),1.62,3,0.6647,0.0219
VendiG(0.3),1.63,3,0.6651,0.0221
VendiG(0.3),1.64,3,0.6652,0.021
VendiG(0.3),1.65,3,0.6653,0.0209
VendiG(0.3),1.66,3,0.6657,0.0203
VendiG(0.3),1.67,2,0.6706,0.0267
VendiG(0.3),1.68,3,0.6663,0.0213
VendiG(0.3),1.69,3,0.6662,0.0216
VendiG(0.3),1.7,3,0.6658,0.0231
VendiG(0.3),1.71,3,0.6655,0.0236
VendiG(0.3),1.72,2,0.6641,0.1156
VendiG(0.3),1.73,3,0.6657,0.0233
VendiG(0.3),1.74,3,0.6659,0.0231
VendiG(0.3),1.76,3,0.6659,0.0216
VendiG(0.3),1.77,3,0.6661,0.0215
VendiG(0.3),1.78,3,0.6661,0.0216
VendiG(0.3),1.79,3,0.6663,0.0208
VendiG(0.3),1.8,3,0.6673,0.0222
VendiG(0.3),1.81,3,0.6674,0.0221
VendiG(0.3),1.82,3,0.6676,0.0222
VendiG(0.3),1.83,3,0.6674,0.0227
VendiG(0.3),1.84,2,0.6724,0.0324
VendiG(0.3),1.85,3,0.6675,0.0223
VendiG(0.3),1.86,3,0.6676,0.0216
VendiG(0.3),1.87,3,0.6677,0.0214
VendiG(0.3),1.88,3,0.6676,0.0213
VendiG(0.3),1.89,3,0.6673,0.0215
VendiG(0.3),1.9,3,0.6677,0.0211
VendiG(0.3),1.91,3,0.668,0.0217
VendiG(0.3),1.92,3,0.6679,0.0218
VendiG(0.3),1.93,3,0.6678,0.021
VendiG(0.3),1.94,3,0.6679,0.0207
VendiG(0.3),1.95,3,0.668,0.0202
VendiG(0.3),1.96,3,0.6673,0.0195
VendiG(0.3),1.97,3,0.6673,0.0197
VendiG(0.3),1.98,3,0.6677,0.0193
VendiG(0.3),1.99,3,0.6679,0.0186
VendiG(0.3),2.0,3,0.6683,0.0183
VendiG(0.3),2.01,3,0.6677,0.0179
VendiG(0.3),2.02,3,0.6676,0.0182
VendiG(0.3),2.03,3,0.6673,0.0185
VendiG(0.3),2.04,3,0.6675,0.0191
VendiG(0.3),2.05,3,0.6675,0.0184
VendiG(0.3),2.06,3,0.6678,0.0174
VendiG(0.3),2.07,3,0.6677,0.0172
VendiG(0.3),2.08,3,0.6677,0.0168
VendiG(0.3),2.09,3,0.6675,0.0157
VendiG(0.3),2.1,3,0.6673,0.0146
VendiG(0.3),2.11,3,0.6673,0.0136
VendiG(0.3),2.12,3,0.6673,0.0133
VendiG(0.3),2.13,3,0.6672,0.0139
VendiG(0.3),2.14,3,0.6673,0.0135
VendiG(0.3),2.15,2,0.6673,0.068
VendiG(0.3),2.16,3,0.6673,0.0127
VendiG(0.3),2.17,3,0.6675,0.0118
VendiG(0.3),2.18,3,0.6672,0.0108
VendiG(0.3),2.19,3,0.6674,0.0112
VendiG(0.3),2.2,3,0.6676,0.0101
VendiG(0.3),2.21,3,0.6676,0.0105
VendiG(0.3),2.22,3,0.6672,0.0107
VendiG(0.3),2.23,3,0.6668,0.0108
VendiG(0.3),2.24,2,0.6659,0.0502
VendiG(0.3),2.25,3,0.6664,0.0112
VendiG(0.3),2.26,3,0.6665,0.01
VendiG(0.3),2.27,3,0.666,0.0104
VendiG(0.3),2.28,3,0.666,0.0106
VendiG(0.3),2.29,3,0.6652,0.0094
VendiG(0.3),2.3,3,0.6649,0.0095
VendiG(0.3),2.31,3,0.6652,0.0103
VendiG(0.3),2.32,3,0.6648,0.01
VendiG(0.3),2.33,3,0.6645,0.0091
VendiG(0.3),2.34,3,0.6642,0.009
VendiG(0.3),2.35,3,0.6646,0.0085
VendiG(0.3),2.36,3,0.6644,0.009
VendiG(0.3),2.37,3,0.6645,0.0088
VendiG(0.3),2.38,3,0.664,0.0083
VendiG(0.3),2.39,3,0.6638,0.0084
VendiG(0.3),2.4,3,0.6636,0.0093
VendiG(0.3),2.41,3,0.6628,0.009
VendiG(0.3),2.42,3,0.6628,0.0082
VendiG(0.3),2.43,3,0.6624,0.0077
VendiG(0.3),2.44,3,0.6622,0.0074
VendiG(0.3),2.45,3,0.6625,0.0071
VendiG(0.3),2.46,3,0.6625,0.0081
VendiG(0.3),2.47,3,0.6622,0.008
VendiG(0.3),2.48,3,0.6623,0.0074
VendiG(0.3),2.49,3,0.6625,0.0071
VendiG(0.3),2.5,3,0.6625,0.0073
VendiG(0.3),2.51,3,0.6623,0.0065
VendiG(0.3),2.52,3,0.662,0.007
VendiG(0.3),2.53,3,0.6615,0.0077
VendiG(0.3),2.54,3,0.6609,0.0072
VendiG(0.3),2.55,3,0.6603,0.0098
VendiG(0.3),2.56,3,0.6597,0.0109
VendiG(0.3),2.57,3,0.6597,0.0098
VendiG(0.3),2.58,3,0.6584,0.011
VendiG(0.3),2.59,3,0.6585,0.011
VendiG(0.3),2.6,3,0.6575,0.0108
VendiG(0.3),2.61,3,0.6569,0.012
VendiG(0.3),2.62,3,0.6564,0.0129
VendiG(0.3),2.63,3,0.6555,0.0147
VendiG(0.3),2.64,3,0.6555,0.015
VendiG(0.3),2.65,3,0.6551,0.0153
VendiG(0.3),2.66,3,0.6545,0.0149
VendiG(0.3),2.67,3,0.6534,0.0144
VendiG(0.3),2.68,3,0.6532,0.0139
VendiG(0.3),2.69,3,0.6527,0.0141
VendiG(0.3),2.7,3,0.6525,0.0135
VendiG(0.3),2.71,3,0.6521,0.0147
VendiG(0.3),2.72,3,0.6514,0.0141
VendiG(0.3),2.73,3,0.6515,0.0153
VendiG(0.3),2.74,3,0.6506,0.0157
VendiG(0.3),2.75,3,0.6496,0.0164
VendiG(0.3),2.76,3,0.6492,0.019
VendiG(0.3),2.77,3,0.6488,0.0194
VendiG(0.3),2.78,3,0.649,0.0189
VendiG(0.3),2.79,3,0.6482,0.02
VendiG(0.3),2.8,3,0.6469,0.0204
VendiG(0.3),2.81,3,0.6461,0.0205
VendiG(0.3),2.82,3,0.6451,0.0207
VendiG(0.3),2.83,3,0.6448,0.02
VendiG(0.3),2.84,3,0.6439,0.022
VendiG(0.3),2.85,3,0.6438,0.0219
VendiG(0.3),2.86,3,0.6431,0.0231
VendiG(0.3),2.87,3,0.6432,0.0228
VendiG(0.3),2.88,3,0.6426,0.0237
VendiG(0.3),2.89,3,0.6416,0.0263
VendiG(0.3),2.9,3,0.641,0.0274
VendiG(0.3),2.91,3,0.6404,0.028
VendiG(0.3),2.92,3,0.6404,0.0284
VendiG(0.3),2.93,3,0.639,0.0292
VendiG(0.3),2.94,3,0.6384,0.0286
VendiG(0.3),2.95,3,0.6383,0.0277
VendiG(0.3),2.96,3,0.6376,0.0286
VendiG(0.3),2.97,3,0.637,0.0291
VendiG(0.3),2.98,3,0.6365,0.0299
VendiG(0.3),2.99,3,0.6348,0.0276
VendiG(0.3),3.0,3,0.6341,0.0269
VendiG(0.3),3.01,3,0.6343,0.027
VendiG(0.3),3.02,3,0.6338,0.0286
VendiG(0.3),3.03,3,0.6336,0.0288
VendiG(0.3),3.04,3,0.6329,0.0296
VendiG(0.3),3.05,3,0.6312,0.0302
VendiG(0.3),3.06,3,0.6305,0.0306
VendiG(0.3),3.07,3,0.6287,0.0298
VendiG(0.3),3.08,3,0.6277,0.0282
VendiG(0.3),3.09,3,0.6267,0.0275
VendiG(0.3),3.1,3,0.626,0.0291
VendiG(0.3),3.11,3,0.6253,0.0281
VendiG(0.3),3.12,3,0.6241,0.0271
VendiG(0.3),3.13,3,0.6239,0.0258
VendiG(0.3),3.14,3,0.6232,0.0272
VendiG(0.3),3.15,3,0.6225,0.0261
VendiG(0.3),3.16,3,0.6212,0.0263
VendiG(0.3),3.17,3,0.6195,0.0253
VendiG(0.3),3.18,3,0.6184,0.0278
VendiG(0.3),3.19,3,0.6175,0.029
VendiG(0.3),3.2,3,0.6172,0.0282
VendiG(0.3),3.21,3,0.6162,0.0298
VendiG(0.3),3.22,3,0.6157,0.0303
VendiG(0.3),3.23,3,0.6143,0.0302
VendiG(0.3),3.24,3,0.6142,0.0304
VendiG(0.3),3.25,3,0.6136,0.0301
VendiG(0.3),3.26,3,0.6127,0.0297
VendiG(0.3),3.27,3,0.6116,0.0295
VendiG(0.3),3.28,3,0.611,0.0316
VendiG(0.3),3.29,3,0.6099,0.0334
VendiG(0.3),3.3,3,0.6095,0.0332
VendiG(0.3),3.31,3,0.6096,0.034
VendiG(0.3),3.32,3,0.6089,0.0354
VendiG(0.3),3.33,3,0.6075,0.0352
VendiG(0.3),3.34,3,0.606,0.0345
VendiG(0.3),3.35,3,0.6048,0.0336
VendiG(0.3),3.36,3,0.6044,0.0338
VendiG(0.3),3.37,3,0.6035,0.0343
VendiG(0.3),3.38,3,0.6029,0.0352
VendiG(0.3),3.39,3,0.6015,0.0369
VendiG(0.3),3.4,3,0.6,0.0382
VendiG(0.3),3.41,3,0.5991,0.0365
VendiG(0.3),3.42,3,0.5979,0.0367
VendiG(0.3),3.43,3,0.5961,0.0369
VendiG(0.3),3.44,3,0.5952,0.0359
VendiG(0.3),3.45,3,0.5943,0.0352
VendiG(0.3),3.46,3,0.5936,0.0348
VendiG(0.3),3.47,3,0.593,0.0347
VendiG(0.3),3.48,3,0.5925,0.0339
VendiG(0.3),3.49,3,0.5912,0.0329
VendiG(0.3),3.5,3,0.5897,0.0317
VendiG(0.3),3.51,3,0.5884,0.0317
VendiG(0.3),3.52,3,0.5874,0.0325
VendiG(0.3),3.53,3,0.5864,0.0314
VendiG(0.3),3.54,3,0.5852,0.0326
VendiG(0.3),3.55,3,0.5844,0.0321
VendiG(0.3),3.56,3,0.5826,0.0318
VendiG(0.3),3.57,3,0.5813,0.0306
VendiG(0.3),3.58,3,0.5801,0.0338
VendiG(0.3),3.59,3,0.5789,0.0354
VendiG(0.3),3.6,3,0.5777,0.0344
VendiG(0.3),3.61,3,0.5767,0.0346
VendiG(0.3),3.62,3,0.5762,0.034
VendiG(0.3),3.63,3,0.5744,0.034
VendiG(0.3),3.64,3,0.5731,0.0337
VendiG(0.3),3.65,3,0.5721,0.0354
VendiG(0.3),3.66,3,0.5704,0.0344
VendiG(0.3),3.67,3,0.5694,0.0362
VendiG(0.3),3.68,3,0.5683,0.0365
VendiG(0.3),3.69,3,0.5674,0.0355
VendiG(0.3),3.7,3,0.5668,0.0354
VendiG(0.3),3.71,3,0.5659,0.0354
VendiG(0.3),3.72,3,0.5653,0.0337
VendiG(0.3),3.73,3,0.5646,0.0333
VendiG(0.3),3.74,3,0.5638,0.0329
VendiG(0.3),3.75,3,0.5633,0.034
VendiG(0.3),3.76,3,0.5623,0.0325
VendiG(0.3),3.77,3,0.5616,0.0313
VendiG(0.3),3.79,3,0.5612,0.0306
VendiG(0.3),3.8,3,0.5608,0.0296
VendiG(0.3),3.81,3,0.5608,0.0304
VendiG(0.3),3.82,3,0.5588,0.0291
VendiG(0.3),3.83,3,0.5582,0.0279
VendiG(0.3),3.84,3,0.5579,0.0276
VendiG(0.3),3.85,3,0.5576,0.0266
VendiG(0.3),3.86,3,0.5571,0.0271
VendiG(0.3),3.87,3,0.5568,0.028
VendiG(0.3),3.88,3,0.5564,0.0274
VendiG(0.3),3.89,3,0.5559,0.0272
VendiG(0.3),3.9,3,0.5555,0.0273
VendiG(0.3),3.91,3,0.5547,0.0266
VendiG(0.3),3.92,3,0.5544,0.0271
VendiG(0.3),3.93,3,0.554,0.0272
VendiG(0.3),3.94,3,0.5532,0.0255
VendiG(0.3),3.95,3,0.553,0.0253
VendiG(0.3),3.96,3,0.5526,0.0257
VendiG(0.3),3.97,3,0.5526,0.0252
VendiG(0.3),3.99,3,0.5515,0.0262
VendiG(0.3),4.0,3,0.5511,0.026
VendiG(0.3),4.01,3,0.5505,0.0262
VendiG(0.3),4.02,3,0.5504,0.0266
VendiG(0.3),4.03,3,0.5502,0.0261
VendiG(0.3),4.04,3,0.5502,0.0252
VendiG(0.3),4.05,3,0.5499,0.0246
VendiG(0.3),4.06,2,0.5533,0.1023
VendiG(0.3),4.08,2,0.552,0.0972
VendiG(0.3),4.09,3,0.5486,0.0239
VendiG(0.3),4.1,3,0.5482,0.0242
VendiG(0.3),4.11,2,0.5511,0.0985
VendiG(0.3),4.17,3,0.5473,0.0228
VendiG(0.3),4.18,1,0.543,0.0
VendiG(0.3),4.2,1,0.5428,0.0
VendiG(0.3),4.21,3,0.5467,0.0241
VendiG(0.3),4.22,1,0.542,0.0
VendiG(0.3),4.24,3,0.5465,0.0243
VendiG(0.3),4.27,2,0.5497,0.1029
VendiG(0.3),4.28,1,0.5416,0.0
VendiG(0.3),4.31,2,0.5409,0.0089
VendiG(0.3),4.35,1,0.541,0.0
VendiG(0.3),4.36,1,0.541,0.0
VendiG(0.5),1.18,1,0.6677,0.0
VendiG(0.5),1.19,1,0.6679,0.0
VendiG(0.5),1.23,1,0.6679,0.0
VendiG(0.5),1.25,3,0.6613,0.0236
VendiG(0.5),1.29,1,0.6681,0.0
VendiG(0.5),1.31,1,0.6688,0.0
VendiG(0.5),1.32,1,0.6688,0.0
VendiG(0.5),1.33,1,0.669,0.0
VendiG(0.5),1.35,3,0.6621,0.0244
VendiG(0.5),1.39,3,0.6627,0.0238
VendiG(0.5),1.4,3,0.6628,0.0238
VendiG(0.5),1.42,2,0.6685,0.0159
VendiG(0.5),1.43,2,0.6685,0.0159
VendiG(0.5),1.44,3,0.6631,0.0241
VendiG(0.5),1.45,3,0.6634,0.0241
VendiG(0.5),1.46,2,0.6615,0.1124
VendiG(0.5),1.47,3,0.6639,0.0232
VendiG(0.5),1.48,2,0.6626,0.1112
VendiG(0.5),1.51,1,0.6718,0.0
VendiG(0.5),1.52,3,0.6647,0.0229
VendiG(0.5),1.53,3,0.6652,0.0228
VendiG(0.5),1.56,3,0.6656,0.0217
VendiG(0.5),1.59,3,0.6657,0.022
VendiG(0.5),1.61,3,0.6658,0.0221
VendiG(0.5),1.62,3,0.6657,0.0227
VendiG(0.5),1.63,3,0.6662,0.0229
VendiG(0.5),1.64,3,0.6662,0.0222
VendiG(0.5),1.65,3,0.6664,0.0221
VendiG(0.5),1.66,3,0.667,0.0214
VendiG(0.5),1.67,2,0.6722,0.0324
VendiG(0.5),1.68,3,0.6679,0.0224
VendiG(0.5),1.69,3,0.6681,0.023
VendiG(0.5),1.7,3,0.6681,0.0245
VendiG(0.5),1.71,3,0.6679,0.0253
VendiG(0.5),1.72,2,0.6664,0.1188
VendiG(0.5),1.73,3,0.6682,0.0245
VendiG(0.5),1.74,3,0.6683,0.0243
VendiG(0.5),1.76,3,0.6683,0.0236
VendiG(0.5),1.77,3,0.6687,0.0232
VendiG(0.5),1.78,3,0.6687,0.0233
VendiG(0.5),1.79,3,0.669,0.0233
VendiG(0.5),1.8,3,0.6703,0.0254
VendiG(0.5),1.81,3,0.6705,0.0256
VendiG(0.5),1.82,3,0.6709,0.0252
VendiG(0.5),1.83,3,0.6709,0.0266
VendiG(0.5),1.84,2,0.6768,0.0324
VendiG(0.5),1.85,3,0.6711,0.0259
VendiG(0.5),1.86,3,0.671,0.0255
VendiG(0.5),1.87,3,0.6712,0.0256
VendiG(0.5),1.88,3,0.6714,0.0254
VendiG(0.5),1.89,3,0.6711,0.0259
VendiG(0.5),1.9,3,0.6717,0.0257
VendiG(0.5),1.91,3,0.672,0.0264
VendiG(0.5),1.92,3,0.6719,0.0267
VendiG(0.5),1.93,3,0.6718,0.0257
VendiG(0.5),1.94,3,0.6719,0.0254
VendiG(0.5),1.95,3,0.6719,0.0254
VendiG(0.5),1.96,3,0.6713,0.0249
VendiG(0.5),1.97,3,0.6714,0.025
VendiG(0.5),1.98,3,0.6718,0.0244
VendiG(0.5),1.99,3,0.6723,0.0235
VendiG(0.5),2.0,3,0.6727,0.0232
VendiG(0.5),2.01,3,0.6724,0.0241
VendiG(0.5),2.02,3,0.6725,0.0242
VendiG(0.5),2.03,3,0.6725,0.0251
VendiG(0.5),2.04,3,0.6728,0.0257
VendiG(0.5),2.05,3,0.6732,0.026
VendiG(0.5),2.06,3,0.6736,0.0247
VendiG(0.5),2.07,3,0.6736,0.0247
VendiG(0.5),2.08,3,0.6736,0.0243
VendiG(0.5),2.09,3,0.6736,0.0239
VendiG(0.5),2.1,3,0.6738,0.0228
VendiG(0.5),2.11,3,0.6739,0.0225
VendiG(0.5),2.12,3,0.674,0.0222
VendiG(0.5),2.13,3,0.6742,0.0225
VendiG(0.5),2.14,3,0.674,0.0222
VendiG(0.5),2.15,2,0.6727,0.1061
VendiG(0.5),2.16,3,0.6745,0.0212
VendiG(0.5),2.17,3,0.6746,0.0212
VendiG(0.5),2.18,3,0.6745,0.0206
VendiG(0.5),2.19,3,0.6746,0.0219
VendiG(0.5),2.2,3,0.6749,0.0218
VendiG(0.5),2.21,3,0.6752,0.0222
VendiG(0.5),2.22,3,0.6751,0.0231
VendiG(0.5),2.23,3,0.6756,0.0244
VendiG(0.5),2.24,2,0.6723,0.1048
VendiG(0.5),2.25,3,0.6754,0.0254
VendiG(0.5),2.26,3,0.6755,0.0247
VendiG(0.5),2.27,3,0.6751,0.0255
VendiG(0.5),2.28,3,0.6757,0.0257
VendiG(0.5),2.29,3,0.6753,0.0252
VendiG(0.5),2.3,3,0.6752,0.0253
VendiG(0.5),2.31,3,0.6758,0.0254
VendiG(0.5),2.32,3,0.6759,0.0254
VendiG(0.5),2.33,3,0.6758,0.0246
VendiG(0.5),2.34,3,0.6761,0.0252
VendiG(0.5),2.35,3,0.6762,0.0248
VendiG(0.5),2.36,3,0.6763,0.0254
VendiG(0.5),2.37,3,0.6765,0.0249
VendiG(0.5),2.38,3,0.6764,0.0248
VendiG(0.5),2.39,3,0.6762,0.0248
VendiG(0.5),2.4,3,0.6762,0.0258
VendiG(0.5),2.41,3,0.6757,0.0255
VendiG(0.5),2.42,3,0.6758,0.026
VendiG(0.5),2.43,3,0.6761,0.0257
VendiG(0.5),2.44,3,0.6761,0.0256
VendiG(0.5),2.45,3,0.6764,0.0256
VendiG(0.5),2.46,3,0.6772,0.0255
VendiG(0.5),2.47,3,0.6771,0.0253
VendiG(0.5),2.48,3,0.6775,0.0248
VendiG(0.5),2.49,3,0.6778,0.024
VendiG(0.5),2.5,3,0.678,0.0249
VendiG(0.5),2.51,3,0.678,0.0241
VendiG(0.5),2.52,3,0.6778,0.0239
VendiG(0.5),2.53,3,0.678,0.0245
VendiG(0.5),2.54,3,0.6776,0.0238
VendiG(0.5),2.55,3,0.6777,0.025
VendiG(0.5),2.56,3,0.6773,0.0252
VendiG(0.5),2.57,3,0.6778,0.025
VendiG(0.5),2.58,3,0.6775,0.0255
VendiG(0.5),2.59,3,0.6775,0.0256
VendiG(0.5),2.6,3,0.6771,0.0255
VendiG(0.5),2.61,3,0.6766,0.026
VendiG(0.5),2.62,3,0.6764,0.0269
VendiG(0.5),2.63,3,0.6759,0.0276
VendiG(0.5),2.64,3,0.676,0.0283
VendiG(0.5),2.65,3,0.6759,0.0291
VendiG(0.5),2.66,3,0.6755,0.0285
VendiG(0.5),2.67,3,0.6747,0.0277
VendiG(0.5),2.68,3,0.6746,0.0262
VendiG(0.5),2.69,3,0.6743,0.0253
VendiG(0.5),2.7,3,0.6742,0.0258
VendiG(0.5),2.71,3,0.6741,0.0262
VendiG(0.5),2.72,3,0.6739,0.0267
VendiG(0.5),2.73,3,0.6741,0.0268
VendiG(0.5),2.74,3,0.6732,0.0272
VendiG(0.5),2.75,3,0.6724,0.027
VendiG(0.5),2.76,3,0.6723,0.0281
VendiG(0.5),2.77,3,0.6727,0.0283
VendiG(0.5),2.78,3,0.673,0.0282
VendiG(0.5),2.79,3,0.6727,0.0305
VendiG(0.5),2.8,3,0.672,0.0311
VendiG(0.5),2.81,3,0.6715,0.0326
VendiG(0.5),2.82,3,0.6712,0.033
VendiG(0.5),2.83,3,0.6713,0.0316
VendiG(0.5),2.84,3,0.6709,0.0325
VendiG(0.5),2.85,3,0.6709,0.0318
VendiG(0.5),2.86,3,0.6709,0.0321
VendiG(0.5),2.87,3,0.6713,0.0319
VendiG(0.5),2.88,3,0.6709,0.0324
VendiG(0.5),2.89,3,0.6701,0.0341
VendiG(0.5),2.9,3,0.6697,0.0344
VendiG(0.5),2.91,3,0.6696,0.0357
VendiG(0.5),2.92,3,0.6696,0.0356
VendiG(0.5),2.93,3,0.6685,0.0349
VendiG(0.5),2.94,3,0.6681,0.0341
VendiG(0.5),2.95,3,0.668,0.033
VendiG(0.5),2.96,3,0.6679,0.0335
VendiG(0.5),2.97,3,0.6679,0.0345
VendiG(0.5),2.98,3,0.6678,0.0347
VendiG(0.5),2.99,3,0.667,0.0346
VendiG(0.5),3.0,3,0.6663,0.0349
VendiG(0.5),3.01,3,0.6666,0.0346
VendiG(0.5),3.02,3,0.6664,0.0361
VendiG(0.5),3.03,3,0.6663,0.0361
VendiG(0.5),3.04,3,0.6658,0.0373
VendiG(0.5),3.05,3,0.6645,0.0379
VendiG(0.5),3.06,3,0.664,0.0391
VendiG(0.5),3.07,3,0.6624,0.0398
VendiG(0.5),3.08,3,0.6618,0.04
VendiG(0.5),3.09,3,0.6612,0.0395
VendiG(0.5),3.1,3,0.6613,0.0409
VendiG(0.5),3.11,3,0.6607,0.0407
VendiG(0.5),3.12,3,0.66,0.0399
VendiG(0.5),3.13,3,0.6603,0.0389
VendiG(0.5),3.14,3,0.6601,0.0393
VendiG(0.5),3.15,3,0.6595,0.0383
VendiG(0.5),3.16,3,0.6591,0.038
VendiG(0.5),3.17,3,0.6586,0.038
VendiG(0.5),3.18,3,0.6579,0.0396
VendiG(0.5),3.19,3,0.6575,0.0408
VendiG(0.5),3.2,3,0.6574,0.0406
VendiG(0.5),3.21,3,0.6563,0.042
VendiG(0.5),3.22,3,0.6562,0.0424
VendiG(0.5),3.23,3,0.6553,0.043
VendiG(0.5),3.24,3,0.6551,0.0438
VendiG(0.5),3.25,3,0.6544,0.0432
VendiG(0.5),3.26,3,0.6536,0.0428
VendiG(0.5),3.27,3,0.6531,0.0441
VendiG(0.5),3.28,3,0.653,0.0451
VendiG(0.5),3.29,3,0.6523,0.0468
VendiG(0.5),3.3,3,0.6521,0.0461
VendiG(0.5),3.31,3,0.6524,0.0463
VendiG(0.5),3.32,3,0.6517,0.0475
VendiG(0.5),3.33,3,0.6508,0.0466
VendiG(0.5),3.34,3,0.6491,0.0459
VendiG(0.5),3.35,3,0.6481,0.0454
VendiG(0.5),3.36,3,0.6481,0.0462
VendiG(0.5),3.37,3,0.6476,0.0459
VendiG(0.5),3.38,3,0.6473,0.0463
VendiG(0.5),3.39,3,0.6463,0.0478
VendiG(0.5),3.4,3,0.6455,0.0494
VendiG(0.5),3.41,3,0.645,0.0487
VendiG(0.5),3.42,3,0.6446,0.0483
VendiG(0.5),3.43,3,0.6434,0.0482
VendiG(0.5),3.44,3,0.6427,0.0472
VendiG(0.5),3.45,3,0.642,0.0458
VendiG(0.5),3.46,3,0.6412,0.0453
VendiG(0.5),3.47,3,0.641,0.0461
VendiG(0.5),3.48,3,0.6406,0.0451
VendiG(0.5),3.49,3,0.64,0.0445
VendiG(0.5),3.5,3,0.639,0.0436
VendiG(0.5),3.51,3,0.638,0.0425
VendiG(0.5),3.52,3,0.6375,0.0433
VendiG(0.5),3.53,3,0.637,0.043
VendiG(0.5),3.54,3,0.6361,0.0456
VendiG(0.5),3.55,3,0.6357,0.0455
VendiG(0.5),3.56,3,0.6345,0.0446
VendiG(0.5),3.57,3,0.6336,0.0438
VendiG(0.5),3.58,3,0.6327,0.0455
VendiG(0.5),3.59,3,0.6317,0.0465
VendiG(0.5),3.6,3,0.6308,0.0458
VendiG(0.5),3.61,3,0.6301,0.0468
VendiG(0.5),3.62,3,0.6299,0.0464
VendiG(0.5),3.63,3,0.6297,0.0473
VendiG(0.5),3.64,3,0.6286,0.0477
VendiG(0.5),3.65,3,0.6283,0.0484
VendiG(0.5),3.66,3,0.6271,0.0468
VendiG(0.5),3.67,3,0.6266,0.0471
VendiG(0.5),3.68,3,0.626,0.0467
VendiG(0.5),3.69,3,0.6256,0.0458
VendiG(0.5),3.7,3,0.6251,0.0461
VendiG(0.5),3.71,3,0.6248,0.0461
VendiG(0.5),3.72,3,0.6242,0.0445
VendiG(0.5),3.73,3,0.624,0.0442
VendiG(0.5),3.74,3,0.6235,0.0446
VendiG(0.5),3.75,3,0.6232,0.0448
VendiG(0.5),3.76,3,0.6224,0.045
VendiG(0.5),3.77,3,0.6217,0.0439
VendiG(0.5),3.79,3,0.6213,0.0443
VendiG(0.5),3.8,3,0.6211,0.0439
VendiG(0.5),3.81,3,0.6211,0.0445
VendiG(0.5),3.82,3,0.6194,0.0441
VendiG(0.5),3.83,3,0.6193,0.0445
VendiG(0.5),3.84,3,0.6191,0.0441
VendiG(0.5),3.85,3,0.6189,0.0436
VendiG(0.5),3.86,3,0.6186,0.0442
VendiG(0.5),3.87,3,0.6186,0.0443
VendiG(0.5),3.88,3,0.6183,0.0436
VendiG(0.5),3.89,3,0.618,0.0436
VendiG(0.5),3.9,3,0.6179,0.0443
VendiG(0.5),3.91,3,0.6172,0.0433
VendiG(0.5),3.92,3,0.6171,0.0439
VendiG(0.5),3.93,3,0.6168,0.0446
VendiG(0.5),3.94,3,0.6162,0.0432
VendiG(0.5),3.95,3,0.6161,0.0431
VendiG(0.5),3.96,3,0.6157,0.044
VendiG(0.5),3.97,3,0.6156,0.0439
VendiG(0.5),3.99,3,0.6147,0.0453
VendiG(0.5),4.0,3,0.6142,0.0446
VendiG(0.5),4.01,3,0.6137,0.0449
VendiG(0.5),4.02,3,0.6135,0.0456
VendiG(0.5),4.03,3,0.6133,0.045
VendiG(0.5),4.04,3,0.6134,0.0449
VendiG(0.5),4.05,3,0.6132,0.0443
VendiG(0.5),4.06,2,0.6212,0.1423
VendiG(0.5),4.08,2,0.6202,0.1385
VendiG(0.5),4.09,3,0.6124,0.0428
VendiG(0.5),4.1,3,0.6122,0.0433
VendiG(0.5),4.11,2,0.6197,0.1398
VendiG(0.5),4.17,3,0.6116,0.0429
VendiG(0.5),4.18,1,0.6084,0.0
VendiG(0.5),4.2,1,0.6082,0.0
VendiG(0.5),4.21,3,0.611,0.0435
VendiG(0.5),4.22,1,0.6079,0.0
VendiG(0.5),4.24,3,0.611,0.0435
VendiG(0.5),4.27,2,0.6189,0.1398
VendiG(0.5),4.28,1,0.6079,0.0
VendiG(0.5),4.31,2,0.6016,0.08
VendiG(0.5),4.35,1,0.6079,0.0
VendiG(0.5),4.36,1,0.6079,0.0
VendiG(0.7),1.18,1,0.6677,0.0
VendiG(0.7),1.19,1,0.668,0.0
VendiG(0.7),1.23,1,0.6682,0.0
VendiG(0.7),1.25,3,0.6614,0.0238
VendiG(0.7),1.29,1,0.6684,0.0
VendiG(0.7),1.31,1,0.6691,0.0
VendiG(0.7),1.32,1,0.6691,0.0
VendiG(0.7),1.33,1,0.6693,0.0
VendiG(0.7),1.35,3,0.662,0.0253
VendiG(0.7),1.39,3,0.6624,0.0245
VendiG(0.7),1.4,3,0.6629,0.0243
VendiG(0.7),1.42,2,0.6686,0.021
VendiG(0.7),1.43,2,0.6688,0.0229
VendiG(0.7),1.44,3,0.6632,0.0245
VendiG(0.7),1.45,3,0.6635,0.0246
VendiG(0.7),1.46,2,0.6619,0.1163
VendiG(0.7),1.47,3,0.6642,0.0233
VendiG(0.7),1.48,2,0.6636,0.1118
VendiG(0.7),1.51,1,0.6726,0.0
VendiG(0.7),1.52,3,0.6653,0.022
VendiG(0.7),1.53,3,0.6661,0.022
VendiG(0.7),1.56,3,0.6668,0.0194
VendiG(0.7),1.59,3,0.667,0.0198
VendiG(0.7),1.61,3,0.6672,0.0195
VendiG(0.7),1.62,3,0.6674,0.0195
VendiG(0.7),1.63,3,0.6678,0.0199
VendiG(0.7),1.64,3,0.6682,0.0196
VendiG(0.7),1.65,3,0.6684,0.0192
VendiG(0.7),1.66,3,0.6689,0.0189
VendiG(0.7),1.67,2,0.6734,0.0388
VendiG(0.7),1.68,3,0.6699,0.0197
VendiG(0.7),1.69,3,0.6701,0.02
VendiG(0.7),1.7,3,0.6699,0.0218
VendiG(0.7),1.71,3,0.67,0.0218
VendiG(0.7),1.72,2,0.6695,0.1061
VendiG(0.7),1.73,3,0.6705,0.0216
VendiG(0.7),1.74,3,0.6706,0.0219
VendiG(0.7),1.76,3,0.6709,0.0209
VendiG(0.7),1.77,3,0.6713,0.0206
VendiG(0.7),1.78,3,0.6716,0.0207
VendiG(0.7),1.79,3,0.672,0.021
VendiG(0.7),1.8,3,0.6732,0.0226
VendiG(0.7),1.81,3,0.6737,0.0226
VendiG(0.7),1.82,3,0.6744,0.0224
VendiG(0.7),1.83,3,0.6747,0.0227
VendiG(0.7),1.84,2,0.6794,0.047
VendiG(0.7),1.85,3,0.6748,0.0223
VendiG(0.7),1.86,3,0.6751,0.022
VendiG(0.7),1.87,3,0.6753,0.0222
VendiG(0.7),1.88,3,0.6756,0.0223
VendiG(0.7),1.89,3,0.6754,0.0236
VendiG(0.7),1.9,3,0.6762,0.0231
VendiG(0.7),1.91,3,0.6765,0.0231
VendiG(0.7),1.92,3,0.6769,0.0237
VendiG(0.7),1.93,3,0.677,0.0229
VendiG(0.7),1.94,3,0.6775,0.0235
VendiG(0.7),1.95,3,0.6777,0.0237
VendiG(0.7),1.96,3,0.6776,0.0231
VendiG(0.7),1.97,3,0.6779,0.0224
VendiG(0.7),1.98,3,0.6784,0.0217
VendiG(0.7),1.99,3,0.6789,0.0214
VendiG(0.7),2.0,3,0.6793,0.0212
VendiG(0.7),2.01,3,0.6794,0.0215
VendiG(0.7),2.02,3,0.6798,0.0213
VendiG(0.7),2.03,3,0.6802,0.0222
VendiG(0.7),2.04,3,0.6808,0.0222
VendiG(0.7),2.05,3,0.6812,0.0225
VendiG(0.7),2.06,3,0.6817,0.0215
VendiG(0.7),2.07,3,0.682,0.021
VendiG(0.7),2.08,3,0.6821,0.021
VendiG(0.7),2.09,3,0.6829,0.0203
VendiG(0.7),2.1,3,0.6832,0.0194
VendiG(0.7),2.11,3,0.6834,0.0186
VendiG(0.7),2.12,3,0.684,0.0194
VendiG(0.7),2.13,3,0.6844,0.0195
VendiG(0.7),2.14,3,0.6845,0.0191
VendiG(0.7),2.15,2,0.6849,0.0997
VendiG(0.7),2.16,3,0.685,0.0191
VendiG(0.7),2.17,3,0.6852,0.0184
VendiG(0.7),2.18,3,0.6853,0.0175
VendiG(0.7),2.19,3,0.6859,0.0179
VendiG(0.7),2.2,3,0.6866,0.0178
VendiG(0.7),2.21,3,0.6871,0.0183
VendiG(0.7),2.22,3,0.6874,0.0189
VendiG(0.7),2.23,3,0.6879,0.0197
VendiG(0.7),2.24,2,0.6867,0.0947
VendiG(0.7),2.25,3,0.6884,0.0197
VendiG(0.7),2.26,3,0.6887,0.0196
VendiG(0.7),2.27,3,0.6884,0.0204
VendiG(0.7),2.28,3,0.6889,0.0213
VendiG(0.7),2.29,3,0.6894,0.021
VendiG(0.7),2.3,3,0.6895,0.0212
VendiG(0.7),2.31,3,0.6904,0.0212
VendiG(0.7),2.32,3,0.6908,0.0209
VendiG(0.7),2.33,3,0.6908,0.0204
VendiG(0.7),2.34,3,0.6912,0.0207
VendiG(0.7),2.35,3,0.6914,0.0205
VendiG(0.7),2.36,3,0.6921,0.0205
VendiG(0.7),2.37,3,0.6926,0.0197
VendiG(0.7),2.38,3,0.693,0.0192
VendiG(0.7),2.39,3,0.6937,0.0181
VendiG(0.7),2.4,3,0.6941,0.0188
VendiG(0.7),2.41,3,0.6946,0.0193
VendiG(0.7),2.42,3,0.695,0.0203
VendiG(0.7),2.43,3,0.6955,0.0203
VendiG(0.7),2.44,3,0.6953,0.0207
VendiG(0.7),2.45,3,0.6959,0.0205
VendiG(0.7),2.46,3,0.6971,0.02
VendiG(0.7),2.47,3,0.6968,0.0202
VendiG(0.7),2.48,3,0.6974,0.0199
VendiG(0.7),2.49,3,0.6978,0.0195
VendiG(0.7),2.5,3,0.698,0.0194
VendiG(0.7),2.51,3,0.6982,0.0191
VendiG(0.7),2.52,3,0.6988,0.0181
VendiG(0.7),2.53,3,0.699,0.0177
VendiG(0.7),2.54,3,0.6995,0.0177
VendiG(0.7),2.55,3,0.7004,0.0195
VendiG(0.7),2.56,3,0.7004,0.0199
VendiG(0.7),2.57,3,0.7014,0.0209
VendiG(0.7),2.58,3,0.7018,0.021
VendiG(0.7),2.59,3,0.7018,0.0212
VendiG(0.7),2.6,3,0.7019,0.0207
VendiG(0.7),2.61,3,0.7023,0.0209
VendiG(0.7),2.62,3,0.7024,0.021
VendiG(0.7),2.63,3,0.7028,0.0214
VendiG(0.7),2.64,3,0.7031,0.0218
VendiG(0.7),2.65,3,0.7035,0.023
VendiG(0.7),2.66,3,0.7034,0.0228
VendiG(0.7),2.67,3,0.7033,0.022
VendiG(0.7),2.68,3,0.7037,0.0212
VendiG(0.7),2.69,3,0.704,0.0209
VendiG(0.7),2.7,3,0.7044,0.0207
VendiG(0.7),2.71,3,0.7046,0.0204
VendiG(0.7),2.72,3,0.7047,0.0199
VendiG(0.7),2.73,3,0.7052,0.0189
VendiG(0.7),2.74,3,0.7049,0.0193
VendiG(0.7),2.75,3,0.705,0.0188
VendiG(0.7),2.76,3,0.7057,0.0184
VendiG(0.7),2.77,3,0.7066,0.0172
VendiG(0.7),2.78,3,0.7077,0.0177
VendiG(0.7),2.79,3,0.7081,0.0185
VendiG(0.7),2.8,3,0.7082,0.0185
VendiG(0.7),2.81,3,0.7081,0.0197
VendiG(0.7),2.82,3,0.7084,0.0208
VendiG(0.7),2.83,3,0.7088,0.0201
VendiG(0.7),2.84,3,0.7085,0.0211
VendiG(0.7),2.85,3,0.7088,0.0199
VendiG(0.7),2.86,3,0.7095,0.0186
VendiG(0.7),2.87,3,0.7101,0.0192
VendiG(0.7),2.88,3,0.7101,0.02
VendiG(0.7),2.89,3,0.7099,0.0196
VendiG(0.7),2.9,3,0.7098,0.0194
VendiG(0.7),2.91,3,0.7099,0.0197
VendiG(0.7),2.92,3,0.7103,0.019
VendiG(0.7),2.93,3,0.7101,0.0173
VendiG(0.7),2.94,3,0.7103,0.017
VendiG(0.7),2.95,3,0.7104,0.0171
VendiG(0.7),2.96,3,0.7108,0.0177
VendiG(0.7),2.97,3,0.7111,0.0174
VendiG(0.7),2.98,3,0.7112,0.0175
VendiG(0.7),2.99,3,0.7112,0.0179
VendiG(0.7),3.0,3,0.7109,0.0174
VendiG(0.7),3.01,3,0.7114,0.0174
VendiG(0.7),3.02,3,0.7116,0.0172
VendiG(0.7),3.03,3,0.7115,0.017
VendiG(0.7),3.04,3,0.7113,0.0179
VendiG(0.7),3.05,3,0.7113,0.017
VendiG(0.7),3.06,3,0.7111,0.0175
VendiG(0.7),3.07,3,0.7108,0.017
VendiG(0.7),3.08,3,0.7104,0.0175
VendiG(0.7),3.09,3,0.7105,0.0171
VendiG(0.7),3.1,3,0.7112,0.0186
VendiG(0.7),3.11,3,0.7113,0.0191
VendiG(0.7),3.12,3,0.7112,0.0181
VendiG(0.7),3.13,3,0.7118,0.0171
VendiG(0.7),3.14,3,0.712,0.0162
VendiG(0.7),3.15,3,0.7117,0.0162
VendiG(0.7),3.16,3,0.7116,0.0154
VendiG(0.7),3.17,3,0.7112,0.0146
VendiG(0.7),3.18,3,0.7111,0.0154
VendiG(0.7),3.19,3,0.7109,0.0149
VendiG(0.7),3.2,3,0.7108,0.0151
VendiG(0.7),3.21,3,0.7104,0.0155
VendiG(0.7),3.22,3,0.7106,0.0148
VendiG(0.7),3.23,3,0.7105,0.0157
VendiG(0.7),3.24,3,0.7106,0.0158
VendiG(0.7),3.25,3,0.7103,0.0153
VendiG(0.7),3.26,3,0.7101,0.0154
VendiG(0.7),3.27,3,0.7101,0.0152
VendiG(0.7),3.28,3,0.71,0.0161
VendiG(0.7),3.29,3,0.7098,0.0161
VendiG(0.7),3.3,3,0.7099,0.0161
VendiG(0.7),3.31,3,0.7103,0.0154
VendiG(0.7),3.32,3,0.7102,0.0159
VendiG(0.7),3.33,3,0.7097,0.0156
VendiG(0.7),3.34,3,0.7093,0.0159
VendiG(0.7),3.35,3,0.7092,0.0158
VendiG(0.7),3.36,3,0.7092,0.0168
VendiG(0.7),3.37,3,0.7093,0.0161
VendiG(0.7),3.38,3,0.7092,0.0161
VendiG(0.7),3.39,3,0.7084,0.017
VendiG(0.7),3.4,3,0.7082,0.0175
VendiG(0.7),3.41,3,0.7081,0.0175
VendiG(0.7),3.42,3,0.7082,0.0183
VendiG(0.7),3.43,3,0.7074,0.0199
VendiG(0.7),3.44,3,0.707,0.019
VendiG(0.7),3.45,3,0.707,0.0185
VendiG(0.7),3.46,3,0.7069,0.0187
VendiG(0.7),3.47,3,0.7069,0.019
VendiG(0.7),3.48,3,0.7067,0.0184
VendiG(0.7),3.49,3,0.7067,0.0196
VendiG(0.7),3.5,3,0.706,0.0191
VendiG(0.7),3.51,3,0.7061,0.0189
VendiG(0.7),3.52,3,0.7059,0.0196
VendiG(0.7),3.53,3,0.7054,0.02
VendiG(0.7),3.54,3,0.7056,0.0202
VendiG(0.7),3.55,3,0.7054,0.0207
VendiG(0.7),3.56,3,0.7052,0.0209
VendiG(0.7),3.57,3,0.7049,0.0207
VendiG(0.7),3.58,3,0.7044,0.0213
VendiG(0.7),3.59,3,0.7037,0.0215
VendiG(0.7),3.6,3,0.7034,0.0221
VendiG(0.7),3.61,3,0.7029,0.0223
VendiG(0.7),3.62,3,0.7027,0.0223
VendiG(0.7),3.63,3,0.7028,0.0226
VendiG(0.7),3.64,3,0.7027,0.0228
VendiG(0.7),3.65,3,0.7027,0.0225
VendiG(0.7),3.66,3,0.702,0.0221
VendiG(0.7),3.67,3,0.7018,0.0226
VendiG(0.7),3.68,3,0.7017,0.0231
VendiG(0.7),3.69,3,0.7016,0.0226
VendiG(0.7),3.7,3,0.7013,0.0232
VendiG(0.7),3.71,3,0.701,0.0234
VendiG(0.7),3.72,3,0.7006,0.0228
VendiG(0.7),3.73,3,0.7007,0.0227
VendiG(0.7),3.74,3,0.7005,0.023
VendiG(0.7),3.75,3,0.7005,0.0232
VendiG(0.7),3.76,3,0.7004,0.0236
VendiG(0.7),3.77,3,0.7002,0.0241
VendiG(0.7),3.79,3,0.6998,0.025
VendiG(0.7),3.8,3,0.6996,0.0248
VendiG(0.7),3.81,3,0.6996,0.0248
VendiG(0.7),3.82,3,0.6993,0.0251
VendiG(0.7),3.83,3,0.6991,0.0254
VendiG(0.7),3.84,3,0.6989,0.0249
VendiG(0.7),3.85,3,0.6988,0.0247
VendiG(0.7),3.86,3,0.6986,0.0254
VendiG(0.7),3.87,3,0.6986,0.0252
VendiG(0.7),3.88,3,0.6985,0.0244
VendiG(0.7),3.89,3,0.6985,0.0247
VendiG(0.7),3.9,3,0.6985,0.0245
VendiG(0.7),3.91,3,0.6983,0.0243
VendiG(0.7),3.92,3,0.6982,0.0244
VendiG(0.7),3.93,3,0.698,0.0252
VendiG(0.7),3.94,3,0.6979,0.025
VendiG(0.7),3.95,3,0.6979,0.025
VendiG(0.7),3.96,3,0.6978,0.0249
VendiG(0.7),3.97,3,0.6977,0.0249
VendiG(0.7),3.99,3,0.6972,0.026
VendiG(0.7),4.0,3,0.6967,0.025
VendiG(0.7),4.01,3,0.6963,0.0255
VendiG(0.7),4.02,3,0.6963,0.0255
VendiG(0.7),4.03,3,0.6963,0.0255
VendiG(0.7),4.04,3,0.6963,0.0255
VendiG(0.7),4.05,3,0.6961,0.025
VendiG(0.7),4.06,2,0.702,0.0032
VendiG(0.7),4.08,2,0.7012,0.0025
VendiG(0.7),4.09,3,0.6956,0.024
VendiG(0.7),4.1,3,0.6954,0.0244
VendiG(0.7),4.11,2,0.701,0.0025
VendiG(0.7),4.17,3,0.6952,0.0246
VendiG(0.7),4.18,1,0.7009,0.0
VendiG(0.7),4.2,1,0.7009,0.0
VendiG(0.7),4.21,3,0.695,0.0252
VendiG(0.7),4.22,1,0.7007,0.0
VendiG(0.7),4.24,3,0.695,0.0252
VendiG(0.7),4.27,2,0.7008,0.0019
VendiG(0.7),4.28,1,0.7007,0.0
VendiG(0.7),4.31,2,0.692,0.1105
VendiG(0.7),4.35,1,0.7007,0.0
VendiG(0.7),4.36,1,0.7007,0.0
VendiG(0.9),1.18,1,0.6677,0.0
VendiG(0.9),1.19,1,0.6682,0.0
VendiG(0.9),1.23,1,0.6683,0.0
VendiG(0.9),1.25,3,0.6614,0.0239
VendiG(0.9),1.29,1,0.6686,0.0
VendiG(0.9),1.31,1,0.6696,0.0
VendiG(0.9),1.32,1,0.6696,0.0
VendiG(0.9),1.33,1,0.6698,0.0
VendiG(0.9),1.35,3,0.662,0.0255
VendiG(0.9),1.39,3,0.662,0.0255
VendiG(0.9),1.4,3,0.6624,0.025
VendiG(0.9),1.42,2,0.6682,0.0305
VendiG(0.9),1.43,2,0.6682,0.0305
VendiG(0.9),1.44,3,0.6626,0.0247
VendiG(0.9),1.45,3,0.6626,0.0247
VendiG(0.9),1.46,2,0.661,0.1213
VendiG(0.9),1.47,3,0.6629,0.0242
VendiG(0.9),1.48,2,0.6623,0.1201
VendiG(0.9),1.51,1,0.6718,0.0
VendiG(0.9),1.52,3,0.6638,0.0239
VendiG(0.9),1.53,3,0.6642,0.0237
VendiG(0.9),1.56,3,0.6645,0.0227
VendiG(0.9),1.59,3,0.6645,0.023
VendiG(0.9),1.61,3,0.6648,0.0222
VendiG(0.9),1.62,3,0.665,0.0227
VendiG(0.9),1.63,3,0.6651,0.0228
VendiG(0.9),1.64,3,0.6652,0.0229
VendiG(0.9),1.65,3,0.6652,0.0229
VendiG(0.9),1.66,3,0.6654,0.0229
VendiG(0.9),1.67,2,0.6707,0.0464
VendiG(0.9),1.68,3,0.666,0.0233
VendiG(0.9),1.69,3,0.6662,0.0236
VendiG(0.9),1.7,3,0.6663,0.0237
VendiG(0.9),1.71,3,0.6663,0.0235
VendiG(0.9),1.72,2,0.6659,0.1169
VendiG(0.9),1.73,3,0.6666,0.023
VendiG(0.9),1.74,3,0.6666,0.0233
VendiG(0.9),1.76,3,0.6669,0.0223
VendiG(0.9),1.77,3,0.667,0.0222
VendiG(0.9),1.78,3,0.6672,0.0223
VendiG(0.9),1.79,3,0.6673,0.0223
VendiG(0.9),1.8,3,0.6677,0.0221
VendiG(0.9),1.81,3,0.6681,0.0226
VendiG(0.9),1.82,3,0.6685,0.0226
VendiG(0.9),1.83,3,0.6687,0.0227
VendiG(0.9),1.84,2,0.6734,0.0502
VendiG(0.9),1.85,3,0.669,0.0222
VendiG(0.9),1.86,3,0.6692,0.0218
VendiG(0.9),1.87,3,0.6693,0.0222
VendiG(0.9),1.88,3,0.6695,0.0224
VendiG(0.9),1.89,3,0.6696,0.023
VendiG(0.9),1.9,3,0.6703,0.0229
VendiG(0.9),1.91,3,0.6704,0.0231
VendiG(0.9),1.92,3,0.6706,0.0235
VendiG(0.9),1.93,3,0.6707,0.0231
VendiG(0.9),1.94,3,0.6713,0.0235
VendiG(0.9),1.95,3,0.6713,0.0238
VendiG(0.9),1.96,3,0.6714,0.0236
VendiG(0.9),1.97,3,0.6717,0.023
VendiG(0.9),1.98,3,0.672,0.0232
VendiG(0.9),1.99,3,0.6722,0.0231
VendiG(0.9),2.0,3,0.6724,0.0231
VendiG(0.9),2.01,3,0.6728,0.023
VendiG(0.9),2.02,3,0.6729,0.023
VendiG(0.9),2.03,3,0.6732,0.0235
VendiG(0.9),2.04,3,0.6735,0.0234
VendiG(0.9),2.05,3,0.6738,0.0235
VendiG(0.9),2.06,3,0.6741,0.0232
VendiG(0.9),2.07,3,0.6743,0.0232
VendiG(0.9),2.08,3,0.6747,0.0231
VendiG(0.9),2.09,3,0.6753,0.0231
VendiG(0.9),2.1,3,0.6758,0.0223
VendiG(0.9),2.11,3,0.6763,0.0219
VendiG(0.9),2.12,3,0.6765,0.0215
VendiG(0.9),2.13,3,0.6766,0.022
VendiG(0.9),2.14,3,0.6766,0.022
VendiG(0.9),2.15,2,0.6774,0.1093
VendiG(0.9),2.16,3,0.677,0.0214
VendiG(0.9),2.17,3,0.6775,0.0214
VendiG(0.9),2.18,3,0.6777,0.0214
VendiG(0.9),2.19,3,0.6781,0.0214
VendiG(0.9),2.2,3,0.6786,0.0208
VendiG(0.9),2.21,3,0.6791,0.0216
VendiG(0.9),2.22,3,0.6792,0.0217
VendiG(0.9),2.23,3,0.6797,0.0218
VendiG(0.9),2.24,2,0.6793,0.1086
VendiG(0.9),2.25,3,0.6801,0.0217
VendiG(0.9),2.26,3,0.6805,0.023
VendiG(0.9),2.27,3,0.6806,0.0232
VendiG(0.9),2.28,3,0.6811,0.0238
VendiG(0.9),2.29,3,0.6814,0.0241
VendiG(0.9),2.3,3,0.6816,0.0239
VendiG(0.9),2.31,3,0.6822,0.0248
VendiG(0.9),2.32,3,0.6827,0.0246
VendiG(0.9),2.33,3,0.6828,0.0241
VendiG(0.9),2.34,3,0.6832,0.024
VendiG(0.9),2.35,3,0.6835,0.0234
VendiG(0.9),2.36,3,0.6838,0.0235
VendiG(0.9),2.37,3,0.6838,0.0233
VendiG(0.9),2.38,3,0.684,0.0232
VendiG(0.9),2.39,3,0.6844,0.0227
VendiG(0.9),2.4,3,0.6847,0.0226
VendiG(0.9),2.41,3,0.685,0.023
VendiG(0.9),2.42,3,0.6856,0.0238
VendiG(0.9),2.43,3,0.6861,0.0242
VendiG(0.9),2.44,3,0.6861,0.0242
VendiG(0.9),2.45,3,0.6866,0.0243
VendiG(0.9),2.46,3,0.6873,0.0245
VendiG(0.9),2.47,3,0.6873,0.0245
VendiG(0.9),2.48,3,0.6877,0.0239
VendiG(0.9),2.49,3,0.6879,0.0243
VendiG(0.9),2.5,3,0.688,0.0244
VendiG(0.9),2.51,3,0.6882,0.0242
VendiG(0.9),2.52,3,0.6892,0.0239
VendiG(0.9),2.53,3,0.6893,0.0232
VendiG(0.9),2.54,3,0.6898,0.0232
VendiG(0.9),2.55,3,0.6906,0.0241
VendiG(0.9),2.56,3,0.6909,0.0244
VendiG(0.9),2.57,3,0.6912,0.0245
VendiG(0.9),2.58,3,0.6915,0.0251
VendiG(0.9),2.59,3,0.6917,0.025
VendiG(0.9),2.6,3,0.692,0.0246
VendiG(0.9),2.61,3,0.6926,0.0257
VendiG(0.9),2.62,3,0.6928,0.0257
VendiG(0.9),2.63,3,0.6933,0.0258
VendiG(0.9),2.64,3,0.6935,0.0259
VendiG(0.9),2.65,3,0.6939,0.0267
VendiG(0.9),2.66,3,0.694,0.0267
VendiG(0.9),2.67,3,0.6941,0.0262
VendiG(0.9),2.68,3,0.6945,0.0255
VendiG(0.9),2.69,3,0.6946,0.0257
VendiG(0.9),2.7,3,0.6948,0.0257
VendiG(0.9),2.71,3,0.6951,0.0257
VendiG(0.9),2.72,3,0.6953,0.0258
VendiG(0.9),2.73,3,0.6952,0.0255
VendiG(0.9),2.74,3,0.6953,0.0251
VendiG(0.9),2.75,3,0.6956,0.0241
VendiG(0.9),2.76,3,0.6962,0.0239
VendiG(0.9),2.77,3,0.6969,0.0226
VendiG(0.9),2.78,3,0.6976,0.0236
VendiG(0.9),2.79,3,0.6979,0.0237
VendiG(0.9),2.8,3,0.6979,0.0236
VendiG(0.9),2.81,3,0.6978,0.0247
VendiG(0.9),2.82,3,0.698,0.0247
VendiG(0.9),2.83,3,0.6983,0.0245
VendiG(0.9),2.84,3,0.6985,0.0239
VendiG(0.9),2.85,3,0.6988,0.0235
VendiG(0.9),2.86,3,0.6992,0.0234
VendiG(0.9),2.87,3,0.6995,0.0237
VendiG(0.9),2.88,3,0.6997,0.0239
VendiG(0.9),2.89,3,0.6997,0.0233
VendiG(0.9),2.9,3,0.6999,0.0231
VendiG(0.9),2.91,3,0.7001,0.0228
VendiG(0.9),2.92,3,0.7004,0.0223
VendiG(0.9),2.93,3,0.7007,0.0219
VendiG(0.9),2.94,3,0.7007,0.0219
VendiG(0.9),2.95,3,0.701,0.0222
VendiG(0.9),2.96,3,0.7015,0.023
VendiG(0.9),2.97,3,0.7019,0.023
VendiG(0.9),2.98,3,0.702,0.0233
VendiG(0.9),2.99,3,0.7021,0.0236
VendiG(0.9),3.0,3,0.7025,0.0237
VendiG(0.9),3.01,3,0.7029,0.0234
VendiG(0.9),3.02,3,0.7034,0.0235
VendiG(0.9),3.03,3,0.7034,0.0232
VendiG(0.9),3.04,3,0.7034,0.0229
VendiG(0.9),3.05,3,0.7038,0.0229
VendiG(0.9),3.06,3,0.7039,0.0226
VendiG(0.9),3.07,3,0.7038,0.0224
VendiG(0.9),3.08,3,0.7039,0.0224
VendiG(0.9),3.09,3,0.704,0.0221
VendiG(0.9),3.1,3,0.7044,0.0229
VendiG(0.9),3.11,3,0.7046,0.0225
VendiG(0.9),3.12,3,0.7046,0.0224
VendiG(0.9),3.13,3,0.7053,0.0224
VendiG(0.9),3.14,3,0.7056,0.0217
VendiG(0.9),3.15,3,0.7056,0.0223
VendiG(0.9),3.16,3,0.7059,0.0227
VendiG(0.9),3.17,3,0.7058,0.0224
VendiG(0.9),3.18,3,0.7059,0.0225
VendiG(0.9),3.19,3,0.7058,0.0223
VendiG(0.9),3.2,3,0.706,0.0226
VendiG(0.9),3.21,3,0.706,0.0225
VendiG(0.9),3.22,3,0.7061,0.0227
VendiG(0.9),3.23,3,0.7062,0.023
VendiG(0.9),3.24,3,0.7063,0.0231
VendiG(0.9),3.25,3,0.7061,0.0231
VendiG(0.9),3.26,3,0.7062,0.0233
VendiG(0.9),3.27,3,0.7063,0.0235
VendiG(0.9),3.28,3,0.7064,0.0236
VendiG(0.9),3.29,3,0.7064,0.0236
VendiG(0.9),3.3,3,0.7064,0.0235
VendiG(0.9),3.31,3,0.7066,0.0239
VendiG(0.9),3.32,3,0.7067,0.0243
VendiG(0.9),3.33,3,0.7068,0.0239
VendiG(0.9),3.34,3,0.7066,0.0243
VendiG(0.9),3.35,3,0.7066,0.0246
VendiG(0.9),3.36,3,0.7068,0.0254
VendiG(0.9),3.37,3,0.7069,0.0253
VendiG(0.9),3.38,3,0.7069,0.0253
VendiG(0.9),3.39,3,0.7067,0.0254
VendiG(0.9),3.4,3,0.7069,0.0262
VendiG(0.9),3.41,3,0.7069,0.0262
VendiG(0.9),3.42,3,0.7066,0.0256
VendiG(0.9),3.43,3,0.7065,0.0253
VendiG(0.9),3.44,3,0.7065,0.0253
VendiG(0.9),3.45,3,0.7068,0.0255
VendiG(0.9),3.46,3,0.7068,0.0252
VendiG(0.9),3.47,3,0.7068,0.0249
VendiG(0.9),3.48,3,0.7068,0.0251
VendiG(0.9),3.49,3,0.7068,0.0266
VendiG(0.9),3.5,3,0.7068,0.0266
VendiG(0.9),3.51,3,0.707,0.0265
VendiG(0.9),3.52,3,0.7071,0.0264
VendiG(0.9),3.53,3,0.707,0.0264
VendiG(0.9),3.54,3,0.7071,0.0262
VendiG(0.9),3.55,3,0.7071,0.0262
VendiG(0.9),3.56,3,0.707,0.0264
VendiG(0.9),3.57,3,0.7069,0.0261
VendiG(0.9),3.58,3,0.7072,0.027
VendiG(0.9),3.59,3,0.7071,0.0268
VendiG(0.9),3.6,3,0.7073,0.0271
VendiG(0.9),3.61,3,0.7072,0.0267
VendiG(0.9),3.62,3,0.7073,0.0269
VendiG(0.9),3.63,3,0.7074,0.0271
VendiG(0.9),3.64,3,0.7074,0.027
VendiG(0.9),3.65,3,0.7077,0.0272
VendiG(0.9),3.66,3,0.7073,0.0268
VendiG(0.9),3.67,3,0.7074,0.0271
VendiG(0.9),3.68,3,0.7075,0.027
VendiG(0.9),3.69,3,0.7074,0.0271
VendiG(0.9),3.7,3,0.7075,0.0273
VendiG(0.9),3.71,3,0.7073,0.027
VendiG(0.9),3.72,3,0.7071,0.0273
VendiG(0.9),3.73,3,0.7072,0.0271
VendiG(0.9),3.74,3,0.7072,0.0269
VendiG(0.9),3.75,3,0.7071,0.0268
VendiG(0.9),3.76,3,0.707,0.0271
VendiG(0.9),3.77,3,0.707,0.0271
VendiG(0.9),3.79,3,0.7067,0.0277
VendiG(0.9),3.8,3,0.7066,0.028
VendiG(0.9),3.81,3,0.7066,0.028
VendiG(0.9),3.82,3,0.7065,0.0283
VendiG(0.9),3.83,3,0.7063,0.0287
VendiG(0.9),3.84,3,0.7063,0.0287
VendiG(0.9),3.85,3,0.7063,0.0287
VendiG(0.9),3.86,3,0.7063,0.0287
VendiG(0.9),3.87,3,0.7064,0.0287
VendiG(0.9),3.88,3,0.7065,0.0284
VendiG(0.9),3.89,3,0.7064,0.0287
VendiG(0.9),3.9,3,0.7064,0.0287
VendiG(0.9),3.91,3,0.7064,0.0288
VendiG(0.9),3.92,3,0.7064,0.0288
VendiG(0.9),3.93,3,0.7064,0.0288
VendiG(0.9),3.94,3,0.7063,0.0286
VendiG(0.9),3.95,3,0.7063,0.0286
VendiG(0.9),3.96,3,0.7062,0.0284
VendiG(0.9),3.97,3,0.7062,0.0284
VendiG(0.9),3.99,3,0.7062,0.0284
VendiG(0.9),4.0,3,0.7062,0.0284
VendiG(0.9),4.01,3,0.706,0.0284
VendiG(0.9),4.02,3,0.706,0.0284
VendiG(0.9),4.03,3,0.706,0.0284
VendiG(0.9),4.04,3,0.706,0.0284
VendiG(0.9),4.05,3,0.7058,0.0283
VendiG(0.9),4.06,2,0.712,0.0483
VendiG(0.9),4.08,2,0.712,0.0483
VendiG(0.9),4.09,3,0.7058,0.0283
VendiG(0.9),4.1,3,0.7058,0.0283
VendiG(0.9),4.11,2,0.712,0.0483
VendiG(0.9),4.17,3,0.7058,0.0283
VendiG(0.9),4.18,1,0.7158,0.0
VendiG(0.9),4.2,1,0.7158,0.0
VendiG(0.9),4.21,3,0.7057,0.029
VendiG(0.9),4.22,1,0.7158,0.0
VendiG(0.9),4.24,3,0.7057,0.029
VendiG(0.9),4.27,2,0.7121,0.0476
VendiG(0.9),4.28,1,0.7158,0.0
VendiG(0.9),4.31,2,0.7044,0.1455
VendiG(0.9),4.35,1,0.7158,0.0
VendiG(0.9),4.36,1,0.7158,0.0
RNG(-2),1.18,1,0.6677,0.0
RNG(-2),1.19,1,0.6677,0.0
RNG(-2),1.23,1,0.6677,0.0
RNG(-2),1.25,3,0.6612,0.0234
RNG(-2),1.29,1,0.6677,0.0
RNG(-2),1.31,1,0.6677,0.0
RNG(-2),1.32,1,0.6677,0.0
RNG(-2),1.33,1,0.6677,0.0
RNG(-2),1.35,3,0.6612,0.0234
RNG(-2),1.39,3,0.6612,0.0234
RNG(-2),1.4,3,0.6612,0.0234
RNG(-2),1.42,2,0.6666,0.014
RNG(-2),1.43,2,0.6666,0.014
RNG(-2),1.44,3,0.6612,0.0234
RNG(-2),1.45,3,0.6612,0.0234
RNG(-2),1.46,2,0.659,0.1099
RNG(-2),1.47,3,0.6612,0.0234
RNG(-2),1.48,2,0.659,0.1099
RNG(-2),1.51,1,0.6677,0.0
RNG(-2),1.52,3,0.6612,0.0234
RNG(-2),1.53,3,0.6612,0.0234
RNG(-2),1.56,3,0.6612,0.0234
RNG(-2),1.59,3,0.6612,0.0234
RNG(-2),1.61,3,0.6612,0.0234
RNG(-2),1.62,3,0.6612,0.0234
RNG(-2),1.63,3,0.6612,0.0234
RNG(-2),1.64,3,0.6612,0.0234
RNG(-2),1.65,3,0.6612,0.0234
RNG(-2),1.66,3,0.6612,0.0234
RNG(-2),1.67,2,0.6666,0.014
RNG(-2),1.68,3,0.6612,0.0234
RNG(-2),1.69,3,0.6612,0.0234
RNG(-2),1.7,3,0.6612,0.0234
RNG(-2),1.71,3,0.6612,0.0234
RNG(-2),1.72,2,0.659,0.1099
RNG(-2),1.73,3,0.6612,0.0234
RNG(-2),1.74,3,0.6612,0.0234
RNG(-2),1.76,3,0.6612,0.0234
RNG(-2),1.77,3,0.6612,0.0234
RNG(-2),1.78,3,0.6612,0.0234
RNG(-2),1.79,3,0.6612,0.0234
RNG(-2),1.8,3,0.6612,0.0234
RNG(-2),1.81,3,0.6612,0.0234
RNG(-2),1.82,3,0.6612,0.0234
RNG(-2),1.83,3,0.6612,0.0234
RNG(-2),1.84,2,0.6666,0.014
RNG(-2),1.85,3,0.6612,0.0234
RNG(-2),1.86,3,0.6612,0.0234
RNG(-2),1.87,3,0.6612,0.0234
RNG(-2),1.88,3,0.6612,0.0234
RNG(-2),1.89,3,0.6612,0.0234
RNG(-2),1.9,3,0.6612,0.0234
RNG(-2),1.91,3,0.6612,0.0234
RNG(-2),1.92,3,0.6612,0.0234
RNG(-2),1.93,3,0.6612,0.0234
RNG(-2),1.94,3,0.6612,0.0234
RNG(-2),1.95,3,0.6612,0.0234
RNG(-2),1.96,3,0.6612,0.0234
RNG(-2),1.97,3,0.6612,0.0234
RNG(-2),1.98,3,0.6612,0.0234
RNG(-2),1.99,3,0.6612,0.0234
RNG(-2),2.0,3,0.6612,0.0234
RNG(-2),2.01,3,0.6612,0.0234
RNG(-2),2.02,3,0.6612,0.0234
RNG(-2),2.03,3,0.6612,0.0234
RNG(-2),2.04,3,0.6612,0.0234
RNG(-2),2.05,3,0.6612,0.0234
RNG(-2),2.06,3,0.6612,0.0234
RNG(-2),2.07,3,0.6612,0.0234
RNG(-2),2.08,3,0.6612,0.0234
RNG(-2),2.09,3,0.6612,0.0234
RNG(-2),2.1,3,0.6612,0.0234
RNG(-2),2.11,3,0.6612,0.0234
RNG(-2),2.12,3,0.6612,0.0234
RNG(-2),2.13,3,0.6612,0.0234
RNG(-2),2.14,3,0.6612,0.0234
RNG(-2),2.15,2,0.659,0.1099
RNG(-2),2.16,3,0.6612,0.0234
RNG(-2),2.17,3,0.6612,0.0234
RNG(-2),2.18,3,0.6612,0.0234
RNG(-2),2.19,3,0.6612,0.0234
RNG(-2),2.2,3,0.6612,0.0234
RNG(-2),2.21,3,0.6612,0.0234
RNG(-2),2.22,3,0.6612,0.0234
RNG(-2),2.23,3,0.6612,0.0234
RNG(-2),2.24,2,0.659,0.1099
RNG(-2),2.25,3,0.6612,0.0234
RNG(-2),2.26,3,0.6612,0.0234
RNG(-2),2.27,3,0.6612,0.0234
RNG(-2),2.28,3,0.6612,0.0234
RNG(-2),2.29,3,0.6612,0.0234
RNG(-2),2.3,3,0.6612,0.0234
RNG(-2),2.31,3,0.6612,0.0234
RNG(-2),2.32,3,0.6612,0.0234
RNG(-2),2.33,3,0.6612,0.0234
RNG(-2),2.34,3,0.6612,0.0234
RNG(-2),2.35,3,0.6612,0.0234
RNG(-2),2.36,3,0.6612,0.0234
RNG(-2),2.37,3,0.6612,0.0234
RNG(-2),2.38,3,0.6612,0.0234
RNG(-2),2.39,3,0.6612,0.0234
RNG(-2),2.4,3,0.6612,0.0234
RNG(-2),2.41,3,0.6612,0.0234
RNG(-2),2.42,3,0.6612,0.0234
RNG(-2),2.43,3,0.6612,0.0234
RNG(-2),2.44,3,0.6612,0.0234
RNG(-2),2.45,3,0.6612,0.0234
RNG(-2),2.46,3,0.6612,0.0234
RNG(-2),2.47,3,0.6612,0.0234
RNG(-2),2.48,3,0.6612,0.0234
RNG(-2),2.49,3,0.6612,0.0234
RNG(-2),2.5,3,0.6612,0.0234
RNG(-2),2.51,3,0.6612,0.0234
RNG(-2),2.52,3,0.6612,0.0234
RNG(-2),2.53,3,0.6612,0.0234
RNG(-2),2.54,3,0.6612,0.0234
RNG(-2),2.55,3,0.6612,0.0234
RNG(-2),2.56,3,0.6612,0.0234
RNG(-2),2.57,3,0.6612,0.0234
RNG(-2),2.58,3,0.6612,0.0234
RNG(-2),2.59,3,0.6612,0.0234
RNG(-2),2.6,3,0.6612,0.0234
RNG(-2),2.61,3,0.6612,0.0234
RNG(-2),2.62,3,0.6612,0.0234
RNG(-2),2.63,3,0.6612,0.0234
RNG(-2),2.64,3,0.6612,0.0234
RNG(-2),2.65,3,0.6612,0.0234
RNG(-2),2.66,3,0.6612,0.0234
RNG(-2),2.67,3,0.6612,0.0234
RNG(-2),2.68,3,0.6612,0.0234
RNG(-2),2.69,3,0.6612,0.0234
RNG(-2),2.7,3,0.6612,0.0234
RNG(-2),2.71,3,0.6612,0.0234
RNG(-2),2.72,3,0.6612,0.0234
RNG(-2),2.73,3,0.6612,0.0234
RNG(-2),2.74,3,0.6612,0.0234
RNG(-2),2.75,3,0.6612,0.0234
RNG(-2),2.76,3,0.6612,0.0234
RNG(-2),2.77,3,0.6612,0.0234
RNG(-2),2.78,3,0.6612,0.0234
RNG(-2),2.79,3,0.6612,0.0234
RNG(-2),2.8,3,0.6612,0.0234
RNG(-2),2.81,3,0.6612,0.0234
RNG(-2),2.82,3,0.6612,0.0234
RNG(-2),2.83,3,0.6612,0.0234
RNG(-2),2.84,3,0.6612,0.0234
RNG(-2),2.85,3,0.6612,0.0234
RNG(-2),2.86,3,0.6612,0.0234
RNG(-2),2.87,3,0.6612,0.0234
RNG(-2),2.88,3,0.6612,0.0234
RNG(-2),2.89,3,0.6612,0.0234
RNG(-2),2.9,3,0.6612,0.0234
RNG(-2),2.91,3,0.6612,0.0234
RNG(-2),2.92,3,0.6612,0.0234
RNG(-2),2.93,3,0.6612,0.0234
RNG(-2),2.94,3,0.6612,0.0234
RNG(-2),2.95,3,0.6612,0.0234
RNG(-2),2.96,3,0.6612,0.0234
RNG(-2),2.97,3,0.6612,0.0234
RNG(-2),2.98,3,0.6612,0.0234
RNG(-2),2.99,3,0.6612,0.0234
RNG(-2),3.0,3,0.6612,0.0234
RNG(-2),3.01,3,0.6612,0.0234
RNG(-2),3.02,3,0.6612,0.0234
RNG(-2),3.03,3,0.6612,0.0234
RNG(-2),3.04,3,0.6612,0.0234
RNG(-2),3.05,3,0.6612,0.0234
RNG(-2),3.06,3,0.6612,0.0234
RNG(-2),3.07,3,0.6612,0.0234
RNG(-2),3.08,3,0.6612,0.0234
RNG(-2),3.09,3,0.6612,0.0234
RNG(-2),3.1,3,0.6612,0.0234
RNG(-2),3.11,3,0.6612,0.0234
RNG(-2),3.12,3,0.6612,0.0234
RNG(-2),3.13,3,0.6612,0.0234
RNG(-2),3.14,3,0.6612,0.0234
RNG(-2),3.15,3,0.6612,0.0234
RNG(-2),3.16,3,0.6612,0.0234
RNG(-2),3.17,3,0.6612,0.0234
RNG(-2),3.18,3,0.6612,0.0234
RNG(-2),3.19,3,0.6612,0.0234
RNG(-2),3.2,3,0.6612,0.0234
RNG(-2),3.21,3,0.6612,0.0234
RNG(-2),3.22,3,0.6612,0.0234
RNG(-2),3.23,3,0.6612,0.0234
RNG(-2),3.24,3,0.6612,0.0234
RNG(-2),3.25,3,0.6612,0.0234
RNG(-2),3.26,3,0.6612,0.0234
RNG(-2),3.27,3,0.6612,0.0234
RNG(-2),3.28,3,0.6612,0.0234
RNG(-2),3.29,3,0.6612,0.0234
RNG(-2),3.3,3,0.6612,0.0234
RNG(-2),3.31,3,0.6612,0.0234
RNG(-2),3.32,3,0.6612,0.0234
RNG(-2),3.33,3,0.6612,0.0234
RNG(-2),3.34,3,0.6612,0.0234
RNG(-2),3.35,3,0.6612,0.0234
RNG(-2),3.36,3,0.6612,0.0234
RNG(-2),3.37,3,0.6612,0.0234
RNG(-2),3.38,3,0.6612,0.0234
RNG(-2),3.39,3,0.6612,0.0234
RNG(-2),3.4,3,0.6612,0.0234
RNG(-2),3.41,3,0.6612,0.0234
RNG(-2),3.42,3,0.6612,0.0234
RNG(-2),3.43,3,0.6612,0.0234
RNG(-2),3.44,3,0.6612,0.0234
RNG(-2),3.45,3,0.6612,0.0234
RNG(-2),3.46,3,0.6612,0.0234
RNG(-2),3.47,3,0.6612,0.0234
RNG(-2),3.48,3,0.6612,0.0234
RNG(-2),3.49,3,0.6612,0.0234
RNG(-2),3.5,3,0.6612,0.0234
RNG(-2),3.51,3,0.6612,0.0234
RNG(-2),3.52,3,0.6612,0.0234
RNG(-2),3.53,3,0.6612,0.0234
RNG(-2),3.54,3,0.6612,0.0234
RNG(-2),3.55,3,0.6612,0.0234
RNG(-2),3.56,3,0.6612,0.0234
RNG(-2),3.57,3,0.6612,0.0234
RNG(-2),3.58,3,0.6612,0.0234
RNG(-2),3.59,3,0.6612,0.0234
RNG(-2),3.6,3,0.6612,0.0234
RNG(-2),3.61,3,0.6612,0.0234
RNG(-2),3.62,3,0.6612,0.0234
RNG(-2),3.63,3,0.6612,0.0234
RNG(-2),3.64,3,0.6612,0.0234
RNG(-2),3.65,3,0.6612,0.0234
RNG(-2),3.66,3,0.6612,0.0234
RNG(-2),3.67,3,0.6612,0.0234
RNG(-2),3.68,3,0.6612,0.0234
RNG(-2),3.69,3,0.6612,0.0234
RNG(-2),3.7,3,0.6612,0.0234
RNG(-2),3.71,3,0.6612,0.0234
RNG(-2),3.72,3,0.6612,0.0234
RNG(-2),3.73,3,0.6612,0.0234
RNG(-2),3.74,3,0.6612,0.0234
RNG(-2),3.75,3,0.6612,0.0234
RNG(-2),3.76,3,0.6612,0.0234
RNG(-2),3.77,3,0.6612,0.0234
RNG(-2),3.79,3,0.6612,0.0234
RNG(-2),3.8,3,0.6612,0.0234
RNG(-2),3.81,3,0.6612,0.0234
RNG(-2),3.82,3,0.6612,0.0234
RNG(-2),3.83,3,0.6612,0.0234
RNG(-2),3.84,3,0.6612,0.0234
RNG(-2),3.85,3,0.6612,0.0234
RNG(-2),3.86,3,0.6612,0.0234
RNG(-2),3.87,3,0.6612,0.0234
RNG(-2),3.88,3,0.6612,0.0234
RNG(-2),3.89,3,0.6612,0.0234
RNG(-2),3.9,3,0.6612,0.0234
RNG(-2),3.91,3,0.6612,0.0234
RNG(-2),3.92,3,0.6612,0.0234
RNG(-2),3.93,3,0.6612,0.0234
RNG(-2),3.94,3,0.6612,0.0234
RNG(-2),3.95,3,0.6612,0.0234
RNG(-2),3.96,3,0.6612,0.0234
RNG(-2),3.97,3,0.6612,0.0234
RNG(-2),3.99,3,0.6612,0.0234
RNG(-2),4.0,3,0.6612,0.0234
RNG(-2),4.01,3,0.6612,0.0234
RNG(-2),4.02,3,0.6612,0.0234
RNG(-2),4.03,3,0.6612,0.0234
RNG(-2),4.04,3,0.6612,0.0234
RNG(-2),4.05,3,0.6612,0.0234
RNG(-2),4.06,2,0.6666,0.014
RNG(-2),4.08,2,0.6666,0.014
RNG(-2),4.09,3,0.6612,0.0234
RNG(-2),4.1,3,0.6612,0.0234
RNG(-2),4.11,2,0.6666,0.014
RNG(-2),4.17,3,0.6612,0.0234
RNG(-2),4.18,1,0.6677,0.0
RNG(-2),4.2,1,0.6677,0.0
RNG(-2),4.21,3,0.6612,0.0234
RNG(-2),4.22,1,0.6677,0.0
RNG(-2),4.24,3,0.6612,0.0234
RNG(-2),4.27,2,0.6666,0.014
RNG(-2),4.28,1,0.6677,0.0
RNG(-2),4.31,2,0.659,0.1099
RNG(-2),4.35,1,0.6677,0.0
RNG(-2),4.36,1,0.6677,0.0
RNG(-0.3),1.18,1,0.6677,0.0
RNG(-0.3),1.19,1,0.6682,0.0
RNG(-0.3),1.23,1,0.6683,0.0
RNG(-0.3),1.25,3,0.6614,0.0239
RNG(-0.3),1.29,1,0.6686,0.0
RNG(-0.3),1.31,1,0.6696,0.0
RNG(-0.3),1.32,1,0.6696,0.0
RNG(-0.3),1.33,1,0.6699,0.0
RNG(-0.3),1.35,3,0.662,0.0256
RNG(-0.3),1.39,3,0.662,0.0256
RNG(-0.3),1.4,3,0.6625,0.0252
RNG(-0.3),1.42,2,0.6683,0.0299
RNG(-0.3),1.43,2,0.6683,0.0299
RNG(-0.3),1.44,3,0.6627,0.0249
RNG(-0.3),1.45,3,0.663,0.025
RNG(-0.3),1.46,2,0.6613,0.1226
RNG(-0.3),1.47,3,0.6635,0.0245
RNG(-0.3),1.48,2,0.6631,0.122
RNG(-0.3),1.51,1,0.6727,0.0
RNG(-0.3),1.52,3,0.6646,0.024
RNG(-0.3),1.53,3,0.6652,0.024
RNG(-0.3),1.56,3,0.6652,0.0237
RNG(-0.3),1.59,3,0.6653,0.024
RNG(-0.3),1.61,3,0.6655,0.0239
RNG(-0.3),1.62,3,0.6657,0.0242
RNG(-0.3),1.63,3,0.6658,0.0245
RNG(-0.3),1.64,3,0.6659,0.0245
RNG(-0.3),1.65,3,0.6659,0.0245
RNG(-0.3),1.66,3,0.6662,0.0245
RNG(-0.3),1.67,2,0.6719,0.0489
RNG(-0.3),1.68,3,0.6667,0.0252
RNG(-0.3),1.69,3,0.6667,0.0253
RNG(-0.3),1.7,3,0.667,0.0253
RNG(-0.3),1.71,3,0.6671,0.0251
RNG(-0.3),1.72,2,0.6666,0.1245
RNG(-0.3),1.73,3,0.6674,0.0249
RNG(-0.3),1.74,3,0.6675,0.0251
RNG(-0.3),1.76,3,0.6676,0.0247
RNG(-0.3),1.77,3,0.6679,0.0242
RNG(-0.3),1.78,3,0.668,0.0242
RNG(-0.3),1.79,3,0.6682,0.0243
RNG(-0.3),1.8,3,0.6685,0.0242
RNG(-0.3),1.81,3,0.669,0.0247
RNG(-0.3),1.82,3,0.6696,0.0248
RNG(-0.3),1.83,3,0.6698,0.0248
RNG(-0.3),1.84,2,0.6749,0.0565
RNG(-0.3),1.85,3,0.67,0.0248
RNG(-0.3),1.86,3,0.6701,0.0248
RNG(-0.3),1.87,3,0.6702,0.0251
RNG(-0.3),1.88,3,0.6704,0.0254
RNG(-0.3),1.89,3,0.6705,0.0257
RNG(-0.3),1.9,3,0.6712,0.0255
RNG(-0.3),1.91,3,0.6713,0.0257
RNG(-0.3),1.92,3,0.6715,0.0261
RNG(-0.3),1.93,3,0.6715,0.0261
RNG(-0.3),1.94,3,0.6718,0.0265
RNG(-0.3),1.95,3,0.672,0.0265
RNG(-0.3),1.96,3,0.672,0.0263
RNG(-0.3),1.97,3,0.6721,0.026
RNG(-0.3),1.98,3,0.6725,0.0257
RNG(-0.3),1.99,3,0.6728,0.025
RNG(-0.3),2.0,3,0.6729,0.0249
RNG(-0.3),2.01,3,0.673,0.025
RNG(-0.3),2.02,3,0.6732,0.025
RNG(-0.3),2.03,3,0.6733,0.025
RNG(-0.3),2.04,3,0.6734,0.0246
RNG(-0.3),2.05,3,0.6737,0.0251
RNG(-0.3),2.06,3,0.674,0.0248
RNG(-0.3),2.07,3,0.6743,0.0242
RNG(-0.3),2.08,3,0.6745,0.0242
RNG(-0.3),2.09,3,0.6748,0.0241
RNG(-0.3),2.1,3,0.6752,0.0241
RNG(-0.3),2.11,3,0.6754,0.024
RNG(-0.3),2.12,3,0.6758,0.0239
RNG(-0.3),2.13,3,0.6759,0.0244
RNG(-0.3),2.14,3,0.6761,0.0246
RNG(-0.3),2.15,2,0.6763,0.1245
RNG(-0.3),2.16,3,0.6761,0.0244
RNG(-0.3),2.17,3,0.6764,0.0238
RNG(-0.3),2.18,3,0.6765,0.0238
RNG(-0.3),2.19,3,0.6767,0.0241
RNG(-0.3),2.2,3,0.6772,0.0234
RNG(-0.3),2.21,3,0.6775,0.0239
RNG(-0.3),2.22,3,0.6775,0.0239
RNG(-0.3),2.23,3,0.6778,0.0235
RNG(-0.3),2.24,2,0.6777,0.1201
RNG(-0.3),2.25,3,0.6781,0.0235
RNG(-0.3),2.26,3,0.6787,0.0251
RNG(-0.3),2.27,3,0.6788,0.0257
RNG(-0.3),2.28,3,0.679,0.0258
RNG(-0.3),2.29,3,0.6792,0.026
RNG(-0.3),2.3,3,0.6794,0.0261
RNG(-0.3),2.31,3,0.6797,0.0266
RNG(-0.3),2.32,3,0.6801,0.0257
RNG(-0.3),2.33,3,0.6802,0.0257
RNG(-0.3),2.34,3,0.6806,0.0257
RNG(-0.3),2.35,3,0.6807,0.0256
RNG(-0.3),2.36,3,0.6808,0.0256
RNG(-0.3),2.37,3,0.6808,0.0253
RNG(-0.3),2.38,3,0.6809,0.025
RNG(-0.3),2.39,3,0.6812,0.0241
RNG(-0.3),2.4,3,0.6817,0.0236
RNG(-0.3),2.41,3,0.6819,0.0237
RNG(-0.3),2.42,3,0.6825,0.0238
RNG(-0.3),2.43,3,0.683,0.024
RNG(-0.3),2.44,3,0.683,0.024
RNG(-0.3),2.45,3,0.6832,0.0239
RNG(-0.3),2.46,3,0.6839,0.0242
RNG(-0.3),2.47,3,0.6839,0.0242
RNG(-0.3),2.48,3,0.6843,0.0238
RNG(-0.3),2.49,3,0.6843,0.024
RNG(-0.3),2.5,3,0.6845,0.0242
RNG(-0.3),2.51,3,0.6849,0.0244
RNG(-0.3),2.52,3,0.6855,0.0236
RNG(-0.3),2.53,3,0.6856,0.024
RNG(-0.3),2.54,3,0.6862,0.0238
RNG(-0.3),2.55,3,0.6869,0.0243
RNG(-0.3),2.56,3,0.687,0.0246
RNG(-0.3),2.57,3,0.6872,0.0244
RNG(-0.3),2.58,3,0.6874,0.0243
RNG(-0.3),2.59,3,0.6875,0.0244
RNG(-0.3),2.6,3,0.6877,0.0241
RNG(-0.3),2.61,3,0.6882,0.0252
RNG(-0.3),2.62,3,0.6884,0.0246
RNG(-0.3),2.63,3,0.6887,0.024
RNG(-0.3),2.64,3,0.689,0.0242
RNG(-0.3),2.65,3,0.6895,0.0253
RNG(-0.3),2.66,3,0.6895,0.0253
RNG(-0.3),2.67,3,0.6897,0.0248
RNG(-0.3),2.68,3,0.6901,0.0247
RNG(-0.3),2.69,3,0.6902,0.0244
RNG(-0.3),2.7,3,0.6905,0.0243
RNG(-0.3),2.71,3,0.6912,0.0248
RNG(-0.3),2.72,3,0.6915,0.0245
RNG(-0.3),2.73,3,0.6915,0.0245
RNG(-0.3),2.74,3,0.6916,0.0244
RNG(-0.3),2.75,3,0.692,0.0238
RNG(-0.3),2.76,3,0.6925,0.0231
RNG(-0.3),2.77,3,0.6932,0.0224
RNG(-0.3),2.78,3,0.6939,0.0237
RNG(-0.3),2.79,3,0.6939,0.0237
RNG(-0.3),2.8,3,0.6939,0.0237
RNG(-0.3),2.81,3,0.694,0.0235
RNG(-0.3),2.82,3,0.6944,0.0237
RNG(-0.3),2.83,3,0.6946,0.0241
RNG(-0.3),2.84,3,0.6948,0.0236
RNG(-0.3),2.85,3,0.6951,0.0236
RNG(-0.3),2.86,3,0.6952,0.0236
RNG(-0.3),2.87,3,0.6955,0.0241
RNG(-0.3),2.88,3,0.6958,0.0246
RNG(-0.3),2.89,3,0.696,0.0245
RNG(-0.3),2.9,3,0.6962,0.024
RNG(-0.3),2.91,3,0.6962,0.0239
RNG(-0.3),2.92,3,0.6966,0.0235
RNG(-0.3),2.93,3,0.6967,0.0236
RNG(-0.3),2.94,3,0.6967,0.0236
RNG(-0.3),2.95,3,0.6969,0.0238
RNG(-0.3),2.96,3,0.6973,0.0241
RNG(-0.3),2.97,3,0.6976,0.0244
RNG(-0.3),2.98,3,0.6978,0.0248
RNG(-0.3),2.99,3,0.6978,0.0246
RNG(-0.3),3.0,3,0.6983,0.025
RNG(-0.3),3.01,3,0.6986,0.025
RNG(-0.3),3.02,3,0.6989,0.0249
RNG(-0.3),3.03,3,0.6989,0.0247
RNG(-0.3),3.04,3,0.699,0.0248
RNG(-0.3),3.05,3,0.6992,0.0245
RNG(-0.3),3.06,3,0.6992,0.0245
RNG(-0.3),3.07,3,0.6994,0.0249
RNG(-0.3),3.08,3,0.6994,0.0249
RNG(-0.3),3.09,3,0.6995,0.0245
RNG(-0.3),3.1,3,0.6999,0.0252
RNG(-0.3),3.11,3,0.6999,0.0251
RNG(-0.3),3.12,3,0.7001,0.0253
RNG(-0.3),3.13,3,0.7001,0.025
RNG(-0.3),3.14,3,0.7001,0.025
RNG(-0.3),3.15,3,0.7002,0.0249
RNG(-0.3),3.16,3,0.7003,0.0248
RNG(-0.3),3.17,3,0.7006,0.0249
RNG(-0.3),3.18,3,0.7007,0.0249
RNG(-0.3),3.19,3,0.7007,0.025
RNG(-0.3),3.2,3,0.7009,0.0255
RNG(-0.3),3.21,3,0.7009,0.0256
RNG(-0.3),3.22,3,0.7011,0.0254
RNG(-0.3),3.23,3,0.7012,0.0254
RNG(-0.3),3.24,3,0.7012,0.0255
RNG(-0.3),3.25,3,0.7014,0.0257
RNG(-0.3),3.26,3,0.7014,0.0257
RNG(-0.3),3.27,3,0.7015,0.0258
RNG(-0.3),3.28,3,0.7016,0.0259
RNG(-0.3),3.29,3,0.7016,0.0259
RNG(-0.3),3.3,3,0.7017,0.0258
RNG(-0.3),3.31,3,0.7019,0.0263
RNG(-0.3),3.32,3,0.7021,0.0262
RNG(-0.3),3.33,3,0.7022,0.0262
RNG(-0.3),3.34,3,0.7022,0.0262
RNG(-0.3),3.35,3,0.7023,0.0265
RNG(-0.3),3.36,3,0.7026,0.0274
RNG(-0.3),3.37,3,0.7027,0.0272
RNG(-0.3),3.38,3,0.7027,0.0272
RNG(-0.3),3.39,3,0.7026,0.0274
RNG(-0.3),3.4,3,0.7026,0.028
RNG(-0.3),3.41,3,0.7026,0.028
RNG(-0.3),3.42,3,0.7027,0.028
RNG(-0.3),3.43,3,0.7027,0.0282
RNG(-0.3),3.44,3,0.7027,0.0282
RNG(-0.3),3.45,3,0.7028,0.0278
RNG(-0.3),3.46,3,0.7029,0.0277
RNG(-0.3),3.47,3,0.7031,0.0281
RNG(-0.3),3.48,3,0.7031,0.0281
RNG(-0.3),3.49,3,0.7031,0.0281
RNG(-0.3),3.5,3,0.7031,0.0281
RNG(-0.3),3.51,3,0.7031,0.0274
RNG(-0.3),3.52,3,0.7032,0.0273
RNG(-0.3),3.53,3,0.7032,0.0273
RNG(-0.3),3.54,3,0.7032,0.0274
RNG(-0.3),3.55,3,0.7032,0.0274
RNG(-0.3),3.56,3,0.7032,0.0274
RNG(-0.3),3.57,3,0.7035,0.027
RNG(-0.3),3.58,3,0.7036,0.0271
RNG(-0.3),3.59,3,0.7037,0.0269
RNG(-0.3),3.6,3,0.7038,0.0272
RNG(-0.3),3.61,3,0.7039,0.0268
RNG(-0.3),3.62,3,0.7039,0.0268
RNG(-0.3),3.63,3,0.7039,0.0268
RNG(-0.3),3.64,3,0.7039,0.0269
RNG(-0.3),3.65,3,0.704,0.0267
RNG(-0.3),3.66,3,0.704,0.0267
RNG(-0.3),3.67,3,0.704,0.0267
RNG(-0.3),3.68,3,0.704,0.0267
RNG(-0.3),3.69,3,0.704,0.0267
RNG(-0.3),3.7,3,0.7041,0.0269
RNG(-0.3),3.71,3,0.7041,0.0269
RNG(-0.3),3.72,3,0.7042,0.027
RNG(-0.3),3.73,3,0.7042,0.027
RNG(-0.3),3.74,3,0.7042,0.027
RNG(-0.3),3.75,3,0.7042,0.027
RNG(-0.3),3.76,3,0.7042,0.027
RNG(-0.3),3.77,3,0.7042,0.027
RNG(-0.3),3.79,3,0.7042,0.027
RNG(-0.3),3.8,3,0.7042,0.027
RNG(-0.3),3.81,3,0.7042,0.027
RNG(-0.3),3.82,3,0.7042,0.027
RNG(-0.3),3.83,3,0.7042,0.027
RNG(-0.3),3.84,3,0.7042,0.027
RNG(-0.3),3.85,3,0.7042,0.027
RNG(-0.3),3.86,3,0.7042,0.027
RNG(-0.3),3.87,3,0.7042,0.027
RNG(-0.3),3.88,3,0.7042,0.027
RNG(-0.3),3.89,3,0.7042,0.027
RNG(-0.3),3.9,3,0.7042,0.027
RNG(-0.3),3.91,3,0.7042,0.027
RNG(-0.3),3.92,3,0.7042,0.027
RNG(-0.3),3.93,3,0.7042,0.027
RNG(-0.3),3.94,3,0.7042,0.027
RNG(-0.3),3.95,3,0.7042,0.027
RNG(-0.3),3.96,3,0.7042,0.027
RNG(-0.3),3.97,3,0.7042,0.027
RNG(-0.3),3.99,3,0.7042,0.027
RNG(-0.3),4.0,3,0.7042,0.027
RNG(-0.3),4.01,3,0.7042,0.027
RNG(-0.3),4.02,3,0.7042,0.027
RNG(-0.3),4.03,3,0.7042,0.027
RNG(-0.3),4.04,3,0.7042,0.027
RNG(-0.3),4.05,3,0.7042,0.027
RNG(-0.3),4.06,2,0.7103,0.0388
RNG(-0.3),4.08,2,0.7103,0.0388
RNG(-0.3),4.09,3,0.7042,0.027
RNG(-0.3),4.1,3,0.7042,0.027
RNG(-0.3),4.11,2,0.7103,0.0388
RNG(-0.3),4.17,3,0.7042,0.027
RNG(-0.3),4.18,1,0.7133,0.0
RNG(-0.3),4.2,1,0.7133,0.0
RNG(-0.3),4.21,3,0.7042,0.027
RNG(-0.3),4.22,1,0.7133,0.0
RNG(-0.3),4.24,3,0.7042,0.027
RNG(-0.3),4.27,2,0.7103,0.0388
RNG(-0.3),4.28,1,0.7133,0.0
RNG(-0.3),4.31,2,0.7027,0.1341
RNG(-0.3),4.35,1,0.7133,0.0
RNG(-0.3),4.36,1,0.7133,0.0
RNG(-0.2),1.18,1,0.6677,0.0
RNG(-0.2),1.19,1,0.6682,0.0
RNG(-0.2),1.23,1,0.6683,0.0
RNG(-0.2),1.25,3,0.6614,0.0239
RNG(-0.2),1.29,1,0.6686,0.0
RNG(-0.2),1.31,1,0.6696,0.0
RNG(-0.2),1.32,1,0.6696,0.0
RNG(-0.2),1.33,1,0.6699,0.0
RNG(-0.2),1.35,3,0.6621,0.0257
RNG(-0.2),1.39,3,0.6624,0.0257
RNG(-0.2),1.4,3,0.6629,0.0255
RNG(-0.2),1.42,2,0.6689,0.0305
RNG(-0.2),1.43,2,0.669,0.0324
RNG(-0.2),1.44,3,0.6633,0.0254
RNG(-0.2),1.45,3,0.6636,0.0253
RNG(-0.2),1.46,2,0.6623,0.1233
RNG(-0.2),1.47,3,0.6645,0.0241
RNG(-0.2),1.48,2,0.6642,0.1207
RNG(-0.2),1.51,1,0.6737,0.0
RNG(-0.2),1.52,3,0.6656,0.0236
RNG(-0.2),1.53,3,0.6663,0.0239
RNG(-0.2),1.56,3,0.6668,0.0219
RNG(-0.2),1.59,3,0.667,0.0223
RNG(-0.2),1.61,3,0.6674,0.0214
RNG(-0.2),1.62,3,0.6676,0.0218
RNG(-0.2),1.63,3,0.6677,0.0221
RNG(-0.2),1.64,3,0.6679,0.0224
RNG(-0.2),1.65,3,0.668,0.0221
RNG(-0.2),1.66,3,0.6686,0.0221
RNG(-0.2),1.67,2,0.6736,0.0515
RNG(-0.2),1.68,3,0.6693,0.023
RNG(-0.2),1.69,3,0.6695,0.0233
RNG(-0.2),1.7,3,0.6701,0.023
RNG(-0.2),1.71,3,0.6703,0.023
RNG(-0.2),1.72,2,0.6703,0.1137
RNG(-0.2),1.73,3,0.6708,0.0229
RNG(-0.2),1.74,3,0.6709,0.0233
RNG(-0.2),1.76,3,0.6714,0.0221
RNG(-0.2),1.77,3,0.6719,0.0219
RNG(-0.2),1.78,3,0.672,0.0219
RNG(-0.2),1.79,3,0.6721,0.0219
RNG(-0.2),1.8,3,0.6727,0.0216
RNG(-0.2),1.81,3,0.6734,0.0221
RNG(-0.2),1.82,3,0.674,0.0219
RNG(-0.2),1.83,3,0.6742,0.022
RNG(-0.2),1.84,2,0.6785,0.0584
RNG(-0.2),1.85,3,0.6745,0.0215
RNG(-0.2),1.86,3,0.6747,0.0211
RNG(-0.2),1.87,3,0.6748,0.0213
RNG(-0.2),1.88,3,0.675,0.0215
RNG(-0.2),1.89,3,0.6752,0.0222
RNG(-0.2),1.9,3,0.676,0.0218
RNG(-0.2),1.91,3,0.6761,0.0221
RNG(-0.2),1.92,3,0.6765,0.0229
RNG(-0.2),1.93,3,0.6766,0.0223
RNG(-0.2),1.94,3,0.6775,0.0228
RNG(-0.2),1.95,3,0.6777,0.0231
RNG(-0.2),1.96,3,0.6777,0.0229
RNG(-0.2),1.97,3,0.678,0.0223
RNG(-0.2),1.98,3,0.6787,0.0223
RNG(-0.2),1.99,3,0.6789,0.022
RNG(-0.2),2.0,3,0.6791,0.0219
RNG(-0.2),2.01,3,0.6794,0.0215
RNG(-0.2),2.02,3,0.6797,0.0216
RNG(-0.2),2.03,3,0.68,0.0224
RNG(-0.2),2.04,3,0.6804,0.0221
RNG(-0.2),2.05,3,0.6809,0.0223
RNG(-0.2),2.06,3,0.6813,0.0217
RNG(-0.2),2.07,3,0.6817,0.0219
RNG(-0.2),2.08,3,0.6821,0.0219
RNG(-0.2),2.09,3,0.6828,0.0223
RNG(-0.2),2.1,3,0.6834,0.022
RNG(-0.2),2.11,3,0.684,0.0216
RNG(-0.2),2.12,3,0.6844,0.021
RNG(-0.2),2.13,3,0.6846,0.0215
RNG(-0.2),2.14,3,0.6848,0.0215
RNG(-0.2),2.15,2,0.686,0.1055
RNG(-0.2),2.16,3,0.6852,0.0212
RNG(-0.2),2.17,3,0.6856,0.0206
RNG(-0.2),2.18,3,0.6857,0.0197
RNG(-0.2),2.19,3,0.6861,0.0202
RNG(-0.2),2.2,3,0.6868,0.0198
RNG(-0.2),2.21,3,0.6873,0.0208
RNG(-0.2),2.22,3,0.6875,0.0208
RNG(-0.2),2.23,3,0.688,0.0209
RNG(-0.2),2.24,2,0.6883,0.1055
RNG(-0.2),2.25,3,0.6886,0.0203
RNG(-0.2),2.26,3,0.6894,0.0225
RNG(-0.2),2.27,3,0.6894,0.0225
RNG(-0.2),2.28,3,0.6899,0.0236
RNG(-0.2),2.29,3,0.6903,0.0241
RNG(-0.2),2.3,3,0.6905,0.0242
RNG(-0.2),2.31,3,0.6911,0.0248
RNG(-0.2),2.32,3,0.6916,0.0242
RNG(-0.2),2.33,3,0.6917,0.024
RNG(-0.2),2.34,3,0.6922,0.0241
RNG(-0.2),2.35,3,0.6926,0.0241
RNG(-0.2),2.36,3,0.6928,0.0237
RNG(-0.2),2.37,3,0.6931,0.023
RNG(-0.2),2.38,3,0.6934,0.0229
RNG(-0.2),2.39,3,0.6938,0.022
RNG(-0.2),2.4,3,0.6943,0.0218
RNG(-0.2),2.41,3,0.6948,0.0225
RNG(-0.2),2.42,3,0.6954,0.0229
RNG(-0.2),2.43,3,0.696,0.0231
RNG(-0.2),2.44,3,0.696,0.0232
RNG(-0.2),2.45,3,0.6966,0.0231
RNG(-0.2),2.46,3,0.6972,0.0231
RNG(-0.2),2.47,3,0.6972,0.0231
RNG(-0.2),2.48,3,0.6977,0.0229
RNG(-0.2),2.49,3,0.698,0.023
RNG(-0.2),2.5,3,0.6982,0.0231
RNG(-0.2),2.51,3,0.6988,0.023
RNG(-0.2),2.52,3,0.6997,0.0223
RNG(-0.2),2.53,3,0.6999,0.0221
RNG(-0.2),2.54,3,0.7004,0.022
RNG(-0.2),2.55,3,0.7013,0.0228
RNG(-0.2),2.56,3,0.7016,0.0227
RNG(-0.2),2.57,3,0.7019,0.0234
RNG(-0.2),2.58,3,0.7024,0.0236
RNG(-0.2),2.59,3,0.7027,0.0233
RNG(-0.2),2.6,3,0.7031,0.0232
RNG(-0.2),2.61,3,0.7037,0.0243
RNG(-0.2),2.62,3,0.704,0.0244
RNG(-0.2),2.63,3,0.7045,0.0245
RNG(-0.2),2.64,3,0.7051,0.0247
RNG(-0.2),2.65,3,0.7058,0.0253
RNG(-0.2),2.66,3,0.7059,0.0256
RNG(-0.2),2.67,3,0.7061,0.025
RNG(-0.2),2.68,3,0.7065,0.0249
RNG(-0.2),2.69,3,0.7066,0.0246
RNG(-0.2),2.7,3,0.7069,0.0247
RNG(-0.2),2.71,3,0.7076,0.0253
RNG(-0.2),2.72,3,0.7079,0.0253
RNG(-0.2),2.73,3,0.7081,0.0256
RNG(-0.2),2.74,3,0.7083,0.0246
RNG(-0.2),2.75,3,0.7085,0.0237
RNG(-0.2),2.76,3,0.709,0.0236
RNG(-0.2),2.77,3,0.7097,0.0228
RNG(-0.2),2.78,3,0.7104,0.0237
RNG(-0.2),2.79,3,0.7106,0.0237
RNG(-0.2),2.8,3,0.7106,0.0232
RNG(-0.2),2.81,3,0.7106,0.0232
RNG(-0.2),2.82,3,0.7112,0.0235
RNG(-0.2),2.83,3,0.7114,0.0234
RNG(-0.2),2.84,3,0.7118,0.0229
RNG(-0.2),2.85,3,0.7123,0.0239
RNG(-0.2),2.86,3,0.7126,0.0235
RNG(-0.2),2.87,3,0.7128,0.0239
RNG(-0.2),2.88,3,0.7128,0.0245
RNG(-0.2),2.89,3,0.713,0.0238
RNG(-0.2),2.9,3,0.7133,0.0232
RNG(-0.2),2.91,3,0.7134,0.0233
RNG(-0.2),2.92,3,0.7138,0.0231
RNG(-0.2),2.93,3,0.7139,0.0234
RNG(-0.2),2.94,3,0.714,0.0232
RNG(-0.2),2.95,3,0.7144,0.023
RNG(-0.2),2.96,3,0.7148,0.0237
RNG(-0.2),2.97,3,0.7152,0.024
RNG(-0.2),2.98,3,0.7155,0.0245
RNG(-0.2),2.99,3,0.7156,0.0245
RNG(-0.2),3.0,3,0.716,0.0244
RNG(-0.2),3.01,3,0.7163,0.0245
RNG(-0.2),3.02,3,0.7166,0.0242
RNG(-0.2),3.03,3,0.7165,0.024
RNG(-0.2),3.04,3,0.7171,0.0238
RNG(-0.2),3.05,3,0.7171,0.0231
RNG(-0.2),3.06,3,0.7171,0.0229
RNG(-0.2),3.07,3,0.7173,0.023
RNG(-0.2),3.08,3,0.7174,0.0228
RNG(-0.2),3.09,3,0.7176,0.0225
RNG(-0.2),3.1,3,0.7182,0.0241
RNG(-0.2),3.11,3,0.7185,0.024
RNG(-0.2),3.12,3,0.7186,0.0241
RNG(-0.2),3.13,3,0.7186,0.0241
RNG(-0.2),3.14,3,0.7188,0.0239
RNG(-0.2),3.15,3,0.7188,0.0239
RNG(-0.2),3.16,3,0.7189,0.0239
RNG(-0.2),3.17,3,0.7191,0.0243
RNG(-0.2),3.18,3,0.7192,0.0243
RNG(-0.2),3.19,3,0.7191,0.0241
RNG(-0.2),3.2,3,0.7194,0.0248
RNG(-0.2),3.21,3,0.7196,0.0246
RNG(-0.2),3.22,3,0.7199,0.0248
RNG(-0.2),3.23,3,0.7201,0.0244
RNG(-0.2),3.24,3,0.7202,0.0244
RNG(-0.2),3.25,3,0.7203,0.0246
RNG(-0.2),3.26,3,0.7205,0.0247
RNG(-0.2),3.27,3,0.7205,0.0247
RNG(-0.2),3.28,3,0.7207,0.0248
RNG(-0.2),3.29,3,0.7206,0.0251
RNG(-0.2),3.3,3,0.7207,0.0248
RNG(-0.2),3.31,3,0.7209,0.0251
RNG(-0.2),3.32,3,0.7211,0.0254
RNG(-0.2),3.33,3,0.7211,0.0254
RNG(-0.2),3.34,3,0.7211,0.0254
RNG(-0.2),3.35,3,0.7213,0.0262
RNG(-0.2),3.36,3,0.7217,0.0267
RNG(-0.2),3.37,3,0.7218,0.0266
RNG(-0.2),3.38,3,0.7219,0.0266
RNG(-0.2),3.39,3,0.7219,0.0267
RNG(-0.2),3.4,3,0.722,0.0275
RNG(-0.2),3.41,3,0.722,0.0275
RNG(-0.2),3.42,3,0.7217,0.0271
RNG(-0.2),3.43,3,0.7216,0.027
RNG(-0.2),3.44,3,0.7216,0.027
RNG(-0.2),3.45,3,0.7219,0.0272
RNG(-0.2),3.46,3,0.7219,0.0269
RNG(-0.2),3.47,3,0.7221,0.0272
RNG(-0.2),3.48,3,0.7221,0.0271
RNG(-0.2),3.49,3,0.722,0.0273
RNG(-0.2),3.5,3,0.7221,0.027
RNG(-0.2),3.51,3,0.7222,0.0265
RNG(-0.2),3.52,3,0.7222,0.0262
RNG(-0.2),3.53,3,0.7222,0.0262
RNG(-0.2),3.54,3,0.7223,0.0261
RNG(-0.2),3.55,3,0.7223,0.0262
RNG(-0.2),3.56,3,0.7222,0.0263
RNG(-0.2),3.57,3,0.7222,0.026
RNG(-0.2),3.58,3,0.7217,0.0245
RNG(-0.2),3.59,3,0.7215,0.0249
RNG(-0.2),3.6,3,0.7216,0.0252
RNG(-0.2),3.61,3,0.7216,0.0251
RNG(-0.2),3.62,3,0.7216,0.0251
RNG(-0.2),3.63,3,0.7216,0.0251
RNG(-0.2),3.64,3,0.7215,0.025
RNG(-0.2),3.65,3,0.7217,0.0251
RNG(-0.2),3.66,3,0.7219,0.0253
RNG(-0.2),3.67,3,0.7219,0.0253
RNG(-0.2),3.68,3,0.722,0.0254
RNG(-0.2),3.69,3,0.7219,0.0253
RNG(-0.2),3.7,3,0.722,0.0256
RNG(-0.2),3.71,3,0.7218,0.0259
RNG(-0.2),3.72,3,0.7217,0.0263
RNG(-0.2),3.73,3,0.7217,0.0263
RNG(-0.2),3.74,3,0.7216,0.0264
RNG(-0.2),3.75,3,0.7216,0.0265
RNG(-0.2),3.76,3,0.7217,0.0262
RNG(-0.2),3.77,3,0.7217,0.0263
RNG(-0.2),3.79,3,0.7217,0.0263
RNG(-0.2),3.8,3,0.7217,0.0263
RNG(-0.2),3.81,3,0.7217,0.0263
RNG(-0.2),3.82,3,0.7216,0.0264
RNG(-0.2),3.83,3,0.7216,0.0264
RNG(-0.2),3.84,3,0.7216,0.0264
RNG(-0.2),3.85,3,0.7216,0.0264
RNG(-0.2),3.86,3,0.7216,0.0264
RNG(-0.2),3.87,3,0.7215,0.0261
RNG(-0.2),3.88,3,0.7216,0.0262
RNG(-0.2),3.89,3,0.7217,0.0264
RNG(-0.2),3.9,3,0.7217,0.0264
RNG(-0.2),3.91,3,0.7215,0.0257
RNG(-0.2),3.92,3,0.7215,0.0257
RNG(-0.2),3.93,3,0.7215,0.0257
RNG(-0.2),3.94,3,0.7214,0.0256
RNG(-0.2),3.95,3,0.7214,0.0256
RNG(-0.2),3.96,3,0.7213,0.0253
RNG(-0.2),3.97,3,0.7216,0.0254
RNG(-0.2),3.99,3,0.7216,0.0254
RNG(-0.2),4.0,3,0.7216,0.0254
RNG(-0.2),4.01,3,0.7216,0.0254
RNG(-0.2),4.02,3,0.7216,0.0254
RNG(-0.2),4.03,3,0.7216,0.0254
RNG(-0.2),4.04,3,0.7215,0.0253
RNG(-0.2),4.05,3,0.7215,0.0253
RNG(-0.2),4.06,2,0.727,0.0483
RNG(-0.2),4.08,2,0.727,0.0483
RNG(-0.2),4.09,3,0.7215,0.0253
RNG(-0.2),4.1,3,0.7215,0.0253
RNG(-0.2),4.11,2,0.727,0.0483
RNG(-0.2),4.17,3,0.7215,0.0253
RNG(-0.2),4.18,1,0.7308,0.0
RNG(-0.2),4.2,1,0.7308,0.0
RNG(-0.2),4.21,3,0.7214,0.026
RNG(-0.2),4.22,1,0.7308,0.0
RNG(-0.2),4.24,3,0.7214,0.026
RNG(-0.2),4.27,2,0.727,0.0483
RNG(-0.2),4.28,1,0.7308,0.0
RNG(-0.2),4.31,2,0.7205,0.1315
RNG(-0.2),4.35,1,0.7308,0.0
RNG(-0.2),4.36,1,0.7308,0.0
RNG(-0.1),1.18,1,0.6677,0.0
RNG(-0.1),1.19,1,0.668,0.0
RNG(-0.1),1.23,1,0.6682,0.0
RNG(-0.1),1.25,3,0.6614,0.0238
RNG(-0.1),1.29,1,0.6684,0.0
RNG(-0.1),1.31,1,0.6691,0.0
RNG(-0.1),1.32,1,0.6691,0.0
RNG(-0.1),1.33,1,0.6694,0.0
RNG(-0.1),1.35,3,0.6622,0.0251
RNG(-0.1),1.39,3,0.6627,0.0245
RNG(-0.1),1.4,3,0.6633,0.024
RNG(-0.1),1.42,2,0.669,0.0197
RNG(-0.1),1.43,2,0.6692,0.0216
RNG(-0.1),1.44,3,0.6637,0.024
RNG(-0.1),1.45,3,0.6641,0.0241
RNG(-0.1),1.46,2,0.6623,0.1137
RNG(-0.1),1.47,3,0.6647,0.0233
RNG(-0.1),1.48,2,0.6637,0.1118
RNG(-0.1),1.51,1,0.6725,0.0
RNG(-0.1),1.52,3,0.6657,0.0227
RNG(-0.1),1.53,3,0.6664,0.0226
RNG(-0.1),1.56,3,0.6671,0.0202
RNG(-0.1),1.59,3,0.6672,0.0205
RNG(-0.1),1.61,3,0.6673,0.0204
RNG(-0.1),1.62,3,0.6674,0.0204
RNG(-0.1),1.63,3,0.6677,0.0207
RNG(-0.1),1.64,3,0.668,0.0206
RNG(-0.1),1.65,3,0.6683,0.0204
RNG(-0.1),1.66,3,0.6692,0.0203
RNG(-0.1),1.67,2,0.674,0.0394
RNG(-0.1),1.68,3,0.6702,0.0214
RNG(-0.1),1.69,3,0.6704,0.0219
RNG(-0.1),1.7,3,0.6707,0.0223
RNG(-0.1),1.71,3,0.6708,0.0223
RNG(-0.1),1.72,2,0.6703,0.1093
RNG(-0.1),1.73,3,0.6713,0.0222
RNG(-0.1),1.74,3,0.6714,0.0225
RNG(-0.1),1.76,3,0.6717,0.0213
RNG(-0.1),1.77,3,0.6722,0.0211
RNG(-0.1),1.78,3,0.6724,0.0213
RNG(-0.1),1.79,3,0.6728,0.0214
RNG(-0.1),1.8,3,0.674,0.0226
RNG(-0.1),1.81,3,0.6744,0.0228
RNG(-0.1),1.82,3,0.6753,0.0227
RNG(-0.1),1.83,3,0.6755,0.023
RNG(-0.1),1.84,2,0.6805,0.0445
RNG(-0.1),1.85,3,0.6757,0.0225
RNG(-0.1),1.86,3,0.6759,0.0222
RNG(-0.1),1.87,3,0.6762,0.0222
RNG(-0.1),1.88,3,0.6765,0.0223
RNG(-0.1),1.89,3,0.6763,0.0235
RNG(-0.1),1.9,3,0.6771,0.0231
RNG(-0.1),1.91,3,0.6773,0.0232
RNG(-0.1),1.92,3,0.6774,0.0232
RNG(-0.1),1.93,3,0.6776,0.0226
RNG(-0.1),1.94,3,0.6782,0.0225
RNG(-0.1),1.95,3,0.6784,0.0226
RNG(-0.1),1.96,3,0.6784,0.0225
RNG(-0.1),1.97,3,0.6786,0.022
RNG(-0.1),1.98,3,0.6793,0.022
RNG(-0.1),1.99,3,0.6797,0.0216
RNG(-0.1),2.0,3,0.6802,0.0215
RNG(-0.1),2.01,3,0.6803,0.0211
RNG(-0.1),2.02,3,0.6804,0.0211
RNG(-0.1),2.03,3,0.6808,0.022
RNG(-0.1),2.04,3,0.6814,0.0222
RNG(-0.1),2.05,3,0.6817,0.022
RNG(-0.1),2.06,3,0.6822,0.0206
RNG(-0.1),2.07,3,0.6824,0.0206
RNG(-0.1),2.08,3,0.6827,0.0205
RNG(-0.1),2.09,3,0.6834,0.02
RNG(-0.1),2.1,3,0.6838,0.0199
RNG(-0.1),2.11,3,0.6841,0.0189
RNG(-0.1),2.12,3,0.6847,0.0195
RNG(-0.1),2.13,3,0.685,0.0193
RNG(-0.1),2.14,3,0.6851,0.0193
RNG(-0.1),2.15,2,0.6859,0.0947
RNG(-0.1),2.16,3,0.6857,0.0183
RNG(-0.1),2.17,3,0.6863,0.0175
RNG(-0.1),2.18,3,0.6864,0.0169
RNG(-0.1),2.19,3,0.687,0.0171
RNG(-0.1),2.2,3,0.6876,0.017
RNG(-0.1),2.21,3,0.6882,0.0179
RNG(-0.1),2.22,3,0.6884,0.0185
RNG(-0.1),2.23,3,0.689,0.0188
RNG(-0.1),2.24,2,0.6881,0.0896
RNG(-0.1),2.25,3,0.6895,0.0184
RNG(-0.1),2.26,3,0.6901,0.0198
RNG(-0.1),2.27,3,0.6899,0.02
RNG(-0.1),2.28,3,0.6904,0.0208
RNG(-0.1),2.29,3,0.6908,0.0211
RNG(-0.1),2.3,3,0.691,0.021
RNG(-0.1),2.31,3,0.6917,0.021
RNG(-0.1),2.32,3,0.6921,0.0206
RNG(-0.1),2.33,3,0.6924,0.0201
RNG(-0.1),2.34,3,0.693,0.0197
RNG(-0.1),2.35,3,0.6932,0.0194
RNG(-0.1),2.36,3,0.6938,0.0193
RNG(-0.1),2.37,3,0.6943,0.0184
RNG(-0.1),2.38,3,0.6948,0.0182
RNG(-0.1),2.39,3,0.6952,0.0176
RNG(-0.1),2.4,3,0.6958,0.0174
RNG(-0.1),2.41,3,0.6966,0.0184
RNG(-0.1),2.42,3,0.6972,0.0188
RNG(-0.1),2.43,3,0.6975,0.0189
RNG(-0.1),2.44,3,0.6977,0.0193
RNG(-0.1),2.45,3,0.6985,0.0196
RNG(-0.1),2.46,3,0.6996,0.0194
RNG(-0.1),2.47,3,0.6996,0.0192
RNG(-0.1),2.48,3,0.7001,0.0189
RNG(-0.1),2.49,3,0.7006,0.0183
RNG(-0.1),2.5,3,0.701,0.0185
RNG(-0.1),2.51,3,0.7016,0.0175
RNG(-0.1),2.52,3,0.7025,0.0169
RNG(-0.1),2.53,3,0.7027,0.0168
RNG(-0.1),2.54,3,0.7033,0.0168
RNG(-0.1),2.55,3,0.7043,0.0175
RNG(-0.1),2.56,3,0.7044,0.0184
RNG(-0.1),2.57,3,0.705,0.0189
RNG(-0.1),2.58,3,0.7056,0.0193
RNG(-0.1),2.59,3,0.7058,0.0196
RNG(-0.1),2.6,3,0.706,0.0188
RNG(-0.1),2.61,3,0.7066,0.0194
RNG(-0.1),2.62,3,0.7068,0.0196
RNG(-0.1),2.63,3,0.7073,0.0202
RNG(-0.1),2.64,3,0.7077,0.0209
RNG(-0.1),2.65,3,0.7079,0.0213
RNG(-0.1),2.66,3,0.708,0.0215
RNG(-0.1),2.67,3,0.708,0.0213
RNG(-0.1),2.68,3,0.7085,0.0204
RNG(-0.1),2.69,3,0.7087,0.0198
RNG(-0.1),2.7,3,0.7092,0.0196
RNG(-0.1),2.71,3,0.7094,0.0196
RNG(-0.1),2.72,3,0.7097,0.0192
RNG(-0.1),2.73,3,0.7103,0.0186
RNG(-0.1),2.74,3,0.7103,0.0186
RNG(-0.1),2.75,3,0.7107,0.0178
RNG(-0.1),2.76,3,0.7113,0.0171
RNG(-0.1),2.77,3,0.7122,0.0171
RNG(-0.1),2.78,3,0.7133,0.0183
RNG(-0.1),2.79,3,0.7137,0.0188
RNG(-0.1),2.8,3,0.7139,0.0187
RNG(-0.1),2.81,3,0.7137,0.0203
RNG(-0.1),2.82,3,0.7142,0.0213
RNG(-0.1),2.83,3,0.7145,0.0207
RNG(-0.1),2.84,3,0.7144,0.0222
RNG(-0.1),2.85,3,0.7147,0.0219
RNG(-0.1),2.86,3,0.7151,0.0214
RNG(-0.1),2.87,3,0.7155,0.0222
RNG(-0.1),2.88,3,0.7157,0.0229
RNG(-0.1),2.89,3,0.7159,0.0225
RNG(-0.1),2.9,3,0.716,0.0224
RNG(-0.1),2.91,3,0.7162,0.023
RNG(-0.1),2.92,3,0.7169,0.0231
RNG(-0.1),2.93,3,0.7172,0.0227
RNG(-0.1),2.94,3,0.7173,0.0229
RNG(-0.1),2.95,3,0.7176,0.0231
RNG(-0.1),2.96,3,0.7181,0.0234
RNG(-0.1),2.97,3,0.7186,0.0234
RNG(-0.1),2.98,3,0.7188,0.0239
RNG(-0.1),2.99,3,0.7188,0.0241
RNG(-0.1),3.0,3,0.7192,0.0248
RNG(-0.1),3.01,3,0.7197,0.0247
RNG(-0.1),3.02,3,0.7201,0.0247
RNG(-0.1),3.03,3,0.7202,0.0247
RNG(-0.1),3.04,3,0.7204,0.0251
RNG(-0.1),3.05,3,0.7207,0.0246
RNG(-0.1),3.06,3,0.7205,0.0252
RNG(-0.1),3.07,3,0.7206,0.0246
RNG(-0.1),3.08,3,0.7206,0.0248
RNG(-0.1),3.09,3,0.7208,0.0244
RNG(-0.1),3.1,3,0.7215,0.0257
RNG(-0.1),3.11,3,0.7218,0.0247
RNG(-0.1),3.12,3,0.7219,0.0237
RNG(-0.1),3.13,3,0.722,0.0238
RNG(-0.1),3.14,3,0.7222,0.0235
RNG(-0.1),3.15,3,0.7222,0.0234
RNG(-0.1),3.16,3,0.7223,0.023
RNG(-0.1),3.17,3,0.7222,0.0229
RNG(-0.1),3.18,3,0.7223,0.0228
RNG(-0.1),3.19,3,0.7223,0.0228
RNG(-0.1),3.2,3,0.7225,0.0231
RNG(-0.1),3.21,3,0.7225,0.0238
RNG(-0.1),3.22,3,0.7226,0.024
RNG(-0.1),3.23,3,0.7229,0.0247
RNG(-0.1),3.24,3,0.7232,0.0246
RNG(-0.1),3.25,3,0.723,0.0241
RNG(-0.1),3.26,3,0.723,0.0244
RNG(-0.1),3.27,3,0.7231,0.0243
RNG(-0.1),3.28,3,0.7233,0.0254
RNG(-0.1),3.29,3,0.7231,0.0262
RNG(-0.1),3.3,3,0.7232,0.0264
RNG(-0.1),3.31,3,0.7234,0.0263
RNG(-0.1),3.32,3,0.7237,0.0261
RNG(-0.1),3.33,3,0.7237,0.026
RNG(-0.1),3.34,3,0.7236,0.026
RNG(-0.1),3.35,3,0.7236,0.0262
RNG(-0.1),3.36,3,0.7242,0.0271
RNG(-0.1),3.37,3,0.7244,0.0267
RNG(-0.1),3.38,3,0.7243,0.0266
RNG(-0.1),3.39,3,0.7243,0.0263
RNG(-0.1),3.4,3,0.7243,0.0267
RNG(-0.1),3.41,3,0.7244,0.0267
RNG(-0.1),3.42,3,0.7243,0.0262
RNG(-0.1),3.43,3,0.7242,0.0259
RNG(-0.1),3.44,3,0.7243,0.026
RNG(-0.1),3.45,3,0.7246,0.0258
RNG(-0.1),3.46,3,0.7246,0.0257
RNG(-0.1),3.47,3,0.7249,0.0258
RNG(-0.1),3.48,3,0.7249,0.025
RNG(-0.1),3.49,3,0.7246,0.0254
RNG(-0.1),3.5,3,0.7244,0.0253
RNG(-0.1),3.51,3,0.7245,0.0254
RNG(-0.1),3.52,3,0.7246,0.025
RNG(-0.1),3.53,3,0.7246,0.0249
RNG(-0.1),3.54,3,0.7246,0.0255
RNG(-0.1),3.55,3,0.7247,0.0254
RNG(-0.1),3.56,3,0.7246,0.0254
RNG(-0.1),3.57,3,0.7246,0.0255
RNG(-0.1),3.58,3,0.7246,0.0247
RNG(-0.1),3.59,3,0.7245,0.0242
RNG(-0.1),3.6,3,0.7243,0.024
RNG(-0.1),3.61,3,0.7243,0.0232
RNG(-0.1),3.62,3,0.7243,0.0229
RNG(-0.1),3.63,3,0.7244,0.0235
RNG(-0.1),3.64,3,0.7243,0.0232
RNG(-0.1),3.65,3,0.7245,0.0233
RNG(-0.1),3.66,3,0.7244,0.0233
RNG(-0.1),3.67,3,0.7243,0.0231
RNG(-0.1),3.68,3,0.7244,0.0231
RNG(-0.1),3.69,3,0.7244,0.0229
RNG(-0.1),3.7,3,0.7247,0.023
RNG(-0.1),3.71,3,0.7244,0.0229
RNG(-0.1),3.72,3,0.7242,0.0232
RNG(-0.1),3.73,3,0.7244,0.0231
RNG(-0.1),3.74,3,0.7244,0.023
RNG(-0.1),3.75,3,0.7243,0.0233
RNG(-0.1),3.76,3,0.7244,0.023
RNG(-0.1),3.77,3,0.7244,0.0229
RNG(-0.1),3.79,3,0.7243,0.0229
RNG(-0.1),3.8,3,0.7242,0.0227
RNG(-0.1),3.81,3,0.7242,0.023
RNG(-0.1),3.82,3,0.724,0.023
RNG(-0.1),3.83,3,0.7239,0.0233
RNG(-0.1),3.84,3,0.7237,0.0231
RNG(-0.1),3.85,3,0.7235,0.0225
RNG(-0.1),3.86,3,0.7235,0.0225
RNG(-0.1),3.87,3,0.7234,0.0225
RNG(-0.1),3.88,3,0.7232,0.0216
RNG(-0.1),3.89,3,0.7232,0.0218
RNG(-0.1),3.9,3,0.7232,0.0219
RNG(-0.1),3.91,3,0.7231,0.0216
RNG(-0.1),3.92,3,0.7231,0.0216
RNG(-0.1),3.93,3,0.7229,0.0223
RNG(-0.1),3.94,3,0.7229,0.0223
RNG(-0.1),3.95,3,0.7229,0.0223
RNG(-0.1),3.96,3,0.7228,0.0223
RNG(-0.1),3.97,3,0.7227,0.0222
RNG(-0.1),3.99,3,0.7221,0.0236
RNG(-0.1),4.0,3,0.7221,0.0238
RNG(-0.1),4.01,3,0.7219,0.0237
RNG(-0.1),4.02,3,0.7219,0.0237
RNG(-0.1),4.03,3,0.7219,0.0237
RNG(-0.1),4.04,3,0.7218,0.0236
RNG(-0.1),4.05,3,0.7217,0.0231
RNG(-0.1),4.06,2,0.7266,0.0483
RNG(-0.1),4.08,2,0.7266,0.0483
RNG(-0.1),4.09,3,0.7217,0.0231
RNG(-0.1),4.1,3,0.7217,0.023
RNG(-0.1),4.11,2,0.7265,0.0489
RNG(-0.1),4.17,3,0.7216,0.023
RNG(-0.1),4.18,1,0.7226,0.0
RNG(-0.1),4.2,1,0.7226,0.0
RNG(-0.1),4.21,3,0.7214,0.0236
RNG(-0.1),4.22,1,0.7226,0.0
RNG(-0.1),4.24,3,0.7214,0.0236
RNG(-0.1),4.27,2,0.7265,0.0489
RNG(-0.1),4.28,1,0.7226,0.0
RNG(-0.1),4.31,2,0.717,0.0712
RNG(-0.1),4.35,1,0.7226,0.0
RNG(-0.1),4.36,1,0.7226,0.0
RNG(-0.05),1.18,1,0.6677,0.0
RNG(-0.05),1.19,1,0.668,0.0
RNG(-0.05),1.23,1,0.6682,0.0
RNG(-0.05),1.25,3,0.6614,0.0238
RNG(-0.05),1.29,1,0.6684,0.0
RNG(-0.05),1.31,1,0.6691,0.0
RNG(-0.05),1.32,1,0.6691,0.0
RNG(-0.05),1.33,1,0.6694,0.0
RNG(-0.05),1.35,3,0.662,0.0254
RNG(-0.05),1.39,3,0.6625,0.0247
RNG(-0.05),1.4,3,0.6631,0.0242
RNG(-0.05),1.42,2,0.6688,0.0222
RNG(-0.05),1.43,2,0.6689,0.0235
RNG(-0.05),1.44,3,0.6634,0.0243
RNG(-0.05),1.45,3,0.6634,0.0243
RNG(-0.05),1.46,2,0.6618,0.1156
RNG(-0.05),1.47,3,0.6641,0.0235
RNG(-0.05),1.48,2,0.6632,0.1137
RNG(-0.05),1.51,1,0.6723,0.0
RNG(-0.05),1.52,3,0.665,0.0226
RNG(-0.05),1.53,3,0.6657,0.0226
RNG(-0.05),1.56,3,0.6665,0.02
RNG(-0.05),1.59,3,0.6667,0.0204
RNG(-0.05),1.61,3,0.6669,0.0201
RNG(-0.05),1.62,3,0.667,0.0199
RNG(-0.05),1.63,3,0.6673,0.0203
RNG(-0.05),1.64,3,0.6676,0.0202
RNG(-0.05),1.65,3,0.6677,0.02
RNG(-0.05),1.66,3,0.6686,0.0197
RNG(-0.05),1.67,2,0.6732,0.0407
RNG(-0.05),1.68,3,0.6695,0.0207
RNG(-0.05),1.69,3,0.6698,0.0213
RNG(-0.05),1.7,3,0.6695,0.0224
RNG(-0.05),1.71,3,0.6694,0.0225
RNG(-0.05),1.72,2,0.6689,0.1105
RNG(-0.05),1.73,3,0.6699,0.0224
RNG(-0.05),1.74,3,0.67,0.0228
RNG(-0.05),1.76,3,0.6702,0.0213
RNG(-0.05),1.77,3,0.6707,0.0209
RNG(-0.05),1.78,3,0.671,0.0211
RNG(-0.05),1.79,3,0.6714,0.0211
RNG(-0.05),1.8,3,0.6725,0.0225
RNG(-0.05),1.81,3,0.673,0.0229
RNG(-0.05),1.82,3,0.6738,0.0228
RNG(-0.05),1.83,3,0.674,0.0232
RNG(-0.05),1.84,2,0.6789,0.0489
RNG(-0.05),1.85,3,0.6742,0.0227
RNG(-0.05),1.86,3,0.6744,0.0221
RNG(-0.05),1.87,3,0.6747,0.0222
RNG(-0.05),1.88,3,0.6749,0.0224
RNG(-0.05),1.89,3,0.6747,0.0236
RNG(-0.05),1.9,3,0.6757,0.0231
RNG(-0.05),1.91,3,0.6758,0.0239
RNG(-0.05),1.92,3,0.676,0.0239
RNG(-0.05),1.93,3,0.6761,0.0233
RNG(-0.05),1.94,3,0.6766,0.0235
RNG(-0.05),1.95,3,0.6767,0.0237
RNG(-0.05),1.96,3,0.6767,0.0235
RNG(-0.05),1.97,3,0.6769,0.023
RNG(-0.05),1.98,3,0.6777,0.023
RNG(-0.05),1.99,3,0.6781,0.023
RNG(-0.05),2.0,3,0.6786,0.0227
RNG(-0.05),2.01,3,0.6787,0.0225
RNG(-0.05),2.02,3,0.6788,0.0225
RNG(-0.05),2.03,3,0.6792,0.0235
RNG(-0.05),2.04,3,0.6797,0.0235
RNG(-0.05),2.05,3,0.6803,0.0234
RNG(-0.05),2.06,3,0.6808,0.0221
RNG(-0.05),2.07,3,0.6812,0.022
RNG(-0.05),2.08,3,0.6812,0.0222
RNG(-0.05),2.09,3,0.6817,0.0217
RNG(-0.05),2.1,3,0.6821,0.021
RNG(-0.05),2.11,3,0.6824,0.0204
RNG(-0.05),2.12,3,0.683,0.021
RNG(-0.05),2.13,3,0.6834,0.0206
RNG(-0.05),2.14,3,0.6834,0.0206
RNG(-0.05),2.15,2,0.6846,0.1029
RNG(-0.05),2.16,3,0.684,0.0202
RNG(-0.05),2.17,3,0.6844,0.0191
RNG(-0.05),2.18,3,0.6846,0.0185
RNG(-0.05),2.19,3,0.685,0.0184
RNG(-0.05),2.2,3,0.6857,0.0184
RNG(-0.05),2.21,3,0.6862,0.0189
RNG(-0.05),2.22,3,0.6865,0.0193
RNG(-0.05),2.23,3,0.6872,0.0192
RNG(-0.05),2.24,2,0.6868,0.094
RNG(-0.05),2.25,3,0.6876,0.0192
RNG(-0.05),2.26,3,0.6883,0.0203
RNG(-0.05),2.27,3,0.6881,0.0204
RNG(-0.05),2.28,3,0.6887,0.0213
RNG(-0.05),2.29,3,0.6892,0.0212
RNG(-0.05),2.3,3,0.6893,0.0211
RNG(-0.05),2.31,3,0.6899,0.0215
RNG(-0.05),2.32,3,0.6901,0.0214
RNG(-0.05),2.33,3,0.6904,0.0208
RNG(-0.05),2.34,3,0.691,0.0206
RNG(-0.05),2.35,3,0.6911,0.0202
RNG(-0.05),2.36,3,0.6917,0.0205
RNG(-0.05),2.37,3,0.6921,0.0195
RNG(-0.05),2.38,3,0.6924,0.0191
RNG(-0.05),2.39,3,0.693,0.0181
RNG(-0.05),2.4,3,0.6934,0.0184
RNG(-0.05),2.41,3,0.6943,0.0193
RNG(-0.05),2.42,3,0.6948,0.0193
RNG(-0.05),2.43,3,0.6952,0.0194
RNG(-0.05),2.44,3,0.6952,0.0197
RNG(-0.05),2.45,3,0.6958,0.0195
RNG(-0.05),2.46,3,0.6968,0.0195
RNG(-0.05),2.47,3,0.6967,0.0193
RNG(-0.05),2.48,3,0.6973,0.019
RNG(-0.05),2.49,3,0.6978,0.0186
RNG(-0.05),2.5,3,0.6982,0.0186
RNG(-0.05),2.51,3,0.6988,0.0177
RNG(-0.05),2.52,3,0.6998,0.0167
RNG(-0.05),2.53,3,0.7001,0.0164
RNG(-0.05),2.54,3,0.7004,0.0163
RNG(-0.05),2.55,3,0.7014,0.0171
RNG(-0.05),2.56,3,0.7014,0.0176
RNG(-0.05),2.57,3,0.7023,0.018
RNG(-0.05),2.58,3,0.7026,0.0178
RNG(-0.05),2.59,3,0.7027,0.018
RNG(-0.05),2.6,3,0.7031,0.0173
RNG(-0.05),2.61,3,0.7035,0.0181
RNG(-0.05),2.62,3,0.7038,0.018
RNG(-0.05),2.63,3,0.7042,0.0183
RNG(-0.05),2.64,3,0.7045,0.0188
RNG(-0.05),2.65,3,0.7046,0.0198
RNG(-0.05),2.66,3,0.7048,0.02
RNG(-0.05),2.67,3,0.7049,0.0193
RNG(-0.05),2.68,3,0.7054,0.0188
RNG(-0.05),2.69,3,0.7055,0.0187
RNG(-0.05),2.7,3,0.7059,0.0189
RNG(-0.05),2.71,3,0.7057,0.019
RNG(-0.05),2.72,3,0.7059,0.0186
RNG(-0.05),2.73,3,0.7063,0.017
RNG(-0.05),2.74,3,0.7063,0.0169
RNG(-0.05),2.75,3,0.7066,0.0157
RNG(-0.05),2.76,3,0.7072,0.0152
RNG(-0.05),2.77,3,0.7081,0.0144
RNG(-0.05),2.78,3,0.7091,0.0154
RNG(-0.05),2.79,3,0.7096,0.0158
RNG(-0.05),2.8,3,0.7097,0.0151
RNG(-0.05),2.81,3,0.7095,0.0165
RNG(-0.05),2.82,3,0.7097,0.0173
RNG(-0.05),2.83,3,0.7101,0.0167
RNG(-0.05),2.84,3,0.7099,0.0175
RNG(-0.05),2.85,3,0.7102,0.0168
RNG(-0.05),2.86,3,0.7107,0.0165
RNG(-0.05),2.87,3,0.7111,0.0173
RNG(-0.05),2.88,3,0.7113,0.0179
RNG(-0.05),2.89,3,0.7114,0.0174
RNG(-0.05),2.9,3,0.7115,0.0172
RNG(-0.05),2.91,3,0.7117,0.0176
RNG(-0.05),2.92,3,0.7121,0.0172
RNG(-0.05),2.93,3,0.7123,0.0176
RNG(-0.05),2.94,3,0.7123,0.0176
RNG(-0.05),2.95,3,0.7126,0.0176
RNG(-0.05),2.96,3,0.7133,0.0178
RNG(-0.05),2.97,3,0.7137,0.0177
RNG(-0.05),2.98,3,0.7137,0.0178
RNG(-0.05),2.99,3,0.7136,0.0183
RNG(-0.05),3.0,3,0.7141,0.0187
RNG(-0.05),3.01,3,0.7147,0.0184
RNG(-0.05),3.02,3,0.715,0.0183
RNG(-0.05),3.03,3,0.715,0.0185
RNG(-0.05),3.04,3,0.7152,0.0187
RNG(-0.05),3.05,3,0.7156,0.0187
RNG(-0.05),3.06,3,0.7155,0.0194
RNG(-0.05),3.07,3,0.7158,0.0178
RNG(-0.05),3.08,3,0.7158,0.0178
RNG(-0.05),3.09,3,0.7161,0.0172
RNG(-0.05),3.1,3,0.7168,0.0186
RNG(-0.05),3.11,3,0.7172,0.0183
RNG(-0.05),3.12,3,0.7171,0.0178
RNG(-0.05),3.13,3,0.7179,0.017
RNG(-0.05),3.14,3,0.7185,0.0159
RNG(-0.05),3.15,3,0.7185,0.0156
RNG(-0.05),3.16,3,0.7186,0.0154
RNG(-0.05),3.17,3,0.7185,0.0156
RNG(-0.05),3.18,3,0.7187,0.0156
RNG(-0.05),3.19,3,0.7187,0.0156
RNG(-0.05),3.2,3,0.7189,0.0158
RNG(-0.05),3.21,3,0.7189,0.0164
RNG(-0.05),3.22,3,0.719,0.0167
RNG(-0.05),3.23,3,0.7193,0.017
RNG(-0.05),3.24,3,0.7195,0.0168
RNG(-0.05),3.25,3,0.7193,0.0165
RNG(-0.05),3.26,3,0.7192,0.0168
RNG(-0.05),3.27,3,0.7194,0.0171
RNG(-0.05),3.28,3,0.7194,0.0179
RNG(-0.05),3.29,3,0.7192,0.0187
RNG(-0.05),3.3,3,0.7194,0.0188
RNG(-0.05),3.31,3,0.7196,0.0189
RNG(-0.05),3.32,3,0.7199,0.0189
RNG(-0.05),3.33,3,0.7199,0.0189
RNG(-0.05),3.34,3,0.7194,0.0191
RNG(-0.05),3.35,3,0.7193,0.0194
RNG(-0.05),3.36,3,0.7196,0.0209
RNG(-0.05),3.37,3,0.7197,0.0203
RNG(-0.05),3.38,3,0.7197,0.0202
RNG(-0.05),3.39,3,0.7194,0.0201
RNG(-0.05),3.4,3,0.7193,0.0201
RNG(-0.05),3.41,3,0.7195,0.0206
RNG(-0.05),3.42,3,0.7194,0.0202
RNG(-0.05),3.43,3,0.7193,0.0199
RNG(-0.05),3.44,3,0.7192,0.0201
RNG(-0.05),3.45,3,0.7194,0.0202
RNG(-0.05),3.46,3,0.7193,0.0202
RNG(-0.05),3.47,3,0.7196,0.0201
RNG(-0.05),3.48,3,0.7195,0.0201
RNG(-0.05),3.49,3,0.7195,0.021
RNG(-0.05),3.5,3,0.7192,0.0209
RNG(-0.05),3.51,3,0.7192,0.0213
RNG(-0.05),3.52,3,0.7192,0.0215
RNG(-0.05),3.53,3,0.7191,0.0215
RNG(-0.05),3.54,3,0.7191,0.0224
RNG(-0.05),3.55,3,0.7192,0.0223
RNG(-0.05),3.56,3,0.7192,0.0224
RNG(-0.05),3.57,3,0.7189,0.0219
RNG(-0.05),3.58,3,0.7184,0.0226
RNG(-0.05),3.59,3,0.718,0.0221
RNG(-0.05),3.6,3,0.7176,0.0231
RNG(-0.05),3.61,3,0.717,0.0232
RNG(-0.05),3.62,3,0.7169,0.0229
RNG(-0.05),3.63,3,0.717,0.0234
RNG(-0.05),3.64,3,0.7169,0.0234
RNG(-0.05),3.65,3,0.7171,0.0231
RNG(-0.05),3.66,3,0.7168,0.0232
RNG(-0.05),3.67,3,0.7165,0.0231
RNG(-0.05),3.68,3,0.7165,0.023
RNG(-0.05),3.69,3,0.7165,0.0226
RNG(-0.05),3.7,3,0.7168,0.0234
RNG(-0.05),3.71,3,0.7165,0.0236
RNG(-0.05),3.72,3,0.7164,0.0238
RNG(-0.05),3.73,3,0.7167,0.0237
RNG(-0.05),3.74,3,0.7165,0.0237
RNG(-0.05),3.75,3,0.7165,0.0239
RNG(-0.05),3.76,3,0.7165,0.024
RNG(-0.05),3.77,3,0.7164,0.024
RNG(-0.05),3.79,3,0.7163,0.0241
RNG(-0.05),3.8,3,0.716,0.0236
RNG(-0.05),3.81,3,0.716,0.0236
RNG(-0.05),3.82,3,0.7156,0.0231
RNG(-0.05),3.83,3,0.7155,0.0233
RNG(-0.05),3.84,3,0.7154,0.0231
RNG(-0.05),3.85,3,0.7152,0.0224
RNG(-0.05),3.86,3,0.7151,0.0229
RNG(-0.05),3.87,3,0.7151,0.0231
RNG(-0.05),3.88,3,0.7149,0.0224
RNG(-0.05),3.89,3,0.7149,0.0225
RNG(-0.05),3.9,3,0.715,0.0226
RNG(-0.05),3.91,3,0.7149,0.0225
RNG(-0.05),3.92,3,0.7149,0.0225
RNG(-0.05),3.93,3,0.7146,0.0231
RNG(-0.05),3.94,3,0.7147,0.0232
RNG(-0.05),3.95,3,0.7147,0.0232
RNG(-0.05),3.96,3,0.7145,0.0239
RNG(-0.05),3.97,3,0.7144,0.0239
RNG(-0.05),3.99,3,0.7137,0.0252
RNG(-0.05),4.0,3,0.7138,0.0254
RNG(-0.05),4.01,3,0.7135,0.0254
RNG(-0.05),4.02,3,0.7134,0.0261
RNG(-0.05),4.03,3,0.7134,0.0261
RNG(-0.05),4.04,3,0.7133,0.0259
RNG(-0.05),4.05,3,0.7132,0.0255
RNG(-0.05),4.06,2,0.7186,0.0534
RNG(-0.05),4.08,2,0.7184,0.054
RNG(-0.05),4.09,3,0.713,0.0252
RNG(-0.05),4.1,3,0.7129,0.0252
RNG(-0.05),4.11,2,0.7182,0.054
RNG(-0.05),4.17,3,0.7129,0.0254
RNG(-0.05),4.18,1,0.7139,0.0
RNG(-0.05),4.2,1,0.7136,0.0
RNG(-0.05),4.21,3,0.7125,0.0261
RNG(-0.05),4.22,1,0.7133,0.0
RNG(-0.05),4.24,3,0.7125,0.0261
RNG(-0.05),4.27,2,0.718,0.0591
RNG(-0.05),4.28,1,0.7133,0.0
RNG(-0.05),4.31,2,0.7075,0.0743
RNG(-0.05),4.35,1,0.7133,0.0
RNG(-0.05),4.36,1,0.7133,0.0
RNG(0),1.18,1,0.6677,0.0
RNG(0),1.19,1,0.668,0.0
RNG(0),1.23,1,0.668,0.0
RNG(0),1.25,3,0.6613,0.0237
RNG(0),1.29,1,0.6683,0.0
RNG(0),1.31,1,0.669,0.0
RNG(0),1.32,1,0.669,0.0
RNG(0),1.33,1,0.6693,0.0
RNG(0),1.35,3,0.662,0.0253
RNG(0),1.39,3,0.6624,0.0245
RNG(0),1.4,3,0.663,0.0241
RNG(0),1.42,2,0.6688,0.0216
RNG(0),1.43,2,0.6688,0.0216
RNG(0),1.44,3,0.6633,0.024
RNG(0),1.45,3,0.6634,0.0236
RNG(0),1.46,2,0.6619,0.1124
RNG(0),1.47,3,0.6641,0.0228
RNG(0),1.48,2,0.6632,0.1112
RNG(0),1.51,1,0.6721,0.0
RNG(0),1.52,3,0.6649,0.0224
RNG(0),1.53,3,0.6652,0.023
RNG(0),1.56,3,0.6659,0.0203
RNG(0),1.59,3,0.6661,0.0207
RNG(0),1.61,3,0.6662,0.0207
RNG(0),1.62,3,0.6664,0.0205
RNG(0),1.63,3,0.6666,0.0209
RNG(0),1.64,3,0.6669,0.0207
RNG(0),1.65,3,0.667,0.0206
RNG(0),1.66,3,0.6678,0.0204
RNG(0),1.67,2,0.6727,0.0343
RNG(0),1.68,3,0.6687,0.0214
RNG(0),1.69,3,0.6689,0.0219
RNG(0),1.7,3,0.6683,0.0235
RNG(0),1.71,3,0.6683,0.0235
RNG(0),1.72,2,0.6676,0.1175
RNG(0),1.73,3,0.6687,0.0238
RNG(0),1.74,3,0.6688,0.024
RNG(0),1.76,3,0.669,0.0227
RNG(0),1.77,3,0.6695,0.0225
RNG(0),1.78,3,0.6698,0.0227
RNG(0),1.79,3,0.6701,0.0226
RNG(0),1.8,3,0.6713,0.0241
RNG(0),1.81,3,0.6717,0.0244
RNG(0),1.82,3,0.6725,0.0242
RNG(0),1.83,3,0.6728,0.0247
RNG(0),1.84,2,0.678,0.0496
RNG(0),1.85,3,0.673,0.0242
RNG(0),1.86,3,0.6731,0.0238
RNG(0),1.87,3,0.6733,0.0239
RNG(0),1.88,3,0.6736,0.0241
RNG(0),1.89,3,0.6735,0.0253
RNG(0),1.9,3,0.6744,0.0248
RNG(0),1.91,3,0.6746,0.0256
RNG(0),1.92,3,0.6747,0.0256
RNG(0),1.93,3,0.6749,0.0249
RNG(0),1.94,3,0.6753,0.0252
RNG(0),1.95,3,0.6754,0.0255
RNG(0),1.96,3,0.6754,0.0252
RNG(0),1.97,3,0.6756,0.0247
RNG(0),1.98,3,0.6763,0.0243
RNG(0),1.99,3,0.6768,0.0242
RNG(0),2.0,3,0.6773,0.0243
RNG(0),2.01,3,0.6774,0.0241
RNG(0),2.02,3,0.6774,0.0241
RNG(0),2.03,3,0.6778,0.0251
RNG(0),2.04,3,0.6781,0.0253
RNG(0),2.05,3,0.6787,0.0252
RNG(0),2.06,3,0.6792,0.024
RNG(0),2.07,3,0.6794,0.0239
RNG(0),2.08,3,0.6797,0.0239
RNG(0),2.09,3,0.6802,0.0236
RNG(0),2.1,3,0.6807,0.0229
RNG(0),2.11,3,0.681,0.0223
RNG(0),2.12,3,0.6815,0.0231
RNG(0),2.13,3,0.6819,0.0228
RNG(0),2.14,3,0.6821,0.0228
RNG(0),2.15,2,0.6831,0.1156
RNG(0),2.16,3,0.6825,0.0224
RNG(0),2.17,3,0.6829,0.0222
RNG(0),2.18,3,0.683,0.0217
RNG(0),2.19,3,0.6833,0.0223
RNG(0),2.2,3,0.684,0.0221
RNG(0),2.21,3,0.6844,0.023
RNG(0),2.22,3,0.6847,0.0233
RNG(0),2.23,3,0.6854,0.0231
RNG(0),2.24,2,0.6852,0.1144
RNG(0),2.25,3,0.686,0.0228
RNG(0),2.26,3,0.6867,0.0241
RNG(0),2.27,3,0.6865,0.0242
RNG(0),2.28,3,0.6868,0.0252
RNG(0),2.29,3,0.6873,0.0249
RNG(0),2.3,3,0.6874,0.0248
RNG(0),2.31,3,0.6878,0.025
RNG(0),2.32,3,0.688,0.0247
RNG(0),2.33,3,0.6883,0.0242
RNG(0),2.34,3,0.6889,0.0242
RNG(0),2.35,3,0.689,0.0239
RNG(0),2.36,3,0.6891,0.0238
RNG(0),2.37,3,0.6897,0.0226
RNG(0),2.38,3,0.6898,0.0222
RNG(0),2.39,3,0.6904,0.021
RNG(0),2.4,3,0.6907,0.0211
RNG(0),2.41,3,0.6914,0.0215
RNG(0),2.42,3,0.692,0.0215
RNG(0),2.43,3,0.6926,0.022
RNG(0),2.44,3,0.6926,0.0221
RNG(0),2.45,3,0.6933,0.0217
RNG(0),2.46,3,0.6942,0.0212
RNG(0),2.47,3,0.6941,0.0212
RNG(0),2.48,3,0.6946,0.0204
RNG(0),2.49,3,0.6949,0.0206
RNG(0),2.5,3,0.6953,0.0204
RNG(0),2.51,3,0.6958,0.0192
RNG(0),2.52,3,0.6964,0.019
RNG(0),2.53,3,0.6965,0.0185
RNG(0),2.54,3,0.697,0.0181
RNG(0),2.55,3,0.6978,0.0195
RNG(0),2.56,3,0.698,0.0197
RNG(0),2.57,3,0.6988,0.0199
RNG(0),2.58,3,0.6988,0.019
RNG(0),2.59,3,0.6988,0.0191
RNG(0),2.6,3,0.6992,0.0184
RNG(0),2.61,3,0.6995,0.02
RNG(0),2.62,3,0.6998,0.0197
RNG(0),2.63,3,0.7003,0.0199
RNG(0),2.64,3,0.7005,0.0202
RNG(0),2.65,3,0.701,0.0209
RNG(0),2.66,3,0.7011,0.021
RNG(0),2.67,3,0.7011,0.0204
RNG(0),2.68,3,0.7015,0.0199
RNG(0),2.69,3,0.7017,0.0196
RNG(0),2.7,3,0.702,0.0197
RNG(0),2.71,3,0.7018,0.0195
RNG(0),2.72,3,0.7019,0.0194
RNG(0),2.73,3,0.702,0.0191
RNG(0),2.74,3,0.702,0.0195
RNG(0),2.75,3,0.7023,0.0183
RNG(0),2.76,3,0.703,0.018
RNG(0),2.77,3,0.7038,0.0171
RNG(0),2.78,3,0.7048,0.0179
RNG(0),2.79,3,0.7053,0.0186
RNG(0),2.8,3,0.7053,0.0183
RNG(0),2.81,3,0.7052,0.0192
RNG(0),2.82,3,0.7056,0.0199
RNG(0),2.83,3,0.706,0.0185
RNG(0),2.84,3,0.7057,0.0192
RNG(0),2.85,3,0.7059,0.0185
RNG(0),2.86,3,0.7064,0.0178
RNG(0),2.87,3,0.7066,0.0184
RNG(0),2.88,3,0.7069,0.0187
RNG(0),2.89,3,0.7069,0.0188
RNG(0),2.9,3,0.7069,0.0188
RNG(0),2.91,3,0.7071,0.0188
RNG(0),2.92,3,0.7074,0.0182
RNG(0),2.93,3,0.7077,0.0182
RNG(0),2.94,3,0.7078,0.0184
RNG(0),2.95,3,0.708,0.0183
RNG(0),2.96,3,0.7084,0.0189
RNG(0),2.97,3,0.7088,0.0187
RNG(0),2.98,3,0.709,0.0186
RNG(0),2.99,3,0.7091,0.0193
RNG(0),3.0,3,0.7095,0.02
RNG(0),3.01,3,0.7099,0.0196
RNG(0),3.02,3,0.7102,0.02
RNG(0),3.03,3,0.7102,0.0197
RNG(0),3.04,3,0.7104,0.0198
RNG(0),3.05,3,0.7108,0.0198
RNG(0),3.06,3,0.7106,0.0202
RNG(0),3.07,3,0.7106,0.0196
RNG(0),3.08,3,0.7106,0.0195
RNG(0),3.09,3,0.711,0.0188
RNG(0),3.1,3,0.7116,0.0199
RNG(0),3.11,3,0.7117,0.0193
RNG(0),3.12,3,0.7117,0.0192
RNG(0),3.13,3,0.7123,0.0184
RNG(0),3.14,3,0.7125,0.0173
RNG(0),3.15,3,0.7126,0.0172
RNG(0),3.16,3,0.7126,0.0175
RNG(0),3.17,3,0.7127,0.0176
RNG(0),3.18,3,0.7127,0.0182
RNG(0),3.19,3,0.7128,0.0179
RNG(0),3.2,3,0.7128,0.0181
RNG(0),3.21,3,0.7126,0.0187
RNG(0),3.22,3,0.7129,0.0189
RNG(0),3.23,3,0.7132,0.0189
RNG(0),3.24,3,0.7134,0.0188
RNG(0),3.25,3,0.7133,0.0191
RNG(0),3.26,3,0.7131,0.0191
RNG(0),3.27,3,0.7132,0.0191
RNG(0),3.28,3,0.7131,0.0198
RNG(0),3.29,3,0.713,0.0206
RNG(0),3.3,3,0.7129,0.0206
RNG(0),3.31,3,0.7132,0.0211
RNG(0),3.32,3,0.7132,0.0216
RNG(0),3.33,3,0.7129,0.0221
RNG(0),3.34,3,0.7126,0.0226
RNG(0),3.35,3,0.7125,0.0227
RNG(0),3.36,3,0.7128,0.0236
RNG(0),3.37,3,0.7129,0.023
RNG(0),3.38,3,0.7128,0.023
RNG(0),3.39,3,0.7128,0.0226
RNG(0),3.4,3,0.7129,0.0229
RNG(0),3.41,3,0.7128,0.0231
RNG(0),3.42,3,0.7126,0.0231
RNG(0),3.43,3,0.7124,0.0229
RNG(0),3.44,3,0.7124,0.0228
RNG(0),3.45,3,0.7125,0.0225
RNG(0),3.46,3,0.7124,0.0224
RNG(0),3.47,3,0.7125,0.0222
RNG(0),3.48,3,0.7125,0.0223
RNG(0),3.49,3,0.7124,0.0234
RNG(0),3.5,3,0.7122,0.0234
RNG(0),3.51,3,0.7122,0.0234
RNG(0),3.52,3,0.7124,0.0231
RNG(0),3.53,3,0.7123,0.023
RNG(0),3.54,3,0.7121,0.0237
RNG(0),3.55,3,0.7122,0.0237
RNG(0),3.56,3,0.7121,0.0238
RNG(0),3.57,3,0.712,0.0236
RNG(0),3.58,3,0.7111,0.0235
RNG(0),3.59,3,0.7109,0.0232
RNG(0),3.6,3,0.7105,0.0245
RNG(0),3.61,3,0.71,0.0248
RNG(0),3.62,3,0.7099,0.0243
RNG(0),3.63,3,0.7101,0.0251
RNG(0),3.64,3,0.71,0.0251
RNG(0),3.65,3,0.7102,0.0249
RNG(0),3.66,3,0.7098,0.0239
RNG(0),3.67,3,0.7095,0.0245
RNG(0),3.68,3,0.7096,0.0243
RNG(0),3.69,3,0.7096,0.0241
RNG(0),3.7,3,0.7099,0.0249
RNG(0),3.71,3,0.7097,0.025
RNG(0),3.72,3,0.7092,0.0243
RNG(0),3.73,3,0.7091,0.024
RNG(0),3.74,3,0.709,0.0241
RNG(0),3.75,3,0.709,0.0244
RNG(0),3.76,3,0.7089,0.0248
RNG(0),3.77,3,0.7088,0.0249
RNG(0),3.79,3,0.7086,0.0253
RNG(0),3.8,3,0.7083,0.025
RNG(0),3.81,3,0.7081,0.0248
RNG(0),3.82,3,0.7074,0.0233
RNG(0),3.83,3,0.7072,0.0235
RNG(0),3.84,3,0.7073,0.0236
RNG(0),3.85,3,0.7071,0.0231
RNG(0),3.86,3,0.707,0.0234
RNG(0),3.87,3,0.7071,0.0236
RNG(0),3.88,3,0.7069,0.0232
RNG(0),3.89,3,0.7069,0.0235
RNG(0),3.9,3,0.707,0.0235
RNG(0),3.91,3,0.7067,0.0228
RNG(0),3.92,3,0.7067,0.0228
RNG(0),3.93,3,0.7064,0.0235
RNG(0),3.94,3,0.7063,0.0233
RNG(0),3.95,3,0.7063,0.0233
RNG(0),3.96,3,0.7061,0.0239
RNG(0),3.97,3,0.706,0.0241
RNG(0),3.99,3,0.7054,0.0252
RNG(0),4.0,3,0.7054,0.0253
RNG(0),4.01,3,0.7051,0.0257
RNG(0),4.02,3,0.7049,0.0264
RNG(0),4.03,3,0.7049,0.0264
RNG(0),4.04,3,0.7049,0.0264
RNG(0),4.05,3,0.7048,0.026
RNG(0),4.06,2,0.7107,0.028
RNG(0),4.08,2,0.7104,0.028
RNG(0),4.09,3,0.7046,0.0255
RNG(0),4.1,3,0.7046,0.0255
RNG(0),4.11,2,0.7104,0.028
RNG(0),4.17,3,0.7046,0.0255
RNG(0),4.18,1,0.7082,0.0
RNG(0),4.2,1,0.7082,0.0
RNG(0),4.21,3,0.7044,0.0262
RNG(0),4.22,1,0.7082,0.0
RNG(0),4.24,3,0.7044,0.0262
RNG(0),4.27,2,0.7104,0.0273
RNG(0),4.28,1,0.7082,0.0
RNG(0),4.31,2,0.7004,0.0997
RNG(0),4.35,1,0.7079,0.0
RNG(0),4.36,1,0.7079,0.0
RNG(0.05),1.18,1,0.6677,0.0
RNG(0.05),1.19,1,0.668,0.0
RNG(0.05),1.23,1,0.668,0.0
RNG(0.05),1.25,3,0.6613,0.0237
RNG(0.05),1.29,1,0.6683,0.0
RNG(0.05),1.31,1,0.669,0.0
RNG(0.05),1.32,1,0.669,0.0
RNG(0.05),1.33,1,0.6693,0.0
RNG(0.05),1.35,3,0.662,0.0252
RNG(0.05),1.39,3,0.6622,0.024
RNG(0.05),1.4,3,0.6628,0.0236
RNG(0.05),1.42,2,0.6685,0.0203
RNG(0.05),1.43,2,0.6685,0.0203
RNG(0.05),1.44,3,0.6631,0.0236
RNG(0.05),1.45,3,0.6632,0.0231
RNG(0.05),1.46,2,0.6617,0.1099
RNG(0.05),1.47,3,0.6637,0.0224
RNG(0.05),1.48,2,0.6627,0.1086
RNG(0.05),1.51,1,0.6713,0.0
RNG(0.05),1.52,3,0.6645,0.022
RNG(0.05),1.53,3,0.6651,0.0223
RNG(0.05),1.56,3,0.6658,0.0198
RNG(0.05),1.59,3,0.666,0.0202
RNG(0.05),1.61,3,0.6663,0.0195
RNG(0.05),1.62,3,0.6665,0.0193
RNG(0.05),1.63,3,0.6668,0.0197
RNG(0.05),1.64,3,0.667,0.0193
RNG(0.05),1.65,3,0.6671,0.0193
RNG(0.05),1.66,3,0.6676,0.0186
RNG(0.05),1.67,2,0.6721,0.0286
RNG(0.05),1.68,3,0.6682,0.0196
RNG(0.05),1.69,3,0.6682,0.0201
RNG(0.05),1.7,3,0.6674,0.0218
RNG(0.05),1.71,3,0.6674,0.0218
RNG(0.05),1.72,2,0.6668,0.1086
RNG(0.05),1.73,3,0.6677,0.022
RNG(0.05),1.74,3,0.6677,0.022
RNG(0.05),1.76,3,0.668,0.0213
RNG(0.05),1.77,3,0.6682,0.0214
RNG(0.05),1.78,3,0.6685,0.0216
RNG(0.05),1.79,3,0.6688,0.0215
RNG(0.05),1.8,3,0.67,0.023
RNG(0.05),1.81,3,0.6704,0.0233
RNG(0.05),1.82,3,0.6711,0.0233
RNG(0.05),1.83,3,0.6713,0.023
RNG(0.05),1.84,2,0.6762,0.047
RNG(0.05),1.85,3,0.6716,0.0225
RNG(0.05),1.86,3,0.6718,0.0221
RNG(0.05),1.87,3,0.672,0.0223
RNG(0.05),1.88,3,0.6723,0.0224
RNG(0.05),1.89,3,0.6722,0.0237
RNG(0.05),1.9,3,0.673,0.0233
RNG(0.05),1.91,3,0.6732,0.024
RNG(0.05),1.92,3,0.6734,0.0244
RNG(0.05),1.93,3,0.6736,0.0238
RNG(0.05),1.94,3,0.674,0.024
RNG(0.05),1.95,3,0.6742,0.0241
RNG(0.05),1.96,3,0.6742,0.0239
RNG(0.05),1.97,3,0.6744,0.0239
RNG(0.05),1.98,3,0.675,0.0235
RNG(0.05),1.99,3,0.6754,0.0234
RNG(0.05),2.0,3,0.676,0.0235
RNG(0.05),2.01,3,0.6761,0.0231
RNG(0.05),2.02,3,0.6762,0.0232
RNG(0.05),2.03,3,0.6765,0.0239
RNG(0.05),2.04,3,0.6768,0.0243
RNG(0.05),2.05,3,0.6774,0.0243
RNG(0.05),2.06,3,0.6779,0.023
RNG(0.05),2.07,3,0.6782,0.0229
RNG(0.05),2.08,3,0.6784,0.0229
RNG(0.05),2.09,3,0.6787,0.0231
RNG(0.05),2.1,3,0.679,0.0219
RNG(0.05),2.11,3,0.6793,0.0211
RNG(0.05),2.12,3,0.6798,0.022
RNG(0.05),2.13,3,0.6802,0.0217
RNG(0.05),2.14,3,0.6804,0.0216
RNG(0.05),2.15,2,0.681,0.1105
RNG(0.05),2.16,3,0.6807,0.0215
RNG(0.05),2.17,3,0.6813,0.0209
RNG(0.05),2.18,3,0.6815,0.0208
RNG(0.05),2.19,3,0.6819,0.0209
RNG(0.05),2.2,3,0.6826,0.0209
RNG(0.05),2.21,3,0.6829,0.0214
RNG(0.05),2.22,3,0.683,0.0218
RNG(0.05),2.23,3,0.6837,0.0217
RNG(0.05),2.24,2,0.6833,0.1067
RNG(0.05),2.25,3,0.684,0.0214
RNG(0.05),2.26,3,0.6846,0.0225
RNG(0.05),2.27,3,0.6845,0.0228
RNG(0.05),2.28,3,0.6848,0.0234
RNG(0.05),2.29,3,0.6852,0.0233
RNG(0.05),2.3,3,0.6854,0.0232
RNG(0.05),2.31,3,0.6859,0.0235
RNG(0.05),2.32,3,0.6861,0.0235
RNG(0.05),2.33,3,0.6864,0.023
RNG(0.05),2.34,3,0.6869,0.023
RNG(0.05),2.35,3,0.6871,0.0226
RNG(0.05),2.36,3,0.6872,0.0226
RNG(0.05),2.37,3,0.6876,0.0214
RNG(0.05),2.38,3,0.688,0.0214
RNG(0.05),2.39,3,0.6885,0.02
RNG(0.05),2.4,3,0.6887,0.0196
RNG(0.05),2.41,3,0.6894,0.0202
RNG(0.05),2.42,3,0.6898,0.0203
RNG(0.05),2.43,3,0.6903,0.0206
RNG(0.05),2.44,3,0.6903,0.0207
RNG(0.05),2.45,3,0.691,0.0206
RNG(0.05),2.46,3,0.6918,0.0203
RNG(0.05),2.47,3,0.6918,0.0202
RNG(0.05),2.48,3,0.6923,0.0196
RNG(0.05),2.49,3,0.6925,0.02
RNG(0.05),2.5,3,0.693,0.0203
RNG(0.05),2.51,3,0.6937,0.0198
RNG(0.05),2.52,3,0.6948,0.0194
RNG(0.05),2.53,3,0.6949,0.0188
RNG(0.05),2.54,3,0.6954,0.0184
RNG(0.05),2.55,3,0.6963,0.0192
RNG(0.05),2.56,3,0.6963,0.0194
RNG(0.05),2.57,3,0.6971,0.0197
RNG(0.05),2.58,3,0.6974,0.0193
RNG(0.05),2.59,3,0.6975,0.0194
RNG(0.05),2.6,3,0.6978,0.0188
RNG(0.05),2.61,3,0.6982,0.0198
RNG(0.05),2.62,3,0.6983,0.0198
RNG(0.05),2.63,3,0.6988,0.0201
RNG(0.05),2.64,3,0.699,0.0203
RNG(0.05),2.65,3,0.6994,0.0209
RNG(0.05),2.66,3,0.6996,0.0211
RNG(0.05),2.67,3,0.6998,0.0206
RNG(0.05),2.68,3,0.7003,0.02
RNG(0.05),2.69,3,0.7003,0.0201
RNG(0.05),2.7,3,0.7006,0.0202
RNG(0.05),2.71,3,0.7007,0.02
RNG(0.05),2.72,3,0.7009,0.0199
RNG(0.05),2.73,3,0.7011,0.0197
RNG(0.05),2.74,3,0.7011,0.0202
RNG(0.05),2.75,3,0.7014,0.019
RNG(0.05),2.76,3,0.702,0.0185
RNG(0.05),2.77,3,0.7028,0.0177
RNG(0.05),2.78,3,0.7039,0.0188
RNG(0.05),2.79,3,0.7043,0.0188
RNG(0.05),2.8,3,0.7043,0.0187
RNG(0.05),2.81,3,0.7041,0.0197
RNG(0.05),2.82,3,0.7045,0.0202
RNG(0.05),2.83,3,0.7049,0.0192
RNG(0.05),2.84,3,0.7046,0.0198
RNG(0.05),2.85,3,0.7048,0.019
RNG(0.05),2.86,3,0.7053,0.0185
RNG(0.05),2.87,3,0.7057,0.0194
RNG(0.05),2.88,3,0.706,0.0192
RNG(0.05),2.89,3,0.7059,0.0195
RNG(0.05),2.9,3,0.7061,0.0193
RNG(0.05),2.91,3,0.7063,0.0193
RNG(0.05),2.92,3,0.7066,0.0186
RNG(0.05),2.93,3,0.7072,0.0186
RNG(0.05),2.94,3,0.7072,0.0188
RNG(0.05),2.95,3,0.7075,0.0187
RNG(0.05),2.96,3,0.7076,0.0194
RNG(0.05),2.97,3,0.7081,0.0193
RNG(0.05),2.98,3,0.7083,0.0198
RNG(0.05),2.99,3,0.7083,0.0202
RNG(0.05),3.0,3,0.7086,0.0208
RNG(0.05),3.01,3,0.7092,0.0204
RNG(0.05),3.02,3,0.7095,0.0207
RNG(0.05),3.03,3,0.7095,0.0204
RNG(0.05),3.04,3,0.7097,0.021
RNG(0.05),3.05,3,0.71,0.0211
RNG(0.05),3.06,3,0.71,0.0211
RNG(0.05),3.07,3,0.7103,0.0206
RNG(0.05),3.08,3,0.7103,0.0208
RNG(0.05),3.09,3,0.7107,0.0201
RNG(0.05),3.1,3,0.7114,0.0215
RNG(0.05),3.11,3,0.7117,0.0205
RNG(0.05),3.12,3,0.7116,0.0201
RNG(0.05),3.13,3,0.7124,0.0192
RNG(0.05),3.14,3,0.7125,0.0183
RNG(0.05),3.15,3,0.7126,0.0182
RNG(0.05),3.16,3,0.7126,0.0186
RNG(0.05),3.17,3,0.7126,0.0181
RNG(0.05),3.18,3,0.7126,0.0188
RNG(0.05),3.19,3,0.7127,0.0186
RNG(0.05),3.2,3,0.7128,0.0187
RNG(0.05),3.21,3,0.7124,0.0194
RNG(0.05),3.22,3,0.7126,0.0191
RNG(0.05),3.23,3,0.7128,0.0196
RNG(0.05),3.24,3,0.7129,0.0197
RNG(0.05),3.25,3,0.7129,0.0197
RNG(0.05),3.26,3,0.7129,0.0195
RNG(0.05),3.27,3,0.713,0.0197
RNG(0.05),3.28,3,0.713,0.0199
RNG(0.05),3.29,3,0.7128,0.0202
RNG(0.05),3.3,3,0.7129,0.0204
RNG(0.05),3.31,3,0.7131,0.0206
RNG(0.05),3.32,3,0.7132,0.0208
RNG(0.05),3.33,3,0.7131,0.021
RNG(0.05),3.34,3,0.7127,0.0214
RNG(0.05),3.35,3,0.7127,0.0216
RNG(0.05),3.36,3,0.7129,0.0222
RNG(0.05),3.37,3,0.7132,0.0222
RNG(0.05),3.38,3,0.7131,0.0221
RNG(0.05),3.39,3,0.7133,0.022
RNG(0.05),3.4,3,0.7133,0.022
RNG(0.05),3.41,3,0.7133,0.022
RNG(0.05),3.42,3,0.7131,0.0218
RNG(0.05),3.43,3,0.7128,0.022
RNG(0.05),3.44,3,0.7127,0.0216
RNG(0.05),3.45,3,0.7128,0.0219
RNG(0.05),3.46,3,0.7127,0.022
RNG(0.05),3.47,3,0.7127,0.0218
RNG(0.05),3.48,3,0.7127,0.0218
RNG(0.05),3.49,3,0.7128,0.0224
RNG(0.05),3.5,3,0.7126,0.0222
RNG(0.05),3.51,3,0.7127,0.0225
RNG(0.05),3.52,3,0.7128,0.0223
RNG(0.05),3.53,3,0.7128,0.0223
RNG(0.05),3.54,3,0.7129,0.0227
RNG(0.05),3.55,3,0.713,0.0229
RNG(0.05),3.56,3,0.7131,0.0232
RNG(0.05),3.57,3,0.7131,0.0232
RNG(0.05),3.58,3,0.7129,0.0245
RNG(0.05),3.59,3,0.7128,0.0242
RNG(0.05),3.6,3,0.713,0.024
RNG(0.05),3.61,3,0.7125,0.0237
RNG(0.05),3.62,3,0.7126,0.0237
RNG(0.05),3.63,3,0.7127,0.0243
RNG(0.05),3.64,3,0.7127,0.0243
RNG(0.05),3.65,3,0.7128,0.0243
RNG(0.05),3.66,3,0.7125,0.0233
RNG(0.05),3.67,3,0.7123,0.0237
RNG(0.05),3.68,3,0.7124,0.0236
RNG(0.05),3.69,3,0.7124,0.0234
RNG(0.05),3.7,3,0.7125,0.0238
RNG(0.05),3.71,3,0.7122,0.0239
RNG(0.05),3.72,3,0.7121,0.0239
RNG(0.05),3.73,3,0.7121,0.024
RNG(0.05),3.74,3,0.712,0.0242
RNG(0.05),3.75,3,0.712,0.0242
RNG(0.05),3.76,3,0.7119,0.0244
RNG(0.05),3.77,3,0.7119,0.0244
RNG(0.05),3.79,3,0.7117,0.0247
RNG(0.05),3.8,3,0.7115,0.0244
RNG(0.05),3.81,3,0.7115,0.0244
RNG(0.05),3.82,3,0.7114,0.0239
RNG(0.05),3.83,3,0.7114,0.024
RNG(0.05),3.84,3,0.7114,0.0239
RNG(0.05),3.85,3,0.7113,0.0236
RNG(0.05),3.86,3,0.7113,0.0236
RNG(0.05),3.87,3,0.7112,0.0236
RNG(0.05),3.88,3,0.7112,0.0232
RNG(0.05),3.89,3,0.7111,0.0234
RNG(0.05),3.9,3,0.7112,0.0234
RNG(0.05),3.91,3,0.7112,0.0233
RNG(0.05),3.92,3,0.7112,0.0233
RNG(0.05),3.93,3,0.711,0.024
RNG(0.05),3.94,3,0.7109,0.0237
RNG(0.05),3.95,3,0.7109,0.0237
RNG(0.05),3.96,3,0.7107,0.0244
RNG(0.05),3.97,3,0.7106,0.0246
RNG(0.05),3.99,3,0.7104,0.0247
RNG(0.05),4.0,3,0.7105,0.0248
RNG(0.05),4.01,3,0.7102,0.0248
RNG(0.05),4.02,3,0.71,0.0256
RNG(0.05),4.03,3,0.71,0.0256
RNG(0.05),4.04,3,0.7101,0.0258
RNG(0.05),4.05,3,0.71,0.0255
RNG(0.05),4.06,2,0.7159,0.0197
RNG(0.05),4.08,2,0.7159,0.0197
RNG(0.05),4.09,3,0.71,0.0255
RNG(0.05),4.1,3,0.71,0.0255
RNG(0.05),4.11,2,0.7159,0.0197
RNG(0.05),4.17,3,0.71,0.0255
RNG(0.05),4.18,1,0.7143,0.0
RNG(0.05),4.2,1,0.7143,0.0
RNG(0.05),4.21,3,0.7098,0.0262
RNG(0.05),4.22,1,0.7143,0.0
RNG(0.05),4.24,3,0.7098,0.0262
RNG(0.05),4.27,2,0.7159,0.0197
RNG(0.05),4.28,1,0.7143,0.0
RNG(0.05),4.31,2,0.7061,0.1048
RNG(0.05),4.35,1,0.7143,0.0
RNG(0.05),4.36,1,0.7143,0.0
RNG(0.1),1.18,1,0.6677,0.0
RNG(0.1),1.19,1,0.668,0.0
RNG(0.1),1.23,1,0.6682,0.0
RNG(0.1),1.25,3,0.6614,0.0238
RNG(0.1),1.29,1,0.6684,0.0
RNG(0.1),1.31,1,0.6691,0.0
RNG(0.1),1.32,1,0.6691,0.0
RNG(0.1),1.33,1,0.6694,0.0
RNG(0.1),1.35,3,0.662,0.0254
RNG(0.1),1.39,3,0.6623,0.0242
RNG(0.1),1.4,3,0.6628,0.0237
RNG(0.1),1.42,2,0.6684,0.0248
RNG(0.1),1.43,2,0.6684,0.0248
RNG(0.1),1.44,3,0.6631,0.0237
RNG(0.1),1.45,3,0.6631,0.0237
RNG(0.1),1.46,2,0.6616,0.1131
RNG(0.1),1.47,3,0.6636,0.0228
RNG(0.1),1.48,2,0.6628,0.1112
RNG(0.1),1.51,1,0.6716,0.0
RNG(0.1),1.52,3,0.6644,0.0225
RNG(0.1),1.53,3,0.665,0.0226
RNG(0.1),1.56,3,0.6657,0.0201
RNG(0.1),1.59,3,0.6659,0.0205
RNG(0.1),1.61,3,0.6661,0.0202
RNG(0.1),1.62,3,0.6664,0.0201
RNG(0.1),1.63,3,0.6667,0.0205
RNG(0.1),1.64,3,0.6669,0.0202
RNG(0.1),1.65,3,0.667,0.0201
RNG(0.1),1.66,3,0.6676,0.0198
RNG(0.1),1.67,2,0.6724,0.033
RNG(0.1),1.68,3,0.6683,0.0205
RNG(0.1),1.69,3,0.6683,0.0211
RNG(0.1),1.7,3,0.6679,0.0224
RNG(0.1),1.71,3,0.6679,0.0224
RNG(0.1),1.72,2,0.6673,0.1124
RNG(0.1),1.73,3,0.6682,0.0227
RNG(0.1),1.74,3,0.6683,0.0229
RNG(0.1),1.76,3,0.6685,0.0223
RNG(0.1),1.77,3,0.6687,0.0224
RNG(0.1),1.78,3,0.669,0.0225
RNG(0.1),1.79,3,0.6691,0.0226
RNG(0.1),1.8,3,0.6702,0.0239
RNG(0.1),1.81,3,0.6706,0.0243
RNG(0.1),1.82,3,0.6711,0.0241
RNG(0.1),1.83,3,0.6713,0.024
RNG(0.1),1.84,2,0.6764,0.0476
RNG(0.1),1.85,3,0.6716,0.0235
RNG(0.1),1.86,3,0.6716,0.0235
RNG(0.1),1.87,3,0.6718,0.0235
RNG(0.1),1.88,3,0.672,0.0236
RNG(0.1),1.89,3,0.6723,0.0242
RNG(0.1),1.9,3,0.673,0.0237
RNG(0.1),1.91,3,0.6733,0.0238
RNG(0.1),1.92,3,0.6736,0.0244
RNG(0.1),1.93,3,0.6737,0.0237
RNG(0.1),1.94,3,0.6741,0.0239
RNG(0.1),1.95,3,0.6742,0.0239
RNG(0.1),1.96,3,0.6743,0.0238
RNG(0.1),1.97,3,0.6744,0.0236
RNG(0.1),1.98,3,0.675,0.0233
RNG(0.1),1.99,3,0.6753,0.0232
RNG(0.1),2.0,3,0.6756,0.0228
RNG(0.1),2.01,3,0.6757,0.0224
RNG(0.1),2.02,3,0.6758,0.0224
RNG(0.1),2.03,3,0.676,0.023
RNG(0.1),2.04,3,0.6764,0.023
RNG(0.1),2.05,3,0.6768,0.0231
RNG(0.1),2.06,3,0.677,0.0223
RNG(0.1),2.07,3,0.6773,0.0224
RNG(0.1),2.08,3,0.6775,0.0221
RNG(0.1),2.09,3,0.6779,0.0226
RNG(0.1),2.1,3,0.6781,0.0216
RNG(0.1),2.11,3,0.6784,0.0212
RNG(0.1),2.12,3,0.6789,0.022
RNG(0.1),2.13,3,0.679,0.0218
RNG(0.1),2.14,3,0.6792,0.0218
RNG(0.1),2.15,2,0.6801,0.1112
RNG(0.1),2.16,3,0.6796,0.0217
RNG(0.1),2.17,3,0.6801,0.0209
RNG(0.1),2.18,3,0.6803,0.0206
RNG(0.1),2.19,3,0.6805,0.0205
RNG(0.1),2.2,3,0.6811,0.0209
RNG(0.1),2.21,3,0.6815,0.0217
RNG(0.1),2.22,3,0.6817,0.0218
RNG(0.1),2.23,3,0.6823,0.0217
RNG(0.1),2.24,2,0.6821,0.1074
RNG(0.1),2.25,3,0.6827,0.0214
RNG(0.1),2.26,3,0.6832,0.0226
RNG(0.1),2.27,3,0.6831,0.0228
RNG(0.1),2.28,3,0.6837,0.0235
RNG(0.1),2.29,3,0.6841,0.0236
RNG(0.1),2.3,3,0.6842,0.0235
RNG(0.1),2.31,3,0.6845,0.024
RNG(0.1),2.32,3,0.6848,0.0241
RNG(0.1),2.33,3,0.6851,0.0236
RNG(0.1),2.34,3,0.6855,0.0235
RNG(0.1),2.35,3,0.6857,0.0231
RNG(0.1),2.36,3,0.6859,0.0231
RNG(0.1),2.37,3,0.6861,0.0225
RNG(0.1),2.38,3,0.6865,0.0227
RNG(0.1),2.39,3,0.687,0.0216
RNG(0.1),2.4,3,0.6872,0.0212
RNG(0.1),2.41,3,0.6876,0.022
RNG(0.1),2.42,3,0.688,0.0221
RNG(0.1),2.43,3,0.6883,0.0222
RNG(0.1),2.44,3,0.6883,0.0222
RNG(0.1),2.45,3,0.6888,0.0228
RNG(0.1),2.46,3,0.6895,0.0224
RNG(0.1),2.47,3,0.6895,0.0223
RNG(0.1),2.48,3,0.69,0.0215
RNG(0.1),2.49,3,0.69,0.0217
RNG(0.1),2.5,3,0.6903,0.0215
RNG(0.1),2.51,3,0.6909,0.0212
RNG(0.1),2.52,3,0.6917,0.021
RNG(0.1),2.53,3,0.6919,0.0206
RNG(0.1),2.54,3,0.6924,0.0203
RNG(0.1),2.55,3,0.6932,0.0207
RNG(0.1),2.56,3,0.6933,0.0206
RNG(0.1),2.57,3,0.694,0.0206
RNG(0.1),2.58,3,0.6943,0.0207
RNG(0.1),2.59,3,0.6944,0.0206
RNG(0.1),2.6,3,0.6946,0.0204
RNG(0.1),2.61,3,0.6948,0.021
RNG(0.1),2.62,3,0.6949,0.0209
RNG(0.1),2.63,3,0.6954,0.0212
RNG(0.1),2.64,3,0.6957,0.0212
RNG(0.1),2.65,3,0.6958,0.0217
RNG(0.1),2.66,3,0.6959,0.0219
RNG(0.1),2.67,3,0.6961,0.0215
RNG(0.1),2.68,3,0.6965,0.0208
RNG(0.1),2.69,3,0.6965,0.0208
RNG(0.1),2.7,3,0.6968,0.0208
RNG(0.1),2.71,3,0.6971,0.0207
RNG(0.1),2.72,3,0.6973,0.0205
RNG(0.1),2.73,3,0.6974,0.0205
RNG(0.1),2.74,3,0.6974,0.0207
RNG(0.1),2.75,3,0.6977,0.0195
RNG(0.1),2.76,3,0.6983,0.0192
RNG(0.1),2.77,3,0.699,0.0181
RNG(0.1),2.78,3,0.6999,0.0192
RNG(0.1),2.79,3,0.7003,0.0192
RNG(0.1),2.8,3,0.7004,0.0192
RNG(0.1),2.81,3,0.7005,0.019
RNG(0.1),2.82,3,0.7009,0.0192
RNG(0.1),2.83,3,0.7012,0.0187
RNG(0.1),2.84,3,0.7011,0.0185
RNG(0.1),2.85,3,0.7015,0.0185
RNG(0.1),2.86,3,0.7019,0.0181
RNG(0.1),2.87,3,0.7021,0.0184
RNG(0.1),2.88,3,0.7024,0.0181
RNG(0.1),2.89,3,0.7022,0.018
RNG(0.1),2.9,3,0.7023,0.0179
RNG(0.1),2.91,3,0.7024,0.0184
RNG(0.1),2.92,3,0.7027,0.0181
RNG(0.1),2.93,3,0.7031,0.0181
RNG(0.1),2.94,3,0.7031,0.0181
RNG(0.1),2.95,3,0.7034,0.0181
RNG(0.1),2.96,3,0.7039,0.0186
RNG(0.1),2.97,3,0.7043,0.0187
RNG(0.1),2.98,3,0.7045,0.0191
RNG(0.1),2.99,3,0.7045,0.0195
RNG(0.1),3.0,3,0.7044,0.0191
RNG(0.1),3.01,3,0.705,0.0189
RNG(0.1),3.02,3,0.7053,0.0189
RNG(0.1),3.03,3,0.7053,0.0186
RNG(0.1),3.04,3,0.7055,0.0192
RNG(0.1),3.05,3,0.7057,0.019
RNG(0.1),3.06,3,0.7056,0.0194
RNG(0.1),3.07,3,0.706,0.0185
RNG(0.1),3.08,3,0.706,0.0184
RNG(0.1),3.09,3,0.7062,0.0182
RNG(0.1),3.1,3,0.7069,0.0197
RNG(0.1),3.11,3,0.7072,0.0194
RNG(0.1),3.12,3,0.7073,0.0195
RNG(0.1),3.13,3,0.7081,0.019
RNG(0.1),3.14,3,0.7083,0.0186
RNG(0.1),3.15,3,0.7083,0.0186
RNG(0.1),3.16,3,0.7084,0.0192
RNG(0.1),3.17,3,0.7081,0.0187
RNG(0.1),3.18,3,0.7081,0.019
RNG(0.1),3.19,3,0.7081,0.0189
RNG(0.1),3.2,3,0.7082,0.0191
RNG(0.1),3.21,3,0.7079,0.0195
RNG(0.1),3.22,3,0.7079,0.0197
RNG(0.1),3.23,3,0.7082,0.02
RNG(0.1),3.24,3,0.7081,0.0199
RNG(0.1),3.25,3,0.7079,0.0197
RNG(0.1),3.26,3,0.7079,0.0197
RNG(0.1),3.27,3,0.7079,0.0197
RNG(0.1),3.28,3,0.708,0.0197
RNG(0.1),3.29,3,0.708,0.0199
RNG(0.1),3.3,3,0.7081,0.02
RNG(0.1),3.31,3,0.7082,0.0202
RNG(0.1),3.32,3,0.7084,0.02
RNG(0.1),3.33,3,0.7085,0.0199
RNG(0.1),3.34,3,0.7081,0.0207
RNG(0.1),3.35,3,0.7081,0.0208
RNG(0.1),3.36,3,0.7083,0.0218
RNG(0.1),3.37,3,0.7086,0.0215
RNG(0.1),3.38,3,0.7086,0.0215
RNG(0.1),3.39,3,0.7086,0.0218
RNG(0.1),3.4,3,0.7089,0.0223
RNG(0.1),3.41,3,0.7089,0.0223
RNG(0.1),3.42,3,0.7088,0.0229
RNG(0.1),3.43,3,0.7087,0.0235
RNG(0.1),3.44,3,0.7086,0.0233
RNG(0.1),3.45,3,0.7087,0.0236
RNG(0.1),3.46,3,0.7086,0.0237
RNG(0.1),3.47,3,0.7086,0.0235
RNG(0.1),3.48,3,0.7086,0.0235
RNG(0.1),3.49,3,0.7087,0.0242
RNG(0.1),3.5,3,0.7085,0.0238
RNG(0.1),3.51,3,0.7086,0.0237
RNG(0.1),3.52,3,0.7087,0.0235
RNG(0.1),3.53,3,0.7088,0.0237
RNG(0.1),3.54,3,0.709,0.0238
RNG(0.1),3.55,3,0.709,0.0239
RNG(0.1),3.56,3,0.7089,0.0237
RNG(0.1),3.57,3,0.7089,0.0237
RNG(0.1),3.58,3,0.7088,0.0248
RNG(0.1),3.59,3,0.7086,0.0246
RNG(0.1),3.6,3,0.7088,0.0246
RNG(0.1),3.61,3,0.7085,0.0242
RNG(0.1),3.62,3,0.7085,0.0242
RNG(0.1),3.63,3,0.7088,0.0247
RNG(0.1),3.64,3,0.7089,0.0249
RNG(0.1),3.65,3,0.709,0.0251
RNG(0.1),3.66,3,0.7086,0.0244
RNG(0.1),3.67,3,0.7085,0.0246
RNG(0.1),3.68,3,0.7086,0.0246
RNG(0.1),3.69,3,0.7086,0.0247
RNG(0.1),3.7,3,0.7088,0.0249
RNG(0.1),3.71,3,0.7085,0.0247
RNG(0.1),3.72,3,0.7084,0.0248
RNG(0.1),3.73,3,0.7084,0.0248
RNG(0.1),3.74,3,0.7081,0.0249
RNG(0.1),3.75,3,0.7081,0.0249
RNG(0.1),3.76,3,0.708,0.0253
RNG(0.1),3.77,3,0.708,0.0253
RNG(0.1),3.79,3,0.7078,0.0258
RNG(0.1),3.8,3,0.7077,0.0258
RNG(0.1),3.81,3,0.7077,0.0258
RNG(0.1),3.82,3,0.7075,0.0256
RNG(0.1),3.83,3,0.7075,0.0256
RNG(0.1),3.84,3,0.7075,0.0256
RNG(0.1),3.85,3,0.7074,0.0255
RNG(0.1),3.86,3,0.7074,0.0255
RNG(0.1),3.87,3,0.7075,0.0256
RNG(0.1),3.88,3,0.7075,0.0254
RNG(0.1),3.89,3,0.7075,0.0254
RNG(0.1),3.9,3,0.7075,0.0256
RNG(0.1),3.91,3,0.7075,0.0256
RNG(0.1),3.92,3,0.7075,0.0256
RNG(0.1),3.93,3,0.7075,0.0256
RNG(0.1),3.94,3,0.7075,0.0255
RNG(0.1),3.95,3,0.7075,0.0255
RNG(0.1),3.96,3,0.7075,0.0255
RNG(0.1),3.97,3,0.7075,0.0255
RNG(0.1),3.99,3,0.7073,0.0256
RNG(0.1),4.0,3,0.7073,0.0256
RNG(0.1),4.01,3,0.707,0.0254
RNG(0.1),4.02,3,0.707,0.0254
RNG(0.1),4.03,3,0.707,0.0254
RNG(0.1),4.04,3,0.7071,0.0254
RNG(0.1),4.05,3,0.707,0.0252
RNG(0.1),4.06,2,0.7128,0.014
RNG(0.1),4.08,2,0.7128,0.014
RNG(0.1),4.09,3,0.707,0.0252
RNG(0.1),4.1,3,0.707,0.0252
RNG(0.1),4.11,2,0.7128,0.014
RNG(0.1),4.17,3,0.707,0.0252
RNG(0.1),4.18,1,0.7139,0.0
RNG(0.1),4.2,1,0.7139,0.0
RNG(0.1),4.21,3,0.7068,0.026
RNG(0.1),4.22,1,0.7139,0.0
RNG(0.1),4.24,3,0.7068,0.026
RNG(0.1),4.27,2,0.7128,0.014
RNG(0.1),4.28,1,0.7139,0.0
RNG(0.1),4.31,2,0.7044,0.1213
RNG(0.1),4.35,1,0.7139,0.0
RNG(0.1),4.36,1,0.7139,0.0
RNG(0.2),1.18,1,0.6677,0.0
RNG(0.2),1.19,1,0.6679,0.0
RNG(0.2),1.23,1,0.668,0.0
RNG(0.2),1.25,3,0.6613,0.0237
RNG(0.2),1.29,1,0.6683,0.0
RNG(0.2),1.31,1,0.669,0.0
RNG(0.2),1.32,1,0.669,0.0
RNG(0.2),1.33,1,0.6691,0.0
RNG(0.2),1.35,3,0.6618,0.0248
RNG(0.2),1.39,3,0.6619,0.0244
RNG(0.2),1.4,3,0.662,0.0244
RNG(0.2),1.42,2,0.6677,0.0216
RNG(0.2),1.43,2,0.6677,0.0216
RNG(0.2),1.44,3,0.6622,0.024
RNG(0.2),1.45,3,0.6622,0.024
RNG(0.2),1.46,2,0.6606,0.1137
RNG(0.2),1.47,3,0.6627,0.0231
RNG(0.2),1.48,2,0.6616,0.1118
RNG(0.2),1.51,1,0.6704,0.0
RNG(0.2),1.52,3,0.6634,0.0229
RNG(0.2),1.53,3,0.664,0.0231
RNG(0.2),1.56,3,0.6645,0.0215
RNG(0.2),1.59,3,0.6647,0.0218
RNG(0.2),1.61,3,0.6648,0.0215
RNG(0.2),1.62,3,0.665,0.0217
RNG(0.2),1.63,3,0.6651,0.022
RNG(0.2),1.64,3,0.6653,0.0216
RNG(0.2),1.65,3,0.6655,0.0215
RNG(0.2),1.66,3,0.6657,0.0214
RNG(0.2),1.67,2,0.6708,0.0305
RNG(0.2),1.68,3,0.6662,0.0217
RNG(0.2),1.69,3,0.6663,0.0218
RNG(0.2),1.7,3,0.6665,0.0219
RNG(0.2),1.71,3,0.6666,0.0215
RNG(0.2),1.72,2,0.6656,0.1055
RNG(0.2),1.73,3,0.6668,0.0215
RNG(0.2),1.74,3,0.6669,0.0217
RNG(0.2),1.76,3,0.6671,0.0212
RNG(0.2),1.77,3,0.6674,0.0214
RNG(0.2),1.78,3,0.6675,0.0215
RNG(0.2),1.79,3,0.6675,0.0215
RNG(0.2),1.8,3,0.6677,0.0214
RNG(0.2),1.81,3,0.6682,0.0217
RNG(0.2),1.82,3,0.6687,0.0214
RNG(0.2),1.83,3,0.6689,0.0215
RNG(0.2),1.84,2,0.6735,0.0388
RNG(0.2),1.85,3,0.6691,0.0211
RNG(0.2),1.86,3,0.6692,0.0212
RNG(0.2),1.87,3,0.6693,0.0213
RNG(0.2),1.88,3,0.6695,0.0214
RNG(0.2),1.89,3,0.6697,0.0221
RNG(0.2),1.9,3,0.6704,0.0215
RNG(0.2),1.91,3,0.6704,0.0215
RNG(0.2),1.92,3,0.6707,0.022
RNG(0.2),1.93,3,0.6707,0.0217
RNG(0.2),1.94,3,0.6713,0.0219
RNG(0.2),1.95,3,0.6714,0.022
RNG(0.2),1.96,3,0.6714,0.0217
RNG(0.2),1.97,3,0.6716,0.0215
RNG(0.2),1.98,3,0.6718,0.0213
RNG(0.2),1.99,3,0.6719,0.0213
RNG(0.2),2.0,3,0.6721,0.0209
RNG(0.2),2.01,3,0.6722,0.0205
RNG(0.2),2.02,3,0.6722,0.0205
RNG(0.2),2.03,3,0.6725,0.021
RNG(0.2),2.04,3,0.6726,0.0213
RNG(0.2),2.05,3,0.6729,0.0212
RNG(0.2),2.06,3,0.673,0.0205
RNG(0.2),2.07,3,0.6732,0.0208
RNG(0.2),2.08,3,0.6734,0.0206
RNG(0.2),2.09,3,0.6737,0.0207
RNG(0.2),2.1,3,0.6739,0.0205
RNG(0.2),2.11,3,0.6743,0.0201
RNG(0.2),2.12,3,0.6743,0.0202
RNG(0.2),2.13,3,0.6745,0.02
RNG(0.2),2.14,3,0.6746,0.0202
RNG(0.2),2.15,2,0.6751,0.1023
RNG(0.2),2.16,3,0.6749,0.02
RNG(0.2),2.17,3,0.6753,0.0193
RNG(0.2),2.18,3,0.6755,0.0193
RNG(0.2),2.19,3,0.6757,0.0193
RNG(0.2),2.2,3,0.6762,0.0193
RNG(0.2),2.21,3,0.6765,0.0197
RNG(0.2),2.22,3,0.6767,0.0198
RNG(0.2),2.23,3,0.6773,0.0197
RNG(0.2),2.24,2,0.6766,0.0991
RNG(0.2),2.25,3,0.6776,0.0201
RNG(0.2),2.26,3,0.6782,0.0214
RNG(0.2),2.27,3,0.678,0.0216
RNG(0.2),2.28,3,0.6784,0.022
RNG(0.2),2.29,3,0.6786,0.0225
RNG(0.2),2.3,3,0.6788,0.0223
RNG(0.2),2.31,3,0.6791,0.0228
RNG(0.2),2.32,3,0.6794,0.0229
RNG(0.2),2.33,3,0.6795,0.0227
RNG(0.2),2.34,3,0.6798,0.0225
RNG(0.2),2.35,3,0.68,0.0224
RNG(0.2),2.36,3,0.6802,0.0224
RNG(0.2),2.37,3,0.6803,0.0218
RNG(0.2),2.38,3,0.6805,0.0217
RNG(0.2),2.39,3,0.6808,0.021
RNG(0.2),2.4,3,0.681,0.0207
RNG(0.2),2.41,3,0.6813,0.0211
RNG(0.2),2.42,3,0.6816,0.0214
RNG(0.2),2.43,3,0.6819,0.0217
RNG(0.2),2.44,3,0.6819,0.0217
RNG(0.2),2.45,3,0.6823,0.0218
RNG(0.2),2.46,3,0.6829,0.0217
RNG(0.2),2.47,3,0.6828,0.0215
RNG(0.2),2.48,3,0.6832,0.0207
RNG(0.2),2.49,3,0.6832,0.0208
RNG(0.2),2.5,3,0.6833,0.0208
RNG(0.2),2.51,3,0.6838,0.0202
RNG(0.2),2.52,3,0.6843,0.0204
RNG(0.2),2.53,3,0.6845,0.0197
RNG(0.2),2.54,3,0.6847,0.0196
RNG(0.2),2.55,3,0.6853,0.0196
RNG(0.2),2.56,3,0.6854,0.0194
RNG(0.2),2.57,3,0.6857,0.0197
RNG(0.2),2.58,3,0.686,0.0199
RNG(0.2),2.59,3,0.6861,0.0199
RNG(0.2),2.6,3,0.6863,0.0196
RNG(0.2),2.61,3,0.6867,0.0201
RNG(0.2),2.62,3,0.6868,0.0199
RNG(0.2),2.63,3,0.6872,0.0198
RNG(0.2),2.64,3,0.6875,0.0197
RNG(0.2),2.65,3,0.6877,0.0204
RNG(0.2),2.66,3,0.6876,0.0201
RNG(0.2),2.67,3,0.6877,0.0195
RNG(0.2),2.68,3,0.6881,0.0187
RNG(0.2),2.69,3,0.6881,0.0187
RNG(0.2),2.7,3,0.6883,0.0188
RNG(0.2),2.71,3,0.6886,0.0185
RNG(0.2),2.72,3,0.6887,0.0185
RNG(0.2),2.73,3,0.6888,0.0185
RNG(0.2),2.74,3,0.6889,0.0184
RNG(0.2),2.75,3,0.6891,0.0177
RNG(0.2),2.76,3,0.6894,0.0177
RNG(0.2),2.77,3,0.6896,0.0166
RNG(0.2),2.78,3,0.6904,0.018
RNG(0.2),2.79,3,0.6906,0.0178
RNG(0.2),2.8,3,0.6906,0.018
RNG(0.2),2.81,3,0.6907,0.0179
RNG(0.2),2.82,3,0.6908,0.0182
RNG(0.2),2.83,3,0.691,0.0177
RNG(0.2),2.84,3,0.691,0.0179
RNG(0.2),2.85,3,0.6911,0.0181
RNG(0.2),2.86,3,0.6912,0.0174
RNG(0.2),2.87,3,0.6913,0.0174
RNG(0.2),2.88,3,0.6915,0.0175
RNG(0.2),2.89,3,0.6913,0.0172
RNG(0.2),2.9,3,0.6914,0.0169
RNG(0.2),2.91,3,0.6915,0.0171
RNG(0.2),2.92,3,0.6918,0.0169
RNG(0.2),2.93,3,0.6919,0.0168
RNG(0.2),2.94,3,0.6919,0.0168
RNG(0.2),2.95,3,0.6921,0.0166
RNG(0.2),2.96,3,0.6925,0.0169
RNG(0.2),2.97,3,0.6928,0.0171
RNG(0.2),2.98,3,0.6928,0.0171
RNG(0.2),2.99,3,0.6929,0.0174
RNG(0.2),3.0,3,0.6933,0.018
RNG(0.2),3.01,3,0.6935,0.018
RNG(0.2),3.02,3,0.6939,0.0182
RNG(0.2),3.03,3,0.6939,0.0182
RNG(0.2),3.04,3,0.694,0.0186
RNG(0.2),3.05,3,0.6942,0.0186
RNG(0.2),3.06,3,0.6942,0.0186
RNG(0.2),3.07,3,0.6944,0.0179
RNG(0.2),3.08,3,0.6945,0.0179
RNG(0.2),3.09,3,0.6946,0.0175
RNG(0.2),3.1,3,0.6951,0.0186
RNG(0.2),3.11,3,0.6952,0.0181
RNG(0.2),3.12,3,0.6951,0.0179
RNG(0.2),3.13,3,0.696,0.0172
RNG(0.2),3.14,3,0.6962,0.0168
RNG(0.2),3.15,3,0.6961,0.017
RNG(0.2),3.16,3,0.6962,0.0176
RNG(0.2),3.17,3,0.6962,0.0176
RNG(0.2),3.18,3,0.6963,0.0176
RNG(0.2),3.19,3,0.6963,0.0178
RNG(0.2),3.2,3,0.6964,0.018
RNG(0.2),3.21,3,0.6962,0.0186
RNG(0.2),3.22,3,0.6963,0.0187
RNG(0.2),3.23,3,0.6963,0.0187
RNG(0.2),3.24,3,0.6962,0.0186
RNG(0.2),3.25,3,0.6962,0.0185
RNG(0.2),3.26,3,0.6962,0.0185
RNG(0.2),3.27,3,0.6962,0.0186
RNG(0.2),3.28,3,0.6963,0.0188
RNG(0.2),3.29,3,0.6963,0.019
RNG(0.2),3.3,3,0.6963,0.0188
RNG(0.2),3.31,3,0.6964,0.0189
RNG(0.2),3.32,3,0.6965,0.0185
RNG(0.2),3.33,3,0.6965,0.0185
RNG(0.2),3.34,3,0.6962,0.0188
RNG(0.2),3.35,3,0.6962,0.0191
RNG(0.2),3.36,3,0.6963,0.0198
RNG(0.2),3.37,3,0.6963,0.0196
RNG(0.2),3.38,3,0.6963,0.0196
RNG(0.2),3.39,3,0.6964,0.0201
RNG(0.2),3.4,3,0.6964,0.0201
RNG(0.2),3.41,3,0.6964,0.0201
RNG(0.2),3.42,3,0.6965,0.0203
RNG(0.2),3.43,3,0.6965,0.0203
RNG(0.2),3.44,3,0.6965,0.0203
RNG(0.2),3.45,3,0.6966,0.0204
RNG(0.2),3.46,3,0.6966,0.0204
RNG(0.2),3.47,3,0.6967,0.0202
RNG(0.2),3.48,3,0.6965,0.0203
RNG(0.2),3.49,3,0.6968,0.0209
RNG(0.2),3.5,3,0.6968,0.0209
RNG(0.2),3.51,3,0.6968,0.0213
RNG(0.2),3.52,3,0.6969,0.021
RNG(0.2),3.53,3,0.6969,0.0211
RNG(0.2),3.54,3,0.6971,0.0212
RNG(0.2),3.55,3,0.6971,0.0212
RNG(0.2),3.56,3,0.6971,0.0212
RNG(0.2),3.57,3,0.6971,0.0211
RNG(0.2),3.58,3,0.6971,0.0217
RNG(0.2),3.59,3,0.697,0.022
RNG(0.2),3.6,3,0.6971,0.0222
RNG(0.2),3.61,3,0.6971,0.0217
RNG(0.2),3.62,3,0.6971,0.0217
RNG(0.2),3.63,3,0.6973,0.0221
RNG(0.2),3.64,3,0.6972,0.022
RNG(0.2),3.65,3,0.6973,0.0222
RNG(0.2),3.66,3,0.6973,0.0222
RNG(0.2),3.67,3,0.6974,0.0224
RNG(0.2),3.68,3,0.6975,0.0222
RNG(0.2),3.69,3,0.6975,0.0222
RNG(0.2),3.7,3,0.6976,0.0224
RNG(0.2),3.71,3,0.6975,0.0221
RNG(0.2),3.72,3,0.6975,0.0221
RNG(0.2),3.73,3,0.6975,0.0221
RNG(0.2),3.74,3,0.6975,0.0221
RNG(0.2),3.75,3,0.6975,0.0221
RNG(0.2),3.76,3,0.6975,0.0221
RNG(0.2),3.77,3,0.6975,0.0221
RNG(0.2),3.79,3,0.6974,0.0225
RNG(0.2),3.8,3,0.6974,0.0225
RNG(0.2),3.81,3,0.6974,0.0225
RNG(0.2),3.82,3,0.6974,0.0225
RNG(0.2),3.83,3,0.6974,0.0225
RNG(0.2),3.84,3,0.6974,0.0225
RNG(0.2),3.85,3,0.6974,0.0225
RNG(0.2),3.86,3,0.6974,0.0225
RNG(0.2),3.87,3,0.6974,0.0227
RNG(0.2),3.88,3,0.6975,0.0224
RNG(0.2),3.89,3,0.6975,0.0224
RNG(0.2),3.9,3,0.6975,0.0224
RNG(0.2),3.91,3,0.6975,0.0224
RNG(0.2),3.92,3,0.6975,0.0224
RNG(0.2),3.93,3,0.6975,0.0224
RNG(0.2),3.94,3,0.6975,0.0224
RNG(0.2),3.95,3,0.6975,0.0224
RNG(0.2),3.96,3,0.6975,0.0224
RNG(0.2),3.97,3,0.6975,0.0224
RNG(0.2),3.99,3,0.6975,0.0224
RNG(0.2),4.0,3,0.6975,0.0224
RNG(0.2),4.01,3,0.6975,0.0224
RNG(0.2),4.02,3,0.6975,0.0224
RNG(0.2),4.03,3,0.6975,0.0224
RNG(0.2),4.04,3,0.6975,0.0224
RNG(0.2),4.05,3,0.6974,0.0221
RNG(0.2),4.06,2,0.7025,0.0038
RNG(0.2),4.08,2,0.7025,0.0038
RNG(0.2),4.09,3,0.6974,0.0221
RNG(0.2),4.1,3,0.6974,0.0221
RNG(0.2),4.11,2,0.7025,0.0038
RNG(0.2),4.17,3,0.6974,0.0221
RNG(0.2),4.18,1,0.7022,0.0
RNG(0.2),4.2,1,0.7022,0.0
RNG(0.2),4.21,3,0.6972,0.0228
RNG(0.2),4.22,1,0.7022,0.0
RNG(0.2),4.24,3,0.6972,0.0228
RNG(0.2),4.27,2,0.7025,0.0038
RNG(0.2),4.28,1,0.7022,0.0
RNG(0.2),4.31,2,0.6944,0.0991
RNG(0.2),4.35,1,0.7022,0.0
RNG(0.2),4.36,1,0.7022,0.0
RNG(0.3),1.18,1,0.6677,0.0
RNG(0.3),1.19,1,0.6679,0.0
RNG(0.3),1.23,1,0.6679,0.0
RNG(0.3),1.25,3,0.6613,0.0236
RNG(0.3),1.29,1,0.6681,0.0
RNG(0.3),1.31,1,0.6688,0.0
RNG(0.3),1.32,1,0.6688,0.0
RNG(0.3),1.33,1,0.669,0.0
RNG(0.3),1.35,3,0.6617,0.0247
RNG(0.3),1.39,3,0.6617,0.0247
RNG(0.3),1.4,3,0.6619,0.0248
RNG(0.3),1.42,2,0.6677,0.021
RNG(0.3),1.43,2,0.6677,0.021
RNG(0.3),1.44,3,0.6621,0.0242
RNG(0.3),1.45,3,0.6621,0.0242
RNG(0.3),1.46,2,0.6604,0.1144
RNG(0.3),1.47,3,0.6625,0.0238
RNG(0.3),1.48,2,0.6613,0.1137
RNG(0.3),1.51,1,0.6703,0.0
RNG(0.3),1.52,3,0.6631,0.0233
RNG(0.3),1.53,3,0.6638,0.0234
RNG(0.3),1.56,3,0.6642,0.0217
RNG(0.3),1.59,3,0.6642,0.0219
RNG(0.3),1.61,3,0.6644,0.0216
RNG(0.3),1.62,3,0.6645,0.0218
RNG(0.3),1.63,3,0.6646,0.022
RNG(0.3),1.64,3,0.6647,0.022
RNG(0.3),1.65,3,0.6648,0.0217
RNG(0.3),1.66,3,0.6651,0.0217
RNG(0.3),1.67,2,0.6702,0.0311
RNG(0.3),1.68,3,0.6655,0.0222
RNG(0.3),1.69,3,0.6655,0.0224
RNG(0.3),1.7,3,0.6655,0.0224
RNG(0.3),1.71,3,0.6656,0.022
RNG(0.3),1.72,2,0.6645,0.1086
RNG(0.3),1.73,3,0.6658,0.0222
RNG(0.3),1.74,3,0.6659,0.0224
RNG(0.3),1.76,3,0.6659,0.0224
RNG(0.3),1.77,3,0.6662,0.0223
RNG(0.3),1.78,3,0.6663,0.0224
RNG(0.3),1.79,3,0.6663,0.0224
RNG(0.3),1.8,3,0.6665,0.0222
RNG(0.3),1.81,3,0.6669,0.0226
RNG(0.3),1.82,3,0.6673,0.0222
RNG(0.3),1.83,3,0.6675,0.0227
RNG(0.3),1.84,2,0.6723,0.0394
RNG(0.3),1.85,3,0.6675,0.0227
RNG(0.3),1.86,3,0.6675,0.0227
RNG(0.3),1.87,3,0.6676,0.0229
RNG(0.3),1.88,3,0.6679,0.0229
RNG(0.3),1.89,3,0.6679,0.0232
RNG(0.3),1.9,3,0.6687,0.0227
RNG(0.3),1.91,3,0.6688,0.023
RNG(0.3),1.92,3,0.669,0.0234
RNG(0.3),1.93,3,0.669,0.0234
RNG(0.3),1.94,3,0.6695,0.0237
RNG(0.3),1.95,3,0.6696,0.0237
RNG(0.3),1.96,3,0.6696,0.0235
RNG(0.3),1.97,3,0.6697,0.0231
RNG(0.3),1.98,3,0.67,0.0231
RNG(0.3),1.99,3,0.67,0.0231
RNG(0.3),2.0,3,0.6701,0.0233
RNG(0.3),2.01,3,0.6701,0.0233
RNG(0.3),2.02,3,0.6701,0.0233
RNG(0.3),2.03,3,0.6703,0.0239
RNG(0.3),2.04,3,0.6704,0.0239
RNG(0.3),2.05,3,0.6706,0.0237
RNG(0.3),2.06,3,0.6708,0.0234
RNG(0.3),2.07,3,0.6709,0.0236
RNG(0.3),2.08,3,0.6712,0.0235
RNG(0.3),2.09,3,0.6714,0.0235
RNG(0.3),2.1,3,0.6716,0.0232
RNG(0.3),2.11,3,0.6717,0.0229
RNG(0.3),2.12,3,0.6717,0.0229
RNG(0.3),2.13,3,0.6718,0.0225
RNG(0.3),2.14,3,0.6718,0.0225
RNG(0.3),2.15,2,0.672,0.1137
RNG(0.3),2.16,3,0.672,0.0222
RNG(0.3),2.17,3,0.6722,0.022
RNG(0.3),2.18,3,0.6723,0.022
RNG(0.3),2.19,3,0.6725,0.022
RNG(0.3),2.2,3,0.673,0.0222
RNG(0.3),2.21,3,0.6732,0.0222
RNG(0.3),2.22,3,0.6733,0.0223
RNG(0.3),2.23,3,0.6738,0.0226
RNG(0.3),2.24,2,0.6731,0.1137
RNG(0.3),2.25,3,0.6741,0.0228
RNG(0.3),2.26,3,0.6745,0.0237
RNG(0.3),2.27,3,0.6743,0.0238
RNG(0.3),2.28,3,0.6747,0.024
RNG(0.3),2.29,3,0.6749,0.0241
RNG(0.3),2.3,3,0.675,0.024
RNG(0.3),2.31,3,0.6753,0.0246
RNG(0.3),2.32,3,0.6755,0.0248
RNG(0.3),2.33,3,0.6756,0.0245
RNG(0.3),2.34,3,0.6758,0.0246
RNG(0.3),2.35,3,0.6759,0.0247
RNG(0.3),2.36,3,0.676,0.0249
RNG(0.3),2.37,3,0.676,0.0249
RNG(0.3),2.38,3,0.6761,0.0245
RNG(0.3),2.39,3,0.6763,0.0245
RNG(0.3),2.4,3,0.6764,0.0242
RNG(0.3),2.41,3,0.6767,0.0244
RNG(0.3),2.42,3,0.677,0.0246
RNG(0.3),2.43,3,0.6771,0.0248
RNG(0.3),2.44,3,0.6771,0.0248
RNG(0.3),2.45,3,0.6775,0.025
RNG(0.3),2.46,3,0.678,0.0251
RNG(0.3),2.47,3,0.6779,0.0248
RNG(0.3),2.48,3,0.6781,0.0245
RNG(0.3),2.49,3,0.6781,0.0245
RNG(0.3),2.5,3,0.678,0.0249
RNG(0.3),2.51,3,0.6782,0.0248
RNG(0.3),2.52,3,0.6786,0.0249
RNG(0.3),2.53,3,0.6788,0.0244
RNG(0.3),2.54,3,0.679,0.0241
RNG(0.3),2.55,3,0.6794,0.0233
RNG(0.3),2.56,3,0.6795,0.0233
RNG(0.3),2.57,3,0.6798,0.0234
RNG(0.3),2.58,3,0.68,0.0237
RNG(0.3),2.59,3,0.68,0.0238
RNG(0.3),2.6,3,0.6801,0.0235
RNG(0.3),2.61,3,0.6802,0.0239
RNG(0.3),2.62,3,0.6802,0.0239
RNG(0.3),2.63,3,0.6805,0.0237
RNG(0.3),2.64,3,0.6807,0.0237
RNG(0.3),2.65,3,0.6808,0.0239
RNG(0.3),2.66,3,0.6808,0.0235
RNG(0.3),2.67,3,0.6808,0.0235
RNG(0.3),2.68,3,0.6811,0.0227
RNG(0.3),2.69,3,0.6811,0.0227
RNG(0.3),2.7,3,0.6813,0.0226
RNG(0.3),2.71,3,0.6814,0.0224
RNG(0.3),2.72,3,0.6815,0.0225
RNG(0.3),2.73,3,0.6814,0.0222
RNG(0.3),2.74,3,0.6816,0.022
RNG(0.3),2.75,3,0.6817,0.0216
RNG(0.3),2.76,3,0.6818,0.0216
RNG(0.3),2.77,3,0.6821,0.0212
RNG(0.3),2.78,3,0.6827,0.0223
RNG(0.3),2.79,3,0.6828,0.0224
RNG(0.3),2.8,3,0.6828,0.0224
RNG(0.3),2.81,3,0.6829,0.0221
RNG(0.3),2.82,3,0.683,0.0224
RNG(0.3),2.83,3,0.6829,0.0227
RNG(0.3),2.84,3,0.683,0.0223
RNG(0.3),2.85,3,0.6831,0.0223
RNG(0.3),2.86,3,0.6831,0.0219
RNG(0.3),2.87,3,0.6831,0.0219
RNG(0.3),2.88,3,0.6832,0.0219
RNG(0.3),2.89,3,0.6831,0.0217
RNG(0.3),2.9,3,0.6832,0.0213
RNG(0.3),2.91,3,0.6833,0.0212
RNG(0.3),2.92,3,0.6835,0.0212
RNG(0.3),2.93,3,0.6836,0.0211
RNG(0.3),2.94,3,0.6836,0.0211
RNG(0.3),2.95,3,0.6839,0.021
RNG(0.3),2.96,3,0.6842,0.0215
RNG(0.3),2.97,3,0.6843,0.0214
RNG(0.3),2.98,3,0.6843,0.0214
RNG(0.3),2.99,3,0.6845,0.0216
RNG(0.3),3.0,3,0.6848,0.0221
RNG(0.3),3.01,3,0.6848,0.0221
RNG(0.3),3.02,3,0.6852,0.0223
RNG(0.3),3.03,3,0.6852,0.0223
RNG(0.3),3.04,3,0.6852,0.0226
RNG(0.3),3.05,3,0.6855,0.0227
RNG(0.3),3.06,3,0.6855,0.0227
RNG(0.3),3.07,3,0.6857,0.0218
RNG(0.3),3.08,3,0.6857,0.0217
RNG(0.3),3.09,3,0.6858,0.0216
RNG(0.3),3.1,3,0.6861,0.0223
RNG(0.3),3.11,3,0.6861,0.0226
RNG(0.3),3.12,3,0.686,0.0224
RNG(0.3),3.13,3,0.6867,0.022
RNG(0.3),3.14,3,0.6868,0.0219
RNG(0.3),3.15,3,0.6868,0.0219
RNG(0.3),3.16,3,0.6869,0.0225
RNG(0.3),3.17,3,0.6869,0.0224
RNG(0.3),3.18,3,0.6869,0.0224
RNG(0.3),3.19,3,0.6869,0.0224
RNG(0.3),3.2,3,0.687,0.0227
RNG(0.3),3.21,3,0.6869,0.0225
RNG(0.3),3.22,3,0.6871,0.0224
RNG(0.3),3.23,3,0.6872,0.0225
RNG(0.3),3.24,3,0.6871,0.0225
RNG(0.3),3.25,3,0.6872,0.0227
RNG(0.3),3.26,3,0.6872,0.0227
RNG(0.3),3.27,3,0.6873,0.0228
RNG(0.3),3.28,3,0.6874,0.0229
RNG(0.3),3.29,3,0.6873,0.0234
RNG(0.3),3.3,3,0.6874,0.0234
RNG(0.3),3.31,3,0.6873,0.0234
RNG(0.3),3.32,3,0.6873,0.0234
RNG(0.3),3.33,3,0.6873,0.0234
RNG(0.3),3.34,3,0.6871,0.0239
RNG(0.3),3.35,3,0.6872,0.024
RNG(0.3),3.36,3,0.6871,0.0245
RNG(0.3),3.37,3,0.6872,0.0243
RNG(0.3),3.38,3,0.6872,0.0243
RNG(0.3),3.39,3,0.6872,0.0247
RNG(0.3),3.4,3,0.6872,0.0247
RNG(0.3),3.41,3,0.6872,0.0247
RNG(0.3),3.42,3,0.6873,0.0244
RNG(0.3),3.43,3,0.6873,0.0244
RNG(0.3),3.44,3,0.6873,0.0244
RNG(0.3),3.45,3,0.6874,0.0246
RNG(0.3),3.46,3,0.6874,0.0246
RNG(0.3),3.47,3,0.6875,0.0244
RNG(0.3),3.48,3,0.6876,0.0237
RNG(0.3),3.49,3,0.6877,0.0238
RNG(0.3),3.5,3,0.6877,0.0238
RNG(0.3),3.51,3,0.6877,0.0241
RNG(0.3),3.52,3,0.6877,0.0239
RNG(0.3),3.53,3,0.6877,0.0239
RNG(0.3),3.54,3,0.6879,0.0234
RNG(0.3),3.55,3,0.6879,0.0234
RNG(0.3),3.56,3,0.6879,0.0234
RNG(0.3),3.57,3,0.6878,0.0233
RNG(0.3),3.58,3,0.6879,0.0234
RNG(0.3),3.59,3,0.6879,0.0234
RNG(0.3),3.6,3,0.6879,0.0235
RNG(0.3),3.61,3,0.6878,0.0234
RNG(0.3),3.62,3,0.6878,0.0234
RNG(0.3),3.63,3,0.688,0.0236
RNG(0.3),3.64,3,0.688,0.0236
RNG(0.3),3.65,3,0.6881,0.0238
RNG(0.3),3.66,3,0.6881,0.0238
RNG(0.3),3.67,3,0.6881,0.0238
RNG(0.3),3.68,3,0.6882,0.0239
RNG(0.3),3.69,3,0.6882,0.0239
RNG(0.3),3.7,3,0.6882,0.024
RNG(0.3),3.71,3,0.6882,0.024
RNG(0.3),3.72,3,0.6882,0.024
RNG(0.3),3.73,3,0.6882,0.024
RNG(0.3),3.74,3,0.6882,0.024
RNG(0.3),3.75,3,0.6882,0.024
RNG(0.3),3.76,3,0.6882,0.024
RNG(0.3),3.77,3,0.6882,0.024
RNG(0.3),3.79,3,0.6881,0.0244
RNG(0.3),3.8,3,0.6881,0.0244
RNG(0.3),3.81,3,0.6881,0.0244
RNG(0.3),3.82,3,0.6881,0.0244
RNG(0.3),3.83,3,0.6881,0.0244
RNG(0.3),3.84,3,0.6881,0.0244
RNG(0.3),3.85,3,0.6881,0.0244
RNG(0.3),3.86,3,0.6881,0.0244
RNG(0.3),3.87,3,0.6883,0.0248
RNG(0.3),3.88,3,0.6884,0.0245
RNG(0.3),3.89,3,0.6884,0.0245
RNG(0.3),3.9,3,0.6884,0.0245
RNG(0.3),3.91,3,0.6884,0.0245
RNG(0.3),3.92,3,0.6884,0.0245
RNG(0.3),3.93,3,0.6884,0.0245
RNG(0.3),3.94,3,0.6884,0.0245
RNG(0.3),3.95,3,0.6884,0.0245
RNG(0.3),3.96,3,0.6884,0.0245
RNG(0.3),3.97,3,0.6884,0.0245
RNG(0.3),3.99,3,0.6884,0.0245
RNG(0.3),4.0,3,0.6884,0.0245
RNG(0.3),4.01,3,0.6884,0.0245
RNG(0.3),4.02,3,0.6884,0.0245
RNG(0.3),4.03,3,0.6884,0.0245
RNG(0.3),4.04,3,0.6884,0.0245
RNG(0.3),4.05,3,0.6884,0.0245
RNG(0.3),4.06,2,0.694,0.0178
RNG(0.3),4.08,2,0.694,0.0178
RNG(0.3),4.09,3,0.6884,0.0245
RNG(0.3),4.1,3,0.6884,0.0245
RNG(0.3),4.11,2,0.694,0.0178
RNG(0.3),4.17,3,0.6884,0.0245
RNG(0.3),4.18,1,0.6954,0.0
RNG(0.3),4.2,1,0.6954,0.0
RNG(0.3),4.21,3,0.6884,0.0245
RNG(0.3),4.22,1,0.6954,0.0
RNG(0.3),4.24,3,0.6884,0.0245
RNG(0.3),4.27,2,0.694,0.0178
RNG(0.3),4.28,1,0.6954,0.0
RNG(0.3),4.31,2,0.6863,0.1163
RNG(0.3),4.35,1,0.6954,0.0
RNG(0.3),4.36,1,0.6954,0.0
RNG(0.5),1.18,1,0.6677,0.0
RNG(0.5),1.19,1,0.6677,0.0
RNG(0.5),1.23,1,0.6677,0.0
RNG(0.5),1.25,3,0.6612,0.0234
RNG(0.5),1.29,1,0.668,0.0
RNG(0.5),1.31,1,0.6683,0.0
RNG(0.5),1.32,1,0.6683,0.0
RNG(0.5),1.33,1,0.6684,0.0
RNG(0.5),1.35,3,0.6615,0.0241
RNG(0.5),1.39,3,0.6615,0.0241
RNG(0.5),1.4,3,0.6616,0.024
RNG(0.5),1.42,2,0.6671,0.0165
RNG(0.5),1.43,2,0.6671,0.0165
RNG(0.5),1.44,3,0.6617,0.0236
RNG(0.5),1.45,3,0.6617,0.0236
RNG(0.5),1.46,2,0.6596,0.1118
RNG(0.5),1.47,3,0.6617,0.0236
RNG(0.5),1.48,2,0.6601,0.1112
RNG(0.5),1.51,1,0.6688,0.0
RNG(0.5),1.52,3,0.6621,0.0233
RNG(0.5),1.53,3,0.6627,0.0231
RNG(0.5),1.56,3,0.663,0.0218
RNG(0.5),1.59,3,0.663,0.0218
RNG(0.5),1.61,3,0.6631,0.0217
RNG(0.5),1.62,3,0.6631,0.0217
RNG(0.5),1.63,3,0.6632,0.0219
RNG(0.5),1.64,3,0.6632,0.0218
RNG(0.5),1.65,3,0.6632,0.0218
RNG(0.5),1.66,3,0.6634,0.0217
RNG(0.5),1.67,2,0.6685,0.0203
RNG(0.5),1.68,3,0.6637,0.0221
RNG(0.5),1.69,3,0.6637,0.0221
RNG(0.5),1.7,3,0.6637,0.0221
RNG(0.5),1.71,3,0.6638,0.0218
RNG(0.5),1.72,2,0.6622,0.1023
RNG(0.5),1.73,3,0.6639,0.0214
RNG(0.5),1.74,3,0.664,0.0216
RNG(0.5),1.76,3,0.664,0.0216
RNG(0.5),1.77,3,0.664,0.0215
RNG(0.5),1.78,3,0.6641,0.0216
RNG(0.5),1.79,3,0.6641,0.0216
RNG(0.5),1.8,3,0.6643,0.0212
RNG(0.5),1.81,3,0.6646,0.0215
RNG(0.5),1.82,3,0.6649,0.0212
RNG(0.5),1.83,3,0.6649,0.0213
RNG(0.5),1.84,2,0.6697,0.0216
RNG(0.5),1.85,3,0.6649,0.0212
RNG(0.5),1.86,3,0.6649,0.0212
RNG(0.5),1.87,3,0.665,0.0213
RNG(0.5),1.88,3,0.6651,0.021
RNG(0.5),1.89,3,0.6652,0.0213
RNG(0.5),1.9,3,0.6658,0.0212
RNG(0.5),1.91,3,0.6658,0.0212
RNG(0.5),1.92,3,0.666,0.0217
RNG(0.5),1.93,3,0.666,0.0217
RNG(0.5),1.94,3,0.6664,0.0218
RNG(0.5),1.95,3,0.6664,0.0218
RNG(0.5),1.96,3,0.6665,0.0216
RNG(0.5),1.97,3,0.6665,0.0216
RNG(0.5),1.98,3,0.6666,0.0215
RNG(0.5),1.99,3,0.6667,0.0216
RNG(0.5),2.0,3,0.6668,0.0218
RNG(0.5),2.01,3,0.6668,0.0218
RNG(0.5),2.02,3,0.6668,0.0218
RNG(0.5),2.03,3,0.6669,0.0219
RNG(0.5),2.04,3,0.667,0.022
RNG(0.5),2.05,3,0.6671,0.0218
RNG(0.5),2.06,3,0.6674,0.0213
RNG(0.5),2.07,3,0.6675,0.0214
RNG(0.5),2.08,3,0.6677,0.0215
RNG(0.5),2.09,3,0.668,0.0213
RNG(0.5),2.1,3,0.668,0.0211
RNG(0.5),2.11,3,0.6682,0.0212
RNG(0.5),2.12,3,0.6682,0.0212
RNG(0.5),2.13,3,0.6682,0.0212
RNG(0.5),2.14,3,0.6682,0.0212
RNG(0.5),2.15,2,0.6673,0.1061
RNG(0.5),2.16,3,0.6682,0.0212
RNG(0.5),2.17,3,0.6684,0.021
RNG(0.5),2.18,3,0.6684,0.021
RNG(0.5),2.19,3,0.6685,0.0211
RNG(0.5),2.2,3,0.6686,0.0207
RNG(0.5),2.21,3,0.6687,0.0208
RNG(0.5),2.22,3,0.6688,0.0209
RNG(0.5),2.23,3,0.6691,0.0214
RNG(0.5),2.24,2,0.6678,0.1048
RNG(0.5),2.25,3,0.6693,0.0217
RNG(0.5),2.26,3,0.6697,0.0225
RNG(0.5),2.27,3,0.6695,0.0224
RNG(0.5),2.28,3,0.6699,0.0228
RNG(0.5),2.29,3,0.67,0.0228
RNG(0.5),2.3,3,0.6702,0.0228
RNG(0.5),2.31,3,0.6703,0.0229
RNG(0.5),2.32,3,0.6703,0.0227
RNG(0.5),2.33,3,0.6703,0.0227
RNG(0.5),2.34,3,0.6705,0.0226
RNG(0.5),2.35,3,0.6705,0.0226
RNG(0.5),2.36,3,0.6705,0.0227
RNG(0.5),2.37,3,0.6705,0.0227
RNG(0.5),2.38,3,0.6706,0.0224
RNG(0.5),2.39,3,0.6707,0.0222
RNG(0.5),2.4,3,0.6707,0.0222
RNG(0.5),2.41,3,0.6709,0.0222
RNG(0.5),2.42,3,0.6711,0.0226
RNG(0.5),2.43,3,0.6712,0.0227
RNG(0.5),2.44,3,0.6712,0.0227
RNG(0.5),2.45,3,0.6714,0.0227
RNG(0.5),2.46,3,0.6716,0.0231
RNG(0.5),2.47,3,0.6715,0.0228
RNG(0.5),2.48,3,0.6716,0.0224
RNG(0.5),2.49,3,0.6716,0.0224
RNG(0.5),2.5,3,0.6716,0.0224
RNG(0.5),2.51,3,0.6716,0.0224
RNG(0.5),2.52,3,0.6719,0.023
RNG(0.5),2.53,3,0.672,0.0226
RNG(0.5),2.54,3,0.6722,0.0225
RNG(0.5),2.55,3,0.6724,0.022
RNG(0.5),2.56,3,0.6725,0.022
RNG(0.5),2.57,3,0.6725,0.022
RNG(0.5),2.58,3,0.6725,0.0217
RNG(0.5),2.59,3,0.6725,0.0217
RNG(0.5),2.6,3,0.6725,0.0217
RNG(0.5),2.61,3,0.6727,0.022
RNG(0.5),2.62,3,0.6727,0.022
RNG(0.5),2.63,3,0.6729,0.0216
RNG(0.5),2.64,3,0.673,0.0214
RNG(0.5),2.65,3,0.673,0.0218
RNG(0.5),2.66,3,0.673,0.0215
RNG(0.5),2.67,3,0.673,0.0215
RNG(0.5),2.68,3,0.6733,0.0208
RNG(0.5),2.69,3,0.6733,0.0208
RNG(0.5),2.7,3,0.6735,0.0208
RNG(0.5),2.71,3,0.6736,0.0208
RNG(0.5),2.72,3,0.6737,0.0209
RNG(0.5),2.73,3,0.6737,0.0209
RNG(0.5),2.74,3,0.6737,0.0209
RNG(0.5),2.75,3,0.6737,0.0209
RNG(0.5),2.76,3,0.6739,0.0208
RNG(0.5),2.77,3,0.6739,0.0207
RNG(0.5),2.78,3,0.6744,0.0217
RNG(0.5),2.79,3,0.6745,0.0217
RNG(0.5),2.8,3,0.6744,0.0217
RNG(0.5),2.81,3,0.6744,0.0217
RNG(0.5),2.82,3,0.6745,0.0219
RNG(0.5),2.83,3,0.6745,0.0219
RNG(0.5),2.84,3,0.6746,0.0217
RNG(0.5),2.85,3,0.6746,0.0217
RNG(0.5),2.86,3,0.6746,0.0217
RNG(0.5),2.87,3,0.6746,0.0217
RNG(0.5),2.88,3,0.6747,0.0216
RNG(0.5),2.89,3,0.6746,0.0217
RNG(0.5),2.9,3,0.6747,0.0216
RNG(0.5),2.91,3,0.6748,0.0214
RNG(0.5),2.92,3,0.675,0.0212
RNG(0.5),2.93,3,0.6749,0.0215
RNG(0.5),2.94,3,0.6749,0.0215
RNG(0.5),2.95,3,0.6751,0.0217
RNG(0.5),2.96,3,0.6754,0.0223
RNG(0.5),2.97,3,0.6755,0.0222
RNG(0.5),2.98,3,0.6755,0.0222
RNG(0.5),2.99,3,0.6756,0.0221
RNG(0.5),3.0,3,0.6759,0.0226
RNG(0.5),3.01,3,0.6759,0.0226
RNG(0.5),3.02,3,0.6761,0.0226
RNG(0.5),3.03,3,0.6761,0.0226
RNG(0.5),3.04,3,0.6762,0.0227
RNG(0.5),3.05,3,0.6765,0.0225
RNG(0.5),3.06,3,0.6765,0.0225
RNG(0.5),3.07,3,0.6765,0.0225
RNG(0.5),3.08,3,0.6765,0.0225
RNG(0.5),3.09,3,0.6765,0.0223
RNG(0.5),3.1,3,0.6765,0.0223
RNG(0.5),3.11,3,0.6766,0.0221
RNG(0.5),3.12,3,0.6765,0.0219
RNG(0.5),3.13,3,0.6764,0.0222
RNG(0.5),3.14,3,0.6766,0.0221
RNG(0.5),3.15,3,0.6766,0.0221
RNG(0.5),3.16,3,0.6767,0.0223
RNG(0.5),3.17,3,0.6765,0.0219
RNG(0.5),3.18,3,0.6765,0.0219
RNG(0.5),3.19,3,0.6765,0.0219
RNG(0.5),3.2,3,0.6766,0.0221
RNG(0.5),3.21,3,0.6766,0.0221
RNG(0.5),3.22,3,0.6767,0.0223
RNG(0.5),3.23,3,0.6767,0.0223
RNG(0.5),3.24,3,0.6767,0.0223
RNG(0.5),3.25,3,0.6767,0.0223
RNG(0.5),3.26,3,0.6767,0.0223
RNG(0.5),3.27,3,0.6767,0.0223
RNG(0.5),3.28,3,0.6767,0.0223
RNG(0.5),3.29,3,0.6767,0.0223
RNG(0.5),3.3,3,0.6767,0.0223
RNG(0.5),3.31,3,0.6768,0.0225
RNG(0.5),3.32,3,0.6768,0.0225
RNG(0.5),3.33,3,0.6768,0.0225
RNG(0.5),3.34,3,0.6766,0.0226
RNG(0.5),3.35,3,0.6766,0.0226
RNG(0.5),3.36,3,0.6765,0.0226
RNG(0.5),3.37,3,0.6765,0.0226
RNG(0.5),3.38,3,0.6765,0.0226
RNG(0.5),3.39,3,0.6765,0.023
RNG(0.5),3.4,3,0.6765,0.023
RNG(0.5),3.41,3,0.6765,0.023
RNG(0.5),3.42,3,0.6766,0.0227
RNG(0.5),3.43,3,0.6766,0.0227
RNG(0.5),3.44,3,0.6766,0.0227
RNG(0.5),3.45,3,0.6766,0.0227
RNG(0.5),3.46,3,0.6766,0.0227
RNG(0.5),3.47,3,0.6766,0.0227
RNG(0.5),3.48,3,0.6766,0.0227
RNG(0.5),3.49,3,0.6766,0.0227
RNG(0.5),3.5,3,0.6766,0.0227
RNG(0.5),3.51,3,0.6764,0.0229
RNG(0.5),3.52,3,0.6764,0.0229
RNG(0.5),3.53,3,0.6764,0.0229
RNG(0.5),3.54,3,0.6765,0.0226
RNG(0.5),3.55,3,0.6765,0.0226
RNG(0.5),3.56,3,0.6765,0.0226
RNG(0.5),3.57,3,0.6765,0.0226
RNG(0.5),3.58,3,0.6766,0.0227
RNG(0.5),3.59,3,0.6766,0.0227
RNG(0.5),3.6,3,0.6766,0.0227
RNG(0.5),3.61,3,0.6766,0.0227
RNG(0.5),3.62,3,0.6766,0.0227
RNG(0.5),3.63,3,0.6766,0.0227
RNG(0.5),3.64,3,0.6766,0.0227
RNG(0.5),3.65,3,0.6766,0.0227
RNG(0.5),3.66,3,0.6766,0.0227
RNG(0.5),3.67,3,0.6766,0.0227
RNG(0.5),3.68,3,0.6766,0.0227
RNG(0.5),3.69,3,0.6766,0.0227
RNG(0.5),3.7,3,0.6766,0.0227
RNG(0.5),3.71,3,0.6766,0.0227
RNG(0.5),3.72,3,0.6766,0.0227
RNG(0.5),3.73,3,0.6766,0.0227
RNG(0.5),3.74,3,0.6766,0.0227
RNG(0.5),3.75,3,0.6766,0.0227
RNG(0.5),3.76,3,0.6766,0.0227
RNG(0.5),3.77,3,0.6766,0.0227
RNG(0.5),3.79,3,0.6766,0.0227
RNG(0.5),3.8,3,0.6766,0.0227
RNG(0.5),3.81,3,0.6766,0.0227
RNG(0.5),3.82,3,0.6766,0.0227
RNG(0.5),3.83,3,0.6766,0.0227
RNG(0.5),3.84,3,0.6766,0.0227
RNG(0.5),3.85,3,0.6766,0.0227
RNG(0.5),3.86,3,0.6766,0.0227
RNG(0.5),3.87,3,0.6767,0.0229
RNG(0.5),3.88,3,0.6767,0.0229
RNG(0.5),3.89,3,0.6767,0.0229
RNG(0.5),3.9,3,0.6767,0.0229
RNG(0.5),3.91,3,0.6767,0.0229
RNG(0.5),3.92,3,0.6767,0.0229
RNG(0.5),3.93,3,0.6767,0.0229
RNG(0.5),3.94,3,0.6767,0.0229
RNG(0.5),3.95,3,0.6767,0.0229
RNG(0.5),3.96,3,0.6767,0.0229
RNG(0.5),3.97,3,0.6767,0.0229
RNG(0.5),3.99,3,0.6767,0.0229
RNG(0.5),4.0,3,0.6767,0.0229
RNG(0.5),4.01,3,0.6767,0.0229
RNG(0.5),4.02,3,0.6767,0.0229
RNG(0.5),4.03,3,0.6767,0.0229
RNG(0.5),4.04,3,0.6767,0.0229
RNG(0.5),4.05,3,0.6767,0.0229
RNG(0.5),4.06,2,0.682,0.0121
RNG(0.5),4.08,2,0.682,0.0121
RNG(0.5),4.09,3,0.6767,0.0229
RNG(0.5),4.1,3,0.6767,0.0229
RNG(0.5),4.11,2,0.682,0.0121
RNG(0.5),4.17,3,0.6767,0.0229
RNG(0.5),4.18,1,0.6829,0.0
RNG(0.5),4.2,1,0.6829,0.0
RNG(0.5),4.21,3,0.6767,0.0229
RNG(0.5),4.22,1,0.6829,0.0
RNG(0.5),4.24,3,0.6767,0.0229
RNG(0.5),4.27,2,0.682,0.0121
RNG(0.5),4.28,1,0.6829,0.0
RNG(0.5),4.31,2,0.6745,0.1067
RNG(0.5),4.35,1,0.6829,0.0
RNG(0.5),4.36,1,0.6829,0.0
RNG(1),1.18,1,0.6677,0.0
RNG(1),1.19,1,0.6677,0.0
RNG(1),1.23,1,0.6677,0.0
RNG(1),1.25,3,0.6612,0.0234
RNG(1),1.29,1,0.668,0.0
RNG(1),1.31,1,0.668,0.0
RNG(1),1.32,1,0.668,0.0
RNG(1),1.33,1,0.6681,0.0
RNG(1),1.35,3,0.6614,0.0239
RNG(1),1.39,3,0.6614,0.0239
RNG(1),1.4,3,0.6614,0.0239
RNG(1),1.42,2,0.6669,0.0146
RNG(1),1.43,2,0.6669,0.0146
RNG(1),1.44,3,0.6614,0.0239
RNG(1),1.45,3,0.6614,0.0239
RNG(1),1.46,2,0.6593,0.1124
RNG(1),1.47,3,0.6614,0.0239
RNG(1),1.48,2,0.6595,0.1131
RNG(1),1.51,1,0.6684,0.0
RNG(1),1.52,3,0.6617,0.0239
RNG(1),1.53,3,0.6618,0.024
RNG(1),1.56,3,0.6621,0.0227
RNG(1),1.59,3,0.6621,0.0227
RNG(1),1.61,3,0.6621,0.0225
RNG(1),1.62,3,0.6621,0.0225
RNG(1),1.63,3,0.6621,0.0225
RNG(1),1.64,3,0.6621,0.0225
RNG(1),1.65,3,0.6621,0.0225
RNG(1),1.66,3,0.6623,0.0225
RNG(1),1.67,2,0.6676,0.0152
RNG(1),1.68,3,0.6624,0.0228
RNG(1),1.69,3,0.6624,0.0228
RNG(1),1.7,3,0.6624,0.0228
RNG(1),1.71,3,0.6624,0.0228
RNG(1),1.72,2,0.6603,0.1074
RNG(1),1.73,3,0.6624,0.0228
RNG(1),1.74,3,0.6624,0.0228
RNG(1),1.76,3,0.6624,0.0228
RNG(1),1.77,3,0.6624,0.0228
RNG(1),1.78,3,0.6625,0.023
RNG(1),1.79,3,0.6625,0.023
RNG(1),1.8,3,0.6626,0.0229
RNG(1),1.81,3,0.6627,0.0231
RNG(1),1.82,3,0.6629,0.0227
RNG(1),1.83,3,0.6629,0.0228
RNG(1),1.84,2,0.6683,0.0146
RNG(1),1.85,3,0.663,0.0229
RNG(1),1.86,3,0.663,0.0229
RNG(1),1.87,3,0.663,0.0231
RNG(1),1.88,3,0.6631,0.0227
RNG(1),1.89,3,0.6631,0.0227
RNG(1),1.9,3,0.6632,0.0228
RNG(1),1.91,3,0.6632,0.0228
RNG(1),1.92,3,0.6634,0.0231
RNG(1),1.93,3,0.6634,0.0231
RNG(1),1.94,3,0.6634,0.0231
RNG(1),1.95,3,0.6634,0.0231
RNG(1),1.96,3,0.6634,0.0228
RNG(1),1.97,3,0.6634,0.0228
RNG(1),1.98,3,0.6635,0.023
RNG(1),1.99,3,0.6635,0.023
RNG(1),2.0,3,0.6635,0.023
RNG(1),2.01,3,0.6635,0.023
RNG(1),2.02,3,0.6635,0.023
RNG(1),2.03,3,0.6635,0.023
RNG(1),2.04,3,0.6635,0.023
RNG(1),2.05,3,0.6636,0.0228
RNG(1),2.06,3,0.6636,0.0222
RNG(1),2.07,3,0.6638,0.0222
RNG(1),2.08,3,0.6639,0.0223
RNG(1),2.09,3,0.6639,0.0223
RNG(1),2.1,3,0.6639,0.0223
RNG(1),2.11,3,0.664,0.0222
RNG(1),2.12,3,0.664,0.0222
RNG(1),2.13,3,0.664,0.0222
RNG(1),2.14,3,0.664,0.0222
RNG(1),2.15,2,0.662,0.1042
RNG(1),2.16,3,0.664,0.0222
RNG(1),2.17,3,0.664,0.0222
RNG(1),2.18,3,0.664,0.0222
RNG(1),2.19,3,0.6641,0.0223
RNG(1),2.2,3,0.6642,0.0219
RNG(1),2.21,3,0.6642,0.0218
RNG(1),2.22,3,0.6642,0.0219
RNG(1),2.23,3,0.6643,0.022
RNG(1),2.24,2,0.6622,0.1023
RNG(1),2.25,3,0.6644,0.0223
RNG(1),2.26,3,0.6645,0.0226
RNG(1),2.27,3,0.6645,0.0226
RNG(1),2.28,3,0.6645,0.0226
RNG(1),2.29,3,0.6646,0.0228
RNG(1),2.3,3,0.6647,0.023
RNG(1),2.31,3,0.6648,0.0231
RNG(1),2.32,3,0.6648,0.0228
RNG(1),2.33,3,0.6648,0.0228
RNG(1),2.34,3,0.665,0.0227
RNG(1),2.35,3,0.665,0.0227
RNG(1),2.36,3,0.665,0.0227
RNG(1),2.37,3,0.665,0.0227
RNG(1),2.38,3,0.665,0.0227
RNG(1),2.39,3,0.665,0.0227
RNG(1),2.4,3,0.665,0.0228
RNG(1),2.41,3,0.6652,0.0227
RNG(1),2.42,3,0.6652,0.0227
RNG(1),2.43,3,0.6652,0.0228
RNG(1),2.44,3,0.6652,0.0228
RNG(1),2.45,3,0.6655,0.0228
RNG(1),2.46,3,0.6656,0.023
RNG(1),2.47,3,0.6656,0.023
RNG(1),2.48,3,0.6657,0.0227
RNG(1),2.49,3,0.6657,0.0227
RNG(1),2.5,3,0.6657,0.0227
RNG(1),2.51,3,0.6657,0.0227
RNG(1),2.52,3,0.6658,0.0229
RNG(1),2.53,3,0.6658,0.0229
RNG(1),2.54,3,0.6658,0.0228
RNG(1),2.55,3,0.6658,0.0228
RNG(1),2.56,3,0.6658,0.0228
RNG(1),2.57,3,0.6658,0.0228
RNG(1),2.58,3,0.6659,0.0224
RNG(1),2.59,3,0.6659,0.0224
RNG(1),2.6,3,0.6659,0.0224
RNG(1),2.61,3,0.6659,0.0224
RNG(1),2.62,3,0.6659,0.0224
RNG(1),2.63,3,0.6659,0.0224
RNG(1),2.64,3,0.6659,0.0224
RNG(1),2.65,3,0.666,0.0226
RNG(1),2.66,3,0.666,0.0226
RNG(1),2.67,3,0.666,0.0226
RNG(1),2.68,3,0.6661,0.0225
RNG(1),2.69,3,0.6661,0.0225
RNG(1),2.7,3,0.6661,0.0225
RNG(1),2.71,3,0.6661,0.0225
RNG(1),2.72,3,0.6661,0.0225
RNG(1),2.73,3,0.6661,0.0225
RNG(1),2.74,3,0.6661,0.0225
RNG(1),2.75,3,0.6661,0.0225
RNG(1),2.76,3,0.6661,0.0223
RNG(1),2.77,3,0.6661,0.0223
RNG(1),2.78,3,0.6661,0.0224
RNG(1),2.79,3,0.6662,0.0225
RNG(1),2.8,3,0.6662,0.0225
RNG(1),2.81,3,0.6662,0.0225
RNG(1),2.82,3,0.6662,0.0225
RNG(1),2.83,3,0.6662,0.0225
RNG(1),2.84,3,0.6663,0.0222
RNG(1),2.85,3,0.6663,0.0222
RNG(1),2.86,3,0.6663,0.0222
RNG(1),2.87,3,0.6663,0.0222
RNG(1),2.88,3,0.6663,0.0222
RNG(1),2.89,3,0.6663,0.0222
RNG(1),2.9,3,0.6663,0.0223
RNG(1),2.91,3,0.6663,0.0223
RNG(1),2.92,3,0.6664,0.022
RNG(1),2.93,3,0.6664,0.022
RNG(1),2.94,3,0.6664,0.022
RNG(1),2.95,3,0.6664,0.0221
RNG(1),2.96,3,0.6665,0.0223
RNG(1),2.97,3,0.6666,0.0224
RNG(1),2.98,3,0.6666,0.0224
RNG(1),2.99,3,0.6666,0.0224
RNG(1),3.0,3,0.6666,0.0224
RNG(1),3.01,3,0.6666,0.0224
RNG(1),3.02,3,0.6666,0.0224
RNG(1),3.03,3,0.6666,0.0224
RNG(1),3.04,3,0.6667,0.0223
RNG(1),3.05,3,0.6667,0.0223
RNG(1),3.06,3,0.6667,0.0223
RNG(1),3.07,3,0.6667,0.0223
RNG(1),3.08,3,0.6667,0.0223
RNG(1),3.09,3,0.6667,0.0223
RNG(1),3.1,3,0.6667,0.0223
RNG(1),3.11,3,0.6667,0.0223
RNG(1),3.12,3,0.6667,0.0223
RNG(1),3.13,3,0.6667,0.0223
RNG(1),3.14,3,0.6668,0.0221
RNG(1),3.15,3,0.6668,0.0221
RNG(1),3.16,3,0.6668,0.0221
RNG(1),3.17,3,0.6668,0.0221
RNG(1),3.18,3,0.6668,0.0221
RNG(1),3.19,3,0.6668,0.0221
RNG(1),3.2,3,0.6668,0.0221
RNG(1),3.21,3,0.6668,0.0221
RNG(1),3.22,3,0.6668,0.0221
RNG(1),3.23,3,0.6668,0.0221
RNG(1),3.24,3,0.6668,0.0221
RNG(1),3.25,3,0.6668,0.0221
RNG(1),3.26,3,0.6668,0.0221
RNG(1),3.27,3,0.6668,0.0221
RNG(1),3.28,3,0.6668,0.0221
RNG(1),3.29,3,0.6668,0.0221
RNG(1),3.3,3,0.6668,0.0221
RNG(1),3.31,3,0.6669,0.0222
RNG(1),3.32,3,0.6669,0.0222
RNG(1),3.33,3,0.6669,0.0222
RNG(1),3.34,3,0.6669,0.0222
RNG(1),3.35,3,0.6669,0.0222
RNG(1),3.36,3,0.6669,0.0222
RNG(1),3.37,3,0.6669,0.0222
RNG(1),3.38,3,0.6669,0.0222
RNG(1),3.39,3,0.6669,0.0222
RNG(1),3.4,3,0.6669,0.0222
RNG(1),3.41,3,0.6669,0.0222
RNG(1),3.42,3,0.6669,0.0222
RNG(1),3.43,3,0.6669,0.0222
RNG(1),3.44,3,0.6669,0.0222
RNG(1),3.45,3,0.6669,0.0222
RNG(1),3.46,3,0.6669,0.0222
RNG(1),3.47,3,0.6669,0.0222
RNG(1),3.48,3,0.6669,0.0222
RNG(1),3.49,3,0.6669,0.0222
RNG(1),3.5,3,0.6669,0.0222
RNG(1),3.51,3,0.6669,0.0222
RNG(1),3.52,3,0.6669,0.0222
RNG(1),3.53,3,0.6669,0.0222
RNG(1),3.54,3,0.6669,0.0222
RNG(1),3.55,3,0.6669,0.0222
RNG(1),3.56,3,0.6669,0.0222
RNG(1),3.57,3,0.6669,0.0222
RNG(1),3.58,3,0.6669,0.0222
RNG(1),3.59,3,0.6669,0.0222
RNG(1),3.6,3,0.6669,0.0222
RNG(1),3.61,3,0.6669,0.0222
RNG(1),3.62,3,0.6669,0.0222
RNG(1),3.63,3,0.6669,0.0222
RNG(1),3.64,3,0.6669,0.0222
RNG(1),3.65,3,0.6669,0.0222
RNG(1),3.66,3,0.6669,0.0222
RNG(1),3.67,3,0.6669,0.0222
RNG(1),3.68,3,0.6669,0.0222
RNG(1),3.69,3,0.6669,0.0222
RNG(1),3.7,3,0.6669,0.0222
RNG(1),3.71,3,0.6669,0.0222
RNG(1),3.72,3,0.6669,0.0222
RNG(1),3.73,3,0.6669,0.0222
RNG(1),3.74,3,0.6669,0.0222
RNG(1),3.75,3,0.6669,0.0222
RNG(1),3.76,3,0.6669,0.0222
RNG(1),3.77,3,0.6669,0.0222
RNG(1),3.79,3,0.6669,0.0222
RNG(1),3.8,3,0.6669,0.0222
RNG(1),3.81,3,0.6669,0.0222
RNG(1),3.82,3,0.6669,0.0222
RNG(1),3.83,3,0.6669,0.0222
RNG(1),3.84,3,0.6669,0.0222
RNG(1),3.85,3,0.6669,0.0222
RNG(1),3.86,3,0.6669,0.0222
RNG(1),3.87,3,0.6669,0.0222
RNG(1),3.88,3,0.6669,0.0222
RNG(1),3.89,3,0.6669,0.0222
RNG(1),3.9,3,0.6669,0.0222
RNG(1),3.91,3,0.6669,0.0222
RNG(1),3.92,3,0.6669,0.0222
RNG(1),3.93,3,0.6669,0.0222
RNG(1),3.94,3,0.6669,0.0222
RNG(1),3.95,3,0.6669,0.0222
RNG(1),3.96,3,0.6669,0.0222
RNG(1),3.97,3,0.6669,0.0222
RNG(1),3.99,3,0.6669,0.0222
RNG(1),4.0,3,0.6669,0.0222
RNG(1),4.01,3,0.6669,0.0222
RNG(1),4.02,3,0.6669,0.0222
RNG(1),4.03,3,0.6669,0.0222
RNG(1),4.04,3,0.6669,0.0222
RNG(1),4.05,3,0.6669,0.0222
RNG(1),4.06,2,0.6721,0.0083
RNG(1),4.08,2,0.6721,0.0083
RNG(1),4.09,3,0.6669,0.0222
RNG(1),4.1,3,0.6669,0.0222
RNG(1),4.11,2,0.6721,0.0083
RNG(1),4.17,3,0.6669,0.0222
RNG(1),4.18,1,0.6727,0.0
RNG(1),4.2,1,0.6727,0.0
RNG(1),4.21,3,0.6669,0.0222
RNG(1),4.22,1,0.6727,0.0
RNG(1),4.24,3,0.6669,0.0222
RNG(1),4.27,2,0.6721,0.0083
RNG(1),4.28,1,0.6727,0.0
RNG(1),4.31,2,0.6646,0.1023
RNG(1),4.35,1,0.6727,0.0
RNG(1),4.36,1,0.6727,0.0
Dedup(0.85),1.24,2,0.658,0.0959
Dedup(0.85),1.58,2,0.662,0.0712
Dedup(0.85),1.75,2,0.6653,0.0642
Dedup(0.85),3.78,2,0.6959,0.0661
Dedup(0.85),3.98,1,0.7011,0.0
Dedup(0.85),4.07,1,0.7011,0.0
Dedup(0.85),4.12,2,0.6959,0.0661
Dedup(0.85),4.13,1,0.7011,0.0
Dedup(0.85),4.14,1,0.7011,0.0
Dedup(0.85),4.15,1,0.7011,0.0
Dedup(0.85),4.16,2,0.6959,0.0661
Dedup(0.85),4.19,1,0.7011,0.0
Dedup(0.85),4.23,1,0.7011,0.0
Dedup(0.85),4.25,1,0.7011,0.0
Dedup(0.85),4.26,1,0.7011,0.0
Dedup(0.9),1.24,2,0.658,0.0959
Dedup(0.9),1.58,2,0.6614,0.0762
Dedup(0.9),1.75,2,0.6633,0.0737
Dedup(0.9),3.78,2,0.6794,0.0794
Dedup(0.9),3.98,1,0.6857,0.0
Dedup(0.9),4.07,1,0.6857,0.0
Dedup(0.9),4.12,2,0.6794,0.0794
Dedup(0.9),4.13,1,0.6857,0.0
Dedup(0.9),4.14,1,0.6857,0.0
Dedup(0.9),4.15,1,0.6857,0.0
Dedup(0.9),4.16,2,0.6794,0.0794
Dedup(0.9),4.19,1,0.6857,0.0
Dedup(0.9),4.23,1,0.6857,0.0
Dedup(0.9),4.25,1,0.6857,0.0
Dedup(0.9),4.26,1,0.6857,0.0
Dedup(0.95),1.24,2,0.658,0.0959
Dedup(0.95),1.58,2,0.6599,0.0832
Dedup(0.95),1.75,2,0.6604,0.0877
Dedup(0.95),3.78,2,0.6653,0.0978
Dedup(0.95),3.98,1,0.673,0.0
Dedup(0.95),4.07,1,0.673,0.0
Dedup(0.95),4.12,2,0.6653,0.0978
Dedup(0.95),4.13,1,0.673,0.0
Dedup(0.95),4.14,1,0.673,0.0
Dedup(0.95),4.15,1,0.673,0.0
Dedup(0.95),4.16,2,0.6653,0.0978
Dedup(0.95),4.19,1,0.673,0.0
Dedup(0.95),4.23,1,0.673,0.0
Dedup(0.95),4.25,1,0.673,0.0
Dedup(0.95),4.26,1,0.673,0.0
MMR(0.3),1.24,2,0.658,0.0959
MMR(0.3),1.58,2,0.6611,0.0902
MMR(0.3),1.75,2,0.6609,0.0864
MMR(0.3),3.78,2,0.5592,0.162
MMR(0.3),3.98,1,0.561,0.0
MMR(0.3),4.07,1,0.5572,0.0
MMR(0.3),4.12,2,0.5441,0.1499
MMR(0.3),4.13,1,0.5559,0.0
MMR(0.3),4.14,1,0.5556,0.0
MMR(0.3),4.15,1,0.5556,0.0
MMR(0.3),4.16,2,0.5437,0.1487
MMR(0.3),4.19,1,0.5552,0.0
MMR(0.3),4.23,1,0.5557,0.0
MMR(0.3),4.25,1,0.5552,0.0
MMR(0.3),4.26,1,0.5552,0.0
MMR(0.5),1.24,2,0.658,0.0959
MMR(0.5),1.58,2,0.6625,0.0743
MMR(0.5),1.75,2,0.6641,0.0794
MMR(0.5),3.78,2,0.6386,0.1753
MMR(0.5),3.98,1,0.6447,0.0
MMR(0.5),4.07,1,0.641,0.0
MMR(0.5),4.12,2,0.6277,0.1626
MMR(0.5),4.13,1,0.6405,0.0
MMR(0.5),4.14,1,0.6403,0.0
MMR(0.5),4.15,1,0.6403,0.0
MMR(0.5),4.16,2,0.6275,0.1633
MMR(0.5),4.19,1,0.6399,0.0
MMR(0.5),4.23,1,0.6401,0.0
MMR(0.5),4.25,1,0.6401,0.0
MMR(0.5),4.26,1,0.6401,0.0
MMR(0.7),1.24,2,0.658,0.0959
MMR(0.7),1.58,2,0.6632,0.0623
MMR(0.7),1.75,2,0.6681,0.061
MMR(0.7),3.78,2,0.7163,0.1277
MMR(0.7),3.98,1,0.7236,0.0
MMR(0.7),4.07,1,0.7224,0.0
MMR(0.7),4.12,2,0.7119,0.1334
MMR(0.7),4.13,1,0.7224,0.0
MMR(0.7),4.14,1,0.7222,0.0
MMR(0.7),4.15,1,0.7223,0.0
MMR(0.7),4.16,2,0.7119,0.1328
MMR(0.7),4.19,1,0.7223,0.0
MMR(0.7),4.23,1,0.7223,0.0
MMR(0.7),4.25,1,0.7223,0.0
MMR(0.7),4.26,1,0.7223,0.0
MMR(0.9),1.24,2,0.658,0.0959
MMR(0.9),1.58,2,0.6603,0.0775
MMR(0.9),1.75,2,0.662,0.0718
MMR(0.9),3.78,2,0.6976,0.0921
MMR(0.9),3.98,1,0.704,0.0
MMR(0.9),4.07,1,0.7034,0.0
MMR(0.9),4.12,2,0.6958,0.094
MMR(0.9),4.13,1,0.7032,0.0
MMR(0.9),4.14,1,0.7032,0.0
MMR(0.9),4.15,1,0.7034,0.0
MMR(0.9),4.16,2,0.6959,0.0953
MMR(0.9),4.19,1,0.7034,0.0
MMR(0.9),4.23,1,0.7034,0.0
MMR(0.9),4.25,1,0.7034,0.0
MMR(0.9),4.26,1,0.7034,0.0
Maxmin,1.24,2,0.658,0.0959
Maxmin,1.58,2,0.6596,0.0966
Maxmin,1.75,2,0.6577,0.1067
Maxmin,3.78,2,0.5086,0.1938
Maxmin,3.98,1,0.5096,0.0
Maxmin,4.07,1,0.506,0.0
Maxmin,4.12,2,0.4924,0.162
Maxmin,4.13,1,0.5051,0.0
Maxmin,4.14,1,0.5048,0.0
Maxmin,4.15,1,0.5048,0.0
Maxmin,4.16,2,0.492,0.162
Maxmin,4.19,1,0.5046,0.0
Maxmin,4.23,1,0.5046,0.0
Maxmin,4.25,1,0.5035,0.0
Maxmin,4.26,1,0.5034,0.0
Greedy-DPP,1.24,2,0.658,0.0959
Greedy-DPP,1.58,2,0.6639,0.0642
Greedy-DPP,1.75,2,0.668,0.0673
Greedy-DPP,3.78,2,0.7161,0.1404
Greedy-DPP,3.98,1,0.7243,0.0
Greedy-DPP,4.07,1,0.7237,0.0
Greedy-DPP,4.12,2,0.7129,0.1353
Greedy-DPP,4.13,1,0.7236,0.0
Greedy-DPP,4.14,1,0.7236,0.0
Greedy-DPP,4.15,1,0.7237,0.0
Greedy-DPP,4.16,2,0.713,0.136
Greedy-DPP,4.19,1,0.7237,0.0
Greedy-DPP,4.23,1,0.7237,0.0
Greedy-DPP,4.25,1,0.7237,0.0
Greedy-DPP,4.26,1,0.7237,0.0
VendiG(0.3),1.24,2,0.658,0.0959
VendiG(0.3),1.58,2,0.6614,0.08
VendiG(0.3),1.75,2,0.6618,0.0794
VendiG(0.3),3.78,2,0.5652,0.1334
VendiG(0.3),3.98,1,0.5642,0.0
VendiG(0.3),4.07,1,0.5597,0.0
VendiG(0.3),4.12,2,0.55,0.108
VendiG(0.3),4.13,1,0.5585,0.0
VendiG(0.3),4.14,1,0.5583,0.0
VendiG(0.3),4.15,1,0.5583,0.0
VendiG(0.3),4.16,2,0.5496,0.1074
VendiG(0.3),4.19,1,0.5577,0.0
VendiG(0.3),4.23,1,0.5578,0.0
VendiG(0.3),4.25,1,0.5578,0.0
VendiG(0.3),4.26,1,0.5578,0.0
VendiG(0.5),1.24,2,0.658,0.0959
VendiG(0.5),1.58,2,0.6621,0.08
VendiG(0.5),1.75,2,0.6643,0.0883
VendiG(0.5),3.78,2,0.6241,0.2179
VendiG(0.5),3.98,1,0.6349,0.0
VendiG(0.5),4.07,1,0.631,0.0
VendiG(0.5),4.12,2,0.6136,0.2154
VendiG(0.5),4.13,1,0.6305,0.0
VendiG(0.5),4.14,1,0.6302,0.0
VendiG(0.5),4.15,1,0.6303,0.0
VendiG(0.5),4.16,2,0.6133,0.2147
VendiG(0.5),4.19,1,0.6299,0.0
VendiG(0.5),4.23,1,0.6299,0.0
VendiG(0.5),4.25,1,0.6299,0.0
VendiG(0.5),4.26,1,0.6299,0.0
VendiG(0.7),1.24,2,0.658,0.0959
VendiG(0.7),1.58,2,0.6634,0.0642
VendiG(0.7),1.75,2,0.6667,0.0642
VendiG(0.7),3.78,2,0.6974,0.1067
VendiG(0.7),3.98,1,0.703,0.0
VendiG(0.7),4.07,1,0.701,0.0
VendiG(0.7),4.12,2,0.6925,0.1061
VendiG(0.7),4.13,1,0.7008,0.0
VendiG(0.7),4.14,1,0.7008,0.0
VendiG(0.7),4.15,1,0.701,0.0
VendiG(0.7),4.16,2,0.6925,0.1074
VendiG(0.7),4.19,1,0.701,0.0
VendiG(0.7),4.23,1,0.701,0.0
VendiG(0.7),4.25,1,0.701,0.0
VendiG(0.7),4.26,1,0.701,0.0
VendiG(0.9),1.24,2,0.658,0.0959
VendiG(0.9),1.58,2,0.6604,0.0756
VendiG(0.9),1.75,2,0.6625,0.0686
VendiG(0.9),3.78,2,0.7024,0.0934
VendiG(0.9),3.98,1,0.7089,0.0
VendiG(0.9),4.07,1,0.7082,0.0
VendiG(0.9),4.12,2,0.7008,0.094
VendiG(0.9),4.13,1,0.7082,0.0
VendiG(0.9),4.14,1,0.7082,0.0
VendiG(0.9),4.15,1,0.7083,0.0
VendiG(0.9),4.16,2,0.7008,0.0947
VendiG(0.9),4.19,1,0.7083,0.0
VendiG(0.9),4.23,1,0.7083,0.0
VendiG(0.9),4.25,1,0.7083,0.0
VendiG(0.9),4.26,1,0.7083,0.0
RNG(-2),1.24,2,0.658,0.0959
RNG(-2),1.58,2,0.658,0.0959
RNG(-2),1.75,2,0.658,0.0959
RNG(-2),3.78,2,0.658,0.0959
RNG(-2),3.98,1,0.6655,0.0
RNG(-2),4.07,1,0.6655,0.0
RNG(-2),4.12,2,0.658,0.0959
RNG(-2),4.13,1,0.6655,0.0
RNG(-2),4.14,1,0.6655,0.0
RNG(-2),4.15,1,0.6655,0.0
RNG(-2),4.16,2,0.658,0.0959
RNG(-2),4.19,1,0.6655,0.0
RNG(-2),4.23,1,0.6655,0.0
RNG(-2),4.25,1,0.6655,0.0
RNG(-2),4.26,1,0.6655,0.0
RNG(-0.3),1.24,2,0.658,0.0959
RNG(-0.3),1.58,2,0.661,0.0775
RNG(-0.3),1.75,2,0.6629,0.0737
RNG(-0.3),3.78,2,0.6997,0.0953
RNG(-0.3),3.98,1,0.7072,0.0
RNG(-0.3),4.07,1,0.7072,0.0
RNG(-0.3),4.12,2,0.6997,0.0953
RNG(-0.3),4.13,1,0.7072,0.0
RNG(-0.3),4.14,1,0.7072,0.0
RNG(-0.3),4.15,1,0.7072,0.0
RNG(-0.3),4.16,2,0.6997,0.0953
RNG(-0.3),4.19,1,0.7072,0.0
RNG(-0.3),4.23,1,0.7072,0.0
RNG(-0.3),4.25,1,0.7072,0.0
RNG(-0.3),4.26,1,0.7072,0.0
RNG(-0.2),1.24,2,0.658,0.0959
RNG(-0.2),1.58,2,0.6629,0.0686
RNG(-0.2),1.75,2,0.6669,0.0597
RNG(-0.2),3.78,2,0.7168,0.08
RNG(-0.2),3.98,1,0.7235,0.0
RNG(-0.2),4.07,1,0.7232,0.0
RNG(-0.2),4.12,2,0.7169,0.08
RNG(-0.2),4.13,1,0.7232,0.0
RNG(-0.2),4.14,1,0.7232,0.0
RNG(-0.2),4.15,1,0.7232,0.0
RNG(-0.2),4.16,2,0.7169,0.08
RNG(-0.2),4.19,1,0.7232,0.0
RNG(-0.2),4.23,1,0.7232,0.0
RNG(-0.2),4.25,1,0.7232,0.0
RNG(-0.2),4.26,1,0.7232,0.0
RNG(-0.1),1.24,2,0.658,0.0959
RNG(-0.1),1.58,2,0.6637,0.0712
RNG(-0.1),1.75,2,0.6676,0.0673
RNG(-0.1),3.78,2,0.7236,0.1156
RNG(-0.1),3.98,1,0.731,0.0
RNG(-0.1),4.07,1,0.7304,0.0
RNG(-0.1),4.12,2,0.7211,0.1169
RNG(-0.1),4.13,1,0.7303,0.0
RNG(-0.1),4.14,1,0.7303,0.0
RNG(-0.1),4.15,1,0.7303,0.0
RNG(-0.1),4.16,2,0.7211,0.1169
RNG(-0.1),4.19,1,0.7303,0.0
RNG(-0.1),4.23,1,0.7303,0.0
RNG(-0.1),4.25,1,0.7303,0.0
RNG(-0.1),4.26,1,0.7303,0.0
RNG(-0.05),1.24,2,0.658,0.0959
RNG(-0.05),1.58,2,0.6631,0.0667
RNG(-0.05),1.75,2,0.6661,0.0661
RNG(-0.05),3.78,2,0.716,0.1226
RNG(-0.05),3.98,1,0.7234,0.0
RNG(-0.05),4.07,1,0.7226,0.0
RNG(-0.05),4.12,2,0.7123,0.1283
RNG(-0.05),4.13,1,0.7224,0.0
RNG(-0.05),4.14,1,0.7224,0.0
RNG(-0.05),4.15,1,0.7226,0.0
RNG(-0.05),4.16,2,0.7124,0.1296
RNG(-0.05),4.19,1,0.7226,0.0
RNG(-0.05),4.23,1,0.7226,0.0
RNG(-0.05),4.25,1,0.7226,0.0
RNG(-0.05),4.26,1,0.7226,0.0
RNG(0),1.24,2,0.658,0.0959
RNG(0),1.58,2,0.6626,0.0724
RNG(0),1.75,2,0.6646,0.0731
RNG(0),3.78,2,0.7074,0.1233
RNG(0),3.98,1,0.7134,0.0
RNG(0),4.07,1,0.7126,0.0
RNG(0),4.12,2,0.7028,0.1245
RNG(0),4.13,1,0.7126,0.0
RNG(0),4.14,1,0.7124,0.0
RNG(0),4.15,1,0.7125,0.0
RNG(0),4.16,2,0.7027,0.1239
RNG(0),4.19,1,0.7125,0.0
RNG(0),4.23,1,0.7125,0.0
RNG(0),4.25,1,0.7125,0.0
RNG(0),4.26,1,0.7125,0.0
RNG(0.05),1.24,2,0.658,0.0959
RNG(0.05),1.58,2,0.6625,0.0705
RNG(0.05),1.75,2,0.6638,0.0661
RNG(0.05),3.78,2,0.7103,0.1194
RNG(0.05),3.98,1,0.7177,0.0
RNG(0.05),4.07,1,0.7174,0.0
RNG(0.05),4.12,2,0.7079,0.1213
RNG(0.05),4.13,1,0.7174,0.0
RNG(0.05),4.14,1,0.7174,0.0
RNG(0.05),4.15,1,0.7174,0.0
RNG(0.05),4.16,2,0.7079,0.1213
RNG(0.05),4.19,1,0.7174,0.0
RNG(0.05),4.23,1,0.7174,0.0
RNG(0.05),4.25,1,0.7174,0.0
RNG(0.05),4.26,1,0.7174,0.0
RNG(0.1),1.24,2,0.658,0.0959
RNG(0.1),1.58,2,0.6623,0.0686
RNG(0.1),1.75,2,0.6642,0.0705
RNG(0.1),3.78,2,0.7048,0.108
RNG(0.1),3.98,1,0.7122,0.0
RNG(0.1),4.07,1,0.7117,0.0
RNG(0.1),4.12,2,0.7035,0.1042
RNG(0.1),4.13,1,0.7117,0.0
RNG(0.1),4.14,1,0.7117,0.0
RNG(0.1),4.15,1,0.7117,0.0
RNG(0.1),4.16,2,0.7035,0.1042
RNG(0.1),4.19,1,0.7117,0.0
RNG(0.1),4.23,1,0.7117,0.0
RNG(0.1),4.25,1,0.7117,0.0
RNG(0.1),4.26,1,0.7117,0.0
RNG(0.2),1.24,2,0.658,0.0959
RNG(0.2),1.58,2,0.6611,0.0781
RNG(0.2),1.75,2,0.6633,0.0718
RNG(0.2),3.78,2,0.695,0.0997
RNG(0.2),3.98,1,0.7032,0.0
RNG(0.2),4.07,1,0.7028,0.0
RNG(0.2),4.12,2,0.6949,0.0997
RNG(0.2),4.13,1,0.7028,0.0
RNG(0.2),4.14,1,0.7028,0.0
RNG(0.2),4.15,1,0.7028,0.0
RNG(0.2),4.16,2,0.6949,0.0997
RNG(0.2),4.19,1,0.7028,0.0
RNG(0.2),4.23,1,0.7028,0.0
RNG(0.2),4.25,1,0.7028,0.0
RNG(0.2),4.26,1,0.7028,0.0
RNG(0.3),1.24,2,0.658,0.0959
RNG(0.3),1.58,2,0.6606,0.0794
RNG(0.3),1.75,2,0.6621,0.0769
RNG(0.3),3.78,2,0.6847,0.0959
RNG(0.3),3.98,1,0.6926,0.0
RNG(0.3),4.07,1,0.6926,0.0
RNG(0.3),4.12,2,0.6848,0.0985
RNG(0.3),4.13,1,0.6926,0.0
RNG(0.3),4.14,1,0.6926,0.0
RNG(0.3),4.15,1,0.6926,0.0
RNG(0.3),4.16,2,0.6848,0.0985
RNG(0.3),4.19,1,0.6926,0.0
RNG(0.3),4.23,1,0.6926,0.0
RNG(0.3),4.25,1,0.6926,0.0
RNG(0.3),4.26,1,0.6926,0.0
RNG(0.5),1.24,2,0.658,0.0959
RNG(0.5),1.58,2,0.6597,0.0851
RNG(0.5),1.75,2,0.6607,0.0845
RNG(0.5),3.78,2,0.6734,0.0934
RNG(0.5),3.98,1,0.681,0.0
RNG(0.5),4.07,1,0.681,0.0
RNG(0.5),4.12,2,0.6736,0.0947
RNG(0.5),4.13,1,0.681,0.0
RNG(0.5),4.14,1,0.681,0.0
RNG(0.5),4.15,1,0.681,0.0
RNG(0.5),4.16,2,0.6736,0.0947
RNG(0.5),4.19,1,0.681,0.0
RNG(0.5),4.23,1,0.681,0.0
RNG(0.5),4.25,1,0.681,0.0
RNG(0.5),4.26,1,0.681,0.0
RNG(1),1.24,2,0.658,0.0959
RNG(1),1.58,2,0.6589,0.0928
RNG(1),1.75,2,0.6593,0.0934
RNG(1),3.78,2,0.664,0.094
RNG(1),3.98,1,0.6714,0.0
RNG(1),4.07,1,0.6714,0.0
RNG(1),4.12,2,0.664,0.094
RNG(1),4.13,1,0.6714,0.0
RNG(1),4.14,1,0.6714,0.0
RNG(1),4.15,1,0.6714,0.0
RNG(1),4.16,2,0.664,0.094
RNG(1),4.19,1,0.6714,0.0
RNG(1),4.23,1,0.6714,0.0
RNG(1),4.25,1,0.6714,0.0
RNG(1),4.26,1,0.6714,0.0
Dedup(0.85),1.38,1,0.6504,0.0
Dedup(0.85),1.41,1,0.6512,0.0
Dedup(0.85),1.5,1,0.6538,0.0
Dedup(0.85),1.54,1,0.6559,0.0
Dedup(0.85),1.55,1,0.6564,0.0
Dedup(0.85),1.6,1,0.6566,0.0
Dedup(0.85),4.33,1,0.6907,0.0
Dedup(0.85),4.34,1,0.6907,0.0
Dedup(0.9),1.38,1,0.6504,0.0
Dedup(0.9),1.41,1,0.6512,0.0
Dedup(0.9),1.5,1,0.653,0.0
Dedup(0.9),1.54,1,0.6548,0.0
Dedup(0.9),1.55,1,0.6554,0.0
Dedup(0.9),1.6,1,0.6555,0.0
Dedup(0.9),4.33,1,0.6732,0.0
Dedup(0.9),4.34,1,0.6732,0.0
Dedup(0.95),1.38,1,0.6504,0.0
Dedup(0.95),1.41,1,0.6512,0.0
Dedup(0.95),1.5,1,0.6524,0.0
Dedup(0.95),1.54,1,0.6533,0.0
Dedup(0.95),1.55,1,0.6533,0.0
Dedup(0.95),1.6,1,0.6533,0.0
Dedup(0.95),4.33,1,0.6576,0.0
Dedup(0.95),4.34,1,0.6576,0.0
MMR(0.3),1.38,1,0.6509,0.0
MMR(0.3),1.41,1,0.6512,0.0
MMR(0.3),1.5,1,0.6523,0.0
MMR(0.3),1.54,1,0.654,0.0
MMR(0.3),1.55,1,0.6537,0.0
MMR(0.3),1.6,1,0.6535,0.0
MMR(0.3),4.33,1,0.5314,0.0
MMR(0.3),4.34,1,0.5314,0.0
MMR(0.5),1.38,1,0.6514,0.0
MMR(0.5),1.41,1,0.6519,0.0
MMR(0.5),1.5,1,0.6541,0.0
MMR(0.5),1.54,1,0.6566,0.0
MMR(0.5),1.55,1,0.6566,0.0
MMR(0.5),1.6,1,0.6563,0.0
MMR(0.5),4.33,1,0.6136,0.0
MMR(0.5),4.34,1,0.6136,0.0
MMR(0.7),1.38,1,0.6512,0.0
MMR(0.7),1.41,1,0.6521,0.0
MMR(0.7),1.5,1,0.6552,0.0
MMR(0.7),1.54,1,0.6577,0.0
MMR(0.7),1.55,1,0.658,0.0
MMR(0.7),1.6,1,0.6582,0.0
MMR(0.7),4.33,1,0.7009,0.0
MMR(0.7),4.34,1,0.7009,0.0
MMR(0.9),1.38,1,0.6504,0.0
MMR(0.9),1.41,1,0.6512,0.0
MMR(0.9),1.5,1,0.6529,0.0
MMR(0.9),1.54,1,0.6542,0.0
MMR(0.9),1.55,1,0.6542,0.0
MMR(0.9),1.6,1,0.6544,0.0
MMR(0.9),4.33,1,0.6879,0.0
MMR(0.9),4.34,1,0.6879,0.0
Maxmin,1.38,1,0.6504,0.0
Maxmin,1.41,1,0.6506,0.0
Maxmin,1.5,1,0.6512,0.0
Maxmin,1.54,1,0.6517,0.0
Maxmin,1.55,1,0.6515,0.0
Maxmin,1.6,1,0.6515,0.0
Maxmin,4.33,1,0.4783,0.0
Maxmin,4.34,1,0.4783,0.0
Greedy-DPP,1.38,1,0.6514,0.0
Greedy-DPP,1.41,1,0.6524,0.0
Greedy-DPP,1.5,1,0.6554,0.0
Greedy-DPP,1.54,1,0.6581,0.0
Greedy-DPP,1.55,1,0.6584,0.0
Greedy-DPP,1.6,1,0.6586,0.0
Greedy-DPP,4.33,1,0.7017,0.0
Greedy-DPP,4.34,1,0.7017,0.0
VendiG(0.3),1.38,1,0.6512,0.0
VendiG(0.3),1.41,1,0.6515,0.0
VendiG(0.3),1.5,1,0.653,0.0
VendiG(0.3),1.54,1,0.6547,0.0
VendiG(0.3),1.55,1,0.6545,0.0
VendiG(0.3),1.6,1,0.6546,0.0
VendiG(0.3),4.33,1,0.5402,0.0
VendiG(0.3),4.34,1,0.5402,0.0
VendiG(0.5),1.38,1,0.6517,0.0
VendiG(0.5),1.41,1,0.652,0.0
VendiG(0.5),1.5,1,0.6541,0.0
VendiG(0.5),1.54,1,0.6559,0.0
VendiG(0.5),1.55,1,0.6556,0.0
VendiG(0.5),1.6,1,0.6554,0.0
VendiG(0.5),4.33,1,0.5953,0.0
VendiG(0.5),4.34,1,0.5953,0.0
VendiG(0.7),1.38,1,0.6512,0.0
VendiG(0.7),1.41,1,0.652,0.0
VendiG(0.7),1.5,1,0.655,0.0
VendiG(0.7),1.54,1,0.6577,0.0
VendiG(0.7),1.55,1,0.658,0.0
VendiG(0.7),1.6,1,0.6583,0.0
VendiG(0.7),4.33,1,0.6833,0.0
VendiG(0.7),4.34,1,0.6833,0.0
VendiG(0.9),1.38,1,0.6504,0.0
VendiG(0.9),1.41,1,0.6512,0.0
VendiG(0.9),1.5,1,0.6529,0.0
VendiG(0.9),1.54,1,0.6542,0.0
VendiG(0.9),1.55,1,0.6542,0.0
VendiG(0.9),1.6,1,0.6546,0.0
VendiG(0.9),4.33,1,0.6929,0.0
VendiG(0.9),4.34,1,0.6929,0.0
RNG(-2),1.38,1,0.6504,0.0
RNG(-2),1.41,1,0.6504,0.0
RNG(-2),1.5,1,0.6504,0.0
RNG(-2),1.54,1,0.6504,0.0
RNG(-2),1.55,1,0.6504,0.0
RNG(-2),1.6,1,0.6504,0.0
RNG(-2),4.33,1,0.6504,0.0
RNG(-2),4.34,1,0.6504,0.0
RNG(-0.3),1.38,1,0.6504,0.0
RNG(-0.3),1.41,1,0.6512,0.0
RNG(-0.3),1.5,1,0.6535,0.0
RNG(-0.3),1.54,1,0.6547,0.0
RNG(-0.3),1.55,1,0.6549,0.0
RNG(-0.3),1.6,1,0.6551,0.0
RNG(-0.3),4.33,1,0.6922,0.0
RNG(-0.3),4.34,1,0.6922,0.0
RNG(-0.2),1.38,1,0.6507,0.0
RNG(-0.2),1.41,1,0.6517,0.0
RNG(-0.2),1.5,1,0.6547,0.0
RNG(-0.2),1.54,1,0.657,0.0
RNG(-0.2),1.55,1,0.6572,0.0
RNG(-0.2),1.6,1,0.6576,0.0
RNG(-0.2),4.33,1,0.7101,0.0
RNG(-0.2),4.34,1,0.7101,0.0
RNG(-0.1),1.38,1,0.6514,0.0
RNG(-0.1),1.41,1,0.6527,0.0
RNG(-0.1),1.5,1,0.6549,0.0
RNG(-0.1),1.54,1,0.6575,0.0
RNG(-0.1),1.55,1,0.6577,0.0
RNG(-0.1),1.6,1,0.6577,0.0
RNG(-0.1),4.33,1,0.7114,0.0
RNG(-0.1),4.34,1,0.7114,0.0
RNG(-0.05),1.38,1,0.6512,0.0
RNG(-0.05),1.41,1,0.6523,0.0
RNG(-0.05),1.5,1,0.6544,0.0
RNG(-0.05),1.54,1,0.657,0.0
RNG(-0.05),1.55,1,0.6573,0.0
RNG(-0.05),1.6,1,0.6574,0.0
RNG(-0.05),4.33,1,0.7016,0.0
RNG(-0.05),4.34,1,0.7016,0.0
RNG(0),1.38,1,0.6512,0.0
RNG(0),1.41,1,0.6523,0.0
RNG(0),1.5,1,0.6545,0.0
RNG(0),1.54,1,0.6562,0.0
RNG(0),1.55,1,0.6565,0.0
RNG(0),1.6,1,0.6565,0.0
RNG(0),4.33,1,0.6925,0.0
RNG(0),4.34,1,0.6925,0.0
RNG(0.05),1.38,1,0.6512,0.0
RNG(0.05),1.41,1,0.6523,0.0
RNG(0.05),1.5,1,0.6542,0.0
RNG(0.05),1.54,1,0.6564,0.0
RNG(0.05),1.55,1,0.6567,0.0
RNG(0.05),1.6,1,0.6572,0.0
RNG(0.05),4.33,1,0.6978,0.0
RNG(0.05),4.34,1,0.6978,0.0
RNG(0.1),1.38,1,0.6512,0.0
RNG(0.1),1.41,1,0.6523,0.0
RNG(0.1),1.5,1,0.6541,0.0
RNG(0.1),1.54,1,0.6563,0.0
RNG(0.1),1.55,1,0.6565,0.0
RNG(0.1),1.6,1,0.657,0.0
RNG(0.1),4.33,1,0.6948,0.0
RNG(0.1),4.34,1,0.6948,0.0
RNG(0.2),1.38,1,0.6507,0.0
RNG(0.2),1.41,1,0.651,0.0
RNG(0.2),1.5,1,0.6528,0.0
RNG(0.2),1.54,1,0.6545,0.0
RNG(0.2),1.55,1,0.6548,0.0
RNG(0.2),1.6,1,0.6551,0.0
RNG(0.2),4.33,1,0.6866,0.0
RNG(0.2),4.34,1,0.6866,0.0
RNG(0.3),1.38,1,0.6504,0.0
RNG(0.3),1.41,1,0.6507,0.0
RNG(0.3),1.5,1,0.6524,0.0
RNG(0.3),1.54,1,0.6541,0.0
RNG(0.3),1.55,1,0.6544,0.0
RNG(0.3),1.6,1,0.6545,0.0
RNG(0.3),4.33,1,0.6771,0.0
RNG(0.3),4.34,1,0.6771,0.0
RNG(0.5),1.38,1,0.6504,0.0
RNG(0.5),1.41,1,0.6505,0.0
RNG(0.5),1.5,1,0.6513,0.0
RNG(0.5),1.54,1,0.6527,0.0
RNG(0.5),1.55,1,0.653,0.0
RNG(0.5),1.6,1,0.6531,0.0
RNG(0.5),4.33,1,0.6661,0.0
RNG(0.5),4.34,1,0.6661,0.0
RNG(1),1.38,1,0.6504,0.0
RNG(1),1.41,1,0.6504,0.0
RNG(1),1.5,1,0.6506,0.0
RNG(1),1.54,1,0.6513,0.0
RNG(1),1.55,1,0.6516,0.0
RNG(1),1.6,1,0.6517,0.0
RNG(1),4.33,1,0.6566,0.0
RNG(1),4.34,1,0.6566,0.0
