D,tau,n_seeds,val mean,val mean_ci95
MMR(0.3),0.99,3,0.6733,0.0161
MMR(0.3),1.0,3,0.6733,0.0161
MMR(0.3),1.01,3,0.6794,0.0161
MMR(0.3),1.02,3,0.6799,0.0163
MMR(0.3),1.03,3,0.6805,0.0168
MMR(0.3),1.04,3,0.6815,0.0166
MMR(0.3),1.05,3,0.6825,0.0174
MMR(0.3),1.06,3,0.6838,0.0175
MMR(0.3),1.07,3,0.6849,0.0182
MMR(0.3),1.08,3,0.6858,0.0181
MMR(0.3),1.09,3,0.6866,0.0174
MMR(0.3),1.1,3,0.6871,0.0174
MMR(0.3),1.11,3,0.6877,0.0172
MMR(0.3),1.12,3,0.688,0.0173
MMR(0.3),1.13,3,0.6882,0.0174
MMR(0.3),1.14,3,0.6883,0.0172
MMR(0.3),1.15,3,0.6883,0.0173
MMR(0.3),1.16,3,0.6884,0.0173
MMR(0.3),1.17,3,0.6884,0.0172
MMR(0.3),1.18,3,0.6884,0.0173
MMR(0.3),1.19,3,0.6884,0.0173
MMR(0.3),1.2,3,0.6883,0.0173
MMR(0.3),1.21,3,0.6881,0.0176
MMR(0.3),1.22,3,0.6881,0.0175
MMR(0.3),1.23,3,0.6881,0.0175
MMR(0.3),1.24,3,0.6881,0.0175
MMR(0.3),1.25,3,0.6879,0.0178
MMR(0.3),1.26,3,0.6877,0.0177
MMR(0.3),1.27,3,0.6876,0.0178
MMR(0.3),1.28,3,0.6873,0.018
MMR(0.3),1.29,3,0.6871,0.0179
MMR(0.3),1.3,3,0.6869,0.0179
MMR(0.3),1.31,3,0.6867,0.0176
MMR(0.3),1.32,3,0.6864,0.0173
MMR(0.3),1.33,3,0.6861,0.0178
MMR(0.3),1.34,3,0.6858,0.0183
MMR(0.3),1.35,3,0.6853,0.0172
MMR(0.3),1.36,3,0.6849,0.0173
MMR(0.3),1.37,3,0.6845,0.0171
MMR(0.3),1.38,3,0.6841,0.0168
MMR(0.3),1.39,3,0.6831,0.0163
MMR(0.3),1.4,3,0.6827,0.0163
MMR(0.3),1.41,3,0.6821,0.0161
MMR(0.3),1.42,3,0.6815,0.016
MMR(0.3),1.43,3,0.6808,0.016
MMR(0.3),1.44,3,0.6803,0.0162
MMR(0.3),1.45,3,0.6796,0.0167
MMR(0.3),1.46,3,0.6786,0.0171
MMR(0.3),1.47,3,0.6778,0.0176
MMR(0.3),1.48,3,0.6771,0.0175
MMR(0.3),1.49,3,0.6762,0.018
MMR(0.3),1.5,3,0.6753,0.0185
MMR(0.3),1.51,3,0.6741,0.0182
MMR(0.3),1.52,3,0.6732,0.018
MMR(0.3),1.53,3,0.672,0.019
MMR(0.3),1.54,3,0.6709,0.0186
MMR(0.3),1.55,3,0.67,0.0192
MMR(0.3),1.56,3,0.6686,0.0205
MMR(0.3),1.57,3,0.6674,0.0207
MMR(0.3),1.58,3,0.6659,0.0201
MMR(0.3),1.59,3,0.6647,0.0191
MMR(0.3),1.6,3,0.6635,0.0189
MMR(0.3),1.61,3,0.6624,0.0189
MMR(0.3),1.62,3,0.6614,0.0185
MMR(0.3),1.63,3,0.6604,0.0189
MMR(0.3),1.64,3,0.6594,0.0183
MMR(0.3),1.65,3,0.6584,0.018
MMR(0.3),1.66,3,0.6574,0.0173
MMR(0.3),1.67,3,0.6563,0.0168
MMR(0.3),1.68,3,0.6553,0.0166
MMR(0.3),1.69,3,0.6543,0.0167
MMR(0.3),1.7,3,0.6534,0.0162
MMR(0.3),1.71,3,0.6528,0.0155
MMR(0.3),1.72,3,0.6519,0.0158
MMR(0.3),1.73,3,0.6512,0.016
MMR(0.3),1.74,3,0.6505,0.0162
MMR(0.3),1.75,3,0.6498,0.0169
MMR(0.3),1.76,3,0.6492,0.0167
MMR(0.3),1.77,3,0.6486,0.0172
MMR(0.3),1.78,3,0.6479,0.0175
MMR(0.3),1.79,3,0.6474,0.0177
MMR(0.3),1.8,3,0.6468,0.017
MMR(0.3),1.81,3,0.6462,0.0171
MMR(0.3),1.82,3,0.6455,0.0167
MMR(0.3),1.83,3,0.6448,0.0168
MMR(0.3),1.84,3,0.644,0.0166
MMR(0.3),1.85,3,0.6433,0.0167
MMR(0.3),1.86,3,0.6422,0.0164
MMR(0.3),1.87,3,0.6411,0.0172
MMR(0.3),1.88,3,0.6399,0.0175
MMR(0.3),1.89,3,0.639,0.0176
MMR(0.3),1.9,3,0.6383,0.0177
MMR(0.3),1.91,3,0.6374,0.0176
MMR(0.3),1.92,3,0.6365,0.0175
MMR(0.3),1.93,3,0.6357,0.0173
MMR(0.3),1.94,3,0.6347,0.0173
MMR(0.3),1.95,3,0.6335,0.0178
MMR(0.3),1.96,3,0.6329,0.0179
MMR(0.3),1.97,3,0.632,0.0169
MMR(0.3),1.98,3,0.6312,0.0169
MMR(0.3),1.99,3,0.6306,0.0169
MMR(0.3),2.0,3,0.6299,0.0176
MMR(0.3),2.01,3,0.6291,0.0174
MMR(0.3),2.02,3,0.6285,0.0167
MMR(0.3),2.03,3,0.6279,0.0167
MMR(0.3),2.04,3,0.6274,0.0164
MMR(0.3),2.05,3,0.6269,0.0165
MMR(0.3),2.06,3,0.6264,0.0166
MMR(0.3),2.07,3,0.6258,0.0168
MMR(0.3),2.08,3,0.6251,0.0167
MMR(0.3),2.09,3,0.6244,0.0165
MMR(0.3),2.1,3,0.6239,0.0164
MMR(0.3),2.11,3,0.6234,0.0164
MMR(0.3),2.12,3,0.6229,0.0169
MMR(0.3),2.13,3,0.6222,0.017
MMR(0.3),2.14,3,0.6216,0.0162
MMR(0.3),2.15,3,0.6211,0.0162
MMR(0.3),2.16,3,0.6201,0.017
MMR(0.3),2.17,3,0.6196,0.0167
MMR(0.3),2.18,3,0.6189,0.0167
MMR(0.3),2.19,3,0.6182,0.0167
MMR(0.3),2.2,3,0.6175,0.0169
MMR(0.3),2.21,3,0.6166,0.0159
MMR(0.3),2.22,3,0.6158,0.0167
MMR(0.3),2.23,3,0.6151,0.0171
MMR(0.3),2.24,3,0.6144,0.0174
MMR(0.3),2.25,3,0.6137,0.0169
MMR(0.3),2.26,3,0.6127,0.0172
MMR(0.3),2.27,3,0.6118,0.0167
MMR(0.3),2.28,3,0.611,0.0162
MMR(0.3),2.29,3,0.6101,0.0165
MMR(0.3),2.3,3,0.6093,0.0164
MMR(0.3),2.31,3,0.6084,0.0164
MMR(0.3),2.32,3,0.6077,0.0166
MMR(0.3),2.33,3,0.6068,0.0166
MMR(0.3),2.34,3,0.606,0.0164
MMR(0.3),2.35,3,0.6051,0.0166
MMR(0.3),2.36,3,0.6043,0.0168
MMR(0.3),2.37,3,0.6036,0.0167
MMR(0.3),2.38,3,0.6029,0.0166
MMR(0.3),2.39,3,0.6023,0.0158
MMR(0.3),2.4,3,0.6015,0.0162
MMR(0.3),2.41,3,0.6008,0.0157
MMR(0.3),2.42,3,0.5997,0.0164
MMR(0.3),2.43,3,0.5988,0.0172
MMR(0.3),2.44,3,0.5979,0.0167
MMR(0.3),2.45,3,0.597,0.0163
MMR(0.3),2.46,3,0.5959,0.016
MMR(0.3),2.47,3,0.5949,0.0163
MMR(0.3),2.48,3,0.5941,0.0156
MMR(0.3),2.49,3,0.5933,0.0154
MMR(0.3),2.5,3,0.5924,0.0154
MMR(0.3),2.51,3,0.5916,0.0157
MMR(0.3),2.52,3,0.5907,0.0154
MMR(0.3),2.53,3,0.5898,0.0154
MMR(0.3),2.54,3,0.5889,0.0154
MMR(0.3),2.55,3,0.5879,0.016
MMR(0.3),2.56,3,0.587,0.0162
MMR(0.3),2.57,3,0.5861,0.0161
MMR(0.3),2.58,3,0.5852,0.0158
MMR(0.3),2.59,3,0.5846,0.0158
MMR(0.3),2.6,3,0.5838,0.0158
MMR(0.3),2.61,3,0.5831,0.0158
MMR(0.3),2.62,3,0.5821,0.0159
MMR(0.3),2.63,3,0.5811,0.0151
MMR(0.3),2.64,3,0.5803,0.0153
MMR(0.3),2.65,3,0.5795,0.0155
MMR(0.3),2.66,3,0.5787,0.0153
MMR(0.3),2.67,3,0.578,0.0151
MMR(0.3),2.68,3,0.5773,0.0156
MMR(0.3),2.69,3,0.5764,0.0155
MMR(0.3),2.7,3,0.5759,0.0157
MMR(0.3),2.71,3,0.5751,0.0154
MMR(0.3),2.72,3,0.5744,0.0151
MMR(0.3),2.73,3,0.5737,0.0144
MMR(0.3),2.74,3,0.5729,0.0144
MMR(0.3),2.75,3,0.5723,0.0147
MMR(0.3),2.76,3,0.5716,0.0146
MMR(0.3),2.77,3,0.5709,0.0147
MMR(0.3),2.78,3,0.5703,0.0149
MMR(0.3),2.79,3,0.5693,0.015
MMR(0.3),2.8,3,0.5686,0.0155
MMR(0.3),2.81,3,0.568,0.0156
MMR(0.3),2.82,3,0.5672,0.0152
MMR(0.3),2.83,3,0.5662,0.0152
MMR(0.3),2.84,3,0.5653,0.015
MMR(0.3),2.85,3,0.5647,0.0148
MMR(0.3),2.86,3,0.5638,0.0154
MMR(0.3),2.87,3,0.5632,0.0149
MMR(0.3),2.88,3,0.5623,0.0152
MMR(0.3),2.89,3,0.5616,0.0153
MMR(0.3),2.9,3,0.5609,0.0156
MMR(0.3),2.91,3,0.5603,0.0159
MMR(0.3),2.92,3,0.5596,0.0159
MMR(0.3),2.93,3,0.5589,0.0152
MMR(0.3),2.94,3,0.558,0.0148
MMR(0.3),2.95,3,0.5572,0.0147
MMR(0.3),2.96,3,0.5565,0.0144
MMR(0.3),2.97,3,0.556,0.0147
MMR(0.3),2.98,3,0.5553,0.0145
MMR(0.3),2.99,3,0.5541,0.0148
MMR(0.3),3.0,3,0.5533,0.0147
MMR(0.3),3.01,3,0.5522,0.0151
MMR(0.3),3.02,3,0.5514,0.0149
MMR(0.3),3.03,3,0.5505,0.0144
MMR(0.3),3.04,3,0.5495,0.0147
MMR(0.3),3.05,3,0.5487,0.0142
MMR(0.3),3.06,3,0.548,0.0147
MMR(0.3),3.07,3,0.5471,0.0147
MMR(0.3),3.08,3,0.5464,0.0143
MMR(0.3),3.09,3,0.5455,0.0148
MMR(0.3),3.1,3,0.5447,0.0151
MMR(0.3),3.11,3,0.5437,0.0154
MMR(0.3),3.12,3,0.5428,0.0154
MMR(0.3),3.13,3,0.5421,0.0157
MMR(0.3),3.14,3,0.5412,0.0163
MMR(0.3),3.15,3,0.5405,0.0157
MMR(0.3),3.16,3,0.5399,0.0161
MMR(0.3),3.17,3,0.5394,0.0162
MMR(0.3),3.18,3,0.5387,0.016
MMR(0.3),3.19,3,0.538,0.0157
MMR(0.3),3.2,3,0.5372,0.0155
MMR(0.3),3.21,3,0.5365,0.015
MMR(0.3),3.22,3,0.5357,0.0151
MMR(0.3),3.23,3,0.5352,0.0153
MMR(0.3),3.24,3,0.5347,0.0153
MMR(0.3),3.25,3,0.5343,0.0148
MMR(0.3),3.26,3,0.5338,0.0149
MMR(0.3),3.27,3,0.5331,0.0149
MMR(0.3),3.28,3,0.5324,0.0148
MMR(0.3),3.29,3,0.5318,0.0145
MMR(0.3),3.3,3,0.5314,0.0141
MMR(0.3),3.31,3,0.5309,0.0141
MMR(0.3),3.32,3,0.5304,0.0139
MMR(0.3),3.33,3,0.5298,0.0134
MMR(0.3),3.34,3,0.5292,0.0135
MMR(0.3),3.35,3,0.5287,0.0135
MMR(0.3),3.36,3,0.5283,0.0134
MMR(0.3),3.37,3,0.5279,0.0133
MMR(0.3),3.38,3,0.5276,0.0133
MMR(0.3),3.39,3,0.5271,0.0135
MMR(0.3),3.4,3,0.5268,0.0137
MMR(0.3),3.41,3,0.5264,0.0138
MMR(0.3),3.42,3,0.5258,0.0139
MMR(0.3),3.43,3,0.5252,0.014
MMR(0.3),3.44,3,0.5248,0.0137
MMR(0.3),3.45,3,0.5245,0.0139
MMR(0.3),3.46,3,0.524,0.0136
MMR(0.3),3.47,3,0.5236,0.0138
MMR(0.3),3.48,3,0.5231,0.0142
MMR(0.3),3.49,3,0.5227,0.0137
MMR(0.3),3.5,3,0.5223,0.0138
MMR(0.3),3.51,3,0.5221,0.0135
MMR(0.3),3.52,3,0.5216,0.0134
MMR(0.3),3.53,3,0.5213,0.0134
MMR(0.3),3.54,3,0.521,0.0134
MMR(0.3),3.55,3,0.5205,0.0135
MMR(0.3),3.56,3,0.5202,0.0139
MMR(0.3),3.57,3,0.5198,0.0136
MMR(0.3),3.58,3,0.5194,0.0136
MMR(0.3),3.59,3,0.519,0.0133
MMR(0.3),3.6,3,0.5187,0.0134
MMR(0.3),3.61,3,0.5181,0.0135
MMR(0.3),3.62,3,0.5176,0.0135
MMR(0.3),3.63,3,0.5172,0.0131
MMR(0.3),3.64,3,0.5168,0.0132
MMR(0.3),3.65,3,0.5165,0.0132
MMR(0.3),3.66,3,0.5161,0.0132
MMR(0.3),3.67,3,0.5156,0.0133
MMR(0.3),3.68,3,0.5152,0.0134
MMR(0.3),3.69,3,0.5147,0.0134
MMR(0.3),3.7,3,0.5144,0.0133
MMR(0.3),3.71,3,0.5141,0.0133
MMR(0.3),3.72,3,0.5139,0.0133
MMR(0.3),3.73,3,0.5134,0.0132
MMR(0.3),3.74,3,0.513,0.0136
MMR(0.3),3.75,3,0.5127,0.0136
MMR(0.3),3.76,3,0.5124,0.0134
MMR(0.3),3.77,3,0.5122,0.0135
MMR(0.3),3.78,3,0.5118,0.0134
MMR(0.3),3.79,3,0.5114,0.0138
MMR(0.3),3.8,3,0.5112,0.0141
MMR(0.3),3.81,3,0.511,0.0143
MMR(0.3),3.82,3,0.5108,0.0144
MMR(0.3),3.83,3,0.5105,0.0141
MMR(0.3),3.84,3,0.5102,0.0142
MMR(0.3),3.85,3,0.5099,0.0146
MMR(0.3),3.86,3,0.5097,0.0149
MMR(0.3),3.87,3,0.5096,0.0145
MMR(0.3),3.88,3,0.5093,0.0145
MMR(0.3),3.89,3,0.509,0.0147
MMR(0.3),3.9,3,0.5088,0.0149
MMR(0.3),3.91,3,0.5085,0.015
MMR(0.3),3.92,3,0.5082,0.0149
MMR(0.3),3.93,3,0.508,0.0144
MMR(0.3),3.94,3,0.5077,0.0142
MMR(0.3),3.95,3,0.5076,0.0141
MMR(0.3),3.96,3,0.5074,0.014
MMR(0.3),3.97,3,0.5073,0.014
MMR(0.3),3.98,3,0.507,0.014
MMR(0.3),3.99,3,0.5069,0.014
MMR(0.3),4.0,3,0.5067,0.014
MMR(0.3),4.01,3,0.5065,0.0138
MMR(0.3),4.02,3,0.5064,0.0138
MMR(0.3),4.03,3,0.5063,0.0137
MMR(0.3),4.04,3,0.5061,0.0138
MMR(0.3),4.05,3,0.5061,0.014
MMR(0.3),4.06,3,0.506,0.0137
MMR(0.3),4.07,3,0.5059,0.0136
MMR(0.3),4.08,3,0.5058,0.0135
MMR(0.3),4.09,3,0.5058,0.0134
MMR(0.3),4.1,3,0.5057,0.0133
MMR(0.3),4.11,3,0.5057,0.0132
MMR(0.3),4.12,3,0.5056,0.0133
MMR(0.3),4.13,3,0.5056,0.0133
MMR(0.3),4.14,3,0.5056,0.0133
MMR(0.3),4.15,3,0.5055,0.0134
MMR(0.3),4.16,3,0.5054,0.0135
MMR(0.3),4.17,2,0.5075,0.0489
MMR(0.3),4.18,3,0.5053,0.0135
MMR(0.3),4.19,3,0.5052,0.0133
MMR(0.3),4.2,3,0.5052,0.0134
MMR(0.3),4.21,3,0.5051,0.0135
MMR(0.3),4.22,2,0.5072,0.0489
MMR(0.3),4.23,3,0.5051,0.0134
MMR(0.3),4.24,3,0.505,0.0135
MMR(0.3),4.25,3,0.505,0.0135
MMR(0.3),4.28,3,0.505,0.0132
MMR(0.3),4.29,3,0.5049,0.0132
MMR(0.3),4.31,2,0.5071,0.0476
MMR(0.3),4.32,3,0.5049,0.0132
MMR(0.3),4.34,2,0.5071,0.0476
MMR(0.3),4.36,2,0.5071,0.0476
MMR(0.3),4.37,1,0.5033,0.0
MMR(0.5),0.99,3,0.6733,0.0161
MMR(0.5),1.0,3,0.6733,0.0161
MMR(0.5),1.01,3,0.692,0.0187
MMR(0.5),1.02,3,0.6936,0.0191
MMR(0.5),1.03,3,0.6957,0.0207
MMR(0.5),1.04,3,0.6986,0.0207
MMR(0.5),1.05,3,0.7024,0.0222
MMR(0.5),1.06,3,0.7062,0.0222
MMR(0.5),1.07,3,0.7104,0.0237
MMR(0.5),1.08,3,0.7139,0.0237
MMR(0.5),1.09,3,0.717,0.0232
MMR(0.5),1.1,3,0.7197,0.024
MMR(0.5),1.11,3,0.7217,0.0237
MMR(0.5),1.12,3,0.7233,0.0234
MMR(0.5),1.13,3,0.7243,0.0242
MMR(0.5),1.14,3,0.7249,0.0238
MMR(0.5),1.15,3,0.7254,0.0235
MMR(0.5),1.16,3,0.7257,0.0232
MMR(0.5),1.17,3,0.7259,0.0232
MMR(0.5),1.18,3,0.7261,0.0232
MMR(0.5),1.19,3,0.7262,0.0232
MMR(0.5),1.2,3,0.7262,0.0231
MMR(0.5),1.21,3,0.7261,0.0233
MMR(0.5),1.22,3,0.726,0.0232
MMR(0.5),1.23,3,0.726,0.0232
MMR(0.5),1.24,3,0.726,0.0234
MMR(0.5),1.25,3,0.7259,0.0237
MMR(0.5),1.26,3,0.7258,0.0235
MMR(0.5),1.27,3,0.7257,0.0235
MMR(0.5),1.28,3,0.7254,0.024
MMR(0.5),1.29,3,0.7253,0.0237
MMR(0.5),1.3,3,0.7251,0.0237
MMR(0.5),1.31,3,0.7249,0.0235
MMR(0.5),1.32,3,0.7247,0.0235
MMR(0.5),1.33,3,0.7245,0.0238
MMR(0.5),1.34,3,0.7243,0.024
MMR(0.5),1.35,3,0.7239,0.0233
MMR(0.5),1.36,3,0.7236,0.0232
MMR(0.5),1.37,3,0.7234,0.0234
MMR(0.5),1.38,3,0.7231,0.0228
MMR(0.5),1.39,3,0.7224,0.0225
MMR(0.5),1.4,3,0.7221,0.0222
MMR(0.5),1.41,3,0.7217,0.022
MMR(0.5),1.42,3,0.7213,0.0217
MMR(0.5),1.43,3,0.7209,0.0214
MMR(0.5),1.44,3,0.7205,0.0215
MMR(0.5),1.45,3,0.7201,0.0214
MMR(0.5),1.46,3,0.7195,0.0218
MMR(0.5),1.47,3,0.719,0.0217
MMR(0.5),1.48,3,0.7185,0.0217
MMR(0.5),1.49,3,0.718,0.0222
MMR(0.5),1.5,3,0.7174,0.0224
MMR(0.5),1.51,3,0.7166,0.0217
MMR(0.5),1.52,3,0.7163,0.0214
MMR(0.5),1.53,3,0.7155,0.0221
MMR(0.5),1.54,3,0.715,0.0215
MMR(0.5),1.55,3,0.7146,0.0218
MMR(0.5),1.56,3,0.7138,0.0223
MMR(0.5),1.57,3,0.7132,0.0226
MMR(0.5),1.58,3,0.7128,0.0225
MMR(0.5),1.59,3,0.7123,0.0223
MMR(0.5),1.6,3,0.7117,0.022
MMR(0.5),1.61,3,0.7112,0.0223
MMR(0.5),1.62,3,0.7108,0.0219
MMR(0.5),1.63,3,0.7105,0.0217
MMR(0.5),1.64,3,0.7101,0.0215
MMR(0.5),1.65,3,0.7097,0.0217
MMR(0.5),1.66,3,0.7092,0.0215
MMR(0.5),1.67,3,0.7087,0.0208
MMR(0.5),1.68,3,0.7083,0.0207
MMR(0.5),1.69,3,0.7078,0.0208
MMR(0.5),1.7,3,0.7075,0.0204
MMR(0.5),1.71,3,0.7073,0.02
MMR(0.5),1.72,3,0.7069,0.02
MMR(0.5),1.73,3,0.7065,0.0203
MMR(0.5),1.74,3,0.7061,0.0203
MMR(0.5),1.75,3,0.7057,0.0209
MMR(0.5),1.76,3,0.7055,0.0206
MMR(0.5),1.77,3,0.7053,0.0208
MMR(0.5),1.78,3,0.7049,0.0211
MMR(0.5),1.79,3,0.7046,0.0216
MMR(0.5),1.8,3,0.7044,0.021
MMR(0.5),1.81,3,0.7041,0.021
MMR(0.5),1.82,3,0.7039,0.0209
MMR(0.5),1.83,3,0.7036,0.0214
MMR(0.5),1.84,3,0.7031,0.0212
MMR(0.5),1.85,3,0.7029,0.021
MMR(0.5),1.86,3,0.7023,0.0213
MMR(0.5),1.87,3,0.7018,0.022
MMR(0.5),1.88,3,0.7011,0.0223
MMR(0.5),1.89,3,0.7007,0.0225
MMR(0.5),1.9,3,0.7003,0.0226
MMR(0.5),1.91,3,0.6999,0.0229
MMR(0.5),1.92,3,0.6996,0.0229
MMR(0.5),1.93,3,0.6993,0.0231
MMR(0.5),1.94,3,0.6987,0.0232
MMR(0.5),1.95,3,0.6982,0.0233
MMR(0.5),1.96,3,0.6979,0.0234
MMR(0.5),1.97,3,0.6973,0.0222
MMR(0.5),1.98,3,0.697,0.0223
MMR(0.5),1.99,3,0.6966,0.0222
MMR(0.5),2.0,3,0.6964,0.0225
MMR(0.5),2.01,3,0.6958,0.0224
MMR(0.5),2.02,3,0.6955,0.0219
MMR(0.5),2.03,3,0.6951,0.0221
MMR(0.5),2.04,3,0.6948,0.022
MMR(0.5),2.05,3,0.6945,0.0218
MMR(0.5),2.06,3,0.6942,0.022
MMR(0.5),2.07,3,0.6939,0.0217
MMR(0.5),2.08,3,0.6933,0.0216
MMR(0.5),2.09,3,0.6929,0.0214
MMR(0.5),2.1,3,0.6925,0.0212
MMR(0.5),2.11,3,0.6922,0.0212
MMR(0.5),2.12,3,0.6918,0.0216
MMR(0.5),2.13,3,0.6913,0.0216
MMR(0.5),2.14,3,0.691,0.0214
MMR(0.5),2.15,3,0.6907,0.021
MMR(0.5),2.16,3,0.6899,0.0217
MMR(0.5),2.17,3,0.6896,0.0214
MMR(0.5),2.18,3,0.6891,0.0218
MMR(0.5),2.19,3,0.6887,0.0221
MMR(0.5),2.2,3,0.6882,0.0223
MMR(0.5),2.21,3,0.6876,0.0214
MMR(0.5),2.22,3,0.687,0.0221
MMR(0.5),2.23,3,0.6866,0.0218
MMR(0.5),2.24,3,0.6862,0.0219
MMR(0.5),2.25,3,0.6858,0.0216
MMR(0.5),2.26,3,0.6851,0.022
MMR(0.5),2.27,3,0.6846,0.022
MMR(0.5),2.28,3,0.684,0.0219
MMR(0.5),2.29,3,0.6834,0.0223
MMR(0.5),2.3,3,0.683,0.0223
MMR(0.5),2.31,3,0.6823,0.0221
MMR(0.5),2.32,3,0.6818,0.0223
MMR(0.5),2.33,3,0.6812,0.0225
MMR(0.5),2.34,3,0.6807,0.0222
MMR(0.5),2.35,3,0.6801,0.0221
MMR(0.5),2.36,3,0.6795,0.0221
MMR(0.5),2.37,3,0.6792,0.0221
MMR(0.5),2.38,3,0.6787,0.0222
MMR(0.5),2.39,3,0.6784,0.0216
MMR(0.5),2.4,3,0.6779,0.022
MMR(0.5),2.41,3,0.6775,0.0217
MMR(0.5),2.42,3,0.6768,0.0225
MMR(0.5),2.43,3,0.6763,0.0233
MMR(0.5),2.44,3,0.6758,0.0227
MMR(0.5),2.45,3,0.6754,0.0225
MMR(0.5),2.46,3,0.6746,0.0223
MMR(0.5),2.47,3,0.6739,0.0223
MMR(0.5),2.48,3,0.6734,0.022
MMR(0.5),2.49,3,0.673,0.0217
MMR(0.5),2.5,3,0.6725,0.0215
MMR(0.5),2.51,3,0.6721,0.0214
MMR(0.5),2.52,3,0.6715,0.0213
MMR(0.5),2.53,3,0.6708,0.021
MMR(0.5),2.54,3,0.6703,0.021
MMR(0.5),2.55,3,0.6696,0.0212
MMR(0.5),2.56,3,0.669,0.0213
MMR(0.5),2.57,3,0.6684,0.0213
MMR(0.5),2.58,3,0.6677,0.0209
MMR(0.5),2.59,3,0.6676,0.0212
MMR(0.5),2.6,3,0.667,0.0214
MMR(0.5),2.61,3,0.6666,0.0214
MMR(0.5),2.62,3,0.6661,0.0216
MMR(0.5),2.63,3,0.6654,0.0214
MMR(0.5),2.64,3,0.665,0.0215
MMR(0.5),2.65,3,0.6645,0.0216
MMR(0.5),2.66,3,0.6641,0.0217
MMR(0.5),2.67,3,0.6637,0.0214
MMR(0.5),2.68,3,0.6634,0.022
MMR(0.5),2.69,3,0.6628,0.0221
MMR(0.5),2.7,3,0.6626,0.0222
MMR(0.5),2.71,3,0.6621,0.0222
MMR(0.5),2.72,3,0.6617,0.022
MMR(0.5),2.73,3,0.6612,0.0219
MMR(0.5),2.74,3,0.6607,0.0221
MMR(0.5),2.75,3,0.6603,0.0223
MMR(0.5),2.76,3,0.6597,0.0223
MMR(0.5),2.77,3,0.6592,0.0225
MMR(0.5),2.78,3,0.6588,0.0225
MMR(0.5),2.79,3,0.6581,0.0224
MMR(0.5),2.8,3,0.6576,0.0226
MMR(0.5),2.81,3,0.6573,0.0227
MMR(0.5),2.82,3,0.6568,0.0228
MMR(0.5),2.83,3,0.6561,0.023
MMR(0.5),2.84,3,0.6553,0.0228
MMR(0.5),2.85,3,0.655,0.0228
MMR(0.5),2.86,3,0.6544,0.0233
MMR(0.5),2.87,3,0.654,0.0232
MMR(0.5),2.88,3,0.6534,0.0234
MMR(0.5),2.89,3,0.6529,0.0236
MMR(0.5),2.9,3,0.6525,0.0239
MMR(0.5),2.91,3,0.652,0.0239
MMR(0.5),2.92,3,0.6516,0.0239
MMR(0.5),2.93,3,0.6511,0.0233
MMR(0.5),2.94,3,0.6505,0.0231
MMR(0.5),2.95,3,0.65,0.023
MMR(0.5),2.96,3,0.6496,0.0227
MMR(0.5),2.97,3,0.6492,0.0228
MMR(0.5),2.98,3,0.6487,0.0225
MMR(0.5),2.99,3,0.6479,0.0229
MMR(0.5),3.0,3,0.6475,0.0228
MMR(0.5),3.01,3,0.6468,0.0233
MMR(0.5),3.02,3,0.6463,0.0229
MMR(0.5),3.03,3,0.6457,0.0226
MMR(0.5),3.04,3,0.6451,0.0228
MMR(0.5),3.05,3,0.6446,0.0223
MMR(0.5),3.06,3,0.644,0.0223
MMR(0.5),3.07,3,0.6434,0.0218
MMR(0.5),3.08,3,0.6429,0.0221
MMR(0.5),3.09,3,0.6424,0.0222
MMR(0.5),3.1,3,0.6419,0.0223
MMR(0.5),3.11,3,0.6413,0.0222
MMR(0.5),3.12,3,0.6407,0.0224
MMR(0.5),3.13,3,0.6404,0.0223
MMR(0.5),3.14,3,0.6399,0.0226
MMR(0.5),3.15,3,0.6395,0.022
MMR(0.5),3.16,3,0.6393,0.0223
MMR(0.5),3.17,3,0.639,0.0226
MMR(0.5),3.18,3,0.6385,0.0224
MMR(0.5),3.19,3,0.6381,0.0226
MMR(0.5),3.2,3,0.6376,0.0228
MMR(0.5),3.21,3,0.6372,0.0225
MMR(0.5),3.22,3,0.6367,0.023
MMR(0.5),3.23,3,0.6364,0.0233
MMR(0.5),3.24,3,0.6361,0.0234
MMR(0.5),3.25,3,0.6358,0.0231
MMR(0.5),3.26,3,0.6354,0.0234
MMR(0.5),3.27,3,0.635,0.0235
MMR(0.5),3.28,3,0.6345,0.0233
MMR(0.5),3.29,3,0.6343,0.0231
MMR(0.5),3.3,3,0.6341,0.0229
MMR(0.5),3.31,3,0.6338,0.0233
MMR(0.5),3.32,3,0.6335,0.023
MMR(0.5),3.33,3,0.633,0.0229
MMR(0.5),3.34,3,0.6327,0.0228
MMR(0.5),3.35,3,0.6323,0.0229
MMR(0.5),3.36,3,0.6321,0.0229
MMR(0.5),3.37,3,0.6318,0.0228
MMR(0.5),3.38,3,0.6316,0.0229
MMR(0.5),3.39,3,0.6313,0.0229
MMR(0.5),3.4,3,0.631,0.0233
MMR(0.5),3.41,3,0.6307,0.0233
MMR(0.5),3.42,3,0.6303,0.0234
MMR(0.5),3.43,3,0.63,0.0235
MMR(0.5),3.44,3,0.6297,0.0234
MMR(0.5),3.45,3,0.6296,0.0235
MMR(0.5),3.46,3,0.6293,0.0234
MMR(0.5),3.47,3,0.6291,0.0233
MMR(0.5),3.48,3,0.6287,0.0236
MMR(0.5),3.49,3,0.6284,0.0234
MMR(0.5),3.5,3,0.6282,0.0233
MMR(0.5),3.51,3,0.628,0.023
MMR(0.5),3.52,3,0.6277,0.023
MMR(0.5),3.53,3,0.6276,0.023
MMR(0.5),3.54,3,0.6273,0.023
MMR(0.5),3.55,3,0.627,0.0232
MMR(0.5),3.56,3,0.6268,0.0233
MMR(0.5),3.57,3,0.6266,0.0234
MMR(0.5),3.58,3,0.6264,0.0238
MMR(0.5),3.59,3,0.6261,0.0236
MMR(0.5),3.6,3,0.6259,0.0237
MMR(0.5),3.61,3,0.6257,0.0235
MMR(0.5),3.62,3,0.6253,0.0237
MMR(0.5),3.63,3,0.6251,0.0236
MMR(0.5),3.64,3,0.6248,0.0236
MMR(0.5),3.65,3,0.6246,0.0236
MMR(0.5),3.66,3,0.6244,0.0236
MMR(0.5),3.67,3,0.6241,0.0234
MMR(0.5),3.68,3,0.6238,0.0235
MMR(0.5),3.69,3,0.6235,0.0233
MMR(0.5),3.7,3,0.6232,0.0232
MMR(0.5),3.71,3,0.6231,0.0234
MMR(0.5),3.72,3,0.623,0.0233
MMR(0.5),3.73,3,0.6227,0.0231
MMR(0.5),3.74,3,0.6225,0.0231
MMR(0.5),3.75,3,0.6224,0.0232
MMR(0.5),3.76,3,0.6224,0.0234
MMR(0.5),3.77,3,0.6223,0.0234
MMR(0.5),3.78,3,0.6221,0.0234
MMR(0.5),3.79,3,0.6219,0.0235
MMR(0.5),3.8,3,0.6217,0.0235
MMR(0.5),3.81,3,0.6216,0.0238
MMR(0.5),3.82,3,0.6215,0.0237
MMR(0.5),3.83,3,0.6214,0.0236
MMR(0.5),3.84,3,0.6212,0.0238
MMR(0.5),3.85,3,0.6211,0.024
MMR(0.5),3.86,3,0.6209,0.024
MMR(0.5),3.87,3,0.6209,0.024
MMR(0.5),3.88,3,0.6208,0.0238
MMR(0.5),3.89,3,0.6204,0.024
MMR(0.5),3.9,3,0.6204,0.0241
MMR(0.5),3.91,3,0.6202,0.0242
MMR(0.5),3.92,3,0.6201,0.0241
MMR(0.5),3.93,3,0.6198,0.0238
MMR(0.5),3.94,3,0.6197,0.0238
MMR(0.5),3.95,3,0.6196,0.0238
MMR(0.5),3.96,3,0.6195,0.0235
MMR(0.5),3.97,3,0.6194,0.0236
MMR(0.5),3.98,3,0.6193,0.0236
MMR(0.5),3.99,3,0.6192,0.0236
MMR(0.5),4.0,3,0.6191,0.0236
MMR(0.5),4.01,3,0.619,0.0236
MMR(0.5),4.02,3,0.619,0.0237
MMR(0.5),4.03,3,0.6189,0.0238
MMR(0.5),4.04,3,0.6189,0.0238
MMR(0.5),4.05,3,0.6188,0.0238
MMR(0.5),4.06,3,0.6188,0.0238
MMR(0.5),4.07,3,0.6188,0.0241
MMR(0.5),4.08,3,0.6188,0.0241
MMR(0.5),4.09,3,0.6187,0.024
MMR(0.5),4.1,3,0.6187,0.0238
MMR(0.5),4.11,3,0.6186,0.0237
MMR(0.5),4.12,3,0.6186,0.0237
MMR(0.5),4.13,3,0.6186,0.0238
MMR(0.5),4.14,3,0.6186,0.0238
MMR(0.5),4.15,3,0.6185,0.0237
MMR(0.5),4.16,3,0.6185,0.0238
MMR(0.5),4.17,2,0.6232,0.061
MMR(0.5),4.18,3,0.6184,0.0238
MMR(0.5),4.19,3,0.6183,0.0236
MMR(0.5),4.2,3,0.6182,0.0236
MMR(0.5),4.21,3,0.6182,0.0236
MMR(0.5),4.22,2,0.623,0.0604
MMR(0.5),4.23,3,0.6182,0.0237
MMR(0.5),4.24,3,0.6182,0.0237
MMR(0.5),4.25,3,0.6182,0.0237
MMR(0.5),4.28,3,0.6181,0.0238
MMR(0.5),4.29,3,0.6181,0.0238
MMR(0.5),4.31,2,0.6229,0.061
MMR(0.5),4.32,3,0.6181,0.0238
MMR(0.5),4.34,2,0.6229,0.061
MMR(0.5),4.36,2,0.6229,0.061
MMR(0.5),4.37,1,0.6181,0.0
MMR(0.7),0.99,3,0.6733,0.0161
MMR(0.7),1.0,3,0.6733,0.0161
MMR(0.7),1.01,3,0.7018,0.0163
MMR(0.7),1.02,3,0.7046,0.0164
MMR(0.7),1.03,3,0.7084,0.0184
MMR(0.7),1.04,3,0.7137,0.0171
MMR(0.7),1.05,3,0.7207,0.0183
MMR(0.7),1.06,3,0.7279,0.0183
MMR(0.7),1.07,3,0.7357,0.0192
MMR(0.7),1.08,3,0.7418,0.0206
MMR(0.7),1.09,3,0.7482,0.0196
MMR(0.7),1.1,3,0.7531,0.0198
MMR(0.7),1.11,3,0.757,0.019
MMR(0.7),1.12,3,0.7599,0.0183
MMR(0.7),1.13,3,0.7617,0.0191
MMR(0.7),1.14,3,0.7631,0.0188
MMR(0.7),1.15,3,0.7639,0.0185
MMR(0.7),1.16,3,0.7645,0.0182
MMR(0.7),1.17,3,0.7649,0.0184
MMR(0.7),1.18,3,0.7652,0.0184
MMR(0.7),1.19,3,0.7654,0.0182
MMR(0.7),1.2,3,0.7655,0.0181
MMR(0.7),1.21,3,0.7654,0.0182
MMR(0.7),1.22,3,0.7655,0.0184
MMR(0.7),1.23,3,0.7656,0.0185
MMR(0.7),1.24,3,0.7657,0.0186
MMR(0.7),1.25,3,0.7657,0.0188
MMR(0.7),1.26,3,0.7656,0.0189
MMR(0.7),1.27,3,0.7657,0.0189
MMR(0.7),1.28,3,0.7657,0.0192
MMR(0.7),1.29,3,0.7657,0.0193
MMR(0.7),1.3,3,0.7658,0.0198
MMR(0.7),1.31,3,0.766,0.0198
MMR(0.7),1.32,3,0.7661,0.0198
MMR(0.7),1.33,3,0.7662,0.0195
MMR(0.7),1.34,3,0.7664,0.0194
MMR(0.7),1.35,3,0.7666,0.0193
MMR(0.7),1.36,3,0.7667,0.0195
MMR(0.7),1.37,3,0.7669,0.0191
MMR(0.7),1.38,3,0.7672,0.0188
MMR(0.7),1.39,3,0.7675,0.0188
MMR(0.7),1.4,3,0.7679,0.0187
MMR(0.7),1.41,3,0.7681,0.0187
MMR(0.7),1.42,3,0.7682,0.0182
MMR(0.7),1.43,3,0.7685,0.0174
MMR(0.7),1.44,3,0.7686,0.0178
MMR(0.7),1.45,3,0.7688,0.0178
MMR(0.7),1.46,3,0.7689,0.0181
MMR(0.7),1.47,3,0.7691,0.0181
MMR(0.7),1.48,3,0.7692,0.0182
MMR(0.7),1.49,3,0.7694,0.0186
MMR(0.7),1.5,3,0.7696,0.0184
MMR(0.7),1.51,3,0.7698,0.0179
MMR(0.7),1.52,3,0.77,0.0181
MMR(0.7),1.53,3,0.7702,0.018
MMR(0.7),1.54,3,0.7704,0.018
MMR(0.7),1.55,3,0.7706,0.018
MMR(0.7),1.56,3,0.7708,0.0182
MMR(0.7),1.57,3,0.7709,0.0184
MMR(0.7),1.58,3,0.7711,0.0183
MMR(0.7),1.59,3,0.7713,0.018
MMR(0.7),1.6,3,0.7715,0.018
MMR(0.7),1.61,3,0.7718,0.0181
MMR(0.7),1.62,3,0.7719,0.018
MMR(0.7),1.63,3,0.7722,0.018
MMR(0.7),1.64,3,0.7725,0.0177
MMR(0.7),1.65,3,0.7726,0.0176
MMR(0.7),1.66,3,0.7727,0.0174
MMR(0.7),1.67,3,0.7729,0.0172
MMR(0.7),1.68,3,0.7731,0.0173
MMR(0.7),1.69,3,0.7733,0.0172
MMR(0.7),1.7,3,0.7736,0.0171
MMR(0.7),1.71,3,0.7737,0.0168
MMR(0.7),1.72,3,0.7739,0.0164
MMR(0.7),1.73,3,0.774,0.0167
MMR(0.7),1.74,3,0.774,0.0169
MMR(0.7),1.75,3,0.774,0.0167
MMR(0.7),1.76,3,0.774,0.0165
MMR(0.7),1.77,3,0.7741,0.0168
MMR(0.7),1.78,3,0.7741,0.0165
MMR(0.7),1.79,3,0.7741,0.0163
MMR(0.7),1.8,3,0.7741,0.0163
MMR(0.7),1.81,3,0.7742,0.0162
MMR(0.7),1.82,3,0.7743,0.016
MMR(0.7),1.83,3,0.7744,0.0158
MMR(0.7),1.84,3,0.7745,0.0156
MMR(0.7),1.85,3,0.7745,0.0155
MMR(0.7),1.86,3,0.7744,0.0158
MMR(0.7),1.87,3,0.7744,0.0158
MMR(0.7),1.88,3,0.7744,0.0158
MMR(0.7),1.89,3,0.7744,0.0159
MMR(0.7),1.9,3,0.7743,0.0157
MMR(0.7),1.91,3,0.7744,0.0159
MMR(0.7),1.92,3,0.7747,0.0163
MMR(0.7),1.93,3,0.7747,0.0164
MMR(0.7),1.94,3,0.7747,0.0164
MMR(0.7),1.95,3,0.7748,0.0165
MMR(0.7),1.96,3,0.7749,0.0164
MMR(0.7),1.97,3,0.7749,0.0163
MMR(0.7),1.98,3,0.775,0.0164
MMR(0.7),1.99,3,0.775,0.0163
MMR(0.7),2.0,3,0.775,0.0165
MMR(0.7),2.01,3,0.775,0.0162
MMR(0.7),2.02,3,0.775,0.0159
MMR(0.7),2.03,3,0.7749,0.0159
MMR(0.7),2.04,3,0.7751,0.016
MMR(0.7),2.05,3,0.775,0.0162
MMR(0.7),2.06,3,0.7751,0.0163
MMR(0.7),2.07,3,0.775,0.0162
MMR(0.7),2.08,3,0.775,0.0163
MMR(0.7),2.09,3,0.775,0.0164
MMR(0.7),2.1,3,0.7749,0.0163
MMR(0.7),2.11,3,0.7749,0.0163
MMR(0.7),2.12,3,0.775,0.0164
MMR(0.7),2.13,3,0.7749,0.0168
MMR(0.7),2.14,3,0.7749,0.017
MMR(0.7),2.15,3,0.7749,0.017
MMR(0.7),2.16,3,0.7747,0.0175
MMR(0.7),2.17,3,0.7747,0.0175
MMR(0.7),2.18,3,0.7747,0.0177
MMR(0.7),2.19,3,0.7747,0.0177
MMR(0.7),2.2,3,0.7747,0.0178
MMR(0.7),2.21,3,0.7746,0.0175
MMR(0.7),2.22,3,0.7746,0.0177
MMR(0.7),2.23,3,0.7745,0.0173
MMR(0.7),2.24,3,0.7745,0.0171
MMR(0.7),2.25,3,0.7744,0.017
MMR(0.7),2.26,3,0.7743,0.017
MMR(0.7),2.27,3,0.7744,0.0167
MMR(0.7),2.28,3,0.7743,0.0166
MMR(0.7),2.29,3,0.7742,0.0165
MMR(0.7),2.3,3,0.7741,0.0165
MMR(0.7),2.31,3,0.7738,0.0165
MMR(0.7),2.32,3,0.7738,0.0163
MMR(0.7),2.33,3,0.7736,0.0168
MMR(0.7),2.34,3,0.7736,0.0166
MMR(0.7),2.35,3,0.7734,0.0166
MMR(0.7),2.36,3,0.7732,0.0166
MMR(0.7),2.37,3,0.7733,0.0172
MMR(0.7),2.38,3,0.7732,0.0168
MMR(0.7),2.39,3,0.7733,0.0167
MMR(0.7),2.4,3,0.7732,0.0172
MMR(0.7),2.41,3,0.7731,0.0173
MMR(0.7),2.42,3,0.773,0.0175
MMR(0.7),2.43,3,0.7729,0.0177
MMR(0.7),2.44,3,0.7729,0.0174
MMR(0.7),2.45,3,0.7729,0.0172
MMR(0.7),2.46,3,0.7729,0.0171
MMR(0.7),2.47,3,0.7727,0.0171
MMR(0.7),2.48,3,0.7726,0.0168
MMR(0.7),2.49,3,0.7725,0.0167
MMR(0.7),2.5,3,0.7725,0.0165
MMR(0.7),2.51,3,0.7725,0.0164
MMR(0.7),2.52,3,0.7723,0.0163
MMR(0.7),2.53,3,0.7721,0.0161
MMR(0.7),2.54,3,0.7721,0.0161
MMR(0.7),2.55,3,0.772,0.0163
MMR(0.7),2.56,3,0.7719,0.0164
MMR(0.7),2.57,3,0.7718,0.0164
MMR(0.7),2.58,3,0.7717,0.0162
MMR(0.7),2.59,3,0.7717,0.0165
MMR(0.7),2.6,3,0.7717,0.0163
MMR(0.7),2.61,3,0.7717,0.0164
MMR(0.7),2.62,3,0.7715,0.0164
MMR(0.7),2.63,3,0.7713,0.0163
MMR(0.7),2.64,3,0.7712,0.0164
MMR(0.7),2.65,3,0.771,0.0162
MMR(0.7),2.66,3,0.771,0.0162
MMR(0.7),2.67,3,0.7709,0.0162
MMR(0.7),2.68,3,0.7708,0.0164
MMR(0.7),2.69,3,0.7707,0.0165
MMR(0.7),2.7,3,0.7707,0.0163
MMR(0.7),2.71,3,0.7706,0.0164
MMR(0.7),2.72,3,0.7704,0.0163
MMR(0.7),2.73,3,0.7703,0.0165
MMR(0.7),2.74,3,0.7702,0.0162
MMR(0.7),2.75,3,0.7702,0.0161
MMR(0.7),2.76,3,0.77,0.016
MMR(0.7),2.77,3,0.77,0.0161
MMR(0.7),2.78,3,0.7699,0.0165
MMR(0.7),2.79,3,0.7698,0.0167
MMR(0.7),2.8,3,0.7696,0.0168
MMR(0.7),2.81,3,0.7694,0.0169
MMR(0.7),2.82,3,0.7693,0.0168
MMR(0.7),2.83,3,0.769,0.0167
MMR(0.7),2.84,3,0.7688,0.0164
MMR(0.7),2.85,3,0.7688,0.0167
MMR(0.7),2.86,3,0.7686,0.0168
MMR(0.7),2.87,3,0.7685,0.0167
MMR(0.7),2.88,3,0.7683,0.017
MMR(0.7),2.89,3,0.7681,0.0168
MMR(0.7),2.9,3,0.768,0.0166
MMR(0.7),2.91,3,0.7681,0.0164
MMR(0.7),2.92,3,0.768,0.0163
MMR(0.7),2.93,3,0.768,0.0157
MMR(0.7),2.94,3,0.7679,0.0155
MMR(0.7),2.95,3,0.7678,0.0155
MMR(0.7),2.96,3,0.7676,0.0155
MMR(0.7),2.97,3,0.7675,0.0154
MMR(0.7),2.98,3,0.7674,0.0157
MMR(0.7),2.99,3,0.7671,0.0158
MMR(0.7),3.0,3,0.767,0.0157
MMR(0.7),3.01,3,0.7667,0.0163
MMR(0.7),3.02,3,0.7666,0.0163
MMR(0.7),3.03,3,0.7663,0.016
MMR(0.7),3.04,3,0.7662,0.0162
MMR(0.7),3.05,3,0.7659,0.0158
MMR(0.7),3.06,3,0.7658,0.0159
MMR(0.7),3.07,3,0.7655,0.0157
MMR(0.7),3.08,3,0.7653,0.016
MMR(0.7),3.09,3,0.7651,0.0163
MMR(0.7),3.1,3,0.7648,0.0162
MMR(0.7),3.11,3,0.7646,0.0162
MMR(0.7),3.12,3,0.7645,0.016
MMR(0.7),3.13,3,0.7645,0.0161
MMR(0.7),3.14,3,0.7643,0.0161
MMR(0.7),3.15,3,0.7643,0.0158
MMR(0.7),3.16,3,0.7644,0.0157
MMR(0.7),3.17,3,0.7645,0.016
MMR(0.7),3.18,3,0.7643,0.0158
MMR(0.7),3.19,3,0.7643,0.0156
MMR(0.7),3.2,3,0.764,0.016
MMR(0.7),3.21,3,0.7639,0.0161
MMR(0.7),3.22,3,0.7637,0.0164
MMR(0.7),3.23,3,0.7636,0.0164
MMR(0.7),3.24,3,0.7635,0.0164
MMR(0.7),3.25,3,0.7635,0.0164
MMR(0.7),3.26,3,0.7634,0.0166
MMR(0.7),3.27,3,0.7632,0.016
MMR(0.7),3.28,3,0.7631,0.0158
MMR(0.7),3.29,3,0.763,0.0161
MMR(0.7),3.3,3,0.7631,0.0157
MMR(0.7),3.31,3,0.7631,0.0161
MMR(0.7),3.32,3,0.763,0.0159
MMR(0.7),3.33,3,0.7628,0.016
MMR(0.7),3.34,3,0.7627,0.0159
MMR(0.7),3.35,3,0.7626,0.0156
MMR(0.7),3.36,3,0.7626,0.0155
MMR(0.7),3.37,3,0.7625,0.0158
MMR(0.7),3.38,3,0.7625,0.0158
MMR(0.7),3.39,3,0.7623,0.0159
MMR(0.7),3.4,3,0.7625,0.0164
MMR(0.7),3.41,3,0.7624,0.0164
MMR(0.7),3.42,3,0.7624,0.0164
MMR(0.7),3.43,3,0.7623,0.0168
MMR(0.7),3.44,3,0.7622,0.0165
MMR(0.7),3.45,3,0.7621,0.0168
MMR(0.7),3.46,3,0.762,0.0165
MMR(0.7),3.47,3,0.7619,0.016
MMR(0.7),3.48,3,0.7618,0.016
MMR(0.7),3.49,3,0.7618,0.0158
MMR(0.7),3.5,3,0.7617,0.0158
MMR(0.7),3.51,3,0.7617,0.0157
MMR(0.7),3.52,3,0.7615,0.0157
MMR(0.7),3.53,3,0.7614,0.0157
MMR(0.7),3.54,3,0.7613,0.0158
MMR(0.7),3.55,3,0.7612,0.0158
MMR(0.7),3.56,3,0.7612,0.016
MMR(0.7),3.57,3,0.7611,0.0162
MMR(0.7),3.58,3,0.7611,0.0163
MMR(0.7),3.59,3,0.7609,0.0163
MMR(0.7),3.6,3,0.7609,0.0164
MMR(0.7),3.61,3,0.7609,0.0162
MMR(0.7),3.62,3,0.7608,0.0164
MMR(0.7),3.63,3,0.7607,0.0163
MMR(0.7),3.64,3,0.7606,0.0164
MMR(0.7),3.65,3,0.7606,0.0163
MMR(0.7),3.66,3,0.7604,0.0161
MMR(0.7),3.67,3,0.7603,0.0161
MMR(0.7),3.68,3,0.7602,0.0163
MMR(0.7),3.69,3,0.7601,0.0161
MMR(0.7),3.7,3,0.76,0.0161
MMR(0.7),3.71,3,0.7599,0.0161
MMR(0.7),3.72,3,0.7598,0.0161
MMR(0.7),3.73,3,0.7598,0.0161
MMR(0.7),3.74,3,0.7596,0.0163
MMR(0.7),3.75,3,0.7595,0.0163
MMR(0.7),3.76,3,0.7596,0.0164
MMR(0.7),3.77,3,0.7596,0.0164
MMR(0.7),3.78,3,0.7595,0.0164
MMR(0.7),3.79,3,0.7594,0.0165
MMR(0.7),3.8,3,0.7593,0.0166
MMR(0.7),3.81,3,0.7593,0.0168
MMR(0.7),3.82,3,0.7592,0.0166
MMR(0.7),3.83,3,0.7592,0.0165
MMR(0.7),3.84,3,0.7592,0.0166
MMR(0.7),3.85,3,0.7591,0.0169
MMR(0.7),3.86,3,0.759,0.0169
MMR(0.7),3.87,3,0.759,0.0168
MMR(0.7),3.88,3,0.759,0.0166
MMR(0.7),3.89,3,0.7588,0.0169
MMR(0.7),3.9,3,0.7588,0.0169
MMR(0.7),3.91,3,0.7587,0.0169
MMR(0.7),3.92,3,0.7586,0.017
MMR(0.7),3.93,3,0.7585,0.0169
MMR(0.7),3.94,3,0.7584,0.0168
MMR(0.7),3.95,3,0.7584,0.0169
MMR(0.7),3.96,3,0.7584,0.0169
MMR(0.7),3.97,3,0.7584,0.0169
MMR(0.7),3.98,3,0.7584,0.0166
MMR(0.7),3.99,3,0.7583,0.0166
MMR(0.7),4.0,3,0.7583,0.0166
MMR(0.7),4.01,3,0.7583,0.0166
MMR(0.7),4.02,3,0.7583,0.0166
MMR(0.7),4.03,3,0.7582,0.0168
MMR(0.7),4.04,3,0.7582,0.0168
MMR(0.7),4.05,3,0.7582,0.0168
MMR(0.7),4.06,3,0.7582,0.0168
MMR(0.7),4.07,3,0.7583,0.017
MMR(0.7),4.08,3,0.7583,0.0169
MMR(0.7),4.09,3,0.7583,0.0169
MMR(0.7),4.1,3,0.7582,0.0168
MMR(0.7),4.11,3,0.7582,0.0168
MMR(0.7),4.12,3,0.7582,0.0168
MMR(0.7),4.13,3,0.7582,0.0168
MMR(0.7),4.14,3,0.7582,0.0168
MMR(0.7),4.15,3,0.7581,0.0168
MMR(0.7),4.16,3,0.7581,0.0168
MMR(0.7),4.17,2,0.7615,0.0413
MMR(0.7),4.18,3,0.7581,0.0168
MMR(0.7),4.19,3,0.758,0.0165
MMR(0.7),4.2,3,0.758,0.0165
MMR(0.7),4.21,3,0.758,0.0165
MMR(0.7),4.22,2,0.7614,0.0407
MMR(0.7),4.23,3,0.758,0.0165
MMR(0.7),4.24,3,0.758,0.0165
MMR(0.7),4.25,3,0.758,0.0165
MMR(0.7),4.28,3,0.758,0.0165
MMR(0.7),4.29,3,0.758,0.0165
MMR(0.7),4.31,2,0.7614,0.0407
MMR(0.7),4.32,3,0.758,0.0165
MMR(0.7),4.34,2,0.7614,0.0407
MMR(0.7),4.36,2,0.7614,0.0407
MMR(0.7),4.37,1,0.7582,0.0
MMR(0.9),0.99,3,0.6733,0.0161
MMR(0.9),1.0,3,0.6733,0.0161
MMR(0.9),1.01,3,0.6863,0.0163
MMR(0.9),1.02,3,0.6873,0.0161
MMR(0.9),1.03,3,0.6887,0.0171
MMR(0.9),1.04,3,0.6908,0.017
MMR(0.9),1.05,3,0.6936,0.0178
MMR(0.9),1.06,3,0.6967,0.0175
MMR(0.9),1.07,3,0.6998,0.0183
MMR(0.9),1.08,3,0.7023,0.0182
MMR(0.9),1.09,3,0.7048,0.0177
MMR(0.9),1.1,3,0.707,0.0179
MMR(0.9),1.11,3,0.7085,0.0175
MMR(0.9),1.12,3,0.7096,0.0167
MMR(0.9),1.13,3,0.7103,0.0171
MMR(0.9),1.14,3,0.7108,0.017
MMR(0.9),1.15,3,0.7112,0.0168
MMR(0.9),1.16,3,0.7114,0.0163
MMR(0.9),1.17,3,0.7115,0.0162
MMR(0.9),1.18,3,0.7117,0.0162
MMR(0.9),1.19,3,0.7118,0.016
MMR(0.9),1.2,3,0.7119,0.0161
MMR(0.9),1.21,3,0.7119,0.0161
MMR(0.9),1.22,3,0.7119,0.016
MMR(0.9),1.23,3,0.7119,0.016
MMR(0.9),1.24,3,0.712,0.016
MMR(0.9),1.25,3,0.712,0.0162
MMR(0.9),1.26,3,0.712,0.0162
MMR(0.9),1.27,3,0.712,0.0161
MMR(0.9),1.28,3,0.712,0.0161
MMR(0.9),1.29,3,0.7121,0.0163
MMR(0.9),1.3,3,0.7122,0.0163
MMR(0.9),1.31,3,0.7123,0.0166
MMR(0.9),1.32,3,0.7124,0.0164
MMR(0.9),1.33,3,0.7125,0.0163
MMR(0.9),1.34,3,0.7126,0.0161
MMR(0.9),1.35,3,0.7127,0.0162
MMR(0.9),1.36,3,0.7127,0.0162
MMR(0.9),1.37,3,0.7128,0.0162
MMR(0.9),1.38,3,0.713,0.0161
MMR(0.9),1.39,3,0.7131,0.016
MMR(0.9),1.4,3,0.7134,0.0161
MMR(0.9),1.41,3,0.7135,0.016
MMR(0.9),1.42,3,0.7136,0.0159
MMR(0.9),1.43,3,0.7138,0.0157
MMR(0.9),1.44,3,0.7138,0.0158
MMR(0.9),1.45,3,0.714,0.0162
MMR(0.9),1.46,3,0.7141,0.0163
MMR(0.9),1.47,3,0.7143,0.0159
MMR(0.9),1.48,3,0.7144,0.0159
MMR(0.9),1.49,3,0.7144,0.016
MMR(0.9),1.5,3,0.7146,0.0159
MMR(0.9),1.51,3,0.7147,0.0156
MMR(0.9),1.52,3,0.7148,0.0157
MMR(0.9),1.53,3,0.715,0.0156
MMR(0.9),1.54,3,0.7151,0.0154
MMR(0.9),1.55,3,0.7151,0.0153
MMR(0.9),1.56,3,0.7153,0.0154
MMR(0.9),1.57,3,0.7153,0.0154
MMR(0.9),1.58,3,0.7154,0.0152
MMR(0.9),1.59,3,0.7157,0.015
MMR(0.9),1.6,3,0.7159,0.015
MMR(0.9),1.61,3,0.716,0.015
MMR(0.9),1.62,3,0.7161,0.0153
MMR(0.9),1.63,3,0.7162,0.0154
MMR(0.9),1.64,3,0.7164,0.0152
MMR(0.9),1.65,3,0.7166,0.015
MMR(0.9),1.66,3,0.7166,0.0149
MMR(0.9),1.67,3,0.7167,0.0151
MMR(0.9),1.68,3,0.7168,0.015
MMR(0.9),1.69,3,0.7169,0.0149
MMR(0.9),1.7,3,0.7171,0.0149
MMR(0.9),1.71,3,0.7172,0.0148
MMR(0.9),1.72,3,0.7173,0.0146
MMR(0.9),1.73,3,0.7175,0.0148
MMR(0.9),1.74,3,0.7175,0.0148
MMR(0.9),1.75,3,0.7176,0.0149
MMR(0.9),1.76,3,0.7177,0.0148
MMR(0.9),1.77,3,0.7177,0.0149
MMR(0.9),1.78,3,0.7177,0.0147
MMR(0.9),1.79,3,0.7178,0.0147
MMR(0.9),1.8,3,0.7178,0.0147
MMR(0.9),1.81,3,0.7179,0.0147
MMR(0.9),1.82,3,0.7179,0.0147
MMR(0.9),1.83,3,0.718,0.0147
MMR(0.9),1.84,3,0.7181,0.0146
MMR(0.9),1.85,3,0.7181,0.0145
MMR(0.9),1.86,3,0.7182,0.0145
MMR(0.9),1.87,3,0.7184,0.0147
MMR(0.9),1.88,3,0.7185,0.0146
MMR(0.9),1.89,3,0.7185,0.0146
MMR(0.9),1.9,3,0.7185,0.0147
MMR(0.9),1.91,3,0.7186,0.0149
MMR(0.9),1.92,3,0.7187,0.0148
MMR(0.9),1.93,3,0.7188,0.0148
MMR(0.9),1.94,3,0.7188,0.0148
MMR(0.9),1.95,3,0.7188,0.0148
MMR(0.9),1.96,3,0.7189,0.0148
MMR(0.9),1.97,3,0.7189,0.0147
MMR(0.9),1.98,3,0.7191,0.0148
MMR(0.9),1.99,3,0.7191,0.0147
MMR(0.9),2.0,3,0.7192,0.0148
MMR(0.9),2.01,3,0.7192,0.0147
MMR(0.9),2.02,3,0.7192,0.0147
MMR(0.9),2.03,3,0.7193,0.0149
MMR(0.9),2.04,3,0.7194,0.0147
MMR(0.9),2.05,3,0.7195,0.0146
MMR(0.9),2.06,3,0.7195,0.0149
MMR(0.9),2.07,3,0.7195,0.0149
MMR(0.9),2.08,3,0.7195,0.0149
MMR(0.9),2.09,3,0.7195,0.0147
MMR(0.9),2.1,3,0.7196,0.0146
MMR(0.9),2.11,3,0.7197,0.0147
MMR(0.9),2.12,3,0.7197,0.0149
MMR(0.9),2.13,3,0.7198,0.0149
MMR(0.9),2.14,3,0.7198,0.0149
MMR(0.9),2.15,3,0.7199,0.0149
MMR(0.9),2.16,3,0.7199,0.0149
MMR(0.9),2.17,3,0.72,0.0149
MMR(0.9),2.18,3,0.7201,0.015
MMR(0.9),2.19,3,0.7201,0.015
MMR(0.9),2.2,3,0.7201,0.015
MMR(0.9),2.21,3,0.7202,0.015
MMR(0.9),2.22,3,0.7202,0.0152
MMR(0.9),2.23,3,0.7202,0.0152
MMR(0.9),2.24,3,0.7202,0.0151
MMR(0.9),2.25,3,0.7203,0.0152
MMR(0.9),2.26,3,0.7203,0.0152
MMR(0.9),2.27,3,0.7204,0.0154
MMR(0.9),2.28,3,0.7204,0.0154
MMR(0.9),2.29,3,0.7204,0.0155
MMR(0.9),2.3,3,0.7204,0.0155
MMR(0.9),2.31,3,0.7205,0.0154
MMR(0.9),2.32,3,0.7205,0.0156
MMR(0.9),2.33,3,0.7205,0.0156
MMR(0.9),2.34,3,0.7206,0.0154
MMR(0.9),2.35,3,0.7206,0.0154
MMR(0.9),2.36,3,0.7206,0.0154
MMR(0.9),2.37,3,0.7207,0.016
MMR(0.9),2.38,3,0.7207,0.0159
MMR(0.9),2.39,3,0.7206,0.0153
MMR(0.9),2.4,3,0.7207,0.0154
MMR(0.9),2.41,3,0.7208,0.0153
MMR(0.9),2.42,3,0.7208,0.0151
MMR(0.9),2.43,3,0.7209,0.0151
MMR(0.9),2.44,3,0.7209,0.0151
MMR(0.9),2.45,3,0.7209,0.0152
MMR(0.9),2.46,3,0.7209,0.015
MMR(0.9),2.47,3,0.7208,0.0153
MMR(0.9),2.48,3,0.7208,0.0151
MMR(0.9),2.49,3,0.7208,0.0151
MMR(0.9),2.5,3,0.7209,0.0152
MMR(0.9),2.51,3,0.7209,0.0153
MMR(0.9),2.52,3,0.7209,0.0151
MMR(0.9),2.53,3,0.7209,0.015
MMR(0.9),2.54,3,0.7209,0.015
MMR(0.9),2.55,3,0.7209,0.0151
MMR(0.9),2.56,3,0.7209,0.015
MMR(0.9),2.57,3,0.7209,0.0151
MMR(0.9),2.58,3,0.7208,0.0151
MMR(0.9),2.59,3,0.7209,0.015
MMR(0.9),2.6,3,0.721,0.0152
MMR(0.9),2.61,3,0.7209,0.0151
MMR(0.9),2.62,3,0.721,0.0149
MMR(0.9),2.63,3,0.7209,0.015
MMR(0.9),2.64,3,0.7209,0.015
MMR(0.9),2.65,3,0.7208,0.015
MMR(0.9),2.66,3,0.7209,0.0149
MMR(0.9),2.67,3,0.7208,0.0148
MMR(0.9),2.68,3,0.7208,0.0151
MMR(0.9),2.69,3,0.7207,0.015
MMR(0.9),2.7,3,0.7207,0.0149
MMR(0.9),2.71,3,0.7207,0.0149
MMR(0.9),2.72,3,0.7207,0.0148
MMR(0.9),2.73,3,0.7207,0.0149
MMR(0.9),2.74,3,0.7207,0.0149
MMR(0.9),2.75,3,0.7207,0.0149
MMR(0.9),2.76,3,0.7206,0.0148
MMR(0.9),2.77,3,0.7206,0.0149
MMR(0.9),2.78,3,0.7206,0.0149
MMR(0.9),2.79,3,0.7206,0.015
MMR(0.9),2.8,3,0.7206,0.015
MMR(0.9),2.81,3,0.7205,0.0148
MMR(0.9),2.82,3,0.7205,0.0148
MMR(0.9),2.83,3,0.7205,0.0149
MMR(0.9),2.84,3,0.7205,0.0148
MMR(0.9),2.85,3,0.7205,0.0149
MMR(0.9),2.86,3,0.7205,0.015
MMR(0.9),2.87,3,0.7204,0.015
MMR(0.9),2.88,3,0.7203,0.0152
MMR(0.9),2.89,3,0.7202,0.0152
MMR(0.9),2.9,3,0.7202,0.0151
MMR(0.9),2.91,3,0.7202,0.0151
MMR(0.9),2.92,3,0.7202,0.0151
MMR(0.9),2.93,3,0.7203,0.0148
MMR(0.9),2.94,3,0.7203,0.0146
MMR(0.9),2.95,3,0.7203,0.0145
MMR(0.9),2.96,3,0.7203,0.0146
MMR(0.9),2.97,3,0.7202,0.0146
MMR(0.9),2.98,3,0.7201,0.0144
MMR(0.9),2.99,3,0.7201,0.0146
MMR(0.9),3.0,3,0.72,0.0145
MMR(0.9),3.01,3,0.72,0.0146
MMR(0.9),3.02,3,0.72,0.0146
MMR(0.9),3.03,3,0.7199,0.0146
MMR(0.9),3.04,3,0.7198,0.0145
MMR(0.9),3.05,3,0.7198,0.0148
MMR(0.9),3.06,3,0.7198,0.0148
MMR(0.9),3.07,3,0.7198,0.0148
MMR(0.9),3.08,3,0.7197,0.015
MMR(0.9),3.09,3,0.7198,0.0149
MMR(0.9),3.1,3,0.7197,0.0149
MMR(0.9),3.11,3,0.7197,0.0149
MMR(0.9),3.12,3,0.7198,0.0149
MMR(0.9),3.13,3,0.7197,0.0149
MMR(0.9),3.14,3,0.7197,0.0148
MMR(0.9),3.15,3,0.7197,0.0148
MMR(0.9),3.16,3,0.7198,0.0146
MMR(0.9),3.17,3,0.7199,0.0149
MMR(0.9),3.18,3,0.7199,0.0149
MMR(0.9),3.19,3,0.7198,0.0147
MMR(0.9),3.2,3,0.7197,0.0147
MMR(0.9),3.21,3,0.7198,0.0146
MMR(0.9),3.22,3,0.7197,0.0147
MMR(0.9),3.23,3,0.7197,0.0147
MMR(0.9),3.24,3,0.7197,0.0148
MMR(0.9),3.25,3,0.7197,0.0147
MMR(0.9),3.26,3,0.7197,0.0146
MMR(0.9),3.27,3,0.7198,0.0144
MMR(0.9),3.28,3,0.7197,0.0144
MMR(0.9),3.29,3,0.7197,0.0144
MMR(0.9),3.3,3,0.7197,0.0144
MMR(0.9),3.31,3,0.7197,0.0144
MMR(0.9),3.32,3,0.7198,0.0144
MMR(0.9),3.33,3,0.7197,0.0144
MMR(0.9),3.34,3,0.7197,0.0144
MMR(0.9),3.35,3,0.7197,0.0144
MMR(0.9),3.36,3,0.7197,0.0144
MMR(0.9),3.37,3,0.7197,0.0144
MMR(0.9),3.38,3,0.7197,0.0144
MMR(0.9),3.39,3,0.7197,0.0144
MMR(0.9),3.4,3,0.7197,0.0144
MMR(0.9),3.41,3,0.7197,0.0144
MMR(0.9),3.42,3,0.7197,0.0145
MMR(0.9),3.43,3,0.7197,0.0145
MMR(0.9),3.44,3,0.7197,0.0146
MMR(0.9),3.45,3,0.7197,0.0146
MMR(0.9),3.46,3,0.7197,0.0147
MMR(0.9),3.47,3,0.7196,0.0145
MMR(0.9),3.48,3,0.7196,0.0147
MMR(0.9),3.49,3,0.7196,0.0147
MMR(0.9),3.5,3,0.7196,0.0146
MMR(0.9),3.51,3,0.7196,0.0147
MMR(0.9),3.52,3,0.7196,0.0147
MMR(0.9),3.53,3,0.7196,0.0148
MMR(0.9),3.54,3,0.7196,0.0148
MMR(0.9),3.55,3,0.7196,0.0149
MMR(0.9),3.56,3,0.7196,0.0148
MMR(0.9),3.57,3,0.7196,0.0149
MMR(0.9),3.58,3,0.7196,0.0149
MMR(0.9),3.59,3,0.7195,0.0149
MMR(0.9),3.6,3,0.7195,0.0148
MMR(0.9),3.61,3,0.7195,0.0148
MMR(0.9),3.62,3,0.7196,0.0146
MMR(0.9),3.63,3,0.7196,0.0146
MMR(0.9),3.64,3,0.7195,0.0144
MMR(0.9),3.65,3,0.7195,0.0145
MMR(0.9),3.66,3,0.7195,0.0144
MMR(0.9),3.67,3,0.7195,0.0144
MMR(0.9),3.68,3,0.7194,0.0144
MMR(0.9),3.69,3,0.7194,0.0145
MMR(0.9),3.7,3,0.7194,0.0146
MMR(0.9),3.71,3,0.7194,0.0146
MMR(0.9),3.72,3,0.7194,0.0146
MMR(0.9),3.73,3,0.7193,0.0144
MMR(0.9),3.74,3,0.7193,0.0144
MMR(0.9),3.75,3,0.7193,0.0145
MMR(0.9),3.76,3,0.7193,0.0144
MMR(0.9),3.77,3,0.7193,0.0144
MMR(0.9),3.78,3,0.7192,0.0145
MMR(0.9),3.79,3,0.7192,0.0145
MMR(0.9),3.8,3,0.7192,0.0146
MMR(0.9),3.81,3,0.7192,0.0146
MMR(0.9),3.82,3,0.7192,0.0143
MMR(0.9),3.83,3,0.7192,0.0143
MMR(0.9),3.84,3,0.7192,0.0143
MMR(0.9),3.85,3,0.7191,0.0146
MMR(0.9),3.86,3,0.7191,0.0146
MMR(0.9),3.87,3,0.7191,0.0146
MMR(0.9),3.88,3,0.7191,0.0146
MMR(0.9),3.89,3,0.7191,0.0146
MMR(0.9),3.9,3,0.7191,0.0146
MMR(0.9),3.91,3,0.7191,0.0146
MMR(0.9),3.92,3,0.7191,0.0146
MMR(0.9),3.93,3,0.719,0.0144
MMR(0.9),3.94,3,0.719,0.0145
MMR(0.9),3.95,3,0.719,0.0145
MMR(0.9),3.96,3,0.7191,0.0146
MMR(0.9),3.97,3,0.719,0.0146
MMR(0.9),3.98,3,0.719,0.0145
MMR(0.9),3.99,3,0.719,0.0145
MMR(0.9),4.0,3,0.719,0.0145
MMR(0.9),4.01,3,0.719,0.0145
MMR(0.9),4.02,3,0.719,0.0145
MMR(0.9),4.03,3,0.719,0.0146
MMR(0.9),4.04,3,0.719,0.0146
MMR(0.9),4.05,3,0.719,0.0146
MMR(0.9),4.06,3,0.719,0.0144
MMR(0.9),4.07,3,0.7191,0.0146
MMR(0.9),4.08,3,0.7191,0.0146
MMR(0.9),4.09,3,0.7191,0.0146
MMR(0.9),4.1,3,0.7191,0.0146
MMR(0.9),4.11,3,0.7191,0.0146
MMR(0.9),4.12,3,0.7191,0.0146
MMR(0.9),4.13,3,0.7191,0.0146
MMR(0.9),4.14,3,0.7191,0.0146
MMR(0.9),4.15,3,0.719,0.0147
MMR(0.9),4.16,3,0.719,0.0147
MMR(0.9),4.17,2,0.7204,0.0686
MMR(0.9),4.18,3,0.7191,0.0146
MMR(0.9),4.19,3,0.719,0.0147
MMR(0.9),4.2,3,0.719,0.0147
MMR(0.9),4.21,3,0.719,0.0147
MMR(0.9),4.22,2,0.7204,0.0692
MMR(0.9),4.23,3,0.719,0.0147
MMR(0.9),4.24,3,0.719,0.0147
MMR(0.9),4.25,3,0.719,0.0147
MMR(0.9),4.28,3,0.719,0.0147
MMR(0.9),4.29,3,0.719,0.0147
MMR(0.9),4.31,2,0.7204,0.0692
MMR(0.9),4.32,3,0.719,0.0147
MMR(0.9),4.34,2,0.7204,0.0692
MMR(0.9),4.36,2,0.7204,0.0692
MMR(0.9),4.37,1,0.7149,0.0
Maxmin,0.99,3,0.6733,0.0161
Maxmin,1.0,3,0.6733,0.0161
Maxmin,1.01,3,0.6754,0.0166
Maxmin,1.02,3,0.6757,0.0167
Maxmin,1.03,3,0.676,0.0167
Maxmin,1.04,3,0.6765,0.0164
Maxmin,1.05,3,0.6771,0.0161
Maxmin,1.06,3,0.6776,0.0166
Maxmin,1.07,3,0.678,0.0166
Maxmin,1.08,3,0.6783,0.0168
Maxmin,1.09,3,0.6787,0.0164
Maxmin,1.1,3,0.6788,0.0165
Maxmin,1.11,3,0.6791,0.0163
Maxmin,1.12,3,0.6792,0.0165
Maxmin,1.13,3,0.6792,0.0166
Maxmin,1.14,3,0.6792,0.0166
Maxmin,1.15,3,0.6792,0.0166
Maxmin,1.16,3,0.6792,0.0166
Maxmin,1.17,3,0.6792,0.0166
Maxmin,1.18,3,0.6793,0.0166
Maxmin,1.19,3,0.6793,0.0166
Maxmin,1.2,3,0.6791,0.0164
Maxmin,1.21,3,0.679,0.0166
Maxmin,1.22,3,0.679,0.0165
Maxmin,1.23,3,0.6789,0.0164
Maxmin,1.24,3,0.6789,0.0164
Maxmin,1.25,3,0.6788,0.0166
Maxmin,1.26,3,0.6787,0.0166
Maxmin,1.27,3,0.6785,0.0166
Maxmin,1.28,3,0.6782,0.0168
Maxmin,1.29,3,0.6781,0.0166
Maxmin,1.3,3,0.6779,0.0165
Maxmin,1.31,3,0.6776,0.0161
Maxmin,1.32,3,0.6773,0.0164
Maxmin,1.33,3,0.6771,0.0166
Maxmin,1.34,3,0.6768,0.0171
Maxmin,1.35,3,0.6762,0.0161
Maxmin,1.36,3,0.6758,0.0163
Maxmin,1.37,3,0.6755,0.016
Maxmin,1.38,3,0.675,0.0154
Maxmin,1.39,3,0.6741,0.0151
Maxmin,1.4,3,0.6736,0.0151
Maxmin,1.41,3,0.6731,0.0147
Maxmin,1.42,3,0.6725,0.0146
Maxmin,1.43,3,0.6718,0.0145
Maxmin,1.44,3,0.6713,0.0146
Maxmin,1.45,3,0.6705,0.015
Maxmin,1.46,3,0.6695,0.0155
Maxmin,1.47,3,0.6687,0.0159
Maxmin,1.48,3,0.6681,0.0161
Maxmin,1.49,3,0.6671,0.0165
Maxmin,1.5,3,0.6662,0.017
Maxmin,1.51,3,0.6649,0.0164
Maxmin,1.52,3,0.6639,0.0165
Maxmin,1.53,3,0.6627,0.0176
Maxmin,1.54,3,0.6615,0.0173
Maxmin,1.55,3,0.6606,0.0178
Maxmin,1.56,3,0.6591,0.0189
Maxmin,1.57,3,0.6578,0.019
Maxmin,1.58,3,0.6562,0.0184
Maxmin,1.59,3,0.6548,0.0171
Maxmin,1.6,3,0.6534,0.0169
Maxmin,1.61,3,0.6522,0.0169
Maxmin,1.62,3,0.6511,0.0168
Maxmin,1.63,3,0.65,0.017
Maxmin,1.64,3,0.6489,0.0162
Maxmin,1.65,3,0.6477,0.016
Maxmin,1.66,3,0.6465,0.0151
Maxmin,1.67,3,0.6452,0.0145
Maxmin,1.68,3,0.6443,0.0145
Maxmin,1.69,3,0.643,0.0146
Maxmin,1.7,3,0.642,0.0146
Maxmin,1.71,3,0.6413,0.0139
Maxmin,1.72,3,0.6403,0.014
Maxmin,1.73,3,0.6395,0.014
Maxmin,1.74,3,0.6387,0.0144
Maxmin,1.75,3,0.638,0.0152
Maxmin,1.76,3,0.6374,0.0151
Maxmin,1.77,3,0.6368,0.0156
Maxmin,1.78,3,0.636,0.0159
Maxmin,1.79,3,0.6354,0.0162
Maxmin,1.8,3,0.6348,0.0155
Maxmin,1.81,3,0.6341,0.0155
Maxmin,1.82,3,0.6334,0.0151
Maxmin,1.83,3,0.6326,0.0152
Maxmin,1.84,3,0.6318,0.0149
Maxmin,1.85,3,0.6309,0.0151
Maxmin,1.86,3,0.6297,0.0149
Maxmin,1.87,3,0.6285,0.0155
Maxmin,1.88,3,0.6271,0.0157
Maxmin,1.89,3,0.6262,0.0158
Maxmin,1.9,3,0.6253,0.0161
Maxmin,1.91,3,0.6243,0.0158
Maxmin,1.92,3,0.6232,0.0155
Maxmin,1.93,3,0.6223,0.0156
Maxmin,1.94,3,0.6211,0.0157
Maxmin,1.95,3,0.6198,0.0159
Maxmin,1.96,3,0.619,0.0161
Maxmin,1.97,3,0.6181,0.0149
Maxmin,1.98,3,0.6172,0.0149
Maxmin,1.99,3,0.6163,0.0147
Maxmin,2.0,3,0.6154,0.0154
Maxmin,2.01,3,0.6144,0.0155
Maxmin,2.02,3,0.6137,0.0151
Maxmin,2.03,3,0.6129,0.0152
Maxmin,2.04,3,0.6124,0.0146
Maxmin,2.05,3,0.6119,0.0146
Maxmin,2.06,3,0.6112,0.0146
Maxmin,2.07,3,0.6106,0.0149
Maxmin,2.08,3,0.6098,0.0148
Maxmin,2.09,3,0.6092,0.0144
Maxmin,2.1,3,0.6086,0.0144
Maxmin,2.11,3,0.608,0.0144
Maxmin,2.12,3,0.6076,0.0148
Maxmin,2.13,3,0.6068,0.0149
Maxmin,2.14,3,0.6061,0.0143
Maxmin,2.15,3,0.6056,0.0143
Maxmin,2.16,3,0.6046,0.0149
Maxmin,2.17,3,0.6041,0.0149
Maxmin,2.18,3,0.6033,0.0148
Maxmin,2.19,3,0.6026,0.0147
Maxmin,2.2,3,0.6018,0.015
Maxmin,2.21,3,0.601,0.014
Maxmin,2.22,3,0.6001,0.0149
Maxmin,2.23,3,0.5993,0.0151
Maxmin,2.24,3,0.5986,0.0156
Maxmin,2.25,3,0.5979,0.0152
Maxmin,2.26,3,0.5968,0.0155
Maxmin,2.27,3,0.5959,0.0148
Maxmin,2.28,3,0.595,0.0144
Maxmin,2.29,3,0.5941,0.0146
Maxmin,2.3,3,0.5933,0.0147
Maxmin,2.31,3,0.5923,0.0147
Maxmin,2.32,3,0.5917,0.0149
Maxmin,2.33,3,0.5907,0.0149
Maxmin,2.34,3,0.5899,0.0147
Maxmin,2.35,3,0.589,0.0151
Maxmin,2.36,3,0.5881,0.015
Maxmin,2.37,3,0.5873,0.0146
Maxmin,2.38,3,0.5865,0.0145
Maxmin,2.39,3,0.5855,0.0136
Maxmin,2.4,3,0.5847,0.0142
Maxmin,2.41,3,0.584,0.0133
Maxmin,2.42,3,0.5829,0.014
Maxmin,2.43,3,0.5818,0.0148
Maxmin,2.44,3,0.5808,0.0146
Maxmin,2.45,3,0.5798,0.0144
Maxmin,2.46,3,0.5785,0.014
Maxmin,2.47,3,0.5775,0.0143
Maxmin,2.48,3,0.5767,0.0136
Maxmin,2.49,3,0.5757,0.0133
Maxmin,2.5,3,0.5748,0.0132
Maxmin,2.51,3,0.5738,0.0136
Maxmin,2.52,3,0.5729,0.0132
Maxmin,2.53,3,0.572,0.0132
Maxmin,2.54,3,0.5711,0.013
Maxmin,2.55,3,0.57,0.0135
Maxmin,2.56,3,0.569,0.0138
Maxmin,2.57,3,0.5681,0.0137
Maxmin,2.58,3,0.5671,0.0135
Maxmin,2.59,3,0.5663,0.0137
Maxmin,2.6,3,0.5654,0.0138
Maxmin,2.61,3,0.5645,0.0138
Maxmin,2.62,3,0.5635,0.0142
Maxmin,2.63,3,0.5624,0.0135
Maxmin,2.64,3,0.5616,0.0136
Maxmin,2.65,3,0.5607,0.014
Maxmin,2.66,3,0.5599,0.0136
Maxmin,2.67,3,0.5593,0.0135
Maxmin,2.68,3,0.5584,0.0142
Maxmin,2.69,3,0.5575,0.0138
Maxmin,2.7,3,0.5568,0.0142
Maxmin,2.71,3,0.5559,0.0139
Maxmin,2.72,3,0.5552,0.0138
Maxmin,2.73,3,0.5545,0.013
Maxmin,2.74,3,0.5537,0.013
Maxmin,2.75,3,0.5529,0.0134
Maxmin,2.76,3,0.5522,0.0132
Maxmin,2.77,3,0.5514,0.0135
Maxmin,2.78,3,0.5506,0.0137
Maxmin,2.79,3,0.5496,0.0138
Maxmin,2.8,3,0.5487,0.0141
Maxmin,2.81,3,0.548,0.014
Maxmin,2.82,3,0.5473,0.0135
Maxmin,2.83,3,0.5463,0.0135
Maxmin,2.84,3,0.5453,0.0133
Maxmin,2.85,3,0.5446,0.0132
Maxmin,2.86,3,0.5437,0.0137
Maxmin,2.87,3,0.5431,0.0132
Maxmin,2.88,3,0.5421,0.0135
Maxmin,2.89,3,0.5413,0.0135
Maxmin,2.9,3,0.5406,0.0136
Maxmin,2.91,3,0.5399,0.0139
Maxmin,2.92,3,0.5392,0.014
Maxmin,2.93,3,0.5385,0.0135
Maxmin,2.94,3,0.5376,0.0133
Maxmin,2.95,3,0.5367,0.013
Maxmin,2.96,3,0.536,0.0127
Maxmin,2.97,3,0.5353,0.0128
Maxmin,2.98,3,0.5347,0.0126
Maxmin,2.99,3,0.5335,0.0128
Maxmin,3.0,3,0.5327,0.0127
Maxmin,3.01,3,0.5315,0.0132
Maxmin,3.02,3,0.5306,0.0129
Maxmin,3.03,3,0.5296,0.0124
Maxmin,3.04,3,0.5286,0.013
Maxmin,3.05,3,0.5278,0.0127
Maxmin,3.06,3,0.527,0.0131
Maxmin,3.07,3,0.526,0.0131
Maxmin,3.08,3,0.5252,0.0124
Maxmin,3.09,3,0.5243,0.0128
Maxmin,3.1,3,0.5234,0.0133
Maxmin,3.11,3,0.5223,0.0133
Maxmin,3.12,3,0.5214,0.0134
Maxmin,3.13,3,0.5205,0.0139
Maxmin,3.14,3,0.5196,0.0144
Maxmin,3.15,3,0.5187,0.0139
Maxmin,3.16,3,0.518,0.0144
Maxmin,3.17,3,0.5174,0.0143
Maxmin,3.18,3,0.5166,0.0139
Maxmin,3.19,3,0.5158,0.0137
Maxmin,3.2,3,0.515,0.0135
Maxmin,3.21,3,0.5142,0.0131
Maxmin,3.22,3,0.5133,0.013
Maxmin,3.23,3,0.5127,0.0132
Maxmin,3.24,3,0.5122,0.0133
Maxmin,3.25,3,0.5117,0.0129
Maxmin,3.26,3,0.5111,0.013
Maxmin,3.27,3,0.5103,0.0133
Maxmin,3.28,3,0.5095,0.0129
Maxmin,3.29,3,0.5089,0.0127
Maxmin,3.3,3,0.5084,0.0123
Maxmin,3.31,3,0.5079,0.0125
Maxmin,3.32,3,0.5074,0.0121
Maxmin,3.33,3,0.5066,0.0116
Maxmin,3.34,3,0.506,0.0116
Maxmin,3.35,3,0.5055,0.0118
Maxmin,3.36,3,0.5049,0.0121
Maxmin,3.37,3,0.5046,0.0117
Maxmin,3.38,3,0.5042,0.0117
Maxmin,3.39,3,0.5037,0.0119
Maxmin,3.4,3,0.5032,0.0121
Maxmin,3.41,3,0.5027,0.012
Maxmin,3.42,3,0.5021,0.0122
Maxmin,3.43,3,0.5015,0.0121
Maxmin,3.44,3,0.5011,0.0119
Maxmin,3.45,3,0.5007,0.012
Maxmin,3.46,3,0.5002,0.0119
Maxmin,3.47,3,0.4997,0.0119
Maxmin,3.48,3,0.4992,0.0122
Maxmin,3.49,3,0.4988,0.0117
Maxmin,3.5,3,0.4984,0.0119
Maxmin,3.51,3,0.4981,0.0115
Maxmin,3.52,3,0.4976,0.0112
Maxmin,3.53,3,0.4973,0.0112
Maxmin,3.54,3,0.4969,0.0111
Maxmin,3.55,3,0.4963,0.0112
Maxmin,3.56,3,0.4961,0.0113
Maxmin,3.57,3,0.4956,0.0109
Maxmin,3.58,3,0.4951,0.011
Maxmin,3.59,3,0.4946,0.0106
Maxmin,3.6,3,0.4943,0.0106
Maxmin,3.61,3,0.4937,0.0107
Maxmin,3.62,3,0.4931,0.0106
Maxmin,3.63,3,0.4927,0.01
Maxmin,3.64,3,0.4923,0.0101
Maxmin,3.65,3,0.4918,0.0102
Maxmin,3.66,3,0.4914,0.0099
Maxmin,3.67,3,0.4908,0.0099
Maxmin,3.68,3,0.4904,0.0101
Maxmin,3.69,3,0.4899,0.01
Maxmin,3.7,3,0.4896,0.0099
Maxmin,3.71,3,0.4893,0.01
Maxmin,3.72,3,0.489,0.0101
Maxmin,3.73,3,0.4884,0.01
Maxmin,3.74,3,0.488,0.0104
Maxmin,3.75,3,0.4877,0.0103
Maxmin,3.76,3,0.4873,0.0104
Maxmin,3.77,3,0.487,0.0105
Maxmin,3.78,3,0.4867,0.0105
Maxmin,3.79,3,0.4862,0.0108
Maxmin,3.8,3,0.4859,0.0111
Maxmin,3.81,3,0.4857,0.0114
Maxmin,3.82,3,0.4855,0.0115
Maxmin,3.83,3,0.4851,0.0113
Maxmin,3.84,3,0.4848,0.0112
Maxmin,3.85,3,0.4845,0.0116
Maxmin,3.86,3,0.4842,0.012
Maxmin,3.87,3,0.484,0.0117
Maxmin,3.88,3,0.4837,0.0115
Maxmin,3.89,3,0.4834,0.0119
Maxmin,3.9,3,0.4831,0.0118
Maxmin,3.91,3,0.4828,0.0118
Maxmin,3.92,3,0.4826,0.0117
Maxmin,3.93,3,0.4823,0.0113
Maxmin,3.94,3,0.4819,0.0111
Maxmin,3.95,3,0.4818,0.011
Maxmin,3.96,3,0.4816,0.0108
Maxmin,3.97,3,0.4814,0.0106
Maxmin,3.98,3,0.4812,0.0109
Maxmin,3.99,3,0.481,0.0111
Maxmin,4.0,3,0.4808,0.0109
Maxmin,4.01,3,0.4806,0.0106
Maxmin,4.02,3,0.4805,0.0107
Maxmin,4.03,3,0.4803,0.0106
Maxmin,4.04,3,0.4802,0.0107
Maxmin,4.05,3,0.48,0.0107
Maxmin,4.06,3,0.48,0.0106
Maxmin,4.07,3,0.4799,0.0106
Maxmin,4.08,3,0.4798,0.0105
Maxmin,4.09,3,0.4798,0.0104
Maxmin,4.1,3,0.4797,0.0104
Maxmin,4.11,3,0.4796,0.0103
Maxmin,4.12,3,0.4795,0.0103
Maxmin,4.13,3,0.4795,0.0104
Maxmin,4.14,3,0.4794,0.0103
Maxmin,4.15,3,0.4793,0.0103
Maxmin,4.16,3,0.4792,0.0106
Maxmin,4.17,2,0.481,0.0324
Maxmin,4.18,3,0.4791,0.0102
Maxmin,4.19,3,0.4791,0.0103
Maxmin,4.2,3,0.479,0.0104
Maxmin,4.21,3,0.479,0.0105
Maxmin,4.22,2,0.481,0.0356
Maxmin,4.23,3,0.479,0.011
Maxmin,4.24,3,0.479,0.011
Maxmin,4.25,3,0.479,0.011
Maxmin,4.28,3,0.4789,0.0107
Maxmin,4.29,3,0.4788,0.0108
Maxmin,4.31,2,0.4808,0.0343
Maxmin,4.32,3,0.4788,0.0108
Maxmin,4.34,2,0.4808,0.0343
Maxmin,4.36,2,0.4808,0.0343
Maxmin,4.37,1,0.4781,0.0
Greedy-DPP,0.99,3,0.6733,0.0161
Greedy-DPP,1.0,3,0.6733,0.0161
Greedy-DPP,1.01,3,0.7046,0.0169
Greedy-DPP,1.02,3,0.7078,0.0171
Greedy-DPP,1.03,3,0.7119,0.0186
Greedy-DPP,1.04,3,0.7176,0.0173
Greedy-DPP,1.05,3,0.7253,0.0188
Greedy-DPP,1.06,3,0.7333,0.0181
Greedy-DPP,1.07,3,0.7417,0.0203
Greedy-DPP,1.08,3,0.749,0.0215
Greedy-DPP,1.09,3,0.7558,0.0205
Greedy-DPP,1.1,3,0.7613,0.0208
Greedy-DPP,1.11,3,0.7656,0.0202
Greedy-DPP,1.12,3,0.7691,0.02
Greedy-DPP,1.13,3,0.7712,0.0207
Greedy-DPP,1.14,3,0.7727,0.0209
Greedy-DPP,1.15,3,0.7737,0.0208
Greedy-DPP,1.16,3,0.7744,0.021
Greedy-DPP,1.17,3,0.7749,0.021
Greedy-DPP,1.18,3,0.7752,0.0211
Greedy-DPP,1.19,3,0.7754,0.0209
Greedy-DPP,1.2,3,0.7755,0.0208
Greedy-DPP,1.21,3,0.7755,0.0207
Greedy-DPP,1.22,3,0.7755,0.0207
Greedy-DPP,1.23,3,0.7755,0.0207
Greedy-DPP,1.24,3,0.7756,0.0209
Greedy-DPP,1.25,3,0.7756,0.0209
Greedy-DPP,1.26,3,0.7754,0.0207
Greedy-DPP,1.27,3,0.7754,0.0208
Greedy-DPP,1.28,3,0.7752,0.0209
Greedy-DPP,1.29,3,0.7753,0.0212
Greedy-DPP,1.3,3,0.7752,0.021
Greedy-DPP,1.31,3,0.7753,0.0207
Greedy-DPP,1.32,3,0.7753,0.0208
Greedy-DPP,1.33,3,0.7753,0.0206
Greedy-DPP,1.34,3,0.7754,0.0204
Greedy-DPP,1.35,3,0.7751,0.0194
Greedy-DPP,1.36,3,0.775,0.0195
Greedy-DPP,1.37,3,0.7752,0.0197
Greedy-DPP,1.38,3,0.7753,0.0191
Greedy-DPP,1.39,3,0.7753,0.0189
Greedy-DPP,1.4,3,0.7755,0.0189
Greedy-DPP,1.41,3,0.7755,0.0185
Greedy-DPP,1.42,3,0.7756,0.0181
Greedy-DPP,1.43,3,0.7758,0.0177
Greedy-DPP,1.44,3,0.7759,0.0178
Greedy-DPP,1.45,3,0.776,0.0178
Greedy-DPP,1.46,3,0.776,0.0183
Greedy-DPP,1.47,3,0.7761,0.0183
Greedy-DPP,1.48,3,0.7762,0.0183
Greedy-DPP,1.49,3,0.7763,0.0187
Greedy-DPP,1.5,3,0.7763,0.019
Greedy-DPP,1.51,3,0.7763,0.0184
Greedy-DPP,1.52,3,0.7766,0.0184
Greedy-DPP,1.53,3,0.7767,0.0181
Greedy-DPP,1.54,3,0.7769,0.0179
Greedy-DPP,1.55,3,0.777,0.018
Greedy-DPP,1.56,3,0.7773,0.0182
Greedy-DPP,1.57,3,0.7775,0.0185
Greedy-DPP,1.58,3,0.7776,0.0183
Greedy-DPP,1.59,3,0.7778,0.0183
Greedy-DPP,1.6,3,0.7779,0.0179
Greedy-DPP,1.61,3,0.7783,0.0178
Greedy-DPP,1.62,3,0.7784,0.0179
Greedy-DPP,1.63,3,0.7786,0.0178
Greedy-DPP,1.64,3,0.7789,0.0176
Greedy-DPP,1.65,3,0.779,0.0176
Greedy-DPP,1.66,3,0.779,0.0174
Greedy-DPP,1.67,3,0.7792,0.0171
Greedy-DPP,1.68,3,0.7793,0.017
Greedy-DPP,1.69,3,0.7795,0.017
Greedy-DPP,1.7,3,0.7798,0.0169
Greedy-DPP,1.71,3,0.7798,0.0164
Greedy-DPP,1.72,3,0.7798,0.0166
Greedy-DPP,1.73,3,0.7798,0.0168
Greedy-DPP,1.74,3,0.7797,0.0168
Greedy-DPP,1.75,3,0.7797,0.0168
Greedy-DPP,1.76,3,0.7798,0.0167
Greedy-DPP,1.77,3,0.7798,0.017
Greedy-DPP,1.78,3,0.7797,0.017
Greedy-DPP,1.79,3,0.7797,0.0168
Greedy-DPP,1.8,3,0.7796,0.0165
Greedy-DPP,1.81,3,0.7797,0.0164
Greedy-DPP,1.82,3,0.7797,0.0159
Greedy-DPP,1.83,3,0.7797,0.0159
Greedy-DPP,1.84,3,0.7797,0.0158
Greedy-DPP,1.85,3,0.7797,0.0156
Greedy-DPP,1.86,3,0.7794,0.0154
Greedy-DPP,1.87,3,0.7794,0.0157
Greedy-DPP,1.88,3,0.7793,0.0159
Greedy-DPP,1.89,3,0.7791,0.0156
Greedy-DPP,1.9,3,0.7791,0.0156
Greedy-DPP,1.91,3,0.7791,0.0159
Greedy-DPP,1.92,3,0.7791,0.0158
Greedy-DPP,1.93,3,0.779,0.0158
Greedy-DPP,1.94,3,0.7788,0.0157
Greedy-DPP,1.95,3,0.7788,0.0155
Greedy-DPP,1.96,3,0.7788,0.0154
Greedy-DPP,1.97,3,0.7787,0.0152
Greedy-DPP,1.98,3,0.7788,0.0156
Greedy-DPP,1.99,3,0.7787,0.0153
Greedy-DPP,2.0,3,0.7787,0.0154
Greedy-DPP,2.01,3,0.7786,0.0149
Greedy-DPP,2.02,3,0.7786,0.0147
Greedy-DPP,2.03,3,0.7784,0.0148
Greedy-DPP,2.04,3,0.7785,0.0147
Greedy-DPP,2.05,3,0.7784,0.0147
Greedy-DPP,2.06,3,0.7783,0.0148
Greedy-DPP,2.07,3,0.7783,0.0147
Greedy-DPP,2.08,3,0.7781,0.0146
Greedy-DPP,2.09,3,0.778,0.0148
Greedy-DPP,2.1,3,0.7779,0.0144
Greedy-DPP,2.11,3,0.7778,0.0143
Greedy-DPP,2.12,3,0.7778,0.0146
Greedy-DPP,2.13,3,0.7776,0.015
Greedy-DPP,2.14,3,0.7775,0.015
Greedy-DPP,2.15,3,0.7775,0.0153
Greedy-DPP,2.16,3,0.7773,0.0157
Greedy-DPP,2.17,3,0.7773,0.016
Greedy-DPP,2.18,3,0.7772,0.016
Greedy-DPP,2.19,3,0.7771,0.0158
Greedy-DPP,2.2,3,0.7769,0.0158
Greedy-DPP,2.21,3,0.7767,0.0153
Greedy-DPP,2.22,3,0.7763,0.0162
Greedy-DPP,2.23,3,0.7763,0.0158
Greedy-DPP,2.24,3,0.7762,0.0158
Greedy-DPP,2.25,3,0.7761,0.0158
Greedy-DPP,2.26,3,0.7759,0.0157
Greedy-DPP,2.27,3,0.7757,0.0154
Greedy-DPP,2.28,3,0.7756,0.0152
Greedy-DPP,2.29,3,0.7754,0.0152
Greedy-DPP,2.3,3,0.7752,0.0153
Greedy-DPP,2.31,3,0.7749,0.0156
Greedy-DPP,2.32,3,0.7748,0.0156
Greedy-DPP,2.33,3,0.7747,0.0157
Greedy-DPP,2.34,3,0.7746,0.0153
Greedy-DPP,2.35,3,0.7742,0.015
Greedy-DPP,2.36,3,0.7739,0.0154
Greedy-DPP,2.37,3,0.7739,0.0158
Greedy-DPP,2.38,3,0.7738,0.0154
Greedy-DPP,2.39,3,0.7739,0.0151
Greedy-DPP,2.4,3,0.7738,0.0154
Greedy-DPP,2.41,3,0.7737,0.0155
Greedy-DPP,2.42,3,0.7736,0.0158
Greedy-DPP,2.43,3,0.7735,0.0161
Greedy-DPP,2.44,3,0.7734,0.0159
Greedy-DPP,2.45,3,0.7732,0.0157
Greedy-DPP,2.46,3,0.7731,0.0154
Greedy-DPP,2.47,3,0.7729,0.0154
Greedy-DPP,2.48,3,0.7727,0.0154
Greedy-DPP,2.49,3,0.7725,0.0151
Greedy-DPP,2.5,3,0.7724,0.0149
Greedy-DPP,2.51,3,0.7723,0.015
Greedy-DPP,2.52,3,0.7721,0.015
Greedy-DPP,2.53,3,0.7719,0.0148
Greedy-DPP,2.54,3,0.7718,0.0149
Greedy-DPP,2.55,3,0.7717,0.015
Greedy-DPP,2.56,3,0.7715,0.0152
Greedy-DPP,2.57,3,0.7714,0.0148
Greedy-DPP,2.58,3,0.7713,0.0146
Greedy-DPP,2.59,3,0.7713,0.0147
Greedy-DPP,2.6,3,0.7712,0.0147
Greedy-DPP,2.61,3,0.771,0.0146
Greedy-DPP,2.62,3,0.7707,0.015
Greedy-DPP,2.63,3,0.7705,0.0147
Greedy-DPP,2.64,3,0.7704,0.015
Greedy-DPP,2.65,3,0.7703,0.0152
Greedy-DPP,2.66,3,0.7701,0.0151
Greedy-DPP,2.67,3,0.77,0.0151
Greedy-DPP,2.68,3,0.7698,0.0156
Greedy-DPP,2.69,3,0.7697,0.0161
Greedy-DPP,2.7,3,0.7696,0.0163
Greedy-DPP,2.71,3,0.7694,0.016
Greedy-DPP,2.72,3,0.7692,0.0158
Greedy-DPP,2.73,3,0.769,0.0159
Greedy-DPP,2.74,3,0.7687,0.0157
Greedy-DPP,2.75,3,0.7687,0.0156
Greedy-DPP,2.76,3,0.7685,0.0157
Greedy-DPP,2.77,3,0.7683,0.0157
Greedy-DPP,2.78,3,0.7682,0.0158
Greedy-DPP,2.79,3,0.7679,0.0159
Greedy-DPP,2.8,3,0.7677,0.016
Greedy-DPP,2.81,3,0.7674,0.0158
Greedy-DPP,2.82,3,0.7672,0.0159
Greedy-DPP,2.83,3,0.7669,0.0162
Greedy-DPP,2.84,3,0.7666,0.0157
Greedy-DPP,2.85,3,0.7664,0.0157
Greedy-DPP,2.86,3,0.7662,0.016
Greedy-DPP,2.87,3,0.7659,0.0155
Greedy-DPP,2.88,3,0.7656,0.0158
Greedy-DPP,2.89,3,0.7654,0.0155
Greedy-DPP,2.9,3,0.7653,0.0155
Greedy-DPP,2.91,3,0.7653,0.0149
Greedy-DPP,2.92,3,0.7651,0.0146
Greedy-DPP,2.93,3,0.765,0.0146
Greedy-DPP,2.94,3,0.7649,0.0149
Greedy-DPP,2.95,3,0.7648,0.015
Greedy-DPP,2.96,3,0.7647,0.0149
Greedy-DPP,2.97,3,0.7645,0.0151
Greedy-DPP,2.98,3,0.7643,0.0152
Greedy-DPP,2.99,3,0.764,0.0154
Greedy-DPP,3.0,3,0.7639,0.0156
Greedy-DPP,3.01,3,0.7636,0.0162
Greedy-DPP,3.02,3,0.7635,0.0161
Greedy-DPP,3.03,3,0.7632,0.0157
Greedy-DPP,3.04,3,0.7631,0.016
Greedy-DPP,3.05,3,0.7629,0.0158
Greedy-DPP,3.06,3,0.7629,0.016
Greedy-DPP,3.07,3,0.7626,0.0162
Greedy-DPP,3.08,3,0.7623,0.016
Greedy-DPP,3.09,3,0.7621,0.0164
Greedy-DPP,3.1,3,0.7619,0.0167
Greedy-DPP,3.11,3,0.7618,0.0167
Greedy-DPP,3.12,3,0.7616,0.0164
Greedy-DPP,3.13,3,0.7616,0.0164
Greedy-DPP,3.14,3,0.7614,0.0165
Greedy-DPP,3.15,3,0.7615,0.0162
Greedy-DPP,3.16,3,0.7614,0.0165
Greedy-DPP,3.17,3,0.7615,0.0167
Greedy-DPP,3.18,3,0.7614,0.0169
Greedy-DPP,3.19,3,0.7612,0.0167
Greedy-DPP,3.2,3,0.761,0.017
Greedy-DPP,3.21,3,0.7609,0.0169
Greedy-DPP,3.22,3,0.7606,0.0171
Greedy-DPP,3.23,3,0.7605,0.0171
Greedy-DPP,3.24,3,0.7605,0.0172
Greedy-DPP,3.25,3,0.7604,0.0173
Greedy-DPP,3.26,3,0.7604,0.0174
Greedy-DPP,3.27,3,0.7602,0.017
Greedy-DPP,3.28,3,0.76,0.0168
Greedy-DPP,3.29,3,0.7599,0.0168
Greedy-DPP,3.3,3,0.7599,0.0164
Greedy-DPP,3.31,3,0.7599,0.0168
Greedy-DPP,3.32,3,0.7599,0.0167
Greedy-DPP,3.33,3,0.7597,0.0169
Greedy-DPP,3.34,3,0.7596,0.0169
Greedy-DPP,3.35,3,0.7596,0.0165
Greedy-DPP,3.36,3,0.7595,0.0166
Greedy-DPP,3.37,3,0.7594,0.0165
Greedy-DPP,3.38,3,0.7593,0.0164
Greedy-DPP,3.39,3,0.7592,0.0167
Greedy-DPP,3.4,3,0.7594,0.0171
Greedy-DPP,3.41,3,0.7593,0.017
Greedy-DPP,3.42,3,0.7592,0.017
Greedy-DPP,3.43,3,0.7591,0.017
Greedy-DPP,3.44,3,0.759,0.0168
Greedy-DPP,3.45,3,0.7589,0.017
Greedy-DPP,3.46,3,0.7587,0.017
Greedy-DPP,3.47,3,0.7586,0.0166
Greedy-DPP,3.48,3,0.7586,0.0167
Greedy-DPP,3.49,3,0.7584,0.0166
Greedy-DPP,3.5,3,0.7584,0.0166
Greedy-DPP,3.51,3,0.7583,0.0163
Greedy-DPP,3.52,3,0.7581,0.0165
Greedy-DPP,3.53,3,0.7582,0.0166
Greedy-DPP,3.54,3,0.7581,0.0165
Greedy-DPP,3.55,3,0.7579,0.0167
Greedy-DPP,3.56,3,0.7579,0.0167
Greedy-DPP,3.57,3,0.7578,0.0167
Greedy-DPP,3.58,3,0.7578,0.0167
Greedy-DPP,3.59,3,0.7576,0.0166
Greedy-DPP,3.6,3,0.7576,0.0167
Greedy-DPP,3.61,3,0.7576,0.0165
Greedy-DPP,3.62,3,0.7575,0.0166
Greedy-DPP,3.63,3,0.7574,0.0165
Greedy-DPP,3.64,3,0.7573,0.0165
Greedy-DPP,3.65,3,0.7573,0.0166
Greedy-DPP,3.66,3,0.7572,0.0165
Greedy-DPP,3.67,3,0.7571,0.0166
Greedy-DPP,3.68,3,0.757,0.0167
Greedy-DPP,3.69,3,0.7569,0.0166
Greedy-DPP,3.7,3,0.7568,0.0166
Greedy-DPP,3.71,3,0.7567,0.0165
Greedy-DPP,3.72,3,0.7567,0.0165
Greedy-DPP,3.73,3,0.7566,0.0165
Greedy-DPP,3.74,3,0.7565,0.0166
Greedy-DPP,3.75,3,0.7564,0.0166
Greedy-DPP,3.76,3,0.7564,0.0164
Greedy-DPP,3.77,3,0.7564,0.0164
Greedy-DPP,3.78,3,0.7563,0.0163
Greedy-DPP,3.79,3,0.7562,0.0164
Greedy-DPP,3.8,3,0.7561,0.0166
Greedy-DPP,3.81,3,0.7561,0.0167
Greedy-DPP,3.82,3,0.7561,0.0165
Greedy-DPP,3.83,3,0.7561,0.0164
Greedy-DPP,3.84,3,0.7561,0.0166
Greedy-DPP,3.85,3,0.756,0.0167
Greedy-DPP,3.86,3,0.7559,0.0168
Greedy-DPP,3.87,3,0.7559,0.0167
Greedy-DPP,3.88,3,0.7559,0.0166
Greedy-DPP,3.89,3,0.7558,0.0168
Greedy-DPP,3.9,3,0.7557,0.0169
Greedy-DPP,3.91,3,0.7556,0.0169
Greedy-DPP,3.92,3,0.7555,0.0169
Greedy-DPP,3.93,3,0.7555,0.0166
Greedy-DPP,3.94,3,0.7554,0.0167
Greedy-DPP,3.95,3,0.7554,0.0167
Greedy-DPP,3.96,3,0.7554,0.0168
Greedy-DPP,3.97,3,0.7554,0.0168
Greedy-DPP,3.98,3,0.7554,0.0166
Greedy-DPP,3.99,3,0.7553,0.0166
Greedy-DPP,4.0,3,0.7553,0.0166
Greedy-DPP,4.01,3,0.7553,0.0166
Greedy-DPP,4.02,3,0.7553,0.0166
Greedy-DPP,4.03,3,0.7552,0.0167
Greedy-DPP,4.04,3,0.7552,0.0168
Greedy-DPP,4.05,3,0.7552,0.0168
Greedy-DPP,4.06,3,0.7552,0.0168
Greedy-DPP,4.07,3,0.7553,0.017
Greedy-DPP,4.08,3,0.7552,0.0169
Greedy-DPP,4.09,3,0.7552,0.0169
Greedy-DPP,4.1,3,0.7552,0.0169
Greedy-DPP,4.11,3,0.7552,0.0169
Greedy-DPP,4.12,3,0.7552,0.0169
Greedy-DPP,4.13,3,0.7552,0.0169
Greedy-DPP,4.14,3,0.7552,0.0169
Greedy-DPP,4.15,3,0.7552,0.0169
Greedy-DPP,4.16,3,0.7552,0.0169
Greedy-DPP,4.17,2,0.7583,0.0527
Greedy-DPP,4.18,3,0.7552,0.0169
Greedy-DPP,4.19,3,0.7552,0.0168
Greedy-DPP,4.2,3,0.7552,0.0168
Greedy-DPP,4.21,3,0.7552,0.0168
Greedy-DPP,4.22,2,0.7582,0.0527
Greedy-DPP,4.23,3,0.7552,0.0168
Greedy-DPP,4.24,3,0.7552,0.0168
Greedy-DPP,4.25,3,0.7552,0.0168
Greedy-DPP,4.28,3,0.7552,0.0168
Greedy-DPP,4.29,3,0.7552,0.0168
Greedy-DPP,4.31,2,0.7582,0.0527
Greedy-DPP,4.32,3,0.7552,0.0168
Greedy-DPP,4.34,2,0.7582,0.0527
Greedy-DPP,4.36,2,0.7582,0.0527
Greedy-DPP,4.37,1,0.7541,0.0
RNG(-0.3),0.99,3,0.6733,0.0161
RNG(-0.3),1.0,3,0.6733,0.0161
RNG(-0.3),1.01,3,0.6754,0.0151
RNG(-0.3),1.02,3,0.6767,0.0147
RNG(-0.3),1.03,3,0.6786,0.016
RNG(-0.3),1.04,3,0.6812,0.0153
RNG(-0.3),1.05,3,0.6846,0.0158
RNG(-0.3),1.06,3,0.6887,0.0151
RNG(-0.3),1.07,3,0.6928,0.0164
RNG(-0.3),1.08,3,0.6964,0.0168
RNG(-0.3),1.09,3,0.6999,0.0168
RNG(-0.3),1.1,3,0.7029,0.0168
RNG(-0.3),1.11,3,0.7053,0.016
RNG(-0.3),1.12,3,0.7071,0.0155
RNG(-0.3),1.13,3,0.7081,0.0159
RNG(-0.3),1.14,3,0.7089,0.0158
RNG(-0.3),1.15,3,0.7093,0.0157
RNG(-0.3),1.16,3,0.7096,0.0154
RNG(-0.3),1.17,3,0.7099,0.0155
RNG(-0.3),1.18,3,0.7101,0.0153
RNG(-0.3),1.19,3,0.7102,0.0154
RNG(-0.3),1.2,3,0.7103,0.0153
RNG(-0.3),1.21,3,0.7103,0.0152
RNG(-0.3),1.22,3,0.7104,0.0153
RNG(-0.3),1.23,3,0.7104,0.0155
RNG(-0.3),1.24,3,0.7105,0.0155
RNG(-0.3),1.25,3,0.7105,0.0155
RNG(-0.3),1.26,3,0.7105,0.0155
RNG(-0.3),1.27,3,0.7105,0.0155
RNG(-0.3),1.28,3,0.7105,0.0155
RNG(-0.3),1.29,3,0.7105,0.0155
RNG(-0.3),1.3,3,0.7105,0.0156
RNG(-0.3),1.31,3,0.7106,0.0155
RNG(-0.3),1.32,3,0.7106,0.0155
RNG(-0.3),1.33,3,0.7106,0.0154
RNG(-0.3),1.34,3,0.7107,0.0151
RNG(-0.3),1.35,3,0.7108,0.0151
RNG(-0.3),1.36,3,0.7109,0.0151
RNG(-0.3),1.37,3,0.7109,0.015
RNG(-0.3),1.38,3,0.711,0.015
RNG(-0.3),1.39,3,0.7111,0.0149
RNG(-0.3),1.4,3,0.7113,0.0147
RNG(-0.3),1.41,3,0.7114,0.0149
RNG(-0.3),1.42,3,0.7115,0.0148
RNG(-0.3),1.43,3,0.7116,0.0145
RNG(-0.3),1.44,3,0.7117,0.0144
RNG(-0.3),1.45,3,0.7118,0.0146
RNG(-0.3),1.46,3,0.7119,0.0144
RNG(-0.3),1.47,3,0.7121,0.0146
RNG(-0.3),1.48,3,0.7123,0.0148
RNG(-0.3),1.49,3,0.7125,0.015
RNG(-0.3),1.5,3,0.7126,0.0149
RNG(-0.3),1.51,3,0.7128,0.0148
RNG(-0.3),1.52,3,0.713,0.0147
RNG(-0.3),1.53,3,0.7132,0.0146
RNG(-0.3),1.54,3,0.7134,0.0145
RNG(-0.3),1.55,3,0.7135,0.0143
RNG(-0.3),1.56,3,0.7136,0.0142
RNG(-0.3),1.57,3,0.7137,0.014
RNG(-0.3),1.58,3,0.714,0.0141
RNG(-0.3),1.59,3,0.7143,0.0139
RNG(-0.3),1.6,3,0.7145,0.0139
RNG(-0.3),1.61,3,0.7146,0.0137
RNG(-0.3),1.62,3,0.7149,0.0139
RNG(-0.3),1.63,3,0.715,0.014
RNG(-0.3),1.64,3,0.7153,0.0139
RNG(-0.3),1.65,3,0.7154,0.0135
RNG(-0.3),1.66,3,0.7156,0.0135
RNG(-0.3),1.67,3,0.7158,0.0135
RNG(-0.3),1.68,3,0.7161,0.0136
RNG(-0.3),1.69,3,0.7163,0.0134
RNG(-0.3),1.7,3,0.7165,0.0134
RNG(-0.3),1.71,3,0.7166,0.0133
RNG(-0.3),1.72,3,0.7168,0.0134
RNG(-0.3),1.73,3,0.717,0.0134
RNG(-0.3),1.74,3,0.7171,0.0137
RNG(-0.3),1.75,3,0.7172,0.0136
RNG(-0.3),1.76,3,0.7172,0.0138
RNG(-0.3),1.77,3,0.7173,0.0138
RNG(-0.3),1.78,3,0.7174,0.0139
RNG(-0.3),1.79,3,0.7174,0.0139
RNG(-0.3),1.8,3,0.7174,0.0138
RNG(-0.3),1.81,3,0.7175,0.0138
RNG(-0.3),1.82,3,0.7176,0.0139
RNG(-0.3),1.83,3,0.7176,0.0139
RNG(-0.3),1.84,3,0.7175,0.0138
RNG(-0.3),1.85,3,0.7176,0.0137
RNG(-0.3),1.86,3,0.7176,0.0137
RNG(-0.3),1.87,3,0.7177,0.0137
RNG(-0.3),1.88,3,0.7179,0.0137
RNG(-0.3),1.89,3,0.7179,0.0137
RNG(-0.3),1.9,3,0.7179,0.0137
RNG(-0.3),1.91,3,0.718,0.0138
RNG(-0.3),1.92,3,0.718,0.0138
RNG(-0.3),1.93,3,0.718,0.0137
RNG(-0.3),1.94,3,0.718,0.0136
RNG(-0.3),1.95,3,0.7181,0.0136
RNG(-0.3),1.96,3,0.7182,0.0133
RNG(-0.3),1.97,3,0.7182,0.0135
RNG(-0.3),1.98,3,0.7183,0.0134
RNG(-0.3),1.99,3,0.7183,0.0132
RNG(-0.3),2.0,3,0.7184,0.0134
RNG(-0.3),2.01,3,0.7185,0.0132
RNG(-0.3),2.02,3,0.7185,0.0131
RNG(-0.3),2.03,3,0.7186,0.0131
RNG(-0.3),2.04,3,0.7187,0.0131
RNG(-0.3),2.05,3,0.7187,0.0131
RNG(-0.3),2.06,3,0.7188,0.0134
RNG(-0.3),2.07,3,0.7188,0.0134
RNG(-0.3),2.08,3,0.7188,0.0133
RNG(-0.3),2.09,3,0.7188,0.0135
RNG(-0.3),2.1,3,0.7188,0.0135
RNG(-0.3),2.11,3,0.7189,0.0135
RNG(-0.3),2.12,3,0.7189,0.0137
RNG(-0.3),2.13,3,0.719,0.0135
RNG(-0.3),2.14,3,0.7191,0.0138
RNG(-0.3),2.15,3,0.7191,0.0141
RNG(-0.3),2.16,3,0.7193,0.0142
RNG(-0.3),2.17,3,0.7193,0.0142
RNG(-0.3),2.18,3,0.7193,0.0141
RNG(-0.3),2.19,3,0.7193,0.014
RNG(-0.3),2.2,3,0.7194,0.0141
RNG(-0.3),2.21,3,0.7194,0.014
RNG(-0.3),2.22,3,0.7195,0.0142
RNG(-0.3),2.23,3,0.7194,0.0141
RNG(-0.3),2.24,3,0.7195,0.0139
RNG(-0.3),2.25,3,0.7195,0.0139
RNG(-0.3),2.26,3,0.7195,0.0141
RNG(-0.3),2.27,3,0.7196,0.0142
RNG(-0.3),2.28,3,0.7197,0.0142
RNG(-0.3),2.29,3,0.7197,0.0143
RNG(-0.3),2.3,3,0.7197,0.0143
RNG(-0.3),2.31,3,0.7197,0.0142
RNG(-0.3),2.32,3,0.7198,0.0142
RNG(-0.3),2.33,3,0.7198,0.0141
RNG(-0.3),2.34,3,0.7198,0.014
RNG(-0.3),2.35,3,0.7199,0.0139
RNG(-0.3),2.36,3,0.7198,0.014
RNG(-0.3),2.37,3,0.7199,0.0141
RNG(-0.3),2.38,3,0.72,0.0142
RNG(-0.3),2.39,3,0.72,0.0141
RNG(-0.3),2.4,3,0.7201,0.0142
RNG(-0.3),2.41,3,0.7202,0.0142
RNG(-0.3),2.42,3,0.7202,0.0141
RNG(-0.3),2.43,3,0.7203,0.014
RNG(-0.3),2.44,3,0.7203,0.014
RNG(-0.3),2.45,3,0.7203,0.0141
RNG(-0.3),2.46,3,0.7203,0.0139
RNG(-0.3),2.47,3,0.7204,0.014
RNG(-0.3),2.48,3,0.7204,0.014
RNG(-0.3),2.49,3,0.7204,0.014
RNG(-0.3),2.5,3,0.7204,0.014
RNG(-0.3),2.51,3,0.7204,0.014
RNG(-0.3),2.52,3,0.7205,0.0138
RNG(-0.3),2.53,3,0.7205,0.0139
RNG(-0.3),2.54,3,0.7206,0.0138
RNG(-0.3),2.55,3,0.7206,0.0138
RNG(-0.3),2.56,3,0.7206,0.0137
RNG(-0.3),2.57,3,0.7206,0.0139
RNG(-0.3),2.58,3,0.7206,0.0139
RNG(-0.3),2.59,3,0.7206,0.0139
RNG(-0.3),2.6,3,0.7206,0.0139
RNG(-0.3),2.61,3,0.7207,0.0141
RNG(-0.3),2.62,3,0.7207,0.0141
RNG(-0.3),2.63,3,0.7207,0.0141
RNG(-0.3),2.64,3,0.7207,0.0141
RNG(-0.3),2.65,3,0.7207,0.0141
RNG(-0.3),2.66,3,0.7207,0.0142
RNG(-0.3),2.67,3,0.7207,0.0143
RNG(-0.3),2.68,3,0.7207,0.0143
RNG(-0.3),2.69,3,0.7207,0.0143
RNG(-0.3),2.7,3,0.7207,0.0142
RNG(-0.3),2.71,3,0.7207,0.0142
RNG(-0.3),2.72,3,0.7208,0.0144
RNG(-0.3),2.73,3,0.7208,0.0144
RNG(-0.3),2.74,3,0.7208,0.0144
RNG(-0.3),2.75,3,0.7208,0.0143
RNG(-0.3),2.76,3,0.7208,0.0143
RNG(-0.3),2.77,3,0.7208,0.0143
RNG(-0.3),2.78,3,0.7208,0.0143
RNG(-0.3),2.79,3,0.7208,0.0143
RNG(-0.3),2.8,3,0.7209,0.0144
RNG(-0.3),2.81,3,0.7209,0.0144
RNG(-0.3),2.82,3,0.7209,0.0144
RNG(-0.3),2.83,3,0.7209,0.0144
RNG(-0.3),2.84,3,0.7209,0.0143
RNG(-0.3),2.85,3,0.721,0.0144
RNG(-0.3),2.86,3,0.7211,0.0144
RNG(-0.3),2.87,3,0.7211,0.0144
RNG(-0.3),2.88,3,0.7211,0.0144
RNG(-0.3),2.89,3,0.7211,0.0146
RNG(-0.3),2.9,3,0.7211,0.0146
RNG(-0.3),2.91,3,0.7211,0.0146
RNG(-0.3),2.92,3,0.7212,0.0142
RNG(-0.3),2.93,3,0.7212,0.0144
RNG(-0.3),2.94,3,0.7212,0.0142
RNG(-0.3),2.95,3,0.7212,0.0143
RNG(-0.3),2.96,3,0.7212,0.0143
RNG(-0.3),2.97,3,0.7212,0.0143
RNG(-0.3),2.98,3,0.7213,0.0142
RNG(-0.3),2.99,3,0.7213,0.0142
RNG(-0.3),3.0,3,0.7213,0.0142
RNG(-0.3),3.01,3,0.7213,0.0142
RNG(-0.3),3.02,3,0.7213,0.0142
RNG(-0.3),3.03,3,0.7213,0.0142
RNG(-0.3),3.04,3,0.7213,0.0142
RNG(-0.3),3.05,3,0.7214,0.0144
RNG(-0.3),3.06,3,0.7214,0.0144
RNG(-0.3),3.07,3,0.7214,0.0145
RNG(-0.3),3.08,3,0.7213,0.0145
RNG(-0.3),3.09,3,0.7213,0.0145
RNG(-0.3),3.1,3,0.7213,0.0145
RNG(-0.3),3.11,3,0.7214,0.0144
RNG(-0.3),3.12,3,0.7214,0.0144
RNG(-0.3),3.13,3,0.7214,0.0144
RNG(-0.3),3.14,3,0.7214,0.0144
RNG(-0.3),3.15,3,0.7214,0.0144
RNG(-0.3),3.16,3,0.7214,0.0144
RNG(-0.3),3.17,3,0.7214,0.0143
RNG(-0.3),3.18,3,0.7214,0.0143
RNG(-0.3),3.19,3,0.7215,0.0143
RNG(-0.3),3.2,3,0.7215,0.0145
RNG(-0.3),3.21,3,0.7215,0.0145
RNG(-0.3),3.22,3,0.7215,0.0144
RNG(-0.3),3.23,3,0.7215,0.0144
RNG(-0.3),3.24,3,0.7215,0.0144
RNG(-0.3),3.25,3,0.7215,0.0144
RNG(-0.3),3.26,3,0.7215,0.0144
RNG(-0.3),3.27,3,0.7215,0.0144
RNG(-0.3),3.28,3,0.7215,0.0144
RNG(-0.3),3.29,3,0.7215,0.0144
RNG(-0.3),3.3,3,0.7215,0.0144
RNG(-0.3),3.31,3,0.7215,0.0144
RNG(-0.3),3.32,3,0.7216,0.0142
RNG(-0.3),3.33,3,0.7216,0.0142
RNG(-0.3),3.34,3,0.7215,0.0143
RNG(-0.3),3.35,3,0.7215,0.0143
RNG(-0.3),3.36,3,0.7215,0.0143
RNG(-0.3),3.37,3,0.7215,0.0143
RNG(-0.3),3.38,3,0.7215,0.0143
RNG(-0.3),3.39,3,0.7215,0.0143
RNG(-0.3),3.4,3,0.7217,0.0142
RNG(-0.3),3.41,3,0.7217,0.0142
RNG(-0.3),3.42,3,0.7217,0.0143
RNG(-0.3),3.43,3,0.7217,0.0143
RNG(-0.3),3.44,3,0.7217,0.0143
RNG(-0.3),3.45,3,0.7217,0.0143
RNG(-0.3),3.46,3,0.7217,0.0143
RNG(-0.3),3.47,3,0.7217,0.0143
RNG(-0.3),3.48,3,0.7217,0.0145
RNG(-0.3),3.49,3,0.7217,0.0145
RNG(-0.3),3.5,3,0.7217,0.0145
RNG(-0.3),3.51,3,0.7217,0.0145
RNG(-0.3),3.52,3,0.7217,0.0145
RNG(-0.3),3.53,3,0.7217,0.0145
RNG(-0.3),3.54,3,0.7217,0.0145
RNG(-0.3),3.55,3,0.7217,0.0145
RNG(-0.3),3.56,3,0.7218,0.0144
RNG(-0.3),3.57,3,0.7217,0.0145
RNG(-0.3),3.58,3,0.7217,0.0145
RNG(-0.3),3.59,3,0.7217,0.0145
RNG(-0.3),3.6,3,0.7217,0.0145
RNG(-0.3),3.61,3,0.7217,0.0145
RNG(-0.3),3.62,3,0.7217,0.0145
RNG(-0.3),3.63,3,0.7217,0.0145
RNG(-0.3),3.64,3,0.7217,0.0145
RNG(-0.3),3.65,3,0.7217,0.0145
RNG(-0.3),3.66,3,0.7217,0.0145
RNG(-0.3),3.67,3,0.7217,0.0145
RNG(-0.3),3.68,3,0.7217,0.0145
RNG(-0.3),3.69,3,0.7217,0.0145
RNG(-0.3),3.7,3,0.7217,0.0145
RNG(-0.3),3.71,3,0.7217,0.0146
RNG(-0.3),3.72,3,0.7217,0.0146
RNG(-0.3),3.73,3,0.7217,0.0146
RNG(-0.3),3.74,3,0.7217,0.0146
RNG(-0.3),3.75,3,0.7217,0.0146
RNG(-0.3),3.76,3,0.7217,0.0146
RNG(-0.3),3.77,3,0.7217,0.0146
RNG(-0.3),3.78,3,0.7217,0.0146
RNG(-0.3),3.79,3,0.7217,0.0146
RNG(-0.3),3.8,3,0.7217,0.0146
RNG(-0.3),3.81,3,0.7217,0.0146
RNG(-0.3),3.82,3,0.7217,0.0146
RNG(-0.3),3.83,3,0.7217,0.0146
RNG(-0.3),3.84,3,0.7217,0.0146
RNG(-0.3),3.85,3,0.7217,0.0146
RNG(-0.3),3.86,3,0.7217,0.0146
RNG(-0.3),3.87,3,0.7217,0.0146
RNG(-0.3),3.88,3,0.7217,0.0146
RNG(-0.3),3.89,3,0.7217,0.0146
RNG(-0.3),3.9,3,0.7217,0.0146
RNG(-0.3),3.91,3,0.7217,0.0146
RNG(-0.3),3.92,3,0.7217,0.0146
RNG(-0.3),3.93,3,0.7217,0.0146
RNG(-0.3),3.94,3,0.7217,0.0146
RNG(-0.3),3.95,3,0.7217,0.0146
RNG(-0.3),3.96,3,0.7217,0.0146
RNG(-0.3),3.97,3,0.7217,0.0146
RNG(-0.3),3.98,3,0.7217,0.0146
RNG(-0.3),3.99,3,0.7217,0.0146
RNG(-0.3),4.0,3,0.7217,0.0146
RNG(-0.3),4.01,3,0.7217,0.0146
RNG(-0.3),4.02,3,0.7217,0.0146
RNG(-0.3),4.03,3,0.7217,0.0146
RNG(-0.3),4.04,3,0.7217,0.0146
RNG(-0.3),4.05,3,0.7217,0.0146
RNG(-0.3),4.06,3,0.7217,0.0146
RNG(-0.3),4.07,3,0.7217,0.0147
RNG(-0.3),4.08,3,0.7217,0.0147
RNG(-0.3),4.09,3,0.7217,0.0147
RNG(-0.3),4.1,3,0.7217,0.0147
RNG(-0.3),4.11,3,0.7217,0.0147
RNG(-0.3),4.12,3,0.7217,0.0147
RNG(-0.3),4.13,3,0.7217,0.0147
RNG(-0.3),4.14,3,0.7217,0.0147
RNG(-0.3),4.15,3,0.7217,0.0147
RNG(-0.3),4.16,3,0.7217,0.0147
RNG(-0.3),4.17,2,0.723,0.0699
RNG(-0.3),4.18,3,0.7217,0.0147
RNG(-0.3),4.19,3,0.7217,0.0147
RNG(-0.3),4.2,3,0.7217,0.0147
RNG(-0.3),4.21,3,0.7217,0.0147
RNG(-0.3),4.22,2,0.723,0.0699
RNG(-0.3),4.23,3,0.7217,0.0147
RNG(-0.3),4.24,3,0.7217,0.0147
RNG(-0.3),4.25,3,0.7217,0.0147
RNG(-0.3),4.28,3,0.7217,0.0148
RNG(-0.3),4.29,3,0.7217,0.0148
RNG(-0.3),4.31,2,0.723,0.0699
RNG(-0.3),4.32,3,0.7217,0.0148
RNG(-0.3),4.34,2,0.723,0.0699
RNG(-0.3),4.36,2,0.723,0.0699
RNG(-0.3),4.37,1,0.7175,0.0
RNG(-0.2),0.99,3,0.6733,0.0161
RNG(-0.2),1.0,3,0.6733,0.0161
RNG(-0.2),1.01,3,0.6772,0.015
RNG(-0.2),1.02,3,0.6795,0.0153
RNG(-0.2),1.03,3,0.6827,0.0167
RNG(-0.2),1.04,3,0.6877,0.0161
RNG(-0.2),1.05,3,0.6943,0.0165
RNG(-0.2),1.06,3,0.7016,0.0167
RNG(-0.2),1.07,3,0.7091,0.0191
RNG(-0.2),1.08,3,0.7157,0.0201
RNG(-0.2),1.09,3,0.722,0.0194
RNG(-0.2),1.1,3,0.7275,0.0197
RNG(-0.2),1.11,3,0.7317,0.0185
RNG(-0.2),1.12,3,0.7352,0.0185
RNG(-0.2),1.13,3,0.7372,0.0188
RNG(-0.2),1.14,3,0.7386,0.0187
RNG(-0.2),1.15,3,0.7394,0.0186
RNG(-0.2),1.16,3,0.7401,0.0187
RNG(-0.2),1.17,3,0.7404,0.019
RNG(-0.2),1.18,3,0.7408,0.0192
RNG(-0.2),1.19,3,0.741,0.0189
RNG(-0.2),1.2,3,0.7412,0.0191
RNG(-0.2),1.21,3,0.7413,0.0191
RNG(-0.2),1.22,3,0.7414,0.0191
RNG(-0.2),1.23,3,0.7414,0.0192
RNG(-0.2),1.24,3,0.7415,0.0192
RNG(-0.2),1.25,3,0.7415,0.0194
RNG(-0.2),1.26,3,0.7415,0.0197
RNG(-0.2),1.27,3,0.7415,0.0196
RNG(-0.2),1.28,3,0.7416,0.0197
RNG(-0.2),1.29,3,0.7416,0.0196
RNG(-0.2),1.3,3,0.7417,0.0197
RNG(-0.2),1.31,3,0.7418,0.0197
RNG(-0.2),1.32,3,0.7419,0.0198
RNG(-0.2),1.33,3,0.7419,0.0197
RNG(-0.2),1.34,3,0.7422,0.0193
RNG(-0.2),1.35,3,0.7423,0.0193
RNG(-0.2),1.36,3,0.7423,0.0194
RNG(-0.2),1.37,3,0.7425,0.0192
RNG(-0.2),1.38,3,0.7426,0.0192
RNG(-0.2),1.39,3,0.743,0.019
RNG(-0.2),1.4,3,0.7433,0.0192
RNG(-0.2),1.41,3,0.7435,0.0193
RNG(-0.2),1.42,3,0.7437,0.0191
RNG(-0.2),1.43,3,0.7439,0.0188
RNG(-0.2),1.44,3,0.7441,0.0189
RNG(-0.2),1.45,3,0.7443,0.0191
RNG(-0.2),1.46,3,0.7445,0.0191
RNG(-0.2),1.47,3,0.7448,0.0189
RNG(-0.2),1.48,3,0.745,0.0192
RNG(-0.2),1.49,3,0.7453,0.0193
RNG(-0.2),1.5,3,0.7455,0.0192
RNG(-0.2),1.51,3,0.7457,0.019
RNG(-0.2),1.52,3,0.746,0.0189
RNG(-0.2),1.53,3,0.7463,0.0188
RNG(-0.2),1.54,3,0.7466,0.0185
RNG(-0.2),1.55,3,0.7469,0.018
RNG(-0.2),1.56,3,0.7472,0.018
RNG(-0.2),1.57,3,0.7474,0.0182
RNG(-0.2),1.58,3,0.7477,0.018
RNG(-0.2),1.59,3,0.7481,0.0176
RNG(-0.2),1.6,3,0.7484,0.0177
RNG(-0.2),1.61,3,0.7488,0.0174
RNG(-0.2),1.62,3,0.7491,0.0176
RNG(-0.2),1.63,3,0.7494,0.0178
RNG(-0.2),1.64,3,0.7498,0.0178
RNG(-0.2),1.65,3,0.7501,0.0174
RNG(-0.2),1.66,3,0.7504,0.0174
RNG(-0.2),1.67,3,0.7507,0.0171
RNG(-0.2),1.68,3,0.7509,0.0174
RNG(-0.2),1.69,3,0.7512,0.0174
RNG(-0.2),1.7,3,0.7515,0.0175
RNG(-0.2),1.71,3,0.7518,0.0174
RNG(-0.2),1.72,3,0.752,0.0172
RNG(-0.2),1.73,3,0.7522,0.0172
RNG(-0.2),1.74,3,0.7523,0.0175
RNG(-0.2),1.75,3,0.7525,0.0175
RNG(-0.2),1.76,3,0.7525,0.0175
RNG(-0.2),1.77,3,0.7527,0.0178
RNG(-0.2),1.78,3,0.7527,0.0177
RNG(-0.2),1.79,3,0.7527,0.0179
RNG(-0.2),1.8,3,0.7528,0.0178
RNG(-0.2),1.81,3,0.7528,0.0179
RNG(-0.2),1.82,3,0.7529,0.0181
RNG(-0.2),1.83,3,0.753,0.0179
RNG(-0.2),1.84,3,0.753,0.0179
RNG(-0.2),1.85,3,0.753,0.0179
RNG(-0.2),1.86,3,0.7531,0.0177
RNG(-0.2),1.87,3,0.7532,0.0178
RNG(-0.2),1.88,3,0.7533,0.018
RNG(-0.2),1.89,3,0.7532,0.0179
RNG(-0.2),1.9,3,0.7533,0.0178
RNG(-0.2),1.91,3,0.7534,0.0178
RNG(-0.2),1.92,3,0.7534,0.0177
RNG(-0.2),1.93,3,0.7535,0.0177
RNG(-0.2),1.94,3,0.7535,0.0177
RNG(-0.2),1.95,3,0.7535,0.0173
RNG(-0.2),1.96,3,0.7536,0.0172
RNG(-0.2),1.97,3,0.7536,0.0172
RNG(-0.2),1.98,3,0.7538,0.0172
RNG(-0.2),1.99,3,0.7539,0.0172
RNG(-0.2),2.0,3,0.7539,0.0172
RNG(-0.2),2.01,3,0.7539,0.0171
RNG(-0.2),2.02,3,0.754,0.017
RNG(-0.2),2.03,3,0.7541,0.017
RNG(-0.2),2.04,3,0.7542,0.0172
RNG(-0.2),2.05,3,0.7543,0.0169
RNG(-0.2),2.06,3,0.7543,0.0172
RNG(-0.2),2.07,3,0.7544,0.0174
RNG(-0.2),2.08,3,0.7544,0.0172
RNG(-0.2),2.09,3,0.7544,0.0172
RNG(-0.2),2.1,3,0.7544,0.0171
RNG(-0.2),2.11,3,0.7545,0.0173
RNG(-0.2),2.12,3,0.7546,0.0174
RNG(-0.2),2.13,3,0.7547,0.0174
RNG(-0.2),2.14,3,0.7547,0.0176
RNG(-0.2),2.15,3,0.7548,0.0179
RNG(-0.2),2.16,3,0.7549,0.0181
RNG(-0.2),2.17,3,0.755,0.018
RNG(-0.2),2.18,3,0.755,0.018
RNG(-0.2),2.19,3,0.7551,0.0179
RNG(-0.2),2.2,3,0.7551,0.018
RNG(-0.2),2.21,3,0.7551,0.0179
RNG(-0.2),2.22,3,0.7551,0.0181
RNG(-0.2),2.23,3,0.7551,0.018
RNG(-0.2),2.24,3,0.7551,0.0179
RNG(-0.2),2.25,3,0.7552,0.018
RNG(-0.2),2.26,3,0.7552,0.0181
RNG(-0.2),2.27,3,0.7553,0.0182
RNG(-0.2),2.28,3,0.7554,0.0182
RNG(-0.2),2.29,3,0.7555,0.0182
RNG(-0.2),2.3,3,0.7555,0.0182
RNG(-0.2),2.31,3,0.7555,0.0181
RNG(-0.2),2.32,3,0.7555,0.0182
RNG(-0.2),2.33,3,0.7555,0.0181
RNG(-0.2),2.34,3,0.7555,0.0179
RNG(-0.2),2.35,3,0.7555,0.0178
RNG(-0.2),2.36,3,0.7555,0.018
RNG(-0.2),2.37,3,0.7556,0.0179
RNG(-0.2),2.38,3,0.7556,0.0181
RNG(-0.2),2.39,3,0.7557,0.0181
RNG(-0.2),2.4,3,0.7557,0.0182
RNG(-0.2),2.41,3,0.7558,0.0182
RNG(-0.2),2.42,3,0.7559,0.0182
RNG(-0.2),2.43,3,0.7559,0.0181
RNG(-0.2),2.44,3,0.756,0.018
RNG(-0.2),2.45,3,0.7561,0.0181
RNG(-0.2),2.46,3,0.7561,0.0179
RNG(-0.2),2.47,3,0.7561,0.0181
RNG(-0.2),2.48,3,0.756,0.018
RNG(-0.2),2.49,3,0.7561,0.0179
RNG(-0.2),2.5,3,0.7561,0.0179
RNG(-0.2),2.51,3,0.7561,0.0179
RNG(-0.2),2.52,3,0.7561,0.0178
RNG(-0.2),2.53,3,0.7562,0.0177
RNG(-0.2),2.54,3,0.7562,0.0178
RNG(-0.2),2.55,3,0.7562,0.0178
RNG(-0.2),2.56,3,0.7562,0.0178
RNG(-0.2),2.57,3,0.7562,0.018
RNG(-0.2),2.58,3,0.7562,0.018
RNG(-0.2),2.59,3,0.7562,0.0181
RNG(-0.2),2.6,3,0.7562,0.0181
RNG(-0.2),2.61,3,0.7562,0.0184
RNG(-0.2),2.62,3,0.7562,0.0184
RNG(-0.2),2.63,3,0.7562,0.0184
RNG(-0.2),2.64,3,0.7561,0.0185
RNG(-0.2),2.65,3,0.7561,0.0185
RNG(-0.2),2.66,3,0.7561,0.0186
RNG(-0.2),2.67,3,0.7561,0.0186
RNG(-0.2),2.68,3,0.7561,0.0186
RNG(-0.2),2.69,3,0.756,0.0187
RNG(-0.2),2.7,3,0.7561,0.0188
RNG(-0.2),2.71,3,0.7561,0.0188
RNG(-0.2),2.72,3,0.7561,0.0189
RNG(-0.2),2.73,3,0.7561,0.019
RNG(-0.2),2.74,3,0.7561,0.0188
RNG(-0.2),2.75,3,0.7561,0.0188
RNG(-0.2),2.76,3,0.7561,0.0188
RNG(-0.2),2.77,3,0.7561,0.0185
RNG(-0.2),2.78,3,0.7561,0.0186
RNG(-0.2),2.79,3,0.7561,0.0188
RNG(-0.2),2.8,3,0.7561,0.0189
RNG(-0.2),2.81,3,0.7561,0.0188
RNG(-0.2),2.82,3,0.7561,0.0189
RNG(-0.2),2.83,3,0.7561,0.0189
RNG(-0.2),2.84,3,0.7562,0.0188
RNG(-0.2),2.85,3,0.7562,0.0189
RNG(-0.2),2.86,3,0.7563,0.0191
RNG(-0.2),2.87,3,0.7562,0.0191
RNG(-0.2),2.88,3,0.7562,0.0191
RNG(-0.2),2.89,3,0.7563,0.019
RNG(-0.2),2.9,3,0.7563,0.019
RNG(-0.2),2.91,3,0.7563,0.019
RNG(-0.2),2.92,3,0.7563,0.0188
RNG(-0.2),2.93,3,0.7563,0.0187
RNG(-0.2),2.94,3,0.7563,0.0187
RNG(-0.2),2.95,3,0.7563,0.0189
RNG(-0.2),2.96,3,0.7564,0.0189
RNG(-0.2),2.97,3,0.7564,0.0187
RNG(-0.2),2.98,3,0.7564,0.0187
RNG(-0.2),2.99,3,0.7564,0.0187
RNG(-0.2),3.0,3,0.7564,0.0186
RNG(-0.2),3.01,3,0.7564,0.0186
RNG(-0.2),3.02,3,0.7564,0.0185
RNG(-0.2),3.03,3,0.7563,0.0186
RNG(-0.2),3.04,3,0.7563,0.0186
RNG(-0.2),3.05,3,0.7564,0.0186
RNG(-0.2),3.06,3,0.7564,0.0186
RNG(-0.2),3.07,3,0.7564,0.0187
RNG(-0.2),3.08,3,0.7563,0.0188
RNG(-0.2),3.09,3,0.7564,0.0189
RNG(-0.2),3.1,3,0.7564,0.0189
RNG(-0.2),3.11,3,0.7564,0.0188
RNG(-0.2),3.12,3,0.7564,0.0188
RNG(-0.2),3.13,3,0.7564,0.0187
RNG(-0.2),3.14,3,0.7564,0.0187
RNG(-0.2),3.15,3,0.7564,0.0187
RNG(-0.2),3.16,3,0.7564,0.0187
RNG(-0.2),3.17,3,0.7564,0.0189
RNG(-0.2),3.18,3,0.7563,0.0189
RNG(-0.2),3.19,3,0.7563,0.0189
RNG(-0.2),3.2,3,0.7563,0.019
RNG(-0.2),3.21,3,0.7563,0.019
RNG(-0.2),3.22,3,0.7563,0.0189
RNG(-0.2),3.23,3,0.7563,0.0189
RNG(-0.2),3.24,3,0.7563,0.0189
RNG(-0.2),3.25,3,0.7564,0.0188
RNG(-0.2),3.26,3,0.7564,0.0188
RNG(-0.2),3.27,3,0.7564,0.0188
RNG(-0.2),3.28,3,0.7564,0.0188
RNG(-0.2),3.29,3,0.7564,0.0188
RNG(-0.2),3.3,3,0.7564,0.0188
RNG(-0.2),3.31,3,0.7564,0.0188
RNG(-0.2),3.32,3,0.7565,0.0187
RNG(-0.2),3.33,3,0.7564,0.0188
RNG(-0.2),3.34,3,0.7564,0.0188
RNG(-0.2),3.35,3,0.7564,0.0188
RNG(-0.2),3.36,3,0.7564,0.0188
RNG(-0.2),3.37,3,0.7564,0.0188
RNG(-0.2),3.38,3,0.7564,0.0188
RNG(-0.2),3.39,3,0.7564,0.0188
RNG(-0.2),3.4,3,0.7566,0.0187
RNG(-0.2),3.41,3,0.7565,0.0186
RNG(-0.2),3.42,3,0.7565,0.0186
RNG(-0.2),3.43,3,0.7565,0.0186
RNG(-0.2),3.44,3,0.7565,0.0186
RNG(-0.2),3.45,3,0.7565,0.0186
RNG(-0.2),3.46,3,0.7565,0.0187
RNG(-0.2),3.47,3,0.7565,0.0186
RNG(-0.2),3.48,3,0.7565,0.0185
RNG(-0.2),3.49,3,0.7565,0.0185
RNG(-0.2),3.5,3,0.7565,0.0185
RNG(-0.2),3.51,3,0.7565,0.0185
RNG(-0.2),3.52,3,0.7564,0.0186
RNG(-0.2),3.53,3,0.7564,0.0186
RNG(-0.2),3.54,3,0.7564,0.0187
RNG(-0.2),3.55,3,0.7564,0.0187
RNG(-0.2),3.56,3,0.7564,0.0187
RNG(-0.2),3.57,3,0.7563,0.0188
RNG(-0.2),3.58,3,0.7563,0.0188
RNG(-0.2),3.59,3,0.7563,0.0188
RNG(-0.2),3.6,3,0.7563,0.0187
RNG(-0.2),3.61,3,0.7563,0.0187
RNG(-0.2),3.62,3,0.7563,0.0187
RNG(-0.2),3.63,3,0.7563,0.0187
RNG(-0.2),3.64,3,0.7563,0.0187
RNG(-0.2),3.65,3,0.7563,0.0187
RNG(-0.2),3.66,3,0.7562,0.0187
RNG(-0.2),3.67,3,0.7562,0.0187
RNG(-0.2),3.68,3,0.7561,0.0188
RNG(-0.2),3.69,3,0.7561,0.0188
RNG(-0.2),3.7,3,0.7561,0.0189
RNG(-0.2),3.71,3,0.7561,0.0187
RNG(-0.2),3.72,3,0.7561,0.0187
RNG(-0.2),3.73,3,0.7561,0.0187
RNG(-0.2),3.74,3,0.756,0.0188
RNG(-0.2),3.75,3,0.756,0.0188
RNG(-0.2),3.76,3,0.756,0.0189
RNG(-0.2),3.77,3,0.756,0.0189
RNG(-0.2),3.78,3,0.756,0.0189
RNG(-0.2),3.79,3,0.756,0.0189
RNG(-0.2),3.8,3,0.756,0.0188
RNG(-0.2),3.81,3,0.756,0.0188
RNG(-0.2),3.82,3,0.756,0.0188
RNG(-0.2),3.83,3,0.756,0.0188
RNG(-0.2),3.84,3,0.756,0.0189
RNG(-0.2),3.85,3,0.756,0.0189
RNG(-0.2),3.86,3,0.756,0.0189
RNG(-0.2),3.87,3,0.756,0.0189
RNG(-0.2),3.88,3,0.756,0.0189
RNG(-0.2),3.89,3,0.756,0.0189
RNG(-0.2),3.9,3,0.756,0.0189
RNG(-0.2),3.91,3,0.756,0.0189
RNG(-0.2),3.92,3,0.756,0.0189
RNG(-0.2),3.93,3,0.756,0.0189
RNG(-0.2),3.94,3,0.756,0.019
RNG(-0.2),3.95,3,0.756,0.019
RNG(-0.2),3.96,3,0.756,0.019
RNG(-0.2),3.97,3,0.756,0.019
RNG(-0.2),3.98,3,0.756,0.019
RNG(-0.2),3.99,3,0.756,0.019
RNG(-0.2),4.0,3,0.7559,0.0191
RNG(-0.2),4.01,3,0.7559,0.0191
RNG(-0.2),4.02,3,0.7559,0.0191
RNG(-0.2),4.03,3,0.7559,0.0191
RNG(-0.2),4.04,3,0.7559,0.0191
RNG(-0.2),4.05,3,0.7559,0.0191
RNG(-0.2),4.06,3,0.7559,0.0191
RNG(-0.2),4.07,3,0.756,0.0192
RNG(-0.2),4.08,3,0.756,0.0192
RNG(-0.2),4.09,3,0.756,0.0192
RNG(-0.2),4.1,3,0.756,0.0192
RNG(-0.2),4.11,3,0.756,0.0192
RNG(-0.2),4.12,3,0.756,0.0192
RNG(-0.2),4.13,3,0.756,0.0192
RNG(-0.2),4.14,3,0.756,0.0192
RNG(-0.2),4.15,3,0.756,0.0192
RNG(-0.2),4.16,3,0.756,0.0192
RNG(-0.2),4.17,2,0.7568,0.0966
RNG(-0.2),4.18,3,0.756,0.0192
RNG(-0.2),4.19,3,0.756,0.0192
RNG(-0.2),4.2,3,0.756,0.0192
RNG(-0.2),4.21,3,0.756,0.0192
RNG(-0.2),4.22,2,0.7568,0.0966
RNG(-0.2),4.23,3,0.756,0.0192
RNG(-0.2),4.24,3,0.756,0.0192
RNG(-0.2),4.25,3,0.756,0.0192
RNG(-0.2),4.28,3,0.756,0.0192
RNG(-0.2),4.29,3,0.756,0.0192
RNG(-0.2),4.31,2,0.7568,0.0966
RNG(-0.2),4.32,3,0.756,0.0192
RNG(-0.2),4.34,2,0.7568,0.0966
RNG(-0.2),4.36,2,0.7568,0.0966
RNG(-0.2),4.37,1,0.7492,0.0
RNG(-0.1),0.99,3,0.6733,0.0161
RNG(-0.1),1.0,3,0.6733,0.0161
RNG(-0.1),1.01,3,0.6778,0.0156
RNG(-0.1),1.02,3,0.6806,0.0155
RNG(-0.1),1.03,3,0.6845,0.0168
RNG(-0.1),1.04,3,0.69,0.0157
RNG(-0.1),1.05,3,0.6977,0.0161
RNG(-0.1),1.06,3,0.7059,0.0156
RNG(-0.1),1.07,3,0.7146,0.0177
RNG(-0.1),1.08,3,0.722,0.0184
RNG(-0.1),1.09,3,0.7293,0.018
RNG(-0.1),1.1,3,0.7353,0.0187
RNG(-0.1),1.11,3,0.7401,0.0177
RNG(-0.1),1.12,3,0.744,0.0179
RNG(-0.1),1.13,3,0.7463,0.0185
RNG(-0.1),1.14,3,0.7479,0.0183
RNG(-0.1),1.15,3,0.7489,0.0183
RNG(-0.1),1.16,3,0.7497,0.0185
RNG(-0.1),1.17,3,0.7501,0.0186
RNG(-0.1),1.18,3,0.7505,0.0189
RNG(-0.1),1.19,3,0.7508,0.0188
RNG(-0.1),1.2,3,0.7508,0.0186
RNG(-0.1),1.21,3,0.7509,0.0187
RNG(-0.1),1.22,3,0.7509,0.0188
RNG(-0.1),1.23,3,0.751,0.019
RNG(-0.1),1.24,3,0.7511,0.0191
RNG(-0.1),1.25,3,0.7511,0.0193
RNG(-0.1),1.26,3,0.7511,0.0193
RNG(-0.1),1.27,3,0.7511,0.0192
RNG(-0.1),1.28,3,0.7511,0.0193
RNG(-0.1),1.29,3,0.7512,0.0195
RNG(-0.1),1.3,3,0.7513,0.0195
RNG(-0.1),1.31,3,0.7514,0.0196
RNG(-0.1),1.32,3,0.7514,0.0198
RNG(-0.1),1.33,3,0.7516,0.0196
RNG(-0.1),1.34,3,0.7517,0.0192
RNG(-0.1),1.35,3,0.7518,0.0192
RNG(-0.1),1.36,3,0.7518,0.0194
RNG(-0.1),1.37,3,0.752,0.0192
RNG(-0.1),1.38,3,0.7522,0.0189
RNG(-0.1),1.39,3,0.7525,0.0188
RNG(-0.1),1.4,3,0.7529,0.0191
RNG(-0.1),1.41,3,0.7531,0.019
RNG(-0.1),1.42,3,0.7533,0.0191
RNG(-0.1),1.43,3,0.7536,0.0185
RNG(-0.1),1.44,3,0.7537,0.0184
RNG(-0.1),1.45,3,0.7539,0.0186
RNG(-0.1),1.46,3,0.754,0.0188
RNG(-0.1),1.47,3,0.7542,0.0189
RNG(-0.1),1.48,3,0.7545,0.0188
RNG(-0.1),1.49,3,0.7547,0.019
RNG(-0.1),1.5,3,0.7549,0.019
RNG(-0.1),1.51,3,0.7551,0.0186
RNG(-0.1),1.52,3,0.7553,0.0186
RNG(-0.1),1.53,3,0.7557,0.0186
RNG(-0.1),1.54,3,0.756,0.0183
RNG(-0.1),1.55,3,0.7563,0.0181
RNG(-0.1),1.56,3,0.7566,0.0182
RNG(-0.1),1.57,3,0.7568,0.0182
RNG(-0.1),1.58,3,0.7571,0.0178
RNG(-0.1),1.59,3,0.7576,0.0176
RNG(-0.1),1.6,3,0.7578,0.0175
RNG(-0.1),1.61,3,0.7582,0.0174
RNG(-0.1),1.62,3,0.7586,0.0176
RNG(-0.1),1.63,3,0.7589,0.0176
RNG(-0.1),1.64,3,0.7593,0.0175
RNG(-0.1),1.65,3,0.7597,0.0169
RNG(-0.1),1.66,3,0.7599,0.017
RNG(-0.1),1.67,3,0.7602,0.0169
RNG(-0.1),1.68,3,0.7605,0.017
RNG(-0.1),1.69,3,0.7608,0.0171
RNG(-0.1),1.7,3,0.7612,0.0169
RNG(-0.1),1.71,3,0.7614,0.0168
RNG(-0.1),1.72,3,0.7616,0.0166
RNG(-0.1),1.73,3,0.7618,0.0167
RNG(-0.1),1.74,3,0.7619,0.0171
RNG(-0.1),1.75,3,0.762,0.0173
RNG(-0.1),1.76,3,0.7621,0.0173
RNG(-0.1),1.77,3,0.7622,0.0175
RNG(-0.1),1.78,3,0.7623,0.0173
RNG(-0.1),1.79,3,0.7623,0.0173
RNG(-0.1),1.8,3,0.7624,0.0175
RNG(-0.1),1.81,3,0.7623,0.0173
RNG(-0.1),1.82,3,0.7624,0.017
RNG(-0.1),1.83,3,0.7624,0.0171
RNG(-0.1),1.84,3,0.7625,0.0171
RNG(-0.1),1.85,3,0.7626,0.0169
RNG(-0.1),1.86,3,0.7624,0.0168
RNG(-0.1),1.87,3,0.7625,0.0169
RNG(-0.1),1.88,3,0.7625,0.0169
RNG(-0.1),1.89,3,0.7624,0.0167
RNG(-0.1),1.9,3,0.7625,0.0166
RNG(-0.1),1.91,3,0.7626,0.0168
RNG(-0.1),1.92,3,0.7629,0.017
RNG(-0.1),1.93,3,0.7629,0.0171
RNG(-0.1),1.94,3,0.7629,0.0167
RNG(-0.1),1.95,3,0.7629,0.0166
RNG(-0.1),1.96,3,0.763,0.0163
RNG(-0.1),1.97,3,0.7631,0.0164
RNG(-0.1),1.98,3,0.7632,0.0164
RNG(-0.1),1.99,3,0.7633,0.0163
RNG(-0.1),2.0,3,0.7633,0.0162
RNG(-0.1),2.01,3,0.7634,0.0157
RNG(-0.1),2.02,3,0.7634,0.0156
RNG(-0.1),2.03,3,0.7634,0.0156
RNG(-0.1),2.04,3,0.7636,0.0155
RNG(-0.1),2.05,3,0.7636,0.0155
RNG(-0.1),2.06,3,0.7636,0.0155
RNG(-0.1),2.07,3,0.7637,0.0156
RNG(-0.1),2.08,3,0.7636,0.0155
RNG(-0.1),2.09,3,0.7636,0.0155
RNG(-0.1),2.1,3,0.7637,0.0154
RNG(-0.1),2.11,3,0.7637,0.0153
RNG(-0.1),2.12,3,0.7637,0.0157
RNG(-0.1),2.13,3,0.7638,0.0158
RNG(-0.1),2.14,3,0.7638,0.0162
RNG(-0.1),2.15,3,0.7638,0.0165
RNG(-0.1),2.16,3,0.7638,0.0165
RNG(-0.1),2.17,3,0.7639,0.0167
RNG(-0.1),2.18,3,0.7639,0.0167
RNG(-0.1),2.19,3,0.764,0.0166
RNG(-0.1),2.2,3,0.764,0.0169
RNG(-0.1),2.21,3,0.764,0.0167
RNG(-0.1),2.22,3,0.764,0.0169
RNG(-0.1),2.23,3,0.764,0.0168
RNG(-0.1),2.24,3,0.764,0.0166
RNG(-0.1),2.25,3,0.7639,0.0167
RNG(-0.1),2.26,3,0.7639,0.0165
RNG(-0.1),2.27,3,0.7641,0.0168
RNG(-0.1),2.28,3,0.7641,0.0167
RNG(-0.1),2.29,3,0.7641,0.0165
RNG(-0.1),2.3,3,0.7641,0.0164
RNG(-0.1),2.31,3,0.7639,0.0165
RNG(-0.1),2.32,3,0.7639,0.0165
RNG(-0.1),2.33,3,0.764,0.0164
RNG(-0.1),2.34,3,0.7639,0.0161
RNG(-0.1),2.35,3,0.7639,0.0162
RNG(-0.1),2.36,3,0.7638,0.0164
RNG(-0.1),2.37,3,0.7638,0.0161
RNG(-0.1),2.38,3,0.7638,0.0159
RNG(-0.1),2.39,3,0.7641,0.0158
RNG(-0.1),2.4,3,0.7641,0.0162
RNG(-0.1),2.41,3,0.764,0.0159
RNG(-0.1),2.42,3,0.764,0.016
RNG(-0.1),2.43,3,0.764,0.0161
RNG(-0.1),2.44,3,0.7641,0.0159
RNG(-0.1),2.45,3,0.7642,0.0159
RNG(-0.1),2.46,3,0.7642,0.0158
RNG(-0.1),2.47,3,0.764,0.0158
RNG(-0.1),2.48,3,0.764,0.0155
RNG(-0.1),2.49,3,0.764,0.0155
RNG(-0.1),2.5,3,0.764,0.0155
RNG(-0.1),2.51,3,0.764,0.0155
RNG(-0.1),2.52,3,0.764,0.0155
RNG(-0.1),2.53,3,0.764,0.0152
RNG(-0.1),2.54,3,0.764,0.0153
RNG(-0.1),2.55,3,0.764,0.0153
RNG(-0.1),2.56,3,0.764,0.0152
RNG(-0.1),2.57,3,0.7641,0.0151
RNG(-0.1),2.58,3,0.7639,0.0152
RNG(-0.1),2.59,3,0.7639,0.0153
RNG(-0.1),2.6,3,0.7639,0.0153
RNG(-0.1),2.61,3,0.7638,0.0154
RNG(-0.1),2.62,3,0.7638,0.0151
RNG(-0.1),2.63,3,0.7636,0.0151
RNG(-0.1),2.64,3,0.7636,0.0151
RNG(-0.1),2.65,3,0.7635,0.0152
RNG(-0.1),2.66,3,0.7635,0.0151
RNG(-0.1),2.67,3,0.7635,0.015
RNG(-0.1),2.68,3,0.7635,0.0151
RNG(-0.1),2.69,3,0.7634,0.0151
RNG(-0.1),2.7,3,0.7633,0.0151
RNG(-0.1),2.71,3,0.7633,0.0151
RNG(-0.1),2.72,3,0.7631,0.015
RNG(-0.1),2.73,3,0.763,0.0152
RNG(-0.1),2.74,3,0.763,0.0151
RNG(-0.1),2.75,3,0.763,0.0149
RNG(-0.1),2.76,3,0.7629,0.015
RNG(-0.1),2.77,3,0.7629,0.0149
RNG(-0.1),2.78,3,0.7628,0.0151
RNG(-0.1),2.79,3,0.7628,0.0154
RNG(-0.1),2.8,3,0.7627,0.0154
RNG(-0.1),2.81,3,0.7627,0.0153
RNG(-0.1),2.82,3,0.7626,0.0152
RNG(-0.1),2.83,3,0.7624,0.0152
RNG(-0.1),2.84,3,0.7624,0.0151
RNG(-0.1),2.85,3,0.7623,0.0152
RNG(-0.1),2.86,3,0.7622,0.0157
RNG(-0.1),2.87,3,0.7622,0.0158
RNG(-0.1),2.88,3,0.762,0.0161
RNG(-0.1),2.89,3,0.7619,0.0159
RNG(-0.1),2.9,3,0.7619,0.0158
RNG(-0.1),2.91,3,0.7619,0.0157
RNG(-0.1),2.92,3,0.7619,0.0158
RNG(-0.1),2.93,3,0.7618,0.0155
RNG(-0.1),2.94,3,0.7618,0.0153
RNG(-0.1),2.95,3,0.7618,0.0153
RNG(-0.1),2.96,3,0.7617,0.0152
RNG(-0.1),2.97,3,0.7616,0.0153
RNG(-0.1),2.98,3,0.7615,0.0155
RNG(-0.1),2.99,3,0.7613,0.0155
RNG(-0.1),3.0,3,0.7613,0.0153
RNG(-0.1),3.01,3,0.7612,0.0155
RNG(-0.1),3.02,3,0.7611,0.0155
RNG(-0.1),3.03,3,0.761,0.0153
RNG(-0.1),3.04,3,0.7609,0.0153
RNG(-0.1),3.05,3,0.7609,0.0152
RNG(-0.1),3.06,3,0.761,0.0151
RNG(-0.1),3.07,3,0.7609,0.0151
RNG(-0.1),3.08,3,0.7608,0.0152
RNG(-0.1),3.09,3,0.7608,0.0153
RNG(-0.1),3.1,3,0.7608,0.0153
RNG(-0.1),3.11,3,0.7608,0.0154
RNG(-0.1),3.12,3,0.7608,0.0152
RNG(-0.1),3.13,3,0.7608,0.0152
RNG(-0.1),3.14,3,0.7607,0.0153
RNG(-0.1),3.15,3,0.7607,0.0152
RNG(-0.1),3.16,3,0.7608,0.015
RNG(-0.1),3.17,3,0.7609,0.0153
RNG(-0.1),3.18,3,0.7609,0.0151
RNG(-0.1),3.19,3,0.7608,0.0149
RNG(-0.1),3.2,3,0.7607,0.0149
RNG(-0.1),3.21,3,0.7607,0.0149
RNG(-0.1),3.22,3,0.7606,0.0151
RNG(-0.1),3.23,3,0.7606,0.0151
RNG(-0.1),3.24,3,0.7606,0.0151
RNG(-0.1),3.25,3,0.7606,0.0151
RNG(-0.1),3.26,3,0.7606,0.0151
RNG(-0.1),3.27,3,0.7606,0.0149
RNG(-0.1),3.28,3,0.7604,0.0148
RNG(-0.1),3.29,3,0.7604,0.0148
RNG(-0.1),3.3,3,0.7605,0.0147
RNG(-0.1),3.31,3,0.7604,0.0148
RNG(-0.1),3.32,3,0.7604,0.0146
RNG(-0.1),3.33,3,0.7604,0.0146
RNG(-0.1),3.34,3,0.7604,0.0147
RNG(-0.1),3.35,3,0.7604,0.0146
RNG(-0.1),3.36,3,0.7603,0.0146
RNG(-0.1),3.37,3,0.7603,0.0146
RNG(-0.1),3.38,3,0.7603,0.0146
RNG(-0.1),3.39,3,0.7602,0.0148
RNG(-0.1),3.4,3,0.7604,0.0149
RNG(-0.1),3.41,3,0.7603,0.0148
RNG(-0.1),3.42,3,0.7603,0.015
RNG(-0.1),3.43,3,0.7604,0.0149
RNG(-0.1),3.44,3,0.7603,0.0149
RNG(-0.1),3.45,3,0.7603,0.0149
RNG(-0.1),3.46,3,0.7602,0.0149
RNG(-0.1),3.47,3,0.7601,0.015
RNG(-0.1),3.48,3,0.7601,0.015
RNG(-0.1),3.49,3,0.7601,0.015
RNG(-0.1),3.5,3,0.7601,0.0151
RNG(-0.1),3.51,3,0.76,0.015
RNG(-0.1),3.52,3,0.76,0.0151
RNG(-0.1),3.53,3,0.76,0.0151
RNG(-0.1),3.54,3,0.7599,0.0152
RNG(-0.1),3.55,3,0.7599,0.0154
RNG(-0.1),3.56,3,0.7599,0.0153
RNG(-0.1),3.57,3,0.7599,0.0154
RNG(-0.1),3.58,3,0.7598,0.0154
RNG(-0.1),3.59,3,0.7598,0.0153
RNG(-0.1),3.6,3,0.7597,0.0154
RNG(-0.1),3.61,3,0.7597,0.0154
RNG(-0.1),3.62,3,0.7596,0.0154
RNG(-0.1),3.63,3,0.7596,0.0155
RNG(-0.1),3.64,3,0.7596,0.0155
RNG(-0.1),3.65,3,0.7596,0.0154
RNG(-0.1),3.66,3,0.7595,0.0153
RNG(-0.1),3.67,3,0.7595,0.0153
RNG(-0.1),3.68,3,0.7595,0.0153
RNG(-0.1),3.69,3,0.7595,0.0151
RNG(-0.1),3.7,3,0.7594,0.0152
RNG(-0.1),3.71,3,0.7594,0.0154
RNG(-0.1),3.72,3,0.7593,0.0154
RNG(-0.1),3.73,3,0.7593,0.0153
RNG(-0.1),3.74,3,0.7593,0.0153
RNG(-0.1),3.75,3,0.7593,0.0154
RNG(-0.1),3.76,3,0.7592,0.0152
RNG(-0.1),3.77,3,0.7592,0.0152
RNG(-0.1),3.78,3,0.7592,0.0154
RNG(-0.1),3.79,3,0.7592,0.0154
RNG(-0.1),3.8,3,0.7591,0.0154
RNG(-0.1),3.81,3,0.7591,0.0154
RNG(-0.1),3.82,3,0.7591,0.0153
RNG(-0.1),3.83,3,0.7591,0.0153
RNG(-0.1),3.84,3,0.7591,0.0153
RNG(-0.1),3.85,3,0.759,0.0154
RNG(-0.1),3.86,3,0.759,0.0154
RNG(-0.1),3.87,3,0.759,0.0154
RNG(-0.1),3.88,3,0.759,0.0154
RNG(-0.1),3.89,3,0.759,0.0155
RNG(-0.1),3.9,3,0.759,0.0156
RNG(-0.1),3.91,3,0.759,0.0156
RNG(-0.1),3.92,3,0.7589,0.0155
RNG(-0.1),3.93,3,0.7589,0.0156
RNG(-0.1),3.94,3,0.7588,0.0154
RNG(-0.1),3.95,3,0.7588,0.0154
RNG(-0.1),3.96,3,0.7589,0.0156
RNG(-0.1),3.97,3,0.7589,0.0156
RNG(-0.1),3.98,3,0.7588,0.0154
RNG(-0.1),3.99,3,0.7588,0.0154
RNG(-0.1),4.0,3,0.7588,0.0155
RNG(-0.1),4.01,3,0.7588,0.0155
RNG(-0.1),4.02,3,0.7588,0.0155
RNG(-0.1),4.03,3,0.7588,0.0155
RNG(-0.1),4.04,3,0.7588,0.0155
RNG(-0.1),4.05,3,0.7588,0.0155
RNG(-0.1),4.06,3,0.7588,0.0156
RNG(-0.1),4.07,3,0.7589,0.0158
RNG(-0.1),4.08,3,0.7589,0.0158
RNG(-0.1),4.09,3,0.7589,0.0158
RNG(-0.1),4.1,3,0.7588,0.0156
RNG(-0.1),4.11,3,0.7588,0.0156
RNG(-0.1),4.12,3,0.7588,0.0156
RNG(-0.1),4.13,3,0.7588,0.0156
RNG(-0.1),4.14,3,0.7588,0.0156
RNG(-0.1),4.15,3,0.7588,0.0156
RNG(-0.1),4.16,3,0.7588,0.0156
RNG(-0.1),4.17,2,0.7606,0.0705
RNG(-0.1),4.18,3,0.7588,0.0156
RNG(-0.1),4.19,3,0.7588,0.0156
RNG(-0.1),4.2,3,0.7588,0.0156
RNG(-0.1),4.21,3,0.7588,0.0156
RNG(-0.1),4.22,2,0.7606,0.0705
RNG(-0.1),4.23,3,0.7588,0.0156
RNG(-0.1),4.24,3,0.7588,0.0156
RNG(-0.1),4.25,3,0.7588,0.0156
RNG(-0.1),4.28,3,0.7588,0.0156
RNG(-0.1),4.29,3,0.7588,0.0156
RNG(-0.1),4.31,2,0.7606,0.0705
RNG(-0.1),4.32,3,0.7588,0.0156
RNG(-0.1),4.34,2,0.7606,0.0705
RNG(-0.1),4.36,2,0.7606,0.0705
RNG(-0.1),4.37,1,0.755,0.0
RNG(-0.05),0.99,3,0.6733,0.0161
RNG(-0.05),1.0,3,0.6733,0.0161
RNG(-0.05),1.01,3,0.6776,0.0153
RNG(-0.05),1.02,3,0.6802,0.0152
RNG(-0.05),1.03,3,0.684,0.0166
RNG(-0.05),1.04,3,0.6893,0.0158
RNG(-0.05),1.05,3,0.6965,0.0162
RNG(-0.05),1.06,3,0.7044,0.0161
RNG(-0.05),1.07,3,0.7126,0.0175
RNG(-0.05),1.08,3,0.7196,0.0181
RNG(-0.05),1.09,3,0.7264,0.0172
RNG(-0.05),1.1,3,0.7321,0.0179
RNG(-0.05),1.11,3,0.7366,0.017
RNG(-0.05),1.12,3,0.7402,0.0171
RNG(-0.05),1.13,3,0.7423,0.0179
RNG(-0.05),1.14,3,0.7439,0.0176
RNG(-0.05),1.15,3,0.7449,0.0175
RNG(-0.05),1.16,3,0.7457,0.0176
RNG(-0.05),1.17,3,0.7461,0.0178
RNG(-0.05),1.18,3,0.7465,0.0179
RNG(-0.05),1.19,3,0.7467,0.0178
RNG(-0.05),1.2,3,0.7468,0.0177
RNG(-0.05),1.21,3,0.7468,0.0176
RNG(-0.05),1.22,3,0.7468,0.0177
RNG(-0.05),1.23,3,0.7469,0.018
RNG(-0.05),1.24,3,0.7469,0.0182
RNG(-0.05),1.25,3,0.7469,0.0183
RNG(-0.05),1.26,3,0.7468,0.0184
RNG(-0.05),1.27,3,0.7469,0.0184
RNG(-0.05),1.28,3,0.7468,0.0186
RNG(-0.05),1.29,3,0.7469,0.0186
RNG(-0.05),1.3,3,0.7469,0.0186
RNG(-0.05),1.31,3,0.7471,0.0185
RNG(-0.05),1.32,3,0.7471,0.0186
RNG(-0.05),1.33,3,0.7473,0.0184
RNG(-0.05),1.34,3,0.7473,0.018
RNG(-0.05),1.35,3,0.7475,0.018
RNG(-0.05),1.36,3,0.7475,0.0181
RNG(-0.05),1.37,3,0.7476,0.0178
RNG(-0.05),1.38,3,0.7478,0.0176
RNG(-0.05),1.39,3,0.748,0.0176
RNG(-0.05),1.4,3,0.7483,0.0175
RNG(-0.05),1.41,3,0.7485,0.0174
RNG(-0.05),1.42,3,0.7485,0.0173
RNG(-0.05),1.43,3,0.7488,0.0167
RNG(-0.05),1.44,3,0.7488,0.0167
RNG(-0.05),1.45,3,0.749,0.0169
RNG(-0.05),1.46,3,0.749,0.0174
RNG(-0.05),1.47,3,0.7492,0.0174
RNG(-0.05),1.48,3,0.7494,0.0175
RNG(-0.05),1.49,3,0.7495,0.0177
RNG(-0.05),1.5,3,0.7497,0.0175
RNG(-0.05),1.51,3,0.7498,0.0172
RNG(-0.05),1.52,3,0.7499,0.017
RNG(-0.05),1.53,3,0.7502,0.0167
RNG(-0.05),1.54,3,0.7504,0.0165
RNG(-0.05),1.55,3,0.7507,0.0162
RNG(-0.05),1.56,3,0.7508,0.0165
RNG(-0.05),1.57,3,0.751,0.0164
RNG(-0.05),1.58,3,0.7511,0.0164
RNG(-0.05),1.59,3,0.7515,0.0164
RNG(-0.05),1.6,3,0.7517,0.0165
RNG(-0.05),1.61,3,0.7521,0.0166
RNG(-0.05),1.62,3,0.7523,0.0167
RNG(-0.05),1.63,3,0.7526,0.0168
RNG(-0.05),1.64,3,0.753,0.0167
RNG(-0.05),1.65,3,0.7533,0.0158
RNG(-0.05),1.66,3,0.7535,0.0159
RNG(-0.05),1.67,3,0.7537,0.0157
RNG(-0.05),1.68,3,0.7539,0.0157
RNG(-0.05),1.69,3,0.7542,0.0157
RNG(-0.05),1.7,3,0.7546,0.0156
RNG(-0.05),1.71,3,0.7547,0.0154
RNG(-0.05),1.72,3,0.7548,0.015
RNG(-0.05),1.73,3,0.755,0.0151
RNG(-0.05),1.74,3,0.755,0.0154
RNG(-0.05),1.75,3,0.7551,0.0154
RNG(-0.05),1.76,3,0.7552,0.0156
RNG(-0.05),1.77,3,0.7552,0.0157
RNG(-0.05),1.78,3,0.7554,0.0156
RNG(-0.05),1.79,3,0.7554,0.0155
RNG(-0.05),1.8,3,0.7554,0.0155
RNG(-0.05),1.81,3,0.7554,0.0154
RNG(-0.05),1.82,3,0.7554,0.015
RNG(-0.05),1.83,3,0.7555,0.015
RNG(-0.05),1.84,3,0.7556,0.0151
RNG(-0.05),1.85,3,0.7555,0.015
RNG(-0.05),1.86,3,0.7554,0.0149
RNG(-0.05),1.87,3,0.7554,0.0151
RNG(-0.05),1.88,3,0.7554,0.0151
RNG(-0.05),1.89,3,0.7554,0.0151
RNG(-0.05),1.9,3,0.7553,0.015
RNG(-0.05),1.91,3,0.7555,0.0151
RNG(-0.05),1.92,3,0.7557,0.0152
RNG(-0.05),1.93,3,0.7557,0.0154
RNG(-0.05),1.94,3,0.7556,0.0153
RNG(-0.05),1.95,3,0.7557,0.0148
RNG(-0.05),1.96,3,0.7558,0.0146
RNG(-0.05),1.97,3,0.7558,0.0146
RNG(-0.05),1.98,3,0.7559,0.0147
RNG(-0.05),1.99,3,0.756,0.0147
RNG(-0.05),2.0,3,0.756,0.0148
RNG(-0.05),2.01,3,0.756,0.0145
RNG(-0.05),2.02,3,0.756,0.0142
RNG(-0.05),2.03,3,0.756,0.0142
RNG(-0.05),2.04,3,0.7561,0.0142
RNG(-0.05),2.05,3,0.7561,0.0142
RNG(-0.05),2.06,3,0.7561,0.0141
RNG(-0.05),2.07,3,0.7561,0.0142
RNG(-0.05),2.08,3,0.7561,0.014
RNG(-0.05),2.09,3,0.756,0.0142
RNG(-0.05),2.1,3,0.756,0.014
RNG(-0.05),2.11,3,0.756,0.0142
RNG(-0.05),2.12,3,0.756,0.0143
RNG(-0.05),2.13,3,0.756,0.0146
RNG(-0.05),2.14,3,0.756,0.0149
RNG(-0.05),2.15,3,0.756,0.0151
RNG(-0.05),2.16,3,0.7559,0.0155
RNG(-0.05),2.17,3,0.7559,0.0158
RNG(-0.05),2.18,3,0.7559,0.0158
RNG(-0.05),2.19,3,0.7559,0.0156
RNG(-0.05),2.2,3,0.7559,0.0157
RNG(-0.05),2.21,3,0.7559,0.0155
RNG(-0.05),2.22,3,0.7558,0.0158
RNG(-0.05),2.23,3,0.7557,0.0154
RNG(-0.05),2.24,3,0.7557,0.0152
RNG(-0.05),2.25,3,0.7556,0.0153
RNG(-0.05),2.26,3,0.7555,0.0152
RNG(-0.05),2.27,3,0.7556,0.0153
RNG(-0.05),2.28,3,0.7555,0.015
RNG(-0.05),2.29,3,0.7555,0.0148
RNG(-0.05),2.3,3,0.7555,0.0147
RNG(-0.05),2.31,3,0.7553,0.0151
RNG(-0.05),2.32,3,0.7553,0.0153
RNG(-0.05),2.33,3,0.7553,0.0151
RNG(-0.05),2.34,3,0.7552,0.0147
RNG(-0.05),2.35,3,0.755,0.0148
RNG(-0.05),2.36,3,0.7549,0.015
RNG(-0.05),2.37,3,0.755,0.0154
RNG(-0.05),2.38,3,0.755,0.0152
RNG(-0.05),2.39,3,0.7552,0.015
RNG(-0.05),2.4,3,0.7552,0.0152
RNG(-0.05),2.41,3,0.7551,0.015
RNG(-0.05),2.42,3,0.7551,0.015
RNG(-0.05),2.43,3,0.7551,0.0152
RNG(-0.05),2.44,3,0.755,0.0149
RNG(-0.05),2.45,3,0.7551,0.0148
RNG(-0.05),2.46,3,0.7549,0.0146
RNG(-0.05),2.47,3,0.7548,0.0146
RNG(-0.05),2.48,3,0.7547,0.0143
RNG(-0.05),2.49,3,0.7547,0.0141
RNG(-0.05),2.5,3,0.7546,0.0142
RNG(-0.05),2.51,3,0.7547,0.0142
RNG(-0.05),2.52,3,0.7547,0.0138
RNG(-0.05),2.53,3,0.7547,0.0139
RNG(-0.05),2.54,3,0.7547,0.0139
RNG(-0.05),2.55,3,0.7545,0.014
RNG(-0.05),2.56,3,0.7546,0.0139
RNG(-0.05),2.57,3,0.7546,0.0138
RNG(-0.05),2.58,3,0.7544,0.0138
RNG(-0.05),2.59,3,0.7545,0.014
RNG(-0.05),2.6,3,0.7545,0.0139
RNG(-0.05),2.61,3,0.7544,0.014
RNG(-0.05),2.62,3,0.7544,0.0137
RNG(-0.05),2.63,3,0.7542,0.0137
RNG(-0.05),2.64,3,0.7541,0.0136
RNG(-0.05),2.65,3,0.7541,0.0135
RNG(-0.05),2.66,3,0.7541,0.0136
RNG(-0.05),2.67,3,0.754,0.0135
RNG(-0.05),2.68,3,0.7539,0.0139
RNG(-0.05),2.69,3,0.7539,0.0139
RNG(-0.05),2.7,3,0.7538,0.0139
RNG(-0.05),2.71,3,0.7537,0.0141
RNG(-0.05),2.72,3,0.7536,0.0139
RNG(-0.05),2.73,3,0.7535,0.0141
RNG(-0.05),2.74,3,0.7534,0.0138
RNG(-0.05),2.75,3,0.7534,0.0138
RNG(-0.05),2.76,3,0.7533,0.0138
RNG(-0.05),2.77,3,0.7533,0.0138
RNG(-0.05),2.78,3,0.7532,0.014
RNG(-0.05),2.79,3,0.7531,0.0142
RNG(-0.05),2.8,3,0.753,0.0144
RNG(-0.05),2.81,3,0.7529,0.0142
RNG(-0.05),2.82,3,0.7529,0.0143
RNG(-0.05),2.83,3,0.7526,0.0144
RNG(-0.05),2.84,3,0.7525,0.0143
RNG(-0.05),2.85,3,0.7524,0.0145
RNG(-0.05),2.86,3,0.7522,0.0148
RNG(-0.05),2.87,3,0.7521,0.015
RNG(-0.05),2.88,3,0.752,0.0152
RNG(-0.05),2.89,3,0.7519,0.015
RNG(-0.05),2.9,3,0.7518,0.0148
RNG(-0.05),2.91,3,0.7518,0.0149
RNG(-0.05),2.92,3,0.7517,0.0147
RNG(-0.05),2.93,3,0.7517,0.0141
RNG(-0.05),2.94,3,0.7517,0.0139
RNG(-0.05),2.95,3,0.7517,0.0139
RNG(-0.05),2.96,3,0.7517,0.0138
RNG(-0.05),2.97,3,0.7514,0.0139
RNG(-0.05),2.98,3,0.7513,0.0141
RNG(-0.05),2.99,3,0.751,0.0145
RNG(-0.05),3.0,3,0.751,0.0142
RNG(-0.05),3.01,3,0.7508,0.0145
RNG(-0.05),3.02,3,0.7507,0.0144
RNG(-0.05),3.03,3,0.7506,0.0142
RNG(-0.05),3.04,3,0.7505,0.0148
RNG(-0.05),3.05,3,0.7504,0.0149
RNG(-0.05),3.06,3,0.7505,0.0149
RNG(-0.05),3.07,3,0.7503,0.0148
RNG(-0.05),3.08,3,0.7502,0.015
RNG(-0.05),3.09,3,0.7502,0.015
RNG(-0.05),3.1,3,0.7501,0.015
RNG(-0.05),3.11,3,0.7501,0.015
RNG(-0.05),3.12,3,0.75,0.0149
RNG(-0.05),3.13,3,0.7499,0.0147
RNG(-0.05),3.14,3,0.7499,0.0146
RNG(-0.05),3.15,3,0.7499,0.0144
RNG(-0.05),3.16,3,0.7499,0.0143
RNG(-0.05),3.17,3,0.75,0.0148
RNG(-0.05),3.18,3,0.7499,0.0147
RNG(-0.05),3.19,3,0.7498,0.0144
RNG(-0.05),3.2,3,0.7496,0.0146
RNG(-0.05),3.21,3,0.7496,0.0146
RNG(-0.05),3.22,3,0.7495,0.0149
RNG(-0.05),3.23,3,0.7495,0.0151
RNG(-0.05),3.24,3,0.7495,0.0151
RNG(-0.05),3.25,3,0.7495,0.0151
RNG(-0.05),3.26,3,0.7495,0.0151
RNG(-0.05),3.27,3,0.7494,0.0148
RNG(-0.05),3.28,3,0.7493,0.0146
RNG(-0.05),3.29,3,0.7493,0.0146
RNG(-0.05),3.3,3,0.7493,0.0146
RNG(-0.05),3.31,3,0.7494,0.0147
RNG(-0.05),3.32,3,0.7494,0.0145
RNG(-0.05),3.33,3,0.7493,0.0146
RNG(-0.05),3.34,3,0.7493,0.0147
RNG(-0.05),3.35,3,0.7492,0.0145
RNG(-0.05),3.36,3,0.7492,0.0147
RNG(-0.05),3.37,3,0.7491,0.0145
RNG(-0.05),3.38,3,0.7491,0.0146
RNG(-0.05),3.39,3,0.749,0.0146
RNG(-0.05),3.4,3,0.7491,0.0148
RNG(-0.05),3.41,3,0.7491,0.0147
RNG(-0.05),3.42,3,0.749,0.0149
RNG(-0.05),3.43,3,0.749,0.0148
RNG(-0.05),3.44,3,0.7489,0.0148
RNG(-0.05),3.45,3,0.7489,0.0148
RNG(-0.05),3.46,3,0.7488,0.0149
RNG(-0.05),3.47,3,0.7487,0.0147
RNG(-0.05),3.48,3,0.7487,0.0147
RNG(-0.05),3.49,3,0.7487,0.0147
RNG(-0.05),3.5,3,0.7487,0.0146
RNG(-0.05),3.51,3,0.7486,0.0147
RNG(-0.05),3.52,3,0.7486,0.0148
RNG(-0.05),3.53,3,0.7485,0.0149
RNG(-0.05),3.54,3,0.7485,0.015
RNG(-0.05),3.55,3,0.7484,0.0149
RNG(-0.05),3.56,3,0.7484,0.0149
RNG(-0.05),3.57,3,0.7484,0.015
RNG(-0.05),3.58,3,0.7483,0.0152
RNG(-0.05),3.59,3,0.7482,0.0151
RNG(-0.05),3.6,3,0.7482,0.0151
RNG(-0.05),3.61,3,0.7481,0.0151
RNG(-0.05),3.62,3,0.7482,0.0151
RNG(-0.05),3.63,3,0.7481,0.015
RNG(-0.05),3.64,3,0.748,0.015
RNG(-0.05),3.65,3,0.748,0.0148
RNG(-0.05),3.66,3,0.7479,0.0147
RNG(-0.05),3.67,3,0.7479,0.0147
RNG(-0.05),3.68,3,0.7479,0.0147
RNG(-0.05),3.69,3,0.7478,0.0148
RNG(-0.05),3.7,3,0.7477,0.0148
RNG(-0.05),3.71,3,0.7477,0.0147
RNG(-0.05),3.72,3,0.7477,0.0147
RNG(-0.05),3.73,3,0.7476,0.0148
RNG(-0.05),3.74,3,0.7475,0.0148
RNG(-0.05),3.75,3,0.7475,0.0147
RNG(-0.05),3.76,3,0.7476,0.0148
RNG(-0.05),3.77,3,0.7476,0.0148
RNG(-0.05),3.78,3,0.7475,0.0149
RNG(-0.05),3.79,3,0.7475,0.015
RNG(-0.05),3.8,3,0.7474,0.015
RNG(-0.05),3.81,3,0.7474,0.015
RNG(-0.05),3.82,3,0.7474,0.015
RNG(-0.05),3.83,3,0.7474,0.0148
RNG(-0.05),3.84,3,0.7473,0.0149
RNG(-0.05),3.85,3,0.7473,0.0153
RNG(-0.05),3.86,3,0.7472,0.0154
RNG(-0.05),3.87,3,0.7472,0.0154
RNG(-0.05),3.88,3,0.7472,0.0154
RNG(-0.05),3.89,3,0.7471,0.0154
RNG(-0.05),3.9,3,0.7471,0.0154
RNG(-0.05),3.91,3,0.7471,0.0154
RNG(-0.05),3.92,3,0.747,0.0155
RNG(-0.05),3.93,3,0.747,0.0154
RNG(-0.05),3.94,3,0.747,0.0154
RNG(-0.05),3.95,3,0.747,0.0154
RNG(-0.05),3.96,3,0.747,0.0154
RNG(-0.05),3.97,3,0.747,0.0154
RNG(-0.05),3.98,3,0.7469,0.0153
RNG(-0.05),3.99,3,0.7469,0.0153
RNG(-0.05),4.0,3,0.7469,0.0154
RNG(-0.05),4.01,3,0.7469,0.0154
RNG(-0.05),4.02,3,0.7469,0.0154
RNG(-0.05),4.03,3,0.7469,0.0154
RNG(-0.05),4.04,3,0.7469,0.0154
RNG(-0.05),4.05,3,0.7469,0.0154
RNG(-0.05),4.06,3,0.7469,0.0156
RNG(-0.05),4.07,3,0.7469,0.0157
RNG(-0.05),4.08,3,0.7469,0.0157
RNG(-0.05),4.09,3,0.7469,0.0157
RNG(-0.05),4.1,3,0.7469,0.0156
RNG(-0.05),4.11,3,0.7469,0.0156
RNG(-0.05),4.12,3,0.7469,0.0156
RNG(-0.05),4.13,3,0.7469,0.0156
RNG(-0.05),4.14,3,0.7469,0.0156
RNG(-0.05),4.15,3,0.7469,0.0156
RNG(-0.05),4.16,3,0.7469,0.0156
RNG(-0.05),4.17,2,0.7492,0.0604
RNG(-0.05),4.18,3,0.7469,0.0156
RNG(-0.05),4.19,3,0.7468,0.0157
RNG(-0.05),4.2,3,0.7468,0.0157
RNG(-0.05),4.21,3,0.7468,0.0157
RNG(-0.05),4.22,2,0.7492,0.061
RNG(-0.05),4.23,3,0.7468,0.0157
RNG(-0.05),4.24,3,0.7468,0.0157
RNG(-0.05),4.25,3,0.7468,0.0157
RNG(-0.05),4.28,3,0.7468,0.0156
RNG(-0.05),4.29,3,0.7468,0.0156
RNG(-0.05),4.31,2,0.7491,0.0604
RNG(-0.05),4.32,3,0.7468,0.0156
RNG(-0.05),4.34,2,0.7491,0.0604
RNG(-0.05),4.36,2,0.7491,0.0604
RNG(-0.05),4.37,1,0.7444,0.0
RNG(0),0.99,3,0.6733,0.0161
RNG(0),1.0,3,0.6733,0.0161
RNG(0),1.01,3,0.6775,0.0154
RNG(0),1.02,3,0.6798,0.0157
RNG(0),1.03,3,0.6833,0.0172
RNG(0),1.04,3,0.6883,0.0162
RNG(0),1.05,3,0.6949,0.0172
RNG(0),1.06,3,0.7022,0.0169
RNG(0),1.07,3,0.7098,0.019
RNG(0),1.08,3,0.7162,0.0196
RNG(0),1.09,3,0.7223,0.0191
RNG(0),1.1,3,0.7276,0.02
RNG(0),1.11,3,0.7318,0.0195
RNG(0),1.12,3,0.7353,0.0196
RNG(0),1.13,3,0.7371,0.0204
RNG(0),1.14,3,0.7385,0.02
RNG(0),1.15,3,0.7394,0.0199
RNG(0),1.16,3,0.7401,0.02
RNG(0),1.17,3,0.7405,0.0202
RNG(0),1.18,3,0.7409,0.0201
RNG(0),1.19,3,0.7411,0.02
RNG(0),1.2,3,0.7411,0.0198
RNG(0),1.21,3,0.741,0.02
RNG(0),1.22,3,0.7411,0.0203
RNG(0),1.23,3,0.7412,0.0204
RNG(0),1.24,3,0.7412,0.0205
RNG(0),1.25,3,0.7412,0.0206
RNG(0),1.26,3,0.7411,0.0205
RNG(0),1.27,3,0.7411,0.0204
RNG(0),1.28,3,0.7411,0.0206
RNG(0),1.29,3,0.7412,0.0209
RNG(0),1.3,3,0.7411,0.0209
RNG(0),1.31,3,0.7412,0.0209
RNG(0),1.32,3,0.7413,0.021
RNG(0),1.33,3,0.7414,0.0209
RNG(0),1.34,3,0.7414,0.0205
RNG(0),1.35,3,0.7416,0.0206
RNG(0),1.36,3,0.7415,0.0207
RNG(0),1.37,3,0.7417,0.0204
RNG(0),1.38,3,0.7417,0.0199
RNG(0),1.39,3,0.7418,0.02
RNG(0),1.4,3,0.742,0.02
RNG(0),1.41,3,0.7421,0.0197
RNG(0),1.42,3,0.742,0.0196
RNG(0),1.43,3,0.7423,0.0189
RNG(0),1.44,3,0.7424,0.019
RNG(0),1.45,3,0.7424,0.0192
RNG(0),1.46,3,0.7424,0.0197
RNG(0),1.47,3,0.7425,0.0199
RNG(0),1.48,3,0.7426,0.0202
RNG(0),1.49,3,0.7428,0.0204
RNG(0),1.5,3,0.7427,0.0203
RNG(0),1.51,3,0.7427,0.0199
RNG(0),1.52,3,0.7429,0.02
RNG(0),1.53,3,0.743,0.0197
RNG(0),1.54,3,0.7432,0.0195
RNG(0),1.55,3,0.7434,0.0196
RNG(0),1.56,3,0.7435,0.02
RNG(0),1.57,3,0.7436,0.0203
RNG(0),1.58,3,0.7437,0.0201
RNG(0),1.59,3,0.7441,0.0202
RNG(0),1.6,3,0.7442,0.0202
RNG(0),1.61,3,0.7445,0.0202
RNG(0),1.62,3,0.7446,0.0206
RNG(0),1.63,3,0.7448,0.0206
RNG(0),1.64,3,0.7452,0.0204
RNG(0),1.65,3,0.7454,0.02
RNG(0),1.66,3,0.7457,0.02
RNG(0),1.67,3,0.7458,0.0199
RNG(0),1.68,3,0.7459,0.0202
RNG(0),1.69,3,0.7461,0.0202
RNG(0),1.7,3,0.7464,0.0199
RNG(0),1.71,3,0.7465,0.0195
RNG(0),1.72,3,0.7466,0.0193
RNG(0),1.73,3,0.7467,0.0195
RNG(0),1.74,3,0.7468,0.0196
RNG(0),1.75,3,0.7467,0.0197
RNG(0),1.76,3,0.7468,0.0195
RNG(0),1.77,3,0.7468,0.0199
RNG(0),1.78,3,0.7469,0.0195
RNG(0),1.79,3,0.7469,0.0197
RNG(0),1.8,3,0.7468,0.0196
RNG(0),1.81,3,0.7468,0.0194
RNG(0),1.82,3,0.747,0.0191
RNG(0),1.83,3,0.747,0.0191
RNG(0),1.84,3,0.7471,0.0191
RNG(0),1.85,3,0.7469,0.0191
RNG(0),1.86,3,0.7468,0.0191
RNG(0),1.87,3,0.7469,0.0192
RNG(0),1.88,3,0.7469,0.0194
RNG(0),1.89,3,0.7468,0.0193
RNG(0),1.9,3,0.7468,0.0194
RNG(0),1.91,3,0.7469,0.0196
RNG(0),1.92,3,0.7471,0.0197
RNG(0),1.93,3,0.7471,0.0199
RNG(0),1.94,3,0.7471,0.0199
RNG(0),1.95,3,0.7472,0.0199
RNG(0),1.96,3,0.7473,0.0197
RNG(0),1.97,3,0.7472,0.0198
RNG(0),1.98,3,0.7473,0.0199
RNG(0),1.99,3,0.7473,0.02
RNG(0),2.0,3,0.7474,0.02
RNG(0),2.01,3,0.7474,0.0197
RNG(0),2.02,3,0.7474,0.0194
RNG(0),2.03,3,0.7474,0.0197
RNG(0),2.04,3,0.7475,0.0194
RNG(0),2.05,3,0.7475,0.0195
RNG(0),2.06,3,0.7475,0.0197
RNG(0),2.07,3,0.7474,0.0196
RNG(0),2.08,3,0.7474,0.0195
RNG(0),2.09,3,0.7473,0.0199
RNG(0),2.1,3,0.7472,0.0196
RNG(0),2.11,3,0.7472,0.0199
RNG(0),2.12,3,0.7473,0.0201
RNG(0),2.13,3,0.7472,0.0205
RNG(0),2.14,3,0.7472,0.0207
RNG(0),2.15,3,0.7472,0.0207
RNG(0),2.16,3,0.7471,0.0212
RNG(0),2.17,3,0.7471,0.0213
RNG(0),2.18,3,0.7471,0.0214
RNG(0),2.19,3,0.747,0.0212
RNG(0),2.2,3,0.747,0.0212
RNG(0),2.21,3,0.747,0.0211
RNG(0),2.22,3,0.747,0.0214
RNG(0),2.23,3,0.7469,0.0212
RNG(0),2.24,3,0.7468,0.0211
RNG(0),2.25,3,0.7467,0.0211
RNG(0),2.26,3,0.7466,0.0212
RNG(0),2.27,3,0.7466,0.0211
RNG(0),2.28,3,0.7465,0.0208
RNG(0),2.29,3,0.7464,0.0207
RNG(0),2.3,3,0.7463,0.0207
RNG(0),2.31,3,0.7461,0.021
RNG(0),2.32,3,0.746,0.021
RNG(0),2.33,3,0.7459,0.0209
RNG(0),2.34,3,0.7458,0.0207
RNG(0),2.35,3,0.7457,0.0207
RNG(0),2.36,3,0.7455,0.021
RNG(0),2.37,3,0.7456,0.0216
RNG(0),2.38,3,0.7456,0.0213
RNG(0),2.39,3,0.7457,0.0211
RNG(0),2.4,3,0.7456,0.0214
RNG(0),2.41,3,0.7456,0.0211
RNG(0),2.42,3,0.7455,0.0213
RNG(0),2.43,3,0.7455,0.0216
RNG(0),2.44,3,0.7454,0.0212
RNG(0),2.45,3,0.7454,0.0212
RNG(0),2.46,3,0.7452,0.021
RNG(0),2.47,3,0.7449,0.0208
RNG(0),2.48,3,0.7448,0.0206
RNG(0),2.49,3,0.7448,0.0205
RNG(0),2.5,3,0.7447,0.0205
RNG(0),2.51,3,0.7448,0.0206
RNG(0),2.52,3,0.7448,0.0202
RNG(0),2.53,3,0.7447,0.0202
RNG(0),2.54,3,0.7446,0.0202
RNG(0),2.55,3,0.7446,0.0203
RNG(0),2.56,3,0.7446,0.0203
RNG(0),2.57,3,0.7446,0.0201
RNG(0),2.58,3,0.7446,0.0201
RNG(0),2.59,3,0.7446,0.0201
RNG(0),2.6,3,0.7446,0.0201
RNG(0),2.61,3,0.7445,0.0204
RNG(0),2.62,3,0.7444,0.0202
RNG(0),2.63,3,0.7442,0.0203
RNG(0),2.64,3,0.7441,0.0203
RNG(0),2.65,3,0.7441,0.0203
RNG(0),2.66,3,0.7441,0.0203
RNG(0),2.67,3,0.744,0.0202
RNG(0),2.68,3,0.744,0.0205
RNG(0),2.69,3,0.7439,0.0207
RNG(0),2.7,3,0.744,0.0209
RNG(0),2.71,3,0.744,0.0209
RNG(0),2.72,3,0.7438,0.0208
RNG(0),2.73,3,0.7436,0.0209
RNG(0),2.74,3,0.7436,0.0207
RNG(0),2.75,3,0.7436,0.0206
RNG(0),2.76,3,0.7435,0.0207
RNG(0),2.77,3,0.7435,0.0206
RNG(0),2.78,3,0.7434,0.0208
RNG(0),2.79,3,0.7433,0.0208
RNG(0),2.8,3,0.7431,0.0211
RNG(0),2.81,3,0.743,0.021
RNG(0),2.82,3,0.743,0.021
RNG(0),2.83,3,0.7427,0.0211
RNG(0),2.84,3,0.7426,0.021
RNG(0),2.85,3,0.7425,0.021
RNG(0),2.86,3,0.7423,0.0214
RNG(0),2.87,3,0.7422,0.0214
RNG(0),2.88,3,0.742,0.0216
RNG(0),2.89,3,0.7419,0.0213
RNG(0),2.9,3,0.7418,0.0212
RNG(0),2.91,3,0.7418,0.0211
RNG(0),2.92,3,0.7417,0.0209
RNG(0),2.93,3,0.7417,0.0204
RNG(0),2.94,3,0.7416,0.0201
RNG(0),2.95,3,0.7415,0.0201
RNG(0),2.96,3,0.7414,0.02
RNG(0),2.97,3,0.7415,0.0203
RNG(0),2.98,3,0.7414,0.0208
RNG(0),2.99,3,0.7411,0.0211
RNG(0),3.0,3,0.741,0.0209
RNG(0),3.01,3,0.7408,0.0215
RNG(0),3.02,3,0.7407,0.0215
RNG(0),3.03,3,0.7405,0.0213
RNG(0),3.04,3,0.7405,0.0219
RNG(0),3.05,3,0.7404,0.022
RNG(0),3.06,3,0.7403,0.0222
RNG(0),3.07,3,0.7401,0.0222
RNG(0),3.08,3,0.74,0.0226
RNG(0),3.09,3,0.7399,0.0227
RNG(0),3.1,3,0.7398,0.0228
RNG(0),3.11,3,0.7398,0.0228
RNG(0),3.12,3,0.7397,0.0225
RNG(0),3.13,3,0.7396,0.0223
RNG(0),3.14,3,0.7395,0.0224
RNG(0),3.15,3,0.7395,0.0223
RNG(0),3.16,3,0.7396,0.0222
RNG(0),3.17,3,0.7396,0.0223
RNG(0),3.18,3,0.7395,0.0223
RNG(0),3.19,3,0.7395,0.0221
RNG(0),3.2,3,0.7392,0.0225
RNG(0),3.21,3,0.7392,0.0224
RNG(0),3.22,3,0.739,0.0228
RNG(0),3.23,3,0.739,0.0228
RNG(0),3.24,3,0.7389,0.0229
RNG(0),3.25,3,0.7389,0.0229
RNG(0),3.26,3,0.7389,0.0228
RNG(0),3.27,3,0.7388,0.0228
RNG(0),3.28,3,0.7387,0.0226
RNG(0),3.29,3,0.7387,0.0226
RNG(0),3.3,3,0.7388,0.0223
RNG(0),3.31,3,0.7388,0.0225
RNG(0),3.32,3,0.7388,0.0224
RNG(0),3.33,3,0.7387,0.0224
RNG(0),3.34,3,0.7386,0.0224
RNG(0),3.35,3,0.7386,0.0223
RNG(0),3.36,3,0.7385,0.0224
RNG(0),3.37,3,0.7384,0.0223
RNG(0),3.38,3,0.7384,0.0224
RNG(0),3.39,3,0.7383,0.0225
RNG(0),3.4,3,0.7384,0.0227
RNG(0),3.41,3,0.7383,0.0226
RNG(0),3.42,3,0.7383,0.0226
RNG(0),3.43,3,0.7383,0.0226
RNG(0),3.44,3,0.7383,0.0224
RNG(0),3.45,3,0.7383,0.0225
RNG(0),3.46,3,0.7381,0.0225
RNG(0),3.47,3,0.7382,0.0222
RNG(0),3.48,3,0.738,0.0223
RNG(0),3.49,3,0.738,0.0223
RNG(0),3.5,3,0.738,0.0223
RNG(0),3.51,3,0.7379,0.0223
RNG(0),3.52,3,0.7379,0.0224
RNG(0),3.53,3,0.7379,0.0226
RNG(0),3.54,3,0.7378,0.0226
RNG(0),3.55,3,0.7377,0.0226
RNG(0),3.56,3,0.7377,0.0226
RNG(0),3.57,3,0.7377,0.0228
RNG(0),3.58,3,0.7376,0.0229
RNG(0),3.59,3,0.7376,0.0228
RNG(0),3.6,3,0.7375,0.0227
RNG(0),3.61,3,0.7374,0.0226
RNG(0),3.62,3,0.7375,0.0227
RNG(0),3.63,3,0.7374,0.0227
RNG(0),3.64,3,0.7373,0.0227
RNG(0),3.65,3,0.7372,0.0227
RNG(0),3.66,3,0.7371,0.0224
RNG(0),3.67,3,0.7371,0.0225
RNG(0),3.68,3,0.737,0.0226
RNG(0),3.69,3,0.737,0.0227
RNG(0),3.7,3,0.7369,0.0226
RNG(0),3.71,3,0.7368,0.0226
RNG(0),3.72,3,0.7368,0.0226
RNG(0),3.73,3,0.7367,0.0226
RNG(0),3.74,3,0.7366,0.0226
RNG(0),3.75,3,0.7366,0.0225
RNG(0),3.76,3,0.7365,0.0225
RNG(0),3.77,3,0.7365,0.0226
RNG(0),3.78,3,0.7364,0.0226
RNG(0),3.79,3,0.7364,0.0228
RNG(0),3.8,3,0.7363,0.0226
RNG(0),3.81,3,0.7363,0.0227
RNG(0),3.82,3,0.7362,0.0226
RNG(0),3.83,3,0.7362,0.0226
RNG(0),3.84,3,0.7362,0.0227
RNG(0),3.85,3,0.7361,0.0229
RNG(0),3.86,3,0.7361,0.023
RNG(0),3.87,3,0.7361,0.023
RNG(0),3.88,3,0.7361,0.023
RNG(0),3.89,3,0.736,0.0229
RNG(0),3.9,3,0.736,0.023
RNG(0),3.91,3,0.7359,0.0229
RNG(0),3.92,3,0.7358,0.0231
RNG(0),3.93,3,0.7358,0.0229
RNG(0),3.94,3,0.7358,0.023
RNG(0),3.95,3,0.7358,0.023
RNG(0),3.96,3,0.7358,0.023
RNG(0),3.97,3,0.7358,0.023
RNG(0),3.98,3,0.7358,0.023
RNG(0),3.99,3,0.7358,0.023
RNG(0),4.0,3,0.7357,0.023
RNG(0),4.01,3,0.7357,0.023
RNG(0),4.02,3,0.7357,0.023
RNG(0),4.03,3,0.7357,0.023
RNG(0),4.04,3,0.7357,0.0231
RNG(0),4.05,3,0.7357,0.0231
RNG(0),4.06,3,0.7357,0.0231
RNG(0),4.07,3,0.7357,0.0232
RNG(0),4.08,3,0.7357,0.0232
RNG(0),4.09,3,0.7357,0.0231
RNG(0),4.1,3,0.7357,0.0231
RNG(0),4.11,3,0.7357,0.0231
RNG(0),4.12,3,0.7357,0.0231
RNG(0),4.13,3,0.7357,0.0231
RNG(0),4.14,3,0.7357,0.0231
RNG(0),4.15,3,0.7357,0.0231
RNG(0),4.16,3,0.7357,0.0231
RNG(0),4.17,2,0.7393,0.0877
RNG(0),4.18,3,0.7357,0.0231
RNG(0),4.19,3,0.7357,0.0231
RNG(0),4.2,3,0.7357,0.0231
RNG(0),4.21,3,0.7357,0.0231
RNG(0),4.22,2,0.7392,0.0883
RNG(0),4.23,3,0.7357,0.0231
RNG(0),4.24,3,0.7357,0.0231
RNG(0),4.25,3,0.7357,0.0231
RNG(0),4.28,3,0.7357,0.0231
RNG(0),4.29,3,0.7357,0.0231
RNG(0),4.31,2,0.7392,0.0883
RNG(0),4.32,3,0.7357,0.0231
RNG(0),4.34,2,0.7392,0.0883
RNG(0),4.36,2,0.7392,0.0883
RNG(0),4.37,1,0.7323,0.0
RNG(0.05),0.99,3,0.6733,0.0161
RNG(0.05),1.0,3,0.6733,0.0161
RNG(0.05),1.01,3,0.6773,0.0161
RNG(0.05),1.02,3,0.6794,0.0165
RNG(0.05),1.03,3,0.6826,0.0182
RNG(0.05),1.04,3,0.6873,0.0176
RNG(0.05),1.05,3,0.6936,0.0189
RNG(0.05),1.06,3,0.7003,0.0183
RNG(0.05),1.07,3,0.7077,0.0203
RNG(0.05),1.08,3,0.7139,0.021
RNG(0.05),1.09,3,0.7199,0.0204
RNG(0.05),1.1,3,0.7249,0.0212
RNG(0.05),1.11,3,0.7288,0.0212
RNG(0.05),1.12,3,0.732,0.0213
RNG(0.05),1.13,3,0.7339,0.0219
RNG(0.05),1.14,3,0.7351,0.0215
RNG(0.05),1.15,3,0.736,0.0215
RNG(0.05),1.16,3,0.7366,0.0216
RNG(0.05),1.17,3,0.737,0.0217
RNG(0.05),1.18,3,0.7373,0.0217
RNG(0.05),1.19,3,0.7375,0.0216
RNG(0.05),1.2,3,0.7376,0.0213
RNG(0.05),1.21,3,0.7376,0.0213
RNG(0.05),1.22,3,0.7377,0.0216
RNG(0.05),1.23,3,0.7377,0.0217
RNG(0.05),1.24,3,0.7377,0.0219
RNG(0.05),1.25,3,0.7377,0.0218
RNG(0.05),1.26,3,0.7376,0.0218
RNG(0.05),1.27,3,0.7377,0.0216
RNG(0.05),1.28,3,0.7376,0.0218
RNG(0.05),1.29,3,0.7377,0.0219
RNG(0.05),1.3,3,0.7377,0.0221
RNG(0.05),1.31,3,0.7378,0.0222
RNG(0.05),1.32,3,0.7378,0.0223
RNG(0.05),1.33,3,0.7378,0.0222
RNG(0.05),1.34,3,0.7378,0.0219
RNG(0.05),1.35,3,0.7379,0.0219
RNG(0.05),1.36,3,0.738,0.0218
RNG(0.05),1.37,3,0.738,0.0216
RNG(0.05),1.38,3,0.7382,0.0212
RNG(0.05),1.39,3,0.7383,0.0214
RNG(0.05),1.4,3,0.7385,0.0216
RNG(0.05),1.41,3,0.7386,0.0217
RNG(0.05),1.42,3,0.7386,0.0214
RNG(0.05),1.43,3,0.7388,0.021
RNG(0.05),1.44,3,0.7388,0.0213
RNG(0.05),1.45,3,0.7389,0.0214
RNG(0.05),1.46,3,0.7389,0.0217
RNG(0.05),1.47,3,0.7391,0.0215
RNG(0.05),1.48,3,0.7392,0.0217
RNG(0.05),1.49,3,0.7393,0.0221
RNG(0.05),1.5,3,0.7393,0.0221
RNG(0.05),1.51,3,0.7392,0.0218
RNG(0.05),1.52,3,0.7394,0.0216
RNG(0.05),1.53,3,0.7395,0.0212
RNG(0.05),1.54,3,0.7397,0.0208
RNG(0.05),1.55,3,0.7398,0.021
RNG(0.05),1.56,3,0.7398,0.0214
RNG(0.05),1.57,3,0.74,0.0218
RNG(0.05),1.58,3,0.7401,0.0218
RNG(0.05),1.59,3,0.7404,0.022
RNG(0.05),1.6,3,0.7405,0.022
RNG(0.05),1.61,3,0.7408,0.0221
RNG(0.05),1.62,3,0.7409,0.0222
RNG(0.05),1.63,3,0.7412,0.0222
RNG(0.05),1.64,3,0.7415,0.022
RNG(0.05),1.65,3,0.7417,0.0217
RNG(0.05),1.66,3,0.7419,0.0215
RNG(0.05),1.67,3,0.7421,0.0216
RNG(0.05),1.68,3,0.7422,0.0217
RNG(0.05),1.69,3,0.7425,0.0217
RNG(0.05),1.7,3,0.7428,0.0214
RNG(0.05),1.71,3,0.7429,0.0212
RNG(0.05),1.72,3,0.743,0.021
RNG(0.05),1.73,3,0.7432,0.021
RNG(0.05),1.74,3,0.7431,0.0212
RNG(0.05),1.75,3,0.7431,0.0212
RNG(0.05),1.76,3,0.7432,0.0209
RNG(0.05),1.77,3,0.7431,0.0211
RNG(0.05),1.78,3,0.7431,0.0209
RNG(0.05),1.79,3,0.7431,0.0209
RNG(0.05),1.8,3,0.743,0.0208
RNG(0.05),1.81,3,0.743,0.0206
RNG(0.05),1.82,3,0.7431,0.0205
RNG(0.05),1.83,3,0.7432,0.0203
RNG(0.05),1.84,3,0.7432,0.0202
RNG(0.05),1.85,3,0.7432,0.0203
RNG(0.05),1.86,3,0.7431,0.02
RNG(0.05),1.87,3,0.7431,0.0203
RNG(0.05),1.88,3,0.7432,0.0202
RNG(0.05),1.89,3,0.7431,0.0201
RNG(0.05),1.9,3,0.7431,0.0199
RNG(0.05),1.91,3,0.7431,0.0202
RNG(0.05),1.92,3,0.7433,0.0203
RNG(0.05),1.93,3,0.7434,0.0205
RNG(0.05),1.94,3,0.7433,0.0203
RNG(0.05),1.95,3,0.7434,0.0203
RNG(0.05),1.96,3,0.7435,0.0204
RNG(0.05),1.97,3,0.7434,0.0201
RNG(0.05),1.98,3,0.7434,0.0203
RNG(0.05),1.99,3,0.7435,0.0203
RNG(0.05),2.0,3,0.7436,0.0203
RNG(0.05),2.01,3,0.7435,0.0199
RNG(0.05),2.02,3,0.7436,0.0197
RNG(0.05),2.03,3,0.7436,0.0199
RNG(0.05),2.04,3,0.7437,0.0196
RNG(0.05),2.05,3,0.7437,0.0197
RNG(0.05),2.06,3,0.7437,0.0198
RNG(0.05),2.07,3,0.7437,0.0197
RNG(0.05),2.08,3,0.7436,0.0197
RNG(0.05),2.09,3,0.7436,0.0201
RNG(0.05),2.1,3,0.7435,0.0198
RNG(0.05),2.11,3,0.7435,0.0198
RNG(0.05),2.12,3,0.7436,0.0202
RNG(0.05),2.13,3,0.7435,0.0205
RNG(0.05),2.14,3,0.7436,0.0206
RNG(0.05),2.15,3,0.7435,0.0206
RNG(0.05),2.16,3,0.7434,0.0208
RNG(0.05),2.17,3,0.7435,0.021
RNG(0.05),2.18,3,0.7434,0.0211
RNG(0.05),2.19,3,0.7433,0.0208
RNG(0.05),2.2,3,0.7434,0.0211
RNG(0.05),2.21,3,0.7434,0.0209
RNG(0.05),2.22,3,0.7434,0.0213
RNG(0.05),2.23,3,0.7433,0.0211
RNG(0.05),2.24,3,0.7433,0.0209
RNG(0.05),2.25,3,0.7432,0.0211
RNG(0.05),2.26,3,0.7431,0.0211
RNG(0.05),2.27,3,0.7431,0.021
RNG(0.05),2.28,3,0.743,0.0207
RNG(0.05),2.29,3,0.7429,0.0204
RNG(0.05),2.3,3,0.7428,0.0204
RNG(0.05),2.31,3,0.7427,0.0207
RNG(0.05),2.32,3,0.7426,0.0208
RNG(0.05),2.33,3,0.7426,0.0208
RNG(0.05),2.34,3,0.7425,0.0204
RNG(0.05),2.35,3,0.7424,0.0204
RNG(0.05),2.36,3,0.7423,0.0207
RNG(0.05),2.37,3,0.7423,0.0212
RNG(0.05),2.38,3,0.7423,0.0212
RNG(0.05),2.39,3,0.7424,0.0204
RNG(0.05),2.4,3,0.7423,0.0208
RNG(0.05),2.41,3,0.7423,0.0207
RNG(0.05),2.42,3,0.7422,0.0209
RNG(0.05),2.43,3,0.7422,0.0211
RNG(0.05),2.44,3,0.7422,0.0209
RNG(0.05),2.45,3,0.7422,0.0208
RNG(0.05),2.46,3,0.7421,0.0207
RNG(0.05),2.47,3,0.7419,0.0206
RNG(0.05),2.48,3,0.7418,0.0206
RNG(0.05),2.49,3,0.7418,0.0206
RNG(0.05),2.5,3,0.7419,0.0207
RNG(0.05),2.51,3,0.7419,0.0206
RNG(0.05),2.52,3,0.742,0.0203
RNG(0.05),2.53,3,0.7418,0.0204
RNG(0.05),2.54,3,0.7418,0.0203
RNG(0.05),2.55,3,0.7417,0.0206
RNG(0.05),2.56,3,0.7417,0.0206
RNG(0.05),2.57,3,0.7417,0.0203
RNG(0.05),2.58,3,0.7417,0.0204
RNG(0.05),2.59,3,0.7419,0.0205
RNG(0.05),2.6,3,0.7418,0.0205
RNG(0.05),2.61,3,0.7417,0.0207
RNG(0.05),2.62,3,0.7417,0.0208
RNG(0.05),2.63,3,0.7415,0.0207
RNG(0.05),2.64,3,0.7414,0.0206
RNG(0.05),2.65,3,0.7413,0.0206
RNG(0.05),2.66,3,0.7413,0.0206
RNG(0.05),2.67,3,0.7412,0.0206
RNG(0.05),2.68,3,0.7412,0.0209
RNG(0.05),2.69,3,0.7411,0.0213
RNG(0.05),2.7,3,0.7412,0.0214
RNG(0.05),2.71,3,0.7412,0.0214
RNG(0.05),2.72,3,0.741,0.0213
RNG(0.05),2.73,3,0.741,0.0214
RNG(0.05),2.74,3,0.7409,0.0211
RNG(0.05),2.75,3,0.7409,0.021
RNG(0.05),2.76,3,0.7408,0.021
RNG(0.05),2.77,3,0.7408,0.0208
RNG(0.05),2.78,3,0.7408,0.021
RNG(0.05),2.79,3,0.7406,0.0213
RNG(0.05),2.8,3,0.7405,0.0215
RNG(0.05),2.81,3,0.7404,0.0213
RNG(0.05),2.82,3,0.7403,0.0212
RNG(0.05),2.83,3,0.7401,0.0212
RNG(0.05),2.84,3,0.74,0.0212
RNG(0.05),2.85,3,0.7399,0.0212
RNG(0.05),2.86,3,0.7396,0.0215
RNG(0.05),2.87,3,0.7395,0.0215
RNG(0.05),2.88,3,0.7393,0.0219
RNG(0.05),2.89,3,0.7392,0.0215
RNG(0.05),2.9,3,0.7391,0.0217
RNG(0.05),2.91,3,0.7392,0.0212
RNG(0.05),2.92,3,0.7391,0.0212
RNG(0.05),2.93,3,0.739,0.0207
RNG(0.05),2.94,3,0.7389,0.0203
RNG(0.05),2.95,3,0.7388,0.0202
RNG(0.05),2.96,3,0.7387,0.0202
RNG(0.05),2.97,3,0.7388,0.0208
RNG(0.05),2.98,3,0.7386,0.0211
RNG(0.05),2.99,3,0.7385,0.0213
RNG(0.05),3.0,3,0.7384,0.0213
RNG(0.05),3.01,3,0.7383,0.0218
RNG(0.05),3.02,3,0.7382,0.0216
RNG(0.05),3.03,3,0.738,0.0215
RNG(0.05),3.04,3,0.7379,0.0221
RNG(0.05),3.05,3,0.7378,0.0222
RNG(0.05),3.06,3,0.7378,0.0223
RNG(0.05),3.07,3,0.7376,0.0223
RNG(0.05),3.08,3,0.7375,0.0228
RNG(0.05),3.09,3,0.7374,0.023
RNG(0.05),3.1,3,0.7373,0.0229
RNG(0.05),3.11,3,0.7372,0.023
RNG(0.05),3.12,3,0.7371,0.023
RNG(0.05),3.13,3,0.7371,0.0229
RNG(0.05),3.14,3,0.737,0.023
RNG(0.05),3.15,3,0.737,0.023
RNG(0.05),3.16,3,0.737,0.0229
RNG(0.05),3.17,3,0.737,0.0232
RNG(0.05),3.18,3,0.737,0.0231
RNG(0.05),3.19,3,0.737,0.0227
RNG(0.05),3.2,3,0.7368,0.023
RNG(0.05),3.21,3,0.7367,0.023
RNG(0.05),3.22,3,0.7365,0.0235
RNG(0.05),3.23,3,0.7365,0.0235
RNG(0.05),3.24,3,0.7364,0.0236
RNG(0.05),3.25,3,0.7364,0.0235
RNG(0.05),3.26,3,0.7364,0.0234
RNG(0.05),3.27,3,0.7363,0.0231
RNG(0.05),3.28,3,0.7362,0.023
RNG(0.05),3.29,3,0.7362,0.023
RNG(0.05),3.3,3,0.7362,0.0228
RNG(0.05),3.31,3,0.7363,0.023
RNG(0.05),3.32,3,0.7362,0.0228
RNG(0.05),3.33,3,0.7362,0.0231
RNG(0.05),3.34,3,0.7361,0.023
RNG(0.05),3.35,3,0.7362,0.0229
RNG(0.05),3.36,3,0.7362,0.0227
RNG(0.05),3.37,3,0.7361,0.0225
RNG(0.05),3.38,3,0.7361,0.0225
RNG(0.05),3.39,3,0.736,0.0228
RNG(0.05),3.4,3,0.7362,0.0229
RNG(0.05),3.41,3,0.7361,0.0228
RNG(0.05),3.42,3,0.7361,0.023
RNG(0.05),3.43,3,0.7361,0.023
RNG(0.05),3.44,3,0.7361,0.0231
RNG(0.05),3.45,3,0.7361,0.0229
RNG(0.05),3.46,3,0.7359,0.023
RNG(0.05),3.47,3,0.7359,0.0229
RNG(0.05),3.48,3,0.7358,0.0229
RNG(0.05),3.49,3,0.7357,0.0228
RNG(0.05),3.5,3,0.7357,0.0227
RNG(0.05),3.51,3,0.7356,0.0227
RNG(0.05),3.52,3,0.7355,0.0227
RNG(0.05),3.53,3,0.7356,0.0229
RNG(0.05),3.54,3,0.7355,0.0228
RNG(0.05),3.55,3,0.7354,0.0229
RNG(0.05),3.56,3,0.7354,0.0229
RNG(0.05),3.57,3,0.7353,0.023
RNG(0.05),3.58,3,0.7353,0.0231
RNG(0.05),3.59,3,0.7352,0.023
RNG(0.05),3.6,3,0.7351,0.0232
RNG(0.05),3.61,3,0.7351,0.0228
RNG(0.05),3.62,3,0.7352,0.0228
RNG(0.05),3.63,3,0.7351,0.0228
RNG(0.05),3.64,3,0.7351,0.0229
RNG(0.05),3.65,3,0.735,0.0228
RNG(0.05),3.66,3,0.7349,0.0226
RNG(0.05),3.67,3,0.7348,0.0227
RNG(0.05),3.68,3,0.7347,0.0228
RNG(0.05),3.69,3,0.7347,0.0229
RNG(0.05),3.7,3,0.7347,0.0227
RNG(0.05),3.71,3,0.7346,0.0226
RNG(0.05),3.72,3,0.7346,0.0226
RNG(0.05),3.73,3,0.7346,0.0227
RNG(0.05),3.74,3,0.7345,0.0227
RNG(0.05),3.75,3,0.7344,0.0227
RNG(0.05),3.76,3,0.7344,0.0227
RNG(0.05),3.77,3,0.7343,0.0228
RNG(0.05),3.78,3,0.7343,0.0229
RNG(0.05),3.79,3,0.7342,0.023
RNG(0.05),3.8,3,0.7342,0.0229
RNG(0.05),3.81,3,0.7342,0.023
RNG(0.05),3.82,3,0.7341,0.023
RNG(0.05),3.83,3,0.7341,0.0229
RNG(0.05),3.84,3,0.7341,0.023
RNG(0.05),3.85,3,0.734,0.0231
RNG(0.05),3.86,3,0.734,0.0232
RNG(0.05),3.87,3,0.7339,0.0232
RNG(0.05),3.88,3,0.7339,0.0232
RNG(0.05),3.89,3,0.7338,0.0234
RNG(0.05),3.9,3,0.7338,0.0234
RNG(0.05),3.91,3,0.7338,0.0234
RNG(0.05),3.92,3,0.7337,0.0234
RNG(0.05),3.93,3,0.7336,0.023
RNG(0.05),3.94,3,0.7335,0.0232
RNG(0.05),3.95,3,0.7335,0.0232
RNG(0.05),3.96,3,0.7336,0.0233
RNG(0.05),3.97,3,0.7336,0.0234
RNG(0.05),3.98,3,0.7336,0.0232
RNG(0.05),3.99,3,0.7336,0.0232
RNG(0.05),4.0,3,0.7336,0.0233
RNG(0.05),4.01,3,0.7336,0.0232
RNG(0.05),4.02,3,0.7336,0.0232
RNG(0.05),4.03,3,0.7336,0.0232
RNG(0.05),4.04,3,0.7336,0.0233
RNG(0.05),4.05,3,0.7336,0.0233
RNG(0.05),4.06,3,0.7336,0.0233
RNG(0.05),4.07,3,0.7337,0.0235
RNG(0.05),4.08,3,0.7337,0.0235
RNG(0.05),4.09,3,0.7337,0.0234
RNG(0.05),4.1,3,0.7337,0.0234
RNG(0.05),4.11,3,0.7337,0.0234
RNG(0.05),4.12,3,0.7337,0.0233
RNG(0.05),4.13,3,0.7337,0.0233
RNG(0.05),4.14,3,0.7337,0.0233
RNG(0.05),4.15,3,0.7337,0.0233
RNG(0.05),4.16,3,0.7337,0.0233
RNG(0.05),4.17,2,0.7368,0.0978
RNG(0.05),4.18,3,0.7337,0.0233
RNG(0.05),4.19,3,0.7336,0.0231
RNG(0.05),4.2,3,0.7336,0.0231
RNG(0.05),4.21,3,0.7336,0.0231
RNG(0.05),4.22,2,0.7367,0.0972
RNG(0.05),4.23,3,0.7336,0.0231
RNG(0.05),4.24,3,0.7336,0.0231
RNG(0.05),4.25,3,0.7336,0.0231
RNG(0.05),4.28,3,0.7336,0.0231
RNG(0.05),4.29,3,0.7336,0.0231
RNG(0.05),4.31,2,0.7367,0.0972
RNG(0.05),4.32,3,0.7336,0.0231
RNG(0.05),4.34,2,0.7367,0.0972
RNG(0.05),4.36,2,0.7367,0.0972
RNG(0.05),4.37,1,0.729,0.0
RNG(0.1),0.99,3,0.6733,0.0161
RNG(0.1),1.0,3,0.6733,0.0161
RNG(0.1),1.01,3,0.6768,0.0163
RNG(0.1),1.02,3,0.6787,0.0168
RNG(0.1),1.03,3,0.6817,0.0183
RNG(0.1),1.04,3,0.686,0.0175
RNG(0.1),1.05,3,0.6918,0.0185
RNG(0.1),1.06,3,0.6982,0.0184
RNG(0.1),1.07,3,0.7052,0.02
RNG(0.1),1.08,3,0.7112,0.0207
RNG(0.1),1.09,3,0.7169,0.0199
RNG(0.1),1.1,3,0.7219,0.0206
RNG(0.1),1.11,3,0.7258,0.0207
RNG(0.1),1.12,3,0.729,0.0205
RNG(0.1),1.13,3,0.7308,0.0214
RNG(0.1),1.14,3,0.732,0.0207
RNG(0.1),1.15,3,0.7329,0.0208
RNG(0.1),1.16,3,0.7336,0.0208
RNG(0.1),1.17,3,0.7339,0.0207
RNG(0.1),1.18,3,0.7342,0.0207
RNG(0.1),1.19,3,0.7344,0.0206
RNG(0.1),1.2,3,0.7344,0.0204
RNG(0.1),1.21,3,0.7345,0.0205
RNG(0.1),1.22,3,0.7346,0.0206
RNG(0.1),1.23,3,0.7346,0.0207
RNG(0.1),1.24,3,0.7347,0.0207
RNG(0.1),1.25,3,0.7347,0.0207
RNG(0.1),1.26,3,0.7346,0.0208
RNG(0.1),1.27,3,0.7347,0.0206
RNG(0.1),1.28,3,0.7347,0.0205
RNG(0.1),1.29,3,0.7348,0.0207
RNG(0.1),1.3,3,0.7349,0.0208
RNG(0.1),1.31,3,0.735,0.0208
RNG(0.1),1.32,3,0.735,0.0206
RNG(0.1),1.33,3,0.7351,0.0205
RNG(0.1),1.34,3,0.7352,0.0203
RNG(0.1),1.35,3,0.7352,0.0203
RNG(0.1),1.36,3,0.7353,0.0202
RNG(0.1),1.37,3,0.7354,0.0201
RNG(0.1),1.38,3,0.7356,0.0197
RNG(0.1),1.39,3,0.7357,0.0198
RNG(0.1),1.4,3,0.7361,0.02
RNG(0.1),1.41,3,0.7362,0.0201
RNG(0.1),1.42,3,0.7363,0.0201
RNG(0.1),1.43,3,0.7366,0.0195
RNG(0.1),1.44,3,0.7366,0.0197
RNG(0.1),1.45,3,0.7367,0.0199
RNG(0.1),1.46,3,0.7368,0.0202
RNG(0.1),1.47,3,0.737,0.0201
RNG(0.1),1.48,3,0.7372,0.02
RNG(0.1),1.49,3,0.7374,0.0206
RNG(0.1),1.5,3,0.7374,0.0206
RNG(0.1),1.51,3,0.7374,0.0203
RNG(0.1),1.52,3,0.7376,0.0203
RNG(0.1),1.53,3,0.7378,0.0198
RNG(0.1),1.54,3,0.738,0.0197
RNG(0.1),1.55,3,0.7382,0.0198
RNG(0.1),1.56,3,0.7382,0.0201
RNG(0.1),1.57,3,0.7384,0.0203
RNG(0.1),1.58,3,0.7386,0.0201
RNG(0.1),1.59,3,0.7389,0.0203
RNG(0.1),1.6,3,0.739,0.0204
RNG(0.1),1.61,3,0.7394,0.0201
RNG(0.1),1.62,3,0.7396,0.0204
RNG(0.1),1.63,3,0.7398,0.0203
RNG(0.1),1.64,3,0.7401,0.0203
RNG(0.1),1.65,3,0.7404,0.02
RNG(0.1),1.66,3,0.7407,0.0199
RNG(0.1),1.67,3,0.7409,0.0199
RNG(0.1),1.68,3,0.7411,0.02
RNG(0.1),1.69,3,0.7413,0.0198
RNG(0.1),1.7,3,0.7416,0.0198
RNG(0.1),1.71,3,0.7417,0.0196
RNG(0.1),1.72,3,0.7419,0.0195
RNG(0.1),1.73,3,0.7421,0.0196
RNG(0.1),1.74,3,0.7422,0.0198
RNG(0.1),1.75,3,0.7422,0.0201
RNG(0.1),1.76,3,0.7423,0.0199
RNG(0.1),1.77,3,0.7424,0.02
RNG(0.1),1.78,3,0.7424,0.0198
RNG(0.1),1.79,3,0.7423,0.0197
RNG(0.1),1.8,3,0.7424,0.0198
RNG(0.1),1.81,3,0.7424,0.0197
RNG(0.1),1.82,3,0.7424,0.0195
RNG(0.1),1.83,3,0.7425,0.0194
RNG(0.1),1.84,3,0.7426,0.0193
RNG(0.1),1.85,3,0.7426,0.0193
RNG(0.1),1.86,3,0.7426,0.019
RNG(0.1),1.87,3,0.7427,0.0191
RNG(0.1),1.88,3,0.7427,0.019
RNG(0.1),1.89,3,0.7426,0.0188
RNG(0.1),1.9,3,0.7427,0.0187
RNG(0.1),1.91,3,0.7427,0.0189
RNG(0.1),1.92,3,0.743,0.0191
RNG(0.1),1.93,3,0.7431,0.0192
RNG(0.1),1.94,3,0.743,0.0191
RNG(0.1),1.95,3,0.7431,0.019
RNG(0.1),1.96,3,0.7432,0.0191
RNG(0.1),1.97,3,0.7433,0.0191
RNG(0.1),1.98,3,0.7434,0.0193
RNG(0.1),1.99,3,0.7434,0.0194
RNG(0.1),2.0,3,0.7435,0.0193
RNG(0.1),2.01,3,0.7435,0.0191
RNG(0.1),2.02,3,0.7436,0.0189
RNG(0.1),2.03,3,0.7436,0.0191
RNG(0.1),2.04,3,0.7437,0.0189
RNG(0.1),2.05,3,0.7437,0.019
RNG(0.1),2.06,3,0.7438,0.0191
RNG(0.1),2.07,3,0.7438,0.0189
RNG(0.1),2.08,3,0.7438,0.0189
RNG(0.1),2.09,3,0.7437,0.0191
RNG(0.1),2.1,3,0.7437,0.0189
RNG(0.1),2.11,3,0.7438,0.019
RNG(0.1),2.12,3,0.7439,0.0193
RNG(0.1),2.13,3,0.7439,0.0193
RNG(0.1),2.14,3,0.7439,0.0194
RNG(0.1),2.15,3,0.7439,0.0194
RNG(0.1),2.16,3,0.7439,0.0194
RNG(0.1),2.17,3,0.7439,0.0195
RNG(0.1),2.18,3,0.7439,0.0198
RNG(0.1),2.19,3,0.7439,0.0196
RNG(0.1),2.2,3,0.744,0.0197
RNG(0.1),2.21,3,0.744,0.0196
RNG(0.1),2.22,3,0.744,0.02
RNG(0.1),2.23,3,0.744,0.0196
RNG(0.1),2.24,3,0.7439,0.0197
RNG(0.1),2.25,3,0.7439,0.0197
RNG(0.1),2.26,3,0.7438,0.0196
RNG(0.1),2.27,3,0.7439,0.0196
RNG(0.1),2.28,3,0.7438,0.0196
RNG(0.1),2.29,3,0.7438,0.0194
RNG(0.1),2.3,3,0.7437,0.0192
RNG(0.1),2.31,3,0.7437,0.0193
RNG(0.1),2.32,3,0.7437,0.0196
RNG(0.1),2.33,3,0.7437,0.0196
RNG(0.1),2.34,3,0.7436,0.0192
RNG(0.1),2.35,3,0.7436,0.0193
RNG(0.1),2.36,3,0.7435,0.0194
RNG(0.1),2.37,3,0.7436,0.02
RNG(0.1),2.38,3,0.7436,0.0201
RNG(0.1),2.39,3,0.7438,0.0193
RNG(0.1),2.4,3,0.7438,0.0195
RNG(0.1),2.41,3,0.7438,0.0194
RNG(0.1),2.42,3,0.7437,0.0194
RNG(0.1),2.43,3,0.7438,0.0194
RNG(0.1),2.44,3,0.7438,0.0192
RNG(0.1),2.45,3,0.7439,0.0193
RNG(0.1),2.46,3,0.7439,0.0191
RNG(0.1),2.47,3,0.7438,0.0191
RNG(0.1),2.48,3,0.7437,0.0193
RNG(0.1),2.49,3,0.7437,0.019
RNG(0.1),2.5,3,0.7438,0.0189
RNG(0.1),2.51,3,0.7438,0.0191
RNG(0.1),2.52,3,0.7437,0.0188
RNG(0.1),2.53,3,0.7437,0.0189
RNG(0.1),2.54,3,0.7437,0.0188
RNG(0.1),2.55,3,0.7437,0.0189
RNG(0.1),2.56,3,0.7437,0.0189
RNG(0.1),2.57,3,0.7437,0.0189
RNG(0.1),2.58,3,0.7437,0.0188
RNG(0.1),2.59,3,0.7438,0.019
RNG(0.1),2.6,3,0.7438,0.019
RNG(0.1),2.61,3,0.7438,0.0193
RNG(0.1),2.62,3,0.7437,0.0194
RNG(0.1),2.63,3,0.7436,0.0193
RNG(0.1),2.64,3,0.7435,0.0194
RNG(0.1),2.65,3,0.7435,0.0193
RNG(0.1),2.66,3,0.7434,0.0194
RNG(0.1),2.67,3,0.7433,0.0194
RNG(0.1),2.68,3,0.7433,0.0196
RNG(0.1),2.69,3,0.7433,0.02
RNG(0.1),2.7,3,0.7434,0.0201
RNG(0.1),2.71,3,0.7434,0.0202
RNG(0.1),2.72,3,0.7433,0.02
RNG(0.1),2.73,3,0.7432,0.0201
RNG(0.1),2.74,3,0.7432,0.0199
RNG(0.1),2.75,3,0.7432,0.0198
RNG(0.1),2.76,3,0.7432,0.0199
RNG(0.1),2.77,3,0.7431,0.0198
RNG(0.1),2.78,3,0.7431,0.0198
RNG(0.1),2.79,3,0.743,0.0199
RNG(0.1),2.8,3,0.743,0.02
RNG(0.1),2.81,3,0.7429,0.02
RNG(0.1),2.82,3,0.7429,0.02
RNG(0.1),2.83,3,0.7427,0.0198
RNG(0.1),2.84,3,0.7426,0.0199
RNG(0.1),2.85,3,0.7426,0.0198
RNG(0.1),2.86,3,0.7425,0.02
RNG(0.1),2.87,3,0.7424,0.02
RNG(0.1),2.88,3,0.7423,0.0202
RNG(0.1),2.89,3,0.7421,0.0201
RNG(0.1),2.9,3,0.7421,0.0202
RNG(0.1),2.91,3,0.7421,0.0198
RNG(0.1),2.92,3,0.7421,0.0195
RNG(0.1),2.93,3,0.7421,0.019
RNG(0.1),2.94,3,0.742,0.0186
RNG(0.1),2.95,3,0.742,0.0186
RNG(0.1),2.96,3,0.7419,0.0187
RNG(0.1),2.97,3,0.742,0.0192
RNG(0.1),2.98,3,0.742,0.0195
RNG(0.1),2.99,3,0.7419,0.0197
RNG(0.1),3.0,3,0.7418,0.0195
RNG(0.1),3.01,3,0.7418,0.0198
RNG(0.1),3.02,3,0.7418,0.0197
RNG(0.1),3.03,3,0.7417,0.0196
RNG(0.1),3.04,3,0.7418,0.0201
RNG(0.1),3.05,3,0.7416,0.0202
RNG(0.1),3.06,3,0.7416,0.0203
RNG(0.1),3.07,3,0.7414,0.0202
RNG(0.1),3.08,3,0.7414,0.0203
RNG(0.1),3.09,3,0.7412,0.0207
RNG(0.1),3.1,3,0.7411,0.0206
RNG(0.1),3.11,3,0.7411,0.0207
RNG(0.1),3.12,3,0.7411,0.0205
RNG(0.1),3.13,3,0.741,0.0205
RNG(0.1),3.14,3,0.741,0.0205
RNG(0.1),3.15,3,0.7409,0.0206
RNG(0.1),3.16,3,0.741,0.0206
RNG(0.1),3.17,3,0.7411,0.021
RNG(0.1),3.18,3,0.741,0.0208
RNG(0.1),3.19,3,0.741,0.0205
RNG(0.1),3.2,3,0.7409,0.0206
RNG(0.1),3.21,3,0.7409,0.0205
RNG(0.1),3.22,3,0.7407,0.0208
RNG(0.1),3.23,3,0.7407,0.0208
RNG(0.1),3.24,3,0.7407,0.0209
RNG(0.1),3.25,3,0.7407,0.0208
RNG(0.1),3.26,3,0.7407,0.0208
RNG(0.1),3.27,3,0.7407,0.0207
RNG(0.1),3.28,3,0.7406,0.0206
RNG(0.1),3.29,3,0.7406,0.0208
RNG(0.1),3.3,3,0.7408,0.0205
RNG(0.1),3.31,3,0.7408,0.0207
RNG(0.1),3.32,3,0.7407,0.0206
RNG(0.1),3.33,3,0.7407,0.0207
RNG(0.1),3.34,3,0.7407,0.0207
RNG(0.1),3.35,3,0.7407,0.0207
RNG(0.1),3.36,3,0.7407,0.0205
RNG(0.1),3.37,3,0.7407,0.0205
RNG(0.1),3.38,3,0.7406,0.0206
RNG(0.1),3.39,3,0.7406,0.0205
RNG(0.1),3.4,3,0.7408,0.0208
RNG(0.1),3.41,3,0.7408,0.0209
RNG(0.1),3.42,3,0.7408,0.0211
RNG(0.1),3.43,3,0.7408,0.021
RNG(0.1),3.44,3,0.7408,0.0211
RNG(0.1),3.45,3,0.7408,0.0209
RNG(0.1),3.46,3,0.7407,0.0212
RNG(0.1),3.47,3,0.7407,0.0211
RNG(0.1),3.48,3,0.7406,0.0213
RNG(0.1),3.49,3,0.7406,0.0212
RNG(0.1),3.5,3,0.7405,0.0211
RNG(0.1),3.51,3,0.7405,0.0211
RNG(0.1),3.52,3,0.7405,0.0212
RNG(0.1),3.53,3,0.7404,0.0212
RNG(0.1),3.54,3,0.7404,0.0213
RNG(0.1),3.55,3,0.7403,0.0215
RNG(0.1),3.56,3,0.7403,0.0215
RNG(0.1),3.57,3,0.7403,0.0215
RNG(0.1),3.58,3,0.7403,0.0216
RNG(0.1),3.59,3,0.7402,0.0215
RNG(0.1),3.6,3,0.7402,0.0215
RNG(0.1),3.61,3,0.7402,0.0213
RNG(0.1),3.62,3,0.7402,0.0212
RNG(0.1),3.63,3,0.7401,0.0212
RNG(0.1),3.64,3,0.7401,0.0213
RNG(0.1),3.65,3,0.7403,0.0208
RNG(0.1),3.66,3,0.7402,0.0206
RNG(0.1),3.67,3,0.7401,0.0208
RNG(0.1),3.68,3,0.7401,0.0208
RNG(0.1),3.69,3,0.7401,0.0207
RNG(0.1),3.7,3,0.74,0.0208
RNG(0.1),3.71,3,0.74,0.0207
RNG(0.1),3.72,3,0.74,0.0207
RNG(0.1),3.73,3,0.74,0.0209
RNG(0.1),3.74,3,0.7399,0.0209
RNG(0.1),3.75,3,0.7399,0.0207
RNG(0.1),3.76,3,0.7398,0.0206
RNG(0.1),3.77,3,0.7398,0.0208
RNG(0.1),3.78,3,0.7398,0.0207
RNG(0.1),3.79,3,0.7398,0.0207
RNG(0.1),3.8,3,0.7397,0.0209
RNG(0.1),3.81,3,0.7397,0.0209
RNG(0.1),3.82,3,0.7397,0.0207
RNG(0.1),3.83,3,0.7397,0.0207
RNG(0.1),3.84,3,0.7397,0.0207
RNG(0.1),3.85,3,0.7396,0.0209
RNG(0.1),3.86,3,0.7395,0.021
RNG(0.1),3.87,3,0.7395,0.021
RNG(0.1),3.88,3,0.7395,0.021
RNG(0.1),3.89,3,0.7394,0.0211
RNG(0.1),3.9,3,0.7394,0.0211
RNG(0.1),3.91,3,0.7394,0.0211
RNG(0.1),3.92,3,0.7394,0.0212
RNG(0.1),3.93,3,0.7393,0.0209
RNG(0.1),3.94,3,0.7392,0.0209
RNG(0.1),3.95,3,0.7392,0.0209
RNG(0.1),3.96,3,0.7392,0.021
RNG(0.1),3.97,3,0.7392,0.021
RNG(0.1),3.98,3,0.7392,0.0208
RNG(0.1),3.99,3,0.7392,0.0208
RNG(0.1),4.0,3,0.7393,0.0209
RNG(0.1),4.01,3,0.7392,0.0209
RNG(0.1),4.02,3,0.7392,0.0209
RNG(0.1),4.03,3,0.7392,0.0209
RNG(0.1),4.04,3,0.7392,0.0209
RNG(0.1),4.05,3,0.7392,0.0209
RNG(0.1),4.06,3,0.7392,0.0211
RNG(0.1),4.07,3,0.7392,0.021
RNG(0.1),4.08,3,0.7392,0.021
RNG(0.1),4.09,3,0.7392,0.021
RNG(0.1),4.1,3,0.7392,0.021
RNG(0.1),4.11,3,0.7392,0.021
RNG(0.1),4.12,3,0.7392,0.021
RNG(0.1),4.13,3,0.7392,0.021
RNG(0.1),4.14,3,0.7392,0.021
RNG(0.1),4.15,3,0.7392,0.021
RNG(0.1),4.16,3,0.7392,0.021
RNG(0.1),4.17,2,0.7417,0.0928
RNG(0.1),4.18,3,0.7392,0.021
RNG(0.1),4.19,3,0.7391,0.0208
RNG(0.1),4.2,3,0.7391,0.0208
RNG(0.1),4.21,3,0.7391,0.0208
RNG(0.1),4.22,2,0.7415,0.0921
RNG(0.1),4.23,3,0.7391,0.0208
RNG(0.1),4.24,3,0.7391,0.0208
RNG(0.1),4.25,3,0.7391,0.0208
RNG(0.1),4.28,3,0.7391,0.0208
RNG(0.1),4.29,3,0.7391,0.0208
RNG(0.1),4.31,2,0.7415,0.0921
RNG(0.1),4.32,3,0.7391,0.0208
RNG(0.1),4.34,2,0.7415,0.0921
RNG(0.1),4.36,2,0.7415,0.0921
RNG(0.1),4.37,1,0.7343,0.0
RNG(0.2),0.99,3,0.6733,0.0161
RNG(0.2),1.0,3,0.6733,0.0161
RNG(0.2),1.01,3,0.6759,0.0161
RNG(0.2),1.02,3,0.6773,0.0163
RNG(0.2),1.03,3,0.6794,0.018
RNG(0.2),1.04,3,0.683,0.0178
RNG(0.2),1.05,3,0.6876,0.019
RNG(0.2),1.06,3,0.6928,0.0192
RNG(0.2),1.07,3,0.6987,0.0212
RNG(0.2),1.08,3,0.704,0.022
RNG(0.2),1.09,3,0.709,0.0219
RNG(0.2),1.1,3,0.7137,0.0225
RNG(0.2),1.11,3,0.717,0.0222
RNG(0.2),1.12,3,0.7198,0.022
RNG(0.2),1.13,3,0.7215,0.0223
RNG(0.2),1.14,3,0.7227,0.0219
RNG(0.2),1.15,3,0.7235,0.0216
RNG(0.2),1.16,3,0.7241,0.0216
RNG(0.2),1.17,3,0.7244,0.0214
RNG(0.2),1.18,3,0.7247,0.0214
RNG(0.2),1.19,3,0.7249,0.0213
RNG(0.2),1.2,3,0.7251,0.0215
RNG(0.2),1.21,3,0.7251,0.0214
RNG(0.2),1.22,3,0.7252,0.0215
RNG(0.2),1.23,3,0.7252,0.0216
RNG(0.2),1.24,3,0.7254,0.0215
RNG(0.2),1.25,3,0.7253,0.0216
RNG(0.2),1.26,3,0.7254,0.0215
RNG(0.2),1.27,3,0.7254,0.0213
RNG(0.2),1.28,3,0.7255,0.0214
RNG(0.2),1.29,3,0.7255,0.0215
RNG(0.2),1.3,3,0.7257,0.0216
RNG(0.2),1.31,3,0.7258,0.0213
RNG(0.2),1.32,3,0.7259,0.0214
RNG(0.2),1.33,3,0.7259,0.0213
RNG(0.2),1.34,3,0.726,0.021
RNG(0.2),1.35,3,0.7262,0.0209
RNG(0.2),1.36,3,0.7263,0.0209
RNG(0.2),1.37,3,0.7264,0.0208
RNG(0.2),1.38,3,0.7265,0.0205
RNG(0.2),1.39,3,0.7268,0.0205
RNG(0.2),1.4,3,0.7272,0.0206
RNG(0.2),1.41,3,0.7273,0.021
RNG(0.2),1.42,3,0.7274,0.0208
RNG(0.2),1.43,3,0.7277,0.0204
RNG(0.2),1.44,3,0.7278,0.0206
RNG(0.2),1.45,3,0.728,0.0207
RNG(0.2),1.46,3,0.7281,0.0212
RNG(0.2),1.47,3,0.7284,0.0209
RNG(0.2),1.48,3,0.7286,0.021
RNG(0.2),1.49,3,0.7288,0.0215
RNG(0.2),1.5,3,0.7288,0.0215
RNG(0.2),1.51,3,0.7289,0.0213
RNG(0.2),1.52,3,0.7292,0.0214
RNG(0.2),1.53,3,0.7295,0.0211
RNG(0.2),1.54,3,0.7297,0.021
RNG(0.2),1.55,3,0.7299,0.0209
RNG(0.2),1.56,3,0.73,0.0214
RNG(0.2),1.57,3,0.7302,0.0216
RNG(0.2),1.58,3,0.7304,0.0214
RNG(0.2),1.59,3,0.7306,0.0215
RNG(0.2),1.6,3,0.7308,0.0212
RNG(0.2),1.61,3,0.7312,0.0211
RNG(0.2),1.62,3,0.7314,0.021
RNG(0.2),1.63,3,0.7317,0.0213
RNG(0.2),1.64,3,0.7319,0.0211
RNG(0.2),1.65,3,0.7322,0.0208
RNG(0.2),1.66,3,0.7325,0.0209
RNG(0.2),1.67,3,0.7327,0.0208
RNG(0.2),1.68,3,0.7329,0.0208
RNG(0.2),1.69,3,0.7331,0.0208
RNG(0.2),1.7,3,0.7334,0.0208
RNG(0.2),1.71,3,0.7336,0.0207
RNG(0.2),1.72,3,0.7338,0.0204
RNG(0.2),1.73,3,0.734,0.0208
RNG(0.2),1.74,3,0.7341,0.021
RNG(0.2),1.75,3,0.7342,0.021
RNG(0.2),1.76,3,0.7343,0.021
RNG(0.2),1.77,3,0.7344,0.0212
RNG(0.2),1.78,3,0.7344,0.021
RNG(0.2),1.79,3,0.7346,0.0209
RNG(0.2),1.8,3,0.7346,0.021
RNG(0.2),1.81,3,0.7346,0.021
RNG(0.2),1.82,3,0.7348,0.0209
RNG(0.2),1.83,3,0.7348,0.021
RNG(0.2),1.84,3,0.7349,0.0209
RNG(0.2),1.85,3,0.7349,0.0208
RNG(0.2),1.86,3,0.735,0.0208
RNG(0.2),1.87,3,0.7351,0.021
RNG(0.2),1.88,3,0.7351,0.021
RNG(0.2),1.89,3,0.7352,0.0209
RNG(0.2),1.9,3,0.7352,0.0208
RNG(0.2),1.91,3,0.7354,0.0209
RNG(0.2),1.92,3,0.7354,0.0208
RNG(0.2),1.93,3,0.7354,0.0208
RNG(0.2),1.94,3,0.7355,0.0207
RNG(0.2),1.95,3,0.7356,0.0204
RNG(0.2),1.96,3,0.7357,0.0205
RNG(0.2),1.97,3,0.7357,0.0204
RNG(0.2),1.98,3,0.7359,0.0207
RNG(0.2),1.99,3,0.736,0.0205
RNG(0.2),2.0,3,0.736,0.0204
RNG(0.2),2.01,3,0.736,0.0204
RNG(0.2),2.02,3,0.7361,0.0202
RNG(0.2),2.03,3,0.7362,0.0204
RNG(0.2),2.04,3,0.7363,0.0202
RNG(0.2),2.05,3,0.7363,0.0202
RNG(0.2),2.06,3,0.7364,0.0202
RNG(0.2),2.07,3,0.7365,0.0204
RNG(0.2),2.08,3,0.7365,0.0203
RNG(0.2),2.09,3,0.7366,0.0203
RNG(0.2),2.1,3,0.7366,0.02
RNG(0.2),2.11,3,0.7367,0.0202
RNG(0.2),2.12,3,0.7368,0.0202
RNG(0.2),2.13,3,0.7369,0.0203
RNG(0.2),2.14,3,0.737,0.0203
RNG(0.2),2.15,3,0.7369,0.0203
RNG(0.2),2.16,3,0.737,0.0204
RNG(0.2),2.17,3,0.7371,0.0205
RNG(0.2),2.18,3,0.7371,0.0206
RNG(0.2),2.19,3,0.7372,0.0205
RNG(0.2),2.2,3,0.7374,0.0206
RNG(0.2),2.21,3,0.7374,0.0205
RNG(0.2),2.22,3,0.7374,0.0209
RNG(0.2),2.23,3,0.7374,0.0208
RNG(0.2),2.24,3,0.7375,0.0206
RNG(0.2),2.25,3,0.7375,0.0206
RNG(0.2),2.26,3,0.7375,0.0207
RNG(0.2),2.27,3,0.7376,0.0208
RNG(0.2),2.28,3,0.7376,0.0208
RNG(0.2),2.29,3,0.7377,0.0205
RNG(0.2),2.3,3,0.7377,0.0204
RNG(0.2),2.31,3,0.7377,0.0204
RNG(0.2),2.32,3,0.7377,0.0206
RNG(0.2),2.33,3,0.7377,0.0205
RNG(0.2),2.34,3,0.7377,0.0204
RNG(0.2),2.35,3,0.7378,0.0204
RNG(0.2),2.36,3,0.7378,0.0207
RNG(0.2),2.37,3,0.7379,0.0211
RNG(0.2),2.38,3,0.7379,0.0212
RNG(0.2),2.39,3,0.7382,0.0206
RNG(0.2),2.4,3,0.7383,0.0207
RNG(0.2),2.41,3,0.7383,0.0207
RNG(0.2),2.42,3,0.7383,0.0207
RNG(0.2),2.43,3,0.7383,0.0206
RNG(0.2),2.44,3,0.7384,0.0207
RNG(0.2),2.45,3,0.7385,0.0209
RNG(0.2),2.46,3,0.7385,0.0207
RNG(0.2),2.47,3,0.7384,0.0208
RNG(0.2),2.48,3,0.7384,0.0209
RNG(0.2),2.49,3,0.7384,0.0209
RNG(0.2),2.5,3,0.7385,0.0207
RNG(0.2),2.51,3,0.7386,0.0207
RNG(0.2),2.52,3,0.7385,0.0207
RNG(0.2),2.53,3,0.7385,0.0205
RNG(0.2),2.54,3,0.7386,0.0204
RNG(0.2),2.55,3,0.7386,0.0207
RNG(0.2),2.56,3,0.7387,0.0206
RNG(0.2),2.57,3,0.7387,0.0204
RNG(0.2),2.58,3,0.7387,0.0204
RNG(0.2),2.59,3,0.7389,0.0204
RNG(0.2),2.6,3,0.739,0.0205
RNG(0.2),2.61,3,0.7389,0.0206
RNG(0.2),2.62,3,0.739,0.0208
RNG(0.2),2.63,3,0.739,0.0207
RNG(0.2),2.64,3,0.7389,0.0208
RNG(0.2),2.65,3,0.7389,0.0206
RNG(0.2),2.66,3,0.7389,0.0204
RNG(0.2),2.67,3,0.7389,0.0203
RNG(0.2),2.68,3,0.7389,0.0204
RNG(0.2),2.69,3,0.7389,0.0206
RNG(0.2),2.7,3,0.739,0.0208
RNG(0.2),2.71,3,0.739,0.0207
RNG(0.2),2.72,3,0.7389,0.0204
RNG(0.2),2.73,3,0.7389,0.0207
RNG(0.2),2.74,3,0.739,0.0203
RNG(0.2),2.75,3,0.739,0.0202
RNG(0.2),2.76,3,0.739,0.0202
RNG(0.2),2.77,3,0.739,0.0202
RNG(0.2),2.78,3,0.739,0.0204
RNG(0.2),2.79,3,0.739,0.0207
RNG(0.2),2.8,3,0.739,0.0207
RNG(0.2),2.81,3,0.7389,0.0206
RNG(0.2),2.82,3,0.7389,0.0207
RNG(0.2),2.83,3,0.7389,0.0207
RNG(0.2),2.84,3,0.7389,0.0207
RNG(0.2),2.85,3,0.7389,0.0207
RNG(0.2),2.86,3,0.7388,0.0209
RNG(0.2),2.87,3,0.7388,0.0209
RNG(0.2),2.88,3,0.7388,0.0209
RNG(0.2),2.89,3,0.7387,0.0209
RNG(0.2),2.9,3,0.7387,0.0208
RNG(0.2),2.91,3,0.7387,0.0206
RNG(0.2),2.92,3,0.7387,0.0204
RNG(0.2),2.93,3,0.7388,0.0202
RNG(0.2),2.94,3,0.7388,0.0198
RNG(0.2),2.95,3,0.7388,0.0199
RNG(0.2),2.96,3,0.7388,0.0197
RNG(0.2),2.97,3,0.7387,0.0198
RNG(0.2),2.98,3,0.7387,0.0201
RNG(0.2),2.99,3,0.7387,0.0204
RNG(0.2),3.0,3,0.7386,0.0204
RNG(0.2),3.01,3,0.7386,0.0204
RNG(0.2),3.02,3,0.7387,0.0206
RNG(0.2),3.03,3,0.7386,0.0203
RNG(0.2),3.04,3,0.7387,0.0207
RNG(0.2),3.05,3,0.7386,0.0209
RNG(0.2),3.06,3,0.7386,0.021
RNG(0.2),3.07,3,0.7385,0.0211
RNG(0.2),3.08,3,0.7385,0.0212
RNG(0.2),3.09,3,0.7384,0.0212
RNG(0.2),3.1,3,0.7384,0.0213
RNG(0.2),3.11,3,0.7384,0.0211
RNG(0.2),3.12,3,0.7385,0.021
RNG(0.2),3.13,3,0.7385,0.0212
RNG(0.2),3.14,3,0.7385,0.0211
RNG(0.2),3.15,3,0.7386,0.0211
RNG(0.2),3.16,3,0.7386,0.0211
RNG(0.2),3.17,3,0.7387,0.0214
RNG(0.2),3.18,3,0.7387,0.0214
RNG(0.2),3.19,3,0.7387,0.0213
RNG(0.2),3.2,3,0.7386,0.0215
RNG(0.2),3.21,3,0.7387,0.0215
RNG(0.2),3.22,3,0.7386,0.0215
RNG(0.2),3.23,3,0.7386,0.0215
RNG(0.2),3.24,3,0.7386,0.0217
RNG(0.2),3.25,3,0.7388,0.0217
RNG(0.2),3.26,3,0.7388,0.0217
RNG(0.2),3.27,3,0.7388,0.0217
RNG(0.2),3.28,3,0.7387,0.0217
RNG(0.2),3.29,3,0.7387,0.0218
RNG(0.2),3.3,3,0.7388,0.0217
RNG(0.2),3.31,3,0.7388,0.0216
RNG(0.2),3.32,3,0.7388,0.0215
RNG(0.2),3.33,3,0.7388,0.0216
RNG(0.2),3.34,3,0.7388,0.0216
RNG(0.2),3.35,3,0.7389,0.0215
RNG(0.2),3.36,3,0.7389,0.0214
RNG(0.2),3.37,3,0.7389,0.0214
RNG(0.2),3.38,3,0.7389,0.0213
RNG(0.2),3.39,3,0.7389,0.0215
RNG(0.2),3.4,3,0.739,0.0213
RNG(0.2),3.41,3,0.7391,0.0212
RNG(0.2),3.42,3,0.7391,0.0214
RNG(0.2),3.43,3,0.7391,0.0214
RNG(0.2),3.44,3,0.7391,0.0217
RNG(0.2),3.45,3,0.739,0.0215
RNG(0.2),3.46,3,0.739,0.0215
RNG(0.2),3.47,3,0.7391,0.0214
RNG(0.2),3.48,3,0.739,0.0214
RNG(0.2),3.49,3,0.739,0.0213
RNG(0.2),3.5,3,0.7391,0.0212
RNG(0.2),3.51,3,0.739,0.0213
RNG(0.2),3.52,3,0.739,0.0213
RNG(0.2),3.53,3,0.739,0.0213
RNG(0.2),3.54,3,0.7391,0.0213
RNG(0.2),3.55,3,0.739,0.0213
RNG(0.2),3.56,3,0.739,0.0213
RNG(0.2),3.57,3,0.739,0.0213
RNG(0.2),3.58,3,0.739,0.0213
RNG(0.2),3.59,3,0.739,0.0214
RNG(0.2),3.6,3,0.739,0.0214
RNG(0.2),3.61,3,0.739,0.0213
RNG(0.2),3.62,3,0.7392,0.021
RNG(0.2),3.63,3,0.7391,0.0211
RNG(0.2),3.64,3,0.7392,0.0208
RNG(0.2),3.65,3,0.7395,0.0203
RNG(0.2),3.66,3,0.7395,0.0203
RNG(0.2),3.67,3,0.7395,0.0204
RNG(0.2),3.68,3,0.7395,0.0203
RNG(0.2),3.69,3,0.7395,0.0203
RNG(0.2),3.7,3,0.7395,0.0203
RNG(0.2),3.71,3,0.7395,0.0203
RNG(0.2),3.72,3,0.7395,0.0203
RNG(0.2),3.73,3,0.7394,0.0203
RNG(0.2),3.74,3,0.7394,0.0203
RNG(0.2),3.75,3,0.7393,0.0202
RNG(0.2),3.76,3,0.7394,0.0201
RNG(0.2),3.77,3,0.7394,0.0201
RNG(0.2),3.78,3,0.7393,0.0202
RNG(0.2),3.79,3,0.7393,0.0202
RNG(0.2),3.8,3,0.7393,0.0203
RNG(0.2),3.81,3,0.7393,0.0203
RNG(0.2),3.82,3,0.7393,0.0203
RNG(0.2),3.83,3,0.7393,0.0203
RNG(0.2),3.84,3,0.7393,0.0203
RNG(0.2),3.85,3,0.7393,0.0203
RNG(0.2),3.86,3,0.7393,0.0203
RNG(0.2),3.87,3,0.7393,0.0203
RNG(0.2),3.88,3,0.7393,0.0203
RNG(0.2),3.89,3,0.7393,0.0203
RNG(0.2),3.9,3,0.7393,0.0203
RNG(0.2),3.91,3,0.7393,0.0203
RNG(0.2),3.92,3,0.7393,0.0203
RNG(0.2),3.93,3,0.7392,0.0202
RNG(0.2),3.94,3,0.7392,0.0202
RNG(0.2),3.95,3,0.7392,0.0202
RNG(0.2),3.96,3,0.7393,0.0203
RNG(0.2),3.97,3,0.7393,0.0203
RNG(0.2),3.98,3,0.7392,0.0202
RNG(0.2),3.99,3,0.7392,0.0202
RNG(0.2),4.0,3,0.7393,0.0203
RNG(0.2),4.01,3,0.7393,0.0203
RNG(0.2),4.02,3,0.7393,0.0203
RNG(0.2),4.03,3,0.7392,0.0204
RNG(0.2),4.04,3,0.7392,0.0204
RNG(0.2),4.05,3,0.7392,0.0204
RNG(0.2),4.06,3,0.7392,0.0204
RNG(0.2),4.07,3,0.7393,0.0206
RNG(0.2),4.08,3,0.7393,0.0206
RNG(0.2),4.09,3,0.7393,0.0206
RNG(0.2),4.1,3,0.7393,0.0206
RNG(0.2),4.11,3,0.7393,0.0206
RNG(0.2),4.12,3,0.7393,0.0206
RNG(0.2),4.13,3,0.7393,0.0206
RNG(0.2),4.14,3,0.7393,0.0206
RNG(0.2),4.15,3,0.7393,0.0206
RNG(0.2),4.16,3,0.7393,0.0206
RNG(0.2),4.17,2,0.7413,0.0947
RNG(0.2),4.18,3,0.7393,0.0206
RNG(0.2),4.19,3,0.7393,0.0206
RNG(0.2),4.2,3,0.7393,0.0206
RNG(0.2),4.21,3,0.7393,0.0206
RNG(0.2),4.22,2,0.7413,0.0947
RNG(0.2),4.23,3,0.7393,0.0206
RNG(0.2),4.24,3,0.7393,0.0206
RNG(0.2),4.25,3,0.7393,0.0206
RNG(0.2),4.28,3,0.7392,0.0206
RNG(0.2),4.29,3,0.7392,0.0206
RNG(0.2),4.31,2,0.7413,0.0947
RNG(0.2),4.32,3,0.7392,0.0206
RNG(0.2),4.34,2,0.7413,0.0947
RNG(0.2),4.36,2,0.7413,0.0947
RNG(0.2),4.37,1,0.7339,0.0
RNG(0.3),0.99,3,0.6733,0.0161
RNG(0.3),1.0,3,0.6733,0.0161
RNG(0.3),1.01,3,0.6748,0.0159
RNG(0.3),1.02,3,0.6756,0.0159
RNG(0.3),1.03,3,0.6772,0.0175
RNG(0.3),1.04,3,0.6798,0.0171
RNG(0.3),1.05,3,0.6831,0.0188
RNG(0.3),1.06,3,0.6871,0.0187
RNG(0.3),1.07,3,0.6919,0.0204
RNG(0.3),1.08,3,0.6962,0.0206
RNG(0.3),1.09,3,0.7005,0.0202
RNG(0.3),1.1,3,0.7042,0.0212
RNG(0.3),1.11,3,0.7071,0.0205
RNG(0.3),1.12,3,0.7096,0.0202
RNG(0.3),1.13,3,0.7111,0.0207
RNG(0.3),1.14,3,0.7121,0.0202
RNG(0.3),1.15,3,0.7128,0.02
RNG(0.3),1.16,3,0.7133,0.0198
RNG(0.3),1.17,3,0.7136,0.0198
RNG(0.3),1.18,3,0.7139,0.0198
RNG(0.3),1.19,3,0.7141,0.0197
RNG(0.3),1.2,3,0.7142,0.0198
RNG(0.3),1.21,3,0.7143,0.0198
RNG(0.3),1.22,3,0.7144,0.0198
RNG(0.3),1.23,3,0.7144,0.02
RNG(0.3),1.24,3,0.7145,0.02
RNG(0.3),1.25,3,0.7145,0.0199
RNG(0.3),1.26,3,0.7146,0.0198
RNG(0.3),1.27,3,0.7147,0.0196
RNG(0.3),1.28,3,0.7147,0.0196
RNG(0.3),1.29,3,0.7147,0.0198
RNG(0.3),1.3,3,0.7148,0.0198
RNG(0.3),1.31,3,0.7149,0.0197
RNG(0.3),1.32,3,0.715,0.0196
RNG(0.3),1.33,3,0.715,0.0196
RNG(0.3),1.34,3,0.7152,0.0194
RNG(0.3),1.35,3,0.7154,0.0193
RNG(0.3),1.36,3,0.7154,0.0192
RNG(0.3),1.37,3,0.7156,0.0191
RNG(0.3),1.38,3,0.7157,0.019
RNG(0.3),1.39,3,0.7159,0.0192
RNG(0.3),1.4,3,0.7162,0.0193
RNG(0.3),1.41,3,0.7164,0.0194
RNG(0.3),1.42,3,0.7165,0.0193
RNG(0.3),1.43,3,0.7168,0.0189
RNG(0.3),1.44,3,0.7169,0.019
RNG(0.3),1.45,3,0.7171,0.0192
RNG(0.3),1.46,3,0.7172,0.0196
RNG(0.3),1.47,3,0.7174,0.0197
RNG(0.3),1.48,3,0.7177,0.0196
RNG(0.3),1.49,3,0.7178,0.0201
RNG(0.3),1.5,3,0.7179,0.02
RNG(0.3),1.51,3,0.718,0.0199
RNG(0.3),1.52,3,0.7182,0.0199
RNG(0.3),1.53,3,0.7185,0.0196
RNG(0.3),1.54,3,0.7186,0.0194
RNG(0.3),1.55,3,0.7188,0.0194
RNG(0.3),1.56,3,0.7189,0.0198
RNG(0.3),1.57,3,0.7191,0.02
RNG(0.3),1.58,3,0.7192,0.0199
RNG(0.3),1.59,3,0.7195,0.0198
RNG(0.3),1.6,3,0.7196,0.0199
RNG(0.3),1.61,3,0.7199,0.0195
RNG(0.3),1.62,3,0.7202,0.0196
RNG(0.3),1.63,3,0.7204,0.0199
RNG(0.3),1.64,3,0.7207,0.0199
RNG(0.3),1.65,3,0.7209,0.0197
RNG(0.3),1.66,3,0.7211,0.0196
RNG(0.3),1.67,3,0.7213,0.0195
RNG(0.3),1.68,3,0.7215,0.0196
RNG(0.3),1.69,3,0.7217,0.0197
RNG(0.3),1.7,3,0.7219,0.0196
RNG(0.3),1.71,3,0.7221,0.0195
RNG(0.3),1.72,3,0.7223,0.0195
RNG(0.3),1.73,3,0.7225,0.0198
RNG(0.3),1.74,3,0.7226,0.0199
RNG(0.3),1.75,3,0.7227,0.02
RNG(0.3),1.76,3,0.7228,0.0201
RNG(0.3),1.77,3,0.7228,0.0201
RNG(0.3),1.78,3,0.7229,0.0199
RNG(0.3),1.79,3,0.723,0.0199
RNG(0.3),1.8,3,0.723,0.0201
RNG(0.3),1.81,3,0.7231,0.02
RNG(0.3),1.82,3,0.7232,0.02
RNG(0.3),1.83,3,0.7232,0.02
RNG(0.3),1.84,3,0.7232,0.02
RNG(0.3),1.85,3,0.7232,0.02
RNG(0.3),1.86,3,0.7233,0.0199
RNG(0.3),1.87,3,0.7234,0.0199
RNG(0.3),1.88,3,0.7235,0.0201
RNG(0.3),1.89,3,0.7235,0.02
RNG(0.3),1.9,3,0.7235,0.0199
RNG(0.3),1.91,3,0.7236,0.02
RNG(0.3),1.92,3,0.7237,0.02
RNG(0.3),1.93,3,0.7237,0.0202
RNG(0.3),1.94,3,0.7237,0.0199
RNG(0.3),1.95,3,0.7238,0.0198
RNG(0.3),1.96,3,0.7239,0.0198
RNG(0.3),1.97,3,0.7239,0.0197
RNG(0.3),1.98,3,0.724,0.02
RNG(0.3),1.99,3,0.724,0.0199
RNG(0.3),2.0,3,0.7241,0.0198
RNG(0.3),2.01,3,0.7241,0.0197
RNG(0.3),2.02,3,0.7242,0.0198
RNG(0.3),2.03,3,0.7243,0.0199
RNG(0.3),2.04,3,0.7243,0.0197
RNG(0.3),2.05,3,0.7244,0.0198
RNG(0.3),2.06,3,0.7244,0.0197
RNG(0.3),2.07,3,0.7245,0.0199
RNG(0.3),2.08,3,0.7245,0.0199
RNG(0.3),2.09,3,0.7245,0.0199
RNG(0.3),2.1,3,0.7246,0.0196
RNG(0.3),2.11,3,0.7247,0.0198
RNG(0.3),2.12,3,0.7248,0.0198
RNG(0.3),2.13,3,0.7248,0.0199
RNG(0.3),2.14,3,0.7249,0.0201
RNG(0.3),2.15,3,0.7249,0.02
RNG(0.3),2.16,3,0.7249,0.0201
RNG(0.3),2.17,3,0.725,0.0201
RNG(0.3),2.18,3,0.725,0.0203
RNG(0.3),2.19,3,0.7251,0.0203
RNG(0.3),2.2,3,0.7252,0.0203
RNG(0.3),2.21,3,0.7252,0.0203
RNG(0.3),2.22,3,0.7253,0.0206
RNG(0.3),2.23,3,0.7253,0.0206
RNG(0.3),2.24,3,0.7253,0.0205
RNG(0.3),2.25,3,0.7253,0.0207
RNG(0.3),2.26,3,0.7254,0.0208
RNG(0.3),2.27,3,0.7255,0.0208
RNG(0.3),2.28,3,0.7255,0.021
RNG(0.3),2.29,3,0.7256,0.021
RNG(0.3),2.3,3,0.7256,0.021
RNG(0.3),2.31,3,0.7256,0.0209
RNG(0.3),2.32,3,0.7257,0.021
RNG(0.3),2.33,3,0.7257,0.0209
RNG(0.3),2.34,3,0.7257,0.0209
RNG(0.3),2.35,3,0.7257,0.0208
RNG(0.3),2.36,3,0.7257,0.0209
RNG(0.3),2.37,3,0.7259,0.0214
RNG(0.3),2.38,3,0.7259,0.0214
RNG(0.3),2.39,3,0.7263,0.0216
RNG(0.3),2.4,3,0.7263,0.0217
RNG(0.3),2.41,3,0.7263,0.0217
RNG(0.3),2.42,3,0.7264,0.0216
RNG(0.3),2.43,3,0.7265,0.0216
RNG(0.3),2.44,3,0.7265,0.0216
RNG(0.3),2.45,3,0.7265,0.0219
RNG(0.3),2.46,3,0.7266,0.0218
RNG(0.3),2.47,3,0.7265,0.0219
RNG(0.3),2.48,3,0.7265,0.0217
RNG(0.3),2.49,3,0.7266,0.0216
RNG(0.3),2.5,3,0.7267,0.0216
RNG(0.3),2.51,3,0.7267,0.0216
RNG(0.3),2.52,3,0.7267,0.0216
RNG(0.3),2.53,3,0.7267,0.0215
RNG(0.3),2.54,3,0.7268,0.0214
RNG(0.3),2.55,3,0.7268,0.0216
RNG(0.3),2.56,3,0.7268,0.0215
RNG(0.3),2.57,3,0.7269,0.0214
RNG(0.3),2.58,3,0.7269,0.0215
RNG(0.3),2.59,3,0.7271,0.0216
RNG(0.3),2.6,3,0.7271,0.0217
RNG(0.3),2.61,3,0.7272,0.022
RNG(0.3),2.62,3,0.7272,0.0219
RNG(0.3),2.63,3,0.7272,0.0219
RNG(0.3),2.64,3,0.7272,0.0219
RNG(0.3),2.65,3,0.7272,0.0218
RNG(0.3),2.66,3,0.7272,0.0218
RNG(0.3),2.67,3,0.7272,0.0218
RNG(0.3),2.68,3,0.7272,0.0218
RNG(0.3),2.69,3,0.7273,0.022
RNG(0.3),2.7,3,0.7273,0.0221
RNG(0.3),2.71,3,0.7273,0.0221
RNG(0.3),2.72,3,0.7273,0.0222
RNG(0.3),2.73,3,0.7273,0.0223
RNG(0.3),2.74,3,0.7274,0.0221
RNG(0.3),2.75,3,0.7274,0.0219
RNG(0.3),2.76,3,0.7274,0.0219
RNG(0.3),2.77,3,0.7274,0.0219
RNG(0.3),2.78,3,0.7274,0.0219
RNG(0.3),2.79,3,0.7274,0.0221
RNG(0.3),2.8,3,0.7274,0.0221
RNG(0.3),2.81,3,0.7274,0.022
RNG(0.3),2.82,3,0.7273,0.0221
RNG(0.3),2.83,3,0.7273,0.0221
RNG(0.3),2.84,3,0.7274,0.022
RNG(0.3),2.85,3,0.7274,0.022
RNG(0.3),2.86,3,0.7274,0.022
RNG(0.3),2.87,3,0.7273,0.0221
RNG(0.3),2.88,3,0.7273,0.0221
RNG(0.3),2.89,3,0.7273,0.022
RNG(0.3),2.9,3,0.7273,0.0219
RNG(0.3),2.91,3,0.7273,0.0218
RNG(0.3),2.92,3,0.7273,0.0218
RNG(0.3),2.93,3,0.7274,0.0216
RNG(0.3),2.94,3,0.7274,0.0213
RNG(0.3),2.95,3,0.7274,0.0215
RNG(0.3),2.96,3,0.7274,0.0214
RNG(0.3),2.97,3,0.7273,0.0214
RNG(0.3),2.98,3,0.7273,0.0216
RNG(0.3),2.99,3,0.7273,0.0216
RNG(0.3),3.0,3,0.7272,0.0217
RNG(0.3),3.01,3,0.7272,0.0217
RNG(0.3),3.02,3,0.7272,0.0217
RNG(0.3),3.03,3,0.7273,0.0216
RNG(0.3),3.04,3,0.7273,0.022
RNG(0.3),3.05,3,0.7273,0.0222
RNG(0.3),3.06,3,0.7273,0.0222
RNG(0.3),3.07,3,0.7272,0.0223
RNG(0.3),3.08,3,0.7272,0.0224
RNG(0.3),3.09,3,0.7271,0.0223
RNG(0.3),3.1,3,0.7272,0.0224
RNG(0.3),3.11,3,0.7272,0.0222
RNG(0.3),3.12,3,0.7272,0.0222
RNG(0.3),3.13,3,0.7272,0.0224
RNG(0.3),3.14,3,0.7272,0.0223
RNG(0.3),3.15,3,0.7273,0.0222
RNG(0.3),3.16,3,0.7273,0.0223
RNG(0.3),3.17,3,0.7274,0.0227
RNG(0.3),3.18,3,0.7273,0.0225
RNG(0.3),3.19,3,0.7274,0.0225
RNG(0.3),3.2,3,0.7273,0.0225
RNG(0.3),3.21,3,0.7274,0.0225
RNG(0.3),3.22,3,0.7273,0.0225
RNG(0.3),3.23,3,0.7273,0.0225
RNG(0.3),3.24,3,0.7274,0.0227
RNG(0.3),3.25,3,0.7274,0.0227
RNG(0.3),3.26,3,0.7275,0.0227
RNG(0.3),3.27,3,0.7274,0.0227
RNG(0.3),3.28,3,0.7274,0.0227
RNG(0.3),3.29,3,0.7274,0.0227
RNG(0.3),3.3,3,0.7274,0.0225
RNG(0.3),3.31,3,0.7274,0.0225
RNG(0.3),3.32,3,0.7275,0.0224
RNG(0.3),3.33,3,0.7275,0.0224
RNG(0.3),3.34,3,0.7274,0.0223
RNG(0.3),3.35,3,0.7276,0.0222
RNG(0.3),3.36,3,0.7276,0.0222
RNG(0.3),3.37,3,0.7276,0.0222
RNG(0.3),3.38,3,0.7276,0.0222
RNG(0.3),3.39,3,0.7276,0.0222
RNG(0.3),3.4,3,0.7278,0.0222
RNG(0.3),3.41,3,0.7278,0.0222
RNG(0.3),3.42,3,0.7278,0.0222
RNG(0.3),3.43,3,0.7278,0.0224
RNG(0.3),3.44,3,0.7278,0.0224
RNG(0.3),3.45,3,0.7278,0.0224
RNG(0.3),3.46,3,0.7278,0.0224
RNG(0.3),3.47,3,0.7278,0.0224
RNG(0.3),3.48,3,0.7278,0.0223
RNG(0.3),3.49,3,0.7278,0.0223
RNG(0.3),3.5,3,0.7279,0.0222
RNG(0.3),3.51,3,0.7279,0.0222
RNG(0.3),3.52,3,0.7279,0.0222
RNG(0.3),3.53,3,0.7279,0.0222
RNG(0.3),3.54,3,0.7279,0.0222
RNG(0.3),3.55,3,0.7279,0.0222
RNG(0.3),3.56,3,0.7279,0.0222
RNG(0.3),3.57,3,0.7279,0.0222
RNG(0.3),3.58,3,0.7278,0.0223
RNG(0.3),3.59,3,0.7278,0.0223
RNG(0.3),3.6,3,0.7278,0.0223
RNG(0.3),3.61,3,0.7279,0.0222
RNG(0.3),3.62,3,0.7279,0.0224
RNG(0.3),3.63,3,0.7279,0.0222
RNG(0.3),3.64,3,0.7279,0.0221
RNG(0.3),3.65,3,0.7282,0.0217
RNG(0.3),3.66,3,0.7282,0.0217
RNG(0.3),3.67,3,0.7282,0.0217
RNG(0.3),3.68,3,0.7282,0.0218
RNG(0.3),3.69,3,0.7282,0.0218
RNG(0.3),3.7,3,0.7282,0.0218
RNG(0.3),3.71,3,0.7282,0.0218
RNG(0.3),3.72,3,0.7282,0.0218
RNG(0.3),3.73,3,0.7282,0.0218
RNG(0.3),3.74,3,0.7282,0.0218
RNG(0.3),3.75,3,0.7282,0.0218
RNG(0.3),3.76,3,0.7282,0.0218
RNG(0.3),3.77,3,0.7282,0.0218
RNG(0.3),3.78,3,0.7281,0.0219
RNG(0.3),3.79,3,0.7281,0.0219
RNG(0.3),3.8,3,0.7281,0.0219
RNG(0.3),3.81,3,0.7281,0.0219
RNG(0.3),3.82,3,0.7281,0.0219
RNG(0.3),3.83,3,0.7281,0.0219
RNG(0.3),3.84,3,0.7281,0.0219
RNG(0.3),3.85,3,0.7281,0.0219
RNG(0.3),3.86,3,0.7281,0.0219
RNG(0.3),3.87,3,0.7281,0.0219
RNG(0.3),3.88,3,0.7281,0.0219
RNG(0.3),3.89,3,0.7281,0.0219
RNG(0.3),3.9,3,0.7281,0.0219
RNG(0.3),3.91,3,0.7281,0.0219
RNG(0.3),3.92,3,0.7281,0.0219
RNG(0.3),3.93,3,0.7281,0.0219
RNG(0.3),3.94,3,0.7281,0.022
RNG(0.3),3.95,3,0.7281,0.022
RNG(0.3),3.96,3,0.7281,0.022
RNG(0.3),3.97,3,0.7281,0.022
RNG(0.3),3.98,3,0.7281,0.0218
RNG(0.3),3.99,3,0.7281,0.0218
RNG(0.3),4.0,3,0.7281,0.0219
RNG(0.3),4.01,3,0.7281,0.0219
RNG(0.3),4.02,3,0.7281,0.0219
RNG(0.3),4.03,3,0.7281,0.022
RNG(0.3),4.04,3,0.7281,0.022
RNG(0.3),4.05,3,0.7281,0.022
RNG(0.3),4.06,3,0.7281,0.022
RNG(0.3),4.07,3,0.7281,0.022
RNG(0.3),4.08,3,0.7281,0.022
RNG(0.3),4.09,3,0.7281,0.022
RNG(0.3),4.1,3,0.7281,0.022
RNG(0.3),4.11,3,0.7281,0.022
RNG(0.3),4.12,3,0.7281,0.022
RNG(0.3),4.13,3,0.7281,0.022
RNG(0.3),4.14,3,0.7281,0.022
RNG(0.3),4.15,3,0.7281,0.022
RNG(0.3),4.16,3,0.7281,0.022
RNG(0.3),4.17,2,0.7305,0.0991
RNG(0.3),4.18,3,0.7281,0.022
RNG(0.3),4.19,3,0.7281,0.022
RNG(0.3),4.2,3,0.7281,0.022
RNG(0.3),4.21,3,0.7281,0.022
RNG(0.3),4.22,2,0.7305,0.0991
RNG(0.3),4.23,3,0.7281,0.022
RNG(0.3),4.24,3,0.7281,0.022
RNG(0.3),4.25,3,0.7281,0.022
RNG(0.3),4.28,3,0.728,0.0221
RNG(0.3),4.29,3,0.728,0.0221
RNG(0.3),4.31,2,0.7305,0.0991
RNG(0.3),4.32,3,0.728,0.0221
RNG(0.3),4.34,2,0.7305,0.0991
RNG(0.3),4.36,2,0.7305,0.0991
RNG(0.3),4.37,1,0.7227,0.0
RNG(0.5),0.99,3,0.6733,0.0161
RNG(0.5),1.0,3,0.6733,0.0161
RNG(0.5),1.01,3,0.6739,0.0162
RNG(0.5),1.02,3,0.6741,0.0164
RNG(0.5),1.03,3,0.6749,0.0172
RNG(0.5),1.04,3,0.6761,0.0168
RNG(0.5),1.05,3,0.6779,0.0181
RNG(0.5),1.06,3,0.6803,0.0183
RNG(0.5),1.07,3,0.6831,0.0192
RNG(0.5),1.08,3,0.6858,0.019
RNG(0.5),1.09,3,0.6886,0.0195
RNG(0.5),1.1,3,0.6912,0.02
RNG(0.5),1.11,3,0.6931,0.0197
RNG(0.5),1.12,3,0.6947,0.0199
RNG(0.5),1.13,3,0.6958,0.0201
RNG(0.5),1.14,3,0.6966,0.0197
RNG(0.5),1.15,3,0.6972,0.0197
RNG(0.5),1.16,3,0.6976,0.0195
RNG(0.5),1.17,3,0.6978,0.0194
RNG(0.5),1.18,3,0.6981,0.0195
RNG(0.5),1.19,3,0.6982,0.0192
RNG(0.5),1.2,3,0.6983,0.0195
RNG(0.5),1.21,3,0.6984,0.0194
RNG(0.5),1.22,3,0.6985,0.0195
RNG(0.5),1.23,3,0.6985,0.0196
RNG(0.5),1.24,3,0.6986,0.0197
RNG(0.5),1.25,3,0.6985,0.0198
RNG(0.5),1.26,3,0.6986,0.0197
RNG(0.5),1.27,3,0.6986,0.0194
RNG(0.5),1.28,3,0.6986,0.0194
RNG(0.5),1.29,3,0.6986,0.0195
RNG(0.5),1.3,3,0.6987,0.0195
RNG(0.5),1.31,3,0.6987,0.0195
RNG(0.5),1.32,3,0.6988,0.0195
RNG(0.5),1.33,3,0.6989,0.0195
RNG(0.5),1.34,3,0.6989,0.0193
RNG(0.5),1.35,3,0.6991,0.0191
RNG(0.5),1.36,3,0.6992,0.0192
RNG(0.5),1.37,3,0.6993,0.0189
RNG(0.5),1.38,3,0.6994,0.0189
RNG(0.5),1.39,3,0.6995,0.0189
RNG(0.5),1.4,3,0.6996,0.019
RNG(0.5),1.41,3,0.6998,0.0189
RNG(0.5),1.42,3,0.6999,0.0189
RNG(0.5),1.43,3,0.7,0.0185
RNG(0.5),1.44,3,0.7001,0.0185
RNG(0.5),1.45,3,0.7002,0.0186
RNG(0.5),1.46,3,0.7003,0.0189
RNG(0.5),1.47,3,0.7005,0.0191
RNG(0.5),1.48,3,0.7006,0.0192
RNG(0.5),1.49,3,0.7007,0.0193
RNG(0.5),1.5,3,0.7008,0.0193
RNG(0.5),1.51,3,0.7009,0.0193
RNG(0.5),1.52,3,0.701,0.0193
RNG(0.5),1.53,3,0.7011,0.0191
RNG(0.5),1.54,3,0.7013,0.019
RNG(0.5),1.55,3,0.7013,0.0191
RNG(0.5),1.56,3,0.7014,0.0193
RNG(0.5),1.57,3,0.7015,0.0194
RNG(0.5),1.58,3,0.7016,0.0193
RNG(0.5),1.59,3,0.7017,0.0193
RNG(0.5),1.6,3,0.7019,0.0192
RNG(0.5),1.61,3,0.702,0.019
RNG(0.5),1.62,3,0.7022,0.0193
RNG(0.5),1.63,3,0.7023,0.0195
RNG(0.5),1.64,3,0.7024,0.0194
RNG(0.5),1.65,3,0.7025,0.019
RNG(0.5),1.66,3,0.7027,0.0189
RNG(0.5),1.67,3,0.7028,0.0187
RNG(0.5),1.68,3,0.7029,0.0187
RNG(0.5),1.69,3,0.703,0.0189
RNG(0.5),1.7,3,0.7031,0.0189
RNG(0.5),1.71,3,0.7032,0.0188
RNG(0.5),1.72,3,0.7034,0.0186
RNG(0.5),1.73,3,0.7035,0.0189
RNG(0.5),1.74,3,0.7036,0.0191
RNG(0.5),1.75,3,0.7037,0.0192
RNG(0.5),1.76,3,0.7037,0.0192
RNG(0.5),1.77,3,0.7037,0.0191
RNG(0.5),1.78,3,0.7037,0.019
RNG(0.5),1.79,3,0.7038,0.0191
RNG(0.5),1.8,3,0.7038,0.0191
RNG(0.5),1.81,3,0.7038,0.0191
RNG(0.5),1.82,3,0.7039,0.0192
RNG(0.5),1.83,3,0.7039,0.0191
RNG(0.5),1.84,3,0.7039,0.0191
RNG(0.5),1.85,3,0.7039,0.0189
RNG(0.5),1.86,3,0.7039,0.0189
RNG(0.5),1.87,3,0.704,0.0189
RNG(0.5),1.88,3,0.704,0.0191
RNG(0.5),1.89,3,0.7041,0.019
RNG(0.5),1.9,3,0.7041,0.0189
RNG(0.5),1.91,3,0.7042,0.0192
RNG(0.5),1.92,3,0.7042,0.0192
RNG(0.5),1.93,3,0.7042,0.0191
RNG(0.5),1.94,3,0.7042,0.0191
RNG(0.5),1.95,3,0.7043,0.0188
RNG(0.5),1.96,3,0.7044,0.0188
RNG(0.5),1.97,3,0.7044,0.0188
RNG(0.5),1.98,3,0.7045,0.0191
RNG(0.5),1.99,3,0.7045,0.0191
RNG(0.5),2.0,3,0.7046,0.0189
RNG(0.5),2.01,3,0.7046,0.0189
RNG(0.5),2.02,3,0.7046,0.0189
RNG(0.5),2.03,3,0.7047,0.0188
RNG(0.5),2.04,3,0.7047,0.0186
RNG(0.5),2.05,3,0.7047,0.0186
RNG(0.5),2.06,3,0.7048,0.0188
RNG(0.5),2.07,3,0.7048,0.0188
RNG(0.5),2.08,3,0.7048,0.0188
RNG(0.5),2.09,3,0.7048,0.0188
RNG(0.5),2.1,3,0.7048,0.0188
RNG(0.5),2.11,3,0.7049,0.0188
RNG(0.5),2.12,3,0.7049,0.0189
RNG(0.5),2.13,3,0.705,0.019
RNG(0.5),2.14,3,0.705,0.0192
RNG(0.5),2.15,3,0.705,0.0192
RNG(0.5),2.16,3,0.7051,0.0192
RNG(0.5),2.17,3,0.7051,0.0193
RNG(0.5),2.18,3,0.7051,0.0195
RNG(0.5),2.19,3,0.7051,0.0195
RNG(0.5),2.2,3,0.7052,0.0195
RNG(0.5),2.21,3,0.7052,0.0195
RNG(0.5),2.22,3,0.7053,0.0196
RNG(0.5),2.23,3,0.7052,0.0196
RNG(0.5),2.24,3,0.7052,0.0197
RNG(0.5),2.25,3,0.7053,0.0198
RNG(0.5),2.26,3,0.7053,0.0198
RNG(0.5),2.27,3,0.7054,0.0197
RNG(0.5),2.28,3,0.7054,0.0197
RNG(0.5),2.29,3,0.7054,0.0198
RNG(0.5),2.3,3,0.7054,0.0198
RNG(0.5),2.31,3,0.7055,0.0197
RNG(0.5),2.32,3,0.7055,0.0197
RNG(0.5),2.33,3,0.7055,0.0197
RNG(0.5),2.34,3,0.7055,0.0196
RNG(0.5),2.35,3,0.7055,0.0196
RNG(0.5),2.36,3,0.7055,0.0196
RNG(0.5),2.37,3,0.7055,0.0197
RNG(0.5),2.38,3,0.7055,0.0197
RNG(0.5),2.39,3,0.7059,0.0198
RNG(0.5),2.4,3,0.7059,0.0198
RNG(0.5),2.41,3,0.7059,0.0198
RNG(0.5),2.42,3,0.7059,0.0197
RNG(0.5),2.43,3,0.7059,0.0196
RNG(0.5),2.44,3,0.7059,0.0196
RNG(0.5),2.45,3,0.706,0.0197
RNG(0.5),2.46,3,0.706,0.0197
RNG(0.5),2.47,3,0.706,0.0198
RNG(0.5),2.48,3,0.706,0.0198
RNG(0.5),2.49,3,0.706,0.0198
RNG(0.5),2.5,3,0.706,0.0199
RNG(0.5),2.51,3,0.706,0.0199
RNG(0.5),2.52,3,0.7061,0.0199
RNG(0.5),2.53,3,0.7061,0.0198
RNG(0.5),2.54,3,0.7061,0.0197
RNG(0.5),2.55,3,0.7061,0.0197
RNG(0.5),2.56,3,0.7061,0.0197
RNG(0.5),2.57,3,0.7062,0.0196
RNG(0.5),2.58,3,0.7062,0.0196
RNG(0.5),2.59,3,0.7063,0.0197
RNG(0.5),2.6,3,0.7064,0.0198
RNG(0.5),2.61,3,0.7063,0.0199
RNG(0.5),2.62,3,0.7064,0.0198
RNG(0.5),2.63,3,0.7064,0.0198
RNG(0.5),2.64,3,0.7064,0.0198
RNG(0.5),2.65,3,0.7064,0.0198
RNG(0.5),2.66,3,0.7063,0.0198
RNG(0.5),2.67,3,0.7063,0.0198
RNG(0.5),2.68,3,0.7064,0.02
RNG(0.5),2.69,3,0.7064,0.02
RNG(0.5),2.7,3,0.7064,0.02
RNG(0.5),2.71,3,0.7064,0.0201
RNG(0.5),2.72,3,0.7064,0.02
RNG(0.5),2.73,3,0.7064,0.02
RNG(0.5),2.74,3,0.7064,0.02
RNG(0.5),2.75,3,0.7065,0.02
RNG(0.5),2.76,3,0.7064,0.02
RNG(0.5),2.77,3,0.7065,0.02
RNG(0.5),2.78,3,0.7065,0.02
RNG(0.5),2.79,3,0.7065,0.02
RNG(0.5),2.8,3,0.7065,0.0201
RNG(0.5),2.81,3,0.7065,0.0201
RNG(0.5),2.82,3,0.7065,0.0201
RNG(0.5),2.83,3,0.7065,0.0201
RNG(0.5),2.84,3,0.7065,0.0201
RNG(0.5),2.85,3,0.7065,0.0201
RNG(0.5),2.86,3,0.7065,0.0201
RNG(0.5),2.87,3,0.7065,0.0201
RNG(0.5),2.88,3,0.7064,0.0202
RNG(0.5),2.89,3,0.7065,0.0201
RNG(0.5),2.9,3,0.7064,0.02
RNG(0.5),2.91,3,0.7064,0.0201
RNG(0.5),2.92,3,0.7064,0.02
RNG(0.5),2.93,3,0.7065,0.0199
RNG(0.5),2.94,3,0.7065,0.0199
RNG(0.5),2.95,3,0.7065,0.0199
RNG(0.5),2.96,3,0.7065,0.0199
RNG(0.5),2.97,3,0.7064,0.02
RNG(0.5),2.98,3,0.7064,0.0201
RNG(0.5),2.99,3,0.7063,0.0202
RNG(0.5),3.0,3,0.7063,0.02
RNG(0.5),3.01,3,0.7063,0.02
RNG(0.5),3.02,3,0.7063,0.0202
RNG(0.5),3.03,3,0.7063,0.0202
RNG(0.5),3.04,3,0.7064,0.0204
RNG(0.5),3.05,3,0.7064,0.0206
RNG(0.5),3.06,3,0.7064,0.0206
RNG(0.5),3.07,3,0.7064,0.0206
RNG(0.5),3.08,3,0.7064,0.0207
RNG(0.5),3.09,3,0.7063,0.0206
RNG(0.5),3.1,3,0.7064,0.0207
RNG(0.5),3.11,3,0.7064,0.0207
RNG(0.5),3.12,3,0.7064,0.0207
RNG(0.5),3.13,3,0.7064,0.0207
RNG(0.5),3.14,3,0.7064,0.0206
RNG(0.5),3.15,3,0.7064,0.0206
RNG(0.5),3.16,3,0.7064,0.0206
RNG(0.5),3.17,3,0.7065,0.0209
RNG(0.5),3.18,3,0.7065,0.0209
RNG(0.5),3.19,3,0.7065,0.0209
RNG(0.5),3.2,3,0.7065,0.0209
RNG(0.5),3.21,3,0.7065,0.0208
RNG(0.5),3.22,3,0.7066,0.021
RNG(0.5),3.23,3,0.7066,0.021
RNG(0.5),3.24,3,0.7066,0.021
RNG(0.5),3.25,3,0.7066,0.021
RNG(0.5),3.26,3,0.7066,0.0209
RNG(0.5),3.27,3,0.7066,0.0209
RNG(0.5),3.28,3,0.7066,0.0208
RNG(0.5),3.29,3,0.7066,0.0208
RNG(0.5),3.3,3,0.7066,0.0208
RNG(0.5),3.31,3,0.7066,0.0208
RNG(0.5),3.32,3,0.7066,0.0208
RNG(0.5),3.33,3,0.7066,0.0208
RNG(0.5),3.34,3,0.7066,0.0208
RNG(0.5),3.35,3,0.7067,0.0207
RNG(0.5),3.36,3,0.7067,0.0206
RNG(0.5),3.37,3,0.7067,0.0206
RNG(0.5),3.38,3,0.7067,0.0206
RNG(0.5),3.39,3,0.7067,0.0206
RNG(0.5),3.4,3,0.7069,0.0204
RNG(0.5),3.41,3,0.7069,0.0204
RNG(0.5),3.42,3,0.7069,0.0207
RNG(0.5),3.43,3,0.7069,0.0208
RNG(0.5),3.44,3,0.7069,0.0208
RNG(0.5),3.45,3,0.7069,0.0208
RNG(0.5),3.46,3,0.7069,0.0208
RNG(0.5),3.47,3,0.7069,0.0208
RNG(0.5),3.48,3,0.7069,0.0207
RNG(0.5),3.49,3,0.7069,0.0207
RNG(0.5),3.5,3,0.707,0.0207
RNG(0.5),3.51,3,0.707,0.0207
RNG(0.5),3.52,3,0.707,0.0207
RNG(0.5),3.53,3,0.707,0.0207
RNG(0.5),3.54,3,0.707,0.0207
RNG(0.5),3.55,3,0.707,0.0207
RNG(0.5),3.56,3,0.707,0.0207
RNG(0.5),3.57,3,0.707,0.0207
RNG(0.5),3.58,3,0.707,0.0207
RNG(0.5),3.59,3,0.707,0.0207
RNG(0.5),3.6,3,0.707,0.0207
RNG(0.5),3.61,3,0.707,0.0207
RNG(0.5),3.62,3,0.707,0.0207
RNG(0.5),3.63,3,0.707,0.0207
RNG(0.5),3.64,3,0.707,0.0207
RNG(0.5),3.65,3,0.707,0.0208
RNG(0.5),3.66,3,0.707,0.0208
RNG(0.5),3.67,3,0.707,0.0208
RNG(0.5),3.68,3,0.707,0.0208
RNG(0.5),3.69,3,0.707,0.0208
RNG(0.5),3.7,3,0.707,0.0208
RNG(0.5),3.71,3,0.7069,0.021
RNG(0.5),3.72,3,0.7069,0.021
RNG(0.5),3.73,3,0.7069,0.021
RNG(0.5),3.74,3,0.7069,0.021
RNG(0.5),3.75,3,0.7069,0.021
RNG(0.5),3.76,3,0.7069,0.021
RNG(0.5),3.77,3,0.7069,0.021
RNG(0.5),3.78,3,0.7069,0.021
RNG(0.5),3.79,3,0.7069,0.021
RNG(0.5),3.8,3,0.7069,0.021
RNG(0.5),3.81,3,0.7069,0.021
RNG(0.5),3.82,3,0.707,0.0209
RNG(0.5),3.83,3,0.707,0.0209
RNG(0.5),3.84,3,0.707,0.0209
RNG(0.5),3.85,3,0.707,0.0209
RNG(0.5),3.86,3,0.707,0.0209
RNG(0.5),3.87,3,0.707,0.0209
RNG(0.5),3.88,3,0.707,0.0209
RNG(0.5),3.89,3,0.707,0.0209
RNG(0.5),3.9,3,0.707,0.0209
RNG(0.5),3.91,3,0.707,0.0209
RNG(0.5),3.92,3,0.707,0.0209
RNG(0.5),3.93,3,0.707,0.0209
RNG(0.5),3.94,3,0.707,0.0209
RNG(0.5),3.95,3,0.707,0.0209
RNG(0.5),3.96,3,0.707,0.0209
RNG(0.5),3.97,3,0.707,0.0209
RNG(0.5),3.98,3,0.707,0.0208
RNG(0.5),3.99,3,0.707,0.0208
RNG(0.5),4.0,3,0.707,0.0208
RNG(0.5),4.01,3,0.707,0.0208
RNG(0.5),4.02,3,0.707,0.0208
RNG(0.5),4.03,3,0.707,0.0208
RNG(0.5),4.04,3,0.707,0.0208
RNG(0.5),4.05,3,0.707,0.0208
RNG(0.5),4.06,3,0.707,0.021
RNG(0.5),4.07,3,0.707,0.021
RNG(0.5),4.08,3,0.707,0.021
RNG(0.5),4.09,3,0.707,0.021
RNG(0.5),4.1,3,0.707,0.021
RNG(0.5),4.11,3,0.707,0.021
RNG(0.5),4.12,3,0.707,0.021
RNG(0.5),4.13,3,0.707,0.021
RNG(0.5),4.14,3,0.707,0.021
RNG(0.5),4.15,3,0.707,0.021
RNG(0.5),4.16,3,0.707,0.021
RNG(0.5),4.17,2,0.7089,0.0991
RNG(0.5),4.18,3,0.707,0.021
RNG(0.5),4.19,3,0.707,0.021
RNG(0.5),4.2,3,0.707,0.021
RNG(0.5),4.21,3,0.707,0.021
RNG(0.5),4.22,2,0.7089,0.0991
RNG(0.5),4.23,3,0.707,0.021
RNG(0.5),4.24,3,0.707,0.021
RNG(0.5),4.25,3,0.707,0.021
RNG(0.5),4.28,3,0.707,0.021
RNG(0.5),4.29,3,0.707,0.021
RNG(0.5),4.31,2,0.7089,0.0991
RNG(0.5),4.32,3,0.707,0.021
RNG(0.5),4.34,2,0.7089,0.0991
RNG(0.5),4.36,2,0.7089,0.0991
RNG(0.5),4.37,1,0.7011,0.0
RNG(1),0.99,3,0.6733,0.0161
RNG(1),1.0,3,0.6733,0.0161
RNG(1),1.01,3,0.6736,0.016
RNG(1),1.02,3,0.6736,0.0161
RNG(1),1.03,3,0.6739,0.0164
RNG(1),1.04,3,0.6743,0.0162
RNG(1),1.05,3,0.675,0.017
RNG(1),1.06,3,0.6761,0.0167
RNG(1),1.07,3,0.677,0.0174
RNG(1),1.08,3,0.6783,0.0175
RNG(1),1.09,3,0.6795,0.018
RNG(1),1.1,3,0.6809,0.018
RNG(1),1.11,3,0.6819,0.0182
RNG(1),1.12,3,0.6828,0.0182
RNG(1),1.13,3,0.6834,0.0185
RNG(1),1.14,3,0.6838,0.0184
RNG(1),1.15,3,0.6841,0.0183
RNG(1),1.16,3,0.6843,0.0182
RNG(1),1.17,3,0.6844,0.0182
RNG(1),1.18,3,0.6845,0.0183
RNG(1),1.19,3,0.6846,0.0181
RNG(1),1.2,3,0.6847,0.0182
RNG(1),1.21,3,0.6847,0.0182
RNG(1),1.22,3,0.6848,0.0185
RNG(1),1.23,3,0.6848,0.0185
RNG(1),1.24,3,0.6848,0.0185
RNG(1),1.25,3,0.6848,0.0186
RNG(1),1.26,3,0.6848,0.0185
RNG(1),1.27,3,0.6848,0.0185
RNG(1),1.28,3,0.6848,0.0185
RNG(1),1.29,3,0.6849,0.0184
RNG(1),1.3,3,0.6849,0.0184
RNG(1),1.31,3,0.6849,0.0184
RNG(1),1.32,3,0.6849,0.0183
RNG(1),1.33,3,0.6849,0.0183
RNG(1),1.34,3,0.685,0.0182
RNG(1),1.35,3,0.6851,0.0182
RNG(1),1.36,3,0.6851,0.0184
RNG(1),1.37,3,0.6851,0.0182
RNG(1),1.38,3,0.6852,0.0182
RNG(1),1.39,3,0.6852,0.0182
RNG(1),1.4,3,0.6853,0.0183
RNG(1),1.41,3,0.6854,0.0182
RNG(1),1.42,3,0.6854,0.0181
RNG(1),1.43,3,0.6854,0.018
RNG(1),1.44,3,0.6855,0.018
RNG(1),1.45,3,0.6856,0.0179
RNG(1),1.46,3,0.6856,0.0179
RNG(1),1.47,3,0.6856,0.018
RNG(1),1.48,3,0.6857,0.0181
RNG(1),1.49,3,0.6857,0.018
RNG(1),1.5,3,0.6858,0.0181
RNG(1),1.51,3,0.6858,0.018
RNG(1),1.52,3,0.6859,0.018
RNG(1),1.53,3,0.6859,0.018
RNG(1),1.54,3,0.686,0.0181
RNG(1),1.55,3,0.686,0.0182
RNG(1),1.56,3,0.686,0.0182
RNG(1),1.57,3,0.686,0.0179
RNG(1),1.58,3,0.686,0.018
RNG(1),1.59,3,0.6861,0.0179
RNG(1),1.6,3,0.6861,0.0178
RNG(1),1.61,3,0.6862,0.0178
RNG(1),1.62,3,0.6862,0.0179
RNG(1),1.63,3,0.6863,0.0178
RNG(1),1.64,3,0.6863,0.0178
RNG(1),1.65,3,0.6864,0.0175
RNG(1),1.66,3,0.6864,0.0174
RNG(1),1.67,3,0.6864,0.0174
RNG(1),1.68,3,0.6864,0.0174
RNG(1),1.69,3,0.6865,0.0173
RNG(1),1.7,3,0.6865,0.0174
RNG(1),1.71,3,0.6865,0.0174
RNG(1),1.72,3,0.6867,0.0173
RNG(1),1.73,3,0.6867,0.0173
RNG(1),1.74,3,0.6867,0.0173
RNG(1),1.75,3,0.6867,0.0174
RNG(1),1.76,3,0.6867,0.0174
RNG(1),1.77,3,0.6867,0.0174
RNG(1),1.78,3,0.6867,0.0173
RNG(1),1.79,3,0.6868,0.0173
RNG(1),1.8,3,0.6868,0.0173
RNG(1),1.81,3,0.6868,0.0173
RNG(1),1.82,3,0.6868,0.0173
RNG(1),1.83,3,0.6868,0.0173
RNG(1),1.84,3,0.6868,0.0173
RNG(1),1.85,3,0.6868,0.0171
RNG(1),1.86,3,0.6868,0.0171
RNG(1),1.87,3,0.6868,0.0172
RNG(1),1.88,3,0.6869,0.0173
RNG(1),1.89,3,0.6869,0.0173
RNG(1),1.9,3,0.6869,0.0173
RNG(1),1.91,3,0.6869,0.0175
RNG(1),1.92,3,0.6869,0.0175
RNG(1),1.93,3,0.6869,0.0175
RNG(1),1.94,3,0.6869,0.0174
RNG(1),1.95,3,0.6869,0.0174
RNG(1),1.96,3,0.6869,0.0174
RNG(1),1.97,3,0.6869,0.0174
RNG(1),1.98,3,0.687,0.0174
RNG(1),1.99,3,0.687,0.0174
RNG(1),2.0,3,0.687,0.0174
RNG(1),2.01,3,0.687,0.0174
RNG(1),2.02,3,0.687,0.0174
RNG(1),2.03,3,0.687,0.0174
RNG(1),2.04,3,0.6871,0.0173
RNG(1),2.05,3,0.6871,0.0173
RNG(1),2.06,3,0.6871,0.0173
RNG(1),2.07,3,0.6871,0.0173
RNG(1),2.08,3,0.6871,0.0173
RNG(1),2.09,3,0.6871,0.0173
RNG(1),2.1,3,0.6871,0.0173
RNG(1),2.11,3,0.6871,0.0173
RNG(1),2.12,3,0.6871,0.0175
RNG(1),2.13,3,0.6871,0.0175
RNG(1),2.14,3,0.6871,0.0176
RNG(1),2.15,3,0.6871,0.0176
RNG(1),2.16,3,0.6871,0.0176
RNG(1),2.17,3,0.6872,0.0175
RNG(1),2.18,3,0.6871,0.0176
RNG(1),2.19,3,0.6872,0.0176
RNG(1),2.2,3,0.6872,0.0175
RNG(1),2.21,3,0.6872,0.0175
RNG(1),2.22,3,0.6872,0.0175
RNG(1),2.23,3,0.6872,0.0175
RNG(1),2.24,3,0.6872,0.0175
RNG(1),2.25,3,0.6872,0.0175
RNG(1),2.26,3,0.6872,0.0175
RNG(1),2.27,3,0.6872,0.0174
RNG(1),2.28,3,0.6872,0.0174
RNG(1),2.29,3,0.6873,0.0176
RNG(1),2.3,3,0.6873,0.0176
RNG(1),2.31,3,0.6873,0.0176
RNG(1),2.32,3,0.6873,0.0176
RNG(1),2.33,3,0.6873,0.0175
RNG(1),2.34,3,0.6873,0.0174
RNG(1),2.35,3,0.6873,0.0174
RNG(1),2.36,3,0.6873,0.0174
RNG(1),2.37,3,0.6873,0.0174
RNG(1),2.38,3,0.6873,0.0174
RNG(1),2.39,3,0.6874,0.0175
RNG(1),2.4,3,0.6874,0.0175
RNG(1),2.41,3,0.6874,0.0175
RNG(1),2.42,3,0.6874,0.0175
RNG(1),2.43,3,0.6874,0.0175
RNG(1),2.44,3,0.6874,0.0174
RNG(1),2.45,3,0.6875,0.0174
RNG(1),2.46,3,0.6875,0.0174
RNG(1),2.47,3,0.6875,0.0174
RNG(1),2.48,3,0.6875,0.0174
RNG(1),2.49,3,0.6875,0.0174
RNG(1),2.5,3,0.6875,0.0174
RNG(1),2.51,3,0.6875,0.0174
RNG(1),2.52,3,0.6875,0.0174
RNG(1),2.53,3,0.6875,0.0174
RNG(1),2.54,3,0.6875,0.0174
RNG(1),2.55,3,0.6875,0.0174
RNG(1),2.56,3,0.6875,0.0174
RNG(1),2.57,3,0.6875,0.0174
RNG(1),2.58,3,0.6875,0.0174
RNG(1),2.59,3,0.6875,0.0174
RNG(1),2.6,3,0.6875,0.0175
RNG(1),2.61,3,0.6875,0.0175
RNG(1),2.62,3,0.6875,0.0175
RNG(1),2.63,3,0.6875,0.0175
RNG(1),2.64,3,0.6875,0.0175
RNG(1),2.65,3,0.6875,0.0175
RNG(1),2.66,3,0.6875,0.0176
RNG(1),2.67,3,0.6875,0.0176
RNG(1),2.68,3,0.6875,0.0177
RNG(1),2.69,3,0.6875,0.0177
RNG(1),2.7,3,0.6876,0.0178
RNG(1),2.71,3,0.6876,0.0178
RNG(1),2.72,3,0.6876,0.0178
RNG(1),2.73,3,0.6876,0.0178
RNG(1),2.74,3,0.6876,0.0178
RNG(1),2.75,3,0.6876,0.0177
RNG(1),2.76,3,0.6876,0.0177
RNG(1),2.77,3,0.6876,0.0177
RNG(1),2.78,3,0.6876,0.0177
RNG(1),2.79,3,0.6876,0.0177
RNG(1),2.8,3,0.6876,0.0177
RNG(1),2.81,3,0.6876,0.0177
RNG(1),2.82,3,0.6876,0.0177
RNG(1),2.83,3,0.6876,0.0177
RNG(1),2.84,3,0.6876,0.0177
RNG(1),2.85,3,0.6876,0.0177
RNG(1),2.86,3,0.6876,0.0177
RNG(1),2.87,3,0.6876,0.0177
RNG(1),2.88,3,0.6876,0.0177
RNG(1),2.89,3,0.6876,0.0177
RNG(1),2.9,3,0.6876,0.0177
RNG(1),2.91,3,0.6876,0.0177
RNG(1),2.92,3,0.6876,0.0177
RNG(1),2.93,3,0.6876,0.0177
RNG(1),2.94,3,0.6876,0.0177
RNG(1),2.95,3,0.6876,0.0177
RNG(1),2.96,3,0.6876,0.0177
RNG(1),2.97,3,0.6876,0.0177
RNG(1),2.98,3,0.6876,0.0177
RNG(1),2.99,3,0.6875,0.0177
RNG(1),3.0,3,0.6875,0.0177
RNG(1),3.01,3,0.6875,0.0177
RNG(1),3.02,3,0.6875,0.0177
RNG(1),3.03,3,0.6875,0.0177
RNG(1),3.04,3,0.6875,0.0177
RNG(1),3.05,3,0.6875,0.0177
RNG(1),3.06,3,0.6875,0.0177
RNG(1),3.07,3,0.6875,0.0177
RNG(1),3.08,3,0.6875,0.0177
RNG(1),3.09,3,0.6875,0.0177
RNG(1),3.1,3,0.6875,0.0177
RNG(1),3.11,3,0.6875,0.0177
RNG(1),3.12,3,0.6875,0.0177
RNG(1),3.13,3,0.6875,0.0177
RNG(1),3.14,3,0.6876,0.0176
RNG(1),3.15,3,0.6876,0.0176
RNG(1),3.16,3,0.6876,0.0176
RNG(1),3.17,3,0.6876,0.0176
RNG(1),3.18,3,0.6876,0.0176
RNG(1),3.19,3,0.6876,0.0176
RNG(1),3.2,3,0.6876,0.0176
RNG(1),3.21,3,0.6876,0.0178
RNG(1),3.22,3,0.6876,0.0178
RNG(1),3.23,3,0.6876,0.0178
RNG(1),3.24,3,0.6876,0.0178
RNG(1),3.25,3,0.6876,0.0178
RNG(1),3.26,3,0.6876,0.0178
RNG(1),3.27,3,0.6876,0.0178
RNG(1),3.28,3,0.6876,0.0178
RNG(1),3.29,3,0.6876,0.0178
RNG(1),3.3,3,0.6876,0.0178
RNG(1),3.31,3,0.6876,0.0178
RNG(1),3.32,3,0.6876,0.0177
RNG(1),3.33,3,0.6876,0.0177
RNG(1),3.34,3,0.6875,0.0177
RNG(1),3.35,3,0.6875,0.0177
RNG(1),3.36,3,0.6876,0.0176
RNG(1),3.37,3,0.6876,0.0176
RNG(1),3.38,3,0.6876,0.0176
RNG(1),3.39,3,0.6876,0.0176
RNG(1),3.4,3,0.6877,0.0176
RNG(1),3.41,3,0.6877,0.0176
RNG(1),3.42,3,0.6878,0.0177
RNG(1),3.43,3,0.6878,0.0177
RNG(1),3.44,3,0.6877,0.0178
RNG(1),3.45,3,0.6877,0.0178
RNG(1),3.46,3,0.6877,0.0178
RNG(1),3.47,3,0.6877,0.0178
RNG(1),3.48,3,0.6878,0.0178
RNG(1),3.49,3,0.6878,0.0178
RNG(1),3.5,3,0.6879,0.0178
RNG(1),3.51,3,0.6879,0.0178
RNG(1),3.52,3,0.6879,0.0178
RNG(1),3.53,3,0.6879,0.0178
RNG(1),3.54,3,0.6879,0.0178
RNG(1),3.55,3,0.6879,0.0178
RNG(1),3.56,3,0.6879,0.0178
RNG(1),3.57,3,0.6879,0.0178
RNG(1),3.58,3,0.6879,0.0178
RNG(1),3.59,3,0.6879,0.0178
RNG(1),3.6,3,0.6879,0.0178
RNG(1),3.61,3,0.6879,0.0178
RNG(1),3.62,3,0.6879,0.0178
RNG(1),3.63,3,0.6879,0.0178
RNG(1),3.64,3,0.6879,0.0178
RNG(1),3.65,3,0.6879,0.0178
RNG(1),3.66,3,0.6879,0.0178
RNG(1),3.67,3,0.6878,0.0179
RNG(1),3.68,3,0.6878,0.0179
RNG(1),3.69,3,0.6878,0.0179
RNG(1),3.7,3,0.6878,0.0179
RNG(1),3.71,3,0.6878,0.0179
RNG(1),3.72,3,0.6878,0.0179
RNG(1),3.73,3,0.6878,0.0179
RNG(1),3.74,3,0.6878,0.0179
RNG(1),3.75,3,0.6878,0.0179
RNG(1),3.76,3,0.6878,0.0179
RNG(1),3.77,3,0.6878,0.0179
RNG(1),3.78,3,0.6878,0.0179
RNG(1),3.79,3,0.6878,0.0179
RNG(1),3.8,3,0.6878,0.0179
RNG(1),3.81,3,0.6878,0.0179
RNG(1),3.82,3,0.6878,0.0179
RNG(1),3.83,3,0.6878,0.0179
RNG(1),3.84,3,0.6878,0.0179
RNG(1),3.85,3,0.6878,0.0179
RNG(1),3.86,3,0.6878,0.0179
RNG(1),3.87,3,0.6878,0.0179
RNG(1),3.88,3,0.6878,0.0179
RNG(1),3.89,3,0.6878,0.0179
RNG(1),3.9,3,0.6878,0.0179
RNG(1),3.91,3,0.6878,0.0179
RNG(1),3.92,3,0.6878,0.0179
RNG(1),3.93,3,0.6878,0.0179
RNG(1),3.94,3,0.6878,0.0179
RNG(1),3.95,3,0.6878,0.0179
RNG(1),3.96,3,0.6878,0.0179
RNG(1),3.97,3,0.6878,0.0179
RNG(1),3.98,3,0.6878,0.0179
RNG(1),3.99,3,0.6878,0.0179
RNG(1),4.0,3,0.6878,0.0179
RNG(1),4.01,3,0.6878,0.0179
RNG(1),4.02,3,0.6878,0.0179
RNG(1),4.03,3,0.6878,0.0179
RNG(1),4.04,3,0.6878,0.0179
RNG(1),4.05,3,0.6878,0.0179
RNG(1),4.06,3,0.6878,0.0179
RNG(1),4.07,3,0.6879,0.018
RNG(1),4.08,3,0.6879,0.018
RNG(1),4.09,3,0.6879,0.018
RNG(1),4.1,3,0.6879,0.018
RNG(1),4.11,3,0.6879,0.018
RNG(1),4.12,3,0.6879,0.018
RNG(1),4.13,3,0.6879,0.018
RNG(1),4.14,3,0.6879,0.018
RNG(1),4.15,3,0.6879,0.018
RNG(1),4.16,3,0.6879,0.018
RNG(1),4.17,2,0.689,0.0883
RNG(1),4.18,3,0.6879,0.018
RNG(1),4.19,3,0.6879,0.018
RNG(1),4.2,3,0.6879,0.018
RNG(1),4.21,3,0.6879,0.018
RNG(1),4.22,2,0.689,0.0883
RNG(1),4.23,3,0.6879,0.018
RNG(1),4.24,3,0.6879,0.018
RNG(1),4.25,3,0.6879,0.018
RNG(1),4.28,3,0.6878,0.018
RNG(1),4.29,3,0.6878,0.018
RNG(1),4.31,2,0.689,0.0883
RNG(1),4.32,3,0.6878,0.018
RNG(1),4.34,2,0.689,0.0883
RNG(1),4.36,2,0.689,0.0883
RNG(1),4.37,1,0.6821,0.0
MMR(0.3),4.26,2,0.5059,0.0667
MMR(0.3),4.27,2,0.5058,0.0654
MMR(0.3),4.33,2,0.5056,0.0654
MMR(0.5),4.26,2,0.6181,0.1213
MMR(0.5),4.27,2,0.6181,0.1213
MMR(0.5),4.33,2,0.6181,0.122
MMR(0.7),4.26,2,0.7579,0.0845
MMR(0.7),4.27,2,0.7579,0.0845
MMR(0.7),4.33,2,0.7579,0.0845
MMR(0.9),4.26,2,0.7211,0.0597
MMR(0.9),4.27,2,0.7211,0.0597
MMR(0.9),4.33,2,0.7211,0.0597
Maxmin,4.26,2,0.4795,0.0553
Maxmin,4.27,2,0.4793,0.054
Maxmin,4.33,2,0.4792,0.0546
Greedy-DPP,4.26,2,0.7557,0.0851
Greedy-DPP,4.27,2,0.7557,0.0851
Greedy-DPP,4.33,2,0.7557,0.0851
RNG(-0.3),4.26,2,0.7238,0.0591
RNG(-0.3),4.27,2,0.7238,0.0591
RNG(-0.3),4.33,2,0.7238,0.0597
RNG(-0.2),4.26,2,0.7593,0.0642
RNG(-0.2),4.27,2,0.7593,0.0642
RNG(-0.2),4.33,2,0.7593,0.0642
RNG(-0.1),4.26,2,0.7608,0.068
RNG(-0.1),4.27,2,0.7608,0.068
RNG(-0.1),4.33,2,0.7608,0.068
RNG(-0.05),4.26,2,0.748,0.0756
RNG(-0.05),4.27,2,0.748,0.0756
RNG(-0.05),4.33,2,0.748,0.0756
RNG(0),4.26,2,0.7373,0.1124
RNG(0),4.27,2,0.7373,0.1124
RNG(0),4.33,2,0.7373,0.1124
RNG(0.05),4.26,2,0.7359,0.1067
RNG(0.05),4.27,2,0.7359,0.1067
RNG(0.05),4.33,2,0.7359,0.1067
RNG(0.1),4.26,2,0.7415,0.0921
RNG(0.1),4.27,2,0.7415,0.0921
RNG(0.1),4.33,2,0.7415,0.0921
RNG(0.2),4.26,2,0.7419,0.087
RNG(0.2),4.27,2,0.7419,0.087
RNG(0.2),4.33,2,0.7419,0.0877
RNG(0.3),4.26,2,0.7308,0.0959
RNG(0.3),4.27,2,0.7308,0.0959
RNG(0.3),4.33,2,0.7307,0.0966
RNG(0.5),4.26,2,0.71,0.0851
RNG(0.5),4.27,2,0.71,0.0851
RNG(0.5),4.33,2,0.71,0.0858
RNG(1),4.26,2,0.6907,0.0667
RNG(1),4.27,2,0.6907,0.0667
RNG(1),4.33,2,0.6907,0.0673
MMR(0.3),4.39,1,0.5108,0.0
MMR(0.3),4.45,1,0.5108,0.0
MMR(0.3),4.51,1,0.5108,0.0
MMR(0.3),4.52,1,0.5108,0.0
MMR(0.5),4.39,1,0.6277,0.0
MMR(0.5),4.45,1,0.6277,0.0
MMR(0.5),4.51,1,0.6277,0.0
MMR(0.5),4.52,1,0.6277,0.0
MMR(0.7),4.39,1,0.7646,0.0
MMR(0.7),4.45,1,0.7646,0.0
MMR(0.7),4.51,1,0.7646,0.0
MMR(0.7),4.52,1,0.7646,0.0
MMR(0.9),4.39,1,0.7258,0.0
MMR(0.9),4.45,1,0.7258,0.0
MMR(0.9),4.51,1,0.7258,0.0
MMR(0.9),4.52,1,0.7258,0.0
Maxmin,4.39,1,0.4835,0.0
Maxmin,4.45,1,0.4835,0.0
Maxmin,4.51,1,0.4835,0.0
Maxmin,4.52,1,0.4835,0.0
Greedy-DPP,4.39,1,0.7624,0.0
Greedy-DPP,4.45,1,0.7624,0.0
Greedy-DPP,4.51,1,0.7624,0.0
Greedy-DPP,4.52,1,0.7624,0.0
RNG(-0.3),4.39,1,0.7285,0.0
RNG(-0.3),4.45,1,0.7285,0.0
RNG(-0.3),4.51,1,0.7285,0.0
RNG(-0.3),4.52,1,0.7285,0.0
RNG(-0.2),4.39,1,0.7644,0.0
RNG(-0.2),4.45,1,0.7644,0.0
RNG(-0.2),4.51,1,0.7644,0.0
RNG(-0.2),4.52,1,0.7644,0.0
RNG(-0.1),4.39,1,0.7661,0.0
RNG(-0.1),4.45,1,0.7661,0.0
RNG(-0.1),4.51,1,0.7661,0.0
RNG(-0.1),4.52,1,0.7661,0.0
RNG(-0.05),4.39,1,0.7539,0.0
RNG(-0.05),4.45,1,0.7539,0.0
RNG(-0.05),4.51,1,0.7539,0.0
RNG(-0.05),4.52,1,0.7539,0.0
RNG(0),4.39,1,0.7462,0.0
RNG(0),4.45,1,0.7462,0.0
RNG(0),4.51,1,0.7462,0.0
RNG(0),4.52,1,0.7462,0.0
RNG(0.05),4.39,1,0.7443,0.0
RNG(0.05),4.45,1,0.7443,0.0
RNG(0.05),4.51,1,0.7443,0.0
RNG(0.05),4.52,1,0.7443,0.0
RNG(0.1),4.39,1,0.7488,0.0
RNG(0.1),4.45,1,0.7488,0.0
RNG(0.1),4.51,1,0.7488,0.0
RNG(0.1),4.52,1,0.7488,0.0
RNG(0.2),4.39,1,0.7488,0.0
RNG(0.2),4.45,1,0.7488,0.0
RNG(0.2),4.51,1,0.7488,0.0
RNG(0.2),4.52,1,0.7488,0.0
RNG(0.3),4.39,1,0.7383,0.0
RNG(0.3),4.45,1,0.7383,0.0
RNG(0.3),4.51,1,0.7383,0.0
RNG(0.3),4.52,1,0.7383,0.0
RNG(0.5),4.39,1,0.7167,0.0
RNG(0.5),4.45,1,0.7167,0.0
RNG(0.5),4.51,1,0.7167,0.0
RNG(0.5),4.52,1,0.7167,0.0
RNG(1),4.39,1,0.696,0.0
RNG(1),4.45,1,0.696,0.0
RNG(1),4.51,1,0.696,0.0
RNG(1),4.52,1,0.696,0.0
