rho,seed,Method,Chosen,PoolRedundancy,Recall@k,NDCG@k,MRR,alpha-NDCG@k,S-Recall@k,ERR-IA@k,APD,Vendi,p(S-Recall@k vs kNN),RunParams
0.0,0,kNN,kNN,0.0,0.7629,0.7508,0.8801,0.7767,0.8017,0.5929,0.5204,3.3822,,"{""alpha_grid"": [-0.3, -0.2, -0.1, -0.05, 0.0, 0.05, 0.1, 0.2, 0.3, 0.5, 1.0], ""batch_size"": 64, ""chunk_window"": 60, ""dataset"": ""hotpotqa_fullwiki"", ""device"": ""cuda"", ""dup_noise"": ""light"", ""dup_target"": ""mixed"", ""encode_cache"": true, ""encoder_model"": ""Qwen/Qwen3-Embedding-4B"", ""experiment"": ""both"", ""gen_max_samples"": 1000, ""gen_methods"": [], ""generator_model"": null, ""git_commit"": ""9372710"", ""lambda_grid"": [0.3, 0.5, 0.7, 0.9], ""max_samples"": null, ""metric"": ""cosine"", ""objective"": ""S-Recall@k"", ""overlap_grid"": [0.0, 0.25, 0.5, 0.75], ""reanalyzed_objective"": ""S-Recall@k"", ""rho_grid"": [0.0, 0.025, 0.05, 0.1, 0.15, 0.25, 0.5, 1.0], ""run_generation"": false, ""script"": ""evaluate_redundancy.py"", ""seed"": 0, ""seeds"": [0, 1, 2], ""single_subtopic"": false, ""split"": ""validation"", ""timestamp"": ""2026-06-25_172848"", ""top_k"": 5, ""top_m"": 100, ""val_fraction"": 0.2}"
0.0,0,Maxmin,Maxmin,0.0,0.4283,0.5187,0.8396,0.5396,0.4557,0.4483,0.7473,4.3151,0.0,"{""alpha_grid"": [-0.3, -0.2, -0.1, -0.05, 0.0, 0.05, 0.1, 0.2, 0.3, 0.5, 1.0], ""batch_size"": 64, ""chunk_window"": 60, ""dataset"": ""hotpotqa_fullwiki"", ""device"": ""cuda"", ""dup_noise"": ""light"", ""dup_target"": ""mixed"", ""encode_cache"": true, ""encoder_model"": ""Qwen/Qwen3-Embedding-4B"", ""experiment"": ""both"", ""gen_max_samples"": 1000, ""gen_methods"": [], ""generator_model"": null, ""git_commit"": ""9372710"", ""lambda_grid"": [0.3, 0.5, 0.7, 0.9], ""max_samples"": null, ""metric"": ""cosine"", ""objective"": ""S-Recall@k"", ""overlap_grid"": [0.0, 0.25, 0.5, 0.75], ""reanalyzed_objective"": ""S-Recall@k"", ""rho_grid"": [0.0, 0.025, 0.05, 0.1, 0.15, 0.25, 0.5, 1.0], ""run_generation"": false, ""script"": ""evaluate_redundancy.py"", ""seed"": 0, ""seeds"": [0, 1, 2], ""single_subtopic"": false, ""split"": ""validation"", ""timestamp"": ""2026-06-25_172848"", ""top_k"": 5, ""top_m"": 100, ""val_fraction"": 0.2}"
0.0,0,Greedy-DPP,Greedy-DPP,0.0,0.6868,0.7048,0.8723,0.7293,0.7224,0.5667,0.5922,3.7596,0.0,"{""alpha_grid"": [-0.3, -0.2, -0.1, -0.05, 0.0, 0.05, 0.1, 0.2, 0.3, 0.5, 1.0], ""batch_size"": 64, ""chunk_window"": 60, ""dataset"": ""hotpotqa_fullwiki"", ""device"": ""cuda"", ""dup_noise"": ""light"", ""dup_target"": ""mixed"", ""encode_cache"": true, ""encoder_model"": ""Qwen/Qwen3-Embedding-4B"", ""experiment"": ""both"", ""gen_max_samples"": 1000, ""gen_methods"": [], ""generator_model"": null, ""git_commit"": ""9372710"", ""lambda_grid"": [0.3, 0.5, 0.7, 0.9], ""max_samples"": null, ""metric"": ""cosine"", ""objective"": ""S-Recall@k"", ""overlap_grid"": [0.0, 0.25, 0.5, 0.75], ""reanalyzed_objective"": ""S-Recall@k"", ""rho_grid"": [0.0, 0.025, 0.05, 0.1, 0.15, 0.25, 0.5, 1.0], ""run_generation"": false, ""script"": ""evaluate_redundancy.py"", ""seed"": 0, ""seeds"": [0, 1, 2], ""single_subtopic"": false, ""split"": ""validation"", ""timestamp"": ""2026-06-25_172848"", ""top_k"": 5, ""top_m"": 100, ""val_fraction"": 0.2}"
0.0,0,MMR*,MMR(0.9),0.0,0.7563,0.7484,0.88,0.7742,0.7953,0.5921,0.5361,3.468,3.8e-05,"{""alpha_grid"": [-0.3, -0.2, -0.1, -0.05, 0.0, 0.05, 0.1, 0.2, 0.3, 0.5, 1.0], ""batch_size"": 64, ""chunk_window"": 60, ""dataset"": ""hotpotqa_fullwiki"", ""device"": ""cuda"", ""dup_noise"": ""light"", ""dup_target"": ""mixed"", ""encode_cache"": true, ""encoder_model"": ""Qwen/Qwen3-Embedding-4B"", ""experiment"": ""both"", ""gen_max_samples"": 1000, ""gen_methods"": [], ""generator_model"": null, ""git_commit"": ""9372710"", ""lambda_grid"": [0.3, 0.5, 0.7, 0.9], ""max_samples"": null, ""metric"": ""cosine"", ""objective"": ""S-Recall@k"", ""overlap_grid"": [0.0, 0.25, 0.5, 0.75], ""reanalyzed_objective"": ""S-Recall@k"", ""rho_grid"": [0.0, 0.025, 0.05, 0.1, 0.15, 0.25, 0.5, 1.0], ""run_generation"": false, ""script"": ""evaluate_redundancy.py"", ""seed"": 0, ""seeds"": [0, 1, 2], ""single_subtopic"": false, ""split"": ""validation"", ""timestamp"": ""2026-06-25_172848"", ""top_k"": 5, ""top_m"": 100, ""val_fraction"": 0.2}"
0.0,0,RNG*,RNG(0.3),0.0,0.7652,0.7549,0.8805,0.7808,0.8041,0.5964,0.5369,3.4515,0.075005,"{""alpha_grid"": [-0.3, -0.2, -0.1, -0.05, 0.0, 0.05, 0.1, 0.2, 0.3, 0.5, 1.0], ""batch_size"": 64, ""chunk_window"": 60, ""dataset"": ""hotpotqa_fullwiki"", ""device"": ""cuda"", ""dup_noise"": ""light"", ""dup_target"": ""mixed"", ""encode_cache"": true, ""encoder_model"": ""Qwen/Qwen3-Embedding-4B"", ""experiment"": ""both"", ""gen_max_samples"": 1000, ""gen_methods"": [], ""generator_model"": null, ""git_commit"": ""9372710"", ""lambda_grid"": [0.3, 0.5, 0.7, 0.9], ""max_samples"": null, ""metric"": ""cosine"", ""objective"": ""S-Recall@k"", ""overlap_grid"": [0.0, 0.25, 0.5, 0.75], ""reanalyzed_objective"": ""S-Recall@k"", ""rho_grid"": [0.0, 0.025, 0.05, 0.1, 0.15, 0.25, 0.5, 1.0], ""run_generation"": false, ""script"": ""evaluate_redundancy.py"", ""seed"": 0, ""seeds"": [0, 1, 2], ""single_subtopic"": false, ""split"": ""validation"", ""timestamp"": ""2026-06-25_172848"", ""top_k"": 5, ""top_m"": 100, ""val_fraction"": 0.2}"
0.0,0,Seg*,Seg(0.3),0.0,0.7647,0.7545,0.8806,0.7805,0.8037,0.5962,0.5325,3.4332,0.105002,"{""alpha_grid"": [-0.3, -0.2, -0.1, -0.05, 0.0, 0.05, 0.1, 0.2, 0.3, 0.5, 1.0], ""batch_size"": 64, ""chunk_window"": 60, ""dataset"": ""hotpotqa_fullwiki"", ""device"": ""cuda"", ""dup_noise"": ""light"", ""dup_target"": ""mixed"", ""encode_cache"": true, ""encoder_model"": ""Qwen/Qwen3-Embedding-4B"", ""experiment"": ""both"", ""gen_max_samples"": 1000, ""gen_methods"": [], ""generator_model"": null, ""git_commit"": ""9372710"", ""lambda_grid"": [0.3, 0.5, 0.7, 0.9], ""max_samples"": null, ""metric"": ""cosine"", ""objective"": ""S-Recall@k"", ""overlap_grid"": [0.0, 0.25, 0.5, 0.75], ""reanalyzed_objective"": ""S-Recall@k"", ""rho_grid"": [0.0, 0.025, 0.05, 0.1, 0.15, 0.25, 0.5, 1.0], ""run_generation"": false, ""script"": ""evaluate_redundancy.py"", ""seed"": 0, ""seeds"": [0, 1, 2], ""single_subtopic"": false, ""split"": ""validation"", ""timestamp"": ""2026-06-25_172848"", ""top_k"": 5, ""top_m"": 100, ""val_fraction"": 0.2}"
0.025,0,kNN,kNN,0.0006,0.7486,0.7264,0.8917,0.789,0.7885,0.5739,0.4688,2.8578,,"{""alpha_grid"": [-0.3, -0.2, -0.1, -0.05, 0.0, 0.05, 0.1, 0.2, 0.3, 0.5, 1.0], ""batch_size"": 64, ""chunk_window"": 60, ""dataset"": ""hotpotqa_fullwiki"", ""device"": ""cuda"", ""dup_noise"": ""light"", ""dup_target"": ""mixed"", ""encode_cache"": true, ""encoder_model"": ""Qwen/Qwen3-Embedding-4B"", ""experiment"": ""both"", ""gen_max_samples"": 1000, ""gen_methods"": [], ""generator_model"": null, ""git_commit"": ""9372710"", ""lambda_grid"": [0.3, 0.5, 0.7, 0.9], ""max_samples"": null, ""metric"": ""cosine"", ""objective"": ""S-Recall@k"", ""overlap_grid"": [0.0, 0.25, 0.5, 0.75], ""reanalyzed_objective"": ""S-Recall@k"", ""rho_grid"": [0.0, 0.025, 0.05, 0.1, 0.15, 0.25, 0.5, 1.0], ""run_generation"": false, ""script"": ""evaluate_redundancy.py"", ""seed"": 0, ""seeds"": [0, 1, 2], ""single_subtopic"": false, ""split"": ""validation"", ""timestamp"": ""2026-06-25_172848"", ""top_k"": 5, ""top_m"": 100, ""val_fraction"": 0.2}"
0.025,0,Maxmin,Maxmin,0.0006,0.4366,0.5293,0.857,0.4909,0.466,0.4588,0.734,4.163,0.0,"{""alpha_grid"": [-0.3, -0.2, -0.1, -0.05, 0.0, 0.05, 0.1, 0.2, 0.3, 0.5, 1.0], ""batch_size"": 64, ""chunk_window"": 60, ""dataset"": ""hotpotqa_fullwiki"", ""device"": ""cuda"", ""dup_noise"": ""light"", ""dup_target"": ""mixed"", ""encode_cache"": true, ""encoder_model"": ""Qwen/Qwen3-Embedding-4B"", ""experiment"": ""both"", ""gen_max_samples"": 1000, ""gen_methods"": [], ""generator_model"": null, ""git_commit"": ""9372710"", ""lambda_grid"": [0.3, 0.5, 0.7, 0.9], ""max_samples"": null, ""metric"": ""cosine"", ""objective"": ""S-Recall@k"", ""overlap_grid"": [0.0, 0.25, 0.5, 0.75], ""reanalyzed_objective"": ""S-Recall@k"", ""rho_grid"": [0.0, 0.025, 0.05, 0.1, 0.15, 0.25, 0.5, 1.0], ""run_generation"": false, ""script"": ""evaluate_redundancy.py"", ""seed"": 0, ""seeds"": [0, 1, 2], ""single_subtopic"": false, ""split"": ""validation"", ""timestamp"": ""2026-06-25_172848"", ""top_k"": 5, ""top_m"": 100, ""val_fraction"": 0.2}"
0.025,0,Greedy-DPP,Greedy-DPP,0.0006,0.69,0.7119,0.8859,0.6329,0.7272,0.5752,0.5899,3.7503,0.0,"{""alpha_grid"": [-0.3, -0.2, -0.1, -0.05, 0.0, 0.05, 0.1, 0.2, 0.3, 0.5, 1.0], ""batch_size"": 64, ""chunk_window"": 60, ""dataset"": ""hotpotqa_fullwiki"", ""device"": ""cuda"", ""dup_noise"": ""light"", ""dup_target"": ""mixed"", ""encode_cache"": true, ""encoder_model"": ""Qwen/Qwen3-Embedding-4B"", ""experiment"": ""both"", ""gen_max_samples"": 1000, ""gen_methods"": [], ""generator_model"": null, ""git_commit"": ""9372710"", ""lambda_grid"": [0.3, 0.5, 0.7, 0.9], ""max_samples"": null, ""metric"": ""cosine"", ""objective"": ""S-Recall@k"", ""overlap_grid"": [0.0, 0.25, 0.5, 0.75], ""reanalyzed_objective"": ""S-Recall@k"", ""rho_grid"": [0.0, 0.025, 0.05, 0.1, 0.15, 0.25, 0.5, 1.0], ""run_generation"": false, ""script"": ""evaluate_redundancy.py"", ""seed"": 0, ""seeds"": [0, 1, 2], ""single_subtopic"": false, ""split"": ""validation"", ""timestamp"": ""2026-06-25_172848"", ""top_k"": 5, ""top_m"": 100, ""val_fraction"": 0.2}"
0.025,0,MMR*,MMR(0.9),0.0006,0.7444,0.7338,0.8924,0.7764,0.7844,0.5828,0.4867,2.9759,0.007641,"{""alpha_grid"": [-0.3, -0.2, -0.1, -0.05, 0.0, 0.05, 0.1, 0.2, 0.3, 0.5, 1.0], ""batch_size"": 64, ""chunk_window"": 60, ""dataset"": ""hotpotqa_fullwiki"", ""device"": ""cuda"", ""dup_noise"": ""light"", ""dup_target"": ""mixed"", ""encode_cache"": true, ""encoder_model"": ""Qwen/Qwen3-Embedding-4B"", ""experiment"": ""both"", ""gen_max_samples"": 1000, ""gen_methods"": [], ""generator_model"": null, ""git_commit"": ""9372710"", ""lambda_grid"": [0.3, 0.5, 0.7, 0.9], ""max_samples"": null, ""metric"": ""cosine"", ""objective"": ""S-Recall@k"", ""overlap_grid"": [0.0, 0.25, 0.5, 0.75], ""reanalyzed_objective"": ""S-Recall@k"", ""rho_grid"": [0.0, 0.025, 0.05, 0.1, 0.15, 0.25, 0.5, 1.0], ""run_generation"": false, ""script"": ""evaluate_redundancy.py"", ""seed"": 0, ""seeds"": [0, 1, 2], ""single_subtopic"": false, ""split"": ""validation"", ""timestamp"": ""2026-06-25_172848"", ""top_k"": 5, ""top_m"": 100, ""val_fraction"": 0.2}"
0.025,0,RNG*,RNG(0.5),0.0006,0.7514,0.7357,0.8915,0.7897,0.7912,0.5826,0.4772,2.8902,0.004847,"{""alpha_grid"": [-0.3, -0.2, -0.1, -0.05, 0.0, 0.05, 0.1, 0.2, 0.3, 0.5, 1.0], ""batch_size"": 64, ""chunk_window"": 60, ""dataset"": ""hotpotqa_fullwiki"", ""device"": ""cuda"", ""dup_noise"": ""light"", ""dup_target"": ""mixed"", ""encode_cache"": true, ""encoder_model"": ""Qwen/Qwen3-Embedding-4B"", ""experiment"": ""both"", ""gen_max_samples"": 1000, ""gen_methods"": [], ""generator_model"": null, ""git_commit"": ""9372710"", ""lambda_grid"": [0.3, 0.5, 0.7, 0.9], ""max_samples"": null, ""metric"": ""cosine"", ""objective"": ""S-Recall@k"", ""overlap_grid"": [0.0, 0.25, 0.5, 0.75], ""reanalyzed_objective"": ""S-Recall@k"", ""rho_grid"": [0.0, 0.025, 0.05, 0.1, 0.15, 0.25, 0.5, 1.0], ""run_generation"": false, ""script"": ""evaluate_redundancy.py"", ""seed"": 0, ""seeds"": [0, 1, 2], ""single_subtopic"": false, ""split"": ""validation"", ""timestamp"": ""2026-06-25_172848"", ""top_k"": 5, ""top_m"": 100, ""val_fraction"": 0.2}"
0.025,0,Seg*,Seg(0.3),0.0006,0.7507,0.7371,0.8917,0.7881,0.7906,0.5843,0.483,2.9166,0.101009,"{""alpha_grid"": [-0.3, -0.2, -0.1, -0.05, 0.0, 0.05, 0.1, 0.2, 0.3, 0.5, 1.0], ""batch_size"": 64, ""chunk_window"": 60, ""dataset"": ""hotpotqa_fullwiki"", ""device"": ""cuda"", ""dup_noise"": ""light"", ""dup_target"": ""mixed"", ""encode_cache"": true, ""encoder_model"": ""Qwen/Qwen3-Embedding-4B"", ""experiment"": ""both"", ""gen_max_samples"": 1000, ""gen_methods"": [], ""generator_model"": null, ""git_commit"": ""9372710"", ""lambda_grid"": [0.3, 0.5, 0.7, 0.9], ""max_samples"": null, ""metric"": ""cosine"", ""objective"": ""S-Recall@k"", ""overlap_grid"": [0.0, 0.25, 0.5, 0.75], ""reanalyzed_objective"": ""S-Recall@k"", ""rho_grid"": [0.0, 0.025, 0.05, 0.1, 0.15, 0.25, 0.5, 1.0], ""run_generation"": false, ""script"": ""evaluate_redundancy.py"", ""seed"": 0, ""seeds"": [0, 1, 2], ""single_subtopic"": false, ""split"": ""validation"", ""timestamp"": ""2026-06-25_172848"", ""top_k"": 5, ""top_m"": 100, ""val_fraction"": 0.2}"
0.05,0,kNN,kNN,0.0011,0.76,0.727,0.8958,0.7725,0.8002,0.5721,0.4219,2.5232,,"{""alpha_grid"": [-0.3, -0.2, -0.1, -0.05, 0.0, 0.05, 0.1, 0.2, 0.3, 0.5, 1.0], ""batch_size"": 64, ""chunk_window"": 60, ""dataset"": ""hotpotqa_fullwiki"", ""device"": ""cuda"", ""dup_noise"": ""light"", ""dup_target"": ""mixed"", ""encode_cache"": true, ""encoder_model"": ""Qwen/Qwen3-Embedding-4B"", ""experiment"": ""both"", ""gen_max_samples"": 1000, ""gen_methods"": [], ""generator_model"": null, ""git_commit"": ""9372710"", ""lambda_grid"": [0.3, 0.5, 0.7, 0.9], ""max_samples"": null, ""metric"": ""cosine"", ""objective"": ""S-Recall@k"", ""overlap_grid"": [0.0, 0.25, 0.5, 0.75], ""reanalyzed_objective"": ""S-Recall@k"", ""rho_grid"": [0.0, 0.025, 0.05, 0.1, 0.15, 0.25, 0.5, 1.0], ""run_generation"": false, ""script"": ""evaluate_redundancy.py"", ""seed"": 0, ""seeds"": [0, 1, 2], ""single_subtopic"": false, ""split"": ""validation"", ""timestamp"": ""2026-06-25_172848"", ""top_k"": 5, ""top_m"": 100, ""val_fraction"": 0.2}"
0.05,0,Maxmin,Maxmin,0.0011,0.44,0.5329,0.862,0.4459,0.4704,0.4628,0.7288,4.1236,0.0,"{""alpha_grid"": [-0.3, -0.2, -0.1, -0.05, 0.0, 0.05, 0.1, 0.2, 0.3, 0.5, 1.0], ""batch_size"": 64, ""chunk_window"": 60, ""dataset"": ""hotpotqa_fullwiki"", ""device"": ""cuda"", ""dup_noise"": ""light"", ""dup_target"": ""mixed"", ""encode_cache"": true, ""encoder_model"": ""Qwen/Qwen3-Embedding-4B"", ""experiment"": ""both"", ""gen_max_samples"": 1000, ""gen_methods"": [], ""generator_model"": null, ""git_commit"": ""9372710"", ""lambda_grid"": [0.3, 0.5, 0.7, 0.9], ""max_samples"": null, ""metric"": ""cosine"", ""objective"": ""S-Recall@k"", ""overlap_grid"": [0.0, 0.25, 0.5, 0.75], ""reanalyzed_objective"": ""S-Recall@k"", ""rho_grid"": [0.0, 0.025, 0.05, 0.1, 0.15, 0.25, 0.5, 1.0], ""run_generation"": false, ""script"": ""evaluate_redundancy.py"", ""seed"": 0, ""seeds"": [0, 1, 2], ""single_subtopic"": false, ""split"": ""validation"", ""timestamp"": ""2026-06-25_172848"", ""top_k"": 5, ""top_m"": 100, ""val_fraction"": 0.2}"
0.05,0,Greedy-DPP,Greedy-DPP,0.0011,0.708,0.7262,0.8902,0.5806,0.7455,0.5856,0.5885,3.7435,0.0,"{""alpha_grid"": [-0.3, -0.2, -0.1, -0.05, 0.0, 0.05, 0.1, 0.2, 0.3, 0.5, 1.0], ""batch_size"": 64, ""chunk_window"": 60, ""dataset"": ""hotpotqa_fullwiki"", ""device"": ""cuda"", ""dup_noise"": ""light"", ""dup_target"": ""mixed"", ""encode_cache"": true, ""encoder_model"": ""Qwen/Qwen3-Embedding-4B"", ""experiment"": ""both"", ""gen_max_samples"": 1000, ""gen_methods"": [], ""generator_model"": null, ""git_commit"": ""9372710"", ""lambda_grid"": [0.3, 0.5, 0.7, 0.9], ""max_samples"": null, ""metric"": ""cosine"", ""objective"": ""S-Recall@k"", ""overlap_grid"": [0.0, 0.25, 0.5, 0.75], ""reanalyzed_objective"": ""S-Recall@k"", ""rho_grid"": [0.0, 0.025, 0.05, 0.1, 0.15, 0.25, 0.5, 1.0], ""run_generation"": false, ""script"": ""evaluate_redundancy.py"", ""seed"": 0, ""seeds"": [0, 1, 2], ""single_subtopic"": false, ""split"": ""validation"", ""timestamp"": ""2026-06-25_172848"", ""top_k"": 5, ""top_m"": 100, ""val_fraction"": 0.2}"
0.05,0,MMR*,MMR(0.9),0.0011,0.7573,0.7407,0.8957,0.7471,0.7977,0.5868,0.4497,2.7156,0.095422,"{""alpha_grid"": [-0.3, -0.2, -0.1, -0.05, 0.0, 0.05, 0.1, 0.2, 0.3, 0.5, 1.0], ""batch_size"": 64, ""chunk_window"": 60, ""dataset"": ""hotpotqa_fullwiki"", ""device"": ""cuda"", ""dup_noise"": ""light"", ""dup_target"": ""mixed"", ""encode_cache"": true, ""encoder_model"": ""Qwen/Qwen3-Embedding-4B"", ""experiment"": ""both"", ""gen_max_samples"": 1000, ""gen_methods"": [], ""generator_model"": null, ""git_commit"": ""9372710"", ""lambda_grid"": [0.3, 0.5, 0.7, 0.9], ""max_samples"": null, ""metric"": ""cosine"", ""objective"": ""S-Recall@k"", ""overlap_grid"": [0.0, 0.25, 0.5, 0.75], ""reanalyzed_objective"": ""S-Recall@k"", ""rho_grid"": [0.0, 0.025, 0.05, 0.1, 0.15, 0.25, 0.5, 1.0], ""run_generation"": false, ""script"": ""evaluate_redundancy.py"", ""seed"": 0, ""seeds"": [0, 1, 2], ""single_subtopic"": false, ""split"": ""validation"", ""timestamp"": ""2026-06-25_172848"", ""top_k"": 5, ""top_m"": 100, ""val_fraction"": 0.2}"
0.05,0,RNG*,RNG(0.2),0.0011,0.7624,0.7512,0.8957,0.7436,0.8027,0.5963,0.4792,2.8191,0.177944,"{""alpha_grid"": [-0.3, -0.2, -0.1, -0.05, 0.0, 0.05, 0.1, 0.2, 0.3, 0.5, 1.0], ""batch_size"": 64, ""chunk_window"": 60, ""dataset"": ""hotpotqa_fullwiki"", ""device"": ""cuda"", ""dup_noise"": ""light"", ""dup_target"": ""mixed"", ""encode_cache"": true, ""encoder_model"": ""Qwen/Qwen3-Embedding-4B"", ""experiment"": ""both"", ""gen_max_samples"": 1000, ""gen_methods"": [], ""generator_model"": null, ""git_commit"": ""9372710"", ""lambda_grid"": [0.3, 0.5, 0.7, 0.9], ""max_samples"": null, ""metric"": ""cosine"", ""objective"": ""S-Recall@k"", ""overlap_grid"": [0.0, 0.25, 0.5, 0.75], ""reanalyzed_objective"": ""S-Recall@k"", ""rho_grid"": [0.0, 0.025, 0.05, 0.1, 0.15, 0.25, 0.5, 1.0], ""run_generation"": false, ""script"": ""evaluate_redundancy.py"", ""seed"": 0, ""seeds"": [0, 1, 2], ""single_subtopic"": false, ""split"": ""validation"", ""timestamp"": ""2026-06-25_172848"", ""top_k"": 5, ""top_m"": 100, ""val_fraction"": 0.2}"
0.05,0,Seg*,Seg(0.2),0.0011,0.7633,0.7474,0.896,0.7613,0.8036,0.5922,0.4584,2.6964,0.033353,"{""alpha_grid"": [-0.3, -0.2, -0.1, -0.05, 0.0, 0.05, 0.1, 0.2, 0.3, 0.5, 1.0], ""batch_size"": 64, ""chunk_window"": 60, ""dataset"": ""hotpotqa_fullwiki"", ""device"": ""cuda"", ""dup_noise"": ""light"", ""dup_target"": ""mixed"", ""encode_cache"": true, ""encoder_model"": ""Qwen/Qwen3-Embedding-4B"", ""experiment"": ""both"", ""gen_max_samples"": 1000, ""gen_methods"": [], ""generator_model"": null, ""git_commit"": ""9372710"", ""lambda_grid"": [0.3, 0.5, 0.7, 0.9], ""max_samples"": null, ""metric"": ""cosine"", ""objective"": ""S-Recall@k"", ""overlap_grid"": [0.0, 0.25, 0.5, 0.75], ""reanalyzed_objective"": ""S-Recall@k"", ""rho_grid"": [0.0, 0.025, 0.05, 0.1, 0.15, 0.25, 0.5, 1.0], ""run_generation"": false, ""script"": ""evaluate_redundancy.py"", ""seed"": 0, ""seeds"": [0, 1, 2], ""single_subtopic"": false, ""split"": ""validation"", ""timestamp"": ""2026-06-25_172848"", ""top_k"": 5, ""top_m"": 100, ""val_fraction"": 0.2}"
0.1,0,kNN,kNN,0.0028,0.7002,0.6791,0.9004,0.7409,0.7408,0.5419,0.2621,1.7996,,"{""alpha_grid"": [-0.3, -0.2, -0.1, -0.05, 0.0, 0.05, 0.1, 0.2, 0.3, 0.5, 1.0], ""batch_size"": 64, ""chunk_window"": 60, ""dataset"": ""hotpotqa_fullwiki"", ""device"": ""cuda"", ""dup_noise"": ""light"", ""dup_target"": ""mixed"", ""encode_cache"": true, ""encoder_model"": ""Qwen/Qwen3-Embedding-4B"", ""experiment"": ""both"", ""gen_max_samples"": 1000, ""gen_methods"": [], ""generator_model"": null, ""git_commit"": ""9372710"", ""lambda_grid"": [0.3, 0.5, 0.7, 0.9], ""max_samples"": null, ""metric"": ""cosine"", ""objective"": ""S-Recall@k"", ""overlap_grid"": [0.0, 0.25, 0.5, 0.75], ""reanalyzed_objective"": ""S-Recall@k"", ""rho_grid"": [0.0, 0.025, 0.05, 0.1, 0.15, 0.25, 0.5, 1.0], ""run_generation"": false, ""script"": ""evaluate_redundancy.py"", ""seed"": 0, ""seeds"": [0, 1, 2], ""single_subtopic"": false, ""split"": ""validation"", ""timestamp"": ""2026-06-25_172848"", ""top_k"": 5, ""top_m"": 100, ""val_fraction"": 0.2}"
0.1,0,Maxmin,Maxmin,0.0028,0.444,0.5379,0.8703,0.4372,0.475,0.4674,0.7014,3.9507,0.0,"{""alpha_grid"": [-0.3, -0.2, -0.1, -0.05, 0.0, 0.05, 0.1, 0.2, 0.3, 0.5, 1.0], ""batch_size"": 64, ""chunk_window"": 60, ""dataset"": ""hotpotqa_fullwiki"", ""device"": ""cuda"", ""dup_noise"": ""light"", ""dup_target"": ""mixed"", ""encode_cache"": true, ""encoder_model"": ""Qwen/Qwen3-Embedding-4B"", ""experiment"": ""both"", ""gen_max_samples"": 1000, ""gen_methods"": [], ""generator_model"": null, ""git_commit"": ""9372710"", ""lambda_grid"": [0.3, 0.5, 0.7, 0.9], ""max_samples"": null, ""metric"": ""cosine"", ""objective"": ""S-Recall@k"", ""overlap_grid"": [0.0, 0.25, 0.5, 0.75], ""reanalyzed_objective"": ""S-Recall@k"", ""rho_grid"": [0.0, 0.025, 0.05, 0.1, 0.15, 0.25, 0.5, 1.0], ""run_generation"": false, ""script"": ""evaluate_redundancy.py"", ""seed"": 0, ""seeds"": [0, 1, 2], ""single_subtopic"": false, ""split"": ""validation"", ""timestamp"": ""2026-06-25_172848"", ""top_k"": 5, ""top_m"": 100, ""val_fraction"": 0.2}"
0.1,0,Greedy-DPP,Greedy-DPP,0.0028,0.7191,0.7359,0.8965,0.5619,0.7576,0.593,0.5871,3.737,0.0,"{""alpha_grid"": [-0.3, -0.2, -0.1, -0.05, 0.0, 0.05, 0.1, 0.2, 0.3, 0.5, 1.0], ""batch_size"": 64, ""chunk_window"": 60, ""dataset"": ""hotpotqa_fullwiki"", ""device"": ""cuda"", ""dup_noise"": ""light"", ""dup_target"": ""mixed"", ""encode_cache"": true, ""encoder_model"": ""Qwen/Qwen3-Embedding-4B"", ""experiment"": ""both"", ""gen_max_samples"": 1000, ""gen_methods"": [], ""generator_model"": null, ""git_commit"": ""9372710"", ""lambda_grid"": [0.3, 0.5, 0.7, 0.9], ""max_samples"": null, ""metric"": ""cosine"", ""objective"": ""S-Recall@k"", ""overlap_grid"": [0.0, 0.25, 0.5, 0.75], ""reanalyzed_objective"": ""S-Recall@k"", ""rho_grid"": [0.0, 0.025, 0.05, 0.1, 0.15, 0.25, 0.5, 1.0], ""run_generation"": false, ""script"": ""evaluate_redundancy.py"", ""seed"": 0, ""seeds"": [0, 1, 2], ""single_subtopic"": false, ""split"": ""validation"", ""timestamp"": ""2026-06-25_172848"", ""top_k"": 5, ""top_m"": 100, ""val_fraction"": 0.2}"
0.1,0,MMR*,MMR(0.7),0.0028,0.7148,0.7289,0.8967,0.6125,0.7529,0.5869,0.5027,3.1983,2.6e-05,"{""alpha_grid"": [-0.3, -0.2, -0.1, -0.05, 0.0, 0.05, 0.1, 0.2, 0.3, 0.5, 1.0], ""batch_size"": 64, ""chunk_window"": 60, ""dataset"": ""hotpotqa_fullwiki"", ""device"": ""cuda"", ""dup_noise"": ""light"", ""dup_target"": ""mixed"", ""encode_cache"": true, ""encoder_model"": ""Qwen/Qwen3-Embedding-4B"", ""experiment"": ""both"", ""gen_max_samples"": 1000, ""gen_methods"": [], ""generator_model"": null, ""git_commit"": ""9372710"", ""lambda_grid"": [0.3, 0.5, 0.7, 0.9], ""max_samples"": null, ""metric"": ""cosine"", ""objective"": ""S-Recall@k"", ""overlap_grid"": [0.0, 0.25, 0.5, 0.75], ""reanalyzed_objective"": ""S-Recall@k"", ""rho_grid"": [0.0, 0.025, 0.05, 0.1, 0.15, 0.25, 0.5, 1.0], ""run_generation"": false, ""script"": ""evaluate_redundancy.py"", ""seed"": 0, ""seeds"": [0, 1, 2], ""single_subtopic"": false, ""split"": ""validation"", ""timestamp"": ""2026-06-25_172848"", ""top_k"": 5, ""top_m"": 100, ""val_fraction"": 0.2}"
0.1,0,RNG*,RNG(-0.1),0.0028,0.7422,0.7367,0.8995,0.6598,0.7817,0.5878,0.4596,2.8833,0.0,"{""alpha_grid"": [-0.3, -0.2, -0.1, -0.05, 0.0, 0.05, 0.1, 0.2, 0.3, 0.5, 1.0], ""batch_size"": 64, ""chunk_window"": 60, ""dataset"": ""hotpotqa_fullwiki"", ""device"": ""cuda"", ""dup_noise"": ""light"", ""dup_target"": ""mixed"", ""encode_cache"": true, ""encoder_model"": ""Qwen/Qwen3-Embedding-4B"", ""experiment"": ""both"", ""gen_max_samples"": 1000, ""gen_methods"": [], ""generator_model"": null, ""git_commit"": ""9372710"", ""lambda_grid"": [0.3, 0.5, 0.7, 0.9], ""max_samples"": null, ""metric"": ""cosine"", ""objective"": ""S-Recall@k"", ""overlap_grid"": [0.0, 0.25, 0.5, 0.75], ""reanalyzed_objective"": ""S-Recall@k"", ""rho_grid"": [0.0, 0.025, 0.05, 0.1, 0.15, 0.25, 0.5, 1.0], ""run_generation"": false, ""script"": ""evaluate_redundancy.py"", ""seed"": 0, ""seeds"": [0, 1, 2], ""single_subtopic"": false, ""split"": ""validation"", ""timestamp"": ""2026-06-25_172848"", ""top_k"": 5, ""top_m"": 100, ""val_fraction"": 0.2}"
0.1,0,Seg*,Seg(-0.2),0.0028,0.7483,0.7336,0.9007,0.6867,0.7889,0.5833,0.41,2.6047,0.0,"{""alpha_grid"": [-0.3, -0.2, -0.1, -0.05, 0.0, 0.05, 0.1, 0.2, 0.3, 0.5, 1.0], ""batch_size"": 64, ""chunk_window"": 60, ""dataset"": ""hotpotqa_fullwiki"", ""device"": ""cuda"", ""dup_noise"": ""light"", ""dup_target"": ""mixed"", ""encode_cache"": true, ""encoder_model"": ""Qwen/Qwen3-Embedding-4B"", ""experiment"": ""both"", ""gen_max_samples"": 1000, ""gen_methods"": [], ""generator_model"": null, ""git_commit"": ""9372710"", ""lambda_grid"": [0.3, 0.5, 0.7, 0.9], ""max_samples"": null, ""metric"": ""cosine"", ""objective"": ""S-Recall@k"", ""overlap_grid"": [0.0, 0.25, 0.5, 0.75], ""reanalyzed_objective"": ""S-Recall@k"", ""rho_grid"": [0.0, 0.025, 0.05, 0.1, 0.15, 0.25, 0.5, 1.0], ""run_generation"": false, ""script"": ""evaluate_redundancy.py"", ""seed"": 0, ""seeds"": [0, 1, 2], ""single_subtopic"": false, ""split"": ""validation"", ""timestamp"": ""2026-06-25_172848"", ""top_k"": 5, ""top_m"": 100, ""val_fraction"": 0.2}"
0.15,0,kNN,kNN,0.0049,0.5862,0.62,0.9024,0.6977,0.6272,0.5152,0.1364,1.4519,,"{""alpha_grid"": [-0.3, -0.2, -0.1, -0.05, 0.0, 0.05, 0.1, 0.2, 0.3, 0.5, 1.0], ""batch_size"": 64, ""chunk_window"": 60, ""dataset"": ""hotpotqa_fullwiki"", ""device"": ""cuda"", ""dup_noise"": ""light"", ""dup_target"": ""mixed"", ""encode_cache"": true, ""encoder_model"": ""Qwen/Qwen3-Embedding-4B"", ""experiment"": ""both"", ""gen_max_samples"": 1000, ""gen_methods"": [], ""generator_model"": null, ""git_commit"": ""9372710"", ""lambda_grid"": [0.3, 0.5, 0.7, 0.9], ""max_samples"": null, ""metric"": ""cosine"", ""objective"": ""S-Recall@k"", ""overlap_grid"": [0.0, 0.25, 0.5, 0.75], ""reanalyzed_objective"": ""S-Recall@k"", ""rho_grid"": [0.0, 0.025, 0.05, 0.1, 0.15, 0.25, 0.5, 1.0], ""run_generation"": false, ""script"": ""evaluate_redundancy.py"", ""seed"": 0, ""seeds"": [0, 1, 2], ""single_subtopic"": false, ""split"": ""validation"", ""timestamp"": ""2026-06-25_172848"", ""top_k"": 5, ""top_m"": 100, ""val_fraction"": 0.2}"
0.15,0,Maxmin,Maxmin,0.0049,0.4453,0.5397,0.8735,0.44,0.477,0.4698,0.6898,3.8755,0.0,"{""alpha_grid"": [-0.3, -0.2, -0.1, -0.05, 0.0, 0.05, 0.1, 0.2, 0.3, 0.5, 1.0], ""batch_size"": 64, ""chunk_window"": 60, ""dataset"": ""hotpotqa_fullwiki"", ""device"": ""cuda"", ""dup_noise"": ""light"", ""dup_target"": ""mixed"", ""encode_cache"": true, ""encoder_model"": ""Qwen/Qwen3-Embedding-4B"", ""experiment"": ""both"", ""gen_max_samples"": 1000, ""gen_methods"": [], ""generator_model"": null, ""git_commit"": ""9372710"", ""lambda_grid"": [0.3, 0.5, 0.7, 0.9], ""max_samples"": null, ""metric"": ""cosine"", ""objective"": ""S-Recall@k"", ""overlap_grid"": [0.0, 0.25, 0.5, 0.75], ""reanalyzed_objective"": ""S-Recall@k"", ""rho_grid"": [0.0, 0.025, 0.05, 0.1, 0.15, 0.25, 0.5, 1.0], ""run_generation"": false, ""script"": ""evaluate_redundancy.py"", ""seed"": 0, ""seeds"": [0, 1, 2], ""single_subtopic"": false, ""split"": ""validation"", ""timestamp"": ""2026-06-25_172848"", ""top_k"": 5, ""top_m"": 100, ""val_fraction"": 0.2}"
0.15,0,Greedy-DPP,Greedy-DPP,0.0049,0.7213,0.7388,0.8984,0.5639,0.7603,0.5961,0.5864,3.7338,0.0,"{""alpha_grid"": [-0.3, -0.2, -0.1, -0.05, 0.0, 0.05, 0.1, 0.2, 0.3, 0.5, 1.0], ""batch_size"": 64, ""chunk_window"": 60, ""dataset"": ""hotpotqa_fullwiki"", ""device"": ""cuda"", ""dup_noise"": ""light"", ""dup_target"": ""mixed"", ""encode_cache"": true, ""encoder_model"": ""Qwen/Qwen3-Embedding-4B"", ""experiment"": ""both"", ""gen_max_samples"": 1000, ""gen_methods"": [], ""generator_model"": null, ""git_commit"": ""9372710"", ""lambda_grid"": [0.3, 0.5, 0.7, 0.9], ""max_samples"": null, ""metric"": ""cosine"", ""objective"": ""S-Recall@k"", ""overlap_grid"": [0.0, 0.25, 0.5, 0.75], ""reanalyzed_objective"": ""S-Recall@k"", ""rho_grid"": [0.0, 0.025, 0.05, 0.1, 0.15, 0.25, 0.5, 1.0], ""run_generation"": false, ""script"": ""evaluate_redundancy.py"", ""seed"": 0, ""seeds"": [0, 1, 2], ""single_subtopic"": false, ""split"": ""validation"", ""timestamp"": ""2026-06-25_172848"", ""top_k"": 5, ""top_m"": 100, ""val_fraction"": 0.2}"
0.15,0,MMR*,MMR(0.7),0.0049,0.7117,0.7287,0.8991,0.6161,0.7506,0.5885,0.4815,3.1208,0.0,"{""alpha_grid"": [-0.3, -0.2, -0.1, -0.05, 0.0, 0.05, 0.1, 0.2, 0.3, 0.5, 1.0], ""batch_size"": 64, ""chunk_window"": 60, ""dataset"": ""hotpotqa_fullwiki"", ""device"": ""cuda"", ""dup_noise"": ""light"", ""dup_target"": ""mixed"", ""encode_cache"": true, ""encoder_model"": ""Qwen/Qwen3-Embedding-4B"", ""experiment"": ""both"", ""gen_max_samples"": 1000, ""gen_methods"": [], ""generator_model"": null, ""git_commit"": ""9372710"", ""lambda_grid"": [0.3, 0.5, 0.7, 0.9], ""max_samples"": null, ""metric"": ""cosine"", ""objective"": ""S-Recall@k"", ""overlap_grid"": [0.0, 0.25, 0.5, 0.75], ""reanalyzed_objective"": ""S-Recall@k"", ""rho_grid"": [0.0, 0.025, 0.05, 0.1, 0.15, 0.25, 0.5, 1.0], ""run_generation"": false, ""script"": ""evaluate_redundancy.py"", ""seed"": 0, ""seeds"": [0, 1, 2], ""single_subtopic"": false, ""split"": ""validation"", ""timestamp"": ""2026-06-25_172848"", ""top_k"": 5, ""top_m"": 100, ""val_fraction"": 0.2}"
0.15,0,RNG*,RNG(-0.1),0.0049,0.7263,0.7267,0.9021,0.6664,0.7667,0.5831,0.4214,2.7113,0.0,"{""alpha_grid"": [-0.3, -0.2, -0.1, -0.05, 0.0, 0.05, 0.1, 0.2, 0.3, 0.5, 1.0], ""batch_size"": 64, ""chunk_window"": 60, ""dataset"": ""hotpotqa_fullwiki"", ""device"": ""cuda"", ""dup_noise"": ""light"", ""dup_target"": ""mixed"", ""encode_cache"": true, ""encoder_model"": ""Qwen/Qwen3-Embedding-4B"", ""experiment"": ""both"", ""gen_max_samples"": 1000, ""gen_methods"": [], ""generator_model"": null, ""git_commit"": ""9372710"", ""lambda_grid"": [0.3, 0.5, 0.7, 0.9], ""max_samples"": null, ""metric"": ""cosine"", ""objective"": ""S-Recall@k"", ""overlap_grid"": [0.0, 0.25, 0.5, 0.75], ""reanalyzed_objective"": ""S-Recall@k"", ""rho_grid"": [0.0, 0.025, 0.05, 0.1, 0.15, 0.25, 0.5, 1.0], ""run_generation"": false, ""script"": ""evaluate_redundancy.py"", ""seed"": 0, ""seeds"": [0, 1, 2], ""single_subtopic"": false, ""split"": ""validation"", ""timestamp"": ""2026-06-25_172848"", ""top_k"": 5, ""top_m"": 100, ""val_fraction"": 0.2}"
0.15,0,Seg*,Seg(-0.1),0.0049,0.7172,0.7216,0.9013,0.6608,0.7571,0.5803,0.4298,2.7504,0.0,"{""alpha_grid"": [-0.3, -0.2, -0.1, -0.05, 0.0, 0.05, 0.1, 0.2, 0.3, 0.5, 1.0], ""batch_size"": 64, ""chunk_window"": 60, ""dataset"": ""hotpotqa_fullwiki"", ""device"": ""cuda"", ""dup_noise"": ""light"", ""dup_target"": ""mixed"", ""encode_cache"": true, ""encoder_model"": ""Qwen/Qwen3-Embedding-4B"", ""experiment"": ""both"", ""gen_max_samples"": 1000, ""gen_methods"": [], ""generator_model"": null, ""git_commit"": ""9372710"", ""lambda_grid"": [0.3, 0.5, 0.7, 0.9], ""max_samples"": null, ""metric"": ""cosine"", ""objective"": ""S-Recall@k"", ""overlap_grid"": [0.0, 0.25, 0.5, 0.75], ""reanalyzed_objective"": ""S-Recall@k"", ""rho_grid"": [0.0, 0.025, 0.05, 0.1, 0.15, 0.25, 0.5, 1.0], ""run_generation"": false, ""script"": ""evaluate_redundancy.py"", ""seed"": 0, ""seeds"": [0, 1, 2], ""single_subtopic"": false, ""split"": ""validation"", ""timestamp"": ""2026-06-25_172848"", ""top_k"": 5, ""top_m"": 100, ""val_fraction"": 0.2}"
0.25,0,kNN,kNN,0.0111,0.5072,0.5805,0.9031,0.6708,0.5482,0.4975,0.0794,1.2898,,"{""alpha_grid"": [-0.3, -0.2, -0.1, -0.05, 0.0, 0.05, 0.1, 0.2, 0.3, 0.5, 1.0], ""batch_size"": 64, ""chunk_window"": 60, ""dataset"": ""hotpotqa_fullwiki"", ""device"": ""cuda"", ""dup_noise"": ""light"", ""dup_target"": ""mixed"", ""encode_cache"": true, ""encoder_model"": ""Qwen/Qwen3-Embedding-4B"", ""experiment"": ""both"", ""gen_max_samples"": 1000, ""gen_methods"": [], ""generator_model"": null, ""git_commit"": ""9372710"", ""lambda_grid"": [0.3, 0.5, 0.7, 0.9], ""max_samples"": null, ""metric"": ""cosine"", ""objective"": ""S-Recall@k"", ""overlap_grid"": [0.0, 0.25, 0.5, 0.75], ""reanalyzed_objective"": ""S-Recall@k"", ""rho_grid"": [0.0, 0.025, 0.05, 0.1, 0.15, 0.25, 0.5, 1.0], ""run_generation"": false, ""script"": ""evaluate_redundancy.py"", ""seed"": 0, ""seeds"": [0, 1, 2], ""single_subtopic"": false, ""split"": ""validation"", ""timestamp"": ""2026-06-25_172848"", ""top_k"": 5, ""top_m"": 100, ""val_fraction"": 0.2}"
0.25,0,Maxmin,Maxmin,0.0111,0.4481,0.5421,0.8755,0.4443,0.4801,0.4716,0.6745,3.7768,0.0,"{""alpha_grid"": [-0.3, -0.2, -0.1, -0.05, 0.0, 0.05, 0.1, 0.2, 0.3, 0.5, 1.0], ""batch_size"": 64, ""chunk_window"": 60, ""dataset"": ""hotpotqa_fullwiki"", ""device"": ""cuda"", ""dup_noise"": ""light"", ""dup_target"": ""mixed"", ""encode_cache"": true, ""encoder_model"": ""Qwen/Qwen3-Embedding-4B"", ""experiment"": ""both"", ""gen_max_samples"": 1000, ""gen_methods"": [], ""generator_model"": null, ""git_commit"": ""9372710"", ""lambda_grid"": [0.3, 0.5, 0.7, 0.9], ""max_samples"": null, ""metric"": ""cosine"", ""objective"": ""S-Recall@k"", ""overlap_grid"": [0.0, 0.25, 0.5, 0.75], ""reanalyzed_objective"": ""S-Recall@k"", ""rho_grid"": [0.0, 0.025, 0.05, 0.1, 0.15, 0.25, 0.5, 1.0], ""run_generation"": false, ""script"": ""evaluate_redundancy.py"", ""seed"": 0, ""seeds"": [0, 1, 2], ""single_subtopic"": false, ""split"": ""validation"", ""timestamp"": ""2026-06-25_172848"", ""top_k"": 5, ""top_m"": 100, ""val_fraction"": 0.2}"
0.25,0,Greedy-DPP,Greedy-DPP,0.0111,0.7237,0.7409,0.8995,0.5655,0.7625,0.5976,0.5856,3.7304,0.0,"{""alpha_grid"": [-0.3, -0.2, -0.1, -0.05, 0.0, 0.05, 0.1, 0.2, 0.3, 0.5, 1.0], ""batch_size"": 64, ""chunk_window"": 60, ""dataset"": ""hotpotqa_fullwiki"", ""device"": ""cuda"", ""dup_noise"": ""light"", ""dup_target"": ""mixed"", ""encode_cache"": true, ""encoder_model"": ""Qwen/Qwen3-Embedding-4B"", ""experiment"": ""both"", ""gen_max_samples"": 1000, ""gen_methods"": [], ""generator_model"": null, ""git_commit"": ""9372710"", ""lambda_grid"": [0.3, 0.5, 0.7, 0.9], ""max_samples"": null, ""metric"": ""cosine"", ""objective"": ""S-Recall@k"", ""overlap_grid"": [0.0, 0.25, 0.5, 0.75], ""reanalyzed_objective"": ""S-Recall@k"", ""rho_grid"": [0.0, 0.025, 0.05, 0.1, 0.15, 0.25, 0.5, 1.0], ""run_generation"": false, ""script"": ""evaluate_redundancy.py"", ""seed"": 0, ""seeds"": [0, 1, 2], ""single_subtopic"": false, ""split"": ""validation"", ""timestamp"": ""2026-06-25_172848"", ""top_k"": 5, ""top_m"": 100, ""val_fraction"": 0.2}"
0.25,0,MMR*,MMR(0.7),0.0111,0.7097,0.7287,0.8999,0.6188,0.7489,0.5891,0.4717,3.076,0.0,"{""alpha_grid"": [-0.3, -0.2, -0.1, -0.05, 0.0, 0.05, 0.1, 0.2, 0.3, 0.5, 1.0], ""batch_size"": 64, ""chunk_window"": 60, ""dataset"": ""hotpotqa_fullwiki"", ""device"": ""cuda"", ""dup_noise"": ""light"", ""dup_target"": ""mixed"", ""encode_cache"": true, ""encoder_model"": ""Qwen/Qwen3-Embedding-4B"", ""experiment"": ""both"", ""gen_max_samples"": 1000, ""gen_methods"": [], ""generator_model"": null, ""git_commit"": ""9372710"", ""lambda_grid"": [0.3, 0.5, 0.7, 0.9], ""max_samples"": null, ""metric"": ""cosine"", ""objective"": ""S-Recall@k"", ""overlap_grid"": [0.0, 0.25, 0.5, 0.75], ""reanalyzed_objective"": ""S-Recall@k"", ""rho_grid"": [0.0, 0.025, 0.05, 0.1, 0.15, 0.25, 0.5, 1.0], ""run_generation"": false, ""script"": ""evaluate_redundancy.py"", ""seed"": 0, ""seeds"": [0, 1, 2], ""single_subtopic"": false, ""split"": ""validation"", ""timestamp"": ""2026-06-25_172848"", ""top_k"": 5, ""top_m"": 100, ""val_fraction"": 0.2}"
0.25,0,RNG*,RNG(-0.1),0.0111,0.6999,0.7099,0.9031,0.6741,0.7403,0.5737,0.3746,2.4867,0.0,"{""alpha_grid"": [-0.3, -0.2, -0.1, -0.05, 0.0, 0.05, 0.1, 0.2, 0.3, 0.5, 1.0], ""batch_size"": 64, ""chunk_window"": 60, ""dataset"": ""hotpotqa_fullwiki"", ""device"": ""cuda"", ""dup_noise"": ""light"", ""dup_target"": ""mixed"", ""encode_cache"": true, ""encoder_model"": ""Qwen/Qwen3-Embedding-4B"", ""experiment"": ""both"", ""gen_max_samples"": 1000, ""gen_methods"": [], ""generator_model"": null, ""git_commit"": ""9372710"", ""lambda_grid"": [0.3, 0.5, 0.7, 0.9], ""max_samples"": null, ""metric"": ""cosine"", ""objective"": ""S-Recall@k"", ""overlap_grid"": [0.0, 0.25, 0.5, 0.75], ""reanalyzed_objective"": ""S-Recall@k"", ""rho_grid"": [0.0, 0.025, 0.05, 0.1, 0.15, 0.25, 0.5, 1.0], ""run_generation"": false, ""script"": ""evaluate_redundancy.py"", ""seed"": 0, ""seeds"": [0, 1, 2], ""single_subtopic"": false, ""split"": ""validation"", ""timestamp"": ""2026-06-25_172848"", ""top_k"": 5, ""top_m"": 100, ""val_fraction"": 0.2}"
0.25,0,Seg*,Seg(-0.1),0.0111,0.6918,0.7053,0.9025,0.6695,0.7319,0.5712,0.3808,2.5144,0.0,"{""alpha_grid"": [-0.3, -0.2, -0.1, -0.05, 0.0, 0.05, 0.1, 0.2, 0.3, 0.5, 1.0], ""batch_size"": 64, ""chunk_window"": 60, ""dataset"": ""hotpotqa_fullwiki"", ""device"": ""cuda"", ""dup_noise"": ""light"", ""dup_target"": ""mixed"", ""encode_cache"": true, ""encoder_model"": ""Qwen/Qwen3-Embedding-4B"", ""experiment"": ""both"", ""gen_max_samples"": 1000, ""gen_methods"": [], ""generator_model"": null, ""git_commit"": ""9372710"", ""lambda_grid"": [0.3, 0.5, 0.7, 0.9], ""max_samples"": null, ""metric"": ""cosine"", ""objective"": ""S-Recall@k"", ""overlap_grid"": [0.0, 0.25, 0.5, 0.75], ""reanalyzed_objective"": ""S-Recall@k"", ""rho_grid"": [0.0, 0.025, 0.05, 0.1, 0.15, 0.25, 0.5, 1.0], ""run_generation"": false, ""script"": ""evaluate_redundancy.py"", ""seed"": 0, ""seeds"": [0, 1, 2], ""single_subtopic"": false, ""split"": ""validation"", ""timestamp"": ""2026-06-25_172848"", ""top_k"": 5, ""top_m"": 100, ""val_fraction"": 0.2}"
0.5,0,kNN,kNN,0.0367,0.4894,0.5703,0.9025,0.6642,0.5323,0.4938,0.0609,1.2201,,"{""alpha_grid"": [-0.3, -0.2, -0.1, -0.05, 0.0, 0.05, 0.1, 0.2, 0.3, 0.5, 1.0], ""batch_size"": 64, ""chunk_window"": 60, ""dataset"": ""hotpotqa_fullwiki"", ""device"": ""cuda"", ""dup_noise"": ""light"", ""dup_target"": ""mixed"", ""encode_cache"": true, ""encoder_model"": ""Qwen/Qwen3-Embedding-4B"", ""experiment"": ""both"", ""gen_max_samples"": 1000, ""gen_methods"": [], ""generator_model"": null, ""git_commit"": ""9372710"", ""lambda_grid"": [0.3, 0.5, 0.7, 0.9], ""max_samples"": null, ""metric"": ""cosine"", ""objective"": ""S-Recall@k"", ""overlap_grid"": [0.0, 0.25, 0.5, 0.75], ""reanalyzed_objective"": ""S-Recall@k"", ""rho_grid"": [0.0, 0.025, 0.05, 0.1, 0.15, 0.25, 0.5, 1.0], ""run_generation"": false, ""script"": ""evaluate_redundancy.py"", ""seed"": 0, ""seeds"": [0, 1, 2], ""single_subtopic"": false, ""split"": ""validation"", ""timestamp"": ""2026-06-25_172848"", ""top_k"": 5, ""top_m"": 100, ""val_fraction"": 0.2}"
0.5,0,Maxmin,Maxmin,0.0367,0.4548,0.5469,0.8785,0.4528,0.4885,0.4763,0.6411,3.5511,0.0,"{""alpha_grid"": [-0.3, -0.2, -0.1, -0.05, 0.0, 0.05, 0.1, 0.2, 0.3, 0.5, 1.0], ""batch_size"": 64, ""chunk_window"": 60, ""dataset"": ""hotpotqa_fullwiki"", ""device"": ""cuda"", ""dup_noise"": ""light"", ""dup_target"": ""mixed"", ""encode_cache"": true, ""encoder_model"": ""Qwen/Qwen3-Embedding-4B"", ""experiment"": ""both"", ""gen_max_samples"": 1000, ""gen_methods"": [], ""generator_model"": null, ""git_commit"": ""9372710"", ""lambda_grid"": [0.3, 0.5, 0.7, 0.9], ""max_samples"": null, ""metric"": ""cosine"", ""objective"": ""S-Recall@k"", ""overlap_grid"": [0.0, 0.25, 0.5, 0.75], ""reanalyzed_objective"": ""S-Recall@k"", ""rho_grid"": [0.0, 0.025, 0.05, 0.1, 0.15, 0.25, 0.5, 1.0], ""run_generation"": false, ""script"": ""evaluate_redundancy.py"", ""seed"": 0, ""seeds"": [0, 1, 2], ""single_subtopic"": false, ""split"": ""validation"", ""timestamp"": ""2026-06-25_172848"", ""top_k"": 5, ""top_m"": 100, ""val_fraction"": 0.2}"
0.5,0,Greedy-DPP,Greedy-DPP,0.0367,0.7245,0.7416,0.901,0.5667,0.7654,0.5999,0.5842,3.7242,0.0,"{""alpha_grid"": [-0.3, -0.2, -0.1, -0.05, 0.0, 0.05, 0.1, 0.2, 0.3, 0.5, 1.0], ""batch_size"": 64, ""chunk_window"": 60, ""dataset"": ""hotpotqa_fullwiki"", ""device"": ""cuda"", ""dup_noise"": ""light"", ""dup_target"": ""mixed"", ""encode_cache"": true, ""encoder_model"": ""Qwen/Qwen3-Embedding-4B"", ""experiment"": ""both"", ""gen_max_samples"": 1000, ""gen_methods"": [], ""generator_model"": null, ""git_commit"": ""9372710"", ""lambda_grid"": [0.3, 0.5, 0.7, 0.9], ""max_samples"": null, ""metric"": ""cosine"", ""objective"": ""S-Recall@k"", ""overlap_grid"": [0.0, 0.25, 0.5, 0.75], ""reanalyzed_objective"": ""S-Recall@k"", ""rho_grid"": [0.0, 0.025, 0.05, 0.1, 0.15, 0.25, 0.5, 1.0], ""run_generation"": false, ""script"": ""evaluate_redundancy.py"", ""seed"": 0, ""seeds"": [0, 1, 2], ""single_subtopic"": false, ""split"": ""validation"", ""timestamp"": ""2026-06-25_172848"", ""top_k"": 5, ""top_m"": 100, ""val_fraction"": 0.2}"
0.5,0,MMR*,MMR(0.7),0.0367,0.7081,0.7284,0.9015,0.6218,0.7493,0.5911,0.4606,3.0278,0.0,"{""alpha_grid"": [-0.3, -0.2, -0.1, -0.05, 0.0, 0.05, 0.1, 0.2, 0.3, 0.5, 1.0], ""batch_size"": 64, ""chunk_window"": 60, ""dataset"": ""hotpotqa_fullwiki"", ""device"": ""cuda"", ""dup_noise"": ""light"", ""dup_target"": ""mixed"", ""encode_cache"": true, ""encoder_model"": ""Qwen/Qwen3-Embedding-4B"", ""experiment"": ""both"", ""gen_max_samples"": 1000, ""gen_methods"": [], ""generator_model"": null, ""git_commit"": ""9372710"", ""lambda_grid"": [0.3, 0.5, 0.7, 0.9], ""max_samples"": null, ""metric"": ""cosine"", ""objective"": ""S-Recall@k"", ""overlap_grid"": [0.0, 0.25, 0.5, 0.75], ""reanalyzed_objective"": ""S-Recall@k"", ""rho_grid"": [0.0, 0.025, 0.05, 0.1, 0.15, 0.25, 0.5, 1.0], ""run_generation"": false, ""script"": ""evaluate_redundancy.py"", ""seed"": 0, ""seeds"": [0, 1, 2], ""single_subtopic"": false, ""split"": ""validation"", ""timestamp"": ""2026-06-25_172848"", ""top_k"": 5, ""top_m"": 100, ""val_fraction"": 0.2}"
0.5,0,RNG*,RNG(-0.1),0.0367,0.6592,0.6831,0.9027,0.6776,0.701,0.5595,0.3057,2.1777,0.0,"{""alpha_grid"": [-0.3, -0.2, -0.1, -0.05, 0.0, 0.05, 0.1, 0.2, 0.3, 0.5, 1.0], ""batch_size"": 64, ""chunk_window"": 60, ""dataset"": ""hotpotqa_fullwiki"", ""device"": ""cuda"", ""dup_noise"": ""light"", ""dup_target"": ""mixed"", ""encode_cache"": true, ""encoder_model"": ""Qwen/Qwen3-Embedding-4B"", ""experiment"": ""both"", ""gen_max_samples"": 1000, ""gen_methods"": [], ""generator_model"": null, ""git_commit"": ""9372710"", ""lambda_grid"": [0.3, 0.5, 0.7, 0.9], ""max_samples"": null, ""metric"": ""cosine"", ""objective"": ""S-Recall@k"", ""overlap_grid"": [0.0, 0.25, 0.5, 0.75], ""reanalyzed_objective"": ""S-Recall@k"", ""rho_grid"": [0.0, 0.025, 0.05, 0.1, 0.15, 0.25, 0.5, 1.0], ""run_generation"": false, ""script"": ""evaluate_redundancy.py"", ""seed"": 0, ""seeds"": [0, 1, 2], ""single_subtopic"": false, ""split"": ""validation"", ""timestamp"": ""2026-06-25_172848"", ""top_k"": 5, ""top_m"": 100, ""val_fraction"": 0.2}"
0.5,0,Seg*,Seg(-0.1),0.0367,0.6545,0.6804,0.9021,0.675,0.6961,0.558,0.3102,2.1966,0.0,"{""alpha_grid"": [-0.3, -0.2, -0.1, -0.05, 0.0, 0.05, 0.1, 0.2, 0.3, 0.5, 1.0], ""batch_size"": 64, ""chunk_window"": 60, ""dataset"": ""hotpotqa_fullwiki"", ""device"": ""cuda"", ""dup_noise"": ""light"", ""dup_target"": ""mixed"", ""encode_cache"": true, ""encoder_model"": ""Qwen/Qwen3-Embedding-4B"", ""experiment"": ""both"", ""gen_max_samples"": 1000, ""gen_methods"": [], ""generator_model"": null, ""git_commit"": ""9372710"", ""lambda_grid"": [0.3, 0.5, 0.7, 0.9], ""max_samples"": null, ""metric"": ""cosine"", ""objective"": ""S-Recall@k"", ""overlap_grid"": [0.0, 0.25, 0.5, 0.75], ""reanalyzed_objective"": ""S-Recall@k"", ""rho_grid"": [0.0, 0.025, 0.05, 0.1, 0.15, 0.25, 0.5, 1.0], ""run_generation"": false, ""script"": ""evaluate_redundancy.py"", ""seed"": 0, ""seeds"": [0, 1, 2], ""single_subtopic"": false, ""split"": ""validation"", ""timestamp"": ""2026-06-25_172848"", ""top_k"": 5, ""top_m"": 100, ""val_fraction"": 0.2}"
1.0,0,kNN,kNN,0.1293,0.4814,0.5652,0.9003,0.6617,0.5279,0.4939,0.052,1.1803,,"{""alpha_grid"": [-0.3, -0.2, -0.1, -0.05, 0.0, 0.05, 0.1, 0.2, 0.3, 0.5, 1.0], ""batch_size"": 64, ""chunk_window"": 60, ""dataset"": ""hotpotqa_fullwiki"", ""device"": ""cuda"", ""dup_noise"": ""light"", ""dup_target"": ""mixed"", ""encode_cache"": true, ""encoder_model"": ""Qwen/Qwen3-Embedding-4B"", ""experiment"": ""both"", ""gen_max_samples"": 1000, ""gen_methods"": [], ""generator_model"": null, ""git_commit"": ""9372710"", ""lambda_grid"": [0.3, 0.5, 0.7, 0.9], ""max_samples"": null, ""metric"": ""cosine"", ""objective"": ""S-Recall@k"", ""overlap_grid"": [0.0, 0.25, 0.5, 0.75], ""reanalyzed_objective"": ""S-Recall@k"", ""rho_grid"": [0.0, 0.025, 0.05, 0.1, 0.15, 0.25, 0.5, 1.0], ""run_generation"": false, ""script"": ""evaluate_redundancy.py"", ""seed"": 0, ""seeds"": [0, 1, 2], ""single_subtopic"": false, ""split"": ""validation"", ""timestamp"": ""2026-06-25_172848"", ""top_k"": 5, ""top_m"": 100, ""val_fraction"": 0.2}"
1.0,0,Maxmin,Maxmin,0.1293,0.4717,0.5577,0.8806,0.4716,0.5095,0.4856,0.5883,3.2255,0.0,"{""alpha_grid"": [-0.3, -0.2, -0.1, -0.05, 0.0, 0.05, 0.1, 0.2, 0.3, 0.5, 1.0], ""batch_size"": 64, ""chunk_window"": 60, ""dataset"": ""hotpotqa_fullwiki"", ""device"": ""cuda"", ""dup_noise"": ""light"", ""dup_target"": ""mixed"", ""encode_cache"": true, ""encoder_model"": ""Qwen/Qwen3-Embedding-4B"", ""experiment"": ""both"", ""gen_max_samples"": 1000, ""gen_methods"": [], ""generator_model"": null, ""git_commit"": ""9372710"", ""lambda_grid"": [0.3, 0.5, 0.7, 0.9], ""max_samples"": null, ""metric"": ""cosine"", ""objective"": ""S-Recall@k"", ""overlap_grid"": [0.0, 0.25, 0.5, 0.75], ""reanalyzed_objective"": ""S-Recall@k"", ""rho_grid"": [0.0, 0.025, 0.05, 0.1, 0.15, 0.25, 0.5, 1.0], ""run_generation"": false, ""script"": ""evaluate_redundancy.py"", ""seed"": 0, ""seeds"": [0, 1, 2], ""single_subtopic"": false, ""split"": ""validation"", ""timestamp"": ""2026-06-25_172848"", ""top_k"": 5, ""top_m"": 100, ""val_fraction"": 0.2}"
1.0,0,Greedy-DPP,Greedy-DPP,0.1293,0.7234,0.7408,0.9001,0.5675,0.7681,0.6027,0.5825,3.7181,0.0,"{""alpha_grid"": [-0.3, -0.2, -0.1, -0.05, 0.0, 0.05, 0.1, 0.2, 0.3, 0.5, 1.0], ""batch_size"": 64, ""chunk_window"": 60, ""dataset"": ""hotpotqa_fullwiki"", ""device"": ""cuda"", ""dup_noise"": ""light"", ""dup_target"": ""mixed"", ""encode_cache"": true, ""encoder_model"": ""Qwen/Qwen3-Embedding-4B"", ""experiment"": ""both"", ""gen_max_samples"": 1000, ""gen_methods"": [], ""generator_model"": null, ""git_commit"": ""9372710"", ""lambda_grid"": [0.3, 0.5, 0.7, 0.9], ""max_samples"": null, ""metric"": ""cosine"", ""objective"": ""S-Recall@k"", ""overlap_grid"": [0.0, 0.25, 0.5, 0.75], ""reanalyzed_objective"": ""S-Recall@k"", ""rho_grid"": [0.0, 0.025, 0.05, 0.1, 0.15, 0.25, 0.5, 1.0], ""run_generation"": false, ""script"": ""evaluate_redundancy.py"", ""seed"": 0, ""seeds"": [0, 1, 2], ""single_subtopic"": false, ""split"": ""validation"", ""timestamp"": ""2026-06-25_172848"", ""top_k"": 5, ""top_m"": 100, ""val_fraction"": 0.2}"
1.0,0,MMR*,MMR(0.7),0.1293,0.7057,0.7272,0.9007,0.6223,0.7506,0.5939,0.4574,3.0165,0.0,"{""alpha_grid"": [-0.3, -0.2, -0.1, -0.05, 0.0, 0.05, 0.1, 0.2, 0.3, 0.5, 1.0], ""batch_size"": 64, ""chunk_window"": 60, ""dataset"": ""hotpotqa_fullwiki"", ""device"": ""cuda"", ""dup_noise"": ""light"", ""dup_target"": ""mixed"", ""encode_cache"": true, ""encoder_model"": ""Qwen/Qwen3-Embedding-4B"", ""experiment"": ""both"", ""gen_max_samples"": 1000, ""gen_methods"": [], ""generator_model"": null, ""git_commit"": ""9372710"", ""lambda_grid"": [0.3, 0.5, 0.7, 0.9], ""max_samples"": null, ""metric"": ""cosine"", ""objective"": ""S-Recall@k"", ""overlap_grid"": [0.0, 0.25, 0.5, 0.75], ""reanalyzed_objective"": ""S-Recall@k"", ""rho_grid"": [0.0, 0.025, 0.05, 0.1, 0.15, 0.25, 0.5, 1.0], ""run_generation"": false, ""script"": ""evaluate_redundancy.py"", ""seed"": 0, ""seeds"": [0, 1, 2], ""single_subtopic"": false, ""split"": ""validation"", ""timestamp"": ""2026-06-25_172848"", ""top_k"": 5, ""top_m"": 100, ""val_fraction"": 0.2}"
1.0,0,RNG*,RNG(-0.1),0.1293,0.626,0.6595,0.9018,0.6785,0.672,0.5485,0.2509,1.9381,0.0,"{""alpha_grid"": [-0.3, -0.2, -0.1, -0.05, 0.0, 0.05, 0.1, 0.2, 0.3, 0.5, 1.0], ""batch_size"": 64, ""chunk_window"": 60, ""dataset"": ""hotpotqa_fullwiki"", ""device"": ""cuda"", ""dup_noise"": ""light"", ""dup_target"": ""mixed"", ""encode_cache"": true, ""encoder_model"": ""Qwen/Qwen3-Embedding-4B"", ""experiment"": ""both"", ""gen_max_samples"": 1000, ""gen_methods"": [], ""generator_model"": null, ""git_commit"": ""9372710"", ""lambda_grid"": [0.3, 0.5, 0.7, 0.9], ""max_samples"": null, ""metric"": ""cosine"", ""objective"": ""S-Recall@k"", ""overlap_grid"": [0.0, 0.25, 0.5, 0.75], ""reanalyzed_objective"": ""S-Recall@k"", ""rho_grid"": [0.0, 0.025, 0.05, 0.1, 0.15, 0.25, 0.5, 1.0], ""run_generation"": false, ""script"": ""evaluate_redundancy.py"", ""seed"": 0, ""seeds"": [0, 1, 2], ""single_subtopic"": false, ""split"": ""validation"", ""timestamp"": ""2026-06-25_172848"", ""top_k"": 5, ""top_m"": 100, ""val_fraction"": 0.2}"
1.0,0,Seg*,Seg(-0.1),0.1293,0.6206,0.6565,0.9009,0.6758,0.6662,0.5468,0.2538,1.9501,0.0,"{""alpha_grid"": [-0.3, -0.2, -0.1, -0.05, 0.0, 0.05, 0.1, 0.2, 0.3, 0.5, 1.0], ""batch_size"": 64, ""chunk_window"": 60, ""dataset"": ""hotpotqa_fullwiki"", ""device"": ""cuda"", ""dup_noise"": ""light"", ""dup_target"": ""mixed"", ""encode_cache"": true, ""encoder_model"": ""Qwen/Qwen3-Embedding-4B"", ""experiment"": ""both"", ""gen_max_samples"": 1000, ""gen_methods"": [], ""generator_model"": null, ""git_commit"": ""9372710"", ""lambda_grid"": [0.3, 0.5, 0.7, 0.9], ""max_samples"": null, ""metric"": ""cosine"", ""objective"": ""S-Recall@k"", ""overlap_grid"": [0.0, 0.25, 0.5, 0.75], ""reanalyzed_objective"": ""S-Recall@k"", ""rho_grid"": [0.0, 0.025, 0.05, 0.1, 0.15, 0.25, 0.5, 1.0], ""run_generation"": false, ""script"": ""evaluate_redundancy.py"", ""seed"": 0, ""seeds"": [0, 1, 2], ""single_subtopic"": false, ""split"": ""validation"", ""timestamp"": ""2026-06-25_172848"", ""top_k"": 5, ""top_m"": 100, ""val_fraction"": 0.2}"
0.0,1,kNN,kNN,0.0,0.7619,0.7506,0.8806,0.7768,0.801,0.5933,0.5205,3.3828,,"{""alpha_grid"": [-0.3, -0.2, -0.1, -0.05, 0.0, 0.05, 0.1, 0.2, 0.3, 0.5, 1.0], ""batch_size"": 64, ""chunk_window"": 60, ""dataset"": ""hotpotqa_fullwiki"", ""device"": ""cuda"", ""dup_noise"": ""light"", ""dup_target"": ""mixed"", ""encode_cache"": true, ""encoder_model"": ""Qwen/Qwen3-Embedding-4B"", ""experiment"": ""both"", ""gen_max_samples"": 1000, ""gen_methods"": [], ""generator_model"": null, ""git_commit"": ""9372710"", ""lambda_grid"": [0.3, 0.5, 0.7, 0.9], ""max_samples"": null, ""metric"": ""cosine"", ""objective"": ""S-Recall@k"", ""overlap_grid"": [0.0, 0.25, 0.5, 0.75], ""reanalyzed_objective"": ""S-Recall@k"", ""rho_grid"": [0.0, 0.025, 0.05, 0.1, 0.15, 0.25, 0.5, 1.0], ""run_generation"": false, ""script"": ""evaluate_redundancy.py"", ""seed"": 0, ""seeds"": [0, 1, 2], ""single_subtopic"": false, ""split"": ""validation"", ""timestamp"": ""2026-06-25_172848"", ""top_k"": 5, ""top_m"": 100, ""val_fraction"": 0.2}"
0.0,1,Maxmin,Maxmin,0.0,0.4283,0.5192,0.8408,0.5405,0.456,0.4492,0.748,4.3186,0.0,"{""alpha_grid"": [-0.3, -0.2, -0.1, -0.05, 0.0, 0.05, 0.1, 0.2, 0.3, 0.5, 1.0], ""batch_size"": 64, ""chunk_window"": 60, ""dataset"": ""hotpotqa_fullwiki"", ""device"": ""cuda"", ""dup_noise"": ""light"", ""dup_target"": ""mixed"", ""encode_cache"": true, ""encoder_model"": ""Qwen/Qwen3-Embedding-4B"", ""experiment"": ""both"", ""gen_max_samples"": 1000, ""gen_methods"": [], ""generator_model"": null, ""git_commit"": ""9372710"", ""lambda_grid"": [0.3, 0.5, 0.7, 0.9], ""max_samples"": null, ""metric"": ""cosine"", ""objective"": ""S-Recall@k"", ""overlap_grid"": [0.0, 0.25, 0.5, 0.75], ""reanalyzed_objective"": ""S-Recall@k"", ""rho_grid"": [0.0, 0.025, 0.05, 0.1, 0.15, 0.25, 0.5, 1.0], ""run_generation"": false, ""script"": ""evaluate_redundancy.py"", ""seed"": 0, ""seeds"": [0, 1, 2], ""single_subtopic"": false, ""split"": ""validation"", ""timestamp"": ""2026-06-25_172848"", ""top_k"": 5, ""top_m"": 100, ""val_fraction"": 0.2}"
0.0,1,Greedy-DPP,Greedy-DPP,0.0,0.687,0.7057,0.8736,0.7306,0.7232,0.568,0.5928,3.7628,0.0,"{""alpha_grid"": [-0.3, -0.2, -0.1, -0.05, 0.0, 0.05, 0.1, 0.2, 0.3, 0.5, 1.0], ""batch_size"": 64, ""chunk_window"": 60, ""dataset"": ""hotpotqa_fullwiki"", ""device"": ""cuda"", ""dup_noise"": ""light"", ""dup_target"": ""mixed"", ""encode_cache"": true, ""encoder_model"": ""Qwen/Qwen3-Embedding-4B"", ""experiment"": ""both"", ""gen_max_samples"": 1000, ""gen_methods"": [], ""generator_model"": null, ""git_commit"": ""9372710"", ""lambda_grid"": [0.3, 0.5, 0.7, 0.9], ""max_samples"": null, ""metric"": ""cosine"", ""objective"": ""S-Recall@k"", ""overlap_grid"": [0.0, 0.25, 0.5, 0.75], ""reanalyzed_objective"": ""S-Recall@k"", ""rho_grid"": [0.0, 0.025, 0.05, 0.1, 0.15, 0.25, 0.5, 1.0], ""run_generation"": false, ""script"": ""evaluate_redundancy.py"", ""seed"": 0, ""seeds"": [0, 1, 2], ""single_subtopic"": false, ""split"": ""validation"", ""timestamp"": ""2026-06-25_172848"", ""top_k"": 5, ""top_m"": 100, ""val_fraction"": 0.2}"
0.0,1,MMR*,MMR(0.9),0.0,0.7555,0.7483,0.8806,0.7743,0.7946,0.5926,0.5365,3.4693,2.6e-05,"{""alpha_grid"": [-0.3, -0.2, -0.1, -0.05, 0.0, 0.05, 0.1, 0.2, 0.3, 0.5, 1.0], ""batch_size"": 64, ""chunk_window"": 60, ""dataset"": ""hotpotqa_fullwiki"", ""device"": ""cuda"", ""dup_noise"": ""light"", ""dup_target"": ""mixed"", ""encode_cache"": true, ""encoder_model"": ""Qwen/Qwen3-Embedding-4B"", ""experiment"": ""both"", ""gen_max_samples"": 1000, ""gen_methods"": [], ""generator_model"": null, ""git_commit"": ""9372710"", ""lambda_grid"": [0.3, 0.5, 0.7, 0.9], ""max_samples"": null, ""metric"": ""cosine"", ""objective"": ""S-Recall@k"", ""overlap_grid"": [0.0, 0.25, 0.5, 0.75], ""reanalyzed_objective"": ""S-Recall@k"", ""rho_grid"": [0.0, 0.025, 0.05, 0.1, 0.15, 0.25, 0.5, 1.0], ""run_generation"": false, ""script"": ""evaluate_redundancy.py"", ""seed"": 0, ""seeds"": [0, 1, 2], ""single_subtopic"": false, ""split"": ""validation"", ""timestamp"": ""2026-06-25_172848"", ""top_k"": 5, ""top_m"": 100, ""val_fraction"": 0.2}"
0.0,1,RNG*,RNG(0.3),0.0,0.7643,0.7548,0.8809,0.7809,0.8034,0.5968,0.5371,3.4526,0.065735,"{""alpha_grid"": [-0.3, -0.2, -0.1, -0.05, 0.0, 0.05, 0.1, 0.2, 0.3, 0.5, 1.0], ""batch_size"": 64, ""chunk_window"": 60, ""dataset"": ""hotpotqa_fullwiki"", ""device"": ""cuda"", ""dup_noise"": ""light"", ""dup_target"": ""mixed"", ""encode_cache"": true, ""encoder_model"": ""Qwen/Qwen3-Embedding-4B"", ""experiment"": ""both"", ""gen_max_samples"": 1000, ""gen_methods"": [], ""generator_model"": null, ""git_commit"": ""9372710"", ""lambda_grid"": [0.3, 0.5, 0.7, 0.9], ""max_samples"": null, ""metric"": ""cosine"", ""objective"": ""S-Recall@k"", ""overlap_grid"": [0.0, 0.25, 0.5, 0.75], ""reanalyzed_objective"": ""S-Recall@k"", ""rho_grid"": [0.0, 0.025, 0.05, 0.1, 0.15, 0.25, 0.5, 1.0], ""run_generation"": false, ""script"": ""evaluate_redundancy.py"", ""seed"": 0, ""seeds"": [0, 1, 2], ""single_subtopic"": false, ""split"": ""validation"", ""timestamp"": ""2026-06-25_172848"", ""top_k"": 5, ""top_m"": 100, ""val_fraction"": 0.2}"
0.0,1,Seg*,Seg(0.2),0.0,0.7633,0.7543,0.8807,0.7803,0.8022,0.5966,0.5423,3.4756,0.408869,"{""alpha_grid"": [-0.3, -0.2, -0.1, -0.05, 0.0, 0.05, 0.1, 0.2, 0.3, 0.5, 1.0], ""batch_size"": 64, ""chunk_window"": 60, ""dataset"": ""hotpotqa_fullwiki"", ""device"": ""cuda"", ""dup_noise"": ""light"", ""dup_target"": ""mixed"", ""encode_cache"": true, ""encoder_model"": ""Qwen/Qwen3-Embedding-4B"", ""experiment"": ""both"", ""gen_max_samples"": 1000, ""gen_methods"": [], ""generator_model"": null, ""git_commit"": ""9372710"", ""lambda_grid"": [0.3, 0.5, 0.7, 0.9], ""max_samples"": null, ""metric"": ""cosine"", ""objective"": ""S-Recall@k"", ""overlap_grid"": [0.0, 0.25, 0.5, 0.75], ""reanalyzed_objective"": ""S-Recall@k"", ""rho_grid"": [0.0, 0.025, 0.05, 0.1, 0.15, 0.25, 0.5, 1.0], ""run_generation"": false, ""script"": ""evaluate_redundancy.py"", ""seed"": 0, ""seeds"": [0, 1, 2], ""single_subtopic"": false, ""split"": ""validation"", ""timestamp"": ""2026-06-25_172848"", ""top_k"": 5, ""top_m"": 100, ""val_fraction"": 0.2}"
0.025,1,kNN,kNN,0.0006,0.7481,0.7265,0.892,0.789,0.7885,0.5748,0.4686,2.8583,,"{""alpha_grid"": [-0.3, -0.2, -0.1, -0.05, 0.0, 0.05, 0.1, 0.2, 0.3, 0.5, 1.0], ""batch_size"": 64, ""chunk_window"": 60, ""dataset"": ""hotpotqa_fullwiki"", ""device"": ""cuda"", ""dup_noise"": ""light"", ""dup_target"": ""mixed"", ""encode_cache"": true, ""encoder_model"": ""Qwen/Qwen3-Embedding-4B"", ""experiment"": ""both"", ""gen_max_samples"": 1000, ""gen_methods"": [], ""generator_model"": null, ""git_commit"": ""9372710"", ""lambda_grid"": [0.3, 0.5, 0.7, 0.9], ""max_samples"": null, ""metric"": ""cosine"", ""objective"": ""S-Recall@k"", ""overlap_grid"": [0.0, 0.25, 0.5, 0.75], ""reanalyzed_objective"": ""S-Recall@k"", ""rho_grid"": [0.0, 0.025, 0.05, 0.1, 0.15, 0.25, 0.5, 1.0], ""run_generation"": false, ""script"": ""evaluate_redundancy.py"", ""seed"": 0, ""seeds"": [0, 1, 2], ""single_subtopic"": false, ""split"": ""validation"", ""timestamp"": ""2026-06-25_172848"", ""top_k"": 5, ""top_m"": 100, ""val_fraction"": 0.2}"
0.025,1,Maxmin,Maxmin,0.0006,0.437,0.5298,0.8578,0.4917,0.4674,0.4603,0.7346,4.1662,0.0,"{""alpha_grid"": [-0.3, -0.2, -0.1, -0.05, 0.0, 0.05, 0.1, 0.2, 0.3, 0.5, 1.0], ""batch_size"": 64, ""chunk_window"": 60, ""dataset"": ""hotpotqa_fullwiki"", ""device"": ""cuda"", ""dup_noise"": ""light"", ""dup_target"": ""mixed"", ""encode_cache"": true, ""encoder_model"": ""Qwen/Qwen3-Embedding-4B"", ""experiment"": ""both"", ""gen_max_samples"": 1000, ""gen_methods"": [], ""generator_model"": null, ""git_commit"": ""9372710"", ""lambda_grid"": [0.3, 0.5, 0.7, 0.9], ""max_samples"": null, ""metric"": ""cosine"", ""objective"": ""S-Recall@k"", ""overlap_grid"": [0.0, 0.25, 0.5, 0.75], ""reanalyzed_objective"": ""S-Recall@k"", ""rho_grid"": [0.0, 0.025, 0.05, 0.1, 0.15, 0.25, 0.5, 1.0], ""run_generation"": false, ""script"": ""evaluate_redundancy.py"", ""seed"": 0, ""seeds"": [0, 1, 2], ""single_subtopic"": false, ""split"": ""validation"", ""timestamp"": ""2026-06-25_172848"", ""top_k"": 5, ""top_m"": 100, ""val_fraction"": 0.2}"
0.025,1,Greedy-DPP,Greedy-DPP,0.0006,0.6935,0.7144,0.8869,0.6356,0.7315,0.5777,0.5902,3.7514,0.0,"{""alpha_grid"": [-0.3, -0.2, -0.1, -0.05, 0.0, 0.05, 0.1, 0.2, 0.3, 0.5, 1.0], ""batch_size"": 64, ""chunk_window"": 60, ""dataset"": ""hotpotqa_fullwiki"", ""device"": ""cuda"", ""dup_noise"": ""light"", ""dup_target"": ""mixed"", ""encode_cache"": true, ""encoder_model"": ""Qwen/Qwen3-Embedding-4B"", ""experiment"": ""both"", ""gen_max_samples"": 1000, ""gen_methods"": [], ""generator_model"": null, ""git_commit"": ""9372710"", ""lambda_grid"": [0.3, 0.5, 0.7, 0.9], ""max_samples"": null, ""metric"": ""cosine"", ""objective"": ""S-Recall@k"", ""overlap_grid"": [0.0, 0.25, 0.5, 0.75], ""reanalyzed_objective"": ""S-Recall@k"", ""rho_grid"": [0.0, 0.025, 0.05, 0.1, 0.15, 0.25, 0.5, 1.0], ""run_generation"": false, ""script"": ""evaluate_redundancy.py"", ""seed"": 0, ""seeds"": [0, 1, 2], ""single_subtopic"": false, ""split"": ""validation"", ""timestamp"": ""2026-06-25_172848"", ""top_k"": 5, ""top_m"": 100, ""val_fraction"": 0.2}"
0.025,1,MMR*,MMR(0.9),0.0006,0.7446,0.734,0.8922,0.7763,0.7849,0.5835,0.4865,2.9745,0.01701,"{""alpha_grid"": [-0.3, -0.2, -0.1, -0.05, 0.0, 0.05, 0.1, 0.2, 0.3, 0.5, 1.0], ""batch_size"": 64, ""chunk_window"": 60, ""dataset"": ""hotpotqa_fullwiki"", ""device"": ""cuda"", ""dup_noise"": ""light"", ""dup_target"": ""mixed"", ""encode_cache"": true, ""encoder_model"": ""Qwen/Qwen3-Embedding-4B"", ""experiment"": ""both"", ""gen_max_samples"": 1000, ""gen_methods"": [], ""generator_model"": null, ""git_commit"": ""9372710"", ""lambda_grid"": [0.3, 0.5, 0.7, 0.9], ""max_samples"": null, ""metric"": ""cosine"", ""objective"": ""S-Recall@k"", ""overlap_grid"": [0.0, 0.25, 0.5, 0.75], ""reanalyzed_objective"": ""S-Recall@k"", ""rho_grid"": [0.0, 0.025, 0.05, 0.1, 0.15, 0.25, 0.5, 1.0], ""run_generation"": false, ""script"": ""evaluate_redundancy.py"", ""seed"": 0, ""seeds"": [0, 1, 2], ""single_subtopic"": false, ""split"": ""validation"", ""timestamp"": ""2026-06-25_172848"", ""top_k"": 5, ""top_m"": 100, ""val_fraction"": 0.2}"
0.025,1,RNG*,RNG(-0.3),0.0006,0.7517,0.7338,0.8922,0.7644,0.7919,0.5812,0.4801,2.9805,5.8e-05,"{""alpha_grid"": [-0.3, -0.2, -0.1, -0.05, 0.0, 0.05, 0.1, 0.2, 0.3, 0.5, 1.0], ""batch_size"": 64, ""chunk_window"": 60, ""dataset"": ""hotpotqa_fullwiki"", ""device"": ""cuda"", ""dup_noise"": ""light"", ""dup_target"": ""mixed"", ""encode_cache"": true, ""encoder_model"": ""Qwen/Qwen3-Embedding-4B"", ""experiment"": ""both"", ""gen_max_samples"": 1000, ""gen_methods"": [], ""generator_model"": null, ""git_commit"": ""9372710"", ""lambda_grid"": [0.3, 0.5, 0.7, 0.9], ""max_samples"": null, ""metric"": ""cosine"", ""objective"": ""S-Recall@k"", ""overlap_grid"": [0.0, 0.25, 0.5, 0.75], ""reanalyzed_objective"": ""S-Recall@k"", ""rho_grid"": [0.0, 0.025, 0.05, 0.1, 0.15, 0.25, 0.5, 1.0], ""run_generation"": false, ""script"": ""evaluate_redundancy.py"", ""seed"": 0, ""seeds"": [0, 1, 2], ""single_subtopic"": false, ""split"": ""validation"", ""timestamp"": ""2026-06-25_172848"", ""top_k"": 5, ""top_m"": 100, ""val_fraction"": 0.2}"
0.025,1,Seg*,Seg(-0.3),0.0006,0.7519,0.735,0.8922,0.7607,0.792,0.5824,0.4821,2.9991,8.9e-05,"{""alpha_grid"": [-0.3, -0.2, -0.1, -0.05, 0.0, 0.05, 0.1, 0.2, 0.3, 0.5, 1.0], ""batch_size"": 64, ""chunk_window"": 60, ""dataset"": ""hotpotqa_fullwiki"", ""device"": ""cuda"", ""dup_noise"": ""light"", ""dup_target"": ""mixed"", ""encode_cache"": true, ""encoder_model"": ""Qwen/Qwen3-Embedding-4B"", ""experiment"": ""both"", ""gen_max_samples"": 1000, ""gen_methods"": [], ""generator_model"": null, ""git_commit"": ""9372710"", ""lambda_grid"": [0.3, 0.5, 0.7, 0.9], ""max_samples"": null, ""metric"": ""cosine"", ""objective"": ""S-Recall@k"", ""overlap_grid"": [0.0, 0.25, 0.5, 0.75], ""reanalyzed_objective"": ""S-Recall@k"", ""rho_grid"": [0.0, 0.025, 0.05, 0.1, 0.15, 0.25, 0.5, 1.0], ""run_generation"": false, ""script"": ""evaluate_redundancy.py"", ""seed"": 0, ""seeds"": [0, 1, 2], ""single_subtopic"": false, ""split"": ""validation"", ""timestamp"": ""2026-06-25_172848"", ""top_k"": 5, ""top_m"": 100, ""val_fraction"": 0.2}"
0.05,1,kNN,kNN,0.0011,0.7569,0.7261,0.8972,0.7719,0.797,0.5723,0.4216,2.5189,,"{""alpha_grid"": [-0.3, -0.2, -0.1, -0.05, 0.0, 0.05, 0.1, 0.2, 0.3, 0.5, 1.0], ""batch_size"": 64, ""chunk_window"": 60, ""dataset"": ""hotpotqa_fullwiki"", ""device"": ""cuda"", ""dup_noise"": ""light"", ""dup_target"": ""mixed"", ""encode_cache"": true, ""encoder_model"": ""Qwen/Qwen3-Embedding-4B"", ""experiment"": ""both"", ""gen_max_samples"": 1000, ""gen_methods"": [], ""generator_model"": null, ""git_commit"": ""9372710"", ""lambda_grid"": [0.3, 0.5, 0.7, 0.9], ""max_samples"": null, ""metric"": ""cosine"", ""objective"": ""S-Recall@k"", ""overlap_grid"": [0.0, 0.25, 0.5, 0.75], ""reanalyzed_objective"": ""S-Recall@k"", ""rho_grid"": [0.0, 0.025, 0.05, 0.1, 0.15, 0.25, 0.5, 1.0], ""run_generation"": false, ""script"": ""evaluate_redundancy.py"", ""seed"": 0, ""seeds"": [0, 1, 2], ""single_subtopic"": false, ""split"": ""validation"", ""timestamp"": ""2026-06-25_172848"", ""top_k"": 5, ""top_m"": 100, ""val_fraction"": 0.2}"
0.05,1,Maxmin,Maxmin,0.0011,0.4408,0.5346,0.8657,0.4474,0.4716,0.4647,0.7301,4.1323,0.0,"{""alpha_grid"": [-0.3, -0.2, -0.1, -0.05, 0.0, 0.05, 0.1, 0.2, 0.3, 0.5, 1.0], ""batch_size"": 64, ""chunk_window"": 60, ""dataset"": ""hotpotqa_fullwiki"", ""device"": ""cuda"", ""dup_noise"": ""light"", ""dup_target"": ""mixed"", ""encode_cache"": true, ""encoder_model"": ""Qwen/Qwen3-Embedding-4B"", ""experiment"": ""both"", ""gen_max_samples"": 1000, ""gen_methods"": [], ""generator_model"": null, ""git_commit"": ""9372710"", ""lambda_grid"": [0.3, 0.5, 0.7, 0.9], ""max_samples"": null, ""metric"": ""cosine"", ""objective"": ""S-Recall@k"", ""overlap_grid"": [0.0, 0.25, 0.5, 0.75], ""reanalyzed_objective"": ""S-Recall@k"", ""rho_grid"": [0.0, 0.025, 0.05, 0.1, 0.15, 0.25, 0.5, 1.0], ""run_generation"": false, ""script"": ""evaluate_redundancy.py"", ""seed"": 0, ""seeds"": [0, 1, 2], ""single_subtopic"": false, ""split"": ""validation"", ""timestamp"": ""2026-06-25_172848"", ""top_k"": 5, ""top_m"": 100, ""val_fraction"": 0.2}"
0.05,1,Greedy-DPP,Greedy-DPP,0.0011,0.7091,0.7276,0.8928,0.5819,0.7473,0.5871,0.5891,3.7463,0.0,"{""alpha_grid"": [-0.3, -0.2, -0.1, -0.05, 0.0, 0.05, 0.1, 0.2, 0.3, 0.5, 1.0], ""batch_size"": 64, ""chunk_window"": 60, ""dataset"": ""hotpotqa_fullwiki"", ""device"": ""cuda"", ""dup_noise"": ""light"", ""dup_target"": ""mixed"", ""encode_cache"": true, ""encoder_model"": ""Qwen/Qwen3-Embedding-4B"", ""experiment"": ""both"", ""gen_max_samples"": 1000, ""gen_methods"": [], ""generator_model"": null, ""git_commit"": ""9372710"", ""lambda_grid"": [0.3, 0.5, 0.7, 0.9], ""max_samples"": null, ""metric"": ""cosine"", ""objective"": ""S-Recall@k"", ""overlap_grid"": [0.0, 0.25, 0.5, 0.75], ""reanalyzed_objective"": ""S-Recall@k"", ""rho_grid"": [0.0, 0.025, 0.05, 0.1, 0.15, 0.25, 0.5, 1.0], ""run_generation"": false, ""script"": ""evaluate_redundancy.py"", ""seed"": 0, ""seeds"": [0, 1, 2], ""single_subtopic"": false, ""split"": ""validation"", ""timestamp"": ""2026-06-25_172848"", ""top_k"": 5, ""top_m"": 100, ""val_fraction"": 0.2}"
0.05,1,MMR*,MMR(0.9),0.0011,0.7546,0.7404,0.898,0.7473,0.7948,0.5878,0.4495,2.7122,0.156816,"{""alpha_grid"": [-0.3, -0.2, -0.1, -0.05, 0.0, 0.05, 0.1, 0.2, 0.3, 0.5, 1.0], ""batch_size"": 64, ""chunk_window"": 60, ""dataset"": ""hotpotqa_fullwiki"", ""device"": ""cuda"", ""dup_noise"": ""light"", ""dup_target"": ""mixed"", ""encode_cache"": true, ""encoder_model"": ""Qwen/Qwen3-Embedding-4B"", ""experiment"": ""both"", ""gen_max_samples"": 1000, ""gen_methods"": [], ""generator_model"": null, ""git_commit"": ""9372710"", ""lambda_grid"": [0.3, 0.5, 0.7, 0.9], ""max_samples"": null, ""metric"": ""cosine"", ""objective"": ""S-Recall@k"", ""overlap_grid"": [0.0, 0.25, 0.5, 0.75], ""reanalyzed_objective"": ""S-Recall@k"", ""rho_grid"": [0.0, 0.025, 0.05, 0.1, 0.15, 0.25, 0.5, 1.0], ""run_generation"": false, ""script"": ""evaluate_redundancy.py"", ""seed"": 0, ""seeds"": [0, 1, 2], ""single_subtopic"": false, ""split"": ""validation"", ""timestamp"": ""2026-06-25_172848"", ""top_k"": 5, ""top_m"": 100, ""val_fraction"": 0.2}"
0.05,1,RNG*,RNG(-0.3),0.0011,0.7627,0.7384,0.8971,0.7262,0.8028,0.5833,0.4538,2.791,0.0,"{""alpha_grid"": [-0.3, -0.2, -0.1, -0.05, 0.0, 0.05, 0.1, 0.2, 0.3, 0.5, 1.0], ""batch_size"": 64, ""chunk_window"": 60, ""dataset"": ""hotpotqa_fullwiki"", ""device"": ""cuda"", ""dup_noise"": ""light"", ""dup_target"": ""mixed"", ""encode_cache"": true, ""encoder_model"": ""Qwen/Qwen3-Embedding-4B"", ""experiment"": ""both"", ""gen_max_samples"": 1000, ""gen_methods"": [], ""generator_model"": null, ""git_commit"": ""9372710"", ""lambda_grid"": [0.3, 0.5, 0.7, 0.9], ""max_samples"": null, ""metric"": ""cosine"", ""objective"": ""S-Recall@k"", ""overlap_grid"": [0.0, 0.25, 0.5, 0.75], ""reanalyzed_objective"": ""S-Recall@k"", ""rho_grid"": [0.0, 0.025, 0.05, 0.1, 0.15, 0.25, 0.5, 1.0], ""run_generation"": false, ""script"": ""evaluate_redundancy.py"", ""seed"": 0, ""seeds"": [0, 1, 2], ""single_subtopic"": false, ""split"": ""validation"", ""timestamp"": ""2026-06-25_172848"", ""top_k"": 5, ""top_m"": 100, ""val_fraction"": 0.2}"
0.05,1,Seg*,Seg(-0.3),0.0011,0.7633,0.7402,0.8971,0.7214,0.8034,0.5849,0.4574,2.8195,0.0,"{""alpha_grid"": [-0.3, -0.2, -0.1, -0.05, 0.0, 0.05, 0.1, 0.2, 0.3, 0.5, 1.0], ""batch_size"": 64, ""chunk_window"": 60, ""dataset"": ""hotpotqa_fullwiki"", ""device"": ""cuda"", ""dup_noise"": ""light"", ""dup_target"": ""mixed"", ""encode_cache"": true, ""encoder_model"": ""Qwen/Qwen3-Embedding-4B"", ""experiment"": ""both"", ""gen_max_samples"": 1000, ""gen_methods"": [], ""generator_model"": null, ""git_commit"": ""9372710"", ""lambda_grid"": [0.3, 0.5, 0.7, 0.9], ""max_samples"": null, ""metric"": ""cosine"", ""objective"": ""S-Recall@k"", ""overlap_grid"": [0.0, 0.25, 0.5, 0.75], ""reanalyzed_objective"": ""S-Recall@k"", ""rho_grid"": [0.0, 0.025, 0.05, 0.1, 0.15, 0.25, 0.5, 1.0], ""run_generation"": false, ""script"": ""evaluate_redundancy.py"", ""seed"": 0, ""seeds"": [0, 1, 2], ""single_subtopic"": false, ""split"": ""validation"", ""timestamp"": ""2026-06-25_172848"", ""top_k"": 5, ""top_m"": 100, ""val_fraction"": 0.2}"
0.1,1,kNN,kNN,0.0028,0.6999,0.679,0.9002,0.7399,0.7405,0.5419,0.2616,1.7978,,"{""alpha_grid"": [-0.3, -0.2, -0.1, -0.05, 0.0, 0.05, 0.1, 0.2, 0.3, 0.5, 1.0], ""batch_size"": 64, ""chunk_window"": 60, ""dataset"": ""hotpotqa_fullwiki"", ""device"": ""cuda"", ""dup_noise"": ""light"", ""dup_target"": ""mixed"", ""encode_cache"": true, ""encoder_model"": ""Qwen/Qwen3-Embedding-4B"", ""experiment"": ""both"", ""gen_max_samples"": 1000, ""gen_methods"": [], ""generator_model"": null, ""git_commit"": ""9372710"", ""lambda_grid"": [0.3, 0.5, 0.7, 0.9], ""max_samples"": null, ""metric"": ""cosine"", ""objective"": ""S-Recall@k"", ""overlap_grid"": [0.0, 0.25, 0.5, 0.75], ""reanalyzed_objective"": ""S-Recall@k"", ""rho_grid"": [0.0, 0.025, 0.05, 0.1, 0.15, 0.25, 0.5, 1.0], ""run_generation"": false, ""script"": ""evaluate_redundancy.py"", ""seed"": 0, ""seeds"": [0, 1, 2], ""single_subtopic"": false, ""split"": ""validation"", ""timestamp"": ""2026-06-25_172848"", ""top_k"": 5, ""top_m"": 100, ""val_fraction"": 0.2}"
0.1,1,Maxmin,Maxmin,0.0028,0.4438,0.5379,0.8703,0.4373,0.4748,0.4676,0.7019,3.9548,0.0,"{""alpha_grid"": [-0.3, -0.2, -0.1, -0.05, 0.0, 0.05, 0.1, 0.2, 0.3, 0.5, 1.0], ""batch_size"": 64, ""chunk_window"": 60, ""dataset"": ""hotpotqa_fullwiki"", ""device"": ""cuda"", ""dup_noise"": ""light"", ""dup_target"": ""mixed"", ""encode_cache"": true, ""encoder_model"": ""Qwen/Qwen3-Embedding-4B"", ""experiment"": ""both"", ""gen_max_samples"": 1000, ""gen_methods"": [], ""generator_model"": null, ""git_commit"": ""9372710"", ""lambda_grid"": [0.3, 0.5, 0.7, 0.9], ""max_samples"": null, ""metric"": ""cosine"", ""objective"": ""S-Recall@k"", ""overlap_grid"": [0.0, 0.25, 0.5, 0.75], ""reanalyzed_objective"": ""S-Recall@k"", ""rho_grid"": [0.0, 0.025, 0.05, 0.1, 0.15, 0.25, 0.5, 1.0], ""run_generation"": false, ""script"": ""evaluate_redundancy.py"", ""seed"": 0, ""seeds"": [0, 1, 2], ""single_subtopic"": false, ""split"": ""validation"", ""timestamp"": ""2026-06-25_172848"", ""top_k"": 5, ""top_m"": 100, ""val_fraction"": 0.2}"
0.1,1,Greedy-DPP,Greedy-DPP,0.0028,0.719,0.7363,0.897,0.5622,0.7578,0.5937,0.5878,3.7399,0.0,"{""alpha_grid"": [-0.3, -0.2, -0.1, -0.05, 0.0, 0.05, 0.1, 0.2, 0.3, 0.5, 1.0], ""batch_size"": 64, ""chunk_window"": 60, ""dataset"": ""hotpotqa_fullwiki"", ""device"": ""cuda"", ""dup_noise"": ""light"", ""dup_target"": ""mixed"", ""encode_cache"": true, ""encoder_model"": ""Qwen/Qwen3-Embedding-4B"", ""experiment"": ""both"", ""gen_max_samples"": 1000, ""gen_methods"": [], ""generator_model"": null, ""git_commit"": ""9372710"", ""lambda_grid"": [0.3, 0.5, 0.7, 0.9], ""max_samples"": null, ""metric"": ""cosine"", ""objective"": ""S-Recall@k"", ""overlap_grid"": [0.0, 0.25, 0.5, 0.75], ""reanalyzed_objective"": ""S-Recall@k"", ""rho_grid"": [0.0, 0.025, 0.05, 0.1, 0.15, 0.25, 0.5, 1.0], ""run_generation"": false, ""script"": ""evaluate_redundancy.py"", ""seed"": 0, ""seeds"": [0, 1, 2], ""single_subtopic"": false, ""split"": ""validation"", ""timestamp"": ""2026-06-25_172848"", ""top_k"": 5, ""top_m"": 100, ""val_fraction"": 0.2}"
0.1,1,MMR*,MMR(0.7),0.0028,0.7184,0.7312,0.8975,0.6142,0.7575,0.5887,0.5037,3.2003,0.0,"{""alpha_grid"": [-0.3, -0.2, -0.1, -0.05, 0.0, 0.05, 0.1, 0.2, 0.3, 0.5, 1.0], ""batch_size"": 64, ""chunk_window"": 60, ""dataset"": ""hotpotqa_fullwiki"", ""device"": ""cuda"", ""dup_noise"": ""light"", ""dup_target"": ""mixed"", ""encode_cache"": true, ""encoder_model"": ""Qwen/Qwen3-Embedding-4B"", ""experiment"": ""both"", ""gen_max_samples"": 1000, ""gen_methods"": [], ""generator_model"": null, ""git_commit"": ""9372710"", ""lambda_grid"": [0.3, 0.5, 0.7, 0.9], ""max_samples"": null, ""metric"": ""cosine"", ""objective"": ""S-Recall@k"", ""overlap_grid"": [0.0, 0.25, 0.5, 0.75], ""reanalyzed_objective"": ""S-Recall@k"", ""rho_grid"": [0.0, 0.025, 0.05, 0.1, 0.15, 0.25, 0.5, 1.0], ""run_generation"": false, ""script"": ""evaluate_redundancy.py"", ""seed"": 0, ""seeds"": [0, 1, 2], ""single_subtopic"": false, ""split"": ""validation"", ""timestamp"": ""2026-06-25_172848"", ""top_k"": 5, ""top_m"": 100, ""val_fraction"": 0.2}"
0.1,1,RNG*,RNG(-0.2),0.0028,0.7454,0.7314,0.9008,0.6879,0.786,0.582,0.4003,2.5581,0.0,"{""alpha_grid"": [-0.3, -0.2, -0.1, -0.05, 0.0, 0.05, 0.1, 0.2, 0.3, 0.5, 1.0], ""batch_size"": 64, ""chunk_window"": 60, ""dataset"": ""hotpotqa_fullwiki"", ""device"": ""cuda"", ""dup_noise"": ""light"", ""dup_target"": ""mixed"", ""encode_cache"": true, ""encoder_model"": ""Qwen/Qwen3-Embedding-4B"", ""experiment"": ""both"", ""gen_max_samples"": 1000, ""gen_methods"": [], ""generator_model"": null, ""git_commit"": ""9372710"", ""lambda_grid"": [0.3, 0.5, 0.7, 0.9], ""max_samples"": null, ""metric"": ""cosine"", ""objective"": ""S-Recall@k"", ""overlap_grid"": [0.0, 0.25, 0.5, 0.75], ""reanalyzed_objective"": ""S-Recall@k"", ""rho_grid"": [0.0, 0.025, 0.05, 0.1, 0.15, 0.25, 0.5, 1.0], ""run_generation"": false, ""script"": ""evaluate_redundancy.py"", ""seed"": 0, ""seeds"": [0, 1, 2], ""single_subtopic"": false, ""split"": ""validation"", ""timestamp"": ""2026-06-25_172848"", ""top_k"": 5, ""top_m"": 100, ""val_fraction"": 0.2}"
0.1,1,Seg*,Seg(-0.2),0.0028,0.7472,0.7334,0.9007,0.6849,0.7877,0.5835,0.4099,2.6073,0.0,"{""alpha_grid"": [-0.3, -0.2, -0.1, -0.05, 0.0, 0.05, 0.1, 0.2, 0.3, 0.5, 1.0], ""batch_size"": 64, ""chunk_window"": 60, ""dataset"": ""hotpotqa_fullwiki"", ""device"": ""cuda"", ""dup_noise"": ""light"", ""dup_target"": ""mixed"", ""encode_cache"": true, ""encoder_model"": ""Qwen/Qwen3-Embedding-4B"", ""experiment"": ""both"", ""gen_max_samples"": 1000, ""gen_methods"": [], ""generator_model"": null, ""git_commit"": ""9372710"", ""lambda_grid"": [0.3, 0.5, 0.7, 0.9], ""max_samples"": null, ""metric"": ""cosine"", ""objective"": ""S-Recall@k"", ""overlap_grid"": [0.0, 0.25, 0.5, 0.75], ""reanalyzed_objective"": ""S-Recall@k"", ""rho_grid"": [0.0, 0.025, 0.05, 0.1, 0.15, 0.25, 0.5, 1.0], ""run_generation"": false, ""script"": ""evaluate_redundancy.py"", ""seed"": 0, ""seeds"": [0, 1, 2], ""single_subtopic"": false, ""split"": ""validation"", ""timestamp"": ""2026-06-25_172848"", ""top_k"": 5, ""top_m"": 100, ""val_fraction"": 0.2}"
0.15,1,kNN,kNN,0.0049,0.584,0.6189,0.9024,0.6968,0.6248,0.5146,0.1357,1.4488,,"{""alpha_grid"": [-0.3, -0.2, -0.1, -0.05, 0.0, 0.05, 0.1, 0.2, 0.3, 0.5, 1.0], ""batch_size"": 64, ""chunk_window"": 60, ""dataset"": ""hotpotqa_fullwiki"", ""device"": ""cuda"", ""dup_noise"": ""light"", ""dup_target"": ""mixed"", ""encode_cache"": true, ""encoder_model"": ""Qwen/Qwen3-Embedding-4B"", ""experiment"": ""both"", ""gen_max_samples"": 1000, ""gen_methods"": [], ""generator_model"": null, ""git_commit"": ""9372710"", ""lambda_grid"": [0.3, 0.5, 0.7, 0.9], ""max_samples"": null, ""metric"": ""cosine"", ""objective"": ""S-Recall@k"", ""overlap_grid"": [0.0, 0.25, 0.5, 0.75], ""reanalyzed_objective"": ""S-Recall@k"", ""rho_grid"": [0.0, 0.025, 0.05, 0.1, 0.15, 0.25, 0.5, 1.0], ""run_generation"": false, ""script"": ""evaluate_redundancy.py"", ""seed"": 0, ""seeds"": [0, 1, 2], ""single_subtopic"": false, ""split"": ""validation"", ""timestamp"": ""2026-06-25_172848"", ""top_k"": 5, ""top_m"": 100, ""val_fraction"": 0.2}"
0.15,1,Maxmin,Maxmin,0.0049,0.4465,0.5409,0.8749,0.4408,0.4784,0.4708,0.6915,3.8893,0.0,"{""alpha_grid"": [-0.3, -0.2, -0.1, -0.05, 0.0, 0.05, 0.1, 0.2, 0.3, 0.5, 1.0], ""batch_size"": 64, ""chunk_window"": 60, ""dataset"": ""hotpotqa_fullwiki"", ""device"": ""cuda"", ""dup_noise"": ""light"", ""dup_target"": ""mixed"", ""encode_cache"": true, ""encoder_model"": ""Qwen/Qwen3-Embedding-4B"", ""experiment"": ""both"", ""gen_max_samples"": 1000, ""gen_methods"": [], ""generator_model"": null, ""git_commit"": ""9372710"", ""lambda_grid"": [0.3, 0.5, 0.7, 0.9], ""max_samples"": null, ""metric"": ""cosine"", ""objective"": ""S-Recall@k"", ""overlap_grid"": [0.0, 0.25, 0.5, 0.75], ""reanalyzed_objective"": ""S-Recall@k"", ""rho_grid"": [0.0, 0.025, 0.05, 0.1, 0.15, 0.25, 0.5, 1.0], ""run_generation"": false, ""script"": ""evaluate_redundancy.py"", ""seed"": 0, ""seeds"": [0, 1, 2], ""single_subtopic"": false, ""split"": ""validation"", ""timestamp"": ""2026-06-25_172848"", ""top_k"": 5, ""top_m"": 100, ""val_fraction"": 0.2}"
0.15,1,Greedy-DPP,Greedy-DPP,0.0049,0.7221,0.7394,0.8994,0.5643,0.761,0.5965,0.5871,3.737,0.0,"{""alpha_grid"": [-0.3, -0.2, -0.1, -0.05, 0.0, 0.05, 0.1, 0.2, 0.3, 0.5, 1.0], ""batch_size"": 64, ""chunk_window"": 60, ""dataset"": ""hotpotqa_fullwiki"", ""device"": ""cuda"", ""dup_noise"": ""light"", ""dup_target"": ""mixed"", ""encode_cache"": true, ""encoder_model"": ""Qwen/Qwen3-Embedding-4B"", ""experiment"": ""both"", ""gen_max_samples"": 1000, ""gen_methods"": [], ""generator_model"": null, ""git_commit"": ""9372710"", ""lambda_grid"": [0.3, 0.5, 0.7, 0.9], ""max_samples"": null, ""metric"": ""cosine"", ""objective"": ""S-Recall@k"", ""overlap_grid"": [0.0, 0.25, 0.5, 0.75], ""reanalyzed_objective"": ""S-Recall@k"", ""rho_grid"": [0.0, 0.025, 0.05, 0.1, 0.15, 0.25, 0.5, 1.0], ""run_generation"": false, ""script"": ""evaluate_redundancy.py"", ""seed"": 0, ""seeds"": [0, 1, 2], ""single_subtopic"": false, ""split"": ""validation"", ""timestamp"": ""2026-06-25_172848"", ""top_k"": 5, ""top_m"": 100, ""val_fraction"": 0.2}"
0.15,1,MMR*,MMR(0.7),0.0049,0.713,0.7301,0.9002,0.6167,0.7522,0.5897,0.482,3.1228,0.0,"{""alpha_grid"": [-0.3, -0.2, -0.1, -0.05, 0.0, 0.05, 0.1, 0.2, 0.3, 0.5, 1.0], ""batch_size"": 64, ""chunk_window"": 60, ""dataset"": ""hotpotqa_fullwiki"", ""device"": ""cuda"", ""dup_noise"": ""light"", ""dup_target"": ""mixed"", ""encode_cache"": true, ""encoder_model"": ""Qwen/Qwen3-Embedding-4B"", ""experiment"": ""both"", ""gen_max_samples"": 1000, ""gen_methods"": [], ""generator_model"": null, ""git_commit"": ""9372710"", ""lambda_grid"": [0.3, 0.5, 0.7, 0.9], ""max_samples"": null, ""metric"": ""cosine"", ""objective"": ""S-Recall@k"", ""overlap_grid"": [0.0, 0.25, 0.5, 0.75], ""reanalyzed_objective"": ""S-Recall@k"", ""rho_grid"": [0.0, 0.025, 0.05, 0.1, 0.15, 0.25, 0.5, 1.0], ""run_generation"": false, ""script"": ""evaluate_redundancy.py"", ""seed"": 0, ""seeds"": [0, 1, 2], ""single_subtopic"": false, ""split"": ""validation"", ""timestamp"": ""2026-06-25_172848"", ""top_k"": 5, ""top_m"": 100, ""val_fraction"": 0.2}"
0.15,1,RNG*,RNG(-0.1),0.0049,0.7248,0.726,0.9019,0.6658,0.7648,0.5827,0.4192,2.7049,0.0,"{""alpha_grid"": [-0.3, -0.2, -0.1, -0.05, 0.0, 0.05, 0.1, 0.2, 0.3, 0.5, 1.0], ""batch_size"": 64, ""chunk_window"": 60, ""dataset"": ""hotpotqa_fullwiki"", ""device"": ""cuda"", ""dup_noise"": ""light"", ""dup_target"": ""mixed"", ""encode_cache"": true, ""encoder_model"": ""Qwen/Qwen3-Embedding-4B"", ""experiment"": ""both"", ""gen_max_samples"": 1000, ""gen_methods"": [], ""generator_model"": null, ""git_commit"": ""9372710"", ""lambda_grid"": [0.3, 0.5, 0.7, 0.9], ""max_samples"": null, ""metric"": ""cosine"", ""objective"": ""S-Recall@k"", ""overlap_grid"": [0.0, 0.25, 0.5, 0.75], ""reanalyzed_objective"": ""S-Recall@k"", ""rho_grid"": [0.0, 0.025, 0.05, 0.1, 0.15, 0.25, 0.5, 1.0], ""run_generation"": false, ""script"": ""evaluate_redundancy.py"", ""seed"": 0, ""seeds"": [0, 1, 2], ""single_subtopic"": false, ""split"": ""validation"", ""timestamp"": ""2026-06-25_172848"", ""top_k"": 5, ""top_m"": 100, ""val_fraction"": 0.2}"
0.15,1,Seg*,Seg(-0.2),0.0049,0.7185,0.717,0.9027,0.6866,0.7591,0.5756,0.3596,2.4042,0.0,"{""alpha_grid"": [-0.3, -0.2, -0.1, -0.05, 0.0, 0.05, 0.1, 0.2, 0.3, 0.5, 1.0], ""batch_size"": 64, ""chunk_window"": 60, ""dataset"": ""hotpotqa_fullwiki"", ""device"": ""cuda"", ""dup_noise"": ""light"", ""dup_target"": ""mixed"", ""encode_cache"": true, ""encoder_model"": ""Qwen/Qwen3-Embedding-4B"", ""experiment"": ""both"", ""gen_max_samples"": 1000, ""gen_methods"": [], ""generator_model"": null, ""git_commit"": ""9372710"", ""lambda_grid"": [0.3, 0.5, 0.7, 0.9], ""max_samples"": null, ""metric"": ""cosine"", ""objective"": ""S-Recall@k"", ""overlap_grid"": [0.0, 0.25, 0.5, 0.75], ""reanalyzed_objective"": ""S-Recall@k"", ""rho_grid"": [0.0, 0.025, 0.05, 0.1, 0.15, 0.25, 0.5, 1.0], ""run_generation"": false, ""script"": ""evaluate_redundancy.py"", ""seed"": 0, ""seeds"": [0, 1, 2], ""single_subtopic"": false, ""split"": ""validation"", ""timestamp"": ""2026-06-25_172848"", ""top_k"": 5, ""top_m"": 100, ""val_fraction"": 0.2}"
0.25,1,kNN,kNN,0.0111,0.5066,0.5809,0.9033,0.6705,0.5474,0.4983,0.0798,1.292,,"{""alpha_grid"": [-0.3, -0.2, -0.1, -0.05, 0.0, 0.05, 0.1, 0.2, 0.3, 0.5, 1.0], ""batch_size"": 64, ""chunk_window"": 60, ""dataset"": ""hotpotqa_fullwiki"", ""device"": ""cuda"", ""dup_noise"": ""light"", ""dup_target"": ""mixed"", ""encode_cache"": true, ""encoder_model"": ""Qwen/Qwen3-Embedding-4B"", ""experiment"": ""both"", ""gen_max_samples"": 1000, ""gen_methods"": [], ""generator_model"": null, ""git_commit"": ""9372710"", ""lambda_grid"": [0.3, 0.5, 0.7, 0.9], ""max_samples"": null, ""metric"": ""cosine"", ""objective"": ""S-Recall@k"", ""overlap_grid"": [0.0, 0.25, 0.5, 0.75], ""reanalyzed_objective"": ""S-Recall@k"", ""rho_grid"": [0.0, 0.025, 0.05, 0.1, 0.15, 0.25, 0.5, 1.0], ""run_generation"": false, ""script"": ""evaluate_redundancy.py"", ""seed"": 0, ""seeds"": [0, 1, 2], ""single_subtopic"": false, ""split"": ""validation"", ""timestamp"": ""2026-06-25_172848"", ""top_k"": 5, ""top_m"": 100, ""val_fraction"": 0.2}"
0.25,1,Maxmin,Maxmin,0.0111,0.4499,0.5437,0.8774,0.4454,0.4822,0.473,0.675,3.7788,0.0,"{""alpha_grid"": [-0.3, -0.2, -0.1, -0.05, 0.0, 0.05, 0.1, 0.2, 0.3, 0.5, 1.0], ""batch_size"": 64, ""chunk_window"": 60, ""dataset"": ""hotpotqa_fullwiki"", ""device"": ""cuda"", ""dup_noise"": ""light"", ""dup_target"": ""mixed"", ""encode_cache"": true, ""encoder_model"": ""Qwen/Qwen3-Embedding-4B"", ""experiment"": ""both"", ""gen_max_samples"": 1000, ""gen_methods"": [], ""generator_model"": null, ""git_commit"": ""9372710"", ""lambda_grid"": [0.3, 0.5, 0.7, 0.9], ""max_samples"": null, ""metric"": ""cosine"", ""objective"": ""S-Recall@k"", ""overlap_grid"": [0.0, 0.25, 0.5, 0.75], ""reanalyzed_objective"": ""S-Recall@k"", ""rho_grid"": [0.0, 0.025, 0.05, 0.1, 0.15, 0.25, 0.5, 1.0], ""run_generation"": false, ""script"": ""evaluate_redundancy.py"", ""seed"": 0, ""seeds"": [0, 1, 2], ""single_subtopic"": false, ""split"": ""validation"", ""timestamp"": ""2026-06-25_172848"", ""top_k"": 5, ""top_m"": 100, ""val_fraction"": 0.2}"
0.25,1,Greedy-DPP,Greedy-DPP,0.0111,0.7265,0.7429,0.9009,0.5671,0.7659,0.5993,0.5861,3.7332,0.0,"{""alpha_grid"": [-0.3, -0.2, -0.1, -0.05, 0.0, 0.05, 0.1, 0.2, 0.3, 0.5, 1.0], ""batch_size"": 64, ""chunk_window"": 60, ""dataset"": ""hotpotqa_fullwiki"", ""device"": ""cuda"", ""dup_noise"": ""light"", ""dup_target"": ""mixed"", ""encode_cache"": true, ""encoder_model"": ""Qwen/Qwen3-Embedding-4B"", ""experiment"": ""both"", ""gen_max_samples"": 1000, ""gen_methods"": [], ""generator_model"": null, ""git_commit"": ""9372710"", ""lambda_grid"": [0.3, 0.5, 0.7, 0.9], ""max_samples"": null, ""metric"": ""cosine"", ""objective"": ""S-Recall@k"", ""overlap_grid"": [0.0, 0.25, 0.5, 0.75], ""reanalyzed_objective"": ""S-Recall@k"", ""rho_grid"": [0.0, 0.025, 0.05, 0.1, 0.15, 0.25, 0.5, 1.0], ""run_generation"": false, ""script"": ""evaluate_redundancy.py"", ""seed"": 0, ""seeds"": [0, 1, 2], ""single_subtopic"": false, ""split"": ""validation"", ""timestamp"": ""2026-06-25_172848"", ""top_k"": 5, ""top_m"": 100, ""val_fraction"": 0.2}"
0.25,1,MMR*,MMR(0.7),0.0111,0.712,0.7304,0.9016,0.6195,0.7517,0.5907,0.4726,3.0815,0.0,"{""alpha_grid"": [-0.3, -0.2, -0.1, -0.05, 0.0, 0.05, 0.1, 0.2, 0.3, 0.5, 1.0], ""batch_size"": 64, ""chunk_window"": 60, ""dataset"": ""hotpotqa_fullwiki"", ""device"": ""cuda"", ""dup_noise"": ""light"", ""dup_target"": ""mixed"", ""encode_cache"": true, ""encoder_model"": ""Qwen/Qwen3-Embedding-4B"", ""experiment"": ""both"", ""gen_max_samples"": 1000, ""gen_methods"": [], ""generator_model"": null, ""git_commit"": ""9372710"", ""lambda_grid"": [0.3, 0.5, 0.7, 0.9], ""max_samples"": null, ""metric"": ""cosine"", ""objective"": ""S-Recall@k"", ""overlap_grid"": [0.0, 0.25, 0.5, 0.75], ""reanalyzed_objective"": ""S-Recall@k"", ""rho_grid"": [0.0, 0.025, 0.05, 0.1, 0.15, 0.25, 0.5, 1.0], ""run_generation"": false, ""script"": ""evaluate_redundancy.py"", ""seed"": 0, ""seeds"": [0, 1, 2], ""single_subtopic"": false, ""split"": ""validation"", ""timestamp"": ""2026-06-25_172848"", ""top_k"": 5, ""top_m"": 100, ""val_fraction"": 0.2}"
0.25,1,RNG*,RNG(-0.1),0.0111,0.6993,0.7096,0.9041,0.6735,0.7399,0.5739,0.3733,2.4832,0.0,"{""alpha_grid"": [-0.3, -0.2, -0.1, -0.05, 0.0, 0.05, 0.1, 0.2, 0.3, 0.5, 1.0], ""batch_size"": 64, ""chunk_window"": 60, ""dataset"": ""hotpotqa_fullwiki"", ""device"": ""cuda"", ""dup_noise"": ""light"", ""dup_target"": ""mixed"", ""encode_cache"": true, ""encoder_model"": ""Qwen/Qwen3-Embedding-4B"", ""experiment"": ""both"", ""gen_max_samples"": 1000, ""gen_methods"": [], ""generator_model"": null, ""git_commit"": ""9372710"", ""lambda_grid"": [0.3, 0.5, 0.7, 0.9], ""max_samples"": null, ""metric"": ""cosine"", ""objective"": ""S-Recall@k"", ""overlap_grid"": [0.0, 0.25, 0.5, 0.75], ""reanalyzed_objective"": ""S-Recall@k"", ""rho_grid"": [0.0, 0.025, 0.05, 0.1, 0.15, 0.25, 0.5, 1.0], ""run_generation"": false, ""script"": ""evaluate_redundancy.py"", ""seed"": 0, ""seeds"": [0, 1, 2], ""single_subtopic"": false, ""split"": ""validation"", ""timestamp"": ""2026-06-25_172848"", ""top_k"": 5, ""top_m"": 100, ""val_fraction"": 0.2}"
0.25,1,Seg*,Seg(-0.1),0.0111,0.6919,0.7055,0.9036,0.6694,0.7325,0.5717,0.3801,2.5117,0.0,"{""alpha_grid"": [-0.3, -0.2, -0.1, -0.05, 0.0, 0.05, 0.1, 0.2, 0.3, 0.5, 1.0], ""batch_size"": 64, ""chunk_window"": 60, ""dataset"": ""hotpotqa_fullwiki"", ""device"": ""cuda"", ""dup_noise"": ""light"", ""dup_target"": ""mixed"", ""encode_cache"": true, ""encoder_model"": ""Qwen/Qwen3-Embedding-4B"", ""experiment"": ""both"", ""gen_max_samples"": 1000, ""gen_methods"": [], ""generator_model"": null, ""git_commit"": ""9372710"", ""lambda_grid"": [0.3, 0.5, 0.7, 0.9], ""max_samples"": null, ""metric"": ""cosine"", ""objective"": ""S-Recall@k"", ""overlap_grid"": [0.0, 0.25, 0.5, 0.75], ""reanalyzed_objective"": ""S-Recall@k"", ""rho_grid"": [0.0, 0.025, 0.05, 0.1, 0.15, 0.25, 0.5, 1.0], ""run_generation"": false, ""script"": ""evaluate_redundancy.py"", ""seed"": 0, ""seeds"": [0, 1, 2], ""single_subtopic"": false, ""split"": ""validation"", ""timestamp"": ""2026-06-25_172848"", ""top_k"": 5, ""top_m"": 100, ""val_fraction"": 0.2}"
0.5,1,kNN,kNN,0.0367,0.4891,0.5704,0.9023,0.6642,0.5316,0.494,0.0616,1.2219,,"{""alpha_grid"": [-0.3, -0.2, -0.1, -0.05, 0.0, 0.05, 0.1, 0.2, 0.3, 0.5, 1.0], ""batch_size"": 64, ""chunk_window"": 60, ""dataset"": ""hotpotqa_fullwiki"", ""device"": ""cuda"", ""dup_noise"": ""light"", ""dup_target"": ""mixed"", ""encode_cache"": true, ""encoder_model"": ""Qwen/Qwen3-Embedding-4B"", ""experiment"": ""both"", ""gen_max_samples"": 1000, ""gen_methods"": [], ""generator_model"": null, ""git_commit"": ""9372710"", ""lambda_grid"": [0.3, 0.5, 0.7, 0.9], ""max_samples"": null, ""metric"": ""cosine"", ""objective"": ""S-Recall@k"", ""overlap_grid"": [0.0, 0.25, 0.5, 0.75], ""reanalyzed_objective"": ""S-Recall@k"", ""rho_grid"": [0.0, 0.025, 0.05, 0.1, 0.15, 0.25, 0.5, 1.0], ""run_generation"": false, ""script"": ""evaluate_redundancy.py"", ""seed"": 0, ""seeds"": [0, 1, 2], ""single_subtopic"": false, ""split"": ""validation"", ""timestamp"": ""2026-06-25_172848"", ""top_k"": 5, ""top_m"": 100, ""val_fraction"": 0.2}"
0.5,1,Maxmin,Maxmin,0.0367,0.4564,0.548,0.8793,0.454,0.4902,0.477,0.6407,3.5466,0.0,"{""alpha_grid"": [-0.3, -0.2, -0.1, -0.05, 0.0, 0.05, 0.1, 0.2, 0.3, 0.5, 1.0], ""batch_size"": 64, ""chunk_window"": 60, ""dataset"": ""hotpotqa_fullwiki"", ""device"": ""cuda"", ""dup_noise"": ""light"", ""dup_target"": ""mixed"", ""encode_cache"": true, ""encoder_model"": ""Qwen/Qwen3-Embedding-4B"", ""experiment"": ""both"", ""gen_max_samples"": 1000, ""gen_methods"": [], ""generator_model"": null, ""git_commit"": ""9372710"", ""lambda_grid"": [0.3, 0.5, 0.7, 0.9], ""max_samples"": null, ""metric"": ""cosine"", ""objective"": ""S-Recall@k"", ""overlap_grid"": [0.0, 0.25, 0.5, 0.75], ""reanalyzed_objective"": ""S-Recall@k"", ""rho_grid"": [0.0, 0.025, 0.05, 0.1, 0.15, 0.25, 0.5, 1.0], ""run_generation"": false, ""script"": ""evaluate_redundancy.py"", ""seed"": 0, ""seeds"": [0, 1, 2], ""single_subtopic"": false, ""split"": ""validation"", ""timestamp"": ""2026-06-25_172848"", ""top_k"": 5, ""top_m"": 100, ""val_fraction"": 0.2}"
0.5,1,Greedy-DPP,Greedy-DPP,0.0367,0.7268,0.7436,0.9013,0.5682,0.7681,0.6014,0.5848,3.7276,0.0,"{""alpha_grid"": [-0.3, -0.2, -0.1, -0.05, 0.0, 0.05, 0.1, 0.2, 0.3, 0.5, 1.0], ""batch_size"": 64, ""chunk_window"": 60, ""dataset"": ""hotpotqa_fullwiki"", ""device"": ""cuda"", ""dup_noise"": ""light"", ""dup_target"": ""mixed"", ""encode_cache"": true, ""encoder_model"": ""Qwen/Qwen3-Embedding-4B"", ""experiment"": ""both"", ""gen_max_samples"": 1000, ""gen_methods"": [], ""generator_model"": null, ""git_commit"": ""9372710"", ""lambda_grid"": [0.3, 0.5, 0.7, 0.9], ""max_samples"": null, ""metric"": ""cosine"", ""objective"": ""S-Recall@k"", ""overlap_grid"": [0.0, 0.25, 0.5, 0.75], ""reanalyzed_objective"": ""S-Recall@k"", ""rho_grid"": [0.0, 0.025, 0.05, 0.1, 0.15, 0.25, 0.5, 1.0], ""run_generation"": false, ""script"": ""evaluate_redundancy.py"", ""seed"": 0, ""seeds"": [0, 1, 2], ""single_subtopic"": false, ""split"": ""validation"", ""timestamp"": ""2026-06-25_172848"", ""top_k"": 5, ""top_m"": 100, ""val_fraction"": 0.2}"
0.5,1,MMR*,MMR(0.7),0.0367,0.7096,0.7299,0.9022,0.6223,0.7508,0.5923,0.4616,3.0332,0.0,"{""alpha_grid"": [-0.3, -0.2, -0.1, -0.05, 0.0, 0.05, 0.1, 0.2, 0.3, 0.5, 1.0], ""batch_size"": 64, ""chunk_window"": 60, ""dataset"": ""hotpotqa_fullwiki"", ""device"": ""cuda"", ""dup_noise"": ""light"", ""dup_target"": ""mixed"", ""encode_cache"": true, ""encoder_model"": ""Qwen/Qwen3-Embedding-4B"", ""experiment"": ""both"", ""gen_max_samples"": 1000, ""gen_methods"": [], ""generator_model"": null, ""git_commit"": ""9372710"", ""lambda_grid"": [0.3, 0.5, 0.7, 0.9], ""max_samples"": null, ""metric"": ""cosine"", ""objective"": ""S-Recall@k"", ""overlap_grid"": [0.0, 0.25, 0.5, 0.75], ""reanalyzed_objective"": ""S-Recall@k"", ""rho_grid"": [0.0, 0.025, 0.05, 0.1, 0.15, 0.25, 0.5, 1.0], ""run_generation"": false, ""script"": ""evaluate_redundancy.py"", ""seed"": 0, ""seeds"": [0, 1, 2], ""single_subtopic"": false, ""split"": ""validation"", ""timestamp"": ""2026-06-25_172848"", ""top_k"": 5, ""top_m"": 100, ""val_fraction"": 0.2}"
0.5,1,RNG*,RNG(-0.1),0.0367,0.6572,0.6818,0.9041,0.6775,0.6993,0.5591,0.302,2.1658,0.0,"{""alpha_grid"": [-0.3, -0.2, -0.1, -0.05, 0.0, 0.05, 0.1, 0.2, 0.3, 0.5, 1.0], ""batch_size"": 64, ""chunk_window"": 60, ""dataset"": ""hotpotqa_fullwiki"", ""device"": ""cuda"", ""dup_noise"": ""light"", ""dup_target"": ""mixed"", ""encode_cache"": true, ""encoder_model"": ""Qwen/Qwen3-Embedding-4B"", ""experiment"": ""both"", ""gen_max_samples"": 1000, ""gen_methods"": [], ""generator_model"": null, ""git_commit"": ""9372710"", ""lambda_grid"": [0.3, 0.5, 0.7, 0.9], ""max_samples"": null, ""metric"": ""cosine"", ""objective"": ""S-Recall@k"", ""overlap_grid"": [0.0, 0.25, 0.5, 0.75], ""reanalyzed_objective"": ""S-Recall@k"", ""rho_grid"": [0.0, 0.025, 0.05, 0.1, 0.15, 0.25, 0.5, 1.0], ""run_generation"": false, ""script"": ""evaluate_redundancy.py"", ""seed"": 0, ""seeds"": [0, 1, 2], ""single_subtopic"": false, ""split"": ""validation"", ""timestamp"": ""2026-06-25_172848"", ""top_k"": 5, ""top_m"": 100, ""val_fraction"": 0.2}"
0.5,1,Seg*,Seg(-0.1),0.0367,0.6513,0.6786,0.9032,0.6743,0.6928,0.5573,0.3068,2.1863,0.0,"{""alpha_grid"": [-0.3, -0.2, -0.1, -0.05, 0.0, 0.05, 0.1, 0.2, 0.3, 0.5, 1.0], ""batch_size"": 64, ""chunk_window"": 60, ""dataset"": ""hotpotqa_fullwiki"", ""device"": ""cuda"", ""dup_noise"": ""light"", ""dup_target"": ""mixed"", ""encode_cache"": true, ""encoder_model"": ""Qwen/Qwen3-Embedding-4B"", ""experiment"": ""both"", ""gen_max_samples"": 1000, ""gen_methods"": [], ""generator_model"": null, ""git_commit"": ""9372710"", ""lambda_grid"": [0.3, 0.5, 0.7, 0.9], ""max_samples"": null, ""metric"": ""cosine"", ""objective"": ""S-Recall@k"", ""overlap_grid"": [0.0, 0.25, 0.5, 0.75], ""reanalyzed_objective"": ""S-Recall@k"", ""rho_grid"": [0.0, 0.025, 0.05, 0.1, 0.15, 0.25, 0.5, 1.0], ""run_generation"": false, ""script"": ""evaluate_redundancy.py"", ""seed"": 0, ""seeds"": [0, 1, 2], ""single_subtopic"": false, ""split"": ""validation"", ""timestamp"": ""2026-06-25_172848"", ""top_k"": 5, ""top_m"": 100, ""val_fraction"": 0.2}"
1.0,1,kNN,kNN,0.1293,0.4811,0.5648,0.9,0.6614,0.5272,0.4936,0.0509,1.1754,,"{""alpha_grid"": [-0.3, -0.2, -0.1, -0.05, 0.0, 0.05, 0.1, 0.2, 0.3, 0.5, 1.0], ""batch_size"": 64, ""chunk_window"": 60, ""dataset"": ""hotpotqa_fullwiki"", ""device"": ""cuda"", ""dup_noise"": ""light"", ""dup_target"": ""mixed"", ""encode_cache"": true, ""encoder_model"": ""Qwen/Qwen3-Embedding-4B"", ""experiment"": ""both"", ""gen_max_samples"": 1000, ""gen_methods"": [], ""generator_model"": null, ""git_commit"": ""9372710"", ""lambda_grid"": [0.3, 0.5, 0.7, 0.9], ""max_samples"": null, ""metric"": ""cosine"", ""objective"": ""S-Recall@k"", ""overlap_grid"": [0.0, 0.25, 0.5, 0.75], ""reanalyzed_objective"": ""S-Recall@k"", ""rho_grid"": [0.0, 0.025, 0.05, 0.1, 0.15, 0.25, 0.5, 1.0], ""run_generation"": false, ""script"": ""evaluate_redundancy.py"", ""seed"": 0, ""seeds"": [0, 1, 2], ""single_subtopic"": false, ""split"": ""validation"", ""timestamp"": ""2026-06-25_172848"", ""top_k"": 5, ""top_m"": 100, ""val_fraction"": 0.2}"
1.0,1,Maxmin,Maxmin,0.1293,0.4709,0.5571,0.8803,0.4695,0.5086,0.4854,0.5893,3.2238,0.0,"{""alpha_grid"": [-0.3, -0.2, -0.1, -0.05, 0.0, 0.05, 0.1, 0.2, 0.3, 0.5, 1.0], ""batch_size"": 64, ""chunk_window"": 60, ""dataset"": ""hotpotqa_fullwiki"", ""device"": ""cuda"", ""dup_noise"": ""light"", ""dup_target"": ""mixed"", ""encode_cache"": true, ""encoder_model"": ""Qwen/Qwen3-Embedding-4B"", ""experiment"": ""both"", ""gen_max_samples"": 1000, ""gen_methods"": [], ""generator_model"": null, ""git_commit"": ""9372710"", ""lambda_grid"": [0.3, 0.5, 0.7, 0.9], ""max_samples"": null, ""metric"": ""cosine"", ""objective"": ""S-Recall@k"", ""overlap_grid"": [0.0, 0.25, 0.5, 0.75], ""reanalyzed_objective"": ""S-Recall@k"", ""rho_grid"": [0.0, 0.025, 0.05, 0.1, 0.15, 0.25, 0.5, 1.0], ""run_generation"": false, ""script"": ""evaluate_redundancy.py"", ""seed"": 0, ""seeds"": [0, 1, 2], ""single_subtopic"": false, ""split"": ""validation"", ""timestamp"": ""2026-06-25_172848"", ""top_k"": 5, ""top_m"": 100, ""val_fraction"": 0.2}"
1.0,1,Greedy-DPP,Greedy-DPP,0.1293,0.7218,0.7398,0.9,0.5668,0.7666,0.6022,0.5833,3.7225,0.0,"{""alpha_grid"": [-0.3, -0.2, -0.1, -0.05, 0.0, 0.05, 0.1, 0.2, 0.3, 0.5, 1.0], ""batch_size"": 64, ""chunk_window"": 60, ""dataset"": ""hotpotqa_fullwiki"", ""device"": ""cuda"", ""dup_noise"": ""light"", ""dup_target"": ""mixed"", ""encode_cache"": true, ""encoder_model"": ""Qwen/Qwen3-Embedding-4B"", ""experiment"": ""both"", ""gen_max_samples"": 1000, ""gen_methods"": [], ""generator_model"": null, ""git_commit"": ""9372710"", ""lambda_grid"": [0.3, 0.5, 0.7, 0.9], ""max_samples"": null, ""metric"": ""cosine"", ""objective"": ""S-Recall@k"", ""overlap_grid"": [0.0, 0.25, 0.5, 0.75], ""reanalyzed_objective"": ""S-Recall@k"", ""rho_grid"": [0.0, 0.025, 0.05, 0.1, 0.15, 0.25, 0.5, 1.0], ""run_generation"": false, ""script"": ""evaluate_redundancy.py"", ""seed"": 0, ""seeds"": [0, 1, 2], ""single_subtopic"": false, ""split"": ""validation"", ""timestamp"": ""2026-06-25_172848"", ""top_k"": 5, ""top_m"": 100, ""val_fraction"": 0.2}"
1.0,1,MMR*,MMR(0.7),0.1293,0.7076,0.7281,0.901,0.6225,0.7526,0.5944,0.4579,3.0193,0.0,"{""alpha_grid"": [-0.3, -0.2, -0.1, -0.05, 0.0, 0.05, 0.1, 0.2, 0.3, 0.5, 1.0], ""batch_size"": 64, ""chunk_window"": 60, ""dataset"": ""hotpotqa_fullwiki"", ""device"": ""cuda"", ""dup_noise"": ""light"", ""dup_target"": ""mixed"", ""encode_cache"": true, ""encoder_model"": ""Qwen/Qwen3-Embedding-4B"", ""experiment"": ""both"", ""gen_max_samples"": 1000, ""gen_methods"": [], ""generator_model"": null, ""git_commit"": ""9372710"", ""lambda_grid"": [0.3, 0.5, 0.7, 0.9], ""max_samples"": null, ""metric"": ""cosine"", ""objective"": ""S-Recall@k"", ""overlap_grid"": [0.0, 0.25, 0.5, 0.75], ""reanalyzed_objective"": ""S-Recall@k"", ""rho_grid"": [0.0, 0.025, 0.05, 0.1, 0.15, 0.25, 0.5, 1.0], ""run_generation"": false, ""script"": ""evaluate_redundancy.py"", ""seed"": 0, ""seeds"": [0, 1, 2], ""single_subtopic"": false, ""split"": ""validation"", ""timestamp"": ""2026-06-25_172848"", ""top_k"": 5, ""top_m"": 100, ""val_fraction"": 0.2}"
1.0,1,RNG*,RNG(-0.1),0.1293,0.623,0.6585,0.9025,0.6778,0.669,0.5485,0.2483,1.9312,0.0,"{""alpha_grid"": [-0.3, -0.2, -0.1, -0.05, 0.0, 0.05, 0.1, 0.2, 0.3, 0.5, 1.0], ""batch_size"": 64, ""chunk_window"": 60, ""dataset"": ""hotpotqa_fullwiki"", ""device"": ""cuda"", ""dup_noise"": ""light"", ""dup_target"": ""mixed"", ""encode_cache"": true, ""encoder_model"": ""Qwen/Qwen3-Embedding-4B"", ""experiment"": ""both"", ""gen_max_samples"": 1000, ""gen_methods"": [], ""generator_model"": null, ""git_commit"": ""9372710"", ""lambda_grid"": [0.3, 0.5, 0.7, 0.9], ""max_samples"": null, ""metric"": ""cosine"", ""objective"": ""S-Recall@k"", ""overlap_grid"": [0.0, 0.25, 0.5, 0.75], ""reanalyzed_objective"": ""S-Recall@k"", ""rho_grid"": [0.0, 0.025, 0.05, 0.1, 0.15, 0.25, 0.5, 1.0], ""run_generation"": false, ""script"": ""evaluate_redundancy.py"", ""seed"": 0, ""seeds"": [0, 1, 2], ""single_subtopic"": false, ""split"": ""validation"", ""timestamp"": ""2026-06-25_172848"", ""top_k"": 5, ""top_m"": 100, ""val_fraction"": 0.2}"
1.0,1,Seg*,Seg(-0.1),0.1293,0.6188,0.656,0.9019,0.6753,0.6644,0.5471,0.2517,1.9457,0.0,"{""alpha_grid"": [-0.3, -0.2, -0.1, -0.05, 0.0, 0.05, 0.1, 0.2, 0.3, 0.5, 1.0], ""batch_size"": 64, ""chunk_window"": 60, ""dataset"": ""hotpotqa_fullwiki"", ""device"": ""cuda"", ""dup_noise"": ""light"", ""dup_target"": ""mixed"", ""encode_cache"": true, ""encoder_model"": ""Qwen/Qwen3-Embedding-4B"", ""experiment"": ""both"", ""gen_max_samples"": 1000, ""gen_methods"": [], ""generator_model"": null, ""git_commit"": ""9372710"", ""lambda_grid"": [0.3, 0.5, 0.7, 0.9], ""max_samples"": null, ""metric"": ""cosine"", ""objective"": ""S-Recall@k"", ""overlap_grid"": [0.0, 0.25, 0.5, 0.75], ""reanalyzed_objective"": ""S-Recall@k"", ""rho_grid"": [0.0, 0.025, 0.05, 0.1, 0.15, 0.25, 0.5, 1.0], ""run_generation"": false, ""script"": ""evaluate_redundancy.py"", ""seed"": 0, ""seeds"": [0, 1, 2], ""single_subtopic"": false, ""split"": ""validation"", ""timestamp"": ""2026-06-25_172848"", ""top_k"": 5, ""top_m"": 100, ""val_fraction"": 0.2}"
0.0,2,kNN,kNN,0.0,0.761,0.7487,0.8785,0.7743,0.7995,0.5909,0.5194,3.3756,,"{""alpha_grid"": [-0.3, -0.2, -0.1, -0.05, 0.0, 0.05, 0.1, 0.2, 0.3, 0.5, 1.0], ""batch_size"": 64, ""chunk_window"": 60, ""dataset"": ""hotpotqa_fullwiki"", ""device"": ""cuda"", ""dup_noise"": ""light"", ""dup_target"": ""mixed"", ""encode_cache"": true, ""encoder_model"": ""Qwen/Qwen3-Embedding-4B"", ""experiment"": ""both"", ""gen_max_samples"": 1000, ""gen_methods"": [], ""generator_model"": null, ""git_commit"": ""9372710"", ""lambda_grid"": [0.3, 0.5, 0.7, 0.9], ""max_samples"": null, ""metric"": ""cosine"", ""objective"": ""S-Recall@k"", ""overlap_grid"": [0.0, 0.25, 0.5, 0.75], ""reanalyzed_objective"": ""S-Recall@k"", ""rho_grid"": [0.0, 0.025, 0.05, 0.1, 0.15, 0.25, 0.5, 1.0], ""run_generation"": false, ""script"": ""evaluate_redundancy.py"", ""seed"": 0, ""seeds"": [0, 1, 2], ""single_subtopic"": false, ""split"": ""validation"", ""timestamp"": ""2026-06-25_172848"", ""top_k"": 5, ""top_m"": 100, ""val_fraction"": 0.2}"
0.0,2,Maxmin,Maxmin,0.0,0.4269,0.5173,0.8375,0.5378,0.4537,0.4467,0.7476,4.3157,0.0,"{""alpha_grid"": [-0.3, -0.2, -0.1, -0.05, 0.0, 0.05, 0.1, 0.2, 0.3, 0.5, 1.0], ""batch_size"": 64, ""chunk_window"": 60, ""dataset"": ""hotpotqa_fullwiki"", ""device"": ""cuda"", ""dup_noise"": ""light"", ""dup_target"": ""mixed"", ""encode_cache"": true, ""encoder_model"": ""Qwen/Qwen3-Embedding-4B"", ""experiment"": ""both"", ""gen_max_samples"": 1000, ""gen_methods"": [], ""generator_model"": null, ""git_commit"": ""9372710"", ""lambda_grid"": [0.3, 0.5, 0.7, 0.9], ""max_samples"": null, ""metric"": ""cosine"", ""objective"": ""S-Recall@k"", ""overlap_grid"": [0.0, 0.25, 0.5, 0.75], ""reanalyzed_objective"": ""S-Recall@k"", ""rho_grid"": [0.0, 0.025, 0.05, 0.1, 0.15, 0.25, 0.5, 1.0], ""run_generation"": false, ""script"": ""evaluate_redundancy.py"", ""seed"": 0, ""seeds"": [0, 1, 2], ""single_subtopic"": false, ""split"": ""validation"", ""timestamp"": ""2026-06-25_172848"", ""top_k"": 5, ""top_m"": 100, ""val_fraction"": 0.2}"
0.0,2,Greedy-DPP,Greedy-DPP,0.0,0.6848,0.7034,0.8714,0.7276,0.7201,0.5654,0.5928,3.762,0.0,"{""alpha_grid"": [-0.3, -0.2, -0.1, -0.05, 0.0, 0.05, 0.1, 0.2, 0.3, 0.5, 1.0], ""batch_size"": 64, ""chunk_window"": 60, ""dataset"": ""hotpotqa_fullwiki"", ""device"": ""cuda"", ""dup_noise"": ""light"", ""dup_target"": ""mixed"", ""encode_cache"": true, ""encoder_model"": ""Qwen/Qwen3-Embedding-4B"", ""experiment"": ""both"", ""gen_max_samples"": 1000, ""gen_methods"": [], ""generator_model"": null, ""git_commit"": ""9372710"", ""lambda_grid"": [0.3, 0.5, 0.7, 0.9], ""max_samples"": null, ""metric"": ""cosine"", ""objective"": ""S-Recall@k"", ""overlap_grid"": [0.0, 0.25, 0.5, 0.75], ""reanalyzed_objective"": ""S-Recall@k"", ""rho_grid"": [0.0, 0.025, 0.05, 0.1, 0.15, 0.25, 0.5, 1.0], ""run_generation"": false, ""script"": ""evaluate_redundancy.py"", ""seed"": 0, ""seeds"": [0, 1, 2], ""single_subtopic"": false, ""split"": ""validation"", ""timestamp"": ""2026-06-25_172848"", ""top_k"": 5, ""top_m"": 100, ""val_fraction"": 0.2}"
0.0,2,MMR*,MMR(0.9),0.0,0.7531,0.7457,0.8786,0.7712,0.7916,0.5899,0.5353,3.4626,0.0,"{""alpha_grid"": [-0.3, -0.2, -0.1, -0.05, 0.0, 0.05, 0.1, 0.2, 0.3, 0.5, 1.0], ""batch_size"": 64, ""chunk_window"": 60, ""dataset"": ""hotpotqa_fullwiki"", ""device"": ""cuda"", ""dup_noise"": ""light"", ""dup_target"": ""mixed"", ""encode_cache"": true, ""encoder_model"": ""Qwen/Qwen3-Embedding-4B"", ""experiment"": ""both"", ""gen_max_samples"": 1000, ""gen_methods"": [], ""generator_model"": null, ""git_commit"": ""9372710"", ""lambda_grid"": [0.3, 0.5, 0.7, 0.9], ""max_samples"": null, ""metric"": ""cosine"", ""objective"": ""S-Recall@k"", ""overlap_grid"": [0.0, 0.25, 0.5, 0.75], ""reanalyzed_objective"": ""S-Recall@k"", ""rho_grid"": [0.0, 0.025, 0.05, 0.1, 0.15, 0.25, 0.5, 1.0], ""run_generation"": false, ""script"": ""evaluate_redundancy.py"", ""seed"": 0, ""seeds"": [0, 1, 2], ""single_subtopic"": false, ""split"": ""validation"", ""timestamp"": ""2026-06-25_172848"", ""top_k"": 5, ""top_m"": 100, ""val_fraction"": 0.2}"
0.0,2,RNG*,RNG(0.3),0.0,0.7622,0.7521,0.8789,0.7776,0.8007,0.5939,0.5363,3.4474,0.378477,"{""alpha_grid"": [-0.3, -0.2, -0.1, -0.05, 0.0, 0.05, 0.1, 0.2, 0.3, 0.5, 1.0], ""batch_size"": 64, ""chunk_window"": 60, ""dataset"": ""hotpotqa_fullwiki"", ""device"": ""cuda"", ""dup_noise"": ""light"", ""dup_target"": ""mixed"", ""encode_cache"": true, ""encoder_model"": ""Qwen/Qwen3-Embedding-4B"", ""experiment"": ""both"", ""gen_max_samples"": 1000, ""gen_methods"": [], ""generator_model"": null, ""git_commit"": ""9372710"", ""lambda_grid"": [0.3, 0.5, 0.7, 0.9], ""max_samples"": null, ""metric"": ""cosine"", ""objective"": ""S-Recall@k"", ""overlap_grid"": [0.0, 0.25, 0.5, 0.75], ""reanalyzed_objective"": ""S-Recall@k"", ""rho_grid"": [0.0, 0.025, 0.05, 0.1, 0.15, 0.25, 0.5, 1.0], ""run_generation"": false, ""script"": ""evaluate_redundancy.py"", ""seed"": 0, ""seeds"": [0, 1, 2], ""single_subtopic"": false, ""split"": ""validation"", ""timestamp"": ""2026-06-25_172848"", ""top_k"": 5, ""top_m"": 100, ""val_fraction"": 0.2}"
0.0,2,Seg*,Seg(0.3),0.0,0.762,0.7519,0.879,0.7774,0.8004,0.5938,0.5318,3.4281,0.488775,"{""alpha_grid"": [-0.3, -0.2, -0.1, -0.05, 0.0, 0.05, 0.1, 0.2, 0.3, 0.5, 1.0], ""batch_size"": 64, ""chunk_window"": 60, ""dataset"": ""hotpotqa_fullwiki"", ""device"": ""cuda"", ""dup_noise"": ""light"", ""dup_target"": ""mixed"", ""encode_cache"": true, ""encoder_model"": ""Qwen/Qwen3-Embedding-4B"", ""experiment"": ""both"", ""gen_max_samples"": 1000, ""gen_methods"": [], ""generator_model"": null, ""git_commit"": ""9372710"", ""lambda_grid"": [0.3, 0.5, 0.7, 0.9], ""max_samples"": null, ""metric"": ""cosine"", ""objective"": ""S-Recall@k"", ""overlap_grid"": [0.0, 0.25, 0.5, 0.75], ""reanalyzed_objective"": ""S-Recall@k"", ""rho_grid"": [0.0, 0.025, 0.05, 0.1, 0.15, 0.25, 0.5, 1.0], ""run_generation"": false, ""script"": ""evaluate_redundancy.py"", ""seed"": 0, ""seeds"": [0, 1, 2], ""single_subtopic"": false, ""split"": ""validation"", ""timestamp"": ""2026-06-25_172848"", ""top_k"": 5, ""top_m"": 100, ""val_fraction"": 0.2}"
0.025,2,kNN,kNN,0.0006,0.7451,0.7239,0.8903,0.7863,0.7847,0.5721,0.4669,2.85,,"{""alpha_grid"": [-0.3, -0.2, -0.1, -0.05, 0.0, 0.05, 0.1, 0.2, 0.3, 0.5, 1.0], ""batch_size"": 64, ""chunk_window"": 60, ""dataset"": ""hotpotqa_fullwiki"", ""device"": ""cuda"", ""dup_noise"": ""light"", ""dup_target"": ""mixed"", ""encode_cache"": true, ""encoder_model"": ""Qwen/Qwen3-Embedding-4B"", ""experiment"": ""both"", ""gen_max_samples"": 1000, ""gen_methods"": [], ""generator_model"": null, ""git_commit"": ""9372710"", ""lambda_grid"": [0.3, 0.5, 0.7, 0.9], ""max_samples"": null, ""metric"": ""cosine"", ""objective"": ""S-Recall@k"", ""overlap_grid"": [0.0, 0.25, 0.5, 0.75], ""reanalyzed_objective"": ""S-Recall@k"", ""rho_grid"": [0.0, 0.025, 0.05, 0.1, 0.15, 0.25, 0.5, 1.0], ""run_generation"": false, ""script"": ""evaluate_redundancy.py"", ""seed"": 0, ""seeds"": [0, 1, 2], ""single_subtopic"": false, ""split"": ""validation"", ""timestamp"": ""2026-06-25_172848"", ""top_k"": 5, ""top_m"": 100, ""val_fraction"": 0.2}"
0.025,2,Maxmin,Maxmin,0.0006,0.436,0.5284,0.8554,0.4901,0.4651,0.4579,0.7339,4.1591,0.0,"{""alpha_grid"": [-0.3, -0.2, -0.1, -0.05, 0.0, 0.05, 0.1, 0.2, 0.3, 0.5, 1.0], ""batch_size"": 64, ""chunk_window"": 60, ""dataset"": ""hotpotqa_fullwiki"", ""device"": ""cuda"", ""dup_noise"": ""light"", ""dup_target"": ""mixed"", ""encode_cache"": true, ""encoder_model"": ""Qwen/Qwen3-Embedding-4B"", ""experiment"": ""both"", ""gen_max_samples"": 1000, ""gen_methods"": [], ""generator_model"": null, ""git_commit"": ""9372710"", ""lambda_grid"": [0.3, 0.5, 0.7, 0.9], ""max_samples"": null, ""metric"": ""cosine"", ""objective"": ""S-Recall@k"", ""overlap_grid"": [0.0, 0.25, 0.5, 0.75], ""reanalyzed_objective"": ""S-Recall@k"", ""rho_grid"": [0.0, 0.025, 0.05, 0.1, 0.15, 0.25, 0.5, 1.0], ""run_generation"": false, ""script"": ""evaluate_redundancy.py"", ""seed"": 0, ""seeds"": [0, 1, 2], ""single_subtopic"": false, ""split"": ""validation"", ""timestamp"": ""2026-06-25_172848"", ""top_k"": 5, ""top_m"": 100, ""val_fraction"": 0.2}"
0.025,2,Greedy-DPP,Greedy-DPP,0.0006,0.6902,0.7118,0.8855,0.6328,0.7274,0.5748,0.5903,3.7515,0.0,"{""alpha_grid"": [-0.3, -0.2, -0.1, -0.05, 0.0, 0.05, 0.1, 0.2, 0.3, 0.5, 1.0], ""batch_size"": 64, ""chunk_window"": 60, ""dataset"": ""hotpotqa_fullwiki"", ""device"": ""cuda"", ""dup_noise"": ""light"", ""dup_target"": ""mixed"", ""encode_cache"": true, ""encoder_model"": ""Qwen/Qwen3-Embedding-4B"", ""experiment"": ""both"", ""gen_max_samples"": 1000, ""gen_methods"": [], ""generator_model"": null, ""git_commit"": ""9372710"", ""lambda_grid"": [0.3, 0.5, 0.7, 0.9], ""max_samples"": null, ""metric"": ""cosine"", ""objective"": ""S-Recall@k"", ""overlap_grid"": [0.0, 0.25, 0.5, 0.75], ""reanalyzed_objective"": ""S-Recall@k"", ""rho_grid"": [0.0, 0.025, 0.05, 0.1, 0.15, 0.25, 0.5, 1.0], ""run_generation"": false, ""script"": ""evaluate_redundancy.py"", ""seed"": 0, ""seeds"": [0, 1, 2], ""single_subtopic"": false, ""split"": ""validation"", ""timestamp"": ""2026-06-25_172848"", ""top_k"": 5, ""top_m"": 100, ""val_fraction"": 0.2}"
0.025,2,MMR*,MMR(0.9),0.0006,0.7411,0.7313,0.8908,0.7737,0.7801,0.5808,0.4854,2.9693,0.002704,"{""alpha_grid"": [-0.3, -0.2, -0.1, -0.05, 0.0, 0.05, 0.1, 0.2, 0.3, 0.5, 1.0], ""batch_size"": 64, ""chunk_window"": 60, ""dataset"": ""hotpotqa_fullwiki"", ""device"": ""cuda"", ""dup_noise"": ""light"", ""dup_target"": ""mixed"", ""encode_cache"": true, ""encoder_model"": ""Qwen/Qwen3-Embedding-4B"", ""experiment"": ""both"", ""gen_max_samples"": 1000, ""gen_methods"": [], ""generator_model"": null, ""git_commit"": ""9372710"", ""lambda_grid"": [0.3, 0.5, 0.7, 0.9], ""max_samples"": null, ""metric"": ""cosine"", ""objective"": ""S-Recall@k"", ""overlap_grid"": [0.0, 0.25, 0.5, 0.75], ""reanalyzed_objective"": ""S-Recall@k"", ""rho_grid"": [0.0, 0.025, 0.05, 0.1, 0.15, 0.25, 0.5, 1.0], ""run_generation"": false, ""script"": ""evaluate_redundancy.py"", ""seed"": 0, ""seeds"": [0, 1, 2], ""single_subtopic"": false, ""split"": ""validation"", ""timestamp"": ""2026-06-25_172848"", ""top_k"": 5, ""top_m"": 100, ""val_fraction"": 0.2}"
0.025,2,RNG*,RNG(0.5),0.0006,0.747,0.7325,0.8903,0.7863,0.7865,0.5803,0.4762,2.8856,0.05588,"{""alpha_grid"": [-0.3, -0.2, -0.1, -0.05, 0.0, 0.05, 0.1, 0.2, 0.3, 0.5, 1.0], ""batch_size"": 64, ""chunk_window"": 60, ""dataset"": ""hotpotqa_fullwiki"", ""device"": ""cuda"", ""dup_noise"": ""light"", ""dup_target"": ""mixed"", ""encode_cache"": true, ""encoder_model"": ""Qwen/Qwen3-Embedding-4B"", ""experiment"": ""both"", ""gen_max_samples"": 1000, ""gen_methods"": [], ""generator_model"": null, ""git_commit"": ""9372710"", ""lambda_grid"": [0.3, 0.5, 0.7, 0.9], ""max_samples"": null, ""metric"": ""cosine"", ""objective"": ""S-Recall@k"", ""overlap_grid"": [0.0, 0.25, 0.5, 0.75], ""reanalyzed_objective"": ""S-Recall@k"", ""rho_grid"": [0.0, 0.025, 0.05, 0.1, 0.15, 0.25, 0.5, 1.0], ""run_generation"": false, ""script"": ""evaluate_redundancy.py"", ""seed"": 0, ""seeds"": [0, 1, 2], ""single_subtopic"": false, ""split"": ""validation"", ""timestamp"": ""2026-06-25_172848"", ""top_k"": 5, ""top_m"": 100, ""val_fraction"": 0.2}"
0.025,2,Seg*,Seg(0.5),0.0006,0.7473,0.7307,0.8902,0.7875,0.7868,0.5784,0.4737,2.8759,0.013969,"{""alpha_grid"": [-0.3, -0.2, -0.1, -0.05, 0.0, 0.05, 0.1, 0.2, 0.3, 0.5, 1.0], ""batch_size"": 64, ""chunk_window"": 60, ""dataset"": ""hotpotqa_fullwiki"", ""device"": ""cuda"", ""dup_noise"": ""light"", ""dup_target"": ""mixed"", ""encode_cache"": true, ""encoder_model"": ""Qwen/Qwen3-Embedding-4B"", ""experiment"": ""both"", ""gen_max_samples"": 1000, ""gen_methods"": [], ""generator_model"": null, ""git_commit"": ""9372710"", ""lambda_grid"": [0.3, 0.5, 0.7, 0.9], ""max_samples"": null, ""metric"": ""cosine"", ""objective"": ""S-Recall@k"", ""overlap_grid"": [0.0, 0.25, 0.5, 0.75], ""reanalyzed_objective"": ""S-Recall@k"", ""rho_grid"": [0.0, 0.025, 0.05, 0.1, 0.15, 0.25, 0.5, 1.0], ""run_generation"": false, ""script"": ""evaluate_redundancy.py"", ""seed"": 0, ""seeds"": [0, 1, 2], ""single_subtopic"": false, ""split"": ""validation"", ""timestamp"": ""2026-06-25_172848"", ""top_k"": 5, ""top_m"": 100, ""val_fraction"": 0.2}"
0.05,2,kNN,kNN,0.0011,0.7541,0.7225,0.8928,0.7682,0.7936,0.5687,0.42,2.5161,,"{""alpha_grid"": [-0.3, -0.2, -0.1, -0.05, 0.0, 0.05, 0.1, 0.2, 0.3, 0.5, 1.0], ""batch_size"": 64, ""chunk_window"": 60, ""dataset"": ""hotpotqa_fullwiki"", ""device"": ""cuda"", ""dup_noise"": ""light"", ""dup_target"": ""mixed"", ""encode_cache"": true, ""encoder_model"": ""Qwen/Qwen3-Embedding-4B"", ""experiment"": ""both"", ""gen_max_samples"": 1000, ""gen_methods"": [], ""generator_model"": null, ""git_commit"": ""9372710"", ""lambda_grid"": [0.3, 0.5, 0.7, 0.9], ""max_samples"": null, ""metric"": ""cosine"", ""objective"": ""S-Recall@k"", ""overlap_grid"": [0.0, 0.25, 0.5, 0.75], ""reanalyzed_objective"": ""S-Recall@k"", ""rho_grid"": [0.0, 0.025, 0.05, 0.1, 0.15, 0.25, 0.5, 1.0], ""run_generation"": false, ""script"": ""evaluate_redundancy.py"", ""seed"": 0, ""seeds"": [0, 1, 2], ""single_subtopic"": false, ""split"": ""validation"", ""timestamp"": ""2026-06-25_172848"", ""top_k"": 5, ""top_m"": 100, ""val_fraction"": 0.2}"
0.05,2,Maxmin,Maxmin,0.0011,0.4389,0.5313,0.8591,0.4443,0.469,0.4612,0.7289,4.1229,0.0,"{""alpha_grid"": [-0.3, -0.2, -0.1, -0.05, 0.0, 0.05, 0.1, 0.2, 0.3, 0.5, 1.0], ""batch_size"": 64, ""chunk_window"": 60, ""dataset"": ""hotpotqa_fullwiki"", ""device"": ""cuda"", ""dup_noise"": ""light"", ""dup_target"": ""mixed"", ""encode_cache"": true, ""encoder_model"": ""Qwen/Qwen3-Embedding-4B"", ""experiment"": ""both"", ""gen_max_samples"": 1000, ""gen_methods"": [], ""generator_model"": null, ""git_commit"": ""9372710"", ""lambda_grid"": [0.3, 0.5, 0.7, 0.9], ""max_samples"": null, ""metric"": ""cosine"", ""objective"": ""S-Recall@k"", ""overlap_grid"": [0.0, 0.25, 0.5, 0.75], ""reanalyzed_objective"": ""S-Recall@k"", ""rho_grid"": [0.0, 0.025, 0.05, 0.1, 0.15, 0.25, 0.5, 1.0], ""run_generation"": false, ""script"": ""evaluate_redundancy.py"", ""seed"": 0, ""seeds"": [0, 1, 2], ""single_subtopic"": false, ""split"": ""validation"", ""timestamp"": ""2026-06-25_172848"", ""top_k"": 5, ""top_m"": 100, ""val_fraction"": 0.2}"
0.05,2,Greedy-DPP,Greedy-DPP,0.0011,0.7075,0.7255,0.8882,0.5797,0.7446,0.5845,0.589,3.745,0.0,"{""alpha_grid"": [-0.3, -0.2, -0.1, -0.05, 0.0, 0.05, 0.1, 0.2, 0.3, 0.5, 1.0], ""batch_size"": 64, ""chunk_window"": 60, ""dataset"": ""hotpotqa_fullwiki"", ""device"": ""cuda"", ""dup_noise"": ""light"", ""dup_target"": ""mixed"", ""encode_cache"": true, ""encoder_model"": ""Qwen/Qwen3-Embedding-4B"", ""experiment"": ""both"", ""gen_max_samples"": 1000, ""gen_methods"": [], ""generator_model"": null, ""git_commit"": ""9372710"", ""lambda_grid"": [0.3, 0.5, 0.7, 0.9], ""max_samples"": null, ""metric"": ""cosine"", ""objective"": ""S-Recall@k"", ""overlap_grid"": [0.0, 0.25, 0.5, 0.75], ""reanalyzed_objective"": ""S-Recall@k"", ""rho_grid"": [0.0, 0.025, 0.05, 0.1, 0.15, 0.25, 0.5, 1.0], ""run_generation"": false, ""script"": ""evaluate_redundancy.py"", ""seed"": 0, ""seeds"": [0, 1, 2], ""single_subtopic"": false, ""split"": ""validation"", ""timestamp"": ""2026-06-25_172848"", ""top_k"": 5, ""top_m"": 100, ""val_fraction"": 0.2}"
0.05,2,MMR*,MMR(0.9),0.0011,0.7538,0.7378,0.8937,0.7448,0.7933,0.5846,0.4481,2.7072,0.865518,"{""alpha_grid"": [-0.3, -0.2, -0.1, -0.05, 0.0, 0.05, 0.1, 0.2, 0.3, 0.5, 1.0], ""batch_size"": 64, ""chunk_window"": 60, ""dataset"": ""hotpotqa_fullwiki"", ""device"": ""cuda"", ""dup_noise"": ""light"", ""dup_target"": ""mixed"", ""encode_cache"": true, ""encoder_model"": ""Qwen/Qwen3-Embedding-4B"", ""experiment"": ""both"", ""gen_max_samples"": 1000, ""gen_methods"": [], ""generator_model"": null, ""git_commit"": ""9372710"", ""lambda_grid"": [0.3, 0.5, 0.7, 0.9], ""max_samples"": null, ""metric"": ""cosine"", ""objective"": ""S-Recall@k"", ""overlap_grid"": [0.0, 0.25, 0.5, 0.75], ""reanalyzed_objective"": ""S-Recall@k"", ""rho_grid"": [0.0, 0.025, 0.05, 0.1, 0.15, 0.25, 0.5, 1.0], ""run_generation"": false, ""script"": ""evaluate_redundancy.py"", ""seed"": 0, ""seeds"": [0, 1, 2], ""single_subtopic"": false, ""split"": ""validation"", ""timestamp"": ""2026-06-25_172848"", ""top_k"": 5, ""top_m"": 100, ""val_fraction"": 0.2}"
0.05,2,RNG*,RNG(0.2),0.0011,0.7582,0.747,0.8932,0.7399,0.7977,0.5926,0.4783,2.8142,0.019296,"{""alpha_grid"": [-0.3, -0.2, -0.1, -0.05, 0.0, 0.05, 0.1, 0.2, 0.3, 0.5, 1.0], ""batch_size"": 64, ""chunk_window"": 60, ""dataset"": ""hotpotqa_fullwiki"", ""device"": ""cuda"", ""dup_noise"": ""light"", ""dup_target"": ""mixed"", ""encode_cache"": true, ""encoder_model"": ""Qwen/Qwen3-Embedding-4B"", ""experiment"": ""both"", ""gen_max_samples"": 1000, ""gen_methods"": [], ""generator_model"": null, ""git_commit"": ""9372710"", ""lambda_grid"": [0.3, 0.5, 0.7, 0.9], ""max_samples"": null, ""metric"": ""cosine"", ""objective"": ""S-Recall@k"", ""overlap_grid"": [0.0, 0.25, 0.5, 0.75], ""reanalyzed_objective"": ""S-Recall@k"", ""rho_grid"": [0.0, 0.025, 0.05, 0.1, 0.15, 0.25, 0.5, 1.0], ""run_generation"": false, ""script"": ""evaluate_redundancy.py"", ""seed"": 0, ""seeds"": [0, 1, 2], ""single_subtopic"": false, ""split"": ""validation"", ""timestamp"": ""2026-06-25_172848"", ""top_k"": 5, ""top_m"": 100, ""val_fraction"": 0.2}"
0.05,2,Seg*,Seg(-0.3),0.0011,0.7612,0.737,0.8928,0.7173,0.8006,0.5814,0.4558,2.815,0.0,"{""alpha_grid"": [-0.3, -0.2, -0.1, -0.05, 0.0, 0.05, 0.1, 0.2, 0.3, 0.5, 1.0], ""batch_size"": 64, ""chunk_window"": 60, ""dataset"": ""hotpotqa_fullwiki"", ""device"": ""cuda"", ""dup_noise"": ""light"", ""dup_target"": ""mixed"", ""encode_cache"": true, ""encoder_model"": ""Qwen/Qwen3-Embedding-4B"", ""experiment"": ""both"", ""gen_max_samples"": 1000, ""gen_methods"": [], ""generator_model"": null, ""git_commit"": ""9372710"", ""lambda_grid"": [0.3, 0.5, 0.7, 0.9], ""max_samples"": null, ""metric"": ""cosine"", ""objective"": ""S-Recall@k"", ""overlap_grid"": [0.0, 0.25, 0.5, 0.75], ""reanalyzed_objective"": ""S-Recall@k"", ""rho_grid"": [0.0, 0.025, 0.05, 0.1, 0.15, 0.25, 0.5, 1.0], ""run_generation"": false, ""script"": ""evaluate_redundancy.py"", ""seed"": 0, ""seeds"": [0, 1, 2], ""single_subtopic"": false, ""split"": ""validation"", ""timestamp"": ""2026-06-25_172848"", ""top_k"": 5, ""top_m"": 100, ""val_fraction"": 0.2}"
0.1,2,kNN,kNN,0.0028,0.6973,0.6766,0.8981,0.7382,0.7371,0.5396,0.2615,1.7992,,"{""alpha_grid"": [-0.3, -0.2, -0.1, -0.05, 0.0, 0.05, 0.1, 0.2, 0.3, 0.5, 1.0], ""batch_size"": 64, ""chunk_window"": 60, ""dataset"": ""hotpotqa_fullwiki"", ""device"": ""cuda"", ""dup_noise"": ""light"", ""dup_target"": ""mixed"", ""encode_cache"": true, ""encoder_model"": ""Qwen/Qwen3-Embedding-4B"", ""experiment"": ""both"", ""gen_max_samples"": 1000, ""gen_methods"": [], ""generator_model"": null, ""git_commit"": ""9372710"", ""lambda_grid"": [0.3, 0.5, 0.7, 0.9], ""max_samples"": null, ""metric"": ""cosine"", ""objective"": ""S-Recall@k"", ""overlap_grid"": [0.0, 0.25, 0.5, 0.75], ""reanalyzed_objective"": ""S-Recall@k"", ""rho_grid"": [0.0, 0.025, 0.05, 0.1, 0.15, 0.25, 0.5, 1.0], ""run_generation"": false, ""script"": ""evaluate_redundancy.py"", ""seed"": 0, ""seeds"": [0, 1, 2], ""single_subtopic"": false, ""split"": ""validation"", ""timestamp"": ""2026-06-25_172848"", ""top_k"": 5, ""top_m"": 100, ""val_fraction"": 0.2}"
0.1,2,Maxmin,Maxmin,0.0028,0.4424,0.536,0.8672,0.4353,0.4726,0.4653,0.7018,3.951,0.0,"{""alpha_grid"": [-0.3, -0.2, -0.1, -0.05, 0.0, 0.05, 0.1, 0.2, 0.3, 0.5, 1.0], ""batch_size"": 64, ""chunk_window"": 60, ""dataset"": ""hotpotqa_fullwiki"", ""device"": ""cuda"", ""dup_noise"": ""light"", ""dup_target"": ""mixed"", ""encode_cache"": true, ""encoder_model"": ""Qwen/Qwen3-Embedding-4B"", ""experiment"": ""both"", ""gen_max_samples"": 1000, ""gen_methods"": [], ""generator_model"": null, ""git_commit"": ""9372710"", ""lambda_grid"": [0.3, 0.5, 0.7, 0.9], ""max_samples"": null, ""metric"": ""cosine"", ""objective"": ""S-Recall@k"", ""overlap_grid"": [0.0, 0.25, 0.5, 0.75], ""reanalyzed_objective"": ""S-Recall@k"", ""rho_grid"": [0.0, 0.025, 0.05, 0.1, 0.15, 0.25, 0.5, 1.0], ""run_generation"": false, ""script"": ""evaluate_redundancy.py"", ""seed"": 0, ""seeds"": [0, 1, 2], ""single_subtopic"": false, ""split"": ""validation"", ""timestamp"": ""2026-06-25_172848"", ""top_k"": 5, ""top_m"": 100, ""val_fraction"": 0.2}"
0.1,2,Greedy-DPP,Greedy-DPP,0.0028,0.7169,0.7338,0.8946,0.56,0.7545,0.5907,0.5876,3.7383,0.0,"{""alpha_grid"": [-0.3, -0.2, -0.1, -0.05, 0.0, 0.05, 0.1, 0.2, 0.3, 0.5, 1.0], ""batch_size"": 64, ""chunk_window"": 60, ""dataset"": ""hotpotqa_fullwiki"", ""device"": ""cuda"", ""dup_noise"": ""light"", ""dup_target"": ""mixed"", ""encode_cache"": true, ""encoder_model"": ""Qwen/Qwen3-Embedding-4B"", ""experiment"": ""both"", ""gen_max_samples"": 1000, ""gen_methods"": [], ""generator_model"": null, ""git_commit"": ""9372710"", ""lambda_grid"": [0.3, 0.5, 0.7, 0.9], ""max_samples"": null, ""metric"": ""cosine"", ""objective"": ""S-Recall@k"", ""overlap_grid"": [0.0, 0.25, 0.5, 0.75], ""reanalyzed_objective"": ""S-Recall@k"", ""rho_grid"": [0.0, 0.025, 0.05, 0.1, 0.15, 0.25, 0.5, 1.0], ""run_generation"": false, ""script"": ""evaluate_redundancy.py"", ""seed"": 0, ""seeds"": [0, 1, 2], ""single_subtopic"": false, ""split"": ""validation"", ""timestamp"": ""2026-06-25_172848"", ""top_k"": 5, ""top_m"": 100, ""val_fraction"": 0.2}"
0.1,2,MMR*,MMR(0.7),0.0028,0.7156,0.7282,0.8952,0.6106,0.7534,0.5853,0.5041,3.2064,0.0,"{""alpha_grid"": [-0.3, -0.2, -0.1, -0.05, 0.0, 0.05, 0.1, 0.2, 0.3, 0.5, 1.0], ""batch_size"": 64, ""chunk_window"": 60, ""dataset"": ""hotpotqa_fullwiki"", ""device"": ""cuda"", ""dup_noise"": ""light"", ""dup_target"": ""mixed"", ""encode_cache"": true, ""encoder_model"": ""Qwen/Qwen3-Embedding-4B"", ""experiment"": ""both"", ""gen_max_samples"": 1000, ""gen_methods"": [], ""generator_model"": null, ""git_commit"": ""9372710"", ""lambda_grid"": [0.3, 0.5, 0.7, 0.9], ""max_samples"": null, ""metric"": ""cosine"", ""objective"": ""S-Recall@k"", ""overlap_grid"": [0.0, 0.25, 0.5, 0.75], ""reanalyzed_objective"": ""S-Recall@k"", ""rho_grid"": [0.0, 0.025, 0.05, 0.1, 0.15, 0.25, 0.5, 1.0], ""run_generation"": false, ""script"": ""evaluate_redundancy.py"", ""seed"": 0, ""seeds"": [0, 1, 2], ""single_subtopic"": false, ""split"": ""validation"", ""timestamp"": ""2026-06-25_172848"", ""top_k"": 5, ""top_m"": 100, ""val_fraction"": 0.2}"
0.1,2,RNG*,RNG(-0.2),0.0028,0.7414,0.728,0.898,0.6857,0.7809,0.5787,0.3993,2.5518,0.0,"{""alpha_grid"": [-0.3, -0.2, -0.1, -0.05, 0.0, 0.05, 0.1, 0.2, 0.3, 0.5, 1.0], ""batch_size"": 64, ""chunk_window"": 60, ""dataset"": ""hotpotqa_fullwiki"", ""device"": ""cuda"", ""dup_noise"": ""light"", ""dup_target"": ""mixed"", ""encode_cache"": true, ""encoder_model"": ""Qwen/Qwen3-Embedding-4B"", ""experiment"": ""both"", ""gen_max_samples"": 1000, ""gen_methods"": [], ""generator_model"": null, ""git_commit"": ""9372710"", ""lambda_grid"": [0.3, 0.5, 0.7, 0.9], ""max_samples"": null, ""metric"": ""cosine"", ""objective"": ""S-Recall@k"", ""overlap_grid"": [0.0, 0.25, 0.5, 0.75], ""reanalyzed_objective"": ""S-Recall@k"", ""rho_grid"": [0.0, 0.025, 0.05, 0.1, 0.15, 0.25, 0.5, 1.0], ""run_generation"": false, ""script"": ""evaluate_redundancy.py"", ""seed"": 0, ""seeds"": [0, 1, 2], ""single_subtopic"": false, ""split"": ""validation"", ""timestamp"": ""2026-06-25_172848"", ""top_k"": 5, ""top_m"": 100, ""val_fraction"": 0.2}"
0.1,2,Seg*,Seg(-0.2),0.0028,0.7435,0.7301,0.8977,0.6828,0.7827,0.58,0.4087,2.5998,0.0,"{""alpha_grid"": [-0.3, -0.2, -0.1, -0.05, 0.0, 0.05, 0.1, 0.2, 0.3, 0.5, 1.0], ""batch_size"": 64, ""chunk_window"": 60, ""dataset"": ""hotpotqa_fullwiki"", ""device"": ""cuda"", ""dup_noise"": ""light"", ""dup_target"": ""mixed"", ""encode_cache"": true, ""encoder_model"": ""Qwen/Qwen3-Embedding-4B"", ""experiment"": ""both"", ""gen_max_samples"": 1000, ""gen_methods"": [], ""generator_model"": null, ""git_commit"": ""9372710"", ""lambda_grid"": [0.3, 0.5, 0.7, 0.9], ""max_samples"": null, ""metric"": ""cosine"", ""objective"": ""S-Recall@k"", ""overlap_grid"": [0.0, 0.25, 0.5, 0.75], ""reanalyzed_objective"": ""S-Recall@k"", ""rho_grid"": [0.0, 0.025, 0.05, 0.1, 0.15, 0.25, 0.5, 1.0], ""run_generation"": false, ""script"": ""evaluate_redundancy.py"", ""seed"": 0, ""seeds"": [0, 1, 2], ""single_subtopic"": false, ""split"": ""validation"", ""timestamp"": ""2026-06-25_172848"", ""top_k"": 5, ""top_m"": 100, ""val_fraction"": 0.2}"
0.15,2,kNN,kNN,0.0049,0.5835,0.6176,0.8998,0.6943,0.6231,0.5126,0.1366,1.4532,,"{""alpha_grid"": [-0.3, -0.2, -0.1, -0.05, 0.0, 0.05, 0.1, 0.2, 0.3, 0.5, 1.0], ""batch_size"": 64, ""chunk_window"": 60, ""dataset"": ""hotpotqa_fullwiki"", ""device"": ""cuda"", ""dup_noise"": ""light"", ""dup_target"": ""mixed"", ""encode_cache"": true, ""encoder_model"": ""Qwen/Qwen3-Embedding-4B"", ""experiment"": ""both"", ""gen_max_samples"": 1000, ""gen_methods"": [], ""generator_model"": null, ""git_commit"": ""9372710"", ""lambda_grid"": [0.3, 0.5, 0.7, 0.9], ""max_samples"": null, ""metric"": ""cosine"", ""objective"": ""S-Recall@k"", ""overlap_grid"": [0.0, 0.25, 0.5, 0.75], ""reanalyzed_objective"": ""S-Recall@k"", ""rho_grid"": [0.0, 0.025, 0.05, 0.1, 0.15, 0.25, 0.5, 1.0], ""run_generation"": false, ""script"": ""evaluate_redundancy.py"", ""seed"": 0, ""seeds"": [0, 1, 2], ""single_subtopic"": false, ""split"": ""validation"", ""timestamp"": ""2026-06-25_172848"", ""top_k"": 5, ""top_m"": 100, ""val_fraction"": 0.2}"
0.15,2,Maxmin,Maxmin,0.0049,0.4445,0.5385,0.8709,0.4381,0.4754,0.4679,0.6911,3.8804,0.0,"{""alpha_grid"": [-0.3, -0.2, -0.1, -0.05, 0.0, 0.05, 0.1, 0.2, 0.3, 0.5, 1.0], ""batch_size"": 64, ""chunk_window"": 60, ""dataset"": ""hotpotqa_fullwiki"", ""device"": ""cuda"", ""dup_noise"": ""light"", ""dup_target"": ""mixed"", ""encode_cache"": true, ""encoder_model"": ""Qwen/Qwen3-Embedding-4B"", ""experiment"": ""both"", ""gen_max_samples"": 1000, ""gen_methods"": [], ""generator_model"": null, ""git_commit"": ""9372710"", ""lambda_grid"": [0.3, 0.5, 0.7, 0.9], ""max_samples"": null, ""metric"": ""cosine"", ""objective"": ""S-Recall@k"", ""overlap_grid"": [0.0, 0.25, 0.5, 0.75], ""reanalyzed_objective"": ""S-Recall@k"", ""rho_grid"": [0.0, 0.025, 0.05, 0.1, 0.15, 0.25, 0.5, 1.0], ""run_generation"": false, ""script"": ""evaluate_redundancy.py"", ""seed"": 0, ""seeds"": [0, 1, 2], ""single_subtopic"": false, ""split"": ""validation"", ""timestamp"": ""2026-06-25_172848"", ""top_k"": 5, ""top_m"": 100, ""val_fraction"": 0.2}"
0.15,2,Greedy-DPP,Greedy-DPP,0.0049,0.7206,0.7377,0.8967,0.5627,0.7587,0.5943,0.587,3.7361,0.0,"{""alpha_grid"": [-0.3, -0.2, -0.1, -0.05, 0.0, 0.05, 0.1, 0.2, 0.3, 0.5, 1.0], ""batch_size"": 64, ""chunk_window"": 60, ""dataset"": ""hotpotqa_fullwiki"", ""device"": ""cuda"", ""dup_noise"": ""light"", ""dup_target"": ""mixed"", ""encode_cache"": true, ""encoder_model"": ""Qwen/Qwen3-Embedding-4B"", ""experiment"": ""both"", ""gen_max_samples"": 1000, ""gen_methods"": [], ""generator_model"": null, ""git_commit"": ""9372710"", ""lambda_grid"": [0.3, 0.5, 0.7, 0.9], ""max_samples"": null, ""metric"": ""cosine"", ""objective"": ""S-Recall@k"", ""overlap_grid"": [0.0, 0.25, 0.5, 0.75], ""reanalyzed_objective"": ""S-Recall@k"", ""rho_grid"": [0.0, 0.025, 0.05, 0.1, 0.15, 0.25, 0.5, 1.0], ""run_generation"": false, ""script"": ""evaluate_redundancy.py"", ""seed"": 0, ""seeds"": [0, 1, 2], ""single_subtopic"": false, ""split"": ""validation"", ""timestamp"": ""2026-06-25_172848"", ""top_k"": 5, ""top_m"": 100, ""val_fraction"": 0.2}"
0.15,2,MMR*,MMR(0.7),0.0049,0.7101,0.727,0.8974,0.613,0.7482,0.5864,0.4833,3.1312,0.0,"{""alpha_grid"": [-0.3, -0.2, -0.1, -0.05, 0.0, 0.05, 0.1, 0.2, 0.3, 0.5, 1.0], ""batch_size"": 64, ""chunk_window"": 60, ""dataset"": ""hotpotqa_fullwiki"", ""device"": ""cuda"", ""dup_noise"": ""light"", ""dup_target"": ""mixed"", ""encode_cache"": true, ""encoder_model"": ""Qwen/Qwen3-Embedding-4B"", ""experiment"": ""both"", ""gen_max_samples"": 1000, ""gen_methods"": [], ""generator_model"": null, ""git_commit"": ""9372710"", ""lambda_grid"": [0.3, 0.5, 0.7, 0.9], ""max_samples"": null, ""metric"": ""cosine"", ""objective"": ""S-Recall@k"", ""overlap_grid"": [0.0, 0.25, 0.5, 0.75], ""reanalyzed_objective"": ""S-Recall@k"", ""rho_grid"": [0.0, 0.025, 0.05, 0.1, 0.15, 0.25, 0.5, 1.0], ""run_generation"": false, ""script"": ""evaluate_redundancy.py"", ""seed"": 0, ""seeds"": [0, 1, 2], ""single_subtopic"": false, ""split"": ""validation"", ""timestamp"": ""2026-06-25_172848"", ""top_k"": 5, ""top_m"": 100, ""val_fraction"": 0.2}"
0.15,2,RNG*,RNG(-0.1),0.0049,0.7225,0.7234,0.8996,0.6629,0.7616,0.5797,0.4189,2.7012,0.0,"{""alpha_grid"": [-0.3, -0.2, -0.1, -0.05, 0.0, 0.05, 0.1, 0.2, 0.3, 0.5, 1.0], ""batch_size"": 64, ""chunk_window"": 60, ""dataset"": ""hotpotqa_fullwiki"", ""device"": ""cuda"", ""dup_noise"": ""light"", ""dup_target"": ""mixed"", ""encode_cache"": true, ""encoder_model"": ""Qwen/Qwen3-Embedding-4B"", ""experiment"": ""both"", ""gen_max_samples"": 1000, ""gen_methods"": [], ""generator_model"": null, ""git_commit"": ""9372710"", ""lambda_grid"": [0.3, 0.5, 0.7, 0.9], ""max_samples"": null, ""metric"": ""cosine"", ""objective"": ""S-Recall@k"", ""overlap_grid"": [0.0, 0.25, 0.5, 0.75], ""reanalyzed_objective"": ""S-Recall@k"", ""rho_grid"": [0.0, 0.025, 0.05, 0.1, 0.15, 0.25, 0.5, 1.0], ""run_generation"": false, ""script"": ""evaluate_redundancy.py"", ""seed"": 0, ""seeds"": [0, 1, 2], ""single_subtopic"": false, ""split"": ""validation"", ""timestamp"": ""2026-06-25_172848"", ""top_k"": 5, ""top_m"": 100, ""val_fraction"": 0.2}"
0.15,2,Seg*,Seg(-0.2),0.0049,0.7145,0.7137,0.8999,0.683,0.7541,0.5724,0.3606,2.4079,0.0,"{""alpha_grid"": [-0.3, -0.2, -0.1, -0.05, 0.0, 0.05, 0.1, 0.2, 0.3, 0.5, 1.0], ""batch_size"": 64, ""chunk_window"": 60, ""dataset"": ""hotpotqa_fullwiki"", ""device"": ""cuda"", ""dup_noise"": ""light"", ""dup_target"": ""mixed"", ""encode_cache"": true, ""encoder_model"": ""Qwen/Qwen3-Embedding-4B"", ""experiment"": ""both"", ""gen_max_samples"": 1000, ""gen_methods"": [], ""generator_model"": null, ""git_commit"": ""9372710"", ""lambda_grid"": [0.3, 0.5, 0.7, 0.9], ""max_samples"": null, ""metric"": ""cosine"", ""objective"": ""S-Recall@k"", ""overlap_grid"": [0.0, 0.25, 0.5, 0.75], ""reanalyzed_objective"": ""S-Recall@k"", ""rho_grid"": [0.0, 0.025, 0.05, 0.1, 0.15, 0.25, 0.5, 1.0], ""run_generation"": false, ""script"": ""evaluate_redundancy.py"", ""seed"": 0, ""seeds"": [0, 1, 2], ""single_subtopic"": false, ""split"": ""validation"", ""timestamp"": ""2026-06-25_172848"", ""top_k"": 5, ""top_m"": 100, ""val_fraction"": 0.2}"
0.25,2,kNN,kNN,0.0111,0.5057,0.5789,0.9006,0.6684,0.5459,0.4958,0.0799,1.2916,,"{""alpha_grid"": [-0.3, -0.2, -0.1, -0.05, 0.0, 0.05, 0.1, 0.2, 0.3, 0.5, 1.0], ""batch_size"": 64, ""chunk_window"": 60, ""dataset"": ""hotpotqa_fullwiki"", ""device"": ""cuda"", ""dup_noise"": ""light"", ""dup_target"": ""mixed"", ""encode_cache"": true, ""encoder_model"": ""Qwen/Qwen3-Embedding-4B"", ""experiment"": ""both"", ""gen_max_samples"": 1000, ""gen_methods"": [], ""generator_model"": null, ""git_commit"": ""9372710"", ""lambda_grid"": [0.3, 0.5, 0.7, 0.9], ""max_samples"": null, ""metric"": ""cosine"", ""objective"": ""S-Recall@k"", ""overlap_grid"": [0.0, 0.25, 0.5, 0.75], ""reanalyzed_objective"": ""S-Recall@k"", ""rho_grid"": [0.0, 0.025, 0.05, 0.1, 0.15, 0.25, 0.5, 1.0], ""run_generation"": false, ""script"": ""evaluate_redundancy.py"", ""seed"": 0, ""seeds"": [0, 1, 2], ""single_subtopic"": false, ""split"": ""validation"", ""timestamp"": ""2026-06-25_172848"", ""top_k"": 5, ""top_m"": 100, ""val_fraction"": 0.2}"
0.25,2,Maxmin,Maxmin,0.0111,0.4465,0.5403,0.8726,0.4422,0.4776,0.4695,0.6737,3.7649,0.0,"{""alpha_grid"": [-0.3, -0.2, -0.1, -0.05, 0.0, 0.05, 0.1, 0.2, 0.3, 0.5, 1.0], ""batch_size"": 64, ""chunk_window"": 60, ""dataset"": ""hotpotqa_fullwiki"", ""device"": ""cuda"", ""dup_noise"": ""light"", ""dup_target"": ""mixed"", ""encode_cache"": true, ""encoder_model"": ""Qwen/Qwen3-Embedding-4B"", ""experiment"": ""both"", ""gen_max_samples"": 1000, ""gen_methods"": [], ""generator_model"": null, ""git_commit"": ""9372710"", ""lambda_grid"": [0.3, 0.5, 0.7, 0.9], ""max_samples"": null, ""metric"": ""cosine"", ""objective"": ""S-Recall@k"", ""overlap_grid"": [0.0, 0.25, 0.5, 0.75], ""reanalyzed_objective"": ""S-Recall@k"", ""rho_grid"": [0.0, 0.025, 0.05, 0.1, 0.15, 0.25, 0.5, 1.0], ""run_generation"": false, ""script"": ""evaluate_redundancy.py"", ""seed"": 0, ""seeds"": [0, 1, 2], ""single_subtopic"": false, ""split"": ""validation"", ""timestamp"": ""2026-06-25_172848"", ""top_k"": 5, ""top_m"": 100, ""val_fraction"": 0.2}"
0.25,2,Greedy-DPP,Greedy-DPP,0.0111,0.7216,0.7388,0.8979,0.5637,0.76,0.5956,0.5861,3.7323,0.0,"{""alpha_grid"": [-0.3, -0.2, -0.1, -0.05, 0.0, 0.05, 0.1, 0.2, 0.3, 0.5, 1.0], ""batch_size"": 64, ""chunk_window"": 60, ""dataset"": ""hotpotqa_fullwiki"", ""device"": ""cuda"", ""dup_noise"": ""light"", ""dup_target"": ""mixed"", ""encode_cache"": true, ""encoder_model"": ""Qwen/Qwen3-Embedding-4B"", ""experiment"": ""both"", ""gen_max_samples"": 1000, ""gen_methods"": [], ""generator_model"": null, ""git_commit"": ""9372710"", ""lambda_grid"": [0.3, 0.5, 0.7, 0.9], ""max_samples"": null, ""metric"": ""cosine"", ""objective"": ""S-Recall@k"", ""overlap_grid"": [0.0, 0.25, 0.5, 0.75], ""reanalyzed_objective"": ""S-Recall@k"", ""rho_grid"": [0.0, 0.025, 0.05, 0.1, 0.15, 0.25, 0.5, 1.0], ""run_generation"": false, ""script"": ""evaluate_redundancy.py"", ""seed"": 0, ""seeds"": [0, 1, 2], ""single_subtopic"": false, ""split"": ""validation"", ""timestamp"": ""2026-06-25_172848"", ""top_k"": 5, ""top_m"": 100, ""val_fraction"": 0.2}"
0.25,2,MMR*,MMR(0.7),0.0111,0.7086,0.7271,0.8983,0.6158,0.7474,0.5875,0.4735,3.0875,0.0,"{""alpha_grid"": [-0.3, -0.2, -0.1, -0.05, 0.0, 0.05, 0.1, 0.2, 0.3, 0.5, 1.0], ""batch_size"": 64, ""chunk_window"": 60, ""dataset"": ""hotpotqa_fullwiki"", ""device"": ""cuda"", ""dup_noise"": ""light"", ""dup_target"": ""mixed"", ""encode_cache"": true, ""encoder_model"": ""Qwen/Qwen3-Embedding-4B"", ""experiment"": ""both"", ""gen_max_samples"": 1000, ""gen_methods"": [], ""generator_model"": null, ""git_commit"": ""9372710"", ""lambda_grid"": [0.3, 0.5, 0.7, 0.9], ""max_samples"": null, ""metric"": ""cosine"", ""objective"": ""S-Recall@k"", ""overlap_grid"": [0.0, 0.25, 0.5, 0.75], ""reanalyzed_objective"": ""S-Recall@k"", ""rho_grid"": [0.0, 0.025, 0.05, 0.1, 0.15, 0.25, 0.5, 1.0], ""run_generation"": false, ""script"": ""evaluate_redundancy.py"", ""seed"": 0, ""seeds"": [0, 1, 2], ""single_subtopic"": false, ""split"": ""validation"", ""timestamp"": ""2026-06-25_172848"", ""top_k"": 5, ""top_m"": 100, ""val_fraction"": 0.2}"
0.25,2,RNG*,RNG(-0.1),0.0111,0.6979,0.7071,0.901,0.6715,0.7376,0.5707,0.3726,2.4777,0.0,"{""alpha_grid"": [-0.3, -0.2, -0.1, -0.05, 0.0, 0.05, 0.1, 0.2, 0.3, 0.5, 1.0], ""batch_size"": 64, ""chunk_window"": 60, ""dataset"": ""hotpotqa_fullwiki"", ""device"": ""cuda"", ""dup_noise"": ""light"", ""dup_target"": ""mixed"", ""encode_cache"": true, ""encoder_model"": ""Qwen/Qwen3-Embedding-4B"", ""experiment"": ""both"", ""gen_max_samples"": 1000, ""gen_methods"": [], ""generator_model"": null, ""git_commit"": ""9372710"", ""lambda_grid"": [0.3, 0.5, 0.7, 0.9], ""max_samples"": null, ""metric"": ""cosine"", ""objective"": ""S-Recall@k"", ""overlap_grid"": [0.0, 0.25, 0.5, 0.75], ""reanalyzed_objective"": ""S-Recall@k"", ""rho_grid"": [0.0, 0.025, 0.05, 0.1, 0.15, 0.25, 0.5, 1.0], ""run_generation"": false, ""script"": ""evaluate_redundancy.py"", ""seed"": 0, ""seeds"": [0, 1, 2], ""single_subtopic"": false, ""split"": ""validation"", ""timestamp"": ""2026-06-25_172848"", ""top_k"": 5, ""top_m"": 100, ""val_fraction"": 0.2}"
0.25,2,Seg*,Seg(-0.1),0.0111,0.6918,0.7037,0.9005,0.6675,0.7313,0.5689,0.3797,2.5094,0.0,"{""alpha_grid"": [-0.3, -0.2, -0.1, -0.05, 0.0, 0.05, 0.1, 0.2, 0.3, 0.5, 1.0], ""batch_size"": 64, ""chunk_window"": 60, ""dataset"": ""hotpotqa_fullwiki"", ""device"": ""cuda"", ""dup_noise"": ""light"", ""dup_target"": ""mixed"", ""encode_cache"": true, ""encoder_model"": ""Qwen/Qwen3-Embedding-4B"", ""experiment"": ""both"", ""gen_max_samples"": 1000, ""gen_methods"": [], ""generator_model"": null, ""git_commit"": ""9372710"", ""lambda_grid"": [0.3, 0.5, 0.7, 0.9], ""max_samples"": null, ""metric"": ""cosine"", ""objective"": ""S-Recall@k"", ""overlap_grid"": [0.0, 0.25, 0.5, 0.75], ""reanalyzed_objective"": ""S-Recall@k"", ""rho_grid"": [0.0, 0.025, 0.05, 0.1, 0.15, 0.25, 0.5, 1.0], ""run_generation"": false, ""script"": ""evaluate_redundancy.py"", ""seed"": 0, ""seeds"": [0, 1, 2], ""single_subtopic"": false, ""split"": ""validation"", ""timestamp"": ""2026-06-25_172848"", ""top_k"": 5, ""top_m"": 100, ""val_fraction"": 0.2}"
0.5,2,kNN,kNN,0.0367,0.4877,0.569,0.9011,0.6625,0.5295,0.4924,0.0608,1.22,,"{""alpha_grid"": [-0.3, -0.2, -0.1, -0.05, 0.0, 0.05, 0.1, 0.2, 0.3, 0.5, 1.0], ""batch_size"": 64, ""chunk_window"": 60, ""dataset"": ""hotpotqa_fullwiki"", ""device"": ""cuda"", ""dup_noise"": ""light"", ""dup_target"": ""mixed"", ""encode_cache"": true, ""encoder_model"": ""Qwen/Qwen3-Embedding-4B"", ""experiment"": ""both"", ""gen_max_samples"": 1000, ""gen_methods"": [], ""generator_model"": null, ""git_commit"": ""9372710"", ""lambda_grid"": [0.3, 0.5, 0.7, 0.9], ""max_samples"": null, ""metric"": ""cosine"", ""objective"": ""S-Recall@k"", ""overlap_grid"": [0.0, 0.25, 0.5, 0.75], ""reanalyzed_objective"": ""S-Recall@k"", ""rho_grid"": [0.0, 0.025, 0.05, 0.1, 0.15, 0.25, 0.5, 1.0], ""run_generation"": false, ""script"": ""evaluate_redundancy.py"", ""seed"": 0, ""seeds"": [0, 1, 2], ""single_subtopic"": false, ""split"": ""validation"", ""timestamp"": ""2026-06-25_172848"", ""top_k"": 5, ""top_m"": 100, ""val_fraction"": 0.2}"
0.5,2,Maxmin,Maxmin,0.0367,0.4543,0.546,0.8769,0.4521,0.4878,0.4751,0.6412,3.5577,0.0,"{""alpha_grid"": [-0.3, -0.2, -0.1, -0.05, 0.0, 0.05, 0.1, 0.2, 0.3, 0.5, 1.0], ""batch_size"": 64, ""chunk_window"": 60, ""dataset"": ""hotpotqa_fullwiki"", ""device"": ""cuda"", ""dup_noise"": ""light"", ""dup_target"": ""mixed"", ""encode_cache"": true, ""encoder_model"": ""Qwen/Qwen3-Embedding-4B"", ""experiment"": ""both"", ""gen_max_samples"": 1000, ""gen_methods"": [], ""generator_model"": null, ""git_commit"": ""9372710"", ""lambda_grid"": [0.3, 0.5, 0.7, 0.9], ""max_samples"": null, ""metric"": ""cosine"", ""objective"": ""S-Recall@k"", ""overlap_grid"": [0.0, 0.25, 0.5, 0.75], ""reanalyzed_objective"": ""S-Recall@k"", ""rho_grid"": [0.0, 0.025, 0.05, 0.1, 0.15, 0.25, 0.5, 1.0], ""run_generation"": false, ""script"": ""evaluate_redundancy.py"", ""seed"": 0, ""seeds"": [0, 1, 2], ""single_subtopic"": false, ""split"": ""validation"", ""timestamp"": ""2026-06-25_172848"", ""top_k"": 5, ""top_m"": 100, ""val_fraction"": 0.2}"
0.5,2,Greedy-DPP,Greedy-DPP,0.0367,0.7227,0.7405,0.9,0.5657,0.7631,0.5989,0.5849,3.7276,0.0,"{""alpha_grid"": [-0.3, -0.2, -0.1, -0.05, 0.0, 0.05, 0.1, 0.2, 0.3, 0.5, 1.0], ""batch_size"": 64, ""chunk_window"": 60, ""dataset"": ""hotpotqa_fullwiki"", ""device"": ""cuda"", ""dup_noise"": ""light"", ""dup_target"": ""mixed"", ""encode_cache"": true, ""encoder_model"": ""Qwen/Qwen3-Embedding-4B"", ""experiment"": ""both"", ""gen_max_samples"": 1000, ""gen_methods"": [], ""generator_model"": null, ""git_commit"": ""9372710"", ""lambda_grid"": [0.3, 0.5, 0.7, 0.9], ""max_samples"": null, ""metric"": ""cosine"", ""objective"": ""S-Recall@k"", ""overlap_grid"": [0.0, 0.25, 0.5, 0.75], ""reanalyzed_objective"": ""S-Recall@k"", ""rho_grid"": [0.0, 0.025, 0.05, 0.1, 0.15, 0.25, 0.5, 1.0], ""run_generation"": false, ""script"": ""evaluate_redundancy.py"", ""seed"": 0, ""seeds"": [0, 1, 2], ""single_subtopic"": false, ""split"": ""validation"", ""timestamp"": ""2026-06-25_172848"", ""top_k"": 5, ""top_m"": 100, ""val_fraction"": 0.2}"
0.5,2,MMR*,MMR(0.7),0.0367,0.707,0.7273,0.9006,0.6191,0.7477,0.59,0.4631,3.0424,0.0,"{""alpha_grid"": [-0.3, -0.2, -0.1, -0.05, 0.0, 0.05, 0.1, 0.2, 0.3, 0.5, 1.0], ""batch_size"": 64, ""chunk_window"": 60, ""dataset"": ""hotpotqa_fullwiki"", ""device"": ""cuda"", ""dup_noise"": ""light"", ""dup_target"": ""mixed"", ""encode_cache"": true, ""encoder_model"": ""Qwen/Qwen3-Embedding-4B"", ""experiment"": ""both"", ""gen_max_samples"": 1000, ""gen_methods"": [], ""generator_model"": null, ""git_commit"": ""9372710"", ""lambda_grid"": [0.3, 0.5, 0.7, 0.9], ""max_samples"": null, ""metric"": ""cosine"", ""objective"": ""S-Recall@k"", ""overlap_grid"": [0.0, 0.25, 0.5, 0.75], ""reanalyzed_objective"": ""S-Recall@k"", ""rho_grid"": [0.0, 0.025, 0.05, 0.1, 0.15, 0.25, 0.5, 1.0], ""run_generation"": false, ""script"": ""evaluate_redundancy.py"", ""seed"": 0, ""seeds"": [0, 1, 2], ""single_subtopic"": false, ""split"": ""validation"", ""timestamp"": ""2026-06-25_172848"", ""top_k"": 5, ""top_m"": 100, ""val_fraction"": 0.2}"
0.5,2,RNG*,RNG(-0.1),0.0367,0.6581,0.6819,0.9021,0.676,0.6994,0.5583,0.305,2.1794,0.0,"{""alpha_grid"": [-0.3, -0.2, -0.1, -0.05, 0.0, 0.05, 0.1, 0.2, 0.3, 0.5, 1.0], ""batch_size"": 64, ""chunk_window"": 60, ""dataset"": ""hotpotqa_fullwiki"", ""device"": ""cuda"", ""dup_noise"": ""light"", ""dup_target"": ""mixed"", ""encode_cache"": true, ""encoder_model"": ""Qwen/Qwen3-Embedding-4B"", ""experiment"": ""both"", ""gen_max_samples"": 1000, ""gen_methods"": [], ""generator_model"": null, ""git_commit"": ""9372710"", ""lambda_grid"": [0.3, 0.5, 0.7, 0.9], ""max_samples"": null, ""metric"": ""cosine"", ""objective"": ""S-Recall@k"", ""overlap_grid"": [0.0, 0.25, 0.5, 0.75], ""reanalyzed_objective"": ""S-Recall@k"", ""rho_grid"": [0.0, 0.025, 0.05, 0.1, 0.15, 0.25, 0.5, 1.0], ""run_generation"": false, ""script"": ""evaluate_redundancy.py"", ""seed"": 0, ""seeds"": [0, 1, 2], ""single_subtopic"": false, ""split"": ""validation"", ""timestamp"": ""2026-06-25_172848"", ""top_k"": 5, ""top_m"": 100, ""val_fraction"": 0.2}"
0.5,2,Seg*,Seg(-0.1),0.0367,0.6523,0.6788,0.9017,0.6729,0.6935,0.5566,0.3095,2.1984,0.0,"{""alpha_grid"": [-0.3, -0.2, -0.1, -0.05, 0.0, 0.05, 0.1, 0.2, 0.3, 0.5, 1.0], ""batch_size"": 64, ""chunk_window"": 60, ""dataset"": ""hotpotqa_fullwiki"", ""device"": ""cuda"", ""dup_noise"": ""light"", ""dup_target"": ""mixed"", ""encode_cache"": true, ""encoder_model"": ""Qwen/Qwen3-Embedding-4B"", ""experiment"": ""both"", ""gen_max_samples"": 1000, ""gen_methods"": [], ""generator_model"": null, ""git_commit"": ""9372710"", ""lambda_grid"": [0.3, 0.5, 0.7, 0.9], ""max_samples"": null, ""metric"": ""cosine"", ""objective"": ""S-Recall@k"", ""overlap_grid"": [0.0, 0.25, 0.5, 0.75], ""reanalyzed_objective"": ""S-Recall@k"", ""rho_grid"": [0.0, 0.025, 0.05, 0.1, 0.15, 0.25, 0.5, 1.0], ""run_generation"": false, ""script"": ""evaluate_redundancy.py"", ""seed"": 0, ""seeds"": [0, 1, 2], ""single_subtopic"": false, ""split"": ""validation"", ""timestamp"": ""2026-06-25_172848"", ""top_k"": 5, ""top_m"": 100, ""val_fraction"": 0.2}"
1.0,2,kNN,kNN,0.1293,0.4786,0.5624,0.8979,0.6591,0.5246,0.4919,0.0516,1.1781,,"{""alpha_grid"": [-0.3, -0.2, -0.1, -0.05, 0.0, 0.05, 0.1, 0.2, 0.3, 0.5, 1.0], ""batch_size"": 64, ""chunk_window"": 60, ""dataset"": ""hotpotqa_fullwiki"", ""device"": ""cuda"", ""dup_noise"": ""light"", ""dup_target"": ""mixed"", ""encode_cache"": true, ""encoder_model"": ""Qwen/Qwen3-Embedding-4B"", ""experiment"": ""both"", ""gen_max_samples"": 1000, ""gen_methods"": [], ""generator_model"": null, ""git_commit"": ""9372710"", ""lambda_grid"": [0.3, 0.5, 0.7, 0.9], ""max_samples"": null, ""metric"": ""cosine"", ""objective"": ""S-Recall@k"", ""overlap_grid"": [0.0, 0.25, 0.5, 0.75], ""reanalyzed_objective"": ""S-Recall@k"", ""rho_grid"": [0.0, 0.025, 0.05, 0.1, 0.15, 0.25, 0.5, 1.0], ""run_generation"": false, ""script"": ""evaluate_redundancy.py"", ""seed"": 0, ""seeds"": [0, 1, 2], ""single_subtopic"": false, ""split"": ""validation"", ""timestamp"": ""2026-06-25_172848"", ""top_k"": 5, ""top_m"": 100, ""val_fraction"": 0.2}"
1.0,2,Maxmin,Maxmin,0.1293,0.4691,0.5554,0.8785,0.4689,0.5069,0.4842,0.5884,3.221,0.0,"{""alpha_grid"": [-0.3, -0.2, -0.1, -0.05, 0.0, 0.05, 0.1, 0.2, 0.3, 0.5, 1.0], ""batch_size"": 64, ""chunk_window"": 60, ""dataset"": ""hotpotqa_fullwiki"", ""device"": ""cuda"", ""dup_noise"": ""light"", ""dup_target"": ""mixed"", ""encode_cache"": true, ""encoder_model"": ""Qwen/Qwen3-Embedding-4B"", ""experiment"": ""both"", ""gen_max_samples"": 1000, ""gen_methods"": [], ""generator_model"": null, ""git_commit"": ""9372710"", ""lambda_grid"": [0.3, 0.5, 0.7, 0.9], ""max_samples"": null, ""metric"": ""cosine"", ""objective"": ""S-Recall@k"", ""overlap_grid"": [0.0, 0.25, 0.5, 0.75], ""reanalyzed_objective"": ""S-Recall@k"", ""rho_grid"": [0.0, 0.025, 0.05, 0.1, 0.15, 0.25, 0.5, 1.0], ""run_generation"": false, ""script"": ""evaluate_redundancy.py"", ""seed"": 0, ""seeds"": [0, 1, 2], ""single_subtopic"": false, ""split"": ""validation"", ""timestamp"": ""2026-06-25_172848"", ""top_k"": 5, ""top_m"": 100, ""val_fraction"": 0.2}"
1.0,2,Greedy-DPP,Greedy-DPP,0.1293,0.7193,0.738,0.899,0.5655,0.7638,0.6012,0.583,3.7204,0.0,"{""alpha_grid"": [-0.3, -0.2, -0.1, -0.05, 0.0, 0.05, 0.1, 0.2, 0.3, 0.5, 1.0], ""batch_size"": 64, ""chunk_window"": 60, ""dataset"": ""hotpotqa_fullwiki"", ""device"": ""cuda"", ""dup_noise"": ""light"", ""dup_target"": ""mixed"", ""encode_cache"": true, ""encoder_model"": ""Qwen/Qwen3-Embedding-4B"", ""experiment"": ""both"", ""gen_max_samples"": 1000, ""gen_methods"": [], ""generator_model"": null, ""git_commit"": ""9372710"", ""lambda_grid"": [0.3, 0.5, 0.7, 0.9], ""max_samples"": null, ""metric"": ""cosine"", ""objective"": ""S-Recall@k"", ""overlap_grid"": [0.0, 0.25, 0.5, 0.75], ""reanalyzed_objective"": ""S-Recall@k"", ""rho_grid"": [0.0, 0.025, 0.05, 0.1, 0.15, 0.25, 0.5, 1.0], ""run_generation"": false, ""script"": ""evaluate_redundancy.py"", ""seed"": 0, ""seeds"": [0, 1, 2], ""single_subtopic"": false, ""split"": ""validation"", ""timestamp"": ""2026-06-25_172848"", ""top_k"": 5, ""top_m"": 100, ""val_fraction"": 0.2}"
1.0,2,MMR*,MMR(0.7),0.1293,0.7064,0.7263,0.8997,0.6206,0.7516,0.593,0.4586,3.023,0.0,"{""alpha_grid"": [-0.3, -0.2, -0.1, -0.05, 0.0, 0.05, 0.1, 0.2, 0.3, 0.5, 1.0], ""batch_size"": 64, ""chunk_window"": 60, ""dataset"": ""hotpotqa_fullwiki"", ""device"": ""cuda"", ""dup_noise"": ""light"", ""dup_target"": ""mixed"", ""encode_cache"": true, ""encoder_model"": ""Qwen/Qwen3-Embedding-4B"", ""experiment"": ""both"", ""gen_max_samples"": 1000, ""gen_methods"": [], ""generator_model"": null, ""git_commit"": ""9372710"", ""lambda_grid"": [0.3, 0.5, 0.7, 0.9], ""max_samples"": null, ""metric"": ""cosine"", ""objective"": ""S-Recall@k"", ""overlap_grid"": [0.0, 0.25, 0.5, 0.75], ""reanalyzed_objective"": ""S-Recall@k"", ""rho_grid"": [0.0, 0.025, 0.05, 0.1, 0.15, 0.25, 0.5, 1.0], ""run_generation"": false, ""script"": ""evaluate_redundancy.py"", ""seed"": 0, ""seeds"": [0, 1, 2], ""single_subtopic"": false, ""split"": ""validation"", ""timestamp"": ""2026-06-25_172848"", ""top_k"": 5, ""top_m"": 100, ""val_fraction"": 0.2}"
1.0,2,RNG*,RNG(-0.1),0.1293,0.6222,0.6566,0.9002,0.6754,0.6675,0.5465,0.2522,1.9463,0.0,"{""alpha_grid"": [-0.3, -0.2, -0.1, -0.05, 0.0, 0.05, 0.1, 0.2, 0.3, 0.5, 1.0], ""batch_size"": 64, ""chunk_window"": 60, ""dataset"": ""hotpotqa_fullwiki"", ""device"": ""cuda"", ""dup_noise"": ""light"", ""dup_target"": ""mixed"", ""encode_cache"": true, ""encoder_model"": ""Qwen/Qwen3-Embedding-4B"", ""experiment"": ""both"", ""gen_max_samples"": 1000, ""gen_methods"": [], ""generator_model"": null, ""git_commit"": ""9372710"", ""lambda_grid"": [0.3, 0.5, 0.7, 0.9], ""max_samples"": null, ""metric"": ""cosine"", ""objective"": ""S-Recall@k"", ""overlap_grid"": [0.0, 0.25, 0.5, 0.75], ""reanalyzed_objective"": ""S-Recall@k"", ""rho_grid"": [0.0, 0.025, 0.05, 0.1, 0.15, 0.25, 0.5, 1.0], ""run_generation"": false, ""script"": ""evaluate_redundancy.py"", ""seed"": 0, ""seeds"": [0, 1, 2], ""single_subtopic"": false, ""split"": ""validation"", ""timestamp"": ""2026-06-25_172848"", ""top_k"": 5, ""top_m"": 100, ""val_fraction"": 0.2}"
1.0,2,Seg*,Seg(-0.1),0.1293,0.6185,0.6545,0.8997,0.6733,0.6636,0.5453,0.2551,1.9591,0.0,"{""alpha_grid"": [-0.3, -0.2, -0.1, -0.05, 0.0, 0.05, 0.1, 0.2, 0.3, 0.5, 1.0], ""batch_size"": 64, ""chunk_window"": 60, ""dataset"": ""hotpotqa_fullwiki"", ""device"": ""cuda"", ""dup_noise"": ""light"", ""dup_target"": ""mixed"", ""encode_cache"": true, ""encoder_model"": ""Qwen/Qwen3-Embedding-4B"", ""experiment"": ""both"", ""gen_max_samples"": 1000, ""gen_methods"": [], ""generator_model"": null, ""git_commit"": ""9372710"", ""lambda_grid"": [0.3, 0.5, 0.7, 0.9], ""max_samples"": null, ""metric"": ""cosine"", ""objective"": ""S-Recall@k"", ""overlap_grid"": [0.0, 0.25, 0.5, 0.75], ""reanalyzed_objective"": ""S-Recall@k"", ""rho_grid"": [0.0, 0.025, 0.05, 0.1, 0.15, 0.25, 0.5, 1.0], ""run_generation"": false, ""script"": ""evaluate_redundancy.py"", ""seed"": 0, ""seeds"": [0, 1, 2], ""single_subtopic"": false, ""split"": ""validation"", ""timestamp"": ""2026-06-25_172848"", ""top_k"": 5, ""top_m"": 100, ""val_fraction"": 0.2}"
