D,tau,n_seeds,val mean,val mean_ci95
MMR(0.3),1.3,2,0.7792,0.0133
MMR(0.3),1.31,2,0.7792,0.0133
MMR(0.3),1.38,1,0.7781,0.0
MMR(0.3),1.4,1,0.7782,0.0
MMR(0.3),1.41,1,0.7782,0.0
MMR(0.3),1.42,1,0.7782,0.0
MMR(0.3),1.43,3,0.7821,0.0127
MMR(0.3),1.44,2,0.783,0.061
MMR(0.3),1.46,3,0.7821,0.0125
MMR(0.3),1.48,2,0.7792,0.0121
MMR(0.3),1.49,3,0.7821,0.0125
MMR(0.3),1.5,3,0.7821,0.0125
MMR(0.3),1.52,1,0.7783,0.0
MMR(0.3),1.53,3,0.7821,0.0125
MMR(0.3),1.54,3,0.7821,0.0125
MMR(0.3),1.56,3,0.7821,0.0124
MMR(0.3),1.57,3,0.7816,0.0132
MMR(0.3),1.59,3,0.7817,0.0132
MMR(0.3),1.6,3,0.7817,0.0132
MMR(0.3),1.61,3,0.7817,0.0132
MMR(0.3),1.62,3,0.7817,0.0131
MMR(0.3),1.63,3,0.7818,0.013
MMR(0.3),1.64,3,0.7817,0.0131
MMR(0.3),1.65,3,0.7817,0.0133
MMR(0.3),1.66,3,0.7817,0.0132
MMR(0.3),1.67,3,0.7817,0.0132
MMR(0.3),1.68,3,0.7815,0.0129
MMR(0.3),1.69,3,0.7814,0.013
MMR(0.3),1.7,3,0.7814,0.013
MMR(0.3),1.71,3,0.7814,0.013
MMR(0.3),1.72,3,0.7813,0.0128
MMR(0.3),1.73,3,0.7812,0.013
MMR(0.3),1.74,3,0.781,0.0129
MMR(0.3),1.75,3,0.7809,0.0126
MMR(0.3),1.76,3,0.7807,0.0127
MMR(0.3),1.77,3,0.7803,0.0135
MMR(0.3),1.78,3,0.7801,0.0131
MMR(0.3),1.79,3,0.78,0.0131
MMR(0.3),1.8,3,0.7797,0.0129
MMR(0.3),1.81,3,0.7796,0.013
MMR(0.3),1.82,3,0.7796,0.013
MMR(0.3),1.83,3,0.7795,0.013
MMR(0.3),1.84,3,0.7795,0.0129
MMR(0.3),1.85,3,0.7792,0.0132
MMR(0.3),1.86,3,0.7791,0.0131
MMR(0.3),1.87,3,0.7789,0.0126
MMR(0.3),1.88,3,0.7786,0.0131
MMR(0.3),1.89,3,0.7785,0.0128
MMR(0.3),1.9,3,0.7781,0.0134
MMR(0.3),1.91,3,0.778,0.0133
MMR(0.3),1.92,3,0.7778,0.0133
MMR(0.3),1.93,3,0.7774,0.0135
MMR(0.3),1.94,3,0.7772,0.0136
MMR(0.3),1.95,3,0.7768,0.013
MMR(0.3),1.96,3,0.7765,0.0135
MMR(0.3),1.97,3,0.7762,0.0132
MMR(0.3),1.98,3,0.7758,0.013
MMR(0.3),1.99,3,0.7756,0.0127
MMR(0.3),2.0,3,0.7752,0.0122
MMR(0.3),2.01,3,0.7753,0.0126
MMR(0.3),2.02,3,0.775,0.0125
MMR(0.3),2.03,3,0.7746,0.0131
MMR(0.3),2.04,3,0.7743,0.0133
MMR(0.3),2.05,3,0.774,0.0132
MMR(0.3),2.06,3,0.7736,0.0127
MMR(0.3),2.07,3,0.7733,0.0127
MMR(0.3),2.08,3,0.7729,0.0125
MMR(0.3),2.09,3,0.7724,0.0125
MMR(0.3),2.1,3,0.7717,0.0123
MMR(0.3),2.11,3,0.7707,0.0125
MMR(0.3),2.12,3,0.7703,0.0121
MMR(0.3),2.13,3,0.7698,0.0126
MMR(0.3),2.14,3,0.7691,0.0127
MMR(0.3),2.15,3,0.7685,0.0125
MMR(0.3),2.16,3,0.7678,0.0126
MMR(0.3),2.17,3,0.7671,0.0124
MMR(0.3),2.18,3,0.7666,0.0126
MMR(0.3),2.19,3,0.7659,0.0126
MMR(0.3),2.2,3,0.7655,0.0121
MMR(0.3),2.21,3,0.765,0.0121
MMR(0.3),2.22,3,0.7645,0.0118
MMR(0.3),2.23,3,0.7638,0.0118
MMR(0.3),2.24,3,0.7631,0.0121
MMR(0.3),2.25,3,0.7625,0.0116
MMR(0.3),2.26,3,0.7618,0.0115
MMR(0.3),2.27,3,0.7608,0.0129
MMR(0.3),2.28,3,0.7594,0.0122
MMR(0.3),2.29,3,0.7587,0.0129
MMR(0.3),2.3,3,0.7574,0.0121
MMR(0.3),2.31,3,0.7561,0.0112
MMR(0.3),2.32,3,0.755,0.0111
MMR(0.3),2.33,3,0.7542,0.0122
MMR(0.3),2.34,3,0.7528,0.0122
MMR(0.3),2.35,3,0.751,0.0129
MMR(0.3),2.36,3,0.7501,0.0127
MMR(0.3),2.37,3,0.749,0.0129
MMR(0.3),2.38,3,0.7479,0.0132
MMR(0.3),2.39,3,0.7471,0.0136
MMR(0.3),2.4,3,0.745,0.0138
MMR(0.3),2.41,3,0.7432,0.0132
MMR(0.3),2.42,3,0.7419,0.0142
MMR(0.3),2.43,3,0.7407,0.0147
MMR(0.3),2.44,3,0.7395,0.0146
MMR(0.3),2.45,3,0.7381,0.0135
MMR(0.3),2.46,3,0.7365,0.0146
MMR(0.3),2.47,3,0.7347,0.0138
MMR(0.3),2.48,3,0.7337,0.0142
MMR(0.3),2.49,3,0.7325,0.0162
MMR(0.3),2.5,3,0.7314,0.0154
MMR(0.3),2.51,3,0.7294,0.0157
MMR(0.3),2.52,3,0.7278,0.0153
MMR(0.3),2.53,3,0.7263,0.0153
MMR(0.3),2.54,3,0.7246,0.0158
MMR(0.3),2.55,3,0.7233,0.0157
MMR(0.3),2.56,3,0.7217,0.0154
MMR(0.3),2.57,3,0.7201,0.0139
MMR(0.3),2.58,3,0.7186,0.0128
MMR(0.3),2.59,3,0.7174,0.0121
MMR(0.3),2.6,3,0.7152,0.012
MMR(0.3),2.61,3,0.7128,0.0131
MMR(0.3),2.62,3,0.7113,0.0135
MMR(0.3),2.63,3,0.7101,0.0133
MMR(0.3),2.64,3,0.7082,0.0136
MMR(0.3),2.65,3,0.7063,0.0136
MMR(0.3),2.66,3,0.7045,0.0127
MMR(0.3),2.67,3,0.7022,0.0111
MMR(0.3),2.68,3,0.7002,0.0114
MMR(0.3),2.69,3,0.6978,0.0109
MMR(0.3),2.7,3,0.6957,0.0103
MMR(0.3),2.71,3,0.6934,0.0084
MMR(0.3),2.72,3,0.6914,0.0086
MMR(0.3),2.73,3,0.6891,0.0072
MMR(0.3),2.74,3,0.6862,0.0083
MMR(0.3),2.75,3,0.6836,0.0076
MMR(0.3),2.76,3,0.6819,0.0086
MMR(0.3),2.77,3,0.6803,0.009
MMR(0.3),2.78,3,0.6781,0.0103
MMR(0.3),2.79,3,0.6754,0.0117
MMR(0.3),2.8,3,0.6729,0.0135
MMR(0.3),2.81,3,0.6701,0.0142
MMR(0.3),2.82,3,0.6684,0.0161
MMR(0.3),2.83,3,0.666,0.0158
MMR(0.3),2.84,3,0.6636,0.0158
MMR(0.3),2.85,3,0.6612,0.0163
MMR(0.3),2.86,3,0.6582,0.0158
MMR(0.3),2.87,3,0.6553,0.015
MMR(0.3),2.88,3,0.6532,0.0149
MMR(0.3),2.89,3,0.651,0.0146
MMR(0.3),2.9,3,0.6483,0.0121
MMR(0.3),2.91,3,0.6456,0.0144
MMR(0.3),2.92,3,0.642,0.0143
MMR(0.3),2.93,3,0.6397,0.0141
MMR(0.3),2.94,3,0.6367,0.0147
MMR(0.3),2.95,3,0.6335,0.0143
MMR(0.3),2.96,3,0.6303,0.0151
MMR(0.3),2.97,3,0.6277,0.0145
MMR(0.3),2.98,3,0.6251,0.0139
MMR(0.3),2.99,3,0.6222,0.0132
MMR(0.3),3.0,3,0.6199,0.0129
MMR(0.3),3.01,3,0.6177,0.0128
MMR(0.3),3.02,3,0.6146,0.0149
MMR(0.3),3.03,3,0.6123,0.0138
MMR(0.3),3.04,3,0.6102,0.014
MMR(0.3),3.05,3,0.608,0.0139
MMR(0.3),3.06,3,0.6057,0.0129
MMR(0.3),3.07,3,0.6031,0.0118
MMR(0.3),3.08,3,0.6016,0.0114
MMR(0.3),3.09,3,0.5987,0.0119
MMR(0.3),3.1,3,0.5961,0.0111
MMR(0.3),3.11,3,0.5937,0.0104
MMR(0.3),3.12,3,0.5911,0.0116
MMR(0.3),3.13,3,0.5886,0.0114
MMR(0.3),3.14,3,0.5862,0.0117
MMR(0.3),3.15,3,0.5844,0.0122
MMR(0.3),3.16,3,0.5828,0.0123
MMR(0.3),3.17,3,0.5804,0.0099
MMR(0.3),3.18,3,0.5778,0.0116
MMR(0.3),3.19,3,0.5752,0.0106
MMR(0.3),3.2,3,0.5731,0.0106
MMR(0.3),3.21,3,0.5693,0.0102
MMR(0.3),3.22,3,0.5666,0.0099
MMR(0.3),3.23,3,0.5644,0.0093
MMR(0.3),3.24,3,0.5619,0.0069
MMR(0.3),3.25,3,0.5605,0.0084
MMR(0.3),3.26,3,0.5578,0.0066
MMR(0.3),3.27,3,0.5564,0.008
MMR(0.3),3.28,3,0.5543,0.0075
MMR(0.3),3.29,3,0.5521,0.0061
MMR(0.3),3.3,3,0.5497,0.0054
MMR(0.3),3.31,3,0.5484,0.0056
MMR(0.3),3.32,3,0.5471,0.007
MMR(0.3),3.33,3,0.546,0.007
MMR(0.3),3.34,3,0.5447,0.0055
MMR(0.3),3.35,3,0.5435,0.0057
MMR(0.3),3.36,3,0.5417,0.0048
MMR(0.3),3.37,3,0.5395,0.0038
MMR(0.3),3.38,3,0.5368,0.0041
MMR(0.3),3.39,3,0.5352,0.0036
MMR(0.3),3.4,3,0.5339,0.0022
MMR(0.3),3.41,3,0.5315,0.0023
MMR(0.3),3.42,3,0.53,0.0025
MMR(0.3),3.43,3,0.5283,0.0036
MMR(0.3),3.44,3,0.5261,0.0042
MMR(0.3),3.45,3,0.5243,0.0035
MMR(0.3),3.46,3,0.5231,0.0032
MMR(0.3),3.47,3,0.522,0.0029
MMR(0.3),3.48,3,0.5202,0.0021
MMR(0.3),3.49,3,0.5184,0.0029
MMR(0.3),3.5,3,0.5168,0.0054
MMR(0.3),3.51,3,0.5152,0.0057
MMR(0.3),3.52,3,0.514,0.0062
MMR(0.3),3.53,3,0.5132,0.0057
MMR(0.3),3.54,3,0.5126,0.0055
MMR(0.3),3.55,3,0.5113,0.0054
MMR(0.3),3.56,3,0.5102,0.0052
MMR(0.3),3.57,3,0.5096,0.0058
MMR(0.3),3.58,3,0.5091,0.0063
MMR(0.3),3.59,3,0.508,0.0063
MMR(0.3),3.6,3,0.5077,0.0071
MMR(0.3),3.61,3,0.5072,0.007
MMR(0.3),3.62,3,0.5067,0.0073
MMR(0.3),3.63,3,0.5065,0.0076
MMR(0.3),3.64,3,0.5058,0.0073
MMR(0.3),3.65,3,0.5053,0.0074
MMR(0.3),3.66,3,0.5048,0.0075
MMR(0.3),3.67,3,0.5044,0.0081
MMR(0.3),3.68,3,0.5042,0.0083
MMR(0.3),3.69,3,0.504,0.0082
MMR(0.3),3.7,3,0.5039,0.0079
MMR(0.3),3.71,3,0.5037,0.0084
MMR(0.3),3.72,3,0.5034,0.0087
MMR(0.3),3.73,3,0.5031,0.0083
MMR(0.3),3.74,2,0.501,0.0273
MMR(0.3),3.75,3,0.5026,0.0092
MMR(0.3),3.76,3,0.5024,0.0093
MMR(0.3),3.77,3,0.5019,0.0098
MMR(0.3),3.79,2,0.5041,0.0216
MMR(0.3),3.8,3,0.502,0.01
MMR(0.3),3.82,3,0.502,0.01
MMR(0.3),3.83,3,0.5018,0.0096
MMR(0.3),3.84,2,0.4999,0.0292
MMR(0.3),3.85,2,0.5037,0.0197
MMR(0.3),3.87,2,0.5037,0.0197
MMR(0.3),3.92,1,0.5019,0.0
MMR(0.3),3.97,1,0.5019,0.0
MMR(0.3),3.98,1,0.5019,0.0
MMR(0.5),1.3,2,0.7792,0.0133
MMR(0.5),1.31,2,0.7792,0.0133
MMR(0.5),1.38,1,0.7781,0.0
MMR(0.5),1.4,1,0.7782,0.0
MMR(0.5),1.41,1,0.7782,0.0
MMR(0.5),1.42,1,0.7783,0.0
MMR(0.5),1.43,3,0.7822,0.0125
MMR(0.5),1.44,2,0.7831,0.0597
MMR(0.5),1.46,3,0.7821,0.0124
MMR(0.5),1.48,2,0.7793,0.0114
MMR(0.5),1.49,3,0.7822,0.0123
MMR(0.5),1.5,3,0.7822,0.0123
MMR(0.5),1.52,1,0.7785,0.0
MMR(0.5),1.53,3,0.7822,0.0123
MMR(0.5),1.54,3,0.7822,0.0126
MMR(0.5),1.56,3,0.7823,0.0125
MMR(0.5),1.57,3,0.7818,0.0135
MMR(0.5),1.59,3,0.7818,0.0134
MMR(0.5),1.6,3,0.7819,0.0136
MMR(0.5),1.61,3,0.7819,0.0135
MMR(0.5),1.62,3,0.782,0.0133
MMR(0.5),1.63,3,0.7821,0.0131
MMR(0.5),1.64,3,0.7821,0.013
MMR(0.5),1.65,3,0.7821,0.0132
MMR(0.5),1.66,3,0.7821,0.0131
MMR(0.5),1.67,3,0.7821,0.0131
MMR(0.5),1.68,3,0.7819,0.0127
MMR(0.5),1.69,3,0.782,0.0128
MMR(0.5),1.7,3,0.7819,0.0129
MMR(0.5),1.71,3,0.782,0.0128
MMR(0.5),1.72,3,0.782,0.0129
MMR(0.5),1.73,3,0.782,0.0131
MMR(0.5),1.74,3,0.7819,0.0127
MMR(0.5),1.75,3,0.7819,0.0126
MMR(0.5),1.76,3,0.7817,0.0129
MMR(0.5),1.77,3,0.7813,0.0135
MMR(0.5),1.78,3,0.7812,0.0132
MMR(0.5),1.79,3,0.7811,0.0133
MMR(0.5),1.8,3,0.7809,0.0129
MMR(0.5),1.81,3,0.7809,0.013
MMR(0.5),1.82,3,0.7809,0.0131
MMR(0.5),1.83,3,0.7808,0.0132
MMR(0.5),1.84,3,0.7808,0.0132
MMR(0.5),1.85,3,0.7807,0.0132
MMR(0.5),1.86,3,0.7807,0.0131
MMR(0.5),1.87,3,0.7806,0.013
MMR(0.5),1.88,3,0.7805,0.0129
MMR(0.5),1.89,3,0.7804,0.013
MMR(0.5),1.9,3,0.7801,0.0135
MMR(0.5),1.91,3,0.78,0.0133
MMR(0.5),1.92,3,0.7799,0.0133
MMR(0.5),1.93,3,0.7797,0.0137
MMR(0.5),1.94,3,0.7795,0.0137
MMR(0.5),1.95,3,0.7791,0.013
MMR(0.5),1.96,3,0.7788,0.0135
MMR(0.5),1.97,3,0.7786,0.0135
MMR(0.5),1.98,3,0.7785,0.0135
MMR(0.5),1.99,3,0.7784,0.0132
MMR(0.5),2.0,3,0.7782,0.0127
MMR(0.5),2.01,3,0.7783,0.0132
MMR(0.5),2.02,3,0.7782,0.0131
MMR(0.5),2.03,3,0.7779,0.0134
MMR(0.5),2.04,3,0.7779,0.0135
MMR(0.5),2.05,3,0.7778,0.0138
MMR(0.5),2.06,3,0.7775,0.0132
MMR(0.5),2.07,3,0.7773,0.0133
MMR(0.5),2.08,3,0.7771,0.0132
MMR(0.5),2.09,3,0.7767,0.0135
MMR(0.5),2.1,3,0.7763,0.0135
MMR(0.5),2.11,3,0.7756,0.0133
MMR(0.5),2.12,3,0.7755,0.0129
MMR(0.5),2.13,3,0.7751,0.0131
MMR(0.5),2.14,3,0.7747,0.0134
MMR(0.5),2.15,3,0.7743,0.0131
MMR(0.5),2.16,3,0.7738,0.0131
MMR(0.5),2.17,3,0.7733,0.0132
MMR(0.5),2.18,3,0.7729,0.0131
MMR(0.5),2.19,3,0.7727,0.0134
MMR(0.5),2.2,3,0.7725,0.0131
MMR(0.5),2.21,3,0.7723,0.0134
MMR(0.5),2.22,3,0.772,0.0129
MMR(0.5),2.23,3,0.7717,0.0137
MMR(0.5),2.24,3,0.7712,0.0139
MMR(0.5),2.25,3,0.7707,0.0136
MMR(0.5),2.26,3,0.7703,0.0139
MMR(0.5),2.27,3,0.7696,0.0152
MMR(0.5),2.28,3,0.7685,0.0146
MMR(0.5),2.29,3,0.7683,0.0155
MMR(0.5),2.3,3,0.7673,0.0143
MMR(0.5),2.31,3,0.7663,0.0134
MMR(0.5),2.32,3,0.7655,0.013
MMR(0.5),2.33,3,0.7648,0.0135
MMR(0.5),2.34,3,0.7636,0.0137
MMR(0.5),2.35,3,0.7623,0.0144
MMR(0.5),2.36,3,0.7618,0.0141
MMR(0.5),2.37,3,0.7612,0.0139
MMR(0.5),2.38,3,0.7607,0.015
MMR(0.5),2.39,3,0.7601,0.015
MMR(0.5),2.4,3,0.7589,0.0149
MMR(0.5),2.41,3,0.7577,0.0146
MMR(0.5),2.42,3,0.7567,0.0152
MMR(0.5),2.43,3,0.756,0.0156
MMR(0.5),2.44,3,0.7555,0.016
MMR(0.5),2.45,3,0.7548,0.0156
MMR(0.5),2.46,3,0.7538,0.016
MMR(0.5),2.47,3,0.7527,0.015
MMR(0.5),2.48,3,0.7519,0.0156
MMR(0.5),2.49,3,0.7511,0.0174
MMR(0.5),2.5,3,0.7505,0.017
MMR(0.5),2.51,3,0.7493,0.0178
MMR(0.5),2.52,3,0.7483,0.0175
MMR(0.5),2.53,3,0.7473,0.0175
MMR(0.5),2.54,3,0.7461,0.0177
MMR(0.5),2.55,3,0.7454,0.0176
MMR(0.5),2.56,3,0.7444,0.0168
MMR(0.5),2.57,3,0.7432,0.0151
MMR(0.5),2.58,3,0.7424,0.0147
MMR(0.5),2.59,3,0.7417,0.0147
MMR(0.5),2.6,3,0.7402,0.0154
MMR(0.5),2.61,3,0.7384,0.0165
MMR(0.5),2.62,3,0.7375,0.0169
MMR(0.5),2.63,3,0.7367,0.0166
MMR(0.5),2.64,3,0.7356,0.016
MMR(0.5),2.65,3,0.7341,0.0158
MMR(0.5),2.66,3,0.7331,0.0154
MMR(0.5),2.67,3,0.7315,0.0145
MMR(0.5),2.68,3,0.7303,0.0153
MMR(0.5),2.69,3,0.7286,0.0155
MMR(0.5),2.7,3,0.7272,0.0154
MMR(0.5),2.71,3,0.7258,0.0142
MMR(0.5),2.72,3,0.7245,0.0146
MMR(0.5),2.73,3,0.7229,0.0139
MMR(0.5),2.74,3,0.7208,0.0147
MMR(0.5),2.75,3,0.7191,0.0143
MMR(0.5),2.76,3,0.7179,0.0151
MMR(0.5),2.77,3,0.7167,0.0154
MMR(0.5),2.78,3,0.7151,0.0168
MMR(0.5),2.79,3,0.7131,0.0193
MMR(0.5),2.8,3,0.711,0.0201
MMR(0.5),2.81,3,0.7097,0.0205
MMR(0.5),2.82,3,0.7087,0.0219
MMR(0.5),2.83,3,0.7071,0.0215
MMR(0.5),2.84,3,0.7054,0.0209
MMR(0.5),2.85,3,0.7034,0.0212
MMR(0.5),2.86,3,0.7018,0.0221
MMR(0.5),2.87,3,0.6995,0.0207
MMR(0.5),2.88,3,0.6984,0.0204
MMR(0.5),2.89,3,0.6969,0.02
MMR(0.5),2.9,3,0.6952,0.0186
MMR(0.5),2.91,3,0.6936,0.0198
MMR(0.5),2.92,3,0.6912,0.0198
MMR(0.5),2.93,3,0.6898,0.0192
MMR(0.5),2.94,3,0.688,0.0189
MMR(0.5),2.95,3,0.6855,0.0196
MMR(0.5),2.96,3,0.6826,0.0207
MMR(0.5),2.97,3,0.6809,0.0205
MMR(0.5),2.98,3,0.6788,0.0199
MMR(0.5),2.99,3,0.6768,0.0187
MMR(0.5),3.0,3,0.675,0.0198
MMR(0.5),3.01,3,0.6736,0.02
MMR(0.5),3.02,3,0.6721,0.022
MMR(0.5),3.03,3,0.6706,0.0212
MMR(0.5),3.04,3,0.669,0.0213
MMR(0.5),3.05,3,0.6676,0.0216
MMR(0.5),3.06,3,0.6661,0.0211
MMR(0.5),3.07,3,0.6648,0.023
MMR(0.5),3.08,3,0.6641,0.0234
MMR(0.5),3.09,3,0.6622,0.0236
MMR(0.5),3.1,3,0.6603,0.0225
MMR(0.5),3.11,3,0.6588,0.0216
MMR(0.5),3.12,3,0.6567,0.0219
MMR(0.5),3.13,3,0.6549,0.0221
MMR(0.5),3.14,3,0.6531,0.0212
MMR(0.5),3.15,3,0.6524,0.0218
MMR(0.5),3.16,3,0.6514,0.0227
MMR(0.5),3.17,3,0.6498,0.0213
MMR(0.5),3.18,3,0.6481,0.0211
MMR(0.5),3.19,3,0.6464,0.0212
MMR(0.5),3.2,3,0.6448,0.0213
MMR(0.5),3.21,3,0.6422,0.0217
MMR(0.5),3.22,3,0.6401,0.0221
MMR(0.5),3.23,3,0.6389,0.0215
MMR(0.5),3.24,3,0.6373,0.0199
MMR(0.5),3.25,3,0.6364,0.0205
MMR(0.5),3.26,3,0.6349,0.0186
MMR(0.5),3.27,3,0.6342,0.0198
MMR(0.5),3.28,3,0.6322,0.019
MMR(0.5),3.29,3,0.6311,0.0189
MMR(0.5),3.3,3,0.6296,0.0178
MMR(0.5),3.31,3,0.6287,0.0178
MMR(0.5),3.32,3,0.6281,0.018
MMR(0.5),3.33,3,0.6274,0.0175
MMR(0.5),3.34,3,0.6264,0.0158
MMR(0.5),3.35,3,0.6257,0.015
MMR(0.5),3.36,3,0.6245,0.0154
MMR(0.5),3.37,3,0.6234,0.0137
MMR(0.5),3.38,3,0.6216,0.0137
MMR(0.5),3.39,3,0.6205,0.015
MMR(0.5),3.4,3,0.6196,0.0165
MMR(0.5),3.41,3,0.618,0.0172
MMR(0.5),3.42,3,0.6169,0.0173
MMR(0.5),3.43,3,0.616,0.0173
MMR(0.5),3.44,3,0.6147,0.0176
MMR(0.5),3.45,3,0.6138,0.0185
MMR(0.5),3.46,3,0.6127,0.019
MMR(0.5),3.47,3,0.6123,0.0171
MMR(0.5),3.48,3,0.6114,0.0168
MMR(0.5),3.49,3,0.6103,0.0167
MMR(0.5),3.5,3,0.609,0.0155
MMR(0.5),3.51,3,0.6081,0.0159
MMR(0.5),3.52,3,0.6074,0.0161
MMR(0.5),3.53,3,0.6069,0.016
MMR(0.5),3.54,3,0.6065,0.0155
MMR(0.5),3.55,3,0.6058,0.0157
MMR(0.5),3.56,3,0.605,0.0164
MMR(0.5),3.57,3,0.6045,0.0164
MMR(0.5),3.58,3,0.604,0.017
MMR(0.5),3.59,3,0.6037,0.0168
MMR(0.5),3.6,3,0.6034,0.017
MMR(0.5),3.61,3,0.6035,0.0159
MMR(0.5),3.62,3,0.6032,0.0163
MMR(0.5),3.63,3,0.6031,0.0164
MMR(0.5),3.64,3,0.6028,0.0162
MMR(0.5),3.65,3,0.6024,0.0168
MMR(0.5),3.66,3,0.6022,0.0173
MMR(0.5),3.67,3,0.6022,0.0174
MMR(0.5),3.68,3,0.602,0.0169
MMR(0.5),3.69,3,0.6019,0.0169
MMR(0.5),3.7,3,0.6017,0.017
MMR(0.5),3.71,3,0.6016,0.017
MMR(0.5),3.72,3,0.6015,0.0171
MMR(0.5),3.73,3,0.6014,0.0173
MMR(0.5),3.74,2,0.5975,0.0381
MMR(0.5),3.75,3,0.6011,0.0176
MMR(0.5),3.76,3,0.6011,0.0177
MMR(0.5),3.77,3,0.6008,0.018
MMR(0.5),3.79,2,0.6014,0.0896
MMR(0.5),3.8,3,0.6009,0.0176
MMR(0.5),3.82,3,0.6009,0.0176
MMR(0.5),3.83,3,0.6008,0.0174
MMR(0.5),3.84,2,0.5971,0.0356
MMR(0.5),3.85,2,0.6013,0.0883
MMR(0.5),3.87,2,0.6013,0.0883
MMR(0.5),3.92,1,0.5942,0.0
MMR(0.5),3.97,1,0.5942,0.0
MMR(0.5),3.98,1,0.5942,0.0
MMR(0.7),1.3,2,0.7792,0.0133
MMR(0.7),1.31,2,0.7792,0.0133
MMR(0.7),1.38,1,0.7781,0.0
MMR(0.7),1.4,1,0.7783,0.0
MMR(0.7),1.41,1,0.7783,0.0
MMR(0.7),1.42,1,0.7784,0.0
MMR(0.7),1.43,3,0.7822,0.0128
MMR(0.7),1.44,2,0.7833,0.0616
MMR(0.7),1.46,3,0.7823,0.0127
MMR(0.7),1.48,2,0.7794,0.0114
MMR(0.7),1.49,3,0.7824,0.0124
MMR(0.7),1.5,3,0.7824,0.0124
MMR(0.7),1.52,1,0.7787,0.0
MMR(0.7),1.53,3,0.7824,0.0124
MMR(0.7),1.54,3,0.7825,0.0125
MMR(0.7),1.56,3,0.7826,0.0124
MMR(0.7),1.57,3,0.7823,0.0136
MMR(0.7),1.59,3,0.7824,0.0136
MMR(0.7),1.6,3,0.7824,0.0136
MMR(0.7),1.61,3,0.7825,0.0135
MMR(0.7),1.62,3,0.7826,0.0133
MMR(0.7),1.63,3,0.7828,0.0132
MMR(0.7),1.64,3,0.7828,0.0132
MMR(0.7),1.65,3,0.7828,0.0132
MMR(0.7),1.66,3,0.7829,0.0131
MMR(0.7),1.67,3,0.783,0.0131
MMR(0.7),1.68,3,0.7832,0.0132
MMR(0.7),1.69,3,0.7833,0.0133
MMR(0.7),1.7,3,0.7833,0.0133
MMR(0.7),1.71,3,0.7834,0.0135
MMR(0.7),1.72,3,0.7836,0.0137
MMR(0.7),1.73,3,0.7839,0.013
MMR(0.7),1.74,3,0.784,0.0128
MMR(0.7),1.75,3,0.784,0.0128
MMR(0.7),1.76,3,0.784,0.0129
MMR(0.7),1.77,3,0.7842,0.0129
MMR(0.7),1.78,3,0.7844,0.0131
MMR(0.7),1.79,3,0.7844,0.013
MMR(0.7),1.8,3,0.7844,0.013
MMR(0.7),1.81,3,0.7845,0.0129
MMR(0.7),1.82,3,0.7846,0.0128
MMR(0.7),1.83,3,0.7847,0.0129
MMR(0.7),1.84,3,0.7847,0.0128
MMR(0.7),1.85,3,0.7848,0.0132
MMR(0.7),1.86,3,0.7849,0.0131
MMR(0.7),1.87,3,0.7849,0.0131
MMR(0.7),1.88,3,0.785,0.0129
MMR(0.7),1.89,3,0.785,0.013
MMR(0.7),1.9,3,0.7851,0.0131
MMR(0.7),1.91,3,0.7852,0.0132
MMR(0.7),1.92,3,0.7853,0.0133
MMR(0.7),1.93,3,0.7853,0.0133
MMR(0.7),1.94,3,0.7854,0.0133
MMR(0.7),1.95,3,0.7855,0.0128
MMR(0.7),1.96,3,0.7855,0.013
MMR(0.7),1.97,3,0.7855,0.013
MMR(0.7),1.98,3,0.7856,0.0131
MMR(0.7),1.99,3,0.7856,0.0127
MMR(0.7),2.0,3,0.7857,0.0122
MMR(0.7),2.01,3,0.7858,0.0123
MMR(0.7),2.02,3,0.7858,0.0122
MMR(0.7),2.03,3,0.7859,0.0121
MMR(0.7),2.04,3,0.786,0.0122
MMR(0.7),2.05,3,0.7862,0.0126
MMR(0.7),2.06,3,0.7863,0.0125
MMR(0.7),2.07,3,0.7865,0.0125
MMR(0.7),2.08,3,0.7864,0.0124
MMR(0.7),2.09,3,0.7865,0.0122
MMR(0.7),2.1,3,0.7865,0.0118
MMR(0.7),2.11,3,0.7865,0.0116
MMR(0.7),2.12,3,0.7865,0.0112
MMR(0.7),2.13,3,0.7866,0.0109
MMR(0.7),2.14,3,0.7865,0.0111
MMR(0.7),2.15,3,0.7866,0.0109
MMR(0.7),2.16,3,0.7866,0.0107
MMR(0.7),2.17,3,0.7865,0.0107
MMR(0.7),2.18,3,0.7865,0.0105
MMR(0.7),2.19,3,0.7869,0.011
MMR(0.7),2.2,3,0.7869,0.0111
MMR(0.7),2.21,3,0.787,0.0111
MMR(0.7),2.22,3,0.7871,0.0111
MMR(0.7),2.23,3,0.7874,0.0116
MMR(0.7),2.24,3,0.7872,0.0116
MMR(0.7),2.25,3,0.7872,0.0109
MMR(0.7),2.26,3,0.7872,0.0105
MMR(0.7),2.27,3,0.7873,0.0104
MMR(0.7),2.28,3,0.7871,0.01
MMR(0.7),2.29,3,0.7877,0.0109
MMR(0.7),2.3,3,0.7876,0.0103
MMR(0.7),2.31,3,0.7875,0.0104
MMR(0.7),2.32,3,0.7872,0.0097
MMR(0.7),2.33,3,0.7873,0.0097
MMR(0.7),2.34,3,0.7871,0.0097
MMR(0.7),2.35,3,0.7867,0.0097
MMR(0.7),2.36,3,0.7865,0.0102
MMR(0.7),2.37,3,0.7866,0.0097
MMR(0.7),2.38,3,0.7868,0.0105
MMR(0.7),2.39,3,0.7868,0.0103
MMR(0.7),2.4,3,0.7867,0.0103
MMR(0.7),2.41,3,0.7865,0.0108
MMR(0.7),2.42,3,0.7862,0.0109
MMR(0.7),2.43,3,0.786,0.011
MMR(0.7),2.44,3,0.7861,0.011
MMR(0.7),2.45,3,0.786,0.0109
MMR(0.7),2.46,3,0.7858,0.011
MMR(0.7),2.47,3,0.7854,0.0109
MMR(0.7),2.48,3,0.7853,0.0108
MMR(0.7),2.49,3,0.7851,0.0114
MMR(0.7),2.5,3,0.7852,0.0114
MMR(0.7),2.51,3,0.7851,0.0114
MMR(0.7),2.52,3,0.785,0.0114
MMR(0.7),2.53,3,0.7847,0.0113
MMR(0.7),2.54,3,0.7846,0.0111
MMR(0.7),2.55,3,0.7846,0.0112
MMR(0.7),2.56,3,0.7846,0.0113
MMR(0.7),2.57,3,0.7844,0.0114
MMR(0.7),2.58,3,0.7844,0.0117
MMR(0.7),2.59,3,0.7843,0.0119
MMR(0.7),2.6,3,0.784,0.0124
MMR(0.7),2.61,3,0.7836,0.0128
MMR(0.7),2.62,3,0.7834,0.0125
MMR(0.7),2.63,3,0.7834,0.0126
MMR(0.7),2.64,3,0.7831,0.0128
MMR(0.7),2.65,3,0.783,0.0126
MMR(0.7),2.66,3,0.7827,0.012
MMR(0.7),2.67,3,0.7824,0.0123
MMR(0.7),2.68,3,0.7819,0.0124
MMR(0.7),2.69,3,0.7816,0.0122
MMR(0.7),2.7,3,0.7814,0.0126
MMR(0.7),2.71,3,0.7811,0.0116
MMR(0.7),2.72,3,0.7804,0.0114
MMR(0.7),2.73,3,0.78,0.0116
MMR(0.7),2.74,3,0.779,0.012
MMR(0.7),2.75,3,0.7785,0.0119
MMR(0.7),2.76,3,0.7782,0.012
MMR(0.7),2.77,3,0.778,0.0122
MMR(0.7),2.78,3,0.7774,0.0137
MMR(0.7),2.79,3,0.7766,0.0146
MMR(0.7),2.8,3,0.7761,0.0156
MMR(0.7),2.81,3,0.7756,0.0159
MMR(0.7),2.82,3,0.7753,0.0169
MMR(0.7),2.83,3,0.7746,0.0174
MMR(0.7),2.84,3,0.7741,0.0172
MMR(0.7),2.85,3,0.7736,0.0177
MMR(0.7),2.86,3,0.7731,0.0186
MMR(0.7),2.87,3,0.7729,0.0189
MMR(0.7),2.88,3,0.7727,0.0189
MMR(0.7),2.89,3,0.7724,0.0192
MMR(0.7),2.9,3,0.7716,0.0183
MMR(0.7),2.91,3,0.7713,0.0185
MMR(0.7),2.92,3,0.7708,0.0182
MMR(0.7),2.93,3,0.7705,0.0174
MMR(0.7),2.94,3,0.7702,0.0173
MMR(0.7),2.95,3,0.7692,0.0179
MMR(0.7),2.96,3,0.7674,0.0187
MMR(0.7),2.97,3,0.7672,0.0182
MMR(0.7),2.98,3,0.7662,0.0182
MMR(0.7),2.99,3,0.7653,0.018
MMR(0.7),3.0,3,0.765,0.0184
MMR(0.7),3.01,3,0.7646,0.0187
MMR(0.7),3.02,3,0.7641,0.0189
MMR(0.7),3.03,3,0.7635,0.0184
MMR(0.7),3.04,3,0.7631,0.0184
MMR(0.7),3.05,3,0.7627,0.0184
MMR(0.7),3.06,3,0.7621,0.0186
MMR(0.7),3.07,3,0.7621,0.0187
MMR(0.7),3.08,3,0.7621,0.0185
MMR(0.7),3.09,3,0.7609,0.0191
MMR(0.7),3.1,3,0.7602,0.019
MMR(0.7),3.11,3,0.7597,0.0196
MMR(0.7),3.12,3,0.759,0.022
MMR(0.7),3.13,3,0.7581,0.0219
MMR(0.7),3.14,3,0.7575,0.0217
MMR(0.7),3.15,3,0.7577,0.0217
MMR(0.7),3.16,3,0.7573,0.0217
MMR(0.7),3.17,3,0.7571,0.0205
MMR(0.7),3.18,3,0.7561,0.0203
MMR(0.7),3.19,3,0.7555,0.021
MMR(0.7),3.2,3,0.7551,0.0199
MMR(0.7),3.21,3,0.7544,0.0205
MMR(0.7),3.22,3,0.7536,0.0207
MMR(0.7),3.23,3,0.7533,0.0209
MMR(0.7),3.24,3,0.7529,0.0199
MMR(0.7),3.25,3,0.7525,0.0211
MMR(0.7),3.26,3,0.7524,0.021
MMR(0.7),3.27,3,0.7521,0.0213
MMR(0.7),3.28,3,0.7512,0.0214
MMR(0.7),3.29,3,0.7507,0.0203
MMR(0.7),3.3,3,0.7504,0.0202
MMR(0.7),3.31,3,0.7503,0.0195
MMR(0.7),3.32,3,0.75,0.0199
MMR(0.7),3.33,3,0.7499,0.0202
MMR(0.7),3.34,3,0.7496,0.0192
MMR(0.7),3.35,3,0.7495,0.0192
MMR(0.7),3.36,3,0.7491,0.0182
MMR(0.7),3.37,3,0.7488,0.0181
MMR(0.7),3.38,3,0.7478,0.0189
MMR(0.7),3.39,3,0.7474,0.019
MMR(0.7),3.4,3,0.7469,0.0186
MMR(0.7),3.41,3,0.7464,0.0183
MMR(0.7),3.42,3,0.7458,0.0182
MMR(0.7),3.43,3,0.7457,0.0192
MMR(0.7),3.44,3,0.7453,0.0194
MMR(0.7),3.45,3,0.745,0.0206
MMR(0.7),3.46,3,0.7449,0.0204
MMR(0.7),3.47,3,0.7445,0.0194
MMR(0.7),3.48,3,0.744,0.0188
MMR(0.7),3.49,3,0.7439,0.0189
MMR(0.7),3.5,3,0.7435,0.0187
MMR(0.7),3.51,3,0.7435,0.0186
MMR(0.7),3.52,3,0.7435,0.019
MMR(0.7),3.53,3,0.7433,0.019
MMR(0.7),3.54,3,0.7432,0.0191
MMR(0.7),3.55,3,0.7428,0.0191
MMR(0.7),3.56,3,0.7423,0.0201
MMR(0.7),3.57,3,0.7422,0.0196
MMR(0.7),3.58,3,0.7422,0.0193
MMR(0.7),3.59,3,0.742,0.0189
MMR(0.7),3.6,3,0.7418,0.0193
MMR(0.7),3.61,3,0.7418,0.0193
MMR(0.7),3.62,3,0.7418,0.0193
MMR(0.7),3.63,3,0.7418,0.0193
MMR(0.7),3.64,3,0.7417,0.0195
MMR(0.7),3.65,3,0.7415,0.0199
MMR(0.7),3.66,3,0.7415,0.0199
MMR(0.7),3.67,3,0.7415,0.02
MMR(0.7),3.68,3,0.7414,0.0199
MMR(0.7),3.69,3,0.7413,0.0198
MMR(0.7),3.7,3,0.7412,0.0197
MMR(0.7),3.71,3,0.7412,0.0197
MMR(0.7),3.72,3,0.7411,0.0197
MMR(0.7),3.73,3,0.7411,0.0199
MMR(0.7),3.74,2,0.7364,0.0019
MMR(0.7),3.75,3,0.741,0.02
MMR(0.7),3.76,3,0.741,0.02
MMR(0.7),3.77,3,0.741,0.0199
MMR(0.7),3.79,2,0.7432,0.087
MMR(0.7),3.8,3,0.741,0.0196
MMR(0.7),3.82,3,0.741,0.0196
MMR(0.7),3.83,3,0.7409,0.0193
MMR(0.7),3.84,2,0.7365,0.0006
MMR(0.7),3.85,2,0.7431,0.0858
MMR(0.7),3.87,2,0.7431,0.0858
MMR(0.7),3.92,1,0.7364,0.0
MMR(0.7),3.97,1,0.7364,0.0
MMR(0.7),3.98,1,0.7364,0.0
MMR(0.9),1.3,2,0.7792,0.0133
MMR(0.9),1.31,2,0.7792,0.0133
MMR(0.9),1.38,1,0.7781,0.0
MMR(0.9),1.4,1,0.7782,0.0
MMR(0.9),1.41,1,0.7782,0.0
MMR(0.9),1.42,1,0.7782,0.0
MMR(0.9),1.43,3,0.7821,0.0129
MMR(0.9),1.44,2,0.7831,0.0616
MMR(0.9),1.46,3,0.7821,0.0129
MMR(0.9),1.48,2,0.7792,0.0127
MMR(0.9),1.49,3,0.7821,0.0129
MMR(0.9),1.5,3,0.7821,0.0129
MMR(0.9),1.52,1,0.7782,0.0
MMR(0.9),1.53,3,0.7821,0.0129
MMR(0.9),1.54,3,0.7822,0.013
MMR(0.9),1.56,3,0.7822,0.0129
MMR(0.9),1.57,3,0.7819,0.0141
MMR(0.9),1.59,3,0.782,0.0142
MMR(0.9),1.6,3,0.782,0.0141
MMR(0.9),1.61,3,0.782,0.0141
MMR(0.9),1.62,3,0.782,0.0141
MMR(0.9),1.63,3,0.7822,0.0141
MMR(0.9),1.64,3,0.7823,0.014
MMR(0.9),1.65,3,0.7823,0.014
MMR(0.9),1.66,3,0.7823,0.014
MMR(0.9),1.67,3,0.7823,0.014
MMR(0.9),1.68,3,0.7824,0.0139
MMR(0.9),1.69,3,0.7825,0.0139
MMR(0.9),1.7,3,0.7825,0.0139
MMR(0.9),1.71,3,0.7825,0.014
MMR(0.9),1.72,3,0.7826,0.0143
MMR(0.9),1.73,3,0.7827,0.0142
MMR(0.9),1.74,3,0.7828,0.0143
MMR(0.9),1.75,3,0.7828,0.0143
MMR(0.9),1.76,3,0.7828,0.0144
MMR(0.9),1.77,3,0.783,0.0144
MMR(0.9),1.78,3,0.7834,0.0148
MMR(0.9),1.79,3,0.7835,0.0149
MMR(0.9),1.8,3,0.7835,0.0149
MMR(0.9),1.81,3,0.7835,0.0148
MMR(0.9),1.82,3,0.7835,0.0148
MMR(0.9),1.83,3,0.7835,0.0148
MMR(0.9),1.84,3,0.7835,0.0148
MMR(0.9),1.85,3,0.7835,0.015
MMR(0.9),1.86,3,0.7837,0.0149
MMR(0.9),1.87,3,0.7837,0.0149
MMR(0.9),1.88,3,0.7837,0.0148
MMR(0.9),1.89,3,0.7838,0.0148
MMR(0.9),1.9,3,0.7838,0.0148
MMR(0.9),1.91,3,0.7838,0.0148
MMR(0.9),1.92,3,0.7839,0.0148
MMR(0.9),1.93,3,0.7839,0.0148
MMR(0.9),1.94,3,0.7839,0.0148
MMR(0.9),1.95,3,0.784,0.0147
MMR(0.9),1.96,3,0.784,0.0146
MMR(0.9),1.97,3,0.7841,0.0146
MMR(0.9),1.98,3,0.7841,0.0148
MMR(0.9),1.99,3,0.7841,0.0148
MMR(0.9),2.0,3,0.7841,0.0145
MMR(0.9),2.01,3,0.7844,0.0145
MMR(0.9),2.02,3,0.7845,0.0144
MMR(0.9),2.03,3,0.7848,0.0145
MMR(0.9),2.04,3,0.7848,0.0144
MMR(0.9),2.05,3,0.7849,0.0146
MMR(0.9),2.06,3,0.785,0.0146
MMR(0.9),2.07,3,0.785,0.0146
MMR(0.9),2.08,3,0.785,0.0147
MMR(0.9),2.09,3,0.7853,0.015
MMR(0.9),2.1,3,0.7853,0.015
MMR(0.9),2.11,3,0.7854,0.0151
MMR(0.9),2.12,3,0.7854,0.0153
MMR(0.9),2.13,3,0.7854,0.0154
MMR(0.9),2.14,3,0.7856,0.0152
MMR(0.9),2.15,3,0.7856,0.0152
MMR(0.9),2.16,3,0.7856,0.0153
MMR(0.9),2.17,3,0.7856,0.0153
MMR(0.9),2.18,3,0.7857,0.015
MMR(0.9),2.19,3,0.786,0.0149
MMR(0.9),2.2,3,0.786,0.0151
MMR(0.9),2.21,3,0.7861,0.015
MMR(0.9),2.22,3,0.7862,0.015
MMR(0.9),2.23,3,0.7863,0.015
MMR(0.9),2.24,3,0.7862,0.0145
MMR(0.9),2.25,3,0.7863,0.0145
MMR(0.9),2.26,3,0.7863,0.0145
MMR(0.9),2.27,3,0.7865,0.0143
MMR(0.9),2.28,3,0.7866,0.0145
MMR(0.9),2.29,3,0.7871,0.0154
MMR(0.9),2.3,3,0.7872,0.0153
MMR(0.9),2.31,3,0.7872,0.0153
MMR(0.9),2.32,3,0.7872,0.0152
MMR(0.9),2.33,3,0.7873,0.015
MMR(0.9),2.34,3,0.7874,0.0148
MMR(0.9),2.35,3,0.7874,0.0148
MMR(0.9),2.36,3,0.7873,0.0149
MMR(0.9),2.37,3,0.7873,0.015
MMR(0.9),2.38,3,0.7874,0.0154
MMR(0.9),2.39,3,0.7874,0.0153
MMR(0.9),2.4,3,0.7874,0.0154
MMR(0.9),2.41,3,0.7874,0.0154
MMR(0.9),2.42,3,0.7874,0.0154
MMR(0.9),2.43,3,0.7874,0.0152
MMR(0.9),2.44,3,0.7876,0.0151
MMR(0.9),2.45,3,0.7877,0.0151
MMR(0.9),2.46,3,0.7875,0.0155
MMR(0.9),2.47,3,0.7875,0.0155
MMR(0.9),2.48,3,0.7875,0.0155
MMR(0.9),2.49,3,0.7876,0.0155
MMR(0.9),2.5,3,0.7877,0.0156
MMR(0.9),2.51,3,0.7877,0.0155
MMR(0.9),2.52,3,0.7878,0.0155
MMR(0.9),2.53,3,0.7877,0.0155
MMR(0.9),2.54,3,0.7878,0.0156
MMR(0.9),2.55,3,0.7879,0.0155
MMR(0.9),2.56,3,0.788,0.0153
MMR(0.9),2.57,3,0.788,0.0151
MMR(0.9),2.58,3,0.7881,0.0151
MMR(0.9),2.59,3,0.788,0.015
MMR(0.9),2.6,3,0.7878,0.0146
MMR(0.9),2.61,3,0.7879,0.015
MMR(0.9),2.62,3,0.7878,0.015
MMR(0.9),2.63,3,0.7879,0.015
MMR(0.9),2.64,3,0.7879,0.0148
MMR(0.9),2.65,3,0.7882,0.0148
MMR(0.9),2.66,3,0.7883,0.0154
MMR(0.9),2.67,3,0.7883,0.0153
MMR(0.9),2.68,3,0.7883,0.0152
MMR(0.9),2.69,3,0.7881,0.0149
MMR(0.9),2.7,3,0.7881,0.0149
MMR(0.9),2.71,3,0.7882,0.0148
MMR(0.9),2.72,3,0.7882,0.0148
MMR(0.9),2.73,3,0.7881,0.0147
MMR(0.9),2.74,3,0.788,0.0152
MMR(0.9),2.75,3,0.788,0.0155
MMR(0.9),2.76,3,0.7881,0.0152
MMR(0.9),2.77,3,0.7881,0.0152
MMR(0.9),2.78,3,0.7877,0.0161
MMR(0.9),2.79,3,0.7877,0.0171
MMR(0.9),2.8,3,0.7876,0.017
MMR(0.9),2.81,3,0.7876,0.0169
MMR(0.9),2.82,3,0.7876,0.0169
MMR(0.9),2.83,3,0.7877,0.0171
MMR(0.9),2.84,3,0.7876,0.0168
MMR(0.9),2.85,3,0.7876,0.0171
MMR(0.9),2.86,3,0.7873,0.0178
MMR(0.9),2.87,3,0.7872,0.0176
MMR(0.9),2.88,3,0.7872,0.0177
MMR(0.9),2.89,3,0.7873,0.0178
MMR(0.9),2.9,3,0.7871,0.0177
MMR(0.9),2.91,3,0.7871,0.0176
MMR(0.9),2.92,3,0.7871,0.0174
MMR(0.9),2.93,3,0.787,0.0178
MMR(0.9),2.94,3,0.787,0.0178
MMR(0.9),2.95,3,0.7869,0.0174
MMR(0.9),2.96,3,0.7864,0.0185
MMR(0.9),2.97,3,0.7867,0.0182
MMR(0.9),2.98,3,0.7865,0.0184
MMR(0.9),2.99,3,0.7861,0.0184
MMR(0.9),3.0,3,0.7861,0.0183
MMR(0.9),3.01,3,0.7861,0.018
MMR(0.9),3.02,3,0.7857,0.0186
MMR(0.9),3.03,3,0.7855,0.0183
MMR(0.9),3.04,3,0.7854,0.0179
MMR(0.9),3.05,3,0.7854,0.0172
MMR(0.9),3.06,3,0.7853,0.0176
MMR(0.9),3.07,3,0.7855,0.018
MMR(0.9),3.08,3,0.7856,0.0181
MMR(0.9),3.09,3,0.7851,0.0183
MMR(0.9),3.1,3,0.7851,0.0183
MMR(0.9),3.11,3,0.7851,0.0185
MMR(0.9),3.12,3,0.7851,0.0183
MMR(0.9),3.13,3,0.7851,0.0182
MMR(0.9),3.14,3,0.7851,0.0183
MMR(0.9),3.15,3,0.7854,0.0181
MMR(0.9),3.16,3,0.7854,0.0177
MMR(0.9),3.17,3,0.7854,0.0173
MMR(0.9),3.18,3,0.7851,0.0179
MMR(0.9),3.19,3,0.785,0.018
MMR(0.9),3.2,3,0.7847,0.0185
MMR(0.9),3.21,3,0.7847,0.0186
MMR(0.9),3.22,3,0.7846,0.0187
MMR(0.9),3.23,3,0.7846,0.0186
MMR(0.9),3.24,3,0.7846,0.0184
MMR(0.9),3.25,3,0.7846,0.0185
MMR(0.9),3.26,3,0.7845,0.0187
MMR(0.9),3.27,3,0.7845,0.0187
MMR(0.9),3.28,3,0.7843,0.0187
MMR(0.9),3.29,3,0.7843,0.0184
MMR(0.9),3.3,3,0.7843,0.0184
MMR(0.9),3.31,3,0.7845,0.0184
MMR(0.9),3.32,3,0.7845,0.0184
MMR(0.9),3.33,3,0.7846,0.0187
MMR(0.9),3.34,3,0.7844,0.0182
MMR(0.9),3.35,3,0.7844,0.018
MMR(0.9),3.36,3,0.7845,0.018
MMR(0.9),3.37,3,0.7845,0.018
MMR(0.9),3.38,3,0.7841,0.0186
MMR(0.9),3.39,3,0.7841,0.0187
MMR(0.9),3.4,3,0.7842,0.0191
MMR(0.9),3.41,3,0.7841,0.0191
MMR(0.9),3.42,3,0.7839,0.0187
MMR(0.9),3.43,3,0.7841,0.0191
MMR(0.9),3.44,3,0.7838,0.0187
MMR(0.9),3.45,3,0.7838,0.0194
MMR(0.9),3.46,3,0.7838,0.0194
MMR(0.9),3.47,3,0.7838,0.0191
MMR(0.9),3.48,3,0.7838,0.0191
MMR(0.9),3.49,3,0.7838,0.019
MMR(0.9),3.5,3,0.7835,0.019
MMR(0.9),3.51,3,0.7834,0.019
MMR(0.9),3.52,3,0.7834,0.019
MMR(0.9),3.53,3,0.7833,0.0191
MMR(0.9),3.54,3,0.7834,0.019
MMR(0.9),3.55,3,0.7832,0.0189
MMR(0.9),3.56,3,0.7832,0.0189
MMR(0.9),3.57,3,0.7832,0.0187
MMR(0.9),3.58,3,0.7832,0.0187
MMR(0.9),3.59,3,0.7832,0.0187
MMR(0.9),3.6,3,0.7832,0.0187
MMR(0.9),3.61,3,0.7832,0.0187
MMR(0.9),3.62,3,0.7832,0.0187
MMR(0.9),3.63,3,0.7832,0.0187
MMR(0.9),3.64,3,0.7832,0.0187
MMR(0.9),3.65,3,0.7832,0.0187
MMR(0.9),3.66,3,0.7831,0.019
MMR(0.9),3.67,3,0.7831,0.019
MMR(0.9),3.68,3,0.783,0.019
MMR(0.9),3.69,3,0.783,0.019
MMR(0.9),3.7,3,0.783,0.019
MMR(0.9),3.71,3,0.783,0.019
MMR(0.9),3.72,3,0.783,0.019
MMR(0.9),3.73,3,0.783,0.0191
MMR(0.9),3.74,2,0.7787,0.0299
MMR(0.9),3.75,3,0.7829,0.0193
MMR(0.9),3.76,3,0.7829,0.0193
MMR(0.9),3.77,3,0.7829,0.0193
MMR(0.9),3.79,2,0.7839,0.0966
MMR(0.9),3.8,3,0.7829,0.0193
MMR(0.9),3.82,3,0.7829,0.0193
MMR(0.9),3.83,3,0.7829,0.0193
MMR(0.9),3.84,2,0.7787,0.0299
MMR(0.9),3.85,2,0.7839,0.0966
MMR(0.9),3.87,2,0.7839,0.0966
MMR(0.9),3.92,1,0.7763,0.0
MMR(0.9),3.97,1,0.7763,0.0
MMR(0.9),3.98,1,0.7763,0.0
Maxmin,1.3,2,0.7792,0.0133
Maxmin,1.31,2,0.7792,0.0133
Maxmin,1.38,1,0.7781,0.0
Maxmin,1.4,1,0.7782,0.0
Maxmin,1.41,1,0.7782,0.0
Maxmin,1.42,1,0.7782,0.0
Maxmin,1.43,3,0.7821,0.0127
Maxmin,1.44,2,0.783,0.061
Maxmin,1.46,3,0.7821,0.0125
Maxmin,1.48,2,0.7792,0.0121
Maxmin,1.49,3,0.7821,0.0125
Maxmin,1.5,3,0.7821,0.0125
Maxmin,1.52,1,0.7783,0.0
Maxmin,1.53,3,0.7821,0.0125
Maxmin,1.54,3,0.7821,0.0125
Maxmin,1.56,3,0.782,0.0124
Maxmin,1.57,3,0.7816,0.0132
Maxmin,1.59,3,0.7816,0.0132
Maxmin,1.6,3,0.7816,0.0132
Maxmin,1.61,3,0.7816,0.0132
Maxmin,1.62,3,0.7816,0.0132
Maxmin,1.63,3,0.7816,0.0132
Maxmin,1.64,3,0.7816,0.0132
Maxmin,1.65,3,0.7815,0.0134
Maxmin,1.66,3,0.7815,0.0134
Maxmin,1.67,3,0.7815,0.0134
Maxmin,1.68,3,0.7813,0.0129
Maxmin,1.69,3,0.7813,0.0128
Maxmin,1.7,3,0.7812,0.013
Maxmin,1.71,3,0.7812,0.0129
Maxmin,1.72,3,0.7812,0.0129
Maxmin,1.73,3,0.7811,0.0129
Maxmin,1.74,3,0.7809,0.0128
Maxmin,1.75,3,0.7807,0.0127
Maxmin,1.76,3,0.7805,0.013
Maxmin,1.77,3,0.7801,0.0137
Maxmin,1.78,3,0.7801,0.0135
Maxmin,1.79,3,0.78,0.0136
Maxmin,1.8,3,0.7798,0.0134
Maxmin,1.81,3,0.7796,0.0134
Maxmin,1.82,3,0.7796,0.0135
Maxmin,1.83,3,0.7794,0.0136
Maxmin,1.84,3,0.7794,0.0134
Maxmin,1.85,3,0.7792,0.0138
Maxmin,1.86,3,0.779,0.0138
Maxmin,1.87,3,0.7788,0.0133
Maxmin,1.88,3,0.7785,0.0135
Maxmin,1.89,3,0.7782,0.0135
Maxmin,1.9,3,0.7779,0.0141
Maxmin,1.91,3,0.7779,0.0141
Maxmin,1.92,3,0.7777,0.0139
Maxmin,1.93,3,0.7775,0.0138
Maxmin,1.94,3,0.7772,0.0139
Maxmin,1.95,3,0.7768,0.0132
Maxmin,1.96,3,0.7765,0.0137
Maxmin,1.97,3,0.7762,0.0135
Maxmin,1.98,3,0.7758,0.0132
Maxmin,1.99,3,0.7754,0.0132
Maxmin,2.0,3,0.7749,0.0127
Maxmin,2.01,3,0.7748,0.0126
Maxmin,2.02,3,0.7745,0.0127
Maxmin,2.03,3,0.7741,0.013
Maxmin,2.04,3,0.7738,0.0133
Maxmin,2.05,3,0.7736,0.0136
Maxmin,2.06,3,0.7732,0.0131
Maxmin,2.07,3,0.7729,0.0131
Maxmin,2.08,3,0.7725,0.0129
Maxmin,2.09,3,0.7718,0.0131
Maxmin,2.1,3,0.7711,0.0133
Maxmin,2.11,3,0.77,0.0134
Maxmin,2.12,3,0.7696,0.0133
Maxmin,2.13,3,0.769,0.0136
Maxmin,2.14,3,0.7682,0.0139
Maxmin,2.15,3,0.7676,0.0135
Maxmin,2.16,3,0.7668,0.0136
Maxmin,2.17,3,0.7659,0.0133
Maxmin,2.18,3,0.7653,0.0134
Maxmin,2.19,3,0.7646,0.0137
Maxmin,2.2,3,0.764,0.0137
Maxmin,2.21,3,0.7635,0.0136
Maxmin,2.22,3,0.763,0.0131
Maxmin,2.23,3,0.7623,0.013
Maxmin,2.24,3,0.7616,0.0132
Maxmin,2.25,3,0.761,0.0126
Maxmin,2.26,3,0.7602,0.0128
Maxmin,2.27,3,0.7591,0.0141
Maxmin,2.28,3,0.7578,0.0133
Maxmin,2.29,3,0.7569,0.0141
Maxmin,2.3,3,0.7553,0.0137
Maxmin,2.31,3,0.7541,0.0128
Maxmin,2.32,3,0.7529,0.0126
Maxmin,2.33,3,0.752,0.0136
Maxmin,2.34,3,0.7506,0.0135
Maxmin,2.35,3,0.7487,0.0141
Maxmin,2.36,3,0.7477,0.0135
Maxmin,2.37,3,0.7466,0.0136
Maxmin,2.38,3,0.7454,0.0136
Maxmin,2.39,3,0.7445,0.0144
Maxmin,2.4,3,0.7423,0.0143
Maxmin,2.41,3,0.7406,0.0134
Maxmin,2.42,3,0.739,0.0145
Maxmin,2.43,3,0.7379,0.0146
Maxmin,2.44,3,0.7366,0.0145
Maxmin,2.45,3,0.7351,0.0134
Maxmin,2.46,3,0.7335,0.0142
Maxmin,2.47,3,0.7315,0.0135
Maxmin,2.48,3,0.7304,0.014
Maxmin,2.49,3,0.729,0.0164
Maxmin,2.5,3,0.728,0.0156
Maxmin,2.51,3,0.7258,0.0163
Maxmin,2.52,3,0.724,0.0161
Maxmin,2.53,3,0.7225,0.0162
Maxmin,2.54,3,0.7206,0.0172
Maxmin,2.55,3,0.7191,0.0171
Maxmin,2.56,3,0.7175,0.0171
Maxmin,2.57,3,0.7156,0.0158
Maxmin,2.58,3,0.714,0.0144
Maxmin,2.59,3,0.7126,0.0139
Maxmin,2.6,3,0.7103,0.0134
Maxmin,2.61,3,0.7081,0.0141
Maxmin,2.62,3,0.7064,0.0147
Maxmin,2.63,3,0.705,0.0144
Maxmin,2.64,3,0.703,0.0146
Maxmin,2.65,3,0.7009,0.015
Maxmin,2.66,3,0.6989,0.0137
Maxmin,2.67,3,0.6966,0.0121
Maxmin,2.68,3,0.6945,0.0127
Maxmin,2.69,3,0.6921,0.0127
Maxmin,2.7,3,0.69,0.0125
Maxmin,2.71,3,0.6874,0.0114
Maxmin,2.72,3,0.6853,0.0118
Maxmin,2.73,3,0.6827,0.0107
Maxmin,2.74,3,0.6796,0.0115
Maxmin,2.75,3,0.6768,0.0114
Maxmin,2.76,3,0.6748,0.0129
Maxmin,2.77,3,0.6731,0.0129
Maxmin,2.78,3,0.6709,0.0145
Maxmin,2.79,3,0.6679,0.0159
Maxmin,2.8,3,0.6652,0.0176
Maxmin,2.81,3,0.6622,0.0178
Maxmin,2.82,3,0.6604,0.0193
Maxmin,2.83,3,0.658,0.0193
Maxmin,2.84,3,0.6556,0.0189
Maxmin,2.85,3,0.6532,0.0194
Maxmin,2.86,3,0.6501,0.0189
Maxmin,2.87,3,0.6471,0.0182
Maxmin,2.88,3,0.6452,0.0174
Maxmin,2.89,3,0.6429,0.0171
Maxmin,2.9,3,0.6398,0.0142
Maxmin,2.91,3,0.6368,0.0173
Maxmin,2.92,3,0.6329,0.0171
Maxmin,2.93,3,0.6304,0.0162
Maxmin,2.94,3,0.6269,0.0173
Maxmin,2.95,3,0.6233,0.0169
Maxmin,2.96,3,0.6199,0.0181
Maxmin,2.97,3,0.6169,0.0174
Maxmin,2.98,3,0.6141,0.0162
Maxmin,2.99,3,0.6112,0.0151
Maxmin,3.0,3,0.6086,0.0154
Maxmin,3.01,3,0.6061,0.0151
Maxmin,3.02,3,0.6028,0.0169
Maxmin,3.03,3,0.6004,0.0154
Maxmin,3.04,3,0.5978,0.0152
Maxmin,3.05,3,0.5953,0.0148
Maxmin,3.06,3,0.5924,0.0139
Maxmin,3.07,3,0.5892,0.0125
Maxmin,3.08,3,0.5872,0.0122
Maxmin,3.09,3,0.5842,0.0126
Maxmin,3.1,3,0.581,0.0122
Maxmin,3.11,3,0.5784,0.0111
Maxmin,3.12,3,0.5757,0.0119
Maxmin,3.13,3,0.573,0.0115
Maxmin,3.14,3,0.5702,0.0121
Maxmin,3.15,3,0.5683,0.0132
Maxmin,3.16,3,0.5665,0.0137
Maxmin,3.17,3,0.5635,0.0122
Maxmin,3.18,3,0.5606,0.0129
Maxmin,3.19,3,0.5579,0.0123
Maxmin,3.2,3,0.5553,0.0122
Maxmin,3.21,3,0.5516,0.0131
Maxmin,3.22,3,0.5485,0.0132
Maxmin,3.23,3,0.5452,0.0116
Maxmin,3.24,3,0.5424,0.009
Maxmin,3.25,3,0.5408,0.0095
Maxmin,3.26,3,0.538,0.0072
Maxmin,3.27,3,0.5364,0.0088
Maxmin,3.28,3,0.5336,0.008
Maxmin,3.29,3,0.5307,0.0085
Maxmin,3.3,3,0.5282,0.0077
Maxmin,3.31,3,0.5266,0.0074
Maxmin,3.32,3,0.525,0.0095
Maxmin,3.33,3,0.5236,0.01
Maxmin,3.34,3,0.5222,0.0081
Maxmin,3.35,3,0.5208,0.0085
Maxmin,3.36,3,0.5185,0.0083
Maxmin,3.37,3,0.5162,0.0068
Maxmin,3.38,3,0.5132,0.0069
Maxmin,3.39,3,0.5114,0.0081
Maxmin,3.4,3,0.51,0.008
Maxmin,3.41,3,0.5072,0.0075
Maxmin,3.42,3,0.5055,0.0073
Maxmin,3.43,3,0.5037,0.0069
Maxmin,3.44,3,0.5012,0.0079
Maxmin,3.45,3,0.4994,0.0077
Maxmin,3.46,3,0.4982,0.0082
Maxmin,3.47,3,0.4969,0.007
Maxmin,3.48,3,0.495,0.0048
Maxmin,3.49,3,0.4932,0.006
Maxmin,3.5,3,0.4914,0.0058
Maxmin,3.51,3,0.4893,0.0068
Maxmin,3.52,3,0.4881,0.0072
Maxmin,3.53,3,0.4873,0.0066
Maxmin,3.54,3,0.4866,0.006
Maxmin,3.55,3,0.4852,0.0069
Maxmin,3.56,3,0.4839,0.0079
Maxmin,3.57,3,0.4831,0.0085
Maxmin,3.58,3,0.4824,0.0089
Maxmin,3.59,3,0.4811,0.0086
Maxmin,3.6,3,0.4804,0.009
Maxmin,3.61,3,0.4801,0.0082
Maxmin,3.62,3,0.4793,0.008
Maxmin,3.63,3,0.479,0.0083
Maxmin,3.64,3,0.4783,0.0076
Maxmin,3.65,3,0.4774,0.0087
Maxmin,3.66,3,0.4768,0.0091
Maxmin,3.67,3,0.4759,0.0101
Maxmin,3.68,3,0.4756,0.01
Maxmin,3.69,3,0.4754,0.01
Maxmin,3.7,3,0.4752,0.0098
Maxmin,3.71,3,0.4751,0.0102
Maxmin,3.72,3,0.4748,0.0106
Maxmin,3.73,3,0.4743,0.0107
Maxmin,3.74,2,0.4713,0.0044
Maxmin,3.75,3,0.4739,0.0115
Maxmin,3.76,3,0.4736,0.0121
Maxmin,3.77,3,0.4731,0.0124
Maxmin,3.79,2,0.4743,0.0553
Maxmin,3.8,3,0.473,0.0121
Maxmin,3.82,3,0.4728,0.012
Maxmin,3.83,3,0.4727,0.0117
Maxmin,3.84,2,0.4698,0.0025
Maxmin,3.85,2,0.4738,0.0527
Maxmin,3.87,2,0.4737,0.054
Maxmin,3.92,1,0.4692,0.0
Maxmin,3.97,1,0.4692,0.0
Maxmin,3.98,1,0.4692,0.0
Greedy-DPP,1.3,2,0.7792,0.0133
Greedy-DPP,1.31,2,0.7792,0.0133
Greedy-DPP,1.38,1,0.7781,0.0
Greedy-DPP,1.4,1,0.7782,0.0
Greedy-DPP,1.41,1,0.7782,0.0
Greedy-DPP,1.42,1,0.7783,0.0
Greedy-DPP,1.43,3,0.7822,0.0128
Greedy-DPP,1.44,2,0.7832,0.061
Greedy-DPP,1.46,3,0.7822,0.0127
Greedy-DPP,1.48,2,0.7793,0.0121
Greedy-DPP,1.49,3,0.7823,0.0124
Greedy-DPP,1.5,3,0.7823,0.0124
Greedy-DPP,1.52,1,0.7786,0.0
Greedy-DPP,1.53,3,0.7824,0.0123
Greedy-DPP,1.54,3,0.7824,0.0124
Greedy-DPP,1.56,3,0.7825,0.0122
Greedy-DPP,1.57,3,0.7822,0.0133
Greedy-DPP,1.59,3,0.7823,0.0133
Greedy-DPP,1.6,3,0.7823,0.0134
Greedy-DPP,1.61,3,0.7824,0.0134
Greedy-DPP,1.62,3,0.7825,0.0132
Greedy-DPP,1.63,3,0.7827,0.013
Greedy-DPP,1.64,3,0.7828,0.0129
Greedy-DPP,1.65,3,0.7827,0.013
Greedy-DPP,1.66,3,0.7828,0.0129
Greedy-DPP,1.67,3,0.7829,0.0127
Greedy-DPP,1.68,3,0.7829,0.0124
Greedy-DPP,1.69,3,0.783,0.0124
Greedy-DPP,1.7,3,0.783,0.0124
Greedy-DPP,1.71,3,0.783,0.0124
Greedy-DPP,1.72,3,0.7831,0.0123
Greedy-DPP,1.73,3,0.7834,0.0119
Greedy-DPP,1.74,3,0.7834,0.0117
Greedy-DPP,1.75,3,0.7834,0.0119
Greedy-DPP,1.76,3,0.7833,0.0121
Greedy-DPP,1.77,3,0.783,0.0125
Greedy-DPP,1.78,3,0.7831,0.0126
Greedy-DPP,1.79,3,0.7832,0.0125
Greedy-DPP,1.8,3,0.783,0.0124
Greedy-DPP,1.81,3,0.7831,0.0123
Greedy-DPP,1.82,3,0.7832,0.0122
Greedy-DPP,1.83,3,0.7832,0.0121
Greedy-DPP,1.84,3,0.7833,0.0122
Greedy-DPP,1.85,3,0.7833,0.0125
Greedy-DPP,1.86,3,0.7833,0.0122
Greedy-DPP,1.87,3,0.7833,0.0122
Greedy-DPP,1.88,3,0.7832,0.0123
Greedy-DPP,1.89,3,0.7833,0.0124
Greedy-DPP,1.9,3,0.783,0.0131
Greedy-DPP,1.91,3,0.7831,0.0129
Greedy-DPP,1.92,3,0.7831,0.0129
Greedy-DPP,1.93,3,0.7831,0.013
Greedy-DPP,1.94,3,0.7831,0.0128
Greedy-DPP,1.95,3,0.783,0.012
Greedy-DPP,1.96,3,0.7828,0.0124
Greedy-DPP,1.97,3,0.7827,0.0123
Greedy-DPP,1.98,3,0.7828,0.0122
Greedy-DPP,1.99,3,0.7827,0.0118
Greedy-DPP,2.0,3,0.7828,0.0112
Greedy-DPP,2.01,3,0.783,0.0113
Greedy-DPP,2.02,3,0.783,0.0113
Greedy-DPP,2.03,3,0.783,0.0115
Greedy-DPP,2.04,3,0.783,0.0116
Greedy-DPP,2.05,3,0.7831,0.0121
Greedy-DPP,2.06,3,0.783,0.0115
Greedy-DPP,2.07,3,0.7832,0.0115
Greedy-DPP,2.08,3,0.7829,0.0118
Greedy-DPP,2.09,3,0.7827,0.0121
Greedy-DPP,2.1,3,0.7827,0.0119
Greedy-DPP,2.11,3,0.7823,0.012
Greedy-DPP,2.12,3,0.7823,0.0114
Greedy-DPP,2.13,3,0.7822,0.0111
Greedy-DPP,2.14,3,0.782,0.0116
Greedy-DPP,2.15,3,0.782,0.0116
Greedy-DPP,2.16,3,0.7817,0.0114
Greedy-DPP,2.17,3,0.7815,0.0111
Greedy-DPP,2.18,3,0.7813,0.0108
Greedy-DPP,2.19,3,0.7813,0.0114
Greedy-DPP,2.2,3,0.7814,0.0115
Greedy-DPP,2.21,3,0.7813,0.0118
Greedy-DPP,2.22,3,0.7813,0.0115
Greedy-DPP,2.23,3,0.7815,0.012
Greedy-DPP,2.24,3,0.7812,0.0122
Greedy-DPP,2.25,3,0.7811,0.0114
Greedy-DPP,2.26,3,0.7809,0.0116
Greedy-DPP,2.27,3,0.7809,0.0117
Greedy-DPP,2.28,3,0.7805,0.011
Greedy-DPP,2.29,3,0.7808,0.0119
Greedy-DPP,2.3,3,0.7803,0.0114
Greedy-DPP,2.31,3,0.7798,0.0111
Greedy-DPP,2.32,3,0.7793,0.0106
Greedy-DPP,2.33,3,0.779,0.0112
Greedy-DPP,2.34,3,0.7785,0.0108
Greedy-DPP,2.35,3,0.7777,0.0111
Greedy-DPP,2.36,3,0.7775,0.0113
Greedy-DPP,2.37,3,0.7771,0.0114
Greedy-DPP,2.38,3,0.7768,0.0122
Greedy-DPP,2.39,3,0.7765,0.0122
Greedy-DPP,2.4,3,0.7757,0.0121
Greedy-DPP,2.41,3,0.7754,0.0124
Greedy-DPP,2.42,3,0.7747,0.0127
Greedy-DPP,2.43,3,0.7745,0.0131
Greedy-DPP,2.44,3,0.7744,0.0126
Greedy-DPP,2.45,3,0.7742,0.0126
Greedy-DPP,2.46,3,0.7737,0.0127
Greedy-DPP,2.47,3,0.7732,0.0128
Greedy-DPP,2.48,3,0.7727,0.0132
Greedy-DPP,2.49,3,0.7724,0.0137
Greedy-DPP,2.5,3,0.7721,0.0129
Greedy-DPP,2.51,3,0.7716,0.0138
Greedy-DPP,2.52,3,0.7711,0.0134
Greedy-DPP,2.53,3,0.7708,0.0132
Greedy-DPP,2.54,3,0.7705,0.0127
Greedy-DPP,2.55,3,0.7703,0.0129
Greedy-DPP,2.56,3,0.7701,0.0126
Greedy-DPP,2.57,3,0.7697,0.0125
Greedy-DPP,2.58,3,0.7691,0.0126
Greedy-DPP,2.59,3,0.7688,0.0129
Greedy-DPP,2.6,3,0.7678,0.0133
Greedy-DPP,2.61,3,0.7669,0.014
Greedy-DPP,2.62,3,0.7664,0.0139
Greedy-DPP,2.63,3,0.7662,0.0138
Greedy-DPP,2.64,3,0.7655,0.014
Greedy-DPP,2.65,3,0.765,0.0142
Greedy-DPP,2.66,3,0.7644,0.0137
Greedy-DPP,2.67,3,0.7635,0.0133
Greedy-DPP,2.68,3,0.7628,0.0138
Greedy-DPP,2.69,3,0.7621,0.0133
Greedy-DPP,2.7,3,0.7615,0.0132
Greedy-DPP,2.71,3,0.7612,0.0123
Greedy-DPP,2.72,3,0.7602,0.0125
Greedy-DPP,2.73,3,0.7593,0.0125
Greedy-DPP,2.74,3,0.758,0.0134
Greedy-DPP,2.75,3,0.7571,0.0136
Greedy-DPP,2.76,3,0.7567,0.0138
Greedy-DPP,2.77,3,0.7559,0.0143
Greedy-DPP,2.78,3,0.7549,0.0165
Greedy-DPP,2.79,3,0.7538,0.0182
Greedy-DPP,2.8,3,0.753,0.0195
Greedy-DPP,2.81,3,0.7522,0.0202
Greedy-DPP,2.82,3,0.7516,0.0215
Greedy-DPP,2.83,3,0.7506,0.0215
Greedy-DPP,2.84,3,0.7499,0.0212
Greedy-DPP,2.85,3,0.749,0.0217
Greedy-DPP,2.86,3,0.7481,0.0232
Greedy-DPP,2.87,3,0.7472,0.0227
Greedy-DPP,2.88,3,0.7468,0.0221
Greedy-DPP,2.89,3,0.7464,0.0224
Greedy-DPP,2.9,3,0.7454,0.0214
Greedy-DPP,2.91,3,0.7445,0.022
Greedy-DPP,2.92,3,0.7436,0.0221
Greedy-DPP,2.93,3,0.7431,0.0214
Greedy-DPP,2.94,3,0.7422,0.0211
Greedy-DPP,2.95,3,0.7409,0.0218
Greedy-DPP,2.96,3,0.7386,0.0227
Greedy-DPP,2.97,3,0.7378,0.0226
Greedy-DPP,2.98,3,0.7362,0.0225
Greedy-DPP,2.99,3,0.735,0.0222
Greedy-DPP,3.0,3,0.7345,0.0224
Greedy-DPP,3.01,3,0.7337,0.0222
Greedy-DPP,3.02,3,0.7328,0.0236
Greedy-DPP,3.03,3,0.7322,0.0229
Greedy-DPP,3.04,3,0.7313,0.0227
Greedy-DPP,3.05,3,0.7306,0.0229
Greedy-DPP,3.06,3,0.7297,0.0234
Greedy-DPP,3.07,3,0.7296,0.023
Greedy-DPP,3.08,3,0.7296,0.0223
Greedy-DPP,3.09,3,0.7281,0.0229
Greedy-DPP,3.1,3,0.7275,0.0229
Greedy-DPP,3.11,3,0.7266,0.0231
Greedy-DPP,3.12,3,0.7256,0.0255
Greedy-DPP,3.13,3,0.7245,0.0252
Greedy-DPP,3.14,3,0.7238,0.0253
Greedy-DPP,3.15,3,0.7239,0.0254
Greedy-DPP,3.16,3,0.7234,0.0258
Greedy-DPP,3.17,3,0.723,0.0246
Greedy-DPP,3.18,3,0.7218,0.0245
Greedy-DPP,3.19,3,0.7213,0.0257
Greedy-DPP,3.2,3,0.7205,0.0256
Greedy-DPP,3.21,3,0.7194,0.026
Greedy-DPP,3.22,3,0.7184,0.026
Greedy-DPP,3.23,3,0.718,0.0256
Greedy-DPP,3.24,3,0.7173,0.0244
Greedy-DPP,3.25,3,0.7168,0.0256
Greedy-DPP,3.26,3,0.7166,0.0257
Greedy-DPP,3.27,3,0.7163,0.0263
Greedy-DPP,3.28,3,0.7153,0.0258
Greedy-DPP,3.29,3,0.7147,0.025
Greedy-DPP,3.3,3,0.7143,0.0247
Greedy-DPP,3.31,3,0.7142,0.0242
Greedy-DPP,3.32,3,0.714,0.0242
Greedy-DPP,3.33,3,0.7138,0.0244
Greedy-DPP,3.34,3,0.7135,0.0233
Greedy-DPP,3.35,3,0.7132,0.0231
Greedy-DPP,3.36,3,0.7128,0.0225
Greedy-DPP,3.37,3,0.7125,0.0217
Greedy-DPP,3.38,3,0.7116,0.0219
Greedy-DPP,3.39,3,0.7111,0.0223
Greedy-DPP,3.4,3,0.7106,0.0223
Greedy-DPP,3.41,3,0.7098,0.0221
Greedy-DPP,3.42,3,0.7093,0.0218
Greedy-DPP,3.43,3,0.7092,0.0224
Greedy-DPP,3.44,3,0.7083,0.0231
Greedy-DPP,3.45,3,0.7078,0.0236
Greedy-DPP,3.46,3,0.7077,0.0232
Greedy-DPP,3.47,3,0.7076,0.023
Greedy-DPP,3.48,3,0.7072,0.0228
Greedy-DPP,3.49,3,0.7071,0.0231
Greedy-DPP,3.5,3,0.7065,0.0226
Greedy-DPP,3.51,3,0.7064,0.0224
Greedy-DPP,3.52,3,0.7061,0.0221
Greedy-DPP,3.53,3,0.706,0.0221
Greedy-DPP,3.54,3,0.7058,0.0216
Greedy-DPP,3.55,3,0.7056,0.0213
Greedy-DPP,3.56,3,0.7051,0.0221
Greedy-DPP,3.57,3,0.7049,0.0219
Greedy-DPP,3.58,3,0.7049,0.0219
Greedy-DPP,3.59,3,0.7048,0.0214
Greedy-DPP,3.6,3,0.7047,0.0217
Greedy-DPP,3.61,3,0.7047,0.0217
Greedy-DPP,3.62,3,0.7046,0.0217
Greedy-DPP,3.63,3,0.7046,0.0217
Greedy-DPP,3.64,3,0.7044,0.0218
Greedy-DPP,3.65,3,0.7044,0.0219
Greedy-DPP,3.66,3,0.7044,0.0219
Greedy-DPP,3.67,3,0.7044,0.022
Greedy-DPP,3.68,3,0.7043,0.0218
Greedy-DPP,3.69,3,0.7043,0.0215
Greedy-DPP,3.7,3,0.7042,0.0215
Greedy-DPP,3.71,3,0.7042,0.0215
Greedy-DPP,3.72,3,0.7042,0.0215
Greedy-DPP,3.73,3,0.7041,0.0216
Greedy-DPP,3.74,2,0.6991,0.0229
Greedy-DPP,3.75,3,0.7041,0.0218
Greedy-DPP,3.76,3,0.7041,0.0218
Greedy-DPP,3.77,3,0.704,0.0217
Greedy-DPP,3.79,2,0.7057,0.1042
Greedy-DPP,3.8,3,0.7041,0.0215
Greedy-DPP,3.82,3,0.7041,0.0215
Greedy-DPP,3.83,3,0.7041,0.0215
Greedy-DPP,3.84,2,0.6992,0.0216
Greedy-DPP,3.85,2,0.7057,0.1042
Greedy-DPP,3.87,2,0.7057,0.1042
Greedy-DPP,3.92,1,0.6975,0.0
Greedy-DPP,3.97,1,0.6975,0.0
Greedy-DPP,3.98,1,0.6975,0.0
RNG(-0.3),1.3,2,0.7792,0.0133
RNG(-0.3),1.31,2,0.7792,0.0133
RNG(-0.3),1.38,1,0.7781,0.0
RNG(-0.3),1.4,1,0.7782,0.0
RNG(-0.3),1.41,1,0.7782,0.0
RNG(-0.3),1.42,1,0.7782,0.0
RNG(-0.3),1.43,3,0.7822,0.0131
RNG(-0.3),1.44,2,0.7833,0.0642
RNG(-0.3),1.46,3,0.7823,0.0134
RNG(-0.3),1.48,2,0.7793,0.0133
RNG(-0.3),1.49,3,0.7824,0.0132
RNG(-0.3),1.5,3,0.7824,0.0131
RNG(-0.3),1.52,1,0.7784,0.0
RNG(-0.3),1.53,3,0.7824,0.0131
RNG(-0.3),1.54,3,0.7825,0.0132
RNG(-0.3),1.56,3,0.7825,0.0131
RNG(-0.3),1.57,3,0.7822,0.0141
RNG(-0.3),1.59,3,0.7822,0.0141
RNG(-0.3),1.6,3,0.7822,0.014
RNG(-0.3),1.61,3,0.7823,0.014
RNG(-0.3),1.62,3,0.7823,0.0139
RNG(-0.3),1.63,3,0.7825,0.014
RNG(-0.3),1.64,3,0.7825,0.0139
RNG(-0.3),1.65,3,0.7825,0.0139
RNG(-0.3),1.66,3,0.7826,0.0138
RNG(-0.3),1.67,3,0.7826,0.0138
RNG(-0.3),1.68,3,0.7827,0.0137
RNG(-0.3),1.69,3,0.7828,0.0138
RNG(-0.3),1.7,3,0.7828,0.0138
RNG(-0.3),1.71,3,0.7828,0.0139
RNG(-0.3),1.72,3,0.7829,0.014
RNG(-0.3),1.73,3,0.783,0.014
RNG(-0.3),1.74,3,0.7831,0.0139
RNG(-0.3),1.75,3,0.7832,0.0139
RNG(-0.3),1.76,3,0.7832,0.0141
RNG(-0.3),1.77,3,0.7832,0.014
RNG(-0.3),1.78,3,0.7834,0.0142
RNG(-0.3),1.79,3,0.7835,0.0143
RNG(-0.3),1.8,3,0.7835,0.0143
RNG(-0.3),1.81,3,0.7835,0.0142
RNG(-0.3),1.82,3,0.7836,0.014
RNG(-0.3),1.83,3,0.7837,0.0143
RNG(-0.3),1.84,3,0.7838,0.0143
RNG(-0.3),1.85,3,0.7838,0.0143
RNG(-0.3),1.86,3,0.7839,0.0141
RNG(-0.3),1.87,3,0.7839,0.0141
RNG(-0.3),1.88,3,0.7839,0.0141
RNG(-0.3),1.89,3,0.7839,0.0142
RNG(-0.3),1.9,3,0.7839,0.0142
RNG(-0.3),1.91,3,0.784,0.0143
RNG(-0.3),1.92,3,0.784,0.0144
RNG(-0.3),1.93,3,0.7841,0.0145
RNG(-0.3),1.94,3,0.7842,0.0143
RNG(-0.3),1.95,3,0.7842,0.0141
RNG(-0.3),1.96,3,0.7843,0.0141
RNG(-0.3),1.97,3,0.7843,0.014
RNG(-0.3),1.98,3,0.7843,0.0142
RNG(-0.3),1.99,3,0.7844,0.0141
RNG(-0.3),2.0,3,0.7845,0.0139
RNG(-0.3),2.01,3,0.7846,0.0137
RNG(-0.3),2.02,3,0.7846,0.0136
RNG(-0.3),2.03,3,0.7847,0.0135
RNG(-0.3),2.04,3,0.7848,0.0135
RNG(-0.3),2.05,3,0.7848,0.0137
RNG(-0.3),2.06,3,0.7849,0.0137
RNG(-0.3),2.07,3,0.785,0.0141
RNG(-0.3),2.08,3,0.785,0.0143
RNG(-0.3),2.09,3,0.785,0.0142
RNG(-0.3),2.1,3,0.7851,0.0145
RNG(-0.3),2.11,3,0.7853,0.0146
RNG(-0.3),2.12,3,0.7853,0.0145
RNG(-0.3),2.13,3,0.7853,0.0145
RNG(-0.3),2.14,3,0.7854,0.0144
RNG(-0.3),2.15,3,0.7854,0.0143
RNG(-0.3),2.16,3,0.7855,0.0143
RNG(-0.3),2.17,3,0.7856,0.0146
RNG(-0.3),2.18,3,0.7856,0.0145
RNG(-0.3),2.19,3,0.7856,0.0145
RNG(-0.3),2.2,3,0.7858,0.0141
RNG(-0.3),2.21,3,0.7858,0.014
RNG(-0.3),2.22,3,0.7859,0.014
RNG(-0.3),2.23,3,0.7862,0.0147
RNG(-0.3),2.24,3,0.7862,0.0148
RNG(-0.3),2.25,3,0.7862,0.0148
RNG(-0.3),2.26,3,0.7862,0.0146
RNG(-0.3),2.27,3,0.7864,0.0146
RNG(-0.3),2.28,3,0.7865,0.0144
RNG(-0.3),2.29,3,0.7866,0.0145
RNG(-0.3),2.3,3,0.7866,0.0145
RNG(-0.3),2.31,3,0.7866,0.0146
RNG(-0.3),2.32,3,0.7867,0.0146
RNG(-0.3),2.33,3,0.7867,0.0146
RNG(-0.3),2.34,3,0.7868,0.0145
RNG(-0.3),2.35,3,0.7868,0.0145
RNG(-0.3),2.36,3,0.7868,0.0144
RNG(-0.3),2.37,3,0.7869,0.0142
RNG(-0.3),2.38,3,0.787,0.0144
RNG(-0.3),2.39,3,0.787,0.0144
RNG(-0.3),2.4,3,0.787,0.0144
RNG(-0.3),2.41,3,0.787,0.0144
RNG(-0.3),2.42,3,0.7871,0.0143
RNG(-0.3),2.43,3,0.7871,0.0141
RNG(-0.3),2.44,3,0.7872,0.0141
RNG(-0.3),2.45,3,0.7874,0.014
RNG(-0.3),2.46,3,0.7876,0.0141
RNG(-0.3),2.47,3,0.7876,0.0141
RNG(-0.3),2.48,3,0.7876,0.0141
RNG(-0.3),2.49,3,0.7877,0.014
RNG(-0.3),2.5,3,0.7877,0.0139
RNG(-0.3),2.51,3,0.7878,0.0139
RNG(-0.3),2.52,3,0.7879,0.0139
RNG(-0.3),2.53,3,0.788,0.014
RNG(-0.3),2.54,3,0.7881,0.0142
RNG(-0.3),2.55,3,0.7881,0.0142
RNG(-0.3),2.56,3,0.7881,0.0142
RNG(-0.3),2.57,3,0.7881,0.0143
RNG(-0.3),2.58,3,0.788,0.0144
RNG(-0.3),2.59,3,0.7882,0.0146
RNG(-0.3),2.6,3,0.7882,0.0142
RNG(-0.3),2.61,3,0.7883,0.0142
RNG(-0.3),2.62,3,0.7882,0.0143
RNG(-0.3),2.63,3,0.7883,0.0142
RNG(-0.3),2.64,3,0.7885,0.0143
RNG(-0.3),2.65,3,0.7885,0.0143
RNG(-0.3),2.66,3,0.7885,0.0143
RNG(-0.3),2.67,3,0.7885,0.0142
RNG(-0.3),2.68,3,0.7884,0.0139
RNG(-0.3),2.69,3,0.7885,0.0141
RNG(-0.3),2.7,3,0.7885,0.014
RNG(-0.3),2.71,3,0.7885,0.014
RNG(-0.3),2.72,3,0.7885,0.014
RNG(-0.3),2.73,3,0.7886,0.0142
RNG(-0.3),2.74,3,0.7885,0.0146
RNG(-0.3),2.75,3,0.7886,0.0147
RNG(-0.3),2.76,3,0.7887,0.0145
RNG(-0.3),2.77,3,0.7887,0.0145
RNG(-0.3),2.78,3,0.7887,0.0147
RNG(-0.3),2.79,3,0.7887,0.0146
RNG(-0.3),2.8,3,0.7888,0.0146
RNG(-0.3),2.81,3,0.7888,0.0145
RNG(-0.3),2.82,3,0.7888,0.0145
RNG(-0.3),2.83,3,0.7888,0.0145
RNG(-0.3),2.84,3,0.7888,0.0145
RNG(-0.3),2.85,3,0.7888,0.0145
RNG(-0.3),2.86,3,0.7888,0.0145
RNG(-0.3),2.87,3,0.7888,0.0145
RNG(-0.3),2.88,3,0.7888,0.0145
RNG(-0.3),2.89,3,0.7888,0.0144
RNG(-0.3),2.9,3,0.7889,0.0144
RNG(-0.3),2.91,3,0.7889,0.0142
RNG(-0.3),2.92,3,0.7889,0.0143
RNG(-0.3),2.93,3,0.789,0.0144
RNG(-0.3),2.94,3,0.789,0.0144
RNG(-0.3),2.95,3,0.789,0.0144
RNG(-0.3),2.96,3,0.7887,0.015
RNG(-0.3),2.97,3,0.7889,0.0152
RNG(-0.3),2.98,3,0.7888,0.0152
RNG(-0.3),2.99,3,0.7888,0.0152
RNG(-0.3),3.0,3,0.7888,0.0151
RNG(-0.3),3.01,3,0.7888,0.0151
RNG(-0.3),3.02,3,0.7888,0.0151
RNG(-0.3),3.03,3,0.7888,0.0151
RNG(-0.3),3.04,3,0.7888,0.0151
RNG(-0.3),3.05,3,0.7888,0.0154
RNG(-0.3),3.06,3,0.7888,0.0155
RNG(-0.3),3.07,3,0.7888,0.0155
RNG(-0.3),3.08,3,0.7889,0.0155
RNG(-0.3),3.09,3,0.7888,0.0156
RNG(-0.3),3.1,3,0.7888,0.0156
RNG(-0.3),3.11,3,0.7888,0.0156
RNG(-0.3),3.12,3,0.7888,0.0156
RNG(-0.3),3.13,3,0.7888,0.0155
RNG(-0.3),3.14,3,0.7888,0.0155
RNG(-0.3),3.15,3,0.7888,0.0155
RNG(-0.3),3.16,3,0.7889,0.0154
RNG(-0.3),3.17,3,0.7889,0.0154
RNG(-0.3),3.18,3,0.7886,0.0158
RNG(-0.3),3.19,3,0.7886,0.0158
RNG(-0.3),3.2,3,0.7886,0.0158
RNG(-0.3),3.21,3,0.7886,0.0158
RNG(-0.3),3.22,3,0.7886,0.0158
RNG(-0.3),3.23,3,0.7886,0.0158
RNG(-0.3),3.24,3,0.7886,0.0158
RNG(-0.3),3.25,3,0.7886,0.0158
RNG(-0.3),3.26,3,0.7887,0.0155
RNG(-0.3),3.27,3,0.7887,0.0155
RNG(-0.3),3.28,3,0.7887,0.0155
RNG(-0.3),3.29,3,0.7887,0.0155
RNG(-0.3),3.3,3,0.7887,0.0155
RNG(-0.3),3.31,3,0.7887,0.0155
RNG(-0.3),3.32,3,0.7887,0.0155
RNG(-0.3),3.33,3,0.7887,0.0155
RNG(-0.3),3.34,3,0.7887,0.0155
RNG(-0.3),3.35,3,0.7886,0.0156
RNG(-0.3),3.36,3,0.7886,0.0156
RNG(-0.3),3.37,3,0.7886,0.0156
RNG(-0.3),3.38,3,0.7884,0.0161
RNG(-0.3),3.39,3,0.7884,0.0161
RNG(-0.3),3.4,3,0.7884,0.0161
RNG(-0.3),3.41,3,0.7884,0.0161
RNG(-0.3),3.42,3,0.7884,0.0161
RNG(-0.3),3.43,3,0.7884,0.0161
RNG(-0.3),3.44,3,0.7884,0.0161
RNG(-0.3),3.45,3,0.7884,0.0161
RNG(-0.3),3.46,3,0.7884,0.0162
RNG(-0.3),3.47,3,0.7884,0.0162
RNG(-0.3),3.48,3,0.7884,0.0162
RNG(-0.3),3.49,3,0.7884,0.0162
RNG(-0.3),3.5,3,0.7884,0.0162
RNG(-0.3),3.51,3,0.7884,0.0162
RNG(-0.3),3.52,3,0.7884,0.0162
RNG(-0.3),3.53,3,0.7884,0.0162
RNG(-0.3),3.54,3,0.7884,0.0162
RNG(-0.3),3.55,3,0.7884,0.0162
RNG(-0.3),3.56,3,0.7884,0.0162
RNG(-0.3),3.57,3,0.7884,0.0162
RNG(-0.3),3.58,3,0.7884,0.0162
RNG(-0.3),3.59,3,0.7884,0.0162
RNG(-0.3),3.6,3,0.7884,0.0162
RNG(-0.3),3.61,3,0.7884,0.0162
RNG(-0.3),3.62,3,0.7884,0.0162
RNG(-0.3),3.63,3,0.7884,0.0162
RNG(-0.3),3.64,3,0.7884,0.0162
RNG(-0.3),3.65,3,0.7884,0.0162
RNG(-0.3),3.66,3,0.7884,0.0162
RNG(-0.3),3.67,3,0.7884,0.0162
RNG(-0.3),3.68,3,0.7884,0.0162
RNG(-0.3),3.69,3,0.7884,0.0162
RNG(-0.3),3.7,3,0.7884,0.0162
RNG(-0.3),3.71,3,0.7884,0.0162
RNG(-0.3),3.72,3,0.7884,0.0162
RNG(-0.3),3.73,3,0.7884,0.0162
RNG(-0.3),3.74,2,0.7848,0.0216
RNG(-0.3),3.75,3,0.7884,0.0162
RNG(-0.3),3.76,3,0.7884,0.0162
RNG(-0.3),3.77,3,0.7884,0.0162
RNG(-0.3),3.79,2,0.7894,0.08
RNG(-0.3),3.8,3,0.7884,0.0162
RNG(-0.3),3.82,3,0.7884,0.0162
RNG(-0.3),3.83,3,0.7884,0.0162
RNG(-0.3),3.84,2,0.7848,0.0216
RNG(-0.3),3.85,2,0.7894,0.08
RNG(-0.3),3.87,2,0.7894,0.08
RNG(-0.3),3.92,1,0.7831,0.0
RNG(-0.3),3.97,1,0.7831,0.0
RNG(-0.3),3.98,1,0.7831,0.0
RNG(-0.2),1.3,2,0.7792,0.0133
RNG(-0.2),1.31,2,0.7792,0.0133
RNG(-0.2),1.38,1,0.7781,0.0
RNG(-0.2),1.4,1,0.7782,0.0
RNG(-0.2),1.41,1,0.7782,0.0
RNG(-0.2),1.42,1,0.7783,0.0
RNG(-0.2),1.43,3,0.7823,0.0131
RNG(-0.2),1.44,2,0.7834,0.0635
RNG(-0.2),1.46,3,0.7824,0.0134
RNG(-0.2),1.48,2,0.7793,0.0121
RNG(-0.2),1.49,3,0.7825,0.0132
RNG(-0.2),1.5,3,0.7826,0.0132
RNG(-0.2),1.52,1,0.7786,0.0
RNG(-0.2),1.53,3,0.7826,0.013
RNG(-0.2),1.54,3,0.7827,0.0132
RNG(-0.2),1.56,3,0.7828,0.0132
RNG(-0.2),1.57,3,0.7826,0.0144
RNG(-0.2),1.59,3,0.7827,0.0147
RNG(-0.2),1.6,3,0.7828,0.0147
RNG(-0.2),1.61,3,0.7829,0.0145
RNG(-0.2),1.62,3,0.783,0.0143
RNG(-0.2),1.63,3,0.7832,0.0144
RNG(-0.2),1.64,3,0.7832,0.0143
RNG(-0.2),1.65,3,0.7833,0.0142
RNG(-0.2),1.66,3,0.7833,0.0141
RNG(-0.2),1.67,3,0.7834,0.0141
RNG(-0.2),1.68,3,0.7836,0.0142
RNG(-0.2),1.69,3,0.7838,0.0142
RNG(-0.2),1.7,3,0.7838,0.0142
RNG(-0.2),1.71,3,0.7839,0.0145
RNG(-0.2),1.72,3,0.784,0.0149
RNG(-0.2),1.73,3,0.7844,0.0143
RNG(-0.2),1.74,3,0.7844,0.0141
RNG(-0.2),1.75,3,0.7845,0.0141
RNG(-0.2),1.76,3,0.7846,0.0142
RNG(-0.2),1.77,3,0.7847,0.014
RNG(-0.2),1.78,3,0.7851,0.0145
RNG(-0.2),1.79,3,0.7852,0.0145
RNG(-0.2),1.8,3,0.7852,0.0145
RNG(-0.2),1.81,3,0.7853,0.0144
RNG(-0.2),1.82,3,0.7854,0.0142
RNG(-0.2),1.83,3,0.7855,0.0143
RNG(-0.2),1.84,3,0.7855,0.0144
RNG(-0.2),1.85,3,0.7857,0.0148
RNG(-0.2),1.86,3,0.7858,0.0147
RNG(-0.2),1.87,3,0.7858,0.0147
RNG(-0.2),1.88,3,0.7858,0.0147
RNG(-0.2),1.89,3,0.786,0.0149
RNG(-0.2),1.9,3,0.786,0.0149
RNG(-0.2),1.91,3,0.786,0.0149
RNG(-0.2),1.92,3,0.7861,0.0149
RNG(-0.2),1.93,3,0.7862,0.0149
RNG(-0.2),1.94,3,0.7863,0.0146
RNG(-0.2),1.95,3,0.7863,0.0148
RNG(-0.2),1.96,3,0.7864,0.0146
RNG(-0.2),1.97,3,0.7865,0.0145
RNG(-0.2),1.98,3,0.7865,0.0148
RNG(-0.2),1.99,3,0.7866,0.0141
RNG(-0.2),2.0,3,0.7868,0.0137
RNG(-0.2),2.01,3,0.7872,0.0139
RNG(-0.2),2.02,3,0.7873,0.0136
RNG(-0.2),2.03,3,0.7876,0.0137
RNG(-0.2),2.04,3,0.7877,0.0137
RNG(-0.2),2.05,3,0.7879,0.0136
RNG(-0.2),2.06,3,0.7881,0.0133
RNG(-0.2),2.07,3,0.7882,0.0133
RNG(-0.2),2.08,3,0.7883,0.0136
RNG(-0.2),2.09,3,0.7884,0.0134
RNG(-0.2),2.1,3,0.7884,0.0137
RNG(-0.2),2.11,3,0.7885,0.0137
RNG(-0.2),2.12,3,0.7885,0.0137
RNG(-0.2),2.13,3,0.7886,0.0137
RNG(-0.2),2.14,3,0.7887,0.0133
RNG(-0.2),2.15,3,0.7888,0.013
RNG(-0.2),2.16,3,0.7889,0.0132
RNG(-0.2),2.17,3,0.7889,0.0134
RNG(-0.2),2.18,3,0.789,0.0133
RNG(-0.2),2.19,3,0.7892,0.0135
RNG(-0.2),2.2,3,0.7894,0.0133
RNG(-0.2),2.21,3,0.7895,0.0134
RNG(-0.2),2.22,3,0.7897,0.0139
RNG(-0.2),2.23,3,0.7899,0.0138
RNG(-0.2),2.24,3,0.7897,0.0132
RNG(-0.2),2.25,3,0.7898,0.0131
RNG(-0.2),2.26,3,0.7899,0.013
RNG(-0.2),2.27,3,0.7901,0.0132
RNG(-0.2),2.28,3,0.7903,0.013
RNG(-0.2),2.29,3,0.7904,0.0133
RNG(-0.2),2.3,3,0.7904,0.0129
RNG(-0.2),2.31,3,0.7905,0.013
RNG(-0.2),2.32,3,0.7905,0.0131
RNG(-0.2),2.33,3,0.7906,0.0128
RNG(-0.2),2.34,3,0.7906,0.0126
RNG(-0.2),2.35,3,0.7905,0.0126
RNG(-0.2),2.36,3,0.7906,0.0123
RNG(-0.2),2.37,3,0.7906,0.0124
RNG(-0.2),2.38,3,0.7908,0.0126
RNG(-0.2),2.39,3,0.7908,0.0124
RNG(-0.2),2.4,3,0.7909,0.0123
RNG(-0.2),2.41,3,0.7908,0.0126
RNG(-0.2),2.42,3,0.7909,0.0127
RNG(-0.2),2.43,3,0.7909,0.0126
RNG(-0.2),2.44,3,0.7911,0.0124
RNG(-0.2),2.45,3,0.7913,0.0124
RNG(-0.2),2.46,3,0.7911,0.0128
RNG(-0.2),2.47,3,0.791,0.0131
RNG(-0.2),2.48,3,0.7911,0.013
RNG(-0.2),2.49,3,0.7911,0.0131
RNG(-0.2),2.5,3,0.7911,0.0134
RNG(-0.2),2.51,3,0.7912,0.0132
RNG(-0.2),2.52,3,0.7913,0.0131
RNG(-0.2),2.53,3,0.7913,0.0132
RNG(-0.2),2.54,3,0.7914,0.0132
RNG(-0.2),2.55,3,0.7914,0.013
RNG(-0.2),2.56,3,0.7914,0.0131
RNG(-0.2),2.57,3,0.7914,0.0129
RNG(-0.2),2.58,3,0.7913,0.0128
RNG(-0.2),2.59,3,0.7914,0.0127
RNG(-0.2),2.6,3,0.7913,0.0121
RNG(-0.2),2.61,3,0.7911,0.0122
RNG(-0.2),2.62,3,0.791,0.0121
RNG(-0.2),2.63,3,0.7912,0.0122
RNG(-0.2),2.64,3,0.7913,0.0122
RNG(-0.2),2.65,3,0.7916,0.0122
RNG(-0.2),2.66,3,0.7917,0.0124
RNG(-0.2),2.67,3,0.7919,0.0129
RNG(-0.2),2.68,3,0.7919,0.0126
RNG(-0.2),2.69,3,0.7919,0.0121
RNG(-0.2),2.7,3,0.7918,0.0123
RNG(-0.2),2.71,3,0.7919,0.0118
RNG(-0.2),2.72,3,0.7918,0.012
RNG(-0.2),2.73,3,0.7918,0.0115
RNG(-0.2),2.74,3,0.7916,0.0117
RNG(-0.2),2.75,3,0.7916,0.0114
RNG(-0.2),2.76,3,0.7916,0.0112
RNG(-0.2),2.77,3,0.7919,0.0108
RNG(-0.2),2.78,3,0.7917,0.0113
RNG(-0.2),2.79,3,0.7916,0.0109
RNG(-0.2),2.8,3,0.7916,0.0111
RNG(-0.2),2.81,3,0.7915,0.0115
RNG(-0.2),2.82,3,0.7913,0.0116
RNG(-0.2),2.83,3,0.7914,0.0113
RNG(-0.2),2.84,3,0.7913,0.0115
RNG(-0.2),2.85,3,0.7912,0.0115
RNG(-0.2),2.86,3,0.7911,0.0116
RNG(-0.2),2.87,3,0.791,0.0116
RNG(-0.2),2.88,3,0.791,0.0116
RNG(-0.2),2.89,3,0.791,0.0115
RNG(-0.2),2.9,3,0.7907,0.0111
RNG(-0.2),2.91,3,0.7907,0.0109
RNG(-0.2),2.92,3,0.7908,0.0107
RNG(-0.2),2.93,3,0.7906,0.0105
RNG(-0.2),2.94,3,0.7906,0.0108
RNG(-0.2),2.95,3,0.7906,0.0106
RNG(-0.2),2.96,3,0.7902,0.0117
RNG(-0.2),2.97,3,0.7903,0.0116
RNG(-0.2),2.98,3,0.7901,0.011
RNG(-0.2),2.99,3,0.7896,0.0112
RNG(-0.2),3.0,3,0.7896,0.0112
RNG(-0.2),3.01,3,0.7895,0.0108
RNG(-0.2),3.02,3,0.7893,0.0111
RNG(-0.2),3.03,3,0.7892,0.0109
RNG(-0.2),3.04,3,0.7891,0.0108
RNG(-0.2),3.05,3,0.789,0.011
RNG(-0.2),3.06,3,0.789,0.0112
RNG(-0.2),3.07,3,0.789,0.0114
RNG(-0.2),3.08,3,0.789,0.011
RNG(-0.2),3.09,3,0.7888,0.0113
RNG(-0.2),3.1,3,0.7888,0.0113
RNG(-0.2),3.11,3,0.7887,0.0111
RNG(-0.2),3.12,3,0.7883,0.0114
RNG(-0.2),3.13,3,0.7884,0.0111
RNG(-0.2),3.14,3,0.7883,0.0105
RNG(-0.2),3.15,3,0.7884,0.0103
RNG(-0.2),3.16,3,0.7884,0.0105
RNG(-0.2),3.17,3,0.7884,0.0105
RNG(-0.2),3.18,3,0.788,0.0112
RNG(-0.2),3.19,3,0.7878,0.0113
RNG(-0.2),3.2,3,0.7879,0.0111
RNG(-0.2),3.21,3,0.7879,0.0111
RNG(-0.2),3.22,3,0.7879,0.0112
RNG(-0.2),3.23,3,0.7878,0.0112
RNG(-0.2),3.24,3,0.7878,0.0111
RNG(-0.2),3.25,3,0.7878,0.0112
RNG(-0.2),3.26,3,0.7879,0.0111
RNG(-0.2),3.27,3,0.7878,0.0112
RNG(-0.2),3.28,3,0.7879,0.0111
RNG(-0.2),3.29,3,0.7878,0.011
RNG(-0.2),3.3,3,0.7878,0.011
RNG(-0.2),3.31,3,0.7878,0.0109
RNG(-0.2),3.32,3,0.7879,0.0109
RNG(-0.2),3.33,3,0.7879,0.0109
RNG(-0.2),3.34,3,0.7878,0.0106
RNG(-0.2),3.35,3,0.7878,0.0104
RNG(-0.2),3.36,3,0.7878,0.0104
RNG(-0.2),3.37,3,0.7878,0.0103
RNG(-0.2),3.38,3,0.7874,0.0111
RNG(-0.2),3.39,3,0.7873,0.0109
RNG(-0.2),3.4,3,0.7873,0.0109
RNG(-0.2),3.41,3,0.7873,0.0109
RNG(-0.2),3.42,3,0.7873,0.0109
RNG(-0.2),3.43,3,0.7873,0.0109
RNG(-0.2),3.44,3,0.7873,0.0109
RNG(-0.2),3.45,3,0.7873,0.011
RNG(-0.2),3.46,3,0.7874,0.011
RNG(-0.2),3.47,3,0.7873,0.011
RNG(-0.2),3.48,3,0.7873,0.011
RNG(-0.2),3.49,3,0.7874,0.0109
RNG(-0.2),3.5,3,0.7874,0.0109
RNG(-0.2),3.51,3,0.7874,0.0109
RNG(-0.2),3.52,3,0.7874,0.0109
RNG(-0.2),3.53,3,0.7874,0.0109
RNG(-0.2),3.54,3,0.7875,0.0108
RNG(-0.2),3.55,3,0.7875,0.0108
RNG(-0.2),3.56,3,0.7875,0.0108
RNG(-0.2),3.57,3,0.7875,0.0106
RNG(-0.2),3.58,3,0.7876,0.0106
RNG(-0.2),3.59,3,0.7876,0.0107
RNG(-0.2),3.6,3,0.7876,0.0107
RNG(-0.2),3.61,3,0.7876,0.0107
RNG(-0.2),3.62,3,0.7876,0.0107
RNG(-0.2),3.63,3,0.7876,0.0107
RNG(-0.2),3.64,3,0.7876,0.0107
RNG(-0.2),3.65,3,0.7876,0.0107
RNG(-0.2),3.66,3,0.7876,0.0107
RNG(-0.2),3.67,3,0.7876,0.0107
RNG(-0.2),3.68,3,0.7876,0.0107
RNG(-0.2),3.69,3,0.7876,0.0107
RNG(-0.2),3.7,3,0.7876,0.0107
RNG(-0.2),3.71,3,0.7876,0.0107
RNG(-0.2),3.72,3,0.7876,0.0107
RNG(-0.2),3.73,3,0.7876,0.0107
RNG(-0.2),3.74,2,0.7852,0.0095
RNG(-0.2),3.75,3,0.7876,0.0107
RNG(-0.2),3.76,3,0.7876,0.0107
RNG(-0.2),3.77,3,0.7876,0.0107
RNG(-0.2),3.79,2,0.7892,0.0419
RNG(-0.2),3.8,3,0.7876,0.0107
RNG(-0.2),3.82,3,0.7876,0.0107
RNG(-0.2),3.83,3,0.7876,0.0107
RNG(-0.2),3.84,2,0.7852,0.0095
RNG(-0.2),3.85,2,0.7892,0.0419
RNG(-0.2),3.87,2,0.7892,0.0419
RNG(-0.2),3.92,1,0.7859,0.0
RNG(-0.2),3.97,1,0.7859,0.0
RNG(-0.2),3.98,1,0.7859,0.0
RNG(-0.1),1.3,2,0.7792,0.0133
RNG(-0.1),1.31,2,0.7792,0.0133
RNG(-0.1),1.38,1,0.7781,0.0
RNG(-0.1),1.4,1,0.7783,0.0
RNG(-0.1),1.41,1,0.7783,0.0
RNG(-0.1),1.42,1,0.7784,0.0
RNG(-0.1),1.43,3,0.7823,0.0131
RNG(-0.1),1.44,2,0.7833,0.0623
RNG(-0.1),1.46,3,0.7823,0.013
RNG(-0.1),1.48,2,0.7794,0.0114
RNG(-0.1),1.49,3,0.7825,0.0127
RNG(-0.1),1.5,3,0.7826,0.0127
RNG(-0.1),1.52,1,0.7788,0.0
RNG(-0.1),1.53,3,0.7826,0.0125
RNG(-0.1),1.54,3,0.7828,0.0129
RNG(-0.1),1.56,3,0.7828,0.0128
RNG(-0.1),1.57,3,0.7825,0.014
RNG(-0.1),1.59,3,0.7827,0.0142
RNG(-0.1),1.6,3,0.7828,0.014
RNG(-0.1),1.61,3,0.7829,0.0139
RNG(-0.1),1.62,3,0.783,0.0137
RNG(-0.1),1.63,3,0.7832,0.0139
RNG(-0.1),1.64,3,0.7833,0.0137
RNG(-0.1),1.65,3,0.7833,0.0138
RNG(-0.1),1.66,3,0.7833,0.0136
RNG(-0.1),1.67,3,0.7834,0.0136
RNG(-0.1),1.68,3,0.7835,0.0135
RNG(-0.1),1.69,3,0.7837,0.0135
RNG(-0.1),1.7,3,0.7837,0.0135
RNG(-0.1),1.71,3,0.7838,0.0136
RNG(-0.1),1.72,3,0.7839,0.0138
RNG(-0.1),1.73,3,0.7842,0.013
RNG(-0.1),1.74,3,0.7843,0.0127
RNG(-0.1),1.75,3,0.7843,0.0125
RNG(-0.1),1.76,3,0.7844,0.0129
RNG(-0.1),1.77,3,0.7845,0.0127
RNG(-0.1),1.78,3,0.7849,0.0131
RNG(-0.1),1.79,3,0.7849,0.013
RNG(-0.1),1.8,3,0.785,0.0129
RNG(-0.1),1.81,3,0.785,0.0127
RNG(-0.1),1.82,3,0.7851,0.0125
RNG(-0.1),1.83,3,0.7852,0.0123
RNG(-0.1),1.84,3,0.7853,0.0124
RNG(-0.1),1.85,3,0.7854,0.0127
RNG(-0.1),1.86,3,0.7855,0.0125
RNG(-0.1),1.87,3,0.7855,0.0125
RNG(-0.1),1.88,3,0.7856,0.0125
RNG(-0.1),1.89,3,0.7857,0.0125
RNG(-0.1),1.9,3,0.7857,0.0125
RNG(-0.1),1.91,3,0.7857,0.0124
RNG(-0.1),1.92,3,0.7858,0.0122
RNG(-0.1),1.93,3,0.7859,0.0122
RNG(-0.1),1.94,3,0.7861,0.0118
RNG(-0.1),1.95,3,0.7862,0.0118
RNG(-0.1),1.96,3,0.7863,0.0117
RNG(-0.1),1.97,3,0.7864,0.0116
RNG(-0.1),1.98,3,0.7865,0.0118
RNG(-0.1),1.99,3,0.7866,0.0112
RNG(-0.1),2.0,3,0.7868,0.0107
RNG(-0.1),2.01,3,0.7868,0.0109
RNG(-0.1),2.02,3,0.7869,0.0107
RNG(-0.1),2.03,3,0.7871,0.0106
RNG(-0.1),2.04,3,0.7872,0.0105
RNG(-0.1),2.05,3,0.7874,0.0107
RNG(-0.1),2.06,3,0.7875,0.0104
RNG(-0.1),2.07,3,0.7877,0.0105
RNG(-0.1),2.08,3,0.7876,0.0107
RNG(-0.1),2.09,3,0.7876,0.0103
RNG(-0.1),2.1,3,0.7876,0.0103
RNG(-0.1),2.11,3,0.7876,0.01
RNG(-0.1),2.12,3,0.7876,0.0098
RNG(-0.1),2.13,3,0.7877,0.0094
RNG(-0.1),2.14,3,0.7876,0.0095
RNG(-0.1),2.15,3,0.7877,0.0093
RNG(-0.1),2.16,3,0.7878,0.0092
RNG(-0.1),2.17,3,0.7877,0.0093
RNG(-0.1),2.18,3,0.7877,0.0093
RNG(-0.1),2.19,3,0.7881,0.0097
RNG(-0.1),2.2,3,0.7882,0.0096
RNG(-0.1),2.21,3,0.7883,0.01
RNG(-0.1),2.22,3,0.7884,0.0101
RNG(-0.1),2.23,3,0.7885,0.01
RNG(-0.1),2.24,3,0.7885,0.0094
RNG(-0.1),2.25,3,0.7884,0.0089
RNG(-0.1),2.26,3,0.7885,0.0086
RNG(-0.1),2.27,3,0.7888,0.0086
RNG(-0.1),2.28,3,0.7889,0.0084
RNG(-0.1),2.29,3,0.7894,0.0092
RNG(-0.1),2.3,3,0.7894,0.0089
RNG(-0.1),2.31,3,0.7893,0.009
RNG(-0.1),2.32,3,0.7892,0.0083
RNG(-0.1),2.33,3,0.7893,0.0081
RNG(-0.1),2.34,3,0.7891,0.008
RNG(-0.1),2.35,3,0.7889,0.0077
RNG(-0.1),2.36,3,0.7888,0.0079
RNG(-0.1),2.37,3,0.789,0.0076
RNG(-0.1),2.38,3,0.7891,0.0083
RNG(-0.1),2.39,3,0.7891,0.0081
RNG(-0.1),2.4,3,0.7892,0.0079
RNG(-0.1),2.41,3,0.7891,0.0084
RNG(-0.1),2.42,3,0.789,0.0087
RNG(-0.1),2.43,3,0.7888,0.0089
RNG(-0.1),2.44,3,0.7891,0.0089
RNG(-0.1),2.45,3,0.7892,0.0085
RNG(-0.1),2.46,3,0.7887,0.0089
RNG(-0.1),2.47,3,0.7887,0.0087
RNG(-0.1),2.48,3,0.7885,0.0081
RNG(-0.1),2.49,3,0.7884,0.0083
RNG(-0.1),2.5,3,0.7884,0.0084
RNG(-0.1),2.51,3,0.7885,0.0082
RNG(-0.1),2.52,3,0.7885,0.0078
RNG(-0.1),2.53,3,0.7884,0.0077
RNG(-0.1),2.54,3,0.7885,0.0074
RNG(-0.1),2.55,3,0.7884,0.0073
RNG(-0.1),2.56,3,0.7883,0.0078
RNG(-0.1),2.57,3,0.7883,0.0076
RNG(-0.1),2.58,3,0.7884,0.0077
RNG(-0.1),2.59,3,0.7884,0.0078
RNG(-0.1),2.6,3,0.7882,0.0071
RNG(-0.1),2.61,3,0.788,0.0074
RNG(-0.1),2.62,3,0.7879,0.0071
RNG(-0.1),2.63,3,0.788,0.0071
RNG(-0.1),2.64,3,0.7879,0.007
RNG(-0.1),2.65,3,0.7883,0.0066
RNG(-0.1),2.66,3,0.7882,0.0062
RNG(-0.1),2.67,3,0.7882,0.006
RNG(-0.1),2.68,3,0.788,0.0062
RNG(-0.1),2.69,3,0.7879,0.006
RNG(-0.1),2.7,3,0.7878,0.0063
RNG(-0.1),2.71,3,0.7876,0.0059
RNG(-0.1),2.72,3,0.7874,0.0062
RNG(-0.1),2.73,3,0.7873,0.0061
RNG(-0.1),2.74,3,0.7868,0.0065
RNG(-0.1),2.75,3,0.7863,0.0063
RNG(-0.1),2.76,3,0.7862,0.0064
RNG(-0.1),2.77,3,0.7863,0.0062
RNG(-0.1),2.78,3,0.7857,0.0075
RNG(-0.1),2.79,3,0.7855,0.0077
RNG(-0.1),2.8,3,0.7851,0.0091
RNG(-0.1),2.81,3,0.7848,0.0095
RNG(-0.1),2.82,3,0.7846,0.0103
RNG(-0.1),2.83,3,0.7844,0.0105
RNG(-0.1),2.84,3,0.7842,0.0108
RNG(-0.1),2.85,3,0.784,0.0109
RNG(-0.1),2.86,3,0.7839,0.011
RNG(-0.1),2.87,3,0.7838,0.0109
RNG(-0.1),2.88,3,0.7838,0.0111
RNG(-0.1),2.89,3,0.7837,0.0109
RNG(-0.1),2.9,3,0.7831,0.01
RNG(-0.1),2.91,3,0.7829,0.0098
RNG(-0.1),2.92,3,0.7827,0.0096
RNG(-0.1),2.93,3,0.7827,0.0092
RNG(-0.1),2.94,3,0.7825,0.0102
RNG(-0.1),2.95,3,0.7822,0.0101
RNG(-0.1),2.96,3,0.781,0.0108
RNG(-0.1),2.97,3,0.781,0.0103
RNG(-0.1),2.98,3,0.7803,0.0101
RNG(-0.1),2.99,3,0.7795,0.0098
RNG(-0.1),3.0,3,0.7793,0.0099
RNG(-0.1),3.01,3,0.779,0.0093
RNG(-0.1),3.02,3,0.7788,0.0097
RNG(-0.1),3.03,3,0.7785,0.0091
RNG(-0.1),3.04,3,0.7782,0.0089
RNG(-0.1),3.05,3,0.778,0.0084
RNG(-0.1),3.06,3,0.7778,0.0086
RNG(-0.1),3.07,3,0.778,0.009
RNG(-0.1),3.08,3,0.7781,0.0089
RNG(-0.1),3.09,3,0.7771,0.0092
RNG(-0.1),3.1,3,0.7769,0.0087
RNG(-0.1),3.11,3,0.7766,0.0086
RNG(-0.1),3.12,3,0.7763,0.0086
RNG(-0.1),3.13,3,0.7758,0.008
RNG(-0.1),3.14,3,0.7756,0.0073
RNG(-0.1),3.15,3,0.7759,0.0068
RNG(-0.1),3.16,3,0.7757,0.0066
RNG(-0.1),3.17,3,0.7755,0.0064
RNG(-0.1),3.18,3,0.7751,0.0072
RNG(-0.1),3.19,3,0.7748,0.0072
RNG(-0.1),3.2,3,0.7742,0.0068
RNG(-0.1),3.21,3,0.7739,0.0072
RNG(-0.1),3.22,3,0.7737,0.0074
RNG(-0.1),3.23,3,0.7736,0.0075
RNG(-0.1),3.24,3,0.7736,0.0072
RNG(-0.1),3.25,3,0.7734,0.0073
RNG(-0.1),3.26,3,0.7733,0.0076
RNG(-0.1),3.27,3,0.7733,0.0078
RNG(-0.1),3.28,3,0.773,0.007
RNG(-0.1),3.29,3,0.7728,0.0067
RNG(-0.1),3.3,3,0.7727,0.0064
RNG(-0.1),3.31,3,0.7726,0.0065
RNG(-0.1),3.32,3,0.7727,0.0066
RNG(-0.1),3.33,3,0.7728,0.007
RNG(-0.1),3.34,3,0.7725,0.0064
RNG(-0.1),3.35,3,0.7724,0.0064
RNG(-0.1),3.36,3,0.7719,0.0059
RNG(-0.1),3.37,3,0.7718,0.0059
RNG(-0.1),3.38,3,0.7711,0.0063
RNG(-0.1),3.39,3,0.771,0.0062
RNG(-0.1),3.4,3,0.7707,0.0067
RNG(-0.1),3.41,3,0.7706,0.0066
RNG(-0.1),3.42,3,0.7705,0.0066
RNG(-0.1),3.43,3,0.7704,0.0065
RNG(-0.1),3.44,3,0.7701,0.0064
RNG(-0.1),3.45,3,0.7701,0.0071
RNG(-0.1),3.46,3,0.77,0.0068
RNG(-0.1),3.47,3,0.7699,0.0068
RNG(-0.1),3.48,3,0.7698,0.0066
RNG(-0.1),3.49,3,0.7699,0.0064
RNG(-0.1),3.5,3,0.7696,0.0063
RNG(-0.1),3.51,3,0.7696,0.0062
RNG(-0.1),3.52,3,0.7695,0.0062
RNG(-0.1),3.53,3,0.7695,0.0064
RNG(-0.1),3.54,3,0.7695,0.0066
RNG(-0.1),3.55,3,0.7694,0.0059
RNG(-0.1),3.56,3,0.7694,0.0059
RNG(-0.1),3.57,3,0.7696,0.0055
RNG(-0.1),3.58,3,0.7696,0.0055
RNG(-0.1),3.59,3,0.7695,0.0057
RNG(-0.1),3.6,3,0.7694,0.0058
RNG(-0.1),3.61,3,0.7694,0.0058
RNG(-0.1),3.62,3,0.7694,0.0058
RNG(-0.1),3.63,3,0.7694,0.0058
RNG(-0.1),3.64,3,0.7694,0.0058
RNG(-0.1),3.65,3,0.7694,0.0058
RNG(-0.1),3.66,3,0.7694,0.0058
RNG(-0.1),3.67,3,0.7694,0.0058
RNG(-0.1),3.68,3,0.7693,0.0057
RNG(-0.1),3.69,3,0.7692,0.0054
RNG(-0.1),3.7,3,0.7692,0.0053
RNG(-0.1),3.71,3,0.7692,0.0053
RNG(-0.1),3.72,3,0.7692,0.0053
RNG(-0.1),3.73,3,0.7692,0.0053
RNG(-0.1),3.74,2,0.7681,0.0095
RNG(-0.1),3.75,3,0.7692,0.0053
RNG(-0.1),3.76,3,0.7692,0.0053
RNG(-0.1),3.77,3,0.7692,0.0053
RNG(-0.1),3.79,2,0.7694,0.0267
RNG(-0.1),3.8,3,0.7692,0.0053
RNG(-0.1),3.82,3,0.7692,0.0053
RNG(-0.1),3.83,3,0.7692,0.0053
RNG(-0.1),3.84,2,0.7681,0.0095
RNG(-0.1),3.85,2,0.7694,0.0267
RNG(-0.1),3.87,2,0.7694,0.0267
RNG(-0.1),3.92,1,0.7673,0.0
RNG(-0.1),3.97,1,0.7673,0.0
RNG(-0.1),3.98,1,0.7673,0.0
RNG(-0.05),1.3,2,0.7792,0.0133
RNG(-0.05),1.31,2,0.7792,0.0133
RNG(-0.05),1.38,1,0.7781,0.0
RNG(-0.05),1.4,1,0.7782,0.0
RNG(-0.05),1.41,1,0.7782,0.0
RNG(-0.05),1.42,1,0.7783,0.0
RNG(-0.05),1.43,3,0.7823,0.0131
RNG(-0.05),1.44,2,0.7833,0.0623
RNG(-0.05),1.46,3,0.7823,0.0132
RNG(-0.05),1.48,2,0.7793,0.0121
RNG(-0.05),1.49,3,0.7825,0.013
RNG(-0.05),1.5,3,0.7826,0.013
RNG(-0.05),1.52,1,0.7787,0.0
RNG(-0.05),1.53,3,0.7826,0.0129
RNG(-0.05),1.54,3,0.7827,0.0131
RNG(-0.05),1.56,3,0.7828,0.0131
RNG(-0.05),1.57,3,0.7825,0.0145
RNG(-0.05),1.59,3,0.7826,0.0145
RNG(-0.05),1.6,3,0.7827,0.0145
RNG(-0.05),1.61,3,0.7828,0.0143
RNG(-0.05),1.62,3,0.7829,0.0141
RNG(-0.05),1.63,3,0.7831,0.0143
RNG(-0.05),1.64,3,0.7831,0.0143
RNG(-0.05),1.65,3,0.7831,0.0143
RNG(-0.05),1.66,3,0.7832,0.0142
RNG(-0.05),1.67,3,0.7833,0.0141
RNG(-0.05),1.68,3,0.7834,0.0139
RNG(-0.05),1.69,3,0.7835,0.0139
RNG(-0.05),1.7,3,0.7835,0.0141
RNG(-0.05),1.71,3,0.7836,0.0141
RNG(-0.05),1.72,3,0.7837,0.0143
RNG(-0.05),1.73,3,0.784,0.0137
RNG(-0.05),1.74,3,0.7841,0.0134
RNG(-0.05),1.75,3,0.7841,0.0132
RNG(-0.05),1.76,3,0.7842,0.0133
RNG(-0.05),1.77,3,0.7843,0.0131
RNG(-0.05),1.78,3,0.7847,0.0136
RNG(-0.05),1.79,3,0.7847,0.0134
RNG(-0.05),1.8,3,0.7847,0.0134
RNG(-0.05),1.81,3,0.7847,0.0132
RNG(-0.05),1.82,3,0.7848,0.0132
RNG(-0.05),1.83,3,0.7849,0.0132
RNG(-0.05),1.84,3,0.7849,0.0132
RNG(-0.05),1.85,3,0.785,0.0135
RNG(-0.05),1.86,3,0.7851,0.0135
RNG(-0.05),1.87,3,0.7851,0.0135
RNG(-0.05),1.88,3,0.7851,0.0134
RNG(-0.05),1.89,3,0.7852,0.0136
RNG(-0.05),1.9,3,0.7852,0.0135
RNG(-0.05),1.91,3,0.7853,0.0135
RNG(-0.05),1.92,3,0.7853,0.0134
RNG(-0.05),1.93,3,0.7853,0.0134
RNG(-0.05),1.94,3,0.7855,0.013
RNG(-0.05),1.95,3,0.7855,0.0125
RNG(-0.05),1.96,3,0.7856,0.0126
RNG(-0.05),1.97,3,0.7856,0.0126
RNG(-0.05),1.98,3,0.7857,0.0126
RNG(-0.05),1.99,3,0.7858,0.0124
RNG(-0.05),2.0,3,0.7858,0.0121
RNG(-0.05),2.01,3,0.7859,0.0122
RNG(-0.05),2.02,3,0.7859,0.0121
RNG(-0.05),2.03,3,0.7861,0.0122
RNG(-0.05),2.04,3,0.7862,0.0122
RNG(-0.05),2.05,3,0.7864,0.0123
RNG(-0.05),2.06,3,0.7865,0.012
RNG(-0.05),2.07,3,0.7866,0.0122
RNG(-0.05),2.08,3,0.7865,0.0124
RNG(-0.05),2.09,3,0.7865,0.0121
RNG(-0.05),2.1,3,0.7865,0.0122
RNG(-0.05),2.11,3,0.7865,0.0118
RNG(-0.05),2.12,3,0.7865,0.0119
RNG(-0.05),2.13,3,0.7866,0.0116
RNG(-0.05),2.14,3,0.7864,0.0116
RNG(-0.05),2.15,3,0.7865,0.0115
RNG(-0.05),2.16,3,0.7866,0.0116
RNG(-0.05),2.17,3,0.7864,0.0118
RNG(-0.05),2.18,3,0.7864,0.0116
RNG(-0.05),2.19,3,0.7866,0.012
RNG(-0.05),2.2,3,0.7866,0.012
RNG(-0.05),2.21,3,0.7867,0.0122
RNG(-0.05),2.22,3,0.7868,0.0122
RNG(-0.05),2.23,3,0.7869,0.0122
RNG(-0.05),2.24,3,0.7868,0.0116
RNG(-0.05),2.25,3,0.7867,0.0111
RNG(-0.05),2.26,3,0.7866,0.0108
RNG(-0.05),2.27,3,0.7868,0.0112
RNG(-0.05),2.28,3,0.787,0.0111
RNG(-0.05),2.29,3,0.7878,0.0122
RNG(-0.05),2.3,3,0.7877,0.0119
RNG(-0.05),2.31,3,0.7876,0.0119
RNG(-0.05),2.32,3,0.7874,0.0112
RNG(-0.05),2.33,3,0.7875,0.0112
RNG(-0.05),2.34,3,0.7872,0.0111
RNG(-0.05),2.35,3,0.7869,0.0115
RNG(-0.05),2.36,3,0.7868,0.0118
RNG(-0.05),2.37,3,0.7869,0.0114
RNG(-0.05),2.38,3,0.7872,0.0124
RNG(-0.05),2.39,3,0.7872,0.0121
RNG(-0.05),2.4,3,0.7872,0.0118
RNG(-0.05),2.41,3,0.7871,0.0123
RNG(-0.05),2.42,3,0.7869,0.0124
RNG(-0.05),2.43,3,0.7868,0.0126
RNG(-0.05),2.44,3,0.7869,0.0124
RNG(-0.05),2.45,3,0.787,0.0121
RNG(-0.05),2.46,3,0.7865,0.0127
RNG(-0.05),2.47,3,0.7864,0.0124
RNG(-0.05),2.48,3,0.7863,0.0123
RNG(-0.05),2.49,3,0.7861,0.0124
RNG(-0.05),2.5,3,0.786,0.0125
RNG(-0.05),2.51,3,0.7861,0.0124
RNG(-0.05),2.52,3,0.7862,0.0122
RNG(-0.05),2.53,3,0.7861,0.0121
RNG(-0.05),2.54,3,0.786,0.0117
RNG(-0.05),2.55,3,0.7859,0.0114
RNG(-0.05),2.56,3,0.7857,0.0118
RNG(-0.05),2.57,3,0.7856,0.0114
RNG(-0.05),2.58,3,0.7858,0.0119
RNG(-0.05),2.59,3,0.7857,0.0122
RNG(-0.05),2.6,3,0.7856,0.0117
RNG(-0.05),2.61,3,0.7853,0.0122
RNG(-0.05),2.62,3,0.7852,0.012
RNG(-0.05),2.63,3,0.7853,0.0121
RNG(-0.05),2.64,3,0.7851,0.012
RNG(-0.05),2.65,3,0.7853,0.0118
RNG(-0.05),2.66,3,0.7853,0.0115
RNG(-0.05),2.67,3,0.7852,0.0116
RNG(-0.05),2.68,3,0.785,0.0118
RNG(-0.05),2.69,3,0.7849,0.0116
RNG(-0.05),2.7,3,0.7848,0.0119
RNG(-0.05),2.71,3,0.7845,0.0115
RNG(-0.05),2.72,3,0.7843,0.0119
RNG(-0.05),2.73,3,0.7841,0.0116
RNG(-0.05),2.74,3,0.7837,0.0119
RNG(-0.05),2.75,3,0.7832,0.012
RNG(-0.05),2.76,3,0.7831,0.0121
RNG(-0.05),2.77,3,0.7831,0.0121
RNG(-0.05),2.78,3,0.7825,0.0133
RNG(-0.05),2.79,3,0.7823,0.0132
RNG(-0.05),2.8,3,0.7817,0.0142
RNG(-0.05),2.81,3,0.7814,0.0147
RNG(-0.05),2.82,3,0.7811,0.0154
RNG(-0.05),2.83,3,0.7811,0.016
RNG(-0.05),2.84,3,0.7807,0.0163
RNG(-0.05),2.85,3,0.7805,0.0166
RNG(-0.05),2.86,3,0.7801,0.0173
RNG(-0.05),2.87,3,0.78,0.0173
RNG(-0.05),2.88,3,0.7799,0.0174
RNG(-0.05),2.89,3,0.7797,0.0177
RNG(-0.05),2.9,3,0.7792,0.0174
RNG(-0.05),2.91,3,0.779,0.0174
RNG(-0.05),2.92,3,0.7786,0.0174
RNG(-0.05),2.93,3,0.7786,0.0172
RNG(-0.05),2.94,3,0.7782,0.0168
RNG(-0.05),2.95,3,0.7777,0.0169
RNG(-0.05),2.96,3,0.7765,0.0177
RNG(-0.05),2.97,3,0.7764,0.0172
RNG(-0.05),2.98,3,0.7757,0.0168
RNG(-0.05),2.99,3,0.7746,0.0163
RNG(-0.05),3.0,3,0.7744,0.0169
RNG(-0.05),3.01,3,0.7739,0.0163
RNG(-0.05),3.02,3,0.7736,0.017
RNG(-0.05),3.03,3,0.7735,0.0172
RNG(-0.05),3.04,3,0.7731,0.0171
RNG(-0.05),3.05,3,0.773,0.0166
RNG(-0.05),3.06,3,0.7728,0.0168
RNG(-0.05),3.07,3,0.7728,0.0169
RNG(-0.05),3.08,3,0.7729,0.0169
RNG(-0.05),3.09,3,0.772,0.017
RNG(-0.05),3.1,3,0.7716,0.0168
RNG(-0.05),3.11,3,0.7712,0.0173
RNG(-0.05),3.12,3,0.7708,0.0177
RNG(-0.05),3.13,3,0.7702,0.0178
RNG(-0.05),3.14,3,0.77,0.0172
RNG(-0.05),3.15,3,0.7703,0.0168
RNG(-0.05),3.16,3,0.7701,0.0166
RNG(-0.05),3.17,3,0.7699,0.0163
RNG(-0.05),3.18,3,0.7694,0.0168
RNG(-0.05),3.19,3,0.769,0.0174
RNG(-0.05),3.2,3,0.7683,0.0171
RNG(-0.05),3.21,3,0.768,0.0173
RNG(-0.05),3.22,3,0.7673,0.0176
RNG(-0.05),3.23,3,0.7673,0.0175
RNG(-0.05),3.24,3,0.7669,0.0168
RNG(-0.05),3.25,3,0.7668,0.0171
RNG(-0.05),3.26,3,0.7666,0.0176
RNG(-0.05),3.27,3,0.7664,0.018
RNG(-0.05),3.28,3,0.7659,0.017
RNG(-0.05),3.29,3,0.7656,0.0164
RNG(-0.05),3.3,3,0.7655,0.0162
RNG(-0.05),3.31,3,0.7654,0.0165
RNG(-0.05),3.32,3,0.7656,0.0164
RNG(-0.05),3.33,3,0.7655,0.0163
RNG(-0.05),3.34,3,0.7653,0.0157
RNG(-0.05),3.35,3,0.7652,0.0156
RNG(-0.05),3.36,3,0.7648,0.0151
RNG(-0.05),3.37,3,0.7648,0.0151
RNG(-0.05),3.38,3,0.7639,0.0154
RNG(-0.05),3.39,3,0.7636,0.0152
RNG(-0.05),3.4,3,0.7633,0.0155
RNG(-0.05),3.41,3,0.763,0.0153
RNG(-0.05),3.42,3,0.7628,0.0153
RNG(-0.05),3.43,3,0.7627,0.0159
RNG(-0.05),3.44,3,0.7623,0.0158
RNG(-0.05),3.45,3,0.7624,0.0171
RNG(-0.05),3.46,3,0.7622,0.0172
RNG(-0.05),3.47,3,0.7621,0.0171
RNG(-0.05),3.48,3,0.7619,0.0168
RNG(-0.05),3.49,3,0.762,0.0167
RNG(-0.05),3.5,3,0.7616,0.0166
RNG(-0.05),3.51,3,0.7616,0.0165
RNG(-0.05),3.52,3,0.7615,0.0166
RNG(-0.05),3.53,3,0.7614,0.0168
RNG(-0.05),3.54,3,0.7612,0.0172
RNG(-0.05),3.55,3,0.7611,0.0171
RNG(-0.05),3.56,3,0.7606,0.0178
RNG(-0.05),3.57,3,0.7608,0.0172
RNG(-0.05),3.58,3,0.7608,0.0172
RNG(-0.05),3.59,3,0.7606,0.0175
RNG(-0.05),3.6,3,0.7604,0.0176
RNG(-0.05),3.61,3,0.7604,0.0176
RNG(-0.05),3.62,3,0.7604,0.0176
RNG(-0.05),3.63,3,0.7604,0.0176
RNG(-0.05),3.64,3,0.7603,0.0172
RNG(-0.05),3.65,3,0.7603,0.0172
RNG(-0.05),3.66,3,0.7603,0.0172
RNG(-0.05),3.67,3,0.7603,0.0172
RNG(-0.05),3.68,3,0.7602,0.0171
RNG(-0.05),3.69,3,0.7601,0.017
RNG(-0.05),3.7,3,0.7601,0.0168
RNG(-0.05),3.71,3,0.7601,0.0168
RNG(-0.05),3.72,3,0.7601,0.0168
RNG(-0.05),3.73,3,0.7601,0.017
RNG(-0.05),3.74,2,0.7564,0.0318
RNG(-0.05),3.75,3,0.7601,0.017
RNG(-0.05),3.76,3,0.7601,0.017
RNG(-0.05),3.77,3,0.7601,0.017
RNG(-0.05),3.79,2,0.7607,0.0858
RNG(-0.05),3.8,3,0.7601,0.017
RNG(-0.05),3.82,3,0.7601,0.017
RNG(-0.05),3.83,3,0.7601,0.017
RNG(-0.05),3.84,2,0.7564,0.0318
RNG(-0.05),3.85,2,0.7607,0.0858
RNG(-0.05),3.87,2,0.7607,0.0858
RNG(-0.05),3.92,1,0.7539,0.0
RNG(-0.05),3.97,1,0.7539,0.0
RNG(-0.05),3.98,1,0.7539,0.0
RNG(0),1.3,2,0.7792,0.0133
RNG(0),1.31,2,0.7792,0.0133
RNG(0),1.38,1,0.7781,0.0
RNG(0),1.4,1,0.7782,0.0
RNG(0),1.41,1,0.7782,0.0
RNG(0),1.42,1,0.7783,0.0
RNG(0),1.43,3,0.7823,0.0131
RNG(0),1.44,2,0.7833,0.0623
RNG(0),1.46,3,0.7823,0.0131
RNG(0),1.48,2,0.7793,0.0121
RNG(0),1.49,3,0.7824,0.0128
RNG(0),1.5,3,0.7825,0.0128
RNG(0),1.52,1,0.7787,0.0
RNG(0),1.53,3,0.7826,0.0127
RNG(0),1.54,3,0.7827,0.0131
RNG(0),1.56,3,0.7828,0.0129
RNG(0),1.57,3,0.7825,0.0143
RNG(0),1.59,3,0.7826,0.0144
RNG(0),1.6,3,0.7827,0.0143
RNG(0),1.61,3,0.7828,0.0142
RNG(0),1.62,3,0.7829,0.014
RNG(0),1.63,3,0.7831,0.0142
RNG(0),1.64,3,0.7831,0.0141
RNG(0),1.65,3,0.7831,0.0142
RNG(0),1.66,3,0.7832,0.014
RNG(0),1.67,3,0.7833,0.014
RNG(0),1.68,3,0.7834,0.0138
RNG(0),1.69,3,0.7835,0.0138
RNG(0),1.7,3,0.7835,0.0138
RNG(0),1.71,3,0.7836,0.0138
RNG(0),1.72,3,0.7837,0.014
RNG(0),1.73,3,0.784,0.0135
RNG(0),1.74,3,0.7841,0.0132
RNG(0),1.75,3,0.7841,0.0131
RNG(0),1.76,3,0.7842,0.0133
RNG(0),1.77,3,0.7843,0.0131
RNG(0),1.78,3,0.7847,0.0136
RNG(0),1.79,3,0.7847,0.0134
RNG(0),1.8,3,0.7846,0.0132
RNG(0),1.81,3,0.7847,0.0131
RNG(0),1.82,3,0.7848,0.0131
RNG(0),1.83,3,0.7849,0.0132
RNG(0),1.84,3,0.7849,0.0131
RNG(0),1.85,3,0.7849,0.0132
RNG(0),1.86,3,0.785,0.0133
RNG(0),1.87,3,0.785,0.0133
RNG(0),1.88,3,0.785,0.0132
RNG(0),1.89,3,0.7851,0.0135
RNG(0),1.9,3,0.7852,0.0134
RNG(0),1.91,3,0.7852,0.0132
RNG(0),1.92,3,0.7853,0.0133
RNG(0),1.93,3,0.7853,0.0133
RNG(0),1.94,3,0.7854,0.0128
RNG(0),1.95,3,0.7855,0.0123
RNG(0),1.96,3,0.7856,0.0124
RNG(0),1.97,3,0.7857,0.0125
RNG(0),1.98,3,0.7857,0.0126
RNG(0),1.99,3,0.7858,0.0123
RNG(0),2.0,3,0.7859,0.0119
RNG(0),2.01,3,0.786,0.012
RNG(0),2.02,3,0.786,0.0119
RNG(0),2.03,3,0.7862,0.012
RNG(0),2.04,3,0.7863,0.0119
RNG(0),2.05,3,0.7865,0.0122
RNG(0),2.06,3,0.7865,0.0121
RNG(0),2.07,3,0.7868,0.012
RNG(0),2.08,3,0.7867,0.0122
RNG(0),2.09,3,0.7867,0.0119
RNG(0),2.1,3,0.7867,0.0119
RNG(0),2.11,3,0.7867,0.0117
RNG(0),2.12,3,0.7868,0.0119
RNG(0),2.13,3,0.7869,0.0114
RNG(0),2.14,3,0.7868,0.0114
RNG(0),2.15,3,0.7869,0.0113
RNG(0),2.16,3,0.787,0.0116
RNG(0),2.17,3,0.7868,0.0116
RNG(0),2.18,3,0.7868,0.0114
RNG(0),2.19,3,0.7871,0.012
RNG(0),2.2,3,0.7872,0.012
RNG(0),2.21,3,0.7873,0.0124
RNG(0),2.22,3,0.7874,0.0123
RNG(0),2.23,3,0.7876,0.0124
RNG(0),2.24,3,0.7875,0.0121
RNG(0),2.25,3,0.7876,0.012
RNG(0),2.26,3,0.7876,0.0118
RNG(0),2.27,3,0.7878,0.0122
RNG(0),2.28,3,0.7879,0.0122
RNG(0),2.29,3,0.7887,0.013
RNG(0),2.3,3,0.7887,0.0128
RNG(0),2.31,3,0.7887,0.0131
RNG(0),2.32,3,0.7886,0.0123
RNG(0),2.33,3,0.7886,0.0123
RNG(0),2.34,3,0.7884,0.0122
RNG(0),2.35,3,0.7881,0.0127
RNG(0),2.36,3,0.7881,0.0132
RNG(0),2.37,3,0.7882,0.013
RNG(0),2.38,3,0.7886,0.0138
RNG(0),2.39,3,0.7886,0.0139
RNG(0),2.4,3,0.7886,0.0138
RNG(0),2.41,3,0.7885,0.0142
RNG(0),2.42,3,0.7886,0.0141
RNG(0),2.43,3,0.7885,0.0142
RNG(0),2.44,3,0.7886,0.0143
RNG(0),2.45,3,0.7887,0.0141
RNG(0),2.46,3,0.7882,0.0152
RNG(0),2.47,3,0.7882,0.0148
RNG(0),2.48,3,0.7883,0.0148
RNG(0),2.49,3,0.7882,0.0149
RNG(0),2.5,3,0.7882,0.0151
RNG(0),2.51,3,0.7884,0.0148
RNG(0),2.52,3,0.7884,0.0146
RNG(0),2.53,3,0.7883,0.0145
RNG(0),2.54,3,0.7883,0.0143
RNG(0),2.55,3,0.7882,0.0141
RNG(0),2.56,3,0.7882,0.0141
RNG(0),2.57,3,0.7881,0.0136
RNG(0),2.58,3,0.788,0.0141
RNG(0),2.59,3,0.7881,0.0144
RNG(0),2.6,3,0.788,0.0148
RNG(0),2.61,3,0.7878,0.0151
RNG(0),2.62,3,0.7878,0.0147
RNG(0),2.63,3,0.7879,0.0149
RNG(0),2.64,3,0.7877,0.0148
RNG(0),2.65,3,0.7879,0.0146
RNG(0),2.66,3,0.7879,0.0144
RNG(0),2.67,3,0.7878,0.0144
RNG(0),2.68,3,0.7876,0.0146
RNG(0),2.69,3,0.7875,0.0145
RNG(0),2.7,3,0.7874,0.0147
RNG(0),2.71,3,0.7872,0.0141
RNG(0),2.72,3,0.787,0.0145
RNG(0),2.73,3,0.7869,0.0145
RNG(0),2.74,3,0.7867,0.0148
RNG(0),2.75,3,0.7865,0.0153
RNG(0),2.76,3,0.7864,0.0151
RNG(0),2.77,3,0.7864,0.0151
RNG(0),2.78,3,0.7862,0.0152
RNG(0),2.79,3,0.7859,0.0152
RNG(0),2.8,3,0.7855,0.0159
RNG(0),2.81,3,0.7854,0.016
RNG(0),2.82,3,0.7852,0.0166
RNG(0),2.83,3,0.7852,0.0167
RNG(0),2.84,3,0.785,0.0168
RNG(0),2.85,3,0.7848,0.0174
RNG(0),2.86,3,0.7844,0.018
RNG(0),2.87,3,0.7843,0.0179
RNG(0),2.88,3,0.7842,0.018
RNG(0),2.89,3,0.7839,0.0185
RNG(0),2.9,3,0.7836,0.0187
RNG(0),2.91,3,0.7835,0.0183
RNG(0),2.92,3,0.7831,0.0182
RNG(0),2.93,3,0.7832,0.0179
RNG(0),2.94,3,0.783,0.0176
RNG(0),2.95,3,0.7829,0.0172
RNG(0),2.96,3,0.7823,0.0182
RNG(0),2.97,3,0.7823,0.0176
RNG(0),2.98,3,0.7815,0.0172
RNG(0),2.99,3,0.7805,0.0168
RNG(0),3.0,3,0.7803,0.017
RNG(0),3.01,3,0.78,0.0172
RNG(0),3.02,3,0.7797,0.0178
RNG(0),3.03,3,0.7795,0.0179
RNG(0),3.04,3,0.7791,0.0178
RNG(0),3.05,3,0.7791,0.0172
RNG(0),3.06,3,0.7789,0.0173
RNG(0),3.07,3,0.779,0.0176
RNG(0),3.08,3,0.7791,0.0174
RNG(0),3.09,3,0.7787,0.0184
RNG(0),3.1,3,0.7784,0.018
RNG(0),3.11,3,0.778,0.0186
RNG(0),3.12,3,0.7776,0.0191
RNG(0),3.13,3,0.7772,0.0191
RNG(0),3.14,3,0.7772,0.0198
RNG(0),3.15,3,0.7775,0.0195
RNG(0),3.16,3,0.7773,0.0194
RNG(0),3.17,3,0.7772,0.0189
RNG(0),3.18,3,0.7768,0.0194
RNG(0),3.19,3,0.7763,0.0199
RNG(0),3.2,3,0.7756,0.0198
RNG(0),3.21,3,0.7756,0.0198
RNG(0),3.22,3,0.7751,0.0197
RNG(0),3.23,3,0.7749,0.0195
RNG(0),3.24,3,0.7747,0.019
RNG(0),3.25,3,0.7745,0.0198
RNG(0),3.26,3,0.7743,0.0201
RNG(0),3.27,3,0.7741,0.0205
RNG(0),3.28,3,0.7738,0.0198
RNG(0),3.29,3,0.7736,0.0191
RNG(0),3.3,3,0.7734,0.0191
RNG(0),3.31,3,0.7735,0.0194
RNG(0),3.32,3,0.7734,0.0194
RNG(0),3.33,3,0.7735,0.0197
RNG(0),3.34,3,0.7733,0.0191
RNG(0),3.35,3,0.7733,0.0189
RNG(0),3.36,3,0.773,0.0182
RNG(0),3.37,3,0.773,0.0181
RNG(0),3.38,3,0.7725,0.0188
RNG(0),3.39,3,0.7723,0.0184
RNG(0),3.4,3,0.772,0.0185
RNG(0),3.41,3,0.7717,0.0186
RNG(0),3.42,3,0.7715,0.0184
RNG(0),3.43,3,0.7714,0.0191
RNG(0),3.44,3,0.771,0.0191
RNG(0),3.45,3,0.771,0.0205
RNG(0),3.46,3,0.7709,0.0204
RNG(0),3.47,3,0.7709,0.02
RNG(0),3.48,3,0.7709,0.0199
RNG(0),3.49,3,0.771,0.0198
RNG(0),3.5,3,0.7706,0.0197
RNG(0),3.51,3,0.7707,0.0196
RNG(0),3.52,3,0.7706,0.0197
RNG(0),3.53,3,0.7705,0.02
RNG(0),3.54,3,0.7705,0.02
RNG(0),3.55,3,0.7703,0.0197
RNG(0),3.56,3,0.7702,0.0197
RNG(0),3.57,3,0.7702,0.0197
RNG(0),3.58,3,0.7702,0.0197
RNG(0),3.59,3,0.7703,0.0197
RNG(0),3.6,3,0.7701,0.0199
RNG(0),3.61,3,0.7701,0.0199
RNG(0),3.62,3,0.7701,0.0199
RNG(0),3.63,3,0.7701,0.0199
RNG(0),3.64,3,0.77,0.0202
RNG(0),3.65,3,0.77,0.0202
RNG(0),3.66,3,0.77,0.0202
RNG(0),3.67,3,0.7699,0.0202
RNG(0),3.68,3,0.7698,0.0203
RNG(0),3.69,3,0.7698,0.02
RNG(0),3.7,3,0.7697,0.0199
RNG(0),3.71,3,0.7697,0.0199
RNG(0),3.72,3,0.7697,0.0199
RNG(0),3.73,3,0.7697,0.02
RNG(0),3.74,2,0.7651,0.0267
RNG(0),3.75,3,0.7696,0.0202
RNG(0),3.76,3,0.7696,0.0202
RNG(0),3.77,3,0.7696,0.0202
RNG(0),3.79,2,0.7708,0.0991
RNG(0),3.8,3,0.7696,0.0201
RNG(0),3.82,3,0.7696,0.0201
RNG(0),3.83,3,0.7695,0.0198
RNG(0),3.84,2,0.7651,0.0267
RNG(0),3.85,2,0.7707,0.0978
RNG(0),3.87,2,0.7707,0.0978
RNG(0),3.92,1,0.763,0.0
RNG(0),3.97,1,0.763,0.0
RNG(0),3.98,1,0.763,0.0
RNG(0.05),1.3,2,0.7792,0.0133
RNG(0.05),1.31,2,0.7792,0.0133
RNG(0.05),1.38,1,0.7781,0.0
RNG(0.05),1.4,1,0.7782,0.0
RNG(0.05),1.41,1,0.7782,0.0
RNG(0.05),1.42,1,0.7783,0.0
RNG(0.05),1.43,3,0.7823,0.013
RNG(0.05),1.44,2,0.7833,0.0616
RNG(0.05),1.46,3,0.7823,0.013
RNG(0.05),1.48,2,0.7793,0.0121
RNG(0.05),1.49,3,0.7824,0.0127
RNG(0.05),1.5,3,0.7825,0.0127
RNG(0.05),1.52,1,0.7787,0.0
RNG(0.05),1.53,3,0.7825,0.0127
RNG(0.05),1.54,3,0.7826,0.0129
RNG(0.05),1.56,3,0.7827,0.0129
RNG(0.05),1.57,3,0.7824,0.0141
RNG(0.05),1.59,3,0.7826,0.0144
RNG(0.05),1.6,3,0.7827,0.0144
RNG(0.05),1.61,3,0.7828,0.0142
RNG(0.05),1.62,3,0.7829,0.014
RNG(0.05),1.63,3,0.783,0.0139
RNG(0.05),1.64,3,0.7831,0.0138
RNG(0.05),1.65,3,0.783,0.0139
RNG(0.05),1.66,3,0.7831,0.0138
RNG(0.05),1.67,3,0.7832,0.0138
RNG(0.05),1.68,3,0.7832,0.0138
RNG(0.05),1.69,3,0.7834,0.0139
RNG(0.05),1.7,3,0.7834,0.0138
RNG(0.05),1.71,3,0.7835,0.0139
RNG(0.05),1.72,3,0.7836,0.0139
RNG(0.05),1.73,3,0.7839,0.0134
RNG(0.05),1.74,3,0.784,0.0132
RNG(0.05),1.75,3,0.784,0.0131
RNG(0.05),1.76,3,0.7841,0.0131
RNG(0.05),1.77,3,0.7841,0.013
RNG(0.05),1.78,3,0.7845,0.0134
RNG(0.05),1.79,3,0.7846,0.0134
RNG(0.05),1.8,3,0.7846,0.0131
RNG(0.05),1.81,3,0.7846,0.013
RNG(0.05),1.82,3,0.7847,0.0131
RNG(0.05),1.83,3,0.7848,0.0131
RNG(0.05),1.84,3,0.7848,0.013
RNG(0.05),1.85,3,0.7848,0.0131
RNG(0.05),1.86,3,0.785,0.0129
RNG(0.05),1.87,3,0.785,0.0129
RNG(0.05),1.88,3,0.7851,0.0128
RNG(0.05),1.89,3,0.7851,0.013
RNG(0.05),1.9,3,0.7851,0.013
RNG(0.05),1.91,3,0.7851,0.0128
RNG(0.05),1.92,3,0.7852,0.013
RNG(0.05),1.93,3,0.7853,0.013
RNG(0.05),1.94,3,0.7854,0.0126
RNG(0.05),1.95,3,0.7854,0.0121
RNG(0.05),1.96,3,0.7855,0.0119
RNG(0.05),1.97,3,0.7857,0.0119
RNG(0.05),1.98,3,0.7857,0.0123
RNG(0.05),1.99,3,0.7858,0.0118
RNG(0.05),2.0,3,0.7859,0.0116
RNG(0.05),2.01,3,0.786,0.0117
RNG(0.05),2.02,3,0.7861,0.0115
RNG(0.05),2.03,3,0.7862,0.0117
RNG(0.05),2.04,3,0.7863,0.0117
RNG(0.05),2.05,3,0.7865,0.012
RNG(0.05),2.06,3,0.7866,0.0118
RNG(0.05),2.07,3,0.7867,0.0119
RNG(0.05),2.08,3,0.7867,0.0119
RNG(0.05),2.09,3,0.7868,0.0117
RNG(0.05),2.1,3,0.7869,0.0119
RNG(0.05),2.11,3,0.787,0.012
RNG(0.05),2.12,3,0.7871,0.0122
RNG(0.05),2.13,3,0.7872,0.0118
RNG(0.05),2.14,3,0.7871,0.0116
RNG(0.05),2.15,3,0.7873,0.0114
RNG(0.05),2.16,3,0.7874,0.0117
RNG(0.05),2.17,3,0.7873,0.0119
RNG(0.05),2.18,3,0.7873,0.0117
RNG(0.05),2.19,3,0.7875,0.0119
RNG(0.05),2.2,3,0.7877,0.012
RNG(0.05),2.21,3,0.7878,0.0119
RNG(0.05),2.22,3,0.7879,0.012
RNG(0.05),2.23,3,0.788,0.012
RNG(0.05),2.24,3,0.788,0.0119
RNG(0.05),2.25,3,0.7882,0.0117
RNG(0.05),2.26,3,0.7882,0.0117
RNG(0.05),2.27,3,0.7883,0.0117
RNG(0.05),2.28,3,0.7885,0.0117
RNG(0.05),2.29,3,0.7894,0.0125
RNG(0.05),2.3,3,0.7893,0.0122
RNG(0.05),2.31,3,0.7894,0.0123
RNG(0.05),2.32,3,0.7894,0.0122
RNG(0.05),2.33,3,0.7895,0.012
RNG(0.05),2.34,3,0.7894,0.012
RNG(0.05),2.35,3,0.7893,0.0124
RNG(0.05),2.36,3,0.7892,0.0128
RNG(0.05),2.37,3,0.7894,0.0126
RNG(0.05),2.38,3,0.7897,0.0135
RNG(0.05),2.39,3,0.7898,0.0135
RNG(0.05),2.4,3,0.7898,0.0134
RNG(0.05),2.41,3,0.7899,0.0135
RNG(0.05),2.42,3,0.7899,0.0135
RNG(0.05),2.43,3,0.7898,0.0134
RNG(0.05),2.44,3,0.7899,0.0135
RNG(0.05),2.45,3,0.79,0.0133
RNG(0.05),2.46,3,0.7896,0.0138
RNG(0.05),2.47,3,0.7897,0.0137
RNG(0.05),2.48,3,0.7897,0.0136
RNG(0.05),2.49,3,0.7897,0.0135
RNG(0.05),2.5,3,0.7898,0.0134
RNG(0.05),2.51,3,0.7899,0.0132
RNG(0.05),2.52,3,0.79,0.0131
RNG(0.05),2.53,3,0.79,0.013
RNG(0.05),2.54,3,0.7901,0.0128
RNG(0.05),2.55,3,0.79,0.0127
RNG(0.05),2.56,3,0.7901,0.0125
RNG(0.05),2.57,3,0.79,0.012
RNG(0.05),2.58,3,0.7901,0.0123
RNG(0.05),2.59,3,0.7902,0.0128
RNG(0.05),2.6,3,0.7903,0.0129
RNG(0.05),2.61,3,0.7902,0.0134
RNG(0.05),2.62,3,0.7903,0.0132
RNG(0.05),2.63,3,0.7903,0.0133
RNG(0.05),2.64,3,0.7902,0.0133
RNG(0.05),2.65,3,0.7903,0.0133
RNG(0.05),2.66,3,0.7904,0.0131
RNG(0.05),2.67,3,0.7906,0.0128
RNG(0.05),2.68,3,0.7905,0.0127
RNG(0.05),2.69,3,0.7905,0.0125
RNG(0.05),2.7,3,0.7905,0.0125
RNG(0.05),2.71,3,0.7904,0.0121
RNG(0.05),2.72,3,0.7903,0.0124
RNG(0.05),2.73,3,0.7904,0.012
RNG(0.05),2.74,3,0.7903,0.0121
RNG(0.05),2.75,3,0.7901,0.0124
RNG(0.05),2.76,3,0.7901,0.0121
RNG(0.05),2.77,3,0.7901,0.012
RNG(0.05),2.78,3,0.7901,0.0121
RNG(0.05),2.79,3,0.7898,0.0123
RNG(0.05),2.8,3,0.7895,0.0127
RNG(0.05),2.81,3,0.7895,0.0128
RNG(0.05),2.82,3,0.7894,0.0131
RNG(0.05),2.83,3,0.7895,0.0134
RNG(0.05),2.84,3,0.7894,0.0134
RNG(0.05),2.85,3,0.7892,0.0141
RNG(0.05),2.86,3,0.7888,0.0146
RNG(0.05),2.87,3,0.7888,0.0147
RNG(0.05),2.88,3,0.7887,0.0149
RNG(0.05),2.89,3,0.7886,0.0148
RNG(0.05),2.9,3,0.7884,0.015
RNG(0.05),2.91,3,0.7882,0.0148
RNG(0.05),2.92,3,0.7879,0.0144
RNG(0.05),2.93,3,0.788,0.0142
RNG(0.05),2.94,3,0.7879,0.0144
RNG(0.05),2.95,3,0.7878,0.0142
RNG(0.05),2.96,3,0.7875,0.0147
RNG(0.05),2.97,3,0.7876,0.0143
RNG(0.05),2.98,3,0.7872,0.0139
RNG(0.05),2.99,3,0.7864,0.0135
RNG(0.05),3.0,3,0.7863,0.0138
RNG(0.05),3.01,3,0.7861,0.014
RNG(0.05),3.02,3,0.7859,0.0149
RNG(0.05),3.03,3,0.7859,0.0149
RNG(0.05),3.04,3,0.7855,0.0146
RNG(0.05),3.05,3,0.7855,0.0137
RNG(0.05),3.06,3,0.7854,0.0137
RNG(0.05),3.07,3,0.7857,0.0144
RNG(0.05),3.08,3,0.7858,0.0144
RNG(0.05),3.09,3,0.7853,0.0143
RNG(0.05),3.1,3,0.7853,0.0143
RNG(0.05),3.11,3,0.785,0.0149
RNG(0.05),3.12,3,0.7848,0.0149
RNG(0.05),3.13,3,0.7845,0.0148
RNG(0.05),3.14,3,0.7846,0.0155
RNG(0.05),3.15,3,0.7851,0.016
RNG(0.05),3.16,3,0.7849,0.0156
RNG(0.05),3.17,3,0.785,0.015
RNG(0.05),3.18,3,0.7845,0.0154
RNG(0.05),3.19,3,0.7843,0.0155
RNG(0.05),3.2,3,0.784,0.016
RNG(0.05),3.21,3,0.784,0.0164
RNG(0.05),3.22,3,0.7837,0.0162
RNG(0.05),3.23,3,0.7836,0.0162
RNG(0.05),3.24,3,0.7835,0.0165
RNG(0.05),3.25,3,0.7836,0.0171
RNG(0.05),3.26,3,0.7835,0.0172
RNG(0.05),3.27,3,0.7834,0.0174
RNG(0.05),3.28,3,0.7832,0.0167
RNG(0.05),3.29,3,0.783,0.0158
RNG(0.05),3.3,3,0.7831,0.0159
RNG(0.05),3.31,3,0.7831,0.0164
RNG(0.05),3.32,3,0.7831,0.0162
RNG(0.05),3.33,3,0.7833,0.0164
RNG(0.05),3.34,3,0.7831,0.0158
RNG(0.05),3.35,3,0.783,0.0157
RNG(0.05),3.36,3,0.7829,0.0157
RNG(0.05),3.37,3,0.783,0.0154
RNG(0.05),3.38,3,0.7827,0.0158
RNG(0.05),3.39,3,0.7826,0.0156
RNG(0.05),3.4,3,0.7823,0.0155
RNG(0.05),3.41,3,0.7821,0.0152
RNG(0.05),3.42,3,0.7819,0.0152
RNG(0.05),3.43,3,0.7821,0.0152
RNG(0.05),3.44,3,0.782,0.0151
RNG(0.05),3.45,3,0.7822,0.0157
RNG(0.05),3.46,3,0.7822,0.0157
RNG(0.05),3.47,3,0.7822,0.0153
RNG(0.05),3.48,3,0.7821,0.0151
RNG(0.05),3.49,3,0.7822,0.0149
RNG(0.05),3.5,3,0.7819,0.0151
RNG(0.05),3.51,3,0.7819,0.0151
RNG(0.05),3.52,3,0.7818,0.0151
RNG(0.05),3.53,3,0.7818,0.0153
RNG(0.05),3.54,3,0.7818,0.0153
RNG(0.05),3.55,3,0.7815,0.0151
RNG(0.05),3.56,3,0.7814,0.0151
RNG(0.05),3.57,3,0.7814,0.0151
RNG(0.05),3.58,3,0.7814,0.0152
RNG(0.05),3.59,3,0.7814,0.0152
RNG(0.05),3.6,3,0.7812,0.0153
RNG(0.05),3.61,3,0.7812,0.0153
RNG(0.05),3.62,3,0.7812,0.0153
RNG(0.05),3.63,3,0.7812,0.0153
RNG(0.05),3.64,3,0.7811,0.0156
RNG(0.05),3.65,3,0.7811,0.0156
RNG(0.05),3.66,3,0.7811,0.0156
RNG(0.05),3.67,3,0.7811,0.016
RNG(0.05),3.68,3,0.7811,0.016
RNG(0.05),3.69,3,0.7811,0.016
RNG(0.05),3.7,3,0.7811,0.016
RNG(0.05),3.71,3,0.7811,0.016
RNG(0.05),3.72,3,0.7811,0.016
RNG(0.05),3.73,3,0.781,0.0161
RNG(0.05),3.74,2,0.7773,0.021
RNG(0.05),3.75,3,0.781,0.0162
RNG(0.05),3.76,3,0.781,0.0162
RNG(0.05),3.77,3,0.781,0.0162
RNG(0.05),3.79,2,0.782,0.08
RNG(0.05),3.8,3,0.781,0.0162
RNG(0.05),3.82,3,0.781,0.0162
RNG(0.05),3.83,3,0.781,0.0162
RNG(0.05),3.84,2,0.7773,0.021
RNG(0.05),3.85,2,0.782,0.08
RNG(0.05),3.87,2,0.782,0.08
RNG(0.05),3.92,1,0.7757,0.0
RNG(0.05),3.97,1,0.7757,0.0
RNG(0.05),3.98,1,0.7757,0.0
RNG(0.1),1.3,2,0.7792,0.0133
RNG(0.1),1.31,2,0.7792,0.0133
RNG(0.1),1.38,1,0.7781,0.0
RNG(0.1),1.4,1,0.7782,0.0
RNG(0.1),1.41,1,0.7782,0.0
RNG(0.1),1.42,1,0.7783,0.0
RNG(0.1),1.43,3,0.7823,0.0131
RNG(0.1),1.44,2,0.7833,0.0623
RNG(0.1),1.46,3,0.7823,0.0131
RNG(0.1),1.48,2,0.7793,0.0121
RNG(0.1),1.49,3,0.7824,0.0128
RNG(0.1),1.5,3,0.7825,0.0128
RNG(0.1),1.52,1,0.7787,0.0
RNG(0.1),1.53,3,0.7825,0.0128
RNG(0.1),1.54,3,0.7826,0.0131
RNG(0.1),1.56,3,0.7827,0.013
RNG(0.1),1.57,3,0.7825,0.0142
RNG(0.1),1.59,3,0.7826,0.0144
RNG(0.1),1.6,3,0.7827,0.0145
RNG(0.1),1.61,3,0.7827,0.0143
RNG(0.1),1.62,3,0.7828,0.0141
RNG(0.1),1.63,3,0.783,0.0139
RNG(0.1),1.64,3,0.783,0.0139
RNG(0.1),1.65,3,0.783,0.014
RNG(0.1),1.66,3,0.7831,0.0139
RNG(0.1),1.67,3,0.7832,0.0139
RNG(0.1),1.68,3,0.7832,0.0138
RNG(0.1),1.69,3,0.7835,0.014
RNG(0.1),1.7,3,0.7835,0.014
RNG(0.1),1.71,3,0.7835,0.0139
RNG(0.1),1.72,3,0.7836,0.0141
RNG(0.1),1.73,3,0.784,0.0136
RNG(0.1),1.74,3,0.784,0.0134
RNG(0.1),1.75,3,0.784,0.0133
RNG(0.1),1.76,3,0.7841,0.0133
RNG(0.1),1.77,3,0.7842,0.0132
RNG(0.1),1.78,3,0.7846,0.0137
RNG(0.1),1.79,3,0.7847,0.0137
RNG(0.1),1.8,3,0.7847,0.0135
RNG(0.1),1.81,3,0.7847,0.0134
RNG(0.1),1.82,3,0.7848,0.0132
RNG(0.1),1.83,3,0.7849,0.0133
RNG(0.1),1.84,3,0.7849,0.0133
RNG(0.1),1.85,3,0.785,0.0133
RNG(0.1),1.86,3,0.7851,0.0132
RNG(0.1),1.87,3,0.7851,0.0132
RNG(0.1),1.88,3,0.7851,0.0133
RNG(0.1),1.89,3,0.7852,0.0136
RNG(0.1),1.9,3,0.7853,0.0135
RNG(0.1),1.91,3,0.7853,0.0135
RNG(0.1),1.92,3,0.7853,0.0136
RNG(0.1),1.93,3,0.7854,0.0136
RNG(0.1),1.94,3,0.7855,0.0132
RNG(0.1),1.95,3,0.7856,0.013
RNG(0.1),1.96,3,0.7857,0.0128
RNG(0.1),1.97,3,0.7857,0.0128
RNG(0.1),1.98,3,0.7857,0.013
RNG(0.1),1.99,3,0.7857,0.0129
RNG(0.1),2.0,3,0.7858,0.0125
RNG(0.1),2.01,3,0.7859,0.0125
RNG(0.1),2.02,3,0.786,0.0125
RNG(0.1),2.03,3,0.7861,0.0126
RNG(0.1),2.04,3,0.7863,0.0125
RNG(0.1),2.05,3,0.7864,0.0127
RNG(0.1),2.06,3,0.7865,0.0127
RNG(0.1),2.07,3,0.7866,0.0127
RNG(0.1),2.08,3,0.7866,0.0128
RNG(0.1),2.09,3,0.7868,0.0132
RNG(0.1),2.1,3,0.787,0.0134
RNG(0.1),2.11,3,0.787,0.0133
RNG(0.1),2.12,3,0.7871,0.0133
RNG(0.1),2.13,3,0.7872,0.013
RNG(0.1),2.14,3,0.7872,0.0131
RNG(0.1),2.15,3,0.7873,0.0127
RNG(0.1),2.16,3,0.7874,0.0127
RNG(0.1),2.17,3,0.7873,0.013
RNG(0.1),2.18,3,0.7873,0.0127
RNG(0.1),2.19,3,0.7876,0.0131
RNG(0.1),2.2,3,0.7877,0.013
RNG(0.1),2.21,3,0.7879,0.0131
RNG(0.1),2.22,3,0.7879,0.0133
RNG(0.1),2.23,3,0.788,0.0135
RNG(0.1),2.24,3,0.788,0.0134
RNG(0.1),2.25,3,0.7881,0.0131
RNG(0.1),2.26,3,0.7882,0.013
RNG(0.1),2.27,3,0.7884,0.0128
RNG(0.1),2.28,3,0.7885,0.013
RNG(0.1),2.29,3,0.7894,0.0137
RNG(0.1),2.3,3,0.7893,0.0134
RNG(0.1),2.31,3,0.7894,0.0136
RNG(0.1),2.32,3,0.7895,0.0137
RNG(0.1),2.33,3,0.7896,0.0136
RNG(0.1),2.34,3,0.7895,0.0136
RNG(0.1),2.35,3,0.7895,0.0137
RNG(0.1),2.36,3,0.7895,0.0138
RNG(0.1),2.37,3,0.7896,0.0135
RNG(0.1),2.38,3,0.79,0.0141
RNG(0.1),2.39,3,0.79,0.0142
RNG(0.1),2.4,3,0.79,0.014
RNG(0.1),2.41,3,0.7901,0.014
RNG(0.1),2.42,3,0.7901,0.014
RNG(0.1),2.43,3,0.7902,0.0139
RNG(0.1),2.44,3,0.7903,0.0139
RNG(0.1),2.45,3,0.7904,0.0137
RNG(0.1),2.46,3,0.7901,0.0144
RNG(0.1),2.47,3,0.7901,0.0143
RNG(0.1),2.48,3,0.7902,0.0142
RNG(0.1),2.49,3,0.7903,0.0141
RNG(0.1),2.5,3,0.7904,0.0142
RNG(0.1),2.51,3,0.7905,0.014
RNG(0.1),2.52,3,0.7905,0.0141
RNG(0.1),2.53,3,0.7905,0.0139
RNG(0.1),2.54,3,0.7907,0.0137
RNG(0.1),2.55,3,0.7907,0.0137
RNG(0.1),2.56,3,0.7908,0.0134
RNG(0.1),2.57,3,0.7908,0.0129
RNG(0.1),2.58,3,0.7909,0.0131
RNG(0.1),2.59,3,0.791,0.0137
RNG(0.1),2.6,3,0.791,0.0137
RNG(0.1),2.61,3,0.7912,0.0137
RNG(0.1),2.62,3,0.7913,0.0136
RNG(0.1),2.63,3,0.7914,0.0137
RNG(0.1),2.64,3,0.7913,0.0137
RNG(0.1),2.65,3,0.7916,0.0137
RNG(0.1),2.66,3,0.7918,0.0136
RNG(0.1),2.67,3,0.7919,0.0134
RNG(0.1),2.68,3,0.7919,0.0131
RNG(0.1),2.69,3,0.7919,0.0129
RNG(0.1),2.7,3,0.7919,0.013
RNG(0.1),2.71,3,0.7918,0.0125
RNG(0.1),2.72,3,0.7918,0.0126
RNG(0.1),2.73,3,0.7918,0.0125
RNG(0.1),2.74,3,0.7917,0.0126
RNG(0.1),2.75,3,0.7915,0.0131
RNG(0.1),2.76,3,0.7914,0.0129
RNG(0.1),2.77,3,0.7914,0.0128
RNG(0.1),2.78,3,0.7914,0.0129
RNG(0.1),2.79,3,0.7912,0.0131
RNG(0.1),2.8,3,0.791,0.0135
RNG(0.1),2.81,3,0.7911,0.0133
RNG(0.1),2.82,3,0.791,0.0138
RNG(0.1),2.83,3,0.7911,0.0139
RNG(0.1),2.84,3,0.7911,0.0136
RNG(0.1),2.85,3,0.7911,0.0143
RNG(0.1),2.86,3,0.7908,0.0149
RNG(0.1),2.87,3,0.7908,0.0149
RNG(0.1),2.88,3,0.7908,0.0153
RNG(0.1),2.89,3,0.7906,0.0153
RNG(0.1),2.9,3,0.7906,0.0152
RNG(0.1),2.91,3,0.7906,0.0149
RNG(0.1),2.92,3,0.7904,0.0146
RNG(0.1),2.93,3,0.7905,0.0145
RNG(0.1),2.94,3,0.7906,0.0145
RNG(0.1),2.95,3,0.7904,0.0142
RNG(0.1),2.96,3,0.7902,0.0146
RNG(0.1),2.97,3,0.7904,0.0143
RNG(0.1),2.98,3,0.7901,0.0142
RNG(0.1),2.99,3,0.7895,0.0136
RNG(0.1),3.0,3,0.7895,0.0136
RNG(0.1),3.01,3,0.7894,0.0136
RNG(0.1),3.02,3,0.7893,0.0146
RNG(0.1),3.03,3,0.7894,0.0147
RNG(0.1),3.04,3,0.7892,0.0144
RNG(0.1),3.05,3,0.7891,0.0134
RNG(0.1),3.06,3,0.7891,0.0136
RNG(0.1),3.07,3,0.7894,0.0145
RNG(0.1),3.08,3,0.7895,0.0149
RNG(0.1),3.09,3,0.7891,0.0147
RNG(0.1),3.1,3,0.7891,0.0147
RNG(0.1),3.11,3,0.7889,0.0156
RNG(0.1),3.12,3,0.7888,0.0155
RNG(0.1),3.13,3,0.7888,0.0152
RNG(0.1),3.14,3,0.7888,0.0158
RNG(0.1),3.15,3,0.7894,0.0162
RNG(0.1),3.16,3,0.7893,0.0162
RNG(0.1),3.17,3,0.7894,0.0157
RNG(0.1),3.18,3,0.7892,0.0163
RNG(0.1),3.19,3,0.7891,0.0163
RNG(0.1),3.2,3,0.7889,0.0167
RNG(0.1),3.21,3,0.7888,0.017
RNG(0.1),3.22,3,0.7887,0.017
RNG(0.1),3.23,3,0.7885,0.017
RNG(0.1),3.24,3,0.7884,0.0173
RNG(0.1),3.25,3,0.7886,0.0177
RNG(0.1),3.26,3,0.7886,0.0177
RNG(0.1),3.27,3,0.7887,0.018
RNG(0.1),3.28,3,0.7885,0.0175
RNG(0.1),3.29,3,0.7884,0.017
RNG(0.1),3.3,3,0.7884,0.017
RNG(0.1),3.31,3,0.7885,0.0172
RNG(0.1),3.32,3,0.7884,0.017
RNG(0.1),3.33,3,0.7887,0.0172
RNG(0.1),3.34,3,0.7885,0.0168
RNG(0.1),3.35,3,0.7885,0.0168
RNG(0.1),3.36,3,0.7886,0.0168
RNG(0.1),3.37,3,0.7888,0.0166
RNG(0.1),3.38,3,0.7885,0.0169
RNG(0.1),3.39,3,0.7885,0.0169
RNG(0.1),3.4,3,0.7885,0.017
RNG(0.1),3.41,3,0.7882,0.0167
RNG(0.1),3.42,3,0.7883,0.017
RNG(0.1),3.43,3,0.7884,0.0168
RNG(0.1),3.44,3,0.7884,0.0168
RNG(0.1),3.45,3,0.7886,0.0176
RNG(0.1),3.46,3,0.7886,0.0174
RNG(0.1),3.47,3,0.7886,0.017
RNG(0.1),3.48,3,0.7886,0.017
RNG(0.1),3.49,3,0.7886,0.017
RNG(0.1),3.5,3,0.7883,0.0171
RNG(0.1),3.51,3,0.7883,0.0169
RNG(0.1),3.52,3,0.7883,0.0169
RNG(0.1),3.53,3,0.7882,0.0171
RNG(0.1),3.54,3,0.7882,0.0171
RNG(0.1),3.55,3,0.788,0.0168
RNG(0.1),3.56,3,0.788,0.0168
RNG(0.1),3.57,3,0.788,0.0168
RNG(0.1),3.58,3,0.788,0.0168
RNG(0.1),3.59,3,0.788,0.0168
RNG(0.1),3.6,3,0.788,0.0168
RNG(0.1),3.61,3,0.788,0.0168
RNG(0.1),3.62,3,0.788,0.0168
RNG(0.1),3.63,3,0.788,0.0168
RNG(0.1),3.64,3,0.7879,0.0171
RNG(0.1),3.65,3,0.7879,0.0171
RNG(0.1),3.66,3,0.7879,0.0171
RNG(0.1),3.67,3,0.7878,0.0172
RNG(0.1),3.68,3,0.7878,0.0172
RNG(0.1),3.69,3,0.7878,0.0172
RNG(0.1),3.7,3,0.7878,0.0172
RNG(0.1),3.71,3,0.7878,0.0172
RNG(0.1),3.72,3,0.7878,0.0172
RNG(0.1),3.73,3,0.7878,0.0172
RNG(0.1),3.74,2,0.7837,0.0159
RNG(0.1),3.75,3,0.7877,0.0174
RNG(0.1),3.76,3,0.7877,0.0174
RNG(0.1),3.77,3,0.7877,0.0174
RNG(0.1),3.79,2,0.7891,0.0839
RNG(0.1),3.8,3,0.7877,0.0174
RNG(0.1),3.82,3,0.7877,0.0174
RNG(0.1),3.83,3,0.7877,0.0174
RNG(0.1),3.84,2,0.7837,0.0159
RNG(0.1),3.85,2,0.7891,0.0839
RNG(0.1),3.87,2,0.7891,0.0839
RNG(0.1),3.92,1,0.7825,0.0
RNG(0.1),3.97,1,0.7825,0.0
RNG(0.1),3.98,1,0.7825,0.0
RNG(0.2),1.3,2,0.7792,0.0133
RNG(0.2),1.31,2,0.7792,0.0133
RNG(0.2),1.38,1,0.7781,0.0
RNG(0.2),1.4,1,0.7782,0.0
RNG(0.2),1.41,1,0.7782,0.0
RNG(0.2),1.42,1,0.7783,0.0
RNG(0.2),1.43,3,0.7822,0.0127
RNG(0.2),1.44,2,0.7832,0.0604
RNG(0.2),1.46,3,0.7822,0.0127
RNG(0.2),1.48,2,0.7793,0.0121
RNG(0.2),1.49,3,0.7823,0.0125
RNG(0.2),1.5,3,0.7823,0.0124
RNG(0.2),1.52,1,0.7786,0.0
RNG(0.2),1.53,3,0.7823,0.0124
RNG(0.2),1.54,3,0.7824,0.0125
RNG(0.2),1.56,3,0.7825,0.0124
RNG(0.2),1.57,3,0.7827,0.0126
RNG(0.2),1.59,3,0.7828,0.0129
RNG(0.2),1.6,3,0.7829,0.013
RNG(0.2),1.61,3,0.7829,0.0128
RNG(0.2),1.62,3,0.783,0.0126
RNG(0.2),1.63,3,0.7832,0.0124
RNG(0.2),1.64,3,0.7832,0.0124
RNG(0.2),1.65,3,0.7833,0.0123
RNG(0.2),1.66,3,0.7833,0.0122
RNG(0.2),1.67,3,0.7835,0.0122
RNG(0.2),1.68,3,0.7835,0.0121
RNG(0.2),1.69,3,0.7837,0.0121
RNG(0.2),1.7,3,0.7837,0.0121
RNG(0.2),1.71,3,0.7837,0.012
RNG(0.2),1.72,3,0.7838,0.0123
RNG(0.2),1.73,3,0.7842,0.0117
RNG(0.2),1.74,3,0.7843,0.0116
RNG(0.2),1.75,3,0.7843,0.0117
RNG(0.2),1.76,3,0.7843,0.0118
RNG(0.2),1.77,3,0.7845,0.0118
RNG(0.2),1.78,3,0.7847,0.012
RNG(0.2),1.79,3,0.7847,0.0121
RNG(0.2),1.8,3,0.7848,0.012
RNG(0.2),1.81,3,0.7848,0.0119
RNG(0.2),1.82,3,0.7848,0.0119
RNG(0.2),1.83,3,0.7849,0.012
RNG(0.2),1.84,3,0.7849,0.012
RNG(0.2),1.85,3,0.7849,0.0119
RNG(0.2),1.86,3,0.785,0.012
RNG(0.2),1.87,3,0.785,0.012
RNG(0.2),1.88,3,0.785,0.0119
RNG(0.2),1.89,3,0.7851,0.0122
RNG(0.2),1.9,3,0.7851,0.0122
RNG(0.2),1.91,3,0.7851,0.0122
RNG(0.2),1.92,3,0.7852,0.0122
RNG(0.2),1.93,3,0.7853,0.0122
RNG(0.2),1.94,3,0.7854,0.0118
RNG(0.2),1.95,3,0.7855,0.0118
RNG(0.2),1.96,3,0.7855,0.0117
RNG(0.2),1.97,3,0.7856,0.0116
RNG(0.2),1.98,3,0.7856,0.0118
RNG(0.2),1.99,3,0.7856,0.0116
RNG(0.2),2.0,3,0.7857,0.0113
RNG(0.2),2.01,3,0.786,0.0113
RNG(0.2),2.02,3,0.7861,0.0111
RNG(0.2),2.03,3,0.7863,0.0111
RNG(0.2),2.04,3,0.7864,0.0109
RNG(0.2),2.05,3,0.7865,0.0108
RNG(0.2),2.06,3,0.7866,0.0108
RNG(0.2),2.07,3,0.7867,0.0108
RNG(0.2),2.08,3,0.7866,0.0109
RNG(0.2),2.09,3,0.7868,0.0112
RNG(0.2),2.1,3,0.7869,0.0117
RNG(0.2),2.11,3,0.787,0.0117
RNG(0.2),2.12,3,0.7872,0.0117
RNG(0.2),2.13,3,0.7873,0.0115
RNG(0.2),2.14,3,0.7873,0.0115
RNG(0.2),2.15,3,0.7873,0.0114
RNG(0.2),2.16,3,0.7875,0.0111
RNG(0.2),2.17,3,0.7875,0.0115
RNG(0.2),2.18,3,0.7875,0.0114
RNG(0.2),2.19,3,0.7877,0.0117
RNG(0.2),2.2,3,0.7879,0.0118
RNG(0.2),2.21,3,0.788,0.0119
RNG(0.2),2.22,3,0.7881,0.0119
RNG(0.2),2.23,3,0.7881,0.0119
RNG(0.2),2.24,3,0.7882,0.0118
RNG(0.2),2.25,3,0.7882,0.0116
RNG(0.2),2.26,3,0.7883,0.0114
RNG(0.2),2.27,3,0.7885,0.0113
RNG(0.2),2.28,3,0.7886,0.0114
RNG(0.2),2.29,3,0.7893,0.0119
RNG(0.2),2.3,3,0.7894,0.0117
RNG(0.2),2.31,3,0.7894,0.012
RNG(0.2),2.32,3,0.7895,0.0121
RNG(0.2),2.33,3,0.7896,0.0119
RNG(0.2),2.34,3,0.7895,0.0119
RNG(0.2),2.35,3,0.7895,0.0119
RNG(0.2),2.36,3,0.7895,0.0119
RNG(0.2),2.37,3,0.7896,0.0117
RNG(0.2),2.38,3,0.7897,0.0118
RNG(0.2),2.39,3,0.7898,0.0117
RNG(0.2),2.4,3,0.7898,0.0117
RNG(0.2),2.41,3,0.7899,0.0117
RNG(0.2),2.42,3,0.7899,0.0117
RNG(0.2),2.43,3,0.7899,0.0116
RNG(0.2),2.44,3,0.79,0.0116
RNG(0.2),2.45,3,0.7901,0.0114
RNG(0.2),2.46,3,0.7901,0.0115
RNG(0.2),2.47,3,0.7901,0.0115
RNG(0.2),2.48,3,0.7902,0.0115
RNG(0.2),2.49,3,0.7902,0.0114
RNG(0.2),2.5,3,0.7903,0.0115
RNG(0.2),2.51,3,0.7903,0.0115
RNG(0.2),2.52,3,0.7904,0.0113
RNG(0.2),2.53,3,0.7904,0.0113
RNG(0.2),2.54,3,0.7905,0.0113
RNG(0.2),2.55,3,0.7905,0.0113
RNG(0.2),2.56,3,0.7906,0.0111
RNG(0.2),2.57,3,0.7906,0.0109
RNG(0.2),2.58,3,0.7907,0.0109
RNG(0.2),2.59,3,0.7908,0.0107
RNG(0.2),2.6,3,0.7907,0.0102
RNG(0.2),2.61,3,0.7908,0.0103
RNG(0.2),2.62,3,0.791,0.0101
RNG(0.2),2.63,3,0.791,0.0101
RNG(0.2),2.64,3,0.7909,0.0099
RNG(0.2),2.65,3,0.791,0.0099
RNG(0.2),2.66,3,0.7911,0.0099
RNG(0.2),2.67,3,0.7912,0.0097
RNG(0.2),2.68,3,0.7912,0.0097
RNG(0.2),2.69,3,0.7912,0.0095
RNG(0.2),2.7,3,0.7912,0.0096
RNG(0.2),2.71,3,0.7912,0.0095
RNG(0.2),2.72,3,0.7912,0.0095
RNG(0.2),2.73,3,0.7913,0.0096
RNG(0.2),2.74,3,0.7913,0.0096
RNG(0.2),2.75,3,0.7913,0.01
RNG(0.2),2.76,3,0.7913,0.0099
RNG(0.2),2.77,3,0.7913,0.0098
RNG(0.2),2.78,3,0.7913,0.0099
RNG(0.2),2.79,3,0.7913,0.0101
RNG(0.2),2.8,3,0.7914,0.0101
RNG(0.2),2.81,3,0.7913,0.0101
RNG(0.2),2.82,3,0.7913,0.0103
RNG(0.2),2.83,3,0.7913,0.0101
RNG(0.2),2.84,3,0.7913,0.0099
RNG(0.2),2.85,3,0.7913,0.0103
RNG(0.2),2.86,3,0.7911,0.0108
RNG(0.2),2.87,3,0.7911,0.0107
RNG(0.2),2.88,3,0.7913,0.0105
RNG(0.2),2.89,3,0.7913,0.0103
RNG(0.2),2.9,3,0.7913,0.0102
RNG(0.2),2.91,3,0.7914,0.0098
RNG(0.2),2.92,3,0.7913,0.0099
RNG(0.2),2.93,3,0.7916,0.01
RNG(0.2),2.94,3,0.7916,0.01
RNG(0.2),2.95,3,0.7915,0.0096
RNG(0.2),2.96,3,0.7914,0.0097
RNG(0.2),2.97,3,0.7914,0.0096
RNG(0.2),2.98,3,0.7914,0.0097
RNG(0.2),2.99,3,0.7909,0.0092
RNG(0.2),3.0,3,0.7909,0.0092
RNG(0.2),3.01,3,0.7907,0.0087
RNG(0.2),3.02,3,0.7907,0.0087
RNG(0.2),3.03,3,0.7906,0.0085
RNG(0.2),3.04,3,0.7904,0.0083
RNG(0.2),3.05,3,0.7905,0.0075
RNG(0.2),3.06,3,0.7905,0.0077
RNG(0.2),3.07,3,0.7909,0.0086
RNG(0.2),3.08,3,0.791,0.0085
RNG(0.2),3.09,3,0.7907,0.0086
RNG(0.2),3.1,3,0.7907,0.0086
RNG(0.2),3.11,3,0.7907,0.0087
RNG(0.2),3.12,3,0.7906,0.0088
RNG(0.2),3.13,3,0.7907,0.0086
RNG(0.2),3.14,3,0.7907,0.0089
RNG(0.2),3.15,3,0.7911,0.0089
RNG(0.2),3.16,3,0.791,0.009
RNG(0.2),3.17,3,0.791,0.0088
RNG(0.2),3.18,3,0.791,0.0089
RNG(0.2),3.19,3,0.7909,0.0085
RNG(0.2),3.2,3,0.7907,0.009
RNG(0.2),3.21,3,0.7908,0.0091
RNG(0.2),3.22,3,0.7907,0.009
RNG(0.2),3.23,3,0.7907,0.0089
RNG(0.2),3.24,3,0.7906,0.0088
RNG(0.2),3.25,3,0.7907,0.0095
RNG(0.2),3.26,3,0.7907,0.0095
RNG(0.2),3.27,3,0.7907,0.0095
RNG(0.2),3.28,3,0.7906,0.0093
RNG(0.2),3.29,3,0.7905,0.0089
RNG(0.2),3.3,3,0.7905,0.0089
RNG(0.2),3.31,3,0.7906,0.0089
RNG(0.2),3.32,3,0.7906,0.0089
RNG(0.2),3.33,3,0.7907,0.0087
RNG(0.2),3.34,3,0.7906,0.0085
RNG(0.2),3.35,3,0.7906,0.0085
RNG(0.2),3.36,3,0.7908,0.0091
RNG(0.2),3.37,3,0.7909,0.0089
RNG(0.2),3.38,3,0.7906,0.0094
RNG(0.2),3.39,3,0.7907,0.0093
RNG(0.2),3.4,3,0.7907,0.0093
RNG(0.2),3.41,3,0.7907,0.0091
RNG(0.2),3.42,3,0.7907,0.0093
RNG(0.2),3.43,3,0.7907,0.0093
RNG(0.2),3.44,3,0.7906,0.0092
RNG(0.2),3.45,3,0.7907,0.0096
RNG(0.2),3.46,3,0.7907,0.0096
RNG(0.2),3.47,3,0.7907,0.0096
RNG(0.2),3.48,3,0.7907,0.0096
RNG(0.2),3.49,3,0.7907,0.0096
RNG(0.2),3.5,3,0.7907,0.0098
RNG(0.2),3.51,3,0.7907,0.0098
RNG(0.2),3.52,3,0.7907,0.0098
RNG(0.2),3.53,3,0.7907,0.0098
RNG(0.2),3.54,3,0.7907,0.0098
RNG(0.2),3.55,3,0.7906,0.0094
RNG(0.2),3.56,3,0.7906,0.0094
RNG(0.2),3.57,3,0.7906,0.0094
RNG(0.2),3.58,3,0.7906,0.0094
RNG(0.2),3.59,3,0.7906,0.0094
RNG(0.2),3.6,3,0.7906,0.0094
RNG(0.2),3.61,3,0.7906,0.0094
RNG(0.2),3.62,3,0.7906,0.0094
RNG(0.2),3.63,3,0.7906,0.0094
RNG(0.2),3.64,3,0.7905,0.0095
RNG(0.2),3.65,3,0.7905,0.0095
RNG(0.2),3.66,3,0.7905,0.0095
RNG(0.2),3.67,3,0.7905,0.0095
RNG(0.2),3.68,3,0.7905,0.0095
RNG(0.2),3.69,3,0.7905,0.0095
RNG(0.2),3.7,3,0.7905,0.0095
RNG(0.2),3.71,3,0.7905,0.0095
RNG(0.2),3.72,3,0.7905,0.0095
RNG(0.2),3.73,3,0.7905,0.0096
RNG(0.2),3.74,2,0.7882,0.0057
RNG(0.2),3.75,3,0.7905,0.0096
RNG(0.2),3.76,3,0.7905,0.0096
RNG(0.2),3.77,3,0.7905,0.0096
RNG(0.2),3.79,2,0.7913,0.0451
RNG(0.2),3.8,3,0.7905,0.0096
RNG(0.2),3.82,3,0.7905,0.0096
RNG(0.2),3.83,3,0.7905,0.0096
RNG(0.2),3.84,2,0.7882,0.0057
RNG(0.2),3.85,2,0.7913,0.0451
RNG(0.2),3.87,2,0.7913,0.0451
RNG(0.2),3.92,1,0.7878,0.0
RNG(0.2),3.97,1,0.7878,0.0
RNG(0.2),3.98,1,0.7878,0.0
RNG(0.3),1.3,2,0.7792,0.0133
RNG(0.3),1.31,2,0.7792,0.0133
RNG(0.3),1.38,1,0.7781,0.0
RNG(0.3),1.4,1,0.7782,0.0
RNG(0.3),1.41,1,0.7782,0.0
RNG(0.3),1.42,1,0.7783,0.0
RNG(0.3),1.43,3,0.7821,0.0126
RNG(0.3),1.44,2,0.7831,0.0604
RNG(0.3),1.46,3,0.7821,0.0126
RNG(0.3),1.48,2,0.7793,0.0127
RNG(0.3),1.49,3,0.7822,0.0125
RNG(0.3),1.5,3,0.7822,0.0124
RNG(0.3),1.52,1,0.7784,0.0
RNG(0.3),1.53,3,0.7822,0.0124
RNG(0.3),1.54,3,0.7823,0.0127
RNG(0.3),1.56,3,0.7824,0.0125
RNG(0.3),1.57,3,0.7824,0.0127
RNG(0.3),1.59,3,0.7825,0.0128
RNG(0.3),1.6,3,0.7826,0.013
RNG(0.3),1.61,3,0.7826,0.0129
RNG(0.3),1.62,3,0.7827,0.0127
RNG(0.3),1.63,3,0.7829,0.0126
RNG(0.3),1.64,3,0.7829,0.0125
RNG(0.3),1.65,3,0.783,0.0125
RNG(0.3),1.66,3,0.783,0.0124
RNG(0.3),1.67,3,0.7831,0.0125
RNG(0.3),1.68,3,0.7832,0.0123
RNG(0.3),1.69,3,0.7833,0.0123
RNG(0.3),1.7,3,0.7833,0.0123
RNG(0.3),1.71,3,0.7834,0.0122
RNG(0.3),1.72,3,0.7835,0.0124
RNG(0.3),1.73,3,0.7838,0.0119
RNG(0.3),1.74,3,0.784,0.0117
RNG(0.3),1.75,3,0.784,0.0119
RNG(0.3),1.76,3,0.784,0.012
RNG(0.3),1.77,3,0.7841,0.0119
RNG(0.3),1.78,3,0.7843,0.0123
RNG(0.3),1.79,3,0.7844,0.0122
RNG(0.3),1.8,3,0.7844,0.0122
RNG(0.3),1.81,3,0.7844,0.0121
RNG(0.3),1.82,3,0.7844,0.012
RNG(0.3),1.83,3,0.7845,0.0122
RNG(0.3),1.84,3,0.7845,0.0123
RNG(0.3),1.85,3,0.7845,0.0122
RNG(0.3),1.86,3,0.7846,0.0122
RNG(0.3),1.87,3,0.7846,0.0122
RNG(0.3),1.88,3,0.7846,0.0123
RNG(0.3),1.89,3,0.7848,0.0125
RNG(0.3),1.9,3,0.7848,0.0125
RNG(0.3),1.91,3,0.7848,0.0125
RNG(0.3),1.92,3,0.7848,0.0124
RNG(0.3),1.93,3,0.7849,0.0123
RNG(0.3),1.94,3,0.7849,0.0123
RNG(0.3),1.95,3,0.7849,0.0123
RNG(0.3),1.96,3,0.7849,0.0123
RNG(0.3),1.97,3,0.7849,0.0123
RNG(0.3),1.98,3,0.785,0.0125
RNG(0.3),1.99,3,0.785,0.0125
RNG(0.3),2.0,3,0.7852,0.0121
RNG(0.3),2.01,3,0.7852,0.0121
RNG(0.3),2.02,3,0.7853,0.0118
RNG(0.3),2.03,3,0.7854,0.012
RNG(0.3),2.04,3,0.7855,0.012
RNG(0.3),2.05,3,0.7856,0.012
RNG(0.3),2.06,3,0.7857,0.0119
RNG(0.3),2.07,3,0.7858,0.0118
RNG(0.3),2.08,3,0.7858,0.0118
RNG(0.3),2.09,3,0.7859,0.0119
RNG(0.3),2.1,3,0.7859,0.012
RNG(0.3),2.11,3,0.786,0.0119
RNG(0.3),2.12,3,0.786,0.012
RNG(0.3),2.13,3,0.7861,0.012
RNG(0.3),2.14,3,0.7861,0.012
RNG(0.3),2.15,3,0.7862,0.0118
RNG(0.3),2.16,3,0.7863,0.0116
RNG(0.3),2.17,3,0.7863,0.0118
RNG(0.3),2.18,3,0.7863,0.0118
RNG(0.3),2.19,3,0.7866,0.0117
RNG(0.3),2.2,3,0.7866,0.0118
RNG(0.3),2.21,3,0.7867,0.0118
RNG(0.3),2.22,3,0.7867,0.0117
RNG(0.3),2.23,3,0.7868,0.0118
RNG(0.3),2.24,3,0.7868,0.0118
RNG(0.3),2.25,3,0.7869,0.0117
RNG(0.3),2.26,3,0.7869,0.0114
RNG(0.3),2.27,3,0.7871,0.0116
RNG(0.3),2.28,3,0.7871,0.0118
RNG(0.3),2.29,3,0.7873,0.0117
RNG(0.3),2.3,3,0.7874,0.0116
RNG(0.3),2.31,3,0.7874,0.0117
RNG(0.3),2.32,3,0.7876,0.0118
RNG(0.3),2.33,3,0.7877,0.0116
RNG(0.3),2.34,3,0.7877,0.0116
RNG(0.3),2.35,3,0.7877,0.0116
RNG(0.3),2.36,3,0.7877,0.0116
RNG(0.3),2.37,3,0.7877,0.0115
RNG(0.3),2.38,3,0.7878,0.0115
RNG(0.3),2.39,3,0.7879,0.0115
RNG(0.3),2.4,3,0.7879,0.0115
RNG(0.3),2.41,3,0.788,0.0114
RNG(0.3),2.42,3,0.788,0.0114
RNG(0.3),2.43,3,0.788,0.0113
RNG(0.3),2.44,3,0.7881,0.0112
RNG(0.3),2.45,3,0.7882,0.0111
RNG(0.3),2.46,3,0.7882,0.0111
RNG(0.3),2.47,3,0.7882,0.0111
RNG(0.3),2.48,3,0.7883,0.0111
RNG(0.3),2.49,3,0.7883,0.011
RNG(0.3),2.5,3,0.7884,0.0111
RNG(0.3),2.51,3,0.7884,0.0112
RNG(0.3),2.52,3,0.7885,0.0109
RNG(0.3),2.53,3,0.7885,0.011
RNG(0.3),2.54,3,0.7886,0.0108
RNG(0.3),2.55,3,0.7885,0.011
RNG(0.3),2.56,3,0.7886,0.0108
RNG(0.3),2.57,3,0.7887,0.0108
RNG(0.3),2.58,3,0.7888,0.0108
RNG(0.3),2.59,3,0.7888,0.0107
RNG(0.3),2.6,3,0.7889,0.0109
RNG(0.3),2.61,3,0.7891,0.0108
RNG(0.3),2.62,3,0.7891,0.0107
RNG(0.3),2.63,3,0.7891,0.0107
RNG(0.3),2.64,3,0.7892,0.0108
RNG(0.3),2.65,3,0.7893,0.0106
RNG(0.3),2.66,3,0.7893,0.0109
RNG(0.3),2.67,3,0.7894,0.0108
RNG(0.3),2.68,3,0.7893,0.0109
RNG(0.3),2.69,3,0.7894,0.0111
RNG(0.3),2.7,3,0.7894,0.0111
RNG(0.3),2.71,3,0.7894,0.0111
RNG(0.3),2.72,3,0.7894,0.0111
RNG(0.3),2.73,3,0.7894,0.0111
RNG(0.3),2.74,3,0.7894,0.0113
RNG(0.3),2.75,3,0.7895,0.0119
RNG(0.3),2.76,3,0.7895,0.0119
RNG(0.3),2.77,3,0.7895,0.0119
RNG(0.3),2.78,3,0.7895,0.012
RNG(0.3),2.79,3,0.7895,0.0119
RNG(0.3),2.8,3,0.7896,0.0121
RNG(0.3),2.81,3,0.7894,0.0121
RNG(0.3),2.82,3,0.7895,0.0122
RNG(0.3),2.83,3,0.7895,0.012
RNG(0.3),2.84,3,0.7895,0.0118
RNG(0.3),2.85,3,0.7896,0.0122
RNG(0.3),2.86,3,0.7896,0.0122
RNG(0.3),2.87,3,0.7896,0.0121
RNG(0.3),2.88,3,0.7898,0.0118
RNG(0.3),2.89,3,0.7898,0.0117
RNG(0.3),2.9,3,0.7898,0.0115
RNG(0.3),2.91,3,0.7897,0.0114
RNG(0.3),2.92,3,0.7898,0.0114
RNG(0.3),2.93,3,0.7899,0.0115
RNG(0.3),2.94,3,0.7899,0.0115
RNG(0.3),2.95,3,0.7899,0.0113
RNG(0.3),2.96,3,0.7899,0.0115
RNG(0.3),2.97,3,0.7899,0.0115
RNG(0.3),2.98,3,0.7898,0.0116
RNG(0.3),2.99,3,0.7896,0.0114
RNG(0.3),3.0,3,0.7896,0.0114
RNG(0.3),3.01,3,0.7895,0.011
RNG(0.3),3.02,3,0.7895,0.0111
RNG(0.3),3.03,3,0.7895,0.0111
RNG(0.3),3.04,3,0.7895,0.011
RNG(0.3),3.05,3,0.7896,0.0107
RNG(0.3),3.06,3,0.7896,0.0109
RNG(0.3),3.07,3,0.7899,0.0114
RNG(0.3),3.08,3,0.7899,0.0114
RNG(0.3),3.09,3,0.7897,0.0111
RNG(0.3),3.1,3,0.7897,0.0111
RNG(0.3),3.11,3,0.7897,0.0111
RNG(0.3),3.12,3,0.7895,0.0114
RNG(0.3),3.13,3,0.7895,0.0114
RNG(0.3),3.14,3,0.7895,0.0114
RNG(0.3),3.15,3,0.7897,0.0113
RNG(0.3),3.16,3,0.7897,0.0113
RNG(0.3),3.17,3,0.7897,0.0113
RNG(0.3),3.18,3,0.7896,0.0114
RNG(0.3),3.19,3,0.7897,0.0113
RNG(0.3),3.2,3,0.7897,0.0113
RNG(0.3),3.21,3,0.7897,0.0115
RNG(0.3),3.22,3,0.7896,0.0114
RNG(0.3),3.23,3,0.7896,0.0114
RNG(0.3),3.24,3,0.7896,0.0113
RNG(0.3),3.25,3,0.7896,0.0113
RNG(0.3),3.26,3,0.7896,0.0113
RNG(0.3),3.27,3,0.7896,0.0113
RNG(0.3),3.28,3,0.7896,0.0113
RNG(0.3),3.29,3,0.7895,0.011
RNG(0.3),3.3,3,0.7895,0.011
RNG(0.3),3.31,3,0.7895,0.011
RNG(0.3),3.32,3,0.7895,0.011
RNG(0.3),3.33,3,0.7896,0.0109
RNG(0.3),3.34,3,0.7896,0.0109
RNG(0.3),3.35,3,0.7896,0.0109
RNG(0.3),3.36,3,0.7897,0.0113
RNG(0.3),3.37,3,0.7898,0.0111
RNG(0.3),3.38,3,0.7898,0.0111
RNG(0.3),3.39,3,0.7899,0.0109
RNG(0.3),3.4,3,0.7899,0.0109
RNG(0.3),3.41,3,0.7899,0.0108
RNG(0.3),3.42,3,0.7899,0.0109
RNG(0.3),3.43,3,0.7899,0.0109
RNG(0.3),3.44,3,0.7899,0.0109
RNG(0.3),3.45,3,0.7899,0.0109
RNG(0.3),3.46,3,0.7899,0.0109
RNG(0.3),3.47,3,0.7899,0.0109
RNG(0.3),3.48,3,0.7899,0.0109
RNG(0.3),3.49,3,0.7899,0.0109
RNG(0.3),3.5,3,0.7899,0.0111
RNG(0.3),3.51,3,0.79,0.011
RNG(0.3),3.52,3,0.79,0.011
RNG(0.3),3.53,3,0.79,0.011
RNG(0.3),3.54,3,0.79,0.011
RNG(0.3),3.55,3,0.7899,0.0106
RNG(0.3),3.56,3,0.7899,0.0106
RNG(0.3),3.57,3,0.7899,0.0106
RNG(0.3),3.58,3,0.7899,0.0106
RNG(0.3),3.59,3,0.7899,0.0106
RNG(0.3),3.6,3,0.7899,0.0106
RNG(0.3),3.61,3,0.7899,0.0106
RNG(0.3),3.62,3,0.7899,0.0106
RNG(0.3),3.63,3,0.7899,0.0106
RNG(0.3),3.64,3,0.7898,0.0107
RNG(0.3),3.65,3,0.7898,0.0107
RNG(0.3),3.66,3,0.7898,0.0107
RNG(0.3),3.67,3,0.7898,0.0107
RNG(0.3),3.68,3,0.7898,0.0107
RNG(0.3),3.69,3,0.7898,0.0107
RNG(0.3),3.7,3,0.7898,0.0107
RNG(0.3),3.71,3,0.7898,0.0107
RNG(0.3),3.72,3,0.7898,0.0107
RNG(0.3),3.73,3,0.7898,0.0107
RNG(0.3),3.74,2,0.7874,0.0159
RNG(0.3),3.75,3,0.7898,0.0107
RNG(0.3),3.76,3,0.7898,0.0107
RNG(0.3),3.77,3,0.7898,0.0107
RNG(0.3),3.79,2,0.7904,0.0534
RNG(0.3),3.8,3,0.7898,0.0107
RNG(0.3),3.82,3,0.7898,0.0107
RNG(0.3),3.83,3,0.7898,0.0107
RNG(0.3),3.84,2,0.7874,0.0159
RNG(0.3),3.85,2,0.7904,0.0534
RNG(0.3),3.87,2,0.7904,0.0534
RNG(0.3),3.92,1,0.7862,0.0
RNG(0.3),3.97,1,0.7862,0.0
RNG(0.3),3.98,1,0.7862,0.0
RNG(0.5),1.3,2,0.7792,0.0133
RNG(0.5),1.31,2,0.7792,0.0133
RNG(0.5),1.38,1,0.7781,0.0
RNG(0.5),1.4,1,0.7782,0.0
RNG(0.5),1.41,1,0.7782,0.0
RNG(0.5),1.42,1,0.7783,0.0
RNG(0.5),1.43,3,0.7821,0.0126
RNG(0.5),1.44,2,0.7832,0.0616
RNG(0.5),1.46,3,0.7822,0.0129
RNG(0.5),1.48,2,0.7792,0.0121
RNG(0.5),1.49,3,0.7822,0.0128
RNG(0.5),1.5,3,0.7823,0.0128
RNG(0.5),1.52,1,0.7784,0.0
RNG(0.5),1.53,3,0.7823,0.0127
RNG(0.5),1.54,3,0.7824,0.0128
RNG(0.5),1.56,3,0.7825,0.0128
RNG(0.5),1.57,3,0.7825,0.0129
RNG(0.5),1.59,3,0.7825,0.0129
RNG(0.5),1.6,3,0.7825,0.0128
RNG(0.5),1.61,3,0.7826,0.0127
RNG(0.5),1.62,3,0.7826,0.0126
RNG(0.5),1.63,3,0.7827,0.0126
RNG(0.5),1.64,3,0.7827,0.0126
RNG(0.5),1.65,3,0.7828,0.0125
RNG(0.5),1.66,3,0.7828,0.0125
RNG(0.5),1.67,3,0.7829,0.0124
RNG(0.5),1.68,3,0.783,0.0125
RNG(0.5),1.69,3,0.7831,0.0123
RNG(0.5),1.7,3,0.7831,0.0123
RNG(0.5),1.71,3,0.7831,0.0123
RNG(0.5),1.72,3,0.7831,0.0123
RNG(0.5),1.73,3,0.7832,0.0123
RNG(0.5),1.74,3,0.7834,0.0121
RNG(0.5),1.75,3,0.7834,0.012
RNG(0.5),1.76,3,0.7834,0.0122
RNG(0.5),1.77,3,0.7835,0.0121
RNG(0.5),1.78,3,0.7836,0.0123
RNG(0.5),1.79,3,0.7836,0.0122
RNG(0.5),1.8,3,0.7836,0.0122
RNG(0.5),1.81,3,0.7836,0.0122
RNG(0.5),1.82,3,0.7836,0.0122
RNG(0.5),1.83,3,0.7837,0.0123
RNG(0.5),1.84,3,0.7837,0.0123
RNG(0.5),1.85,3,0.7837,0.0123
RNG(0.5),1.86,3,0.7838,0.0123
RNG(0.5),1.87,3,0.7838,0.0123
RNG(0.5),1.88,3,0.7838,0.0123
RNG(0.5),1.89,3,0.7839,0.0125
RNG(0.5),1.9,3,0.7839,0.0125
RNG(0.5),1.91,3,0.7839,0.0125
RNG(0.5),1.92,3,0.7839,0.0125
RNG(0.5),1.93,3,0.784,0.0125
RNG(0.5),1.94,3,0.784,0.0125
RNG(0.5),1.95,3,0.784,0.0124
RNG(0.5),1.96,3,0.7841,0.0123
RNG(0.5),1.97,3,0.7841,0.0123
RNG(0.5),1.98,3,0.7841,0.0124
RNG(0.5),1.99,3,0.7842,0.0124
RNG(0.5),2.0,3,0.7842,0.0123
RNG(0.5),2.01,3,0.7842,0.0123
RNG(0.5),2.02,3,0.7842,0.0123
RNG(0.5),2.03,3,0.7842,0.0123
RNG(0.5),2.04,3,0.7843,0.0122
RNG(0.5),2.05,3,0.7843,0.012
RNG(0.5),2.06,3,0.7844,0.012
RNG(0.5),2.07,3,0.7845,0.0119
RNG(0.5),2.08,3,0.7845,0.0119
RNG(0.5),2.09,3,0.7845,0.0118
RNG(0.5),2.1,3,0.7845,0.0118
RNG(0.5),2.11,3,0.7846,0.0118
RNG(0.5),2.12,3,0.7846,0.0119
RNG(0.5),2.13,3,0.7846,0.0119
RNG(0.5),2.14,3,0.7846,0.0119
RNG(0.5),2.15,3,0.7847,0.0117
RNG(0.5),2.16,3,0.7848,0.0118
RNG(0.5),2.17,3,0.7848,0.0119
RNG(0.5),2.18,3,0.7849,0.0118
RNG(0.5),2.19,3,0.7849,0.0118
RNG(0.5),2.2,3,0.7849,0.0118
RNG(0.5),2.21,3,0.785,0.0117
RNG(0.5),2.22,3,0.785,0.0116
RNG(0.5),2.23,3,0.785,0.0116
RNG(0.5),2.24,3,0.785,0.0116
RNG(0.5),2.25,3,0.7851,0.0115
RNG(0.5),2.26,3,0.7851,0.0114
RNG(0.5),2.27,3,0.7853,0.0115
RNG(0.5),2.28,3,0.7854,0.0116
RNG(0.5),2.29,3,0.7855,0.0117
RNG(0.5),2.3,3,0.7856,0.0115
RNG(0.5),2.31,3,0.7856,0.0117
RNG(0.5),2.32,3,0.7857,0.0116
RNG(0.5),2.33,3,0.7858,0.0116
RNG(0.5),2.34,3,0.7858,0.0115
RNG(0.5),2.35,3,0.7858,0.0115
RNG(0.5),2.36,3,0.7858,0.0115
RNG(0.5),2.37,3,0.7857,0.0117
RNG(0.5),2.38,3,0.7858,0.0119
RNG(0.5),2.39,3,0.7858,0.0119
RNG(0.5),2.4,3,0.7858,0.0119
RNG(0.5),2.41,3,0.7859,0.0118
RNG(0.5),2.42,3,0.7859,0.0118
RNG(0.5),2.43,3,0.7859,0.0117
RNG(0.5),2.44,3,0.786,0.0117
RNG(0.5),2.45,3,0.786,0.0117
RNG(0.5),2.46,3,0.786,0.0118
RNG(0.5),2.47,3,0.786,0.0118
RNG(0.5),2.48,3,0.786,0.0117
RNG(0.5),2.49,3,0.786,0.0117
RNG(0.5),2.5,3,0.786,0.0117
RNG(0.5),2.51,3,0.7861,0.0117
RNG(0.5),2.52,3,0.7862,0.0116
RNG(0.5),2.53,3,0.7861,0.0116
RNG(0.5),2.54,3,0.7862,0.0116
RNG(0.5),2.55,3,0.7862,0.0117
RNG(0.5),2.56,3,0.7862,0.0116
RNG(0.5),2.57,3,0.7863,0.0115
RNG(0.5),2.58,3,0.7863,0.0115
RNG(0.5),2.59,3,0.7863,0.0115
RNG(0.5),2.6,3,0.7863,0.0115
RNG(0.5),2.61,3,0.7864,0.0113
RNG(0.5),2.62,3,0.7865,0.0113
RNG(0.5),2.63,3,0.7865,0.0113
RNG(0.5),2.64,3,0.7865,0.0114
RNG(0.5),2.65,3,0.7866,0.0113
RNG(0.5),2.66,3,0.7866,0.0113
RNG(0.5),2.67,3,0.7866,0.0112
RNG(0.5),2.68,3,0.7866,0.0112
RNG(0.5),2.69,3,0.7867,0.0114
RNG(0.5),2.7,3,0.7866,0.0114
RNG(0.5),2.71,3,0.7867,0.0114
RNG(0.5),2.72,3,0.7867,0.0114
RNG(0.5),2.73,3,0.7866,0.0115
RNG(0.5),2.74,3,0.7867,0.0112
RNG(0.5),2.75,3,0.7867,0.0112
RNG(0.5),2.76,3,0.7867,0.0112
RNG(0.5),2.77,3,0.7867,0.0112
RNG(0.5),2.78,3,0.7867,0.0112
RNG(0.5),2.79,3,0.7867,0.0112
RNG(0.5),2.8,3,0.7867,0.0112
RNG(0.5),2.81,3,0.7868,0.0111
RNG(0.5),2.82,3,0.7868,0.0111
RNG(0.5),2.83,3,0.7868,0.0111
RNG(0.5),2.84,3,0.7868,0.0109
RNG(0.5),2.85,3,0.7868,0.011
RNG(0.5),2.86,3,0.7868,0.011
RNG(0.5),2.87,3,0.7868,0.011
RNG(0.5),2.88,3,0.7869,0.0108
RNG(0.5),2.89,3,0.7869,0.0107
RNG(0.5),2.9,3,0.7869,0.0106
RNG(0.5),2.91,3,0.7869,0.0105
RNG(0.5),2.92,3,0.7869,0.0104
RNG(0.5),2.93,3,0.787,0.0105
RNG(0.5),2.94,3,0.787,0.0106
RNG(0.5),2.95,3,0.787,0.0106
RNG(0.5),2.96,3,0.7868,0.011
RNG(0.5),2.97,3,0.7868,0.011
RNG(0.5),2.98,3,0.7868,0.011
RNG(0.5),2.99,3,0.7868,0.011
RNG(0.5),3.0,3,0.7868,0.011
RNG(0.5),3.01,3,0.7867,0.0104
RNG(0.5),3.02,3,0.7867,0.0104
RNG(0.5),3.03,3,0.7867,0.0104
RNG(0.5),3.04,3,0.7866,0.0106
RNG(0.5),3.05,3,0.7867,0.0103
RNG(0.5),3.06,3,0.7867,0.0103
RNG(0.5),3.07,3,0.7867,0.0103
RNG(0.5),3.08,3,0.7867,0.0103
RNG(0.5),3.09,3,0.7867,0.0103
RNG(0.5),3.1,3,0.7867,0.0103
RNG(0.5),3.11,3,0.7867,0.0103
RNG(0.5),3.12,3,0.7867,0.0103
RNG(0.5),3.13,3,0.7867,0.0103
RNG(0.5),3.14,3,0.7867,0.0103
RNG(0.5),3.15,3,0.7871,0.0101
RNG(0.5),3.16,3,0.7871,0.0101
RNG(0.5),3.17,3,0.7871,0.0101
RNG(0.5),3.18,3,0.7871,0.0101
RNG(0.5),3.19,3,0.7871,0.0101
RNG(0.5),3.2,3,0.7871,0.0101
RNG(0.5),3.21,3,0.7871,0.0101
RNG(0.5),3.22,3,0.7871,0.0101
RNG(0.5),3.23,3,0.7871,0.0101
RNG(0.5),3.24,3,0.7871,0.0101
RNG(0.5),3.25,3,0.7871,0.0101
RNG(0.5),3.26,3,0.7871,0.0101
RNG(0.5),3.27,3,0.7871,0.0101
RNG(0.5),3.28,3,0.7871,0.0101
RNG(0.5),3.29,3,0.787,0.0097
RNG(0.5),3.3,3,0.787,0.0097
RNG(0.5),3.31,3,0.787,0.0097
RNG(0.5),3.32,3,0.787,0.0097
RNG(0.5),3.33,3,0.7872,0.0094
RNG(0.5),3.34,3,0.7872,0.0094
RNG(0.5),3.35,3,0.7872,0.0094
RNG(0.5),3.36,3,0.7872,0.0094
RNG(0.5),3.37,3,0.7872,0.0094
RNG(0.5),3.38,3,0.7872,0.0094
RNG(0.5),3.39,3,0.7872,0.0094
RNG(0.5),3.4,3,0.7872,0.0094
RNG(0.5),3.41,3,0.7872,0.0094
RNG(0.5),3.42,3,0.7872,0.0095
RNG(0.5),3.43,3,0.7872,0.0095
RNG(0.5),3.44,3,0.7872,0.0095
RNG(0.5),3.45,3,0.7872,0.0095
RNG(0.5),3.46,3,0.7872,0.0095
RNG(0.5),3.47,3,0.7872,0.0095
RNG(0.5),3.48,3,0.7872,0.0095
RNG(0.5),3.49,3,0.7872,0.0095
RNG(0.5),3.5,3,0.7872,0.0095
RNG(0.5),3.51,3,0.7872,0.0095
RNG(0.5),3.52,3,0.7872,0.0095
RNG(0.5),3.53,3,0.7872,0.0095
RNG(0.5),3.54,3,0.7872,0.0095
RNG(0.5),3.55,3,0.7872,0.0095
RNG(0.5),3.56,3,0.7872,0.0095
RNG(0.5),3.57,3,0.7872,0.0095
RNG(0.5),3.58,3,0.7872,0.0095
RNG(0.5),3.59,3,0.7872,0.0095
RNG(0.5),3.6,3,0.7872,0.0095
RNG(0.5),3.61,3,0.7872,0.0095
RNG(0.5),3.62,3,0.7872,0.0095
RNG(0.5),3.63,3,0.7872,0.0095
RNG(0.5),3.64,3,0.7872,0.0096
RNG(0.5),3.65,3,0.7872,0.0096
RNG(0.5),3.66,3,0.7872,0.0096
RNG(0.5),3.67,3,0.7872,0.0096
RNG(0.5),3.68,3,0.7872,0.0096
RNG(0.5),3.69,3,0.7872,0.0096
RNG(0.5),3.7,3,0.7872,0.0096
RNG(0.5),3.71,3,0.7872,0.0096
RNG(0.5),3.72,3,0.7872,0.0096
RNG(0.5),3.73,3,0.7872,0.0096
RNG(0.5),3.74,2,0.785,0.0127
RNG(0.5),3.75,3,0.7872,0.0096
RNG(0.5),3.76,3,0.7872,0.0096
RNG(0.5),3.77,3,0.7872,0.0096
RNG(0.5),3.79,2,0.7877,0.0476
RNG(0.5),3.8,3,0.7872,0.0096
RNG(0.5),3.82,3,0.7872,0.0096
RNG(0.5),3.83,3,0.7872,0.0096
RNG(0.5),3.84,2,0.785,0.0127
RNG(0.5),3.85,2,0.7877,0.0476
RNG(0.5),3.87,2,0.7877,0.0476
RNG(0.5),3.92,1,0.784,0.0
RNG(0.5),3.97,1,0.784,0.0
RNG(0.5),3.98,1,0.784,0.0
RNG(1),1.3,2,0.7792,0.0133
RNG(1),1.31,2,0.7792,0.0133
RNG(1),1.38,1,0.7781,0.0
RNG(1),1.4,1,0.7782,0.0
RNG(1),1.41,1,0.7782,0.0
RNG(1),1.42,1,0.7782,0.0
RNG(1),1.43,3,0.7821,0.0127
RNG(1),1.44,2,0.7831,0.0616
RNG(1),1.46,3,0.7821,0.0129
RNG(1),1.48,2,0.7792,0.0127
RNG(1),1.49,3,0.7821,0.0129
RNG(1),1.5,3,0.7822,0.0127
RNG(1),1.52,1,0.7783,0.0
RNG(1),1.53,3,0.7822,0.0126
RNG(1),1.54,3,0.7823,0.0127
RNG(1),1.56,3,0.7823,0.0127
RNG(1),1.57,3,0.7823,0.0127
RNG(1),1.59,3,0.7823,0.0127
RNG(1),1.6,3,0.7823,0.0127
RNG(1),1.61,3,0.7823,0.0127
RNG(1),1.62,3,0.7824,0.0126
RNG(1),1.63,3,0.7824,0.0124
RNG(1),1.64,3,0.7825,0.0123
RNG(1),1.65,3,0.7825,0.0123
RNG(1),1.66,3,0.7825,0.0123
RNG(1),1.67,3,0.7825,0.0123
RNG(1),1.68,3,0.7826,0.0123
RNG(1),1.69,3,0.7827,0.0123
RNG(1),1.7,3,0.7827,0.0123
RNG(1),1.71,3,0.7827,0.0122
RNG(1),1.72,3,0.7827,0.0122
RNG(1),1.73,3,0.7828,0.0123
RNG(1),1.74,3,0.7829,0.0121
RNG(1),1.75,3,0.7829,0.0121
RNG(1),1.76,3,0.7829,0.0122
RNG(1),1.77,3,0.7829,0.0122
RNG(1),1.78,3,0.783,0.0121
RNG(1),1.79,3,0.783,0.0121
RNG(1),1.8,3,0.783,0.0121
RNG(1),1.81,3,0.783,0.0121
RNG(1),1.82,3,0.783,0.0121
RNG(1),1.83,3,0.783,0.0121
RNG(1),1.84,3,0.783,0.0121
RNG(1),1.85,3,0.783,0.0121
RNG(1),1.86,3,0.783,0.0121
RNG(1),1.87,3,0.783,0.0121
RNG(1),1.88,3,0.783,0.0121
RNG(1),1.89,3,0.7831,0.0122
RNG(1),1.9,3,0.7831,0.0122
RNG(1),1.91,3,0.7831,0.0122
RNG(1),1.92,3,0.7831,0.0121
RNG(1),1.93,3,0.7831,0.012
RNG(1),1.94,3,0.7831,0.012
RNG(1),1.95,3,0.7831,0.012
RNG(1),1.96,3,0.7831,0.012
RNG(1),1.97,3,0.7832,0.012
RNG(1),1.98,3,0.7832,0.012
RNG(1),1.99,3,0.7832,0.012
RNG(1),2.0,3,0.7832,0.0119
RNG(1),2.01,3,0.7832,0.0119
RNG(1),2.02,3,0.7832,0.0119
RNG(1),2.03,3,0.7832,0.0119
RNG(1),2.04,3,0.7832,0.0119
RNG(1),2.05,3,0.7832,0.0119
RNG(1),2.06,3,0.7832,0.0119
RNG(1),2.07,3,0.7832,0.0119
RNG(1),2.08,3,0.7832,0.0119
RNG(1),2.09,3,0.7832,0.0119
RNG(1),2.1,3,0.7832,0.0119
RNG(1),2.11,3,0.7832,0.0119
RNG(1),2.12,3,0.7832,0.0119
RNG(1),2.13,3,0.7832,0.0119
RNG(1),2.14,3,0.7832,0.0119
RNG(1),2.15,3,0.7832,0.0118
RNG(1),2.16,3,0.7832,0.0118
RNG(1),2.17,3,0.7832,0.0118
RNG(1),2.18,3,0.7832,0.0118
RNG(1),2.19,3,0.7833,0.0117
RNG(1),2.2,3,0.7833,0.0117
RNG(1),2.21,3,0.7833,0.0117
RNG(1),2.22,3,0.7833,0.0117
RNG(1),2.23,3,0.7833,0.0117
RNG(1),2.24,3,0.7833,0.0117
RNG(1),2.25,3,0.7834,0.0117
RNG(1),2.26,3,0.7834,0.0117
RNG(1),2.27,3,0.7834,0.0117
RNG(1),2.28,3,0.7834,0.0117
RNG(1),2.29,3,0.7834,0.0117
RNG(1),2.3,3,0.7834,0.0116
RNG(1),2.31,3,0.7834,0.0116
RNG(1),2.32,3,0.7834,0.0116
RNG(1),2.33,3,0.7834,0.0116
RNG(1),2.34,3,0.7834,0.0116
RNG(1),2.35,3,0.7834,0.0116
RNG(1),2.36,3,0.7834,0.0116
RNG(1),2.37,3,0.7834,0.0116
RNG(1),2.38,3,0.7834,0.0116
RNG(1),2.39,3,0.7834,0.0116
RNG(1),2.4,3,0.7834,0.0116
RNG(1),2.41,3,0.7834,0.0116
RNG(1),2.42,3,0.7834,0.0116
RNG(1),2.43,3,0.7834,0.0116
RNG(1),2.44,3,0.7835,0.0117
RNG(1),2.45,3,0.7835,0.0117
RNG(1),2.46,3,0.7835,0.0117
RNG(1),2.47,3,0.7835,0.0117
RNG(1),2.48,3,0.7835,0.0118
RNG(1),2.49,3,0.7835,0.0118
RNG(1),2.5,3,0.7835,0.0118
RNG(1),2.51,3,0.7836,0.0117
RNG(1),2.52,3,0.7836,0.0117
RNG(1),2.53,3,0.7836,0.0117
RNG(1),2.54,3,0.7836,0.0117
RNG(1),2.55,3,0.7836,0.0117
RNG(1),2.56,3,0.7836,0.0117
RNG(1),2.57,3,0.7836,0.0117
RNG(1),2.58,3,0.7836,0.0117
RNG(1),2.59,3,0.7836,0.0117
RNG(1),2.6,3,0.7836,0.0117
RNG(1),2.61,3,0.7836,0.0117
RNG(1),2.62,3,0.7836,0.0117
RNG(1),2.63,3,0.7836,0.0117
RNG(1),2.64,3,0.7836,0.0117
RNG(1),2.65,3,0.7836,0.0117
RNG(1),2.66,3,0.7836,0.0117
RNG(1),2.67,3,0.7836,0.0117
RNG(1),2.68,3,0.7836,0.0117
RNG(1),2.69,3,0.7836,0.0117
RNG(1),2.7,3,0.7836,0.0117
RNG(1),2.71,3,0.7836,0.0117
RNG(1),2.72,3,0.7836,0.0117
RNG(1),2.73,3,0.7836,0.0117
RNG(1),2.74,3,0.7836,0.0117
RNG(1),2.75,3,0.7836,0.0117
RNG(1),2.76,3,0.7836,0.0117
RNG(1),2.77,3,0.7836,0.0117
RNG(1),2.78,3,0.7836,0.0117
RNG(1),2.79,3,0.7836,0.0117
RNG(1),2.8,3,0.7836,0.0117
RNG(1),2.81,3,0.7836,0.0117
RNG(1),2.82,3,0.7836,0.0117
RNG(1),2.83,3,0.7836,0.0117
RNG(1),2.84,3,0.7836,0.0117
RNG(1),2.85,3,0.7836,0.0117
RNG(1),2.86,3,0.7836,0.0117
RNG(1),2.87,3,0.7836,0.0117
RNG(1),2.88,3,0.7837,0.0116
RNG(1),2.89,3,0.7837,0.0116
RNG(1),2.9,3,0.7837,0.0116
RNG(1),2.91,3,0.7837,0.0116
RNG(1),2.92,3,0.7837,0.0116
RNG(1),2.93,3,0.7837,0.0116
RNG(1),2.94,3,0.7837,0.0116
RNG(1),2.95,3,0.7837,0.0116
RNG(1),2.96,3,0.7837,0.0116
RNG(1),2.97,3,0.7837,0.0116
RNG(1),2.98,3,0.7837,0.0116
RNG(1),2.99,3,0.7837,0.0116
RNG(1),3.0,3,0.7837,0.0116
RNG(1),3.01,3,0.7837,0.0116
RNG(1),3.02,3,0.7837,0.0116
RNG(1),3.03,3,0.7837,0.0116
RNG(1),3.04,3,0.7837,0.0116
RNG(1),3.05,3,0.7837,0.0116
RNG(1),3.06,3,0.7837,0.0116
RNG(1),3.07,3,0.7837,0.0116
RNG(1),3.08,3,0.7837,0.0116
RNG(1),3.09,3,0.7837,0.0116
RNG(1),3.1,3,0.7837,0.0116
RNG(1),3.11,3,0.7837,0.0116
RNG(1),3.12,3,0.7837,0.0116
RNG(1),3.13,3,0.7837,0.0116
RNG(1),3.14,3,0.7837,0.0116
RNG(1),3.15,3,0.7838,0.0113
RNG(1),3.16,3,0.7838,0.0113
RNG(1),3.17,3,0.7838,0.0113
RNG(1),3.18,3,0.7838,0.0113
RNG(1),3.19,3,0.7838,0.0113
RNG(1),3.2,3,0.7838,0.0113
RNG(1),3.21,3,0.7838,0.0113
RNG(1),3.22,3,0.7838,0.0113
RNG(1),3.23,3,0.7838,0.0113
RNG(1),3.24,3,0.7838,0.0113
RNG(1),3.25,3,0.7838,0.0113
RNG(1),3.26,3,0.7838,0.0113
RNG(1),3.27,3,0.7838,0.0113
RNG(1),3.28,3,0.7838,0.0113
RNG(1),3.29,3,0.7838,0.0113
RNG(1),3.3,3,0.7838,0.0113
RNG(1),3.31,3,0.7838,0.0113
RNG(1),3.32,3,0.7838,0.0113
RNG(1),3.33,3,0.7838,0.0113
RNG(1),3.34,3,0.7838,0.0113
RNG(1),3.35,3,0.7838,0.0113
RNG(1),3.36,3,0.7838,0.0113
RNG(1),3.37,3,0.7838,0.0113
RNG(1),3.38,3,0.7838,0.0113
RNG(1),3.39,3,0.7838,0.0113
RNG(1),3.4,3,0.7838,0.0113
RNG(1),3.41,3,0.7838,0.0113
RNG(1),3.42,3,0.7838,0.0113
RNG(1),3.43,3,0.7838,0.0113
RNG(1),3.44,3,0.7838,0.0113
RNG(1),3.45,3,0.7838,0.0113
RNG(1),3.46,3,0.7838,0.0113
RNG(1),3.47,3,0.7838,0.0113
RNG(1),3.48,3,0.7838,0.0113
RNG(1),3.49,3,0.7838,0.0113
RNG(1),3.5,3,0.7838,0.0113
RNG(1),3.51,3,0.7838,0.0113
RNG(1),3.52,3,0.7838,0.0113
RNG(1),3.53,3,0.7838,0.0113
RNG(1),3.54,3,0.7838,0.0113
RNG(1),3.55,3,0.7838,0.0113
RNG(1),3.56,3,0.7838,0.0113
RNG(1),3.57,3,0.7838,0.0113
RNG(1),3.58,3,0.7838,0.0113
RNG(1),3.59,3,0.7838,0.0113
RNG(1),3.6,3,0.7838,0.0113
RNG(1),3.61,3,0.7838,0.0113
RNG(1),3.62,3,0.7838,0.0113
RNG(1),3.63,3,0.7838,0.0113
RNG(1),3.64,3,0.7838,0.0113
RNG(1),3.65,3,0.7838,0.0113
RNG(1),3.66,3,0.7838,0.0113
RNG(1),3.67,3,0.7838,0.0113
RNG(1),3.68,3,0.7838,0.0113
RNG(1),3.69,3,0.7838,0.0113
RNG(1),3.7,3,0.7838,0.0113
RNG(1),3.71,3,0.7838,0.0113
RNG(1),3.72,3,0.7838,0.0113
RNG(1),3.73,3,0.7838,0.0113
RNG(1),3.74,2,0.7812,0.0133
RNG(1),3.75,3,0.7838,0.0113
RNG(1),3.76,3,0.7838,0.0113
RNG(1),3.77,3,0.7838,0.0113
RNG(1),3.79,2,0.7846,0.0553
RNG(1),3.8,3,0.7838,0.0113
RNG(1),3.82,3,0.7838,0.0113
RNG(1),3.83,3,0.7838,0.0113
RNG(1),3.84,2,0.7812,0.0133
RNG(1),3.85,2,0.7846,0.0553
RNG(1),3.87,2,0.7846,0.0553
RNG(1),3.92,1,0.7802,0.0
RNG(1),3.97,1,0.7802,0.0
RNG(1),3.98,1,0.7802,0.0
MMR(0.3),1.47,2,0.784,0.0483
MMR(0.3),1.51,1,0.7802,0.0
MMR(0.3),1.55,2,0.784,0.0483
MMR(0.3),1.58,2,0.7836,0.0515
MMR(0.3),3.78,2,0.5018,0.0508
MMR(0.3),3.81,1,0.4978,0.0
MMR(0.3),3.86,2,0.5014,0.0489
MMR(0.3),4.0,1,0.4975,0.0
MMR(0.3),4.01,1,0.4975,0.0
MMR(0.5),1.47,2,0.784,0.0483
MMR(0.5),1.51,1,0.7802,0.0
MMR(0.5),1.55,2,0.7841,0.0496
MMR(0.5),1.58,2,0.7838,0.0534
MMR(0.5),3.78,2,0.6041,0.054
MMR(0.5),3.81,1,0.5999,0.0
MMR(0.5),3.86,2,0.604,0.0527
MMR(0.5),4.0,1,0.5998,0.0
MMR(0.5),4.01,1,0.5998,0.0
MMR(0.7),1.47,2,0.7842,0.0496
MMR(0.7),1.51,1,0.7804,0.0
MMR(0.7),1.55,2,0.7844,0.0489
MMR(0.7),1.58,2,0.7843,0.0546
MMR(0.7),3.78,2,0.7433,0.0864
MMR(0.7),3.81,1,0.7365,0.0
MMR(0.7),3.86,2,0.7432,0.0851
MMR(0.7),4.0,1,0.7363,0.0
MMR(0.7),4.01,1,0.7363,0.0
MMR(0.9),1.47,2,0.7841,0.0496
MMR(0.9),1.51,1,0.7802,0.0
MMR(0.9),1.55,2,0.7842,0.0496
MMR(0.9),1.58,2,0.7841,0.0559
MMR(0.9),3.78,2,0.7863,0.0667
MMR(0.9),3.81,1,0.781,0.0
MMR(0.9),3.86,2,0.7863,0.0667
MMR(0.9),4.0,1,0.7808,0.0
MMR(0.9),4.01,1,0.7808,0.0
Maxmin,1.47,2,0.784,0.0483
Maxmin,1.51,1,0.7802,0.0
Maxmin,1.55,2,0.7839,0.0483
Maxmin,1.58,2,0.7835,0.0515
Maxmin,3.78,2,0.4746,0.0521
Maxmin,3.81,1,0.4704,0.0
Maxmin,3.86,2,0.4739,0.0502
Maxmin,4.0,1,0.47,0.0
Maxmin,4.01,1,0.47,0.0
Greedy-DPP,1.47,2,0.7842,0.0489
Greedy-DPP,1.51,1,0.7804,0.0
Greedy-DPP,1.55,2,0.7843,0.0489
Greedy-DPP,1.58,2,0.7842,0.054
Greedy-DPP,3.78,2,0.7074,0.0826
Greedy-DPP,3.81,1,0.7009,0.0
Greedy-DPP,3.86,2,0.7074,0.0826
Greedy-DPP,4.0,1,0.7007,0.0
Greedy-DPP,4.01,1,0.7007,0.0
RNG(-0.3),1.47,2,0.7843,0.0515
RNG(-0.3),1.51,1,0.7805,0.0
RNG(-0.3),1.55,2,0.7845,0.0502
RNG(-0.3),1.58,2,0.7843,0.0546
RNG(-0.3),3.78,2,0.7911,0.0584
RNG(-0.3),3.81,1,0.7865,0.0
RNG(-0.3),3.86,2,0.7911,0.0584
RNG(-0.3),4.0,1,0.7865,0.0
RNG(-0.3),4.01,1,0.7865,0.0
RNG(-0.2),1.47,2,0.7844,0.0521
RNG(-0.2),1.51,1,0.7805,0.0
RNG(-0.2),1.55,2,0.7848,0.0527
RNG(-0.2),1.58,2,0.7849,0.0591
RNG(-0.2),3.78,2,0.7884,0.0515
RNG(-0.2),3.81,1,0.7844,0.0
RNG(-0.2),3.86,2,0.7884,0.0515
RNG(-0.2),4.0,1,0.7844,0.0
RNG(-0.2),4.01,1,0.7844,0.0
RNG(-0.1),1.47,2,0.7843,0.0508
RNG(-0.1),1.51,1,0.7805,0.0
RNG(-0.1),1.55,2,0.7846,0.0515
RNG(-0.1),1.58,2,0.7847,0.0578
RNG(-0.1),3.78,2,0.7702,0.0172
RNG(-0.1),3.81,1,0.7688,0.0
RNG(-0.1),3.86,2,0.7702,0.0172
RNG(-0.1),4.0,1,0.7687,0.0
RNG(-0.1),4.01,1,0.7687,0.0
RNG(-0.05),1.47,2,0.7843,0.0515
RNG(-0.05),1.51,1,0.7805,0.0
RNG(-0.05),1.55,2,0.7847,0.0521
RNG(-0.05),1.58,2,0.7847,0.0584
RNG(-0.05),3.78,2,0.7631,0.054
RNG(-0.05),3.81,1,0.7589,0.0
RNG(-0.05),3.86,2,0.7631,0.054
RNG(-0.05),4.0,1,0.7587,0.0
RNG(-0.05),4.01,1,0.7587,0.0
RNG(0),1.47,2,0.7843,0.0508
RNG(0),1.51,1,0.7805,0.0
RNG(0),1.55,2,0.7846,0.0515
RNG(0),1.58,2,0.7847,0.0578
RNG(0),3.78,2,0.7729,0.0724
RNG(0),3.81,1,0.7672,0.0
RNG(0),3.86,2,0.7728,0.0712
RNG(0),4.0,1,0.767,0.0
RNG(0),4.01,1,0.767,0.0
RNG(0.05),1.47,2,0.7843,0.0502
RNG(0.05),1.51,1,0.7805,0.0
RNG(0.05),1.55,2,0.7846,0.0508
RNG(0.05),1.58,2,0.7847,0.0578
RNG(0.05),3.78,2,0.7836,0.0591
RNG(0.05),3.81,1,0.779,0.0
RNG(0.05),3.86,2,0.7836,0.0591
RNG(0.05),4.0,1,0.7789,0.0
RNG(0.05),4.01,1,0.7789,0.0
RNG(0.1),1.47,2,0.7843,0.0508
RNG(0.1),1.51,1,0.7805,0.0
RNG(0.1),1.55,2,0.7846,0.0515
RNG(0.1),1.58,2,0.7847,0.0578
RNG(0.1),3.78,2,0.7903,0.068
RNG(0.1),3.81,1,0.785,0.0
RNG(0.1),3.86,2,0.7903,0.068
RNG(0.1),4.0,1,0.785,0.0
RNG(0.1),4.01,1,0.785,0.0
RNG(0.2),1.47,2,0.7842,0.0489
RNG(0.2),1.51,1,0.7804,0.0
RNG(0.2),1.55,2,0.7843,0.0489
RNG(0.2),1.58,2,0.7846,0.0515
RNG(0.2),3.78,2,0.7918,0.0394
RNG(0.2),3.81,1,0.7887,0.0
RNG(0.2),3.86,2,0.7918,0.0394
RNG(0.2),4.0,1,0.7887,0.0
RNG(0.2),4.01,1,0.7887,0.0
RNG(0.3),1.47,2,0.7841,0.0483
RNG(0.3),1.51,1,0.7804,0.0
RNG(0.3),1.55,2,0.7843,0.0483
RNG(0.3),1.58,2,0.7844,0.0489
RNG(0.3),3.78,2,0.7916,0.0375
RNG(0.3),3.81,1,0.7887,0.0
RNG(0.3),3.86,2,0.7916,0.0375
RNG(0.3),4.0,1,0.7887,0.0
RNG(0.3),4.01,1,0.7887,0.0
RNG(0.5),1.47,2,0.7842,0.0502
RNG(0.5),1.51,1,0.7803,0.0
RNG(0.5),1.55,2,0.7843,0.0502
RNG(0.5),1.58,2,0.7844,0.0502
RNG(0.5),3.78,2,0.7888,0.0349
RNG(0.5),3.81,1,0.786,0.0
RNG(0.5),3.86,2,0.7888,0.0349
RNG(0.5),4.0,1,0.786,0.0
RNG(0.5),4.01,1,0.786,0.0
RNG(1),1.47,2,0.7841,0.0496
RNG(1),1.51,1,0.7803,0.0
RNG(1),1.55,2,0.7843,0.0489
RNG(1),1.58,2,0.7843,0.0489
RNG(1),3.78,2,0.7856,0.0419
RNG(1),3.81,1,0.7823,0.0
RNG(1),3.86,2,0.7856,0.0419
RNG(1),4.0,1,0.7823,0.0
RNG(1),4.01,1,0.7823,0.0
MMR(0.3),1.32,1,0.7879,0.0
MMR(0.3),1.33,1,0.7879,0.0
MMR(0.3),1.39,1,0.7879,0.0
MMR(0.3),3.88,1,0.5053,0.0
MMR(0.3),3.89,1,0.5053,0.0
MMR(0.3),3.95,1,0.5053,0.0
MMR(0.3),3.96,1,0.5053,0.0
MMR(0.5),1.32,1,0.7879,0.0
MMR(0.5),1.33,1,0.7879,0.0
MMR(0.5),1.39,1,0.7879,0.0
MMR(0.5),3.88,1,0.6082,0.0
MMR(0.5),3.89,1,0.6082,0.0
MMR(0.5),3.95,1,0.6082,0.0
MMR(0.5),3.96,1,0.6082,0.0
MMR(0.7),1.32,1,0.7879,0.0
MMR(0.7),1.33,1,0.7879,0.0
MMR(0.7),1.39,1,0.7881,0.0
MMR(0.7),3.88,1,0.7499,0.0
MMR(0.7),3.89,1,0.7499,0.0
MMR(0.7),3.95,1,0.7499,0.0
MMR(0.7),3.96,1,0.7499,0.0
MMR(0.9),1.32,1,0.7879,0.0
MMR(0.9),1.33,1,0.7879,0.0
MMR(0.9),1.39,1,0.788,0.0
MMR(0.9),3.88,1,0.7915,0.0
MMR(0.9),3.89,1,0.7915,0.0
MMR(0.9),3.95,1,0.7915,0.0
MMR(0.9),3.96,1,0.7915,0.0
Maxmin,1.32,1,0.7879,0.0
Maxmin,1.33,1,0.7879,0.0
Maxmin,1.39,1,0.7879,0.0
Maxmin,3.88,1,0.4779,0.0
Maxmin,3.89,1,0.4779,0.0
Maxmin,3.95,1,0.4779,0.0
Maxmin,3.96,1,0.4779,0.0
Greedy-DPP,1.32,1,0.7879,0.0
Greedy-DPP,1.33,1,0.7879,0.0
Greedy-DPP,1.39,1,0.7881,0.0
Greedy-DPP,3.88,1,0.7139,0.0
Greedy-DPP,3.89,1,0.7139,0.0
Greedy-DPP,3.95,1,0.7139,0.0
Greedy-DPP,3.96,1,0.7139,0.0
RNG(-0.3),1.32,1,0.7879,0.0
RNG(-0.3),1.33,1,0.7879,0.0
RNG(-0.3),1.39,1,0.7882,0.0
RNG(-0.3),3.88,1,0.7957,0.0
RNG(-0.3),3.89,1,0.7957,0.0
RNG(-0.3),3.95,1,0.7957,0.0
RNG(-0.3),3.96,1,0.7957,0.0
RNG(-0.2),1.32,1,0.7879,0.0
RNG(-0.2),1.33,1,0.7879,0.0
RNG(-0.2),1.39,1,0.7883,0.0
RNG(-0.2),3.88,1,0.7925,0.0
RNG(-0.2),3.89,1,0.7925,0.0
RNG(-0.2),3.95,1,0.7925,0.0
RNG(-0.2),3.96,1,0.7925,0.0
RNG(-0.1),1.32,1,0.7879,0.0
RNG(-0.1),1.33,1,0.7879,0.0
RNG(-0.1),1.39,1,0.7883,0.0
RNG(-0.1),3.88,1,0.7715,0.0
RNG(-0.1),3.89,1,0.7715,0.0
RNG(-0.1),3.95,1,0.7715,0.0
RNG(-0.1),3.96,1,0.7715,0.0
RNG(-0.05),1.32,1,0.7879,0.0
RNG(-0.05),1.33,1,0.7879,0.0
RNG(-0.05),1.39,1,0.7883,0.0
RNG(-0.05),3.88,1,0.7674,0.0
RNG(-0.05),3.89,1,0.7674,0.0
RNG(-0.05),3.95,1,0.7674,0.0
RNG(-0.05),3.96,1,0.7674,0.0
RNG(0),1.32,1,0.7879,0.0
RNG(0),1.33,1,0.7879,0.0
RNG(0),1.39,1,0.7883,0.0
RNG(0),3.88,1,0.7784,0.0
RNG(0),3.89,1,0.7784,0.0
RNG(0),3.95,1,0.7784,0.0
RNG(0),3.96,1,0.7784,0.0
RNG(0.05),1.32,1,0.7879,0.0
RNG(0.05),1.33,1,0.7879,0.0
RNG(0.05),1.39,1,0.7882,0.0
RNG(0.05),3.88,1,0.7883,0.0
RNG(0.05),3.89,1,0.7883,0.0
RNG(0.05),3.95,1,0.7883,0.0
RNG(0.05),3.96,1,0.7883,0.0
RNG(0.1),1.32,1,0.7879,0.0
RNG(0.1),1.33,1,0.7879,0.0
RNG(0.1),1.39,1,0.7883,0.0
RNG(0.1),3.88,1,0.7957,0.0
RNG(0.1),3.89,1,0.7957,0.0
RNG(0.1),3.95,1,0.7957,0.0
RNG(0.1),3.96,1,0.7957,0.0
RNG(0.2),1.32,1,0.7879,0.0
RNG(0.2),1.33,1,0.7879,0.0
RNG(0.2),1.39,1,0.788,0.0
RNG(0.2),3.88,1,0.7949,0.0
RNG(0.2),3.89,1,0.7949,0.0
RNG(0.2),3.95,1,0.7949,0.0
RNG(0.2),3.96,1,0.7949,0.0
RNG(0.3),1.32,1,0.7879,0.0
RNG(0.3),1.33,1,0.7879,0.0
RNG(0.3),1.39,1,0.7879,0.0
RNG(0.3),3.88,1,0.7946,0.0
RNG(0.3),3.89,1,0.7946,0.0
RNG(0.3),3.95,1,0.7946,0.0
RNG(0.3),3.96,1,0.7946,0.0
RNG(0.5),1.32,1,0.7879,0.0
RNG(0.5),1.33,1,0.7879,0.0
RNG(0.5),1.39,1,0.7879,0.0
RNG(0.5),3.88,1,0.7915,0.0
RNG(0.5),3.89,1,0.7915,0.0
RNG(0.5),3.95,1,0.7915,0.0
RNG(0.5),3.96,1,0.7915,0.0
RNG(1),1.32,1,0.7879,0.0
RNG(1),1.33,1,0.7879,0.0
RNG(1),1.39,1,0.7879,0.0
RNG(1),3.88,1,0.7889,0.0
RNG(1),3.89,1,0.7889,0.0
RNG(1),3.95,1,0.7889,0.0
RNG(1),3.96,1,0.7889,0.0
