run,dataset,experiment,contrast_type,condition_name,condition,clean_condition,heavy_condition,method,objective,n_independent_queries,mean_paired_difference_pp,ci95_lo_pp,ci95_hi_pp,one_sided_95_lower_pp,fraction_improved,fraction_tied,fraction_harmed,alternative,raw_p,adjusted_p,multiplicity_family
2026-08-06_152319_redundancy_trec-covid__redundancy,trec-covid,redundancy,level_effect,rho,0,,,Maxmin,S-Recall@k,50,-9.298810274445756,-11.642840125112237,-7.187809609103224,,0.0,0.06,0.94,two-sided,0.0005,0.024,2026-08-06_152319_redundancy_trec-covid__redundancy:all_method_by_level_effects
2026-08-06_152319_redundancy_trec-covid__redundancy,trec-covid,redundancy,level_effect,rho,0,,,Greedy-DPP,S-Recall@k,50,-5.656831539845399,-7.171242070549463,-4.087352490642837,,0.04,0.14,0.82,two-sided,0.0005,0.024,2026-08-06_152319_redundancy_trec-covid__redundancy:all_method_by_level_effects
2026-08-06_152319_redundancy_trec-covid__redundancy,trec-covid,redundancy,level_effect,rho,0,,,Dedup*,S-Recall@k,50,-0.39658462103469594,-0.988592341437172,0.2140249229671273,,0.12,0.52,0.36,two-sided,0.1965,0.9825,2026-08-06_152319_redundancy_trec-covid__redundancy:all_method_by_level_effects
2026-08-06_152319_redundancy_trec-covid__redundancy,trec-covid,redundancy,level_effect,rho,0,,,MMR*,S-Recall@k,50,0.015679805614996378,-0.6997387825903656,0.7992669152505342,,0.18,0.58,0.24,two-sided,0.974,1.0,2026-08-06_152319_redundancy_trec-covid__redundancy:all_method_by_level_effects
2026-08-06_152319_redundancy_trec-covid__redundancy,trec-covid,redundancy,level_effect,rho,0,,,VendiG*,S-Recall@k,50,0.007540360843103215,-0.8288125340017007,0.8760355895231653,,0.14,0.6,0.26,two-sided,0.984,1.0,2026-08-06_152319_redundancy_trec-covid__redundancy:all_method_by_level_effects
2026-08-06_152319_redundancy_trec-covid__redundancy,trec-covid,redundancy,level_effect,rho,0,,,RNG*,S-Recall@k,50,-0.3205741740949645,-0.6658804141468488,0.00471377249672381,,0.1,0.62,0.28,two-sided,0.0665,0.605,2026-08-06_152319_redundancy_trec-covid__redundancy:all_method_by_level_effects
2026-08-06_152319_redundancy_trec-covid__redundancy,trec-covid,redundancy,level_effect,rho,0.025,,,Maxmin,S-Recall@k,50,-7.687471801893678,-10.105798004349827,-5.452192496556758,,0.06,0.1,0.84,two-sided,0.0005,0.024,2026-08-06_152319_redundancy_trec-covid__redundancy:all_method_by_level_effects
2026-08-06_152319_redundancy_trec-covid__redundancy,trec-covid,redundancy,level_effect,rho,0.025,,,Greedy-DPP,S-Recall@k,50,-4.23765970811145,-6.0366379992302655,-2.263217432966029,,0.16,0.06,0.78,two-sided,0.0005,0.024,2026-08-06_152319_redundancy_trec-covid__redundancy:all_method_by_level_effects
2026-08-06_152319_redundancy_trec-covid__redundancy,trec-covid,redundancy,level_effect,rho,0.025,,,Dedup*,S-Recall@k,50,1.0674160704397064,0.07037039683070057,2.2008852138744444,,0.46,0.28,0.26,two-sided,0.055,0.605,2026-08-06_152319_redundancy_trec-covid__redundancy:all_method_by_level_effects
2026-08-06_152319_redundancy_trec-covid__redundancy,trec-covid,redundancy,level_effect,rho,0.025,,,MMR*,S-Recall@k,50,1.0511365835605277,0.21662033187752894,2.1124696846095636,,0.44,0.34,0.22,two-sided,0.03,0.36,2026-08-06_152319_redundancy_trec-covid__redundancy:all_method_by_level_effects
2026-08-06_152319_redundancy_trec-covid__redundancy,trec-covid,redundancy,level_effect,rho,0.025,,,VendiG*,S-Recall@k,50,0.8821154679413934,0.05077614926758247,1.9201651041854604,,0.38,0.34,0.28,two-sided,0.0665,0.605,2026-08-06_152319_redundancy_trec-covid__redundancy:all_method_by_level_effects
2026-08-06_152319_redundancy_trec-covid__redundancy,trec-covid,redundancy,level_effect,rho,0.025,,,RNG*,S-Recall@k,50,0.501855812895323,-0.28719292710608413,1.3709996819494745,,0.4,0.36,0.24,two-sided,0.225,0.9825,2026-08-06_152319_redundancy_trec-covid__redundancy:all_method_by_level_effects
2026-08-06_152319_redundancy_trec-covid__redundancy,trec-covid,redundancy,level_effect,rho,0.05,,,Maxmin,S-Recall@k,50,-7.526169443395364,-9.99519666337903,-5.360610113931605,,0.06,0.1,0.84,two-sided,0.0005,0.024,2026-08-06_152319_redundancy_trec-covid__redundancy:all_method_by_level_effects
2026-08-06_152319_redundancy_trec-covid__redundancy,trec-covid,redundancy,level_effect,rho,0.05,,,Greedy-DPP,S-Recall@k,50,-3.7443587940548,-5.137427054004784,-2.331477346715723,,0.16,0.04,0.8,two-sided,0.0005,0.024,2026-08-06_152319_redundancy_trec-covid__redundancy:all_method_by_level_effects
2026-08-06_152319_redundancy_trec-covid__redundancy,trec-covid,redundancy,level_effect,rho,0.05,,,Dedup*,S-Recall@k,50,1.5507113267698158,0.7191567227764973,2.431709539993905,,0.64,0.18,0.18,two-sided,0.001,0.024,2026-08-06_152319_redundancy_trec-covid__redundancy:all_method_by_level_effects
2026-08-06_152319_redundancy_trec-covid__redundancy,trec-covid,redundancy,level_effect,rho,0.05,,,MMR*,S-Recall@k,50,1.0659013791415044,0.3677177858271237,1.8286927008175384,,0.52,0.26,0.22,two-sided,0.005,0.08,2026-08-06_152319_redundancy_trec-covid__redundancy:all_method_by_level_effects
2026-08-06_152319_redundancy_trec-covid__redundancy,trec-covid,redundancy,level_effect,rho,0.05,,,VendiG*,S-Recall@k,50,0.9797766690067305,0.30521274087817957,1.733768712915265,,0.48,0.32,0.2,two-sided,0.01,0.15,2026-08-06_152319_redundancy_trec-covid__redundancy:all_method_by_level_effects
2026-08-06_152319_redundancy_trec-covid__redundancy,trec-covid,redundancy,level_effect,rho,0.05,,,RNG*,S-Recall@k,50,1.6286610575733333,0.7785078190098572,2.5452733271392116,,0.64,0.22,0.14,two-sided,0.001,0.024,2026-08-06_152319_redundancy_trec-covid__redundancy:all_method_by_level_effects
2026-08-06_152319_redundancy_trec-covid__redundancy,trec-covid,redundancy,level_effect,rho,0.1,,,Maxmin,S-Recall@k,50,-6.732058593189172,-9.063821708564026,-4.676372330767232,,0.12,0.04,0.84,two-sided,0.0005,0.024,2026-08-06_152319_redundancy_trec-covid__redundancy:all_method_by_level_effects
2026-08-06_152319_redundancy_trec-covid__redundancy,trec-covid,redundancy,level_effect,rho,0.1,,,Greedy-DPP,S-Recall@k,50,-3.206145399870922,-4.522024702295859,-1.8455294434307778,,0.16,0.14,0.7,two-sided,0.0005,0.024,2026-08-06_152319_redundancy_trec-covid__redundancy:all_method_by_level_effects
2026-08-06_152319_redundancy_trec-covid__redundancy,trec-covid,redundancy,level_effect,rho,0.1,,,Dedup*,S-Recall@k,50,2.269799700051717,1.4339298303073063,3.179023538887386,,0.66,0.2,0.14,two-sided,0.0005,0.024,2026-08-06_152319_redundancy_trec-covid__redundancy:all_method_by_level_effects
2026-08-06_152319_redundancy_trec-covid__redundancy,trec-covid,redundancy,level_effect,rho,0.1,,,MMR*,S-Recall@k,50,0.9734697928407412,0.41935402473798833,1.5188031429277182,,0.56,0.3,0.14,two-sided,0.0015,0.0285,2026-08-06_152319_redundancy_trec-covid__redundancy:all_method_by_level_effects
2026-08-06_152319_redundancy_trec-covid__redundancy,trec-covid,redundancy,level_effect,rho,0.1,,,VendiG*,S-Recall@k,50,0.6503427814309901,0.15458991806552155,1.1643172788003122,,0.48,0.32,0.2,two-sided,0.0135,0.182,2026-08-06_152319_redundancy_trec-covid__redundancy:all_method_by_level_effects
2026-08-06_152319_redundancy_trec-covid__redundancy,trec-covid,redundancy,level_effect,rho,0.1,,,RNG*,S-Recall@k,50,2.231493081034709,1.3431109862798667,3.1622152041828424,,0.68,0.18,0.14,two-sided,0.0005,0.024,2026-08-06_152319_redundancy_trec-covid__redundancy:all_method_by_level_effects
2026-08-06_152319_redundancy_trec-covid__redundancy,trec-covid,redundancy,level_effect,rho,0.15,,,Maxmin,S-Recall@k,50,-5.719959972830748,-7.7628435731992855,-3.8236059311433657,,0.16,0.04,0.8,two-sided,0.0005,0.024,2026-08-06_152319_redundancy_trec-covid__redundancy:all_method_by_level_effects
2026-08-06_152319_redundancy_trec-covid__redundancy,trec-covid,redundancy,level_effect,rho,0.15,,,Greedy-DPP,S-Recall@k,50,-1.4926909938189632,-3.0637779635957667,0.2159998104176898,,0.32,0.06,0.62,two-sided,0.0695,0.605,2026-08-06_152319_redundancy_trec-covid__redundancy:all_method_by_level_effects
2026-08-06_152319_redundancy_trec-covid__redundancy,trec-covid,redundancy,level_effect,rho,0.15,,,Dedup*,S-Recall@k,50,3.875736515851269,2.8044016404605623,5.0526876509124525,,0.84,0.06,0.1,two-sided,0.0005,0.024,2026-08-06_152319_redundancy_trec-covid__redundancy:all_method_by_level_effects
2026-08-06_152319_redundancy_trec-covid__redundancy,trec-covid,redundancy,level_effect,rho,0.15,,,MMR*,S-Recall@k,50,1.3562466485647755,0.5693256766909846,2.1699269432792168,,0.68,0.08,0.24,two-sided,0.0015,0.0285,2026-08-06_152319_redundancy_trec-covid__redundancy:all_method_by_level_effects
2026-08-06_152319_redundancy_trec-covid__redundancy,trec-covid,redundancy,level_effect,rho,0.15,,,VendiG*,S-Recall@k,50,1.11102988443271,0.005206689651555569,2.3027936625377827,,0.56,0.18,0.26,two-sided,0.0555,0.605,2026-08-06_152319_redundancy_trec-covid__redundancy:all_method_by_level_effects
2026-08-06_152319_redundancy_trec-covid__redundancy,trec-covid,redundancy,level_effect,rho,0.15,,,RNG*,S-Recall@k,50,3.554489316072595,2.48394431511202,4.728885215223822,,0.82,0.08,0.1,two-sided,0.0005,0.024,2026-08-06_152319_redundancy_trec-covid__redundancy:all_method_by_level_effects
2026-08-06_152319_redundancy_trec-covid__redundancy,trec-covid,redundancy,level_effect,rho,0.25,,,Maxmin,S-Recall@k,50,-3.8254203171614503,-5.2461977407649325,-2.4282606358280656,,0.18,0.08,0.74,two-sided,0.0005,0.024,2026-08-06_152319_redundancy_trec-covid__redundancy:all_method_by_level_effects
2026-08-06_152319_redundancy_trec-covid__redundancy,trec-covid,redundancy,level_effect,rho,0.25,,,Greedy-DPP,S-Recall@k,50,0.21901933567462634,-1.181393591728336,1.7387476961854786,,0.48,0.04,0.48,two-sided,0.7785,1.0,2026-08-06_152319_redundancy_trec-covid__redundancy:all_method_by_level_effects
2026-08-06_152319_redundancy_trec-covid__redundancy,trec-covid,redundancy,level_effect,rho,0.25,,,Dedup*,S-Recall@k,50,5.175941931561585,3.946051634589515,6.388175997597729,,0.86,0.08,0.06,two-sided,0.0005,0.024,2026-08-06_152319_redundancy_trec-covid__redundancy:all_method_by_level_effects
2026-08-06_152319_redundancy_trec-covid__redundancy,trec-covid,redundancy,level_effect,rho,0.25,,,MMR*,S-Recall@k,50,3.5559079855641493,2.342837572506514,4.83533373477098,,0.72,0.12,0.16,two-sided,0.0005,0.024,2026-08-06_152319_redundancy_trec-covid__redundancy:all_method_by_level_effects
2026-08-06_152319_redundancy_trec-covid__redundancy,trec-covid,redundancy,level_effect,rho,0.25,,,VendiG*,S-Recall@k,50,1.7360583567405814,0.7324958001476775,2.8973800652542763,,0.66,0.1,0.24,two-sided,0.0015,0.0285,2026-08-06_152319_redundancy_trec-covid__redundancy:all_method_by_level_effects
2026-08-06_152319_redundancy_trec-covid__redundancy,trec-covid,redundancy,level_effect,rho,0.25,,,RNG*,S-Recall@k,50,5.102860957049563,3.7828132827006127,6.428974167942457,,0.84,0.1,0.06,two-sided,0.0005,0.024,2026-08-06_152319_redundancy_trec-covid__redundancy:all_method_by_level_effects
2026-08-06_152319_redundancy_trec-covid__redundancy,trec-covid,redundancy,level_effect,rho,0.5,,,Maxmin,S-Recall@k,50,-1.3951083953117114,-2.475390224889716,-0.3446424425621112,,0.32,0.14,0.54,two-sided,0.013,0.182,2026-08-06_152319_redundancy_trec-covid__redundancy:all_method_by_level_effects
2026-08-06_152319_redundancy_trec-covid__redundancy,trec-covid,redundancy,level_effect,rho,0.5,,,Greedy-DPP,S-Recall@k,50,4.3499869878413575,2.401751179930396,6.481489920289293,,0.72,0.04,0.24,two-sided,0.0005,0.024,2026-08-06_152319_redundancy_trec-covid__redundancy:all_method_by_level_effects
2026-08-06_152319_redundancy_trec-covid__redundancy,trec-covid,redundancy,level_effect,rho,0.5,,,Dedup*,S-Recall@k,50,9.105349991106873,7.28875099266435,11.233217411663231,,0.94,0.06,0.0,two-sided,0.0005,0.024,2026-08-06_152319_redundancy_trec-covid__redundancy:all_method_by_level_effects
2026-08-06_152319_redundancy_trec-covid__redundancy,trec-covid,redundancy,level_effect,rho,0.5,,,MMR*,S-Recall@k,50,7.236449216771469,5.355395782761127,9.393323044837452,,0.9,0.04,0.06,two-sided,0.0005,0.024,2026-08-06_152319_redundancy_trec-covid__redundancy:all_method_by_level_effects
2026-08-06_152319_redundancy_trec-covid__redundancy,trec-covid,redundancy,level_effect,rho,0.5,,,VendiG*,S-Recall@k,50,4.474383070136119,3.224725097099867,5.835478807777423,,0.9,0.0,0.1,two-sided,0.0005,0.024,2026-08-06_152319_redundancy_trec-covid__redundancy:all_method_by_level_effects
2026-08-06_152319_redundancy_trec-covid__redundancy,trec-covid,redundancy,level_effect,rho,0.5,,,RNG*,S-Recall@k,50,8.554995173734161,6.698622338830513,10.77182753679762,,0.94,0.06,0.0,two-sided,0.0005,0.024,2026-08-06_152319_redundancy_trec-covid__redundancy:all_method_by_level_effects
2026-08-06_152319_redundancy_trec-covid__redundancy,trec-covid,redundancy,level_effect,rho,1,,,Maxmin,S-Recall@k,50,2.207763151561926,0.07823260337119603,4.659747724009074,,0.52,0.08,0.4,two-sided,0.061,0.605,2026-08-06_152319_redundancy_trec-covid__redundancy:all_method_by_level_effects
2026-08-06_152319_redundancy_trec-covid__redundancy,trec-covid,redundancy,level_effect,rho,1,,,Greedy-DPP,S-Recall@k,50,11.014222570599289,8.061602116524819,14.522343438891095,,0.88,0.02,0.1,two-sided,0.0005,0.024,2026-08-06_152319_redundancy_trec-covid__redundancy:all_method_by_level_effects
2026-08-06_152319_redundancy_trec-covid__redundancy,trec-covid,redundancy,level_effect,rho,1,,,Dedup*,S-Recall@k,50,14.879923289656036,12.189855640149734,18.139955862708124,,0.98,0.02,0.0,two-sided,0.0005,0.024,2026-08-06_152319_redundancy_trec-covid__redundancy:all_method_by_level_effects
2026-08-06_152319_redundancy_trec-covid__redundancy,trec-covid,redundancy,level_effect,rho,1,,,MMR*,S-Recall@k,50,12.815737467839538,10.25596997325774,15.650984199980186,,0.96,0.0,0.04,two-sided,0.0005,0.024,2026-08-06_152319_redundancy_trec-covid__redundancy:all_method_by_level_effects
2026-08-06_152319_redundancy_trec-covid__redundancy,trec-covid,redundancy,level_effect,rho,1,,,VendiG*,S-Recall@k,50,10.757459354488324,8.053833307245053,13.819794672632538,,0.86,0.04,0.1,two-sided,0.0005,0.024,2026-08-06_152319_redundancy_trec-covid__redundancy:all_method_by_level_effects
2026-08-06_152319_redundancy_trec-covid__redundancy,trec-covid,redundancy,level_effect,rho,1,,,RNG*,S-Recall@k,50,13.853658875288975,11.240472900015153,17.036663494962333,,0.98,0.02,0.0,two-sided,0.0005,0.024,2026-08-06_152319_redundancy_trec-covid__redundancy:all_method_by_level_effects
2026-08-06_152319_redundancy_trec-covid__redundancy,trec-covid,redundancy,heavy_minus_clean_interaction,rho,,0,1,Maxmin,S-Recall@k,50,11.50657342600768,7.923696916931175,15.756631333044375,8.445838763003604,0.9,0.0,0.1,greater,0.0005,0.003,2026-08-06_152319_redundancy_trec-covid__redundancy:primary_interactions
2026-08-06_152319_redundancy_trec-covid__redundancy,trec-covid,redundancy,heavy_minus_clean_interaction,rho,,0,1,Greedy-DPP,S-Recall@k,50,16.671054110444686,13.490251013998188,20.51039117207531,13.84858719602409,1.0,0.0,0.0,greater,0.0005,0.003,2026-08-06_152319_redundancy_trec-covid__redundancy:primary_interactions
2026-08-06_152319_redundancy_trec-covid__redundancy,trec-covid,redundancy,heavy_minus_clean_interaction,rho,,0,1,Dedup*,S-Recall@k,50,15.276507910690727,12.651128667063057,18.438053274158527,12.938134563414906,1.0,0.0,0.0,greater,0.0005,0.003,2026-08-06_152319_redundancy_trec-covid__redundancy:primary_interactions
2026-08-06_152319_redundancy_trec-covid__redundancy,trec-covid,redundancy,heavy_minus_clean_interaction,rho,,0,1,MMR*,S-Recall@k,50,12.800057662224543,10.267915195784404,15.665392515086792,10.595273502388038,0.96,0.0,0.04,greater,0.0005,0.003,2026-08-06_152319_redundancy_trec-covid__redundancy:primary_interactions
2026-08-06_152319_redundancy_trec-covid__redundancy,trec-covid,redundancy,heavy_minus_clean_interaction,rho,,0,1,VendiG*,S-Recall@k,50,10.749918993645219,8.104355130263981,13.660250242083867,8.496393234710183,0.88,0.0,0.12,greater,0.0005,0.003,2026-08-06_152319_redundancy_trec-covid__redundancy:primary_interactions
2026-08-06_152319_redundancy_trec-covid__redundancy,trec-covid,redundancy,heavy_minus_clean_interaction,rho,,0,1,RNG*,S-Recall@k,50,14.174233049383938,11.543869877359034,17.31436115481089,11.899553302162895,1.0,0.0,0.0,greater,0.0005,0.003,2026-08-06_152319_redundancy_trec-covid__redundancy:primary_interactions
2026-08-06_160000_redundancy_musique__redundancy,musique,redundancy,level_effect,rho,0,,,Maxmin,S-Recall@k,2400,-22.69097222222229,-24.079861111111107,-21.399131944444445,,0.10291666666666667,0.34291666666666665,0.5541666666666667,two-sided,0.0005,0.024,2026-08-06_160000_redundancy_musique__redundancy:all_method_by_level_effects
2026-08-06_160000_redundancy_musique__redundancy,musique,redundancy,level_effect,rho,0,,,Greedy-DPP,S-Recall@k,2400,-0.9270833333333335,-1.760590277777778,-0.07274305555555563,,0.11375,0.75625,0.13,two-sided,0.0345,0.12,2026-08-06_160000_redundancy_musique__redundancy:all_method_by_level_effects
2026-08-06_160000_redundancy_musique__redundancy,musique,redundancy,level_effect,rho,0,,,Dedup*,S-Recall@k,2400,0.4594907407407406,0.24756944444444443,0.678472222222222,,0.0175,0.9783333333333334,0.004166666666666667,two-sided,0.0005,0.024,2026-08-06_160000_redundancy_musique__redundancy:all_method_by_level_effects
2026-08-06_160000_redundancy_musique__redundancy,musique,redundancy,level_effect,rho,0,,,MMR*,S-Recall@k,2400,0.5486111111111112,0.06597222222222224,1.0243055555555556,,0.05416666666666667,0.90875,0.037083333333333336,two-sided,0.024,0.12,2026-08-06_160000_redundancy_musique__redundancy:all_method_by_level_effects
2026-08-06_160000_redundancy_musique__redundancy,musique,redundancy,level_effect,rho,0,,,VendiG*,S-Recall@k,2400,1.1979166666666663,0.6527777777777777,1.7395833333333333,,0.07458333333333333,0.88375,0.041666666666666664,two-sided,0.0005,0.024,2026-08-06_160000_redundancy_musique__redundancy:all_method_by_level_effects
2026-08-06_160000_redundancy_musique__redundancy,musique,redundancy,level_effect,rho,0,,,RNG*,S-Recall@k,2400,1.5416666666666679,1.0520833333333335,2.0416666666666665,,0.07208333333333333,0.8975,0.030416666666666668,two-sided,0.0005,0.024,2026-08-06_160000_redundancy_musique__redundancy:all_method_by_level_effects
2026-08-06_160000_redundancy_musique__redundancy,musique,redundancy,level_effect,rho,0.025,,,Maxmin,S-Recall@k,2400,-22.69097222222229,-24.079861111111107,-21.399131944444445,,0.10291666666666667,0.34291666666666665,0.5541666666666667,two-sided,0.0005,0.024,2026-08-06_160000_redundancy_musique__redundancy:all_method_by_level_effects
2026-08-06_160000_redundancy_musique__redundancy,musique,redundancy,level_effect,rho,0.025,,,Greedy-DPP,S-Recall@k,2400,-0.9270833333333335,-1.760590277777778,-0.07274305555555563,,0.11375,0.75625,0.13,two-sided,0.0345,0.12,2026-08-06_160000_redundancy_musique__redundancy:all_method_by_level_effects
2026-08-06_160000_redundancy_musique__redundancy,musique,redundancy,level_effect,rho,0.025,,,Dedup*,S-Recall@k,2400,0.4594907407407406,0.24756944444444443,0.678472222222222,,0.0175,0.9783333333333334,0.004166666666666667,two-sided,0.0005,0.024,2026-08-06_160000_redundancy_musique__redundancy:all_method_by_level_effects
2026-08-06_160000_redundancy_musique__redundancy,musique,redundancy,level_effect,rho,0.025,,,MMR*,S-Recall@k,2400,0.5486111111111112,0.06597222222222224,1.0243055555555556,,0.05416666666666667,0.90875,0.037083333333333336,two-sided,0.024,0.12,2026-08-06_160000_redundancy_musique__redundancy:all_method_by_level_effects
2026-08-06_160000_redundancy_musique__redundancy,musique,redundancy,level_effect,rho,0.025,,,VendiG*,S-Recall@k,2400,1.1979166666666663,0.6527777777777777,1.7395833333333333,,0.07458333333333333,0.88375,0.041666666666666664,two-sided,0.0005,0.024,2026-08-06_160000_redundancy_musique__redundancy:all_method_by_level_effects
2026-08-06_160000_redundancy_musique__redundancy,musique,redundancy,level_effect,rho,0.025,,,RNG*,S-Recall@k,2400,1.5416666666666679,1.0520833333333335,2.0416666666666665,,0.07208333333333333,0.8975,0.030416666666666668,two-sided,0.0005,0.024,2026-08-06_160000_redundancy_musique__redundancy:all_method_by_level_effects
2026-08-06_160000_redundancy_musique__redundancy,musique,redundancy,level_effect,rho,0.05,,,Maxmin,S-Recall@k,2400,-22.04050925925928,-23.38559027777778,-20.787528935185186,,0.11083333333333334,0.32958333333333334,0.5595833333333333,two-sided,0.0005,0.024,2026-08-06_160000_redundancy_musique__redundancy:all_method_by_level_effects
2026-08-06_160000_redundancy_musique__redundancy,musique,redundancy,level_effect,rho,0.05,,,Greedy-DPP,S-Recall@k,2400,0.060185185185185015,-0.8034722222222221,0.923119212962963,,0.14375,0.7275,0.12875,two-sided,0.8985,0.8985,2026-08-06_160000_redundancy_musique__redundancy:all_method_by_level_effects
2026-08-06_160000_redundancy_musique__redundancy,musique,redundancy,level_effect,rho,0.05,,,Dedup*,S-Recall@k,2400,1.3877314814814827,1.1041377314814815,1.6875578703703702,,0.06625,0.9295833333333333,0.004166666666666667,two-sided,0.0005,0.024,2026-08-06_160000_redundancy_musique__redundancy:all_method_by_level_effects
2026-08-06_160000_redundancy_musique__redundancy,musique,redundancy,level_effect,rho,0.05,,,MMR*,S-Recall@k,2400,1.1672453703703711,0.687471064814815,1.6603009259259258,,0.08375,0.8766666666666667,0.03958333333333333,two-sided,0.0005,0.024,2026-08-06_160000_redundancy_musique__redundancy:all_method_by_level_effects
2026-08-06_160000_redundancy_musique__redundancy,musique,redundancy,level_effect,rho,0.05,,,VendiG*,S-Recall@k,2400,1.863425925925927,1.3200231481481481,2.4063368055555556,,0.10583333333333333,0.85,0.04416666666666667,two-sided,0.0005,0.024,2026-08-06_160000_redundancy_musique__redundancy:all_method_by_level_effects
2026-08-06_160000_redundancy_musique__redundancy,musique,redundancy,level_effect,rho,0.05,,,RNG*,S-Recall@k,2400,1.9357638888888906,1.440306712962963,2.422482638888889,,0.09916666666666667,0.8608333333333333,0.04,two-sided,0.0005,0.024,2026-08-06_160000_redundancy_musique__redundancy:all_method_by_level_effects
2026-08-06_160000_redundancy_musique__redundancy,musique,redundancy,level_effect,rho,0.1,,,Maxmin,S-Recall@k,2400,-19.712962962962965,-21.08064236111111,-18.51574074074074,,0.125,0.33666666666666667,0.5383333333333333,two-sided,0.0005,0.024,2026-08-06_160000_redundancy_musique__redundancy:all_method_by_level_effects
2026-08-06_160000_redundancy_musique__redundancy,musique,redundancy,level_effect,rho,0.1,,,Greedy-DPP,S-Recall@k,2400,1.9583333333333344,1.1450231481481483,2.8588831018518515,,0.175,0.7133333333333334,0.11166666666666666,two-sided,0.0005,0.024,2026-08-06_160000_redundancy_musique__redundancy:all_method_by_level_effects
2026-08-06_160000_redundancy_musique__redundancy,musique,redundancy,level_effect,rho,0.1,,,Dedup*,S-Recall@k,2400,3.391203703703702,2.9888888888888885,3.8415509259259255,,0.12166666666666667,0.8745833333333334,0.00375,two-sided,0.0005,0.024,2026-08-06_160000_redundancy_musique__redundancy:all_method_by_level_effects
2026-08-06_160000_redundancy_musique__redundancy,musique,redundancy,level_effect,rho,0.1,,,MMR*,S-Recall@k,2400,1.8078703703703722,1.326244212962963,2.329311342592593,,0.1,0.8595833333333334,0.04041666666666666,two-sided,0.0005,0.024,2026-08-06_160000_redundancy_musique__redundancy:all_method_by_level_effects
2026-08-06_160000_redundancy_musique__redundancy,musique,redundancy,level_effect,rho,0.1,,,VendiG*,S-Recall@k,2400,2.5555555555555562,1.9964409722222223,3.1822916666666665,,0.12541666666666668,0.8291666666666667,0.04541666666666667,two-sided,0.0005,0.024,2026-08-06_160000_redundancy_musique__redundancy:all_method_by_level_effects
2026-08-06_160000_redundancy_musique__redundancy,musique,redundancy,level_effect,rho,0.1,,,RNG*,S-Recall@k,2400,2.067129629629631,1.6637442129629627,2.490190972222222,,0.13125,0.82625,0.0425,two-sided,0.0005,0.024,2026-08-06_160000_redundancy_musique__redundancy:all_method_by_level_effects
2026-08-06_160000_redundancy_musique__redundancy,musique,redundancy,level_effect,rho,0.15,,,Maxmin,S-Recall@k,2400,-18.79745370370368,-20.150086805555556,-17.608767361111113,,0.13666666666666666,0.32458333333333333,0.53875,two-sided,0.0005,0.024,2026-08-06_160000_redundancy_musique__redundancy:all_method_by_level_effects
2026-08-06_160000_redundancy_musique__redundancy,musique,redundancy,level_effect,rho,0.15,,,Greedy-DPP,S-Recall@k,2400,3.0787037037037064,2.263686342592593,3.938715277777778,,0.205,0.68875,0.10625,two-sided,0.0005,0.024,2026-08-06_160000_redundancy_musique__redundancy:all_method_by_level_effects
2026-08-06_160000_redundancy_musique__redundancy,musique,redundancy,level_effect,rho,0.15,,,Dedup*,S-Recall@k,2400,4.395833333333339,3.960040509259259,4.917447916666666,,0.165,0.83125,0.00375,two-sided,0.0005,0.024,2026-08-06_160000_redundancy_musique__redundancy:all_method_by_level_effects
2026-08-06_160000_redundancy_musique__redundancy,musique,redundancy,level_effect,rho,0.15,,,MMR*,S-Recall@k,2400,2.7008101851851882,2.2088831018518515,3.2164641203703703,,0.13333333333333333,0.83125,0.035416666666666666,two-sided,0.0005,0.024,2026-08-06_160000_redundancy_musique__redundancy:all_method_by_level_effects
2026-08-06_160000_redundancy_musique__redundancy,musique,redundancy,level_effect,rho,0.15,,,VendiG*,S-Recall@k,2400,3.489583333333335,2.94597800925926,4.1140625,,0.15916666666666668,0.7995833333333333,0.04125,two-sided,0.0005,0.024,2026-08-06_160000_redundancy_musique__redundancy:all_method_by_level_effects
2026-08-06_160000_redundancy_musique__redundancy,musique,redundancy,level_effect,rho,0.15,,,RNG*,S-Recall@k,2400,2.9398148148148224,2.4241319444444445,3.481510416666666,,0.18208333333333335,0.76,0.057916666666666665,two-sided,0.0005,0.024,2026-08-06_160000_redundancy_musique__redundancy:all_method_by_level_effects
2026-08-06_160000_redundancy_musique__redundancy,musique,redundancy,level_effect,rho,0.25,,,Maxmin,S-Recall@k,2400,-15.111689814814765,-16.382060185185182,-13.825144675925921,,0.15916666666666668,0.34958333333333336,0.49125,two-sided,0.0005,0.024,2026-08-06_160000_redundancy_musique__redundancy:all_method_by_level_effects
2026-08-06_160000_redundancy_musique__redundancy,musique,redundancy,level_effect,rho,0.25,,,Greedy-DPP,S-Recall@k,2400,6.0596064814814845,5.242332175925926,6.936429398148148,,0.2633333333333333,0.6525,0.08416666666666667,two-sided,0.0005,0.024,2026-08-06_160000_redundancy_musique__redundancy:all_method_by_level_effects
2026-08-06_160000_redundancy_musique__redundancy,musique,redundancy,level_effect,rho,0.25,,,Dedup*,S-Recall@k,2400,7.449652777777801,6.864872685185186,8.086400462962962,,0.25083333333333335,0.7458333333333333,0.0033333333333333335,two-sided,0.0005,0.024,2026-08-06_160000_redundancy_musique__redundancy:all_method_by_level_effects
2026-08-06_160000_redundancy_musique__redundancy,musique,redundancy,level_effect,rho,0.25,,,MMR*,S-Recall@k,2400,4.56076388888889,3.8714409722222225,5.324681712962963,,0.25875,0.6466666666666666,0.09458333333333334,two-sided,0.0005,0.024,2026-08-06_160000_redundancy_musique__redundancy:all_method_by_level_effects
2026-08-06_160000_redundancy_musique__redundancy,musique,redundancy,level_effect,rho,0.25,,,VendiG*,S-Recall@k,2400,4.865740740740747,4.266666666666667,5.516261574074075,,0.19833333333333333,0.7670833333333333,0.034583333333333334,two-sided,0.0005,0.024,2026-08-06_160000_redundancy_musique__redundancy:all_method_by_level_effects
2026-08-06_160000_redundancy_musique__redundancy,musique,redundancy,level_effect,rho,0.25,,,RNG*,S-Recall@k,2400,5.309027777777792,4.715133101851853,5.921990740740741,,0.21708333333333332,0.7533333333333333,0.029583333333333333,two-sided,0.0005,0.024,2026-08-06_160000_redundancy_musique__redundancy:all_method_by_level_effects
2026-08-06_160000_redundancy_musique__redundancy,musique,redundancy,level_effect,rho,0.5,,,Maxmin,S-Recall@k,2400,-6.259837962962985,-7.4371527777777775,-5.116753472222223,,0.21,0.43333333333333335,0.3566666666666667,two-sided,0.0005,0.024,2026-08-06_160000_redundancy_musique__redundancy:all_method_by_level_effects
2026-08-06_160000_redundancy_musique__redundancy,musique,redundancy,level_effect,rho,0.5,,,Greedy-DPP,S-Recall@k,2400,14.025462962962896,13.138368055555553,14.950983796296294,,0.42291666666666666,0.5391666666666667,0.03791666666666667,two-sided,0.0005,0.024,2026-08-06_160000_redundancy_musique__redundancy:all_method_by_level_effects
2026-08-06_160000_redundancy_musique__redundancy,musique,redundancy,level_effect,rho,0.5,,,Dedup*,S-Recall@k,2400,15.310763888888806,14.522945601851848,16.140219907407406,,0.43583333333333335,0.5616666666666666,0.0025,two-sided,0.0005,0.024,2026-08-06_160000_redundancy_musique__redundancy:all_method_by_level_effects
2026-08-06_160000_redundancy_musique__redundancy,musique,redundancy,level_effect,rho,0.5,,,MMR*,S-Recall@k,2400,12.608217592592545,11.689699074074076,13.547309027777775,,0.39791666666666664,0.5554166666666667,0.04666666666666667,two-sided,0.0005,0.024,2026-08-06_160000_redundancy_musique__redundancy:all_method_by_level_effects
2026-08-06_160000_redundancy_musique__redundancy,musique,redundancy,level_effect,rho,0.5,,,VendiG*,S-Recall@k,2400,12.451967592592533,11.545109953703706,13.43347800925926,,0.40375,0.5416666666666666,0.05458333333333333,two-sided,0.0005,0.024,2026-08-06_160000_redundancy_musique__redundancy:all_method_by_level_effects
2026-08-06_160000_redundancy_musique__redundancy,musique,redundancy,level_effect,rho,0.5,,,RNG*,S-Recall@k,2400,11.013888888888868,10.274681712962964,11.761689814814813,,0.3645833333333333,0.6208333333333333,0.014583333333333334,two-sided,0.0005,0.024,2026-08-06_160000_redundancy_musique__redundancy:all_method_by_level_effects
2026-08-06_160000_redundancy_musique__redundancy,musique,redundancy,level_effect,rho,1,,,Maxmin,S-Recall@k,2400,8.921875000000005,7.831597222222223,10.023813657407407,,0.38125,0.48375,0.135,two-sided,0.0005,0.024,2026-08-06_160000_redundancy_musique__redundancy:all_method_by_level_effects
2026-08-06_160000_redundancy_musique__redundancy,musique,redundancy,level_effect,rho,1,,,Greedy-DPP,S-Recall@k,2400,26.62037037037043,25.595486111111107,27.664120370370373,,0.635,0.3545833333333333,0.010416666666666666,two-sided,0.0005,0.024,2026-08-06_160000_redundancy_musique__redundancy:all_method_by_level_effects
2026-08-06_160000_redundancy_musique__redundancy,musique,redundancy,level_effect,rho,1,,,Dedup*,S-Recall@k,2400,26.917245370370463,25.958738425925926,27.920891203703704,,0.63125,0.36791666666666667,0.0008333333333333334,two-sided,0.0005,0.024,2026-08-06_160000_redundancy_musique__redundancy:all_method_by_level_effects
2026-08-06_160000_redundancy_musique__redundancy,musique,redundancy,level_effect,rho,1,,,MMR*,S-Recall@k,2400,24.364004629629637,23.361053240740738,25.3537037037037,,0.6270833333333333,0.35208333333333336,0.020833333333333332,two-sided,0.0005,0.024,2026-08-06_160000_redundancy_musique__redundancy:all_method_by_level_effects
2026-08-06_160000_redundancy_musique__redundancy,musique,redundancy,level_effect,rho,1,,,VendiG*,S-Recall@k,2400,25.90625000000007,24.869039351851846,26.98046875,,0.6275,0.36083333333333334,0.011666666666666667,two-sided,0.0005,0.024,2026-08-06_160000_redundancy_musique__redundancy:all_method_by_level_effects
2026-08-06_160000_redundancy_musique__redundancy,musique,redundancy,level_effect,rho,1,,,RNG*,S-Recall@k,2400,18.795717592592545,17.852980324074075,19.71574074074074,,0.5091666666666667,0.4766666666666667,0.014166666666666666,two-sided,0.0005,0.024,2026-08-06_160000_redundancy_musique__redundancy:all_method_by_level_effects
2026-08-06_160000_redundancy_musique__redundancy,musique,redundancy,heavy_minus_clean_interaction,rho,,0,1,Maxmin,S-Recall@k,2400,31.612847222222275,30.0755787037037,33.20147569444443,30.29623842592593,0.6608333333333334,0.22916666666666666,0.11,greater,0.0005,0.003,2026-08-06_160000_redundancy_musique__redundancy:primary_interactions
2026-08-06_160000_redundancy_musique__redundancy,musique,redundancy,heavy_minus_clean_interaction,rho,,0,1,Greedy-DPP,S-Recall@k,2400,27.547453703703795,26.460792824074073,28.611805555555556,26.633217592592594,0.64375,0.33666666666666667,0.019583333333333335,greater,0.0005,0.003,2026-08-06_160000_redundancy_musique__redundancy:primary_interactions
2026-08-06_160000_redundancy_musique__redundancy,musique,redundancy,heavy_minus_clean_interaction,rho,,0,1,Dedup*,S-Recall@k,2400,26.45775462962973,25.517245370370375,27.469936342592593,25.650810185185183,0.6233333333333333,0.3745833333333333,0.0020833333333333333,greater,0.0005,0.003,2026-08-06_160000_redundancy_musique__redundancy:primary_interactions
2026-08-06_160000_redundancy_musique__redundancy,musique,redundancy,heavy_minus_clean_interaction,rho,,0,1,MMR*,S-Recall@k,2400,23.81539351851851,22.8546875,24.86171875,23.00607638888889,0.6254166666666666,0.34708333333333335,0.0275,greater,0.0005,0.003,2026-08-06_160000_redundancy_musique__redundancy:primary_interactions
2026-08-06_160000_redundancy_musique__redundancy,musique,redundancy,heavy_minus_clean_interaction,rho,,0,1,VendiG*,S-Recall@k,2400,24.708333333333375,23.710503472222218,25.734403935185185,23.854687500000004,0.6229166666666667,0.35625,0.020833333333333332,greater,0.0005,0.003,2026-08-06_160000_redundancy_musique__redundancy:primary_interactions
2026-08-06_160000_redundancy_musique__redundancy,musique,redundancy,heavy_minus_clean_interaction,rho,,0,1,RNG*,S-Recall@k,2400,17.25405092592587,16.336776620370376,18.21880787037037,16.472858796296297,0.49083333333333334,0.4675,0.041666666666666664,greater,0.0005,0.003,2026-08-06_160000_redundancy_musique__redundancy:primary_interactions
2026-08-06_164145_redundancy_musique__chunking,musique,chunking,level_effect,overlap,0,,,Maxmin,S-Recall@k,2400,-17.222222222222218,-18.67743055555555,-15.763888888888888,,0.12958333333333333,0.40291666666666665,0.4675,two-sided,0.0005,0.012,2026-08-06_164145_redundancy_musique__chunking:all_method_by_level_effects
2026-08-06_164145_redundancy_musique__chunking,musique,chunking,level_effect,overlap,0,,,Greedy-DPP,S-Recall@k,2400,2.0729166666666674,1.1942708333333334,2.9416666666666655,,0.155,0.745,0.1,two-sided,0.0005,0.012,2026-08-06_164145_redundancy_musique__chunking:all_method_by_level_effects
2026-08-06_164145_redundancy_musique__chunking,musique,chunking,level_effect,overlap,0,,,Dedup*,S-Recall@k,2400,0.722222222222222,0.4722222222222222,1.0,,0.019583333333333335,0.9779166666666667,0.0025,two-sided,0.0005,0.012,2026-08-06_164145_redundancy_musique__chunking:all_method_by_level_effects
2026-08-06_164145_redundancy_musique__chunking,musique,chunking,level_effect,overlap,0,,,MMR*,S-Recall@k,2400,2.152777777777778,1.6036458333333332,2.722222222222222,,0.08583333333333333,0.8829166666666667,0.03125,two-sided,0.0005,0.012,2026-08-06_164145_redundancy_musique__chunking:all_method_by_level_effects
2026-08-06_164145_redundancy_musique__chunking,musique,chunking,level_effect,overlap,0,,,VendiG*,S-Recall@k,2400,2.4722222222222214,1.878298611111111,3.0869791666666666,,0.09416666666666666,0.8729166666666667,0.032916666666666664,two-sided,0.0005,0.012,2026-08-06_164145_redundancy_musique__chunking:all_method_by_level_effects
2026-08-06_164145_redundancy_musique__chunking,musique,chunking,level_effect,overlap,0,,,RNG*,S-Recall@k,2400,2.5972222222222245,2.0177951388888884,3.1944444444444433,,0.17083333333333334,0.7445833333333334,0.08458333333333333,two-sided,0.0005,0.012,2026-08-06_164145_redundancy_musique__chunking:all_method_by_level_effects
2026-08-06_164145_redundancy_musique__chunking,musique,chunking,level_effect,overlap,0.25,,,Maxmin,S-Recall@k,2400,-14.24652777777776,-15.684201388888887,-12.898958333333333,,0.14333333333333334,0.43833333333333335,0.41833333333333333,two-sided,0.0005,0.012,2026-08-06_164145_redundancy_musique__chunking:all_method_by_level_effects
2026-08-06_164145_redundancy_musique__chunking,musique,chunking,level_effect,overlap,0.25,,,Greedy-DPP,S-Recall@k,2400,4.399305555555558,3.4545138888888896,5.340451388888889,,0.1925,0.71875,0.08875,two-sided,0.0005,0.012,2026-08-06_164145_redundancy_musique__chunking:all_method_by_level_effects
2026-08-06_164145_redundancy_musique__chunking,musique,chunking,level_effect,overlap,0.25,,,Dedup*,S-Recall@k,2400,1.6701388888888902,1.3192708333333332,2.0416666666666665,,0.04083333333333333,0.9566666666666667,0.0025,two-sided,0.0005,0.012,2026-08-06_164145_redundancy_musique__chunking:all_method_by_level_effects
2026-08-06_164145_redundancy_musique__chunking,musique,chunking,level_effect,overlap,0.25,,,MMR*,S-Recall@k,2400,3.6296296296296298,2.951273148148148,4.308217592592592,,0.19,0.7233333333333334,0.08666666666666667,two-sided,0.0005,0.012,2026-08-06_164145_redundancy_musique__chunking:all_method_by_level_effects
2026-08-06_164145_redundancy_musique__chunking,musique,chunking,level_effect,overlap,0.25,,,VendiG*,S-Recall@k,2400,4.250000000000001,3.5763888888888893,4.923784722222223,,0.13125,0.8370833333333333,0.03166666666666667,two-sided,0.0005,0.012,2026-08-06_164145_redundancy_musique__chunking:all_method_by_level_effects
2026-08-06_164145_redundancy_musique__chunking,musique,chunking,level_effect,overlap,0.25,,,RNG*,S-Recall@k,2400,4.9971064814814845,4.212847222222221,5.778414351851851,,0.20416666666666666,0.7295833333333334,0.06625,two-sided,0.0005,0.012,2026-08-06_164145_redundancy_musique__chunking:all_method_by_level_effects
2026-08-06_164145_redundancy_musique__chunking,musique,chunking,level_effect,overlap,0.5,,,Maxmin,S-Recall@k,2400,-9.194444444444436,-10.639409722222222,-7.763541666666669,,0.1675,0.4795833333333333,0.35291666666666666,two-sided,0.0005,0.012,2026-08-06_164145_redundancy_musique__chunking:all_method_by_level_effects
2026-08-06_164145_redundancy_musique__chunking,musique,chunking,level_effect,overlap,0.5,,,Greedy-DPP,S-Recall@k,2400,7.8993055555555625,6.909722222222221,8.955034722222223,,0.23833333333333334,0.69875,0.06291666666666666,two-sided,0.0005,0.012,2026-08-06_164145_redundancy_musique__chunking:all_method_by_level_effects
2026-08-06_164145_redundancy_musique__chunking,musique,chunking,level_effect,overlap,0.5,,,Dedup*,S-Recall@k,2400,5.312500000000008,4.725347222222222,5.9375,,0.12875,0.86875,0.0025,two-sided,0.0005,0.012,2026-08-06_164145_redundancy_musique__chunking:all_method_by_level_effects
2026-08-06_164145_redundancy_musique__chunking,musique,chunking,level_effect,overlap,0.5,,,MMR*,S-Recall@k,2400,7.173611111111124,6.138368055555556,8.212499999999997,,0.23458333333333334,0.6908333333333333,0.07458333333333333,two-sided,0.0005,0.012,2026-08-06_164145_redundancy_musique__chunking:all_method_by_level_effects
2026-08-06_164145_redundancy_musique__chunking,musique,chunking,level_effect,overlap,0.5,,,VendiG*,S-Recall@k,2400,5.92708333333334,5.1183449074074066,6.750665509259258,,0.23458333333333334,0.67625,0.08916666666666667,two-sided,0.0005,0.012,2026-08-06_164145_redundancy_musique__chunking:all_method_by_level_effects
2026-08-06_164145_redundancy_musique__chunking,musique,chunking,level_effect,overlap,0.5,,,RNG*,S-Recall@k,2400,7.879629629629644,7.051967592592592,8.697511574074072,,0.24125,0.7108333333333333,0.04791666666666667,two-sided,0.0005,0.012,2026-08-06_164145_redundancy_musique__chunking:all_method_by_level_effects
2026-08-06_164145_redundancy_musique__chunking,musique,chunking,level_effect,overlap,0.75,,,Maxmin,S-Recall@k,2400,-3.743055555555561,-5.177256944444445,-2.263541666666667,,0.20875,0.5091666666666667,0.28208333333333335,two-sided,0.0005,0.012,2026-08-06_164145_redundancy_musique__chunking:all_method_by_level_effects
2026-08-06_164145_redundancy_musique__chunking,musique,chunking,level_effect,overlap,0.75,,,Greedy-DPP,S-Recall@k,2400,12.826388888888854,11.749826388888888,13.955034722222223,,0.30375,0.6545833333333333,0.041666666666666664,two-sided,0.0005,0.012,2026-08-06_164145_redundancy_musique__chunking:all_method_by_level_effects
2026-08-06_164145_redundancy_musique__chunking,musique,chunking,level_effect,overlap,0.75,,,Dedup*,S-Recall@k,2400,10.614583333333307,9.763715277777777,11.447916666666664,,0.23416666666666666,0.7641666666666667,0.0016666666666666668,two-sided,0.0005,0.012,2026-08-06_164145_redundancy_musique__chunking:all_method_by_level_effects
2026-08-06_164145_redundancy_musique__chunking,musique,chunking,level_effect,overlap,0.75,,,MMR*,S-Recall@k,2400,11.770833333333321,10.645659722222224,12.92725694444444,,0.29375,0.6529166666666667,0.05333333333333334,two-sided,0.0005,0.012,2026-08-06_164145_redundancy_musique__chunking:all_method_by_level_effects
2026-08-06_164145_redundancy_musique__chunking,musique,chunking,level_effect,overlap,0.75,,,VendiG*,S-Recall@k,2400,11.607638888888882,10.499131944444445,12.771006944444444,,0.29875,0.64,0.06125,two-sided,0.0005,0.012,2026-08-06_164145_redundancy_musique__chunking:all_method_by_level_effects
2026-08-06_164145_redundancy_musique__chunking,musique,chunking,level_effect,overlap,0.75,,,RNG*,S-Recall@k,2400,12.506365740740703,11.551996527777776,13.49577546296296,,0.31875,0.6491666666666667,0.03208333333333333,two-sided,0.0005,0.012,2026-08-06_164145_redundancy_musique__chunking:all_method_by_level_effects
2026-08-06_164145_redundancy_musique__chunking,musique,chunking,heavy_minus_clean_interaction,overlap,,0,0.75,Maxmin,S-Recall@k,2400,13.479166666666622,11.979166666666666,15.055729166666667,12.224652777777777,0.38208333333333333,0.475,0.14291666666666666,greater,0.0005,0.003,2026-08-06_164145_redundancy_musique__chunking:primary_interactions
2026-08-06_164145_redundancy_musique__chunking,musique,chunking,heavy_minus_clean_interaction,overlap,,0,0.75,Greedy-DPP,S-Recall@k,2400,10.753472222222209,9.784374999999999,11.819444444444443,9.906250000000002,0.295,0.6429166666666667,0.06208333333333333,greater,0.0005,0.003,2026-08-06_164145_redundancy_musique__chunking:primary_interactions
2026-08-06_164145_redundancy_musique__chunking,musique,chunking,heavy_minus_clean_interaction,overlap,,0,0.75,Dedup*,S-Recall@k,2400,9.892361111111097,9.076041666666667,10.715451388888887,9.201041666666665,0.22666666666666666,0.76625,0.007083333333333333,greater,0.0005,0.003,2026-08-06_164145_redundancy_musique__chunking:primary_interactions
2026-08-06_164145_redundancy_musique__chunking,musique,chunking,heavy_minus_clean_interaction,overlap,,0,0.75,MMR*,S-Recall@k,2400,9.618055555555562,8.583159722222222,10.757291666666667,8.697916666666666,0.28041666666666665,0.6491666666666667,0.07041666666666667,greater,0.0005,0.003,2026-08-06_164145_redundancy_musique__chunking:primary_interactions
2026-08-06_164145_redundancy_musique__chunking,musique,chunking,heavy_minus_clean_interaction,overlap,,0,0.75,VendiG*,S-Recall@k,2400,9.135416666666677,8.010069444444444,10.27170138888889,8.214930555555556,0.28291666666666665,0.6329166666666667,0.08416666666666667,greater,0.0005,0.003,2026-08-06_164145_redundancy_musique__chunking:primary_interactions
2026-08-06_164145_redundancy_musique__chunking,musique,chunking,heavy_minus_clean_interaction,overlap,,0,0.75,RNG*,S-Recall@k,2400,9.909143518518526,8.996672453703704,10.823611111111111,9.149189814814815,0.31,0.6079166666666667,0.08208333333333333,greater,0.0005,0.003,2026-08-06_164145_redundancy_musique__chunking:primary_interactions
2026-08-06_170200_redundancy_trec-covid__chunking,trec-covid,chunking,level_effect,overlap,0,,,Maxmin,S-Recall@k,50,-6.834117098256262,-10.602713835950548,-4.122324931768579,,0.1,0.16,0.74,two-sided,0.001,0.019,2026-08-06_170200_redundancy_trec-covid__chunking:all_method_by_level_effects
2026-08-06_170200_redundancy_trec-covid__chunking,trec-covid,chunking,level_effect,overlap,0,,,Greedy-DPP,S-Recall@k,50,-3.1603528700812036,-6.434711268939272,-0.8630126774754519,,0.24,0.14,0.62,two-sided,0.0315,0.47250000000000003,2026-08-06_170200_redundancy_trec-covid__chunking:all_method_by_level_effects
2026-08-06_170200_redundancy_trec-covid__chunking,trec-covid,chunking,level_effect,overlap,0,,,Dedup*,S-Recall@k,50,-0.5763142659631337,-2.3614109407399626,0.6817645771265596,,0.2,0.46,0.34,two-sided,0.4445,1.0,2026-08-06_170200_redundancy_trec-covid__chunking:all_method_by_level_effects
2026-08-06_170200_redundancy_trec-covid__chunking,trec-covid,chunking,level_effect,overlap,0,,,MMR*,S-Recall@k,50,-0.4114576655544508,-2.1140027993007653,0.7784314515502803,,0.2,0.56,0.24,two-sided,0.6085,1.0,2026-08-06_170200_redundancy_trec-covid__chunking:all_method_by_level_effects
2026-08-06_170200_redundancy_trec-covid__chunking,trec-covid,chunking,level_effect,overlap,0,,,VendiG*,S-Recall@k,50,-0.2601411138905441,-1.9460897494885645,0.9877909943644817,,0.2,0.56,0.24,two-sided,0.741,1.0,2026-08-06_170200_redundancy_trec-covid__chunking:all_method_by_level_effects
2026-08-06_170200_redundancy_trec-covid__chunking,trec-covid,chunking,level_effect,overlap,0,,,RNG*,S-Recall@k,50,-0.49530122073886956,-1.6164902215787718,0.1501194050086426,,0.08,0.72,0.2,two-sided,0.2885,1.0,2026-08-06_170200_redundancy_trec-covid__chunking:all_method_by_level_effects
2026-08-06_170200_redundancy_trec-covid__chunking,trec-covid,chunking,level_effect,overlap,0.25,,,Maxmin,S-Recall@k,50,-5.995998757315262,-9.705173125403796,-2.882502144707865,,0.2,0.16,0.64,two-sided,0.0005,0.012,2026-08-06_170200_redundancy_trec-covid__chunking:all_method_by_level_effects
2026-08-06_170200_redundancy_trec-covid__chunking,trec-covid,chunking,level_effect,overlap,0.25,,,Greedy-DPP,S-Recall@k,50,-1.6160245666347834,-3.9673266629948802,0.4895548346020799,,0.28,0.22,0.5,two-sided,0.1525,1.0,2026-08-06_170200_redundancy_trec-covid__chunking:all_method_by_level_effects
2026-08-06_170200_redundancy_trec-covid__chunking,trec-covid,chunking,level_effect,overlap,0.25,,,Dedup*,S-Recall@k,50,-0.4420882876244297,-2.1595599311110405,0.9046349470835782,,0.3,0.38,0.32,two-sided,0.5695,1.0,2026-08-06_170200_redundancy_trec-covid__chunking:all_method_by_level_effects
2026-08-06_170200_redundancy_trec-covid__chunking,trec-covid,chunking,level_effect,overlap,0.25,,,MMR*,S-Recall@k,50,0.43593618438180587,-0.6389163557452504,1.4700373686658352,,0.42,0.24,0.34,two-sided,0.423,1.0,2026-08-06_170200_redundancy_trec-covid__chunking:all_method_by_level_effects
2026-08-06_170200_redundancy_trec-covid__chunking,trec-covid,chunking,level_effect,overlap,0.25,,,VendiG*,S-Recall@k,50,-0.14918555242338985,-1.2232049975930352,0.8961303075860633,,0.38,0.24,0.38,two-sided,0.772,1.0,2026-08-06_170200_redundancy_trec-covid__chunking:all_method_by_level_effects
2026-08-06_170200_redundancy_trec-covid__chunking,trec-covid,chunking,level_effect,overlap,0.25,,,RNG*,S-Recall@k,50,-0.4242516206196477,-2.3037522637575725,1.0466695730928448,,0.4,0.18,0.42,two-sided,0.6225,1.0,2026-08-06_170200_redundancy_trec-covid__chunking:all_method_by_level_effects
2026-08-06_170200_redundancy_trec-covid__chunking,trec-covid,chunking,level_effect,overlap,0.5,,,Maxmin,S-Recall@k,50,-4.923251692421015,-7.629179721313307,-2.4796992880401323,,0.18,0.18,0.64,two-sided,0.0005,0.012,2026-08-06_170200_redundancy_trec-covid__chunking:all_method_by_level_effects
2026-08-06_170200_redundancy_trec-covid__chunking,trec-covid,chunking,level_effect,overlap,0.5,,,Greedy-DPP,S-Recall@k,50,-0.8797112002707048,-2.442424132007484,0.776586342309597,,0.3,0.24,0.46,two-sided,0.28,1.0,2026-08-06_170200_redundancy_trec-covid__chunking:all_method_by_level_effects
2026-08-06_170200_redundancy_trec-covid__chunking,trec-covid,chunking,level_effect,overlap,0.5,,,Dedup*,S-Recall@k,50,2.14419723940891,0.4307332933178865,4.193338674901062,,0.46,0.36,0.18,two-sided,0.0285,0.456,2026-08-06_170200_redundancy_trec-covid__chunking:all_method_by_level_effects
2026-08-06_170200_redundancy_trec-covid__chunking,trec-covid,chunking,level_effect,overlap,0.5,,,MMR*,S-Recall@k,50,1.9694794745628343,0.4433664611350995,3.7775964552396673,,0.5,0.24,0.26,two-sided,0.024,0.40800000000000003,2026-08-06_170200_redundancy_trec-covid__chunking:all_method_by_level_effects
2026-08-06_170200_redundancy_trec-covid__chunking,trec-covid,chunking,level_effect,overlap,0.5,,,VendiG*,S-Recall@k,50,0.51172770295773,-1.0101034794769217,2.2085638389770033,,0.46,0.2,0.34,two-sided,0.511,1.0,2026-08-06_170200_redundancy_trec-covid__chunking:all_method_by_level_effects
2026-08-06_170200_redundancy_trec-covid__chunking,trec-covid,chunking,level_effect,overlap,0.5,,,RNG*,S-Recall@k,50,1.4175369811107836,-0.1541637782781321,3.0869182515361895,,0.52,0.24,0.24,two-sided,0.078,1.0,2026-08-06_170200_redundancy_trec-covid__chunking:all_method_by_level_effects
2026-08-06_170200_redundancy_trec-covid__chunking,trec-covid,chunking,level_effect,overlap,0.75,,,Maxmin,S-Recall@k,50,-1.254729831356788,-4.667905477198016,1.9482776099496926,,0.52,0.04,0.44,two-sided,0.4575,1.0,2026-08-06_170200_redundancy_trec-covid__chunking:all_method_by_level_effects
2026-08-06_170200_redundancy_trec-covid__chunking,trec-covid,chunking,level_effect,overlap,0.75,,,Greedy-DPP,S-Recall@k,50,2.815326275354551,0.10126021205825811,5.288929819190743,,0.62,0.2,0.18,two-sided,0.0315,0.47250000000000003,2026-08-06_170200_redundancy_trec-covid__chunking:all_method_by_level_effects
2026-08-06_170200_redundancy_trec-covid__chunking,trec-covid,chunking,level_effect,overlap,0.75,,,Dedup*,S-Recall@k,50,5.6628928076779035,2.9465813270760717,8.442216334979248,,0.76,0.16,0.08,two-sided,0.0005,0.012,2026-08-06_170200_redundancy_trec-covid__chunking:all_method_by_level_effects
2026-08-06_170200_redundancy_trec-covid__chunking,trec-covid,chunking,level_effect,overlap,0.75,,,MMR*,S-Recall@k,50,4.0379325094996386,1.6753808796661038,5.827088049401373,,0.8,0.08,0.12,two-sided,0.0005,0.012,2026-08-06_170200_redundancy_trec-covid__chunking:all_method_by_level_effects
2026-08-06_170200_redundancy_trec-covid__chunking,trec-covid,chunking,level_effect,overlap,0.75,,,VendiG*,S-Recall@k,50,3.8400356909718774,1.7968184925479642,5.701841154510474,,0.74,0.12,0.14,two-sided,0.001,0.019,2026-08-06_170200_redundancy_trec-covid__chunking:all_method_by_level_effects
2026-08-06_170200_redundancy_trec-covid__chunking,trec-covid,chunking,level_effect,overlap,0.75,,,RNG*,S-Recall@k,50,4.580048675426748,2.0322352700034982,6.704669797268617,,0.8,0.1,0.1,two-sided,0.0005,0.012,2026-08-06_170200_redundancy_trec-covid__chunking:all_method_by_level_effects
2026-08-06_170200_redundancy_trec-covid__chunking,trec-covid,chunking,heavy_minus_clean_interaction,overlap,,0,0.75,Maxmin,S-Recall@k,50,5.579387266899475,1.7893717182652398,8.863060742636987,2.5197647817309474,0.74,0.04,0.22,greater,0.0005,0.003,2026-08-06_170200_redundancy_trec-covid__chunking:primary_interactions
2026-08-06_170200_redundancy_trec-covid__chunking,trec-covid,chunking,heavy_minus_clean_interaction,overlap,,0,0.75,Greedy-DPP,S-Recall@k,50,5.975679145435754,3.706620349854781,8.293210281318306,4.124362314609371,0.76,0.02,0.22,greater,0.0005,0.003,2026-08-06_170200_redundancy_trec-covid__chunking:primary_interactions
2026-08-06_170200_redundancy_trec-covid__chunking,trec-covid,chunking,heavy_minus_clean_interaction,overlap,,0,0.75,Dedup*,S-Recall@k,50,6.239207073641037,3.9476797098354215,8.673332095976967,4.392426104691949,0.84,0.06,0.1,greater,0.0005,0.003,2026-08-06_170200_redundancy_trec-covid__chunking:primary_interactions
2026-08-06_170200_redundancy_trec-covid__chunking,trec-covid,chunking,heavy_minus_clean_interaction,overlap,,0,0.75,MMR*,S-Recall@k,50,4.4493901750540905,2.9727540655705784,5.8784307422209325,3.1923655016380414,0.8,0.1,0.1,greater,0.0005,0.003,2026-08-06_170200_redundancy_trec-covid__chunking:primary_interactions
2026-08-06_170200_redundancy_trec-covid__chunking,trec-covid,chunking,heavy_minus_clean_interaction,overlap,,0,0.75,VendiG*,S-Recall@k,50,4.100176804862421,2.380708449626939,5.714262916876391,2.674821080363023,0.76,0.08,0.16,greater,0.0005,0.003,2026-08-06_170200_redundancy_trec-covid__chunking:primary_interactions
2026-08-06_170200_redundancy_trec-covid__chunking,trec-covid,chunking,heavy_minus_clean_interaction,overlap,,0,0.75,RNG*,S-Recall@k,50,5.075349896165617,3.271556472431433,6.879390574503699,3.5514108737650236,0.8,0.08,0.12,greater,0.0005,0.003,2026-08-06_170200_redundancy_trec-covid__chunking:primary_interactions
2026-08-07_031430_redundancy_2wikimultihopqa__chunking,2wikimultihopqa,chunking,level_effect,overlap,0,,,Maxmin,S-Recall@k,12472,-13.76483322642721,-14.272904639726319,-13.251349689972207,,0.10335150737652342,0.5032071840923669,0.3934413085311097,two-sided,0.0005,0.012,2026-08-07_031430_redundancy_2wikimultihopqa__chunking:all_method_by_level_effects
2026-08-07_031430_redundancy_2wikimultihopqa__chunking,2wikimultihopqa,chunking,level_effect,overlap,0,,,Greedy-DPP,S-Recall@k,12472,-1.2815373102416068,-1.5862866153517212,-0.9781243318366473,,0.06566709429121231,0.8394804361770366,0.09485246953175112,two-sided,0.0005,0.012,2026-08-07_031430_redundancy_2wikimultihopqa__chunking:all_method_by_level_effects
2026-08-07_031430_redundancy_2wikimultihopqa__chunking,2wikimultihopqa,chunking,level_effect,overlap,0,,,Dedup*,S-Recall@k,12472,0.1322963438101347,0.09411080821039128,0.17839961513790892,,0.003367543296985247,0.9965522771007056,8.017960230917254e-05,two-sided,0.0005,0.012,2026-08-07_031430_redundancy_2wikimultihopqa__chunking:all_method_by_level_effects
2026-08-07_031430_redundancy_2wikimultihopqa__chunking,2wikimultihopqa,chunking,level_effect,overlap,0,,,MMR*,S-Recall@k,12472,-0.25256574727389347,-0.4162657686551209,-0.1034985033140903,,0.02052597819114817,0.9510102629890955,0.028463758819756255,two-sided,0.0005,0.012,2026-08-07_031430_redundancy_2wikimultihopqa__chunking:all_method_by_level_effects
2026-08-07_031430_redundancy_2wikimultihopqa__chunking,2wikimultihopqa,chunking,level_effect,overlap,0,,,VendiG*,S-Recall@k,12472,-0.10891062646995937,-0.2806286080821039,0.0635089266623904,,0.027501603592046182,0.9410679923027582,0.03143040410519564,two-sided,0.213,0.213,2026-08-07_031430_redundancy_2wikimultihopqa__chunking:all_method_by_level_effects
2026-08-07_031430_redundancy_2wikimultihopqa__chunking,2wikimultihopqa,chunking,level_effect,overlap,0,,,RNG*,S-Recall@k,12472,0.27327881120376313,0.17101641009193927,0.37821386572589266,,0.012107119948685055,0.9825208466966003,0.005372033354714561,two-sided,0.0005,0.012,2026-08-07_031430_redundancy_2wikimultihopqa__chunking:all_method_by_level_effects
2026-08-07_031430_redundancy_2wikimultihopqa__chunking,2wikimultihopqa,chunking,level_effect,overlap,0.25,,,Maxmin,S-Recall@k,12472,-10.918457344451566,-11.446607066495618,-10.393047092153093,,0.1162604233483002,0.534397049390635,0.3493425272610648,two-sided,0.0005,0.012,2026-08-07_031430_redundancy_2wikimultihopqa__chunking:all_method_by_level_effects
2026-08-07_031430_redundancy_2wikimultihopqa__chunking,2wikimultihopqa,chunking,level_effect,overlap,0.25,,,Greedy-DPP,S-Recall@k,12472,0.683531109685696,0.36672145606157797,0.9882135984605517,,0.09164528543938422,0.8328255291853752,0.07552918537524055,two-sided,0.0005,0.012,2026-08-07_031430_redundancy_2wikimultihopqa__chunking:all_method_by_level_effects
2026-08-07_031430_redundancy_2wikimultihopqa__chunking,2wikimultihopqa,chunking,level_effect,overlap,0.25,,,Dedup*,S-Recall@k,12472,0.31403677571092586,0.19834429121231556,0.4249518922386144,,0.013069275176395126,0.9812379730596537,0.005692751763951251,two-sided,0.0005,0.012,2026-08-07_031430_redundancy_2wikimultihopqa__chunking:all_method_by_level_effects
2026-08-07_031430_redundancy_2wikimultihopqa__chunking,2wikimultihopqa,chunking,level_effect,overlap,0.25,,,MMR*,S-Recall@k,12472,0.1703816549069915,0.0033074085952533704,0.3321105943981184,,0.027341244387427837,0.9482039769082745,0.024454778704297627,two-sided,0.0435,0.087,2026-08-07_031430_redundancy_2wikimultihopqa__chunking:all_method_by_level_effects
2026-08-07_031430_redundancy_2wikimultihopqa__chunking,2wikimultihopqa,chunking,level_effect,overlap,0.25,,,VendiG*,S-Recall@k,12472,0.4470012828736369,0.2605837075048109,0.6414702266410091,,0.03720333547145606,0.9351347017318794,0.027661962796664528,two-sided,0.0005,0.012,2026-08-07_031430_redundancy_2wikimultihopqa__chunking:all_method_by_level_effects
2026-08-07_031430_redundancy_2wikimultihopqa__chunking,2wikimultihopqa,chunking,level_effect,overlap,0.25,,,RNG*,S-Recall@k,12472,0.861930724823605,0.6379957772076117,1.0766116100064143,,0.05788967286722258,0.910279025016036,0.031831302116741504,two-sided,0.0005,0.012,2026-08-07_031430_redundancy_2wikimultihopqa__chunking:all_method_by_level_effects
2026-08-07_031430_redundancy_2wikimultihopqa__chunking,2wikimultihopqa,chunking,level_effect,overlap,0.5,,,Maxmin,S-Recall@k,12472,-6.659584135129361,-7.184125775069489,-6.136813128073553,,0.1404746632456703,0.5793778062860808,0.28014753046824886,two-sided,0.0005,0.012,2026-08-07_031430_redundancy_2wikimultihopqa__chunking:all_method_by_level_effects
2026-08-07_031430_redundancy_2wikimultihopqa__chunking,2wikimultihopqa,chunking,level_effect,overlap,0.5,,,Greedy-DPP,S-Recall@k,12472,3.82323070344238,3.4837369039982895,4.150630746204831,,0.14175753688261705,0.8046824887748557,0.05355997434252726,two-sided,0.0005,0.012,2026-08-07_031430_redundancy_2wikimultihopqa__chunking:all_method_by_level_effects
2026-08-07_031430_redundancy_2wikimultihopqa__chunking,2wikimultihopqa,chunking,level_effect,overlap,0.5,,,Dedup*,S-Recall@k,12472,2.750828522557192,2.5383191682702577,2.963337876844131,,0.06783194355355997,0.9279987171263631,0.004169339320076972,two-sided,0.0005,0.012,2026-08-07_031430_redundancy_2wikimultihopqa__chunking:all_method_by_level_effects
2026-08-07_031430_redundancy_2wikimultihopqa__chunking,2wikimultihopqa,chunking,level_effect,overlap,0.5,,,MMR*,S-Recall@k,12472,0.8138229634381012,0.49504222792388286,1.1192070237331617,,0.10118665811417575,0.8163887107119948,0.08242463117382938,two-sided,0.0005,0.012,2026-08-07_031430_redundancy_2wikimultihopqa__chunking:all_method_by_level_effects
2026-08-07_031430_redundancy_2wikimultihopqa__chunking,2wikimultihopqa,chunking,level_effect,overlap,0.5,,,VendiG*,S-Recall@k,12472,1.8915704511438947,1.5220761171691255,2.2323337609578786,,0.12780628608082104,0.7851988454137268,0.08699486850545221,two-sided,0.0005,0.012,2026-08-07_031430_redundancy_2wikimultihopqa__chunking:all_method_by_level_effects
2026-08-07_031430_redundancy_2wikimultihopqa__chunking,2wikimultihopqa,chunking,level_effect,overlap,0.5,,,RNG*,S-Recall@k,12472,3.0214346803506498,2.7547372781697668,3.2887000213812265,,0.1027902501603592,0.8712315586914688,0.025978191148171906,two-sided,0.0005,0.012,2026-08-07_031430_redundancy_2wikimultihopqa__chunking:all_method_by_level_effects
2026-08-07_031430_redundancy_2wikimultihopqa__chunking,2wikimultihopqa,chunking,level_effect,overlap,0.75,,,Maxmin,S-Recall@k,12472,-3.82189437673722,-4.31466484926235,-3.2883659397049403,,0.15554842847979475,0.6094451571520205,0.23500641436818473,two-sided,0.0005,0.012,2026-08-07_031430_redundancy_2wikimultihopqa__chunking:all_method_by_level_effects
2026-08-07_031430_redundancy_2wikimultihopqa__chunking,2wikimultihopqa,chunking,level_effect,overlap,0.75,,,Greedy-DPP,S-Recall@k,12472,6.976961727603153,6.605897209749841,7.311177036561899,,0.18890314304041053,0.7771007055805004,0.03399615137908916,two-sided,0.0005,0.012,2026-08-07_031430_redundancy_2wikimultihopqa__chunking:all_method_by_level_effects
2026-08-07_031430_redundancy_2wikimultihopqa__chunking,2wikimultihopqa,chunking,level_effect,overlap,0.75,,,Dedup*,S-Recall@k,12472,6.869387427838353,6.564036775710925,7.147376790677788,,0.1592366901860167,0.8376363053239256,0.0031270044900577293,two-sided,0.0005,0.012,2026-08-07_031430_redundancy_2wikimultihopqa__chunking:all_method_by_level_effects
2026-08-07_031430_redundancy_2wikimultihopqa__chunking,2wikimultihopqa,chunking,level_effect,overlap,0.75,,,MMR*,S-Recall@k,12472,4.026129641508098,3.665082005915471,4.370378536811344,,0.18625721616420782,0.7107921744708147,0.10295060936497755,two-sided,0.0005,0.012,2026-08-07_031430_redundancy_2wikimultihopqa__chunking:all_method_by_level_effects
2026-08-07_031430_redundancy_2wikimultihopqa__chunking,2wikimultihopqa,chunking,level_effect,overlap,0.75,,,VendiG*,S-Recall@k,12472,5.585177464186462,5.210304415223433,5.9406403677571085,,0.17823925593329057,0.7645125080179602,0.0572482360487492,two-sided,0.0005,0.012,2026-08-07_031430_redundancy_2wikimultihopqa__chunking:all_method_by_level_effects
2026-08-07_031430_redundancy_2wikimultihopqa__chunking,2wikimultihopqa,chunking,level_effect,overlap,0.75,,,RNG*,S-Recall@k,12472,6.22394162924952,5.903891383365405,6.542087609578789,,0.16100064143681847,0.8216805644644003,0.01731879409878127,two-sided,0.0005,0.012,2026-08-07_031430_redundancy_2wikimultihopqa__chunking:all_method_by_level_effects
2026-08-07_031430_redundancy_2wikimultihopqa__chunking,2wikimultihopqa,chunking,heavy_minus_clean_interaction,overlap,,0,0.75,Maxmin,S-Recall@k,12472,9.942938849689972,9.36420916185589,10.525176395125076,9.462328950181744,0.30011225144323284,0.5726427196921103,0.12724502886465683,greater,0.0005,0.003,2026-08-07_031430_redundancy_2wikimultihopqa__chunking:primary_interactions
2026-08-07_031430_redundancy_2wikimultihopqa__chunking,2wikimultihopqa,chunking,heavy_minus_clean_interaction,overlap,,0,0.75,Greedy-DPP,S-Recall@k,12472,8.258499037844745,7.830807675860593,8.691502298481932,7.8949513577079315,0.21151379089159716,0.745349583066068,0.04313662604233483,greater,0.0005,0.003,2026-08-07_031430_redundancy_2wikimultihopqa__chunking:primary_interactions
2026-08-07_031430_redundancy_2wikimultihopqa__chunking,2wikimultihopqa,chunking,heavy_minus_clean_interaction,overlap,,0,0.75,Dedup*,S-Recall@k,12472,6.7370910840282185,6.433711513790889,7.017084936925382,6.481117703656189,0.15731237973059653,0.8384381013470174,0.004249518922386145,greater,0.0005,0.003,2026-08-07_031430_redundancy_2wikimultihopqa__chunking:primary_interactions
2026-08-07_031430_redundancy_2wikimultihopqa__chunking,2wikimultihopqa,chunking,heavy_minus_clean_interaction,overlap,,0,0.75,MMR*,S-Recall@k,12472,4.278695388781991,3.8983879445513523,4.6521040463972625,3.9646029327916765,0.19186978832584992,0.7002084669660038,0.10792174470814625,greater,0.0005,0.003,2026-08-07_031430_redundancy_2wikimultihopqa__chunking:primary_interactions
2026-08-07_031430_redundancy_2wikimultihopqa__chunking,2wikimultihopqa,chunking,heavy_minus_clean_interaction,overlap,,0,0.75,VendiG*,S-Recall@k,12472,5.694088090656417,5.28981585418003,6.076310936497756,5.361275924738081,0.1836914688903143,0.7529666452854393,0.06334188582424631,greater,0.0005,0.003,2026-08-07_031430_redundancy_2wikimultihopqa__chunking:primary_interactions
2026-08-07_031430_redundancy_2wikimultihopqa__chunking,2wikimultihopqa,chunking,heavy_minus_clean_interaction,overlap,,0,0.75,RNG*,S-Recall@k,12472,5.950662818045765,5.613841672011971,6.284811310669236,5.661281270044902,0.16260423348300193,0.811337395766517,0.026058370750481077,greater,0.0005,0.003,2026-08-07_031430_redundancy_2wikimultihopqa__chunking:primary_interactions
2026-08-07_040842_redundancy_2wikimultihopqa__redundancy,2wikimultihopqa,redundancy,level_effect,rho,0,,,Maxmin,S-Recall@k,12472,-22.69283194355356,-23.224322482360485,-22.13758819756254,,0.0759300833867864,0.3762026940346376,0.547867222578576,two-sided,0.0005,0.024,2026-08-07_040842_redundancy_2wikimultihopqa__redundancy:all_method_by_level_effects
2026-08-07_040842_redundancy_2wikimultihopqa__redundancy,2wikimultihopqa,redundancy,level_effect,rho,0,,,Greedy-DPP,S-Recall@k,12472,-3.074887748556767,-3.363534316869788,-2.794158915971777,,0.04209429121231559,0.8413245670301476,0.11658114175753688,two-sided,0.0005,0.024,2026-08-07_040842_redundancy_2wikimultihopqa__redundancy:all_method_by_level_effects
2026-08-07_040842_redundancy_2wikimultihopqa__redundancy,2wikimultihopqa,redundancy,level_effect,rho,0,,,Dedup*,S-Recall@k,12472,0.1322963438101347,0.09020205259781912,0.17439063502245028,,0.003848620910840282,0.9960711994868505,8.017960230917254e-05,two-sided,0.0005,0.024,2026-08-07_040842_redundancy_2wikimultihopqa__redundancy:all_method_by_level_effects
2026-08-07_040842_redundancy_2wikimultihopqa__redundancy,2wikimultihopqa,redundancy,level_effect,rho,0,,,MMR*,S-Recall@k,12472,-0.7135984605516357,-0.8579217447081462,-0.575288646568313,,0.010663887107119949,0.9585471456061578,0.030788967286722257,two-sided,0.0005,0.024,2026-08-07_040842_redundancy_2wikimultihopqa__redundancy:all_method_by_level_effects
2026-08-07_040842_redundancy_2wikimultihopqa__redundancy,2wikimultihopqa,redundancy,level_effect,rho,0,,,VendiG*,S-Recall@k,12472,-0.5913245670301476,-0.7496792815907634,-0.432769403463759,,0.017479153303399615,0.9468409236690186,0.035679923027581786,two-sided,0.0005,0.024,2026-08-07_040842_redundancy_2wikimultihopqa__redundancy:all_method_by_level_effects
2026-08-07_040842_redundancy_2wikimultihopqa__redundancy,2wikimultihopqa,redundancy,level_effect,rho,0,,,RNG*,S-Recall@k,12472,0.03808531109685696,0.006013470173187941,0.07416613213598461,,0.0012026940346375882,0.9984765875561257,0.00032071840923669016,two-sided,0.0305,0.183,2026-08-07_040842_redundancy_2wikimultihopqa__redundancy:all_method_by_level_effects
2026-08-07_040842_redundancy_2wikimultihopqa__redundancy,2wikimultihopqa,redundancy,level_effect,rho,0.025,,,Maxmin,S-Recall@k,12472,-22.69283194355356,-23.224322482360485,-22.13758819756254,,0.0759300833867864,0.3762026940346376,0.547867222578576,two-sided,0.0005,0.024,2026-08-07_040842_redundancy_2wikimultihopqa__redundancy:all_method_by_level_effects
2026-08-07_040842_redundancy_2wikimultihopqa__redundancy,2wikimultihopqa,redundancy,level_effect,rho,0.025,,,Greedy-DPP,S-Recall@k,12472,-3.074887748556767,-3.363534316869788,-2.794158915971777,,0.04209429121231559,0.8413245670301476,0.11658114175753688,two-sided,0.0005,0.024,2026-08-07_040842_redundancy_2wikimultihopqa__redundancy:all_method_by_level_effects
2026-08-07_040842_redundancy_2wikimultihopqa__redundancy,2wikimultihopqa,redundancy,level_effect,rho,0.025,,,Dedup*,S-Recall@k,12472,0.1322963438101347,0.09020205259781912,0.17439063502245028,,0.003848620910840282,0.9960711994868505,8.017960230917254e-05,two-sided,0.0005,0.024,2026-08-07_040842_redundancy_2wikimultihopqa__redundancy:all_method_by_level_effects
2026-08-07_040842_redundancy_2wikimultihopqa__redundancy,2wikimultihopqa,redundancy,level_effect,rho,0.025,,,MMR*,S-Recall@k,12472,-0.7135984605516357,-0.8579217447081462,-0.575288646568313,,0.010663887107119949,0.9585471456061578,0.030788967286722257,two-sided,0.0005,0.024,2026-08-07_040842_redundancy_2wikimultihopqa__redundancy:all_method_by_level_effects
2026-08-07_040842_redundancy_2wikimultihopqa__redundancy,2wikimultihopqa,redundancy,level_effect,rho,0.025,,,VendiG*,S-Recall@k,12472,-0.5913245670301476,-0.7496792815907634,-0.432769403463759,,0.017479153303399615,0.9468409236690186,0.035679923027581786,two-sided,0.0005,0.024,2026-08-07_040842_redundancy_2wikimultihopqa__redundancy:all_method_by_level_effects
2026-08-07_040842_redundancy_2wikimultihopqa__redundancy,2wikimultihopqa,redundancy,level_effect,rho,0.025,,,RNG*,S-Recall@k,12472,0.03808531109685696,0.006013470173187941,0.07416613213598461,,0.0012026940346375882,0.9984765875561257,0.00032071840923669016,two-sided,0.0305,0.183,2026-08-07_040842_redundancy_2wikimultihopqa__redundancy:all_method_by_level_effects
2026-08-07_040842_redundancy_2wikimultihopqa__redundancy,2wikimultihopqa,redundancy,level_effect,rho,0.05,,,Maxmin,S-Recall@k,12472,-22.69283194355356,-23.224322482360485,-22.13758819756254,,0.0759300833867864,0.3762026940346376,0.547867222578576,two-sided,0.0005,0.024,2026-08-07_040842_redundancy_2wikimultihopqa__redundancy:all_method_by_level_effects
2026-08-07_040842_redundancy_2wikimultihopqa__redundancy,2wikimultihopqa,redundancy,level_effect,rho,0.05,,,Greedy-DPP,S-Recall@k,12472,-3.074887748556767,-3.363534316869788,-2.794158915971777,,0.04209429121231559,0.8413245670301476,0.11658114175753688,two-sided,0.0005,0.024,2026-08-07_040842_redundancy_2wikimultihopqa__redundancy:all_method_by_level_effects
2026-08-07_040842_redundancy_2wikimultihopqa__redundancy,2wikimultihopqa,redundancy,level_effect,rho,0.05,,,Dedup*,S-Recall@k,12472,0.1322963438101347,0.09020205259781912,0.17439063502245028,,0.003848620910840282,0.9960711994868505,8.017960230917254e-05,two-sided,0.0005,0.024,2026-08-07_040842_redundancy_2wikimultihopqa__redundancy:all_method_by_level_effects
2026-08-07_040842_redundancy_2wikimultihopqa__redundancy,2wikimultihopqa,redundancy,level_effect,rho,0.05,,,MMR*,S-Recall@k,12472,-0.7135984605516357,-0.8579217447081462,-0.575288646568313,,0.010663887107119949,0.9585471456061578,0.030788967286722257,two-sided,0.0005,0.024,2026-08-07_040842_redundancy_2wikimultihopqa__redundancy:all_method_by_level_effects
2026-08-07_040842_redundancy_2wikimultihopqa__redundancy,2wikimultihopqa,redundancy,level_effect,rho,0.05,,,VendiG*,S-Recall@k,12472,-0.5913245670301476,-0.7496792815907634,-0.432769403463759,,0.017479153303399615,0.9468409236690186,0.035679923027581786,two-sided,0.0005,0.024,2026-08-07_040842_redundancy_2wikimultihopqa__redundancy:all_method_by_level_effects
2026-08-07_040842_redundancy_2wikimultihopqa__redundancy,2wikimultihopqa,redundancy,level_effect,rho,0.05,,,RNG*,S-Recall@k,12472,0.03808531109685696,0.006013470173187941,0.07416613213598461,,0.0012026940346375882,0.9984765875561257,0.00032071840923669016,two-sided,0.0305,0.183,2026-08-07_040842_redundancy_2wikimultihopqa__redundancy:all_method_by_level_effects
2026-08-07_040842_redundancy_2wikimultihopqa__redundancy,2wikimultihopqa,redundancy,level_effect,rho,0.1,,,Maxmin,S-Recall@k,12472,-21.88858598816909,-22.390304281590762,-21.36880501211602,,0.09140474663245671,0.32697241821680567,0.5816228351507376,two-sided,0.0005,0.024,2026-08-07_040842_redundancy_2wikimultihopqa__redundancy:all_method_by_level_effects
2026-08-07_040842_redundancy_2wikimultihopqa__redundancy,2wikimultihopqa,redundancy,level_effect,rho,0.1,,,Greedy-DPP,S-Recall@k,12472,-1.634884363195782,-1.9146666310312888,-1.3557535546290351,,0.08266516998075689,0.8054041051956382,0.11193072482360487,two-sided,0.0005,0.024,2026-08-07_040842_redundancy_2wikimultihopqa__redundancy:all_method_by_level_effects
2026-08-07_040842_redundancy_2wikimultihopqa__redundancy,2wikimultihopqa,redundancy,level_effect,rho,0.1,,,Dedup*,S-Recall@k,12472,1.5672885040267983,1.4564012276387992,1.678877351935001,,0.07745349583066068,0.921905067350866,0.0006414368184733803,two-sided,0.0005,0.024,2026-08-07_040842_redundancy_2wikimultihopqa__redundancy:all_method_by_level_effects
2026-08-07_040842_redundancy_2wikimultihopqa__redundancy,2wikimultihopqa,redundancy,level_effect,rho,0.1,,,MMR*,S-Recall@k,12472,-0.23196404390278666,-0.36860344950466806,-0.0975351453923455,,0.03624118024374599,0.9220654265554843,0.04169339320076972,two-sided,0.0015,0.024,2026-08-07_040842_redundancy_2wikimultihopqa__redundancy:all_method_by_level_effects
2026-08-07_040842_redundancy_2wikimultihopqa__redundancy,2wikimultihopqa,redundancy,level_effect,rho,0.1,,,VendiG*,S-Recall@k,12472,0.040646603948400105,-0.10568117026583988,0.19767612785973912,,0.04682488774855677,0.90891597177678,0.04425914047466325,two-sided,0.6075,0.8744999999999999,2026-08-07_040842_redundancy_2wikimultihopqa__redundancy:all_method_by_level_effects
2026-08-07_040842_redundancy_2wikimultihopqa__redundancy,2wikimultihopqa,redundancy,level_effect,rho,0.1,,,RNG*,S-Recall@k,12472,0.48998645855605427,0.3935426466395838,0.5857676751478866,,0.03784477228992944,0.9561417575368826,0.006013470173187941,two-sided,0.0005,0.024,2026-08-07_040842_redundancy_2wikimultihopqa__redundancy:all_method_by_level_effects
2026-08-07_040842_redundancy_2wikimultihopqa__redundancy,2wikimultihopqa,redundancy,level_effect,rho,0.15,,,Maxmin,S-Recall@k,12472,-18.041412764592692,-18.565737251443228,-17.546598825814275,,0.11072803078896729,0.3515875561257216,0.5376844130853111,two-sided,0.0005,0.024,2026-08-07_040842_redundancy_2wikimultihopqa__redundancy:all_method_by_level_effects
2026-08-07_040842_redundancy_2wikimultihopqa__redundancy,2wikimultihopqa,redundancy,level_effect,rho,0.15,,,Greedy-DPP,S-Recall@k,12472,0.812041194497898,0.5311453210747631,1.0880984516427907,,0.12892880051314945,0.790891597177678,0.08017960230917255,two-sided,0.0005,0.024,2026-08-07_040842_redundancy_2wikimultihopqa__redundancy:all_method_by_level_effects
2026-08-07_040842_redundancy_2wikimultihopqa__redundancy,2wikimultihopqa,redundancy,level_effect,rho,0.15,,,Dedup*,S-Recall@k,12472,3.7584188582424627,3.5704310989950825,3.940276218729957,,0.14055484284797948,0.8588037203335471,0.0006414368184733803,two-sided,0.0005,0.024,2026-08-07_040842_redundancy_2wikimultihopqa__redundancy:all_method_by_level_effects
2026-08-07_040842_redundancy_2wikimultihopqa__redundancy,2wikimultihopqa,redundancy,level_effect,rho,0.15,,,MMR*,S-Recall@k,12472,-0.1738338322286366,-0.312706017033711,-0.032840228779132015,,0.042334830019243104,0.9167735728030789,0.040891597177678,two-sided,0.017,0.136,2026-08-07_040842_redundancy_2wikimultihopqa__redundancy:all_method_by_level_effects
2026-08-07_040842_redundancy_2wikimultihopqa__redundancy,2wikimultihopqa,redundancy,level_effect,rho,0.15,,,VendiG*,S-Recall@k,12472,0.08396586130710569,-0.06982863837217593,0.23692515679566672,,0.05339961513790892,0.9053078896728672,0.041292495189223864,two-sided,0.2915,0.8744999999999999,2026-08-07_040842_redundancy_2wikimultihopqa__redundancy:all_method_by_level_effects
2026-08-07_040842_redundancy_2wikimultihopqa__redundancy,2wikimultihopqa,redundancy,level_effect,rho,0.15,,,RNG*,S-Recall@k,12472,0.9737367258213957,0.8614630104768016,1.0830037060793956,,0.06318152661962796,0.9301635663887107,0.006654906991661321,two-sided,0.0005,0.024,2026-08-07_040842_redundancy_2wikimultihopqa__redundancy:all_method_by_level_effects
2026-08-07_040842_redundancy_2wikimultihopqa__redundancy,2wikimultihopqa,redundancy,level_effect,rho,0.25,,,Maxmin,S-Recall@k,12472,-18.041412764592692,-18.565737251443228,-17.546598825814275,,0.11072803078896729,0.3515875561257216,0.5376844130853111,two-sided,0.0005,0.024,2026-08-07_040842_redundancy_2wikimultihopqa__redundancy:all_method_by_level_effects
2026-08-07_040842_redundancy_2wikimultihopqa__redundancy,2wikimultihopqa,redundancy,level_effect,rho,0.25,,,Greedy-DPP,S-Recall@k,12472,0.812041194497898,0.5311453210747631,1.0880984516427907,,0.12892880051314945,0.790891597177678,0.08017960230917255,two-sided,0.0005,0.024,2026-08-07_040842_redundancy_2wikimultihopqa__redundancy:all_method_by_level_effects
2026-08-07_040842_redundancy_2wikimultihopqa__redundancy,2wikimultihopqa,redundancy,level_effect,rho,0.25,,,Dedup*,S-Recall@k,12472,3.7584188582424627,3.5704310989950825,3.940276218729957,,0.14055484284797948,0.8588037203335471,0.0006414368184733803,two-sided,0.0005,0.024,2026-08-07_040842_redundancy_2wikimultihopqa__redundancy:all_method_by_level_effects
2026-08-07_040842_redundancy_2wikimultihopqa__redundancy,2wikimultihopqa,redundancy,level_effect,rho,0.25,,,MMR*,S-Recall@k,12472,-0.1738338322286366,-0.312706017033711,-0.032840228779132015,,0.042334830019243104,0.9167735728030789,0.040891597177678,two-sided,0.017,0.136,2026-08-07_040842_redundancy_2wikimultihopqa__redundancy:all_method_by_level_effects
2026-08-07_040842_redundancy_2wikimultihopqa__redundancy,2wikimultihopqa,redundancy,level_effect,rho,0.25,,,VendiG*,S-Recall@k,12472,0.08396586130710569,-0.06982863837217593,0.23692515679566672,,0.05339961513790892,0.9053078896728672,0.041292495189223864,two-sided,0.2915,0.8744999999999999,2026-08-07_040842_redundancy_2wikimultihopqa__redundancy:all_method_by_level_effects
2026-08-07_040842_redundancy_2wikimultihopqa__redundancy,2wikimultihopqa,redundancy,level_effect,rho,0.25,,,RNG*,S-Recall@k,12472,0.9737367258213957,0.8614630104768016,1.0830037060793956,,0.06318152661962796,0.9301635663887107,0.006654906991661321,two-sided,0.0005,0.024,2026-08-07_040842_redundancy_2wikimultihopqa__redundancy:all_method_by_level_effects
2026-08-07_040842_redundancy_2wikimultihopqa__redundancy,2wikimultihopqa,redundancy,level_effect,rho,0.5,,,Maxmin,S-Recall@k,12472,-11.897650737652297,-12.405143076045897,-11.422831587199775,,0.15899615137908915,0.3792495189223861,0.4617543296985247,two-sided,0.0005,0.024,2026-08-07_040842_redundancy_2wikimultihopqa__redundancy:all_method_by_level_effects
2026-08-07_040842_redundancy_2wikimultihopqa__redundancy,2wikimultihopqa,redundancy,level_effect,rho,0.5,,,Greedy-DPP,S-Recall@k,12472,6.783082994797209,6.492882946689472,7.082899027154162,,0.2601026298909557,0.7026138550352791,0.03728351507376523,two-sided,0.0005,0.024,2026-08-07_040842_redundancy_2wikimultihopqa__redundancy:all_method_by_level_effects
2026-08-07_040842_redundancy_2wikimultihopqa__redundancy,2wikimultihopqa,redundancy,level_effect,rho,0.5,,,Dedup*,S-Recall@k,12472,8.719420390563739,8.444782980543081,8.99880732841565,,0.27437459910198847,0.7250641436818474,0.0005612572161642079,two-sided,0.0005,0.024,2026-08-07_040842_redundancy_2wikimultihopqa__redundancy:all_method_by_level_effects
2026-08-07_040842_redundancy_2wikimultihopqa__redundancy,2wikimultihopqa,redundancy,level_effect,rho,0.5,,,MMR*,S-Recall@k,12472,1.945914403820113,1.6336482609935143,2.253174889530325,,0.19058691468890315,0.7095093008338679,0.09990378447722899,two-sided,0.0005,0.024,2026-08-07_040842_redundancy_2wikimultihopqa__redundancy:all_method_by_level_effects
2026-08-07_040842_redundancy_2wikimultihopqa__redundancy,2wikimultihopqa,redundancy,level_effect,rho,0.5,,,VendiG*,S-Recall@k,12472,4.980600990663534,4.673897307747132,5.28623004418787,,0.23476587556125722,0.7010904425914047,0.06414368184733804,two-sided,0.0005,0.024,2026-08-07_040842_redundancy_2wikimultihopqa__redundancy:all_method_by_level_effects
2026-08-07_040842_redundancy_2wikimultihopqa__redundancy,2wikimultihopqa,redundancy,level_effect,rho,0.5,,,RNG*,S-Recall@k,12472,2.7271087235407387,2.513502467749983,2.9402862411802437,,0.17110327132777423,0.7870429762668377,0.04185375240538807,two-sided,0.0005,0.024,2026-08-07_040842_redundancy_2wikimultihopqa__redundancy:all_method_by_level_effects
2026-08-07_040842_redundancy_2wikimultihopqa__redundancy,2wikimultihopqa,redundancy,level_effect,rho,1,,,Maxmin,S-Recall@k,12472,4.743180279381368,4.278010521345591,5.216729919464044,,0.36433611289288004,0.4186177036561899,0.21704618345093007,two-sided,0.0005,0.024,2026-08-07_040842_redundancy_2wikimultihopqa__redundancy:all_method_by_level_effects
2026-08-07_040842_redundancy_2wikimultihopqa__redundancy,2wikimultihopqa,redundancy,level_effect,rho,1,,,Greedy-DPP,S-Recall@k,12472,21.207393450217438,20.83539907169838,21.56365814981113,,0.5853110968569596,0.4141276459268762,0.0005612572161642079,two-sided,0.0005,0.024,2026-08-07_040842_redundancy_2wikimultihopqa__redundancy:all_method_by_level_effects
2026-08-07_040842_redundancy_2wikimultihopqa__redundancy,2wikimultihopqa,redundancy,level_effect,rho,1,,,Dedup*,S-Recall@k,12472,20.90427000926529,20.547470778989382,21.26251692680493,,0.5716805644644003,0.42719692110327134,0.0011225144323284157,two-sided,0.0005,0.024,2026-08-07_040842_redundancy_2wikimultihopqa__redundancy:all_method_by_level_effects
2026-08-07_040842_redundancy_2wikimultihopqa__redundancy,2wikimultihopqa,redundancy,level_effect,rho,1,,,MMR*,S-Recall@k,12472,21.285679923027622,20.92324028045043,21.65353725678854,,0.5914047466324567,0.4057087876844131,0.0028864656831302116,two-sided,0.0005,0.024,2026-08-07_040842_redundancy_2wikimultihopqa__redundancy:all_method_by_level_effects
2026-08-07_040842_redundancy_2wikimultihopqa__redundancy,2wikimultihopqa,redundancy,level_effect,rho,1,,,VendiG*,S-Recall@k,12472,21.400047216876946,21.031159797947403,21.755415463972632,,0.5944515715202052,0.40266196279666455,0.0028864656831302116,two-sided,0.0005,0.024,2026-08-07_040842_redundancy_2wikimultihopqa__redundancy:all_method_by_level_effects
2026-08-07_040842_redundancy_2wikimultihopqa__redundancy,2wikimultihopqa,redundancy,level_effect,rho,1,,,RNG*,S-Recall@k,12472,12.101774641864417,11.783467188724964,12.40541590941487,,0.4081943553559974,0.5723220012828736,0.019483643361128927,two-sided,0.0005,0.024,2026-08-07_040842_redundancy_2wikimultihopqa__redundancy:all_method_by_level_effects
2026-08-07_040842_redundancy_2wikimultihopqa__redundancy,2wikimultihopqa,redundancy,heavy_minus_clean_interaction,rho,,0,1,Maxmin,S-Recall@k,12472,27.436012222934995,26.736022022664105,28.14322415544153,26.8470262276388,0.6401539448364336,0.2146407953816549,0.14520525978191148,greater,0.0005,0.003,2026-08-07_040842_redundancy_2wikimultihopqa__redundancy:primary_interactions
2026-08-07_040842_redundancy_2wikimultihopqa__redundancy,2wikimultihopqa,redundancy,heavy_minus_clean_interaction,rho,,0,1,Greedy-DPP,S-Recall@k,12472,24.282281198774257,23.77821319756253,24.77761853217875,23.852529666452845,0.5853110968569596,0.381975625400898,0.0327132777421424,greater,0.0005,0.003,2026-08-07_040842_redundancy_2wikimultihopqa__redundancy:primary_interactions
2026-08-07_040842_redundancy_2wikimultihopqa__redundancy,2wikimultihopqa,redundancy,heavy_minus_clean_interaction,rho,,0,1,Dedup*,S-Recall@k,12472,20.77197366545516,20.41303074442306,21.12892323248521,20.476433878554626,0.5698364336112893,0.4266356638871071,0.003527902501603592,greater,0.0005,0.003,2026-08-07_040842_redundancy_2wikimultihopqa__redundancy:primary_interactions
2026-08-07_040842_redundancy_2wikimultihopqa__redundancy,2wikimultihopqa,redundancy,heavy_minus_clean_interaction,rho,,0,1,MMR*,S-Recall@k,12472,21.999278383579284,21.590017194070278,22.402782232200128,21.66946181669161,0.5878768441308531,0.4025016035920462,0.009621552277100705,greater,0.0005,0.003,2026-08-07_040842_redundancy_2wikimultihopqa__redundancy:primary_interactions
2026-08-07_040842_redundancy_2wikimultihopqa__redundancy,2wikimultihopqa,redundancy,heavy_minus_clean_interaction,rho,,0,1,VendiG*,S-Recall@k,12472,21.991371783907123,21.57564611396194,22.400833422421787,21.65202275318936,0.5873155869146889,0.39793136626042336,0.014753046824887749,greater,0.0005,0.003,2026-08-07_040842_redundancy_2wikimultihopqa__redundancy:primary_interactions
2026-08-07_040842_redundancy_2wikimultihopqa__redundancy,2wikimultihopqa,redundancy,heavy_minus_clean_interaction,rho,,0,1,RNG*,S-Recall@k,12472,12.063689330767561,11.744017710783268,12.378550174613352,11.798996418644432,0.40811417575368825,0.5712796664528544,0.020606157793457345,greater,0.0005,0.003,2026-08-07_040842_redundancy_2wikimultihopqa__redundancy:primary_interactions
2026-08-07_060658_redundancy_fiqa__chunking,fiqa,chunking,level_effect,overlap,0,,,Maxmin,S-Recall@k,643,-19.20388061912168,-22.408427756794783,-16.015496556320816,,0.04665629860031104,0.6314152410575428,0.32192846034214617,two-sided,0.0005,0.012,2026-08-07_060658_redundancy_fiqa__chunking:all_method_by_level_effects
2026-08-07_060658_redundancy_fiqa__chunking,fiqa,chunking,level_effect,overlap,0,,,Greedy-DPP,S-Recall@k,643,-10.933125972006222,-13.717988595127009,-8.159279419388284,,0.04510108864696734,0.7340590979782271,0.2208398133748056,two-sided,0.0005,0.012,2026-08-07_060658_redundancy_fiqa__chunking:all_method_by_level_effects
2026-08-07_060658_redundancy_fiqa__chunking,fiqa,chunking,level_effect,overlap,0,,,Dedup*,S-Recall@k,643,0.06825643684119574,-0.2773457750129601,0.5003024019353723,,0.006220839813374806,0.9860031104199067,0.007776049766718507,two-sided,0.7335,1.0,2026-08-07_060658_redundancy_fiqa__chunking:all_method_by_level_effects
2026-08-07_060658_redundancy_fiqa__chunking,fiqa,chunking,level_effect,overlap,0,,,MMR*,S-Recall@k,643,-0.886839961490039,-2.0377200128366537,0.24237515120096695,,0.038880248833592534,0.8864696734059098,0.07465007776049767,two-sided,0.1295,0.9065000000000001,2026-08-07_060658_redundancy_fiqa__chunking:all_method_by_level_effects
2026-08-07_060658_redundancy_fiqa__chunking,fiqa,chunking,level_effect,overlap,0,,,VendiG*,S-Recall@k,643,0.1788491446345257,-0.8973561430793157,1.3089683773976155,,0.02177293934681182,0.9533437013996889,0.024883359253499222,two-sided,0.7485,1.0,2026-08-07_060658_redundancy_fiqa__chunking:all_method_by_level_effects
2026-08-07_060658_redundancy_fiqa__chunking,fiqa,chunking,level_effect,overlap,0,,,RNG*,S-Recall@k,643,-1.4528252980819076,-2.620377570416451,-0.32730689476412794,,0.04043545878693624,0.8771384136858476,0.08242612752721618,two-sided,0.0145,0.1595,2026-08-07_060658_redundancy_fiqa__chunking:all_method_by_level_effects
2026-08-07_060658_redundancy_fiqa__chunking,fiqa,chunking,level_effect,overlap,0.25,,,Maxmin,S-Recall@k,643,-18.968253968253965,-22.062899602557458,-15.730387074477276,,0.038880248833592534,0.6516329704510109,0.3094867807153966,two-sided,0.0005,0.012,2026-08-07_060658_redundancy_fiqa__chunking:all_method_by_level_effects
2026-08-07_060658_redundancy_fiqa__chunking,fiqa,chunking,level_effect,overlap,0.25,,,Greedy-DPP,S-Recall@k,643,-7.97859734873732,-10.651040509516406,-5.088110049618604,,0.06531881804043546,0.7418351477449455,0.19284603421461896,two-sided,0.0005,0.012,2026-08-07_060658_redundancy_fiqa__chunking:all_method_by_level_effects
2026-08-07_060658_redundancy_fiqa__chunking,fiqa,chunking,level_effect,overlap,0.25,,,Dedup*,S-Recall@k,643,0.5745636772075341,0.017280110592707777,1.2616640746500776,,0.012441679626749611,0.9828926905132193,0.004665629860031105,two-sided,0.065,0.65,2026-08-07_060658_redundancy_fiqa__chunking:all_method_by_level_effects
2026-08-07_060658_redundancy_fiqa__chunking,fiqa,chunking,level_effect,overlap,0.25,,,MMR*,S-Recall@k,643,1.5249697598064627,0.5654916191463624,2.6308968377397615,,0.027993779160186624,0.9626749611197511,0.00933125972006221,two-sided,0.0045,0.063,2026-08-07_060658_redundancy_fiqa__chunking:all_method_by_level_effects
2026-08-07_060658_redundancy_fiqa__chunking,fiqa,chunking,level_effect,overlap,0.25,,,VendiG*,S-Recall@k,643,1.0454466908588214,-0.060480387074477275,2.3068947641264903,,0.029548989113530325,0.9517884914463453,0.01866251944012442,two-sided,0.084,0.756,2026-08-07_060658_redundancy_fiqa__chunking:all_method_by_level_effects
2026-08-07_060658_redundancy_fiqa__chunking,fiqa,chunking,level_effect,overlap,0.25,,,RNG*,S-Recall@k,643,-0.9668839023426894,-2.228726949566763,0.3265632328618327,,0.04821150855365474,0.8662519440124417,0.08553654743390357,two-sided,0.147,0.9065000000000001,2026-08-07_060658_redundancy_fiqa__chunking:all_method_by_level_effects
2026-08-07_060658_redundancy_fiqa__chunking,fiqa,chunking,level_effect,overlap,0.5,,,Maxmin,S-Recall@k,643,-14.643782863067468,-17.73759534918166,-11.493519958527733,,0.05598755832037325,0.671850699844479,0.27216174183514774,two-sided,0.0005,0.012,2026-08-07_060658_redundancy_fiqa__chunking:all_method_by_level_effects
2026-08-07_060658_redundancy_fiqa__chunking,fiqa,chunking,level_effect,overlap,0.5,,,Greedy-DPP,S-Recall@k,643,-5.95386210471747,-8.514033918388506,-3.3588646967340594,,0.06998444790046657,0.7558320373250389,0.17418351477449456,two-sided,0.0005,0.012,2026-08-07_060658_redundancy_fiqa__chunking:all_method_by_level_effects
2026-08-07_060658_redundancy_fiqa__chunking,fiqa,chunking,level_effect,overlap,0.5,,,Dedup*,S-Recall@k,643,0.9110938310005183,0.3539830654916192,1.5118152756177636,,0.03421461897356143,0.9564541213063764,0.00933125972006221,two-sided,0.005,0.065,2026-08-07_060658_redundancy_fiqa__chunking:all_method_by_level_effects
2026-08-07_060658_redundancy_fiqa__chunking,fiqa,chunking,level_effect,overlap,0.5,,,MMR*,S-Recall@k,643,1.0661211088893827,-0.1332234812017085,2.3296952529067614,,0.06531881804043546,0.8818040435458787,0.05287713841368585,two-sided,0.0985,0.788,2026-08-07_060658_redundancy_fiqa__chunking:all_method_by_level_effects
2026-08-07_060658_redundancy_fiqa__chunking,fiqa,chunking,level_effect,overlap,0.5,,,VendiG*,S-Recall@k,643,0.02326643461946707,-1.3136895504702657,1.4181601619393218,,0.06998444790046657,0.8475894245723172,0.08242612752721618,two-sided,0.972,1.0,2026-08-07_060658_redundancy_fiqa__chunking:all_method_by_level_effects
2026-08-07_060658_redundancy_fiqa__chunking,fiqa,chunking,level_effect,overlap,0.5,,,RNG*,S-Recall@k,643,0.2951813177318618,-0.8478825693055867,1.4615208965908804,,0.060653188180404355,0.9020217729393468,0.03732503888024884,two-sided,0.6065,1.0,2026-08-07_060658_redundancy_fiqa__chunking:all_method_by_level_effects
2026-08-07_060658_redundancy_fiqa__chunking,fiqa,chunking,level_effect,overlap,0.75,,,Maxmin,S-Recall@k,643,-12.881396726653337,-15.967729393468117,-9.910825372139524,,0.060653188180404355,0.687402799377916,0.25194401244167963,two-sided,0.0005,0.012,2026-08-07_060658_redundancy_fiqa__chunking:all_method_by_level_effects
2026-08-07_060658_redundancy_fiqa__chunking,fiqa,chunking,level_effect,overlap,0.75,,,Greedy-DPP,S-Recall@k,643,-3.610493964304229,-6.158501814411611,-0.9922424646374882,,0.08398133748055987,0.7558320373250389,0.16018662519440124,two-sided,0.0065,0.078,2026-08-07_060658_redundancy_fiqa__chunking:all_method_by_level_effects
2026-08-07_060658_redundancy_fiqa__chunking,fiqa,chunking,level_effect,overlap,0.75,,,Dedup*,S-Recall@k,643,3.4022069169814118,2.137395393616234,4.760738354439754,,0.05909797822706065,0.9346811819595645,0.006220839813374806,two-sided,0.0005,0.012,2026-08-07_060658_redundancy_fiqa__chunking:all_method_by_level_effects
2026-08-07_060658_redundancy_fiqa__chunking,fiqa,chunking,level_effect,overlap,0.75,,,MMR*,S-Recall@k,643,3.4614530104421233,1.574538991335259,5.449900022217285,,0.08398133748055987,0.8740279937791602,0.041990668740279936,two-sided,0.0005,0.012,2026-08-07_060658_redundancy_fiqa__chunking:all_method_by_level_effects
2026-08-07_060658_redundancy_fiqa__chunking,fiqa,chunking,level_effect,overlap,0.75,,,VendiG*,S-Recall@k,643,1.1296872299982716,-0.6580420400404853,2.921767385025549,,0.1026438569206843,0.8149300155520995,0.08242612752721618,two-sided,0.23,1.0,2026-08-07_060658_redundancy_fiqa__chunking:all_method_by_level_effects
2026-08-07_060658_redundancy_fiqa__chunking,fiqa,chunking,level_effect,overlap,0.75,,,RNG*,S-Recall@k,643,1.9705497543755701,0.7616085314374582,3.201442889234491,,0.07620528771384137,0.8926905132192846,0.03110419906687403,two-sided,0.001,0.015,2026-08-07_060658_redundancy_fiqa__chunking:all_method_by_level_effects
2026-08-07_060658_redundancy_fiqa__chunking,fiqa,chunking,heavy_minus_clean_interaction,overlap,,0,0.75,Maxmin,S-Recall@k,643,6.322483892468342,3.024938902466119,9.690485447678293,3.452140265126268,0.20684292379471228,0.6827371695178849,0.1104199066874028,greater,0.0015,0.003,2026-08-07_060658_redundancy_fiqa__chunking:primary_interactions
2026-08-07_060658_redundancy_fiqa__chunking,fiqa,chunking,heavy_minus_clean_interaction,overlap,,0,0.75,Greedy-DPP,S-Recall@k,643,7.322632007701991,4.213100792416501,10.579639709694142,4.6439309783011185,0.18506998444790046,0.7293934681181959,0.08553654743390357,greater,0.0005,0.003,2026-08-07_060658_redundancy_fiqa__chunking:primary_interactions
2026-08-07_060658_redundancy_fiqa__chunking,fiqa,chunking,heavy_minus_clean_interaction,overlap,,0,0.75,Dedup*,S-Recall@k,643,3.333950480140215,2.025173418252734,4.715495322027204,2.21808733861611,0.06376360808709176,0.9284603421461898,0.007776049766718507,greater,0.0005,0.003,2026-08-07_060658_redundancy_fiqa__chunking:primary_interactions
2026-08-07_060658_redundancy_fiqa__chunking,fiqa,chunking,heavy_minus_clean_interaction,overlap,,0,0.75,MMR*,S-Recall@k,643,4.348292971932163,2.213113135352638,6.501604581697895,2.5375595546668643,0.13530326594090203,0.7947122861586314,0.06998444790046657,greater,0.0005,0.003,2026-08-07_060658_redundancy_fiqa__chunking:primary_interactions
2026-08-07_060658_redundancy_fiqa__chunking,fiqa,chunking,heavy_minus_clean_interaction,overlap,,0,0.75,VendiG*,S-Recall@k,643,0.9508380853637466,-1.067497346268731,3.041021748253474,-0.716445728109803,0.1150855365474339,0.7916018662519441,0.09331259720062209,greater,0.1745,0.1745,2026-08-07_060658_redundancy_fiqa__chunking:primary_interactions
2026-08-07_060658_redundancy_fiqa__chunking,fiqa,chunking,heavy_minus_clean_interaction,overlap,,0,0.75,RNG*,S-Recall@k,643,3.4233750524574775,1.8458398133748055,5.075890542842331,2.0736070996568667,0.1290824261275272,0.8164852255054432,0.05443234836702955,greater,0.0005,0.003,2026-08-07_060658_redundancy_fiqa__chunking:primary_interactions
2026-08-07_072703_redundancy_scifact__chunking,scifact,chunking,level_effect,overlap,0,,,Maxmin,S-Recall@k,298,-19.40715883668904,-24.105145413870247,-14.70917225950783,,0.013422818791946308,0.761744966442953,0.22483221476510068,two-sided,0.0005,0.012,2026-08-07_072703_redundancy_scifact__chunking:all_method_by_level_effects
2026-08-07_072703_redundancy_scifact__chunking,scifact,chunking,level_effect,overlap,0,,,Greedy-DPP,S-Recall@k,298,-3.887024608501119,-7.105704697986577,-0.7829977628635348,,0.026845637583892617,0.8993288590604027,0.0738255033557047,two-sided,0.0155,0.248,2026-08-07_072703_redundancy_scifact__chunking:all_method_by_level_effects
2026-08-07_072703_redundancy_scifact__chunking,scifact,chunking,level_effect,overlap,0,,,Dedup*,S-Recall@k,298,0.33557046979865773,0.0,1.0067114093959733,,0.003355704697986577,0.9966442953020134,0.0,two-sided,0.654,1.0,2026-08-07_072703_redundancy_scifact__chunking:all_method_by_level_effects
2026-08-07_072703_redundancy_scifact__chunking,scifact,chunking,level_effect,overlap,0,,,MMR*,S-Recall@k,298,-0.16778523489932887,-1.8456375838926173,1.482102908277405,,0.020134228187919462,0.9395973154362416,0.040268456375838924,two-sided,0.8445,1.0,2026-08-07_072703_redundancy_scifact__chunking:all_method_by_level_effects
2026-08-07_072703_redundancy_scifact__chunking,scifact,chunking,level_effect,overlap,0,,,VendiG*,S-Recall@k,298,-0.33557046979865773,-1.6778523489932886,0.6711409395973155,,0.003355704697986577,0.9899328859060402,0.006711409395973154,two-sided,0.7585,1.0,2026-08-07_072703_redundancy_scifact__chunking:all_method_by_level_effects
2026-08-07_072703_redundancy_scifact__chunking,scifact,chunking,level_effect,overlap,0,,,RNG*,S-Recall@k,298,-1.3516032811334826,-2.3960663683818044,-0.3448918717375094,,0.010067114093959731,0.9362416107382551,0.053691275167785234,two-sided,0.01,0.17,2026-08-07_072703_redundancy_scifact__chunking:all_method_by_level_effects
2026-08-07_072703_redundancy_scifact__chunking,scifact,chunking,level_effect,overlap,0.25,,,Maxmin,S-Recall@k,298,-15.251677852348994,-19.642058165548097,-11.297259507829978,,0.020134228187919462,0.7885906040268457,0.1912751677852349,two-sided,0.0005,0.012,2026-08-07_072703_redundancy_scifact__chunking:all_method_by_level_effects
2026-08-07_072703_redundancy_scifact__chunking,scifact,chunking,level_effect,overlap,0.25,,,Greedy-DPP,S-Recall@k,298,-2.0525727069351234,-5.173378076062639,0.8962527964205806,,0.03691275167785235,0.9026845637583892,0.06040268456375839,two-sided,0.187,1.0,2026-08-07_072703_redundancy_scifact__chunking:all_method_by_level_effects
2026-08-07_072703_redundancy_scifact__chunking,scifact,chunking,level_effect,overlap,0.25,,,Dedup*,S-Recall@k,298,0.16778523489932887,0.0,0.5033557046979866,,0.003355704697986577,0.9966442953020134,0.0,two-sided,0.6385,1.0,2026-08-07_072703_redundancy_scifact__chunking:all_method_by_level_effects
2026-08-07_072703_redundancy_scifact__chunking,scifact,chunking,level_effect,overlap,0.25,,,MMR*,S-Recall@k,298,-0.16778523489932906,-1.9574944071588367,1.6498881431767334,,0.030201342281879196,0.9395973154362416,0.030201342281879196,two-sided,0.835,1.0,2026-08-07_072703_redundancy_scifact__chunking:all_method_by_level_effects
2026-08-07_072703_redundancy_scifact__chunking,scifact,chunking,level_effect,overlap,0.25,,,VendiG*,S-Recall@k,298,1.2583892617449663,0.16778523489932887,2.684563758389262,,0.016778523489932886,0.9798657718120806,0.003355704697986577,two-sided,0.056,0.672,2026-08-07_072703_redundancy_scifact__chunking:all_method_by_level_effects
2026-08-07_072703_redundancy_scifact__chunking,scifact,chunking,level_effect,overlap,0.25,,,RNG*,S-Recall@k,298,0.7885906040268457,-0.19658836689038034,1.9913310961968678,,0.02348993288590604,0.9630872483221476,0.013422818791946308,two-sided,0.1615,1.0,2026-08-07_072703_redundancy_scifact__chunking:all_method_by_level_effects
2026-08-07_072703_redundancy_scifact__chunking,scifact,chunking,level_effect,overlap,0.5,,,Maxmin,S-Recall@k,298,-13.47874720357942,-18.067673378076066,-9.004474272930649,,0.030201342281879196,0.7919463087248322,0.17785234899328858,two-sided,0.0005,0.012,2026-08-07_072703_redundancy_scifact__chunking:all_method_by_level_effects
2026-08-07_072703_redundancy_scifact__chunking,scifact,chunking,level_effect,overlap,0.5,,,Greedy-DPP,S-Recall@k,298,-1.2863534675615214,-4.138702460850112,1.6512863534675606,,0.03691275167785235,0.9093959731543624,0.053691275167785234,two-sided,0.383,1.0,2026-08-07_072703_redundancy_scifact__chunking:all_method_by_level_effects
2026-08-07_072703_redundancy_scifact__chunking,scifact,chunking,level_effect,overlap,0.5,,,Dedup*,S-Recall@k,298,1.2583892617449663,0.16778523489932887,2.6006711409395975,,0.020134228187919462,0.9765100671140939,0.003355704697986577,two-sided,0.046,0.598,2026-08-07_072703_redundancy_scifact__chunking:all_method_by_level_effects
2026-08-07_072703_redundancy_scifact__chunking,scifact,chunking,level_effect,overlap,0.5,,,MMR*,S-Recall@k,298,0.11185682326621912,-1.7337807606263984,1.9574944071588365,,0.026845637583892617,0.9463087248322147,0.026845637583892617,two-sided,0.923,1.0,2026-08-07_072703_redundancy_scifact__chunking:all_method_by_level_effects
2026-08-07_072703_redundancy_scifact__chunking,scifact,chunking,level_effect,overlap,0.5,,,VendiG*,S-Recall@k,298,0.3076062639821029,-1.342281879194631,2.0693512304250556,,0.03691275167785235,0.9295302013422819,0.03355704697986577,two-sided,0.7155,1.0,2026-08-07_072703_redundancy_scifact__chunking:all_method_by_level_effects
2026-08-07_072703_redundancy_scifact__chunking,scifact,chunking,level_effect,overlap,0.5,,,RNG*,S-Recall@k,298,1.2304250559284116,0.2796420581655481,2.460850111856823,,0.020134228187919462,0.9798657718120806,0.0,two-sided,0.0305,0.427,2026-08-07_072703_redundancy_scifact__chunking:all_method_by_level_effects
2026-08-07_072703_redundancy_scifact__chunking,scifact,chunking,level_effect,overlap,0.75,,,Maxmin,S-Recall@k,298,-10.961968680089486,-15.355145413870245,-6.62751677852349,,0.03355704697986577,0.8087248322147651,0.15771812080536912,two-sided,0.0005,0.012,2026-08-07_072703_redundancy_scifact__chunking:all_method_by_level_effects
2026-08-07_072703_redundancy_scifact__chunking,scifact,chunking,level_effect,overlap,0.75,,,Greedy-DPP,S-Recall@k,298,0.9507829977628637,-2.266498881431767,4.390380313199105,,0.06040268456375839,0.8959731543624161,0.0436241610738255,two-sided,0.567,1.0,2026-08-07_072703_redundancy_scifact__chunking:all_method_by_level_effects
2026-08-07_072703_redundancy_scifact__chunking,scifact,chunking,level_effect,overlap,0.75,,,Dedup*,S-Recall@k,298,2.1252796420581657,0.8095637583892619,3.720637583892617,,0.03355704697986577,0.9664429530201343,0.0,two-sided,0.0065,0.1235,2026-08-07_072703_redundancy_scifact__chunking:all_method_by_level_effects
2026-08-07_072703_redundancy_scifact__chunking,scifact,chunking,level_effect,overlap,0.75,,,MMR*,S-Recall@k,298,2.936241610738255,0.5299217002237134,5.453020134228188,,0.06711409395973154,0.912751677852349,0.020134228187919462,two-sided,0.023,0.345,2026-08-07_072703_redundancy_scifact__chunking:all_method_by_level_effects
2026-08-07_072703_redundancy_scifact__chunking,scifact,chunking,level_effect,overlap,0.75,,,VendiG*,S-Recall@k,298,3.2997762863534676,1.4541387024608503,5.5369127516778525,,0.040268456375838924,0.959731543624161,0.0,two-sided,0.004,0.08,2026-08-07_072703_redundancy_scifact__chunking:all_method_by_level_effects
2026-08-07_072703_redundancy_scifact__chunking,scifact,chunking,level_effect,overlap,0.75,,,RNG*,S-Recall@k,298,3.2298657718120802,1.1451342281879195,5.635486577181208,,0.06040268456375839,0.9261744966442953,0.013422818791946308,two-sided,0.007,0.126,2026-08-07_072703_redundancy_scifact__chunking:all_method_by_level_effects
2026-08-07_072703_redundancy_scifact__chunking,scifact,chunking,heavy_minus_clean_interaction,overlap,,0,0.75,Maxmin,S-Recall@k,298,8.445190156599551,4.137304250559284,13.450782997762863,4.697986577181208,0.11409395973154363,0.8489932885906041,0.03691275167785235,greater,0.001,0.005,2026-08-07_072703_redundancy_scifact__chunking:primary_interactions
2026-08-07_072703_redundancy_scifact__chunking,scifact,chunking,heavy_minus_clean_interaction,overlap,,0,0.75,Greedy-DPP,S-Recall@k,298,4.837807606263983,1.5925615212527966,8.50111856823266,2.0413870246085013,0.09060402684563758,0.8791946308724832,0.030201342281879196,greater,0.005,0.02,2026-08-07_072703_redundancy_scifact__chunking:primary_interactions
2026-08-07_072703_redundancy_scifact__chunking,scifact,chunking,heavy_minus_clean_interaction,overlap,,0,0.75,Dedup*,S-Recall@k,298,1.789709172259508,0.2796420581655482,3.467561521252797,0.5033557046979866,0.03355704697986577,0.9630872483221476,0.003355704697986577,greater,0.021,0.032,2026-08-07_072703_redundancy_scifact__chunking:primary_interactions
2026-08-07_072703_redundancy_scifact__chunking,scifact,chunking,heavy_minus_clean_interaction,overlap,,0,0.75,MMR*,S-Recall@k,298,3.1040268456375837,0.47539149888143145,5.87248322147651,0.8920581655480982,0.09060402684563758,0.8691275167785235,0.040268456375838924,greater,0.016,0.032,2026-08-07_072703_redundancy_scifact__chunking:primary_interactions
2026-08-07_072703_redundancy_scifact__chunking,scifact,chunking,heavy_minus_clean_interaction,overlap,,0,0.75,VendiG*,S-Recall@k,298,3.635346756152126,1.4247762863534676,6.403803131991051,1.7337807606263984,0.0436241610738255,0.9530201342281879,0.003355704697986577,greater,0.0075,0.0225,2026-08-07_072703_redundancy_scifact__chunking:primary_interactions
2026-08-07_072703_redundancy_scifact__chunking,scifact,chunking,heavy_minus_clean_interaction,overlap,,0,0.75,RNG*,S-Recall@k,298,4.581469052945563,2.343400447427293,7.062360178970917,2.684563758389262,0.09395973154362416,0.8859060402684564,0.020134228187919462,greater,0.0005,0.003,2026-08-07_072703_redundancy_scifact__chunking:primary_interactions
2026-08-07_072703_redundancy_scifact__redundancy,scifact,redundancy,level_effect,rho,0,,,Maxmin,S-Recall@k,298,-28.277404921700228,-33.56431767337807,-23.042505592841163,,0.016778523489932886,0.6610738255033557,0.3221476510067114,two-sided,0.0005,0.024,2026-08-07_072703_redundancy_scifact__redundancy:all_method_by_level_effects
2026-08-07_072703_redundancy_scifact__redundancy,scifact,redundancy,level_effect,rho,0,,,Greedy-DPP,S-Recall@k,298,-11.45973154362416,-15.59284116331096,-7.600111856823267,,0.016778523489932886,0.8288590604026845,0.15436241610738255,two-sided,0.0005,0.024,2026-08-07_072703_redundancy_scifact__redundancy:all_method_by_level_effects
2026-08-07_072703_redundancy_scifact__redundancy,scifact,redundancy,level_effect,rho,0,,,Dedup*,S-Recall@k,298,-0.15659955257270694,-0.4474272930648769,0.12360178970917177,,0.003355704697986577,0.9832214765100671,0.013422818791946308,two-sided,0.3085,1.0,2026-08-07_072703_redundancy_scifact__redundancy:all_method_by_level_effects
2026-08-07_072703_redundancy_scifact__redundancy,scifact,redundancy,level_effect,rho,0,,,MMR*,S-Recall@k,298,0.16778523489932887,-1.174496644295302,1.6778523489932886,,0.010067114093959731,0.9832214765100671,0.006711409395973154,two-sided,0.916,1.0,2026-08-07_072703_redundancy_scifact__redundancy:all_method_by_level_effects
2026-08-07_072703_redundancy_scifact__redundancy,scifact,redundancy,level_effect,rho,0,,,VendiG*,S-Recall@k,298,-0.16778523489932887,-1.6778523489932886,1.342281879194631,,0.010067114093959731,0.9798657718120806,0.010067114093959731,two-sided,0.9195,1.0,2026-08-07_072703_redundancy_scifact__redundancy:all_method_by_level_effects
2026-08-07_072703_redundancy_scifact__redundancy,scifact,redundancy,level_effect,rho,0,,,RNG*,S-Recall@k,298,-0.044742729306487705,-1.0067114093959733,0.6711409395973155,,0.006711409395973154,0.9865771812080537,0.006711409395973154,two-sided,0.932,1.0,2026-08-07_072703_redundancy_scifact__redundancy:all_method_by_level_effects
2026-08-07_072703_redundancy_scifact__redundancy,scifact,redundancy,level_effect,rho,0.025,,,Maxmin,S-Recall@k,298,-24.952460850111866,-30.07046979865772,-19.951202460850112,,0.020134228187919462,0.6644295302013423,0.31543624161073824,two-sided,0.0005,0.024,2026-08-07_072703_redundancy_scifact__redundancy:all_method_by_level_effects
2026-08-07_072703_redundancy_scifact__redundancy,scifact,redundancy,level_effect,rho,0.025,,,Greedy-DPP,S-Recall@k,298,-10.220917225950785,-13.85626398210291,-6.961689038031321,,0.016778523489932886,0.825503355704698,0.15771812080536912,two-sided,0.0005,0.024,2026-08-07_072703_redundancy_scifact__redundancy:all_method_by_level_effects
2026-08-07_072703_redundancy_scifact__redundancy,scifact,redundancy,level_effect,rho,0.025,,,Dedup*,S-Recall@k,298,0.22371364653243855,-0.16778523489932884,0.6711409395973155,,0.013422818791946308,0.9798657718120806,0.006711409395973154,two-sided,0.296,1.0,2026-08-07_072703_redundancy_scifact__redundancy:all_method_by_level_effects
2026-08-07_072703_redundancy_scifact__redundancy,scifact,redundancy,level_effect,rho,0.025,,,MMR*,S-Recall@k,298,-1.8120805369127513,-3.232941834451902,-0.47539149888143173,,0.013422818791946308,0.9161073825503355,0.07046979865771812,two-sided,0.009,0.243,2026-08-07_072703_redundancy_scifact__redundancy:all_method_by_level_effects
2026-08-07_072703_redundancy_scifact__redundancy,scifact,redundancy,level_effect,rho,0.025,,,VendiG*,S-Recall@k,298,-0.6711409395973156,-2.2651006711409396,0.587248322147651,,0.020134228187919462,0.9530201342281879,0.026845637583892617,two-sided,0.3215,1.0,2026-08-07_072703_redundancy_scifact__redundancy:all_method_by_level_effects
2026-08-07_072703_redundancy_scifact__redundancy,scifact,redundancy,level_effect,rho,0.025,,,RNG*,S-Recall@k,298,-1.3599925428784492,-2.726323639075317,-0.3261558538404177,,0.010067114093959731,0.9328859060402684,0.05704697986577181,two-sided,0.031,0.806,2026-08-07_072703_redundancy_scifact__redundancy:all_method_by_level_effects
2026-08-07_072703_redundancy_scifact__redundancy,scifact,redundancy,level_effect,rho,0.05,,,Maxmin,S-Recall@k,298,-24.359619686800897,-29.205956375838923,-19.533836689038033,,0.013422818791946308,0.6812080536912751,0.3053691275167785,two-sided,0.0005,0.024,2026-08-07_072703_redundancy_scifact__redundancy:all_method_by_level_effects
2026-08-07_072703_redundancy_scifact__redundancy,scifact,redundancy,level_effect,rho,0.05,,,Greedy-DPP,S-Recall@k,298,-10.19295302013423,-13.731823266219239,-6.905061521252797,,0.013422818791946308,0.8355704697986577,0.15100671140939598,two-sided,0.0005,0.024,2026-08-07_072703_redundancy_scifact__redundancy:all_method_by_level_effects
2026-08-07_072703_redundancy_scifact__redundancy,scifact,redundancy,level_effect,rho,0.05,,,Dedup*,S-Recall@k,298,0.0037285607755406223,-0.8394854586129754,0.6058911260253542,,0.016778523489932886,0.9798657718120806,0.003355704697986577,two-sided,0.993,1.0,2026-08-07_072703_redundancy_scifact__redundancy:all_method_by_level_effects
2026-08-07_072703_redundancy_scifact__redundancy,scifact,redundancy,level_effect,rho,0.05,,,MMR*,S-Recall@k,298,-2.0945190156599556,-3.524049217002237,-0.8387863534675616,,0.010067114093959731,0.9295302013422819,0.06040268456375839,two-sided,0.003,0.09,2026-08-07_072703_redundancy_scifact__redundancy:all_method_by_level_effects
2026-08-07_072703_redundancy_scifact__redundancy,scifact,redundancy,level_effect,rho,0.05,,,VendiG*,S-Recall@k,298,-0.5397091722595078,-1.7843959731543622,0.4949664429530201,,0.010067114093959731,0.9697986577181208,0.020134228187919462,two-sided,0.331,1.0,2026-08-07_072703_redundancy_scifact__redundancy:all_method_by_level_effects
2026-08-07_072703_redundancy_scifact__redundancy,scifact,redundancy,level_effect,rho,0.05,,,RNG*,S-Recall@k,298,-0.28430275913497394,-1.505406413124534,0.61055182699478,,0.016778523489932886,0.9765100671140939,0.006711409395973154,two-sided,0.5995,1.0,2026-08-07_072703_redundancy_scifact__redundancy:all_method_by_level_effects
2026-08-07_072703_redundancy_scifact__redundancy,scifact,redundancy,level_effect,rho,0.1,,,Maxmin,S-Recall@k,298,-22.582028337061896,-27.44127516778524,-17.79642058165548,,0.026845637583892617,0.674496644295302,0.2986577181208054,two-sided,0.0005,0.024,2026-08-07_072703_redundancy_scifact__redundancy:all_method_by_level_effects
2026-08-07_072703_redundancy_scifact__redundancy,scifact,redundancy,level_effect,rho,0.1,,,Greedy-DPP,S-Recall@k,298,-10.122110365398957,-13.66098061148397,-6.875372856077553,,0.013422818791946308,0.8355704697986577,0.15100671140939598,two-sided,0.0005,0.024,2026-08-07_072703_redundancy_scifact__redundancy:all_method_by_level_effects
2026-08-07_072703_redundancy_scifact__redundancy,scifact,redundancy,level_effect,rho,0.1,,,Dedup*,S-Recall@k,298,0.9237509321401939,-0.13996085011185677,1.8692207307979116,,0.0436241610738255,0.9530201342281879,0.003355704697986577,two-sided,0.07,1.0,2026-08-07_072703_redundancy_scifact__redundancy:all_method_by_level_effects
2026-08-07_072703_redundancy_scifact__redundancy,scifact,redundancy,level_effect,rho,0.1,,,MMR*,S-Recall@k,298,-0.5518269947800146,-1.9574944071588365,0.6377703206562265,,0.020134228187919462,0.959731543624161,0.020134228187919462,two-sided,0.4085,1.0,2026-08-07_072703_redundancy_scifact__redundancy:all_method_by_level_effects
2026-08-07_072703_redundancy_scifact__redundancy,scifact,redundancy,level_effect,rho,0.1,,,VendiG*,S-Recall@k,298,-0.3001491424310216,-1.987695749440716,1.1651752423564505,,0.026845637583892617,0.9530201342281879,0.020134228187919462,two-sided,0.7065,1.0,2026-08-07_072703_redundancy_scifact__redundancy:all_method_by_level_effects
2026-08-07_072703_redundancy_scifact__redundancy,scifact,redundancy,level_effect,rho,0.1,,,RNG*,S-Recall@k,298,0.359806114839672,-0.18838553318419082,0.9097688292319166,,0.020134228187919462,0.9765100671140939,0.003355704697986577,two-sided,0.204,1.0,2026-08-07_072703_redundancy_scifact__redundancy:all_method_by_level_effects
2026-08-07_072703_redundancy_scifact__redundancy,scifact,redundancy,level_effect,rho,0.15,,,Maxmin,S-Recall@k,298,-21.124161073825505,-25.643736017897094,-16.385906040268456,,0.02348993288590604,0.697986577181208,0.2785234899328859,two-sided,0.0005,0.024,2026-08-07_072703_redundancy_scifact__redundancy:all_method_by_level_effects
2026-08-07_072703_redundancy_scifact__redundancy,scifact,redundancy,level_effect,rho,0.15,,,Greedy-DPP,S-Recall@k,298,-8.523489932885903,-11.741051454138704,-5.452740492170022,,0.010067114093959731,0.8590604026845637,0.13087248322147652,two-sided,0.0005,0.024,2026-08-07_072703_redundancy_scifact__redundancy:all_method_by_level_effects
2026-08-07_072703_redundancy_scifact__redundancy,scifact,redundancy,level_effect,rho,0.15,,,Dedup*,S-Recall@k,298,2.2455257270693516,1.0903243847874722,3.434284116331096,,0.06040268456375839,0.9362416107382551,0.003355704697986577,two-sided,0.0005,0.024,2026-08-07_072703_redundancy_scifact__redundancy:all_method_by_level_effects
2026-08-07_072703_redundancy_scifact__redundancy,scifact,redundancy,level_effect,rho,0.15,,,MMR*,S-Recall@k,298,-0.3467561521252796,-1.4658836689038033,0.6168903803131978,,0.020134228187919462,0.9563758389261745,0.02348993288590604,two-sided,0.5155,1.0,2026-08-07_072703_redundancy_scifact__redundancy:all_method_by_level_effects
2026-08-07_072703_redundancy_scifact__redundancy,scifact,redundancy,level_effect,rho,0.15,,,VendiG*,S-Recall@k,298,-0.17337807606263983,-1.4049217002237135,1.0011185682326622,,0.02348993288590604,0.9563758389261745,0.020134228187919462,two-sided,0.7795,1.0,2026-08-07_072703_redundancy_scifact__redundancy:all_method_by_level_effects
2026-08-07_072703_redundancy_scifact__redundancy,scifact,redundancy,level_effect,rho,0.15,,,RNG*,S-Recall@k,298,-0.014914243102162668,-1.0535980611483966,0.9061334824757641,,0.03355704697986577,0.9496644295302014,0.016778523489932886,two-sided,0.979,1.0,2026-08-07_072703_redundancy_scifact__redundancy:all_method_by_level_effects
2026-08-07_072703_redundancy_scifact__redundancy,scifact,redundancy,level_effect,rho,0.25,,,Maxmin,S-Recall@k,298,-20.808165548098437,-25.518036912751676,-15.980564876957494,,0.026845637583892617,0.7013422818791947,0.27181208053691275,two-sided,0.0005,0.024,2026-08-07_072703_redundancy_scifact__redundancy:all_method_by_level_effects
2026-08-07_072703_redundancy_scifact__redundancy,scifact,redundancy,level_effect,rho,0.25,,,Greedy-DPP,S-Recall@k,298,-8.333333333333334,-11.717002237136464,-5.1999440715883685,,0.020134228187919462,0.8523489932885906,0.12751677852348994,two-sided,0.0005,0.024,2026-08-07_072703_redundancy_scifact__redundancy:all_method_by_level_effects
2026-08-07_072703_redundancy_scifact__redundancy,scifact,redundancy,level_effect,rho,0.25,,,Dedup*,S-Recall@k,298,2.4328859060402683,1.342281879194631,3.579418344519016,,0.06375838926174497,0.9362416107382551,0.0,two-sided,0.0005,0.024,2026-08-07_072703_redundancy_scifact__redundancy:all_method_by_level_effects
2026-08-07_072703_redundancy_scifact__redundancy,scifact,redundancy,level_effect,rho,0.25,,,MMR*,S-Recall@k,298,-0.4893736017897091,-1.5100671140939597,0.3083053691275162,,0.016778523489932886,0.9664429530201343,0.016778523489932886,two-sided,0.306,1.0,2026-08-07_072703_redundancy_scifact__redundancy:all_method_by_level_effects
2026-08-07_072703_redundancy_scifact__redundancy,scifact,redundancy,level_effect,rho,0.25,,,VendiG*,S-Recall@k,298,-0.32158836689038023,-1.595357941834452,0.8389261744966443,,0.020134228187919462,0.9630872483221476,0.016778523489932886,two-sided,0.608,1.0,2026-08-07_072703_redundancy_scifact__redundancy:all_method_by_level_effects
2026-08-07_072703_redundancy_scifact__redundancy,scifact,redundancy,level_effect,rho,0.25,,,RNG*,S-Recall@k,298,0.008389261744966348,-1.1337155108128265,1.0384507829977627,,0.0436241610738255,0.9362416107382551,0.020134228187919462,two-sided,0.9875,1.0,2026-08-07_072703_redundancy_scifact__redundancy:all_method_by_level_effects
2026-08-07_072703_redundancy_scifact__redundancy,scifact,redundancy,level_effect,rho,0.5,,,Maxmin,S-Recall@k,298,-15.883668903803134,-20.13842281879195,-11.519854586129757,,0.040268456375838924,0.7214765100671141,0.23825503355704697,two-sided,0.0005,0.024,2026-08-07_072703_redundancy_scifact__redundancy:all_method_by_level_effects
2026-08-07_072703_redundancy_scifact__redundancy,scifact,redundancy,level_effect,rho,0.5,,,Greedy-DPP,S-Recall@k,298,-6.45973154362416,-9.666293810589114,-3.3832028337061897,,0.03691275167785235,0.8489932885906041,0.11409395973154363,two-sided,0.0005,0.024,2026-08-07_072703_redundancy_scifact__redundancy:all_method_by_level_effects
2026-08-07_072703_redundancy_scifact__redundancy,scifact,redundancy,level_effect,rho,0.5,,,Dedup*,S-Recall@k,298,2.810402684563759,1.2863534675615216,4.390380313199105,,0.06711409395973154,0.9295302013422819,0.003355704697986577,two-sided,0.001,0.031,2026-08-07_072703_redundancy_scifact__redundancy:all_method_by_level_effects
2026-08-07_072703_redundancy_scifact__redundancy,scifact,redundancy,level_effect,rho,0.5,,,MMR*,S-Recall@k,298,-0.9368008948545864,-2.8104026845637584,0.69910514541387,,0.050335570469798654,0.9093959731543624,0.040268456375838924,two-sided,0.31,1.0,2026-08-07_072703_redundancy_scifact__redundancy:all_method_by_level_effects
2026-08-07_072703_redundancy_scifact__redundancy,scifact,redundancy,level_effect,rho,0.5,,,VendiG*,S-Recall@k,298,-0.5313199105145414,-2.350391498881432,1.146532438478747,,0.04697986577181208,0.9093959731543624,0.0436241610738255,two-sided,0.549,1.0,2026-08-07_072703_redundancy_scifact__redundancy:all_method_by_level_effects
2026-08-07_072703_redundancy_scifact__redundancy,scifact,redundancy,level_effect,rho,0.5,,,RNG*,S-Recall@k,298,1.2304250559284116,-0.04707307979120056,2.3960663683818044,,0.053691275167785234,0.9395973154362416,0.006711409395973154,two-sided,0.053,1.0,2026-08-07_072703_redundancy_scifact__redundancy:all_method_by_level_effects
2026-08-07_072703_redundancy_scifact__redundancy,scifact,redundancy,level_effect,rho,1,,,Maxmin,S-Recall@k,298,2.591349739000746,0.027498135719611922,5.108594332587621,,0.08389261744966443,0.8825503355704698,0.03355704697986577,two-sided,0.0465,1.0,2026-08-07_072703_redundancy_scifact__redundancy:all_method_by_level_effects
2026-08-07_072703_redundancy_scifact__redundancy,scifact,redundancy,level_effect,rho,1,,,Greedy-DPP,S-Recall@k,298,1.8223340790454887,-0.5406413124533929,4.092561521252796,,0.0738255033557047,0.8926174496644296,0.03355704697986577,two-sided,0.12,1.0,2026-08-07_072703_redundancy_scifact__redundancy:all_method_by_level_effects
2026-08-07_072703_redundancy_scifact__redundancy,scifact,redundancy,level_effect,rho,1,,,Dedup*,S-Recall@k,298,4.124720357941834,2.5307606263982105,5.844519015659955,,0.07718120805369127,0.9228187919463087,0.0,two-sided,0.0005,0.024,2026-08-07_072703_redundancy_scifact__redundancy:all_method_by_level_effects
2026-08-07_072703_redundancy_scifact__redundancy,scifact,redundancy,level_effect,rho,1,,,MMR*,S-Recall@k,298,0.6338553318419089,-1.212248322147651,2.4333519761372107,,0.06375838926174497,0.8993288590604027,0.03691275167785235,two-sided,0.491,1.0,2026-08-07_072703_redundancy_scifact__redundancy:all_method_by_level_effects
2026-08-07_072703_redundancy_scifact__redundancy,scifact,redundancy,level_effect,rho,1,,,VendiG*,S-Recall@k,298,3.2764727815063384,0.9496178225205073,5.706096196868008,,0.087248322147651,0.8926174496644296,0.020134228187919462,two-sided,0.0085,0.23800000000000002,2026-08-07_072703_redundancy_scifact__redundancy:all_method_by_level_effects
2026-08-07_072703_redundancy_scifact__redundancy,scifact,redundancy,level_effect,rho,1,,,RNG*,S-Recall@k,298,1.9108873974645788,0.5588180462341534,3.2643549589858294,,0.06375838926174497,0.9328859060402684,0.003355704697986577,two-sided,0.0065,0.1885,2026-08-07_072703_redundancy_scifact__redundancy:all_method_by_level_effects
2026-08-07_072703_redundancy_scifact__redundancy,scifact,redundancy,heavy_minus_clean_interaction,rho,,0,1,Maxmin,S-Recall@k,298,30.86875466070097,25.558258762117823,36.351603281133485,26.360924683072334,0.34563758389261745,0.6308724832214765,0.02348993288590604,greater,0.0005,0.003,2026-08-07_072703_redundancy_scifact__redundancy:primary_interactions
2026-08-07_072703_redundancy_scifact__redundancy,scifact,redundancy,heavy_minus_clean_interaction,rho,,0,1,Greedy-DPP,S-Recall@k,298,13.28206562266965,8.788916853094706,17.785654362416107,9.36241610738255,0.17114093959731544,0.7986577181208053,0.030201342281879196,greater,0.0005,0.003,2026-08-07_072703_redundancy_scifact__redundancy:primary_interactions
2026-08-07_072703_redundancy_scifact__redundancy,scifact,redundancy,heavy_minus_clean_interaction,rho,,0,1,Dedup*,S-Recall@k,298,4.281319910514541,2.603048098434004,6.077181208053691,2.8856263982102908,0.07718120805369127,0.9228187919463087,0.0,greater,0.0005,0.003,2026-08-07_072703_redundancy_scifact__redundancy:primary_interactions
2026-08-07_072703_redundancy_scifact__redundancy,scifact,redundancy,heavy_minus_clean_interaction,rho,,0,1,MMR*,S-Recall@k,298,0.46607009694257995,-1.688571961222968,2.563385533184191,-1.2770320656226695,0.06711409395973154,0.8926174496644296,0.040268456375838924,greater,0.3385,0.3385,2026-08-07_072703_redundancy_scifact__redundancy:primary_interactions
2026-08-07_072703_redundancy_scifact__redundancy,scifact,redundancy,heavy_minus_clean_interaction,rho,,0,1,VendiG*,S-Recall@k,298,3.4442580164056684,0.9787472035794184,5.985039149888142,1.3702460850111857,0.09060402684563758,0.8859060402684564,0.02348993288590604,greater,0.0035,0.009000000000000001,2026-08-07_072703_redundancy_scifact__redundancy:primary_interactions
2026-08-07_072703_redundancy_scifact__redundancy,scifact,redundancy,heavy_minus_clean_interaction,rho,,0,1,RNG*,S-Recall@k,298,1.9556301267710665,0.7714392244593588,3.247576435495899,0.9487322893363161,0.06375838926174497,0.9295302013422819,0.006711409395973154,greater,0.003,0.009000000000000001,2026-08-07_072703_redundancy_scifact__redundancy:primary_interactions
2026-08-07_113533_redundancy_hotpotqa_fullwiki__chunking,hotpotqa_fullwiki,chunking,level_effect,overlap,0,,,Maxmin,S-Recall@k,7352,-31.596844396082698,-32.26332970620239,-30.922878128400438,,0.009929270946681175,0.39921109902067464,0.5908596300326442,two-sided,0.0005,0.012,2026-08-07_113533_redundancy_hotpotqa_fullwiki__chunking:all_method_by_level_effects
2026-08-07_113533_redundancy_hotpotqa_fullwiki__chunking,hotpotqa_fullwiki,chunking,level_effect,overlap,0,,,Greedy-DPP,S-Recall@k,7352,-8.609902067464635,-9.167573449401523,-8.045089771490751,,0.03196409140369967,0.7747551686615887,0.19328073993471165,two-sided,0.0005,0.012,2026-08-07_113533_redundancy_hotpotqa_fullwiki__chunking:all_method_by_level_effects
2026-08-07_113533_redundancy_hotpotqa_fullwiki__chunking,hotpotqa_fullwiki,chunking,level_effect,overlap,0,,,Dedup*,S-Recall@k,7352,-0.08387740297424735,-0.15188610808850198,-0.024936525208560035,,0.0009521218715995648,0.9964635473340587,0.002584330794341676,two-sided,0.009,0.048,2026-08-07_113533_redundancy_hotpotqa_fullwiki__chunking:all_method_by_level_effects
2026-08-07_113533_redundancy_hotpotqa_fullwiki__chunking,hotpotqa_fullwiki,chunking,level_effect,overlap,0,,,MMR*,S-Recall@k,7352,-0.5236670293797606,-0.7960418933623504,-0.23803046789989118,,0.02013057671381937,0.9503536452665942,0.029515778019586505,two-sided,0.0005,0.012,2026-08-07_113533_redundancy_hotpotqa_fullwiki__chunking:all_method_by_level_effects
2026-08-07_113533_redundancy_hotpotqa_fullwiki__chunking,hotpotqa_fullwiki,chunking,level_effect,overlap,0,,,VendiG*,S-Recall@k,7352,-0.9385201305767138,-1.2649619151251361,-0.6052774755168662,,0.026523394994559305,0.9300870511425462,0.04338955386289445,two-sided,0.0005,0.012,2026-08-07_113533_redundancy_hotpotqa_fullwiki__chunking:all_method_by_level_effects
2026-08-07_113533_redundancy_hotpotqa_fullwiki__chunking,hotpotqa_fullwiki,chunking,level_effect,overlap,0,,,RNG*,S-Recall@k,7352,0.1031465360899528,-0.014791893362350388,0.227829162132753,,0.017138193688792165,0.969804134929271,0.013057671381936888,two-sided,0.101,0.404,2026-08-07_113533_redundancy_hotpotqa_fullwiki__chunking:all_method_by_level_effects
2026-08-07_113533_redundancy_hotpotqa_fullwiki__chunking,hotpotqa_fullwiki,chunking,level_effect,overlap,0.25,,,Maxmin,S-Recall@k,7352,-31.052774755168663,-31.712799238302505,-30.379148531011968,,0.011153427638737758,0.4061479869423286,0.5826985854189336,two-sided,0.0005,0.012,2026-08-07_113533_redundancy_hotpotqa_fullwiki__chunking:all_method_by_level_effects
2026-08-07_113533_redundancy_hotpotqa_fullwiki__chunking,hotpotqa_fullwiki,chunking,level_effect,overlap,0.25,,,Greedy-DPP,S-Recall@k,7352,-7.882208922742111,-8.439880304678999,-7.317736670293797,,0.035636561479869426,0.7810119695321001,0.18335146898803048,two-sided,0.0005,0.012,2026-08-07_113533_redundancy_hotpotqa_fullwiki__chunking:all_method_by_level_effects
2026-08-07_113533_redundancy_hotpotqa_fullwiki__chunking,hotpotqa_fullwiki,chunking,level_effect,overlap,0.25,,,Dedup*,S-Recall@k,7352,-0.04760609357997825,-0.11680495103373231,0.018135654697134563,,0.0019042437431991295,0.9956474428726877,0.0024483133841131663,two-sided,0.1725,0.5175,2026-08-07_113533_redundancy_hotpotqa_fullwiki__chunking:all_method_by_level_effects
2026-08-07_113533_redundancy_hotpotqa_fullwiki__chunking,hotpotqa_fullwiki,chunking,level_effect,overlap,0.25,,,MMR*,S-Recall@k,7352,-0.3944504896626768,-0.6600244831338411,-0.10847388465723644,,0.0220348204570185,0.948993471164309,0.02897170837867247,two-sided,0.008,0.048,2026-08-07_113533_redundancy_hotpotqa_fullwiki__chunking:all_method_by_level_effects
2026-08-07_113533_redundancy_hotpotqa_fullwiki__chunking,hotpotqa_fullwiki,chunking,level_effect,overlap,0.25,,,VendiG*,S-Recall@k,7352,-0.7072905331882481,-1.0340723612622416,-0.367247007616975,,0.02869967355821545,0.9300870511425462,0.0412132752992383,two-sided,0.0005,0.012,2026-08-07_113533_redundancy_hotpotqa_fullwiki__chunking:all_method_by_level_effects
2026-08-07_113533_redundancy_hotpotqa_fullwiki__chunking,hotpotqa_fullwiki,chunking,level_effect,overlap,0.25,,,RNG*,S-Recall@k,7352,0.47606093579978237,0.2924374319912949,0.6600244831338408,,0.015642002176278563,0.9783732317736671,0.005984766050054407,two-sided,0.0005,0.012,2026-08-07_113533_redundancy_hotpotqa_fullwiki__chunking:all_method_by_level_effects
2026-08-07_113533_redundancy_hotpotqa_fullwiki__chunking,hotpotqa_fullwiki,chunking,level_effect,overlap,0.5,,,Maxmin,S-Recall@k,7352,-29.46817192600653,-30.14859902067465,-28.74727965179543,,0.014961915125136017,0.42546245919477693,0.559575625680087,two-sided,0.0005,0.012,2026-08-07_113533_redundancy_hotpotqa_fullwiki__chunking:all_method_by_level_effects
2026-08-07_113533_redundancy_hotpotqa_fullwiki__chunking,hotpotqa_fullwiki,chunking,level_effect,overlap,0.5,,,Greedy-DPP,S-Recall@k,7352,-6.726060935799782,-7.284412404787813,-6.168049510337323,,0.041621327529923834,0.7914853101196954,0.16689336235038085,two-sided,0.0005,0.012,2026-08-07_113533_redundancy_hotpotqa_fullwiki__chunking:all_method_by_level_effects
2026-08-07_113533_redundancy_hotpotqa_fullwiki__chunking,hotpotqa_fullwiki,chunking,level_effect,overlap,0.5,,,Dedup*,S-Recall@k,7352,0.9317192600652884,0.7004896626768227,1.1564880304678995,,0.026251360174102286,0.9657236126224157,0.008025027203482046,two-sided,0.0005,0.012,2026-08-07_113533_redundancy_hotpotqa_fullwiki__chunking:all_method_by_level_effects
2026-08-07_113533_redundancy_hotpotqa_fullwiki__chunking,hotpotqa_fullwiki,chunking,level_effect,overlap,0.5,,,MMR*,S-Recall@k,7352,0.1632208922742111,-0.11561479869423286,0.44239662676822605,,0.028155603917301413,0.9470892274211099,0.024755168661588684,two-sided,0.278,0.556,2026-08-07_113533_redundancy_hotpotqa_fullwiki__chunking:all_method_by_level_effects
2026-08-07_113533_redundancy_hotpotqa_fullwiki__chunking,hotpotqa_fullwiki,chunking,level_effect,overlap,0.5,,,VendiG*,S-Recall@k,7352,0.040805223068552776,-0.28563656147986943,0.37404787812840046,,0.036724700761697496,0.9283188248095756,0.034956474428726875,two-sided,0.8225,0.8225,2026-08-07_113533_redundancy_hotpotqa_fullwiki__chunking:all_method_by_level_effects
2026-08-07_113533_redundancy_hotpotqa_fullwiki__chunking,hotpotqa_fullwiki,chunking,level_effect,overlap,0.5,,,RNG*,S-Recall@k,7352,0.7469622778382295,0.5144858541893361,0.9883931809938336,,0.0412132752992383,0.9333514689880305,0.02543525571273123,two-sided,0.0005,0.012,2026-08-07_113533_redundancy_hotpotqa_fullwiki__chunking:all_method_by_level_effects
2026-08-07_113533_redundancy_hotpotqa_fullwiki__chunking,hotpotqa_fullwiki,chunking,level_effect,overlap,0.75,,,Maxmin,S-Recall@k,7352,-26.761425462459194,-27.468715995647443,-26.040533188248094,,0.017682263329706203,0.4676278563656148,0.514689880304679,two-sided,0.0005,0.012,2026-08-07_113533_redundancy_hotpotqa_fullwiki__chunking:all_method_by_level_effects
2026-08-07_113533_redundancy_hotpotqa_fullwiki__chunking,hotpotqa_fullwiki,chunking,level_effect,overlap,0.75,,,Greedy-DPP,S-Recall@k,7352,-4.168933623503809,-4.747347660500544,-3.5500544069640916,,0.06950489662676823,0.7850924918389554,0.1454026115342764,two-sided,0.0005,0.012,2026-08-07_113533_redundancy_hotpotqa_fullwiki__chunking:all_method_by_level_effects
2026-08-07_113533_redundancy_hotpotqa_fullwiki__chunking,hotpotqa_fullwiki,chunking,level_effect,overlap,0.75,,,Dedup*,S-Recall@k,7352,3.733677910772579,3.380032644178455,4.080522306855277,,0.07875408052230685,0.9143090315560392,0.006936887921653972,two-sided,0.0005,0.012,2026-08-07_113533_redundancy_hotpotqa_fullwiki__chunking:all_method_by_level_effects
2026-08-07_113533_redundancy_hotpotqa_fullwiki__chunking,hotpotqa_fullwiki,chunking,level_effect,overlap,0.75,,,MMR*,S-Recall@k,7352,1.5710010881392817,1.251360174102285,1.897442872687704,,0.048286180631120786,0.9341675734494015,0.017546245919477694,two-sided,0.0005,0.012,2026-08-07_113533_redundancy_hotpotqa_fullwiki__chunking:all_method_by_level_effects
2026-08-07_113533_redundancy_hotpotqa_fullwiki__chunking,hotpotqa_fullwiki,chunking,level_effect,overlap,0.75,,,VendiG*,S-Recall@k,7352,1.7614254624591947,1.3873775843307943,2.121871599564744,,0.06188792165397171,0.911316648531012,0.02679542981501632,two-sided,0.0005,0.012,2026-08-07_113533_redundancy_hotpotqa_fullwiki__chunking:all_method_by_level_effects
2026-08-07_113533_redundancy_hotpotqa_fullwiki__chunking,hotpotqa_fullwiki,chunking,level_effect,overlap,0.75,,,RNG*,S-Recall@k,7352,3.135201305767138,2.720348204570185,3.5163900979325353,,0.0794341675734494,0.9026115342763874,0.017954298150163223,two-sided,0.0005,0.012,2026-08-07_113533_redundancy_hotpotqa_fullwiki__chunking:all_method_by_level_effects
2026-08-07_113533_redundancy_hotpotqa_fullwiki__chunking,hotpotqa_fullwiki,chunking,heavy_minus_clean_interaction,overlap,,0,0.75,Maxmin,S-Recall@k,7352,4.835418933623504,4.311751904243743,5.379828618063112,4.400163220892274,0.1220076169749728,0.8422198041349293,0.03577257889009793,greater,0.0005,0.003,2026-08-07_113533_redundancy_hotpotqa_fullwiki__chunking:primary_interactions
2026-08-07_113533_redundancy_hotpotqa_fullwiki__chunking,hotpotqa_fullwiki,chunking,heavy_minus_clean_interaction,overlap,,0,0.75,Greedy-DPP,S-Recall@k,7352,4.440968443960827,3.9785092491838956,4.889825897714908,4.04651795429815,0.10813384113166485,0.8658868335146899,0.025979325353645267,greater,0.0005,0.003,2026-08-07_113533_redundancy_hotpotqa_fullwiki__chunking:primary_interactions
2026-08-07_113533_redundancy_hotpotqa_fullwiki__chunking,hotpotqa_fullwiki,chunking,heavy_minus_clean_interaction,overlap,,0,0.75,Dedup*,S-Recall@k,7352,3.8175553137468268,3.4571091766412767,4.1587323177366695,3.529651795429815,0.0794341675734494,0.9141730141458106,0.0063928182807399345,greater,0.0005,0.003,2026-08-07_113533_redundancy_hotpotqa_fullwiki__chunking:primary_interactions
2026-08-07_113533_redundancy_hotpotqa_fullwiki__chunking,hotpotqa_fullwiki,chunking,heavy_minus_clean_interaction,overlap,,0,0.75,MMR*,S-Recall@k,7352,2.0946681175190425,1.7546245919477692,2.42791077257889,1.809031556039173,0.055087051142546244,0.9296789989118607,0.015233949945593036,greater,0.0005,0.003,2026-08-07_113533_redundancy_hotpotqa_fullwiki__chunking:primary_interactions
2026-08-07_113533_redundancy_hotpotqa_fullwiki__chunking,hotpotqa_fullwiki,chunking,heavy_minus_clean_interaction,overlap,,0,0.75,VendiG*,S-Recall@k,7352,2.6999455930359084,2.325897714907508,3.0743335146898803,2.3871055495103373,0.0692328618063112,0.9122687704026116,0.018498367791077257,greater,0.0005,0.003,2026-08-07_113533_redundancy_hotpotqa_fullwiki__chunking:primary_interactions
2026-08-07_113533_redundancy_hotpotqa_fullwiki__chunking,hotpotqa_fullwiki,chunking,heavy_minus_clean_interaction,overlap,,0,0.75,RNG*,S-Recall@k,7352,3.0320547696771842,2.6361307580703657,3.4163039535727227,2.697678636198767,0.08555495103373231,0.8853373231773667,0.02910772578890098,greater,0.0005,0.003,2026-08-07_113533_redundancy_hotpotqa_fullwiki__chunking:primary_interactions
2026-08-07_154506_redundancy_fiqa__redundancy,fiqa,redundancy,level_effect,rho,0,,,Maxmin,S-Recall@k,643,-27.120370557384554,-30.447233948011565,-23.746172567712225,,0.01866251944012442,0.5909797822706065,0.39035769828926903,two-sided,0.0005,0.024,2026-08-07_154506_redundancy_fiqa__redundancy:all_method_by_level_effects
2026-08-07_154506_redundancy_fiqa__redundancy,fiqa,redundancy,level_effect,rho,0,,,Greedy-DPP,S-Recall@k,643,-14.399678859243396,-17.349254879387072,-11.669304127702262,,0.03421461897356143,0.6982892690513219,0.26749611197511663,two-sided,0.0005,0.024,2026-08-07_154506_redundancy_fiqa__redundancy:all_method_by_level_effects
2026-08-07_154506_redundancy_fiqa__redundancy,fiqa,redundancy,level_effect,rho,0,,,Dedup*,S-Recall@k,643,-0.3974425436322793,-0.842405391394505,-0.051840331778123395,,0.004665629860031105,0.9782270606531882,0.017107309486780714,two-sided,0.0485,0.388,2026-08-07_154506_redundancy_fiqa__redundancy:all_method_by_level_effects
2026-08-07_154506_redundancy_fiqa__redundancy,fiqa,redundancy,level_effect,rho,0,,,MMR*,S-Recall@k,643,1.0097082803148123,-5.890946792964034e-05,2.0442763560959514,,0.02332814930015552,0.9626749611197511,0.013996889580093312,two-sided,0.0545,0.388,2026-08-07_154506_redundancy_fiqa__redundancy:all_method_by_level_effects
2026-08-07_154506_redundancy_fiqa__redundancy,fiqa,redundancy,level_effect,rho,0,,,VendiG*,S-Recall@k,643,0.5690654602007634,-0.5832626419718177,1.682572223007682,,0.024883359253499222,0.9533437013996889,0.02177293934681182,two-sided,0.347,0.8699999999999999,2026-08-07_154506_redundancy_fiqa__redundancy:all_method_by_level_effects
2026-08-07_154506_redundancy_fiqa__redundancy,fiqa,redundancy,level_effect,rho,0,,,RNG*,S-Recall@k,643,0.336962156557802,-0.12960082944530843,0.8825816485225495,,0.007776049766718507,0.9875583203732504,0.004665629860031105,two-sided,0.222,0.8699999999999999,2026-08-07_154506_redundancy_fiqa__redundancy:all_method_by_level_effects
2026-08-07_154506_redundancy_fiqa__redundancy,fiqa,redundancy,level_effect,rho,0.025,,,Maxmin,S-Recall@k,643,-24.97473064347092,-28.123750838758614,-21.78343701399689,,0.03110419906687403,0.5692068429237948,0.39968895800933124,two-sided,0.0005,0.024,2026-08-07_154506_redundancy_fiqa__redundancy:all_method_by_level_effects
2026-08-07_154506_redundancy_fiqa__redundancy,fiqa,redundancy,level_effect,rho,0.025,,,Greedy-DPP,S-Recall@k,643,-12.854522788426362,-15.523824671958419,-10.19416392316859,,0.038880248833592534,0.6920684292379471,0.2690513219284603,two-sided,0.0005,0.024,2026-08-07_154506_redundancy_fiqa__redundancy:all_method_by_level_effects
2026-08-07_154506_redundancy_fiqa__redundancy,fiqa,redundancy,level_effect,rho,0.025,,,Dedup*,S-Recall@k,643,0.5165574877861037,0.06646755266506427,0.9819795937603093,,0.03265940902021773,0.9626749611197511,0.004665629860031105,two-sided,0.025,0.25,2026-08-07_154506_redundancy_fiqa__redundancy:all_method_by_level_effects
2026-08-07_154506_redundancy_fiqa__redundancy,fiqa,redundancy,level_effect,rho,0.025,,,MMR*,S-Recall@k,643,1.1599274235355106,0.3873120787973042,1.989588733367893,,0.04043545878693624,0.9486780715396579,0.01088646967340591,two-sided,0.007,0.084,2026-08-07_154506_redundancy_fiqa__redundancy:all_method_by_level_effects
2026-08-07_154506_redundancy_fiqa__redundancy,fiqa,redundancy,level_effect,rho,0.025,,,VendiG*,S-Recall@k,643,0.7547088301365127,-0.1944228443062037,1.7341670986694309,,0.04510108864696734,0.9284603421461898,0.026438569206842923,two-sided,0.136,0.8160000000000001,2026-08-07_154506_redundancy_fiqa__redundancy:all_method_by_level_effects
2026-08-07_154506_redundancy_fiqa__redundancy,fiqa,redundancy,level_effect,rho,0.025,,,RNG*,S-Recall@k,643,0.31925004320027645,-0.14299291515465698,0.8049291515465697,,0.03732503888024884,0.9409020217729394,0.02177293934681182,two-sided,0.183,0.8699999999999999,2026-08-07_154506_redundancy_fiqa__redundancy:all_method_by_level_effects
2026-08-07_154506_redundancy_fiqa__redundancy,fiqa,redundancy,level_effect,rho,0.05,,,Maxmin,S-Recall@k,643,-24.39738980563242,-27.677150868830495,-21.299984964059615,,0.03732503888024884,0.5505443234836703,0.4121306376360809,two-sided,0.0005,0.024,2026-08-07_154506_redundancy_fiqa__redundancy:all_method_by_level_effects
2026-08-07_154506_redundancy_fiqa__redundancy,fiqa,redundancy,level_effect,rho,0.05,,,Greedy-DPP,S-Recall@k,643,-11.973916009685839,-14.538690055408562,-9.57440013330371,,0.04043545878693624,0.6905132192846034,0.2690513219284603,two-sided,0.0005,0.024,2026-08-07_154506_redundancy_fiqa__redundancy:all_method_by_level_effects
2026-08-07_154506_redundancy_fiqa__redundancy,fiqa,redundancy,level_effect,rho,0.05,,,Dedup*,S-Recall@k,643,1.5539812701554536,1.0915066012266637,2.078932796078986,,0.06531881804043546,0.9346811819595645,0.0,two-sided,0.0005,0.024,2026-08-07_154506_redundancy_fiqa__redundancy:all_method_by_level_effects
2026-08-07_154506_redundancy_fiqa__redundancy,fiqa,redundancy,level_effect,rho,0.05,,,MMR*,S-Recall@k,643,1.1134562689772645,0.29581389320891666,2.0033511071613717,,0.05287713841368585,0.9315707620528771,0.015552099533437015,two-sided,0.012,0.132,2026-08-07_154506_redundancy_fiqa__redundancy:all_method_by_level_effects
2026-08-07_154506_redundancy_fiqa__redundancy,fiqa,redundancy,level_effect,rho,0.05,,,VendiG*,S-Recall@k,643,0.6583722135821669,-0.2989675133920858,1.603205460514947,,0.041990668740279936,0.9346811819595645,0.02332814930015552,two-sided,0.174,0.8699999999999999,2026-08-07_154506_redundancy_fiqa__redundancy:all_method_by_level_effects
2026-08-07_154506_redundancy_fiqa__redundancy,fiqa,redundancy,level_effect,rho,0.05,,,RNG*,S-Recall@k,643,1.1942407859981732,0.5666888839517145,1.8656594830778346,,0.05287713841368585,0.9393468118195957,0.007776049766718507,two-sided,0.0005,0.024,2026-08-07_154506_redundancy_fiqa__redundancy:all_method_by_level_effects
2026-08-07_154506_redundancy_fiqa__redundancy,fiqa,redundancy,level_effect,rho,0.1,,,Maxmin,S-Recall@k,643,-20.81676013635579,-23.911223431829963,-17.79293911117395,,0.04354587869362364,0.5660964230171073,0.39035769828926903,two-sided,0.0005,0.024,2026-08-07_154506_redundancy_fiqa__redundancy:all_method_by_level_effects
2026-08-07_154506_redundancy_fiqa__redundancy,fiqa,redundancy,level_effect,rho,0.1,,,Greedy-DPP,S-Recall@k,643,-8.940201840668403,-11.391914871891542,-6.617090141584699,,0.05754276827371695,0.702954898911353,0.23950233281493002,two-sided,0.0005,0.024,2026-08-07_154506_redundancy_fiqa__redundancy:all_method_by_level_effects
2026-08-07_154506_redundancy_fiqa__redundancy,fiqa,redundancy,level_effect,rho,0.1,,,Dedup*,S-Recall@k,643,3.448257289625874,2.6674083649200293,4.275110020444391,,0.12441679626749612,0.8755832037325039,0.0,two-sided,0.0005,0.024,2026-08-07_154506_redundancy_fiqa__redundancy:all_method_by_level_effects
2026-08-07_154506_redundancy_fiqa__redundancy,fiqa,redundancy,level_effect,rho,0.1,,,MMR*,S-Recall@k,643,1.966858094385311,1.1011705591798902,2.8566687761866607,,0.10108864696734059,0.8662519440124417,0.03265940902021773,two-sided,0.0005,0.024,2026-08-07_154506_redundancy_fiqa__redundancy:all_method_by_level_effects
2026-08-07_154506_redundancy_fiqa__redundancy,fiqa,redundancy,level_effect,rho,0.1,,,VendiG*,S-Recall@k,643,1.75282597133297,0.9023376398959604,2.630612108644767,,0.07776049766718507,0.9020217729393468,0.02021772939346812,two-sided,0.001,0.024,2026-08-07_154506_redundancy_fiqa__redundancy:all_method_by_level_effects
2026-08-07_154506_redundancy_fiqa__redundancy,fiqa,redundancy,level_effect,rho,0.1,,,RNG*,S-Recall@k,643,2.859802198837969,1.951905749339653,3.783197168306033,,0.1119751166407465,0.8755832037325039,0.012441679626749611,two-sided,0.0005,0.024,2026-08-07_154506_redundancy_fiqa__redundancy:all_method_by_level_effects
2026-08-07_154506_redundancy_fiqa__redundancy,fiqa,redundancy,level_effect,rho,0.15,,,Maxmin,S-Recall@k,643,-18.138466423847444,-21.192830605544447,-15.054339776345998,,0.05443234836702955,0.5956454121306376,0.3499222395023328,two-sided,0.0005,0.024,2026-08-07_154506_redundancy_fiqa__redundancy:all_method_by_level_effects
2026-08-07_154506_redundancy_fiqa__redundancy,fiqa,redundancy,level_effect,rho,0.15,,,Greedy-DPP,S-Recall@k,643,-5.929815820951126,-8.418839864990721,-3.656329457651385,,0.08242612752721618,0.7153965785381027,0.20217729393468117,two-sided,0.0005,0.024,2026-08-07_154506_redundancy_fiqa__redundancy:all_method_by_level_effects
2026-08-07_154506_redundancy_fiqa__redundancy,fiqa,redundancy,level_effect,rho,0.15,,,Dedup*,S-Recall@k,643,5.61715241730794,4.57324606877484,6.763463057592141,,0.16174183514774496,0.8367029548989113,0.0015552099533437014,two-sided,0.0005,0.024,2026-08-07_154506_redundancy_fiqa__redundancy:all_method_by_level_effects
2026-08-07_154506_redundancy_fiqa__redundancy,fiqa,redundancy,level_effect,rho,0.15,,,MMR*,S-Recall@k,643,3.0322947313616058,1.9141602090668963,4.17044276356096,,0.12597200622083982,0.8413685847589425,0.03265940902021773,two-sided,0.0005,0.024,2026-08-07_154506_redundancy_fiqa__redundancy:all_method_by_level_effects
2026-08-07_154506_redundancy_fiqa__redundancy,fiqa,redundancy,level_effect,rho,0.15,,,VendiG*,S-Recall@k,643,2.842645517606637,1.8101378705966578,3.9048945913253847,,0.09642301710730948,0.8880248833592534,0.015552099533437015,two-sided,0.0005,0.024,2026-08-07_154506_redundancy_fiqa__redundancy:all_method_by_level_effects
2026-08-07_154506_redundancy_fiqa__redundancy,fiqa,redundancy,level_effect,rho,0.15,,,RNG*,S-Recall@k,643,4.763761812750925,3.7476366082509163,5.856103245294537,,0.14618973561430793,0.8475894245723172,0.006220839813374806,two-sided,0.0005,0.024,2026-08-07_154506_redundancy_fiqa__redundancy:all_method_by_level_effects
2026-08-07_154506_redundancy_fiqa__redundancy,fiqa,redundancy,level_effect,rho,0.25,,,Maxmin,S-Recall@k,643,-14.80530140327963,-17.67102596729346,-11.917720304578783,,0.060653188180404355,0.6298600311041991,0.3094867807153966,two-sided,0.0005,0.024,2026-08-07_154506_redundancy_fiqa__redundancy:all_method_by_level_effects
2026-08-07_154506_redundancy_fiqa__redundancy,fiqa,redundancy,level_effect,rho,0.25,,,Greedy-DPP,S-Recall@k,643,-2.5589487409083054,-4.9233744914149264,-0.3669883123615632,,0.1321928460342146,0.7060653188180405,0.16174183514774496,two-sided,0.0255,0.25,2026-08-07_154506_redundancy_fiqa__redundancy:all_method_by_level_effects
2026-08-07_154506_redundancy_fiqa__redundancy,fiqa,redundancy,level_effect,rho,0.25,,,Dedup*,S-Recall@k,643,8.53860758215346,7.202677182848256,9.989063036496939,,0.2208398133748056,0.7776049766718507,0.0015552099533437014,two-sided,0.0005,0.024,2026-08-07_154506_redundancy_fiqa__redundancy:all_method_by_level_effects
2026-08-07_154506_redundancy_fiqa__redundancy,fiqa,redundancy,level_effect,rho,0.25,,,MMR*,S-Recall@k,643,4.3793522875949,3.2390624754543884,5.5553434814710085,,0.17262830482115085,0.807153965785381,0.02021772939346812,two-sided,0.0005,0.024,2026-08-07_154506_redundancy_fiqa__redundancy:all_method_by_level_effects
2026-08-07_154506_redundancy_fiqa__redundancy,fiqa,redundancy,level_effect,rho,0.25,,,VendiG*,S-Recall@k,643,3.7845405846961055,2.67441326169942,4.965029376188008,,0.12441679626749612,0.864696734059098,0.01088646967340591,two-sided,0.0005,0.024,2026-08-07_154506_redundancy_fiqa__redundancy:all_method_by_level_effects
2026-08-07_154506_redundancy_fiqa__redundancy,fiqa,redundancy,level_effect,rho,0.25,,,RNG*,S-Recall@k,643,7.309380182630572,6.04758370193829,8.690930634943077,,0.20217729393468117,0.7931570762052877,0.004665629860031105,two-sided,0.0005,0.024,2026-08-07_154506_redundancy_fiqa__redundancy:all_method_by_level_effects
2026-08-07_154506_redundancy_fiqa__redundancy,fiqa,redundancy,level_effect,rho,0.5,,,Maxmin,S-Recall@k,643,-8.791402135103533,-11.479808920127736,-6.0110000807901285,,0.1026438569206843,0.6656298600311042,0.2317262830482115,two-sided,0.0005,0.024,2026-08-07_154506_redundancy_fiqa__redundancy:all_method_by_level_effects
2026-08-07_154506_redundancy_fiqa__redundancy,fiqa,redundancy,level_effect,rho,0.5,,,Greedy-DPP,S-Recall@k,643,1.0095792405279187,-1.3222925769582066,3.1681323903330125,,0.17262830482115085,0.7076205287713841,0.11975116640746501,two-sided,0.3705,0.8699999999999999,2026-08-07_154506_redundancy_fiqa__redundancy:all_method_by_level_effects
2026-08-07_154506_redundancy_fiqa__redundancy,fiqa,redundancy,level_effect,rho,0.5,,,Dedup*,S-Recall@k,643,11.469263844847045,9.848259028857786,13.212170022823207,,0.25972006220839816,0.7387247278382582,0.0015552099533437014,two-sided,0.0005,0.024,2026-08-07_154506_redundancy_fiqa__redundancy:all_method_by_level_effects
2026-08-07_154506_redundancy_fiqa__redundancy,fiqa,redundancy,level_effect,rho,0.5,,,MMR*,S-Recall@k,643,7.724596554301064,5.894187935789803,9.611275496578763,,0.22706065318818042,0.7371695178849145,0.03576982892690513,two-sided,0.0005,0.024,2026-08-07_154506_redundancy_fiqa__redundancy:all_method_by_level_effects
2026-08-07_154506_redundancy_fiqa__redundancy,fiqa,redundancy,level_effect,rho,0.5,,,VendiG*,S-Recall@k,643,6.218691020401754,4.647509307695932,7.849034109142974,,0.2161741835147745,0.7371695178849145,0.04665629860031104,two-sided,0.0005,0.024,2026-08-07_154506_redundancy_fiqa__redundancy:all_method_by_level_effects
2026-08-07_154506_redundancy_fiqa__redundancy,fiqa,redundancy,level_effect,rho,0.5,,,RNG*,S-Recall@k,643,9.714019780116201,8.269611242395069,11.237690726415453,,0.2379471228615863,0.7589424572317263,0.003110419906687403,two-sided,0.0005,0.024,2026-08-07_154506_redundancy_fiqa__redundancy:all_method_by_level_effects
2026-08-07_154506_redundancy_fiqa__redundancy,fiqa,redundancy,level_effect,rho,1,,,Maxmin,S-Recall@k,643,6.963699424819178,4.7416561751709505,9.138996889580094,,0.24261275272161742,0.6625194401244168,0.09486780715396578,two-sided,0.0005,0.024,2026-08-07_154506_redundancy_fiqa__redundancy:all_method_by_level_effects
2026-08-07_154506_redundancy_fiqa__redundancy,fiqa,redundancy,level_effect,rho,1,,,Greedy-DPP,S-Recall@k,643,12.758399368041674,10.66318595867585,14.80923683625861,,0.28149300155520995,0.6827371695178849,0.03576982892690513,two-sided,0.0005,0.024,2026-08-07_154506_redundancy_fiqa__redundancy:all_method_by_level_effects
2026-08-07_154506_redundancy_fiqa__redundancy,fiqa,redundancy,level_effect,rho,1,,,Dedup*,S-Recall@k,643,13.223604631069637,11.535235996938951,15.011306129502085,,0.28149300155520995,0.71850699844479,0.0,two-sided,0.0005,0.024,2026-08-07_154506_redundancy_fiqa__redundancy:all_method_by_level_effects
2026-08-07_154506_redundancy_fiqa__redundancy,fiqa,redundancy,level_effect,rho,1,,,MMR*,S-Recall@k,643,11.333592534992224,9.615721197758523,13.138074255103803,,0.2581648522550544,0.7293934681181959,0.012441679626749611,two-sided,0.0005,0.024,2026-08-07_154506_redundancy_fiqa__redundancy:all_method_by_level_effects
2026-08-07_154506_redundancy_fiqa__redundancy,fiqa,redundancy,level_effect,rho,1,,,VendiG*,S-Recall@k,643,14.738144609839797,12.497778271495223,16.921079266335877,,0.30793157076205285,0.6578538102643857,0.03421461897356143,two-sided,0.0005,0.024,2026-08-07_154506_redundancy_fiqa__redundancy:all_method_by_level_effects
2026-08-07_154506_redundancy_fiqa__redundancy,fiqa,redundancy,level_effect,rho,1,,,RNG*,S-Recall@k,643,10.838949369275964,9.244859167098669,12.46848539830655,,0.25194401244167963,0.7465007776049767,0.0015552099533437014,two-sided,0.0005,0.024,2026-08-07_154506_redundancy_fiqa__redundancy:all_method_by_level_effects
2026-08-07_154506_redundancy_fiqa__redundancy,fiqa,redundancy,heavy_minus_clean_interaction,rho,,0,1,Maxmin,S-Recall@k,643,34.08406998220373,30.244817930471118,37.82702412931807,30.849615349226546,0.4494556765163297,0.5163297045101088,0.03421461897356143,greater,0.0005,0.003,2026-08-07_154506_redundancy_fiqa__redundancy:primary_interactions
2026-08-07_154506_redundancy_fiqa__redundancy,fiqa,redundancy,heavy_minus_clean_interaction,rho,,0,1,Greedy-DPP,S-Recall@k,643,27.15807822728506,23.67147143507953,30.67621112255638,24.271334765113927,0.36858475894245724,0.6049766718506998,0.026438569206842923,greater,0.0005,0.003,2026-08-07_154506_redundancy_fiqa__redundancy:primary_interactions
2026-08-07_154506_redundancy_fiqa__redundancy,fiqa,redundancy,heavy_minus_clean_interaction,rho,,0,1,Dedup*,S-Recall@k,643,13.621047174701921,11.932416253178307,15.484589844232143,12.145381273297293,0.28615863141524106,0.7122861586314152,0.0015552099533437014,greater,0.0005,0.003,2026-08-07_154506_redundancy_fiqa__redundancy:primary_interactions
2026-08-07_154506_redundancy_fiqa__redundancy,fiqa,redundancy,heavy_minus_clean_interaction,rho,,0,1,MMR*,S-Recall@k,643,10.32388425467741,8.38726579278679,12.29478550221163,8.767779999506283,0.25505443234836706,0.7200622083981337,0.024883359253499222,greater,0.0005,0.003,2026-08-07_154506_redundancy_fiqa__redundancy:primary_interactions
2026-08-07_154506_redundancy_fiqa__redundancy,fiqa,redundancy,heavy_minus_clean_interaction,rho,,0,1,VendiG*,S-Recall@k,643,14.169079149639032,11.866883116883118,16.550951920897486,12.194136993126108,0.31259720062208396,0.6516329704510109,0.03576982892690513,greater,0.0005,0.003,2026-08-07_154506_redundancy_fiqa__redundancy:primary_interactions
2026-08-07_154506_redundancy_fiqa__redundancy,fiqa,redundancy,heavy_minus_clean_interaction,rho,,0,1,RNG*,S-Recall@k,643,10.501987212718161,8.801127527216172,12.06294280283394,9.122818386037672,0.24883359253499224,0.744945567651633,0.006220839813374806,greater,0.0005,0.003,2026-08-07_154506_redundancy_fiqa__redundancy:primary_interactions
2026-08-07_230907_redundancy_hotpotqa_fullwiki__redundancy,hotpotqa_fullwiki,redundancy,level_effect,rho,0,,,Maxmin,S-Recall@k,7352,-33.30386289445049,-33.99075081610446,-32.61663492927095,,0.005576713819368879,0.3782644178454842,0.6161588683351469,two-sided,0.0005,0.024,2026-08-07_230907_redundancy_hotpotqa_fullwiki__redundancy:all_method_by_level_effects
2026-08-07_230907_redundancy_hotpotqa_fullwiki__redundancy,hotpotqa_fullwiki,redundancy,level_effect,rho,0,,,Greedy-DPP,S-Recall@k,7352,-9.766050054406964,-10.344124047878129,-9.194776931447226,,0.02693144722524483,0.7615614798694232,0.21150707290533188,two-sided,0.0005,0.024,2026-08-07_230907_redundancy_hotpotqa_fullwiki__redundancy:all_method_by_level_effects
2026-08-07_230907_redundancy_hotpotqa_fullwiki__redundancy,hotpotqa_fullwiki,redundancy,level_effect,rho,0,,,Dedup*,S-Recall@k,7352,-0.020402611534276388,-0.061207834602829164,0.020402611534276388,,0.00040805223068552776,0.9987758433079434,0.0008161044613710555,two-sided,0.3925,0.785,2026-08-07_230907_redundancy_hotpotqa_fullwiki__redundancy:all_method_by_level_effects
2026-08-07_230907_redundancy_hotpotqa_fullwiki__redundancy,hotpotqa_fullwiki,redundancy,level_effect,rho,0,,,MMR*,S-Recall@k,7352,-0.7821001088139282,-1.0473340587595212,-0.5369287268770406,,0.015505984766050054,0.9542981501632208,0.030195865070729053,two-sided,0.0005,0.024,2026-08-07_230907_redundancy_hotpotqa_fullwiki__redundancy:all_method_by_level_effects
2026-08-07_230907_redundancy_hotpotqa_fullwiki__redundancy,hotpotqa_fullwiki,redundancy,level_effect,rho,0,,,VendiG*,S-Recall@k,7352,-1.3465723612622416,-1.6662132752992382,-1.0405331882480957,,0.020946681175190423,0.9328073993471164,0.046245919477693145,two-sided,0.0005,0.024,2026-08-07_230907_redundancy_hotpotqa_fullwiki__redundancy:all_method_by_level_effects
2026-08-07_230907_redundancy_hotpotqa_fullwiki__redundancy,hotpotqa_fullwiki,redundancy,level_effect,rho,0,,,RNG*,S-Recall@k,7352,0.19042437431991285,0.0351378309756982,0.3412336779107726,,0.0161860718171926,0.9729325353645266,0.01088139281828074,two-sided,0.018,0.072,2026-08-07_230907_redundancy_hotpotqa_fullwiki__redundancy:all_method_by_level_effects
2026-08-07_230907_redundancy_hotpotqa_fullwiki__redundancy,hotpotqa_fullwiki,redundancy,level_effect,rho,0.025,,,Maxmin,S-Recall@k,7352,-31.26926913311572,-31.982397080159597,-30.574333514689876,,0.006664853101196953,0.40696409140369966,0.5863710554951034,two-sided,0.0005,0.024,2026-08-07_230907_redundancy_hotpotqa_fullwiki__redundancy:all_method_by_level_effects
2026-08-07_230907_redundancy_hotpotqa_fullwiki__redundancy,hotpotqa_fullwiki,redundancy,level_effect,rho,0.025,,,Greedy-DPP,S-Recall@k,7352,-7.84933804860356,-8.390233949945596,-7.316546517954298,,0.03618063112078346,0.7780195865070729,0.18579978237214365,two-sided,0.0005,0.024,2026-08-07_230907_redundancy_hotpotqa_fullwiki__redundancy:all_method_by_level_effects
2026-08-07_230907_redundancy_hotpotqa_fullwiki__redundancy,hotpotqa_fullwiki,redundancy,level_effect,rho,0.025,,,Dedup*,S-Recall@k,7352,1.813565469713456,1.6026818099383384,2.0300598476605,,0.040805223068552776,0.9585146898803046,0.0006800870511425463,two-sided,0.0005,0.024,2026-08-07_230907_redundancy_hotpotqa_fullwiki__redundancy:all_method_by_level_effects
2026-08-07_230907_redundancy_hotpotqa_fullwiki__redundancy,hotpotqa_fullwiki,redundancy,level_effect,rho,0.025,,,MMR*,S-Recall@k,7352,-0.3491113529198406,-0.5905989299963728,-0.1053568190061662,,0.023258977149075082,0.948721436343852,0.028019586507072904,two-sided,0.005,0.025,2026-08-07_230907_redundancy_hotpotqa_fullwiki__redundancy:all_method_by_level_effects
2026-08-07_230907_redundancy_hotpotqa_fullwiki__redundancy,hotpotqa_fullwiki,redundancy,level_effect,rho,0.025,,,VendiG*,S-Recall@k,7352,-0.6880214000725425,-0.9645901342038445,-0.39314698948132054,,0.02883569096844396,0.9311751904243744,0.03998911860718172,two-sided,0.0005,0.024,2026-08-07_230907_redundancy_hotpotqa_fullwiki__redundancy:all_method_by_level_effects
2026-08-07_230907_redundancy_hotpotqa_fullwiki__redundancy,hotpotqa_fullwiki,redundancy,level_effect,rho,0.025,,,RNG*,S-Recall@k,7352,0.5157326804497641,0.37059076895175913,0.6653518317011243,,0.01958650707290533,0.9761969532100109,0.0042165397170837865,two-sided,0.0005,0.024,2026-08-07_230907_redundancy_hotpotqa_fullwiki__redundancy:all_method_by_level_effects
2026-08-07_230907_redundancy_hotpotqa_fullwiki__redundancy,hotpotqa_fullwiki,redundancy,level_effect,rho,0.05,,,Maxmin,S-Recall@k,7352,-30.69459557490025,-31.37921653971708,-29.993992564381568,,0.009249183895538629,0.40233949945593034,0.588411316648531,two-sided,0.0005,0.024,2026-08-07_230907_redundancy_hotpotqa_fullwiki__redundancy:all_method_by_level_effects
2026-08-07_230907_redundancy_hotpotqa_fullwiki__redundancy,hotpotqa_fullwiki,redundancy,level_effect,rho,0.05,,,Greedy-DPP,S-Recall@k,7352,-7.049102285092493,-7.608020493289807,-6.507242927094667,,0.044477693144722524,0.7705386289445049,0.18498367791077258,two-sided,0.0005,0.024,2026-08-07_230907_redundancy_hotpotqa_fullwiki__redundancy:all_method_by_level_effects
2026-08-07_230907_redundancy_hotpotqa_fullwiki__redundancy,hotpotqa_fullwiki,redundancy,level_effect,rho,0.05,,,Dedup*,S-Recall@k,7352,2.470982952484583,2.2352194414218354,2.711280377221617,,0.06297606093579979,0.9353917301414582,0.001632208922742111,two-sided,0.0005,0.024,2026-08-07_230907_redundancy_hotpotqa_fullwiki__redundancy:all_method_by_level_effects
2026-08-07_230907_redundancy_hotpotqa_fullwiki__redundancy,hotpotqa_fullwiki,redundancy,level_effect,rho,0.05,,,MMR*,S-Recall@k,7352,-0.01586869785999272,-0.26075671019223795,0.23241974972796514,,0.03291621327529924,0.9366158868335147,0.030467899891186073,two-sided,0.8985,0.8985,2026-08-07_230907_redundancy_hotpotqa_fullwiki__redundancy:all_method_by_level_effects
2026-08-07_230907_redundancy_hotpotqa_fullwiki__redundancy,hotpotqa_fullwiki,redundancy,level_effect,rho,0.05,,,VendiG*,S-Recall@k,7352,-0.23689698948132026,-0.5191331157054769,0.054463638012332276,,0.041077257889009795,0.9171653971708379,0.04175734494015234,two-sided,0.1195,0.3585,2026-08-07_230907_redundancy_hotpotqa_fullwiki__redundancy:all_method_by_level_effects
2026-08-07_230907_redundancy_hotpotqa_fullwiki__redundancy,hotpotqa_fullwiki,redundancy,level_effect,rho,0.05,,,RNG*,S-Recall@k,7352,0.836507072905332,0.6766299419659051,1.0031850743561843,,0.02910772578890098,0.9672198041349293,0.00367247007616975,two-sided,0.0005,0.024,2026-08-07_230907_redundancy_hotpotqa_fullwiki__redundancy:all_method_by_level_effects
2026-08-07_230907_redundancy_hotpotqa_fullwiki__redundancy,hotpotqa_fullwiki,redundancy,level_effect,rho,0.1,,,Maxmin,S-Recall@k,7352,-24.63615342763877,-25.277872234312664,-23.95232589771491,,0.013193688792165398,0.5004080522306855,0.48639825897714906,two-sided,0.0005,0.024,2026-08-07_230907_redundancy_hotpotqa_fullwiki__redundancy:all_method_by_level_effects
2026-08-07_230907_redundancy_hotpotqa_fullwiki__redundancy,hotpotqa_fullwiki,redundancy,level_effect,rho,0.1,,,Greedy-DPP,S-Recall@k,7352,-1.0972071091766387,-1.6197406601378308,-0.5678160137830975,,0.10418933623503808,0.7844124047878128,0.11139825897714907,two-sided,0.001,0.024,2026-08-07_230907_redundancy_hotpotqa_fullwiki__redundancy:all_method_by_level_effects
2026-08-07_230907_redundancy_hotpotqa_fullwiki__redundancy,hotpotqa_fullwiki,redundancy,level_effect,rho,0.1,,,Dedup*,S-Recall@k,7352,8.316331157054757,7.918423558215451,8.74030875952122,,0.18797606093579977,0.8117519042437432,0.0002720348204570185,two-sided,0.0005,0.024,2026-08-07_230907_redundancy_hotpotqa_fullwiki__redundancy:all_method_by_level_effects
2026-08-07_230907_redundancy_hotpotqa_fullwiki__redundancy,hotpotqa_fullwiki,redundancy,level_effect,rho,0.1,,,MMR*,S-Recall@k,7352,1.8339680812477295,1.3666916031918752,2.314789626405513,,0.1235038084874864,0.808215451577802,0.06828073993471165,two-sided,0.0005,0.024,2026-08-07_230907_redundancy_hotpotqa_fullwiki__redundancy:all_method_by_level_effects
2026-08-07_230907_redundancy_hotpotqa_fullwiki__redundancy,hotpotqa_fullwiki,redundancy,level_effect,rho,0.1,,,VendiG*,S-Recall@k,7352,2.339499455930358,2.0242791077257896,2.658006891548785,,0.08120239390642002,0.8982589771490751,0.020538628944504898,two-sided,0.0005,0.024,2026-08-07_230907_redundancy_hotpotqa_fullwiki__redundancy:all_method_by_level_effects
2026-08-07_230907_redundancy_hotpotqa_fullwiki__redundancy,hotpotqa_fullwiki,redundancy,level_effect,rho,0.1,,,RNG*,S-Recall@k,7352,5.100652883569098,4.728588592673194,5.4860355458832055,,0.14145810663764963,0.846436343852013,0.012105549510337323,two-sided,0.0005,0.024,2026-08-07_230907_redundancy_hotpotqa_fullwiki__redundancy:all_method_by_level_effects
2026-08-07_230907_redundancy_hotpotqa_fullwiki__redundancy,hotpotqa_fullwiki,redundancy,level_effect,rho,0.15,,,Maxmin,S-Recall@k,7352,-14.993652520855985,-15.620522760246642,-14.394892546245917,,0.019042437431991296,0.6724700761697497,0.30848748639825896,two-sided,0.0005,0.024,2026-08-07_230907_redundancy_hotpotqa_fullwiki__redundancy:all_method_by_level_effects
2026-08-07_230907_redundancy_hotpotqa_fullwiki__redundancy,hotpotqa_fullwiki,redundancy,level_effect,rho,0.15,,,Greedy-DPP,S-Recall@k,7352,8.47728509249183,7.901364708015959,9.049861715632934,,0.25081610446137104,0.6936887921653971,0.055495103373231776,two-sided,0.0005,0.024,2026-08-07_230907_redundancy_hotpotqa_fullwiki__redundancy:all_method_by_level_effects
2026-08-07_230907_redundancy_hotpotqa_fullwiki__redundancy,hotpotqa_fullwiki,redundancy,level_effect,rho,0.15,,,Dedup*,S-Recall@k,7352,17.77974247370333,17.23329252811027,18.333049963728694,,0.38329706202393904,0.6156147986942329,0.001088139281828074,two-sided,0.0005,0.024,2026-08-07_230907_redundancy_hotpotqa_fullwiki__redundancy:all_method_by_level_effects
2026-08-07_230907_redundancy_hotpotqa_fullwiki__redundancy,hotpotqa_fullwiki,redundancy,level_effect,rho,0.15,,,MMR*,S-Recall@k,7352,11.223703300689156,10.667052049328976,11.773553681537907,,0.28726877040261156,0.6773667029379761,0.03536452665941241,two-sided,0.0005,0.024,2026-08-07_230907_redundancy_hotpotqa_fullwiki__redundancy:all_method_by_level_effects
2026-08-07_230907_redundancy_hotpotqa_fullwiki__redundancy,hotpotqa_fullwiki,redundancy,level_effect,rho,0.15,,,VendiG*,S-Recall@k,7352,7.981955023576342,7.5659117700398975,8.426448585418935,,0.1968171926006529,0.794613710554951,0.008569096844396083,two-sided,0.0005,0.024,2026-08-07_230907_redundancy_hotpotqa_fullwiki__redundancy:all_method_by_level_effects
2026-08-07_230907_redundancy_hotpotqa_fullwiki__redundancy,hotpotqa_fullwiki,redundancy,level_effect,rho,0.15,,,RNG*,S-Recall@k,7352,12.597479143997111,12.102035727239759,13.087198494740663,,0.29678998911860716,0.6961371055495104,0.007072905331882481,two-sided,0.0005,0.024,2026-08-07_230907_redundancy_hotpotqa_fullwiki__redundancy:all_method_by_level_effects
2026-08-07_230907_redundancy_hotpotqa_fullwiki__redundancy,hotpotqa_fullwiki,redundancy,level_effect,rho,0.25,,,Maxmin,S-Recall@k,7352,-7.018498367791072,-7.548966267682262,-6.510700036271309,,0.03169205658324265,0.8056311207834603,0.16267682263329705,two-sided,0.0005,0.024,2026-08-07_230907_redundancy_hotpotqa_fullwiki__redundancy:all_method_by_level_effects
2026-08-07_230907_redundancy_hotpotqa_fullwiki__redundancy,hotpotqa_fullwiki,redundancy,level_effect,rho,0.25,,,Greedy-DPP,S-Recall@k,7352,16.313021400072543,15.68394087776569,16.931050507798332,,0.3866974972796518,0.5787540805223068,0.03454842219804135,two-sided,0.0005,0.024,2026-08-07_230907_redundancy_hotpotqa_fullwiki__redundancy:all_method_by_level_effects
2026-08-07_230907_redundancy_hotpotqa_fullwiki__redundancy,hotpotqa_fullwiki,redundancy,level_effect,rho,0.25,,,Dedup*,S-Recall@k,7352,25.561071817192612,24.975970257526303,26.1426029198404,,0.5359085963003264,0.4630032644178455,0.001088139281828074,two-sided,0.0005,0.024,2026-08-07_230907_redundancy_hotpotqa_fullwiki__redundancy:all_method_by_level_effects
2026-08-07_230907_redundancy_hotpotqa_fullwiki__redundancy,hotpotqa_fullwiki,redundancy,level_effect,rho,0.25,,,MMR*,S-Recall@k,7352,19.00616612259703,18.3826963184621,19.617337685890465,,0.43022306855277476,0.5473340587595212,0.022442872687704025,two-sided,0.0005,0.024,2026-08-07_230907_redundancy_hotpotqa_fullwiki__redundancy:all_method_by_level_effects
2026-08-07_230907_redundancy_hotpotqa_fullwiki__redundancy,hotpotqa_fullwiki,redundancy,level_effect,rho,0.25,,,VendiG*,S-Recall@k,7352,15.748549147624225,15.110174102285091,16.37774301777294,,0.37418389553862896,0.5924918389553863,0.03332426550598477,two-sided,0.0005,0.024,2026-08-07_230907_redundancy_hotpotqa_fullwiki__redundancy:all_method_by_level_effects
2026-08-07_230907_redundancy_hotpotqa_fullwiki__redundancy,hotpotqa_fullwiki,redundancy,level_effect,rho,0.25,,,RNG*,S-Recall@k,7352,17.184666303953552,16.633682444686254,17.712980594849473,,0.39662676822633297,0.5986126224156693,0.004760609357997824,two-sided,0.0005,0.024,2026-08-07_230907_redundancy_hotpotqa_fullwiki__redundancy:all_method_by_level_effects
2026-08-07_230907_redundancy_hotpotqa_fullwiki__redundancy,hotpotqa_fullwiki,redundancy,level_effect,rho,0.5,,,Maxmin,S-Recall@k,7352,-4.406964091403701,-4.893396354733406,-3.935210373594487,,0.04787812840043525,0.8283460282916213,0.12377584330794342,two-sided,0.0005,0.024,2026-08-07_230907_redundancy_hotpotqa_fullwiki__redundancy:all_method_by_level_effects
2026-08-07_230907_redundancy_hotpotqa_fullwiki__redundancy,hotpotqa_fullwiki,redundancy,level_effect,rho,0.5,,,Greedy-DPP,S-Recall@k,7352,18.35101559666304,17.720461552412036,18.96881800870511,,0.41838955386289445,0.5538628944504896,0.027747551686615888,two-sided,0.0005,0.024,2026-08-07_230907_redundancy_hotpotqa_fullwiki__redundancy:all_method_by_level_effects
2026-08-07_230907_redundancy_hotpotqa_fullwiki__redundancy,hotpotqa_fullwiki,redundancy,level_effect,rho,0.5,,,Dedup*,S-Recall@k,7352,27.614934711643105,27.041281284004345,28.19663583605369,,0.5710010881392819,0.4281828073993471,0.0008161044613710555,two-sided,0.0005,0.024,2026-08-07_230907_redundancy_hotpotqa_fullwiki__redundancy:all_method_by_level_effects
2026-08-07_230907_redundancy_hotpotqa_fullwiki__redundancy,hotpotqa_fullwiki,redundancy,level_effect,rho,0.5,,,MMR*,S-Recall@k,7352,20.94214726151614,20.30847615161407,21.551108541893356,,0.46069096844396085,0.5204026115342764,0.018906420021762786,two-sided,0.0005,0.024,2026-08-07_230907_redundancy_hotpotqa_fullwiki__redundancy:all_method_by_level_effects
2026-08-07_230907_redundancy_hotpotqa_fullwiki__redundancy,hotpotqa_fullwiki,redundancy,level_effect,rho,0.5,,,VendiG*,S-Recall@k,7352,17.768407689517588,17.115184076895176,18.378445774392453,,0.4047878128400435,0.5686887921653971,0.026523394994559305,two-sided,0.0005,0.024,2026-08-07_230907_redundancy_hotpotqa_fullwiki__redundancy:all_method_by_level_effects
2026-08-07_230907_redundancy_hotpotqa_fullwiki__redundancy,hotpotqa_fullwiki,redundancy,level_effect,rho,0.5,,,RNG*,S-Recall@k,7352,15.086597751178811,14.544795067101926,15.595586235038082,,0.3487486398258977,0.64689880304679,0.004352557127312296,two-sided,0.0005,0.024,2026-08-07_230907_redundancy_hotpotqa_fullwiki__redundancy:all_method_by_level_effects
2026-08-07_230907_redundancy_hotpotqa_fullwiki__redundancy,hotpotqa_fullwiki,redundancy,level_effect,rho,1,,,Maxmin,S-Recall@k,7352,-0.9475879579252809,-1.4374773304316286,-0.4543548240841495,,0.09303590859630033,0.8200489662676823,0.08691512513601742,two-sided,0.0005,0.024,2026-08-07_230907_redundancy_hotpotqa_fullwiki__redundancy:all_method_by_level_effects
2026-08-07_230907_redundancy_hotpotqa_fullwiki__redundancy,hotpotqa_fullwiki,redundancy,level_effect,rho,1,,,Greedy-DPP,S-Recall@k,7352,19.70552230685527,19.05598249909322,20.3144835872325,,0.4355277475516866,0.5413492927094669,0.023122959738846573,two-sided,0.0005,0.024,2026-08-07_230907_redundancy_hotpotqa_fullwiki__redundancy:all_method_by_level_effects
2026-08-07_230907_redundancy_hotpotqa_fullwiki__redundancy,hotpotqa_fullwiki,redundancy,level_effect,rho,1,,,Dedup*,S-Recall@k,7352,28.831157054769672,28.251609539354366,29.41274483133841,,0.5890914036996736,0.4100924918389554,0.0008161044613710555,two-sided,0.0005,0.024,2026-08-07_230907_redundancy_hotpotqa_fullwiki__redundancy:all_method_by_level_effects
2026-08-07_230907_redundancy_hotpotqa_fullwiki__redundancy,hotpotqa_fullwiki,redundancy,level_effect,rho,1,,,MMR*,S-Recall@k,7352,22.215043525571264,21.590156873413132,22.83539626405513,,0.4771490750816104,0.5076169749727966,0.015233949945593036,two-sided,0.0005,0.024,2026-08-07_230907_redundancy_hotpotqa_fullwiki__redundancy:all_method_by_level_effects
2026-08-07_230907_redundancy_hotpotqa_fullwiki__redundancy,hotpotqa_fullwiki,redundancy,level_effect,rho,1,,,VendiG*,S-Recall@k,7352,19.30653790351832,18.656998095756258,19.93000770765324,,0.4253264417845484,0.5531828073993471,0.02149075081610446,two-sided,0.0005,0.024,2026-08-07_230907_redundancy_hotpotqa_fullwiki__redundancy:all_method_by_level_effects
2026-08-07_230907_redundancy_hotpotqa_fullwiki__redundancy,hotpotqa_fullwiki,redundancy,level_effect,rho,1,,,RNG*,S-Recall@k,7352,12.730096118969886,12.243833877402976,13.218795339136747,,0.3065832426550599,0.6894722524483133,0.003944504896626768,two-sided,0.0005,0.024,2026-08-07_230907_redundancy_hotpotqa_fullwiki__redundancy:all_method_by_level_effects
2026-08-07_230907_redundancy_hotpotqa_fullwiki__redundancy,hotpotqa_fullwiki,redundancy,heavy_minus_clean_interaction,rho,,0,1,Maxmin,S-Recall@k,7352,32.35627493652518,31.652328164671747,33.07166984040624,31.75077076532463,0.6147986942328618,0.3735038084874864,0.011697497279651796,greater,0.0005,0.003,2026-08-07_230907_redundancy_hotpotqa_fullwiki__redundancy:primary_interactions
2026-08-07_230907_redundancy_hotpotqa_fullwiki__redundancy,hotpotqa_fullwiki,redundancy,heavy_minus_clean_interaction,rho,,0,1,Greedy-DPP,S-Recall@k,7352,29.471572361262236,28.814041530649263,30.126042800145093,28.910047152702223,0.5764417845484222,0.4163492927094668,0.00720892274211099,greater,0.0005,0.003,2026-08-07_230907_redundancy_hotpotqa_fullwiki__redundancy:primary_interactions
2026-08-07_230907_redundancy_hotpotqa_fullwiki__redundancy,hotpotqa_fullwiki,redundancy,heavy_minus_clean_interaction,rho,,0,1,Dedup*,S-Recall@k,7352,28.85155966630395,28.268895085237585,29.428953572723977,28.361896989481323,0.5890914036996736,0.4099564744287269,0.0009521218715995648,greater,0.0005,0.003,2026-08-07_230907_redundancy_hotpotqa_fullwiki__redundancy:primary_interactions
2026-08-07_230907_redundancy_hotpotqa_fullwiki__redundancy,hotpotqa_fullwiki,redundancy,heavy_minus_clean_interaction,rho,,0,1,MMR*,S-Recall@k,7352,22.997143634385207,22.388465723612615,23.627357635110624,22.47574356184259,0.4915669205658324,0.4896626768226333,0.018770402611534277,greater,0.0005,0.003,2026-08-07_230907_redundancy_hotpotqa_fullwiki__redundancy:primary_interactions
2026-08-07_230907_redundancy_hotpotqa_fullwiki__redundancy,hotpotqa_fullwiki,redundancy,heavy_minus_clean_interaction,rho,,0,1,VendiG*,S-Recall@k,7352,20.65311026478056,20.022669568371416,21.309450943054046,20.116521581429087,0.4504896626768226,0.5240750816104461,0.02543525571273123,greater,0.0005,0.003,2026-08-07_230907_redundancy_hotpotqa_fullwiki__redundancy:primary_interactions
2026-08-07_230907_redundancy_hotpotqa_fullwiki__redundancy,hotpotqa_fullwiki,redundancy,heavy_minus_clean_interaction,rho,,0,1,RNG*,S-Recall@k,7352,12.53967174464998,12.035217174464995,13.058918208197312,12.107703119332607,0.3116158868335147,0.6715179542981502,0.016866158868335146,greater,0.0005,0.003,2026-08-07_230907_redundancy_hotpotqa_fullwiki__redundancy:primary_interactions
2026-08-08_070150_redundancy_nq__chunking,nq,chunking,level_effect,overlap,0,,,Maxmin,S-Recall@k,5956,-5.288784419073203,-6.027535258562794,-4.583613163196777,,0.01880456682337139,0.9095030221625252,0.07169241101410342,two-sided,0.0005,0.012,2026-08-08_070150_redundancy_nq__chunking:all_method_by_level_effects
2026-08-08_070150_redundancy_nq__chunking,nq,chunking,level_effect,overlap,0,,,Greedy-DPP,S-Recall@k,5956,-0.48690396239086636,-1.0913364674278039,0.1511081262592344,,0.026863666890530557,0.9414036265950302,0.03173270651443922,two-sided,0.133,0.266,2026-08-08_070150_redundancy_nq__chunking:all_method_by_level_effects
2026-08-08_070150_redundancy_nq__chunking,nq,chunking,level_effect,overlap,0,,,Dedup*,S-Recall@k,5956,0.503693754197448,0.28542646071188715,0.7387508394895903,,0.006212222968435191,0.9926124916051041,0.0011752854264607119,two-sided,0.0005,0.012,2026-08-08_070150_redundancy_nq__chunking:all_method_by_level_effects
2026-08-08_070150_redundancy_nq__chunking,nq,chunking,level_effect,overlap,0,,,MMR*,S-Recall@k,5956,0.6883814640698456,0.2182672934855608,1.175285426460712,,0.021994627266621894,0.9628945601074547,0.01511081262592344,two-sided,0.007,0.021,2026-08-08_070150_redundancy_nq__chunking:all_method_by_level_effects
2026-08-08_070150_redundancy_nq__chunking,nq,chunking,level_effect,overlap,0,,,VendiG*,S-Recall@k,5956,0.7891202149093351,0.4365345869711216,1.124916051040967,,0.013431833445265278,0.9810275352585628,0.005540631296171927,two-sided,0.0005,0.012,2026-08-08_070150_redundancy_nq__chunking:all_method_by_level_effects
2026-08-08_070150_redundancy_nq__chunking,nq,chunking,level_effect,overlap,0,,,RNG*,S-Recall@k,5956,0.8562793821356616,0.41974479516453994,1.2592343854936199,,0.018468770987239758,0.9716252518468771,0.009905977165883144,two-sided,0.001,0.012,2026-08-08_070150_redundancy_nq__chunking:all_method_by_level_effects
2026-08-08_070150_redundancy_nq__chunking,nq,chunking,level_effect,overlap,0.25,,,Maxmin,S-Recall@k,5956,-4.93619879113499,-5.67494963062458,-4.180658159838818,,0.020819341840161182,0.9089993284083278,0.07018132975151108,two-sided,0.0005,0.012,2026-08-08_070150_redundancy_nq__chunking:all_method_by_level_effects
2026-08-08_070150_redundancy_nq__chunking,nq,chunking,level_effect,overlap,0.25,,,Greedy-DPP,S-Recall@k,5956,-0.2686366689053056,-0.8898589657488247,0.33579583613163194,,0.028542646071188716,0.9402283411685695,0.031229012760241773,two-sided,0.417,0.417,2026-08-08_070150_redundancy_nq__chunking:all_method_by_level_effects
2026-08-08_070150_redundancy_nq__chunking,nq,chunking,level_effect,overlap,0.25,,,Dedup*,S-Recall@k,5956,0.9402283411685695,0.6715916722632639,1.2424445936870383,,0.010577568838146407,0.9882471457353929,0.0011752854264607119,two-sided,0.0005,0.012,2026-08-08_070150_redundancy_nq__chunking:all_method_by_level_effects
2026-08-08_070150_redundancy_nq__chunking,nq,chunking,level_effect,overlap,0.25,,,MMR*,S-Recall@k,5956,1.1417058428475486,0.8226997985224983,1.4775016789791806,,0.013767629281396911,0.9838817998656817,0.0023505708529214238,two-sided,0.0005,0.012,2026-08-08_070150_redundancy_nq__chunking:all_method_by_level_effects
2026-08-08_070150_redundancy_nq__chunking,nq,chunking,level_effect,overlap,0.25,,,VendiG*,S-Recall@k,5956,1.4103425117528543,1.0409670920080591,1.7797179314976495,,0.017629281396910678,0.9788448623237072,0.003525856279382136,two-sided,0.0005,0.012,2026-08-08_070150_redundancy_nq__chunking:all_method_by_level_effects
2026-08-08_070150_redundancy_nq__chunking,nq,chunking,level_effect,overlap,0.25,,,RNG*,S-Recall@k,5956,1.2592343854936199,0.8226997985224983,1.7293485560779047,,0.02132303559435863,0.9699462726662189,0.008730691739422432,two-sided,0.0005,0.012,2026-08-08_070150_redundancy_nq__chunking:all_method_by_level_effects
2026-08-08_070150_redundancy_nq__chunking,nq,chunking,level_effect,overlap,0.5,,,Maxmin,S-Recall@k,5956,-3.542646071188717,-4.264607118871726,-2.8542646071188718,,0.0241773002014775,0.9162189388851578,0.059603760913364674,two-sided,0.0005,0.012,2026-08-08_070150_redundancy_nq__chunking:all_method_by_level_effects
2026-08-08_070150_redundancy_nq__chunking,nq,chunking,level_effect,overlap,0.5,,,Greedy-DPP,S-Recall@k,5956,1.1920752182672936,0.5708529214237743,1.8132975151108126,,0.03509066487575554,0.9417394224311618,0.023169912693082606,two-sided,0.0005,0.012,2026-08-08_070150_redundancy_nq__chunking:all_method_by_level_effects
2026-08-08_070150_redundancy_nq__chunking,nq,chunking,level_effect,overlap,0.5,,,Dedup*,S-Recall@k,5956,1.8468770987239758,1.5110812625923438,2.216252518468771,,0.019308260577568837,0.9798522498321021,0.0008394895903290799,two-sided,0.0005,0.012,2026-08-08_070150_redundancy_nq__chunking:all_method_by_level_effects
2026-08-08_070150_redundancy_nq__chunking,nq,chunking,level_effect,overlap,0.5,,,MMR*,S-Recall@k,5956,2.048354600402955,1.5614506380120887,2.552048354600403,,0.031229012760241773,0.9580255204835461,0.010745466756212223,two-sided,0.0005,0.012,2026-08-08_070150_redundancy_nq__chunking:all_method_by_level_effects
2026-08-08_070150_redundancy_nq__chunking,nq,chunking,level_effect,overlap,0.5,,,VendiG*,S-Recall@k,5956,1.880456682337139,1.5278710543989253,2.2834116856950972,,0.02048354600402955,0.9778374748153122,0.0016789791806581598,two-sided,0.0005,0.012,2026-08-08_070150_redundancy_nq__chunking:all_method_by_level_effects
2026-08-08_070150_redundancy_nq__chunking,nq,chunking,level_effect,overlap,0.5,,,RNG*,S-Recall@k,5956,2.350570852921424,1.880456682337139,2.8542646071188718,,0.029885829415715246,0.9637340496977838,0.0063801208865010076,two-sided,0.0005,0.012,2026-08-08_070150_redundancy_nq__chunking:all_method_by_level_effects
2026-08-08_070150_redundancy_nq__chunking,nq,chunking,level_effect,overlap,0.75,,,Maxmin,S-Recall@k,5956,-2.132303559435863,-2.8542646071188718,-1.4103425117528543,,0.031229012760241773,0.9162189388851578,0.0525520483546004,two-sided,0.0005,0.012,2026-08-08_070150_redundancy_nq__chunking:all_method_by_level_effects
2026-08-08_070150_redundancy_nq__chunking,nq,chunking,level_effect,overlap,0.75,,,Greedy-DPP,S-Recall@k,5956,2.2834116856950972,1.6621893888515782,2.971793149764943,,0.04550033579583613,0.9318334452652787,0.02266621893888516,two-sided,0.0005,0.012,2026-08-08_070150_redundancy_nq__chunking:all_method_by_level_effects
2026-08-08_070150_redundancy_nq__chunking,nq,chunking,level_effect,overlap,0.75,,,Dedup*,S-Recall@k,5956,3.139691067830759,2.702316991269308,3.626595030221625,,0.03190060443250504,0.9675957018132975,0.0005036937541974479,two-sided,0.0005,0.012,2026-08-08_070150_redundancy_nq__chunking:all_method_by_level_effects
2026-08-08_070150_redundancy_nq__chunking,nq,chunking,level_effect,overlap,0.75,,,MMR*,S-Recall@k,5956,3.2404298186702487,2.702316991269308,3.8457018132975143,,0.04247817327065145,0.9474479516453996,0.010073875083948958,two-sided,0.0005,0.012,2026-08-08_070150_redundancy_nq__chunking:all_method_by_level_effects
2026-08-08_070150_redundancy_nq__chunking,nq,chunking,level_effect,overlap,0.75,,,VendiG*,S-Recall@k,5956,2.803895231699127,2.350570852921424,3.274009402283412,,0.03022162525184688,0.9675957018132975,0.002182672934855608,two-sided,0.0005,0.012,2026-08-08_070150_redundancy_nq__chunking:all_method_by_level_effects
2026-08-08_070150_redundancy_nq__chunking,nq,chunking,level_effect,overlap,0.75,,,RNG*,S-Recall@k,5956,3.25721961047683,2.7367360644728005,3.8280725319006046,,0.03912021490933512,0.9543317662860981,0.006548018804566823,two-sided,0.0005,0.012,2026-08-08_070150_redundancy_nq__chunking:all_method_by_level_effects
2026-08-08_070150_redundancy_nq__chunking,nq,chunking,heavy_minus_clean_interaction,overlap,,0,0.75,Maxmin,S-Recall@k,5956,3.1564808596373406,2.333781061114842,4.012760241773002,2.4513096037609134,0.06480859637340497,0.8985896574882472,0.036601746138347886,greater,0.0005,0.003,2026-08-08_070150_redundancy_nq__chunking:primary_interactions
2026-08-08_070150_redundancy_nq__chunking,nq,chunking,heavy_minus_clean_interaction,overlap,,0,0.75,Greedy-DPP,S-Recall@k,5956,2.7703156480859636,2.0819341840161183,3.542646071188717,2.1994627266621896,0.0451645399597045,0.9343519140362659,0.02048354600402955,greater,0.0005,0.003,2026-08-08_070150_redundancy_nq__chunking:primary_interactions
2026-08-08_070150_redundancy_nq__chunking,nq,chunking,heavy_minus_clean_interaction,overlap,,0,0.75,Dedup*,S-Recall@k,5956,2.635997313633311,2.165043653458697,3.139691067830759,2.2330423102753527,0.03022162525184688,0.9657488247145736,0.004029550033579583,greater,0.0005,0.003,2026-08-08_070150_redundancy_nq__chunking:primary_interactions
2026-08-08_070150_redundancy_nq__chunking,nq,chunking,heavy_minus_clean_interaction,overlap,,0,0.75,MMR*,S-Recall@k,5956,2.552048354600403,1.9811954331766286,3.206850235057085,2.0802552048354603,0.03844862323707186,0.9469442578912022,0.01460711887172599,greater,0.0005,0.003,2026-08-08_070150_redundancy_nq__chunking:primary_interactions
2026-08-08_070150_redundancy_nq__chunking,nq,chunking,heavy_minus_clean_interaction,overlap,,0,0.75,VendiG*,S-Recall@k,5956,2.014775016789792,1.5278710543989253,2.53609805238415,1.6118200134318335,0.02803895231699127,0.9628945601074547,0.009066487575554063,greater,0.0005,0.003,2026-08-08_070150_redundancy_nq__chunking:primary_interactions
2026-08-08_070150_redundancy_nq__chunking,nq,chunking,heavy_minus_clean_interaction,overlap,,0,0.75,RNG*,S-Recall@k,5956,2.4009402283411685,1.8460376091336468,2.9885829415715244,1.9308260577568839,0.03475486903962391,0.9539959704499664,0.01124916051040967,greater,0.0005,0.003,2026-08-08_070150_redundancy_nq__chunking:primary_interactions
