D,tau,n_seeds,val mean,val mean_ci95
Dedup(0.85),1.32,2,0.818,0.0152
Dedup(0.85),1.33,2,0.818,0.0152
Dedup(0.85),1.35,2,0.818,0.0146
Dedup(0.85),1.39,2,0.8214,0.0267
Dedup(0.85),1.43,3,0.82,0.0081
Dedup(0.85),1.44,2,0.8216,0.0254
Dedup(0.85),1.45,3,0.8201,0.0081
Dedup(0.85),1.46,2,0.8217,0.0254
Dedup(0.85),1.47,3,0.8202,0.0083
Dedup(0.85),1.48,3,0.8204,0.008
Dedup(0.85),1.49,3,0.8205,0.008
Dedup(0.85),1.5,3,0.8206,0.0079
Dedup(0.85),1.51,3,0.8207,0.0081
Dedup(0.85),1.52,3,0.8209,0.008
Dedup(0.85),1.53,3,0.821,0.0079
Dedup(0.85),1.54,3,0.8211,0.0077
Dedup(0.85),1.55,3,0.8212,0.0077
Dedup(0.85),1.56,3,0.8215,0.0077
Dedup(0.85),1.57,3,0.8216,0.0075
Dedup(0.85),1.58,3,0.8218,0.0077
Dedup(0.85),1.59,3,0.8219,0.0077
Dedup(0.85),1.6,3,0.822,0.0076
Dedup(0.85),1.61,3,0.8223,0.0076
Dedup(0.85),1.62,3,0.8226,0.0078
Dedup(0.85),1.63,3,0.8228,0.0078
Dedup(0.85),1.64,3,0.823,0.0077
Dedup(0.85),1.65,3,0.8232,0.008
Dedup(0.85),1.66,3,0.8234,0.0077
Dedup(0.85),1.67,3,0.8236,0.008
Dedup(0.85),1.68,3,0.824,0.0082
Dedup(0.85),1.69,3,0.8244,0.008
Dedup(0.85),1.7,3,0.8247,0.0082
Dedup(0.85),1.71,3,0.8251,0.0077
Dedup(0.85),1.72,3,0.8255,0.008
Dedup(0.85),1.73,3,0.826,0.0078
Dedup(0.85),1.74,3,0.8262,0.0078
Dedup(0.85),1.75,3,0.8265,0.008
Dedup(0.85),1.76,3,0.8266,0.0081
Dedup(0.85),1.77,3,0.827,0.0077
Dedup(0.85),1.78,3,0.8272,0.008
Dedup(0.85),1.79,3,0.8275,0.0077
Dedup(0.85),1.8,3,0.8278,0.0078
Dedup(0.85),1.81,3,0.828,0.0081
Dedup(0.85),1.82,3,0.8283,0.0079
Dedup(0.85),1.83,3,0.8285,0.0082
Dedup(0.85),1.84,3,0.829,0.0085
Dedup(0.85),1.85,3,0.8291,0.0083
Dedup(0.85),1.86,3,0.8295,0.0081
Dedup(0.85),1.87,3,0.8297,0.0082
Dedup(0.85),1.88,3,0.83,0.008
Dedup(0.85),1.89,3,0.8303,0.0077
Dedup(0.85),1.9,3,0.8307,0.0072
Dedup(0.85),1.91,3,0.8309,0.0074
Dedup(0.85),1.92,3,0.8312,0.0073
Dedup(0.85),1.93,3,0.8315,0.0074
Dedup(0.85),1.94,3,0.8318,0.0072
Dedup(0.85),1.95,3,0.8321,0.0075
Dedup(0.85),1.96,3,0.8323,0.0075
Dedup(0.85),1.97,3,0.8327,0.0079
Dedup(0.85),1.98,3,0.833,0.0077
Dedup(0.85),1.99,3,0.8332,0.0077
Dedup(0.85),2.0,3,0.8334,0.0076
Dedup(0.85),2.01,3,0.8336,0.0076
Dedup(0.85),2.02,3,0.834,0.0077
Dedup(0.85),2.03,3,0.8343,0.0076
Dedup(0.85),2.04,3,0.8344,0.0077
Dedup(0.85),2.05,3,0.8345,0.0078
Dedup(0.85),2.06,3,0.8347,0.0077
Dedup(0.85),2.07,3,0.8349,0.0076
Dedup(0.85),2.08,3,0.835,0.008
Dedup(0.85),2.09,3,0.8351,0.0081
Dedup(0.85),2.1,3,0.8353,0.0082
Dedup(0.85),2.11,3,0.8355,0.0082
Dedup(0.85),2.12,3,0.8356,0.0081
Dedup(0.85),2.13,3,0.8359,0.008
Dedup(0.85),2.14,3,0.8361,0.0075
Dedup(0.85),2.15,3,0.8362,0.0075
Dedup(0.85),2.16,3,0.8364,0.0076
Dedup(0.85),2.17,3,0.8366,0.0072
Dedup(0.85),2.18,3,0.8368,0.0073
Dedup(0.85),2.19,3,0.8368,0.0073
Dedup(0.85),2.2,3,0.8371,0.0077
Dedup(0.85),2.21,3,0.8374,0.0077
Dedup(0.85),2.22,3,0.8376,0.0076
Dedup(0.85),2.23,3,0.8376,0.0076
Dedup(0.85),2.24,3,0.8378,0.0076
Dedup(0.85),2.25,3,0.8379,0.0077
Dedup(0.85),2.26,3,0.8381,0.0076
Dedup(0.85),2.27,3,0.8383,0.0073
Dedup(0.85),2.28,3,0.8386,0.0072
Dedup(0.85),2.29,3,0.8388,0.0072
Dedup(0.85),2.3,3,0.8388,0.0071
Dedup(0.85),2.31,3,0.8391,0.0071
Dedup(0.85),2.32,3,0.839,0.0073
Dedup(0.85),2.33,3,0.8391,0.0071
Dedup(0.85),2.34,3,0.8393,0.0068
Dedup(0.85),2.35,3,0.8395,0.0067
Dedup(0.85),2.36,3,0.8396,0.0067
Dedup(0.85),2.37,3,0.8398,0.0067
Dedup(0.85),2.38,3,0.8398,0.0068
Dedup(0.85),2.39,3,0.8399,0.0068
Dedup(0.85),2.4,3,0.8401,0.0068
Dedup(0.85),2.41,3,0.8402,0.0072
Dedup(0.85),2.42,3,0.8403,0.0072
Dedup(0.85),2.43,3,0.8405,0.0071
Dedup(0.85),2.44,3,0.8405,0.0071
Dedup(0.85),2.45,3,0.8405,0.0072
Dedup(0.85),2.46,3,0.8406,0.0075
Dedup(0.85),2.47,3,0.8407,0.0073
Dedup(0.85),2.48,3,0.8407,0.0075
Dedup(0.85),2.49,3,0.8408,0.0073
Dedup(0.85),2.5,3,0.841,0.0076
Dedup(0.85),2.51,3,0.841,0.0075
Dedup(0.85),2.52,3,0.8412,0.0078
Dedup(0.85),2.53,3,0.8413,0.008
Dedup(0.85),2.54,3,0.8413,0.0077
Dedup(0.85),2.55,3,0.8414,0.0078
Dedup(0.85),2.56,3,0.8415,0.0078
Dedup(0.85),2.57,3,0.8415,0.0077
Dedup(0.85),2.58,3,0.8417,0.0078
Dedup(0.85),2.59,3,0.8417,0.008
Dedup(0.85),2.6,3,0.8418,0.0078
Dedup(0.85),2.61,3,0.8419,0.0077
Dedup(0.85),2.62,3,0.8421,0.0078
Dedup(0.85),2.63,3,0.8421,0.0078
Dedup(0.85),2.64,3,0.8422,0.0078
Dedup(0.85),2.65,3,0.8423,0.0078
Dedup(0.85),2.66,3,0.8425,0.0077
Dedup(0.85),2.67,3,0.8425,0.0078
Dedup(0.85),2.68,3,0.8425,0.0078
Dedup(0.85),2.69,3,0.8426,0.0078
Dedup(0.85),2.7,3,0.8427,0.0077
Dedup(0.85),2.71,3,0.8427,0.0076
Dedup(0.85),2.72,3,0.8429,0.0077
Dedup(0.85),2.73,3,0.8429,0.0076
Dedup(0.85),2.74,3,0.8429,0.0076
Dedup(0.85),2.75,3,0.843,0.0076
Dedup(0.85),2.76,3,0.8431,0.0073
Dedup(0.85),2.77,3,0.8431,0.0073
Dedup(0.85),2.78,3,0.8433,0.0075
Dedup(0.85),2.79,3,0.8434,0.0075
Dedup(0.85),2.8,3,0.8435,0.0073
Dedup(0.85),2.81,3,0.8437,0.0072
Dedup(0.85),2.82,3,0.8437,0.0073
Dedup(0.85),2.83,3,0.8438,0.0072
Dedup(0.85),2.84,3,0.8438,0.0073
Dedup(0.85),2.85,3,0.8438,0.0073
Dedup(0.85),2.86,3,0.8438,0.0073
Dedup(0.85),2.87,3,0.8439,0.0073
Dedup(0.85),2.88,3,0.844,0.0073
Dedup(0.85),2.89,3,0.844,0.0075
Dedup(0.85),2.9,3,0.8441,0.0073
Dedup(0.85),2.91,3,0.8441,0.0073
Dedup(0.85),2.92,3,0.8441,0.0075
Dedup(0.85),2.93,3,0.8443,0.0076
Dedup(0.85),2.94,3,0.8443,0.0076
Dedup(0.85),2.95,3,0.8444,0.0077
Dedup(0.85),2.96,3,0.8444,0.0077
Dedup(0.85),2.97,3,0.8445,0.0077
Dedup(0.85),2.98,3,0.8445,0.0076
Dedup(0.85),2.99,3,0.8445,0.0076
Dedup(0.85),3.0,3,0.8446,0.0076
Dedup(0.85),3.01,3,0.8447,0.0075
Dedup(0.85),3.02,3,0.8447,0.0075
Dedup(0.85),3.03,3,0.8447,0.0076
Dedup(0.85),3.04,3,0.8447,0.0076
Dedup(0.85),3.05,3,0.8447,0.0075
Dedup(0.85),3.06,3,0.8448,0.0077
Dedup(0.85),3.07,3,0.8448,0.0076
Dedup(0.85),3.08,3,0.8448,0.0077
Dedup(0.85),3.09,3,0.8448,0.0076
Dedup(0.85),3.1,3,0.8448,0.0076
Dedup(0.85),3.11,3,0.8449,0.0077
Dedup(0.85),3.12,3,0.8449,0.0076
Dedup(0.85),3.13,3,0.845,0.0077
Dedup(0.85),3.14,3,0.8451,0.0075
Dedup(0.85),3.15,3,0.8451,0.0073
Dedup(0.85),3.16,3,0.8452,0.0075
Dedup(0.85),3.17,3,0.8452,0.0075
Dedup(0.85),3.18,3,0.8452,0.0072
Dedup(0.85),3.19,3,0.8452,0.0072
Dedup(0.85),3.2,3,0.8452,0.0072
Dedup(0.85),3.21,3,0.8452,0.0072
Dedup(0.85),3.22,3,0.8452,0.0073
Dedup(0.85),3.23,3,0.8453,0.0073
Dedup(0.85),3.24,3,0.8453,0.0073
Dedup(0.85),3.25,3,0.8454,0.0073
Dedup(0.85),3.26,3,0.8454,0.0072
Dedup(0.85),3.27,3,0.8455,0.0071
Dedup(0.85),3.28,3,0.8455,0.0071
Dedup(0.85),3.29,3,0.8456,0.0071
Dedup(0.85),3.3,3,0.8456,0.007
Dedup(0.85),3.31,3,0.8456,0.007
Dedup(0.85),3.32,3,0.8456,0.007
Dedup(0.85),3.33,3,0.8456,0.0068
Dedup(0.85),3.34,3,0.8457,0.007
Dedup(0.85),3.35,3,0.8457,0.007
Dedup(0.85),3.36,3,0.8458,0.0068
Dedup(0.85),3.37,3,0.8458,0.0067
Dedup(0.85),3.38,3,0.8458,0.0067
Dedup(0.85),3.39,3,0.8458,0.0067
Dedup(0.85),3.4,3,0.8459,0.0068
Dedup(0.85),3.41,3,0.8459,0.0068
Dedup(0.85),3.42,3,0.8459,0.0068
Dedup(0.85),3.43,3,0.8459,0.0067
Dedup(0.85),3.44,3,0.846,0.0067
Dedup(0.85),3.45,3,0.846,0.0067
Dedup(0.85),3.46,3,0.846,0.0067
Dedup(0.85),3.47,3,0.846,0.0067
Dedup(0.85),3.48,3,0.846,0.0068
Dedup(0.85),3.49,3,0.846,0.0068
Dedup(0.85),3.5,3,0.846,0.0068
Dedup(0.85),3.51,3,0.8461,0.0067
Dedup(0.85),3.52,3,0.8461,0.0067
Dedup(0.85),3.53,3,0.8461,0.0067
Dedup(0.85),3.54,3,0.846,0.0067
Dedup(0.85),3.55,3,0.846,0.0068
Dedup(0.85),3.56,3,0.846,0.0068
Dedup(0.85),3.57,3,0.846,0.0068
Dedup(0.85),3.58,3,0.846,0.0068
Dedup(0.85),3.59,3,0.846,0.0068
Dedup(0.85),3.6,3,0.846,0.0068
Dedup(0.85),3.61,3,0.8461,0.0068
Dedup(0.85),3.62,3,0.8461,0.0068
Dedup(0.85),3.63,3,0.8461,0.0068
Dedup(0.85),3.64,3,0.8461,0.0068
Dedup(0.85),3.65,3,0.8461,0.0068
Dedup(0.85),3.66,3,0.8461,0.0068
Dedup(0.85),3.67,3,0.8461,0.0068
Dedup(0.85),3.68,3,0.8461,0.0068
Dedup(0.85),3.69,3,0.8461,0.0068
Dedup(0.85),3.7,3,0.8461,0.0068
Dedup(0.85),3.71,3,0.8461,0.0068
Dedup(0.85),3.72,3,0.8461,0.0068
Dedup(0.85),3.73,3,0.8461,0.0068
Dedup(0.85),3.74,3,0.8461,0.0068
Dedup(0.85),3.75,3,0.8461,0.0068
Dedup(0.85),3.76,3,0.8461,0.0068
Dedup(0.85),3.77,3,0.8461,0.0068
Dedup(0.85),3.78,3,0.8461,0.0068
Dedup(0.85),3.79,3,0.8461,0.0068
Dedup(0.85),3.8,3,0.8461,0.0068
Dedup(0.85),3.81,3,0.8461,0.0068
Dedup(0.85),3.82,3,0.8461,0.0068
Dedup(0.85),3.83,3,0.8461,0.0068
Dedup(0.85),3.84,3,0.8461,0.0068
Dedup(0.85),3.85,3,0.8461,0.0068
Dedup(0.85),3.86,3,0.8461,0.0068
Dedup(0.85),3.87,3,0.8461,0.0068
Dedup(0.85),3.88,3,0.8461,0.0068
Dedup(0.85),3.89,3,0.8461,0.0068
Dedup(0.85),3.9,3,0.8461,0.0068
Dedup(0.85),3.91,3,0.8461,0.0068
Dedup(0.85),3.92,3,0.8461,0.0068
Dedup(0.85),3.93,3,0.8461,0.0068
Dedup(0.85),3.94,3,0.8461,0.0068
Dedup(0.85),3.95,3,0.8461,0.0068
Dedup(0.85),3.96,3,0.8461,0.0068
Dedup(0.85),3.97,3,0.8461,0.0068
Dedup(0.85),3.98,3,0.8461,0.0068
Dedup(0.85),3.99,3,0.8461,0.0068
Dedup(0.85),4.0,3,0.8461,0.0068
Dedup(0.85),4.01,3,0.8461,0.0068
Dedup(0.85),4.02,3,0.8461,0.0068
Dedup(0.85),4.03,3,0.8461,0.0068
Dedup(0.85),4.04,3,0.8461,0.0068
Dedup(0.85),4.05,3,0.8461,0.0068
Dedup(0.85),4.06,3,0.8461,0.0068
Dedup(0.85),4.07,3,0.8461,0.0068
Dedup(0.85),4.08,3,0.8461,0.0068
Dedup(0.85),4.09,3,0.8461,0.0068
Dedup(0.85),4.1,3,0.8461,0.0068
Dedup(0.85),4.11,3,0.8461,0.0068
Dedup(0.85),4.12,3,0.8461,0.0068
Dedup(0.85),4.13,3,0.8461,0.0068
Dedup(0.85),4.14,3,0.8461,0.0068
Dedup(0.85),4.15,3,0.8461,0.0068
Dedup(0.85),4.16,3,0.8461,0.0068
Dedup(0.85),4.17,3,0.8461,0.0068
Dedup(0.85),4.18,3,0.8461,0.0068
Dedup(0.85),4.19,3,0.8461,0.0068
Dedup(0.85),4.2,3,0.8461,0.0068
Dedup(0.85),4.21,3,0.8461,0.0068
Dedup(0.85),4.23,3,0.8461,0.0068
Dedup(0.85),4.24,2,0.8448,0.0184
Dedup(0.85),4.25,3,0.8461,0.0068
Dedup(0.85),4.26,3,0.8461,0.0068
Dedup(0.85),4.31,2,0.8448,0.0184
Dedup(0.85),4.33,1,0.8462,0.0
Dedup(0.85),4.35,2,0.8448,0.0184
Dedup(0.85),4.36,1,0.8462,0.0
Dedup(0.85),4.37,3,0.8461,0.0068
Dedup(0.85),4.38,2,0.8475,0.0165
Dedup(0.9),1.32,2,0.818,0.0152
Dedup(0.9),1.33,2,0.818,0.0152
Dedup(0.9),1.35,2,0.818,0.0146
Dedup(0.9),1.39,2,0.8214,0.0273
Dedup(0.9),1.43,3,0.8199,0.0082
Dedup(0.9),1.44,2,0.8216,0.0254
Dedup(0.9),1.45,3,0.8201,0.0083
Dedup(0.9),1.46,2,0.8216,0.026
Dedup(0.9),1.47,3,0.8201,0.0083
Dedup(0.9),1.48,3,0.8203,0.008
Dedup(0.9),1.49,3,0.8203,0.008
Dedup(0.9),1.5,3,0.8204,0.008
Dedup(0.9),1.51,3,0.8206,0.008
Dedup(0.9),1.52,3,0.8207,0.008
Dedup(0.9),1.53,3,0.8208,0.0081
Dedup(0.9),1.54,3,0.8209,0.0077
Dedup(0.9),1.55,3,0.8209,0.0077
Dedup(0.9),1.56,3,0.8211,0.0077
Dedup(0.9),1.57,3,0.8212,0.0075
Dedup(0.9),1.58,3,0.8214,0.0075
Dedup(0.9),1.59,3,0.8215,0.0076
Dedup(0.9),1.6,3,0.8216,0.0077
Dedup(0.9),1.61,3,0.8218,0.0076
Dedup(0.9),1.62,3,0.8221,0.0076
Dedup(0.9),1.63,3,0.8222,0.0076
Dedup(0.9),1.64,3,0.8223,0.0076
Dedup(0.9),1.65,3,0.8224,0.0077
Dedup(0.9),1.66,3,0.8225,0.0076
Dedup(0.9),1.67,3,0.8226,0.0077
Dedup(0.9),1.68,3,0.8229,0.008
Dedup(0.9),1.69,3,0.8232,0.0076
Dedup(0.9),1.7,3,0.8235,0.0076
Dedup(0.9),1.71,3,0.8238,0.0076
Dedup(0.9),1.72,3,0.824,0.0075
Dedup(0.9),1.73,3,0.8243,0.0073
Dedup(0.9),1.74,3,0.8244,0.0073
Dedup(0.9),1.75,3,0.8245,0.0075
Dedup(0.9),1.76,3,0.8247,0.0076
Dedup(0.9),1.77,3,0.8249,0.0073
Dedup(0.9),1.78,3,0.825,0.0072
Dedup(0.9),1.79,3,0.8252,0.0071
Dedup(0.9),1.8,3,0.8253,0.0071
Dedup(0.9),1.81,3,0.8255,0.0073
Dedup(0.9),1.82,3,0.8256,0.0071
Dedup(0.9),1.83,3,0.8257,0.0072
Dedup(0.9),1.84,3,0.8259,0.0073
Dedup(0.9),1.85,3,0.826,0.0071
Dedup(0.9),1.86,3,0.8261,0.0072
Dedup(0.9),1.87,3,0.8262,0.0074
Dedup(0.9),1.88,3,0.8264,0.0074
Dedup(0.9),1.89,3,0.8264,0.0074
Dedup(0.9),1.9,3,0.8267,0.007
Dedup(0.9),1.91,3,0.8268,0.0071
Dedup(0.9),1.92,3,0.8269,0.0072
Dedup(0.9),1.93,3,0.8271,0.0072
Dedup(0.9),1.94,3,0.8272,0.0072
Dedup(0.9),1.95,3,0.8274,0.0074
Dedup(0.9),1.96,3,0.8275,0.0073
Dedup(0.9),1.97,3,0.8276,0.0077
Dedup(0.9),1.98,3,0.8278,0.0076
Dedup(0.9),1.99,3,0.8279,0.0077
Dedup(0.9),2.0,3,0.828,0.0077
Dedup(0.9),2.01,3,0.828,0.0078
Dedup(0.9),2.02,3,0.8283,0.0077
Dedup(0.9),2.03,3,0.8284,0.008
Dedup(0.9),2.04,3,0.8284,0.0079
Dedup(0.9),2.05,3,0.8284,0.0079
Dedup(0.9),2.06,3,0.8285,0.0079
Dedup(0.9),2.07,3,0.8286,0.0078
Dedup(0.9),2.08,3,0.8287,0.0078
Dedup(0.9),2.09,3,0.8287,0.0078
Dedup(0.9),2.1,3,0.8287,0.0078
Dedup(0.9),2.11,3,0.8289,0.0077
Dedup(0.9),2.12,3,0.8289,0.0078
Dedup(0.9),2.13,3,0.829,0.0077
Dedup(0.9),2.14,3,0.8291,0.0075
Dedup(0.9),2.15,3,0.8291,0.0077
Dedup(0.9),2.16,3,0.8292,0.0076
Dedup(0.9),2.17,3,0.8293,0.0076
Dedup(0.9),2.18,3,0.8294,0.0078
Dedup(0.9),2.19,3,0.8294,0.0077
Dedup(0.9),2.2,3,0.8295,0.008
Dedup(0.9),2.21,3,0.8295,0.0079
Dedup(0.9),2.22,3,0.8297,0.0078
Dedup(0.9),2.23,3,0.8298,0.0077
Dedup(0.9),2.24,3,0.8298,0.0078
Dedup(0.9),2.25,3,0.8299,0.0078
Dedup(0.9),2.26,3,0.8301,0.0077
Dedup(0.9),2.27,3,0.8301,0.0076
Dedup(0.9),2.28,3,0.8302,0.0075
Dedup(0.9),2.29,3,0.8303,0.0074
Dedup(0.9),2.3,3,0.8304,0.0074
Dedup(0.9),2.31,3,0.8304,0.0074
Dedup(0.9),2.32,3,0.8305,0.0074
Dedup(0.9),2.33,3,0.8305,0.0073
Dedup(0.9),2.34,3,0.8306,0.0073
Dedup(0.9),2.35,3,0.8306,0.0073
Dedup(0.9),2.36,3,0.8306,0.0072
Dedup(0.9),2.37,3,0.8307,0.0073
Dedup(0.9),2.38,3,0.8308,0.0074
Dedup(0.9),2.39,3,0.8308,0.0074
Dedup(0.9),2.4,3,0.8309,0.0074
Dedup(0.9),2.41,3,0.8309,0.0076
Dedup(0.9),2.42,3,0.831,0.0077
Dedup(0.9),2.43,3,0.831,0.0075
Dedup(0.9),2.44,3,0.8311,0.0074
Dedup(0.9),2.45,3,0.8311,0.0074
Dedup(0.9),2.46,3,0.8311,0.0075
Dedup(0.9),2.47,3,0.8311,0.0075
Dedup(0.9),2.48,3,0.8312,0.0073
Dedup(0.9),2.49,3,0.8312,0.0075
Dedup(0.9),2.5,3,0.8312,0.0075
Dedup(0.9),2.51,3,0.8313,0.0073
Dedup(0.9),2.52,3,0.8314,0.0074
Dedup(0.9),2.53,3,0.8314,0.0074
Dedup(0.9),2.54,3,0.8314,0.0075
Dedup(0.9),2.55,3,0.8314,0.0075
Dedup(0.9),2.56,3,0.8315,0.0075
Dedup(0.9),2.57,3,0.8315,0.0075
Dedup(0.9),2.58,3,0.8316,0.0075
Dedup(0.9),2.59,3,0.8316,0.0075
Dedup(0.9),2.6,3,0.8316,0.0075
Dedup(0.9),2.61,3,0.8318,0.0074
Dedup(0.9),2.62,3,0.8319,0.0074
Dedup(0.9),2.63,3,0.8319,0.0076
Dedup(0.9),2.64,3,0.8319,0.0075
Dedup(0.9),2.65,3,0.8319,0.0075
Dedup(0.9),2.66,3,0.832,0.0073
Dedup(0.9),2.67,3,0.832,0.0073
Dedup(0.9),2.68,3,0.832,0.0073
Dedup(0.9),2.69,3,0.8321,0.0074
Dedup(0.9),2.7,3,0.8321,0.0073
Dedup(0.9),2.71,3,0.8322,0.0072
Dedup(0.9),2.72,3,0.8322,0.0073
Dedup(0.9),2.73,3,0.8323,0.0072
Dedup(0.9),2.74,3,0.8323,0.0072
Dedup(0.9),2.75,3,0.8323,0.0072
Dedup(0.9),2.76,3,0.8323,0.0072
Dedup(0.9),2.77,3,0.8323,0.0073
Dedup(0.9),2.78,3,0.8324,0.0073
Dedup(0.9),2.79,3,0.8324,0.0073
Dedup(0.9),2.8,3,0.8325,0.0073
Dedup(0.9),2.81,3,0.8326,0.0073
Dedup(0.9),2.82,3,0.8326,0.0073
Dedup(0.9),2.83,3,0.8326,0.0073
Dedup(0.9),2.84,3,0.8326,0.0073
Dedup(0.9),2.85,3,0.8326,0.0073
Dedup(0.9),2.86,3,0.8326,0.0073
Dedup(0.9),2.87,3,0.8327,0.0073
Dedup(0.9),2.88,3,0.8327,0.0073
Dedup(0.9),2.89,3,0.8327,0.0073
Dedup(0.9),2.9,3,0.8327,0.0073
Dedup(0.9),2.91,3,0.8328,0.0073
Dedup(0.9),2.92,3,0.8328,0.0073
Dedup(0.9),2.93,3,0.8328,0.0073
Dedup(0.9),2.94,3,0.8329,0.0075
Dedup(0.9),2.95,3,0.8329,0.0075
Dedup(0.9),2.96,3,0.8329,0.0075
Dedup(0.9),2.97,3,0.833,0.0075
Dedup(0.9),2.98,3,0.833,0.0075
Dedup(0.9),2.99,3,0.833,0.0075
Dedup(0.9),3.0,3,0.833,0.0075
Dedup(0.9),3.01,3,0.833,0.0075
Dedup(0.9),3.02,3,0.833,0.0075
Dedup(0.9),3.03,3,0.833,0.0076
Dedup(0.9),3.04,3,0.833,0.0076
Dedup(0.9),3.05,3,0.8331,0.0076
Dedup(0.9),3.06,3,0.8331,0.0076
Dedup(0.9),3.07,3,0.8331,0.0076
Dedup(0.9),3.08,3,0.8331,0.0076
Dedup(0.9),3.09,3,0.8331,0.0075
Dedup(0.9),3.1,3,0.8331,0.0075
Dedup(0.9),3.11,3,0.8331,0.0075
Dedup(0.9),3.12,3,0.8331,0.0075
Dedup(0.9),3.13,3,0.8332,0.0076
Dedup(0.9),3.14,3,0.8333,0.0074
Dedup(0.9),3.15,3,0.8333,0.0075
Dedup(0.9),3.16,3,0.8333,0.0075
Dedup(0.9),3.17,3,0.8333,0.0075
Dedup(0.9),3.18,3,0.8333,0.0075
Dedup(0.9),3.19,3,0.8333,0.0075
Dedup(0.9),3.2,3,0.8333,0.0075
Dedup(0.9),3.21,3,0.8334,0.0074
Dedup(0.9),3.22,3,0.8334,0.0074
Dedup(0.9),3.23,3,0.8334,0.0075
Dedup(0.9),3.24,3,0.8335,0.0075
Dedup(0.9),3.25,3,0.8335,0.0075
Dedup(0.9),3.26,3,0.8335,0.0075
Dedup(0.9),3.27,3,0.8335,0.0075
Dedup(0.9),3.28,3,0.8335,0.0074
Dedup(0.9),3.29,3,0.8335,0.0074
Dedup(0.9),3.3,3,0.8335,0.0074
Dedup(0.9),3.31,3,0.8336,0.0073
Dedup(0.9),3.32,3,0.8336,0.0073
Dedup(0.9),3.33,3,0.8336,0.0073
Dedup(0.9),3.34,3,0.8336,0.0073
Dedup(0.9),3.35,3,0.8336,0.0073
Dedup(0.9),3.36,3,0.8336,0.0073
Dedup(0.9),3.37,3,0.8336,0.0073
Dedup(0.9),3.38,3,0.8336,0.0074
Dedup(0.9),3.39,3,0.8336,0.0074
Dedup(0.9),3.4,3,0.8336,0.0074
Dedup(0.9),3.41,3,0.8336,0.0074
Dedup(0.9),3.42,3,0.8336,0.0074
Dedup(0.9),3.43,3,0.8336,0.0074
Dedup(0.9),3.44,3,0.8337,0.0074
Dedup(0.9),3.45,3,0.8337,0.0074
Dedup(0.9),3.46,3,0.8337,0.0074
Dedup(0.9),3.47,3,0.8337,0.0074
Dedup(0.9),3.48,3,0.8337,0.0074
Dedup(0.9),3.49,3,0.8337,0.0074
Dedup(0.9),3.5,3,0.8337,0.0074
Dedup(0.9),3.51,3,0.8337,0.0074
Dedup(0.9),3.52,3,0.8337,0.0074
Dedup(0.9),3.53,3,0.8337,0.0074
Dedup(0.9),3.54,3,0.8336,0.0075
Dedup(0.9),3.55,3,0.8336,0.0075
Dedup(0.9),3.56,3,0.8336,0.0075
Dedup(0.9),3.57,3,0.8336,0.0075
Dedup(0.9),3.58,3,0.8336,0.0075
Dedup(0.9),3.59,3,0.8336,0.0075
Dedup(0.9),3.6,3,0.8336,0.0075
Dedup(0.9),3.61,3,0.8336,0.0075
Dedup(0.9),3.62,3,0.8336,0.0075
Dedup(0.9),3.63,3,0.8336,0.0075
Dedup(0.9),3.64,3,0.8336,0.0075
Dedup(0.9),3.65,3,0.8336,0.0075
Dedup(0.9),3.66,3,0.8336,0.0075
Dedup(0.9),3.67,3,0.8336,0.0075
Dedup(0.9),3.68,3,0.8336,0.0075
Dedup(0.9),3.69,3,0.8336,0.0075
Dedup(0.9),3.7,3,0.8336,0.0075
Dedup(0.9),3.71,3,0.8336,0.0075
Dedup(0.9),3.72,3,0.8336,0.0075
Dedup(0.9),3.73,3,0.8336,0.0075
Dedup(0.9),3.74,3,0.8336,0.0075
Dedup(0.9),3.75,3,0.8336,0.0075
Dedup(0.9),3.76,3,0.8336,0.0075
Dedup(0.9),3.77,3,0.8336,0.0075
Dedup(0.9),3.78,3,0.8336,0.0075
Dedup(0.9),3.79,3,0.8336,0.0075
Dedup(0.9),3.8,3,0.8336,0.0075
Dedup(0.9),3.81,3,0.8336,0.0075
Dedup(0.9),3.82,3,0.8336,0.0075
Dedup(0.9),3.83,3,0.8336,0.0075
Dedup(0.9),3.84,3,0.8336,0.0075
Dedup(0.9),3.85,3,0.8336,0.0075
Dedup(0.9),3.86,3,0.8336,0.0075
Dedup(0.9),3.87,3,0.8336,0.0075
Dedup(0.9),3.88,3,0.8336,0.0075
Dedup(0.9),3.89,3,0.8336,0.0075
Dedup(0.9),3.9,3,0.8336,0.0075
Dedup(0.9),3.91,3,0.8336,0.0075
Dedup(0.9),3.92,3,0.8336,0.0075
Dedup(0.9),3.93,3,0.8336,0.0075
Dedup(0.9),3.94,3,0.8336,0.0075
Dedup(0.9),3.95,3,0.8336,0.0075
Dedup(0.9),3.96,3,0.8336,0.0075
Dedup(0.9),3.97,3,0.8336,0.0075
Dedup(0.9),3.98,3,0.8336,0.0075
Dedup(0.9),3.99,3,0.8336,0.0075
Dedup(0.9),4.0,3,0.8336,0.0075
Dedup(0.9),4.01,3,0.8336,0.0075
Dedup(0.9),4.02,3,0.8336,0.0075
Dedup(0.9),4.03,3,0.8336,0.0075
Dedup(0.9),4.04,3,0.8336,0.0075
Dedup(0.9),4.05,3,0.8336,0.0075
Dedup(0.9),4.06,3,0.8336,0.0075
Dedup(0.9),4.07,3,0.8336,0.0075
Dedup(0.9),4.08,3,0.8336,0.0075
Dedup(0.9),4.09,3,0.8336,0.0075
Dedup(0.9),4.1,3,0.8336,0.0075
Dedup(0.9),4.11,3,0.8336,0.0075
Dedup(0.9),4.12,3,0.8336,0.0075
Dedup(0.9),4.13,3,0.8336,0.0075
Dedup(0.9),4.14,3,0.8336,0.0075
Dedup(0.9),4.15,3,0.8336,0.0075
Dedup(0.9),4.16,3,0.8336,0.0075
Dedup(0.9),4.17,3,0.8336,0.0075
Dedup(0.9),4.18,3,0.8336,0.0075
Dedup(0.9),4.19,3,0.8336,0.0075
Dedup(0.9),4.2,3,0.8336,0.0075
Dedup(0.9),4.21,3,0.8336,0.0075
Dedup(0.9),4.23,3,0.8336,0.0075
Dedup(0.9),4.24,2,0.832,0.0127
Dedup(0.9),4.25,3,0.8336,0.0075
Dedup(0.9),4.26,3,0.8336,0.0075
Dedup(0.9),4.31,2,0.832,0.0127
Dedup(0.9),4.33,1,0.833,0.0
Dedup(0.9),4.35,2,0.832,0.0127
Dedup(0.9),4.36,1,0.833,0.0
Dedup(0.9),4.37,3,0.8336,0.0075
Dedup(0.9),4.38,2,0.8349,0.0248
Dedup(0.95),1.32,2,0.818,0.0152
Dedup(0.95),1.33,2,0.818,0.0152
Dedup(0.95),1.35,2,0.818,0.0146
Dedup(0.95),1.39,2,0.8214,0.0273
Dedup(0.95),1.43,3,0.8199,0.0082
Dedup(0.95),1.44,2,0.8215,0.0254
Dedup(0.95),1.45,3,0.82,0.0081
Dedup(0.95),1.46,2,0.8215,0.0254
Dedup(0.95),1.47,3,0.82,0.0081
Dedup(0.95),1.48,3,0.8201,0.008
Dedup(0.95),1.49,3,0.8202,0.0081
Dedup(0.95),1.5,3,0.8202,0.0081
Dedup(0.95),1.51,3,0.8202,0.0081
Dedup(0.95),1.52,3,0.8202,0.008
Dedup(0.95),1.53,3,0.8202,0.008
Dedup(0.95),1.54,3,0.8203,0.008
Dedup(0.95),1.55,3,0.8203,0.008
Dedup(0.95),1.56,3,0.8203,0.008
Dedup(0.95),1.57,3,0.8204,0.0079
Dedup(0.95),1.58,3,0.8204,0.0079
Dedup(0.95),1.59,3,0.8205,0.0079
Dedup(0.95),1.6,3,0.8205,0.0079
Dedup(0.95),1.61,3,0.8205,0.0079
Dedup(0.95),1.62,3,0.8205,0.008
Dedup(0.95),1.63,3,0.8205,0.008
Dedup(0.95),1.64,3,0.8205,0.008
Dedup(0.95),1.65,3,0.8206,0.0081
Dedup(0.95),1.66,3,0.8206,0.0081
Dedup(0.95),1.67,3,0.8206,0.0081
Dedup(0.95),1.68,3,0.8206,0.0082
Dedup(0.95),1.69,3,0.8207,0.0082
Dedup(0.95),1.7,3,0.8207,0.0081
Dedup(0.95),1.71,3,0.8208,0.0082
Dedup(0.95),1.72,3,0.8208,0.0082
Dedup(0.95),1.73,3,0.8208,0.0082
Dedup(0.95),1.74,3,0.8208,0.0082
Dedup(0.95),1.75,3,0.8208,0.0082
Dedup(0.95),1.76,3,0.8208,0.0082
Dedup(0.95),1.77,3,0.8209,0.0081
Dedup(0.95),1.78,3,0.8209,0.0081
Dedup(0.95),1.79,3,0.821,0.008
Dedup(0.95),1.8,3,0.821,0.008
Dedup(0.95),1.81,3,0.821,0.008
Dedup(0.95),1.82,3,0.821,0.0081
Dedup(0.95),1.83,3,0.821,0.0081
Dedup(0.95),1.84,3,0.8211,0.0082
Dedup(0.95),1.85,3,0.8211,0.0082
Dedup(0.95),1.86,3,0.8211,0.0082
Dedup(0.95),1.87,3,0.8211,0.0081
Dedup(0.95),1.88,3,0.8211,0.0081
Dedup(0.95),1.89,3,0.8212,0.0082
Dedup(0.95),1.9,3,0.8212,0.0081
Dedup(0.95),1.91,3,0.8212,0.0081
Dedup(0.95),1.92,3,0.8213,0.0081
Dedup(0.95),1.93,3,0.8213,0.0081
Dedup(0.95),1.94,3,0.8214,0.0081
Dedup(0.95),1.95,3,0.8214,0.0081
Dedup(0.95),1.96,3,0.8214,0.0082
Dedup(0.95),1.97,3,0.8214,0.0082
Dedup(0.95),1.98,3,0.8215,0.0081
Dedup(0.95),1.99,3,0.8215,0.0082
Dedup(0.95),2.0,3,0.8215,0.0082
Dedup(0.95),2.01,3,0.8215,0.0082
Dedup(0.95),2.02,3,0.8215,0.0082
Dedup(0.95),2.03,3,0.8216,0.0084
Dedup(0.95),2.04,3,0.8216,0.0083
Dedup(0.95),2.05,3,0.8216,0.0083
Dedup(0.95),2.06,3,0.8216,0.0083
Dedup(0.95),2.07,3,0.8216,0.0083
Dedup(0.95),2.08,3,0.8216,0.0083
Dedup(0.95),2.09,3,0.8216,0.0083
Dedup(0.95),2.1,3,0.8216,0.0083
Dedup(0.95),2.11,3,0.8216,0.0083
Dedup(0.95),2.12,3,0.8216,0.0083
Dedup(0.95),2.13,3,0.8217,0.0082
Dedup(0.95),2.14,3,0.8217,0.0082
Dedup(0.95),2.15,3,0.8217,0.0082
Dedup(0.95),2.16,3,0.8217,0.0081
Dedup(0.95),2.17,3,0.8217,0.0081
Dedup(0.95),2.18,3,0.8218,0.0082
Dedup(0.95),2.19,3,0.8218,0.0082
Dedup(0.95),2.2,3,0.8218,0.0082
Dedup(0.95),2.21,3,0.8218,0.0082
Dedup(0.95),2.22,3,0.8218,0.0082
Dedup(0.95),2.23,3,0.8218,0.0082
Dedup(0.95),2.24,3,0.8218,0.0082
Dedup(0.95),2.25,3,0.8218,0.0083
Dedup(0.95),2.26,3,0.8218,0.0083
Dedup(0.95),2.27,3,0.8218,0.0082
Dedup(0.95),2.28,3,0.8218,0.0082
Dedup(0.95),2.29,3,0.8219,0.0082
Dedup(0.95),2.3,3,0.8219,0.0082
Dedup(0.95),2.31,3,0.8219,0.0082
Dedup(0.95),2.32,3,0.8219,0.0082
Dedup(0.95),2.33,3,0.8219,0.0082
Dedup(0.95),2.34,3,0.8219,0.0082
Dedup(0.95),2.35,3,0.8219,0.0082
Dedup(0.95),2.36,3,0.8219,0.0082
Dedup(0.95),2.37,3,0.8219,0.0081
Dedup(0.95),2.38,3,0.8219,0.0081
Dedup(0.95),2.39,3,0.8219,0.0081
Dedup(0.95),2.4,3,0.822,0.0082
Dedup(0.95),2.41,3,0.822,0.0082
Dedup(0.95),2.42,3,0.822,0.0082
Dedup(0.95),2.43,3,0.822,0.0082
Dedup(0.95),2.44,3,0.822,0.0082
Dedup(0.95),2.45,3,0.822,0.0082
Dedup(0.95),2.46,3,0.822,0.0082
Dedup(0.95),2.47,3,0.822,0.0082
Dedup(0.95),2.48,3,0.822,0.0082
Dedup(0.95),2.49,3,0.822,0.0082
Dedup(0.95),2.5,3,0.822,0.0082
Dedup(0.95),2.51,3,0.822,0.0082
Dedup(0.95),2.52,3,0.822,0.0082
Dedup(0.95),2.53,3,0.822,0.0082
Dedup(0.95),2.54,3,0.822,0.0082
Dedup(0.95),2.55,3,0.822,0.0082
Dedup(0.95),2.56,3,0.822,0.0082
Dedup(0.95),2.57,3,0.822,0.0082
Dedup(0.95),2.58,3,0.822,0.0081
Dedup(0.95),2.59,3,0.822,0.0081
Dedup(0.95),2.6,3,0.822,0.0081
Dedup(0.95),2.61,3,0.822,0.0081
Dedup(0.95),2.62,3,0.822,0.0081
Dedup(0.95),2.63,3,0.822,0.0081
Dedup(0.95),2.64,3,0.822,0.0081
Dedup(0.95),2.65,3,0.822,0.0081
Dedup(0.95),2.66,3,0.822,0.0081
Dedup(0.95),2.67,3,0.822,0.0081
Dedup(0.95),2.68,3,0.822,0.0081
Dedup(0.95),2.69,3,0.822,0.0081
Dedup(0.95),2.7,3,0.822,0.0081
Dedup(0.95),2.71,3,0.8221,0.008
Dedup(0.95),2.72,3,0.8221,0.008
Dedup(0.95),2.73,3,0.8221,0.008
Dedup(0.95),2.74,3,0.8221,0.008
Dedup(0.95),2.75,3,0.8221,0.008
Dedup(0.95),2.76,3,0.8221,0.008
Dedup(0.95),2.77,3,0.8221,0.008
Dedup(0.95),2.78,3,0.8221,0.0081
Dedup(0.95),2.79,3,0.8222,0.008
Dedup(0.95),2.8,3,0.8222,0.008
Dedup(0.95),2.81,3,0.8222,0.008
Dedup(0.95),2.82,3,0.8222,0.008
Dedup(0.95),2.83,3,0.8222,0.008
Dedup(0.95),2.84,3,0.8222,0.008
Dedup(0.95),2.85,3,0.8222,0.008
Dedup(0.95),2.86,3,0.8222,0.008
Dedup(0.95),2.87,3,0.8222,0.008
Dedup(0.95),2.88,3,0.8222,0.008
Dedup(0.95),2.89,3,0.8222,0.008
Dedup(0.95),2.9,3,0.8222,0.008
Dedup(0.95),2.91,3,0.8222,0.008
Dedup(0.95),2.92,3,0.8222,0.008
Dedup(0.95),2.93,3,0.8222,0.008
Dedup(0.95),2.94,3,0.8223,0.0082
Dedup(0.95),2.95,3,0.8223,0.0082
Dedup(0.95),2.96,3,0.8223,0.0082
Dedup(0.95),2.97,3,0.8223,0.0081
Dedup(0.95),2.98,3,0.8223,0.0081
Dedup(0.95),2.99,3,0.8223,0.0081
Dedup(0.95),3.0,3,0.8223,0.0081
Dedup(0.95),3.01,3,0.8224,0.0081
Dedup(0.95),3.02,3,0.8224,0.0081
Dedup(0.95),3.03,3,0.8224,0.0081
Dedup(0.95),3.04,3,0.8224,0.0081
Dedup(0.95),3.05,3,0.8224,0.0081
Dedup(0.95),3.06,3,0.8224,0.0081
Dedup(0.95),3.07,3,0.8224,0.0081
Dedup(0.95),3.08,3,0.8224,0.0081
Dedup(0.95),3.09,3,0.8224,0.0081
Dedup(0.95),3.1,3,0.8224,0.0081
Dedup(0.95),3.11,3,0.8224,0.0081
Dedup(0.95),3.12,3,0.8224,0.0081
Dedup(0.95),3.13,3,0.8224,0.0082
Dedup(0.95),3.14,3,0.8225,0.0081
Dedup(0.95),3.15,3,0.8225,0.0081
Dedup(0.95),3.16,3,0.8225,0.0081
Dedup(0.95),3.17,3,0.8225,0.0081
Dedup(0.95),3.18,3,0.8225,0.0081
Dedup(0.95),3.19,3,0.8225,0.0081
Dedup(0.95),3.2,3,0.8225,0.0081
Dedup(0.95),3.21,3,0.8225,0.0081
Dedup(0.95),3.22,3,0.8225,0.0081
Dedup(0.95),3.23,3,0.8225,0.0081
Dedup(0.95),3.24,3,0.8225,0.0081
Dedup(0.95),3.25,3,0.8225,0.0081
Dedup(0.95),3.26,3,0.8225,0.0081
Dedup(0.95),3.27,3,0.8225,0.0081
Dedup(0.95),3.28,3,0.8225,0.0081
Dedup(0.95),3.29,3,0.8225,0.0081
Dedup(0.95),3.3,3,0.8225,0.0081
Dedup(0.95),3.31,3,0.8225,0.0081
Dedup(0.95),3.32,3,0.8225,0.0081
Dedup(0.95),3.33,3,0.8225,0.0081
Dedup(0.95),3.34,3,0.8225,0.0081
Dedup(0.95),3.35,3,0.8225,0.0081
Dedup(0.95),3.36,3,0.8225,0.0081
Dedup(0.95),3.37,3,0.8225,0.0081
Dedup(0.95),3.38,3,0.8225,0.0081
Dedup(0.95),3.39,3,0.8225,0.0081
Dedup(0.95),3.4,3,0.8225,0.0081
Dedup(0.95),3.41,3,0.8225,0.0081
Dedup(0.95),3.42,3,0.8225,0.0081
Dedup(0.95),3.43,3,0.8225,0.0081
Dedup(0.95),3.44,3,0.8225,0.0081
Dedup(0.95),3.45,3,0.8225,0.0081
Dedup(0.95),3.46,3,0.8225,0.0081
Dedup(0.95),3.47,3,0.8225,0.0081
Dedup(0.95),3.48,3,0.8225,0.0081
Dedup(0.95),3.49,3,0.8225,0.0081
Dedup(0.95),3.5,3,0.8225,0.0081
Dedup(0.95),3.51,3,0.8225,0.0081
Dedup(0.95),3.52,3,0.8225,0.0081
Dedup(0.95),3.53,3,0.8225,0.0081
Dedup(0.95),3.54,3,0.8225,0.0081
Dedup(0.95),3.55,3,0.8225,0.0081
Dedup(0.95),3.56,3,0.8225,0.0081
Dedup(0.95),3.57,3,0.8225,0.0081
Dedup(0.95),3.58,3,0.8225,0.0081
Dedup(0.95),3.59,3,0.8225,0.0081
Dedup(0.95),3.6,3,0.8225,0.0081
Dedup(0.95),3.61,3,0.8225,0.0081
Dedup(0.95),3.62,3,0.8225,0.0081
Dedup(0.95),3.63,3,0.8225,0.0081
Dedup(0.95),3.64,3,0.8225,0.0081
Dedup(0.95),3.65,3,0.8225,0.0081
Dedup(0.95),3.66,3,0.8225,0.0081
Dedup(0.95),3.67,3,0.8225,0.0081
Dedup(0.95),3.68,3,0.8225,0.0081
Dedup(0.95),3.69,3,0.8225,0.0081
Dedup(0.95),3.7,3,0.8225,0.0081
Dedup(0.95),3.71,3,0.8225,0.0081
Dedup(0.95),3.72,3,0.8225,0.0081
Dedup(0.95),3.73,3,0.8225,0.0081
Dedup(0.95),3.74,3,0.8225,0.0081
Dedup(0.95),3.75,3,0.8225,0.0081
Dedup(0.95),3.76,3,0.8225,0.0081
Dedup(0.95),3.77,3,0.8225,0.0081
Dedup(0.95),3.78,3,0.8225,0.0081
Dedup(0.95),3.79,3,0.8225,0.0081
Dedup(0.95),3.8,3,0.8225,0.0081
Dedup(0.95),3.81,3,0.8225,0.0081
Dedup(0.95),3.82,3,0.8225,0.0081
Dedup(0.95),3.83,3,0.8225,0.0081
Dedup(0.95),3.84,3,0.8225,0.0081
Dedup(0.95),3.85,3,0.8225,0.0081
Dedup(0.95),3.86,3,0.8225,0.0081
Dedup(0.95),3.87,3,0.8225,0.0081
Dedup(0.95),3.88,3,0.8225,0.0081
Dedup(0.95),3.89,3,0.8225,0.0081
Dedup(0.95),3.9,3,0.8225,0.0081
Dedup(0.95),3.91,3,0.8225,0.0081
Dedup(0.95),3.92,3,0.8225,0.0081
Dedup(0.95),3.93,3,0.8225,0.0081
Dedup(0.95),3.94,3,0.8225,0.0081
Dedup(0.95),3.95,3,0.8225,0.0081
Dedup(0.95),3.96,3,0.8225,0.0081
Dedup(0.95),3.97,3,0.8225,0.0081
Dedup(0.95),3.98,3,0.8225,0.0081
Dedup(0.95),3.99,3,0.8225,0.0081
Dedup(0.95),4.0,3,0.8225,0.0081
Dedup(0.95),4.01,3,0.8225,0.0081
Dedup(0.95),4.02,3,0.8225,0.0081
Dedup(0.95),4.03,3,0.8225,0.0081
Dedup(0.95),4.04,3,0.8225,0.0081
Dedup(0.95),4.05,3,0.8225,0.0081
Dedup(0.95),4.06,3,0.8225,0.0081
Dedup(0.95),4.07,3,0.8225,0.0081
Dedup(0.95),4.08,3,0.8225,0.0081
Dedup(0.95),4.09,3,0.8225,0.0081
Dedup(0.95),4.1,3,0.8225,0.0081
Dedup(0.95),4.11,3,0.8225,0.0081
Dedup(0.95),4.12,3,0.8225,0.0081
Dedup(0.95),4.13,3,0.8225,0.0081
Dedup(0.95),4.14,3,0.8225,0.0081
Dedup(0.95),4.15,3,0.8225,0.0081
Dedup(0.95),4.16,3,0.8225,0.0081
Dedup(0.95),4.17,3,0.8225,0.0081
Dedup(0.95),4.18,3,0.8225,0.0081
Dedup(0.95),4.19,3,0.8225,0.0081
Dedup(0.95),4.2,3,0.8225,0.0081
Dedup(0.95),4.21,3,0.8225,0.0081
Dedup(0.95),4.23,3,0.8225,0.0081
Dedup(0.95),4.24,2,0.8209,0.0197
Dedup(0.95),4.25,3,0.8225,0.0081
Dedup(0.95),4.26,3,0.8225,0.0081
Dedup(0.95),4.31,2,0.8209,0.0197
Dedup(0.95),4.33,1,0.8224,0.0
Dedup(0.95),4.35,2,0.8209,0.0197
Dedup(0.95),4.36,1,0.8224,0.0
Dedup(0.95),4.37,3,0.8225,0.0081
Dedup(0.95),4.38,2,0.8241,0.0216
MMR(0.3),1.32,2,0.818,0.0152
MMR(0.3),1.33,2,0.818,0.0152
MMR(0.3),1.35,2,0.818,0.0152
MMR(0.3),1.39,2,0.8214,0.0273
MMR(0.3),1.43,3,0.8199,0.0082
MMR(0.3),1.44,2,0.8216,0.0267
MMR(0.3),1.45,3,0.8201,0.0083
MMR(0.3),1.46,2,0.8216,0.026
MMR(0.3),1.47,3,0.8202,0.0082
MMR(0.3),1.48,3,0.8203,0.0082
MMR(0.3),1.49,3,0.8203,0.0081
MMR(0.3),1.5,3,0.8204,0.0081
MMR(0.3),1.51,3,0.8205,0.0082
MMR(0.3),1.52,3,0.8206,0.0081
MMR(0.3),1.53,3,0.8207,0.0083
MMR(0.3),1.54,3,0.8207,0.0083
MMR(0.3),1.55,3,0.8208,0.0081
MMR(0.3),1.56,3,0.821,0.0081
MMR(0.3),1.57,3,0.821,0.008
MMR(0.3),1.58,3,0.8211,0.008
MMR(0.3),1.59,3,0.8212,0.0081
MMR(0.3),1.6,3,0.8212,0.0081
MMR(0.3),1.61,3,0.8213,0.0081
MMR(0.3),1.62,3,0.8215,0.0083
MMR(0.3),1.63,3,0.8215,0.0085
MMR(0.3),1.64,3,0.8217,0.0085
MMR(0.3),1.65,3,0.8218,0.0086
MMR(0.3),1.66,3,0.8219,0.0085
MMR(0.3),1.67,3,0.822,0.0085
MMR(0.3),1.68,3,0.8222,0.0087
MMR(0.3),1.69,3,0.8225,0.0083
MMR(0.3),1.7,3,0.8228,0.0087
MMR(0.3),1.71,3,0.823,0.0086
MMR(0.3),1.72,3,0.8232,0.0088
MMR(0.3),1.73,3,0.8235,0.0084
MMR(0.3),1.74,3,0.8236,0.0084
MMR(0.3),1.75,3,0.8237,0.0083
MMR(0.3),1.76,3,0.8238,0.0084
MMR(0.3),1.77,3,0.8238,0.0082
MMR(0.3),1.78,3,0.824,0.0085
MMR(0.3),1.79,3,0.8241,0.0085
MMR(0.3),1.8,3,0.8243,0.0086
MMR(0.3),1.81,3,0.8243,0.0085
MMR(0.3),1.82,3,0.8244,0.0087
MMR(0.3),1.83,3,0.8244,0.0092
MMR(0.3),1.84,3,0.8245,0.0093
MMR(0.3),1.85,3,0.8245,0.0093
MMR(0.3),1.86,3,0.8244,0.0092
MMR(0.3),1.87,3,0.8242,0.0097
MMR(0.3),1.88,3,0.8243,0.0096
MMR(0.3),1.89,3,0.8242,0.0097
MMR(0.3),1.9,3,0.824,0.0097
MMR(0.3),1.91,3,0.8241,0.0102
MMR(0.3),1.92,3,0.8242,0.0102
MMR(0.3),1.93,3,0.8244,0.0097
MMR(0.3),1.94,3,0.8245,0.0098
MMR(0.3),1.95,3,0.8246,0.0101
MMR(0.3),1.96,3,0.8245,0.0098
MMR(0.3),1.97,3,0.8246,0.0101
MMR(0.3),1.98,3,0.8246,0.0099
MMR(0.3),1.99,3,0.8245,0.0101
MMR(0.3),2.0,3,0.8245,0.0099
MMR(0.3),2.01,3,0.8245,0.0103
MMR(0.3),2.02,3,0.8244,0.0103
MMR(0.3),2.03,3,0.8245,0.0103
MMR(0.3),2.04,3,0.8242,0.0102
MMR(0.3),2.05,3,0.8241,0.01
MMR(0.3),2.06,3,0.8238,0.01
MMR(0.3),2.07,3,0.8238,0.0098
MMR(0.3),2.08,3,0.8235,0.0102
MMR(0.3),2.09,3,0.8233,0.0103
MMR(0.3),2.1,3,0.8234,0.0101
MMR(0.3),2.11,3,0.8235,0.0102
MMR(0.3),2.12,3,0.8234,0.0099
MMR(0.3),2.13,3,0.8231,0.0101
MMR(0.3),2.14,3,0.8225,0.0099
MMR(0.3),2.15,3,0.8224,0.0096
MMR(0.3),2.16,3,0.8217,0.0095
MMR(0.3),2.17,3,0.8216,0.0092
MMR(0.3),2.18,3,0.8216,0.0093
MMR(0.3),2.19,3,0.8212,0.01
MMR(0.3),2.2,3,0.821,0.0097
MMR(0.3),2.21,3,0.8207,0.01
MMR(0.3),2.22,3,0.8206,0.0096
MMR(0.3),2.23,3,0.8202,0.0104
MMR(0.3),2.24,3,0.8199,0.0101
MMR(0.3),2.25,3,0.8195,0.0097
MMR(0.3),2.26,3,0.8193,0.01
MMR(0.3),2.27,3,0.819,0.0101
MMR(0.3),2.28,3,0.8188,0.0099
MMR(0.3),2.29,3,0.8185,0.0102
MMR(0.3),2.3,3,0.8184,0.01
MMR(0.3),2.31,3,0.8178,0.0102
MMR(0.3),2.32,3,0.8175,0.011
MMR(0.3),2.33,3,0.8175,0.0115
MMR(0.3),2.34,3,0.8172,0.011
MMR(0.3),2.35,3,0.8169,0.0114
MMR(0.3),2.36,3,0.8163,0.0114
MMR(0.3),2.37,3,0.8159,0.0114
MMR(0.3),2.38,3,0.8156,0.0112
MMR(0.3),2.39,3,0.815,0.0114
MMR(0.3),2.4,3,0.8148,0.0124
MMR(0.3),2.41,3,0.814,0.0128
MMR(0.3),2.42,3,0.8139,0.0125
MMR(0.3),2.43,3,0.8134,0.0124
MMR(0.3),2.44,3,0.8128,0.0123
MMR(0.3),2.45,3,0.8124,0.0124
MMR(0.3),2.46,3,0.8118,0.0124
MMR(0.3),2.47,3,0.8111,0.0126
MMR(0.3),2.48,3,0.8108,0.0132
MMR(0.3),2.49,3,0.8103,0.0133
MMR(0.3),2.5,3,0.81,0.0127
MMR(0.3),2.51,3,0.8096,0.0129
MMR(0.3),2.52,3,0.8089,0.0129
MMR(0.3),2.53,3,0.8086,0.0136
MMR(0.3),2.54,3,0.8081,0.0142
MMR(0.3),2.55,3,0.8073,0.0139
MMR(0.3),2.56,3,0.8064,0.0136
MMR(0.3),2.57,3,0.8058,0.0139
MMR(0.3),2.58,3,0.8055,0.0139
MMR(0.3),2.59,3,0.8052,0.0139
MMR(0.3),2.6,3,0.8049,0.0132
MMR(0.3),2.61,3,0.8045,0.0138
MMR(0.3),2.62,3,0.804,0.0145
MMR(0.3),2.63,3,0.8036,0.0146
MMR(0.3),2.64,3,0.8029,0.0143
MMR(0.3),2.65,3,0.8028,0.0141
MMR(0.3),2.66,3,0.8021,0.0143
MMR(0.3),2.67,3,0.8017,0.0143
MMR(0.3),2.68,3,0.8012,0.0143
MMR(0.3),2.69,3,0.8004,0.0137
MMR(0.3),2.7,3,0.8002,0.0137
MMR(0.3),2.71,3,0.7997,0.0141
MMR(0.3),2.72,3,0.7993,0.0143
MMR(0.3),2.73,3,0.7987,0.0135
MMR(0.3),2.74,3,0.7978,0.0135
MMR(0.3),2.75,3,0.7974,0.0134
MMR(0.3),2.76,3,0.7968,0.0127
MMR(0.3),2.77,3,0.7965,0.0124
MMR(0.3),2.78,3,0.7959,0.0128
MMR(0.3),2.79,3,0.7953,0.0127
MMR(0.3),2.8,3,0.7946,0.0129
MMR(0.3),2.81,3,0.7943,0.0127
MMR(0.3),2.82,3,0.7936,0.0124
MMR(0.3),2.83,3,0.793,0.0125
MMR(0.3),2.84,3,0.7927,0.0119
MMR(0.3),2.85,3,0.7919,0.0118
MMR(0.3),2.86,3,0.7916,0.0114
MMR(0.3),2.87,3,0.7912,0.0114
MMR(0.3),2.88,3,0.7905,0.0115
MMR(0.3),2.89,3,0.79,0.0115
MMR(0.3),2.9,3,0.7895,0.0117
MMR(0.3),2.91,3,0.7891,0.0116
MMR(0.3),2.92,3,0.7886,0.0108
MMR(0.3),2.93,3,0.7883,0.0113
MMR(0.3),2.94,3,0.7877,0.0106
MMR(0.3),2.95,3,0.7871,0.0105
MMR(0.3),2.96,3,0.7867,0.0113
MMR(0.3),2.97,3,0.7861,0.0112
MMR(0.3),2.98,3,0.7851,0.0118
MMR(0.3),2.99,3,0.7845,0.0116
MMR(0.3),3.0,3,0.7842,0.0116
MMR(0.3),3.01,3,0.7838,0.0118
MMR(0.3),3.02,3,0.7832,0.0126
MMR(0.3),3.03,3,0.7828,0.0126
MMR(0.3),3.04,3,0.7821,0.0128
MMR(0.3),3.05,3,0.7815,0.0131
MMR(0.3),3.06,3,0.7809,0.0138
MMR(0.3),3.07,3,0.7803,0.014
MMR(0.3),3.08,3,0.7797,0.0145
MMR(0.3),3.09,3,0.7792,0.0147
MMR(0.3),3.1,3,0.7785,0.0144
MMR(0.3),3.11,3,0.7779,0.0145
MMR(0.3),3.12,3,0.7775,0.0146
MMR(0.3),3.13,3,0.7768,0.0148
MMR(0.3),3.14,3,0.7762,0.0151
MMR(0.3),3.15,3,0.7755,0.0148
MMR(0.3),3.16,3,0.7747,0.0146
MMR(0.3),3.17,3,0.7741,0.0138
MMR(0.3),3.18,3,0.7733,0.0135
MMR(0.3),3.19,3,0.7723,0.0136
MMR(0.3),3.2,3,0.7714,0.0134
MMR(0.3),3.21,3,0.7707,0.0132
MMR(0.3),3.22,3,0.7698,0.0132
MMR(0.3),3.23,3,0.7692,0.0134
MMR(0.3),3.24,3,0.7685,0.0134
MMR(0.3),3.25,3,0.7676,0.0124
MMR(0.3),3.26,3,0.7671,0.0122
MMR(0.3),3.27,3,0.7666,0.0123
MMR(0.3),3.28,3,0.7657,0.0117
MMR(0.3),3.29,3,0.7648,0.0115
MMR(0.3),3.3,3,0.7638,0.012
MMR(0.3),3.31,3,0.763,0.0121
MMR(0.3),3.32,3,0.7621,0.013
MMR(0.3),3.33,3,0.7615,0.0125
MMR(0.3),3.34,3,0.7607,0.0119
MMR(0.3),3.35,3,0.7599,0.0126
MMR(0.3),3.36,3,0.7588,0.0127
MMR(0.3),3.37,3,0.758,0.0122
MMR(0.3),3.38,3,0.7569,0.0118
MMR(0.3),3.39,3,0.7561,0.0114
MMR(0.3),3.4,3,0.7551,0.0111
MMR(0.3),3.41,3,0.7543,0.0108
MMR(0.3),3.42,3,0.7533,0.0102
MMR(0.3),3.43,3,0.7521,0.0099
MMR(0.3),3.44,3,0.7511,0.0108
MMR(0.3),3.45,3,0.7501,0.0105
MMR(0.3),3.46,3,0.749,0.0102
MMR(0.3),3.47,3,0.7479,0.0102
MMR(0.3),3.48,3,0.7472,0.0101
MMR(0.3),3.49,3,0.7464,0.0096
MMR(0.3),3.5,3,0.7454,0.0092
MMR(0.3),3.51,3,0.7443,0.0088
MMR(0.3),3.52,3,0.7435,0.0089
MMR(0.3),3.53,3,0.7422,0.0098
MMR(0.3),3.54,3,0.7415,0.0093
MMR(0.3),3.55,3,0.7407,0.0087
MMR(0.3),3.56,3,0.7403,0.0092
MMR(0.3),3.57,3,0.7391,0.008
MMR(0.3),3.58,3,0.7382,0.0078
MMR(0.3),3.59,3,0.7371,0.0064
MMR(0.3),3.6,3,0.7365,0.0064
MMR(0.3),3.61,3,0.7358,0.006
MMR(0.3),3.62,3,0.7348,0.0064
MMR(0.3),3.63,3,0.7328,0.0058
MMR(0.3),3.64,3,0.7315,0.005
MMR(0.3),3.65,3,0.7303,0.005
MMR(0.3),3.66,3,0.7288,0.0055
MMR(0.3),3.67,3,0.728,0.0056
MMR(0.3),3.68,3,0.7269,0.0055
MMR(0.3),3.69,3,0.7259,0.0051
MMR(0.3),3.7,3,0.7246,0.0057
MMR(0.3),3.71,3,0.7231,0.0063
MMR(0.3),3.72,3,0.7218,0.0065
MMR(0.3),3.73,3,0.7208,0.007
MMR(0.3),3.74,3,0.7196,0.007
MMR(0.3),3.75,3,0.7186,0.0069
MMR(0.3),3.76,3,0.7176,0.0066
MMR(0.3),3.77,3,0.7166,0.0064
MMR(0.3),3.78,3,0.7154,0.0055
MMR(0.3),3.79,3,0.7145,0.0053
MMR(0.3),3.8,3,0.7137,0.0042
MMR(0.3),3.81,3,0.7125,0.0048
MMR(0.3),3.82,3,0.7113,0.0052
MMR(0.3),3.83,3,0.7098,0.0044
MMR(0.3),3.84,3,0.7085,0.0043
MMR(0.3),3.85,3,0.7074,0.0042
MMR(0.3),3.86,3,0.706,0.0051
MMR(0.3),3.87,3,0.7049,0.0046
MMR(0.3),3.88,3,0.7038,0.0045
MMR(0.3),3.89,3,0.7026,0.0057
MMR(0.3),3.9,3,0.7016,0.0052
MMR(0.3),3.91,3,0.7006,0.0057
MMR(0.3),3.92,3,0.6998,0.0062
MMR(0.3),3.93,3,0.699,0.0062
MMR(0.3),3.94,3,0.6983,0.0064
MMR(0.3),3.95,3,0.6977,0.0055
MMR(0.3),3.96,3,0.6965,0.0059
MMR(0.3),3.97,3,0.696,0.0057
MMR(0.3),3.98,3,0.6955,0.0052
MMR(0.3),3.99,3,0.6947,0.0055
MMR(0.3),4.0,3,0.6943,0.0054
MMR(0.3),4.01,3,0.6939,0.0061
MMR(0.3),4.02,3,0.693,0.0062
MMR(0.3),4.03,3,0.6922,0.0066
MMR(0.3),4.04,3,0.6918,0.0062
MMR(0.3),4.05,3,0.6916,0.0064
MMR(0.3),4.06,3,0.6911,0.007
MMR(0.3),4.07,3,0.6907,0.0068
MMR(0.3),4.08,3,0.6905,0.0069
MMR(0.3),4.09,3,0.6901,0.0071
MMR(0.3),4.1,3,0.6899,0.0067
MMR(0.3),4.11,3,0.6897,0.0067
MMR(0.3),4.12,3,0.6897,0.0069
MMR(0.3),4.13,3,0.6896,0.007
MMR(0.3),4.14,3,0.6893,0.0071
MMR(0.3),4.15,3,0.6892,0.0072
MMR(0.3),4.16,3,0.6891,0.0071
MMR(0.3),4.17,3,0.6888,0.0067
MMR(0.3),4.18,3,0.6886,0.0067
MMR(0.3),4.19,3,0.6886,0.0067
MMR(0.3),4.2,3,0.6883,0.0066
MMR(0.3),4.21,3,0.6882,0.0066
MMR(0.3),4.23,3,0.6881,0.0065
MMR(0.3),4.24,2,0.6896,0.0076
MMR(0.3),4.25,3,0.6881,0.0066
MMR(0.3),4.26,3,0.6881,0.0066
MMR(0.3),4.31,2,0.6896,0.0076
MMR(0.3),4.33,1,0.689,0.0
MMR(0.3),4.35,2,0.6895,0.0064
MMR(0.3),4.36,1,0.689,0.0
MMR(0.3),4.37,3,0.688,0.0064
MMR(0.3),4.38,2,0.687,0.0248
MMR(0.5),1.32,2,0.818,0.0152
MMR(0.5),1.33,2,0.818,0.0152
MMR(0.5),1.35,2,0.818,0.0152
MMR(0.5),1.39,2,0.8214,0.0273
MMR(0.5),1.43,3,0.8199,0.0082
MMR(0.5),1.44,2,0.8216,0.0267
MMR(0.5),1.45,3,0.8202,0.0082
MMR(0.5),1.46,2,0.8216,0.026
MMR(0.5),1.47,3,0.8202,0.0081
MMR(0.5),1.48,3,0.8203,0.0081
MMR(0.5),1.49,3,0.8204,0.0081
MMR(0.5),1.5,3,0.8205,0.0081
MMR(0.5),1.51,3,0.8206,0.0081
MMR(0.5),1.52,3,0.8208,0.0081
MMR(0.5),1.53,3,0.8209,0.0081
MMR(0.5),1.54,3,0.821,0.0082
MMR(0.5),1.55,3,0.8211,0.008
MMR(0.5),1.56,3,0.8212,0.008
MMR(0.5),1.57,3,0.8214,0.0077
MMR(0.5),1.58,3,0.8215,0.0077
MMR(0.5),1.59,3,0.8216,0.0079
MMR(0.5),1.6,3,0.8216,0.008
MMR(0.5),1.61,3,0.8218,0.0078
MMR(0.5),1.62,3,0.822,0.0082
MMR(0.5),1.63,3,0.8221,0.0083
MMR(0.5),1.64,3,0.8222,0.0086
MMR(0.5),1.65,3,0.8224,0.0087
MMR(0.5),1.66,3,0.8225,0.0086
MMR(0.5),1.67,3,0.8227,0.0088
MMR(0.5),1.68,3,0.8229,0.0089
MMR(0.5),1.69,3,0.8233,0.0087
MMR(0.5),1.7,3,0.8236,0.0089
MMR(0.5),1.71,3,0.8239,0.0084
MMR(0.5),1.72,3,0.8243,0.0088
MMR(0.5),1.73,3,0.8246,0.0084
MMR(0.5),1.74,3,0.8248,0.0083
MMR(0.5),1.75,3,0.825,0.0084
MMR(0.5),1.76,3,0.8251,0.0086
MMR(0.5),1.77,3,0.8252,0.0085
MMR(0.5),1.78,3,0.8254,0.0087
MMR(0.5),1.79,3,0.8256,0.0084
MMR(0.5),1.8,3,0.8258,0.0087
MMR(0.5),1.81,3,0.8258,0.0086
MMR(0.5),1.82,3,0.826,0.0088
MMR(0.5),1.83,3,0.8263,0.0093
MMR(0.5),1.84,3,0.8265,0.0094
MMR(0.5),1.85,3,0.8266,0.0092
MMR(0.5),1.86,3,0.8268,0.0091
MMR(0.5),1.87,3,0.8268,0.0097
MMR(0.5),1.88,3,0.827,0.0092
MMR(0.5),1.89,3,0.8271,0.0092
MMR(0.5),1.9,3,0.8271,0.0091
MMR(0.5),1.91,3,0.8272,0.0095
MMR(0.5),1.92,3,0.8274,0.0096
MMR(0.5),1.93,3,0.8277,0.009
MMR(0.5),1.94,3,0.8279,0.0091
MMR(0.5),1.95,3,0.828,0.0096
MMR(0.5),1.96,3,0.828,0.0092
MMR(0.5),1.97,3,0.8282,0.0094
MMR(0.5),1.98,3,0.8284,0.0096
MMR(0.5),1.99,3,0.8286,0.0094
MMR(0.5),2.0,3,0.8287,0.0092
MMR(0.5),2.01,3,0.8288,0.0094
MMR(0.5),2.02,3,0.8289,0.0097
MMR(0.5),2.03,3,0.8291,0.0103
MMR(0.5),2.04,3,0.829,0.0102
MMR(0.5),2.05,3,0.8291,0.01
MMR(0.5),2.06,3,0.829,0.0102
MMR(0.5),2.07,3,0.8289,0.0099
MMR(0.5),2.08,3,0.8288,0.0102
MMR(0.5),2.09,3,0.8288,0.0106
MMR(0.5),2.1,3,0.829,0.0101
MMR(0.5),2.11,3,0.8293,0.0104
MMR(0.5),2.12,3,0.8293,0.0101
MMR(0.5),2.13,3,0.8292,0.0104
MMR(0.5),2.14,3,0.8291,0.0103
MMR(0.5),2.15,3,0.8291,0.0097
MMR(0.5),2.16,3,0.8288,0.0101
MMR(0.5),2.17,3,0.8289,0.0097
MMR(0.5),2.18,3,0.829,0.0102
MMR(0.5),2.19,3,0.8291,0.0102
MMR(0.5),2.2,3,0.829,0.0102
MMR(0.5),2.21,3,0.829,0.0104
MMR(0.5),2.22,3,0.8292,0.01
MMR(0.5),2.23,3,0.8291,0.0105
MMR(0.5),2.24,3,0.829,0.0102
MMR(0.5),2.25,3,0.8286,0.0098
MMR(0.5),2.26,3,0.8286,0.0101
MMR(0.5),2.27,3,0.8287,0.0098
MMR(0.5),2.28,3,0.8286,0.0095
MMR(0.5),2.29,3,0.8287,0.0098
MMR(0.5),2.3,3,0.8286,0.0099
MMR(0.5),2.31,3,0.8284,0.0102
MMR(0.5),2.32,3,0.8282,0.0103
MMR(0.5),2.33,3,0.8283,0.0107
MMR(0.5),2.34,3,0.8283,0.0104
MMR(0.5),2.35,3,0.8283,0.0107
MMR(0.5),2.36,3,0.828,0.0101
MMR(0.5),2.37,3,0.8279,0.0096
MMR(0.5),2.38,3,0.8278,0.0097
MMR(0.5),2.39,3,0.8275,0.0097
MMR(0.5),2.4,3,0.8274,0.0103
MMR(0.5),2.41,3,0.8269,0.0112
MMR(0.5),2.42,3,0.8269,0.0109
MMR(0.5),2.43,3,0.8268,0.011
MMR(0.5),2.44,3,0.8265,0.011
MMR(0.5),2.45,3,0.8262,0.0114
MMR(0.5),2.46,3,0.8259,0.0117
MMR(0.5),2.47,3,0.8255,0.0116
MMR(0.5),2.48,3,0.8253,0.012
MMR(0.5),2.49,3,0.825,0.0115
MMR(0.5),2.5,3,0.8249,0.0112
MMR(0.5),2.51,3,0.8246,0.0112
MMR(0.5),2.52,3,0.824,0.011
MMR(0.5),2.53,3,0.8239,0.0114
MMR(0.5),2.54,3,0.8238,0.0115
MMR(0.5),2.55,3,0.8233,0.0115
MMR(0.5),2.56,3,0.8227,0.0111
MMR(0.5),2.57,3,0.8223,0.0113
MMR(0.5),2.58,3,0.8222,0.0113
MMR(0.5),2.59,3,0.8221,0.0114
MMR(0.5),2.6,3,0.8221,0.0108
MMR(0.5),2.61,3,0.8219,0.0113
MMR(0.5),2.62,3,0.8216,0.0119
MMR(0.5),2.63,3,0.8215,0.0119
MMR(0.5),2.64,3,0.8211,0.0121
MMR(0.5),2.65,3,0.8212,0.0116
MMR(0.5),2.66,3,0.8209,0.0118
MMR(0.5),2.67,3,0.8208,0.0118
MMR(0.5),2.68,3,0.8204,0.0119
MMR(0.5),2.69,3,0.8201,0.0117
MMR(0.5),2.7,3,0.8199,0.0117
MMR(0.5),2.71,3,0.8196,0.0118
MMR(0.5),2.72,3,0.8195,0.0121
MMR(0.5),2.73,3,0.8192,0.0112
MMR(0.5),2.74,3,0.8186,0.0114
MMR(0.5),2.75,3,0.8185,0.0109
MMR(0.5),2.76,3,0.8182,0.0106
MMR(0.5),2.77,3,0.8181,0.0104
MMR(0.5),2.78,3,0.8178,0.0105
MMR(0.5),2.79,3,0.8171,0.0104
MMR(0.5),2.8,3,0.8169,0.0104
MMR(0.5),2.81,3,0.8167,0.0102
MMR(0.5),2.82,3,0.8162,0.0098
MMR(0.5),2.83,3,0.816,0.01
MMR(0.5),2.84,3,0.8158,0.0094
MMR(0.5),2.85,3,0.8153,0.0095
MMR(0.5),2.86,3,0.8151,0.009
MMR(0.5),2.87,3,0.815,0.009
MMR(0.5),2.88,3,0.8147,0.009
MMR(0.5),2.89,3,0.8145,0.0092
MMR(0.5),2.9,3,0.8142,0.0093
MMR(0.5),2.91,3,0.8141,0.0091
MMR(0.5),2.92,3,0.814,0.0087
MMR(0.5),2.93,3,0.8139,0.0089
MMR(0.5),2.94,3,0.8136,0.0084
MMR(0.5),2.95,3,0.8134,0.0084
MMR(0.5),2.96,3,0.813,0.009
MMR(0.5),2.97,3,0.8127,0.0086
MMR(0.5),2.98,3,0.8121,0.0091
MMR(0.5),2.99,3,0.8117,0.0089
MMR(0.5),3.0,3,0.8114,0.0088
MMR(0.5),3.01,3,0.8112,0.009
MMR(0.5),3.02,3,0.8108,0.0096
MMR(0.5),3.03,3,0.8107,0.0095
MMR(0.5),3.04,3,0.8102,0.01
MMR(0.5),3.05,3,0.8098,0.01
MMR(0.5),3.06,3,0.8093,0.0103
MMR(0.5),3.07,3,0.8089,0.0109
MMR(0.5),3.08,3,0.8087,0.0109
MMR(0.5),3.09,3,0.8085,0.0109
MMR(0.5),3.1,3,0.8081,0.0111
MMR(0.5),3.11,3,0.8079,0.0113
MMR(0.5),3.12,3,0.8076,0.0112
MMR(0.5),3.13,3,0.8073,0.0113
MMR(0.5),3.14,3,0.8069,0.0117
MMR(0.5),3.15,3,0.8066,0.011
MMR(0.5),3.16,3,0.8062,0.0109
MMR(0.5),3.17,3,0.8059,0.0102
MMR(0.5),3.18,3,0.8055,0.0097
MMR(0.5),3.19,3,0.8049,0.0096
MMR(0.5),3.2,3,0.8042,0.0095
MMR(0.5),3.21,3,0.8038,0.0095
MMR(0.5),3.22,3,0.8032,0.0093
MMR(0.5),3.23,3,0.803,0.0093
MMR(0.5),3.24,3,0.8023,0.0095
MMR(0.5),3.25,3,0.8019,0.0088
MMR(0.5),3.26,3,0.8016,0.0087
MMR(0.5),3.27,3,0.8013,0.0087
MMR(0.5),3.28,3,0.8007,0.0084
MMR(0.5),3.29,3,0.8001,0.0081
MMR(0.5),3.3,3,0.7996,0.0075
MMR(0.5),3.31,3,0.799,0.0075
MMR(0.5),3.32,3,0.7984,0.0079
MMR(0.5),3.33,3,0.7981,0.0077
MMR(0.5),3.34,3,0.7976,0.0072
MMR(0.5),3.35,3,0.7971,0.0074
MMR(0.5),3.36,3,0.7964,0.0077
MMR(0.5),3.37,3,0.7958,0.0072
MMR(0.5),3.38,3,0.795,0.0067
MMR(0.5),3.39,3,0.7945,0.0065
MMR(0.5),3.4,3,0.7939,0.0061
MMR(0.5),3.41,3,0.7933,0.0056
MMR(0.5),3.42,3,0.7925,0.0051
MMR(0.5),3.43,3,0.7917,0.0053
MMR(0.5),3.44,3,0.7912,0.0057
MMR(0.5),3.45,3,0.7904,0.0053
MMR(0.5),3.46,3,0.7896,0.0054
MMR(0.5),3.47,3,0.7889,0.0051
MMR(0.5),3.48,3,0.7884,0.0048
MMR(0.5),3.49,3,0.7879,0.0042
MMR(0.5),3.5,3,0.7871,0.004
MMR(0.5),3.51,3,0.7863,0.0044
MMR(0.5),3.52,3,0.7857,0.0049
MMR(0.5),3.53,3,0.785,0.0046
MMR(0.5),3.54,3,0.7846,0.0048
MMR(0.5),3.55,3,0.7841,0.0046
MMR(0.5),3.56,3,0.7839,0.0054
MMR(0.5),3.57,3,0.7832,0.0045
MMR(0.5),3.58,3,0.7827,0.0046
MMR(0.5),3.59,3,0.7819,0.0043
MMR(0.5),3.6,3,0.7815,0.0041
MMR(0.5),3.61,3,0.781,0.004
MMR(0.5),3.62,3,0.7804,0.0051
MMR(0.5),3.63,3,0.7789,0.0042
MMR(0.5),3.64,3,0.7779,0.0043
MMR(0.5),3.65,3,0.777,0.0041
MMR(0.5),3.66,3,0.7759,0.0032
MMR(0.5),3.67,3,0.7752,0.0028
MMR(0.5),3.68,3,0.7744,0.0025
MMR(0.5),3.69,3,0.7739,0.0028
MMR(0.5),3.7,3,0.7732,0.0031
MMR(0.5),3.71,3,0.772,0.0025
MMR(0.5),3.72,3,0.771,0.0026
MMR(0.5),3.73,3,0.7702,0.0023
MMR(0.5),3.74,3,0.7692,0.0027
MMR(0.5),3.75,3,0.7685,0.0034
MMR(0.5),3.76,3,0.7676,0.0039
MMR(0.5),3.77,3,0.7671,0.0044
MMR(0.5),3.78,3,0.7662,0.0046
MMR(0.5),3.79,3,0.7655,0.0049
MMR(0.5),3.8,3,0.7648,0.006
MMR(0.5),3.81,3,0.7639,0.0053
MMR(0.5),3.82,3,0.7631,0.0052
MMR(0.5),3.83,3,0.762,0.0056
MMR(0.5),3.84,3,0.7612,0.0055
MMR(0.5),3.85,3,0.7606,0.0049
MMR(0.5),3.86,3,0.7599,0.0052
MMR(0.5),3.87,3,0.759,0.0057
MMR(0.5),3.88,3,0.7584,0.0062
MMR(0.5),3.89,3,0.7577,0.0053
MMR(0.5),3.9,3,0.757,0.0052
MMR(0.5),3.91,3,0.7565,0.0055
MMR(0.5),3.92,3,0.7558,0.0061
MMR(0.5),3.93,3,0.7553,0.0059
MMR(0.5),3.94,3,0.7549,0.0052
MMR(0.5),3.95,3,0.7544,0.0061
MMR(0.5),3.96,3,0.7538,0.0051
MMR(0.5),3.97,3,0.7533,0.0052
MMR(0.5),3.98,3,0.7531,0.0056
MMR(0.5),3.99,3,0.7528,0.0059
MMR(0.5),4.0,3,0.7526,0.006
MMR(0.5),4.01,3,0.7523,0.0059
MMR(0.5),4.02,3,0.7517,0.0069
MMR(0.5),4.03,3,0.7511,0.0071
MMR(0.5),4.04,3,0.7508,0.0073
MMR(0.5),4.05,3,0.7507,0.0076
MMR(0.5),4.06,3,0.7505,0.0077
MMR(0.5),4.07,3,0.7504,0.0074
MMR(0.5),4.08,3,0.7503,0.0076
MMR(0.5),4.09,3,0.7501,0.0076
MMR(0.5),4.1,3,0.75,0.0076
MMR(0.5),4.11,3,0.75,0.0076
MMR(0.5),4.12,3,0.75,0.0076
MMR(0.5),4.13,3,0.7499,0.0078
MMR(0.5),4.14,3,0.7497,0.0075
MMR(0.5),4.15,3,0.7497,0.0074
MMR(0.5),4.16,3,0.7496,0.0072
MMR(0.5),4.17,3,0.7494,0.0067
MMR(0.5),4.18,3,0.7493,0.007
MMR(0.5),4.19,3,0.7493,0.007
MMR(0.5),4.2,3,0.749,0.0068
MMR(0.5),4.21,3,0.749,0.0067
MMR(0.5),4.23,3,0.7489,0.0066
MMR(0.5),4.24,2,0.7484,0.0311
MMR(0.5),4.25,3,0.7489,0.0065
MMR(0.5),4.26,3,0.7489,0.0065
MMR(0.5),4.31,2,0.7484,0.0311
MMR(0.5),4.33,1,0.7459,0.0
MMR(0.5),4.35,2,0.7484,0.0311
MMR(0.5),4.36,1,0.7459,0.0
MMR(0.5),4.37,3,0.7489,0.0065
MMR(0.5),4.38,2,0.748,0.026
MMR(0.7),1.32,2,0.818,0.0152
MMR(0.7),1.33,2,0.818,0.0152
MMR(0.7),1.35,2,0.818,0.0146
MMR(0.7),1.39,2,0.8214,0.0273
MMR(0.7),1.43,3,0.8199,0.0082
MMR(0.7),1.44,2,0.8216,0.026
MMR(0.7),1.45,3,0.8201,0.0082
MMR(0.7),1.46,2,0.8216,0.026
MMR(0.7),1.47,3,0.8201,0.0083
MMR(0.7),1.48,3,0.8203,0.008
MMR(0.7),1.49,3,0.8204,0.0081
MMR(0.7),1.5,3,0.8205,0.0081
MMR(0.7),1.51,3,0.8206,0.0081
MMR(0.7),1.52,3,0.8207,0.0081
MMR(0.7),1.53,3,0.8208,0.0082
MMR(0.7),1.54,3,0.8209,0.008
MMR(0.7),1.55,3,0.821,0.0081
MMR(0.7),1.56,3,0.8211,0.008
MMR(0.7),1.57,3,0.8212,0.0079
MMR(0.7),1.58,3,0.8213,0.0079
MMR(0.7),1.59,3,0.8214,0.008
MMR(0.7),1.6,3,0.8214,0.0079
MMR(0.7),1.61,3,0.8216,0.0078
MMR(0.7),1.62,3,0.8218,0.008
MMR(0.7),1.63,3,0.822,0.0078
MMR(0.7),1.64,3,0.8221,0.0078
MMR(0.7),1.65,3,0.8222,0.0081
MMR(0.7),1.66,3,0.8223,0.0079
MMR(0.7),1.67,3,0.8225,0.0081
MMR(0.7),1.68,3,0.8228,0.0083
MMR(0.7),1.69,3,0.8231,0.008
MMR(0.7),1.7,3,0.8234,0.0081
MMR(0.7),1.71,3,0.8238,0.0078
MMR(0.7),1.72,3,0.8241,0.0081
MMR(0.7),1.73,3,0.8245,0.0077
MMR(0.7),1.74,3,0.8247,0.0078
MMR(0.7),1.75,3,0.8249,0.0078
MMR(0.7),1.76,3,0.825,0.008
MMR(0.7),1.77,3,0.8253,0.0078
MMR(0.7),1.78,3,0.8255,0.0078
MMR(0.7),1.79,3,0.8256,0.0077
MMR(0.7),1.8,3,0.8259,0.0078
MMR(0.7),1.81,3,0.826,0.0078
MMR(0.7),1.82,3,0.8262,0.0077
MMR(0.7),1.83,3,0.8264,0.0079
MMR(0.7),1.84,3,0.8267,0.0078
MMR(0.7),1.85,3,0.827,0.0078
MMR(0.7),1.86,3,0.8271,0.0077
MMR(0.7),1.87,3,0.8273,0.008
MMR(0.7),1.88,3,0.8275,0.0077
MMR(0.7),1.89,3,0.8277,0.0076
MMR(0.7),1.9,3,0.8279,0.0074
MMR(0.7),1.91,3,0.8281,0.0077
MMR(0.7),1.92,3,0.8283,0.0077
MMR(0.7),1.93,3,0.8286,0.0077
MMR(0.7),1.94,3,0.8287,0.0077
MMR(0.7),1.95,3,0.829,0.0082
MMR(0.7),1.96,3,0.8293,0.0082
MMR(0.7),1.97,3,0.8296,0.0086
MMR(0.7),1.98,3,0.8298,0.0088
MMR(0.7),1.99,3,0.8299,0.009
MMR(0.7),2.0,3,0.8302,0.009
MMR(0.7),2.01,3,0.8304,0.009
MMR(0.7),2.02,3,0.8307,0.0092
MMR(0.7),2.03,3,0.8309,0.0095
MMR(0.7),2.04,3,0.831,0.0097
MMR(0.7),2.05,3,0.8311,0.0096
MMR(0.7),2.06,3,0.8313,0.0097
MMR(0.7),2.07,3,0.8314,0.01
MMR(0.7),2.08,3,0.8315,0.01
MMR(0.7),2.09,3,0.8316,0.0099
MMR(0.7),2.1,3,0.8319,0.0095
MMR(0.7),2.11,3,0.8321,0.0098
MMR(0.7),2.12,3,0.8323,0.0097
MMR(0.7),2.13,3,0.8325,0.01
MMR(0.7),2.14,3,0.8326,0.0099
MMR(0.7),2.15,3,0.8327,0.01
MMR(0.7),2.16,3,0.8327,0.0098
MMR(0.7),2.17,3,0.8327,0.0094
MMR(0.7),2.18,3,0.833,0.0094
MMR(0.7),2.19,3,0.8331,0.0095
MMR(0.7),2.2,3,0.8333,0.0095
MMR(0.7),2.21,3,0.8334,0.0096
MMR(0.7),2.22,3,0.8337,0.0094
MMR(0.7),2.23,3,0.8338,0.0097
MMR(0.7),2.24,3,0.834,0.0097
MMR(0.7),2.25,3,0.834,0.0097
MMR(0.7),2.26,3,0.8342,0.0096
MMR(0.7),2.27,3,0.8343,0.0092
MMR(0.7),2.28,3,0.8346,0.0089
MMR(0.7),2.29,3,0.8348,0.0092
MMR(0.7),2.3,3,0.8349,0.0091
MMR(0.7),2.31,3,0.8349,0.009
MMR(0.7),2.32,3,0.8348,0.0096
MMR(0.7),2.33,3,0.8352,0.0099
MMR(0.7),2.34,3,0.8353,0.0099
MMR(0.7),2.35,3,0.8355,0.0099
MMR(0.7),2.36,3,0.8356,0.0099
MMR(0.7),2.37,3,0.8355,0.0097
MMR(0.7),2.38,3,0.8356,0.0097
MMR(0.7),2.39,3,0.8357,0.0095
MMR(0.7),2.4,3,0.8358,0.0096
MMR(0.7),2.41,3,0.8358,0.0095
MMR(0.7),2.42,3,0.836,0.0095
MMR(0.7),2.43,3,0.8361,0.0097
MMR(0.7),2.44,3,0.8359,0.0097
MMR(0.7),2.45,3,0.8359,0.0098
MMR(0.7),2.46,3,0.836,0.0101
MMR(0.7),2.47,3,0.836,0.0102
MMR(0.7),2.48,3,0.8359,0.01
MMR(0.7),2.49,3,0.8359,0.0097
MMR(0.7),2.5,3,0.8362,0.0095
MMR(0.7),2.51,3,0.8362,0.0099
MMR(0.7),2.52,3,0.8363,0.0101
MMR(0.7),2.53,3,0.8364,0.0103
MMR(0.7),2.54,3,0.8364,0.0102
MMR(0.7),2.55,3,0.8364,0.0101
MMR(0.7),2.56,3,0.8362,0.0093
MMR(0.7),2.57,3,0.8362,0.0093
MMR(0.7),2.58,3,0.8362,0.009
MMR(0.7),2.59,3,0.8362,0.0093
MMR(0.7),2.6,3,0.8362,0.0092
MMR(0.7),2.61,3,0.8363,0.0095
MMR(0.7),2.62,3,0.8364,0.0098
MMR(0.7),2.63,3,0.8364,0.0099
MMR(0.7),2.64,3,0.8365,0.0096
MMR(0.7),2.65,3,0.8366,0.0095
MMR(0.7),2.66,3,0.8364,0.0098
MMR(0.7),2.67,3,0.8364,0.0099
MMR(0.7),2.68,3,0.8364,0.0098
MMR(0.7),2.69,3,0.8363,0.0097
MMR(0.7),2.7,3,0.8364,0.0095
MMR(0.7),2.71,3,0.8363,0.0098
MMR(0.7),2.72,3,0.8364,0.0096
MMR(0.7),2.73,3,0.8363,0.0088
MMR(0.7),2.74,3,0.8361,0.009
MMR(0.7),2.75,3,0.8361,0.009
MMR(0.7),2.76,3,0.8361,0.009
MMR(0.7),2.77,3,0.8361,0.0091
MMR(0.7),2.78,3,0.8361,0.0092
MMR(0.7),2.79,3,0.836,0.0092
MMR(0.7),2.8,3,0.836,0.0092
MMR(0.7),2.81,3,0.836,0.0091
MMR(0.7),2.82,3,0.8358,0.009
MMR(0.7),2.83,3,0.8359,0.009
MMR(0.7),2.84,3,0.8359,0.0089
MMR(0.7),2.85,3,0.8358,0.0087
MMR(0.7),2.86,3,0.8358,0.0085
MMR(0.7),2.87,3,0.8359,0.0084
MMR(0.7),2.88,3,0.8358,0.0084
MMR(0.7),2.89,3,0.8357,0.0085
MMR(0.7),2.9,3,0.8357,0.0084
MMR(0.7),2.91,3,0.8356,0.0081
MMR(0.7),2.92,3,0.8357,0.0082
MMR(0.7),2.93,3,0.8358,0.0083
MMR(0.7),2.94,3,0.8359,0.008
MMR(0.7),2.95,3,0.8359,0.008
MMR(0.7),2.96,3,0.8358,0.0081
MMR(0.7),2.97,3,0.8357,0.0076
MMR(0.7),2.98,3,0.8356,0.0077
MMR(0.7),2.99,3,0.8354,0.0073
MMR(0.7),3.0,3,0.8354,0.0073
MMR(0.7),3.01,3,0.8354,0.0073
MMR(0.7),3.02,3,0.8353,0.0078
MMR(0.7),3.03,3,0.8353,0.0078
MMR(0.7),3.04,3,0.8353,0.0075
MMR(0.7),3.05,3,0.8352,0.0075
MMR(0.7),3.06,3,0.8351,0.0073
MMR(0.7),3.07,3,0.8351,0.0077
MMR(0.7),3.08,3,0.8351,0.008
MMR(0.7),3.09,3,0.8351,0.0075
MMR(0.7),3.1,3,0.8349,0.0078
MMR(0.7),3.11,3,0.8351,0.0077
MMR(0.7),3.12,3,0.8351,0.0077
MMR(0.7),3.13,3,0.835,0.0076
MMR(0.7),3.14,3,0.8349,0.0077
MMR(0.7),3.15,3,0.8347,0.0073
MMR(0.7),3.16,3,0.8345,0.0075
MMR(0.7),3.17,3,0.8345,0.0071
MMR(0.7),3.18,3,0.8344,0.007
MMR(0.7),3.19,3,0.8343,0.0068
MMR(0.7),3.2,3,0.834,0.0069
MMR(0.7),3.21,3,0.8338,0.0067
MMR(0.7),3.22,3,0.8335,0.007
MMR(0.7),3.23,3,0.8334,0.0068
MMR(0.7),3.24,3,0.8333,0.0069
MMR(0.7),3.25,3,0.8332,0.0065
MMR(0.7),3.26,3,0.8331,0.0063
MMR(0.7),3.27,3,0.833,0.006
MMR(0.7),3.28,3,0.8329,0.0059
MMR(0.7),3.29,3,0.8327,0.0055
MMR(0.7),3.3,3,0.8326,0.0052
MMR(0.7),3.31,3,0.8324,0.0052
MMR(0.7),3.32,3,0.8322,0.0053
MMR(0.7),3.33,3,0.8321,0.0052
MMR(0.7),3.34,3,0.8319,0.0051
MMR(0.7),3.35,3,0.8317,0.0057
MMR(0.7),3.36,3,0.8316,0.0058
MMR(0.7),3.37,3,0.8315,0.0059
MMR(0.7),3.38,3,0.8312,0.0059
MMR(0.7),3.39,3,0.8311,0.0059
MMR(0.7),3.4,3,0.8309,0.006
MMR(0.7),3.41,3,0.8309,0.0057
MMR(0.7),3.42,3,0.8306,0.0055
MMR(0.7),3.43,3,0.8304,0.0058
MMR(0.7),3.44,3,0.8303,0.0061
MMR(0.7),3.45,3,0.8302,0.006
MMR(0.7),3.46,3,0.83,0.0061
MMR(0.7),3.47,3,0.8298,0.0058
MMR(0.7),3.48,3,0.8296,0.0058
MMR(0.7),3.49,3,0.8294,0.0055
MMR(0.7),3.5,3,0.8291,0.0054
MMR(0.7),3.51,3,0.8288,0.0055
MMR(0.7),3.52,3,0.8286,0.0057
MMR(0.7),3.53,3,0.8286,0.006
MMR(0.7),3.54,3,0.8284,0.0061
MMR(0.7),3.55,3,0.8282,0.006
MMR(0.7),3.56,3,0.828,0.0064
MMR(0.7),3.57,3,0.8278,0.006
MMR(0.7),3.58,3,0.8276,0.0058
MMR(0.7),3.59,3,0.8273,0.0058
MMR(0.7),3.6,3,0.8272,0.0061
MMR(0.7),3.61,3,0.827,0.0059
MMR(0.7),3.62,3,0.8266,0.006
MMR(0.7),3.63,3,0.8263,0.006
MMR(0.7),3.64,3,0.8259,0.0056
MMR(0.7),3.65,3,0.8254,0.0054
MMR(0.7),3.66,3,0.8249,0.0052
MMR(0.7),3.67,3,0.8246,0.0047
MMR(0.7),3.68,3,0.8242,0.0045
MMR(0.7),3.69,3,0.8241,0.0047
MMR(0.7),3.7,3,0.824,0.0048
MMR(0.7),3.71,3,0.8237,0.0045
MMR(0.7),3.72,3,0.8233,0.0048
MMR(0.7),3.73,3,0.823,0.005
MMR(0.7),3.74,3,0.8226,0.0051
MMR(0.7),3.75,3,0.8222,0.0052
MMR(0.7),3.76,3,0.8218,0.0051
MMR(0.7),3.77,3,0.8216,0.0053
MMR(0.7),3.78,3,0.8212,0.0053
MMR(0.7),3.79,3,0.8209,0.0051
MMR(0.7),3.8,3,0.8204,0.0056
MMR(0.7),3.81,3,0.8201,0.005
MMR(0.7),3.82,3,0.8197,0.0052
MMR(0.7),3.83,3,0.8193,0.0052
MMR(0.7),3.84,3,0.819,0.0049
MMR(0.7),3.85,3,0.8188,0.0047
MMR(0.7),3.86,3,0.8186,0.0043
MMR(0.7),3.87,3,0.8184,0.0045
MMR(0.7),3.88,3,0.8182,0.0045
MMR(0.7),3.89,3,0.818,0.0044
MMR(0.7),3.9,3,0.8177,0.0045
MMR(0.7),3.91,3,0.8175,0.0046
MMR(0.7),3.92,3,0.8171,0.0046
MMR(0.7),3.93,3,0.8168,0.0043
MMR(0.7),3.94,3,0.8169,0.004
MMR(0.7),3.95,3,0.8167,0.0041
MMR(0.7),3.96,3,0.8165,0.0041
MMR(0.7),3.97,3,0.8161,0.0045
MMR(0.7),3.98,3,0.816,0.0045
MMR(0.7),3.99,3,0.816,0.0046
MMR(0.7),4.0,3,0.8159,0.0048
MMR(0.7),4.01,3,0.8158,0.0049
MMR(0.7),4.02,3,0.8156,0.0049
MMR(0.7),4.03,3,0.8155,0.0049
MMR(0.7),4.04,3,0.8154,0.005
MMR(0.7),4.05,3,0.8154,0.005
MMR(0.7),4.06,3,0.8153,0.0051
MMR(0.7),4.07,3,0.8153,0.0051
MMR(0.7),4.08,3,0.8153,0.005
MMR(0.7),4.09,3,0.8153,0.005
MMR(0.7),4.1,3,0.8153,0.0051
MMR(0.7),4.11,3,0.8153,0.0051
MMR(0.7),4.12,3,0.8153,0.0051
MMR(0.7),4.13,3,0.8152,0.0052
MMR(0.7),4.14,3,0.8152,0.0052
MMR(0.7),4.15,3,0.8152,0.0052
MMR(0.7),4.16,3,0.8151,0.0053
MMR(0.7),4.17,3,0.815,0.0052
MMR(0.7),4.18,3,0.815,0.0052
MMR(0.7),4.19,3,0.815,0.0052
MMR(0.7),4.2,3,0.8149,0.0054
MMR(0.7),4.21,3,0.8149,0.0054
MMR(0.7),4.23,3,0.8149,0.0054
MMR(0.7),4.24,2,0.8136,0.0006
MMR(0.7),4.25,3,0.8149,0.0054
MMR(0.7),4.26,3,0.8149,0.0054
MMR(0.7),4.31,2,0.8136,0.0006
MMR(0.7),4.33,1,0.8137,0.0
MMR(0.7),4.35,2,0.8136,0.0006
MMR(0.7),4.36,1,0.8137,0.0
MMR(0.7),4.37,3,0.8149,0.0054
MMR(0.7),4.38,2,0.8155,0.0235
MMR(0.9),1.32,2,0.818,0.0152
MMR(0.9),1.33,2,0.818,0.0152
MMR(0.9),1.35,2,0.818,0.0152
MMR(0.9),1.39,2,0.8214,0.0273
MMR(0.9),1.43,3,0.8199,0.0083
MMR(0.9),1.44,2,0.8215,0.0254
MMR(0.9),1.45,3,0.82,0.0083
MMR(0.9),1.46,2,0.8216,0.026
MMR(0.9),1.47,3,0.82,0.0084
MMR(0.9),1.48,3,0.82,0.0084
MMR(0.9),1.49,3,0.8201,0.0084
MMR(0.9),1.5,3,0.8201,0.0082
MMR(0.9),1.51,3,0.8201,0.0082
MMR(0.9),1.52,3,0.8201,0.0084
MMR(0.9),1.53,3,0.8202,0.0084
MMR(0.9),1.54,3,0.8202,0.0083
MMR(0.9),1.55,3,0.8203,0.0083
MMR(0.9),1.56,3,0.8203,0.0083
MMR(0.9),1.57,3,0.8203,0.0081
MMR(0.9),1.58,3,0.8204,0.0082
MMR(0.9),1.59,3,0.8204,0.0081
MMR(0.9),1.6,3,0.8204,0.0081
MMR(0.9),1.61,3,0.8205,0.008
MMR(0.9),1.62,3,0.8207,0.0082
MMR(0.9),1.63,3,0.8208,0.0083
MMR(0.9),1.64,3,0.8208,0.0082
MMR(0.9),1.65,3,0.8208,0.0084
MMR(0.9),1.66,3,0.8209,0.0083
MMR(0.9),1.67,3,0.821,0.0083
MMR(0.9),1.68,3,0.8211,0.0084
MMR(0.9),1.69,3,0.8212,0.0084
MMR(0.9),1.7,3,0.8214,0.0083
MMR(0.9),1.71,3,0.8216,0.008
MMR(0.9),1.72,3,0.8217,0.0081
MMR(0.9),1.73,3,0.8219,0.0077
MMR(0.9),1.74,3,0.822,0.0079
MMR(0.9),1.75,3,0.8221,0.0077
MMR(0.9),1.76,3,0.8222,0.0077
MMR(0.9),1.77,3,0.8223,0.0077
MMR(0.9),1.78,3,0.8224,0.0077
MMR(0.9),1.79,3,0.8226,0.0077
MMR(0.9),1.8,3,0.8227,0.0079
MMR(0.9),1.81,3,0.8227,0.0077
MMR(0.9),1.82,3,0.8228,0.0077
MMR(0.9),1.83,3,0.8229,0.0078
MMR(0.9),1.84,3,0.8231,0.0077
MMR(0.9),1.85,3,0.8231,0.0076
MMR(0.9),1.86,3,0.8231,0.0076
MMR(0.9),1.87,3,0.8232,0.0077
MMR(0.9),1.88,3,0.8234,0.0075
MMR(0.9),1.89,3,0.8235,0.0075
MMR(0.9),1.9,3,0.8236,0.0073
MMR(0.9),1.91,3,0.8237,0.0074
MMR(0.9),1.92,3,0.8238,0.0074
MMR(0.9),1.93,3,0.824,0.0074
MMR(0.9),1.94,3,0.824,0.0074
MMR(0.9),1.95,3,0.8241,0.0077
MMR(0.9),1.96,3,0.8243,0.0076
MMR(0.9),1.97,3,0.8244,0.0078
MMR(0.9),1.98,3,0.8245,0.0078
MMR(0.9),1.99,3,0.8245,0.008
MMR(0.9),2.0,3,0.8247,0.008
MMR(0.9),2.01,3,0.8248,0.0079
MMR(0.9),2.02,3,0.825,0.0079
MMR(0.9),2.03,3,0.8251,0.008
MMR(0.9),2.04,3,0.8252,0.0081
MMR(0.9),2.05,3,0.8252,0.0082
MMR(0.9),2.06,3,0.8252,0.0082
MMR(0.9),2.07,3,0.8253,0.0085
MMR(0.9),2.08,3,0.8254,0.0083
MMR(0.9),2.09,3,0.8255,0.0085
MMR(0.9),2.1,3,0.8255,0.0083
MMR(0.9),2.11,3,0.8256,0.0085
MMR(0.9),2.12,3,0.8257,0.0086
MMR(0.9),2.13,3,0.8257,0.0088
MMR(0.9),2.14,3,0.8258,0.0087
MMR(0.9),2.15,3,0.8259,0.0086
MMR(0.9),2.16,3,0.826,0.0085
MMR(0.9),2.17,3,0.8262,0.0084
MMR(0.9),2.18,3,0.8263,0.0083
MMR(0.9),2.19,3,0.8263,0.0085
MMR(0.9),2.2,3,0.8264,0.0083
MMR(0.9),2.21,3,0.8265,0.0083
MMR(0.9),2.22,3,0.8268,0.0083
MMR(0.9),2.23,3,0.8267,0.0085
MMR(0.9),2.24,3,0.8268,0.0083
MMR(0.9),2.25,3,0.8269,0.0085
MMR(0.9),2.26,3,0.8271,0.0083
MMR(0.9),2.27,3,0.8271,0.0082
MMR(0.9),2.28,3,0.8272,0.0078
MMR(0.9),2.29,3,0.8273,0.0078
MMR(0.9),2.3,3,0.8274,0.0078
MMR(0.9),2.31,3,0.8274,0.0077
MMR(0.9),2.32,3,0.8274,0.008
MMR(0.9),2.33,3,0.8275,0.008
MMR(0.9),2.34,3,0.8277,0.0081
MMR(0.9),2.35,3,0.8279,0.0082
MMR(0.9),2.36,3,0.828,0.0082
MMR(0.9),2.37,3,0.8281,0.0084
MMR(0.9),2.38,3,0.8281,0.0084
MMR(0.9),2.39,3,0.8281,0.0083
MMR(0.9),2.4,3,0.8282,0.0085
MMR(0.9),2.41,3,0.8283,0.0086
MMR(0.9),2.42,3,0.8284,0.0087
MMR(0.9),2.43,3,0.8284,0.0087
MMR(0.9),2.44,3,0.8283,0.0089
MMR(0.9),2.45,3,0.8283,0.0091
MMR(0.9),2.46,3,0.8284,0.0091
MMR(0.9),2.47,3,0.8284,0.0093
MMR(0.9),2.48,3,0.8284,0.0093
MMR(0.9),2.49,3,0.8283,0.0092
MMR(0.9),2.5,3,0.8284,0.0091
MMR(0.9),2.51,3,0.8284,0.0093
MMR(0.9),2.52,3,0.8285,0.0096
MMR(0.9),2.53,3,0.8285,0.0096
MMR(0.9),2.54,3,0.8285,0.0097
MMR(0.9),2.55,3,0.8285,0.0096
MMR(0.9),2.56,3,0.8285,0.0096
MMR(0.9),2.57,3,0.8285,0.0095
MMR(0.9),2.58,3,0.8286,0.0095
MMR(0.9),2.59,3,0.8286,0.0096
MMR(0.9),2.6,3,0.8286,0.0094
MMR(0.9),2.61,3,0.8288,0.0095
MMR(0.9),2.62,3,0.8288,0.0095
MMR(0.9),2.63,3,0.8288,0.0098
MMR(0.9),2.64,3,0.8289,0.0097
MMR(0.9),2.65,3,0.8289,0.0096
MMR(0.9),2.66,3,0.8289,0.0099
MMR(0.9),2.67,3,0.829,0.0101
MMR(0.9),2.68,3,0.829,0.01
MMR(0.9),2.69,3,0.829,0.01
MMR(0.9),2.7,3,0.8291,0.0101
MMR(0.9),2.71,3,0.8291,0.0099
MMR(0.9),2.72,3,0.8292,0.0101
MMR(0.9),2.73,3,0.8293,0.01
MMR(0.9),2.74,3,0.8292,0.0102
MMR(0.9),2.75,3,0.8293,0.0105
MMR(0.9),2.76,3,0.8292,0.0101
MMR(0.9),2.77,3,0.8292,0.0102
MMR(0.9),2.78,3,0.8293,0.0103
MMR(0.9),2.79,3,0.8293,0.0104
MMR(0.9),2.8,3,0.8293,0.0105
MMR(0.9),2.81,3,0.8293,0.0104
MMR(0.9),2.82,3,0.8293,0.0106
MMR(0.9),2.83,3,0.8293,0.0106
MMR(0.9),2.84,3,0.8293,0.0106
MMR(0.9),2.85,3,0.8293,0.0106
MMR(0.9),2.86,3,0.8293,0.0105
MMR(0.9),2.87,3,0.8293,0.0105
MMR(0.9),2.88,3,0.8294,0.0103
MMR(0.9),2.89,3,0.8294,0.0103
MMR(0.9),2.9,3,0.8293,0.0102
MMR(0.9),2.91,3,0.8293,0.0101
MMR(0.9),2.92,3,0.8293,0.0101
MMR(0.9),2.93,3,0.8294,0.0102
MMR(0.9),2.94,3,0.8294,0.0099
MMR(0.9),2.95,3,0.8294,0.0098
MMR(0.9),2.96,3,0.8293,0.0098
MMR(0.9),2.97,3,0.8294,0.0099
MMR(0.9),2.98,3,0.8294,0.0099
MMR(0.9),2.99,3,0.8293,0.0099
MMR(0.9),3.0,3,0.8293,0.0097
MMR(0.9),3.01,3,0.8293,0.0098
MMR(0.9),3.02,3,0.8292,0.0098
MMR(0.9),3.03,3,0.8292,0.0097
MMR(0.9),3.04,3,0.8292,0.0094
MMR(0.9),3.05,3,0.8291,0.0096
MMR(0.9),3.06,3,0.8291,0.0096
MMR(0.9),3.07,3,0.8291,0.0097
MMR(0.9),3.08,3,0.8291,0.0096
MMR(0.9),3.09,3,0.8291,0.0094
MMR(0.9),3.1,3,0.829,0.0093
MMR(0.9),3.11,3,0.8291,0.0093
MMR(0.9),3.12,3,0.8291,0.0093
MMR(0.9),3.13,3,0.8292,0.0092
MMR(0.9),3.14,3,0.8291,0.0093
MMR(0.9),3.15,3,0.8291,0.0093
MMR(0.9),3.16,3,0.829,0.0093
MMR(0.9),3.17,3,0.829,0.0091
MMR(0.9),3.18,3,0.829,0.0091
MMR(0.9),3.19,3,0.829,0.0088
MMR(0.9),3.2,3,0.829,0.0088
MMR(0.9),3.21,3,0.829,0.0087
MMR(0.9),3.22,3,0.829,0.0088
MMR(0.9),3.23,3,0.829,0.0088
MMR(0.9),3.24,3,0.829,0.0088
MMR(0.9),3.25,3,0.8288,0.0087
MMR(0.9),3.26,3,0.8289,0.0086
MMR(0.9),3.27,3,0.8289,0.0084
MMR(0.9),3.28,3,0.8289,0.0082
MMR(0.9),3.29,3,0.8289,0.0081
MMR(0.9),3.3,3,0.8289,0.0081
MMR(0.9),3.31,3,0.8289,0.0081
MMR(0.9),3.32,3,0.8288,0.0083
MMR(0.9),3.33,3,0.8288,0.0085
MMR(0.9),3.34,3,0.8288,0.0082
MMR(0.9),3.35,3,0.8287,0.0083
MMR(0.9),3.36,3,0.8288,0.0085
MMR(0.9),3.37,3,0.8288,0.0085
MMR(0.9),3.38,3,0.8287,0.0087
MMR(0.9),3.39,3,0.8287,0.0088
MMR(0.9),3.4,3,0.8288,0.0088
MMR(0.9),3.41,3,0.8288,0.009
MMR(0.9),3.42,3,0.8288,0.009
MMR(0.9),3.43,3,0.8287,0.0091
MMR(0.9),3.44,3,0.8287,0.0092
MMR(0.9),3.45,3,0.8287,0.0091
MMR(0.9),3.46,3,0.8287,0.0091
MMR(0.9),3.47,3,0.8287,0.009
MMR(0.9),3.48,3,0.8286,0.009
MMR(0.9),3.49,3,0.8286,0.0089
MMR(0.9),3.5,3,0.8285,0.0089
MMR(0.9),3.51,3,0.8285,0.009
MMR(0.9),3.52,3,0.8284,0.0091
MMR(0.9),3.53,3,0.8284,0.0091
MMR(0.9),3.54,3,0.8284,0.0091
MMR(0.9),3.55,3,0.8283,0.009
MMR(0.9),3.56,3,0.8282,0.0091
MMR(0.9),3.57,3,0.8281,0.0088
MMR(0.9),3.58,3,0.8281,0.0088
MMR(0.9),3.59,3,0.8279,0.0091
MMR(0.9),3.6,3,0.8279,0.0091
MMR(0.9),3.61,3,0.8279,0.0093
MMR(0.9),3.62,3,0.8279,0.0089
MMR(0.9),3.63,3,0.8279,0.0091
MMR(0.9),3.64,3,0.8278,0.0091
MMR(0.9),3.65,3,0.8277,0.009
MMR(0.9),3.66,3,0.8276,0.0093
MMR(0.9),3.67,3,0.8276,0.0092
MMR(0.9),3.68,3,0.8275,0.0094
MMR(0.9),3.69,3,0.8274,0.0094
MMR(0.9),3.7,3,0.8273,0.0094
MMR(0.9),3.71,3,0.8273,0.0096
MMR(0.9),3.72,3,0.8273,0.0096
MMR(0.9),3.73,3,0.827,0.0101
MMR(0.9),3.74,3,0.8269,0.0102
MMR(0.9),3.75,3,0.8269,0.0101
MMR(0.9),3.76,3,0.8267,0.01
MMR(0.9),3.77,3,0.8267,0.01
MMR(0.9),3.78,3,0.8266,0.0101
MMR(0.9),3.79,3,0.8266,0.0102
MMR(0.9),3.8,3,0.8265,0.0101
MMR(0.9),3.81,3,0.8265,0.01
MMR(0.9),3.82,3,0.8263,0.0099
MMR(0.9),3.83,3,0.8262,0.0099
MMR(0.9),3.84,3,0.8262,0.0099
MMR(0.9),3.85,3,0.8261,0.0099
MMR(0.9),3.86,3,0.8261,0.0099
MMR(0.9),3.87,3,0.826,0.01
MMR(0.9),3.88,3,0.8259,0.01
MMR(0.9),3.89,3,0.8258,0.0101
MMR(0.9),3.9,3,0.8257,0.0102
MMR(0.9),3.91,3,0.8256,0.0102
MMR(0.9),3.92,3,0.8256,0.0104
MMR(0.9),3.93,3,0.8255,0.0102
MMR(0.9),3.94,3,0.8255,0.0102
MMR(0.9),3.95,3,0.8255,0.01
MMR(0.9),3.96,3,0.8255,0.01
MMR(0.9),3.97,3,0.8254,0.0105
MMR(0.9),3.98,3,0.8254,0.0105
MMR(0.9),3.99,3,0.8254,0.0105
MMR(0.9),4.0,3,0.8254,0.0106
MMR(0.9),4.01,3,0.8254,0.0107
MMR(0.9),4.02,3,0.8253,0.0106
MMR(0.9),4.03,3,0.8253,0.0106
MMR(0.9),4.04,3,0.8253,0.0106
MMR(0.9),4.05,3,0.8253,0.0106
MMR(0.9),4.06,3,0.8253,0.0106
MMR(0.9),4.07,3,0.8253,0.0106
MMR(0.9),4.08,3,0.8253,0.0106
MMR(0.9),4.09,3,0.8253,0.0106
MMR(0.9),4.1,3,0.8253,0.0106
MMR(0.9),4.11,3,0.8253,0.0106
MMR(0.9),4.12,3,0.8253,0.0106
MMR(0.9),4.13,3,0.8253,0.0106
MMR(0.9),4.14,3,0.8253,0.0106
MMR(0.9),4.15,3,0.8253,0.0106
MMR(0.9),4.16,3,0.8252,0.0109
MMR(0.9),4.17,3,0.8252,0.0109
MMR(0.9),4.18,3,0.8252,0.011
MMR(0.9),4.19,3,0.8252,0.011
MMR(0.9),4.2,3,0.8252,0.011
MMR(0.9),4.21,3,0.8252,0.011
MMR(0.9),4.23,3,0.8252,0.011
MMR(0.9),4.24,2,0.8228,0.0235
MMR(0.9),4.25,3,0.8252,0.011
MMR(0.9),4.26,3,0.8252,0.011
MMR(0.9),4.31,2,0.8228,0.0235
MMR(0.9),4.33,1,0.8247,0.0
MMR(0.9),4.35,2,0.8228,0.0235
MMR(0.9),4.36,1,0.8247,0.0
MMR(0.9),4.37,3,0.8252,0.011
MMR(0.9),4.38,2,0.8273,0.0324
Maxmin,1.32,2,0.818,0.0152
Maxmin,1.33,2,0.818,0.0152
Maxmin,1.35,2,0.818,0.0146
Maxmin,1.39,2,0.8214,0.0267
Maxmin,1.43,3,0.8199,0.0083
Maxmin,1.44,2,0.8216,0.026
Maxmin,1.45,3,0.8201,0.0083
Maxmin,1.46,2,0.8216,0.0273
Maxmin,1.47,3,0.8201,0.0084
Maxmin,1.48,3,0.8203,0.0081
Maxmin,1.49,3,0.8204,0.008
Maxmin,1.5,3,0.8205,0.008
Maxmin,1.51,3,0.8205,0.0081
Maxmin,1.52,3,0.8206,0.0079
Maxmin,1.53,3,0.8207,0.0079
Maxmin,1.54,3,0.8207,0.0079
Maxmin,1.55,3,0.8209,0.0077
Maxmin,1.56,3,0.821,0.0079
Maxmin,1.57,3,0.8209,0.008
Maxmin,1.58,3,0.8209,0.008
Maxmin,1.59,3,0.8211,0.0081
Maxmin,1.6,3,0.8212,0.0081
Maxmin,1.61,3,0.8213,0.008
Maxmin,1.62,3,0.8214,0.0078
Maxmin,1.63,3,0.8215,0.008
Maxmin,1.64,3,0.8218,0.0079
Maxmin,1.65,3,0.8219,0.008
Maxmin,1.66,3,0.8221,0.0077
Maxmin,1.67,3,0.8222,0.0076
Maxmin,1.68,3,0.8223,0.0075
Maxmin,1.69,3,0.8226,0.0073
Maxmin,1.7,3,0.823,0.0073
Maxmin,1.71,3,0.8232,0.0072
Maxmin,1.72,3,0.8235,0.0074
Maxmin,1.73,3,0.8238,0.0071
Maxmin,1.74,3,0.824,0.007
Maxmin,1.75,3,0.8242,0.0071
Maxmin,1.76,3,0.8242,0.0071
Maxmin,1.77,3,0.8245,0.0069
Maxmin,1.78,3,0.8247,0.0069
Maxmin,1.79,3,0.8249,0.0069
Maxmin,1.8,3,0.825,0.0066
Maxmin,1.81,3,0.8252,0.0064
Maxmin,1.82,3,0.8254,0.0066
Maxmin,1.83,3,0.8254,0.0069
Maxmin,1.84,3,0.8257,0.0069
Maxmin,1.85,3,0.8256,0.0065
Maxmin,1.86,3,0.8256,0.0064
Maxmin,1.87,3,0.8256,0.0064
Maxmin,1.88,3,0.8258,0.0066
Maxmin,1.89,3,0.8259,0.0067
Maxmin,1.9,3,0.826,0.0068
Maxmin,1.91,3,0.8261,0.0071
Maxmin,1.92,3,0.8262,0.0072
Maxmin,1.93,3,0.8265,0.0068
Maxmin,1.94,3,0.8265,0.0066
Maxmin,1.95,3,0.8268,0.0067
Maxmin,1.96,3,0.8269,0.0066
Maxmin,1.97,3,0.8271,0.0069
Maxmin,1.98,3,0.8272,0.007
Maxmin,1.99,3,0.8274,0.0069
Maxmin,2.0,3,0.8275,0.0068
Maxmin,2.01,3,0.8278,0.0066
Maxmin,2.02,3,0.8278,0.0066
Maxmin,2.03,3,0.828,0.0071
Maxmin,2.04,3,0.8279,0.0072
Maxmin,2.05,3,0.828,0.0068
Maxmin,2.06,3,0.8279,0.0067
Maxmin,2.07,3,0.8279,0.0069
Maxmin,2.08,3,0.8277,0.007
Maxmin,2.09,3,0.8273,0.0071
Maxmin,2.1,3,0.8274,0.0069
Maxmin,2.11,3,0.8276,0.007
Maxmin,2.12,3,0.8276,0.0068
Maxmin,2.13,3,0.8277,0.0067
Maxmin,2.14,3,0.8274,0.0068
Maxmin,2.15,3,0.8275,0.0064
Maxmin,2.16,3,0.8273,0.0073
Maxmin,2.17,3,0.8273,0.0069
Maxmin,2.18,3,0.8275,0.0067
Maxmin,2.19,3,0.8271,0.0071
Maxmin,2.2,3,0.8271,0.007
Maxmin,2.21,3,0.8269,0.0068
Maxmin,2.22,3,0.8269,0.0067
Maxmin,2.23,3,0.827,0.0075
Maxmin,2.24,3,0.8269,0.007
Maxmin,2.25,3,0.8266,0.0066
Maxmin,2.26,3,0.8265,0.007
Maxmin,2.27,3,0.8264,0.0075
Maxmin,2.28,3,0.8265,0.0074
Maxmin,2.29,3,0.8266,0.0075
Maxmin,2.3,3,0.8268,0.0071
Maxmin,2.31,3,0.8268,0.0076
Maxmin,2.32,3,0.8263,0.0079
Maxmin,2.33,3,0.8264,0.0083
Maxmin,2.34,3,0.8262,0.0078
Maxmin,2.35,3,0.826,0.0075
Maxmin,2.36,3,0.8258,0.0073
Maxmin,2.37,3,0.8254,0.0067
Maxmin,2.38,3,0.8254,0.006
Maxmin,2.39,3,0.825,0.0056
Maxmin,2.4,3,0.8247,0.0061
Maxmin,2.41,3,0.8242,0.0063
Maxmin,2.42,3,0.8241,0.0066
Maxmin,2.43,3,0.8237,0.0072
Maxmin,2.44,3,0.8233,0.0071
Maxmin,2.45,3,0.823,0.0069
Maxmin,2.46,3,0.8227,0.0065
Maxmin,2.47,3,0.8222,0.0068
Maxmin,2.48,3,0.8219,0.0072
Maxmin,2.49,3,0.8216,0.0073
Maxmin,2.5,3,0.8214,0.0067
Maxmin,2.51,3,0.8211,0.0073
Maxmin,2.52,3,0.8205,0.007
Maxmin,2.53,3,0.8202,0.007
Maxmin,2.54,3,0.8198,0.0072
Maxmin,2.55,3,0.8193,0.0071
Maxmin,2.56,3,0.8187,0.007
Maxmin,2.57,3,0.8184,0.007
Maxmin,2.58,3,0.818,0.007
Maxmin,2.59,3,0.8175,0.0073
Maxmin,2.6,3,0.8171,0.0075
Maxmin,2.61,3,0.8166,0.0077
Maxmin,2.62,3,0.8164,0.0078
Maxmin,2.63,3,0.8159,0.008
Maxmin,2.64,3,0.8154,0.0075
Maxmin,2.65,3,0.8149,0.0065
Maxmin,2.66,3,0.8146,0.0063
Maxmin,2.67,3,0.8142,0.0069
Maxmin,2.68,3,0.8138,0.0067
Maxmin,2.69,3,0.813,0.0065
Maxmin,2.7,3,0.8128,0.0062
Maxmin,2.71,3,0.812,0.0062
Maxmin,2.72,3,0.8115,0.006
Maxmin,2.73,3,0.8107,0.0055
Maxmin,2.74,3,0.8101,0.0059
Maxmin,2.75,3,0.8096,0.0054
Maxmin,2.76,3,0.809,0.0054
Maxmin,2.77,3,0.8085,0.0051
Maxmin,2.78,3,0.8077,0.0046
Maxmin,2.79,3,0.8072,0.0049
Maxmin,2.8,3,0.8063,0.005
Maxmin,2.81,3,0.8057,0.0054
Maxmin,2.82,3,0.8049,0.006
Maxmin,2.83,3,0.8043,0.0059
Maxmin,2.84,3,0.8037,0.0055
Maxmin,2.85,3,0.8029,0.0051
Maxmin,2.86,3,0.8021,0.0048
Maxmin,2.87,3,0.8014,0.0054
Maxmin,2.88,3,0.8006,0.0051
Maxmin,2.89,3,0.8,0.0055
Maxmin,2.9,3,0.7994,0.0056
Maxmin,2.91,3,0.7987,0.0055
Maxmin,2.92,3,0.7981,0.0052
Maxmin,2.93,3,0.7974,0.0052
Maxmin,2.94,3,0.7968,0.0059
Maxmin,2.95,3,0.796,0.0058
Maxmin,2.96,3,0.7955,0.0062
Maxmin,2.97,3,0.7947,0.0068
Maxmin,2.98,3,0.7939,0.0076
Maxmin,2.99,3,0.793,0.0077
Maxmin,3.0,3,0.7924,0.0075
Maxmin,3.01,3,0.7915,0.0083
Maxmin,3.02,3,0.791,0.0082
Maxmin,3.03,3,0.7906,0.0082
Maxmin,3.04,3,0.7897,0.0084
Maxmin,3.05,3,0.7889,0.0087
Maxmin,3.06,3,0.788,0.0086
Maxmin,3.07,3,0.7873,0.0085
Maxmin,3.08,3,0.7865,0.0082
Maxmin,3.09,3,0.7858,0.0082
Maxmin,3.1,3,0.785,0.0091
Maxmin,3.11,3,0.7841,0.0092
Maxmin,3.12,3,0.7836,0.0091
Maxmin,3.13,3,0.7828,0.0085
Maxmin,3.14,3,0.7822,0.0092
Maxmin,3.15,3,0.7815,0.0092
Maxmin,3.16,3,0.7805,0.0089
Maxmin,3.17,3,0.7797,0.0095
Maxmin,3.18,3,0.7789,0.0101
Maxmin,3.19,3,0.7781,0.0101
Maxmin,3.2,3,0.7771,0.0103
Maxmin,3.21,3,0.7763,0.0106
Maxmin,3.22,3,0.7753,0.0107
Maxmin,3.23,3,0.7743,0.0106
Maxmin,3.24,3,0.7736,0.0106
Maxmin,3.25,3,0.7728,0.0111
Maxmin,3.26,3,0.772,0.0111
Maxmin,3.27,3,0.7711,0.0109
Maxmin,3.28,3,0.7701,0.0113
Maxmin,3.29,3,0.7693,0.0119
Maxmin,3.3,3,0.7684,0.0107
Maxmin,3.31,3,0.7674,0.0101
Maxmin,3.32,3,0.7664,0.0097
Maxmin,3.33,3,0.7654,0.0099
Maxmin,3.34,3,0.7642,0.0102
Maxmin,3.35,3,0.7632,0.0102
Maxmin,3.36,3,0.7617,0.0106
Maxmin,3.37,3,0.7611,0.0109
Maxmin,3.38,3,0.7602,0.0116
Maxmin,3.39,3,0.7593,0.0123
Maxmin,3.4,3,0.7582,0.0124
Maxmin,3.41,3,0.7575,0.0126
Maxmin,3.42,3,0.7562,0.0135
Maxmin,3.43,3,0.7549,0.0141
Maxmin,3.44,3,0.7534,0.0135
Maxmin,3.45,3,0.7524,0.0134
Maxmin,3.46,3,0.7512,0.0132
Maxmin,3.47,3,0.7499,0.0134
Maxmin,3.48,3,0.7487,0.0136
Maxmin,3.49,3,0.7479,0.0141
Maxmin,3.5,3,0.7469,0.0146
Maxmin,3.51,3,0.7454,0.0158
Maxmin,3.52,3,0.7444,0.0153
Maxmin,3.53,3,0.7429,0.0146
Maxmin,3.54,3,0.742,0.0147
Maxmin,3.55,3,0.7409,0.0149
Maxmin,3.56,3,0.7402,0.0147
Maxmin,3.57,3,0.7391,0.0154
Maxmin,3.58,3,0.7381,0.0154
Maxmin,3.59,3,0.7372,0.0162
Maxmin,3.6,3,0.7364,0.016
Maxmin,3.61,3,0.7355,0.0166
Maxmin,3.62,3,0.7342,0.0162
Maxmin,3.63,3,0.7329,0.0158
Maxmin,3.64,3,0.7313,0.016
Maxmin,3.65,3,0.7302,0.0158
Maxmin,3.66,3,0.7288,0.0152
Maxmin,3.67,3,0.728,0.0153
Maxmin,3.68,3,0.7268,0.0158
Maxmin,3.69,3,0.7259,0.0163
Maxmin,3.7,3,0.7246,0.0157
Maxmin,3.71,3,0.7233,0.016
Maxmin,3.72,3,0.722,0.0161
Maxmin,3.73,3,0.7212,0.0164
Maxmin,3.74,3,0.7198,0.0168
Maxmin,3.75,3,0.7187,0.0164
Maxmin,3.76,3,0.7178,0.016
Maxmin,3.77,3,0.7169,0.0159
Maxmin,3.78,3,0.7159,0.0157
Maxmin,3.79,3,0.7147,0.0158
Maxmin,3.8,3,0.7135,0.016
Maxmin,3.81,3,0.7123,0.0165
Maxmin,3.82,3,0.7109,0.0168
Maxmin,3.83,3,0.7094,0.0171
Maxmin,3.84,3,0.708,0.0173
Maxmin,3.85,3,0.707,0.0179
Maxmin,3.86,3,0.7058,0.0191
Maxmin,3.87,3,0.7051,0.0192
Maxmin,3.88,3,0.7043,0.019
Maxmin,3.89,3,0.7032,0.019
Maxmin,3.9,3,0.7021,0.0184
Maxmin,3.91,3,0.701,0.0197
Maxmin,3.92,3,0.7001,0.0202
Maxmin,3.93,3,0.6993,0.0202
Maxmin,3.94,3,0.6982,0.019
Maxmin,3.95,3,0.6975,0.0184
Maxmin,3.96,3,0.6964,0.0185
Maxmin,3.97,3,0.6958,0.0191
Maxmin,3.98,3,0.6953,0.0194
Maxmin,3.99,3,0.6946,0.0189
Maxmin,4.0,3,0.6939,0.0186
Maxmin,4.01,3,0.6933,0.0194
Maxmin,4.02,3,0.6922,0.0209
Maxmin,4.03,3,0.6914,0.0209
Maxmin,4.04,3,0.691,0.0213
Maxmin,4.05,3,0.6907,0.0214
Maxmin,4.06,3,0.6902,0.0222
Maxmin,4.07,3,0.6896,0.022
Maxmin,4.08,3,0.6894,0.022
Maxmin,4.09,3,0.6891,0.0227
Maxmin,4.1,3,0.6887,0.0228
Maxmin,4.11,3,0.6884,0.0225
Maxmin,4.12,3,0.6881,0.0226
Maxmin,4.13,3,0.6879,0.0224
Maxmin,4.14,3,0.6875,0.0223
Maxmin,4.15,3,0.6872,0.0218
Maxmin,4.16,3,0.687,0.0217
Maxmin,4.17,3,0.6868,0.0209
Maxmin,4.18,3,0.6865,0.0213
Maxmin,4.19,3,0.6864,0.021
Maxmin,4.2,3,0.686,0.0207
Maxmin,4.21,3,0.6859,0.0206
Maxmin,4.23,3,0.6858,0.0203
Maxmin,4.24,2,0.6892,0.0648
Maxmin,4.25,3,0.6853,0.0202
Maxmin,4.26,3,0.6853,0.0203
Maxmin,4.31,2,0.6888,0.0635
Maxmin,4.33,1,0.6838,0.0
Maxmin,4.35,2,0.6887,0.0623
Maxmin,4.36,1,0.6837,0.0
Maxmin,4.37,3,0.6851,0.0195
Maxmin,4.38,2,0.6808,0.0362
Greedy-DPP,1.32,2,0.818,0.0152
Greedy-DPP,1.33,2,0.818,0.0152
Greedy-DPP,1.35,2,0.818,0.0146
Greedy-DPP,1.39,2,0.8214,0.0273
Greedy-DPP,1.43,3,0.8199,0.0082
Greedy-DPP,1.44,2,0.8216,0.0267
Greedy-DPP,1.45,3,0.8202,0.0082
Greedy-DPP,1.46,2,0.8217,0.0267
Greedy-DPP,1.47,3,0.8202,0.0083
Greedy-DPP,1.48,3,0.8204,0.0081
Greedy-DPP,1.49,3,0.8205,0.008
Greedy-DPP,1.5,3,0.8207,0.0081
Greedy-DPP,1.51,3,0.8208,0.0081
Greedy-DPP,1.52,3,0.8209,0.0082
Greedy-DPP,1.53,3,0.8211,0.0083
Greedy-DPP,1.54,3,0.8212,0.0079
Greedy-DPP,1.55,3,0.8214,0.0079
Greedy-DPP,1.56,3,0.8216,0.008
Greedy-DPP,1.57,3,0.8218,0.008
Greedy-DPP,1.58,3,0.8219,0.008
Greedy-DPP,1.59,3,0.8221,0.0081
Greedy-DPP,1.6,3,0.8222,0.008
Greedy-DPP,1.61,3,0.8224,0.0079
Greedy-DPP,1.62,3,0.8227,0.0081
Greedy-DPP,1.63,3,0.823,0.0081
Greedy-DPP,1.64,3,0.8231,0.0081
Greedy-DPP,1.65,3,0.8234,0.0083
Greedy-DPP,1.66,3,0.8235,0.008
Greedy-DPP,1.67,3,0.8237,0.0081
Greedy-DPP,1.68,3,0.8241,0.0082
Greedy-DPP,1.69,3,0.8246,0.0077
Greedy-DPP,1.7,3,0.8251,0.008
Greedy-DPP,1.71,3,0.8255,0.0076
Greedy-DPP,1.72,3,0.8261,0.0078
Greedy-DPP,1.73,3,0.8265,0.0077
Greedy-DPP,1.74,3,0.8268,0.0077
Greedy-DPP,1.75,3,0.8271,0.0078
Greedy-DPP,1.76,3,0.8273,0.0078
Greedy-DPP,1.77,3,0.8277,0.0076
Greedy-DPP,1.78,3,0.828,0.0077
Greedy-DPP,1.79,3,0.8284,0.0072
Greedy-DPP,1.8,3,0.8287,0.0073
Greedy-DPP,1.81,3,0.829,0.0073
Greedy-DPP,1.82,3,0.8293,0.0075
Greedy-DPP,1.83,3,0.8297,0.0078
Greedy-DPP,1.84,3,0.8301,0.0078
Greedy-DPP,1.85,3,0.8304,0.0077
Greedy-DPP,1.86,3,0.8308,0.0076
Greedy-DPP,1.87,3,0.8309,0.0077
Greedy-DPP,1.88,3,0.8312,0.0076
Greedy-DPP,1.89,3,0.8315,0.0074
Greedy-DPP,1.9,3,0.8317,0.0072
Greedy-DPP,1.91,3,0.8321,0.0076
Greedy-DPP,1.92,3,0.8324,0.0076
Greedy-DPP,1.93,3,0.8329,0.0074
Greedy-DPP,1.94,3,0.8332,0.0072
Greedy-DPP,1.95,3,0.8336,0.0073
Greedy-DPP,1.96,3,0.834,0.0072
Greedy-DPP,1.97,3,0.8344,0.0075
Greedy-DPP,1.98,3,0.8348,0.0074
Greedy-DPP,1.99,3,0.8352,0.0073
Greedy-DPP,2.0,3,0.8356,0.0072
Greedy-DPP,2.01,3,0.836,0.0071
Greedy-DPP,2.02,3,0.8364,0.0071
Greedy-DPP,2.03,3,0.8368,0.0072
Greedy-DPP,2.04,3,0.837,0.0075
Greedy-DPP,2.05,3,0.8372,0.0074
Greedy-DPP,2.06,3,0.8374,0.0076
Greedy-DPP,2.07,3,0.8376,0.0078
Greedy-DPP,2.08,3,0.8379,0.0078
Greedy-DPP,2.09,3,0.8382,0.0082
Greedy-DPP,2.1,3,0.8386,0.0076
Greedy-DPP,2.11,3,0.8391,0.0079
Greedy-DPP,2.12,3,0.8395,0.0078
Greedy-DPP,2.13,3,0.8398,0.008
Greedy-DPP,2.14,3,0.8401,0.008
Greedy-DPP,2.15,3,0.8403,0.0072
Greedy-DPP,2.16,3,0.8404,0.0077
Greedy-DPP,2.17,3,0.8407,0.0071
Greedy-DPP,2.18,3,0.841,0.0073
Greedy-DPP,2.19,3,0.8412,0.0078
Greedy-DPP,2.2,3,0.8416,0.0083
Greedy-DPP,2.21,3,0.8419,0.0084
Greedy-DPP,2.22,3,0.8423,0.0078
Greedy-DPP,2.23,3,0.8425,0.0082
Greedy-DPP,2.24,3,0.8428,0.008
Greedy-DPP,2.25,3,0.8431,0.0083
Greedy-DPP,2.26,3,0.8434,0.0083
Greedy-DPP,2.27,3,0.8437,0.0077
Greedy-DPP,2.28,3,0.8442,0.0074
Greedy-DPP,2.29,3,0.8445,0.0078
Greedy-DPP,2.3,3,0.8447,0.0078
Greedy-DPP,2.31,3,0.8449,0.0079
Greedy-DPP,2.32,3,0.845,0.0082
Greedy-DPP,2.33,3,0.8453,0.0084
Greedy-DPP,2.34,3,0.8455,0.0084
Greedy-DPP,2.35,3,0.8458,0.0083
Greedy-DPP,2.36,3,0.8459,0.0085
Greedy-DPP,2.37,3,0.8462,0.0084
Greedy-DPP,2.38,3,0.8465,0.0083
Greedy-DPP,2.39,3,0.8466,0.0082
Greedy-DPP,2.4,3,0.8471,0.0086
Greedy-DPP,2.41,3,0.8473,0.009
Greedy-DPP,2.42,3,0.8476,0.009
Greedy-DPP,2.43,3,0.8478,0.009
Greedy-DPP,2.44,3,0.8478,0.009
Greedy-DPP,2.45,3,0.8477,0.0091
Greedy-DPP,2.46,3,0.8479,0.009
Greedy-DPP,2.47,3,0.8481,0.0093
Greedy-DPP,2.48,3,0.8482,0.0093
Greedy-DPP,2.49,3,0.8483,0.0089
Greedy-DPP,2.5,3,0.8486,0.0089
Greedy-DPP,2.51,3,0.8488,0.0092
Greedy-DPP,2.52,3,0.849,0.0095
Greedy-DPP,2.53,3,0.849,0.0098
Greedy-DPP,2.54,3,0.8491,0.0095
Greedy-DPP,2.55,3,0.8491,0.01
Greedy-DPP,2.56,3,0.8489,0.0096
Greedy-DPP,2.57,3,0.849,0.0097
Greedy-DPP,2.58,3,0.8492,0.0095
Greedy-DPP,2.59,3,0.8494,0.0097
Greedy-DPP,2.6,3,0.8495,0.0096
Greedy-DPP,2.61,3,0.8497,0.0096
Greedy-DPP,2.62,3,0.8498,0.0099
Greedy-DPP,2.63,3,0.85,0.01
Greedy-DPP,2.64,3,0.8502,0.0095
Greedy-DPP,2.65,3,0.8503,0.0094
Greedy-DPP,2.66,3,0.8505,0.0092
Greedy-DPP,2.67,3,0.8506,0.0092
Greedy-DPP,2.68,3,0.8507,0.009
Greedy-DPP,2.69,3,0.8508,0.0092
Greedy-DPP,2.7,3,0.8509,0.0092
Greedy-DPP,2.71,3,0.851,0.0096
Greedy-DPP,2.72,3,0.8514,0.0096
Greedy-DPP,2.73,3,0.8514,0.0089
Greedy-DPP,2.74,3,0.8513,0.009
Greedy-DPP,2.75,3,0.8514,0.009
Greedy-DPP,2.76,3,0.8515,0.0088
Greedy-DPP,2.77,3,0.8517,0.0088
Greedy-DPP,2.78,3,0.8518,0.0089
Greedy-DPP,2.79,3,0.8519,0.0085
Greedy-DPP,2.8,3,0.852,0.0084
Greedy-DPP,2.81,3,0.8521,0.0082
Greedy-DPP,2.82,3,0.852,0.008
Greedy-DPP,2.83,3,0.8521,0.0082
Greedy-DPP,2.84,3,0.8522,0.0079
Greedy-DPP,2.85,3,0.8522,0.0079
Greedy-DPP,2.86,3,0.8523,0.0078
Greedy-DPP,2.87,3,0.8525,0.0076
Greedy-DPP,2.88,3,0.8525,0.0072
Greedy-DPP,2.89,3,0.8525,0.0073
Greedy-DPP,2.9,3,0.8526,0.0074
Greedy-DPP,2.91,3,0.8529,0.0069
Greedy-DPP,2.92,3,0.8529,0.007
Greedy-DPP,2.93,3,0.8531,0.0071
Greedy-DPP,2.94,3,0.8534,0.0065
Greedy-DPP,2.95,3,0.8534,0.0065
Greedy-DPP,2.96,3,0.8533,0.0067
Greedy-DPP,2.97,3,0.8532,0.0064
Greedy-DPP,2.98,3,0.8532,0.0061
Greedy-DPP,2.99,3,0.8532,0.0061
Greedy-DPP,3.0,3,0.8534,0.0057
Greedy-DPP,3.01,3,0.8534,0.0056
Greedy-DPP,3.02,3,0.8534,0.0058
Greedy-DPP,3.03,3,0.8535,0.0056
Greedy-DPP,3.04,3,0.8536,0.0053
Greedy-DPP,3.05,3,0.8537,0.0052
Greedy-DPP,3.06,3,0.8536,0.0051
Greedy-DPP,3.07,3,0.8537,0.0055
Greedy-DPP,3.08,3,0.8538,0.0055
Greedy-DPP,3.09,3,0.854,0.0052
Greedy-DPP,3.1,3,0.854,0.0056
Greedy-DPP,3.11,3,0.8541,0.0056
Greedy-DPP,3.12,3,0.8541,0.0055
Greedy-DPP,3.13,3,0.8542,0.0055
Greedy-DPP,3.14,3,0.8542,0.0058
Greedy-DPP,3.15,3,0.8542,0.0058
Greedy-DPP,3.16,3,0.8542,0.0061
Greedy-DPP,3.17,3,0.8542,0.0058
Greedy-DPP,3.18,3,0.8542,0.0053
Greedy-DPP,3.19,3,0.8542,0.0052
Greedy-DPP,3.2,3,0.8541,0.0055
Greedy-DPP,3.21,3,0.8541,0.0051
Greedy-DPP,3.22,3,0.854,0.0053
Greedy-DPP,3.23,3,0.8541,0.0051
Greedy-DPP,3.24,3,0.8542,0.0054
Greedy-DPP,3.25,3,0.8542,0.005
Greedy-DPP,3.26,3,0.8543,0.0048
Greedy-DPP,3.27,3,0.8544,0.0046
Greedy-DPP,3.28,3,0.8544,0.0044
Greedy-DPP,3.29,3,0.8544,0.0043
Greedy-DPP,3.3,3,0.8544,0.0038
Greedy-DPP,3.31,3,0.8544,0.0039
Greedy-DPP,3.32,3,0.8542,0.0041
Greedy-DPP,3.33,3,0.8544,0.004
Greedy-DPP,3.34,3,0.8544,0.0039
Greedy-DPP,3.35,3,0.8543,0.0043
Greedy-DPP,3.36,3,0.8543,0.0042
Greedy-DPP,3.37,3,0.8543,0.0042
Greedy-DPP,3.38,3,0.8542,0.0042
Greedy-DPP,3.39,3,0.8541,0.0043
Greedy-DPP,3.4,3,0.8541,0.0042
Greedy-DPP,3.41,3,0.8541,0.0038
Greedy-DPP,3.42,3,0.8539,0.0032
Greedy-DPP,3.43,3,0.8538,0.0035
Greedy-DPP,3.44,3,0.8539,0.0037
Greedy-DPP,3.45,3,0.8537,0.0033
Greedy-DPP,3.46,3,0.8537,0.0034
Greedy-DPP,3.47,3,0.8536,0.0032
Greedy-DPP,3.48,3,0.8535,0.0033
Greedy-DPP,3.49,3,0.8534,0.0031
Greedy-DPP,3.5,3,0.8533,0.003
Greedy-DPP,3.51,3,0.8532,0.0029
Greedy-DPP,3.52,3,0.8531,0.0032
Greedy-DPP,3.53,3,0.8531,0.0033
Greedy-DPP,3.54,3,0.8531,0.0032
Greedy-DPP,3.55,3,0.853,0.0032
Greedy-DPP,3.56,3,0.8529,0.0032
Greedy-DPP,3.57,3,0.8526,0.0029
Greedy-DPP,3.58,3,0.8526,0.0027
Greedy-DPP,3.59,3,0.8523,0.0026
Greedy-DPP,3.6,3,0.8523,0.0029
Greedy-DPP,3.61,3,0.8522,0.0028
Greedy-DPP,3.62,3,0.8519,0.0032
Greedy-DPP,3.63,3,0.8519,0.0036
Greedy-DPP,3.64,3,0.8516,0.0035
Greedy-DPP,3.65,3,0.8514,0.0033
Greedy-DPP,3.66,3,0.8511,0.0036
Greedy-DPP,3.67,3,0.8509,0.0032
Greedy-DPP,3.68,3,0.8507,0.0031
Greedy-DPP,3.69,3,0.8506,0.0032
Greedy-DPP,3.7,3,0.8505,0.0034
Greedy-DPP,3.71,3,0.8503,0.003
Greedy-DPP,3.72,3,0.85,0.0031
Greedy-DPP,3.73,3,0.8496,0.0035
Greedy-DPP,3.74,3,0.8494,0.0035
Greedy-DPP,3.75,3,0.8492,0.0036
Greedy-DPP,3.76,3,0.849,0.0034
Greedy-DPP,3.77,3,0.8488,0.0036
Greedy-DPP,3.78,3,0.8486,0.0034
Greedy-DPP,3.79,3,0.8484,0.0034
Greedy-DPP,3.8,3,0.8481,0.0033
Greedy-DPP,3.81,3,0.848,0.0033
Greedy-DPP,3.82,3,0.8477,0.0032
Greedy-DPP,3.83,3,0.8473,0.003
Greedy-DPP,3.84,3,0.8472,0.0029
Greedy-DPP,3.85,3,0.8471,0.003
Greedy-DPP,3.86,3,0.8469,0.0026
Greedy-DPP,3.87,3,0.8468,0.0026
Greedy-DPP,3.88,3,0.8466,0.0026
Greedy-DPP,3.89,3,0.8464,0.0027
Greedy-DPP,3.9,3,0.8462,0.0027
Greedy-DPP,3.91,3,0.8461,0.0028
Greedy-DPP,3.92,3,0.8459,0.0027
Greedy-DPP,3.93,3,0.8457,0.0023
Greedy-DPP,3.94,3,0.8458,0.0023
Greedy-DPP,3.95,3,0.8457,0.0021
Greedy-DPP,3.96,3,0.8457,0.0021
Greedy-DPP,3.97,3,0.8455,0.0023
Greedy-DPP,3.98,3,0.8455,0.0023
Greedy-DPP,3.99,3,0.8455,0.0025
Greedy-DPP,4.0,3,0.8455,0.0027
Greedy-DPP,4.01,3,0.8454,0.0028
Greedy-DPP,4.02,3,0.8452,0.0029
Greedy-DPP,4.03,3,0.8452,0.0029
Greedy-DPP,4.04,3,0.8451,0.0031
Greedy-DPP,4.05,3,0.8451,0.0031
Greedy-DPP,4.06,3,0.845,0.0032
Greedy-DPP,4.07,3,0.845,0.0032
Greedy-DPP,4.08,3,0.845,0.0032
Greedy-DPP,4.09,3,0.845,0.0032
Greedy-DPP,4.1,3,0.845,0.0032
Greedy-DPP,4.11,3,0.845,0.0032
Greedy-DPP,4.12,3,0.845,0.0032
Greedy-DPP,4.13,3,0.845,0.0032
Greedy-DPP,4.14,3,0.845,0.0032
Greedy-DPP,4.15,3,0.845,0.0032
Greedy-DPP,4.16,3,0.8449,0.0034
Greedy-DPP,4.17,3,0.8449,0.0034
Greedy-DPP,4.18,3,0.8449,0.0034
Greedy-DPP,4.19,3,0.8449,0.0034
Greedy-DPP,4.2,3,0.8449,0.0034
Greedy-DPP,4.21,3,0.8449,0.0034
Greedy-DPP,4.23,3,0.8449,0.0034
Greedy-DPP,4.24,2,0.8441,0.0006
Greedy-DPP,4.25,3,0.8449,0.0034
Greedy-DPP,4.26,3,0.8449,0.0034
Greedy-DPP,4.31,2,0.8441,0.0006
Greedy-DPP,4.33,1,0.8441,0.0
Greedy-DPP,4.35,2,0.8441,0.0006
Greedy-DPP,4.36,1,0.8441,0.0
Greedy-DPP,4.37,3,0.8449,0.0034
Greedy-DPP,4.38,2,0.8453,0.0152
VendiG(0.3),1.32,2,0.818,0.0152
VendiG(0.3),1.33,2,0.818,0.0152
VendiG(0.3),1.35,2,0.818,0.0146
VendiG(0.3),1.39,2,0.8214,0.0273
VendiG(0.3),1.43,3,0.8199,0.0082
VendiG(0.3),1.44,2,0.8216,0.0267
VendiG(0.3),1.45,3,0.8201,0.0083
VendiG(0.3),1.46,2,0.8217,0.0267
VendiG(0.3),1.47,3,0.8202,0.0084
VendiG(0.3),1.48,3,0.8202,0.0083
VendiG(0.3),1.49,3,0.8204,0.0083
VendiG(0.3),1.5,3,0.8205,0.0082
VendiG(0.3),1.51,3,0.8206,0.0082
VendiG(0.3),1.52,3,0.8208,0.0081
VendiG(0.3),1.53,3,0.8209,0.0081
VendiG(0.3),1.54,3,0.8209,0.0081
VendiG(0.3),1.55,3,0.821,0.0079
VendiG(0.3),1.56,3,0.8212,0.0079
VendiG(0.3),1.57,3,0.8213,0.0079
VendiG(0.3),1.58,3,0.8213,0.0079
VendiG(0.3),1.59,3,0.8214,0.008
VendiG(0.3),1.6,3,0.8214,0.008
VendiG(0.3),1.61,3,0.8216,0.0079
VendiG(0.3),1.62,3,0.8217,0.008
VendiG(0.3),1.63,3,0.8218,0.0081
VendiG(0.3),1.64,3,0.8221,0.0083
VendiG(0.3),1.65,3,0.8222,0.0083
VendiG(0.3),1.66,3,0.8223,0.0083
VendiG(0.3),1.67,3,0.8225,0.0083
VendiG(0.3),1.68,3,0.8227,0.0086
VendiG(0.3),1.69,3,0.8231,0.0082
VendiG(0.3),1.7,3,0.8235,0.0083
VendiG(0.3),1.71,3,0.8237,0.0082
VendiG(0.3),1.72,3,0.8241,0.0083
VendiG(0.3),1.73,3,0.8245,0.0081
VendiG(0.3),1.74,3,0.8246,0.0081
VendiG(0.3),1.75,3,0.8249,0.0082
VendiG(0.3),1.76,3,0.8249,0.0082
VendiG(0.3),1.77,3,0.8251,0.0082
VendiG(0.3),1.78,3,0.8253,0.0084
VendiG(0.3),1.79,3,0.8257,0.0081
VendiG(0.3),1.8,3,0.8259,0.0082
VendiG(0.3),1.81,3,0.826,0.0081
VendiG(0.3),1.82,3,0.8262,0.0083
VendiG(0.3),1.83,3,0.8262,0.0086
VendiG(0.3),1.84,3,0.8265,0.009
VendiG(0.3),1.85,3,0.8266,0.0088
VendiG(0.3),1.86,3,0.8267,0.0086
VendiG(0.3),1.87,3,0.8266,0.0091
VendiG(0.3),1.88,3,0.8268,0.0089
VendiG(0.3),1.89,3,0.8268,0.0091
VendiG(0.3),1.9,3,0.8267,0.0092
VendiG(0.3),1.91,3,0.827,0.0094
VendiG(0.3),1.92,3,0.8273,0.0092
VendiG(0.3),1.93,3,0.8278,0.0088
VendiG(0.3),1.94,3,0.828,0.0087
VendiG(0.3),1.95,3,0.8282,0.0092
VendiG(0.3),1.96,3,0.8282,0.009
VendiG(0.3),1.97,3,0.8284,0.0095
VendiG(0.3),1.98,3,0.8285,0.0092
VendiG(0.3),1.99,3,0.8287,0.0092
VendiG(0.3),2.0,3,0.8288,0.0091
VendiG(0.3),2.01,3,0.8289,0.0093
VendiG(0.3),2.02,3,0.829,0.0092
VendiG(0.3),2.03,3,0.8292,0.0097
VendiG(0.3),2.04,3,0.8291,0.0093
VendiG(0.3),2.05,3,0.8291,0.0091
VendiG(0.3),2.06,3,0.829,0.0091
VendiG(0.3),2.07,3,0.829,0.0092
VendiG(0.3),2.08,3,0.8288,0.0093
VendiG(0.3),2.09,3,0.8289,0.0093
VendiG(0.3),2.1,3,0.8291,0.0088
VendiG(0.3),2.11,3,0.8293,0.0092
VendiG(0.3),2.12,3,0.8293,0.009
VendiG(0.3),2.13,3,0.8292,0.0091
VendiG(0.3),2.14,3,0.8287,0.0091
VendiG(0.3),2.15,3,0.8287,0.0086
VendiG(0.3),2.16,3,0.8281,0.0086
VendiG(0.3),2.17,3,0.8283,0.0085
VendiG(0.3),2.18,3,0.8285,0.0083
VendiG(0.3),2.19,3,0.8282,0.0086
VendiG(0.3),2.2,3,0.8284,0.0082
VendiG(0.3),2.21,3,0.8281,0.0088
VendiG(0.3),2.22,3,0.8283,0.0082
VendiG(0.3),2.23,3,0.8282,0.0091
VendiG(0.3),2.24,3,0.8281,0.0088
VendiG(0.3),2.25,3,0.8279,0.0081
VendiG(0.3),2.26,3,0.8277,0.0084
VendiG(0.3),2.27,3,0.8276,0.0084
VendiG(0.3),2.28,3,0.8275,0.0079
VendiG(0.3),2.29,3,0.8274,0.008
VendiG(0.3),2.3,3,0.8274,0.0079
VendiG(0.3),2.31,3,0.8271,0.0084
VendiG(0.3),2.32,3,0.8269,0.0087
VendiG(0.3),2.33,3,0.827,0.0092
VendiG(0.3),2.34,3,0.8269,0.0088
VendiG(0.3),2.35,3,0.8268,0.0089
VendiG(0.3),2.36,3,0.8264,0.0089
VendiG(0.3),2.37,3,0.8262,0.0088
VendiG(0.3),2.38,3,0.826,0.0084
VendiG(0.3),2.39,3,0.8255,0.0083
VendiG(0.3),2.4,3,0.8254,0.0091
VendiG(0.3),2.41,3,0.8249,0.0096
VendiG(0.3),2.42,3,0.8248,0.0092
VendiG(0.3),2.43,3,0.8244,0.0089
VendiG(0.3),2.44,3,0.824,0.0088
VendiG(0.3),2.45,3,0.8238,0.0086
VendiG(0.3),2.46,3,0.8234,0.0082
VendiG(0.3),2.47,3,0.823,0.0086
VendiG(0.3),2.48,3,0.8227,0.0086
VendiG(0.3),2.49,3,0.8225,0.0084
VendiG(0.3),2.5,3,0.8224,0.008
VendiG(0.3),2.51,3,0.8223,0.0084
VendiG(0.3),2.52,3,0.8216,0.0083
VendiG(0.3),2.53,3,0.8214,0.0086
VendiG(0.3),2.54,3,0.8212,0.0087
VendiG(0.3),2.55,3,0.8207,0.0087
VendiG(0.3),2.56,3,0.8199,0.0083
VendiG(0.3),2.57,3,0.8196,0.0086
VendiG(0.3),2.58,3,0.8194,0.0086
VendiG(0.3),2.59,3,0.8191,0.0085
VendiG(0.3),2.6,3,0.8192,0.0078
VendiG(0.3),2.61,3,0.8189,0.0084
VendiG(0.3),2.62,3,0.8185,0.0088
VendiG(0.3),2.63,3,0.8182,0.0092
VendiG(0.3),2.64,3,0.8177,0.0085
VendiG(0.3),2.65,3,0.8177,0.0085
VendiG(0.3),2.66,3,0.8174,0.0084
VendiG(0.3),2.67,3,0.8172,0.0088
VendiG(0.3),2.68,3,0.8167,0.0086
VendiG(0.3),2.69,3,0.8162,0.0083
VendiG(0.3),2.7,3,0.8163,0.0082
VendiG(0.3),2.71,3,0.8158,0.008
VendiG(0.3),2.72,3,0.8155,0.0086
VendiG(0.3),2.73,3,0.8151,0.0077
VendiG(0.3),2.74,3,0.8143,0.0076
VendiG(0.3),2.75,3,0.8141,0.0073
VendiG(0.3),2.76,3,0.8136,0.0063
VendiG(0.3),2.77,3,0.8133,0.006
VendiG(0.3),2.78,3,0.813,0.0062
VendiG(0.3),2.79,3,0.8126,0.0064
VendiG(0.3),2.8,3,0.8122,0.0064
VendiG(0.3),2.81,3,0.8119,0.0062
VendiG(0.3),2.82,3,0.8113,0.0055
VendiG(0.3),2.83,3,0.8109,0.0057
VendiG(0.3),2.84,3,0.8107,0.0051
VendiG(0.3),2.85,3,0.8101,0.005
VendiG(0.3),2.86,3,0.8097,0.0045
VendiG(0.3),2.87,3,0.8094,0.0039
VendiG(0.3),2.88,3,0.8088,0.0039
VendiG(0.3),2.89,3,0.8084,0.0038
VendiG(0.3),2.9,3,0.808,0.0038
VendiG(0.3),2.91,3,0.8076,0.0036
VendiG(0.3),2.92,3,0.8072,0.0033
VendiG(0.3),2.93,3,0.807,0.0038
VendiG(0.3),2.94,3,0.8066,0.003
VendiG(0.3),2.95,3,0.8061,0.0031
VendiG(0.3),2.96,3,0.8058,0.0037
VendiG(0.3),2.97,3,0.8053,0.0035
VendiG(0.3),2.98,3,0.8044,0.0034
VendiG(0.3),2.99,3,0.8038,0.003
VendiG(0.3),3.0,3,0.8034,0.003
VendiG(0.3),3.01,3,0.803,0.0032
VendiG(0.3),3.02,3,0.8026,0.004
VendiG(0.3),3.03,3,0.8022,0.0039
VendiG(0.3),3.04,3,0.8017,0.0043
VendiG(0.3),3.05,3,0.8011,0.0046
VendiG(0.3),3.06,3,0.8005,0.0051
VendiG(0.3),3.07,3,0.8,0.0057
VendiG(0.3),3.08,3,0.7996,0.0059
VendiG(0.3),3.09,3,0.7992,0.006
VendiG(0.3),3.1,3,0.7986,0.0055
VendiG(0.3),3.11,3,0.7981,0.0052
VendiG(0.3),3.12,3,0.7978,0.0051
VendiG(0.3),3.13,3,0.7972,0.0055
VendiG(0.3),3.14,3,0.7967,0.0053
VendiG(0.3),3.15,3,0.7961,0.0051
VendiG(0.3),3.16,3,0.7954,0.0051
VendiG(0.3),3.17,3,0.795,0.0049
VendiG(0.3),3.18,3,0.7944,0.0046
VendiG(0.3),3.19,3,0.7936,0.0047
VendiG(0.3),3.2,3,0.7928,0.0042
VendiG(0.3),3.21,3,0.7922,0.0042
VendiG(0.3),3.22,3,0.7914,0.0045
VendiG(0.3),3.23,3,0.791,0.0047
VendiG(0.3),3.24,3,0.7902,0.0047
VendiG(0.3),3.25,3,0.7896,0.0042
VendiG(0.3),3.26,3,0.7892,0.0039
VendiG(0.3),3.27,3,0.7887,0.0044
VendiG(0.3),3.28,3,0.7879,0.0033
VendiG(0.3),3.29,3,0.7873,0.0026
VendiG(0.3),3.3,3,0.7866,0.0036
VendiG(0.3),3.31,3,0.7859,0.0033
VendiG(0.3),3.32,3,0.785,0.0038
VendiG(0.3),3.33,3,0.7846,0.0032
VendiG(0.3),3.34,3,0.7839,0.0025
VendiG(0.3),3.35,3,0.7834,0.0029
VendiG(0.3),3.36,3,0.7821,0.0027
VendiG(0.3),3.37,3,0.7815,0.0022
VendiG(0.3),3.38,3,0.7805,0.0017
VendiG(0.3),3.39,3,0.7798,0.0016
VendiG(0.3),3.4,3,0.779,0.0022
VendiG(0.3),3.41,3,0.7784,0.0028
VendiG(0.3),3.42,3,0.7774,0.0035
VendiG(0.3),3.43,3,0.7763,0.003
VendiG(0.3),3.44,3,0.7752,0.0023
VendiG(0.3),3.45,3,0.7743,0.0031
VendiG(0.3),3.46,3,0.7734,0.0029
VendiG(0.3),3.47,3,0.7725,0.0029
VendiG(0.3),3.48,3,0.7717,0.0037
VendiG(0.3),3.49,3,0.7711,0.0039
VendiG(0.3),3.5,3,0.7701,0.004
VendiG(0.3),3.51,3,0.769,0.0039
VendiG(0.3),3.52,3,0.7682,0.004
VendiG(0.3),3.53,3,0.7673,0.0039
VendiG(0.3),3.54,3,0.7667,0.004
VendiG(0.3),3.55,3,0.7659,0.0044
VendiG(0.3),3.56,3,0.7655,0.0036
VendiG(0.3),3.57,3,0.7645,0.0046
VendiG(0.3),3.58,3,0.7637,0.005
VendiG(0.3),3.59,3,0.7626,0.0059
VendiG(0.3),3.6,3,0.762,0.0057
VendiG(0.3),3.61,3,0.7613,0.0066
VendiG(0.3),3.62,3,0.7606,0.0055
VendiG(0.3),3.63,3,0.7589,0.0064
VendiG(0.3),3.64,3,0.7578,0.0071
VendiG(0.3),3.65,3,0.7567,0.008
VendiG(0.3),3.66,3,0.7553,0.0089
VendiG(0.3),3.67,3,0.7545,0.009
VendiG(0.3),3.68,3,0.7534,0.0095
VendiG(0.3),3.69,3,0.7526,0.01
VendiG(0.3),3.7,3,0.7516,0.0097
VendiG(0.3),3.71,3,0.7501,0.0106
VendiG(0.3),3.72,3,0.7489,0.0103
VendiG(0.3),3.73,3,0.7482,0.0109
VendiG(0.3),3.74,3,0.7472,0.0113
VendiG(0.3),3.75,3,0.7463,0.0111
VendiG(0.3),3.76,3,0.7452,0.0104
VendiG(0.3),3.77,3,0.7444,0.0107
VendiG(0.3),3.78,3,0.7432,0.0104
VendiG(0.3),3.79,3,0.7422,0.0104
VendiG(0.3),3.8,3,0.7415,0.0106
VendiG(0.3),3.81,3,0.7405,0.0115
VendiG(0.3),3.82,3,0.7397,0.0118
VendiG(0.3),3.83,3,0.7382,0.0121
VendiG(0.3),3.84,3,0.7369,0.0121
VendiG(0.3),3.85,3,0.736,0.0127
VendiG(0.3),3.86,3,0.7347,0.014
VendiG(0.3),3.87,3,0.7338,0.014
VendiG(0.3),3.88,3,0.7329,0.0138
VendiG(0.3),3.89,3,0.7322,0.0138
VendiG(0.3),3.9,3,0.7311,0.0135
VendiG(0.3),3.91,3,0.7302,0.0148
VendiG(0.3),3.92,3,0.7293,0.0152
VendiG(0.3),3.93,3,0.7287,0.0153
VendiG(0.3),3.94,3,0.728,0.0146
VendiG(0.3),3.95,3,0.7274,0.0146
VendiG(0.3),3.96,3,0.7265,0.0143
VendiG(0.3),3.97,3,0.7261,0.0141
VendiG(0.3),3.98,3,0.7257,0.0148
VendiG(0.3),3.99,3,0.7251,0.0153
VendiG(0.3),4.0,3,0.7248,0.0154
VendiG(0.3),4.01,3,0.7244,0.016
VendiG(0.3),4.02,3,0.7233,0.0168
VendiG(0.3),4.03,3,0.7227,0.0171
VendiG(0.3),4.04,3,0.7224,0.0171
VendiG(0.3),4.05,3,0.7221,0.0174
VendiG(0.3),4.06,3,0.7218,0.0179
VendiG(0.3),4.07,3,0.7214,0.0174
VendiG(0.3),4.08,3,0.7212,0.0174
VendiG(0.3),4.09,3,0.7211,0.0173
VendiG(0.3),4.1,3,0.7209,0.0174
VendiG(0.3),4.11,3,0.7207,0.0171
VendiG(0.3),4.12,3,0.7207,0.0173
VendiG(0.3),4.13,3,0.7205,0.0171
VendiG(0.3),4.14,3,0.7203,0.0169
VendiG(0.3),4.15,3,0.7201,0.0171
VendiG(0.3),4.16,3,0.72,0.0168
VendiG(0.3),4.17,3,0.7197,0.0164
VendiG(0.3),4.18,3,0.7194,0.0169
VendiG(0.3),4.19,3,0.7193,0.0166
VendiG(0.3),4.2,3,0.7191,0.0164
VendiG(0.3),4.21,3,0.719,0.0163
VendiG(0.3),4.23,3,0.7189,0.0162
VendiG(0.3),4.24,2,0.7212,0.0661
VendiG(0.3),4.25,3,0.7189,0.0163
VendiG(0.3),4.26,3,0.7189,0.0163
VendiG(0.3),4.31,2,0.7212,0.0661
VendiG(0.3),4.33,1,0.716,0.0
VendiG(0.3),4.35,2,0.7212,0.0661
VendiG(0.3),4.36,1,0.716,0.0
VendiG(0.3),4.37,3,0.7189,0.0163
VendiG(0.3),4.38,2,0.7151,0.0108
VendiG(0.5),1.32,2,0.818,0.0152
VendiG(0.5),1.33,2,0.818,0.0152
VendiG(0.5),1.35,2,0.818,0.0152
VendiG(0.5),1.39,2,0.8214,0.0273
VendiG(0.5),1.43,3,0.8199,0.0082
VendiG(0.5),1.44,2,0.8216,0.0267
VendiG(0.5),1.45,3,0.8201,0.0083
VendiG(0.5),1.46,2,0.8217,0.0267
VendiG(0.5),1.47,3,0.8202,0.0083
VendiG(0.5),1.48,3,0.8204,0.0082
VendiG(0.5),1.49,3,0.8205,0.0081
VendiG(0.5),1.5,3,0.8206,0.0081
VendiG(0.5),1.51,3,0.8207,0.0084
VendiG(0.5),1.52,3,0.8209,0.0082
VendiG(0.5),1.53,3,0.8211,0.0084
VendiG(0.5),1.54,3,0.8212,0.0083
VendiG(0.5),1.55,3,0.8213,0.008
VendiG(0.5),1.56,3,0.8215,0.0081
VendiG(0.5),1.57,3,0.8215,0.008
VendiG(0.5),1.58,3,0.8217,0.0081
VendiG(0.5),1.59,3,0.8218,0.0081
VendiG(0.5),1.6,3,0.8218,0.0082
VendiG(0.5),1.61,3,0.822,0.0082
VendiG(0.5),1.62,3,0.8222,0.0083
VendiG(0.5),1.63,3,0.8224,0.0086
VendiG(0.5),1.64,3,0.8225,0.0086
VendiG(0.5),1.65,3,0.8227,0.0087
VendiG(0.5),1.66,3,0.8229,0.0086
VendiG(0.5),1.67,3,0.823,0.0086
VendiG(0.5),1.68,3,0.8233,0.0089
VendiG(0.5),1.69,3,0.8236,0.0085
VendiG(0.5),1.7,3,0.824,0.0088
VendiG(0.5),1.71,3,0.8242,0.0087
VendiG(0.5),1.72,3,0.8246,0.0092
VendiG(0.5),1.73,3,0.825,0.0088
VendiG(0.5),1.74,3,0.8253,0.0087
VendiG(0.5),1.75,3,0.8256,0.0087
VendiG(0.5),1.76,3,0.8257,0.0087
VendiG(0.5),1.77,3,0.8259,0.0086
VendiG(0.5),1.78,3,0.8261,0.0086
VendiG(0.5),1.79,3,0.8264,0.0082
VendiG(0.5),1.8,3,0.8267,0.0082
VendiG(0.5),1.81,3,0.8267,0.0083
VendiG(0.5),1.82,3,0.8269,0.0085
VendiG(0.5),1.83,3,0.8271,0.009
VendiG(0.5),1.84,3,0.8274,0.0091
VendiG(0.5),1.85,3,0.8275,0.009
VendiG(0.5),1.86,3,0.8276,0.0088
VendiG(0.5),1.87,3,0.8276,0.0092
VendiG(0.5),1.88,3,0.8278,0.0089
VendiG(0.5),1.89,3,0.8279,0.0091
VendiG(0.5),1.9,3,0.8279,0.0092
VendiG(0.5),1.91,3,0.8281,0.0095
VendiG(0.5),1.92,3,0.8284,0.0096
VendiG(0.5),1.93,3,0.8288,0.009
VendiG(0.5),1.94,3,0.829,0.0089
VendiG(0.5),1.95,3,0.8291,0.0093
VendiG(0.5),1.96,3,0.8292,0.0092
VendiG(0.5),1.97,3,0.8294,0.0096
VendiG(0.5),1.98,3,0.8296,0.0097
VendiG(0.5),1.99,3,0.8298,0.0096
VendiG(0.5),2.0,3,0.8299,0.0094
VendiG(0.5),2.01,3,0.8302,0.0096
VendiG(0.5),2.02,3,0.8304,0.0096
VendiG(0.5),2.03,3,0.8307,0.0101
VendiG(0.5),2.04,3,0.8306,0.0102
VendiG(0.5),2.05,3,0.8307,0.0101
VendiG(0.5),2.06,3,0.8306,0.0099
VendiG(0.5),2.07,3,0.8307,0.0101
VendiG(0.5),2.08,3,0.8306,0.0101
VendiG(0.5),2.09,3,0.8308,0.0099
VendiG(0.5),2.1,3,0.8309,0.0094
VendiG(0.5),2.11,3,0.8313,0.0098
VendiG(0.5),2.12,3,0.8313,0.0093
VendiG(0.5),2.13,3,0.8313,0.0096
VendiG(0.5),2.14,3,0.8311,0.0096
VendiG(0.5),2.15,3,0.8312,0.0089
VendiG(0.5),2.16,3,0.8308,0.0093
VendiG(0.5),2.17,3,0.8309,0.0092
VendiG(0.5),2.18,3,0.8312,0.0093
VendiG(0.5),2.19,3,0.8311,0.0097
VendiG(0.5),2.2,3,0.8312,0.009
VendiG(0.5),2.21,3,0.8312,0.0095
VendiG(0.5),2.22,3,0.8315,0.009
VendiG(0.5),2.23,3,0.8315,0.0098
VendiG(0.5),2.24,3,0.8314,0.0095
VendiG(0.5),2.25,3,0.8312,0.0096
VendiG(0.5),2.26,3,0.8314,0.0097
VendiG(0.5),2.27,3,0.8314,0.0094
VendiG(0.5),2.28,3,0.8314,0.0089
VendiG(0.5),2.29,3,0.8315,0.009
VendiG(0.5),2.3,3,0.8316,0.0089
VendiG(0.5),2.31,3,0.8313,0.0091
VendiG(0.5),2.32,3,0.8311,0.0094
VendiG(0.5),2.33,3,0.8314,0.0094
VendiG(0.5),2.34,3,0.8315,0.0088
VendiG(0.5),2.35,3,0.8315,0.0094
VendiG(0.5),2.36,3,0.8314,0.0091
VendiG(0.5),2.37,3,0.8313,0.0089
VendiG(0.5),2.38,3,0.8313,0.0087
VendiG(0.5),2.39,3,0.8312,0.0088
VendiG(0.5),2.4,3,0.8313,0.009
VendiG(0.5),2.41,3,0.8309,0.0097
VendiG(0.5),2.42,3,0.8309,0.0095
VendiG(0.5),2.43,3,0.8307,0.0094
VendiG(0.5),2.44,3,0.8305,0.0095
VendiG(0.5),2.45,3,0.8303,0.0094
VendiG(0.5),2.46,3,0.83,0.0095
VendiG(0.5),2.47,3,0.8298,0.0098
VendiG(0.5),2.48,3,0.8297,0.0102
VendiG(0.5),2.49,3,0.8294,0.0098
VendiG(0.5),2.5,3,0.8295,0.0097
VendiG(0.5),2.51,3,0.8295,0.0103
VendiG(0.5),2.52,3,0.8292,0.0104
VendiG(0.5),2.53,3,0.8292,0.0105
VendiG(0.5),2.54,3,0.829,0.0104
VendiG(0.5),2.55,3,0.8288,0.0104
VendiG(0.5),2.56,3,0.8284,0.0106
VendiG(0.5),2.57,3,0.8282,0.0108
VendiG(0.5),2.58,3,0.8282,0.0108
VendiG(0.5),2.59,3,0.8281,0.0107
VendiG(0.5),2.6,3,0.8282,0.0102
VendiG(0.5),2.61,3,0.8279,0.0109
VendiG(0.5),2.62,3,0.8277,0.0113
VendiG(0.5),2.63,3,0.8276,0.0116
VendiG(0.5),2.64,3,0.8273,0.0114
VendiG(0.5),2.65,3,0.8274,0.0116
VendiG(0.5),2.66,3,0.8272,0.0113
VendiG(0.5),2.67,3,0.8272,0.0116
VendiG(0.5),2.68,3,0.8269,0.0116
VendiG(0.5),2.69,3,0.8265,0.0114
VendiG(0.5),2.7,3,0.8266,0.0113
VendiG(0.5),2.71,3,0.8264,0.0113
VendiG(0.5),2.72,3,0.8264,0.0118
VendiG(0.5),2.73,3,0.8261,0.0113
VendiG(0.5),2.74,3,0.8256,0.0113
VendiG(0.5),2.75,3,0.8257,0.0111
VendiG(0.5),2.76,3,0.8255,0.0105
VendiG(0.5),2.77,3,0.8253,0.0102
VendiG(0.5),2.78,3,0.825,0.0106
VendiG(0.5),2.79,3,0.8245,0.0108
VendiG(0.5),2.8,3,0.8243,0.011
VendiG(0.5),2.81,3,0.8241,0.0108
VendiG(0.5),2.82,3,0.8237,0.0103
VendiG(0.5),2.83,3,0.8234,0.0104
VendiG(0.5),2.84,3,0.8233,0.0098
VendiG(0.5),2.85,3,0.8229,0.0097
VendiG(0.5),2.86,3,0.8227,0.0092
VendiG(0.5),2.87,3,0.8226,0.0088
VendiG(0.5),2.88,3,0.8222,0.0092
VendiG(0.5),2.89,3,0.822,0.0091
VendiG(0.5),2.9,3,0.8218,0.0092
VendiG(0.5),2.91,3,0.8218,0.0089
VendiG(0.5),2.92,3,0.8215,0.0085
VendiG(0.5),2.93,3,0.8214,0.009
VendiG(0.5),2.94,3,0.8212,0.0086
VendiG(0.5),2.95,3,0.8211,0.0086
VendiG(0.5),2.96,3,0.8208,0.0091
VendiG(0.5),2.97,3,0.8204,0.0086
VendiG(0.5),2.98,3,0.8199,0.0087
VendiG(0.5),2.99,3,0.8196,0.0083
VendiG(0.5),3.0,3,0.8194,0.0082
VendiG(0.5),3.01,3,0.8192,0.0086
VendiG(0.5),3.02,3,0.8188,0.0092
VendiG(0.5),3.03,3,0.8186,0.0091
VendiG(0.5),3.04,3,0.8183,0.0094
VendiG(0.5),3.05,3,0.8178,0.0098
VendiG(0.5),3.06,3,0.8175,0.0102
VendiG(0.5),3.07,3,0.8172,0.0107
VendiG(0.5),3.08,3,0.8169,0.0111
VendiG(0.5),3.09,3,0.8166,0.0109
VendiG(0.5),3.1,3,0.8161,0.0104
VendiG(0.5),3.11,3,0.8158,0.0102
VendiG(0.5),3.12,3,0.8157,0.0105
VendiG(0.5),3.13,3,0.8153,0.0106
VendiG(0.5),3.14,3,0.8149,0.0106
VendiG(0.5),3.15,3,0.8145,0.01
VendiG(0.5),3.16,3,0.8139,0.0101
VendiG(0.5),3.17,3,0.8138,0.0097
VendiG(0.5),3.18,3,0.8134,0.0096
VendiG(0.5),3.19,3,0.8128,0.0094
VendiG(0.5),3.2,3,0.8122,0.0094
VendiG(0.5),3.21,3,0.8116,0.0091
VendiG(0.5),3.22,3,0.8109,0.009
VendiG(0.5),3.23,3,0.8107,0.0089
VendiG(0.5),3.24,3,0.8102,0.0089
VendiG(0.5),3.25,3,0.8099,0.0082
VendiG(0.5),3.26,3,0.8096,0.008
VendiG(0.5),3.27,3,0.8093,0.0078
VendiG(0.5),3.28,3,0.8088,0.0076
VendiG(0.5),3.29,3,0.8083,0.0075
VendiG(0.5),3.3,3,0.8076,0.0078
VendiG(0.5),3.31,3,0.8071,0.008
VendiG(0.5),3.32,3,0.8065,0.0088
VendiG(0.5),3.33,3,0.8061,0.0082
VendiG(0.5),3.34,3,0.8057,0.0082
VendiG(0.5),3.35,3,0.8051,0.0089
VendiG(0.5),3.36,3,0.8044,0.0091
VendiG(0.5),3.37,3,0.8039,0.0086
VendiG(0.5),3.38,3,0.8031,0.008
VendiG(0.5),3.39,3,0.8025,0.0076
VendiG(0.5),3.4,3,0.802,0.0077
VendiG(0.5),3.41,3,0.8014,0.0071
VendiG(0.5),3.42,3,0.8007,0.0065
VendiG(0.5),3.43,3,0.7997,0.0062
VendiG(0.5),3.44,3,0.7989,0.0067
VendiG(0.5),3.45,3,0.7982,0.0066
VendiG(0.5),3.46,3,0.7974,0.0065
VendiG(0.5),3.47,3,0.7966,0.007
VendiG(0.5),3.48,3,0.796,0.0072
VendiG(0.5),3.49,3,0.7955,0.007
VendiG(0.5),3.5,3,0.7946,0.0066
VendiG(0.5),3.51,3,0.7937,0.0058
VendiG(0.5),3.52,3,0.7931,0.0064
VendiG(0.5),3.53,3,0.7923,0.0072
VendiG(0.5),3.54,3,0.7918,0.0068
VendiG(0.5),3.55,3,0.7913,0.0064
VendiG(0.5),3.56,3,0.791,0.0072
VendiG(0.5),3.57,3,0.7902,0.0066
VendiG(0.5),3.58,3,0.7897,0.0066
VendiG(0.5),3.59,3,0.7889,0.0059
VendiG(0.5),3.6,3,0.7884,0.0056
VendiG(0.5),3.61,3,0.7879,0.0055
VendiG(0.5),3.62,3,0.7872,0.0059
VendiG(0.5),3.63,3,0.7858,0.0062
VendiG(0.5),3.64,3,0.785,0.0055
VendiG(0.5),3.65,3,0.7842,0.0051
VendiG(0.5),3.66,3,0.783,0.0055
VendiG(0.5),3.67,3,0.7824,0.0056
VendiG(0.5),3.68,3,0.7814,0.0058
VendiG(0.5),3.69,3,0.7809,0.0053
VendiG(0.5),3.7,3,0.7803,0.0057
VendiG(0.5),3.71,3,0.7792,0.0066
VendiG(0.5),3.72,3,0.778,0.0071
VendiG(0.5),3.73,3,0.7773,0.0073
VendiG(0.5),3.74,3,0.7762,0.0069
VendiG(0.5),3.75,3,0.7757,0.0065
VendiG(0.5),3.76,3,0.7748,0.0061
VendiG(0.5),3.77,3,0.7743,0.0056
VendiG(0.5),3.78,3,0.7732,0.0052
VendiG(0.5),3.79,3,0.7725,0.0051
VendiG(0.5),3.8,3,0.7715,0.0041
VendiG(0.5),3.81,3,0.7708,0.0042
VendiG(0.5),3.82,3,0.7698,0.0047
VendiG(0.5),3.83,3,0.7683,0.0044
VendiG(0.5),3.84,3,0.7674,0.0042
VendiG(0.5),3.85,3,0.7666,0.0044
VendiG(0.5),3.86,3,0.7657,0.0057
VendiG(0.5),3.87,3,0.7652,0.0052
VendiG(0.5),3.88,3,0.7644,0.0049
VendiG(0.5),3.89,3,0.7636,0.0057
VendiG(0.5),3.9,3,0.7627,0.0053
VendiG(0.5),3.91,3,0.7619,0.006
VendiG(0.5),3.92,3,0.761,0.0063
VendiG(0.5),3.93,3,0.7607,0.0064
VendiG(0.5),3.94,3,0.7602,0.0067
VendiG(0.5),3.95,3,0.7597,0.006
VendiG(0.5),3.96,3,0.7591,0.0063
VendiG(0.5),3.97,3,0.7588,0.0062
VendiG(0.5),3.98,3,0.7584,0.006
VendiG(0.5),3.99,3,0.7581,0.0059
VendiG(0.5),4.0,3,0.7578,0.0058
VendiG(0.5),4.01,3,0.7574,0.0065
VendiG(0.5),4.02,3,0.7567,0.0072
VendiG(0.5),4.03,3,0.7563,0.007
VendiG(0.5),4.04,3,0.7561,0.0071
VendiG(0.5),4.05,3,0.756,0.007
VendiG(0.5),4.06,3,0.7558,0.0072
VendiG(0.5),4.07,3,0.7555,0.007
VendiG(0.5),4.08,3,0.7554,0.007
VendiG(0.5),4.09,3,0.7552,0.0072
VendiG(0.5),4.1,3,0.7552,0.0072
VendiG(0.5),4.11,3,0.7552,0.0072
VendiG(0.5),4.12,3,0.7552,0.0073
VendiG(0.5),4.13,3,0.7551,0.0072
VendiG(0.5),4.14,3,0.7549,0.0071
VendiG(0.5),4.15,3,0.7548,0.0073
VendiG(0.5),4.16,3,0.7547,0.0071
VendiG(0.5),4.17,3,0.7545,0.007
VendiG(0.5),4.18,3,0.7543,0.007
VendiG(0.5),4.19,3,0.7543,0.007
VendiG(0.5),4.2,3,0.7541,0.0068
VendiG(0.5),4.21,3,0.754,0.0071
VendiG(0.5),4.23,3,0.754,0.0071
VendiG(0.5),4.24,2,0.7555,0.0165
VendiG(0.5),4.25,3,0.754,0.0071
VendiG(0.5),4.26,3,0.754,0.0071
VendiG(0.5),4.31,2,0.7555,0.0165
VendiG(0.5),4.33,1,0.7542,0.0
VendiG(0.5),4.35,2,0.7555,0.0165
VendiG(0.5),4.36,1,0.7542,0.0
VendiG(0.5),4.37,3,0.754,0.0071
VendiG(0.5),4.38,2,0.7527,0.0197
VendiG(0.7),1.32,2,0.818,0.0152
VendiG(0.7),1.33,2,0.818,0.0152
VendiG(0.7),1.35,2,0.818,0.0146
VendiG(0.7),1.39,2,0.8214,0.0273
VendiG(0.7),1.43,3,0.8199,0.0082
VendiG(0.7),1.44,2,0.8216,0.0267
VendiG(0.7),1.45,3,0.8201,0.0083
VendiG(0.7),1.46,2,0.8217,0.0267
VendiG(0.7),1.47,3,0.8202,0.0084
VendiG(0.7),1.48,3,0.8203,0.0083
VendiG(0.7),1.49,3,0.8204,0.0082
VendiG(0.7),1.5,3,0.8206,0.0084
VendiG(0.7),1.51,3,0.8207,0.0084
VendiG(0.7),1.52,3,0.8208,0.0084
VendiG(0.7),1.53,3,0.8209,0.0084
VendiG(0.7),1.54,3,0.8211,0.0081
VendiG(0.7),1.55,3,0.8212,0.0081
VendiG(0.7),1.56,3,0.8214,0.0081
VendiG(0.7),1.57,3,0.8215,0.0081
VendiG(0.7),1.58,3,0.8216,0.008
VendiG(0.7),1.59,3,0.8217,0.0081
VendiG(0.7),1.6,3,0.8218,0.008
VendiG(0.7),1.61,3,0.822,0.0079
VendiG(0.7),1.62,3,0.8223,0.008
VendiG(0.7),1.63,3,0.8225,0.0079
VendiG(0.7),1.64,3,0.8227,0.0079
VendiG(0.7),1.65,3,0.8228,0.0081
VendiG(0.7),1.66,3,0.823,0.0079
VendiG(0.7),1.67,3,0.8232,0.008
VendiG(0.7),1.68,3,0.8235,0.0082
VendiG(0.7),1.69,3,0.824,0.008
VendiG(0.7),1.7,3,0.8243,0.0082
VendiG(0.7),1.71,3,0.8247,0.0081
VendiG(0.7),1.72,3,0.8251,0.0083
VendiG(0.7),1.73,3,0.8255,0.008
VendiG(0.7),1.74,3,0.8257,0.008
VendiG(0.7),1.75,3,0.826,0.0081
VendiG(0.7),1.76,3,0.8262,0.0082
VendiG(0.7),1.77,3,0.8266,0.008
VendiG(0.7),1.78,3,0.8268,0.0081
VendiG(0.7),1.79,3,0.8272,0.0077
VendiG(0.7),1.8,3,0.8275,0.0077
VendiG(0.7),1.81,3,0.8277,0.0081
VendiG(0.7),1.82,3,0.828,0.0081
VendiG(0.7),1.83,3,0.8284,0.0083
VendiG(0.7),1.84,3,0.8287,0.0082
VendiG(0.7),1.85,3,0.829,0.0085
VendiG(0.7),1.86,3,0.8293,0.0082
VendiG(0.7),1.87,3,0.8294,0.0086
VendiG(0.7),1.88,3,0.8298,0.0083
VendiG(0.7),1.89,3,0.83,0.0084
VendiG(0.7),1.9,3,0.8303,0.0081
VendiG(0.7),1.91,3,0.8306,0.0084
VendiG(0.7),1.92,3,0.831,0.0082
VendiG(0.7),1.93,3,0.8314,0.0082
VendiG(0.7),1.94,3,0.8316,0.0081
VendiG(0.7),1.95,3,0.8319,0.0085
VendiG(0.7),1.96,3,0.8323,0.0085
VendiG(0.7),1.97,3,0.8326,0.0087
VendiG(0.7),1.98,3,0.8329,0.0086
VendiG(0.7),1.99,3,0.8333,0.0084
VendiG(0.7),2.0,3,0.8336,0.0082
VendiG(0.7),2.01,3,0.8339,0.0081
VendiG(0.7),2.02,3,0.8342,0.0082
VendiG(0.7),2.03,3,0.8345,0.0085
VendiG(0.7),2.04,3,0.8346,0.0088
VendiG(0.7),2.05,3,0.8349,0.0085
VendiG(0.7),2.06,3,0.8351,0.0088
VendiG(0.7),2.07,3,0.8354,0.0091
VendiG(0.7),2.08,3,0.8356,0.0092
VendiG(0.7),2.09,3,0.8358,0.0093
VendiG(0.7),2.1,3,0.8361,0.009
VendiG(0.7),2.11,3,0.8365,0.0091
VendiG(0.7),2.12,3,0.8368,0.0092
VendiG(0.7),2.13,3,0.8369,0.0092
VendiG(0.7),2.14,3,0.8372,0.0093
VendiG(0.7),2.15,3,0.8373,0.009
VendiG(0.7),2.16,3,0.8373,0.0094
VendiG(0.7),2.17,3,0.8375,0.0087
VendiG(0.7),2.18,3,0.8378,0.0088
VendiG(0.7),2.19,3,0.838,0.0089
VendiG(0.7),2.2,3,0.8383,0.0092
VendiG(0.7),2.21,3,0.8384,0.0091
VendiG(0.7),2.22,3,0.8387,0.0089
VendiG(0.7),2.23,3,0.8388,0.0091
VendiG(0.7),2.24,3,0.8392,0.0086
VendiG(0.7),2.25,3,0.8393,0.0086
VendiG(0.7),2.26,3,0.8396,0.0083
VendiG(0.7),2.27,3,0.8399,0.0079
VendiG(0.7),2.28,3,0.8402,0.0078
VendiG(0.7),2.29,3,0.8404,0.0078
VendiG(0.7),2.3,3,0.8406,0.0079
VendiG(0.7),2.31,3,0.8408,0.0079
VendiG(0.7),2.32,3,0.8408,0.0084
VendiG(0.7),2.33,3,0.8411,0.0085
VendiG(0.7),2.34,3,0.8413,0.0085
VendiG(0.7),2.35,3,0.8416,0.0084
VendiG(0.7),2.36,3,0.8417,0.0081
VendiG(0.7),2.37,3,0.8418,0.0083
VendiG(0.7),2.38,3,0.8419,0.0081
VendiG(0.7),2.39,3,0.8421,0.0077
VendiG(0.7),2.4,3,0.8424,0.0081
VendiG(0.7),2.41,3,0.8426,0.0087
VendiG(0.7),2.42,3,0.8428,0.0087
VendiG(0.7),2.43,3,0.8429,0.009
VendiG(0.7),2.44,3,0.8428,0.009
VendiG(0.7),2.45,3,0.8428,0.0091
VendiG(0.7),2.46,3,0.843,0.0093
VendiG(0.7),2.47,3,0.8431,0.0095
VendiG(0.7),2.48,3,0.843,0.0096
VendiG(0.7),2.49,3,0.8431,0.0092
VendiG(0.7),2.5,3,0.8433,0.0091
VendiG(0.7),2.51,3,0.8434,0.0098
VendiG(0.7),2.52,3,0.8435,0.01
VendiG(0.7),2.53,3,0.8436,0.01
VendiG(0.7),2.54,3,0.8436,0.0099
VendiG(0.7),2.55,3,0.8436,0.0101
VendiG(0.7),2.56,3,0.8432,0.0097
VendiG(0.7),2.57,3,0.8431,0.0097
VendiG(0.7),2.58,3,0.8433,0.0092
VendiG(0.7),2.59,3,0.8434,0.0094
VendiG(0.7),2.6,3,0.8435,0.0092
VendiG(0.7),2.61,3,0.8437,0.0094
VendiG(0.7),2.62,3,0.8436,0.0097
VendiG(0.7),2.63,3,0.8437,0.0095
VendiG(0.7),2.64,3,0.8438,0.0091
VendiG(0.7),2.65,3,0.844,0.0091
VendiG(0.7),2.66,3,0.844,0.0089
VendiG(0.7),2.67,3,0.844,0.0088
VendiG(0.7),2.68,3,0.8439,0.0088
VendiG(0.7),2.69,3,0.844,0.0088
VendiG(0.7),2.7,3,0.8441,0.0088
VendiG(0.7),2.71,3,0.8441,0.0093
VendiG(0.7),2.72,3,0.8444,0.0094
VendiG(0.7),2.73,3,0.8445,0.0083
VendiG(0.7),2.74,3,0.8442,0.0085
VendiG(0.7),2.75,3,0.8444,0.0086
VendiG(0.7),2.76,3,0.8444,0.0082
VendiG(0.7),2.77,3,0.8445,0.0081
VendiG(0.7),2.78,3,0.8446,0.0082
VendiG(0.7),2.79,3,0.8445,0.0081
VendiG(0.7),2.8,3,0.8445,0.008
VendiG(0.7),2.81,3,0.8445,0.0081
VendiG(0.7),2.82,3,0.8443,0.0076
VendiG(0.7),2.83,3,0.8445,0.0077
VendiG(0.7),2.84,3,0.8446,0.0073
VendiG(0.7),2.85,3,0.8444,0.0073
VendiG(0.7),2.86,3,0.8444,0.0073
VendiG(0.7),2.87,3,0.8446,0.0071
VendiG(0.7),2.88,3,0.8445,0.007
VendiG(0.7),2.89,3,0.8446,0.007
VendiG(0.7),2.9,3,0.8446,0.0073
VendiG(0.7),2.91,3,0.8447,0.007
VendiG(0.7),2.92,3,0.8447,0.0069
VendiG(0.7),2.93,3,0.8449,0.0072
VendiG(0.7),2.94,3,0.8451,0.0066
VendiG(0.7),2.95,3,0.8451,0.0065
VendiG(0.7),2.96,3,0.845,0.0069
VendiG(0.7),2.97,3,0.8449,0.0063
VendiG(0.7),2.98,3,0.8448,0.0063
VendiG(0.7),2.99,3,0.8448,0.0063
VendiG(0.7),3.0,3,0.8448,0.0063
VendiG(0.7),3.01,3,0.8449,0.0062
VendiG(0.7),3.02,3,0.8447,0.0065
VendiG(0.7),3.03,3,0.8447,0.0064
VendiG(0.7),3.04,3,0.8448,0.0063
VendiG(0.7),3.05,3,0.8447,0.0066
VendiG(0.7),3.06,3,0.8446,0.0066
VendiG(0.7),3.07,3,0.8446,0.0068
VendiG(0.7),3.08,3,0.8446,0.0067
VendiG(0.7),3.09,3,0.8447,0.0064
VendiG(0.7),3.1,3,0.8446,0.0067
VendiG(0.7),3.11,3,0.8447,0.0069
VendiG(0.7),3.12,3,0.8447,0.0068
VendiG(0.7),3.13,3,0.8446,0.0068
VendiG(0.7),3.14,3,0.8444,0.0069
VendiG(0.7),3.15,3,0.8443,0.0068
VendiG(0.7),3.16,3,0.8442,0.0069
VendiG(0.7),3.17,3,0.8441,0.0065
VendiG(0.7),3.18,3,0.8441,0.0065
VendiG(0.7),3.19,3,0.844,0.0064
VendiG(0.7),3.2,3,0.8436,0.0065
VendiG(0.7),3.21,3,0.8434,0.0063
VendiG(0.7),3.22,3,0.8432,0.0064
VendiG(0.7),3.23,3,0.8432,0.0062
VendiG(0.7),3.24,3,0.8431,0.0063
VendiG(0.7),3.25,3,0.843,0.0059
VendiG(0.7),3.26,3,0.843,0.0059
VendiG(0.7),3.27,3,0.8429,0.0056
VendiG(0.7),3.28,3,0.8427,0.0054
VendiG(0.7),3.29,3,0.8426,0.0052
VendiG(0.7),3.3,3,0.8423,0.005
VendiG(0.7),3.31,3,0.8421,0.0048
VendiG(0.7),3.32,3,0.8419,0.005
VendiG(0.7),3.33,3,0.8419,0.0048
VendiG(0.7),3.34,3,0.8418,0.0047
VendiG(0.7),3.35,3,0.8416,0.0052
VendiG(0.7),3.36,3,0.8415,0.0054
VendiG(0.7),3.37,3,0.8414,0.0054
VendiG(0.7),3.38,3,0.8412,0.005
VendiG(0.7),3.39,3,0.8411,0.005
VendiG(0.7),3.4,3,0.8409,0.0052
VendiG(0.7),3.41,3,0.8407,0.0051
VendiG(0.7),3.42,3,0.8404,0.0046
VendiG(0.7),3.43,3,0.8401,0.0045
VendiG(0.7),3.44,3,0.8398,0.0047
VendiG(0.7),3.45,3,0.8395,0.0048
VendiG(0.7),3.46,3,0.8394,0.0052
VendiG(0.7),3.47,3,0.8392,0.0051
VendiG(0.7),3.48,3,0.839,0.0053
VendiG(0.7),3.49,3,0.8387,0.0053
VendiG(0.7),3.5,3,0.8385,0.005
VendiG(0.7),3.51,3,0.8381,0.0047
VendiG(0.7),3.52,3,0.8379,0.0049
VendiG(0.7),3.53,3,0.8378,0.0054
VendiG(0.7),3.54,3,0.8377,0.0051
VendiG(0.7),3.55,3,0.8375,0.005
VendiG(0.7),3.56,3,0.8373,0.005
VendiG(0.7),3.57,3,0.8371,0.005
VendiG(0.7),3.58,3,0.8368,0.0054
VendiG(0.7),3.59,3,0.8364,0.0049
VendiG(0.7),3.6,3,0.8363,0.0046
VendiG(0.7),3.61,3,0.836,0.0049
VendiG(0.7),3.62,3,0.8356,0.0049
VendiG(0.7),3.63,3,0.8353,0.0051
VendiG(0.7),3.64,3,0.835,0.0051
VendiG(0.7),3.65,3,0.8347,0.0045
VendiG(0.7),3.66,3,0.8342,0.0047
VendiG(0.7),3.67,3,0.8337,0.0042
VendiG(0.7),3.68,3,0.8333,0.0045
VendiG(0.7),3.69,3,0.8331,0.0044
VendiG(0.7),3.7,3,0.8329,0.0044
VendiG(0.7),3.71,3,0.8326,0.005
VendiG(0.7),3.72,3,0.832,0.005
VendiG(0.7),3.73,3,0.8316,0.0052
VendiG(0.7),3.74,3,0.831,0.0054
VendiG(0.7),3.75,3,0.8308,0.0052
VendiG(0.7),3.76,3,0.8304,0.0049
VendiG(0.7),3.77,3,0.8302,0.0044
VendiG(0.7),3.78,3,0.8298,0.0043
VendiG(0.7),3.79,3,0.8295,0.0039
VendiG(0.7),3.8,3,0.8291,0.0034
VendiG(0.7),3.81,3,0.8287,0.0039
VendiG(0.7),3.82,3,0.8283,0.0042
VendiG(0.7),3.83,3,0.8277,0.0048
VendiG(0.7),3.84,3,0.8274,0.0052
VendiG(0.7),3.85,3,0.827,0.0055
VendiG(0.7),3.86,3,0.8266,0.0062
VendiG(0.7),3.87,3,0.8264,0.0057
VendiG(0.7),3.88,3,0.8261,0.0052
VendiG(0.7),3.89,3,0.8258,0.0055
VendiG(0.7),3.9,3,0.8254,0.0047
VendiG(0.7),3.91,3,0.8252,0.0047
VendiG(0.7),3.92,3,0.8248,0.0048
VendiG(0.7),3.93,3,0.8247,0.0044
VendiG(0.7),3.94,3,0.8246,0.0046
VendiG(0.7),3.95,3,0.8244,0.0045
VendiG(0.7),3.96,3,0.8242,0.0046
VendiG(0.7),3.97,3,0.8239,0.0044
VendiG(0.7),3.98,3,0.8238,0.0043
VendiG(0.7),3.99,3,0.8238,0.0041
VendiG(0.7),4.0,3,0.8237,0.0039
VendiG(0.7),4.01,3,0.8236,0.0037
VendiG(0.7),4.02,3,0.8233,0.0036
VendiG(0.7),4.03,3,0.8232,0.0037
VendiG(0.7),4.04,3,0.8231,0.0034
VendiG(0.7),4.05,3,0.823,0.0036
VendiG(0.7),4.06,3,0.823,0.0034
VendiG(0.7),4.07,3,0.8229,0.0033
VendiG(0.7),4.08,3,0.823,0.0035
VendiG(0.7),4.09,3,0.823,0.0035
VendiG(0.7),4.1,3,0.823,0.0035
VendiG(0.7),4.11,3,0.823,0.0035
VendiG(0.7),4.12,3,0.823,0.0035
VendiG(0.7),4.13,3,0.823,0.0034
VendiG(0.7),4.14,3,0.8228,0.0036
VendiG(0.7),4.15,3,0.8228,0.0036
VendiG(0.7),4.16,3,0.8228,0.0036
VendiG(0.7),4.17,3,0.8228,0.0036
VendiG(0.7),4.18,3,0.8227,0.0034
VendiG(0.7),4.19,3,0.8227,0.0034
VendiG(0.7),4.2,3,0.8227,0.0034
VendiG(0.7),4.21,3,0.8227,0.0034
VendiG(0.7),4.23,3,0.8227,0.0034
VendiG(0.7),4.24,2,0.8235,0.0057
VendiG(0.7),4.25,3,0.8227,0.0034
VendiG(0.7),4.26,3,0.8227,0.0034
VendiG(0.7),4.31,2,0.8235,0.0057
VendiG(0.7),4.33,1,0.8239,0.0
VendiG(0.7),4.35,2,0.8235,0.0057
VendiG(0.7),4.36,1,0.8239,0.0
VendiG(0.7),4.37,3,0.8227,0.0034
VendiG(0.7),4.38,2,0.8226,0.0172
VendiG(0.9),1.32,2,0.818,0.0152
VendiG(0.9),1.33,2,0.818,0.0152
VendiG(0.9),1.35,2,0.818,0.0152
VendiG(0.9),1.39,2,0.8214,0.0273
VendiG(0.9),1.43,3,0.8199,0.0083
VendiG(0.9),1.44,2,0.8215,0.0254
VendiG(0.9),1.45,3,0.82,0.0083
VendiG(0.9),1.46,2,0.8216,0.026
VendiG(0.9),1.47,3,0.82,0.0083
VendiG(0.9),1.48,3,0.82,0.0083
VendiG(0.9),1.49,3,0.8201,0.0082
VendiG(0.9),1.5,3,0.8201,0.0082
VendiG(0.9),1.51,3,0.8202,0.0081
VendiG(0.9),1.52,3,0.8202,0.0082
VendiG(0.9),1.53,3,0.8203,0.0083
VendiG(0.9),1.54,3,0.8203,0.0083
VendiG(0.9),1.55,3,0.8203,0.0083
VendiG(0.9),1.56,3,0.8203,0.0083
VendiG(0.9),1.57,3,0.8204,0.0081
VendiG(0.9),1.58,3,0.8205,0.0081
VendiG(0.9),1.59,3,0.8205,0.008
VendiG(0.9),1.6,3,0.8206,0.008
VendiG(0.9),1.61,3,0.8207,0.0079
VendiG(0.9),1.62,3,0.8209,0.0081
VendiG(0.9),1.63,3,0.821,0.008
VendiG(0.9),1.64,3,0.821,0.008
VendiG(0.9),1.65,3,0.821,0.0081
VendiG(0.9),1.66,3,0.8211,0.008
VendiG(0.9),1.67,3,0.8212,0.008
VendiG(0.9),1.68,3,0.8214,0.0081
VendiG(0.9),1.69,3,0.8215,0.008
VendiG(0.9),1.7,3,0.8217,0.008
VendiG(0.9),1.71,3,0.8219,0.0077
VendiG(0.9),1.72,3,0.8221,0.0077
VendiG(0.9),1.73,3,0.8222,0.0073
VendiG(0.9),1.74,3,0.8224,0.0075
VendiG(0.9),1.75,3,0.8224,0.0073
VendiG(0.9),1.76,3,0.8226,0.0075
VendiG(0.9),1.77,3,0.8227,0.0075
VendiG(0.9),1.78,3,0.8228,0.0075
VendiG(0.9),1.79,3,0.8229,0.0075
VendiG(0.9),1.8,3,0.8231,0.0076
VendiG(0.9),1.81,3,0.8232,0.0076
VendiG(0.9),1.82,3,0.8233,0.0076
VendiG(0.9),1.83,3,0.8234,0.0079
VendiG(0.9),1.84,3,0.8237,0.0077
VendiG(0.9),1.85,3,0.8238,0.0077
VendiG(0.9),1.86,3,0.8238,0.0077
VendiG(0.9),1.87,3,0.8239,0.0076
VendiG(0.9),1.88,3,0.824,0.0075
VendiG(0.9),1.89,3,0.8242,0.0075
VendiG(0.9),1.9,3,0.8243,0.0072
VendiG(0.9),1.91,3,0.8244,0.0073
VendiG(0.9),1.92,3,0.8245,0.0073
VendiG(0.9),1.93,3,0.8247,0.0073
VendiG(0.9),1.94,3,0.8247,0.0072
VendiG(0.9),1.95,3,0.8249,0.0076
VendiG(0.9),1.96,3,0.8251,0.0077
VendiG(0.9),1.97,3,0.8253,0.0078
VendiG(0.9),1.98,3,0.8255,0.0078
VendiG(0.9),1.99,3,0.8256,0.0081
VendiG(0.9),2.0,3,0.8257,0.0079
VendiG(0.9),2.01,3,0.8258,0.0078
VendiG(0.9),2.02,3,0.8261,0.0076
VendiG(0.9),2.03,3,0.8262,0.0078
VendiG(0.9),2.04,3,0.8263,0.008
VendiG(0.9),2.05,3,0.8263,0.0079
VendiG(0.9),2.06,3,0.8264,0.008
VendiG(0.9),2.07,3,0.8265,0.0083
VendiG(0.9),2.08,3,0.8266,0.0081
VendiG(0.9),2.09,3,0.8267,0.0082
VendiG(0.9),2.1,3,0.8268,0.0079
VendiG(0.9),2.11,3,0.8268,0.0082
VendiG(0.9),2.12,3,0.8269,0.0082
VendiG(0.9),2.13,3,0.827,0.0084
VendiG(0.9),2.14,3,0.8272,0.0084
VendiG(0.9),2.15,3,0.8273,0.0085
VendiG(0.9),2.16,3,0.8273,0.0086
VendiG(0.9),2.17,3,0.8275,0.0083
VendiG(0.9),2.18,3,0.8276,0.0083
VendiG(0.9),2.19,3,0.8277,0.0084
VendiG(0.9),2.2,3,0.8278,0.0086
VendiG(0.9),2.21,3,0.8279,0.0087
VendiG(0.9),2.22,3,0.8281,0.0086
VendiG(0.9),2.23,3,0.8281,0.0087
VendiG(0.9),2.24,3,0.8282,0.0086
VendiG(0.9),2.25,3,0.8283,0.0087
VendiG(0.9),2.26,3,0.8285,0.0084
VendiG(0.9),2.27,3,0.8286,0.0083
VendiG(0.9),2.28,3,0.8287,0.0081
VendiG(0.9),2.29,3,0.8288,0.0082
VendiG(0.9),2.3,3,0.8289,0.008
VendiG(0.9),2.31,3,0.829,0.008
VendiG(0.9),2.32,3,0.8291,0.0084
VendiG(0.9),2.33,3,0.8292,0.0083
VendiG(0.9),2.34,3,0.8293,0.0083
VendiG(0.9),2.35,3,0.8296,0.0085
VendiG(0.9),2.36,3,0.8297,0.0083
VendiG(0.9),2.37,3,0.8299,0.0084
VendiG(0.9),2.38,3,0.8299,0.0084
VendiG(0.9),2.39,3,0.83,0.0083
VendiG(0.9),2.4,3,0.8301,0.0085
VendiG(0.9),2.41,3,0.8302,0.0086
VendiG(0.9),2.42,3,0.8302,0.0087
VendiG(0.9),2.43,3,0.8305,0.0091
VendiG(0.9),2.44,3,0.8304,0.0091
VendiG(0.9),2.45,3,0.8305,0.0093
VendiG(0.9),2.46,3,0.8306,0.0094
VendiG(0.9),2.47,3,0.8306,0.0095
VendiG(0.9),2.48,3,0.8307,0.0094
VendiG(0.9),2.49,3,0.8307,0.0094
VendiG(0.9),2.5,3,0.8307,0.0091
VendiG(0.9),2.51,3,0.8307,0.0093
VendiG(0.9),2.52,3,0.8309,0.0097
VendiG(0.9),2.53,3,0.8309,0.0097
VendiG(0.9),2.54,3,0.8309,0.0098
VendiG(0.9),2.55,3,0.8309,0.0098
VendiG(0.9),2.56,3,0.8309,0.0097
VendiG(0.9),2.57,3,0.8309,0.0098
VendiG(0.9),2.58,3,0.8309,0.0097
VendiG(0.9),2.59,3,0.831,0.0097
VendiG(0.9),2.6,3,0.831,0.0098
VendiG(0.9),2.61,3,0.8312,0.01
VendiG(0.9),2.62,3,0.8312,0.01
VendiG(0.9),2.63,3,0.8312,0.0102
VendiG(0.9),2.64,3,0.8313,0.0102
VendiG(0.9),2.65,3,0.8313,0.0102
VendiG(0.9),2.66,3,0.8315,0.0101
VendiG(0.9),2.67,3,0.8315,0.0104
VendiG(0.9),2.68,3,0.8316,0.0102
VendiG(0.9),2.69,3,0.8317,0.0104
VendiG(0.9),2.7,3,0.8317,0.0106
VendiG(0.9),2.71,3,0.8318,0.0104
VendiG(0.9),2.72,3,0.832,0.0107
VendiG(0.9),2.73,3,0.832,0.0106
VendiG(0.9),2.74,3,0.832,0.011
VendiG(0.9),2.75,3,0.8321,0.0112
VendiG(0.9),2.76,3,0.8321,0.011
VendiG(0.9),2.77,3,0.8321,0.011
VendiG(0.9),2.78,3,0.8322,0.011
VendiG(0.9),2.79,3,0.8322,0.011
VendiG(0.9),2.8,3,0.8323,0.0112
VendiG(0.9),2.81,3,0.8324,0.0112
VendiG(0.9),2.82,3,0.8323,0.0113
VendiG(0.9),2.83,3,0.8324,0.0115
VendiG(0.9),2.84,3,0.8324,0.0112
VendiG(0.9),2.85,3,0.8324,0.0113
VendiG(0.9),2.86,3,0.8324,0.0111
VendiG(0.9),2.87,3,0.8325,0.0112
VendiG(0.9),2.88,3,0.8325,0.0109
VendiG(0.9),2.89,3,0.8325,0.0111
VendiG(0.9),2.9,3,0.8325,0.0107
VendiG(0.9),2.91,3,0.8325,0.0107
VendiG(0.9),2.92,3,0.8325,0.0108
VendiG(0.9),2.93,3,0.8326,0.0108
VendiG(0.9),2.94,3,0.8327,0.0107
VendiG(0.9),2.95,3,0.8327,0.0107
VendiG(0.9),2.96,3,0.8326,0.0106
VendiG(0.9),2.97,3,0.8327,0.0107
VendiG(0.9),2.98,3,0.8326,0.0107
VendiG(0.9),2.99,3,0.8326,0.0107
VendiG(0.9),3.0,3,0.8327,0.0107
VendiG(0.9),3.01,3,0.8326,0.0108
VendiG(0.9),3.02,3,0.8326,0.0108
VendiG(0.9),3.03,3,0.8326,0.0108
VendiG(0.9),3.04,3,0.8326,0.0106
VendiG(0.9),3.05,3,0.8326,0.0104
VendiG(0.9),3.06,3,0.8325,0.0106
VendiG(0.9),3.07,3,0.8326,0.0107
VendiG(0.9),3.08,3,0.8326,0.0108
VendiG(0.9),3.09,3,0.8327,0.0103
VendiG(0.9),3.1,3,0.8327,0.0106
VendiG(0.9),3.11,3,0.8328,0.0106
VendiG(0.9),3.12,3,0.8329,0.0104
VendiG(0.9),3.13,3,0.8329,0.0104
VendiG(0.9),3.14,3,0.8328,0.0103
VendiG(0.9),3.15,3,0.8328,0.0104
VendiG(0.9),3.16,3,0.8328,0.0104
VendiG(0.9),3.17,3,0.8328,0.0102
VendiG(0.9),3.18,3,0.8328,0.0102
VendiG(0.9),3.19,3,0.8327,0.0099
VendiG(0.9),3.2,3,0.8327,0.0099
VendiG(0.9),3.21,3,0.8328,0.0101
VendiG(0.9),3.22,3,0.8328,0.0101
VendiG(0.9),3.23,3,0.8328,0.0101
VendiG(0.9),3.24,3,0.8328,0.0101
VendiG(0.9),3.25,3,0.8328,0.0101
VendiG(0.9),3.26,3,0.8327,0.0099
VendiG(0.9),3.27,3,0.8328,0.0097
VendiG(0.9),3.28,3,0.8327,0.0094
VendiG(0.9),3.29,3,0.8327,0.0095
VendiG(0.9),3.3,3,0.8327,0.0092
VendiG(0.9),3.31,3,0.8327,0.0092
VendiG(0.9),3.32,3,0.8327,0.0094
VendiG(0.9),3.33,3,0.8326,0.0095
VendiG(0.9),3.34,3,0.8327,0.0092
VendiG(0.9),3.35,3,0.8327,0.0094
VendiG(0.9),3.36,3,0.8327,0.0094
VendiG(0.9),3.37,3,0.8328,0.0098
VendiG(0.9),3.38,3,0.8328,0.0101
VendiG(0.9),3.39,3,0.8328,0.0101
VendiG(0.9),3.4,3,0.8329,0.0101
VendiG(0.9),3.41,3,0.8328,0.0101
VendiG(0.9),3.42,3,0.8327,0.0098
VendiG(0.9),3.43,3,0.8327,0.0101
VendiG(0.9),3.44,3,0.8327,0.0102
VendiG(0.9),3.45,3,0.8327,0.0101
VendiG(0.9),3.46,3,0.8328,0.01
VendiG(0.9),3.47,3,0.8327,0.01
VendiG(0.9),3.48,3,0.8327,0.01
VendiG(0.9),3.49,3,0.8326,0.0099
VendiG(0.9),3.5,3,0.8326,0.0099
VendiG(0.9),3.51,3,0.8327,0.01
VendiG(0.9),3.52,3,0.8325,0.01
VendiG(0.9),3.53,3,0.8325,0.01
VendiG(0.9),3.54,3,0.8326,0.0101
VendiG(0.9),3.55,3,0.8325,0.0101
VendiG(0.9),3.56,3,0.8325,0.0101
VendiG(0.9),3.57,3,0.8323,0.01
VendiG(0.9),3.58,3,0.8322,0.0098
VendiG(0.9),3.59,3,0.8321,0.0102
VendiG(0.9),3.6,3,0.8321,0.0103
VendiG(0.9),3.61,3,0.8321,0.0102
VendiG(0.9),3.62,3,0.832,0.0102
VendiG(0.9),3.63,3,0.832,0.0104
VendiG(0.9),3.64,3,0.8319,0.0106
VendiG(0.9),3.65,3,0.8318,0.0104
VendiG(0.9),3.66,3,0.8318,0.0106
VendiG(0.9),3.67,3,0.8317,0.0104
VendiG(0.9),3.68,3,0.8316,0.0106
VendiG(0.9),3.69,3,0.8316,0.0107
VendiG(0.9),3.7,3,0.8315,0.0106
VendiG(0.9),3.71,3,0.8315,0.0107
VendiG(0.9),3.72,3,0.8315,0.0107
VendiG(0.9),3.73,3,0.8313,0.0109
VendiG(0.9),3.74,3,0.8312,0.0112
VendiG(0.9),3.75,3,0.8311,0.0112
VendiG(0.9),3.76,3,0.8308,0.0109
VendiG(0.9),3.77,3,0.8309,0.0111
VendiG(0.9),3.78,3,0.8308,0.0113
VendiG(0.9),3.79,3,0.8308,0.0113
VendiG(0.9),3.8,3,0.8307,0.0113
VendiG(0.9),3.81,3,0.8306,0.0111
VendiG(0.9),3.82,3,0.8304,0.0111
VendiG(0.9),3.83,3,0.8303,0.0113
VendiG(0.9),3.84,3,0.8303,0.0113
VendiG(0.9),3.85,3,0.8302,0.0113
VendiG(0.9),3.86,3,0.8301,0.0113
VendiG(0.9),3.87,3,0.8301,0.0113
VendiG(0.9),3.88,3,0.83,0.0114
VendiG(0.9),3.89,3,0.83,0.0114
VendiG(0.9),3.9,3,0.8298,0.0117
VendiG(0.9),3.91,3,0.8297,0.0115
VendiG(0.9),3.92,3,0.8297,0.0115
VendiG(0.9),3.93,3,0.8297,0.0114
VendiG(0.9),3.94,3,0.8297,0.0115
VendiG(0.9),3.95,3,0.8296,0.0114
VendiG(0.9),3.96,3,0.8296,0.0114
VendiG(0.9),3.97,3,0.8295,0.0117
VendiG(0.9),3.98,3,0.8295,0.0117
VendiG(0.9),3.99,3,0.8294,0.0117
VendiG(0.9),4.0,3,0.8295,0.0119
VendiG(0.9),4.01,3,0.8294,0.012
VendiG(0.9),4.02,3,0.8294,0.012
VendiG(0.9),4.03,3,0.8293,0.0119
VendiG(0.9),4.04,3,0.8293,0.0119
VendiG(0.9),4.05,3,0.8293,0.0119
VendiG(0.9),4.06,3,0.8293,0.0119
VendiG(0.9),4.07,3,0.8293,0.0119
VendiG(0.9),4.08,3,0.8293,0.0119
VendiG(0.9),4.09,3,0.8293,0.0119
VendiG(0.9),4.1,3,0.8293,0.0119
VendiG(0.9),4.11,3,0.8293,0.0119
VendiG(0.9),4.12,3,0.8293,0.0119
VendiG(0.9),4.13,3,0.8293,0.0119
VendiG(0.9),4.14,3,0.8293,0.0119
VendiG(0.9),4.15,3,0.8293,0.0119
VendiG(0.9),4.16,3,0.8293,0.0121
VendiG(0.9),4.17,3,0.8293,0.0121
VendiG(0.9),4.18,3,0.8292,0.0121
VendiG(0.9),4.19,3,0.8292,0.0121
VendiG(0.9),4.2,3,0.8292,0.0121
VendiG(0.9),4.21,3,0.8292,0.0121
VendiG(0.9),4.23,3,0.8292,0.0121
VendiG(0.9),4.24,2,0.8266,0.0248
VendiG(0.9),4.25,3,0.8292,0.0121
VendiG(0.9),4.26,3,0.8292,0.0121
VendiG(0.9),4.31,2,0.8266,0.0248
VendiG(0.9),4.33,1,0.8286,0.0
VendiG(0.9),4.35,2,0.8266,0.0248
VendiG(0.9),4.36,1,0.8286,0.0
VendiG(0.9),4.37,3,0.8292,0.0121
VendiG(0.9),4.38,2,0.8315,0.0368
RNG(-2),1.32,2,0.818,0.0152
RNG(-2),1.33,2,0.818,0.0152
RNG(-2),1.35,2,0.818,0.0152
RNG(-2),1.39,2,0.8214,0.0273
RNG(-2),1.43,3,0.8198,0.0084
RNG(-2),1.44,2,0.8214,0.0273
RNG(-2),1.45,3,0.8198,0.0084
RNG(-2),1.46,2,0.8214,0.0273
RNG(-2),1.47,3,0.8198,0.0084
RNG(-2),1.48,3,0.8198,0.0084
RNG(-2),1.49,3,0.8198,0.0084
RNG(-2),1.5,3,0.8198,0.0084
RNG(-2),1.51,3,0.8198,0.0084
RNG(-2),1.52,3,0.8198,0.0084
RNG(-2),1.53,3,0.8198,0.0084
RNG(-2),1.54,3,0.8198,0.0084
RNG(-2),1.55,3,0.8198,0.0084
RNG(-2),1.56,3,0.8198,0.0084
RNG(-2),1.57,3,0.8198,0.0084
RNG(-2),1.58,3,0.8198,0.0084
RNG(-2),1.59,3,0.8198,0.0084
RNG(-2),1.6,3,0.8198,0.0084
RNG(-2),1.61,3,0.8198,0.0084
RNG(-2),1.62,3,0.8198,0.0084
RNG(-2),1.63,3,0.8198,0.0084
RNG(-2),1.64,3,0.8198,0.0084
RNG(-2),1.65,3,0.8198,0.0084
RNG(-2),1.66,3,0.8198,0.0084
RNG(-2),1.67,3,0.8198,0.0084
RNG(-2),1.68,3,0.8198,0.0084
RNG(-2),1.69,3,0.8198,0.0084
RNG(-2),1.7,3,0.8198,0.0084
RNG(-2),1.71,3,0.8198,0.0084
RNG(-2),1.72,3,0.8198,0.0084
RNG(-2),1.73,3,0.8198,0.0084
RNG(-2),1.74,3,0.8198,0.0084
RNG(-2),1.75,3,0.8198,0.0084
RNG(-2),1.76,3,0.8198,0.0084
RNG(-2),1.77,3,0.8198,0.0084
RNG(-2),1.78,3,0.8198,0.0084
RNG(-2),1.79,3,0.8198,0.0084
RNG(-2),1.8,3,0.8198,0.0084
RNG(-2),1.81,3,0.8198,0.0084
RNG(-2),1.82,3,0.8198,0.0084
RNG(-2),1.83,3,0.8198,0.0084
RNG(-2),1.84,3,0.8198,0.0084
RNG(-2),1.85,3,0.8198,0.0084
RNG(-2),1.86,3,0.8198,0.0084
RNG(-2),1.87,3,0.8198,0.0084
RNG(-2),1.88,3,0.8198,0.0084
RNG(-2),1.89,3,0.8198,0.0084
RNG(-2),1.9,3,0.8198,0.0084
RNG(-2),1.91,3,0.8198,0.0084
RNG(-2),1.92,3,0.8198,0.0084
RNG(-2),1.93,3,0.8198,0.0084
RNG(-2),1.94,3,0.8198,0.0084
RNG(-2),1.95,3,0.8198,0.0084
RNG(-2),1.96,3,0.8198,0.0084
RNG(-2),1.97,3,0.8198,0.0084
RNG(-2),1.98,3,0.8198,0.0084
RNG(-2),1.99,3,0.8198,0.0084
RNG(-2),2.0,3,0.8198,0.0084
RNG(-2),2.01,3,0.8198,0.0084
RNG(-2),2.02,3,0.8198,0.0084
RNG(-2),2.03,3,0.8198,0.0084
RNG(-2),2.04,3,0.8198,0.0084
RNG(-2),2.05,3,0.8198,0.0084
RNG(-2),2.06,3,0.8198,0.0084
RNG(-2),2.07,3,0.8198,0.0084
RNG(-2),2.08,3,0.8198,0.0084
RNG(-2),2.09,3,0.8198,0.0084
RNG(-2),2.1,3,0.8198,0.0084
RNG(-2),2.11,3,0.8198,0.0084
RNG(-2),2.12,3,0.8198,0.0084
RNG(-2),2.13,3,0.8198,0.0084
RNG(-2),2.14,3,0.8198,0.0084
RNG(-2),2.15,3,0.8198,0.0084
RNG(-2),2.16,3,0.8198,0.0084
RNG(-2),2.17,3,0.8198,0.0084
RNG(-2),2.18,3,0.8198,0.0084
RNG(-2),2.19,3,0.8198,0.0084
RNG(-2),2.2,3,0.8198,0.0084
RNG(-2),2.21,3,0.8198,0.0084
RNG(-2),2.22,3,0.8198,0.0084
RNG(-2),2.23,3,0.8198,0.0084
RNG(-2),2.24,3,0.8198,0.0084
RNG(-2),2.25,3,0.8198,0.0084
RNG(-2),2.26,3,0.8198,0.0084
RNG(-2),2.27,3,0.8198,0.0084
RNG(-2),2.28,3,0.8198,0.0084
RNG(-2),2.29,3,0.8198,0.0084
RNG(-2),2.3,3,0.8198,0.0084
RNG(-2),2.31,3,0.8198,0.0084
RNG(-2),2.32,3,0.8198,0.0084
RNG(-2),2.33,3,0.8198,0.0084
RNG(-2),2.34,3,0.8198,0.0084
RNG(-2),2.35,3,0.8198,0.0084
RNG(-2),2.36,3,0.8198,0.0084
RNG(-2),2.37,3,0.8198,0.0084
RNG(-2),2.38,3,0.8198,0.0084
RNG(-2),2.39,3,0.8198,0.0084
RNG(-2),2.4,3,0.8198,0.0084
RNG(-2),2.41,3,0.8198,0.0084
RNG(-2),2.42,3,0.8198,0.0084
RNG(-2),2.43,3,0.8198,0.0084
RNG(-2),2.44,3,0.8198,0.0084
RNG(-2),2.45,3,0.8198,0.0084
RNG(-2),2.46,3,0.8198,0.0084
RNG(-2),2.47,3,0.8198,0.0084
RNG(-2),2.48,3,0.8198,0.0084
RNG(-2),2.49,3,0.8198,0.0084
RNG(-2),2.5,3,0.8198,0.0084
RNG(-2),2.51,3,0.8198,0.0084
RNG(-2),2.52,3,0.8198,0.0084
RNG(-2),2.53,3,0.8198,0.0084
RNG(-2),2.54,3,0.8198,0.0084
RNG(-2),2.55,3,0.8198,0.0084
RNG(-2),2.56,3,0.8198,0.0084
RNG(-2),2.57,3,0.8198,0.0084
RNG(-2),2.58,3,0.8198,0.0084
RNG(-2),2.59,3,0.8198,0.0084
RNG(-2),2.6,3,0.8198,0.0084
RNG(-2),2.61,3,0.8198,0.0084
RNG(-2),2.62,3,0.8198,0.0084
RNG(-2),2.63,3,0.8198,0.0084
RNG(-2),2.64,3,0.8198,0.0084
RNG(-2),2.65,3,0.8198,0.0084
RNG(-2),2.66,3,0.8198,0.0084
RNG(-2),2.67,3,0.8198,0.0084
RNG(-2),2.68,3,0.8198,0.0084
RNG(-2),2.69,3,0.8198,0.0084
RNG(-2),2.7,3,0.8198,0.0084
RNG(-2),2.71,3,0.8198,0.0084
RNG(-2),2.72,3,0.8198,0.0084
RNG(-2),2.73,3,0.8198,0.0084
RNG(-2),2.74,3,0.8198,0.0084
RNG(-2),2.75,3,0.8198,0.0084
RNG(-2),2.76,3,0.8198,0.0084
RNG(-2),2.77,3,0.8198,0.0084
RNG(-2),2.78,3,0.8198,0.0084
RNG(-2),2.79,3,0.8198,0.0084
RNG(-2),2.8,3,0.8198,0.0084
RNG(-2),2.81,3,0.8198,0.0084
RNG(-2),2.82,3,0.8198,0.0084
RNG(-2),2.83,3,0.8198,0.0084
RNG(-2),2.84,3,0.8198,0.0084
RNG(-2),2.85,3,0.8198,0.0084
RNG(-2),2.86,3,0.8198,0.0084
RNG(-2),2.87,3,0.8198,0.0084
RNG(-2),2.88,3,0.8198,0.0084
RNG(-2),2.89,3,0.8198,0.0084
RNG(-2),2.9,3,0.8198,0.0084
RNG(-2),2.91,3,0.8198,0.0084
RNG(-2),2.92,3,0.8198,0.0084
RNG(-2),2.93,3,0.8198,0.0084
RNG(-2),2.94,3,0.8198,0.0084
RNG(-2),2.95,3,0.8198,0.0084
RNG(-2),2.96,3,0.8198,0.0084
RNG(-2),2.97,3,0.8198,0.0084
RNG(-2),2.98,3,0.8198,0.0084
RNG(-2),2.99,3,0.8198,0.0084
RNG(-2),3.0,3,0.8198,0.0084
RNG(-2),3.01,3,0.8198,0.0084
RNG(-2),3.02,3,0.8198,0.0084
RNG(-2),3.03,3,0.8198,0.0084
RNG(-2),3.04,3,0.8198,0.0084
RNG(-2),3.05,3,0.8198,0.0084
RNG(-2),3.06,3,0.8198,0.0084
RNG(-2),3.07,3,0.8198,0.0084
RNG(-2),3.08,3,0.8198,0.0084
RNG(-2),3.09,3,0.8198,0.0084
RNG(-2),3.1,3,0.8198,0.0084
RNG(-2),3.11,3,0.8198,0.0084
RNG(-2),3.12,3,0.8198,0.0084
RNG(-2),3.13,3,0.8198,0.0084
RNG(-2),3.14,3,0.8198,0.0084
RNG(-2),3.15,3,0.8198,0.0084
RNG(-2),3.16,3,0.8198,0.0084
RNG(-2),3.17,3,0.8198,0.0084
RNG(-2),3.18,3,0.8198,0.0084
RNG(-2),3.19,3,0.8198,0.0084
RNG(-2),3.2,3,0.8198,0.0084
RNG(-2),3.21,3,0.8198,0.0084
RNG(-2),3.22,3,0.8198,0.0084
RNG(-2),3.23,3,0.8198,0.0084
RNG(-2),3.24,3,0.8198,0.0084
RNG(-2),3.25,3,0.8198,0.0084
RNG(-2),3.26,3,0.8198,0.0084
RNG(-2),3.27,3,0.8198,0.0084
RNG(-2),3.28,3,0.8198,0.0084
RNG(-2),3.29,3,0.8198,0.0084
RNG(-2),3.3,3,0.8198,0.0084
RNG(-2),3.31,3,0.8198,0.0084
RNG(-2),3.32,3,0.8198,0.0084
RNG(-2),3.33,3,0.8198,0.0084
RNG(-2),3.34,3,0.8198,0.0084
RNG(-2),3.35,3,0.8198,0.0084
RNG(-2),3.36,3,0.8198,0.0084
RNG(-2),3.37,3,0.8198,0.0084
RNG(-2),3.38,3,0.8198,0.0084
RNG(-2),3.39,3,0.8198,0.0084
RNG(-2),3.4,3,0.8198,0.0084
RNG(-2),3.41,3,0.8198,0.0084
RNG(-2),3.42,3,0.8198,0.0084
RNG(-2),3.43,3,0.8198,0.0084
RNG(-2),3.44,3,0.8198,0.0084
RNG(-2),3.45,3,0.8198,0.0084
RNG(-2),3.46,3,0.8198,0.0084
RNG(-2),3.47,3,0.8198,0.0084
RNG(-2),3.48,3,0.8198,0.0084
RNG(-2),3.49,3,0.8198,0.0084
RNG(-2),3.5,3,0.8198,0.0084
RNG(-2),3.51,3,0.8198,0.0084
RNG(-2),3.52,3,0.8198,0.0084
RNG(-2),3.53,3,0.8198,0.0084
RNG(-2),3.54,3,0.8198,0.0084
RNG(-2),3.55,3,0.8198,0.0084
RNG(-2),3.56,3,0.8198,0.0084
RNG(-2),3.57,3,0.8198,0.0084
RNG(-2),3.58,3,0.8198,0.0084
RNG(-2),3.59,3,0.8198,0.0084
RNG(-2),3.6,3,0.8198,0.0084
RNG(-2),3.61,3,0.8198,0.0084
RNG(-2),3.62,3,0.8198,0.0084
RNG(-2),3.63,3,0.8198,0.0084
RNG(-2),3.64,3,0.8198,0.0084
RNG(-2),3.65,3,0.8198,0.0084
RNG(-2),3.66,3,0.8198,0.0084
RNG(-2),3.67,3,0.8198,0.0084
RNG(-2),3.68,3,0.8198,0.0084
RNG(-2),3.69,3,0.8198,0.0084
RNG(-2),3.7,3,0.8198,0.0084
RNG(-2),3.71,3,0.8198,0.0084
RNG(-2),3.72,3,0.8198,0.0084
RNG(-2),3.73,3,0.8198,0.0084
RNG(-2),3.74,3,0.8198,0.0084
RNG(-2),3.75,3,0.8198,0.0084
RNG(-2),3.76,3,0.8198,0.0084
RNG(-2),3.77,3,0.8198,0.0084
RNG(-2),3.78,3,0.8198,0.0084
RNG(-2),3.79,3,0.8198,0.0084
RNG(-2),3.8,3,0.8198,0.0084
RNG(-2),3.81,3,0.8198,0.0084
RNG(-2),3.82,3,0.8198,0.0084
RNG(-2),3.83,3,0.8198,0.0084
RNG(-2),3.84,3,0.8198,0.0084
RNG(-2),3.85,3,0.8198,0.0084
RNG(-2),3.86,3,0.8198,0.0084
RNG(-2),3.87,3,0.8198,0.0084
RNG(-2),3.88,3,0.8198,0.0084
RNG(-2),3.89,3,0.8198,0.0084
RNG(-2),3.9,3,0.8198,0.0084
RNG(-2),3.91,3,0.8198,0.0084
RNG(-2),3.92,3,0.8198,0.0084
RNG(-2),3.93,3,0.8198,0.0084
RNG(-2),3.94,3,0.8198,0.0084
RNG(-2),3.95,3,0.8198,0.0084
RNG(-2),3.96,3,0.8198,0.0084
RNG(-2),3.97,3,0.8198,0.0084
RNG(-2),3.98,3,0.8198,0.0084
RNG(-2),3.99,3,0.8198,0.0084
RNG(-2),4.0,3,0.8198,0.0084
RNG(-2),4.01,3,0.8198,0.0084
RNG(-2),4.02,3,0.8198,0.0084
RNG(-2),4.03,3,0.8198,0.0084
RNG(-2),4.04,3,0.8198,0.0084
RNG(-2),4.05,3,0.8198,0.0084
RNG(-2),4.06,3,0.8198,0.0084
RNG(-2),4.07,3,0.8198,0.0084
RNG(-2),4.08,3,0.8198,0.0084
RNG(-2),4.09,3,0.8198,0.0084
RNG(-2),4.1,3,0.8198,0.0084
RNG(-2),4.11,3,0.8198,0.0084
RNG(-2),4.12,3,0.8198,0.0084
RNG(-2),4.13,3,0.8198,0.0084
RNG(-2),4.14,3,0.8198,0.0084
RNG(-2),4.15,3,0.8198,0.0084
RNG(-2),4.16,3,0.8198,0.0084
RNG(-2),4.17,3,0.8198,0.0084
RNG(-2),4.18,3,0.8198,0.0084
RNG(-2),4.19,3,0.8198,0.0084
RNG(-2),4.2,3,0.8198,0.0084
RNG(-2),4.21,3,0.8198,0.0084
RNG(-2),4.23,3,0.8198,0.0084
RNG(-2),4.24,2,0.818,0.0152
RNG(-2),4.25,3,0.8198,0.0084
RNG(-2),4.26,3,0.8198,0.0084
RNG(-2),4.31,2,0.818,0.0152
RNG(-2),4.33,1,0.8192,0.0
RNG(-2),4.35,2,0.818,0.0152
RNG(-2),4.36,1,0.8192,0.0
RNG(-2),4.37,3,0.8198,0.0084
RNG(-2),4.38,2,0.8214,0.0273
RNG(-0.3),1.32,2,0.818,0.0152
RNG(-0.3),1.33,2,0.818,0.0152
RNG(-0.3),1.35,2,0.818,0.0152
RNG(-0.3),1.39,2,0.8214,0.0273
RNG(-0.3),1.43,3,0.8199,0.0083
RNG(-0.3),1.44,2,0.8215,0.0254
RNG(-0.3),1.45,3,0.82,0.0083
RNG(-0.3),1.46,2,0.8216,0.026
RNG(-0.3),1.47,3,0.82,0.0084
RNG(-0.3),1.48,3,0.8201,0.0085
RNG(-0.3),1.49,3,0.8201,0.0085
RNG(-0.3),1.5,3,0.8202,0.0085
RNG(-0.3),1.51,3,0.8202,0.0083
RNG(-0.3),1.52,3,0.8202,0.0085
RNG(-0.3),1.53,3,0.8203,0.0086
RNG(-0.3),1.54,3,0.8203,0.0085
RNG(-0.3),1.55,3,0.8203,0.0085
RNG(-0.3),1.56,3,0.8204,0.0086
RNG(-0.3),1.57,3,0.8204,0.0086
RNG(-0.3),1.58,3,0.8204,0.0085
RNG(-0.3),1.59,3,0.8205,0.0083
RNG(-0.3),1.6,3,0.8205,0.0083
RNG(-0.3),1.61,3,0.8206,0.0083
RNG(-0.3),1.62,3,0.8209,0.0085
RNG(-0.3),1.63,3,0.821,0.0084
RNG(-0.3),1.64,3,0.821,0.0083
RNG(-0.3),1.65,3,0.821,0.0085
RNG(-0.3),1.66,3,0.8211,0.0082
RNG(-0.3),1.67,3,0.8211,0.0082
RNG(-0.3),1.68,3,0.8213,0.0085
RNG(-0.3),1.69,3,0.8215,0.0083
RNG(-0.3),1.7,3,0.8217,0.0082
RNG(-0.3),1.71,3,0.8219,0.0078
RNG(-0.3),1.72,3,0.822,0.008
RNG(-0.3),1.73,3,0.8222,0.0077
RNG(-0.3),1.74,3,0.8223,0.0078
RNG(-0.3),1.75,3,0.8225,0.0077
RNG(-0.3),1.76,3,0.8226,0.008
RNG(-0.3),1.77,3,0.8228,0.008
RNG(-0.3),1.78,3,0.8228,0.0081
RNG(-0.3),1.79,3,0.8229,0.0081
RNG(-0.3),1.8,3,0.823,0.0082
RNG(-0.3),1.81,3,0.8231,0.0081
RNG(-0.3),1.82,3,0.8232,0.0079
RNG(-0.3),1.83,3,0.8233,0.008
RNG(-0.3),1.84,3,0.8234,0.008
RNG(-0.3),1.85,3,0.8235,0.0081
RNG(-0.3),1.86,3,0.8235,0.0082
RNG(-0.3),1.87,3,0.8236,0.0083
RNG(-0.3),1.88,3,0.8237,0.0081
RNG(-0.3),1.89,3,0.8238,0.008
RNG(-0.3),1.9,3,0.824,0.0077
RNG(-0.3),1.91,3,0.8242,0.0078
RNG(-0.3),1.92,3,0.8243,0.008
RNG(-0.3),1.93,3,0.8244,0.008
RNG(-0.3),1.94,3,0.8245,0.0079
RNG(-0.3),1.95,3,0.8246,0.0082
RNG(-0.3),1.96,3,0.8248,0.0085
RNG(-0.3),1.97,3,0.825,0.0086
RNG(-0.3),1.98,3,0.825,0.0086
RNG(-0.3),1.99,3,0.8252,0.0087
RNG(-0.3),2.0,3,0.8254,0.0086
RNG(-0.3),2.01,3,0.8255,0.0084
RNG(-0.3),2.02,3,0.8257,0.0083
RNG(-0.3),2.03,3,0.8258,0.0081
RNG(-0.3),2.04,3,0.8258,0.0081
RNG(-0.3),2.05,3,0.8259,0.0083
RNG(-0.3),2.06,3,0.8259,0.0082
RNG(-0.3),2.07,3,0.826,0.0085
RNG(-0.3),2.08,3,0.8261,0.0081
RNG(-0.3),2.09,3,0.8262,0.0081
RNG(-0.3),2.1,3,0.8263,0.008
RNG(-0.3),2.11,3,0.8263,0.008
RNG(-0.3),2.12,3,0.8264,0.0078
RNG(-0.3),2.13,3,0.8265,0.0079
RNG(-0.3),2.14,3,0.8267,0.0076
RNG(-0.3),2.15,3,0.8267,0.0077
RNG(-0.3),2.16,3,0.8269,0.0078
RNG(-0.3),2.17,3,0.8271,0.0075
RNG(-0.3),2.18,3,0.8272,0.0075
RNG(-0.3),2.19,3,0.8272,0.0074
RNG(-0.3),2.2,3,0.8273,0.0078
RNG(-0.3),2.21,3,0.8275,0.0079
RNG(-0.3),2.22,3,0.8276,0.0077
RNG(-0.3),2.23,3,0.8277,0.0078
RNG(-0.3),2.24,3,0.8278,0.0078
RNG(-0.3),2.25,3,0.8279,0.008
RNG(-0.3),2.26,3,0.8281,0.0079
RNG(-0.3),2.27,3,0.8282,0.0077
RNG(-0.3),2.28,3,0.8283,0.0074
RNG(-0.3),2.29,3,0.8284,0.0073
RNG(-0.3),2.3,3,0.8285,0.0071
RNG(-0.3),2.31,3,0.8286,0.0072
RNG(-0.3),2.32,3,0.8286,0.0074
RNG(-0.3),2.33,3,0.8287,0.0071
RNG(-0.3),2.34,3,0.8288,0.0071
RNG(-0.3),2.35,3,0.829,0.007
RNG(-0.3),2.36,3,0.829,0.0071
RNG(-0.3),2.37,3,0.8291,0.0071
RNG(-0.3),2.38,3,0.8291,0.007
RNG(-0.3),2.39,3,0.8292,0.0068
RNG(-0.3),2.4,3,0.8293,0.007
RNG(-0.3),2.41,3,0.8294,0.0072
RNG(-0.3),2.42,3,0.8296,0.0072
RNG(-0.3),2.43,3,0.8296,0.0073
RNG(-0.3),2.44,3,0.8296,0.0072
RNG(-0.3),2.45,3,0.8297,0.0073
RNG(-0.3),2.46,3,0.8298,0.0073
RNG(-0.3),2.47,3,0.8299,0.0075
RNG(-0.3),2.48,3,0.83,0.0072
RNG(-0.3),2.49,3,0.83,0.0072
RNG(-0.3),2.5,3,0.8301,0.0072
RNG(-0.3),2.51,3,0.8302,0.0072
RNG(-0.3),2.52,3,0.8304,0.0076
RNG(-0.3),2.53,3,0.8304,0.0076
RNG(-0.3),2.54,3,0.8305,0.0076
RNG(-0.3),2.55,3,0.8305,0.0079
RNG(-0.3),2.56,3,0.8306,0.0077
RNG(-0.3),2.57,3,0.8306,0.0077
RNG(-0.3),2.58,3,0.8307,0.0077
RNG(-0.3),2.59,3,0.8307,0.0078
RNG(-0.3),2.6,3,0.8308,0.0078
RNG(-0.3),2.61,3,0.8309,0.0077
RNG(-0.3),2.62,3,0.831,0.0078
RNG(-0.3),2.63,3,0.8311,0.0078
RNG(-0.3),2.64,3,0.8312,0.0078
RNG(-0.3),2.65,3,0.8312,0.0078
RNG(-0.3),2.66,3,0.8313,0.0078
RNG(-0.3),2.67,3,0.8313,0.008
RNG(-0.3),2.68,3,0.8314,0.0078
RNG(-0.3),2.69,3,0.8314,0.0077
RNG(-0.3),2.7,3,0.8314,0.0079
RNG(-0.3),2.71,3,0.8315,0.0081
RNG(-0.3),2.72,3,0.8316,0.0081
RNG(-0.3),2.73,3,0.8317,0.0078
RNG(-0.3),2.74,3,0.8317,0.008
RNG(-0.3),2.75,3,0.8317,0.008
RNG(-0.3),2.76,3,0.8317,0.008
RNG(-0.3),2.77,3,0.8319,0.0081
RNG(-0.3),2.78,3,0.832,0.0081
RNG(-0.3),2.79,3,0.8321,0.0081
RNG(-0.3),2.8,3,0.8321,0.0082
RNG(-0.3),2.81,3,0.8323,0.0081
RNG(-0.3),2.82,3,0.8323,0.0082
RNG(-0.3),2.83,3,0.8323,0.0082
RNG(-0.3),2.84,3,0.8323,0.0082
RNG(-0.3),2.85,3,0.8324,0.0083
RNG(-0.3),2.86,3,0.8325,0.0082
RNG(-0.3),2.87,3,0.8325,0.0083
RNG(-0.3),2.88,3,0.8326,0.0082
RNG(-0.3),2.89,3,0.8327,0.0082
RNG(-0.3),2.9,3,0.8327,0.0083
RNG(-0.3),2.91,3,0.8328,0.0082
RNG(-0.3),2.92,3,0.8328,0.0083
RNG(-0.3),2.93,3,0.8329,0.0084
RNG(-0.3),2.94,3,0.833,0.0081
RNG(-0.3),2.95,3,0.833,0.0082
RNG(-0.3),2.96,3,0.8329,0.0083
RNG(-0.3),2.97,3,0.8329,0.0083
RNG(-0.3),2.98,3,0.8329,0.0082
RNG(-0.3),2.99,3,0.8329,0.008
RNG(-0.3),3.0,3,0.8329,0.008
RNG(-0.3),3.01,3,0.8329,0.008
RNG(-0.3),3.02,3,0.8329,0.008
RNG(-0.3),3.03,3,0.833,0.008
RNG(-0.3),3.04,3,0.8331,0.0078
RNG(-0.3),3.05,3,0.8332,0.0078
RNG(-0.3),3.06,3,0.8332,0.0078
RNG(-0.3),3.07,3,0.8333,0.008
RNG(-0.3),3.08,3,0.8333,0.0078
RNG(-0.3),3.09,3,0.8334,0.008
RNG(-0.3),3.1,3,0.8334,0.008
RNG(-0.3),3.11,3,0.8335,0.0077
RNG(-0.3),3.12,3,0.8336,0.0077
RNG(-0.3),3.13,3,0.8336,0.0076
RNG(-0.3),3.14,3,0.8337,0.0076
RNG(-0.3),3.15,3,0.8337,0.0076
RNG(-0.3),3.16,3,0.8337,0.0076
RNG(-0.3),3.17,3,0.8338,0.0077
RNG(-0.3),3.18,3,0.8338,0.0076
RNG(-0.3),3.19,3,0.8338,0.0076
RNG(-0.3),3.2,3,0.8339,0.0076
RNG(-0.3),3.21,3,0.8339,0.0075
RNG(-0.3),3.22,3,0.8339,0.0076
RNG(-0.3),3.23,3,0.834,0.0076
RNG(-0.3),3.24,3,0.834,0.0077
RNG(-0.3),3.25,3,0.8341,0.0075
RNG(-0.3),3.26,3,0.8341,0.0075
RNG(-0.3),3.27,3,0.8342,0.0073
RNG(-0.3),3.28,3,0.8342,0.0072
RNG(-0.3),3.29,3,0.8343,0.0073
RNG(-0.3),3.3,3,0.8343,0.0073
RNG(-0.3),3.31,3,0.8343,0.0073
RNG(-0.3),3.32,3,0.8344,0.0075
RNG(-0.3),3.33,3,0.8344,0.0076
RNG(-0.3),3.34,3,0.8345,0.0075
RNG(-0.3),3.35,3,0.8345,0.0075
RNG(-0.3),3.36,3,0.8346,0.0073
RNG(-0.3),3.37,3,0.8346,0.0073
RNG(-0.3),3.38,3,0.8347,0.0073
RNG(-0.3),3.39,3,0.8347,0.0073
RNG(-0.3),3.4,3,0.8347,0.0075
RNG(-0.3),3.41,3,0.8348,0.0075
RNG(-0.3),3.42,3,0.8348,0.0075
RNG(-0.3),3.43,3,0.8348,0.0075
RNG(-0.3),3.44,3,0.8348,0.0075
RNG(-0.3),3.45,3,0.8348,0.0075
RNG(-0.3),3.46,3,0.8348,0.0075
RNG(-0.3),3.47,3,0.8349,0.0076
RNG(-0.3),3.48,3,0.8349,0.0075
RNG(-0.3),3.49,3,0.8349,0.0075
RNG(-0.3),3.5,3,0.8349,0.0074
RNG(-0.3),3.51,3,0.835,0.0072
RNG(-0.3),3.52,3,0.835,0.0072
RNG(-0.3),3.53,3,0.835,0.0072
RNG(-0.3),3.54,3,0.835,0.0072
RNG(-0.3),3.55,3,0.835,0.0071
RNG(-0.3),3.56,3,0.835,0.0071
RNG(-0.3),3.57,3,0.8351,0.0072
RNG(-0.3),3.58,3,0.835,0.0071
RNG(-0.3),3.59,3,0.835,0.0072
RNG(-0.3),3.6,3,0.8351,0.0072
RNG(-0.3),3.61,3,0.8351,0.0072
RNG(-0.3),3.62,3,0.8351,0.0072
RNG(-0.3),3.63,3,0.8351,0.0072
RNG(-0.3),3.64,3,0.8351,0.0072
RNG(-0.3),3.65,3,0.8351,0.0072
RNG(-0.3),3.66,3,0.8351,0.0073
RNG(-0.3),3.67,3,0.8351,0.0072
RNG(-0.3),3.68,3,0.8351,0.0071
RNG(-0.3),3.69,3,0.8351,0.0071
RNG(-0.3),3.7,3,0.8351,0.0071
RNG(-0.3),3.71,3,0.8351,0.0072
RNG(-0.3),3.72,3,0.8351,0.0072
RNG(-0.3),3.73,3,0.8352,0.0072
RNG(-0.3),3.74,3,0.8351,0.0072
RNG(-0.3),3.75,3,0.8351,0.0071
RNG(-0.3),3.76,3,0.8351,0.0071
RNG(-0.3),3.77,3,0.8351,0.0071
RNG(-0.3),3.78,3,0.835,0.0068
RNG(-0.3),3.79,3,0.835,0.0068
RNG(-0.3),3.8,3,0.835,0.0068
RNG(-0.3),3.81,3,0.8351,0.0068
RNG(-0.3),3.82,3,0.8351,0.0068
RNG(-0.3),3.83,3,0.8351,0.007
RNG(-0.3),3.84,3,0.8351,0.007
RNG(-0.3),3.85,3,0.8351,0.007
RNG(-0.3),3.86,3,0.8351,0.007
RNG(-0.3),3.87,3,0.8351,0.007
RNG(-0.3),3.88,3,0.8351,0.007
RNG(-0.3),3.89,3,0.8351,0.007
RNG(-0.3),3.9,3,0.8351,0.007
RNG(-0.3),3.91,3,0.8351,0.007
RNG(-0.3),3.92,3,0.8351,0.007
RNG(-0.3),3.93,3,0.8351,0.007
RNG(-0.3),3.94,3,0.8351,0.007
RNG(-0.3),3.95,3,0.8351,0.007
RNG(-0.3),3.96,3,0.8351,0.007
RNG(-0.3),3.97,3,0.8351,0.007
RNG(-0.3),3.98,3,0.8351,0.007
RNG(-0.3),3.99,3,0.8351,0.007
RNG(-0.3),4.0,3,0.8351,0.007
RNG(-0.3),4.01,3,0.8351,0.007
RNG(-0.3),4.02,3,0.8351,0.007
RNG(-0.3),4.03,3,0.8351,0.007
RNG(-0.3),4.04,3,0.8351,0.007
RNG(-0.3),4.05,3,0.8351,0.007
RNG(-0.3),4.06,3,0.8351,0.007
RNG(-0.3),4.07,3,0.8351,0.007
RNG(-0.3),4.08,3,0.8351,0.007
RNG(-0.3),4.09,3,0.8351,0.007
RNG(-0.3),4.1,3,0.8351,0.007
RNG(-0.3),4.11,3,0.8351,0.007
RNG(-0.3),4.12,3,0.8351,0.007
RNG(-0.3),4.13,3,0.8351,0.007
RNG(-0.3),4.14,3,0.8351,0.007
RNG(-0.3),4.15,3,0.8351,0.007
RNG(-0.3),4.16,3,0.8351,0.007
RNG(-0.3),4.17,3,0.8351,0.007
RNG(-0.3),4.18,3,0.8351,0.007
RNG(-0.3),4.19,3,0.8351,0.007
RNG(-0.3),4.2,3,0.8351,0.007
RNG(-0.3),4.21,3,0.8351,0.007
RNG(-0.3),4.23,3,0.8351,0.007
RNG(-0.3),4.24,2,0.8337,0.0197
RNG(-0.3),4.25,3,0.8351,0.007
RNG(-0.3),4.26,3,0.8351,0.007
RNG(-0.3),4.31,2,0.8337,0.0197
RNG(-0.3),4.33,1,0.8353,0.0
RNG(-0.3),4.35,2,0.8337,0.0197
RNG(-0.3),4.36,1,0.8353,0.0
RNG(-0.3),4.37,3,0.8351,0.007
RNG(-0.3),4.38,2,0.8366,0.0159
RNG(-0.2),1.32,2,0.818,0.0152
RNG(-0.2),1.33,2,0.818,0.0152
RNG(-0.2),1.35,2,0.818,0.0146
RNG(-0.2),1.39,2,0.8214,0.0273
RNG(-0.2),1.43,3,0.8199,0.0082
RNG(-0.2),1.44,2,0.8216,0.0267
RNG(-0.2),1.45,3,0.8201,0.0083
RNG(-0.2),1.46,2,0.8217,0.0267
RNG(-0.2),1.47,3,0.8202,0.0084
RNG(-0.2),1.48,3,0.8202,0.0083
RNG(-0.2),1.49,3,0.8203,0.0082
RNG(-0.2),1.5,3,0.8204,0.0082
RNG(-0.2),1.51,3,0.8205,0.0085
RNG(-0.2),1.52,3,0.8206,0.0085
RNG(-0.2),1.53,3,0.8208,0.0085
RNG(-0.2),1.54,3,0.8209,0.0082
RNG(-0.2),1.55,3,0.821,0.0084
RNG(-0.2),1.56,3,0.8212,0.0084
RNG(-0.2),1.57,3,0.8213,0.0081
RNG(-0.2),1.58,3,0.8214,0.0081
RNG(-0.2),1.59,3,0.8215,0.0082
RNG(-0.2),1.6,3,0.8216,0.0081
RNG(-0.2),1.61,3,0.8218,0.0082
RNG(-0.2),1.62,3,0.8221,0.0082
RNG(-0.2),1.63,3,0.8223,0.0082
RNG(-0.2),1.64,3,0.8224,0.0081
RNG(-0.2),1.65,3,0.8226,0.0083
RNG(-0.2),1.66,3,0.8227,0.0081
RNG(-0.2),1.67,3,0.8229,0.0084
RNG(-0.2),1.68,3,0.8232,0.0087
RNG(-0.2),1.69,3,0.8234,0.0084
RNG(-0.2),1.7,3,0.8238,0.0085
RNG(-0.2),1.71,3,0.8242,0.0083
RNG(-0.2),1.72,3,0.8245,0.0086
RNG(-0.2),1.73,3,0.8249,0.0083
RNG(-0.2),1.74,3,0.8251,0.0082
RNG(-0.2),1.75,3,0.8253,0.0082
RNG(-0.2),1.76,3,0.8255,0.0083
RNG(-0.2),1.77,3,0.8258,0.0081
RNG(-0.2),1.78,3,0.8259,0.008
RNG(-0.2),1.79,3,0.8261,0.0078
RNG(-0.2),1.8,3,0.8263,0.008
RNG(-0.2),1.81,3,0.8264,0.0081
RNG(-0.2),1.82,3,0.8267,0.0081
RNG(-0.2),1.83,3,0.8269,0.0083
RNG(-0.2),1.84,3,0.8273,0.0083
RNG(-0.2),1.85,3,0.8276,0.0085
RNG(-0.2),1.86,3,0.8278,0.0083
RNG(-0.2),1.87,3,0.828,0.009
RNG(-0.2),1.88,3,0.8283,0.0088
RNG(-0.2),1.89,3,0.8285,0.0089
RNG(-0.2),1.9,3,0.8287,0.0085
RNG(-0.2),1.91,3,0.8289,0.0089
RNG(-0.2),1.92,3,0.8292,0.0088
RNG(-0.2),1.93,3,0.8295,0.0088
RNG(-0.2),1.94,3,0.8296,0.0089
RNG(-0.2),1.95,3,0.83,0.0091
RNG(-0.2),1.96,3,0.8304,0.0093
RNG(-0.2),1.97,3,0.8307,0.0096
RNG(-0.2),1.98,3,0.831,0.0097
RNG(-0.2),1.99,3,0.8312,0.0098
RNG(-0.2),2.0,3,0.8316,0.0095
RNG(-0.2),2.01,3,0.8317,0.0097
RNG(-0.2),2.02,3,0.8321,0.0097
RNG(-0.2),2.03,3,0.8324,0.01
RNG(-0.2),2.04,3,0.8326,0.0102
RNG(-0.2),2.05,3,0.8327,0.0101
RNG(-0.2),2.06,3,0.8328,0.0101
RNG(-0.2),2.07,3,0.833,0.0102
RNG(-0.2),2.08,3,0.8332,0.0103
RNG(-0.2),2.09,3,0.8334,0.0103
RNG(-0.2),2.1,3,0.8337,0.0098
RNG(-0.2),2.11,3,0.834,0.0101
RNG(-0.2),2.12,3,0.8342,0.0104
RNG(-0.2),2.13,3,0.8344,0.0106
RNG(-0.2),2.14,3,0.8346,0.0101
RNG(-0.2),2.15,3,0.8348,0.0099
RNG(-0.2),2.16,3,0.8349,0.01
RNG(-0.2),2.17,3,0.8352,0.0097
RNG(-0.2),2.18,3,0.8354,0.0096
RNG(-0.2),2.19,3,0.8356,0.0097
RNG(-0.2),2.2,3,0.8357,0.0099
RNG(-0.2),2.21,3,0.836,0.0097
RNG(-0.2),2.22,3,0.8363,0.0098
RNG(-0.2),2.23,3,0.8365,0.0101
RNG(-0.2),2.24,3,0.8366,0.0101
RNG(-0.2),2.25,3,0.8368,0.0101
RNG(-0.2),2.26,3,0.837,0.0099
RNG(-0.2),2.27,3,0.8372,0.0097
RNG(-0.2),2.28,3,0.8375,0.0094
RNG(-0.2),2.29,3,0.8378,0.0093
RNG(-0.2),2.3,3,0.8379,0.0093
RNG(-0.2),2.31,3,0.8381,0.0092
RNG(-0.2),2.32,3,0.8382,0.0096
RNG(-0.2),2.33,3,0.8385,0.0093
RNG(-0.2),2.34,3,0.8387,0.0093
RNG(-0.2),2.35,3,0.8389,0.0095
RNG(-0.2),2.36,3,0.8391,0.0093
RNG(-0.2),2.37,3,0.8393,0.0097
RNG(-0.2),2.38,3,0.8394,0.0097
RNG(-0.2),2.39,3,0.8396,0.0092
RNG(-0.2),2.4,3,0.8398,0.0093
RNG(-0.2),2.41,3,0.8401,0.0094
RNG(-0.2),2.42,3,0.8403,0.0094
RNG(-0.2),2.43,3,0.8403,0.0097
RNG(-0.2),2.44,3,0.8403,0.01
RNG(-0.2),2.45,3,0.8403,0.0102
RNG(-0.2),2.46,3,0.8406,0.0104
RNG(-0.2),2.47,3,0.8408,0.0105
RNG(-0.2),2.48,3,0.8408,0.0104
RNG(-0.2),2.49,3,0.8409,0.0102
RNG(-0.2),2.5,3,0.8411,0.0102
RNG(-0.2),2.51,3,0.8413,0.0105
RNG(-0.2),2.52,3,0.8415,0.0108
RNG(-0.2),2.53,3,0.8417,0.0108
RNG(-0.2),2.54,3,0.8417,0.0108
RNG(-0.2),2.55,3,0.8417,0.0116
RNG(-0.2),2.56,3,0.8417,0.0112
RNG(-0.2),2.57,3,0.8418,0.0111
RNG(-0.2),2.58,3,0.842,0.0111
RNG(-0.2),2.59,3,0.8421,0.0112
RNG(-0.2),2.6,3,0.8422,0.0113
RNG(-0.2),2.61,3,0.8425,0.0114
RNG(-0.2),2.62,3,0.8426,0.0117
RNG(-0.2),2.63,3,0.8427,0.0118
RNG(-0.2),2.64,3,0.8429,0.0116
RNG(-0.2),2.65,3,0.843,0.0117
RNG(-0.2),2.66,3,0.8432,0.0112
RNG(-0.2),2.67,3,0.8434,0.0114
RNG(-0.2),2.68,3,0.8434,0.0113
RNG(-0.2),2.69,3,0.8435,0.0109
RNG(-0.2),2.7,3,0.8436,0.0111
RNG(-0.2),2.71,3,0.8437,0.0113
RNG(-0.2),2.72,3,0.844,0.0116
RNG(-0.2),2.73,3,0.8441,0.011
RNG(-0.2),2.74,3,0.844,0.0112
RNG(-0.2),2.75,3,0.8441,0.0115
RNG(-0.2),2.76,3,0.8442,0.0116
RNG(-0.2),2.77,3,0.8445,0.0114
RNG(-0.2),2.78,3,0.8447,0.0114
RNG(-0.2),2.79,3,0.8447,0.0115
RNG(-0.2),2.8,3,0.8449,0.0116
RNG(-0.2),2.81,3,0.8448,0.0115
RNG(-0.2),2.82,3,0.8448,0.0115
RNG(-0.2),2.83,3,0.8449,0.0116
RNG(-0.2),2.84,3,0.8451,0.0114
RNG(-0.2),2.85,3,0.8451,0.0115
RNG(-0.2),2.86,3,0.8451,0.0116
RNG(-0.2),2.87,3,0.8453,0.0115
RNG(-0.2),2.88,3,0.8454,0.0112
RNG(-0.2),2.89,3,0.8455,0.0114
RNG(-0.2),2.9,3,0.8455,0.0114
RNG(-0.2),2.91,3,0.8458,0.0112
RNG(-0.2),2.92,3,0.8459,0.0112
RNG(-0.2),2.93,3,0.846,0.011
RNG(-0.2),2.94,3,0.846,0.0109
RNG(-0.2),2.95,3,0.8461,0.0108
RNG(-0.2),2.96,3,0.846,0.011
RNG(-0.2),2.97,3,0.8459,0.0106
RNG(-0.2),2.98,3,0.8459,0.0107
RNG(-0.2),2.99,3,0.8459,0.0107
RNG(-0.2),3.0,3,0.8459,0.0103
RNG(-0.2),3.01,3,0.846,0.0102
RNG(-0.2),3.02,3,0.8461,0.0103
RNG(-0.2),3.03,3,0.8462,0.0102
RNG(-0.2),3.04,3,0.8464,0.0101
RNG(-0.2),3.05,3,0.8465,0.0098
RNG(-0.2),3.06,3,0.8465,0.0099
RNG(-0.2),3.07,3,0.8466,0.0101
RNG(-0.2),3.08,3,0.8467,0.0101
RNG(-0.2),3.09,3,0.8471,0.0097
RNG(-0.2),3.1,3,0.847,0.0097
RNG(-0.2),3.11,3,0.8471,0.0093
RNG(-0.2),3.12,3,0.8472,0.0094
RNG(-0.2),3.13,3,0.8473,0.0093
RNG(-0.2),3.14,3,0.8474,0.0097
RNG(-0.2),3.15,3,0.8474,0.0097
RNG(-0.2),3.16,3,0.8474,0.0096
RNG(-0.2),3.17,3,0.8475,0.0095
RNG(-0.2),3.18,3,0.8475,0.0093
RNG(-0.2),3.19,3,0.8475,0.0092
RNG(-0.2),3.2,3,0.8476,0.0093
RNG(-0.2),3.21,3,0.8477,0.0094
RNG(-0.2),3.22,3,0.8477,0.0093
RNG(-0.2),3.23,3,0.8477,0.0095
RNG(-0.2),3.24,3,0.8478,0.0094
RNG(-0.2),3.25,3,0.8479,0.0092
RNG(-0.2),3.26,3,0.848,0.009
RNG(-0.2),3.27,3,0.8481,0.0088
RNG(-0.2),3.28,3,0.8481,0.0083
RNG(-0.2),3.29,3,0.8482,0.0084
RNG(-0.2),3.3,3,0.8482,0.0082
RNG(-0.2),3.31,3,0.8482,0.0081
RNG(-0.2),3.32,3,0.8482,0.0081
RNG(-0.2),3.33,3,0.8484,0.008
RNG(-0.2),3.34,3,0.8484,0.008
RNG(-0.2),3.35,3,0.8484,0.0084
RNG(-0.2),3.36,3,0.8484,0.0083
RNG(-0.2),3.37,3,0.8485,0.0084
RNG(-0.2),3.38,3,0.8486,0.0084
RNG(-0.2),3.39,3,0.8487,0.0084
RNG(-0.2),3.4,3,0.8488,0.0084
RNG(-0.2),3.41,3,0.8489,0.0084
RNG(-0.2),3.42,3,0.8488,0.0084
RNG(-0.2),3.43,3,0.8488,0.0084
RNG(-0.2),3.44,3,0.8487,0.0087
RNG(-0.2),3.45,3,0.8488,0.0084
RNG(-0.2),3.46,3,0.8488,0.0086
RNG(-0.2),3.47,3,0.8488,0.0083
RNG(-0.2),3.48,3,0.8488,0.0083
RNG(-0.2),3.49,3,0.8487,0.0082
RNG(-0.2),3.5,3,0.8486,0.008
RNG(-0.2),3.51,3,0.8487,0.008
RNG(-0.2),3.52,3,0.8487,0.0078
RNG(-0.2),3.53,3,0.8488,0.0079
RNG(-0.2),3.54,3,0.8488,0.008
RNG(-0.2),3.55,3,0.8488,0.008
RNG(-0.2),3.56,3,0.8488,0.008
RNG(-0.2),3.57,3,0.8487,0.0077
RNG(-0.2),3.58,3,0.8486,0.0074
RNG(-0.2),3.59,3,0.8486,0.0075
RNG(-0.2),3.6,3,0.8486,0.0076
RNG(-0.2),3.61,3,0.8486,0.0074
RNG(-0.2),3.62,3,0.8484,0.0078
RNG(-0.2),3.63,3,0.8484,0.0078
RNG(-0.2),3.64,3,0.8483,0.0079
RNG(-0.2),3.65,3,0.8483,0.0076
RNG(-0.2),3.66,3,0.8483,0.0078
RNG(-0.2),3.67,3,0.8483,0.0076
RNG(-0.2),3.68,3,0.8481,0.0075
RNG(-0.2),3.69,3,0.8482,0.0076
RNG(-0.2),3.7,3,0.8482,0.0076
RNG(-0.2),3.71,3,0.8481,0.0077
RNG(-0.2),3.72,3,0.8479,0.008
RNG(-0.2),3.73,3,0.8479,0.0081
RNG(-0.2),3.74,3,0.8478,0.0082
RNG(-0.2),3.75,3,0.8478,0.008
RNG(-0.2),3.76,3,0.8478,0.008
RNG(-0.2),3.77,3,0.8478,0.008
RNG(-0.2),3.78,3,0.8476,0.008
RNG(-0.2),3.79,3,0.8476,0.0079
RNG(-0.2),3.8,3,0.8476,0.0078
RNG(-0.2),3.81,3,0.8476,0.0077
RNG(-0.2),3.82,3,0.8474,0.008
RNG(-0.2),3.83,3,0.8473,0.0081
RNG(-0.2),3.84,3,0.8473,0.0081
RNG(-0.2),3.85,3,0.8473,0.008
RNG(-0.2),3.86,3,0.8472,0.0078
RNG(-0.2),3.87,3,0.8471,0.0078
RNG(-0.2),3.88,3,0.8471,0.0078
RNG(-0.2),3.89,3,0.8469,0.0078
RNG(-0.2),3.9,3,0.8469,0.0077
RNG(-0.2),3.91,3,0.8468,0.0076
RNG(-0.2),3.92,3,0.8468,0.0077
RNG(-0.2),3.93,3,0.8468,0.0077
RNG(-0.2),3.94,3,0.8468,0.0079
RNG(-0.2),3.95,3,0.8467,0.0078
RNG(-0.2),3.96,3,0.8467,0.0078
RNG(-0.2),3.97,3,0.8467,0.0077
RNG(-0.2),3.98,3,0.8467,0.0077
RNG(-0.2),3.99,3,0.8467,0.0077
RNG(-0.2),4.0,3,0.8467,0.0078
RNG(-0.2),4.01,3,0.8467,0.0078
RNG(-0.2),4.02,3,0.8467,0.0078
RNG(-0.2),4.03,3,0.8467,0.0078
RNG(-0.2),4.04,3,0.8467,0.0077
RNG(-0.2),4.05,3,0.8467,0.0077
RNG(-0.2),4.06,3,0.8467,0.0077
RNG(-0.2),4.07,3,0.8467,0.0077
RNG(-0.2),4.08,3,0.8467,0.0077
RNG(-0.2),4.09,3,0.8467,0.0077
RNG(-0.2),4.1,3,0.8467,0.0077
RNG(-0.2),4.11,3,0.8467,0.0077
RNG(-0.2),4.12,3,0.8467,0.0077
RNG(-0.2),4.13,3,0.8466,0.0076
RNG(-0.2),4.14,3,0.8466,0.0076
RNG(-0.2),4.15,3,0.8466,0.0076
RNG(-0.2),4.16,3,0.8466,0.0076
RNG(-0.2),4.17,3,0.8466,0.0076
RNG(-0.2),4.18,3,0.8466,0.0076
RNG(-0.2),4.19,3,0.8466,0.0076
RNG(-0.2),4.2,3,0.8466,0.0076
RNG(-0.2),4.21,3,0.8466,0.0076
RNG(-0.2),4.23,3,0.8466,0.0076
RNG(-0.2),4.24,2,0.8456,0.0318
RNG(-0.2),4.25,3,0.8466,0.0076
RNG(-0.2),4.26,3,0.8466,0.0076
RNG(-0.2),4.31,2,0.8456,0.0318
RNG(-0.2),4.33,1,0.8481,0.0
RNG(-0.2),4.35,2,0.8456,0.0318
RNG(-0.2),4.36,1,0.8481,0.0
RNG(-0.2),4.37,3,0.8466,0.0076
RNG(-0.2),4.38,2,0.8484,0.0038
RNG(-0.1),1.32,2,0.818,0.0152
RNG(-0.1),1.33,2,0.818,0.0152
RNG(-0.1),1.35,2,0.818,0.0152
RNG(-0.1),1.39,2,0.8214,0.0273
RNG(-0.1),1.43,3,0.8199,0.0083
RNG(-0.1),1.44,2,0.8216,0.026
RNG(-0.1),1.45,3,0.82,0.0083
RNG(-0.1),1.46,2,0.8216,0.0267
RNG(-0.1),1.47,3,0.8201,0.0083
RNG(-0.1),1.48,3,0.8202,0.0081
RNG(-0.1),1.49,3,0.8204,0.0081
RNG(-0.1),1.5,3,0.8205,0.0081
RNG(-0.1),1.51,3,0.8205,0.0082
RNG(-0.1),1.52,3,0.8207,0.0081
RNG(-0.1),1.53,3,0.8208,0.0083
RNG(-0.1),1.54,3,0.8209,0.008
RNG(-0.1),1.55,3,0.821,0.0079
RNG(-0.1),1.56,3,0.8212,0.0079
RNG(-0.1),1.57,3,0.8212,0.008
RNG(-0.1),1.58,3,0.8213,0.008
RNG(-0.1),1.59,3,0.8214,0.008
RNG(-0.1),1.6,3,0.8216,0.0079
RNG(-0.1),1.61,3,0.8217,0.0078
RNG(-0.1),1.62,3,0.8219,0.008
RNG(-0.1),1.63,3,0.8221,0.0078
RNG(-0.1),1.64,3,0.8222,0.0078
RNG(-0.1),1.65,3,0.8223,0.008
RNG(-0.1),1.66,3,0.8225,0.0079
RNG(-0.1),1.67,3,0.8227,0.0081
RNG(-0.1),1.68,3,0.823,0.0082
RNG(-0.1),1.69,3,0.8233,0.0078
RNG(-0.1),1.7,3,0.8238,0.008
RNG(-0.1),1.71,3,0.8241,0.008
RNG(-0.1),1.72,3,0.8245,0.008
RNG(-0.1),1.73,3,0.8249,0.0076
RNG(-0.1),1.74,3,0.8251,0.0076
RNG(-0.1),1.75,3,0.8254,0.0076
RNG(-0.1),1.76,3,0.8256,0.0079
RNG(-0.1),1.77,3,0.8258,0.0078
RNG(-0.1),1.78,3,0.826,0.0077
RNG(-0.1),1.79,3,0.8263,0.0074
RNG(-0.1),1.8,3,0.8265,0.0077
RNG(-0.1),1.81,3,0.8267,0.0077
RNG(-0.1),1.82,3,0.8269,0.0077
RNG(-0.1),1.83,3,0.8272,0.008
RNG(-0.1),1.84,3,0.8275,0.0079
RNG(-0.1),1.85,3,0.8278,0.0078
RNG(-0.1),1.86,3,0.8279,0.0077
RNG(-0.1),1.87,3,0.8282,0.0081
RNG(-0.1),1.88,3,0.8284,0.0078
RNG(-0.1),1.89,3,0.8286,0.0078
RNG(-0.1),1.9,3,0.8288,0.0073
RNG(-0.1),1.91,3,0.8291,0.0076
RNG(-0.1),1.92,3,0.8294,0.0074
RNG(-0.1),1.93,3,0.8298,0.0075
RNG(-0.1),1.94,3,0.8301,0.0078
RNG(-0.1),1.95,3,0.8303,0.0082
RNG(-0.1),1.96,3,0.8306,0.0078
RNG(-0.1),1.97,3,0.8309,0.0078
RNG(-0.1),1.98,3,0.8312,0.0078
RNG(-0.1),1.99,3,0.8314,0.0079
RNG(-0.1),2.0,3,0.8317,0.0077
RNG(-0.1),2.01,3,0.8319,0.0077
RNG(-0.1),2.02,3,0.8322,0.0078
RNG(-0.1),2.03,3,0.8325,0.0081
RNG(-0.1),2.04,3,0.8326,0.0084
RNG(-0.1),2.05,3,0.8328,0.008
RNG(-0.1),2.06,3,0.8329,0.008
RNG(-0.1),2.07,3,0.833,0.0082
RNG(-0.1),2.08,3,0.8332,0.0082
RNG(-0.1),2.09,3,0.8334,0.0082
RNG(-0.1),2.1,3,0.8337,0.0079
RNG(-0.1),2.11,3,0.834,0.0081
RNG(-0.1),2.12,3,0.8341,0.008
RNG(-0.1),2.13,3,0.8342,0.0084
RNG(-0.1),2.14,3,0.8344,0.0083
RNG(-0.1),2.15,3,0.8344,0.0083
RNG(-0.1),2.16,3,0.8344,0.0082
RNG(-0.1),2.17,3,0.8345,0.0079
RNG(-0.1),2.18,3,0.8348,0.0078
RNG(-0.1),2.19,3,0.8349,0.008
RNG(-0.1),2.2,3,0.835,0.0081
RNG(-0.1),2.21,3,0.8353,0.008
RNG(-0.1),2.22,3,0.8357,0.0078
RNG(-0.1),2.23,3,0.8359,0.0081
RNG(-0.1),2.24,3,0.8361,0.0079
RNG(-0.1),2.25,3,0.8362,0.0079
RNG(-0.1),2.26,3,0.8364,0.008
RNG(-0.1),2.27,3,0.8365,0.0079
RNG(-0.1),2.28,3,0.8368,0.0076
RNG(-0.1),2.29,3,0.8369,0.0077
RNG(-0.1),2.3,3,0.8369,0.0079
RNG(-0.1),2.31,3,0.8369,0.0078
RNG(-0.1),2.32,3,0.8369,0.0082
RNG(-0.1),2.33,3,0.8372,0.0083
RNG(-0.1),2.34,3,0.8374,0.0083
RNG(-0.1),2.35,3,0.8375,0.0085
RNG(-0.1),2.36,3,0.8376,0.008
RNG(-0.1),2.37,3,0.8377,0.008
RNG(-0.1),2.38,3,0.8377,0.0082
RNG(-0.1),2.39,3,0.8378,0.0078
RNG(-0.1),2.4,3,0.838,0.0081
RNG(-0.1),2.41,3,0.838,0.0085
RNG(-0.1),2.42,3,0.8383,0.0086
RNG(-0.1),2.43,3,0.8383,0.0087
RNG(-0.1),2.44,3,0.8382,0.0086
RNG(-0.1),2.45,3,0.8382,0.0089
RNG(-0.1),2.46,3,0.8384,0.0091
RNG(-0.1),2.47,3,0.8385,0.0093
RNG(-0.1),2.48,3,0.8386,0.0093
RNG(-0.1),2.49,3,0.8385,0.0089
RNG(-0.1),2.5,3,0.8387,0.009
RNG(-0.1),2.51,3,0.8388,0.0092
RNG(-0.1),2.52,3,0.839,0.0097
RNG(-0.1),2.53,3,0.839,0.0096
RNG(-0.1),2.54,3,0.8391,0.0096
RNG(-0.1),2.55,3,0.8391,0.0101
RNG(-0.1),2.56,3,0.8389,0.0098
RNG(-0.1),2.57,3,0.8389,0.0099
RNG(-0.1),2.58,3,0.8391,0.0098
RNG(-0.1),2.59,3,0.8391,0.0104
RNG(-0.1),2.6,3,0.8392,0.0102
RNG(-0.1),2.61,3,0.8394,0.0104
RNG(-0.1),2.62,3,0.8395,0.0108
RNG(-0.1),2.63,3,0.8397,0.0107
RNG(-0.1),2.64,3,0.8398,0.0104
RNG(-0.1),2.65,3,0.84,0.0102
RNG(-0.1),2.66,3,0.8399,0.0098
RNG(-0.1),2.67,3,0.84,0.01
RNG(-0.1),2.68,3,0.8399,0.0099
RNG(-0.1),2.69,3,0.8398,0.0098
RNG(-0.1),2.7,3,0.8399,0.0098
RNG(-0.1),2.71,3,0.8399,0.01
RNG(-0.1),2.72,3,0.8402,0.0101
RNG(-0.1),2.73,3,0.8401,0.0094
RNG(-0.1),2.74,3,0.8399,0.0096
RNG(-0.1),2.75,3,0.84,0.0097
RNG(-0.1),2.76,3,0.8399,0.0096
RNG(-0.1),2.77,3,0.84,0.0094
RNG(-0.1),2.78,3,0.84,0.0097
RNG(-0.1),2.79,3,0.8398,0.0098
RNG(-0.1),2.8,3,0.8399,0.0098
RNG(-0.1),2.81,3,0.8398,0.0096
RNG(-0.1),2.82,3,0.8397,0.0094
RNG(-0.1),2.83,3,0.8398,0.0093
RNG(-0.1),2.84,3,0.8398,0.0093
RNG(-0.1),2.85,3,0.8398,0.0095
RNG(-0.1),2.86,3,0.8398,0.0093
RNG(-0.1),2.87,3,0.8399,0.0092
RNG(-0.1),2.88,3,0.84,0.0094
RNG(-0.1),2.89,3,0.84,0.0095
RNG(-0.1),2.9,3,0.84,0.0098
RNG(-0.1),2.91,3,0.8402,0.0096
RNG(-0.1),2.92,3,0.8403,0.0095
RNG(-0.1),2.93,3,0.8404,0.0096
RNG(-0.1),2.94,3,0.8404,0.0094
RNG(-0.1),2.95,3,0.8404,0.0095
RNG(-0.1),2.96,3,0.8404,0.0098
RNG(-0.1),2.97,3,0.8402,0.0092
RNG(-0.1),2.98,3,0.8402,0.0094
RNG(-0.1),2.99,3,0.84,0.0093
RNG(-0.1),3.0,3,0.8401,0.0092
RNG(-0.1),3.01,3,0.8401,0.0092
RNG(-0.1),3.02,3,0.8399,0.0097
RNG(-0.1),3.03,3,0.84,0.0096
RNG(-0.1),3.04,3,0.8401,0.0093
RNG(-0.1),3.05,3,0.8401,0.0091
RNG(-0.1),3.06,3,0.8401,0.0092
RNG(-0.1),3.07,3,0.8401,0.0095
RNG(-0.1),3.08,3,0.8402,0.0095
RNG(-0.1),3.09,3,0.8403,0.0093
RNG(-0.1),3.1,3,0.8402,0.009
RNG(-0.1),3.11,3,0.8403,0.0088
RNG(-0.1),3.12,3,0.8404,0.0088
RNG(-0.1),3.13,3,0.8402,0.0088
RNG(-0.1),3.14,3,0.8401,0.009
RNG(-0.1),3.15,3,0.8401,0.009
RNG(-0.1),3.16,3,0.84,0.0092
RNG(-0.1),3.17,3,0.8399,0.0087
RNG(-0.1),3.18,3,0.84,0.0084
RNG(-0.1),3.19,3,0.8398,0.0087
RNG(-0.1),3.2,3,0.8396,0.0088
RNG(-0.1),3.21,3,0.8393,0.0087
RNG(-0.1),3.22,3,0.8392,0.0089
RNG(-0.1),3.23,3,0.8392,0.0087
RNG(-0.1),3.24,3,0.8391,0.0087
RNG(-0.1),3.25,3,0.8391,0.008
RNG(-0.1),3.26,3,0.8391,0.008
RNG(-0.1),3.27,3,0.8392,0.0078
RNG(-0.1),3.28,3,0.839,0.0074
RNG(-0.1),3.29,3,0.8389,0.0072
RNG(-0.1),3.3,3,0.8389,0.0068
RNG(-0.1),3.31,3,0.8388,0.0068
RNG(-0.1),3.32,3,0.8385,0.007
RNG(-0.1),3.33,3,0.8386,0.0068
RNG(-0.1),3.34,3,0.8385,0.0068
RNG(-0.1),3.35,3,0.8383,0.0075
RNG(-0.1),3.36,3,0.8382,0.0079
RNG(-0.1),3.37,3,0.8382,0.008
RNG(-0.1),3.38,3,0.8381,0.0077
RNG(-0.1),3.39,3,0.8381,0.0076
RNG(-0.1),3.4,3,0.838,0.0079
RNG(-0.1),3.41,3,0.838,0.0075
RNG(-0.1),3.42,3,0.8379,0.0073
RNG(-0.1),3.43,3,0.8377,0.0071
RNG(-0.1),3.44,3,0.8376,0.0074
RNG(-0.1),3.45,3,0.8375,0.0074
RNG(-0.1),3.46,3,0.8374,0.0077
RNG(-0.1),3.47,3,0.8372,0.0077
RNG(-0.1),3.48,3,0.837,0.0078
RNG(-0.1),3.49,3,0.8369,0.008
RNG(-0.1),3.5,3,0.8368,0.008
RNG(-0.1),3.51,3,0.8366,0.0078
RNG(-0.1),3.52,3,0.8364,0.008
RNG(-0.1),3.53,3,0.8364,0.0086
RNG(-0.1),3.54,3,0.8364,0.0086
RNG(-0.1),3.55,3,0.8363,0.0083
RNG(-0.1),3.56,3,0.8361,0.0086
RNG(-0.1),3.57,3,0.8358,0.0084
RNG(-0.1),3.58,3,0.8357,0.0083
RNG(-0.1),3.59,3,0.8354,0.008
RNG(-0.1),3.6,3,0.8354,0.008
RNG(-0.1),3.61,3,0.8352,0.008
RNG(-0.1),3.62,3,0.8349,0.008
RNG(-0.1),3.63,3,0.8347,0.0077
RNG(-0.1),3.64,3,0.8344,0.0075
RNG(-0.1),3.65,3,0.834,0.0068
RNG(-0.1),3.66,3,0.8337,0.0066
RNG(-0.1),3.67,3,0.8334,0.0064
RNG(-0.1),3.68,3,0.8331,0.0063
RNG(-0.1),3.69,3,0.8329,0.0062
RNG(-0.1),3.7,3,0.8328,0.0062
RNG(-0.1),3.71,3,0.8326,0.0062
RNG(-0.1),3.72,3,0.8322,0.006
RNG(-0.1),3.73,3,0.8318,0.0063
RNG(-0.1),3.74,3,0.8314,0.0063
RNG(-0.1),3.75,3,0.8312,0.0062
RNG(-0.1),3.76,3,0.8308,0.0057
RNG(-0.1),3.77,3,0.8305,0.0054
RNG(-0.1),3.78,3,0.8302,0.0054
RNG(-0.1),3.79,3,0.83,0.0049
RNG(-0.1),3.8,3,0.8298,0.0045
RNG(-0.1),3.81,3,0.8295,0.0044
RNG(-0.1),3.82,3,0.8292,0.0048
RNG(-0.1),3.83,3,0.8287,0.0048
RNG(-0.1),3.84,3,0.8285,0.0047
RNG(-0.1),3.85,3,0.8283,0.0048
RNG(-0.1),3.86,3,0.8282,0.0047
RNG(-0.1),3.87,3,0.8279,0.0044
RNG(-0.1),3.88,3,0.8278,0.0041
RNG(-0.1),3.89,3,0.8276,0.0045
RNG(-0.1),3.9,3,0.8274,0.0042
RNG(-0.1),3.91,3,0.8272,0.0041
RNG(-0.1),3.92,3,0.827,0.0044
RNG(-0.1),3.93,3,0.8269,0.0041
RNG(-0.1),3.94,3,0.8268,0.0043
RNG(-0.1),3.95,3,0.8267,0.0041
RNG(-0.1),3.96,3,0.8267,0.0042
RNG(-0.1),3.97,3,0.8264,0.0046
RNG(-0.1),3.98,3,0.8264,0.0046
RNG(-0.1),3.99,3,0.8263,0.0046
RNG(-0.1),4.0,3,0.8263,0.0045
RNG(-0.1),4.01,3,0.8263,0.0048
RNG(-0.1),4.02,3,0.8261,0.0043
RNG(-0.1),4.03,3,0.826,0.0043
RNG(-0.1),4.04,3,0.8259,0.0041
RNG(-0.1),4.05,3,0.8259,0.0041
RNG(-0.1),4.06,3,0.8259,0.004
RNG(-0.1),4.07,3,0.8259,0.004
RNG(-0.1),4.08,3,0.8259,0.004
RNG(-0.1),4.09,3,0.8258,0.0043
RNG(-0.1),4.1,3,0.8258,0.0041
RNG(-0.1),4.11,3,0.8258,0.0041
RNG(-0.1),4.12,3,0.8258,0.0041
RNG(-0.1),4.13,3,0.8258,0.004
RNG(-0.1),4.14,3,0.8257,0.0042
RNG(-0.1),4.15,3,0.8257,0.0042
RNG(-0.1),4.16,3,0.8257,0.0044
RNG(-0.1),4.17,3,0.8255,0.0047
RNG(-0.1),4.18,3,0.8255,0.0047
RNG(-0.1),4.19,3,0.8255,0.0047
RNG(-0.1),4.2,3,0.8255,0.0047
RNG(-0.1),4.21,3,0.8255,0.0047
RNG(-0.1),4.23,3,0.8255,0.0047
RNG(-0.1),4.24,2,0.8254,0.0235
RNG(-0.1),4.25,3,0.8255,0.0047
RNG(-0.1),4.26,3,0.8255,0.0047
RNG(-0.1),4.31,2,0.8254,0.0235
RNG(-0.1),4.33,1,0.8272,0.0
RNG(-0.1),4.35,2,0.8254,0.0235
RNG(-0.1),4.36,1,0.8272,0.0
RNG(-0.1),4.37,3,0.8255,0.0047
RNG(-0.1),4.38,2,0.8266,0.0083
RNG(-0.05),1.32,2,0.818,0.0152
RNG(-0.05),1.33,2,0.818,0.0152
RNG(-0.05),1.35,2,0.818,0.0152
RNG(-0.05),1.39,2,0.8214,0.0273
RNG(-0.05),1.43,3,0.8199,0.0083
RNG(-0.05),1.44,2,0.8216,0.026
RNG(-0.05),1.45,3,0.82,0.0083
RNG(-0.05),1.46,2,0.8216,0.026
RNG(-0.05),1.47,3,0.8201,0.0082
RNG(-0.05),1.48,3,0.8202,0.0081
RNG(-0.05),1.49,3,0.8203,0.008
RNG(-0.05),1.5,3,0.8205,0.0081
RNG(-0.05),1.51,3,0.8205,0.0082
RNG(-0.05),1.52,3,0.8206,0.008
RNG(-0.05),1.53,3,0.8207,0.0081
RNG(-0.05),1.54,3,0.8208,0.0079
RNG(-0.05),1.55,3,0.8209,0.0079
RNG(-0.05),1.56,3,0.8211,0.0079
RNG(-0.05),1.57,3,0.8211,0.0079
RNG(-0.05),1.58,3,0.8212,0.0079
RNG(-0.05),1.59,3,0.8213,0.008
RNG(-0.05),1.6,3,0.8214,0.0077
RNG(-0.05),1.61,3,0.8216,0.0077
RNG(-0.05),1.62,3,0.8217,0.008
RNG(-0.05),1.63,3,0.8219,0.0078
RNG(-0.05),1.64,3,0.822,0.008
RNG(-0.05),1.65,3,0.8221,0.0081
RNG(-0.05),1.66,3,0.8222,0.0078
RNG(-0.05),1.67,3,0.8224,0.0081
RNG(-0.05),1.68,3,0.8226,0.0083
RNG(-0.05),1.69,3,0.823,0.008
RNG(-0.05),1.7,3,0.8232,0.0082
RNG(-0.05),1.71,3,0.8236,0.008
RNG(-0.05),1.72,3,0.8239,0.0082
RNG(-0.05),1.73,3,0.8244,0.0077
RNG(-0.05),1.74,3,0.8246,0.0077
RNG(-0.05),1.75,3,0.8247,0.008
RNG(-0.05),1.76,3,0.8249,0.0081
RNG(-0.05),1.77,3,0.825,0.0081
RNG(-0.05),1.78,3,0.8252,0.0078
RNG(-0.05),1.79,3,0.8254,0.0076
RNG(-0.05),1.8,3,0.8256,0.0078
RNG(-0.05),1.81,3,0.8257,0.008
RNG(-0.05),1.82,3,0.8259,0.0079
RNG(-0.05),1.83,3,0.8261,0.008
RNG(-0.05),1.84,3,0.8264,0.0079
RNG(-0.05),1.85,3,0.8265,0.008
RNG(-0.05),1.86,3,0.8266,0.0079
RNG(-0.05),1.87,3,0.8268,0.0082
RNG(-0.05),1.88,3,0.827,0.008
RNG(-0.05),1.89,3,0.8271,0.0078
RNG(-0.05),1.9,3,0.8273,0.0075
RNG(-0.05),1.91,3,0.8275,0.0077
RNG(-0.05),1.92,3,0.8277,0.0077
RNG(-0.05),1.93,3,0.8281,0.0078
RNG(-0.05),1.94,3,0.8283,0.0081
RNG(-0.05),1.95,3,0.8285,0.0087
RNG(-0.05),1.96,3,0.8287,0.0086
RNG(-0.05),1.97,3,0.829,0.0087
RNG(-0.05),1.98,3,0.8292,0.0085
RNG(-0.05),1.99,3,0.8293,0.0086
RNG(-0.05),2.0,3,0.8296,0.0085
RNG(-0.05),2.01,3,0.8298,0.0085
RNG(-0.05),2.02,3,0.8301,0.0087
RNG(-0.05),2.03,3,0.8304,0.009
RNG(-0.05),2.04,3,0.8306,0.0092
RNG(-0.05),2.05,3,0.8307,0.0092
RNG(-0.05),2.06,3,0.8308,0.0091
RNG(-0.05),2.07,3,0.8309,0.0095
RNG(-0.05),2.08,3,0.8311,0.0094
RNG(-0.05),2.09,3,0.8313,0.0093
RNG(-0.05),2.1,3,0.8314,0.0089
RNG(-0.05),2.11,3,0.8316,0.0092
RNG(-0.05),2.12,3,0.8317,0.0092
RNG(-0.05),2.13,3,0.8318,0.0093
RNG(-0.05),2.14,3,0.8319,0.0091
RNG(-0.05),2.15,3,0.832,0.0092
RNG(-0.05),2.16,3,0.8319,0.0092
RNG(-0.05),2.17,3,0.832,0.0088
RNG(-0.05),2.18,3,0.8322,0.0088
RNG(-0.05),2.19,3,0.8322,0.0091
RNG(-0.05),2.2,3,0.8323,0.009
RNG(-0.05),2.21,3,0.8323,0.0089
RNG(-0.05),2.22,3,0.8328,0.0091
RNG(-0.05),2.23,3,0.8329,0.0093
RNG(-0.05),2.24,3,0.8331,0.0091
RNG(-0.05),2.25,3,0.8331,0.0091
RNG(-0.05),2.26,3,0.8332,0.0091
RNG(-0.05),2.27,3,0.8334,0.0089
RNG(-0.05),2.28,3,0.8337,0.0085
RNG(-0.05),2.29,3,0.8337,0.0087
RNG(-0.05),2.3,3,0.8335,0.0088
RNG(-0.05),2.31,3,0.8335,0.0087
RNG(-0.05),2.32,3,0.8334,0.0092
RNG(-0.05),2.33,3,0.8337,0.0092
RNG(-0.05),2.34,3,0.8337,0.0091
RNG(-0.05),2.35,3,0.8339,0.0092
RNG(-0.05),2.36,3,0.8339,0.0086
RNG(-0.05),2.37,3,0.8339,0.0089
RNG(-0.05),2.38,3,0.8338,0.0088
RNG(-0.05),2.39,3,0.834,0.0083
RNG(-0.05),2.4,3,0.8342,0.0086
RNG(-0.05),2.41,3,0.8341,0.0093
RNG(-0.05),2.42,3,0.8344,0.0092
RNG(-0.05),2.43,3,0.8344,0.0095
RNG(-0.05),2.44,3,0.8342,0.0094
RNG(-0.05),2.45,3,0.8342,0.0096
RNG(-0.05),2.46,3,0.8343,0.0097
RNG(-0.05),2.47,3,0.8343,0.0098
RNG(-0.05),2.48,3,0.8343,0.0097
RNG(-0.05),2.49,3,0.8342,0.0096
RNG(-0.05),2.5,3,0.8344,0.0092
RNG(-0.05),2.51,3,0.8343,0.0093
RNG(-0.05),2.52,3,0.8344,0.0098
RNG(-0.05),2.53,3,0.8345,0.0099
RNG(-0.05),2.54,3,0.8345,0.01
RNG(-0.05),2.55,3,0.8344,0.0102
RNG(-0.05),2.56,3,0.8342,0.0103
RNG(-0.05),2.57,3,0.8342,0.0102
RNG(-0.05),2.58,3,0.8342,0.01
RNG(-0.05),2.59,3,0.8344,0.0103
RNG(-0.05),2.6,3,0.8344,0.01
RNG(-0.05),2.61,3,0.8345,0.0104
RNG(-0.05),2.62,3,0.8346,0.0107
RNG(-0.05),2.63,3,0.8347,0.0107
RNG(-0.05),2.64,3,0.8347,0.0104
RNG(-0.05),2.65,3,0.8348,0.0102
RNG(-0.05),2.66,3,0.8347,0.0098
RNG(-0.05),2.67,3,0.8347,0.0097
RNG(-0.05),2.68,3,0.8347,0.0096
RNG(-0.05),2.69,3,0.8345,0.0095
RNG(-0.05),2.7,3,0.8345,0.0096
RNG(-0.05),2.71,3,0.8345,0.0098
RNG(-0.05),2.72,3,0.8347,0.0101
RNG(-0.05),2.73,3,0.8346,0.0096
RNG(-0.05),2.74,3,0.8346,0.0097
RNG(-0.05),2.75,3,0.8346,0.0096
RNG(-0.05),2.76,3,0.8345,0.0095
RNG(-0.05),2.77,3,0.8346,0.0092
RNG(-0.05),2.78,3,0.8346,0.0096
RNG(-0.05),2.79,3,0.8344,0.0096
RNG(-0.05),2.8,3,0.8344,0.0095
RNG(-0.05),2.81,3,0.8344,0.0094
RNG(-0.05),2.82,3,0.8342,0.0092
RNG(-0.05),2.83,3,0.8343,0.0092
RNG(-0.05),2.84,3,0.8343,0.0092
RNG(-0.05),2.85,3,0.8342,0.0093
RNG(-0.05),2.86,3,0.834,0.0089
RNG(-0.05),2.87,3,0.8342,0.0088
RNG(-0.05),2.88,3,0.8342,0.009
RNG(-0.05),2.89,3,0.8341,0.0093
RNG(-0.05),2.9,3,0.8341,0.0097
RNG(-0.05),2.91,3,0.8343,0.0095
RNG(-0.05),2.92,3,0.8344,0.0093
RNG(-0.05),2.93,3,0.8345,0.0095
RNG(-0.05),2.94,3,0.8345,0.0094
RNG(-0.05),2.95,3,0.8345,0.0096
RNG(-0.05),2.96,3,0.8343,0.01
RNG(-0.05),2.97,3,0.8342,0.0092
RNG(-0.05),2.98,3,0.834,0.0091
RNG(-0.05),2.99,3,0.8339,0.0089
RNG(-0.05),3.0,3,0.8339,0.0089
RNG(-0.05),3.01,3,0.8339,0.0087
RNG(-0.05),3.02,3,0.8338,0.0092
RNG(-0.05),3.03,3,0.8338,0.0089
RNG(-0.05),3.04,3,0.8338,0.009
RNG(-0.05),3.05,3,0.8338,0.0088
RNG(-0.05),3.06,3,0.8337,0.0087
RNG(-0.05),3.07,3,0.8337,0.0089
RNG(-0.05),3.08,3,0.8338,0.0089
RNG(-0.05),3.09,3,0.8338,0.0083
RNG(-0.05),3.1,3,0.8338,0.0084
RNG(-0.05),3.11,3,0.8339,0.0083
RNG(-0.05),3.12,3,0.834,0.0081
RNG(-0.05),3.13,3,0.8338,0.008
RNG(-0.05),3.14,3,0.8336,0.0083
RNG(-0.05),3.15,3,0.8336,0.0083
RNG(-0.05),3.16,3,0.8335,0.0084
RNG(-0.05),3.17,3,0.8335,0.008
RNG(-0.05),3.18,3,0.8335,0.0077
RNG(-0.05),3.19,3,0.8332,0.0079
RNG(-0.05),3.2,3,0.833,0.0078
RNG(-0.05),3.21,3,0.8327,0.0076
RNG(-0.05),3.22,3,0.8325,0.0078
RNG(-0.05),3.23,3,0.8324,0.0075
RNG(-0.05),3.24,3,0.8323,0.0075
RNG(-0.05),3.25,3,0.8322,0.0068
RNG(-0.05),3.26,3,0.8322,0.0068
RNG(-0.05),3.27,3,0.8321,0.0063
RNG(-0.05),3.28,3,0.832,0.0062
RNG(-0.05),3.29,3,0.8319,0.0061
RNG(-0.05),3.3,3,0.8317,0.0057
RNG(-0.05),3.31,3,0.8316,0.0057
RNG(-0.05),3.32,3,0.8313,0.0058
RNG(-0.05),3.33,3,0.8314,0.0059
RNG(-0.05),3.34,3,0.8313,0.006
RNG(-0.05),3.35,3,0.8311,0.0064
RNG(-0.05),3.36,3,0.831,0.0066
RNG(-0.05),3.37,3,0.8309,0.0066
RNG(-0.05),3.38,3,0.8307,0.0064
RNG(-0.05),3.39,3,0.8306,0.0063
RNG(-0.05),3.4,3,0.8305,0.0066
RNG(-0.05),3.41,3,0.8303,0.0063
RNG(-0.05),3.42,3,0.8301,0.0061
RNG(-0.05),3.43,3,0.8298,0.0057
RNG(-0.05),3.44,3,0.8297,0.006
RNG(-0.05),3.45,3,0.8295,0.0057
RNG(-0.05),3.46,3,0.8295,0.0059
RNG(-0.05),3.47,3,0.8294,0.0058
RNG(-0.05),3.48,3,0.8292,0.006
RNG(-0.05),3.49,3,0.829,0.006
RNG(-0.05),3.5,3,0.8287,0.0059
RNG(-0.05),3.51,3,0.8286,0.0056
RNG(-0.05),3.52,3,0.8284,0.0058
RNG(-0.05),3.53,3,0.8284,0.0062
RNG(-0.05),3.54,3,0.8282,0.006
RNG(-0.05),3.55,3,0.8281,0.0059
RNG(-0.05),3.56,3,0.8279,0.0059
RNG(-0.05),3.57,3,0.8276,0.0059
RNG(-0.05),3.58,3,0.8275,0.0058
RNG(-0.05),3.59,3,0.8271,0.0053
RNG(-0.05),3.6,3,0.8271,0.005
RNG(-0.05),3.61,3,0.8269,0.0049
RNG(-0.05),3.62,3,0.8268,0.0052
RNG(-0.05),3.63,3,0.8264,0.0048
RNG(-0.05),3.64,3,0.8261,0.0044
RNG(-0.05),3.65,3,0.8258,0.0038
RNG(-0.05),3.66,3,0.8254,0.0036
RNG(-0.05),3.67,3,0.8251,0.0034
RNG(-0.05),3.68,3,0.8247,0.0034
RNG(-0.05),3.69,3,0.8245,0.0032
RNG(-0.05),3.7,3,0.8244,0.0032
RNG(-0.05),3.71,3,0.8241,0.0033
RNG(-0.05),3.72,3,0.8236,0.003
RNG(-0.05),3.73,3,0.8234,0.0031
RNG(-0.05),3.74,3,0.823,0.0034
RNG(-0.05),3.75,3,0.8226,0.003
RNG(-0.05),3.76,3,0.8223,0.0028
RNG(-0.05),3.77,3,0.822,0.0024
RNG(-0.05),3.78,3,0.8216,0.0023
RNG(-0.05),3.79,3,0.8214,0.0014
RNG(-0.05),3.8,3,0.821,0.0008
RNG(-0.05),3.81,3,0.8208,0.0013
RNG(-0.05),3.82,3,0.8204,0.0018
RNG(-0.05),3.83,3,0.8198,0.0019
RNG(-0.05),3.84,3,0.8196,0.002
RNG(-0.05),3.85,3,0.8193,0.0021
RNG(-0.05),3.86,3,0.8191,0.0029
RNG(-0.05),3.87,3,0.8189,0.0025
RNG(-0.05),3.88,3,0.8187,0.0025
RNG(-0.05),3.89,3,0.8183,0.0029
RNG(-0.05),3.9,3,0.818,0.0027
RNG(-0.05),3.91,3,0.8179,0.0027
RNG(-0.05),3.92,3,0.8178,0.0027
RNG(-0.05),3.93,3,0.8177,0.0031
RNG(-0.05),3.94,3,0.8176,0.0031
RNG(-0.05),3.95,3,0.8175,0.003
RNG(-0.05),3.96,3,0.8173,0.0028
RNG(-0.05),3.97,3,0.8169,0.0023
RNG(-0.05),3.98,3,0.8169,0.0024
RNG(-0.05),3.99,3,0.8168,0.0023
RNG(-0.05),4.0,3,0.8168,0.0023
RNG(-0.05),4.01,3,0.8167,0.002
RNG(-0.05),4.02,3,0.8166,0.0024
RNG(-0.05),4.03,3,0.8164,0.0024
RNG(-0.05),4.04,3,0.8163,0.0023
RNG(-0.05),4.05,3,0.8163,0.0024
RNG(-0.05),4.06,3,0.8163,0.0024
RNG(-0.05),4.07,3,0.8163,0.0024
RNG(-0.05),4.08,3,0.8163,0.0025
RNG(-0.05),4.09,3,0.8163,0.0022
RNG(-0.05),4.1,3,0.8163,0.0022
RNG(-0.05),4.11,3,0.8163,0.0022
RNG(-0.05),4.12,3,0.8163,0.0022
RNG(-0.05),4.13,3,0.8162,0.0023
RNG(-0.05),4.14,3,0.8162,0.0021
RNG(-0.05),4.15,3,0.8162,0.0021
RNG(-0.05),4.16,3,0.8161,0.0019
RNG(-0.05),4.17,3,0.816,0.0019
RNG(-0.05),4.18,3,0.816,0.0019
RNG(-0.05),4.19,3,0.816,0.0019
RNG(-0.05),4.2,3,0.8159,0.002
RNG(-0.05),4.21,3,0.8159,0.002
RNG(-0.05),4.23,3,0.8159,0.002
RNG(-0.05),4.24,2,0.8163,0.0044
RNG(-0.05),4.25,3,0.8159,0.002
RNG(-0.05),4.26,3,0.8159,0.002
RNG(-0.05),4.31,2,0.8163,0.0044
RNG(-0.05),4.33,1,0.816,0.0
RNG(-0.05),4.35,2,0.8163,0.0044
RNG(-0.05),4.36,1,0.816,0.0
RNG(-0.05),4.37,3,0.8159,0.002
RNG(-0.05),4.38,2,0.8155,0.0057
RNG(0),1.32,2,0.818,0.0152
RNG(0),1.33,2,0.818,0.0152
RNG(0),1.35,2,0.818,0.0152
RNG(0),1.39,2,0.8214,0.0273
RNG(0),1.43,3,0.8199,0.0083
RNG(0),1.44,2,0.8216,0.026
RNG(0),1.45,3,0.82,0.0083
RNG(0),1.46,2,0.8216,0.026
RNG(0),1.47,3,0.82,0.0083
RNG(0),1.48,3,0.8202,0.008
RNG(0),1.49,3,0.8203,0.0081
RNG(0),1.5,3,0.8204,0.0081
RNG(0),1.51,3,0.8205,0.0081
RNG(0),1.52,3,0.8206,0.0081
RNG(0),1.53,3,0.8207,0.0081
RNG(0),1.54,3,0.8208,0.008
RNG(0),1.55,3,0.8208,0.008
RNG(0),1.56,3,0.821,0.0079
RNG(0),1.57,3,0.821,0.008
RNG(0),1.58,3,0.8211,0.008
RNG(0),1.59,3,0.8212,0.008
RNG(0),1.6,3,0.8213,0.0079
RNG(0),1.61,3,0.8215,0.0077
RNG(0),1.62,3,0.8216,0.0081
RNG(0),1.63,3,0.8217,0.0081
RNG(0),1.64,3,0.8218,0.0081
RNG(0),1.65,3,0.8219,0.0082
RNG(0),1.66,3,0.822,0.0081
RNG(0),1.67,3,0.8221,0.0083
RNG(0),1.68,3,0.8224,0.0086
RNG(0),1.69,3,0.8227,0.0083
RNG(0),1.7,3,0.8229,0.0086
RNG(0),1.71,3,0.8232,0.0083
RNG(0),1.72,3,0.8235,0.0084
RNG(0),1.73,3,0.824,0.0082
RNG(0),1.74,3,0.8242,0.0081
RNG(0),1.75,3,0.8243,0.0081
RNG(0),1.76,3,0.8245,0.0082
RNG(0),1.77,3,0.8246,0.0079
RNG(0),1.78,3,0.8247,0.0081
RNG(0),1.79,3,0.8249,0.0078
RNG(0),1.8,3,0.8251,0.0079
RNG(0),1.81,3,0.8252,0.0081
RNG(0),1.82,3,0.8253,0.0081
RNG(0),1.83,3,0.8255,0.0082
RNG(0),1.84,3,0.8258,0.0081
RNG(0),1.85,3,0.8259,0.008
RNG(0),1.86,3,0.826,0.0078
RNG(0),1.87,3,0.8261,0.0078
RNG(0),1.88,3,0.8263,0.0077
RNG(0),1.89,3,0.8264,0.0077
RNG(0),1.9,3,0.8266,0.0073
RNG(0),1.91,3,0.8267,0.0077
RNG(0),1.92,3,0.8269,0.0077
RNG(0),1.93,3,0.8272,0.0076
RNG(0),1.94,3,0.8273,0.0078
RNG(0),1.95,3,0.8276,0.0083
RNG(0),1.96,3,0.8278,0.0083
RNG(0),1.97,3,0.828,0.0083
RNG(0),1.98,3,0.8283,0.0083
RNG(0),1.99,3,0.8284,0.0085
RNG(0),2.0,3,0.8286,0.0083
RNG(0),2.01,3,0.8288,0.0084
RNG(0),2.02,3,0.829,0.0086
RNG(0),2.03,3,0.8293,0.0088
RNG(0),2.04,3,0.8295,0.0091
RNG(0),2.05,3,0.8296,0.009
RNG(0),2.06,3,0.8296,0.0091
RNG(0),2.07,3,0.8297,0.0091
RNG(0),2.08,3,0.8298,0.009
RNG(0),2.09,3,0.8298,0.0091
RNG(0),2.1,3,0.8299,0.0089
RNG(0),2.11,3,0.8301,0.0092
RNG(0),2.12,3,0.8302,0.0091
RNG(0),2.13,3,0.8304,0.0091
RNG(0),2.14,3,0.8303,0.0089
RNG(0),2.15,3,0.8304,0.0089
RNG(0),2.16,3,0.8302,0.0089
RNG(0),2.17,3,0.8304,0.0086
RNG(0),2.18,3,0.8306,0.0086
RNG(0),2.19,3,0.8307,0.0088
RNG(0),2.2,3,0.8306,0.0086
RNG(0),2.21,3,0.8307,0.0085
RNG(0),2.22,3,0.831,0.0083
RNG(0),2.23,3,0.8311,0.0086
RNG(0),2.24,3,0.8311,0.0084
RNG(0),2.25,3,0.8311,0.0087
RNG(0),2.26,3,0.8312,0.0084
RNG(0),2.27,3,0.8313,0.0081
RNG(0),2.28,3,0.8314,0.0079
RNG(0),2.29,3,0.8314,0.0082
RNG(0),2.3,3,0.8313,0.0081
RNG(0),2.31,3,0.8312,0.008
RNG(0),2.32,3,0.8311,0.0085
RNG(0),2.33,3,0.8314,0.0086
RNG(0),2.34,3,0.8315,0.0087
RNG(0),2.35,3,0.8317,0.0087
RNG(0),2.36,3,0.8317,0.0081
RNG(0),2.37,3,0.8316,0.0084
RNG(0),2.38,3,0.8315,0.0082
RNG(0),2.39,3,0.8316,0.0079
RNG(0),2.4,3,0.8318,0.0081
RNG(0),2.41,3,0.8317,0.0087
RNG(0),2.42,3,0.8319,0.0086
RNG(0),2.43,3,0.8319,0.009
RNG(0),2.44,3,0.8317,0.009
RNG(0),2.45,3,0.8316,0.0094
RNG(0),2.46,3,0.8317,0.0093
RNG(0),2.47,3,0.8317,0.0093
RNG(0),2.48,3,0.8317,0.0092
RNG(0),2.49,3,0.8315,0.0091
RNG(0),2.5,3,0.8315,0.0088
RNG(0),2.51,3,0.8314,0.009
RNG(0),2.52,3,0.8315,0.0095
RNG(0),2.53,3,0.8314,0.0093
RNG(0),2.54,3,0.8314,0.0095
RNG(0),2.55,3,0.8313,0.0096
RNG(0),2.56,3,0.8311,0.0095
RNG(0),2.57,3,0.8311,0.009
RNG(0),2.58,3,0.8312,0.0089
RNG(0),2.59,3,0.8312,0.0092
RNG(0),2.6,3,0.8313,0.0088
RNG(0),2.61,3,0.8314,0.0094
RNG(0),2.62,3,0.8314,0.0097
RNG(0),2.63,3,0.8314,0.0098
RNG(0),2.64,3,0.8314,0.0094
RNG(0),2.65,3,0.8315,0.0092
RNG(0),2.66,3,0.8314,0.0089
RNG(0),2.67,3,0.8314,0.0092
RNG(0),2.68,3,0.8314,0.0091
RNG(0),2.69,3,0.8312,0.0091
RNG(0),2.7,3,0.8313,0.0092
RNG(0),2.71,3,0.8312,0.0096
RNG(0),2.72,3,0.8315,0.0101
RNG(0),2.73,3,0.8314,0.0095
RNG(0),2.74,3,0.8312,0.0096
RNG(0),2.75,3,0.8312,0.0096
RNG(0),2.76,3,0.831,0.0097
RNG(0),2.77,3,0.8312,0.0097
RNG(0),2.78,3,0.8313,0.0097
RNG(0),2.79,3,0.8311,0.0096
RNG(0),2.8,3,0.8311,0.0095
RNG(0),2.81,3,0.831,0.0095
RNG(0),2.82,3,0.8308,0.0093
RNG(0),2.83,3,0.8308,0.0093
RNG(0),2.84,3,0.8308,0.0093
RNG(0),2.85,3,0.8307,0.0093
RNG(0),2.86,3,0.8307,0.009
RNG(0),2.87,3,0.8308,0.0088
RNG(0),2.88,3,0.8308,0.0088
RNG(0),2.89,3,0.8307,0.0089
RNG(0),2.9,3,0.8308,0.0093
RNG(0),2.91,3,0.831,0.0091
RNG(0),2.92,3,0.8311,0.0089
RNG(0),2.93,3,0.8311,0.0091
RNG(0),2.94,3,0.8313,0.0086
RNG(0),2.95,3,0.8313,0.0087
RNG(0),2.96,3,0.8312,0.0089
RNG(0),2.97,3,0.8311,0.0084
RNG(0),2.98,3,0.8309,0.0083
RNG(0),2.99,3,0.8309,0.0082
RNG(0),3.0,3,0.831,0.0082
RNG(0),3.01,3,0.831,0.0082
RNG(0),3.02,3,0.8309,0.0085
RNG(0),3.03,3,0.8309,0.0083
RNG(0),3.04,3,0.8309,0.0083
RNG(0),3.05,3,0.8308,0.0083
RNG(0),3.06,3,0.8307,0.008
RNG(0),3.07,3,0.8308,0.0083
RNG(0),3.08,3,0.8309,0.0083
RNG(0),3.09,3,0.8309,0.0078
RNG(0),3.1,3,0.8309,0.008
RNG(0),3.11,3,0.831,0.0078
RNG(0),3.12,3,0.8311,0.0078
RNG(0),3.13,3,0.8309,0.0078
RNG(0),3.14,3,0.8307,0.0079
RNG(0),3.15,3,0.8307,0.0079
RNG(0),3.16,3,0.8306,0.0082
RNG(0),3.17,3,0.8306,0.0078
RNG(0),3.18,3,0.8307,0.0078
RNG(0),3.19,3,0.8306,0.0077
RNG(0),3.2,3,0.8303,0.008
RNG(0),3.21,3,0.8301,0.0077
RNG(0),3.22,3,0.8299,0.008
RNG(0),3.23,3,0.8299,0.0077
RNG(0),3.24,3,0.8297,0.0076
RNG(0),3.25,3,0.8297,0.007
RNG(0),3.26,3,0.8296,0.0069
RNG(0),3.27,3,0.8295,0.0067
RNG(0),3.28,3,0.8295,0.0064
RNG(0),3.29,3,0.8294,0.0062
RNG(0),3.3,3,0.8292,0.0057
RNG(0),3.31,3,0.8292,0.0059
RNG(0),3.32,3,0.829,0.0059
RNG(0),3.33,3,0.8291,0.006
RNG(0),3.34,3,0.829,0.0058
RNG(0),3.35,3,0.8288,0.0063
RNG(0),3.36,3,0.8286,0.0064
RNG(0),3.37,3,0.8285,0.0064
RNG(0),3.38,3,0.8284,0.0062
RNG(0),3.39,3,0.8283,0.006
RNG(0),3.4,3,0.8282,0.0064
RNG(0),3.41,3,0.8281,0.0061
RNG(0),3.42,3,0.828,0.0053
RNG(0),3.43,3,0.8276,0.0052
RNG(0),3.44,3,0.8276,0.0055
RNG(0),3.45,3,0.8273,0.0056
RNG(0),3.46,3,0.8273,0.0058
RNG(0),3.47,3,0.8272,0.0056
RNG(0),3.48,3,0.8271,0.0057
RNG(0),3.49,3,0.8269,0.0056
RNG(0),3.5,3,0.8267,0.0055
RNG(0),3.51,3,0.8266,0.0053
RNG(0),3.52,3,0.8265,0.0055
RNG(0),3.53,3,0.8264,0.0058
RNG(0),3.54,3,0.8263,0.006
RNG(0),3.55,3,0.8261,0.0058
RNG(0),3.56,3,0.8259,0.0061
RNG(0),3.57,3,0.8257,0.0058
RNG(0),3.58,3,0.8256,0.0058
RNG(0),3.59,3,0.8253,0.0054
RNG(0),3.6,3,0.8252,0.0052
RNG(0),3.61,3,0.825,0.0049
RNG(0),3.62,3,0.8248,0.005
RNG(0),3.63,3,0.8246,0.005
RNG(0),3.64,3,0.8243,0.0045
RNG(0),3.65,3,0.8241,0.0042
RNG(0),3.66,3,0.8239,0.0041
RNG(0),3.67,3,0.8236,0.004
RNG(0),3.68,3,0.8234,0.0043
RNG(0),3.69,3,0.8232,0.0041
RNG(0),3.7,3,0.8231,0.0041
RNG(0),3.71,3,0.8229,0.0042
RNG(0),3.72,3,0.8225,0.0038
RNG(0),3.73,3,0.8223,0.0038
RNG(0),3.74,3,0.8221,0.0038
RNG(0),3.75,3,0.8219,0.0038
RNG(0),3.76,3,0.8216,0.0036
RNG(0),3.77,3,0.8215,0.0035
RNG(0),3.78,3,0.8212,0.0036
RNG(0),3.79,3,0.8211,0.003
RNG(0),3.8,3,0.8208,0.003
RNG(0),3.81,3,0.8205,0.0032
RNG(0),3.82,3,0.8201,0.0035
RNG(0),3.83,3,0.8197,0.0035
RNG(0),3.84,3,0.8196,0.0035
RNG(0),3.85,3,0.8193,0.0035
RNG(0),3.86,3,0.8192,0.0034
RNG(0),3.87,3,0.8191,0.0031
RNG(0),3.88,3,0.8189,0.0031
RNG(0),3.89,3,0.8187,0.0034
RNG(0),3.9,3,0.8184,0.0032
RNG(0),3.91,3,0.8182,0.0025
RNG(0),3.92,3,0.8182,0.0029
RNG(0),3.93,3,0.8182,0.0027
RNG(0),3.94,3,0.8182,0.0028
RNG(0),3.95,3,0.8181,0.0027
RNG(0),3.96,3,0.818,0.0028
RNG(0),3.97,3,0.8178,0.003
RNG(0),3.98,3,0.8177,0.0029
RNG(0),3.99,3,0.8177,0.0025
RNG(0),4.0,3,0.8177,0.0026
RNG(0),4.01,3,0.8177,0.0027
RNG(0),4.02,3,0.8175,0.0025
RNG(0),4.03,3,0.8175,0.0024
RNG(0),4.04,3,0.8175,0.0023
RNG(0),4.05,3,0.8175,0.0023
RNG(0),4.06,3,0.8175,0.0023
RNG(0),4.07,3,0.8175,0.0023
RNG(0),4.08,3,0.8175,0.0023
RNG(0),4.09,3,0.8175,0.0023
RNG(0),4.1,3,0.8175,0.0023
RNG(0),4.11,3,0.8175,0.0023
RNG(0),4.12,3,0.8175,0.0023
RNG(0),4.13,3,0.8175,0.0023
RNG(0),4.14,3,0.8175,0.0023
RNG(0),4.15,3,0.8175,0.0023
RNG(0),4.16,3,0.8174,0.0026
RNG(0),4.17,3,0.8174,0.0026
RNG(0),4.18,3,0.8174,0.0027
RNG(0),4.19,3,0.8174,0.0027
RNG(0),4.2,3,0.8173,0.003
RNG(0),4.21,3,0.8173,0.003
RNG(0),4.23,3,0.8173,0.003
RNG(0),4.24,2,0.8169,0.0127
RNG(0),4.25,3,0.8173,0.003
RNG(0),4.26,3,0.8173,0.003
RNG(0),4.31,2,0.8169,0.0127
RNG(0),4.33,1,0.8179,0.0
RNG(0),4.35,2,0.8169,0.0127
RNG(0),4.36,1,0.8179,0.0
RNG(0),4.37,3,0.8173,0.003
RNG(0),4.38,2,0.818,0.0013
RNG(0.05),1.32,2,0.818,0.0152
RNG(0.05),1.33,2,0.818,0.0152
RNG(0.05),1.35,2,0.818,0.0152
RNG(0.05),1.39,2,0.8214,0.0273
RNG(0.05),1.43,3,0.8199,0.0083
RNG(0.05),1.44,2,0.8216,0.026
RNG(0.05),1.45,3,0.82,0.0083
RNG(0.05),1.46,2,0.8216,0.026
RNG(0.05),1.47,3,0.82,0.0083
RNG(0.05),1.48,3,0.8202,0.0081
RNG(0.05),1.49,3,0.8203,0.0081
RNG(0.05),1.5,3,0.8204,0.0081
RNG(0.05),1.51,3,0.8204,0.0081
RNG(0.05),1.52,3,0.8205,0.0081
RNG(0.05),1.53,3,0.8206,0.0081
RNG(0.05),1.54,3,0.8207,0.008
RNG(0.05),1.55,3,0.8207,0.008
RNG(0.05),1.56,3,0.8209,0.0079
RNG(0.05),1.57,3,0.821,0.0079
RNG(0.05),1.58,3,0.8211,0.0079
RNG(0.05),1.59,3,0.8212,0.0079
RNG(0.05),1.6,3,0.8212,0.0077
RNG(0.05),1.61,3,0.8214,0.0077
RNG(0.05),1.62,3,0.8216,0.0081
RNG(0.05),1.63,3,0.8217,0.008
RNG(0.05),1.64,3,0.8218,0.008
RNG(0.05),1.65,3,0.8218,0.0081
RNG(0.05),1.66,3,0.8219,0.0078
RNG(0.05),1.67,3,0.822,0.0081
RNG(0.05),1.68,3,0.8223,0.0082
RNG(0.05),1.69,3,0.8225,0.008
RNG(0.05),1.7,3,0.8228,0.0082
RNG(0.05),1.71,3,0.8231,0.0081
RNG(0.05),1.72,3,0.8234,0.0081
RNG(0.05),1.73,3,0.8239,0.0078
RNG(0.05),1.74,3,0.824,0.0078
RNG(0.05),1.75,3,0.8242,0.008
RNG(0.05),1.76,3,0.8242,0.0081
RNG(0.05),1.77,3,0.8244,0.0079
RNG(0.05),1.78,3,0.8245,0.008
RNG(0.05),1.79,3,0.8247,0.0077
RNG(0.05),1.8,3,0.8248,0.008
RNG(0.05),1.81,3,0.825,0.008
RNG(0.05),1.82,3,0.825,0.0078
RNG(0.05),1.83,3,0.8252,0.0081
RNG(0.05),1.84,3,0.8255,0.0078
RNG(0.05),1.85,3,0.8256,0.0078
RNG(0.05),1.86,3,0.8257,0.0078
RNG(0.05),1.87,3,0.8259,0.008
RNG(0.05),1.88,3,0.826,0.0077
RNG(0.05),1.89,3,0.8261,0.0076
RNG(0.05),1.9,3,0.8262,0.0073
RNG(0.05),1.91,3,0.8264,0.0076
RNG(0.05),1.92,3,0.8266,0.0074
RNG(0.05),1.93,3,0.8269,0.0075
RNG(0.05),1.94,3,0.827,0.0077
RNG(0.05),1.95,3,0.8273,0.0082
RNG(0.05),1.96,3,0.8275,0.0081
RNG(0.05),1.97,3,0.8277,0.0082
RNG(0.05),1.98,3,0.8278,0.0082
RNG(0.05),1.99,3,0.828,0.0085
RNG(0.05),2.0,3,0.8282,0.0084
RNG(0.05),2.01,3,0.8283,0.0086
RNG(0.05),2.02,3,0.8286,0.0086
RNG(0.05),2.03,3,0.8288,0.0088
RNG(0.05),2.04,3,0.829,0.0091
RNG(0.05),2.05,3,0.8291,0.0091
RNG(0.05),2.06,3,0.8292,0.0091
RNG(0.05),2.07,3,0.8293,0.0092
RNG(0.05),2.08,3,0.8294,0.0091
RNG(0.05),2.09,3,0.8294,0.0092
RNG(0.05),2.1,3,0.8295,0.009
RNG(0.05),2.11,3,0.8297,0.0093
RNG(0.05),2.12,3,0.8298,0.0093
RNG(0.05),2.13,3,0.8299,0.0094
RNG(0.05),2.14,3,0.8299,0.0091
RNG(0.05),2.15,3,0.8299,0.0089
RNG(0.05),2.16,3,0.8299,0.009
RNG(0.05),2.17,3,0.83,0.0085
RNG(0.05),2.18,3,0.8302,0.0085
RNG(0.05),2.19,3,0.8302,0.0088
RNG(0.05),2.2,3,0.8302,0.0087
RNG(0.05),2.21,3,0.8302,0.0085
RNG(0.05),2.22,3,0.8305,0.0084
RNG(0.05),2.23,3,0.8306,0.0085
RNG(0.05),2.24,3,0.8307,0.0085
RNG(0.05),2.25,3,0.8306,0.0087
RNG(0.05),2.26,3,0.8308,0.0089
RNG(0.05),2.27,3,0.8309,0.0085
RNG(0.05),2.28,3,0.8309,0.0082
RNG(0.05),2.29,3,0.8309,0.0081
RNG(0.05),2.3,3,0.8308,0.0081
RNG(0.05),2.31,3,0.8308,0.0082
RNG(0.05),2.32,3,0.8308,0.0087
RNG(0.05),2.33,3,0.831,0.0087
RNG(0.05),2.34,3,0.8311,0.0086
RNG(0.05),2.35,3,0.8313,0.009
RNG(0.05),2.36,3,0.8314,0.0085
RNG(0.05),2.37,3,0.8313,0.0087
RNG(0.05),2.38,3,0.8313,0.0087
RNG(0.05),2.39,3,0.8313,0.0083
RNG(0.05),2.4,3,0.8314,0.0086
RNG(0.05),2.41,3,0.8314,0.0088
RNG(0.05),2.42,3,0.8317,0.0087
RNG(0.05),2.43,3,0.8316,0.0091
RNG(0.05),2.44,3,0.8315,0.0091
RNG(0.05),2.45,3,0.8315,0.0093
RNG(0.05),2.46,3,0.8316,0.0092
RNG(0.05),2.47,3,0.8316,0.0091
RNG(0.05),2.48,3,0.8317,0.0091
RNG(0.05),2.49,3,0.8317,0.0087
RNG(0.05),2.5,3,0.8317,0.0086
RNG(0.05),2.51,3,0.8317,0.0089
RNG(0.05),2.52,3,0.8318,0.0093
RNG(0.05),2.53,3,0.8318,0.0091
RNG(0.05),2.54,3,0.8317,0.0089
RNG(0.05),2.55,3,0.8318,0.0088
RNG(0.05),2.56,3,0.8316,0.0086
RNG(0.05),2.57,3,0.8316,0.0084
RNG(0.05),2.58,3,0.8317,0.0083
RNG(0.05),2.59,3,0.8317,0.0085
RNG(0.05),2.6,3,0.8317,0.0082
RNG(0.05),2.61,3,0.8318,0.0086
RNG(0.05),2.62,3,0.8318,0.0087
RNG(0.05),2.63,3,0.832,0.009
RNG(0.05),2.64,3,0.8319,0.0088
RNG(0.05),2.65,3,0.832,0.0086
RNG(0.05),2.66,3,0.832,0.0084
RNG(0.05),2.67,3,0.832,0.0086
RNG(0.05),2.68,3,0.832,0.0086
RNG(0.05),2.69,3,0.8319,0.0085
RNG(0.05),2.7,3,0.832,0.0085
RNG(0.05),2.71,3,0.8319,0.009
RNG(0.05),2.72,3,0.8321,0.0091
RNG(0.05),2.73,3,0.8321,0.0088
RNG(0.05),2.74,3,0.8319,0.009
RNG(0.05),2.75,3,0.8319,0.0091
RNG(0.05),2.76,3,0.8318,0.009
RNG(0.05),2.77,3,0.8319,0.0091
RNG(0.05),2.78,3,0.832,0.0089
RNG(0.05),2.79,3,0.8319,0.0089
RNG(0.05),2.8,3,0.832,0.0088
RNG(0.05),2.81,3,0.8319,0.0089
RNG(0.05),2.82,3,0.8317,0.0086
RNG(0.05),2.83,3,0.8317,0.0086
RNG(0.05),2.84,3,0.8318,0.0085
RNG(0.05),2.85,3,0.8317,0.0085
RNG(0.05),2.86,3,0.8317,0.0084
RNG(0.05),2.87,3,0.8318,0.0081
RNG(0.05),2.88,3,0.8318,0.0081
RNG(0.05),2.89,3,0.8317,0.0081
RNG(0.05),2.9,3,0.8317,0.0084
RNG(0.05),2.91,3,0.8319,0.0083
RNG(0.05),2.92,3,0.832,0.0082
RNG(0.05),2.93,3,0.8321,0.0083
RNG(0.05),2.94,3,0.8324,0.008
RNG(0.05),2.95,3,0.8323,0.0079
RNG(0.05),2.96,3,0.8322,0.0083
RNG(0.05),2.97,3,0.8322,0.0078
RNG(0.05),2.98,3,0.8321,0.0078
RNG(0.05),2.99,3,0.8321,0.0077
RNG(0.05),3.0,3,0.8322,0.0077
RNG(0.05),3.01,3,0.8322,0.0074
RNG(0.05),3.02,3,0.8322,0.0077
RNG(0.05),3.03,3,0.8323,0.0075
RNG(0.05),3.04,3,0.8322,0.0076
RNG(0.05),3.05,3,0.8322,0.0074
RNG(0.05),3.06,3,0.8321,0.0071
RNG(0.05),3.07,3,0.8322,0.0073
RNG(0.05),3.08,3,0.8321,0.0075
RNG(0.05),3.09,3,0.8322,0.0071
RNG(0.05),3.1,3,0.8322,0.0074
RNG(0.05),3.11,3,0.8323,0.0072
RNG(0.05),3.12,3,0.8323,0.0073
RNG(0.05),3.13,3,0.8323,0.0075
RNG(0.05),3.14,3,0.8322,0.0077
RNG(0.05),3.15,3,0.8322,0.0078
RNG(0.05),3.16,3,0.832,0.0081
RNG(0.05),3.17,3,0.8321,0.0078
RNG(0.05),3.18,3,0.8322,0.0076
RNG(0.05),3.19,3,0.8321,0.0075
RNG(0.05),3.2,3,0.8319,0.0076
RNG(0.05),3.21,3,0.8318,0.0075
RNG(0.05),3.22,3,0.8316,0.0076
RNG(0.05),3.23,3,0.8316,0.0075
RNG(0.05),3.24,3,0.8315,0.0073
RNG(0.05),3.25,3,0.8314,0.007
RNG(0.05),3.26,3,0.8314,0.0068
RNG(0.05),3.27,3,0.8313,0.0067
RNG(0.05),3.28,3,0.8312,0.0065
RNG(0.05),3.29,3,0.8311,0.0063
RNG(0.05),3.3,3,0.8311,0.006
RNG(0.05),3.31,3,0.8311,0.0061
RNG(0.05),3.32,3,0.831,0.0062
RNG(0.05),3.33,3,0.8312,0.0062
RNG(0.05),3.34,3,0.8311,0.0062
RNG(0.05),3.35,3,0.831,0.0068
RNG(0.05),3.36,3,0.8309,0.0066
RNG(0.05),3.37,3,0.8309,0.0068
RNG(0.05),3.38,3,0.8308,0.0066
RNG(0.05),3.39,3,0.8307,0.0067
RNG(0.05),3.4,3,0.8307,0.0068
RNG(0.05),3.41,3,0.8306,0.0066
RNG(0.05),3.42,3,0.8304,0.006
RNG(0.05),3.43,3,0.8302,0.006
RNG(0.05),3.44,3,0.8301,0.0062
RNG(0.05),3.45,3,0.8299,0.0062
RNG(0.05),3.46,3,0.8299,0.0065
RNG(0.05),3.47,3,0.8298,0.0066
RNG(0.05),3.48,3,0.8297,0.0065
RNG(0.05),3.49,3,0.8295,0.0065
RNG(0.05),3.5,3,0.8294,0.0064
RNG(0.05),3.51,3,0.8293,0.0061
RNG(0.05),3.52,3,0.8293,0.0063
RNG(0.05),3.53,3,0.8293,0.0066
RNG(0.05),3.54,3,0.8292,0.0068
RNG(0.05),3.55,3,0.8291,0.0067
RNG(0.05),3.56,3,0.8291,0.0067
RNG(0.05),3.57,3,0.8289,0.0066
RNG(0.05),3.58,3,0.8289,0.0064
RNG(0.05),3.59,3,0.8286,0.0063
RNG(0.05),3.6,3,0.8286,0.0062
RNG(0.05),3.61,3,0.8285,0.0061
RNG(0.05),3.62,3,0.8283,0.0062
RNG(0.05),3.63,3,0.8282,0.0064
RNG(0.05),3.64,3,0.828,0.0062
RNG(0.05),3.65,3,0.8278,0.0058
RNG(0.05),3.66,3,0.8276,0.0059
RNG(0.05),3.67,3,0.8275,0.0056
RNG(0.05),3.68,3,0.8273,0.006
RNG(0.05),3.69,3,0.8273,0.0061
RNG(0.05),3.7,3,0.8271,0.006
RNG(0.05),3.71,3,0.8271,0.0062
RNG(0.05),3.72,3,0.8269,0.006
RNG(0.05),3.73,3,0.8267,0.0062
RNG(0.05),3.74,3,0.8265,0.0064
RNG(0.05),3.75,3,0.8264,0.0064
RNG(0.05),3.76,3,0.8261,0.0061
RNG(0.05),3.77,3,0.826,0.0062
RNG(0.05),3.78,3,0.8258,0.0064
RNG(0.05),3.79,3,0.8258,0.0061
RNG(0.05),3.8,3,0.8255,0.0063
RNG(0.05),3.81,3,0.8254,0.0066
RNG(0.05),3.82,3,0.8251,0.0069
RNG(0.05),3.83,3,0.8248,0.007
RNG(0.05),3.84,3,0.8246,0.007
RNG(0.05),3.85,3,0.8245,0.007
RNG(0.05),3.86,3,0.8244,0.0069
RNG(0.05),3.87,3,0.8244,0.0067
RNG(0.05),3.88,3,0.8244,0.0068
RNG(0.05),3.89,3,0.8243,0.007
RNG(0.05),3.9,3,0.824,0.0068
RNG(0.05),3.91,3,0.8238,0.0065
RNG(0.05),3.92,3,0.8238,0.0065
RNG(0.05),3.93,3,0.8238,0.0064
RNG(0.05),3.94,3,0.8238,0.0065
RNG(0.05),3.95,3,0.8237,0.0064
RNG(0.05),3.96,3,0.8236,0.0064
RNG(0.05),3.97,3,0.8234,0.0068
RNG(0.05),3.98,3,0.8234,0.0068
RNG(0.05),3.99,3,0.8234,0.0068
RNG(0.05),4.0,3,0.8234,0.0068
RNG(0.05),4.01,3,0.8233,0.007
RNG(0.05),4.02,3,0.8232,0.0067
RNG(0.05),4.03,3,0.8232,0.0067
RNG(0.05),4.04,3,0.8231,0.0067
RNG(0.05),4.05,3,0.8231,0.0067
RNG(0.05),4.06,3,0.8231,0.0067
RNG(0.05),4.07,3,0.8231,0.0067
RNG(0.05),4.08,3,0.8232,0.0067
RNG(0.05),4.09,3,0.8232,0.0067
RNG(0.05),4.1,3,0.8232,0.0067
RNG(0.05),4.11,3,0.8232,0.0067
RNG(0.05),4.12,3,0.8232,0.0067
RNG(0.05),4.13,3,0.8232,0.0067
RNG(0.05),4.14,3,0.8232,0.0067
RNG(0.05),4.15,3,0.8232,0.0067
RNG(0.05),4.16,3,0.8231,0.007
RNG(0.05),4.17,3,0.8231,0.007
RNG(0.05),4.18,3,0.8231,0.007
RNG(0.05),4.19,3,0.8231,0.007
RNG(0.05),4.2,3,0.8231,0.0072
RNG(0.05),4.21,3,0.8231,0.0072
RNG(0.05),4.23,3,0.8231,0.0072
RNG(0.05),4.24,2,0.8222,0.0324
RNG(0.05),4.25,3,0.8231,0.0072
RNG(0.05),4.26,3,0.8231,0.0072
RNG(0.05),4.31,2,0.8222,0.0324
RNG(0.05),4.33,1,0.8248,0.0
RNG(0.05),4.35,2,0.8222,0.0324
RNG(0.05),4.36,1,0.8248,0.0
RNG(0.05),4.37,3,0.8231,0.0072
RNG(0.05),4.38,2,0.8247,0.0006
RNG(0.1),1.32,2,0.818,0.0152
RNG(0.1),1.33,2,0.818,0.0152
RNG(0.1),1.35,2,0.818,0.0152
RNG(0.1),1.39,2,0.8214,0.0273
RNG(0.1),1.43,3,0.8199,0.0083
RNG(0.1),1.44,2,0.8216,0.026
RNG(0.1),1.45,3,0.82,0.0083
RNG(0.1),1.46,2,0.8216,0.026
RNG(0.1),1.47,3,0.82,0.0083
RNG(0.1),1.48,3,0.8201,0.0081
RNG(0.1),1.49,3,0.8203,0.0081
RNG(0.1),1.5,3,0.8203,0.0081
RNG(0.1),1.51,3,0.8204,0.0081
RNG(0.1),1.52,3,0.8205,0.0081
RNG(0.1),1.53,3,0.8206,0.0081
RNG(0.1),1.54,3,0.8206,0.008
RNG(0.1),1.55,3,0.8207,0.0081
RNG(0.1),1.56,3,0.8208,0.008
RNG(0.1),1.57,3,0.8208,0.008
RNG(0.1),1.58,3,0.8209,0.008
RNG(0.1),1.59,3,0.821,0.008
RNG(0.1),1.6,3,0.8211,0.0079
RNG(0.1),1.61,3,0.8212,0.0079
RNG(0.1),1.62,3,0.8214,0.0082
RNG(0.1),1.63,3,0.8215,0.0081
RNG(0.1),1.64,3,0.8215,0.0082
RNG(0.1),1.65,3,0.8216,0.0081
RNG(0.1),1.66,3,0.8217,0.008
RNG(0.1),1.67,3,0.8218,0.0081
RNG(0.1),1.68,3,0.822,0.0085
RNG(0.1),1.69,3,0.8223,0.0082
RNG(0.1),1.7,3,0.8226,0.0083
RNG(0.1),1.71,3,0.8229,0.0082
RNG(0.1),1.72,3,0.8232,0.0082
RNG(0.1),1.73,3,0.8235,0.0078
RNG(0.1),1.74,3,0.8236,0.0078
RNG(0.1),1.75,3,0.8238,0.0079
RNG(0.1),1.76,3,0.8239,0.0081
RNG(0.1),1.77,3,0.824,0.008
RNG(0.1),1.78,3,0.8241,0.008
RNG(0.1),1.79,3,0.8243,0.0078
RNG(0.1),1.8,3,0.8245,0.008
RNG(0.1),1.81,3,0.8246,0.0081
RNG(0.1),1.82,3,0.8247,0.008
RNG(0.1),1.83,3,0.8249,0.0081
RNG(0.1),1.84,3,0.8251,0.0081
RNG(0.1),1.85,3,0.8252,0.008
RNG(0.1),1.86,3,0.8252,0.0078
RNG(0.1),1.87,3,0.8254,0.008
RNG(0.1),1.88,3,0.8256,0.0078
RNG(0.1),1.89,3,0.8258,0.0076
RNG(0.1),1.9,3,0.8259,0.0075
RNG(0.1),1.91,3,0.826,0.0077
RNG(0.1),1.92,3,0.8262,0.0076
RNG(0.1),1.93,3,0.8265,0.0076
RNG(0.1),1.94,3,0.8266,0.0077
RNG(0.1),1.95,3,0.8268,0.0081
RNG(0.1),1.96,3,0.827,0.008
RNG(0.1),1.97,3,0.8272,0.0083
RNG(0.1),1.98,3,0.8273,0.0081
RNG(0.1),1.99,3,0.8275,0.0083
RNG(0.1),2.0,3,0.8277,0.0081
RNG(0.1),2.01,3,0.8279,0.0081
RNG(0.1),2.02,3,0.8281,0.0081
RNG(0.1),2.03,3,0.8282,0.0082
RNG(0.1),2.04,3,0.8284,0.0085
RNG(0.1),2.05,3,0.8285,0.0083
RNG(0.1),2.06,3,0.8286,0.0085
RNG(0.1),2.07,3,0.8286,0.0087
RNG(0.1),2.08,3,0.8288,0.0084
RNG(0.1),2.09,3,0.8289,0.0085
RNG(0.1),2.1,3,0.829,0.0082
RNG(0.1),2.11,3,0.8292,0.0086
RNG(0.1),2.12,3,0.8293,0.0085
RNG(0.1),2.13,3,0.8294,0.0087
RNG(0.1),2.14,3,0.8295,0.0086
RNG(0.1),2.15,3,0.8296,0.0087
RNG(0.1),2.16,3,0.8295,0.009
RNG(0.1),2.17,3,0.8297,0.0087
RNG(0.1),2.18,3,0.8298,0.0085
RNG(0.1),2.19,3,0.8298,0.0088
RNG(0.1),2.2,3,0.8299,0.0088
RNG(0.1),2.21,3,0.83,0.0089
RNG(0.1),2.22,3,0.8301,0.0088
RNG(0.1),2.23,3,0.8302,0.0089
RNG(0.1),2.24,3,0.8302,0.009
RNG(0.1),2.25,3,0.8302,0.0091
RNG(0.1),2.26,3,0.8304,0.0091
RNG(0.1),2.27,3,0.8305,0.0087
RNG(0.1),2.28,3,0.8306,0.0084
RNG(0.1),2.29,3,0.8306,0.0084
RNG(0.1),2.3,3,0.8306,0.0084
RNG(0.1),2.31,3,0.8306,0.0081
RNG(0.1),2.32,3,0.8306,0.0086
RNG(0.1),2.33,3,0.8308,0.0086
RNG(0.1),2.34,3,0.831,0.0087
RNG(0.1),2.35,3,0.8312,0.0088
RNG(0.1),2.36,3,0.8313,0.0085
RNG(0.1),2.37,3,0.8313,0.0087
RNG(0.1),2.38,3,0.8312,0.0086
RNG(0.1),2.39,3,0.8313,0.0085
RNG(0.1),2.4,3,0.8314,0.0087
RNG(0.1),2.41,3,0.8315,0.0091
RNG(0.1),2.42,3,0.8317,0.0089
RNG(0.1),2.43,3,0.8316,0.0091
RNG(0.1),2.44,3,0.8315,0.0092
RNG(0.1),2.45,3,0.8315,0.0095
RNG(0.1),2.46,3,0.8316,0.0094
RNG(0.1),2.47,3,0.8316,0.0095
RNG(0.1),2.48,3,0.8316,0.0093
RNG(0.1),2.49,3,0.8317,0.0092
RNG(0.1),2.5,3,0.8318,0.0091
RNG(0.1),2.51,3,0.8317,0.0093
RNG(0.1),2.52,3,0.8318,0.0096
RNG(0.1),2.53,3,0.8318,0.0095
RNG(0.1),2.54,3,0.8318,0.0094
RNG(0.1),2.55,3,0.8318,0.0095
RNG(0.1),2.56,3,0.8318,0.0093
RNG(0.1),2.57,3,0.8318,0.0091
RNG(0.1),2.58,3,0.8319,0.0091
RNG(0.1),2.59,3,0.8319,0.0092
RNG(0.1),2.6,3,0.832,0.009
RNG(0.1),2.61,3,0.8321,0.0094
RNG(0.1),2.62,3,0.8321,0.0095
RNG(0.1),2.63,3,0.8322,0.0096
RNG(0.1),2.64,3,0.8322,0.0095
RNG(0.1),2.65,3,0.8323,0.0093
RNG(0.1),2.66,3,0.8323,0.0092
RNG(0.1),2.67,3,0.8322,0.0094
RNG(0.1),2.68,3,0.8323,0.0091
RNG(0.1),2.69,3,0.8322,0.009
RNG(0.1),2.7,3,0.8323,0.0089
RNG(0.1),2.71,3,0.8322,0.0093
RNG(0.1),2.72,3,0.8324,0.0095
RNG(0.1),2.73,3,0.8323,0.0093
RNG(0.1),2.74,3,0.8322,0.0096
RNG(0.1),2.75,3,0.8322,0.0096
RNG(0.1),2.76,3,0.8322,0.0095
RNG(0.1),2.77,3,0.8323,0.0097
RNG(0.1),2.78,3,0.8324,0.0097
RNG(0.1),2.79,3,0.8323,0.0097
RNG(0.1),2.8,3,0.8324,0.0096
RNG(0.1),2.81,3,0.8324,0.0096
RNG(0.1),2.82,3,0.8323,0.0093
RNG(0.1),2.83,3,0.8324,0.0095
RNG(0.1),2.84,3,0.8324,0.0092
RNG(0.1),2.85,3,0.8323,0.0092
RNG(0.1),2.86,3,0.8323,0.0088
RNG(0.1),2.87,3,0.8324,0.0087
RNG(0.1),2.88,3,0.8324,0.0086
RNG(0.1),2.89,3,0.8324,0.0084
RNG(0.1),2.9,3,0.8324,0.0087
RNG(0.1),2.91,3,0.8325,0.0087
RNG(0.1),2.92,3,0.8325,0.0087
RNG(0.1),2.93,3,0.8326,0.0087
RNG(0.1),2.94,3,0.8328,0.0083
RNG(0.1),2.95,3,0.8328,0.0083
RNG(0.1),2.96,3,0.8328,0.0085
RNG(0.1),2.97,3,0.8328,0.0082
RNG(0.1),2.98,3,0.8328,0.0083
RNG(0.1),2.99,3,0.8327,0.0081
RNG(0.1),3.0,3,0.8328,0.008
RNG(0.1),3.01,3,0.8328,0.0078
RNG(0.1),3.02,3,0.8327,0.008
RNG(0.1),3.03,3,0.8328,0.0078
RNG(0.1),3.04,3,0.8328,0.0079
RNG(0.1),3.05,3,0.8327,0.0076
RNG(0.1),3.06,3,0.8326,0.0075
RNG(0.1),3.07,3,0.8327,0.0077
RNG(0.1),3.08,3,0.8326,0.0081
RNG(0.1),3.09,3,0.8327,0.0079
RNG(0.1),3.1,3,0.8327,0.0082
RNG(0.1),3.11,3,0.8328,0.0081
RNG(0.1),3.12,3,0.8328,0.0081
RNG(0.1),3.13,3,0.8328,0.0081
RNG(0.1),3.14,3,0.8327,0.0082
RNG(0.1),3.15,3,0.8327,0.0083
RNG(0.1),3.16,3,0.8327,0.0082
RNG(0.1),3.17,3,0.8327,0.0081
RNG(0.1),3.18,3,0.8329,0.0079
RNG(0.1),3.19,3,0.8328,0.0076
RNG(0.1),3.2,3,0.8327,0.0078
RNG(0.1),3.21,3,0.8327,0.0078
RNG(0.1),3.22,3,0.8326,0.0078
RNG(0.1),3.23,3,0.8325,0.0077
RNG(0.1),3.24,3,0.8325,0.0078
RNG(0.1),3.25,3,0.8325,0.0075
RNG(0.1),3.26,3,0.8326,0.0074
RNG(0.1),3.27,3,0.8325,0.0072
RNG(0.1),3.28,3,0.8325,0.0072
RNG(0.1),3.29,3,0.8325,0.0069
RNG(0.1),3.3,3,0.8324,0.0067
RNG(0.1),3.31,3,0.8324,0.0068
RNG(0.1),3.32,3,0.8323,0.0068
RNG(0.1),3.33,3,0.8324,0.0068
RNG(0.1),3.34,3,0.8324,0.0068
RNG(0.1),3.35,3,0.8322,0.0069
RNG(0.1),3.36,3,0.8323,0.0069
RNG(0.1),3.37,3,0.8323,0.0072
RNG(0.1),3.38,3,0.8322,0.0072
RNG(0.1),3.39,3,0.832,0.0073
RNG(0.1),3.4,3,0.832,0.0072
RNG(0.1),3.41,3,0.832,0.0069
RNG(0.1),3.42,3,0.8318,0.0064
RNG(0.1),3.43,3,0.8317,0.0065
RNG(0.1),3.44,3,0.8316,0.0066
RNG(0.1),3.45,3,0.8316,0.0065
RNG(0.1),3.46,3,0.8316,0.0066
RNG(0.1),3.47,3,0.8315,0.0066
RNG(0.1),3.48,3,0.8314,0.0066
RNG(0.1),3.49,3,0.8313,0.0064
RNG(0.1),3.5,3,0.8313,0.0065
RNG(0.1),3.51,3,0.8312,0.0064
RNG(0.1),3.52,3,0.8311,0.0066
RNG(0.1),3.53,3,0.8311,0.0067
RNG(0.1),3.54,3,0.8311,0.0067
RNG(0.1),3.55,3,0.8311,0.0066
RNG(0.1),3.56,3,0.8311,0.0069
RNG(0.1),3.57,3,0.8309,0.0065
RNG(0.1),3.58,3,0.8309,0.0064
RNG(0.1),3.59,3,0.8307,0.0067
RNG(0.1),3.6,3,0.8307,0.0069
RNG(0.1),3.61,3,0.8307,0.0071
RNG(0.1),3.62,3,0.8305,0.0072
RNG(0.1),3.63,3,0.8304,0.0073
RNG(0.1),3.64,3,0.8303,0.0073
RNG(0.1),3.65,3,0.8302,0.0073
RNG(0.1),3.66,3,0.83,0.0075
RNG(0.1),3.67,3,0.8298,0.0073
RNG(0.1),3.68,3,0.8296,0.0076
RNG(0.1),3.69,3,0.8295,0.0076
RNG(0.1),3.7,3,0.8294,0.0075
RNG(0.1),3.71,3,0.8293,0.0075
RNG(0.1),3.72,3,0.8292,0.0075
RNG(0.1),3.73,3,0.8289,0.0078
RNG(0.1),3.74,3,0.8289,0.0077
RNG(0.1),3.75,3,0.8288,0.0077
RNG(0.1),3.76,3,0.8286,0.0075
RNG(0.1),3.77,3,0.8286,0.0075
RNG(0.1),3.78,3,0.8285,0.0075
RNG(0.1),3.79,3,0.8285,0.0075
RNG(0.1),3.8,3,0.8282,0.0076
RNG(0.1),3.81,3,0.8282,0.0077
RNG(0.1),3.82,3,0.828,0.008
RNG(0.1),3.83,3,0.8277,0.008
RNG(0.1),3.84,3,0.8277,0.0079
RNG(0.1),3.85,3,0.8276,0.0075
RNG(0.1),3.86,3,0.8275,0.0074
RNG(0.1),3.87,3,0.8275,0.0074
RNG(0.1),3.88,3,0.8275,0.0075
RNG(0.1),3.89,3,0.8274,0.0078
RNG(0.1),3.9,3,0.8273,0.0078
RNG(0.1),3.91,3,0.8272,0.0076
RNG(0.1),3.92,3,0.8272,0.0076
RNG(0.1),3.93,3,0.8273,0.0075
RNG(0.1),3.94,3,0.8272,0.0075
RNG(0.1),3.95,3,0.8271,0.0076
RNG(0.1),3.96,3,0.8272,0.0075
RNG(0.1),3.97,3,0.8271,0.0077
RNG(0.1),3.98,3,0.8271,0.0077
RNG(0.1),3.99,3,0.827,0.0077
RNG(0.1),4.0,3,0.8271,0.0078
RNG(0.1),4.01,3,0.827,0.008
RNG(0.1),4.02,3,0.827,0.0078
RNG(0.1),4.03,3,0.8269,0.0078
RNG(0.1),4.04,3,0.8269,0.008
RNG(0.1),4.05,3,0.8269,0.008
RNG(0.1),4.06,3,0.8269,0.008
RNG(0.1),4.07,3,0.8269,0.008
RNG(0.1),4.08,3,0.8269,0.0078
RNG(0.1),4.09,3,0.8269,0.0078
RNG(0.1),4.1,3,0.8269,0.0078
RNG(0.1),4.11,3,0.8269,0.0078
RNG(0.1),4.12,3,0.8269,0.0078
RNG(0.1),4.13,3,0.8269,0.0078
RNG(0.1),4.14,3,0.8269,0.0078
RNG(0.1),4.15,3,0.8269,0.0078
RNG(0.1),4.16,3,0.8269,0.0081
RNG(0.1),4.17,3,0.8269,0.0081
RNG(0.1),4.18,3,0.8269,0.0081
RNG(0.1),4.19,3,0.8269,0.0081
RNG(0.1),4.2,3,0.8269,0.0081
RNG(0.1),4.21,3,0.8269,0.0081
RNG(0.1),4.23,3,0.8269,0.0081
RNG(0.1),4.24,2,0.8253,0.0229
RNG(0.1),4.25,3,0.8269,0.0081
RNG(0.1),4.26,3,0.8269,0.0081
RNG(0.1),4.31,2,0.8253,0.0229
RNG(0.1),4.33,1,0.8271,0.0
RNG(0.1),4.35,2,0.8253,0.0229
RNG(0.1),4.36,1,0.8271,0.0
RNG(0.1),4.37,3,0.8269,0.0081
RNG(0.1),4.38,2,0.8285,0.0184
RNG(0.2),1.32,2,0.818,0.0152
RNG(0.2),1.33,2,0.818,0.0152
RNG(0.2),1.35,2,0.818,0.0152
RNG(0.2),1.39,2,0.8214,0.0273
RNG(0.2),1.43,3,0.8199,0.0083
RNG(0.2),1.44,2,0.8216,0.026
RNG(0.2),1.45,3,0.82,0.0083
RNG(0.2),1.46,2,0.8216,0.026
RNG(0.2),1.47,3,0.82,0.0083
RNG(0.2),1.48,3,0.8201,0.0081
RNG(0.2),1.49,3,0.8202,0.0081
RNG(0.2),1.5,3,0.8203,0.0081
RNG(0.2),1.51,3,0.8203,0.0081
RNG(0.2),1.52,3,0.8204,0.0081
RNG(0.2),1.53,3,0.8205,0.0081
RNG(0.2),1.54,3,0.8205,0.0081
RNG(0.2),1.55,3,0.8206,0.008
RNG(0.2),1.56,3,0.8207,0.008
RNG(0.2),1.57,3,0.8208,0.0079
RNG(0.2),1.58,3,0.8209,0.0079
RNG(0.2),1.59,3,0.821,0.0079
RNG(0.2),1.6,3,0.821,0.0077
RNG(0.2),1.61,3,0.8211,0.0076
RNG(0.2),1.62,3,0.8213,0.0077
RNG(0.2),1.63,3,0.8214,0.0077
RNG(0.2),1.64,3,0.8214,0.0078
RNG(0.2),1.65,3,0.8215,0.008
RNG(0.2),1.66,3,0.8216,0.0077
RNG(0.2),1.67,3,0.8217,0.008
RNG(0.2),1.68,3,0.8219,0.008
RNG(0.2),1.69,3,0.8221,0.0077
RNG(0.2),1.7,3,0.8224,0.008
RNG(0.2),1.71,3,0.8227,0.0077
RNG(0.2),1.72,3,0.823,0.008
RNG(0.2),1.73,3,0.8233,0.0076
RNG(0.2),1.74,3,0.8234,0.0076
RNG(0.2),1.75,3,0.8236,0.0077
RNG(0.2),1.76,3,0.8237,0.0078
RNG(0.2),1.77,3,0.8239,0.0078
RNG(0.2),1.78,3,0.824,0.0079
RNG(0.2),1.79,3,0.8242,0.0078
RNG(0.2),1.8,3,0.8243,0.0081
RNG(0.2),1.81,3,0.8244,0.0081
RNG(0.2),1.82,3,0.8246,0.0081
RNG(0.2),1.83,3,0.8247,0.0081
RNG(0.2),1.84,3,0.8249,0.0081
RNG(0.2),1.85,3,0.825,0.0078
RNG(0.2),1.86,3,0.8251,0.0077
RNG(0.2),1.87,3,0.8252,0.0077
RNG(0.2),1.88,3,0.8254,0.0076
RNG(0.2),1.89,3,0.8255,0.0076
RNG(0.2),1.9,3,0.8256,0.0074
RNG(0.2),1.91,3,0.8258,0.0076
RNG(0.2),1.92,3,0.8259,0.0075
RNG(0.2),1.93,3,0.8261,0.0075
RNG(0.2),1.94,3,0.8263,0.0078
RNG(0.2),1.95,3,0.8265,0.0081
RNG(0.2),1.96,3,0.8266,0.0081
RNG(0.2),1.97,3,0.8268,0.0083
RNG(0.2),1.98,3,0.8269,0.0083
RNG(0.2),1.99,3,0.827,0.0084
RNG(0.2),2.0,3,0.8272,0.0081
RNG(0.2),2.01,3,0.8273,0.0081
RNG(0.2),2.02,3,0.8275,0.0081
RNG(0.2),2.03,3,0.8277,0.0081
RNG(0.2),2.04,3,0.8278,0.0082
RNG(0.2),2.05,3,0.8279,0.0083
RNG(0.2),2.06,3,0.8279,0.0083
RNG(0.2),2.07,3,0.828,0.0084
RNG(0.2),2.08,3,0.8281,0.0081
RNG(0.2),2.09,3,0.8282,0.0081
RNG(0.2),2.1,3,0.8283,0.008
RNG(0.2),2.11,3,0.8284,0.0082
RNG(0.2),2.12,3,0.8285,0.0083
RNG(0.2),2.13,3,0.8286,0.0083
RNG(0.2),2.14,3,0.8287,0.0085
RNG(0.2),2.15,3,0.8287,0.0084
RNG(0.2),2.16,3,0.8288,0.0086
RNG(0.2),2.17,3,0.829,0.0081
RNG(0.2),2.18,3,0.8291,0.0082
RNG(0.2),2.19,3,0.8292,0.0083
RNG(0.2),2.2,3,0.8292,0.0084
RNG(0.2),2.21,3,0.8294,0.0084
RNG(0.2),2.22,3,0.8295,0.0082
RNG(0.2),2.23,3,0.8296,0.0085
RNG(0.2),2.24,3,0.8297,0.0086
RNG(0.2),2.25,3,0.8298,0.0086
RNG(0.2),2.26,3,0.83,0.0086
RNG(0.2),2.27,3,0.8301,0.0082
RNG(0.2),2.28,3,0.8302,0.0078
RNG(0.2),2.29,3,0.8303,0.0079
RNG(0.2),2.3,3,0.8303,0.0078
RNG(0.2),2.31,3,0.8304,0.0077
RNG(0.2),2.32,3,0.8305,0.0082
RNG(0.2),2.33,3,0.8307,0.0081
RNG(0.2),2.34,3,0.8308,0.0081
RNG(0.2),2.35,3,0.831,0.0082
RNG(0.2),2.36,3,0.8311,0.008
RNG(0.2),2.37,3,0.8311,0.0082
RNG(0.2),2.38,3,0.8311,0.0082
RNG(0.2),2.39,3,0.8312,0.0081
RNG(0.2),2.4,3,0.8313,0.0082
RNG(0.2),2.41,3,0.8314,0.0083
RNG(0.2),2.42,3,0.8315,0.0084
RNG(0.2),2.43,3,0.8315,0.0086
RNG(0.2),2.44,3,0.8315,0.0088
RNG(0.2),2.45,3,0.8315,0.0091
RNG(0.2),2.46,3,0.8316,0.009
RNG(0.2),2.47,3,0.8316,0.0092
RNG(0.2),2.48,3,0.8317,0.009
RNG(0.2),2.49,3,0.8317,0.009
RNG(0.2),2.5,3,0.8318,0.009
RNG(0.2),2.51,3,0.8318,0.0092
RNG(0.2),2.52,3,0.8319,0.0096
RNG(0.2),2.53,3,0.8319,0.0094
RNG(0.2),2.54,3,0.8319,0.0096
RNG(0.2),2.55,3,0.8319,0.0097
RNG(0.2),2.56,3,0.8318,0.0096
RNG(0.2),2.57,3,0.8319,0.0094
RNG(0.2),2.58,3,0.832,0.0094
RNG(0.2),2.59,3,0.832,0.0094
RNG(0.2),2.6,3,0.8321,0.0094
RNG(0.2),2.61,3,0.8322,0.0097
RNG(0.2),2.62,3,0.8321,0.0097
RNG(0.2),2.63,3,0.8321,0.0098
RNG(0.2),2.64,3,0.8322,0.0096
RNG(0.2),2.65,3,0.8322,0.0096
RNG(0.2),2.66,3,0.8323,0.0096
RNG(0.2),2.67,3,0.8323,0.0096
RNG(0.2),2.68,3,0.8324,0.0095
RNG(0.2),2.69,3,0.8324,0.0097
RNG(0.2),2.7,3,0.8324,0.0096
RNG(0.2),2.71,3,0.8324,0.0097
RNG(0.2),2.72,3,0.8326,0.01
RNG(0.2),2.73,3,0.8326,0.01
RNG(0.2),2.74,3,0.8325,0.0101
RNG(0.2),2.75,3,0.8325,0.0102
RNG(0.2),2.76,3,0.8325,0.0102
RNG(0.2),2.77,3,0.8326,0.0102
RNG(0.2),2.78,3,0.8327,0.0102
RNG(0.2),2.79,3,0.8327,0.0102
RNG(0.2),2.8,3,0.8328,0.0104
RNG(0.2),2.81,3,0.8328,0.0104
RNG(0.2),2.82,3,0.8327,0.0104
RNG(0.2),2.83,3,0.8328,0.0105
RNG(0.2),2.84,3,0.8327,0.0102
RNG(0.2),2.85,3,0.8327,0.0101
RNG(0.2),2.86,3,0.8326,0.0098
RNG(0.2),2.87,3,0.8327,0.0098
RNG(0.2),2.88,3,0.8328,0.0098
RNG(0.2),2.89,3,0.8327,0.0097
RNG(0.2),2.9,3,0.8328,0.0099
RNG(0.2),2.91,3,0.8328,0.0099
RNG(0.2),2.92,3,0.8329,0.0099
RNG(0.2),2.93,3,0.833,0.0101
RNG(0.2),2.94,3,0.8331,0.0097
RNG(0.2),2.95,3,0.8331,0.0097
RNG(0.2),2.96,3,0.8331,0.0098
RNG(0.2),2.97,3,0.8332,0.01
RNG(0.2),2.98,3,0.8331,0.0098
RNG(0.2),2.99,3,0.833,0.0095
RNG(0.2),3.0,3,0.833,0.0095
RNG(0.2),3.01,3,0.833,0.0094
RNG(0.2),3.02,3,0.833,0.0097
RNG(0.2),3.03,3,0.833,0.0095
RNG(0.2),3.04,3,0.8329,0.0095
RNG(0.2),3.05,3,0.8328,0.0095
RNG(0.2),3.06,3,0.8328,0.0095
RNG(0.2),3.07,3,0.8328,0.0095
RNG(0.2),3.08,3,0.8328,0.0097
RNG(0.2),3.09,3,0.8329,0.0097
RNG(0.2),3.1,3,0.8329,0.0099
RNG(0.2),3.11,3,0.833,0.0097
RNG(0.2),3.12,3,0.833,0.0097
RNG(0.2),3.13,3,0.833,0.0095
RNG(0.2),3.14,3,0.833,0.0096
RNG(0.2),3.15,3,0.8331,0.0097
RNG(0.2),3.16,3,0.833,0.0096
RNG(0.2),3.17,3,0.833,0.0094
RNG(0.2),3.18,3,0.833,0.0091
RNG(0.2),3.19,3,0.8329,0.009
RNG(0.2),3.2,3,0.8328,0.009
RNG(0.2),3.21,3,0.8328,0.009
RNG(0.2),3.22,3,0.8328,0.0091
RNG(0.2),3.23,3,0.8327,0.009
RNG(0.2),3.24,3,0.8327,0.0091
RNG(0.2),3.25,3,0.8327,0.009
RNG(0.2),3.26,3,0.8327,0.0088
RNG(0.2),3.27,3,0.8327,0.0088
RNG(0.2),3.28,3,0.8328,0.0087
RNG(0.2),3.29,3,0.8327,0.0084
RNG(0.2),3.3,3,0.8327,0.0085
RNG(0.2),3.31,3,0.8328,0.0084
RNG(0.2),3.32,3,0.8326,0.0085
RNG(0.2),3.33,3,0.8328,0.0086
RNG(0.2),3.34,3,0.8328,0.0086
RNG(0.2),3.35,3,0.8327,0.0084
RNG(0.2),3.36,3,0.8327,0.0085
RNG(0.2),3.37,3,0.8328,0.0086
RNG(0.2),3.38,3,0.8326,0.0088
RNG(0.2),3.39,3,0.8326,0.0088
RNG(0.2),3.4,3,0.8326,0.0089
RNG(0.2),3.41,3,0.8326,0.0086
RNG(0.2),3.42,3,0.8325,0.0083
RNG(0.2),3.43,3,0.8324,0.0081
RNG(0.2),3.44,3,0.8323,0.0082
RNG(0.2),3.45,3,0.8323,0.008
RNG(0.2),3.46,3,0.8323,0.0082
RNG(0.2),3.47,3,0.8322,0.0082
RNG(0.2),3.48,3,0.8322,0.0081
RNG(0.2),3.49,3,0.8322,0.0082
RNG(0.2),3.5,3,0.8321,0.0081
RNG(0.2),3.51,3,0.8321,0.0081
RNG(0.2),3.52,3,0.832,0.0082
RNG(0.2),3.53,3,0.8321,0.0082
RNG(0.2),3.54,3,0.8321,0.0082
RNG(0.2),3.55,3,0.832,0.0083
RNG(0.2),3.56,3,0.832,0.0083
RNG(0.2),3.57,3,0.8319,0.0079
RNG(0.2),3.58,3,0.8319,0.0077
RNG(0.2),3.59,3,0.8319,0.0078
RNG(0.2),3.6,3,0.8319,0.0078
RNG(0.2),3.61,3,0.8319,0.0078
RNG(0.2),3.62,3,0.8318,0.0079
RNG(0.2),3.63,3,0.8319,0.0082
RNG(0.2),3.64,3,0.8319,0.0085
RNG(0.2),3.65,3,0.8318,0.0083
RNG(0.2),3.66,3,0.8317,0.0081
RNG(0.2),3.67,3,0.8316,0.0081
RNG(0.2),3.68,3,0.8315,0.0081
RNG(0.2),3.69,3,0.8314,0.0082
RNG(0.2),3.7,3,0.8313,0.0081
RNG(0.2),3.71,3,0.8313,0.0081
RNG(0.2),3.72,3,0.8313,0.0081
RNG(0.2),3.73,3,0.8312,0.008
RNG(0.2),3.74,3,0.8312,0.0081
RNG(0.2),3.75,3,0.8311,0.0081
RNG(0.2),3.76,3,0.831,0.0078
RNG(0.2),3.77,3,0.831,0.0079
RNG(0.2),3.78,3,0.831,0.0079
RNG(0.2),3.79,3,0.831,0.008
RNG(0.2),3.8,3,0.8309,0.008
RNG(0.2),3.81,3,0.8309,0.008
RNG(0.2),3.82,3,0.8308,0.0081
RNG(0.2),3.83,3,0.8306,0.0081
RNG(0.2),3.84,3,0.8306,0.008
RNG(0.2),3.85,3,0.8306,0.008
RNG(0.2),3.86,3,0.8306,0.008
RNG(0.2),3.87,3,0.8306,0.008
RNG(0.2),3.88,3,0.8306,0.008
RNG(0.2),3.89,3,0.8306,0.008
RNG(0.2),3.9,3,0.8305,0.0079
RNG(0.2),3.91,3,0.8305,0.0078
RNG(0.2),3.92,3,0.8305,0.0078
RNG(0.2),3.93,3,0.8305,0.0076
RNG(0.2),3.94,3,0.8305,0.0075
RNG(0.2),3.95,3,0.8305,0.0075
RNG(0.2),3.96,3,0.8305,0.0075
RNG(0.2),3.97,3,0.8305,0.0075
RNG(0.2),3.98,3,0.8305,0.0075
RNG(0.2),3.99,3,0.8305,0.0075
RNG(0.2),4.0,3,0.8305,0.0075
RNG(0.2),4.01,3,0.8304,0.0077
RNG(0.2),4.02,3,0.8304,0.0076
RNG(0.2),4.03,3,0.8303,0.0075
RNG(0.2),4.04,3,0.8303,0.0075
RNG(0.2),4.05,3,0.8303,0.0075
RNG(0.2),4.06,3,0.8303,0.0075
RNG(0.2),4.07,3,0.8303,0.0075
RNG(0.2),4.08,3,0.8303,0.0075
RNG(0.2),4.09,3,0.8303,0.0075
RNG(0.2),4.1,3,0.8303,0.0075
RNG(0.2),4.11,3,0.8303,0.0075
RNG(0.2),4.12,3,0.8303,0.0075
RNG(0.2),4.13,3,0.8303,0.0075
RNG(0.2),4.14,3,0.8303,0.0075
RNG(0.2),4.15,3,0.8303,0.0075
RNG(0.2),4.16,3,0.8303,0.0075
RNG(0.2),4.17,3,0.8303,0.0075
RNG(0.2),4.18,3,0.8303,0.0075
RNG(0.2),4.19,3,0.8303,0.0075
RNG(0.2),4.2,3,0.8303,0.0075
RNG(0.2),4.21,3,0.8303,0.0075
RNG(0.2),4.23,3,0.8303,0.0075
RNG(0.2),4.24,2,0.829,0.0254
RNG(0.2),4.25,3,0.8303,0.0075
RNG(0.2),4.26,3,0.8303,0.0075
RNG(0.2),4.31,2,0.829,0.0254
RNG(0.2),4.33,1,0.831,0.0
RNG(0.2),4.35,2,0.829,0.0254
RNG(0.2),4.36,1,0.831,0.0
RNG(0.2),4.37,3,0.8303,0.0075
RNG(0.2),4.38,2,0.8319,0.0121
RNG(0.3),1.32,2,0.818,0.0152
RNG(0.3),1.33,2,0.818,0.0152
RNG(0.3),1.35,2,0.818,0.0152
RNG(0.3),1.39,2,0.8214,0.0273
RNG(0.3),1.43,3,0.8199,0.0083
RNG(0.3),1.44,2,0.8216,0.026
RNG(0.3),1.45,3,0.82,0.0083
RNG(0.3),1.46,2,0.8216,0.026
RNG(0.3),1.47,3,0.82,0.0083
RNG(0.3),1.48,3,0.8201,0.0081
RNG(0.3),1.49,3,0.8202,0.0081
RNG(0.3),1.5,3,0.8203,0.0081
RNG(0.3),1.51,3,0.8203,0.0081
RNG(0.3),1.52,3,0.8204,0.0081
RNG(0.3),1.53,3,0.8204,0.0081
RNG(0.3),1.54,3,0.8205,0.008
RNG(0.3),1.55,3,0.8205,0.008
RNG(0.3),1.56,3,0.8206,0.0079
RNG(0.3),1.57,3,0.8207,0.0079
RNG(0.3),1.58,3,0.8207,0.0077
RNG(0.3),1.59,3,0.8208,0.0077
RNG(0.3),1.6,3,0.8209,0.0076
RNG(0.3),1.61,3,0.821,0.0075
RNG(0.3),1.62,3,0.8211,0.0076
RNG(0.3),1.63,3,0.8212,0.0076
RNG(0.3),1.64,3,0.8212,0.0077
RNG(0.3),1.65,3,0.8213,0.0079
RNG(0.3),1.66,3,0.8214,0.0076
RNG(0.3),1.67,3,0.8214,0.0077
RNG(0.3),1.68,3,0.8216,0.008
RNG(0.3),1.69,3,0.8218,0.0076
RNG(0.3),1.7,3,0.8221,0.0077
RNG(0.3),1.71,3,0.8223,0.0075
RNG(0.3),1.72,3,0.8225,0.0076
RNG(0.3),1.73,3,0.8227,0.0072
RNG(0.3),1.74,3,0.8228,0.0072
RNG(0.3),1.75,3,0.823,0.0073
RNG(0.3),1.76,3,0.8231,0.0073
RNG(0.3),1.77,3,0.8232,0.0075
RNG(0.3),1.78,3,0.8233,0.0075
RNG(0.3),1.79,3,0.8235,0.0073
RNG(0.3),1.8,3,0.8235,0.0073
RNG(0.3),1.81,3,0.8236,0.0073
RNG(0.3),1.82,3,0.8238,0.0073
RNG(0.3),1.83,3,0.8239,0.0075
RNG(0.3),1.84,3,0.824,0.0075
RNG(0.3),1.85,3,0.8241,0.0073
RNG(0.3),1.86,3,0.8242,0.0072
RNG(0.3),1.87,3,0.8242,0.0072
RNG(0.3),1.88,3,0.8244,0.0072
RNG(0.3),1.89,3,0.8245,0.0071
RNG(0.3),1.9,3,0.8246,0.007
RNG(0.3),1.91,3,0.8247,0.0071
RNG(0.3),1.92,3,0.8248,0.0071
RNG(0.3),1.93,3,0.8251,0.007
RNG(0.3),1.94,3,0.8252,0.0071
RNG(0.3),1.95,3,0.8254,0.0074
RNG(0.3),1.96,3,0.8255,0.0074
RNG(0.3),1.97,3,0.8257,0.0073
RNG(0.3),1.98,3,0.8258,0.0075
RNG(0.3),1.99,3,0.8259,0.0077
RNG(0.3),2.0,3,0.8261,0.0076
RNG(0.3),2.01,3,0.8262,0.0075
RNG(0.3),2.02,3,0.8264,0.0075
RNG(0.3),2.03,3,0.8265,0.0075
RNG(0.3),2.04,3,0.8266,0.0077
RNG(0.3),2.05,3,0.8267,0.0075
RNG(0.3),2.06,3,0.8268,0.0077
RNG(0.3),2.07,3,0.8269,0.0077
RNG(0.3),2.08,3,0.8271,0.0075
RNG(0.3),2.09,3,0.8271,0.0077
RNG(0.3),2.1,3,0.8272,0.0074
RNG(0.3),2.11,3,0.8274,0.0077
RNG(0.3),2.12,3,0.8274,0.0075
RNG(0.3),2.13,3,0.8275,0.0077
RNG(0.3),2.14,3,0.8276,0.0076
RNG(0.3),2.15,3,0.8277,0.0077
RNG(0.3),2.16,3,0.8277,0.0078
RNG(0.3),2.17,3,0.828,0.0074
RNG(0.3),2.18,3,0.828,0.0073
RNG(0.3),2.19,3,0.8281,0.0074
RNG(0.3),2.2,3,0.8282,0.0076
RNG(0.3),2.21,3,0.8284,0.0076
RNG(0.3),2.22,3,0.8286,0.0075
RNG(0.3),2.23,3,0.8287,0.0076
RNG(0.3),2.24,3,0.8288,0.0076
RNG(0.3),2.25,3,0.8288,0.0076
RNG(0.3),2.26,3,0.829,0.0076
RNG(0.3),2.27,3,0.8291,0.0072
RNG(0.3),2.28,3,0.8292,0.0068
RNG(0.3),2.29,3,0.8293,0.0068
RNG(0.3),2.3,3,0.8293,0.0068
RNG(0.3),2.31,3,0.8294,0.0066
RNG(0.3),2.32,3,0.8293,0.007
RNG(0.3),2.33,3,0.8295,0.0068
RNG(0.3),2.34,3,0.8297,0.0068
RNG(0.3),2.35,3,0.8299,0.0068
RNG(0.3),2.36,3,0.83,0.0067
RNG(0.3),2.37,3,0.83,0.0068
RNG(0.3),2.38,3,0.83,0.0068
RNG(0.3),2.39,3,0.8301,0.0068
RNG(0.3),2.4,3,0.8302,0.0068
RNG(0.3),2.41,3,0.8303,0.0068
RNG(0.3),2.42,3,0.8304,0.007
RNG(0.3),2.43,3,0.8304,0.0072
RNG(0.3),2.44,3,0.8304,0.0072
RNG(0.3),2.45,3,0.8304,0.0075
RNG(0.3),2.46,3,0.8305,0.0073
RNG(0.3),2.47,3,0.8305,0.0076
RNG(0.3),2.48,3,0.8306,0.0075
RNG(0.3),2.49,3,0.8306,0.0072
RNG(0.3),2.5,3,0.8307,0.0072
RNG(0.3),2.51,3,0.8307,0.0073
RNG(0.3),2.52,3,0.8308,0.0077
RNG(0.3),2.53,3,0.8308,0.0077
RNG(0.3),2.54,3,0.8307,0.0078
RNG(0.3),2.55,3,0.8307,0.008
RNG(0.3),2.56,3,0.8307,0.0077
RNG(0.3),2.57,3,0.8308,0.0076
RNG(0.3),2.58,3,0.8308,0.0077
RNG(0.3),2.59,3,0.8309,0.0076
RNG(0.3),2.6,3,0.831,0.0078
RNG(0.3),2.61,3,0.8311,0.0078
RNG(0.3),2.62,3,0.8311,0.0078
RNG(0.3),2.63,3,0.8311,0.0081
RNG(0.3),2.64,3,0.8311,0.008
RNG(0.3),2.65,3,0.8312,0.008
RNG(0.3),2.66,3,0.8313,0.008
RNG(0.3),2.67,3,0.8313,0.0081
RNG(0.3),2.68,3,0.8313,0.008
RNG(0.3),2.69,3,0.8313,0.008
RNG(0.3),2.7,3,0.8314,0.008
RNG(0.3),2.71,3,0.8314,0.008
RNG(0.3),2.72,3,0.8315,0.0081
RNG(0.3),2.73,3,0.8315,0.0078
RNG(0.3),2.74,3,0.8314,0.008
RNG(0.3),2.75,3,0.8315,0.0082
RNG(0.3),2.76,3,0.8315,0.0081
RNG(0.3),2.77,3,0.8316,0.0081
RNG(0.3),2.78,3,0.8316,0.0081
RNG(0.3),2.79,3,0.8317,0.0082
RNG(0.3),2.8,3,0.8318,0.0083
RNG(0.3),2.81,3,0.8318,0.0083
RNG(0.3),2.82,3,0.8317,0.0085
RNG(0.3),2.83,3,0.8317,0.0087
RNG(0.3),2.84,3,0.8318,0.0085
RNG(0.3),2.85,3,0.8318,0.0085
RNG(0.3),2.86,3,0.8318,0.0085
RNG(0.3),2.87,3,0.8318,0.0084
RNG(0.3),2.88,3,0.8318,0.0082
RNG(0.3),2.89,3,0.8318,0.0082
RNG(0.3),2.9,3,0.8318,0.0083
RNG(0.3),2.91,3,0.8318,0.0083
RNG(0.3),2.92,3,0.8319,0.0082
RNG(0.3),2.93,3,0.832,0.0084
RNG(0.3),2.94,3,0.832,0.0082
RNG(0.3),2.95,3,0.832,0.0082
RNG(0.3),2.96,3,0.832,0.0082
RNG(0.3),2.97,3,0.832,0.0082
RNG(0.3),2.98,3,0.832,0.0081
RNG(0.3),2.99,3,0.832,0.0081
RNG(0.3),3.0,3,0.8319,0.0083
RNG(0.3),3.01,3,0.8319,0.0083
RNG(0.3),3.02,3,0.8319,0.0086
RNG(0.3),3.03,3,0.8319,0.0085
RNG(0.3),3.04,3,0.8319,0.0082
RNG(0.3),3.05,3,0.8318,0.0084
RNG(0.3),3.06,3,0.8318,0.0083
RNG(0.3),3.07,3,0.8317,0.0084
RNG(0.3),3.08,3,0.8317,0.0084
RNG(0.3),3.09,3,0.8318,0.0082
RNG(0.3),3.1,3,0.8319,0.0086
RNG(0.3),3.11,3,0.832,0.0084
RNG(0.3),3.12,3,0.832,0.0084
RNG(0.3),3.13,3,0.832,0.0084
RNG(0.3),3.14,3,0.832,0.0083
RNG(0.3),3.15,3,0.832,0.0085
RNG(0.3),3.16,3,0.8319,0.0084
RNG(0.3),3.17,3,0.8319,0.0082
RNG(0.3),3.18,3,0.832,0.0082
RNG(0.3),3.19,3,0.8319,0.008
RNG(0.3),3.2,3,0.8319,0.008
RNG(0.3),3.21,3,0.8319,0.0078
RNG(0.3),3.22,3,0.8318,0.008
RNG(0.3),3.23,3,0.8318,0.008
RNG(0.3),3.24,3,0.8318,0.0081
RNG(0.3),3.25,3,0.8318,0.0081
RNG(0.3),3.26,3,0.8318,0.008
RNG(0.3),3.27,3,0.8318,0.0079
RNG(0.3),3.28,3,0.8318,0.0077
RNG(0.3),3.29,3,0.8317,0.0076
RNG(0.3),3.3,3,0.8318,0.0076
RNG(0.3),3.31,3,0.8318,0.0076
RNG(0.3),3.32,3,0.8317,0.0079
RNG(0.3),3.33,3,0.8318,0.0078
RNG(0.3),3.34,3,0.8318,0.0078
RNG(0.3),3.35,3,0.8317,0.0078
RNG(0.3),3.36,3,0.8317,0.0078
RNG(0.3),3.37,3,0.8318,0.0078
RNG(0.3),3.38,3,0.8318,0.008
RNG(0.3),3.39,3,0.8317,0.0081
RNG(0.3),3.4,3,0.8317,0.008
RNG(0.3),3.41,3,0.8317,0.0077
RNG(0.3),3.42,3,0.8316,0.0075
RNG(0.3),3.43,3,0.8316,0.0073
RNG(0.3),3.44,3,0.8316,0.0073
RNG(0.3),3.45,3,0.8315,0.0073
RNG(0.3),3.46,3,0.8315,0.0072
RNG(0.3),3.47,3,0.8315,0.0072
RNG(0.3),3.48,3,0.8314,0.0074
RNG(0.3),3.49,3,0.8314,0.0074
RNG(0.3),3.5,3,0.8313,0.0072
RNG(0.3),3.51,3,0.8313,0.0072
RNG(0.3),3.52,3,0.8313,0.0073
RNG(0.3),3.53,3,0.8312,0.0075
RNG(0.3),3.54,3,0.8312,0.0075
RNG(0.3),3.55,3,0.8312,0.0075
RNG(0.3),3.56,3,0.8312,0.0075
RNG(0.3),3.57,3,0.8311,0.0072
RNG(0.3),3.58,3,0.831,0.0071
RNG(0.3),3.59,3,0.831,0.0072
RNG(0.3),3.6,3,0.831,0.0072
RNG(0.3),3.61,3,0.8311,0.0072
RNG(0.3),3.62,3,0.831,0.0073
RNG(0.3),3.63,3,0.8311,0.0073
RNG(0.3),3.64,3,0.8311,0.0073
RNG(0.3),3.65,3,0.831,0.0075
RNG(0.3),3.66,3,0.8309,0.0075
RNG(0.3),3.67,3,0.8309,0.0073
RNG(0.3),3.68,3,0.8309,0.0072
RNG(0.3),3.69,3,0.8308,0.0072
RNG(0.3),3.7,3,0.8307,0.0072
RNG(0.3),3.71,3,0.8307,0.0072
RNG(0.3),3.72,3,0.8307,0.0072
RNG(0.3),3.73,3,0.8307,0.0073
RNG(0.3),3.74,3,0.8307,0.0073
RNG(0.3),3.75,3,0.8307,0.0073
RNG(0.3),3.76,3,0.8307,0.0073
RNG(0.3),3.77,3,0.8307,0.0073
RNG(0.3),3.78,3,0.8306,0.0073
RNG(0.3),3.79,3,0.8306,0.0073
RNG(0.3),3.8,3,0.8306,0.0076
RNG(0.3),3.81,3,0.8306,0.0076
RNG(0.3),3.82,3,0.8306,0.0076
RNG(0.3),3.83,3,0.8305,0.0076
RNG(0.3),3.84,3,0.8305,0.0076
RNG(0.3),3.85,3,0.8305,0.0076
RNG(0.3),3.86,3,0.8305,0.0076
RNG(0.3),3.87,3,0.8305,0.0076
RNG(0.3),3.88,3,0.8305,0.0076
RNG(0.3),3.89,3,0.8306,0.0077
RNG(0.3),3.9,3,0.8306,0.0077
RNG(0.3),3.91,3,0.8306,0.0077
RNG(0.3),3.92,3,0.8306,0.0077
RNG(0.3),3.93,3,0.8305,0.0076
RNG(0.3),3.94,3,0.8305,0.0075
RNG(0.3),3.95,3,0.8305,0.0075
RNG(0.3),3.96,3,0.8305,0.0075
RNG(0.3),3.97,3,0.8305,0.0075
RNG(0.3),3.98,3,0.8305,0.0075
RNG(0.3),3.99,3,0.8305,0.0075
RNG(0.3),4.0,3,0.8305,0.0075
RNG(0.3),4.01,3,0.8304,0.0076
RNG(0.3),4.02,3,0.8304,0.0076
RNG(0.3),4.03,3,0.8304,0.0076
RNG(0.3),4.04,3,0.8304,0.0076
RNG(0.3),4.05,3,0.8304,0.0076
RNG(0.3),4.06,3,0.8304,0.0076
RNG(0.3),4.07,3,0.8304,0.0076
RNG(0.3),4.08,3,0.8304,0.0076
RNG(0.3),4.09,3,0.8304,0.0076
RNG(0.3),4.1,3,0.8304,0.0076
RNG(0.3),4.11,3,0.8304,0.0076
RNG(0.3),4.12,3,0.8304,0.0076
RNG(0.3),4.13,3,0.8304,0.0076
RNG(0.3),4.14,3,0.8304,0.0076
RNG(0.3),4.15,3,0.8304,0.0076
RNG(0.3),4.16,3,0.8304,0.0076
RNG(0.3),4.17,3,0.8304,0.0076
RNG(0.3),4.18,3,0.8303,0.0077
RNG(0.3),4.19,3,0.8303,0.0077
RNG(0.3),4.2,3,0.8303,0.0077
RNG(0.3),4.21,3,0.8303,0.0077
RNG(0.3),4.23,3,0.8303,0.0077
RNG(0.3),4.24,2,0.8287,0.0178
RNG(0.3),4.25,3,0.8303,0.0077
RNG(0.3),4.26,3,0.8303,0.0077
RNG(0.3),4.31,2,0.8287,0.0178
RNG(0.3),4.33,1,0.8301,0.0
RNG(0.3),4.35,2,0.8287,0.0178
RNG(0.3),4.36,1,0.8301,0.0
RNG(0.3),4.37,3,0.8303,0.0077
RNG(0.3),4.38,2,0.8318,0.0216
RNG(0.5),1.32,2,0.818,0.0152
RNG(0.5),1.33,2,0.818,0.0152
RNG(0.5),1.35,2,0.818,0.0152
RNG(0.5),1.39,2,0.8214,0.0273
RNG(0.5),1.43,3,0.8199,0.0083
RNG(0.5),1.44,2,0.8215,0.0254
RNG(0.5),1.45,3,0.82,0.0083
RNG(0.5),1.46,2,0.8215,0.0254
RNG(0.5),1.47,3,0.82,0.0081
RNG(0.5),1.48,3,0.82,0.0081
RNG(0.5),1.49,3,0.8201,0.0082
RNG(0.5),1.5,3,0.8202,0.0081
RNG(0.5),1.51,3,0.8202,0.0081
RNG(0.5),1.52,3,0.8202,0.0081
RNG(0.5),1.53,3,0.8203,0.008
RNG(0.5),1.54,3,0.8203,0.008
RNG(0.5),1.55,3,0.8204,0.008
RNG(0.5),1.56,3,0.8204,0.008
RNG(0.5),1.57,3,0.8204,0.008
RNG(0.5),1.58,3,0.8204,0.0079
RNG(0.5),1.59,3,0.8205,0.0079
RNG(0.5),1.6,3,0.8206,0.0078
RNG(0.5),1.61,3,0.8207,0.0076
RNG(0.5),1.62,3,0.8208,0.0077
RNG(0.5),1.63,3,0.8208,0.0079
RNG(0.5),1.64,3,0.8208,0.0079
RNG(0.5),1.65,3,0.8209,0.0079
RNG(0.5),1.66,3,0.8209,0.0077
RNG(0.5),1.67,3,0.821,0.0079
RNG(0.5),1.68,3,0.8212,0.008
RNG(0.5),1.69,3,0.8213,0.0077
RNG(0.5),1.7,3,0.8215,0.008
RNG(0.5),1.71,3,0.8217,0.0078
RNG(0.5),1.72,3,0.8219,0.0078
RNG(0.5),1.73,3,0.822,0.0075
RNG(0.5),1.74,3,0.8221,0.0075
RNG(0.5),1.75,3,0.8222,0.0076
RNG(0.5),1.76,3,0.8223,0.0077
RNG(0.5),1.77,3,0.8224,0.0076
RNG(0.5),1.78,3,0.8225,0.0077
RNG(0.5),1.79,3,0.8226,0.0077
RNG(0.5),1.8,3,0.8226,0.0078
RNG(0.5),1.81,3,0.8227,0.0077
RNG(0.5),1.82,3,0.8228,0.0077
RNG(0.5),1.83,3,0.8229,0.0077
RNG(0.5),1.84,3,0.823,0.0077
RNG(0.5),1.85,3,0.823,0.0077
RNG(0.5),1.86,3,0.823,0.0077
RNG(0.5),1.87,3,0.8231,0.008
RNG(0.5),1.88,3,0.8232,0.0078
RNG(0.5),1.89,3,0.8233,0.0079
RNG(0.5),1.9,3,0.8233,0.0077
RNG(0.5),1.91,3,0.8235,0.0079
RNG(0.5),1.92,3,0.8235,0.0077
RNG(0.5),1.93,3,0.8236,0.0076
RNG(0.5),1.94,3,0.8237,0.0077
RNG(0.5),1.95,3,0.8238,0.008
RNG(0.5),1.96,3,0.8239,0.0079
RNG(0.5),1.97,3,0.8241,0.0078
RNG(0.5),1.98,3,0.8241,0.0079
RNG(0.5),1.99,3,0.8242,0.0081
RNG(0.5),2.0,3,0.8244,0.008
RNG(0.5),2.01,3,0.8245,0.008
RNG(0.5),2.02,3,0.8246,0.0079
RNG(0.5),2.03,3,0.8248,0.008
RNG(0.5),2.04,3,0.8248,0.0079
RNG(0.5),2.05,3,0.8248,0.0079
RNG(0.5),2.06,3,0.8248,0.008
RNG(0.5),2.07,3,0.8249,0.0079
RNG(0.5),2.08,3,0.825,0.0078
RNG(0.5),2.09,3,0.8251,0.0079
RNG(0.5),2.1,3,0.8251,0.0078
RNG(0.5),2.11,3,0.8252,0.0078
RNG(0.5),2.12,3,0.8253,0.0079
RNG(0.5),2.13,3,0.8253,0.0078
RNG(0.5),2.14,3,0.8254,0.0079
RNG(0.5),2.15,3,0.8254,0.0078
RNG(0.5),2.16,3,0.8255,0.0079
RNG(0.5),2.17,3,0.8256,0.0076
RNG(0.5),2.18,3,0.8256,0.0076
RNG(0.5),2.19,3,0.8257,0.0077
RNG(0.5),2.2,3,0.8258,0.0078
RNG(0.5),2.21,3,0.8259,0.0077
RNG(0.5),2.22,3,0.826,0.0074
RNG(0.5),2.23,3,0.8261,0.0075
RNG(0.5),2.24,3,0.8261,0.0074
RNG(0.5),2.25,3,0.8262,0.0074
RNG(0.5),2.26,3,0.8263,0.0074
RNG(0.5),2.27,3,0.8264,0.0071
RNG(0.5),2.28,3,0.8265,0.007
RNG(0.5),2.29,3,0.8265,0.007
RNG(0.5),2.3,3,0.8265,0.007
RNG(0.5),2.31,3,0.8265,0.007
RNG(0.5),2.32,3,0.8265,0.0071
RNG(0.5),2.33,3,0.8267,0.0071
RNG(0.5),2.34,3,0.8268,0.007
RNG(0.5),2.35,3,0.8271,0.0071
RNG(0.5),2.36,3,0.8271,0.007
RNG(0.5),2.37,3,0.8271,0.0071
RNG(0.5),2.38,3,0.8271,0.0072
RNG(0.5),2.39,3,0.8272,0.0071
RNG(0.5),2.4,3,0.8272,0.0072
RNG(0.5),2.41,3,0.8273,0.0071
RNG(0.5),2.42,3,0.8273,0.0071
RNG(0.5),2.43,3,0.8274,0.0072
RNG(0.5),2.44,3,0.8273,0.0074
RNG(0.5),2.45,3,0.8273,0.0075
RNG(0.5),2.46,3,0.8274,0.0074
RNG(0.5),2.47,3,0.8274,0.0075
RNG(0.5),2.48,3,0.8275,0.0075
RNG(0.5),2.49,3,0.8275,0.0075
RNG(0.5),2.5,3,0.8275,0.0076
RNG(0.5),2.51,3,0.8275,0.0076
RNG(0.5),2.52,3,0.8276,0.008
RNG(0.5),2.53,3,0.8276,0.008
RNG(0.5),2.54,3,0.8276,0.0081
RNG(0.5),2.55,3,0.8275,0.0081
RNG(0.5),2.56,3,0.8275,0.008
RNG(0.5),2.57,3,0.8275,0.0079
RNG(0.5),2.58,3,0.8276,0.0081
RNG(0.5),2.59,3,0.8276,0.0082
RNG(0.5),2.6,3,0.8277,0.0082
RNG(0.5),2.61,3,0.8278,0.0082
RNG(0.5),2.62,3,0.8278,0.0084
RNG(0.5),2.63,3,0.8278,0.0085
RNG(0.5),2.64,3,0.8279,0.0084
RNG(0.5),2.65,3,0.8279,0.0083
RNG(0.5),2.66,3,0.828,0.0082
RNG(0.5),2.67,3,0.828,0.0082
RNG(0.5),2.68,3,0.828,0.0081
RNG(0.5),2.69,3,0.828,0.0081
RNG(0.5),2.7,3,0.828,0.0081
RNG(0.5),2.71,3,0.8279,0.008
RNG(0.5),2.72,3,0.828,0.0081
RNG(0.5),2.73,3,0.828,0.0081
RNG(0.5),2.74,3,0.8279,0.0081
RNG(0.5),2.75,3,0.828,0.0082
RNG(0.5),2.76,3,0.828,0.0082
RNG(0.5),2.77,3,0.8281,0.0083
RNG(0.5),2.78,3,0.8281,0.0083
RNG(0.5),2.79,3,0.8281,0.0081
RNG(0.5),2.8,3,0.8281,0.0081
RNG(0.5),2.81,3,0.8281,0.0081
RNG(0.5),2.82,3,0.8282,0.0083
RNG(0.5),2.83,3,0.8281,0.0084
RNG(0.5),2.84,3,0.8281,0.0084
RNG(0.5),2.85,3,0.8282,0.0084
RNG(0.5),2.86,3,0.8282,0.0083
RNG(0.5),2.87,3,0.8282,0.0083
RNG(0.5),2.88,3,0.8282,0.0082
RNG(0.5),2.89,3,0.8283,0.0082
RNG(0.5),2.9,3,0.8283,0.0082
RNG(0.5),2.91,3,0.8283,0.0082
RNG(0.5),2.92,3,0.8283,0.0082
RNG(0.5),2.93,3,0.8284,0.0082
RNG(0.5),2.94,3,0.8284,0.0081
RNG(0.5),2.95,3,0.8284,0.0081
RNG(0.5),2.96,3,0.8284,0.0081
RNG(0.5),2.97,3,0.8284,0.0081
RNG(0.5),2.98,3,0.8284,0.0081
RNG(0.5),2.99,3,0.8284,0.0081
RNG(0.5),3.0,3,0.8284,0.0081
RNG(0.5),3.01,3,0.8284,0.0081
RNG(0.5),3.02,3,0.8284,0.0082
RNG(0.5),3.03,3,0.8284,0.0081
RNG(0.5),3.04,3,0.8284,0.0081
RNG(0.5),3.05,3,0.8284,0.0081
RNG(0.5),3.06,3,0.8284,0.0081
RNG(0.5),3.07,3,0.8284,0.0081
RNG(0.5),3.08,3,0.8285,0.0081
RNG(0.5),3.09,3,0.8285,0.0081
RNG(0.5),3.1,3,0.8285,0.0081
RNG(0.5),3.11,3,0.8286,0.008
RNG(0.5),3.12,3,0.8286,0.008
RNG(0.5),3.13,3,0.8286,0.008
RNG(0.5),3.14,3,0.8285,0.0081
RNG(0.5),3.15,3,0.8285,0.0081
RNG(0.5),3.16,3,0.8285,0.0081
RNG(0.5),3.17,3,0.8286,0.008
RNG(0.5),3.18,3,0.8286,0.008
RNG(0.5),3.19,3,0.8286,0.008
RNG(0.5),3.2,3,0.8285,0.008
RNG(0.5),3.21,3,0.8285,0.008
RNG(0.5),3.22,3,0.8285,0.008
RNG(0.5),3.23,3,0.8285,0.008
RNG(0.5),3.24,3,0.8285,0.0081
RNG(0.5),3.25,3,0.8284,0.008
RNG(0.5),3.26,3,0.8284,0.008
RNG(0.5),3.27,3,0.8285,0.0079
RNG(0.5),3.28,3,0.8285,0.0079
RNG(0.5),3.29,3,0.8285,0.0078
RNG(0.5),3.3,3,0.8285,0.0078
RNG(0.5),3.31,3,0.8285,0.0078
RNG(0.5),3.32,3,0.8284,0.0079
RNG(0.5),3.33,3,0.8285,0.0078
RNG(0.5),3.34,3,0.8285,0.0078
RNG(0.5),3.35,3,0.8285,0.0078
RNG(0.5),3.36,3,0.8285,0.0078
RNG(0.5),3.37,3,0.8285,0.0078
RNG(0.5),3.38,3,0.8285,0.0079
RNG(0.5),3.39,3,0.8285,0.0079
RNG(0.5),3.4,3,0.8286,0.0076
RNG(0.5),3.41,3,0.8285,0.0077
RNG(0.5),3.42,3,0.8285,0.0077
RNG(0.5),3.43,3,0.8285,0.0077
RNG(0.5),3.44,3,0.8285,0.0077
RNG(0.5),3.45,3,0.8285,0.0077
RNG(0.5),3.46,3,0.8285,0.0077
RNG(0.5),3.47,3,0.8285,0.0077
RNG(0.5),3.48,3,0.8285,0.0077
RNG(0.5),3.49,3,0.8285,0.0077
RNG(0.5),3.5,3,0.8285,0.0077
RNG(0.5),3.51,3,0.8285,0.0077
RNG(0.5),3.52,3,0.8284,0.0079
RNG(0.5),3.53,3,0.8284,0.0079
RNG(0.5),3.54,3,0.8284,0.0079
RNG(0.5),3.55,3,0.8284,0.0079
RNG(0.5),3.56,3,0.8284,0.0079
RNG(0.5),3.57,3,0.8283,0.0077
RNG(0.5),3.58,3,0.8283,0.0077
RNG(0.5),3.59,3,0.8282,0.0078
RNG(0.5),3.6,3,0.8282,0.0078
RNG(0.5),3.61,3,0.8282,0.0078
RNG(0.5),3.62,3,0.8282,0.0078
RNG(0.5),3.63,3,0.8282,0.0078
RNG(0.5),3.64,3,0.8282,0.0078
RNG(0.5),3.65,3,0.8282,0.0078
RNG(0.5),3.66,3,0.8282,0.0078
RNG(0.5),3.67,3,0.8282,0.0078
RNG(0.5),3.68,3,0.8282,0.0078
RNG(0.5),3.69,3,0.8282,0.0078
RNG(0.5),3.7,3,0.8281,0.0078
RNG(0.5),3.71,3,0.8281,0.0078
RNG(0.5),3.72,3,0.8281,0.0078
RNG(0.5),3.73,3,0.8281,0.0079
RNG(0.5),3.74,3,0.8281,0.0079
RNG(0.5),3.75,3,0.8281,0.0079
RNG(0.5),3.76,3,0.828,0.0078
RNG(0.5),3.77,3,0.828,0.0078
RNG(0.5),3.78,3,0.828,0.0078
RNG(0.5),3.79,3,0.828,0.0078
RNG(0.5),3.8,3,0.828,0.0078
RNG(0.5),3.81,3,0.828,0.0078
RNG(0.5),3.82,3,0.828,0.0078
RNG(0.5),3.83,3,0.828,0.0078
RNG(0.5),3.84,3,0.828,0.0078
RNG(0.5),3.85,3,0.828,0.0078
RNG(0.5),3.86,3,0.828,0.0078
RNG(0.5),3.87,3,0.828,0.0078
RNG(0.5),3.88,3,0.828,0.0078
RNG(0.5),3.89,3,0.828,0.0078
RNG(0.5),3.9,3,0.828,0.0078
RNG(0.5),3.91,3,0.828,0.0078
RNG(0.5),3.92,3,0.828,0.0078
RNG(0.5),3.93,3,0.828,0.0078
RNG(0.5),3.94,3,0.828,0.0078
RNG(0.5),3.95,3,0.828,0.0078
RNG(0.5),3.96,3,0.828,0.0078
RNG(0.5),3.97,3,0.828,0.0078
RNG(0.5),3.98,3,0.828,0.0078
RNG(0.5),3.99,3,0.828,0.0078
RNG(0.5),4.0,3,0.828,0.0078
RNG(0.5),4.01,3,0.828,0.0078
RNG(0.5),4.02,3,0.828,0.0078
RNG(0.5),4.03,3,0.828,0.0078
RNG(0.5),4.04,3,0.828,0.0078
RNG(0.5),4.05,3,0.828,0.0078
RNG(0.5),4.06,3,0.828,0.0078
RNG(0.5),4.07,3,0.828,0.0078
RNG(0.5),4.08,3,0.828,0.0078
RNG(0.5),4.09,3,0.828,0.0078
RNG(0.5),4.1,3,0.828,0.0078
RNG(0.5),4.11,3,0.828,0.0078
RNG(0.5),4.12,3,0.828,0.0078
RNG(0.5),4.13,3,0.828,0.0078
RNG(0.5),4.14,3,0.828,0.0078
RNG(0.5),4.15,3,0.828,0.0078
RNG(0.5),4.16,3,0.828,0.0078
RNG(0.5),4.17,3,0.828,0.0078
RNG(0.5),4.18,3,0.828,0.0078
RNG(0.5),4.19,3,0.828,0.0078
RNG(0.5),4.2,3,0.828,0.0078
RNG(0.5),4.21,3,0.828,0.0078
RNG(0.5),4.23,3,0.828,0.0078
RNG(0.5),4.24,2,0.8263,0.014
RNG(0.5),4.25,3,0.828,0.0078
RNG(0.5),4.26,3,0.828,0.0078
RNG(0.5),4.31,2,0.8263,0.014
RNG(0.5),4.33,1,0.8274,0.0
RNG(0.5),4.35,2,0.8263,0.014
RNG(0.5),4.36,1,0.8274,0.0
RNG(0.5),4.37,3,0.828,0.0078
RNG(0.5),4.38,2,0.8294,0.0254
RNG(1),1.32,2,0.818,0.0152
RNG(1),1.33,2,0.818,0.0152
RNG(1),1.35,2,0.818,0.0152
RNG(1),1.39,2,0.8214,0.0273
RNG(1),1.43,3,0.8198,0.0084
RNG(1),1.44,2,0.8214,0.0267
RNG(1),1.45,3,0.8199,0.0084
RNG(1),1.46,2,0.8214,0.0267
RNG(1),1.47,3,0.8199,0.0083
RNG(1),1.48,3,0.8199,0.0083
RNG(1),1.49,3,0.82,0.0083
RNG(1),1.5,3,0.82,0.0082
RNG(1),1.51,3,0.82,0.0081
RNG(1),1.52,3,0.8201,0.0083
RNG(1),1.53,3,0.8201,0.0083
RNG(1),1.54,3,0.8201,0.0081
RNG(1),1.55,3,0.8201,0.0081
RNG(1),1.56,3,0.8201,0.0083
RNG(1),1.57,3,0.8201,0.0083
RNG(1),1.58,3,0.8202,0.0083
RNG(1),1.59,3,0.8202,0.0083
RNG(1),1.6,3,0.8202,0.0081
RNG(1),1.61,3,0.8202,0.0081
RNG(1),1.62,3,0.8203,0.0082
RNG(1),1.63,3,0.8203,0.0082
RNG(1),1.64,3,0.8203,0.0082
RNG(1),1.65,3,0.8203,0.0082
RNG(1),1.66,3,0.8203,0.0081
RNG(1),1.67,3,0.8203,0.0081
RNG(1),1.68,3,0.8204,0.0084
RNG(1),1.69,3,0.8205,0.0081
RNG(1),1.7,3,0.8205,0.0081
RNG(1),1.71,3,0.8206,0.0081
RNG(1),1.72,3,0.8207,0.008
RNG(1),1.73,3,0.8208,0.0077
RNG(1),1.74,3,0.8208,0.0077
RNG(1),1.75,3,0.8209,0.0079
RNG(1),1.76,3,0.8209,0.008
RNG(1),1.77,3,0.821,0.0081
RNG(1),1.78,3,0.821,0.0081
RNG(1),1.79,3,0.821,0.0081
RNG(1),1.8,3,0.821,0.0082
RNG(1),1.81,3,0.8211,0.0081
RNG(1),1.82,3,0.8211,0.008
RNG(1),1.83,3,0.8211,0.008
RNG(1),1.84,3,0.8212,0.0081
RNG(1),1.85,3,0.8212,0.0081
RNG(1),1.86,3,0.8212,0.0081
RNG(1),1.87,3,0.8212,0.0081
RNG(1),1.88,3,0.8212,0.008
RNG(1),1.89,3,0.8212,0.008
RNG(1),1.9,3,0.8213,0.0081
RNG(1),1.91,3,0.8213,0.0081
RNG(1),1.92,3,0.8213,0.0081
RNG(1),1.93,3,0.8214,0.0081
RNG(1),1.94,3,0.8214,0.0081
RNG(1),1.95,3,0.8215,0.0081
RNG(1),1.96,3,0.8215,0.0081
RNG(1),1.97,3,0.8216,0.0081
RNG(1),1.98,3,0.8216,0.0081
RNG(1),1.99,3,0.8217,0.0083
RNG(1),2.0,3,0.8217,0.0081
RNG(1),2.01,3,0.8217,0.0081
RNG(1),2.02,3,0.8217,0.0081
RNG(1),2.03,3,0.8218,0.0082
RNG(1),2.04,3,0.8218,0.0081
RNG(1),2.05,3,0.8218,0.0081
RNG(1),2.06,3,0.8219,0.0083
RNG(1),2.07,3,0.8218,0.0081
RNG(1),2.08,3,0.8219,0.0083
RNG(1),2.09,3,0.8219,0.0083
RNG(1),2.1,3,0.8219,0.0081
RNG(1),2.11,3,0.8219,0.0083
RNG(1),2.12,3,0.822,0.0083
RNG(1),2.13,3,0.822,0.0081
RNG(1),2.14,3,0.822,0.0081
RNG(1),2.15,3,0.822,0.0081
RNG(1),2.16,3,0.8221,0.0083
RNG(1),2.17,3,0.8221,0.0081
RNG(1),2.18,3,0.8221,0.0081
RNG(1),2.19,3,0.8222,0.008
RNG(1),2.2,3,0.8222,0.0081
RNG(1),2.21,3,0.8223,0.0083
RNG(1),2.22,3,0.8223,0.0081
RNG(1),2.23,3,0.8224,0.0083
RNG(1),2.24,3,0.8224,0.0084
RNG(1),2.25,3,0.8225,0.0084
RNG(1),2.26,3,0.8226,0.0084
RNG(1),2.27,3,0.8226,0.0083
RNG(1),2.28,3,0.8226,0.0082
RNG(1),2.29,3,0.8226,0.0082
RNG(1),2.3,3,0.8227,0.0081
RNG(1),2.31,3,0.8227,0.0081
RNG(1),2.32,3,0.8228,0.0082
RNG(1),2.33,3,0.8228,0.0081
RNG(1),2.34,3,0.8228,0.008
RNG(1),2.35,3,0.8228,0.008
RNG(1),2.36,3,0.8229,0.008
RNG(1),2.37,3,0.823,0.008
RNG(1),2.38,3,0.823,0.008
RNG(1),2.39,3,0.823,0.008
RNG(1),2.4,3,0.823,0.008
RNG(1),2.41,3,0.823,0.0078
RNG(1),2.42,3,0.823,0.008
RNG(1),2.43,3,0.823,0.008
RNG(1),2.44,3,0.823,0.008
RNG(1),2.45,3,0.823,0.0081
RNG(1),2.46,3,0.8231,0.0081
RNG(1),2.47,3,0.8231,0.0081
RNG(1),2.48,3,0.8231,0.0081
RNG(1),2.49,3,0.8231,0.0081
RNG(1),2.5,3,0.8231,0.0082
RNG(1),2.51,3,0.8231,0.0082
RNG(1),2.52,3,0.8231,0.0082
RNG(1),2.53,3,0.8231,0.0081
RNG(1),2.54,3,0.8231,0.0081
RNG(1),2.55,3,0.8231,0.0081
RNG(1),2.56,3,0.8231,0.0081
RNG(1),2.57,3,0.8231,0.0081
RNG(1),2.58,3,0.8231,0.0081
RNG(1),2.59,3,0.8231,0.0081
RNG(1),2.6,3,0.8231,0.0081
RNG(1),2.61,3,0.8232,0.0081
RNG(1),2.62,3,0.8232,0.0081
RNG(1),2.63,3,0.8232,0.0081
RNG(1),2.64,3,0.8232,0.0081
RNG(1),2.65,3,0.8232,0.0081
RNG(1),2.66,3,0.8233,0.008
RNG(1),2.67,3,0.8233,0.0079
RNG(1),2.68,3,0.8233,0.0079
RNG(1),2.69,3,0.8233,0.0079
RNG(1),2.7,3,0.8233,0.0079
RNG(1),2.71,3,0.8233,0.0079
RNG(1),2.72,3,0.8233,0.0079
RNG(1),2.73,3,0.8233,0.008
RNG(1),2.74,3,0.8233,0.008
RNG(1),2.75,3,0.8233,0.008
RNG(1),2.76,3,0.8233,0.008
RNG(1),2.77,3,0.8233,0.008
RNG(1),2.78,3,0.8233,0.008
RNG(1),2.79,3,0.8233,0.008
RNG(1),2.8,3,0.8233,0.008
RNG(1),2.81,3,0.8234,0.0078
RNG(1),2.82,3,0.8234,0.0078
RNG(1),2.83,3,0.8234,0.008
RNG(1),2.84,3,0.8234,0.008
RNG(1),2.85,3,0.8234,0.008
RNG(1),2.86,3,0.8234,0.008
RNG(1),2.87,3,0.8234,0.008
RNG(1),2.88,3,0.8234,0.008
RNG(1),2.89,3,0.8234,0.008
RNG(1),2.9,3,0.8234,0.008
RNG(1),2.91,3,0.8234,0.008
RNG(1),2.92,3,0.8234,0.008
RNG(1),2.93,3,0.8234,0.008
RNG(1),2.94,3,0.8234,0.008
RNG(1),2.95,3,0.8234,0.008
RNG(1),2.96,3,0.8234,0.008
RNG(1),2.97,3,0.8234,0.008
RNG(1),2.98,3,0.8234,0.008
RNG(1),2.99,3,0.8234,0.008
RNG(1),3.0,3,0.8234,0.008
RNG(1),3.01,3,0.8234,0.008
RNG(1),3.02,3,0.8234,0.0081
RNG(1),3.03,3,0.8234,0.0081
RNG(1),3.04,3,0.8234,0.0081
RNG(1),3.05,3,0.8234,0.0081
RNG(1),3.06,3,0.8234,0.0081
RNG(1),3.07,3,0.8234,0.0081
RNG(1),3.08,3,0.8234,0.0081
RNG(1),3.09,3,0.8234,0.0081
RNG(1),3.1,3,0.8234,0.0081
RNG(1),3.11,3,0.8234,0.0081
RNG(1),3.12,3,0.8234,0.0081
RNG(1),3.13,3,0.8234,0.0081
RNG(1),3.14,3,0.8234,0.0081
RNG(1),3.15,3,0.8234,0.0081
RNG(1),3.16,3,0.8234,0.0081
RNG(1),3.17,3,0.8234,0.008
RNG(1),3.18,3,0.8234,0.008
RNG(1),3.19,3,0.8234,0.008
RNG(1),3.2,3,0.8234,0.008
RNG(1),3.21,3,0.8234,0.008
RNG(1),3.22,3,0.8234,0.008
RNG(1),3.23,3,0.8234,0.008
RNG(1),3.24,3,0.8234,0.008
RNG(1),3.25,3,0.8234,0.008
RNG(1),3.26,3,0.8234,0.008
RNG(1),3.27,3,0.8234,0.008
RNG(1),3.28,3,0.8234,0.008
RNG(1),3.29,3,0.8234,0.008
RNG(1),3.3,3,0.8234,0.008
RNG(1),3.31,3,0.8234,0.008
RNG(1),3.32,3,0.8234,0.008
RNG(1),3.33,3,0.8234,0.008
RNG(1),3.34,3,0.8234,0.008
RNG(1),3.35,3,0.8234,0.008
RNG(1),3.36,3,0.8234,0.008
RNG(1),3.37,3,0.8234,0.008
RNG(1),3.38,3,0.8234,0.008
RNG(1),3.39,3,0.8234,0.008
RNG(1),3.4,3,0.8234,0.008
RNG(1),3.41,3,0.8234,0.008
RNG(1),3.42,3,0.8234,0.008
RNG(1),3.43,3,0.8234,0.008
RNG(1),3.44,3,0.8234,0.008
RNG(1),3.45,3,0.8234,0.008
RNG(1),3.46,3,0.8234,0.008
RNG(1),3.47,3,0.8234,0.008
RNG(1),3.48,3,0.8234,0.008
RNG(1),3.49,3,0.8234,0.008
RNG(1),3.5,3,0.8234,0.008
RNG(1),3.51,3,0.8234,0.008
RNG(1),3.52,3,0.8234,0.008
RNG(1),3.53,3,0.8234,0.008
RNG(1),3.54,3,0.8234,0.008
RNG(1),3.55,3,0.8234,0.008
RNG(1),3.56,3,0.8234,0.008
RNG(1),3.57,3,0.8234,0.008
RNG(1),3.58,3,0.8234,0.008
RNG(1),3.59,3,0.8234,0.008
RNG(1),3.6,3,0.8234,0.008
RNG(1),3.61,3,0.8234,0.008
RNG(1),3.62,3,0.8234,0.008
RNG(1),3.63,3,0.8234,0.008
RNG(1),3.64,3,0.8234,0.008
RNG(1),3.65,3,0.8234,0.008
RNG(1),3.66,3,0.8234,0.008
RNG(1),3.67,3,0.8234,0.008
RNG(1),3.68,3,0.8234,0.008
RNG(1),3.69,3,0.8234,0.008
RNG(1),3.7,3,0.8234,0.008
RNG(1),3.71,3,0.8234,0.008
RNG(1),3.72,3,0.8234,0.008
RNG(1),3.73,3,0.8234,0.008
RNG(1),3.74,3,0.8234,0.008
RNG(1),3.75,3,0.8234,0.008
RNG(1),3.76,3,0.8234,0.008
RNG(1),3.77,3,0.8234,0.008
RNG(1),3.78,3,0.8234,0.008
RNG(1),3.79,3,0.8234,0.008
RNG(1),3.8,3,0.8234,0.008
RNG(1),3.81,3,0.8234,0.008
RNG(1),3.82,3,0.8234,0.008
RNG(1),3.83,3,0.8234,0.008
RNG(1),3.84,3,0.8234,0.008
RNG(1),3.85,3,0.8234,0.008
RNG(1),3.86,3,0.8234,0.008
RNG(1),3.87,3,0.8234,0.008
RNG(1),3.88,3,0.8234,0.008
RNG(1),3.89,3,0.8234,0.008
RNG(1),3.9,3,0.8234,0.008
RNG(1),3.91,3,0.8234,0.008
RNG(1),3.92,3,0.8234,0.008
RNG(1),3.93,3,0.8234,0.008
RNG(1),3.94,3,0.8234,0.008
RNG(1),3.95,3,0.8234,0.008
RNG(1),3.96,3,0.8234,0.008
RNG(1),3.97,3,0.8234,0.008
RNG(1),3.98,3,0.8234,0.008
RNG(1),3.99,3,0.8234,0.008
RNG(1),4.0,3,0.8234,0.008
RNG(1),4.01,3,0.8234,0.008
RNG(1),4.02,3,0.8234,0.008
RNG(1),4.03,3,0.8234,0.008
RNG(1),4.04,3,0.8234,0.008
RNG(1),4.05,3,0.8234,0.008
RNG(1),4.06,3,0.8234,0.008
RNG(1),4.07,3,0.8234,0.008
RNG(1),4.08,3,0.8234,0.008
RNG(1),4.09,3,0.8234,0.008
RNG(1),4.1,3,0.8234,0.008
RNG(1),4.11,3,0.8234,0.008
RNG(1),4.12,3,0.8234,0.008
RNG(1),4.13,3,0.8234,0.008
RNG(1),4.14,3,0.8234,0.008
RNG(1),4.15,3,0.8234,0.008
RNG(1),4.16,3,0.8234,0.008
RNG(1),4.17,3,0.8234,0.008
RNG(1),4.18,3,0.8234,0.008
RNG(1),4.19,3,0.8234,0.008
RNG(1),4.2,3,0.8234,0.008
RNG(1),4.21,3,0.8234,0.008
RNG(1),4.23,3,0.8234,0.008
RNG(1),4.24,2,0.8218,0.0191
RNG(1),4.25,3,0.8234,0.008
RNG(1),4.26,3,0.8234,0.008
RNG(1),4.31,2,0.8218,0.0191
RNG(1),4.33,1,0.8233,0.0
RNG(1),4.35,2,0.8218,0.0191
RNG(1),4.36,1,0.8233,0.0
RNG(1),4.37,3,0.8234,0.008
RNG(1),4.38,2,0.825,0.0216
Dedup(0.85),1.31,1,0.8168,0.0
Dedup(0.85),1.34,1,0.8169,0.0
Dedup(0.85),1.41,1,0.817,0.0
Dedup(0.85),1.42,1,0.817,0.0
Dedup(0.85),4.22,1,0.8433,0.0
Dedup(0.85),4.27,1,0.8433,0.0
Dedup(0.85),4.29,1,0.8433,0.0
Dedup(0.85),4.41,1,0.8433,0.0
Dedup(0.85),4.46,1,0.8433,0.0
Dedup(0.85),4.47,1,0.8433,0.0
Dedup(0.9),1.31,1,0.8168,0.0
Dedup(0.9),1.34,1,0.8169,0.0
Dedup(0.9),1.41,1,0.8169,0.0
Dedup(0.9),1.42,1,0.8169,0.0
Dedup(0.9),4.22,1,0.831,0.0
Dedup(0.9),4.27,1,0.831,0.0
Dedup(0.9),4.29,1,0.831,0.0
Dedup(0.9),4.41,1,0.831,0.0
Dedup(0.9),4.46,1,0.831,0.0
Dedup(0.9),4.47,1,0.831,0.0
Dedup(0.95),1.31,1,0.8168,0.0
Dedup(0.95),1.34,1,0.8169,0.0
Dedup(0.95),1.41,1,0.8169,0.0
Dedup(0.95),1.42,1,0.8169,0.0
Dedup(0.95),4.22,1,0.8193,0.0
Dedup(0.95),4.27,1,0.8193,0.0
Dedup(0.95),4.29,1,0.8193,0.0
Dedup(0.95),4.41,1,0.8193,0.0
Dedup(0.95),4.46,1,0.8193,0.0
Dedup(0.95),4.47,1,0.8193,0.0
MMR(0.3),1.31,1,0.8168,0.0
MMR(0.3),1.34,1,0.8168,0.0
MMR(0.3),1.41,1,0.8169,0.0
MMR(0.3),1.42,1,0.8169,0.0
MMR(0.3),4.22,1,0.6902,0.0
MMR(0.3),4.27,1,0.6902,0.0
MMR(0.3),4.29,1,0.6902,0.0
MMR(0.3),4.41,1,0.69,0.0
MMR(0.3),4.46,1,0.69,0.0
MMR(0.3),4.47,1,0.69,0.0
MMR(0.5),1.31,1,0.8168,0.0
MMR(0.5),1.34,1,0.8168,0.0
MMR(0.5),1.41,1,0.8169,0.0
MMR(0.5),1.42,1,0.8169,0.0
MMR(0.5),4.22,1,0.7508,0.0
MMR(0.5),4.27,1,0.7508,0.0
MMR(0.5),4.29,1,0.7508,0.0
MMR(0.5),4.41,1,0.7508,0.0
MMR(0.5),4.46,1,0.7508,0.0
MMR(0.5),4.47,1,0.7508,0.0
MMR(0.7),1.31,1,0.8168,0.0
MMR(0.7),1.34,1,0.8169,0.0
MMR(0.7),1.41,1,0.8169,0.0
MMR(0.7),1.42,1,0.8169,0.0
MMR(0.7),4.22,1,0.8136,0.0
MMR(0.7),4.27,1,0.8136,0.0
MMR(0.7),4.29,1,0.8136,0.0
MMR(0.7),4.41,1,0.8136,0.0
MMR(0.7),4.46,1,0.8136,0.0
MMR(0.7),4.47,1,0.8136,0.0
MMR(0.9),1.31,1,0.8168,0.0
MMR(0.9),1.34,1,0.8168,0.0
MMR(0.9),1.41,1,0.8169,0.0
MMR(0.9),1.42,1,0.8169,0.0
MMR(0.9),4.22,1,0.821,0.0
MMR(0.9),4.27,1,0.821,0.0
MMR(0.9),4.29,1,0.821,0.0
MMR(0.9),4.41,1,0.821,0.0
MMR(0.9),4.46,1,0.821,0.0
MMR(0.9),4.47,1,0.821,0.0
Maxmin,1.31,1,0.8168,0.0
Maxmin,1.34,1,0.8169,0.0
Maxmin,1.41,1,0.8169,0.0
Maxmin,1.42,1,0.8169,0.0
Maxmin,4.22,1,0.6946,0.0
Maxmin,4.27,1,0.694,0.0
Maxmin,4.29,1,0.694,0.0
Maxmin,4.41,1,0.6933,0.0
Maxmin,4.46,1,0.6933,0.0
Maxmin,4.47,1,0.6931,0.0
Greedy-DPP,1.31,1,0.8168,0.0
Greedy-DPP,1.34,1,0.8169,0.0
Greedy-DPP,1.41,1,0.8169,0.0
Greedy-DPP,1.42,1,0.8169,0.0
Greedy-DPP,4.22,1,0.8442,0.0
Greedy-DPP,4.27,1,0.8442,0.0
Greedy-DPP,4.29,1,0.8442,0.0
Greedy-DPP,4.41,1,0.8442,0.0
Greedy-DPP,4.46,1,0.8442,0.0
Greedy-DPP,4.47,1,0.8442,0.0
VendiG(0.3),1.31,1,0.8168,0.0
VendiG(0.3),1.34,1,0.8169,0.0
VendiG(0.3),1.41,1,0.8169,0.0
VendiG(0.3),1.42,1,0.8169,0.0
VendiG(0.3),4.22,1,0.7264,0.0
VendiG(0.3),4.27,1,0.7264,0.0
VendiG(0.3),4.29,1,0.7264,0.0
VendiG(0.3),4.41,1,0.7264,0.0
VendiG(0.3),4.46,1,0.7264,0.0
VendiG(0.3),4.47,1,0.7264,0.0
VendiG(0.5),1.31,1,0.8168,0.0
VendiG(0.5),1.34,1,0.8168,0.0
VendiG(0.5),1.41,1,0.8169,0.0
VendiG(0.5),1.42,1,0.8169,0.0
VendiG(0.5),4.22,1,0.7568,0.0
VendiG(0.5),4.27,1,0.7568,0.0
VendiG(0.5),4.29,1,0.7568,0.0
VendiG(0.5),4.41,1,0.7568,0.0
VendiG(0.5),4.46,1,0.7568,0.0
VendiG(0.5),4.47,1,0.7568,0.0
VendiG(0.7),1.31,1,0.8168,0.0
VendiG(0.7),1.34,1,0.8169,0.0
VendiG(0.7),1.41,1,0.8169,0.0
VendiG(0.7),1.42,1,0.8169,0.0
VendiG(0.7),4.22,1,0.823,0.0
VendiG(0.7),4.27,1,0.823,0.0
VendiG(0.7),4.29,1,0.823,0.0
VendiG(0.7),4.41,1,0.823,0.0
VendiG(0.7),4.46,1,0.823,0.0
VendiG(0.7),4.47,1,0.823,0.0
VendiG(0.9),1.31,1,0.8168,0.0
VendiG(0.9),1.34,1,0.8168,0.0
VendiG(0.9),1.41,1,0.8169,0.0
VendiG(0.9),1.42,1,0.8169,0.0
VendiG(0.9),4.22,1,0.8247,0.0
VendiG(0.9),4.27,1,0.8247,0.0
VendiG(0.9),4.29,1,0.8247,0.0
VendiG(0.9),4.41,1,0.8247,0.0
VendiG(0.9),4.46,1,0.8247,0.0
VendiG(0.9),4.47,1,0.8247,0.0
RNG(-2),1.31,1,0.8168,0.0
RNG(-2),1.34,1,0.8168,0.0
RNG(-2),1.41,1,0.8168,0.0
RNG(-2),1.42,1,0.8168,0.0
RNG(-2),4.22,1,0.8168,0.0
RNG(-2),4.27,1,0.8168,0.0
RNG(-2),4.29,1,0.8168,0.0
RNG(-2),4.41,1,0.8168,0.0
RNG(-2),4.46,1,0.8168,0.0
RNG(-2),4.47,1,0.8168,0.0
RNG(-0.3),1.31,1,0.8168,0.0
RNG(-0.3),1.34,1,0.8168,0.0
RNG(-0.3),1.41,1,0.8168,0.0
RNG(-0.3),1.42,1,0.8168,0.0
RNG(-0.3),4.22,1,0.8322,0.0
RNG(-0.3),4.27,1,0.8322,0.0
RNG(-0.3),4.29,1,0.8322,0.0
RNG(-0.3),4.41,1,0.8322,0.0
RNG(-0.3),4.46,1,0.8322,0.0
RNG(-0.3),4.47,1,0.8322,0.0
RNG(-0.2),1.31,1,0.8168,0.0
RNG(-0.2),1.34,1,0.8169,0.0
RNG(-0.2),1.41,1,0.8169,0.0
RNG(-0.2),1.42,1,0.8169,0.0
RNG(-0.2),4.22,1,0.8431,0.0
RNG(-0.2),4.27,1,0.8431,0.0
RNG(-0.2),4.29,1,0.8431,0.0
RNG(-0.2),4.41,1,0.8431,0.0
RNG(-0.2),4.46,1,0.8431,0.0
RNG(-0.2),4.47,1,0.8431,0.0
RNG(-0.1),1.31,1,0.8168,0.0
RNG(-0.1),1.34,1,0.8168,0.0
RNG(-0.1),1.41,1,0.8169,0.0
RNG(-0.1),1.42,1,0.8169,0.0
RNG(-0.1),4.22,1,0.8235,0.0
RNG(-0.1),4.27,1,0.8235,0.0
RNG(-0.1),4.29,1,0.8235,0.0
RNG(-0.1),4.41,1,0.8235,0.0
RNG(-0.1),4.46,1,0.8235,0.0
RNG(-0.1),4.47,1,0.8235,0.0
RNG(-0.05),1.31,1,0.8168,0.0
RNG(-0.05),1.34,1,0.8168,0.0
RNG(-0.05),1.41,1,0.8169,0.0
RNG(-0.05),1.42,1,0.8169,0.0
RNG(-0.05),4.22,1,0.8167,0.0
RNG(-0.05),4.27,1,0.8167,0.0
RNG(-0.05),4.29,1,0.8167,0.0
RNG(-0.05),4.41,1,0.8167,0.0
RNG(-0.05),4.46,1,0.8167,0.0
RNG(-0.05),4.47,1,0.8167,0.0
RNG(0),1.31,1,0.8168,0.0
RNG(0),1.34,1,0.8168,0.0
RNG(0),1.41,1,0.8169,0.0
RNG(0),1.42,1,0.8169,0.0
RNG(0),4.22,1,0.8159,0.0
RNG(0),4.27,1,0.8159,0.0
RNG(0),4.29,1,0.8159,0.0
RNG(0),4.41,1,0.8159,0.0
RNG(0),4.46,1,0.8159,0.0
RNG(0),4.47,1,0.8159,0.0
RNG(0.05),1.31,1,0.8168,0.0
RNG(0.05),1.34,1,0.8168,0.0
RNG(0.05),1.41,1,0.8169,0.0
RNG(0.05),1.42,1,0.8169,0.0
RNG(0.05),4.22,1,0.8197,0.0
RNG(0.05),4.27,1,0.8197,0.0
RNG(0.05),4.29,1,0.8197,0.0
RNG(0.05),4.41,1,0.8197,0.0
RNG(0.05),4.46,1,0.8197,0.0
RNG(0.05),4.47,1,0.8197,0.0
RNG(0.1),1.31,1,0.8168,0.0
RNG(0.1),1.34,1,0.8168,0.0
RNG(0.1),1.41,1,0.8169,0.0
RNG(0.1),1.42,1,0.8169,0.0
RNG(0.1),4.22,1,0.8235,0.0
RNG(0.1),4.27,1,0.8235,0.0
RNG(0.1),4.29,1,0.8235,0.0
RNG(0.1),4.41,1,0.8235,0.0
RNG(0.1),4.46,1,0.8235,0.0
RNG(0.1),4.47,1,0.8235,0.0
RNG(0.2),1.31,1,0.8168,0.0
RNG(0.2),1.34,1,0.8168,0.0
RNG(0.2),1.41,1,0.8169,0.0
RNG(0.2),1.42,1,0.8169,0.0
RNG(0.2),4.22,1,0.827,0.0
RNG(0.2),4.27,1,0.827,0.0
RNG(0.2),4.29,1,0.827,0.0
RNG(0.2),4.41,1,0.827,0.0
RNG(0.2),4.46,1,0.827,0.0
RNG(0.2),4.47,1,0.827,0.0
RNG(0.3),1.31,1,0.8168,0.0
RNG(0.3),1.34,1,0.8168,0.0
RNG(0.3),1.41,1,0.8169,0.0
RNG(0.3),1.42,1,0.8169,0.0
RNG(0.3),4.22,1,0.8273,0.0
RNG(0.3),4.27,1,0.8273,0.0
RNG(0.3),4.29,1,0.8273,0.0
RNG(0.3),4.41,1,0.8273,0.0
RNG(0.3),4.46,1,0.8273,0.0
RNG(0.3),4.47,1,0.8273,0.0
RNG(0.5),1.31,1,0.8168,0.0
RNG(0.5),1.34,1,0.8168,0.0
RNG(0.5),1.41,1,0.8169,0.0
RNG(0.5),1.42,1,0.8169,0.0
RNG(0.5),4.22,1,0.8252,0.0
RNG(0.5),4.27,1,0.8252,0.0
RNG(0.5),4.29,1,0.8252,0.0
RNG(0.5),4.41,1,0.8252,0.0
RNG(0.5),4.46,1,0.8252,0.0
RNG(0.5),4.47,1,0.8252,0.0
RNG(1),1.31,1,0.8168,0.0
RNG(1),1.34,1,0.8168,0.0
RNG(1),1.41,1,0.8168,0.0
RNG(1),1.42,1,0.8168,0.0
RNG(1),4.22,1,0.8203,0.0
RNG(1),4.27,1,0.8203,0.0
RNG(1),4.29,1,0.8203,0.0
RNG(1),4.41,1,0.8203,0.0
RNG(1),4.46,1,0.8203,0.0
RNG(1),4.47,1,0.8203,0.0
Dedup(0.85),1.4,1,0.8235,0.0
Dedup(0.85),4.28,1,0.8488,0.0
Dedup(0.9),1.4,1,0.8235,0.0
Dedup(0.9),4.28,1,0.8369,0.0
Dedup(0.95),1.4,1,0.8235,0.0
Dedup(0.95),4.28,1,0.8258,0.0
MMR(0.3),1.4,1,0.8235,0.0
MMR(0.3),4.28,1,0.6851,0.0
MMR(0.5),1.4,1,0.8235,0.0
MMR(0.5),4.28,1,0.75,0.0
MMR(0.7),1.4,1,0.8235,0.0
MMR(0.7),4.28,1,0.8174,0.0
MMR(0.9),1.4,1,0.8235,0.0
MMR(0.9),4.28,1,0.8298,0.0
Maxmin,1.4,1,0.8235,0.0
Maxmin,4.28,1,0.678,0.0
Greedy-DPP,1.4,1,0.8235,0.0
Greedy-DPP,4.28,1,0.8465,0.0
VendiG(0.3),1.4,1,0.8235,0.0
VendiG(0.3),4.28,1,0.7143,0.0
VendiG(0.5),1.4,1,0.8235,0.0
VendiG(0.5),4.28,1,0.7511,0.0
VendiG(0.7),1.4,1,0.8235,0.0
VendiG(0.7),4.28,1,0.8212,0.0
VendiG(0.9),1.4,1,0.8235,0.0
VendiG(0.9),4.28,1,0.8344,0.0
RNG(-2),1.4,1,0.8235,0.0
RNG(-2),4.28,1,0.8235,0.0
RNG(-0.3),1.4,1,0.8235,0.0
RNG(-0.3),4.28,1,0.8378,0.0
RNG(-0.2),1.4,1,0.8235,0.0
RNG(-0.2),4.28,1,0.8487,0.0
RNG(-0.1),1.4,1,0.8235,0.0
RNG(-0.1),4.28,1,0.8259,0.0
RNG(-0.05),1.4,1,0.8235,0.0
RNG(-0.05),4.28,1,0.8151,0.0
RNG(0),1.4,1,0.8235,0.0
RNG(0),4.28,1,0.8181,0.0
RNG(0.05),1.4,1,0.8235,0.0
RNG(0.05),4.28,1,0.8247,0.0
RNG(0.1),1.4,1,0.8235,0.0
RNG(0.1),4.28,1,0.83,0.0
RNG(0.2),1.4,1,0.8235,0.0
RNG(0.2),4.28,1,0.8329,0.0
RNG(0.3),1.4,1,0.8235,0.0
RNG(0.3),4.28,1,0.8335,0.0
RNG(0.5),1.4,1,0.8235,0.0
RNG(0.5),4.28,1,0.8314,0.0
RNG(1),1.4,1,0.8235,0.0
RNG(1),4.28,1,0.8267,0.0
