D,tau,val mean
MMR(0.3),0.99,0.6231
MMR(0.3),1.0,0.6231
MMR(0.3),1.01,0.6332
MMR(0.3),1.02,0.6348
MMR(0.3),1.03,0.6369
MMR(0.3),1.04,0.6387
MMR(0.3),1.05,0.6407
MMR(0.3),1.06,0.6431
MMR(0.3),1.07,0.6447
MMR(0.3),1.08,0.6461
MMR(0.3),1.09,0.6471
MMR(0.3),1.1,0.6475
MMR(0.3),1.11,0.6481
MMR(0.3),1.12,0.6483
MMR(0.3),1.13,0.6483
MMR(0.3),1.14,0.6484
MMR(0.3),1.15,0.6484
MMR(0.3),1.16,0.6484
MMR(0.3),1.17,0.6484
MMR(0.3),1.18,0.6484
MMR(0.3),1.19,0.6484
MMR(0.3),1.2,0.6479
MMR(0.3),1.21,0.6478
MMR(0.3),1.22,0.6478
MMR(0.3),1.23,0.6479
MMR(0.3),1.24,0.6477
MMR(0.3),1.25,0.6477
MMR(0.3),1.26,0.6467
MMR(0.3),1.27,0.6465
MMR(0.3),1.28,0.6463
MMR(0.3),1.29,0.6462
MMR(0.3),1.3,0.6459
MMR(0.3),1.31,0.6457
MMR(0.3),1.32,0.6454
MMR(0.3),1.33,0.6446
MMR(0.3),1.34,0.644
MMR(0.3),1.35,0.6435
MMR(0.3),1.36,0.6434
MMR(0.3),1.37,0.6421
MMR(0.3),1.38,0.6411
MMR(0.3),1.39,0.6405
MMR(0.3),1.4,0.6398
MMR(0.3),1.41,0.6388
MMR(0.3),1.42,0.6372
MMR(0.3),1.43,0.636
MMR(0.3),1.44,0.6346
MMR(0.3),1.45,0.6336
MMR(0.3),1.46,0.6317
MMR(0.3),1.47,0.6306
MMR(0.3),1.48,0.6296
MMR(0.3),1.49,0.6278
MMR(0.3),1.5,0.6247
MMR(0.3),1.51,0.623
MMR(0.3),1.52,0.6218
MMR(0.3),1.53,0.6205
MMR(0.3),1.54,0.6189
MMR(0.3),1.55,0.6175
MMR(0.3),1.56,0.6162
MMR(0.3),1.57,0.6142
MMR(0.3),1.58,0.6128
MMR(0.3),1.59,0.612
MMR(0.3),1.6,0.6111
MMR(0.3),1.61,0.6102
MMR(0.3),1.62,0.609
MMR(0.3),1.63,0.6082
MMR(0.3),1.64,0.6077
MMR(0.3),1.65,0.6068
MMR(0.3),1.66,0.606
MMR(0.3),1.67,0.6053
MMR(0.3),1.68,0.6046
MMR(0.3),1.69,0.6038
MMR(0.3),1.7,0.6032
MMR(0.3),1.71,0.6023
MMR(0.3),1.72,0.6017
MMR(0.3),1.73,0.6004
MMR(0.3),1.74,0.5988
MMR(0.3),1.75,0.598
MMR(0.3),1.76,0.5972
MMR(0.3),1.77,0.5959
MMR(0.3),1.78,0.5949
MMR(0.3),1.79,0.5935
MMR(0.3),1.8,0.5928
MMR(0.3),1.81,0.592
MMR(0.3),1.82,0.5908
MMR(0.3),1.83,0.59
MMR(0.3),1.84,0.5893
MMR(0.3),1.85,0.5887
MMR(0.3),1.86,0.5883
MMR(0.3),1.87,0.587
MMR(0.3),1.88,0.5865
MMR(0.3),1.89,0.5855
MMR(0.3),1.9,0.5849
MMR(0.3),1.91,0.5843
MMR(0.3),1.92,0.5842
MMR(0.3),1.93,0.5837
MMR(0.3),1.94,0.5835
MMR(0.3),1.95,0.5833
MMR(0.3),1.96,0.5833
MMR(0.3),1.97,0.583
MMR(0.3),1.98,0.5825
MMR(0.3),1.99,0.5825
MMR(0.3),2.0,0.582
MMR(0.3),2.01,0.5816
MMR(0.3),2.02,0.5812
MMR(0.3),2.03,0.5809
MMR(0.3),2.04,0.5805
MMR(0.3),2.05,0.5799
MMR(0.3),2.06,0.5795
MMR(0.3),2.07,0.579
MMR(0.3),2.08,0.5788
MMR(0.3),2.09,0.5782
MMR(0.3),2.1,0.5777
MMR(0.3),2.11,0.5771
MMR(0.3),2.12,0.5769
MMR(0.3),2.13,0.5768
MMR(0.3),2.14,0.5761
MMR(0.3),2.15,0.5758
MMR(0.3),2.16,0.5751
MMR(0.3),2.17,0.5748
MMR(0.3),2.18,0.5745
MMR(0.3),2.19,0.5741
MMR(0.3),2.2,0.5737
MMR(0.3),2.21,0.5734
MMR(0.3),2.22,0.573
MMR(0.3),2.23,0.5729
MMR(0.3),2.24,0.5726
MMR(0.3),2.25,0.5722
MMR(0.3),2.26,0.5719
MMR(0.3),2.27,0.5716
MMR(0.3),2.28,0.571
MMR(0.3),2.29,0.5709
MMR(0.3),2.3,0.5706
MMR(0.3),2.31,0.57
MMR(0.3),2.32,0.57
MMR(0.3),2.33,0.5699
MMR(0.3),2.34,0.5695
MMR(0.3),2.35,0.5693
MMR(0.3),2.36,0.5689
MMR(0.3),2.37,0.5688
MMR(0.3),2.38,0.5687
MMR(0.3),2.39,0.5685
MMR(0.3),2.4,0.5681
MMR(0.3),2.41,0.5679
MMR(0.3),2.42,0.5675
MMR(0.3),2.43,0.5671
MMR(0.3),2.44,0.567
MMR(0.3),2.45,0.5668
MMR(0.3),2.46,0.5661
MMR(0.3),2.47,0.5655
MMR(0.3),2.48,0.5653
MMR(0.3),2.49,0.5651
MMR(0.3),2.5,0.5646
MMR(0.3),2.51,0.5643
MMR(0.3),2.52,0.5639
MMR(0.3),2.53,0.5635
MMR(0.3),2.54,0.5631
MMR(0.3),2.55,0.5628
MMR(0.3),2.56,0.5623
MMR(0.3),2.57,0.5619
MMR(0.3),2.58,0.5617
MMR(0.3),2.59,0.5615
MMR(0.3),2.6,0.5611
MMR(0.3),2.61,0.561
MMR(0.3),2.62,0.5608
MMR(0.3),2.63,0.5607
MMR(0.3),2.64,0.5604
MMR(0.3),2.65,0.5599
MMR(0.3),2.66,0.5596
MMR(0.3),2.67,0.5587
MMR(0.3),2.68,0.5584
MMR(0.3),2.69,0.5577
MMR(0.3),2.7,0.5577
MMR(0.3),2.71,0.5573
MMR(0.3),2.72,0.5567
MMR(0.3),2.73,0.5559
MMR(0.3),2.74,0.5555
MMR(0.3),2.75,0.5549
MMR(0.3),2.76,0.5546
MMR(0.3),2.77,0.5539
MMR(0.3),2.78,0.5534
MMR(0.3),2.79,0.553
MMR(0.3),2.8,0.5519
MMR(0.3),2.81,0.5517
MMR(0.3),2.82,0.5511
MMR(0.3),2.83,0.5507
MMR(0.3),2.84,0.5502
MMR(0.3),2.85,0.5495
MMR(0.3),2.86,0.5492
MMR(0.3),2.87,0.5487
MMR(0.3),2.88,0.5478
MMR(0.3),2.89,0.5471
MMR(0.3),2.9,0.5469
MMR(0.3),2.91,0.5462
MMR(0.3),2.92,0.5454
MMR(0.3),2.93,0.5452
MMR(0.3),2.94,0.5446
MMR(0.3),2.95,0.5439
MMR(0.3),2.96,0.5432
MMR(0.3),2.97,0.5423
MMR(0.3),2.98,0.5419
MMR(0.3),2.99,0.5413
MMR(0.3),3.0,0.5402
MMR(0.3),3.01,0.5397
MMR(0.3),3.02,0.5393
MMR(0.3),3.03,0.5389
MMR(0.3),3.04,0.5384
MMR(0.3),3.05,0.5376
MMR(0.3),3.06,0.5371
MMR(0.3),3.07,0.5368
MMR(0.3),3.08,0.5365
MMR(0.3),3.09,0.5357
MMR(0.3),3.1,0.535
MMR(0.3),3.11,0.534
MMR(0.3),3.12,0.5333
MMR(0.3),3.13,0.533
MMR(0.3),3.14,0.5323
MMR(0.3),3.15,0.5315
MMR(0.3),3.16,0.5305
MMR(0.3),3.17,0.5297
MMR(0.3),3.18,0.5291
MMR(0.3),3.19,0.5283
MMR(0.3),3.2,0.5272
MMR(0.3),3.21,0.5261
MMR(0.3),3.22,0.5254
MMR(0.3),3.23,0.5245
MMR(0.3),3.24,0.5238
MMR(0.3),3.25,0.5235
MMR(0.3),3.26,0.523
MMR(0.3),3.27,0.5219
MMR(0.3),3.28,0.5215
MMR(0.3),3.29,0.5205
MMR(0.3),3.3,0.5196
MMR(0.3),3.31,0.5191
MMR(0.3),3.32,0.5183
MMR(0.3),3.33,0.5178
MMR(0.3),3.34,0.5173
MMR(0.3),3.35,0.5166
MMR(0.3),3.36,0.516
MMR(0.3),3.37,0.5154
MMR(0.3),3.38,0.5151
MMR(0.3),3.39,0.5141
MMR(0.3),3.4,0.5138
MMR(0.3),3.41,0.5131
MMR(0.3),3.42,0.5128
MMR(0.3),3.43,0.5121
MMR(0.3),3.44,0.5113
MMR(0.3),3.45,0.511
MMR(0.3),3.46,0.5107
MMR(0.3),3.47,0.5105
MMR(0.3),3.48,0.5096
MMR(0.3),3.49,0.509
MMR(0.3),3.5,0.5084
MMR(0.3),3.51,0.5086
MMR(0.3),3.52,0.5084
MMR(0.3),3.53,0.5082
MMR(0.3),3.54,0.5077
MMR(0.3),3.55,0.5073
MMR(0.3),3.56,0.5067
MMR(0.3),3.57,0.5061
MMR(0.3),3.58,0.5061
MMR(0.3),3.59,0.5059
MMR(0.3),3.6,0.5058
MMR(0.3),3.61,0.5057
MMR(0.3),3.62,0.5053
MMR(0.3),3.63,0.5051
MMR(0.3),3.64,0.5051
MMR(0.3),3.65,0.5045
MMR(0.3),3.66,0.5045
MMR(0.3),3.67,0.5045
MMR(0.3),3.68,0.5044
MMR(0.3),3.69,0.5043
MMR(0.3),3.7,0.5043
MMR(0.3),3.71,0.5042
MMR(0.3),3.72,0.5042
MMR(0.3),3.73,0.5041
MMR(0.3),3.74,0.504
MMR(0.3),3.75,0.5038
MMR(0.3),3.76,0.5037
MMR(0.3),3.77,0.5037
MMR(0.3),3.78,0.5036
MMR(0.3),3.79,0.5036
MMR(0.3),3.8,0.5036
MMR(0.3),3.81,0.5036
MMR(0.3),3.83,0.5036
MMR(0.3),3.87,0.5035
MMR(0.3),3.88,0.5034
MMR(0.3),3.89,0.5033
MMR(0.3),3.92,0.5032
MMR(0.3),3.95,0.5032
MMR(0.3),3.96,0.5032
MMR(0.5),0.99,0.6231
MMR(0.5),1.0,0.6231
MMR(0.5),1.01,0.6495
MMR(0.5),1.02,0.6533
MMR(0.5),1.03,0.6591
MMR(0.5),1.04,0.6637
MMR(0.5),1.05,0.6691
MMR(0.5),1.06,0.6741
MMR(0.5),1.07,0.6782
MMR(0.5),1.08,0.6815
MMR(0.5),1.09,0.684
MMR(0.5),1.1,0.685
MMR(0.5),1.11,0.6864
MMR(0.5),1.12,0.6868
MMR(0.5),1.13,0.6872
MMR(0.5),1.14,0.6874
MMR(0.5),1.15,0.6876
MMR(0.5),1.16,0.6877
MMR(0.5),1.17,0.6877
MMR(0.5),1.18,0.6877
MMR(0.5),1.19,0.6877
MMR(0.5),1.2,0.6872
MMR(0.5),1.21,0.6871
MMR(0.5),1.22,0.6871
MMR(0.5),1.23,0.6872
MMR(0.5),1.24,0.6872
MMR(0.5),1.25,0.6871
MMR(0.5),1.26,0.6862
MMR(0.5),1.27,0.686
MMR(0.5),1.28,0.6858
MMR(0.5),1.29,0.6857
MMR(0.5),1.3,0.6855
MMR(0.5),1.31,0.6853
MMR(0.5),1.32,0.6851
MMR(0.5),1.33,0.6845
MMR(0.5),1.34,0.6841
MMR(0.5),1.35,0.6836
MMR(0.5),1.36,0.6837
MMR(0.5),1.37,0.6827
MMR(0.5),1.38,0.6818
MMR(0.5),1.39,0.6812
MMR(0.5),1.4,0.6806
MMR(0.5),1.41,0.6797
MMR(0.5),1.42,0.6784
MMR(0.5),1.43,0.6774
MMR(0.5),1.44,0.6768
MMR(0.5),1.45,0.6762
MMR(0.5),1.46,0.6748
MMR(0.5),1.47,0.6741
MMR(0.5),1.48,0.6734
MMR(0.5),1.49,0.6721
MMR(0.5),1.5,0.671
MMR(0.5),1.51,0.6706
MMR(0.5),1.52,0.6702
MMR(0.5),1.53,0.6697
MMR(0.5),1.54,0.6688
MMR(0.5),1.55,0.6679
MMR(0.5),1.56,0.6676
MMR(0.5),1.57,0.6664
MMR(0.5),1.58,0.6658
MMR(0.5),1.59,0.6655
MMR(0.5),1.6,0.6649
MMR(0.5),1.61,0.6642
MMR(0.5),1.62,0.6636
MMR(0.5),1.63,0.6633
MMR(0.5),1.64,0.6629
MMR(0.5),1.65,0.6626
MMR(0.5),1.66,0.6621
MMR(0.5),1.67,0.6617
MMR(0.5),1.68,0.6614
MMR(0.5),1.69,0.661
MMR(0.5),1.7,0.6608
MMR(0.5),1.71,0.6604
MMR(0.5),1.72,0.66
MMR(0.5),1.73,0.6596
MMR(0.5),1.74,0.6584
MMR(0.5),1.75,0.6577
MMR(0.5),1.76,0.6575
MMR(0.5),1.77,0.657
MMR(0.5),1.78,0.6568
MMR(0.5),1.79,0.6558
MMR(0.5),1.8,0.6555
MMR(0.5),1.81,0.6552
MMR(0.5),1.82,0.6544
MMR(0.5),1.83,0.6542
MMR(0.5),1.84,0.654
MMR(0.5),1.85,0.6537
MMR(0.5),1.86,0.6534
MMR(0.5),1.87,0.6529
MMR(0.5),1.88,0.6527
MMR(0.5),1.89,0.6522
MMR(0.5),1.9,0.652
MMR(0.5),1.91,0.6519
MMR(0.5),1.92,0.6518
MMR(0.5),1.93,0.6515
MMR(0.5),1.94,0.6515
MMR(0.5),1.95,0.6513
MMR(0.5),1.96,0.6514
MMR(0.5),1.97,0.6512
MMR(0.5),1.98,0.651
MMR(0.5),1.99,0.651
MMR(0.5),2.0,0.6506
MMR(0.5),2.01,0.6503
MMR(0.5),2.02,0.65
MMR(0.5),2.03,0.65
MMR(0.5),2.04,0.6498
MMR(0.5),2.05,0.6493
MMR(0.5),2.06,0.6489
MMR(0.5),2.07,0.6487
MMR(0.5),2.08,0.6485
MMR(0.5),2.09,0.6479
MMR(0.5),2.1,0.6477
MMR(0.5),2.11,0.6472
MMR(0.5),2.12,0.6471
MMR(0.5),2.13,0.6471
MMR(0.5),2.14,0.6466
MMR(0.5),2.15,0.6463
MMR(0.5),2.16,0.6458
MMR(0.5),2.17,0.6457
MMR(0.5),2.18,0.6455
MMR(0.5),2.19,0.6452
MMR(0.5),2.2,0.6449
MMR(0.5),2.21,0.6448
MMR(0.5),2.22,0.6445
MMR(0.5),2.23,0.6444
MMR(0.5),2.24,0.6444
MMR(0.5),2.25,0.6444
MMR(0.5),2.26,0.6443
MMR(0.5),2.27,0.6441
MMR(0.5),2.28,0.6437
MMR(0.5),2.29,0.6436
MMR(0.5),2.3,0.6434
MMR(0.5),2.31,0.6429
MMR(0.5),2.32,0.6427
MMR(0.5),2.33,0.6426
MMR(0.5),2.34,0.6423
MMR(0.5),2.35,0.6422
MMR(0.5),2.36,0.6419
MMR(0.5),2.37,0.6418
MMR(0.5),2.38,0.6417
MMR(0.5),2.39,0.6415
MMR(0.5),2.4,0.6413
MMR(0.5),2.41,0.6412
MMR(0.5),2.42,0.6408
MMR(0.5),2.43,0.6404
MMR(0.5),2.44,0.6404
MMR(0.5),2.45,0.6402
MMR(0.5),2.46,0.6398
MMR(0.5),2.47,0.6393
MMR(0.5),2.48,0.6391
MMR(0.5),2.49,0.6389
MMR(0.5),2.5,0.6386
MMR(0.5),2.51,0.6384
MMR(0.5),2.52,0.6381
MMR(0.5),2.53,0.6377
MMR(0.5),2.54,0.6374
MMR(0.5),2.55,0.6371
MMR(0.5),2.56,0.6367
MMR(0.5),2.57,0.6363
MMR(0.5),2.58,0.6362
MMR(0.5),2.59,0.636
MMR(0.5),2.6,0.6358
MMR(0.5),2.61,0.6359
MMR(0.5),2.62,0.6358
MMR(0.5),2.63,0.6357
MMR(0.5),2.64,0.6354
MMR(0.5),2.65,0.635
MMR(0.5),2.66,0.6349
MMR(0.5),2.67,0.6344
MMR(0.5),2.68,0.6341
MMR(0.5),2.69,0.6336
MMR(0.5),2.7,0.6336
MMR(0.5),2.71,0.6332
MMR(0.5),2.72,0.6325
MMR(0.5),2.73,0.632
MMR(0.5),2.74,0.6319
MMR(0.5),2.75,0.6315
MMR(0.5),2.76,0.6314
MMR(0.5),2.77,0.6311
MMR(0.5),2.78,0.6308
MMR(0.5),2.79,0.6309
MMR(0.5),2.8,0.63
MMR(0.5),2.81,0.6299
MMR(0.5),2.82,0.6295
MMR(0.5),2.83,0.6293
MMR(0.5),2.84,0.629
MMR(0.5),2.85,0.6285
MMR(0.5),2.86,0.6283
MMR(0.5),2.87,0.6275
MMR(0.5),2.88,0.6268
MMR(0.5),2.89,0.6262
MMR(0.5),2.9,0.626
MMR(0.5),2.91,0.6255
MMR(0.5),2.92,0.6249
MMR(0.5),2.93,0.6248
MMR(0.5),2.94,0.6244
MMR(0.5),2.95,0.6241
MMR(0.5),2.96,0.6236
MMR(0.5),2.97,0.623
MMR(0.5),2.98,0.6228
MMR(0.5),2.99,0.6222
MMR(0.5),3.0,0.6213
MMR(0.5),3.01,0.6212
MMR(0.5),3.02,0.6209
MMR(0.5),3.03,0.6209
MMR(0.5),3.04,0.6205
MMR(0.5),3.05,0.6199
MMR(0.5),3.06,0.6195
MMR(0.5),3.07,0.6194
MMR(0.5),3.08,0.6191
MMR(0.5),3.09,0.6188
MMR(0.5),3.1,0.6184
MMR(0.5),3.11,0.6178
MMR(0.5),3.12,0.6173
MMR(0.5),3.13,0.617
MMR(0.5),3.14,0.6166
MMR(0.5),3.15,0.6162
MMR(0.5),3.16,0.6157
MMR(0.5),3.17,0.6151
MMR(0.5),3.18,0.6147
MMR(0.5),3.19,0.6142
MMR(0.5),3.2,0.6136
MMR(0.5),3.21,0.6128
MMR(0.5),3.22,0.6124
MMR(0.5),3.23,0.612
MMR(0.5),3.24,0.6116
MMR(0.5),3.25,0.6113
MMR(0.5),3.26,0.6109
MMR(0.5),3.27,0.6105
MMR(0.5),3.28,0.6101
MMR(0.5),3.29,0.6095
MMR(0.5),3.3,0.609
MMR(0.5),3.31,0.6086
MMR(0.5),3.32,0.6084
MMR(0.5),3.33,0.6082
MMR(0.5),3.34,0.6078
MMR(0.5),3.35,0.6073
MMR(0.5),3.36,0.607
MMR(0.5),3.37,0.6067
MMR(0.5),3.38,0.6064
MMR(0.5),3.39,0.6056
MMR(0.5),3.4,0.6053
MMR(0.5),3.41,0.6048
MMR(0.5),3.42,0.6045
MMR(0.5),3.43,0.604
MMR(0.5),3.44,0.6034
MMR(0.5),3.45,0.6032
MMR(0.5),3.46,0.6029
MMR(0.5),3.47,0.6027
MMR(0.5),3.48,0.6023
MMR(0.5),3.49,0.602
MMR(0.5),3.5,0.6014
MMR(0.5),3.51,0.6018
MMR(0.5),3.52,0.6017
MMR(0.5),3.53,0.6014
MMR(0.5),3.54,0.6011
MMR(0.5),3.55,0.6008
MMR(0.5),3.56,0.6008
MMR(0.5),3.57,0.6006
MMR(0.5),3.58,0.601
MMR(0.5),3.59,0.6009
MMR(0.5),3.6,0.6008
MMR(0.5),3.61,0.6007
MMR(0.5),3.62,0.6007
MMR(0.5),3.63,0.6005
MMR(0.5),3.64,0.6005
MMR(0.5),3.65,0.6001
MMR(0.5),3.66,0.6001
MMR(0.5),3.67,0.6001
MMR(0.5),3.68,0.6
MMR(0.5),3.69,0.5999
MMR(0.5),3.7,0.5999
MMR(0.5),3.71,0.5999
MMR(0.5),3.72,0.5999
MMR(0.5),3.73,0.5999
MMR(0.5),3.74,0.5998
MMR(0.5),3.75,0.5997
MMR(0.5),3.76,0.5997
MMR(0.5),3.77,0.5997
MMR(0.5),3.78,0.5997
MMR(0.5),3.79,0.5997
MMR(0.5),3.8,0.5997
MMR(0.5),3.81,0.5997
MMR(0.5),3.83,0.5997
MMR(0.5),3.87,0.5997
MMR(0.5),3.88,0.5997
MMR(0.5),3.89,0.5997
MMR(0.5),3.92,0.5996
MMR(0.5),3.95,0.5996
MMR(0.5),3.96,0.5996
MMR(0.7),0.99,0.6231
MMR(0.7),1.0,0.6231
MMR(0.7),1.01,0.6697
MMR(0.7),1.02,0.6777
MMR(0.7),1.03,0.6895
MMR(0.7),1.04,0.6995
MMR(0.7),1.05,0.7099
MMR(0.7),1.06,0.7196
MMR(0.7),1.07,0.7269
MMR(0.7),1.08,0.7327
MMR(0.7),1.09,0.7369
MMR(0.7),1.1,0.7396
MMR(0.7),1.11,0.7423
MMR(0.7),1.12,0.7438
MMR(0.7),1.13,0.7444
MMR(0.7),1.14,0.7448
MMR(0.7),1.15,0.7453
MMR(0.7),1.16,0.7455
MMR(0.7),1.17,0.7456
MMR(0.7),1.18,0.7456
MMR(0.7),1.19,0.7456
MMR(0.7),1.2,0.7454
MMR(0.7),1.21,0.7452
MMR(0.7),1.22,0.7452
MMR(0.7),1.23,0.7453
MMR(0.7),1.24,0.7455
MMR(0.7),1.25,0.7454
MMR(0.7),1.26,0.7454
MMR(0.7),1.27,0.7454
MMR(0.7),1.28,0.7453
MMR(0.7),1.29,0.7454
MMR(0.7),1.3,0.7456
MMR(0.7),1.31,0.7456
MMR(0.7),1.32,0.7456
MMR(0.7),1.33,0.7458
MMR(0.7),1.34,0.746
MMR(0.7),1.35,0.7461
MMR(0.7),1.36,0.7463
MMR(0.7),1.37,0.746
MMR(0.7),1.38,0.7456
MMR(0.7),1.39,0.7454
MMR(0.7),1.4,0.7454
MMR(0.7),1.41,0.7452
MMR(0.7),1.42,0.7453
MMR(0.7),1.43,0.7449
MMR(0.7),1.44,0.745
MMR(0.7),1.45,0.745
MMR(0.7),1.46,0.7457
MMR(0.7),1.47,0.7456
MMR(0.7),1.48,0.746
MMR(0.7),1.49,0.7465
MMR(0.7),1.5,0.7465
MMR(0.7),1.51,0.747
MMR(0.7),1.52,0.7477
MMR(0.7),1.53,0.7479
MMR(0.7),1.54,0.7483
MMR(0.7),1.55,0.7485
MMR(0.7),1.56,0.7487
MMR(0.7),1.57,0.749
MMR(0.7),1.58,0.7494
MMR(0.7),1.59,0.7497
MMR(0.7),1.6,0.7499
MMR(0.7),1.61,0.7503
MMR(0.7),1.62,0.7503
MMR(0.7),1.63,0.7506
MMR(0.7),1.64,0.7508
MMR(0.7),1.65,0.7509
MMR(0.7),1.66,0.7511
MMR(0.7),1.67,0.7512
MMR(0.7),1.68,0.7514
MMR(0.7),1.69,0.7515
MMR(0.7),1.7,0.7517
MMR(0.7),1.71,0.7517
MMR(0.7),1.72,0.7518
MMR(0.7),1.73,0.7517
MMR(0.7),1.74,0.7515
MMR(0.7),1.75,0.7515
MMR(0.7),1.76,0.7517
MMR(0.7),1.77,0.7515
MMR(0.7),1.78,0.7516
MMR(0.7),1.79,0.7516
MMR(0.7),1.8,0.7518
MMR(0.7),1.81,0.752
MMR(0.7),1.82,0.7521
MMR(0.7),1.83,0.7522
MMR(0.7),1.84,0.7521
MMR(0.7),1.85,0.7521
MMR(0.7),1.86,0.7522
MMR(0.7),1.87,0.7524
MMR(0.7),1.88,0.7524
MMR(0.7),1.89,0.7524
MMR(0.7),1.9,0.7524
MMR(0.7),1.91,0.7525
MMR(0.7),1.92,0.7525
MMR(0.7),1.93,0.7525
MMR(0.7),1.94,0.7527
MMR(0.7),1.95,0.7529
MMR(0.7),1.96,0.7529
MMR(0.7),1.97,0.7529
MMR(0.7),1.98,0.7529
MMR(0.7),1.99,0.7529
MMR(0.7),2.0,0.7529
MMR(0.7),2.01,0.7528
MMR(0.7),2.02,0.7527
MMR(0.7),2.03,0.7529
MMR(0.7),2.04,0.7531
MMR(0.7),2.05,0.7529
MMR(0.7),2.06,0.7531
MMR(0.7),2.07,0.7533
MMR(0.7),2.08,0.7533
MMR(0.7),2.09,0.7532
MMR(0.7),2.1,0.7531
MMR(0.7),2.11,0.7531
MMR(0.7),2.12,0.7531
MMR(0.7),2.13,0.7535
MMR(0.7),2.14,0.7535
MMR(0.7),2.15,0.7537
MMR(0.7),2.16,0.7537
MMR(0.7),2.17,0.7537
MMR(0.7),2.18,0.7539
MMR(0.7),2.19,0.7539
MMR(0.7),2.2,0.754
MMR(0.7),2.21,0.754
MMR(0.7),2.22,0.754
MMR(0.7),2.23,0.754
MMR(0.7),2.24,0.754
MMR(0.7),2.25,0.7541
MMR(0.7),2.26,0.7542
MMR(0.7),2.27,0.7542
MMR(0.7),2.28,0.7542
MMR(0.7),2.29,0.7544
MMR(0.7),2.3,0.7544
MMR(0.7),2.31,0.7544
MMR(0.7),2.32,0.7544
MMR(0.7),2.33,0.7543
MMR(0.7),2.34,0.7543
MMR(0.7),2.35,0.7543
MMR(0.7),2.36,0.7542
MMR(0.7),2.37,0.7542
MMR(0.7),2.38,0.7542
MMR(0.7),2.39,0.7542
MMR(0.7),2.4,0.7542
MMR(0.7),2.41,0.7542
MMR(0.7),2.42,0.7539
MMR(0.7),2.43,0.7538
MMR(0.7),2.44,0.7537
MMR(0.7),2.45,0.7537
MMR(0.7),2.46,0.7536
MMR(0.7),2.47,0.7535
MMR(0.7),2.48,0.7535
MMR(0.7),2.49,0.7535
MMR(0.7),2.5,0.7533
MMR(0.7),2.51,0.7534
MMR(0.7),2.52,0.7532
MMR(0.7),2.53,0.753
MMR(0.7),2.54,0.7529
MMR(0.7),2.55,0.7528
MMR(0.7),2.56,0.7527
MMR(0.7),2.57,0.7525
MMR(0.7),2.58,0.7525
MMR(0.7),2.59,0.7525
MMR(0.7),2.6,0.7525
MMR(0.7),2.61,0.7529
MMR(0.7),2.62,0.7529
MMR(0.7),2.63,0.7529
MMR(0.7),2.64,0.7529
MMR(0.7),2.65,0.7528
MMR(0.7),2.66,0.7528
MMR(0.7),2.67,0.7527
MMR(0.7),2.68,0.7526
MMR(0.7),2.69,0.7525
MMR(0.7),2.7,0.753
MMR(0.7),2.71,0.753
MMR(0.7),2.72,0.7528
MMR(0.7),2.73,0.7524
MMR(0.7),2.74,0.7523
MMR(0.7),2.75,0.7521
MMR(0.7),2.76,0.7524
MMR(0.7),2.77,0.7523
MMR(0.7),2.78,0.7521
MMR(0.7),2.79,0.7523
MMR(0.7),2.8,0.7517
MMR(0.7),2.81,0.7517
MMR(0.7),2.82,0.7516
MMR(0.7),2.83,0.7515
MMR(0.7),2.84,0.7516
MMR(0.7),2.85,0.7514
MMR(0.7),2.86,0.7513
MMR(0.7),2.87,0.7513
MMR(0.7),2.88,0.7508
MMR(0.7),2.89,0.7505
MMR(0.7),2.9,0.7504
MMR(0.7),2.91,0.7504
MMR(0.7),2.92,0.7502
MMR(0.7),2.93,0.7502
MMR(0.7),2.94,0.7502
MMR(0.7),2.95,0.7501
MMR(0.7),2.96,0.7498
MMR(0.7),2.97,0.7498
MMR(0.7),2.98,0.7495
MMR(0.7),2.99,0.7492
MMR(0.7),3.0,0.749
MMR(0.7),3.01,0.749
MMR(0.7),3.02,0.7489
MMR(0.7),3.03,0.7488
MMR(0.7),3.04,0.7485
MMR(0.7),3.05,0.7483
MMR(0.7),3.06,0.7483
MMR(0.7),3.07,0.7485
MMR(0.7),3.08,0.7485
MMR(0.7),3.09,0.7482
MMR(0.7),3.1,0.7479
MMR(0.7),3.11,0.7479
MMR(0.7),3.12,0.7476
MMR(0.7),3.13,0.7475
MMR(0.7),3.14,0.7473
MMR(0.7),3.15,0.7472
MMR(0.7),3.16,0.747
MMR(0.7),3.17,0.7469
MMR(0.7),3.18,0.7467
MMR(0.7),3.19,0.7467
MMR(0.7),3.2,0.7466
MMR(0.7),3.21,0.7464
MMR(0.7),3.22,0.7463
MMR(0.7),3.23,0.7461
MMR(0.7),3.24,0.7459
MMR(0.7),3.25,0.7458
MMR(0.7),3.26,0.746
MMR(0.7),3.27,0.7459
MMR(0.7),3.28,0.7459
MMR(0.7),3.29,0.7455
MMR(0.7),3.3,0.7454
MMR(0.7),3.31,0.7453
MMR(0.7),3.32,0.7452
MMR(0.7),3.33,0.7452
MMR(0.7),3.34,0.745
MMR(0.7),3.35,0.7446
MMR(0.7),3.36,0.7445
MMR(0.7),3.37,0.7444
MMR(0.7),3.38,0.7444
MMR(0.7),3.39,0.744
MMR(0.7),3.4,0.7439
MMR(0.7),3.41,0.7439
MMR(0.7),3.42,0.7438
MMR(0.7),3.43,0.7438
MMR(0.7),3.44,0.7436
MMR(0.7),3.45,0.7435
MMR(0.7),3.46,0.7435
MMR(0.7),3.47,0.7435
MMR(0.7),3.48,0.7433
MMR(0.7),3.49,0.7433
MMR(0.7),3.5,0.743
MMR(0.7),3.51,0.7433
MMR(0.7),3.52,0.7433
MMR(0.7),3.53,0.7433
MMR(0.7),3.54,0.7431
MMR(0.7),3.55,0.7432
MMR(0.7),3.56,0.7432
MMR(0.7),3.57,0.7431
MMR(0.7),3.58,0.7431
MMR(0.7),3.59,0.7429
MMR(0.7),3.6,0.7429
MMR(0.7),3.61,0.7429
MMR(0.7),3.62,0.7429
MMR(0.7),3.63,0.7429
MMR(0.7),3.64,0.7429
MMR(0.7),3.65,0.7426
MMR(0.7),3.66,0.7426
MMR(0.7),3.67,0.7426
MMR(0.7),3.68,0.7426
MMR(0.7),3.69,0.7425
MMR(0.7),3.7,0.7425
MMR(0.7),3.71,0.7425
MMR(0.7),3.72,0.7425
MMR(0.7),3.73,0.7425
MMR(0.7),3.74,0.7425
MMR(0.7),3.75,0.7425
MMR(0.7),3.76,0.7424
MMR(0.7),3.77,0.7424
MMR(0.7),3.78,0.7424
MMR(0.7),3.79,0.7424
MMR(0.7),3.8,0.7424
MMR(0.7),3.81,0.7424
MMR(0.7),3.83,0.7424
MMR(0.7),3.87,0.7424
MMR(0.7),3.88,0.7424
MMR(0.7),3.89,0.7424
MMR(0.7),3.92,0.7423
MMR(0.7),3.95,0.7423
MMR(0.7),3.96,0.7423
MMR(0.9),0.99,0.6231
MMR(0.9),1.0,0.6231
MMR(0.9),1.01,0.6477
MMR(0.9),1.02,0.6513
MMR(0.9),1.03,0.6569
MMR(0.9),1.04,0.6621
MMR(0.9),1.05,0.6679
MMR(0.9),1.06,0.6726
MMR(0.9),1.07,0.6766
MMR(0.9),1.08,0.6793
MMR(0.9),1.09,0.6816
MMR(0.9),1.1,0.6828
MMR(0.9),1.11,0.6845
MMR(0.9),1.12,0.6852
MMR(0.9),1.13,0.6856
MMR(0.9),1.14,0.6858
MMR(0.9),1.15,0.6861
MMR(0.9),1.16,0.6863
MMR(0.9),1.17,0.6864
MMR(0.9),1.18,0.6865
MMR(0.9),1.19,0.6865
MMR(0.9),1.2,0.6866
MMR(0.9),1.21,0.6864
MMR(0.9),1.22,0.6864
MMR(0.9),1.23,0.6864
MMR(0.9),1.24,0.6866
MMR(0.9),1.25,0.6866
MMR(0.9),1.26,0.6867
MMR(0.9),1.27,0.6868
MMR(0.9),1.28,0.6868
MMR(0.9),1.29,0.6869
MMR(0.9),1.3,0.6871
MMR(0.9),1.31,0.6872
MMR(0.9),1.32,0.6871
MMR(0.9),1.33,0.6872
MMR(0.9),1.34,0.6874
MMR(0.9),1.35,0.6874
MMR(0.9),1.36,0.6874
MMR(0.9),1.37,0.6876
MMR(0.9),1.38,0.6876
MMR(0.9),1.39,0.6877
MMR(0.9),1.4,0.688
MMR(0.9),1.41,0.6882
MMR(0.9),1.42,0.6882
MMR(0.9),1.43,0.6881
MMR(0.9),1.44,0.6883
MMR(0.9),1.45,0.6883
MMR(0.9),1.46,0.6891
MMR(0.9),1.47,0.6891
MMR(0.9),1.48,0.6893
MMR(0.9),1.49,0.6897
MMR(0.9),1.5,0.6899
MMR(0.9),1.51,0.6903
MMR(0.9),1.52,0.6911
MMR(0.9),1.53,0.691
MMR(0.9),1.54,0.6914
MMR(0.9),1.55,0.6914
MMR(0.9),1.56,0.6916
MMR(0.9),1.57,0.6918
MMR(0.9),1.58,0.6922
MMR(0.9),1.59,0.6923
MMR(0.9),1.6,0.6927
MMR(0.9),1.61,0.693
MMR(0.9),1.62,0.6932
MMR(0.9),1.63,0.6937
MMR(0.9),1.64,0.6939
MMR(0.9),1.65,0.6939
MMR(0.9),1.66,0.6939
MMR(0.9),1.67,0.694
MMR(0.9),1.68,0.694
MMR(0.9),1.69,0.6941
MMR(0.9),1.7,0.6941
MMR(0.9),1.71,0.6943
MMR(0.9),1.72,0.6945
MMR(0.9),1.73,0.6943
MMR(0.9),1.74,0.6941
MMR(0.9),1.75,0.6942
MMR(0.9),1.76,0.6944
MMR(0.9),1.77,0.6944
MMR(0.9),1.78,0.6945
MMR(0.9),1.79,0.6946
MMR(0.9),1.8,0.6947
MMR(0.9),1.81,0.6949
MMR(0.9),1.82,0.6951
MMR(0.9),1.83,0.6951
MMR(0.9),1.84,0.6951
MMR(0.9),1.85,0.6951
MMR(0.9),1.86,0.6951
MMR(0.9),1.87,0.6953
MMR(0.9),1.88,0.6953
MMR(0.9),1.89,0.6955
MMR(0.9),1.9,0.6956
MMR(0.9),1.91,0.6958
MMR(0.9),1.92,0.6959
MMR(0.9),1.93,0.6959
MMR(0.9),1.94,0.6959
MMR(0.9),1.95,0.6962
MMR(0.9),1.96,0.6962
MMR(0.9),1.97,0.6962
MMR(0.9),1.98,0.6962
MMR(0.9),1.99,0.6962
MMR(0.9),2.0,0.6962
MMR(0.9),2.01,0.6962
MMR(0.9),2.02,0.6963
MMR(0.9),2.03,0.6966
MMR(0.9),2.04,0.6967
MMR(0.9),2.05,0.6968
MMR(0.9),2.06,0.6969
MMR(0.9),2.07,0.6974
MMR(0.9),2.08,0.6974
MMR(0.9),2.09,0.6975
MMR(0.9),2.1,0.6975
MMR(0.9),2.11,0.6975
MMR(0.9),2.12,0.6976
MMR(0.9),2.13,0.6977
MMR(0.9),2.14,0.698
MMR(0.9),2.15,0.6981
MMR(0.9),2.16,0.6981
MMR(0.9),2.17,0.6981
MMR(0.9),2.18,0.6982
MMR(0.9),2.19,0.6982
MMR(0.9),2.2,0.6983
MMR(0.9),2.21,0.6984
MMR(0.9),2.22,0.6984
MMR(0.9),2.23,0.6985
MMR(0.9),2.24,0.6985
MMR(0.9),2.25,0.6986
MMR(0.9),2.26,0.6988
MMR(0.9),2.27,0.6988
MMR(0.9),2.28,0.6989
MMR(0.9),2.29,0.6989
MMR(0.9),2.3,0.6991
MMR(0.9),2.31,0.699
MMR(0.9),2.32,0.699
MMR(0.9),2.33,0.6989
MMR(0.9),2.34,0.6989
MMR(0.9),2.35,0.6989
MMR(0.9),2.36,0.6989
MMR(0.9),2.37,0.6988
MMR(0.9),2.38,0.6989
MMR(0.9),2.39,0.6989
MMR(0.9),2.4,0.6989
MMR(0.9),2.41,0.6989
MMR(0.9),2.42,0.6988
MMR(0.9),2.43,0.6989
MMR(0.9),2.44,0.6988
MMR(0.9),2.45,0.6989
MMR(0.9),2.46,0.6989
MMR(0.9),2.47,0.6989
MMR(0.9),2.48,0.6989
MMR(0.9),2.49,0.6989
MMR(0.9),2.5,0.6989
MMR(0.9),2.51,0.6991
MMR(0.9),2.52,0.6991
MMR(0.9),2.53,0.699
MMR(0.9),2.54,0.699
MMR(0.9),2.55,0.6989
MMR(0.9),2.56,0.6989
MMR(0.9),2.57,0.6988
MMR(0.9),2.58,0.6989
MMR(0.9),2.59,0.6989
MMR(0.9),2.6,0.6989
MMR(0.9),2.61,0.6993
MMR(0.9),2.62,0.6993
MMR(0.9),2.63,0.6993
MMR(0.9),2.64,0.6993
MMR(0.9),2.65,0.6993
MMR(0.9),2.66,0.6993
MMR(0.9),2.67,0.6994
MMR(0.9),2.68,0.6994
MMR(0.9),2.69,0.6993
MMR(0.9),2.7,0.6995
MMR(0.9),2.71,0.6995
MMR(0.9),2.72,0.6995
MMR(0.9),2.73,0.6991
MMR(0.9),2.74,0.6991
MMR(0.9),2.75,0.6991
MMR(0.9),2.76,0.6994
MMR(0.9),2.77,0.6994
MMR(0.9),2.78,0.6992
MMR(0.9),2.79,0.6994
MMR(0.9),2.8,0.6993
MMR(0.9),2.81,0.6993
MMR(0.9),2.82,0.6993
MMR(0.9),2.83,0.6993
MMR(0.9),2.84,0.6994
MMR(0.9),2.85,0.6994
MMR(0.9),2.86,0.6994
MMR(0.9),2.87,0.6995
MMR(0.9),2.88,0.6995
MMR(0.9),2.89,0.6994
MMR(0.9),2.9,0.6994
MMR(0.9),2.91,0.6994
MMR(0.9),2.92,0.6993
MMR(0.9),2.93,0.6993
MMR(0.9),2.94,0.6995
MMR(0.9),2.95,0.6996
MMR(0.9),2.96,0.6995
MMR(0.9),2.97,0.6995
MMR(0.9),2.98,0.6996
MMR(0.9),2.99,0.6996
MMR(0.9),3.0,0.6995
MMR(0.9),3.01,0.6996
MMR(0.9),3.02,0.6997
MMR(0.9),3.03,0.6997
MMR(0.9),3.04,0.6996
MMR(0.9),3.05,0.6997
MMR(0.9),3.06,0.6996
MMR(0.9),3.07,0.6997
MMR(0.9),3.08,0.6997
MMR(0.9),3.09,0.6997
MMR(0.9),3.1,0.6995
MMR(0.9),3.11,0.6995
MMR(0.9),3.12,0.6994
MMR(0.9),3.13,0.6993
MMR(0.9),3.14,0.6993
MMR(0.9),3.15,0.6993
MMR(0.9),3.16,0.6993
MMR(0.9),3.17,0.6993
MMR(0.9),3.18,0.6993
MMR(0.9),3.19,0.6993
MMR(0.9),3.2,0.6993
MMR(0.9),3.21,0.6993
MMR(0.9),3.22,0.6992
MMR(0.9),3.23,0.6991
MMR(0.9),3.24,0.6991
MMR(0.9),3.25,0.6989
MMR(0.9),3.26,0.6991
MMR(0.9),3.27,0.6991
MMR(0.9),3.28,0.6991
MMR(0.9),3.29,0.6991
MMR(0.9),3.3,0.6991
MMR(0.9),3.31,0.6991
MMR(0.9),3.32,0.6991
MMR(0.9),3.33,0.6991
MMR(0.9),3.34,0.6991
MMR(0.9),3.35,0.699
MMR(0.9),3.36,0.699
MMR(0.9),3.37,0.699
MMR(0.9),3.38,0.699
MMR(0.9),3.39,0.699
MMR(0.9),3.4,0.699
MMR(0.9),3.41,0.699
MMR(0.9),3.42,0.699
MMR(0.9),3.43,0.699
MMR(0.9),3.44,0.6989
MMR(0.9),3.45,0.6989
MMR(0.9),3.46,0.6989
MMR(0.9),3.47,0.6989
MMR(0.9),3.48,0.6988
MMR(0.9),3.49,0.6988
MMR(0.9),3.5,0.6988
MMR(0.9),3.51,0.6991
MMR(0.9),3.52,0.6991
MMR(0.9),3.53,0.6991
MMR(0.9),3.54,0.699
MMR(0.9),3.55,0.699
MMR(0.9),3.56,0.699
MMR(0.9),3.57,0.699
MMR(0.9),3.58,0.699
MMR(0.9),3.59,0.699
MMR(0.9),3.6,0.699
MMR(0.9),3.61,0.699
MMR(0.9),3.62,0.699
MMR(0.9),3.63,0.699
MMR(0.9),3.64,0.699
MMR(0.9),3.65,0.6989
MMR(0.9),3.66,0.6989
MMR(0.9),3.67,0.6989
MMR(0.9),3.68,0.6989
MMR(0.9),3.69,0.6989
MMR(0.9),3.7,0.6989
MMR(0.9),3.71,0.6989
MMR(0.9),3.72,0.6989
MMR(0.9),3.73,0.6989
MMR(0.9),3.74,0.6989
MMR(0.9),3.75,0.6989
MMR(0.9),3.76,0.6989
MMR(0.9),3.77,0.6989
MMR(0.9),3.78,0.6989
MMR(0.9),3.79,0.6989
MMR(0.9),3.8,0.6989
MMR(0.9),3.81,0.6989
MMR(0.9),3.83,0.6989
MMR(0.9),3.87,0.6989
MMR(0.9),3.88,0.6989
MMR(0.9),3.89,0.6989
MMR(0.9),3.92,0.6989
MMR(0.9),3.95,0.6989
MMR(0.9),3.96,0.6989
Maxmin,0.99,0.6231
Maxmin,1.0,0.6231
Maxmin,1.01,0.6275
Maxmin,1.02,0.6284
Maxmin,1.03,0.6294
Maxmin,1.04,0.6302
Maxmin,1.05,0.6311
Maxmin,1.06,0.6321
Maxmin,1.07,0.6325
Maxmin,1.08,0.6329
Maxmin,1.09,0.6333
Maxmin,1.1,0.6334
Maxmin,1.11,0.6337
Maxmin,1.12,0.6338
Maxmin,1.13,0.6339
Maxmin,1.14,0.634
Maxmin,1.15,0.634
Maxmin,1.16,0.634
Maxmin,1.17,0.6339
Maxmin,1.18,0.6338
Maxmin,1.19,0.6338
Maxmin,1.2,0.6333
Maxmin,1.21,0.6332
Maxmin,1.22,0.6332
Maxmin,1.23,0.6332
Maxmin,1.24,0.6329
Maxmin,1.25,0.6328
Maxmin,1.26,0.6319
Maxmin,1.27,0.6319
Maxmin,1.28,0.6317
Maxmin,1.29,0.6315
Maxmin,1.3,0.6313
Maxmin,1.31,0.6311
Maxmin,1.32,0.6308
Maxmin,1.33,0.63
Maxmin,1.34,0.6294
Maxmin,1.35,0.629
Maxmin,1.36,0.6289
Maxmin,1.37,0.6277
Maxmin,1.38,0.6266
Maxmin,1.39,0.626
Maxmin,1.4,0.6253
Maxmin,1.41,0.6244
Maxmin,1.42,0.6229
Maxmin,1.43,0.6217
Maxmin,1.44,0.6206
Maxmin,1.45,0.6196
Maxmin,1.46,0.6178
Maxmin,1.47,0.6168
Maxmin,1.48,0.6157
Maxmin,1.49,0.6136
Maxmin,1.5,0.6105
Maxmin,1.51,0.6084
Maxmin,1.52,0.6067
Maxmin,1.53,0.6054
Maxmin,1.54,0.6038
Maxmin,1.55,0.6021
Maxmin,1.56,0.6003
Maxmin,1.57,0.5983
Maxmin,1.58,0.597
Maxmin,1.59,0.596
Maxmin,1.6,0.5951
Maxmin,1.61,0.5938
Maxmin,1.62,0.5926
Maxmin,1.63,0.5915
Maxmin,1.64,0.5906
Maxmin,1.65,0.5893
Maxmin,1.66,0.5883
Maxmin,1.67,0.5876
Maxmin,1.68,0.587
Maxmin,1.69,0.5861
Maxmin,1.7,0.5852
Maxmin,1.71,0.5844
Maxmin,1.72,0.5837
Maxmin,1.73,0.5822
Maxmin,1.74,0.5801
Maxmin,1.75,0.5789
Maxmin,1.76,0.5779
Maxmin,1.77,0.5763
Maxmin,1.78,0.5751
Maxmin,1.79,0.5736
Maxmin,1.8,0.5726
Maxmin,1.81,0.5716
Maxmin,1.82,0.5699
Maxmin,1.83,0.5686
Maxmin,1.84,0.5677
Maxmin,1.85,0.5668
Maxmin,1.86,0.5662
Maxmin,1.87,0.5649
Maxmin,1.88,0.5639
Maxmin,1.89,0.5629
Maxmin,1.9,0.5622
Maxmin,1.91,0.5615
Maxmin,1.92,0.5613
Maxmin,1.93,0.5607
Maxmin,1.94,0.5605
Maxmin,1.95,0.56
Maxmin,1.96,0.5599
Maxmin,1.97,0.5595
Maxmin,1.98,0.5591
Maxmin,1.99,0.5589
Maxmin,2.0,0.5584
Maxmin,2.01,0.558
Maxmin,2.02,0.5575
Maxmin,2.03,0.5572
Maxmin,2.04,0.5568
Maxmin,2.05,0.5563
Maxmin,2.06,0.5556
Maxmin,2.07,0.5552
Maxmin,2.08,0.555
Maxmin,2.09,0.5543
Maxmin,2.1,0.5541
Maxmin,2.11,0.5535
Maxmin,2.12,0.5533
Maxmin,2.13,0.5531
Maxmin,2.14,0.5525
Maxmin,2.15,0.5521
Maxmin,2.16,0.5515
Maxmin,2.17,0.5512
Maxmin,2.18,0.5508
Maxmin,2.19,0.5502
Maxmin,2.2,0.5497
Maxmin,2.21,0.5495
Maxmin,2.22,0.5491
Maxmin,2.23,0.5489
Maxmin,2.24,0.5483
Maxmin,2.25,0.5482
Maxmin,2.26,0.5477
Maxmin,2.27,0.5474
Maxmin,2.28,0.547
Maxmin,2.29,0.5467
Maxmin,2.3,0.5466
Maxmin,2.31,0.5458
Maxmin,2.32,0.5458
Maxmin,2.33,0.5457
Maxmin,2.34,0.5452
Maxmin,2.35,0.5451
Maxmin,2.36,0.5448
Maxmin,2.37,0.5446
Maxmin,2.38,0.5445
Maxmin,2.39,0.5443
Maxmin,2.4,0.5439
Maxmin,2.41,0.5438
Maxmin,2.42,0.5433
Maxmin,2.43,0.5429
Maxmin,2.44,0.5427
Maxmin,2.45,0.5423
Maxmin,2.46,0.5417
Maxmin,2.47,0.5411
Maxmin,2.48,0.5409
Maxmin,2.49,0.5407
Maxmin,2.5,0.5402
Maxmin,2.51,0.54
Maxmin,2.52,0.5396
Maxmin,2.53,0.539
Maxmin,2.54,0.5387
Maxmin,2.55,0.5384
Maxmin,2.56,0.5379
Maxmin,2.57,0.5375
Maxmin,2.58,0.5373
Maxmin,2.59,0.5371
Maxmin,2.6,0.5367
Maxmin,2.61,0.5367
Maxmin,2.62,0.5365
Maxmin,2.63,0.5364
Maxmin,2.64,0.5361
Maxmin,2.65,0.5354
Maxmin,2.66,0.5352
Maxmin,2.67,0.5342
Maxmin,2.68,0.5339
Maxmin,2.69,0.5332
Maxmin,2.7,0.533
Maxmin,2.71,0.5325
Maxmin,2.72,0.5318
Maxmin,2.73,0.5312
Maxmin,2.74,0.5308
Maxmin,2.75,0.5302
Maxmin,2.76,0.5298
Maxmin,2.77,0.5293
Maxmin,2.78,0.5288
Maxmin,2.79,0.5285
Maxmin,2.8,0.5274
Maxmin,2.81,0.5272
Maxmin,2.82,0.5266
Maxmin,2.83,0.5262
Maxmin,2.84,0.5255
Maxmin,2.85,0.5248
Maxmin,2.86,0.5247
Maxmin,2.87,0.5239
Maxmin,2.88,0.5233
Maxmin,2.89,0.5226
Maxmin,2.9,0.5221
Maxmin,2.91,0.5215
Maxmin,2.92,0.5207
Maxmin,2.93,0.5205
Maxmin,2.94,0.5196
Maxmin,2.95,0.5189
Maxmin,2.96,0.518
Maxmin,2.97,0.517
Maxmin,2.98,0.5163
Maxmin,2.99,0.5155
Maxmin,3.0,0.5143
Maxmin,3.01,0.5138
Maxmin,3.02,0.5132
Maxmin,3.03,0.5128
Maxmin,3.04,0.5122
Maxmin,3.05,0.5114
Maxmin,3.06,0.5109
Maxmin,3.07,0.5105
Maxmin,3.08,0.5101
Maxmin,3.09,0.5093
Maxmin,3.1,0.5084
Maxmin,3.11,0.5074
Maxmin,3.12,0.5067
Maxmin,3.13,0.5062
Maxmin,3.14,0.5056
Maxmin,3.15,0.5048
Maxmin,3.16,0.504
Maxmin,3.17,0.5029
Maxmin,3.18,0.5026
Maxmin,3.19,0.502
Maxmin,3.2,0.5011
Maxmin,3.21,0.5001
Maxmin,3.22,0.4992
Maxmin,3.23,0.4982
Maxmin,3.24,0.4974
Maxmin,3.25,0.497
Maxmin,3.26,0.4965
Maxmin,3.27,0.4954
Maxmin,3.28,0.4949
Maxmin,3.29,0.4937
Maxmin,3.3,0.4928
Maxmin,3.31,0.492
Maxmin,3.32,0.4912
Maxmin,3.33,0.4905
Maxmin,3.34,0.4899
Maxmin,3.35,0.4893
Maxmin,3.36,0.4887
Maxmin,3.37,0.488
Maxmin,3.38,0.4877
Maxmin,3.39,0.4868
Maxmin,3.4,0.4863
Maxmin,3.41,0.4855
Maxmin,3.42,0.4849
Maxmin,3.43,0.4842
Maxmin,3.44,0.4834
Maxmin,3.45,0.4829
Maxmin,3.46,0.4826
Maxmin,3.47,0.4823
Maxmin,3.48,0.4814
Maxmin,3.49,0.4806
Maxmin,3.5,0.4799
Maxmin,3.51,0.4797
Maxmin,3.52,0.4795
Maxmin,3.53,0.4789
Maxmin,3.54,0.4783
Maxmin,3.55,0.4778
Maxmin,3.56,0.4768
Maxmin,3.57,0.4762
Maxmin,3.58,0.4762
Maxmin,3.59,0.4759
Maxmin,3.6,0.4757
Maxmin,3.61,0.4755
Maxmin,3.62,0.4751
Maxmin,3.63,0.4749
Maxmin,3.64,0.4748
Maxmin,3.65,0.4742
Maxmin,3.66,0.4742
Maxmin,3.67,0.4742
Maxmin,3.68,0.4741
Maxmin,3.69,0.474
Maxmin,3.7,0.4739
Maxmin,3.71,0.4739
Maxmin,3.72,0.4738
Maxmin,3.73,0.4737
Maxmin,3.74,0.4735
Maxmin,3.75,0.4734
Maxmin,3.76,0.4732
Maxmin,3.77,0.4732
Maxmin,3.78,0.473
Maxmin,3.79,0.473
Maxmin,3.8,0.473
Maxmin,3.81,0.473
Maxmin,3.83,0.473
Maxmin,3.87,0.4729
Maxmin,3.88,0.4727
Maxmin,3.89,0.4727
Maxmin,3.92,0.4726
Maxmin,3.95,0.4726
Maxmin,3.96,0.4726
Greedy-DPP,0.99,0.6231
Greedy-DPP,1.0,0.6231
Greedy-DPP,1.01,0.6644
Greedy-DPP,1.02,0.6716
Greedy-DPP,1.03,0.6817
Greedy-DPP,1.04,0.6901
Greedy-DPP,1.05,0.6998
Greedy-DPP,1.06,0.7084
Greedy-DPP,1.07,0.7151
Greedy-DPP,1.08,0.7201
Greedy-DPP,1.09,0.7239
Greedy-DPP,1.1,0.7263
Greedy-DPP,1.11,0.7288
Greedy-DPP,1.12,0.7301
Greedy-DPP,1.13,0.7306
Greedy-DPP,1.14,0.7308
Greedy-DPP,1.15,0.7312
Greedy-DPP,1.16,0.7313
Greedy-DPP,1.17,0.7314
Greedy-DPP,1.18,0.7314
Greedy-DPP,1.19,0.7314
Greedy-DPP,1.2,0.7311
Greedy-DPP,1.21,0.731
Greedy-DPP,1.22,0.731
Greedy-DPP,1.23,0.7311
Greedy-DPP,1.24,0.7311
Greedy-DPP,1.25,0.731
Greedy-DPP,1.26,0.7305
Greedy-DPP,1.27,0.7303
Greedy-DPP,1.28,0.7302
Greedy-DPP,1.29,0.7303
Greedy-DPP,1.3,0.7302
Greedy-DPP,1.31,0.7302
Greedy-DPP,1.32,0.7302
Greedy-DPP,1.33,0.7299
Greedy-DPP,1.34,0.7297
Greedy-DPP,1.35,0.7293
Greedy-DPP,1.36,0.7294
Greedy-DPP,1.37,0.7288
Greedy-DPP,1.38,0.7282
Greedy-DPP,1.39,0.7278
Greedy-DPP,1.4,0.7278
Greedy-DPP,1.41,0.727
Greedy-DPP,1.42,0.7263
Greedy-DPP,1.43,0.7256
Greedy-DPP,1.44,0.7256
Greedy-DPP,1.45,0.7254
Greedy-DPP,1.46,0.7255
Greedy-DPP,1.47,0.7253
Greedy-DPP,1.48,0.7255
Greedy-DPP,1.49,0.7254
Greedy-DPP,1.5,0.7248
Greedy-DPP,1.51,0.7249
Greedy-DPP,1.52,0.7251
Greedy-DPP,1.53,0.7252
Greedy-DPP,1.54,0.7249
Greedy-DPP,1.55,0.7248
Greedy-DPP,1.56,0.7252
Greedy-DPP,1.57,0.7251
Greedy-DPP,1.58,0.7254
Greedy-DPP,1.59,0.7255
Greedy-DPP,1.6,0.7255
Greedy-DPP,1.61,0.7259
Greedy-DPP,1.62,0.7257
Greedy-DPP,1.63,0.7258
Greedy-DPP,1.64,0.7257
Greedy-DPP,1.65,0.7257
Greedy-DPP,1.66,0.7257
Greedy-DPP,1.67,0.7257
Greedy-DPP,1.68,0.7258
Greedy-DPP,1.69,0.7257
Greedy-DPP,1.7,0.7257
Greedy-DPP,1.71,0.7256
Greedy-DPP,1.72,0.7257
Greedy-DPP,1.73,0.7253
Greedy-DPP,1.74,0.725
Greedy-DPP,1.75,0.7248
Greedy-DPP,1.76,0.725
Greedy-DPP,1.77,0.7249
Greedy-DPP,1.78,0.7249
Greedy-DPP,1.79,0.7246
Greedy-DPP,1.8,0.7247
Greedy-DPP,1.81,0.7248
Greedy-DPP,1.82,0.7246
Greedy-DPP,1.83,0.7246
Greedy-DPP,1.84,0.7245
Greedy-DPP,1.85,0.7244
Greedy-DPP,1.86,0.7245
Greedy-DPP,1.87,0.7246
Greedy-DPP,1.88,0.7246
Greedy-DPP,1.89,0.7244
Greedy-DPP,1.9,0.7244
Greedy-DPP,1.91,0.7245
Greedy-DPP,1.92,0.7246
Greedy-DPP,1.93,0.7245
Greedy-DPP,1.94,0.7246
Greedy-DPP,1.95,0.7249
Greedy-DPP,1.96,0.7249
Greedy-DPP,1.97,0.7248
Greedy-DPP,1.98,0.7247
Greedy-DPP,1.99,0.7248
Greedy-DPP,2.0,0.7247
Greedy-DPP,2.01,0.7245
Greedy-DPP,2.02,0.7243
Greedy-DPP,2.03,0.7245
Greedy-DPP,2.04,0.7246
Greedy-DPP,2.05,0.7244
Greedy-DPP,2.06,0.7244
Greedy-DPP,2.07,0.7246
Greedy-DPP,2.08,0.7246
Greedy-DPP,2.09,0.7245
Greedy-DPP,2.1,0.7244
Greedy-DPP,2.11,0.7242
Greedy-DPP,2.12,0.7242
Greedy-DPP,2.13,0.7245
Greedy-DPP,2.14,0.7245
Greedy-DPP,2.15,0.7246
Greedy-DPP,2.16,0.7245
Greedy-DPP,2.17,0.7245
Greedy-DPP,2.18,0.7244
Greedy-DPP,2.19,0.7243
Greedy-DPP,2.2,0.7244
Greedy-DPP,2.21,0.7244
Greedy-DPP,2.22,0.7244
Greedy-DPP,2.23,0.7244
Greedy-DPP,2.24,0.7244
Greedy-DPP,2.25,0.7244
Greedy-DPP,2.26,0.7244
Greedy-DPP,2.27,0.7244
Greedy-DPP,2.28,0.7243
Greedy-DPP,2.29,0.7244
Greedy-DPP,2.3,0.7244
Greedy-DPP,2.31,0.7243
Greedy-DPP,2.32,0.7242
Greedy-DPP,2.33,0.724
Greedy-DPP,2.34,0.7238
Greedy-DPP,2.35,0.7238
Greedy-DPP,2.36,0.7236
Greedy-DPP,2.37,0.7234
Greedy-DPP,2.38,0.7234
Greedy-DPP,2.39,0.7232
Greedy-DPP,2.4,0.7231
Greedy-DPP,2.41,0.723
Greedy-DPP,2.42,0.7226
Greedy-DPP,2.43,0.7224
Greedy-DPP,2.44,0.7223
Greedy-DPP,2.45,0.7223
Greedy-DPP,2.46,0.7221
Greedy-DPP,2.47,0.7218
Greedy-DPP,2.48,0.7218
Greedy-DPP,2.49,0.7218
Greedy-DPP,2.5,0.7215
Greedy-DPP,2.51,0.7215
Greedy-DPP,2.52,0.7212
Greedy-DPP,2.53,0.7209
Greedy-DPP,2.54,0.7209
Greedy-DPP,2.55,0.7207
Greedy-DPP,2.56,0.7204
Greedy-DPP,2.57,0.7202
Greedy-DPP,2.58,0.7202
Greedy-DPP,2.59,0.7201
Greedy-DPP,2.6,0.7199
Greedy-DPP,2.61,0.7202
Greedy-DPP,2.62,0.7201
Greedy-DPP,2.63,0.7201
Greedy-DPP,2.64,0.7199
Greedy-DPP,2.65,0.7197
Greedy-DPP,2.66,0.7197
Greedy-DPP,2.67,0.7195
Greedy-DPP,2.68,0.7194
Greedy-DPP,2.69,0.7193
Greedy-DPP,2.7,0.7196
Greedy-DPP,2.71,0.7195
Greedy-DPP,2.72,0.719
Greedy-DPP,2.73,0.7186
Greedy-DPP,2.74,0.7184
Greedy-DPP,2.75,0.7182
Greedy-DPP,2.76,0.7182
Greedy-DPP,2.77,0.7181
Greedy-DPP,2.78,0.7178
Greedy-DPP,2.79,0.718
Greedy-DPP,2.8,0.7174
Greedy-DPP,2.81,0.7174
Greedy-DPP,2.82,0.7172
Greedy-DPP,2.83,0.7171
Greedy-DPP,2.84,0.7171
Greedy-DPP,2.85,0.7169
Greedy-DPP,2.86,0.7167
Greedy-DPP,2.87,0.7164
Greedy-DPP,2.88,0.7159
Greedy-DPP,2.89,0.7156
Greedy-DPP,2.9,0.7156
Greedy-DPP,2.91,0.7154
Greedy-DPP,2.92,0.7151
Greedy-DPP,2.93,0.7151
Greedy-DPP,2.94,0.7152
Greedy-DPP,2.95,0.715
Greedy-DPP,2.96,0.7147
Greedy-DPP,2.97,0.7144
Greedy-DPP,2.98,0.7141
Greedy-DPP,2.99,0.7136
Greedy-DPP,3.0,0.7133
Greedy-DPP,3.01,0.7132
Greedy-DPP,3.02,0.7132
Greedy-DPP,3.03,0.7131
Greedy-DPP,3.04,0.7128
Greedy-DPP,3.05,0.7126
Greedy-DPP,3.06,0.7124
Greedy-DPP,3.07,0.7125
Greedy-DPP,3.08,0.7124
Greedy-DPP,3.09,0.7121
Greedy-DPP,3.1,0.7116
Greedy-DPP,3.11,0.7115
Greedy-DPP,3.12,0.7111
Greedy-DPP,3.13,0.7109
Greedy-DPP,3.14,0.7107
Greedy-DPP,3.15,0.7103
Greedy-DPP,3.16,0.7097
Greedy-DPP,3.17,0.7094
Greedy-DPP,3.18,0.7092
Greedy-DPP,3.19,0.709
Greedy-DPP,3.2,0.7088
Greedy-DPP,3.21,0.7084
Greedy-DPP,3.22,0.7083
Greedy-DPP,3.23,0.7082
Greedy-DPP,3.24,0.708
Greedy-DPP,3.25,0.7078
Greedy-DPP,3.26,0.7079
Greedy-DPP,3.27,0.708
Greedy-DPP,3.28,0.7078
Greedy-DPP,3.29,0.7074
Greedy-DPP,3.3,0.7073
Greedy-DPP,3.31,0.7072
Greedy-DPP,3.32,0.707
Greedy-DPP,3.33,0.7069
Greedy-DPP,3.34,0.7066
Greedy-DPP,3.35,0.7063
Greedy-DPP,3.36,0.7062
Greedy-DPP,3.37,0.7061
Greedy-DPP,3.38,0.706
Greedy-DPP,3.39,0.7057
Greedy-DPP,3.4,0.7056
Greedy-DPP,3.41,0.7055
Greedy-DPP,3.42,0.7054
Greedy-DPP,3.43,0.7052
Greedy-DPP,3.44,0.705
Greedy-DPP,3.45,0.7049
Greedy-DPP,3.46,0.7048
Greedy-DPP,3.47,0.7047
Greedy-DPP,3.48,0.7046
Greedy-DPP,3.49,0.7046
Greedy-DPP,3.5,0.7044
Greedy-DPP,3.51,0.7049
Greedy-DPP,3.52,0.7049
Greedy-DPP,3.53,0.7048
Greedy-DPP,3.54,0.7047
Greedy-DPP,3.55,0.7047
Greedy-DPP,3.56,0.7047
Greedy-DPP,3.57,0.7045
Greedy-DPP,3.58,0.7045
Greedy-DPP,3.59,0.7046
Greedy-DPP,3.6,0.7046
Greedy-DPP,3.61,0.7045
Greedy-DPP,3.62,0.7045
Greedy-DPP,3.63,0.7044
Greedy-DPP,3.64,0.7044
Greedy-DPP,3.65,0.7042
Greedy-DPP,3.66,0.7042
Greedy-DPP,3.67,0.7042
Greedy-DPP,3.68,0.7042
Greedy-DPP,3.69,0.7042
Greedy-DPP,3.7,0.7042
Greedy-DPP,3.71,0.7042
Greedy-DPP,3.72,0.7042
Greedy-DPP,3.73,0.7042
Greedy-DPP,3.74,0.7042
Greedy-DPP,3.75,0.7041
Greedy-DPP,3.76,0.7041
Greedy-DPP,3.77,0.7041
Greedy-DPP,3.78,0.7041
Greedy-DPP,3.79,0.7041
Greedy-DPP,3.8,0.7041
Greedy-DPP,3.81,0.7041
Greedy-DPP,3.83,0.7041
Greedy-DPP,3.87,0.7041
Greedy-DPP,3.88,0.7041
Greedy-DPP,3.89,0.7041
Greedy-DPP,3.92,0.7041
Greedy-DPP,3.95,0.7041
Greedy-DPP,3.96,0.7041
RNG(-0.3),0.99,0.6231
RNG(-0.3),1.0,0.6231
RNG(-0.3),1.01,0.6268
RNG(-0.3),1.02,0.6325
RNG(-0.3),1.03,0.6415
RNG(-0.3),1.04,0.6495
RNG(-0.3),1.05,0.6583
RNG(-0.3),1.06,0.6672
RNG(-0.3),1.07,0.6745
RNG(-0.3),1.08,0.6797
RNG(-0.3),1.09,0.6833
RNG(-0.3),1.1,0.6861
RNG(-0.3),1.11,0.6883
RNG(-0.3),1.12,0.6899
RNG(-0.3),1.13,0.6904
RNG(-0.3),1.14,0.6907
RNG(-0.3),1.15,0.6911
RNG(-0.3),1.16,0.6914
RNG(-0.3),1.17,0.6914
RNG(-0.3),1.18,0.6916
RNG(-0.3),1.19,0.6916
RNG(-0.3),1.2,0.6918
RNG(-0.3),1.21,0.6918
RNG(-0.3),1.22,0.6918
RNG(-0.3),1.23,0.6918
RNG(-0.3),1.24,0.6918
RNG(-0.3),1.25,0.6918
RNG(-0.3),1.26,0.6918
RNG(-0.3),1.27,0.6918
RNG(-0.3),1.28,0.6918
RNG(-0.3),1.29,0.6919
RNG(-0.3),1.3,0.692
RNG(-0.3),1.31,0.6922
RNG(-0.3),1.32,0.6922
RNG(-0.3),1.33,0.6924
RNG(-0.3),1.34,0.6926
RNG(-0.3),1.35,0.6926
RNG(-0.3),1.36,0.6926
RNG(-0.3),1.37,0.6926
RNG(-0.3),1.38,0.6929
RNG(-0.3),1.39,0.693
RNG(-0.3),1.4,0.6932
RNG(-0.3),1.41,0.6934
RNG(-0.3),1.42,0.6935
RNG(-0.3),1.43,0.6937
RNG(-0.3),1.44,0.6941
RNG(-0.3),1.45,0.6941
RNG(-0.3),1.46,0.6944
RNG(-0.3),1.47,0.6947
RNG(-0.3),1.48,0.6949
RNG(-0.3),1.49,0.6953
RNG(-0.3),1.5,0.6958
RNG(-0.3),1.51,0.6961
RNG(-0.3),1.52,0.6966
RNG(-0.3),1.53,0.697
RNG(-0.3),1.54,0.6972
RNG(-0.3),1.55,0.6974
RNG(-0.3),1.56,0.6979
RNG(-0.3),1.57,0.6984
RNG(-0.3),1.58,0.6989
RNG(-0.3),1.59,0.6995
RNG(-0.3),1.6,0.6998
RNG(-0.3),1.61,0.7005
RNG(-0.3),1.62,0.7008
RNG(-0.3),1.63,0.7016
RNG(-0.3),1.64,0.7018
RNG(-0.3),1.65,0.702
RNG(-0.3),1.66,0.7024
RNG(-0.3),1.67,0.7024
RNG(-0.3),1.68,0.7026
RNG(-0.3),1.69,0.7027
RNG(-0.3),1.7,0.7028
RNG(-0.3),1.71,0.703
RNG(-0.3),1.72,0.7031
RNG(-0.3),1.73,0.703
RNG(-0.3),1.74,0.703
RNG(-0.3),1.75,0.7031
RNG(-0.3),1.76,0.7032
RNG(-0.3),1.77,0.7032
RNG(-0.3),1.78,0.7034
RNG(-0.3),1.79,0.7034
RNG(-0.3),1.8,0.7036
RNG(-0.3),1.81,0.7038
RNG(-0.3),1.82,0.7039
RNG(-0.3),1.83,0.704
RNG(-0.3),1.84,0.704
RNG(-0.3),1.85,0.704
RNG(-0.3),1.86,0.704
RNG(-0.3),1.87,0.7041
RNG(-0.3),1.88,0.7041
RNG(-0.3),1.89,0.7043
RNG(-0.3),1.9,0.7045
RNG(-0.3),1.91,0.7046
RNG(-0.3),1.92,0.7045
RNG(-0.3),1.93,0.7045
RNG(-0.3),1.94,0.7046
RNG(-0.3),1.95,0.7047
RNG(-0.3),1.96,0.7048
RNG(-0.3),1.97,0.7048
RNG(-0.3),1.98,0.7049
RNG(-0.3),1.99,0.7049
RNG(-0.3),2.0,0.7049
RNG(-0.3),2.01,0.705
RNG(-0.3),2.02,0.705
RNG(-0.3),2.03,0.7051
RNG(-0.3),2.04,0.7053
RNG(-0.3),2.05,0.7053
RNG(-0.3),2.06,0.7055
RNG(-0.3),2.07,0.7058
RNG(-0.3),2.08,0.7059
RNG(-0.3),2.09,0.7059
RNG(-0.3),2.1,0.7061
RNG(-0.3),2.11,0.7061
RNG(-0.3),2.12,0.7061
RNG(-0.3),2.13,0.7062
RNG(-0.3),2.14,0.7063
RNG(-0.3),2.15,0.7064
RNG(-0.3),2.16,0.7064
RNG(-0.3),2.17,0.7064
RNG(-0.3),2.18,0.7065
RNG(-0.3),2.19,0.7065
RNG(-0.3),2.2,0.7066
RNG(-0.3),2.21,0.7068
RNG(-0.3),2.22,0.7069
RNG(-0.3),2.23,0.707
RNG(-0.3),2.24,0.707
RNG(-0.3),2.25,0.7071
RNG(-0.3),2.26,0.7072
RNG(-0.3),2.27,0.7072
RNG(-0.3),2.28,0.7072
RNG(-0.3),2.29,0.7072
RNG(-0.3),2.3,0.7073
RNG(-0.3),2.31,0.7073
RNG(-0.3),2.32,0.7073
RNG(-0.3),2.33,0.7072
RNG(-0.3),2.34,0.7072
RNG(-0.3),2.35,0.7072
RNG(-0.3),2.36,0.7072
RNG(-0.3),2.37,0.7072
RNG(-0.3),2.38,0.7072
RNG(-0.3),2.39,0.7072
RNG(-0.3),2.4,0.7072
RNG(-0.3),2.41,0.7072
RNG(-0.3),2.42,0.7072
RNG(-0.3),2.43,0.7073
RNG(-0.3),2.44,0.7073
RNG(-0.3),2.45,0.7074
RNG(-0.3),2.46,0.7074
RNG(-0.3),2.47,0.7074
RNG(-0.3),2.48,0.7074
RNG(-0.3),2.49,0.7074
RNG(-0.3),2.5,0.7074
RNG(-0.3),2.51,0.7074
RNG(-0.3),2.52,0.7074
RNG(-0.3),2.53,0.7074
RNG(-0.3),2.54,0.7075
RNG(-0.3),2.55,0.7075
RNG(-0.3),2.56,0.7075
RNG(-0.3),2.57,0.7075
RNG(-0.3),2.58,0.7075
RNG(-0.3),2.59,0.7075
RNG(-0.3),2.6,0.7075
RNG(-0.3),2.61,0.7075
RNG(-0.3),2.62,0.7075
RNG(-0.3),2.63,0.7075
RNG(-0.3),2.64,0.7075
RNG(-0.3),2.65,0.7075
RNG(-0.3),2.66,0.7076
RNG(-0.3),2.67,0.7076
RNG(-0.3),2.68,0.7076
RNG(-0.3),2.69,0.7076
RNG(-0.3),2.7,0.7076
RNG(-0.3),2.71,0.7076
RNG(-0.3),2.72,0.7076
RNG(-0.3),2.73,0.7076
RNG(-0.3),2.74,0.7076
RNG(-0.3),2.75,0.7076
RNG(-0.3),2.76,0.7076
RNG(-0.3),2.77,0.7076
RNG(-0.3),2.78,0.7076
RNG(-0.3),2.79,0.7077
RNG(-0.3),2.8,0.7077
RNG(-0.3),2.81,0.7077
RNG(-0.3),2.82,0.7077
RNG(-0.3),2.83,0.7077
RNG(-0.3),2.84,0.7077
RNG(-0.3),2.85,0.7077
RNG(-0.3),2.86,0.7077
RNG(-0.3),2.87,0.7078
RNG(-0.3),2.88,0.7078
RNG(-0.3),2.89,0.7078
RNG(-0.3),2.9,0.7078
RNG(-0.3),2.91,0.7078
RNG(-0.3),2.92,0.7078
RNG(-0.3),2.93,0.7078
RNG(-0.3),2.94,0.7078
RNG(-0.3),2.95,0.7078
RNG(-0.3),2.96,0.7076
RNG(-0.3),2.97,0.7076
RNG(-0.3),2.98,0.7077
RNG(-0.3),2.99,0.7077
RNG(-0.3),3.0,0.7076
RNG(-0.3),3.01,0.7077
RNG(-0.3),3.02,0.7078
RNG(-0.3),3.03,0.7078
RNG(-0.3),3.04,0.7078
RNG(-0.3),3.05,0.7078
RNG(-0.3),3.06,0.7078
RNG(-0.3),3.07,0.7079
RNG(-0.3),3.08,0.7079
RNG(-0.3),3.09,0.7079
RNG(-0.3),3.1,0.7079
RNG(-0.3),3.11,0.7079
RNG(-0.3),3.12,0.7078
RNG(-0.3),3.13,0.7078
RNG(-0.3),3.14,0.7078
RNG(-0.3),3.15,0.7078
RNG(-0.3),3.16,0.7078
RNG(-0.3),3.17,0.7078
RNG(-0.3),3.18,0.7078
RNG(-0.3),3.19,0.7078
RNG(-0.3),3.2,0.7078
RNG(-0.3),3.21,0.7078
RNG(-0.3),3.22,0.7078
RNG(-0.3),3.23,0.7078
RNG(-0.3),3.24,0.7078
RNG(-0.3),3.25,0.7078
RNG(-0.3),3.26,0.7078
RNG(-0.3),3.27,0.7078
RNG(-0.3),3.28,0.7078
RNG(-0.3),3.29,0.7078
RNG(-0.3),3.3,0.7078
RNG(-0.3),3.31,0.7078
RNG(-0.3),3.32,0.7078
RNG(-0.3),3.33,0.7078
RNG(-0.3),3.34,0.7078
RNG(-0.3),3.35,0.7078
RNG(-0.3),3.36,0.7078
RNG(-0.3),3.37,0.7078
RNG(-0.3),3.38,0.7078
RNG(-0.3),3.39,0.7078
RNG(-0.3),3.4,0.7078
RNG(-0.3),3.41,0.7078
RNG(-0.3),3.42,0.7078
RNG(-0.3),3.43,0.7078
RNG(-0.3),3.44,0.7078
RNG(-0.3),3.45,0.7078
RNG(-0.3),3.46,0.7078
RNG(-0.3),3.47,0.7078
RNG(-0.3),3.48,0.7078
RNG(-0.3),3.49,0.7078
RNG(-0.3),3.5,0.7078
RNG(-0.3),3.51,0.7078
RNG(-0.3),3.52,0.7078
RNG(-0.3),3.53,0.7078
RNG(-0.3),3.54,0.7078
RNG(-0.3),3.55,0.7078
RNG(-0.3),3.56,0.7078
RNG(-0.3),3.57,0.7078
RNG(-0.3),3.58,0.7078
RNG(-0.3),3.59,0.7078
RNG(-0.3),3.6,0.7078
RNG(-0.3),3.61,0.7078
RNG(-0.3),3.62,0.7078
RNG(-0.3),3.63,0.7078
RNG(-0.3),3.64,0.7078
RNG(-0.3),3.65,0.7078
RNG(-0.3),3.66,0.7078
RNG(-0.3),3.67,0.7078
RNG(-0.3),3.68,0.7078
RNG(-0.3),3.69,0.7078
RNG(-0.3),3.7,0.7078
RNG(-0.3),3.71,0.7078
RNG(-0.3),3.72,0.7078
RNG(-0.3),3.73,0.7078
RNG(-0.3),3.74,0.7078
RNG(-0.3),3.75,0.7078
RNG(-0.3),3.76,0.7078
RNG(-0.3),3.77,0.7078
RNG(-0.3),3.78,0.7078
RNG(-0.3),3.79,0.7078
RNG(-0.3),3.8,0.7078
RNG(-0.3),3.81,0.7078
RNG(-0.3),3.83,0.7078
RNG(-0.3),3.87,0.7078
RNG(-0.3),3.88,0.7078
RNG(-0.3),3.89,0.7078
RNG(-0.3),3.92,0.7078
RNG(-0.3),3.95,0.7078
RNG(-0.3),3.96,0.7078
Seg(-0.3),0.99,0.6231
Seg(-0.3),1.0,0.6231
Seg(-0.3),1.01,0.6268
Seg(-0.3),1.02,0.6327
Seg(-0.3),1.03,0.6419
Seg(-0.3),1.04,0.6504
Seg(-0.3),1.05,0.6596
Seg(-0.3),1.06,0.6689
Seg(-0.3),1.07,0.6763
Seg(-0.3),1.08,0.6816
Seg(-0.3),1.09,0.6854
Seg(-0.3),1.1,0.6883
Seg(-0.3),1.11,0.6906
Seg(-0.3),1.12,0.6922
Seg(-0.3),1.13,0.6927
Seg(-0.3),1.14,0.693
Seg(-0.3),1.15,0.6934
Seg(-0.3),1.16,0.6937
Seg(-0.3),1.17,0.6938
Seg(-0.3),1.18,0.6939
Seg(-0.3),1.19,0.6939
Seg(-0.3),1.2,0.6941
Seg(-0.3),1.21,0.694
Seg(-0.3),1.22,0.694
Seg(-0.3),1.23,0.694
Seg(-0.3),1.24,0.694
Seg(-0.3),1.25,0.694
Seg(-0.3),1.26,0.694
Seg(-0.3),1.27,0.694
Seg(-0.3),1.28,0.6941
Seg(-0.3),1.29,0.6942
Seg(-0.3),1.3,0.6943
Seg(-0.3),1.31,0.6945
Seg(-0.3),1.32,0.6945
Seg(-0.3),1.33,0.6947
Seg(-0.3),1.34,0.6949
Seg(-0.3),1.35,0.6949
Seg(-0.3),1.36,0.6949
Seg(-0.3),1.37,0.6949
Seg(-0.3),1.38,0.6953
Seg(-0.3),1.39,0.6953
Seg(-0.3),1.4,0.6955
Seg(-0.3),1.41,0.6957
Seg(-0.3),1.42,0.6959
Seg(-0.3),1.43,0.696
Seg(-0.3),1.44,0.6964
Seg(-0.3),1.45,0.6965
Seg(-0.3),1.46,0.6968
Seg(-0.3),1.47,0.697
Seg(-0.3),1.48,0.6972
Seg(-0.3),1.49,0.6976
Seg(-0.3),1.5,0.6981
Seg(-0.3),1.51,0.6984
Seg(-0.3),1.52,0.6989
Seg(-0.3),1.53,0.6993
Seg(-0.3),1.54,0.6996
Seg(-0.3),1.55,0.6997
Seg(-0.3),1.56,0.7003
Seg(-0.3),1.57,0.7009
Seg(-0.3),1.58,0.7016
Seg(-0.3),1.59,0.7021
Seg(-0.3),1.6,0.7024
Seg(-0.3),1.61,0.7031
Seg(-0.3),1.62,0.7034
Seg(-0.3),1.63,0.7042
Seg(-0.3),1.64,0.7045
Seg(-0.3),1.65,0.7047
Seg(-0.3),1.66,0.7051
Seg(-0.3),1.67,0.7052
Seg(-0.3),1.68,0.7054
Seg(-0.3),1.69,0.7055
Seg(-0.3),1.7,0.7057
Seg(-0.3),1.71,0.7059
Seg(-0.3),1.72,0.706
Seg(-0.3),1.73,0.7057
Seg(-0.3),1.74,0.7055
Seg(-0.3),1.75,0.7057
Seg(-0.3),1.76,0.7058
Seg(-0.3),1.77,0.7058
Seg(-0.3),1.78,0.7059
Seg(-0.3),1.79,0.706
Seg(-0.3),1.8,0.7061
Seg(-0.3),1.81,0.7063
Seg(-0.3),1.82,0.7065
Seg(-0.3),1.83,0.7065
Seg(-0.3),1.84,0.7065
Seg(-0.3),1.85,0.7065
Seg(-0.3),1.86,0.7066
Seg(-0.3),1.87,0.7068
Seg(-0.3),1.88,0.7068
Seg(-0.3),1.89,0.707
Seg(-0.3),1.9,0.7072
Seg(-0.3),1.91,0.7073
Seg(-0.3),1.92,0.7074
Seg(-0.3),1.93,0.7074
Seg(-0.3),1.94,0.7074
Seg(-0.3),1.95,0.7076
Seg(-0.3),1.96,0.7076
Seg(-0.3),1.97,0.7076
Seg(-0.3),1.98,0.7077
Seg(-0.3),1.99,0.7077
Seg(-0.3),2.0,0.7078
Seg(-0.3),2.01,0.7078
Seg(-0.3),2.02,0.7078
Seg(-0.3),2.03,0.7079
Seg(-0.3),2.04,0.7081
Seg(-0.3),2.05,0.7082
Seg(-0.3),2.06,0.7083
Seg(-0.3),2.07,0.7086
Seg(-0.3),2.08,0.7087
Seg(-0.3),2.09,0.7088
Seg(-0.3),2.1,0.709
Seg(-0.3),2.11,0.709
Seg(-0.3),2.12,0.709
Seg(-0.3),2.13,0.709
Seg(-0.3),2.14,0.7092
Seg(-0.3),2.15,0.7093
Seg(-0.3),2.16,0.7093
Seg(-0.3),2.17,0.7093
Seg(-0.3),2.18,0.7094
Seg(-0.3),2.19,0.7094
Seg(-0.3),2.2,0.7095
Seg(-0.3),2.21,0.7097
Seg(-0.3),2.22,0.7097
Seg(-0.3),2.23,0.7098
Seg(-0.3),2.24,0.7098
Seg(-0.3),2.25,0.7099
Seg(-0.3),2.26,0.71
Seg(-0.3),2.27,0.71
Seg(-0.3),2.28,0.71
Seg(-0.3),2.29,0.71
Seg(-0.3),2.3,0.7101
Seg(-0.3),2.31,0.7101
Seg(-0.3),2.32,0.7101
Seg(-0.3),2.33,0.7101
Seg(-0.3),2.34,0.7101
Seg(-0.3),2.35,0.7101
Seg(-0.3),2.36,0.7101
Seg(-0.3),2.37,0.71
Seg(-0.3),2.38,0.7101
Seg(-0.3),2.39,0.7101
Seg(-0.3),2.4,0.7101
Seg(-0.3),2.41,0.7101
Seg(-0.3),2.42,0.7101
Seg(-0.3),2.43,0.7102
Seg(-0.3),2.44,0.7102
Seg(-0.3),2.45,0.7103
Seg(-0.3),2.46,0.7103
Seg(-0.3),2.47,0.7103
Seg(-0.3),2.48,0.7103
Seg(-0.3),2.49,0.7103
Seg(-0.3),2.5,0.7103
Seg(-0.3),2.51,0.7103
Seg(-0.3),2.52,0.7103
Seg(-0.3),2.53,0.7103
Seg(-0.3),2.54,0.7104
Seg(-0.3),2.55,0.7104
Seg(-0.3),2.56,0.7103
Seg(-0.3),2.57,0.7103
Seg(-0.3),2.58,0.7103
Seg(-0.3),2.59,0.7103
Seg(-0.3),2.6,0.7103
Seg(-0.3),2.61,0.7103
Seg(-0.3),2.62,0.7103
Seg(-0.3),2.63,0.7103
Seg(-0.3),2.64,0.7103
Seg(-0.3),2.65,0.7103
Seg(-0.3),2.66,0.7105
Seg(-0.3),2.67,0.7105
Seg(-0.3),2.68,0.7105
Seg(-0.3),2.69,0.7105
Seg(-0.3),2.7,0.7105
Seg(-0.3),2.71,0.7105
Seg(-0.3),2.72,0.7105
Seg(-0.3),2.73,0.7105
Seg(-0.3),2.74,0.7105
Seg(-0.3),2.75,0.7105
Seg(-0.3),2.76,0.7105
Seg(-0.3),2.77,0.7105
Seg(-0.3),2.78,0.7105
Seg(-0.3),2.79,0.7106
Seg(-0.3),2.8,0.7106
Seg(-0.3),2.81,0.7106
Seg(-0.3),2.82,0.7106
Seg(-0.3),2.83,0.7106
Seg(-0.3),2.84,0.7106
Seg(-0.3),2.85,0.7106
Seg(-0.3),2.86,0.7106
Seg(-0.3),2.87,0.7107
Seg(-0.3),2.88,0.7107
Seg(-0.3),2.89,0.7107
Seg(-0.3),2.9,0.7107
Seg(-0.3),2.91,0.7107
Seg(-0.3),2.92,0.7107
Seg(-0.3),2.93,0.7107
Seg(-0.3),2.94,0.7107
Seg(-0.3),2.95,0.7107
Seg(-0.3),2.96,0.7105
Seg(-0.3),2.97,0.7105
Seg(-0.3),2.98,0.7106
Seg(-0.3),2.99,0.7106
Seg(-0.3),3.0,0.7105
Seg(-0.3),3.01,0.7106
Seg(-0.3),3.02,0.7107
Seg(-0.3),3.03,0.7107
Seg(-0.3),3.04,0.7107
Seg(-0.3),3.05,0.7107
Seg(-0.3),3.06,0.7107
Seg(-0.3),3.07,0.7108
Seg(-0.3),3.08,0.7108
Seg(-0.3),3.09,0.7108
Seg(-0.3),3.1,0.7108
Seg(-0.3),3.11,0.7108
Seg(-0.3),3.12,0.7107
Seg(-0.3),3.13,0.7107
Seg(-0.3),3.14,0.7107
Seg(-0.3),3.15,0.7107
Seg(-0.3),3.16,0.7107
Seg(-0.3),3.17,0.7107
Seg(-0.3),3.18,0.7107
Seg(-0.3),3.19,0.7107
Seg(-0.3),3.2,0.7107
Seg(-0.3),3.21,0.7107
Seg(-0.3),3.22,0.7107
Seg(-0.3),3.23,0.7107
Seg(-0.3),3.24,0.7107
Seg(-0.3),3.25,0.7107
Seg(-0.3),3.26,0.7107
Seg(-0.3),3.27,0.7107
Seg(-0.3),3.28,0.7107
Seg(-0.3),3.29,0.7107
Seg(-0.3),3.3,0.7107
Seg(-0.3),3.31,0.7107
Seg(-0.3),3.32,0.7107
Seg(-0.3),3.33,0.7107
Seg(-0.3),3.34,0.7107
Seg(-0.3),3.35,0.7107
Seg(-0.3),3.36,0.7107
Seg(-0.3),3.37,0.7107
Seg(-0.3),3.38,0.7107
Seg(-0.3),3.39,0.7107
Seg(-0.3),3.4,0.7107
Seg(-0.3),3.41,0.7107
Seg(-0.3),3.42,0.7107
Seg(-0.3),3.43,0.7107
Seg(-0.3),3.44,0.7107
Seg(-0.3),3.45,0.7107
Seg(-0.3),3.46,0.7107
Seg(-0.3),3.47,0.7107
Seg(-0.3),3.48,0.7107
Seg(-0.3),3.49,0.7107
Seg(-0.3),3.5,0.7107
Seg(-0.3),3.51,0.7107
Seg(-0.3),3.52,0.7107
Seg(-0.3),3.53,0.7107
Seg(-0.3),3.54,0.7107
Seg(-0.3),3.55,0.7107
Seg(-0.3),3.56,0.7107
Seg(-0.3),3.57,0.7107
Seg(-0.3),3.58,0.7107
Seg(-0.3),3.59,0.7107
Seg(-0.3),3.6,0.7107
Seg(-0.3),3.61,0.7107
Seg(-0.3),3.62,0.7107
Seg(-0.3),3.63,0.7107
Seg(-0.3),3.64,0.7107
Seg(-0.3),3.65,0.7107
Seg(-0.3),3.66,0.7107
Seg(-0.3),3.67,0.7107
Seg(-0.3),3.68,0.7107
Seg(-0.3),3.69,0.7107
Seg(-0.3),3.7,0.7107
Seg(-0.3),3.71,0.7107
Seg(-0.3),3.72,0.7107
Seg(-0.3),3.73,0.7107
Seg(-0.3),3.74,0.7107
Seg(-0.3),3.75,0.7107
Seg(-0.3),3.76,0.7107
Seg(-0.3),3.77,0.7107
Seg(-0.3),3.78,0.7107
Seg(-0.3),3.79,0.7107
Seg(-0.3),3.8,0.7107
Seg(-0.3),3.81,0.7107
Seg(-0.3),3.83,0.7107
Seg(-0.3),3.87,0.7107
Seg(-0.3),3.88,0.7107
Seg(-0.3),3.89,0.7107
Seg(-0.3),3.92,0.7107
Seg(-0.3),3.95,0.7107
Seg(-0.3),3.96,0.7107
RNG(-0.2),0.99,0.6231
RNG(-0.2),1.0,0.6231
RNG(-0.2),1.01,0.6277
RNG(-0.2),1.02,0.6354
RNG(-0.2),1.03,0.6476
RNG(-0.2),1.04,0.6583
RNG(-0.2),1.05,0.6694
RNG(-0.2),1.06,0.6806
RNG(-0.2),1.07,0.6897
RNG(-0.2),1.08,0.6961
RNG(-0.2),1.09,0.7007
RNG(-0.2),1.1,0.7041
RNG(-0.2),1.11,0.7069
RNG(-0.2),1.12,0.7085
RNG(-0.2),1.13,0.7093
RNG(-0.2),1.14,0.7095
RNG(-0.2),1.15,0.71
RNG(-0.2),1.16,0.7103
RNG(-0.2),1.17,0.7104
RNG(-0.2),1.18,0.7105
RNG(-0.2),1.19,0.7105
RNG(-0.2),1.2,0.7106
RNG(-0.2),1.21,0.7105
RNG(-0.2),1.22,0.7105
RNG(-0.2),1.23,0.7105
RNG(-0.2),1.24,0.7106
RNG(-0.2),1.25,0.7106
RNG(-0.2),1.26,0.7106
RNG(-0.2),1.27,0.7105
RNG(-0.2),1.28,0.7107
RNG(-0.2),1.29,0.7108
RNG(-0.2),1.3,0.7109
RNG(-0.2),1.31,0.711
RNG(-0.2),1.32,0.7111
RNG(-0.2),1.33,0.7113
RNG(-0.2),1.34,0.7115
RNG(-0.2),1.35,0.7115
RNG(-0.2),1.36,0.7117
RNG(-0.2),1.37,0.7119
RNG(-0.2),1.38,0.7121
RNG(-0.2),1.39,0.7122
RNG(-0.2),1.4,0.7122
RNG(-0.2),1.41,0.7124
RNG(-0.2),1.42,0.7127
RNG(-0.2),1.43,0.7128
RNG(-0.2),1.44,0.7132
RNG(-0.2),1.45,0.7134
RNG(-0.2),1.46,0.7138
RNG(-0.2),1.47,0.7142
RNG(-0.2),1.48,0.7144
RNG(-0.2),1.49,0.7149
RNG(-0.2),1.5,0.7153
RNG(-0.2),1.51,0.7155
RNG(-0.2),1.52,0.716
RNG(-0.2),1.53,0.7165
RNG(-0.2),1.54,0.7169
RNG(-0.2),1.55,0.7171
RNG(-0.2),1.56,0.7177
RNG(-0.2),1.57,0.7184
RNG(-0.2),1.58,0.7191
RNG(-0.2),1.59,0.7197
RNG(-0.2),1.6,0.7201
RNG(-0.2),1.61,0.7209
RNG(-0.2),1.62,0.7213
RNG(-0.2),1.63,0.722
RNG(-0.2),1.64,0.7223
RNG(-0.2),1.65,0.7225
RNG(-0.2),1.66,0.7229
RNG(-0.2),1.67,0.7231
RNG(-0.2),1.68,0.7234
RNG(-0.2),1.69,0.7236
RNG(-0.2),1.7,0.7238
RNG(-0.2),1.71,0.724
RNG(-0.2),1.72,0.7242
RNG(-0.2),1.73,0.7239
RNG(-0.2),1.74,0.7237
RNG(-0.2),1.75,0.7238
RNG(-0.2),1.76,0.724
RNG(-0.2),1.77,0.724
RNG(-0.2),1.78,0.7242
RNG(-0.2),1.79,0.7242
RNG(-0.2),1.8,0.7244
RNG(-0.2),1.81,0.7246
RNG(-0.2),1.82,0.7247
RNG(-0.2),1.83,0.7248
RNG(-0.2),1.84,0.7248
RNG(-0.2),1.85,0.7248
RNG(-0.2),1.86,0.7249
RNG(-0.2),1.87,0.7252
RNG(-0.2),1.88,0.7254
RNG(-0.2),1.89,0.7255
RNG(-0.2),1.9,0.7257
RNG(-0.2),1.91,0.7259
RNG(-0.2),1.92,0.7259
RNG(-0.2),1.93,0.7259
RNG(-0.2),1.94,0.726
RNG(-0.2),1.95,0.7261
RNG(-0.2),1.96,0.7262
RNG(-0.2),1.97,0.7262
RNG(-0.2),1.98,0.7263
RNG(-0.2),1.99,0.7263
RNG(-0.2),2.0,0.7263
RNG(-0.2),2.01,0.7263
RNG(-0.2),2.02,0.7263
RNG(-0.2),2.03,0.7265
RNG(-0.2),2.04,0.7267
RNG(-0.2),2.05,0.7268
RNG(-0.2),2.06,0.7269
RNG(-0.2),2.07,0.7272
RNG(-0.2),2.08,0.7273
RNG(-0.2),2.09,0.7273
RNG(-0.2),2.1,0.7275
RNG(-0.2),2.11,0.7275
RNG(-0.2),2.12,0.7275
RNG(-0.2),2.13,0.7277
RNG(-0.2),2.14,0.7278
RNG(-0.2),2.15,0.7279
RNG(-0.2),2.16,0.7279
RNG(-0.2),2.17,0.728
RNG(-0.2),2.18,0.7281
RNG(-0.2),2.19,0.7281
RNG(-0.2),2.2,0.7282
RNG(-0.2),2.21,0.7282
RNG(-0.2),2.22,0.7283
RNG(-0.2),2.23,0.7284
RNG(-0.2),2.24,0.7284
RNG(-0.2),2.25,0.7285
RNG(-0.2),2.26,0.7286
RNG(-0.2),2.27,0.7286
RNG(-0.2),2.28,0.7286
RNG(-0.2),2.29,0.7286
RNG(-0.2),2.3,0.7288
RNG(-0.2),2.31,0.7288
RNG(-0.2),2.32,0.7287
RNG(-0.2),2.33,0.7286
RNG(-0.2),2.34,0.7286
RNG(-0.2),2.35,0.7286
RNG(-0.2),2.36,0.7286
RNG(-0.2),2.37,0.7285
RNG(-0.2),2.38,0.7286
RNG(-0.2),2.39,0.7286
RNG(-0.2),2.4,0.7286
RNG(-0.2),2.41,0.7287
RNG(-0.2),2.42,0.7286
RNG(-0.2),2.43,0.7286
RNG(-0.2),2.44,0.7286
RNG(-0.2),2.45,0.7288
RNG(-0.2),2.46,0.7288
RNG(-0.2),2.47,0.7287
RNG(-0.2),2.48,0.7287
RNG(-0.2),2.49,0.7287
RNG(-0.2),2.5,0.7286
RNG(-0.2),2.51,0.7287
RNG(-0.2),2.52,0.7287
RNG(-0.2),2.53,0.7287
RNG(-0.2),2.54,0.7287
RNG(-0.2),2.55,0.7287
RNG(-0.2),2.56,0.7286
RNG(-0.2),2.57,0.7286
RNG(-0.2),2.58,0.7287
RNG(-0.2),2.59,0.7287
RNG(-0.2),2.6,0.7287
RNG(-0.2),2.61,0.7287
RNG(-0.2),2.62,0.7287
RNG(-0.2),2.63,0.7287
RNG(-0.2),2.64,0.7287
RNG(-0.2),2.65,0.7286
RNG(-0.2),2.66,0.7287
RNG(-0.2),2.67,0.7287
RNG(-0.2),2.68,0.7288
RNG(-0.2),2.69,0.7288
RNG(-0.2),2.7,0.7292
RNG(-0.2),2.71,0.7292
RNG(-0.2),2.72,0.7292
RNG(-0.2),2.73,0.7288
RNG(-0.2),2.74,0.7288
RNG(-0.2),2.75,0.7288
RNG(-0.2),2.76,0.7288
RNG(-0.2),2.77,0.7288
RNG(-0.2),2.78,0.7287
RNG(-0.2),2.79,0.7288
RNG(-0.2),2.8,0.7288
RNG(-0.2),2.81,0.7288
RNG(-0.2),2.82,0.7288
RNG(-0.2),2.83,0.7288
RNG(-0.2),2.84,0.7287
RNG(-0.2),2.85,0.7287
RNG(-0.2),2.86,0.7287
RNG(-0.2),2.87,0.7289
RNG(-0.2),2.88,0.7289
RNG(-0.2),2.89,0.7288
RNG(-0.2),2.9,0.7288
RNG(-0.2),2.91,0.7288
RNG(-0.2),2.92,0.7287
RNG(-0.2),2.93,0.7287
RNG(-0.2),2.94,0.7287
RNG(-0.2),2.95,0.7286
RNG(-0.2),2.96,0.7284
RNG(-0.2),2.97,0.7284
RNG(-0.2),2.98,0.7285
RNG(-0.2),2.99,0.7285
RNG(-0.2),3.0,0.7284
RNG(-0.2),3.01,0.7284
RNG(-0.2),3.02,0.7285
RNG(-0.2),3.03,0.7284
RNG(-0.2),3.04,0.7285
RNG(-0.2),3.05,0.7285
RNG(-0.2),3.06,0.7284
RNG(-0.2),3.07,0.7286
RNG(-0.2),3.08,0.7286
RNG(-0.2),3.09,0.7286
RNG(-0.2),3.1,0.7285
RNG(-0.2),3.11,0.7285
RNG(-0.2),3.12,0.7284
RNG(-0.2),3.13,0.7284
RNG(-0.2),3.14,0.7284
RNG(-0.2),3.15,0.7284
RNG(-0.2),3.16,0.7284
RNG(-0.2),3.17,0.7283
RNG(-0.2),3.18,0.7283
RNG(-0.2),3.19,0.7283
RNG(-0.2),3.2,0.7283
RNG(-0.2),3.21,0.7283
RNG(-0.2),3.22,0.7282
RNG(-0.2),3.23,0.7282
RNG(-0.2),3.24,0.7282
RNG(-0.2),3.25,0.7282
RNG(-0.2),3.26,0.7282
RNG(-0.2),3.27,0.7282
RNG(-0.2),3.28,0.7282
RNG(-0.2),3.29,0.7282
RNG(-0.2),3.3,0.7282
RNG(-0.2),3.31,0.7282
RNG(-0.2),3.32,0.7282
RNG(-0.2),3.33,0.7282
RNG(-0.2),3.34,0.728
RNG(-0.2),3.35,0.728
RNG(-0.2),3.36,0.728
RNG(-0.2),3.37,0.728
RNG(-0.2),3.38,0.728
RNG(-0.2),3.39,0.728
RNG(-0.2),3.4,0.728
RNG(-0.2),3.41,0.728
RNG(-0.2),3.42,0.728
RNG(-0.2),3.43,0.728
RNG(-0.2),3.44,0.7279
RNG(-0.2),3.45,0.7279
RNG(-0.2),3.46,0.7279
RNG(-0.2),3.47,0.7279
RNG(-0.2),3.48,0.7278
RNG(-0.2),3.49,0.7278
RNG(-0.2),3.5,0.7278
RNG(-0.2),3.51,0.7278
RNG(-0.2),3.52,0.7278
RNG(-0.2),3.53,0.7278
RNG(-0.2),3.54,0.7278
RNG(-0.2),3.55,0.7278
RNG(-0.2),3.56,0.7278
RNG(-0.2),3.57,0.7278
RNG(-0.2),3.58,0.7278
RNG(-0.2),3.59,0.7278
RNG(-0.2),3.6,0.7278
RNG(-0.2),3.61,0.7278
RNG(-0.2),3.62,0.7278
RNG(-0.2),3.63,0.7278
RNG(-0.2),3.64,0.7278
RNG(-0.2),3.65,0.7278
RNG(-0.2),3.66,0.7278
RNG(-0.2),3.67,0.7278
RNG(-0.2),3.68,0.7278
RNG(-0.2),3.69,0.7278
RNG(-0.2),3.7,0.7278
RNG(-0.2),3.71,0.7278
RNG(-0.2),3.72,0.7278
RNG(-0.2),3.73,0.7278
RNG(-0.2),3.74,0.7278
RNG(-0.2),3.75,0.7278
RNG(-0.2),3.76,0.7278
RNG(-0.2),3.77,0.7278
RNG(-0.2),3.78,0.7278
RNG(-0.2),3.79,0.7278
RNG(-0.2),3.8,0.7278
RNG(-0.2),3.81,0.7278
RNG(-0.2),3.83,0.7278
RNG(-0.2),3.87,0.7278
RNG(-0.2),3.88,0.7278
RNG(-0.2),3.89,0.7278
RNG(-0.2),3.92,0.7278
RNG(-0.2),3.95,0.7278
RNG(-0.2),3.96,0.7278
Seg(-0.2),0.99,0.6231
Seg(-0.2),1.0,0.6231
Seg(-0.2),1.01,0.6277
Seg(-0.2),1.02,0.6356
Seg(-0.2),1.03,0.6477
Seg(-0.2),1.04,0.6583
Seg(-0.2),1.05,0.6694
Seg(-0.2),1.06,0.6804
Seg(-0.2),1.07,0.6896
Seg(-0.2),1.08,0.6958
Seg(-0.2),1.09,0.7007
Seg(-0.2),1.1,0.704
Seg(-0.2),1.11,0.7068
Seg(-0.2),1.12,0.7084
Seg(-0.2),1.13,0.7092
Seg(-0.2),1.14,0.7095
Seg(-0.2),1.15,0.7099
Seg(-0.2),1.16,0.7102
Seg(-0.2),1.17,0.7103
Seg(-0.2),1.18,0.7105
Seg(-0.2),1.19,0.7105
Seg(-0.2),1.2,0.7105
Seg(-0.2),1.21,0.7104
Seg(-0.2),1.22,0.7104
Seg(-0.2),1.23,0.7105
Seg(-0.2),1.24,0.7105
Seg(-0.2),1.25,0.7105
Seg(-0.2),1.26,0.7105
Seg(-0.2),1.27,0.7104
Seg(-0.2),1.28,0.7103
Seg(-0.2),1.29,0.7105
Seg(-0.2),1.3,0.7105
Seg(-0.2),1.31,0.7106
Seg(-0.2),1.32,0.7107
Seg(-0.2),1.33,0.7107
Seg(-0.2),1.34,0.7109
Seg(-0.2),1.35,0.7109
Seg(-0.2),1.36,0.711
Seg(-0.2),1.37,0.7112
Seg(-0.2),1.38,0.7109
Seg(-0.2),1.39,0.7109
Seg(-0.2),1.4,0.7109
Seg(-0.2),1.41,0.7111
Seg(-0.2),1.42,0.7111
Seg(-0.2),1.43,0.7111
Seg(-0.2),1.44,0.7115
Seg(-0.2),1.45,0.7116
Seg(-0.2),1.46,0.7121
Seg(-0.2),1.47,0.7124
Seg(-0.2),1.48,0.7127
Seg(-0.2),1.49,0.713
Seg(-0.2),1.5,0.7134
Seg(-0.2),1.51,0.7137
Seg(-0.2),1.52,0.7142
Seg(-0.2),1.53,0.7147
Seg(-0.2),1.54,0.7151
Seg(-0.2),1.55,0.7152
Seg(-0.2),1.56,0.7158
Seg(-0.2),1.57,0.7165
Seg(-0.2),1.58,0.7172
Seg(-0.2),1.59,0.7178
Seg(-0.2),1.6,0.7182
Seg(-0.2),1.61,0.719
Seg(-0.2),1.62,0.7194
Seg(-0.2),1.63,0.7201
Seg(-0.2),1.64,0.7203
Seg(-0.2),1.65,0.7205
Seg(-0.2),1.66,0.7209
Seg(-0.2),1.67,0.7211
Seg(-0.2),1.68,0.7213
Seg(-0.2),1.69,0.7215
Seg(-0.2),1.7,0.7218
Seg(-0.2),1.71,0.7219
Seg(-0.2),1.72,0.7221
Seg(-0.2),1.73,0.7218
Seg(-0.2),1.74,0.7216
Seg(-0.2),1.75,0.7217
Seg(-0.2),1.76,0.7219
Seg(-0.2),1.77,0.7219
Seg(-0.2),1.78,0.7219
Seg(-0.2),1.79,0.7219
Seg(-0.2),1.8,0.7221
Seg(-0.2),1.81,0.7224
Seg(-0.2),1.82,0.7225
Seg(-0.2),1.83,0.7226
Seg(-0.2),1.84,0.7226
Seg(-0.2),1.85,0.7225
Seg(-0.2),1.86,0.7226
Seg(-0.2),1.87,0.723
Seg(-0.2),1.88,0.723
Seg(-0.2),1.89,0.7232
Seg(-0.2),1.9,0.7234
Seg(-0.2),1.91,0.7235
Seg(-0.2),1.92,0.7236
Seg(-0.2),1.93,0.7236
Seg(-0.2),1.94,0.7236
Seg(-0.2),1.95,0.7238
Seg(-0.2),1.96,0.7238
Seg(-0.2),1.97,0.7238
Seg(-0.2),1.98,0.7238
Seg(-0.2),1.99,0.7238
Seg(-0.2),2.0,0.7238
Seg(-0.2),2.01,0.7239
Seg(-0.2),2.02,0.7239
Seg(-0.2),2.03,0.724
Seg(-0.2),2.04,0.7242
Seg(-0.2),2.05,0.7242
Seg(-0.2),2.06,0.7244
Seg(-0.2),2.07,0.7246
Seg(-0.2),2.08,0.7247
Seg(-0.2),2.09,0.7246
Seg(-0.2),2.1,0.7248
Seg(-0.2),2.11,0.7248
Seg(-0.2),2.12,0.7248
Seg(-0.2),2.13,0.725
Seg(-0.2),2.14,0.7251
Seg(-0.2),2.15,0.7252
Seg(-0.2),2.16,0.7252
Seg(-0.2),2.17,0.7253
Seg(-0.2),2.18,0.7254
Seg(-0.2),2.19,0.7254
Seg(-0.2),2.2,0.7254
Seg(-0.2),2.21,0.7255
Seg(-0.2),2.22,0.7256
Seg(-0.2),2.23,0.7257
Seg(-0.2),2.24,0.7257
Seg(-0.2),2.25,0.7258
Seg(-0.2),2.26,0.7259
Seg(-0.2),2.27,0.7259
Seg(-0.2),2.28,0.7258
Seg(-0.2),2.29,0.7258
Seg(-0.2),2.3,0.726
Seg(-0.2),2.31,0.726
Seg(-0.2),2.32,0.7259
Seg(-0.2),2.33,0.7259
Seg(-0.2),2.34,0.7259
Seg(-0.2),2.35,0.7259
Seg(-0.2),2.36,0.7259
Seg(-0.2),2.37,0.7258
Seg(-0.2),2.38,0.7259
Seg(-0.2),2.39,0.7259
Seg(-0.2),2.4,0.7259
Seg(-0.2),2.41,0.726
Seg(-0.2),2.42,0.7259
Seg(-0.2),2.43,0.7259
Seg(-0.2),2.44,0.7259
Seg(-0.2),2.45,0.726
Seg(-0.2),2.46,0.726
Seg(-0.2),2.47,0.7258
Seg(-0.2),2.48,0.7258
Seg(-0.2),2.49,0.7258
Seg(-0.2),2.5,0.7258
Seg(-0.2),2.51,0.7259
Seg(-0.2),2.52,0.7258
Seg(-0.2),2.53,0.7257
Seg(-0.2),2.54,0.7257
Seg(-0.2),2.55,0.7257
Seg(-0.2),2.56,0.7256
Seg(-0.2),2.57,0.7256
Seg(-0.2),2.58,0.7257
Seg(-0.2),2.59,0.7257
Seg(-0.2),2.6,0.7257
Seg(-0.2),2.61,0.7257
Seg(-0.2),2.62,0.7257
Seg(-0.2),2.63,0.7257
Seg(-0.2),2.64,0.7257
Seg(-0.2),2.65,0.7256
Seg(-0.2),2.66,0.7257
Seg(-0.2),2.67,0.7257
Seg(-0.2),2.68,0.7258
Seg(-0.2),2.69,0.7258
Seg(-0.2),2.7,0.7262
Seg(-0.2),2.71,0.7262
Seg(-0.2),2.72,0.7262
Seg(-0.2),2.73,0.7257
Seg(-0.2),2.74,0.7257
Seg(-0.2),2.75,0.7258
Seg(-0.2),2.76,0.7258
Seg(-0.2),2.77,0.7258
Seg(-0.2),2.78,0.7257
Seg(-0.2),2.79,0.7259
Seg(-0.2),2.8,0.7259
Seg(-0.2),2.81,0.7259
Seg(-0.2),2.82,0.7259
Seg(-0.2),2.83,0.7258
Seg(-0.2),2.84,0.7257
Seg(-0.2),2.85,0.7257
Seg(-0.2),2.86,0.7257
Seg(-0.2),2.87,0.7259
Seg(-0.2),2.88,0.7259
Seg(-0.2),2.89,0.7257
Seg(-0.2),2.9,0.7257
Seg(-0.2),2.91,0.7257
Seg(-0.2),2.92,0.7257
Seg(-0.2),2.93,0.7257
Seg(-0.2),2.94,0.7257
Seg(-0.2),2.95,0.7256
Seg(-0.2),2.96,0.7256
Seg(-0.2),2.97,0.7257
Seg(-0.2),2.98,0.7256
Seg(-0.2),2.99,0.7257
Seg(-0.2),3.0,0.7255
Seg(-0.2),3.01,0.7256
Seg(-0.2),3.02,0.7255
Seg(-0.2),3.03,0.7255
Seg(-0.2),3.04,0.7255
Seg(-0.2),3.05,0.7255
Seg(-0.2),3.06,0.7255
Seg(-0.2),3.07,0.7257
Seg(-0.2),3.08,0.7257
Seg(-0.2),3.09,0.7257
Seg(-0.2),3.1,0.7255
Seg(-0.2),3.11,0.7255
Seg(-0.2),3.12,0.7253
Seg(-0.2),3.13,0.7253
Seg(-0.2),3.14,0.7253
Seg(-0.2),3.15,0.7253
Seg(-0.2),3.16,0.7253
Seg(-0.2),3.17,0.7252
Seg(-0.2),3.18,0.7252
Seg(-0.2),3.19,0.7252
Seg(-0.2),3.2,0.7251
Seg(-0.2),3.21,0.7251
Seg(-0.2),3.22,0.7251
Seg(-0.2),3.23,0.725
Seg(-0.2),3.24,0.7249
Seg(-0.2),3.25,0.7249
Seg(-0.2),3.26,0.7249
Seg(-0.2),3.27,0.7249
Seg(-0.2),3.28,0.7248
Seg(-0.2),3.29,0.7248
Seg(-0.2),3.3,0.7248
Seg(-0.2),3.31,0.7248
Seg(-0.2),3.32,0.7248
Seg(-0.2),3.33,0.7248
Seg(-0.2),3.34,0.7246
Seg(-0.2),3.35,0.7245
Seg(-0.2),3.36,0.7245
Seg(-0.2),3.37,0.7245
Seg(-0.2),3.38,0.7245
Seg(-0.2),3.39,0.7245
Seg(-0.2),3.4,0.7245
Seg(-0.2),3.41,0.7245
Seg(-0.2),3.42,0.7245
Seg(-0.2),3.43,0.7245
Seg(-0.2),3.44,0.7244
Seg(-0.2),3.45,0.7244
Seg(-0.2),3.46,0.7244
Seg(-0.2),3.47,0.7244
Seg(-0.2),3.48,0.7244
Seg(-0.2),3.49,0.7244
Seg(-0.2),3.5,0.7244
Seg(-0.2),3.51,0.7244
Seg(-0.2),3.52,0.7244
Seg(-0.2),3.53,0.7244
Seg(-0.2),3.54,0.7244
Seg(-0.2),3.55,0.7244
Seg(-0.2),3.56,0.7244
Seg(-0.2),3.57,0.7242
Seg(-0.2),3.58,0.7242
Seg(-0.2),3.59,0.7242
Seg(-0.2),3.6,0.7242
Seg(-0.2),3.61,0.7242
Seg(-0.2),3.62,0.7242
Seg(-0.2),3.63,0.7242
Seg(-0.2),3.64,0.7242
Seg(-0.2),3.65,0.724
Seg(-0.2),3.66,0.724
Seg(-0.2),3.67,0.724
Seg(-0.2),3.68,0.724
Seg(-0.2),3.69,0.724
Seg(-0.2),3.7,0.724
Seg(-0.2),3.71,0.724
Seg(-0.2),3.72,0.724
Seg(-0.2),3.73,0.724
Seg(-0.2),3.74,0.724
Seg(-0.2),3.75,0.724
Seg(-0.2),3.76,0.724
Seg(-0.2),3.77,0.724
Seg(-0.2),3.78,0.724
Seg(-0.2),3.79,0.724
Seg(-0.2),3.8,0.724
Seg(-0.2),3.81,0.724
Seg(-0.2),3.83,0.724
Seg(-0.2),3.87,0.724
Seg(-0.2),3.88,0.724
Seg(-0.2),3.89,0.724
Seg(-0.2),3.92,0.724
Seg(-0.2),3.95,0.724
Seg(-0.2),3.96,0.724
RNG(-0.1),0.99,0.6231
RNG(-0.1),1.0,0.6231
RNG(-0.1),1.01,0.6273
RNG(-0.1),1.02,0.6348
RNG(-0.1),1.03,0.6469
RNG(-0.1),1.04,0.6567
RNG(-0.1),1.05,0.6668
RNG(-0.1),1.06,0.677
RNG(-0.1),1.07,0.6851
RNG(-0.1),1.08,0.691
RNG(-0.1),1.09,0.6955
RNG(-0.1),1.1,0.6984
RNG(-0.1),1.11,0.7009
RNG(-0.1),1.12,0.7021
RNG(-0.1),1.13,0.7028
RNG(-0.1),1.14,0.7031
RNG(-0.1),1.15,0.7036
RNG(-0.1),1.16,0.7038
RNG(-0.1),1.17,0.7038
RNG(-0.1),1.18,0.704
RNG(-0.1),1.19,0.704
RNG(-0.1),1.2,0.7038
RNG(-0.1),1.21,0.7037
RNG(-0.1),1.22,0.7037
RNG(-0.1),1.23,0.7038
RNG(-0.1),1.24,0.7038
RNG(-0.1),1.25,0.7037
RNG(-0.1),1.26,0.7037
RNG(-0.1),1.27,0.7038
RNG(-0.1),1.28,0.7036
RNG(-0.1),1.29,0.7038
RNG(-0.1),1.3,0.7039
RNG(-0.1),1.31,0.7039
RNG(-0.1),1.32,0.7038
RNG(-0.1),1.33,0.7038
RNG(-0.1),1.34,0.7039
RNG(-0.1),1.35,0.7039
RNG(-0.1),1.36,0.7041
RNG(-0.1),1.37,0.7042
RNG(-0.1),1.38,0.7038
RNG(-0.1),1.39,0.7037
RNG(-0.1),1.4,0.7039
RNG(-0.1),1.41,0.7036
RNG(-0.1),1.42,0.7036
RNG(-0.1),1.43,0.7032
RNG(-0.1),1.44,0.7035
RNG(-0.1),1.45,0.7035
RNG(-0.1),1.46,0.7038
RNG(-0.1),1.47,0.7041
RNG(-0.1),1.48,0.7043
RNG(-0.1),1.49,0.7046
RNG(-0.1),1.5,0.7049
RNG(-0.1),1.51,0.7051
RNG(-0.1),1.52,0.7053
RNG(-0.1),1.53,0.7057
RNG(-0.1),1.54,0.7058
RNG(-0.1),1.55,0.7059
RNG(-0.1),1.56,0.7065
RNG(-0.1),1.57,0.707
RNG(-0.1),1.58,0.7078
RNG(-0.1),1.59,0.7081
RNG(-0.1),1.6,0.7084
RNG(-0.1),1.61,0.7087
RNG(-0.1),1.62,0.7089
RNG(-0.1),1.63,0.7093
RNG(-0.1),1.64,0.7097
RNG(-0.1),1.65,0.7098
RNG(-0.1),1.66,0.7101
RNG(-0.1),1.67,0.7103
RNG(-0.1),1.68,0.7105
RNG(-0.1),1.69,0.7107
RNG(-0.1),1.7,0.7109
RNG(-0.1),1.71,0.7109
RNG(-0.1),1.72,0.7111
RNG(-0.1),1.73,0.7108
RNG(-0.1),1.74,0.7105
RNG(-0.1),1.75,0.7105
RNG(-0.1),1.76,0.7107
RNG(-0.1),1.77,0.7105
RNG(-0.1),1.78,0.7105
RNG(-0.1),1.79,0.7105
RNG(-0.1),1.8,0.7107
RNG(-0.1),1.81,0.7111
RNG(-0.1),1.82,0.7109
RNG(-0.1),1.83,0.7109
RNG(-0.1),1.84,0.7108
RNG(-0.1),1.85,0.7108
RNG(-0.1),1.86,0.7109
RNG(-0.1),1.87,0.7112
RNG(-0.1),1.88,0.7111
RNG(-0.1),1.89,0.7111
RNG(-0.1),1.9,0.7112
RNG(-0.1),1.91,0.7113
RNG(-0.1),1.92,0.7115
RNG(-0.1),1.93,0.7115
RNG(-0.1),1.94,0.7115
RNG(-0.1),1.95,0.7117
RNG(-0.1),1.96,0.7117
RNG(-0.1),1.97,0.7117
RNG(-0.1),1.98,0.7117
RNG(-0.1),1.99,0.7117
RNG(-0.1),2.0,0.7117
RNG(-0.1),2.01,0.7116
RNG(-0.1),2.02,0.7116
RNG(-0.1),2.03,0.7117
RNG(-0.1),2.04,0.712
RNG(-0.1),2.05,0.712
RNG(-0.1),2.06,0.712
RNG(-0.1),2.07,0.7122
RNG(-0.1),2.08,0.7122
RNG(-0.1),2.09,0.7121
RNG(-0.1),2.1,0.712
RNG(-0.1),2.11,0.712
RNG(-0.1),2.12,0.712
RNG(-0.1),2.13,0.7122
RNG(-0.1),2.14,0.7122
RNG(-0.1),2.15,0.7124
RNG(-0.1),2.16,0.7123
RNG(-0.1),2.17,0.7124
RNG(-0.1),2.18,0.7124
RNG(-0.1),2.19,0.7124
RNG(-0.1),2.2,0.7124
RNG(-0.1),2.21,0.7125
RNG(-0.1),2.22,0.7126
RNG(-0.1),2.23,0.7126
RNG(-0.1),2.24,0.7126
RNG(-0.1),2.25,0.7127
RNG(-0.1),2.26,0.7127
RNG(-0.1),2.27,0.7127
RNG(-0.1),2.28,0.7127
RNG(-0.1),2.29,0.7128
RNG(-0.1),2.3,0.7129
RNG(-0.1),2.31,0.7128
RNG(-0.1),2.32,0.7128
RNG(-0.1),2.33,0.7127
RNG(-0.1),2.34,0.7127
RNG(-0.1),2.35,0.7126
RNG(-0.1),2.36,0.7126
RNG(-0.1),2.37,0.7126
RNG(-0.1),2.38,0.7127
RNG(-0.1),2.39,0.7127
RNG(-0.1),2.4,0.7127
RNG(-0.1),2.41,0.7127
RNG(-0.1),2.42,0.7124
RNG(-0.1),2.43,0.7124
RNG(-0.1),2.44,0.7123
RNG(-0.1),2.45,0.7124
RNG(-0.1),2.46,0.7122
RNG(-0.1),2.47,0.712
RNG(-0.1),2.48,0.7119
RNG(-0.1),2.49,0.712
RNG(-0.1),2.5,0.7118
RNG(-0.1),2.51,0.712
RNG(-0.1),2.52,0.7117
RNG(-0.1),2.53,0.7114
RNG(-0.1),2.54,0.7114
RNG(-0.1),2.55,0.7113
RNG(-0.1),2.56,0.7113
RNG(-0.1),2.57,0.7112
RNG(-0.1),2.58,0.7113
RNG(-0.1),2.59,0.7113
RNG(-0.1),2.6,0.7113
RNG(-0.1),2.61,0.7116
RNG(-0.1),2.62,0.7116
RNG(-0.1),2.63,0.7116
RNG(-0.1),2.64,0.7116
RNG(-0.1),2.65,0.7115
RNG(-0.1),2.66,0.7116
RNG(-0.1),2.67,0.7115
RNG(-0.1),2.68,0.7115
RNG(-0.1),2.69,0.7114
RNG(-0.1),2.7,0.7117
RNG(-0.1),2.71,0.7117
RNG(-0.1),2.72,0.7117
RNG(-0.1),2.73,0.7112
RNG(-0.1),2.74,0.7112
RNG(-0.1),2.75,0.7111
RNG(-0.1),2.76,0.7111
RNG(-0.1),2.77,0.7111
RNG(-0.1),2.78,0.7109
RNG(-0.1),2.79,0.711
RNG(-0.1),2.8,0.7106
RNG(-0.1),2.81,0.7107
RNG(-0.1),2.82,0.7107
RNG(-0.1),2.83,0.7105
RNG(-0.1),2.84,0.7105
RNG(-0.1),2.85,0.7104
RNG(-0.1),2.86,0.7104
RNG(-0.1),2.87,0.7103
RNG(-0.1),2.88,0.7101
RNG(-0.1),2.89,0.7099
RNG(-0.1),2.9,0.7099
RNG(-0.1),2.91,0.7099
RNG(-0.1),2.92,0.7098
RNG(-0.1),2.93,0.7098
RNG(-0.1),2.94,0.7098
RNG(-0.1),2.95,0.7097
RNG(-0.1),2.96,0.7094
RNG(-0.1),2.97,0.7094
RNG(-0.1),2.98,0.7093
RNG(-0.1),2.99,0.7093
RNG(-0.1),3.0,0.709
RNG(-0.1),3.01,0.709
RNG(-0.1),3.02,0.709
RNG(-0.1),3.03,0.7089
RNG(-0.1),3.04,0.7088
RNG(-0.1),3.05,0.7086
RNG(-0.1),3.06,0.7086
RNG(-0.1),3.07,0.7086
RNG(-0.1),3.08,0.7086
RNG(-0.1),3.09,0.7084
RNG(-0.1),3.1,0.7082
RNG(-0.1),3.11,0.7082
RNG(-0.1),3.12,0.7079
RNG(-0.1),3.13,0.7078
RNG(-0.1),3.14,0.7076
RNG(-0.1),3.15,0.7075
RNG(-0.1),3.16,0.7074
RNG(-0.1),3.17,0.7074
RNG(-0.1),3.18,0.7073
RNG(-0.1),3.19,0.7073
RNG(-0.1),3.2,0.7073
RNG(-0.1),3.21,0.7072
RNG(-0.1),3.22,0.7072
RNG(-0.1),3.23,0.7072
RNG(-0.1),3.24,0.7071
RNG(-0.1),3.25,0.707
RNG(-0.1),3.26,0.7068
RNG(-0.1),3.27,0.7068
RNG(-0.1),3.28,0.7068
RNG(-0.1),3.29,0.7067
RNG(-0.1),3.3,0.7065
RNG(-0.1),3.31,0.7065
RNG(-0.1),3.32,0.7065
RNG(-0.1),3.33,0.7065
RNG(-0.1),3.34,0.7063
RNG(-0.1),3.35,0.7061
RNG(-0.1),3.36,0.7061
RNG(-0.1),3.37,0.7061
RNG(-0.1),3.38,0.7061
RNG(-0.1),3.39,0.706
RNG(-0.1),3.4,0.706
RNG(-0.1),3.41,0.706
RNG(-0.1),3.42,0.706
RNG(-0.1),3.43,0.7059
RNG(-0.1),3.44,0.7058
RNG(-0.1),3.45,0.7058
RNG(-0.1),3.46,0.7058
RNG(-0.1),3.47,0.7058
RNG(-0.1),3.48,0.7057
RNG(-0.1),3.49,0.7057
RNG(-0.1),3.5,0.7057
RNG(-0.1),3.51,0.7057
RNG(-0.1),3.52,0.7057
RNG(-0.1),3.53,0.7057
RNG(-0.1),3.54,0.7056
RNG(-0.1),3.55,0.7056
RNG(-0.1),3.56,0.7052
RNG(-0.1),3.57,0.7051
RNG(-0.1),3.58,0.7051
RNG(-0.1),3.59,0.7051
RNG(-0.1),3.6,0.7051
RNG(-0.1),3.61,0.7051
RNG(-0.1),3.62,0.7051
RNG(-0.1),3.63,0.7051
RNG(-0.1),3.64,0.7051
RNG(-0.1),3.65,0.7049
RNG(-0.1),3.66,0.7049
RNG(-0.1),3.67,0.7049
RNG(-0.1),3.68,0.7049
RNG(-0.1),3.69,0.7049
RNG(-0.1),3.7,0.7049
RNG(-0.1),3.71,0.7049
RNG(-0.1),3.72,0.7049
RNG(-0.1),3.73,0.7049
RNG(-0.1),3.74,0.7049
RNG(-0.1),3.75,0.7049
RNG(-0.1),3.76,0.7049
RNG(-0.1),3.77,0.7049
RNG(-0.1),3.78,0.7049
RNG(-0.1),3.79,0.7049
RNG(-0.1),3.8,0.7049
RNG(-0.1),3.81,0.7049
RNG(-0.1),3.83,0.7049
RNG(-0.1),3.87,0.7049
RNG(-0.1),3.88,0.7049
RNG(-0.1),3.89,0.7049
RNG(-0.1),3.92,0.7049
RNG(-0.1),3.95,0.7049
RNG(-0.1),3.96,0.7049
Seg(-0.1),0.99,0.6231
Seg(-0.1),1.0,0.6231
Seg(-0.1),1.01,0.6271
Seg(-0.1),1.02,0.6346
Seg(-0.1),1.03,0.6463
Seg(-0.1),1.04,0.6553
Seg(-0.1),1.05,0.665
Seg(-0.1),1.06,0.6745
Seg(-0.1),1.07,0.6824
Seg(-0.1),1.08,0.688
Seg(-0.1),1.09,0.6925
Seg(-0.1),1.1,0.6953
Seg(-0.1),1.11,0.6976
Seg(-0.1),1.12,0.6986
Seg(-0.1),1.13,0.6994
Seg(-0.1),1.14,0.6997
Seg(-0.1),1.15,0.7001
Seg(-0.1),1.16,0.7003
Seg(-0.1),1.17,0.7003
Seg(-0.1),1.18,0.7005
Seg(-0.1),1.19,0.7005
Seg(-0.1),1.2,0.7003
Seg(-0.1),1.21,0.7002
Seg(-0.1),1.22,0.7002
Seg(-0.1),1.23,0.7003
Seg(-0.1),1.24,0.7003
Seg(-0.1),1.25,0.7002
Seg(-0.1),1.26,0.7001
Seg(-0.1),1.27,0.7002
Seg(-0.1),1.28,0.7001
Seg(-0.1),1.29,0.7002
Seg(-0.1),1.3,0.7003
Seg(-0.1),1.31,0.7003
Seg(-0.1),1.32,0.7003
Seg(-0.1),1.33,0.7001
Seg(-0.1),1.34,0.7001
Seg(-0.1),1.35,0.6997
Seg(-0.1),1.36,0.6999
Seg(-0.1),1.37,0.6996
Seg(-0.1),1.38,0.6991
Seg(-0.1),1.39,0.6989
Seg(-0.1),1.4,0.6987
Seg(-0.1),1.41,0.6982
Seg(-0.1),1.42,0.6981
Seg(-0.1),1.43,0.6975
Seg(-0.1),1.44,0.6977
Seg(-0.1),1.45,0.6975
Seg(-0.1),1.46,0.6976
Seg(-0.1),1.47,0.6976
Seg(-0.1),1.48,0.6978
Seg(-0.1),1.49,0.698
Seg(-0.1),1.5,0.6979
Seg(-0.1),1.51,0.6982
Seg(-0.1),1.52,0.6982
Seg(-0.1),1.53,0.6986
Seg(-0.1),1.54,0.6984
Seg(-0.1),1.55,0.6984
Seg(-0.1),1.56,0.6989
Seg(-0.1),1.57,0.6993
Seg(-0.1),1.58,0.6999
Seg(-0.1),1.59,0.7003
Seg(-0.1),1.6,0.7005
Seg(-0.1),1.61,0.7009
Seg(-0.1),1.62,0.701
Seg(-0.1),1.63,0.7012
Seg(-0.1),1.64,0.7016
Seg(-0.1),1.65,0.7018
Seg(-0.1),1.66,0.7022
Seg(-0.1),1.67,0.7024
Seg(-0.1),1.68,0.7027
Seg(-0.1),1.69,0.7029
Seg(-0.1),1.7,0.7031
Seg(-0.1),1.71,0.7031
Seg(-0.1),1.72,0.7032
Seg(-0.1),1.73,0.703
Seg(-0.1),1.74,0.7027
Seg(-0.1),1.75,0.7027
Seg(-0.1),1.76,0.7028
Seg(-0.1),1.77,0.7028
Seg(-0.1),1.78,0.7028
Seg(-0.1),1.79,0.7028
Seg(-0.1),1.8,0.7029
Seg(-0.1),1.81,0.703
Seg(-0.1),1.82,0.7028
Seg(-0.1),1.83,0.7029
Seg(-0.1),1.84,0.7028
Seg(-0.1),1.85,0.7027
Seg(-0.1),1.86,0.7028
Seg(-0.1),1.87,0.7032
Seg(-0.1),1.88,0.703
Seg(-0.1),1.89,0.703
Seg(-0.1),1.9,0.703
Seg(-0.1),1.91,0.7032
Seg(-0.1),1.92,0.7034
Seg(-0.1),1.93,0.7034
Seg(-0.1),1.94,0.7034
Seg(-0.1),1.95,0.7036
Seg(-0.1),1.96,0.7036
Seg(-0.1),1.97,0.7035
Seg(-0.1),1.98,0.7035
Seg(-0.1),1.99,0.7035
Seg(-0.1),2.0,0.7035
Seg(-0.1),2.01,0.7034
Seg(-0.1),2.02,0.7034
Seg(-0.1),2.03,0.7036
Seg(-0.1),2.04,0.7038
Seg(-0.1),2.05,0.7037
Seg(-0.1),2.06,0.7037
Seg(-0.1),2.07,0.7039
Seg(-0.1),2.08,0.7038
Seg(-0.1),2.09,0.7037
Seg(-0.1),2.1,0.7036
Seg(-0.1),2.11,0.7036
Seg(-0.1),2.12,0.7036
Seg(-0.1),2.13,0.7038
Seg(-0.1),2.14,0.7038
Seg(-0.1),2.15,0.704
Seg(-0.1),2.16,0.7038
Seg(-0.1),2.17,0.7039
Seg(-0.1),2.18,0.704
Seg(-0.1),2.19,0.7039
Seg(-0.1),2.2,0.7039
Seg(-0.1),2.21,0.704
Seg(-0.1),2.22,0.7041
Seg(-0.1),2.23,0.7041
Seg(-0.1),2.24,0.7041
Seg(-0.1),2.25,0.7042
Seg(-0.1),2.26,0.7042
Seg(-0.1),2.27,0.7041
Seg(-0.1),2.28,0.7042
Seg(-0.1),2.29,0.7043
Seg(-0.1),2.3,0.7044
Seg(-0.1),2.31,0.7044
Seg(-0.1),2.32,0.7044
Seg(-0.1),2.33,0.7043
Seg(-0.1),2.34,0.7043
Seg(-0.1),2.35,0.7043
Seg(-0.1),2.36,0.7042
Seg(-0.1),2.37,0.7042
Seg(-0.1),2.38,0.7043
Seg(-0.1),2.39,0.7043
Seg(-0.1),2.4,0.7043
Seg(-0.1),2.41,0.7043
Seg(-0.1),2.42,0.704
Seg(-0.1),2.43,0.704
Seg(-0.1),2.44,0.7038
Seg(-0.1),2.45,0.7039
Seg(-0.1),2.46,0.7037
Seg(-0.1),2.47,0.7035
Seg(-0.1),2.48,0.7034
Seg(-0.1),2.49,0.7035
Seg(-0.1),2.5,0.7034
Seg(-0.1),2.51,0.7035
Seg(-0.1),2.52,0.7033
Seg(-0.1),2.53,0.703
Seg(-0.1),2.54,0.703
Seg(-0.1),2.55,0.7029
Seg(-0.1),2.56,0.7028
Seg(-0.1),2.57,0.7026
Seg(-0.1),2.58,0.7027
Seg(-0.1),2.59,0.7027
Seg(-0.1),2.6,0.7027
Seg(-0.1),2.61,0.703
Seg(-0.1),2.62,0.703
Seg(-0.1),2.63,0.703
Seg(-0.1),2.64,0.703
Seg(-0.1),2.65,0.7029
Seg(-0.1),2.66,0.703
Seg(-0.1),2.67,0.7028
Seg(-0.1),2.68,0.7028
Seg(-0.1),2.69,0.7028
Seg(-0.1),2.7,0.7031
Seg(-0.1),2.71,0.7031
Seg(-0.1),2.72,0.703
Seg(-0.1),2.73,0.7025
Seg(-0.1),2.74,0.7025
Seg(-0.1),2.75,0.7024
Seg(-0.1),2.76,0.7024
Seg(-0.1),2.77,0.7024
Seg(-0.1),2.78,0.7022
Seg(-0.1),2.79,0.7023
Seg(-0.1),2.8,0.7019
Seg(-0.1),2.81,0.702
Seg(-0.1),2.82,0.702
Seg(-0.1),2.83,0.7019
Seg(-0.1),2.84,0.7019
Seg(-0.1),2.85,0.7018
Seg(-0.1),2.86,0.7018
Seg(-0.1),2.87,0.7018
Seg(-0.1),2.88,0.7014
Seg(-0.1),2.89,0.7011
Seg(-0.1),2.9,0.7011
Seg(-0.1),2.91,0.7011
Seg(-0.1),2.92,0.7009
Seg(-0.1),2.93,0.7009
Seg(-0.1),2.94,0.7008
Seg(-0.1),2.95,0.7006
Seg(-0.1),2.96,0.7003
Seg(-0.1),2.97,0.7003
Seg(-0.1),2.98,0.7002
Seg(-0.1),2.99,0.7001
Seg(-0.1),3.0,0.6998
Seg(-0.1),3.01,0.6999
Seg(-0.1),3.02,0.6998
Seg(-0.1),3.03,0.6997
Seg(-0.1),3.04,0.6995
Seg(-0.1),3.05,0.6995
Seg(-0.1),3.06,0.6993
Seg(-0.1),3.07,0.6993
Seg(-0.1),3.08,0.6993
Seg(-0.1),3.09,0.6992
Seg(-0.1),3.1,0.6987
Seg(-0.1),3.11,0.6987
Seg(-0.1),3.12,0.6984
Seg(-0.1),3.13,0.6984
Seg(-0.1),3.14,0.6982
Seg(-0.1),3.15,0.698
Seg(-0.1),3.16,0.698
Seg(-0.1),3.17,0.6977
Seg(-0.1),3.18,0.6976
Seg(-0.1),3.19,0.6976
Seg(-0.1),3.2,0.6975
Seg(-0.1),3.21,0.6974
Seg(-0.1),3.22,0.6973
Seg(-0.1),3.23,0.6973
Seg(-0.1),3.24,0.6972
Seg(-0.1),3.25,0.6971
Seg(-0.1),3.26,0.6969
Seg(-0.1),3.27,0.6968
Seg(-0.1),3.28,0.6968
Seg(-0.1),3.29,0.6966
Seg(-0.1),3.3,0.6964
Seg(-0.1),3.31,0.6963
Seg(-0.1),3.32,0.6962
Seg(-0.1),3.33,0.6962
Seg(-0.1),3.34,0.696
Seg(-0.1),3.35,0.6958
Seg(-0.1),3.36,0.6957
Seg(-0.1),3.37,0.6957
Seg(-0.1),3.38,0.6957
Seg(-0.1),3.39,0.6955
Seg(-0.1),3.4,0.6955
Seg(-0.1),3.41,0.6954
Seg(-0.1),3.42,0.6954
Seg(-0.1),3.43,0.6953
Seg(-0.1),3.44,0.6951
Seg(-0.1),3.45,0.6951
Seg(-0.1),3.46,0.6951
Seg(-0.1),3.47,0.6951
Seg(-0.1),3.48,0.695
Seg(-0.1),3.49,0.6951
Seg(-0.1),3.5,0.6949
Seg(-0.1),3.51,0.6949
Seg(-0.1),3.52,0.6949
Seg(-0.1),3.53,0.6949
Seg(-0.1),3.54,0.6949
Seg(-0.1),3.55,0.6948
Seg(-0.1),3.56,0.6944
Seg(-0.1),3.57,0.6943
Seg(-0.1),3.58,0.6943
Seg(-0.1),3.59,0.6943
Seg(-0.1),3.6,0.6943
Seg(-0.1),3.61,0.6943
Seg(-0.1),3.62,0.6943
Seg(-0.1),3.63,0.6943
Seg(-0.1),3.64,0.6943
Seg(-0.1),3.65,0.6941
Seg(-0.1),3.66,0.6941
Seg(-0.1),3.67,0.6941
Seg(-0.1),3.68,0.6941
Seg(-0.1),3.69,0.6941
Seg(-0.1),3.7,0.6941
Seg(-0.1),3.71,0.6941
Seg(-0.1),3.72,0.6941
Seg(-0.1),3.73,0.6941
Seg(-0.1),3.74,0.6941
Seg(-0.1),3.75,0.6941
Seg(-0.1),3.76,0.6941
Seg(-0.1),3.77,0.6941
Seg(-0.1),3.78,0.6941
Seg(-0.1),3.79,0.6941
Seg(-0.1),3.8,0.6941
Seg(-0.1),3.81,0.6941
Seg(-0.1),3.83,0.6941
Seg(-0.1),3.87,0.6941
Seg(-0.1),3.88,0.6941
Seg(-0.1),3.89,0.6941
Seg(-0.1),3.92,0.6941
Seg(-0.1),3.95,0.6941
Seg(-0.1),3.96,0.6941
RNG(-0.05),0.99,0.6231
RNG(-0.05),1.0,0.6231
RNG(-0.05),1.01,0.6267
RNG(-0.05),1.02,0.6338
RNG(-0.05),1.03,0.6445
RNG(-0.05),1.04,0.6531
RNG(-0.05),1.05,0.6623
RNG(-0.05),1.06,0.6712
RNG(-0.05),1.07,0.6787
RNG(-0.05),1.08,0.6841
RNG(-0.05),1.09,0.6884
RNG(-0.05),1.1,0.691
RNG(-0.05),1.11,0.6932
RNG(-0.05),1.12,0.6943
RNG(-0.05),1.13,0.6949
RNG(-0.05),1.14,0.6952
RNG(-0.05),1.15,0.6955
RNG(-0.05),1.16,0.6957
RNG(-0.05),1.17,0.6958
RNG(-0.05),1.18,0.696
RNG(-0.05),1.19,0.696
RNG(-0.05),1.2,0.6959
RNG(-0.05),1.21,0.6957
RNG(-0.05),1.22,0.6957
RNG(-0.05),1.23,0.6958
RNG(-0.05),1.24,0.6958
RNG(-0.05),1.25,0.6957
RNG(-0.05),1.26,0.6956
RNG(-0.05),1.27,0.6957
RNG(-0.05),1.28,0.6955
RNG(-0.05),1.29,0.6957
RNG(-0.05),1.3,0.6957
RNG(-0.05),1.31,0.6957
RNG(-0.05),1.32,0.6957
RNG(-0.05),1.33,0.6955
RNG(-0.05),1.34,0.6956
RNG(-0.05),1.35,0.6956
RNG(-0.05),1.36,0.6957
RNG(-0.05),1.37,0.6957
RNG(-0.05),1.38,0.6951
RNG(-0.05),1.39,0.6949
RNG(-0.05),1.4,0.6951
RNG(-0.05),1.41,0.6946
RNG(-0.05),1.42,0.6945
RNG(-0.05),1.43,0.6941
RNG(-0.05),1.44,0.6943
RNG(-0.05),1.45,0.6941
RNG(-0.05),1.46,0.6941
RNG(-0.05),1.47,0.6938
RNG(-0.05),1.48,0.694
RNG(-0.05),1.49,0.6942
RNG(-0.05),1.5,0.6939
RNG(-0.05),1.51,0.6941
RNG(-0.05),1.52,0.6941
RNG(-0.05),1.53,0.6944
RNG(-0.05),1.54,0.6944
RNG(-0.05),1.55,0.6945
RNG(-0.05),1.56,0.6948
RNG(-0.05),1.57,0.6953
RNG(-0.05),1.58,0.6957
RNG(-0.05),1.59,0.6962
RNG(-0.05),1.6,0.6964
RNG(-0.05),1.61,0.6967
RNG(-0.05),1.62,0.6968
RNG(-0.05),1.63,0.697
RNG(-0.05),1.64,0.6972
RNG(-0.05),1.65,0.6974
RNG(-0.05),1.66,0.6977
RNG(-0.05),1.67,0.6979
RNG(-0.05),1.68,0.698
RNG(-0.05),1.69,0.6982
RNG(-0.05),1.7,0.6984
RNG(-0.05),1.71,0.6985
RNG(-0.05),1.72,0.6986
RNG(-0.05),1.73,0.6984
RNG(-0.05),1.74,0.6981
RNG(-0.05),1.75,0.6982
RNG(-0.05),1.76,0.6983
RNG(-0.05),1.77,0.6982
RNG(-0.05),1.78,0.6982
RNG(-0.05),1.79,0.6983
RNG(-0.05),1.8,0.6984
RNG(-0.05),1.81,0.6986
RNG(-0.05),1.82,0.6984
RNG(-0.05),1.83,0.6985
RNG(-0.05),1.84,0.6984
RNG(-0.05),1.85,0.6983
RNG(-0.05),1.86,0.6984
RNG(-0.05),1.87,0.6988
RNG(-0.05),1.88,0.6986
RNG(-0.05),1.89,0.6985
RNG(-0.05),1.9,0.6988
RNG(-0.05),1.91,0.6989
RNG(-0.05),1.92,0.6991
RNG(-0.05),1.93,0.699
RNG(-0.05),1.94,0.6991
RNG(-0.05),1.95,0.6992
RNG(-0.05),1.96,0.6993
RNG(-0.05),1.97,0.6992
RNG(-0.05),1.98,0.6992
RNG(-0.05),1.99,0.6992
RNG(-0.05),2.0,0.6991
RNG(-0.05),2.01,0.699
RNG(-0.05),2.02,0.6991
RNG(-0.05),2.03,0.6992
RNG(-0.05),2.04,0.6993
RNG(-0.05),2.05,0.6993
RNG(-0.05),2.06,0.6994
RNG(-0.05),2.07,0.6997
RNG(-0.05),2.08,0.6997
RNG(-0.05),2.09,0.6997
RNG(-0.05),2.1,0.6995
RNG(-0.05),2.11,0.6995
RNG(-0.05),2.12,0.6995
RNG(-0.05),2.13,0.6997
RNG(-0.05),2.14,0.6998
RNG(-0.05),2.15,0.7001
RNG(-0.05),2.16,0.7001
RNG(-0.05),2.17,0.7002
RNG(-0.05),2.18,0.7003
RNG(-0.05),2.19,0.7004
RNG(-0.05),2.2,0.7005
RNG(-0.05),2.21,0.7005
RNG(-0.05),2.22,0.7005
RNG(-0.05),2.23,0.7005
RNG(-0.05),2.24,0.7005
RNG(-0.05),2.25,0.7006
RNG(-0.05),2.26,0.7006
RNG(-0.05),2.27,0.7006
RNG(-0.05),2.28,0.7007
RNG(-0.05),2.29,0.7008
RNG(-0.05),2.3,0.7007
RNG(-0.05),2.31,0.7007
RNG(-0.05),2.32,0.7007
RNG(-0.05),2.33,0.7006
RNG(-0.05),2.34,0.7005
RNG(-0.05),2.35,0.7005
RNG(-0.05),2.36,0.7004
RNG(-0.05),2.37,0.7004
RNG(-0.05),2.38,0.7005
RNG(-0.05),2.39,0.7005
RNG(-0.05),2.4,0.7005
RNG(-0.05),2.41,0.7005
RNG(-0.05),2.42,0.7003
RNG(-0.05),2.43,0.7002
RNG(-0.05),2.44,0.7001
RNG(-0.05),2.45,0.7001
RNG(-0.05),2.46,0.6999
RNG(-0.05),2.47,0.6997
RNG(-0.05),2.48,0.6997
RNG(-0.05),2.49,0.6997
RNG(-0.05),2.5,0.6996
RNG(-0.05),2.51,0.6997
RNG(-0.05),2.52,0.6995
RNG(-0.05),2.53,0.6994
RNG(-0.05),2.54,0.6993
RNG(-0.05),2.55,0.6993
RNG(-0.05),2.56,0.6991
RNG(-0.05),2.57,0.699
RNG(-0.05),2.58,0.6991
RNG(-0.05),2.59,0.6991
RNG(-0.05),2.6,0.6991
RNG(-0.05),2.61,0.6995
RNG(-0.05),2.62,0.6995
RNG(-0.05),2.63,0.6995
RNG(-0.05),2.64,0.6995
RNG(-0.05),2.65,0.6994
RNG(-0.05),2.66,0.6994
RNG(-0.05),2.67,0.6992
RNG(-0.05),2.68,0.6992
RNG(-0.05),2.69,0.6991
RNG(-0.05),2.7,0.6995
RNG(-0.05),2.71,0.6994
RNG(-0.05),2.72,0.6992
RNG(-0.05),2.73,0.6987
RNG(-0.05),2.74,0.6987
RNG(-0.05),2.75,0.6986
RNG(-0.05),2.76,0.6989
RNG(-0.05),2.77,0.6989
RNG(-0.05),2.78,0.6986
RNG(-0.05),2.79,0.6987
RNG(-0.05),2.8,0.6983
RNG(-0.05),2.81,0.6984
RNG(-0.05),2.82,0.6984
RNG(-0.05),2.83,0.6983
RNG(-0.05),2.84,0.6982
RNG(-0.05),2.85,0.6982
RNG(-0.05),2.86,0.6981
RNG(-0.05),2.87,0.698
RNG(-0.05),2.88,0.6978
RNG(-0.05),2.89,0.6975
RNG(-0.05),2.9,0.6974
RNG(-0.05),2.91,0.6974
RNG(-0.05),2.92,0.6973
RNG(-0.05),2.93,0.6973
RNG(-0.05),2.94,0.6972
RNG(-0.05),2.95,0.697
RNG(-0.05),2.96,0.6967
RNG(-0.05),2.97,0.6967
RNG(-0.05),2.98,0.6966
RNG(-0.05),2.99,0.6965
RNG(-0.05),3.0,0.6962
RNG(-0.05),3.01,0.6962
RNG(-0.05),3.02,0.6962
RNG(-0.05),3.03,0.6961
RNG(-0.05),3.04,0.6959
RNG(-0.05),3.05,0.6958
RNG(-0.05),3.06,0.6957
RNG(-0.05),3.07,0.6958
RNG(-0.05),3.08,0.6958
RNG(-0.05),3.09,0.6957
RNG(-0.05),3.1,0.6954
RNG(-0.05),3.11,0.6954
RNG(-0.05),3.12,0.6951
RNG(-0.05),3.13,0.6951
RNG(-0.05),3.14,0.6949
RNG(-0.05),3.15,0.6947
RNG(-0.05),3.16,0.6949
RNG(-0.05),3.17,0.6948
RNG(-0.05),3.18,0.6947
RNG(-0.05),3.19,0.6947
RNG(-0.05),3.2,0.6945
RNG(-0.05),3.21,0.6944
RNG(-0.05),3.22,0.6943
RNG(-0.05),3.23,0.6941
RNG(-0.05),3.24,0.694
RNG(-0.05),3.25,0.6938
RNG(-0.05),3.26,0.6937
RNG(-0.05),3.27,0.6936
RNG(-0.05),3.28,0.6936
RNG(-0.05),3.29,0.6935
RNG(-0.05),3.3,0.6932
RNG(-0.05),3.31,0.6932
RNG(-0.05),3.32,0.6931
RNG(-0.05),3.33,0.6931
RNG(-0.05),3.34,0.6929
RNG(-0.05),3.35,0.6926
RNG(-0.05),3.36,0.6926
RNG(-0.05),3.37,0.6926
RNG(-0.05),3.38,0.6926
RNG(-0.05),3.39,0.6924
RNG(-0.05),3.4,0.6924
RNG(-0.05),3.41,0.6924
RNG(-0.05),3.42,0.6924
RNG(-0.05),3.43,0.6924
RNG(-0.05),3.44,0.6922
RNG(-0.05),3.45,0.6921
RNG(-0.05),3.46,0.6921
RNG(-0.05),3.47,0.6921
RNG(-0.05),3.48,0.692
RNG(-0.05),3.49,0.692
RNG(-0.05),3.5,0.6918
RNG(-0.05),3.51,0.6918
RNG(-0.05),3.52,0.6918
RNG(-0.05),3.53,0.6918
RNG(-0.05),3.54,0.6917
RNG(-0.05),3.55,0.6916
RNG(-0.05),3.56,0.6912
RNG(-0.05),3.57,0.6911
RNG(-0.05),3.58,0.6911
RNG(-0.05),3.59,0.691
RNG(-0.05),3.6,0.691
RNG(-0.05),3.61,0.691
RNG(-0.05),3.62,0.691
RNG(-0.05),3.63,0.691
RNG(-0.05),3.64,0.691
RNG(-0.05),3.65,0.6909
RNG(-0.05),3.66,0.6909
RNG(-0.05),3.67,0.6909
RNG(-0.05),3.68,0.6909
RNG(-0.05),3.69,0.6909
RNG(-0.05),3.7,0.6909
RNG(-0.05),3.71,0.6909
RNG(-0.05),3.72,0.6909
RNG(-0.05),3.73,0.6909
RNG(-0.05),3.74,0.6909
RNG(-0.05),3.75,0.6908
RNG(-0.05),3.76,0.6908
RNG(-0.05),3.77,0.6908
RNG(-0.05),3.78,0.6908
RNG(-0.05),3.79,0.6908
RNG(-0.05),3.8,0.6908
RNG(-0.05),3.81,0.6908
RNG(-0.05),3.83,0.6908
RNG(-0.05),3.87,0.6908
RNG(-0.05),3.88,0.6908
RNG(-0.05),3.89,0.6908
RNG(-0.05),3.92,0.6908
RNG(-0.05),3.95,0.6908
RNG(-0.05),3.96,0.6908
Seg(-0.05),0.99,0.6231
Seg(-0.05),1.0,0.6231
Seg(-0.05),1.01,0.6266
Seg(-0.05),1.02,0.6332
Seg(-0.05),1.03,0.6431
Seg(-0.05),1.04,0.6514
Seg(-0.05),1.05,0.6601
Seg(-0.05),1.06,0.6687
Seg(-0.05),1.07,0.6754
Seg(-0.05),1.08,0.6801
Seg(-0.05),1.09,0.6839
Seg(-0.05),1.1,0.6864
Seg(-0.05),1.11,0.6887
Seg(-0.05),1.12,0.6897
Seg(-0.05),1.13,0.6903
Seg(-0.05),1.14,0.6905
Seg(-0.05),1.15,0.6909
Seg(-0.05),1.16,0.691
Seg(-0.05),1.17,0.6912
Seg(-0.05),1.18,0.6912
Seg(-0.05),1.19,0.6912
Seg(-0.05),1.2,0.6911
Seg(-0.05),1.21,0.691
Seg(-0.05),1.22,0.691
Seg(-0.05),1.23,0.691
Seg(-0.05),1.24,0.691
Seg(-0.05),1.25,0.691
Seg(-0.05),1.26,0.691
Seg(-0.05),1.27,0.6911
Seg(-0.05),1.28,0.691
Seg(-0.05),1.29,0.6912
Seg(-0.05),1.3,0.6913
Seg(-0.05),1.31,0.6913
Seg(-0.05),1.32,0.6912
Seg(-0.05),1.33,0.6911
Seg(-0.05),1.34,0.691
Seg(-0.05),1.35,0.6908
Seg(-0.05),1.36,0.691
Seg(-0.05),1.37,0.6907
Seg(-0.05),1.38,0.6902
Seg(-0.05),1.39,0.6901
Seg(-0.05),1.4,0.6901
Seg(-0.05),1.41,0.6897
Seg(-0.05),1.42,0.6893
Seg(-0.05),1.43,0.6889
Seg(-0.05),1.44,0.6891
Seg(-0.05),1.45,0.6889
Seg(-0.05),1.46,0.6888
Seg(-0.05),1.47,0.6885
Seg(-0.05),1.48,0.6885
Seg(-0.05),1.49,0.6887
Seg(-0.05),1.5,0.6884
Seg(-0.05),1.51,0.6885
Seg(-0.05),1.52,0.6885
Seg(-0.05),1.53,0.6887
Seg(-0.05),1.54,0.6886
Seg(-0.05),1.55,0.6887
Seg(-0.05),1.56,0.6889
Seg(-0.05),1.57,0.6891
Seg(-0.05),1.58,0.6896
Seg(-0.05),1.59,0.6899
Seg(-0.05),1.6,0.6901
Seg(-0.05),1.61,0.6903
Seg(-0.05),1.62,0.6905
Seg(-0.05),1.63,0.6907
Seg(-0.05),1.64,0.691
Seg(-0.05),1.65,0.6911
Seg(-0.05),1.66,0.6914
Seg(-0.05),1.67,0.6915
Seg(-0.05),1.68,0.6916
Seg(-0.05),1.69,0.6918
Seg(-0.05),1.7,0.692
Seg(-0.05),1.71,0.692
Seg(-0.05),1.72,0.6921
Seg(-0.05),1.73,0.6918
Seg(-0.05),1.74,0.6916
Seg(-0.05),1.75,0.6915
Seg(-0.05),1.76,0.6916
Seg(-0.05),1.77,0.6916
Seg(-0.05),1.78,0.6916
Seg(-0.05),1.79,0.6916
Seg(-0.05),1.8,0.6917
Seg(-0.05),1.81,0.6918
Seg(-0.05),1.82,0.6916
Seg(-0.05),1.83,0.6916
Seg(-0.05),1.84,0.6915
Seg(-0.05),1.85,0.6915
Seg(-0.05),1.86,0.6916
Seg(-0.05),1.87,0.6918
Seg(-0.05),1.88,0.6916
Seg(-0.05),1.89,0.6916
Seg(-0.05),1.9,0.6918
Seg(-0.05),1.91,0.6918
Seg(-0.05),1.92,0.692
Seg(-0.05),1.93,0.6919
Seg(-0.05),1.94,0.692
Seg(-0.05),1.95,0.6922
Seg(-0.05),1.96,0.6922
Seg(-0.05),1.97,0.6922
Seg(-0.05),1.98,0.6922
Seg(-0.05),1.99,0.6922
Seg(-0.05),2.0,0.6922
Seg(-0.05),2.01,0.6921
Seg(-0.05),2.02,0.6922
Seg(-0.05),2.03,0.6922
Seg(-0.05),2.04,0.6923
Seg(-0.05),2.05,0.6922
Seg(-0.05),2.06,0.6924
Seg(-0.05),2.07,0.6926
Seg(-0.05),2.08,0.6927
Seg(-0.05),2.09,0.6926
Seg(-0.05),2.1,0.6926
Seg(-0.05),2.11,0.6925
Seg(-0.05),2.12,0.6925
Seg(-0.05),2.13,0.6926
Seg(-0.05),2.14,0.6927
Seg(-0.05),2.15,0.693
Seg(-0.05),2.16,0.6929
Seg(-0.05),2.17,0.6929
Seg(-0.05),2.18,0.693
Seg(-0.05),2.19,0.693
Seg(-0.05),2.2,0.693
Seg(-0.05),2.21,0.693
Seg(-0.05),2.22,0.693
Seg(-0.05),2.23,0.693
Seg(-0.05),2.24,0.693
Seg(-0.05),2.25,0.693
Seg(-0.05),2.26,0.693
Seg(-0.05),2.27,0.693
Seg(-0.05),2.28,0.6931
Seg(-0.05),2.29,0.6932
Seg(-0.05),2.3,0.6932
Seg(-0.05),2.31,0.6932
Seg(-0.05),2.32,0.6932
Seg(-0.05),2.33,0.6931
Seg(-0.05),2.34,0.6931
Seg(-0.05),2.35,0.693
Seg(-0.05),2.36,0.693
Seg(-0.05),2.37,0.693
Seg(-0.05),2.38,0.6931
Seg(-0.05),2.39,0.6931
Seg(-0.05),2.4,0.6931
Seg(-0.05),2.41,0.6932
Seg(-0.05),2.42,0.6929
Seg(-0.05),2.43,0.6929
Seg(-0.05),2.44,0.6928
Seg(-0.05),2.45,0.6928
Seg(-0.05),2.46,0.6927
Seg(-0.05),2.47,0.6925
Seg(-0.05),2.48,0.6925
Seg(-0.05),2.49,0.6925
Seg(-0.05),2.5,0.6924
Seg(-0.05),2.51,0.6924
Seg(-0.05),2.52,0.6923
Seg(-0.05),2.53,0.6923
Seg(-0.05),2.54,0.6923
Seg(-0.05),2.55,0.6922
Seg(-0.05),2.56,0.6922
Seg(-0.05),2.57,0.6921
Seg(-0.05),2.58,0.6922
Seg(-0.05),2.59,0.6922
Seg(-0.05),2.6,0.6922
Seg(-0.05),2.61,0.6926
Seg(-0.05),2.62,0.6926
Seg(-0.05),2.63,0.6926
Seg(-0.05),2.64,0.6926
Seg(-0.05),2.65,0.6924
Seg(-0.05),2.66,0.6924
Seg(-0.05),2.67,0.6924
Seg(-0.05),2.68,0.6923
Seg(-0.05),2.69,0.6922
Seg(-0.05),2.7,0.6926
Seg(-0.05),2.71,0.6926
Seg(-0.05),2.72,0.6924
Seg(-0.05),2.73,0.692
Seg(-0.05),2.74,0.692
Seg(-0.05),2.75,0.6918
Seg(-0.05),2.76,0.6921
Seg(-0.05),2.77,0.6921
Seg(-0.05),2.78,0.6918
Seg(-0.05),2.79,0.6919
Seg(-0.05),2.8,0.6916
Seg(-0.05),2.81,0.6916
Seg(-0.05),2.82,0.6916
Seg(-0.05),2.83,0.6916
Seg(-0.05),2.84,0.6917
Seg(-0.05),2.85,0.6916
Seg(-0.05),2.86,0.6915
Seg(-0.05),2.87,0.6914
Seg(-0.05),2.88,0.691
Seg(-0.05),2.89,0.6908
Seg(-0.05),2.9,0.6907
Seg(-0.05),2.91,0.6907
Seg(-0.05),2.92,0.6905
Seg(-0.05),2.93,0.6905
Seg(-0.05),2.94,0.6902
Seg(-0.05),2.95,0.6901
Seg(-0.05),2.96,0.6899
Seg(-0.05),2.97,0.6897
Seg(-0.05),2.98,0.6897
Seg(-0.05),2.99,0.6897
Seg(-0.05),3.0,0.6895
Seg(-0.05),3.01,0.6895
Seg(-0.05),3.02,0.6895
Seg(-0.05),3.03,0.6895
Seg(-0.05),3.04,0.6893
Seg(-0.05),3.05,0.6893
Seg(-0.05),3.06,0.6892
Seg(-0.05),3.07,0.6892
Seg(-0.05),3.08,0.6891
Seg(-0.05),3.09,0.6889
Seg(-0.05),3.1,0.6885
Seg(-0.05),3.11,0.6884
Seg(-0.05),3.12,0.6881
Seg(-0.05),3.13,0.688
Seg(-0.05),3.14,0.6878
Seg(-0.05),3.15,0.6876
Seg(-0.05),3.16,0.6876
Seg(-0.05),3.17,0.6874
Seg(-0.05),3.18,0.6873
Seg(-0.05),3.19,0.6872
Seg(-0.05),3.2,0.687
Seg(-0.05),3.21,0.6869
Seg(-0.05),3.22,0.6868
Seg(-0.05),3.23,0.6866
Seg(-0.05),3.24,0.6865
Seg(-0.05),3.25,0.6863
Seg(-0.05),3.26,0.6862
Seg(-0.05),3.27,0.6862
Seg(-0.05),3.28,0.6862
Seg(-0.05),3.29,0.6859
Seg(-0.05),3.3,0.6856
Seg(-0.05),3.31,0.6856
Seg(-0.05),3.32,0.6855
Seg(-0.05),3.33,0.6854
Seg(-0.05),3.34,0.6852
Seg(-0.05),3.35,0.6849
Seg(-0.05),3.36,0.6849
Seg(-0.05),3.37,0.6848
Seg(-0.05),3.38,0.6848
Seg(-0.05),3.39,0.6846
Seg(-0.05),3.4,0.6846
Seg(-0.05),3.41,0.6845
Seg(-0.05),3.42,0.6845
Seg(-0.05),3.43,0.6845
Seg(-0.05),3.44,0.6843
Seg(-0.05),3.45,0.6843
Seg(-0.05),3.46,0.6843
Seg(-0.05),3.47,0.6843
Seg(-0.05),3.48,0.6841
Seg(-0.05),3.49,0.6841
Seg(-0.05),3.5,0.6839
Seg(-0.05),3.51,0.6839
Seg(-0.05),3.52,0.6839
Seg(-0.05),3.53,0.6839
Seg(-0.05),3.54,0.6838
Seg(-0.05),3.55,0.6837
Seg(-0.05),3.56,0.6833
Seg(-0.05),3.57,0.6831
Seg(-0.05),3.58,0.6831
Seg(-0.05),3.59,0.683
Seg(-0.05),3.6,0.683
Seg(-0.05),3.61,0.6829
Seg(-0.05),3.62,0.6829
Seg(-0.05),3.63,0.6829
Seg(-0.05),3.64,0.6829
Seg(-0.05),3.65,0.6828
Seg(-0.05),3.66,0.6828
Seg(-0.05),3.67,0.6828
Seg(-0.05),3.68,0.6828
Seg(-0.05),3.69,0.6828
Seg(-0.05),3.7,0.6828
Seg(-0.05),3.71,0.6828
Seg(-0.05),3.72,0.6828
Seg(-0.05),3.73,0.6828
Seg(-0.05),3.74,0.6828
Seg(-0.05),3.75,0.6827
Seg(-0.05),3.76,0.6827
Seg(-0.05),3.77,0.6827
Seg(-0.05),3.78,0.6827
Seg(-0.05),3.79,0.6827
Seg(-0.05),3.8,0.6827
Seg(-0.05),3.81,0.6827
Seg(-0.05),3.83,0.6827
Seg(-0.05),3.87,0.6827
Seg(-0.05),3.88,0.6827
Seg(-0.05),3.89,0.6827
Seg(-0.05),3.92,0.6827
Seg(-0.05),3.95,0.6827
Seg(-0.05),3.96,0.6827
RNG(0),0.99,0.6231
RNG(0),1.0,0.6231
RNG(0),1.01,0.6268
RNG(0),1.02,0.6327
RNG(0),1.03,0.6423
RNG(0),1.04,0.6506
RNG(0),1.05,0.6589
RNG(0),1.06,0.6675
RNG(0),1.07,0.6741
RNG(0),1.08,0.6793
RNG(0),1.09,0.6832
RNG(0),1.1,0.6857
RNG(0),1.11,0.688
RNG(0),1.12,0.689
RNG(0),1.13,0.6896
RNG(0),1.14,0.6899
RNG(0),1.15,0.6902
RNG(0),1.16,0.6903
RNG(0),1.17,0.6905
RNG(0),1.18,0.6905
RNG(0),1.19,0.6905
RNG(0),1.2,0.6905
RNG(0),1.21,0.6903
RNG(0),1.22,0.6903
RNG(0),1.23,0.6904
RNG(0),1.24,0.6904
RNG(0),1.25,0.6903
RNG(0),1.26,0.6904
RNG(0),1.27,0.6905
RNG(0),1.28,0.6904
RNG(0),1.29,0.6905
RNG(0),1.3,0.6906
RNG(0),1.31,0.6906
RNG(0),1.32,0.6907
RNG(0),1.33,0.6907
RNG(0),1.34,0.6907
RNG(0),1.35,0.6906
RNG(0),1.36,0.6907
RNG(0),1.37,0.6909
RNG(0),1.38,0.6904
RNG(0),1.39,0.6904
RNG(0),1.4,0.6906
RNG(0),1.41,0.6903
RNG(0),1.42,0.6903
RNG(0),1.43,0.6899
RNG(0),1.44,0.6901
RNG(0),1.45,0.6899
RNG(0),1.46,0.6901
RNG(0),1.47,0.6899
RNG(0),1.48,0.6901
RNG(0),1.49,0.6902
RNG(0),1.5,0.69
RNG(0),1.51,0.6899
RNG(0),1.52,0.6901
RNG(0),1.53,0.6902
RNG(0),1.54,0.6902
RNG(0),1.55,0.6902
RNG(0),1.56,0.6905
RNG(0),1.57,0.691
RNG(0),1.58,0.6914
RNG(0),1.59,0.6917
RNG(0),1.6,0.692
RNG(0),1.61,0.6924
RNG(0),1.62,0.6925
RNG(0),1.63,0.693
RNG(0),1.64,0.6933
RNG(0),1.65,0.6935
RNG(0),1.66,0.6938
RNG(0),1.67,0.694
RNG(0),1.68,0.6941
RNG(0),1.69,0.6943
RNG(0),1.7,0.6945
RNG(0),1.71,0.6943
RNG(0),1.72,0.6944
RNG(0),1.73,0.6941
RNG(0),1.74,0.6939
RNG(0),1.75,0.6937
RNG(0),1.76,0.6939
RNG(0),1.77,0.6939
RNG(0),1.78,0.6941
RNG(0),1.79,0.6941
RNG(0),1.8,0.6943
RNG(0),1.81,0.6945
RNG(0),1.82,0.6944
RNG(0),1.83,0.6945
RNG(0),1.84,0.6943
RNG(0),1.85,0.6943
RNG(0),1.86,0.6945
RNG(0),1.87,0.6949
RNG(0),1.88,0.6947
RNG(0),1.89,0.6947
RNG(0),1.9,0.6951
RNG(0),1.91,0.6951
RNG(0),1.92,0.6953
RNG(0),1.93,0.6952
RNG(0),1.94,0.6953
RNG(0),1.95,0.6956
RNG(0),1.96,0.6957
RNG(0),1.97,0.6956
RNG(0),1.98,0.6956
RNG(0),1.99,0.6957
RNG(0),2.0,0.6956
RNG(0),2.01,0.6956
RNG(0),2.02,0.6957
RNG(0),2.03,0.6958
RNG(0),2.04,0.6959
RNG(0),2.05,0.6959
RNG(0),2.06,0.696
RNG(0),2.07,0.6964
RNG(0),2.08,0.6965
RNG(0),2.09,0.6964
RNG(0),2.1,0.6966
RNG(0),2.11,0.6967
RNG(0),2.12,0.6967
RNG(0),2.13,0.6969
RNG(0),2.14,0.697
RNG(0),2.15,0.6972
RNG(0),2.16,0.6972
RNG(0),2.17,0.6972
RNG(0),2.18,0.6972
RNG(0),2.19,0.6974
RNG(0),2.2,0.6974
RNG(0),2.21,0.6974
RNG(0),2.22,0.6974
RNG(0),2.23,0.6975
RNG(0),2.24,0.6975
RNG(0),2.25,0.6976
RNG(0),2.26,0.6976
RNG(0),2.27,0.6976
RNG(0),2.28,0.6978
RNG(0),2.29,0.6978
RNG(0),2.3,0.6978
RNG(0),2.31,0.6978
RNG(0),2.32,0.6978
RNG(0),2.33,0.6977
RNG(0),2.34,0.6976
RNG(0),2.35,0.6976
RNG(0),2.36,0.6976
RNG(0),2.37,0.6976
RNG(0),2.38,0.6977
RNG(0),2.39,0.6977
RNG(0),2.4,0.6977
RNG(0),2.41,0.6978
RNG(0),2.42,0.6975
RNG(0),2.43,0.6974
RNG(0),2.44,0.6974
RNG(0),2.45,0.6974
RNG(0),2.46,0.6974
RNG(0),2.47,0.6974
RNG(0),2.48,0.6973
RNG(0),2.49,0.6972
RNG(0),2.5,0.6972
RNG(0),2.51,0.6973
RNG(0),2.52,0.6972
RNG(0),2.53,0.6972
RNG(0),2.54,0.6972
RNG(0),2.55,0.6972
RNG(0),2.56,0.6971
RNG(0),2.57,0.697
RNG(0),2.58,0.6971
RNG(0),2.59,0.6971
RNG(0),2.6,0.6971
RNG(0),2.61,0.6974
RNG(0),2.62,0.6974
RNG(0),2.63,0.6974
RNG(0),2.64,0.6974
RNG(0),2.65,0.6974
RNG(0),2.66,0.6974
RNG(0),2.67,0.6973
RNG(0),2.68,0.6973
RNG(0),2.69,0.6973
RNG(0),2.7,0.6976
RNG(0),2.71,0.6976
RNG(0),2.72,0.6974
RNG(0),2.73,0.6971
RNG(0),2.74,0.6971
RNG(0),2.75,0.697
RNG(0),2.76,0.6973
RNG(0),2.77,0.6973
RNG(0),2.78,0.6972
RNG(0),2.79,0.6974
RNG(0),2.8,0.6971
RNG(0),2.81,0.6972
RNG(0),2.82,0.6972
RNG(0),2.83,0.6972
RNG(0),2.84,0.6973
RNG(0),2.85,0.6972
RNG(0),2.86,0.6972
RNG(0),2.87,0.697
RNG(0),2.88,0.6968
RNG(0),2.89,0.6967
RNG(0),2.9,0.6966
RNG(0),2.91,0.6966
RNG(0),2.92,0.6964
RNG(0),2.93,0.6964
RNG(0),2.94,0.6961
RNG(0),2.95,0.6959
RNG(0),2.96,0.6957
RNG(0),2.97,0.6957
RNG(0),2.98,0.6956
RNG(0),2.99,0.6957
RNG(0),3.0,0.6955
RNG(0),3.01,0.6955
RNG(0),3.02,0.6955
RNG(0),3.03,0.6955
RNG(0),3.04,0.6953
RNG(0),3.05,0.6953
RNG(0),3.06,0.6953
RNG(0),3.07,0.6953
RNG(0),3.08,0.6953
RNG(0),3.09,0.6951
RNG(0),3.1,0.6949
RNG(0),3.11,0.6949
RNG(0),3.12,0.6947
RNG(0),3.13,0.6946
RNG(0),3.14,0.6944
RNG(0),3.15,0.6943
RNG(0),3.16,0.6945
RNG(0),3.17,0.6944
RNG(0),3.18,0.6944
RNG(0),3.19,0.6943
RNG(0),3.2,0.6942
RNG(0),3.21,0.6941
RNG(0),3.22,0.694
RNG(0),3.23,0.6939
RNG(0),3.24,0.6939
RNG(0),3.25,0.6937
RNG(0),3.26,0.6939
RNG(0),3.27,0.6939
RNG(0),3.28,0.6938
RNG(0),3.29,0.6937
RNG(0),3.3,0.6935
RNG(0),3.31,0.6935
RNG(0),3.32,0.6935
RNG(0),3.33,0.6934
RNG(0),3.34,0.6932
RNG(0),3.35,0.6929
RNG(0),3.36,0.6929
RNG(0),3.37,0.6929
RNG(0),3.38,0.6929
RNG(0),3.39,0.6928
RNG(0),3.4,0.6927
RNG(0),3.41,0.6926
RNG(0),3.42,0.6926
RNG(0),3.43,0.6926
RNG(0),3.44,0.6925
RNG(0),3.45,0.6924
RNG(0),3.46,0.6924
RNG(0),3.47,0.6924
RNG(0),3.48,0.6923
RNG(0),3.49,0.6923
RNG(0),3.5,0.6922
RNG(0),3.51,0.6924
RNG(0),3.52,0.6924
RNG(0),3.53,0.6924
RNG(0),3.54,0.6924
RNG(0),3.55,0.6924
RNG(0),3.56,0.692
RNG(0),3.57,0.6918
RNG(0),3.58,0.6918
RNG(0),3.59,0.6918
RNG(0),3.6,0.6918
RNG(0),3.61,0.6918
RNG(0),3.62,0.6917
RNG(0),3.63,0.6917
RNG(0),3.64,0.6917
RNG(0),3.65,0.6917
RNG(0),3.66,0.6917
RNG(0),3.67,0.6917
RNG(0),3.68,0.6917
RNG(0),3.69,0.6917
RNG(0),3.7,0.6917
RNG(0),3.71,0.6917
RNG(0),3.72,0.6917
RNG(0),3.73,0.6917
RNG(0),3.74,0.6917
RNG(0),3.75,0.6916
RNG(0),3.76,0.6916
RNG(0),3.77,0.6916
RNG(0),3.78,0.6916
RNG(0),3.79,0.6916
RNG(0),3.8,0.6916
RNG(0),3.81,0.6916
RNG(0),3.83,0.6916
RNG(0),3.87,0.6916
RNG(0),3.88,0.6916
RNG(0),3.89,0.6916
RNG(0),3.92,0.6916
RNG(0),3.95,0.6916
RNG(0),3.96,0.6916
Seg(0),0.99,0.6231
Seg(0),1.0,0.6231
Seg(0),1.01,0.6264
Seg(0),1.02,0.6317
Seg(0),1.03,0.6401
Seg(0),1.04,0.6468
Seg(0),1.05,0.6542
Seg(0),1.06,0.6618
Seg(0),1.07,0.6683
Seg(0),1.08,0.6731
Seg(0),1.09,0.6766
Seg(0),1.1,0.6788
Seg(0),1.11,0.681
Seg(0),1.12,0.682
Seg(0),1.13,0.6825
Seg(0),1.14,0.6828
Seg(0),1.15,0.6831
Seg(0),1.16,0.6833
Seg(0),1.17,0.6834
Seg(0),1.18,0.6835
Seg(0),1.19,0.6835
Seg(0),1.2,0.6836
Seg(0),1.21,0.6836
Seg(0),1.22,0.6836
Seg(0),1.23,0.6837
Seg(0),1.24,0.6837
Seg(0),1.25,0.6837
Seg(0),1.26,0.6837
Seg(0),1.27,0.6839
Seg(0),1.28,0.6837
Seg(0),1.29,0.6838
Seg(0),1.3,0.6839
Seg(0),1.31,0.6839
Seg(0),1.32,0.6839
Seg(0),1.33,0.6837
Seg(0),1.34,0.6839
Seg(0),1.35,0.6839
Seg(0),1.36,0.6839
Seg(0),1.37,0.6841
Seg(0),1.38,0.6839
Seg(0),1.39,0.684
Seg(0),1.4,0.6842
Seg(0),1.41,0.6841
Seg(0),1.42,0.6841
Seg(0),1.43,0.6839
Seg(0),1.44,0.6841
Seg(0),1.45,0.684
Seg(0),1.46,0.6841
Seg(0),1.47,0.6839
Seg(0),1.48,0.6839
Seg(0),1.49,0.684
Seg(0),1.5,0.6839
Seg(0),1.51,0.6838
Seg(0),1.52,0.684
Seg(0),1.53,0.6841
Seg(0),1.54,0.6841
Seg(0),1.55,0.6841
Seg(0),1.56,0.6845
Seg(0),1.57,0.6848
Seg(0),1.58,0.685
Seg(0),1.59,0.6851
Seg(0),1.6,0.6853
Seg(0),1.61,0.6857
Seg(0),1.62,0.6859
Seg(0),1.63,0.6864
Seg(0),1.64,0.6867
Seg(0),1.65,0.6869
Seg(0),1.66,0.6873
Seg(0),1.67,0.6874
Seg(0),1.68,0.6876
Seg(0),1.69,0.6878
Seg(0),1.7,0.688
Seg(0),1.71,0.6879
Seg(0),1.72,0.688
Seg(0),1.73,0.6877
Seg(0),1.74,0.6875
Seg(0),1.75,0.6875
Seg(0),1.76,0.6877
Seg(0),1.77,0.6877
Seg(0),1.78,0.6878
Seg(0),1.79,0.6878
Seg(0),1.8,0.688
Seg(0),1.81,0.6882
Seg(0),1.82,0.6881
Seg(0),1.83,0.6882
Seg(0),1.84,0.688
Seg(0),1.85,0.688
Seg(0),1.86,0.6882
Seg(0),1.87,0.6885
Seg(0),1.88,0.6883
Seg(0),1.89,0.6884
Seg(0),1.9,0.6887
Seg(0),1.91,0.6887
Seg(0),1.92,0.6887
Seg(0),1.93,0.6886
Seg(0),1.94,0.6887
Seg(0),1.95,0.689
Seg(0),1.96,0.6891
Seg(0),1.97,0.689
Seg(0),1.98,0.689
Seg(0),1.99,0.6891
Seg(0),2.0,0.6891
Seg(0),2.01,0.6891
Seg(0),2.02,0.6891
Seg(0),2.03,0.6891
Seg(0),2.04,0.6892
Seg(0),2.05,0.6891
Seg(0),2.06,0.6893
Seg(0),2.07,0.6896
Seg(0),2.08,0.6897
Seg(0),2.09,0.6897
Seg(0),2.1,0.6897
Seg(0),2.11,0.6899
Seg(0),2.12,0.6898
Seg(0),2.13,0.69
Seg(0),2.14,0.6901
Seg(0),2.15,0.6903
Seg(0),2.16,0.6903
Seg(0),2.17,0.6904
Seg(0),2.18,0.6904
Seg(0),2.19,0.6904
Seg(0),2.2,0.6904
Seg(0),2.21,0.6905
Seg(0),2.22,0.6905
Seg(0),2.23,0.6905
Seg(0),2.24,0.6905
Seg(0),2.25,0.6907
Seg(0),2.26,0.6907
Seg(0),2.27,0.6907
Seg(0),2.28,0.6908
Seg(0),2.29,0.6909
Seg(0),2.3,0.691
Seg(0),2.31,0.6907
Seg(0),2.32,0.6907
Seg(0),2.33,0.6907
Seg(0),2.34,0.6906
Seg(0),2.35,0.6906
Seg(0),2.36,0.6905
Seg(0),2.37,0.6905
Seg(0),2.38,0.6907
Seg(0),2.39,0.6907
Seg(0),2.4,0.6907
Seg(0),2.41,0.6907
Seg(0),2.42,0.6905
Seg(0),2.43,0.6905
Seg(0),2.44,0.6906
Seg(0),2.45,0.6907
Seg(0),2.46,0.6907
Seg(0),2.47,0.6907
Seg(0),2.48,0.6907
Seg(0),2.49,0.6907
Seg(0),2.5,0.6907
Seg(0),2.51,0.6908
Seg(0),2.52,0.6907
Seg(0),2.53,0.6907
Seg(0),2.54,0.6907
Seg(0),2.55,0.6907
Seg(0),2.56,0.6907
Seg(0),2.57,0.6906
Seg(0),2.58,0.6907
Seg(0),2.59,0.6907
Seg(0),2.6,0.6907
Seg(0),2.61,0.691
Seg(0),2.62,0.691
Seg(0),2.63,0.691
Seg(0),2.64,0.691
Seg(0),2.65,0.6911
Seg(0),2.66,0.6911
Seg(0),2.67,0.691
Seg(0),2.68,0.691
Seg(0),2.69,0.6911
Seg(0),2.7,0.6914
Seg(0),2.71,0.6914
Seg(0),2.72,0.6913
Seg(0),2.73,0.691
Seg(0),2.74,0.691
Seg(0),2.75,0.6909
Seg(0),2.76,0.6912
Seg(0),2.77,0.6912
Seg(0),2.78,0.691
Seg(0),2.79,0.6912
Seg(0),2.8,0.6912
Seg(0),2.81,0.6912
Seg(0),2.82,0.6912
Seg(0),2.83,0.6912
Seg(0),2.84,0.6914
Seg(0),2.85,0.6912
Seg(0),2.86,0.6912
Seg(0),2.87,0.6912
Seg(0),2.88,0.6909
Seg(0),2.89,0.6907
Seg(0),2.9,0.6907
Seg(0),2.91,0.6907
Seg(0),2.92,0.6904
Seg(0),2.93,0.6905
Seg(0),2.94,0.6901
Seg(0),2.95,0.6899
Seg(0),2.96,0.6898
Seg(0),2.97,0.6897
Seg(0),2.98,0.6897
Seg(0),2.99,0.6897
Seg(0),3.0,0.6895
Seg(0),3.01,0.6895
Seg(0),3.02,0.6896
Seg(0),3.03,0.6895
Seg(0),3.04,0.6893
Seg(0),3.05,0.6893
Seg(0),3.06,0.6893
Seg(0),3.07,0.6893
Seg(0),3.08,0.6893
Seg(0),3.09,0.6893
Seg(0),3.1,0.6892
Seg(0),3.11,0.6891
Seg(0),3.12,0.6891
Seg(0),3.13,0.689
Seg(0),3.14,0.6888
Seg(0),3.15,0.6887
Seg(0),3.16,0.6888
Seg(0),3.17,0.6887
Seg(0),3.18,0.6887
Seg(0),3.19,0.6887
Seg(0),3.2,0.6885
Seg(0),3.21,0.6884
Seg(0),3.22,0.6883
Seg(0),3.23,0.6882
Seg(0),3.24,0.6882
Seg(0),3.25,0.688
Seg(0),3.26,0.6881
Seg(0),3.27,0.6882
Seg(0),3.28,0.6882
Seg(0),3.29,0.6881
Seg(0),3.3,0.688
Seg(0),3.31,0.688
Seg(0),3.32,0.6879
Seg(0),3.33,0.6878
Seg(0),3.34,0.6877
Seg(0),3.35,0.6874
Seg(0),3.36,0.6874
Seg(0),3.37,0.6874
Seg(0),3.38,0.6874
Seg(0),3.39,0.6873
Seg(0),3.4,0.6872
Seg(0),3.41,0.6872
Seg(0),3.42,0.6871
Seg(0),3.43,0.6871
Seg(0),3.44,0.687
Seg(0),3.45,0.687
Seg(0),3.46,0.6869
Seg(0),3.47,0.6869
Seg(0),3.48,0.6868
Seg(0),3.49,0.6868
Seg(0),3.5,0.6866
Seg(0),3.51,0.6869
Seg(0),3.52,0.6868
Seg(0),3.53,0.6868
Seg(0),3.54,0.6867
Seg(0),3.55,0.6866
Seg(0),3.56,0.6862
Seg(0),3.57,0.6861
Seg(0),3.58,0.6861
Seg(0),3.59,0.6861
Seg(0),3.6,0.6861
Seg(0),3.61,0.6861
Seg(0),3.62,0.6861
Seg(0),3.63,0.6861
Seg(0),3.64,0.6861
Seg(0),3.65,0.6861
Seg(0),3.66,0.6861
Seg(0),3.67,0.6861
Seg(0),3.68,0.6861
Seg(0),3.69,0.6861
Seg(0),3.7,0.6861
Seg(0),3.71,0.6861
Seg(0),3.72,0.6861
Seg(0),3.73,0.6861
Seg(0),3.74,0.6861
Seg(0),3.75,0.6861
Seg(0),3.76,0.6861
Seg(0),3.77,0.6861
Seg(0),3.78,0.6861
Seg(0),3.79,0.6861
Seg(0),3.8,0.6861
Seg(0),3.81,0.6861
Seg(0),3.83,0.6861
Seg(0),3.87,0.6861
Seg(0),3.88,0.6861
Seg(0),3.89,0.6861
Seg(0),3.92,0.686
Seg(0),3.95,0.686
Seg(0),3.96,0.686
RNG(0.05),0.99,0.6231
RNG(0.05),1.0,0.6231
RNG(0.05),1.01,0.6261
RNG(0.05),1.02,0.6316
RNG(0.05),1.03,0.6404
RNG(0.05),1.04,0.6477
RNG(0.05),1.05,0.6556
RNG(0.05),1.06,0.6631
RNG(0.05),1.07,0.6698
RNG(0.05),1.08,0.6749
RNG(0.05),1.09,0.6787
RNG(0.05),1.1,0.681
RNG(0.05),1.11,0.6834
RNG(0.05),1.12,0.6845
RNG(0.05),1.13,0.6851
RNG(0.05),1.14,0.6853
RNG(0.05),1.15,0.6857
RNG(0.05),1.16,0.6858
RNG(0.05),1.17,0.686
RNG(0.05),1.18,0.686
RNG(0.05),1.19,0.686
RNG(0.05),1.2,0.6862
RNG(0.05),1.21,0.6862
RNG(0.05),1.22,0.6862
RNG(0.05),1.23,0.6862
RNG(0.05),1.24,0.6863
RNG(0.05),1.25,0.6862
RNG(0.05),1.26,0.6862
RNG(0.05),1.27,0.6864
RNG(0.05),1.28,0.6862
RNG(0.05),1.29,0.6864
RNG(0.05),1.3,0.6864
RNG(0.05),1.31,0.6864
RNG(0.05),1.32,0.6865
RNG(0.05),1.33,0.6866
RNG(0.05),1.34,0.6868
RNG(0.05),1.35,0.6868
RNG(0.05),1.36,0.6868
RNG(0.05),1.37,0.6871
RNG(0.05),1.38,0.6872
RNG(0.05),1.39,0.6872
RNG(0.05),1.4,0.6876
RNG(0.05),1.41,0.6877
RNG(0.05),1.42,0.6878
RNG(0.05),1.43,0.6878
RNG(0.05),1.44,0.6881
RNG(0.05),1.45,0.6881
RNG(0.05),1.46,0.6883
RNG(0.05),1.47,0.688
RNG(0.05),1.48,0.6882
RNG(0.05),1.49,0.6883
RNG(0.05),1.5,0.6882
RNG(0.05),1.51,0.6883
RNG(0.05),1.52,0.6884
RNG(0.05),1.53,0.6886
RNG(0.05),1.54,0.6886
RNG(0.05),1.55,0.6887
RNG(0.05),1.56,0.6891
RNG(0.05),1.57,0.6896
RNG(0.05),1.58,0.6897
RNG(0.05),1.59,0.6903
RNG(0.05),1.6,0.6905
RNG(0.05),1.61,0.691
RNG(0.05),1.62,0.6912
RNG(0.05),1.63,0.6918
RNG(0.05),1.64,0.6922
RNG(0.05),1.65,0.6924
RNG(0.05),1.66,0.6928
RNG(0.05),1.67,0.6929
RNG(0.05),1.68,0.693
RNG(0.05),1.69,0.6932
RNG(0.05),1.7,0.6934
RNG(0.05),1.71,0.6934
RNG(0.05),1.72,0.6935
RNG(0.05),1.73,0.6932
RNG(0.05),1.74,0.693
RNG(0.05),1.75,0.693
RNG(0.05),1.76,0.6932
RNG(0.05),1.77,0.6933
RNG(0.05),1.78,0.6935
RNG(0.05),1.79,0.6935
RNG(0.05),1.8,0.6936
RNG(0.05),1.81,0.6938
RNG(0.05),1.82,0.6939
RNG(0.05),1.83,0.6939
RNG(0.05),1.84,0.6939
RNG(0.05),1.85,0.6939
RNG(0.05),1.86,0.6941
RNG(0.05),1.87,0.6945
RNG(0.05),1.88,0.6943
RNG(0.05),1.89,0.6944
RNG(0.05),1.9,0.6947
RNG(0.05),1.91,0.6949
RNG(0.05),1.92,0.695
RNG(0.05),1.93,0.6949
RNG(0.05),1.94,0.6951
RNG(0.05),1.95,0.6953
RNG(0.05),1.96,0.6954
RNG(0.05),1.97,0.6953
RNG(0.05),1.98,0.6953
RNG(0.05),1.99,0.6954
RNG(0.05),2.0,0.6954
RNG(0.05),2.01,0.6954
RNG(0.05),2.02,0.6955
RNG(0.05),2.03,0.6957
RNG(0.05),2.04,0.6958
RNG(0.05),2.05,0.6957
RNG(0.05),2.06,0.6959
RNG(0.05),2.07,0.6962
RNG(0.05),2.08,0.6964
RNG(0.05),2.09,0.6963
RNG(0.05),2.1,0.6964
RNG(0.05),2.11,0.6965
RNG(0.05),2.12,0.6965
RNG(0.05),2.13,0.6967
RNG(0.05),2.14,0.6969
RNG(0.05),2.15,0.6971
RNG(0.05),2.16,0.6971
RNG(0.05),2.17,0.6972
RNG(0.05),2.18,0.6972
RNG(0.05),2.19,0.6973
RNG(0.05),2.2,0.6974
RNG(0.05),2.21,0.6974
RNG(0.05),2.22,0.6974
RNG(0.05),2.23,0.6975
RNG(0.05),2.24,0.6975
RNG(0.05),2.25,0.6976
RNG(0.05),2.26,0.6977
RNG(0.05),2.27,0.6977
RNG(0.05),2.28,0.6978
RNG(0.05),2.29,0.6979
RNG(0.05),2.3,0.6979
RNG(0.05),2.31,0.6978
RNG(0.05),2.32,0.6978
RNG(0.05),2.33,0.6978
RNG(0.05),2.34,0.6977
RNG(0.05),2.35,0.6977
RNG(0.05),2.36,0.6977
RNG(0.05),2.37,0.6977
RNG(0.05),2.38,0.6978
RNG(0.05),2.39,0.6978
RNG(0.05),2.4,0.6978
RNG(0.05),2.41,0.6979
RNG(0.05),2.42,0.6976
RNG(0.05),2.43,0.6977
RNG(0.05),2.44,0.6978
RNG(0.05),2.45,0.6978
RNG(0.05),2.46,0.6978
RNG(0.05),2.47,0.6978
RNG(0.05),2.48,0.6978
RNG(0.05),2.49,0.6977
RNG(0.05),2.5,0.6977
RNG(0.05),2.51,0.6978
RNG(0.05),2.52,0.6978
RNG(0.05),2.53,0.6979
RNG(0.05),2.54,0.6979
RNG(0.05),2.55,0.6979
RNG(0.05),2.56,0.6978
RNG(0.05),2.57,0.6978
RNG(0.05),2.58,0.6979
RNG(0.05),2.59,0.6979
RNG(0.05),2.6,0.6979
RNG(0.05),2.61,0.6982
RNG(0.05),2.62,0.6982
RNG(0.05),2.63,0.6982
RNG(0.05),2.64,0.6982
RNG(0.05),2.65,0.6983
RNG(0.05),2.66,0.6983
RNG(0.05),2.67,0.6984
RNG(0.05),2.68,0.6984
RNG(0.05),2.69,0.6984
RNG(0.05),2.7,0.6988
RNG(0.05),2.71,0.6988
RNG(0.05),2.72,0.6987
RNG(0.05),2.73,0.6984
RNG(0.05),2.74,0.6984
RNG(0.05),2.75,0.6984
RNG(0.05),2.76,0.6986
RNG(0.05),2.77,0.6986
RNG(0.05),2.78,0.6986
RNG(0.05),2.79,0.6988
RNG(0.05),2.8,0.6987
RNG(0.05),2.81,0.6988
RNG(0.05),2.82,0.6988
RNG(0.05),2.83,0.6988
RNG(0.05),2.84,0.6989
RNG(0.05),2.85,0.6988
RNG(0.05),2.86,0.6989
RNG(0.05),2.87,0.6989
RNG(0.05),2.88,0.6989
RNG(0.05),2.89,0.6987
RNG(0.05),2.9,0.6987
RNG(0.05),2.91,0.6987
RNG(0.05),2.92,0.6986
RNG(0.05),2.93,0.6986
RNG(0.05),2.94,0.6988
RNG(0.05),2.95,0.6986
RNG(0.05),2.96,0.6985
RNG(0.05),2.97,0.6985
RNG(0.05),2.98,0.6984
RNG(0.05),2.99,0.6985
RNG(0.05),3.0,0.6983
RNG(0.05),3.01,0.6983
RNG(0.05),3.02,0.6984
RNG(0.05),3.03,0.6984
RNG(0.05),3.04,0.6982
RNG(0.05),3.05,0.6982
RNG(0.05),3.06,0.6982
RNG(0.05),3.07,0.6982
RNG(0.05),3.08,0.6982
RNG(0.05),3.09,0.6982
RNG(0.05),3.1,0.6981
RNG(0.05),3.11,0.698
RNG(0.05),3.12,0.698
RNG(0.05),3.13,0.6979
RNG(0.05),3.14,0.6977
RNG(0.05),3.15,0.6976
RNG(0.05),3.16,0.6978
RNG(0.05),3.17,0.6978
RNG(0.05),3.18,0.6978
RNG(0.05),3.19,0.6978
RNG(0.05),3.2,0.6978
RNG(0.05),3.21,0.6978
RNG(0.05),3.22,0.6977
RNG(0.05),3.23,0.6979
RNG(0.05),3.24,0.6979
RNG(0.05),3.25,0.6978
RNG(0.05),3.26,0.6979
RNG(0.05),3.27,0.698
RNG(0.05),3.28,0.698
RNG(0.05),3.29,0.6979
RNG(0.05),3.3,0.6979
RNG(0.05),3.31,0.698
RNG(0.05),3.32,0.698
RNG(0.05),3.33,0.698
RNG(0.05),3.34,0.6978
RNG(0.05),3.35,0.6975
RNG(0.05),3.36,0.6975
RNG(0.05),3.37,0.6975
RNG(0.05),3.38,0.6975
RNG(0.05),3.39,0.6974
RNG(0.05),3.4,0.6974
RNG(0.05),3.41,0.6974
RNG(0.05),3.42,0.6974
RNG(0.05),3.43,0.6974
RNG(0.05),3.44,0.6973
RNG(0.05),3.45,0.6973
RNG(0.05),3.46,0.6973
RNG(0.05),3.47,0.6972
RNG(0.05),3.48,0.6971
RNG(0.05),3.49,0.6972
RNG(0.05),3.5,0.6972
RNG(0.05),3.51,0.6974
RNG(0.05),3.52,0.6974
RNG(0.05),3.53,0.6974
RNG(0.05),3.54,0.6974
RNG(0.05),3.55,0.6973
RNG(0.05),3.56,0.6969
RNG(0.05),3.57,0.6968
RNG(0.05),3.58,0.6968
RNG(0.05),3.59,0.6969
RNG(0.05),3.6,0.6969
RNG(0.05),3.61,0.6969
RNG(0.05),3.62,0.6968
RNG(0.05),3.63,0.6968
RNG(0.05),3.64,0.6968
RNG(0.05),3.65,0.6968
RNG(0.05),3.66,0.6968
RNG(0.05),3.67,0.6968
RNG(0.05),3.68,0.6968
RNG(0.05),3.69,0.6968
RNG(0.05),3.7,0.6968
RNG(0.05),3.71,0.6968
RNG(0.05),3.72,0.6968
RNG(0.05),3.73,0.6968
RNG(0.05),3.74,0.6968
RNG(0.05),3.75,0.6968
RNG(0.05),3.76,0.6968
RNG(0.05),3.77,0.6968
RNG(0.05),3.78,0.6968
RNG(0.05),3.79,0.6968
RNG(0.05),3.8,0.6968
RNG(0.05),3.81,0.6968
RNG(0.05),3.83,0.6968
RNG(0.05),3.87,0.6968
RNG(0.05),3.88,0.6968
RNG(0.05),3.89,0.6968
RNG(0.05),3.92,0.6968
RNG(0.05),3.95,0.6968
RNG(0.05),3.96,0.6968
Seg(0.05),0.99,0.6231
Seg(0.05),1.0,0.6231
Seg(0.05),1.01,0.6257
Seg(0.05),1.02,0.6302
Seg(0.05),1.03,0.6374
Seg(0.05),1.04,0.6438
Seg(0.05),1.05,0.6508
Seg(0.05),1.06,0.6571
Seg(0.05),1.07,0.6628
Seg(0.05),1.08,0.6669
Seg(0.05),1.09,0.6703
Seg(0.05),1.1,0.6722
Seg(0.05),1.11,0.6743
Seg(0.05),1.12,0.6755
Seg(0.05),1.13,0.676
Seg(0.05),1.14,0.6762
Seg(0.05),1.15,0.6767
Seg(0.05),1.16,0.6769
Seg(0.05),1.17,0.677
Seg(0.05),1.18,0.6771
Seg(0.05),1.19,0.6771
Seg(0.05),1.2,0.6772
Seg(0.05),1.21,0.6772
Seg(0.05),1.22,0.6772
Seg(0.05),1.23,0.6773
Seg(0.05),1.24,0.6774
Seg(0.05),1.25,0.6773
Seg(0.05),1.26,0.6773
Seg(0.05),1.27,0.6774
Seg(0.05),1.28,0.6773
Seg(0.05),1.29,0.6774
Seg(0.05),1.3,0.6775
Seg(0.05),1.31,0.6775
Seg(0.05),1.32,0.6775
Seg(0.05),1.33,0.6775
Seg(0.05),1.34,0.6777
Seg(0.05),1.35,0.6777
Seg(0.05),1.36,0.6777
Seg(0.05),1.37,0.6779
Seg(0.05),1.38,0.6777
Seg(0.05),1.39,0.6778
Seg(0.05),1.4,0.6781
Seg(0.05),1.41,0.6782
Seg(0.05),1.42,0.6784
Seg(0.05),1.43,0.6783
Seg(0.05),1.44,0.6784
Seg(0.05),1.45,0.6784
Seg(0.05),1.46,0.6786
Seg(0.05),1.47,0.6786
Seg(0.05),1.48,0.6787
Seg(0.05),1.49,0.6789
Seg(0.05),1.5,0.6786
Seg(0.05),1.51,0.6786
Seg(0.05),1.52,0.6788
Seg(0.05),1.53,0.6789
Seg(0.05),1.54,0.6789
Seg(0.05),1.55,0.6789
Seg(0.05),1.56,0.6793
Seg(0.05),1.57,0.6796
Seg(0.05),1.58,0.6797
Seg(0.05),1.59,0.6801
Seg(0.05),1.6,0.6804
Seg(0.05),1.61,0.6808
Seg(0.05),1.62,0.6809
Seg(0.05),1.63,0.6813
Seg(0.05),1.64,0.6818
Seg(0.05),1.65,0.6819
Seg(0.05),1.66,0.6822
Seg(0.05),1.67,0.6823
Seg(0.05),1.68,0.6824
Seg(0.05),1.69,0.6826
Seg(0.05),1.7,0.6828
Seg(0.05),1.71,0.6828
Seg(0.05),1.72,0.6829
Seg(0.05),1.73,0.6828
Seg(0.05),1.74,0.6826
Seg(0.05),1.75,0.6826
Seg(0.05),1.76,0.6828
Seg(0.05),1.77,0.6829
Seg(0.05),1.78,0.6831
Seg(0.05),1.79,0.6831
Seg(0.05),1.8,0.6832
Seg(0.05),1.81,0.6833
Seg(0.05),1.82,0.6834
Seg(0.05),1.83,0.6835
Seg(0.05),1.84,0.6836
Seg(0.05),1.85,0.6836
Seg(0.05),1.86,0.6837
Seg(0.05),1.87,0.6839
Seg(0.05),1.88,0.6837
Seg(0.05),1.89,0.6837
Seg(0.05),1.9,0.6839
Seg(0.05),1.91,0.684
Seg(0.05),1.92,0.6841
Seg(0.05),1.93,0.6841
Seg(0.05),1.94,0.6842
Seg(0.05),1.95,0.6845
Seg(0.05),1.96,0.6847
Seg(0.05),1.97,0.6846
Seg(0.05),1.98,0.6845
Seg(0.05),1.99,0.6846
Seg(0.05),2.0,0.6846
Seg(0.05),2.01,0.6846
Seg(0.05),2.02,0.6847
Seg(0.05),2.03,0.6847
Seg(0.05),2.04,0.6849
Seg(0.05),2.05,0.6848
Seg(0.05),2.06,0.685
Seg(0.05),2.07,0.6853
Seg(0.05),2.08,0.6855
Seg(0.05),2.09,0.6854
Seg(0.05),2.1,0.6854
Seg(0.05),2.11,0.6856
Seg(0.05),2.12,0.6856
Seg(0.05),2.13,0.6857
Seg(0.05),2.14,0.6858
Seg(0.05),2.15,0.686
Seg(0.05),2.16,0.686
Seg(0.05),2.17,0.686
Seg(0.05),2.18,0.6862
Seg(0.05),2.19,0.6862
Seg(0.05),2.2,0.6864
Seg(0.05),2.21,0.6864
Seg(0.05),2.22,0.6864
Seg(0.05),2.23,0.6865
Seg(0.05),2.24,0.6865
Seg(0.05),2.25,0.6866
Seg(0.05),2.26,0.6867
Seg(0.05),2.27,0.6867
Seg(0.05),2.28,0.6868
Seg(0.05),2.29,0.6869
Seg(0.05),2.3,0.6869
Seg(0.05),2.31,0.6868
Seg(0.05),2.32,0.6868
Seg(0.05),2.33,0.6867
Seg(0.05),2.34,0.6867
Seg(0.05),2.35,0.6867
Seg(0.05),2.36,0.6867
Seg(0.05),2.37,0.6867
Seg(0.05),2.38,0.6868
Seg(0.05),2.39,0.6868
Seg(0.05),2.4,0.6868
Seg(0.05),2.41,0.6869
Seg(0.05),2.42,0.6866
Seg(0.05),2.43,0.6867
Seg(0.05),2.44,0.6868
Seg(0.05),2.45,0.6868
Seg(0.05),2.46,0.6868
Seg(0.05),2.47,0.6868
Seg(0.05),2.48,0.6868
Seg(0.05),2.49,0.6868
Seg(0.05),2.5,0.6868
Seg(0.05),2.51,0.6869
Seg(0.05),2.52,0.6869
Seg(0.05),2.53,0.687
Seg(0.05),2.54,0.687
Seg(0.05),2.55,0.687
Seg(0.05),2.56,0.687
Seg(0.05),2.57,0.687
Seg(0.05),2.58,0.687
Seg(0.05),2.59,0.687
Seg(0.05),2.6,0.687
Seg(0.05),2.61,0.6874
Seg(0.05),2.62,0.6874
Seg(0.05),2.63,0.6874
Seg(0.05),2.64,0.6874
Seg(0.05),2.65,0.6874
Seg(0.05),2.66,0.6874
Seg(0.05),2.67,0.6875
Seg(0.05),2.68,0.6875
Seg(0.05),2.69,0.6875
Seg(0.05),2.7,0.6879
Seg(0.05),2.71,0.6879
Seg(0.05),2.72,0.6878
Seg(0.05),2.73,0.6875
Seg(0.05),2.74,0.6875
Seg(0.05),2.75,0.6875
Seg(0.05),2.76,0.6878
Seg(0.05),2.77,0.6878
Seg(0.05),2.78,0.6877
Seg(0.05),2.79,0.6879
Seg(0.05),2.8,0.6878
Seg(0.05),2.81,0.6879
Seg(0.05),2.82,0.6879
Seg(0.05),2.83,0.688
Seg(0.05),2.84,0.6881
Seg(0.05),2.85,0.688
Seg(0.05),2.86,0.6881
Seg(0.05),2.87,0.6881
Seg(0.05),2.88,0.688
Seg(0.05),2.89,0.6879
Seg(0.05),2.9,0.6878
Seg(0.05),2.91,0.6878
Seg(0.05),2.92,0.6878
Seg(0.05),2.93,0.6878
Seg(0.05),2.94,0.688
Seg(0.05),2.95,0.6879
Seg(0.05),2.96,0.6879
Seg(0.05),2.97,0.6879
Seg(0.05),2.98,0.6879
Seg(0.05),2.99,0.6879
Seg(0.05),3.0,0.6878
Seg(0.05),3.01,0.6878
Seg(0.05),3.02,0.6879
Seg(0.05),3.03,0.6879
Seg(0.05),3.04,0.6878
Seg(0.05),3.05,0.6878
Seg(0.05),3.06,0.6878
Seg(0.05),3.07,0.688
Seg(0.05),3.08,0.688
Seg(0.05),3.09,0.688
Seg(0.05),3.1,0.6878
Seg(0.05),3.11,0.6878
Seg(0.05),3.12,0.6878
Seg(0.05),3.13,0.6877
Seg(0.05),3.14,0.6876
Seg(0.05),3.15,0.6876
Seg(0.05),3.16,0.6877
Seg(0.05),3.17,0.6877
Seg(0.05),3.18,0.6877
Seg(0.05),3.19,0.6876
Seg(0.05),3.2,0.6876
Seg(0.05),3.21,0.6876
Seg(0.05),3.22,0.6876
Seg(0.05),3.23,0.6877
Seg(0.05),3.24,0.6877
Seg(0.05),3.25,0.6876
Seg(0.05),3.26,0.6877
Seg(0.05),3.27,0.6877
Seg(0.05),3.28,0.6877
Seg(0.05),3.29,0.6877
Seg(0.05),3.3,0.6877
Seg(0.05),3.31,0.6877
Seg(0.05),3.32,0.6877
Seg(0.05),3.33,0.6877
Seg(0.05),3.34,0.6877
Seg(0.05),3.35,0.6874
Seg(0.05),3.36,0.6874
Seg(0.05),3.37,0.6874
Seg(0.05),3.38,0.6874
Seg(0.05),3.39,0.6873
Seg(0.05),3.4,0.6873
Seg(0.05),3.41,0.6873
Seg(0.05),3.42,0.6873
Seg(0.05),3.43,0.6872
Seg(0.05),3.44,0.687
Seg(0.05),3.45,0.687
Seg(0.05),3.46,0.687
Seg(0.05),3.47,0.687
Seg(0.05),3.48,0.6869
Seg(0.05),3.49,0.687
Seg(0.05),3.5,0.6868
Seg(0.05),3.51,0.6871
Seg(0.05),3.52,0.6871
Seg(0.05),3.53,0.6871
Seg(0.05),3.54,0.687
Seg(0.05),3.55,0.687
Seg(0.05),3.56,0.6868
Seg(0.05),3.57,0.6868
Seg(0.05),3.58,0.6868
Seg(0.05),3.59,0.6869
Seg(0.05),3.6,0.6869
Seg(0.05),3.61,0.6869
Seg(0.05),3.62,0.6868
Seg(0.05),3.63,0.6868
Seg(0.05),3.64,0.6868
Seg(0.05),3.65,0.6868
Seg(0.05),3.66,0.6868
Seg(0.05),3.67,0.6868
Seg(0.05),3.68,0.6868
Seg(0.05),3.69,0.6868
Seg(0.05),3.7,0.6868
Seg(0.05),3.71,0.6868
Seg(0.05),3.72,0.6868
Seg(0.05),3.73,0.6868
Seg(0.05),3.74,0.6868
Seg(0.05),3.75,0.6868
Seg(0.05),3.76,0.6868
Seg(0.05),3.77,0.6868
Seg(0.05),3.78,0.6868
Seg(0.05),3.79,0.6868
Seg(0.05),3.8,0.6868
Seg(0.05),3.81,0.6868
Seg(0.05),3.83,0.6868
Seg(0.05),3.87,0.6868
Seg(0.05),3.88,0.6868
Seg(0.05),3.89,0.6868
Seg(0.05),3.92,0.6867
Seg(0.05),3.95,0.6867
Seg(0.05),3.96,0.6867
RNG(0.1),0.99,0.6231
RNG(0.1),1.0,0.6231
RNG(0.1),1.01,0.6257
RNG(0.1),1.02,0.63
RNG(0.1),1.03,0.6381
RNG(0.1),1.04,0.6448
RNG(0.1),1.05,0.6523
RNG(0.1),1.06,0.6589
RNG(0.1),1.07,0.6651
RNG(0.1),1.08,0.6698
RNG(0.1),1.09,0.6735
RNG(0.1),1.1,0.6756
RNG(0.1),1.11,0.6781
RNG(0.1),1.12,0.6793
RNG(0.1),1.13,0.6798
RNG(0.1),1.14,0.6801
RNG(0.1),1.15,0.6805
RNG(0.1),1.16,0.6806
RNG(0.1),1.17,0.6808
RNG(0.1),1.18,0.6808
RNG(0.1),1.19,0.6808
RNG(0.1),1.2,0.681
RNG(0.1),1.21,0.681
RNG(0.1),1.22,0.681
RNG(0.1),1.23,0.681
RNG(0.1),1.24,0.6811
RNG(0.1),1.25,0.681
RNG(0.1),1.26,0.681
RNG(0.1),1.27,0.681
RNG(0.1),1.28,0.6811
RNG(0.1),1.29,0.6812
RNG(0.1),1.3,0.6813
RNG(0.1),1.31,0.6813
RNG(0.1),1.32,0.6814
RNG(0.1),1.33,0.6815
RNG(0.1),1.34,0.6818
RNG(0.1),1.35,0.6817
RNG(0.1),1.36,0.6817
RNG(0.1),1.37,0.6819
RNG(0.1),1.38,0.6818
RNG(0.1),1.39,0.6819
RNG(0.1),1.4,0.6822
RNG(0.1),1.41,0.6824
RNG(0.1),1.42,0.6826
RNG(0.1),1.43,0.6826
RNG(0.1),1.44,0.6828
RNG(0.1),1.45,0.6828
RNG(0.1),1.46,0.683
RNG(0.1),1.47,0.6831
RNG(0.1),1.48,0.6832
RNG(0.1),1.49,0.6833
RNG(0.1),1.5,0.6833
RNG(0.1),1.51,0.6834
RNG(0.1),1.52,0.6836
RNG(0.1),1.53,0.6839
RNG(0.1),1.54,0.684
RNG(0.1),1.55,0.6841
RNG(0.1),1.56,0.6845
RNG(0.1),1.57,0.6849
RNG(0.1),1.58,0.6851
RNG(0.1),1.59,0.6855
RNG(0.1),1.6,0.6858
RNG(0.1),1.61,0.6862
RNG(0.1),1.62,0.6864
RNG(0.1),1.63,0.687
RNG(0.1),1.64,0.6873
RNG(0.1),1.65,0.6874
RNG(0.1),1.66,0.6878
RNG(0.1),1.67,0.688
RNG(0.1),1.68,0.6881
RNG(0.1),1.69,0.6883
RNG(0.1),1.7,0.6885
RNG(0.1),1.71,0.6885
RNG(0.1),1.72,0.6886
RNG(0.1),1.73,0.6884
RNG(0.1),1.74,0.6881
RNG(0.1),1.75,0.6882
RNG(0.1),1.76,0.6884
RNG(0.1),1.77,0.6885
RNG(0.1),1.78,0.6886
RNG(0.1),1.79,0.6886
RNG(0.1),1.8,0.6887
RNG(0.1),1.81,0.6889
RNG(0.1),1.82,0.689
RNG(0.1),1.83,0.6891
RNG(0.1),1.84,0.6892
RNG(0.1),1.85,0.6892
RNG(0.1),1.86,0.6894
RNG(0.1),1.87,0.6896
RNG(0.1),1.88,0.6896
RNG(0.1),1.89,0.6897
RNG(0.1),1.9,0.6899
RNG(0.1),1.91,0.6901
RNG(0.1),1.92,0.6903
RNG(0.1),1.93,0.6902
RNG(0.1),1.94,0.6903
RNG(0.1),1.95,0.6907
RNG(0.1),1.96,0.6908
RNG(0.1),1.97,0.6907
RNG(0.1),1.98,0.6907
RNG(0.1),1.99,0.6907
RNG(0.1),2.0,0.6907
RNG(0.1),2.01,0.6907
RNG(0.1),2.02,0.6908
RNG(0.1),2.03,0.6909
RNG(0.1),2.04,0.691
RNG(0.1),2.05,0.691
RNG(0.1),2.06,0.6912
RNG(0.1),2.07,0.6915
RNG(0.1),2.08,0.6916
RNG(0.1),2.09,0.6916
RNG(0.1),2.1,0.6916
RNG(0.1),2.11,0.6918
RNG(0.1),2.12,0.6918
RNG(0.1),2.13,0.6919
RNG(0.1),2.14,0.692
RNG(0.1),2.15,0.6922
RNG(0.1),2.16,0.6922
RNG(0.1),2.17,0.6923
RNG(0.1),2.18,0.6924
RNG(0.1),2.19,0.6925
RNG(0.1),2.2,0.6926
RNG(0.1),2.21,0.6926
RNG(0.1),2.22,0.6926
RNG(0.1),2.23,0.6927
RNG(0.1),2.24,0.6927
RNG(0.1),2.25,0.6928
RNG(0.1),2.26,0.6929
RNG(0.1),2.27,0.6929
RNG(0.1),2.28,0.693
RNG(0.1),2.29,0.6931
RNG(0.1),2.3,0.6931
RNG(0.1),2.31,0.6932
RNG(0.1),2.32,0.6932
RNG(0.1),2.33,0.6931
RNG(0.1),2.34,0.693
RNG(0.1),2.35,0.693
RNG(0.1),2.36,0.693
RNG(0.1),2.37,0.693
RNG(0.1),2.38,0.6932
RNG(0.1),2.39,0.6932
RNG(0.1),2.4,0.6932
RNG(0.1),2.41,0.6932
RNG(0.1),2.42,0.693
RNG(0.1),2.43,0.693
RNG(0.1),2.44,0.6932
RNG(0.1),2.45,0.6932
RNG(0.1),2.46,0.6932
RNG(0.1),2.47,0.6932
RNG(0.1),2.48,0.6932
RNG(0.1),2.49,0.6932
RNG(0.1),2.5,0.6932
RNG(0.1),2.51,0.6933
RNG(0.1),2.52,0.6933
RNG(0.1),2.53,0.6935
RNG(0.1),2.54,0.6935
RNG(0.1),2.55,0.6935
RNG(0.1),2.56,0.6934
RNG(0.1),2.57,0.6934
RNG(0.1),2.58,0.6935
RNG(0.1),2.59,0.6935
RNG(0.1),2.6,0.6935
RNG(0.1),2.61,0.6938
RNG(0.1),2.62,0.6938
RNG(0.1),2.63,0.6938
RNG(0.1),2.64,0.6938
RNG(0.1),2.65,0.6939
RNG(0.1),2.66,0.6939
RNG(0.1),2.67,0.6939
RNG(0.1),2.68,0.6939
RNG(0.1),2.69,0.6939
RNG(0.1),2.7,0.6943
RNG(0.1),2.71,0.6943
RNG(0.1),2.72,0.6943
RNG(0.1),2.73,0.694
RNG(0.1),2.74,0.694
RNG(0.1),2.75,0.694
RNG(0.1),2.76,0.6943
RNG(0.1),2.77,0.6943
RNG(0.1),2.78,0.6942
RNG(0.1),2.79,0.6944
RNG(0.1),2.8,0.6944
RNG(0.1),2.81,0.6945
RNG(0.1),2.82,0.6945
RNG(0.1),2.83,0.6945
RNG(0.1),2.84,0.6947
RNG(0.1),2.85,0.6946
RNG(0.1),2.86,0.6947
RNG(0.1),2.87,0.6947
RNG(0.1),2.88,0.6947
RNG(0.1),2.89,0.6945
RNG(0.1),2.9,0.6944
RNG(0.1),2.91,0.6944
RNG(0.1),2.92,0.6943
RNG(0.1),2.93,0.6945
RNG(0.1),2.94,0.6947
RNG(0.1),2.95,0.6946
RNG(0.1),2.96,0.6946
RNG(0.1),2.97,0.6946
RNG(0.1),2.98,0.6946
RNG(0.1),2.99,0.6946
RNG(0.1),3.0,0.6944
RNG(0.1),3.01,0.6945
RNG(0.1),3.02,0.6945
RNG(0.1),3.03,0.6945
RNG(0.1),3.04,0.6945
RNG(0.1),3.05,0.6945
RNG(0.1),3.06,0.6945
RNG(0.1),3.07,0.6947
RNG(0.1),3.08,0.6947
RNG(0.1),3.09,0.6947
RNG(0.1),3.1,0.6945
RNG(0.1),3.11,0.6945
RNG(0.1),3.12,0.6945
RNG(0.1),3.13,0.6945
RNG(0.1),3.14,0.6943
RNG(0.1),3.15,0.6943
RNG(0.1),3.16,0.6945
RNG(0.1),3.17,0.6945
RNG(0.1),3.18,0.6945
RNG(0.1),3.19,0.6945
RNG(0.1),3.2,0.6944
RNG(0.1),3.21,0.6944
RNG(0.1),3.22,0.6943
RNG(0.1),3.23,0.6946
RNG(0.1),3.24,0.6946
RNG(0.1),3.25,0.6945
RNG(0.1),3.26,0.6947
RNG(0.1),3.27,0.6947
RNG(0.1),3.28,0.6947
RNG(0.1),3.29,0.6947
RNG(0.1),3.3,0.6947
RNG(0.1),3.31,0.6947
RNG(0.1),3.32,0.6947
RNG(0.1),3.33,0.6947
RNG(0.1),3.34,0.6947
RNG(0.1),3.35,0.6947
RNG(0.1),3.36,0.6947
RNG(0.1),3.37,0.6947
RNG(0.1),3.38,0.6947
RNG(0.1),3.39,0.6945
RNG(0.1),3.4,0.6945
RNG(0.1),3.41,0.6945
RNG(0.1),3.42,0.6945
RNG(0.1),3.43,0.6946
RNG(0.1),3.44,0.6945
RNG(0.1),3.45,0.6945
RNG(0.1),3.46,0.6945
RNG(0.1),3.47,0.6944
RNG(0.1),3.48,0.6943
RNG(0.1),3.49,0.6944
RNG(0.1),3.5,0.6944
RNG(0.1),3.51,0.6947
RNG(0.1),3.52,0.6947
RNG(0.1),3.53,0.6947
RNG(0.1),3.54,0.6946
RNG(0.1),3.55,0.6945
RNG(0.1),3.56,0.6945
RNG(0.1),3.57,0.6945
RNG(0.1),3.58,0.6945
RNG(0.1),3.59,0.6945
RNG(0.1),3.6,0.6945
RNG(0.1),3.61,0.6945
RNG(0.1),3.62,0.6945
RNG(0.1),3.63,0.6945
RNG(0.1),3.64,0.6945
RNG(0.1),3.65,0.6944
RNG(0.1),3.66,0.6944
RNG(0.1),3.67,0.6944
RNG(0.1),3.68,0.6944
RNG(0.1),3.69,0.6944
RNG(0.1),3.7,0.6944
RNG(0.1),3.71,0.6944
RNG(0.1),3.72,0.6944
RNG(0.1),3.73,0.6944
RNG(0.1),3.74,0.6944
RNG(0.1),3.75,0.6944
RNG(0.1),3.76,0.6944
RNG(0.1),3.77,0.6944
RNG(0.1),3.78,0.6944
RNG(0.1),3.79,0.6944
RNG(0.1),3.8,0.6944
RNG(0.1),3.81,0.6944
RNG(0.1),3.83,0.6944
RNG(0.1),3.87,0.6944
RNG(0.1),3.88,0.6944
RNG(0.1),3.89,0.6944
RNG(0.1),3.92,0.6944
RNG(0.1),3.95,0.6944
RNG(0.1),3.96,0.6944
Seg(0.1),0.99,0.6231
Seg(0.1),1.0,0.6231
Seg(0.1),1.01,0.6248
Seg(0.1),1.02,0.628
Seg(0.1),1.03,0.634
Seg(0.1),1.04,0.6392
Seg(0.1),1.05,0.6456
Seg(0.1),1.06,0.6507
Seg(0.1),1.07,0.6559
Seg(0.1),1.08,0.6594
Seg(0.1),1.09,0.6623
Seg(0.1),1.1,0.6642
Seg(0.1),1.11,0.6663
Seg(0.1),1.12,0.6674
Seg(0.1),1.13,0.6679
Seg(0.1),1.14,0.6681
Seg(0.1),1.15,0.6685
Seg(0.1),1.16,0.6687
Seg(0.1),1.17,0.6687
Seg(0.1),1.18,0.6687
Seg(0.1),1.19,0.6687
Seg(0.1),1.2,0.6689
Seg(0.1),1.21,0.6689
Seg(0.1),1.22,0.6689
Seg(0.1),1.23,0.6689
Seg(0.1),1.24,0.6689
Seg(0.1),1.25,0.6689
Seg(0.1),1.26,0.6689
Seg(0.1),1.27,0.6689
Seg(0.1),1.28,0.669
Seg(0.1),1.29,0.6691
Seg(0.1),1.3,0.6692
Seg(0.1),1.31,0.6692
Seg(0.1),1.32,0.6693
Seg(0.1),1.33,0.6693
Seg(0.1),1.34,0.6695
Seg(0.1),1.35,0.6694
Seg(0.1),1.36,0.6694
Seg(0.1),1.37,0.6694
Seg(0.1),1.38,0.6694
Seg(0.1),1.39,0.6695
Seg(0.1),1.4,0.6699
Seg(0.1),1.41,0.67
Seg(0.1),1.42,0.6702
Seg(0.1),1.43,0.6701
Seg(0.1),1.44,0.6704
Seg(0.1),1.45,0.6702
Seg(0.1),1.46,0.6703
Seg(0.1),1.47,0.6704
Seg(0.1),1.48,0.6706
Seg(0.1),1.49,0.6707
Seg(0.1),1.5,0.6708
Seg(0.1),1.51,0.6708
Seg(0.1),1.52,0.6709
Seg(0.1),1.53,0.6712
Seg(0.1),1.54,0.6712
Seg(0.1),1.55,0.6713
Seg(0.1),1.56,0.6716
Seg(0.1),1.57,0.672
Seg(0.1),1.58,0.6722
Seg(0.1),1.59,0.6725
Seg(0.1),1.6,0.6727
Seg(0.1),1.61,0.6731
Seg(0.1),1.62,0.6733
Seg(0.1),1.63,0.6737
Seg(0.1),1.64,0.6741
Seg(0.1),1.65,0.6742
Seg(0.1),1.66,0.6745
Seg(0.1),1.67,0.6745
Seg(0.1),1.68,0.6747
Seg(0.1),1.69,0.6748
Seg(0.1),1.7,0.6749
Seg(0.1),1.71,0.6749
Seg(0.1),1.72,0.675
Seg(0.1),1.73,0.6751
Seg(0.1),1.74,0.6748
Seg(0.1),1.75,0.6748
Seg(0.1),1.76,0.675
Seg(0.1),1.77,0.6751
Seg(0.1),1.78,0.6752
Seg(0.1),1.79,0.6753
Seg(0.1),1.8,0.6754
Seg(0.1),1.81,0.6756
Seg(0.1),1.82,0.6756
Seg(0.1),1.83,0.6757
Seg(0.1),1.84,0.6758
Seg(0.1),1.85,0.6758
Seg(0.1),1.86,0.6759
Seg(0.1),1.87,0.6761
Seg(0.1),1.88,0.6761
Seg(0.1),1.89,0.6762
Seg(0.1),1.9,0.6764
Seg(0.1),1.91,0.6766
Seg(0.1),1.92,0.6768
Seg(0.1),1.93,0.6768
Seg(0.1),1.94,0.6768
Seg(0.1),1.95,0.6772
Seg(0.1),1.96,0.6773
Seg(0.1),1.97,0.6772
Seg(0.1),1.98,0.6772
Seg(0.1),1.99,0.6772
Seg(0.1),2.0,0.6772
Seg(0.1),2.01,0.6772
Seg(0.1),2.02,0.6773
Seg(0.1),2.03,0.6774
Seg(0.1),2.04,0.6774
Seg(0.1),2.05,0.6774
Seg(0.1),2.06,0.6776
Seg(0.1),2.07,0.6779
Seg(0.1),2.08,0.678
Seg(0.1),2.09,0.678
Seg(0.1),2.1,0.678
Seg(0.1),2.11,0.6781
Seg(0.1),2.12,0.6781
Seg(0.1),2.13,0.6782
Seg(0.1),2.14,0.6783
Seg(0.1),2.15,0.6785
Seg(0.1),2.16,0.6785
Seg(0.1),2.17,0.6785
Seg(0.1),2.18,0.6787
Seg(0.1),2.19,0.6787
Seg(0.1),2.2,0.6788
Seg(0.1),2.21,0.6789
Seg(0.1),2.22,0.6789
Seg(0.1),2.23,0.6789
Seg(0.1),2.24,0.6789
Seg(0.1),2.25,0.6791
Seg(0.1),2.26,0.6791
Seg(0.1),2.27,0.6791
Seg(0.1),2.28,0.6793
Seg(0.1),2.29,0.6793
Seg(0.1),2.3,0.6793
Seg(0.1),2.31,0.6794
Seg(0.1),2.32,0.6794
Seg(0.1),2.33,0.6793
Seg(0.1),2.34,0.6794
Seg(0.1),2.35,0.6794
Seg(0.1),2.36,0.6794
Seg(0.1),2.37,0.6794
Seg(0.1),2.38,0.6795
Seg(0.1),2.39,0.6795
Seg(0.1),2.4,0.6795
Seg(0.1),2.41,0.6796
Seg(0.1),2.42,0.6793
Seg(0.1),2.43,0.6794
Seg(0.1),2.44,0.6795
Seg(0.1),2.45,0.6795
Seg(0.1),2.46,0.6795
Seg(0.1),2.47,0.6795
Seg(0.1),2.48,0.6795
Seg(0.1),2.49,0.6795
Seg(0.1),2.5,0.6795
Seg(0.1),2.51,0.6796
Seg(0.1),2.52,0.6796
Seg(0.1),2.53,0.6797
Seg(0.1),2.54,0.6797
Seg(0.1),2.55,0.6797
Seg(0.1),2.56,0.6797
Seg(0.1),2.57,0.6796
Seg(0.1),2.58,0.6797
Seg(0.1),2.59,0.6797
Seg(0.1),2.6,0.6797
Seg(0.1),2.61,0.68
Seg(0.1),2.62,0.68
Seg(0.1),2.63,0.68
Seg(0.1),2.64,0.68
Seg(0.1),2.65,0.6801
Seg(0.1),2.66,0.6801
Seg(0.1),2.67,0.6801
Seg(0.1),2.68,0.6801
Seg(0.1),2.69,0.6801
Seg(0.1),2.7,0.6805
Seg(0.1),2.71,0.6805
Seg(0.1),2.72,0.6805
Seg(0.1),2.73,0.6801
Seg(0.1),2.74,0.6801
Seg(0.1),2.75,0.6801
Seg(0.1),2.76,0.6804
Seg(0.1),2.77,0.6804
Seg(0.1),2.78,0.6804
Seg(0.1),2.79,0.6806
Seg(0.1),2.8,0.6806
Seg(0.1),2.81,0.6806
Seg(0.1),2.82,0.6806
Seg(0.1),2.83,0.6807
Seg(0.1),2.84,0.6808
Seg(0.1),2.85,0.6808
Seg(0.1),2.86,0.6808
Seg(0.1),2.87,0.6808
Seg(0.1),2.88,0.6808
Seg(0.1),2.89,0.6807
Seg(0.1),2.9,0.6806
Seg(0.1),2.91,0.6806
Seg(0.1),2.92,0.6806
Seg(0.1),2.93,0.6808
Seg(0.1),2.94,0.6809
Seg(0.1),2.95,0.6808
Seg(0.1),2.96,0.6809
Seg(0.1),2.97,0.6809
Seg(0.1),2.98,0.6809
Seg(0.1),2.99,0.6809
Seg(0.1),3.0,0.6808
Seg(0.1),3.01,0.6808
Seg(0.1),3.02,0.6809
Seg(0.1),3.03,0.6809
Seg(0.1),3.04,0.6808
Seg(0.1),3.05,0.6809
Seg(0.1),3.06,0.6808
Seg(0.1),3.07,0.681
Seg(0.1),3.08,0.681
Seg(0.1),3.09,0.681
Seg(0.1),3.1,0.6808
Seg(0.1),3.11,0.6808
Seg(0.1),3.12,0.6808
Seg(0.1),3.13,0.6808
Seg(0.1),3.14,0.6807
Seg(0.1),3.15,0.6807
Seg(0.1),3.16,0.6808
Seg(0.1),3.17,0.6808
Seg(0.1),3.18,0.6809
Seg(0.1),3.19,0.6808
Seg(0.1),3.2,0.6808
Seg(0.1),3.21,0.6808
Seg(0.1),3.22,0.6808
Seg(0.1),3.23,0.6812
Seg(0.1),3.24,0.6812
Seg(0.1),3.25,0.6811
Seg(0.1),3.26,0.6813
Seg(0.1),3.27,0.6812
Seg(0.1),3.28,0.6812
Seg(0.1),3.29,0.6812
Seg(0.1),3.3,0.6812
Seg(0.1),3.31,0.6813
Seg(0.1),3.32,0.6813
Seg(0.1),3.33,0.6813
Seg(0.1),3.34,0.6813
Seg(0.1),3.35,0.6812
Seg(0.1),3.36,0.6812
Seg(0.1),3.37,0.6812
Seg(0.1),3.38,0.6812
Seg(0.1),3.39,0.6811
Seg(0.1),3.4,0.6811
Seg(0.1),3.41,0.6811
Seg(0.1),3.42,0.6811
Seg(0.1),3.43,0.6811
Seg(0.1),3.44,0.681
Seg(0.1),3.45,0.681
Seg(0.1),3.46,0.681
Seg(0.1),3.47,0.681
Seg(0.1),3.48,0.6809
Seg(0.1),3.49,0.6809
Seg(0.1),3.5,0.6809
Seg(0.1),3.51,0.6812
Seg(0.1),3.52,0.6812
Seg(0.1),3.53,0.6812
Seg(0.1),3.54,0.6812
Seg(0.1),3.55,0.6811
Seg(0.1),3.56,0.6811
Seg(0.1),3.57,0.681
Seg(0.1),3.58,0.681
Seg(0.1),3.59,0.681
Seg(0.1),3.6,0.681
Seg(0.1),3.61,0.681
Seg(0.1),3.62,0.681
Seg(0.1),3.63,0.681
Seg(0.1),3.64,0.681
Seg(0.1),3.65,0.681
Seg(0.1),3.66,0.681
Seg(0.1),3.67,0.681
Seg(0.1),3.68,0.681
Seg(0.1),3.69,0.681
Seg(0.1),3.7,0.681
Seg(0.1),3.71,0.681
Seg(0.1),3.72,0.681
Seg(0.1),3.73,0.681
Seg(0.1),3.74,0.681
Seg(0.1),3.75,0.681
Seg(0.1),3.76,0.681
Seg(0.1),3.77,0.681
Seg(0.1),3.78,0.681
Seg(0.1),3.79,0.681
Seg(0.1),3.8,0.681
Seg(0.1),3.81,0.681
Seg(0.1),3.83,0.681
Seg(0.1),3.87,0.681
Seg(0.1),3.88,0.681
Seg(0.1),3.89,0.681
Seg(0.1),3.92,0.681
Seg(0.1),3.95,0.681
Seg(0.1),3.96,0.681
RNG(0.2),0.99,0.6231
RNG(0.2),1.0,0.6231
RNG(0.2),1.01,0.6243
RNG(0.2),1.02,0.6273
RNG(0.2),1.03,0.6327
RNG(0.2),1.04,0.6374
RNG(0.2),1.05,0.6427
RNG(0.2),1.06,0.6474
RNG(0.2),1.07,0.6522
RNG(0.2),1.08,0.6559
RNG(0.2),1.09,0.6588
RNG(0.2),1.1,0.6608
RNG(0.2),1.11,0.6627
RNG(0.2),1.12,0.6637
RNG(0.2),1.13,0.6641
RNG(0.2),1.14,0.6643
RNG(0.2),1.15,0.6646
RNG(0.2),1.16,0.6648
RNG(0.2),1.17,0.6648
RNG(0.2),1.18,0.6648
RNG(0.2),1.19,0.6648
RNG(0.2),1.2,0.6649
RNG(0.2),1.21,0.6649
RNG(0.2),1.22,0.6649
RNG(0.2),1.23,0.6649
RNG(0.2),1.24,0.665
RNG(0.2),1.25,0.665
RNG(0.2),1.26,0.665
RNG(0.2),1.27,0.665
RNG(0.2),1.28,0.665
RNG(0.2),1.29,0.6652
RNG(0.2),1.3,0.6652
RNG(0.2),1.31,0.6652
RNG(0.2),1.32,0.6652
RNG(0.2),1.33,0.6652
RNG(0.2),1.34,0.6654
RNG(0.2),1.35,0.6654
RNG(0.2),1.36,0.6654
RNG(0.2),1.37,0.6654
RNG(0.2),1.38,0.6654
RNG(0.2),1.39,0.6655
RNG(0.2),1.4,0.6658
RNG(0.2),1.41,0.6658
RNG(0.2),1.42,0.6661
RNG(0.2),1.43,0.666
RNG(0.2),1.44,0.6664
RNG(0.2),1.45,0.6662
RNG(0.2),1.46,0.6663
RNG(0.2),1.47,0.6664
RNG(0.2),1.48,0.6665
RNG(0.2),1.49,0.6666
RNG(0.2),1.5,0.6668
RNG(0.2),1.51,0.667
RNG(0.2),1.52,0.6671
RNG(0.2),1.53,0.6674
RNG(0.2),1.54,0.6675
RNG(0.2),1.55,0.6677
RNG(0.2),1.56,0.6679
RNG(0.2),1.57,0.6683
RNG(0.2),1.58,0.6685
RNG(0.2),1.59,0.6689
RNG(0.2),1.6,0.6693
RNG(0.2),1.61,0.6698
RNG(0.2),1.62,0.67
RNG(0.2),1.63,0.6704
RNG(0.2),1.64,0.6708
RNG(0.2),1.65,0.671
RNG(0.2),1.66,0.6713
RNG(0.2),1.67,0.6713
RNG(0.2),1.68,0.6714
RNG(0.2),1.69,0.6715
RNG(0.2),1.7,0.6716
RNG(0.2),1.71,0.6717
RNG(0.2),1.72,0.6718
RNG(0.2),1.73,0.6718
RNG(0.2),1.74,0.6718
RNG(0.2),1.75,0.6718
RNG(0.2),1.76,0.672
RNG(0.2),1.77,0.672
RNG(0.2),1.78,0.6722
RNG(0.2),1.79,0.6722
RNG(0.2),1.8,0.6723
RNG(0.2),1.81,0.6725
RNG(0.2),1.82,0.6726
RNG(0.2),1.83,0.6726
RNG(0.2),1.84,0.6726
RNG(0.2),1.85,0.6726
RNG(0.2),1.86,0.6727
RNG(0.2),1.87,0.6727
RNG(0.2),1.88,0.6727
RNG(0.2),1.89,0.6729
RNG(0.2),1.9,0.6729
RNG(0.2),1.91,0.6731
RNG(0.2),1.92,0.6733
RNG(0.2),1.93,0.6733
RNG(0.2),1.94,0.6733
RNG(0.2),1.95,0.6735
RNG(0.2),1.96,0.6736
RNG(0.2),1.97,0.6735
RNG(0.2),1.98,0.6735
RNG(0.2),1.99,0.6735
RNG(0.2),2.0,0.6735
RNG(0.2),2.01,0.6735
RNG(0.2),2.02,0.6736
RNG(0.2),2.03,0.6738
RNG(0.2),2.04,0.6739
RNG(0.2),2.05,0.6739
RNG(0.2),2.06,0.6741
RNG(0.2),2.07,0.6743
RNG(0.2),2.08,0.6743
RNG(0.2),2.09,0.6743
RNG(0.2),2.1,0.6743
RNG(0.2),2.11,0.6744
RNG(0.2),2.12,0.6744
RNG(0.2),2.13,0.6746
RNG(0.2),2.14,0.6747
RNG(0.2),2.15,0.6749
RNG(0.2),2.16,0.6749
RNG(0.2),2.17,0.6749
RNG(0.2),2.18,0.6749
RNG(0.2),2.19,0.675
RNG(0.2),2.2,0.6751
RNG(0.2),2.21,0.6752
RNG(0.2),2.22,0.6752
RNG(0.2),2.23,0.6752
RNG(0.2),2.24,0.6752
RNG(0.2),2.25,0.6754
RNG(0.2),2.26,0.6754
RNG(0.2),2.27,0.6754
RNG(0.2),2.28,0.6754
RNG(0.2),2.29,0.6755
RNG(0.2),2.3,0.6755
RNG(0.2),2.31,0.6755
RNG(0.2),2.32,0.6755
RNG(0.2),2.33,0.6755
RNG(0.2),2.34,0.6755
RNG(0.2),2.35,0.6755
RNG(0.2),2.36,0.6756
RNG(0.2),2.37,0.6756
RNG(0.2),2.38,0.6756
RNG(0.2),2.39,0.6756
RNG(0.2),2.4,0.6756
RNG(0.2),2.41,0.6757
RNG(0.2),2.42,0.6756
RNG(0.2),2.43,0.6756
RNG(0.2),2.44,0.6756
RNG(0.2),2.45,0.6757
RNG(0.2),2.46,0.6756
RNG(0.2),2.47,0.6756
RNG(0.2),2.48,0.6756
RNG(0.2),2.49,0.6756
RNG(0.2),2.5,0.6756
RNG(0.2),2.51,0.6757
RNG(0.2),2.52,0.6757
RNG(0.2),2.53,0.6758
RNG(0.2),2.54,0.6758
RNG(0.2),2.55,0.6757
RNG(0.2),2.56,0.6756
RNG(0.2),2.57,0.6756
RNG(0.2),2.58,0.6756
RNG(0.2),2.59,0.6756
RNG(0.2),2.6,0.6756
RNG(0.2),2.61,0.676
RNG(0.2),2.62,0.676
RNG(0.2),2.63,0.676
RNG(0.2),2.64,0.676
RNG(0.2),2.65,0.676
RNG(0.2),2.66,0.676
RNG(0.2),2.67,0.6761
RNG(0.2),2.68,0.6761
RNG(0.2),2.69,0.6761
RNG(0.2),2.7,0.6764
RNG(0.2),2.71,0.6764
RNG(0.2),2.72,0.6764
RNG(0.2),2.73,0.676
RNG(0.2),2.74,0.676
RNG(0.2),2.75,0.676
RNG(0.2),2.76,0.6762
RNG(0.2),2.77,0.6762
RNG(0.2),2.78,0.6762
RNG(0.2),2.79,0.6764
RNG(0.2),2.8,0.6764
RNG(0.2),2.81,0.6764
RNG(0.2),2.82,0.6764
RNG(0.2),2.83,0.6764
RNG(0.2),2.84,0.6764
RNG(0.2),2.85,0.6764
RNG(0.2),2.86,0.6764
RNG(0.2),2.87,0.6764
RNG(0.2),2.88,0.6764
RNG(0.2),2.89,0.6764
RNG(0.2),2.9,0.6764
RNG(0.2),2.91,0.6764
RNG(0.2),2.92,0.6764
RNG(0.2),2.93,0.6764
RNG(0.2),2.94,0.6763
RNG(0.2),2.95,0.6763
RNG(0.2),2.96,0.6763
RNG(0.2),2.97,0.6763
RNG(0.2),2.98,0.6762
RNG(0.2),2.99,0.6762
RNG(0.2),3.0,0.6762
RNG(0.2),3.01,0.6763
RNG(0.2),3.02,0.6764
RNG(0.2),3.03,0.6764
RNG(0.2),3.04,0.6764
RNG(0.2),3.05,0.6764
RNG(0.2),3.06,0.6764
RNG(0.2),3.07,0.6765
RNG(0.2),3.08,0.6765
RNG(0.2),3.09,0.6765
RNG(0.2),3.1,0.6765
RNG(0.2),3.11,0.6765
RNG(0.2),3.12,0.6765
RNG(0.2),3.13,0.6764
RNG(0.2),3.14,0.6764
RNG(0.2),3.15,0.6764
RNG(0.2),3.16,0.6766
RNG(0.2),3.17,0.6766
RNG(0.2),3.18,0.6767
RNG(0.2),3.19,0.6766
RNG(0.2),3.2,0.6766
RNG(0.2),3.21,0.6766
RNG(0.2),3.22,0.6766
RNG(0.2),3.23,0.6766
RNG(0.2),3.24,0.6766
RNG(0.2),3.25,0.6766
RNG(0.2),3.26,0.6768
RNG(0.2),3.27,0.6768
RNG(0.2),3.28,0.6768
RNG(0.2),3.29,0.6768
RNG(0.2),3.3,0.6768
RNG(0.2),3.31,0.6769
RNG(0.2),3.32,0.6769
RNG(0.2),3.33,0.6769
RNG(0.2),3.34,0.6769
RNG(0.2),3.35,0.6769
RNG(0.2),3.36,0.6769
RNG(0.2),3.37,0.6769
RNG(0.2),3.38,0.6769
RNG(0.2),3.39,0.6769
RNG(0.2),3.4,0.6769
RNG(0.2),3.41,0.6769
RNG(0.2),3.42,0.6769
RNG(0.2),3.43,0.677
RNG(0.2),3.44,0.677
RNG(0.2),3.45,0.677
RNG(0.2),3.46,0.677
RNG(0.2),3.47,0.677
RNG(0.2),3.48,0.677
RNG(0.2),3.49,0.677
RNG(0.2),3.5,0.677
RNG(0.2),3.51,0.6772
RNG(0.2),3.52,0.6772
RNG(0.2),3.53,0.6772
RNG(0.2),3.54,0.6772
RNG(0.2),3.55,0.6772
RNG(0.2),3.56,0.6772
RNG(0.2),3.57,0.6772
RNG(0.2),3.58,0.6772
RNG(0.2),3.59,0.6772
RNG(0.2),3.6,0.6772
RNG(0.2),3.61,0.6772
RNG(0.2),3.62,0.6772
RNG(0.2),3.63,0.6772
RNG(0.2),3.64,0.6772
RNG(0.2),3.65,0.6772
RNG(0.2),3.66,0.6772
RNG(0.2),3.67,0.6772
RNG(0.2),3.68,0.6772
RNG(0.2),3.69,0.6772
RNG(0.2),3.7,0.6772
RNG(0.2),3.71,0.6772
RNG(0.2),3.72,0.6772
RNG(0.2),3.73,0.6772
RNG(0.2),3.74,0.6772
RNG(0.2),3.75,0.6772
RNG(0.2),3.76,0.6772
RNG(0.2),3.77,0.6772
RNG(0.2),3.78,0.6772
RNG(0.2),3.79,0.6772
RNG(0.2),3.8,0.6772
RNG(0.2),3.81,0.6772
RNG(0.2),3.83,0.6772
RNG(0.2),3.87,0.6772
RNG(0.2),3.88,0.6772
RNG(0.2),3.89,0.6772
RNG(0.2),3.92,0.6772
RNG(0.2),3.95,0.6772
RNG(0.2),3.96,0.6772
Seg(0.2),0.99,0.6231
Seg(0.2),1.0,0.6231
Seg(0.2),1.01,0.624
Seg(0.2),1.02,0.6259
Seg(0.2),1.03,0.6291
Seg(0.2),1.04,0.6326
Seg(0.2),1.05,0.6367
Seg(0.2),1.06,0.6406
Seg(0.2),1.07,0.6444
Seg(0.2),1.08,0.6469
Seg(0.2),1.09,0.6492
Seg(0.2),1.1,0.6505
Seg(0.2),1.11,0.6521
Seg(0.2),1.12,0.6529
Seg(0.2),1.13,0.6533
Seg(0.2),1.14,0.6535
Seg(0.2),1.15,0.6537
Seg(0.2),1.16,0.654
Seg(0.2),1.17,0.654
Seg(0.2),1.18,0.654
Seg(0.2),1.19,0.654
Seg(0.2),1.2,0.6541
Seg(0.2),1.21,0.6541
Seg(0.2),1.22,0.6541
Seg(0.2),1.23,0.6541
Seg(0.2),1.24,0.6541
Seg(0.2),1.25,0.6541
Seg(0.2),1.26,0.6541
Seg(0.2),1.27,0.6541
Seg(0.2),1.28,0.6542
Seg(0.2),1.29,0.6543
Seg(0.2),1.3,0.6543
Seg(0.2),1.31,0.6543
Seg(0.2),1.32,0.6543
Seg(0.2),1.33,0.6544
Seg(0.2),1.34,0.6545
Seg(0.2),1.35,0.6544
Seg(0.2),1.36,0.6544
Seg(0.2),1.37,0.6544
Seg(0.2),1.38,0.6544
Seg(0.2),1.39,0.6544
Seg(0.2),1.4,0.6548
Seg(0.2),1.41,0.6548
Seg(0.2),1.42,0.6549
Seg(0.2),1.43,0.6548
Seg(0.2),1.44,0.6552
Seg(0.2),1.45,0.655
Seg(0.2),1.46,0.6552
Seg(0.2),1.47,0.6552
Seg(0.2),1.48,0.6554
Seg(0.2),1.49,0.6554
Seg(0.2),1.5,0.6555
Seg(0.2),1.51,0.6557
Seg(0.2),1.52,0.6558
Seg(0.2),1.53,0.6559
Seg(0.2),1.54,0.656
Seg(0.2),1.55,0.6561
Seg(0.2),1.56,0.6564
Seg(0.2),1.57,0.6567
Seg(0.2),1.58,0.6568
Seg(0.2),1.59,0.657
Seg(0.2),1.6,0.6572
Seg(0.2),1.61,0.6575
Seg(0.2),1.62,0.6578
Seg(0.2),1.63,0.6581
Seg(0.2),1.64,0.6584
Seg(0.2),1.65,0.6586
Seg(0.2),1.66,0.6589
Seg(0.2),1.67,0.6589
Seg(0.2),1.68,0.659
Seg(0.2),1.69,0.6591
Seg(0.2),1.7,0.6592
Seg(0.2),1.71,0.6593
Seg(0.2),1.72,0.6594
Seg(0.2),1.73,0.6594
Seg(0.2),1.74,0.6594
Seg(0.2),1.75,0.6594
Seg(0.2),1.76,0.6596
Seg(0.2),1.77,0.6596
Seg(0.2),1.78,0.6597
Seg(0.2),1.79,0.6598
Seg(0.2),1.8,0.6598
Seg(0.2),1.81,0.66
Seg(0.2),1.82,0.6601
Seg(0.2),1.83,0.6601
Seg(0.2),1.84,0.6601
Seg(0.2),1.85,0.6601
Seg(0.2),1.86,0.6602
Seg(0.2),1.87,0.6602
Seg(0.2),1.88,0.6602
Seg(0.2),1.89,0.6603
Seg(0.2),1.9,0.6604
Seg(0.2),1.91,0.6605
Seg(0.2),1.92,0.6605
Seg(0.2),1.93,0.6605
Seg(0.2),1.94,0.6606
Seg(0.2),1.95,0.6608
Seg(0.2),1.96,0.6608
Seg(0.2),1.97,0.6608
Seg(0.2),1.98,0.6608
Seg(0.2),1.99,0.6608
Seg(0.2),2.0,0.6608
Seg(0.2),2.01,0.6608
Seg(0.2),2.02,0.6608
Seg(0.2),2.03,0.661
Seg(0.2),2.04,0.6611
Seg(0.2),2.05,0.6612
Seg(0.2),2.06,0.6613
Seg(0.2),2.07,0.6615
Seg(0.2),2.08,0.6616
Seg(0.2),2.09,0.6616
Seg(0.2),2.1,0.6616
Seg(0.2),2.11,0.6616
Seg(0.2),2.12,0.6616
Seg(0.2),2.13,0.6617
Seg(0.2),2.14,0.6618
Seg(0.2),2.15,0.662
Seg(0.2),2.16,0.662
Seg(0.2),2.17,0.662
Seg(0.2),2.18,0.6621
Seg(0.2),2.19,0.6621
Seg(0.2),2.2,0.6621
Seg(0.2),2.21,0.6622
Seg(0.2),2.22,0.6622
Seg(0.2),2.23,0.6623
Seg(0.2),2.24,0.6623
Seg(0.2),2.25,0.6623
Seg(0.2),2.26,0.6624
Seg(0.2),2.27,0.6624
Seg(0.2),2.28,0.6624
Seg(0.2),2.29,0.6625
Seg(0.2),2.3,0.6625
Seg(0.2),2.31,0.6625
Seg(0.2),2.32,0.6625
Seg(0.2),2.33,0.6625
Seg(0.2),2.34,0.6625
Seg(0.2),2.35,0.6625
Seg(0.2),2.36,0.6625
Seg(0.2),2.37,0.6625
Seg(0.2),2.38,0.6626
Seg(0.2),2.39,0.6626
Seg(0.2),2.4,0.6626
Seg(0.2),2.41,0.6627
Seg(0.2),2.42,0.6625
Seg(0.2),2.43,0.6626
Seg(0.2),2.44,0.6626
Seg(0.2),2.45,0.6626
Seg(0.2),2.46,0.6625
Seg(0.2),2.47,0.6625
Seg(0.2),2.48,0.6625
Seg(0.2),2.49,0.6625
Seg(0.2),2.5,0.6625
Seg(0.2),2.51,0.6626
Seg(0.2),2.52,0.6626
Seg(0.2),2.53,0.6626
Seg(0.2),2.54,0.6626
Seg(0.2),2.55,0.6625
Seg(0.2),2.56,0.6625
Seg(0.2),2.57,0.6624
Seg(0.2),2.58,0.6625
Seg(0.2),2.59,0.6625
Seg(0.2),2.6,0.6625
Seg(0.2),2.61,0.6628
Seg(0.2),2.62,0.6628
Seg(0.2),2.63,0.6628
Seg(0.2),2.64,0.6628
Seg(0.2),2.65,0.6629
Seg(0.2),2.66,0.6629
Seg(0.2),2.67,0.6629
Seg(0.2),2.68,0.6629
Seg(0.2),2.69,0.6629
Seg(0.2),2.7,0.6632
Seg(0.2),2.71,0.6632
Seg(0.2),2.72,0.6632
Seg(0.2),2.73,0.6628
Seg(0.2),2.74,0.6628
Seg(0.2),2.75,0.6628
Seg(0.2),2.76,0.6631
Seg(0.2),2.77,0.6631
Seg(0.2),2.78,0.663
Seg(0.2),2.79,0.6632
Seg(0.2),2.8,0.6632
Seg(0.2),2.81,0.6632
Seg(0.2),2.82,0.6632
Seg(0.2),2.83,0.6632
Seg(0.2),2.84,0.6632
Seg(0.2),2.85,0.6632
Seg(0.2),2.86,0.6632
Seg(0.2),2.87,0.6632
Seg(0.2),2.88,0.6632
Seg(0.2),2.89,0.6632
Seg(0.2),2.9,0.6632
Seg(0.2),2.91,0.6632
Seg(0.2),2.92,0.6631
Seg(0.2),2.93,0.6631
Seg(0.2),2.94,0.6631
Seg(0.2),2.95,0.6631
Seg(0.2),2.96,0.663
Seg(0.2),2.97,0.663
Seg(0.2),2.98,0.6629
Seg(0.2),2.99,0.6629
Seg(0.2),3.0,0.6629
Seg(0.2),3.01,0.663
Seg(0.2),3.02,0.6631
Seg(0.2),3.03,0.6631
Seg(0.2),3.04,0.6631
Seg(0.2),3.05,0.6632
Seg(0.2),3.06,0.6632
Seg(0.2),3.07,0.6633
Seg(0.2),3.08,0.6633
Seg(0.2),3.09,0.6633
Seg(0.2),3.1,0.6633
Seg(0.2),3.11,0.6633
Seg(0.2),3.12,0.6633
Seg(0.2),3.13,0.6632
Seg(0.2),3.14,0.6632
Seg(0.2),3.15,0.6632
Seg(0.2),3.16,0.6633
Seg(0.2),3.17,0.6633
Seg(0.2),3.18,0.6634
Seg(0.2),3.19,0.6633
Seg(0.2),3.2,0.6633
Seg(0.2),3.21,0.6633
Seg(0.2),3.22,0.6633
Seg(0.2),3.23,0.6634
Seg(0.2),3.24,0.6634
Seg(0.2),3.25,0.6633
Seg(0.2),3.26,0.6635
Seg(0.2),3.27,0.6635
Seg(0.2),3.28,0.6635
Seg(0.2),3.29,0.6635
Seg(0.2),3.3,0.6635
Seg(0.2),3.31,0.6636
Seg(0.2),3.32,0.6636
Seg(0.2),3.33,0.6636
Seg(0.2),3.34,0.6636
Seg(0.2),3.35,0.6636
Seg(0.2),3.36,0.6636
Seg(0.2),3.37,0.6636
Seg(0.2),3.38,0.6636
Seg(0.2),3.39,0.6636
Seg(0.2),3.4,0.6636
Seg(0.2),3.41,0.6636
Seg(0.2),3.42,0.6636
Seg(0.2),3.43,0.6637
Seg(0.2),3.44,0.6637
Seg(0.2),3.45,0.6637
Seg(0.2),3.46,0.6637
Seg(0.2),3.47,0.6637
Seg(0.2),3.48,0.6637
Seg(0.2),3.49,0.6637
Seg(0.2),3.5,0.6637
Seg(0.2),3.51,0.6639
Seg(0.2),3.52,0.6639
Seg(0.2),3.53,0.6639
Seg(0.2),3.54,0.6639
Seg(0.2),3.55,0.6639
Seg(0.2),3.56,0.6639
Seg(0.2),3.57,0.6639
Seg(0.2),3.58,0.6639
Seg(0.2),3.59,0.6639
Seg(0.2),3.6,0.6639
Seg(0.2),3.61,0.6639
Seg(0.2),3.62,0.6639
Seg(0.2),3.63,0.6639
Seg(0.2),3.64,0.6639
Seg(0.2),3.65,0.6639
Seg(0.2),3.66,0.6639
Seg(0.2),3.67,0.6639
Seg(0.2),3.68,0.6639
Seg(0.2),3.69,0.6639
Seg(0.2),3.7,0.6639
Seg(0.2),3.71,0.6639
Seg(0.2),3.72,0.6639
Seg(0.2),3.73,0.6639
Seg(0.2),3.74,0.6639
Seg(0.2),3.75,0.6639
Seg(0.2),3.76,0.6639
Seg(0.2),3.77,0.6639
Seg(0.2),3.78,0.6639
Seg(0.2),3.79,0.6639
Seg(0.2),3.8,0.6639
Seg(0.2),3.81,0.6639
Seg(0.2),3.83,0.6639
Seg(0.2),3.87,0.6639
Seg(0.2),3.88,0.6639
Seg(0.2),3.89,0.6639
Seg(0.2),3.92,0.6639
Seg(0.2),3.95,0.6639
Seg(0.2),3.96,0.6639
RNG(0.3),0.99,0.6231
RNG(0.3),1.0,0.6231
RNG(0.3),1.01,0.6236
RNG(0.3),1.02,0.6251
RNG(0.3),1.03,0.6281
RNG(0.3),1.04,0.6311
RNG(0.3),1.05,0.635
RNG(0.3),1.06,0.6388
RNG(0.3),1.07,0.6421
RNG(0.3),1.08,0.6446
RNG(0.3),1.09,0.647
RNG(0.3),1.1,0.6481
RNG(0.3),1.11,0.6496
RNG(0.3),1.12,0.6504
RNG(0.3),1.13,0.6508
RNG(0.3),1.14,0.6509
RNG(0.3),1.15,0.6512
RNG(0.3),1.16,0.6513
RNG(0.3),1.17,0.6513
RNG(0.3),1.18,0.6513
RNG(0.3),1.19,0.6513
RNG(0.3),1.2,0.6514
RNG(0.3),1.21,0.6514
RNG(0.3),1.22,0.6514
RNG(0.3),1.23,0.6514
RNG(0.3),1.24,0.6514
RNG(0.3),1.25,0.6514
RNG(0.3),1.26,0.6514
RNG(0.3),1.27,0.6514
RNG(0.3),1.28,0.6515
RNG(0.3),1.29,0.6516
RNG(0.3),1.3,0.6515
RNG(0.3),1.31,0.6515
RNG(0.3),1.32,0.6515
RNG(0.3),1.33,0.6516
RNG(0.3),1.34,0.6517
RNG(0.3),1.35,0.6517
RNG(0.3),1.36,0.6517
RNG(0.3),1.37,0.6517
RNG(0.3),1.38,0.6517
RNG(0.3),1.39,0.6517
RNG(0.3),1.4,0.6519
RNG(0.3),1.41,0.6519
RNG(0.3),1.42,0.6521
RNG(0.3),1.43,0.652
RNG(0.3),1.44,0.6523
RNG(0.3),1.45,0.6522
RNG(0.3),1.46,0.6523
RNG(0.3),1.47,0.6524
RNG(0.3),1.48,0.6525
RNG(0.3),1.49,0.6525
RNG(0.3),1.5,0.6526
RNG(0.3),1.51,0.6527
RNG(0.3),1.52,0.6528
RNG(0.3),1.53,0.6529
RNG(0.3),1.54,0.6531
RNG(0.3),1.55,0.6532
RNG(0.3),1.56,0.6535
RNG(0.3),1.57,0.6538
RNG(0.3),1.58,0.654
RNG(0.3),1.59,0.6542
RNG(0.3),1.6,0.6544
RNG(0.3),1.61,0.6546
RNG(0.3),1.62,0.6549
RNG(0.3),1.63,0.6552
RNG(0.3),1.64,0.6554
RNG(0.3),1.65,0.6556
RNG(0.3),1.66,0.6558
RNG(0.3),1.67,0.6558
RNG(0.3),1.68,0.6559
RNG(0.3),1.69,0.656
RNG(0.3),1.7,0.6561
RNG(0.3),1.71,0.6562
RNG(0.3),1.72,0.6562
RNG(0.3),1.73,0.6563
RNG(0.3),1.74,0.6563
RNG(0.3),1.75,0.6563
RNG(0.3),1.76,0.6564
RNG(0.3),1.77,0.6564
RNG(0.3),1.78,0.6566
RNG(0.3),1.79,0.6566
RNG(0.3),1.8,0.6567
RNG(0.3),1.81,0.6569
RNG(0.3),1.82,0.6569
RNG(0.3),1.83,0.6569
RNG(0.3),1.84,0.6569
RNG(0.3),1.85,0.6569
RNG(0.3),1.86,0.6569
RNG(0.3),1.87,0.6569
RNG(0.3),1.88,0.6569
RNG(0.3),1.89,0.657
RNG(0.3),1.9,0.6571
RNG(0.3),1.91,0.6572
RNG(0.3),1.92,0.6572
RNG(0.3),1.93,0.6572
RNG(0.3),1.94,0.6573
RNG(0.3),1.95,0.6573
RNG(0.3),1.96,0.6574
RNG(0.3),1.97,0.6573
RNG(0.3),1.98,0.6573
RNG(0.3),1.99,0.6573
RNG(0.3),2.0,0.6573
RNG(0.3),2.01,0.6573
RNG(0.3),2.02,0.6574
RNG(0.3),2.03,0.6574
RNG(0.3),2.04,0.6574
RNG(0.3),2.05,0.6575
RNG(0.3),2.06,0.6576
RNG(0.3),2.07,0.6578
RNG(0.3),2.08,0.6578
RNG(0.3),2.09,0.6577
RNG(0.3),2.1,0.6577
RNG(0.3),2.11,0.6577
RNG(0.3),2.12,0.6577
RNG(0.3),2.13,0.6577
RNG(0.3),2.14,0.6578
RNG(0.3),2.15,0.6579
RNG(0.3),2.16,0.6579
RNG(0.3),2.17,0.6579
RNG(0.3),2.18,0.658
RNG(0.3),2.19,0.6581
RNG(0.3),2.2,0.6581
RNG(0.3),2.21,0.6581
RNG(0.3),2.22,0.6581
RNG(0.3),2.23,0.6582
RNG(0.3),2.24,0.6582
RNG(0.3),2.25,0.6583
RNG(0.3),2.26,0.6583
RNG(0.3),2.27,0.6583
RNG(0.3),2.28,0.6583
RNG(0.3),2.29,0.6583
RNG(0.3),2.3,0.6583
RNG(0.3),2.31,0.6583
RNG(0.3),2.32,0.6583
RNG(0.3),2.33,0.6583
RNG(0.3),2.34,0.6583
RNG(0.3),2.35,0.6583
RNG(0.3),2.36,0.6583
RNG(0.3),2.37,0.6583
RNG(0.3),2.38,0.6583
RNG(0.3),2.39,0.6583
RNG(0.3),2.4,0.6583
RNG(0.3),2.41,0.6584
RNG(0.3),2.42,0.6583
RNG(0.3),2.43,0.6583
RNG(0.3),2.44,0.6583
RNG(0.3),2.45,0.6583
RNG(0.3),2.46,0.6582
RNG(0.3),2.47,0.6582
RNG(0.3),2.48,0.6582
RNG(0.3),2.49,0.6582
RNG(0.3),2.5,0.6582
RNG(0.3),2.51,0.6582
RNG(0.3),2.52,0.6582
RNG(0.3),2.53,0.6583
RNG(0.3),2.54,0.6583
RNG(0.3),2.55,0.6583
RNG(0.3),2.56,0.6582
RNG(0.3),2.57,0.6581
RNG(0.3),2.58,0.6582
RNG(0.3),2.59,0.6582
RNG(0.3),2.6,0.6582
RNG(0.3),2.61,0.6585
RNG(0.3),2.62,0.6585
RNG(0.3),2.63,0.6585
RNG(0.3),2.64,0.6585
RNG(0.3),2.65,0.6585
RNG(0.3),2.66,0.6585
RNG(0.3),2.67,0.6586
RNG(0.3),2.68,0.6586
RNG(0.3),2.69,0.6586
RNG(0.3),2.7,0.6589
RNG(0.3),2.71,0.6589
RNG(0.3),2.72,0.6589
RNG(0.3),2.73,0.6586
RNG(0.3),2.74,0.6586
RNG(0.3),2.75,0.6586
RNG(0.3),2.76,0.6589
RNG(0.3),2.77,0.6589
RNG(0.3),2.78,0.6589
RNG(0.3),2.79,0.6591
RNG(0.3),2.8,0.6591
RNG(0.3),2.81,0.6591
RNG(0.3),2.82,0.6591
RNG(0.3),2.83,0.6591
RNG(0.3),2.84,0.6591
RNG(0.3),2.85,0.6591
RNG(0.3),2.86,0.6591
RNG(0.3),2.87,0.6591
RNG(0.3),2.88,0.6591
RNG(0.3),2.89,0.6591
RNG(0.3),2.9,0.6591
RNG(0.3),2.91,0.6591
RNG(0.3),2.92,0.659
RNG(0.3),2.93,0.659
RNG(0.3),2.94,0.659
RNG(0.3),2.95,0.659
RNG(0.3),2.96,0.6589
RNG(0.3),2.97,0.6589
RNG(0.3),2.98,0.6589
RNG(0.3),2.99,0.6589
RNG(0.3),3.0,0.6589
RNG(0.3),3.01,0.6589
RNG(0.3),3.02,0.659
RNG(0.3),3.03,0.659
RNG(0.3),3.04,0.6591
RNG(0.3),3.05,0.6591
RNG(0.3),3.06,0.6591
RNG(0.3),3.07,0.6592
RNG(0.3),3.08,0.6592
RNG(0.3),3.09,0.6592
RNG(0.3),3.1,0.6592
RNG(0.3),3.11,0.6593
RNG(0.3),3.12,0.6593
RNG(0.3),3.13,0.6592
RNG(0.3),3.14,0.6592
RNG(0.3),3.15,0.6592
RNG(0.3),3.16,0.6593
RNG(0.3),3.17,0.6593
RNG(0.3),3.18,0.6594
RNG(0.3),3.19,0.6594
RNG(0.3),3.2,0.6594
RNG(0.3),3.21,0.6594
RNG(0.3),3.22,0.6594
RNG(0.3),3.23,0.6594
RNG(0.3),3.24,0.6594
RNG(0.3),3.25,0.6593
RNG(0.3),3.26,0.6593
RNG(0.3),3.27,0.6593
RNG(0.3),3.28,0.6593
RNG(0.3),3.29,0.6593
RNG(0.3),3.3,0.6593
RNG(0.3),3.31,0.6593
RNG(0.3),3.32,0.6593
RNG(0.3),3.33,0.6593
RNG(0.3),3.34,0.6593
RNG(0.3),3.35,0.6593
RNG(0.3),3.36,0.6593
RNG(0.3),3.37,0.6593
RNG(0.3),3.38,0.6593
RNG(0.3),3.39,0.6593
RNG(0.3),3.4,0.6593
RNG(0.3),3.41,0.6593
RNG(0.3),3.42,0.6593
RNG(0.3),3.43,0.6594
RNG(0.3),3.44,0.6594
RNG(0.3),3.45,0.6594
RNG(0.3),3.46,0.6594
RNG(0.3),3.47,0.6594
RNG(0.3),3.48,0.6594
RNG(0.3),3.49,0.6594
RNG(0.3),3.5,0.6594
RNG(0.3),3.51,0.6596
RNG(0.3),3.52,0.6596
RNG(0.3),3.53,0.6596
RNG(0.3),3.54,0.6596
RNG(0.3),3.55,0.6596
RNG(0.3),3.56,0.6596
RNG(0.3),3.57,0.6596
RNG(0.3),3.58,0.6596
RNG(0.3),3.59,0.6596
RNG(0.3),3.6,0.6596
RNG(0.3),3.61,0.6596
RNG(0.3),3.62,0.6596
RNG(0.3),3.63,0.6596
RNG(0.3),3.64,0.6596
RNG(0.3),3.65,0.6596
RNG(0.3),3.66,0.6596
RNG(0.3),3.67,0.6596
RNG(0.3),3.68,0.6596
RNG(0.3),3.69,0.6596
RNG(0.3),3.7,0.6596
RNG(0.3),3.71,0.6596
RNG(0.3),3.72,0.6596
RNG(0.3),3.73,0.6596
RNG(0.3),3.74,0.6596
RNG(0.3),3.75,0.6596
RNG(0.3),3.76,0.6596
RNG(0.3),3.77,0.6596
RNG(0.3),3.78,0.6596
RNG(0.3),3.79,0.6596
RNG(0.3),3.8,0.6596
RNG(0.3),3.81,0.6596
RNG(0.3),3.83,0.6596
RNG(0.3),3.87,0.6596
RNG(0.3),3.88,0.6596
RNG(0.3),3.89,0.6596
RNG(0.3),3.92,0.6596
RNG(0.3),3.95,0.6596
RNG(0.3),3.96,0.6596
Seg(0.3),0.99,0.6231
Seg(0.3),1.0,0.6231
Seg(0.3),1.01,0.6235
Seg(0.3),1.02,0.6246
Seg(0.3),1.03,0.6269
Seg(0.3),1.04,0.6296
Seg(0.3),1.05,0.6328
Seg(0.3),1.06,0.6357
Seg(0.3),1.07,0.6382
Seg(0.3),1.08,0.6401
Seg(0.3),1.09,0.6417
Seg(0.3),1.1,0.6427
Seg(0.3),1.11,0.6441
Seg(0.3),1.12,0.6447
Seg(0.3),1.13,0.645
Seg(0.3),1.14,0.6451
Seg(0.3),1.15,0.6453
Seg(0.3),1.16,0.6454
Seg(0.3),1.17,0.6454
Seg(0.3),1.18,0.6455
Seg(0.3),1.19,0.6455
Seg(0.3),1.2,0.6456
Seg(0.3),1.21,0.6456
Seg(0.3),1.22,0.6456
Seg(0.3),1.23,0.6456
Seg(0.3),1.24,0.6456
Seg(0.3),1.25,0.6456
Seg(0.3),1.26,0.6456
Seg(0.3),1.27,0.6456
Seg(0.3),1.28,0.6456
Seg(0.3),1.29,0.6456
Seg(0.3),1.3,0.6456
Seg(0.3),1.31,0.6456
Seg(0.3),1.32,0.6456
Seg(0.3),1.33,0.6456
Seg(0.3),1.34,0.6458
Seg(0.3),1.35,0.6457
Seg(0.3),1.36,0.6457
Seg(0.3),1.37,0.6457
Seg(0.3),1.38,0.6456
Seg(0.3),1.39,0.6456
Seg(0.3),1.4,0.6457
Seg(0.3),1.41,0.6458
Seg(0.3),1.42,0.6458
Seg(0.3),1.43,0.6458
Seg(0.3),1.44,0.6461
Seg(0.3),1.45,0.646
Seg(0.3),1.46,0.6462
Seg(0.3),1.47,0.6463
Seg(0.3),1.48,0.6464
Seg(0.3),1.49,0.6464
Seg(0.3),1.5,0.6465
Seg(0.3),1.51,0.6465
Seg(0.3),1.52,0.6466
Seg(0.3),1.53,0.6467
Seg(0.3),1.54,0.6467
Seg(0.3),1.55,0.6468
Seg(0.3),1.56,0.6471
Seg(0.3),1.57,0.6472
Seg(0.3),1.58,0.6473
Seg(0.3),1.59,0.6474
Seg(0.3),1.6,0.6476
Seg(0.3),1.61,0.6478
Seg(0.3),1.62,0.648
Seg(0.3),1.63,0.6483
Seg(0.3),1.64,0.6485
Seg(0.3),1.65,0.6486
Seg(0.3),1.66,0.6487
Seg(0.3),1.67,0.6487
Seg(0.3),1.68,0.6487
Seg(0.3),1.69,0.6488
Seg(0.3),1.7,0.6489
Seg(0.3),1.71,0.6489
Seg(0.3),1.72,0.649
Seg(0.3),1.73,0.649
Seg(0.3),1.74,0.649
Seg(0.3),1.75,0.649
Seg(0.3),1.76,0.6491
Seg(0.3),1.77,0.6491
Seg(0.3),1.78,0.6492
Seg(0.3),1.79,0.6492
Seg(0.3),1.8,0.6493
Seg(0.3),1.81,0.6495
Seg(0.3),1.82,0.6496
Seg(0.3),1.83,0.6496
Seg(0.3),1.84,0.6496
Seg(0.3),1.85,0.6496
Seg(0.3),1.86,0.6496
Seg(0.3),1.87,0.6496
Seg(0.3),1.88,0.6496
Seg(0.3),1.89,0.6496
Seg(0.3),1.9,0.6497
Seg(0.3),1.91,0.6498
Seg(0.3),1.92,0.6498
Seg(0.3),1.93,0.6498
Seg(0.3),1.94,0.6499
Seg(0.3),1.95,0.65
Seg(0.3),1.96,0.65
Seg(0.3),1.97,0.65
Seg(0.3),1.98,0.65
Seg(0.3),1.99,0.65
Seg(0.3),2.0,0.65
Seg(0.3),2.01,0.65
Seg(0.3),2.02,0.65
Seg(0.3),2.03,0.65
Seg(0.3),2.04,0.65
Seg(0.3),2.05,0.6501
Seg(0.3),2.06,0.6502
Seg(0.3),2.07,0.6504
Seg(0.3),2.08,0.6504
Seg(0.3),2.09,0.6504
Seg(0.3),2.1,0.6504
Seg(0.3),2.11,0.6504
Seg(0.3),2.12,0.6504
Seg(0.3),2.13,0.6504
Seg(0.3),2.14,0.6504
Seg(0.3),2.15,0.6506
Seg(0.3),2.16,0.6506
Seg(0.3),2.17,0.6506
Seg(0.3),2.18,0.6506
Seg(0.3),2.19,0.6506
Seg(0.3),2.2,0.6506
Seg(0.3),2.21,0.6507
Seg(0.3),2.22,0.6507
Seg(0.3),2.23,0.6508
Seg(0.3),2.24,0.6508
Seg(0.3),2.25,0.6508
Seg(0.3),2.26,0.6508
Seg(0.3),2.27,0.6508
Seg(0.3),2.28,0.6508
Seg(0.3),2.29,0.6508
Seg(0.3),2.3,0.6508
Seg(0.3),2.31,0.6508
Seg(0.3),2.32,0.6508
Seg(0.3),2.33,0.6508
Seg(0.3),2.34,0.6508
Seg(0.3),2.35,0.6508
Seg(0.3),2.36,0.6508
Seg(0.3),2.37,0.6508
Seg(0.3),2.38,0.6509
Seg(0.3),2.39,0.6509
Seg(0.3),2.4,0.6509
Seg(0.3),2.41,0.651
Seg(0.3),2.42,0.6508
Seg(0.3),2.43,0.6508
Seg(0.3),2.44,0.6508
Seg(0.3),2.45,0.6508
Seg(0.3),2.46,0.6508
Seg(0.3),2.47,0.6508
Seg(0.3),2.48,0.6508
Seg(0.3),2.49,0.6508
Seg(0.3),2.5,0.6508
Seg(0.3),2.51,0.6508
Seg(0.3),2.52,0.6508
Seg(0.3),2.53,0.6508
Seg(0.3),2.54,0.6508
Seg(0.3),2.55,0.6508
Seg(0.3),2.56,0.6508
Seg(0.3),2.57,0.6508
Seg(0.3),2.58,0.6508
Seg(0.3),2.59,0.6508
Seg(0.3),2.6,0.6508
Seg(0.3),2.61,0.6512
Seg(0.3),2.62,0.6512
Seg(0.3),2.63,0.6512
Seg(0.3),2.64,0.6512
Seg(0.3),2.65,0.6512
Seg(0.3),2.66,0.6512
Seg(0.3),2.67,0.6512
Seg(0.3),2.68,0.6512
Seg(0.3),2.69,0.6512
Seg(0.3),2.7,0.6515
Seg(0.3),2.71,0.6515
Seg(0.3),2.72,0.6515
Seg(0.3),2.73,0.6512
Seg(0.3),2.74,0.6512
Seg(0.3),2.75,0.6512
Seg(0.3),2.76,0.6515
Seg(0.3),2.77,0.6515
Seg(0.3),2.78,0.6515
Seg(0.3),2.79,0.6517
Seg(0.3),2.8,0.6517
Seg(0.3),2.81,0.6517
Seg(0.3),2.82,0.6517
Seg(0.3),2.83,0.6517
Seg(0.3),2.84,0.6517
Seg(0.3),2.85,0.6517
Seg(0.3),2.86,0.6517
Seg(0.3),2.87,0.6517
Seg(0.3),2.88,0.6517
Seg(0.3),2.89,0.6517
Seg(0.3),2.9,0.6517
Seg(0.3),2.91,0.6517
Seg(0.3),2.92,0.6517
Seg(0.3),2.93,0.6517
Seg(0.3),2.94,0.6517
Seg(0.3),2.95,0.6517
Seg(0.3),2.96,0.6516
Seg(0.3),2.97,0.6516
Seg(0.3),2.98,0.6515
Seg(0.3),2.99,0.6515
Seg(0.3),3.0,0.6515
Seg(0.3),3.01,0.6516
Seg(0.3),3.02,0.6517
Seg(0.3),3.03,0.6517
Seg(0.3),3.04,0.6517
Seg(0.3),3.05,0.6517
Seg(0.3),3.06,0.6517
Seg(0.3),3.07,0.6517
Seg(0.3),3.08,0.6517
Seg(0.3),3.09,0.6517
Seg(0.3),3.1,0.6517
Seg(0.3),3.11,0.6517
Seg(0.3),3.12,0.6517
Seg(0.3),3.13,0.6517
Seg(0.3),3.14,0.6517
Seg(0.3),3.15,0.6517
Seg(0.3),3.16,0.6517
Seg(0.3),3.17,0.6517
Seg(0.3),3.18,0.6518
Seg(0.3),3.19,0.6518
Seg(0.3),3.2,0.6518
Seg(0.3),3.21,0.6518
Seg(0.3),3.22,0.6518
Seg(0.3),3.23,0.6519
Seg(0.3),3.24,0.6519
Seg(0.3),3.25,0.6517
Seg(0.3),3.26,0.6517
Seg(0.3),3.27,0.6517
Seg(0.3),3.28,0.6517
Seg(0.3),3.29,0.6517
Seg(0.3),3.3,0.6517
Seg(0.3),3.31,0.6517
Seg(0.3),3.32,0.6517
Seg(0.3),3.33,0.6517
Seg(0.3),3.34,0.6517
Seg(0.3),3.35,0.6517
Seg(0.3),3.36,0.6517
Seg(0.3),3.37,0.6517
Seg(0.3),3.38,0.6517
Seg(0.3),3.39,0.6517
Seg(0.3),3.4,0.6517
Seg(0.3),3.41,0.6517
Seg(0.3),3.42,0.6517
Seg(0.3),3.43,0.6518
Seg(0.3),3.44,0.6518
Seg(0.3),3.45,0.6518
Seg(0.3),3.46,0.6518
Seg(0.3),3.47,0.6518
Seg(0.3),3.48,0.6518
Seg(0.3),3.49,0.6518
Seg(0.3),3.5,0.6518
Seg(0.3),3.51,0.6521
Seg(0.3),3.52,0.6521
Seg(0.3),3.53,0.6521
Seg(0.3),3.54,0.6521
Seg(0.3),3.55,0.6521
Seg(0.3),3.56,0.6521
Seg(0.3),3.57,0.6521
Seg(0.3),3.58,0.6521
Seg(0.3),3.59,0.6521
Seg(0.3),3.6,0.6521
Seg(0.3),3.61,0.6521
Seg(0.3),3.62,0.6521
Seg(0.3),3.63,0.6521
Seg(0.3),3.64,0.6521
Seg(0.3),3.65,0.6521
Seg(0.3),3.66,0.6521
Seg(0.3),3.67,0.6521
Seg(0.3),3.68,0.6521
Seg(0.3),3.69,0.6521
Seg(0.3),3.7,0.6521
Seg(0.3),3.71,0.6521
Seg(0.3),3.72,0.6521
Seg(0.3),3.73,0.6521
Seg(0.3),3.74,0.6521
Seg(0.3),3.75,0.6521
Seg(0.3),3.76,0.6521
Seg(0.3),3.77,0.6521
Seg(0.3),3.78,0.6521
Seg(0.3),3.79,0.6521
Seg(0.3),3.8,0.6521
Seg(0.3),3.81,0.6521
Seg(0.3),3.83,0.6521
Seg(0.3),3.87,0.6521
Seg(0.3),3.88,0.6521
Seg(0.3),3.89,0.6521
Seg(0.3),3.92,0.6521
Seg(0.3),3.95,0.6521
Seg(0.3),3.96,0.6521
RNG(0.5),0.99,0.6231
RNG(0.5),1.0,0.6231
RNG(0.5),1.01,0.6232
RNG(0.5),1.02,0.624
RNG(0.5),1.03,0.6255
RNG(0.5),1.04,0.627
RNG(0.5),1.05,0.6292
RNG(0.5),1.06,0.6309
RNG(0.5),1.07,0.6327
RNG(0.5),1.08,0.6342
RNG(0.5),1.09,0.6357
RNG(0.5),1.1,0.6365
RNG(0.5),1.11,0.6376
RNG(0.5),1.12,0.6382
RNG(0.5),1.13,0.6384
RNG(0.5),1.14,0.6386
RNG(0.5),1.15,0.6388
RNG(0.5),1.16,0.6388
RNG(0.5),1.17,0.6388
RNG(0.5),1.18,0.6388
RNG(0.5),1.19,0.6388
RNG(0.5),1.2,0.6388
RNG(0.5),1.21,0.6388
RNG(0.5),1.22,0.6388
RNG(0.5),1.23,0.6388
RNG(0.5),1.24,0.6388
RNG(0.5),1.25,0.6388
RNG(0.5),1.26,0.6388
RNG(0.5),1.27,0.6388
RNG(0.5),1.28,0.6389
RNG(0.5),1.29,0.639
RNG(0.5),1.3,0.639
RNG(0.5),1.31,0.639
RNG(0.5),1.32,0.639
RNG(0.5),1.33,0.639
RNG(0.5),1.34,0.6391
RNG(0.5),1.35,0.639
RNG(0.5),1.36,0.6391
RNG(0.5),1.37,0.6391
RNG(0.5),1.38,0.639
RNG(0.5),1.39,0.639
RNG(0.5),1.4,0.639
RNG(0.5),1.41,0.6391
RNG(0.5),1.42,0.6392
RNG(0.5),1.43,0.6392
RNG(0.5),1.44,0.6394
RNG(0.5),1.45,0.6394
RNG(0.5),1.46,0.6394
RNG(0.5),1.47,0.6394
RNG(0.5),1.48,0.6394
RNG(0.5),1.49,0.6394
RNG(0.5),1.5,0.6394
RNG(0.5),1.51,0.6395
RNG(0.5),1.52,0.6396
RNG(0.5),1.53,0.6396
RNG(0.5),1.54,0.6396
RNG(0.5),1.55,0.6396
RNG(0.5),1.56,0.6398
RNG(0.5),1.57,0.6398
RNG(0.5),1.58,0.64
RNG(0.5),1.59,0.6401
RNG(0.5),1.6,0.6402
RNG(0.5),1.61,0.6404
RNG(0.5),1.62,0.6406
RNG(0.5),1.63,0.6409
RNG(0.5),1.64,0.6411
RNG(0.5),1.65,0.6411
RNG(0.5),1.66,0.6412
RNG(0.5),1.67,0.6412
RNG(0.5),1.68,0.6413
RNG(0.5),1.69,0.6413
RNG(0.5),1.7,0.6414
RNG(0.5),1.71,0.6414
RNG(0.5),1.72,0.6414
RNG(0.5),1.73,0.6414
RNG(0.5),1.74,0.6414
RNG(0.5),1.75,0.6414
RNG(0.5),1.76,0.6415
RNG(0.5),1.77,0.6415
RNG(0.5),1.78,0.6415
RNG(0.5),1.79,0.6415
RNG(0.5),1.8,0.6416
RNG(0.5),1.81,0.6418
RNG(0.5),1.82,0.6419
RNG(0.5),1.83,0.6419
RNG(0.5),1.84,0.6419
RNG(0.5),1.85,0.6419
RNG(0.5),1.86,0.6419
RNG(0.5),1.87,0.6419
RNG(0.5),1.88,0.6419
RNG(0.5),1.89,0.6419
RNG(0.5),1.9,0.6419
RNG(0.5),1.91,0.642
RNG(0.5),1.92,0.642
RNG(0.5),1.93,0.642
RNG(0.5),1.94,0.642
RNG(0.5),1.95,0.6421
RNG(0.5),1.96,0.6421
RNG(0.5),1.97,0.6421
RNG(0.5),1.98,0.6421
RNG(0.5),1.99,0.6421
RNG(0.5),2.0,0.6421
RNG(0.5),2.01,0.6421
RNG(0.5),2.02,0.6422
RNG(0.5),2.03,0.6422
RNG(0.5),2.04,0.6422
RNG(0.5),2.05,0.6422
RNG(0.5),2.06,0.6423
RNG(0.5),2.07,0.6423
RNG(0.5),2.08,0.6423
RNG(0.5),2.09,0.6423
RNG(0.5),2.1,0.6423
RNG(0.5),2.11,0.6423
RNG(0.5),2.12,0.6423
RNG(0.5),2.13,0.6423
RNG(0.5),2.14,0.6423
RNG(0.5),2.15,0.6425
RNG(0.5),2.16,0.6425
RNG(0.5),2.17,0.6425
RNG(0.5),2.18,0.6425
RNG(0.5),2.19,0.6425
RNG(0.5),2.2,0.6425
RNG(0.5),2.21,0.6425
RNG(0.5),2.22,0.6425
RNG(0.5),2.23,0.6425
RNG(0.5),2.24,0.6425
RNG(0.5),2.25,0.6426
RNG(0.5),2.26,0.6426
RNG(0.5),2.27,0.6426
RNG(0.5),2.28,0.6426
RNG(0.5),2.29,0.6426
RNG(0.5),2.3,0.6426
RNG(0.5),2.31,0.6426
RNG(0.5),2.32,0.6426
RNG(0.5),2.33,0.6426
RNG(0.5),2.34,0.6426
RNG(0.5),2.35,0.6426
RNG(0.5),2.36,0.6426
RNG(0.5),2.37,0.6426
RNG(0.5),2.38,0.6427
RNG(0.5),2.39,0.6427
RNG(0.5),2.4,0.6427
RNG(0.5),2.41,0.6427
RNG(0.5),2.42,0.6426
RNG(0.5),2.43,0.6426
RNG(0.5),2.44,0.6426
RNG(0.5),2.45,0.6426
RNG(0.5),2.46,0.6426
RNG(0.5),2.47,0.6426
RNG(0.5),2.48,0.6426
RNG(0.5),2.49,0.6426
RNG(0.5),2.5,0.6426
RNG(0.5),2.51,0.6426
RNG(0.5),2.52,0.6426
RNG(0.5),2.53,0.6426
RNG(0.5),2.54,0.6426
RNG(0.5),2.55,0.6426
RNG(0.5),2.56,0.6426
RNG(0.5),2.57,0.6427
RNG(0.5),2.58,0.6427
RNG(0.5),2.59,0.6427
RNG(0.5),2.6,0.6427
RNG(0.5),2.61,0.6429
RNG(0.5),2.62,0.6429
RNG(0.5),2.63,0.6429
RNG(0.5),2.64,0.6429
RNG(0.5),2.65,0.6429
RNG(0.5),2.66,0.6429
RNG(0.5),2.67,0.6429
RNG(0.5),2.68,0.6429
RNG(0.5),2.69,0.6429
RNG(0.5),2.7,0.6432
RNG(0.5),2.71,0.6432
RNG(0.5),2.72,0.6432
RNG(0.5),2.73,0.6429
RNG(0.5),2.74,0.6429
RNG(0.5),2.75,0.6429
RNG(0.5),2.76,0.6432
RNG(0.5),2.77,0.6432
RNG(0.5),2.78,0.6432
RNG(0.5),2.79,0.6434
RNG(0.5),2.8,0.6434
RNG(0.5),2.81,0.6434
RNG(0.5),2.82,0.6434
RNG(0.5),2.83,0.6434
RNG(0.5),2.84,0.6434
RNG(0.5),2.85,0.6434
RNG(0.5),2.86,0.6434
RNG(0.5),2.87,0.6434
RNG(0.5),2.88,0.6434
RNG(0.5),2.89,0.6434
RNG(0.5),2.9,0.6434
RNG(0.5),2.91,0.6434
RNG(0.5),2.92,0.6434
RNG(0.5),2.93,0.6434
RNG(0.5),2.94,0.6434
RNG(0.5),2.95,0.6434
RNG(0.5),2.96,0.6433
RNG(0.5),2.97,0.6433
RNG(0.5),2.98,0.6433
RNG(0.5),2.99,0.6433
RNG(0.5),3.0,0.6433
RNG(0.5),3.01,0.6433
RNG(0.5),3.02,0.6433
RNG(0.5),3.03,0.6433
RNG(0.5),3.04,0.6433
RNG(0.5),3.05,0.6433
RNG(0.5),3.06,0.6433
RNG(0.5),3.07,0.6433
RNG(0.5),3.08,0.6433
RNG(0.5),3.09,0.6433
RNG(0.5),3.1,0.6433
RNG(0.5),3.11,0.6433
RNG(0.5),3.12,0.6433
RNG(0.5),3.13,0.6432
RNG(0.5),3.14,0.6432
RNG(0.5),3.15,0.6432
RNG(0.5),3.16,0.6432
RNG(0.5),3.17,0.6432
RNG(0.5),3.18,0.6432
RNG(0.5),3.19,0.6432
RNG(0.5),3.2,0.6432
RNG(0.5),3.21,0.6432
RNG(0.5),3.22,0.6432
RNG(0.5),3.23,0.6433
RNG(0.5),3.24,0.6433
RNG(0.5),3.25,0.6433
RNG(0.5),3.26,0.6433
RNG(0.5),3.27,0.6433
RNG(0.5),3.28,0.6433
RNG(0.5),3.29,0.6433
RNG(0.5),3.3,0.6433
RNG(0.5),3.31,0.6433
RNG(0.5),3.32,0.6433
RNG(0.5),3.33,0.6433
RNG(0.5),3.34,0.6433
RNG(0.5),3.35,0.6433
RNG(0.5),3.36,0.6433
RNG(0.5),3.37,0.6433
RNG(0.5),3.38,0.6433
RNG(0.5),3.39,0.6433
RNG(0.5),3.4,0.6433
RNG(0.5),3.41,0.6433
RNG(0.5),3.42,0.6433
RNG(0.5),3.43,0.6433
RNG(0.5),3.44,0.6433
RNG(0.5),3.45,0.6433
RNG(0.5),3.46,0.6433
RNG(0.5),3.47,0.6433
RNG(0.5),3.48,0.6433
RNG(0.5),3.49,0.6433
RNG(0.5),3.5,0.6433
RNG(0.5),3.51,0.6434
RNG(0.5),3.52,0.6434
RNG(0.5),3.53,0.6434
RNG(0.5),3.54,0.6434
RNG(0.5),3.55,0.6434
RNG(0.5),3.56,0.6434
RNG(0.5),3.57,0.6434
RNG(0.5),3.58,0.6434
RNG(0.5),3.59,0.6434
RNG(0.5),3.6,0.6434
RNG(0.5),3.61,0.6434
RNG(0.5),3.62,0.6434
RNG(0.5),3.63,0.6434
RNG(0.5),3.64,0.6434
RNG(0.5),3.65,0.6434
RNG(0.5),3.66,0.6434
RNG(0.5),3.67,0.6434
RNG(0.5),3.68,0.6434
RNG(0.5),3.69,0.6434
RNG(0.5),3.7,0.6434
RNG(0.5),3.71,0.6434
RNG(0.5),3.72,0.6434
RNG(0.5),3.73,0.6434
RNG(0.5),3.74,0.6434
RNG(0.5),3.75,0.6434
RNG(0.5),3.76,0.6434
RNG(0.5),3.77,0.6434
RNG(0.5),3.78,0.6434
RNG(0.5),3.79,0.6434
RNG(0.5),3.8,0.6434
RNG(0.5),3.81,0.6434
RNG(0.5),3.83,0.6434
RNG(0.5),3.87,0.6434
RNG(0.5),3.88,0.6434
RNG(0.5),3.89,0.6434
RNG(0.5),3.92,0.6434
RNG(0.5),3.95,0.6434
RNG(0.5),3.96,0.6434
Seg(0.5),0.99,0.6231
Seg(0.5),1.0,0.6231
Seg(0.5),1.01,0.6232
Seg(0.5),1.02,0.6238
Seg(0.5),1.03,0.6248
Seg(0.5),1.04,0.626
Seg(0.5),1.05,0.6279
Seg(0.5),1.06,0.6294
Seg(0.5),1.07,0.631
Seg(0.5),1.08,0.6322
Seg(0.5),1.09,0.6335
Seg(0.5),1.1,0.6343
Seg(0.5),1.11,0.6353
Seg(0.5),1.12,0.6359
Seg(0.5),1.13,0.6361
Seg(0.5),1.14,0.6362
Seg(0.5),1.15,0.6364
Seg(0.5),1.16,0.6365
Seg(0.5),1.17,0.6365
Seg(0.5),1.18,0.6365
Seg(0.5),1.19,0.6365
Seg(0.5),1.2,0.6365
Seg(0.5),1.21,0.6365
Seg(0.5),1.22,0.6365
Seg(0.5),1.23,0.6365
Seg(0.5),1.24,0.6365
Seg(0.5),1.25,0.6365
Seg(0.5),1.26,0.6365
Seg(0.5),1.27,0.6365
Seg(0.5),1.28,0.6365
Seg(0.5),1.29,0.6365
Seg(0.5),1.3,0.6365
Seg(0.5),1.31,0.6365
Seg(0.5),1.32,0.6365
Seg(0.5),1.33,0.6366
Seg(0.5),1.34,0.6366
Seg(0.5),1.35,0.6365
Seg(0.5),1.36,0.6365
Seg(0.5),1.37,0.6365
Seg(0.5),1.38,0.6365
Seg(0.5),1.39,0.6365
Seg(0.5),1.4,0.6365
Seg(0.5),1.41,0.6366
Seg(0.5),1.42,0.6367
Seg(0.5),1.43,0.6367
Seg(0.5),1.44,0.6369
Seg(0.5),1.45,0.6368
Seg(0.5),1.46,0.6368
Seg(0.5),1.47,0.6368
Seg(0.5),1.48,0.6368
Seg(0.5),1.49,0.6368
Seg(0.5),1.5,0.6367
Seg(0.5),1.51,0.6368
Seg(0.5),1.52,0.6369
Seg(0.5),1.53,0.6369
Seg(0.5),1.54,0.6369
Seg(0.5),1.55,0.6369
Seg(0.5),1.56,0.637
Seg(0.5),1.57,0.637
Seg(0.5),1.58,0.6371
Seg(0.5),1.59,0.6371
Seg(0.5),1.6,0.6373
Seg(0.5),1.61,0.6374
Seg(0.5),1.62,0.6375
Seg(0.5),1.63,0.6377
Seg(0.5),1.64,0.6379
Seg(0.5),1.65,0.6379
Seg(0.5),1.66,0.6379
Seg(0.5),1.67,0.6379
Seg(0.5),1.68,0.6379
Seg(0.5),1.69,0.6379
Seg(0.5),1.7,0.6381
Seg(0.5),1.71,0.6381
Seg(0.5),1.72,0.6381
Seg(0.5),1.73,0.6381
Seg(0.5),1.74,0.6381
Seg(0.5),1.75,0.6381
Seg(0.5),1.76,0.6382
Seg(0.5),1.77,0.6382
Seg(0.5),1.78,0.6382
Seg(0.5),1.79,0.6382
Seg(0.5),1.8,0.6383
Seg(0.5),1.81,0.6385
Seg(0.5),1.82,0.6386
Seg(0.5),1.83,0.6386
Seg(0.5),1.84,0.6386
Seg(0.5),1.85,0.6386
Seg(0.5),1.86,0.6386
Seg(0.5),1.87,0.6386
Seg(0.5),1.88,0.6386
Seg(0.5),1.89,0.6386
Seg(0.5),1.9,0.6386
Seg(0.5),1.91,0.6387
Seg(0.5),1.92,0.6387
Seg(0.5),1.93,0.6387
Seg(0.5),1.94,0.6387
Seg(0.5),1.95,0.6388
Seg(0.5),1.96,0.6388
Seg(0.5),1.97,0.6388
Seg(0.5),1.98,0.6388
Seg(0.5),1.99,0.6388
Seg(0.5),2.0,0.6388
Seg(0.5),2.01,0.6388
Seg(0.5),2.02,0.6389
Seg(0.5),2.03,0.6389
Seg(0.5),2.04,0.6389
Seg(0.5),2.05,0.6389
Seg(0.5),2.06,0.639
Seg(0.5),2.07,0.639
Seg(0.5),2.08,0.639
Seg(0.5),2.09,0.639
Seg(0.5),2.1,0.639
Seg(0.5),2.11,0.639
Seg(0.5),2.12,0.639
Seg(0.5),2.13,0.639
Seg(0.5),2.14,0.639
Seg(0.5),2.15,0.6391
Seg(0.5),2.16,0.6391
Seg(0.5),2.17,0.6391
Seg(0.5),2.18,0.6392
Seg(0.5),2.19,0.6392
Seg(0.5),2.2,0.6392
Seg(0.5),2.21,0.6392
Seg(0.5),2.22,0.6392
Seg(0.5),2.23,0.6392
Seg(0.5),2.24,0.6392
Seg(0.5),2.25,0.6392
Seg(0.5),2.26,0.6392
Seg(0.5),2.27,0.6392
Seg(0.5),2.28,0.6392
Seg(0.5),2.29,0.6392
Seg(0.5),2.3,0.6392
Seg(0.5),2.31,0.6392
Seg(0.5),2.32,0.6392
Seg(0.5),2.33,0.6392
Seg(0.5),2.34,0.6392
Seg(0.5),2.35,0.6392
Seg(0.5),2.36,0.6392
Seg(0.5),2.37,0.6392
Seg(0.5),2.38,0.6393
Seg(0.5),2.39,0.6393
Seg(0.5),2.4,0.6393
Seg(0.5),2.41,0.6394
Seg(0.5),2.42,0.6394
Seg(0.5),2.43,0.6394
Seg(0.5),2.44,0.6394
Seg(0.5),2.45,0.6394
Seg(0.5),2.46,0.6394
Seg(0.5),2.47,0.6394
Seg(0.5),2.48,0.6394
Seg(0.5),2.49,0.6394
Seg(0.5),2.5,0.6394
Seg(0.5),2.51,0.6394
Seg(0.5),2.52,0.6394
Seg(0.5),2.53,0.6394
Seg(0.5),2.54,0.6394
Seg(0.5),2.55,0.6394
Seg(0.5),2.56,0.6394
Seg(0.5),2.57,0.6394
Seg(0.5),2.58,0.6394
Seg(0.5),2.59,0.6394
Seg(0.5),2.6,0.6394
Seg(0.5),2.61,0.6394
Seg(0.5),2.62,0.6394
Seg(0.5),2.63,0.6394
Seg(0.5),2.64,0.6394
Seg(0.5),2.65,0.6394
Seg(0.5),2.66,0.6394
Seg(0.5),2.67,0.6395
Seg(0.5),2.68,0.6395
Seg(0.5),2.69,0.6395
Seg(0.5),2.7,0.6398
Seg(0.5),2.71,0.6398
Seg(0.5),2.72,0.6398
Seg(0.5),2.73,0.6398
Seg(0.5),2.74,0.6398
Seg(0.5),2.75,0.6398
Seg(0.5),2.76,0.6398
Seg(0.5),2.77,0.6398
Seg(0.5),2.78,0.6398
Seg(0.5),2.79,0.64
Seg(0.5),2.8,0.64
Seg(0.5),2.81,0.64
Seg(0.5),2.82,0.64
Seg(0.5),2.83,0.64
Seg(0.5),2.84,0.64
Seg(0.5),2.85,0.64
Seg(0.5),2.86,0.64
Seg(0.5),2.87,0.64
Seg(0.5),2.88,0.64
Seg(0.5),2.89,0.64
Seg(0.5),2.9,0.64
Seg(0.5),2.91,0.64
Seg(0.5),2.92,0.64
Seg(0.5),2.93,0.64
Seg(0.5),2.94,0.64
Seg(0.5),2.95,0.64
Seg(0.5),2.96,0.6399
Seg(0.5),2.97,0.6399
Seg(0.5),2.98,0.6398
Seg(0.5),2.99,0.6398
Seg(0.5),3.0,0.6398
Seg(0.5),3.01,0.6398
Seg(0.5),3.02,0.6398
Seg(0.5),3.03,0.6398
Seg(0.5),3.04,0.6398
Seg(0.5),3.05,0.6398
Seg(0.5),3.06,0.6398
Seg(0.5),3.07,0.6398
Seg(0.5),3.08,0.6398
Seg(0.5),3.09,0.6398
Seg(0.5),3.1,0.6398
Seg(0.5),3.11,0.6398
Seg(0.5),3.12,0.6398
Seg(0.5),3.13,0.6398
Seg(0.5),3.14,0.6398
Seg(0.5),3.15,0.6398
Seg(0.5),3.16,0.6398
Seg(0.5),3.17,0.6398
Seg(0.5),3.18,0.6398
Seg(0.5),3.19,0.6398
Seg(0.5),3.2,0.6398
Seg(0.5),3.21,0.6398
Seg(0.5),3.22,0.6398
Seg(0.5),3.23,0.6398
Seg(0.5),3.24,0.6398
Seg(0.5),3.25,0.6398
Seg(0.5),3.26,0.6398
Seg(0.5),3.27,0.6398
Seg(0.5),3.28,0.6398
Seg(0.5),3.29,0.6398
Seg(0.5),3.3,0.6398
Seg(0.5),3.31,0.6398
Seg(0.5),3.32,0.6398
Seg(0.5),3.33,0.6398
Seg(0.5),3.34,0.6398
Seg(0.5),3.35,0.6398
Seg(0.5),3.36,0.6398
Seg(0.5),3.37,0.6398
Seg(0.5),3.38,0.6398
Seg(0.5),3.39,0.6398
Seg(0.5),3.4,0.6398
Seg(0.5),3.41,0.6398
Seg(0.5),3.42,0.6398
Seg(0.5),3.43,0.6398
Seg(0.5),3.44,0.6398
Seg(0.5),3.45,0.6398
Seg(0.5),3.46,0.6398
Seg(0.5),3.47,0.6398
Seg(0.5),3.48,0.6398
Seg(0.5),3.49,0.6398
Seg(0.5),3.5,0.6398
Seg(0.5),3.51,0.64
Seg(0.5),3.52,0.64
Seg(0.5),3.53,0.64
Seg(0.5),3.54,0.64
Seg(0.5),3.55,0.64
Seg(0.5),3.56,0.64
Seg(0.5),3.57,0.64
Seg(0.5),3.58,0.64
Seg(0.5),3.59,0.64
Seg(0.5),3.6,0.64
Seg(0.5),3.61,0.64
Seg(0.5),3.62,0.64
Seg(0.5),3.63,0.64
Seg(0.5),3.64,0.64
Seg(0.5),3.65,0.64
Seg(0.5),3.66,0.64
Seg(0.5),3.67,0.64
Seg(0.5),3.68,0.64
Seg(0.5),3.69,0.64
Seg(0.5),3.7,0.64
Seg(0.5),3.71,0.64
Seg(0.5),3.72,0.64
Seg(0.5),3.73,0.64
Seg(0.5),3.74,0.64
Seg(0.5),3.75,0.64
Seg(0.5),3.76,0.64
Seg(0.5),3.77,0.64
Seg(0.5),3.78,0.64
Seg(0.5),3.79,0.64
Seg(0.5),3.8,0.64
Seg(0.5),3.81,0.64
Seg(0.5),3.83,0.64
Seg(0.5),3.87,0.64
Seg(0.5),3.88,0.64
Seg(0.5),3.89,0.64
Seg(0.5),3.92,0.64
Seg(0.5),3.95,0.64
Seg(0.5),3.96,0.64
RNG(1),0.99,0.6231
RNG(1),1.0,0.6231
RNG(1),1.01,0.6231
RNG(1),1.02,0.6232
RNG(1),1.03,0.6236
RNG(1),1.04,0.6239
RNG(1),1.05,0.6245
RNG(1),1.06,0.625
RNG(1),1.07,0.6255
RNG(1),1.08,0.6257
RNG(1),1.09,0.6261
RNG(1),1.1,0.6265
RNG(1),1.11,0.6268
RNG(1),1.12,0.627
RNG(1),1.13,0.6271
RNG(1),1.14,0.6271
RNG(1),1.15,0.6272
RNG(1),1.16,0.6273
RNG(1),1.17,0.6273
RNG(1),1.18,0.6273
RNG(1),1.19,0.6273
RNG(1),1.2,0.6273
RNG(1),1.21,0.6273
RNG(1),1.22,0.6273
RNG(1),1.23,0.6273
RNG(1),1.24,0.6273
RNG(1),1.25,0.6273
RNG(1),1.26,0.6273
RNG(1),1.27,0.6273
RNG(1),1.28,0.6273
RNG(1),1.29,0.6273
RNG(1),1.3,0.6273
RNG(1),1.31,0.6273
RNG(1),1.32,0.6273
RNG(1),1.33,0.6273
RNG(1),1.34,0.6273
RNG(1),1.35,0.6273
RNG(1),1.36,0.6273
RNG(1),1.37,0.6273
RNG(1),1.38,0.6272
RNG(1),1.39,0.6272
RNG(1),1.4,0.6273
RNG(1),1.41,0.6273
RNG(1),1.42,0.6274
RNG(1),1.43,0.6273
RNG(1),1.44,0.6275
RNG(1),1.45,0.6275
RNG(1),1.46,0.6275
RNG(1),1.47,0.6275
RNG(1),1.48,0.6275
RNG(1),1.49,0.6275
RNG(1),1.5,0.6275
RNG(1),1.51,0.6275
RNG(1),1.52,0.6276
RNG(1),1.53,0.6276
RNG(1),1.54,0.6276
RNG(1),1.55,0.6276
RNG(1),1.56,0.6276
RNG(1),1.57,0.6276
RNG(1),1.58,0.6276
RNG(1),1.59,0.6277
RNG(1),1.6,0.6277
RNG(1),1.61,0.6278
RNG(1),1.62,0.6278
RNG(1),1.63,0.6278
RNG(1),1.64,0.6279
RNG(1),1.65,0.6279
RNG(1),1.66,0.628
RNG(1),1.67,0.628
RNG(1),1.68,0.628
RNG(1),1.69,0.628
RNG(1),1.7,0.6281
RNG(1),1.71,0.6281
RNG(1),1.72,0.6281
RNG(1),1.73,0.6281
RNG(1),1.74,0.6281
RNG(1),1.75,0.6281
RNG(1),1.76,0.6282
RNG(1),1.77,0.6282
RNG(1),1.78,0.6282
RNG(1),1.79,0.6282
RNG(1),1.8,0.6282
RNG(1),1.81,0.6284
RNG(1),1.82,0.6284
RNG(1),1.83,0.6284
RNG(1),1.84,0.6284
RNG(1),1.85,0.6284
RNG(1),1.86,0.6284
RNG(1),1.87,0.6284
RNG(1),1.88,0.6284
RNG(1),1.89,0.6284
RNG(1),1.9,0.6284
RNG(1),1.91,0.6284
RNG(1),1.92,0.6284
RNG(1),1.93,0.6284
RNG(1),1.94,0.6284
RNG(1),1.95,0.6284
RNG(1),1.96,0.6285
RNG(1),1.97,0.6285
RNG(1),1.98,0.6285
RNG(1),1.99,0.6285
RNG(1),2.0,0.6285
RNG(1),2.01,0.6285
RNG(1),2.02,0.6285
RNG(1),2.03,0.6285
RNG(1),2.04,0.6285
RNG(1),2.05,0.6285
RNG(1),2.06,0.6285
RNG(1),2.07,0.6285
RNG(1),2.08,0.6285
RNG(1),2.09,0.6285
RNG(1),2.1,0.6285
RNG(1),2.11,0.6285
RNG(1),2.12,0.6285
RNG(1),2.13,0.6285
RNG(1),2.14,0.6285
RNG(1),2.15,0.6285
RNG(1),2.16,0.6285
RNG(1),2.17,0.6285
RNG(1),2.18,0.6285
RNG(1),2.19,0.6285
RNG(1),2.2,0.6285
RNG(1),2.21,0.6285
RNG(1),2.22,0.6285
RNG(1),2.23,0.6285
RNG(1),2.24,0.6285
RNG(1),2.25,0.6286
RNG(1),2.26,0.6286
RNG(1),2.27,0.6286
RNG(1),2.28,0.6286
RNG(1),2.29,0.6286
RNG(1),2.3,0.6286
RNG(1),2.31,0.6286
RNG(1),2.32,0.6286
RNG(1),2.33,0.6286
RNG(1),2.34,0.6286
RNG(1),2.35,0.6286
RNG(1),2.36,0.6286
RNG(1),2.37,0.6286
RNG(1),2.38,0.6286
RNG(1),2.39,0.6286
RNG(1),2.4,0.6286
RNG(1),2.41,0.6286
RNG(1),2.42,0.6286
RNG(1),2.43,0.6286
RNG(1),2.44,0.6286
RNG(1),2.45,0.6286
RNG(1),2.46,0.6286
RNG(1),2.47,0.6286
RNG(1),2.48,0.6286
RNG(1),2.49,0.6286
RNG(1),2.5,0.6286
RNG(1),2.51,0.6286
RNG(1),2.52,0.6286
RNG(1),2.53,0.6286
RNG(1),2.54,0.6286
RNG(1),2.55,0.6286
RNG(1),2.56,0.6286
RNG(1),2.57,0.6286
RNG(1),2.58,0.6286
RNG(1),2.59,0.6286
RNG(1),2.6,0.6286
RNG(1),2.61,0.6286
RNG(1),2.62,0.6286
RNG(1),2.63,0.6286
RNG(1),2.64,0.6286
RNG(1),2.65,0.6286
RNG(1),2.66,0.6286
RNG(1),2.67,0.6286
RNG(1),2.68,0.6286
RNG(1),2.69,0.6286
RNG(1),2.7,0.6288
RNG(1),2.71,0.6288
RNG(1),2.72,0.6288
RNG(1),2.73,0.6288
RNG(1),2.74,0.6288
RNG(1),2.75,0.6288
RNG(1),2.76,0.6288
RNG(1),2.77,0.6288
RNG(1),2.78,0.6288
RNG(1),2.79,0.629
RNG(1),2.8,0.629
RNG(1),2.81,0.629
RNG(1),2.82,0.629
RNG(1),2.83,0.629
RNG(1),2.84,0.629
RNG(1),2.85,0.629
RNG(1),2.86,0.629
RNG(1),2.87,0.629
RNG(1),2.88,0.629
RNG(1),2.89,0.629
RNG(1),2.9,0.629
RNG(1),2.91,0.629
RNG(1),2.92,0.629
RNG(1),2.93,0.629
RNG(1),2.94,0.629
RNG(1),2.95,0.629
RNG(1),2.96,0.629
RNG(1),2.97,0.629
RNG(1),2.98,0.629
RNG(1),2.99,0.629
RNG(1),3.0,0.629
RNG(1),3.01,0.629
RNG(1),3.02,0.629
RNG(1),3.03,0.629
RNG(1),3.04,0.629
RNG(1),3.05,0.629
RNG(1),3.06,0.629
RNG(1),3.07,0.629
RNG(1),3.08,0.629
RNG(1),3.09,0.629
RNG(1),3.1,0.629
RNG(1),3.11,0.629
RNG(1),3.12,0.629
RNG(1),3.13,0.629
RNG(1),3.14,0.629
RNG(1),3.15,0.629
RNG(1),3.16,0.629
RNG(1),3.17,0.629
RNG(1),3.18,0.629
RNG(1),3.19,0.629
RNG(1),3.2,0.629
RNG(1),3.21,0.629
RNG(1),3.22,0.629
RNG(1),3.23,0.629
RNG(1),3.24,0.629
RNG(1),3.25,0.629
RNG(1),3.26,0.629
RNG(1),3.27,0.629
RNG(1),3.28,0.629
RNG(1),3.29,0.629
RNG(1),3.3,0.629
RNG(1),3.31,0.629
RNG(1),3.32,0.629
RNG(1),3.33,0.629
RNG(1),3.34,0.629
RNG(1),3.35,0.629
RNG(1),3.36,0.629
RNG(1),3.37,0.629
RNG(1),3.38,0.629
RNG(1),3.39,0.629
RNG(1),3.4,0.629
RNG(1),3.41,0.629
RNG(1),3.42,0.629
RNG(1),3.43,0.629
RNG(1),3.44,0.629
RNG(1),3.45,0.629
RNG(1),3.46,0.629
RNG(1),3.47,0.629
RNG(1),3.48,0.629
RNG(1),3.49,0.629
RNG(1),3.5,0.629
RNG(1),3.51,0.629
RNG(1),3.52,0.629
RNG(1),3.53,0.629
RNG(1),3.54,0.629
RNG(1),3.55,0.629
RNG(1),3.56,0.629
RNG(1),3.57,0.629
RNG(1),3.58,0.629
RNG(1),3.59,0.629
RNG(1),3.6,0.629
RNG(1),3.61,0.629
RNG(1),3.62,0.629
RNG(1),3.63,0.629
RNG(1),3.64,0.629
RNG(1),3.65,0.629
RNG(1),3.66,0.629
RNG(1),3.67,0.629
RNG(1),3.68,0.629
RNG(1),3.69,0.629
RNG(1),3.7,0.629
RNG(1),3.71,0.629
RNG(1),3.72,0.629
RNG(1),3.73,0.629
RNG(1),3.74,0.629
RNG(1),3.75,0.629
RNG(1),3.76,0.629
RNG(1),3.77,0.629
RNG(1),3.78,0.629
RNG(1),3.79,0.629
RNG(1),3.8,0.629
RNG(1),3.81,0.629
RNG(1),3.83,0.629
RNG(1),3.87,0.629
RNG(1),3.88,0.629
RNG(1),3.89,0.629
RNG(1),3.92,0.629
RNG(1),3.95,0.629
RNG(1),3.96,0.629
Seg(1),0.99,0.6231
Seg(1),1.0,0.6231
Seg(1),1.01,0.6231
Seg(1),1.02,0.6232
Seg(1),1.03,0.6235
Seg(1),1.04,0.6237
Seg(1),1.05,0.6242
Seg(1),1.06,0.6246
Seg(1),1.07,0.6252
Seg(1),1.08,0.6254
Seg(1),1.09,0.6257
Seg(1),1.1,0.6261
Seg(1),1.11,0.6264
Seg(1),1.12,0.6266
Seg(1),1.13,0.6267
Seg(1),1.14,0.6267
Seg(1),1.15,0.6267
Seg(1),1.16,0.6268
Seg(1),1.17,0.6268
Seg(1),1.18,0.6268
Seg(1),1.19,0.6268
Seg(1),1.2,0.6268
Seg(1),1.21,0.6268
Seg(1),1.22,0.6268
Seg(1),1.23,0.6268
Seg(1),1.24,0.6268
Seg(1),1.25,0.6268
Seg(1),1.26,0.6268
Seg(1),1.27,0.6268
Seg(1),1.28,0.6268
Seg(1),1.29,0.6268
Seg(1),1.3,0.6268
Seg(1),1.31,0.6268
Seg(1),1.32,0.6268
Seg(1),1.33,0.6269
Seg(1),1.34,0.6269
Seg(1),1.35,0.6268
Seg(1),1.36,0.6268
Seg(1),1.37,0.6268
Seg(1),1.38,0.6268
Seg(1),1.39,0.6268
Seg(1),1.4,0.6268
Seg(1),1.41,0.6269
Seg(1),1.42,0.6269
Seg(1),1.43,0.6269
Seg(1),1.44,0.6269
Seg(1),1.45,0.6269
Seg(1),1.46,0.6269
Seg(1),1.47,0.6269
Seg(1),1.48,0.6269
Seg(1),1.49,0.6269
Seg(1),1.5,0.6269
Seg(1),1.51,0.6269
Seg(1),1.52,0.627
Seg(1),1.53,0.627
Seg(1),1.54,0.627
Seg(1),1.55,0.627
Seg(1),1.56,0.627
Seg(1),1.57,0.627
Seg(1),1.58,0.627
Seg(1),1.59,0.6271
Seg(1),1.6,0.6271
Seg(1),1.61,0.6271
Seg(1),1.62,0.6271
Seg(1),1.63,0.6272
Seg(1),1.64,0.6273
Seg(1),1.65,0.6273
Seg(1),1.66,0.6273
Seg(1),1.67,0.6273
Seg(1),1.68,0.6273
Seg(1),1.69,0.6273
Seg(1),1.7,0.6275
Seg(1),1.71,0.6275
Seg(1),1.72,0.6275
Seg(1),1.73,0.6275
Seg(1),1.74,0.6275
Seg(1),1.75,0.6275
Seg(1),1.76,0.6275
Seg(1),1.77,0.6275
Seg(1),1.78,0.6275
Seg(1),1.79,0.6275
Seg(1),1.8,0.6275
Seg(1),1.81,0.6276
Seg(1),1.82,0.6276
Seg(1),1.83,0.6276
Seg(1),1.84,0.6276
Seg(1),1.85,0.6276
Seg(1),1.86,0.6276
Seg(1),1.87,0.6276
Seg(1),1.88,0.6276
Seg(1),1.89,0.6276
Seg(1),1.9,0.6276
Seg(1),1.91,0.6276
Seg(1),1.92,0.6276
Seg(1),1.93,0.6276
Seg(1),1.94,0.6276
Seg(1),1.95,0.6277
Seg(1),1.96,0.6278
Seg(1),1.97,0.6278
Seg(1),1.98,0.6278
Seg(1),1.99,0.6278
Seg(1),2.0,0.6278
Seg(1),2.01,0.6278
Seg(1),2.02,0.6278
Seg(1),2.03,0.6278
Seg(1),2.04,0.6278
Seg(1),2.05,0.6278
Seg(1),2.06,0.6278
Seg(1),2.07,0.6278
Seg(1),2.08,0.6278
Seg(1),2.09,0.6278
Seg(1),2.1,0.6278
Seg(1),2.11,0.6278
Seg(1),2.12,0.6278
Seg(1),2.13,0.6278
Seg(1),2.14,0.6278
Seg(1),2.15,0.6278
Seg(1),2.16,0.6278
Seg(1),2.17,0.6278
Seg(1),2.18,0.6278
Seg(1),2.19,0.6278
Seg(1),2.2,0.6278
Seg(1),2.21,0.6278
Seg(1),2.22,0.6278
Seg(1),2.23,0.6278
Seg(1),2.24,0.6278
Seg(1),2.25,0.6278
Seg(1),2.26,0.6278
Seg(1),2.27,0.6278
Seg(1),2.28,0.6278
Seg(1),2.29,0.6278
Seg(1),2.3,0.6278
Seg(1),2.31,0.6278
Seg(1),2.32,0.6278
Seg(1),2.33,0.6278
Seg(1),2.34,0.6278
Seg(1),2.35,0.6278
Seg(1),2.36,0.6278
Seg(1),2.37,0.6278
Seg(1),2.38,0.6278
Seg(1),2.39,0.6278
Seg(1),2.4,0.6278
Seg(1),2.41,0.6278
Seg(1),2.42,0.6278
Seg(1),2.43,0.6278
Seg(1),2.44,0.6278
Seg(1),2.45,0.6278
Seg(1),2.46,0.6278
Seg(1),2.47,0.6278
Seg(1),2.48,0.6278
Seg(1),2.49,0.6278
Seg(1),2.5,0.6278
Seg(1),2.51,0.6278
Seg(1),2.52,0.6278
Seg(1),2.53,0.6278
Seg(1),2.54,0.6278
Seg(1),2.55,0.6278
Seg(1),2.56,0.6278
Seg(1),2.57,0.6278
Seg(1),2.58,0.6278
Seg(1),2.59,0.6278
Seg(1),2.6,0.6278
Seg(1),2.61,0.6278
Seg(1),2.62,0.6278
Seg(1),2.63,0.6278
Seg(1),2.64,0.6278
Seg(1),2.65,0.6278
Seg(1),2.66,0.6278
Seg(1),2.67,0.6278
Seg(1),2.68,0.6278
Seg(1),2.69,0.6278
Seg(1),2.7,0.6281
Seg(1),2.71,0.6281
Seg(1),2.72,0.6281
Seg(1),2.73,0.6281
Seg(1),2.74,0.6281
Seg(1),2.75,0.6281
Seg(1),2.76,0.6281
Seg(1),2.77,0.6281
Seg(1),2.78,0.6281
Seg(1),2.79,0.6282
Seg(1),2.8,0.6282
Seg(1),2.81,0.6282
Seg(1),2.82,0.6282
Seg(1),2.83,0.6282
Seg(1),2.84,0.6282
Seg(1),2.85,0.6282
Seg(1),2.86,0.6282
Seg(1),2.87,0.6282
Seg(1),2.88,0.6282
Seg(1),2.89,0.6282
Seg(1),2.9,0.6282
Seg(1),2.91,0.6282
Seg(1),2.92,0.6282
Seg(1),2.93,0.6282
Seg(1),2.94,0.6282
Seg(1),2.95,0.6282
Seg(1),2.96,0.6282
Seg(1),2.97,0.6282
Seg(1),2.98,0.6282
Seg(1),2.99,0.6282
Seg(1),3.0,0.6282
Seg(1),3.01,0.6282
Seg(1),3.02,0.6282
Seg(1),3.03,0.6282
Seg(1),3.04,0.6282
Seg(1),3.05,0.6282
Seg(1),3.06,0.6282
Seg(1),3.07,0.6282
Seg(1),3.08,0.6282
Seg(1),3.09,0.6282
Seg(1),3.1,0.6282
Seg(1),3.11,0.6282
Seg(1),3.12,0.6282
Seg(1),3.13,0.6282
Seg(1),3.14,0.6282
Seg(1),3.15,0.6282
Seg(1),3.16,0.6282
Seg(1),3.17,0.6282
Seg(1),3.18,0.6282
Seg(1),3.19,0.6282
Seg(1),3.2,0.6282
Seg(1),3.21,0.6282
Seg(1),3.22,0.6282
Seg(1),3.23,0.6282
Seg(1),3.24,0.6282
Seg(1),3.25,0.6282
Seg(1),3.26,0.6282
Seg(1),3.27,0.6282
Seg(1),3.28,0.6282
Seg(1),3.29,0.6282
Seg(1),3.3,0.6282
Seg(1),3.31,0.6282
Seg(1),3.32,0.6282
Seg(1),3.33,0.6282
Seg(1),3.34,0.6282
Seg(1),3.35,0.6282
Seg(1),3.36,0.6282
Seg(1),3.37,0.6282
Seg(1),3.38,0.6282
Seg(1),3.39,0.6282
Seg(1),3.4,0.6282
Seg(1),3.41,0.6282
Seg(1),3.42,0.6282
Seg(1),3.43,0.6282
Seg(1),3.44,0.6282
Seg(1),3.45,0.6282
Seg(1),3.46,0.6282
Seg(1),3.47,0.6282
Seg(1),3.48,0.6282
Seg(1),3.49,0.6282
Seg(1),3.5,0.6282
Seg(1),3.51,0.6282
Seg(1),3.52,0.6282
Seg(1),3.53,0.6282
Seg(1),3.54,0.6282
Seg(1),3.55,0.6282
Seg(1),3.56,0.6282
Seg(1),3.57,0.6282
Seg(1),3.58,0.6282
Seg(1),3.59,0.6282
Seg(1),3.6,0.6282
Seg(1),3.61,0.6282
Seg(1),3.62,0.6282
Seg(1),3.63,0.6282
Seg(1),3.64,0.6282
Seg(1),3.65,0.6282
Seg(1),3.66,0.6282
Seg(1),3.67,0.6282
Seg(1),3.68,0.6282
Seg(1),3.69,0.6282
Seg(1),3.7,0.6282
Seg(1),3.71,0.6282
Seg(1),3.72,0.6282
Seg(1),3.73,0.6282
Seg(1),3.74,0.6282
Seg(1),3.75,0.6282
Seg(1),3.76,0.6282
Seg(1),3.77,0.6282
Seg(1),3.78,0.6282
Seg(1),3.79,0.6282
Seg(1),3.8,0.6282
Seg(1),3.81,0.6282
Seg(1),3.83,0.6282
Seg(1),3.87,0.6282
Seg(1),3.88,0.6282
Seg(1),3.89,0.6282
Seg(1),3.92,0.6282
Seg(1),3.95,0.6282
Seg(1),3.96,0.6282
