D,tau,n_seeds,val mean,val mean_ci95
Dedup(0.85),0.99,3,0.7703,0.0076
Dedup(0.85),1.0,3,0.7703,0.0076
Dedup(0.85),1.01,3,0.7889,0.0082
Dedup(0.85),1.02,3,0.7923,0.0083
Dedup(0.85),1.03,3,0.7977,0.0092
Dedup(0.85),1.04,3,0.8037,0.01
Dedup(0.85),1.05,3,0.8101,0.0106
Dedup(0.85),1.06,3,0.816,0.011
Dedup(0.85),1.07,3,0.8212,0.0096
Dedup(0.85),1.08,3,0.8255,0.0088
Dedup(0.85),1.09,3,0.8292,0.01
Dedup(0.85),1.1,3,0.8319,0.0101
Dedup(0.85),1.11,3,0.8334,0.0102
Dedup(0.85),1.12,3,0.8348,0.0102
Dedup(0.85),1.13,3,0.8361,0.0097
Dedup(0.85),1.14,3,0.8367,0.0097
Dedup(0.85),1.15,3,0.8373,0.0098
Dedup(0.85),1.16,3,0.8377,0.0094
Dedup(0.85),1.17,3,0.838,0.0094
Dedup(0.85),1.18,3,0.8381,0.0091
Dedup(0.85),1.19,3,0.8382,0.0095
Dedup(0.85),1.2,3,0.8384,0.0096
Dedup(0.85),1.21,3,0.8386,0.0095
Dedup(0.85),1.22,3,0.8387,0.0096
Dedup(0.85),1.23,3,0.8389,0.0096
Dedup(0.85),1.24,3,0.839,0.0095
Dedup(0.85),1.25,3,0.8392,0.0095
Dedup(0.85),1.26,3,0.8394,0.0095
Dedup(0.85),1.27,3,0.8395,0.0095
Dedup(0.85),1.28,3,0.8398,0.0094
Dedup(0.85),1.29,3,0.8401,0.0094
Dedup(0.85),1.3,3,0.8403,0.0088
Dedup(0.85),1.31,3,0.8408,0.0091
Dedup(0.85),1.32,3,0.8411,0.0094
Dedup(0.85),1.33,3,0.8413,0.0092
Dedup(0.85),1.34,3,0.8415,0.009
Dedup(0.85),1.35,3,0.8418,0.0091
Dedup(0.85),1.36,3,0.8421,0.0089
Dedup(0.85),1.37,3,0.8423,0.0089
Dedup(0.85),1.38,3,0.8425,0.0084
Dedup(0.85),1.39,3,0.8428,0.0086
Dedup(0.85),1.4,3,0.843,0.0084
Dedup(0.85),1.41,3,0.8431,0.0088
Dedup(0.85),1.42,3,0.8434,0.0086
Dedup(0.85),1.43,3,0.8435,0.0085
Dedup(0.85),1.44,3,0.8437,0.0086
Dedup(0.85),1.45,3,0.8437,0.0083
Dedup(0.85),1.46,3,0.8438,0.0084
Dedup(0.85),1.47,3,0.8439,0.0084
Dedup(0.85),1.48,3,0.8441,0.0084
Dedup(0.85),1.49,3,0.8443,0.0081
Dedup(0.85),1.5,3,0.8444,0.0081
Dedup(0.85),1.51,3,0.8444,0.0082
Dedup(0.85),1.52,3,0.8446,0.0083
Dedup(0.85),1.53,3,0.8447,0.0085
Dedup(0.85),1.54,3,0.8449,0.0087
Dedup(0.85),1.55,3,0.8449,0.0086
Dedup(0.85),1.56,3,0.8451,0.0089
Dedup(0.85),1.57,3,0.8453,0.0091
Dedup(0.85),1.58,3,0.8454,0.0091
Dedup(0.85),1.59,3,0.8456,0.0093
Dedup(0.85),1.6,3,0.8457,0.0091
Dedup(0.85),1.61,3,0.8459,0.0094
Dedup(0.85),1.62,3,0.846,0.0098
Dedup(0.85),1.63,3,0.8462,0.0098
Dedup(0.85),1.64,3,0.8463,0.0097
Dedup(0.85),1.65,3,0.8465,0.0096
Dedup(0.85),1.66,3,0.8467,0.0096
Dedup(0.85),1.67,3,0.8469,0.0097
Dedup(0.85),1.68,3,0.8471,0.0098
Dedup(0.85),1.69,3,0.8471,0.01
Dedup(0.85),1.7,3,0.8473,0.0103
Dedup(0.85),1.71,3,0.8473,0.0103
Dedup(0.85),1.72,3,0.8474,0.0104
Dedup(0.85),1.73,3,0.8477,0.0104
Dedup(0.85),1.74,3,0.848,0.0104
Dedup(0.85),1.75,3,0.8481,0.0102
Dedup(0.85),1.76,3,0.8483,0.0103
Dedup(0.85),1.77,3,0.8485,0.0104
Dedup(0.85),1.78,3,0.8487,0.0102
Dedup(0.85),1.79,3,0.8488,0.0101
Dedup(0.85),1.8,3,0.8489,0.0099
Dedup(0.85),1.81,3,0.849,0.0099
Dedup(0.85),1.82,3,0.8492,0.0098
Dedup(0.85),1.83,3,0.8494,0.0096
Dedup(0.85),1.84,3,0.8495,0.0097
Dedup(0.85),1.85,3,0.8496,0.0095
Dedup(0.85),1.86,3,0.8498,0.0094
Dedup(0.85),1.87,3,0.85,0.0092
Dedup(0.85),1.88,3,0.8501,0.0093
Dedup(0.85),1.89,3,0.8501,0.0092
Dedup(0.85),1.9,3,0.8502,0.0093
Dedup(0.85),1.91,3,0.8502,0.0091
Dedup(0.85),1.92,3,0.8504,0.0089
Dedup(0.85),1.93,3,0.8505,0.0089
Dedup(0.85),1.94,3,0.8506,0.0089
Dedup(0.85),1.95,3,0.8507,0.009
Dedup(0.85),1.96,3,0.8508,0.009
Dedup(0.85),1.97,3,0.8509,0.0091
Dedup(0.85),1.98,3,0.851,0.0091
Dedup(0.85),1.99,3,0.8511,0.009
Dedup(0.85),2.0,3,0.8512,0.009
Dedup(0.85),2.01,3,0.8513,0.0092
Dedup(0.85),2.02,3,0.8514,0.0092
Dedup(0.85),2.03,3,0.8515,0.0091
Dedup(0.85),2.04,3,0.8516,0.0091
Dedup(0.85),2.05,3,0.8516,0.009
Dedup(0.85),2.06,3,0.8518,0.0091
Dedup(0.85),2.07,3,0.8519,0.0091
Dedup(0.85),2.08,3,0.8519,0.0091
Dedup(0.85),2.09,3,0.8521,0.0092
Dedup(0.85),2.1,3,0.8523,0.0091
Dedup(0.85),2.11,3,0.8525,0.0093
Dedup(0.85),2.12,3,0.8525,0.0094
Dedup(0.85),2.13,3,0.8526,0.0094
Dedup(0.85),2.14,3,0.8527,0.0095
Dedup(0.85),2.15,3,0.8528,0.0094
Dedup(0.85),2.16,3,0.8529,0.0094
Dedup(0.85),2.17,3,0.8529,0.0095
Dedup(0.85),2.18,3,0.853,0.0095
Dedup(0.85),2.19,3,0.8531,0.0095
Dedup(0.85),2.2,3,0.8533,0.0097
Dedup(0.85),2.21,3,0.8533,0.0096
Dedup(0.85),2.22,3,0.8534,0.0095
Dedup(0.85),2.23,3,0.8534,0.0095
Dedup(0.85),2.24,3,0.8534,0.0094
Dedup(0.85),2.25,3,0.8535,0.0095
Dedup(0.85),2.26,3,0.8535,0.0094
Dedup(0.85),2.27,3,0.8536,0.0093
Dedup(0.85),2.28,3,0.8537,0.0093
Dedup(0.85),2.29,3,0.8538,0.0094
Dedup(0.85),2.3,3,0.8538,0.0094
Dedup(0.85),2.31,3,0.8539,0.0097
Dedup(0.85),2.32,3,0.8539,0.0097
Dedup(0.85),2.33,3,0.8539,0.0098
Dedup(0.85),2.34,3,0.854,0.0096
Dedup(0.85),2.35,3,0.8541,0.0097
Dedup(0.85),2.36,3,0.8542,0.0097
Dedup(0.85),2.37,3,0.8542,0.0097
Dedup(0.85),2.38,3,0.8542,0.0099
Dedup(0.85),2.39,3,0.8542,0.0099
Dedup(0.85),2.4,3,0.8543,0.0099
Dedup(0.85),2.41,3,0.8543,0.0099
Dedup(0.85),2.42,3,0.8543,0.0099
Dedup(0.85),2.43,3,0.8544,0.0101
Dedup(0.85),2.44,3,0.8544,0.0099
Dedup(0.85),2.45,3,0.8544,0.0102
Dedup(0.85),2.46,3,0.8544,0.0103
Dedup(0.85),2.47,3,0.8545,0.0105
Dedup(0.85),2.48,3,0.8545,0.0105
Dedup(0.85),2.49,3,0.8546,0.0104
Dedup(0.85),2.5,3,0.8546,0.0104
Dedup(0.85),2.51,3,0.8546,0.0103
Dedup(0.85),2.52,3,0.8547,0.0104
Dedup(0.85),2.53,3,0.8547,0.0101
Dedup(0.85),2.54,3,0.8547,0.0101
Dedup(0.85),2.55,3,0.8548,0.0103
Dedup(0.85),2.56,3,0.8549,0.0103
Dedup(0.85),2.57,3,0.8549,0.0101
Dedup(0.85),2.58,3,0.855,0.01
Dedup(0.85),2.59,3,0.855,0.01
Dedup(0.85),2.6,3,0.855,0.01
Dedup(0.85),2.61,3,0.855,0.01
Dedup(0.85),2.62,3,0.8551,0.0099
Dedup(0.85),2.63,3,0.8551,0.0099
Dedup(0.85),2.64,3,0.855,0.01
Dedup(0.85),2.65,3,0.855,0.01
Dedup(0.85),2.66,3,0.8551,0.0099
Dedup(0.85),2.67,3,0.8552,0.01
Dedup(0.85),2.68,3,0.8553,0.0101
Dedup(0.85),2.69,3,0.8554,0.0101
Dedup(0.85),2.7,3,0.8554,0.0101
Dedup(0.85),2.71,3,0.8555,0.0097
Dedup(0.85),2.72,3,0.8555,0.0098
Dedup(0.85),2.73,3,0.8555,0.0097
Dedup(0.85),2.74,3,0.8556,0.0098
Dedup(0.85),2.75,3,0.8556,0.0097
Dedup(0.85),2.76,3,0.8557,0.0097
Dedup(0.85),2.77,3,0.8557,0.0097
Dedup(0.85),2.78,3,0.8557,0.0098
Dedup(0.85),2.79,3,0.8558,0.0099
Dedup(0.85),2.8,3,0.8557,0.0101
Dedup(0.85),2.81,3,0.8558,0.0099
Dedup(0.85),2.82,3,0.8558,0.0099
Dedup(0.85),2.83,3,0.8559,0.0097
Dedup(0.85),2.84,3,0.856,0.0097
Dedup(0.85),2.85,3,0.8559,0.0098
Dedup(0.85),2.86,3,0.856,0.0097
Dedup(0.85),2.87,3,0.856,0.0096
Dedup(0.85),2.88,3,0.8561,0.0096
Dedup(0.85),2.89,3,0.8561,0.0094
Dedup(0.85),2.9,3,0.8561,0.0096
Dedup(0.85),2.91,3,0.8561,0.0096
Dedup(0.85),2.92,3,0.8562,0.0094
Dedup(0.85),2.93,3,0.8563,0.0094
Dedup(0.85),2.94,3,0.8563,0.0093
Dedup(0.85),2.95,3,0.8564,0.0094
Dedup(0.85),2.96,3,0.8564,0.0093
Dedup(0.85),2.97,3,0.8565,0.0094
Dedup(0.85),2.98,3,0.8565,0.0096
Dedup(0.85),2.99,3,0.8566,0.0096
Dedup(0.85),3.0,3,0.8566,0.0096
Dedup(0.85),3.01,3,0.8566,0.0097
Dedup(0.85),3.02,3,0.8566,0.0096
Dedup(0.85),3.03,3,0.8567,0.0097
Dedup(0.85),3.04,3,0.8567,0.0097
Dedup(0.85),3.05,3,0.8568,0.0096
Dedup(0.85),3.06,3,0.8568,0.0097
Dedup(0.85),3.07,3,0.8568,0.0098
Dedup(0.85),3.08,3,0.8569,0.0101
Dedup(0.85),3.09,3,0.857,0.0101
Dedup(0.85),3.1,3,0.857,0.0101
Dedup(0.85),3.11,3,0.8571,0.0102
Dedup(0.85),3.12,3,0.857,0.0101
Dedup(0.85),3.13,3,0.857,0.01
Dedup(0.85),3.14,3,0.8571,0.0102
Dedup(0.85),3.15,3,0.8572,0.0103
Dedup(0.85),3.16,3,0.8572,0.0102
Dedup(0.85),3.17,3,0.8572,0.0102
Dedup(0.85),3.18,3,0.8573,0.0101
Dedup(0.85),3.19,3,0.8574,0.0101
Dedup(0.85),3.2,3,0.8574,0.0098
Dedup(0.85),3.21,3,0.8575,0.0101
Dedup(0.85),3.22,3,0.8575,0.0101
Dedup(0.85),3.23,3,0.8575,0.01
Dedup(0.85),3.24,3,0.8575,0.0101
Dedup(0.85),3.25,3,0.8576,0.0099
Dedup(0.85),3.26,3,0.8576,0.0098
Dedup(0.85),3.27,3,0.8577,0.01
Dedup(0.85),3.28,3,0.8576,0.0101
Dedup(0.85),3.29,3,0.8577,0.0102
Dedup(0.85),3.3,3,0.8578,0.0102
Dedup(0.85),3.31,3,0.8578,0.0101
Dedup(0.85),3.32,3,0.858,0.0102
Dedup(0.85),3.33,3,0.858,0.0102
Dedup(0.85),3.34,3,0.8581,0.0103
Dedup(0.85),3.35,3,0.8581,0.01
Dedup(0.85),3.36,3,0.8582,0.01
Dedup(0.85),3.37,3,0.8582,0.01
Dedup(0.85),3.38,3,0.8582,0.01
Dedup(0.85),3.39,3,0.8583,0.0098
Dedup(0.85),3.4,3,0.8583,0.0099
Dedup(0.85),3.41,3,0.8584,0.01
Dedup(0.85),3.42,3,0.8584,0.0099
Dedup(0.85),3.43,3,0.8585,0.01
Dedup(0.85),3.44,3,0.8585,0.0099
Dedup(0.85),3.45,3,0.8585,0.0099
Dedup(0.85),3.46,3,0.8586,0.0102
Dedup(0.85),3.47,3,0.8587,0.01
Dedup(0.85),3.48,3,0.8588,0.0101
Dedup(0.85),3.49,3,0.8588,0.01
Dedup(0.85),3.5,3,0.8589,0.01
Dedup(0.85),3.51,3,0.859,0.01
Dedup(0.85),3.52,3,0.8591,0.0102
Dedup(0.85),3.53,3,0.8591,0.0102
Dedup(0.85),3.54,3,0.8592,0.0103
Dedup(0.85),3.55,3,0.8592,0.0103
Dedup(0.85),3.56,3,0.8592,0.0103
Dedup(0.85),3.57,3,0.8592,0.0105
Dedup(0.85),3.58,3,0.8591,0.0104
Dedup(0.85),3.59,3,0.859,0.0108
Dedup(0.85),3.6,3,0.859,0.0108
Dedup(0.85),3.61,3,0.8591,0.0109
Dedup(0.85),3.62,3,0.8592,0.0109
Dedup(0.85),3.63,3,0.8592,0.0111
Dedup(0.85),3.64,3,0.8593,0.0111
Dedup(0.85),3.65,3,0.8593,0.0111
Dedup(0.85),3.66,3,0.8593,0.0111
Dedup(0.85),3.67,3,0.8592,0.0112
Dedup(0.85),3.68,3,0.8592,0.0112
Dedup(0.85),3.69,3,0.8593,0.0112
Dedup(0.85),3.7,3,0.8593,0.0112
Dedup(0.85),3.71,3,0.8593,0.0112
Dedup(0.85),3.72,3,0.8594,0.0113
Dedup(0.85),3.73,3,0.8594,0.0113
Dedup(0.85),3.74,3,0.8594,0.0111
Dedup(0.85),3.75,3,0.8595,0.0111
Dedup(0.85),3.76,3,0.8594,0.0112
Dedup(0.85),3.77,3,0.8594,0.0112
Dedup(0.85),3.78,3,0.8595,0.0113
Dedup(0.85),3.79,3,0.8595,0.0113
Dedup(0.85),3.8,3,0.8595,0.0111
Dedup(0.85),3.81,3,0.8596,0.0112
Dedup(0.85),3.82,3,0.8597,0.0113
Dedup(0.85),3.83,3,0.8598,0.011
Dedup(0.85),3.84,3,0.8598,0.011
Dedup(0.85),3.85,3,0.8598,0.0111
Dedup(0.85),3.86,3,0.8599,0.011
Dedup(0.85),3.87,3,0.8599,0.0108
Dedup(0.85),3.88,3,0.8599,0.0109
Dedup(0.85),3.89,3,0.8599,0.0109
Dedup(0.85),3.9,3,0.86,0.011
Dedup(0.85),3.91,3,0.8601,0.0109
Dedup(0.85),3.92,3,0.86,0.011
Dedup(0.85),3.93,3,0.86,0.0109
Dedup(0.85),3.94,3,0.8601,0.0108
Dedup(0.85),3.95,3,0.8601,0.0108
Dedup(0.85),3.96,3,0.8601,0.0108
Dedup(0.85),3.97,3,0.86,0.0106
Dedup(0.85),3.98,3,0.8601,0.0108
Dedup(0.85),3.99,3,0.8601,0.0108
Dedup(0.85),4.0,3,0.8602,0.0105
Dedup(0.85),4.01,3,0.8602,0.0105
Dedup(0.85),4.02,3,0.8602,0.0105
Dedup(0.85),4.03,3,0.8602,0.0106
Dedup(0.85),4.04,3,0.8602,0.0106
Dedup(0.85),4.05,3,0.8602,0.0108
Dedup(0.85),4.06,3,0.8602,0.0106
Dedup(0.85),4.07,3,0.8603,0.0108
Dedup(0.85),4.08,3,0.8603,0.0108
Dedup(0.85),4.09,3,0.8602,0.0109
Dedup(0.85),4.1,3,0.8603,0.0109
Dedup(0.85),4.11,3,0.8603,0.0109
Dedup(0.85),4.12,3,0.8603,0.0107
Dedup(0.85),4.13,3,0.8603,0.0108
Dedup(0.85),4.14,3,0.8604,0.0107
Dedup(0.85),4.15,3,0.8604,0.0106
Dedup(0.85),4.16,3,0.8604,0.0106
Dedup(0.85),4.17,3,0.8604,0.0106
Dedup(0.85),4.18,3,0.8604,0.0106
Dedup(0.85),4.19,3,0.8604,0.0106
Dedup(0.85),4.2,3,0.8605,0.0107
Dedup(0.85),4.21,3,0.8604,0.0108
Dedup(0.85),4.22,3,0.8605,0.0107
Dedup(0.85),4.23,3,0.8605,0.0109
Dedup(0.85),4.24,3,0.8605,0.011
Dedup(0.85),4.25,3,0.8605,0.011
Dedup(0.85),4.26,3,0.8605,0.0112
Dedup(0.85),4.27,3,0.8605,0.0113
Dedup(0.85),4.28,3,0.8605,0.0112
Dedup(0.85),4.29,3,0.8605,0.0113
Dedup(0.85),4.3,3,0.8606,0.0112
Dedup(0.85),4.31,3,0.8606,0.0113
Dedup(0.85),4.32,3,0.8606,0.0114
Dedup(0.85),4.33,3,0.8606,0.0114
Dedup(0.85),4.34,3,0.8606,0.0114
Dedup(0.85),4.35,3,0.8606,0.0114
Dedup(0.85),4.36,3,0.8606,0.0114
Dedup(0.85),4.37,3,0.8606,0.0114
Dedup(0.85),4.38,3,0.8606,0.0114
Dedup(0.85),4.39,3,0.8607,0.0115
Dedup(0.85),4.4,3,0.8606,0.0116
Dedup(0.85),4.41,3,0.8606,0.0116
Dedup(0.85),4.42,3,0.8606,0.0115
Dedup(0.85),4.43,3,0.8606,0.0115
Dedup(0.85),4.44,3,0.8607,0.0117
Dedup(0.85),4.45,3,0.8607,0.0117
Dedup(0.85),4.46,3,0.8607,0.0117
Dedup(0.85),4.47,3,0.8607,0.0117
Dedup(0.85),4.48,3,0.8607,0.0117
Dedup(0.85),4.49,3,0.8607,0.0115
Dedup(0.85),4.5,3,0.8607,0.0115
Dedup(0.85),4.51,3,0.8608,0.0115
Dedup(0.85),4.52,3,0.8608,0.0115
Dedup(0.85),4.53,3,0.8608,0.0116
Dedup(0.85),4.54,3,0.8608,0.0116
Dedup(0.85),4.55,3,0.8608,0.0116
Dedup(0.85),4.56,3,0.8608,0.0116
Dedup(0.85),4.57,3,0.8608,0.0116
Dedup(0.85),4.58,3,0.8609,0.0116
Dedup(0.85),4.59,3,0.8608,0.0116
Dedup(0.85),4.6,3,0.8609,0.0116
Dedup(0.85),4.61,3,0.8608,0.0116
Dedup(0.85),4.62,3,0.8608,0.0116
Dedup(0.85),4.63,3,0.8608,0.0116
Dedup(0.85),4.64,3,0.8608,0.0116
Dedup(0.85),4.65,3,0.8608,0.0117
Dedup(0.85),4.66,3,0.8608,0.0117
Dedup(0.85),4.67,3,0.8608,0.0116
Dedup(0.85),4.68,3,0.8607,0.0117
Dedup(0.85),4.69,3,0.8608,0.0117
Dedup(0.85),4.7,3,0.8608,0.0118
Dedup(0.85),4.71,3,0.8608,0.0118
Dedup(0.85),4.72,3,0.8609,0.012
Dedup(0.85),4.73,3,0.8609,0.0118
Dedup(0.85),4.74,3,0.8609,0.0118
Dedup(0.85),4.75,3,0.8609,0.012
Dedup(0.85),4.76,3,0.8609,0.0118
Dedup(0.85),4.77,3,0.8609,0.0117
Dedup(0.85),4.78,3,0.8609,0.0117
Dedup(0.85),4.79,3,0.8609,0.0117
Dedup(0.85),4.8,3,0.8609,0.0117
Dedup(0.85),4.81,3,0.8609,0.0117
Dedup(0.85),4.82,3,0.8609,0.0117
Dedup(0.85),4.83,3,0.8609,0.0117
Dedup(0.85),4.84,3,0.8609,0.0118
Dedup(0.85),4.85,3,0.8609,0.0118
Dedup(0.85),4.86,3,0.8609,0.0118
Dedup(0.85),4.87,3,0.861,0.0118
Dedup(0.85),4.88,3,0.861,0.0118
Dedup(0.85),4.89,3,0.861,0.0118
Dedup(0.85),4.9,3,0.861,0.0118
Dedup(0.85),4.91,3,0.861,0.0118
Dedup(0.85),4.92,3,0.861,0.0118
Dedup(0.85),4.93,3,0.861,0.0118
Dedup(0.85),4.94,3,0.8611,0.0118
Dedup(0.85),4.95,3,0.8611,0.0118
Dedup(0.85),4.96,3,0.8612,0.0117
Dedup(0.85),4.97,3,0.8612,0.0117
Dedup(0.85),4.98,3,0.8611,0.0117
Dedup(0.85),4.99,3,0.8611,0.0117
Dedup(0.85),5.0,3,0.8611,0.0117
Dedup(0.85),5.01,3,0.8611,0.0118
Dedup(0.85),5.02,3,0.8611,0.0118
Dedup(0.85),5.03,3,0.8611,0.0118
Dedup(0.85),5.04,3,0.8612,0.0117
Dedup(0.85),5.05,3,0.8612,0.0117
Dedup(0.85),5.06,3,0.8612,0.0117
Dedup(0.85),5.07,3,0.8612,0.0117
Dedup(0.85),5.08,3,0.8612,0.0117
Dedup(0.85),5.09,3,0.8612,0.0117
Dedup(0.85),5.1,3,0.8612,0.0117
Dedup(0.85),5.11,3,0.8612,0.0117
Dedup(0.85),5.12,3,0.8612,0.0117
Dedup(0.85),5.13,3,0.8612,0.0117
Dedup(0.85),5.14,3,0.8612,0.0117
Dedup(0.85),5.15,3,0.8612,0.0117
Dedup(0.85),5.16,3,0.8612,0.0117
Dedup(0.85),5.17,3,0.8612,0.0117
Dedup(0.85),5.18,3,0.8612,0.0117
Dedup(0.85),5.19,3,0.8612,0.0117
Dedup(0.85),5.2,3,0.8612,0.0117
Dedup(0.85),5.21,3,0.8612,0.0117
Dedup(0.85),5.22,3,0.8612,0.0117
Dedup(0.85),5.23,3,0.8612,0.0117
Dedup(0.85),5.24,3,0.8611,0.0118
Dedup(0.85),5.25,3,0.8611,0.0118
Dedup(0.85),5.26,3,0.8612,0.0118
Dedup(0.85),5.27,3,0.8612,0.0118
Dedup(0.85),5.28,3,0.8611,0.0119
Dedup(0.85),5.29,3,0.8611,0.0119
Dedup(0.85),5.3,3,0.8611,0.0119
Dedup(0.85),5.31,3,0.8611,0.0119
Dedup(0.85),5.32,3,0.8611,0.0119
Dedup(0.85),5.33,3,0.8611,0.0119
Dedup(0.85),5.34,3,0.8611,0.0119
Dedup(0.85),5.35,3,0.8611,0.0119
Dedup(0.85),5.36,3,0.8611,0.0119
Dedup(0.85),5.37,3,0.8611,0.0119
Dedup(0.85),5.38,3,0.8611,0.0119
Dedup(0.85),5.39,3,0.8611,0.0119
Dedup(0.85),5.4,3,0.8611,0.0119
Dedup(0.85),5.41,3,0.8611,0.0119
Dedup(0.85),5.42,3,0.8611,0.0119
Dedup(0.85),5.43,3,0.8612,0.0119
Dedup(0.85),5.44,3,0.8612,0.0119
Dedup(0.85),5.45,3,0.8612,0.0119
Dedup(0.85),5.46,3,0.8612,0.0119
Dedup(0.85),5.47,3,0.8612,0.0119
Dedup(0.85),5.48,3,0.8612,0.0119
Dedup(0.85),5.49,3,0.8612,0.0119
Dedup(0.85),5.5,3,0.8612,0.0119
Dedup(0.85),5.51,3,0.8612,0.0119
Dedup(0.85),5.52,3,0.8612,0.0119
Dedup(0.85),5.53,3,0.8612,0.0119
Dedup(0.85),5.54,3,0.8612,0.0119
Dedup(0.85),5.55,3,0.8612,0.0119
Dedup(0.85),5.56,3,0.8612,0.0119
Dedup(0.85),5.57,3,0.8612,0.0119
Dedup(0.85),5.58,3,0.8612,0.0119
Dedup(0.85),5.59,3,0.8612,0.0119
Dedup(0.85),5.6,3,0.8612,0.0119
Dedup(0.85),5.61,3,0.8612,0.0119
Dedup(0.85),5.62,3,0.8612,0.0119
Dedup(0.85),5.63,3,0.8612,0.0119
Dedup(0.85),5.64,3,0.8612,0.0119
Dedup(0.85),5.65,3,0.8612,0.0119
Dedup(0.85),5.66,3,0.8612,0.0119
Dedup(0.85),5.67,3,0.8612,0.0119
Dedup(0.85),5.68,3,0.8612,0.0119
Dedup(0.85),5.69,3,0.8612,0.0119
Dedup(0.85),5.7,3,0.8612,0.0119
Dedup(0.85),5.71,3,0.8612,0.0119
Dedup(0.85),5.72,3,0.8612,0.0119
Dedup(0.85),5.73,3,0.8612,0.0119
Dedup(0.85),5.74,3,0.8612,0.0119
Dedup(0.85),5.75,3,0.8612,0.0119
Dedup(0.85),5.76,3,0.8612,0.0119
Dedup(0.85),5.77,3,0.8612,0.0119
Dedup(0.85),5.78,3,0.8612,0.0119
Dedup(0.85),5.79,3,0.8612,0.0119
Dedup(0.85),5.81,3,0.8612,0.0119
Dedup(0.85),5.82,3,0.8612,0.0119
Dedup(0.85),5.83,3,0.8612,0.0119
Dedup(0.85),5.84,3,0.8612,0.0119
Dedup(0.85),5.85,3,0.8612,0.0119
Dedup(0.85),5.86,3,0.8612,0.0119
Dedup(0.85),5.87,3,0.8612,0.0119
Dedup(0.85),5.88,3,0.8612,0.0119
Dedup(0.85),5.89,3,0.8612,0.0119
Dedup(0.85),5.9,3,0.8612,0.0119
Dedup(0.85),5.91,3,0.8612,0.0119
Dedup(0.85),5.92,3,0.8612,0.0119
Dedup(0.85),5.93,3,0.8612,0.0119
Dedup(0.85),5.94,3,0.8612,0.0119
Dedup(0.85),5.95,3,0.8612,0.0119
Dedup(0.85),5.96,3,0.8612,0.0119
Dedup(0.85),5.97,3,0.8612,0.0119
Dedup(0.85),5.99,3,0.8612,0.0119
Dedup(0.85),6.0,3,0.8612,0.0119
Dedup(0.85),6.02,2,0.8587,0.028
Dedup(0.85),6.03,3,0.8612,0.0119
Dedup(0.85),6.04,3,0.8612,0.0119
Dedup(0.85),6.05,2,0.8635,0.033
Dedup(0.85),6.06,2,0.8635,0.033
Dedup(0.85),6.07,2,0.8635,0.033
Dedup(0.85),6.08,3,0.8612,0.0119
Dedup(0.85),6.09,3,0.8612,0.0119
Dedup(0.85),6.1,3,0.8612,0.0119
Dedup(0.85),6.12,1,0.8609,0.0
Dedup(0.85),6.13,3,0.8612,0.0119
Dedup(0.85),6.15,3,0.8612,0.0119
Dedup(0.85),6.16,2,0.8635,0.033
Dedup(0.85),6.2,1,0.8609,0.0
Dedup(0.85),6.21,2,0.8635,0.033
Dedup(0.85),6.22,2,0.8635,0.033
Dedup(0.85),6.25,2,0.8635,0.033
Dedup(0.85),6.26,2,0.8635,0.033
Dedup(0.85),6.28,2,0.8635,0.033
Dedup(0.85),6.31,2,0.8587,0.028
Dedup(0.85),6.32,3,0.8612,0.0119
Dedup(0.85),6.34,1,0.8609,0.0
Dedup(0.85),6.35,2,0.8635,0.033
Dedup(0.85),6.36,3,0.8612,0.0119
Dedup(0.85),6.42,3,0.8612,0.0119
Dedup(0.85),6.47,2,0.8587,0.028
Dedup(0.85),6.48,2,0.8587,0.028
Dedup(0.9),0.99,3,0.7703,0.0076
Dedup(0.9),1.0,3,0.7703,0.0076
Dedup(0.9),1.01,3,0.789,0.0083
Dedup(0.9),1.02,3,0.7924,0.0082
Dedup(0.9),1.03,3,0.7979,0.0094
Dedup(0.9),1.04,3,0.804,0.0104
Dedup(0.9),1.05,3,0.8104,0.0111
Dedup(0.9),1.06,3,0.8162,0.0114
Dedup(0.9),1.07,3,0.8215,0.0102
Dedup(0.9),1.08,3,0.8258,0.0094
Dedup(0.9),1.09,3,0.8296,0.0106
Dedup(0.9),1.1,3,0.8322,0.0108
Dedup(0.9),1.11,3,0.8337,0.0108
Dedup(0.9),1.12,3,0.8351,0.0108
Dedup(0.9),1.13,3,0.8365,0.0104
Dedup(0.9),1.14,3,0.8371,0.0105
Dedup(0.9),1.15,3,0.8378,0.0104
Dedup(0.9),1.16,3,0.8382,0.01
Dedup(0.9),1.17,3,0.8384,0.01
Dedup(0.9),1.18,3,0.8386,0.0098
Dedup(0.9),1.19,3,0.8387,0.0101
Dedup(0.9),1.2,3,0.8389,0.0104
Dedup(0.9),1.21,3,0.8391,0.0103
Dedup(0.9),1.22,3,0.8392,0.0104
Dedup(0.9),1.23,3,0.8394,0.0104
Dedup(0.9),1.24,3,0.8396,0.0102
Dedup(0.9),1.25,3,0.8398,0.0101
Dedup(0.9),1.26,3,0.8399,0.0102
Dedup(0.9),1.27,3,0.84,0.0102
Dedup(0.9),1.28,3,0.8404,0.0102
Dedup(0.9),1.29,3,0.8406,0.0101
Dedup(0.9),1.3,3,0.8409,0.0095
Dedup(0.9),1.31,3,0.8414,0.0098
Dedup(0.9),1.32,3,0.8417,0.01
Dedup(0.9),1.33,3,0.8419,0.0099
Dedup(0.9),1.34,3,0.8421,0.0098
Dedup(0.9),1.35,3,0.8424,0.0098
Dedup(0.9),1.36,3,0.8426,0.0095
Dedup(0.9),1.37,3,0.8429,0.0097
Dedup(0.9),1.38,3,0.8431,0.0091
Dedup(0.9),1.39,3,0.8434,0.0094
Dedup(0.9),1.4,3,0.8436,0.0093
Dedup(0.9),1.41,3,0.8438,0.0094
Dedup(0.9),1.42,3,0.844,0.0093
Dedup(0.9),1.43,3,0.8442,0.0092
Dedup(0.9),1.44,3,0.8444,0.0093
Dedup(0.9),1.45,3,0.8444,0.0091
Dedup(0.9),1.46,3,0.8446,0.009
Dedup(0.9),1.47,3,0.8446,0.0091
Dedup(0.9),1.48,3,0.8448,0.0091
Dedup(0.9),1.49,3,0.845,0.0088
Dedup(0.9),1.5,3,0.8451,0.0089
Dedup(0.9),1.51,3,0.8452,0.009
Dedup(0.9),1.52,3,0.8454,0.009
Dedup(0.9),1.53,3,0.8455,0.0091
Dedup(0.9),1.54,3,0.8456,0.0094
Dedup(0.9),1.55,3,0.8457,0.0094
Dedup(0.9),1.56,3,0.8459,0.0098
Dedup(0.9),1.57,3,0.8461,0.0097
Dedup(0.9),1.58,3,0.8463,0.0099
Dedup(0.9),1.59,3,0.8465,0.0101
Dedup(0.9),1.6,3,0.8466,0.0098
Dedup(0.9),1.61,3,0.8468,0.0101
Dedup(0.9),1.62,3,0.8469,0.0105
Dedup(0.9),1.63,3,0.847,0.0105
Dedup(0.9),1.64,3,0.8471,0.0106
Dedup(0.9),1.65,3,0.8474,0.0105
Dedup(0.9),1.66,3,0.8475,0.0104
Dedup(0.9),1.67,3,0.8477,0.0106
Dedup(0.9),1.68,3,0.8479,0.0107
Dedup(0.9),1.69,3,0.848,0.0108
Dedup(0.9),1.7,3,0.8482,0.0112
Dedup(0.9),1.71,3,0.8482,0.0113
Dedup(0.9),1.72,3,0.8484,0.0113
Dedup(0.9),1.73,3,0.8487,0.0113
Dedup(0.9),1.74,3,0.8489,0.0113
Dedup(0.9),1.75,3,0.8491,0.0111
Dedup(0.9),1.76,3,0.8492,0.0111
Dedup(0.9),1.77,3,0.8494,0.0112
Dedup(0.9),1.78,3,0.8496,0.0111
Dedup(0.9),1.79,3,0.8497,0.011
Dedup(0.9),1.8,3,0.8499,0.0107
Dedup(0.9),1.81,3,0.8501,0.0107
Dedup(0.9),1.82,3,0.8502,0.0106
Dedup(0.9),1.83,3,0.8504,0.0105
Dedup(0.9),1.84,3,0.8505,0.0106
Dedup(0.9),1.85,3,0.8506,0.0103
Dedup(0.9),1.86,3,0.8508,0.0101
Dedup(0.9),1.87,3,0.851,0.01
Dedup(0.9),1.88,3,0.8511,0.0099
Dedup(0.9),1.89,3,0.8512,0.0098
Dedup(0.9),1.9,3,0.8513,0.0101
Dedup(0.9),1.91,3,0.8514,0.0098
Dedup(0.9),1.92,3,0.8516,0.0097
Dedup(0.9),1.93,3,0.8516,0.0095
Dedup(0.9),1.94,3,0.8518,0.0095
Dedup(0.9),1.95,3,0.8519,0.0097
Dedup(0.9),1.96,3,0.852,0.0097
Dedup(0.9),1.97,3,0.8521,0.0098
Dedup(0.9),1.98,3,0.8522,0.0098
Dedup(0.9),1.99,3,0.8524,0.0095
Dedup(0.9),2.0,3,0.8525,0.0095
Dedup(0.9),2.01,3,0.8526,0.0095
Dedup(0.9),2.02,3,0.8527,0.0095
Dedup(0.9),2.03,3,0.8527,0.0094
Dedup(0.9),2.04,3,0.8528,0.0094
Dedup(0.9),2.05,3,0.8528,0.0092
Dedup(0.9),2.06,3,0.853,0.0094
Dedup(0.9),2.07,3,0.8531,0.0094
Dedup(0.9),2.08,3,0.8532,0.0095
Dedup(0.9),2.09,3,0.8534,0.0096
Dedup(0.9),2.1,3,0.8536,0.0095
Dedup(0.9),2.11,3,0.8537,0.0095
Dedup(0.9),2.12,3,0.8538,0.0097
Dedup(0.9),2.13,3,0.8539,0.0097
Dedup(0.9),2.14,3,0.8539,0.0098
Dedup(0.9),2.15,3,0.854,0.0098
Dedup(0.9),2.16,3,0.8542,0.0098
Dedup(0.9),2.17,3,0.8543,0.0098
Dedup(0.9),2.18,3,0.8544,0.0098
Dedup(0.9),2.19,3,0.8544,0.0099
Dedup(0.9),2.2,3,0.8546,0.0101
Dedup(0.9),2.21,3,0.8547,0.0101
Dedup(0.9),2.22,3,0.8547,0.0099
Dedup(0.9),2.23,3,0.8548,0.0099
Dedup(0.9),2.24,3,0.8548,0.0099
Dedup(0.9),2.25,3,0.8549,0.0099
Dedup(0.9),2.26,3,0.8549,0.0099
Dedup(0.9),2.27,3,0.855,0.0098
Dedup(0.9),2.28,3,0.8551,0.0097
Dedup(0.9),2.29,3,0.8552,0.0099
Dedup(0.9),2.3,3,0.8552,0.0099
Dedup(0.9),2.31,3,0.8553,0.0101
Dedup(0.9),2.32,3,0.8554,0.0102
Dedup(0.9),2.33,3,0.8554,0.0102
Dedup(0.9),2.34,3,0.8555,0.01
Dedup(0.9),2.35,3,0.8556,0.0101
Dedup(0.9),2.36,3,0.8557,0.0102
Dedup(0.9),2.37,3,0.8557,0.0102
Dedup(0.9),2.38,3,0.8558,0.0104
Dedup(0.9),2.39,3,0.8558,0.0104
Dedup(0.9),2.4,3,0.8558,0.0104
Dedup(0.9),2.41,3,0.8558,0.0104
Dedup(0.9),2.42,3,0.8559,0.0104
Dedup(0.9),2.43,3,0.8559,0.0105
Dedup(0.9),2.44,3,0.856,0.0106
Dedup(0.9),2.45,3,0.856,0.0107
Dedup(0.9),2.46,3,0.856,0.0107
Dedup(0.9),2.47,3,0.8561,0.011
Dedup(0.9),2.48,3,0.8561,0.011
Dedup(0.9),2.49,3,0.8562,0.011
Dedup(0.9),2.5,3,0.8562,0.011
Dedup(0.9),2.51,3,0.8562,0.0108
Dedup(0.9),2.52,3,0.8563,0.0109
Dedup(0.9),2.53,3,0.8564,0.0107
Dedup(0.9),2.54,3,0.8564,0.0107
Dedup(0.9),2.55,3,0.8565,0.0107
Dedup(0.9),2.56,3,0.8565,0.0108
Dedup(0.9),2.57,3,0.8566,0.0106
Dedup(0.9),2.58,3,0.8567,0.0106
Dedup(0.9),2.59,3,0.8567,0.0106
Dedup(0.9),2.6,3,0.8567,0.0106
Dedup(0.9),2.61,3,0.8567,0.0104
Dedup(0.9),2.62,3,0.8568,0.0103
Dedup(0.9),2.63,3,0.8568,0.0103
Dedup(0.9),2.64,3,0.8568,0.0104
Dedup(0.9),2.65,3,0.8568,0.0104
Dedup(0.9),2.66,3,0.8569,0.0103
Dedup(0.9),2.67,3,0.857,0.0104
Dedup(0.9),2.68,3,0.8571,0.0106
Dedup(0.9),2.69,3,0.8571,0.0106
Dedup(0.9),2.7,3,0.8572,0.0105
Dedup(0.9),2.71,3,0.8573,0.0102
Dedup(0.9),2.72,3,0.8573,0.0102
Dedup(0.9),2.73,3,0.8574,0.0102
Dedup(0.9),2.74,3,0.8574,0.0102
Dedup(0.9),2.75,3,0.8575,0.0102
Dedup(0.9),2.76,3,0.8576,0.0101
Dedup(0.9),2.77,3,0.8576,0.0101
Dedup(0.9),2.78,3,0.8577,0.0101
Dedup(0.9),2.79,3,0.8577,0.0103
Dedup(0.9),2.8,3,0.8577,0.0103
Dedup(0.9),2.81,3,0.8577,0.0103
Dedup(0.9),2.82,3,0.8578,0.0102
Dedup(0.9),2.83,3,0.8579,0.0102
Dedup(0.9),2.84,3,0.858,0.0102
Dedup(0.9),2.85,3,0.858,0.0104
Dedup(0.9),2.86,3,0.858,0.0102
Dedup(0.9),2.87,3,0.858,0.01
Dedup(0.9),2.88,3,0.8581,0.0101
Dedup(0.9),2.89,3,0.8582,0.0101
Dedup(0.9),2.9,3,0.8582,0.0101
Dedup(0.9),2.91,3,0.8582,0.0101
Dedup(0.9),2.92,3,0.8583,0.01
Dedup(0.9),2.93,3,0.8584,0.01
Dedup(0.9),2.94,3,0.8584,0.0098
Dedup(0.9),2.95,3,0.8585,0.01
Dedup(0.9),2.96,3,0.8586,0.01
Dedup(0.9),2.97,3,0.8586,0.0101
Dedup(0.9),2.98,3,0.8587,0.0102
Dedup(0.9),2.99,3,0.8588,0.0103
Dedup(0.9),3.0,3,0.8588,0.0102
Dedup(0.9),3.01,3,0.8589,0.0101
Dedup(0.9),3.02,3,0.8589,0.0102
Dedup(0.9),3.03,3,0.859,0.0103
Dedup(0.9),3.04,3,0.859,0.0103
Dedup(0.9),3.05,3,0.8591,0.0102
Dedup(0.9),3.06,3,0.8591,0.0103
Dedup(0.9),3.07,3,0.8591,0.0103
Dedup(0.9),3.08,3,0.8592,0.0106
Dedup(0.9),3.09,3,0.8594,0.0106
Dedup(0.9),3.1,3,0.8594,0.0106
Dedup(0.9),3.11,3,0.8594,0.0107
Dedup(0.9),3.12,3,0.8594,0.0107
Dedup(0.9),3.13,3,0.8595,0.0106
Dedup(0.9),3.14,3,0.8595,0.0108
Dedup(0.9),3.15,3,0.8596,0.0108
Dedup(0.9),3.16,3,0.8597,0.0107
Dedup(0.9),3.17,3,0.8597,0.0107
Dedup(0.9),3.18,3,0.8598,0.0107
Dedup(0.9),3.19,3,0.8599,0.0107
Dedup(0.9),3.2,3,0.86,0.0106
Dedup(0.9),3.21,3,0.86,0.0107
Dedup(0.9),3.22,3,0.8601,0.0107
Dedup(0.9),3.23,3,0.8601,0.0107
Dedup(0.9),3.24,3,0.8601,0.0107
Dedup(0.9),3.25,3,0.8602,0.0107
Dedup(0.9),3.26,3,0.8602,0.0107
Dedup(0.9),3.27,3,0.8603,0.0108
Dedup(0.9),3.28,3,0.8603,0.0108
Dedup(0.9),3.29,3,0.8604,0.011
Dedup(0.9),3.3,3,0.8604,0.0109
Dedup(0.9),3.31,3,0.8605,0.0109
Dedup(0.9),3.32,3,0.8606,0.0111
Dedup(0.9),3.33,3,0.8607,0.0111
Dedup(0.9),3.34,3,0.8607,0.0113
Dedup(0.9),3.35,3,0.8608,0.0112
Dedup(0.9),3.36,3,0.8609,0.0112
Dedup(0.9),3.37,3,0.8609,0.0112
Dedup(0.9),3.38,3,0.8609,0.0111
Dedup(0.9),3.39,3,0.861,0.0109
Dedup(0.9),3.4,3,0.8611,0.0109
Dedup(0.9),3.41,3,0.8611,0.0111
Dedup(0.9),3.42,3,0.8612,0.0111
Dedup(0.9),3.43,3,0.8612,0.0112
Dedup(0.9),3.44,3,0.8613,0.0109
Dedup(0.9),3.45,3,0.8613,0.0111
Dedup(0.9),3.46,3,0.8615,0.0114
Dedup(0.9),3.47,3,0.8615,0.0112
Dedup(0.9),3.48,3,0.8616,0.0112
Dedup(0.9),3.49,3,0.8617,0.0111
Dedup(0.9),3.5,3,0.8618,0.0109
Dedup(0.9),3.51,3,0.8619,0.0108
Dedup(0.9),3.52,3,0.862,0.0109
Dedup(0.9),3.53,3,0.8621,0.0111
Dedup(0.9),3.54,3,0.8621,0.0109
Dedup(0.9),3.55,3,0.8622,0.0111
Dedup(0.9),3.56,3,0.8622,0.0111
Dedup(0.9),3.57,3,0.8622,0.0111
Dedup(0.9),3.58,3,0.8622,0.0111
Dedup(0.9),3.59,3,0.8622,0.0112
Dedup(0.9),3.6,3,0.8622,0.0112
Dedup(0.9),3.61,3,0.8623,0.0113
Dedup(0.9),3.62,3,0.8624,0.0114
Dedup(0.9),3.63,3,0.8625,0.0114
Dedup(0.9),3.64,3,0.8625,0.0114
Dedup(0.9),3.65,3,0.8625,0.0114
Dedup(0.9),3.66,3,0.8625,0.0114
Dedup(0.9),3.67,3,0.8625,0.0116
Dedup(0.9),3.68,3,0.8625,0.0116
Dedup(0.9),3.69,3,0.8625,0.0116
Dedup(0.9),3.7,3,0.8625,0.0116
Dedup(0.9),3.71,3,0.8626,0.0114
Dedup(0.9),3.72,3,0.8627,0.0116
Dedup(0.9),3.73,3,0.8627,0.0116
Dedup(0.9),3.74,3,0.8628,0.0116
Dedup(0.9),3.75,3,0.8628,0.0116
Dedup(0.9),3.76,3,0.8628,0.0116
Dedup(0.9),3.77,3,0.8628,0.0116
Dedup(0.9),3.78,3,0.8629,0.0117
Dedup(0.9),3.79,3,0.8629,0.0117
Dedup(0.9),3.8,3,0.8629,0.0116
Dedup(0.9),3.81,3,0.863,0.0116
Dedup(0.9),3.82,3,0.8631,0.0116
Dedup(0.9),3.83,3,0.8632,0.0114
Dedup(0.9),3.84,3,0.8632,0.0114
Dedup(0.9),3.85,3,0.8633,0.0116
Dedup(0.9),3.86,3,0.8633,0.0114
Dedup(0.9),3.87,3,0.8634,0.0113
Dedup(0.9),3.88,3,0.8635,0.0114
Dedup(0.9),3.89,3,0.8635,0.0114
Dedup(0.9),3.9,3,0.8635,0.0114
Dedup(0.9),3.91,3,0.8636,0.0114
Dedup(0.9),3.92,3,0.8635,0.0114
Dedup(0.9),3.93,3,0.8636,0.0113
Dedup(0.9),3.94,3,0.8636,0.0113
Dedup(0.9),3.95,3,0.8636,0.0113
Dedup(0.9),3.96,3,0.8636,0.0113
Dedup(0.9),3.97,3,0.8636,0.0113
Dedup(0.9),3.98,3,0.8637,0.0113
Dedup(0.9),3.99,3,0.8637,0.0113
Dedup(0.9),4.0,3,0.8638,0.0112
Dedup(0.9),4.01,3,0.8638,0.0112
Dedup(0.9),4.02,3,0.8638,0.0112
Dedup(0.9),4.03,3,0.8638,0.0113
Dedup(0.9),4.04,3,0.8638,0.0113
Dedup(0.9),4.05,3,0.8638,0.0113
Dedup(0.9),4.06,3,0.8639,0.0113
Dedup(0.9),4.07,3,0.8639,0.0114
Dedup(0.9),4.08,3,0.8639,0.0114
Dedup(0.9),4.09,3,0.864,0.0114
Dedup(0.9),4.1,3,0.864,0.0112
Dedup(0.9),4.11,3,0.864,0.0113
Dedup(0.9),4.12,3,0.8641,0.0111
Dedup(0.9),4.13,3,0.8641,0.0111
Dedup(0.9),4.14,3,0.8641,0.0111
Dedup(0.9),4.15,3,0.8641,0.0111
Dedup(0.9),4.16,3,0.8642,0.0111
Dedup(0.9),4.17,3,0.8642,0.0111
Dedup(0.9),4.18,3,0.8642,0.0111
Dedup(0.9),4.19,3,0.8642,0.0111
Dedup(0.9),4.2,3,0.8643,0.0112
Dedup(0.9),4.21,3,0.8643,0.0112
Dedup(0.9),4.22,3,0.8643,0.0112
Dedup(0.9),4.23,3,0.8644,0.0112
Dedup(0.9),4.24,3,0.8644,0.0113
Dedup(0.9),4.25,3,0.8644,0.0113
Dedup(0.9),4.26,3,0.8644,0.0113
Dedup(0.9),4.27,3,0.8645,0.0116
Dedup(0.9),4.28,3,0.8645,0.0114
Dedup(0.9),4.29,3,0.8645,0.0114
Dedup(0.9),4.3,3,0.8646,0.0114
Dedup(0.9),4.31,3,0.8645,0.0116
Dedup(0.9),4.32,3,0.8646,0.0117
Dedup(0.9),4.33,3,0.8646,0.0118
Dedup(0.9),4.34,3,0.8646,0.0118
Dedup(0.9),4.35,3,0.8646,0.0118
Dedup(0.9),4.36,3,0.8646,0.0118
Dedup(0.9),4.37,3,0.8646,0.0118
Dedup(0.9),4.38,3,0.8646,0.0118
Dedup(0.9),4.39,3,0.8646,0.0118
Dedup(0.9),4.4,3,0.8647,0.0119
Dedup(0.9),4.41,3,0.8647,0.0119
Dedup(0.9),4.42,3,0.8647,0.0118
Dedup(0.9),4.43,3,0.8647,0.0118
Dedup(0.9),4.44,3,0.8647,0.0118
Dedup(0.9),4.45,3,0.8647,0.0118
Dedup(0.9),4.46,3,0.8648,0.0118
Dedup(0.9),4.47,3,0.8648,0.0118
Dedup(0.9),4.48,3,0.8648,0.0118
Dedup(0.9),4.49,3,0.8648,0.0117
Dedup(0.9),4.5,3,0.8648,0.0117
Dedup(0.9),4.51,3,0.8648,0.0117
Dedup(0.9),4.52,3,0.8648,0.0117
Dedup(0.9),4.53,3,0.8649,0.0117
Dedup(0.9),4.54,3,0.8649,0.0117
Dedup(0.9),4.55,3,0.8649,0.0117
Dedup(0.9),4.56,3,0.865,0.0118
Dedup(0.9),4.57,3,0.865,0.0118
Dedup(0.9),4.58,3,0.865,0.0118
Dedup(0.9),4.59,3,0.865,0.0118
Dedup(0.9),4.6,3,0.865,0.0118
Dedup(0.9),4.61,3,0.8651,0.0117
Dedup(0.9),4.62,3,0.8651,0.0117
Dedup(0.9),4.63,3,0.8651,0.0117
Dedup(0.9),4.64,3,0.8651,0.0117
Dedup(0.9),4.65,3,0.8651,0.0117
Dedup(0.9),4.66,3,0.865,0.0117
Dedup(0.9),4.67,3,0.865,0.0117
Dedup(0.9),4.68,3,0.865,0.0118
Dedup(0.9),4.69,3,0.865,0.0118
Dedup(0.9),4.7,3,0.8651,0.0119
Dedup(0.9),4.71,3,0.8651,0.0118
Dedup(0.9),4.72,3,0.8652,0.0119
Dedup(0.9),4.73,3,0.8652,0.0119
Dedup(0.9),4.74,3,0.8652,0.0118
Dedup(0.9),4.75,3,0.8652,0.0119
Dedup(0.9),4.76,3,0.8652,0.0119
Dedup(0.9),4.77,3,0.8653,0.0118
Dedup(0.9),4.78,3,0.8653,0.0118
Dedup(0.9),4.79,3,0.8653,0.0118
Dedup(0.9),4.8,3,0.8653,0.0118
Dedup(0.9),4.81,3,0.8653,0.0118
Dedup(0.9),4.82,3,0.8653,0.0118
Dedup(0.9),4.83,3,0.8653,0.0118
Dedup(0.9),4.84,3,0.8653,0.0118
Dedup(0.9),4.85,3,0.8653,0.0118
Dedup(0.9),4.86,3,0.8653,0.0118
Dedup(0.9),4.87,3,0.8654,0.0118
Dedup(0.9),4.88,3,0.8654,0.0118
Dedup(0.9),4.89,3,0.8654,0.0118
Dedup(0.9),4.9,3,0.8654,0.0117
Dedup(0.9),4.91,3,0.8654,0.0117
Dedup(0.9),4.92,3,0.8654,0.0118
Dedup(0.9),4.93,3,0.8654,0.0118
Dedup(0.9),4.94,3,0.8655,0.0117
Dedup(0.9),4.95,3,0.8655,0.0116
Dedup(0.9),4.96,3,0.8656,0.0117
Dedup(0.9),4.97,3,0.8656,0.0117
Dedup(0.9),4.98,3,0.8656,0.0117
Dedup(0.9),4.99,3,0.8656,0.0117
Dedup(0.9),5.0,3,0.8656,0.0117
Dedup(0.9),5.01,3,0.8656,0.0117
Dedup(0.9),5.02,3,0.8656,0.0117
Dedup(0.9),5.03,3,0.8656,0.0117
Dedup(0.9),5.04,3,0.8656,0.0116
Dedup(0.9),5.05,3,0.8656,0.0116
Dedup(0.9),5.06,3,0.8656,0.0116
Dedup(0.9),5.07,3,0.8656,0.0116
Dedup(0.9),5.08,3,0.8656,0.0116
Dedup(0.9),5.09,3,0.8656,0.0116
Dedup(0.9),5.1,3,0.8656,0.0116
Dedup(0.9),5.11,3,0.8656,0.0116
Dedup(0.9),5.12,3,0.8656,0.0116
Dedup(0.9),5.13,3,0.8656,0.0116
Dedup(0.9),5.14,3,0.8656,0.0116
Dedup(0.9),5.15,3,0.8656,0.0116
Dedup(0.9),5.16,3,0.8656,0.0116
Dedup(0.9),5.17,3,0.8656,0.0116
Dedup(0.9),5.18,3,0.8656,0.0116
Dedup(0.9),5.19,3,0.8656,0.0116
Dedup(0.9),5.2,3,0.8656,0.0116
Dedup(0.9),5.21,3,0.8656,0.0116
Dedup(0.9),5.22,3,0.8656,0.0117
Dedup(0.9),5.23,3,0.8656,0.0117
Dedup(0.9),5.24,3,0.8656,0.0117
Dedup(0.9),5.25,3,0.8657,0.0117
Dedup(0.9),5.26,3,0.8657,0.0117
Dedup(0.9),5.27,3,0.8657,0.0117
Dedup(0.9),5.28,3,0.8657,0.0117
Dedup(0.9),5.29,3,0.8657,0.0117
Dedup(0.9),5.3,3,0.8657,0.0117
Dedup(0.9),5.31,3,0.8657,0.0117
Dedup(0.9),5.32,3,0.8657,0.0117
Dedup(0.9),5.33,3,0.8657,0.0117
Dedup(0.9),5.34,3,0.8657,0.0117
Dedup(0.9),5.35,3,0.8657,0.0117
Dedup(0.9),5.36,3,0.8657,0.0117
Dedup(0.9),5.37,3,0.8657,0.0117
Dedup(0.9),5.38,3,0.8657,0.0117
Dedup(0.9),5.39,3,0.8657,0.0117
Dedup(0.9),5.4,3,0.8657,0.0117
Dedup(0.9),5.41,3,0.8657,0.0117
Dedup(0.9),5.42,3,0.8657,0.0117
Dedup(0.9),5.43,3,0.8657,0.0117
Dedup(0.9),5.44,3,0.8657,0.0117
Dedup(0.9),5.45,3,0.8657,0.0117
Dedup(0.9),5.46,3,0.8657,0.0117
Dedup(0.9),5.47,3,0.8657,0.0117
Dedup(0.9),5.48,3,0.8657,0.0117
Dedup(0.9),5.49,3,0.8657,0.0117
Dedup(0.9),5.5,3,0.8657,0.0117
Dedup(0.9),5.51,3,0.8657,0.0117
Dedup(0.9),5.52,3,0.8657,0.0117
Dedup(0.9),5.53,3,0.8657,0.0117
Dedup(0.9),5.54,3,0.8657,0.0117
Dedup(0.9),5.55,3,0.8657,0.0117
Dedup(0.9),5.56,3,0.8657,0.0117
Dedup(0.9),5.57,3,0.8657,0.0117
Dedup(0.9),5.58,3,0.8657,0.0117
Dedup(0.9),5.59,3,0.8657,0.0117
Dedup(0.9),5.6,3,0.8657,0.0117
Dedup(0.9),5.61,3,0.8657,0.0117
Dedup(0.9),5.62,3,0.8657,0.0117
Dedup(0.9),5.63,3,0.8657,0.0117
Dedup(0.9),5.64,3,0.8657,0.0117
Dedup(0.9),5.65,3,0.8657,0.0117
Dedup(0.9),5.66,3,0.8657,0.0117
Dedup(0.9),5.67,3,0.8657,0.0117
Dedup(0.9),5.68,3,0.8657,0.0117
Dedup(0.9),5.69,3,0.8657,0.0117
Dedup(0.9),5.7,3,0.8657,0.0117
Dedup(0.9),5.71,3,0.8657,0.0117
Dedup(0.9),5.72,3,0.8657,0.0117
Dedup(0.9),5.73,3,0.8657,0.0117
Dedup(0.9),5.74,3,0.8657,0.0117
Dedup(0.9),5.75,3,0.8657,0.0117
Dedup(0.9),5.76,3,0.8657,0.0117
Dedup(0.9),5.77,3,0.8657,0.0117
Dedup(0.9),5.78,3,0.8657,0.0117
Dedup(0.9),5.79,3,0.8657,0.0117
Dedup(0.9),5.81,3,0.8657,0.0117
Dedup(0.9),5.82,3,0.8657,0.0117
Dedup(0.9),5.83,3,0.8657,0.0117
Dedup(0.9),5.84,3,0.8657,0.0117
Dedup(0.9),5.85,3,0.8657,0.0117
Dedup(0.9),5.86,3,0.8657,0.0117
Dedup(0.9),5.87,3,0.8657,0.0117
Dedup(0.9),5.88,3,0.8657,0.0117
Dedup(0.9),5.89,3,0.8657,0.0117
Dedup(0.9),5.9,3,0.8657,0.0117
Dedup(0.9),5.91,3,0.8657,0.0117
Dedup(0.9),5.92,3,0.8657,0.0117
Dedup(0.9),5.93,3,0.8657,0.0117
Dedup(0.9),5.94,3,0.8657,0.0117
Dedup(0.9),5.95,3,0.8657,0.0117
Dedup(0.9),5.96,3,0.8657,0.0117
Dedup(0.9),5.97,3,0.8657,0.0117
Dedup(0.9),5.99,3,0.8657,0.0117
Dedup(0.9),6.0,3,0.8657,0.0117
Dedup(0.9),6.02,2,0.8634,0.0305
Dedup(0.9),6.03,3,0.8657,0.0117
Dedup(0.9),6.04,3,0.8657,0.0117
Dedup(0.9),6.05,2,0.8681,0.0292
Dedup(0.9),6.06,2,0.8681,0.0292
Dedup(0.9),6.07,2,0.8681,0.0292
Dedup(0.9),6.08,3,0.8657,0.0117
Dedup(0.9),6.09,3,0.8657,0.0117
Dedup(0.9),6.1,3,0.8657,0.0117
Dedup(0.9),6.12,1,0.8658,0.0
Dedup(0.9),6.13,3,0.8657,0.0117
Dedup(0.9),6.15,3,0.8657,0.0117
Dedup(0.9),6.16,2,0.8681,0.0292
Dedup(0.9),6.2,1,0.8658,0.0
Dedup(0.9),6.21,2,0.8681,0.0292
Dedup(0.9),6.22,2,0.8681,0.0292
Dedup(0.9),6.25,2,0.8681,0.0292
Dedup(0.9),6.26,2,0.8681,0.0292
Dedup(0.9),6.28,2,0.8681,0.0292
Dedup(0.9),6.31,2,0.8634,0.0305
Dedup(0.9),6.32,3,0.8657,0.0117
Dedup(0.9),6.34,1,0.8658,0.0
Dedup(0.9),6.35,2,0.8681,0.0292
Dedup(0.9),6.36,3,0.8657,0.0117
Dedup(0.9),6.42,3,0.8657,0.0117
Dedup(0.9),6.47,2,0.8634,0.0305
Dedup(0.9),6.48,2,0.8634,0.0305
Dedup(0.95),0.99,3,0.7703,0.0076
Dedup(0.95),1.0,3,0.7703,0.0076
Dedup(0.95),1.01,3,0.789,0.0082
Dedup(0.95),1.02,3,0.7924,0.0082
Dedup(0.95),1.03,3,0.7978,0.0094
Dedup(0.95),1.04,3,0.8039,0.0103
Dedup(0.95),1.05,3,0.8103,0.011
Dedup(0.95),1.06,3,0.8161,0.0111
Dedup(0.95),1.07,3,0.8214,0.0101
Dedup(0.95),1.08,3,0.8257,0.0092
Dedup(0.95),1.09,3,0.8295,0.0103
Dedup(0.95),1.1,3,0.8321,0.0106
Dedup(0.95),1.11,3,0.8337,0.0106
Dedup(0.95),1.12,3,0.835,0.0105
Dedup(0.95),1.13,3,0.8364,0.0102
Dedup(0.95),1.14,3,0.8371,0.0102
Dedup(0.95),1.15,3,0.8377,0.0102
Dedup(0.95),1.16,3,0.8381,0.0098
Dedup(0.95),1.17,3,0.8384,0.0098
Dedup(0.95),1.18,3,0.8385,0.0097
Dedup(0.95),1.19,3,0.8387,0.0099
Dedup(0.95),1.2,3,0.8388,0.0102
Dedup(0.95),1.21,3,0.839,0.01
Dedup(0.95),1.22,3,0.8391,0.0103
Dedup(0.95),1.23,3,0.8393,0.0101
Dedup(0.95),1.24,3,0.8395,0.0102
Dedup(0.95),1.25,3,0.8397,0.01
Dedup(0.95),1.26,3,0.8398,0.0101
Dedup(0.95),1.27,3,0.8399,0.01
Dedup(0.95),1.28,3,0.8403,0.0099
Dedup(0.95),1.29,3,0.8406,0.0099
Dedup(0.95),1.3,3,0.8408,0.0094
Dedup(0.95),1.31,3,0.8413,0.0097
Dedup(0.95),1.32,3,0.8416,0.0099
Dedup(0.95),1.33,3,0.8418,0.0098
Dedup(0.95),1.34,3,0.842,0.0097
Dedup(0.95),1.35,3,0.8423,0.0098
Dedup(0.95),1.36,3,0.8426,0.0096
Dedup(0.95),1.37,3,0.8428,0.0096
Dedup(0.95),1.38,3,0.843,0.0091
Dedup(0.95),1.39,3,0.8433,0.0093
Dedup(0.95),1.4,3,0.8436,0.0091
Dedup(0.95),1.41,3,0.8437,0.0094
Dedup(0.95),1.42,3,0.8439,0.0092
Dedup(0.95),1.43,3,0.8441,0.0091
Dedup(0.95),1.44,3,0.8442,0.0091
Dedup(0.95),1.45,3,0.8443,0.009
Dedup(0.95),1.46,3,0.8445,0.0089
Dedup(0.95),1.47,3,0.8445,0.0091
Dedup(0.95),1.48,3,0.8447,0.0087
Dedup(0.95),1.49,3,0.8449,0.0085
Dedup(0.95),1.5,3,0.8451,0.0087
Dedup(0.95),1.51,3,0.8452,0.0087
Dedup(0.95),1.52,3,0.8453,0.0086
Dedup(0.95),1.53,3,0.8454,0.0088
Dedup(0.95),1.54,3,0.8456,0.0087
Dedup(0.95),1.55,3,0.8457,0.0088
Dedup(0.95),1.56,3,0.8459,0.0091
Dedup(0.95),1.57,3,0.8461,0.0092
Dedup(0.95),1.58,3,0.8462,0.0092
Dedup(0.95),1.59,3,0.8464,0.0095
Dedup(0.95),1.6,3,0.8465,0.0093
Dedup(0.95),1.61,3,0.8467,0.0096
Dedup(0.95),1.62,3,0.8469,0.0099
Dedup(0.95),1.63,3,0.8471,0.0098
Dedup(0.95),1.64,3,0.8472,0.0099
Dedup(0.95),1.65,3,0.8474,0.0097
Dedup(0.95),1.66,3,0.8476,0.0096
Dedup(0.95),1.67,3,0.8478,0.0099
Dedup(0.95),1.68,3,0.848,0.0099
Dedup(0.95),1.69,3,0.8482,0.01
Dedup(0.95),1.7,3,0.8484,0.0101
Dedup(0.95),1.71,3,0.8485,0.0101
Dedup(0.95),1.72,3,0.8486,0.01
Dedup(0.95),1.73,3,0.849,0.0101
Dedup(0.95),1.74,3,0.8493,0.0099
Dedup(0.95),1.75,3,0.8494,0.0099
Dedup(0.95),1.76,3,0.8496,0.0097
Dedup(0.95),1.77,3,0.8497,0.0101
Dedup(0.95),1.78,3,0.85,0.0099
Dedup(0.95),1.79,3,0.8501,0.0098
Dedup(0.95),1.8,3,0.8503,0.0095
Dedup(0.95),1.81,3,0.8504,0.0095
Dedup(0.95),1.82,3,0.8505,0.0094
Dedup(0.95),1.83,3,0.8507,0.0092
Dedup(0.95),1.84,3,0.8508,0.0093
Dedup(0.95),1.85,3,0.851,0.0091
Dedup(0.95),1.86,3,0.8511,0.0091
Dedup(0.95),1.87,3,0.8513,0.0089
Dedup(0.95),1.88,3,0.8514,0.0088
Dedup(0.95),1.89,3,0.8515,0.0086
Dedup(0.95),1.9,3,0.8516,0.0088
Dedup(0.95),1.91,3,0.8517,0.0085
Dedup(0.95),1.92,3,0.8519,0.0083
Dedup(0.95),1.93,3,0.852,0.0082
Dedup(0.95),1.94,3,0.8522,0.0082
Dedup(0.95),1.95,3,0.8522,0.0083
Dedup(0.95),1.96,3,0.8523,0.0083
Dedup(0.95),1.97,3,0.8524,0.0084
Dedup(0.95),1.98,3,0.8526,0.0084
Dedup(0.95),1.99,3,0.8527,0.0081
Dedup(0.95),2.0,3,0.8528,0.0081
Dedup(0.95),2.01,3,0.8529,0.0082
Dedup(0.95),2.02,3,0.853,0.0081
Dedup(0.95),2.03,3,0.8531,0.008
Dedup(0.95),2.04,3,0.8531,0.008
Dedup(0.95),2.05,3,0.8532,0.008
Dedup(0.95),2.06,3,0.8533,0.008
Dedup(0.95),2.07,3,0.8535,0.0081
Dedup(0.95),2.08,3,0.8535,0.0081
Dedup(0.95),2.09,3,0.8537,0.0082
Dedup(0.95),2.1,3,0.8539,0.0081
Dedup(0.95),2.11,3,0.854,0.0082
Dedup(0.95),2.12,3,0.8541,0.0083
Dedup(0.95),2.13,3,0.8542,0.0084
Dedup(0.95),2.14,3,0.8543,0.0084
Dedup(0.95),2.15,3,0.8544,0.0085
Dedup(0.95),2.16,3,0.8545,0.0085
Dedup(0.95),2.17,3,0.8546,0.0085
Dedup(0.95),2.18,3,0.8547,0.0085
Dedup(0.95),2.19,3,0.8548,0.0086
Dedup(0.95),2.2,3,0.8549,0.0088
Dedup(0.95),2.21,3,0.855,0.0088
Dedup(0.95),2.22,3,0.8551,0.0087
Dedup(0.95),2.23,3,0.8551,0.0086
Dedup(0.95),2.24,3,0.8551,0.0086
Dedup(0.95),2.25,3,0.8553,0.0087
Dedup(0.95),2.26,3,0.8553,0.0087
Dedup(0.95),2.27,3,0.8554,0.0086
Dedup(0.95),2.28,3,0.8555,0.0084
Dedup(0.95),2.29,3,0.8556,0.0086
Dedup(0.95),2.3,3,0.8556,0.0087
Dedup(0.95),2.31,3,0.8556,0.0088
Dedup(0.95),2.32,3,0.8557,0.0089
Dedup(0.95),2.33,3,0.8557,0.0089
Dedup(0.95),2.34,3,0.8558,0.0088
Dedup(0.95),2.35,3,0.8559,0.0088
Dedup(0.95),2.36,3,0.856,0.0089
Dedup(0.95),2.37,3,0.8561,0.009
Dedup(0.95),2.38,3,0.8561,0.0091
Dedup(0.95),2.39,3,0.8561,0.0091
Dedup(0.95),2.4,3,0.8562,0.009
Dedup(0.95),2.41,3,0.8562,0.009
Dedup(0.95),2.42,3,0.8562,0.0092
Dedup(0.95),2.43,3,0.8563,0.0093
Dedup(0.95),2.44,3,0.8563,0.0093
Dedup(0.95),2.45,3,0.8563,0.0094
Dedup(0.95),2.46,3,0.8564,0.0095
Dedup(0.95),2.47,3,0.8565,0.0097
Dedup(0.95),2.48,3,0.8565,0.0097
Dedup(0.95),2.49,3,0.8565,0.0096
Dedup(0.95),2.5,3,0.8565,0.0096
Dedup(0.95),2.51,3,0.8566,0.0096
Dedup(0.95),2.52,3,0.8566,0.0096
Dedup(0.95),2.53,3,0.8567,0.0094
Dedup(0.95),2.54,3,0.8567,0.0095
Dedup(0.95),2.55,3,0.8568,0.0094
Dedup(0.95),2.56,3,0.8569,0.0095
Dedup(0.95),2.57,3,0.857,0.0093
Dedup(0.95),2.58,3,0.857,0.0092
Dedup(0.95),2.59,3,0.857,0.0092
Dedup(0.95),2.6,3,0.857,0.0092
Dedup(0.95),2.61,3,0.8571,0.0091
Dedup(0.95),2.62,3,0.8571,0.009
Dedup(0.95),2.63,3,0.8571,0.0091
Dedup(0.95),2.64,3,0.8572,0.0092
Dedup(0.95),2.65,3,0.8572,0.0092
Dedup(0.95),2.66,3,0.8573,0.009
Dedup(0.95),2.67,3,0.8573,0.0091
Dedup(0.95),2.68,3,0.8574,0.0094
Dedup(0.95),2.69,3,0.8575,0.0093
Dedup(0.95),2.7,3,0.8575,0.0092
Dedup(0.95),2.71,3,0.8576,0.0088
Dedup(0.95),2.72,3,0.8577,0.0089
Dedup(0.95),2.73,3,0.8578,0.0089
Dedup(0.95),2.74,3,0.8578,0.0089
Dedup(0.95),2.75,3,0.8579,0.0089
Dedup(0.95),2.76,3,0.858,0.0088
Dedup(0.95),2.77,3,0.858,0.0088
Dedup(0.95),2.78,3,0.858,0.0088
Dedup(0.95),2.79,3,0.8581,0.009
Dedup(0.95),2.8,3,0.8581,0.009
Dedup(0.95),2.81,3,0.8582,0.0089
Dedup(0.95),2.82,3,0.8582,0.0089
Dedup(0.95),2.83,3,0.8583,0.0089
Dedup(0.95),2.84,3,0.8583,0.009
Dedup(0.95),2.85,3,0.8584,0.0091
Dedup(0.95),2.86,3,0.8585,0.0088
Dedup(0.95),2.87,3,0.8585,0.0088
Dedup(0.95),2.88,3,0.8585,0.0088
Dedup(0.95),2.89,3,0.8586,0.0088
Dedup(0.95),2.9,3,0.8586,0.0088
Dedup(0.95),2.91,3,0.8586,0.0088
Dedup(0.95),2.92,3,0.8587,0.0087
Dedup(0.95),2.93,3,0.8588,0.0088
Dedup(0.95),2.94,3,0.8589,0.0085
Dedup(0.95),2.95,3,0.859,0.0087
Dedup(0.95),2.96,3,0.859,0.0088
Dedup(0.95),2.97,3,0.8591,0.0089
Dedup(0.95),2.98,3,0.8591,0.0089
Dedup(0.95),2.99,3,0.8592,0.009
Dedup(0.95),3.0,3,0.8593,0.0089
Dedup(0.95),3.01,3,0.8593,0.0089
Dedup(0.95),3.02,3,0.8593,0.0088
Dedup(0.95),3.03,3,0.8594,0.009
Dedup(0.95),3.04,3,0.8594,0.009
Dedup(0.95),3.05,3,0.8595,0.0087
Dedup(0.95),3.06,3,0.8596,0.0089
Dedup(0.95),3.07,3,0.8596,0.0089
Dedup(0.95),3.08,3,0.8596,0.0091
Dedup(0.95),3.09,3,0.8597,0.0092
Dedup(0.95),3.1,3,0.8597,0.0092
Dedup(0.95),3.11,3,0.8598,0.0094
Dedup(0.95),3.12,3,0.8598,0.0092
Dedup(0.95),3.13,3,0.8599,0.0092
Dedup(0.95),3.14,3,0.86,0.0094
Dedup(0.95),3.15,3,0.86,0.0095
Dedup(0.95),3.16,3,0.8601,0.0094
Dedup(0.95),3.17,3,0.8601,0.0092
Dedup(0.95),3.18,3,0.8602,0.0092
Dedup(0.95),3.19,3,0.8603,0.0094
Dedup(0.95),3.2,3,0.8604,0.0094
Dedup(0.95),3.21,3,0.8604,0.0095
Dedup(0.95),3.22,3,0.8605,0.0094
Dedup(0.95),3.23,3,0.8605,0.0092
Dedup(0.95),3.24,3,0.8605,0.0093
Dedup(0.95),3.25,3,0.8606,0.0094
Dedup(0.95),3.26,3,0.8607,0.0094
Dedup(0.95),3.27,3,0.8607,0.0094
Dedup(0.95),3.28,3,0.8607,0.0094
Dedup(0.95),3.29,3,0.8608,0.0095
Dedup(0.95),3.3,3,0.8608,0.0096
Dedup(0.95),3.31,3,0.8609,0.0095
Dedup(0.95),3.32,3,0.861,0.0097
Dedup(0.95),3.33,3,0.8611,0.0099
Dedup(0.95),3.34,3,0.8611,0.0101
Dedup(0.95),3.35,3,0.8612,0.0098
Dedup(0.95),3.36,3,0.8613,0.0099
Dedup(0.95),3.37,3,0.8613,0.0099
Dedup(0.95),3.38,3,0.8613,0.0096
Dedup(0.95),3.39,3,0.8614,0.0096
Dedup(0.95),3.4,3,0.8615,0.0097
Dedup(0.95),3.41,3,0.8615,0.0098
Dedup(0.95),3.42,3,0.8616,0.0098
Dedup(0.95),3.43,3,0.8616,0.0099
Dedup(0.95),3.44,3,0.8617,0.0097
Dedup(0.95),3.45,3,0.8617,0.0097
Dedup(0.95),3.46,3,0.8618,0.0101
Dedup(0.95),3.47,3,0.8619,0.0097
Dedup(0.95),3.48,3,0.862,0.0099
Dedup(0.95),3.49,3,0.8621,0.0098
Dedup(0.95),3.5,3,0.8622,0.0097
Dedup(0.95),3.51,3,0.8623,0.0096
Dedup(0.95),3.52,3,0.8624,0.0096
Dedup(0.95),3.53,3,0.8624,0.0097
Dedup(0.95),3.54,3,0.8624,0.0096
Dedup(0.95),3.55,3,0.8625,0.0096
Dedup(0.95),3.56,3,0.8625,0.0096
Dedup(0.95),3.57,3,0.8625,0.0097
Dedup(0.95),3.58,3,0.8625,0.0097
Dedup(0.95),3.59,3,0.8626,0.0098
Dedup(0.95),3.6,3,0.8626,0.0098
Dedup(0.95),3.61,3,0.8626,0.0099
Dedup(0.95),3.62,3,0.8627,0.0099
Dedup(0.95),3.63,3,0.8628,0.0099
Dedup(0.95),3.64,3,0.8628,0.0101
Dedup(0.95),3.65,3,0.8628,0.0101
Dedup(0.95),3.66,3,0.8628,0.0101
Dedup(0.95),3.67,3,0.8628,0.0101
Dedup(0.95),3.68,3,0.8628,0.0101
Dedup(0.95),3.69,3,0.8629,0.0102
Dedup(0.95),3.7,3,0.8629,0.0102
Dedup(0.95),3.71,3,0.8629,0.0101
Dedup(0.95),3.72,3,0.863,0.0102
Dedup(0.95),3.73,3,0.863,0.0102
Dedup(0.95),3.74,3,0.8631,0.0102
Dedup(0.95),3.75,3,0.8631,0.0102
Dedup(0.95),3.76,3,0.8632,0.0102
Dedup(0.95),3.77,3,0.8632,0.0102
Dedup(0.95),3.78,3,0.8632,0.0102
Dedup(0.95),3.79,3,0.8633,0.0102
Dedup(0.95),3.8,3,0.8633,0.0101
Dedup(0.95),3.81,3,0.8634,0.0101
Dedup(0.95),3.82,3,0.8635,0.0102
Dedup(0.95),3.83,3,0.8635,0.0101
Dedup(0.95),3.84,3,0.8636,0.0099
Dedup(0.95),3.85,3,0.8636,0.0101
Dedup(0.95),3.86,3,0.8637,0.0101
Dedup(0.95),3.87,3,0.8637,0.0099
Dedup(0.95),3.88,3,0.8638,0.0101
Dedup(0.95),3.89,3,0.8638,0.01
Dedup(0.95),3.9,3,0.8638,0.01
Dedup(0.95),3.91,3,0.8639,0.01
Dedup(0.95),3.92,3,0.8639,0.01
Dedup(0.95),3.93,3,0.8639,0.01
Dedup(0.95),3.94,3,0.864,0.0098
Dedup(0.95),3.95,3,0.864,0.0098
Dedup(0.95),3.96,3,0.864,0.0098
Dedup(0.95),3.97,3,0.864,0.0098
Dedup(0.95),3.98,3,0.8641,0.0098
Dedup(0.95),3.99,3,0.8641,0.0098
Dedup(0.95),4.0,3,0.8642,0.0098
Dedup(0.95),4.01,3,0.8642,0.0098
Dedup(0.95),4.02,3,0.8642,0.0098
Dedup(0.95),4.03,3,0.8642,0.0098
Dedup(0.95),4.04,3,0.8642,0.0098
Dedup(0.95),4.05,3,0.8642,0.0098
Dedup(0.95),4.06,3,0.8642,0.01
Dedup(0.95),4.07,3,0.8643,0.0101
Dedup(0.95),4.08,3,0.8643,0.0101
Dedup(0.95),4.09,3,0.8643,0.0101
Dedup(0.95),4.1,3,0.8644,0.0097
Dedup(0.95),4.11,3,0.8644,0.0097
Dedup(0.95),4.12,3,0.8644,0.0096
Dedup(0.95),4.13,3,0.8644,0.0096
Dedup(0.95),4.14,3,0.8644,0.0096
Dedup(0.95),4.15,3,0.8645,0.0096
Dedup(0.95),4.16,3,0.8645,0.0096
Dedup(0.95),4.17,3,0.8645,0.0096
Dedup(0.95),4.18,3,0.8645,0.0096
Dedup(0.95),4.19,3,0.8646,0.0096
Dedup(0.95),4.2,3,0.8646,0.0097
Dedup(0.95),4.21,3,0.8646,0.0097
Dedup(0.95),4.22,3,0.8646,0.0097
Dedup(0.95),4.23,3,0.8647,0.0097
Dedup(0.95),4.24,3,0.8648,0.0098
Dedup(0.95),4.25,3,0.8648,0.0098
Dedup(0.95),4.26,3,0.8648,0.0098
Dedup(0.95),4.27,3,0.8649,0.0101
Dedup(0.95),4.28,3,0.8649,0.0099
Dedup(0.95),4.29,3,0.8649,0.0099
Dedup(0.95),4.3,3,0.8649,0.0099
Dedup(0.95),4.31,3,0.8649,0.0099
Dedup(0.95),4.32,3,0.865,0.0101
Dedup(0.95),4.33,3,0.865,0.0102
Dedup(0.95),4.34,3,0.865,0.0102
Dedup(0.95),4.35,3,0.865,0.0102
Dedup(0.95),4.36,3,0.865,0.0102
Dedup(0.95),4.37,3,0.865,0.0102
Dedup(0.95),4.38,3,0.865,0.0102
Dedup(0.95),4.39,3,0.865,0.0102
Dedup(0.95),4.4,3,0.8651,0.0103
Dedup(0.95),4.41,3,0.8651,0.0103
Dedup(0.95),4.42,3,0.8651,0.0102
Dedup(0.95),4.43,3,0.8651,0.0102
Dedup(0.95),4.44,3,0.8651,0.0103
Dedup(0.95),4.45,3,0.8651,0.0103
Dedup(0.95),4.46,3,0.8651,0.0103
Dedup(0.95),4.47,3,0.8651,0.0103
Dedup(0.95),4.48,3,0.8651,0.0103
Dedup(0.95),4.49,3,0.8652,0.0101
Dedup(0.95),4.5,3,0.8652,0.0101
Dedup(0.95),4.51,3,0.8652,0.0101
Dedup(0.95),4.52,3,0.8652,0.0101
Dedup(0.95),4.53,3,0.8653,0.0101
Dedup(0.95),4.54,3,0.8653,0.0101
Dedup(0.95),4.55,3,0.8653,0.0102
Dedup(0.95),4.56,3,0.8654,0.0102
Dedup(0.95),4.57,3,0.8654,0.0102
Dedup(0.95),4.58,3,0.8654,0.0102
Dedup(0.95),4.59,3,0.8654,0.0102
Dedup(0.95),4.6,3,0.8654,0.0102
Dedup(0.95),4.61,3,0.8655,0.0101
Dedup(0.95),4.62,3,0.8655,0.0101
Dedup(0.95),4.63,3,0.8655,0.0101
Dedup(0.95),4.64,3,0.8655,0.0101
Dedup(0.95),4.65,3,0.8655,0.0099
Dedup(0.95),4.66,3,0.8655,0.0099
Dedup(0.95),4.67,3,0.8655,0.0099
Dedup(0.95),4.68,3,0.8655,0.0099
Dedup(0.95),4.69,3,0.8655,0.0099
Dedup(0.95),4.7,3,0.8655,0.0101
Dedup(0.95),4.71,3,0.8656,0.0101
Dedup(0.95),4.72,3,0.8656,0.0102
Dedup(0.95),4.73,3,0.8656,0.0101
Dedup(0.95),4.74,3,0.8656,0.0101
Dedup(0.95),4.75,3,0.8657,0.0102
Dedup(0.95),4.76,3,0.8657,0.0102
Dedup(0.95),4.77,3,0.8657,0.0101
Dedup(0.95),4.78,3,0.8657,0.0101
Dedup(0.95),4.79,3,0.8657,0.0101
Dedup(0.95),4.8,3,0.8657,0.0101
Dedup(0.95),4.81,3,0.8657,0.0101
Dedup(0.95),4.82,3,0.8657,0.0101
Dedup(0.95),4.83,3,0.8657,0.0101
Dedup(0.95),4.84,3,0.8657,0.0101
Dedup(0.95),4.85,3,0.8657,0.0101
Dedup(0.95),4.86,3,0.8657,0.0101
Dedup(0.95),4.87,3,0.8658,0.0101
Dedup(0.95),4.88,3,0.8658,0.0101
Dedup(0.95),4.89,3,0.8658,0.0101
Dedup(0.95),4.9,3,0.8658,0.0099
Dedup(0.95),4.91,3,0.8659,0.0101
Dedup(0.95),4.92,3,0.8659,0.0101
Dedup(0.95),4.93,3,0.8659,0.0099
Dedup(0.95),4.94,3,0.866,0.0098
Dedup(0.95),4.95,3,0.866,0.0098
Dedup(0.95),4.96,3,0.866,0.0099
Dedup(0.95),4.97,3,0.866,0.0099
Dedup(0.95),4.98,3,0.866,0.0099
Dedup(0.95),4.99,3,0.866,0.0099
Dedup(0.95),5.0,3,0.866,0.0099
Dedup(0.95),5.01,3,0.866,0.0099
Dedup(0.95),5.02,3,0.866,0.0099
Dedup(0.95),5.03,3,0.866,0.0099
Dedup(0.95),5.04,3,0.8661,0.0098
Dedup(0.95),5.05,3,0.8661,0.0098
Dedup(0.95),5.06,3,0.8661,0.0098
Dedup(0.95),5.07,3,0.8661,0.0098
Dedup(0.95),5.08,3,0.8661,0.0098
Dedup(0.95),5.09,3,0.8661,0.0098
Dedup(0.95),5.1,3,0.8661,0.0098
Dedup(0.95),5.11,3,0.8661,0.0097
Dedup(0.95),5.12,3,0.8661,0.0097
Dedup(0.95),5.13,3,0.8661,0.0097
Dedup(0.95),5.14,3,0.8661,0.0097
Dedup(0.95),5.15,3,0.8661,0.0097
Dedup(0.95),5.16,3,0.8661,0.0097
Dedup(0.95),5.17,3,0.8661,0.0097
Dedup(0.95),5.18,3,0.8661,0.0097
Dedup(0.95),5.19,3,0.8661,0.0097
Dedup(0.95),5.2,3,0.8661,0.0097
Dedup(0.95),5.21,3,0.8661,0.0097
Dedup(0.95),5.22,3,0.8661,0.0098
Dedup(0.95),5.23,3,0.8661,0.0098
Dedup(0.95),5.24,3,0.8661,0.0098
Dedup(0.95),5.25,3,0.8661,0.0098
Dedup(0.95),5.26,3,0.8662,0.0098
Dedup(0.95),5.27,3,0.8662,0.0098
Dedup(0.95),5.28,3,0.8662,0.0098
Dedup(0.95),5.29,3,0.8662,0.0098
Dedup(0.95),5.3,3,0.8662,0.0098
Dedup(0.95),5.31,3,0.8662,0.0098
Dedup(0.95),5.32,3,0.8662,0.0098
Dedup(0.95),5.33,3,0.8662,0.0098
Dedup(0.95),5.34,3,0.8662,0.0098
Dedup(0.95),5.35,3,0.8662,0.0098
Dedup(0.95),5.36,3,0.8662,0.0098
Dedup(0.95),5.37,3,0.8662,0.0098
Dedup(0.95),5.38,3,0.8662,0.0098
Dedup(0.95),5.39,3,0.8662,0.0098
Dedup(0.95),5.4,3,0.8662,0.0098
Dedup(0.95),5.41,3,0.8662,0.0098
Dedup(0.95),5.42,3,0.8662,0.0098
Dedup(0.95),5.43,3,0.8662,0.0098
Dedup(0.95),5.44,3,0.8662,0.0098
Dedup(0.95),5.45,3,0.8662,0.0098
Dedup(0.95),5.46,3,0.8662,0.0098
Dedup(0.95),5.47,3,0.8662,0.0098
Dedup(0.95),5.48,3,0.8662,0.0098
Dedup(0.95),5.49,3,0.8662,0.0098
Dedup(0.95),5.5,3,0.8662,0.0098
Dedup(0.95),5.51,3,0.8662,0.0098
Dedup(0.95),5.52,3,0.8662,0.0098
Dedup(0.95),5.53,3,0.8662,0.0098
Dedup(0.95),5.54,3,0.8662,0.0098
Dedup(0.95),5.55,3,0.8662,0.0098
Dedup(0.95),5.56,3,0.8662,0.0098
Dedup(0.95),5.57,3,0.8662,0.0098
Dedup(0.95),5.58,3,0.8662,0.0098
Dedup(0.95),5.59,3,0.8662,0.0098
Dedup(0.95),5.6,3,0.8662,0.0098
Dedup(0.95),5.61,3,0.8662,0.0098
Dedup(0.95),5.62,3,0.8662,0.0098
Dedup(0.95),5.63,3,0.8662,0.0098
Dedup(0.95),5.64,3,0.8662,0.0098
Dedup(0.95),5.65,3,0.8662,0.0098
Dedup(0.95),5.66,3,0.8662,0.0098
Dedup(0.95),5.67,3,0.8662,0.0098
Dedup(0.95),5.68,3,0.8662,0.0098
Dedup(0.95),5.69,3,0.8662,0.0098
Dedup(0.95),5.7,3,0.8662,0.0098
Dedup(0.95),5.71,3,0.8662,0.0098
Dedup(0.95),5.72,3,0.8662,0.0098
Dedup(0.95),5.73,3,0.8662,0.0098
Dedup(0.95),5.74,3,0.8662,0.0098
Dedup(0.95),5.75,3,0.8662,0.0098
Dedup(0.95),5.76,3,0.8662,0.0098
Dedup(0.95),5.77,3,0.8662,0.0098
Dedup(0.95),5.78,3,0.8662,0.0098
Dedup(0.95),5.79,3,0.8662,0.0098
Dedup(0.95),5.81,3,0.8662,0.0098
Dedup(0.95),5.82,3,0.8662,0.0098
Dedup(0.95),5.83,3,0.8662,0.0098
Dedup(0.95),5.84,3,0.8662,0.0098
Dedup(0.95),5.85,3,0.8662,0.0098
Dedup(0.95),5.86,3,0.8662,0.0098
Dedup(0.95),5.87,3,0.8662,0.0098
Dedup(0.95),5.88,3,0.8662,0.0098
Dedup(0.95),5.89,3,0.8662,0.0098
Dedup(0.95),5.9,3,0.8662,0.0098
Dedup(0.95),5.91,3,0.8662,0.0098
Dedup(0.95),5.92,3,0.8662,0.0098
Dedup(0.95),5.93,3,0.8662,0.0098
Dedup(0.95),5.94,3,0.8662,0.0098
Dedup(0.95),5.95,3,0.8662,0.0098
Dedup(0.95),5.96,3,0.8662,0.0098
Dedup(0.95),5.97,3,0.8662,0.0098
Dedup(0.95),5.99,3,0.8662,0.0098
Dedup(0.95),6.0,3,0.8662,0.0098
Dedup(0.95),6.02,2,0.8642,0.026
Dedup(0.95),6.03,3,0.8662,0.0098
Dedup(0.95),6.04,3,0.8662,0.0098
Dedup(0.95),6.05,2,0.8682,0.0241
Dedup(0.95),6.06,2,0.8682,0.0241
Dedup(0.95),6.07,2,0.8682,0.0241
Dedup(0.95),6.08,3,0.8662,0.0098
Dedup(0.95),6.09,3,0.8662,0.0098
Dedup(0.95),6.1,3,0.8662,0.0098
Dedup(0.95),6.12,1,0.8663,0.0
Dedup(0.95),6.13,3,0.8662,0.0098
Dedup(0.95),6.15,3,0.8662,0.0098
Dedup(0.95),6.16,2,0.8682,0.0241
Dedup(0.95),6.2,1,0.8663,0.0
Dedup(0.95),6.21,2,0.8682,0.0241
Dedup(0.95),6.22,2,0.8682,0.0241
Dedup(0.95),6.25,2,0.8682,0.0241
Dedup(0.95),6.26,2,0.8682,0.0241
Dedup(0.95),6.28,2,0.8682,0.0241
Dedup(0.95),6.31,2,0.8642,0.026
Dedup(0.95),6.32,3,0.8662,0.0098
Dedup(0.95),6.34,1,0.8663,0.0
Dedup(0.95),6.35,2,0.8682,0.0241
Dedup(0.95),6.36,3,0.8662,0.0098
Dedup(0.95),6.42,3,0.8662,0.0098
Dedup(0.95),6.47,2,0.8642,0.026
Dedup(0.95),6.48,2,0.8642,0.026
MMR(0.3),0.99,3,0.7703,0.0076
MMR(0.3),1.0,3,0.7703,0.0076
MMR(0.3),1.01,3,0.7756,0.0073
MMR(0.3),1.02,3,0.7764,0.0077
MMR(0.3),1.03,3,0.7774,0.0076
MMR(0.3),1.04,3,0.7787,0.0081
MMR(0.3),1.05,3,0.7801,0.0075
MMR(0.3),1.06,3,0.7815,0.0077
MMR(0.3),1.07,3,0.7828,0.0074
MMR(0.3),1.08,3,0.7839,0.0072
MMR(0.3),1.09,3,0.7849,0.007
MMR(0.3),1.1,3,0.7853,0.007
MMR(0.3),1.11,3,0.7857,0.007
MMR(0.3),1.12,3,0.7859,0.0071
MMR(0.3),1.13,3,0.7861,0.0068
MMR(0.3),1.14,3,0.7863,0.0067
MMR(0.3),1.15,3,0.7865,0.0067
MMR(0.3),1.16,3,0.7864,0.0064
MMR(0.3),1.17,3,0.7864,0.0065
MMR(0.3),1.18,3,0.7864,0.0064
MMR(0.3),1.19,3,0.7863,0.0063
MMR(0.3),1.2,3,0.7862,0.0064
MMR(0.3),1.21,3,0.7861,0.0062
MMR(0.3),1.22,3,0.7859,0.0062
MMR(0.3),1.23,3,0.7856,0.0064
MMR(0.3),1.24,3,0.7854,0.0061
MMR(0.3),1.25,3,0.7848,0.0067
MMR(0.3),1.26,3,0.7846,0.0062
MMR(0.3),1.27,3,0.7841,0.0061
MMR(0.3),1.28,3,0.7837,0.007
MMR(0.3),1.29,3,0.7833,0.0073
MMR(0.3),1.3,3,0.7828,0.0078
MMR(0.3),1.31,3,0.7824,0.0077
MMR(0.3),1.32,3,0.782,0.0079
MMR(0.3),1.33,3,0.7817,0.0077
MMR(0.3),1.34,3,0.7814,0.0075
MMR(0.3),1.35,3,0.7811,0.0076
MMR(0.3),1.36,3,0.7808,0.0075
MMR(0.3),1.37,3,0.7805,0.0074
MMR(0.3),1.38,3,0.7801,0.0071
MMR(0.3),1.39,3,0.7798,0.0072
MMR(0.3),1.4,3,0.7796,0.007
MMR(0.3),1.41,3,0.7794,0.007
MMR(0.3),1.42,3,0.7791,0.0068
MMR(0.3),1.43,3,0.7788,0.0065
MMR(0.3),1.44,3,0.7785,0.0063
MMR(0.3),1.45,3,0.7781,0.0065
MMR(0.3),1.46,3,0.7778,0.0064
MMR(0.3),1.47,3,0.7774,0.0067
MMR(0.3),1.48,3,0.777,0.0072
MMR(0.3),1.49,3,0.7765,0.0075
MMR(0.3),1.5,3,0.7758,0.0073
MMR(0.3),1.51,3,0.7751,0.0075
MMR(0.3),1.52,3,0.7745,0.0069
MMR(0.3),1.53,3,0.774,0.0072
MMR(0.3),1.54,3,0.7732,0.0073
MMR(0.3),1.55,3,0.7727,0.0068
MMR(0.3),1.56,3,0.772,0.007
MMR(0.3),1.57,3,0.7714,0.0068
MMR(0.3),1.58,3,0.7707,0.0061
MMR(0.3),1.59,3,0.77,0.0059
MMR(0.3),1.6,3,0.7694,0.0058
MMR(0.3),1.61,3,0.7688,0.0062
MMR(0.3),1.62,3,0.7681,0.006
MMR(0.3),1.63,3,0.7674,0.0062
MMR(0.3),1.64,3,0.7665,0.0065
MMR(0.3),1.65,3,0.7659,0.0064
MMR(0.3),1.66,3,0.7652,0.0062
MMR(0.3),1.67,3,0.7646,0.0062
MMR(0.3),1.68,3,0.7636,0.007
MMR(0.3),1.69,3,0.7626,0.0071
MMR(0.3),1.7,3,0.7617,0.0071
MMR(0.3),1.71,3,0.7607,0.0078
MMR(0.3),1.72,3,0.7599,0.0078
MMR(0.3),1.73,3,0.759,0.0079
MMR(0.3),1.74,3,0.7583,0.0077
MMR(0.3),1.75,3,0.7575,0.0078
MMR(0.3),1.76,3,0.7567,0.0077
MMR(0.3),1.77,3,0.7557,0.0072
MMR(0.3),1.78,3,0.7551,0.0073
MMR(0.3),1.79,3,0.7544,0.0076
MMR(0.3),1.8,3,0.7534,0.0074
MMR(0.3),1.81,3,0.7527,0.007
MMR(0.3),1.82,3,0.7521,0.007
MMR(0.3),1.83,3,0.7515,0.0075
MMR(0.3),1.84,3,0.7509,0.0075
MMR(0.3),1.85,3,0.7502,0.0077
MMR(0.3),1.86,3,0.7496,0.0073
MMR(0.3),1.87,3,0.7487,0.008
MMR(0.3),1.88,3,0.7479,0.0077
MMR(0.3),1.89,3,0.7473,0.0072
MMR(0.3),1.9,3,0.7468,0.0077
MMR(0.3),1.91,3,0.746,0.0077
MMR(0.3),1.92,3,0.7456,0.0075
MMR(0.3),1.93,3,0.7449,0.007
MMR(0.3),1.94,3,0.7443,0.0068
MMR(0.3),1.95,3,0.7437,0.0062
MMR(0.3),1.96,3,0.7431,0.0057
MMR(0.3),1.97,3,0.7427,0.0061
MMR(0.3),1.98,3,0.742,0.0057
MMR(0.3),1.99,3,0.7415,0.0065
MMR(0.3),2.0,3,0.7412,0.0066
MMR(0.3),2.01,3,0.7407,0.0066
MMR(0.3),2.02,3,0.7401,0.0067
MMR(0.3),2.03,3,0.7395,0.0069
MMR(0.3),2.04,3,0.7388,0.0067
MMR(0.3),2.05,3,0.7382,0.0067
MMR(0.3),2.06,3,0.7376,0.0066
MMR(0.3),2.07,3,0.7369,0.0067
MMR(0.3),2.08,3,0.7363,0.0068
MMR(0.3),2.09,3,0.7356,0.007
MMR(0.3),2.1,3,0.7351,0.0065
MMR(0.3),2.11,3,0.7347,0.0062
MMR(0.3),2.12,3,0.7343,0.0068
MMR(0.3),2.13,3,0.7337,0.0071
MMR(0.3),2.14,3,0.733,0.0072
MMR(0.3),2.15,3,0.7327,0.0071
MMR(0.3),2.16,3,0.732,0.0074
MMR(0.3),2.17,3,0.7314,0.0075
MMR(0.3),2.18,3,0.7309,0.0074
MMR(0.3),2.19,3,0.7304,0.007
MMR(0.3),2.2,3,0.7296,0.0069
MMR(0.3),2.21,3,0.7292,0.0069
MMR(0.3),2.22,3,0.7285,0.0061
MMR(0.3),2.23,3,0.7279,0.0062
MMR(0.3),2.24,3,0.7275,0.0059
MMR(0.3),2.25,3,0.7268,0.0058
MMR(0.3),2.26,3,0.7263,0.0054
MMR(0.3),2.27,3,0.7255,0.0054
MMR(0.3),2.28,3,0.725,0.005
MMR(0.3),2.29,3,0.7243,0.0056
MMR(0.3),2.3,3,0.7238,0.0061
MMR(0.3),2.31,3,0.7231,0.0056
MMR(0.3),2.32,3,0.7226,0.0055
MMR(0.3),2.33,3,0.7219,0.0065
MMR(0.3),2.34,3,0.7216,0.0065
MMR(0.3),2.35,3,0.7211,0.0066
MMR(0.3),2.36,3,0.7207,0.0064
MMR(0.3),2.37,3,0.7203,0.0068
MMR(0.3),2.38,3,0.7197,0.0067
MMR(0.3),2.39,3,0.7191,0.0068
MMR(0.3),2.4,3,0.7185,0.0065
MMR(0.3),2.41,3,0.718,0.0068
MMR(0.3),2.42,3,0.7176,0.0065
MMR(0.3),2.43,3,0.717,0.0062
MMR(0.3),2.44,3,0.7165,0.0063
MMR(0.3),2.45,3,0.716,0.0062
MMR(0.3),2.46,3,0.7154,0.0065
MMR(0.3),2.47,3,0.7148,0.0062
MMR(0.3),2.48,3,0.7143,0.0066
MMR(0.3),2.49,3,0.7137,0.0065
MMR(0.3),2.5,3,0.7133,0.0066
MMR(0.3),2.51,3,0.7127,0.0063
MMR(0.3),2.52,3,0.712,0.0064
MMR(0.3),2.53,3,0.7115,0.0068
MMR(0.3),2.54,3,0.7108,0.0069
MMR(0.3),2.55,3,0.7101,0.0072
MMR(0.3),2.56,3,0.7095,0.0072
MMR(0.3),2.57,3,0.7088,0.0075
MMR(0.3),2.58,3,0.7083,0.0071
MMR(0.3),2.59,3,0.7079,0.0068
MMR(0.3),2.6,3,0.7073,0.007
MMR(0.3),2.61,3,0.7068,0.0067
MMR(0.3),2.62,3,0.7061,0.0061
MMR(0.3),2.63,3,0.7052,0.0058
MMR(0.3),2.64,3,0.7044,0.0061
MMR(0.3),2.65,3,0.7038,0.0066
MMR(0.3),2.66,3,0.7032,0.0068
MMR(0.3),2.67,3,0.7026,0.0066
MMR(0.3),2.68,3,0.7018,0.0068
MMR(0.3),2.69,3,0.7011,0.0068
MMR(0.3),2.7,3,0.7005,0.0065
MMR(0.3),2.71,3,0.6998,0.007
MMR(0.3),2.72,3,0.6992,0.0065
MMR(0.3),2.73,3,0.6984,0.0065
MMR(0.3),2.74,3,0.698,0.0066
MMR(0.3),2.75,3,0.6974,0.0065
MMR(0.3),2.76,3,0.6968,0.0068
MMR(0.3),2.77,3,0.6964,0.0069
MMR(0.3),2.78,3,0.6958,0.0069
MMR(0.3),2.79,3,0.6954,0.0071
MMR(0.3),2.8,3,0.6947,0.0069
MMR(0.3),2.81,3,0.694,0.0075
MMR(0.3),2.82,3,0.6935,0.0075
MMR(0.3),2.83,3,0.6929,0.0073
MMR(0.3),2.84,3,0.6923,0.0075
MMR(0.3),2.85,3,0.6917,0.008
MMR(0.3),2.86,3,0.691,0.0079
MMR(0.3),2.87,3,0.6905,0.0076
MMR(0.3),2.88,3,0.6898,0.0078
MMR(0.3),2.89,3,0.6891,0.0078
MMR(0.3),2.9,3,0.6883,0.008
MMR(0.3),2.91,3,0.6878,0.008
MMR(0.3),2.92,3,0.6873,0.0081
MMR(0.3),2.93,3,0.6868,0.0083
MMR(0.3),2.94,3,0.686,0.0078
MMR(0.3),2.95,3,0.6853,0.008
MMR(0.3),2.96,3,0.6847,0.0078
MMR(0.3),2.97,3,0.6841,0.0076
MMR(0.3),2.98,3,0.6833,0.0074
MMR(0.3),2.99,3,0.6825,0.0074
MMR(0.3),3.0,3,0.6821,0.0078
MMR(0.3),3.01,3,0.6818,0.0083
MMR(0.3),3.02,3,0.6813,0.0086
MMR(0.3),3.03,3,0.6806,0.0081
MMR(0.3),3.04,3,0.6798,0.008
MMR(0.3),3.05,3,0.6792,0.0077
MMR(0.3),3.06,3,0.6787,0.0082
MMR(0.3),3.07,3,0.6781,0.0081
MMR(0.3),3.08,3,0.6776,0.0082
MMR(0.3),3.09,3,0.6771,0.008
MMR(0.3),3.1,3,0.6766,0.008
MMR(0.3),3.11,3,0.6761,0.0079
MMR(0.3),3.12,3,0.6755,0.0076
MMR(0.3),3.13,3,0.675,0.0076
MMR(0.3),3.14,3,0.6745,0.0077
MMR(0.3),3.15,3,0.6739,0.0076
MMR(0.3),3.16,3,0.6731,0.0082
MMR(0.3),3.17,3,0.6724,0.0089
MMR(0.3),3.18,3,0.6717,0.0093
MMR(0.3),3.19,3,0.671,0.0094
MMR(0.3),3.2,3,0.6704,0.0092
MMR(0.3),3.21,3,0.6697,0.0094
MMR(0.3),3.22,3,0.6692,0.009
MMR(0.3),3.23,3,0.6687,0.0097
MMR(0.3),3.24,3,0.6682,0.0092
MMR(0.3),3.25,3,0.6677,0.0096
MMR(0.3),3.26,3,0.6673,0.0094
MMR(0.3),3.27,3,0.6668,0.0095
MMR(0.3),3.28,3,0.6663,0.0097
MMR(0.3),3.29,3,0.6659,0.01
MMR(0.3),3.3,3,0.6654,0.0097
MMR(0.3),3.31,3,0.665,0.0094
MMR(0.3),3.32,3,0.6646,0.0095
MMR(0.3),3.33,3,0.6641,0.0087
MMR(0.3),3.34,3,0.6636,0.0085
MMR(0.3),3.35,3,0.6633,0.0083
MMR(0.3),3.36,3,0.6627,0.0092
MMR(0.3),3.37,3,0.6622,0.0096
MMR(0.3),3.38,3,0.6618,0.0097
MMR(0.3),3.39,3,0.6614,0.0095
MMR(0.3),3.4,3,0.6608,0.0092
MMR(0.3),3.41,3,0.6605,0.0095
MMR(0.3),3.42,3,0.6599,0.0097
MMR(0.3),3.43,3,0.6594,0.01
MMR(0.3),3.44,3,0.6589,0.0097
MMR(0.3),3.45,3,0.6585,0.0098
MMR(0.3),3.46,3,0.6578,0.0102
MMR(0.3),3.47,3,0.6573,0.0101
MMR(0.3),3.48,3,0.6568,0.0105
MMR(0.3),3.49,3,0.6565,0.0108
MMR(0.3),3.5,3,0.6559,0.0106
MMR(0.3),3.51,3,0.6554,0.0107
MMR(0.3),3.52,3,0.6549,0.0108
MMR(0.3),3.53,3,0.6545,0.0109
MMR(0.3),3.54,3,0.6538,0.0108
MMR(0.3),3.55,3,0.6532,0.0107
MMR(0.3),3.56,3,0.6526,0.0106
MMR(0.3),3.57,3,0.652,0.0106
MMR(0.3),3.58,3,0.6512,0.0104
MMR(0.3),3.59,3,0.6505,0.0105
MMR(0.3),3.6,3,0.6501,0.0109
MMR(0.3),3.61,3,0.6494,0.0114
MMR(0.3),3.62,3,0.6489,0.0116
MMR(0.3),3.63,3,0.6482,0.0118
MMR(0.3),3.64,3,0.6477,0.0119
MMR(0.3),3.65,3,0.647,0.0118
MMR(0.3),3.66,3,0.6463,0.0129
MMR(0.3),3.67,3,0.6459,0.0134
MMR(0.3),3.68,3,0.6451,0.0136
MMR(0.3),3.69,3,0.6445,0.0137
MMR(0.3),3.7,3,0.644,0.0137
MMR(0.3),3.71,3,0.6433,0.0141
MMR(0.3),3.72,3,0.6427,0.0139
MMR(0.3),3.73,3,0.642,0.0129
MMR(0.3),3.74,3,0.6415,0.0127
MMR(0.3),3.75,3,0.6408,0.0134
MMR(0.3),3.76,3,0.6401,0.0134
MMR(0.3),3.77,3,0.6392,0.0146
MMR(0.3),3.78,3,0.6386,0.0143
MMR(0.3),3.79,3,0.638,0.0152
MMR(0.3),3.8,3,0.6376,0.0152
MMR(0.3),3.81,3,0.6372,0.0153
MMR(0.3),3.82,3,0.6368,0.0149
MMR(0.3),3.83,3,0.6362,0.0155
MMR(0.3),3.84,3,0.6356,0.0154
MMR(0.3),3.85,3,0.635,0.0153
MMR(0.3),3.86,3,0.634,0.0155
MMR(0.3),3.87,3,0.6331,0.0152
MMR(0.3),3.88,3,0.6324,0.0147
MMR(0.3),3.89,3,0.6318,0.015
MMR(0.3),3.9,3,0.6311,0.0144
MMR(0.3),3.91,3,0.6304,0.0143
MMR(0.3),3.92,3,0.6296,0.0146
MMR(0.3),3.93,3,0.6289,0.0148
MMR(0.3),3.94,3,0.6283,0.0146
MMR(0.3),3.95,3,0.628,0.0143
MMR(0.3),3.96,3,0.6274,0.0141
MMR(0.3),3.97,3,0.6266,0.0138
MMR(0.3),3.98,3,0.6258,0.014
MMR(0.3),3.99,3,0.6251,0.0145
MMR(0.3),4.0,3,0.6243,0.0142
MMR(0.3),4.01,3,0.6236,0.0152
MMR(0.3),4.02,3,0.6229,0.0156
MMR(0.3),4.03,3,0.6221,0.0159
MMR(0.3),4.04,3,0.6215,0.0159
MMR(0.3),4.05,3,0.621,0.0156
MMR(0.3),4.06,3,0.6201,0.0144
MMR(0.3),4.07,3,0.6193,0.0151
MMR(0.3),4.08,3,0.6184,0.0152
MMR(0.3),4.09,3,0.6177,0.0154
MMR(0.3),4.1,3,0.6171,0.0154
MMR(0.3),4.11,3,0.6163,0.0155
MMR(0.3),4.12,3,0.6155,0.0151
MMR(0.3),4.13,3,0.6147,0.0145
MMR(0.3),4.14,3,0.614,0.0151
MMR(0.3),4.15,3,0.6132,0.0154
MMR(0.3),4.16,3,0.6126,0.015
MMR(0.3),4.17,3,0.6119,0.0147
MMR(0.3),4.18,3,0.6112,0.0147
MMR(0.3),4.19,3,0.6105,0.0144
MMR(0.3),4.2,3,0.6099,0.0139
MMR(0.3),4.21,3,0.6092,0.014
MMR(0.3),4.22,3,0.6085,0.0139
MMR(0.3),4.23,3,0.6077,0.0141
MMR(0.3),4.24,3,0.607,0.0137
MMR(0.3),4.25,3,0.6063,0.0137
MMR(0.3),4.26,3,0.6054,0.0136
MMR(0.3),4.27,3,0.6047,0.0139
MMR(0.3),4.28,3,0.6039,0.0136
MMR(0.3),4.29,3,0.6032,0.0136
MMR(0.3),4.3,3,0.6026,0.0139
MMR(0.3),4.31,3,0.6019,0.0147
MMR(0.3),4.32,3,0.6011,0.0147
MMR(0.3),4.33,3,0.6005,0.0149
MMR(0.3),4.34,3,0.5997,0.015
MMR(0.3),4.35,3,0.599,0.0149
MMR(0.3),4.36,3,0.5982,0.0149
MMR(0.3),4.37,3,0.5975,0.0149
MMR(0.3),4.38,3,0.5968,0.0147
MMR(0.3),4.39,3,0.5959,0.015
MMR(0.3),4.4,3,0.5953,0.0149
MMR(0.3),4.41,3,0.5947,0.0147
MMR(0.3),4.42,3,0.5941,0.0146
MMR(0.3),4.43,3,0.5935,0.0147
MMR(0.3),4.44,3,0.5927,0.0146
MMR(0.3),4.45,3,0.5918,0.0141
MMR(0.3),4.46,3,0.5913,0.0138
MMR(0.3),4.47,3,0.5906,0.0137
MMR(0.3),4.48,3,0.5896,0.0136
MMR(0.3),4.49,3,0.5888,0.0132
MMR(0.3),4.5,3,0.5879,0.0127
MMR(0.3),4.51,3,0.5874,0.0128
MMR(0.3),4.52,3,0.5869,0.0127
MMR(0.3),4.53,3,0.5861,0.0123
MMR(0.3),4.54,3,0.5853,0.0124
MMR(0.3),4.55,3,0.5847,0.0121
MMR(0.3),4.56,3,0.5839,0.0117
MMR(0.3),4.57,3,0.5831,0.0123
MMR(0.3),4.58,3,0.5823,0.0126
MMR(0.3),4.59,3,0.5817,0.0122
MMR(0.3),4.6,3,0.5809,0.0124
MMR(0.3),4.61,3,0.5802,0.0123
MMR(0.3),4.62,3,0.5797,0.0119
MMR(0.3),4.63,3,0.579,0.012
MMR(0.3),4.64,3,0.5782,0.0121
MMR(0.3),4.65,3,0.5775,0.0126
MMR(0.3),4.66,3,0.5769,0.013
MMR(0.3),4.67,3,0.5763,0.0133
MMR(0.3),4.68,3,0.5758,0.0136
MMR(0.3),4.69,3,0.5752,0.0143
MMR(0.3),4.7,3,0.5747,0.0139
MMR(0.3),4.71,3,0.574,0.0134
MMR(0.3),4.72,3,0.5734,0.0134
MMR(0.3),4.73,3,0.5727,0.0136
MMR(0.3),4.74,3,0.5721,0.0141
MMR(0.3),4.75,3,0.5715,0.0143
MMR(0.3),4.76,3,0.5707,0.0141
MMR(0.3),4.77,3,0.5702,0.0142
MMR(0.3),4.78,3,0.5696,0.0139
MMR(0.3),4.79,3,0.5691,0.0138
MMR(0.3),4.8,3,0.5685,0.0138
MMR(0.3),4.81,3,0.5679,0.0131
MMR(0.3),4.82,3,0.5673,0.013
MMR(0.3),4.83,3,0.5666,0.013
MMR(0.3),4.84,3,0.5659,0.013
MMR(0.3),4.85,3,0.5653,0.0131
MMR(0.3),4.86,3,0.5646,0.0129
MMR(0.3),4.87,3,0.5638,0.0126
MMR(0.3),4.88,3,0.5634,0.0126
MMR(0.3),4.89,3,0.5629,0.0127
MMR(0.3),4.9,3,0.5622,0.0128
MMR(0.3),4.91,3,0.5618,0.0126
MMR(0.3),4.92,3,0.5613,0.0127
MMR(0.3),4.93,3,0.5608,0.0131
MMR(0.3),4.94,3,0.5602,0.0126
MMR(0.3),4.95,3,0.5596,0.0123
MMR(0.3),4.96,3,0.5589,0.0119
MMR(0.3),4.97,3,0.5586,0.012
MMR(0.3),4.98,3,0.5582,0.0119
MMR(0.3),4.99,3,0.5579,0.0117
MMR(0.3),5.0,3,0.5576,0.0116
MMR(0.3),5.01,3,0.557,0.0115
MMR(0.3),5.02,3,0.5565,0.0108
MMR(0.3),5.03,3,0.5561,0.0109
MMR(0.3),5.04,3,0.5556,0.011
MMR(0.3),5.05,3,0.555,0.0113
MMR(0.3),5.06,3,0.5547,0.0111
MMR(0.3),5.07,3,0.5542,0.0111
MMR(0.3),5.08,3,0.5535,0.0113
MMR(0.3),5.09,3,0.5531,0.011
MMR(0.3),5.1,3,0.5527,0.0117
MMR(0.3),5.11,3,0.5523,0.0122
MMR(0.3),5.12,3,0.5519,0.012
MMR(0.3),5.13,3,0.5513,0.0115
MMR(0.3),5.14,3,0.5508,0.0116
MMR(0.3),5.15,3,0.5504,0.0117
MMR(0.3),5.16,3,0.5499,0.0116
MMR(0.3),5.17,3,0.5494,0.0119
MMR(0.3),5.18,3,0.5489,0.0125
MMR(0.3),5.19,3,0.5485,0.0121
MMR(0.3),5.2,3,0.548,0.0124
MMR(0.3),5.21,3,0.5477,0.0127
MMR(0.3),5.22,3,0.5473,0.0128
MMR(0.3),5.23,3,0.547,0.0129
MMR(0.3),5.24,3,0.5466,0.0129
MMR(0.3),5.25,3,0.5459,0.0136
MMR(0.3),5.26,3,0.5457,0.0134
MMR(0.3),5.27,3,0.5453,0.0131
MMR(0.3),5.28,3,0.5449,0.0129
MMR(0.3),5.29,3,0.5445,0.0129
MMR(0.3),5.3,3,0.5442,0.0127
MMR(0.3),5.31,3,0.5439,0.0131
MMR(0.3),5.32,3,0.5436,0.0126
MMR(0.3),5.33,3,0.5433,0.0127
MMR(0.3),5.34,3,0.5429,0.0128
MMR(0.3),5.35,3,0.5425,0.0126
MMR(0.3),5.36,3,0.5423,0.013
MMR(0.3),5.37,3,0.5419,0.0128
MMR(0.3),5.38,3,0.5415,0.013
MMR(0.3),5.39,3,0.5411,0.0128
MMR(0.3),5.4,3,0.5409,0.013
MMR(0.3),5.41,3,0.5406,0.0133
MMR(0.3),5.42,3,0.5404,0.013
MMR(0.3),5.43,3,0.5401,0.0133
MMR(0.3),5.44,3,0.54,0.0133
MMR(0.3),5.45,3,0.5398,0.0136
MMR(0.3),5.46,3,0.5396,0.0136
MMR(0.3),5.47,3,0.5393,0.0133
MMR(0.3),5.48,3,0.5391,0.013
MMR(0.3),5.49,3,0.5388,0.0128
MMR(0.3),5.5,3,0.5386,0.013
MMR(0.3),5.51,3,0.5383,0.0131
MMR(0.3),5.52,3,0.538,0.0131
MMR(0.3),5.53,3,0.5379,0.013
MMR(0.3),5.54,3,0.5376,0.013
MMR(0.3),5.55,3,0.5374,0.0131
MMR(0.3),5.56,3,0.5372,0.0128
MMR(0.3),5.57,3,0.5371,0.0128
MMR(0.3),5.58,3,0.5369,0.0131
MMR(0.3),5.59,3,0.5367,0.0132
MMR(0.3),5.6,3,0.5365,0.0133
MMR(0.3),5.61,3,0.5363,0.0136
MMR(0.3),5.62,3,0.536,0.0133
MMR(0.3),5.63,3,0.5359,0.0132
MMR(0.3),5.64,3,0.5356,0.0135
MMR(0.3),5.65,3,0.5355,0.0133
MMR(0.3),5.66,3,0.5355,0.013
MMR(0.3),5.67,3,0.5353,0.0131
MMR(0.3),5.68,3,0.5352,0.013
MMR(0.3),5.69,3,0.5351,0.0132
MMR(0.3),5.7,3,0.5348,0.0128
MMR(0.3),5.71,3,0.5348,0.0128
MMR(0.3),5.72,3,0.5347,0.0129
MMR(0.3),5.73,3,0.5345,0.0129
MMR(0.3),5.74,3,0.5344,0.0131
MMR(0.3),5.75,3,0.5344,0.0131
MMR(0.3),5.76,3,0.5342,0.0133
MMR(0.3),5.77,3,0.5341,0.0133
MMR(0.3),5.78,3,0.5341,0.0132
MMR(0.3),5.79,3,0.534,0.0134
MMR(0.3),5.81,3,0.5337,0.0135
MMR(0.3),5.82,3,0.5337,0.0135
MMR(0.3),5.83,3,0.5336,0.0138
MMR(0.3),5.84,3,0.5335,0.0138
MMR(0.3),5.85,3,0.5334,0.0138
MMR(0.3),5.86,3,0.5334,0.0138
MMR(0.3),5.87,3,0.5333,0.0136
MMR(0.3),5.88,3,0.5332,0.0136
MMR(0.3),5.89,3,0.5331,0.0136
MMR(0.3),5.9,3,0.533,0.0135
MMR(0.3),5.91,3,0.533,0.0134
MMR(0.3),5.92,3,0.5329,0.0136
MMR(0.3),5.93,3,0.5328,0.0135
MMR(0.3),5.94,3,0.5328,0.0134
MMR(0.3),5.95,3,0.5326,0.0131
MMR(0.3),5.96,3,0.5326,0.013
MMR(0.3),5.97,3,0.5325,0.0131
MMR(0.3),5.99,3,0.5324,0.0131
MMR(0.3),6.0,3,0.5324,0.013
MMR(0.3),6.02,2,0.5293,0.0038
MMR(0.3),6.03,3,0.5323,0.0131
MMR(0.3),6.04,3,0.5322,0.0133
MMR(0.3),6.05,2,0.5338,0.0572
MMR(0.3),6.06,2,0.5337,0.0565
MMR(0.3),6.07,2,0.5337,0.0572
MMR(0.3),6.08,3,0.5321,0.0131
MMR(0.3),6.09,3,0.5321,0.0132
MMR(0.3),6.1,3,0.532,0.0131
MMR(0.3),6.12,1,0.5291,0.0
MMR(0.3),6.13,3,0.532,0.0131
MMR(0.3),6.15,3,0.532,0.0132
MMR(0.3),6.16,2,0.5336,0.0572
MMR(0.3),6.2,1,0.5291,0.0
MMR(0.3),6.21,2,0.5335,0.0578
MMR(0.3),6.22,2,0.5334,0.0578
MMR(0.3),6.25,2,0.5334,0.0578
MMR(0.3),6.26,2,0.5334,0.0578
MMR(0.3),6.28,2,0.5334,0.0578
MMR(0.3),6.31,2,0.5288,0.0019
MMR(0.3),6.32,3,0.5318,0.0133
MMR(0.3),6.34,1,0.5288,0.0
MMR(0.3),6.35,2,0.5334,0.0584
MMR(0.3),6.36,3,0.5318,0.0133
MMR(0.3),6.42,3,0.5318,0.0133
MMR(0.3),6.47,2,0.5287,0.0019
MMR(0.3),6.48,2,0.5287,0.0019
MMR(0.5),0.99,3,0.7703,0.0076
MMR(0.5),1.0,3,0.7703,0.0076
MMR(0.5),1.01,3,0.7811,0.0077
MMR(0.5),1.02,3,0.783,0.0083
MMR(0.5),1.03,3,0.7859,0.0087
MMR(0.5),1.04,3,0.7889,0.0095
MMR(0.5),1.05,3,0.7922,0.009
MMR(0.5),1.06,3,0.7951,0.0101
MMR(0.5),1.07,3,0.7979,0.0096
MMR(0.5),1.08,3,0.8004,0.0091
MMR(0.5),1.09,3,0.8025,0.0095
MMR(0.5),1.1,3,0.8038,0.009
MMR(0.5),1.11,3,0.8045,0.0093
MMR(0.5),1.12,3,0.8052,0.0097
MMR(0.5),1.13,3,0.806,0.0091
MMR(0.5),1.14,3,0.8064,0.0093
MMR(0.5),1.15,3,0.8068,0.0092
MMR(0.5),1.16,3,0.8069,0.0091
MMR(0.5),1.17,3,0.8069,0.0091
MMR(0.5),1.18,3,0.8069,0.0091
MMR(0.5),1.19,3,0.8069,0.0092
MMR(0.5),1.2,3,0.8069,0.0092
MMR(0.5),1.21,3,0.8069,0.0091
MMR(0.5),1.22,3,0.8068,0.0091
MMR(0.5),1.23,3,0.8066,0.0089
MMR(0.5),1.24,3,0.8066,0.0086
MMR(0.5),1.25,3,0.8064,0.0082
MMR(0.5),1.26,3,0.8063,0.0081
MMR(0.5),1.27,3,0.8062,0.0081
MMR(0.5),1.28,3,0.8061,0.0087
MMR(0.5),1.29,3,0.806,0.0091
MMR(0.5),1.3,3,0.8058,0.0093
MMR(0.5),1.31,3,0.8058,0.0098
MMR(0.5),1.32,3,0.8057,0.0099
MMR(0.5),1.33,3,0.8057,0.0096
MMR(0.5),1.34,3,0.8055,0.0096
MMR(0.5),1.35,3,0.8055,0.0098
MMR(0.5),1.36,3,0.8054,0.0098
MMR(0.5),1.37,3,0.8053,0.0101
MMR(0.5),1.38,3,0.8051,0.0099
MMR(0.5),1.39,3,0.8049,0.0102
MMR(0.5),1.4,3,0.8049,0.0101
MMR(0.5),1.41,3,0.8048,0.0102
MMR(0.5),1.42,3,0.8047,0.01
MMR(0.5),1.43,3,0.8046,0.0099
MMR(0.5),1.44,3,0.8044,0.0098
MMR(0.5),1.45,3,0.8042,0.0099
MMR(0.5),1.46,3,0.804,0.0099
MMR(0.5),1.47,3,0.8038,0.0103
MMR(0.5),1.48,3,0.8035,0.0105
MMR(0.5),1.49,3,0.8033,0.0106
MMR(0.5),1.5,3,0.8031,0.0104
MMR(0.5),1.51,3,0.8026,0.0105
MMR(0.5),1.52,3,0.8022,0.0098
MMR(0.5),1.53,3,0.802,0.0099
MMR(0.5),1.54,3,0.8017,0.0101
MMR(0.5),1.55,3,0.8014,0.0102
MMR(0.5),1.56,3,0.8012,0.0105
MMR(0.5),1.57,3,0.8011,0.0101
MMR(0.5),1.58,3,0.8007,0.0098
MMR(0.5),1.59,3,0.8005,0.01
MMR(0.5),1.6,3,0.8001,0.0105
MMR(0.5),1.61,3,0.7998,0.0107
MMR(0.5),1.62,3,0.7995,0.0109
MMR(0.5),1.63,3,0.7991,0.0111
MMR(0.5),1.64,3,0.7988,0.0114
MMR(0.5),1.65,3,0.7987,0.0112
MMR(0.5),1.66,3,0.7983,0.0114
MMR(0.5),1.67,3,0.7981,0.0111
MMR(0.5),1.68,3,0.7977,0.0117
MMR(0.5),1.69,3,0.7972,0.0121
MMR(0.5),1.7,3,0.7968,0.0117
MMR(0.5),1.71,3,0.7964,0.0118
MMR(0.5),1.72,3,0.7961,0.0118
MMR(0.5),1.73,3,0.7956,0.0122
MMR(0.5),1.74,3,0.7953,0.0123
MMR(0.5),1.75,3,0.795,0.0125
MMR(0.5),1.76,3,0.7947,0.0122
MMR(0.5),1.77,3,0.7944,0.0118
MMR(0.5),1.78,3,0.7942,0.0118
MMR(0.5),1.79,3,0.7939,0.0119
MMR(0.5),1.8,3,0.7935,0.0118
MMR(0.5),1.81,3,0.7932,0.012
MMR(0.5),1.82,3,0.793,0.012
MMR(0.5),1.83,3,0.7927,0.0126
MMR(0.5),1.84,3,0.7924,0.0131
MMR(0.5),1.85,3,0.792,0.0128
MMR(0.5),1.86,3,0.7917,0.0127
MMR(0.5),1.87,3,0.7914,0.0124
MMR(0.5),1.88,3,0.7909,0.0121
MMR(0.5),1.89,3,0.7906,0.0117
MMR(0.5),1.9,3,0.7903,0.0121
MMR(0.5),1.91,3,0.7899,0.0118
MMR(0.5),1.92,3,0.7896,0.0115
MMR(0.5),1.93,3,0.7892,0.011
MMR(0.5),1.94,3,0.7889,0.0107
MMR(0.5),1.95,3,0.7886,0.0108
MMR(0.5),1.96,3,0.7883,0.0106
MMR(0.5),1.97,3,0.7882,0.011
MMR(0.5),1.98,3,0.7878,0.011
MMR(0.5),1.99,3,0.7876,0.0115
MMR(0.5),2.0,3,0.7874,0.0117
MMR(0.5),2.01,3,0.7871,0.0119
MMR(0.5),2.02,3,0.7869,0.0118
MMR(0.5),2.03,3,0.7866,0.0119
MMR(0.5),2.04,3,0.7862,0.0116
MMR(0.5),2.05,3,0.7859,0.0113
MMR(0.5),2.06,3,0.7856,0.0114
MMR(0.5),2.07,3,0.7855,0.0116
MMR(0.5),2.08,3,0.785,0.0117
MMR(0.5),2.09,3,0.7848,0.012
MMR(0.5),2.1,3,0.7846,0.012
MMR(0.5),2.11,3,0.7844,0.0116
MMR(0.5),2.12,3,0.7842,0.0119
MMR(0.5),2.13,3,0.784,0.0124
MMR(0.5),2.14,3,0.7835,0.0125
MMR(0.5),2.15,3,0.7834,0.0125
MMR(0.5),2.16,3,0.783,0.0129
MMR(0.5),2.17,3,0.7827,0.013
MMR(0.5),2.18,3,0.7824,0.0127
MMR(0.5),2.19,3,0.7821,0.0126
MMR(0.5),2.2,3,0.7817,0.0127
MMR(0.5),2.21,3,0.7814,0.0128
MMR(0.5),2.22,3,0.781,0.0119
MMR(0.5),2.23,3,0.7808,0.0117
MMR(0.5),2.24,3,0.7805,0.0117
MMR(0.5),2.25,3,0.7802,0.0116
MMR(0.5),2.26,3,0.7799,0.0115
MMR(0.5),2.27,3,0.7795,0.0113
MMR(0.5),2.28,3,0.7793,0.0113
MMR(0.5),2.29,3,0.7789,0.012
MMR(0.5),2.3,3,0.7786,0.0121
MMR(0.5),2.31,3,0.7782,0.012
MMR(0.5),2.32,3,0.778,0.0118
MMR(0.5),2.33,3,0.7775,0.0125
MMR(0.5),2.34,3,0.7774,0.0126
MMR(0.5),2.35,3,0.7772,0.0128
MMR(0.5),2.36,3,0.7769,0.0128
MMR(0.5),2.37,3,0.7767,0.0129
MMR(0.5),2.38,3,0.7764,0.0132
MMR(0.5),2.39,3,0.7761,0.013
MMR(0.5),2.4,3,0.7758,0.0128
MMR(0.5),2.41,3,0.7755,0.013
MMR(0.5),2.42,3,0.7752,0.013
MMR(0.5),2.43,3,0.7749,0.0126
MMR(0.5),2.44,3,0.7746,0.0129
MMR(0.5),2.45,3,0.7743,0.0129
MMR(0.5),2.46,3,0.774,0.0133
MMR(0.5),2.47,3,0.7737,0.0133
MMR(0.5),2.48,3,0.7733,0.0136
MMR(0.5),2.49,3,0.7731,0.0137
MMR(0.5),2.5,3,0.7728,0.0137
MMR(0.5),2.51,3,0.7724,0.0133
MMR(0.5),2.52,3,0.7721,0.0134
MMR(0.5),2.53,3,0.7717,0.0138
MMR(0.5),2.54,3,0.7714,0.0139
MMR(0.5),2.55,3,0.771,0.0141
MMR(0.5),2.56,3,0.7707,0.0143
MMR(0.5),2.57,3,0.7705,0.0141
MMR(0.5),2.58,3,0.7701,0.0142
MMR(0.5),2.59,3,0.7698,0.0145
MMR(0.5),2.6,3,0.7694,0.0146
MMR(0.5),2.61,3,0.7691,0.0145
MMR(0.5),2.62,3,0.7686,0.0144
MMR(0.5),2.63,3,0.768,0.0143
MMR(0.5),2.64,3,0.7676,0.0141
MMR(0.5),2.65,3,0.7672,0.0146
MMR(0.5),2.66,3,0.7667,0.0148
MMR(0.5),2.67,3,0.7664,0.015
MMR(0.5),2.68,3,0.7658,0.0154
MMR(0.5),2.69,3,0.7655,0.0156
MMR(0.5),2.7,3,0.7651,0.0154
MMR(0.5),2.71,3,0.7647,0.0156
MMR(0.5),2.72,3,0.7644,0.0156
MMR(0.5),2.73,3,0.764,0.0158
MMR(0.5),2.74,3,0.7637,0.0158
MMR(0.5),2.75,3,0.7634,0.0155
MMR(0.5),2.76,3,0.7631,0.0156
MMR(0.5),2.77,3,0.7628,0.0158
MMR(0.5),2.78,3,0.7625,0.0158
MMR(0.5),2.79,3,0.7622,0.0157
MMR(0.5),2.8,3,0.7618,0.0158
MMR(0.5),2.81,3,0.7613,0.0158
MMR(0.5),2.82,3,0.761,0.0158
MMR(0.5),2.83,3,0.7606,0.0158
MMR(0.5),2.84,3,0.7602,0.0156
MMR(0.5),2.85,3,0.7599,0.0158
MMR(0.5),2.86,3,0.7595,0.016
MMR(0.5),2.87,3,0.7592,0.0155
MMR(0.5),2.88,3,0.7588,0.0161
MMR(0.5),2.89,3,0.7585,0.0158
MMR(0.5),2.9,3,0.758,0.016
MMR(0.5),2.91,3,0.7577,0.0161
MMR(0.5),2.92,3,0.7574,0.0163
MMR(0.5),2.93,3,0.757,0.0162
MMR(0.5),2.94,3,0.7566,0.0158
MMR(0.5),2.95,3,0.7564,0.0162
MMR(0.5),2.96,3,0.756,0.0161
MMR(0.5),2.97,3,0.7557,0.0156
MMR(0.5),2.98,3,0.7552,0.0158
MMR(0.5),2.99,3,0.7547,0.0159
MMR(0.5),3.0,3,0.7545,0.0161
MMR(0.5),3.01,3,0.7543,0.0165
MMR(0.5),3.02,3,0.7539,0.0164
MMR(0.5),3.03,3,0.7536,0.0166
MMR(0.5),3.04,3,0.7531,0.0168
MMR(0.5),3.05,3,0.7527,0.0165
MMR(0.5),3.06,3,0.7523,0.0167
MMR(0.5),3.07,3,0.7521,0.0167
MMR(0.5),3.08,3,0.7518,0.0169
MMR(0.5),3.09,3,0.7516,0.017
MMR(0.5),3.1,3,0.7513,0.0172
MMR(0.5),3.11,3,0.751,0.0172
MMR(0.5),3.12,3,0.7507,0.0169
MMR(0.5),3.13,3,0.7502,0.0167
MMR(0.5),3.14,3,0.7499,0.017
MMR(0.5),3.15,3,0.7497,0.0167
MMR(0.5),3.16,3,0.7493,0.0173
MMR(0.5),3.17,3,0.749,0.0177
MMR(0.5),3.18,3,0.7486,0.018
MMR(0.5),3.19,3,0.7483,0.0182
MMR(0.5),3.2,3,0.7481,0.0181
MMR(0.5),3.21,3,0.7478,0.0181
MMR(0.5),3.22,3,0.7474,0.0178
MMR(0.5),3.23,3,0.7473,0.0179
MMR(0.5),3.24,3,0.747,0.0177
MMR(0.5),3.25,3,0.7468,0.0181
MMR(0.5),3.26,3,0.7466,0.018
MMR(0.5),3.27,3,0.7463,0.018
MMR(0.5),3.28,3,0.746,0.018
MMR(0.5),3.29,3,0.7458,0.0183
MMR(0.5),3.3,3,0.7455,0.018
MMR(0.5),3.31,3,0.7453,0.018
MMR(0.5),3.32,3,0.7451,0.018
MMR(0.5),3.33,3,0.7448,0.0175
MMR(0.5),3.34,3,0.7445,0.0174
MMR(0.5),3.35,3,0.7442,0.0172
MMR(0.5),3.36,3,0.7439,0.0175
MMR(0.5),3.37,3,0.7437,0.0178
MMR(0.5),3.38,3,0.7434,0.018
MMR(0.5),3.39,3,0.7432,0.0178
MMR(0.5),3.4,3,0.7429,0.0177
MMR(0.5),3.41,3,0.7427,0.018
MMR(0.5),3.42,3,0.7424,0.018
MMR(0.5),3.43,3,0.7421,0.0181
MMR(0.5),3.44,3,0.7418,0.0185
MMR(0.5),3.45,3,0.7416,0.0184
MMR(0.5),3.46,3,0.7413,0.0186
MMR(0.5),3.47,3,0.7409,0.0185
MMR(0.5),3.48,3,0.7406,0.0188
MMR(0.5),3.49,3,0.7404,0.0189
MMR(0.5),3.5,3,0.74,0.0189
MMR(0.5),3.51,3,0.7397,0.0191
MMR(0.5),3.52,3,0.7393,0.0195
MMR(0.5),3.53,3,0.739,0.0194
MMR(0.5),3.54,3,0.7387,0.0194
MMR(0.5),3.55,3,0.7382,0.0193
MMR(0.5),3.56,3,0.7379,0.0193
MMR(0.5),3.57,3,0.7376,0.0194
MMR(0.5),3.58,3,0.737,0.0193
MMR(0.5),3.59,3,0.7365,0.0196
MMR(0.5),3.6,3,0.7363,0.0199
MMR(0.5),3.61,3,0.7359,0.0203
MMR(0.5),3.62,3,0.7356,0.0202
MMR(0.5),3.63,3,0.7352,0.0203
MMR(0.5),3.64,3,0.7349,0.0204
MMR(0.5),3.65,3,0.7346,0.0203
MMR(0.5),3.66,3,0.734,0.0209
MMR(0.5),3.67,3,0.7338,0.0213
MMR(0.5),3.68,3,0.7334,0.0214
MMR(0.5),3.69,3,0.733,0.0216
MMR(0.5),3.7,3,0.7326,0.0219
MMR(0.5),3.71,3,0.7321,0.0219
MMR(0.5),3.72,3,0.7317,0.0219
MMR(0.5),3.73,3,0.7313,0.0217
MMR(0.5),3.74,3,0.731,0.0217
MMR(0.5),3.75,3,0.7306,0.0222
MMR(0.5),3.76,3,0.73,0.0223
MMR(0.5),3.77,3,0.7294,0.0228
MMR(0.5),3.78,3,0.7291,0.0227
MMR(0.5),3.79,3,0.7287,0.0232
MMR(0.5),3.8,3,0.7284,0.0232
MMR(0.5),3.81,3,0.7282,0.0236
MMR(0.5),3.82,3,0.728,0.0234
MMR(0.5),3.83,3,0.7276,0.0237
MMR(0.5),3.84,3,0.7272,0.0237
MMR(0.5),3.85,3,0.7268,0.0236
MMR(0.5),3.86,3,0.7262,0.0239
MMR(0.5),3.87,3,0.7255,0.0241
MMR(0.5),3.88,3,0.725,0.0241
MMR(0.5),3.89,3,0.7247,0.0242
MMR(0.5),3.9,3,0.7242,0.0238
MMR(0.5),3.91,3,0.7237,0.0238
MMR(0.5),3.92,3,0.7232,0.024
MMR(0.5),3.93,3,0.7228,0.0242
MMR(0.5),3.94,3,0.7225,0.0244
MMR(0.5),3.95,3,0.7224,0.0242
MMR(0.5),3.96,3,0.722,0.0244
MMR(0.5),3.97,3,0.7215,0.0242
MMR(0.5),3.98,3,0.721,0.0239
MMR(0.5),3.99,3,0.7207,0.0242
MMR(0.5),4.0,3,0.7202,0.0242
MMR(0.5),4.01,3,0.7197,0.0252
MMR(0.5),4.02,3,0.7193,0.0256
MMR(0.5),4.03,3,0.7188,0.0262
MMR(0.5),4.04,3,0.7184,0.0261
MMR(0.5),4.05,3,0.7181,0.026
MMR(0.5),4.06,3,0.7175,0.0252
MMR(0.5),4.07,3,0.717,0.0254
MMR(0.5),4.08,3,0.7164,0.0256
MMR(0.5),4.09,3,0.716,0.0259
MMR(0.5),4.1,3,0.7156,0.0262
MMR(0.5),4.11,3,0.7152,0.0263
MMR(0.5),4.12,3,0.7147,0.0265
MMR(0.5),4.13,3,0.7142,0.026
MMR(0.5),4.14,3,0.7139,0.0265
MMR(0.5),4.15,3,0.7133,0.0269
MMR(0.5),4.16,3,0.713,0.0269
MMR(0.5),4.17,3,0.7126,0.0268
MMR(0.5),4.18,3,0.7122,0.027
MMR(0.5),4.19,3,0.7117,0.0265
MMR(0.5),4.2,3,0.7112,0.0266
MMR(0.5),4.21,3,0.7108,0.027
MMR(0.5),4.22,3,0.7105,0.0272
MMR(0.5),4.23,3,0.7099,0.0275
MMR(0.5),4.24,3,0.7095,0.0271
MMR(0.5),4.25,3,0.7091,0.027
MMR(0.5),4.26,3,0.7085,0.027
MMR(0.5),4.27,3,0.7081,0.0273
MMR(0.5),4.28,3,0.7077,0.0269
MMR(0.5),4.29,3,0.7072,0.027
MMR(0.5),4.3,3,0.7068,0.0272
MMR(0.5),4.31,3,0.7063,0.0278
MMR(0.5),4.32,3,0.7057,0.0277
MMR(0.5),4.33,3,0.7055,0.0278
MMR(0.5),4.34,3,0.705,0.0279
MMR(0.5),4.35,3,0.7045,0.0278
MMR(0.5),4.36,3,0.7042,0.0276
MMR(0.5),4.37,3,0.7037,0.0278
MMR(0.5),4.38,3,0.7034,0.0275
MMR(0.5),4.39,3,0.7029,0.0276
MMR(0.5),4.4,3,0.7026,0.0275
MMR(0.5),4.41,3,0.7022,0.0275
MMR(0.5),4.42,3,0.7018,0.0275
MMR(0.5),4.43,3,0.7015,0.0275
MMR(0.5),4.44,3,0.701,0.0278
MMR(0.5),4.45,3,0.7005,0.0278
MMR(0.5),4.46,3,0.7002,0.0277
MMR(0.5),4.47,3,0.6999,0.0275
MMR(0.5),4.48,3,0.6993,0.0273
MMR(0.5),4.49,3,0.699,0.0269
MMR(0.5),4.5,3,0.6985,0.0271
MMR(0.5),4.51,3,0.6982,0.027
MMR(0.5),4.52,3,0.6979,0.0267
MMR(0.5),4.53,3,0.6975,0.027
MMR(0.5),4.54,3,0.697,0.0267
MMR(0.5),4.55,3,0.6966,0.0265
MMR(0.5),4.56,3,0.6961,0.0263
MMR(0.5),4.57,3,0.6957,0.0267
MMR(0.5),4.58,3,0.6952,0.0269
MMR(0.5),4.59,3,0.6948,0.0268
MMR(0.5),4.6,3,0.6944,0.0269
MMR(0.5),4.61,3,0.694,0.0267
MMR(0.5),4.62,3,0.6937,0.0266
MMR(0.5),4.63,3,0.6934,0.0265
MMR(0.5),4.64,3,0.6929,0.0266
MMR(0.5),4.65,3,0.6924,0.0266
MMR(0.5),4.66,3,0.6922,0.0269
MMR(0.5),4.67,3,0.6919,0.0272
MMR(0.5),4.68,3,0.6915,0.0273
MMR(0.5),4.69,3,0.6911,0.0278
MMR(0.5),4.7,3,0.6907,0.0275
MMR(0.5),4.71,3,0.6902,0.027
MMR(0.5),4.72,3,0.6899,0.0272
MMR(0.5),4.73,3,0.6895,0.0272
MMR(0.5),4.74,3,0.6892,0.0277
MMR(0.5),4.75,3,0.6888,0.028
MMR(0.5),4.76,3,0.6884,0.0275
MMR(0.5),4.77,3,0.6882,0.0276
MMR(0.5),4.78,3,0.6879,0.0277
MMR(0.5),4.79,3,0.6876,0.0273
MMR(0.5),4.8,3,0.6873,0.0275
MMR(0.5),4.81,3,0.687,0.0275
MMR(0.5),4.82,3,0.6868,0.0274
MMR(0.5),4.83,3,0.6865,0.0276
MMR(0.5),4.84,3,0.6861,0.0276
MMR(0.5),4.85,3,0.6856,0.0277
MMR(0.5),4.86,3,0.6852,0.0276
MMR(0.5),4.87,3,0.6848,0.0274
MMR(0.5),4.88,3,0.6845,0.0275
MMR(0.5),4.89,3,0.6843,0.0276
MMR(0.5),4.9,3,0.6839,0.0278
MMR(0.5),4.91,3,0.6836,0.0276
MMR(0.5),4.92,3,0.6834,0.0278
MMR(0.5),4.93,3,0.6831,0.0278
MMR(0.5),4.94,3,0.6828,0.0274
MMR(0.5),4.95,3,0.6824,0.0273
MMR(0.5),4.96,3,0.682,0.0271
MMR(0.5),4.97,3,0.6817,0.0275
MMR(0.5),4.98,3,0.6815,0.0275
MMR(0.5),4.99,3,0.6813,0.0274
MMR(0.5),5.0,3,0.6812,0.0275
MMR(0.5),5.01,3,0.6809,0.0274
MMR(0.5),5.02,3,0.6807,0.0272
MMR(0.5),5.03,3,0.6803,0.0275
MMR(0.5),5.04,3,0.6801,0.0273
MMR(0.5),5.05,3,0.6797,0.0275
MMR(0.5),5.06,3,0.6796,0.0274
MMR(0.5),5.07,3,0.6792,0.0273
MMR(0.5),5.08,3,0.6788,0.0274
MMR(0.5),5.09,3,0.6786,0.0273
MMR(0.5),5.1,3,0.6783,0.0277
MMR(0.5),5.11,3,0.6782,0.0278
MMR(0.5),5.12,3,0.678,0.0276
MMR(0.5),5.13,3,0.6776,0.0272
MMR(0.5),5.14,3,0.6773,0.0274
MMR(0.5),5.15,3,0.677,0.0273
MMR(0.5),5.16,3,0.6768,0.0273
MMR(0.5),5.17,3,0.6765,0.0273
MMR(0.5),5.18,3,0.6763,0.0278
MMR(0.5),5.19,3,0.676,0.0275
MMR(0.5),5.2,3,0.6758,0.0276
MMR(0.5),5.21,3,0.6756,0.028
MMR(0.5),5.22,3,0.6753,0.028
MMR(0.5),5.23,3,0.6752,0.028
MMR(0.5),5.24,3,0.6749,0.028
MMR(0.5),5.25,3,0.6744,0.0281
MMR(0.5),5.26,3,0.6743,0.0279
MMR(0.5),5.27,3,0.6741,0.0278
MMR(0.5),5.28,3,0.6739,0.0274
MMR(0.5),5.29,3,0.6736,0.0275
MMR(0.5),5.3,3,0.6734,0.0274
MMR(0.5),5.31,3,0.6732,0.0275
MMR(0.5),5.32,3,0.6731,0.0273
MMR(0.5),5.33,3,0.673,0.0275
MMR(0.5),5.34,3,0.6728,0.0276
MMR(0.5),5.35,3,0.6725,0.0275
MMR(0.5),5.36,3,0.6723,0.0278
MMR(0.5),5.37,3,0.6721,0.028
MMR(0.5),5.38,3,0.6718,0.028
MMR(0.5),5.39,3,0.6716,0.0279
MMR(0.5),5.4,3,0.6715,0.028
MMR(0.5),5.41,3,0.6714,0.0283
MMR(0.5),5.42,3,0.6712,0.0281
MMR(0.5),5.43,3,0.6711,0.0283
MMR(0.5),5.44,3,0.6711,0.0284
MMR(0.5),5.45,3,0.671,0.0284
MMR(0.5),5.46,3,0.6709,0.0286
MMR(0.5),5.47,3,0.6708,0.0283
MMR(0.5),5.48,3,0.6707,0.0283
MMR(0.5),5.49,3,0.6706,0.0278
MMR(0.5),5.5,3,0.6704,0.0279
MMR(0.5),5.51,3,0.6703,0.0278
MMR(0.5),5.52,3,0.6701,0.0278
MMR(0.5),5.53,3,0.67,0.0278
MMR(0.5),5.54,3,0.6697,0.0279
MMR(0.5),5.55,3,0.6697,0.0278
MMR(0.5),5.56,3,0.6696,0.0276
MMR(0.5),5.57,3,0.6694,0.0277
MMR(0.5),5.58,3,0.6694,0.0276
MMR(0.5),5.59,3,0.6693,0.0278
MMR(0.5),5.6,3,0.6692,0.0278
MMR(0.5),5.61,3,0.6691,0.028
MMR(0.5),5.62,3,0.6689,0.0279
MMR(0.5),5.63,3,0.6688,0.0279
MMR(0.5),5.64,3,0.6688,0.028
MMR(0.5),5.65,3,0.6686,0.0279
MMR(0.5),5.66,3,0.6686,0.0278
MMR(0.5),5.67,3,0.6686,0.0278
MMR(0.5),5.68,3,0.6684,0.0278
MMR(0.5),5.69,3,0.6683,0.028
MMR(0.5),5.7,3,0.6681,0.0277
MMR(0.5),5.71,3,0.6681,0.0276
MMR(0.5),5.72,3,0.668,0.0277
MMR(0.5),5.73,3,0.6679,0.0277
MMR(0.5),5.74,3,0.6679,0.0277
MMR(0.5),5.75,3,0.6679,0.0278
MMR(0.5),5.76,3,0.6678,0.028
MMR(0.5),5.77,3,0.6677,0.0279
MMR(0.5),5.78,3,0.6677,0.028
MMR(0.5),5.79,3,0.6677,0.028
MMR(0.5),5.81,3,0.6675,0.0281
MMR(0.5),5.82,3,0.6675,0.0281
MMR(0.5),5.83,3,0.6675,0.0282
MMR(0.5),5.84,3,0.6674,0.0284
MMR(0.5),5.85,3,0.6674,0.0283
MMR(0.5),5.86,3,0.6673,0.0283
MMR(0.5),5.87,3,0.6673,0.0283
MMR(0.5),5.88,3,0.6672,0.0282
MMR(0.5),5.89,3,0.6671,0.0283
MMR(0.5),5.9,3,0.6671,0.0282
MMR(0.5),5.91,3,0.6671,0.0282
MMR(0.5),5.92,3,0.667,0.0284
MMR(0.5),5.93,3,0.667,0.0283
MMR(0.5),5.94,3,0.667,0.0283
MMR(0.5),5.95,3,0.6669,0.028
MMR(0.5),5.96,3,0.6668,0.0279
MMR(0.5),5.97,3,0.6668,0.028
MMR(0.5),5.99,3,0.6668,0.0278
MMR(0.5),6.0,3,0.6668,0.0278
MMR(0.5),6.02,2,0.6603,0.0013
MMR(0.5),6.03,3,0.6667,0.0279
MMR(0.5),6.04,3,0.6667,0.028
MMR(0.5),6.05,2,0.67,0.1239
MMR(0.5),6.06,2,0.67,0.1239
MMR(0.5),6.07,2,0.67,0.1239
MMR(0.5),6.08,3,0.6666,0.0279
MMR(0.5),6.09,3,0.6666,0.0279
MMR(0.5),6.1,3,0.6666,0.0279
MMR(0.5),6.12,1,0.6601,0.0
MMR(0.5),6.13,3,0.6666,0.0279
MMR(0.5),6.15,3,0.6666,0.028
MMR(0.5),6.16,2,0.6699,0.1239
MMR(0.5),6.2,1,0.66,0.0
MMR(0.5),6.21,2,0.6698,0.1239
MMR(0.5),6.22,2,0.6697,0.1239
MMR(0.5),6.25,2,0.6697,0.1239
MMR(0.5),6.26,2,0.6697,0.1239
MMR(0.5),6.28,2,0.6697,0.1239
MMR(0.5),6.31,2,0.66,0.0006
MMR(0.5),6.32,3,0.6664,0.0279
MMR(0.5),6.34,1,0.6599,0.0
MMR(0.5),6.35,2,0.6697,0.1239
MMR(0.5),6.36,3,0.6664,0.0279
MMR(0.5),6.42,3,0.6664,0.0279
MMR(0.5),6.47,2,0.66,0.0006
MMR(0.5),6.48,2,0.66,0.0006
MMR(0.7),0.99,3,0.7703,0.0076
MMR(0.7),1.0,3,0.7703,0.0076
MMR(0.7),1.01,3,0.7855,0.0075
MMR(0.7),1.02,3,0.7882,0.008
MMR(0.7),1.03,3,0.7925,0.0087
MMR(0.7),1.04,3,0.7972,0.0096
MMR(0.7),1.05,3,0.8022,0.0093
MMR(0.7),1.06,3,0.8067,0.0097
MMR(0.7),1.07,3,0.8109,0.0094
MMR(0.7),1.08,3,0.8142,0.0083
MMR(0.7),1.09,3,0.8173,0.0089
MMR(0.7),1.1,3,0.8193,0.0088
MMR(0.7),1.11,3,0.8205,0.009
MMR(0.7),1.12,3,0.8216,0.009
MMR(0.7),1.13,3,0.8227,0.0089
MMR(0.7),1.14,3,0.8232,0.0089
MMR(0.7),1.15,3,0.8238,0.0088
MMR(0.7),1.16,3,0.8241,0.0087
MMR(0.7),1.17,3,0.8242,0.0087
MMR(0.7),1.18,3,0.8243,0.0087
MMR(0.7),1.19,3,0.8244,0.0091
MMR(0.7),1.2,3,0.8246,0.0092
MMR(0.7),1.21,3,0.8247,0.0091
MMR(0.7),1.22,3,0.8248,0.0092
MMR(0.7),1.23,3,0.8249,0.009
MMR(0.7),1.24,3,0.825,0.009
MMR(0.7),1.25,3,0.8251,0.0089
MMR(0.7),1.26,3,0.8252,0.0089
MMR(0.7),1.27,3,0.8253,0.0089
MMR(0.7),1.28,3,0.8256,0.0091
MMR(0.7),1.29,3,0.8258,0.0091
MMR(0.7),1.3,3,0.826,0.0085
MMR(0.7),1.31,3,0.8263,0.0088
MMR(0.7),1.32,3,0.8265,0.0091
MMR(0.7),1.33,3,0.8267,0.009
MMR(0.7),1.34,3,0.8268,0.009
MMR(0.7),1.35,3,0.827,0.0092
MMR(0.7),1.36,3,0.8271,0.009
MMR(0.7),1.37,3,0.8272,0.009
MMR(0.7),1.38,3,0.8274,0.0083
MMR(0.7),1.39,3,0.8276,0.0087
MMR(0.7),1.4,3,0.8277,0.0086
MMR(0.7),1.41,3,0.8277,0.0087
MMR(0.7),1.42,3,0.8278,0.0087
MMR(0.7),1.43,3,0.8279,0.0084
MMR(0.7),1.44,3,0.828,0.0084
MMR(0.7),1.45,3,0.828,0.0081
MMR(0.7),1.46,3,0.8281,0.0081
MMR(0.7),1.47,3,0.8281,0.0081
MMR(0.7),1.48,3,0.8281,0.0084
MMR(0.7),1.49,3,0.8282,0.0082
MMR(0.7),1.5,3,0.8282,0.0082
MMR(0.7),1.51,3,0.8281,0.0086
MMR(0.7),1.52,3,0.8281,0.0084
MMR(0.7),1.53,3,0.8282,0.0085
MMR(0.7),1.54,3,0.8283,0.0089
MMR(0.7),1.55,3,0.8284,0.0089
MMR(0.7),1.56,3,0.8285,0.009
MMR(0.7),1.57,3,0.8286,0.0089
MMR(0.7),1.58,3,0.8287,0.0091
MMR(0.7),1.59,3,0.8287,0.0091
MMR(0.7),1.6,3,0.8287,0.0092
MMR(0.7),1.61,3,0.8288,0.0094
MMR(0.7),1.62,3,0.8288,0.0097
MMR(0.7),1.63,3,0.8289,0.0096
MMR(0.7),1.64,3,0.8289,0.0095
MMR(0.7),1.65,3,0.829,0.0095
MMR(0.7),1.66,3,0.829,0.0097
MMR(0.7),1.67,3,0.8291,0.0099
MMR(0.7),1.68,3,0.8291,0.0101
MMR(0.7),1.69,3,0.829,0.0102
MMR(0.7),1.7,3,0.8291,0.0101
MMR(0.7),1.71,3,0.829,0.0102
MMR(0.7),1.72,3,0.8291,0.0103
MMR(0.7),1.73,3,0.8291,0.0105
MMR(0.7),1.74,3,0.8291,0.0103
MMR(0.7),1.75,3,0.8291,0.0102
MMR(0.7),1.76,3,0.8292,0.0105
MMR(0.7),1.77,3,0.8292,0.0105
MMR(0.7),1.78,3,0.8293,0.0103
MMR(0.7),1.79,3,0.8293,0.0103
MMR(0.7),1.8,3,0.8295,0.0102
MMR(0.7),1.81,3,0.8295,0.01
MMR(0.7),1.82,3,0.8295,0.0101
MMR(0.7),1.83,3,0.8296,0.0101
MMR(0.7),1.84,3,0.8296,0.0101
MMR(0.7),1.85,3,0.8297,0.01
MMR(0.7),1.86,3,0.8297,0.0097
MMR(0.7),1.87,3,0.8298,0.0095
MMR(0.7),1.88,3,0.8297,0.0096
MMR(0.7),1.89,3,0.8297,0.0094
MMR(0.7),1.9,3,0.8297,0.0095
MMR(0.7),1.91,3,0.8297,0.0091
MMR(0.7),1.92,3,0.8295,0.009
MMR(0.7),1.93,3,0.8295,0.0087
MMR(0.7),1.94,3,0.8295,0.0087
MMR(0.7),1.95,3,0.8294,0.0088
MMR(0.7),1.96,3,0.8295,0.0089
MMR(0.7),1.97,3,0.8295,0.0091
MMR(0.7),1.98,3,0.8295,0.0091
MMR(0.7),1.99,3,0.8295,0.0092
MMR(0.7),2.0,3,0.8295,0.0092
MMR(0.7),2.01,3,0.8295,0.0091
MMR(0.7),2.02,3,0.8296,0.009
MMR(0.7),2.03,3,0.8294,0.009
MMR(0.7),2.04,3,0.8295,0.0091
MMR(0.7),2.05,3,0.8294,0.009
MMR(0.7),2.06,3,0.8294,0.0092
MMR(0.7),2.07,3,0.8294,0.0092
MMR(0.7),2.08,3,0.8294,0.0095
MMR(0.7),2.09,3,0.8294,0.0094
MMR(0.7),2.1,3,0.8295,0.0094
MMR(0.7),2.11,3,0.8295,0.0093
MMR(0.7),2.12,3,0.8294,0.0092
MMR(0.7),2.13,3,0.8294,0.0094
MMR(0.7),2.14,3,0.8294,0.0095
MMR(0.7),2.15,3,0.8294,0.0094
MMR(0.7),2.16,3,0.8294,0.0095
MMR(0.7),2.17,3,0.8293,0.0096
MMR(0.7),2.18,3,0.8293,0.0096
MMR(0.7),2.19,3,0.8294,0.0094
MMR(0.7),2.2,3,0.8293,0.0094
MMR(0.7),2.21,3,0.8292,0.0093
MMR(0.7),2.22,3,0.8292,0.0087
MMR(0.7),2.23,3,0.8291,0.0086
MMR(0.7),2.24,3,0.829,0.0087
MMR(0.7),2.25,3,0.829,0.0087
MMR(0.7),2.26,3,0.8289,0.0085
MMR(0.7),2.27,3,0.8289,0.0082
MMR(0.7),2.28,3,0.8288,0.0081
MMR(0.7),2.29,3,0.8287,0.0083
MMR(0.7),2.3,3,0.8287,0.0083
MMR(0.7),2.31,3,0.8286,0.0083
MMR(0.7),2.32,3,0.8286,0.0083
MMR(0.7),2.33,3,0.8286,0.0085
MMR(0.7),2.34,3,0.8286,0.0083
MMR(0.7),2.35,3,0.8286,0.0082
MMR(0.7),2.36,3,0.8285,0.0081
MMR(0.7),2.37,3,0.8285,0.0083
MMR(0.7),2.38,3,0.8284,0.0087
MMR(0.7),2.39,3,0.8284,0.0087
MMR(0.7),2.4,3,0.8283,0.0086
MMR(0.7),2.41,3,0.8282,0.0087
MMR(0.7),2.42,3,0.8282,0.0087
MMR(0.7),2.43,3,0.8282,0.0087
MMR(0.7),2.44,3,0.8282,0.0088
MMR(0.7),2.45,3,0.8282,0.0088
MMR(0.7),2.46,3,0.8281,0.0091
MMR(0.7),2.47,3,0.828,0.0094
MMR(0.7),2.48,3,0.828,0.0093
MMR(0.7),2.49,3,0.8279,0.0094
MMR(0.7),2.5,3,0.8279,0.0095
MMR(0.7),2.51,3,0.8278,0.0091
MMR(0.7),2.52,3,0.8277,0.0091
MMR(0.7),2.53,3,0.8277,0.0093
MMR(0.7),2.54,3,0.8277,0.0093
MMR(0.7),2.55,3,0.8277,0.0094
MMR(0.7),2.56,3,0.8275,0.0096
MMR(0.7),2.57,3,0.8275,0.0095
MMR(0.7),2.58,3,0.8275,0.0097
MMR(0.7),2.59,3,0.8274,0.0097
MMR(0.7),2.6,3,0.8273,0.0095
MMR(0.7),2.61,3,0.8273,0.0095
MMR(0.7),2.62,3,0.8271,0.0094
MMR(0.7),2.63,3,0.827,0.0095
MMR(0.7),2.64,3,0.8268,0.0097
MMR(0.7),2.65,3,0.8267,0.0098
MMR(0.7),2.66,3,0.8266,0.0096
MMR(0.7),2.67,3,0.8266,0.0097
MMR(0.7),2.68,3,0.8265,0.0095
MMR(0.7),2.69,3,0.8265,0.0096
MMR(0.7),2.7,3,0.8264,0.0094
MMR(0.7),2.71,3,0.8263,0.0091
MMR(0.7),2.72,3,0.8263,0.0091
MMR(0.7),2.73,3,0.8261,0.009
MMR(0.7),2.74,3,0.8259,0.0091
MMR(0.7),2.75,3,0.8259,0.0087
MMR(0.7),2.76,3,0.8258,0.0088
MMR(0.7),2.77,3,0.8258,0.0088
MMR(0.7),2.78,3,0.8257,0.009
MMR(0.7),2.79,3,0.8257,0.0087
MMR(0.7),2.8,3,0.8256,0.0087
MMR(0.7),2.81,3,0.8255,0.0087
MMR(0.7),2.82,3,0.8254,0.0085
MMR(0.7),2.83,3,0.8252,0.0081
MMR(0.7),2.84,3,0.8251,0.008
MMR(0.7),2.85,3,0.825,0.0083
MMR(0.7),2.86,3,0.8248,0.0084
MMR(0.7),2.87,3,0.8248,0.0081
MMR(0.7),2.88,3,0.8247,0.0085
MMR(0.7),2.89,3,0.8246,0.0086
MMR(0.7),2.9,3,0.8246,0.0087
MMR(0.7),2.91,3,0.8245,0.0087
MMR(0.7),2.92,3,0.8244,0.0087
MMR(0.7),2.93,3,0.8243,0.0085
MMR(0.7),2.94,3,0.8243,0.0087
MMR(0.7),2.95,3,0.8243,0.0086
MMR(0.7),2.96,3,0.8243,0.0087
MMR(0.7),2.97,3,0.8242,0.0086
MMR(0.7),2.98,3,0.824,0.0085
MMR(0.7),2.99,3,0.8239,0.0085
MMR(0.7),3.0,3,0.8238,0.0086
MMR(0.7),3.01,3,0.8237,0.0088
MMR(0.7),3.02,3,0.8236,0.0086
MMR(0.7),3.03,3,0.8236,0.0086
MMR(0.7),3.04,3,0.8234,0.0087
MMR(0.7),3.05,3,0.8233,0.0085
MMR(0.7),3.06,3,0.8233,0.0085
MMR(0.7),3.07,3,0.8232,0.0084
MMR(0.7),3.08,3,0.8231,0.0087
MMR(0.7),3.09,3,0.8231,0.0086
MMR(0.7),3.1,3,0.823,0.0087
MMR(0.7),3.11,3,0.8229,0.0084
MMR(0.7),3.12,3,0.8228,0.0082
MMR(0.7),3.13,3,0.8226,0.0081
MMR(0.7),3.14,3,0.8225,0.0082
MMR(0.7),3.15,3,0.8226,0.008
MMR(0.7),3.16,3,0.8225,0.0082
MMR(0.7),3.17,3,0.8225,0.0083
MMR(0.7),3.18,3,0.8223,0.0083
MMR(0.7),3.19,3,0.8223,0.0085
MMR(0.7),3.2,3,0.8223,0.0086
MMR(0.7),3.21,3,0.8222,0.0085
MMR(0.7),3.22,3,0.8221,0.0086
MMR(0.7),3.23,3,0.822,0.0087
MMR(0.7),3.24,3,0.822,0.0087
MMR(0.7),3.25,3,0.822,0.009
MMR(0.7),3.26,3,0.822,0.0088
MMR(0.7),3.27,3,0.8219,0.0089
MMR(0.7),3.28,3,0.8218,0.0089
MMR(0.7),3.29,3,0.8218,0.0089
MMR(0.7),3.3,3,0.8217,0.0088
MMR(0.7),3.31,3,0.8217,0.009
MMR(0.7),3.32,3,0.8216,0.0091
MMR(0.7),3.33,3,0.8216,0.0089
MMR(0.7),3.34,3,0.8215,0.0092
MMR(0.7),3.35,3,0.8214,0.009
MMR(0.7),3.36,3,0.8213,0.0091
MMR(0.7),3.37,3,0.8213,0.0091
MMR(0.7),3.38,3,0.8213,0.009
MMR(0.7),3.39,3,0.8212,0.0089
MMR(0.7),3.4,3,0.8212,0.009
MMR(0.7),3.41,3,0.8211,0.0092
MMR(0.7),3.42,3,0.8211,0.0091
MMR(0.7),3.43,3,0.8211,0.0092
MMR(0.7),3.44,3,0.821,0.0093
MMR(0.7),3.45,3,0.8209,0.0095
MMR(0.7),3.46,3,0.821,0.0098
MMR(0.7),3.47,3,0.8209,0.0096
MMR(0.7),3.48,3,0.8209,0.0097
MMR(0.7),3.49,3,0.8208,0.0098
MMR(0.7),3.5,3,0.8207,0.0098
MMR(0.7),3.51,3,0.8207,0.0098
MMR(0.7),3.52,3,0.8207,0.0101
MMR(0.7),3.53,3,0.8207,0.0099
MMR(0.7),3.54,3,0.8206,0.0101
MMR(0.7),3.55,3,0.8205,0.0101
MMR(0.7),3.56,3,0.8204,0.0099
MMR(0.7),3.57,3,0.8203,0.0102
MMR(0.7),3.58,3,0.8202,0.0102
MMR(0.7),3.59,3,0.8198,0.0106
MMR(0.7),3.6,3,0.8197,0.0107
MMR(0.7),3.61,3,0.8196,0.0112
MMR(0.7),3.62,3,0.8195,0.0113
MMR(0.7),3.63,3,0.8194,0.0113
MMR(0.7),3.64,3,0.8194,0.0112
MMR(0.7),3.65,3,0.8193,0.0112
MMR(0.7),3.66,3,0.8191,0.0116
MMR(0.7),3.67,3,0.819,0.0121
MMR(0.7),3.68,3,0.8188,0.012
MMR(0.7),3.69,3,0.8187,0.0122
MMR(0.7),3.7,3,0.8187,0.0122
MMR(0.7),3.71,3,0.8186,0.0121
MMR(0.7),3.72,3,0.8185,0.0123
MMR(0.7),3.73,3,0.8183,0.0118
MMR(0.7),3.74,3,0.8182,0.0118
MMR(0.7),3.75,3,0.8181,0.012
MMR(0.7),3.76,3,0.8179,0.0121
MMR(0.7),3.77,3,0.8176,0.0123
MMR(0.7),3.78,3,0.8175,0.0123
MMR(0.7),3.79,3,0.8173,0.0124
MMR(0.7),3.8,3,0.8173,0.0124
MMR(0.7),3.81,3,0.8173,0.0124
MMR(0.7),3.82,3,0.8172,0.0123
MMR(0.7),3.83,3,0.817,0.0123
MMR(0.7),3.84,3,0.817,0.0123
MMR(0.7),3.85,3,0.8169,0.012
MMR(0.7),3.86,3,0.8167,0.0121
MMR(0.7),3.87,3,0.8165,0.0124
MMR(0.7),3.88,3,0.8163,0.0124
MMR(0.7),3.89,3,0.8162,0.0124
MMR(0.7),3.9,3,0.8161,0.0124
MMR(0.7),3.91,3,0.8161,0.0123
MMR(0.7),3.92,3,0.816,0.0125
MMR(0.7),3.93,3,0.8158,0.0124
MMR(0.7),3.94,3,0.8158,0.0124
MMR(0.7),3.95,3,0.8158,0.0123
MMR(0.7),3.96,3,0.8157,0.0123
MMR(0.7),3.97,3,0.8155,0.0121
MMR(0.7),3.98,3,0.8153,0.0121
MMR(0.7),3.99,3,0.8152,0.0123
MMR(0.7),4.0,3,0.815,0.0122
MMR(0.7),4.01,3,0.8149,0.0125
MMR(0.7),4.02,3,0.8147,0.0127
MMR(0.7),4.03,3,0.8146,0.0131
MMR(0.7),4.04,3,0.8145,0.0132
MMR(0.7),4.05,3,0.8143,0.0132
MMR(0.7),4.06,3,0.8142,0.0131
MMR(0.7),4.07,3,0.8141,0.013
MMR(0.7),4.08,3,0.8139,0.0131
MMR(0.7),4.09,3,0.8138,0.0132
MMR(0.7),4.1,3,0.8136,0.0131
MMR(0.7),4.11,3,0.8136,0.0133
MMR(0.7),4.12,3,0.8135,0.0135
MMR(0.7),4.13,3,0.8133,0.0133
MMR(0.7),4.14,3,0.8132,0.0138
MMR(0.7),4.15,3,0.8131,0.0138
MMR(0.7),4.16,3,0.813,0.0137
MMR(0.7),4.17,3,0.8129,0.0137
MMR(0.7),4.18,3,0.8128,0.0139
MMR(0.7),4.19,3,0.8127,0.0138
MMR(0.7),4.2,3,0.8125,0.0136
MMR(0.7),4.21,3,0.8124,0.0137
MMR(0.7),4.22,3,0.8123,0.0137
MMR(0.7),4.23,3,0.8122,0.014
MMR(0.7),4.24,3,0.812,0.014
MMR(0.7),4.25,3,0.8118,0.0139
MMR(0.7),4.26,3,0.8117,0.0139
MMR(0.7),4.27,3,0.8116,0.0141
MMR(0.7),4.28,3,0.8115,0.014
MMR(0.7),4.29,3,0.8113,0.0142
MMR(0.7),4.3,3,0.8113,0.0141
MMR(0.7),4.31,3,0.811,0.0144
MMR(0.7),4.32,3,0.8109,0.0144
MMR(0.7),4.33,3,0.8107,0.0148
MMR(0.7),4.34,3,0.8107,0.0148
MMR(0.7),4.35,3,0.8105,0.0145
MMR(0.7),4.36,3,0.8104,0.0144
MMR(0.7),4.37,3,0.8103,0.0144
MMR(0.7),4.38,3,0.8102,0.0144
MMR(0.7),4.39,3,0.8101,0.0143
MMR(0.7),4.4,3,0.8101,0.0145
MMR(0.7),4.41,3,0.8101,0.0145
MMR(0.7),4.42,3,0.81,0.0144
MMR(0.7),4.43,3,0.8099,0.0148
MMR(0.7),4.44,3,0.8097,0.015
MMR(0.7),4.45,3,0.8096,0.0149
MMR(0.7),4.46,3,0.8095,0.0148
MMR(0.7),4.47,3,0.8094,0.0144
MMR(0.7),4.48,3,0.8091,0.0145
MMR(0.7),4.49,3,0.809,0.0141
MMR(0.7),4.5,3,0.8089,0.0141
MMR(0.7),4.51,3,0.8088,0.0141
MMR(0.7),4.52,3,0.8086,0.014
MMR(0.7),4.53,3,0.8085,0.014
MMR(0.7),4.54,3,0.8084,0.0138
MMR(0.7),4.55,3,0.8083,0.0138
MMR(0.7),4.56,3,0.8081,0.0138
MMR(0.7),4.57,3,0.808,0.014
MMR(0.7),4.58,3,0.8079,0.0142
MMR(0.7),4.59,3,0.8078,0.0141
MMR(0.7),4.6,3,0.8077,0.0143
MMR(0.7),4.61,3,0.8077,0.0144
MMR(0.7),4.62,3,0.8075,0.0145
MMR(0.7),4.63,3,0.8075,0.0144
MMR(0.7),4.64,3,0.8074,0.0144
MMR(0.7),4.65,3,0.8071,0.0144
MMR(0.7),4.66,3,0.8072,0.0151
MMR(0.7),4.67,3,0.807,0.0152
MMR(0.7),4.68,3,0.8068,0.0153
MMR(0.7),4.69,3,0.8067,0.0153
MMR(0.7),4.7,3,0.8067,0.0153
MMR(0.7),4.71,3,0.8065,0.0153
MMR(0.7),4.72,3,0.8064,0.0155
MMR(0.7),4.73,3,0.8063,0.0156
MMR(0.7),4.74,3,0.8062,0.0158
MMR(0.7),4.75,3,0.8061,0.016
MMR(0.7),4.76,3,0.806,0.016
MMR(0.7),4.77,3,0.8059,0.0159
MMR(0.7),4.78,3,0.8059,0.016
MMR(0.7),4.79,3,0.8058,0.0156
MMR(0.7),4.8,3,0.8057,0.0156
MMR(0.7),4.81,3,0.8056,0.0156
MMR(0.7),4.82,3,0.8055,0.0157
MMR(0.7),4.83,3,0.8054,0.0156
MMR(0.7),4.84,3,0.8052,0.0158
MMR(0.7),4.85,3,0.8052,0.0158
MMR(0.7),4.86,3,0.805,0.0161
MMR(0.7),4.87,3,0.805,0.0161
MMR(0.7),4.88,3,0.8049,0.0159
MMR(0.7),4.89,3,0.8047,0.016
MMR(0.7),4.9,3,0.8046,0.0162
MMR(0.7),4.91,3,0.8045,0.0161
MMR(0.7),4.92,3,0.8045,0.0163
MMR(0.7),4.93,3,0.8044,0.0162
MMR(0.7),4.94,3,0.8043,0.0159
MMR(0.7),4.95,3,0.8042,0.0158
MMR(0.7),4.96,3,0.8041,0.0159
MMR(0.7),4.97,3,0.804,0.0159
MMR(0.7),4.98,3,0.8039,0.0156
MMR(0.7),4.99,3,0.8039,0.0156
MMR(0.7),5.0,3,0.8039,0.0161
MMR(0.7),5.01,3,0.8038,0.0162
MMR(0.7),5.02,3,0.8037,0.0161
MMR(0.7),5.03,3,0.8036,0.0163
MMR(0.7),5.04,3,0.8036,0.0163
MMR(0.7),5.05,3,0.8034,0.0164
MMR(0.7),5.06,3,0.8034,0.0164
MMR(0.7),5.07,3,0.8033,0.0164
MMR(0.7),5.08,3,0.803,0.0164
MMR(0.7),5.09,3,0.803,0.0166
MMR(0.7),5.1,3,0.8028,0.0167
MMR(0.7),5.11,3,0.8028,0.0168
MMR(0.7),5.12,3,0.8027,0.0166
MMR(0.7),5.13,3,0.8024,0.0166
MMR(0.7),5.14,3,0.8023,0.0167
MMR(0.7),5.15,3,0.8022,0.0166
MMR(0.7),5.16,3,0.8022,0.0167
MMR(0.7),5.17,3,0.8021,0.0168
MMR(0.7),5.18,3,0.802,0.0169
MMR(0.7),5.19,3,0.8019,0.0169
MMR(0.7),5.2,3,0.8017,0.0169
MMR(0.7),5.21,3,0.8017,0.0171
MMR(0.7),5.22,3,0.8016,0.0171
MMR(0.7),5.23,3,0.8016,0.017
MMR(0.7),5.24,3,0.8014,0.0172
MMR(0.7),5.25,3,0.8011,0.0178
MMR(0.7),5.26,3,0.8011,0.0177
MMR(0.7),5.27,3,0.8011,0.0177
MMR(0.7),5.28,3,0.801,0.0174
MMR(0.7),5.29,3,0.8009,0.0174
MMR(0.7),5.3,3,0.8007,0.0175
MMR(0.7),5.31,3,0.8006,0.0176
MMR(0.7),5.32,3,0.8006,0.0176
MMR(0.7),5.33,3,0.8005,0.0175
MMR(0.7),5.34,3,0.8004,0.0176
MMR(0.7),5.35,3,0.8003,0.0175
MMR(0.7),5.36,3,0.8003,0.0175
MMR(0.7),5.37,3,0.8003,0.0175
MMR(0.7),5.38,3,0.8002,0.0172
MMR(0.7),5.39,3,0.8002,0.0172
MMR(0.7),5.4,3,0.8002,0.0173
MMR(0.7),5.41,3,0.8002,0.0172
MMR(0.7),5.42,3,0.8002,0.0173
MMR(0.7),5.43,3,0.8002,0.0173
MMR(0.7),5.44,3,0.8002,0.0173
MMR(0.7),5.45,3,0.8002,0.0173
MMR(0.7),5.46,3,0.8002,0.0174
MMR(0.7),5.47,3,0.8002,0.0174
MMR(0.7),5.48,3,0.8002,0.0174
MMR(0.7),5.49,3,0.8001,0.0175
MMR(0.7),5.5,3,0.8001,0.0175
MMR(0.7),5.51,3,0.8,0.0175
MMR(0.7),5.52,3,0.8,0.0175
MMR(0.7),5.53,3,0.8,0.0175
MMR(0.7),5.54,3,0.7999,0.0177
MMR(0.7),5.55,3,0.7998,0.0177
MMR(0.7),5.56,3,0.7998,0.0176
MMR(0.7),5.57,3,0.7998,0.0176
MMR(0.7),5.58,3,0.7997,0.0175
MMR(0.7),5.59,3,0.7997,0.0175
MMR(0.7),5.6,3,0.7996,0.0176
MMR(0.7),5.61,3,0.7996,0.0175
MMR(0.7),5.62,3,0.7996,0.0175
MMR(0.7),5.63,3,0.7995,0.0174
MMR(0.7),5.64,3,0.7995,0.0175
MMR(0.7),5.65,3,0.7995,0.0175
MMR(0.7),5.66,3,0.7994,0.0174
MMR(0.7),5.67,3,0.7994,0.0175
MMR(0.7),5.68,3,0.7993,0.0175
MMR(0.7),5.69,3,0.7993,0.0175
MMR(0.7),5.7,3,0.7993,0.0174
MMR(0.7),5.71,3,0.7993,0.0174
MMR(0.7),5.72,3,0.7993,0.0174
MMR(0.7),5.73,3,0.7993,0.0174
MMR(0.7),5.74,3,0.7993,0.0174
MMR(0.7),5.75,3,0.7992,0.0172
MMR(0.7),5.76,3,0.7992,0.0172
MMR(0.7),5.77,3,0.7992,0.0171
MMR(0.7),5.78,3,0.7991,0.0173
MMR(0.7),5.79,3,0.7991,0.0173
MMR(0.7),5.81,3,0.7991,0.0173
MMR(0.7),5.82,3,0.7991,0.0173
MMR(0.7),5.83,3,0.7991,0.0173
MMR(0.7),5.84,3,0.799,0.0174
MMR(0.7),5.85,3,0.799,0.0173
MMR(0.7),5.86,3,0.799,0.0173
MMR(0.7),5.87,3,0.799,0.0173
MMR(0.7),5.88,3,0.799,0.0174
MMR(0.7),5.89,3,0.7989,0.0174
MMR(0.7),5.9,3,0.7989,0.0174
MMR(0.7),5.91,3,0.7989,0.0174
MMR(0.7),5.92,3,0.7989,0.0175
MMR(0.7),5.93,3,0.7989,0.0174
MMR(0.7),5.94,3,0.7989,0.0174
MMR(0.7),5.95,3,0.7988,0.0172
MMR(0.7),5.96,3,0.7988,0.0172
MMR(0.7),5.97,3,0.7988,0.0172
MMR(0.7),5.99,3,0.7988,0.0172
MMR(0.7),6.0,3,0.7988,0.0172
MMR(0.7),6.02,2,0.795,0.0254
MMR(0.7),6.03,3,0.7988,0.0173
MMR(0.7),6.04,3,0.7988,0.0173
MMR(0.7),6.05,2,0.8016,0.0604
MMR(0.7),6.06,2,0.8016,0.0604
MMR(0.7),6.07,2,0.8016,0.0604
MMR(0.7),6.08,3,0.7988,0.0171
MMR(0.7),6.09,3,0.7988,0.0171
MMR(0.7),6.1,3,0.7988,0.0171
MMR(0.7),6.12,1,0.7969,0.0
MMR(0.7),6.13,3,0.7988,0.0171
MMR(0.7),6.15,3,0.7988,0.0171
MMR(0.7),6.16,2,0.8016,0.0604
MMR(0.7),6.2,1,0.7969,0.0
MMR(0.7),6.21,2,0.8016,0.0604
MMR(0.7),6.22,2,0.8016,0.0604
MMR(0.7),6.25,2,0.8016,0.0604
MMR(0.7),6.26,2,0.8016,0.0604
MMR(0.7),6.28,2,0.8016,0.0604
MMR(0.7),6.31,2,0.795,0.0248
MMR(0.7),6.32,3,0.7988,0.0171
MMR(0.7),6.34,1,0.7969,0.0
MMR(0.7),6.35,2,0.8016,0.0604
MMR(0.7),6.36,3,0.7988,0.0171
MMR(0.7),6.42,3,0.7988,0.0171
MMR(0.7),6.47,2,0.7949,0.0254
MMR(0.7),6.48,2,0.7949,0.0254
MMR(0.9),0.99,3,0.7703,0.0076
MMR(0.9),1.0,3,0.7703,0.0076
MMR(0.9),1.01,3,0.7778,0.007
MMR(0.9),1.02,3,0.7787,0.0072
MMR(0.9),1.03,3,0.7807,0.0081
MMR(0.9),1.04,3,0.783,0.009
MMR(0.9),1.05,3,0.7853,0.0093
MMR(0.9),1.06,3,0.7875,0.0107
MMR(0.9),1.07,3,0.7894,0.011
MMR(0.9),1.08,3,0.7908,0.0105
MMR(0.9),1.09,3,0.7922,0.0107
MMR(0.9),1.1,3,0.793,0.0106
MMR(0.9),1.11,3,0.7935,0.0111
MMR(0.9),1.12,3,0.794,0.0114
MMR(0.9),1.13,3,0.7946,0.011
MMR(0.9),1.14,3,0.7949,0.0111
MMR(0.9),1.15,3,0.7953,0.011
MMR(0.9),1.16,3,0.7954,0.0109
MMR(0.9),1.17,3,0.7956,0.011
MMR(0.9),1.18,3,0.7956,0.0109
MMR(0.9),1.19,3,0.7957,0.0109
MMR(0.9),1.2,3,0.7958,0.0111
MMR(0.9),1.21,3,0.7959,0.011
MMR(0.9),1.22,3,0.7959,0.011
MMR(0.9),1.23,3,0.7959,0.0108
MMR(0.9),1.24,3,0.796,0.0108
MMR(0.9),1.25,3,0.7961,0.011
MMR(0.9),1.26,3,0.7962,0.011
MMR(0.9),1.27,3,0.7962,0.0108
MMR(0.9),1.28,3,0.7964,0.0109
MMR(0.9),1.29,3,0.7965,0.0109
MMR(0.9),1.3,3,0.7967,0.0105
MMR(0.9),1.31,3,0.7968,0.0106
MMR(0.9),1.32,3,0.797,0.0108
MMR(0.9),1.33,3,0.7971,0.0108
MMR(0.9),1.34,3,0.7972,0.0108
MMR(0.9),1.35,3,0.7973,0.0107
MMR(0.9),1.36,3,0.7974,0.0105
MMR(0.9),1.37,3,0.7975,0.0105
MMR(0.9),1.38,3,0.7977,0.0101
MMR(0.9),1.39,3,0.7978,0.0104
MMR(0.9),1.4,3,0.798,0.0102
MMR(0.9),1.41,3,0.798,0.0104
MMR(0.9),1.42,3,0.7981,0.0104
MMR(0.9),1.43,3,0.7982,0.0101
MMR(0.9),1.44,3,0.7984,0.0102
MMR(0.9),1.45,3,0.7984,0.01
MMR(0.9),1.46,3,0.7985,0.0102
MMR(0.9),1.47,3,0.7985,0.0101
MMR(0.9),1.48,3,0.7985,0.0103
MMR(0.9),1.49,3,0.7986,0.01
MMR(0.9),1.5,3,0.7986,0.0101
MMR(0.9),1.51,3,0.7987,0.01
MMR(0.9),1.52,3,0.7988,0.01
MMR(0.9),1.53,3,0.7988,0.0099
MMR(0.9),1.54,3,0.7989,0.01
MMR(0.9),1.55,3,0.7989,0.01
MMR(0.9),1.56,3,0.799,0.01
MMR(0.9),1.57,3,0.7991,0.01
MMR(0.9),1.58,3,0.7991,0.01
MMR(0.9),1.59,3,0.7991,0.01
MMR(0.9),1.6,3,0.7992,0.01
MMR(0.9),1.61,3,0.7993,0.0102
MMR(0.9),1.62,3,0.7993,0.0104
MMR(0.9),1.63,3,0.7994,0.0103
MMR(0.9),1.64,3,0.7995,0.0103
MMR(0.9),1.65,3,0.7996,0.0102
MMR(0.9),1.66,3,0.7996,0.0103
MMR(0.9),1.67,3,0.7996,0.0103
MMR(0.9),1.68,3,0.7997,0.0107
MMR(0.9),1.69,3,0.7998,0.0106
MMR(0.9),1.7,3,0.7997,0.0105
MMR(0.9),1.71,3,0.7997,0.0105
MMR(0.9),1.72,3,0.7997,0.0105
MMR(0.9),1.73,3,0.7998,0.0105
MMR(0.9),1.74,3,0.7999,0.0105
MMR(0.9),1.75,3,0.7999,0.0105
MMR(0.9),1.76,3,0.8,0.0105
MMR(0.9),1.77,3,0.8,0.0108
MMR(0.9),1.78,3,0.8,0.0105
MMR(0.9),1.79,3,0.8001,0.0107
MMR(0.9),1.8,3,0.8001,0.0104
MMR(0.9),1.81,3,0.8001,0.0104
MMR(0.9),1.82,3,0.8001,0.0105
MMR(0.9),1.83,3,0.8001,0.0107
MMR(0.9),1.84,3,0.8001,0.0106
MMR(0.9),1.85,3,0.8003,0.0107
MMR(0.9),1.86,3,0.8003,0.0106
MMR(0.9),1.87,3,0.8004,0.0104
MMR(0.9),1.88,3,0.8005,0.0105
MMR(0.9),1.89,3,0.8005,0.0105
MMR(0.9),1.9,3,0.8005,0.0105
MMR(0.9),1.91,3,0.8005,0.0104
MMR(0.9),1.92,3,0.8006,0.0102
MMR(0.9),1.93,3,0.8005,0.0101
MMR(0.9),1.94,3,0.8006,0.0101
MMR(0.9),1.95,3,0.8006,0.0101
MMR(0.9),1.96,3,0.8006,0.0101
MMR(0.9),1.97,3,0.8007,0.0104
MMR(0.9),1.98,3,0.8007,0.0104
MMR(0.9),1.99,3,0.8007,0.0102
MMR(0.9),2.0,3,0.8007,0.0102
MMR(0.9),2.01,3,0.8008,0.0102
MMR(0.9),2.02,3,0.8008,0.0101
MMR(0.9),2.03,3,0.8007,0.0101
MMR(0.9),2.04,3,0.8007,0.0101
MMR(0.9),2.05,3,0.8007,0.01
MMR(0.9),2.06,3,0.8007,0.0102
MMR(0.9),2.07,3,0.8007,0.0104
MMR(0.9),2.08,3,0.8007,0.0104
MMR(0.9),2.09,3,0.8008,0.0104
MMR(0.9),2.1,3,0.8009,0.0104
MMR(0.9),2.11,3,0.8009,0.0103
MMR(0.9),2.12,3,0.8009,0.0103
MMR(0.9),2.13,3,0.8009,0.0104
MMR(0.9),2.14,3,0.8009,0.0103
MMR(0.9),2.15,3,0.8009,0.0103
MMR(0.9),2.16,3,0.8009,0.0101
MMR(0.9),2.17,3,0.8009,0.0101
MMR(0.9),2.18,3,0.801,0.0102
MMR(0.9),2.19,3,0.801,0.0102
MMR(0.9),2.2,3,0.8009,0.0104
MMR(0.9),2.21,3,0.8009,0.0104
MMR(0.9),2.22,3,0.801,0.0102
MMR(0.9),2.23,3,0.801,0.0102
MMR(0.9),2.24,3,0.8009,0.0104
MMR(0.9),2.25,3,0.8009,0.0104
MMR(0.9),2.26,3,0.801,0.0102
MMR(0.9),2.27,3,0.801,0.0102
MMR(0.9),2.28,3,0.801,0.01
MMR(0.9),2.29,3,0.801,0.0102
MMR(0.9),2.3,3,0.801,0.0102
MMR(0.9),2.31,3,0.801,0.0102
MMR(0.9),2.32,3,0.801,0.0102
MMR(0.9),2.33,3,0.801,0.0102
MMR(0.9),2.34,3,0.801,0.0102
MMR(0.9),2.35,3,0.801,0.0102
MMR(0.9),2.36,3,0.801,0.0102
MMR(0.9),2.37,3,0.801,0.0102
MMR(0.9),2.38,3,0.8011,0.0102
MMR(0.9),2.39,3,0.8011,0.0102
MMR(0.9),2.4,3,0.8011,0.0101
MMR(0.9),2.41,3,0.8011,0.0101
MMR(0.9),2.42,3,0.8011,0.0101
MMR(0.9),2.43,3,0.8011,0.0102
MMR(0.9),2.44,3,0.8011,0.0101
MMR(0.9),2.45,3,0.8011,0.0102
MMR(0.9),2.46,3,0.8011,0.0103
MMR(0.9),2.47,3,0.8011,0.0104
MMR(0.9),2.48,3,0.8011,0.0106
MMR(0.9),2.49,3,0.8011,0.0106
MMR(0.9),2.5,3,0.8011,0.0106
MMR(0.9),2.51,3,0.8011,0.0105
MMR(0.9),2.52,3,0.8011,0.0105
MMR(0.9),2.53,3,0.8011,0.0106
MMR(0.9),2.54,3,0.8011,0.0105
MMR(0.9),2.55,3,0.8011,0.0105
MMR(0.9),2.56,3,0.8011,0.0106
MMR(0.9),2.57,3,0.8011,0.0105
MMR(0.9),2.58,3,0.8011,0.0104
MMR(0.9),2.59,3,0.8011,0.0104
MMR(0.9),2.6,3,0.8011,0.0104
MMR(0.9),2.61,3,0.8011,0.0105
MMR(0.9),2.62,3,0.8011,0.0105
MMR(0.9),2.63,3,0.8012,0.0106
MMR(0.9),2.64,3,0.8011,0.0105
MMR(0.9),2.65,3,0.8011,0.0105
MMR(0.9),2.66,3,0.8011,0.0105
MMR(0.9),2.67,3,0.8012,0.0104
MMR(0.9),2.68,3,0.8011,0.0105
MMR(0.9),2.69,3,0.8011,0.0105
MMR(0.9),2.7,3,0.8011,0.0105
MMR(0.9),2.71,3,0.8011,0.0104
MMR(0.9),2.72,3,0.8011,0.0104
MMR(0.9),2.73,3,0.8011,0.0104
MMR(0.9),2.74,3,0.8011,0.0104
MMR(0.9),2.75,3,0.801,0.0104
MMR(0.9),2.76,3,0.801,0.0103
MMR(0.9),2.77,3,0.8011,0.0104
MMR(0.9),2.78,3,0.801,0.0104
MMR(0.9),2.79,3,0.801,0.0102
MMR(0.9),2.8,3,0.801,0.0104
MMR(0.9),2.81,3,0.801,0.0104
MMR(0.9),2.82,3,0.801,0.0104
MMR(0.9),2.83,3,0.8009,0.0102
MMR(0.9),2.84,3,0.8009,0.0103
MMR(0.9),2.85,3,0.801,0.0104
MMR(0.9),2.86,3,0.801,0.0101
MMR(0.9),2.87,3,0.801,0.0102
MMR(0.9),2.88,3,0.801,0.0104
MMR(0.9),2.89,3,0.801,0.0105
MMR(0.9),2.9,3,0.801,0.0106
MMR(0.9),2.91,3,0.801,0.0106
MMR(0.9),2.92,3,0.801,0.0107
MMR(0.9),2.93,3,0.801,0.0106
MMR(0.9),2.94,3,0.801,0.0106
MMR(0.9),2.95,3,0.801,0.0107
MMR(0.9),2.96,3,0.801,0.0107
MMR(0.9),2.97,3,0.801,0.0107
MMR(0.9),2.98,3,0.801,0.0107
MMR(0.9),2.99,3,0.8009,0.0107
MMR(0.9),3.0,3,0.8009,0.0107
MMR(0.9),3.01,3,0.8009,0.0107
MMR(0.9),3.02,3,0.8009,0.0107
MMR(0.9),3.03,3,0.8009,0.0107
MMR(0.9),3.04,3,0.8009,0.0107
MMR(0.9),3.05,3,0.8009,0.0107
MMR(0.9),3.06,3,0.8009,0.0107
MMR(0.9),3.07,3,0.8009,0.0106
MMR(0.9),3.08,3,0.8008,0.0105
MMR(0.9),3.09,3,0.8009,0.0107
MMR(0.9),3.1,3,0.8009,0.0106
MMR(0.9),3.11,3,0.8008,0.0106
MMR(0.9),3.12,3,0.8008,0.0105
MMR(0.9),3.13,3,0.8008,0.0104
MMR(0.9),3.14,3,0.8008,0.0104
MMR(0.9),3.15,3,0.8007,0.0104
MMR(0.9),3.16,3,0.8007,0.0104
MMR(0.9),3.17,3,0.8007,0.0104
MMR(0.9),3.18,3,0.8007,0.0104
MMR(0.9),3.19,3,0.8006,0.0104
MMR(0.9),3.2,3,0.8006,0.0104
MMR(0.9),3.21,3,0.8006,0.0104
MMR(0.9),3.22,3,0.8006,0.0104
MMR(0.9),3.23,3,0.8006,0.0105
MMR(0.9),3.24,3,0.8006,0.0105
MMR(0.9),3.25,3,0.8006,0.0106
MMR(0.9),3.26,3,0.8006,0.0106
MMR(0.9),3.27,3,0.8006,0.0108
MMR(0.9),3.28,3,0.8006,0.0107
MMR(0.9),3.29,3,0.8006,0.0107
MMR(0.9),3.3,3,0.8006,0.0109
MMR(0.9),3.31,3,0.8006,0.0109
MMR(0.9),3.32,3,0.8006,0.0109
MMR(0.9),3.33,3,0.8006,0.0107
MMR(0.9),3.34,3,0.8007,0.0108
MMR(0.9),3.35,3,0.8006,0.0108
MMR(0.9),3.36,3,0.8006,0.0108
MMR(0.9),3.37,3,0.8006,0.0108
MMR(0.9),3.38,3,0.8005,0.011
MMR(0.9),3.39,3,0.8005,0.011
MMR(0.9),3.4,3,0.8006,0.0111
MMR(0.9),3.41,3,0.8006,0.0112
MMR(0.9),3.42,3,0.8006,0.0112
MMR(0.9),3.43,3,0.8006,0.0112
MMR(0.9),3.44,3,0.8006,0.0112
MMR(0.9),3.45,3,0.8006,0.0112
MMR(0.9),3.46,3,0.8006,0.0113
MMR(0.9),3.47,3,0.8007,0.0112
MMR(0.9),3.48,3,0.8007,0.0112
MMR(0.9),3.49,3,0.8007,0.0112
MMR(0.9),3.5,3,0.8007,0.0113
MMR(0.9),3.51,3,0.8007,0.0113
MMR(0.9),3.52,3,0.8007,0.0114
MMR(0.9),3.53,3,0.8007,0.0114
MMR(0.9),3.54,3,0.8007,0.0113
MMR(0.9),3.55,3,0.8007,0.0113
MMR(0.9),3.56,3,0.8006,0.0112
MMR(0.9),3.57,3,0.8006,0.0112
MMR(0.9),3.58,3,0.8007,0.0113
MMR(0.9),3.59,3,0.8005,0.0118
MMR(0.9),3.6,3,0.8004,0.0118
MMR(0.9),3.61,3,0.8004,0.0119
MMR(0.9),3.62,3,0.8004,0.0119
MMR(0.9),3.63,3,0.8004,0.0119
MMR(0.9),3.64,3,0.8004,0.0118
MMR(0.9),3.65,3,0.8004,0.0118
MMR(0.9),3.66,3,0.8004,0.0119
MMR(0.9),3.67,3,0.8003,0.012
MMR(0.9),3.68,3,0.8002,0.0119
MMR(0.9),3.69,3,0.8002,0.0119
MMR(0.9),3.7,3,0.8002,0.0119
MMR(0.9),3.71,3,0.8002,0.0118
MMR(0.9),3.72,3,0.8002,0.0117
MMR(0.9),3.73,3,0.8002,0.0117
MMR(0.9),3.74,3,0.8002,0.0117
MMR(0.9),3.75,3,0.8002,0.0118
MMR(0.9),3.76,3,0.8001,0.0118
MMR(0.9),3.77,3,0.8001,0.0119
MMR(0.9),3.78,3,0.8001,0.0119
MMR(0.9),3.79,3,0.8001,0.0119
MMR(0.9),3.8,3,0.8001,0.012
MMR(0.9),3.81,3,0.8002,0.012
MMR(0.9),3.82,3,0.8001,0.0122
MMR(0.9),3.83,3,0.8001,0.0122
MMR(0.9),3.84,3,0.8001,0.0122
MMR(0.9),3.85,3,0.8,0.012
MMR(0.9),3.86,3,0.8001,0.0122
MMR(0.9),3.87,3,0.8001,0.0122
MMR(0.9),3.88,3,0.8001,0.0122
MMR(0.9),3.89,3,0.8001,0.0122
MMR(0.9),3.9,3,0.8001,0.0122
MMR(0.9),3.91,3,0.8001,0.0122
MMR(0.9),3.92,3,0.8001,0.0122
MMR(0.9),3.93,3,0.8,0.012
MMR(0.9),3.94,3,0.8,0.012
MMR(0.9),3.95,3,0.8,0.0121
MMR(0.9),3.96,3,0.8,0.0121
MMR(0.9),3.97,3,0.8,0.0121
MMR(0.9),3.98,3,0.8,0.0121
MMR(0.9),3.99,3,0.7999,0.0122
MMR(0.9),4.0,3,0.7999,0.0122
MMR(0.9),4.01,3,0.7999,0.0123
MMR(0.9),4.02,3,0.7999,0.0124
MMR(0.9),4.03,3,0.7999,0.0124
MMR(0.9),4.04,3,0.7999,0.0124
MMR(0.9),4.05,3,0.7998,0.0124
MMR(0.9),4.06,3,0.7998,0.0124
MMR(0.9),4.07,3,0.7998,0.0123
MMR(0.9),4.08,3,0.7998,0.0123
MMR(0.9),4.09,3,0.7998,0.0123
MMR(0.9),4.1,3,0.7998,0.0122
MMR(0.9),4.11,3,0.7998,0.0122
MMR(0.9),4.12,3,0.7999,0.0122
MMR(0.9),4.13,3,0.7999,0.0122
MMR(0.9),4.14,3,0.7999,0.0125
MMR(0.9),4.15,3,0.7999,0.0123
MMR(0.9),4.16,3,0.7999,0.0122
MMR(0.9),4.17,3,0.7999,0.0122
MMR(0.9),4.18,3,0.7998,0.0121
MMR(0.9),4.19,3,0.7998,0.0121
MMR(0.9),4.2,3,0.7998,0.0121
MMR(0.9),4.21,3,0.7997,0.0123
MMR(0.9),4.22,3,0.7997,0.0123
MMR(0.9),4.23,3,0.7997,0.0126
MMR(0.9),4.24,3,0.7997,0.0125
MMR(0.9),4.25,3,0.7996,0.0126
MMR(0.9),4.26,3,0.7996,0.0127
MMR(0.9),4.27,3,0.7997,0.013
MMR(0.9),4.28,3,0.7996,0.0128
MMR(0.9),4.29,3,0.7997,0.013
MMR(0.9),4.3,3,0.7997,0.013
MMR(0.9),4.31,3,0.7996,0.0131
MMR(0.9),4.32,3,0.7996,0.0128
MMR(0.9),4.33,3,0.7995,0.013
MMR(0.9),4.34,3,0.7995,0.0131
MMR(0.9),4.35,3,0.7995,0.013
MMR(0.9),4.36,3,0.7994,0.013
MMR(0.9),4.37,3,0.7994,0.013
MMR(0.9),4.38,3,0.7994,0.013
MMR(0.9),4.39,3,0.7994,0.013
MMR(0.9),4.4,3,0.7994,0.0131
MMR(0.9),4.41,3,0.7995,0.0132
MMR(0.9),4.42,3,0.7995,0.0131
MMR(0.9),4.43,3,0.7995,0.0132
MMR(0.9),4.44,3,0.7995,0.0133
MMR(0.9),4.45,3,0.7994,0.0131
MMR(0.9),4.46,3,0.7995,0.0131
MMR(0.9),4.47,3,0.7995,0.013
MMR(0.9),4.48,3,0.7994,0.0131
MMR(0.9),4.49,3,0.7994,0.0129
MMR(0.9),4.5,3,0.7994,0.0129
MMR(0.9),4.51,3,0.7994,0.0129
MMR(0.9),4.52,3,0.7994,0.013
MMR(0.9),4.53,3,0.7993,0.013
MMR(0.9),4.54,3,0.7993,0.013
MMR(0.9),4.55,3,0.7993,0.013
MMR(0.9),4.56,3,0.7993,0.013
MMR(0.9),4.57,3,0.7993,0.013
MMR(0.9),4.58,3,0.7993,0.0131
MMR(0.9),4.59,3,0.7993,0.0131
MMR(0.9),4.6,3,0.7993,0.0131
MMR(0.9),4.61,3,0.7993,0.0131
MMR(0.9),4.62,3,0.7992,0.0132
MMR(0.9),4.63,3,0.7992,0.0132
MMR(0.9),4.64,3,0.7992,0.0131
MMR(0.9),4.65,3,0.7991,0.0133
MMR(0.9),4.66,3,0.7992,0.0135
MMR(0.9),4.67,3,0.7991,0.0135
MMR(0.9),4.68,3,0.7991,0.0135
MMR(0.9),4.69,3,0.7991,0.0135
MMR(0.9),4.7,3,0.7991,0.0137
MMR(0.9),4.71,3,0.7991,0.0137
MMR(0.9),4.72,3,0.7991,0.0137
MMR(0.9),4.73,3,0.7991,0.0138
MMR(0.9),4.74,3,0.7991,0.0139
MMR(0.9),4.75,3,0.7991,0.0139
MMR(0.9),4.76,3,0.7991,0.0137
MMR(0.9),4.77,3,0.7991,0.0137
MMR(0.9),4.78,3,0.7991,0.0137
MMR(0.9),4.79,3,0.799,0.0136
MMR(0.9),4.8,3,0.799,0.0136
MMR(0.9),4.81,3,0.799,0.0135
MMR(0.9),4.82,3,0.799,0.0135
MMR(0.9),4.83,3,0.799,0.0135
MMR(0.9),4.84,3,0.7989,0.0137
MMR(0.9),4.85,3,0.7989,0.0136
MMR(0.9),4.86,3,0.7988,0.0137
MMR(0.9),4.87,3,0.7988,0.0137
MMR(0.9),4.88,3,0.7988,0.0136
MMR(0.9),4.89,3,0.7988,0.0136
MMR(0.9),4.9,3,0.7987,0.0137
MMR(0.9),4.91,3,0.7987,0.0137
MMR(0.9),4.92,3,0.7988,0.0136
MMR(0.9),4.93,3,0.7988,0.0135
MMR(0.9),4.94,3,0.7987,0.0134
MMR(0.9),4.95,3,0.7987,0.0134
MMR(0.9),4.96,3,0.7987,0.0134
MMR(0.9),4.97,3,0.7987,0.0134
MMR(0.9),4.98,3,0.7987,0.0134
MMR(0.9),4.99,3,0.7987,0.0134
MMR(0.9),5.0,3,0.7988,0.014
MMR(0.9),5.01,3,0.7987,0.0139
MMR(0.9),5.02,3,0.7987,0.0139
MMR(0.9),5.03,3,0.7987,0.0139
MMR(0.9),5.04,3,0.7988,0.0138
MMR(0.9),5.05,3,0.7987,0.0138
MMR(0.9),5.06,3,0.7987,0.0138
MMR(0.9),5.07,3,0.7987,0.014
MMR(0.9),5.08,3,0.7987,0.014
MMR(0.9),5.09,3,0.7986,0.0141
MMR(0.9),5.1,3,0.7986,0.0142
MMR(0.9),5.11,3,0.7986,0.0142
MMR(0.9),5.12,3,0.7985,0.0141
MMR(0.9),5.13,3,0.7985,0.0139
MMR(0.9),5.14,3,0.7984,0.014
MMR(0.9),5.15,3,0.7984,0.0143
MMR(0.9),5.16,3,0.7984,0.0143
MMR(0.9),5.17,3,0.7984,0.0141
MMR(0.9),5.18,3,0.7983,0.0142
MMR(0.9),5.19,3,0.7983,0.0142
MMR(0.9),5.2,3,0.7983,0.0142
MMR(0.9),5.21,3,0.7983,0.0142
MMR(0.9),5.22,3,0.7983,0.0143
MMR(0.9),5.23,3,0.7983,0.0143
MMR(0.9),5.24,3,0.7982,0.0145
MMR(0.9),5.25,3,0.798,0.0152
MMR(0.9),5.26,3,0.798,0.0151
MMR(0.9),5.27,3,0.798,0.0151
MMR(0.9),5.28,3,0.798,0.015
MMR(0.9),5.29,3,0.798,0.015
MMR(0.9),5.3,3,0.798,0.015
MMR(0.9),5.31,3,0.798,0.015
MMR(0.9),5.32,3,0.798,0.015
MMR(0.9),5.33,3,0.798,0.015
MMR(0.9),5.34,3,0.7979,0.015
MMR(0.9),5.35,3,0.798,0.0149
MMR(0.9),5.36,3,0.798,0.0149
MMR(0.9),5.37,3,0.798,0.0149
MMR(0.9),5.38,3,0.798,0.0149
MMR(0.9),5.39,3,0.798,0.0149
MMR(0.9),5.4,3,0.798,0.0149
MMR(0.9),5.41,3,0.798,0.0149
MMR(0.9),5.42,3,0.798,0.0149
MMR(0.9),5.43,3,0.7979,0.015
MMR(0.9),5.44,3,0.7979,0.015
MMR(0.9),5.45,3,0.7979,0.015
MMR(0.9),5.46,3,0.7979,0.015
MMR(0.9),5.47,3,0.7979,0.015
MMR(0.9),5.48,3,0.7979,0.015
MMR(0.9),5.49,3,0.7979,0.015
MMR(0.9),5.5,3,0.7979,0.0148
MMR(0.9),5.51,3,0.7979,0.0147
MMR(0.9),5.52,3,0.7978,0.0147
MMR(0.9),5.53,3,0.7978,0.0147
MMR(0.9),5.54,3,0.7978,0.0149
MMR(0.9),5.55,3,0.7978,0.0149
MMR(0.9),5.56,3,0.7978,0.0149
MMR(0.9),5.57,3,0.7978,0.0149
MMR(0.9),5.58,3,0.7978,0.0149
MMR(0.9),5.59,3,0.7977,0.0149
MMR(0.9),5.6,3,0.7977,0.0149
MMR(0.9),5.61,3,0.7977,0.0149
MMR(0.9),5.62,3,0.7977,0.0149
MMR(0.9),5.63,3,0.7977,0.0149
MMR(0.9),5.64,3,0.7977,0.0149
MMR(0.9),5.65,3,0.7977,0.0149
MMR(0.9),5.66,3,0.7977,0.0149
MMR(0.9),5.67,3,0.7977,0.0149
MMR(0.9),5.68,3,0.7977,0.0149
MMR(0.9),5.69,3,0.7977,0.0149
MMR(0.9),5.7,3,0.7977,0.0149
MMR(0.9),5.71,3,0.7977,0.0149
MMR(0.9),5.72,3,0.7977,0.0149
MMR(0.9),5.73,3,0.7977,0.0149
MMR(0.9),5.74,3,0.7977,0.0149
MMR(0.9),5.75,3,0.7977,0.0149
MMR(0.9),5.76,3,0.7977,0.0149
MMR(0.9),5.77,3,0.7977,0.0149
MMR(0.9),5.78,3,0.7977,0.0149
MMR(0.9),5.79,3,0.7977,0.0149
MMR(0.9),5.81,3,0.7977,0.0149
MMR(0.9),5.82,3,0.7977,0.0149
MMR(0.9),5.83,3,0.7976,0.015
MMR(0.9),5.84,3,0.7976,0.015
MMR(0.9),5.85,3,0.7976,0.015
MMR(0.9),5.86,3,0.7976,0.015
MMR(0.9),5.87,3,0.7976,0.015
MMR(0.9),5.88,3,0.7976,0.015
MMR(0.9),5.89,3,0.7976,0.015
MMR(0.9),5.9,3,0.7976,0.015
MMR(0.9),5.91,3,0.7976,0.015
MMR(0.9),5.92,3,0.7976,0.015
MMR(0.9),5.93,3,0.7976,0.0149
MMR(0.9),5.94,3,0.7976,0.0149
MMR(0.9),5.95,3,0.7976,0.0149
MMR(0.9),5.96,3,0.7976,0.0149
MMR(0.9),5.97,3,0.7976,0.0149
MMR(0.9),5.99,3,0.7976,0.0149
MMR(0.9),6.0,3,0.7976,0.0149
MMR(0.9),6.02,2,0.7943,0.0229
MMR(0.9),6.03,3,0.7976,0.0149
MMR(0.9),6.04,3,0.7976,0.0149
MMR(0.9),6.05,2,0.8002,0.0515
MMR(0.9),6.06,2,0.8002,0.0515
MMR(0.9),6.07,2,0.8002,0.0515
MMR(0.9),6.08,3,0.7976,0.0149
MMR(0.9),6.09,3,0.7976,0.0149
MMR(0.9),6.1,3,0.7976,0.0149
MMR(0.9),6.12,1,0.796,0.0
MMR(0.9),6.13,3,0.7976,0.0149
MMR(0.9),6.15,3,0.7976,0.0149
MMR(0.9),6.16,2,0.8001,0.0521
MMR(0.9),6.2,1,0.796,0.0
MMR(0.9),6.21,2,0.8001,0.0521
MMR(0.9),6.22,2,0.8001,0.0521
MMR(0.9),6.25,2,0.8001,0.0521
MMR(0.9),6.26,2,0.8001,0.0521
MMR(0.9),6.28,2,0.8001,0.0521
MMR(0.9),6.31,2,0.7943,0.0222
MMR(0.9),6.32,3,0.7976,0.0149
MMR(0.9),6.34,1,0.796,0.0
MMR(0.9),6.35,2,0.8001,0.0521
MMR(0.9),6.36,3,0.7976,0.0149
MMR(0.9),6.42,3,0.7976,0.0149
MMR(0.9),6.47,2,0.7943,0.0222
MMR(0.9),6.48,2,0.7943,0.0222
Maxmin,0.99,3,0.7703,0.0076
Maxmin,1.0,3,0.7703,0.0076
Maxmin,1.01,3,0.7727,0.0075
Maxmin,1.02,3,0.7733,0.0073
Maxmin,1.03,3,0.7738,0.0074
Maxmin,1.04,3,0.7746,0.0074
Maxmin,1.05,3,0.7753,0.0074
Maxmin,1.06,3,0.776,0.0073
Maxmin,1.07,3,0.7767,0.0072
Maxmin,1.08,3,0.7771,0.0069
Maxmin,1.09,3,0.7776,0.0071
Maxmin,1.1,3,0.7777,0.0073
Maxmin,1.11,3,0.7778,0.0071
Maxmin,1.12,3,0.778,0.0072
Maxmin,1.13,3,0.7781,0.0069
Maxmin,1.14,3,0.7781,0.007
Maxmin,1.15,3,0.7781,0.0071
Maxmin,1.16,3,0.7781,0.0069
Maxmin,1.17,3,0.7781,0.0067
Maxmin,1.18,3,0.778,0.0068
Maxmin,1.19,3,0.7779,0.0065
Maxmin,1.2,3,0.7779,0.0065
Maxmin,1.21,3,0.7778,0.0062
Maxmin,1.22,3,0.7776,0.0065
Maxmin,1.23,3,0.7773,0.0065
Maxmin,1.24,3,0.7771,0.0065
Maxmin,1.25,3,0.7765,0.007
Maxmin,1.26,3,0.7762,0.0067
Maxmin,1.27,3,0.7759,0.0066
Maxmin,1.28,3,0.7755,0.0073
Maxmin,1.29,3,0.775,0.0077
Maxmin,1.3,3,0.7744,0.0081
Maxmin,1.31,3,0.7739,0.0078
Maxmin,1.32,3,0.7735,0.0079
Maxmin,1.33,3,0.7731,0.0077
Maxmin,1.34,3,0.7728,0.0076
Maxmin,1.35,3,0.7726,0.0075
Maxmin,1.36,3,0.7723,0.0078
Maxmin,1.37,3,0.7719,0.0074
Maxmin,1.38,3,0.7715,0.007
Maxmin,1.39,3,0.7711,0.007
Maxmin,1.4,3,0.7709,0.0069
Maxmin,1.41,3,0.7707,0.0069
Maxmin,1.42,3,0.7703,0.0065
Maxmin,1.43,3,0.77,0.0062
Maxmin,1.44,3,0.7696,0.0063
Maxmin,1.45,3,0.7692,0.0065
Maxmin,1.46,3,0.7689,0.0064
Maxmin,1.47,3,0.7684,0.0065
Maxmin,1.48,3,0.768,0.0068
Maxmin,1.49,3,0.7674,0.0074
Maxmin,1.5,3,0.7666,0.0069
Maxmin,1.51,3,0.7659,0.007
Maxmin,1.52,3,0.7653,0.0066
Maxmin,1.53,3,0.7648,0.0069
Maxmin,1.54,3,0.764,0.0068
Maxmin,1.55,3,0.7634,0.0064
Maxmin,1.56,3,0.7627,0.0064
Maxmin,1.57,3,0.7621,0.0062
Maxmin,1.58,3,0.7613,0.0058
Maxmin,1.59,3,0.7607,0.0055
Maxmin,1.6,3,0.76,0.0055
Maxmin,1.61,3,0.7592,0.0056
Maxmin,1.62,3,0.7585,0.005
Maxmin,1.63,3,0.7577,0.0052
Maxmin,1.64,3,0.7568,0.0055
Maxmin,1.65,3,0.7561,0.0051
Maxmin,1.66,3,0.7553,0.0048
Maxmin,1.67,3,0.7546,0.0049
Maxmin,1.68,3,0.7534,0.0057
Maxmin,1.69,3,0.7524,0.0055
Maxmin,1.7,3,0.7513,0.0052
Maxmin,1.71,3,0.7503,0.0057
Maxmin,1.72,3,0.7493,0.0056
Maxmin,1.73,3,0.7482,0.0057
Maxmin,1.74,3,0.7473,0.0054
Maxmin,1.75,3,0.7462,0.0056
Maxmin,1.76,3,0.7452,0.0055
Maxmin,1.77,3,0.7441,0.0047
Maxmin,1.78,3,0.7433,0.0053
Maxmin,1.79,3,0.7424,0.0056
Maxmin,1.8,3,0.7411,0.0055
Maxmin,1.81,3,0.7401,0.0052
Maxmin,1.82,3,0.7392,0.0052
Maxmin,1.83,3,0.7385,0.0056
Maxmin,1.84,3,0.7378,0.006
Maxmin,1.85,3,0.7369,0.0057
Maxmin,1.86,3,0.7362,0.0055
Maxmin,1.87,3,0.7353,0.0062
Maxmin,1.88,3,0.7343,0.0058
Maxmin,1.89,3,0.7336,0.0053
Maxmin,1.9,3,0.7328,0.0057
Maxmin,1.91,3,0.7319,0.0054
Maxmin,1.92,3,0.7314,0.0054
Maxmin,1.93,3,0.7306,0.0048
Maxmin,1.94,3,0.7299,0.0047
Maxmin,1.95,3,0.7294,0.0041
Maxmin,1.96,3,0.7288,0.0038
Maxmin,1.97,3,0.7283,0.0043
Maxmin,1.98,3,0.7275,0.0041
Maxmin,1.99,3,0.7269,0.0048
Maxmin,2.0,3,0.7265,0.005
Maxmin,2.01,3,0.726,0.005
Maxmin,2.02,3,0.7254,0.0052
Maxmin,2.03,3,0.7247,0.0051
Maxmin,2.04,3,0.724,0.0049
Maxmin,2.05,3,0.7233,0.0053
Maxmin,2.06,3,0.7225,0.0051
Maxmin,2.07,3,0.7218,0.0052
Maxmin,2.08,3,0.7211,0.0052
Maxmin,2.09,3,0.7202,0.0053
Maxmin,2.1,3,0.7197,0.0048
Maxmin,2.11,3,0.7192,0.0047
Maxmin,2.12,3,0.7187,0.005
Maxmin,2.13,3,0.718,0.0051
Maxmin,2.14,3,0.7173,0.0049
Maxmin,2.15,3,0.717,0.0049
Maxmin,2.16,3,0.7163,0.005
Maxmin,2.17,3,0.7157,0.0049
Maxmin,2.18,3,0.715,0.0045
Maxmin,2.19,3,0.7143,0.0044
Maxmin,2.2,3,0.7133,0.0047
Maxmin,2.21,3,0.7127,0.0047
Maxmin,2.22,3,0.7118,0.004
Maxmin,2.23,3,0.7111,0.0039
Maxmin,2.24,3,0.7105,0.0037
Maxmin,2.25,3,0.7098,0.0038
Maxmin,2.26,3,0.7091,0.0032
Maxmin,2.27,3,0.7082,0.0031
Maxmin,2.28,3,0.7076,0.0028
Maxmin,2.29,3,0.7069,0.0033
Maxmin,2.3,3,0.7062,0.0038
Maxmin,2.31,3,0.7055,0.0034
Maxmin,2.32,3,0.7049,0.0033
Maxmin,2.33,3,0.7042,0.0043
Maxmin,2.34,3,0.7036,0.0043
Maxmin,2.35,3,0.7031,0.0044
Maxmin,2.36,3,0.7025,0.0044
Maxmin,2.37,3,0.7021,0.0045
Maxmin,2.38,3,0.7016,0.0044
Maxmin,2.39,3,0.7009,0.0044
Maxmin,2.4,3,0.7002,0.0043
Maxmin,2.41,3,0.6997,0.0044
Maxmin,2.42,3,0.6992,0.0042
Maxmin,2.43,3,0.6986,0.004
Maxmin,2.44,3,0.6981,0.004
Maxmin,2.45,3,0.6975,0.004
Maxmin,2.46,3,0.6968,0.0041
Maxmin,2.47,3,0.6962,0.004
Maxmin,2.48,3,0.6955,0.0043
Maxmin,2.49,3,0.6949,0.0042
Maxmin,2.5,3,0.6944,0.004
Maxmin,2.51,3,0.6937,0.0041
Maxmin,2.52,3,0.693,0.0044
Maxmin,2.53,3,0.6924,0.0047
Maxmin,2.54,3,0.6917,0.005
Maxmin,2.55,3,0.6909,0.0053
Maxmin,2.56,3,0.6902,0.0055
Maxmin,2.57,3,0.6896,0.0058
Maxmin,2.58,3,0.689,0.0055
Maxmin,2.59,3,0.6885,0.0052
Maxmin,2.6,3,0.6879,0.0055
Maxmin,2.61,3,0.6873,0.0054
Maxmin,2.62,3,0.6865,0.0047
Maxmin,2.63,3,0.6854,0.0043
Maxmin,2.64,3,0.6846,0.0044
Maxmin,2.65,3,0.6839,0.0049
Maxmin,2.66,3,0.6832,0.0052
Maxmin,2.67,3,0.6825,0.005
Maxmin,2.68,3,0.6816,0.0049
Maxmin,2.69,3,0.681,0.0048
Maxmin,2.7,3,0.6804,0.0047
Maxmin,2.71,3,0.6796,0.0053
Maxmin,2.72,3,0.679,0.0049
Maxmin,2.73,3,0.6783,0.0048
Maxmin,2.74,3,0.6778,0.005
Maxmin,2.75,3,0.6773,0.0047
Maxmin,2.76,3,0.6765,0.0049
Maxmin,2.77,3,0.6759,0.0051
Maxmin,2.78,3,0.6753,0.0051
Maxmin,2.79,3,0.6748,0.0052
Maxmin,2.8,3,0.6742,0.0051
Maxmin,2.81,3,0.6734,0.0052
Maxmin,2.82,3,0.6728,0.0052
Maxmin,2.83,3,0.6723,0.0047
Maxmin,2.84,3,0.6715,0.0046
Maxmin,2.85,3,0.6709,0.0048
Maxmin,2.86,3,0.6701,0.0048
Maxmin,2.87,3,0.6695,0.0043
Maxmin,2.88,3,0.6688,0.0044
Maxmin,2.89,3,0.6681,0.0044
Maxmin,2.9,3,0.6674,0.0045
Maxmin,2.91,3,0.6668,0.0045
Maxmin,2.92,3,0.6663,0.0043
Maxmin,2.93,3,0.6656,0.0046
Maxmin,2.94,3,0.6648,0.004
Maxmin,2.95,3,0.6641,0.0043
Maxmin,2.96,3,0.6635,0.004
Maxmin,2.97,3,0.6628,0.0037
Maxmin,2.98,3,0.6619,0.0038
Maxmin,2.99,3,0.6611,0.0039
Maxmin,3.0,3,0.6607,0.0042
Maxmin,3.01,3,0.6602,0.0048
Maxmin,3.02,3,0.6596,0.0048
Maxmin,3.03,3,0.6589,0.0045
Maxmin,3.04,3,0.658,0.0045
Maxmin,3.05,3,0.6574,0.0046
Maxmin,3.06,3,0.6568,0.0048
Maxmin,3.07,3,0.6561,0.0047
Maxmin,3.08,3,0.6554,0.0049
Maxmin,3.09,3,0.6549,0.0045
Maxmin,3.1,3,0.6543,0.0046
Maxmin,3.11,3,0.6537,0.0045
Maxmin,3.12,3,0.6531,0.0043
Maxmin,3.13,3,0.6524,0.0043
Maxmin,3.14,3,0.6518,0.0047
Maxmin,3.15,3,0.6512,0.0045
Maxmin,3.16,3,0.6504,0.0052
Maxmin,3.17,3,0.6496,0.0058
Maxmin,3.18,3,0.6488,0.006
Maxmin,3.19,3,0.6479,0.0059
Maxmin,3.2,3,0.6472,0.006
Maxmin,3.21,3,0.6464,0.006
Maxmin,3.22,3,0.6458,0.0058
Maxmin,3.23,3,0.6453,0.0064
Maxmin,3.24,3,0.6448,0.006
Maxmin,3.25,3,0.6441,0.0062
Maxmin,3.26,3,0.6436,0.0059
Maxmin,3.27,3,0.643,0.0058
Maxmin,3.28,3,0.6425,0.0061
Maxmin,3.29,3,0.642,0.0061
Maxmin,3.3,3,0.6414,0.0057
Maxmin,3.31,3,0.6409,0.0055
Maxmin,3.32,3,0.6404,0.0056
Maxmin,3.33,3,0.6399,0.0052
Maxmin,3.34,3,0.6393,0.005
Maxmin,3.35,3,0.6388,0.0047
Maxmin,3.36,3,0.6382,0.0055
Maxmin,3.37,3,0.6376,0.006
Maxmin,3.38,3,0.6371,0.006
Maxmin,3.39,3,0.6367,0.0057
Maxmin,3.4,3,0.636,0.0054
Maxmin,3.41,3,0.6355,0.0054
Maxmin,3.42,3,0.6349,0.0054
Maxmin,3.43,3,0.6343,0.0055
Maxmin,3.44,3,0.6338,0.0057
Maxmin,3.45,3,0.6333,0.0058
Maxmin,3.46,3,0.6326,0.0065
Maxmin,3.47,3,0.632,0.0064
Maxmin,3.48,3,0.6315,0.0068
Maxmin,3.49,3,0.6311,0.0069
Maxmin,3.5,3,0.6305,0.0069
Maxmin,3.51,3,0.63,0.0068
Maxmin,3.52,3,0.6293,0.0068
Maxmin,3.53,3,0.6288,0.0069
Maxmin,3.54,3,0.6282,0.0069
Maxmin,3.55,3,0.6273,0.0068
Maxmin,3.56,3,0.6267,0.0065
Maxmin,3.57,3,0.626,0.0066
Maxmin,3.58,3,0.6252,0.0062
Maxmin,3.59,3,0.6243,0.0064
Maxmin,3.6,3,0.6238,0.0068
Maxmin,3.61,3,0.6231,0.0069
Maxmin,3.62,3,0.6224,0.0073
Maxmin,3.63,3,0.6217,0.0076
Maxmin,3.64,3,0.6213,0.0077
Maxmin,3.65,3,0.6206,0.0077
Maxmin,3.66,3,0.6199,0.0088
Maxmin,3.67,3,0.6193,0.0087
Maxmin,3.68,3,0.6185,0.0092
Maxmin,3.69,3,0.6178,0.0095
Maxmin,3.7,3,0.6173,0.0095
Maxmin,3.71,3,0.6165,0.0099
Maxmin,3.72,3,0.6159,0.01
Maxmin,3.73,3,0.6151,0.0092
Maxmin,3.74,3,0.6145,0.009
Maxmin,3.75,3,0.6138,0.0099
Maxmin,3.76,3,0.6131,0.0098
Maxmin,3.77,3,0.6121,0.0106
Maxmin,3.78,3,0.6115,0.0107
Maxmin,3.79,3,0.6109,0.0116
Maxmin,3.8,3,0.6104,0.0118
Maxmin,3.81,3,0.61,0.0119
Maxmin,3.82,3,0.6095,0.0115
Maxmin,3.83,3,0.6088,0.0122
Maxmin,3.84,3,0.608,0.0125
Maxmin,3.85,3,0.6076,0.013
Maxmin,3.86,3,0.6067,0.0133
Maxmin,3.87,3,0.6056,0.0127
Maxmin,3.88,3,0.6049,0.0123
Maxmin,3.89,3,0.6043,0.0126
Maxmin,3.9,3,0.6036,0.0118
Maxmin,3.91,3,0.6027,0.0117
Maxmin,3.92,3,0.6021,0.0122
Maxmin,3.93,3,0.6014,0.0123
Maxmin,3.94,3,0.6008,0.0121
Maxmin,3.95,3,0.6004,0.0117
Maxmin,3.96,3,0.5997,0.0117
Maxmin,3.97,3,0.5988,0.0116
Maxmin,3.98,3,0.5981,0.0115
Maxmin,3.99,3,0.5973,0.0117
Maxmin,4.0,3,0.5964,0.0114
Maxmin,4.01,3,0.5955,0.0123
Maxmin,4.02,3,0.5948,0.0125
Maxmin,4.03,3,0.594,0.0132
Maxmin,4.04,3,0.5934,0.0131
Maxmin,4.05,3,0.5928,0.0131
Maxmin,4.06,3,0.5917,0.0119
Maxmin,4.07,3,0.5909,0.0125
Maxmin,4.08,3,0.5901,0.0124
Maxmin,4.09,3,0.5893,0.0129
Maxmin,4.1,3,0.5887,0.0128
Maxmin,4.11,3,0.5879,0.0127
Maxmin,4.12,3,0.5869,0.0124
Maxmin,4.13,3,0.5861,0.0118
Maxmin,4.14,3,0.5853,0.0121
Maxmin,4.15,3,0.5844,0.0122
Maxmin,4.16,3,0.5837,0.0121
Maxmin,4.17,3,0.5829,0.0118
Maxmin,4.18,3,0.5822,0.0122
Maxmin,4.19,3,0.5815,0.0111
Maxmin,4.2,3,0.5808,0.0109
Maxmin,4.21,3,0.58,0.0107
Maxmin,4.22,3,0.5792,0.0107
Maxmin,4.23,3,0.5784,0.0112
Maxmin,4.24,3,0.5776,0.0105
Maxmin,4.25,3,0.5768,0.0105
Maxmin,4.26,3,0.5759,0.0105
Maxmin,4.27,3,0.5751,0.0108
Maxmin,4.28,3,0.5742,0.0105
Maxmin,4.29,3,0.5735,0.0104
Maxmin,4.3,3,0.5727,0.0108
Maxmin,4.31,3,0.572,0.0116
Maxmin,4.32,3,0.5711,0.0119
Maxmin,4.33,3,0.5705,0.0123
Maxmin,4.34,3,0.5696,0.0124
Maxmin,4.35,3,0.5687,0.0122
Maxmin,4.36,3,0.5679,0.0118
Maxmin,4.37,3,0.5672,0.0119
Maxmin,4.38,3,0.5664,0.0117
Maxmin,4.39,3,0.5654,0.012
Maxmin,4.4,3,0.5647,0.0115
Maxmin,4.41,3,0.5639,0.0112
Maxmin,4.42,3,0.5632,0.0113
Maxmin,4.43,3,0.5626,0.0109
Maxmin,4.44,3,0.5616,0.0113
Maxmin,4.45,3,0.5607,0.0108
Maxmin,4.46,3,0.5601,0.0107
Maxmin,4.47,3,0.5594,0.0106
Maxmin,4.48,3,0.5583,0.0105
Maxmin,4.49,3,0.5575,0.01
Maxmin,4.5,3,0.5566,0.0098
Maxmin,4.51,3,0.5559,0.0096
Maxmin,4.52,3,0.5554,0.0094
Maxmin,4.53,3,0.5546,0.0089
Maxmin,4.54,3,0.5537,0.0088
Maxmin,4.55,3,0.553,0.0087
Maxmin,4.56,3,0.552,0.0082
Maxmin,4.57,3,0.5512,0.0087
Maxmin,4.58,3,0.5504,0.0089
Maxmin,4.59,3,0.5496,0.0086
Maxmin,4.6,3,0.5487,0.0087
Maxmin,4.61,3,0.548,0.0085
Maxmin,4.62,3,0.5473,0.0078
Maxmin,4.63,3,0.5466,0.0078
Maxmin,4.64,3,0.5458,0.0078
Maxmin,4.65,3,0.5449,0.0083
Maxmin,4.66,3,0.5443,0.0088
Maxmin,4.67,3,0.5437,0.009
Maxmin,4.68,3,0.5431,0.0092
Maxmin,4.69,3,0.5425,0.0098
Maxmin,4.7,3,0.5418,0.0098
Maxmin,4.71,3,0.5411,0.0095
Maxmin,4.72,3,0.5404,0.0092
Maxmin,4.73,3,0.5398,0.0098
Maxmin,4.74,3,0.5394,0.0095
Maxmin,4.75,3,0.5386,0.0098
Maxmin,4.76,3,0.5376,0.0093
Maxmin,4.77,3,0.537,0.0095
Maxmin,4.78,3,0.5363,0.0092
Maxmin,4.79,3,0.5357,0.0092
Maxmin,4.8,3,0.5349,0.0089
Maxmin,4.81,3,0.5343,0.0081
Maxmin,4.82,3,0.5336,0.0077
Maxmin,4.83,3,0.5328,0.0077
Maxmin,4.84,3,0.5321,0.0078
Maxmin,4.85,3,0.5313,0.0077
Maxmin,4.86,3,0.5306,0.0077
Maxmin,4.87,3,0.5299,0.0074
Maxmin,4.88,3,0.5293,0.007
Maxmin,4.89,3,0.5286,0.0073
Maxmin,4.9,3,0.5279,0.0073
Maxmin,4.91,3,0.5274,0.0068
Maxmin,4.92,3,0.5269,0.0072
Maxmin,4.93,3,0.5261,0.0073
Maxmin,4.94,3,0.5255,0.0069
Maxmin,4.95,3,0.5249,0.0066
Maxmin,4.96,3,0.5242,0.0065
Maxmin,4.97,3,0.5237,0.0066
Maxmin,4.98,3,0.5233,0.0064
Maxmin,4.99,3,0.5229,0.0062
Maxmin,5.0,3,0.5224,0.0061
Maxmin,5.01,3,0.5217,0.0059
Maxmin,5.02,3,0.5211,0.005
Maxmin,5.03,3,0.5205,0.0051
Maxmin,5.04,3,0.5199,0.0054
Maxmin,5.05,3,0.5194,0.0054
Maxmin,5.06,3,0.519,0.0052
Maxmin,5.07,3,0.5184,0.0055
Maxmin,5.08,3,0.5175,0.0059
Maxmin,5.09,3,0.5171,0.0057
Maxmin,5.1,3,0.5166,0.0064
Maxmin,5.11,3,0.516,0.0068
Maxmin,5.12,3,0.5156,0.0066
Maxmin,5.13,3,0.5149,0.0063
Maxmin,5.14,3,0.5144,0.0066
Maxmin,5.15,3,0.5139,0.0067
Maxmin,5.16,3,0.5134,0.0066
Maxmin,5.17,3,0.5127,0.007
Maxmin,5.18,3,0.5121,0.0075
Maxmin,5.19,3,0.5117,0.0068
Maxmin,5.2,3,0.5112,0.0073
Maxmin,5.21,3,0.5107,0.0077
Maxmin,5.22,3,0.5103,0.0078
Maxmin,5.23,3,0.51,0.0078
Maxmin,5.24,3,0.5096,0.0077
Maxmin,5.25,3,0.5088,0.0085
Maxmin,5.26,3,0.5086,0.0081
Maxmin,5.27,3,0.5082,0.008
Maxmin,5.28,3,0.5077,0.0081
Maxmin,5.29,3,0.5072,0.0079
Maxmin,5.3,3,0.5068,0.0075
Maxmin,5.31,3,0.5064,0.0081
Maxmin,5.32,3,0.5061,0.008
Maxmin,5.33,3,0.5057,0.0077
Maxmin,5.34,3,0.5052,0.0079
Maxmin,5.35,3,0.5047,0.0078
Maxmin,5.36,3,0.5044,0.0078
Maxmin,5.37,3,0.5039,0.0083
Maxmin,5.38,3,0.5034,0.0083
Maxmin,5.39,3,0.5031,0.0081
Maxmin,5.4,3,0.5027,0.0082
Maxmin,5.41,3,0.5025,0.0084
Maxmin,5.42,3,0.5022,0.0082
Maxmin,5.43,3,0.5019,0.0086
Maxmin,5.44,3,0.5018,0.0083
Maxmin,5.45,3,0.5015,0.0087
Maxmin,5.46,3,0.5012,0.0088
Maxmin,5.47,3,0.501,0.0086
Maxmin,5.48,3,0.5006,0.0081
Maxmin,5.49,3,0.5003,0.008
Maxmin,5.5,3,0.5,0.0082
Maxmin,5.51,3,0.4997,0.0082
Maxmin,5.52,3,0.4994,0.0083
Maxmin,5.53,3,0.4991,0.0082
Maxmin,5.54,3,0.4988,0.0083
Maxmin,5.55,3,0.4986,0.0085
Maxmin,5.56,3,0.4984,0.0085
Maxmin,5.57,3,0.4983,0.0085
Maxmin,5.58,3,0.4981,0.0086
Maxmin,5.59,3,0.4978,0.0088
Maxmin,5.6,3,0.4976,0.0089
Maxmin,5.61,3,0.4974,0.0092
Maxmin,5.62,3,0.4971,0.0091
Maxmin,5.63,3,0.4969,0.0089
Maxmin,5.64,3,0.4966,0.0092
Maxmin,5.65,3,0.4965,0.0091
Maxmin,5.66,3,0.4964,0.0088
Maxmin,5.67,3,0.4961,0.0087
Maxmin,5.68,3,0.496,0.0086
Maxmin,5.69,3,0.4959,0.0091
Maxmin,5.7,3,0.4956,0.0088
Maxmin,5.71,3,0.4955,0.0087
Maxmin,5.72,3,0.4953,0.0088
Maxmin,5.73,3,0.4951,0.0089
Maxmin,5.74,3,0.495,0.0091
Maxmin,5.75,3,0.4949,0.0089
Maxmin,5.76,3,0.4947,0.0091
Maxmin,5.77,3,0.4946,0.0091
Maxmin,5.78,3,0.4945,0.0091
Maxmin,5.79,3,0.4944,0.0092
Maxmin,5.81,3,0.4942,0.0089
Maxmin,5.82,3,0.4941,0.0091
Maxmin,5.83,3,0.4939,0.0093
Maxmin,5.84,3,0.4938,0.0094
Maxmin,5.85,3,0.4937,0.0094
Maxmin,5.86,3,0.4937,0.0094
Maxmin,5.87,3,0.4936,0.0094
Maxmin,5.88,3,0.4934,0.0092
Maxmin,5.89,3,0.4933,0.0093
Maxmin,5.9,3,0.4933,0.0092
Maxmin,5.91,3,0.4932,0.0092
Maxmin,5.92,3,0.4931,0.0093
Maxmin,5.93,3,0.493,0.0091
Maxmin,5.94,3,0.4929,0.0091
Maxmin,5.95,3,0.4928,0.0087
Maxmin,5.96,3,0.4927,0.0087
Maxmin,5.97,3,0.4927,0.0087
Maxmin,5.99,3,0.4926,0.0087
Maxmin,6.0,3,0.4925,0.0087
Maxmin,6.02,2,0.4908,0.0241
Maxmin,6.03,3,0.4924,0.0088
Maxmin,6.04,3,0.4924,0.0091
Maxmin,6.05,2,0.4922,0.0457
Maxmin,6.06,2,0.4921,0.0451
Maxmin,6.07,2,0.492,0.0464
Maxmin,6.08,3,0.4922,0.009
Maxmin,6.09,3,0.4921,0.0091
Maxmin,6.1,3,0.4921,0.009
Maxmin,6.12,1,0.4883,0.0
Maxmin,6.13,3,0.4921,0.0093
Maxmin,6.15,3,0.4921,0.0093
Maxmin,6.16,2,0.492,0.0476
Maxmin,6.2,1,0.4882,0.0
Maxmin,6.21,2,0.4919,0.0483
Maxmin,6.22,2,0.4919,0.0483
Maxmin,6.25,2,0.4919,0.0476
Maxmin,6.26,2,0.4919,0.0476
Maxmin,6.28,2,0.4918,0.0483
Maxmin,6.31,2,0.49,0.026
Maxmin,6.32,3,0.4919,0.0096
Maxmin,6.34,1,0.4879,0.0
Maxmin,6.35,2,0.4918,0.0489
Maxmin,6.36,3,0.4918,0.0096
Maxmin,6.42,3,0.4918,0.0096
Maxmin,6.47,2,0.4899,0.0273
Maxmin,6.48,2,0.4899,0.0273
Greedy-DPP,0.99,3,0.7703,0.0076
Greedy-DPP,1.0,3,0.7703,0.0076
Greedy-DPP,1.01,3,0.7843,0.0077
Greedy-DPP,1.02,3,0.7868,0.0082
Greedy-DPP,1.03,3,0.7907,0.0091
Greedy-DPP,1.04,3,0.795,0.0099
Greedy-DPP,1.05,3,0.7996,0.0103
Greedy-DPP,1.06,3,0.8037,0.0114
Greedy-DPP,1.07,3,0.8075,0.0103
Greedy-DPP,1.08,3,0.8108,0.0096
Greedy-DPP,1.09,3,0.8139,0.0103
Greedy-DPP,1.1,3,0.8159,0.0104
Greedy-DPP,1.11,3,0.8169,0.0108
Greedy-DPP,1.12,3,0.8181,0.0111
Greedy-DPP,1.13,3,0.819,0.0104
Greedy-DPP,1.14,3,0.8195,0.0107
Greedy-DPP,1.15,3,0.8199,0.0107
Greedy-DPP,1.16,3,0.8201,0.0106
Greedy-DPP,1.17,3,0.8202,0.0107
Greedy-DPP,1.18,3,0.8202,0.0106
Greedy-DPP,1.19,3,0.8203,0.0107
Greedy-DPP,1.2,3,0.8203,0.0108
Greedy-DPP,1.21,3,0.8204,0.0107
Greedy-DPP,1.22,3,0.8204,0.0107
Greedy-DPP,1.23,3,0.8204,0.0106
Greedy-DPP,1.24,3,0.8205,0.0102
Greedy-DPP,1.25,3,0.8205,0.0103
Greedy-DPP,1.26,3,0.8205,0.0102
Greedy-DPP,1.27,3,0.8205,0.0102
Greedy-DPP,1.28,3,0.8206,0.0107
Greedy-DPP,1.29,3,0.8207,0.0106
Greedy-DPP,1.3,3,0.8207,0.0104
Greedy-DPP,1.31,3,0.8208,0.0108
Greedy-DPP,1.32,3,0.821,0.0111
Greedy-DPP,1.33,3,0.821,0.0108
Greedy-DPP,1.34,3,0.821,0.0108
Greedy-DPP,1.35,3,0.8212,0.0112
Greedy-DPP,1.36,3,0.8213,0.0109
Greedy-DPP,1.37,3,0.8213,0.0109
Greedy-DPP,1.38,3,0.8213,0.0105
Greedy-DPP,1.39,3,0.8214,0.0106
Greedy-DPP,1.4,3,0.8214,0.0107
Greedy-DPP,1.41,3,0.8214,0.0107
Greedy-DPP,1.42,3,0.8214,0.0107
Greedy-DPP,1.43,3,0.8214,0.0105
Greedy-DPP,1.44,3,0.8214,0.0105
Greedy-DPP,1.45,3,0.8214,0.0101
Greedy-DPP,1.46,3,0.8214,0.0103
Greedy-DPP,1.47,3,0.8213,0.0104
Greedy-DPP,1.48,3,0.8212,0.0105
Greedy-DPP,1.49,3,0.8212,0.0101
Greedy-DPP,1.5,3,0.821,0.01
Greedy-DPP,1.51,3,0.8208,0.0102
Greedy-DPP,1.52,3,0.8206,0.0098
Greedy-DPP,1.53,3,0.8205,0.0101
Greedy-DPP,1.54,3,0.8205,0.0104
Greedy-DPP,1.55,3,0.8204,0.0106
Greedy-DPP,1.56,3,0.8203,0.0107
Greedy-DPP,1.57,3,0.8204,0.0106
Greedy-DPP,1.58,3,0.8203,0.0104
Greedy-DPP,1.59,3,0.8202,0.0104
Greedy-DPP,1.6,3,0.82,0.0107
Greedy-DPP,1.61,3,0.8199,0.0109
Greedy-DPP,1.62,3,0.8199,0.0112
Greedy-DPP,1.63,3,0.8198,0.0114
Greedy-DPP,1.64,3,0.8197,0.0116
Greedy-DPP,1.65,3,0.8198,0.0117
Greedy-DPP,1.66,3,0.8197,0.0114
Greedy-DPP,1.67,3,0.8196,0.0113
Greedy-DPP,1.68,3,0.8196,0.0118
Greedy-DPP,1.69,3,0.8193,0.0123
Greedy-DPP,1.7,3,0.8192,0.0123
Greedy-DPP,1.71,3,0.819,0.0124
Greedy-DPP,1.72,3,0.8189,0.0124
Greedy-DPP,1.73,3,0.8189,0.0127
Greedy-DPP,1.74,3,0.8188,0.0128
Greedy-DPP,1.75,3,0.8188,0.0127
Greedy-DPP,1.76,3,0.8188,0.0129
Greedy-DPP,1.77,3,0.8187,0.0128
Greedy-DPP,1.78,3,0.8188,0.0125
Greedy-DPP,1.79,3,0.8186,0.0126
Greedy-DPP,1.8,3,0.8187,0.0122
Greedy-DPP,1.81,3,0.8186,0.0122
Greedy-DPP,1.82,3,0.8186,0.0124
Greedy-DPP,1.83,3,0.8186,0.0124
Greedy-DPP,1.84,3,0.8186,0.0124
Greedy-DPP,1.85,3,0.8184,0.0123
Greedy-DPP,1.86,3,0.8184,0.0122
Greedy-DPP,1.87,3,0.8183,0.012
Greedy-DPP,1.88,3,0.8181,0.0118
Greedy-DPP,1.89,3,0.818,0.0118
Greedy-DPP,1.9,3,0.818,0.0119
Greedy-DPP,1.91,3,0.8177,0.0117
Greedy-DPP,1.92,3,0.8175,0.0116
Greedy-DPP,1.93,3,0.8172,0.0111
Greedy-DPP,1.94,3,0.8171,0.0109
Greedy-DPP,1.95,3,0.8171,0.0111
Greedy-DPP,1.96,3,0.817,0.0109
Greedy-DPP,1.97,3,0.8169,0.0111
Greedy-DPP,1.98,3,0.8168,0.0112
Greedy-DPP,1.99,3,0.8168,0.0114
Greedy-DPP,2.0,3,0.8167,0.0116
Greedy-DPP,2.01,3,0.8166,0.0117
Greedy-DPP,2.02,3,0.8164,0.0117
Greedy-DPP,2.03,3,0.8163,0.0114
Greedy-DPP,2.04,3,0.8161,0.0114
Greedy-DPP,2.05,3,0.816,0.0112
Greedy-DPP,2.06,3,0.8158,0.0117
Greedy-DPP,2.07,3,0.8157,0.0118
Greedy-DPP,2.08,3,0.8155,0.0117
Greedy-DPP,2.09,3,0.8155,0.0117
Greedy-DPP,2.1,3,0.8155,0.0117
Greedy-DPP,2.11,3,0.8154,0.0113
Greedy-DPP,2.12,3,0.8153,0.0114
Greedy-DPP,2.13,3,0.8152,0.0116
Greedy-DPP,2.14,3,0.815,0.0118
Greedy-DPP,2.15,3,0.815,0.0119
Greedy-DPP,2.16,3,0.8148,0.012
Greedy-DPP,2.17,3,0.8147,0.0123
Greedy-DPP,2.18,3,0.8145,0.0124
Greedy-DPP,2.19,3,0.8145,0.0123
Greedy-DPP,2.2,3,0.8144,0.0124
Greedy-DPP,2.21,3,0.8143,0.0123
Greedy-DPP,2.22,3,0.8141,0.0119
Greedy-DPP,2.23,3,0.814,0.0118
Greedy-DPP,2.24,3,0.8139,0.0119
Greedy-DPP,2.25,3,0.8138,0.0121
Greedy-DPP,2.26,3,0.8136,0.0119
Greedy-DPP,2.27,3,0.8133,0.0115
Greedy-DPP,2.28,3,0.8132,0.0114
Greedy-DPP,2.29,3,0.813,0.0119
Greedy-DPP,2.3,3,0.8128,0.012
Greedy-DPP,2.31,3,0.8126,0.012
Greedy-DPP,2.32,3,0.8125,0.0119
Greedy-DPP,2.33,3,0.8123,0.0122
Greedy-DPP,2.34,3,0.8122,0.0123
Greedy-DPP,2.35,3,0.8121,0.0126
Greedy-DPP,2.36,3,0.812,0.0127
Greedy-DPP,2.37,3,0.8119,0.0128
Greedy-DPP,2.38,3,0.8118,0.0131
Greedy-DPP,2.39,3,0.8116,0.0128
Greedy-DPP,2.4,3,0.8113,0.0126
Greedy-DPP,2.41,3,0.8112,0.0126
Greedy-DPP,2.42,3,0.811,0.0125
Greedy-DPP,2.43,3,0.8108,0.0121
Greedy-DPP,2.44,3,0.8107,0.0121
Greedy-DPP,2.45,3,0.8106,0.0123
Greedy-DPP,2.46,3,0.8104,0.0126
Greedy-DPP,2.47,3,0.8103,0.0128
Greedy-DPP,2.48,3,0.8101,0.0129
Greedy-DPP,2.49,3,0.8099,0.0129
Greedy-DPP,2.5,3,0.8098,0.0131
Greedy-DPP,2.51,3,0.8096,0.0128
Greedy-DPP,2.52,3,0.8094,0.0127
Greedy-DPP,2.53,3,0.8093,0.0129
Greedy-DPP,2.54,3,0.8091,0.0132
Greedy-DPP,2.55,3,0.8089,0.0133
Greedy-DPP,2.56,3,0.8086,0.0134
Greedy-DPP,2.57,3,0.8084,0.0133
Greedy-DPP,2.58,3,0.8083,0.0135
Greedy-DPP,2.59,3,0.8082,0.0137
Greedy-DPP,2.6,3,0.8079,0.0135
Greedy-DPP,2.61,3,0.8078,0.0136
Greedy-DPP,2.62,3,0.8075,0.0136
Greedy-DPP,2.63,3,0.8072,0.0136
Greedy-DPP,2.64,3,0.8069,0.0133
Greedy-DPP,2.65,3,0.8067,0.0138
Greedy-DPP,2.66,3,0.8064,0.0141
Greedy-DPP,2.67,3,0.8064,0.0141
Greedy-DPP,2.68,3,0.8062,0.0141
Greedy-DPP,2.69,3,0.8061,0.014
Greedy-DPP,2.7,3,0.8059,0.014
Greedy-DPP,2.71,3,0.8056,0.014
Greedy-DPP,2.72,3,0.8054,0.0139
Greedy-DPP,2.73,3,0.8051,0.0139
Greedy-DPP,2.74,3,0.8049,0.0138
Greedy-DPP,2.75,3,0.8048,0.0135
Greedy-DPP,2.76,3,0.8047,0.0135
Greedy-DPP,2.77,3,0.8046,0.0136
Greedy-DPP,2.78,3,0.8044,0.0136
Greedy-DPP,2.79,3,0.8043,0.0134
Greedy-DPP,2.8,3,0.8039,0.0136
Greedy-DPP,2.81,3,0.8037,0.0134
Greedy-DPP,2.82,3,0.8035,0.0136
Greedy-DPP,2.83,3,0.8032,0.0135
Greedy-DPP,2.84,3,0.8031,0.0134
Greedy-DPP,2.85,3,0.8029,0.0136
Greedy-DPP,2.86,3,0.8025,0.0137
Greedy-DPP,2.87,3,0.8024,0.0132
Greedy-DPP,2.88,3,0.8023,0.0136
Greedy-DPP,2.89,3,0.8021,0.0134
Greedy-DPP,2.9,3,0.8019,0.0138
Greedy-DPP,2.91,3,0.8016,0.0136
Greedy-DPP,2.92,3,0.8015,0.0136
Greedy-DPP,2.93,3,0.8013,0.0137
Greedy-DPP,2.94,3,0.8011,0.0136
Greedy-DPP,2.95,3,0.8011,0.0138
Greedy-DPP,2.96,3,0.8009,0.0137
Greedy-DPP,2.97,3,0.8008,0.0137
Greedy-DPP,2.98,3,0.8004,0.0136
Greedy-DPP,2.99,3,0.8002,0.0138
Greedy-DPP,3.0,3,0.8001,0.0138
Greedy-DPP,3.01,3,0.7999,0.0139
Greedy-DPP,3.02,3,0.7998,0.014
Greedy-DPP,3.03,3,0.7996,0.0142
Greedy-DPP,3.04,3,0.7994,0.0145
Greedy-DPP,3.05,3,0.7992,0.0144
Greedy-DPP,3.06,3,0.7989,0.0147
Greedy-DPP,3.07,3,0.7988,0.0147
Greedy-DPP,3.08,3,0.7986,0.015
Greedy-DPP,3.09,3,0.7986,0.0147
Greedy-DPP,3.1,3,0.7984,0.0149
Greedy-DPP,3.11,3,0.7982,0.0148
Greedy-DPP,3.12,3,0.7979,0.0144
Greedy-DPP,3.13,3,0.7977,0.0143
Greedy-DPP,3.14,3,0.7974,0.0142
Greedy-DPP,3.15,3,0.7973,0.014
Greedy-DPP,3.16,3,0.7972,0.0142
Greedy-DPP,3.17,3,0.797,0.0143
Greedy-DPP,3.18,3,0.7967,0.0145
Greedy-DPP,3.19,3,0.7967,0.0147
Greedy-DPP,3.2,3,0.7966,0.0147
Greedy-DPP,3.21,3,0.7964,0.0145
Greedy-DPP,3.22,3,0.7962,0.0143
Greedy-DPP,3.23,3,0.796,0.0146
Greedy-DPP,3.24,3,0.7959,0.0144
Greedy-DPP,3.25,3,0.7957,0.0146
Greedy-DPP,3.26,3,0.7956,0.0147
Greedy-DPP,3.27,3,0.7954,0.0148
Greedy-DPP,3.28,3,0.7952,0.0148
Greedy-DPP,3.29,3,0.7951,0.0148
Greedy-DPP,3.3,3,0.7949,0.0145
Greedy-DPP,3.31,3,0.7949,0.0145
Greedy-DPP,3.32,3,0.7947,0.0148
Greedy-DPP,3.33,3,0.7947,0.0145
Greedy-DPP,3.34,3,0.7945,0.0147
Greedy-DPP,3.35,3,0.7943,0.0146
Greedy-DPP,3.36,3,0.7942,0.0148
Greedy-DPP,3.37,3,0.7941,0.0149
Greedy-DPP,3.38,3,0.7939,0.015
Greedy-DPP,3.39,3,0.7938,0.0148
Greedy-DPP,3.4,3,0.7936,0.0145
Greedy-DPP,3.41,3,0.7936,0.0147
Greedy-DPP,3.42,3,0.7935,0.0145
Greedy-DPP,3.43,3,0.7934,0.0147
Greedy-DPP,3.44,3,0.7931,0.0147
Greedy-DPP,3.45,3,0.793,0.0148
Greedy-DPP,3.46,3,0.7929,0.0152
Greedy-DPP,3.47,3,0.7927,0.0148
Greedy-DPP,3.48,3,0.7926,0.0149
Greedy-DPP,3.49,3,0.7925,0.0151
Greedy-DPP,3.5,3,0.7923,0.0154
Greedy-DPP,3.51,3,0.7921,0.0154
Greedy-DPP,3.52,3,0.792,0.0158
Greedy-DPP,3.53,3,0.7918,0.0157
Greedy-DPP,3.54,3,0.7915,0.0155
Greedy-DPP,3.55,3,0.7912,0.0155
Greedy-DPP,3.56,3,0.7911,0.0156
Greedy-DPP,3.57,3,0.7909,0.0159
Greedy-DPP,3.58,3,0.7906,0.0158
Greedy-DPP,3.59,3,0.7902,0.0163
Greedy-DPP,3.6,3,0.79,0.0166
Greedy-DPP,3.61,3,0.7897,0.017
Greedy-DPP,3.62,3,0.7895,0.017
Greedy-DPP,3.63,3,0.7893,0.0172
Greedy-DPP,3.64,3,0.7892,0.0172
Greedy-DPP,3.65,3,0.7889,0.0171
Greedy-DPP,3.66,3,0.7886,0.0178
Greedy-DPP,3.67,3,0.7886,0.0184
Greedy-DPP,3.68,3,0.7883,0.0184
Greedy-DPP,3.69,3,0.7881,0.019
Greedy-DPP,3.7,3,0.7879,0.0189
Greedy-DPP,3.71,3,0.7876,0.019
Greedy-DPP,3.72,3,0.7874,0.0189
Greedy-DPP,3.73,3,0.7872,0.0185
Greedy-DPP,3.74,3,0.787,0.0185
Greedy-DPP,3.75,3,0.7869,0.0187
Greedy-DPP,3.76,3,0.7865,0.0186
Greedy-DPP,3.77,3,0.786,0.0192
Greedy-DPP,3.78,3,0.7858,0.0191
Greedy-DPP,3.79,3,0.7855,0.0194
Greedy-DPP,3.8,3,0.7854,0.0194
Greedy-DPP,3.81,3,0.7853,0.0194
Greedy-DPP,3.82,3,0.7852,0.0195
Greedy-DPP,3.83,3,0.7849,0.0195
Greedy-DPP,3.84,3,0.7846,0.0194
Greedy-DPP,3.85,3,0.7845,0.0198
Greedy-DPP,3.86,3,0.7841,0.02
Greedy-DPP,3.87,3,0.7837,0.0202
Greedy-DPP,3.88,3,0.7835,0.0203
Greedy-DPP,3.89,3,0.7833,0.0203
Greedy-DPP,3.9,3,0.7831,0.02
Greedy-DPP,3.91,3,0.7829,0.02
Greedy-DPP,3.92,3,0.7827,0.0203
Greedy-DPP,3.93,3,0.7824,0.0204
Greedy-DPP,3.94,3,0.7822,0.0204
Greedy-DPP,3.95,3,0.7821,0.0203
Greedy-DPP,3.96,3,0.782,0.0204
Greedy-DPP,3.97,3,0.7816,0.0201
Greedy-DPP,3.98,3,0.7813,0.02
Greedy-DPP,3.99,3,0.781,0.0204
Greedy-DPP,4.0,3,0.7807,0.0206
Greedy-DPP,4.01,3,0.7805,0.021
Greedy-DPP,4.02,3,0.7802,0.0214
Greedy-DPP,4.03,3,0.78,0.0218
Greedy-DPP,4.04,3,0.7797,0.0217
Greedy-DPP,4.05,3,0.7796,0.0217
Greedy-DPP,4.06,3,0.7792,0.0214
Greedy-DPP,4.07,3,0.7789,0.0215
Greedy-DPP,4.08,3,0.7786,0.0216
Greedy-DPP,4.09,3,0.7784,0.0218
Greedy-DPP,4.1,3,0.7782,0.0218
Greedy-DPP,4.11,3,0.778,0.0219
Greedy-DPP,4.12,3,0.7777,0.0222
Greedy-DPP,4.13,3,0.7774,0.0218
Greedy-DPP,4.14,3,0.7772,0.0221
Greedy-DPP,4.15,3,0.7769,0.0224
Greedy-DPP,4.16,3,0.7767,0.0225
Greedy-DPP,4.17,3,0.7765,0.0225
Greedy-DPP,4.18,3,0.7763,0.0225
Greedy-DPP,4.19,3,0.7761,0.0224
Greedy-DPP,4.2,3,0.7757,0.0223
Greedy-DPP,4.21,3,0.7755,0.0225
Greedy-DPP,4.22,3,0.7753,0.0224
Greedy-DPP,4.23,3,0.775,0.0228
Greedy-DPP,4.24,3,0.7746,0.0225
Greedy-DPP,4.25,3,0.7745,0.0226
Greedy-DPP,4.26,3,0.7741,0.0228
Greedy-DPP,4.27,3,0.774,0.0231
Greedy-DPP,4.28,3,0.7736,0.0229
Greedy-DPP,4.29,3,0.7734,0.0232
Greedy-DPP,4.3,3,0.7732,0.0233
Greedy-DPP,4.31,3,0.7728,0.0237
Greedy-DPP,4.32,3,0.7724,0.0236
Greedy-DPP,4.33,3,0.7723,0.0239
Greedy-DPP,4.34,3,0.7721,0.024
Greedy-DPP,4.35,3,0.7718,0.0238
Greedy-DPP,4.36,3,0.7716,0.0238
Greedy-DPP,4.37,3,0.7714,0.0237
Greedy-DPP,4.38,3,0.7713,0.0237
Greedy-DPP,4.39,3,0.7711,0.0235
Greedy-DPP,4.4,3,0.7709,0.0234
Greedy-DPP,4.41,3,0.7707,0.0232
Greedy-DPP,4.42,3,0.7706,0.0232
Greedy-DPP,4.43,3,0.7704,0.0233
Greedy-DPP,4.44,3,0.7701,0.0232
Greedy-DPP,4.45,3,0.7699,0.0231
Greedy-DPP,4.46,3,0.7698,0.0228
Greedy-DPP,4.47,3,0.7696,0.0227
Greedy-DPP,4.48,3,0.7693,0.0228
Greedy-DPP,4.49,3,0.7691,0.0224
Greedy-DPP,4.5,3,0.7688,0.0225
Greedy-DPP,4.51,3,0.7687,0.0223
Greedy-DPP,4.52,3,0.7685,0.0221
Greedy-DPP,4.53,3,0.7684,0.0226
Greedy-DPP,4.54,3,0.7681,0.0224
Greedy-DPP,4.55,3,0.7678,0.0222
Greedy-DPP,4.56,3,0.7675,0.022
Greedy-DPP,4.57,3,0.7673,0.0226
Greedy-DPP,4.58,3,0.767,0.023
Greedy-DPP,4.59,3,0.7668,0.0228
Greedy-DPP,4.6,3,0.7666,0.0231
Greedy-DPP,4.61,3,0.7665,0.0232
Greedy-DPP,4.62,3,0.7664,0.0233
Greedy-DPP,4.63,3,0.7662,0.0234
Greedy-DPP,4.64,3,0.766,0.0235
Greedy-DPP,4.65,3,0.7657,0.0235
Greedy-DPP,4.66,3,0.7656,0.0239
Greedy-DPP,4.67,3,0.7654,0.0241
Greedy-DPP,4.68,3,0.7651,0.0243
Greedy-DPP,4.69,3,0.765,0.0243
Greedy-DPP,4.7,3,0.7649,0.0241
Greedy-DPP,4.71,3,0.7648,0.0243
Greedy-DPP,4.72,3,0.7646,0.0246
Greedy-DPP,4.73,3,0.7644,0.0247
Greedy-DPP,4.74,3,0.7644,0.0248
Greedy-DPP,4.75,3,0.7642,0.0251
Greedy-DPP,4.76,3,0.764,0.025
Greedy-DPP,4.77,3,0.7638,0.025
Greedy-DPP,4.78,3,0.7637,0.0248
Greedy-DPP,4.79,3,0.7636,0.0245
Greedy-DPP,4.8,3,0.7634,0.0247
Greedy-DPP,4.81,3,0.7633,0.0246
Greedy-DPP,4.82,3,0.7632,0.0246
Greedy-DPP,4.83,3,0.763,0.0247
Greedy-DPP,4.84,3,0.7628,0.0247
Greedy-DPP,4.85,3,0.7627,0.0246
Greedy-DPP,4.86,3,0.7624,0.0248
Greedy-DPP,4.87,3,0.7623,0.0248
Greedy-DPP,4.88,3,0.7622,0.0246
Greedy-DPP,4.89,3,0.762,0.0248
Greedy-DPP,4.9,3,0.7618,0.025
Greedy-DPP,4.91,3,0.7616,0.0248
Greedy-DPP,4.92,3,0.7616,0.0249
Greedy-DPP,4.93,3,0.7614,0.025
Greedy-DPP,4.94,3,0.7613,0.0247
Greedy-DPP,4.95,3,0.7612,0.0247
Greedy-DPP,4.96,3,0.761,0.0246
Greedy-DPP,4.97,3,0.7609,0.0247
Greedy-DPP,4.98,3,0.7607,0.0246
Greedy-DPP,4.99,3,0.7607,0.0244
Greedy-DPP,5.0,3,0.7608,0.025
Greedy-DPP,5.01,3,0.7606,0.0249
Greedy-DPP,5.02,3,0.7605,0.0249
Greedy-DPP,5.03,3,0.7602,0.0251
Greedy-DPP,5.04,3,0.7602,0.0252
Greedy-DPP,5.05,3,0.7599,0.0254
Greedy-DPP,5.06,3,0.7599,0.0254
Greedy-DPP,5.07,3,0.7598,0.0254
Greedy-DPP,5.08,3,0.7596,0.0258
Greedy-DPP,5.09,3,0.7595,0.026
Greedy-DPP,5.1,3,0.7594,0.0263
Greedy-DPP,5.11,3,0.7593,0.0263
Greedy-DPP,5.12,3,0.7593,0.0262
Greedy-DPP,5.13,3,0.759,0.0261
Greedy-DPP,5.14,3,0.7589,0.0264
Greedy-DPP,5.15,3,0.7588,0.0265
Greedy-DPP,5.16,3,0.7588,0.0265
Greedy-DPP,5.17,3,0.7586,0.0267
Greedy-DPP,5.18,3,0.7585,0.0269
Greedy-DPP,5.19,3,0.7583,0.0267
Greedy-DPP,5.2,3,0.7582,0.0269
Greedy-DPP,5.21,3,0.7581,0.0271
Greedy-DPP,5.22,3,0.7581,0.027
Greedy-DPP,5.23,3,0.758,0.0269
Greedy-DPP,5.24,3,0.7578,0.027
Greedy-DPP,5.25,3,0.7575,0.0273
Greedy-DPP,5.26,3,0.7574,0.027
Greedy-DPP,5.27,3,0.7573,0.0272
Greedy-DPP,5.28,3,0.7572,0.0271
Greedy-DPP,5.29,3,0.7571,0.0271
Greedy-DPP,5.3,3,0.757,0.0271
Greedy-DPP,5.31,3,0.7569,0.0272
Greedy-DPP,5.32,3,0.7569,0.0271
Greedy-DPP,5.33,3,0.7568,0.0272
Greedy-DPP,5.34,3,0.7568,0.0273
Greedy-DPP,5.35,3,0.7566,0.0272
Greedy-DPP,5.36,3,0.7565,0.0272
Greedy-DPP,5.37,3,0.7564,0.0274
Greedy-DPP,5.38,3,0.7563,0.0273
Greedy-DPP,5.39,3,0.7562,0.0271
Greedy-DPP,5.4,3,0.7561,0.0272
Greedy-DPP,5.41,3,0.756,0.0273
Greedy-DPP,5.42,3,0.756,0.0274
Greedy-DPP,5.43,3,0.756,0.0274
Greedy-DPP,5.44,3,0.756,0.0274
Greedy-DPP,5.45,3,0.756,0.0274
Greedy-DPP,5.46,3,0.756,0.0274
Greedy-DPP,5.47,3,0.756,0.0275
Greedy-DPP,5.48,3,0.7559,0.0275
Greedy-DPP,5.49,3,0.756,0.0273
Greedy-DPP,5.5,3,0.7559,0.0272
Greedy-DPP,5.51,3,0.7558,0.0272
Greedy-DPP,5.52,3,0.7558,0.0273
Greedy-DPP,5.53,3,0.7557,0.0272
Greedy-DPP,5.54,3,0.7556,0.0272
Greedy-DPP,5.55,3,0.7556,0.0271
Greedy-DPP,5.56,3,0.7555,0.0271
Greedy-DPP,5.57,3,0.7555,0.0273
Greedy-DPP,5.58,3,0.7554,0.0271
Greedy-DPP,5.59,3,0.7554,0.0273
Greedy-DPP,5.6,3,0.7553,0.0272
Greedy-DPP,5.61,3,0.7553,0.0272
Greedy-DPP,5.62,3,0.7553,0.0272
Greedy-DPP,5.63,3,0.7552,0.0271
Greedy-DPP,5.64,3,0.7552,0.0272
Greedy-DPP,5.65,3,0.7551,0.0271
Greedy-DPP,5.66,3,0.7551,0.0271
Greedy-DPP,5.67,3,0.755,0.0271
Greedy-DPP,5.68,3,0.755,0.0272
Greedy-DPP,5.69,3,0.755,0.0272
Greedy-DPP,5.7,3,0.7549,0.0269
Greedy-DPP,5.71,3,0.7549,0.0269
Greedy-DPP,5.72,3,0.7549,0.0269
Greedy-DPP,5.73,3,0.7549,0.027
Greedy-DPP,5.74,3,0.7549,0.027
Greedy-DPP,5.75,3,0.7549,0.0269
Greedy-DPP,5.76,3,0.7548,0.0269
Greedy-DPP,5.77,3,0.7548,0.0269
Greedy-DPP,5.78,3,0.7548,0.027
Greedy-DPP,5.79,3,0.7548,0.027
Greedy-DPP,5.81,3,0.7547,0.0272
Greedy-DPP,5.82,3,0.7547,0.0272
Greedy-DPP,5.83,3,0.7547,0.0272
Greedy-DPP,5.84,3,0.7546,0.0272
Greedy-DPP,5.85,3,0.7546,0.0272
Greedy-DPP,5.86,3,0.7546,0.0272
Greedy-DPP,5.87,3,0.7546,0.027
Greedy-DPP,5.88,3,0.7546,0.0271
Greedy-DPP,5.89,3,0.7545,0.0272
Greedy-DPP,5.9,3,0.7545,0.0272
Greedy-DPP,5.91,3,0.7545,0.0272
Greedy-DPP,5.92,3,0.7545,0.0272
Greedy-DPP,5.93,3,0.7545,0.0272
Greedy-DPP,5.94,3,0.7545,0.0271
Greedy-DPP,5.95,3,0.7545,0.0271
Greedy-DPP,5.96,3,0.7545,0.0271
Greedy-DPP,5.97,3,0.7544,0.027
Greedy-DPP,5.99,3,0.7544,0.027
Greedy-DPP,6.0,3,0.7544,0.027
Greedy-DPP,6.02,2,0.7482,0.014
Greedy-DPP,6.03,3,0.7544,0.027
Greedy-DPP,6.04,3,0.7544,0.027
Greedy-DPP,6.05,2,0.7581,0.1118
Greedy-DPP,6.06,2,0.7581,0.1118
Greedy-DPP,6.07,2,0.7581,0.1118
Greedy-DPP,6.08,3,0.7544,0.0268
Greedy-DPP,6.09,3,0.7544,0.0268
Greedy-DPP,6.1,3,0.7544,0.0268
Greedy-DPP,6.12,1,0.7493,0.0
Greedy-DPP,6.13,3,0.7545,0.0274
Greedy-DPP,6.15,3,0.7545,0.0274
Greedy-DPP,6.16,2,0.7582,0.1137
Greedy-DPP,6.2,1,0.7493,0.0
Greedy-DPP,6.21,2,0.7582,0.1137
Greedy-DPP,6.22,2,0.7582,0.1137
Greedy-DPP,6.25,2,0.7582,0.1137
Greedy-DPP,6.26,2,0.7582,0.1137
Greedy-DPP,6.28,2,0.7582,0.1137
Greedy-DPP,6.31,2,0.7482,0.014
Greedy-DPP,6.32,3,0.7545,0.0274
Greedy-DPP,6.34,1,0.7493,0.0
Greedy-DPP,6.35,2,0.7582,0.1137
Greedy-DPP,6.36,3,0.7545,0.0274
Greedy-DPP,6.42,3,0.7545,0.0274
Greedy-DPP,6.47,2,0.7481,0.0146
Greedy-DPP,6.48,2,0.7481,0.0146
VendiG(0.3),0.99,3,0.7703,0.0076
VendiG(0.3),1.0,3,0.7703,0.0076
VendiG(0.3),1.01,3,0.7744,0.007
VendiG(0.3),1.02,3,0.775,0.0069
VendiG(0.3),1.03,3,0.7759,0.0066
VendiG(0.3),1.04,3,0.777,0.0065
VendiG(0.3),1.05,3,0.778,0.0063
VendiG(0.3),1.06,3,0.7791,0.0065
VendiG(0.3),1.07,3,0.78,0.0064
VendiG(0.3),1.08,3,0.7807,0.0064
VendiG(0.3),1.09,3,0.7815,0.0066
VendiG(0.3),1.1,3,0.7818,0.0066
VendiG(0.3),1.11,3,0.782,0.0064
VendiG(0.3),1.12,3,0.7822,0.0065
VendiG(0.3),1.13,3,0.7825,0.0064
VendiG(0.3),1.14,3,0.7825,0.0064
VendiG(0.3),1.15,3,0.7827,0.0062
VendiG(0.3),1.16,3,0.7826,0.0061
VendiG(0.3),1.17,3,0.7826,0.006
VendiG(0.3),1.18,3,0.7826,0.006
VendiG(0.3),1.19,3,0.7824,0.0058
VendiG(0.3),1.2,3,0.7823,0.0059
VendiG(0.3),1.21,3,0.7822,0.0059
VendiG(0.3),1.22,3,0.7821,0.0058
VendiG(0.3),1.23,3,0.7818,0.0059
VendiG(0.3),1.24,3,0.7816,0.0058
VendiG(0.3),1.25,3,0.781,0.0067
VendiG(0.3),1.26,3,0.7808,0.0064
VendiG(0.3),1.27,3,0.7804,0.0063
VendiG(0.3),1.28,3,0.78,0.0071
VendiG(0.3),1.29,3,0.7795,0.0072
VendiG(0.3),1.3,3,0.779,0.0075
VendiG(0.3),1.31,3,0.7786,0.0074
VendiG(0.3),1.32,3,0.7781,0.0077
VendiG(0.3),1.33,3,0.7778,0.0075
VendiG(0.3),1.34,3,0.7775,0.0074
VendiG(0.3),1.35,3,0.7772,0.0076
VendiG(0.3),1.36,3,0.7769,0.0076
VendiG(0.3),1.37,3,0.7766,0.0073
VendiG(0.3),1.38,3,0.7762,0.0069
VendiG(0.3),1.39,3,0.7758,0.0069
VendiG(0.3),1.4,3,0.7756,0.0067
VendiG(0.3),1.41,3,0.7753,0.0067
VendiG(0.3),1.42,3,0.775,0.0065
VendiG(0.3),1.43,3,0.7748,0.0062
VendiG(0.3),1.44,3,0.7745,0.0062
VendiG(0.3),1.45,3,0.7741,0.0064
VendiG(0.3),1.46,3,0.7737,0.0062
VendiG(0.3),1.47,3,0.7733,0.0064
VendiG(0.3),1.48,3,0.7729,0.0068
VendiG(0.3),1.49,3,0.7724,0.0072
VendiG(0.3),1.5,3,0.7717,0.007
VendiG(0.3),1.51,3,0.771,0.0071
VendiG(0.3),1.52,3,0.7704,0.0067
VendiG(0.3),1.53,3,0.7699,0.007
VendiG(0.3),1.54,3,0.7691,0.0072
VendiG(0.3),1.55,3,0.7686,0.0066
VendiG(0.3),1.56,3,0.7679,0.0068
VendiG(0.3),1.57,3,0.7672,0.0068
VendiG(0.3),1.58,3,0.7665,0.0061
VendiG(0.3),1.59,3,0.7658,0.0057
VendiG(0.3),1.6,3,0.7652,0.0057
VendiG(0.3),1.61,3,0.7646,0.006
VendiG(0.3),1.62,3,0.7639,0.0057
VendiG(0.3),1.63,3,0.763,0.0062
VendiG(0.3),1.64,3,0.7622,0.0062
VendiG(0.3),1.65,3,0.7615,0.0058
VendiG(0.3),1.66,3,0.7608,0.0056
VendiG(0.3),1.67,3,0.7601,0.0057
VendiG(0.3),1.68,3,0.759,0.0065
VendiG(0.3),1.69,3,0.7579,0.0066
VendiG(0.3),1.7,3,0.7569,0.0066
VendiG(0.3),1.71,3,0.7559,0.0073
VendiG(0.3),1.72,3,0.7549,0.0072
VendiG(0.3),1.73,3,0.7538,0.0071
VendiG(0.3),1.74,3,0.753,0.0067
VendiG(0.3),1.75,3,0.752,0.0068
VendiG(0.3),1.76,3,0.7512,0.0067
VendiG(0.3),1.77,3,0.7501,0.006
VendiG(0.3),1.78,3,0.7494,0.0065
VendiG(0.3),1.79,3,0.7486,0.007
VendiG(0.3),1.8,3,0.7476,0.0068
VendiG(0.3),1.81,3,0.7467,0.0068
VendiG(0.3),1.82,3,0.746,0.0067
VendiG(0.3),1.83,3,0.7452,0.0073
VendiG(0.3),1.84,3,0.7446,0.0075
VendiG(0.3),1.85,3,0.7438,0.0076
VendiG(0.3),1.86,3,0.7432,0.0074
VendiG(0.3),1.87,3,0.7423,0.0082
VendiG(0.3),1.88,3,0.7415,0.0076
VendiG(0.3),1.89,3,0.741,0.0072
VendiG(0.3),1.9,3,0.7403,0.0077
VendiG(0.3),1.91,3,0.7396,0.0076
VendiG(0.3),1.92,3,0.7392,0.0074
VendiG(0.3),1.93,3,0.7384,0.0069
VendiG(0.3),1.94,3,0.7378,0.0068
VendiG(0.3),1.95,3,0.7372,0.0065
VendiG(0.3),1.96,3,0.7367,0.006
VendiG(0.3),1.97,3,0.7363,0.0065
VendiG(0.3),1.98,3,0.7356,0.0063
VendiG(0.3),1.99,3,0.7351,0.0069
VendiG(0.3),2.0,3,0.7347,0.0071
VendiG(0.3),2.01,3,0.7342,0.0072
VendiG(0.3),2.02,3,0.7337,0.0071
VendiG(0.3),2.03,3,0.733,0.0071
VendiG(0.3),2.04,3,0.7323,0.0069
VendiG(0.3),2.05,3,0.7317,0.0072
VendiG(0.3),2.06,3,0.7309,0.007
VendiG(0.3),2.07,3,0.7302,0.0073
VendiG(0.3),2.08,3,0.7296,0.0074
VendiG(0.3),2.09,3,0.7287,0.0076
VendiG(0.3),2.1,3,0.7282,0.0071
VendiG(0.3),2.11,3,0.7277,0.007
VendiG(0.3),2.12,3,0.7272,0.0072
VendiG(0.3),2.13,3,0.7266,0.0071
VendiG(0.3),2.14,3,0.726,0.0072
VendiG(0.3),2.15,3,0.7256,0.007
VendiG(0.3),2.16,3,0.725,0.007
VendiG(0.3),2.17,3,0.7244,0.007
VendiG(0.3),2.18,3,0.7238,0.007
VendiG(0.3),2.19,3,0.7232,0.0064
VendiG(0.3),2.2,3,0.7223,0.0064
VendiG(0.3),2.21,3,0.7218,0.0062
VendiG(0.3),2.22,3,0.721,0.0056
VendiG(0.3),2.23,3,0.7204,0.0056
VendiG(0.3),2.24,3,0.72,0.0053
VendiG(0.3),2.25,3,0.7194,0.0055
VendiG(0.3),2.26,3,0.7187,0.0048
VendiG(0.3),2.27,3,0.7179,0.0046
VendiG(0.3),2.28,3,0.7174,0.0043
VendiG(0.3),2.29,3,0.7166,0.0046
VendiG(0.3),2.3,3,0.7161,0.0053
VendiG(0.3),2.31,3,0.7154,0.0047
VendiG(0.3),2.32,3,0.7149,0.0049
VendiG(0.3),2.33,3,0.7142,0.0055
VendiG(0.3),2.34,3,0.7137,0.0057
VendiG(0.3),2.35,3,0.7133,0.0055
VendiG(0.3),2.36,3,0.7128,0.0055
VendiG(0.3),2.37,3,0.7124,0.0057
VendiG(0.3),2.38,3,0.7118,0.0058
VendiG(0.3),2.39,3,0.7111,0.0059
VendiG(0.3),2.4,3,0.7106,0.0058
VendiG(0.3),2.41,3,0.71,0.0061
VendiG(0.3),2.42,3,0.7095,0.0057
VendiG(0.3),2.43,3,0.709,0.0056
VendiG(0.3),2.44,3,0.7085,0.0056
VendiG(0.3),2.45,3,0.708,0.0058
VendiG(0.3),2.46,3,0.7073,0.0063
VendiG(0.3),2.47,3,0.7066,0.0063
VendiG(0.3),2.48,3,0.706,0.0065
VendiG(0.3),2.49,3,0.7055,0.0065
VendiG(0.3),2.5,3,0.705,0.0065
VendiG(0.3),2.51,3,0.7044,0.0066
VendiG(0.3),2.52,3,0.7036,0.0068
VendiG(0.3),2.53,3,0.703,0.0071
VendiG(0.3),2.54,3,0.7023,0.0071
VendiG(0.3),2.55,3,0.7016,0.0074
VendiG(0.3),2.56,3,0.7009,0.0075
VendiG(0.3),2.57,3,0.7003,0.0078
VendiG(0.3),2.58,3,0.6997,0.0074
VendiG(0.3),2.59,3,0.6993,0.0073
VendiG(0.3),2.6,3,0.6987,0.0074
VendiG(0.3),2.61,3,0.6982,0.007
VendiG(0.3),2.62,3,0.6974,0.0063
VendiG(0.3),2.63,3,0.6965,0.0057
VendiG(0.3),2.64,3,0.6958,0.0058
VendiG(0.3),2.65,3,0.6951,0.0063
VendiG(0.3),2.66,3,0.6945,0.0065
VendiG(0.3),2.67,3,0.6939,0.0065
VendiG(0.3),2.68,3,0.6931,0.0064
VendiG(0.3),2.69,3,0.6924,0.0063
VendiG(0.3),2.7,3,0.6918,0.0064
VendiG(0.3),2.71,3,0.691,0.0066
VendiG(0.3),2.72,3,0.6905,0.0064
VendiG(0.3),2.73,3,0.6898,0.0063
VendiG(0.3),2.74,3,0.6893,0.0065
VendiG(0.3),2.75,3,0.6888,0.0065
VendiG(0.3),2.76,3,0.6881,0.0067
VendiG(0.3),2.77,3,0.6876,0.0072
VendiG(0.3),2.78,3,0.687,0.0072
VendiG(0.3),2.79,3,0.6866,0.0071
VendiG(0.3),2.8,3,0.686,0.0069
VendiG(0.3),2.81,3,0.6853,0.0074
VendiG(0.3),2.82,3,0.6847,0.0075
VendiG(0.3),2.83,3,0.6841,0.0068
VendiG(0.3),2.84,3,0.6834,0.0069
VendiG(0.3),2.85,3,0.6828,0.0072
VendiG(0.3),2.86,3,0.6821,0.0069
VendiG(0.3),2.87,3,0.6816,0.0065
VendiG(0.3),2.88,3,0.6809,0.0067
VendiG(0.3),2.89,3,0.6802,0.0067
VendiG(0.3),2.9,3,0.6794,0.0069
VendiG(0.3),2.91,3,0.6789,0.0067
VendiG(0.3),2.92,3,0.6784,0.0067
VendiG(0.3),2.93,3,0.6778,0.0069
VendiG(0.3),2.94,3,0.677,0.0064
VendiG(0.3),2.95,3,0.6764,0.0065
VendiG(0.3),2.96,3,0.6757,0.0059
VendiG(0.3),2.97,3,0.675,0.0057
VendiG(0.3),2.98,3,0.6742,0.0054
VendiG(0.3),2.99,3,0.6735,0.0051
VendiG(0.3),3.0,3,0.673,0.0055
VendiG(0.3),3.01,3,0.6726,0.006
VendiG(0.3),3.02,3,0.672,0.0065
VendiG(0.3),3.03,3,0.6715,0.0062
VendiG(0.3),3.04,3,0.6707,0.006
VendiG(0.3),3.05,3,0.6701,0.0059
VendiG(0.3),3.06,3,0.6695,0.0061
VendiG(0.3),3.07,3,0.6689,0.0065
VendiG(0.3),3.08,3,0.6683,0.0067
VendiG(0.3),3.09,3,0.6678,0.0063
VendiG(0.3),3.1,3,0.6672,0.0065
VendiG(0.3),3.11,3,0.6665,0.0065
VendiG(0.3),3.12,3,0.666,0.0065
VendiG(0.3),3.13,3,0.6654,0.0063
VendiG(0.3),3.14,3,0.6648,0.0067
VendiG(0.3),3.15,3,0.6643,0.0066
VendiG(0.3),3.16,3,0.6635,0.0073
VendiG(0.3),3.17,3,0.6627,0.0078
VendiG(0.3),3.18,3,0.662,0.0081
VendiG(0.3),3.19,3,0.6612,0.0081
VendiG(0.3),3.2,3,0.6606,0.008
VendiG(0.3),3.21,3,0.6598,0.0075
VendiG(0.3),3.22,3,0.6593,0.0073
VendiG(0.3),3.23,3,0.6589,0.0079
VendiG(0.3),3.24,3,0.6584,0.0077
VendiG(0.3),3.25,3,0.6578,0.0079
VendiG(0.3),3.26,3,0.6574,0.0078
VendiG(0.3),3.27,3,0.6568,0.0077
VendiG(0.3),3.28,3,0.6563,0.0079
VendiG(0.3),3.29,3,0.6559,0.0082
VendiG(0.3),3.3,3,0.6555,0.0077
VendiG(0.3),3.31,3,0.6549,0.0074
VendiG(0.3),3.32,3,0.6544,0.0076
VendiG(0.3),3.33,3,0.6539,0.0068
VendiG(0.3),3.34,3,0.6533,0.0065
VendiG(0.3),3.35,3,0.653,0.0062
VendiG(0.3),3.36,3,0.6523,0.0073
VendiG(0.3),3.37,3,0.6519,0.0076
VendiG(0.3),3.38,3,0.6514,0.0076
VendiG(0.3),3.39,3,0.651,0.0073
VendiG(0.3),3.4,3,0.6504,0.0072
VendiG(0.3),3.41,3,0.6499,0.0075
VendiG(0.3),3.42,3,0.6492,0.0076
VendiG(0.3),3.43,3,0.6487,0.0076
VendiG(0.3),3.44,3,0.6482,0.0074
VendiG(0.3),3.45,3,0.6477,0.007
VendiG(0.3),3.46,3,0.647,0.0074
VendiG(0.3),3.47,3,0.6464,0.0074
VendiG(0.3),3.48,3,0.6459,0.0077
VendiG(0.3),3.49,3,0.6455,0.0081
VendiG(0.3),3.5,3,0.645,0.0081
VendiG(0.3),3.51,3,0.6445,0.0083
VendiG(0.3),3.52,3,0.6439,0.0084
VendiG(0.3),3.53,3,0.6434,0.0085
VendiG(0.3),3.54,3,0.6428,0.0088
VendiG(0.3),3.55,3,0.6421,0.0085
VendiG(0.3),3.56,3,0.6415,0.0083
VendiG(0.3),3.57,3,0.641,0.0084
VendiG(0.3),3.58,3,0.6401,0.008
VendiG(0.3),3.59,3,0.6393,0.0082
VendiG(0.3),3.6,3,0.6388,0.0085
VendiG(0.3),3.61,3,0.6382,0.0088
VendiG(0.3),3.62,3,0.6376,0.0088
VendiG(0.3),3.63,3,0.6368,0.0086
VendiG(0.3),3.64,3,0.6363,0.009
VendiG(0.3),3.65,3,0.6357,0.0089
VendiG(0.3),3.66,3,0.635,0.0102
VendiG(0.3),3.67,3,0.6345,0.0107
VendiG(0.3),3.68,3,0.6338,0.0111
VendiG(0.3),3.69,3,0.6332,0.0112
VendiG(0.3),3.7,3,0.6326,0.0111
VendiG(0.3),3.71,3,0.6319,0.0113
VendiG(0.3),3.72,3,0.6313,0.0112
VendiG(0.3),3.73,3,0.6306,0.0102
VendiG(0.3),3.74,3,0.63,0.0099
VendiG(0.3),3.75,3,0.6294,0.0106
VendiG(0.3),3.76,3,0.6286,0.0103
VendiG(0.3),3.77,3,0.6277,0.0116
VendiG(0.3),3.78,3,0.627,0.0116
VendiG(0.3),3.79,3,0.6265,0.0124
VendiG(0.3),3.8,3,0.6259,0.0123
VendiG(0.3),3.81,3,0.6256,0.0125
VendiG(0.3),3.82,3,0.6251,0.0123
VendiG(0.3),3.83,3,0.6245,0.0128
VendiG(0.3),3.84,3,0.6237,0.0128
VendiG(0.3),3.85,3,0.6233,0.0133
VendiG(0.3),3.86,3,0.6224,0.0134
VendiG(0.3),3.87,3,0.6213,0.013
VendiG(0.3),3.88,3,0.6206,0.0128
VendiG(0.3),3.89,3,0.6201,0.0132
VendiG(0.3),3.9,3,0.6193,0.0127
VendiG(0.3),3.91,3,0.6186,0.0127
VendiG(0.3),3.92,3,0.6179,0.013
VendiG(0.3),3.93,3,0.6171,0.0131
VendiG(0.3),3.94,3,0.6165,0.0131
VendiG(0.3),3.95,3,0.6162,0.0128
VendiG(0.3),3.96,3,0.6155,0.0125
VendiG(0.3),3.97,3,0.6146,0.0122
VendiG(0.3),3.98,3,0.6139,0.0125
VendiG(0.3),3.99,3,0.6131,0.0131
VendiG(0.3),4.0,3,0.6123,0.0126
VendiG(0.3),4.01,3,0.6114,0.0135
VendiG(0.3),4.02,3,0.6108,0.0138
VendiG(0.3),4.03,3,0.61,0.0143
VendiG(0.3),4.04,3,0.6094,0.0143
VendiG(0.3),4.05,3,0.6088,0.0139
VendiG(0.3),4.06,3,0.6078,0.0127
VendiG(0.3),4.07,3,0.607,0.0133
VendiG(0.3),4.08,3,0.6061,0.0133
VendiG(0.3),4.09,3,0.6053,0.0135
VendiG(0.3),4.1,3,0.6048,0.0134
VendiG(0.3),4.11,3,0.604,0.0137
VendiG(0.3),4.12,3,0.6031,0.0132
VendiG(0.3),4.13,3,0.6024,0.0125
VendiG(0.3),4.14,3,0.6016,0.0128
VendiG(0.3),4.15,3,0.6008,0.0133
VendiG(0.3),4.16,3,0.6001,0.0129
VendiG(0.3),4.17,3,0.5994,0.0127
VendiG(0.3),4.18,3,0.5987,0.0129
VendiG(0.3),4.19,3,0.598,0.0126
VendiG(0.3),4.2,3,0.5973,0.0122
VendiG(0.3),4.21,3,0.5966,0.012
VendiG(0.3),4.22,3,0.5958,0.0117
VendiG(0.3),4.23,3,0.595,0.0119
VendiG(0.3),4.24,3,0.5942,0.0114
VendiG(0.3),4.25,3,0.5935,0.0113
VendiG(0.3),4.26,3,0.5926,0.0114
VendiG(0.3),4.27,3,0.5919,0.0116
VendiG(0.3),4.28,3,0.5911,0.0115
VendiG(0.3),4.29,3,0.5903,0.0116
VendiG(0.3),4.3,3,0.5896,0.0115
VendiG(0.3),4.31,3,0.5889,0.0126
VendiG(0.3),4.32,3,0.5881,0.0126
VendiG(0.3),4.33,3,0.5875,0.0128
VendiG(0.3),4.34,3,0.5867,0.0131
VendiG(0.3),4.35,3,0.5858,0.0127
VendiG(0.3),4.36,3,0.5851,0.0125
VendiG(0.3),4.37,3,0.5844,0.0123
VendiG(0.3),4.38,3,0.5836,0.0121
VendiG(0.3),4.39,3,0.5827,0.0125
VendiG(0.3),4.4,3,0.5821,0.0124
VendiG(0.3),4.41,3,0.5813,0.0121
VendiG(0.3),4.42,3,0.5808,0.0118
VendiG(0.3),4.43,3,0.5802,0.0119
VendiG(0.3),4.44,3,0.5794,0.0121
VendiG(0.3),4.45,3,0.5785,0.0118
VendiG(0.3),4.46,3,0.5779,0.0115
VendiG(0.3),4.47,3,0.5773,0.0114
VendiG(0.3),4.48,3,0.5762,0.0113
VendiG(0.3),4.49,3,0.5754,0.0107
VendiG(0.3),4.5,3,0.5745,0.0099
VendiG(0.3),4.51,3,0.5739,0.0098
VendiG(0.3),4.52,3,0.5733,0.01
VendiG(0.3),4.53,3,0.5726,0.0097
VendiG(0.3),4.54,3,0.5717,0.0097
VendiG(0.3),4.55,3,0.5711,0.0094
VendiG(0.3),4.56,3,0.5702,0.0092
VendiG(0.3),4.57,3,0.5694,0.0097
VendiG(0.3),4.58,3,0.5686,0.0101
VendiG(0.3),4.59,3,0.5679,0.0097
VendiG(0.3),4.6,3,0.5671,0.0098
VendiG(0.3),4.61,3,0.5664,0.0097
VendiG(0.3),4.62,3,0.5658,0.0088
VendiG(0.3),4.63,3,0.5653,0.0089
VendiG(0.3),4.64,3,0.5644,0.0088
VendiG(0.3),4.65,3,0.5636,0.0092
VendiG(0.3),4.66,3,0.563,0.0093
VendiG(0.3),4.67,3,0.5624,0.0095
VendiG(0.3),4.68,3,0.5618,0.0097
VendiG(0.3),4.69,3,0.5612,0.0102
VendiG(0.3),4.7,3,0.5606,0.0098
VendiG(0.3),4.71,3,0.56,0.0093
VendiG(0.3),4.72,3,0.5593,0.0093
VendiG(0.3),4.73,3,0.5587,0.0094
VendiG(0.3),4.74,3,0.5581,0.0101
VendiG(0.3),4.75,3,0.5573,0.0102
VendiG(0.3),4.76,3,0.5565,0.0099
VendiG(0.3),4.77,3,0.556,0.0101
VendiG(0.3),4.78,3,0.5554,0.0098
VendiG(0.3),4.79,3,0.5549,0.0094
VendiG(0.3),4.8,3,0.5542,0.0094
VendiG(0.3),4.81,3,0.5537,0.0088
VendiG(0.3),4.82,3,0.5531,0.0087
VendiG(0.3),4.83,3,0.5524,0.0085
VendiG(0.3),4.84,3,0.5516,0.0087
VendiG(0.3),4.85,3,0.551,0.0087
VendiG(0.3),4.86,3,0.5502,0.0085
VendiG(0.3),4.87,3,0.5495,0.0081
VendiG(0.3),4.88,3,0.5491,0.0081
VendiG(0.3),4.89,3,0.5485,0.0081
VendiG(0.3),4.9,3,0.5478,0.0081
VendiG(0.3),4.91,3,0.5473,0.0078
VendiG(0.3),4.92,3,0.5469,0.0081
VendiG(0.3),4.93,3,0.5463,0.0082
VendiG(0.3),4.94,3,0.5457,0.008
VendiG(0.3),4.95,3,0.5452,0.0076
VendiG(0.3),4.96,3,0.5444,0.0071
VendiG(0.3),4.97,3,0.544,0.007
VendiG(0.3),4.98,3,0.5436,0.0071
VendiG(0.3),4.99,3,0.5433,0.0068
VendiG(0.3),5.0,3,0.5429,0.0066
VendiG(0.3),5.01,3,0.5422,0.0068
VendiG(0.3),5.02,3,0.5417,0.0061
VendiG(0.3),5.03,3,0.5412,0.0061
VendiG(0.3),5.04,3,0.5408,0.0063
VendiG(0.3),5.05,3,0.5402,0.0067
VendiG(0.3),5.06,3,0.5399,0.0065
VendiG(0.3),5.07,3,0.5394,0.0065
VendiG(0.3),5.08,3,0.5387,0.0066
VendiG(0.3),5.09,3,0.5383,0.0062
VendiG(0.3),5.1,3,0.5378,0.0067
VendiG(0.3),5.11,3,0.5373,0.0071
VendiG(0.3),5.12,3,0.5369,0.0072
VendiG(0.3),5.13,3,0.5363,0.0065
VendiG(0.3),5.14,3,0.5358,0.0064
VendiG(0.3),5.15,3,0.5354,0.0063
VendiG(0.3),5.16,3,0.5349,0.0062
VendiG(0.3),5.17,3,0.5342,0.0063
VendiG(0.3),5.18,3,0.5337,0.0069
VendiG(0.3),5.19,3,0.5333,0.0064
VendiG(0.3),5.2,3,0.5329,0.0069
VendiG(0.3),5.21,3,0.5325,0.0072
VendiG(0.3),5.22,3,0.532,0.0072
VendiG(0.3),5.23,3,0.5318,0.0073
VendiG(0.3),5.24,3,0.5314,0.0074
VendiG(0.3),5.25,3,0.5306,0.0079
VendiG(0.3),5.26,3,0.5304,0.0079
VendiG(0.3),5.27,3,0.53,0.0077
VendiG(0.3),5.28,3,0.5296,0.0073
VendiG(0.3),5.29,3,0.5292,0.0074
VendiG(0.3),5.3,3,0.5288,0.007
VendiG(0.3),5.31,3,0.5285,0.0072
VendiG(0.3),5.32,3,0.5283,0.0069
VendiG(0.3),5.33,3,0.528,0.0068
VendiG(0.3),5.34,3,0.5276,0.0071
VendiG(0.3),5.35,3,0.5272,0.0069
VendiG(0.3),5.36,3,0.527,0.0073
VendiG(0.3),5.37,3,0.5265,0.0074
VendiG(0.3),5.38,3,0.526,0.0076
VendiG(0.3),5.39,3,0.5257,0.0071
VendiG(0.3),5.4,3,0.5253,0.0075
VendiG(0.3),5.41,3,0.5251,0.008
VendiG(0.3),5.42,3,0.5248,0.0075
VendiG(0.3),5.43,3,0.5246,0.0077
VendiG(0.3),5.44,3,0.5244,0.0078
VendiG(0.3),5.45,3,0.5242,0.008
VendiG(0.3),5.46,3,0.5239,0.0081
VendiG(0.3),5.47,3,0.5237,0.0079
VendiG(0.3),5.48,3,0.5234,0.0075
VendiG(0.3),5.49,3,0.5232,0.0074
VendiG(0.3),5.5,3,0.523,0.0076
VendiG(0.3),5.51,3,0.5226,0.0078
VendiG(0.3),5.52,3,0.5223,0.0075
VendiG(0.3),5.53,3,0.5222,0.0074
VendiG(0.3),5.54,3,0.5219,0.0077
VendiG(0.3),5.55,3,0.5217,0.0076
VendiG(0.3),5.56,3,0.5216,0.0075
VendiG(0.3),5.57,3,0.5214,0.0075
VendiG(0.3),5.58,3,0.5213,0.0078
VendiG(0.3),5.59,3,0.521,0.0081
VendiG(0.3),5.6,3,0.5208,0.0082
VendiG(0.3),5.61,3,0.5206,0.0084
VendiG(0.3),5.62,3,0.5203,0.0082
VendiG(0.3),5.63,3,0.5201,0.008
VendiG(0.3),5.64,3,0.5199,0.0082
VendiG(0.3),5.65,3,0.5198,0.008
VendiG(0.3),5.66,3,0.5196,0.0079
VendiG(0.3),5.67,3,0.5195,0.0078
VendiG(0.3),5.68,3,0.5194,0.0078
VendiG(0.3),5.69,3,0.5192,0.0081
VendiG(0.3),5.7,3,0.519,0.0079
VendiG(0.3),5.71,3,0.5189,0.0078
VendiG(0.3),5.72,3,0.5187,0.0079
VendiG(0.3),5.73,3,0.5186,0.0079
VendiG(0.3),5.74,3,0.5186,0.008
VendiG(0.3),5.75,3,0.5185,0.0081
VendiG(0.3),5.76,3,0.5184,0.0083
VendiG(0.3),5.77,3,0.5182,0.0084
VendiG(0.3),5.78,3,0.5182,0.0083
VendiG(0.3),5.79,3,0.5181,0.0085
VendiG(0.3),5.81,3,0.5179,0.0086
VendiG(0.3),5.82,3,0.5178,0.0087
VendiG(0.3),5.83,3,0.5177,0.0088
VendiG(0.3),5.84,3,0.5176,0.0088
VendiG(0.3),5.85,3,0.5175,0.0088
VendiG(0.3),5.86,3,0.5175,0.0087
VendiG(0.3),5.87,3,0.5174,0.0087
VendiG(0.3),5.88,3,0.5173,0.0087
VendiG(0.3),5.89,3,0.5172,0.0087
VendiG(0.3),5.9,3,0.5172,0.0085
VendiG(0.3),5.91,3,0.5171,0.0085
VendiG(0.3),5.92,3,0.5169,0.0087
VendiG(0.3),5.93,3,0.5168,0.0084
VendiG(0.3),5.94,3,0.5168,0.0085
VendiG(0.3),5.95,3,0.5167,0.0081
VendiG(0.3),5.96,3,0.5166,0.0081
VendiG(0.3),5.97,3,0.5165,0.0082
VendiG(0.3),5.99,3,0.5165,0.0082
VendiG(0.3),6.0,3,0.5164,0.0082
VendiG(0.3),6.02,2,0.5145,0.0121
VendiG(0.3),6.03,3,0.5163,0.0084
VendiG(0.3),6.04,3,0.5163,0.0085
VendiG(0.3),6.05,2,0.5176,0.0299
VendiG(0.3),6.06,2,0.5175,0.0299
VendiG(0.3),6.07,2,0.5175,0.0305
VendiG(0.3),6.08,3,0.5161,0.0082
VendiG(0.3),6.09,3,0.5161,0.0083
VendiG(0.3),6.1,3,0.516,0.0084
VendiG(0.3),6.12,1,0.515,0.0
VendiG(0.3),6.13,3,0.5161,0.0089
VendiG(0.3),6.15,3,0.5161,0.0089
VendiG(0.3),6.16,2,0.5175,0.0324
VendiG(0.3),6.2,1,0.515,0.0
VendiG(0.3),6.21,2,0.5175,0.033
VendiG(0.3),6.22,2,0.5174,0.033
VendiG(0.3),6.25,2,0.5174,0.033
VendiG(0.3),6.26,2,0.5174,0.033
VendiG(0.3),6.28,2,0.5173,0.0337
VendiG(0.3),6.31,2,0.5139,0.0108
VendiG(0.3),6.32,3,0.5159,0.0091
VendiG(0.3),6.34,1,0.5147,0.0
VendiG(0.3),6.35,2,0.5173,0.0337
VendiG(0.3),6.36,3,0.5158,0.009
VendiG(0.3),6.42,3,0.5158,0.009
VendiG(0.3),6.47,2,0.5138,0.0102
VendiG(0.3),6.48,2,0.5138,0.0102
VendiG(0.5),0.99,3,0.7703,0.0076
VendiG(0.5),1.0,3,0.7703,0.0076
VendiG(0.5),1.01,3,0.7776,0.0069
VendiG(0.5),1.02,3,0.7788,0.0068
VendiG(0.5),1.03,3,0.7804,0.007
VendiG(0.5),1.04,3,0.7823,0.0073
VendiG(0.5),1.05,3,0.7844,0.0066
VendiG(0.5),1.06,3,0.7863,0.0072
VendiG(0.5),1.07,3,0.7881,0.0071
VendiG(0.5),1.08,3,0.7896,0.0065
VendiG(0.5),1.09,3,0.7912,0.0063
VendiG(0.5),1.1,3,0.7918,0.0064
VendiG(0.5),1.11,3,0.7923,0.0063
VendiG(0.5),1.12,3,0.7928,0.0066
VendiG(0.5),1.13,3,0.7932,0.0061
VendiG(0.5),1.14,3,0.7934,0.0062
VendiG(0.5),1.15,3,0.7938,0.0061
VendiG(0.5),1.16,3,0.7938,0.006
VendiG(0.5),1.17,3,0.7938,0.0058
VendiG(0.5),1.18,3,0.7938,0.0058
VendiG(0.5),1.19,3,0.7938,0.0059
VendiG(0.5),1.2,3,0.7937,0.0058
VendiG(0.5),1.21,3,0.7937,0.0058
VendiG(0.5),1.22,3,0.7935,0.0059
VendiG(0.5),1.23,3,0.7933,0.0059
VendiG(0.5),1.24,3,0.7931,0.0057
VendiG(0.5),1.25,3,0.7926,0.0061
VendiG(0.5),1.26,3,0.7924,0.0057
VendiG(0.5),1.27,3,0.7922,0.0058
VendiG(0.5),1.28,3,0.7919,0.0067
VendiG(0.5),1.29,3,0.7917,0.0069
VendiG(0.5),1.3,3,0.7913,0.0071
VendiG(0.5),1.31,3,0.7912,0.0071
VendiG(0.5),1.32,3,0.791,0.0073
VendiG(0.5),1.33,3,0.7908,0.0069
VendiG(0.5),1.34,3,0.7906,0.0069
VendiG(0.5),1.35,3,0.7904,0.0069
VendiG(0.5),1.36,3,0.7903,0.0068
VendiG(0.5),1.37,3,0.79,0.0069
VendiG(0.5),1.38,3,0.7897,0.0063
VendiG(0.5),1.39,3,0.7894,0.0064
VendiG(0.5),1.4,3,0.7893,0.0061
VendiG(0.5),1.41,3,0.7891,0.0061
VendiG(0.5),1.42,3,0.7889,0.0059
VendiG(0.5),1.43,3,0.7887,0.0058
VendiG(0.5),1.44,3,0.7885,0.0057
VendiG(0.5),1.45,3,0.7881,0.0058
VendiG(0.5),1.46,3,0.7878,0.0056
VendiG(0.5),1.47,3,0.7875,0.0059
VendiG(0.5),1.48,3,0.7872,0.0063
VendiG(0.5),1.49,3,0.7868,0.0064
VendiG(0.5),1.5,3,0.7863,0.0062
VendiG(0.5),1.51,3,0.7857,0.0063
VendiG(0.5),1.52,3,0.7852,0.006
VendiG(0.5),1.53,3,0.7848,0.0063
VendiG(0.5),1.54,3,0.7843,0.0062
VendiG(0.5),1.55,3,0.7838,0.0059
VendiG(0.5),1.56,3,0.7832,0.006
VendiG(0.5),1.57,3,0.7827,0.0055
VendiG(0.5),1.58,3,0.7821,0.0051
VendiG(0.5),1.59,3,0.7815,0.0047
VendiG(0.5),1.6,3,0.781,0.0047
VendiG(0.5),1.61,3,0.7805,0.005
VendiG(0.5),1.62,3,0.78,0.0046
VendiG(0.5),1.63,3,0.7794,0.005
VendiG(0.5),1.64,3,0.7788,0.0052
VendiG(0.5),1.65,3,0.7783,0.005
VendiG(0.5),1.66,3,0.7779,0.0047
VendiG(0.5),1.67,3,0.7775,0.0047
VendiG(0.5),1.68,3,0.7767,0.0056
VendiG(0.5),1.69,3,0.7757,0.0057
VendiG(0.5),1.7,3,0.7749,0.0054
VendiG(0.5),1.71,3,0.7743,0.0058
VendiG(0.5),1.72,3,0.7736,0.0057
VendiG(0.5),1.73,3,0.7728,0.006
VendiG(0.5),1.74,3,0.7723,0.0058
VendiG(0.5),1.75,3,0.7718,0.0058
VendiG(0.5),1.76,3,0.7711,0.0055
VendiG(0.5),1.77,3,0.7704,0.0051
VendiG(0.5),1.78,3,0.77,0.005
VendiG(0.5),1.79,3,0.7695,0.0053
VendiG(0.5),1.8,3,0.7689,0.0056
VendiG(0.5),1.81,3,0.7684,0.0057
VendiG(0.5),1.82,3,0.768,0.0056
VendiG(0.5),1.83,3,0.7676,0.006
VendiG(0.5),1.84,3,0.7671,0.0062
VendiG(0.5),1.85,3,0.7666,0.0061
VendiG(0.5),1.86,3,0.7661,0.006
VendiG(0.5),1.87,3,0.7655,0.0058
VendiG(0.5),1.88,3,0.7649,0.0057
VendiG(0.5),1.89,3,0.7645,0.0053
VendiG(0.5),1.9,3,0.7641,0.0056
VendiG(0.5),1.91,3,0.7635,0.0053
VendiG(0.5),1.92,3,0.7632,0.0051
VendiG(0.5),1.93,3,0.7626,0.0045
VendiG(0.5),1.94,3,0.7622,0.0042
VendiG(0.5),1.95,3,0.7618,0.004
VendiG(0.5),1.96,3,0.7614,0.0038
VendiG(0.5),1.97,3,0.761,0.004
VendiG(0.5),1.98,3,0.7605,0.0044
VendiG(0.5),1.99,3,0.7602,0.0047
VendiG(0.5),2.0,3,0.7599,0.0047
VendiG(0.5),2.01,3,0.7595,0.0051
VendiG(0.5),2.02,3,0.7591,0.0052
VendiG(0.5),2.03,3,0.7587,0.0053
VendiG(0.5),2.04,3,0.7582,0.0047
VendiG(0.5),2.05,3,0.7577,0.0047
VendiG(0.5),2.06,3,0.7573,0.0047
VendiG(0.5),2.07,3,0.7568,0.0047
VendiG(0.5),2.08,3,0.7561,0.0046
VendiG(0.5),2.09,3,0.7556,0.0052
VendiG(0.5),2.1,3,0.7552,0.0051
VendiG(0.5),2.11,3,0.7548,0.0049
VendiG(0.5),2.12,3,0.7545,0.0054
VendiG(0.5),2.13,3,0.754,0.0054
VendiG(0.5),2.14,3,0.7535,0.0057
VendiG(0.5),2.15,3,0.7532,0.0058
VendiG(0.5),2.16,3,0.7527,0.0062
VendiG(0.5),2.17,3,0.7522,0.0063
VendiG(0.5),2.18,3,0.7517,0.0062
VendiG(0.5),2.19,3,0.7513,0.0062
VendiG(0.5),2.2,3,0.7507,0.006
VendiG(0.5),2.21,3,0.7503,0.0061
VendiG(0.5),2.22,3,0.7497,0.0054
VendiG(0.5),2.23,3,0.7492,0.0053
VendiG(0.5),2.24,3,0.7489,0.0054
VendiG(0.5),2.25,3,0.7485,0.0052
VendiG(0.5),2.26,3,0.748,0.0049
VendiG(0.5),2.27,3,0.7473,0.0049
VendiG(0.5),2.28,3,0.7469,0.0047
VendiG(0.5),2.29,3,0.7463,0.005
VendiG(0.5),2.3,3,0.7459,0.0053
VendiG(0.5),2.31,3,0.7454,0.0053
VendiG(0.5),2.32,3,0.7451,0.005
VendiG(0.5),2.33,3,0.7446,0.0057
VendiG(0.5),2.34,3,0.7442,0.0056
VendiG(0.5),2.35,3,0.7439,0.0056
VendiG(0.5),2.36,3,0.7435,0.0054
VendiG(0.5),2.37,3,0.7432,0.0054
VendiG(0.5),2.38,3,0.7428,0.0056
VendiG(0.5),2.39,3,0.7423,0.0053
VendiG(0.5),2.4,3,0.7419,0.0054
VendiG(0.5),2.41,3,0.7414,0.0053
VendiG(0.5),2.42,3,0.7411,0.005
VendiG(0.5),2.43,3,0.7407,0.0046
VendiG(0.5),2.44,3,0.7403,0.0048
VendiG(0.5),2.45,3,0.7399,0.0047
VendiG(0.5),2.46,3,0.7394,0.0051
VendiG(0.5),2.47,3,0.7389,0.0048
VendiG(0.5),2.48,3,0.7385,0.0051
VendiG(0.5),2.49,3,0.738,0.0052
VendiG(0.5),2.5,3,0.7377,0.0049
VendiG(0.5),2.51,3,0.7372,0.0045
VendiG(0.5),2.52,3,0.7368,0.0048
VendiG(0.5),2.53,3,0.7363,0.0051
VendiG(0.5),2.54,3,0.7358,0.0051
VendiG(0.5),2.55,3,0.7353,0.0052
VendiG(0.5),2.56,3,0.7348,0.0052
VendiG(0.5),2.57,3,0.7344,0.0053
VendiG(0.5),2.58,3,0.7339,0.0051
VendiG(0.5),2.59,3,0.7335,0.0051
VendiG(0.5),2.6,3,0.733,0.0052
VendiG(0.5),2.61,3,0.7326,0.0049
VendiG(0.5),2.62,3,0.732,0.0049
VendiG(0.5),2.63,3,0.7311,0.0049
VendiG(0.5),2.64,3,0.7304,0.0053
VendiG(0.5),2.65,3,0.7299,0.0052
VendiG(0.5),2.66,3,0.7293,0.0053
VendiG(0.5),2.67,3,0.7289,0.0054
VendiG(0.5),2.68,3,0.7282,0.0058
VendiG(0.5),2.69,3,0.7277,0.0058
VendiG(0.5),2.7,3,0.7272,0.0053
VendiG(0.5),2.71,3,0.7266,0.0059
VendiG(0.5),2.72,3,0.7261,0.0057
VendiG(0.5),2.73,3,0.7256,0.0059
VendiG(0.5),2.74,3,0.7251,0.0056
VendiG(0.5),2.75,3,0.7247,0.0054
VendiG(0.5),2.76,3,0.7243,0.0055
VendiG(0.5),2.77,3,0.7238,0.0054
VendiG(0.5),2.78,3,0.7233,0.0054
VendiG(0.5),2.79,3,0.723,0.0055
VendiG(0.5),2.8,3,0.7224,0.0054
VendiG(0.5),2.81,3,0.7219,0.0058
VendiG(0.5),2.82,3,0.7214,0.0059
VendiG(0.5),2.83,3,0.7209,0.0059
VendiG(0.5),2.84,3,0.7203,0.0059
VendiG(0.5),2.85,3,0.7198,0.0064
VendiG(0.5),2.86,3,0.7192,0.0063
VendiG(0.5),2.87,3,0.7189,0.0059
VendiG(0.5),2.88,3,0.7183,0.0064
VendiG(0.5),2.89,3,0.7177,0.0061
VendiG(0.5),2.9,3,0.7172,0.0064
VendiG(0.5),2.91,3,0.7168,0.0065
VendiG(0.5),2.92,3,0.7163,0.0066
VendiG(0.5),2.93,3,0.7159,0.0068
VendiG(0.5),2.94,3,0.7153,0.0065
VendiG(0.5),2.95,3,0.7148,0.0071
VendiG(0.5),2.96,3,0.7143,0.0067
VendiG(0.5),2.97,3,0.7138,0.0064
VendiG(0.5),2.98,3,0.7132,0.0065
VendiG(0.5),2.99,3,0.7125,0.0066
VendiG(0.5),3.0,3,0.7122,0.0068
VendiG(0.5),3.01,3,0.7118,0.0074
VendiG(0.5),3.02,3,0.7114,0.0073
VendiG(0.5),3.03,3,0.711,0.0074
VendiG(0.5),3.04,3,0.7103,0.0076
VendiG(0.5),3.05,3,0.7098,0.0075
VendiG(0.5),3.06,3,0.7093,0.0076
VendiG(0.5),3.07,3,0.7089,0.0075
VendiG(0.5),3.08,3,0.7085,0.0076
VendiG(0.5),3.09,3,0.7081,0.0074
VendiG(0.5),3.1,3,0.7077,0.0076
VendiG(0.5),3.11,3,0.7073,0.0076
VendiG(0.5),3.12,3,0.7068,0.0072
VendiG(0.5),3.13,3,0.7062,0.007
VendiG(0.5),3.14,3,0.7058,0.0071
VendiG(0.5),3.15,3,0.7054,0.007
VendiG(0.5),3.16,3,0.7049,0.0075
VendiG(0.5),3.17,3,0.7043,0.008
VendiG(0.5),3.18,3,0.7037,0.0082
VendiG(0.5),3.19,3,0.7033,0.008
VendiG(0.5),3.2,3,0.7028,0.0079
VendiG(0.5),3.21,3,0.7023,0.0081
VendiG(0.5),3.22,3,0.7019,0.0076
VendiG(0.5),3.23,3,0.7016,0.0082
VendiG(0.5),3.24,3,0.7012,0.0077
VendiG(0.5),3.25,3,0.7008,0.008
VendiG(0.5),3.26,3,0.7005,0.0077
VendiG(0.5),3.27,3,0.7001,0.008
VendiG(0.5),3.28,3,0.6997,0.008
VendiG(0.5),3.29,3,0.6993,0.0083
VendiG(0.5),3.3,3,0.699,0.008
VendiG(0.5),3.31,3,0.6986,0.0078
VendiG(0.5),3.32,3,0.6983,0.0078
VendiG(0.5),3.33,3,0.6979,0.0074
VendiG(0.5),3.34,3,0.6974,0.0073
VendiG(0.5),3.35,3,0.6971,0.0074
VendiG(0.5),3.36,3,0.6967,0.0076
VendiG(0.5),3.37,3,0.6964,0.0082
VendiG(0.5),3.38,3,0.696,0.008
VendiG(0.5),3.39,3,0.6958,0.0081
VendiG(0.5),3.4,3,0.6953,0.0077
VendiG(0.5),3.41,3,0.695,0.0077
VendiG(0.5),3.42,3,0.6945,0.0077
VendiG(0.5),3.43,3,0.6942,0.008
VendiG(0.5),3.44,3,0.6938,0.0083
VendiG(0.5),3.45,3,0.6934,0.0086
VendiG(0.5),3.46,3,0.6929,0.0089
VendiG(0.5),3.47,3,0.6924,0.0087
VendiG(0.5),3.48,3,0.692,0.009
VendiG(0.5),3.49,3,0.6917,0.0093
VendiG(0.5),3.5,3,0.6914,0.0091
VendiG(0.5),3.51,3,0.691,0.0089
VendiG(0.5),3.52,3,0.6904,0.009
VendiG(0.5),3.53,3,0.6901,0.009
VendiG(0.5),3.54,3,0.6897,0.0086
VendiG(0.5),3.55,3,0.6891,0.0085
VendiG(0.5),3.56,3,0.6887,0.0085
VendiG(0.5),3.57,3,0.6881,0.0088
VendiG(0.5),3.58,3,0.6875,0.0083
VendiG(0.5),3.59,3,0.6869,0.0085
VendiG(0.5),3.6,3,0.6865,0.0089
VendiG(0.5),3.61,3,0.686,0.0091
VendiG(0.5),3.62,3,0.6855,0.0093
VendiG(0.5),3.63,3,0.6848,0.0096
VendiG(0.5),3.64,3,0.6845,0.0098
VendiG(0.5),3.65,3,0.684,0.0099
VendiG(0.5),3.66,3,0.6834,0.0106
VendiG(0.5),3.67,3,0.6831,0.0113
VendiG(0.5),3.68,3,0.6824,0.0116
VendiG(0.5),3.69,3,0.6819,0.012
VendiG(0.5),3.7,3,0.6815,0.0121
VendiG(0.5),3.71,3,0.6808,0.012
VendiG(0.5),3.72,3,0.6804,0.0121
VendiG(0.5),3.73,3,0.6798,0.0114
VendiG(0.5),3.74,3,0.6794,0.0113
VendiG(0.5),3.75,3,0.6789,0.0119
VendiG(0.5),3.76,3,0.6783,0.0119
VendiG(0.5),3.77,3,0.6775,0.0125
VendiG(0.5),3.78,3,0.677,0.0124
VendiG(0.5),3.79,3,0.6766,0.013
VendiG(0.5),3.8,3,0.6761,0.0131
VendiG(0.5),3.81,3,0.6759,0.0131
VendiG(0.5),3.82,3,0.6755,0.0126
VendiG(0.5),3.83,3,0.675,0.0131
VendiG(0.5),3.84,3,0.6744,0.0131
VendiG(0.5),3.85,3,0.6741,0.0137
VendiG(0.5),3.86,3,0.6733,0.014
VendiG(0.5),3.87,3,0.6725,0.0136
VendiG(0.5),3.88,3,0.6719,0.0133
VendiG(0.5),3.89,3,0.6715,0.0135
VendiG(0.5),3.9,3,0.6709,0.013
VendiG(0.5),3.91,3,0.6703,0.0128
VendiG(0.5),3.92,3,0.6699,0.0132
VendiG(0.5),3.93,3,0.6692,0.0133
VendiG(0.5),3.94,3,0.6687,0.0131
VendiG(0.5),3.95,3,0.6685,0.013
VendiG(0.5),3.96,3,0.668,0.0131
VendiG(0.5),3.97,3,0.6673,0.013
VendiG(0.5),3.98,3,0.6668,0.0129
VendiG(0.5),3.99,3,0.6663,0.0132
VendiG(0.5),4.0,3,0.6658,0.013
VendiG(0.5),4.01,3,0.6652,0.0141
VendiG(0.5),4.02,3,0.6646,0.0144
VendiG(0.5),4.03,3,0.6639,0.0146
VendiG(0.5),4.04,3,0.6635,0.0147
VendiG(0.5),4.05,3,0.663,0.0144
VendiG(0.5),4.06,3,0.6622,0.0135
VendiG(0.5),4.07,3,0.6615,0.0141
VendiG(0.5),4.08,3,0.6609,0.0144
VendiG(0.5),4.09,3,0.6602,0.0145
VendiG(0.5),4.1,3,0.6597,0.0147
VendiG(0.5),4.11,3,0.6591,0.0147
VendiG(0.5),4.12,3,0.6583,0.0147
VendiG(0.5),4.13,3,0.6577,0.0145
VendiG(0.5),4.14,3,0.6572,0.0147
VendiG(0.5),4.15,3,0.6565,0.015
VendiG(0.5),4.16,3,0.656,0.015
VendiG(0.5),4.17,3,0.6554,0.0145
VendiG(0.5),4.18,3,0.6549,0.0145
VendiG(0.5),4.19,3,0.6543,0.0139
VendiG(0.5),4.2,3,0.6537,0.0136
VendiG(0.5),4.21,3,0.6531,0.0139
VendiG(0.5),4.22,3,0.6526,0.0139
VendiG(0.5),4.23,3,0.652,0.0144
VendiG(0.5),4.24,3,0.6513,0.014
VendiG(0.5),4.25,3,0.6507,0.014
VendiG(0.5),4.26,3,0.6501,0.0139
VendiG(0.5),4.27,3,0.6496,0.0139
VendiG(0.5),4.28,3,0.6489,0.0136
VendiG(0.5),4.29,3,0.6483,0.0136
VendiG(0.5),4.3,3,0.6477,0.0139
VendiG(0.5),4.31,3,0.6471,0.0144
VendiG(0.5),4.32,3,0.6464,0.0144
VendiG(0.5),4.33,3,0.646,0.0151
VendiG(0.5),4.34,3,0.6454,0.0152
VendiG(0.5),4.35,3,0.6448,0.0148
VendiG(0.5),4.36,3,0.6443,0.0146
VendiG(0.5),4.37,3,0.6437,0.015
VendiG(0.5),4.38,3,0.6432,0.0148
VendiG(0.5),4.39,3,0.6426,0.0147
VendiG(0.5),4.4,3,0.6421,0.0144
VendiG(0.5),4.41,3,0.6416,0.0145
VendiG(0.5),4.42,3,0.6411,0.0144
VendiG(0.5),4.43,3,0.6406,0.0145
VendiG(0.5),4.44,3,0.6399,0.0144
VendiG(0.5),4.45,3,0.6394,0.0142
VendiG(0.5),4.46,3,0.639,0.0141
VendiG(0.5),4.47,3,0.6386,0.0138
VendiG(0.5),4.48,3,0.6377,0.0136
VendiG(0.5),4.49,3,0.6372,0.013
VendiG(0.5),4.5,3,0.6366,0.0134
VendiG(0.5),4.51,3,0.636,0.0136
VendiG(0.5),4.52,3,0.6356,0.0132
VendiG(0.5),4.53,3,0.635,0.013
VendiG(0.5),4.54,3,0.6343,0.0129
VendiG(0.5),4.55,3,0.6336,0.013
VendiG(0.5),4.56,3,0.6331,0.0126
VendiG(0.5),4.57,3,0.6324,0.0132
VendiG(0.5),4.58,3,0.6318,0.0134
VendiG(0.5),4.59,3,0.6312,0.0131
VendiG(0.5),4.6,3,0.6306,0.0131
VendiG(0.5),4.61,3,0.6302,0.0129
VendiG(0.5),4.62,3,0.6298,0.0129
VendiG(0.5),4.63,3,0.6293,0.0129
VendiG(0.5),4.64,3,0.6287,0.0129
VendiG(0.5),4.65,3,0.628,0.0132
VendiG(0.5),4.66,3,0.6276,0.0133
VendiG(0.5),4.67,3,0.6272,0.0134
VendiG(0.5),4.68,3,0.6267,0.0139
VendiG(0.5),4.69,3,0.6262,0.0144
VendiG(0.5),4.7,3,0.6257,0.0142
VendiG(0.5),4.71,3,0.6252,0.0138
VendiG(0.5),4.72,3,0.6248,0.0138
VendiG(0.5),4.73,3,0.6243,0.0138
VendiG(0.5),4.74,3,0.6239,0.0139
VendiG(0.5),4.75,3,0.6234,0.0143
VendiG(0.5),4.76,3,0.6228,0.014
VendiG(0.5),4.77,3,0.6224,0.014
VendiG(0.5),4.78,3,0.622,0.0139
VendiG(0.5),4.79,3,0.6216,0.0138
VendiG(0.5),4.8,3,0.6211,0.0137
VendiG(0.5),4.81,3,0.6207,0.0133
VendiG(0.5),4.82,3,0.6203,0.013
VendiG(0.5),4.83,3,0.6198,0.0128
VendiG(0.5),4.84,3,0.6191,0.0129
VendiG(0.5),4.85,3,0.6187,0.0127
VendiG(0.5),4.86,3,0.6181,0.0126
VendiG(0.5),4.87,3,0.6176,0.0125
VendiG(0.5),4.88,3,0.6173,0.0125
VendiG(0.5),4.89,3,0.6169,0.0128
VendiG(0.5),4.9,3,0.6165,0.0129
VendiG(0.5),4.91,3,0.6161,0.0126
VendiG(0.5),4.92,3,0.6158,0.013
VendiG(0.5),4.93,3,0.6154,0.013
VendiG(0.5),4.94,3,0.615,0.0128
VendiG(0.5),4.95,3,0.6146,0.0127
VendiG(0.5),4.96,3,0.6141,0.0129
VendiG(0.5),4.97,3,0.6138,0.0133
VendiG(0.5),4.98,3,0.6135,0.013
VendiG(0.5),4.99,3,0.6132,0.0127
VendiG(0.5),5.0,3,0.6129,0.0127
VendiG(0.5),5.01,3,0.6125,0.0124
VendiG(0.5),5.02,3,0.6121,0.0123
VendiG(0.5),5.03,3,0.6117,0.0123
VendiG(0.5),5.04,3,0.6114,0.0123
VendiG(0.5),5.05,3,0.6109,0.012
VendiG(0.5),5.06,3,0.6107,0.0117
VendiG(0.5),5.07,3,0.6104,0.0117
VendiG(0.5),5.08,3,0.6098,0.0121
VendiG(0.5),5.09,3,0.6095,0.0119
VendiG(0.5),5.1,3,0.6091,0.0124
VendiG(0.5),5.11,3,0.6088,0.0128
VendiG(0.5),5.12,3,0.6085,0.0123
VendiG(0.5),5.13,3,0.608,0.012
VendiG(0.5),5.14,3,0.6076,0.0123
VendiG(0.5),5.15,3,0.6072,0.0123
VendiG(0.5),5.16,3,0.6069,0.0119
VendiG(0.5),5.17,3,0.6063,0.0121
VendiG(0.5),5.18,3,0.606,0.0124
VendiG(0.5),5.19,3,0.6057,0.0122
VendiG(0.5),5.2,3,0.6053,0.0125
VendiG(0.5),5.21,3,0.605,0.0124
VendiG(0.5),5.22,3,0.6047,0.0125
VendiG(0.5),5.23,3,0.6045,0.0125
VendiG(0.5),5.24,3,0.6042,0.0123
VendiG(0.5),5.25,3,0.6036,0.0129
VendiG(0.5),5.26,3,0.6034,0.0127
VendiG(0.5),5.27,3,0.6031,0.0125
VendiG(0.5),5.28,3,0.6029,0.0123
VendiG(0.5),5.29,3,0.6025,0.0123
VendiG(0.5),5.3,3,0.6023,0.0123
VendiG(0.5),5.31,3,0.602,0.0125
VendiG(0.5),5.32,3,0.6019,0.0124
VendiG(0.5),5.33,3,0.6016,0.0126
VendiG(0.5),5.34,3,0.6014,0.0128
VendiG(0.5),5.35,3,0.6011,0.0128
VendiG(0.5),5.36,3,0.6008,0.0127
VendiG(0.5),5.37,3,0.6005,0.0132
VendiG(0.5),5.38,3,0.6002,0.0134
VendiG(0.5),5.39,3,0.6,0.0133
VendiG(0.5),5.4,3,0.5998,0.0132
VendiG(0.5),5.41,3,0.5996,0.0134
VendiG(0.5),5.42,3,0.5995,0.0133
VendiG(0.5),5.43,3,0.5994,0.0134
VendiG(0.5),5.44,3,0.5992,0.0134
VendiG(0.5),5.45,3,0.5991,0.0135
VendiG(0.5),5.46,3,0.599,0.0135
VendiG(0.5),5.47,3,0.5988,0.0134
VendiG(0.5),5.48,3,0.5986,0.013
VendiG(0.5),5.49,3,0.5985,0.0124
VendiG(0.5),5.5,3,0.5983,0.0125
VendiG(0.5),5.51,3,0.5981,0.0123
VendiG(0.5),5.52,3,0.5978,0.0123
VendiG(0.5),5.53,3,0.5977,0.0123
VendiG(0.5),5.54,3,0.5974,0.0123
VendiG(0.5),5.55,3,0.5973,0.0124
VendiG(0.5),5.56,3,0.5972,0.0123
VendiG(0.5),5.57,3,0.597,0.0123
VendiG(0.5),5.58,3,0.5969,0.0123
VendiG(0.5),5.59,3,0.5968,0.0123
VendiG(0.5),5.6,3,0.5966,0.0126
VendiG(0.5),5.61,3,0.5965,0.0127
VendiG(0.5),5.62,3,0.5964,0.0126
VendiG(0.5),5.63,3,0.5962,0.0125
VendiG(0.5),5.64,3,0.5961,0.0127
VendiG(0.5),5.65,3,0.596,0.0127
VendiG(0.5),5.66,3,0.5959,0.0124
VendiG(0.5),5.67,3,0.5958,0.0124
VendiG(0.5),5.68,3,0.5957,0.0123
VendiG(0.5),5.69,3,0.5955,0.0127
VendiG(0.5),5.7,3,0.5953,0.0124
VendiG(0.5),5.71,3,0.5953,0.0122
VendiG(0.5),5.72,3,0.5952,0.0123
VendiG(0.5),5.73,3,0.595,0.0124
VendiG(0.5),5.74,3,0.595,0.0124
VendiG(0.5),5.75,3,0.5949,0.0124
VendiG(0.5),5.76,3,0.5948,0.0124
VendiG(0.5),5.77,3,0.5947,0.0126
VendiG(0.5),5.78,3,0.5946,0.0126
VendiG(0.5),5.79,3,0.5946,0.0126
VendiG(0.5),5.81,3,0.5945,0.0126
VendiG(0.5),5.82,3,0.5945,0.0126
VendiG(0.5),5.83,3,0.5943,0.0127
VendiG(0.5),5.84,3,0.5943,0.0129
VendiG(0.5),5.85,3,0.5942,0.0129
VendiG(0.5),5.86,3,0.5941,0.0131
VendiG(0.5),5.87,3,0.5941,0.0129
VendiG(0.5),5.88,3,0.594,0.0128
VendiG(0.5),5.89,3,0.5939,0.0128
VendiG(0.5),5.9,3,0.5939,0.0128
VendiG(0.5),5.91,3,0.5938,0.0128
VendiG(0.5),5.92,3,0.5937,0.0129
VendiG(0.5),5.93,3,0.5937,0.0128
VendiG(0.5),5.94,3,0.5937,0.0127
VendiG(0.5),5.95,3,0.5936,0.0124
VendiG(0.5),5.96,3,0.5935,0.0123
VendiG(0.5),5.97,3,0.5935,0.0123
VendiG(0.5),5.99,3,0.5935,0.0122
VendiG(0.5),6.0,3,0.5935,0.0123
VendiG(0.5),6.02,2,0.5909,0.0292
VendiG(0.5),6.03,3,0.5934,0.0124
VendiG(0.5),6.04,3,0.5934,0.0126
VendiG(0.5),6.05,2,0.5934,0.0635
VendiG(0.5),6.06,2,0.5934,0.0629
VendiG(0.5),6.07,2,0.5933,0.0635
VendiG(0.5),6.08,3,0.5932,0.0124
VendiG(0.5),6.09,3,0.5932,0.0125
VendiG(0.5),6.1,3,0.5932,0.0125
VendiG(0.5),6.12,1,0.5882,0.0
VendiG(0.5),6.13,3,0.5932,0.0124
VendiG(0.5),6.15,3,0.5932,0.0124
VendiG(0.5),6.16,2,0.5932,0.0635
VendiG(0.5),6.2,1,0.5882,0.0
VendiG(0.5),6.21,2,0.5932,0.0635
VendiG(0.5),6.22,2,0.5931,0.0635
VendiG(0.5),6.25,2,0.5931,0.0635
VendiG(0.5),6.26,2,0.5931,0.0635
VendiG(0.5),6.28,2,0.5931,0.0635
VendiG(0.5),6.31,2,0.5905,0.0311
VendiG(0.5),6.32,3,0.5931,0.0124
VendiG(0.5),6.34,1,0.5881,0.0
VendiG(0.5),6.35,2,0.5931,0.0635
VendiG(0.5),6.36,3,0.5931,0.0124
VendiG(0.5),6.42,3,0.5931,0.0124
VendiG(0.5),6.47,2,0.5905,0.0305
VendiG(0.5),6.48,2,0.5904,0.0311
VendiG(0.7),0.99,3,0.7703,0.0076
VendiG(0.7),1.0,3,0.7703,0.0076
VendiG(0.7),1.01,3,0.784,0.0067
VendiG(0.7),1.02,3,0.7864,0.0071
VendiG(0.7),1.03,3,0.7902,0.008
VendiG(0.7),1.04,3,0.7944,0.0084
VendiG(0.7),1.05,3,0.7989,0.0082
VendiG(0.7),1.06,3,0.8029,0.009
VendiG(0.7),1.07,3,0.8067,0.0083
VendiG(0.7),1.08,3,0.8099,0.0077
VendiG(0.7),1.09,3,0.8128,0.0081
VendiG(0.7),1.1,3,0.8145,0.008
VendiG(0.7),1.11,3,0.8155,0.0082
VendiG(0.7),1.12,3,0.8166,0.0085
VendiG(0.7),1.13,3,0.8176,0.0078
VendiG(0.7),1.14,3,0.8179,0.008
VendiG(0.7),1.15,3,0.8185,0.008
VendiG(0.7),1.16,3,0.8187,0.0079
VendiG(0.7),1.17,3,0.8188,0.008
VendiG(0.7),1.18,3,0.8189,0.0077
VendiG(0.7),1.19,3,0.8191,0.0081
VendiG(0.7),1.2,3,0.8191,0.0082
VendiG(0.7),1.21,3,0.8193,0.0081
VendiG(0.7),1.22,3,0.8193,0.0082
VendiG(0.7),1.23,3,0.8193,0.0082
VendiG(0.7),1.24,3,0.8194,0.008
VendiG(0.7),1.25,3,0.8195,0.0085
VendiG(0.7),1.26,3,0.8195,0.0083
VendiG(0.7),1.27,3,0.8196,0.0083
VendiG(0.7),1.28,3,0.8197,0.0088
VendiG(0.7),1.29,3,0.8199,0.0088
VendiG(0.7),1.3,3,0.8198,0.0087
VendiG(0.7),1.31,3,0.8201,0.0088
VendiG(0.7),1.32,3,0.8202,0.0088
VendiG(0.7),1.33,3,0.8202,0.0088
VendiG(0.7),1.34,3,0.8203,0.0087
VendiG(0.7),1.35,3,0.8204,0.009
VendiG(0.7),1.36,3,0.8206,0.0086
VendiG(0.7),1.37,3,0.8206,0.0087
VendiG(0.7),1.38,3,0.8207,0.0082
VendiG(0.7),1.39,3,0.8208,0.0085
VendiG(0.7),1.4,3,0.8209,0.0083
VendiG(0.7),1.41,3,0.8209,0.0086
VendiG(0.7),1.42,3,0.8209,0.0085
VendiG(0.7),1.43,3,0.821,0.0082
VendiG(0.7),1.44,3,0.8211,0.0081
VendiG(0.7),1.45,3,0.821,0.008
VendiG(0.7),1.46,3,0.821,0.0081
VendiG(0.7),1.47,3,0.821,0.0083
VendiG(0.7),1.48,3,0.8209,0.0083
VendiG(0.7),1.49,3,0.8209,0.0081
VendiG(0.7),1.5,3,0.8208,0.008
VendiG(0.7),1.51,3,0.8207,0.0081
VendiG(0.7),1.52,3,0.8205,0.0078
VendiG(0.7),1.53,3,0.8205,0.008
VendiG(0.7),1.54,3,0.8205,0.0082
VendiG(0.7),1.55,3,0.8204,0.0082
VendiG(0.7),1.56,3,0.8205,0.0083
VendiG(0.7),1.57,3,0.8205,0.0083
VendiG(0.7),1.58,3,0.8205,0.0082
VendiG(0.7),1.59,3,0.8204,0.0081
VendiG(0.7),1.6,3,0.8203,0.008
VendiG(0.7),1.61,3,0.8202,0.0086
VendiG(0.7),1.62,3,0.8203,0.0087
VendiG(0.7),1.63,3,0.8202,0.009
VendiG(0.7),1.64,3,0.8202,0.0089
VendiG(0.7),1.65,3,0.8202,0.0089
VendiG(0.7),1.66,3,0.8201,0.0088
VendiG(0.7),1.67,3,0.8201,0.0086
VendiG(0.7),1.68,3,0.8201,0.0091
VendiG(0.7),1.69,3,0.8199,0.0092
VendiG(0.7),1.7,3,0.8198,0.0091
VendiG(0.7),1.71,3,0.8197,0.0094
VendiG(0.7),1.72,3,0.8195,0.0094
VendiG(0.7),1.73,3,0.8195,0.0095
VendiG(0.7),1.74,3,0.8195,0.0095
VendiG(0.7),1.75,3,0.8195,0.0095
VendiG(0.7),1.76,3,0.8194,0.0097
VendiG(0.7),1.77,3,0.8194,0.0094
VendiG(0.7),1.78,3,0.8194,0.0093
VendiG(0.7),1.79,3,0.8193,0.0095
VendiG(0.7),1.8,3,0.8193,0.0092
VendiG(0.7),1.81,3,0.8193,0.0092
VendiG(0.7),1.82,3,0.8194,0.0092
VendiG(0.7),1.83,3,0.8194,0.0091
VendiG(0.7),1.84,3,0.8193,0.0094
VendiG(0.7),1.85,3,0.8193,0.009
VendiG(0.7),1.86,3,0.8192,0.0086
VendiG(0.7),1.87,3,0.8191,0.0084
VendiG(0.7),1.88,3,0.8189,0.0084
VendiG(0.7),1.89,3,0.8188,0.0084
VendiG(0.7),1.9,3,0.8187,0.0084
VendiG(0.7),1.91,3,0.8185,0.0081
VendiG(0.7),1.92,3,0.8183,0.0079
VendiG(0.7),1.93,3,0.8181,0.0076
VendiG(0.7),1.94,3,0.8181,0.0074
VendiG(0.7),1.95,3,0.818,0.0074
VendiG(0.7),1.96,3,0.8179,0.0072
VendiG(0.7),1.97,3,0.8178,0.0075
VendiG(0.7),1.98,3,0.8177,0.0075
VendiG(0.7),1.99,3,0.8176,0.0078
VendiG(0.7),2.0,3,0.8176,0.0079
VendiG(0.7),2.01,3,0.8175,0.0078
VendiG(0.7),2.02,3,0.8175,0.0076
VendiG(0.7),2.03,3,0.8173,0.0075
VendiG(0.7),2.04,3,0.8172,0.0075
VendiG(0.7),2.05,3,0.8171,0.0072
VendiG(0.7),2.06,3,0.8169,0.0075
VendiG(0.7),2.07,3,0.8168,0.0077
VendiG(0.7),2.08,3,0.8166,0.0076
VendiG(0.7),2.09,3,0.8165,0.0075
VendiG(0.7),2.1,3,0.8165,0.0073
VendiG(0.7),2.11,3,0.8165,0.0073
VendiG(0.7),2.12,3,0.8164,0.0073
VendiG(0.7),2.13,3,0.8162,0.0075
VendiG(0.7),2.14,3,0.8161,0.0078
VendiG(0.7),2.15,3,0.816,0.0075
VendiG(0.7),2.16,3,0.8158,0.0077
VendiG(0.7),2.17,3,0.8157,0.0077
VendiG(0.7),2.18,3,0.8156,0.0078
VendiG(0.7),2.19,3,0.8155,0.0076
VendiG(0.7),2.2,3,0.8154,0.0075
VendiG(0.7),2.21,3,0.8153,0.0076
VendiG(0.7),2.22,3,0.8151,0.0071
VendiG(0.7),2.23,3,0.815,0.0071
VendiG(0.7),2.24,3,0.8148,0.0074
VendiG(0.7),2.25,3,0.8147,0.0076
VendiG(0.7),2.26,3,0.8146,0.0074
VendiG(0.7),2.27,3,0.8144,0.007
VendiG(0.7),2.28,3,0.8143,0.0066
VendiG(0.7),2.29,3,0.8141,0.007
VendiG(0.7),2.3,3,0.814,0.0072
VendiG(0.7),2.31,3,0.8138,0.0072
VendiG(0.7),2.32,3,0.8136,0.0071
VendiG(0.7),2.33,3,0.8135,0.0074
VendiG(0.7),2.34,3,0.8135,0.0072
VendiG(0.7),2.35,3,0.8135,0.0073
VendiG(0.7),2.36,3,0.8134,0.0074
VendiG(0.7),2.37,3,0.8132,0.0076
VendiG(0.7),2.38,3,0.8131,0.0079
VendiG(0.7),2.39,3,0.8129,0.0077
VendiG(0.7),2.4,3,0.8128,0.0075
VendiG(0.7),2.41,3,0.8125,0.0074
VendiG(0.7),2.42,3,0.8124,0.0073
VendiG(0.7),2.43,3,0.8123,0.007
VendiG(0.7),2.44,3,0.8121,0.0073
VendiG(0.7),2.45,3,0.8121,0.0076
VendiG(0.7),2.46,3,0.8119,0.0079
VendiG(0.7),2.47,3,0.8117,0.0082
VendiG(0.7),2.48,3,0.8116,0.0083
VendiG(0.7),2.49,3,0.8114,0.0083
VendiG(0.7),2.5,3,0.8112,0.0086
VendiG(0.7),2.51,3,0.8111,0.0084
VendiG(0.7),2.52,3,0.811,0.0082
VendiG(0.7),2.53,3,0.8108,0.0085
VendiG(0.7),2.54,3,0.8106,0.0085
VendiG(0.7),2.55,3,0.8105,0.0087
VendiG(0.7),2.56,3,0.8102,0.0091
VendiG(0.7),2.57,3,0.8101,0.009
VendiG(0.7),2.58,3,0.81,0.009
VendiG(0.7),2.59,3,0.8099,0.0092
VendiG(0.7),2.6,3,0.8096,0.0091
VendiG(0.7),2.61,3,0.8095,0.009
VendiG(0.7),2.62,3,0.8092,0.009
VendiG(0.7),2.63,3,0.8089,0.0089
VendiG(0.7),2.64,3,0.8087,0.0089
VendiG(0.7),2.65,3,0.8085,0.0092
VendiG(0.7),2.66,3,0.8083,0.0092
VendiG(0.7),2.67,3,0.8082,0.009
VendiG(0.7),2.68,3,0.8079,0.0091
VendiG(0.7),2.69,3,0.8077,0.009
VendiG(0.7),2.7,3,0.8075,0.0087
VendiG(0.7),2.71,3,0.8074,0.0084
VendiG(0.7),2.72,3,0.8072,0.0084
VendiG(0.7),2.73,3,0.8069,0.0083
VendiG(0.7),2.74,3,0.8068,0.0083
VendiG(0.7),2.75,3,0.8066,0.0079
VendiG(0.7),2.76,3,0.8065,0.0079
VendiG(0.7),2.77,3,0.8065,0.0081
VendiG(0.7),2.78,3,0.8063,0.0081
VendiG(0.7),2.79,3,0.8061,0.008
VendiG(0.7),2.8,3,0.8059,0.008
VendiG(0.7),2.81,3,0.8057,0.0081
VendiG(0.7),2.82,3,0.8055,0.0081
VendiG(0.7),2.83,3,0.8053,0.008
VendiG(0.7),2.84,3,0.8051,0.008
VendiG(0.7),2.85,3,0.8049,0.0081
VendiG(0.7),2.86,3,0.8046,0.0082
VendiG(0.7),2.87,3,0.8045,0.0078
VendiG(0.7),2.88,3,0.8042,0.0082
VendiG(0.7),2.89,3,0.804,0.0081
VendiG(0.7),2.9,3,0.8038,0.0081
VendiG(0.7),2.91,3,0.8036,0.0081
VendiG(0.7),2.92,3,0.8035,0.0079
VendiG(0.7),2.93,3,0.8034,0.0079
VendiG(0.7),2.94,3,0.8032,0.008
VendiG(0.7),2.95,3,0.8031,0.0083
VendiG(0.7),2.96,3,0.803,0.008
VendiG(0.7),2.97,3,0.8029,0.0079
VendiG(0.7),2.98,3,0.8025,0.0076
VendiG(0.7),2.99,3,0.8022,0.0076
VendiG(0.7),3.0,3,0.802,0.0076
VendiG(0.7),3.01,3,0.8017,0.008
VendiG(0.7),3.02,3,0.8016,0.0078
VendiG(0.7),3.03,3,0.8015,0.0078
VendiG(0.7),3.04,3,0.8011,0.0081
VendiG(0.7),3.05,3,0.801,0.0078
VendiG(0.7),3.06,3,0.8008,0.0082
VendiG(0.7),3.07,3,0.8006,0.0081
VendiG(0.7),3.08,3,0.8005,0.0083
VendiG(0.7),3.09,3,0.8003,0.0081
VendiG(0.7),3.1,3,0.8002,0.0082
VendiG(0.7),3.11,3,0.7999,0.0081
VendiG(0.7),3.12,3,0.7997,0.0077
VendiG(0.7),3.13,3,0.7995,0.0075
VendiG(0.7),3.14,3,0.7992,0.0075
VendiG(0.7),3.15,3,0.7991,0.0074
VendiG(0.7),3.16,3,0.799,0.0077
VendiG(0.7),3.17,3,0.7989,0.0079
VendiG(0.7),3.18,3,0.7987,0.008
VendiG(0.7),3.19,3,0.7986,0.0081
VendiG(0.7),3.2,3,0.7985,0.0081
VendiG(0.7),3.21,3,0.7984,0.008
VendiG(0.7),3.22,3,0.7982,0.0077
VendiG(0.7),3.23,3,0.798,0.0081
VendiG(0.7),3.24,3,0.7979,0.0082
VendiG(0.7),3.25,3,0.7979,0.0083
VendiG(0.7),3.26,3,0.7977,0.0083
VendiG(0.7),3.27,3,0.7975,0.0083
VendiG(0.7),3.28,3,0.7973,0.0082
VendiG(0.7),3.29,3,0.7973,0.0084
VendiG(0.7),3.3,3,0.7971,0.0082
VendiG(0.7),3.31,3,0.797,0.0083
VendiG(0.7),3.32,3,0.7969,0.0082
VendiG(0.7),3.33,3,0.7969,0.0081
VendiG(0.7),3.34,3,0.7967,0.0081
VendiG(0.7),3.35,3,0.7966,0.0078
VendiG(0.7),3.36,3,0.7964,0.0081
VendiG(0.7),3.37,3,0.7963,0.0085
VendiG(0.7),3.38,3,0.7961,0.0085
VendiG(0.7),3.39,3,0.796,0.0082
VendiG(0.7),3.4,3,0.7958,0.008
VendiG(0.7),3.41,3,0.7958,0.0083
VendiG(0.7),3.42,3,0.7957,0.008
VendiG(0.7),3.43,3,0.7956,0.0081
VendiG(0.7),3.44,3,0.7955,0.0081
VendiG(0.7),3.45,3,0.7953,0.0082
VendiG(0.7),3.46,3,0.7951,0.0082
VendiG(0.7),3.47,3,0.795,0.0079
VendiG(0.7),3.48,3,0.7949,0.0081
VendiG(0.7),3.49,3,0.7948,0.0084
VendiG(0.7),3.5,3,0.7947,0.0086
VendiG(0.7),3.51,3,0.7944,0.0087
VendiG(0.7),3.52,3,0.7943,0.0092
VendiG(0.7),3.53,3,0.7942,0.0091
VendiG(0.7),3.54,3,0.794,0.0091
VendiG(0.7),3.55,3,0.7938,0.009
VendiG(0.7),3.56,3,0.7936,0.009
VendiG(0.7),3.57,3,0.7934,0.0092
VendiG(0.7),3.58,3,0.7931,0.009
VendiG(0.7),3.59,3,0.7927,0.0092
VendiG(0.7),3.6,3,0.7925,0.0094
VendiG(0.7),3.61,3,0.7923,0.0099
VendiG(0.7),3.62,3,0.7921,0.0097
VendiG(0.7),3.63,3,0.792,0.0097
VendiG(0.7),3.64,3,0.7919,0.0099
VendiG(0.7),3.65,3,0.7917,0.0098
VendiG(0.7),3.66,3,0.7914,0.0104
VendiG(0.7),3.67,3,0.7913,0.0109
VendiG(0.7),3.68,3,0.7911,0.0109
VendiG(0.7),3.69,3,0.7908,0.0112
VendiG(0.7),3.7,3,0.7906,0.0112
VendiG(0.7),3.71,3,0.7904,0.0113
VendiG(0.7),3.72,3,0.7902,0.0111
VendiG(0.7),3.73,3,0.7899,0.0106
VendiG(0.7),3.74,3,0.7897,0.0106
VendiG(0.7),3.75,3,0.7896,0.0109
VendiG(0.7),3.76,3,0.7891,0.0107
VendiG(0.7),3.77,3,0.7887,0.0114
VendiG(0.7),3.78,3,0.7886,0.0112
VendiG(0.7),3.79,3,0.7883,0.0116
VendiG(0.7),3.8,3,0.7882,0.0117
VendiG(0.7),3.81,3,0.7881,0.0118
VendiG(0.7),3.82,3,0.788,0.0117
VendiG(0.7),3.83,3,0.7878,0.0118
VendiG(0.7),3.84,3,0.7876,0.0117
VendiG(0.7),3.85,3,0.7876,0.0119
VendiG(0.7),3.86,3,0.7872,0.0121
VendiG(0.7),3.87,3,0.7868,0.0122
VendiG(0.7),3.88,3,0.7866,0.012
VendiG(0.7),3.89,3,0.7865,0.0122
VendiG(0.7),3.9,3,0.7862,0.0119
VendiG(0.7),3.91,3,0.7861,0.012
VendiG(0.7),3.92,3,0.7858,0.0123
VendiG(0.7),3.93,3,0.7855,0.0122
VendiG(0.7),3.94,3,0.7853,0.0122
VendiG(0.7),3.95,3,0.7852,0.0121
VendiG(0.7),3.96,3,0.785,0.0121
VendiG(0.7),3.97,3,0.7847,0.012
VendiG(0.7),3.98,3,0.7843,0.012
VendiG(0.7),3.99,3,0.7841,0.0121
VendiG(0.7),4.0,3,0.7838,0.0121
VendiG(0.7),4.01,3,0.7836,0.0127
VendiG(0.7),4.02,3,0.7834,0.0129
VendiG(0.7),4.03,3,0.7832,0.0133
VendiG(0.7),4.04,3,0.7829,0.0133
VendiG(0.7),4.05,3,0.7828,0.0132
VendiG(0.7),4.06,3,0.7825,0.0124
VendiG(0.7),4.07,3,0.7823,0.0127
VendiG(0.7),4.08,3,0.7819,0.0127
VendiG(0.7),4.09,3,0.7817,0.0128
VendiG(0.7),4.1,3,0.7815,0.013
VendiG(0.7),4.11,3,0.7813,0.0131
VendiG(0.7),4.12,3,0.781,0.0132
VendiG(0.7),4.13,3,0.7807,0.0128
VendiG(0.7),4.14,3,0.7806,0.0133
VendiG(0.7),4.15,3,0.7802,0.0135
VendiG(0.7),4.16,3,0.7801,0.0134
VendiG(0.7),4.17,3,0.7799,0.0133
VendiG(0.7),4.18,3,0.7796,0.0132
VendiG(0.7),4.19,3,0.7794,0.0131
VendiG(0.7),4.2,3,0.7792,0.013
VendiG(0.7),4.21,3,0.7789,0.0131
VendiG(0.7),4.22,3,0.7786,0.0129
VendiG(0.7),4.23,3,0.7784,0.0133
VendiG(0.7),4.24,3,0.778,0.0129
VendiG(0.7),4.25,3,0.7779,0.013
VendiG(0.7),4.26,3,0.7775,0.0132
VendiG(0.7),4.27,3,0.7774,0.0134
VendiG(0.7),4.28,3,0.7771,0.0131
VendiG(0.7),4.29,3,0.7768,0.0135
VendiG(0.7),4.3,3,0.7766,0.0136
VendiG(0.7),4.31,3,0.7762,0.0138
VendiG(0.7),4.32,3,0.7759,0.0138
VendiG(0.7),4.33,3,0.7758,0.0141
VendiG(0.7),4.34,3,0.7755,0.014
VendiG(0.7),4.35,3,0.7752,0.0137
VendiG(0.7),4.36,3,0.775,0.0137
VendiG(0.7),4.37,3,0.7747,0.0138
VendiG(0.7),4.38,3,0.7746,0.0138
VendiG(0.7),4.39,3,0.7744,0.0137
VendiG(0.7),4.4,3,0.7743,0.0135
VendiG(0.7),4.41,3,0.7741,0.0134
VendiG(0.7),4.42,3,0.7739,0.0132
VendiG(0.7),4.43,3,0.7738,0.0132
VendiG(0.7),4.44,3,0.7734,0.0133
VendiG(0.7),4.45,3,0.7732,0.0133
VendiG(0.7),4.46,3,0.773,0.0129
VendiG(0.7),4.47,3,0.7728,0.0126
VendiG(0.7),4.48,3,0.7724,0.0126
VendiG(0.7),4.49,3,0.7721,0.0121
VendiG(0.7),4.5,3,0.7719,0.012
VendiG(0.7),4.51,3,0.7718,0.0119
VendiG(0.7),4.52,3,0.7716,0.0116
VendiG(0.7),4.53,3,0.7713,0.0115
VendiG(0.7),4.54,3,0.771,0.0115
VendiG(0.7),4.55,3,0.7707,0.0112
VendiG(0.7),4.56,3,0.7703,0.0112
VendiG(0.7),4.57,3,0.77,0.0116
VendiG(0.7),4.58,3,0.7697,0.012
VendiG(0.7),4.59,3,0.7695,0.012
VendiG(0.7),4.6,3,0.7693,0.0122
VendiG(0.7),4.61,3,0.7692,0.0121
VendiG(0.7),4.62,3,0.769,0.0119
VendiG(0.7),4.63,3,0.7688,0.0118
VendiG(0.7),4.64,3,0.7685,0.0119
VendiG(0.7),4.65,3,0.7682,0.0122
VendiG(0.7),4.66,3,0.7681,0.0127
VendiG(0.7),4.67,3,0.7679,0.0128
VendiG(0.7),4.68,3,0.7676,0.0129
VendiG(0.7),4.69,3,0.7675,0.0128
VendiG(0.7),4.7,3,0.7673,0.0126
VendiG(0.7),4.71,3,0.7672,0.0129
VendiG(0.7),4.72,3,0.767,0.0132
VendiG(0.7),4.73,3,0.7668,0.0132
VendiG(0.7),4.74,3,0.7666,0.0135
VendiG(0.7),4.75,3,0.7665,0.0137
VendiG(0.7),4.76,3,0.7661,0.0135
VendiG(0.7),4.77,3,0.7659,0.0135
VendiG(0.7),4.78,3,0.7658,0.0133
VendiG(0.7),4.79,3,0.7656,0.0129
VendiG(0.7),4.8,3,0.7654,0.013
VendiG(0.7),4.81,3,0.7653,0.0129
VendiG(0.7),4.82,3,0.7651,0.0128
VendiG(0.7),4.83,3,0.765,0.0129
VendiG(0.7),4.84,3,0.7647,0.0129
VendiG(0.7),4.85,3,0.7645,0.0129
VendiG(0.7),4.86,3,0.7642,0.0129
VendiG(0.7),4.87,3,0.764,0.0125
VendiG(0.7),4.88,3,0.7639,0.0124
VendiG(0.7),4.89,3,0.7637,0.0124
VendiG(0.7),4.9,3,0.7635,0.0127
VendiG(0.7),4.91,3,0.7633,0.0127
VendiG(0.7),4.92,3,0.7633,0.0126
VendiG(0.7),4.93,3,0.7631,0.0126
VendiG(0.7),4.94,3,0.763,0.0124
VendiG(0.7),4.95,3,0.7628,0.0122
VendiG(0.7),4.96,3,0.7626,0.0122
VendiG(0.7),4.97,3,0.7624,0.0123
VendiG(0.7),4.98,3,0.7622,0.0118
VendiG(0.7),4.99,3,0.7621,0.0118
VendiG(0.7),5.0,3,0.7622,0.0123
VendiG(0.7),5.01,3,0.762,0.0121
VendiG(0.7),5.02,3,0.7618,0.012
VendiG(0.7),5.03,3,0.7616,0.0123
VendiG(0.7),5.04,3,0.7614,0.0124
VendiG(0.7),5.05,3,0.7611,0.0124
VendiG(0.7),5.06,3,0.7611,0.0121
VendiG(0.7),5.07,3,0.7609,0.0121
VendiG(0.7),5.08,3,0.7606,0.0122
VendiG(0.7),5.09,3,0.7605,0.0122
VendiG(0.7),5.1,3,0.7603,0.0125
VendiG(0.7),5.11,3,0.7602,0.0127
VendiG(0.7),5.12,3,0.7601,0.0124
VendiG(0.7),5.13,3,0.7598,0.0125
VendiG(0.7),5.14,3,0.7597,0.0127
VendiG(0.7),5.15,3,0.7596,0.0126
VendiG(0.7),5.16,3,0.7595,0.0128
VendiG(0.7),5.17,3,0.7593,0.0129
VendiG(0.7),5.18,3,0.7592,0.0131
VendiG(0.7),5.19,3,0.759,0.013
VendiG(0.7),5.2,3,0.7588,0.0132
VendiG(0.7),5.21,3,0.7587,0.0133
VendiG(0.7),5.22,3,0.7586,0.0131
VendiG(0.7),5.23,3,0.7586,0.013
VendiG(0.7),5.24,3,0.7584,0.0128
VendiG(0.7),5.25,3,0.7579,0.0133
VendiG(0.7),5.26,3,0.7579,0.0131
VendiG(0.7),5.27,3,0.7577,0.0129
VendiG(0.7),5.28,3,0.7576,0.013
VendiG(0.7),5.29,3,0.7575,0.0128
VendiG(0.7),5.3,3,0.7573,0.0128
VendiG(0.7),5.31,3,0.7572,0.0127
VendiG(0.7),5.32,3,0.7571,0.0126
VendiG(0.7),5.33,3,0.7571,0.0128
VendiG(0.7),5.34,3,0.757,0.013
VendiG(0.7),5.35,3,0.7568,0.0129
VendiG(0.7),5.36,3,0.7567,0.013
VendiG(0.7),5.37,3,0.7566,0.0131
VendiG(0.7),5.38,3,0.7565,0.013
VendiG(0.7),5.39,3,0.7564,0.0131
VendiG(0.7),5.4,3,0.7563,0.013
VendiG(0.7),5.41,3,0.7562,0.013
VendiG(0.7),5.42,3,0.7562,0.013
VendiG(0.7),5.43,3,0.7562,0.0131
VendiG(0.7),5.44,3,0.7562,0.0131
VendiG(0.7),5.45,3,0.7561,0.0132
VendiG(0.7),5.46,3,0.7562,0.0132
VendiG(0.7),5.47,3,0.7561,0.0131
VendiG(0.7),5.48,3,0.7561,0.013
VendiG(0.7),5.49,3,0.7561,0.0128
VendiG(0.7),5.5,3,0.756,0.0128
VendiG(0.7),5.51,3,0.7559,0.0129
VendiG(0.7),5.52,3,0.7558,0.0128
VendiG(0.7),5.53,3,0.7557,0.0128
VendiG(0.7),5.54,3,0.7556,0.0131
VendiG(0.7),5.55,3,0.7555,0.013
VendiG(0.7),5.56,3,0.7554,0.0128
VendiG(0.7),5.57,3,0.7553,0.0128
VendiG(0.7),5.58,3,0.7553,0.0129
VendiG(0.7),5.59,3,0.7552,0.013
VendiG(0.7),5.6,3,0.7551,0.0129
VendiG(0.7),5.61,3,0.7551,0.0131
VendiG(0.7),5.62,3,0.755,0.0128
VendiG(0.7),5.63,3,0.755,0.0128
VendiG(0.7),5.64,3,0.755,0.0128
VendiG(0.7),5.65,3,0.7549,0.0128
VendiG(0.7),5.66,3,0.7548,0.0128
VendiG(0.7),5.67,3,0.7548,0.0128
VendiG(0.7),5.68,3,0.7547,0.0126
VendiG(0.7),5.69,3,0.7547,0.0126
VendiG(0.7),5.7,3,0.7546,0.0126
VendiG(0.7),5.71,3,0.7546,0.0126
VendiG(0.7),5.72,3,0.7546,0.0127
VendiG(0.7),5.73,3,0.7545,0.0127
VendiG(0.7),5.74,3,0.7545,0.0127
VendiG(0.7),5.75,3,0.7545,0.0127
VendiG(0.7),5.76,3,0.7544,0.0127
VendiG(0.7),5.77,3,0.7544,0.0126
VendiG(0.7),5.78,3,0.7544,0.0126
VendiG(0.7),5.79,3,0.7544,0.0126
VendiG(0.7),5.81,3,0.7543,0.0127
VendiG(0.7),5.82,3,0.7542,0.0127
VendiG(0.7),5.83,3,0.7542,0.0127
VendiG(0.7),5.84,3,0.7542,0.0129
VendiG(0.7),5.85,3,0.7541,0.0127
VendiG(0.7),5.86,3,0.7541,0.0127
VendiG(0.7),5.87,3,0.7541,0.0126
VendiG(0.7),5.88,3,0.7541,0.0127
VendiG(0.7),5.89,3,0.7541,0.0127
VendiG(0.7),5.9,3,0.7541,0.0127
VendiG(0.7),5.91,3,0.7541,0.0127
VendiG(0.7),5.92,3,0.7541,0.0127
VendiG(0.7),5.93,3,0.754,0.0126
VendiG(0.7),5.94,3,0.754,0.0126
VendiG(0.7),5.95,3,0.754,0.0124
VendiG(0.7),5.96,3,0.754,0.0124
VendiG(0.7),5.97,3,0.754,0.0124
VendiG(0.7),5.99,3,0.754,0.0124
VendiG(0.7),6.0,3,0.754,0.0124
VendiG(0.7),6.02,2,0.7512,0.0152
VendiG(0.7),6.03,3,0.754,0.0125
VendiG(0.7),6.04,3,0.754,0.0125
VendiG(0.7),6.05,2,0.7559,0.0457
VendiG(0.7),6.06,2,0.7559,0.0457
VendiG(0.7),6.07,2,0.7559,0.0457
VendiG(0.7),6.08,3,0.7539,0.0123
VendiG(0.7),6.09,3,0.7539,0.0124
VendiG(0.7),6.1,3,0.7539,0.0124
VendiG(0.7),6.12,1,0.7522,0.0
VendiG(0.7),6.13,3,0.7539,0.0124
VendiG(0.7),6.15,3,0.7539,0.0124
VendiG(0.7),6.16,2,0.7558,0.0464
VendiG(0.7),6.2,1,0.7522,0.0
VendiG(0.7),6.21,2,0.7558,0.0464
VendiG(0.7),6.22,2,0.7558,0.0457
VendiG(0.7),6.25,2,0.7558,0.0457
VendiG(0.7),6.26,2,0.7558,0.0457
VendiG(0.7),6.28,2,0.7558,0.0457
VendiG(0.7),6.31,2,0.7511,0.014
VendiG(0.7),6.32,3,0.7539,0.0122
VendiG(0.7),6.34,1,0.7522,0.0
VendiG(0.7),6.35,2,0.7558,0.0457
VendiG(0.7),6.36,3,0.7539,0.0122
VendiG(0.7),6.42,3,0.7539,0.0122
VendiG(0.7),6.47,2,0.751,0.0146
VendiG(0.7),6.48,2,0.751,0.0146
VendiG(0.9),0.99,3,0.7703,0.0076
VendiG(0.9),1.0,3,0.7703,0.0076
VendiG(0.9),1.01,3,0.7803,0.0069
VendiG(0.9),1.02,3,0.7817,0.0074
VendiG(0.9),1.03,3,0.7843,0.0086
VendiG(0.9),1.04,3,0.7871,0.0097
VendiG(0.9),1.05,3,0.7899,0.0101
VendiG(0.9),1.06,3,0.7925,0.0116
VendiG(0.9),1.07,3,0.7947,0.0116
VendiG(0.9),1.08,3,0.7964,0.0111
VendiG(0.9),1.09,3,0.7979,0.0111
VendiG(0.9),1.1,3,0.7987,0.0112
VendiG(0.9),1.11,3,0.7993,0.0114
VendiG(0.9),1.12,3,0.8,0.0117
VendiG(0.9),1.13,3,0.8007,0.0115
VendiG(0.9),1.14,3,0.8009,0.0116
VendiG(0.9),1.15,3,0.8013,0.0115
VendiG(0.9),1.16,3,0.8015,0.0114
VendiG(0.9),1.17,3,0.8016,0.0114
VendiG(0.9),1.18,3,0.8017,0.0113
VendiG(0.9),1.19,3,0.8018,0.0112
VendiG(0.9),1.2,3,0.8019,0.0114
VendiG(0.9),1.21,3,0.802,0.0114
VendiG(0.9),1.22,3,0.802,0.0114
VendiG(0.9),1.23,3,0.8021,0.0114
VendiG(0.9),1.24,3,0.8022,0.0114
VendiG(0.9),1.25,3,0.8023,0.0115
VendiG(0.9),1.26,3,0.8023,0.0115
VendiG(0.9),1.27,3,0.8024,0.0116
VendiG(0.9),1.28,3,0.8026,0.0115
VendiG(0.9),1.29,3,0.8028,0.0115
VendiG(0.9),1.3,3,0.803,0.0111
VendiG(0.9),1.31,3,0.8032,0.0113
VendiG(0.9),1.32,3,0.8034,0.0114
VendiG(0.9),1.33,3,0.8035,0.0114
VendiG(0.9),1.34,3,0.8036,0.0115
VendiG(0.9),1.35,3,0.8038,0.0115
VendiG(0.9),1.36,3,0.8039,0.0114
VendiG(0.9),1.37,3,0.804,0.0114
VendiG(0.9),1.38,3,0.8042,0.0108
VendiG(0.9),1.39,3,0.8043,0.011
VendiG(0.9),1.4,3,0.8045,0.011
VendiG(0.9),1.41,3,0.8046,0.011
VendiG(0.9),1.42,3,0.8047,0.011
VendiG(0.9),1.43,3,0.8048,0.011
VendiG(0.9),1.44,3,0.8049,0.011
VendiG(0.9),1.45,3,0.805,0.0109
VendiG(0.9),1.46,3,0.805,0.0109
VendiG(0.9),1.47,3,0.8051,0.011
VendiG(0.9),1.48,3,0.8051,0.0109
VendiG(0.9),1.49,3,0.8052,0.0106
VendiG(0.9),1.5,3,0.8053,0.0108
VendiG(0.9),1.51,3,0.8053,0.0109
VendiG(0.9),1.52,3,0.8054,0.0107
VendiG(0.9),1.53,3,0.8055,0.0106
VendiG(0.9),1.54,3,0.8055,0.0107
VendiG(0.9),1.55,3,0.8056,0.0108
VendiG(0.9),1.56,3,0.8056,0.0109
VendiG(0.9),1.57,3,0.8057,0.0109
VendiG(0.9),1.58,3,0.8058,0.0108
VendiG(0.9),1.59,3,0.8058,0.0109
VendiG(0.9),1.6,3,0.8059,0.011
VendiG(0.9),1.61,3,0.806,0.0112
VendiG(0.9),1.62,3,0.8061,0.0114
VendiG(0.9),1.63,3,0.8061,0.0114
VendiG(0.9),1.64,3,0.8062,0.0115
VendiG(0.9),1.65,3,0.8063,0.0114
VendiG(0.9),1.66,3,0.8064,0.0115
VendiG(0.9),1.67,3,0.8064,0.0116
VendiG(0.9),1.68,3,0.8065,0.0118
VendiG(0.9),1.69,3,0.8065,0.0119
VendiG(0.9),1.7,3,0.8066,0.0118
VendiG(0.9),1.71,3,0.8065,0.012
VendiG(0.9),1.72,3,0.8065,0.012
VendiG(0.9),1.73,3,0.8066,0.012
VendiG(0.9),1.74,3,0.8066,0.012
VendiG(0.9),1.75,3,0.8067,0.012
VendiG(0.9),1.76,3,0.8067,0.0119
VendiG(0.9),1.77,3,0.8068,0.012
VendiG(0.9),1.78,3,0.8069,0.012
VendiG(0.9),1.79,3,0.8069,0.0123
VendiG(0.9),1.8,3,0.807,0.0122
VendiG(0.9),1.81,3,0.8069,0.0122
VendiG(0.9),1.82,3,0.807,0.0123
VendiG(0.9),1.83,3,0.807,0.0123
VendiG(0.9),1.84,3,0.807,0.0122
VendiG(0.9),1.85,3,0.8072,0.0124
VendiG(0.9),1.86,3,0.8073,0.0123
VendiG(0.9),1.87,3,0.8073,0.0122
VendiG(0.9),1.88,3,0.8075,0.0122
VendiG(0.9),1.89,3,0.8075,0.0122
VendiG(0.9),1.9,3,0.8075,0.0123
VendiG(0.9),1.91,3,0.8075,0.0123
VendiG(0.9),1.92,3,0.8075,0.0122
VendiG(0.9),1.93,3,0.8076,0.012
VendiG(0.9),1.94,3,0.8076,0.012
VendiG(0.9),1.95,3,0.8076,0.0121
VendiG(0.9),1.96,3,0.8076,0.0121
VendiG(0.9),1.97,3,0.8077,0.0124
VendiG(0.9),1.98,3,0.8077,0.0124
VendiG(0.9),1.99,3,0.8077,0.0123
VendiG(0.9),2.0,3,0.8077,0.0123
VendiG(0.9),2.01,3,0.8078,0.0124
VendiG(0.9),2.02,3,0.8078,0.0122
VendiG(0.9),2.03,3,0.8077,0.0123
VendiG(0.9),2.04,3,0.8077,0.0123
VendiG(0.9),2.05,3,0.8077,0.0123
VendiG(0.9),2.06,3,0.8078,0.0126
VendiG(0.9),2.07,3,0.8078,0.0128
VendiG(0.9),2.08,3,0.8078,0.0128
VendiG(0.9),2.09,3,0.8079,0.0127
VendiG(0.9),2.1,3,0.8079,0.0127
VendiG(0.9),2.11,3,0.808,0.0127
VendiG(0.9),2.12,3,0.808,0.0128
VendiG(0.9),2.13,3,0.808,0.0128
VendiG(0.9),2.14,3,0.808,0.0127
VendiG(0.9),2.15,3,0.8081,0.0127
VendiG(0.9),2.16,3,0.8081,0.0126
VendiG(0.9),2.17,3,0.8081,0.0126
VendiG(0.9),2.18,3,0.8082,0.0125
VendiG(0.9),2.19,3,0.8082,0.0125
VendiG(0.9),2.2,3,0.8082,0.0125
VendiG(0.9),2.21,3,0.8082,0.0125
VendiG(0.9),2.22,3,0.8082,0.0124
VendiG(0.9),2.23,3,0.8082,0.0124
VendiG(0.9),2.24,3,0.8082,0.0124
VendiG(0.9),2.25,3,0.8082,0.0124
VendiG(0.9),2.26,3,0.8082,0.0123
VendiG(0.9),2.27,3,0.8083,0.0123
VendiG(0.9),2.28,3,0.8083,0.0123
VendiG(0.9),2.29,3,0.8083,0.0123
VendiG(0.9),2.3,3,0.8083,0.0123
VendiG(0.9),2.31,3,0.8083,0.0123
VendiG(0.9),2.32,3,0.8084,0.0124
VendiG(0.9),2.33,3,0.8084,0.0124
VendiG(0.9),2.34,3,0.8084,0.0123
VendiG(0.9),2.35,3,0.8084,0.0123
VendiG(0.9),2.36,3,0.8085,0.0124
VendiG(0.9),2.37,3,0.8084,0.0123
VendiG(0.9),2.38,3,0.8086,0.0126
VendiG(0.9),2.39,3,0.8086,0.0126
VendiG(0.9),2.4,3,0.8086,0.0124
VendiG(0.9),2.41,3,0.8086,0.0124
VendiG(0.9),2.42,3,0.8086,0.0124
VendiG(0.9),2.43,3,0.8086,0.0126
VendiG(0.9),2.44,3,0.8086,0.0126
VendiG(0.9),2.45,3,0.8087,0.0127
VendiG(0.9),2.46,3,0.8086,0.0128
VendiG(0.9),2.47,3,0.8087,0.0129
VendiG(0.9),2.48,3,0.8087,0.0131
VendiG(0.9),2.49,3,0.8086,0.013
VendiG(0.9),2.5,3,0.8086,0.013
VendiG(0.9),2.51,3,0.8086,0.0126
VendiG(0.9),2.52,3,0.8086,0.0126
VendiG(0.9),2.53,3,0.8086,0.0129
VendiG(0.9),2.54,3,0.8086,0.0127
VendiG(0.9),2.55,3,0.8086,0.0128
VendiG(0.9),2.56,3,0.8087,0.0128
VendiG(0.9),2.57,3,0.8087,0.0127
VendiG(0.9),2.58,3,0.8087,0.0125
VendiG(0.9),2.59,3,0.8086,0.0126
VendiG(0.9),2.6,3,0.8086,0.0126
VendiG(0.9),2.61,3,0.8087,0.0127
VendiG(0.9),2.62,3,0.8086,0.0126
VendiG(0.9),2.63,3,0.8087,0.0128
VendiG(0.9),2.64,3,0.8087,0.0127
VendiG(0.9),2.65,3,0.8087,0.0127
VendiG(0.9),2.66,3,0.8086,0.0126
VendiG(0.9),2.67,3,0.8087,0.0126
VendiG(0.9),2.68,3,0.8087,0.0129
VendiG(0.9),2.69,3,0.8088,0.0127
VendiG(0.9),2.7,3,0.8087,0.0129
VendiG(0.9),2.71,3,0.8088,0.0127
VendiG(0.9),2.72,3,0.8087,0.0127
VendiG(0.9),2.73,3,0.8087,0.0126
VendiG(0.9),2.74,3,0.8087,0.0127
VendiG(0.9),2.75,3,0.8086,0.0127
VendiG(0.9),2.76,3,0.8086,0.0125
VendiG(0.9),2.77,3,0.8087,0.0126
VendiG(0.9),2.78,3,0.8086,0.0126
VendiG(0.9),2.79,3,0.8086,0.0124
VendiG(0.9),2.8,3,0.8086,0.0124
VendiG(0.9),2.81,3,0.8085,0.0126
VendiG(0.9),2.82,3,0.8085,0.0124
VendiG(0.9),2.83,3,0.8085,0.0124
VendiG(0.9),2.84,3,0.8085,0.0124
VendiG(0.9),2.85,3,0.8085,0.0125
VendiG(0.9),2.86,3,0.8085,0.0124
VendiG(0.9),2.87,3,0.8085,0.0124
VendiG(0.9),2.88,3,0.8086,0.0126
VendiG(0.9),2.89,3,0.8086,0.0126
VendiG(0.9),2.9,3,0.8087,0.0128
VendiG(0.9),2.91,3,0.8086,0.0129
VendiG(0.9),2.92,3,0.8086,0.0129
VendiG(0.9),2.93,3,0.8086,0.0128
VendiG(0.9),2.94,3,0.8086,0.0128
VendiG(0.9),2.95,3,0.8087,0.0128
VendiG(0.9),2.96,3,0.8087,0.0128
VendiG(0.9),2.97,3,0.8087,0.0129
VendiG(0.9),2.98,3,0.8087,0.0128
VendiG(0.9),2.99,3,0.8087,0.0129
VendiG(0.9),3.0,3,0.8087,0.0129
VendiG(0.9),3.01,3,0.8086,0.0128
VendiG(0.9),3.02,3,0.8086,0.0127
VendiG(0.9),3.03,3,0.8086,0.0127
VendiG(0.9),3.04,3,0.8085,0.0126
VendiG(0.9),3.05,3,0.8085,0.0125
VendiG(0.9),3.06,3,0.8085,0.0125
VendiG(0.9),3.07,3,0.8085,0.0125
VendiG(0.9),3.08,3,0.8085,0.0125
VendiG(0.9),3.09,3,0.8085,0.0125
VendiG(0.9),3.1,3,0.8085,0.0126
VendiG(0.9),3.11,3,0.8085,0.0126
VendiG(0.9),3.12,3,0.8084,0.0123
VendiG(0.9),3.13,3,0.8084,0.0122
VendiG(0.9),3.14,3,0.8083,0.0123
VendiG(0.9),3.15,3,0.8082,0.0122
VendiG(0.9),3.16,3,0.8082,0.0123
VendiG(0.9),3.17,3,0.8082,0.0122
VendiG(0.9),3.18,3,0.8082,0.0123
VendiG(0.9),3.19,3,0.8081,0.0123
VendiG(0.9),3.2,3,0.8081,0.0122
VendiG(0.9),3.21,3,0.8081,0.0123
VendiG(0.9),3.22,3,0.8081,0.0123
VendiG(0.9),3.23,3,0.8081,0.0123
VendiG(0.9),3.24,3,0.8081,0.0123
VendiG(0.9),3.25,3,0.8081,0.0124
VendiG(0.9),3.26,3,0.8081,0.0124
VendiG(0.9),3.27,3,0.8081,0.0126
VendiG(0.9),3.28,3,0.808,0.0124
VendiG(0.9),3.29,3,0.808,0.0124
VendiG(0.9),3.3,3,0.808,0.0124
VendiG(0.9),3.31,3,0.8081,0.0123
VendiG(0.9),3.32,3,0.8081,0.0124
VendiG(0.9),3.33,3,0.8081,0.0124
VendiG(0.9),3.34,3,0.8081,0.0124
VendiG(0.9),3.35,3,0.808,0.0124
VendiG(0.9),3.36,3,0.8081,0.0124
VendiG(0.9),3.37,3,0.8081,0.0124
VendiG(0.9),3.38,3,0.8081,0.0124
VendiG(0.9),3.39,3,0.8081,0.0124
VendiG(0.9),3.4,3,0.808,0.0123
VendiG(0.9),3.41,3,0.8081,0.0124
VendiG(0.9),3.42,3,0.8081,0.0124
VendiG(0.9),3.43,3,0.8081,0.0124
VendiG(0.9),3.44,3,0.8081,0.0124
VendiG(0.9),3.45,3,0.8081,0.0124
VendiG(0.9),3.46,3,0.8082,0.0127
VendiG(0.9),3.47,3,0.8082,0.0126
VendiG(0.9),3.48,3,0.8082,0.0126
VendiG(0.9),3.49,3,0.8082,0.0126
VendiG(0.9),3.5,3,0.8083,0.0125
VendiG(0.9),3.51,3,0.8083,0.0125
VendiG(0.9),3.52,3,0.8083,0.0127
VendiG(0.9),3.53,3,0.8083,0.0127
VendiG(0.9),3.54,3,0.8083,0.0125
VendiG(0.9),3.55,3,0.8083,0.0125
VendiG(0.9),3.56,3,0.8083,0.0125
VendiG(0.9),3.57,3,0.8083,0.0127
VendiG(0.9),3.58,3,0.8082,0.0127
VendiG(0.9),3.59,3,0.808,0.013
VendiG(0.9),3.6,3,0.808,0.0132
VendiG(0.9),3.61,3,0.808,0.0133
VendiG(0.9),3.62,3,0.808,0.0132
VendiG(0.9),3.63,3,0.808,0.0132
VendiG(0.9),3.64,3,0.808,0.0132
VendiG(0.9),3.65,3,0.8079,0.0132
VendiG(0.9),3.66,3,0.8079,0.0133
VendiG(0.9),3.67,3,0.8079,0.0133
VendiG(0.9),3.68,3,0.8078,0.0133
VendiG(0.9),3.69,3,0.8077,0.0133
VendiG(0.9),3.7,3,0.8077,0.0133
VendiG(0.9),3.71,3,0.8077,0.0132
VendiG(0.9),3.72,3,0.8077,0.0132
VendiG(0.9),3.73,3,0.8077,0.0129
VendiG(0.9),3.74,3,0.8077,0.0129
VendiG(0.9),3.75,3,0.8076,0.0129
VendiG(0.9),3.76,3,0.8075,0.0127
VendiG(0.9),3.77,3,0.8074,0.0128
VendiG(0.9),3.78,3,0.8074,0.0128
VendiG(0.9),3.79,3,0.8074,0.0128
VendiG(0.9),3.8,3,0.8074,0.0128
VendiG(0.9),3.81,3,0.8074,0.0129
VendiG(0.9),3.82,3,0.8073,0.0129
VendiG(0.9),3.83,3,0.8073,0.0129
VendiG(0.9),3.84,3,0.8073,0.0129
VendiG(0.9),3.85,3,0.8072,0.0128
VendiG(0.9),3.86,3,0.8071,0.0128
VendiG(0.9),3.87,3,0.8071,0.0128
VendiG(0.9),3.88,3,0.807,0.0129
VendiG(0.9),3.89,3,0.807,0.0129
VendiG(0.9),3.9,3,0.807,0.0129
VendiG(0.9),3.91,3,0.8071,0.0129
VendiG(0.9),3.92,3,0.807,0.0129
VendiG(0.9),3.93,3,0.807,0.0129
VendiG(0.9),3.94,3,0.807,0.0129
VendiG(0.9),3.95,3,0.807,0.0128
VendiG(0.9),3.96,3,0.807,0.0128
VendiG(0.9),3.97,3,0.807,0.0128
VendiG(0.9),3.98,3,0.8069,0.0129
VendiG(0.9),3.99,3,0.8068,0.0129
VendiG(0.9),4.0,3,0.8068,0.0129
VendiG(0.9),4.01,3,0.8068,0.0133
VendiG(0.9),4.02,3,0.8068,0.0134
VendiG(0.9),4.03,3,0.8068,0.0134
VendiG(0.9),4.04,3,0.8068,0.0134
VendiG(0.9),4.05,3,0.8067,0.0134
VendiG(0.9),4.06,3,0.8067,0.0134
VendiG(0.9),4.07,3,0.8067,0.0135
VendiG(0.9),4.08,3,0.8066,0.0134
VendiG(0.9),4.09,3,0.8066,0.0134
VendiG(0.9),4.1,3,0.8066,0.0134
VendiG(0.9),4.11,3,0.8066,0.0135
VendiG(0.9),4.12,3,0.8066,0.0133
VendiG(0.9),4.13,3,0.8066,0.0132
VendiG(0.9),4.14,3,0.8066,0.0132
VendiG(0.9),4.15,3,0.8065,0.0133
VendiG(0.9),4.16,3,0.8065,0.0132
VendiG(0.9),4.17,3,0.8065,0.0133
VendiG(0.9),4.18,3,0.8064,0.0132
VendiG(0.9),4.19,3,0.8064,0.0132
VendiG(0.9),4.2,3,0.8064,0.0132
VendiG(0.9),4.21,3,0.8063,0.0132
VendiG(0.9),4.22,3,0.8063,0.0132
VendiG(0.9),4.23,3,0.8063,0.0135
VendiG(0.9),4.24,3,0.8063,0.0133
VendiG(0.9),4.25,3,0.8062,0.0134
VendiG(0.9),4.26,3,0.8062,0.0135
VendiG(0.9),4.27,3,0.8062,0.0137
VendiG(0.9),4.28,3,0.8062,0.0135
VendiG(0.9),4.29,3,0.8062,0.0138
VendiG(0.9),4.3,3,0.8061,0.0137
VendiG(0.9),4.31,3,0.8061,0.0138
VendiG(0.9),4.32,3,0.806,0.0135
VendiG(0.9),4.33,3,0.8059,0.0138
VendiG(0.9),4.34,3,0.8059,0.0138
VendiG(0.9),4.35,3,0.8059,0.0135
VendiG(0.9),4.36,3,0.8058,0.0137
VendiG(0.9),4.37,3,0.8058,0.0137
VendiG(0.9),4.38,3,0.8058,0.0137
VendiG(0.9),4.39,3,0.8058,0.0136
VendiG(0.9),4.4,3,0.8058,0.0137
VendiG(0.9),4.41,3,0.8058,0.0137
VendiG(0.9),4.42,3,0.8058,0.0134
VendiG(0.9),4.43,3,0.8058,0.0137
VendiG(0.9),4.44,3,0.8059,0.0137
VendiG(0.9),4.45,3,0.8058,0.0135
VendiG(0.9),4.46,3,0.8059,0.0134
VendiG(0.9),4.47,3,0.8058,0.0133
VendiG(0.9),4.48,3,0.8058,0.0133
VendiG(0.9),4.49,3,0.8057,0.0129
VendiG(0.9),4.5,3,0.8057,0.0131
VendiG(0.9),4.51,3,0.8057,0.0129
VendiG(0.9),4.52,3,0.8056,0.0129
VendiG(0.9),4.53,3,0.8056,0.0129
VendiG(0.9),4.54,3,0.8055,0.0128
VendiG(0.9),4.55,3,0.8055,0.0127
VendiG(0.9),4.56,3,0.8054,0.0127
VendiG(0.9),4.57,3,0.8054,0.0127
VendiG(0.9),4.58,3,0.8053,0.0128
VendiG(0.9),4.59,3,0.8053,0.0128
VendiG(0.9),4.6,3,0.8053,0.0128
VendiG(0.9),4.61,3,0.8053,0.0128
VendiG(0.9),4.62,3,0.8052,0.0129
VendiG(0.9),4.63,3,0.8052,0.0129
VendiG(0.9),4.64,3,0.8052,0.0129
VendiG(0.9),4.65,3,0.8051,0.0131
VendiG(0.9),4.66,3,0.8052,0.0136
VendiG(0.9),4.67,3,0.8051,0.0138
VendiG(0.9),4.68,3,0.8051,0.0138
VendiG(0.9),4.69,3,0.8052,0.0137
VendiG(0.9),4.7,3,0.8052,0.0137
VendiG(0.9),4.71,3,0.8052,0.0137
VendiG(0.9),4.72,3,0.8052,0.0136
VendiG(0.9),4.73,3,0.8051,0.0137
VendiG(0.9),4.74,3,0.8051,0.0137
VendiG(0.9),4.75,3,0.8051,0.0139
VendiG(0.9),4.76,3,0.8051,0.0137
VendiG(0.9),4.77,3,0.8051,0.0137
VendiG(0.9),4.78,3,0.8051,0.0137
VendiG(0.9),4.79,3,0.805,0.0135
VendiG(0.9),4.8,3,0.8049,0.0136
VendiG(0.9),4.81,3,0.805,0.0135
VendiG(0.9),4.82,3,0.8049,0.0134
VendiG(0.9),4.83,3,0.8049,0.0134
VendiG(0.9),4.84,3,0.8049,0.0135
VendiG(0.9),4.85,3,0.8048,0.0134
VendiG(0.9),4.86,3,0.8048,0.0132
VendiG(0.9),4.87,3,0.8048,0.0132
VendiG(0.9),4.88,3,0.8047,0.0131
VendiG(0.9),4.89,3,0.8047,0.0132
VendiG(0.9),4.9,3,0.8047,0.0132
VendiG(0.9),4.91,3,0.8047,0.0132
VendiG(0.9),4.92,3,0.8047,0.0131
VendiG(0.9),4.93,3,0.8047,0.0131
VendiG(0.9),4.94,3,0.8047,0.013
VendiG(0.9),4.95,3,0.8046,0.0129
VendiG(0.9),4.96,3,0.8046,0.0129
VendiG(0.9),4.97,3,0.8046,0.0129
VendiG(0.9),4.98,3,0.8045,0.0128
VendiG(0.9),4.99,3,0.8045,0.0127
VendiG(0.9),5.0,3,0.8046,0.0132
VendiG(0.9),5.01,3,0.8046,0.0132
VendiG(0.9),5.02,3,0.8046,0.0132
VendiG(0.9),5.03,3,0.8046,0.0132
VendiG(0.9),5.04,3,0.8045,0.0133
VendiG(0.9),5.05,3,0.8044,0.0134
VendiG(0.9),5.06,3,0.8044,0.0134
VendiG(0.9),5.07,3,0.8043,0.0135
VendiG(0.9),5.08,3,0.8043,0.0135
VendiG(0.9),5.09,3,0.8043,0.0135
VendiG(0.9),5.1,3,0.8042,0.0135
VendiG(0.9),5.11,3,0.8042,0.0135
VendiG(0.9),5.12,3,0.8042,0.0135
VendiG(0.9),5.13,3,0.8041,0.0135
VendiG(0.9),5.14,3,0.804,0.0135
VendiG(0.9),5.15,3,0.804,0.0137
VendiG(0.9),5.16,3,0.804,0.0137
VendiG(0.9),5.17,3,0.8039,0.0135
VendiG(0.9),5.18,3,0.8039,0.0136
VendiG(0.9),5.19,3,0.8039,0.0135
VendiG(0.9),5.2,3,0.8039,0.0135
VendiG(0.9),5.21,3,0.8039,0.0135
VendiG(0.9),5.22,3,0.8039,0.0133
VendiG(0.9),5.23,3,0.8039,0.0133
VendiG(0.9),5.24,3,0.8039,0.0134
VendiG(0.9),5.25,3,0.8036,0.0141
VendiG(0.9),5.26,3,0.8036,0.0141
VendiG(0.9),5.27,3,0.8036,0.0141
VendiG(0.9),5.28,3,0.8036,0.0139
VendiG(0.9),5.29,3,0.8035,0.0141
VendiG(0.9),5.3,3,0.8035,0.0141
VendiG(0.9),5.31,3,0.8035,0.0141
VendiG(0.9),5.32,3,0.8035,0.0139
VendiG(0.9),5.33,3,0.8035,0.0139
VendiG(0.9),5.34,3,0.8034,0.014
VendiG(0.9),5.35,3,0.8034,0.0139
VendiG(0.9),5.36,3,0.8033,0.0138
VendiG(0.9),5.37,3,0.8033,0.0138
VendiG(0.9),5.38,3,0.8033,0.0138
VendiG(0.9),5.39,3,0.8033,0.0138
VendiG(0.9),5.4,3,0.8033,0.0137
VendiG(0.9),5.41,3,0.8032,0.0137
VendiG(0.9),5.42,3,0.8032,0.0137
VendiG(0.9),5.43,3,0.8032,0.0137
VendiG(0.9),5.44,3,0.8032,0.0137
VendiG(0.9),5.45,3,0.8032,0.0137
VendiG(0.9),5.46,3,0.8032,0.0137
VendiG(0.9),5.47,3,0.8032,0.0137
VendiG(0.9),5.48,3,0.8032,0.0137
VendiG(0.9),5.49,3,0.8032,0.0136
VendiG(0.9),5.5,3,0.8032,0.0135
VendiG(0.9),5.51,3,0.8032,0.0134
VendiG(0.9),5.52,3,0.8031,0.0134
VendiG(0.9),5.53,3,0.8031,0.0134
VendiG(0.9),5.54,3,0.8031,0.0136
VendiG(0.9),5.55,3,0.8031,0.0136
VendiG(0.9),5.56,3,0.8031,0.0136
VendiG(0.9),5.57,3,0.8031,0.0136
VendiG(0.9),5.58,3,0.8031,0.0136
VendiG(0.9),5.59,3,0.8031,0.0136
VendiG(0.9),5.6,3,0.803,0.0137
VendiG(0.9),5.61,3,0.803,0.0137
VendiG(0.9),5.62,3,0.803,0.0136
VendiG(0.9),5.63,3,0.803,0.0136
VendiG(0.9),5.64,3,0.803,0.0136
VendiG(0.9),5.65,3,0.803,0.0136
VendiG(0.9),5.66,3,0.803,0.0136
VendiG(0.9),5.67,3,0.803,0.0136
VendiG(0.9),5.68,3,0.803,0.0136
VendiG(0.9),5.69,3,0.803,0.0136
VendiG(0.9),5.7,3,0.803,0.0136
VendiG(0.9),5.71,3,0.803,0.0136
VendiG(0.9),5.72,3,0.803,0.0136
VendiG(0.9),5.73,3,0.8031,0.0136
VendiG(0.9),5.74,3,0.8031,0.0136
VendiG(0.9),5.75,3,0.8031,0.0136
VendiG(0.9),5.76,3,0.8031,0.0136
VendiG(0.9),5.77,3,0.8031,0.0136
VendiG(0.9),5.78,3,0.803,0.0135
VendiG(0.9),5.79,3,0.803,0.0135
VendiG(0.9),5.81,3,0.803,0.0136
VendiG(0.9),5.82,3,0.803,0.0136
VendiG(0.9),5.83,3,0.803,0.0136
VendiG(0.9),5.84,3,0.8029,0.0137
VendiG(0.9),5.85,3,0.8029,0.0137
VendiG(0.9),5.86,3,0.8029,0.0137
VendiG(0.9),5.87,3,0.8029,0.0137
VendiG(0.9),5.88,3,0.8029,0.0137
VendiG(0.9),5.89,3,0.8029,0.0137
VendiG(0.9),5.9,3,0.8029,0.0137
VendiG(0.9),5.91,3,0.8029,0.0137
VendiG(0.9),5.92,3,0.8029,0.0137
VendiG(0.9),5.93,3,0.8029,0.0136
VendiG(0.9),5.94,3,0.8029,0.0136
VendiG(0.9),5.95,3,0.8029,0.0136
VendiG(0.9),5.96,3,0.8029,0.0136
VendiG(0.9),5.97,3,0.8029,0.0136
VendiG(0.9),5.99,3,0.8029,0.0136
VendiG(0.9),6.0,3,0.8029,0.0136
VendiG(0.9),6.02,2,0.7999,0.0248
VendiG(0.9),6.03,3,0.8029,0.0136
VendiG(0.9),6.04,3,0.8029,0.0136
VendiG(0.9),6.05,2,0.8054,0.0438
VendiG(0.9),6.06,2,0.8054,0.0438
VendiG(0.9),6.07,2,0.8054,0.0438
VendiG(0.9),6.08,3,0.8029,0.0136
VendiG(0.9),6.09,3,0.8029,0.0136
VendiG(0.9),6.1,3,0.8029,0.0136
VendiG(0.9),6.12,1,0.8019,0.0
VendiG(0.9),6.13,3,0.8029,0.0136
VendiG(0.9),6.15,3,0.8029,0.0136
VendiG(0.9),6.16,2,0.8054,0.0438
VendiG(0.9),6.2,1,0.8019,0.0
VendiG(0.9),6.21,2,0.8054,0.0438
VendiG(0.9),6.22,2,0.8054,0.0438
VendiG(0.9),6.25,2,0.8054,0.0438
VendiG(0.9),6.26,2,0.8054,0.0438
VendiG(0.9),6.28,2,0.8054,0.0438
VendiG(0.9),6.31,2,0.7999,0.0248
VendiG(0.9),6.32,3,0.8029,0.0136
VendiG(0.9),6.34,1,0.8019,0.0
VendiG(0.9),6.35,2,0.8054,0.0438
VendiG(0.9),6.36,3,0.8029,0.0136
VendiG(0.9),6.42,3,0.8029,0.0136
VendiG(0.9),6.47,2,0.7999,0.0248
VendiG(0.9),6.48,2,0.7999,0.0248
RNG(-2),0.99,3,0.7703,0.0076
RNG(-2),1.0,3,0.7703,0.0076
RNG(-2),1.01,3,0.7703,0.0076
RNG(-2),1.02,3,0.7703,0.0076
RNG(-2),1.03,3,0.7703,0.0076
RNG(-2),1.04,3,0.7703,0.0076
RNG(-2),1.05,3,0.7703,0.0076
RNG(-2),1.06,3,0.7703,0.0076
RNG(-2),1.07,3,0.7703,0.0076
RNG(-2),1.08,3,0.7703,0.0076
RNG(-2),1.09,3,0.7703,0.0076
RNG(-2),1.1,3,0.7703,0.0076
RNG(-2),1.11,3,0.7703,0.0076
RNG(-2),1.12,3,0.7703,0.0076
RNG(-2),1.13,3,0.7703,0.0076
RNG(-2),1.14,3,0.7703,0.0076
RNG(-2),1.15,3,0.7703,0.0076
RNG(-2),1.16,3,0.7703,0.0076
RNG(-2),1.17,3,0.7703,0.0076
RNG(-2),1.18,3,0.7703,0.0076
RNG(-2),1.19,3,0.7703,0.0076
RNG(-2),1.2,3,0.7703,0.0076
RNG(-2),1.21,3,0.7703,0.0076
RNG(-2),1.22,3,0.7703,0.0076
RNG(-2),1.23,3,0.7703,0.0076
RNG(-2),1.24,3,0.7703,0.0076
RNG(-2),1.25,3,0.7703,0.0076
RNG(-2),1.26,3,0.7703,0.0076
RNG(-2),1.27,3,0.7703,0.0076
RNG(-2),1.28,3,0.7703,0.0076
RNG(-2),1.29,3,0.7703,0.0076
RNG(-2),1.3,3,0.7703,0.0076
RNG(-2),1.31,3,0.7703,0.0076
RNG(-2),1.32,3,0.7703,0.0076
RNG(-2),1.33,3,0.7703,0.0076
RNG(-2),1.34,3,0.7703,0.0076
RNG(-2),1.35,3,0.7703,0.0076
RNG(-2),1.36,3,0.7703,0.0076
RNG(-2),1.37,3,0.7703,0.0076
RNG(-2),1.38,3,0.7703,0.0076
RNG(-2),1.39,3,0.7703,0.0076
RNG(-2),1.4,3,0.7703,0.0076
RNG(-2),1.41,3,0.7703,0.0076
RNG(-2),1.42,3,0.7703,0.0076
RNG(-2),1.43,3,0.7703,0.0076
RNG(-2),1.44,3,0.7703,0.0076
RNG(-2),1.45,3,0.7703,0.0076
RNG(-2),1.46,3,0.7703,0.0076
RNG(-2),1.47,3,0.7703,0.0076
RNG(-2),1.48,3,0.7703,0.0076
RNG(-2),1.49,3,0.7703,0.0076
RNG(-2),1.5,3,0.7703,0.0076
RNG(-2),1.51,3,0.7703,0.0076
RNG(-2),1.52,3,0.7703,0.0076
RNG(-2),1.53,3,0.7703,0.0076
RNG(-2),1.54,3,0.7703,0.0076
RNG(-2),1.55,3,0.7703,0.0076
RNG(-2),1.56,3,0.7703,0.0076
RNG(-2),1.57,3,0.7703,0.0076
RNG(-2),1.58,3,0.7703,0.0076
RNG(-2),1.59,3,0.7703,0.0076
RNG(-2),1.6,3,0.7703,0.0076
RNG(-2),1.61,3,0.7703,0.0076
RNG(-2),1.62,3,0.7703,0.0076
RNG(-2),1.63,3,0.7703,0.0076
RNG(-2),1.64,3,0.7703,0.0076
RNG(-2),1.65,3,0.7703,0.0076
RNG(-2),1.66,3,0.7703,0.0076
RNG(-2),1.67,3,0.7703,0.0076
RNG(-2),1.68,3,0.7703,0.0076
RNG(-2),1.69,3,0.7703,0.0076
RNG(-2),1.7,3,0.7703,0.0076
RNG(-2),1.71,3,0.7703,0.0076
RNG(-2),1.72,3,0.7703,0.0076
RNG(-2),1.73,3,0.7703,0.0076
RNG(-2),1.74,3,0.7703,0.0076
RNG(-2),1.75,3,0.7703,0.0076
RNG(-2),1.76,3,0.7703,0.0076
RNG(-2),1.77,3,0.7703,0.0076
RNG(-2),1.78,3,0.7703,0.0076
RNG(-2),1.79,3,0.7703,0.0076
RNG(-2),1.8,3,0.7703,0.0076
RNG(-2),1.81,3,0.7703,0.0076
RNG(-2),1.82,3,0.7703,0.0076
RNG(-2),1.83,3,0.7703,0.0076
RNG(-2),1.84,3,0.7703,0.0076
RNG(-2),1.85,3,0.7703,0.0076
RNG(-2),1.86,3,0.7703,0.0076
RNG(-2),1.87,3,0.7703,0.0076
RNG(-2),1.88,3,0.7703,0.0076
RNG(-2),1.89,3,0.7703,0.0076
RNG(-2),1.9,3,0.7703,0.0076
RNG(-2),1.91,3,0.7703,0.0076
RNG(-2),1.92,3,0.7703,0.0076
RNG(-2),1.93,3,0.7703,0.0076
RNG(-2),1.94,3,0.7703,0.0076
RNG(-2),1.95,3,0.7703,0.0076
RNG(-2),1.96,3,0.7703,0.0076
RNG(-2),1.97,3,0.7703,0.0076
RNG(-2),1.98,3,0.7703,0.0076
RNG(-2),1.99,3,0.7703,0.0076
RNG(-2),2.0,3,0.7703,0.0076
RNG(-2),2.01,3,0.7703,0.0076
RNG(-2),2.02,3,0.7703,0.0076
RNG(-2),2.03,3,0.7703,0.0076
RNG(-2),2.04,3,0.7703,0.0076
RNG(-2),2.05,3,0.7703,0.0076
RNG(-2),2.06,3,0.7703,0.0076
RNG(-2),2.07,3,0.7703,0.0076
RNG(-2),2.08,3,0.7703,0.0076
RNG(-2),2.09,3,0.7703,0.0076
RNG(-2),2.1,3,0.7703,0.0076
RNG(-2),2.11,3,0.7703,0.0076
RNG(-2),2.12,3,0.7703,0.0076
RNG(-2),2.13,3,0.7703,0.0076
RNG(-2),2.14,3,0.7703,0.0076
RNG(-2),2.15,3,0.7703,0.0076
RNG(-2),2.16,3,0.7703,0.0076
RNG(-2),2.17,3,0.7703,0.0076
RNG(-2),2.18,3,0.7703,0.0076
RNG(-2),2.19,3,0.7703,0.0076
RNG(-2),2.2,3,0.7703,0.0076
RNG(-2),2.21,3,0.7703,0.0076
RNG(-2),2.22,3,0.7703,0.0076
RNG(-2),2.23,3,0.7703,0.0076
RNG(-2),2.24,3,0.7703,0.0076
RNG(-2),2.25,3,0.7703,0.0076
RNG(-2),2.26,3,0.7703,0.0076
RNG(-2),2.27,3,0.7703,0.0076
RNG(-2),2.28,3,0.7703,0.0076
RNG(-2),2.29,3,0.7703,0.0076
RNG(-2),2.3,3,0.7703,0.0076
RNG(-2),2.31,3,0.7703,0.0076
RNG(-2),2.32,3,0.7703,0.0076
RNG(-2),2.33,3,0.7703,0.0076
RNG(-2),2.34,3,0.7703,0.0076
RNG(-2),2.35,3,0.7703,0.0076
RNG(-2),2.36,3,0.7703,0.0076
RNG(-2),2.37,3,0.7703,0.0076
RNG(-2),2.38,3,0.7703,0.0076
RNG(-2),2.39,3,0.7703,0.0076
RNG(-2),2.4,3,0.7703,0.0076
RNG(-2),2.41,3,0.7703,0.0076
RNG(-2),2.42,3,0.7703,0.0076
RNG(-2),2.43,3,0.7703,0.0076
RNG(-2),2.44,3,0.7703,0.0076
RNG(-2),2.45,3,0.7703,0.0076
RNG(-2),2.46,3,0.7703,0.0076
RNG(-2),2.47,3,0.7703,0.0076
RNG(-2),2.48,3,0.7703,0.0076
RNG(-2),2.49,3,0.7703,0.0076
RNG(-2),2.5,3,0.7703,0.0076
RNG(-2),2.51,3,0.7703,0.0076
RNG(-2),2.52,3,0.7703,0.0076
RNG(-2),2.53,3,0.7703,0.0076
RNG(-2),2.54,3,0.7703,0.0076
RNG(-2),2.55,3,0.7703,0.0076
RNG(-2),2.56,3,0.7703,0.0076
RNG(-2),2.57,3,0.7703,0.0076
RNG(-2),2.58,3,0.7703,0.0076
RNG(-2),2.59,3,0.7703,0.0076
RNG(-2),2.6,3,0.7703,0.0076
RNG(-2),2.61,3,0.7703,0.0076
RNG(-2),2.62,3,0.7703,0.0076
RNG(-2),2.63,3,0.7703,0.0076
RNG(-2),2.64,3,0.7703,0.0076
RNG(-2),2.65,3,0.7703,0.0076
RNG(-2),2.66,3,0.7703,0.0076
RNG(-2),2.67,3,0.7703,0.0076
RNG(-2),2.68,3,0.7703,0.0076
RNG(-2),2.69,3,0.7703,0.0076
RNG(-2),2.7,3,0.7703,0.0076
RNG(-2),2.71,3,0.7703,0.0076
RNG(-2),2.72,3,0.7703,0.0076
RNG(-2),2.73,3,0.7703,0.0076
RNG(-2),2.74,3,0.7703,0.0076
RNG(-2),2.75,3,0.7703,0.0076
RNG(-2),2.76,3,0.7703,0.0076
RNG(-2),2.77,3,0.7703,0.0076
RNG(-2),2.78,3,0.7703,0.0076
RNG(-2),2.79,3,0.7703,0.0076
RNG(-2),2.8,3,0.7703,0.0076
RNG(-2),2.81,3,0.7703,0.0076
RNG(-2),2.82,3,0.7703,0.0076
RNG(-2),2.83,3,0.7703,0.0076
RNG(-2),2.84,3,0.7703,0.0076
RNG(-2),2.85,3,0.7703,0.0076
RNG(-2),2.86,3,0.7703,0.0076
RNG(-2),2.87,3,0.7703,0.0076
RNG(-2),2.88,3,0.7703,0.0076
RNG(-2),2.89,3,0.7703,0.0076
RNG(-2),2.9,3,0.7703,0.0076
RNG(-2),2.91,3,0.7703,0.0076
RNG(-2),2.92,3,0.7703,0.0076
RNG(-2),2.93,3,0.7703,0.0076
RNG(-2),2.94,3,0.7703,0.0076
RNG(-2),2.95,3,0.7703,0.0076
RNG(-2),2.96,3,0.7703,0.0076
RNG(-2),2.97,3,0.7703,0.0076
RNG(-2),2.98,3,0.7703,0.0076
RNG(-2),2.99,3,0.7703,0.0076
RNG(-2),3.0,3,0.7703,0.0076
RNG(-2),3.01,3,0.7703,0.0076
RNG(-2),3.02,3,0.7703,0.0076
RNG(-2),3.03,3,0.7703,0.0076
RNG(-2),3.04,3,0.7703,0.0076
RNG(-2),3.05,3,0.7703,0.0076
RNG(-2),3.06,3,0.7703,0.0076
RNG(-2),3.07,3,0.7703,0.0076
RNG(-2),3.08,3,0.7703,0.0076
RNG(-2),3.09,3,0.7703,0.0076
RNG(-2),3.1,3,0.7703,0.0076
RNG(-2),3.11,3,0.7703,0.0076
RNG(-2),3.12,3,0.7703,0.0076
RNG(-2),3.13,3,0.7703,0.0076
RNG(-2),3.14,3,0.7703,0.0076
RNG(-2),3.15,3,0.7703,0.0076
RNG(-2),3.16,3,0.7703,0.0076
RNG(-2),3.17,3,0.7703,0.0076
RNG(-2),3.18,3,0.7703,0.0076
RNG(-2),3.19,3,0.7703,0.0076
RNG(-2),3.2,3,0.7703,0.0076
RNG(-2),3.21,3,0.7703,0.0076
RNG(-2),3.22,3,0.7703,0.0076
RNG(-2),3.23,3,0.7703,0.0076
RNG(-2),3.24,3,0.7703,0.0076
RNG(-2),3.25,3,0.7703,0.0076
RNG(-2),3.26,3,0.7703,0.0076
RNG(-2),3.27,3,0.7703,0.0076
RNG(-2),3.28,3,0.7703,0.0076
RNG(-2),3.29,3,0.7703,0.0076
RNG(-2),3.3,3,0.7703,0.0076
RNG(-2),3.31,3,0.7703,0.0076
RNG(-2),3.32,3,0.7703,0.0076
RNG(-2),3.33,3,0.7703,0.0076
RNG(-2),3.34,3,0.7703,0.0076
RNG(-2),3.35,3,0.7703,0.0076
RNG(-2),3.36,3,0.7703,0.0076
RNG(-2),3.37,3,0.7703,0.0076
RNG(-2),3.38,3,0.7703,0.0076
RNG(-2),3.39,3,0.7703,0.0076
RNG(-2),3.4,3,0.7703,0.0076
RNG(-2),3.41,3,0.7703,0.0076
RNG(-2),3.42,3,0.7703,0.0076
RNG(-2),3.43,3,0.7703,0.0076
RNG(-2),3.44,3,0.7703,0.0076
RNG(-2),3.45,3,0.7703,0.0076
RNG(-2),3.46,3,0.7703,0.0076
RNG(-2),3.47,3,0.7703,0.0076
RNG(-2),3.48,3,0.7703,0.0076
RNG(-2),3.49,3,0.7703,0.0076
RNG(-2),3.5,3,0.7703,0.0076
RNG(-2),3.51,3,0.7703,0.0076
RNG(-2),3.52,3,0.7703,0.0076
RNG(-2),3.53,3,0.7703,0.0076
RNG(-2),3.54,3,0.7703,0.0076
RNG(-2),3.55,3,0.7703,0.0076
RNG(-2),3.56,3,0.7703,0.0076
RNG(-2),3.57,3,0.7703,0.0076
RNG(-2),3.58,3,0.7703,0.0076
RNG(-2),3.59,3,0.7703,0.0076
RNG(-2),3.6,3,0.7703,0.0076
RNG(-2),3.61,3,0.7703,0.0076
RNG(-2),3.62,3,0.7703,0.0076
RNG(-2),3.63,3,0.7703,0.0076
RNG(-2),3.64,3,0.7703,0.0076
RNG(-2),3.65,3,0.7703,0.0076
RNG(-2),3.66,3,0.7703,0.0076
RNG(-2),3.67,3,0.7703,0.0076
RNG(-2),3.68,3,0.7703,0.0076
RNG(-2),3.69,3,0.7703,0.0076
RNG(-2),3.7,3,0.7703,0.0076
RNG(-2),3.71,3,0.7703,0.0076
RNG(-2),3.72,3,0.7703,0.0076
RNG(-2),3.73,3,0.7703,0.0076
RNG(-2),3.74,3,0.7703,0.0076
RNG(-2),3.75,3,0.7703,0.0076
RNG(-2),3.76,3,0.7703,0.0076
RNG(-2),3.77,3,0.7703,0.0076
RNG(-2),3.78,3,0.7703,0.0076
RNG(-2),3.79,3,0.7703,0.0076
RNG(-2),3.8,3,0.7703,0.0076
RNG(-2),3.81,3,0.7703,0.0076
RNG(-2),3.82,3,0.7703,0.0076
RNG(-2),3.83,3,0.7703,0.0076
RNG(-2),3.84,3,0.7703,0.0076
RNG(-2),3.85,3,0.7703,0.0076
RNG(-2),3.86,3,0.7703,0.0076
RNG(-2),3.87,3,0.7703,0.0076
RNG(-2),3.88,3,0.7703,0.0076
RNG(-2),3.89,3,0.7703,0.0076
RNG(-2),3.9,3,0.7703,0.0076
RNG(-2),3.91,3,0.7703,0.0076
RNG(-2),3.92,3,0.7703,0.0076
RNG(-2),3.93,3,0.7703,0.0076
RNG(-2),3.94,3,0.7703,0.0076
RNG(-2),3.95,3,0.7703,0.0076
RNG(-2),3.96,3,0.7703,0.0076
RNG(-2),3.97,3,0.7703,0.0076
RNG(-2),3.98,3,0.7703,0.0076
RNG(-2),3.99,3,0.7703,0.0076
RNG(-2),4.0,3,0.7703,0.0076
RNG(-2),4.01,3,0.7703,0.0076
RNG(-2),4.02,3,0.7703,0.0076
RNG(-2),4.03,3,0.7703,0.0076
RNG(-2),4.04,3,0.7703,0.0076
RNG(-2),4.05,3,0.7703,0.0076
RNG(-2),4.06,3,0.7703,0.0076
RNG(-2),4.07,3,0.7703,0.0076
RNG(-2),4.08,3,0.7703,0.0076
RNG(-2),4.09,3,0.7703,0.0076
RNG(-2),4.1,3,0.7703,0.0076
RNG(-2),4.11,3,0.7703,0.0076
RNG(-2),4.12,3,0.7703,0.0076
RNG(-2),4.13,3,0.7703,0.0076
RNG(-2),4.14,3,0.7703,0.0076
RNG(-2),4.15,3,0.7703,0.0076
RNG(-2),4.16,3,0.7703,0.0076
RNG(-2),4.17,3,0.7703,0.0076
RNG(-2),4.18,3,0.7703,0.0076
RNG(-2),4.19,3,0.7703,0.0076
RNG(-2),4.2,3,0.7703,0.0076
RNG(-2),4.21,3,0.7703,0.0076
RNG(-2),4.22,3,0.7703,0.0076
RNG(-2),4.23,3,0.7703,0.0076
RNG(-2),4.24,3,0.7703,0.0076
RNG(-2),4.25,3,0.7703,0.0076
RNG(-2),4.26,3,0.7703,0.0076
RNG(-2),4.27,3,0.7703,0.0076
RNG(-2),4.28,3,0.7703,0.0076
RNG(-2),4.29,3,0.7703,0.0076
RNG(-2),4.3,3,0.7703,0.0076
RNG(-2),4.31,3,0.7703,0.0076
RNG(-2),4.32,3,0.7703,0.0076
RNG(-2),4.33,3,0.7703,0.0076
RNG(-2),4.34,3,0.7703,0.0076
RNG(-2),4.35,3,0.7703,0.0076
RNG(-2),4.36,3,0.7703,0.0076
RNG(-2),4.37,3,0.7703,0.0076
RNG(-2),4.38,3,0.7703,0.0076
RNG(-2),4.39,3,0.7703,0.0076
RNG(-2),4.4,3,0.7703,0.0076
RNG(-2),4.41,3,0.7703,0.0076
RNG(-2),4.42,3,0.7703,0.0076
RNG(-2),4.43,3,0.7703,0.0076
RNG(-2),4.44,3,0.7703,0.0076
RNG(-2),4.45,3,0.7703,0.0076
RNG(-2),4.46,3,0.7703,0.0076
RNG(-2),4.47,3,0.7703,0.0076
RNG(-2),4.48,3,0.7703,0.0076
RNG(-2),4.49,3,0.7703,0.0076
RNG(-2),4.5,3,0.7703,0.0076
RNG(-2),4.51,3,0.7703,0.0076
RNG(-2),4.52,3,0.7703,0.0076
RNG(-2),4.53,3,0.7703,0.0076
RNG(-2),4.54,3,0.7703,0.0076
RNG(-2),4.55,3,0.7703,0.0076
RNG(-2),4.56,3,0.7703,0.0076
RNG(-2),4.57,3,0.7703,0.0076
RNG(-2),4.58,3,0.7703,0.0076
RNG(-2),4.59,3,0.7703,0.0076
RNG(-2),4.6,3,0.7703,0.0076
RNG(-2),4.61,3,0.7703,0.0076
RNG(-2),4.62,3,0.7703,0.0076
RNG(-2),4.63,3,0.7703,0.0076
RNG(-2),4.64,3,0.7703,0.0076
RNG(-2),4.65,3,0.7703,0.0076
RNG(-2),4.66,3,0.7703,0.0076
RNG(-2),4.67,3,0.7703,0.0076
RNG(-2),4.68,3,0.7703,0.0076
RNG(-2),4.69,3,0.7703,0.0076
RNG(-2),4.7,3,0.7703,0.0076
RNG(-2),4.71,3,0.7703,0.0076
RNG(-2),4.72,3,0.7703,0.0076
RNG(-2),4.73,3,0.7703,0.0076
RNG(-2),4.74,3,0.7703,0.0076
RNG(-2),4.75,3,0.7703,0.0076
RNG(-2),4.76,3,0.7703,0.0076
RNG(-2),4.77,3,0.7703,0.0076
RNG(-2),4.78,3,0.7703,0.0076
RNG(-2),4.79,3,0.7703,0.0076
RNG(-2),4.8,3,0.7703,0.0076
RNG(-2),4.81,3,0.7703,0.0076
RNG(-2),4.82,3,0.7703,0.0076
RNG(-2),4.83,3,0.7703,0.0076
RNG(-2),4.84,3,0.7703,0.0076
RNG(-2),4.85,3,0.7703,0.0076
RNG(-2),4.86,3,0.7703,0.0076
RNG(-2),4.87,3,0.7703,0.0076
RNG(-2),4.88,3,0.7703,0.0076
RNG(-2),4.89,3,0.7703,0.0076
RNG(-2),4.9,3,0.7703,0.0076
RNG(-2),4.91,3,0.7703,0.0076
RNG(-2),4.92,3,0.7703,0.0076
RNG(-2),4.93,3,0.7703,0.0076
RNG(-2),4.94,3,0.7703,0.0076
RNG(-2),4.95,3,0.7703,0.0076
RNG(-2),4.96,3,0.7703,0.0076
RNG(-2),4.97,3,0.7703,0.0076
RNG(-2),4.98,3,0.7703,0.0076
RNG(-2),4.99,3,0.7703,0.0076
RNG(-2),5.0,3,0.7703,0.0076
RNG(-2),5.01,3,0.7703,0.0076
RNG(-2),5.02,3,0.7703,0.0076
RNG(-2),5.03,3,0.7703,0.0076
RNG(-2),5.04,3,0.7703,0.0076
RNG(-2),5.05,3,0.7703,0.0076
RNG(-2),5.06,3,0.7703,0.0076
RNG(-2),5.07,3,0.7703,0.0076
RNG(-2),5.08,3,0.7703,0.0076
RNG(-2),5.09,3,0.7703,0.0076
RNG(-2),5.1,3,0.7703,0.0076
RNG(-2),5.11,3,0.7703,0.0076
RNG(-2),5.12,3,0.7703,0.0076
RNG(-2),5.13,3,0.7703,0.0076
RNG(-2),5.14,3,0.7703,0.0076
RNG(-2),5.15,3,0.7703,0.0076
RNG(-2),5.16,3,0.7703,0.0076
RNG(-2),5.17,3,0.7703,0.0076
RNG(-2),5.18,3,0.7703,0.0076
RNG(-2),5.19,3,0.7703,0.0076
RNG(-2),5.2,3,0.7703,0.0076
RNG(-2),5.21,3,0.7703,0.0076
RNG(-2),5.22,3,0.7703,0.0076
RNG(-2),5.23,3,0.7703,0.0076
RNG(-2),5.24,3,0.7703,0.0076
RNG(-2),5.25,3,0.7703,0.0076
RNG(-2),5.26,3,0.7703,0.0076
RNG(-2),5.27,3,0.7703,0.0076
RNG(-2),5.28,3,0.7703,0.0076
RNG(-2),5.29,3,0.7703,0.0076
RNG(-2),5.3,3,0.7703,0.0076
RNG(-2),5.31,3,0.7703,0.0076
RNG(-2),5.32,3,0.7703,0.0076
RNG(-2),5.33,3,0.7703,0.0076
RNG(-2),5.34,3,0.7703,0.0076
RNG(-2),5.35,3,0.7703,0.0076
RNG(-2),5.36,3,0.7703,0.0076
RNG(-2),5.37,3,0.7703,0.0076
RNG(-2),5.38,3,0.7703,0.0076
RNG(-2),5.39,3,0.7703,0.0076
RNG(-2),5.4,3,0.7703,0.0076
RNG(-2),5.41,3,0.7703,0.0076
RNG(-2),5.42,3,0.7703,0.0076
RNG(-2),5.43,3,0.7703,0.0076
RNG(-2),5.44,3,0.7703,0.0076
RNG(-2),5.45,3,0.7703,0.0076
RNG(-2),5.46,3,0.7703,0.0076
RNG(-2),5.47,3,0.7703,0.0076
RNG(-2),5.48,3,0.7703,0.0076
RNG(-2),5.49,3,0.7703,0.0076
RNG(-2),5.5,3,0.7703,0.0076
RNG(-2),5.51,3,0.7703,0.0076
RNG(-2),5.52,3,0.7703,0.0076
RNG(-2),5.53,3,0.7703,0.0076
RNG(-2),5.54,3,0.7703,0.0076
RNG(-2),5.55,3,0.7703,0.0076
RNG(-2),5.56,3,0.7703,0.0076
RNG(-2),5.57,3,0.7703,0.0076
RNG(-2),5.58,3,0.7703,0.0076
RNG(-2),5.59,3,0.7703,0.0076
RNG(-2),5.6,3,0.7703,0.0076
RNG(-2),5.61,3,0.7703,0.0076
RNG(-2),5.62,3,0.7703,0.0076
RNG(-2),5.63,3,0.7703,0.0076
RNG(-2),5.64,3,0.7703,0.0076
RNG(-2),5.65,3,0.7703,0.0076
RNG(-2),5.66,3,0.7703,0.0076
RNG(-2),5.67,3,0.7703,0.0076
RNG(-2),5.68,3,0.7703,0.0076
RNG(-2),5.69,3,0.7703,0.0076
RNG(-2),5.7,3,0.7703,0.0076
RNG(-2),5.71,3,0.7703,0.0076
RNG(-2),5.72,3,0.7703,0.0076
RNG(-2),5.73,3,0.7703,0.0076
RNG(-2),5.74,3,0.7703,0.0076
RNG(-2),5.75,3,0.7703,0.0076
RNG(-2),5.76,3,0.7703,0.0076
RNG(-2),5.77,3,0.7703,0.0076
RNG(-2),5.78,3,0.7703,0.0076
RNG(-2),5.79,3,0.7703,0.0076
RNG(-2),5.81,3,0.7703,0.0076
RNG(-2),5.82,3,0.7703,0.0076
RNG(-2),5.83,3,0.7703,0.0076
RNG(-2),5.84,3,0.7703,0.0076
RNG(-2),5.85,3,0.7703,0.0076
RNG(-2),5.86,3,0.7703,0.0076
RNG(-2),5.87,3,0.7703,0.0076
RNG(-2),5.88,3,0.7703,0.0076
RNG(-2),5.89,3,0.7703,0.0076
RNG(-2),5.9,3,0.7703,0.0076
RNG(-2),5.91,3,0.7703,0.0076
RNG(-2),5.92,3,0.7703,0.0076
RNG(-2),5.93,3,0.7703,0.0076
RNG(-2),5.94,3,0.7703,0.0076
RNG(-2),5.95,3,0.7703,0.0076
RNG(-2),5.96,3,0.7703,0.0076
RNG(-2),5.97,3,0.7703,0.0076
RNG(-2),5.99,3,0.7703,0.0076
RNG(-2),6.0,3,0.7703,0.0076
RNG(-2),6.02,2,0.7691,0.028
RNG(-2),6.03,3,0.7703,0.0076
RNG(-2),6.04,3,0.7703,0.0076
RNG(-2),6.05,2,0.7721,0.0095
RNG(-2),6.06,2,0.7721,0.0095
RNG(-2),6.07,2,0.7721,0.0095
RNG(-2),6.08,3,0.7703,0.0076
RNG(-2),6.09,3,0.7703,0.0076
RNG(-2),6.1,3,0.7703,0.0076
RNG(-2),6.12,1,0.7713,0.0
RNG(-2),6.13,3,0.7703,0.0076
RNG(-2),6.15,3,0.7703,0.0076
RNG(-2),6.16,2,0.7721,0.0095
RNG(-2),6.2,1,0.7713,0.0
RNG(-2),6.21,2,0.7721,0.0095
RNG(-2),6.22,2,0.7721,0.0095
RNG(-2),6.25,2,0.7721,0.0095
RNG(-2),6.26,2,0.7721,0.0095
RNG(-2),6.28,2,0.7721,0.0095
RNG(-2),6.31,2,0.7691,0.028
RNG(-2),6.32,3,0.7703,0.0076
RNG(-2),6.34,1,0.7713,0.0
RNG(-2),6.35,2,0.7721,0.0095
RNG(-2),6.36,3,0.7703,0.0076
RNG(-2),6.42,3,0.7703,0.0076
RNG(-2),6.47,2,0.7691,0.028
RNG(-2),6.48,2,0.7691,0.028
RNG(-0.3),0.99,3,0.7703,0.0076
RNG(-0.3),1.0,3,0.7703,0.0076
RNG(-0.3),1.01,3,0.7713,0.0076
RNG(-0.3),1.02,3,0.7732,0.0081
RNG(-0.3),1.03,3,0.7769,0.0091
RNG(-0.3),1.04,3,0.781,0.0106
RNG(-0.3),1.05,3,0.7855,0.0108
RNG(-0.3),1.06,3,0.7899,0.0112
RNG(-0.3),1.07,3,0.7939,0.0113
RNG(-0.3),1.08,3,0.7971,0.0107
RNG(-0.3),1.09,3,0.8,0.0113
RNG(-0.3),1.1,3,0.802,0.0121
RNG(-0.3),1.11,3,0.8032,0.0122
RNG(-0.3),1.12,3,0.8043,0.0123
RNG(-0.3),1.13,3,0.8054,0.0119
RNG(-0.3),1.14,3,0.806,0.012
RNG(-0.3),1.15,3,0.8065,0.0121
RNG(-0.3),1.16,3,0.8068,0.0121
RNG(-0.3),1.17,3,0.8069,0.012
RNG(-0.3),1.18,3,0.807,0.0118
RNG(-0.3),1.19,3,0.8072,0.0121
RNG(-0.3),1.2,3,0.8073,0.0121
RNG(-0.3),1.21,3,0.8074,0.0119
RNG(-0.3),1.22,3,0.8075,0.0121
RNG(-0.3),1.23,3,0.8075,0.0121
RNG(-0.3),1.24,3,0.8076,0.0121
RNG(-0.3),1.25,3,0.8077,0.0121
RNG(-0.3),1.26,3,0.8078,0.0121
RNG(-0.3),1.27,3,0.8079,0.0121
RNG(-0.3),1.28,3,0.808,0.0122
RNG(-0.3),1.29,3,0.8082,0.0123
RNG(-0.3),1.3,3,0.8084,0.0118
RNG(-0.3),1.31,3,0.8086,0.0119
RNG(-0.3),1.32,3,0.8088,0.0119
RNG(-0.3),1.33,3,0.809,0.0121
RNG(-0.3),1.34,3,0.8091,0.0119
RNG(-0.3),1.35,3,0.8093,0.0121
RNG(-0.3),1.36,3,0.8095,0.0119
RNG(-0.3),1.37,3,0.8097,0.012
RNG(-0.3),1.38,3,0.8099,0.0115
RNG(-0.3),1.39,3,0.8101,0.0117
RNG(-0.3),1.4,3,0.8103,0.0117
RNG(-0.3),1.41,3,0.8105,0.0118
RNG(-0.3),1.42,3,0.8106,0.0117
RNG(-0.3),1.43,3,0.8108,0.0114
RNG(-0.3),1.44,3,0.8109,0.0116
RNG(-0.3),1.45,3,0.8109,0.0115
RNG(-0.3),1.46,3,0.811,0.0115
RNG(-0.3),1.47,3,0.8111,0.0116
RNG(-0.3),1.48,3,0.8111,0.0115
RNG(-0.3),1.49,3,0.8112,0.0115
RNG(-0.3),1.5,3,0.8113,0.0114
RNG(-0.3),1.51,3,0.8114,0.0116
RNG(-0.3),1.52,3,0.8115,0.0116
RNG(-0.3),1.53,3,0.8116,0.0116
RNG(-0.3),1.54,3,0.8117,0.0116
RNG(-0.3),1.55,3,0.8117,0.0115
RNG(-0.3),1.56,3,0.8118,0.0117
RNG(-0.3),1.57,3,0.8119,0.0117
RNG(-0.3),1.58,3,0.8121,0.012
RNG(-0.3),1.59,3,0.8121,0.0121
RNG(-0.3),1.6,3,0.8123,0.0118
RNG(-0.3),1.61,3,0.8124,0.0121
RNG(-0.3),1.62,3,0.8125,0.0123
RNG(-0.3),1.63,3,0.8126,0.0123
RNG(-0.3),1.64,3,0.8127,0.0124
RNG(-0.3),1.65,3,0.8128,0.0124
RNG(-0.3),1.66,3,0.8129,0.0124
RNG(-0.3),1.67,3,0.813,0.0125
RNG(-0.3),1.68,3,0.8131,0.0127
RNG(-0.3),1.69,3,0.8132,0.0127
RNG(-0.3),1.7,3,0.8133,0.0127
RNG(-0.3),1.71,3,0.8134,0.0127
RNG(-0.3),1.72,3,0.8135,0.0127
RNG(-0.3),1.73,3,0.8136,0.0126
RNG(-0.3),1.74,3,0.8138,0.0124
RNG(-0.3),1.75,3,0.8139,0.0125
RNG(-0.3),1.76,3,0.814,0.0124
RNG(-0.3),1.77,3,0.8141,0.0126
RNG(-0.3),1.78,3,0.8142,0.0126
RNG(-0.3),1.79,3,0.8143,0.0126
RNG(-0.3),1.8,3,0.8145,0.0124
RNG(-0.3),1.81,3,0.8145,0.0123
RNG(-0.3),1.82,3,0.8146,0.0123
RNG(-0.3),1.83,3,0.8147,0.0123
RNG(-0.3),1.84,3,0.8148,0.0124
RNG(-0.3),1.85,3,0.8149,0.0123
RNG(-0.3),1.86,3,0.815,0.0122
RNG(-0.3),1.87,3,0.815,0.0121
RNG(-0.3),1.88,3,0.8151,0.012
RNG(-0.3),1.89,3,0.8152,0.0118
RNG(-0.3),1.9,3,0.8152,0.0119
RNG(-0.3),1.91,3,0.8153,0.0118
RNG(-0.3),1.92,3,0.8153,0.0117
RNG(-0.3),1.93,3,0.8154,0.0116
RNG(-0.3),1.94,3,0.8154,0.0115
RNG(-0.3),1.95,3,0.8155,0.0116
RNG(-0.3),1.96,3,0.8155,0.0116
RNG(-0.3),1.97,3,0.8155,0.0116
RNG(-0.3),1.98,3,0.8155,0.0117
RNG(-0.3),1.99,3,0.8156,0.0114
RNG(-0.3),2.0,3,0.8156,0.0113
RNG(-0.3),2.01,3,0.8157,0.0112
RNG(-0.3),2.02,3,0.8158,0.0112
RNG(-0.3),2.03,3,0.8158,0.0112
RNG(-0.3),2.04,3,0.8158,0.0112
RNG(-0.3),2.05,3,0.8158,0.0112
RNG(-0.3),2.06,3,0.8159,0.0112
RNG(-0.3),2.07,3,0.8159,0.0113
RNG(-0.3),2.08,3,0.8159,0.0112
RNG(-0.3),2.09,3,0.816,0.0113
RNG(-0.3),2.1,3,0.8162,0.0114
RNG(-0.3),2.11,3,0.8163,0.0113
RNG(-0.3),2.12,3,0.8163,0.0114
RNG(-0.3),2.13,3,0.8163,0.0115
RNG(-0.3),2.14,3,0.8164,0.0116
RNG(-0.3),2.15,3,0.8164,0.0115
RNG(-0.3),2.16,3,0.8165,0.0117
RNG(-0.3),2.17,3,0.8165,0.0117
RNG(-0.3),2.18,3,0.8166,0.0117
RNG(-0.3),2.19,3,0.8167,0.0115
RNG(-0.3),2.2,3,0.8168,0.0115
RNG(-0.3),2.21,3,0.8168,0.0116
RNG(-0.3),2.22,3,0.8168,0.0115
RNG(-0.3),2.23,3,0.8169,0.0116
RNG(-0.3),2.24,3,0.8168,0.0115
RNG(-0.3),2.25,3,0.8169,0.0116
RNG(-0.3),2.26,3,0.8169,0.0115
RNG(-0.3),2.27,3,0.817,0.0116
RNG(-0.3),2.28,3,0.817,0.0115
RNG(-0.3),2.29,3,0.8171,0.0116
RNG(-0.3),2.3,3,0.8171,0.0116
RNG(-0.3),2.31,3,0.8172,0.0118
RNG(-0.3),2.32,3,0.8172,0.0118
RNG(-0.3),2.33,3,0.8172,0.0118
RNG(-0.3),2.34,3,0.8173,0.0118
RNG(-0.3),2.35,3,0.8173,0.0116
RNG(-0.3),2.36,3,0.8173,0.0117
RNG(-0.3),2.37,3,0.8173,0.0117
RNG(-0.3),2.38,3,0.8174,0.0118
RNG(-0.3),2.39,3,0.8174,0.0118
RNG(-0.3),2.4,3,0.8174,0.0116
RNG(-0.3),2.41,3,0.8174,0.0116
RNG(-0.3),2.42,3,0.8174,0.0116
RNG(-0.3),2.43,3,0.8174,0.0116
RNG(-0.3),2.44,3,0.8174,0.0117
RNG(-0.3),2.45,3,0.8175,0.0118
RNG(-0.3),2.46,3,0.8174,0.0119
RNG(-0.3),2.47,3,0.8175,0.012
RNG(-0.3),2.48,3,0.8175,0.012
RNG(-0.3),2.49,3,0.8175,0.0121
RNG(-0.3),2.5,3,0.8175,0.0121
RNG(-0.3),2.51,3,0.8175,0.0119
RNG(-0.3),2.52,3,0.8176,0.012
RNG(-0.3),2.53,3,0.8176,0.0119
RNG(-0.3),2.54,3,0.8176,0.0119
RNG(-0.3),2.55,3,0.8177,0.012
RNG(-0.3),2.56,3,0.8177,0.0119
RNG(-0.3),2.57,3,0.8177,0.0119
RNG(-0.3),2.58,3,0.8177,0.0117
RNG(-0.3),2.59,3,0.8177,0.0117
RNG(-0.3),2.6,3,0.8178,0.0118
RNG(-0.3),2.61,3,0.8178,0.0116
RNG(-0.3),2.62,3,0.8178,0.0115
RNG(-0.3),2.63,3,0.8178,0.0116
RNG(-0.3),2.64,3,0.8178,0.0116
RNG(-0.3),2.65,3,0.8178,0.0116
RNG(-0.3),2.66,3,0.8178,0.0116
RNG(-0.3),2.67,3,0.8179,0.0116
RNG(-0.3),2.68,3,0.8179,0.0117
RNG(-0.3),2.69,3,0.8179,0.0117
RNG(-0.3),2.7,3,0.8179,0.0117
RNG(-0.3),2.71,3,0.818,0.0113
RNG(-0.3),2.72,3,0.818,0.0113
RNG(-0.3),2.73,3,0.818,0.0113
RNG(-0.3),2.74,3,0.818,0.0115
RNG(-0.3),2.75,3,0.8181,0.0114
RNG(-0.3),2.76,3,0.8181,0.0115
RNG(-0.3),2.77,3,0.8182,0.0114
RNG(-0.3),2.78,3,0.8182,0.0114
RNG(-0.3),2.79,3,0.8182,0.0115
RNG(-0.3),2.8,3,0.8182,0.0115
RNG(-0.3),2.81,3,0.8182,0.0113
RNG(-0.3),2.82,3,0.8183,0.0114
RNG(-0.3),2.83,3,0.8182,0.0113
RNG(-0.3),2.84,3,0.8183,0.0114
RNG(-0.3),2.85,3,0.8183,0.0114
RNG(-0.3),2.86,3,0.8182,0.0113
RNG(-0.3),2.87,3,0.8182,0.0113
RNG(-0.3),2.88,3,0.8183,0.0112
RNG(-0.3),2.89,3,0.8183,0.0112
RNG(-0.3),2.9,3,0.8183,0.0112
RNG(-0.3),2.91,3,0.8183,0.0112
RNG(-0.3),2.92,3,0.8183,0.0114
RNG(-0.3),2.93,3,0.8183,0.0115
RNG(-0.3),2.94,3,0.8184,0.0112
RNG(-0.3),2.95,3,0.8185,0.0113
RNG(-0.3),2.96,3,0.8185,0.0113
RNG(-0.3),2.97,3,0.8185,0.0113
RNG(-0.3),2.98,3,0.8185,0.0113
RNG(-0.3),2.99,3,0.8186,0.0115
RNG(-0.3),3.0,3,0.8186,0.0115
RNG(-0.3),3.01,3,0.8186,0.0114
RNG(-0.3),3.02,3,0.8186,0.0114
RNG(-0.3),3.03,3,0.8186,0.0114
RNG(-0.3),3.04,3,0.8186,0.0113
RNG(-0.3),3.05,3,0.8186,0.0113
RNG(-0.3),3.06,3,0.8186,0.0114
RNG(-0.3),3.07,3,0.8186,0.0114
RNG(-0.3),3.08,3,0.8187,0.0115
RNG(-0.3),3.09,3,0.8187,0.0115
RNG(-0.3),3.1,3,0.8187,0.0115
RNG(-0.3),3.11,3,0.8187,0.0116
RNG(-0.3),3.12,3,0.8187,0.0113
RNG(-0.3),3.13,3,0.8188,0.0113
RNG(-0.3),3.14,3,0.8188,0.0113
RNG(-0.3),3.15,3,0.8188,0.0113
RNG(-0.3),3.16,3,0.8188,0.0113
RNG(-0.3),3.17,3,0.8189,0.0112
RNG(-0.3),3.18,3,0.8189,0.0112
RNG(-0.3),3.19,3,0.8189,0.0113
RNG(-0.3),3.2,3,0.8189,0.0113
RNG(-0.3),3.21,3,0.8189,0.0113
RNG(-0.3),3.22,3,0.8189,0.0114
RNG(-0.3),3.23,3,0.8189,0.0114
RNG(-0.3),3.24,3,0.8189,0.0114
RNG(-0.3),3.25,3,0.819,0.0114
RNG(-0.3),3.26,3,0.819,0.0114
RNG(-0.3),3.27,3,0.819,0.0116
RNG(-0.3),3.28,3,0.819,0.0115
RNG(-0.3),3.29,3,0.819,0.0118
RNG(-0.3),3.3,3,0.8191,0.0119
RNG(-0.3),3.31,3,0.8191,0.0117
RNG(-0.3),3.32,3,0.8191,0.0117
RNG(-0.3),3.33,3,0.8192,0.0117
RNG(-0.3),3.34,3,0.8192,0.0118
RNG(-0.3),3.35,3,0.8193,0.0117
RNG(-0.3),3.36,3,0.8192,0.0116
RNG(-0.3),3.37,3,0.8192,0.0116
RNG(-0.3),3.38,3,0.8192,0.0116
RNG(-0.3),3.39,3,0.8193,0.0115
RNG(-0.3),3.4,3,0.8193,0.0115
RNG(-0.3),3.41,3,0.8193,0.0116
RNG(-0.3),3.42,3,0.8193,0.0116
RNG(-0.3),3.43,3,0.8194,0.0117
RNG(-0.3),3.44,3,0.8194,0.0116
RNG(-0.3),3.45,3,0.8194,0.0118
RNG(-0.3),3.46,3,0.8195,0.012
RNG(-0.3),3.47,3,0.8195,0.0117
RNG(-0.3),3.48,3,0.8196,0.0118
RNG(-0.3),3.49,3,0.8196,0.0118
RNG(-0.3),3.5,3,0.8196,0.0119
RNG(-0.3),3.51,3,0.8196,0.0119
RNG(-0.3),3.52,3,0.8197,0.0122
RNG(-0.3),3.53,3,0.8197,0.0122
RNG(-0.3),3.54,3,0.8198,0.0123
RNG(-0.3),3.55,3,0.8198,0.0123
RNG(-0.3),3.56,3,0.8198,0.0123
RNG(-0.3),3.57,3,0.8198,0.0124
RNG(-0.3),3.58,3,0.8198,0.0125
RNG(-0.3),3.59,3,0.8196,0.0127
RNG(-0.3),3.6,3,0.8196,0.0127
RNG(-0.3),3.61,3,0.8196,0.0129
RNG(-0.3),3.62,3,0.8197,0.0131
RNG(-0.3),3.63,3,0.8197,0.0131
RNG(-0.3),3.64,3,0.8198,0.013
RNG(-0.3),3.65,3,0.8197,0.013
RNG(-0.3),3.66,3,0.8197,0.013
RNG(-0.3),3.67,3,0.8197,0.0131
RNG(-0.3),3.68,3,0.8197,0.0131
RNG(-0.3),3.69,3,0.8197,0.0131
RNG(-0.3),3.7,3,0.8197,0.0131
RNG(-0.3),3.71,3,0.8197,0.0132
RNG(-0.3),3.72,3,0.8198,0.013
RNG(-0.3),3.73,3,0.8198,0.0131
RNG(-0.3),3.74,3,0.8198,0.0131
RNG(-0.3),3.75,3,0.8198,0.0131
RNG(-0.3),3.76,3,0.8198,0.0131
RNG(-0.3),3.77,3,0.8198,0.0131
RNG(-0.3),3.78,3,0.8198,0.0131
RNG(-0.3),3.79,3,0.8198,0.0131
RNG(-0.3),3.8,3,0.8199,0.0132
RNG(-0.3),3.81,3,0.8199,0.0132
RNG(-0.3),3.82,3,0.8199,0.0132
RNG(-0.3),3.83,3,0.8199,0.0131
RNG(-0.3),3.84,3,0.8199,0.0131
RNG(-0.3),3.85,3,0.8199,0.0131
RNG(-0.3),3.86,3,0.8199,0.0131
RNG(-0.3),3.87,3,0.82,0.0132
RNG(-0.3),3.88,3,0.82,0.0132
RNG(-0.3),3.89,3,0.82,0.0132
RNG(-0.3),3.9,3,0.82,0.0131
RNG(-0.3),3.91,3,0.8201,0.0132
RNG(-0.3),3.92,3,0.82,0.0131
RNG(-0.3),3.93,3,0.82,0.0131
RNG(-0.3),3.94,3,0.82,0.0131
RNG(-0.3),3.95,3,0.8201,0.013
RNG(-0.3),3.96,3,0.8201,0.013
RNG(-0.3),3.97,3,0.8201,0.013
RNG(-0.3),3.98,3,0.8201,0.0132
RNG(-0.3),3.99,3,0.8201,0.0132
RNG(-0.3),4.0,3,0.8201,0.0131
RNG(-0.3),4.01,3,0.8201,0.0131
RNG(-0.3),4.02,3,0.8201,0.0132
RNG(-0.3),4.03,3,0.8201,0.0132
RNG(-0.3),4.04,3,0.8201,0.0132
RNG(-0.3),4.05,3,0.8201,0.0132
RNG(-0.3),4.06,3,0.8201,0.0132
RNG(-0.3),4.07,3,0.8201,0.0133
RNG(-0.3),4.08,3,0.8201,0.0133
RNG(-0.3),4.09,3,0.8201,0.0133
RNG(-0.3),4.1,3,0.8201,0.0133
RNG(-0.3),4.11,3,0.8201,0.0132
RNG(-0.3),4.12,3,0.8201,0.0132
RNG(-0.3),4.13,3,0.8201,0.0132
RNG(-0.3),4.14,3,0.8201,0.0133
RNG(-0.3),4.15,3,0.8202,0.0133
RNG(-0.3),4.16,3,0.8202,0.0132
RNG(-0.3),4.17,3,0.8202,0.0133
RNG(-0.3),4.18,3,0.8202,0.0133
RNG(-0.3),4.19,3,0.8202,0.0133
RNG(-0.3),4.2,3,0.8202,0.0133
RNG(-0.3),4.21,3,0.8202,0.0134
RNG(-0.3),4.22,3,0.8202,0.0134
RNG(-0.3),4.23,3,0.8201,0.0138
RNG(-0.3),4.24,3,0.8202,0.0136
RNG(-0.3),4.25,3,0.8201,0.0138
RNG(-0.3),4.26,3,0.8201,0.0138
RNG(-0.3),4.27,3,0.8202,0.014
RNG(-0.3),4.28,3,0.8202,0.014
RNG(-0.3),4.29,3,0.8202,0.014
RNG(-0.3),4.3,3,0.8202,0.014
RNG(-0.3),4.31,3,0.8202,0.014
RNG(-0.3),4.32,3,0.8202,0.014
RNG(-0.3),4.33,3,0.8202,0.0141
RNG(-0.3),4.34,3,0.8202,0.0141
RNG(-0.3),4.35,3,0.8202,0.0141
RNG(-0.3),4.36,3,0.8202,0.0141
RNG(-0.3),4.37,3,0.8202,0.0141
RNG(-0.3),4.38,3,0.8202,0.0141
RNG(-0.3),4.39,3,0.8202,0.0141
RNG(-0.3),4.4,3,0.8202,0.0141
RNG(-0.3),4.41,3,0.8202,0.0141
RNG(-0.3),4.42,3,0.8202,0.0141
RNG(-0.3),4.43,3,0.8202,0.0141
RNG(-0.3),4.44,3,0.8202,0.0141
RNG(-0.3),4.45,3,0.8202,0.0141
RNG(-0.3),4.46,3,0.8203,0.0142
RNG(-0.3),4.47,3,0.8203,0.0142
RNG(-0.3),4.48,3,0.8203,0.0142
RNG(-0.3),4.49,3,0.8203,0.014
RNG(-0.3),4.5,3,0.8203,0.014
RNG(-0.3),4.51,3,0.8202,0.0141
RNG(-0.3),4.52,3,0.8202,0.0141
RNG(-0.3),4.53,3,0.8202,0.0141
RNG(-0.3),4.54,3,0.8202,0.0141
RNG(-0.3),4.55,3,0.8202,0.0141
RNG(-0.3),4.56,3,0.8203,0.0142
RNG(-0.3),4.57,3,0.8203,0.0142
RNG(-0.3),4.58,3,0.8203,0.0143
RNG(-0.3),4.59,3,0.8203,0.0143
RNG(-0.3),4.6,3,0.8203,0.0143
RNG(-0.3),4.61,3,0.8203,0.0143
RNG(-0.3),4.62,3,0.8203,0.0143
RNG(-0.3),4.63,3,0.8203,0.0143
RNG(-0.3),4.64,3,0.8203,0.0142
RNG(-0.3),4.65,3,0.8203,0.0142
RNG(-0.3),4.66,3,0.8203,0.0141
RNG(-0.3),4.67,3,0.8203,0.0142
RNG(-0.3),4.68,3,0.8203,0.0143
RNG(-0.3),4.69,3,0.8203,0.0143
RNG(-0.3),4.7,3,0.8203,0.0143
RNG(-0.3),4.71,3,0.8203,0.0143
RNG(-0.3),4.72,3,0.8203,0.0143
RNG(-0.3),4.73,3,0.8203,0.0143
RNG(-0.3),4.74,3,0.8203,0.0143
RNG(-0.3),4.75,3,0.8203,0.0144
RNG(-0.3),4.76,3,0.8203,0.0143
RNG(-0.3),4.77,3,0.8203,0.0143
RNG(-0.3),4.78,3,0.8203,0.0143
RNG(-0.3),4.79,3,0.8203,0.0143
RNG(-0.3),4.8,3,0.8202,0.0143
RNG(-0.3),4.81,3,0.8202,0.0143
RNG(-0.3),4.82,3,0.8202,0.0143
RNG(-0.3),4.83,3,0.8202,0.0143
RNG(-0.3),4.84,3,0.8202,0.0144
RNG(-0.3),4.85,3,0.8202,0.0144
RNG(-0.3),4.86,3,0.8202,0.0144
RNG(-0.3),4.87,3,0.8202,0.0144
RNG(-0.3),4.88,3,0.8202,0.0144
RNG(-0.3),4.89,3,0.8202,0.0144
RNG(-0.3),4.9,3,0.8202,0.0146
RNG(-0.3),4.91,3,0.8202,0.0146
RNG(-0.3),4.92,3,0.8202,0.0147
RNG(-0.3),4.93,3,0.8202,0.0145
RNG(-0.3),4.94,3,0.8203,0.0144
RNG(-0.3),4.95,3,0.8203,0.0144
RNG(-0.3),4.96,3,0.8204,0.0144
RNG(-0.3),4.97,3,0.8204,0.0144
RNG(-0.3),4.98,3,0.8204,0.0144
RNG(-0.3),4.99,3,0.8204,0.0144
RNG(-0.3),5.0,3,0.8204,0.0144
RNG(-0.3),5.01,3,0.8204,0.0144
RNG(-0.3),5.02,3,0.8204,0.0144
RNG(-0.3),5.03,3,0.8204,0.0144
RNG(-0.3),5.04,3,0.8204,0.0144
RNG(-0.3),5.05,3,0.8204,0.0144
RNG(-0.3),5.06,3,0.8204,0.0144
RNG(-0.3),5.07,3,0.8203,0.0145
RNG(-0.3),5.08,3,0.8203,0.0145
RNG(-0.3),5.09,3,0.8203,0.0145
RNG(-0.3),5.1,3,0.8203,0.0145
RNG(-0.3),5.11,3,0.8203,0.0145
RNG(-0.3),5.12,3,0.8203,0.0145
RNG(-0.3),5.13,3,0.8203,0.0145
RNG(-0.3),5.14,3,0.8203,0.0145
RNG(-0.3),5.15,3,0.8203,0.0145
RNG(-0.3),5.16,3,0.8203,0.0145
RNG(-0.3),5.17,3,0.8203,0.0144
RNG(-0.3),5.18,3,0.8203,0.0144
RNG(-0.3),5.19,3,0.8203,0.0144
RNG(-0.3),5.2,3,0.8203,0.0146
RNG(-0.3),5.21,3,0.8203,0.0146
RNG(-0.3),5.22,3,0.8203,0.0146
RNG(-0.3),5.23,3,0.8203,0.0146
RNG(-0.3),5.24,3,0.8202,0.0147
RNG(-0.3),5.25,3,0.8202,0.0147
RNG(-0.3),5.26,3,0.8202,0.0147
RNG(-0.3),5.27,3,0.8202,0.0147
RNG(-0.3),5.28,3,0.8202,0.0147
RNG(-0.3),5.29,3,0.8202,0.0147
RNG(-0.3),5.3,3,0.8202,0.0147
RNG(-0.3),5.31,3,0.8202,0.0149
RNG(-0.3),5.32,3,0.8202,0.0149
RNG(-0.3),5.33,3,0.8202,0.0148
RNG(-0.3),5.34,3,0.8202,0.0148
RNG(-0.3),5.35,3,0.8202,0.0148
RNG(-0.3),5.36,3,0.8202,0.0148
RNG(-0.3),5.37,3,0.8202,0.0148
RNG(-0.3),5.38,3,0.8202,0.0148
RNG(-0.3),5.39,3,0.8202,0.0148
RNG(-0.3),5.4,3,0.8202,0.0148
RNG(-0.3),5.41,3,0.8202,0.0148
RNG(-0.3),5.42,3,0.8202,0.0148
RNG(-0.3),5.43,3,0.8202,0.0148
RNG(-0.3),5.44,3,0.8202,0.0148
RNG(-0.3),5.45,3,0.8202,0.0148
RNG(-0.3),5.46,3,0.8202,0.0148
RNG(-0.3),5.47,3,0.8202,0.0148
RNG(-0.3),5.48,3,0.8202,0.0148
RNG(-0.3),5.49,3,0.8202,0.0148
RNG(-0.3),5.5,3,0.8202,0.0148
RNG(-0.3),5.51,3,0.8202,0.0148
RNG(-0.3),5.52,3,0.8202,0.0148
RNG(-0.3),5.53,3,0.8202,0.0148
RNG(-0.3),5.54,3,0.8202,0.0148
RNG(-0.3),5.55,3,0.8202,0.0148
RNG(-0.3),5.56,3,0.8202,0.0148
RNG(-0.3),5.57,3,0.8202,0.0148
RNG(-0.3),5.58,3,0.8202,0.0148
RNG(-0.3),5.59,3,0.8202,0.0148
RNG(-0.3),5.6,3,0.8202,0.0148
RNG(-0.3),5.61,3,0.8202,0.0148
RNG(-0.3),5.62,3,0.8202,0.0148
RNG(-0.3),5.63,3,0.8202,0.0148
RNG(-0.3),5.64,3,0.8202,0.0148
RNG(-0.3),5.65,3,0.8202,0.0148
RNG(-0.3),5.66,3,0.8202,0.0148
RNG(-0.3),5.67,3,0.8202,0.0148
RNG(-0.3),5.68,3,0.8202,0.0148
RNG(-0.3),5.69,3,0.8202,0.0148
RNG(-0.3),5.7,3,0.8202,0.0148
RNG(-0.3),5.71,3,0.8202,0.0148
RNG(-0.3),5.72,3,0.8202,0.0148
RNG(-0.3),5.73,3,0.8202,0.0148
RNG(-0.3),5.74,3,0.8202,0.0148
RNG(-0.3),5.75,3,0.8202,0.0148
RNG(-0.3),5.76,3,0.8202,0.0148
RNG(-0.3),5.77,3,0.8202,0.0148
RNG(-0.3),5.78,3,0.8202,0.0148
RNG(-0.3),5.79,3,0.8202,0.0148
RNG(-0.3),5.81,3,0.8202,0.0148
RNG(-0.3),5.82,3,0.8202,0.0148
RNG(-0.3),5.83,3,0.8202,0.0148
RNG(-0.3),5.84,3,0.8202,0.0148
RNG(-0.3),5.85,3,0.8202,0.0148
RNG(-0.3),5.86,3,0.8202,0.0148
RNG(-0.3),5.87,3,0.8202,0.0148
RNG(-0.3),5.88,3,0.8202,0.0148
RNG(-0.3),5.89,3,0.8202,0.0148
RNG(-0.3),5.9,3,0.8202,0.0148
RNG(-0.3),5.91,3,0.8202,0.0148
RNG(-0.3),5.92,3,0.8202,0.0148
RNG(-0.3),5.93,3,0.8202,0.0148
RNG(-0.3),5.94,3,0.8202,0.0148
RNG(-0.3),5.95,3,0.8202,0.0148
RNG(-0.3),5.96,3,0.8202,0.0148
RNG(-0.3),5.97,3,0.8202,0.0148
RNG(-0.3),5.99,3,0.8202,0.0148
RNG(-0.3),6.0,3,0.8202,0.0148
RNG(-0.3),6.02,2,0.8177,0.054
RNG(-0.3),6.03,3,0.8202,0.0148
RNG(-0.3),6.04,3,0.8202,0.0148
RNG(-0.3),6.05,2,0.8235,0.0191
RNG(-0.3),6.06,2,0.8235,0.0191
RNG(-0.3),6.07,2,0.8235,0.0191
RNG(-0.3),6.08,3,0.8202,0.0148
RNG(-0.3),6.09,3,0.8202,0.0148
RNG(-0.3),6.1,3,0.8202,0.0148
RNG(-0.3),6.12,1,0.822,0.0
RNG(-0.3),6.13,3,0.8202,0.0148
RNG(-0.3),6.15,3,0.8202,0.0148
RNG(-0.3),6.16,2,0.8235,0.0191
RNG(-0.3),6.2,1,0.822,0.0
RNG(-0.3),6.21,2,0.8235,0.0191
RNG(-0.3),6.22,2,0.8235,0.0191
RNG(-0.3),6.25,2,0.8235,0.0191
RNG(-0.3),6.26,2,0.8235,0.0191
RNG(-0.3),6.28,2,0.8235,0.0191
RNG(-0.3),6.31,2,0.8177,0.054
RNG(-0.3),6.32,3,0.8202,0.0148
RNG(-0.3),6.34,1,0.822,0.0
RNG(-0.3),6.35,2,0.8235,0.0191
RNG(-0.3),6.36,3,0.8202,0.0148
RNG(-0.3),6.42,3,0.8202,0.0148
RNG(-0.3),6.47,2,0.8177,0.054
RNG(-0.3),6.48,2,0.8177,0.054
RNG(-0.2),0.99,3,0.7703,0.0076
RNG(-0.2),1.0,3,0.7703,0.0076
RNG(-0.2),1.01,3,0.7715,0.0074
RNG(-0.2),1.02,3,0.7741,0.007
RNG(-0.2),1.03,3,0.7787,0.0077
RNG(-0.2),1.04,3,0.7837,0.009
RNG(-0.2),1.05,3,0.7894,0.0091
RNG(-0.2),1.06,3,0.7946,0.0097
RNG(-0.2),1.07,3,0.7995,0.0091
RNG(-0.2),1.08,3,0.8034,0.0081
RNG(-0.2),1.09,3,0.8068,0.0091
RNG(-0.2),1.1,3,0.8093,0.009
RNG(-0.2),1.11,3,0.8106,0.0092
RNG(-0.2),1.12,3,0.8118,0.0091
RNG(-0.2),1.13,3,0.813,0.0087
RNG(-0.2),1.14,3,0.8136,0.0088
RNG(-0.2),1.15,3,0.8141,0.009
RNG(-0.2),1.16,3,0.8144,0.0088
RNG(-0.2),1.17,3,0.8146,0.0088
RNG(-0.2),1.18,3,0.8147,0.0087
RNG(-0.2),1.19,3,0.8149,0.009
RNG(-0.2),1.2,3,0.8149,0.0091
RNG(-0.2),1.21,3,0.8151,0.009
RNG(-0.2),1.22,3,0.8152,0.0092
RNG(-0.2),1.23,3,0.8152,0.0092
RNG(-0.2),1.24,3,0.8153,0.009
RNG(-0.2),1.25,3,0.8155,0.009
RNG(-0.2),1.26,3,0.8155,0.009
RNG(-0.2),1.27,3,0.8157,0.009
RNG(-0.2),1.28,3,0.8159,0.0092
RNG(-0.2),1.29,3,0.816,0.0091
RNG(-0.2),1.3,3,0.8163,0.0088
RNG(-0.2),1.31,3,0.8164,0.0088
RNG(-0.2),1.32,3,0.8166,0.009
RNG(-0.2),1.33,3,0.8167,0.009
RNG(-0.2),1.34,3,0.8168,0.009
RNG(-0.2),1.35,3,0.8171,0.0092
RNG(-0.2),1.36,3,0.8173,0.0089
RNG(-0.2),1.37,3,0.8175,0.0089
RNG(-0.2),1.38,3,0.8177,0.0083
RNG(-0.2),1.39,3,0.8179,0.0086
RNG(-0.2),1.4,3,0.8181,0.0084
RNG(-0.2),1.41,3,0.8182,0.0087
RNG(-0.2),1.42,3,0.8184,0.0085
RNG(-0.2),1.43,3,0.8184,0.0084
RNG(-0.2),1.44,3,0.8185,0.0083
RNG(-0.2),1.45,3,0.8186,0.0082
RNG(-0.2),1.46,3,0.8186,0.0082
RNG(-0.2),1.47,3,0.8187,0.0082
RNG(-0.2),1.48,3,0.8187,0.0083
RNG(-0.2),1.49,3,0.8188,0.0083
RNG(-0.2),1.5,3,0.8188,0.0081
RNG(-0.2),1.51,3,0.8188,0.0084
RNG(-0.2),1.52,3,0.8189,0.0084
RNG(-0.2),1.53,3,0.819,0.0084
RNG(-0.2),1.54,3,0.819,0.0087
RNG(-0.2),1.55,3,0.819,0.0085
RNG(-0.2),1.56,3,0.8191,0.0088
RNG(-0.2),1.57,3,0.8193,0.0087
RNG(-0.2),1.58,3,0.8194,0.0088
RNG(-0.2),1.59,3,0.8194,0.0089
RNG(-0.2),1.6,3,0.8196,0.0089
RNG(-0.2),1.61,3,0.8197,0.009
RNG(-0.2),1.62,3,0.8198,0.0095
RNG(-0.2),1.63,3,0.8199,0.0096
RNG(-0.2),1.64,3,0.8199,0.0095
RNG(-0.2),1.65,3,0.8201,0.0096
RNG(-0.2),1.66,3,0.8201,0.0096
RNG(-0.2),1.67,3,0.8202,0.0097
RNG(-0.2),1.68,3,0.8203,0.0097
RNG(-0.2),1.69,3,0.8202,0.0097
RNG(-0.2),1.7,3,0.8204,0.0098
RNG(-0.2),1.71,3,0.8203,0.01
RNG(-0.2),1.72,3,0.8204,0.01
RNG(-0.2),1.73,3,0.8206,0.0101
RNG(-0.2),1.74,3,0.8207,0.0098
RNG(-0.2),1.75,3,0.8209,0.0097
RNG(-0.2),1.76,3,0.8209,0.0097
RNG(-0.2),1.77,3,0.821,0.0099
RNG(-0.2),1.78,3,0.8212,0.0097
RNG(-0.2),1.79,3,0.8213,0.0097
RNG(-0.2),1.8,3,0.8214,0.0092
RNG(-0.2),1.81,3,0.8215,0.0091
RNG(-0.2),1.82,3,0.8216,0.0093
RNG(-0.2),1.83,3,0.8217,0.0093
RNG(-0.2),1.84,3,0.8217,0.0093
RNG(-0.2),1.85,3,0.8218,0.0093
RNG(-0.2),1.86,3,0.8219,0.0091
RNG(-0.2),1.87,3,0.822,0.0088
RNG(-0.2),1.88,3,0.822,0.0088
RNG(-0.2),1.89,3,0.8221,0.0086
RNG(-0.2),1.9,3,0.8221,0.0087
RNG(-0.2),1.91,3,0.8221,0.0085
RNG(-0.2),1.92,3,0.8221,0.0082
RNG(-0.2),1.93,3,0.8221,0.0081
RNG(-0.2),1.94,3,0.8222,0.0081
RNG(-0.2),1.95,3,0.8222,0.0082
RNG(-0.2),1.96,3,0.8222,0.0081
RNG(-0.2),1.97,3,0.8222,0.0083
RNG(-0.2),1.98,3,0.8223,0.0083
RNG(-0.2),1.99,3,0.8224,0.0082
RNG(-0.2),2.0,3,0.8224,0.0081
RNG(-0.2),2.01,3,0.8225,0.008
RNG(-0.2),2.02,3,0.8225,0.008
RNG(-0.2),2.03,3,0.8225,0.0079
RNG(-0.2),2.04,3,0.8225,0.0079
RNG(-0.2),2.05,3,0.8226,0.0079
RNG(-0.2),2.06,3,0.8226,0.0081
RNG(-0.2),2.07,3,0.8227,0.0083
RNG(-0.2),2.08,3,0.8227,0.0081
RNG(-0.2),2.09,3,0.8228,0.0082
RNG(-0.2),2.1,3,0.823,0.0081
RNG(-0.2),2.11,3,0.8231,0.0081
RNG(-0.2),2.12,3,0.8231,0.0082
RNG(-0.2),2.13,3,0.8231,0.0082
RNG(-0.2),2.14,3,0.8232,0.0084
RNG(-0.2),2.15,3,0.8232,0.0083
RNG(-0.2),2.16,3,0.8233,0.0083
RNG(-0.2),2.17,3,0.8233,0.0084
RNG(-0.2),2.18,3,0.8234,0.0084
RNG(-0.2),2.19,3,0.8235,0.0082
RNG(-0.2),2.2,3,0.8236,0.0084
RNG(-0.2),2.21,3,0.8236,0.0082
RNG(-0.2),2.22,3,0.8236,0.008
RNG(-0.2),2.23,3,0.8235,0.0079
RNG(-0.2),2.24,3,0.8235,0.0078
RNG(-0.2),2.25,3,0.8236,0.0079
RNG(-0.2),2.26,3,0.8236,0.0078
RNG(-0.2),2.27,3,0.8236,0.0076
RNG(-0.2),2.28,3,0.8236,0.0074
RNG(-0.2),2.29,3,0.8236,0.0076
RNG(-0.2),2.3,3,0.8236,0.0076
RNG(-0.2),2.31,3,0.8236,0.0076
RNG(-0.2),2.32,3,0.8237,0.0078
RNG(-0.2),2.33,3,0.8237,0.008
RNG(-0.2),2.34,3,0.8237,0.0077
RNG(-0.2),2.35,3,0.8238,0.0075
RNG(-0.2),2.36,3,0.8237,0.0074
RNG(-0.2),2.37,3,0.8238,0.0075
RNG(-0.2),2.38,3,0.8238,0.0078
RNG(-0.2),2.39,3,0.8237,0.0078
RNG(-0.2),2.4,3,0.8238,0.0077
RNG(-0.2),2.41,3,0.8237,0.0078
RNG(-0.2),2.42,3,0.8237,0.0078
RNG(-0.2),2.43,3,0.8237,0.0074
RNG(-0.2),2.44,3,0.8237,0.0074
RNG(-0.2),2.45,3,0.8236,0.0077
RNG(-0.2),2.46,3,0.8236,0.0077
RNG(-0.2),2.47,3,0.8236,0.0079
RNG(-0.2),2.48,3,0.8236,0.0079
RNG(-0.2),2.49,3,0.8236,0.0079
RNG(-0.2),2.5,3,0.8236,0.0079
RNG(-0.2),2.51,3,0.8236,0.0076
RNG(-0.2),2.52,3,0.8236,0.0078
RNG(-0.2),2.53,3,0.8236,0.0076
RNG(-0.2),2.54,3,0.8236,0.0077
RNG(-0.2),2.55,3,0.8236,0.0077
RNG(-0.2),2.56,3,0.8236,0.008
RNG(-0.2),2.57,3,0.8236,0.0078
RNG(-0.2),2.58,3,0.8236,0.0078
RNG(-0.2),2.59,3,0.8236,0.0078
RNG(-0.2),2.6,3,0.8236,0.0076
RNG(-0.2),2.61,3,0.8237,0.0077
RNG(-0.2),2.62,3,0.8236,0.0076
RNG(-0.2),2.63,3,0.8236,0.0079
RNG(-0.2),2.64,3,0.8236,0.0077
RNG(-0.2),2.65,3,0.8235,0.0078
RNG(-0.2),2.66,3,0.8235,0.0078
RNG(-0.2),2.67,3,0.8235,0.0079
RNG(-0.2),2.68,3,0.8235,0.0078
RNG(-0.2),2.69,3,0.8235,0.0077
RNG(-0.2),2.7,3,0.8235,0.0078
RNG(-0.2),2.71,3,0.8236,0.0074
RNG(-0.2),2.72,3,0.8236,0.0073
RNG(-0.2),2.73,3,0.8235,0.0074
RNG(-0.2),2.74,3,0.8235,0.0074
RNG(-0.2),2.75,3,0.8235,0.0073
RNG(-0.2),2.76,3,0.8235,0.007
RNG(-0.2),2.77,3,0.8235,0.0071
RNG(-0.2),2.78,3,0.8234,0.0071
RNG(-0.2),2.79,3,0.8234,0.007
RNG(-0.2),2.8,3,0.8234,0.0069
RNG(-0.2),2.81,3,0.8234,0.0068
RNG(-0.2),2.82,3,0.8234,0.0068
RNG(-0.2),2.83,3,0.8234,0.0067
RNG(-0.2),2.84,3,0.8233,0.0065
RNG(-0.2),2.85,3,0.8233,0.0067
RNG(-0.2),2.86,3,0.8233,0.0065
RNG(-0.2),2.87,3,0.8233,0.0065
RNG(-0.2),2.88,3,0.8233,0.0066
RNG(-0.2),2.89,3,0.8233,0.0064
RNG(-0.2),2.9,3,0.8232,0.0064
RNG(-0.2),2.91,3,0.8232,0.0066
RNG(-0.2),2.92,3,0.8232,0.0066
RNG(-0.2),2.93,3,0.8232,0.0065
RNG(-0.2),2.94,3,0.8232,0.0063
RNG(-0.2),2.95,3,0.8233,0.0063
RNG(-0.2),2.96,3,0.8233,0.0063
RNG(-0.2),2.97,3,0.8234,0.0064
RNG(-0.2),2.98,3,0.8232,0.0066
RNG(-0.2),2.99,3,0.8232,0.0068
RNG(-0.2),3.0,3,0.8233,0.0068
RNG(-0.2),3.01,3,0.8232,0.007
RNG(-0.2),3.02,3,0.8232,0.0068
RNG(-0.2),3.03,3,0.8233,0.007
RNG(-0.2),3.04,3,0.8232,0.007
RNG(-0.2),3.05,3,0.8232,0.0068
RNG(-0.2),3.06,3,0.8232,0.0068
RNG(-0.2),3.07,3,0.8232,0.0068
RNG(-0.2),3.08,3,0.8232,0.0069
RNG(-0.2),3.09,3,0.8233,0.0069
RNG(-0.2),3.1,3,0.8232,0.0069
RNG(-0.2),3.11,3,0.8232,0.0069
RNG(-0.2),3.12,3,0.8231,0.0066
RNG(-0.2),3.13,3,0.8231,0.0065
RNG(-0.2),3.14,3,0.8231,0.0065
RNG(-0.2),3.15,3,0.8231,0.0067
RNG(-0.2),3.16,3,0.8232,0.0067
RNG(-0.2),3.17,3,0.8231,0.0066
RNG(-0.2),3.18,3,0.8231,0.0068
RNG(-0.2),3.19,3,0.8231,0.0068
RNG(-0.2),3.2,3,0.8231,0.0066
RNG(-0.2),3.21,3,0.8231,0.0066
RNG(-0.2),3.22,3,0.8231,0.0065
RNG(-0.2),3.23,3,0.8231,0.0065
RNG(-0.2),3.24,3,0.8231,0.0065
RNG(-0.2),3.25,3,0.8231,0.0066
RNG(-0.2),3.26,3,0.8231,0.0067
RNG(-0.2),3.27,3,0.8231,0.0068
RNG(-0.2),3.28,3,0.8231,0.0068
RNG(-0.2),3.29,3,0.8231,0.007
RNG(-0.2),3.3,3,0.8232,0.0071
RNG(-0.2),3.31,3,0.8232,0.0069
RNG(-0.2),3.32,3,0.8231,0.007
RNG(-0.2),3.33,3,0.8232,0.0071
RNG(-0.2),3.34,3,0.8232,0.0072
RNG(-0.2),3.35,3,0.8232,0.0069
RNG(-0.2),3.36,3,0.8232,0.0069
RNG(-0.2),3.37,3,0.8232,0.0069
RNG(-0.2),3.38,3,0.8232,0.0069
RNG(-0.2),3.39,3,0.8232,0.0069
RNG(-0.2),3.4,3,0.8231,0.007
RNG(-0.2),3.41,3,0.8231,0.0071
RNG(-0.2),3.42,3,0.8231,0.0071
RNG(-0.2),3.43,3,0.8232,0.0071
RNG(-0.2),3.44,3,0.8232,0.007
RNG(-0.2),3.45,3,0.8232,0.0071
RNG(-0.2),3.46,3,0.8232,0.0073
RNG(-0.2),3.47,3,0.8232,0.007
RNG(-0.2),3.48,3,0.8233,0.0071
RNG(-0.2),3.49,3,0.8232,0.0072
RNG(-0.2),3.5,3,0.8233,0.0071
RNG(-0.2),3.51,3,0.8233,0.0071
RNG(-0.2),3.52,3,0.8233,0.0072
RNG(-0.2),3.53,3,0.8233,0.0074
RNG(-0.2),3.54,3,0.8233,0.0076
RNG(-0.2),3.55,3,0.8233,0.0076
RNG(-0.2),3.56,3,0.8232,0.0078
RNG(-0.2),3.57,3,0.8232,0.0078
RNG(-0.2),3.58,3,0.8232,0.0077
RNG(-0.2),3.59,3,0.823,0.0081
RNG(-0.2),3.6,3,0.8229,0.0082
RNG(-0.2),3.61,3,0.8229,0.0085
RNG(-0.2),3.62,3,0.8229,0.0086
RNG(-0.2),3.63,3,0.823,0.0084
RNG(-0.2),3.64,3,0.823,0.0084
RNG(-0.2),3.65,3,0.8229,0.0083
RNG(-0.2),3.66,3,0.8228,0.0081
RNG(-0.2),3.67,3,0.8227,0.0085
RNG(-0.2),3.68,3,0.8226,0.0085
RNG(-0.2),3.69,3,0.8225,0.0085
RNG(-0.2),3.7,3,0.8225,0.0085
RNG(-0.2),3.71,3,0.8225,0.0084
RNG(-0.2),3.72,3,0.8225,0.0083
RNG(-0.2),3.73,3,0.8224,0.0083
RNG(-0.2),3.74,3,0.8224,0.0083
RNG(-0.2),3.75,3,0.8224,0.0084
RNG(-0.2),3.76,3,0.8223,0.0084
RNG(-0.2),3.77,3,0.8222,0.0086
RNG(-0.2),3.78,3,0.8222,0.0085
RNG(-0.2),3.79,3,0.8221,0.0087
RNG(-0.2),3.8,3,0.8222,0.0085
RNG(-0.2),3.81,3,0.8222,0.0085
RNG(-0.2),3.82,3,0.8222,0.0085
RNG(-0.2),3.83,3,0.8221,0.0086
RNG(-0.2),3.84,3,0.8221,0.0086
RNG(-0.2),3.85,3,0.8221,0.0085
RNG(-0.2),3.86,3,0.8221,0.0087
RNG(-0.2),3.87,3,0.8221,0.0085
RNG(-0.2),3.88,3,0.822,0.0087
RNG(-0.2),3.89,3,0.822,0.0087
RNG(-0.2),3.9,3,0.822,0.0084
RNG(-0.2),3.91,3,0.8221,0.0084
RNG(-0.2),3.92,3,0.822,0.0085
RNG(-0.2),3.93,3,0.822,0.0084
RNG(-0.2),3.94,3,0.822,0.0084
RNG(-0.2),3.95,3,0.822,0.0082
RNG(-0.2),3.96,3,0.8219,0.0083
RNG(-0.2),3.97,3,0.8219,0.0082
RNG(-0.2),3.98,3,0.8219,0.0082
RNG(-0.2),3.99,3,0.8218,0.0083
RNG(-0.2),4.0,3,0.8219,0.0083
RNG(-0.2),4.01,3,0.8219,0.0084
RNG(-0.2),4.02,3,0.8219,0.0086
RNG(-0.2),4.03,3,0.8218,0.0087
RNG(-0.2),4.04,3,0.8218,0.0088
RNG(-0.2),4.05,3,0.8217,0.0088
RNG(-0.2),4.06,3,0.8217,0.0086
RNG(-0.2),4.07,3,0.8216,0.0086
RNG(-0.2),4.08,3,0.8215,0.0086
RNG(-0.2),4.09,3,0.8214,0.0087
RNG(-0.2),4.1,3,0.8215,0.0087
RNG(-0.2),4.11,3,0.8215,0.0089
RNG(-0.2),4.12,3,0.8215,0.0088
RNG(-0.2),4.13,3,0.8214,0.0087
RNG(-0.2),4.14,3,0.8214,0.0087
RNG(-0.2),4.15,3,0.8213,0.0087
RNG(-0.2),4.16,3,0.8213,0.0087
RNG(-0.2),4.17,3,0.8212,0.0088
RNG(-0.2),4.18,3,0.8212,0.0087
RNG(-0.2),4.19,3,0.8212,0.0089
RNG(-0.2),4.2,3,0.8211,0.0091
RNG(-0.2),4.21,3,0.8211,0.0092
RNG(-0.2),4.22,3,0.821,0.0092
RNG(-0.2),4.23,3,0.821,0.0092
RNG(-0.2),4.24,3,0.8211,0.0093
RNG(-0.2),4.25,3,0.821,0.0093
RNG(-0.2),4.26,3,0.821,0.0096
RNG(-0.2),4.27,3,0.821,0.0096
RNG(-0.2),4.28,3,0.821,0.0096
RNG(-0.2),4.29,3,0.821,0.0096
RNG(-0.2),4.3,3,0.821,0.0096
RNG(-0.2),4.31,3,0.8209,0.0097
RNG(-0.2),4.32,3,0.8209,0.0098
RNG(-0.2),4.33,3,0.8209,0.0098
RNG(-0.2),4.34,3,0.8208,0.0098
RNG(-0.2),4.35,3,0.8208,0.0096
RNG(-0.2),4.36,3,0.8208,0.0096
RNG(-0.2),4.37,3,0.8207,0.0095
RNG(-0.2),4.38,3,0.8207,0.0094
RNG(-0.2),4.39,3,0.8207,0.0096
RNG(-0.2),4.4,3,0.8207,0.0096
RNG(-0.2),4.41,3,0.8207,0.0096
RNG(-0.2),4.42,3,0.8207,0.0093
RNG(-0.2),4.43,3,0.8206,0.0094
RNG(-0.2),4.44,3,0.8205,0.0095
RNG(-0.2),4.45,3,0.8205,0.0095
RNG(-0.2),4.46,3,0.8205,0.0096
RNG(-0.2),4.47,3,0.8205,0.0095
RNG(-0.2),4.48,3,0.8202,0.0093
RNG(-0.2),4.49,3,0.8203,0.0092
RNG(-0.2),4.5,3,0.8202,0.0091
RNG(-0.2),4.51,3,0.8202,0.0089
RNG(-0.2),4.52,3,0.8201,0.0091
RNG(-0.2),4.53,3,0.8201,0.0091
RNG(-0.2),4.54,3,0.8201,0.009
RNG(-0.2),4.55,3,0.8201,0.009
RNG(-0.2),4.56,3,0.82,0.0092
RNG(-0.2),4.57,3,0.82,0.0092
RNG(-0.2),4.58,3,0.8199,0.0093
RNG(-0.2),4.59,3,0.8199,0.0092
RNG(-0.2),4.6,3,0.8199,0.0092
RNG(-0.2),4.61,3,0.8199,0.0092
RNG(-0.2),4.62,3,0.8199,0.0093
RNG(-0.2),4.63,3,0.8199,0.0093
RNG(-0.2),4.64,3,0.8198,0.0094
RNG(-0.2),4.65,3,0.8198,0.0093
RNG(-0.2),4.66,3,0.8197,0.0092
RNG(-0.2),4.67,3,0.8196,0.0095
RNG(-0.2),4.68,3,0.8196,0.0097
RNG(-0.2),4.69,3,0.8196,0.0098
RNG(-0.2),4.7,3,0.8196,0.0097
RNG(-0.2),4.71,3,0.8196,0.0096
RNG(-0.2),4.72,3,0.8196,0.0098
RNG(-0.2),4.73,3,0.8195,0.0099
RNG(-0.2),4.74,3,0.8195,0.0099
RNG(-0.2),4.75,3,0.8195,0.0101
RNG(-0.2),4.76,3,0.8194,0.0098
RNG(-0.2),4.77,3,0.8194,0.0097
RNG(-0.2),4.78,3,0.8194,0.0097
RNG(-0.2),4.79,3,0.8194,0.0097
RNG(-0.2),4.8,3,0.8193,0.0098
RNG(-0.2),4.81,3,0.8194,0.0097
RNG(-0.2),4.82,3,0.8194,0.0097
RNG(-0.2),4.83,3,0.8193,0.0097
RNG(-0.2),4.84,3,0.8192,0.0099
RNG(-0.2),4.85,3,0.8192,0.0099
RNG(-0.2),4.86,3,0.8192,0.0102
RNG(-0.2),4.87,3,0.8191,0.0102
RNG(-0.2),4.88,3,0.819,0.0099
RNG(-0.2),4.89,3,0.819,0.0099
RNG(-0.2),4.9,3,0.819,0.0102
RNG(-0.2),4.91,3,0.819,0.0102
RNG(-0.2),4.92,3,0.819,0.0102
RNG(-0.2),4.93,3,0.819,0.0102
RNG(-0.2),4.94,3,0.819,0.0102
RNG(-0.2),4.95,3,0.8191,0.0101
RNG(-0.2),4.96,3,0.819,0.01
RNG(-0.2),4.97,3,0.819,0.01
RNG(-0.2),4.98,3,0.8189,0.0099
RNG(-0.2),4.99,3,0.8189,0.0098
RNG(-0.2),5.0,3,0.8189,0.0098
RNG(-0.2),5.01,3,0.8189,0.0098
RNG(-0.2),5.02,3,0.8189,0.0098
RNG(-0.2),5.03,3,0.8189,0.0098
RNG(-0.2),5.04,3,0.8188,0.0096
RNG(-0.2),5.05,3,0.8188,0.0096
RNG(-0.2),5.06,3,0.8188,0.0096
RNG(-0.2),5.07,3,0.8188,0.0098
RNG(-0.2),5.08,3,0.8188,0.0098
RNG(-0.2),5.09,3,0.8187,0.0099
RNG(-0.2),5.1,3,0.8187,0.01
RNG(-0.2),5.11,3,0.8186,0.01
RNG(-0.2),5.12,3,0.8186,0.01
RNG(-0.2),5.13,3,0.8185,0.0099
RNG(-0.2),5.14,3,0.8184,0.0098
RNG(-0.2),5.15,3,0.8184,0.01
RNG(-0.2),5.16,3,0.8184,0.01
RNG(-0.2),5.17,3,0.8184,0.01
RNG(-0.2),5.18,3,0.8184,0.01
RNG(-0.2),5.19,3,0.8184,0.01
RNG(-0.2),5.2,3,0.8184,0.0101
RNG(-0.2),5.21,3,0.8184,0.0101
RNG(-0.2),5.22,3,0.8184,0.0101
RNG(-0.2),5.23,3,0.8184,0.0101
RNG(-0.2),5.24,3,0.8183,0.0103
RNG(-0.2),5.25,3,0.8183,0.0102
RNG(-0.2),5.26,3,0.8182,0.0101
RNG(-0.2),5.27,3,0.8182,0.0101
RNG(-0.2),5.28,3,0.8182,0.0103
RNG(-0.2),5.29,3,0.8182,0.0103
RNG(-0.2),5.3,3,0.8182,0.0102
RNG(-0.2),5.31,3,0.8182,0.0103
RNG(-0.2),5.32,3,0.8182,0.0103
RNG(-0.2),5.33,3,0.8181,0.0104
RNG(-0.2),5.34,3,0.8181,0.0104
RNG(-0.2),5.35,3,0.8181,0.0103
RNG(-0.2),5.36,3,0.8181,0.0103
RNG(-0.2),5.37,3,0.8181,0.0102
RNG(-0.2),5.38,3,0.8181,0.0102
RNG(-0.2),5.39,3,0.8181,0.0102
RNG(-0.2),5.4,3,0.8181,0.0102
RNG(-0.2),5.41,3,0.8181,0.0102
RNG(-0.2),5.42,3,0.8181,0.0102
RNG(-0.2),5.43,3,0.8181,0.0102
RNG(-0.2),5.44,3,0.8181,0.0102
RNG(-0.2),5.45,3,0.8181,0.0102
RNG(-0.2),5.46,3,0.8181,0.0102
RNG(-0.2),5.47,3,0.818,0.0101
RNG(-0.2),5.48,3,0.818,0.0101
RNG(-0.2),5.49,3,0.818,0.0101
RNG(-0.2),5.5,3,0.818,0.0101
RNG(-0.2),5.51,3,0.818,0.01
RNG(-0.2),5.52,3,0.818,0.01
RNG(-0.2),5.53,3,0.818,0.01
RNG(-0.2),5.54,3,0.818,0.01
RNG(-0.2),5.55,3,0.818,0.01
RNG(-0.2),5.56,3,0.818,0.01
RNG(-0.2),5.57,3,0.818,0.01
RNG(-0.2),5.58,3,0.818,0.01
RNG(-0.2),5.59,3,0.8179,0.0101
RNG(-0.2),5.6,3,0.8179,0.0101
RNG(-0.2),5.61,3,0.8179,0.0101
RNG(-0.2),5.62,3,0.8179,0.0101
RNG(-0.2),5.63,3,0.8179,0.0101
RNG(-0.2),5.64,3,0.8179,0.0101
RNG(-0.2),5.65,3,0.8179,0.0101
RNG(-0.2),5.66,3,0.8179,0.0101
RNG(-0.2),5.67,3,0.8179,0.0101
RNG(-0.2),5.68,3,0.8179,0.0101
RNG(-0.2),5.69,3,0.8179,0.0101
RNG(-0.2),5.7,3,0.8179,0.0101
RNG(-0.2),5.71,3,0.8179,0.0101
RNG(-0.2),5.72,3,0.8179,0.0101
RNG(-0.2),5.73,3,0.8179,0.0101
RNG(-0.2),5.74,3,0.8179,0.0101
RNG(-0.2),5.75,3,0.8179,0.0101
RNG(-0.2),5.76,3,0.8179,0.0101
RNG(-0.2),5.77,3,0.8179,0.0101
RNG(-0.2),5.78,3,0.8179,0.0101
RNG(-0.2),5.79,3,0.8179,0.0101
RNG(-0.2),5.81,3,0.8179,0.0101
RNG(-0.2),5.82,3,0.8179,0.0101
RNG(-0.2),5.83,3,0.8179,0.0101
RNG(-0.2),5.84,3,0.8179,0.0101
RNG(-0.2),5.85,3,0.8179,0.0101
RNG(-0.2),5.86,3,0.8179,0.0101
RNG(-0.2),5.87,3,0.8179,0.0101
RNG(-0.2),5.88,3,0.8179,0.0101
RNG(-0.2),5.89,3,0.8179,0.0101
RNG(-0.2),5.9,3,0.8179,0.0101
RNG(-0.2),5.91,3,0.8179,0.0101
RNG(-0.2),5.92,3,0.8179,0.0101
RNG(-0.2),5.93,3,0.8179,0.01
RNG(-0.2),5.94,3,0.8179,0.01
RNG(-0.2),5.95,3,0.8179,0.01
RNG(-0.2),5.96,3,0.8179,0.01
RNG(-0.2),5.97,3,0.8179,0.01
RNG(-0.2),5.99,3,0.8179,0.01
RNG(-0.2),6.0,3,0.8179,0.01
RNG(-0.2),6.02,2,0.816,0.0311
RNG(-0.2),6.03,3,0.8179,0.01
RNG(-0.2),6.04,3,0.8179,0.01
RNG(-0.2),6.05,2,0.82,0.0197
RNG(-0.2),6.06,2,0.82,0.0197
RNG(-0.2),6.07,2,0.82,0.0197
RNG(-0.2),6.08,3,0.8179,0.01
RNG(-0.2),6.09,3,0.8179,0.01
RNG(-0.2),6.1,3,0.8179,0.01
RNG(-0.2),6.12,1,0.8185,0.0
RNG(-0.2),6.13,3,0.8179,0.01
RNG(-0.2),6.15,3,0.8179,0.01
RNG(-0.2),6.16,2,0.82,0.0197
RNG(-0.2),6.2,1,0.8185,0.0
RNG(-0.2),6.21,2,0.82,0.0197
RNG(-0.2),6.22,2,0.82,0.0197
RNG(-0.2),6.25,2,0.82,0.0197
RNG(-0.2),6.26,2,0.82,0.0197
RNG(-0.2),6.28,2,0.82,0.0197
RNG(-0.2),6.31,2,0.816,0.0311
RNG(-0.2),6.32,3,0.8179,0.01
RNG(-0.2),6.34,1,0.8185,0.0
RNG(-0.2),6.35,2,0.82,0.0197
RNG(-0.2),6.36,3,0.8179,0.01
RNG(-0.2),6.42,3,0.8179,0.01
RNG(-0.2),6.47,2,0.816,0.0311
RNG(-0.2),6.48,2,0.816,0.0311
RNG(-0.1),0.99,3,0.7703,0.0076
RNG(-0.1),1.0,3,0.7703,0.0076
RNG(-0.1),1.01,3,0.7715,0.0071
RNG(-0.1),1.02,3,0.7738,0.0073
RNG(-0.1),1.03,3,0.7779,0.008
RNG(-0.1),1.04,3,0.7823,0.0093
RNG(-0.1),1.05,3,0.7874,0.0093
RNG(-0.1),1.06,3,0.7919,0.0102
RNG(-0.1),1.07,3,0.7961,0.0096
RNG(-0.1),1.08,3,0.7997,0.0084
RNG(-0.1),1.09,3,0.8028,0.0087
RNG(-0.1),1.1,3,0.8049,0.0085
RNG(-0.1),1.11,3,0.8061,0.0086
RNG(-0.1),1.12,3,0.8072,0.0086
RNG(-0.1),1.13,3,0.8083,0.008
RNG(-0.1),1.14,3,0.8087,0.008
RNG(-0.1),1.15,3,0.8092,0.008
RNG(-0.1),1.16,3,0.8095,0.0078
RNG(-0.1),1.17,3,0.8096,0.008
RNG(-0.1),1.18,3,0.8097,0.0079
RNG(-0.1),1.19,3,0.8098,0.0082
RNG(-0.1),1.2,3,0.8099,0.0082
RNG(-0.1),1.21,3,0.81,0.0079
RNG(-0.1),1.22,3,0.81,0.008
RNG(-0.1),1.23,3,0.8101,0.008
RNG(-0.1),1.24,3,0.8103,0.0081
RNG(-0.1),1.25,3,0.8103,0.0079
RNG(-0.1),1.26,3,0.8104,0.0079
RNG(-0.1),1.27,3,0.8105,0.0081
RNG(-0.1),1.28,3,0.8106,0.0082
RNG(-0.1),1.29,3,0.8107,0.0084
RNG(-0.1),1.3,3,0.8108,0.008
RNG(-0.1),1.31,3,0.8109,0.008
RNG(-0.1),1.32,3,0.811,0.008
RNG(-0.1),1.33,3,0.811,0.0081
RNG(-0.1),1.34,3,0.811,0.008
RNG(-0.1),1.35,3,0.8111,0.0082
RNG(-0.1),1.36,3,0.8112,0.0081
RNG(-0.1),1.37,3,0.8113,0.0081
RNG(-0.1),1.38,3,0.8115,0.0073
RNG(-0.1),1.39,3,0.8116,0.0076
RNG(-0.1),1.4,3,0.8117,0.0075
RNG(-0.1),1.41,3,0.8117,0.0076
RNG(-0.1),1.42,3,0.8118,0.0075
RNG(-0.1),1.43,3,0.8118,0.0069
RNG(-0.1),1.44,3,0.8118,0.0069
RNG(-0.1),1.45,3,0.8118,0.0068
RNG(-0.1),1.46,3,0.8118,0.0067
RNG(-0.1),1.47,3,0.8118,0.0067
RNG(-0.1),1.48,3,0.8117,0.007
RNG(-0.1),1.49,3,0.8117,0.0067
RNG(-0.1),1.5,3,0.8116,0.0067
RNG(-0.1),1.51,3,0.8114,0.0071
RNG(-0.1),1.52,3,0.8113,0.0068
RNG(-0.1),1.53,3,0.8114,0.0067
RNG(-0.1),1.54,3,0.8114,0.0069
RNG(-0.1),1.55,3,0.8113,0.007
RNG(-0.1),1.56,3,0.8113,0.007
RNG(-0.1),1.57,3,0.8114,0.0069
RNG(-0.1),1.58,3,0.8113,0.007
RNG(-0.1),1.59,3,0.8113,0.007
RNG(-0.1),1.6,3,0.8113,0.007
RNG(-0.1),1.61,3,0.8114,0.0074
RNG(-0.1),1.62,3,0.8114,0.0077
RNG(-0.1),1.63,3,0.8114,0.0078
RNG(-0.1),1.64,3,0.8114,0.0078
RNG(-0.1),1.65,3,0.8115,0.0077
RNG(-0.1),1.66,3,0.8114,0.0077
RNG(-0.1),1.67,3,0.8115,0.0077
RNG(-0.1),1.68,3,0.8115,0.0079
RNG(-0.1),1.69,3,0.8114,0.0079
RNG(-0.1),1.7,3,0.8114,0.0078
RNG(-0.1),1.71,3,0.8114,0.0081
RNG(-0.1),1.72,3,0.8114,0.0079
RNG(-0.1),1.73,3,0.8115,0.0079
RNG(-0.1),1.74,3,0.8116,0.0077
RNG(-0.1),1.75,3,0.8115,0.008
RNG(-0.1),1.76,3,0.8115,0.008
RNG(-0.1),1.77,3,0.8116,0.0081
RNG(-0.1),1.78,3,0.8117,0.0078
RNG(-0.1),1.79,3,0.8117,0.0076
RNG(-0.1),1.8,3,0.8118,0.0076
RNG(-0.1),1.81,3,0.8117,0.0075
RNG(-0.1),1.82,3,0.8118,0.0077
RNG(-0.1),1.83,3,0.8119,0.0076
RNG(-0.1),1.84,3,0.8119,0.0077
RNG(-0.1),1.85,3,0.8119,0.0074
RNG(-0.1),1.86,3,0.8119,0.0072
RNG(-0.1),1.87,3,0.8119,0.0069
RNG(-0.1),1.88,3,0.8118,0.0071
RNG(-0.1),1.89,3,0.8118,0.007
RNG(-0.1),1.9,3,0.8118,0.0071
RNG(-0.1),1.91,3,0.8117,0.0067
RNG(-0.1),1.92,3,0.8116,0.0064
RNG(-0.1),1.93,3,0.8115,0.0062
RNG(-0.1),1.94,3,0.8115,0.006
RNG(-0.1),1.95,3,0.8114,0.0061
RNG(-0.1),1.96,3,0.8114,0.006
RNG(-0.1),1.97,3,0.8114,0.0064
RNG(-0.1),1.98,3,0.8114,0.0064
RNG(-0.1),1.99,3,0.8115,0.0065
RNG(-0.1),2.0,3,0.8115,0.0065
RNG(-0.1),2.01,3,0.8115,0.0065
RNG(-0.1),2.02,3,0.8116,0.0064
RNG(-0.1),2.03,3,0.8115,0.0062
RNG(-0.1),2.04,3,0.8114,0.0064
RNG(-0.1),2.05,3,0.8115,0.0062
RNG(-0.1),2.06,3,0.8114,0.0065
RNG(-0.1),2.07,3,0.8114,0.0066
RNG(-0.1),2.08,3,0.8114,0.0067
RNG(-0.1),2.09,3,0.8115,0.0067
RNG(-0.1),2.1,3,0.8115,0.0067
RNG(-0.1),2.11,3,0.8116,0.0067
RNG(-0.1),2.12,3,0.8116,0.0066
RNG(-0.1),2.13,3,0.8115,0.0068
RNG(-0.1),2.14,3,0.8115,0.0067
RNG(-0.1),2.15,3,0.8115,0.0067
RNG(-0.1),2.16,3,0.8115,0.0068
RNG(-0.1),2.17,3,0.8116,0.0069
RNG(-0.1),2.18,3,0.8116,0.0069
RNG(-0.1),2.19,3,0.8117,0.0067
RNG(-0.1),2.2,3,0.8117,0.0069
RNG(-0.1),2.21,3,0.8117,0.0069
RNG(-0.1),2.22,3,0.8116,0.0063
RNG(-0.1),2.23,3,0.8116,0.0062
RNG(-0.1),2.24,3,0.8115,0.0064
RNG(-0.1),2.25,3,0.8115,0.0061
RNG(-0.1),2.26,3,0.8115,0.006
RNG(-0.1),2.27,3,0.8114,0.0057
RNG(-0.1),2.28,3,0.8113,0.0057
RNG(-0.1),2.29,3,0.8113,0.0058
RNG(-0.1),2.3,3,0.8113,0.006
RNG(-0.1),2.31,3,0.8112,0.0059
RNG(-0.1),2.32,3,0.8112,0.006
RNG(-0.1),2.33,3,0.8112,0.0062
RNG(-0.1),2.34,3,0.8112,0.0061
RNG(-0.1),2.35,3,0.8111,0.0059
RNG(-0.1),2.36,3,0.8111,0.0058
RNG(-0.1),2.37,3,0.8111,0.006
RNG(-0.1),2.38,3,0.8112,0.0067
RNG(-0.1),2.39,3,0.8112,0.0068
RNG(-0.1),2.4,3,0.8111,0.0068
RNG(-0.1),2.41,3,0.811,0.0068
RNG(-0.1),2.42,3,0.811,0.0068
RNG(-0.1),2.43,3,0.811,0.0067
RNG(-0.1),2.44,3,0.811,0.0068
RNG(-0.1),2.45,3,0.8109,0.007
RNG(-0.1),2.46,3,0.8108,0.0073
RNG(-0.1),2.47,3,0.8108,0.0073
RNG(-0.1),2.48,3,0.8107,0.0071
RNG(-0.1),2.49,3,0.8107,0.0073
RNG(-0.1),2.5,3,0.8105,0.0074
RNG(-0.1),2.51,3,0.8105,0.0072
RNG(-0.1),2.52,3,0.8105,0.0072
RNG(-0.1),2.53,3,0.8104,0.0074
RNG(-0.1),2.54,3,0.8104,0.0073
RNG(-0.1),2.55,3,0.8104,0.0073
RNG(-0.1),2.56,3,0.8103,0.0076
RNG(-0.1),2.57,3,0.8103,0.0075
RNG(-0.1),2.58,3,0.8102,0.0074
RNG(-0.1),2.59,3,0.8102,0.0073
RNG(-0.1),2.6,3,0.8102,0.0073
RNG(-0.1),2.61,3,0.81,0.0072
RNG(-0.1),2.62,3,0.81,0.007
RNG(-0.1),2.63,3,0.8099,0.0073
RNG(-0.1),2.64,3,0.8097,0.0072
RNG(-0.1),2.65,3,0.8097,0.0073
RNG(-0.1),2.66,3,0.8096,0.0072
RNG(-0.1),2.67,3,0.8095,0.0072
RNG(-0.1),2.68,3,0.8094,0.0072
RNG(-0.1),2.69,3,0.8094,0.0072
RNG(-0.1),2.7,3,0.8093,0.0071
RNG(-0.1),2.71,3,0.8093,0.0069
RNG(-0.1),2.72,3,0.8092,0.0068
RNG(-0.1),2.73,3,0.8092,0.0069
RNG(-0.1),2.74,3,0.8091,0.007
RNG(-0.1),2.75,3,0.8091,0.0069
RNG(-0.1),2.76,3,0.809,0.0068
RNG(-0.1),2.77,3,0.8092,0.0073
RNG(-0.1),2.78,3,0.809,0.0072
RNG(-0.1),2.79,3,0.809,0.0071
RNG(-0.1),2.8,3,0.8089,0.007
RNG(-0.1),2.81,3,0.8089,0.007
RNG(-0.1),2.82,3,0.8088,0.0067
RNG(-0.1),2.83,3,0.8087,0.0065
RNG(-0.1),2.84,3,0.8086,0.0067
RNG(-0.1),2.85,3,0.8085,0.0065
RNG(-0.1),2.86,3,0.8084,0.0065
RNG(-0.1),2.87,3,0.8084,0.0062
RNG(-0.1),2.88,3,0.8084,0.0064
RNG(-0.1),2.89,3,0.8082,0.0065
RNG(-0.1),2.9,3,0.8081,0.0067
RNG(-0.1),2.91,3,0.8081,0.0068
RNG(-0.1),2.92,3,0.808,0.0069
RNG(-0.1),2.93,3,0.808,0.0068
RNG(-0.1),2.94,3,0.808,0.0068
RNG(-0.1),2.95,3,0.808,0.0068
RNG(-0.1),2.96,3,0.808,0.0066
RNG(-0.1),2.97,3,0.808,0.0066
RNG(-0.1),2.98,3,0.8077,0.0065
RNG(-0.1),2.99,3,0.8076,0.0065
RNG(-0.1),3.0,3,0.8075,0.0068
RNG(-0.1),3.01,3,0.8074,0.0068
RNG(-0.1),3.02,3,0.8074,0.0067
RNG(-0.1),3.03,3,0.8074,0.0067
RNG(-0.1),3.04,3,0.8072,0.0066
RNG(-0.1),3.05,3,0.8072,0.0064
RNG(-0.1),3.06,3,0.8071,0.0064
RNG(-0.1),3.07,3,0.8071,0.0065
RNG(-0.1),3.08,3,0.8071,0.0064
RNG(-0.1),3.09,3,0.8071,0.0065
RNG(-0.1),3.1,3,0.807,0.0066
RNG(-0.1),3.11,3,0.8069,0.0067
RNG(-0.1),3.12,3,0.8068,0.0064
RNG(-0.1),3.13,3,0.8067,0.0063
RNG(-0.1),3.14,3,0.8067,0.0062
RNG(-0.1),3.15,3,0.8066,0.0063
RNG(-0.1),3.16,3,0.8066,0.0065
RNG(-0.1),3.17,3,0.8066,0.0064
RNG(-0.1),3.18,3,0.8065,0.0064
RNG(-0.1),3.19,3,0.8065,0.0065
RNG(-0.1),3.2,3,0.8064,0.0065
RNG(-0.1),3.21,3,0.8063,0.0066
RNG(-0.1),3.22,3,0.8063,0.0064
RNG(-0.1),3.23,3,0.8063,0.0064
RNG(-0.1),3.24,3,0.8062,0.0063
RNG(-0.1),3.25,3,0.8062,0.0064
RNG(-0.1),3.26,3,0.8061,0.0064
RNG(-0.1),3.27,3,0.8061,0.0065
RNG(-0.1),3.28,3,0.806,0.0063
RNG(-0.1),3.29,3,0.806,0.0065
RNG(-0.1),3.3,3,0.8059,0.0064
RNG(-0.1),3.31,3,0.8059,0.0064
RNG(-0.1),3.32,3,0.8059,0.0066
RNG(-0.1),3.33,3,0.8058,0.0063
RNG(-0.1),3.34,3,0.8057,0.0065
RNG(-0.1),3.35,3,0.8057,0.0063
RNG(-0.1),3.36,3,0.8056,0.0065
RNG(-0.1),3.37,3,0.8056,0.0066
RNG(-0.1),3.38,3,0.8055,0.0067
RNG(-0.1),3.39,3,0.8055,0.0066
RNG(-0.1),3.4,3,0.8054,0.0066
RNG(-0.1),3.41,3,0.8054,0.0067
RNG(-0.1),3.42,3,0.8054,0.0065
RNG(-0.1),3.43,3,0.8054,0.0065
RNG(-0.1),3.44,3,0.8054,0.0065
RNG(-0.1),3.45,3,0.8054,0.0065
RNG(-0.1),3.46,3,0.8054,0.0066
RNG(-0.1),3.47,3,0.8053,0.0065
RNG(-0.1),3.48,3,0.8053,0.0065
RNG(-0.1),3.49,3,0.8053,0.0066
RNG(-0.1),3.5,3,0.8053,0.0066
RNG(-0.1),3.51,3,0.8052,0.0068
RNG(-0.1),3.52,3,0.8052,0.007
RNG(-0.1),3.53,3,0.8052,0.0071
RNG(-0.1),3.54,3,0.8052,0.0071
RNG(-0.1),3.55,3,0.8051,0.007
RNG(-0.1),3.56,3,0.805,0.0071
RNG(-0.1),3.57,3,0.8049,0.0073
RNG(-0.1),3.58,3,0.8048,0.0074
RNG(-0.1),3.59,3,0.8046,0.0077
RNG(-0.1),3.6,3,0.8045,0.0079
RNG(-0.1),3.61,3,0.8044,0.0082
RNG(-0.1),3.62,3,0.8044,0.0082
RNG(-0.1),3.63,3,0.8043,0.0081
RNG(-0.1),3.64,3,0.8043,0.008
RNG(-0.1),3.65,3,0.8041,0.008
RNG(-0.1),3.66,3,0.804,0.0082
RNG(-0.1),3.67,3,0.8038,0.0084
RNG(-0.1),3.68,3,0.8036,0.0082
RNG(-0.1),3.69,3,0.8036,0.0083
RNG(-0.1),3.7,3,0.8036,0.0083
RNG(-0.1),3.71,3,0.8035,0.0085
RNG(-0.1),3.72,3,0.8034,0.0083
RNG(-0.1),3.73,3,0.8032,0.0081
RNG(-0.1),3.74,3,0.8032,0.0079
RNG(-0.1),3.75,3,0.8031,0.0082
RNG(-0.1),3.76,3,0.8028,0.0078
RNG(-0.1),3.77,3,0.8026,0.0081
RNG(-0.1),3.78,3,0.8026,0.008
RNG(-0.1),3.79,3,0.8025,0.0081
RNG(-0.1),3.8,3,0.8025,0.0082
RNG(-0.1),3.81,3,0.8025,0.0082
RNG(-0.1),3.82,3,0.8024,0.0081
RNG(-0.1),3.83,3,0.8023,0.0081
RNG(-0.1),3.84,3,0.8022,0.008
RNG(-0.1),3.85,3,0.8022,0.008
RNG(-0.1),3.86,3,0.802,0.0078
RNG(-0.1),3.87,3,0.8018,0.0077
RNG(-0.1),3.88,3,0.8018,0.0078
RNG(-0.1),3.89,3,0.8017,0.0078
RNG(-0.1),3.9,3,0.8016,0.0077
RNG(-0.1),3.91,3,0.8016,0.0078
RNG(-0.1),3.92,3,0.8015,0.0078
RNG(-0.1),3.93,3,0.8015,0.008
RNG(-0.1),3.94,3,0.8014,0.0078
RNG(-0.1),3.95,3,0.8014,0.0078
RNG(-0.1),3.96,3,0.8014,0.008
RNG(-0.1),3.97,3,0.8012,0.0077
RNG(-0.1),3.98,3,0.8012,0.0077
RNG(-0.1),3.99,3,0.801,0.0078
RNG(-0.1),4.0,3,0.801,0.0078
RNG(-0.1),4.01,3,0.8009,0.008
RNG(-0.1),4.02,3,0.8007,0.0082
RNG(-0.1),4.03,3,0.8006,0.0085
RNG(-0.1),4.04,3,0.8005,0.0085
RNG(-0.1),4.05,3,0.8004,0.0086
RNG(-0.1),4.06,3,0.8003,0.0081
RNG(-0.1),4.07,3,0.8003,0.008
RNG(-0.1),4.08,3,0.8001,0.0081
RNG(-0.1),4.09,3,0.8001,0.0083
RNG(-0.1),4.1,3,0.8,0.0083
RNG(-0.1),4.11,3,0.8,0.0086
RNG(-0.1),4.12,3,0.7999,0.0087
RNG(-0.1),4.13,3,0.7997,0.0085
RNG(-0.1),4.14,3,0.7996,0.0089
RNG(-0.1),4.15,3,0.7994,0.0087
RNG(-0.1),4.16,3,0.7994,0.0087
RNG(-0.1),4.17,3,0.7993,0.0088
RNG(-0.1),4.18,3,0.7992,0.0086
RNG(-0.1),4.19,3,0.7991,0.0086
RNG(-0.1),4.2,3,0.799,0.0085
RNG(-0.1),4.21,3,0.7989,0.0086
RNG(-0.1),4.22,3,0.7988,0.0086
RNG(-0.1),4.23,3,0.7986,0.0088
RNG(-0.1),4.24,3,0.7986,0.0088
RNG(-0.1),4.25,3,0.7984,0.0088
RNG(-0.1),4.26,3,0.7983,0.0087
RNG(-0.1),4.27,3,0.7983,0.0088
RNG(-0.1),4.28,3,0.7982,0.0087
RNG(-0.1),4.29,3,0.7982,0.0089
RNG(-0.1),4.3,3,0.798,0.0087
RNG(-0.1),4.31,3,0.7978,0.0091
RNG(-0.1),4.32,3,0.7977,0.009
RNG(-0.1),4.33,3,0.7975,0.0093
RNG(-0.1),4.34,3,0.7975,0.0091
RNG(-0.1),4.35,3,0.7974,0.009
RNG(-0.1),4.36,3,0.7973,0.009
RNG(-0.1),4.37,3,0.7972,0.0089
RNG(-0.1),4.38,3,0.7971,0.0089
RNG(-0.1),4.39,3,0.7971,0.0089
RNG(-0.1),4.4,3,0.797,0.009
RNG(-0.1),4.41,3,0.7969,0.009
RNG(-0.1),4.42,3,0.7969,0.0088
RNG(-0.1),4.43,3,0.7968,0.0089
RNG(-0.1),4.44,3,0.7966,0.009
RNG(-0.1),4.45,3,0.7965,0.0089
RNG(-0.1),4.46,3,0.7965,0.0089
RNG(-0.1),4.47,3,0.7964,0.0088
RNG(-0.1),4.48,3,0.7961,0.0087
RNG(-0.1),4.49,3,0.796,0.0085
RNG(-0.1),4.5,3,0.7959,0.0085
RNG(-0.1),4.51,3,0.7958,0.0085
RNG(-0.1),4.52,3,0.7957,0.0085
RNG(-0.1),4.53,3,0.7957,0.0085
RNG(-0.1),4.54,3,0.7956,0.0083
RNG(-0.1),4.55,3,0.7955,0.0082
RNG(-0.1),4.56,3,0.7953,0.0083
RNG(-0.1),4.57,3,0.7952,0.0085
RNG(-0.1),4.58,3,0.7951,0.0085
RNG(-0.1),4.59,3,0.795,0.0084
RNG(-0.1),4.6,3,0.795,0.0085
RNG(-0.1),4.61,3,0.795,0.0084
RNG(-0.1),4.62,3,0.7949,0.0082
RNG(-0.1),4.63,3,0.7948,0.008
RNG(-0.1),4.64,3,0.7947,0.0081
RNG(-0.1),4.65,3,0.7946,0.0083
RNG(-0.1),4.66,3,0.7945,0.0081
RNG(-0.1),4.67,3,0.7943,0.008
RNG(-0.1),4.68,3,0.7942,0.0083
RNG(-0.1),4.69,3,0.7941,0.0083
RNG(-0.1),4.7,3,0.794,0.0083
RNG(-0.1),4.71,3,0.794,0.0083
RNG(-0.1),4.72,3,0.7939,0.0085
RNG(-0.1),4.73,3,0.7938,0.0087
RNG(-0.1),4.74,3,0.7937,0.0089
RNG(-0.1),4.75,3,0.7937,0.0091
RNG(-0.1),4.76,3,0.7936,0.0091
RNG(-0.1),4.77,3,0.7936,0.0091
RNG(-0.1),4.78,3,0.7935,0.0091
RNG(-0.1),4.79,3,0.7934,0.009
RNG(-0.1),4.8,3,0.7933,0.0091
RNG(-0.1),4.81,3,0.7933,0.009
RNG(-0.1),4.82,3,0.7933,0.0091
RNG(-0.1),4.83,3,0.7932,0.0093
RNG(-0.1),4.84,3,0.7931,0.0094
RNG(-0.1),4.85,3,0.793,0.0093
RNG(-0.1),4.86,3,0.7928,0.0095
RNG(-0.1),4.87,3,0.7927,0.0094
RNG(-0.1),4.88,3,0.7926,0.0093
RNG(-0.1),4.89,3,0.7925,0.0093
RNG(-0.1),4.9,3,0.7924,0.0095
RNG(-0.1),4.91,3,0.7924,0.0095
RNG(-0.1),4.92,3,0.7924,0.0097
RNG(-0.1),4.93,3,0.7923,0.0096
RNG(-0.1),4.94,3,0.7923,0.0092
RNG(-0.1),4.95,3,0.7922,0.0091
RNG(-0.1),4.96,3,0.7921,0.0092
RNG(-0.1),4.97,3,0.7921,0.0093
RNG(-0.1),4.98,3,0.7919,0.0089
RNG(-0.1),4.99,3,0.7919,0.009
RNG(-0.1),5.0,3,0.792,0.0094
RNG(-0.1),5.01,3,0.792,0.0095
RNG(-0.1),5.02,3,0.7919,0.0096
RNG(-0.1),5.03,3,0.7918,0.0097
RNG(-0.1),5.04,3,0.7918,0.0096
RNG(-0.1),5.05,3,0.7916,0.0096
RNG(-0.1),5.06,3,0.7916,0.0096
RNG(-0.1),5.07,3,0.7915,0.0096
RNG(-0.1),5.08,3,0.7913,0.0095
RNG(-0.1),5.09,3,0.7912,0.0097
RNG(-0.1),5.1,3,0.7912,0.0099
RNG(-0.1),5.11,3,0.7911,0.0098
RNG(-0.1),5.12,3,0.791,0.0099
RNG(-0.1),5.13,3,0.7909,0.0096
RNG(-0.1),5.14,3,0.7907,0.0099
RNG(-0.1),5.15,3,0.7908,0.01
RNG(-0.1),5.16,3,0.7907,0.0101
RNG(-0.1),5.17,3,0.7906,0.0099
RNG(-0.1),5.18,3,0.7906,0.01
RNG(-0.1),5.19,3,0.7905,0.01
RNG(-0.1),5.2,3,0.7904,0.0101
RNG(-0.1),5.21,3,0.7904,0.0102
RNG(-0.1),5.22,3,0.7903,0.0101
RNG(-0.1),5.23,3,0.7903,0.0101
RNG(-0.1),5.24,3,0.7902,0.0102
RNG(-0.1),5.25,3,0.7898,0.0106
RNG(-0.1),5.26,3,0.7898,0.0104
RNG(-0.1),5.27,3,0.7898,0.0104
RNG(-0.1),5.28,3,0.7897,0.0103
RNG(-0.1),5.29,3,0.7897,0.0104
RNG(-0.1),5.3,3,0.7896,0.0106
RNG(-0.1),5.31,3,0.7896,0.0105
RNG(-0.1),5.32,3,0.7895,0.0106
RNG(-0.1),5.33,3,0.7895,0.0106
RNG(-0.1),5.34,3,0.7895,0.0106
RNG(-0.1),5.35,3,0.7893,0.0106
RNG(-0.1),5.36,3,0.7893,0.0104
RNG(-0.1),5.37,3,0.7893,0.0104
RNG(-0.1),5.38,3,0.7893,0.0105
RNG(-0.1),5.39,3,0.7893,0.0105
RNG(-0.1),5.4,3,0.7892,0.0104
RNG(-0.1),5.41,3,0.7892,0.0104
RNG(-0.1),5.42,3,0.7892,0.0104
RNG(-0.1),5.43,3,0.7892,0.0105
RNG(-0.1),5.44,3,0.7892,0.0105
RNG(-0.1),5.45,3,0.7892,0.0105
RNG(-0.1),5.46,3,0.7892,0.0105
RNG(-0.1),5.47,3,0.7891,0.0103
RNG(-0.1),5.48,3,0.7891,0.0104
RNG(-0.1),5.49,3,0.7892,0.0105
RNG(-0.1),5.5,3,0.7891,0.0103
RNG(-0.1),5.51,3,0.789,0.0104
RNG(-0.1),5.52,3,0.789,0.0104
RNG(-0.1),5.53,3,0.789,0.0104
RNG(-0.1),5.54,3,0.789,0.0104
RNG(-0.1),5.55,3,0.789,0.0104
RNG(-0.1),5.56,3,0.789,0.0105
RNG(-0.1),5.57,3,0.7889,0.0103
RNG(-0.1),5.58,3,0.7889,0.0103
RNG(-0.1),5.59,3,0.7889,0.0105
RNG(-0.1),5.6,3,0.7888,0.0105
RNG(-0.1),5.61,3,0.7888,0.0104
RNG(-0.1),5.62,3,0.7888,0.0104
RNG(-0.1),5.63,3,0.7888,0.0104
RNG(-0.1),5.64,3,0.7888,0.0104
RNG(-0.1),5.65,3,0.7888,0.0104
RNG(-0.1),5.66,3,0.7887,0.0105
RNG(-0.1),5.67,3,0.7887,0.0105
RNG(-0.1),5.68,3,0.7887,0.0104
RNG(-0.1),5.69,3,0.7887,0.0104
RNG(-0.1),5.7,3,0.7886,0.0103
RNG(-0.1),5.71,3,0.7886,0.0103
RNG(-0.1),5.72,3,0.7887,0.0102
RNG(-0.1),5.73,3,0.7887,0.0102
RNG(-0.1),5.74,3,0.7886,0.0103
RNG(-0.1),5.75,3,0.7886,0.0103
RNG(-0.1),5.76,3,0.7886,0.0103
RNG(-0.1),5.77,3,0.7886,0.0103
RNG(-0.1),5.78,3,0.7886,0.0103
RNG(-0.1),5.79,3,0.7886,0.0103
RNG(-0.1),5.81,3,0.7886,0.0104
RNG(-0.1),5.82,3,0.7886,0.0104
RNG(-0.1),5.83,3,0.7886,0.0104
RNG(-0.1),5.84,3,0.7885,0.0104
RNG(-0.1),5.85,3,0.7885,0.0104
RNG(-0.1),5.86,3,0.7885,0.0104
RNG(-0.1),5.87,3,0.7885,0.0102
RNG(-0.1),5.88,3,0.7885,0.0102
RNG(-0.1),5.89,3,0.7885,0.0102
RNG(-0.1),5.9,3,0.7885,0.0102
RNG(-0.1),5.91,3,0.7885,0.0102
RNG(-0.1),5.92,3,0.7885,0.0102
RNG(-0.1),5.93,3,0.7885,0.0102
RNG(-0.1),5.94,3,0.7885,0.0102
RNG(-0.1),5.95,3,0.7884,0.0101
RNG(-0.1),5.96,3,0.7884,0.0101
RNG(-0.1),5.97,3,0.7884,0.0101
RNG(-0.1),5.99,3,0.7884,0.0101
RNG(-0.1),6.0,3,0.7884,0.0101
RNG(-0.1),6.02,2,0.7861,0.0051
RNG(-0.1),6.03,3,0.7884,0.0101
RNG(-0.1),6.04,3,0.7884,0.0101
RNG(-0.1),6.05,2,0.7897,0.0419
RNG(-0.1),6.06,2,0.7897,0.0419
RNG(-0.1),6.07,2,0.7897,0.0419
RNG(-0.1),6.08,3,0.7883,0.0101
RNG(-0.1),6.09,3,0.7883,0.0101
RNG(-0.1),6.1,3,0.7883,0.0101
RNG(-0.1),6.12,1,0.7863,0.0
RNG(-0.1),6.13,3,0.7883,0.0101
RNG(-0.1),6.15,3,0.7883,0.0101
RNG(-0.1),6.16,2,0.7896,0.0426
RNG(-0.1),6.2,1,0.7863,0.0
RNG(-0.1),6.21,2,0.7896,0.0426
RNG(-0.1),6.22,2,0.7896,0.0426
RNG(-0.1),6.25,2,0.7896,0.0426
RNG(-0.1),6.26,2,0.7896,0.0426
RNG(-0.1),6.28,2,0.7896,0.0426
RNG(-0.1),6.31,2,0.786,0.0038
RNG(-0.1),6.32,3,0.7883,0.0101
RNG(-0.1),6.34,1,0.7863,0.0
RNG(-0.1),6.35,2,0.7896,0.0426
RNG(-0.1),6.36,3,0.7883,0.0101
RNG(-0.1),6.42,3,0.7883,0.0101
RNG(-0.1),6.47,2,0.786,0.0038
RNG(-0.1),6.48,2,0.786,0.0038
RNG(-0.05),0.99,3,0.7703,0.0076
RNG(-0.05),1.0,3,0.7703,0.0076
RNG(-0.05),1.01,3,0.7713,0.007
RNG(-0.05),1.02,3,0.7735,0.0071
RNG(-0.05),1.03,3,0.7773,0.0076
RNG(-0.05),1.04,3,0.7812,0.0088
RNG(-0.05),1.05,3,0.7861,0.0087
RNG(-0.05),1.06,3,0.7902,0.0099
RNG(-0.05),1.07,3,0.7939,0.0092
RNG(-0.05),1.08,3,0.7974,0.0079
RNG(-0.05),1.09,3,0.8002,0.0081
RNG(-0.05),1.1,3,0.8023,0.0077
RNG(-0.05),1.11,3,0.8034,0.0077
RNG(-0.05),1.12,3,0.8045,0.0077
RNG(-0.05),1.13,3,0.8055,0.0073
RNG(-0.05),1.14,3,0.806,0.0074
RNG(-0.05),1.15,3,0.8065,0.0075
RNG(-0.05),1.16,3,0.8068,0.0073
RNG(-0.05),1.17,3,0.807,0.0073
RNG(-0.05),1.18,3,0.807,0.0072
RNG(-0.05),1.19,3,0.8071,0.0074
RNG(-0.05),1.2,3,0.8072,0.0075
RNG(-0.05),1.21,3,0.8073,0.0073
RNG(-0.05),1.22,3,0.8074,0.0075
RNG(-0.05),1.23,3,0.8074,0.0073
RNG(-0.05),1.24,3,0.8076,0.0074
RNG(-0.05),1.25,3,0.8077,0.0074
RNG(-0.05),1.26,3,0.8077,0.0074
RNG(-0.05),1.27,3,0.8078,0.0074
RNG(-0.05),1.28,3,0.8079,0.0075
RNG(-0.05),1.29,3,0.808,0.0077
RNG(-0.05),1.3,3,0.808,0.0075
RNG(-0.05),1.31,3,0.8081,0.0073
RNG(-0.05),1.32,3,0.8082,0.0077
RNG(-0.05),1.33,3,0.8082,0.0077
RNG(-0.05),1.34,3,0.8083,0.0077
RNG(-0.05),1.35,3,0.8084,0.0078
RNG(-0.05),1.36,3,0.8086,0.0077
RNG(-0.05),1.37,3,0.8086,0.0078
RNG(-0.05),1.38,3,0.8086,0.007
RNG(-0.05),1.39,3,0.8087,0.0074
RNG(-0.05),1.4,3,0.8088,0.0073
RNG(-0.05),1.41,3,0.8089,0.0075
RNG(-0.05),1.42,3,0.8088,0.0073
RNG(-0.05),1.43,3,0.8088,0.0067
RNG(-0.05),1.44,3,0.8088,0.0065
RNG(-0.05),1.45,3,0.8087,0.0066
RNG(-0.05),1.46,3,0.8086,0.0065
RNG(-0.05),1.47,3,0.8086,0.0066
RNG(-0.05),1.48,3,0.8085,0.0069
RNG(-0.05),1.49,3,0.8086,0.0066
RNG(-0.05),1.5,3,0.8084,0.0065
RNG(-0.05),1.51,3,0.8083,0.0069
RNG(-0.05),1.52,3,0.8082,0.0066
RNG(-0.05),1.53,3,0.8081,0.0067
RNG(-0.05),1.54,3,0.8081,0.0069
RNG(-0.05),1.55,3,0.8081,0.0069
RNG(-0.05),1.56,3,0.8081,0.0072
RNG(-0.05),1.57,3,0.8081,0.0071
RNG(-0.05),1.58,3,0.808,0.0069
RNG(-0.05),1.59,3,0.808,0.0069
RNG(-0.05),1.6,3,0.8079,0.0072
RNG(-0.05),1.61,3,0.8079,0.0075
RNG(-0.05),1.62,3,0.8079,0.0076
RNG(-0.05),1.63,3,0.8079,0.0077
RNG(-0.05),1.64,3,0.8079,0.0079
RNG(-0.05),1.65,3,0.8079,0.0078
RNG(-0.05),1.66,3,0.8079,0.0079
RNG(-0.05),1.67,3,0.8079,0.0079
RNG(-0.05),1.68,3,0.8079,0.0081
RNG(-0.05),1.69,3,0.8077,0.0081
RNG(-0.05),1.7,3,0.8078,0.0083
RNG(-0.05),1.71,3,0.8077,0.0082
RNG(-0.05),1.72,3,0.8077,0.008
RNG(-0.05),1.73,3,0.8077,0.0081
RNG(-0.05),1.74,3,0.8078,0.008
RNG(-0.05),1.75,3,0.8078,0.0083
RNG(-0.05),1.76,3,0.8078,0.0083
RNG(-0.05),1.77,3,0.8079,0.0085
RNG(-0.05),1.78,3,0.8079,0.0083
RNG(-0.05),1.79,3,0.8079,0.0084
RNG(-0.05),1.8,3,0.808,0.008
RNG(-0.05),1.81,3,0.8081,0.008
RNG(-0.05),1.82,3,0.8081,0.0082
RNG(-0.05),1.83,3,0.8082,0.0082
RNG(-0.05),1.84,3,0.8082,0.0082
RNG(-0.05),1.85,3,0.8082,0.008
RNG(-0.05),1.86,3,0.8082,0.008
RNG(-0.05),1.87,3,0.8081,0.0078
RNG(-0.05),1.88,3,0.8081,0.0076
RNG(-0.05),1.89,3,0.8082,0.0075
RNG(-0.05),1.9,3,0.8081,0.0076
RNG(-0.05),1.91,3,0.808,0.0074
RNG(-0.05),1.92,3,0.8079,0.007
RNG(-0.05),1.93,3,0.8078,0.0066
RNG(-0.05),1.94,3,0.8079,0.0065
RNG(-0.05),1.95,3,0.8078,0.0064
RNG(-0.05),1.96,3,0.8078,0.0065
RNG(-0.05),1.97,3,0.8077,0.0069
RNG(-0.05),1.98,3,0.8077,0.0071
RNG(-0.05),1.99,3,0.8077,0.0071
RNG(-0.05),2.0,3,0.8077,0.0071
RNG(-0.05),2.01,3,0.8077,0.007
RNG(-0.05),2.02,3,0.8077,0.0069
RNG(-0.05),2.03,3,0.8077,0.0068
RNG(-0.05),2.04,3,0.8077,0.0069
RNG(-0.05),2.05,3,0.8076,0.007
RNG(-0.05),2.06,3,0.8076,0.0072
RNG(-0.05),2.07,3,0.8076,0.0072
RNG(-0.05),2.08,3,0.8076,0.0071
RNG(-0.05),2.09,3,0.8076,0.0073
RNG(-0.05),2.1,3,0.8077,0.0071
RNG(-0.05),2.11,3,0.8077,0.007
RNG(-0.05),2.12,3,0.8078,0.0071
RNG(-0.05),2.13,3,0.8078,0.0074
RNG(-0.05),2.14,3,0.8077,0.0073
RNG(-0.05),2.15,3,0.8078,0.0072
RNG(-0.05),2.16,3,0.8078,0.0073
RNG(-0.05),2.17,3,0.8078,0.0075
RNG(-0.05),2.18,3,0.8079,0.0072
RNG(-0.05),2.19,3,0.808,0.0072
RNG(-0.05),2.2,3,0.808,0.0073
RNG(-0.05),2.21,3,0.8081,0.0074
RNG(-0.05),2.22,3,0.808,0.007
RNG(-0.05),2.23,3,0.8079,0.0069
RNG(-0.05),2.24,3,0.8079,0.007
RNG(-0.05),2.25,3,0.8078,0.007
RNG(-0.05),2.26,3,0.8078,0.0067
RNG(-0.05),2.27,3,0.8077,0.0065
RNG(-0.05),2.28,3,0.8076,0.0065
RNG(-0.05),2.29,3,0.8076,0.0066
RNG(-0.05),2.3,3,0.8075,0.0067
RNG(-0.05),2.31,3,0.8074,0.0067
RNG(-0.05),2.32,3,0.8074,0.0067
RNG(-0.05),2.33,3,0.8074,0.007
RNG(-0.05),2.34,3,0.8074,0.0069
RNG(-0.05),2.35,3,0.8074,0.0069
RNG(-0.05),2.36,3,0.8073,0.007
RNG(-0.05),2.37,3,0.8072,0.007
RNG(-0.05),2.38,3,0.8074,0.0078
RNG(-0.05),2.39,3,0.8073,0.0078
RNG(-0.05),2.4,3,0.8073,0.0075
RNG(-0.05),2.41,3,0.8071,0.0077
RNG(-0.05),2.42,3,0.8071,0.0076
RNG(-0.05),2.43,3,0.8071,0.0077
RNG(-0.05),2.44,3,0.8071,0.0078
RNG(-0.05),2.45,3,0.807,0.0079
RNG(-0.05),2.46,3,0.8069,0.0082
RNG(-0.05),2.47,3,0.8069,0.0081
RNG(-0.05),2.48,3,0.8068,0.0082
RNG(-0.05),2.49,3,0.8067,0.0084
RNG(-0.05),2.5,3,0.8066,0.0085
RNG(-0.05),2.51,3,0.8066,0.0083
RNG(-0.05),2.52,3,0.8065,0.0082
RNG(-0.05),2.53,3,0.8065,0.0082
RNG(-0.05),2.54,3,0.8065,0.0081
RNG(-0.05),2.55,3,0.8065,0.0083
RNG(-0.05),2.56,3,0.8064,0.0083
RNG(-0.05),2.57,3,0.8063,0.0083
RNG(-0.05),2.58,3,0.8063,0.0082
RNG(-0.05),2.59,3,0.8063,0.0083
RNG(-0.05),2.6,3,0.8062,0.0082
RNG(-0.05),2.61,3,0.8062,0.0083
RNG(-0.05),2.62,3,0.806,0.0081
RNG(-0.05),2.63,3,0.8059,0.0082
RNG(-0.05),2.64,3,0.8058,0.0081
RNG(-0.05),2.65,3,0.8057,0.0082
RNG(-0.05),2.66,3,0.8056,0.0082
RNG(-0.05),2.67,3,0.8056,0.0084
RNG(-0.05),2.68,3,0.8054,0.0085
RNG(-0.05),2.69,3,0.8055,0.0083
RNG(-0.05),2.7,3,0.8054,0.0084
RNG(-0.05),2.71,3,0.8054,0.0082
RNG(-0.05),2.72,3,0.8054,0.0081
RNG(-0.05),2.73,3,0.8053,0.0084
RNG(-0.05),2.74,3,0.8052,0.0082
RNG(-0.05),2.75,3,0.8052,0.0081
RNG(-0.05),2.76,3,0.8051,0.0081
RNG(-0.05),2.77,3,0.8052,0.0085
RNG(-0.05),2.78,3,0.8051,0.0087
RNG(-0.05),2.79,3,0.8051,0.0087
RNG(-0.05),2.8,3,0.805,0.0087
RNG(-0.05),2.81,3,0.8049,0.0089
RNG(-0.05),2.82,3,0.8049,0.0086
RNG(-0.05),2.83,3,0.8047,0.0085
RNG(-0.05),2.84,3,0.8046,0.0086
RNG(-0.05),2.85,3,0.8045,0.0086
RNG(-0.05),2.86,3,0.8044,0.0084
RNG(-0.05),2.87,3,0.8044,0.0081
RNG(-0.05),2.88,3,0.8042,0.0085
RNG(-0.05),2.89,3,0.8042,0.0086
RNG(-0.05),2.9,3,0.8041,0.0087
RNG(-0.05),2.91,3,0.8041,0.009
RNG(-0.05),2.92,3,0.8041,0.0088
RNG(-0.05),2.93,3,0.804,0.0086
RNG(-0.05),2.94,3,0.804,0.0088
RNG(-0.05),2.95,3,0.804,0.0089
RNG(-0.05),2.96,3,0.804,0.0088
RNG(-0.05),2.97,3,0.804,0.0088
RNG(-0.05),2.98,3,0.8037,0.0085
RNG(-0.05),2.99,3,0.8037,0.0085
RNG(-0.05),3.0,3,0.8036,0.0086
RNG(-0.05),3.01,3,0.8035,0.0088
RNG(-0.05),3.02,3,0.8035,0.0088
RNG(-0.05),3.03,3,0.8035,0.0087
RNG(-0.05),3.04,3,0.8034,0.0088
RNG(-0.05),3.05,3,0.8033,0.0086
RNG(-0.05),3.06,3,0.8033,0.0086
RNG(-0.05),3.07,3,0.8032,0.0086
RNG(-0.05),3.08,3,0.8032,0.0086
RNG(-0.05),3.09,3,0.8032,0.0086
RNG(-0.05),3.1,3,0.8032,0.0087
RNG(-0.05),3.11,3,0.8031,0.0089
RNG(-0.05),3.12,3,0.803,0.0088
RNG(-0.05),3.13,3,0.8029,0.0086
RNG(-0.05),3.14,3,0.8029,0.0088
RNG(-0.05),3.15,3,0.8028,0.0089
RNG(-0.05),3.16,3,0.8028,0.0088
RNG(-0.05),3.17,3,0.8028,0.0088
RNG(-0.05),3.18,3,0.8027,0.0087
RNG(-0.05),3.19,3,0.8027,0.0087
RNG(-0.05),3.2,3,0.8026,0.0087
RNG(-0.05),3.21,3,0.8026,0.0085
RNG(-0.05),3.22,3,0.8025,0.0085
RNG(-0.05),3.23,3,0.8025,0.0086
RNG(-0.05),3.24,3,0.8024,0.0085
RNG(-0.05),3.25,3,0.8025,0.0087
RNG(-0.05),3.26,3,0.8025,0.0085
RNG(-0.05),3.27,3,0.8024,0.0086
RNG(-0.05),3.28,3,0.8023,0.0085
RNG(-0.05),3.29,3,0.8023,0.0087
RNG(-0.05),3.3,3,0.8023,0.0086
RNG(-0.05),3.31,3,0.8023,0.0087
RNG(-0.05),3.32,3,0.8023,0.0088
RNG(-0.05),3.33,3,0.8023,0.0086
RNG(-0.05),3.34,3,0.8022,0.0087
RNG(-0.05),3.35,3,0.8022,0.0086
RNG(-0.05),3.36,3,0.8021,0.0086
RNG(-0.05),3.37,3,0.802,0.0087
RNG(-0.05),3.38,3,0.802,0.0088
RNG(-0.05),3.39,3,0.8019,0.0087
RNG(-0.05),3.4,3,0.8019,0.0086
RNG(-0.05),3.41,3,0.8019,0.0088
RNG(-0.05),3.42,3,0.8018,0.0087
RNG(-0.05),3.43,3,0.8018,0.0087
RNG(-0.05),3.44,3,0.8017,0.0087
RNG(-0.05),3.45,3,0.8017,0.0087
RNG(-0.05),3.46,3,0.8018,0.0086
RNG(-0.05),3.47,3,0.8018,0.0084
RNG(-0.05),3.48,3,0.8018,0.0084
RNG(-0.05),3.49,3,0.8017,0.0085
RNG(-0.05),3.5,3,0.8017,0.0083
RNG(-0.05),3.51,3,0.8016,0.0084
RNG(-0.05),3.52,3,0.8017,0.0088
RNG(-0.05),3.53,3,0.8017,0.0088
RNG(-0.05),3.54,3,0.8017,0.0088
RNG(-0.05),3.55,3,0.8016,0.0086
RNG(-0.05),3.56,3,0.8016,0.0086
RNG(-0.05),3.57,3,0.8015,0.0091
RNG(-0.05),3.58,3,0.8014,0.009
RNG(-0.05),3.59,3,0.8012,0.0093
RNG(-0.05),3.6,3,0.8011,0.0094
RNG(-0.05),3.61,3,0.801,0.0099
RNG(-0.05),3.62,3,0.8009,0.0097
RNG(-0.05),3.63,3,0.8009,0.0096
RNG(-0.05),3.64,3,0.8008,0.0094
RNG(-0.05),3.65,3,0.8007,0.0093
RNG(-0.05),3.66,3,0.8005,0.0095
RNG(-0.05),3.67,3,0.8005,0.0101
RNG(-0.05),3.68,3,0.8003,0.0101
RNG(-0.05),3.69,3,0.8002,0.0101
RNG(-0.05),3.7,3,0.8002,0.0101
RNG(-0.05),3.71,3,0.8001,0.01
RNG(-0.05),3.72,3,0.8001,0.0099
RNG(-0.05),3.73,3,0.8,0.0097
RNG(-0.05),3.74,3,0.7999,0.0097
RNG(-0.05),3.75,3,0.7998,0.0098
RNG(-0.05),3.76,3,0.7996,0.0093
RNG(-0.05),3.77,3,0.7994,0.0095
RNG(-0.05),3.78,3,0.7994,0.0094
RNG(-0.05),3.79,3,0.7993,0.0094
RNG(-0.05),3.8,3,0.7993,0.0094
RNG(-0.05),3.81,3,0.7993,0.0096
RNG(-0.05),3.82,3,0.7993,0.0095
RNG(-0.05),3.83,3,0.7991,0.0098
RNG(-0.05),3.84,3,0.799,0.0097
RNG(-0.05),3.85,3,0.7989,0.0096
RNG(-0.05),3.86,3,0.7988,0.0097
RNG(-0.05),3.87,3,0.7986,0.0096
RNG(-0.05),3.88,3,0.7984,0.0097
RNG(-0.05),3.89,3,0.7984,0.0098
RNG(-0.05),3.9,3,0.7984,0.0097
RNG(-0.05),3.91,3,0.7983,0.0099
RNG(-0.05),3.92,3,0.7982,0.01
RNG(-0.05),3.93,3,0.7982,0.0099
RNG(-0.05),3.94,3,0.7981,0.01
RNG(-0.05),3.95,3,0.7981,0.0098
RNG(-0.05),3.96,3,0.7981,0.0099
RNG(-0.05),3.97,3,0.798,0.0098
RNG(-0.05),3.98,3,0.7979,0.0098
RNG(-0.05),3.99,3,0.7977,0.01
RNG(-0.05),4.0,3,0.7977,0.0099
RNG(-0.05),4.01,3,0.7976,0.0102
RNG(-0.05),4.02,3,0.7975,0.0104
RNG(-0.05),4.03,3,0.7974,0.0107
RNG(-0.05),4.04,3,0.7973,0.0106
RNG(-0.05),4.05,3,0.7971,0.0106
RNG(-0.05),4.06,3,0.7971,0.0102
RNG(-0.05),4.07,3,0.797,0.0101
RNG(-0.05),4.08,3,0.7969,0.0103
RNG(-0.05),4.09,3,0.7968,0.0105
RNG(-0.05),4.1,3,0.7967,0.0106
RNG(-0.05),4.11,3,0.7966,0.0109
RNG(-0.05),4.12,3,0.7966,0.0111
RNG(-0.05),4.13,3,0.7965,0.0109
RNG(-0.05),4.14,3,0.7964,0.0111
RNG(-0.05),4.15,3,0.7963,0.0113
RNG(-0.05),4.16,3,0.7962,0.0111
RNG(-0.05),4.17,3,0.7961,0.0112
RNG(-0.05),4.18,3,0.796,0.0111
RNG(-0.05),4.19,3,0.796,0.0111
RNG(-0.05),4.2,3,0.7958,0.011
RNG(-0.05),4.21,3,0.7957,0.011
RNG(-0.05),4.22,3,0.7956,0.0112
RNG(-0.05),4.23,3,0.7954,0.0112
RNG(-0.05),4.24,3,0.7952,0.0115
RNG(-0.05),4.25,3,0.7952,0.0115
RNG(-0.05),4.26,3,0.7951,0.0115
RNG(-0.05),4.27,3,0.795,0.0116
RNG(-0.05),4.28,3,0.7949,0.0117
RNG(-0.05),4.29,3,0.7948,0.0119
RNG(-0.05),4.3,3,0.7948,0.0118
RNG(-0.05),4.31,3,0.7945,0.012
RNG(-0.05),4.32,3,0.7944,0.0119
RNG(-0.05),4.33,3,0.7943,0.0121
RNG(-0.05),4.34,3,0.7942,0.0122
RNG(-0.05),4.35,3,0.7942,0.0121
RNG(-0.05),4.36,3,0.7941,0.0121
RNG(-0.05),4.37,3,0.794,0.012
RNG(-0.05),4.38,3,0.7939,0.012
RNG(-0.05),4.39,3,0.7938,0.0118
RNG(-0.05),4.4,3,0.7938,0.012
RNG(-0.05),4.41,3,0.7938,0.012
RNG(-0.05),4.42,3,0.7938,0.0115
RNG(-0.05),4.43,3,0.7937,0.0118
RNG(-0.05),4.44,3,0.7935,0.0122
RNG(-0.05),4.45,3,0.7935,0.0118
RNG(-0.05),4.46,3,0.7935,0.0118
RNG(-0.05),4.47,3,0.7933,0.0116
RNG(-0.05),4.48,3,0.7931,0.0115
RNG(-0.05),4.49,3,0.793,0.0113
RNG(-0.05),4.5,3,0.7929,0.0113
RNG(-0.05),4.51,3,0.7928,0.0112
RNG(-0.05),4.52,3,0.7927,0.0114
RNG(-0.05),4.53,3,0.7927,0.0114
RNG(-0.05),4.54,3,0.7926,0.0111
RNG(-0.05),4.55,3,0.7925,0.0112
RNG(-0.05),4.56,3,0.7923,0.0112
RNG(-0.05),4.57,3,0.7922,0.0114
RNG(-0.05),4.58,3,0.7921,0.0115
RNG(-0.05),4.59,3,0.792,0.0115
RNG(-0.05),4.6,3,0.7919,0.0116
RNG(-0.05),4.61,3,0.7919,0.0117
RNG(-0.05),4.62,3,0.7918,0.0118
RNG(-0.05),4.63,3,0.7917,0.0118
RNG(-0.05),4.64,3,0.7917,0.0119
RNG(-0.05),4.65,3,0.7915,0.0119
RNG(-0.05),4.66,3,0.7915,0.0122
RNG(-0.05),4.67,3,0.7913,0.0122
RNG(-0.05),4.68,3,0.7912,0.0124
RNG(-0.05),4.69,3,0.7912,0.0123
RNG(-0.05),4.7,3,0.791,0.0124
RNG(-0.05),4.71,3,0.791,0.0123
RNG(-0.05),4.72,3,0.7909,0.0124
RNG(-0.05),4.73,3,0.7908,0.0125
RNG(-0.05),4.74,3,0.7907,0.0126
RNG(-0.05),4.75,3,0.7906,0.0129
RNG(-0.05),4.76,3,0.7906,0.0129
RNG(-0.05),4.77,3,0.7905,0.0128
RNG(-0.05),4.78,3,0.7905,0.0128
RNG(-0.05),4.79,3,0.7904,0.0126
RNG(-0.05),4.8,3,0.7903,0.0126
RNG(-0.05),4.81,3,0.7903,0.0125
RNG(-0.05),4.82,3,0.7902,0.0129
RNG(-0.05),4.83,3,0.7901,0.0128
RNG(-0.05),4.84,3,0.79,0.013
RNG(-0.05),4.85,3,0.7899,0.013
RNG(-0.05),4.86,3,0.7898,0.0131
RNG(-0.05),4.87,3,0.7897,0.0129
RNG(-0.05),4.88,3,0.7896,0.0127
RNG(-0.05),4.89,3,0.7895,0.0125
RNG(-0.05),4.9,3,0.7894,0.0128
RNG(-0.05),4.91,3,0.7894,0.0129
RNG(-0.05),4.92,3,0.7894,0.0131
RNG(-0.05),4.93,3,0.7893,0.0129
RNG(-0.05),4.94,3,0.7892,0.0127
RNG(-0.05),4.95,3,0.7891,0.0124
RNG(-0.05),4.96,3,0.789,0.0124
RNG(-0.05),4.97,3,0.789,0.0123
RNG(-0.05),4.98,3,0.7889,0.0121
RNG(-0.05),4.99,3,0.7888,0.012
RNG(-0.05),5.0,3,0.789,0.0124
RNG(-0.05),5.01,3,0.7889,0.0123
RNG(-0.05),5.02,3,0.7888,0.0123
RNG(-0.05),5.03,3,0.7887,0.0126
RNG(-0.05),5.04,3,0.7887,0.0124
RNG(-0.05),5.05,3,0.7884,0.0124
RNG(-0.05),5.06,3,0.7884,0.0124
RNG(-0.05),5.07,3,0.7883,0.0123
RNG(-0.05),5.08,3,0.7882,0.0124
RNG(-0.05),5.09,3,0.7882,0.0126
RNG(-0.05),5.1,3,0.788,0.0127
RNG(-0.05),5.11,3,0.788,0.0128
RNG(-0.05),5.12,3,0.7879,0.0128
RNG(-0.05),5.13,3,0.7877,0.0127
RNG(-0.05),5.14,3,0.7876,0.0127
RNG(-0.05),5.15,3,0.7876,0.0128
RNG(-0.05),5.16,3,0.7876,0.0128
RNG(-0.05),5.17,3,0.7875,0.0128
RNG(-0.05),5.18,3,0.7874,0.0132
RNG(-0.05),5.19,3,0.7873,0.013
RNG(-0.05),5.2,3,0.7871,0.0134
RNG(-0.05),5.21,3,0.7871,0.0134
RNG(-0.05),5.22,3,0.7871,0.013
RNG(-0.05),5.23,3,0.7871,0.0129
RNG(-0.05),5.24,3,0.7869,0.0134
RNG(-0.05),5.25,3,0.7866,0.014
RNG(-0.05),5.26,3,0.7866,0.0142
RNG(-0.05),5.27,3,0.7865,0.014
RNG(-0.05),5.28,3,0.7865,0.0139
RNG(-0.05),5.29,3,0.7864,0.0139
RNG(-0.05),5.3,3,0.7864,0.0139
RNG(-0.05),5.31,3,0.7863,0.0142
RNG(-0.05),5.32,3,0.7862,0.014
RNG(-0.05),5.33,3,0.7862,0.014
RNG(-0.05),5.34,3,0.7862,0.014
RNG(-0.05),5.35,3,0.786,0.014
RNG(-0.05),5.36,3,0.786,0.014
RNG(-0.05),5.37,3,0.786,0.014
RNG(-0.05),5.38,3,0.786,0.0139
RNG(-0.05),5.39,3,0.786,0.0139
RNG(-0.05),5.4,3,0.786,0.0138
RNG(-0.05),5.41,3,0.7859,0.0138
RNG(-0.05),5.42,3,0.7859,0.0138
RNG(-0.05),5.43,3,0.7858,0.0139
RNG(-0.05),5.44,3,0.7858,0.0139
RNG(-0.05),5.45,3,0.7858,0.0139
RNG(-0.05),5.46,3,0.7858,0.0139
RNG(-0.05),5.47,3,0.7858,0.0139
RNG(-0.05),5.48,3,0.7858,0.0139
RNG(-0.05),5.49,3,0.7858,0.0139
RNG(-0.05),5.5,3,0.7857,0.0138
RNG(-0.05),5.51,3,0.7857,0.0139
RNG(-0.05),5.52,3,0.7857,0.0139
RNG(-0.05),5.53,3,0.7856,0.0138
RNG(-0.05),5.54,3,0.7856,0.014
RNG(-0.05),5.55,3,0.7856,0.014
RNG(-0.05),5.56,3,0.7855,0.014
RNG(-0.05),5.57,3,0.7855,0.0139
RNG(-0.05),5.58,3,0.7855,0.0139
RNG(-0.05),5.59,3,0.7854,0.014
RNG(-0.05),5.6,3,0.7854,0.014
RNG(-0.05),5.61,3,0.7854,0.014
RNG(-0.05),5.62,3,0.7854,0.014
RNG(-0.05),5.63,3,0.7854,0.0139
RNG(-0.05),5.64,3,0.7854,0.0139
RNG(-0.05),5.65,3,0.7853,0.014
RNG(-0.05),5.66,3,0.7853,0.014
RNG(-0.05),5.67,3,0.7853,0.014
RNG(-0.05),5.68,3,0.7853,0.0139
RNG(-0.05),5.69,3,0.7852,0.0139
RNG(-0.05),5.7,3,0.7852,0.0139
RNG(-0.05),5.71,3,0.7852,0.0139
RNG(-0.05),5.72,3,0.7852,0.0139
RNG(-0.05),5.73,3,0.7852,0.0139
RNG(-0.05),5.74,3,0.7852,0.0139
RNG(-0.05),5.75,3,0.7852,0.0138
RNG(-0.05),5.76,3,0.7851,0.0139
RNG(-0.05),5.77,3,0.7851,0.0139
RNG(-0.05),5.78,3,0.7851,0.0139
RNG(-0.05),5.79,3,0.7851,0.0139
RNG(-0.05),5.81,3,0.7851,0.014
RNG(-0.05),5.82,3,0.7851,0.014
RNG(-0.05),5.83,3,0.7851,0.014
RNG(-0.05),5.84,3,0.785,0.014
RNG(-0.05),5.85,3,0.785,0.014
RNG(-0.05),5.86,3,0.785,0.014
RNG(-0.05),5.87,3,0.785,0.014
RNG(-0.05),5.88,3,0.785,0.0142
RNG(-0.05),5.89,3,0.785,0.0142
RNG(-0.05),5.9,3,0.785,0.0142
RNG(-0.05),5.91,3,0.785,0.0142
RNG(-0.05),5.92,3,0.785,0.0142
RNG(-0.05),5.93,3,0.7849,0.014
RNG(-0.05),5.94,3,0.7849,0.014
RNG(-0.05),5.95,3,0.7849,0.014
RNG(-0.05),5.96,3,0.7849,0.014
RNG(-0.05),5.97,3,0.7849,0.014
RNG(-0.05),5.99,3,0.7849,0.0142
RNG(-0.05),6.0,3,0.7849,0.0142
RNG(-0.05),6.02,2,0.7821,0.0362
RNG(-0.05),6.03,3,0.7849,0.0142
RNG(-0.05),6.04,3,0.7849,0.0142
RNG(-0.05),6.05,2,0.7877,0.0356
RNG(-0.05),6.06,2,0.7877,0.0356
RNG(-0.05),6.07,2,0.7877,0.0356
RNG(-0.05),6.08,3,0.7849,0.014
RNG(-0.05),6.09,3,0.7849,0.014
RNG(-0.05),6.1,3,0.7849,0.014
RNG(-0.05),6.12,1,0.7849,0.0
RNG(-0.05),6.13,3,0.7849,0.014
RNG(-0.05),6.15,3,0.7849,0.014
RNG(-0.05),6.16,2,0.7877,0.0356
RNG(-0.05),6.2,1,0.7849,0.0
RNG(-0.05),6.21,2,0.7877,0.0356
RNG(-0.05),6.22,2,0.7877,0.0356
RNG(-0.05),6.25,2,0.7877,0.0356
RNG(-0.05),6.26,2,0.7877,0.0356
RNG(-0.05),6.28,2,0.7877,0.0356
RNG(-0.05),6.31,2,0.7821,0.0362
RNG(-0.05),6.32,3,0.7849,0.014
RNG(-0.05),6.34,1,0.7849,0.0
RNG(-0.05),6.35,2,0.7877,0.0356
RNG(-0.05),6.36,3,0.7849,0.014
RNG(-0.05),6.42,3,0.7849,0.014
RNG(-0.05),6.47,2,0.7821,0.0362
RNG(-0.05),6.48,2,0.7821,0.0362
RNG(0),0.99,3,0.7703,0.0076
RNG(0),1.0,3,0.7703,0.0076
RNG(0),1.01,3,0.7712,0.0071
RNG(0),1.02,3,0.7732,0.0074
RNG(0),1.03,3,0.7768,0.0081
RNG(0),1.04,3,0.7806,0.0091
RNG(0),1.05,3,0.785,0.0089
RNG(0),1.06,3,0.789,0.0102
RNG(0),1.07,3,0.7925,0.0095
RNG(0),1.08,3,0.7958,0.0085
RNG(0),1.09,3,0.7985,0.0083
RNG(0),1.1,3,0.8004,0.008
RNG(0),1.11,3,0.8015,0.0078
RNG(0),1.12,3,0.8025,0.0078
RNG(0),1.13,3,0.8035,0.0072
RNG(0),1.14,3,0.804,0.007
RNG(0),1.15,3,0.8044,0.0071
RNG(0),1.16,3,0.8047,0.0069
RNG(0),1.17,3,0.8049,0.007
RNG(0),1.18,3,0.8049,0.0069
RNG(0),1.19,3,0.805,0.0072
RNG(0),1.2,3,0.8052,0.0073
RNG(0),1.21,3,0.8053,0.0072
RNG(0),1.22,3,0.8054,0.0071
RNG(0),1.23,3,0.8054,0.007
RNG(0),1.24,3,0.8055,0.007
RNG(0),1.25,3,0.8056,0.0072
RNG(0),1.26,3,0.8057,0.007
RNG(0),1.27,3,0.8058,0.007
RNG(0),1.28,3,0.8059,0.0073
RNG(0),1.29,3,0.806,0.0075
RNG(0),1.3,3,0.8061,0.0075
RNG(0),1.31,3,0.8062,0.0074
RNG(0),1.32,3,0.8063,0.0075
RNG(0),1.33,3,0.8064,0.0076
RNG(0),1.34,3,0.8064,0.0075
RNG(0),1.35,3,0.8065,0.0078
RNG(0),1.36,3,0.8067,0.0075
RNG(0),1.37,3,0.8067,0.0077
RNG(0),1.38,3,0.8068,0.0071
RNG(0),1.39,3,0.8069,0.0076
RNG(0),1.4,3,0.807,0.0076
RNG(0),1.41,3,0.8071,0.0077
RNG(0),1.42,3,0.8072,0.0076
RNG(0),1.43,3,0.8072,0.0072
RNG(0),1.44,3,0.8071,0.007
RNG(0),1.45,3,0.8071,0.0071
RNG(0),1.46,3,0.807,0.0071
RNG(0),1.47,3,0.807,0.0072
RNG(0),1.48,3,0.807,0.0075
RNG(0),1.49,3,0.807,0.0074
RNG(0),1.5,3,0.8069,0.0073
RNG(0),1.51,3,0.8067,0.0076
RNG(0),1.52,3,0.8066,0.0073
RNG(0),1.53,3,0.8067,0.0074
RNG(0),1.54,3,0.8067,0.0076
RNG(0),1.55,3,0.8067,0.0076
RNG(0),1.56,3,0.8067,0.0078
RNG(0),1.57,3,0.8068,0.0078
RNG(0),1.58,3,0.8068,0.0078
RNG(0),1.59,3,0.8068,0.0079
RNG(0),1.6,3,0.8067,0.008
RNG(0),1.61,3,0.8068,0.0081
RNG(0),1.62,3,0.8069,0.0085
RNG(0),1.63,3,0.8068,0.0085
RNG(0),1.64,3,0.8068,0.0087
RNG(0),1.65,3,0.8069,0.0086
RNG(0),1.66,3,0.8068,0.0086
RNG(0),1.67,3,0.8068,0.0088
RNG(0),1.68,3,0.8069,0.0089
RNG(0),1.69,3,0.8067,0.0091
RNG(0),1.7,3,0.8068,0.0089
RNG(0),1.71,3,0.8066,0.0091
RNG(0),1.72,3,0.8067,0.009
RNG(0),1.73,3,0.8068,0.0092
RNG(0),1.74,3,0.8069,0.009
RNG(0),1.75,3,0.8069,0.009
RNG(0),1.76,3,0.807,0.0092
RNG(0),1.77,3,0.807,0.0092
RNG(0),1.78,3,0.807,0.0092
RNG(0),1.79,3,0.807,0.0091
RNG(0),1.8,3,0.8071,0.0087
RNG(0),1.81,3,0.8071,0.0086
RNG(0),1.82,3,0.8072,0.0087
RNG(0),1.83,3,0.8074,0.0086
RNG(0),1.84,3,0.8073,0.0087
RNG(0),1.85,3,0.8073,0.0085
RNG(0),1.86,3,0.8074,0.0085
RNG(0),1.87,3,0.8074,0.0081
RNG(0),1.88,3,0.8074,0.008
RNG(0),1.89,3,0.8074,0.0077
RNG(0),1.9,3,0.8074,0.0079
RNG(0),1.91,3,0.8074,0.0077
RNG(0),1.92,3,0.8073,0.0074
RNG(0),1.93,3,0.8072,0.0069
RNG(0),1.94,3,0.8072,0.0068
RNG(0),1.95,3,0.8072,0.0068
RNG(0),1.96,3,0.8072,0.0068
RNG(0),1.97,3,0.8072,0.0072
RNG(0),1.98,3,0.8072,0.0073
RNG(0),1.99,3,0.8073,0.0072
RNG(0),2.0,3,0.8072,0.0073
RNG(0),2.01,3,0.8073,0.0072
RNG(0),2.02,3,0.8073,0.0072
RNG(0),2.03,3,0.8072,0.0071
RNG(0),2.04,3,0.8072,0.0072
RNG(0),2.05,3,0.8072,0.0072
RNG(0),2.06,3,0.8072,0.0076
RNG(0),2.07,3,0.8072,0.0077
RNG(0),2.08,3,0.8072,0.0076
RNG(0),2.09,3,0.8073,0.0076
RNG(0),2.1,3,0.8073,0.0075
RNG(0),2.11,3,0.8074,0.0074
RNG(0),2.12,3,0.8074,0.0075
RNG(0),2.13,3,0.8074,0.0078
RNG(0),2.14,3,0.8074,0.0079
RNG(0),2.15,3,0.8075,0.0076
RNG(0),2.16,3,0.8075,0.0076
RNG(0),2.17,3,0.8075,0.0079
RNG(0),2.18,3,0.8075,0.0078
RNG(0),2.19,3,0.8077,0.0076
RNG(0),2.2,3,0.8077,0.0077
RNG(0),2.21,3,0.8077,0.0078
RNG(0),2.22,3,0.8077,0.0076
RNG(0),2.23,3,0.8077,0.0076
RNG(0),2.24,3,0.8077,0.0076
RNG(0),2.25,3,0.8077,0.0075
RNG(0),2.26,3,0.8077,0.0073
RNG(0),2.27,3,0.8076,0.0072
RNG(0),2.28,3,0.8076,0.0071
RNG(0),2.29,3,0.8075,0.0073
RNG(0),2.3,3,0.8075,0.0073
RNG(0),2.31,3,0.8075,0.0072
RNG(0),2.32,3,0.8075,0.0075
RNG(0),2.33,3,0.8075,0.0076
RNG(0),2.34,3,0.8075,0.0075
RNG(0),2.35,3,0.8075,0.0075
RNG(0),2.36,3,0.8074,0.0075
RNG(0),2.37,3,0.8074,0.0077
RNG(0),2.38,3,0.8076,0.0084
RNG(0),2.39,3,0.8075,0.0084
RNG(0),2.4,3,0.8075,0.0081
RNG(0),2.41,3,0.8074,0.0082
RNG(0),2.42,3,0.8074,0.0082
RNG(0),2.43,3,0.8074,0.0081
RNG(0),2.44,3,0.8074,0.0084
RNG(0),2.45,3,0.8074,0.0084
RNG(0),2.46,3,0.8073,0.0086
RNG(0),2.47,3,0.8072,0.0087
RNG(0),2.48,3,0.8072,0.0087
RNG(0),2.49,3,0.8071,0.0086
RNG(0),2.5,3,0.8071,0.0086
RNG(0),2.51,3,0.8072,0.0085
RNG(0),2.52,3,0.8071,0.0086
RNG(0),2.53,3,0.8071,0.0086
RNG(0),2.54,3,0.8071,0.0087
RNG(0),2.55,3,0.8071,0.0087
RNG(0),2.56,3,0.807,0.0087
RNG(0),2.57,3,0.807,0.0087
RNG(0),2.58,3,0.807,0.0087
RNG(0),2.59,3,0.807,0.0087
RNG(0),2.6,3,0.807,0.0087
RNG(0),2.61,3,0.807,0.0086
RNG(0),2.62,3,0.8068,0.0086
RNG(0),2.63,3,0.8068,0.0088
RNG(0),2.64,3,0.8067,0.0088
RNG(0),2.65,3,0.8067,0.0088
RNG(0),2.66,3,0.8067,0.0086
RNG(0),2.67,3,0.8067,0.0086
RNG(0),2.68,3,0.8066,0.0087
RNG(0),2.69,3,0.8066,0.0086
RNG(0),2.7,3,0.8066,0.0085
RNG(0),2.71,3,0.8066,0.0085
RNG(0),2.72,3,0.8066,0.0084
RNG(0),2.73,3,0.8066,0.0085
RNG(0),2.74,3,0.8065,0.0085
RNG(0),2.75,3,0.8065,0.0085
RNG(0),2.76,3,0.8064,0.0082
RNG(0),2.77,3,0.8066,0.0085
RNG(0),2.78,3,0.8065,0.0085
RNG(0),2.79,3,0.8064,0.0084
RNG(0),2.8,3,0.8063,0.0083
RNG(0),2.81,3,0.8063,0.0084
RNG(0),2.82,3,0.8063,0.0083
RNG(0),2.83,3,0.8062,0.0081
RNG(0),2.84,3,0.806,0.0082
RNG(0),2.85,3,0.8059,0.0082
RNG(0),2.86,3,0.8058,0.008
RNG(0),2.87,3,0.8058,0.008
RNG(0),2.88,3,0.8058,0.0084
RNG(0),2.89,3,0.8057,0.0083
RNG(0),2.9,3,0.8057,0.0086
RNG(0),2.91,3,0.8057,0.0086
RNG(0),2.92,3,0.8057,0.0086
RNG(0),2.93,3,0.8057,0.0086
RNG(0),2.94,3,0.8057,0.0085
RNG(0),2.95,3,0.8057,0.0086
RNG(0),2.96,3,0.8057,0.0086
RNG(0),2.97,3,0.8057,0.0087
RNG(0),2.98,3,0.8056,0.0086
RNG(0),2.99,3,0.8056,0.0086
RNG(0),3.0,3,0.8055,0.0087
RNG(0),3.01,3,0.8055,0.0086
RNG(0),3.02,3,0.8055,0.0086
RNG(0),3.03,3,0.8055,0.0086
RNG(0),3.04,3,0.8054,0.0086
RNG(0),3.05,3,0.8053,0.0085
RNG(0),3.06,3,0.8053,0.0084
RNG(0),3.07,3,0.8053,0.0084
RNG(0),3.08,3,0.8053,0.0084
RNG(0),3.09,3,0.8053,0.0086
RNG(0),3.1,3,0.8052,0.0087
RNG(0),3.11,3,0.8052,0.0089
RNG(0),3.12,3,0.8052,0.0088
RNG(0),3.13,3,0.8052,0.0088
RNG(0),3.14,3,0.8051,0.0087
RNG(0),3.15,3,0.8051,0.0088
RNG(0),3.16,3,0.8051,0.0088
RNG(0),3.17,3,0.8051,0.0088
RNG(0),3.18,3,0.805,0.0087
RNG(0),3.19,3,0.805,0.0088
RNG(0),3.2,3,0.805,0.0086
RNG(0),3.21,3,0.8049,0.0087
RNG(0),3.22,3,0.8049,0.0086
RNG(0),3.23,3,0.8049,0.0086
RNG(0),3.24,3,0.8049,0.0086
RNG(0),3.25,3,0.805,0.0087
RNG(0),3.26,3,0.805,0.0087
RNG(0),3.27,3,0.805,0.0087
RNG(0),3.28,3,0.8049,0.0086
RNG(0),3.29,3,0.8049,0.0087
RNG(0),3.3,3,0.8049,0.0087
RNG(0),3.31,3,0.8049,0.0087
RNG(0),3.32,3,0.8049,0.0088
RNG(0),3.33,3,0.8049,0.0088
RNG(0),3.34,3,0.8049,0.0086
RNG(0),3.35,3,0.8049,0.0086
RNG(0),3.36,3,0.8048,0.0087
RNG(0),3.37,3,0.8048,0.0087
RNG(0),3.38,3,0.8048,0.0086
RNG(0),3.39,3,0.8047,0.0083
RNG(0),3.4,3,0.8046,0.0084
RNG(0),3.41,3,0.8046,0.0085
RNG(0),3.42,3,0.8046,0.0084
RNG(0),3.43,3,0.8046,0.0083
RNG(0),3.44,3,0.8046,0.0084
RNG(0),3.45,3,0.8046,0.0085
RNG(0),3.46,3,0.8047,0.0086
RNG(0),3.47,3,0.8047,0.0082
RNG(0),3.48,3,0.8047,0.0083
RNG(0),3.49,3,0.8047,0.0082
RNG(0),3.5,3,0.8047,0.0084
RNG(0),3.51,3,0.8047,0.0085
RNG(0),3.52,3,0.8048,0.0088
RNG(0),3.53,3,0.8048,0.0088
RNG(0),3.54,3,0.8048,0.0087
RNG(0),3.55,3,0.8047,0.0085
RNG(0),3.56,3,0.8047,0.0087
RNG(0),3.57,3,0.8046,0.009
RNG(0),3.58,3,0.8046,0.0089
RNG(0),3.59,3,0.8043,0.0092
RNG(0),3.6,3,0.8043,0.0095
RNG(0),3.61,3,0.8042,0.0097
RNG(0),3.62,3,0.8043,0.0097
RNG(0),3.63,3,0.8041,0.0095
RNG(0),3.64,3,0.8042,0.0093
RNG(0),3.65,3,0.804,0.0093
RNG(0),3.66,3,0.8039,0.0094
RNG(0),3.67,3,0.8039,0.0101
RNG(0),3.68,3,0.8038,0.0099
RNG(0),3.69,3,0.8037,0.01
RNG(0),3.7,3,0.8037,0.01
RNG(0),3.71,3,0.8036,0.0101
RNG(0),3.72,3,0.8036,0.0101
RNG(0),3.73,3,0.8036,0.0098
RNG(0),3.74,3,0.8036,0.0097
RNG(0),3.75,3,0.8035,0.0098
RNG(0),3.76,3,0.8033,0.0095
RNG(0),3.77,3,0.8032,0.0097
RNG(0),3.78,3,0.8031,0.0095
RNG(0),3.79,3,0.8031,0.0095
RNG(0),3.8,3,0.8031,0.0095
RNG(0),3.81,3,0.8032,0.0097
RNG(0),3.82,3,0.8031,0.0095
RNG(0),3.83,3,0.8031,0.0096
RNG(0),3.84,3,0.803,0.0096
RNG(0),3.85,3,0.803,0.0096
RNG(0),3.86,3,0.8028,0.0096
RNG(0),3.87,3,0.8027,0.0096
RNG(0),3.88,3,0.8026,0.0096
RNG(0),3.89,3,0.8026,0.0096
RNG(0),3.9,3,0.8026,0.0096
RNG(0),3.91,3,0.8026,0.0099
RNG(0),3.92,3,0.8025,0.0099
RNG(0),3.93,3,0.8025,0.0099
RNG(0),3.94,3,0.8025,0.0099
RNG(0),3.95,3,0.8025,0.0097
RNG(0),3.96,3,0.8024,0.0098
RNG(0),3.97,3,0.8024,0.0099
RNG(0),3.98,3,0.8023,0.0099
RNG(0),3.99,3,0.8023,0.0101
RNG(0),4.0,3,0.8022,0.0098
RNG(0),4.01,3,0.8021,0.0102
RNG(0),4.02,3,0.802,0.0106
RNG(0),4.03,3,0.802,0.0107
RNG(0),4.04,3,0.8019,0.0108
RNG(0),4.05,3,0.8018,0.0107
RNG(0),4.06,3,0.8018,0.0105
RNG(0),4.07,3,0.8018,0.0105
RNG(0),4.08,3,0.8016,0.0106
RNG(0),4.09,3,0.8016,0.0107
RNG(0),4.1,3,0.8015,0.0107
RNG(0),4.11,3,0.8015,0.011
RNG(0),4.12,3,0.8015,0.011
RNG(0),4.13,3,0.8015,0.0111
RNG(0),4.14,3,0.8015,0.0112
RNG(0),4.15,3,0.8014,0.0113
RNG(0),4.16,3,0.8013,0.0111
RNG(0),4.17,3,0.8013,0.0111
RNG(0),4.18,3,0.8012,0.011
RNG(0),4.19,3,0.8011,0.011
RNG(0),4.2,3,0.801,0.011
RNG(0),4.21,3,0.801,0.0111
RNG(0),4.22,3,0.8009,0.011
RNG(0),4.23,3,0.8009,0.0113
RNG(0),4.24,3,0.8008,0.0113
RNG(0),4.25,3,0.8007,0.0113
RNG(0),4.26,3,0.8006,0.0114
RNG(0),4.27,3,0.8006,0.0114
RNG(0),4.28,3,0.8006,0.0113
RNG(0),4.29,3,0.8006,0.0115
RNG(0),4.3,3,0.8005,0.0112
RNG(0),4.31,3,0.8003,0.0118
RNG(0),4.32,3,0.8002,0.0116
RNG(0),4.33,3,0.8001,0.0118
RNG(0),4.34,3,0.8001,0.0117
RNG(0),4.35,3,0.8001,0.0117
RNG(0),4.36,3,0.8,0.0115
RNG(0),4.37,3,0.8,0.0115
RNG(0),4.38,3,0.7999,0.0115
RNG(0),4.39,3,0.7999,0.0115
RNG(0),4.4,3,0.7998,0.0115
RNG(0),4.41,3,0.7999,0.0116
RNG(0),4.42,3,0.7999,0.0113
RNG(0),4.43,3,0.7999,0.0117
RNG(0),4.44,3,0.7998,0.0118
RNG(0),4.45,3,0.7997,0.0116
RNG(0),4.46,3,0.7997,0.0115
RNG(0),4.47,3,0.7997,0.0115
RNG(0),4.48,3,0.7996,0.0113
RNG(0),4.49,3,0.7995,0.0111
RNG(0),4.5,3,0.7994,0.0112
RNG(0),4.51,3,0.7993,0.011
RNG(0),4.52,3,0.7993,0.0113
RNG(0),4.53,3,0.7993,0.0112
RNG(0),4.54,3,0.7992,0.0109
RNG(0),4.55,3,0.7991,0.011
RNG(0),4.56,3,0.799,0.0108
RNG(0),4.57,3,0.7989,0.011
RNG(0),4.58,3,0.7989,0.0111
RNG(0),4.59,3,0.7989,0.0111
RNG(0),4.6,3,0.7988,0.0111
RNG(0),4.61,3,0.7988,0.0113
RNG(0),4.62,3,0.7987,0.0112
RNG(0),4.63,3,0.7986,0.0112
RNG(0),4.64,3,0.7986,0.0114
RNG(0),4.65,3,0.7985,0.0115
RNG(0),4.66,3,0.7985,0.0119
RNG(0),4.67,3,0.7984,0.0121
RNG(0),4.68,3,0.7983,0.0124
RNG(0),4.69,3,0.7984,0.0123
RNG(0),4.7,3,0.7983,0.0123
RNG(0),4.71,3,0.7983,0.0123
RNG(0),4.72,3,0.7982,0.0123
RNG(0),4.73,3,0.7981,0.0123
RNG(0),4.74,3,0.7981,0.0124
RNG(0),4.75,3,0.7981,0.0124
RNG(0),4.76,3,0.7981,0.0124
RNG(0),4.77,3,0.7981,0.0124
RNG(0),4.78,3,0.7981,0.0124
RNG(0),4.79,3,0.798,0.0123
RNG(0),4.8,3,0.7979,0.0123
RNG(0),4.81,3,0.7979,0.0121
RNG(0),4.82,3,0.7978,0.0122
RNG(0),4.83,3,0.7978,0.0121
RNG(0),4.84,3,0.7977,0.0123
RNG(0),4.85,3,0.7976,0.0123
RNG(0),4.86,3,0.7975,0.0123
RNG(0),4.87,3,0.7974,0.012
RNG(0),4.88,3,0.7972,0.0117
RNG(0),4.89,3,0.7972,0.0118
RNG(0),4.9,3,0.7972,0.0118
RNG(0),4.91,3,0.7971,0.0118
RNG(0),4.92,3,0.7971,0.0117
RNG(0),4.93,3,0.7971,0.0117
RNG(0),4.94,3,0.797,0.0115
RNG(0),4.95,3,0.797,0.0114
RNG(0),4.96,3,0.7969,0.0113
RNG(0),4.97,3,0.7968,0.0112
RNG(0),4.98,3,0.7968,0.0111
RNG(0),4.99,3,0.7968,0.011
RNG(0),5.0,3,0.7969,0.0115
RNG(0),5.01,3,0.7968,0.0113
RNG(0),5.02,3,0.7968,0.0113
RNG(0),5.03,3,0.7968,0.0113
RNG(0),5.04,3,0.7968,0.0113
RNG(0),5.05,3,0.7965,0.0114
RNG(0),5.06,3,0.7965,0.0113
RNG(0),5.07,3,0.7965,0.0114
RNG(0),5.08,3,0.7964,0.0114
RNG(0),5.09,3,0.7964,0.0114
RNG(0),5.1,3,0.7963,0.0115
RNG(0),5.11,3,0.7962,0.0116
RNG(0),5.12,3,0.7961,0.0116
RNG(0),5.13,3,0.7959,0.0115
RNG(0),5.14,3,0.7958,0.0115
RNG(0),5.15,3,0.7958,0.0116
RNG(0),5.16,3,0.7958,0.0116
RNG(0),5.17,3,0.7957,0.0116
RNG(0),5.18,3,0.7956,0.0119
RNG(0),5.19,3,0.7956,0.0116
RNG(0),5.2,3,0.7955,0.0119
RNG(0),5.21,3,0.7955,0.0119
RNG(0),5.22,3,0.7955,0.0115
RNG(0),5.23,3,0.7955,0.0115
RNG(0),5.24,3,0.7953,0.0119
RNG(0),5.25,3,0.795,0.0125
RNG(0),5.26,3,0.795,0.0125
RNG(0),5.27,3,0.7949,0.0123
RNG(0),5.28,3,0.7949,0.0122
RNG(0),5.29,3,0.7948,0.0123
RNG(0),5.3,3,0.7948,0.0122
RNG(0),5.31,3,0.7947,0.0123
RNG(0),5.32,3,0.7947,0.0123
RNG(0),5.33,3,0.7947,0.0123
RNG(0),5.34,3,0.7947,0.0123
RNG(0),5.35,3,0.7946,0.0123
RNG(0),5.36,3,0.7946,0.0123
RNG(0),5.37,3,0.7945,0.0123
RNG(0),5.38,3,0.7945,0.0123
RNG(0),5.39,3,0.7945,0.0123
RNG(0),5.4,3,0.7944,0.0122
RNG(0),5.41,3,0.7944,0.0122
RNG(0),5.42,3,0.7944,0.0122
RNG(0),5.43,3,0.7944,0.012
RNG(0),5.44,3,0.7944,0.012
RNG(0),5.45,3,0.7944,0.012
RNG(0),5.46,3,0.7944,0.0122
RNG(0),5.47,3,0.7944,0.012
RNG(0),5.48,3,0.7944,0.012
RNG(0),5.49,3,0.7943,0.012
RNG(0),5.5,3,0.7943,0.012
RNG(0),5.51,3,0.7943,0.0119
RNG(0),5.52,3,0.7943,0.0119
RNG(0),5.53,3,0.7943,0.0119
RNG(0),5.54,3,0.7943,0.0119
RNG(0),5.55,3,0.7943,0.0119
RNG(0),5.56,3,0.7943,0.0119
RNG(0),5.57,3,0.7942,0.0118
RNG(0),5.58,3,0.7942,0.0118
RNG(0),5.59,3,0.7942,0.0118
RNG(0),5.6,3,0.7942,0.0119
RNG(0),5.61,3,0.7942,0.0119
RNG(0),5.62,3,0.7942,0.0118
RNG(0),5.63,3,0.7942,0.0116
RNG(0),5.64,3,0.7942,0.0116
RNG(0),5.65,3,0.7942,0.0118
RNG(0),5.66,3,0.7942,0.0118
RNG(0),5.67,3,0.7942,0.0118
RNG(0),5.68,3,0.7942,0.0118
RNG(0),5.69,3,0.7942,0.0118
RNG(0),5.7,3,0.7942,0.0118
RNG(0),5.71,3,0.7942,0.0118
RNG(0),5.72,3,0.7942,0.0118
RNG(0),5.73,3,0.7942,0.0118
RNG(0),5.74,3,0.7941,0.0118
RNG(0),5.75,3,0.7941,0.0116
RNG(0),5.76,3,0.7941,0.0116
RNG(0),5.77,3,0.7941,0.0116
RNG(0),5.78,3,0.7941,0.0116
RNG(0),5.79,3,0.7941,0.0116
RNG(0),5.81,3,0.7941,0.0118
RNG(0),5.82,3,0.7941,0.0118
RNG(0),5.83,3,0.794,0.0119
RNG(0),5.84,3,0.794,0.0119
RNG(0),5.85,3,0.794,0.0119
RNG(0),5.86,3,0.794,0.0119
RNG(0),5.87,3,0.794,0.0119
RNG(0),5.88,3,0.794,0.012
RNG(0),5.89,3,0.7941,0.0116
RNG(0),5.9,3,0.7941,0.0116
RNG(0),5.91,3,0.7941,0.0116
RNG(0),5.92,3,0.7941,0.0116
RNG(0),5.93,3,0.794,0.0115
RNG(0),5.94,3,0.794,0.0115
RNG(0),5.95,3,0.794,0.0114
RNG(0),5.96,3,0.794,0.0114
RNG(0),5.97,3,0.794,0.0114
RNG(0),5.99,3,0.794,0.0114
RNG(0),6.0,3,0.794,0.0114
RNG(0),6.02,2,0.7919,0.0356
RNG(0),6.03,3,0.794,0.0114
RNG(0),6.04,3,0.794,0.0114
RNG(0),6.05,2,0.7964,0.0222
RNG(0),6.06,2,0.7964,0.0222
RNG(0),6.07,2,0.7964,0.0222
RNG(0),6.08,3,0.794,0.0114
RNG(0),6.09,3,0.794,0.0114
RNG(0),6.1,3,0.794,0.0114
RNG(0),6.12,1,0.7947,0.0
RNG(0),6.13,3,0.794,0.0114
RNG(0),6.15,3,0.794,0.0114
RNG(0),6.16,2,0.7964,0.0222
RNG(0),6.2,1,0.7947,0.0
RNG(0),6.21,2,0.7964,0.0222
RNG(0),6.22,2,0.7964,0.0222
RNG(0),6.25,2,0.7964,0.0222
RNG(0),6.26,2,0.7964,0.0222
RNG(0),6.28,2,0.7964,0.0222
RNG(0),6.31,2,0.7919,0.0356
RNG(0),6.32,3,0.794,0.0114
RNG(0),6.34,1,0.7947,0.0
RNG(0),6.35,2,0.7964,0.0222
RNG(0),6.36,3,0.794,0.0114
RNG(0),6.42,3,0.794,0.0114
RNG(0),6.47,2,0.7918,0.0362
RNG(0),6.48,2,0.7918,0.0362
RNG(0.05),0.99,3,0.7703,0.0076
RNG(0.05),1.0,3,0.7703,0.0076
RNG(0.05),1.01,3,0.7711,0.0073
RNG(0.05),1.02,3,0.7731,0.0076
RNG(0.05),1.03,3,0.7766,0.0081
RNG(0.05),1.04,3,0.7803,0.0091
RNG(0.05),1.05,3,0.7847,0.0091
RNG(0.05),1.06,3,0.7884,0.0104
RNG(0.05),1.07,3,0.7921,0.0098
RNG(0.05),1.08,3,0.7952,0.009
RNG(0.05),1.09,3,0.7979,0.0094
RNG(0.05),1.1,3,0.7997,0.0089
RNG(0.05),1.11,3,0.8008,0.0089
RNG(0.05),1.12,3,0.8018,0.0089
RNG(0.05),1.13,3,0.8028,0.0082
RNG(0.05),1.14,3,0.8033,0.0082
RNG(0.05),1.15,3,0.8038,0.0083
RNG(0.05),1.16,3,0.804,0.008
RNG(0.05),1.17,3,0.8042,0.008
RNG(0.05),1.18,3,0.8044,0.0079
RNG(0.05),1.19,3,0.8044,0.0081
RNG(0.05),1.2,3,0.8046,0.0082
RNG(0.05),1.21,3,0.8047,0.0082
RNG(0.05),1.22,3,0.8048,0.0082
RNG(0.05),1.23,3,0.8048,0.0083
RNG(0.05),1.24,3,0.8049,0.0083
RNG(0.05),1.25,3,0.805,0.0083
RNG(0.05),1.26,3,0.8052,0.0084
RNG(0.05),1.27,3,0.8052,0.0084
RNG(0.05),1.28,3,0.8054,0.0087
RNG(0.05),1.29,3,0.8055,0.0087
RNG(0.05),1.3,3,0.8056,0.0085
RNG(0.05),1.31,3,0.8058,0.0085
RNG(0.05),1.32,3,0.8059,0.0085
RNG(0.05),1.33,3,0.806,0.0085
RNG(0.05),1.34,3,0.806,0.0085
RNG(0.05),1.35,3,0.8062,0.0087
RNG(0.05),1.36,3,0.8063,0.0085
RNG(0.05),1.37,3,0.8064,0.0087
RNG(0.05),1.38,3,0.8065,0.0083
RNG(0.05),1.39,3,0.8066,0.0086
RNG(0.05),1.4,3,0.8068,0.0084
RNG(0.05),1.41,3,0.8068,0.0085
RNG(0.05),1.42,3,0.8069,0.0085
RNG(0.05),1.43,3,0.8069,0.008
RNG(0.05),1.44,3,0.8069,0.0079
RNG(0.05),1.45,3,0.8069,0.008
RNG(0.05),1.46,3,0.807,0.008
RNG(0.05),1.47,3,0.807,0.008
RNG(0.05),1.48,3,0.8069,0.0081
RNG(0.05),1.49,3,0.807,0.0079
RNG(0.05),1.5,3,0.8069,0.0078
RNG(0.05),1.51,3,0.8069,0.008
RNG(0.05),1.52,3,0.8068,0.0079
RNG(0.05),1.53,3,0.8069,0.008
RNG(0.05),1.54,3,0.8069,0.0083
RNG(0.05),1.55,3,0.8069,0.0081
RNG(0.05),1.56,3,0.807,0.0083
RNG(0.05),1.57,3,0.807,0.0083
RNG(0.05),1.58,3,0.8071,0.0084
RNG(0.05),1.59,3,0.8071,0.0085
RNG(0.05),1.6,3,0.8072,0.0084
RNG(0.05),1.61,3,0.8073,0.0086
RNG(0.05),1.62,3,0.8074,0.0088
RNG(0.05),1.63,3,0.8074,0.0091
RNG(0.05),1.64,3,0.8074,0.0094
RNG(0.05),1.65,3,0.8075,0.0091
RNG(0.05),1.66,3,0.8076,0.0093
RNG(0.05),1.67,3,0.8076,0.0094
RNG(0.05),1.68,3,0.8077,0.0096
RNG(0.05),1.69,3,0.8076,0.0097
RNG(0.05),1.7,3,0.8077,0.0095
RNG(0.05),1.71,3,0.8076,0.0098
RNG(0.05),1.72,3,0.8076,0.0095
RNG(0.05),1.73,3,0.8077,0.0096
RNG(0.05),1.74,3,0.8078,0.0095
RNG(0.05),1.75,3,0.8079,0.0095
RNG(0.05),1.76,3,0.808,0.0095
RNG(0.05),1.77,3,0.8081,0.0097
RNG(0.05),1.78,3,0.8082,0.0095
RNG(0.05),1.79,3,0.8082,0.0094
RNG(0.05),1.8,3,0.8084,0.009
RNG(0.05),1.81,3,0.8084,0.009
RNG(0.05),1.82,3,0.8085,0.0091
RNG(0.05),1.83,3,0.8086,0.0089
RNG(0.05),1.84,3,0.8086,0.0089
RNG(0.05),1.85,3,0.8087,0.0089
RNG(0.05),1.86,3,0.8088,0.0088
RNG(0.05),1.87,3,0.8088,0.0084
RNG(0.05),1.88,3,0.8088,0.0083
RNG(0.05),1.89,3,0.8089,0.0081
RNG(0.05),1.9,3,0.8089,0.0083
RNG(0.05),1.91,3,0.8089,0.0082
RNG(0.05),1.92,3,0.8088,0.008
RNG(0.05),1.93,3,0.8088,0.0077
RNG(0.05),1.94,3,0.8089,0.0077
RNG(0.05),1.95,3,0.8089,0.0077
RNG(0.05),1.96,3,0.8089,0.0077
RNG(0.05),1.97,3,0.8089,0.008
RNG(0.05),1.98,3,0.809,0.0079
RNG(0.05),1.99,3,0.809,0.0078
RNG(0.05),2.0,3,0.809,0.0078
RNG(0.05),2.01,3,0.8091,0.0077
RNG(0.05),2.02,3,0.8091,0.0076
RNG(0.05),2.03,3,0.8091,0.0077
RNG(0.05),2.04,3,0.8091,0.0077
RNG(0.05),2.05,3,0.8091,0.0076
RNG(0.05),2.06,3,0.8091,0.0078
RNG(0.05),2.07,3,0.8092,0.0079
RNG(0.05),2.08,3,0.8092,0.0079
RNG(0.05),2.09,3,0.8093,0.008
RNG(0.05),2.1,3,0.8094,0.008
RNG(0.05),2.11,3,0.8094,0.008
RNG(0.05),2.12,3,0.8095,0.0081
RNG(0.05),2.13,3,0.8095,0.0082
RNG(0.05),2.14,3,0.8095,0.0082
RNG(0.05),2.15,3,0.8096,0.008
RNG(0.05),2.16,3,0.8096,0.0082
RNG(0.05),2.17,3,0.8096,0.0082
RNG(0.05),2.18,3,0.8097,0.0082
RNG(0.05),2.19,3,0.8098,0.0082
RNG(0.05),2.2,3,0.8099,0.0082
RNG(0.05),2.21,3,0.81,0.0081
RNG(0.05),2.22,3,0.81,0.0079
RNG(0.05),2.23,3,0.81,0.0079
RNG(0.05),2.24,3,0.81,0.0079
RNG(0.05),2.25,3,0.81,0.0079
RNG(0.05),2.26,3,0.81,0.0079
RNG(0.05),2.27,3,0.81,0.0078
RNG(0.05),2.28,3,0.81,0.0077
RNG(0.05),2.29,3,0.81,0.0077
RNG(0.05),2.3,3,0.81,0.0077
RNG(0.05),2.31,3,0.81,0.0079
RNG(0.05),2.32,3,0.81,0.0079
RNG(0.05),2.33,3,0.81,0.008
RNG(0.05),2.34,3,0.8101,0.0079
RNG(0.05),2.35,3,0.8101,0.0077
RNG(0.05),2.36,3,0.8101,0.0079
RNG(0.05),2.37,3,0.81,0.008
RNG(0.05),2.38,3,0.8103,0.0085
RNG(0.05),2.39,3,0.8102,0.0086
RNG(0.05),2.4,3,0.8102,0.0084
RNG(0.05),2.41,3,0.8102,0.0085
RNG(0.05),2.42,3,0.8102,0.0085
RNG(0.05),2.43,3,0.8102,0.0085
RNG(0.05),2.44,3,0.8101,0.0087
RNG(0.05),2.45,3,0.8102,0.0088
RNG(0.05),2.46,3,0.8101,0.0089
RNG(0.05),2.47,3,0.8102,0.009
RNG(0.05),2.48,3,0.8102,0.009
RNG(0.05),2.49,3,0.8102,0.009
RNG(0.05),2.5,3,0.8102,0.009
RNG(0.05),2.51,3,0.8102,0.009
RNG(0.05),2.52,3,0.8102,0.009
RNG(0.05),2.53,3,0.8102,0.0089
RNG(0.05),2.54,3,0.8102,0.0088
RNG(0.05),2.55,3,0.8102,0.0089
RNG(0.05),2.56,3,0.8103,0.009
RNG(0.05),2.57,3,0.8103,0.0088
RNG(0.05),2.58,3,0.8103,0.0089
RNG(0.05),2.59,3,0.8103,0.0088
RNG(0.05),2.6,3,0.8103,0.0086
RNG(0.05),2.61,3,0.8103,0.0088
RNG(0.05),2.62,3,0.8103,0.0088
RNG(0.05),2.63,3,0.8103,0.009
RNG(0.05),2.64,3,0.8103,0.009
RNG(0.05),2.65,3,0.8103,0.009
RNG(0.05),2.66,3,0.8102,0.0089
RNG(0.05),2.67,3,0.8103,0.0091
RNG(0.05),2.68,3,0.8102,0.0091
RNG(0.05),2.69,3,0.8103,0.0092
RNG(0.05),2.7,3,0.8103,0.0092
RNG(0.05),2.71,3,0.8103,0.0089
RNG(0.05),2.72,3,0.8104,0.009
RNG(0.05),2.73,3,0.8103,0.0089
RNG(0.05),2.74,3,0.8102,0.0089
RNG(0.05),2.75,3,0.8103,0.0088
RNG(0.05),2.76,3,0.8102,0.0086
RNG(0.05),2.77,3,0.8104,0.0091
RNG(0.05),2.78,3,0.8104,0.0093
RNG(0.05),2.79,3,0.8104,0.009
RNG(0.05),2.8,3,0.8104,0.0092
RNG(0.05),2.81,3,0.8103,0.0091
RNG(0.05),2.82,3,0.8103,0.009
RNG(0.05),2.83,3,0.8102,0.0089
RNG(0.05),2.84,3,0.8102,0.0089
RNG(0.05),2.85,3,0.8102,0.009
RNG(0.05),2.86,3,0.8102,0.0088
RNG(0.05),2.87,3,0.8103,0.0087
RNG(0.05),2.88,3,0.8103,0.0089
RNG(0.05),2.89,3,0.8103,0.0087
RNG(0.05),2.9,3,0.8103,0.0091
RNG(0.05),2.91,3,0.8103,0.0093
RNG(0.05),2.92,3,0.8103,0.0093
RNG(0.05),2.93,3,0.8103,0.0092
RNG(0.05),2.94,3,0.8103,0.0091
RNG(0.05),2.95,3,0.8105,0.0092
RNG(0.05),2.96,3,0.8104,0.0091
RNG(0.05),2.97,3,0.8105,0.0093
RNG(0.05),2.98,3,0.8103,0.0091
RNG(0.05),2.99,3,0.8103,0.009
RNG(0.05),3.0,3,0.8103,0.0092
RNG(0.05),3.01,3,0.8103,0.0092
RNG(0.05),3.02,3,0.8103,0.009
RNG(0.05),3.03,3,0.8103,0.009
RNG(0.05),3.04,3,0.8103,0.009
RNG(0.05),3.05,3,0.8102,0.0089
RNG(0.05),3.06,3,0.8103,0.009
RNG(0.05),3.07,3,0.8102,0.0088
RNG(0.05),3.08,3,0.8102,0.0088
RNG(0.05),3.09,3,0.8102,0.0089
RNG(0.05),3.1,3,0.8102,0.0088
RNG(0.05),3.11,3,0.8102,0.009
RNG(0.05),3.12,3,0.8102,0.0088
RNG(0.05),3.13,3,0.8102,0.0088
RNG(0.05),3.14,3,0.8101,0.0088
RNG(0.05),3.15,3,0.8101,0.0088
RNG(0.05),3.16,3,0.8101,0.0088
RNG(0.05),3.17,3,0.8101,0.0088
RNG(0.05),3.18,3,0.81,0.0086
RNG(0.05),3.19,3,0.8101,0.0088
RNG(0.05),3.2,3,0.81,0.0086
RNG(0.05),3.21,3,0.81,0.0086
RNG(0.05),3.22,3,0.81,0.0086
RNG(0.05),3.23,3,0.8101,0.0086
RNG(0.05),3.24,3,0.8101,0.0086
RNG(0.05),3.25,3,0.8101,0.0087
RNG(0.05),3.26,3,0.8101,0.0087
RNG(0.05),3.27,3,0.8102,0.0088
RNG(0.05),3.28,3,0.8101,0.0087
RNG(0.05),3.29,3,0.8101,0.0087
RNG(0.05),3.3,3,0.8101,0.0085
RNG(0.05),3.31,3,0.8102,0.0086
RNG(0.05),3.32,3,0.8101,0.0087
RNG(0.05),3.33,3,0.8102,0.0086
RNG(0.05),3.34,3,0.8102,0.0087
RNG(0.05),3.35,3,0.8102,0.0086
RNG(0.05),3.36,3,0.81,0.0088
RNG(0.05),3.37,3,0.81,0.0088
RNG(0.05),3.38,3,0.81,0.0087
RNG(0.05),3.39,3,0.81,0.0086
RNG(0.05),3.4,3,0.81,0.0086
RNG(0.05),3.41,3,0.81,0.0087
RNG(0.05),3.42,3,0.81,0.0086
RNG(0.05),3.43,3,0.81,0.0085
RNG(0.05),3.44,3,0.81,0.0086
RNG(0.05),3.45,3,0.8101,0.0086
RNG(0.05),3.46,3,0.8102,0.0088
RNG(0.05),3.47,3,0.8102,0.0085
RNG(0.05),3.48,3,0.8102,0.0086
RNG(0.05),3.49,3,0.8102,0.0085
RNG(0.05),3.5,3,0.8103,0.0086
RNG(0.05),3.51,3,0.8103,0.0088
RNG(0.05),3.52,3,0.8103,0.0091
RNG(0.05),3.53,3,0.8104,0.0089
RNG(0.05),3.54,3,0.8104,0.0089
RNG(0.05),3.55,3,0.8103,0.0088
RNG(0.05),3.56,3,0.8103,0.0088
RNG(0.05),3.57,3,0.8103,0.009
RNG(0.05),3.58,3,0.8102,0.0089
RNG(0.05),3.59,3,0.81,0.0091
RNG(0.05),3.6,3,0.81,0.0093
RNG(0.05),3.61,3,0.81,0.0092
RNG(0.05),3.62,3,0.81,0.0092
RNG(0.05),3.63,3,0.81,0.0091
RNG(0.05),3.64,3,0.81,0.0091
RNG(0.05),3.65,3,0.81,0.0091
RNG(0.05),3.66,3,0.8099,0.0092
RNG(0.05),3.67,3,0.81,0.0097
RNG(0.05),3.68,3,0.8099,0.0097
RNG(0.05),3.69,3,0.8099,0.0096
RNG(0.05),3.7,3,0.8099,0.0096
RNG(0.05),3.71,3,0.8098,0.0097
RNG(0.05),3.72,3,0.8098,0.0096
RNG(0.05),3.73,3,0.8098,0.0094
RNG(0.05),3.74,3,0.8097,0.0093
RNG(0.05),3.75,3,0.8097,0.0093
RNG(0.05),3.76,3,0.8096,0.0093
RNG(0.05),3.77,3,0.8095,0.0092
RNG(0.05),3.78,3,0.8095,0.0091
RNG(0.05),3.79,3,0.8095,0.0091
RNG(0.05),3.8,3,0.8095,0.0091
RNG(0.05),3.81,3,0.8096,0.0092
RNG(0.05),3.82,3,0.8095,0.0092
RNG(0.05),3.83,3,0.8095,0.0093
RNG(0.05),3.84,3,0.8094,0.0092
RNG(0.05),3.85,3,0.8094,0.0092
RNG(0.05),3.86,3,0.8093,0.0092
RNG(0.05),3.87,3,0.8094,0.0091
RNG(0.05),3.88,3,0.8093,0.0091
RNG(0.05),3.89,3,0.8093,0.0091
RNG(0.05),3.9,3,0.8093,0.0091
RNG(0.05),3.91,3,0.8093,0.0091
RNG(0.05),3.92,3,0.8093,0.0091
RNG(0.05),3.93,3,0.8092,0.0091
RNG(0.05),3.94,3,0.8092,0.0091
RNG(0.05),3.95,3,0.8092,0.009
RNG(0.05),3.96,3,0.8092,0.009
RNG(0.05),3.97,3,0.8092,0.009
RNG(0.05),3.98,3,0.8091,0.009
RNG(0.05),3.99,3,0.809,0.009
RNG(0.05),4.0,3,0.809,0.0088
RNG(0.05),4.01,3,0.809,0.0091
RNG(0.05),4.02,3,0.809,0.0093
RNG(0.05),4.03,3,0.809,0.0095
RNG(0.05),4.04,3,0.809,0.0095
RNG(0.05),4.05,3,0.8089,0.0094
RNG(0.05),4.06,3,0.809,0.0094
RNG(0.05),4.07,3,0.809,0.0094
RNG(0.05),4.08,3,0.809,0.0095
RNG(0.05),4.09,3,0.809,0.0095
RNG(0.05),4.1,3,0.809,0.0095
RNG(0.05),4.11,3,0.809,0.0095
RNG(0.05),4.12,3,0.809,0.0096
RNG(0.05),4.13,3,0.809,0.0095
RNG(0.05),4.14,3,0.809,0.0096
RNG(0.05),4.15,3,0.809,0.0097
RNG(0.05),4.16,3,0.809,0.0095
RNG(0.05),4.17,3,0.8089,0.0095
RNG(0.05),4.18,3,0.8089,0.0094
RNG(0.05),4.19,3,0.8089,0.0094
RNG(0.05),4.2,3,0.8088,0.0095
RNG(0.05),4.21,3,0.8088,0.0096
RNG(0.05),4.22,3,0.8087,0.0095
RNG(0.05),4.23,3,0.8087,0.0098
RNG(0.05),4.24,3,0.8087,0.0097
RNG(0.05),4.25,3,0.8086,0.0097
RNG(0.05),4.26,3,0.8086,0.0099
RNG(0.05),4.27,3,0.8086,0.0099
RNG(0.05),4.28,3,0.8086,0.0098
RNG(0.05),4.29,3,0.8086,0.0099
RNG(0.05),4.3,3,0.8085,0.0097
RNG(0.05),4.31,3,0.8085,0.0098
RNG(0.05),4.32,3,0.8084,0.0098
RNG(0.05),4.33,3,0.8083,0.0099
RNG(0.05),4.34,3,0.8083,0.0098
RNG(0.05),4.35,3,0.8083,0.0096
RNG(0.05),4.36,3,0.8083,0.0094
RNG(0.05),4.37,3,0.8083,0.0094
RNG(0.05),4.38,3,0.8082,0.0094
RNG(0.05),4.39,3,0.8083,0.0094
RNG(0.05),4.4,3,0.8083,0.0093
RNG(0.05),4.41,3,0.8083,0.0094
RNG(0.05),4.42,3,0.8084,0.0093
RNG(0.05),4.43,3,0.8084,0.0094
RNG(0.05),4.44,3,0.8083,0.0094
RNG(0.05),4.45,3,0.8083,0.0093
RNG(0.05),4.46,3,0.8083,0.0093
RNG(0.05),4.47,3,0.8083,0.0092
RNG(0.05),4.48,3,0.8083,0.0091
RNG(0.05),4.49,3,0.8082,0.0089
RNG(0.05),4.5,3,0.8082,0.0089
RNG(0.05),4.51,3,0.8081,0.0089
RNG(0.05),4.52,3,0.8081,0.0091
RNG(0.05),4.53,3,0.8081,0.0091
RNG(0.05),4.54,3,0.808,0.0089
RNG(0.05),4.55,3,0.808,0.0088
RNG(0.05),4.56,3,0.8079,0.0087
RNG(0.05),4.57,3,0.8078,0.0087
RNG(0.05),4.58,3,0.8078,0.0087
RNG(0.05),4.59,3,0.8078,0.0087
RNG(0.05),4.6,3,0.8078,0.0086
RNG(0.05),4.61,3,0.8078,0.0087
RNG(0.05),4.62,3,0.8078,0.0087
RNG(0.05),4.63,3,0.8078,0.0088
RNG(0.05),4.64,3,0.8077,0.009
RNG(0.05),4.65,3,0.8077,0.009
RNG(0.05),4.66,3,0.8078,0.0093
RNG(0.05),4.67,3,0.8077,0.0094
RNG(0.05),4.68,3,0.8077,0.0095
RNG(0.05),4.69,3,0.8076,0.0095
RNG(0.05),4.7,3,0.8076,0.0095
RNG(0.05),4.71,3,0.8076,0.0093
RNG(0.05),4.72,3,0.8076,0.0094
RNG(0.05),4.73,3,0.8076,0.0094
RNG(0.05),4.74,3,0.8075,0.0095
RNG(0.05),4.75,3,0.8075,0.0095
RNG(0.05),4.76,3,0.8076,0.0094
RNG(0.05),4.77,3,0.8076,0.0094
RNG(0.05),4.78,3,0.8076,0.0094
RNG(0.05),4.79,3,0.8075,0.0093
RNG(0.05),4.8,3,0.8075,0.0092
RNG(0.05),4.81,3,0.8075,0.0091
RNG(0.05),4.82,3,0.8075,0.009
RNG(0.05),4.83,3,0.8075,0.009
RNG(0.05),4.84,3,0.8074,0.0091
RNG(0.05),4.85,3,0.8074,0.009
RNG(0.05),4.86,3,0.8073,0.009
RNG(0.05),4.87,3,0.8072,0.0088
RNG(0.05),4.88,3,0.8072,0.0087
RNG(0.05),4.89,3,0.8071,0.0089
RNG(0.05),4.9,3,0.8071,0.009
RNG(0.05),4.91,3,0.807,0.0089
RNG(0.05),4.92,3,0.8071,0.0088
RNG(0.05),4.93,3,0.8071,0.0087
RNG(0.05),4.94,3,0.8071,0.0086
RNG(0.05),4.95,3,0.807,0.0084
RNG(0.05),4.96,3,0.8069,0.0083
RNG(0.05),4.97,3,0.807,0.0082
RNG(0.05),4.98,3,0.8069,0.0081
RNG(0.05),4.99,3,0.8069,0.008
RNG(0.05),5.0,3,0.807,0.0084
RNG(0.05),5.01,3,0.807,0.0082
RNG(0.05),5.02,3,0.807,0.0082
RNG(0.05),5.03,3,0.807,0.0083
RNG(0.05),5.04,3,0.807,0.0083
RNG(0.05),5.05,3,0.8069,0.0085
RNG(0.05),5.06,3,0.8069,0.0084
RNG(0.05),5.07,3,0.8069,0.0085
RNG(0.05),5.08,3,0.8068,0.0085
RNG(0.05),5.09,3,0.8068,0.0086
RNG(0.05),5.1,3,0.8067,0.0086
RNG(0.05),5.11,3,0.8067,0.0086
RNG(0.05),5.12,3,0.8067,0.0088
RNG(0.05),5.13,3,0.8066,0.0086
RNG(0.05),5.14,3,0.8065,0.0086
RNG(0.05),5.15,3,0.8065,0.0086
RNG(0.05),5.16,3,0.8065,0.0086
RNG(0.05),5.17,3,0.8065,0.0087
RNG(0.05),5.18,3,0.8064,0.0088
RNG(0.05),5.19,3,0.8064,0.0087
RNG(0.05),5.2,3,0.8064,0.0087
RNG(0.05),5.21,3,0.8064,0.0087
RNG(0.05),5.22,3,0.8064,0.0084
RNG(0.05),5.23,3,0.8064,0.0084
RNG(0.05),5.24,3,0.8064,0.0087
RNG(0.05),5.25,3,0.8061,0.0093
RNG(0.05),5.26,3,0.8061,0.0093
RNG(0.05),5.27,3,0.806,0.009
RNG(0.05),5.28,3,0.806,0.009
RNG(0.05),5.29,3,0.8059,0.0092
RNG(0.05),5.3,3,0.8059,0.0092
RNG(0.05),5.31,3,0.8059,0.0092
RNG(0.05),5.32,3,0.8059,0.009
RNG(0.05),5.33,3,0.8059,0.009
RNG(0.05),5.34,3,0.8059,0.009
RNG(0.05),5.35,3,0.8058,0.0091
RNG(0.05),5.36,3,0.8058,0.0091
RNG(0.05),5.37,3,0.8058,0.0091
RNG(0.05),5.38,3,0.8058,0.009
RNG(0.05),5.39,3,0.8058,0.009
RNG(0.05),5.4,3,0.8057,0.0089
RNG(0.05),5.41,3,0.8057,0.0089
RNG(0.05),5.42,3,0.8057,0.0089
RNG(0.05),5.43,3,0.8057,0.0088
RNG(0.05),5.44,3,0.8057,0.0088
RNG(0.05),5.45,3,0.8057,0.0088
RNG(0.05),5.46,3,0.8058,0.0089
RNG(0.05),5.47,3,0.8058,0.0089
RNG(0.05),5.48,3,0.8058,0.0089
RNG(0.05),5.49,3,0.8059,0.0089
RNG(0.05),5.5,3,0.8059,0.0088
RNG(0.05),5.51,3,0.8059,0.0089
RNG(0.05),5.52,3,0.8059,0.0089
RNG(0.05),5.53,3,0.8058,0.0088
RNG(0.05),5.54,3,0.8058,0.0091
RNG(0.05),5.55,3,0.8058,0.0091
RNG(0.05),5.56,3,0.8058,0.0091
RNG(0.05),5.57,3,0.8057,0.009
RNG(0.05),5.58,3,0.8057,0.009
RNG(0.05),5.59,3,0.8057,0.009
RNG(0.05),5.6,3,0.8057,0.009
RNG(0.05),5.61,3,0.8057,0.009
RNG(0.05),5.62,3,0.8057,0.009
RNG(0.05),5.63,3,0.8057,0.009
RNG(0.05),5.64,3,0.8057,0.009
RNG(0.05),5.65,3,0.8057,0.009
RNG(0.05),5.66,3,0.8057,0.009
RNG(0.05),5.67,3,0.8057,0.009
RNG(0.05),5.68,3,0.8057,0.009
RNG(0.05),5.69,3,0.8057,0.009
RNG(0.05),5.7,3,0.8057,0.009
RNG(0.05),5.71,3,0.8057,0.009
RNG(0.05),5.72,3,0.8057,0.009
RNG(0.05),5.73,3,0.8057,0.009
RNG(0.05),5.74,3,0.8057,0.009
RNG(0.05),5.75,3,0.8057,0.009
RNG(0.05),5.76,3,0.8057,0.009
RNG(0.05),5.77,3,0.8057,0.009
RNG(0.05),5.78,3,0.8057,0.009
RNG(0.05),5.79,3,0.8057,0.009
RNG(0.05),5.81,3,0.8057,0.0091
RNG(0.05),5.82,3,0.8057,0.0091
RNG(0.05),5.83,3,0.8057,0.0091
RNG(0.05),5.84,3,0.8057,0.0091
RNG(0.05),5.85,3,0.8057,0.0091
RNG(0.05),5.86,3,0.8057,0.0091
RNG(0.05),5.87,3,0.8057,0.0091
RNG(0.05),5.88,3,0.8057,0.0091
RNG(0.05),5.89,3,0.8058,0.0085
RNG(0.05),5.9,3,0.8058,0.0085
RNG(0.05),5.91,3,0.8058,0.0085
RNG(0.05),5.92,3,0.8058,0.0085
RNG(0.05),5.93,3,0.8058,0.0085
RNG(0.05),5.94,3,0.8058,0.0085
RNG(0.05),5.95,3,0.8058,0.0085
RNG(0.05),5.96,3,0.8058,0.0085
RNG(0.05),5.97,3,0.8058,0.0085
RNG(0.05),5.99,3,0.8058,0.0085
RNG(0.05),6.0,3,0.8058,0.0085
RNG(0.05),6.02,2,0.8045,0.033
RNG(0.05),6.03,3,0.8058,0.0085
RNG(0.05),6.04,3,0.8058,0.0085
RNG(0.05),6.05,2,0.8077,0.0076
RNG(0.05),6.06,2,0.8077,0.0076
RNG(0.05),6.07,2,0.8077,0.0076
RNG(0.05),6.08,3,0.8058,0.0085
RNG(0.05),6.09,3,0.8058,0.0085
RNG(0.05),6.1,3,0.8058,0.0085
RNG(0.05),6.12,1,0.8071,0.0
RNG(0.05),6.13,3,0.8058,0.0085
RNG(0.05),6.15,3,0.8058,0.0085
RNG(0.05),6.16,2,0.8077,0.0076
RNG(0.05),6.2,1,0.8071,0.0
RNG(0.05),6.21,2,0.8077,0.0076
RNG(0.05),6.22,2,0.8077,0.0076
RNG(0.05),6.25,2,0.8077,0.0076
RNG(0.05),6.26,2,0.8077,0.0076
RNG(0.05),6.28,2,0.8077,0.0076
RNG(0.05),6.31,2,0.8045,0.033
RNG(0.05),6.32,3,0.8058,0.0085
RNG(0.05),6.34,1,0.8071,0.0
RNG(0.05),6.35,2,0.8077,0.0076
RNG(0.05),6.36,3,0.8058,0.0085
RNG(0.05),6.42,3,0.8058,0.0085
RNG(0.05),6.47,2,0.8045,0.033
RNG(0.05),6.48,2,0.8045,0.033
RNG(0.1),0.99,3,0.7703,0.0076
RNG(0.1),1.0,3,0.7703,0.0076
RNG(0.1),1.01,3,0.771,0.0073
RNG(0.1),1.02,3,0.7727,0.0078
RNG(0.1),1.03,3,0.7759,0.0083
RNG(0.1),1.04,3,0.7794,0.009
RNG(0.1),1.05,3,0.7835,0.0092
RNG(0.1),1.06,3,0.7872,0.0108
RNG(0.1),1.07,3,0.7908,0.0106
RNG(0.1),1.08,3,0.7937,0.0098
RNG(0.1),1.09,3,0.7964,0.0101
RNG(0.1),1.1,3,0.798,0.0099
RNG(0.1),1.11,3,0.7991,0.0099
RNG(0.1),1.12,3,0.8001,0.0098
RNG(0.1),1.13,3,0.8011,0.0093
RNG(0.1),1.14,3,0.8016,0.0093
RNG(0.1),1.15,3,0.802,0.0093
RNG(0.1),1.16,3,0.8022,0.0092
RNG(0.1),1.17,3,0.8024,0.0092
RNG(0.1),1.18,3,0.8025,0.0089
RNG(0.1),1.19,3,0.8026,0.0092
RNG(0.1),1.2,3,0.8028,0.0093
RNG(0.1),1.21,3,0.8029,0.0093
RNG(0.1),1.22,3,0.8029,0.0094
RNG(0.1),1.23,3,0.803,0.0094
RNG(0.1),1.24,3,0.8031,0.0094
RNG(0.1),1.25,3,0.8032,0.0094
RNG(0.1),1.26,3,0.8033,0.0094
RNG(0.1),1.27,3,0.8034,0.0095
RNG(0.1),1.28,3,0.8035,0.0096
RNG(0.1),1.29,3,0.8037,0.0097
RNG(0.1),1.3,3,0.8038,0.0093
RNG(0.1),1.31,3,0.804,0.0094
RNG(0.1),1.32,3,0.8042,0.0096
RNG(0.1),1.33,3,0.8042,0.0096
RNG(0.1),1.34,3,0.8042,0.0093
RNG(0.1),1.35,3,0.8044,0.0096
RNG(0.1),1.36,3,0.8045,0.0093
RNG(0.1),1.37,3,0.8046,0.0094
RNG(0.1),1.38,3,0.8048,0.0088
RNG(0.1),1.39,3,0.8049,0.0091
RNG(0.1),1.4,3,0.805,0.0091
RNG(0.1),1.41,3,0.8051,0.009
RNG(0.1),1.42,3,0.8052,0.0092
RNG(0.1),1.43,3,0.8053,0.0088
RNG(0.1),1.44,3,0.8053,0.0087
RNG(0.1),1.45,3,0.8053,0.0086
RNG(0.1),1.46,3,0.8054,0.0086
RNG(0.1),1.47,3,0.8054,0.0086
RNG(0.1),1.48,3,0.8055,0.0087
RNG(0.1),1.49,3,0.8055,0.0086
RNG(0.1),1.5,3,0.8055,0.0085
RNG(0.1),1.51,3,0.8056,0.0087
RNG(0.1),1.52,3,0.8056,0.0087
RNG(0.1),1.53,3,0.8057,0.0087
RNG(0.1),1.54,3,0.8057,0.0087
RNG(0.1),1.55,3,0.8058,0.0086
RNG(0.1),1.56,3,0.8058,0.0088
RNG(0.1),1.57,3,0.8058,0.0087
RNG(0.1),1.58,3,0.8059,0.0088
RNG(0.1),1.59,3,0.806,0.0089
RNG(0.1),1.6,3,0.8061,0.0087
RNG(0.1),1.61,3,0.8061,0.0089
RNG(0.1),1.62,3,0.8062,0.0093
RNG(0.1),1.63,3,0.8063,0.0093
RNG(0.1),1.64,3,0.8063,0.0093
RNG(0.1),1.65,3,0.8064,0.0093
RNG(0.1),1.66,3,0.8065,0.0094
RNG(0.1),1.67,3,0.8065,0.0095
RNG(0.1),1.68,3,0.8066,0.0097
RNG(0.1),1.69,3,0.8066,0.0097
RNG(0.1),1.7,3,0.8067,0.0097
RNG(0.1),1.71,3,0.8067,0.0095
RNG(0.1),1.72,3,0.8067,0.0093
RNG(0.1),1.73,3,0.8068,0.0095
RNG(0.1),1.74,3,0.807,0.0095
RNG(0.1),1.75,3,0.8071,0.0096
RNG(0.1),1.76,3,0.8071,0.0096
RNG(0.1),1.77,3,0.8072,0.0097
RNG(0.1),1.78,3,0.8073,0.0095
RNG(0.1),1.79,3,0.8074,0.0096
RNG(0.1),1.8,3,0.8075,0.0092
RNG(0.1),1.81,3,0.8076,0.0092
RNG(0.1),1.82,3,0.8076,0.0093
RNG(0.1),1.83,3,0.8078,0.0092
RNG(0.1),1.84,3,0.8078,0.0091
RNG(0.1),1.85,3,0.8079,0.0092
RNG(0.1),1.86,3,0.8079,0.009
RNG(0.1),1.87,3,0.808,0.0088
RNG(0.1),1.88,3,0.808,0.0086
RNG(0.1),1.89,3,0.8081,0.0085
RNG(0.1),1.9,3,0.8081,0.0085
RNG(0.1),1.91,3,0.8082,0.0082
RNG(0.1),1.92,3,0.8081,0.0081
RNG(0.1),1.93,3,0.8081,0.0079
RNG(0.1),1.94,3,0.8082,0.0079
RNG(0.1),1.95,3,0.8083,0.0077
RNG(0.1),1.96,3,0.8083,0.0079
RNG(0.1),1.97,3,0.8083,0.0081
RNG(0.1),1.98,3,0.8084,0.0081
RNG(0.1),1.99,3,0.8085,0.0081
RNG(0.1),2.0,3,0.8085,0.0083
RNG(0.1),2.01,3,0.8086,0.008
RNG(0.1),2.02,3,0.8086,0.008
RNG(0.1),2.03,3,0.8086,0.008
RNG(0.1),2.04,3,0.8086,0.008
RNG(0.1),2.05,3,0.8086,0.0081
RNG(0.1),2.06,3,0.8086,0.0082
RNG(0.1),2.07,3,0.8086,0.0083
RNG(0.1),2.08,3,0.8087,0.0084
RNG(0.1),2.09,3,0.8088,0.0085
RNG(0.1),2.1,3,0.8089,0.0084
RNG(0.1),2.11,3,0.809,0.0085
RNG(0.1),2.12,3,0.8091,0.0084
RNG(0.1),2.13,3,0.8091,0.0087
RNG(0.1),2.14,3,0.8092,0.0086
RNG(0.1),2.15,3,0.8092,0.0085
RNG(0.1),2.16,3,0.8093,0.0086
RNG(0.1),2.17,3,0.8094,0.0088
RNG(0.1),2.18,3,0.8093,0.0087
RNG(0.1),2.19,3,0.8094,0.0087
RNG(0.1),2.2,3,0.8095,0.0086
RNG(0.1),2.21,3,0.8095,0.0087
RNG(0.1),2.22,3,0.8096,0.0086
RNG(0.1),2.23,3,0.8096,0.0086
RNG(0.1),2.24,3,0.8095,0.0087
RNG(0.1),2.25,3,0.8096,0.0086
RNG(0.1),2.26,3,0.8096,0.0086
RNG(0.1),2.27,3,0.8096,0.0085
RNG(0.1),2.28,3,0.8096,0.0084
RNG(0.1),2.29,3,0.8096,0.0084
RNG(0.1),2.3,3,0.8096,0.0084
RNG(0.1),2.31,3,0.8096,0.0085
RNG(0.1),2.32,3,0.8097,0.0086
RNG(0.1),2.33,3,0.8097,0.0086
RNG(0.1),2.34,3,0.8097,0.0086
RNG(0.1),2.35,3,0.8097,0.0085
RNG(0.1),2.36,3,0.8097,0.0085
RNG(0.1),2.37,3,0.8098,0.0086
RNG(0.1),2.38,3,0.81,0.0092
RNG(0.1),2.39,3,0.81,0.0093
RNG(0.1),2.4,3,0.81,0.0092
RNG(0.1),2.41,3,0.81,0.0093
RNG(0.1),2.42,3,0.81,0.0094
RNG(0.1),2.43,3,0.81,0.0094
RNG(0.1),2.44,3,0.81,0.0094
RNG(0.1),2.45,3,0.8101,0.0094
RNG(0.1),2.46,3,0.8101,0.0094
RNG(0.1),2.47,3,0.8101,0.0096
RNG(0.1),2.48,3,0.8101,0.0098
RNG(0.1),2.49,3,0.8102,0.0097
RNG(0.1),2.5,3,0.8102,0.0097
RNG(0.1),2.51,3,0.8102,0.0097
RNG(0.1),2.52,3,0.8102,0.0097
RNG(0.1),2.53,3,0.8102,0.0097
RNG(0.1),2.54,3,0.8102,0.0097
RNG(0.1),2.55,3,0.8102,0.0095
RNG(0.1),2.56,3,0.8103,0.0097
RNG(0.1),2.57,3,0.8103,0.0094
RNG(0.1),2.58,3,0.8103,0.0094
RNG(0.1),2.59,3,0.8103,0.0093
RNG(0.1),2.6,3,0.8103,0.0092
RNG(0.1),2.61,3,0.8103,0.0093
RNG(0.1),2.62,3,0.8103,0.0092
RNG(0.1),2.63,3,0.8104,0.0095
RNG(0.1),2.64,3,0.8104,0.0093
RNG(0.1),2.65,3,0.8104,0.0093
RNG(0.1),2.66,3,0.8104,0.0093
RNG(0.1),2.67,3,0.8105,0.0095
RNG(0.1),2.68,3,0.8104,0.0093
RNG(0.1),2.69,3,0.8104,0.0094
RNG(0.1),2.7,3,0.8105,0.0093
RNG(0.1),2.71,3,0.8105,0.0091
RNG(0.1),2.72,3,0.8106,0.009
RNG(0.1),2.73,3,0.8105,0.0092
RNG(0.1),2.74,3,0.8105,0.0091
RNG(0.1),2.75,3,0.8105,0.009
RNG(0.1),2.76,3,0.8105,0.0089
RNG(0.1),2.77,3,0.8105,0.0089
RNG(0.1),2.78,3,0.8105,0.0089
RNG(0.1),2.79,3,0.8106,0.009
RNG(0.1),2.8,3,0.8105,0.0089
RNG(0.1),2.81,3,0.8105,0.0089
RNG(0.1),2.82,3,0.8105,0.0087
RNG(0.1),2.83,3,0.8105,0.0087
RNG(0.1),2.84,3,0.8105,0.0087
RNG(0.1),2.85,3,0.8105,0.0087
RNG(0.1),2.86,3,0.8105,0.0087
RNG(0.1),2.87,3,0.8105,0.0087
RNG(0.1),2.88,3,0.8106,0.0089
RNG(0.1),2.89,3,0.8106,0.0088
RNG(0.1),2.9,3,0.8107,0.009
RNG(0.1),2.91,3,0.8107,0.0092
RNG(0.1),2.92,3,0.8107,0.009
RNG(0.1),2.93,3,0.8107,0.009
RNG(0.1),2.94,3,0.8107,0.0091
RNG(0.1),2.95,3,0.8108,0.0091
RNG(0.1),2.96,3,0.8108,0.0092
RNG(0.1),2.97,3,0.8108,0.0092
RNG(0.1),2.98,3,0.8107,0.0091
RNG(0.1),2.99,3,0.8107,0.0091
RNG(0.1),3.0,3,0.8107,0.0091
RNG(0.1),3.01,3,0.8107,0.0091
RNG(0.1),3.02,3,0.8107,0.0089
RNG(0.1),3.03,3,0.8107,0.0089
RNG(0.1),3.04,3,0.8107,0.0089
RNG(0.1),3.05,3,0.8107,0.0088
RNG(0.1),3.06,3,0.8107,0.0089
RNG(0.1),3.07,3,0.8107,0.0089
RNG(0.1),3.08,3,0.8107,0.0089
RNG(0.1),3.09,3,0.8107,0.0087
RNG(0.1),3.1,3,0.8107,0.0089
RNG(0.1),3.11,3,0.8107,0.0091
RNG(0.1),3.12,3,0.8107,0.0089
RNG(0.1),3.13,3,0.8107,0.0089
RNG(0.1),3.14,3,0.8106,0.009
RNG(0.1),3.15,3,0.8106,0.009
RNG(0.1),3.16,3,0.8106,0.009
RNG(0.1),3.17,3,0.8106,0.0089
RNG(0.1),3.18,3,0.8106,0.009
RNG(0.1),3.19,3,0.8106,0.009
RNG(0.1),3.2,3,0.8106,0.009
RNG(0.1),3.21,3,0.8106,0.0089
RNG(0.1),3.22,3,0.8106,0.0089
RNG(0.1),3.23,3,0.8106,0.0089
RNG(0.1),3.24,3,0.8106,0.0089
RNG(0.1),3.25,3,0.8107,0.0091
RNG(0.1),3.26,3,0.8107,0.0089
RNG(0.1),3.27,3,0.8108,0.009
RNG(0.1),3.28,3,0.8107,0.009
RNG(0.1),3.29,3,0.8107,0.0089
RNG(0.1),3.3,3,0.8107,0.0089
RNG(0.1),3.31,3,0.8108,0.009
RNG(0.1),3.32,3,0.8107,0.0092
RNG(0.1),3.33,3,0.8108,0.009
RNG(0.1),3.34,3,0.8108,0.009
RNG(0.1),3.35,3,0.8108,0.009
RNG(0.1),3.36,3,0.8108,0.0091
RNG(0.1),3.37,3,0.8108,0.0091
RNG(0.1),3.38,3,0.8107,0.009
RNG(0.1),3.39,3,0.8107,0.009
RNG(0.1),3.4,3,0.8107,0.0089
RNG(0.1),3.41,3,0.8107,0.009
RNG(0.1),3.42,3,0.8107,0.009
RNG(0.1),3.43,3,0.8108,0.009
RNG(0.1),3.44,3,0.8108,0.009
RNG(0.1),3.45,3,0.8108,0.009
RNG(0.1),3.46,3,0.811,0.0093
RNG(0.1),3.47,3,0.811,0.0091
RNG(0.1),3.48,3,0.811,0.0091
RNG(0.1),3.49,3,0.8111,0.0089
RNG(0.1),3.5,3,0.8111,0.0091
RNG(0.1),3.51,3,0.8111,0.0093
RNG(0.1),3.52,3,0.8112,0.0094
RNG(0.1),3.53,3,0.8112,0.0094
RNG(0.1),3.54,3,0.8112,0.0094
RNG(0.1),3.55,3,0.8112,0.0094
RNG(0.1),3.56,3,0.8111,0.0093
RNG(0.1),3.57,3,0.8111,0.0093
RNG(0.1),3.58,3,0.8111,0.0093
RNG(0.1),3.59,3,0.8109,0.0096
RNG(0.1),3.6,3,0.8109,0.0096
RNG(0.1),3.61,3,0.8109,0.0095
RNG(0.1),3.62,3,0.811,0.0096
RNG(0.1),3.63,3,0.8109,0.0095
RNG(0.1),3.64,3,0.8109,0.0095
RNG(0.1),3.65,3,0.8109,0.0095
RNG(0.1),3.66,3,0.8109,0.0096
RNG(0.1),3.67,3,0.811,0.0102
RNG(0.1),3.68,3,0.8109,0.01
RNG(0.1),3.69,3,0.8109,0.01
RNG(0.1),3.7,3,0.8109,0.01
RNG(0.1),3.71,3,0.8109,0.01
RNG(0.1),3.72,3,0.8109,0.01
RNG(0.1),3.73,3,0.8109,0.01
RNG(0.1),3.74,3,0.8109,0.01
RNG(0.1),3.75,3,0.811,0.0099
RNG(0.1),3.76,3,0.8108,0.0098
RNG(0.1),3.77,3,0.8107,0.0098
RNG(0.1),3.78,3,0.8108,0.0097
RNG(0.1),3.79,3,0.8108,0.0097
RNG(0.1),3.8,3,0.8108,0.0098
RNG(0.1),3.81,3,0.8108,0.0098
RNG(0.1),3.82,3,0.8108,0.0098
RNG(0.1),3.83,3,0.8108,0.0099
RNG(0.1),3.84,3,0.8108,0.0098
RNG(0.1),3.85,3,0.8107,0.0098
RNG(0.1),3.86,3,0.8107,0.0097
RNG(0.1),3.87,3,0.8107,0.0097
RNG(0.1),3.88,3,0.8107,0.0097
RNG(0.1),3.89,3,0.8107,0.0095
RNG(0.1),3.9,3,0.8107,0.0095
RNG(0.1),3.91,3,0.8107,0.0095
RNG(0.1),3.92,3,0.8107,0.0094
RNG(0.1),3.93,3,0.8107,0.0094
RNG(0.1),3.94,3,0.8107,0.0094
RNG(0.1),3.95,3,0.8107,0.0094
RNG(0.1),3.96,3,0.8107,0.0094
RNG(0.1),3.97,3,0.8107,0.0094
RNG(0.1),3.98,3,0.8107,0.0094
RNG(0.1),3.99,3,0.8107,0.0093
RNG(0.1),4.0,3,0.8107,0.0093
RNG(0.1),4.01,3,0.8107,0.0096
RNG(0.1),4.02,3,0.8106,0.0097
RNG(0.1),4.03,3,0.8106,0.0097
RNG(0.1),4.04,3,0.8106,0.0097
RNG(0.1),4.05,3,0.8106,0.0097
RNG(0.1),4.06,3,0.8107,0.0097
RNG(0.1),4.07,3,0.8107,0.0097
RNG(0.1),4.08,3,0.8107,0.0096
RNG(0.1),4.09,3,0.8107,0.0096
RNG(0.1),4.1,3,0.8107,0.0097
RNG(0.1),4.11,3,0.8107,0.0097
RNG(0.1),4.12,3,0.8108,0.0098
RNG(0.1),4.13,3,0.8108,0.0097
RNG(0.1),4.14,3,0.8108,0.0099
RNG(0.1),4.15,3,0.8108,0.0099
RNG(0.1),4.16,3,0.8108,0.0097
RNG(0.1),4.17,3,0.8108,0.0096
RNG(0.1),4.18,3,0.8108,0.0095
RNG(0.1),4.19,3,0.8108,0.0095
RNG(0.1),4.2,3,0.8107,0.0094
RNG(0.1),4.21,3,0.8107,0.0095
RNG(0.1),4.22,3,0.8107,0.0095
RNG(0.1),4.23,3,0.8108,0.0097
RNG(0.1),4.24,3,0.8108,0.0095
RNG(0.1),4.25,3,0.8108,0.0097
RNG(0.1),4.26,3,0.8108,0.0097
RNG(0.1),4.27,3,0.8108,0.0097
RNG(0.1),4.28,3,0.8107,0.0095
RNG(0.1),4.29,3,0.8108,0.0097
RNG(0.1),4.3,3,0.8107,0.0095
RNG(0.1),4.31,3,0.8107,0.0094
RNG(0.1),4.32,3,0.8107,0.0094
RNG(0.1),4.33,3,0.8107,0.0094
RNG(0.1),4.34,3,0.8107,0.0094
RNG(0.1),4.35,3,0.8107,0.0094
RNG(0.1),4.36,3,0.8107,0.0093
RNG(0.1),4.37,3,0.8107,0.0093
RNG(0.1),4.38,3,0.8107,0.0094
RNG(0.1),4.39,3,0.8107,0.0091
RNG(0.1),4.4,3,0.8107,0.0093
RNG(0.1),4.41,3,0.8108,0.0094
RNG(0.1),4.42,3,0.8108,0.0094
RNG(0.1),4.43,3,0.8108,0.0094
RNG(0.1),4.44,3,0.8108,0.0095
RNG(0.1),4.45,3,0.8108,0.0093
RNG(0.1),4.46,3,0.8108,0.0093
RNG(0.1),4.47,3,0.8108,0.0091
RNG(0.1),4.48,3,0.8108,0.009
RNG(0.1),4.49,3,0.8108,0.0089
RNG(0.1),4.5,3,0.8108,0.0088
RNG(0.1),4.51,3,0.8108,0.0088
RNG(0.1),4.52,3,0.8107,0.0089
RNG(0.1),4.53,3,0.8107,0.009
RNG(0.1),4.54,3,0.8107,0.0089
RNG(0.1),4.55,3,0.8107,0.0088
RNG(0.1),4.56,3,0.8106,0.0086
RNG(0.1),4.57,3,0.8106,0.0088
RNG(0.1),4.58,3,0.8105,0.0087
RNG(0.1),4.59,3,0.8105,0.0087
RNG(0.1),4.6,3,0.8106,0.0086
RNG(0.1),4.61,3,0.8106,0.0086
RNG(0.1),4.62,3,0.8105,0.0087
RNG(0.1),4.63,3,0.8105,0.0087
RNG(0.1),4.64,3,0.8105,0.0087
RNG(0.1),4.65,3,0.8106,0.0088
RNG(0.1),4.66,3,0.8106,0.0091
RNG(0.1),4.67,3,0.8105,0.0092
RNG(0.1),4.68,3,0.8105,0.0092
RNG(0.1),4.69,3,0.8106,0.0091
RNG(0.1),4.7,3,0.8106,0.0091
RNG(0.1),4.71,3,0.8106,0.0091
RNG(0.1),4.72,3,0.8105,0.0091
RNG(0.1),4.73,3,0.8105,0.0092
RNG(0.1),4.74,3,0.8105,0.0092
RNG(0.1),4.75,3,0.8105,0.0092
RNG(0.1),4.76,3,0.8105,0.0093
RNG(0.1),4.77,3,0.8105,0.0093
RNG(0.1),4.78,3,0.8105,0.0093
RNG(0.1),4.79,3,0.8105,0.0092
RNG(0.1),4.8,3,0.8105,0.0092
RNG(0.1),4.81,3,0.8105,0.0091
RNG(0.1),4.82,3,0.8105,0.0091
RNG(0.1),4.83,3,0.8105,0.0091
RNG(0.1),4.84,3,0.8105,0.0092
RNG(0.1),4.85,3,0.8105,0.0092
RNG(0.1),4.86,3,0.8105,0.0091
RNG(0.1),4.87,3,0.8105,0.0091
RNG(0.1),4.88,3,0.8104,0.009
RNG(0.1),4.89,3,0.8105,0.0091
RNG(0.1),4.9,3,0.8105,0.0091
RNG(0.1),4.91,3,0.8104,0.009
RNG(0.1),4.92,3,0.8105,0.0089
RNG(0.1),4.93,3,0.8105,0.0089
RNG(0.1),4.94,3,0.8104,0.0088
RNG(0.1),4.95,3,0.8105,0.0087
RNG(0.1),4.96,3,0.8104,0.0087
RNG(0.1),4.97,3,0.8105,0.0085
RNG(0.1),4.98,3,0.8105,0.0085
RNG(0.1),4.99,3,0.8105,0.0085
RNG(0.1),5.0,3,0.8106,0.009
RNG(0.1),5.01,3,0.8106,0.009
RNG(0.1),5.02,3,0.8106,0.009
RNG(0.1),5.03,3,0.8105,0.009
RNG(0.1),5.04,3,0.8106,0.009
RNG(0.1),5.05,3,0.8105,0.009
RNG(0.1),5.06,3,0.8105,0.009
RNG(0.1),5.07,3,0.8105,0.009
RNG(0.1),5.08,3,0.8105,0.009
RNG(0.1),5.09,3,0.8105,0.0091
RNG(0.1),5.1,3,0.8104,0.0092
RNG(0.1),5.11,3,0.8104,0.0092
RNG(0.1),5.12,3,0.8104,0.0092
RNG(0.1),5.13,3,0.8104,0.0092
RNG(0.1),5.14,3,0.8103,0.0092
RNG(0.1),5.15,3,0.8103,0.0092
RNG(0.1),5.16,3,0.8103,0.0092
RNG(0.1),5.17,3,0.8104,0.0092
RNG(0.1),5.18,3,0.8104,0.0092
RNG(0.1),5.19,3,0.8103,0.0091
RNG(0.1),5.2,3,0.8103,0.0091
RNG(0.1),5.21,3,0.8103,0.0091
RNG(0.1),5.22,3,0.8104,0.0088
RNG(0.1),5.23,3,0.8104,0.0088
RNG(0.1),5.24,3,0.8103,0.0091
RNG(0.1),5.25,3,0.81,0.0097
RNG(0.1),5.26,3,0.81,0.0097
RNG(0.1),5.27,3,0.81,0.0097
RNG(0.1),5.28,3,0.81,0.0097
RNG(0.1),5.29,3,0.81,0.0097
RNG(0.1),5.3,3,0.81,0.0097
RNG(0.1),5.31,3,0.81,0.0097
RNG(0.1),5.32,3,0.81,0.0097
RNG(0.1),5.33,3,0.81,0.0097
RNG(0.1),5.34,3,0.81,0.0097
RNG(0.1),5.35,3,0.8101,0.0096
RNG(0.1),5.36,3,0.8101,0.0096
RNG(0.1),5.37,3,0.81,0.0096
RNG(0.1),5.38,3,0.81,0.0096
RNG(0.1),5.39,3,0.81,0.0096
RNG(0.1),5.4,3,0.81,0.0096
RNG(0.1),5.41,3,0.81,0.0096
RNG(0.1),5.42,3,0.81,0.0096
RNG(0.1),5.43,3,0.81,0.0094
RNG(0.1),5.44,3,0.81,0.0094
RNG(0.1),5.45,3,0.81,0.0094
RNG(0.1),5.46,3,0.8101,0.0096
RNG(0.1),5.47,3,0.81,0.0094
RNG(0.1),5.48,3,0.81,0.0094
RNG(0.1),5.49,3,0.8102,0.0093
RNG(0.1),5.5,3,0.8102,0.0093
RNG(0.1),5.51,3,0.8101,0.0095
RNG(0.1),5.52,3,0.8101,0.0095
RNG(0.1),5.53,3,0.8101,0.0095
RNG(0.1),5.54,3,0.8101,0.0096
RNG(0.1),5.55,3,0.8101,0.0095
RNG(0.1),5.56,3,0.8101,0.0095
RNG(0.1),5.57,3,0.8101,0.0095
RNG(0.1),5.58,3,0.8101,0.0095
RNG(0.1),5.59,3,0.81,0.0095
RNG(0.1),5.6,3,0.81,0.0095
RNG(0.1),5.61,3,0.81,0.0095
RNG(0.1),5.62,3,0.81,0.0095
RNG(0.1),5.63,3,0.81,0.0095
RNG(0.1),5.64,3,0.81,0.0095
RNG(0.1),5.65,3,0.81,0.0095
RNG(0.1),5.66,3,0.81,0.0095
RNG(0.1),5.67,3,0.81,0.0095
RNG(0.1),5.68,3,0.81,0.0095
RNG(0.1),5.69,3,0.81,0.0095
RNG(0.1),5.7,3,0.81,0.0093
RNG(0.1),5.71,3,0.81,0.0093
RNG(0.1),5.72,3,0.81,0.0093
RNG(0.1),5.73,3,0.8101,0.0095
RNG(0.1),5.74,3,0.8101,0.0095
RNG(0.1),5.75,3,0.8101,0.0095
RNG(0.1),5.76,3,0.8101,0.0095
RNG(0.1),5.77,3,0.8101,0.0095
RNG(0.1),5.78,3,0.8101,0.0095
RNG(0.1),5.79,3,0.8101,0.0095
RNG(0.1),5.81,3,0.8101,0.0095
RNG(0.1),5.82,3,0.8101,0.0095
RNG(0.1),5.83,3,0.8101,0.0095
RNG(0.1),5.84,3,0.8101,0.0095
RNG(0.1),5.85,3,0.8101,0.0095
RNG(0.1),5.86,3,0.8101,0.0095
RNG(0.1),5.87,3,0.8101,0.0095
RNG(0.1),5.88,3,0.8101,0.0095
RNG(0.1),5.89,3,0.8102,0.0091
RNG(0.1),5.9,3,0.8102,0.0091
RNG(0.1),5.91,3,0.8102,0.0091
RNG(0.1),5.92,3,0.8102,0.0091
RNG(0.1),5.93,3,0.8102,0.0091
RNG(0.1),5.94,3,0.8103,0.0089
RNG(0.1),5.95,3,0.8103,0.0089
RNG(0.1),5.96,3,0.8103,0.0089
RNG(0.1),5.97,3,0.8103,0.0089
RNG(0.1),5.99,3,0.8103,0.0089
RNG(0.1),6.0,3,0.8103,0.0089
RNG(0.1),6.02,2,0.8085,0.0241
RNG(0.1),6.03,3,0.8103,0.0089
RNG(0.1),6.04,3,0.8103,0.0089
RNG(0.1),6.05,2,0.8121,0.0216
RNG(0.1),6.06,2,0.8121,0.0216
RNG(0.1),6.07,2,0.8121,0.0216
RNG(0.1),6.08,3,0.8103,0.0089
RNG(0.1),6.09,3,0.8103,0.0089
RNG(0.1),6.1,3,0.8103,0.0089
RNG(0.1),6.12,1,0.8104,0.0
RNG(0.1),6.13,3,0.8103,0.0089
RNG(0.1),6.15,3,0.8103,0.0089
RNG(0.1),6.16,2,0.8121,0.0216
RNG(0.1),6.2,1,0.8104,0.0
RNG(0.1),6.21,2,0.8121,0.0216
RNG(0.1),6.22,2,0.8121,0.0216
RNG(0.1),6.25,2,0.8121,0.0216
RNG(0.1),6.26,2,0.8121,0.0216
RNG(0.1),6.28,2,0.8121,0.0216
RNG(0.1),6.31,2,0.8085,0.0241
RNG(0.1),6.32,3,0.8103,0.0089
RNG(0.1),6.34,1,0.8104,0.0
RNG(0.1),6.35,2,0.8121,0.0216
RNG(0.1),6.36,3,0.8103,0.0089
RNG(0.1),6.42,3,0.8103,0.0089
RNG(0.1),6.47,2,0.8085,0.0241
RNG(0.1),6.48,2,0.8085,0.0241
RNG(0.2),0.99,3,0.7703,0.0076
RNG(0.2),1.0,3,0.7703,0.0076
RNG(0.2),1.01,3,0.7707,0.0075
RNG(0.2),1.02,3,0.7721,0.0081
RNG(0.2),1.03,3,0.7746,0.0085
RNG(0.2),1.04,3,0.7775,0.0092
RNG(0.2),1.05,3,0.7809,0.0093
RNG(0.2),1.06,3,0.7839,0.0106
RNG(0.2),1.07,3,0.7869,0.0106
RNG(0.2),1.08,3,0.7895,0.0096
RNG(0.2),1.09,3,0.7918,0.0101
RNG(0.2),1.1,3,0.7932,0.0099
RNG(0.2),1.11,3,0.7941,0.0099
RNG(0.2),1.12,3,0.795,0.01
RNG(0.2),1.13,3,0.796,0.0096
RNG(0.2),1.14,3,0.7964,0.0096
RNG(0.2),1.15,3,0.7968,0.0098
RNG(0.2),1.16,3,0.797,0.0098
RNG(0.2),1.17,3,0.7972,0.0097
RNG(0.2),1.18,3,0.7973,0.0095
RNG(0.2),1.19,3,0.7973,0.0097
RNG(0.2),1.2,3,0.7975,0.0097
RNG(0.2),1.21,3,0.7976,0.0096
RNG(0.2),1.22,3,0.7976,0.0097
RNG(0.2),1.23,3,0.7976,0.0097
RNG(0.2),1.24,3,0.7978,0.0096
RNG(0.2),1.25,3,0.7978,0.0097
RNG(0.2),1.26,3,0.7979,0.0097
RNG(0.2),1.27,3,0.798,0.0097
RNG(0.2),1.28,3,0.7981,0.0099
RNG(0.2),1.29,3,0.7982,0.0099
RNG(0.2),1.3,3,0.7984,0.0096
RNG(0.2),1.31,3,0.7984,0.0094
RNG(0.2),1.32,3,0.7986,0.0096
RNG(0.2),1.33,3,0.7986,0.0096
RNG(0.2),1.34,3,0.7987,0.0096
RNG(0.2),1.35,3,0.7988,0.0096
RNG(0.2),1.36,3,0.7989,0.0094
RNG(0.2),1.37,3,0.799,0.0094
RNG(0.2),1.38,3,0.7991,0.0091
RNG(0.2),1.39,3,0.7993,0.0094
RNG(0.2),1.4,3,0.7995,0.0092
RNG(0.2),1.41,3,0.7995,0.0093
RNG(0.2),1.42,3,0.7997,0.0092
RNG(0.2),1.43,3,0.7997,0.0091
RNG(0.2),1.44,3,0.7998,0.0091
RNG(0.2),1.45,3,0.7999,0.009
RNG(0.2),1.46,3,0.7999,0.0091
RNG(0.2),1.47,3,0.7999,0.0092
RNG(0.2),1.48,3,0.8,0.0093
RNG(0.2),1.49,3,0.8001,0.009
RNG(0.2),1.5,3,0.8001,0.009
RNG(0.2),1.51,3,0.8001,0.0089
RNG(0.2),1.52,3,0.8002,0.0089
RNG(0.2),1.53,3,0.8002,0.0089
RNG(0.2),1.54,3,0.8003,0.0089
RNG(0.2),1.55,3,0.8003,0.0089
RNG(0.2),1.56,3,0.8004,0.009
RNG(0.2),1.57,3,0.8005,0.0089
RNG(0.2),1.58,3,0.8005,0.0089
RNG(0.2),1.59,3,0.8006,0.0091
RNG(0.2),1.6,3,0.8007,0.0088
RNG(0.2),1.61,3,0.8008,0.0091
RNG(0.2),1.62,3,0.8009,0.0093
RNG(0.2),1.63,3,0.8009,0.0094
RNG(0.2),1.64,3,0.801,0.0094
RNG(0.2),1.65,3,0.8011,0.0094
RNG(0.2),1.66,3,0.8011,0.0095
RNG(0.2),1.67,3,0.8012,0.0096
RNG(0.2),1.68,3,0.8012,0.0095
RNG(0.2),1.69,3,0.8012,0.0095
RNG(0.2),1.7,3,0.8013,0.0095
RNG(0.2),1.71,3,0.8013,0.0095
RNG(0.2),1.72,3,0.8014,0.0093
RNG(0.2),1.73,3,0.8015,0.0093
RNG(0.2),1.74,3,0.8016,0.0093
RNG(0.2),1.75,3,0.8017,0.0093
RNG(0.2),1.76,3,0.8017,0.0094
RNG(0.2),1.77,3,0.8018,0.0093
RNG(0.2),1.78,3,0.8019,0.0093
RNG(0.2),1.79,3,0.802,0.0093
RNG(0.2),1.8,3,0.8021,0.0091
RNG(0.2),1.81,3,0.8021,0.0091
RNG(0.2),1.82,3,0.8022,0.0093
RNG(0.2),1.83,3,0.8023,0.0091
RNG(0.2),1.84,3,0.8023,0.0091
RNG(0.2),1.85,3,0.8024,0.0092
RNG(0.2),1.86,3,0.8025,0.0091
RNG(0.2),1.87,3,0.8026,0.0089
RNG(0.2),1.88,3,0.8026,0.0089
RNG(0.2),1.89,3,0.8027,0.0088
RNG(0.2),1.9,3,0.8027,0.0088
RNG(0.2),1.91,3,0.8027,0.0085
RNG(0.2),1.92,3,0.8027,0.0085
RNG(0.2),1.93,3,0.8028,0.0084
RNG(0.2),1.94,3,0.8029,0.0085
RNG(0.2),1.95,3,0.8029,0.0084
RNG(0.2),1.96,3,0.8029,0.0085
RNG(0.2),1.97,3,0.803,0.0086
RNG(0.2),1.98,3,0.803,0.0088
RNG(0.2),1.99,3,0.8031,0.0086
RNG(0.2),2.0,3,0.8031,0.0086
RNG(0.2),2.01,3,0.8032,0.0086
RNG(0.2),2.02,3,0.8031,0.0085
RNG(0.2),2.03,3,0.8031,0.0085
RNG(0.2),2.04,3,0.8031,0.0085
RNG(0.2),2.05,3,0.8032,0.0085
RNG(0.2),2.06,3,0.8032,0.0087
RNG(0.2),2.07,3,0.8033,0.0088
RNG(0.2),2.08,3,0.8033,0.0088
RNG(0.2),2.09,3,0.8033,0.0089
RNG(0.2),2.1,3,0.8035,0.0089
RNG(0.2),2.11,3,0.8036,0.0089
RNG(0.2),2.12,3,0.8036,0.0088
RNG(0.2),2.13,3,0.8036,0.0089
RNG(0.2),2.14,3,0.8036,0.0088
RNG(0.2),2.15,3,0.8037,0.0088
RNG(0.2),2.16,3,0.8038,0.0088
RNG(0.2),2.17,3,0.8038,0.0088
RNG(0.2),2.18,3,0.8039,0.0088
RNG(0.2),2.19,3,0.8039,0.0088
RNG(0.2),2.2,3,0.8039,0.0088
RNG(0.2),2.21,3,0.8039,0.0088
RNG(0.2),2.22,3,0.8039,0.0088
RNG(0.2),2.23,3,0.804,0.0088
RNG(0.2),2.24,3,0.8039,0.0088
RNG(0.2),2.25,3,0.804,0.0086
RNG(0.2),2.26,3,0.804,0.0086
RNG(0.2),2.27,3,0.804,0.0086
RNG(0.2),2.28,3,0.804,0.0085
RNG(0.2),2.29,3,0.8041,0.0086
RNG(0.2),2.3,3,0.8041,0.0086
RNG(0.2),2.31,3,0.8041,0.0086
RNG(0.2),2.32,3,0.8041,0.0087
RNG(0.2),2.33,3,0.8041,0.0087
RNG(0.2),2.34,3,0.8041,0.0087
RNG(0.2),2.35,3,0.8041,0.0087
RNG(0.2),2.36,3,0.8041,0.0087
RNG(0.2),2.37,3,0.8042,0.0088
RNG(0.2),2.38,3,0.8043,0.0089
RNG(0.2),2.39,3,0.8043,0.0091
RNG(0.2),2.4,3,0.8043,0.0089
RNG(0.2),2.41,3,0.8043,0.0089
RNG(0.2),2.42,3,0.8043,0.0089
RNG(0.2),2.43,3,0.8043,0.0091
RNG(0.2),2.44,3,0.8044,0.0092
RNG(0.2),2.45,3,0.8044,0.0093
RNG(0.2),2.46,3,0.8044,0.0093
RNG(0.2),2.47,3,0.8045,0.0094
RNG(0.2),2.48,3,0.8045,0.0094
RNG(0.2),2.49,3,0.8045,0.0094
RNG(0.2),2.5,3,0.8045,0.0094
RNG(0.2),2.51,3,0.8045,0.0093
RNG(0.2),2.52,3,0.8045,0.0093
RNG(0.2),2.53,3,0.8046,0.0093
RNG(0.2),2.54,3,0.8045,0.0091
RNG(0.2),2.55,3,0.8046,0.0092
RNG(0.2),2.56,3,0.8046,0.0093
RNG(0.2),2.57,3,0.8046,0.0091
RNG(0.2),2.58,3,0.8047,0.0089
RNG(0.2),2.59,3,0.8047,0.0089
RNG(0.2),2.6,3,0.8047,0.0088
RNG(0.2),2.61,3,0.8047,0.0088
RNG(0.2),2.62,3,0.8047,0.0088
RNG(0.2),2.63,3,0.8048,0.0089
RNG(0.2),2.64,3,0.8048,0.0089
RNG(0.2),2.65,3,0.8048,0.0089
RNG(0.2),2.66,3,0.8047,0.0088
RNG(0.2),2.67,3,0.8048,0.0088
RNG(0.2),2.68,3,0.8047,0.0088
RNG(0.2),2.69,3,0.8048,0.0089
RNG(0.2),2.7,3,0.8048,0.0089
RNG(0.2),2.71,3,0.8048,0.0087
RNG(0.2),2.72,3,0.8048,0.0087
RNG(0.2),2.73,3,0.8048,0.0087
RNG(0.2),2.74,3,0.8048,0.0087
RNG(0.2),2.75,3,0.8048,0.0085
RNG(0.2),2.76,3,0.8048,0.0086
RNG(0.2),2.77,3,0.8048,0.0086
RNG(0.2),2.78,3,0.8048,0.0086
RNG(0.2),2.79,3,0.8048,0.0084
RNG(0.2),2.8,3,0.8048,0.0085
RNG(0.2),2.81,3,0.8048,0.0085
RNG(0.2),2.82,3,0.8048,0.0084
RNG(0.2),2.83,3,0.8048,0.0084
RNG(0.2),2.84,3,0.8048,0.0084
RNG(0.2),2.85,3,0.8048,0.0084
RNG(0.2),2.86,3,0.8049,0.0083
RNG(0.2),2.87,3,0.8049,0.0084
RNG(0.2),2.88,3,0.8049,0.0085
RNG(0.2),2.89,3,0.8049,0.0085
RNG(0.2),2.9,3,0.805,0.0086
RNG(0.2),2.91,3,0.805,0.0086
RNG(0.2),2.92,3,0.805,0.0086
RNG(0.2),2.93,3,0.805,0.0086
RNG(0.2),2.94,3,0.805,0.0087
RNG(0.2),2.95,3,0.8051,0.0088
RNG(0.2),2.96,3,0.8051,0.0088
RNG(0.2),2.97,3,0.8051,0.0088
RNG(0.2),2.98,3,0.8051,0.0087
RNG(0.2),2.99,3,0.8051,0.0087
RNG(0.2),3.0,3,0.8051,0.0087
RNG(0.2),3.01,3,0.8051,0.0087
RNG(0.2),3.02,3,0.8051,0.0086
RNG(0.2),3.03,3,0.8051,0.0087
RNG(0.2),3.04,3,0.8051,0.0087
RNG(0.2),3.05,3,0.8051,0.0086
RNG(0.2),3.06,3,0.8051,0.0087
RNG(0.2),3.07,3,0.8051,0.0087
RNG(0.2),3.08,3,0.8051,0.0088
RNG(0.2),3.09,3,0.8051,0.009
RNG(0.2),3.1,3,0.8051,0.009
RNG(0.2),3.11,3,0.8052,0.0091
RNG(0.2),3.12,3,0.8051,0.009
RNG(0.2),3.13,3,0.8051,0.009
RNG(0.2),3.14,3,0.8051,0.009
RNG(0.2),3.15,3,0.8051,0.0089
RNG(0.2),3.16,3,0.8051,0.009
RNG(0.2),3.17,3,0.8051,0.0089
RNG(0.2),3.18,3,0.8051,0.0089
RNG(0.2),3.19,3,0.8051,0.0089
RNG(0.2),3.2,3,0.8051,0.0089
RNG(0.2),3.21,3,0.805,0.0088
RNG(0.2),3.22,3,0.805,0.0088
RNG(0.2),3.23,3,0.8051,0.0087
RNG(0.2),3.24,3,0.8051,0.0087
RNG(0.2),3.25,3,0.8052,0.0088
RNG(0.2),3.26,3,0.8052,0.0088
RNG(0.2),3.27,3,0.8052,0.0088
RNG(0.2),3.28,3,0.8051,0.0088
RNG(0.2),3.29,3,0.8051,0.0087
RNG(0.2),3.3,3,0.8051,0.0087
RNG(0.2),3.31,3,0.8051,0.0088
RNG(0.2),3.32,3,0.8051,0.0088
RNG(0.2),3.33,3,0.8051,0.0088
RNG(0.2),3.34,3,0.8051,0.0088
RNG(0.2),3.35,3,0.8051,0.0087
RNG(0.2),3.36,3,0.8051,0.0088
RNG(0.2),3.37,3,0.8052,0.0087
RNG(0.2),3.38,3,0.8052,0.0087
RNG(0.2),3.39,3,0.8052,0.0087
RNG(0.2),3.4,3,0.8052,0.0087
RNG(0.2),3.41,3,0.8052,0.0088
RNG(0.2),3.42,3,0.8052,0.0088
RNG(0.2),3.43,3,0.8053,0.0088
RNG(0.2),3.44,3,0.8053,0.0088
RNG(0.2),3.45,3,0.8053,0.0088
RNG(0.2),3.46,3,0.8055,0.0091
RNG(0.2),3.47,3,0.8055,0.009
RNG(0.2),3.48,3,0.8055,0.0091
RNG(0.2),3.49,3,0.8056,0.009
RNG(0.2),3.5,3,0.8056,0.009
RNG(0.2),3.51,3,0.8056,0.0091
RNG(0.2),3.52,3,0.8056,0.0091
RNG(0.2),3.53,3,0.8056,0.0091
RNG(0.2),3.54,3,0.8057,0.0091
RNG(0.2),3.55,3,0.8057,0.0091
RNG(0.2),3.56,3,0.8056,0.0091
RNG(0.2),3.57,3,0.8056,0.0091
RNG(0.2),3.58,3,0.8056,0.0092
RNG(0.2),3.59,3,0.8055,0.0095
RNG(0.2),3.6,3,0.8055,0.0095
RNG(0.2),3.61,3,0.8055,0.0095
RNG(0.2),3.62,3,0.8055,0.0096
RNG(0.2),3.63,3,0.8055,0.0096
RNG(0.2),3.64,3,0.8055,0.0094
RNG(0.2),3.65,3,0.8055,0.0094
RNG(0.2),3.66,3,0.8055,0.0094
RNG(0.2),3.67,3,0.8054,0.0095
RNG(0.2),3.68,3,0.8054,0.0095
RNG(0.2),3.69,3,0.8054,0.0095
RNG(0.2),3.7,3,0.8054,0.0095
RNG(0.2),3.71,3,0.8054,0.0095
RNG(0.2),3.72,3,0.8054,0.0095
RNG(0.2),3.73,3,0.8054,0.0095
RNG(0.2),3.74,3,0.8054,0.0095
RNG(0.2),3.75,3,0.8055,0.0095
RNG(0.2),3.76,3,0.8053,0.0094
RNG(0.2),3.77,3,0.8053,0.0094
RNG(0.2),3.78,3,0.8053,0.0094
RNG(0.2),3.79,3,0.8053,0.0094
RNG(0.2),3.8,3,0.8054,0.0092
RNG(0.2),3.81,3,0.8054,0.0092
RNG(0.2),3.82,3,0.8053,0.0094
RNG(0.2),3.83,3,0.8054,0.0095
RNG(0.2),3.84,3,0.8054,0.0093
RNG(0.2),3.85,3,0.8053,0.0094
RNG(0.2),3.86,3,0.8053,0.0094
RNG(0.2),3.87,3,0.8053,0.0094
RNG(0.2),3.88,3,0.8053,0.0094
RNG(0.2),3.89,3,0.8054,0.0092
RNG(0.2),3.9,3,0.8054,0.0092
RNG(0.2),3.91,3,0.8054,0.0092
RNG(0.2),3.92,3,0.8054,0.0092
RNG(0.2),3.93,3,0.8054,0.0092
RNG(0.2),3.94,3,0.8054,0.0092
RNG(0.2),3.95,3,0.8054,0.0092
RNG(0.2),3.96,3,0.8054,0.0092
RNG(0.2),3.97,3,0.8054,0.0092
RNG(0.2),3.98,3,0.8053,0.0091
RNG(0.2),3.99,3,0.8053,0.0091
RNG(0.2),4.0,3,0.8053,0.0091
RNG(0.2),4.01,3,0.8053,0.0094
RNG(0.2),4.02,3,0.8053,0.0095
RNG(0.2),4.03,3,0.8053,0.0095
RNG(0.2),4.04,3,0.8053,0.0095
RNG(0.2),4.05,3,0.8053,0.0095
RNG(0.2),4.06,3,0.8053,0.0096
RNG(0.2),4.07,3,0.8053,0.0096
RNG(0.2),4.08,3,0.8053,0.0095
RNG(0.2),4.09,3,0.8054,0.0093
RNG(0.2),4.1,3,0.8054,0.0093
RNG(0.2),4.11,3,0.8054,0.0093
RNG(0.2),4.12,3,0.8055,0.0093
RNG(0.2),4.13,3,0.8054,0.0094
RNG(0.2),4.14,3,0.8055,0.0095
RNG(0.2),4.15,3,0.8054,0.0096
RNG(0.2),4.16,3,0.8055,0.0095
RNG(0.2),4.17,3,0.8055,0.0095
RNG(0.2),4.18,3,0.8054,0.0094
RNG(0.2),4.19,3,0.8054,0.0094
RNG(0.2),4.2,3,0.8054,0.0094
RNG(0.2),4.21,3,0.8054,0.0095
RNG(0.2),4.22,3,0.8054,0.0095
RNG(0.2),4.23,3,0.8054,0.0095
RNG(0.2),4.24,3,0.8054,0.0095
RNG(0.2),4.25,3,0.8054,0.0095
RNG(0.2),4.26,3,0.8054,0.0096
RNG(0.2),4.27,3,0.8054,0.0097
RNG(0.2),4.28,3,0.8054,0.0097
RNG(0.2),4.29,3,0.8054,0.0097
RNG(0.2),4.3,3,0.8054,0.0097
RNG(0.2),4.31,3,0.8054,0.0097
RNG(0.2),4.32,3,0.8054,0.0096
RNG(0.2),4.33,3,0.8053,0.0096
RNG(0.2),4.34,3,0.8053,0.0096
RNG(0.2),4.35,3,0.8053,0.0095
RNG(0.2),4.36,3,0.8053,0.0095
RNG(0.2),4.37,3,0.8053,0.0095
RNG(0.2),4.38,3,0.8053,0.0095
RNG(0.2),4.39,3,0.8053,0.0095
RNG(0.2),4.4,3,0.8053,0.0095
RNG(0.2),4.41,3,0.8053,0.0096
RNG(0.2),4.42,3,0.8054,0.0096
RNG(0.2),4.43,3,0.8054,0.0096
RNG(0.2),4.44,3,0.8054,0.0096
RNG(0.2),4.45,3,0.8054,0.0096
RNG(0.2),4.46,3,0.8054,0.0094
RNG(0.2),4.47,3,0.8054,0.0094
RNG(0.2),4.48,3,0.8054,0.0092
RNG(0.2),4.49,3,0.8053,0.0091
RNG(0.2),4.5,3,0.8053,0.0091
RNG(0.2),4.51,3,0.8053,0.0091
RNG(0.2),4.52,3,0.8053,0.0091
RNG(0.2),4.53,3,0.8053,0.0091
RNG(0.2),4.54,3,0.8053,0.009
RNG(0.2),4.55,3,0.8053,0.009
RNG(0.2),4.56,3,0.8053,0.0089
RNG(0.2),4.57,3,0.8053,0.0089
RNG(0.2),4.58,3,0.8053,0.0089
RNG(0.2),4.59,3,0.8053,0.0089
RNG(0.2),4.6,3,0.8053,0.0089
RNG(0.2),4.61,3,0.8053,0.009
RNG(0.2),4.62,3,0.8053,0.0091
RNG(0.2),4.63,3,0.8053,0.0091
RNG(0.2),4.64,3,0.8053,0.0091
RNG(0.2),4.65,3,0.8053,0.0091
RNG(0.2),4.66,3,0.8053,0.0094
RNG(0.2),4.67,3,0.8052,0.0095
RNG(0.2),4.68,3,0.8053,0.0095
RNG(0.2),4.69,3,0.8052,0.0095
RNG(0.2),4.7,3,0.8052,0.0095
RNG(0.2),4.71,3,0.8052,0.0095
RNG(0.2),4.72,3,0.8052,0.0095
RNG(0.2),4.73,3,0.8052,0.0095
RNG(0.2),4.74,3,0.8052,0.0095
RNG(0.2),4.75,3,0.8052,0.0096
RNG(0.2),4.76,3,0.8052,0.0095
RNG(0.2),4.77,3,0.8052,0.0095
RNG(0.2),4.78,3,0.8052,0.0095
RNG(0.2),4.79,3,0.8052,0.0095
RNG(0.2),4.8,3,0.8052,0.0095
RNG(0.2),4.81,3,0.8053,0.0094
RNG(0.2),4.82,3,0.8053,0.0094
RNG(0.2),4.83,3,0.8053,0.0095
RNG(0.2),4.84,3,0.8053,0.0095
RNG(0.2),4.85,3,0.8053,0.0095
RNG(0.2),4.86,3,0.8054,0.0094
RNG(0.2),4.87,3,0.8054,0.0094
RNG(0.2),4.88,3,0.8053,0.0093
RNG(0.2),4.89,3,0.8054,0.0094
RNG(0.2),4.9,3,0.8054,0.0094
RNG(0.2),4.91,3,0.8053,0.0093
RNG(0.2),4.92,3,0.8054,0.0093
RNG(0.2),4.93,3,0.8054,0.0093
RNG(0.2),4.94,3,0.8054,0.0094
RNG(0.2),4.95,3,0.8054,0.0093
RNG(0.2),4.96,3,0.8054,0.0093
RNG(0.2),4.97,3,0.8054,0.0093
RNG(0.2),4.98,3,0.8054,0.0093
RNG(0.2),4.99,3,0.8054,0.0093
RNG(0.2),5.0,3,0.8056,0.0099
RNG(0.2),5.01,3,0.8056,0.0099
RNG(0.2),5.02,3,0.8056,0.0099
RNG(0.2),5.03,3,0.8056,0.0099
RNG(0.2),5.04,3,0.8056,0.0099
RNG(0.2),5.05,3,0.8056,0.0099
RNG(0.2),5.06,3,0.8056,0.0099
RNG(0.2),5.07,3,0.8056,0.0099
RNG(0.2),5.08,3,0.8056,0.0099
RNG(0.2),5.09,3,0.8056,0.0099
RNG(0.2),5.1,3,0.8055,0.01
RNG(0.2),5.11,3,0.8055,0.01
RNG(0.2),5.12,3,0.8055,0.01
RNG(0.2),5.13,3,0.8055,0.01
RNG(0.2),5.14,3,0.8054,0.0101
RNG(0.2),5.15,3,0.8055,0.01
RNG(0.2),5.16,3,0.8055,0.01
RNG(0.2),5.17,3,0.8055,0.01
RNG(0.2),5.18,3,0.8055,0.01
RNG(0.2),5.19,3,0.8055,0.01
RNG(0.2),5.2,3,0.8055,0.01
RNG(0.2),5.21,3,0.8055,0.01
RNG(0.2),5.22,3,0.8055,0.0099
RNG(0.2),5.23,3,0.8055,0.0099
RNG(0.2),5.24,3,0.8055,0.01
RNG(0.2),5.25,3,0.8055,0.0099
RNG(0.2),5.26,3,0.8055,0.0099
RNG(0.2),5.27,3,0.8055,0.0099
RNG(0.2),5.28,3,0.8055,0.0099
RNG(0.2),5.29,3,0.8054,0.0099
RNG(0.2),5.3,3,0.8054,0.0099
RNG(0.2),5.31,3,0.8054,0.0099
RNG(0.2),5.32,3,0.8054,0.0099
RNG(0.2),5.33,3,0.8054,0.0099
RNG(0.2),5.34,3,0.8054,0.0099
RNG(0.2),5.35,3,0.8055,0.0098
RNG(0.2),5.36,3,0.8055,0.0098
RNG(0.2),5.37,3,0.8054,0.0098
RNG(0.2),5.38,3,0.8054,0.0098
RNG(0.2),5.39,3,0.8054,0.0098
RNG(0.2),5.4,3,0.8054,0.0098
RNG(0.2),5.41,3,0.8054,0.0098
RNG(0.2),5.42,3,0.8054,0.0098
RNG(0.2),5.43,3,0.8055,0.0097
RNG(0.2),5.44,3,0.8055,0.0097
RNG(0.2),5.45,3,0.8055,0.0097
RNG(0.2),5.46,3,0.8055,0.0097
RNG(0.2),5.47,3,0.8055,0.0097
RNG(0.2),5.48,3,0.8055,0.0097
RNG(0.2),5.49,3,0.8055,0.0097
RNG(0.2),5.5,3,0.8055,0.0097
RNG(0.2),5.51,3,0.8055,0.0097
RNG(0.2),5.52,3,0.8054,0.0097
RNG(0.2),5.53,3,0.8054,0.0097
RNG(0.2),5.54,3,0.8054,0.0097
RNG(0.2),5.55,3,0.8054,0.0097
RNG(0.2),5.56,3,0.8054,0.0097
RNG(0.2),5.57,3,0.8054,0.0097
RNG(0.2),5.58,3,0.8054,0.0097
RNG(0.2),5.59,3,0.8054,0.0097
RNG(0.2),5.6,3,0.8054,0.0097
RNG(0.2),5.61,3,0.8054,0.0097
RNG(0.2),5.62,3,0.8054,0.0097
RNG(0.2),5.63,3,0.8054,0.0097
RNG(0.2),5.64,3,0.8054,0.0097
RNG(0.2),5.65,3,0.8054,0.0097
RNG(0.2),5.66,3,0.8054,0.0097
RNG(0.2),5.67,3,0.8054,0.0097
RNG(0.2),5.68,3,0.8054,0.0097
RNG(0.2),5.69,3,0.8054,0.0097
RNG(0.2),5.7,3,0.8054,0.0097
RNG(0.2),5.71,3,0.8054,0.0097
RNG(0.2),5.72,3,0.8054,0.0097
RNG(0.2),5.73,3,0.8055,0.0096
RNG(0.2),5.74,3,0.8055,0.0096
RNG(0.2),5.75,3,0.8055,0.0096
RNG(0.2),5.76,3,0.8055,0.0096
RNG(0.2),5.77,3,0.8055,0.0096
RNG(0.2),5.78,3,0.8055,0.0096
RNG(0.2),5.79,3,0.8055,0.0096
RNG(0.2),5.81,3,0.8055,0.0096
RNG(0.2),5.82,3,0.8055,0.0096
RNG(0.2),5.83,3,0.8055,0.0096
RNG(0.2),5.84,3,0.8055,0.0096
RNG(0.2),5.85,3,0.8055,0.0096
RNG(0.2),5.86,3,0.8055,0.0096
RNG(0.2),5.87,3,0.8055,0.0096
RNG(0.2),5.88,3,0.8055,0.0096
RNG(0.2),5.89,3,0.8055,0.0096
RNG(0.2),5.9,3,0.8055,0.0096
RNG(0.2),5.91,3,0.8055,0.0096
RNG(0.2),5.92,3,0.8055,0.0096
RNG(0.2),5.93,3,0.8055,0.0096
RNG(0.2),5.94,3,0.8055,0.0096
RNG(0.2),5.95,3,0.8055,0.0096
RNG(0.2),5.96,3,0.8055,0.0096
RNG(0.2),5.97,3,0.8055,0.0096
RNG(0.2),5.99,3,0.8055,0.0096
RNG(0.2),6.0,3,0.8055,0.0096
RNG(0.2),6.02,2,0.8033,0.0127
RNG(0.2),6.03,3,0.8055,0.0096
RNG(0.2),6.04,3,0.8055,0.0096
RNG(0.2),6.05,2,0.8071,0.0349
RNG(0.2),6.06,2,0.8071,0.0349
RNG(0.2),6.07,2,0.8071,0.0349
RNG(0.2),6.08,3,0.8055,0.0096
RNG(0.2),6.09,3,0.8055,0.0096
RNG(0.2),6.1,3,0.8055,0.0096
RNG(0.2),6.12,1,0.8043,0.0
RNG(0.2),6.13,3,0.8055,0.0096
RNG(0.2),6.15,3,0.8055,0.0096
RNG(0.2),6.16,2,0.8071,0.0349
RNG(0.2),6.2,1,0.8043,0.0
RNG(0.2),6.21,2,0.8071,0.0349
RNG(0.2),6.22,2,0.8071,0.0349
RNG(0.2),6.25,2,0.8071,0.0349
RNG(0.2),6.26,2,0.8071,0.0349
RNG(0.2),6.28,2,0.8071,0.0349
RNG(0.2),6.31,2,0.8033,0.0127
RNG(0.2),6.32,3,0.8055,0.0096
RNG(0.2),6.34,1,0.8043,0.0
RNG(0.2),6.35,2,0.8071,0.0349
RNG(0.2),6.36,3,0.8055,0.0096
RNG(0.2),6.42,3,0.8055,0.0096
RNG(0.2),6.47,2,0.8033,0.0127
RNG(0.2),6.48,2,0.8033,0.0127
RNG(0.3),0.99,3,0.7703,0.0076
RNG(0.3),1.0,3,0.7703,0.0076
RNG(0.3),1.01,3,0.7706,0.0074
RNG(0.3),1.02,3,0.7715,0.0075
RNG(0.3),1.03,3,0.7732,0.0075
RNG(0.3),1.04,3,0.7753,0.0079
RNG(0.3),1.05,3,0.778,0.0079
RNG(0.3),1.06,3,0.7803,0.0091
RNG(0.3),1.07,3,0.7828,0.0091
RNG(0.3),1.08,3,0.7849,0.0085
RNG(0.3),1.09,3,0.7869,0.0087
RNG(0.3),1.1,3,0.788,0.0084
RNG(0.3),1.11,3,0.7889,0.0087
RNG(0.3),1.12,3,0.7895,0.0095
RNG(0.3),1.13,3,0.7902,0.0092
RNG(0.3),1.14,3,0.7906,0.0093
RNG(0.3),1.15,3,0.791,0.0095
RNG(0.3),1.16,3,0.7911,0.0094
RNG(0.3),1.17,3,0.7913,0.0094
RNG(0.3),1.18,3,0.7914,0.0094
RNG(0.3),1.19,3,0.7915,0.0095
RNG(0.3),1.2,3,0.7916,0.0095
RNG(0.3),1.21,3,0.7917,0.0095
RNG(0.3),1.22,3,0.7917,0.0096
RNG(0.3),1.23,3,0.7917,0.0095
RNG(0.3),1.24,3,0.7918,0.0094
RNG(0.3),1.25,3,0.7919,0.0093
RNG(0.3),1.26,3,0.7919,0.0095
RNG(0.3),1.27,3,0.792,0.0094
RNG(0.3),1.28,3,0.7922,0.0096
RNG(0.3),1.29,3,0.7922,0.0097
RNG(0.3),1.3,3,0.7923,0.0095
RNG(0.3),1.31,3,0.7924,0.0094
RNG(0.3),1.32,3,0.7925,0.0093
RNG(0.3),1.33,3,0.7926,0.0094
RNG(0.3),1.34,3,0.7927,0.0094
RNG(0.3),1.35,3,0.7928,0.0094
RNG(0.3),1.36,3,0.7928,0.0091
RNG(0.3),1.37,3,0.7929,0.0091
RNG(0.3),1.38,3,0.793,0.0088
RNG(0.3),1.39,3,0.7932,0.0092
RNG(0.3),1.4,3,0.7933,0.0089
RNG(0.3),1.41,3,0.7934,0.0092
RNG(0.3),1.42,3,0.7935,0.0089
RNG(0.3),1.43,3,0.7936,0.0087
RNG(0.3),1.44,3,0.7937,0.0087
RNG(0.3),1.45,3,0.7937,0.0086
RNG(0.3),1.46,3,0.7937,0.0087
RNG(0.3),1.47,3,0.7938,0.0088
RNG(0.3),1.48,3,0.7938,0.0088
RNG(0.3),1.49,3,0.7938,0.0087
RNG(0.3),1.5,3,0.7939,0.0086
RNG(0.3),1.51,3,0.7939,0.0086
RNG(0.3),1.52,3,0.7939,0.0086
RNG(0.3),1.53,3,0.794,0.0086
RNG(0.3),1.54,3,0.7941,0.0086
RNG(0.3),1.55,3,0.7941,0.0086
RNG(0.3),1.56,3,0.7941,0.0087
RNG(0.3),1.57,3,0.7942,0.0086
RNG(0.3),1.58,3,0.7943,0.0087
RNG(0.3),1.59,3,0.7943,0.0088
RNG(0.3),1.6,3,0.7944,0.0088
RNG(0.3),1.61,3,0.7945,0.0089
RNG(0.3),1.62,3,0.7946,0.0092
RNG(0.3),1.63,3,0.7946,0.0091
RNG(0.3),1.64,3,0.7947,0.0092
RNG(0.3),1.65,3,0.7947,0.0093
RNG(0.3),1.66,3,0.7948,0.0093
RNG(0.3),1.67,3,0.7948,0.0094
RNG(0.3),1.68,3,0.7948,0.0094
RNG(0.3),1.69,3,0.7949,0.0093
RNG(0.3),1.7,3,0.7949,0.0095
RNG(0.3),1.71,3,0.795,0.0093
RNG(0.3),1.72,3,0.795,0.0092
RNG(0.3),1.73,3,0.7951,0.0093
RNG(0.3),1.74,3,0.7951,0.0093
RNG(0.3),1.75,3,0.7952,0.0092
RNG(0.3),1.76,3,0.7952,0.0093
RNG(0.3),1.77,3,0.7953,0.0094
RNG(0.3),1.78,3,0.7954,0.0094
RNG(0.3),1.79,3,0.7954,0.0093
RNG(0.3),1.8,3,0.7956,0.0092
RNG(0.3),1.81,3,0.7956,0.0093
RNG(0.3),1.82,3,0.7956,0.0093
RNG(0.3),1.83,3,0.7958,0.0092
RNG(0.3),1.84,3,0.7958,0.0092
RNG(0.3),1.85,3,0.7959,0.0092
RNG(0.3),1.86,3,0.7959,0.0091
RNG(0.3),1.87,3,0.796,0.0091
RNG(0.3),1.88,3,0.7961,0.0088
RNG(0.3),1.89,3,0.7961,0.0086
RNG(0.3),1.9,3,0.7961,0.0086
RNG(0.3),1.91,3,0.7962,0.0085
RNG(0.3),1.92,3,0.7962,0.0085
RNG(0.3),1.93,3,0.7962,0.0084
RNG(0.3),1.94,3,0.7963,0.0084
RNG(0.3),1.95,3,0.7964,0.0085
RNG(0.3),1.96,3,0.7964,0.0085
RNG(0.3),1.97,3,0.7964,0.0086
RNG(0.3),1.98,3,0.7964,0.0087
RNG(0.3),1.99,3,0.7965,0.0086
RNG(0.3),2.0,3,0.7965,0.0086
RNG(0.3),2.01,3,0.7965,0.0085
RNG(0.3),2.02,3,0.7965,0.0085
RNG(0.3),2.03,3,0.7965,0.0085
RNG(0.3),2.04,3,0.7965,0.0085
RNG(0.3),2.05,3,0.7966,0.0085
RNG(0.3),2.06,3,0.7966,0.0085
RNG(0.3),2.07,3,0.7966,0.0087
RNG(0.3),2.08,3,0.7966,0.0087
RNG(0.3),2.09,3,0.7967,0.0088
RNG(0.3),2.1,3,0.7968,0.0087
RNG(0.3),2.11,3,0.7969,0.0087
RNG(0.3),2.12,3,0.7969,0.0087
RNG(0.3),2.13,3,0.7969,0.0085
RNG(0.3),2.14,3,0.7969,0.0085
RNG(0.3),2.15,3,0.7969,0.0085
RNG(0.3),2.16,3,0.797,0.0087
RNG(0.3),2.17,3,0.797,0.0088
RNG(0.3),2.18,3,0.797,0.0086
RNG(0.3),2.19,3,0.7971,0.0087
RNG(0.3),2.2,3,0.7971,0.0086
RNG(0.3),2.21,3,0.7971,0.0086
RNG(0.3),2.22,3,0.7972,0.0085
RNG(0.3),2.23,3,0.7972,0.0085
RNG(0.3),2.24,3,0.7972,0.0085
RNG(0.3),2.25,3,0.7972,0.0085
RNG(0.3),2.26,3,0.7972,0.0085
RNG(0.3),2.27,3,0.7972,0.0084
RNG(0.3),2.28,3,0.7972,0.0082
RNG(0.3),2.29,3,0.7973,0.0083
RNG(0.3),2.3,3,0.7973,0.0083
RNG(0.3),2.31,3,0.7973,0.0083
RNG(0.3),2.32,3,0.7973,0.0084
RNG(0.3),2.33,3,0.7973,0.0084
RNG(0.3),2.34,3,0.7973,0.0084
RNG(0.3),2.35,3,0.7973,0.0084
RNG(0.3),2.36,3,0.7973,0.0084
RNG(0.3),2.37,3,0.7973,0.0084
RNG(0.3),2.38,3,0.7974,0.0085
RNG(0.3),2.39,3,0.7974,0.0085
RNG(0.3),2.4,3,0.7974,0.0085
RNG(0.3),2.41,3,0.7974,0.0085
RNG(0.3),2.42,3,0.7974,0.0085
RNG(0.3),2.43,3,0.7974,0.0086
RNG(0.3),2.44,3,0.7975,0.0087
RNG(0.3),2.45,3,0.7975,0.0087
RNG(0.3),2.46,3,0.7975,0.0087
RNG(0.3),2.47,3,0.7975,0.0089
RNG(0.3),2.48,3,0.7975,0.0089
RNG(0.3),2.49,3,0.7975,0.0089
RNG(0.3),2.5,3,0.7975,0.0087
RNG(0.3),2.51,3,0.7975,0.0087
RNG(0.3),2.52,3,0.7976,0.0088
RNG(0.3),2.53,3,0.7976,0.0088
RNG(0.3),2.54,3,0.7976,0.0088
RNG(0.3),2.55,3,0.7976,0.0088
RNG(0.3),2.56,3,0.7977,0.0088
RNG(0.3),2.57,3,0.7976,0.0087
RNG(0.3),2.58,3,0.7977,0.0087
RNG(0.3),2.59,3,0.7977,0.0087
RNG(0.3),2.6,3,0.7977,0.0087
RNG(0.3),2.61,3,0.7977,0.0087
RNG(0.3),2.62,3,0.7977,0.0087
RNG(0.3),2.63,3,0.7978,0.0088
RNG(0.3),2.64,3,0.7978,0.0088
RNG(0.3),2.65,3,0.7978,0.0088
RNG(0.3),2.66,3,0.7978,0.0088
RNG(0.3),2.67,3,0.7978,0.0088
RNG(0.3),2.68,3,0.7978,0.0088
RNG(0.3),2.69,3,0.7978,0.0089
RNG(0.3),2.7,3,0.7978,0.0089
RNG(0.3),2.71,3,0.7979,0.0086
RNG(0.3),2.72,3,0.7979,0.0087
RNG(0.3),2.73,3,0.7979,0.0088
RNG(0.3),2.74,3,0.7979,0.0088
RNG(0.3),2.75,3,0.7979,0.0088
RNG(0.3),2.76,3,0.7979,0.0087
RNG(0.3),2.77,3,0.7979,0.0087
RNG(0.3),2.78,3,0.7979,0.0087
RNG(0.3),2.79,3,0.7979,0.0087
RNG(0.3),2.8,3,0.7979,0.0086
RNG(0.3),2.81,3,0.7979,0.0086
RNG(0.3),2.82,3,0.7979,0.0085
RNG(0.3),2.83,3,0.7979,0.0085
RNG(0.3),2.84,3,0.7979,0.0085
RNG(0.3),2.85,3,0.7979,0.0085
RNG(0.3),2.86,3,0.7979,0.0085
RNG(0.3),2.87,3,0.7979,0.0085
RNG(0.3),2.88,3,0.798,0.0086
RNG(0.3),2.89,3,0.798,0.0087
RNG(0.3),2.9,3,0.798,0.0087
RNG(0.3),2.91,3,0.798,0.0087
RNG(0.3),2.92,3,0.798,0.0087
RNG(0.3),2.93,3,0.798,0.0086
RNG(0.3),2.94,3,0.7981,0.0086
RNG(0.3),2.95,3,0.7982,0.0087
RNG(0.3),2.96,3,0.7982,0.0087
RNG(0.3),2.97,3,0.7982,0.0087
RNG(0.3),2.98,3,0.7982,0.0087
RNG(0.3),2.99,3,0.7982,0.0087
RNG(0.3),3.0,3,0.7982,0.0087
RNG(0.3),3.01,3,0.7982,0.0087
RNG(0.3),3.02,3,0.7981,0.0086
RNG(0.3),3.03,3,0.7982,0.0087
RNG(0.3),3.04,3,0.7982,0.0087
RNG(0.3),3.05,3,0.7982,0.0087
RNG(0.3),3.06,3,0.7981,0.0088
RNG(0.3),3.07,3,0.7981,0.0088
RNG(0.3),3.08,3,0.7981,0.0088
RNG(0.3),3.09,3,0.7981,0.0088
RNG(0.3),3.1,3,0.7981,0.0088
RNG(0.3),3.11,3,0.7981,0.0089
RNG(0.3),3.12,3,0.7981,0.0088
RNG(0.3),3.13,3,0.7981,0.0088
RNG(0.3),3.14,3,0.7981,0.0088
RNG(0.3),3.15,3,0.7981,0.0088
RNG(0.3),3.16,3,0.7981,0.0088
RNG(0.3),3.17,3,0.798,0.0087
RNG(0.3),3.18,3,0.798,0.0087
RNG(0.3),3.19,3,0.798,0.0087
RNG(0.3),3.2,3,0.798,0.0087
RNG(0.3),3.21,3,0.798,0.0087
RNG(0.3),3.22,3,0.798,0.0087
RNG(0.3),3.23,3,0.7981,0.0085
RNG(0.3),3.24,3,0.7981,0.0085
RNG(0.3),3.25,3,0.7981,0.0085
RNG(0.3),3.26,3,0.7981,0.0085
RNG(0.3),3.27,3,0.7981,0.0085
RNG(0.3),3.28,3,0.7981,0.0084
RNG(0.3),3.29,3,0.7981,0.0084
RNG(0.3),3.3,3,0.7981,0.0084
RNG(0.3),3.31,3,0.7981,0.0084
RNG(0.3),3.32,3,0.7981,0.0084
RNG(0.3),3.33,3,0.7981,0.0084
RNG(0.3),3.34,3,0.7981,0.0085
RNG(0.3),3.35,3,0.7981,0.0085
RNG(0.3),3.36,3,0.7981,0.0085
RNG(0.3),3.37,3,0.7981,0.0085
RNG(0.3),3.38,3,0.7981,0.0084
RNG(0.3),3.39,3,0.7981,0.0083
RNG(0.3),3.4,3,0.7981,0.0084
RNG(0.3),3.41,3,0.7982,0.0085
RNG(0.3),3.42,3,0.7982,0.0085
RNG(0.3),3.43,3,0.7982,0.0085
RNG(0.3),3.44,3,0.7982,0.0085
RNG(0.3),3.45,3,0.7982,0.0085
RNG(0.3),3.46,3,0.7983,0.0088
RNG(0.3),3.47,3,0.7983,0.0087
RNG(0.3),3.48,3,0.7984,0.0085
RNG(0.3),3.49,3,0.7984,0.0085
RNG(0.3),3.5,3,0.7984,0.0085
RNG(0.3),3.51,3,0.7985,0.0085
RNG(0.3),3.52,3,0.7985,0.0086
RNG(0.3),3.53,3,0.7985,0.0086
RNG(0.3),3.54,3,0.7985,0.0086
RNG(0.3),3.55,3,0.7985,0.0086
RNG(0.3),3.56,3,0.7985,0.0086
RNG(0.3),3.57,3,0.7985,0.0086
RNG(0.3),3.58,3,0.7985,0.0086
RNG(0.3),3.59,3,0.7983,0.0088
RNG(0.3),3.6,3,0.7983,0.0088
RNG(0.3),3.61,3,0.7983,0.0088
RNG(0.3),3.62,3,0.7984,0.0091
RNG(0.3),3.63,3,0.7984,0.0091
RNG(0.3),3.64,3,0.7983,0.009
RNG(0.3),3.65,3,0.7983,0.009
RNG(0.3),3.66,3,0.7983,0.009
RNG(0.3),3.67,3,0.7983,0.009
RNG(0.3),3.68,3,0.7983,0.009
RNG(0.3),3.69,3,0.7983,0.009
RNG(0.3),3.7,3,0.7983,0.009
RNG(0.3),3.71,3,0.7983,0.009
RNG(0.3),3.72,3,0.7983,0.009
RNG(0.3),3.73,3,0.7984,0.009
RNG(0.3),3.74,3,0.7984,0.009
RNG(0.3),3.75,3,0.7984,0.009
RNG(0.3),3.76,3,0.7983,0.009
RNG(0.3),3.77,3,0.7983,0.009
RNG(0.3),3.78,3,0.7983,0.0089
RNG(0.3),3.79,3,0.7983,0.0089
RNG(0.3),3.8,3,0.7983,0.0089
RNG(0.3),3.81,3,0.7983,0.0089
RNG(0.3),3.82,3,0.7983,0.009
RNG(0.3),3.83,3,0.7983,0.009
RNG(0.3),3.84,3,0.7983,0.009
RNG(0.3),3.85,3,0.7983,0.009
RNG(0.3),3.86,3,0.7983,0.009
RNG(0.3),3.87,3,0.7983,0.0089
RNG(0.3),3.88,3,0.7983,0.0088
RNG(0.3),3.89,3,0.7983,0.0088
RNG(0.3),3.9,3,0.7983,0.0088
RNG(0.3),3.91,3,0.7983,0.0089
RNG(0.3),3.92,3,0.7983,0.0089
RNG(0.3),3.93,3,0.7983,0.0089
RNG(0.3),3.94,3,0.7983,0.0089
RNG(0.3),3.95,3,0.7983,0.0088
RNG(0.3),3.96,3,0.7983,0.0088
RNG(0.3),3.97,3,0.7983,0.0088
RNG(0.3),3.98,3,0.7983,0.0088
RNG(0.3),3.99,3,0.7983,0.0088
RNG(0.3),4.0,3,0.7983,0.0088
RNG(0.3),4.01,3,0.7983,0.009
RNG(0.3),4.02,3,0.7983,0.009
RNG(0.3),4.03,3,0.7982,0.0091
RNG(0.3),4.04,3,0.7982,0.0091
RNG(0.3),4.05,3,0.7982,0.0091
RNG(0.3),4.06,3,0.7982,0.0091
RNG(0.3),4.07,3,0.7982,0.0091
RNG(0.3),4.08,3,0.7983,0.0091
RNG(0.3),4.09,3,0.7983,0.0091
RNG(0.3),4.1,3,0.7983,0.009
RNG(0.3),4.11,3,0.7983,0.009
RNG(0.3),4.12,3,0.7983,0.009
RNG(0.3),4.13,3,0.7983,0.009
RNG(0.3),4.14,3,0.7984,0.0091
RNG(0.3),4.15,3,0.7983,0.0092
RNG(0.3),4.16,3,0.7984,0.0091
RNG(0.3),4.17,3,0.7983,0.0092
RNG(0.3),4.18,3,0.7984,0.0091
RNG(0.3),4.19,3,0.7983,0.0091
RNG(0.3),4.2,3,0.7983,0.0091
RNG(0.3),4.21,3,0.7983,0.0091
RNG(0.3),4.22,3,0.7983,0.0091
RNG(0.3),4.23,3,0.7983,0.0091
RNG(0.3),4.24,3,0.7983,0.0091
RNG(0.3),4.25,3,0.7983,0.0091
RNG(0.3),4.26,3,0.7983,0.0091
RNG(0.3),4.27,3,0.7983,0.0092
RNG(0.3),4.28,3,0.7983,0.0092
RNG(0.3),4.29,3,0.7983,0.0092
RNG(0.3),4.3,3,0.7983,0.0092
RNG(0.3),4.31,3,0.7983,0.0094
RNG(0.3),4.32,3,0.7983,0.0094
RNG(0.3),4.33,3,0.7983,0.0094
RNG(0.3),4.34,3,0.7983,0.0094
RNG(0.3),4.35,3,0.7983,0.0094
RNG(0.3),4.36,3,0.7983,0.0094
RNG(0.3),4.37,3,0.7983,0.0094
RNG(0.3),4.38,3,0.7983,0.0094
RNG(0.3),4.39,3,0.7983,0.0092
RNG(0.3),4.4,3,0.7983,0.0092
RNG(0.3),4.41,3,0.7984,0.0094
RNG(0.3),4.42,3,0.7984,0.0092
RNG(0.3),4.43,3,0.7984,0.0092
RNG(0.3),4.44,3,0.7984,0.0092
RNG(0.3),4.45,3,0.7984,0.0092
RNG(0.3),4.46,3,0.7984,0.0091
RNG(0.3),4.47,3,0.7984,0.0091
RNG(0.3),4.48,3,0.7984,0.0091
RNG(0.3),4.49,3,0.7984,0.009
RNG(0.3),4.5,3,0.7984,0.009
RNG(0.3),4.51,3,0.7984,0.009
RNG(0.3),4.52,3,0.7984,0.009
RNG(0.3),4.53,3,0.7984,0.009
RNG(0.3),4.54,3,0.7984,0.0089
RNG(0.3),4.55,3,0.7984,0.0089
RNG(0.3),4.56,3,0.7984,0.0089
RNG(0.3),4.57,3,0.7984,0.0089
RNG(0.3),4.58,3,0.7983,0.0089
RNG(0.3),4.59,3,0.7983,0.0089
RNG(0.3),4.6,3,0.7983,0.0089
RNG(0.3),4.61,3,0.7983,0.0089
RNG(0.3),4.62,3,0.7983,0.0087
RNG(0.3),4.63,3,0.7983,0.0087
RNG(0.3),4.64,3,0.7983,0.0089
RNG(0.3),4.65,3,0.7983,0.0087
RNG(0.3),4.66,3,0.7983,0.0087
RNG(0.3),4.67,3,0.7983,0.0089
RNG(0.3),4.68,3,0.7983,0.0089
RNG(0.3),4.69,3,0.7983,0.0089
RNG(0.3),4.7,3,0.7983,0.0089
RNG(0.3),4.71,3,0.7983,0.0089
RNG(0.3),4.72,3,0.7983,0.0089
RNG(0.3),4.73,3,0.7983,0.0089
RNG(0.3),4.74,3,0.7983,0.0089
RNG(0.3),4.75,3,0.7983,0.0089
RNG(0.3),4.76,3,0.7984,0.0089
RNG(0.3),4.77,3,0.7984,0.0089
RNG(0.3),4.78,3,0.7984,0.0089
RNG(0.3),4.79,3,0.7983,0.0088
RNG(0.3),4.8,3,0.7984,0.0089
RNG(0.3),4.81,3,0.7984,0.0089
RNG(0.3),4.82,3,0.7984,0.0089
RNG(0.3),4.83,3,0.7984,0.0089
RNG(0.3),4.84,3,0.7984,0.0089
RNG(0.3),4.85,3,0.7984,0.0089
RNG(0.3),4.86,3,0.7984,0.0089
RNG(0.3),4.87,3,0.7984,0.0089
RNG(0.3),4.88,3,0.7984,0.0089
RNG(0.3),4.89,3,0.7984,0.0089
RNG(0.3),4.9,3,0.7984,0.0089
RNG(0.3),4.91,3,0.7984,0.0089
RNG(0.3),4.92,3,0.7985,0.0089
RNG(0.3),4.93,3,0.7985,0.0087
RNG(0.3),4.94,3,0.7985,0.0087
RNG(0.3),4.95,3,0.7985,0.0087
RNG(0.3),4.96,3,0.7985,0.0087
RNG(0.3),4.97,3,0.7985,0.0087
RNG(0.3),4.98,3,0.7985,0.0087
RNG(0.3),4.99,3,0.7985,0.0087
RNG(0.3),5.0,3,0.7986,0.0092
RNG(0.3),5.01,3,0.7986,0.0092
RNG(0.3),5.02,3,0.7986,0.0092
RNG(0.3),5.03,3,0.7986,0.0092
RNG(0.3),5.04,3,0.7986,0.0092
RNG(0.3),5.05,3,0.7986,0.0092
RNG(0.3),5.06,3,0.7986,0.0092
RNG(0.3),5.07,3,0.7986,0.0092
RNG(0.3),5.08,3,0.7986,0.0092
RNG(0.3),5.09,3,0.7986,0.0092
RNG(0.3),5.1,3,0.7986,0.0092
RNG(0.3),5.11,3,0.7986,0.0092
RNG(0.3),5.12,3,0.7986,0.0092
RNG(0.3),5.13,3,0.7986,0.0092
RNG(0.3),5.14,3,0.7986,0.0092
RNG(0.3),5.15,3,0.7986,0.0092
RNG(0.3),5.16,3,0.7986,0.0092
RNG(0.3),5.17,3,0.7986,0.0092
RNG(0.3),5.18,3,0.7986,0.0092
RNG(0.3),5.19,3,0.7986,0.0092
RNG(0.3),5.2,3,0.7986,0.0092
RNG(0.3),5.21,3,0.7986,0.0092
RNG(0.3),5.22,3,0.7986,0.0092
RNG(0.3),5.23,3,0.7986,0.0092
RNG(0.3),5.24,3,0.7986,0.0093
RNG(0.3),5.25,3,0.7985,0.0092
RNG(0.3),5.26,3,0.7985,0.0092
RNG(0.3),5.27,3,0.7985,0.0092
RNG(0.3),5.28,3,0.7985,0.0092
RNG(0.3),5.29,3,0.7985,0.0092
RNG(0.3),5.3,3,0.7985,0.0092
RNG(0.3),5.31,3,0.7985,0.0092
RNG(0.3),5.32,3,0.7985,0.0092
RNG(0.3),5.33,3,0.7985,0.0092
RNG(0.3),5.34,3,0.7985,0.0092
RNG(0.3),5.35,3,0.7985,0.0091
RNG(0.3),5.36,3,0.7985,0.0091
RNG(0.3),5.37,3,0.7985,0.0091
RNG(0.3),5.38,3,0.7985,0.0091
RNG(0.3),5.39,3,0.7985,0.0091
RNG(0.3),5.4,3,0.7985,0.0091
RNG(0.3),5.41,3,0.7985,0.0091
RNG(0.3),5.42,3,0.7985,0.0091
RNG(0.3),5.43,3,0.7985,0.0091
RNG(0.3),5.44,3,0.7985,0.0091
RNG(0.3),5.45,3,0.7985,0.0091
RNG(0.3),5.46,3,0.7985,0.0091
RNG(0.3),5.47,3,0.7985,0.0091
RNG(0.3),5.48,3,0.7985,0.0091
RNG(0.3),5.49,3,0.7985,0.0089
RNG(0.3),5.5,3,0.7985,0.0089
RNG(0.3),5.51,3,0.7985,0.0089
RNG(0.3),5.52,3,0.7985,0.0089
RNG(0.3),5.53,3,0.7985,0.0089
RNG(0.3),5.54,3,0.7985,0.0089
RNG(0.3),5.55,3,0.7985,0.0089
RNG(0.3),5.56,3,0.7985,0.0089
RNG(0.3),5.57,3,0.7985,0.0089
RNG(0.3),5.58,3,0.7985,0.0089
RNG(0.3),5.59,3,0.7985,0.0089
RNG(0.3),5.6,3,0.7985,0.0089
RNG(0.3),5.61,3,0.7985,0.0089
RNG(0.3),5.62,3,0.7985,0.0089
RNG(0.3),5.63,3,0.7985,0.0089
RNG(0.3),5.64,3,0.7985,0.0089
RNG(0.3),5.65,3,0.7985,0.0089
RNG(0.3),5.66,3,0.7985,0.0089
RNG(0.3),5.67,3,0.7985,0.0089
RNG(0.3),5.68,3,0.7985,0.0089
RNG(0.3),5.69,3,0.7985,0.0089
RNG(0.3),5.7,3,0.7985,0.0089
RNG(0.3),5.71,3,0.7985,0.0089
RNG(0.3),5.72,3,0.7985,0.0089
RNG(0.3),5.73,3,0.7986,0.0091
RNG(0.3),5.74,3,0.7986,0.0091
RNG(0.3),5.75,3,0.7986,0.0091
RNG(0.3),5.76,3,0.7986,0.0091
RNG(0.3),5.77,3,0.7986,0.0091
RNG(0.3),5.78,3,0.7986,0.0091
RNG(0.3),5.79,3,0.7986,0.0091
RNG(0.3),5.81,3,0.7986,0.0091
RNG(0.3),5.82,3,0.7986,0.0091
RNG(0.3),5.83,3,0.7986,0.0091
RNG(0.3),5.84,3,0.7986,0.0091
RNG(0.3),5.85,3,0.7986,0.0091
RNG(0.3),5.86,3,0.7986,0.0091
RNG(0.3),5.87,3,0.7986,0.0091
RNG(0.3),5.88,3,0.7986,0.0091
RNG(0.3),5.89,3,0.7986,0.0091
RNG(0.3),5.9,3,0.7986,0.0091
RNG(0.3),5.91,3,0.7986,0.0091
RNG(0.3),5.92,3,0.7986,0.0091
RNG(0.3),5.93,3,0.7986,0.0091
RNG(0.3),5.94,3,0.7986,0.0091
RNG(0.3),5.95,3,0.7986,0.0091
RNG(0.3),5.96,3,0.7986,0.0091
RNG(0.3),5.97,3,0.7986,0.0091
RNG(0.3),5.99,3,0.7986,0.0091
RNG(0.3),6.0,3,0.7986,0.0091
RNG(0.3),6.02,2,0.7968,0.0235
RNG(0.3),6.03,3,0.7986,0.0091
RNG(0.3),6.04,3,0.7986,0.0091
RNG(0.3),6.05,2,0.8004,0.0229
RNG(0.3),6.06,2,0.8004,0.0229
RNG(0.3),6.07,2,0.8004,0.0229
RNG(0.3),6.08,3,0.7986,0.0091
RNG(0.3),6.09,3,0.7986,0.0091
RNG(0.3),6.1,3,0.7986,0.0091
RNG(0.3),6.12,1,0.7986,0.0
RNG(0.3),6.13,3,0.7986,0.0091
RNG(0.3),6.15,3,0.7986,0.0091
RNG(0.3),6.16,2,0.8004,0.0229
RNG(0.3),6.2,1,0.7986,0.0
RNG(0.3),6.21,2,0.8004,0.0229
RNG(0.3),6.22,2,0.8004,0.0229
RNG(0.3),6.25,2,0.8004,0.0229
RNG(0.3),6.26,2,0.8004,0.0229
RNG(0.3),6.28,2,0.8004,0.0229
RNG(0.3),6.31,2,0.7968,0.0235
RNG(0.3),6.32,3,0.7986,0.0091
RNG(0.3),6.34,1,0.7986,0.0
RNG(0.3),6.35,2,0.8004,0.0229
RNG(0.3),6.36,3,0.7986,0.0091
RNG(0.3),6.42,3,0.7986,0.0091
RNG(0.3),6.47,2,0.7968,0.0235
RNG(0.3),6.48,2,0.7968,0.0235
RNG(0.5),0.99,3,0.7703,0.0076
RNG(0.5),1.0,3,0.7703,0.0076
RNG(0.5),1.01,3,0.7704,0.0077
RNG(0.5),1.02,3,0.7708,0.0079
RNG(0.5),1.03,3,0.7715,0.0078
RNG(0.5),1.04,3,0.7727,0.0085
RNG(0.5),1.05,3,0.7742,0.0082
RNG(0.5),1.06,3,0.7757,0.0092
RNG(0.5),1.07,3,0.7771,0.0092
RNG(0.5),1.08,3,0.7785,0.0088
RNG(0.5),1.09,3,0.7798,0.0091
RNG(0.5),1.1,3,0.7805,0.0085
RNG(0.5),1.11,3,0.781,0.0089
RNG(0.5),1.12,3,0.7814,0.0093
RNG(0.5),1.13,3,0.782,0.0089
RNG(0.5),1.14,3,0.7823,0.0091
RNG(0.5),1.15,3,0.7825,0.0092
RNG(0.5),1.16,3,0.7827,0.0091
RNG(0.5),1.17,3,0.7828,0.0091
RNG(0.5),1.18,3,0.7828,0.009
RNG(0.5),1.19,3,0.7829,0.0091
RNG(0.5),1.2,3,0.7829,0.0092
RNG(0.5),1.21,3,0.783,0.0091
RNG(0.5),1.22,3,0.783,0.0092
RNG(0.5),1.23,3,0.783,0.0092
RNG(0.5),1.24,3,0.7831,0.0091
RNG(0.5),1.25,3,0.7831,0.0092
RNG(0.5),1.26,3,0.7831,0.0093
RNG(0.5),1.27,3,0.7832,0.0093
RNG(0.5),1.28,3,0.7832,0.0095
RNG(0.5),1.29,3,0.7833,0.0096
RNG(0.5),1.3,3,0.7833,0.0095
RNG(0.5),1.31,3,0.7834,0.0093
RNG(0.5),1.32,3,0.7834,0.0092
RNG(0.5),1.33,3,0.7834,0.0093
RNG(0.5),1.34,3,0.7835,0.0094
RNG(0.5),1.35,3,0.7836,0.0094
RNG(0.5),1.36,3,0.7836,0.0094
RNG(0.5),1.37,3,0.7837,0.0094
RNG(0.5),1.38,3,0.7837,0.0093
RNG(0.5),1.39,3,0.7838,0.0095
RNG(0.5),1.4,3,0.7839,0.0095
RNG(0.5),1.41,3,0.784,0.0093
RNG(0.5),1.42,3,0.784,0.0095
RNG(0.5),1.43,3,0.7841,0.0093
RNG(0.5),1.44,3,0.7841,0.0092
RNG(0.5),1.45,3,0.7841,0.0092
RNG(0.5),1.46,3,0.7842,0.0093
RNG(0.5),1.47,3,0.7842,0.0093
RNG(0.5),1.48,3,0.7842,0.0092
RNG(0.5),1.49,3,0.7842,0.0092
RNG(0.5),1.5,3,0.7842,0.0092
RNG(0.5),1.51,3,0.7842,0.0092
RNG(0.5),1.52,3,0.7843,0.0091
RNG(0.5),1.53,3,0.7843,0.0091
RNG(0.5),1.54,3,0.7844,0.0091
RNG(0.5),1.55,3,0.7844,0.0091
RNG(0.5),1.56,3,0.7844,0.0092
RNG(0.5),1.57,3,0.7845,0.0091
RNG(0.5),1.58,3,0.7845,0.0091
RNG(0.5),1.59,3,0.7845,0.0092
RNG(0.5),1.6,3,0.7846,0.0091
RNG(0.5),1.61,3,0.7846,0.0092
RNG(0.5),1.62,3,0.7847,0.0094
RNG(0.5),1.63,3,0.7848,0.0094
RNG(0.5),1.64,3,0.7848,0.0094
RNG(0.5),1.65,3,0.7849,0.0095
RNG(0.5),1.66,3,0.7849,0.0095
RNG(0.5),1.67,3,0.7849,0.0096
RNG(0.5),1.68,3,0.7849,0.0096
RNG(0.5),1.69,3,0.785,0.0095
RNG(0.5),1.7,3,0.7851,0.0095
RNG(0.5),1.71,3,0.7851,0.0095
RNG(0.5),1.72,3,0.7851,0.0095
RNG(0.5),1.73,3,0.7851,0.0095
RNG(0.5),1.74,3,0.7852,0.0095
RNG(0.5),1.75,3,0.7852,0.0095
RNG(0.5),1.76,3,0.7852,0.0095
RNG(0.5),1.77,3,0.7853,0.0095
RNG(0.5),1.78,3,0.7853,0.0094
RNG(0.5),1.79,3,0.7854,0.0094
RNG(0.5),1.8,3,0.7855,0.0092
RNG(0.5),1.81,3,0.7856,0.0093
RNG(0.5),1.82,3,0.7856,0.0093
RNG(0.5),1.83,3,0.7857,0.0091
RNG(0.5),1.84,3,0.7857,0.0091
RNG(0.5),1.85,3,0.7858,0.0093
RNG(0.5),1.86,3,0.7858,0.0093
RNG(0.5),1.87,3,0.7859,0.0093
RNG(0.5),1.88,3,0.7859,0.0092
RNG(0.5),1.89,3,0.786,0.009
RNG(0.5),1.9,3,0.786,0.009
RNG(0.5),1.91,3,0.786,0.0089
RNG(0.5),1.92,3,0.786,0.0089
RNG(0.5),1.93,3,0.786,0.0089
RNG(0.5),1.94,3,0.7861,0.0089
RNG(0.5),1.95,3,0.7861,0.0089
RNG(0.5),1.96,3,0.7861,0.0089
RNG(0.5),1.97,3,0.7861,0.0089
RNG(0.5),1.98,3,0.7861,0.009
RNG(0.5),1.99,3,0.7862,0.009
RNG(0.5),2.0,3,0.7862,0.009
RNG(0.5),2.01,3,0.7862,0.0089
RNG(0.5),2.02,3,0.7862,0.0089
RNG(0.5),2.03,3,0.7862,0.0089
RNG(0.5),2.04,3,0.7862,0.0089
RNG(0.5),2.05,3,0.7862,0.0089
RNG(0.5),2.06,3,0.7862,0.009
RNG(0.5),2.07,3,0.7862,0.0091
RNG(0.5),2.08,3,0.7862,0.0091
RNG(0.5),2.09,3,0.7862,0.009
RNG(0.5),2.1,3,0.7863,0.0091
RNG(0.5),2.11,3,0.7864,0.009
RNG(0.5),2.12,3,0.7864,0.0089
RNG(0.5),2.13,3,0.7864,0.0089
RNG(0.5),2.14,3,0.7864,0.0088
RNG(0.5),2.15,3,0.7864,0.0089
RNG(0.5),2.16,3,0.7864,0.0089
RNG(0.5),2.17,3,0.7864,0.0089
RNG(0.5),2.18,3,0.7864,0.0089
RNG(0.5),2.19,3,0.7864,0.0089
RNG(0.5),2.2,3,0.7864,0.0088
RNG(0.5),2.21,3,0.7864,0.0088
RNG(0.5),2.22,3,0.7865,0.0089
RNG(0.5),2.23,3,0.7865,0.0089
RNG(0.5),2.24,3,0.7865,0.0089
RNG(0.5),2.25,3,0.7865,0.0089
RNG(0.5),2.26,3,0.7865,0.0089
RNG(0.5),2.27,3,0.7865,0.0089
RNG(0.5),2.28,3,0.7865,0.0089
RNG(0.5),2.29,3,0.7865,0.009
RNG(0.5),2.3,3,0.7865,0.009
RNG(0.5),2.31,3,0.7865,0.009
RNG(0.5),2.32,3,0.7865,0.009
RNG(0.5),2.33,3,0.7865,0.009
RNG(0.5),2.34,3,0.7865,0.009
RNG(0.5),2.35,3,0.7865,0.009
RNG(0.5),2.36,3,0.7865,0.009
RNG(0.5),2.37,3,0.7866,0.009
RNG(0.5),2.38,3,0.7866,0.009
RNG(0.5),2.39,3,0.7866,0.009
RNG(0.5),2.4,3,0.7866,0.0089
RNG(0.5),2.41,3,0.7866,0.0089
RNG(0.5),2.42,3,0.7866,0.0089
RNG(0.5),2.43,3,0.7866,0.009
RNG(0.5),2.44,3,0.7866,0.009
RNG(0.5),2.45,3,0.7867,0.0091
RNG(0.5),2.46,3,0.7867,0.0091
RNG(0.5),2.47,3,0.7867,0.0092
RNG(0.5),2.48,3,0.7867,0.0092
RNG(0.5),2.49,3,0.7867,0.0092
RNG(0.5),2.5,3,0.7867,0.0092
RNG(0.5),2.51,3,0.7867,0.0091
RNG(0.5),2.52,3,0.7867,0.0091
RNG(0.5),2.53,3,0.7867,0.0092
RNG(0.5),2.54,3,0.7867,0.0092
RNG(0.5),2.55,3,0.7867,0.0092
RNG(0.5),2.56,3,0.7867,0.0092
RNG(0.5),2.57,3,0.7867,0.0092
RNG(0.5),2.58,3,0.7868,0.0091
RNG(0.5),2.59,3,0.7868,0.0091
RNG(0.5),2.6,3,0.7868,0.0091
RNG(0.5),2.61,3,0.7868,0.0091
RNG(0.5),2.62,3,0.7868,0.0091
RNG(0.5),2.63,3,0.7868,0.0091
RNG(0.5),2.64,3,0.7868,0.0091
RNG(0.5),2.65,3,0.7868,0.0091
RNG(0.5),2.66,3,0.7868,0.0091
RNG(0.5),2.67,3,0.7868,0.0091
RNG(0.5),2.68,3,0.7868,0.0091
RNG(0.5),2.69,3,0.7868,0.0091
RNG(0.5),2.7,3,0.7868,0.0091
RNG(0.5),2.71,3,0.7868,0.0089
RNG(0.5),2.72,3,0.7868,0.009
RNG(0.5),2.73,3,0.7868,0.009
RNG(0.5),2.74,3,0.7868,0.009
RNG(0.5),2.75,3,0.7868,0.009
RNG(0.5),2.76,3,0.7868,0.0088
RNG(0.5),2.77,3,0.7868,0.0088
RNG(0.5),2.78,3,0.7868,0.0088
RNG(0.5),2.79,3,0.7868,0.0088
RNG(0.5),2.8,3,0.7868,0.0089
RNG(0.5),2.81,3,0.7868,0.0089
RNG(0.5),2.82,3,0.7868,0.0088
RNG(0.5),2.83,3,0.7868,0.0088
RNG(0.5),2.84,3,0.7868,0.0088
RNG(0.5),2.85,3,0.7868,0.0088
RNG(0.5),2.86,3,0.7869,0.0087
RNG(0.5),2.87,3,0.7869,0.0087
RNG(0.5),2.88,3,0.7869,0.0088
RNG(0.5),2.89,3,0.7869,0.0088
RNG(0.5),2.9,3,0.7869,0.0088
RNG(0.5),2.91,3,0.7869,0.0088
RNG(0.5),2.92,3,0.7869,0.0088
RNG(0.5),2.93,3,0.7869,0.0088
RNG(0.5),2.94,3,0.787,0.0087
RNG(0.5),2.95,3,0.787,0.0087
RNG(0.5),2.96,3,0.787,0.0087
RNG(0.5),2.97,3,0.787,0.0088
RNG(0.5),2.98,3,0.787,0.0088
RNG(0.5),2.99,3,0.787,0.0087
RNG(0.5),3.0,3,0.787,0.0087
RNG(0.5),3.01,3,0.787,0.0086
RNG(0.5),3.02,3,0.787,0.0086
RNG(0.5),3.03,3,0.787,0.0086
RNG(0.5),3.04,3,0.787,0.0087
RNG(0.5),3.05,3,0.787,0.0087
RNG(0.5),3.06,3,0.787,0.0087
RNG(0.5),3.07,3,0.787,0.0087
RNG(0.5),3.08,3,0.787,0.0087
RNG(0.5),3.09,3,0.787,0.0087
RNG(0.5),3.1,3,0.787,0.0087
RNG(0.5),3.11,3,0.787,0.0088
RNG(0.5),3.12,3,0.787,0.0087
RNG(0.5),3.13,3,0.787,0.0087
RNG(0.5),3.14,3,0.787,0.0087
RNG(0.5),3.15,3,0.787,0.0087
RNG(0.5),3.16,3,0.787,0.0087
RNG(0.5),3.17,3,0.787,0.0087
RNG(0.5),3.18,3,0.787,0.0087
RNG(0.5),3.19,3,0.7869,0.0088
RNG(0.5),3.2,3,0.7869,0.0088
RNG(0.5),3.21,3,0.7869,0.0087
RNG(0.5),3.22,3,0.7869,0.0087
RNG(0.5),3.23,3,0.787,0.0084
RNG(0.5),3.24,3,0.787,0.0084
RNG(0.5),3.25,3,0.787,0.0085
RNG(0.5),3.26,3,0.787,0.0085
RNG(0.5),3.27,3,0.787,0.0085
RNG(0.5),3.28,3,0.787,0.0085
RNG(0.5),3.29,3,0.787,0.0085
RNG(0.5),3.3,3,0.787,0.0085
RNG(0.5),3.31,3,0.787,0.0085
RNG(0.5),3.32,3,0.787,0.0085
RNG(0.5),3.33,3,0.787,0.0085
RNG(0.5),3.34,3,0.787,0.0086
RNG(0.5),3.35,3,0.787,0.0086
RNG(0.5),3.36,3,0.787,0.0086
RNG(0.5),3.37,3,0.787,0.0086
RNG(0.5),3.38,3,0.787,0.0086
RNG(0.5),3.39,3,0.7871,0.0085
RNG(0.5),3.4,3,0.7871,0.0085
RNG(0.5),3.41,3,0.7871,0.0086
RNG(0.5),3.42,3,0.7871,0.0086
RNG(0.5),3.43,3,0.7871,0.0086
RNG(0.5),3.44,3,0.7871,0.0086
RNG(0.5),3.45,3,0.7871,0.0086
RNG(0.5),3.46,3,0.7871,0.0086
RNG(0.5),3.47,3,0.7871,0.0086
RNG(0.5),3.48,3,0.7871,0.0085
RNG(0.5),3.49,3,0.7871,0.0085
RNG(0.5),3.5,3,0.7871,0.0085
RNG(0.5),3.51,3,0.7871,0.0085
RNG(0.5),3.52,3,0.7871,0.0085
RNG(0.5),3.53,3,0.7871,0.0085
RNG(0.5),3.54,3,0.7871,0.0085
RNG(0.5),3.55,3,0.787,0.0085
RNG(0.5),3.56,3,0.787,0.0085
RNG(0.5),3.57,3,0.787,0.0085
RNG(0.5),3.58,3,0.787,0.0085
RNG(0.5),3.59,3,0.7869,0.0088
RNG(0.5),3.6,3,0.7869,0.0088
RNG(0.5),3.61,3,0.7869,0.0088
RNG(0.5),3.62,3,0.7869,0.0089
RNG(0.5),3.63,3,0.7869,0.0089
RNG(0.5),3.64,3,0.7869,0.0089
RNG(0.5),3.65,3,0.7869,0.0089
RNG(0.5),3.66,3,0.7869,0.0089
RNG(0.5),3.67,3,0.7869,0.009
RNG(0.5),3.68,3,0.7869,0.009
RNG(0.5),3.69,3,0.7869,0.009
RNG(0.5),3.7,3,0.7869,0.009
RNG(0.5),3.71,3,0.7869,0.009
RNG(0.5),3.72,3,0.7869,0.009
RNG(0.5),3.73,3,0.7869,0.009
RNG(0.5),3.74,3,0.7869,0.009
RNG(0.5),3.75,3,0.7869,0.009
RNG(0.5),3.76,3,0.7868,0.0088
RNG(0.5),3.77,3,0.7868,0.0088
RNG(0.5),3.78,3,0.7868,0.0088
RNG(0.5),3.79,3,0.7868,0.0088
RNG(0.5),3.8,3,0.7869,0.0089
RNG(0.5),3.81,3,0.7869,0.0089
RNG(0.5),3.82,3,0.7869,0.0089
RNG(0.5),3.83,3,0.7869,0.0089
RNG(0.5),3.84,3,0.7869,0.0089
RNG(0.5),3.85,3,0.7869,0.0089
RNG(0.5),3.86,3,0.7869,0.0089
RNG(0.5),3.87,3,0.7869,0.0088
RNG(0.5),3.88,3,0.7869,0.0088
RNG(0.5),3.89,3,0.7869,0.0088
RNG(0.5),3.9,3,0.7869,0.0088
RNG(0.5),3.91,3,0.7869,0.0088
RNG(0.5),3.92,3,0.7869,0.0088
RNG(0.5),3.93,3,0.7869,0.0088
RNG(0.5),3.94,3,0.7869,0.0088
RNG(0.5),3.95,3,0.7869,0.0088
RNG(0.5),3.96,3,0.7869,0.0088
RNG(0.5),3.97,3,0.7869,0.0088
RNG(0.5),3.98,3,0.7869,0.0088
RNG(0.5),3.99,3,0.7869,0.0088
RNG(0.5),4.0,3,0.7869,0.0088
RNG(0.5),4.01,3,0.7869,0.0088
RNG(0.5),4.02,3,0.7869,0.0088
RNG(0.5),4.03,3,0.7869,0.0089
RNG(0.5),4.04,3,0.7869,0.0089
RNG(0.5),4.05,3,0.7869,0.0089
RNG(0.5),4.06,3,0.7869,0.0089
RNG(0.5),4.07,3,0.7869,0.0089
RNG(0.5),4.08,3,0.7869,0.0089
RNG(0.5),4.09,3,0.7869,0.0089
RNG(0.5),4.1,3,0.7869,0.0089
RNG(0.5),4.11,3,0.7869,0.0089
RNG(0.5),4.12,3,0.7869,0.0089
RNG(0.5),4.13,3,0.7869,0.0089
RNG(0.5),4.14,3,0.7869,0.0089
RNG(0.5),4.15,3,0.7869,0.0089
RNG(0.5),4.16,3,0.7869,0.0089
RNG(0.5),4.17,3,0.7869,0.0091
RNG(0.5),4.18,3,0.7869,0.0091
RNG(0.5),4.19,3,0.7869,0.0091
RNG(0.5),4.2,3,0.7869,0.0091
RNG(0.5),4.21,3,0.7868,0.0092
RNG(0.5),4.22,3,0.7868,0.0092
RNG(0.5),4.23,3,0.7869,0.0092
RNG(0.5),4.24,3,0.7869,0.0092
RNG(0.5),4.25,3,0.7869,0.0092
RNG(0.5),4.26,3,0.7869,0.0092
RNG(0.5),4.27,3,0.7869,0.0092
RNG(0.5),4.28,3,0.7869,0.0092
RNG(0.5),4.29,3,0.7869,0.0094
RNG(0.5),4.3,3,0.7869,0.0094
RNG(0.5),4.31,3,0.7869,0.0094
RNG(0.5),4.32,3,0.7869,0.0094
RNG(0.5),4.33,3,0.7869,0.0094
RNG(0.5),4.34,3,0.7869,0.0094
RNG(0.5),4.35,3,0.7869,0.0094
RNG(0.5),4.36,3,0.7869,0.0094
RNG(0.5),4.37,3,0.7869,0.0094
RNG(0.5),4.38,3,0.7869,0.0094
RNG(0.5),4.39,3,0.7869,0.0094
RNG(0.5),4.4,3,0.7869,0.0094
RNG(0.5),4.41,3,0.7869,0.0094
RNG(0.5),4.42,3,0.7869,0.0094
RNG(0.5),4.43,3,0.7869,0.0094
RNG(0.5),4.44,3,0.7869,0.0094
RNG(0.5),4.45,3,0.7869,0.0094
RNG(0.5),4.46,3,0.7869,0.0094
RNG(0.5),4.47,3,0.7869,0.0094
RNG(0.5),4.48,3,0.7869,0.0092
RNG(0.5),4.49,3,0.7869,0.0092
RNG(0.5),4.5,3,0.7869,0.0092
RNG(0.5),4.51,3,0.7869,0.0092
RNG(0.5),4.52,3,0.7869,0.0092
RNG(0.5),4.53,3,0.7869,0.0092
RNG(0.5),4.54,3,0.7868,0.0091
RNG(0.5),4.55,3,0.7868,0.0091
RNG(0.5),4.56,3,0.7868,0.0091
RNG(0.5),4.57,3,0.7868,0.0091
RNG(0.5),4.58,3,0.7868,0.0091
RNG(0.5),4.59,3,0.7868,0.0091
RNG(0.5),4.6,3,0.7868,0.0091
RNG(0.5),4.61,3,0.7868,0.0091
RNG(0.5),4.62,3,0.7868,0.0091
RNG(0.5),4.63,3,0.7868,0.0091
RNG(0.5),4.64,3,0.7868,0.0091
RNG(0.5),4.65,3,0.7868,0.0091
RNG(0.5),4.66,3,0.7868,0.0091
RNG(0.5),4.67,3,0.7868,0.0091
RNG(0.5),4.68,3,0.7868,0.0091
RNG(0.5),4.69,3,0.7868,0.0091
RNG(0.5),4.7,3,0.7868,0.0091
RNG(0.5),4.71,3,0.7868,0.0091
RNG(0.5),4.72,3,0.7868,0.0091
RNG(0.5),4.73,3,0.7868,0.0091
RNG(0.5),4.74,3,0.7868,0.0091
RNG(0.5),4.75,3,0.7868,0.0093
RNG(0.5),4.76,3,0.7868,0.0093
RNG(0.5),4.77,3,0.7868,0.0093
RNG(0.5),4.78,3,0.7868,0.0093
RNG(0.5),4.79,3,0.7868,0.0093
RNG(0.5),4.8,3,0.7868,0.0093
RNG(0.5),4.81,3,0.7868,0.0091
RNG(0.5),4.82,3,0.7868,0.0091
RNG(0.5),4.83,3,0.7868,0.0091
RNG(0.5),4.84,3,0.7868,0.0091
RNG(0.5),4.85,3,0.7868,0.0091
RNG(0.5),4.86,3,0.7868,0.0091
RNG(0.5),4.87,3,0.7868,0.0091
RNG(0.5),4.88,3,0.7868,0.0091
RNG(0.5),4.89,3,0.7868,0.0091
RNG(0.5),4.9,3,0.7868,0.0091
RNG(0.5),4.91,3,0.7868,0.0091
RNG(0.5),4.92,3,0.7868,0.0091
RNG(0.5),4.93,3,0.7869,0.009
RNG(0.5),4.94,3,0.7869,0.009
RNG(0.5),4.95,3,0.7869,0.009
RNG(0.5),4.96,3,0.7869,0.009
RNG(0.5),4.97,3,0.7869,0.009
RNG(0.5),4.98,3,0.7869,0.009
RNG(0.5),4.99,3,0.7869,0.009
RNG(0.5),5.0,3,0.787,0.0094
RNG(0.5),5.01,3,0.787,0.0094
RNG(0.5),5.02,3,0.787,0.0094
RNG(0.5),5.03,3,0.787,0.0094
RNG(0.5),5.04,3,0.787,0.0094
RNG(0.5),5.05,3,0.787,0.0094
RNG(0.5),5.06,3,0.787,0.0094
RNG(0.5),5.07,3,0.787,0.0094
RNG(0.5),5.08,3,0.787,0.0094
RNG(0.5),5.09,3,0.787,0.0094
RNG(0.5),5.1,3,0.787,0.0093
RNG(0.5),5.11,3,0.787,0.0093
RNG(0.5),5.12,3,0.787,0.0093
RNG(0.5),5.13,3,0.787,0.0093
RNG(0.5),5.14,3,0.787,0.0093
RNG(0.5),5.15,3,0.787,0.0093
RNG(0.5),5.16,3,0.787,0.0093
RNG(0.5),5.17,3,0.787,0.0093
RNG(0.5),5.18,3,0.787,0.0093
RNG(0.5),5.19,3,0.787,0.0093
RNG(0.5),5.2,3,0.787,0.0093
RNG(0.5),5.21,3,0.787,0.0093
RNG(0.5),5.22,3,0.787,0.0093
RNG(0.5),5.23,3,0.787,0.0093
RNG(0.5),5.24,3,0.7869,0.0095
RNG(0.5),5.25,3,0.7869,0.0095
RNG(0.5),5.26,3,0.7869,0.0095
RNG(0.5),5.27,3,0.7869,0.0095
RNG(0.5),5.28,3,0.7869,0.0095
RNG(0.5),5.29,3,0.7869,0.0095
RNG(0.5),5.3,3,0.7869,0.0095
RNG(0.5),5.31,3,0.7869,0.0095
RNG(0.5),5.32,3,0.7869,0.0095
RNG(0.5),5.33,3,0.7869,0.0095
RNG(0.5),5.34,3,0.7869,0.0095
RNG(0.5),5.35,3,0.787,0.0093
RNG(0.5),5.36,3,0.787,0.0093
RNG(0.5),5.37,3,0.787,0.0093
RNG(0.5),5.38,3,0.787,0.0093
RNG(0.5),5.39,3,0.787,0.0093
RNG(0.5),5.4,3,0.787,0.0093
RNG(0.5),5.41,3,0.787,0.0093
RNG(0.5),5.42,3,0.787,0.0093
RNG(0.5),5.43,3,0.7869,0.0093
RNG(0.5),5.44,3,0.7869,0.0093
RNG(0.5),5.45,3,0.7869,0.0093
RNG(0.5),5.46,3,0.7869,0.0093
RNG(0.5),5.47,3,0.7869,0.0093
RNG(0.5),5.48,3,0.7869,0.0093
RNG(0.5),5.49,3,0.7869,0.0093
RNG(0.5),5.5,3,0.7869,0.0093
RNG(0.5),5.51,3,0.7869,0.0093
RNG(0.5),5.52,3,0.7869,0.0093
RNG(0.5),5.53,3,0.7869,0.0093
RNG(0.5),5.54,3,0.7869,0.0093
RNG(0.5),5.55,3,0.7869,0.0093
RNG(0.5),5.56,3,0.7869,0.0093
RNG(0.5),5.57,3,0.7869,0.0093
RNG(0.5),5.58,3,0.7869,0.0093
RNG(0.5),5.59,3,0.7869,0.0093
RNG(0.5),5.6,3,0.7869,0.0093
RNG(0.5),5.61,3,0.7869,0.0093
RNG(0.5),5.62,3,0.7869,0.0093
RNG(0.5),5.63,3,0.7869,0.0093
RNG(0.5),5.64,3,0.7869,0.0093
RNG(0.5),5.65,3,0.7869,0.0093
RNG(0.5),5.66,3,0.7869,0.0093
RNG(0.5),5.67,3,0.7869,0.0093
RNG(0.5),5.68,3,0.7869,0.0093
RNG(0.5),5.69,3,0.7869,0.0093
RNG(0.5),5.7,3,0.7869,0.0093
RNG(0.5),5.71,3,0.7869,0.0093
RNG(0.5),5.72,3,0.7869,0.0093
RNG(0.5),5.73,3,0.7869,0.0093
RNG(0.5),5.74,3,0.7869,0.0093
RNG(0.5),5.75,3,0.7869,0.0093
RNG(0.5),5.76,3,0.7869,0.0093
RNG(0.5),5.77,3,0.7869,0.0093
RNG(0.5),5.78,3,0.7869,0.0093
RNG(0.5),5.79,3,0.7869,0.0093
RNG(0.5),5.81,3,0.7869,0.0093
RNG(0.5),5.82,3,0.7869,0.0093
RNG(0.5),5.83,3,0.7869,0.0093
RNG(0.5),5.84,3,0.7869,0.0093
RNG(0.5),5.85,3,0.7869,0.0093
RNG(0.5),5.86,3,0.7869,0.0093
RNG(0.5),5.87,3,0.7869,0.0093
RNG(0.5),5.88,3,0.7869,0.0093
RNG(0.5),5.89,3,0.7869,0.0093
RNG(0.5),5.9,3,0.7869,0.0093
RNG(0.5),5.91,3,0.7869,0.0093
RNG(0.5),5.92,3,0.7869,0.0093
RNG(0.5),5.93,3,0.7869,0.0093
RNG(0.5),5.94,3,0.7869,0.0093
RNG(0.5),5.95,3,0.7869,0.0093
RNG(0.5),5.96,3,0.7869,0.0093
RNG(0.5),5.97,3,0.7869,0.0093
RNG(0.5),5.99,3,0.7869,0.0093
RNG(0.5),6.0,3,0.7869,0.0093
RNG(0.5),6.02,2,0.7853,0.0299
RNG(0.5),6.03,3,0.7869,0.0093
RNG(0.5),6.04,3,0.7869,0.0093
RNG(0.5),6.05,2,0.789,0.0172
RNG(0.5),6.06,2,0.789,0.0172
RNG(0.5),6.07,2,0.789,0.0172
RNG(0.5),6.08,3,0.7869,0.0093
RNG(0.5),6.09,3,0.7869,0.0093
RNG(0.5),6.1,3,0.7869,0.0093
RNG(0.5),6.12,1,0.7876,0.0
RNG(0.5),6.13,3,0.7869,0.0093
RNG(0.5),6.15,3,0.7869,0.0093
RNG(0.5),6.16,2,0.789,0.0172
RNG(0.5),6.2,1,0.7876,0.0
RNG(0.5),6.21,2,0.789,0.0172
RNG(0.5),6.22,2,0.789,0.0172
RNG(0.5),6.25,2,0.789,0.0172
RNG(0.5),6.26,2,0.789,0.0172
RNG(0.5),6.28,2,0.789,0.0172
RNG(0.5),6.31,2,0.7853,0.0299
RNG(0.5),6.32,3,0.7869,0.0093
RNG(0.5),6.34,1,0.7876,0.0
RNG(0.5),6.35,2,0.789,0.0172
RNG(0.5),6.36,3,0.7869,0.0093
RNG(0.5),6.42,3,0.7869,0.0093
RNG(0.5),6.47,2,0.7853,0.0299
RNG(0.5),6.48,2,0.7853,0.0299
RNG(1),0.99,3,0.7703,0.0076
RNG(1),1.0,3,0.7703,0.0076
RNG(1),1.01,3,0.7704,0.0075
RNG(1),1.02,3,0.7705,0.0078
RNG(1),1.03,3,0.7707,0.0075
RNG(1),1.04,3,0.771,0.0077
RNG(1),1.05,3,0.7714,0.0078
RNG(1),1.06,3,0.772,0.0081
RNG(1),1.07,3,0.7725,0.0081
RNG(1),1.08,3,0.7732,0.0076
RNG(1),1.09,3,0.7736,0.0078
RNG(1),1.1,3,0.7739,0.0076
RNG(1),1.11,3,0.7741,0.0079
RNG(1),1.12,3,0.7743,0.008
RNG(1),1.13,3,0.7746,0.0079
RNG(1),1.14,3,0.7748,0.0081
RNG(1),1.15,3,0.7749,0.0082
RNG(1),1.16,3,0.775,0.0083
RNG(1),1.17,3,0.775,0.0082
RNG(1),1.18,3,0.7751,0.0081
RNG(1),1.19,3,0.7751,0.0081
RNG(1),1.2,3,0.7751,0.0081
RNG(1),1.21,3,0.7751,0.0081
RNG(1),1.22,3,0.7751,0.0081
RNG(1),1.23,3,0.7751,0.0081
RNG(1),1.24,3,0.7751,0.0081
RNG(1),1.25,3,0.7751,0.0081
RNG(1),1.26,3,0.7751,0.0082
RNG(1),1.27,3,0.7751,0.0082
RNG(1),1.28,3,0.7751,0.0082
RNG(1),1.29,3,0.7752,0.0083
RNG(1),1.3,3,0.7752,0.0084
RNG(1),1.31,3,0.7752,0.0082
RNG(1),1.32,3,0.7752,0.0082
RNG(1),1.33,3,0.7753,0.0083
RNG(1),1.34,3,0.7753,0.0083
RNG(1),1.35,3,0.7753,0.0082
RNG(1),1.36,3,0.7753,0.0082
RNG(1),1.37,3,0.7753,0.0082
RNG(1),1.38,3,0.7754,0.0083
RNG(1),1.39,3,0.7754,0.0083
RNG(1),1.4,3,0.7754,0.0082
RNG(1),1.41,3,0.7755,0.0082
RNG(1),1.42,3,0.7755,0.008
RNG(1),1.43,3,0.7755,0.008
RNG(1),1.44,3,0.7756,0.0081
RNG(1),1.45,3,0.7756,0.0081
RNG(1),1.46,3,0.7756,0.0081
RNG(1),1.47,3,0.7756,0.0081
RNG(1),1.48,3,0.7756,0.008
RNG(1),1.49,3,0.7756,0.008
RNG(1),1.5,3,0.7756,0.008
RNG(1),1.51,3,0.7756,0.008
RNG(1),1.52,3,0.7756,0.008
RNG(1),1.53,3,0.7757,0.0078
RNG(1),1.54,3,0.7757,0.0078
RNG(1),1.55,3,0.7757,0.0077
RNG(1),1.56,3,0.7757,0.0077
RNG(1),1.57,3,0.7757,0.0077
RNG(1),1.58,3,0.7758,0.0078
RNG(1),1.59,3,0.7758,0.0078
RNG(1),1.6,3,0.7758,0.0078
RNG(1),1.61,3,0.7758,0.0079
RNG(1),1.62,3,0.7759,0.008
RNG(1),1.63,3,0.7759,0.008
RNG(1),1.64,3,0.7759,0.0082
RNG(1),1.65,3,0.7759,0.0082
RNG(1),1.66,3,0.7759,0.0082
RNG(1),1.67,3,0.7759,0.0082
RNG(1),1.68,3,0.776,0.0082
RNG(1),1.69,3,0.776,0.0082
RNG(1),1.7,3,0.776,0.0081
RNG(1),1.71,3,0.776,0.0081
RNG(1),1.72,3,0.776,0.0081
RNG(1),1.73,3,0.776,0.0082
RNG(1),1.74,3,0.776,0.0082
RNG(1),1.75,3,0.776,0.0082
RNG(1),1.76,3,0.776,0.0082
RNG(1),1.77,3,0.7761,0.0081
RNG(1),1.78,3,0.7761,0.0079
RNG(1),1.79,3,0.7762,0.0081
RNG(1),1.8,3,0.7762,0.0081
RNG(1),1.81,3,0.7762,0.0081
RNG(1),1.82,3,0.7762,0.0081
RNG(1),1.83,3,0.7763,0.008
RNG(1),1.84,3,0.7763,0.008
RNG(1),1.85,3,0.7763,0.0081
RNG(1),1.86,3,0.7763,0.0081
RNG(1),1.87,3,0.7763,0.0082
RNG(1),1.88,3,0.7764,0.008
RNG(1),1.89,3,0.7764,0.008
RNG(1),1.9,3,0.7764,0.008
RNG(1),1.91,3,0.7764,0.008
RNG(1),1.92,3,0.7764,0.008
RNG(1),1.93,3,0.7764,0.0079
RNG(1),1.94,3,0.7764,0.0079
RNG(1),1.95,3,0.7764,0.0079
RNG(1),1.96,3,0.7764,0.0079
RNG(1),1.97,3,0.7764,0.0079
RNG(1),1.98,3,0.7764,0.0079
RNG(1),1.99,3,0.7764,0.0079
RNG(1),2.0,3,0.7764,0.0079
RNG(1),2.01,3,0.7765,0.008
RNG(1),2.02,3,0.7764,0.0079
RNG(1),2.03,3,0.7764,0.0079
RNG(1),2.04,3,0.7764,0.0079
RNG(1),2.05,3,0.7764,0.0079
RNG(1),2.06,3,0.7765,0.008
RNG(1),2.07,3,0.7765,0.008
RNG(1),2.08,3,0.7765,0.008
RNG(1),2.09,3,0.7765,0.0081
RNG(1),2.1,3,0.7765,0.0081
RNG(1),2.11,3,0.7765,0.0079
RNG(1),2.12,3,0.7765,0.0079
RNG(1),2.13,3,0.7765,0.0079
RNG(1),2.14,3,0.7765,0.0079
RNG(1),2.15,3,0.7766,0.008
RNG(1),2.16,3,0.7766,0.008
RNG(1),2.17,3,0.7766,0.008
RNG(1),2.18,3,0.7766,0.008
RNG(1),2.19,3,0.7766,0.008
RNG(1),2.2,3,0.7766,0.008
RNG(1),2.21,3,0.7766,0.008
RNG(1),2.22,3,0.7766,0.008
RNG(1),2.23,3,0.7766,0.008
RNG(1),2.24,3,0.7766,0.008
RNG(1),2.25,3,0.7766,0.008
RNG(1),2.26,3,0.7766,0.008
RNG(1),2.27,3,0.7766,0.008
RNG(1),2.28,3,0.7766,0.008
RNG(1),2.29,3,0.7766,0.0081
RNG(1),2.3,3,0.7766,0.0081
RNG(1),2.31,3,0.7766,0.0081
RNG(1),2.32,3,0.7766,0.0081
RNG(1),2.33,3,0.7766,0.0081
RNG(1),2.34,3,0.7766,0.0081
RNG(1),2.35,3,0.7766,0.0081
RNG(1),2.36,3,0.7766,0.0081
RNG(1),2.37,3,0.7766,0.0081
RNG(1),2.38,3,0.7766,0.0081
RNG(1),2.39,3,0.7766,0.0081
RNG(1),2.4,3,0.7766,0.0079
RNG(1),2.41,3,0.7766,0.0079
RNG(1),2.42,3,0.7766,0.0079
RNG(1),2.43,3,0.7766,0.0079
RNG(1),2.44,3,0.7766,0.0079
RNG(1),2.45,3,0.7766,0.0079
RNG(1),2.46,3,0.7766,0.0079
RNG(1),2.47,3,0.7766,0.0079
RNG(1),2.48,3,0.7766,0.0079
RNG(1),2.49,3,0.7766,0.0079
RNG(1),2.5,3,0.7766,0.0079
RNG(1),2.51,3,0.7766,0.0079
RNG(1),2.52,3,0.7766,0.0079
RNG(1),2.53,3,0.7766,0.0079
RNG(1),2.54,3,0.7766,0.0079
RNG(1),2.55,3,0.7766,0.0079
RNG(1),2.56,3,0.7766,0.0079
RNG(1),2.57,3,0.7766,0.0079
RNG(1),2.58,3,0.7766,0.0079
RNG(1),2.59,3,0.7766,0.0079
RNG(1),2.6,3,0.7766,0.0079
RNG(1),2.61,3,0.7766,0.0079
RNG(1),2.62,3,0.7766,0.0079
RNG(1),2.63,3,0.7766,0.0079
RNG(1),2.64,3,0.7766,0.0079
RNG(1),2.65,3,0.7766,0.0079
RNG(1),2.66,3,0.7766,0.0079
RNG(1),2.67,3,0.7766,0.0079
RNG(1),2.68,3,0.7766,0.0079
RNG(1),2.69,3,0.7766,0.0079
RNG(1),2.7,3,0.7766,0.0079
RNG(1),2.71,3,0.7767,0.0078
RNG(1),2.72,3,0.7767,0.0078
RNG(1),2.73,3,0.7767,0.0078
RNG(1),2.74,3,0.7767,0.0078
RNG(1),2.75,3,0.7767,0.0077
RNG(1),2.76,3,0.7767,0.0077
RNG(1),2.77,3,0.7767,0.0077
RNG(1),2.78,3,0.7767,0.0077
RNG(1),2.79,3,0.7767,0.0077
RNG(1),2.8,3,0.7767,0.0077
RNG(1),2.81,3,0.7767,0.0077
RNG(1),2.82,3,0.7767,0.0077
RNG(1),2.83,3,0.7767,0.0077
RNG(1),2.84,3,0.7767,0.0077
RNG(1),2.85,3,0.7767,0.0077
RNG(1),2.86,3,0.7767,0.0077
RNG(1),2.87,3,0.7767,0.0077
RNG(1),2.88,3,0.7767,0.0077
RNG(1),2.89,3,0.7767,0.0077
RNG(1),2.9,3,0.7767,0.0077
RNG(1),2.91,3,0.7767,0.0077
RNG(1),2.92,3,0.7767,0.0077
RNG(1),2.93,3,0.7768,0.0076
RNG(1),2.94,3,0.7768,0.0076
RNG(1),2.95,3,0.7768,0.0076
RNG(1),2.96,3,0.7768,0.0076
RNG(1),2.97,3,0.7768,0.0076
RNG(1),2.98,3,0.7768,0.0076
RNG(1),2.99,3,0.7767,0.0075
RNG(1),3.0,3,0.7767,0.0075
RNG(1),3.01,3,0.7767,0.0075
RNG(1),3.02,3,0.7767,0.0075
RNG(1),3.03,3,0.7767,0.0075
RNG(1),3.04,3,0.7767,0.0075
RNG(1),3.05,3,0.7767,0.0075
RNG(1),3.06,3,0.7767,0.0075
RNG(1),3.07,3,0.7767,0.0075
RNG(1),3.08,3,0.7767,0.0075
RNG(1),3.09,3,0.7767,0.0075
RNG(1),3.1,3,0.7767,0.0075
RNG(1),3.11,3,0.7768,0.0076
RNG(1),3.12,3,0.7767,0.0075
RNG(1),3.13,3,0.7767,0.0075
RNG(1),3.14,3,0.7767,0.0075
RNG(1),3.15,3,0.7767,0.0075
RNG(1),3.16,3,0.7767,0.0075
RNG(1),3.17,3,0.7767,0.0074
RNG(1),3.18,3,0.7767,0.0074
RNG(1),3.19,3,0.7767,0.0074
RNG(1),3.2,3,0.7767,0.0074
RNG(1),3.21,3,0.7767,0.0074
RNG(1),3.22,3,0.7767,0.0074
RNG(1),3.23,3,0.7768,0.0076
RNG(1),3.24,3,0.7768,0.0076
RNG(1),3.25,3,0.7768,0.0076
RNG(1),3.26,3,0.7768,0.0076
RNG(1),3.27,3,0.7768,0.0076
RNG(1),3.28,3,0.7768,0.0076
RNG(1),3.29,3,0.7768,0.0076
RNG(1),3.3,3,0.7768,0.0076
RNG(1),3.31,3,0.7768,0.0076
RNG(1),3.32,3,0.7768,0.0076
RNG(1),3.33,3,0.7768,0.0076
RNG(1),3.34,3,0.7768,0.0076
RNG(1),3.35,3,0.7768,0.0076
RNG(1),3.36,3,0.7768,0.0076
RNG(1),3.37,3,0.7768,0.0076
RNG(1),3.38,3,0.7768,0.0076
RNG(1),3.39,3,0.7768,0.0076
RNG(1),3.4,3,0.7768,0.0076
RNG(1),3.41,3,0.7768,0.0077
RNG(1),3.42,3,0.7768,0.0077
RNG(1),3.43,3,0.7768,0.0075
RNG(1),3.44,3,0.7768,0.0075
RNG(1),3.45,3,0.7768,0.0075
RNG(1),3.46,3,0.7768,0.0075
RNG(1),3.47,3,0.7768,0.0075
RNG(1),3.48,3,0.7768,0.0074
RNG(1),3.49,3,0.7768,0.0074
RNG(1),3.5,3,0.7768,0.0074
RNG(1),3.51,3,0.7768,0.0074
RNG(1),3.52,3,0.7768,0.0074
RNG(1),3.53,3,0.7768,0.0074
RNG(1),3.54,3,0.7768,0.0074
RNG(1),3.55,3,0.7768,0.0074
RNG(1),3.56,3,0.7768,0.0074
RNG(1),3.57,3,0.7768,0.0074
RNG(1),3.58,3,0.7768,0.0074
RNG(1),3.59,3,0.7768,0.0075
RNG(1),3.6,3,0.7768,0.0075
RNG(1),3.61,3,0.7768,0.0075
RNG(1),3.62,3,0.7768,0.0075
RNG(1),3.63,3,0.7768,0.0075
RNG(1),3.64,3,0.7768,0.0075
RNG(1),3.65,3,0.7768,0.0075
RNG(1),3.66,3,0.7768,0.0075
RNG(1),3.67,3,0.7768,0.0075
RNG(1),3.68,3,0.7768,0.0075
RNG(1),3.69,3,0.7768,0.0075
RNG(1),3.7,3,0.7768,0.0075
RNG(1),3.71,3,0.7768,0.0075
RNG(1),3.72,3,0.7768,0.0075
RNG(1),3.73,3,0.7768,0.0075
RNG(1),3.74,3,0.7768,0.0075
RNG(1),3.75,3,0.7768,0.0075
RNG(1),3.76,3,0.7768,0.0075
RNG(1),3.77,3,0.7768,0.0075
RNG(1),3.78,3,0.7768,0.0075
RNG(1),3.79,3,0.7768,0.0075
RNG(1),3.8,3,0.7768,0.0075
RNG(1),3.81,3,0.7768,0.0075
RNG(1),3.82,3,0.7768,0.0075
RNG(1),3.83,3,0.7768,0.0075
RNG(1),3.84,3,0.7768,0.0075
RNG(1),3.85,3,0.7768,0.0075
RNG(1),3.86,3,0.7768,0.0075
RNG(1),3.87,3,0.7768,0.0075
RNG(1),3.88,3,0.7768,0.0075
RNG(1),3.89,3,0.7768,0.0075
RNG(1),3.9,3,0.7768,0.0075
RNG(1),3.91,3,0.7768,0.0075
RNG(1),3.92,3,0.7768,0.0075
RNG(1),3.93,3,0.7768,0.0075
RNG(1),3.94,3,0.7768,0.0075
RNG(1),3.95,3,0.7768,0.0075
RNG(1),3.96,3,0.7768,0.0075
RNG(1),3.97,3,0.7768,0.0075
RNG(1),3.98,3,0.7768,0.0075
RNG(1),3.99,3,0.7768,0.0075
RNG(1),4.0,3,0.7768,0.0075
RNG(1),4.01,3,0.7768,0.0075
RNG(1),4.02,3,0.7768,0.0075
RNG(1),4.03,3,0.7768,0.0077
RNG(1),4.04,3,0.7768,0.0077
RNG(1),4.05,3,0.7768,0.0077
RNG(1),4.06,3,0.7768,0.0076
RNG(1),4.07,3,0.7768,0.0076
RNG(1),4.08,3,0.7768,0.0076
RNG(1),4.09,3,0.7768,0.0076
RNG(1),4.1,3,0.7768,0.0076
RNG(1),4.11,3,0.7768,0.0076
RNG(1),4.12,3,0.7768,0.0076
RNG(1),4.13,3,0.7768,0.0076
RNG(1),4.14,3,0.7768,0.0076
RNG(1),4.15,3,0.7768,0.0076
RNG(1),4.16,3,0.7768,0.0076
RNG(1),4.17,3,0.7768,0.0076
RNG(1),4.18,3,0.7768,0.0076
RNG(1),4.19,3,0.7768,0.0076
RNG(1),4.2,3,0.7768,0.0076
RNG(1),4.21,3,0.7768,0.0076
RNG(1),4.22,3,0.7768,0.0076
RNG(1),4.23,3,0.7768,0.0076
RNG(1),4.24,3,0.7768,0.0076
RNG(1),4.25,3,0.7768,0.0076
RNG(1),4.26,3,0.7768,0.0076
RNG(1),4.27,3,0.7768,0.0076
RNG(1),4.28,3,0.7768,0.0076
RNG(1),4.29,3,0.7768,0.0076
RNG(1),4.3,3,0.7768,0.0076
RNG(1),4.31,3,0.7768,0.0076
RNG(1),4.32,3,0.7768,0.0076
RNG(1),4.33,3,0.7768,0.0076
RNG(1),4.34,3,0.7768,0.0076
RNG(1),4.35,3,0.7768,0.0076
RNG(1),4.36,3,0.7768,0.0076
RNG(1),4.37,3,0.7768,0.0076
RNG(1),4.38,3,0.7768,0.0076
RNG(1),4.39,3,0.7768,0.0076
RNG(1),4.4,3,0.7768,0.0076
RNG(1),4.41,3,0.7768,0.0076
RNG(1),4.42,3,0.7768,0.0076
RNG(1),4.43,3,0.7768,0.0076
RNG(1),4.44,3,0.7768,0.0076
RNG(1),4.45,3,0.7768,0.0076
RNG(1),4.46,3,0.7768,0.0076
RNG(1),4.47,3,0.7768,0.0076
RNG(1),4.48,3,0.7768,0.0076
RNG(1),4.49,3,0.7768,0.0076
RNG(1),4.5,3,0.7768,0.0076
RNG(1),4.51,3,0.7768,0.0076
RNG(1),4.52,3,0.7768,0.0076
RNG(1),4.53,3,0.7768,0.0076
RNG(1),4.54,3,0.7768,0.0076
RNG(1),4.55,3,0.7768,0.0076
RNG(1),4.56,3,0.7768,0.0076
RNG(1),4.57,3,0.7768,0.0076
RNG(1),4.58,3,0.7768,0.0076
RNG(1),4.59,3,0.7768,0.0076
RNG(1),4.6,3,0.7768,0.0076
RNG(1),4.61,3,0.7768,0.0076
RNG(1),4.62,3,0.7768,0.0076
RNG(1),4.63,3,0.7768,0.0076
RNG(1),4.64,3,0.7768,0.0076
RNG(1),4.65,3,0.7768,0.0076
RNG(1),4.66,3,0.7768,0.0076
RNG(1),4.67,3,0.7768,0.0076
RNG(1),4.68,3,0.7768,0.0076
RNG(1),4.69,3,0.7768,0.0076
RNG(1),4.7,3,0.7768,0.0076
RNG(1),4.71,3,0.7768,0.0076
RNG(1),4.72,3,0.7768,0.0076
RNG(1),4.73,3,0.7768,0.0076
RNG(1),4.74,3,0.7768,0.0076
RNG(1),4.75,3,0.7768,0.0076
RNG(1),4.76,3,0.7768,0.0076
RNG(1),4.77,3,0.7768,0.0076
RNG(1),4.78,3,0.7768,0.0076
RNG(1),4.79,3,0.7768,0.0076
RNG(1),4.8,3,0.7768,0.0076
RNG(1),4.81,3,0.7768,0.0076
RNG(1),4.82,3,0.7768,0.0076
RNG(1),4.83,3,0.7768,0.0076
RNG(1),4.84,3,0.7768,0.0076
RNG(1),4.85,3,0.7768,0.0076
RNG(1),4.86,3,0.7768,0.0076
RNG(1),4.87,3,0.7768,0.0076
RNG(1),4.88,3,0.7768,0.0076
RNG(1),4.89,3,0.7768,0.0076
RNG(1),4.9,3,0.7768,0.0076
RNG(1),4.91,3,0.7768,0.0076
RNG(1),4.92,3,0.7768,0.0076
RNG(1),4.93,3,0.7768,0.0076
RNG(1),4.94,3,0.7768,0.0076
RNG(1),4.95,3,0.7768,0.0076
RNG(1),4.96,3,0.7768,0.0076
RNG(1),4.97,3,0.7768,0.0076
RNG(1),4.98,3,0.7768,0.0076
RNG(1),4.99,3,0.7768,0.0076
RNG(1),5.0,3,0.7769,0.008
RNG(1),5.01,3,0.7769,0.008
RNG(1),5.02,3,0.7769,0.008
RNG(1),5.03,3,0.7769,0.008
RNG(1),5.04,3,0.7769,0.008
RNG(1),5.05,3,0.7769,0.008
RNG(1),5.06,3,0.7769,0.008
RNG(1),5.07,3,0.7769,0.008
RNG(1),5.08,3,0.7769,0.008
RNG(1),5.09,3,0.7769,0.008
RNG(1),5.1,3,0.7769,0.008
RNG(1),5.11,3,0.7769,0.008
RNG(1),5.12,3,0.7769,0.008
RNG(1),5.13,3,0.7769,0.008
RNG(1),5.14,3,0.7769,0.008
RNG(1),5.15,3,0.7769,0.008
RNG(1),5.16,3,0.7769,0.008
RNG(1),5.17,3,0.7769,0.008
RNG(1),5.18,3,0.7769,0.008
RNG(1),5.19,3,0.7769,0.008
RNG(1),5.2,3,0.7769,0.008
RNG(1),5.21,3,0.7769,0.008
RNG(1),5.22,3,0.7769,0.008
RNG(1),5.23,3,0.7769,0.008
RNG(1),5.24,3,0.7769,0.008
RNG(1),5.25,3,0.7769,0.008
RNG(1),5.26,3,0.7769,0.008
RNG(1),5.27,3,0.7769,0.008
RNG(1),5.28,3,0.7769,0.008
RNG(1),5.29,3,0.7769,0.008
RNG(1),5.3,3,0.7769,0.008
RNG(1),5.31,3,0.7769,0.008
RNG(1),5.32,3,0.7769,0.008
RNG(1),5.33,3,0.7769,0.008
RNG(1),5.34,3,0.7769,0.008
RNG(1),5.35,3,0.7769,0.008
RNG(1),5.36,3,0.7769,0.008
RNG(1),5.37,3,0.7769,0.008
RNG(1),5.38,3,0.7769,0.008
RNG(1),5.39,3,0.7769,0.008
RNG(1),5.4,3,0.7769,0.008
RNG(1),5.41,3,0.7769,0.008
RNG(1),5.42,3,0.7769,0.008
RNG(1),5.43,3,0.7769,0.008
RNG(1),5.44,3,0.7769,0.008
RNG(1),5.45,3,0.7769,0.008
RNG(1),5.46,3,0.7769,0.008
RNG(1),5.47,3,0.7769,0.008
RNG(1),5.48,3,0.7769,0.008
RNG(1),5.49,3,0.7769,0.008
RNG(1),5.5,3,0.7769,0.008
RNG(1),5.51,3,0.7769,0.008
RNG(1),5.52,3,0.7769,0.008
RNG(1),5.53,3,0.7769,0.008
RNG(1),5.54,3,0.7769,0.008
RNG(1),5.55,3,0.7769,0.008
RNG(1),5.56,3,0.7769,0.008
RNG(1),5.57,3,0.7769,0.008
RNG(1),5.58,3,0.7769,0.008
RNG(1),5.59,3,0.7769,0.008
RNG(1),5.6,3,0.7769,0.008
RNG(1),5.61,3,0.7769,0.008
RNG(1),5.62,3,0.7769,0.008
RNG(1),5.63,3,0.7769,0.008
RNG(1),5.64,3,0.7769,0.008
RNG(1),5.65,3,0.7769,0.008
RNG(1),5.66,3,0.7769,0.008
RNG(1),5.67,3,0.7769,0.008
RNG(1),5.68,3,0.7769,0.008
RNG(1),5.69,3,0.7769,0.008
RNG(1),5.7,3,0.7769,0.008
RNG(1),5.71,3,0.7769,0.008
RNG(1),5.72,3,0.7769,0.008
RNG(1),5.73,3,0.7769,0.008
RNG(1),5.74,3,0.7769,0.008
RNG(1),5.75,3,0.7769,0.008
RNG(1),5.76,3,0.7769,0.008
RNG(1),5.77,3,0.7769,0.008
RNG(1),5.78,3,0.7769,0.008
RNG(1),5.79,3,0.7769,0.008
RNG(1),5.81,3,0.7769,0.008
RNG(1),5.82,3,0.7769,0.008
RNG(1),5.83,3,0.7769,0.008
RNG(1),5.84,3,0.7769,0.008
RNG(1),5.85,3,0.7769,0.008
RNG(1),5.86,3,0.7769,0.008
RNG(1),5.87,3,0.7769,0.008
RNG(1),5.88,3,0.7769,0.008
RNG(1),5.89,3,0.7769,0.008
RNG(1),5.9,3,0.7769,0.008
RNG(1),5.91,3,0.7769,0.008
RNG(1),5.92,3,0.7769,0.008
RNG(1),5.93,3,0.7769,0.008
RNG(1),5.94,3,0.7769,0.008
RNG(1),5.95,3,0.7769,0.008
RNG(1),5.96,3,0.7769,0.008
RNG(1),5.97,3,0.7769,0.008
RNG(1),5.99,3,0.7769,0.008
RNG(1),6.0,3,0.7769,0.008
RNG(1),6.02,2,0.7757,0.0305
RNG(1),6.03,3,0.7769,0.008
RNG(1),6.04,3,0.7769,0.008
RNG(1),6.05,2,0.7788,0.0083
RNG(1),6.06,2,0.7788,0.0083
RNG(1),6.07,2,0.7788,0.0083
RNG(1),6.08,3,0.7769,0.008
RNG(1),6.09,3,0.7769,0.008
RNG(1),6.1,3,0.7769,0.008
RNG(1),6.12,1,0.7781,0.0
RNG(1),6.13,3,0.7769,0.008
RNG(1),6.15,3,0.7769,0.008
RNG(1),6.16,2,0.7788,0.0083
RNG(1),6.2,1,0.7781,0.0
RNG(1),6.21,2,0.7788,0.0083
RNG(1),6.22,2,0.7788,0.0083
RNG(1),6.25,2,0.7788,0.0083
RNG(1),6.26,2,0.7788,0.0083
RNG(1),6.28,2,0.7788,0.0083
RNG(1),6.31,2,0.7757,0.0305
RNG(1),6.32,3,0.7769,0.008
RNG(1),6.34,1,0.7781,0.0
RNG(1),6.35,2,0.7788,0.0083
RNG(1),6.36,3,0.7769,0.008
RNG(1),6.42,3,0.7769,0.008
RNG(1),6.47,2,0.7757,0.0305
RNG(1),6.48,2,0.7757,0.0305
Dedup(0.85),5.8,2,0.8613,0.061
Dedup(0.85),5.98,2,0.8613,0.061
Dedup(0.85),6.01,1,0.8565,0.0
Dedup(0.85),6.11,2,0.8613,0.061
Dedup(0.85),6.29,2,0.8613,0.061
Dedup(0.9),5.8,2,0.8657,0.0597
Dedup(0.9),5.98,2,0.8657,0.0597
Dedup(0.9),6.01,1,0.861,0.0
Dedup(0.9),6.11,2,0.8657,0.0597
Dedup(0.9),6.29,2,0.8657,0.0597
Dedup(0.95),5.8,2,0.8661,0.0502
Dedup(0.95),5.98,2,0.8661,0.0502
Dedup(0.95),6.01,1,0.8622,0.0
Dedup(0.95),6.11,2,0.8661,0.0502
Dedup(0.95),6.29,2,0.8661,0.0502
MMR(0.3),5.8,2,0.5353,0.0616
MMR(0.3),5.98,2,0.5338,0.0591
MMR(0.3),6.01,1,0.5291,0.0
MMR(0.3),6.11,2,0.5334,0.0591
MMR(0.3),6.29,2,0.5333,0.0591
MMR(0.5),5.8,2,0.6708,0.1245
MMR(0.5),5.98,2,0.67,0.1239
MMR(0.5),6.01,1,0.6602,0.0
MMR(0.5),6.11,2,0.6699,0.1233
MMR(0.5),6.29,2,0.6698,0.1226
MMR(0.7),5.8,2,0.8,0.0858
MMR(0.7),5.98,2,0.7997,0.0858
MMR(0.7),6.01,1,0.793,0.0
MMR(0.7),6.11,2,0.7997,0.0851
MMR(0.7),6.29,2,0.7997,0.0851
MMR(0.9),5.8,2,0.7984,0.0743
MMR(0.9),5.98,2,0.7984,0.0743
MMR(0.9),6.01,1,0.7925,0.0
MMR(0.9),6.11,2,0.7984,0.0743
MMR(0.9),6.29,2,0.7984,0.0743
Maxmin,5.8,2,0.496,0.0241
Maxmin,5.98,2,0.4944,0.0203
Maxmin,6.01,1,0.4927,0.0
Maxmin,6.11,2,0.4939,0.0203
Maxmin,6.29,2,0.4939,0.0216
Greedy-DPP,5.8,2,0.7573,0.1264
Greedy-DPP,5.98,2,0.757,0.1258
Greedy-DPP,6.01,1,0.7471,0.0
Greedy-DPP,6.11,2,0.757,0.1252
Greedy-DPP,6.29,2,0.7571,0.1277
VendiG(0.3),5.8,2,0.5184,0.0432
VendiG(0.3),5.98,2,0.5169,0.0407
VendiG(0.3),6.01,1,0.5136,0.0
VendiG(0.3),6.11,2,0.5165,0.0407
VendiG(0.3),6.29,2,0.5166,0.0432
VendiG(0.5),5.8,2,0.5969,0.0349
VendiG(0.5),5.98,2,0.5959,0.033
VendiG(0.5),6.01,1,0.5932,0.0
VendiG(0.5),6.11,2,0.5957,0.0324
VendiG(0.5),6.29,2,0.5956,0.0318
VendiG(0.7),5.8,2,0.7551,0.0623
VendiG(0.7),5.98,2,0.7548,0.061
VendiG(0.7),6.01,1,0.75,0.0
VendiG(0.7),6.11,2,0.7548,0.0604
VendiG(0.7),6.29,2,0.7547,0.0597
VendiG(0.9),5.8,2,0.8035,0.0686
VendiG(0.9),5.98,2,0.8034,0.0686
VendiG(0.9),6.01,1,0.798,0.0
VendiG(0.9),6.11,2,0.8034,0.0686
VendiG(0.9),6.29,2,0.8034,0.0686
RNG(-2),5.8,2,0.7699,0.0375
RNG(-2),5.98,2,0.7699,0.0375
RNG(-2),6.01,1,0.7669,0.0
RNG(-2),6.11,2,0.7699,0.0375
RNG(-2),6.29,2,0.7699,0.0375
RNG(-0.3),5.8,2,0.8193,0.0731
RNG(-0.3),5.98,2,0.8193,0.0731
RNG(-0.3),6.01,1,0.8135,0.0
RNG(-0.3),6.11,2,0.8193,0.0731
RNG(-0.3),6.29,2,0.8193,0.0731
RNG(-0.2),5.8,2,0.8176,0.0515
RNG(-0.2),5.98,2,0.8176,0.0508
RNG(-0.2),6.01,1,0.8136,0.0
RNG(-0.2),6.11,2,0.8176,0.0508
RNG(-0.2),6.29,2,0.8176,0.0508
RNG(-0.1),5.8,2,0.7896,0.0483
RNG(-0.1),5.98,2,0.7894,0.047
RNG(-0.1),6.01,1,0.7857,0.0
RNG(-0.1),6.11,2,0.7893,0.0464
RNG(-0.1),6.29,2,0.7893,0.0464
RNG(-0.05),5.8,2,0.7852,0.0718
RNG(-0.05),5.98,2,0.7849,0.0718
RNG(-0.05),6.01,1,0.7792,0.0
RNG(-0.05),6.11,2,0.7849,0.0718
RNG(-0.05),6.29,2,0.7849,0.0718
RNG(0),5.8,2,0.7937,0.0597
RNG(0),5.98,2,0.7936,0.0578
RNG(0),6.01,1,0.7891,0.0
RNG(0),6.11,2,0.7936,0.0578
RNG(0),6.29,2,0.7936,0.0578
RNG(0.05),5.8,2,0.805,0.0438
RNG(0.05),5.98,2,0.8051,0.0407
RNG(0.05),6.01,1,0.8019,0.0
RNG(0.05),6.11,2,0.8051,0.0407
RNG(0.05),6.29,2,0.8051,0.0407
RNG(0.1),5.8,2,0.81,0.0483
RNG(0.1),5.98,2,0.8102,0.0457
RNG(0.1),6.01,1,0.8066,0.0
RNG(0.1),6.11,2,0.8102,0.0457
RNG(0.1),6.29,2,0.8102,0.0457
RNG(0.2),5.8,2,0.806,0.0476
RNG(0.2),5.98,2,0.806,0.0476
RNG(0.2),6.01,1,0.8023,0.0
RNG(0.2),6.11,2,0.806,0.0476
RNG(0.2),6.29,2,0.806,0.0476
RNG(0.3),5.8,2,0.7986,0.0464
RNG(0.3),5.98,2,0.7986,0.0464
RNG(0.3),6.01,1,0.7949,0.0
RNG(0.3),6.11,2,0.7986,0.0464
RNG(0.3),6.29,2,0.7986,0.0464
RNG(0.5),5.8,2,0.7866,0.047
RNG(0.5),5.98,2,0.7866,0.047
RNG(0.5),6.01,1,0.7829,0.0
RNG(0.5),6.11,2,0.7866,0.047
RNG(0.5),6.29,2,0.7866,0.047
RNG(1),5.8,2,0.7763,0.0388
RNG(1),5.98,2,0.7763,0.0388
RNG(1),6.01,1,0.7733,0.0
RNG(1),6.11,2,0.7763,0.0388
RNG(1),6.29,2,0.7763,0.0388
Dedup(0.85),6.18,1,0.8661,0.0
Dedup(0.85),6.52,1,0.8661,0.0
Dedup(0.85),6.53,1,0.8661,0.0
Dedup(0.85),6.54,1,0.8661,0.0
Dedup(0.9),6.18,1,0.8704,0.0
Dedup(0.9),6.52,1,0.8704,0.0
Dedup(0.9),6.53,1,0.8704,0.0
Dedup(0.9),6.54,1,0.8704,0.0
Dedup(0.95),6.18,1,0.8701,0.0
Dedup(0.95),6.52,1,0.8701,0.0
Dedup(0.95),6.53,1,0.8701,0.0
Dedup(0.95),6.54,1,0.8701,0.0
MMR(0.3),6.18,1,0.5381,0.0
MMR(0.3),6.52,1,0.538,0.0
MMR(0.3),6.53,1,0.538,0.0
MMR(0.3),6.54,1,0.538,0.0
MMR(0.5),6.18,1,0.6795,0.0
MMR(0.5),6.52,1,0.6794,0.0
MMR(0.5),6.53,1,0.6794,0.0
MMR(0.5),6.54,1,0.6794,0.0
MMR(0.7),6.18,1,0.8064,0.0
MMR(0.7),6.52,1,0.8064,0.0
MMR(0.7),6.53,1,0.8064,0.0
MMR(0.7),6.54,1,0.8064,0.0
MMR(0.9),6.18,1,0.8042,0.0
MMR(0.9),6.52,1,0.8042,0.0
MMR(0.9),6.53,1,0.8042,0.0
MMR(0.9),6.54,1,0.8042,0.0
Maxmin,6.18,1,0.4958,0.0
Maxmin,6.52,1,0.4955,0.0
Maxmin,6.53,1,0.4955,0.0
Maxmin,6.54,1,0.4955,0.0
Greedy-DPP,6.18,1,0.7672,0.0
Greedy-DPP,6.52,1,0.7672,0.0
Greedy-DPP,6.53,1,0.7672,0.0
Greedy-DPP,6.54,1,0.7672,0.0
VendiG(0.3),6.18,1,0.5201,0.0
VendiG(0.3),6.52,1,0.5199,0.0
VendiG(0.3),6.53,1,0.5199,0.0
VendiG(0.3),6.54,1,0.5199,0.0
VendiG(0.5),6.18,1,0.5982,0.0
VendiG(0.5),6.52,1,0.5981,0.0
VendiG(0.5),6.53,1,0.5981,0.0
VendiG(0.5),6.54,1,0.5981,0.0
VendiG(0.7),6.18,1,0.7595,0.0
VendiG(0.7),6.52,1,0.7594,0.0
VendiG(0.7),6.53,1,0.7594,0.0
VendiG(0.7),6.54,1,0.7594,0.0
VendiG(0.9),6.18,1,0.8088,0.0
VendiG(0.9),6.52,1,0.8088,0.0
VendiG(0.9),6.53,1,0.8088,0.0
VendiG(0.9),6.54,1,0.8088,0.0
RNG(-2),6.18,1,0.7728,0.0
RNG(-2),6.52,1,0.7728,0.0
RNG(-2),6.53,1,0.7728,0.0
RNG(-2),6.54,1,0.7728,0.0
RNG(-0.3),6.18,1,0.825,0.0
RNG(-0.3),6.52,1,0.825,0.0
RNG(-0.3),6.53,1,0.825,0.0
RNG(-0.3),6.54,1,0.825,0.0
RNG(-0.2),6.18,1,0.8216,0.0
RNG(-0.2),6.52,1,0.8216,0.0
RNG(-0.2),6.53,1,0.8216,0.0
RNG(-0.2),6.54,1,0.8216,0.0
RNG(-0.1),6.18,1,0.793,0.0
RNG(-0.1),6.52,1,0.793,0.0
RNG(-0.1),6.53,1,0.793,0.0
RNG(-0.1),6.54,1,0.793,0.0
RNG(-0.05),6.18,1,0.7905,0.0
RNG(-0.05),6.52,1,0.7905,0.0
RNG(-0.05),6.53,1,0.7905,0.0
RNG(-0.05),6.54,1,0.7905,0.0
RNG(0),6.18,1,0.7982,0.0
RNG(0),6.52,1,0.7982,0.0
RNG(0),6.53,1,0.7982,0.0
RNG(0),6.54,1,0.7982,0.0
RNG(0.05),6.18,1,0.8083,0.0
RNG(0.05),6.52,1,0.8083,0.0
RNG(0.05),6.53,1,0.8083,0.0
RNG(0.05),6.54,1,0.8083,0.0
RNG(0.1),6.18,1,0.8138,0.0
RNG(0.1),6.52,1,0.8138,0.0
RNG(0.1),6.53,1,0.8138,0.0
RNG(0.1),6.54,1,0.8138,0.0
RNG(0.2),6.18,1,0.8098,0.0
RNG(0.2),6.52,1,0.8098,0.0
RNG(0.2),6.53,1,0.8098,0.0
RNG(0.2),6.54,1,0.8098,0.0
RNG(0.3),6.18,1,0.8022,0.0
RNG(0.3),6.52,1,0.8022,0.0
RNG(0.3),6.53,1,0.8022,0.0
RNG(0.3),6.54,1,0.8022,0.0
RNG(0.5),6.18,1,0.7903,0.0
RNG(0.5),6.52,1,0.7903,0.0
RNG(0.5),6.53,1,0.7903,0.0
RNG(0.5),6.54,1,0.7903,0.0
RNG(1),6.18,1,0.7794,0.0
RNG(1),6.52,1,0.7794,0.0
RNG(1),6.53,1,0.7794,0.0
RNG(1),6.54,1,0.7794,0.0
