dataset,dataset_split,seed,query_id,partition
nq,validation,0,0,test
nq,validation,0,2,test
nq,validation,0,3,test
nq,validation,0,4,test
nq,validation,0,6,validation
nq,validation,0,7,test
nq,validation,0,8,test
nq,validation,0,9,test
nq,validation,0,10,test
nq,validation,0,11,test
nq,validation,0,13,test
nq,validation,0,14,test
nq,validation,0,15,validation
nq,validation,0,16,test
nq,validation,0,17,validation
nq,validation,0,18,validation
nq,validation,0,19,test
nq,validation,0,22,validation
nq,validation,0,25,test
nq,validation,0,28,test
nq,validation,0,29,test
nq,validation,0,30,test
nq,validation,0,31,test
nq,validation,0,32,test
nq,validation,0,33,test
nq,validation,0,34,test
nq,validation,0,35,test
nq,validation,0,36,test
nq,validation,0,37,test
nq,validation,0,38,test
nq,validation,0,39,validation
nq,validation,0,40,test
nq,validation,0,41,test
nq,validation,0,42,test
nq,validation,0,43,test
nq,validation,0,44,test
nq,validation,0,45,test
nq,validation,0,46,test
nq,validation,0,47,validation
nq,validation,0,48,test
nq,validation,0,49,validation
nq,validation,0,50,test
nq,validation,0,51,test
nq,validation,0,52,validation
nq,validation,0,53,test
nq,validation,0,54,test
nq,validation,0,55,test
nq,validation,0,56,test
nq,validation,0,57,test
nq,validation,0,58,validation
nq,validation,0,59,validation
nq,validation,0,60,test
nq,validation,0,62,test
nq,validation,0,63,validation
nq,validation,0,65,test
nq,validation,0,66,test
nq,validation,0,67,test
nq,validation,0,69,test
nq,validation,0,70,test
nq,validation,0,71,validation
nq,validation,0,72,test
nq,validation,0,73,test
nq,validation,0,74,test
nq,validation,0,75,test
nq,validation,0,76,test
nq,validation,0,77,test
nq,validation,0,78,validation
nq,validation,0,79,test
nq,validation,0,80,validation
nq,validation,0,82,test
nq,validation,0,83,validation
nq,validation,0,85,test
nq,validation,0,86,test
nq,validation,0,87,test
nq,validation,0,88,test
nq,validation,0,89,test
nq,validation,0,90,test
nq,validation,0,91,test
nq,validation,0,92,test
nq,validation,0,93,test
nq,validation,0,94,test
nq,validation,0,95,validation
nq,validation,0,96,validation
nq,validation,0,97,validation
nq,validation,0,98,test
nq,validation,0,100,validation
nq,validation,0,101,validation
nq,validation,0,102,test
nq,validation,0,103,test
nq,validation,0,104,test
nq,validation,0,105,test
nq,validation,0,108,validation
nq,validation,0,109,test
nq,validation,0,110,test
nq,validation,0,112,test
nq,validation,0,113,test
nq,validation,0,114,test
nq,validation,0,115,test
nq,validation,0,116,test
nq,validation,0,117,test
nq,validation,0,118,test
nq,validation,0,120,test
nq,validation,0,121,test
nq,validation,0,123,test
nq,validation,0,124,test
nq,validation,0,125,test
nq,validation,0,126,test
nq,validation,0,127,validation
nq,validation,0,128,test
nq,validation,0,129,test
nq,validation,0,131,test
nq,validation,0,132,test
nq,validation,0,133,test
nq,validation,0,134,test
nq,validation,0,135,test
nq,validation,0,138,validation
nq,validation,0,140,test
nq,validation,0,141,test
nq,validation,0,142,validation
nq,validation,0,145,test
nq,validation,0,146,test
nq,validation,0,148,validation
nq,validation,0,149,test
nq,validation,0,150,test
nq,validation,0,151,test
nq,validation,0,153,validation
nq,validation,0,154,validation
nq,validation,0,155,test
nq,validation,0,157,test
nq,validation,0,158,test
nq,validation,0,159,validation
nq,validation,0,160,validation
nq,validation,0,161,test
nq,validation,0,162,validation
nq,validation,0,163,test
nq,validation,0,164,validation
nq,validation,0,165,test
nq,validation,0,166,test
nq,validation,0,167,test
nq,validation,0,169,test
nq,validation,0,170,test
nq,validation,0,171,test
nq,validation,0,172,test
nq,validation,0,173,test
nq,validation,0,174,test
nq,validation,0,175,test
nq,validation,0,176,test
nq,validation,0,177,test
nq,validation,0,178,test
nq,validation,0,179,test
nq,validation,0,180,validation
nq,validation,0,182,test
nq,validation,0,183,test
nq,validation,0,184,test
nq,validation,0,185,test
nq,validation,0,186,test
nq,validation,0,187,test
nq,validation,0,188,test
nq,validation,0,189,test
nq,validation,0,190,test
nq,validation,0,191,validation
nq,validation,0,192,test
nq,validation,0,193,test
nq,validation,0,194,test
nq,validation,0,195,test
nq,validation,0,196,test
nq,validation,0,197,validation
nq,validation,0,198,test
nq,validation,0,199,test
nq,validation,0,200,test
nq,validation,0,201,test
nq,validation,0,202,test
nq,validation,0,203,test
nq,validation,0,204,test
nq,validation,0,205,test
nq,validation,0,206,test
nq,validation,0,207,test
nq,validation,0,208,validation
nq,validation,0,209,validation
nq,validation,0,211,test
nq,validation,0,213,validation
nq,validation,0,214,test
nq,validation,0,215,test
nq,validation,0,217,validation
nq,validation,0,218,test
nq,validation,0,219,test
nq,validation,0,220,test
nq,validation,0,223,test
nq,validation,0,224,test
nq,validation,0,225,test
nq,validation,0,226,test
nq,validation,0,227,test
nq,validation,0,228,validation
nq,validation,0,229,test
nq,validation,0,230,test
nq,validation,0,231,test
nq,validation,0,232,test
nq,validation,0,233,test
nq,validation,0,234,test
nq,validation,0,235,test
nq,validation,0,236,test
nq,validation,0,237,test
nq,validation,0,239,test
nq,validation,0,240,test
nq,validation,0,242,test
nq,validation,0,243,test
nq,validation,0,244,test
nq,validation,0,245,test
nq,validation,0,246,test
nq,validation,0,247,test
nq,validation,0,249,test
nq,validation,0,250,test
nq,validation,0,251,test
nq,validation,0,253,validation
nq,validation,0,254,test
nq,validation,0,255,test
nq,validation,0,256,test
nq,validation,0,257,test
nq,validation,0,258,validation
nq,validation,0,259,test
nq,validation,0,260,test
nq,validation,0,261,test
nq,validation,0,262,test
nq,validation,0,264,test
nq,validation,0,265,test
nq,validation,0,267,test
nq,validation,0,268,test
nq,validation,0,269,validation
nq,validation,0,270,test
nq,validation,0,271,test
nq,validation,0,272,validation
nq,validation,0,273,test
nq,validation,0,274,test
nq,validation,0,276,test
nq,validation,0,277,test
nq,validation,0,280,test
nq,validation,0,281,test
nq,validation,0,282,test
nq,validation,0,283,test
nq,validation,0,284,test
nq,validation,0,285,test
nq,validation,0,286,test
nq,validation,0,287,test
nq,validation,0,289,test
nq,validation,0,290,test
nq,validation,0,291,validation
nq,validation,0,292,validation
nq,validation,0,294,test
nq,validation,0,295,test
nq,validation,0,296,validation
nq,validation,0,297,validation
nq,validation,0,298,validation
nq,validation,0,299,test
nq,validation,0,300,test
nq,validation,0,301,test
nq,validation,0,302,test
nq,validation,0,303,validation
nq,validation,0,304,test
nq,validation,0,305,test
nq,validation,0,306,test
nq,validation,0,307,test
nq,validation,0,309,test
nq,validation,0,310,test
nq,validation,0,311,test
nq,validation,0,312,test
nq,validation,0,313,test
nq,validation,0,314,test
nq,validation,0,315,test
nq,validation,0,316,test
nq,validation,0,318,test
nq,validation,0,319,test
nq,validation,0,320,test
nq,validation,0,321,test
nq,validation,0,322,test
nq,validation,0,324,test
nq,validation,0,325,test
nq,validation,0,327,test
nq,validation,0,330,test
nq,validation,0,332,test
nq,validation,0,333,test
nq,validation,0,336,test
nq,validation,0,337,test
nq,validation,0,338,test
nq,validation,0,339,test
nq,validation,0,340,test
nq,validation,0,342,test
nq,validation,0,343,test
nq,validation,0,344,test
nq,validation,0,345,validation
nq,validation,0,346,validation
nq,validation,0,347,test
nq,validation,0,348,test
nq,validation,0,349,test
nq,validation,0,350,test
nq,validation,0,351,test
nq,validation,0,352,test
nq,validation,0,353,validation
nq,validation,0,354,test
nq,validation,0,355,validation
nq,validation,0,356,test
nq,validation,0,357,test
nq,validation,0,358,validation
nq,validation,0,359,test
nq,validation,0,360,validation
nq,validation,0,361,test
nq,validation,0,362,test
nq,validation,0,363,test
nq,validation,0,364,test
nq,validation,0,365,test
nq,validation,0,366,test
nq,validation,0,367,test
nq,validation,0,368,test
nq,validation,0,369,test
nq,validation,0,370,test
nq,validation,0,371,test
nq,validation,0,373,validation
nq,validation,0,374,test
nq,validation,0,376,test
nq,validation,0,377,test
nq,validation,0,378,test
nq,validation,0,379,validation
nq,validation,0,380,test
nq,validation,0,381,test
nq,validation,0,382,validation
nq,validation,0,383,test
nq,validation,0,384,validation
nq,validation,0,385,test
nq,validation,0,386,test
nq,validation,0,387,test
nq,validation,0,388,test
nq,validation,0,389,test
nq,validation,0,390,test
nq,validation,0,393,test
nq,validation,0,394,validation
nq,validation,0,395,test
nq,validation,0,396,test
nq,validation,0,397,test
nq,validation,0,398,validation
nq,validation,0,399,validation
nq,validation,0,400,test
nq,validation,0,402,test
nq,validation,0,404,test
nq,validation,0,405,test
nq,validation,0,406,validation
nq,validation,0,408,test
nq,validation,0,409,test
nq,validation,0,410,validation
nq,validation,0,411,test
nq,validation,0,412,test
nq,validation,0,413,validation
nq,validation,0,415,test
nq,validation,0,416,test
nq,validation,0,419,test
nq,validation,0,420,test
nq,validation,0,421,validation
nq,validation,0,422,test
nq,validation,0,423,validation
nq,validation,0,425,test
nq,validation,0,426,test
nq,validation,0,427,test
nq,validation,0,430,test
nq,validation,0,431,validation
nq,validation,0,432,test
nq,validation,0,434,test
nq,validation,0,435,test
nq,validation,0,436,test
nq,validation,0,437,test
nq,validation,0,438,validation
nq,validation,0,440,test
nq,validation,0,441,validation
nq,validation,0,442,test
nq,validation,0,443,test
nq,validation,0,445,test
nq,validation,0,446,test
nq,validation,0,447,validation
nq,validation,0,448,test
nq,validation,0,449,test
nq,validation,0,450,test
nq,validation,0,451,test
nq,validation,0,452,validation
nq,validation,0,453,validation
nq,validation,0,454,test
nq,validation,0,456,test
nq,validation,0,457,validation
nq,validation,0,458,test
nq,validation,0,459,test
nq,validation,0,460,test
nq,validation,0,461,test
nq,validation,0,462,test
nq,validation,0,463,test
nq,validation,0,464,test
nq,validation,0,465,test
nq,validation,0,466,test
nq,validation,0,468,test
nq,validation,0,469,test
nq,validation,0,471,test
nq,validation,0,472,validation
nq,validation,0,473,test
nq,validation,0,474,test
nq,validation,0,475,test
nq,validation,0,476,test
nq,validation,0,477,test
nq,validation,0,478,test
nq,validation,0,479,test
nq,validation,0,480,validation
nq,validation,0,481,validation
nq,validation,0,482,test
nq,validation,0,483,test
nq,validation,0,484,test
nq,validation,0,485,validation
nq,validation,0,486,validation
nq,validation,0,487,test
nq,validation,0,488,validation
nq,validation,0,489,validation
nq,validation,0,490,test
nq,validation,0,491,test
nq,validation,0,492,validation
nq,validation,0,493,test
nq,validation,0,495,test
nq,validation,0,496,test
nq,validation,0,497,test
nq,validation,0,498,test
nq,validation,0,500,test
nq,validation,0,501,test
nq,validation,0,502,test
nq,validation,0,504,validation
nq,validation,0,505,test
nq,validation,0,506,test
nq,validation,0,507,test
nq,validation,0,508,validation
nq,validation,0,509,test
nq,validation,0,510,test
nq,validation,0,511,test
nq,validation,0,512,test
nq,validation,0,513,test
nq,validation,0,514,validation
nq,validation,0,515,test
nq,validation,0,516,test
nq,validation,0,517,test
nq,validation,0,518,test
nq,validation,0,519,validation
nq,validation,0,520,test
nq,validation,0,521,test
nq,validation,0,522,test
nq,validation,0,524,test
nq,validation,0,525,test
nq,validation,0,526,test
nq,validation,0,528,test
nq,validation,0,529,test
nq,validation,0,530,test
nq,validation,0,532,test
nq,validation,0,533,test
nq,validation,0,534,validation
nq,validation,0,535,test
nq,validation,0,536,test
nq,validation,0,537,test
nq,validation,0,538,test
nq,validation,0,539,test
nq,validation,0,540,validation
nq,validation,0,542,test
nq,validation,0,544,test
nq,validation,0,545,test
nq,validation,0,546,test
nq,validation,0,547,test
nq,validation,0,548,test
nq,validation,0,549,test
nq,validation,0,550,test
nq,validation,0,551,test
nq,validation,0,552,test
nq,validation,0,553,test
nq,validation,0,554,validation
nq,validation,0,555,validation
nq,validation,0,556,test
nq,validation,0,557,validation
nq,validation,0,558,validation
nq,validation,0,559,test
nq,validation,0,560,test
nq,validation,0,561,validation
nq,validation,0,562,validation
nq,validation,0,563,test
nq,validation,0,564,test
nq,validation,0,565,test
nq,validation,0,566,test
nq,validation,0,567,test
nq,validation,0,568,test
nq,validation,0,569,validation
nq,validation,0,570,test
nq,validation,0,571,test
nq,validation,0,572,test
nq,validation,0,573,test
nq,validation,0,574,test
nq,validation,0,575,test
nq,validation,0,576,test
nq,validation,0,577,test
nq,validation,0,578,test
nq,validation,0,579,validation
nq,validation,0,580,test
nq,validation,0,581,test
nq,validation,0,582,validation
nq,validation,0,583,test
nq,validation,0,586,test
nq,validation,0,587,validation
nq,validation,0,588,test
nq,validation,0,589,validation
nq,validation,0,590,test
nq,validation,0,591,test
nq,validation,0,593,test
nq,validation,0,594,test
nq,validation,0,595,test
nq,validation,0,596,test
nq,validation,0,597,test
nq,validation,0,598,test
nq,validation,0,599,test
nq,validation,0,600,test
nq,validation,0,601,test
nq,validation,0,602,validation
nq,validation,0,603,test
nq,validation,0,604,validation
nq,validation,0,605,test
nq,validation,0,606,test
nq,validation,0,607,test
nq,validation,0,608,test
nq,validation,0,609,validation
nq,validation,0,610,validation
nq,validation,0,611,validation
nq,validation,0,612,test
nq,validation,0,615,test
nq,validation,0,616,test
nq,validation,0,617,test
nq,validation,0,618,validation
nq,validation,0,620,validation
nq,validation,0,622,validation
nq,validation,0,623,test
nq,validation,0,624,validation
nq,validation,0,625,validation
nq,validation,0,626,test
nq,validation,0,627,test
nq,validation,0,628,test
nq,validation,0,630,validation
nq,validation,0,631,validation
nq,validation,0,632,test
nq,validation,0,634,test
nq,validation,0,635,test
nq,validation,0,636,test
nq,validation,0,637,test
nq,validation,0,638,validation
nq,validation,0,640,test
nq,validation,0,641,test
nq,validation,0,642,test
nq,validation,0,643,test
nq,validation,0,644,validation
nq,validation,0,645,validation
nq,validation,0,646,test
nq,validation,0,647,test
nq,validation,0,648,test
nq,validation,0,650,validation
nq,validation,0,651,validation
nq,validation,0,652,validation
nq,validation,0,653,validation
nq,validation,0,654,test
nq,validation,0,655,test
nq,validation,0,656,test
nq,validation,0,657,test
nq,validation,0,658,test
nq,validation,0,659,test
nq,validation,0,660,validation
nq,validation,0,662,test
nq,validation,0,664,test
nq,validation,0,665,test
nq,validation,0,666,test
nq,validation,0,668,test
nq,validation,0,669,test
nq,validation,0,671,test
nq,validation,0,672,test
nq,validation,0,673,test
nq,validation,0,674,test
nq,validation,0,675,test
nq,validation,0,676,validation
nq,validation,0,678,test
nq,validation,0,679,test
nq,validation,0,681,test
nq,validation,0,682,test
nq,validation,0,683,test
nq,validation,0,684,validation
nq,validation,0,685,test
nq,validation,0,686,test
nq,validation,0,687,test
nq,validation,0,688,test
nq,validation,0,689,validation
nq,validation,0,691,test
nq,validation,0,692,test
nq,validation,0,694,validation
nq,validation,0,696,test
nq,validation,0,697,test
nq,validation,0,698,test
nq,validation,0,699,test
nq,validation,0,700,validation
nq,validation,0,701,test
nq,validation,0,702,test
nq,validation,0,703,test
nq,validation,0,704,test
nq,validation,0,705,test
nq,validation,0,706,test
nq,validation,0,707,test
nq,validation,0,709,validation
nq,validation,0,710,test
nq,validation,0,711,test
nq,validation,0,712,test
nq,validation,0,713,test
nq,validation,0,714,test
nq,validation,0,715,validation
nq,validation,0,716,test
nq,validation,0,717,test
nq,validation,0,718,test
nq,validation,0,720,test
nq,validation,0,721,test
nq,validation,0,722,test
nq,validation,0,724,test
nq,validation,0,725,test
nq,validation,0,726,test
nq,validation,0,728,test
nq,validation,0,730,validation
nq,validation,0,731,validation
nq,validation,0,732,test
nq,validation,0,733,test
nq,validation,0,734,test
nq,validation,0,735,test
nq,validation,0,736,validation
nq,validation,0,737,validation
nq,validation,0,738,test
nq,validation,0,739,test
nq,validation,0,740,test
nq,validation,0,741,test
nq,validation,0,743,validation
nq,validation,0,744,test
nq,validation,0,745,test
nq,validation,0,746,test
nq,validation,0,747,test
nq,validation,0,748,test
nq,validation,0,750,test
nq,validation,0,752,test
nq,validation,0,753,test
nq,validation,0,754,test
nq,validation,0,755,test
nq,validation,0,757,validation
nq,validation,0,758,test
nq,validation,0,760,test
nq,validation,0,762,validation
nq,validation,0,764,test
nq,validation,0,765,test
nq,validation,0,767,test
nq,validation,0,768,test
nq,validation,0,769,test
nq,validation,0,771,validation
nq,validation,0,772,test
nq,validation,0,773,test
nq,validation,0,774,test
nq,validation,0,775,test
nq,validation,0,776,test
nq,validation,0,777,test
nq,validation,0,778,test
nq,validation,0,779,test
nq,validation,0,780,test
nq,validation,0,781,test
nq,validation,0,783,test
nq,validation,0,784,test
nq,validation,0,785,test
nq,validation,0,786,test
nq,validation,0,787,test
nq,validation,0,788,test
nq,validation,0,789,validation
nq,validation,0,790,validation
nq,validation,0,791,validation
nq,validation,0,794,test
nq,validation,0,795,test
nq,validation,0,797,test
nq,validation,0,798,test
nq,validation,0,800,test
nq,validation,0,801,test
nq,validation,0,802,test
nq,validation,0,803,validation
nq,validation,0,804,test
nq,validation,0,805,test
nq,validation,0,807,test
nq,validation,0,808,test
nq,validation,0,809,test
nq,validation,0,810,validation
nq,validation,0,811,test
nq,validation,0,812,test
nq,validation,0,813,validation
nq,validation,0,814,test
nq,validation,0,815,test
nq,validation,0,816,test
nq,validation,0,817,test
nq,validation,0,818,test
nq,validation,0,819,test
nq,validation,0,821,test
nq,validation,0,822,test
nq,validation,0,823,test
nq,validation,0,824,test
nq,validation,0,825,test
nq,validation,0,827,test
nq,validation,0,828,test
nq,validation,0,829,test
nq,validation,0,830,test
nq,validation,0,831,test
nq,validation,0,832,test
nq,validation,0,833,test
nq,validation,0,834,test
nq,validation,0,835,test
nq,validation,0,836,test
nq,validation,0,837,test
nq,validation,0,838,validation
nq,validation,0,839,test
nq,validation,0,840,validation
nq,validation,0,841,test
nq,validation,0,842,test
nq,validation,0,843,test
nq,validation,0,844,test
nq,validation,0,845,validation
nq,validation,0,846,test
nq,validation,0,848,test
nq,validation,0,849,test
nq,validation,0,850,test
nq,validation,0,851,validation
nq,validation,0,852,test
nq,validation,0,854,test
nq,validation,0,855,validation
nq,validation,0,856,validation
nq,validation,0,857,test
nq,validation,0,858,test
nq,validation,0,859,test
nq,validation,0,860,validation
nq,validation,0,861,test
nq,validation,0,862,test
nq,validation,0,863,test
nq,validation,0,864,test
nq,validation,0,866,test
nq,validation,0,867,test
nq,validation,0,868,test
nq,validation,0,869,test
nq,validation,0,870,test
nq,validation,0,871,validation
nq,validation,0,872,test
nq,validation,0,873,test
nq,validation,0,876,test
nq,validation,0,877,validation
nq,validation,0,878,test
nq,validation,0,879,test
nq,validation,0,880,test
nq,validation,0,881,validation
nq,validation,0,883,test
nq,validation,0,884,test
nq,validation,0,885,validation
nq,validation,0,886,test
nq,validation,0,887,test
nq,validation,0,888,validation
nq,validation,0,889,test
nq,validation,0,890,test
nq,validation,0,891,test
nq,validation,0,893,test
nq,validation,0,895,test
nq,validation,0,896,test
nq,validation,0,897,test
nq,validation,0,898,test
nq,validation,0,900,validation
nq,validation,0,902,test
nq,validation,0,903,test
nq,validation,0,904,test
nq,validation,0,905,test
nq,validation,0,906,test
nq,validation,0,907,test
nq,validation,0,908,test
nq,validation,0,912,test
nq,validation,0,913,validation
nq,validation,0,914,test
nq,validation,0,915,test
nq,validation,0,917,test
nq,validation,0,918,validation
nq,validation,0,919,test
nq,validation,0,920,test
nq,validation,0,921,test
nq,validation,0,922,test
nq,validation,0,923,test
nq,validation,0,924,test
nq,validation,0,926,validation
nq,validation,0,927,test
nq,validation,0,928,test
nq,validation,0,929,test
nq,validation,0,930,test
nq,validation,0,931,test
nq,validation,0,932,test
nq,validation,0,933,test
nq,validation,0,934,test
nq,validation,0,935,test
nq,validation,0,937,test
nq,validation,0,938,test
nq,validation,0,940,test
nq,validation,0,941,test
nq,validation,0,942,test
nq,validation,0,945,test
nq,validation,0,948,test
nq,validation,0,949,test
nq,validation,0,950,test
nq,validation,0,951,test
nq,validation,0,952,test
nq,validation,0,953,test
nq,validation,0,954,test
nq,validation,0,955,test
nq,validation,0,956,test
nq,validation,0,957,test
nq,validation,0,959,test
nq,validation,0,960,test
nq,validation,0,961,test
nq,validation,0,962,validation
nq,validation,0,964,test
nq,validation,0,965,validation
nq,validation,0,966,validation
nq,validation,0,967,validation
nq,validation,0,968,test
nq,validation,0,970,test
nq,validation,0,971,test
nq,validation,0,972,test
nq,validation,0,973,test
nq,validation,0,974,validation
nq,validation,0,975,test
nq,validation,0,976,test
nq,validation,0,977,test
nq,validation,0,978,test
nq,validation,0,979,test
nq,validation,0,981,test
nq,validation,0,982,test
nq,validation,0,984,test
nq,validation,0,985,test
nq,validation,0,986,test
nq,validation,0,987,validation
nq,validation,0,988,test
nq,validation,0,989,test
nq,validation,0,990,validation
nq,validation,0,992,test
nq,validation,0,994,test
nq,validation,0,996,test
nq,validation,0,998,test
nq,validation,0,1000,test
nq,validation,0,1001,test
nq,validation,0,1002,test
nq,validation,0,1004,test
nq,validation,0,1005,test
nq,validation,0,1006,test
nq,validation,0,1007,validation
nq,validation,0,1008,validation
nq,validation,0,1009,test
nq,validation,0,1011,test
nq,validation,0,1012,validation
nq,validation,0,1013,test
nq,validation,0,1014,test
nq,validation,0,1015,test
nq,validation,0,1016,test
nq,validation,0,1019,test
nq,validation,0,1020,test
nq,validation,0,1021,test
nq,validation,0,1022,test
nq,validation,0,1023,validation
nq,validation,0,1024,test
nq,validation,0,1025,test
nq,validation,0,1026,test
nq,validation,0,1027,test
nq,validation,0,1028,test
nq,validation,0,1029,test
nq,validation,0,1030,test
nq,validation,0,1031,test
nq,validation,0,1032,validation
nq,validation,0,1033,test
nq,validation,0,1034,test
nq,validation,0,1035,test
nq,validation,0,1036,test
nq,validation,0,1037,validation
nq,validation,0,1038,test
nq,validation,0,1040,test
nq,validation,0,1041,test
nq,validation,0,1042,test
nq,validation,0,1043,test
nq,validation,0,1044,test
nq,validation,0,1045,test
nq,validation,0,1046,test
nq,validation,0,1047,validation
nq,validation,0,1049,test
nq,validation,0,1051,test
nq,validation,0,1052,test
nq,validation,0,1053,test
nq,validation,0,1054,test
nq,validation,0,1055,test
nq,validation,0,1056,test
nq,validation,0,1057,test
nq,validation,0,1058,validation
nq,validation,0,1059,test
nq,validation,0,1060,test
nq,validation,0,1061,validation
nq,validation,0,1063,test
nq,validation,0,1065,test
nq,validation,0,1066,test
nq,validation,0,1067,test
nq,validation,0,1068,test
nq,validation,0,1069,test
nq,validation,0,1071,test
nq,validation,0,1072,test
nq,validation,0,1073,validation
nq,validation,0,1074,test
nq,validation,0,1075,test
nq,validation,0,1077,test
nq,validation,0,1079,test
nq,validation,0,1080,test
nq,validation,0,1083,test
nq,validation,0,1085,validation
nq,validation,0,1086,test
nq,validation,0,1087,test
nq,validation,0,1088,test
nq,validation,0,1089,test
nq,validation,0,1090,test
nq,validation,0,1092,test
nq,validation,0,1093,test
nq,validation,0,1094,test
nq,validation,0,1095,test
nq,validation,0,1096,test
nq,validation,0,1098,test
nq,validation,0,1099,validation
nq,validation,0,1100,test
nq,validation,0,1101,validation
nq,validation,0,1102,test
nq,validation,0,1103,test
nq,validation,0,1104,test
nq,validation,0,1105,test
nq,validation,0,1107,test
nq,validation,0,1108,test
nq,validation,0,1109,test
nq,validation,0,1110,test
nq,validation,0,1111,test
nq,validation,0,1112,test
nq,validation,0,1113,test
nq,validation,0,1114,test
nq,validation,0,1115,test
nq,validation,0,1116,test
nq,validation,0,1118,test
nq,validation,0,1119,test
nq,validation,0,1120,test
nq,validation,0,1122,validation
nq,validation,0,1123,validation
nq,validation,0,1124,test
nq,validation,0,1125,validation
nq,validation,0,1126,test
nq,validation,0,1127,test
nq,validation,0,1128,test
nq,validation,0,1129,test
nq,validation,0,1130,validation
nq,validation,0,1132,test
nq,validation,0,1133,test
nq,validation,0,1134,test
nq,validation,0,1135,test
nq,validation,0,1136,test
nq,validation,0,1137,test
nq,validation,0,1138,test
nq,validation,0,1139,test
nq,validation,0,1140,test
nq,validation,0,1141,validation
nq,validation,0,1142,test
nq,validation,0,1143,test
nq,validation,0,1144,test
nq,validation,0,1147,test
nq,validation,0,1148,validation
nq,validation,0,1151,validation
nq,validation,0,1152,test
nq,validation,0,1153,test
nq,validation,0,1154,test
nq,validation,0,1155,test
nq,validation,0,1156,validation
nq,validation,0,1159,test
nq,validation,0,1160,test
nq,validation,0,1161,test
nq,validation,0,1162,test
nq,validation,0,1163,test
nq,validation,0,1164,test
nq,validation,0,1165,test
nq,validation,0,1167,test
nq,validation,0,1168,test
nq,validation,0,1170,test
nq,validation,0,1171,test
nq,validation,0,1172,test
nq,validation,0,1174,test
nq,validation,0,1175,test
nq,validation,0,1176,test
nq,validation,0,1177,test
nq,validation,0,1179,test
nq,validation,0,1180,test
nq,validation,0,1182,test
nq,validation,0,1184,validation
nq,validation,0,1185,test
nq,validation,0,1186,test
nq,validation,0,1187,test
nq,validation,0,1188,validation
nq,validation,0,1189,test
nq,validation,0,1190,test
nq,validation,0,1193,test
nq,validation,0,1194,test
nq,validation,0,1196,test
nq,validation,0,1197,test
nq,validation,0,1198,validation
nq,validation,0,1199,test
nq,validation,0,1200,validation
nq,validation,0,1202,test
nq,validation,0,1203,validation
nq,validation,0,1204,test
nq,validation,0,1205,test
nq,validation,0,1206,test
nq,validation,0,1207,test
nq,validation,0,1209,test
nq,validation,0,1210,test
nq,validation,0,1211,test
nq,validation,0,1212,validation
nq,validation,0,1213,test
nq,validation,0,1214,test
nq,validation,0,1215,test
nq,validation,0,1217,validation
nq,validation,0,1218,test
nq,validation,0,1219,test
nq,validation,0,1221,validation
nq,validation,0,1222,test
nq,validation,0,1223,test
nq,validation,0,1224,test
nq,validation,0,1225,test
nq,validation,0,1226,test
nq,validation,0,1228,test
nq,validation,0,1229,test
nq,validation,0,1230,validation
nq,validation,0,1231,validation
nq,validation,0,1232,test
nq,validation,0,1233,test
nq,validation,0,1234,test
nq,validation,0,1235,validation
nq,validation,0,1236,test
nq,validation,0,1237,validation
nq,validation,0,1238,test
nq,validation,0,1239,test
nq,validation,0,1240,validation
nq,validation,0,1241,test
nq,validation,0,1242,test
nq,validation,0,1243,test
nq,validation,0,1244,test
nq,validation,0,1245,validation
nq,validation,0,1246,test
nq,validation,0,1247,test
nq,validation,0,1248,validation
nq,validation,0,1249,test
nq,validation,0,1250,test
nq,validation,0,1251,test
nq,validation,0,1252,test
nq,validation,0,1253,test
nq,validation,0,1254,test
nq,validation,0,1255,test
nq,validation,0,1256,test
nq,validation,0,1258,test
nq,validation,0,1259,test
nq,validation,0,1260,test
nq,validation,0,1261,validation
nq,validation,0,1262,test
nq,validation,0,1263,test
nq,validation,0,1264,test
nq,validation,0,1265,validation
nq,validation,0,1266,test
nq,validation,0,1267,test
nq,validation,0,1268,test
nq,validation,0,1269,validation
nq,validation,0,1270,test
nq,validation,0,1271,test
nq,validation,0,1272,test
nq,validation,0,1273,test
nq,validation,0,1275,test
nq,validation,0,1276,validation
nq,validation,0,1278,validation
nq,validation,0,1279,validation
nq,validation,0,1280,test
nq,validation,0,1281,test
nq,validation,0,1282,validation
nq,validation,0,1283,validation
nq,validation,0,1285,test
nq,validation,0,1287,validation
nq,validation,0,1288,test
nq,validation,0,1289,validation
nq,validation,0,1290,test
nq,validation,0,1291,test
nq,validation,0,1292,test
nq,validation,0,1293,test
nq,validation,0,1294,validation
nq,validation,0,1295,validation
nq,validation,0,1296,test
nq,validation,0,1297,validation
nq,validation,0,1299,test
nq,validation,0,1300,test
nq,validation,0,1301,test
nq,validation,0,1303,test
nq,validation,0,1304,validation
nq,validation,0,1305,test
nq,validation,0,1306,test
nq,validation,0,1307,test
nq,validation,0,1309,test
nq,validation,0,1310,test
nq,validation,0,1311,test
nq,validation,0,1312,test
nq,validation,0,1313,test
nq,validation,0,1314,test
nq,validation,0,1315,test
nq,validation,0,1316,test
nq,validation,0,1317,test
nq,validation,0,1318,test
nq,validation,0,1319,test
nq,validation,0,1320,validation
nq,validation,0,1322,test
nq,validation,0,1324,test
nq,validation,0,1325,test
nq,validation,0,1326,validation
nq,validation,0,1327,validation
nq,validation,0,1328,test
nq,validation,0,1331,test
nq,validation,0,1332,test
nq,validation,0,1333,test
nq,validation,0,1334,test
nq,validation,0,1335,test
nq,validation,0,1336,test
nq,validation,0,1337,test
nq,validation,0,1338,test
nq,validation,0,1339,test
nq,validation,0,1340,validation
nq,validation,0,1342,test
nq,validation,0,1343,test
nq,validation,0,1344,test
nq,validation,0,1345,validation
nq,validation,0,1346,test
nq,validation,0,1347,validation
nq,validation,0,1348,test
nq,validation,0,1349,test
nq,validation,0,1351,test
nq,validation,0,1352,test
nq,validation,0,1353,test
nq,validation,0,1354,test
nq,validation,0,1355,test
nq,validation,0,1356,test
nq,validation,0,1357,validation
nq,validation,0,1358,test
nq,validation,0,1359,test
nq,validation,0,1360,test
nq,validation,0,1361,test
nq,validation,0,1362,test
nq,validation,0,1364,test
nq,validation,0,1365,test
nq,validation,0,1366,test
nq,validation,0,1367,test
nq,validation,0,1369,test
nq,validation,0,1370,test
nq,validation,0,1371,test
nq,validation,0,1372,test
nq,validation,0,1373,test
nq,validation,0,1374,test
nq,validation,0,1375,test
nq,validation,0,1378,test
nq,validation,0,1379,validation
nq,validation,0,1381,test
nq,validation,0,1382,test
nq,validation,0,1383,test
nq,validation,0,1384,test
nq,validation,0,1385,test
nq,validation,0,1386,test
nq,validation,0,1387,test
nq,validation,0,1388,test
nq,validation,0,1389,test
nq,validation,0,1390,test
nq,validation,0,1391,test
nq,validation,0,1392,test
nq,validation,0,1393,test
nq,validation,0,1394,test
nq,validation,0,1395,test
nq,validation,0,1396,test
nq,validation,0,1397,validation
nq,validation,0,1399,validation
nq,validation,0,1400,validation
nq,validation,0,1401,test
nq,validation,0,1402,test
nq,validation,0,1403,test
nq,validation,0,1404,test
nq,validation,0,1405,test
nq,validation,0,1406,validation
nq,validation,0,1407,test
nq,validation,0,1408,test
nq,validation,0,1409,test
nq,validation,0,1411,test
nq,validation,0,1412,validation
nq,validation,0,1413,validation
nq,validation,0,1415,test
nq,validation,0,1416,test
nq,validation,0,1417,test
nq,validation,0,1418,test
nq,validation,0,1419,validation
nq,validation,0,1420,test
nq,validation,0,1421,test
nq,validation,0,1422,validation
nq,validation,0,1423,test
nq,validation,0,1425,test
nq,validation,0,1427,test
nq,validation,0,1428,test
nq,validation,0,1429,test
nq,validation,0,1430,test
nq,validation,0,1432,test
nq,validation,0,1433,validation
nq,validation,0,1434,test
nq,validation,0,1435,test
nq,validation,0,1436,validation
nq,validation,0,1437,test
nq,validation,0,1438,test
nq,validation,0,1439,test
nq,validation,0,1440,test
nq,validation,0,1441,test
nq,validation,0,1442,test
nq,validation,0,1443,test
nq,validation,0,1445,test
nq,validation,0,1446,validation
nq,validation,0,1447,test
nq,validation,0,1448,test
nq,validation,0,1449,test
nq,validation,0,1452,test
nq,validation,0,1453,validation
nq,validation,0,1455,test
nq,validation,0,1457,test
nq,validation,0,1458,test
nq,validation,0,1459,test
nq,validation,0,1460,validation
nq,validation,0,1461,test
nq,validation,0,1464,test
nq,validation,0,1465,test
nq,validation,0,1466,validation
nq,validation,0,1467,validation
nq,validation,0,1469,test
nq,validation,0,1470,test
nq,validation,0,1471,test
nq,validation,0,1472,test
nq,validation,0,1474,test
nq,validation,0,1475,test
nq,validation,0,1476,test
nq,validation,0,1477,test
nq,validation,0,1478,test
nq,validation,0,1479,test
nq,validation,0,1480,test
nq,validation,0,1481,test
nq,validation,0,1482,test
nq,validation,0,1483,test
nq,validation,0,1484,test
nq,validation,0,1485,validation
nq,validation,0,1486,validation
nq,validation,0,1487,test
nq,validation,0,1488,test
nq,validation,0,1489,test
nq,validation,0,1490,test
nq,validation,0,1491,validation
nq,validation,0,1492,test
nq,validation,0,1493,test
nq,validation,0,1495,validation
nq,validation,0,1496,test
nq,validation,0,1497,validation
nq,validation,0,1498,test
nq,validation,0,1499,test
nq,validation,0,1500,test
nq,validation,0,1502,test
nq,validation,0,1504,test
nq,validation,0,1505,test
nq,validation,0,1506,test
nq,validation,0,1507,test
nq,validation,0,1508,test
nq,validation,0,1511,test
nq,validation,0,1512,test
nq,validation,0,1513,test
nq,validation,0,1515,test
nq,validation,0,1516,test
nq,validation,0,1517,test
nq,validation,0,1518,validation
nq,validation,0,1519,test
nq,validation,0,1520,test
nq,validation,0,1521,validation
nq,validation,0,1522,test
nq,validation,0,1523,test
nq,validation,0,1524,test
nq,validation,0,1525,test
nq,validation,0,1526,test
nq,validation,0,1527,validation
nq,validation,0,1528,test
nq,validation,0,1529,test
nq,validation,0,1530,test
nq,validation,0,1531,validation
nq,validation,0,1532,test
nq,validation,0,1533,validation
nq,validation,0,1534,validation
nq,validation,0,1535,test
nq,validation,0,1536,test
nq,validation,0,1537,test
nq,validation,0,1538,test
nq,validation,0,1539,test
nq,validation,0,1540,test
nq,validation,0,1541,test
nq,validation,0,1542,test
nq,validation,0,1543,test
nq,validation,0,1544,test
nq,validation,0,1545,test
nq,validation,0,1546,test
nq,validation,0,1547,test
nq,validation,0,1548,validation
nq,validation,0,1550,test
nq,validation,0,1551,test
nq,validation,0,1552,test
nq,validation,0,1553,validation
nq,validation,0,1554,test
nq,validation,0,1555,test
nq,validation,0,1556,validation
nq,validation,0,1557,test
nq,validation,0,1558,test
nq,validation,0,1559,test
nq,validation,0,1560,test
nq,validation,0,1561,test
nq,validation,0,1562,test
nq,validation,0,1564,test
nq,validation,0,1566,test
nq,validation,0,1567,test
nq,validation,0,1568,validation
nq,validation,0,1570,test
nq,validation,0,1571,test
nq,validation,0,1572,test
nq,validation,0,1573,validation
nq,validation,0,1574,test
nq,validation,0,1575,test
nq,validation,0,1576,test
nq,validation,0,1577,test
nq,validation,0,1578,test
nq,validation,0,1579,test
nq,validation,0,1580,test
nq,validation,0,1581,test
nq,validation,0,1582,test
nq,validation,0,1583,test
nq,validation,0,1584,test
nq,validation,0,1585,test
nq,validation,0,1586,validation
nq,validation,0,1587,test
nq,validation,0,1588,test
nq,validation,0,1590,test
nq,validation,0,1591,test
nq,validation,0,1592,test
nq,validation,0,1594,test
nq,validation,0,1595,test
nq,validation,0,1596,test
nq,validation,0,1597,validation
nq,validation,0,1598,test
nq,validation,0,1599,test
nq,validation,0,1600,test
nq,validation,0,1601,test
nq,validation,0,1602,test
nq,validation,0,1603,test
nq,validation,0,1604,validation
nq,validation,0,1605,test
nq,validation,0,1606,test
nq,validation,0,1608,test
nq,validation,0,1609,test
nq,validation,0,1610,validation
nq,validation,0,1611,validation
nq,validation,0,1612,test
nq,validation,0,1613,validation
nq,validation,0,1614,test
nq,validation,0,1615,test
nq,validation,0,1616,test
nq,validation,0,1617,test
nq,validation,0,1618,test
nq,validation,0,1619,test
nq,validation,0,1620,test
nq,validation,0,1621,test
nq,validation,0,1622,validation
nq,validation,0,1623,test
nq,validation,0,1624,test
nq,validation,0,1625,validation
nq,validation,0,1627,test
nq,validation,0,1628,test
nq,validation,0,1629,test
nq,validation,0,1631,test
nq,validation,0,1632,validation
nq,validation,0,1633,test
nq,validation,0,1635,test
nq,validation,0,1636,test
nq,validation,0,1637,validation
nq,validation,0,1638,test
nq,validation,0,1640,test
nq,validation,0,1641,test
nq,validation,0,1642,test
nq,validation,0,1643,test
nq,validation,0,1644,test
nq,validation,0,1645,test
nq,validation,0,1646,test
nq,validation,0,1648,test
nq,validation,0,1650,test
nq,validation,0,1651,test
nq,validation,0,1652,test
nq,validation,0,1653,test
nq,validation,0,1654,validation
nq,validation,0,1655,validation
nq,validation,0,1656,test
nq,validation,0,1657,test
nq,validation,0,1658,test
nq,validation,0,1660,validation
nq,validation,0,1661,test
nq,validation,0,1662,validation
nq,validation,0,1663,test
nq,validation,0,1665,validation
nq,validation,0,1666,test
nq,validation,0,1667,test
nq,validation,0,1670,validation
nq,validation,0,1671,validation
nq,validation,0,1672,test
nq,validation,0,1673,test
nq,validation,0,1674,test
nq,validation,0,1675,test
nq,validation,0,1676,test
nq,validation,0,1677,test
nq,validation,0,1678,test
nq,validation,0,1679,test
nq,validation,0,1680,test
nq,validation,0,1681,test
nq,validation,0,1682,test
nq,validation,0,1683,test
nq,validation,0,1684,test
nq,validation,0,1685,test
nq,validation,0,1686,test
nq,validation,0,1687,test
nq,validation,0,1688,test
nq,validation,0,1689,test
nq,validation,0,1691,test
nq,validation,0,1692,test
nq,validation,0,1693,test
nq,validation,0,1694,test
nq,validation,0,1695,test
nq,validation,0,1696,test
nq,validation,0,1698,test
nq,validation,0,1699,test
nq,validation,0,1700,test
nq,validation,0,1701,validation
nq,validation,0,1702,test
nq,validation,0,1703,test
nq,validation,0,1704,test
nq,validation,0,1705,test
nq,validation,0,1706,test
nq,validation,0,1707,test
nq,validation,0,1708,test
nq,validation,0,1709,test
nq,validation,0,1710,validation
nq,validation,0,1711,test
nq,validation,0,1712,test
nq,validation,0,1713,test
nq,validation,0,1714,test
nq,validation,0,1715,test
nq,validation,0,1716,test
nq,validation,0,1717,test
nq,validation,0,1718,test
nq,validation,0,1719,validation
nq,validation,0,1720,validation
nq,validation,0,1721,test
nq,validation,0,1722,test
nq,validation,0,1723,test
nq,validation,0,1724,validation
nq,validation,0,1725,test
nq,validation,0,1727,validation
nq,validation,0,1728,test
nq,validation,0,1730,test
nq,validation,0,1731,test
nq,validation,0,1732,test
nq,validation,0,1733,test
nq,validation,0,1734,test
nq,validation,0,1735,validation
nq,validation,0,1736,test
nq,validation,0,1738,test
nq,validation,0,1739,test
nq,validation,0,1740,test
nq,validation,0,1743,test
nq,validation,0,1744,test
nq,validation,0,1746,validation
nq,validation,0,1749,test
nq,validation,0,1750,validation
nq,validation,0,1751,test
nq,validation,0,1753,test
nq,validation,0,1754,validation
nq,validation,0,1756,test
nq,validation,0,1757,test
nq,validation,0,1758,test
nq,validation,0,1759,test
nq,validation,0,1760,test
nq,validation,0,1761,validation
nq,validation,0,1762,test
nq,validation,0,1763,test
nq,validation,0,1765,test
nq,validation,0,1767,validation
nq,validation,0,1768,test
nq,validation,0,1769,test
nq,validation,0,1771,validation
nq,validation,0,1773,test
nq,validation,0,1775,test
nq,validation,0,1777,test
nq,validation,0,1778,test
nq,validation,0,1779,validation
nq,validation,0,1780,test
nq,validation,0,1781,test
nq,validation,0,1782,test
nq,validation,0,1783,test
nq,validation,0,1784,test
nq,validation,0,1785,test
nq,validation,0,1786,test
nq,validation,0,1787,test
nq,validation,0,1789,test
nq,validation,0,1790,test
nq,validation,0,1791,test
nq,validation,0,1792,test
nq,validation,0,1793,validation
nq,validation,0,1794,test
nq,validation,0,1796,test
nq,validation,0,1797,test
nq,validation,0,1798,test
nq,validation,0,1799,validation
nq,validation,0,1800,test
nq,validation,0,1801,test
nq,validation,0,1802,test
nq,validation,0,1803,test
nq,validation,0,1805,test
nq,validation,0,1807,test
nq,validation,0,1810,test
nq,validation,0,1811,test
nq,validation,0,1812,test
nq,validation,0,1814,test
nq,validation,0,1818,test
nq,validation,0,1819,test
nq,validation,0,1820,test
nq,validation,0,1821,test
nq,validation,0,1822,validation
nq,validation,0,1823,test
nq,validation,0,1824,test
nq,validation,0,1825,test
nq,validation,0,1826,validation
nq,validation,0,1827,test
nq,validation,0,1828,test
nq,validation,0,1829,test
nq,validation,0,1830,test
nq,validation,0,1831,test
nq,validation,0,1833,test
nq,validation,0,1834,validation
nq,validation,0,1835,validation
nq,validation,0,1836,test
nq,validation,0,1837,test
nq,validation,0,1838,test
nq,validation,0,1839,test
nq,validation,0,1840,test
nq,validation,0,1842,test
nq,validation,0,1843,test
nq,validation,0,1844,test
nq,validation,0,1848,test
nq,validation,0,1849,test
nq,validation,0,1850,test
nq,validation,0,1851,test
nq,validation,0,1853,test
nq,validation,0,1854,test
nq,validation,0,1855,validation
nq,validation,0,1856,test
nq,validation,0,1857,validation
nq,validation,0,1858,test
nq,validation,0,1859,validation
nq,validation,0,1860,test
nq,validation,0,1861,test
nq,validation,0,1862,test
nq,validation,0,1863,test
nq,validation,0,1864,test
nq,validation,0,1865,validation
nq,validation,0,1866,validation
nq,validation,0,1867,test
nq,validation,0,1868,validation
nq,validation,0,1869,test
nq,validation,0,1870,test
nq,validation,0,1873,test
nq,validation,0,1876,test
nq,validation,0,1877,validation
nq,validation,0,1878,test
nq,validation,0,1879,test
nq,validation,0,1880,validation
nq,validation,0,1881,test
nq,validation,0,1882,test
nq,validation,0,1883,validation
nq,validation,0,1884,test
nq,validation,0,1885,validation
nq,validation,0,1886,validation
nq,validation,0,1887,validation
nq,validation,0,1888,test
nq,validation,0,1889,validation
nq,validation,0,1890,test
nq,validation,0,1891,test
nq,validation,0,1893,test
nq,validation,0,1895,validation
nq,validation,0,1897,test
nq,validation,0,1899,test
nq,validation,0,1900,validation
nq,validation,0,1901,test
nq,validation,0,1902,validation
nq,validation,0,1903,test
nq,validation,0,1904,test
nq,validation,0,1906,test
nq,validation,0,1907,test
nq,validation,0,1908,test
nq,validation,0,1909,test
nq,validation,0,1910,test
nq,validation,0,1912,validation
nq,validation,0,1913,test
nq,validation,0,1915,test
nq,validation,0,1916,test
nq,validation,0,1918,test
nq,validation,0,1920,test
nq,validation,0,1921,test
nq,validation,0,1922,validation
nq,validation,0,1923,validation
nq,validation,0,1924,test
nq,validation,0,1925,test
nq,validation,0,1927,test
nq,validation,0,1928,test
nq,validation,0,1929,test
nq,validation,0,1930,test
nq,validation,0,1931,validation
nq,validation,0,1932,test
nq,validation,0,1933,test
nq,validation,0,1934,test
nq,validation,0,1935,test
nq,validation,0,1936,test
nq,validation,0,1937,validation
nq,validation,0,1938,validation
nq,validation,0,1939,test
nq,validation,0,1940,test
nq,validation,0,1941,validation
nq,validation,0,1942,test
nq,validation,0,1944,test
nq,validation,0,1945,test
nq,validation,0,1946,test
nq,validation,0,1947,validation
nq,validation,0,1949,validation
nq,validation,0,1951,test
nq,validation,0,1952,test
nq,validation,0,1953,test
nq,validation,0,1954,validation
nq,validation,0,1955,test
nq,validation,0,1956,test
nq,validation,0,1957,validation
nq,validation,0,1958,test
nq,validation,0,1959,test
nq,validation,0,1960,test
nq,validation,0,1961,test
nq,validation,0,1962,test
nq,validation,0,1963,test
nq,validation,0,1964,validation
nq,validation,0,1966,test
nq,validation,0,1968,test
nq,validation,0,1969,test
nq,validation,0,1970,test
nq,validation,0,1971,test
nq,validation,0,1972,test
nq,validation,0,1973,validation
nq,validation,0,1974,test
nq,validation,0,1976,test
nq,validation,0,1977,test
nq,validation,0,1979,validation
nq,validation,0,1980,test
nq,validation,0,1981,validation
nq,validation,0,1982,test
nq,validation,0,1983,validation
nq,validation,0,1984,test
nq,validation,0,1985,test
nq,validation,0,1986,test
nq,validation,0,1987,test
nq,validation,0,1988,validation
nq,validation,0,1989,validation
nq,validation,0,1990,test
nq,validation,0,1991,validation
nq,validation,0,1992,test
nq,validation,0,1994,test
nq,validation,0,1995,test
nq,validation,0,1996,test
nq,validation,0,1999,test
nq,validation,0,2001,test
nq,validation,0,2002,test
nq,validation,0,2003,test
nq,validation,0,2004,test
nq,validation,0,2005,test
nq,validation,0,2006,test
nq,validation,0,2007,test
nq,validation,0,2008,test
nq,validation,0,2009,test
nq,validation,0,2010,test
nq,validation,0,2011,test
nq,validation,0,2012,test
nq,validation,0,2013,test
nq,validation,0,2014,test
nq,validation,0,2015,test
nq,validation,0,2016,test
nq,validation,0,2017,test
nq,validation,0,2018,test
nq,validation,0,2020,test
nq,validation,0,2021,test
nq,validation,0,2022,test
nq,validation,0,2023,test
nq,validation,0,2024,test
nq,validation,0,2025,test
nq,validation,0,2026,test
nq,validation,0,2027,test
nq,validation,0,2028,test
nq,validation,0,2029,test
nq,validation,0,2030,test
nq,validation,0,2032,test
nq,validation,0,2033,validation
nq,validation,0,2035,validation
nq,validation,0,2036,validation
nq,validation,0,2037,test
nq,validation,0,2038,test
nq,validation,0,2039,test
nq,validation,0,2040,validation
nq,validation,0,2041,test
nq,validation,0,2042,validation
nq,validation,0,2044,test
nq,validation,0,2046,test
nq,validation,0,2047,test
nq,validation,0,2048,test
nq,validation,0,2049,test
nq,validation,0,2052,validation
nq,validation,0,2055,test
nq,validation,0,2056,test
nq,validation,0,2057,test
nq,validation,0,2058,test
nq,validation,0,2059,test
nq,validation,0,2062,test
nq,validation,0,2063,test
nq,validation,0,2064,validation
nq,validation,0,2065,test
nq,validation,0,2066,test
nq,validation,0,2067,test
nq,validation,0,2068,test
nq,validation,0,2069,test
nq,validation,0,2070,test
nq,validation,0,2071,test
nq,validation,0,2073,test
nq,validation,0,2074,test
nq,validation,0,2075,validation
nq,validation,0,2076,test
nq,validation,0,2077,test
nq,validation,0,2078,validation
nq,validation,0,2079,validation
nq,validation,0,2080,test
nq,validation,0,2081,test
nq,validation,0,2083,test
nq,validation,0,2084,test
nq,validation,0,2085,test
nq,validation,0,2086,test
nq,validation,0,2087,test
nq,validation,0,2088,test
nq,validation,0,2089,test
nq,validation,0,2090,validation
nq,validation,0,2091,test
nq,validation,0,2092,test
nq,validation,0,2093,test
nq,validation,0,2094,validation
nq,validation,0,2096,validation
nq,validation,0,2098,test
nq,validation,0,2100,test
nq,validation,0,2101,validation
nq,validation,0,2102,test
nq,validation,0,2103,test
nq,validation,0,2104,validation
nq,validation,0,2107,test
nq,validation,0,2108,test
nq,validation,0,2109,test
nq,validation,0,2110,test
nq,validation,0,2111,test
nq,validation,0,2112,test
nq,validation,0,2113,test
nq,validation,0,2114,test
nq,validation,0,2115,test
nq,validation,0,2116,test
nq,validation,0,2117,validation
nq,validation,0,2118,test
nq,validation,0,2119,test
nq,validation,0,2120,test
nq,validation,0,2121,validation
nq,validation,0,2122,test
nq,validation,0,2123,test
nq,validation,0,2124,test
nq,validation,0,2126,test
nq,validation,0,2127,validation
nq,validation,0,2128,test
nq,validation,0,2129,test
nq,validation,0,2131,test
nq,validation,0,2132,test
nq,validation,0,2133,test
nq,validation,0,2135,test
nq,validation,0,2136,validation
nq,validation,0,2137,test
nq,validation,0,2138,test
nq,validation,0,2139,validation
nq,validation,0,2140,test
nq,validation,0,2141,test
nq,validation,0,2142,test
nq,validation,0,2144,validation
nq,validation,0,2145,validation
nq,validation,0,2146,test
nq,validation,0,2147,test
nq,validation,0,2148,test
nq,validation,0,2149,test
nq,validation,0,2150,validation
nq,validation,0,2151,validation
nq,validation,0,2152,test
nq,validation,0,2153,test
nq,validation,0,2154,validation
nq,validation,0,2155,test
nq,validation,0,2156,test
nq,validation,0,2157,test
nq,validation,0,2158,test
nq,validation,0,2159,test
nq,validation,0,2162,test
nq,validation,0,2163,validation
nq,validation,0,2167,test
nq,validation,0,2168,test
nq,validation,0,2169,test
nq,validation,0,2170,test
nq,validation,0,2171,validation
nq,validation,0,2172,validation
nq,validation,0,2173,validation
nq,validation,0,2174,test
nq,validation,0,2175,test
nq,validation,0,2176,test
nq,validation,0,2177,test
nq,validation,0,2178,test
nq,validation,0,2179,validation
nq,validation,0,2180,test
nq,validation,0,2181,test
nq,validation,0,2182,test
nq,validation,0,2183,validation
nq,validation,0,2186,validation
nq,validation,0,2187,test
nq,validation,0,2188,test
nq,validation,0,2191,test
nq,validation,0,2192,test
nq,validation,0,2193,test
nq,validation,0,2194,test
nq,validation,0,2196,validation
nq,validation,0,2197,test
nq,validation,0,2198,validation
nq,validation,0,2200,test
nq,validation,0,2201,test
nq,validation,0,2202,test
nq,validation,0,2204,test
nq,validation,0,2205,test
nq,validation,0,2206,test
nq,validation,0,2207,test
nq,validation,0,2208,test
nq,validation,0,2209,test
nq,validation,0,2210,test
nq,validation,0,2211,test
nq,validation,0,2212,test
nq,validation,0,2213,test
nq,validation,0,2214,test
nq,validation,0,2216,validation
nq,validation,0,2217,test
nq,validation,0,2218,test
nq,validation,0,2219,test
nq,validation,0,2220,test
nq,validation,0,2222,test
nq,validation,0,2223,test
nq,validation,0,2224,validation
nq,validation,0,2225,test
nq,validation,0,2226,test
nq,validation,0,2227,test
nq,validation,0,2228,test
nq,validation,0,2229,validation
nq,validation,0,2230,validation
nq,validation,0,2232,test
nq,validation,0,2234,test
nq,validation,0,2235,test
nq,validation,0,2236,test
nq,validation,0,2237,test
nq,validation,0,2238,validation
nq,validation,0,2239,test
nq,validation,0,2240,test
nq,validation,0,2241,validation
nq,validation,0,2242,validation
nq,validation,0,2243,test
nq,validation,0,2244,test
nq,validation,0,2245,test
nq,validation,0,2246,test
nq,validation,0,2248,test
nq,validation,0,2249,test
nq,validation,0,2251,test
nq,validation,0,2252,test
nq,validation,0,2253,test
nq,validation,0,2255,validation
nq,validation,0,2256,validation
nq,validation,0,2257,validation
nq,validation,0,2258,validation
nq,validation,0,2259,test
nq,validation,0,2263,test
nq,validation,0,2264,test
nq,validation,0,2265,test
nq,validation,0,2266,test
nq,validation,0,2267,validation
nq,validation,0,2268,test
nq,validation,0,2269,test
nq,validation,0,2270,test
nq,validation,0,2271,validation
nq,validation,0,2272,test
nq,validation,0,2273,test
nq,validation,0,2274,test
nq,validation,0,2275,test
nq,validation,0,2276,test
nq,validation,0,2277,validation
nq,validation,0,2278,test
nq,validation,0,2279,test
nq,validation,0,2280,validation
nq,validation,0,2281,validation
nq,validation,0,2282,test
nq,validation,0,2283,test
nq,validation,0,2284,test
nq,validation,0,2286,test
nq,validation,0,2287,validation
nq,validation,0,2288,test
nq,validation,0,2289,test
nq,validation,0,2290,test
nq,validation,0,2293,test
nq,validation,0,2294,test
nq,validation,0,2295,test
nq,validation,0,2296,validation
nq,validation,0,2298,validation
nq,validation,0,2299,test
nq,validation,0,2300,test
nq,validation,0,2301,test
nq,validation,0,2303,test
nq,validation,0,2304,validation
nq,validation,0,2306,test
nq,validation,0,2307,test
nq,validation,0,2308,test
nq,validation,0,2309,validation
nq,validation,0,2311,test
nq,validation,0,2312,test
nq,validation,0,2313,test
nq,validation,0,2315,test
nq,validation,0,2316,test
nq,validation,0,2318,test
nq,validation,0,2319,test
nq,validation,0,2321,test
nq,validation,0,2322,test
nq,validation,0,2323,test
nq,validation,0,2324,test
nq,validation,0,2325,test
nq,validation,0,2326,test
nq,validation,0,2328,test
nq,validation,0,2329,test
nq,validation,0,2330,test
nq,validation,0,2331,validation
nq,validation,0,2332,test
nq,validation,0,2333,test
nq,validation,0,2334,test
nq,validation,0,2335,validation
nq,validation,0,2336,validation
nq,validation,0,2338,test
nq,validation,0,2339,test
nq,validation,0,2340,test
nq,validation,0,2341,test
nq,validation,0,2342,test
nq,validation,0,2343,validation
nq,validation,0,2344,test
nq,validation,0,2347,test
nq,validation,0,2349,test
nq,validation,0,2351,validation
nq,validation,0,2352,test
nq,validation,0,2353,test
nq,validation,0,2354,test
nq,validation,0,2356,test
nq,validation,0,2358,test
nq,validation,0,2359,test
nq,validation,0,2360,test
nq,validation,0,2361,validation
nq,validation,0,2362,validation
nq,validation,0,2363,validation
nq,validation,0,2364,test
nq,validation,0,2365,test
nq,validation,0,2366,test
nq,validation,0,2367,test
nq,validation,0,2368,validation
nq,validation,0,2369,validation
nq,validation,0,2370,validation
nq,validation,0,2371,validation
nq,validation,0,2372,validation
nq,validation,0,2373,validation
nq,validation,0,2374,test
nq,validation,0,2375,validation
nq,validation,0,2376,test
nq,validation,0,2377,test
nq,validation,0,2378,test
nq,validation,0,2379,test
nq,validation,0,2380,test
nq,validation,0,2381,test
nq,validation,0,2382,test
nq,validation,0,2383,validation
nq,validation,0,2384,test
nq,validation,0,2385,test
nq,validation,0,2387,validation
nq,validation,0,2388,test
nq,validation,0,2389,test
nq,validation,0,2390,test
nq,validation,0,2391,test
nq,validation,0,2392,test
nq,validation,0,2394,validation
nq,validation,0,2395,validation
nq,validation,0,2396,test
nq,validation,0,2398,validation
nq,validation,0,2399,validation
nq,validation,0,2400,test
nq,validation,0,2401,test
nq,validation,0,2402,test
nq,validation,0,2403,test
nq,validation,0,2404,test
nq,validation,0,2406,validation
nq,validation,0,2407,test
nq,validation,0,2408,test
nq,validation,0,2409,test
nq,validation,0,2410,test
nq,validation,0,2411,test
nq,validation,0,2413,test
nq,validation,0,2414,test
nq,validation,0,2415,test
nq,validation,0,2417,test
nq,validation,0,2418,test
nq,validation,0,2419,test
nq,validation,0,2420,test
nq,validation,0,2421,validation
nq,validation,0,2423,test
nq,validation,0,2424,validation
nq,validation,0,2425,test
nq,validation,0,2426,test
nq,validation,0,2427,validation
nq,validation,0,2428,test
nq,validation,0,2429,test
nq,validation,0,2430,validation
nq,validation,0,2432,test
nq,validation,0,2433,test
nq,validation,0,2434,test
nq,validation,0,2435,test
nq,validation,0,2436,test
nq,validation,0,2437,validation
nq,validation,0,2438,validation
nq,validation,0,2439,test
nq,validation,0,2440,test
nq,validation,0,2441,test
nq,validation,0,2442,test
nq,validation,0,2444,test
nq,validation,0,2445,test
nq,validation,0,2446,test
nq,validation,0,2447,validation
nq,validation,0,2448,test
nq,validation,0,2449,test
nq,validation,0,2450,test
nq,validation,0,2451,test
nq,validation,0,2452,test
nq,validation,0,2453,validation
nq,validation,0,2454,test
nq,validation,0,2455,test
nq,validation,0,2458,test
nq,validation,0,2459,validation
nq,validation,0,2460,test
nq,validation,0,2461,validation
nq,validation,0,2462,test
nq,validation,0,2463,test
nq,validation,0,2464,validation
nq,validation,0,2465,test
nq,validation,0,2467,validation
nq,validation,0,2468,test
nq,validation,0,2469,test
nq,validation,0,2470,test
nq,validation,0,2471,test
nq,validation,0,2472,test
nq,validation,0,2473,validation
nq,validation,0,2474,test
nq,validation,0,2475,test
nq,validation,0,2476,test
nq,validation,0,2478,validation
nq,validation,0,2479,test
nq,validation,0,2480,validation
nq,validation,0,2482,test
nq,validation,0,2483,test
nq,validation,0,2485,test
nq,validation,0,2487,test
nq,validation,0,2489,test
nq,validation,0,2490,test
nq,validation,0,2491,test
nq,validation,0,2493,test
nq,validation,0,2494,test
nq,validation,0,2496,test
nq,validation,0,2497,test
nq,validation,0,2498,test
nq,validation,0,2499,test
nq,validation,0,2500,test
nq,validation,0,2502,test
nq,validation,0,2503,test
nq,validation,0,2504,validation
nq,validation,0,2505,test
nq,validation,0,2506,test
nq,validation,0,2507,test
nq,validation,0,2509,test
nq,validation,0,2510,test
nq,validation,0,2511,test
nq,validation,0,2512,validation
nq,validation,0,2513,test
nq,validation,0,2514,validation
nq,validation,0,2515,validation
nq,validation,0,2517,test
nq,validation,0,2518,validation
nq,validation,0,2519,test
nq,validation,0,2520,test
nq,validation,0,2521,test
nq,validation,0,2523,test
nq,validation,0,2524,test
nq,validation,0,2525,test
nq,validation,0,2526,test
nq,validation,0,2528,validation
nq,validation,0,2529,test
nq,validation,0,2530,test
nq,validation,0,2531,test
nq,validation,0,2532,test
nq,validation,0,2534,test
nq,validation,0,2535,test
nq,validation,0,2536,test
nq,validation,0,2537,test
nq,validation,0,2538,test
nq,validation,0,2539,validation
nq,validation,0,2540,test
nq,validation,0,2541,test
nq,validation,0,2542,test
nq,validation,0,2543,test
nq,validation,0,2545,validation
nq,validation,0,2546,test
nq,validation,0,2547,test
nq,validation,0,2549,test
nq,validation,0,2550,test
nq,validation,0,2551,validation
nq,validation,0,2552,test
nq,validation,0,2553,test
nq,validation,0,2554,test
nq,validation,0,2555,test
nq,validation,0,2557,validation
nq,validation,0,2558,test
nq,validation,0,2559,test
nq,validation,0,2560,test
nq,validation,0,2561,test
nq,validation,0,2562,test
nq,validation,0,2563,test
nq,validation,0,2564,test
nq,validation,0,2565,test
nq,validation,0,2566,test
nq,validation,0,2567,validation
nq,validation,0,2568,test
nq,validation,0,2569,test
nq,validation,0,2570,test
nq,validation,0,2571,validation
nq,validation,0,2572,test
nq,validation,0,2573,test
nq,validation,0,2574,test
nq,validation,0,2575,test
nq,validation,0,2576,test
nq,validation,0,2577,test
nq,validation,0,2578,test
nq,validation,0,2579,test
nq,validation,0,2580,test
nq,validation,0,2581,test
nq,validation,0,2582,test
nq,validation,0,2584,test
nq,validation,0,2585,validation
nq,validation,0,2586,test
nq,validation,0,2587,test
nq,validation,0,2589,test
nq,validation,0,2590,validation
nq,validation,0,2591,validation
nq,validation,0,2592,test
nq,validation,0,2593,test
nq,validation,0,2594,test
nq,validation,0,2595,validation
nq,validation,0,2597,test
nq,validation,0,2598,test
nq,validation,0,2599,test
nq,validation,0,2600,test
nq,validation,0,2601,test
nq,validation,0,2603,test
nq,validation,0,2604,validation
nq,validation,0,2605,test
nq,validation,0,2606,test
nq,validation,0,2607,validation
nq,validation,0,2609,test
nq,validation,0,2610,test
nq,validation,0,2611,test
nq,validation,0,2612,test
nq,validation,0,2613,test
nq,validation,0,2615,test
nq,validation,0,2616,test
nq,validation,0,2617,test
nq,validation,0,2618,test
nq,validation,0,2619,validation
nq,validation,0,2621,test
nq,validation,0,2622,validation
nq,validation,0,2623,test
nq,validation,0,2625,test
nq,validation,0,2626,test
nq,validation,0,2627,test
nq,validation,0,2628,validation
nq,validation,0,2630,test
nq,validation,0,2631,validation
nq,validation,0,2632,test
nq,validation,0,2633,test
nq,validation,0,2635,test
nq,validation,0,2636,test
nq,validation,0,2637,test
nq,validation,0,2639,validation
nq,validation,0,2640,test
nq,validation,0,2641,test
nq,validation,0,2642,test
nq,validation,0,2643,validation
nq,validation,0,2644,test
nq,validation,0,2645,test
nq,validation,0,2646,test
nq,validation,0,2647,test
nq,validation,0,2648,test
nq,validation,0,2649,test
nq,validation,0,2650,test
nq,validation,0,2651,validation
nq,validation,0,2652,test
nq,validation,0,2653,validation
nq,validation,0,2656,validation
nq,validation,0,2657,test
nq,validation,0,2658,test
nq,validation,0,2660,test
nq,validation,0,2661,test
nq,validation,0,2663,test
nq,validation,0,2664,validation
nq,validation,0,2665,test
nq,validation,0,2666,validation
nq,validation,0,2667,validation
nq,validation,0,2668,test
nq,validation,0,2669,test
nq,validation,0,2670,test
nq,validation,0,2671,test
nq,validation,0,2672,test
nq,validation,0,2673,test
nq,validation,0,2674,test
nq,validation,0,2676,test
nq,validation,0,2677,test
nq,validation,0,2678,test
nq,validation,0,2679,test
nq,validation,0,2680,test
nq,validation,0,2683,test
nq,validation,0,2684,test
nq,validation,0,2685,validation
nq,validation,0,2686,test
nq,validation,0,2688,test
nq,validation,0,2689,test
nq,validation,0,2691,test
nq,validation,0,2692,test
nq,validation,0,2693,test
nq,validation,0,2694,test
nq,validation,0,2695,test
nq,validation,0,2696,test
nq,validation,0,2700,test
nq,validation,0,2701,validation
nq,validation,0,2702,test
nq,validation,0,2703,test
nq,validation,0,2704,test
nq,validation,0,2707,test
nq,validation,0,2708,test
nq,validation,0,2709,test
nq,validation,0,2710,test
nq,validation,0,2711,test
nq,validation,0,2712,test
nq,validation,0,2713,test
nq,validation,0,2714,test
nq,validation,0,2715,validation
nq,validation,0,2716,test
nq,validation,0,2718,test
nq,validation,0,2719,test
nq,validation,0,2721,validation
nq,validation,0,2722,test
nq,validation,0,2723,validation
nq,validation,0,2724,validation
nq,validation,0,2725,test
nq,validation,0,2726,test
nq,validation,0,2727,validation
nq,validation,0,2728,test
nq,validation,0,2729,test
nq,validation,0,2730,validation
nq,validation,0,2731,test
nq,validation,0,2732,validation
nq,validation,0,2733,test
nq,validation,0,2734,test
nq,validation,0,2736,test
nq,validation,0,2737,validation
nq,validation,0,2738,test
nq,validation,0,2739,test
nq,validation,0,2740,test
nq,validation,0,2741,validation
nq,validation,0,2742,test
nq,validation,0,2743,validation
nq,validation,0,2744,test
nq,validation,0,2745,test
nq,validation,0,2746,validation
nq,validation,0,2748,validation
nq,validation,0,2749,test
nq,validation,0,2750,test
nq,validation,0,2754,validation
nq,validation,0,2755,test
nq,validation,0,2756,test
nq,validation,0,2758,test
nq,validation,0,2760,test
nq,validation,0,2761,test
nq,validation,0,2762,test
nq,validation,0,2763,test
nq,validation,0,2764,test
nq,validation,0,2765,test
nq,validation,0,2766,test
nq,validation,0,2767,test
nq,validation,0,2768,test
nq,validation,0,2769,test
nq,validation,0,2770,test
nq,validation,0,2771,validation
nq,validation,0,2772,test
nq,validation,0,2773,test
nq,validation,0,2775,test
nq,validation,0,2777,test
nq,validation,0,2778,test
nq,validation,0,2779,test
nq,validation,0,2781,test
nq,validation,0,2782,test
nq,validation,0,2784,test
nq,validation,0,2785,validation
nq,validation,0,2786,validation
nq,validation,0,2787,validation
nq,validation,0,2788,test
nq,validation,0,2789,validation
nq,validation,0,2791,test
nq,validation,0,2792,validation
nq,validation,0,2793,test
nq,validation,0,2795,test
nq,validation,0,2796,test
nq,validation,0,2797,test
nq,validation,0,2798,validation
nq,validation,0,2799,validation
nq,validation,0,2800,validation
nq,validation,0,2801,test
nq,validation,0,2802,test
nq,validation,0,2803,test
nq,validation,0,2804,validation
nq,validation,0,2805,test
nq,validation,0,2806,test
nq,validation,0,2808,test
nq,validation,0,2809,test
nq,validation,0,2810,test
nq,validation,0,2811,test
nq,validation,0,2813,validation
nq,validation,0,2814,test
nq,validation,0,2815,test
nq,validation,0,2816,test
nq,validation,0,2817,test
nq,validation,0,2819,test
nq,validation,0,2821,test
nq,validation,0,2823,test
nq,validation,0,2824,test
nq,validation,0,2825,test
nq,validation,0,2826,test
nq,validation,0,2827,test
nq,validation,0,2828,test
nq,validation,0,2829,test
nq,validation,0,2831,test
nq,validation,0,2832,test
nq,validation,0,2833,validation
nq,validation,0,2834,test
nq,validation,0,2835,test
nq,validation,0,2836,test
nq,validation,0,2837,validation
nq,validation,0,2838,test
nq,validation,0,2839,test
nq,validation,0,2840,test
nq,validation,0,2841,test
nq,validation,0,2842,test
nq,validation,0,2843,test
nq,validation,0,2844,validation
nq,validation,0,2845,test
nq,validation,0,2846,test
nq,validation,0,2847,test
nq,validation,0,2848,test
nq,validation,0,2850,test
nq,validation,0,2851,test
nq,validation,0,2852,test
nq,validation,0,2853,test
nq,validation,0,2854,test
nq,validation,0,2855,test
nq,validation,0,2856,validation
nq,validation,0,2857,validation
nq,validation,0,2858,test
nq,validation,0,2859,test
nq,validation,0,2860,test
nq,validation,0,2861,test
nq,validation,0,2862,test
nq,validation,0,2863,test
nq,validation,0,2864,validation
nq,validation,0,2865,validation
nq,validation,0,2866,test
nq,validation,0,2868,test
nq,validation,0,2869,validation
nq,validation,0,2870,validation
nq,validation,0,2872,test
nq,validation,0,2873,test
nq,validation,0,2874,test
nq,validation,0,2876,test
nq,validation,0,2877,test
nq,validation,0,2878,test
nq,validation,0,2879,test
nq,validation,0,2880,test
nq,validation,0,2882,test
nq,validation,0,2883,test
nq,validation,0,2885,test
nq,validation,0,2886,validation
nq,validation,0,2887,test
nq,validation,0,2888,validation
nq,validation,0,2889,test
nq,validation,0,2891,test
nq,validation,0,2893,test
nq,validation,0,2894,validation
nq,validation,0,2895,test
nq,validation,0,2896,test
nq,validation,0,2897,test
nq,validation,0,2898,test
nq,validation,0,2899,test
nq,validation,0,2901,test
nq,validation,0,2902,validation
nq,validation,0,2903,test
nq,validation,0,2904,test
nq,validation,0,2905,test
nq,validation,0,2906,validation
nq,validation,0,2907,validation
nq,validation,0,2908,test
nq,validation,0,2909,test
nq,validation,0,2910,test
nq,validation,0,2911,test
nq,validation,0,2912,test
nq,validation,0,2914,test
nq,validation,0,2915,test
nq,validation,0,2916,test
nq,validation,0,2917,test
nq,validation,0,2918,validation
nq,validation,0,2919,test
nq,validation,0,2920,test
nq,validation,0,2921,test
nq,validation,0,2922,test
nq,validation,0,2923,test
nq,validation,0,2924,test
nq,validation,0,2925,test
nq,validation,0,2926,test
nq,validation,0,2927,test
nq,validation,0,2928,test
nq,validation,0,2929,test
nq,validation,0,2930,validation
nq,validation,0,2931,test
nq,validation,0,2932,test
nq,validation,0,2933,test
nq,validation,0,2934,validation
nq,validation,0,2936,test
nq,validation,0,2938,test
nq,validation,0,2939,test
nq,validation,0,2940,test
nq,validation,0,2941,test
nq,validation,0,2944,test
nq,validation,0,2945,test
nq,validation,0,2947,validation
nq,validation,0,2948,test
nq,validation,0,2949,test
nq,validation,0,2950,test
nq,validation,0,2951,test
nq,validation,0,2952,validation
nq,validation,0,2954,test
nq,validation,0,2956,test
nq,validation,0,2957,test
nq,validation,0,2958,test
nq,validation,0,2959,test
nq,validation,0,2960,validation
nq,validation,0,2961,test
nq,validation,0,2962,test
nq,validation,0,2963,test
nq,validation,0,2964,test
nq,validation,0,2965,test
nq,validation,0,2966,test
nq,validation,0,2967,test
nq,validation,0,2968,test
nq,validation,0,2969,test
nq,validation,0,2971,test
nq,validation,0,2972,test
nq,validation,0,2973,test
nq,validation,0,2974,test
nq,validation,0,2975,test
nq,validation,0,2976,validation
nq,validation,0,2977,test
nq,validation,0,2978,test
nq,validation,0,2979,test
nq,validation,0,2980,test
nq,validation,0,2981,validation
nq,validation,0,2982,validation
nq,validation,0,2983,test
nq,validation,0,2984,test
nq,validation,0,2986,test
nq,validation,0,2987,test
nq,validation,0,2988,test
nq,validation,0,2989,test
nq,validation,0,2990,test
nq,validation,0,2992,validation
nq,validation,0,2993,validation
nq,validation,0,2994,test
nq,validation,0,2995,validation
nq,validation,0,2996,test
nq,validation,0,2997,test
nq,validation,0,2999,validation
nq,validation,0,3000,validation
nq,validation,0,3001,test
nq,validation,0,3003,test
nq,validation,0,3004,validation
nq,validation,0,3005,validation
nq,validation,0,3006,test
nq,validation,0,3007,validation
nq,validation,0,3008,test
nq,validation,0,3009,test
nq,validation,0,3010,test
nq,validation,0,3011,test
nq,validation,0,3012,test
nq,validation,0,3013,test
nq,validation,0,3014,test
nq,validation,0,3015,validation
nq,validation,0,3016,test
nq,validation,0,3017,test
nq,validation,0,3019,test
nq,validation,0,3020,test
nq,validation,0,3021,test
nq,validation,0,3022,test
nq,validation,0,3024,test
nq,validation,0,3026,test
nq,validation,0,3027,test
nq,validation,0,3028,test
nq,validation,0,3029,test
nq,validation,0,3030,test
nq,validation,0,3032,test
nq,validation,0,3033,test
nq,validation,0,3034,test
nq,validation,0,3035,test
nq,validation,0,3036,test
nq,validation,0,3037,validation
nq,validation,0,3038,validation
nq,validation,0,3039,validation
nq,validation,0,3040,test
nq,validation,0,3041,test
nq,validation,0,3042,test
nq,validation,0,3043,test
nq,validation,0,3044,test
nq,validation,0,3045,test
nq,validation,0,3047,test
nq,validation,0,3048,test
nq,validation,0,3049,test
nq,validation,0,3050,test
nq,validation,0,3051,validation
nq,validation,0,3052,test
nq,validation,0,3053,test
nq,validation,0,3054,test
nq,validation,0,3055,test
nq,validation,0,3056,validation
nq,validation,0,3057,test
nq,validation,0,3058,test
nq,validation,0,3059,test
nq,validation,0,3061,test
nq,validation,0,3062,validation
nq,validation,0,3063,test
nq,validation,0,3064,validation
nq,validation,0,3065,test
nq,validation,0,3066,validation
nq,validation,0,3067,test
nq,validation,0,3068,test
nq,validation,0,3070,test
nq,validation,0,3071,test
nq,validation,0,3072,test
nq,validation,0,3073,test
nq,validation,0,3074,test
nq,validation,0,3075,test
nq,validation,0,3076,test
nq,validation,0,3077,test
nq,validation,0,3078,test
nq,validation,0,3079,test
nq,validation,0,3080,validation
nq,validation,0,3081,test
nq,validation,0,3082,test
nq,validation,0,3085,test
nq,validation,0,3087,test
nq,validation,0,3088,validation
nq,validation,0,3090,test
nq,validation,0,3091,test
nq,validation,0,3092,test
nq,validation,0,3094,test
nq,validation,0,3095,test
nq,validation,0,3096,validation
nq,validation,0,3099,test
nq,validation,0,3100,test
nq,validation,0,3101,test
nq,validation,0,3103,test
nq,validation,0,3104,test
nq,validation,0,3105,test
nq,validation,0,3107,test
nq,validation,0,3108,test
nq,validation,0,3110,test
nq,validation,0,3111,test
nq,validation,0,3113,test
nq,validation,0,3114,validation
nq,validation,0,3115,test
nq,validation,0,3116,test
nq,validation,0,3117,test
nq,validation,0,3118,test
nq,validation,0,3119,test
nq,validation,0,3120,test
nq,validation,0,3122,test
nq,validation,0,3123,test
nq,validation,0,3125,test
nq,validation,0,3126,validation
nq,validation,0,3127,test
nq,validation,0,3128,test
nq,validation,0,3129,test
nq,validation,0,3130,test
nq,validation,0,3131,test
nq,validation,0,3132,test
nq,validation,0,3133,test
nq,validation,0,3135,test
nq,validation,0,3137,test
nq,validation,0,3138,test
nq,validation,0,3139,test
nq,validation,0,3140,test
nq,validation,0,3142,test
nq,validation,0,3143,validation
nq,validation,0,3144,test
nq,validation,0,3145,test
nq,validation,0,3146,test
nq,validation,0,3147,test
nq,validation,0,3148,test
nq,validation,0,3149,test
nq,validation,0,3150,validation
nq,validation,0,3151,validation
nq,validation,0,3152,test
nq,validation,0,3153,test
nq,validation,0,3154,test
nq,validation,0,3155,validation
nq,validation,0,3156,test
nq,validation,0,3157,test
nq,validation,0,3158,test
nq,validation,0,3159,test
nq,validation,0,3160,test
nq,validation,0,3161,test
nq,validation,0,3162,test
nq,validation,0,3163,test
nq,validation,0,3164,test
nq,validation,0,3166,validation
nq,validation,0,3167,test
nq,validation,0,3168,test
nq,validation,0,3170,test
nq,validation,0,3172,test
nq,validation,0,3173,test
nq,validation,0,3174,test
nq,validation,0,3175,test
nq,validation,0,3176,test
nq,validation,0,3177,test
nq,validation,0,3179,test
nq,validation,0,3180,test
nq,validation,0,3181,test
nq,validation,0,3182,validation
nq,validation,0,3183,test
nq,validation,0,3184,test
nq,validation,0,3185,validation
nq,validation,0,3186,test
nq,validation,0,3187,test
nq,validation,0,3188,test
nq,validation,0,3189,validation
nq,validation,0,3190,test
nq,validation,0,3191,validation
nq,validation,0,3192,test
nq,validation,0,3193,test
nq,validation,0,3194,test
nq,validation,0,3195,validation
nq,validation,0,3196,test
nq,validation,0,3197,validation
nq,validation,0,3198,test
nq,validation,0,3199,test
nq,validation,0,3201,validation
nq,validation,0,3202,validation
nq,validation,0,3203,test
nq,validation,0,3204,test
nq,validation,0,3205,test
nq,validation,0,3206,test
nq,validation,0,3207,test
nq,validation,0,3208,validation
nq,validation,0,3212,test
nq,validation,0,3213,test
nq,validation,0,3215,test
nq,validation,0,3217,validation
nq,validation,0,3218,test
nq,validation,0,3219,test
nq,validation,0,3221,test
nq,validation,0,3222,validation
nq,validation,0,3223,test
nq,validation,0,3224,test
nq,validation,0,3225,test
nq,validation,0,3226,test
nq,validation,0,3227,test
nq,validation,0,3228,test
nq,validation,0,3230,validation
nq,validation,0,3231,validation
nq,validation,0,3232,test
nq,validation,0,3233,test
nq,validation,0,3234,test
nq,validation,0,3235,test
nq,validation,0,3236,test
nq,validation,0,3237,test
nq,validation,0,3238,validation
nq,validation,0,3239,test
nq,validation,0,3241,test
nq,validation,0,3242,test
nq,validation,0,3244,test
nq,validation,0,3245,test
nq,validation,0,3246,validation
nq,validation,0,3247,test
nq,validation,0,3248,test
nq,validation,0,3249,test
nq,validation,0,3250,test
nq,validation,0,3251,test
nq,validation,0,3253,test
nq,validation,0,3254,test
nq,validation,0,3255,test
nq,validation,0,3256,test
nq,validation,0,3258,test
nq,validation,0,3259,test
nq,validation,0,3260,test
nq,validation,0,3261,test
nq,validation,0,3263,test
nq,validation,0,3264,validation
nq,validation,0,3265,test
nq,validation,0,3266,test
nq,validation,0,3267,test
nq,validation,0,3268,test
nq,validation,0,3269,test
nq,validation,0,3270,test
nq,validation,0,3271,validation
nq,validation,0,3272,test
nq,validation,0,3274,validation
nq,validation,0,3275,test
nq,validation,0,3276,test
nq,validation,0,3277,validation
nq,validation,0,3278,validation
nq,validation,0,3280,test
nq,validation,0,3281,test
nq,validation,0,3282,test
nq,validation,0,3283,test
nq,validation,0,3284,validation
nq,validation,0,3285,test
nq,validation,0,3286,validation
nq,validation,0,3288,test
nq,validation,0,3289,test
nq,validation,0,3290,validation
nq,validation,0,3291,test
nq,validation,0,3292,test
nq,validation,0,3294,test
nq,validation,0,3297,test
nq,validation,0,3298,test
nq,validation,0,3299,test
nq,validation,0,3301,test
nq,validation,0,3303,test
nq,validation,0,3304,test
nq,validation,0,3305,test
nq,validation,0,3306,test
nq,validation,0,3307,validation
nq,validation,0,3308,validation
nq,validation,0,3309,test
nq,validation,0,3311,test
nq,validation,0,3312,test
nq,validation,0,3313,test
nq,validation,0,3314,test
nq,validation,0,3315,test
nq,validation,0,3316,test
nq,validation,0,3318,test
nq,validation,0,3319,test
nq,validation,0,3320,test
nq,validation,0,3321,test
nq,validation,0,3322,test
nq,validation,0,3323,test
nq,validation,0,3325,test
nq,validation,0,3326,validation
nq,validation,0,3327,validation
nq,validation,0,3328,test
nq,validation,0,3329,validation
nq,validation,0,3330,test
nq,validation,0,3331,test
nq,validation,0,3332,test
nq,validation,0,3333,test
nq,validation,0,3334,test
nq,validation,0,3335,test
nq,validation,0,3338,validation
nq,validation,0,3339,validation
nq,validation,0,3340,validation
nq,validation,0,3341,test
nq,validation,0,3342,test
nq,validation,0,3344,test
nq,validation,0,3345,test
nq,validation,0,3346,test
nq,validation,0,3347,test
nq,validation,0,3348,test
nq,validation,0,3349,test
nq,validation,0,3351,test
nq,validation,0,3352,test
nq,validation,0,3353,test
nq,validation,0,3355,test
nq,validation,0,3356,test
nq,validation,0,3357,test
nq,validation,0,3358,test
nq,validation,0,3359,test
nq,validation,0,3360,test
nq,validation,0,3361,validation
nq,validation,0,3362,test
nq,validation,0,3363,test
nq,validation,0,3364,test
nq,validation,0,3365,test
nq,validation,0,3366,test
nq,validation,0,3368,test
nq,validation,0,3369,validation
nq,validation,0,3370,validation
nq,validation,0,3371,test
nq,validation,0,3372,test
nq,validation,0,3373,test
nq,validation,0,3374,validation
nq,validation,0,3375,test
nq,validation,0,3376,test
nq,validation,0,3377,test
nq,validation,0,3378,test
nq,validation,0,3379,validation
nq,validation,0,3380,validation
nq,validation,0,3381,test
nq,validation,0,3382,test
nq,validation,0,3383,test
nq,validation,0,3384,test
nq,validation,0,3385,test
nq,validation,0,3386,test
nq,validation,0,3387,test
nq,validation,0,3388,test
nq,validation,0,3389,test
nq,validation,0,3390,test
nq,validation,0,3391,test
nq,validation,0,3394,test
nq,validation,0,3395,test
nq,validation,0,3396,validation
nq,validation,0,3397,test
nq,validation,0,3398,test
nq,validation,0,3399,test
nq,validation,0,3400,test
nq,validation,0,3401,test
nq,validation,0,3402,test
nq,validation,0,3403,validation
nq,validation,0,3404,validation
nq,validation,0,3405,test
nq,validation,0,3406,test
nq,validation,0,3407,test
nq,validation,0,3408,test
nq,validation,0,3409,test
nq,validation,0,3410,validation
nq,validation,0,3411,validation
nq,validation,0,3412,test
nq,validation,0,3413,validation
nq,validation,0,3414,test
nq,validation,0,3415,test
nq,validation,0,3416,test
nq,validation,0,3417,validation
nq,validation,0,3419,test
nq,validation,0,3420,test
nq,validation,0,3421,test
nq,validation,0,3423,test
nq,validation,0,3424,test
nq,validation,0,3425,test
nq,validation,0,3426,test
nq,validation,0,3427,test
nq,validation,0,3428,test
nq,validation,0,3429,test
nq,validation,0,3430,validation
nq,validation,0,3432,test
nq,validation,0,3433,test
nq,validation,0,3434,test
nq,validation,0,3436,validation
nq,validation,0,3437,test
nq,validation,0,3438,test
nq,validation,0,3439,validation
nq,validation,0,3440,test
nq,validation,0,3442,test
nq,validation,0,3443,test
nq,validation,0,3444,test
nq,validation,0,3445,test
nq,validation,0,3446,test
nq,validation,0,3447,test
nq,validation,0,3448,validation
nq,validation,0,3449,test
nq,validation,0,3450,test
nq,validation,0,3451,test
nq,validation,0,3452,validation
nq,validation,0,3453,validation
nq,validation,0,3454,test
nq,validation,0,3455,validation
nq,validation,0,3456,test
nq,validation,0,3457,test
nq,validation,0,3458,test
nq,validation,0,3459,test
nq,validation,0,3460,test
nq,validation,0,3463,test
nq,validation,0,3464,test
nq,validation,0,3465,validation
nq,validation,0,3466,test
nq,validation,0,3467,test
nq,validation,0,3468,test
nq,validation,0,3469,test
nq,validation,0,3470,test
nq,validation,0,3471,test
nq,validation,0,3472,test
nq,validation,0,3473,test
nq,validation,0,3474,test
nq,validation,0,3475,validation
nq,validation,0,3476,test
nq,validation,0,3477,test
nq,validation,0,3479,test
nq,validation,0,3480,validation
nq,validation,0,3481,test
nq,validation,0,3482,test
nq,validation,0,3483,test
nq,validation,0,3484,test
nq,validation,0,3486,validation
nq,validation,0,3487,test
nq,validation,0,3489,test
nq,validation,0,3490,test
nq,validation,0,3491,test
nq,validation,0,3492,test
nq,validation,0,3493,test
nq,validation,0,3494,test
nq,validation,0,3495,test
nq,validation,0,3496,test
nq,validation,0,3497,test
nq,validation,0,3498,test
nq,validation,0,3499,test
nq,validation,0,3500,test
nq,validation,0,3501,test
nq,validation,0,3502,test
nq,validation,0,3503,test
nq,validation,0,3504,test
nq,validation,0,3505,test
nq,validation,0,3506,test
nq,validation,0,3507,test
nq,validation,0,3508,test
nq,validation,0,3509,test
nq,validation,0,3510,test
nq,validation,0,3511,test
nq,validation,0,3512,test
nq,validation,0,3513,validation
nq,validation,0,3514,test
nq,validation,0,3516,validation
nq,validation,0,3517,test
nq,validation,0,3519,test
nq,validation,0,3520,validation
nq,validation,0,3521,validation
nq,validation,0,3522,test
nq,validation,0,3523,test
nq,validation,0,3524,test
nq,validation,0,3525,test
nq,validation,0,3527,validation
nq,validation,0,3528,test
nq,validation,0,3531,test
nq,validation,0,3532,test
nq,validation,0,3533,test
nq,validation,0,3535,test
nq,validation,0,3536,test
nq,validation,0,3537,test
nq,validation,0,3538,test
nq,validation,0,3539,test
nq,validation,0,3540,test
nq,validation,0,3542,validation
nq,validation,0,3544,test
nq,validation,0,3545,test
nq,validation,0,3546,validation
nq,validation,0,3547,test
nq,validation,0,3548,validation
nq,validation,0,3549,test
nq,validation,0,3550,validation
nq,validation,0,3551,validation
nq,validation,0,3552,test
nq,validation,0,3555,validation
nq,validation,0,3556,test
nq,validation,0,3557,validation
nq,validation,0,3558,validation
nq,validation,0,3559,test
nq,validation,0,3560,validation
nq,validation,0,3561,test
nq,validation,0,3562,test
nq,validation,0,3563,test
nq,validation,0,3564,test
nq,validation,0,3566,validation
nq,validation,0,3567,test
nq,validation,0,3569,test
nq,validation,0,3570,test
nq,validation,0,3571,test
nq,validation,0,3572,test
nq,validation,0,3573,test
nq,validation,0,3574,test
nq,validation,0,3575,test
nq,validation,0,3576,test
nq,validation,0,3578,test
nq,validation,0,3579,validation
nq,validation,0,3580,test
nq,validation,0,3581,validation
nq,validation,0,3583,test
nq,validation,0,3584,test
nq,validation,0,3585,validation
nq,validation,0,3587,test
nq,validation,0,3588,validation
nq,validation,0,3589,test
nq,validation,0,3590,test
nq,validation,0,3591,test
nq,validation,0,3592,validation
nq,validation,0,3593,test
nq,validation,0,3594,test
nq,validation,0,3595,test
nq,validation,0,3596,test
nq,validation,0,3597,test
nq,validation,0,3598,test
nq,validation,0,3600,validation
nq,validation,0,3601,test
nq,validation,0,3602,test
nq,validation,0,3603,test
nq,validation,0,3604,validation
nq,validation,0,3605,validation
nq,validation,0,3606,test
nq,validation,0,3607,test
nq,validation,0,3608,test
nq,validation,0,3610,validation
nq,validation,0,3611,test
nq,validation,0,3612,test
nq,validation,0,3613,test
nq,validation,0,3614,test
nq,validation,0,3615,test
nq,validation,0,3616,test
nq,validation,0,3617,validation
nq,validation,0,3618,validation
nq,validation,0,3620,test
nq,validation,0,3622,test
nq,validation,0,3623,test
nq,validation,0,3624,test
nq,validation,0,3625,test
nq,validation,0,3626,test
nq,validation,0,3627,test
nq,validation,0,3628,validation
nq,validation,0,3629,test
nq,validation,0,3630,test
nq,validation,0,3631,validation
nq,validation,0,3632,test
nq,validation,0,3633,test
nq,validation,0,3634,validation
nq,validation,0,3635,test
nq,validation,0,3636,test
nq,validation,0,3637,test
nq,validation,0,3638,test
nq,validation,0,3639,test
nq,validation,0,3640,validation
nq,validation,0,3642,test
nq,validation,0,3643,test
nq,validation,0,3645,test
nq,validation,0,3646,test
nq,validation,0,3647,test
nq,validation,0,3648,test
nq,validation,0,3649,test
nq,validation,0,3650,test
nq,validation,0,3651,validation
nq,validation,0,3652,test
nq,validation,0,3653,test
nq,validation,0,3654,validation
nq,validation,0,3655,test
nq,validation,0,3656,validation
nq,validation,0,3657,test
nq,validation,0,3659,test
nq,validation,0,3660,test
nq,validation,0,3662,validation
nq,validation,0,3663,validation
nq,validation,0,3664,test
nq,validation,0,3665,test
nq,validation,0,3666,validation
nq,validation,0,3667,test
nq,validation,0,3668,test
nq,validation,0,3669,validation
nq,validation,0,3670,test
nq,validation,0,3671,test
nq,validation,0,3672,test
nq,validation,0,3673,test
nq,validation,0,3674,test
nq,validation,0,3675,validation
nq,validation,0,3676,test
nq,validation,0,3677,test
nq,validation,0,3678,validation
nq,validation,0,3679,test
nq,validation,0,3680,test
nq,validation,0,3681,test
nq,validation,0,3682,test
nq,validation,0,3683,test
nq,validation,0,3684,test
nq,validation,0,3685,validation
nq,validation,0,3686,test
nq,validation,0,3687,validation
nq,validation,0,3688,test
nq,validation,0,3689,test
nq,validation,0,3690,validation
nq,validation,0,3691,test
nq,validation,0,3692,test
nq,validation,0,3693,test
nq,validation,0,3694,validation
nq,validation,0,3696,test
nq,validation,0,3697,test
nq,validation,0,3698,validation
nq,validation,0,3699,test
nq,validation,0,3700,test
nq,validation,0,3703,test
nq,validation,0,3704,test
nq,validation,0,3705,test
nq,validation,0,3706,validation
nq,validation,0,3707,test
nq,validation,0,3708,test
nq,validation,0,3710,test
nq,validation,0,3711,test
nq,validation,0,3712,validation
nq,validation,0,3713,test
nq,validation,0,3714,test
nq,validation,0,3715,test
nq,validation,0,3716,test
nq,validation,0,3717,test
nq,validation,0,3718,test
nq,validation,0,3719,test
nq,validation,0,3720,test
nq,validation,0,3721,validation
nq,validation,0,3722,validation
nq,validation,0,3723,test
nq,validation,0,3724,validation
nq,validation,0,3725,test
nq,validation,0,3726,test
nq,validation,0,3727,test
nq,validation,0,3729,test
nq,validation,0,3730,test
nq,validation,0,3731,test
nq,validation,0,3732,test
nq,validation,0,3734,test
nq,validation,0,3735,test
nq,validation,0,3736,validation
nq,validation,0,3737,validation
nq,validation,0,3738,validation
nq,validation,0,3739,test
nq,validation,0,3740,test
nq,validation,0,3741,validation
nq,validation,0,3742,test
nq,validation,0,3743,test
nq,validation,0,3744,validation
nq,validation,0,3745,test
nq,validation,0,3746,test
nq,validation,0,3747,test
nq,validation,0,3748,test
nq,validation,0,3750,test
nq,validation,0,3751,test
nq,validation,0,3752,test
nq,validation,0,3753,test
nq,validation,0,3755,test
nq,validation,0,3756,test
nq,validation,0,3757,test
nq,validation,0,3758,test
nq,validation,0,3759,test
nq,validation,0,3760,test
nq,validation,0,3761,test
nq,validation,0,3762,test
nq,validation,0,3764,test
nq,validation,0,3765,test
nq,validation,0,3766,test
nq,validation,0,3767,test
nq,validation,0,3768,test
nq,validation,0,3769,test
nq,validation,0,3770,test
nq,validation,0,3771,test
nq,validation,0,3772,test
nq,validation,0,3773,test
nq,validation,0,3774,test
nq,validation,0,3775,test
nq,validation,0,3776,validation
nq,validation,0,3777,test
nq,validation,0,3778,test
nq,validation,0,3779,test
nq,validation,0,3780,validation
nq,validation,0,3781,test
nq,validation,0,3782,test
nq,validation,0,3783,test
nq,validation,0,3785,test
nq,validation,0,3786,test
nq,validation,0,3787,validation
nq,validation,0,3788,test
nq,validation,0,3789,test
nq,validation,0,3791,test
nq,validation,0,3793,test
nq,validation,0,3795,test
nq,validation,0,3796,test
nq,validation,0,3797,test
nq,validation,0,3798,test
nq,validation,0,3799,test
nq,validation,0,3801,validation
nq,validation,0,3802,test
nq,validation,0,3804,test
nq,validation,0,3805,test
nq,validation,0,3806,test
nq,validation,0,3807,test
nq,validation,0,3808,validation
nq,validation,0,3809,validation
nq,validation,0,3810,test
nq,validation,0,3811,test
nq,validation,0,3812,test
nq,validation,0,3813,validation
nq,validation,0,3814,test
nq,validation,0,3815,validation
nq,validation,0,3816,test
nq,validation,0,3818,test
nq,validation,0,3819,test
nq,validation,0,3820,test
nq,validation,0,3821,test
nq,validation,0,3822,test
nq,validation,0,3824,test
nq,validation,0,3825,test
nq,validation,0,3826,test
nq,validation,0,3827,validation
nq,validation,0,3828,validation
nq,validation,0,3829,test
nq,validation,0,3832,test
nq,validation,0,3834,test
nq,validation,0,3835,test
nq,validation,0,3837,validation
nq,validation,0,3841,test
nq,validation,0,3842,test
nq,validation,0,3843,test
nq,validation,0,3845,test
nq,validation,0,3846,test
nq,validation,0,3847,validation
nq,validation,0,3848,test
nq,validation,0,3849,test
nq,validation,0,3850,test
nq,validation,0,3852,validation
nq,validation,0,3853,validation
nq,validation,0,3854,test
nq,validation,0,3855,test
nq,validation,0,3856,test
nq,validation,0,3857,test
nq,validation,0,3858,test
nq,validation,0,3859,test
nq,validation,0,3860,validation
nq,validation,0,3861,test
nq,validation,0,3862,test
nq,validation,0,3863,test
nq,validation,0,3864,validation
nq,validation,0,3865,test
nq,validation,0,3866,test
nq,validation,0,3867,validation
nq,validation,0,3868,test
nq,validation,0,3869,validation
nq,validation,0,3870,test
nq,validation,0,3871,test
nq,validation,0,3872,test
nq,validation,0,3873,test
nq,validation,0,3875,validation
nq,validation,0,3876,test
nq,validation,0,3877,test
nq,validation,0,3878,test
nq,validation,0,3879,test
nq,validation,0,3881,test
nq,validation,0,3884,test
nq,validation,0,3885,test
nq,validation,0,3886,test
nq,validation,0,3887,test
nq,validation,0,3889,test
nq,validation,0,3890,validation
nq,validation,0,3891,validation
nq,validation,0,3892,test
nq,validation,0,3893,validation
nq,validation,0,3894,test
nq,validation,0,3896,test
nq,validation,0,3897,test
nq,validation,0,3898,test
nq,validation,0,3899,test
nq,validation,0,3901,test
nq,validation,0,3902,test
nq,validation,0,3904,validation
nq,validation,0,3905,test
nq,validation,0,3906,test
nq,validation,0,3907,test
nq,validation,0,3908,test
nq,validation,0,3909,test
nq,validation,0,3910,test
nq,validation,0,3912,test
nq,validation,0,3913,validation
nq,validation,0,3914,validation
nq,validation,0,3915,test
nq,validation,0,3916,test
nq,validation,0,3917,validation
nq,validation,0,3918,test
nq,validation,0,3919,test
nq,validation,0,3920,test
nq,validation,0,3921,test
nq,validation,0,3922,validation
nq,validation,0,3923,test
nq,validation,0,3924,validation
nq,validation,0,3926,test
nq,validation,0,3927,test
nq,validation,0,3928,test
nq,validation,0,3929,test
nq,validation,0,3930,validation
nq,validation,0,3931,test
nq,validation,0,3932,test
nq,validation,0,3933,test
nq,validation,0,3934,test
nq,validation,0,3935,test
nq,validation,0,3936,test
nq,validation,0,3937,validation
nq,validation,0,3938,test
nq,validation,0,3939,validation
nq,validation,0,3940,test
nq,validation,0,3941,test
nq,validation,0,3942,test
nq,validation,0,3943,test
nq,validation,0,3945,test
nq,validation,0,3946,test
nq,validation,0,3947,test
nq,validation,0,3948,validation
nq,validation,0,3950,test
nq,validation,0,3951,test
nq,validation,0,3952,test
nq,validation,0,3954,test
nq,validation,0,3955,test
nq,validation,0,3956,test
nq,validation,0,3958,test
nq,validation,0,3959,test
nq,validation,0,3960,test
nq,validation,0,3961,test
nq,validation,0,3962,test
nq,validation,0,3963,test
nq,validation,0,3964,test
nq,validation,0,3965,validation
nq,validation,0,3967,test
nq,validation,0,3968,test
nq,validation,0,3969,validation
nq,validation,0,3970,validation
nq,validation,0,3972,validation
nq,validation,0,3973,test
nq,validation,0,3974,test
nq,validation,0,3975,test
nq,validation,0,3976,test
nq,validation,0,3977,test
nq,validation,0,3978,validation
nq,validation,0,3979,test
nq,validation,0,3980,validation
nq,validation,0,3981,test
nq,validation,0,3982,test
nq,validation,0,3983,validation
nq,validation,0,3984,validation
nq,validation,0,3985,test
nq,validation,0,3986,test
nq,validation,0,3987,test
nq,validation,0,3988,test
nq,validation,0,3990,test
nq,validation,0,3991,validation
nq,validation,0,3993,test
nq,validation,0,3994,test
nq,validation,0,3995,test
nq,validation,0,3996,test
nq,validation,0,3999,test
nq,validation,0,4001,test
nq,validation,0,4002,test
nq,validation,0,4003,test
nq,validation,0,4004,test
nq,validation,0,4006,test
nq,validation,0,4007,validation
nq,validation,0,4008,test
nq,validation,0,4009,test
nq,validation,0,4010,test
nq,validation,0,4013,test
nq,validation,0,4014,test
nq,validation,0,4015,test
nq,validation,0,4016,validation
nq,validation,0,4017,test
nq,validation,0,4019,test
nq,validation,0,4020,test
nq,validation,0,4021,test
nq,validation,0,4023,validation
nq,validation,0,4024,validation
nq,validation,0,4025,test
nq,validation,0,4026,test
nq,validation,0,4027,validation
nq,validation,0,4029,test
nq,validation,0,4031,test
nq,validation,0,4032,test
nq,validation,0,4033,test
nq,validation,0,4034,test
nq,validation,0,4035,test
nq,validation,0,4036,test
nq,validation,0,4037,validation
nq,validation,0,4038,test
nq,validation,0,4040,test
nq,validation,0,4041,test
nq,validation,0,4042,test
nq,validation,0,4043,test
nq,validation,0,4044,test
nq,validation,0,4045,test
nq,validation,0,4046,test
nq,validation,0,4047,test
nq,validation,0,4048,test
nq,validation,0,4049,validation
nq,validation,0,4050,test
nq,validation,0,4051,test
nq,validation,0,4053,test
nq,validation,0,4055,test
nq,validation,0,4057,test
nq,validation,0,4058,test
nq,validation,0,4059,test
nq,validation,0,4060,validation
nq,validation,0,4061,test
nq,validation,0,4062,test
nq,validation,0,4063,test
nq,validation,0,4064,test
nq,validation,0,4066,test
nq,validation,0,4068,test
nq,validation,0,4071,test
nq,validation,0,4072,test
nq,validation,0,4073,test
nq,validation,0,4074,test
nq,validation,0,4075,validation
nq,validation,0,4076,test
nq,validation,0,4077,validation
nq,validation,0,4078,test
nq,validation,0,4079,validation
nq,validation,0,4080,test
nq,validation,0,4081,validation
nq,validation,0,4082,test
nq,validation,0,4083,test
nq,validation,0,4084,validation
nq,validation,0,4085,validation
nq,validation,0,4086,test
nq,validation,0,4087,test
nq,validation,0,4088,test
nq,validation,0,4090,validation
nq,validation,0,4091,validation
nq,validation,0,4092,test
nq,validation,0,4093,test
nq,validation,0,4095,test
nq,validation,0,4097,test
nq,validation,0,4098,test
nq,validation,0,4099,validation
nq,validation,0,4100,test
nq,validation,0,4101,test
nq,validation,0,4102,test
nq,validation,0,4104,test
nq,validation,0,4105,validation
nq,validation,0,4107,test
nq,validation,0,4108,test
nq,validation,0,4109,test
nq,validation,0,4111,test
nq,validation,0,4112,test
nq,validation,0,4113,test
nq,validation,0,4114,test
nq,validation,0,4115,test
nq,validation,0,4116,test
nq,validation,0,4117,test
nq,validation,0,4118,test
nq,validation,0,4119,test
nq,validation,0,4121,test
nq,validation,0,4122,test
nq,validation,0,4123,test
nq,validation,0,4125,test
nq,validation,0,4126,validation
nq,validation,0,4127,test
nq,validation,0,4128,validation
nq,validation,0,4129,validation
nq,validation,0,4130,test
nq,validation,0,4131,validation
nq,validation,0,4132,test
nq,validation,0,4133,test
nq,validation,0,4134,test
nq,validation,0,4135,validation
nq,validation,0,4136,validation
nq,validation,0,4137,test
nq,validation,0,4138,test
nq,validation,0,4139,test
nq,validation,0,4142,test
nq,validation,0,4143,test
nq,validation,0,4144,test
nq,validation,0,4145,test
nq,validation,0,4146,test
nq,validation,0,4148,test
nq,validation,0,4149,test
nq,validation,0,4150,test
nq,validation,0,4152,test
nq,validation,0,4153,test
nq,validation,0,4154,test
nq,validation,0,4155,test
nq,validation,0,4156,validation
nq,validation,0,4157,test
nq,validation,0,4158,test
nq,validation,0,4159,test
nq,validation,0,4160,validation
nq,validation,0,4161,validation
nq,validation,0,4162,test
nq,validation,0,4163,test
nq,validation,0,4164,test
nq,validation,0,4165,validation
nq,validation,0,4166,test
nq,validation,0,4167,test
nq,validation,0,4168,test
nq,validation,0,4169,test
nq,validation,0,4170,test
nq,validation,0,4171,test
nq,validation,0,4172,test
nq,validation,0,4173,test
nq,validation,0,4174,test
nq,validation,0,4175,test
nq,validation,0,4176,test
nq,validation,0,4177,test
nq,validation,0,4179,test
nq,validation,0,4181,test
nq,validation,0,4183,validation
nq,validation,0,4184,test
nq,validation,0,4185,test
nq,validation,0,4186,test
nq,validation,0,4187,validation
nq,validation,0,4189,test
nq,validation,0,4190,test
nq,validation,0,4191,validation
nq,validation,0,4192,test
nq,validation,0,4193,test
nq,validation,0,4194,validation
nq,validation,0,4195,test
nq,validation,0,4197,test
nq,validation,0,4198,test
nq,validation,0,4199,test
nq,validation,0,4200,test
nq,validation,0,4202,test
nq,validation,0,4203,test
nq,validation,0,4204,test
nq,validation,0,4205,test
nq,validation,0,4206,validation
nq,validation,0,4207,test
nq,validation,0,4208,validation
nq,validation,0,4209,test
nq,validation,0,4210,test
nq,validation,0,4211,test
nq,validation,0,4212,test
nq,validation,0,4213,test
nq,validation,0,4214,test
nq,validation,0,4216,test
nq,validation,0,4217,test
nq,validation,0,4218,validation
nq,validation,0,4219,validation
nq,validation,0,4220,test
nq,validation,0,4221,test
nq,validation,0,4222,test
nq,validation,0,4223,test
nq,validation,0,4224,validation
nq,validation,0,4226,test
nq,validation,0,4227,test
nq,validation,0,4229,test
nq,validation,0,4230,test
nq,validation,0,4231,test
nq,validation,0,4234,test
nq,validation,0,4236,test
nq,validation,0,4237,test
nq,validation,0,4239,test
nq,validation,0,4240,test
nq,validation,0,4241,validation
nq,validation,0,4242,validation
nq,validation,0,4243,test
nq,validation,0,4244,test
nq,validation,0,4245,test
nq,validation,0,4246,test
nq,validation,0,4247,test
nq,validation,0,4248,test
nq,validation,0,4249,test
nq,validation,0,4250,test
nq,validation,0,4251,test
nq,validation,0,4253,test
nq,validation,0,4254,validation
nq,validation,0,4255,validation
nq,validation,0,4256,test
nq,validation,0,4257,test
nq,validation,0,4258,validation
nq,validation,0,4260,test
nq,validation,0,4261,test
nq,validation,0,4263,test
nq,validation,0,4264,test
nq,validation,0,4265,test
nq,validation,0,4266,validation
nq,validation,0,4267,test
nq,validation,0,4268,test
nq,validation,0,4269,test
nq,validation,0,4271,validation
nq,validation,0,4272,test
nq,validation,0,4273,validation
nq,validation,0,4274,test
nq,validation,0,4275,test
nq,validation,0,4276,test
nq,validation,0,4277,test
nq,validation,0,4278,test
nq,validation,0,4280,test
nq,validation,0,4281,test
nq,validation,0,4282,test
nq,validation,0,4283,test
nq,validation,0,4284,validation
nq,validation,0,4285,test
nq,validation,0,4286,test
nq,validation,0,4287,test
nq,validation,0,4288,test
nq,validation,0,4289,test
nq,validation,0,4290,test
nq,validation,0,4291,validation
nq,validation,0,4293,test
nq,validation,0,4294,test
nq,validation,0,4295,test
nq,validation,0,4296,test
nq,validation,0,4297,validation
nq,validation,0,4298,test
nq,validation,0,4299,test
nq,validation,0,4300,test
nq,validation,0,4301,test
nq,validation,0,4303,test
nq,validation,0,4305,test
nq,validation,0,4306,test
nq,validation,0,4307,validation
nq,validation,0,4308,test
nq,validation,0,4310,validation
nq,validation,0,4311,test
nq,validation,0,4313,test
nq,validation,0,4315,test
nq,validation,0,4316,test
nq,validation,0,4317,test
nq,validation,0,4318,test
nq,validation,0,4319,validation
nq,validation,0,4320,validation
nq,validation,0,4321,validation
nq,validation,0,4322,test
nq,validation,0,4323,validation
nq,validation,0,4324,validation
nq,validation,0,4326,test
nq,validation,0,4327,test
nq,validation,0,4328,validation
nq,validation,0,4329,test
nq,validation,0,4330,validation
nq,validation,0,4331,test
nq,validation,0,4332,validation
nq,validation,0,4333,test
nq,validation,0,4334,validation
nq,validation,0,4335,test
nq,validation,0,4336,validation
nq,validation,0,4337,test
nq,validation,0,4338,test
nq,validation,0,4339,test
nq,validation,0,4340,test
nq,validation,0,4341,test
nq,validation,0,4342,validation
nq,validation,0,4343,test
nq,validation,0,4344,test
nq,validation,0,4345,validation
nq,validation,0,4346,test
nq,validation,0,4347,test
nq,validation,0,4349,test
nq,validation,0,4350,test
nq,validation,0,4351,test
nq,validation,0,4352,test
nq,validation,0,4353,validation
nq,validation,0,4354,test
nq,validation,0,4355,validation
nq,validation,0,4356,test
nq,validation,0,4358,test
nq,validation,0,4359,test
nq,validation,0,4360,test
nq,validation,0,4361,test
nq,validation,0,4362,test
nq,validation,0,4363,test
nq,validation,0,4364,validation
nq,validation,0,4366,validation
nq,validation,0,4368,test
nq,validation,0,4369,test
nq,validation,0,4370,validation
nq,validation,0,4371,validation
nq,validation,0,4372,validation
nq,validation,0,4374,test
nq,validation,0,4376,test
nq,validation,0,4377,test
nq,validation,0,4378,test
nq,validation,0,4379,test
nq,validation,0,4380,test
nq,validation,0,4381,test
nq,validation,0,4382,validation
nq,validation,0,4383,test
nq,validation,0,4384,test
nq,validation,0,4385,validation
nq,validation,0,4386,test
nq,validation,0,4387,test
nq,validation,0,4388,test
nq,validation,0,4389,test
nq,validation,0,4390,test
nq,validation,0,4394,test
nq,validation,0,4395,test
nq,validation,0,4396,validation
nq,validation,0,4397,test
nq,validation,0,4398,test
nq,validation,0,4400,test
nq,validation,0,4401,validation
nq,validation,0,4402,test
nq,validation,0,4403,test
nq,validation,0,4404,test
nq,validation,0,4405,test
nq,validation,0,4406,validation
nq,validation,0,4407,test
nq,validation,0,4408,test
nq,validation,0,4409,validation
nq,validation,0,4410,test
nq,validation,0,4411,test
nq,validation,0,4412,test
nq,validation,0,4413,test
nq,validation,0,4415,test
nq,validation,0,4416,test
nq,validation,0,4417,test
nq,validation,0,4418,test
nq,validation,0,4419,test
nq,validation,0,4420,test
nq,validation,0,4422,test
nq,validation,0,4424,test
nq,validation,0,4425,test
nq,validation,0,4426,test
nq,validation,0,4427,test
nq,validation,0,4428,test
nq,validation,0,4429,test
nq,validation,0,4431,test
nq,validation,0,4432,test
nq,validation,0,4433,test
nq,validation,0,4434,test
nq,validation,0,4435,validation
nq,validation,0,4437,test
nq,validation,0,4440,test
nq,validation,0,4441,test
nq,validation,0,4442,test
nq,validation,0,4444,test
nq,validation,0,4445,test
nq,validation,0,4446,test
nq,validation,0,4447,test
nq,validation,0,4448,test
nq,validation,0,4449,test
nq,validation,0,4450,test
nq,validation,0,4451,test
nq,validation,0,4452,validation
nq,validation,0,4453,test
nq,validation,0,4454,test
nq,validation,0,4455,validation
nq,validation,0,4456,test
nq,validation,0,4457,test
nq,validation,0,4458,test
nq,validation,0,4460,validation
nq,validation,0,4461,validation
nq,validation,0,4462,test
nq,validation,0,4463,test
nq,validation,0,4464,test
nq,validation,0,4465,test
nq,validation,0,4466,test
nq,validation,0,4467,test
nq,validation,0,4468,test
nq,validation,0,4470,test
nq,validation,0,4471,test
nq,validation,0,4472,test
nq,validation,0,4473,validation
nq,validation,0,4474,test
nq,validation,0,4475,validation
nq,validation,0,4476,test
nq,validation,0,4477,test
nq,validation,0,4478,test
nq,validation,0,4481,validation
nq,validation,0,4483,test
nq,validation,0,4484,validation
nq,validation,0,4485,test
nq,validation,0,4487,test
nq,validation,0,4488,test
nq,validation,0,4489,validation
nq,validation,0,4490,test
nq,validation,0,4491,test
nq,validation,0,4492,test
nq,validation,0,4493,validation
nq,validation,0,4494,test
nq,validation,0,4495,test
nq,validation,0,4496,test
nq,validation,0,4497,test
nq,validation,0,4498,validation
nq,validation,0,4499,test
nq,validation,0,4500,validation
nq,validation,0,4501,validation
nq,validation,0,4502,test
nq,validation,0,4503,test
nq,validation,0,4504,test
nq,validation,0,4505,test
nq,validation,0,4506,test
nq,validation,0,4507,test
nq,validation,0,4509,validation
nq,validation,0,4510,test
nq,validation,0,4511,test
nq,validation,0,4512,validation
nq,validation,0,4513,test
nq,validation,0,4514,test
nq,validation,0,4515,test
nq,validation,0,4516,test
nq,validation,0,4517,validation
nq,validation,0,4518,test
nq,validation,0,4519,test
nq,validation,0,4520,test
nq,validation,0,4521,test
nq,validation,0,4522,test
nq,validation,0,4523,validation
nq,validation,0,4524,test
nq,validation,0,4525,test
nq,validation,0,4526,test
nq,validation,0,4527,test
nq,validation,0,4528,test
nq,validation,0,4529,test
nq,validation,0,4530,validation
nq,validation,0,4532,test
nq,validation,0,4533,test
nq,validation,0,4534,validation
nq,validation,0,4535,test
nq,validation,0,4536,test
nq,validation,0,4537,validation
nq,validation,0,4538,test
nq,validation,0,4539,test
nq,validation,0,4540,test
nq,validation,0,4541,test
nq,validation,0,4542,validation
nq,validation,0,4543,validation
nq,validation,0,4545,test
nq,validation,0,4548,test
nq,validation,0,4549,test
nq,validation,0,4551,test
nq,validation,0,4552,test
nq,validation,0,4553,test
nq,validation,0,4554,test
nq,validation,0,4555,validation
nq,validation,0,4556,test
nq,validation,0,4557,test
nq,validation,0,4558,test
nq,validation,0,4559,validation
nq,validation,0,4560,test
nq,validation,0,4561,validation
nq,validation,0,4562,validation
nq,validation,0,4563,test
nq,validation,0,4564,test
nq,validation,0,4565,test
nq,validation,0,4567,test
nq,validation,0,4568,test
nq,validation,0,4569,test
nq,validation,0,4570,test
nq,validation,0,4571,test
nq,validation,0,4572,test
nq,validation,0,4573,test
nq,validation,0,4574,test
nq,validation,0,4575,test
nq,validation,0,4577,test
nq,validation,0,4578,test
nq,validation,0,4579,test
nq,validation,0,4580,test
nq,validation,0,4581,validation
nq,validation,0,4582,validation
nq,validation,0,4583,validation
nq,validation,0,4584,test
nq,validation,0,4585,test
nq,validation,0,4587,test
nq,validation,0,4588,test
nq,validation,0,4589,test
nq,validation,0,4591,test
nq,validation,0,4592,validation
nq,validation,0,4593,validation
nq,validation,0,4594,test
nq,validation,0,4595,test
nq,validation,0,4597,test
nq,validation,0,4598,test
nq,validation,0,4599,test
nq,validation,0,4600,test
nq,validation,0,4601,test
nq,validation,0,4602,test
nq,validation,0,4603,test
nq,validation,0,4604,test
nq,validation,0,4605,test
nq,validation,0,4607,test
nq,validation,0,4608,validation
nq,validation,0,4609,test
nq,validation,0,4610,test
nq,validation,0,4611,test
nq,validation,0,4612,validation
nq,validation,0,4614,test
nq,validation,0,4615,test
nq,validation,0,4616,test
nq,validation,0,4617,test
nq,validation,0,4618,test
nq,validation,0,4619,test
nq,validation,0,4620,test
nq,validation,0,4623,test
nq,validation,0,4624,test
nq,validation,0,4625,validation
nq,validation,0,4626,test
nq,validation,0,4627,test
nq,validation,0,4628,test
nq,validation,0,4629,test
nq,validation,0,4630,validation
nq,validation,0,4631,test
nq,validation,0,4632,test
nq,validation,0,4633,test
nq,validation,0,4634,test
nq,validation,0,4635,test
nq,validation,0,4637,validation
nq,validation,0,4638,test
nq,validation,0,4640,test
nq,validation,0,4641,test
nq,validation,0,4642,test
nq,validation,0,4643,test
nq,validation,0,4644,test
nq,validation,0,4645,test
nq,validation,0,4646,test
nq,validation,0,4647,test
nq,validation,0,4648,test
nq,validation,0,4649,validation
nq,validation,0,4651,validation
nq,validation,0,4652,test
nq,validation,0,4653,test
nq,validation,0,4654,test
nq,validation,0,4655,test
nq,validation,0,4656,test
nq,validation,0,4657,test
nq,validation,0,4658,test
nq,validation,0,4660,test
nq,validation,0,4661,validation
nq,validation,0,4663,test
nq,validation,0,4665,validation
nq,validation,0,4666,test
nq,validation,0,4667,test
nq,validation,0,4669,test
nq,validation,0,4670,test
nq,validation,0,4671,test
nq,validation,0,4673,validation
nq,validation,0,4674,test
nq,validation,0,4675,validation
nq,validation,0,4676,test
nq,validation,0,4677,test
nq,validation,0,4678,test
nq,validation,0,4679,validation
nq,validation,0,4680,test
nq,validation,0,4681,test
nq,validation,0,4682,validation
nq,validation,0,4683,test
nq,validation,0,4684,test
nq,validation,0,4685,validation
nq,validation,0,4687,test
nq,validation,0,4688,test
nq,validation,0,4689,validation
nq,validation,0,4690,test
nq,validation,0,4691,validation
nq,validation,0,4692,test
nq,validation,0,4694,validation
nq,validation,0,4695,test
nq,validation,0,4696,validation
nq,validation,0,4697,validation
nq,validation,0,4698,test
nq,validation,0,4699,validation
nq,validation,0,4700,test
nq,validation,0,4702,test
nq,validation,0,4703,validation
nq,validation,0,4704,test
nq,validation,0,4705,test
nq,validation,0,4706,test
nq,validation,0,4707,test
nq,validation,0,4708,validation
nq,validation,0,4709,test
nq,validation,0,4710,validation
nq,validation,0,4711,test
nq,validation,0,4712,test
nq,validation,0,4713,test
nq,validation,0,4714,test
nq,validation,0,4716,validation
nq,validation,0,4717,test
nq,validation,0,4718,validation
nq,validation,0,4720,test
nq,validation,0,4721,validation
nq,validation,0,4722,test
nq,validation,0,4723,test
nq,validation,0,4724,test
nq,validation,0,4725,test
nq,validation,0,4726,test
nq,validation,0,4727,validation
nq,validation,0,4728,validation
nq,validation,0,4730,test
nq,validation,0,4732,test
nq,validation,0,4733,validation
nq,validation,0,4734,test
nq,validation,0,4735,test
nq,validation,0,4738,test
nq,validation,0,4739,test
nq,validation,0,4741,test
nq,validation,0,4742,test
nq,validation,0,4743,validation
nq,validation,0,4744,test
nq,validation,0,4745,test
nq,validation,0,4746,validation
nq,validation,0,4747,test
nq,validation,0,4748,test
nq,validation,0,4749,test
nq,validation,0,4750,test
nq,validation,0,4752,test
nq,validation,0,4754,test
nq,validation,0,4755,test
nq,validation,0,4756,test
nq,validation,0,4757,test
nq,validation,0,4758,validation
nq,validation,0,4759,test
nq,validation,0,4760,test
nq,validation,0,4761,test
nq,validation,0,4763,validation
nq,validation,0,4764,validation
nq,validation,0,4765,test
nq,validation,0,4766,test
nq,validation,0,4767,test
nq,validation,0,4768,test
nq,validation,0,4769,test
nq,validation,0,4770,test
nq,validation,0,4771,test
nq,validation,0,4774,test
nq,validation,0,4775,test
nq,validation,0,4776,test
nq,validation,0,4777,validation
nq,validation,0,4778,validation
nq,validation,0,4779,test
nq,validation,0,4781,test
nq,validation,0,4782,validation
nq,validation,0,4783,test
nq,validation,0,4784,validation
nq,validation,0,4785,test
nq,validation,0,4787,test
nq,validation,0,4788,validation
nq,validation,0,4789,test
nq,validation,0,4790,test
nq,validation,0,4791,test
nq,validation,0,4792,test
nq,validation,0,4793,test
nq,validation,0,4794,validation
nq,validation,0,4795,validation
nq,validation,0,4796,test
nq,validation,0,4798,test
nq,validation,0,4799,test
nq,validation,0,4800,validation
nq,validation,0,4801,test
nq,validation,0,4802,test
nq,validation,0,4803,test
nq,validation,0,4804,test
nq,validation,0,4805,test
nq,validation,0,4806,validation
nq,validation,0,4807,test
nq,validation,0,4808,test
nq,validation,0,4809,test
nq,validation,0,4810,test
nq,validation,0,4811,test
nq,validation,0,4813,test
nq,validation,0,4814,test
nq,validation,0,4815,test
nq,validation,0,4818,test
nq,validation,0,4820,test
nq,validation,0,4821,validation
nq,validation,0,4822,test
nq,validation,0,4823,test
nq,validation,0,4824,validation
nq,validation,0,4825,test
nq,validation,0,4826,test
nq,validation,0,4828,test
nq,validation,0,4829,test
nq,validation,0,4830,test
nq,validation,0,4831,test
nq,validation,0,4832,test
nq,validation,0,4834,test
nq,validation,0,4835,test
nq,validation,0,4837,test
nq,validation,0,4840,test
nq,validation,0,4841,validation
nq,validation,0,4843,test
nq,validation,0,4844,test
nq,validation,0,4845,validation
nq,validation,0,4846,validation
nq,validation,0,4847,test
nq,validation,0,4848,validation
nq,validation,0,4849,test
nq,validation,0,4850,test
nq,validation,0,4851,test
nq,validation,0,4853,test
nq,validation,0,4855,test
nq,validation,0,4856,test
nq,validation,0,4857,test
nq,validation,0,4858,test
nq,validation,0,4859,test
nq,validation,0,4860,validation
nq,validation,0,4862,test
nq,validation,0,4863,validation
nq,validation,0,4865,validation
nq,validation,0,4866,validation
nq,validation,0,4867,test
nq,validation,0,4868,test
nq,validation,0,4869,test
nq,validation,0,4870,test
nq,validation,0,4871,test
nq,validation,0,4872,test
nq,validation,0,4873,validation
nq,validation,0,4875,test
nq,validation,0,4877,validation
nq,validation,0,4878,validation
nq,validation,0,4879,test
nq,validation,0,4880,test
nq,validation,0,4881,test
nq,validation,0,4882,validation
nq,validation,0,4883,test
nq,validation,0,4884,test
nq,validation,0,4885,validation
nq,validation,0,4886,test
nq,validation,0,4888,test
nq,validation,0,4889,test
nq,validation,0,4890,test
nq,validation,0,4891,test
nq,validation,0,4892,validation
nq,validation,0,4893,test
nq,validation,0,4894,validation
nq,validation,0,4895,validation
nq,validation,0,4896,validation
nq,validation,0,4897,test
nq,validation,0,4898,test
nq,validation,0,4900,test
nq,validation,0,4901,test
nq,validation,0,4902,validation
nq,validation,0,4903,test
nq,validation,0,4904,test
nq,validation,0,4905,validation
nq,validation,0,4906,test
nq,validation,0,4908,test
nq,validation,0,4909,test
nq,validation,0,4911,test
nq,validation,0,4912,validation
nq,validation,0,4913,test
nq,validation,0,4914,test
nq,validation,0,4915,validation
nq,validation,0,4916,test
nq,validation,0,4917,test
nq,validation,0,4919,test
nq,validation,0,4920,validation
nq,validation,0,4921,validation
nq,validation,0,4922,test
nq,validation,0,4923,test
nq,validation,0,4924,validation
nq,validation,0,4925,test
nq,validation,0,4926,test
nq,validation,0,4927,test
nq,validation,0,4928,test
nq,validation,0,4929,test
nq,validation,0,4930,test
nq,validation,0,4931,test
nq,validation,0,4932,test
nq,validation,0,4934,test
nq,validation,0,4935,test
nq,validation,0,4936,test
nq,validation,0,4937,test
nq,validation,0,4938,test
nq,validation,0,4939,validation
nq,validation,0,4940,test
nq,validation,0,4941,test
nq,validation,0,4942,test
nq,validation,0,4943,test
nq,validation,0,4944,test
nq,validation,0,4945,validation
nq,validation,0,4946,validation
nq,validation,0,4947,test
nq,validation,0,4948,test
nq,validation,0,4950,test
nq,validation,0,4951,validation
nq,validation,0,4953,test
nq,validation,0,4955,validation
nq,validation,0,4956,test
nq,validation,0,4957,test
nq,validation,0,4958,test
nq,validation,0,4959,test
nq,validation,0,4960,test
nq,validation,0,4961,test
nq,validation,0,4962,test
nq,validation,0,4963,test
nq,validation,0,4964,test
nq,validation,0,4965,test
nq,validation,0,4966,test
nq,validation,0,4967,test
nq,validation,0,4968,test
nq,validation,0,4969,test
nq,validation,0,4970,test
nq,validation,0,4971,test
nq,validation,0,4973,test
nq,validation,0,4975,test
nq,validation,0,4976,test
nq,validation,0,4977,test
nq,validation,0,4979,validation
nq,validation,0,4980,test
nq,validation,0,4981,validation
nq,validation,0,4982,test
nq,validation,0,4983,test
nq,validation,0,4984,validation
nq,validation,0,4985,validation
nq,validation,0,4986,test
nq,validation,0,4988,validation
nq,validation,0,4989,test
nq,validation,0,4990,test
nq,validation,0,4991,test
nq,validation,0,4992,test
nq,validation,0,4993,test
nq,validation,0,4994,test
nq,validation,0,4995,test
nq,validation,0,4996,test
nq,validation,0,4997,validation
nq,validation,0,4998,test
nq,validation,0,4999,test
nq,validation,0,5000,test
nq,validation,0,5001,test
nq,validation,0,5002,test
nq,validation,0,5003,test
nq,validation,0,5004,test
nq,validation,0,5006,test
nq,validation,0,5007,validation
nq,validation,0,5009,test
nq,validation,0,5010,test
nq,validation,0,5012,validation
nq,validation,0,5013,test
nq,validation,0,5014,test
nq,validation,0,5015,validation
nq,validation,0,5017,test
nq,validation,0,5018,test
nq,validation,0,5019,validation
nq,validation,0,5020,test
nq,validation,0,5021,test
nq,validation,0,5022,validation
nq,validation,0,5023,test
nq,validation,0,5024,test
nq,validation,0,5025,validation
nq,validation,0,5026,test
nq,validation,0,5027,validation
nq,validation,0,5028,test
nq,validation,0,5029,test
nq,validation,0,5030,validation
nq,validation,0,5031,test
nq,validation,0,5032,test
nq,validation,0,5034,test
nq,validation,0,5035,test
nq,validation,0,5036,test
nq,validation,0,5037,test
nq,validation,0,5038,test
nq,validation,0,5039,test
nq,validation,0,5040,validation
nq,validation,0,5041,test
nq,validation,0,5042,validation
nq,validation,0,5043,test
nq,validation,0,5044,test
nq,validation,0,5045,test
nq,validation,0,5046,validation
nq,validation,0,5047,test
nq,validation,0,5048,test
nq,validation,0,5049,test
nq,validation,0,5050,test
nq,validation,0,5051,test
nq,validation,0,5052,test
nq,validation,0,5053,test
nq,validation,0,5054,validation
nq,validation,0,5056,validation
nq,validation,0,5057,validation
nq,validation,0,5058,test
nq,validation,0,5059,test
nq,validation,0,5060,test
nq,validation,0,5061,test
nq,validation,0,5062,validation
nq,validation,0,5063,test
nq,validation,0,5064,test
nq,validation,0,5066,validation
nq,validation,0,5069,test
nq,validation,0,5070,test
nq,validation,0,5071,test
nq,validation,0,5072,test
nq,validation,0,5073,test
nq,validation,0,5074,test
nq,validation,0,5076,test
nq,validation,0,5077,test
nq,validation,0,5078,test
nq,validation,0,5079,test
nq,validation,0,5080,test
nq,validation,0,5081,test
nq,validation,0,5082,test
nq,validation,0,5083,validation
nq,validation,0,5084,test
nq,validation,0,5085,test
nq,validation,0,5086,validation
nq,validation,0,5087,validation
nq,validation,0,5088,test
nq,validation,0,5089,test
nq,validation,0,5090,validation
nq,validation,0,5091,test
nq,validation,0,5092,test
nq,validation,0,5093,validation
nq,validation,0,5094,validation
nq,validation,0,5095,test
nq,validation,0,5096,test
nq,validation,0,5097,test
nq,validation,0,5098,test
nq,validation,0,5100,validation
nq,validation,0,5101,validation
nq,validation,0,5102,test
nq,validation,0,5103,test
nq,validation,0,5104,validation
nq,validation,0,5105,validation
nq,validation,0,5106,test
nq,validation,0,5107,validation
nq,validation,0,5108,test
nq,validation,0,5109,test
nq,validation,0,5110,test
nq,validation,0,5111,test
nq,validation,0,5112,test
nq,validation,0,5113,test
nq,validation,0,5116,test
nq,validation,0,5117,validation
nq,validation,0,5118,validation
nq,validation,0,5119,validation
nq,validation,0,5120,test
nq,validation,0,5121,validation
nq,validation,0,5122,test
nq,validation,0,5124,test
nq,validation,0,5125,test
nq,validation,0,5126,test
nq,validation,0,5127,validation
nq,validation,0,5128,validation
nq,validation,0,5129,test
nq,validation,0,5130,test
nq,validation,0,5131,test
nq,validation,0,5132,test
nq,validation,0,5133,test
nq,validation,0,5134,test
nq,validation,0,5135,validation
nq,validation,0,5136,test
nq,validation,0,5138,test
nq,validation,0,5139,validation
nq,validation,0,5140,test
nq,validation,0,5141,test
nq,validation,0,5142,test
nq,validation,0,5143,test
nq,validation,0,5144,test
nq,validation,0,5146,validation
nq,validation,0,5147,test
nq,validation,0,5148,test
nq,validation,0,5150,validation
nq,validation,0,5152,test
nq,validation,0,5153,test
nq,validation,0,5154,test
nq,validation,0,5155,validation
nq,validation,0,5156,test
nq,validation,0,5157,test
nq,validation,0,5158,validation
nq,validation,0,5159,validation
nq,validation,0,5160,test
nq,validation,0,5161,validation
nq,validation,0,5162,test
nq,validation,0,5164,test
nq,validation,0,5166,test
nq,validation,0,5167,test
nq,validation,0,5168,test
nq,validation,0,5169,test
nq,validation,0,5170,validation
nq,validation,0,5171,test
nq,validation,0,5172,validation
nq,validation,0,5173,test
nq,validation,0,5175,test
nq,validation,0,5176,test
nq,validation,0,5177,test
nq,validation,0,5180,test
nq,validation,0,5181,test
nq,validation,0,5182,test
nq,validation,0,5183,test
nq,validation,0,5184,test
nq,validation,0,5185,test
nq,validation,0,5186,test
nq,validation,0,5188,validation
nq,validation,0,5189,test
nq,validation,0,5190,test
nq,validation,0,5191,test
nq,validation,0,5192,test
nq,validation,0,5193,test
nq,validation,0,5194,test
nq,validation,0,5195,test
nq,validation,0,5196,test
nq,validation,0,5197,test
nq,validation,0,5198,validation
nq,validation,0,5199,test
nq,validation,0,5200,test
nq,validation,0,5202,test
nq,validation,0,5203,test
nq,validation,0,5204,validation
nq,validation,0,5205,test
nq,validation,0,5206,validation
nq,validation,0,5207,test
nq,validation,0,5208,test
nq,validation,0,5209,test
nq,validation,0,5210,test
nq,validation,0,5211,validation
nq,validation,0,5212,test
nq,validation,0,5213,test
nq,validation,0,5214,test
nq,validation,0,5215,test
nq,validation,0,5216,test
nq,validation,0,5217,test
nq,validation,0,5219,test
nq,validation,0,5221,test
nq,validation,0,5222,test
nq,validation,0,5223,test
nq,validation,0,5224,test
nq,validation,0,5227,test
nq,validation,0,5229,test
nq,validation,0,5230,test
nq,validation,0,5231,test
nq,validation,0,5233,test
nq,validation,0,5234,test
nq,validation,0,5235,test
nq,validation,0,5237,test
nq,validation,0,5238,test
nq,validation,0,5240,test
nq,validation,0,5241,validation
nq,validation,0,5242,validation
nq,validation,0,5243,test
nq,validation,0,5244,test
nq,validation,0,5245,test
nq,validation,0,5246,test
nq,validation,0,5247,test
nq,validation,0,5248,test
nq,validation,0,5249,test
nq,validation,0,5251,test
nq,validation,0,5252,validation
nq,validation,0,5253,test
nq,validation,0,5254,test
nq,validation,0,5255,validation
nq,validation,0,5257,test
nq,validation,0,5258,test
nq,validation,0,5259,test
nq,validation,0,5262,test
nq,validation,0,5263,test
nq,validation,0,5264,test
nq,validation,0,5265,test
nq,validation,0,5266,test
nq,validation,0,5267,test
nq,validation,0,5268,test
nq,validation,0,5269,test
nq,validation,0,5270,test
nq,validation,0,5271,test
nq,validation,0,5273,test
nq,validation,0,5274,test
nq,validation,0,5278,validation
nq,validation,0,5279,validation
nq,validation,0,5280,test
nq,validation,0,5282,test
nq,validation,0,5283,test
nq,validation,0,5284,test
nq,validation,0,5285,test
nq,validation,0,5286,test
nq,validation,0,5288,test
nq,validation,0,5289,validation
nq,validation,0,5291,test
nq,validation,0,5292,validation
nq,validation,0,5293,test
nq,validation,0,5296,validation
nq,validation,0,5297,test
nq,validation,0,5298,test
nq,validation,0,5299,validation
nq,validation,0,5301,test
nq,validation,0,5302,validation
nq,validation,0,5304,test
nq,validation,0,5305,test
nq,validation,0,5306,test
nq,validation,0,5307,test
nq,validation,0,5308,test
nq,validation,0,5309,test
nq,validation,0,5310,test
nq,validation,0,5311,test
nq,validation,0,5313,test
nq,validation,0,5315,validation
nq,validation,0,5316,test
nq,validation,0,5318,test
nq,validation,0,5319,test
nq,validation,0,5320,validation
nq,validation,0,5321,test
nq,validation,0,5322,test
nq,validation,0,5323,test
nq,validation,0,5324,test
nq,validation,0,5325,test
nq,validation,0,5327,test
nq,validation,0,5329,test
nq,validation,0,5330,test
nq,validation,0,5331,test
nq,validation,0,5332,test
nq,validation,0,5333,test
nq,validation,0,5334,test
nq,validation,0,5336,test
nq,validation,0,5337,test
nq,validation,0,5338,test
nq,validation,0,5340,test
nq,validation,0,5341,test
nq,validation,0,5342,test
nq,validation,0,5343,validation
nq,validation,0,5344,validation
nq,validation,0,5345,validation
nq,validation,0,5346,test
nq,validation,0,5348,test
nq,validation,0,5349,test
nq,validation,0,5350,test
nq,validation,0,5351,validation
nq,validation,0,5352,test
nq,validation,0,5354,test
nq,validation,0,5355,test
nq,validation,0,5356,validation
nq,validation,0,5357,test
nq,validation,0,5358,test
nq,validation,0,5360,test
nq,validation,0,5361,validation
nq,validation,0,5362,test
nq,validation,0,5363,test
nq,validation,0,5364,test
nq,validation,0,5365,test
nq,validation,0,5366,validation
nq,validation,0,5369,test
nq,validation,0,5370,test
nq,validation,0,5371,test
nq,validation,0,5372,test
nq,validation,0,5373,test
nq,validation,0,5374,validation
nq,validation,0,5375,validation
nq,validation,0,5376,test
nq,validation,0,5377,validation
nq,validation,0,5378,test
nq,validation,0,5379,test
nq,validation,0,5380,test
nq,validation,0,5381,test
nq,validation,0,5382,test
nq,validation,0,5383,test
nq,validation,0,5384,test
nq,validation,0,5385,test
nq,validation,0,5386,validation
nq,validation,0,5388,validation
nq,validation,0,5389,test
nq,validation,0,5390,test
nq,validation,0,5391,validation
nq,validation,0,5392,validation
nq,validation,0,5393,test
nq,validation,0,5394,test
nq,validation,0,5395,test
nq,validation,0,5396,validation
nq,validation,0,5397,test
nq,validation,0,5399,test
nq,validation,0,5401,test
nq,validation,0,5402,test
nq,validation,0,5403,validation
nq,validation,0,5404,test
nq,validation,0,5405,test
nq,validation,0,5406,test
nq,validation,0,5408,validation
nq,validation,0,5409,test
nq,validation,0,5410,test
nq,validation,0,5413,validation
nq,validation,0,5414,test
nq,validation,0,5415,test
nq,validation,0,5417,test
nq,validation,0,5418,test
nq,validation,0,5419,validation
nq,validation,0,5420,test
nq,validation,0,5421,test
nq,validation,0,5422,test
nq,validation,0,5423,test
nq,validation,0,5425,test
nq,validation,0,5426,test
nq,validation,0,5427,validation
nq,validation,0,5431,validation
nq,validation,0,5432,test
nq,validation,0,5433,test
nq,validation,0,5434,test
nq,validation,0,5435,test
nq,validation,0,5436,test
nq,validation,0,5437,test
nq,validation,0,5439,test
nq,validation,0,5440,test
nq,validation,0,5442,test
nq,validation,0,5444,test
nq,validation,0,5446,validation
nq,validation,0,5447,test
nq,validation,0,5448,validation
nq,validation,0,5449,test
nq,validation,0,5450,test
nq,validation,0,5451,test
nq,validation,0,5452,test
nq,validation,0,5453,test
nq,validation,0,5454,validation
nq,validation,0,5455,test
nq,validation,0,5456,test
nq,validation,0,5458,test
nq,validation,0,5459,test
nq,validation,0,5460,validation
nq,validation,0,5461,test
nq,validation,0,5462,test
nq,validation,0,5463,test
nq,validation,0,5464,test
nq,validation,0,5465,test
nq,validation,0,5466,test
nq,validation,0,5467,test
nq,validation,0,5468,test
nq,validation,0,5469,test
nq,validation,0,5470,test
nq,validation,0,5471,test
nq,validation,0,5472,test
nq,validation,0,5473,test
nq,validation,0,5474,test
nq,validation,0,5475,test
nq,validation,0,5476,test
nq,validation,0,5478,test
nq,validation,0,5479,test
nq,validation,0,5480,test
nq,validation,0,5481,test
nq,validation,0,5483,validation
nq,validation,0,5484,test
nq,validation,0,5485,test
nq,validation,0,5486,test
nq,validation,0,5487,test
nq,validation,0,5488,validation
nq,validation,0,5490,validation
nq,validation,0,5491,test
nq,validation,0,5492,test
nq,validation,0,5493,test
nq,validation,0,5494,test
nq,validation,0,5496,test
nq,validation,0,5497,test
nq,validation,0,5498,test
nq,validation,0,5499,test
nq,validation,0,5500,test
nq,validation,0,5501,test
nq,validation,0,5502,validation
nq,validation,0,5503,test
nq,validation,0,5504,test
nq,validation,0,5505,test
nq,validation,0,5506,test
nq,validation,0,5507,test
nq,validation,0,5508,validation
nq,validation,0,5509,test
nq,validation,0,5510,test
nq,validation,0,5511,test
nq,validation,0,5512,test
nq,validation,0,5513,validation
nq,validation,0,5514,validation
nq,validation,0,5515,test
nq,validation,0,5517,test
nq,validation,0,5519,validation
nq,validation,0,5520,test
nq,validation,0,5521,test
nq,validation,0,5522,validation
nq,validation,0,5523,test
nq,validation,0,5524,test
nq,validation,0,5525,test
nq,validation,0,5526,test
nq,validation,0,5527,test
nq,validation,0,5528,test
nq,validation,0,5529,validation
nq,validation,0,5531,test
nq,validation,0,5533,test
nq,validation,0,5534,test
nq,validation,0,5535,validation
nq,validation,0,5536,test
nq,validation,0,5537,test
nq,validation,0,5538,test
nq,validation,0,5539,validation
nq,validation,0,5540,test
nq,validation,0,5541,test
nq,validation,0,5542,test
nq,validation,0,5543,test
nq,validation,0,5544,validation
nq,validation,0,5545,test
nq,validation,0,5546,test
nq,validation,0,5547,test
nq,validation,0,5548,test
nq,validation,0,5549,test
nq,validation,0,5550,validation
nq,validation,0,5551,validation
nq,validation,0,5552,validation
nq,validation,0,5553,test
nq,validation,0,5554,validation
nq,validation,0,5555,test
nq,validation,0,5556,validation
nq,validation,0,5557,validation
nq,validation,0,5559,test
nq,validation,0,5560,test
nq,validation,0,5561,test
nq,validation,0,5562,validation
nq,validation,0,5563,test
nq,validation,0,5565,test
nq,validation,0,5566,test
nq,validation,0,5567,test
nq,validation,0,5568,validation
nq,validation,0,5569,test
nq,validation,0,5570,test
nq,validation,0,5571,test
nq,validation,0,5572,test
nq,validation,0,5574,test
nq,validation,0,5575,validation
nq,validation,0,5577,test
nq,validation,0,5578,validation
nq,validation,0,5579,validation
nq,validation,0,5580,test
nq,validation,0,5581,test
nq,validation,0,5582,test
nq,validation,0,5583,test
nq,validation,0,5585,test
nq,validation,0,5586,test
nq,validation,0,5587,test
nq,validation,0,5588,test
nq,validation,0,5589,test
nq,validation,0,5590,test
nq,validation,0,5591,test
nq,validation,0,5592,test
nq,validation,0,5593,test
nq,validation,0,5594,test
nq,validation,0,5595,test
nq,validation,0,5597,test
nq,validation,0,5598,test
nq,validation,0,5599,test
nq,validation,0,5601,validation
nq,validation,0,5602,test
nq,validation,0,5603,validation
nq,validation,0,5605,test
nq,validation,0,5607,test
nq,validation,0,5608,test
nq,validation,0,5609,test
nq,validation,0,5610,test
nq,validation,0,5611,validation
nq,validation,0,5613,validation
nq,validation,0,5614,test
nq,validation,0,5615,test
nq,validation,0,5617,test
nq,validation,0,5618,test
nq,validation,0,5619,test
nq,validation,0,5621,test
nq,validation,0,5622,test
nq,validation,0,5623,test
nq,validation,0,5624,validation
nq,validation,0,5625,validation
nq,validation,0,5626,test
nq,validation,0,5627,test
nq,validation,0,5629,validation
nq,validation,0,5630,test
nq,validation,0,5631,test
nq,validation,0,5632,test
nq,validation,0,5633,test
nq,validation,0,5634,test
nq,validation,0,5635,test
nq,validation,0,5637,validation
nq,validation,0,5638,test
nq,validation,0,5639,test
nq,validation,0,5640,test
nq,validation,0,5641,test
nq,validation,0,5643,test
nq,validation,0,5644,test
nq,validation,0,5646,test
nq,validation,0,5647,test
nq,validation,0,5648,test
nq,validation,0,5649,test
nq,validation,0,5650,test
nq,validation,0,5652,validation
nq,validation,0,5654,test
nq,validation,0,5655,test
nq,validation,0,5656,test
nq,validation,0,5657,validation
nq,validation,0,5658,test
nq,validation,0,5659,test
nq,validation,0,5660,test
nq,validation,0,5661,test
nq,validation,0,5662,validation
nq,validation,0,5663,validation
nq,validation,0,5665,test
nq,validation,0,5666,validation
nq,validation,0,5667,test
nq,validation,0,5668,validation
nq,validation,0,5669,test
nq,validation,0,5670,validation
nq,validation,0,5671,test
nq,validation,0,5672,test
nq,validation,0,5673,test
nq,validation,0,5674,test
nq,validation,0,5675,test
nq,validation,0,5676,test
nq,validation,0,5677,test
nq,validation,0,5678,test
nq,validation,0,5679,test
nq,validation,0,5680,validation
nq,validation,0,5682,test
nq,validation,0,5683,test
nq,validation,0,5684,test
nq,validation,0,5685,test
nq,validation,0,5686,validation
nq,validation,0,5687,test
nq,validation,0,5688,validation
nq,validation,0,5689,test
nq,validation,0,5690,validation
nq,validation,0,5691,test
nq,validation,0,5693,test
nq,validation,0,5695,test
nq,validation,0,5697,test
nq,validation,0,5698,test
nq,validation,0,5699,test
nq,validation,0,5700,test
nq,validation,0,5701,test
nq,validation,0,5702,validation
nq,validation,0,5703,test
nq,validation,0,5704,test
nq,validation,0,5705,test
nq,validation,0,5706,test
nq,validation,0,5708,test
nq,validation,0,5709,validation
nq,validation,0,5710,validation
nq,validation,0,5711,test
nq,validation,0,5712,validation
nq,validation,0,5713,test
nq,validation,0,5714,test
nq,validation,0,5715,test
nq,validation,0,5716,test
nq,validation,0,5718,test
nq,validation,0,5720,test
nq,validation,0,5722,test
nq,validation,0,5723,validation
nq,validation,0,5724,test
nq,validation,0,5725,test
nq,validation,0,5726,validation
nq,validation,0,5727,validation
nq,validation,0,5729,test
nq,validation,0,5731,validation
nq,validation,0,5732,test
nq,validation,0,5734,validation
nq,validation,0,5735,test
nq,validation,0,5736,test
nq,validation,0,5737,test
nq,validation,0,5738,validation
nq,validation,0,5739,test
nq,validation,0,5740,test
nq,validation,0,5741,test
nq,validation,0,5742,test
nq,validation,0,5744,test
nq,validation,0,5745,test
nq,validation,0,5746,test
nq,validation,0,5748,test
nq,validation,0,5749,test
nq,validation,0,5750,test
nq,validation,0,5751,validation
nq,validation,0,5752,test
nq,validation,0,5753,test
nq,validation,0,5754,validation
nq,validation,0,5755,test
nq,validation,0,5757,test
nq,validation,0,5758,test
nq,validation,0,5759,test
nq,validation,0,5760,validation
nq,validation,0,5761,validation
nq,validation,0,5762,test
nq,validation,0,5763,test
nq,validation,0,5764,validation
nq,validation,0,5765,validation
nq,validation,0,5766,validation
nq,validation,0,5768,validation
nq,validation,0,5769,validation
nq,validation,0,5771,test
nq,validation,0,5772,test
nq,validation,0,5773,test
nq,validation,0,5774,test
nq,validation,0,5775,test
nq,validation,0,5777,test
nq,validation,0,5778,test
nq,validation,0,5779,test
nq,validation,0,5780,test
nq,validation,0,5781,test
nq,validation,0,5782,test
nq,validation,0,5783,test
nq,validation,0,5784,test
nq,validation,0,5786,test
nq,validation,0,5787,validation
nq,validation,0,5788,test
nq,validation,0,5790,test
nq,validation,0,5792,test
nq,validation,0,5793,test
nq,validation,0,5794,test
nq,validation,0,5796,test
nq,validation,0,5797,test
nq,validation,0,5798,test
nq,validation,0,5801,validation
nq,validation,0,5802,test
nq,validation,0,5803,test
nq,validation,0,5805,test
nq,validation,0,5807,test
nq,validation,0,5808,test
nq,validation,0,5809,test
nq,validation,0,5810,test
nq,validation,0,5813,test
nq,validation,0,5814,test
nq,validation,0,5815,test
nq,validation,0,5817,test
nq,validation,0,5818,test
nq,validation,0,5819,test
nq,validation,0,5820,test
nq,validation,0,5821,test
nq,validation,0,5822,validation
nq,validation,0,5823,test
nq,validation,0,5825,test
nq,validation,0,5827,test
nq,validation,0,5828,test
nq,validation,0,5829,validation
nq,validation,0,5830,validation
nq,validation,0,5831,test
nq,validation,0,5832,test
nq,validation,0,5833,test
nq,validation,0,5834,test
nq,validation,0,5835,test
nq,validation,0,5836,test
nq,validation,0,5838,test
nq,validation,0,5840,test
nq,validation,0,5841,test
nq,validation,0,5843,validation
nq,validation,0,5844,test
nq,validation,0,5846,test
nq,validation,0,5847,validation
nq,validation,0,5848,test
nq,validation,0,5850,test
nq,validation,0,5851,validation
nq,validation,0,5853,test
nq,validation,0,5855,test
nq,validation,0,5856,test
nq,validation,0,5857,test
nq,validation,0,5858,test
nq,validation,0,5859,test
nq,validation,0,5860,test
nq,validation,0,5861,test
nq,validation,0,5862,test
nq,validation,0,5864,validation
nq,validation,0,5865,test
nq,validation,0,5866,test
nq,validation,0,5867,validation
nq,validation,0,5868,validation
nq,validation,0,5869,test
nq,validation,0,5871,test
nq,validation,0,5872,test
nq,validation,0,5873,test
nq,validation,0,5876,test
nq,validation,0,5877,test
nq,validation,0,5878,test
nq,validation,0,5880,test
nq,validation,0,5881,test
nq,validation,0,5882,validation
nq,validation,0,5883,test
nq,validation,0,5884,test
nq,validation,0,5886,test
nq,validation,0,5887,test
nq,validation,0,5888,test
nq,validation,0,5889,test
nq,validation,0,5890,test
nq,validation,0,5891,test
nq,validation,0,5892,test
nq,validation,0,5893,test
nq,validation,0,5894,test
nq,validation,0,5895,test
nq,validation,0,5896,test
nq,validation,0,5897,test
nq,validation,0,5898,test
nq,validation,0,5899,test
nq,validation,0,5900,test
nq,validation,0,5901,validation
nq,validation,0,5902,test
nq,validation,0,5903,test
nq,validation,0,5905,validation
nq,validation,0,5906,test
nq,validation,0,5907,test
nq,validation,0,5908,test
nq,validation,0,5909,validation
nq,validation,0,5910,test
nq,validation,0,5911,test
nq,validation,0,5912,test
nq,validation,0,5913,test
nq,validation,0,5914,test
nq,validation,0,5915,test
nq,validation,0,5916,test
nq,validation,0,5917,test
nq,validation,0,5918,validation
nq,validation,0,5919,validation
nq,validation,0,5920,test
nq,validation,0,5921,test
nq,validation,0,5922,test
nq,validation,0,5923,test
nq,validation,0,5924,validation
nq,validation,0,5925,test
nq,validation,0,5926,test
nq,validation,0,5927,test
nq,validation,0,5928,test
nq,validation,0,5929,test
nq,validation,0,5930,test
nq,validation,0,5931,test
nq,validation,0,5932,test
nq,validation,0,5933,validation
nq,validation,0,5934,test
nq,validation,0,5935,test
nq,validation,0,5936,test
nq,validation,0,5937,test
nq,validation,0,5938,test
nq,validation,0,5939,test
nq,validation,0,5940,test
nq,validation,0,5941,test
nq,validation,0,5942,validation
nq,validation,0,5943,test
nq,validation,0,5944,test
nq,validation,0,5945,validation
nq,validation,0,5946,test
nq,validation,0,5947,test
nq,validation,0,5948,test
nq,validation,0,5949,validation
nq,validation,0,5950,test
nq,validation,0,5952,test
nq,validation,0,5953,validation
nq,validation,0,5954,validation
nq,validation,0,5955,test
nq,validation,0,5956,test
nq,validation,0,5957,test
nq,validation,0,5958,validation
nq,validation,0,5959,test
nq,validation,0,5960,test
nq,validation,0,5961,test
nq,validation,0,5962,test
nq,validation,0,5963,test
nq,validation,0,5964,test
nq,validation,0,5965,test
nq,validation,0,5966,test
nq,validation,0,5967,test
nq,validation,0,5968,test
nq,validation,0,5969,test
nq,validation,0,5971,test
nq,validation,0,5972,test
nq,validation,0,5973,validation
nq,validation,0,5974,test
nq,validation,0,5975,test
nq,validation,0,5977,validation
nq,validation,0,5978,test
nq,validation,0,5979,test
nq,validation,0,5980,test
nq,validation,0,5981,validation
nq,validation,0,5982,validation
nq,validation,0,5983,test
nq,validation,0,5986,test
nq,validation,0,5987,test
nq,validation,0,5988,test
nq,validation,0,5989,test
nq,validation,0,5990,test
nq,validation,0,5993,test
nq,validation,0,5994,test
nq,validation,0,5996,validation
nq,validation,0,5997,test
nq,validation,0,5998,test
nq,validation,0,5999,test
nq,validation,0,6001,test
nq,validation,0,6002,test
nq,validation,0,6003,test
nq,validation,0,6004,test
nq,validation,0,6005,test
nq,validation,0,6007,test
nq,validation,0,6008,test
nq,validation,0,6009,test
nq,validation,0,6010,test
nq,validation,0,6011,test
nq,validation,0,6012,test
nq,validation,0,6014,test
nq,validation,0,6015,validation
nq,validation,0,6016,test
nq,validation,0,6017,test
nq,validation,0,6018,test
nq,validation,0,6019,validation
nq,validation,0,6020,test
nq,validation,0,6021,test
nq,validation,0,6022,test
nq,validation,0,6024,test
nq,validation,0,6025,validation
nq,validation,0,6027,validation
nq,validation,0,6028,test
nq,validation,0,6029,validation
nq,validation,0,6030,test
nq,validation,0,6031,test
nq,validation,0,6032,test
nq,validation,0,6034,test
nq,validation,0,6036,test
nq,validation,0,6037,test
nq,validation,0,6038,test
nq,validation,0,6039,test
nq,validation,0,6040,test
nq,validation,0,6041,test
nq,validation,0,6042,test
nq,validation,0,6043,test
nq,validation,0,6045,test
nq,validation,0,6046,validation
nq,validation,0,6047,test
nq,validation,0,6048,test
nq,validation,0,6049,test
nq,validation,0,6050,test
nq,validation,0,6051,test
nq,validation,0,6052,validation
nq,validation,0,6053,test
nq,validation,0,6054,validation
nq,validation,0,6055,test
nq,validation,0,6056,test
nq,validation,0,6057,validation
nq,validation,0,6058,test
nq,validation,0,6059,test
nq,validation,0,6062,test
nq,validation,0,6063,validation
nq,validation,0,6064,test
nq,validation,0,6065,test
nq,validation,0,6067,validation
nq,validation,0,6068,validation
nq,validation,0,6069,test
nq,validation,0,6070,test
nq,validation,0,6071,test
nq,validation,0,6072,test
nq,validation,0,6073,test
nq,validation,0,6074,test
nq,validation,0,6076,test
nq,validation,0,6077,test
nq,validation,0,6078,test
nq,validation,0,6079,test
nq,validation,0,6080,validation
nq,validation,0,6081,test
nq,validation,0,6082,test
nq,validation,0,6083,test
nq,validation,0,6084,test
nq,validation,0,6085,test
nq,validation,0,6086,test
nq,validation,0,6087,test
nq,validation,0,6088,validation
nq,validation,0,6089,test
nq,validation,0,6090,test
nq,validation,0,6091,test
nq,validation,0,6092,test
nq,validation,0,6093,validation
nq,validation,0,6094,validation
nq,validation,0,6095,test
nq,validation,0,6096,validation
nq,validation,0,6097,test
nq,validation,0,6098,validation
nq,validation,0,6099,validation
nq,validation,0,6100,test
nq,validation,0,6101,test
nq,validation,0,6102,test
nq,validation,0,6103,test
nq,validation,0,6105,test
nq,validation,0,6106,test
nq,validation,0,6107,test
nq,validation,0,6108,test
nq,validation,0,6109,test
nq,validation,0,6110,test
nq,validation,0,6111,test
nq,validation,0,6113,test
nq,validation,0,6114,test
nq,validation,0,6115,validation
nq,validation,0,6116,validation
nq,validation,0,6117,validation
nq,validation,0,6119,validation
nq,validation,0,6120,test
nq,validation,0,6121,validation
nq,validation,0,6122,validation
nq,validation,0,6123,test
nq,validation,0,6126,validation
nq,validation,0,6127,validation
nq,validation,0,6128,test
nq,validation,0,6129,test
nq,validation,0,6130,test
nq,validation,0,6131,test
nq,validation,0,6132,test
nq,validation,0,6133,test
nq,validation,0,6134,test
nq,validation,0,6136,test
nq,validation,0,6137,test
nq,validation,0,6138,test
nq,validation,0,6139,test
nq,validation,0,6140,test
nq,validation,0,6141,validation
nq,validation,0,6142,test
nq,validation,0,6143,validation
nq,validation,0,6144,validation
nq,validation,0,6145,test
nq,validation,0,6146,test
nq,validation,0,6148,test
nq,validation,0,6149,test
nq,validation,0,6150,validation
nq,validation,0,6151,test
nq,validation,0,6152,test
nq,validation,0,6153,test
nq,validation,0,6154,test
nq,validation,0,6155,test
nq,validation,0,6156,validation
nq,validation,0,6157,test
nq,validation,0,6158,test
nq,validation,0,6159,test
nq,validation,0,6160,test
nq,validation,0,6162,test
nq,validation,0,6163,test
nq,validation,0,6166,test
nq,validation,0,6167,test
nq,validation,0,6168,test
nq,validation,0,6170,validation
nq,validation,0,6171,test
nq,validation,0,6172,test
nq,validation,0,6173,test
nq,validation,0,6174,test
nq,validation,0,6175,test
nq,validation,0,6176,test
nq,validation,0,6177,test
nq,validation,0,6178,validation
nq,validation,0,6179,test
nq,validation,0,6180,validation
nq,validation,0,6181,test
nq,validation,0,6182,test
nq,validation,0,6183,test
nq,validation,0,6184,test
nq,validation,0,6186,test
nq,validation,0,6187,test
nq,validation,0,6188,test
nq,validation,0,6190,test
nq,validation,0,6191,validation
nq,validation,0,6192,test
nq,validation,0,6193,test
nq,validation,0,6195,test
nq,validation,0,6196,validation
nq,validation,0,6197,test
nq,validation,0,6198,test
nq,validation,0,6199,test
nq,validation,0,6200,test
nq,validation,0,6201,test
nq,validation,0,6206,validation
nq,validation,0,6207,test
nq,validation,0,6208,test
nq,validation,0,6209,test
nq,validation,0,6210,test
nq,validation,0,6211,test
nq,validation,0,6212,test
nq,validation,0,6213,test
nq,validation,0,6214,test
nq,validation,0,6215,test
nq,validation,0,6216,test
nq,validation,0,6217,test
nq,validation,0,6218,test
nq,validation,0,6219,validation
nq,validation,0,6220,validation
nq,validation,0,6221,test
nq,validation,0,6222,validation
nq,validation,0,6223,test
nq,validation,0,6224,test
nq,validation,0,6226,validation
nq,validation,0,6227,test
nq,validation,0,6229,test
nq,validation,0,6230,test
nq,validation,0,6231,validation
nq,validation,0,6232,test
nq,validation,0,6233,test
nq,validation,0,6234,test
nq,validation,0,6235,test
nq,validation,0,6237,test
nq,validation,0,6238,test
nq,validation,0,6239,test
nq,validation,0,6240,test
nq,validation,0,6241,test
nq,validation,0,6242,test
nq,validation,0,6244,test
nq,validation,0,6245,test
nq,validation,0,6246,validation
nq,validation,0,6247,test
nq,validation,0,6248,validation
nq,validation,0,6249,validation
nq,validation,0,6250,test
nq,validation,0,6251,test
nq,validation,0,6252,test
nq,validation,0,6253,test
nq,validation,0,6254,test
nq,validation,0,6255,test
nq,validation,0,6256,test
nq,validation,0,6257,test
nq,validation,0,6258,test
nq,validation,0,6259,test
nq,validation,0,6260,test
nq,validation,0,6261,test
nq,validation,0,6262,test
nq,validation,0,6263,test
nq,validation,0,6264,test
nq,validation,0,6265,test
nq,validation,0,6266,test
nq,validation,0,6267,test
nq,validation,0,6271,test
nq,validation,0,6272,test
nq,validation,0,6274,test
nq,validation,0,6275,test
nq,validation,0,6276,test
nq,validation,0,6278,test
nq,validation,0,6279,test
nq,validation,0,6280,validation
nq,validation,0,6281,validation
nq,validation,0,6282,test
nq,validation,0,6283,test
nq,validation,0,6284,validation
nq,validation,0,6285,validation
nq,validation,0,6286,test
nq,validation,0,6287,test
nq,validation,0,6288,validation
nq,validation,0,6290,test
nq,validation,0,6291,test
nq,validation,0,6292,test
nq,validation,0,6293,test
nq,validation,0,6294,test
nq,validation,0,6295,test
nq,validation,0,6296,test
nq,validation,0,6297,test
nq,validation,0,6298,test
nq,validation,0,6299,validation
nq,validation,0,6300,test
nq,validation,0,6301,test
nq,validation,0,6302,test
nq,validation,0,6303,test
nq,validation,0,6306,test
nq,validation,0,6307,test
nq,validation,0,6308,test
nq,validation,0,6309,test
nq,validation,0,6310,test
nq,validation,0,6311,test
nq,validation,0,6312,test
nq,validation,0,6313,test
nq,validation,0,6314,test
nq,validation,0,6315,test
nq,validation,0,6316,test
nq,validation,0,6317,test
nq,validation,0,6318,test
nq,validation,0,6319,test
nq,validation,0,6320,test
nq,validation,0,6321,test
nq,validation,0,6322,test
nq,validation,0,6323,validation
nq,validation,0,6324,test
nq,validation,0,6326,test
nq,validation,0,6327,test
nq,validation,0,6328,test
nq,validation,0,6329,test
nq,validation,0,6330,test
nq,validation,0,6331,test
nq,validation,0,6332,validation
nq,validation,0,6333,test
nq,validation,0,6334,test
nq,validation,0,6335,validation
nq,validation,0,6336,test
nq,validation,0,6337,test
nq,validation,0,6338,validation
nq,validation,0,6340,test
nq,validation,0,6343,test
nq,validation,0,6344,test
nq,validation,0,6346,validation
nq,validation,0,6348,validation
nq,validation,0,6349,test
nq,validation,0,6352,test
nq,validation,0,6353,test
nq,validation,0,6354,test
nq,validation,0,6355,validation
nq,validation,0,6356,test
nq,validation,0,6357,test
nq,validation,0,6358,test
nq,validation,0,6359,test
nq,validation,0,6360,test
nq,validation,0,6361,test
nq,validation,0,6362,test
nq,validation,0,6363,test
nq,validation,0,6364,test
nq,validation,0,6366,test
nq,validation,0,6367,test
nq,validation,0,6368,test
nq,validation,0,6369,test
nq,validation,0,6370,test
nq,validation,0,6371,test
nq,validation,0,6372,test
nq,validation,0,6373,test
nq,validation,0,6374,test
nq,validation,0,6376,validation
nq,validation,0,6377,test
nq,validation,0,6378,test
nq,validation,0,6379,test
nq,validation,0,6380,validation
nq,validation,0,6381,test
nq,validation,0,6382,test
nq,validation,0,6383,validation
nq,validation,0,6384,test
nq,validation,0,6385,test
nq,validation,0,6386,test
nq,validation,0,6387,test
nq,validation,0,6388,test
nq,validation,0,6389,validation
nq,validation,0,6390,validation
nq,validation,0,6391,test
nq,validation,0,6392,test
nq,validation,0,6393,test
nq,validation,0,6395,test
nq,validation,0,6396,test
nq,validation,0,6397,test
nq,validation,0,6398,test
nq,validation,0,6400,test
nq,validation,0,6403,test
nq,validation,0,6404,validation
nq,validation,0,6405,test
nq,validation,0,6406,test
nq,validation,0,6407,test
nq,validation,0,6408,test
nq,validation,0,6409,test
nq,validation,0,6410,test
nq,validation,0,6411,test
nq,validation,0,6412,test
nq,validation,0,6413,test
nq,validation,0,6414,validation
nq,validation,0,6415,test
nq,validation,0,6416,test
nq,validation,0,6417,test
nq,validation,0,6418,validation
nq,validation,0,6420,test
nq,validation,0,6422,test
nq,validation,0,6423,test
nq,validation,0,6424,test
nq,validation,0,6425,test
nq,validation,0,6426,test
nq,validation,0,6427,test
nq,validation,0,6428,test
nq,validation,0,6429,test
nq,validation,0,6430,test
nq,validation,0,6431,validation
nq,validation,0,6432,test
nq,validation,0,6433,validation
nq,validation,0,6434,test
nq,validation,0,6435,test
nq,validation,0,6437,test
nq,validation,0,6438,test
nq,validation,0,6439,test
nq,validation,0,6441,validation
nq,validation,0,6442,test
nq,validation,0,6444,test
nq,validation,0,6445,test
nq,validation,0,6446,test
nq,validation,0,6447,test
nq,validation,0,6448,test
nq,validation,0,6449,test
nq,validation,0,6451,validation
nq,validation,0,6452,test
nq,validation,0,6453,test
nq,validation,0,6454,test
nq,validation,0,6455,test
nq,validation,0,6456,test
nq,validation,0,6457,test
nq,validation,0,6458,test
nq,validation,0,6459,test
nq,validation,0,6460,validation
nq,validation,0,6461,test
nq,validation,0,6462,validation
nq,validation,0,6465,test
nq,validation,0,6466,test
nq,validation,0,6468,test
nq,validation,0,6469,test
nq,validation,0,6470,test
nq,validation,0,6471,test
nq,validation,0,6472,validation
nq,validation,0,6473,test
nq,validation,0,6474,test
nq,validation,0,6475,test
nq,validation,0,6476,test
nq,validation,0,6478,test
nq,validation,0,6481,test
nq,validation,0,6482,test
nq,validation,0,6483,test
nq,validation,0,6484,test
nq,validation,0,6486,validation
nq,validation,0,6487,test
nq,validation,0,6489,test
nq,validation,0,6490,test
nq,validation,0,6491,test
nq,validation,0,6492,test
nq,validation,0,6493,test
nq,validation,0,6494,test
nq,validation,0,6495,validation
nq,validation,0,6496,test
nq,validation,0,6497,validation
nq,validation,0,6498,test
nq,validation,0,6500,test
nq,validation,0,6501,test
nq,validation,0,6502,test
nq,validation,0,6504,validation
nq,validation,0,6505,validation
nq,validation,0,6506,test
nq,validation,0,6507,test
nq,validation,0,6508,validation
nq,validation,0,6509,test
nq,validation,0,6510,validation
nq,validation,0,6511,validation
nq,validation,0,6512,validation
nq,validation,0,6513,test
nq,validation,0,6515,test
nq,validation,0,6516,test
nq,validation,0,6517,validation
nq,validation,0,6518,test
nq,validation,0,6520,validation
nq,validation,0,6521,validation
nq,validation,0,6522,test
nq,validation,0,6523,test
nq,validation,0,6524,validation
nq,validation,0,6525,validation
nq,validation,0,6526,test
nq,validation,0,6527,test
nq,validation,0,6528,test
nq,validation,0,6529,test
nq,validation,0,6530,test
nq,validation,0,6531,test
nq,validation,0,6532,validation
nq,validation,0,6533,test
nq,validation,0,6534,test
nq,validation,0,6535,test
nq,validation,0,6536,test
nq,validation,0,6537,test
nq,validation,0,6539,test
nq,validation,0,6540,test
nq,validation,0,6541,test
nq,validation,0,6542,test
nq,validation,0,6543,test
nq,validation,0,6544,test
nq,validation,0,6545,test
nq,validation,0,6546,test
nq,validation,0,6547,validation
nq,validation,0,6548,test
nq,validation,0,6549,validation
nq,validation,0,6550,test
nq,validation,0,6551,test
nq,validation,0,6553,test
nq,validation,0,6554,test
nq,validation,0,6555,test
nq,validation,0,6556,validation
nq,validation,0,6557,validation
nq,validation,0,6558,test
nq,validation,0,6559,test
nq,validation,0,6560,validation
nq,validation,0,6561,test
nq,validation,0,6562,test
nq,validation,0,6564,validation
nq,validation,0,6565,test
nq,validation,0,6566,test
nq,validation,0,6567,test
nq,validation,0,6568,test
nq,validation,0,6569,test
nq,validation,0,6570,test
nq,validation,0,6571,test
nq,validation,0,6572,test
nq,validation,0,6573,test
nq,validation,0,6574,test
nq,validation,0,6575,test
nq,validation,0,6576,test
nq,validation,0,6577,test
nq,validation,0,6578,test
nq,validation,0,6579,test
nq,validation,0,6580,test
nq,validation,0,6581,validation
nq,validation,0,6582,validation
nq,validation,0,6583,test
nq,validation,0,6585,test
nq,validation,0,6586,test
nq,validation,0,6587,test
nq,validation,0,6588,test
nq,validation,0,6589,test
nq,validation,0,6590,test
nq,validation,0,6591,test
nq,validation,0,6592,test
nq,validation,0,6593,test
nq,validation,0,6594,test
nq,validation,0,6595,test
nq,validation,0,6596,test
nq,validation,0,6597,validation
nq,validation,0,6598,test
nq,validation,0,6599,test
nq,validation,0,6600,test
nq,validation,0,6601,test
nq,validation,0,6602,test
nq,validation,0,6603,test
nq,validation,0,6604,validation
nq,validation,0,6606,test
nq,validation,0,6607,test
nq,validation,0,6609,validation
nq,validation,0,6610,validation
nq,validation,0,6611,test
nq,validation,0,6613,test
nq,validation,0,6615,test
nq,validation,0,6616,validation
nq,validation,0,6617,test
nq,validation,0,6618,test
nq,validation,0,6619,validation
nq,validation,0,6621,test
nq,validation,0,6622,test
nq,validation,0,6623,validation
nq,validation,0,6624,validation
nq,validation,0,6626,validation
nq,validation,0,6628,validation
nq,validation,0,6629,validation
nq,validation,0,6630,test
nq,validation,0,6632,test
nq,validation,0,6634,test
nq,validation,0,6635,test
nq,validation,0,6636,test
nq,validation,0,6637,test
nq,validation,0,6638,validation
nq,validation,0,6639,validation
nq,validation,0,6640,validation
nq,validation,0,6641,test
nq,validation,0,6642,test
nq,validation,0,6643,validation
nq,validation,0,6644,test
nq,validation,0,6645,test
nq,validation,0,6647,test
nq,validation,0,6648,test
nq,validation,0,6650,validation
nq,validation,0,6651,validation
nq,validation,0,6652,validation
nq,validation,0,6653,test
nq,validation,0,6654,test
nq,validation,0,6655,test
nq,validation,0,6656,test
nq,validation,0,6657,test
nq,validation,0,6658,validation
nq,validation,0,6659,validation
nq,validation,0,6660,validation
nq,validation,0,6661,validation
nq,validation,0,6662,test
nq,validation,0,6663,test
nq,validation,0,6664,test
nq,validation,0,6665,test
nq,validation,0,6666,validation
nq,validation,0,6667,test
nq,validation,0,6668,test
nq,validation,0,6669,test
nq,validation,0,6670,test
nq,validation,0,6671,test
nq,validation,0,6672,test
nq,validation,0,6673,validation
nq,validation,0,6674,test
nq,validation,0,6675,test
nq,validation,0,6676,test
nq,validation,0,6677,test
nq,validation,0,6678,test
nq,validation,0,6679,test
nq,validation,0,6680,test
nq,validation,0,6681,test
nq,validation,0,6682,test
nq,validation,0,6683,test
nq,validation,0,6684,test
nq,validation,0,6685,test
nq,validation,0,6686,validation
nq,validation,0,6687,test
nq,validation,0,6688,test
nq,validation,0,6689,validation
nq,validation,0,6690,test
nq,validation,0,6691,test
nq,validation,0,6692,validation
nq,validation,0,6693,test
nq,validation,0,6694,test
nq,validation,0,6695,test
nq,validation,0,6696,test
nq,validation,0,6697,test
nq,validation,0,6699,test
nq,validation,0,6700,test
nq,validation,0,6701,test
nq,validation,0,6702,test
nq,validation,0,6703,test
nq,validation,0,6704,test
nq,validation,0,6705,test
nq,validation,0,6706,test
nq,validation,0,6707,test
nq,validation,0,6708,test
nq,validation,0,6709,test
nq,validation,0,6710,validation
nq,validation,0,6712,validation
nq,validation,0,6713,validation
nq,validation,0,6714,test
nq,validation,0,6715,test
nq,validation,0,6716,test
nq,validation,0,6717,test
nq,validation,0,6718,test
nq,validation,0,6719,validation
nq,validation,0,6720,test
nq,validation,0,6721,validation
nq,validation,0,6722,validation
nq,validation,0,6723,test
nq,validation,0,6724,test
nq,validation,0,6725,test
nq,validation,0,6727,test
nq,validation,0,6729,test
nq,validation,0,6730,test
nq,validation,0,6731,test
nq,validation,0,6733,validation
nq,validation,0,6734,test
nq,validation,0,6735,test
nq,validation,0,6737,test
nq,validation,0,6738,test
nq,validation,0,6742,test
nq,validation,0,6743,test
nq,validation,0,6744,test
nq,validation,0,6745,validation
nq,validation,0,6747,test
nq,validation,0,6749,test
nq,validation,0,6750,test
nq,validation,0,6752,test
nq,validation,0,6753,test
nq,validation,0,6754,test
nq,validation,0,6756,test
nq,validation,0,6758,validation
nq,validation,0,6759,test
nq,validation,0,6760,test
nq,validation,0,6761,test
nq,validation,0,6763,test
nq,validation,0,6764,validation
nq,validation,0,6765,test
nq,validation,0,6766,validation
nq,validation,0,6767,test
nq,validation,0,6768,test
nq,validation,0,6769,test
nq,validation,0,6770,test
nq,validation,0,6772,test
nq,validation,0,6773,test
nq,validation,0,6774,validation
nq,validation,0,6775,test
nq,validation,0,6776,test
nq,validation,0,6777,test
nq,validation,0,6778,test
nq,validation,0,6780,test
nq,validation,0,6782,test
nq,validation,0,6783,test
nq,validation,0,6784,test
nq,validation,0,6785,test
nq,validation,0,6786,test
nq,validation,0,6787,test
nq,validation,0,6788,test
nq,validation,0,6789,test
nq,validation,0,6791,test
nq,validation,0,6793,test
nq,validation,0,6794,test
nq,validation,0,6795,test
nq,validation,0,6797,validation
nq,validation,0,6798,test
nq,validation,0,6799,validation
nq,validation,0,6800,test
nq,validation,0,6801,test
nq,validation,0,6802,test
nq,validation,0,6803,test
nq,validation,0,6805,test
nq,validation,0,6806,test
nq,validation,0,6808,test
nq,validation,0,6810,test
nq,validation,0,6811,test
nq,validation,0,6812,test
nq,validation,0,6813,validation
nq,validation,0,6814,test
nq,validation,0,6815,test
nq,validation,0,6816,validation
nq,validation,0,6817,test
nq,validation,0,6818,test
nq,validation,0,6819,test
nq,validation,0,6820,test
nq,validation,0,6821,validation
nq,validation,0,6823,test
nq,validation,0,6824,test
nq,validation,0,6825,test
nq,validation,0,6826,test
nq,validation,0,6827,test
nq,validation,0,6828,test
nq,validation,0,6830,test
nq,validation,0,6832,test
nq,validation,0,6833,test
nq,validation,0,6834,test
nq,validation,0,6835,test
nq,validation,0,6836,test
nq,validation,0,6837,test
nq,validation,0,6838,test
nq,validation,0,6839,test
nq,validation,0,6840,validation
nq,validation,0,6841,validation
nq,validation,0,6842,test
nq,validation,0,6843,test
nq,validation,0,6844,validation
nq,validation,0,6845,test
nq,validation,0,6847,test
nq,validation,0,6848,test
nq,validation,0,6850,validation
nq,validation,0,6851,test
nq,validation,0,6852,test
nq,validation,0,6853,validation
nq,validation,0,6857,test
nq,validation,0,6858,validation
nq,validation,0,6859,test
nq,validation,0,6860,test
nq,validation,0,6861,test
nq,validation,0,6862,validation
nq,validation,0,6863,validation
nq,validation,0,6865,test
nq,validation,0,6866,test
nq,validation,0,6867,test
nq,validation,0,6868,test
nq,validation,0,6869,test
nq,validation,0,6870,test
nq,validation,0,6871,validation
nq,validation,0,6872,test
nq,validation,0,6873,test
nq,validation,0,6874,test
nq,validation,0,6875,validation
nq,validation,0,6876,test
nq,validation,0,6877,validation
nq,validation,0,6878,validation
nq,validation,0,6879,test
nq,validation,0,6880,validation
nq,validation,0,6881,test
nq,validation,0,6882,validation
nq,validation,0,6883,validation
nq,validation,0,6884,test
nq,validation,0,6885,test
nq,validation,0,6886,test
nq,validation,0,6887,test
nq,validation,0,6888,test
nq,validation,0,6889,validation
nq,validation,0,6890,test
nq,validation,0,6891,test
nq,validation,0,6892,test
nq,validation,0,6893,validation
nq,validation,0,6895,test
nq,validation,0,6896,test
nq,validation,0,6897,test
nq,validation,0,6899,test
nq,validation,0,6901,test
nq,validation,0,6902,test
nq,validation,0,6903,test
nq,validation,0,6904,validation
nq,validation,0,6905,test
nq,validation,0,6906,test
nq,validation,0,6908,test
nq,validation,0,6909,validation
nq,validation,0,6910,test
nq,validation,0,6911,test
nq,validation,0,6912,test
nq,validation,0,6915,test
nq,validation,0,6917,validation
nq,validation,0,6918,test
nq,validation,0,6919,test
nq,validation,0,6920,test
nq,validation,0,6921,validation
nq,validation,0,6922,test
nq,validation,0,6923,test
nq,validation,0,6926,test
nq,validation,0,6927,validation
nq,validation,0,6928,test
nq,validation,0,6929,validation
nq,validation,0,6931,test
nq,validation,0,6932,validation
nq,validation,0,6933,test
nq,validation,0,6934,validation
nq,validation,0,6935,validation
nq,validation,0,6936,validation
nq,validation,0,6937,validation
nq,validation,0,6938,test
nq,validation,0,6939,validation
nq,validation,0,6940,test
nq,validation,0,6941,test
nq,validation,0,6942,test
nq,validation,0,6943,test
nq,validation,0,6944,test
nq,validation,0,6948,test
nq,validation,0,6949,test
nq,validation,0,6950,test
nq,validation,0,6951,test
nq,validation,0,6952,test
nq,validation,0,6953,validation
nq,validation,0,6954,test
nq,validation,0,6955,validation
nq,validation,0,6956,test
nq,validation,0,6957,test
nq,validation,0,6958,test
nq,validation,0,6959,validation
nq,validation,0,6960,test
nq,validation,0,6961,test
nq,validation,0,6962,test
nq,validation,0,6963,test
nq,validation,0,6964,validation
nq,validation,0,6965,test
nq,validation,0,6966,test
nq,validation,0,6967,validation
nq,validation,0,6968,test
nq,validation,0,6970,test
nq,validation,0,6971,test
nq,validation,0,6972,validation
nq,validation,0,6973,test
nq,validation,0,6974,test
nq,validation,0,6975,test
nq,validation,0,6977,test
nq,validation,0,6978,test
nq,validation,0,6979,test
nq,validation,0,6980,test
nq,validation,0,6981,test
nq,validation,0,6982,test
nq,validation,0,6983,validation
nq,validation,0,6984,test
nq,validation,0,6986,test
nq,validation,0,6987,test
nq,validation,0,6988,test
nq,validation,0,6989,test
nq,validation,0,6991,test
nq,validation,0,6992,test
nq,validation,0,6993,test
nq,validation,0,6994,test
nq,validation,0,6995,test
nq,validation,0,6996,test
nq,validation,0,6997,test
nq,validation,0,6998,test
nq,validation,0,6999,test
nq,validation,0,7000,test
nq,validation,0,7001,validation
nq,validation,0,7002,validation
nq,validation,0,7003,test
nq,validation,0,7005,test
nq,validation,0,7007,test
nq,validation,0,7009,test
nq,validation,0,7011,test
nq,validation,0,7012,validation
nq,validation,0,7013,test
nq,validation,0,7014,validation
nq,validation,0,7016,test
nq,validation,0,7018,test
nq,validation,0,7019,test
nq,validation,0,7020,test
nq,validation,0,7021,test
nq,validation,0,7022,test
nq,validation,0,7023,test
nq,validation,0,7024,test
nq,validation,0,7025,test
nq,validation,0,7026,test
nq,validation,0,7027,test
nq,validation,0,7029,test
nq,validation,0,7031,validation
nq,validation,0,7033,test
nq,validation,0,7034,test
nq,validation,0,7035,test
nq,validation,0,7036,validation
nq,validation,0,7037,test
nq,validation,0,7039,validation
nq,validation,0,7040,test
nq,validation,0,7041,validation
nq,validation,0,7042,test
nq,validation,0,7043,test
nq,validation,0,7045,test
nq,validation,0,7046,test
nq,validation,0,7047,test
nq,validation,0,7048,test
nq,validation,0,7049,test
nq,validation,0,7050,validation
nq,validation,0,7051,test
nq,validation,0,7052,test
nq,validation,0,7053,test
nq,validation,0,7054,test
nq,validation,0,7055,test
nq,validation,0,7057,test
nq,validation,0,7058,test
nq,validation,0,7059,validation
nq,validation,0,7060,test
nq,validation,0,7061,test
nq,validation,0,7062,validation
nq,validation,0,7063,test
nq,validation,0,7064,test
nq,validation,0,7065,test
nq,validation,0,7067,validation
nq,validation,0,7068,validation
nq,validation,0,7070,test
nq,validation,0,7071,test
nq,validation,0,7072,test
nq,validation,0,7074,validation
nq,validation,0,7075,test
nq,validation,0,7076,test
nq,validation,0,7077,test
nq,validation,0,7078,test
nq,validation,0,7079,validation
nq,validation,0,7080,validation
nq,validation,0,7081,validation
nq,validation,0,7082,test
nq,validation,0,7083,test
nq,validation,0,7084,validation
nq,validation,0,7085,test
nq,validation,0,7086,test
nq,validation,0,7087,test
nq,validation,0,7089,test
nq,validation,0,7090,test
nq,validation,0,7092,test
nq,validation,0,7094,test
nq,validation,0,7095,validation
nq,validation,0,7096,test
nq,validation,0,7098,test
nq,validation,0,7099,test
nq,validation,0,7100,test
nq,validation,0,7101,test
nq,validation,0,7103,test
nq,validation,0,7104,validation
nq,validation,0,7105,test
nq,validation,0,7106,test
nq,validation,0,7107,test
nq,validation,0,7108,test
nq,validation,0,7109,test
nq,validation,0,7110,test
nq,validation,0,7111,test
nq,validation,0,7112,test
nq,validation,0,7113,test
nq,validation,0,7114,test
nq,validation,0,7116,test
nq,validation,0,7117,test
nq,validation,0,7118,test
nq,validation,0,7119,test
nq,validation,0,7120,test
nq,validation,0,7121,test
nq,validation,0,7123,test
nq,validation,0,7124,test
nq,validation,0,7125,test
nq,validation,0,7126,test
nq,validation,0,7127,test
nq,validation,0,7130,test
nq,validation,0,7131,test
nq,validation,0,7132,test
nq,validation,0,7133,test
nq,validation,0,7135,test
nq,validation,0,7136,validation
nq,validation,0,7137,test
nq,validation,0,7138,test
nq,validation,0,7139,test
nq,validation,0,7140,test
nq,validation,0,7141,test
nq,validation,0,7142,test
nq,validation,0,7143,test
nq,validation,0,7144,test
nq,validation,0,7145,validation
nq,validation,0,7146,test
nq,validation,0,7148,test
nq,validation,0,7150,validation
nq,validation,0,7151,test
nq,validation,0,7152,validation
nq,validation,0,7153,test
nq,validation,0,7154,test
nq,validation,0,7155,test
nq,validation,0,7156,test
nq,validation,0,7157,test
nq,validation,0,7158,test
nq,validation,0,7159,validation
nq,validation,0,7160,test
nq,validation,0,7161,test
nq,validation,0,7162,test
nq,validation,0,7163,test
nq,validation,0,7164,test
nq,validation,0,7165,test
nq,validation,0,7166,test
nq,validation,0,7167,test
nq,validation,0,7169,test
nq,validation,0,7170,test
nq,validation,0,7171,test
nq,validation,0,7172,test
nq,validation,0,7174,test
nq,validation,0,7176,test
nq,validation,0,7178,test
nq,validation,0,7179,validation
nq,validation,0,7180,test
nq,validation,0,7181,validation
nq,validation,0,7182,test
nq,validation,0,7183,test
nq,validation,0,7184,test
nq,validation,0,7185,test
nq,validation,0,7186,validation
nq,validation,0,7189,test
nq,validation,0,7190,validation
nq,validation,0,7191,test
nq,validation,0,7192,test
nq,validation,0,7194,test
nq,validation,0,7195,validation
nq,validation,0,7196,test
nq,validation,0,7197,test
nq,validation,0,7198,validation
nq,validation,0,7199,test
nq,validation,0,7203,test
nq,validation,0,7204,test
nq,validation,0,7205,test
nq,validation,0,7207,test
nq,validation,0,7208,test
nq,validation,0,7210,test
nq,validation,0,7212,test
nq,validation,0,7213,test
nq,validation,0,7214,test
nq,validation,0,7215,validation
nq,validation,0,7216,test
nq,validation,0,7218,validation
nq,validation,0,7219,test
nq,validation,0,7220,test
nq,validation,0,7221,test
nq,validation,0,7222,test
nq,validation,0,7223,test
nq,validation,0,7224,test
nq,validation,0,7225,test
nq,validation,0,7226,test
nq,validation,0,7228,validation
nq,validation,0,7229,validation
nq,validation,0,7230,test
nq,validation,0,7231,test
nq,validation,0,7232,validation
nq,validation,0,7233,test
nq,validation,0,7234,validation
nq,validation,0,7235,test
nq,validation,0,7238,validation
nq,validation,0,7239,test
nq,validation,0,7240,test
nq,validation,0,7241,test
nq,validation,0,7242,test
nq,validation,0,7243,test
nq,validation,0,7244,test
nq,validation,0,7245,test
nq,validation,0,7246,test
nq,validation,0,7247,test
nq,validation,0,7248,test
nq,validation,0,7249,test
nq,validation,0,7250,test
nq,validation,0,7251,test
nq,validation,0,7252,validation
nq,validation,0,7253,test
nq,validation,0,7255,test
nq,validation,0,7256,test
nq,validation,0,7257,test
nq,validation,0,7258,test
nq,validation,0,7260,test
nq,validation,0,7261,validation
nq,validation,0,7262,validation
nq,validation,0,7263,test
nq,validation,0,7265,validation
nq,validation,0,7266,test
nq,validation,0,7267,test
nq,validation,0,7268,test
nq,validation,0,7269,validation
nq,validation,0,7270,validation
nq,validation,0,7271,test
nq,validation,0,7272,test
nq,validation,0,7273,test
nq,validation,0,7274,validation
nq,validation,0,7275,test
nq,validation,0,7276,test
nq,validation,0,7277,test
nq,validation,0,7278,test
nq,validation,0,7279,test
nq,validation,0,7280,test
nq,validation,0,7281,test
nq,validation,0,7282,test
nq,validation,0,7284,test
nq,validation,0,7285,test
nq,validation,0,7286,validation
nq,validation,0,7287,test
nq,validation,0,7289,test
nq,validation,0,7290,validation
nq,validation,0,7291,test
nq,validation,0,7292,test
nq,validation,0,7293,test
nq,validation,0,7294,test
nq,validation,0,7295,test
nq,validation,0,7296,test
nq,validation,0,7298,test
nq,validation,0,7300,test
nq,validation,0,7302,validation
nq,validation,0,7303,test
nq,validation,0,7304,test
nq,validation,0,7305,test
nq,validation,0,7306,test
nq,validation,0,7307,test
nq,validation,0,7308,test
nq,validation,0,7309,test
nq,validation,0,7310,test
nq,validation,0,7314,test
nq,validation,0,7315,validation
nq,validation,0,7316,test
nq,validation,0,7317,test
nq,validation,0,7318,validation
nq,validation,0,7319,test
nq,validation,0,7320,test
nq,validation,0,7321,test
nq,validation,0,7322,test
nq,validation,0,7323,validation
nq,validation,0,7324,test
nq,validation,0,7325,validation
nq,validation,0,7326,test
nq,validation,0,7327,test
nq,validation,0,7328,test
nq,validation,0,7329,test
nq,validation,0,7330,test
nq,validation,0,7331,test
nq,validation,0,7332,test
nq,validation,0,7333,test
nq,validation,0,7334,test
nq,validation,0,7335,test
nq,validation,0,7336,test
nq,validation,0,7337,validation
nq,validation,0,7338,test
nq,validation,0,7341,validation
nq,validation,0,7342,validation
nq,validation,0,7343,test
nq,validation,0,7344,test
nq,validation,0,7346,test
nq,validation,0,7347,test
nq,validation,0,7348,test
nq,validation,0,7349,validation
nq,validation,0,7350,test
nq,validation,0,7352,validation
nq,validation,0,7353,validation
nq,validation,0,7354,test
nq,validation,0,7355,test
nq,validation,0,7356,test
nq,validation,0,7358,test
nq,validation,0,7359,test
nq,validation,0,7360,test
nq,validation,0,7362,test
nq,validation,0,7363,test
nq,validation,0,7364,test
nq,validation,0,7365,test
nq,validation,0,7366,test
nq,validation,0,7367,test
nq,validation,0,7368,test
nq,validation,0,7369,validation
nq,validation,0,7371,test
nq,validation,0,7372,test
nq,validation,0,7373,test
nq,validation,0,7374,test
nq,validation,0,7375,test
nq,validation,0,7376,test
nq,validation,0,7377,test
nq,validation,0,7378,test
nq,validation,0,7379,validation
nq,validation,0,7380,test
nq,validation,0,7383,test
nq,validation,0,7384,validation
nq,validation,0,7385,test
nq,validation,0,7386,validation
nq,validation,0,7387,test
nq,validation,0,7388,test
nq,validation,0,7389,test
nq,validation,0,7391,validation
nq,validation,0,7392,test
nq,validation,0,7393,validation
nq,validation,0,7394,test
nq,validation,0,7395,test
nq,validation,0,7397,test
nq,validation,0,7398,test
nq,validation,0,7399,test
nq,validation,0,7400,validation
nq,validation,0,7401,test
nq,validation,0,7402,test
nq,validation,0,7403,test
nq,validation,0,7405,test
nq,validation,0,7406,test
nq,validation,0,7407,test
nq,validation,0,7408,test
nq,validation,0,7409,test
nq,validation,0,7410,test
nq,validation,0,7411,test
nq,validation,0,7412,validation
nq,validation,0,7413,validation
nq,validation,0,7414,validation
nq,validation,0,7415,test
nq,validation,0,7416,test
nq,validation,0,7417,test
nq,validation,0,7418,test
nq,validation,0,7419,test
nq,validation,0,7420,test
nq,validation,0,7422,validation
nq,validation,0,7423,test
nq,validation,0,7424,test
nq,validation,0,7425,test
nq,validation,0,7426,validation
nq,validation,0,7428,test
nq,validation,0,7430,validation
nq,validation,0,7431,validation
nq,validation,0,7432,test
nq,validation,0,7433,validation
nq,validation,0,7434,test
nq,validation,0,7435,validation
nq,validation,0,7436,validation
nq,validation,0,7437,test
nq,validation,0,7439,test
nq,validation,0,7440,test
nq,validation,0,7441,test
nq,validation,0,7442,test
nq,validation,0,7443,test
nq,validation,0,7445,test
nq,validation,0,7446,test
nq,validation,0,7447,test
nq,validation,0,7448,validation
nq,validation,0,7449,test
nq,validation,0,7450,test
nq,validation,0,7451,validation
nq,validation,0,7452,validation
nq,validation,0,7454,test
nq,validation,0,7455,validation
nq,validation,0,7456,test
nq,validation,0,7457,test
nq,validation,0,7458,test
nq,validation,0,7459,test
nq,validation,0,7460,test
nq,validation,0,7461,test
nq,validation,0,7462,test
nq,validation,0,7463,test
nq,validation,0,7464,test
nq,validation,0,7466,test
nq,validation,0,7467,test
nq,validation,0,7468,validation
nq,validation,0,7469,test
nq,validation,0,7470,test
nq,validation,0,7472,test
nq,validation,0,7473,test
nq,validation,0,7474,test
nq,validation,0,7476,test
nq,validation,0,7477,test
nq,validation,0,7479,test
nq,validation,0,7480,test
nq,validation,0,7481,test
nq,validation,0,7482,test
nq,validation,0,7483,test
nq,validation,0,7484,test
nq,validation,0,7485,test
nq,validation,0,7486,test
nq,validation,0,7487,test
nq,validation,0,7488,validation
nq,validation,0,7489,test
nq,validation,0,7490,test
nq,validation,0,7491,test
nq,validation,0,7492,test
nq,validation,0,7493,test
nq,validation,0,7494,test
nq,validation,0,7495,validation
nq,validation,0,7496,test
nq,validation,0,7497,validation
nq,validation,0,7498,test
nq,validation,0,7499,test
nq,validation,0,7500,validation
nq,validation,0,7501,test
nq,validation,0,7502,test
nq,validation,0,7503,test
nq,validation,0,7504,test
nq,validation,0,7505,test
nq,validation,0,7506,test
nq,validation,0,7507,test
nq,validation,0,7508,test
nq,validation,0,7509,test
nq,validation,0,7510,test
nq,validation,0,7511,test
nq,validation,0,7513,test
nq,validation,0,7514,test
nq,validation,0,7516,test
nq,validation,0,7517,test
nq,validation,0,7518,validation
nq,validation,0,7519,test
nq,validation,0,7520,test
nq,validation,0,7521,test
nq,validation,0,7522,test
nq,validation,0,7523,test
nq,validation,0,7524,test
nq,validation,0,7526,test
nq,validation,0,7527,test
nq,validation,0,7528,test
nq,validation,0,7530,test
nq,validation,0,7531,test
nq,validation,0,7532,test
nq,validation,0,7533,test
nq,validation,0,7534,test
nq,validation,0,7535,test
nq,validation,0,7536,test
nq,validation,0,7537,test
nq,validation,0,7538,test
nq,validation,0,7540,test
nq,validation,0,7541,test
nq,validation,0,7542,test
nq,validation,0,7544,test
nq,validation,0,7546,test
nq,validation,0,7547,test
nq,validation,0,7548,validation
nq,validation,0,7549,validation
nq,validation,0,7551,test
nq,validation,0,7552,test
nq,validation,0,7553,test
nq,validation,0,7555,test
nq,validation,0,7556,test
nq,validation,0,7557,test
nq,validation,0,7558,test
nq,validation,0,7559,test
nq,validation,0,7560,test
nq,validation,0,7561,test
nq,validation,0,7562,test
nq,validation,0,7564,test
nq,validation,0,7565,test
nq,validation,0,7566,validation
nq,validation,0,7567,test
nq,validation,0,7569,test
nq,validation,0,7570,test
nq,validation,0,7571,test
nq,validation,0,7572,test
nq,validation,0,7573,test
nq,validation,0,7574,test
nq,validation,0,7575,test
nq,validation,0,7576,validation
nq,validation,0,7577,test
nq,validation,0,7578,validation
nq,validation,0,7579,validation
nq,validation,0,7580,test
nq,validation,0,7582,test
nq,validation,0,7583,test
nq,validation,0,7585,validation
nq,validation,0,7587,validation
nq,validation,0,7589,test
nq,validation,0,7591,test
nq,validation,0,7592,test
nq,validation,0,7593,validation
nq,validation,0,7594,test
nq,validation,0,7595,test
nq,validation,0,7596,test
nq,validation,0,7597,test
nq,validation,0,7598,validation
nq,validation,0,7599,test
nq,validation,0,7600,test
nq,validation,0,7602,validation
nq,validation,0,7603,test
nq,validation,0,7605,test
nq,validation,0,7606,test
nq,validation,0,7607,validation
nq,validation,0,7608,test
nq,validation,0,7609,test
nq,validation,0,7610,test
nq,validation,0,7612,test
nq,validation,0,7613,test
nq,validation,0,7614,test
nq,validation,0,7615,test
nq,validation,0,7616,test
nq,validation,0,7617,test
nq,validation,0,7618,test
nq,validation,0,7619,test
nq,validation,0,7620,test
nq,validation,0,7621,test
nq,validation,0,7622,test
nq,validation,0,7623,test
nq,validation,0,7624,test
nq,validation,0,7625,validation
nq,validation,0,7626,test
nq,validation,0,7627,test
nq,validation,0,7628,validation
nq,validation,0,7629,test
nq,validation,0,7630,validation
nq,validation,0,7631,test
nq,validation,0,7632,test
nq,validation,0,7633,test
nq,validation,0,7634,test
nq,validation,0,7635,validation
nq,validation,0,7637,test
nq,validation,0,7638,test
nq,validation,0,7639,test
nq,validation,0,7640,test
nq,validation,0,7641,test
nq,validation,0,7643,test
nq,validation,0,7644,test
nq,validation,0,7645,test
nq,validation,0,7647,test
nq,validation,0,7648,test
nq,validation,0,7649,validation
nq,validation,0,7650,test
nq,validation,0,7651,test
nq,validation,0,7652,validation
nq,validation,0,7653,test
nq,validation,0,7655,test
nq,validation,0,7656,test
nq,validation,0,7657,test
nq,validation,0,7658,validation
nq,validation,0,7659,validation
nq,validation,0,7660,test
nq,validation,0,7661,test
nq,validation,0,7662,test
nq,validation,0,7663,test
nq,validation,0,7664,test
nq,validation,0,7665,validation
nq,validation,0,7666,test
nq,validation,0,7667,test
nq,validation,0,7668,test
nq,validation,0,7669,test
nq,validation,0,7670,test
nq,validation,0,7671,validation
nq,validation,0,7672,test
nq,validation,0,7673,test
nq,validation,0,7674,test
nq,validation,0,7675,test
nq,validation,0,7676,test
nq,validation,0,7677,test
nq,validation,0,7678,test
nq,validation,0,7679,test
nq,validation,0,7680,test
nq,validation,0,7681,test
nq,validation,0,7683,test
nq,validation,0,7684,validation
nq,validation,0,7685,test
nq,validation,0,7686,test
nq,validation,0,7689,test
nq,validation,0,7690,test
nq,validation,0,7691,test
nq,validation,0,7692,test
nq,validation,0,7693,test
nq,validation,0,7695,test
nq,validation,0,7696,test
nq,validation,0,7697,test
nq,validation,0,7698,test
nq,validation,0,7700,test
nq,validation,0,7701,validation
nq,validation,0,7702,test
nq,validation,0,7703,test
nq,validation,0,7704,test
nq,validation,0,7706,test
nq,validation,0,7707,test
nq,validation,0,7708,test
nq,validation,0,7709,validation
nq,validation,0,7710,test
nq,validation,0,7711,validation
nq,validation,0,7712,test
nq,validation,0,7713,test
nq,validation,0,7714,test
nq,validation,0,7717,test
nq,validation,0,7718,test
nq,validation,0,7719,validation
nq,validation,0,7721,test
nq,validation,0,7722,test
nq,validation,0,7723,test
nq,validation,0,7724,test
nq,validation,0,7725,test
nq,validation,0,7726,test
nq,validation,0,7727,test
nq,validation,0,7728,test
nq,validation,0,7729,test
nq,validation,0,7730,test
nq,validation,0,7732,test
nq,validation,0,7733,validation
nq,validation,0,7734,test
nq,validation,0,7735,test
nq,validation,0,7736,test
nq,validation,0,7737,test
nq,validation,0,7739,test
nq,validation,0,7741,test
nq,validation,0,7743,test
nq,validation,0,7744,validation
nq,validation,0,7745,test
nq,validation,0,7746,test
nq,validation,0,7747,validation
nq,validation,0,7748,validation
nq,validation,0,7752,test
nq,validation,0,7754,test
nq,validation,0,7755,test
nq,validation,0,7756,test
nq,validation,0,7757,test
nq,validation,0,7758,test
nq,validation,0,7759,test
nq,validation,0,7760,test
nq,validation,0,7761,validation
nq,validation,0,7762,test
nq,validation,0,7763,test
nq,validation,0,7764,test
nq,validation,0,7765,test
nq,validation,0,7766,test
nq,validation,0,7767,test
nq,validation,0,7768,test
nq,validation,0,7769,validation
nq,validation,0,7771,test
nq,validation,0,7773,test
nq,validation,0,7774,validation
nq,validation,0,7775,test
nq,validation,0,7776,test
nq,validation,0,7777,test
nq,validation,0,7779,test
nq,validation,0,7780,validation
nq,validation,0,7781,test
nq,validation,0,7783,validation
nq,validation,0,7784,validation
nq,validation,0,7785,validation
nq,validation,0,7786,test
nq,validation,0,7787,test
nq,validation,0,7788,test
nq,validation,0,7789,test
nq,validation,0,7791,test
nq,validation,0,7792,test
nq,validation,0,7793,test
nq,validation,0,7794,test
nq,validation,0,7795,test
nq,validation,0,7798,test
nq,validation,0,7799,test
nq,validation,0,7800,test
nq,validation,0,7801,test
nq,validation,0,7803,test
nq,validation,0,7804,validation
nq,validation,0,7805,test
nq,validation,0,7806,test
nq,validation,0,7807,test
nq,validation,0,7808,test
nq,validation,0,7809,test
nq,validation,0,7810,test
nq,validation,0,7812,test
nq,validation,0,7813,test
nq,validation,0,7814,test
nq,validation,0,7815,test
nq,validation,0,7816,test
nq,validation,0,7817,test
nq,validation,0,7818,test
nq,validation,0,7819,test
nq,validation,0,7820,test
nq,validation,0,7821,test
nq,validation,0,7822,test
nq,validation,0,7823,test
nq,validation,0,7824,test
nq,validation,0,7826,test
nq,validation,0,7827,validation
nq,validation,0,7828,test
nq,validation,0,7829,test
nq,validation,0,7830,validation
nq,validation,0,7831,validation
nq,validation,0,7832,test
nq,validation,0,7834,test
nq,validation,0,7835,validation
nq,validation,0,7836,test
nq,validation,0,7837,test
nq,validation,0,7838,validation
nq,validation,0,7839,test
nq,validation,0,7840,test
nq,validation,0,7841,test
nq,validation,0,7842,test
nq,validation,0,7843,validation
nq,validation,0,7844,test
nq,validation,0,7845,test
nq,validation,0,7846,validation
nq,validation,0,7847,test
nq,validation,0,7850,test
nq,validation,0,7851,test
nq,validation,0,7852,test
nq,validation,0,7853,test
nq,validation,0,7854,test
nq,validation,0,7855,test
nq,validation,0,7857,test
nq,validation,0,7858,test
nq,validation,0,7859,test
nq,validation,0,7860,test
nq,validation,0,7861,test
nq,validation,0,7862,test
nq,validation,0,7865,test
nq,validation,0,7866,test
nq,validation,0,7867,test
nq,validation,0,7868,test
nq,validation,0,7869,test
nq,validation,0,7870,test
nq,validation,0,7871,test
nq,validation,0,7872,test
nq,validation,0,7873,test
nq,validation,0,7874,test
nq,validation,0,7875,test
nq,validation,0,7876,validation
nq,validation,0,7877,test
nq,validation,0,7878,test
nq,validation,0,7879,validation
nq,validation,0,7883,test
nq,validation,0,7884,test
nq,validation,0,7885,test
nq,validation,0,7886,test
nq,validation,0,7887,test
nq,validation,0,7888,validation
nq,validation,0,7890,validation
nq,validation,0,7891,test
nq,validation,0,7892,test
nq,validation,0,7893,validation
nq,validation,0,7894,test
nq,validation,0,7895,test
nq,validation,0,7896,test
nq,validation,0,7899,validation
nq,validation,0,7900,validation
nq,validation,0,7901,test
nq,validation,0,7902,test
nq,validation,0,7903,test
nq,validation,0,7904,test
nq,validation,0,7905,test
nq,validation,0,7907,test
nq,validation,0,7908,validation
nq,validation,0,7909,test
nq,validation,0,7910,test
nq,validation,0,7911,test
nq,validation,0,7912,test
nq,validation,0,7913,validation
nq,validation,0,7914,test
nq,validation,0,7915,test
nq,validation,0,7916,test
nq,validation,0,7917,validation
nq,validation,0,7918,test
nq,validation,0,7920,test
nq,validation,0,7922,test
nq,validation,0,7923,test
nq,validation,0,7924,test
nq,validation,0,7925,test
nq,validation,0,7926,test
nq,validation,0,7927,test
nq,validation,0,7928,test
nq,validation,0,7929,test
nq,validation,0,7931,test
nq,validation,0,7932,test
nq,validation,0,7934,validation
nq,validation,0,7935,test
nq,validation,0,7936,test
nq,validation,0,7937,test
nq,validation,0,7938,test
nq,validation,0,7939,test
nq,validation,0,7940,validation
nq,validation,0,7941,test
nq,validation,0,7942,test
nq,validation,0,7943,test
nq,validation,0,7944,validation
nq,validation,0,7946,test
nq,validation,0,7947,test
nq,validation,0,7950,validation
nq,validation,0,7951,test
nq,validation,0,7953,validation
nq,validation,0,7955,test
nq,validation,0,7956,test
nq,validation,0,7958,test
nq,validation,0,7959,validation
nq,validation,0,7960,test
nq,validation,0,7962,test
nq,validation,0,7964,test
nq,validation,0,7965,validation
nq,validation,0,7966,test
nq,validation,0,7967,test
nq,validation,0,7968,test
nq,validation,0,7969,test
nq,validation,0,7971,test
nq,validation,0,7973,validation
nq,validation,0,7974,test
nq,validation,0,7975,validation
nq,validation,0,7976,test
nq,validation,0,7977,test
nq,validation,0,7978,validation
nq,validation,0,7979,test
nq,validation,0,7981,test
nq,validation,0,7982,test
nq,validation,0,7983,test
nq,validation,0,7984,validation
nq,validation,0,7985,test
nq,validation,0,7986,validation
nq,validation,0,7987,test
nq,validation,0,7988,test
nq,validation,0,7989,test
nq,validation,0,7990,test
nq,validation,0,7991,test
nq,validation,0,7993,validation
nq,validation,0,7994,test
nq,validation,0,7995,test
nq,validation,0,7996,test
nq,validation,0,7997,test
nq,validation,0,7998,test
nq,validation,0,7999,test
nq,validation,0,8000,test
nq,validation,0,8001,test
nq,validation,0,8002,test
nq,validation,0,8003,test
nq,validation,0,8004,test
nq,validation,0,8005,test
nq,validation,0,8006,validation
nq,validation,0,8007,test
nq,validation,0,8008,validation
nq,validation,0,8010,test
nq,validation,0,8011,test
nq,validation,0,8012,validation
nq,validation,0,8013,test
nq,validation,0,8014,test
nq,validation,0,8015,test
nq,validation,0,8016,validation
nq,validation,0,8017,validation
nq,validation,0,8018,validation
nq,validation,0,8019,test
nq,validation,0,8020,test
nq,validation,0,8021,test
nq,validation,0,8023,validation
nq,validation,0,8024,validation
nq,validation,0,8025,test
nq,validation,0,8028,test
nq,validation,0,8029,test
nq,validation,0,8030,test
nq,validation,0,8031,test
nq,validation,0,8032,test
nq,validation,0,8033,validation
nq,validation,0,8035,test
nq,validation,0,8036,test
nq,validation,0,8037,test
nq,validation,0,8038,test
nq,validation,0,8039,test
nq,validation,0,8040,validation
nq,validation,0,8041,test
nq,validation,0,8042,validation
nq,validation,0,8043,test
nq,validation,0,8044,test
nq,validation,0,8045,test
nq,validation,0,8046,test
nq,validation,0,8048,test
nq,validation,0,8049,test
nq,validation,0,8050,validation
nq,validation,0,8051,validation
nq,validation,0,8052,test
nq,validation,0,8053,test
nq,validation,0,8054,test
nq,validation,0,8055,test
nq,validation,0,8056,test
nq,validation,0,8057,test
nq,validation,0,8058,test
nq,validation,0,8059,test
nq,validation,0,8060,test
nq,validation,0,8062,test
nq,validation,0,8063,test
nq,validation,0,8064,test
nq,validation,0,8065,test
nq,validation,0,8066,test
nq,validation,0,8067,test
nq,validation,0,8068,test
nq,validation,0,8069,validation
nq,validation,0,8070,test
nq,validation,0,8071,test
nq,validation,0,8072,test
nq,validation,0,8073,test
nq,validation,0,8074,test
nq,validation,0,8075,test
nq,validation,0,8076,test
nq,validation,0,8077,test
nq,validation,0,8078,validation
nq,validation,0,8079,test
nq,validation,0,8080,test
nq,validation,0,8081,validation
nq,validation,0,8082,test
nq,validation,0,8084,test
nq,validation,0,8085,test
nq,validation,0,8086,test
nq,validation,0,8087,validation
nq,validation,0,8088,test
nq,validation,0,8089,test
nq,validation,0,8091,test
nq,validation,0,8092,test
nq,validation,0,8093,validation
nq,validation,0,8094,test
nq,validation,0,8095,test
nq,validation,0,8097,test
nq,validation,0,8098,test
nq,validation,0,8099,test
nq,validation,0,8100,test
nq,validation,0,8101,test
nq,validation,0,8103,test
nq,validation,0,8104,test
nq,validation,0,8105,test
nq,validation,0,8106,test
nq,validation,0,8107,validation
nq,validation,0,8108,test
nq,validation,0,8109,test
nq,validation,0,8110,test
nq,validation,0,8111,test
nq,validation,0,8112,test
nq,validation,0,8113,test
nq,validation,0,8114,test
nq,validation,0,8115,test
nq,validation,0,8117,test
nq,validation,0,8118,test
nq,validation,0,8119,test
nq,validation,0,8120,test
nq,validation,0,8121,test
nq,validation,0,8122,test
nq,validation,0,8123,test
nq,validation,0,8124,test
nq,validation,0,8126,test
nq,validation,0,8127,test
nq,validation,0,8128,test
nq,validation,0,8129,validation
nq,validation,0,8130,validation
nq,validation,0,8131,test
nq,validation,0,8132,validation
nq,validation,0,8134,validation
nq,validation,0,8135,test
nq,validation,0,8136,test
nq,validation,0,8137,test
nq,validation,0,8138,test
nq,validation,0,8139,validation
nq,validation,0,8140,test
nq,validation,0,8142,test
nq,validation,0,8143,test
nq,validation,0,8144,test
nq,validation,0,8145,validation
nq,validation,0,8146,test
nq,validation,0,8147,test
nq,validation,0,8148,test
nq,validation,0,8150,test
nq,validation,0,8151,test
nq,validation,0,8152,test
nq,validation,0,8153,validation
nq,validation,0,8154,validation
nq,validation,0,8155,test
nq,validation,0,8156,validation
nq,validation,0,8157,test
nq,validation,0,8158,test
nq,validation,0,8159,test
nq,validation,0,8161,test
nq,validation,0,8162,test
nq,validation,0,8163,test
nq,validation,0,8165,test
nq,validation,0,8166,test
nq,validation,0,8167,test
nq,validation,0,8168,test
nq,validation,0,8169,test
nq,validation,0,8170,test
nq,validation,0,8171,test
nq,validation,0,8172,test
nq,validation,0,8174,test
nq,validation,0,8175,test
nq,validation,0,8176,test
nq,validation,0,8177,validation
nq,validation,0,8180,test
nq,validation,0,8181,test
nq,validation,0,8182,test
nq,validation,0,8185,test
nq,validation,0,8186,validation
nq,validation,0,8187,test
nq,validation,0,8188,test
nq,validation,0,8189,validation
nq,validation,0,8190,test
nq,validation,0,8191,test
nq,validation,0,8192,test
nq,validation,0,8193,test
nq,validation,0,8194,validation
nq,validation,0,8195,test
nq,validation,0,8196,test
nq,validation,0,8197,test
nq,validation,0,8198,test
nq,validation,0,8199,test
nq,validation,0,8200,validation
nq,validation,0,8201,test
nq,validation,0,8202,test
nq,validation,0,8203,test
nq,validation,0,8204,test
nq,validation,0,8205,validation
nq,validation,0,8206,test
nq,validation,0,8207,test
nq,validation,0,8209,test
nq,validation,0,8210,test
nq,validation,0,8211,test
nq,validation,0,8212,test
nq,validation,0,8213,test
nq,validation,0,8215,test
nq,validation,0,8216,test
nq,validation,0,8217,validation
nq,validation,0,8218,test
nq,validation,0,8220,validation
nq,validation,0,8222,validation
nq,validation,0,8223,test
nq,validation,0,8224,test
nq,validation,0,8225,test
nq,validation,0,8226,validation
nq,validation,0,8227,test
nq,validation,0,8228,test
nq,validation,0,8229,test
nq,validation,0,8230,test
nq,validation,0,8231,test
nq,validation,0,8232,test
nq,validation,0,8233,test
nq,validation,0,8234,test
nq,validation,0,8236,test
nq,validation,0,8237,test
nq,validation,0,8238,test
nq,validation,0,8239,validation
nq,validation,0,8240,test
nq,validation,0,8241,test
nq,validation,0,8242,test
nq,validation,0,8243,test
nq,validation,0,8244,test
nq,validation,0,8245,validation
nq,validation,0,8246,test
nq,validation,0,8247,test
nq,validation,0,8248,validation
nq,validation,0,8249,test
nq,validation,0,8250,test
nq,validation,0,8252,test
nq,validation,0,8253,test
nq,validation,0,8254,validation
nq,validation,0,8255,validation
nq,validation,0,8256,test
nq,validation,0,8257,validation
nq,validation,0,8258,test
nq,validation,0,8259,test
nq,validation,0,8260,test
nq,validation,0,8261,test
nq,validation,0,8262,test
nq,validation,0,8263,test
nq,validation,0,8264,validation
nq,validation,0,8265,test
nq,validation,0,8266,validation
nq,validation,0,8267,test
nq,validation,0,8268,test
nq,validation,0,8269,test
nq,validation,0,8270,test
nq,validation,0,8271,test
nq,validation,0,8272,validation
nq,validation,0,8273,test
nq,validation,0,8274,validation
nq,validation,0,8275,test
nq,validation,0,8276,test
nq,validation,0,8277,validation
nq,validation,0,8278,test
nq,validation,0,8279,test
nq,validation,0,8280,test
nq,validation,0,8281,test
nq,validation,0,8282,test
nq,validation,0,8283,test
nq,validation,0,8284,test
nq,validation,0,8285,validation
nq,validation,0,8286,validation
nq,validation,0,8287,test
nq,validation,0,8289,test
nq,validation,0,8290,test
nq,validation,0,8291,test
nq,validation,0,8292,test
nq,validation,0,8293,test
nq,validation,0,8294,test
nq,validation,0,8295,test
nq,validation,0,8296,validation
nq,validation,0,8298,test
nq,validation,0,8299,validation
nq,validation,0,8301,validation
nq,validation,0,8302,test
nq,validation,0,8303,test
nq,validation,0,8304,validation
nq,validation,0,8305,validation
nq,validation,0,8306,test
nq,validation,0,8307,validation
nq,validation,0,8308,test
nq,validation,0,8309,test
nq,validation,0,8310,test
nq,validation,0,8311,test
nq,validation,0,8313,test
nq,validation,0,8314,test
nq,validation,0,8315,test
nq,validation,0,8316,test
nq,validation,0,8317,test
nq,validation,0,8318,test
nq,validation,0,8319,test
nq,validation,0,8320,test
nq,validation,0,8321,validation
nq,validation,0,8322,test
nq,validation,0,8323,validation
nq,validation,0,8324,test
nq,validation,0,8326,test
nq,validation,0,8327,test
nq,validation,0,8328,test
nq,validation,0,8329,test
nq,validation,0,8330,test
nq,validation,0,8331,test
nq,validation,0,8332,test
nq,validation,0,8333,test
nq,validation,0,8334,test
nq,validation,0,8335,validation
nq,validation,0,8336,test
nq,validation,0,8337,test
nq,validation,0,8338,test
nq,validation,0,8341,test
nq,validation,0,8342,test
nq,validation,0,8343,test
nq,validation,0,8344,test
nq,validation,0,8345,test
nq,validation,0,8347,validation
nq,validation,0,8348,test
nq,validation,0,8349,test
nq,validation,0,8350,test
nq,validation,0,8351,test
nq,validation,0,8352,test
nq,validation,0,8353,test
nq,validation,0,8354,test
nq,validation,0,8355,test
nq,validation,0,8356,validation
nq,validation,0,8357,test
nq,validation,0,8358,validation
nq,validation,0,8359,test
nq,validation,0,8362,test
nq,validation,0,8363,test
nq,validation,0,8364,test
nq,validation,0,8366,test
nq,validation,0,8367,test
nq,validation,0,8368,test
nq,validation,0,8369,test
nq,validation,0,8370,test
nq,validation,0,8371,test
nq,validation,0,8372,test
nq,validation,0,8373,test
nq,validation,0,8374,test
nq,validation,0,8375,test
nq,validation,0,8376,test
nq,validation,0,8379,test
nq,validation,0,8380,test
nq,validation,0,8381,validation
nq,validation,0,8382,test
nq,validation,0,8383,test
nq,validation,0,8384,validation
nq,validation,0,8385,validation
nq,validation,0,8386,test
nq,validation,0,8387,test
nq,validation,0,8388,validation
nq,validation,0,8389,test
nq,validation,0,8390,test
nq,validation,0,8391,test
nq,validation,0,8392,test
nq,validation,0,8393,test
nq,validation,0,8394,validation
nq,validation,0,8396,test
nq,validation,0,8397,test
nq,validation,0,8398,validation
nq,validation,0,8399,test
nq,validation,0,8400,test
nq,validation,0,8401,test
nq,validation,0,8402,test
nq,validation,0,8403,test
nq,validation,0,8406,validation
nq,validation,0,8407,test
nq,validation,0,8408,test
nq,validation,0,8409,test
nq,validation,0,8411,validation
nq,validation,0,8413,validation
nq,validation,0,8414,test
nq,validation,0,8415,test
nq,validation,0,8416,test
nq,validation,0,8418,test
nq,validation,0,8419,test
nq,validation,0,8420,test
nq,validation,0,8422,test
nq,validation,0,8423,validation
nq,validation,0,8424,validation
nq,validation,0,8426,test
nq,validation,0,8427,test
nq,validation,0,8428,test
nq,validation,0,8433,test
nq,validation,0,8434,test
nq,validation,0,8435,test
nq,validation,0,8436,test
nq,validation,0,8438,test
nq,validation,0,8439,test
nq,validation,0,8440,test
nq,validation,0,8441,validation
nq,validation,0,8442,test
nq,validation,0,8443,test
nq,validation,0,8444,validation
nq,validation,0,8445,test
nq,validation,0,8446,validation
nq,validation,0,8447,test
nq,validation,0,8448,test
nq,validation,0,8449,validation
nq,validation,0,8450,test
nq,validation,0,8451,test
nq,validation,0,8452,test
nq,validation,0,8453,test
nq,validation,0,8454,validation
nq,validation,0,8456,test
nq,validation,0,8457,test
nq,validation,0,8458,test
nq,validation,0,8459,validation
nq,validation,0,8460,test
nq,validation,0,8461,test
nq,validation,0,8463,validation
nq,validation,0,8464,test
nq,validation,0,8466,test
nq,validation,0,8467,test
nq,validation,0,8468,test
nq,validation,0,8469,test
nq,validation,0,8471,validation
nq,validation,0,8472,test
nq,validation,0,8473,test
nq,validation,0,8474,test
nq,validation,0,8476,test
nq,validation,0,8477,test
nq,validation,0,8478,test
nq,validation,0,8479,test
nq,validation,0,8480,test
nq,validation,0,8481,test
nq,validation,0,8482,test
nq,validation,0,8483,test
nq,validation,0,8484,test
nq,validation,0,8485,test
nq,validation,0,8486,test
nq,validation,0,8489,test
nq,validation,0,8490,validation
nq,validation,0,8491,test
nq,validation,0,8492,test
nq,validation,0,8493,test
nq,validation,0,8494,test
nq,validation,0,8496,test
nq,validation,0,8497,test
nq,validation,0,8498,test
nq,validation,0,8499,test
nq,validation,0,8501,test
nq,validation,0,8502,validation
nq,validation,0,8503,validation
nq,validation,0,8504,test
nq,validation,0,8505,test
nq,validation,0,8506,test
nq,validation,0,8507,test
nq,validation,0,8508,test
nq,validation,0,8509,test
nq,validation,0,8510,validation
nq,validation,0,8511,test
nq,validation,0,8512,test
nq,validation,0,8513,test
nq,validation,0,8514,test
nq,validation,0,8515,test
nq,validation,0,8516,test
nq,validation,0,8517,test
nq,validation,0,8518,test
nq,validation,0,8519,test
nq,validation,0,8521,test
nq,validation,0,8522,test
nq,validation,0,8523,test
nq,validation,0,8525,test
nq,validation,0,8526,test
nq,validation,0,8527,test
nq,validation,0,8528,test
nq,validation,0,8530,test
nq,validation,0,8532,test
nq,validation,0,8534,test
nq,validation,0,8536,validation
nq,validation,0,8537,test
nq,validation,0,8538,test
nq,validation,0,8539,test
nq,validation,0,8540,test
nq,validation,0,8541,test
nq,validation,0,8542,test
nq,validation,0,8543,test
nq,validation,0,8544,validation
nq,validation,0,8545,test
nq,validation,0,8546,test
nq,validation,0,8547,test
nq,validation,0,8548,test
nq,validation,0,8549,validation
nq,validation,0,8550,test
nq,validation,0,8551,test
nq,validation,0,8552,test
nq,validation,0,8553,test
nq,validation,0,8554,validation
nq,validation,0,8555,test
nq,validation,0,8556,validation
nq,validation,0,8557,test
nq,validation,0,8558,test
nq,validation,0,8559,test
nq,validation,0,8560,validation
nq,validation,0,8561,test
nq,validation,0,8562,test
nq,validation,0,8564,test
nq,validation,0,8565,test
nq,validation,0,8566,test
nq,validation,0,8567,test
nq,validation,0,8568,test
nq,validation,0,8570,test
nq,validation,0,8571,validation
nq,validation,0,8572,validation
nq,validation,0,8573,validation
nq,validation,0,8574,test
nq,validation,0,8575,test
nq,validation,0,8576,test
nq,validation,0,8579,test
nq,validation,0,8580,test
nq,validation,0,8582,validation
nq,validation,0,8583,test
nq,validation,0,8584,test
nq,validation,0,8586,test
nq,validation,0,8587,test
nq,validation,0,8588,test
nq,validation,0,8589,test
nq,validation,0,8590,test
nq,validation,0,8591,test
nq,validation,0,8592,test
nq,validation,0,8593,test
nq,validation,0,8594,test
nq,validation,0,8595,test
nq,validation,0,8596,test
nq,validation,0,8597,test
nq,validation,0,8598,test
nq,validation,0,8600,validation
nq,validation,0,8601,test
nq,validation,0,8602,test
nq,validation,0,8603,test
nq,validation,0,8604,test
nq,validation,0,8605,test
nq,validation,0,8606,test
nq,validation,0,8607,test
nq,validation,0,8608,test
nq,validation,0,8609,test
nq,validation,0,8610,validation
nq,validation,0,8611,test
nq,validation,0,8612,test
nq,validation,0,8613,test
nq,validation,0,8614,test
nq,validation,0,8615,test
nq,validation,0,8617,test
nq,validation,0,8618,test
nq,validation,0,8620,test
nq,validation,0,8621,test
nq,validation,0,8622,test
nq,validation,0,8623,test
nq,validation,0,8624,test
nq,validation,0,8625,test
nq,validation,0,8626,test
nq,validation,0,8627,test
nq,validation,0,8630,test
nq,validation,0,8631,test
nq,validation,0,8632,test
nq,validation,0,8633,validation
nq,validation,0,8637,test
nq,validation,0,8638,validation
nq,validation,0,8639,test
nq,validation,0,8640,test
nq,validation,0,8641,test
nq,validation,0,8642,test
nq,validation,0,8643,test
nq,validation,0,8644,test
nq,validation,0,8646,validation
nq,validation,0,8647,validation
nq,validation,0,8649,test
nq,validation,0,8650,test
nq,validation,0,8652,validation
nq,validation,0,8653,test
nq,validation,0,8654,test
nq,validation,0,8655,test
nq,validation,0,8656,validation
nq,validation,0,8658,test
nq,validation,0,8659,validation
nq,validation,0,8660,validation
nq,validation,0,8661,test
nq,validation,0,8662,validation
nq,validation,0,8664,test
nq,validation,0,8665,test
nq,validation,0,8666,test
nq,validation,0,8667,test
nq,validation,0,8669,validation
nq,validation,0,8670,test
nq,validation,0,8671,test
nq,validation,0,8672,test
nq,validation,0,8673,test
nq,validation,0,8674,test
nq,validation,0,8675,test
nq,validation,0,8676,test
nq,validation,0,8677,validation
nq,validation,0,8679,test
nq,validation,0,8680,test
nq,validation,0,8681,test
nq,validation,0,8682,test
nq,validation,0,8684,test
nq,validation,0,8685,test
nq,validation,0,8686,test
nq,validation,0,8687,test
nq,validation,0,8688,test
nq,validation,0,8689,test
nq,validation,0,8691,validation
nq,validation,0,8692,test
nq,validation,0,8693,validation
nq,validation,0,8694,test
nq,validation,0,8696,test
nq,validation,0,8697,test
nq,validation,0,8698,test
nq,validation,0,8699,validation
nq,validation,0,8701,test
nq,validation,0,8702,test
nq,validation,0,8703,test
nq,validation,0,8704,test
nq,validation,0,8705,validation
nq,validation,0,8706,test
nq,validation,0,8707,test
nq,validation,0,8709,validation
nq,validation,0,8715,test
nq,validation,0,8717,test
nq,validation,0,8718,test
nq,validation,0,8719,test
nq,validation,0,8720,test
nq,validation,0,8721,test
nq,validation,0,8722,test
nq,validation,0,8723,test
nq,validation,0,8724,test
nq,validation,0,8725,test
nq,validation,0,8726,test
nq,validation,0,8727,test
nq,validation,0,8728,test
nq,validation,0,8729,test
nq,validation,0,8730,test
nq,validation,0,8731,test
nq,validation,0,8733,test
nq,validation,0,8734,validation
nq,validation,0,8735,validation
nq,validation,0,8736,test
nq,validation,0,8737,test
nq,validation,0,8740,test
nq,validation,0,8741,test
nq,validation,0,8742,test
nq,validation,0,8744,test
nq,validation,0,8745,test
nq,validation,0,8746,test
nq,validation,0,8747,test
nq,validation,0,8748,test
nq,validation,0,8749,test
nq,validation,0,8750,test
nq,validation,0,8751,test
nq,validation,0,8752,test
nq,validation,0,8753,test
nq,validation,0,8754,validation
nq,validation,0,8755,validation
nq,validation,0,8756,test
