D,tau,n_seeds,val mean,val mean_ci95
MMR(0.3),0.99,3,0.5726,0.0179
MMR(0.3),1.0,3,0.5726,0.0179
MMR(0.3),1.01,3,0.5794,0.0192
MMR(0.3),1.02,3,0.58,0.0196
MMR(0.3),1.03,3,0.5812,0.0191
MMR(0.3),1.04,3,0.5824,0.0183
MMR(0.3),1.05,3,0.5834,0.0181
MMR(0.3),1.06,3,0.5842,0.0181
MMR(0.3),1.07,3,0.5847,0.0179
MMR(0.3),1.08,3,0.585,0.0179
MMR(0.3),1.09,3,0.5853,0.0179
MMR(0.3),1.1,3,0.5854,0.018
MMR(0.3),1.11,3,0.5856,0.0181
MMR(0.3),1.12,3,0.5857,0.018
MMR(0.3),1.13,3,0.5858,0.0181
MMR(0.3),1.14,3,0.5858,0.0179
MMR(0.3),1.15,3,0.5858,0.0181
MMR(0.3),1.16,3,0.5858,0.0181
MMR(0.3),1.17,3,0.5858,0.018
MMR(0.3),1.18,3,0.5857,0.0178
MMR(0.3),1.19,3,0.5856,0.0178
MMR(0.3),1.2,3,0.5855,0.0179
MMR(0.3),1.21,3,0.5853,0.0179
MMR(0.3),1.22,3,0.5851,0.0178
MMR(0.3),1.23,3,0.5849,0.0181
MMR(0.3),1.24,3,0.5847,0.0179
MMR(0.3),1.25,3,0.5844,0.0183
MMR(0.3),1.26,3,0.5842,0.0183
MMR(0.3),1.27,3,0.5841,0.0184
MMR(0.3),1.28,3,0.5838,0.0182
MMR(0.3),1.29,3,0.5836,0.0181
MMR(0.3),1.3,3,0.5833,0.0182
MMR(0.3),1.31,3,0.5831,0.018
MMR(0.3),1.32,3,0.5828,0.0181
MMR(0.3),1.33,3,0.5825,0.018
MMR(0.3),1.34,3,0.5821,0.0182
MMR(0.3),1.35,3,0.5817,0.0183
MMR(0.3),1.36,3,0.5812,0.0183
MMR(0.3),1.37,3,0.5807,0.0185
MMR(0.3),1.38,3,0.5801,0.0186
MMR(0.3),1.39,3,0.5797,0.019
MMR(0.3),1.4,3,0.5793,0.0188
MMR(0.3),1.41,3,0.5788,0.0187
MMR(0.3),1.42,3,0.5781,0.019
MMR(0.3),1.43,3,0.5776,0.0192
MMR(0.3),1.44,3,0.5769,0.0183
MMR(0.3),1.45,3,0.5763,0.018
MMR(0.3),1.46,3,0.5757,0.0169
MMR(0.3),1.47,3,0.5754,0.0168
MMR(0.3),1.48,3,0.5748,0.017
MMR(0.3),1.49,3,0.5742,0.0164
MMR(0.3),1.5,3,0.5735,0.0161
MMR(0.3),1.51,3,0.573,0.0154
MMR(0.3),1.52,3,0.5724,0.0154
MMR(0.3),1.53,3,0.5718,0.0161
MMR(0.3),1.54,3,0.571,0.016
MMR(0.3),1.55,3,0.5701,0.016
MMR(0.3),1.56,3,0.5692,0.0159
MMR(0.3),1.57,3,0.5684,0.016
MMR(0.3),1.58,3,0.5676,0.0161
MMR(0.3),1.59,3,0.5669,0.016
MMR(0.3),1.6,3,0.5662,0.0156
MMR(0.3),1.61,3,0.5656,0.016
MMR(0.3),1.62,3,0.5648,0.0161
MMR(0.3),1.63,3,0.5642,0.0149
MMR(0.3),1.64,3,0.5635,0.0148
MMR(0.3),1.65,3,0.563,0.0142
MMR(0.3),1.66,3,0.5625,0.0139
MMR(0.3),1.67,3,0.5618,0.0141
MMR(0.3),1.68,3,0.561,0.0136
MMR(0.3),1.69,3,0.5605,0.0135
MMR(0.3),1.7,3,0.56,0.0135
MMR(0.3),1.71,3,0.5594,0.0129
MMR(0.3),1.72,3,0.559,0.0127
MMR(0.3),1.73,3,0.5586,0.0121
MMR(0.3),1.74,3,0.5582,0.0123
MMR(0.3),1.75,3,0.5576,0.0123
MMR(0.3),1.76,3,0.5572,0.0125
MMR(0.3),1.77,3,0.5567,0.0126
MMR(0.3),1.78,3,0.5563,0.0126
MMR(0.3),1.79,3,0.5557,0.0131
MMR(0.3),1.8,3,0.5553,0.0129
MMR(0.3),1.81,3,0.5548,0.0129
MMR(0.3),1.82,3,0.5544,0.0131
MMR(0.3),1.83,3,0.554,0.0132
MMR(0.3),1.84,3,0.5536,0.0138
MMR(0.3),1.85,3,0.5531,0.0142
MMR(0.3),1.86,3,0.5527,0.0144
MMR(0.3),1.87,3,0.5521,0.0142
MMR(0.3),1.88,3,0.5517,0.0146
MMR(0.3),1.89,3,0.5509,0.0148
MMR(0.3),1.9,3,0.5502,0.0149
MMR(0.3),1.91,3,0.5498,0.0151
MMR(0.3),1.92,3,0.5493,0.0147
MMR(0.3),1.93,3,0.5489,0.0147
MMR(0.3),1.94,3,0.5484,0.0142
MMR(0.3),1.95,3,0.5478,0.0142
MMR(0.3),1.96,3,0.5474,0.0141
MMR(0.3),1.97,3,0.5471,0.0143
MMR(0.3),1.98,3,0.5466,0.0142
MMR(0.3),1.99,3,0.5462,0.0141
MMR(0.3),2.0,3,0.5459,0.0144
MMR(0.3),2.01,3,0.5454,0.0143
MMR(0.3),2.02,3,0.5448,0.0146
MMR(0.3),2.03,3,0.5446,0.0145
MMR(0.3),2.04,3,0.544,0.0137
MMR(0.3),2.05,3,0.5435,0.0128
MMR(0.3),2.06,3,0.5431,0.0121
MMR(0.3),2.07,3,0.5427,0.0122
MMR(0.3),2.08,3,0.5424,0.0125
MMR(0.3),2.09,3,0.5421,0.012
MMR(0.3),2.1,3,0.5414,0.0109
MMR(0.3),2.11,3,0.5409,0.0111
MMR(0.3),2.12,3,0.5405,0.0114
MMR(0.3),2.13,3,0.5399,0.0113
MMR(0.3),2.14,3,0.5395,0.0113
MMR(0.3),2.15,3,0.5391,0.0115
MMR(0.3),2.16,3,0.5387,0.0117
MMR(0.3),2.17,3,0.5385,0.0117
MMR(0.3),2.18,3,0.5382,0.0119
MMR(0.3),2.19,3,0.5375,0.0122
MMR(0.3),2.2,3,0.5369,0.0119
MMR(0.3),2.21,3,0.5363,0.0124
MMR(0.3),2.22,3,0.5356,0.0127
MMR(0.3),2.23,3,0.535,0.0129
MMR(0.3),2.24,3,0.5346,0.0126
MMR(0.3),2.25,3,0.5341,0.0123
MMR(0.3),2.26,3,0.5335,0.0123
MMR(0.3),2.27,3,0.5332,0.0123
MMR(0.3),2.28,3,0.5327,0.0124
MMR(0.3),2.29,3,0.5322,0.0124
MMR(0.3),2.3,3,0.5316,0.0123
MMR(0.3),2.31,3,0.5309,0.0123
MMR(0.3),2.32,3,0.5303,0.0121
MMR(0.3),2.33,3,0.5298,0.0122
MMR(0.3),2.34,3,0.5291,0.0118
MMR(0.3),2.35,3,0.5281,0.0122
MMR(0.3),2.36,3,0.5276,0.0124
MMR(0.3),2.37,3,0.5271,0.0127
MMR(0.3),2.38,3,0.5266,0.013
MMR(0.3),2.39,3,0.5257,0.0137
MMR(0.3),2.4,3,0.525,0.0131
MMR(0.3),2.41,3,0.5244,0.0136
MMR(0.3),2.42,3,0.5238,0.0131
MMR(0.3),2.43,3,0.5231,0.0126
MMR(0.3),2.44,3,0.5226,0.0127
MMR(0.3),2.45,3,0.5219,0.0126
MMR(0.3),2.46,3,0.5214,0.0126
MMR(0.3),2.47,3,0.5209,0.012
MMR(0.3),2.48,3,0.5204,0.0118
MMR(0.3),2.49,3,0.5195,0.0118
MMR(0.3),2.5,3,0.5192,0.0115
MMR(0.3),2.51,3,0.5183,0.0113
MMR(0.3),2.52,3,0.5177,0.0112
MMR(0.3),2.53,3,0.5169,0.0108
MMR(0.3),2.54,3,0.5162,0.0116
MMR(0.3),2.55,3,0.5158,0.0114
MMR(0.3),2.56,3,0.5152,0.0117
MMR(0.3),2.57,3,0.5146,0.012
MMR(0.3),2.58,3,0.5141,0.0124
MMR(0.3),2.59,3,0.5136,0.0124
MMR(0.3),2.6,3,0.513,0.0116
MMR(0.3),2.61,3,0.5125,0.0128
MMR(0.3),2.62,3,0.5118,0.013
MMR(0.3),2.63,3,0.5114,0.013
MMR(0.3),2.64,3,0.511,0.0132
MMR(0.3),2.65,3,0.5104,0.0132
MMR(0.3),2.66,3,0.5099,0.0136
MMR(0.3),2.67,3,0.5095,0.0137
MMR(0.3),2.68,3,0.5089,0.0133
MMR(0.3),2.69,3,0.5083,0.0132
MMR(0.3),2.7,3,0.5078,0.0131
MMR(0.3),2.71,3,0.5073,0.0132
MMR(0.3),2.72,3,0.5069,0.0132
MMR(0.3),2.73,3,0.5062,0.0134
MMR(0.3),2.74,3,0.5056,0.013
MMR(0.3),2.75,3,0.5051,0.0128
MMR(0.3),2.76,3,0.5047,0.0129
MMR(0.3),2.77,3,0.5043,0.0122
MMR(0.3),2.78,3,0.5039,0.0123
MMR(0.3),2.79,3,0.5033,0.0127
MMR(0.3),2.8,3,0.5029,0.0124
MMR(0.3),2.81,3,0.5023,0.0124
MMR(0.3),2.82,3,0.5017,0.0127
MMR(0.3),2.83,3,0.5009,0.0142
MMR(0.3),2.84,3,0.5004,0.0143
MMR(0.3),2.85,3,0.5,0.0148
MMR(0.3),2.86,3,0.4994,0.0154
MMR(0.3),2.87,3,0.4989,0.0152
MMR(0.3),2.88,3,0.4981,0.0157
MMR(0.3),2.89,3,0.4973,0.0158
MMR(0.3),2.9,3,0.4967,0.0161
MMR(0.3),2.91,3,0.4962,0.0166
MMR(0.3),2.92,3,0.4958,0.016
MMR(0.3),2.93,3,0.4955,0.0158
MMR(0.3),2.94,3,0.4947,0.0154
MMR(0.3),2.95,3,0.4942,0.0155
MMR(0.3),2.96,3,0.4937,0.015
MMR(0.3),2.97,3,0.4933,0.015
MMR(0.3),2.98,3,0.4927,0.0152
MMR(0.3),2.99,3,0.4921,0.0144
MMR(0.3),3.0,3,0.4914,0.014
MMR(0.3),3.01,3,0.491,0.0139
MMR(0.3),3.02,3,0.4903,0.0139
MMR(0.3),3.03,3,0.49,0.0138
MMR(0.3),3.04,3,0.4894,0.0141
MMR(0.3),3.05,3,0.4889,0.0135
MMR(0.3),3.06,3,0.4884,0.0139
MMR(0.3),3.07,3,0.4878,0.0148
MMR(0.3),3.08,3,0.4872,0.0149
MMR(0.3),3.09,3,0.4865,0.015
MMR(0.3),3.1,3,0.486,0.0149
MMR(0.3),3.11,3,0.4858,0.015
MMR(0.3),3.12,3,0.4852,0.0145
MMR(0.3),3.13,3,0.485,0.0143
MMR(0.3),3.14,3,0.4846,0.0142
MMR(0.3),3.15,3,0.4841,0.0143
MMR(0.3),3.16,3,0.4836,0.0145
MMR(0.3),3.17,3,0.4833,0.0146
MMR(0.3),3.18,3,0.483,0.0143
MMR(0.3),3.19,3,0.4825,0.0148
MMR(0.3),3.2,3,0.4818,0.0145
MMR(0.3),3.21,3,0.4816,0.0146
MMR(0.3),3.22,3,0.4812,0.0149
MMR(0.3),3.23,3,0.4807,0.015
MMR(0.3),3.24,3,0.4803,0.0149
MMR(0.3),3.25,3,0.48,0.0152
MMR(0.3),3.26,3,0.4793,0.0155
MMR(0.3),3.27,3,0.4789,0.0162
MMR(0.3),3.28,3,0.4785,0.0158
MMR(0.3),3.29,3,0.4779,0.0163
MMR(0.3),3.3,3,0.4775,0.0166
MMR(0.3),3.31,3,0.4765,0.0165
MMR(0.3),3.32,3,0.4763,0.0162
MMR(0.3),3.33,3,0.4759,0.0159
MMR(0.3),3.34,3,0.4754,0.0158
MMR(0.3),3.35,3,0.475,0.0154
MMR(0.3),3.36,3,0.4747,0.0154
MMR(0.3),3.37,3,0.4739,0.0155
MMR(0.3),3.38,3,0.4736,0.0152
MMR(0.3),3.39,3,0.4731,0.0149
MMR(0.3),3.4,3,0.4729,0.0145
MMR(0.3),3.41,3,0.4725,0.0142
MMR(0.3),3.42,3,0.4722,0.0135
MMR(0.3),3.43,3,0.4719,0.0137
MMR(0.3),3.44,3,0.4717,0.0137
MMR(0.3),3.45,3,0.4713,0.0135
MMR(0.3),3.46,3,0.4709,0.0131
MMR(0.3),3.47,3,0.4707,0.0133
MMR(0.3),3.48,3,0.4704,0.0133
MMR(0.3),3.49,3,0.4701,0.0132
MMR(0.3),3.5,3,0.4698,0.0132
MMR(0.3),3.51,3,0.4694,0.0134
MMR(0.3),3.52,3,0.4691,0.0134
MMR(0.3),3.53,3,0.4687,0.0128
MMR(0.3),3.54,3,0.4684,0.0129
MMR(0.3),3.55,3,0.4681,0.0129
MMR(0.3),3.56,3,0.4679,0.0132
MMR(0.3),3.57,3,0.4678,0.0129
MMR(0.3),3.58,3,0.4675,0.0132
MMR(0.3),3.59,3,0.4673,0.0129
MMR(0.3),3.6,3,0.4672,0.0129
MMR(0.3),3.61,3,0.467,0.0125
MMR(0.3),3.62,3,0.4666,0.0123
MMR(0.3),3.63,3,0.4664,0.0122
MMR(0.3),3.64,3,0.4662,0.0115
MMR(0.3),3.65,3,0.466,0.012
MMR(0.3),3.66,3,0.4659,0.0117
MMR(0.3),3.67,3,0.466,0.0112
MMR(0.3),3.68,3,0.4658,0.0112
MMR(0.3),3.69,3,0.4656,0.0116
MMR(0.3),3.7,3,0.4655,0.0118
MMR(0.3),3.71,3,0.4654,0.0121
MMR(0.3),3.72,3,0.465,0.0123
MMR(0.3),3.73,3,0.4647,0.0123
MMR(0.3),3.74,3,0.4645,0.0127
MMR(0.3),3.75,3,0.4644,0.0128
MMR(0.3),3.76,3,0.4642,0.0128
MMR(0.3),3.77,3,0.4638,0.0128
MMR(0.3),3.78,3,0.4637,0.0127
MMR(0.3),3.79,3,0.4634,0.0128
MMR(0.3),3.8,3,0.4631,0.0124
MMR(0.3),3.81,3,0.4629,0.0124
MMR(0.3),3.82,3,0.4627,0.0123
MMR(0.3),3.83,3,0.4625,0.0121
MMR(0.3),3.84,3,0.4623,0.012
MMR(0.3),3.85,3,0.4621,0.0121
MMR(0.3),3.86,3,0.4618,0.0123
MMR(0.3),3.87,3,0.4617,0.0123
MMR(0.3),3.88,3,0.4617,0.012
MMR(0.3),3.89,3,0.4615,0.012
MMR(0.3),3.9,3,0.4612,0.0126
MMR(0.3),3.91,3,0.4611,0.0127
MMR(0.3),3.92,3,0.4609,0.0123
MMR(0.3),3.93,3,0.4605,0.013
MMR(0.3),3.94,3,0.4604,0.0132
MMR(0.3),3.95,3,0.4601,0.0132
MMR(0.3),3.96,3,0.4599,0.0135
MMR(0.3),3.97,3,0.4597,0.0131
MMR(0.3),3.98,3,0.4592,0.0133
MMR(0.3),3.99,3,0.4592,0.0134
MMR(0.3),4.0,3,0.459,0.0133
MMR(0.3),4.01,3,0.4589,0.0127
MMR(0.3),4.02,3,0.4588,0.0127
MMR(0.3),4.03,3,0.4587,0.0128
MMR(0.3),4.04,3,0.4586,0.0128
MMR(0.3),4.05,3,0.4584,0.0129
MMR(0.3),4.06,3,0.4583,0.0128
MMR(0.3),4.07,3,0.4582,0.0132
MMR(0.3),4.08,3,0.458,0.0133
MMR(0.3),4.09,3,0.4578,0.0134
MMR(0.3),4.1,3,0.4576,0.0136
MMR(0.3),4.11,3,0.4576,0.0133
MMR(0.3),4.12,3,0.4574,0.0132
MMR(0.3),4.13,3,0.4572,0.0132
MMR(0.3),4.14,3,0.4571,0.0136
MMR(0.3),4.15,3,0.457,0.0136
MMR(0.3),4.16,3,0.4568,0.0137
MMR(0.3),4.17,3,0.4567,0.0137
MMR(0.3),4.18,3,0.4565,0.0136
MMR(0.3),4.19,3,0.4563,0.0136
MMR(0.3),4.2,3,0.4563,0.0135
MMR(0.3),4.21,3,0.4561,0.0133
MMR(0.3),4.22,3,0.456,0.0132
MMR(0.3),4.23,3,0.4559,0.0133
MMR(0.3),4.24,3,0.4557,0.0137
MMR(0.3),4.25,3,0.4556,0.0137
MMR(0.3),4.26,3,0.4556,0.0138
MMR(0.3),4.27,3,0.4555,0.0137
MMR(0.3),4.28,3,0.4554,0.0137
MMR(0.3),4.29,3,0.4554,0.0137
MMR(0.3),4.3,3,0.4553,0.0137
MMR(0.3),4.31,3,0.4552,0.0138
MMR(0.3),4.32,3,0.4552,0.0138
MMR(0.3),4.33,3,0.4552,0.0138
MMR(0.3),4.34,3,0.4551,0.0138
MMR(0.3),4.35,3,0.4551,0.0138
MMR(0.3),4.36,3,0.4551,0.0137
MMR(0.3),4.37,3,0.4551,0.0136
MMR(0.3),4.38,3,0.4551,0.0135
MMR(0.3),4.39,3,0.4551,0.0136
MMR(0.3),4.4,2,0.4577,0.0388
MMR(0.3),4.41,3,0.4551,0.0138
MMR(0.3),4.42,3,0.4551,0.0138
MMR(0.3),4.43,3,0.4551,0.0138
MMR(0.3),4.44,3,0.4551,0.0139
MMR(0.3),4.45,3,0.4551,0.0139
MMR(0.3),4.46,2,0.4521,0.0311
MMR(0.3),4.47,2,0.4577,0.0394
MMR(0.3),4.48,3,0.455,0.0138
MMR(0.3),4.51,3,0.4549,0.0139
MMR(0.3),4.52,3,0.4549,0.0138
MMR(0.3),4.54,2,0.4575,0.0388
MMR(0.3),4.55,3,0.4548,0.0137
MMR(0.3),4.56,2,0.4575,0.0388
MMR(0.3),4.57,3,0.4548,0.0137
MMR(0.3),4.58,2,0.452,0.0311
MMR(0.3),4.6,2,0.4575,0.0388
MMR(0.3),4.61,3,0.4547,0.0136
MMR(0.5),0.99,3,0.5726,0.0179
MMR(0.5),1.0,3,0.5726,0.0179
MMR(0.5),1.01,3,0.5865,0.0201
MMR(0.5),1.02,3,0.5886,0.0209
MMR(0.5),1.03,3,0.5917,0.0203
MMR(0.5),1.04,3,0.5946,0.0201
MMR(0.5),1.05,3,0.5973,0.0205
MMR(0.5),1.06,3,0.5995,0.0206
MMR(0.5),1.07,3,0.6014,0.0203
MMR(0.5),1.08,3,0.6025,0.0204
MMR(0.5),1.09,3,0.6032,0.0204
MMR(0.5),1.1,3,0.6037,0.0204
MMR(0.5),1.11,3,0.6041,0.021
MMR(0.5),1.12,3,0.6043,0.021
MMR(0.5),1.13,3,0.6045,0.0211
MMR(0.5),1.14,3,0.6045,0.0211
MMR(0.5),1.15,3,0.6046,0.0212
MMR(0.5),1.16,3,0.6047,0.0213
MMR(0.5),1.17,3,0.6047,0.0213
MMR(0.5),1.18,3,0.6046,0.0211
MMR(0.5),1.19,3,0.6045,0.0212
MMR(0.5),1.2,3,0.6045,0.0212
MMR(0.5),1.21,3,0.6043,0.0211
MMR(0.5),1.22,3,0.6042,0.021
MMR(0.5),1.23,3,0.604,0.0213
MMR(0.5),1.24,3,0.6038,0.0211
MMR(0.5),1.25,3,0.6037,0.0214
MMR(0.5),1.26,3,0.6035,0.0213
MMR(0.5),1.27,3,0.6035,0.0212
MMR(0.5),1.28,3,0.6033,0.0212
MMR(0.5),1.29,3,0.6031,0.021
MMR(0.5),1.3,3,0.6029,0.0212
MMR(0.5),1.31,3,0.6027,0.021
MMR(0.5),1.32,3,0.6024,0.0211
MMR(0.5),1.33,3,0.6022,0.0211
MMR(0.5),1.34,3,0.6019,0.0211
MMR(0.5),1.35,3,0.6016,0.0213
MMR(0.5),1.36,3,0.6013,0.0214
MMR(0.5),1.37,3,0.601,0.0215
MMR(0.5),1.38,3,0.6006,0.0213
MMR(0.5),1.39,3,0.6004,0.0215
MMR(0.5),1.4,3,0.6,0.0216
MMR(0.5),1.41,3,0.5996,0.0215
MMR(0.5),1.42,3,0.5992,0.0218
MMR(0.5),1.43,3,0.5989,0.0221
MMR(0.5),1.44,3,0.5983,0.0217
MMR(0.5),1.45,3,0.598,0.0216
MMR(0.5),1.46,3,0.5976,0.0209
MMR(0.5),1.47,3,0.5976,0.0207
MMR(0.5),1.48,3,0.5973,0.0209
MMR(0.5),1.49,3,0.597,0.0203
MMR(0.5),1.5,3,0.5967,0.0201
MMR(0.5),1.51,3,0.5967,0.0192
MMR(0.5),1.52,3,0.5965,0.0194
MMR(0.5),1.53,3,0.5962,0.0195
MMR(0.5),1.54,3,0.5958,0.0192
MMR(0.5),1.55,3,0.5955,0.0196
MMR(0.5),1.56,3,0.5949,0.0196
MMR(0.5),1.57,3,0.5948,0.0199
MMR(0.5),1.58,3,0.5945,0.0196
MMR(0.5),1.59,3,0.5943,0.0199
MMR(0.5),1.6,3,0.5942,0.0193
MMR(0.5),1.61,3,0.5938,0.0194
MMR(0.5),1.62,3,0.5937,0.0196
MMR(0.5),1.63,3,0.5935,0.0191
MMR(0.5),1.64,3,0.5933,0.019
MMR(0.5),1.65,3,0.5931,0.0188
MMR(0.5),1.66,3,0.593,0.0188
MMR(0.5),1.67,3,0.5928,0.0189
MMR(0.5),1.68,3,0.5924,0.0186
MMR(0.5),1.69,3,0.5921,0.0187
MMR(0.5),1.7,3,0.5919,0.019
MMR(0.5),1.71,3,0.5916,0.0185
MMR(0.5),1.72,3,0.5915,0.0184
MMR(0.5),1.73,3,0.5912,0.0177
MMR(0.5),1.74,3,0.5911,0.0179
MMR(0.5),1.75,3,0.5908,0.0181
MMR(0.5),1.76,3,0.5906,0.0182
MMR(0.5),1.77,3,0.5903,0.0185
MMR(0.5),1.78,3,0.5902,0.0181
MMR(0.5),1.79,3,0.5898,0.0189
MMR(0.5),1.8,3,0.5897,0.0187
MMR(0.5),1.81,3,0.5894,0.0187
MMR(0.5),1.82,3,0.5893,0.019
MMR(0.5),1.83,3,0.5891,0.019
MMR(0.5),1.84,3,0.5889,0.0194
MMR(0.5),1.85,3,0.5888,0.0196
MMR(0.5),1.86,3,0.5885,0.0198
MMR(0.5),1.87,3,0.5883,0.0195
MMR(0.5),1.88,3,0.588,0.02
MMR(0.5),1.89,3,0.5876,0.0201
MMR(0.5),1.9,3,0.5871,0.0199
MMR(0.5),1.91,3,0.5869,0.0196
MMR(0.5),1.92,3,0.5868,0.0193
MMR(0.5),1.93,3,0.5865,0.0193
MMR(0.5),1.94,3,0.5863,0.0188
MMR(0.5),1.95,3,0.586,0.0189
MMR(0.5),1.96,3,0.5859,0.0187
MMR(0.5),1.97,3,0.5857,0.0192
MMR(0.5),1.98,3,0.5854,0.0191
MMR(0.5),1.99,3,0.5852,0.0188
MMR(0.5),2.0,3,0.585,0.0191
MMR(0.5),2.01,3,0.5847,0.0191
MMR(0.5),2.02,3,0.5844,0.0189
MMR(0.5),2.03,3,0.5843,0.0188
MMR(0.5),2.04,3,0.5838,0.018
MMR(0.5),2.05,3,0.5836,0.0171
MMR(0.5),2.06,3,0.5832,0.0163
MMR(0.5),2.07,3,0.5831,0.0161
MMR(0.5),2.08,3,0.5829,0.0161
MMR(0.5),2.09,3,0.5827,0.0158
MMR(0.5),2.1,3,0.5822,0.0147
MMR(0.5),2.11,3,0.582,0.0144
MMR(0.5),2.12,3,0.5817,0.0149
MMR(0.5),2.13,3,0.5813,0.0144
MMR(0.5),2.14,3,0.5811,0.0146
MMR(0.5),2.15,3,0.5809,0.0147
MMR(0.5),2.16,3,0.5807,0.0148
MMR(0.5),2.17,3,0.5806,0.015
MMR(0.5),2.18,3,0.5804,0.0151
MMR(0.5),2.19,3,0.5798,0.0152
MMR(0.5),2.2,3,0.5794,0.0149
MMR(0.5),2.21,3,0.5792,0.0154
MMR(0.5),2.22,3,0.5788,0.0151
MMR(0.5),2.23,3,0.5784,0.0149
MMR(0.5),2.24,3,0.5782,0.0146
MMR(0.5),2.25,3,0.5779,0.0141
MMR(0.5),2.26,3,0.5776,0.014
MMR(0.5),2.27,3,0.5775,0.0141
MMR(0.5),2.28,3,0.5771,0.0141
MMR(0.5),2.29,3,0.5769,0.0139
MMR(0.5),2.3,3,0.5766,0.014
MMR(0.5),2.31,3,0.5762,0.0142
MMR(0.5),2.32,3,0.5758,0.0139
MMR(0.5),2.33,3,0.5755,0.0141
MMR(0.5),2.34,3,0.5751,0.0137
MMR(0.5),2.35,3,0.5746,0.0145
MMR(0.5),2.36,3,0.5743,0.0145
MMR(0.5),2.37,3,0.5739,0.015
MMR(0.5),2.38,3,0.5737,0.0154
MMR(0.5),2.39,3,0.5732,0.0157
MMR(0.5),2.4,3,0.573,0.0155
MMR(0.5),2.41,3,0.5727,0.0158
MMR(0.5),2.42,3,0.5723,0.0155
MMR(0.5),2.43,3,0.5717,0.015
MMR(0.5),2.44,3,0.5715,0.0153
MMR(0.5),2.45,3,0.5712,0.0151
MMR(0.5),2.46,3,0.5708,0.015
MMR(0.5),2.47,3,0.5707,0.0145
MMR(0.5),2.48,3,0.5704,0.0144
MMR(0.5),2.49,3,0.5699,0.0141
MMR(0.5),2.5,3,0.5698,0.0138
MMR(0.5),2.51,3,0.5692,0.0134
MMR(0.5),2.52,3,0.5689,0.0129
MMR(0.5),2.53,3,0.5684,0.0126
MMR(0.5),2.54,3,0.5679,0.0131
MMR(0.5),2.55,3,0.5677,0.0133
MMR(0.5),2.56,3,0.5673,0.0135
MMR(0.5),2.57,3,0.5669,0.014
MMR(0.5),2.58,3,0.5666,0.0141
MMR(0.5),2.59,3,0.5664,0.0143
MMR(0.5),2.6,3,0.566,0.0134
MMR(0.5),2.61,3,0.5658,0.0144
MMR(0.5),2.62,3,0.5654,0.0144
MMR(0.5),2.63,3,0.5652,0.0145
MMR(0.5),2.64,3,0.5648,0.0146
MMR(0.5),2.65,3,0.5645,0.0149
MMR(0.5),2.66,3,0.5643,0.0154
MMR(0.5),2.67,3,0.564,0.0156
MMR(0.5),2.68,3,0.5638,0.0154
MMR(0.5),2.69,3,0.5634,0.0153
MMR(0.5),2.7,3,0.5633,0.0151
MMR(0.5),2.71,3,0.5631,0.0156
MMR(0.5),2.72,3,0.5628,0.0153
MMR(0.5),2.73,3,0.5624,0.0151
MMR(0.5),2.74,3,0.562,0.0151
MMR(0.5),2.75,3,0.5618,0.0149
MMR(0.5),2.76,3,0.5616,0.0149
MMR(0.5),2.77,3,0.5613,0.0143
MMR(0.5),2.78,3,0.561,0.0147
MMR(0.5),2.79,3,0.5605,0.0153
MMR(0.5),2.8,3,0.5604,0.0151
MMR(0.5),2.81,3,0.56,0.0154
MMR(0.5),2.82,3,0.5596,0.0154
MMR(0.5),2.83,3,0.5592,0.0164
MMR(0.5),2.84,3,0.559,0.0167
MMR(0.5),2.85,3,0.5588,0.0172
MMR(0.5),2.86,3,0.5584,0.0175
MMR(0.5),2.87,3,0.5581,0.0174
MMR(0.5),2.88,3,0.5577,0.018
MMR(0.5),2.89,3,0.5572,0.0179
MMR(0.5),2.9,3,0.5569,0.0179
MMR(0.5),2.91,3,0.5566,0.0178
MMR(0.5),2.92,3,0.5565,0.0173
MMR(0.5),2.93,3,0.5563,0.0176
MMR(0.5),2.94,3,0.5559,0.0176
MMR(0.5),2.95,3,0.5556,0.0177
MMR(0.5),2.96,3,0.5553,0.0172
MMR(0.5),2.97,3,0.5552,0.0169
MMR(0.5),2.98,3,0.555,0.017
MMR(0.5),2.99,3,0.5546,0.0168
MMR(0.5),3.0,3,0.5542,0.0161
MMR(0.5),3.01,3,0.5539,0.0162
MMR(0.5),3.02,3,0.5537,0.0162
MMR(0.5),3.03,3,0.5534,0.0164
MMR(0.5),3.04,3,0.5531,0.0168
MMR(0.5),3.05,3,0.5529,0.0164
MMR(0.5),3.06,3,0.5527,0.0168
MMR(0.5),3.07,3,0.5523,0.0173
MMR(0.5),3.08,3,0.5519,0.0172
MMR(0.5),3.09,3,0.5516,0.0172
MMR(0.5),3.1,3,0.5512,0.0167
MMR(0.5),3.11,3,0.5511,0.0167
MMR(0.5),3.12,3,0.5509,0.0164
MMR(0.5),3.13,3,0.5508,0.016
MMR(0.5),3.14,3,0.5506,0.0159
MMR(0.5),3.15,3,0.5505,0.0161
MMR(0.5),3.16,3,0.5501,0.0163
MMR(0.5),3.17,3,0.5499,0.016
MMR(0.5),3.18,3,0.5497,0.0159
MMR(0.5),3.19,3,0.5493,0.0162
MMR(0.5),3.2,3,0.5491,0.0159
MMR(0.5),3.21,3,0.549,0.016
MMR(0.5),3.22,3,0.5487,0.0158
MMR(0.5),3.23,3,0.5484,0.016
MMR(0.5),3.24,3,0.5483,0.0161
MMR(0.5),3.25,3,0.5482,0.0163
MMR(0.5),3.26,3,0.5478,0.0168
MMR(0.5),3.27,3,0.5477,0.0177
MMR(0.5),3.28,3,0.5476,0.0174
MMR(0.5),3.29,3,0.5471,0.0179
MMR(0.5),3.3,3,0.5468,0.0182
MMR(0.5),3.31,3,0.546,0.0182
MMR(0.5),3.32,3,0.5462,0.0182
MMR(0.5),3.33,3,0.546,0.0182
MMR(0.5),3.34,3,0.5457,0.0182
MMR(0.5),3.35,3,0.5456,0.018
MMR(0.5),3.36,3,0.5454,0.0181
MMR(0.5),3.37,3,0.545,0.0187
MMR(0.5),3.38,3,0.5448,0.0183
MMR(0.5),3.39,3,0.5447,0.0184
MMR(0.5),3.4,3,0.5446,0.0181
MMR(0.5),3.41,3,0.5445,0.0179
MMR(0.5),3.42,3,0.5444,0.0175
MMR(0.5),3.43,3,0.5442,0.0175
MMR(0.5),3.44,3,0.5441,0.0174
MMR(0.5),3.45,3,0.5439,0.0173
MMR(0.5),3.46,3,0.5437,0.017
MMR(0.5),3.47,3,0.5436,0.017
MMR(0.5),3.48,3,0.5434,0.0171
MMR(0.5),3.49,3,0.5433,0.0169
MMR(0.5),3.5,3,0.5432,0.0168
MMR(0.5),3.51,3,0.5431,0.0172
MMR(0.5),3.52,3,0.5431,0.017
MMR(0.5),3.53,3,0.5428,0.0166
MMR(0.5),3.54,3,0.5426,0.0167
MMR(0.5),3.55,3,0.5424,0.0165
MMR(0.5),3.56,3,0.5424,0.0166
MMR(0.5),3.57,3,0.5423,0.0164
MMR(0.5),3.58,3,0.5422,0.0166
MMR(0.5),3.59,3,0.542,0.0164
MMR(0.5),3.6,3,0.542,0.0163
MMR(0.5),3.61,3,0.542,0.0165
MMR(0.5),3.62,3,0.542,0.0156
MMR(0.5),3.63,3,0.5419,0.0157
MMR(0.5),3.64,3,0.542,0.0152
MMR(0.5),3.65,3,0.5418,0.0154
MMR(0.5),3.66,3,0.5418,0.0155
MMR(0.5),3.67,3,0.542,0.0148
MMR(0.5),3.68,3,0.5419,0.0151
MMR(0.5),3.69,3,0.5419,0.0152
MMR(0.5),3.7,3,0.5419,0.016
MMR(0.5),3.71,3,0.5418,0.0161
MMR(0.5),3.72,3,0.5417,0.0161
MMR(0.5),3.73,3,0.5414,0.0161
MMR(0.5),3.74,3,0.5413,0.0164
MMR(0.5),3.75,3,0.5412,0.0163
MMR(0.5),3.76,3,0.5411,0.0166
MMR(0.5),3.77,3,0.5411,0.0164
MMR(0.5),3.78,3,0.5411,0.0163
MMR(0.5),3.79,3,0.5409,0.0165
MMR(0.5),3.8,3,0.5407,0.0162
MMR(0.5),3.81,3,0.5406,0.0161
MMR(0.5),3.82,3,0.5405,0.0161
MMR(0.5),3.83,3,0.5404,0.0159
MMR(0.5),3.84,3,0.5404,0.0156
MMR(0.5),3.85,3,0.5402,0.0158
MMR(0.5),3.86,3,0.5401,0.0159
MMR(0.5),3.87,3,0.5401,0.016
MMR(0.5),3.88,3,0.5402,0.0159
MMR(0.5),3.89,3,0.5402,0.0157
MMR(0.5),3.9,3,0.5399,0.0162
MMR(0.5),3.91,3,0.5398,0.0162
MMR(0.5),3.92,3,0.5396,0.0159
MMR(0.5),3.93,3,0.5394,0.0167
MMR(0.5),3.94,3,0.5393,0.017
MMR(0.5),3.95,3,0.5391,0.0171
MMR(0.5),3.96,3,0.539,0.0173
MMR(0.5),3.97,3,0.5389,0.0172
MMR(0.5),3.98,3,0.5385,0.0173
MMR(0.5),3.99,3,0.5384,0.0175
MMR(0.5),4.0,3,0.5384,0.0174
MMR(0.5),4.01,3,0.5382,0.0171
MMR(0.5),4.02,3,0.5381,0.017
MMR(0.5),4.03,3,0.5381,0.0171
MMR(0.5),4.04,3,0.538,0.0171
MMR(0.5),4.05,3,0.538,0.0171
MMR(0.5),4.06,3,0.538,0.0173
MMR(0.5),4.07,3,0.5379,0.0174
MMR(0.5),4.08,3,0.5378,0.0177
MMR(0.5),4.09,3,0.5378,0.0178
MMR(0.5),4.1,3,0.5377,0.0178
MMR(0.5),4.11,3,0.5376,0.0177
MMR(0.5),4.12,3,0.5376,0.0176
MMR(0.5),4.13,3,0.5376,0.0177
MMR(0.5),4.14,3,0.5376,0.0178
MMR(0.5),4.15,3,0.5376,0.0178
MMR(0.5),4.16,3,0.5374,0.0181
MMR(0.5),4.17,3,0.5373,0.0182
MMR(0.5),4.18,3,0.5373,0.0181
MMR(0.5),4.19,3,0.5372,0.0182
MMR(0.5),4.2,3,0.5371,0.0181
MMR(0.5),4.21,3,0.5371,0.0182
MMR(0.5),4.22,3,0.537,0.0182
MMR(0.5),4.23,3,0.537,0.0184
MMR(0.5),4.24,3,0.5369,0.0186
MMR(0.5),4.25,3,0.5369,0.0185
MMR(0.5),4.26,3,0.5369,0.0185
MMR(0.5),4.27,3,0.5368,0.0186
MMR(0.5),4.28,3,0.5368,0.0186
MMR(0.5),4.29,3,0.5368,0.0186
MMR(0.5),4.3,3,0.5368,0.0187
MMR(0.5),4.31,3,0.5368,0.0187
MMR(0.5),4.32,3,0.5368,0.0187
MMR(0.5),4.33,3,0.5368,0.0187
MMR(0.5),4.34,3,0.5367,0.0186
MMR(0.5),4.35,3,0.5367,0.0186
MMR(0.5),4.36,3,0.5368,0.0184
MMR(0.5),4.37,3,0.5368,0.0184
MMR(0.5),4.38,3,0.5368,0.0184
MMR(0.5),4.39,3,0.5367,0.0184
MMR(0.5),4.4,2,0.54,0.061
MMR(0.5),4.41,3,0.5367,0.0184
MMR(0.5),4.42,3,0.5368,0.0183
MMR(0.5),4.43,3,0.5368,0.0183
MMR(0.5),4.44,3,0.5368,0.0183
MMR(0.5),4.45,3,0.5368,0.0183
MMR(0.5),4.46,2,0.5327,0.0318
MMR(0.5),4.47,2,0.54,0.061
MMR(0.5),4.48,3,0.5367,0.0184
MMR(0.5),4.51,3,0.5367,0.0183
MMR(0.5),4.52,3,0.5367,0.0183
MMR(0.5),4.54,2,0.5399,0.061
MMR(0.5),4.55,3,0.5367,0.0183
MMR(0.5),4.56,2,0.5399,0.061
MMR(0.5),4.57,3,0.5367,0.0183
MMR(0.5),4.58,2,0.5327,0.0311
MMR(0.5),4.6,2,0.5399,0.061
MMR(0.5),4.61,3,0.5366,0.0181
MMR(0.7),0.99,3,0.5726,0.0179
MMR(0.7),1.0,3,0.5726,0.0179
MMR(0.7),1.01,3,0.5916,0.0203
MMR(0.7),1.02,3,0.595,0.021
MMR(0.7),1.03,3,0.6001,0.0193
MMR(0.7),1.04,3,0.605,0.0195
MMR(0.7),1.05,3,0.6099,0.0212
MMR(0.7),1.06,3,0.6136,0.0211
MMR(0.7),1.07,3,0.6162,0.0209
MMR(0.7),1.08,3,0.6183,0.021
MMR(0.7),1.09,3,0.6193,0.0207
MMR(0.7),1.1,3,0.6202,0.021
MMR(0.7),1.11,3,0.6208,0.0214
MMR(0.7),1.12,3,0.6213,0.0216
MMR(0.7),1.13,3,0.6215,0.0218
MMR(0.7),1.14,3,0.6217,0.0218
MMR(0.7),1.15,3,0.6218,0.0218
MMR(0.7),1.16,3,0.6219,0.022
MMR(0.7),1.17,3,0.6219,0.022
MMR(0.7),1.18,3,0.6221,0.0219
MMR(0.7),1.19,3,0.6221,0.0221
MMR(0.7),1.2,3,0.6222,0.022
MMR(0.7),1.21,3,0.6223,0.0222
MMR(0.7),1.22,3,0.6224,0.0219
MMR(0.7),1.23,3,0.6225,0.0219
MMR(0.7),1.24,3,0.6225,0.0217
MMR(0.7),1.25,3,0.6226,0.0219
MMR(0.7),1.26,3,0.6227,0.0217
MMR(0.7),1.27,3,0.6227,0.0216
MMR(0.7),1.28,3,0.6229,0.0217
MMR(0.7),1.29,3,0.6229,0.0219
MMR(0.7),1.3,3,0.6229,0.0222
MMR(0.7),1.31,3,0.623,0.0219
MMR(0.7),1.32,3,0.623,0.0219
MMR(0.7),1.33,3,0.6231,0.0219
MMR(0.7),1.34,3,0.6232,0.0222
MMR(0.7),1.35,3,0.6233,0.0221
MMR(0.7),1.36,3,0.6236,0.0223
MMR(0.7),1.37,3,0.6238,0.0222
MMR(0.7),1.38,3,0.6239,0.0221
MMR(0.7),1.39,3,0.6241,0.022
MMR(0.7),1.4,3,0.6242,0.022
MMR(0.7),1.41,3,0.6244,0.0225
MMR(0.7),1.42,3,0.6247,0.0225
MMR(0.7),1.43,3,0.6249,0.0223
MMR(0.7),1.44,3,0.625,0.0229
MMR(0.7),1.45,3,0.6253,0.023
MMR(0.7),1.46,3,0.6254,0.0229
MMR(0.7),1.47,3,0.6256,0.0228
MMR(0.7),1.48,3,0.6258,0.0227
MMR(0.7),1.49,3,0.6259,0.0224
MMR(0.7),1.5,3,0.6261,0.0223
MMR(0.7),1.51,3,0.6263,0.0221
MMR(0.7),1.52,3,0.6267,0.0221
MMR(0.7),1.53,3,0.627,0.0223
MMR(0.7),1.54,3,0.6273,0.0218
MMR(0.7),1.55,3,0.6275,0.0222
MMR(0.7),1.56,3,0.6276,0.0224
MMR(0.7),1.57,3,0.6279,0.0222
MMR(0.7),1.58,3,0.6283,0.022
MMR(0.7),1.59,3,0.6285,0.0224
MMR(0.7),1.6,3,0.6289,0.022
MMR(0.7),1.61,3,0.629,0.0222
MMR(0.7),1.62,3,0.6295,0.0225
MMR(0.7),1.63,3,0.6298,0.0226
MMR(0.7),1.64,3,0.6302,0.0222
MMR(0.7),1.65,3,0.6304,0.0224
MMR(0.7),1.66,3,0.6307,0.0223
MMR(0.7),1.67,3,0.6309,0.0223
MMR(0.7),1.68,3,0.6311,0.022
MMR(0.7),1.69,3,0.6312,0.0227
MMR(0.7),1.7,3,0.6314,0.0228
MMR(0.7),1.71,3,0.6314,0.0224
MMR(0.7),1.72,3,0.6315,0.0224
MMR(0.7),1.73,3,0.6315,0.0223
MMR(0.7),1.74,3,0.6316,0.0222
MMR(0.7),1.75,3,0.6318,0.0226
MMR(0.7),1.76,3,0.6319,0.0226
MMR(0.7),1.77,3,0.6318,0.023
MMR(0.7),1.78,3,0.632,0.023
MMR(0.7),1.79,3,0.632,0.023
MMR(0.7),1.8,3,0.6322,0.0227
MMR(0.7),1.81,3,0.6323,0.0227
MMR(0.7),1.82,3,0.6324,0.0232
MMR(0.7),1.83,3,0.6324,0.0233
MMR(0.7),1.84,3,0.6325,0.0235
MMR(0.7),1.85,3,0.6326,0.0235
MMR(0.7),1.86,3,0.6325,0.0237
MMR(0.7),1.87,3,0.6326,0.0236
MMR(0.7),1.88,3,0.6326,0.0236
MMR(0.7),1.89,3,0.6326,0.0238
MMR(0.7),1.9,3,0.6324,0.0235
MMR(0.7),1.91,3,0.6324,0.0235
MMR(0.7),1.92,3,0.6325,0.0236
MMR(0.7),1.93,3,0.6325,0.0233
MMR(0.7),1.94,3,0.6326,0.0235
MMR(0.7),1.95,3,0.6327,0.0238
MMR(0.7),1.96,3,0.6328,0.0236
MMR(0.7),1.97,3,0.633,0.024
MMR(0.7),1.98,3,0.633,0.024
MMR(0.7),1.99,3,0.6332,0.0243
MMR(0.7),2.0,3,0.6332,0.0244
MMR(0.7),2.01,3,0.6331,0.0243
MMR(0.7),2.02,3,0.6333,0.0245
MMR(0.7),2.03,3,0.6333,0.0245
MMR(0.7),2.04,3,0.6333,0.024
MMR(0.7),2.05,3,0.6333,0.0238
MMR(0.7),2.06,3,0.6333,0.0234
MMR(0.7),2.07,3,0.6335,0.0235
MMR(0.7),2.08,3,0.6335,0.0233
MMR(0.7),2.09,3,0.6334,0.023
MMR(0.7),2.1,3,0.6334,0.0222
MMR(0.7),2.11,3,0.6334,0.0219
MMR(0.7),2.12,3,0.6334,0.0221
MMR(0.7),2.13,3,0.6335,0.0214
MMR(0.7),2.14,3,0.6335,0.0213
MMR(0.7),2.15,3,0.6336,0.0214
MMR(0.7),2.16,3,0.6336,0.0217
MMR(0.7),2.17,3,0.6337,0.0215
MMR(0.7),2.18,3,0.6338,0.0214
MMR(0.7),2.19,3,0.6339,0.0219
MMR(0.7),2.2,3,0.6339,0.0218
MMR(0.7),2.21,3,0.6339,0.022
MMR(0.7),2.22,3,0.634,0.021
MMR(0.7),2.23,3,0.6341,0.0212
MMR(0.7),2.24,3,0.634,0.0208
MMR(0.7),2.25,3,0.6341,0.021
MMR(0.7),2.26,3,0.6341,0.0211
MMR(0.7),2.27,3,0.6342,0.0213
MMR(0.7),2.28,3,0.6342,0.0215
MMR(0.7),2.29,3,0.6342,0.0216
MMR(0.7),2.3,3,0.6342,0.0214
MMR(0.7),2.31,3,0.6341,0.0213
MMR(0.7),2.32,3,0.6341,0.0213
MMR(0.7),2.33,3,0.6341,0.0214
MMR(0.7),2.34,3,0.634,0.0212
MMR(0.7),2.35,3,0.6339,0.0219
MMR(0.7),2.36,3,0.634,0.0217
MMR(0.7),2.37,3,0.634,0.0218
MMR(0.7),2.38,3,0.6341,0.022
MMR(0.7),2.39,3,0.6339,0.0225
MMR(0.7),2.4,3,0.6339,0.0225
MMR(0.7),2.41,3,0.6339,0.0226
MMR(0.7),2.42,3,0.6341,0.0225
MMR(0.7),2.43,3,0.6339,0.0222
MMR(0.7),2.44,3,0.6339,0.0223
MMR(0.7),2.45,3,0.634,0.0223
MMR(0.7),2.46,3,0.634,0.0222
MMR(0.7),2.47,3,0.634,0.022
MMR(0.7),2.48,3,0.634,0.0219
MMR(0.7),2.49,3,0.6339,0.0222
MMR(0.7),2.5,3,0.6339,0.0222
MMR(0.7),2.51,3,0.6337,0.0219
MMR(0.7),2.52,3,0.6337,0.022
MMR(0.7),2.53,3,0.6336,0.0219
MMR(0.7),2.54,3,0.6335,0.0222
MMR(0.7),2.55,3,0.6334,0.0222
MMR(0.7),2.56,3,0.6334,0.0222
MMR(0.7),2.57,3,0.6333,0.0225
MMR(0.7),2.58,3,0.6334,0.0228
MMR(0.7),2.59,3,0.6334,0.0231
MMR(0.7),2.6,3,0.6334,0.0228
MMR(0.7),2.61,3,0.6336,0.0235
MMR(0.7),2.62,3,0.6336,0.0235
MMR(0.7),2.63,3,0.634,0.0232
MMR(0.7),2.64,3,0.634,0.0232
MMR(0.7),2.65,3,0.634,0.0234
MMR(0.7),2.66,3,0.634,0.0235
MMR(0.7),2.67,3,0.6341,0.0237
MMR(0.7),2.68,3,0.634,0.0237
MMR(0.7),2.69,3,0.634,0.0234
MMR(0.7),2.7,3,0.6342,0.0233
MMR(0.7),2.71,3,0.6342,0.0238
MMR(0.7),2.72,3,0.6343,0.023
MMR(0.7),2.73,3,0.6342,0.023
MMR(0.7),2.74,3,0.6342,0.0232
MMR(0.7),2.75,3,0.6342,0.0233
MMR(0.7),2.76,3,0.6342,0.0234
MMR(0.7),2.77,3,0.6342,0.0234
MMR(0.7),2.78,3,0.6341,0.0235
MMR(0.7),2.79,3,0.6341,0.0241
MMR(0.7),2.8,3,0.634,0.0242
MMR(0.7),2.81,3,0.6339,0.0241
MMR(0.7),2.82,3,0.6339,0.024
MMR(0.7),2.83,3,0.6336,0.0248
MMR(0.7),2.84,3,0.6335,0.025
MMR(0.7),2.85,3,0.6334,0.0255
MMR(0.7),2.86,3,0.6334,0.0257
MMR(0.7),2.87,3,0.6334,0.0259
MMR(0.7),2.88,3,0.6333,0.0263
MMR(0.7),2.89,3,0.6332,0.0266
MMR(0.7),2.9,3,0.6331,0.0266
MMR(0.7),2.91,3,0.6332,0.0268
MMR(0.7),2.92,3,0.6332,0.0264
MMR(0.7),2.93,3,0.6332,0.0263
MMR(0.7),2.94,3,0.6331,0.0267
MMR(0.7),2.95,3,0.633,0.0266
MMR(0.7),2.96,3,0.633,0.0264
MMR(0.7),2.97,3,0.6331,0.0259
MMR(0.7),2.98,3,0.6332,0.0257
MMR(0.7),2.99,3,0.6332,0.0257
MMR(0.7),3.0,3,0.6331,0.0254
MMR(0.7),3.01,3,0.6329,0.0256
MMR(0.7),3.02,3,0.6329,0.0258
MMR(0.7),3.03,3,0.6329,0.0262
MMR(0.7),3.04,3,0.6329,0.0265
MMR(0.7),3.05,3,0.6328,0.0262
MMR(0.7),3.06,3,0.6328,0.0263
MMR(0.7),3.07,3,0.6327,0.0271
MMR(0.7),3.08,3,0.6326,0.0269
MMR(0.7),3.09,3,0.6325,0.0268
MMR(0.7),3.1,3,0.6325,0.0266
MMR(0.7),3.11,3,0.6325,0.0265
MMR(0.7),3.12,3,0.6325,0.0263
MMR(0.7),3.13,3,0.6324,0.026
MMR(0.7),3.14,3,0.6325,0.026
MMR(0.7),3.15,3,0.6326,0.0264
MMR(0.7),3.16,3,0.6324,0.0264
MMR(0.7),3.17,3,0.6324,0.0262
MMR(0.7),3.18,3,0.6324,0.0261
MMR(0.7),3.19,3,0.6325,0.0264
MMR(0.7),3.2,3,0.6325,0.0261
MMR(0.7),3.21,3,0.6325,0.0259
MMR(0.7),3.22,3,0.6325,0.0262
MMR(0.7),3.23,3,0.6324,0.0266
MMR(0.7),3.24,3,0.6324,0.0267
MMR(0.7),3.25,3,0.6324,0.0269
MMR(0.7),3.26,3,0.6322,0.0273
MMR(0.7),3.27,3,0.6322,0.0274
MMR(0.7),3.28,3,0.6321,0.0273
MMR(0.7),3.29,3,0.6321,0.0274
MMR(0.7),3.3,3,0.632,0.0275
MMR(0.7),3.31,3,0.6318,0.0276
MMR(0.7),3.32,3,0.6319,0.0282
MMR(0.7),3.33,3,0.6319,0.0282
MMR(0.7),3.34,3,0.6318,0.0284
MMR(0.7),3.35,3,0.6319,0.0279
MMR(0.7),3.36,3,0.6319,0.0281
MMR(0.7),3.37,3,0.6318,0.0281
MMR(0.7),3.38,3,0.6318,0.0281
MMR(0.7),3.39,3,0.6318,0.0284
MMR(0.7),3.4,3,0.6319,0.0282
MMR(0.7),3.41,3,0.632,0.0281
MMR(0.7),3.42,3,0.6321,0.0279
MMR(0.7),3.43,3,0.6322,0.0277
MMR(0.7),3.44,3,0.6321,0.0278
MMR(0.7),3.45,3,0.6321,0.0281
MMR(0.7),3.46,3,0.6321,0.028
MMR(0.7),3.47,3,0.6321,0.028
MMR(0.7),3.48,3,0.632,0.028
MMR(0.7),3.49,3,0.6321,0.028
MMR(0.7),3.5,3,0.6322,0.0276
MMR(0.7),3.51,3,0.6321,0.0275
MMR(0.7),3.52,3,0.6321,0.0273
MMR(0.7),3.53,3,0.632,0.0267
MMR(0.7),3.54,3,0.632,0.0274
MMR(0.7),3.55,3,0.632,0.0271
MMR(0.7),3.56,3,0.632,0.027
MMR(0.7),3.57,3,0.6321,0.0267
MMR(0.7),3.58,3,0.632,0.0266
MMR(0.7),3.59,3,0.632,0.0265
MMR(0.7),3.6,3,0.6321,0.0262
MMR(0.7),3.61,3,0.632,0.0266
MMR(0.7),3.62,3,0.6321,0.0258
MMR(0.7),3.63,3,0.6321,0.0256
MMR(0.7),3.64,3,0.6321,0.0258
MMR(0.7),3.65,3,0.632,0.0257
MMR(0.7),3.66,3,0.632,0.0258
MMR(0.7),3.67,3,0.632,0.0258
MMR(0.7),3.68,3,0.6322,0.026
MMR(0.7),3.69,3,0.6322,0.0259
MMR(0.7),3.7,3,0.6325,0.0273
MMR(0.7),3.71,3,0.6326,0.0273
MMR(0.7),3.72,3,0.6324,0.0274
MMR(0.7),3.73,3,0.6323,0.0273
MMR(0.7),3.74,3,0.6321,0.0274
MMR(0.7),3.75,3,0.6322,0.027
MMR(0.7),3.76,3,0.6321,0.0269
MMR(0.7),3.77,3,0.6322,0.0272
MMR(0.7),3.78,3,0.6322,0.027
MMR(0.7),3.79,3,0.6321,0.0272
MMR(0.7),3.8,3,0.6322,0.0271
MMR(0.7),3.81,3,0.6322,0.0269
MMR(0.7),3.82,3,0.6321,0.0269
MMR(0.7),3.83,3,0.632,0.0268
MMR(0.7),3.84,3,0.632,0.0268
MMR(0.7),3.85,3,0.632,0.0271
MMR(0.7),3.86,3,0.6319,0.0272
MMR(0.7),3.87,3,0.6319,0.0269
MMR(0.7),3.88,3,0.6321,0.0269
MMR(0.7),3.89,3,0.632,0.0268
MMR(0.7),3.9,3,0.632,0.0268
MMR(0.7),3.91,3,0.6319,0.0268
MMR(0.7),3.92,3,0.6318,0.0265
MMR(0.7),3.93,3,0.6316,0.0268
MMR(0.7),3.94,3,0.6316,0.0269
MMR(0.7),3.95,3,0.6317,0.027
MMR(0.7),3.96,3,0.6316,0.0271
MMR(0.7),3.97,3,0.6316,0.0274
MMR(0.7),3.98,3,0.6314,0.0277
MMR(0.7),3.99,3,0.6314,0.0277
MMR(0.7),4.0,3,0.6313,0.0278
MMR(0.7),4.01,3,0.6311,0.0276
MMR(0.7),4.02,3,0.6311,0.0276
MMR(0.7),4.03,3,0.6311,0.0276
MMR(0.7),4.04,3,0.6311,0.0278
MMR(0.7),4.05,3,0.6312,0.0277
MMR(0.7),4.06,3,0.6311,0.0276
MMR(0.7),4.07,3,0.6311,0.0279
MMR(0.7),4.08,3,0.6311,0.0281
MMR(0.7),4.09,3,0.631,0.028
MMR(0.7),4.1,3,0.631,0.028
MMR(0.7),4.11,3,0.631,0.028
MMR(0.7),4.12,3,0.6311,0.028
MMR(0.7),4.13,3,0.6311,0.0279
MMR(0.7),4.14,3,0.6311,0.0279
MMR(0.7),4.15,3,0.6311,0.0277
MMR(0.7),4.16,3,0.6309,0.0281
MMR(0.7),4.17,3,0.6309,0.0281
MMR(0.7),4.18,3,0.6308,0.028
MMR(0.7),4.19,3,0.6308,0.0281
MMR(0.7),4.2,3,0.6308,0.0281
MMR(0.7),4.21,3,0.6308,0.0282
MMR(0.7),4.22,3,0.6308,0.0282
MMR(0.7),4.23,3,0.6309,0.0285
MMR(0.7),4.24,3,0.6309,0.0283
MMR(0.7),4.25,3,0.6309,0.0283
MMR(0.7),4.26,3,0.6309,0.0283
MMR(0.7),4.27,3,0.6308,0.0284
MMR(0.7),4.28,3,0.6308,0.0284
MMR(0.7),4.29,3,0.6308,0.0284
MMR(0.7),4.3,3,0.6308,0.0284
MMR(0.7),4.31,3,0.6308,0.0284
MMR(0.7),4.32,3,0.6309,0.0283
MMR(0.7),4.33,3,0.6309,0.0283
MMR(0.7),4.34,3,0.6309,0.0283
MMR(0.7),4.35,3,0.6309,0.0283
MMR(0.7),4.36,3,0.6309,0.0283
MMR(0.7),4.37,3,0.6309,0.0283
MMR(0.7),4.38,3,0.6312,0.0277
MMR(0.7),4.39,3,0.6311,0.0279
MMR(0.7),4.4,2,0.6338,0.1296
MMR(0.7),4.41,3,0.6311,0.0279
MMR(0.7),4.42,3,0.6311,0.0278
MMR(0.7),4.43,3,0.6311,0.0278
MMR(0.7),4.44,3,0.6311,0.0278
MMR(0.7),4.45,3,0.6311,0.0278
MMR(0.7),4.46,2,0.6247,0.014
MMR(0.7),4.47,2,0.6338,0.1296
MMR(0.7),4.48,3,0.6311,0.0278
MMR(0.7),4.51,3,0.6311,0.0278
MMR(0.7),4.52,3,0.6311,0.0278
MMR(0.7),4.54,2,0.6337,0.1296
MMR(0.7),4.55,3,0.6311,0.0278
MMR(0.7),4.56,2,0.6337,0.1296
MMR(0.7),4.57,3,0.6311,0.0278
MMR(0.7),4.58,2,0.6247,0.0146
MMR(0.7),4.6,2,0.6337,0.1296
MMR(0.7),4.61,3,0.6311,0.0278
MMR(0.9),0.99,3,0.5726,0.0179
MMR(0.9),1.0,3,0.5726,0.0179
MMR(0.9),1.01,3,0.58,0.0187
MMR(0.9),1.02,3,0.5812,0.0194
MMR(0.9),1.03,3,0.5831,0.0191
MMR(0.9),1.04,3,0.5849,0.0192
MMR(0.9),1.05,3,0.5868,0.0194
MMR(0.9),1.06,3,0.5882,0.0186
MMR(0.9),1.07,3,0.5892,0.0186
MMR(0.9),1.08,3,0.59,0.0188
MMR(0.9),1.09,3,0.5903,0.0187
MMR(0.9),1.1,3,0.5907,0.0187
MMR(0.9),1.11,3,0.5909,0.0189
MMR(0.9),1.12,3,0.591,0.019
MMR(0.9),1.13,3,0.5911,0.0192
MMR(0.9),1.14,3,0.5912,0.0192
MMR(0.9),1.15,3,0.5912,0.0192
MMR(0.9),1.16,3,0.5913,0.0193
MMR(0.9),1.17,3,0.5913,0.0192
MMR(0.9),1.18,3,0.5914,0.0192
MMR(0.9),1.19,3,0.5914,0.0193
MMR(0.9),1.2,3,0.5915,0.0191
MMR(0.9),1.21,3,0.5915,0.0191
MMR(0.9),1.22,3,0.5915,0.019
MMR(0.9),1.23,3,0.5916,0.019
MMR(0.9),1.24,3,0.5917,0.0189
MMR(0.9),1.25,3,0.5917,0.0188
MMR(0.9),1.26,3,0.5917,0.0188
MMR(0.9),1.27,3,0.5918,0.0187
MMR(0.9),1.28,3,0.5918,0.0186
MMR(0.9),1.29,3,0.5918,0.0186
MMR(0.9),1.3,3,0.5919,0.0187
MMR(0.9),1.31,3,0.5919,0.0187
MMR(0.9),1.32,3,0.5919,0.0186
MMR(0.9),1.33,3,0.592,0.0183
MMR(0.9),1.34,3,0.592,0.0184
MMR(0.9),1.35,3,0.5921,0.0185
MMR(0.9),1.36,3,0.5922,0.0188
MMR(0.9),1.37,3,0.5924,0.0188
MMR(0.9),1.38,3,0.5926,0.0187
MMR(0.9),1.39,3,0.5926,0.0185
MMR(0.9),1.4,3,0.5928,0.0184
MMR(0.9),1.41,3,0.5929,0.0183
MMR(0.9),1.42,3,0.5932,0.018
MMR(0.9),1.43,3,0.5933,0.018
MMR(0.9),1.44,3,0.5933,0.0179
MMR(0.9),1.45,3,0.5935,0.0181
MMR(0.9),1.46,3,0.5937,0.018
MMR(0.9),1.47,3,0.5937,0.0183
MMR(0.9),1.48,3,0.5939,0.0183
MMR(0.9),1.49,3,0.594,0.0183
MMR(0.9),1.5,3,0.5942,0.0182
MMR(0.9),1.51,3,0.5942,0.0183
MMR(0.9),1.52,3,0.5945,0.0184
MMR(0.9),1.53,3,0.5948,0.0184
MMR(0.9),1.54,3,0.595,0.0186
MMR(0.9),1.55,3,0.5951,0.0189
MMR(0.9),1.56,3,0.5952,0.0188
MMR(0.9),1.57,3,0.5953,0.0187
MMR(0.9),1.58,3,0.5955,0.0187
MMR(0.9),1.59,3,0.5957,0.019
MMR(0.9),1.6,3,0.596,0.0188
MMR(0.9),1.61,3,0.5961,0.0186
MMR(0.9),1.62,3,0.5964,0.0188
MMR(0.9),1.63,3,0.5967,0.0191
MMR(0.9),1.64,3,0.5969,0.0191
MMR(0.9),1.65,3,0.5971,0.0193
MMR(0.9),1.66,3,0.5973,0.0192
MMR(0.9),1.67,3,0.5974,0.0191
MMR(0.9),1.68,3,0.5978,0.019
MMR(0.9),1.69,3,0.5979,0.0192
MMR(0.9),1.7,3,0.5981,0.0195
MMR(0.9),1.71,3,0.5982,0.0195
MMR(0.9),1.72,3,0.5983,0.0197
MMR(0.9),1.73,3,0.5984,0.0195
MMR(0.9),1.74,3,0.5985,0.0198
MMR(0.9),1.75,3,0.5987,0.02
MMR(0.9),1.76,3,0.5989,0.0199
MMR(0.9),1.77,3,0.5989,0.02
MMR(0.9),1.78,3,0.599,0.0201
MMR(0.9),1.79,3,0.5991,0.0199
MMR(0.9),1.8,3,0.5992,0.0197
MMR(0.9),1.81,3,0.5993,0.0198
MMR(0.9),1.82,3,0.5994,0.02
MMR(0.9),1.83,3,0.5995,0.0199
MMR(0.9),1.84,3,0.5996,0.0199
MMR(0.9),1.85,3,0.5997,0.0199
MMR(0.9),1.86,3,0.5997,0.0201
MMR(0.9),1.87,3,0.5998,0.02
MMR(0.9),1.88,3,0.5999,0.0201
MMR(0.9),1.89,3,0.6,0.02
MMR(0.9),1.9,3,0.6,0.0203
MMR(0.9),1.91,3,0.6,0.0204
MMR(0.9),1.92,3,0.6001,0.0203
MMR(0.9),1.93,3,0.6001,0.0202
MMR(0.9),1.94,3,0.6003,0.0203
MMR(0.9),1.95,3,0.6003,0.0205
MMR(0.9),1.96,3,0.6005,0.0202
MMR(0.9),1.97,3,0.6006,0.0204
MMR(0.9),1.98,3,0.6007,0.0204
MMR(0.9),1.99,3,0.6008,0.0208
MMR(0.9),2.0,3,0.6009,0.0207
MMR(0.9),2.01,3,0.6009,0.0206
MMR(0.9),2.02,3,0.601,0.0208
MMR(0.9),2.03,3,0.6011,0.0207
MMR(0.9),2.04,3,0.6012,0.0206
MMR(0.9),2.05,3,0.6012,0.0204
MMR(0.9),2.06,3,0.6013,0.0204
MMR(0.9),2.07,3,0.6015,0.0203
MMR(0.9),2.08,3,0.6015,0.0198
MMR(0.9),2.09,3,0.6015,0.0197
MMR(0.9),2.1,3,0.6016,0.019
MMR(0.9),2.11,3,0.6017,0.0188
MMR(0.9),2.12,3,0.6018,0.0188
MMR(0.9),2.13,3,0.6019,0.0184
MMR(0.9),2.14,3,0.602,0.0185
MMR(0.9),2.15,3,0.602,0.0184
MMR(0.9),2.16,3,0.6021,0.0186
MMR(0.9),2.17,3,0.6021,0.0185
MMR(0.9),2.18,3,0.6021,0.0183
MMR(0.9),2.19,3,0.6021,0.0186
MMR(0.9),2.2,3,0.6021,0.0186
MMR(0.9),2.21,3,0.6021,0.0185
MMR(0.9),2.22,3,0.6023,0.0186
MMR(0.9),2.23,3,0.6025,0.0186
MMR(0.9),2.24,3,0.6026,0.0185
MMR(0.9),2.25,3,0.6026,0.0186
MMR(0.9),2.26,3,0.6027,0.0189
MMR(0.9),2.27,3,0.6028,0.0188
MMR(0.9),2.28,3,0.6029,0.0186
MMR(0.9),2.29,3,0.603,0.0187
MMR(0.9),2.3,3,0.603,0.0186
MMR(0.9),2.31,3,0.6032,0.0187
MMR(0.9),2.32,3,0.6033,0.0187
MMR(0.9),2.33,3,0.6033,0.0187
MMR(0.9),2.34,3,0.6034,0.0187
MMR(0.9),2.35,3,0.6035,0.0189
MMR(0.9),2.36,3,0.6035,0.0191
MMR(0.9),2.37,3,0.6036,0.019
MMR(0.9),2.38,3,0.6037,0.019
MMR(0.9),2.39,3,0.6038,0.019
MMR(0.9),2.4,3,0.6038,0.0189
MMR(0.9),2.41,3,0.604,0.0192
MMR(0.9),2.42,3,0.604,0.0191
MMR(0.9),2.43,3,0.604,0.0189
MMR(0.9),2.44,3,0.6041,0.0187
MMR(0.9),2.45,3,0.6041,0.0187
MMR(0.9),2.46,3,0.6042,0.0186
MMR(0.9),2.47,3,0.6042,0.0185
MMR(0.9),2.48,3,0.6044,0.0184
MMR(0.9),2.49,3,0.6044,0.0184
MMR(0.9),2.5,3,0.6045,0.0182
MMR(0.9),2.51,3,0.6045,0.0181
MMR(0.9),2.52,3,0.6046,0.0181
MMR(0.9),2.53,3,0.6046,0.0182
MMR(0.9),2.54,3,0.6046,0.0182
MMR(0.9),2.55,3,0.6045,0.0183
MMR(0.9),2.56,3,0.6046,0.0181
MMR(0.9),2.57,3,0.6046,0.0182
MMR(0.9),2.58,3,0.6047,0.0183
MMR(0.9),2.59,3,0.6047,0.0183
MMR(0.9),2.6,3,0.6047,0.0184
MMR(0.9),2.61,3,0.6047,0.0186
MMR(0.9),2.62,3,0.6046,0.0184
MMR(0.9),2.63,3,0.6048,0.0186
MMR(0.9),2.64,3,0.6048,0.0187
MMR(0.9),2.65,3,0.6049,0.0188
MMR(0.9),2.66,3,0.605,0.0186
MMR(0.9),2.67,3,0.6051,0.0186
MMR(0.9),2.68,3,0.6052,0.0185
MMR(0.9),2.69,3,0.6053,0.0184
MMR(0.9),2.7,3,0.6055,0.0186
MMR(0.9),2.71,3,0.6055,0.0189
MMR(0.9),2.72,3,0.6056,0.0189
MMR(0.9),2.73,3,0.6056,0.0187
MMR(0.9),2.74,3,0.6056,0.0191
MMR(0.9),2.75,3,0.6057,0.0193
MMR(0.9),2.76,3,0.6058,0.0191
MMR(0.9),2.77,3,0.6058,0.0193
MMR(0.9),2.78,3,0.6058,0.0191
MMR(0.9),2.79,3,0.6058,0.0192
MMR(0.9),2.8,3,0.6058,0.0192
MMR(0.9),2.81,3,0.6058,0.019
MMR(0.9),2.82,3,0.6058,0.019
MMR(0.9),2.83,3,0.6058,0.0189
MMR(0.9),2.84,3,0.6059,0.019
MMR(0.9),2.85,3,0.6059,0.0192
MMR(0.9),2.86,3,0.606,0.0192
MMR(0.9),2.87,3,0.606,0.0194
MMR(0.9),2.88,3,0.606,0.0194
MMR(0.9),2.89,3,0.606,0.0194
MMR(0.9),2.9,3,0.606,0.0194
MMR(0.9),2.91,3,0.6061,0.0196
MMR(0.9),2.92,3,0.6062,0.0194
MMR(0.9),2.93,3,0.6062,0.0194
MMR(0.9),2.94,3,0.6062,0.0194
MMR(0.9),2.95,3,0.6062,0.0194
MMR(0.9),2.96,3,0.6061,0.0194
MMR(0.9),2.97,3,0.6062,0.0194
MMR(0.9),2.98,3,0.6062,0.0195
MMR(0.9),2.99,3,0.6063,0.0194
MMR(0.9),3.0,3,0.6064,0.0194
MMR(0.9),3.01,3,0.6063,0.0195
MMR(0.9),3.02,3,0.6063,0.0196
MMR(0.9),3.03,3,0.6063,0.0196
MMR(0.9),3.04,3,0.6063,0.0199
MMR(0.9),3.05,3,0.6062,0.0197
MMR(0.9),3.06,3,0.6062,0.02
MMR(0.9),3.07,3,0.6063,0.0204
MMR(0.9),3.08,3,0.6063,0.0204
MMR(0.9),3.09,3,0.6063,0.0204
MMR(0.9),3.1,3,0.6063,0.0204
MMR(0.9),3.11,3,0.6064,0.0203
MMR(0.9),3.12,3,0.6064,0.0203
MMR(0.9),3.13,3,0.6064,0.0202
MMR(0.9),3.14,3,0.6064,0.0202
MMR(0.9),3.15,3,0.6065,0.0204
MMR(0.9),3.16,3,0.6066,0.0199
MMR(0.9),3.17,3,0.6067,0.0199
MMR(0.9),3.18,3,0.6067,0.0199
MMR(0.9),3.19,3,0.6068,0.0197
MMR(0.9),3.2,3,0.6068,0.0199
MMR(0.9),3.21,3,0.6068,0.0199
MMR(0.9),3.22,3,0.6069,0.0202
MMR(0.9),3.23,3,0.6068,0.0202
MMR(0.9),3.24,3,0.6068,0.0201
MMR(0.9),3.25,3,0.6068,0.0202
MMR(0.9),3.26,3,0.6068,0.0203
MMR(0.9),3.27,3,0.6068,0.0202
MMR(0.9),3.28,3,0.6068,0.0201
MMR(0.9),3.29,3,0.6068,0.0201
MMR(0.9),3.3,3,0.6068,0.0203
MMR(0.9),3.31,3,0.6066,0.0204
MMR(0.9),3.32,3,0.6067,0.0208
MMR(0.9),3.33,3,0.6068,0.0207
MMR(0.9),3.34,3,0.6067,0.0208
MMR(0.9),3.35,3,0.6068,0.0204
MMR(0.9),3.36,3,0.6068,0.0204
MMR(0.9),3.37,3,0.6067,0.0207
MMR(0.9),3.38,3,0.6067,0.0206
MMR(0.9),3.39,3,0.6068,0.0206
MMR(0.9),3.4,3,0.6069,0.0205
MMR(0.9),3.41,3,0.6069,0.0206
MMR(0.9),3.42,3,0.6069,0.0205
MMR(0.9),3.43,3,0.607,0.0205
MMR(0.9),3.44,3,0.6069,0.0205
MMR(0.9),3.45,3,0.6069,0.0207
MMR(0.9),3.46,3,0.6069,0.0204
MMR(0.9),3.47,3,0.6069,0.0206
MMR(0.9),3.48,3,0.6069,0.0206
MMR(0.9),3.49,3,0.607,0.0205
MMR(0.9),3.5,3,0.607,0.0205
MMR(0.9),3.51,3,0.607,0.0204
MMR(0.9),3.52,3,0.607,0.0204
MMR(0.9),3.53,3,0.607,0.0203
MMR(0.9),3.54,3,0.607,0.0204
MMR(0.9),3.55,3,0.607,0.0205
MMR(0.9),3.56,3,0.607,0.0205
MMR(0.9),3.57,3,0.607,0.0205
MMR(0.9),3.58,3,0.6069,0.0206
MMR(0.9),3.59,3,0.6069,0.0204
MMR(0.9),3.6,3,0.607,0.0205
MMR(0.9),3.61,3,0.607,0.0207
MMR(0.9),3.62,3,0.607,0.0202
MMR(0.9),3.63,3,0.607,0.02
MMR(0.9),3.64,3,0.607,0.02
MMR(0.9),3.65,3,0.607,0.0202
MMR(0.9),3.66,3,0.607,0.0202
MMR(0.9),3.67,3,0.607,0.02
MMR(0.9),3.68,3,0.6071,0.02
MMR(0.9),3.69,3,0.6072,0.02
MMR(0.9),3.7,3,0.6073,0.0205
MMR(0.9),3.71,3,0.6072,0.0206
MMR(0.9),3.72,3,0.6073,0.0205
MMR(0.9),3.73,3,0.6072,0.0204
MMR(0.9),3.74,3,0.6072,0.0204
MMR(0.9),3.75,3,0.6073,0.0202
MMR(0.9),3.76,3,0.6074,0.0203
MMR(0.9),3.77,3,0.6074,0.0201
MMR(0.9),3.78,3,0.6074,0.0201
MMR(0.9),3.79,3,0.6073,0.0203
MMR(0.9),3.8,3,0.6073,0.0202
MMR(0.9),3.81,3,0.6073,0.0202
MMR(0.9),3.82,3,0.6072,0.0202
MMR(0.9),3.83,3,0.6073,0.0201
MMR(0.9),3.84,3,0.6073,0.0201
MMR(0.9),3.85,3,0.6073,0.0204
MMR(0.9),3.86,3,0.6073,0.0204
MMR(0.9),3.87,3,0.6074,0.0203
MMR(0.9),3.88,3,0.6074,0.0202
MMR(0.9),3.89,3,0.6074,0.02
MMR(0.9),3.9,3,0.6073,0.0202
MMR(0.9),3.91,3,0.6073,0.0202
MMR(0.9),3.92,3,0.6073,0.0202
MMR(0.9),3.93,3,0.6073,0.0202
MMR(0.9),3.94,3,0.6073,0.0203
MMR(0.9),3.95,3,0.6074,0.0205
MMR(0.9),3.96,3,0.6073,0.0207
MMR(0.9),3.97,3,0.6073,0.0207
MMR(0.9),3.98,3,0.6071,0.0209
MMR(0.9),3.99,3,0.6071,0.0209
MMR(0.9),4.0,3,0.6071,0.0209
MMR(0.9),4.01,3,0.6069,0.0207
MMR(0.9),4.02,3,0.6069,0.0207
MMR(0.9),4.03,3,0.6069,0.0207
MMR(0.9),4.04,3,0.6069,0.0207
MMR(0.9),4.05,3,0.607,0.0205
MMR(0.9),4.06,3,0.6069,0.0204
MMR(0.9),4.07,3,0.6069,0.0204
MMR(0.9),4.08,3,0.6069,0.0204
MMR(0.9),4.09,3,0.6069,0.0204
MMR(0.9),4.1,3,0.607,0.0203
MMR(0.9),4.11,3,0.607,0.0203
MMR(0.9),4.12,3,0.607,0.0203
MMR(0.9),4.13,3,0.6069,0.0202
MMR(0.9),4.14,3,0.6069,0.0202
MMR(0.9),4.15,3,0.6069,0.0202
MMR(0.9),4.16,3,0.6069,0.0202
MMR(0.9),4.17,3,0.6069,0.0203
MMR(0.9),4.18,3,0.6069,0.0203
MMR(0.9),4.19,3,0.6069,0.0203
MMR(0.9),4.2,3,0.6069,0.0203
MMR(0.9),4.21,3,0.6069,0.0203
MMR(0.9),4.22,3,0.6069,0.0203
MMR(0.9),4.23,3,0.6069,0.0203
MMR(0.9),4.24,3,0.6069,0.0203
MMR(0.9),4.25,3,0.6069,0.0203
MMR(0.9),4.26,3,0.6069,0.0203
MMR(0.9),4.27,3,0.6068,0.0204
MMR(0.9),4.28,3,0.6068,0.0204
MMR(0.9),4.29,3,0.6068,0.0204
MMR(0.9),4.3,3,0.6068,0.0204
MMR(0.9),4.31,3,0.6068,0.0204
MMR(0.9),4.32,3,0.6068,0.0204
MMR(0.9),4.33,3,0.6068,0.0204
MMR(0.9),4.34,3,0.6068,0.0204
MMR(0.9),4.35,3,0.6068,0.0204
MMR(0.9),4.36,3,0.6068,0.0204
MMR(0.9),4.37,3,0.6068,0.0204
MMR(0.9),4.38,3,0.6068,0.0204
MMR(0.9),4.39,3,0.6068,0.0204
MMR(0.9),4.4,2,0.609,0.0928
MMR(0.9),4.41,3,0.6068,0.0204
MMR(0.9),4.42,3,0.6068,0.0204
MMR(0.9),4.43,3,0.6068,0.0204
MMR(0.9),4.44,3,0.6068,0.0204
MMR(0.9),4.45,3,0.6068,0.0204
MMR(0.9),4.46,2,0.6021,0.0051
MMR(0.9),4.47,2,0.609,0.0928
MMR(0.9),4.48,3,0.6068,0.0204
MMR(0.9),4.51,3,0.6068,0.0204
MMR(0.9),4.52,3,0.6068,0.0204
MMR(0.9),4.54,2,0.609,0.0928
MMR(0.9),4.55,3,0.6068,0.0204
MMR(0.9),4.56,2,0.609,0.0928
MMR(0.9),4.57,3,0.6068,0.0204
MMR(0.9),4.58,2,0.6021,0.0051
MMR(0.9),4.6,2,0.609,0.0928
MMR(0.9),4.61,3,0.6068,0.0204
Maxmin,0.99,3,0.5726,0.0179
Maxmin,1.0,3,0.5726,0.0179
Maxmin,1.01,3,0.5764,0.0182
Maxmin,1.02,3,0.5768,0.0182
Maxmin,1.03,3,0.5775,0.0178
Maxmin,1.04,3,0.5784,0.0175
Maxmin,1.05,3,0.579,0.017
Maxmin,1.06,3,0.5793,0.0172
Maxmin,1.07,3,0.5796,0.0172
Maxmin,1.08,3,0.5799,0.017
Maxmin,1.09,3,0.5801,0.0171
Maxmin,1.1,3,0.5802,0.0173
Maxmin,1.11,3,0.5802,0.0172
Maxmin,1.12,3,0.5802,0.0172
Maxmin,1.13,3,0.5802,0.0172
Maxmin,1.14,3,0.5802,0.0172
Maxmin,1.15,3,0.5802,0.0174
Maxmin,1.16,3,0.5802,0.0174
Maxmin,1.17,3,0.5802,0.0174
Maxmin,1.18,3,0.5801,0.0173
Maxmin,1.19,3,0.5799,0.0172
Maxmin,1.2,3,0.5799,0.0172
Maxmin,1.21,3,0.5797,0.0171
Maxmin,1.22,3,0.5795,0.0171
Maxmin,1.23,3,0.5793,0.0173
Maxmin,1.24,3,0.5791,0.0172
Maxmin,1.25,3,0.5788,0.0175
Maxmin,1.26,3,0.5787,0.0175
Maxmin,1.27,3,0.5785,0.0174
Maxmin,1.28,3,0.5783,0.0173
Maxmin,1.29,3,0.5781,0.0173
Maxmin,1.3,3,0.5778,0.0174
Maxmin,1.31,3,0.5776,0.0173
Maxmin,1.32,3,0.5773,0.0174
Maxmin,1.33,3,0.5771,0.0175
Maxmin,1.34,3,0.5767,0.0177
Maxmin,1.35,3,0.5763,0.0177
Maxmin,1.36,3,0.5757,0.0178
Maxmin,1.37,3,0.5752,0.0179
Maxmin,1.38,3,0.5746,0.0178
Maxmin,1.39,3,0.5741,0.0182
Maxmin,1.4,3,0.5736,0.0183
Maxmin,1.41,3,0.5731,0.018
Maxmin,1.42,3,0.5724,0.018
Maxmin,1.43,3,0.5719,0.0181
Maxmin,1.44,3,0.5712,0.0173
Maxmin,1.45,3,0.5705,0.0169
Maxmin,1.46,3,0.5698,0.0159
Maxmin,1.47,3,0.5696,0.0157
Maxmin,1.48,3,0.5691,0.0158
Maxmin,1.49,3,0.5686,0.0152
Maxmin,1.5,3,0.5679,0.015
Maxmin,1.51,3,0.5673,0.0142
Maxmin,1.52,3,0.5666,0.0139
Maxmin,1.53,3,0.566,0.0143
Maxmin,1.54,3,0.5651,0.0145
Maxmin,1.55,3,0.5642,0.0146
Maxmin,1.56,3,0.5633,0.0146
Maxmin,1.57,3,0.5623,0.015
Maxmin,1.58,3,0.5614,0.0151
Maxmin,1.59,3,0.5606,0.0149
Maxmin,1.6,3,0.5597,0.0144
Maxmin,1.61,3,0.5589,0.0142
Maxmin,1.62,3,0.558,0.0139
Maxmin,1.63,3,0.557,0.0129
Maxmin,1.64,3,0.5563,0.0127
Maxmin,1.65,3,0.5555,0.0119
Maxmin,1.66,3,0.5549,0.0118
Maxmin,1.67,3,0.5541,0.0118
Maxmin,1.68,3,0.5533,0.0112
Maxmin,1.69,3,0.5526,0.0112
Maxmin,1.7,3,0.5519,0.0113
Maxmin,1.71,3,0.5512,0.0105
Maxmin,1.72,3,0.5507,0.0103
Maxmin,1.73,3,0.5502,0.0101
Maxmin,1.74,3,0.5498,0.0098
Maxmin,1.75,3,0.5492,0.0097
Maxmin,1.76,3,0.5486,0.0098
Maxmin,1.77,3,0.5481,0.0099
Maxmin,1.78,3,0.5477,0.0098
Maxmin,1.79,3,0.5472,0.0101
Maxmin,1.8,3,0.5467,0.01
Maxmin,1.81,3,0.5461,0.01
Maxmin,1.82,3,0.5456,0.01
Maxmin,1.83,3,0.5452,0.0101
Maxmin,1.84,3,0.5447,0.0105
Maxmin,1.85,3,0.5443,0.0108
Maxmin,1.86,3,0.5438,0.0108
Maxmin,1.87,3,0.5431,0.0106
Maxmin,1.88,3,0.5426,0.011
Maxmin,1.89,3,0.5419,0.011
Maxmin,1.9,3,0.5412,0.0111
Maxmin,1.91,3,0.5406,0.011
Maxmin,1.92,3,0.5401,0.0106
Maxmin,1.93,3,0.5395,0.0102
Maxmin,1.94,3,0.539,0.0095
Maxmin,1.95,3,0.5382,0.0095
Maxmin,1.96,3,0.5377,0.0096
Maxmin,1.97,3,0.5373,0.0096
Maxmin,1.98,3,0.5367,0.0095
Maxmin,1.99,3,0.5361,0.0092
Maxmin,2.0,3,0.5357,0.0098
Maxmin,2.01,3,0.5351,0.0096
Maxmin,2.02,3,0.5346,0.0099
Maxmin,2.03,3,0.5342,0.0096
Maxmin,2.04,3,0.5337,0.0087
Maxmin,2.05,3,0.5331,0.008
Maxmin,2.06,3,0.5326,0.0077
Maxmin,2.07,3,0.5323,0.0077
Maxmin,2.08,3,0.532,0.0083
Maxmin,2.09,3,0.5316,0.0076
Maxmin,2.1,3,0.5308,0.0069
Maxmin,2.11,3,0.5304,0.0071
Maxmin,2.12,3,0.5298,0.0074
Maxmin,2.13,3,0.5292,0.0076
Maxmin,2.14,3,0.5288,0.0074
Maxmin,2.15,3,0.5284,0.0073
Maxmin,2.16,3,0.5279,0.0071
Maxmin,2.17,3,0.5275,0.0072
Maxmin,2.18,3,0.5271,0.0072
Maxmin,2.19,3,0.5264,0.0076
Maxmin,2.2,3,0.5258,0.0075
Maxmin,2.21,3,0.5253,0.0076
Maxmin,2.22,3,0.5245,0.0077
Maxmin,2.23,3,0.5238,0.0079
Maxmin,2.24,3,0.5234,0.0076
Maxmin,2.25,3,0.5227,0.0072
Maxmin,2.26,3,0.5221,0.0071
Maxmin,2.27,3,0.5217,0.0072
Maxmin,2.28,3,0.5212,0.0073
Maxmin,2.29,3,0.5206,0.0072
Maxmin,2.3,3,0.5198,0.0075
Maxmin,2.31,3,0.5192,0.0078
Maxmin,2.32,3,0.5184,0.0077
Maxmin,2.33,3,0.5178,0.0076
Maxmin,2.34,3,0.5171,0.0071
Maxmin,2.35,3,0.5161,0.007
Maxmin,2.36,3,0.5154,0.007
Maxmin,2.37,3,0.5149,0.007
Maxmin,2.38,3,0.5144,0.0073
Maxmin,2.39,3,0.5134,0.0079
Maxmin,2.4,3,0.5128,0.0075
Maxmin,2.41,3,0.5118,0.0078
Maxmin,2.42,3,0.5111,0.0077
Maxmin,2.43,3,0.5102,0.0072
Maxmin,2.44,3,0.5097,0.0071
Maxmin,2.45,3,0.509,0.007
Maxmin,2.46,3,0.5084,0.007
Maxmin,2.47,3,0.5079,0.0063
Maxmin,2.48,3,0.5075,0.0056
Maxmin,2.49,3,0.5065,0.0059
Maxmin,2.5,3,0.5061,0.0056
Maxmin,2.51,3,0.5053,0.0055
Maxmin,2.52,3,0.5046,0.0054
Maxmin,2.53,3,0.5037,0.0055
Maxmin,2.54,3,0.503,0.006
Maxmin,2.55,3,0.5024,0.0063
Maxmin,2.56,3,0.5017,0.0062
Maxmin,2.57,3,0.5011,0.0059
Maxmin,2.58,3,0.5005,0.0063
Maxmin,2.59,3,0.5,0.0063
Maxmin,2.6,3,0.4995,0.0058
Maxmin,2.61,3,0.4989,0.0068
Maxmin,2.62,3,0.4983,0.0071
Maxmin,2.63,3,0.4977,0.0072
Maxmin,2.64,3,0.4972,0.0072
Maxmin,2.65,3,0.4965,0.0073
Maxmin,2.66,3,0.4959,0.0078
Maxmin,2.67,3,0.4953,0.0075
Maxmin,2.68,3,0.4947,0.0074
Maxmin,2.69,3,0.4942,0.0073
Maxmin,2.7,3,0.4936,0.0078
Maxmin,2.71,3,0.4931,0.0081
Maxmin,2.72,3,0.4929,0.0082
Maxmin,2.73,3,0.4922,0.0085
Maxmin,2.74,3,0.4917,0.0084
Maxmin,2.75,3,0.4911,0.0083
Maxmin,2.76,3,0.4907,0.0079
Maxmin,2.77,3,0.4902,0.008
Maxmin,2.78,3,0.4896,0.0077
Maxmin,2.79,3,0.4889,0.0079
Maxmin,2.8,3,0.4884,0.0079
Maxmin,2.81,3,0.4877,0.0072
Maxmin,2.82,3,0.4871,0.0075
Maxmin,2.83,3,0.4862,0.0088
Maxmin,2.84,3,0.4857,0.0088
Maxmin,2.85,3,0.4853,0.0094
Maxmin,2.86,3,0.4846,0.0099
Maxmin,2.87,3,0.4841,0.0096
Maxmin,2.88,3,0.4832,0.01
Maxmin,2.89,3,0.4825,0.01
Maxmin,2.9,3,0.4817,0.0101
Maxmin,2.91,3,0.4813,0.0108
Maxmin,2.92,3,0.4808,0.0106
Maxmin,2.93,3,0.4803,0.0105
Maxmin,2.94,3,0.4796,0.0102
Maxmin,2.95,3,0.4791,0.0105
Maxmin,2.96,3,0.4785,0.0101
Maxmin,2.97,3,0.4779,0.0102
Maxmin,2.98,3,0.4772,0.0104
Maxmin,2.99,3,0.4766,0.0096
Maxmin,3.0,3,0.4759,0.0097
Maxmin,3.01,3,0.4755,0.0093
Maxmin,3.02,3,0.4749,0.009
Maxmin,3.03,3,0.4745,0.0093
Maxmin,3.04,3,0.4739,0.0086
Maxmin,3.05,3,0.4734,0.0083
Maxmin,3.06,3,0.4728,0.0091
Maxmin,3.07,3,0.4722,0.0095
Maxmin,3.08,3,0.4716,0.0098
Maxmin,3.09,3,0.471,0.0098
Maxmin,3.1,3,0.4704,0.0097
Maxmin,3.11,3,0.4702,0.0099
Maxmin,3.12,3,0.4696,0.0094
Maxmin,3.13,3,0.4694,0.0095
Maxmin,3.14,3,0.4689,0.0093
Maxmin,3.15,3,0.4684,0.0096
Maxmin,3.16,3,0.4678,0.0096
Maxmin,3.17,3,0.4674,0.0096
Maxmin,3.18,3,0.467,0.0096
Maxmin,3.19,3,0.4663,0.0104
Maxmin,3.2,3,0.4656,0.0102
Maxmin,3.21,3,0.4653,0.0102
Maxmin,3.22,3,0.4649,0.0105
Maxmin,3.23,3,0.4643,0.0109
Maxmin,3.24,3,0.4638,0.0108
Maxmin,3.25,3,0.4633,0.0111
Maxmin,3.26,3,0.4625,0.0109
Maxmin,3.27,3,0.4621,0.0113
Maxmin,3.28,3,0.4616,0.0113
Maxmin,3.29,3,0.461,0.0116
Maxmin,3.3,3,0.4605,0.0116
Maxmin,3.31,3,0.4597,0.0115
Maxmin,3.32,3,0.4596,0.0112
Maxmin,3.33,3,0.459,0.0111
Maxmin,3.34,3,0.4585,0.0109
Maxmin,3.35,3,0.458,0.0109
Maxmin,3.36,3,0.4576,0.0108
Maxmin,3.37,3,0.4568,0.0108
Maxmin,3.38,3,0.4564,0.0109
Maxmin,3.39,3,0.4559,0.0108
Maxmin,3.4,3,0.4556,0.0104
Maxmin,3.41,3,0.4552,0.0104
Maxmin,3.42,3,0.4548,0.0104
Maxmin,3.43,3,0.4545,0.0105
Maxmin,3.44,3,0.4541,0.0104
Maxmin,3.45,3,0.4538,0.01
Maxmin,3.46,3,0.4535,0.0095
Maxmin,3.47,3,0.4531,0.0096
Maxmin,3.48,3,0.4529,0.009
Maxmin,3.49,3,0.4526,0.0091
Maxmin,3.5,3,0.4522,0.0093
Maxmin,3.51,3,0.4518,0.0098
Maxmin,3.52,3,0.4515,0.0095
Maxmin,3.53,3,0.451,0.0093
Maxmin,3.54,3,0.4507,0.0096
Maxmin,3.55,3,0.4504,0.0101
Maxmin,3.56,3,0.4502,0.0102
Maxmin,3.57,3,0.45,0.0097
Maxmin,3.58,3,0.4497,0.0098
Maxmin,3.59,3,0.4495,0.0098
Maxmin,3.6,3,0.4493,0.0098
Maxmin,3.61,3,0.449,0.0094
Maxmin,3.62,3,0.4487,0.0091
Maxmin,3.63,3,0.4485,0.0091
Maxmin,3.64,3,0.4482,0.0084
Maxmin,3.65,3,0.4478,0.0085
Maxmin,3.66,3,0.4476,0.0084
Maxmin,3.67,3,0.4474,0.0091
Maxmin,3.68,3,0.4472,0.0093
Maxmin,3.69,3,0.447,0.0093
Maxmin,3.7,3,0.4467,0.009
Maxmin,3.71,3,0.4466,0.009
Maxmin,3.72,3,0.4462,0.0088
Maxmin,3.73,3,0.4458,0.0087
Maxmin,3.74,3,0.4456,0.0092
Maxmin,3.75,3,0.4455,0.0091
Maxmin,3.76,3,0.4452,0.0091
Maxmin,3.77,3,0.4449,0.0091
Maxmin,3.78,3,0.4447,0.0092
Maxmin,3.79,3,0.4444,0.0091
Maxmin,3.8,3,0.4441,0.0086
Maxmin,3.81,3,0.4439,0.0087
Maxmin,3.82,3,0.4437,0.0087
Maxmin,3.83,3,0.4434,0.0083
Maxmin,3.84,3,0.4432,0.0082
Maxmin,3.85,3,0.4429,0.0083
Maxmin,3.86,3,0.4427,0.0081
Maxmin,3.87,3,0.4426,0.0083
Maxmin,3.88,3,0.4425,0.0078
Maxmin,3.89,3,0.4423,0.0078
Maxmin,3.9,3,0.442,0.0084
Maxmin,3.91,3,0.4418,0.0085
Maxmin,3.92,3,0.4416,0.0083
Maxmin,3.93,3,0.4412,0.0091
Maxmin,3.94,3,0.441,0.0094
Maxmin,3.95,3,0.4408,0.0091
Maxmin,3.96,3,0.4405,0.0095
Maxmin,3.97,3,0.4404,0.0093
Maxmin,3.98,3,0.4399,0.0088
Maxmin,3.99,3,0.4398,0.0087
Maxmin,4.0,3,0.4397,0.0086
Maxmin,4.01,3,0.4395,0.0083
Maxmin,4.02,3,0.4393,0.0085
Maxmin,4.03,3,0.4392,0.0086
Maxmin,4.04,3,0.4391,0.0085
Maxmin,4.05,3,0.4389,0.0086
Maxmin,4.06,3,0.4387,0.0085
Maxmin,4.07,3,0.4385,0.0087
Maxmin,4.08,3,0.4383,0.0087
Maxmin,4.09,3,0.4382,0.0089
Maxmin,4.1,3,0.438,0.0091
Maxmin,4.11,3,0.4379,0.009
Maxmin,4.12,3,0.4378,0.009
Maxmin,4.13,3,0.4376,0.0089
Maxmin,4.14,3,0.4375,0.0092
Maxmin,4.15,3,0.4374,0.0093
Maxmin,4.16,3,0.4372,0.0094
Maxmin,4.17,3,0.4371,0.0092
Maxmin,4.18,3,0.4367,0.0093
Maxmin,4.19,3,0.4365,0.0092
Maxmin,4.2,3,0.4364,0.0092
Maxmin,4.21,3,0.4364,0.0092
Maxmin,4.22,3,0.4362,0.0091
Maxmin,4.23,3,0.4362,0.009
Maxmin,4.24,3,0.4359,0.0095
Maxmin,4.25,3,0.4359,0.0095
Maxmin,4.26,3,0.4358,0.0095
Maxmin,4.27,3,0.4357,0.0097
Maxmin,4.28,3,0.4357,0.0096
Maxmin,4.29,3,0.4355,0.0095
Maxmin,4.3,3,0.4354,0.0097
Maxmin,4.31,3,0.4353,0.0098
Maxmin,4.32,3,0.4352,0.0098
Maxmin,4.33,3,0.4352,0.0098
Maxmin,4.34,3,0.4352,0.0098
Maxmin,4.35,3,0.435,0.0098
Maxmin,4.36,3,0.4351,0.0098
Maxmin,4.37,3,0.435,0.01
Maxmin,4.38,3,0.435,0.01
Maxmin,4.39,3,0.435,0.0098
Maxmin,4.4,2,0.4373,0.0032
Maxmin,4.41,3,0.4349,0.0098
Maxmin,4.42,3,0.4349,0.0098
Maxmin,4.43,3,0.4349,0.0098
Maxmin,4.44,3,0.4349,0.0099
Maxmin,4.45,3,0.4349,0.0099
Maxmin,4.46,2,0.4335,0.0426
Maxmin,4.47,2,0.4372,0.0038
Maxmin,4.48,3,0.4349,0.0101
Maxmin,4.51,3,0.4347,0.0104
Maxmin,4.52,3,0.4347,0.0103
Maxmin,4.54,2,0.4369,0.0038
Maxmin,4.55,3,0.4346,0.0101
Maxmin,4.56,2,0.4369,0.0038
Maxmin,4.57,3,0.4346,0.0101
Maxmin,4.58,2,0.4333,0.0426
Maxmin,4.6,2,0.4369,0.0038
Maxmin,4.61,3,0.4345,0.01
Greedy-DPP,0.99,3,0.5726,0.0179
Greedy-DPP,1.0,3,0.5726,0.0179
Greedy-DPP,1.01,3,0.5938,0.0209
Greedy-DPP,1.02,3,0.5978,0.022
Greedy-DPP,1.03,3,0.6037,0.0215
Greedy-DPP,1.04,3,0.6095,0.0209
Greedy-DPP,1.05,3,0.6148,0.022
Greedy-DPP,1.06,3,0.6191,0.0216
Greedy-DPP,1.07,3,0.6224,0.0217
Greedy-DPP,1.08,3,0.6247,0.0222
Greedy-DPP,1.09,3,0.6259,0.0219
Greedy-DPP,1.1,3,0.627,0.0222
Greedy-DPP,1.11,3,0.6278,0.0227
Greedy-DPP,1.12,3,0.6282,0.0227
Greedy-DPP,1.13,3,0.6286,0.0227
Greedy-DPP,1.14,3,0.6288,0.0229
Greedy-DPP,1.15,3,0.6289,0.0229
Greedy-DPP,1.16,3,0.629,0.0232
Greedy-DPP,1.17,3,0.6291,0.0231
Greedy-DPP,1.18,3,0.6291,0.0227
Greedy-DPP,1.19,3,0.6291,0.023
Greedy-DPP,1.2,3,0.6292,0.0229
Greedy-DPP,1.21,3,0.629,0.0227
Greedy-DPP,1.22,3,0.6291,0.0224
Greedy-DPP,1.23,3,0.629,0.0224
Greedy-DPP,1.24,3,0.6289,0.0222
Greedy-DPP,1.25,3,0.6288,0.0224
Greedy-DPP,1.26,3,0.6288,0.0222
Greedy-DPP,1.27,3,0.6288,0.0222
Greedy-DPP,1.28,3,0.6289,0.0222
Greedy-DPP,1.29,3,0.6289,0.0224
Greedy-DPP,1.3,3,0.6289,0.0224
Greedy-DPP,1.31,3,0.629,0.0224
Greedy-DPP,1.32,3,0.629,0.0225
Greedy-DPP,1.33,3,0.629,0.0223
Greedy-DPP,1.34,3,0.6289,0.0226
Greedy-DPP,1.35,3,0.6289,0.023
Greedy-DPP,1.36,3,0.6288,0.0227
Greedy-DPP,1.37,3,0.6289,0.0225
Greedy-DPP,1.38,3,0.629,0.0224
Greedy-DPP,1.39,3,0.629,0.0225
Greedy-DPP,1.4,3,0.629,0.0228
Greedy-DPP,1.41,3,0.6291,0.0231
Greedy-DPP,1.42,3,0.6291,0.0233
Greedy-DPP,1.43,3,0.6292,0.0233
Greedy-DPP,1.44,3,0.6292,0.0233
Greedy-DPP,1.45,3,0.6295,0.0232
Greedy-DPP,1.46,3,0.6296,0.023
Greedy-DPP,1.47,3,0.6298,0.023
Greedy-DPP,1.48,3,0.6299,0.0231
Greedy-DPP,1.49,3,0.6301,0.0229
Greedy-DPP,1.5,3,0.6302,0.0227
Greedy-DPP,1.51,3,0.6304,0.0226
Greedy-DPP,1.52,3,0.6307,0.0228
Greedy-DPP,1.53,3,0.631,0.0232
Greedy-DPP,1.54,3,0.6312,0.0229
Greedy-DPP,1.55,3,0.6314,0.0231
Greedy-DPP,1.56,3,0.6315,0.0226
Greedy-DPP,1.57,3,0.6318,0.0227
Greedy-DPP,1.58,3,0.6321,0.0224
Greedy-DPP,1.59,3,0.6325,0.023
Greedy-DPP,1.6,3,0.6329,0.0225
Greedy-DPP,1.61,3,0.6332,0.0223
Greedy-DPP,1.62,3,0.6336,0.0226
Greedy-DPP,1.63,3,0.634,0.0226
Greedy-DPP,1.64,3,0.6342,0.0223
Greedy-DPP,1.65,3,0.6346,0.0226
Greedy-DPP,1.66,3,0.6349,0.0225
Greedy-DPP,1.67,3,0.6351,0.0226
Greedy-DPP,1.68,3,0.6353,0.0225
Greedy-DPP,1.69,3,0.6353,0.023
Greedy-DPP,1.7,3,0.6356,0.0232
Greedy-DPP,1.71,3,0.6356,0.0227
Greedy-DPP,1.72,3,0.6357,0.0227
Greedy-DPP,1.73,3,0.6357,0.0225
Greedy-DPP,1.74,3,0.6357,0.0224
Greedy-DPP,1.75,3,0.6359,0.0228
Greedy-DPP,1.76,3,0.6361,0.0227
Greedy-DPP,1.77,3,0.636,0.0228
Greedy-DPP,1.78,3,0.636,0.0229
Greedy-DPP,1.79,3,0.636,0.0229
Greedy-DPP,1.8,3,0.6362,0.0223
Greedy-DPP,1.81,3,0.6362,0.0224
Greedy-DPP,1.82,3,0.6363,0.0228
Greedy-DPP,1.83,3,0.6364,0.0228
Greedy-DPP,1.84,3,0.6364,0.0233
Greedy-DPP,1.85,3,0.6365,0.0234
Greedy-DPP,1.86,3,0.6365,0.0236
Greedy-DPP,1.87,3,0.6364,0.0233
Greedy-DPP,1.88,3,0.6364,0.0233
Greedy-DPP,1.89,3,0.6363,0.0235
Greedy-DPP,1.9,3,0.6361,0.0232
Greedy-DPP,1.91,3,0.636,0.0234
Greedy-DPP,1.92,3,0.636,0.0232
Greedy-DPP,1.93,3,0.636,0.0229
Greedy-DPP,1.94,3,0.636,0.0228
Greedy-DPP,1.95,3,0.6361,0.0227
Greedy-DPP,1.96,3,0.6362,0.0225
Greedy-DPP,1.97,3,0.6363,0.0229
Greedy-DPP,1.98,3,0.6363,0.0227
Greedy-DPP,1.99,3,0.6363,0.0231
Greedy-DPP,2.0,3,0.6364,0.0229
Greedy-DPP,2.01,3,0.6362,0.023
Greedy-DPP,2.02,3,0.6363,0.0229
Greedy-DPP,2.03,3,0.6363,0.0228
Greedy-DPP,2.04,3,0.6362,0.0223
Greedy-DPP,2.05,3,0.6361,0.0219
Greedy-DPP,2.06,3,0.6361,0.0213
Greedy-DPP,2.07,3,0.6361,0.021
Greedy-DPP,2.08,3,0.6362,0.0208
Greedy-DPP,2.09,3,0.6361,0.0205
Greedy-DPP,2.1,3,0.6361,0.0199
Greedy-DPP,2.11,3,0.6361,0.0196
Greedy-DPP,2.12,3,0.6361,0.0196
Greedy-DPP,2.13,3,0.6361,0.019
Greedy-DPP,2.14,3,0.636,0.0189
Greedy-DPP,2.15,3,0.6361,0.019
Greedy-DPP,2.16,3,0.636,0.0193
Greedy-DPP,2.17,3,0.6361,0.0194
Greedy-DPP,2.18,3,0.6361,0.0193
Greedy-DPP,2.19,3,0.6362,0.0197
Greedy-DPP,2.2,3,0.636,0.0197
Greedy-DPP,2.21,3,0.6359,0.0197
Greedy-DPP,2.22,3,0.636,0.019
Greedy-DPP,2.23,3,0.636,0.0192
Greedy-DPP,2.24,3,0.636,0.0188
Greedy-DPP,2.25,3,0.6359,0.0189
Greedy-DPP,2.26,3,0.6359,0.0191
Greedy-DPP,2.27,3,0.636,0.019
Greedy-DPP,2.28,3,0.6359,0.0192
Greedy-DPP,2.29,3,0.6358,0.0192
Greedy-DPP,2.3,3,0.6357,0.0189
Greedy-DPP,2.31,3,0.6357,0.019
Greedy-DPP,2.32,3,0.6357,0.019
Greedy-DPP,2.33,3,0.6356,0.0189
Greedy-DPP,2.34,3,0.6357,0.0186
Greedy-DPP,2.35,3,0.6354,0.0195
Greedy-DPP,2.36,3,0.6355,0.0192
Greedy-DPP,2.37,3,0.6355,0.0194
Greedy-DPP,2.38,3,0.6355,0.0195
Greedy-DPP,2.39,3,0.6355,0.0194
Greedy-DPP,2.4,3,0.6355,0.0195
Greedy-DPP,2.41,3,0.6355,0.0192
Greedy-DPP,2.42,3,0.6355,0.0193
Greedy-DPP,2.43,3,0.6353,0.0192
Greedy-DPP,2.44,3,0.6353,0.019
Greedy-DPP,2.45,3,0.6351,0.0191
Greedy-DPP,2.46,3,0.6351,0.0191
Greedy-DPP,2.47,3,0.6352,0.0186
Greedy-DPP,2.48,3,0.6351,0.0186
Greedy-DPP,2.49,3,0.635,0.0191
Greedy-DPP,2.5,3,0.6349,0.0189
Greedy-DPP,2.51,3,0.6347,0.0187
Greedy-DPP,2.52,3,0.6347,0.0186
Greedy-DPP,2.53,3,0.6345,0.0181
Greedy-DPP,2.54,3,0.6343,0.0184
Greedy-DPP,2.55,3,0.6342,0.0182
Greedy-DPP,2.56,3,0.6341,0.0183
Greedy-DPP,2.57,3,0.634,0.0185
Greedy-DPP,2.58,3,0.6341,0.0187
Greedy-DPP,2.59,3,0.6341,0.0186
Greedy-DPP,2.6,3,0.634,0.0181
Greedy-DPP,2.61,3,0.6341,0.0188
Greedy-DPP,2.62,3,0.6341,0.0186
Greedy-DPP,2.63,3,0.6344,0.0183
Greedy-DPP,2.64,3,0.6344,0.0183
Greedy-DPP,2.65,3,0.6343,0.0188
Greedy-DPP,2.66,3,0.6343,0.0187
Greedy-DPP,2.67,3,0.6343,0.019
Greedy-DPP,2.68,3,0.6343,0.0188
Greedy-DPP,2.69,3,0.6341,0.0186
Greedy-DPP,2.7,3,0.6343,0.0185
Greedy-DPP,2.71,3,0.6343,0.0186
Greedy-DPP,2.72,3,0.6343,0.0185
Greedy-DPP,2.73,3,0.6342,0.0181
Greedy-DPP,2.74,3,0.634,0.0179
Greedy-DPP,2.75,3,0.6339,0.018
Greedy-DPP,2.76,3,0.6338,0.018
Greedy-DPP,2.77,3,0.6338,0.0179
Greedy-DPP,2.78,3,0.6337,0.0179
Greedy-DPP,2.79,3,0.6335,0.0185
Greedy-DPP,2.8,3,0.6335,0.0184
Greedy-DPP,2.81,3,0.6333,0.0183
Greedy-DPP,2.82,3,0.6333,0.0182
Greedy-DPP,2.83,3,0.6329,0.019
Greedy-DPP,2.84,3,0.6329,0.0191
Greedy-DPP,2.85,3,0.6328,0.0195
Greedy-DPP,2.86,3,0.6328,0.0194
Greedy-DPP,2.87,3,0.6328,0.0197
Greedy-DPP,2.88,3,0.6327,0.0198
Greedy-DPP,2.89,3,0.6327,0.0201
Greedy-DPP,2.9,3,0.6326,0.0204
Greedy-DPP,2.91,3,0.6327,0.0206
Greedy-DPP,2.92,3,0.6326,0.0204
Greedy-DPP,2.93,3,0.6326,0.0202
Greedy-DPP,2.94,3,0.6325,0.0205
Greedy-DPP,2.95,3,0.6324,0.0208
Greedy-DPP,2.96,3,0.6322,0.0204
Greedy-DPP,2.97,3,0.6322,0.0199
Greedy-DPP,2.98,3,0.6321,0.0199
Greedy-DPP,2.99,3,0.632,0.0197
Greedy-DPP,3.0,3,0.6319,0.0194
Greedy-DPP,3.01,3,0.6316,0.0198
Greedy-DPP,3.02,3,0.6315,0.0198
Greedy-DPP,3.03,3,0.6315,0.0202
Greedy-DPP,3.04,3,0.6313,0.0202
Greedy-DPP,3.05,3,0.6314,0.02
Greedy-DPP,3.06,3,0.6314,0.0202
Greedy-DPP,3.07,3,0.6315,0.0207
Greedy-DPP,3.08,3,0.6315,0.0205
Greedy-DPP,3.09,3,0.6314,0.0205
Greedy-DPP,3.1,3,0.6313,0.0203
Greedy-DPP,3.11,3,0.6313,0.0202
Greedy-DPP,3.12,3,0.6313,0.0201
Greedy-DPP,3.13,3,0.6313,0.0199
Greedy-DPP,3.14,3,0.6313,0.0197
Greedy-DPP,3.15,3,0.6313,0.02
Greedy-DPP,3.16,3,0.6312,0.0198
Greedy-DPP,3.17,3,0.6314,0.0194
Greedy-DPP,3.18,3,0.6313,0.0194
Greedy-DPP,3.19,3,0.6315,0.0194
Greedy-DPP,3.2,3,0.6315,0.0191
Greedy-DPP,3.21,3,0.6315,0.0189
Greedy-DPP,3.22,3,0.6315,0.0192
Greedy-DPP,3.23,3,0.6315,0.0192
Greedy-DPP,3.24,3,0.6315,0.0191
Greedy-DPP,3.25,3,0.6315,0.0191
Greedy-DPP,3.26,3,0.6314,0.0197
Greedy-DPP,3.27,3,0.6313,0.0198
Greedy-DPP,3.28,3,0.6312,0.0197
Greedy-DPP,3.29,3,0.6311,0.0197
Greedy-DPP,3.3,3,0.6311,0.0201
Greedy-DPP,3.31,3,0.6308,0.0204
Greedy-DPP,3.32,3,0.631,0.0208
Greedy-DPP,3.33,3,0.631,0.0208
Greedy-DPP,3.34,3,0.6309,0.021
Greedy-DPP,3.35,3,0.6309,0.0204
Greedy-DPP,3.36,3,0.6309,0.0204
Greedy-DPP,3.37,3,0.6307,0.0206
Greedy-DPP,3.38,3,0.6307,0.0206
Greedy-DPP,3.39,3,0.6307,0.0206
Greedy-DPP,3.4,3,0.6308,0.0204
Greedy-DPP,3.41,3,0.6308,0.0204
Greedy-DPP,3.42,3,0.6309,0.0201
Greedy-DPP,3.43,3,0.6308,0.0199
Greedy-DPP,3.44,3,0.6307,0.0199
Greedy-DPP,3.45,3,0.6308,0.0202
Greedy-DPP,3.46,3,0.6307,0.0199
Greedy-DPP,3.47,3,0.6307,0.0199
Greedy-DPP,3.48,3,0.6306,0.0199
Greedy-DPP,3.49,3,0.6307,0.0199
Greedy-DPP,3.5,3,0.6307,0.0199
Greedy-DPP,3.51,3,0.6307,0.0197
Greedy-DPP,3.52,3,0.6308,0.0199
Greedy-DPP,3.53,3,0.6307,0.0194
Greedy-DPP,3.54,3,0.6308,0.0201
Greedy-DPP,3.55,3,0.6307,0.0202
Greedy-DPP,3.56,3,0.6307,0.0202
Greedy-DPP,3.57,3,0.6308,0.02
Greedy-DPP,3.58,3,0.6307,0.02
Greedy-DPP,3.59,3,0.6307,0.0199
Greedy-DPP,3.6,3,0.6307,0.0197
Greedy-DPP,3.61,3,0.6308,0.0201
Greedy-DPP,3.62,3,0.6307,0.0195
Greedy-DPP,3.63,3,0.6307,0.0192
Greedy-DPP,3.64,3,0.6306,0.0191
Greedy-DPP,3.65,3,0.6307,0.0192
Greedy-DPP,3.66,3,0.6307,0.0194
Greedy-DPP,3.67,3,0.6306,0.0194
Greedy-DPP,3.68,3,0.6307,0.0195
Greedy-DPP,3.69,3,0.6308,0.0195
Greedy-DPP,3.7,3,0.6311,0.0209
Greedy-DPP,3.71,3,0.6311,0.0211
Greedy-DPP,3.72,3,0.631,0.0211
Greedy-DPP,3.73,3,0.6308,0.0212
Greedy-DPP,3.74,3,0.6307,0.0211
Greedy-DPP,3.75,3,0.6308,0.0208
Greedy-DPP,3.76,3,0.6308,0.0207
Greedy-DPP,3.77,3,0.6308,0.0207
Greedy-DPP,3.78,3,0.6308,0.0204
Greedy-DPP,3.79,3,0.6307,0.0207
Greedy-DPP,3.8,3,0.6307,0.0204
Greedy-DPP,3.81,3,0.6307,0.0204
Greedy-DPP,3.82,3,0.6306,0.0204
Greedy-DPP,3.83,3,0.6305,0.0204
Greedy-DPP,3.84,3,0.6305,0.0204
Greedy-DPP,3.85,3,0.6306,0.0207
Greedy-DPP,3.86,3,0.6305,0.0207
Greedy-DPP,3.87,3,0.6305,0.0204
Greedy-DPP,3.88,3,0.6308,0.0202
Greedy-DPP,3.89,3,0.6308,0.0199
Greedy-DPP,3.9,3,0.6307,0.0199
Greedy-DPP,3.91,3,0.6307,0.0199
Greedy-DPP,3.92,3,0.6307,0.0199
Greedy-DPP,3.93,3,0.6305,0.0202
Greedy-DPP,3.94,3,0.6305,0.0202
Greedy-DPP,3.95,3,0.6306,0.0203
Greedy-DPP,3.96,3,0.6305,0.0205
Greedy-DPP,3.97,3,0.6305,0.0206
Greedy-DPP,3.98,3,0.6303,0.0209
Greedy-DPP,3.99,3,0.6303,0.0209
Greedy-DPP,4.0,3,0.6303,0.0209
Greedy-DPP,4.01,3,0.6301,0.0207
Greedy-DPP,4.02,3,0.6301,0.0207
Greedy-DPP,4.03,3,0.6301,0.0207
Greedy-DPP,4.04,3,0.6301,0.0208
Greedy-DPP,4.05,3,0.6301,0.0208
Greedy-DPP,4.06,3,0.6301,0.0208
Greedy-DPP,4.07,3,0.6301,0.0208
Greedy-DPP,4.08,3,0.6301,0.0208
Greedy-DPP,4.09,3,0.6301,0.0208
Greedy-DPP,4.1,3,0.6301,0.0208
Greedy-DPP,4.11,3,0.6301,0.0207
Greedy-DPP,4.12,3,0.6302,0.0207
Greedy-DPP,4.13,3,0.6301,0.0207
Greedy-DPP,4.14,3,0.6301,0.0207
Greedy-DPP,4.15,3,0.6301,0.0204
Greedy-DPP,4.16,3,0.6299,0.0208
Greedy-DPP,4.17,3,0.6299,0.0209
Greedy-DPP,4.18,3,0.6299,0.0209
Greedy-DPP,4.19,3,0.6299,0.021
Greedy-DPP,4.2,3,0.6298,0.021
Greedy-DPP,4.21,3,0.6298,0.021
Greedy-DPP,4.22,3,0.6298,0.0209
Greedy-DPP,4.23,3,0.6298,0.021
Greedy-DPP,4.24,3,0.6298,0.0208
Greedy-DPP,4.25,3,0.6298,0.0208
Greedy-DPP,4.26,3,0.6298,0.0208
Greedy-DPP,4.27,3,0.6298,0.0209
Greedy-DPP,4.28,3,0.6298,0.0209
Greedy-DPP,4.29,3,0.6298,0.0209
Greedy-DPP,4.3,3,0.6298,0.0209
Greedy-DPP,4.31,3,0.6298,0.0209
Greedy-DPP,4.32,3,0.6298,0.0209
Greedy-DPP,4.33,3,0.6298,0.0209
Greedy-DPP,4.34,3,0.6298,0.0209
Greedy-DPP,4.35,3,0.6298,0.0209
Greedy-DPP,4.36,3,0.6298,0.0208
Greedy-DPP,4.37,3,0.6298,0.0208
Greedy-DPP,4.38,3,0.6298,0.0208
Greedy-DPP,4.39,3,0.6298,0.0209
Greedy-DPP,4.4,2,0.6323,0.0915
Greedy-DPP,4.41,3,0.6298,0.0209
Greedy-DPP,4.42,3,0.6298,0.0209
Greedy-DPP,4.43,3,0.6298,0.0209
Greedy-DPP,4.44,3,0.6298,0.0209
Greedy-DPP,4.45,3,0.6298,0.0209
Greedy-DPP,4.46,2,0.625,0.0019
Greedy-DPP,4.47,2,0.6323,0.0915
Greedy-DPP,4.48,3,0.6298,0.0209
Greedy-DPP,4.51,3,0.6298,0.0208
Greedy-DPP,4.52,3,0.6298,0.0208
Greedy-DPP,4.54,2,0.6322,0.0921
Greedy-DPP,4.55,3,0.6298,0.0209
Greedy-DPP,4.56,2,0.6322,0.0921
Greedy-DPP,4.57,3,0.6298,0.0209
Greedy-DPP,4.58,2,0.625,0.0006
Greedy-DPP,4.6,2,0.6322,0.0921
Greedy-DPP,4.61,3,0.6298,0.0209
RNG(-0.3),0.99,3,0.5726,0.0179
RNG(-0.3),1.0,3,0.5726,0.0179
RNG(-0.3),1.01,3,0.5731,0.018
RNG(-0.3),1.02,3,0.5743,0.0186
RNG(-0.3),1.03,3,0.5769,0.0181
RNG(-0.3),1.04,3,0.5792,0.0184
RNG(-0.3),1.05,3,0.5817,0.0191
RNG(-0.3),1.06,3,0.5838,0.0191
RNG(-0.3),1.07,3,0.5852,0.0191
RNG(-0.3),1.08,3,0.5863,0.0192
RNG(-0.3),1.09,3,0.587,0.0191
RNG(-0.3),1.1,3,0.5875,0.0193
RNG(-0.3),1.11,3,0.5879,0.0194
RNG(-0.3),1.12,3,0.5882,0.02
RNG(-0.3),1.13,3,0.5884,0.0201
RNG(-0.3),1.14,3,0.5885,0.0203
RNG(-0.3),1.15,3,0.5886,0.0203
RNG(-0.3),1.16,3,0.5886,0.0204
RNG(-0.3),1.17,3,0.5887,0.0202
RNG(-0.3),1.18,3,0.5888,0.0203
RNG(-0.3),1.19,3,0.5888,0.0203
RNG(-0.3),1.2,3,0.5888,0.0204
RNG(-0.3),1.21,3,0.5888,0.0204
RNG(-0.3),1.22,3,0.5888,0.0204
RNG(-0.3),1.23,3,0.5888,0.0204
RNG(-0.3),1.24,3,0.5889,0.0203
RNG(-0.3),1.25,3,0.5889,0.0203
RNG(-0.3),1.26,3,0.5889,0.0203
RNG(-0.3),1.27,3,0.5889,0.0202
RNG(-0.3),1.28,3,0.589,0.0203
RNG(-0.3),1.29,3,0.589,0.0203
RNG(-0.3),1.3,3,0.589,0.0203
RNG(-0.3),1.31,3,0.589,0.0203
RNG(-0.3),1.32,3,0.5891,0.0201
RNG(-0.3),1.33,3,0.5891,0.0201
RNG(-0.3),1.34,3,0.5891,0.0203
RNG(-0.3),1.35,3,0.5892,0.0204
RNG(-0.3),1.36,3,0.5892,0.0204
RNG(-0.3),1.37,3,0.5893,0.0204
RNG(-0.3),1.38,3,0.5894,0.0204
RNG(-0.3),1.39,3,0.5894,0.0202
RNG(-0.3),1.4,3,0.5895,0.0202
RNG(-0.3),1.41,3,0.5897,0.0201
RNG(-0.3),1.42,3,0.5898,0.0201
RNG(-0.3),1.43,3,0.5898,0.0199
RNG(-0.3),1.44,3,0.5899,0.0198
RNG(-0.3),1.45,3,0.59,0.0199
RNG(-0.3),1.46,3,0.59,0.0199
RNG(-0.3),1.47,3,0.59,0.0199
RNG(-0.3),1.48,3,0.59,0.02
RNG(-0.3),1.49,3,0.5901,0.02
RNG(-0.3),1.5,3,0.5903,0.02
RNG(-0.3),1.51,3,0.5903,0.0202
RNG(-0.3),1.52,3,0.5905,0.0201
RNG(-0.3),1.53,3,0.5908,0.0205
RNG(-0.3),1.54,3,0.591,0.0201
RNG(-0.3),1.55,3,0.5912,0.0202
RNG(-0.3),1.56,3,0.5913,0.0203
RNG(-0.3),1.57,3,0.5915,0.0206
RNG(-0.3),1.58,3,0.5916,0.0207
RNG(-0.3),1.59,3,0.5917,0.0209
RNG(-0.3),1.6,3,0.5919,0.0208
RNG(-0.3),1.61,3,0.592,0.0208
RNG(-0.3),1.62,3,0.5922,0.0209
RNG(-0.3),1.63,3,0.5924,0.0209
RNG(-0.3),1.64,3,0.5927,0.0208
RNG(-0.3),1.65,3,0.5929,0.0209
RNG(-0.3),1.66,3,0.5931,0.0207
RNG(-0.3),1.67,3,0.5933,0.0207
RNG(-0.3),1.68,3,0.5936,0.0206
RNG(-0.3),1.69,3,0.5939,0.0212
RNG(-0.3),1.7,3,0.5941,0.0214
RNG(-0.3),1.71,3,0.5941,0.0212
RNG(-0.3),1.72,3,0.5942,0.0212
RNG(-0.3),1.73,3,0.5943,0.0211
RNG(-0.3),1.74,3,0.5944,0.021
RNG(-0.3),1.75,3,0.5945,0.0212
RNG(-0.3),1.76,3,0.5945,0.0214
RNG(-0.3),1.77,3,0.5945,0.0213
RNG(-0.3),1.78,3,0.5946,0.0216
RNG(-0.3),1.79,3,0.5947,0.0216
RNG(-0.3),1.8,3,0.5948,0.0216
RNG(-0.3),1.81,3,0.5949,0.0216
RNG(-0.3),1.82,3,0.595,0.0219
RNG(-0.3),1.83,3,0.595,0.022
RNG(-0.3),1.84,3,0.595,0.0219
RNG(-0.3),1.85,3,0.5951,0.022
RNG(-0.3),1.86,3,0.5951,0.0219
RNG(-0.3),1.87,3,0.5951,0.0218
RNG(-0.3),1.88,3,0.5952,0.022
RNG(-0.3),1.89,3,0.5953,0.0217
RNG(-0.3),1.9,3,0.5953,0.0217
RNG(-0.3),1.91,3,0.5953,0.0217
RNG(-0.3),1.92,3,0.5954,0.0218
RNG(-0.3),1.93,3,0.5954,0.0218
RNG(-0.3),1.94,3,0.5955,0.0217
RNG(-0.3),1.95,3,0.5956,0.0219
RNG(-0.3),1.96,3,0.5956,0.0218
RNG(-0.3),1.97,3,0.5957,0.022
RNG(-0.3),1.98,3,0.5958,0.0219
RNG(-0.3),1.99,3,0.5958,0.0221
RNG(-0.3),2.0,3,0.5958,0.022
RNG(-0.3),2.01,3,0.5958,0.022
RNG(-0.3),2.02,3,0.5959,0.022
RNG(-0.3),2.03,3,0.5959,0.022
RNG(-0.3),2.04,3,0.5959,0.022
RNG(-0.3),2.05,3,0.5959,0.0221
RNG(-0.3),2.06,3,0.5959,0.0221
RNG(-0.3),2.07,3,0.596,0.0222
RNG(-0.3),2.08,3,0.596,0.0219
RNG(-0.3),2.09,3,0.5959,0.0218
RNG(-0.3),2.1,3,0.5958,0.0211
RNG(-0.3),2.11,3,0.5958,0.0211
RNG(-0.3),2.12,3,0.5959,0.021
RNG(-0.3),2.13,3,0.5959,0.0211
RNG(-0.3),2.14,3,0.5959,0.0211
RNG(-0.3),2.15,3,0.596,0.021
RNG(-0.3),2.16,3,0.596,0.0212
RNG(-0.3),2.17,3,0.596,0.0213
RNG(-0.3),2.18,3,0.5961,0.0214
RNG(-0.3),2.19,3,0.5962,0.0214
RNG(-0.3),2.2,3,0.5962,0.0215
RNG(-0.3),2.21,3,0.5962,0.0214
RNG(-0.3),2.22,3,0.5962,0.0214
RNG(-0.3),2.23,3,0.5962,0.0214
RNG(-0.3),2.24,3,0.5963,0.0214
RNG(-0.3),2.25,3,0.5963,0.0214
RNG(-0.3),2.26,3,0.5964,0.0213
RNG(-0.3),2.27,3,0.5964,0.0215
RNG(-0.3),2.28,3,0.5965,0.0215
RNG(-0.3),2.29,3,0.5964,0.0216
RNG(-0.3),2.3,3,0.5965,0.0215
RNG(-0.3),2.31,3,0.5966,0.0215
RNG(-0.3),2.32,3,0.5967,0.0219
RNG(-0.3),2.33,3,0.5967,0.0218
RNG(-0.3),2.34,3,0.5968,0.0216
RNG(-0.3),2.35,3,0.5968,0.0218
RNG(-0.3),2.36,3,0.5968,0.0218
RNG(-0.3),2.37,3,0.5969,0.0217
RNG(-0.3),2.38,3,0.5969,0.0217
RNG(-0.3),2.39,3,0.597,0.022
RNG(-0.3),2.4,3,0.5971,0.022
RNG(-0.3),2.41,3,0.5972,0.0222
RNG(-0.3),2.42,3,0.5973,0.0223
RNG(-0.3),2.43,3,0.5973,0.0223
RNG(-0.3),2.44,3,0.5974,0.0223
RNG(-0.3),2.45,3,0.5974,0.0222
RNG(-0.3),2.46,3,0.5974,0.0223
RNG(-0.3),2.47,3,0.5975,0.0224
RNG(-0.3),2.48,3,0.5975,0.0224
RNG(-0.3),2.49,3,0.5976,0.0221
RNG(-0.3),2.5,3,0.5976,0.0221
RNG(-0.3),2.51,3,0.5976,0.0219
RNG(-0.3),2.52,3,0.5977,0.022
RNG(-0.3),2.53,3,0.5977,0.022
RNG(-0.3),2.54,3,0.5976,0.0221
RNG(-0.3),2.55,3,0.5976,0.0221
RNG(-0.3),2.56,3,0.5977,0.0222
RNG(-0.3),2.57,3,0.5977,0.0225
RNG(-0.3),2.58,3,0.5978,0.0226
RNG(-0.3),2.59,3,0.5978,0.0224
RNG(-0.3),2.6,3,0.5978,0.0224
RNG(-0.3),2.61,3,0.5978,0.0225
RNG(-0.3),2.62,3,0.5978,0.0224
RNG(-0.3),2.63,3,0.5979,0.0224
RNG(-0.3),2.64,3,0.5979,0.0223
RNG(-0.3),2.65,3,0.5979,0.0224
RNG(-0.3),2.66,3,0.598,0.0224
RNG(-0.3),2.67,3,0.598,0.0223
RNG(-0.3),2.68,3,0.598,0.0222
RNG(-0.3),2.69,3,0.598,0.0222
RNG(-0.3),2.7,3,0.5981,0.0224
RNG(-0.3),2.71,3,0.5981,0.0224
RNG(-0.3),2.72,3,0.598,0.0223
RNG(-0.3),2.73,3,0.5981,0.0224
RNG(-0.3),2.74,3,0.5981,0.0226
RNG(-0.3),2.75,3,0.5981,0.0226
RNG(-0.3),2.76,3,0.5981,0.0226
RNG(-0.3),2.77,3,0.5981,0.0226
RNG(-0.3),2.78,3,0.5981,0.0225
RNG(-0.3),2.79,3,0.5981,0.0225
RNG(-0.3),2.8,3,0.5981,0.0225
RNG(-0.3),2.81,3,0.5982,0.0225
RNG(-0.3),2.82,3,0.5982,0.0225
RNG(-0.3),2.83,3,0.5982,0.0225
RNG(-0.3),2.84,3,0.5982,0.0225
RNG(-0.3),2.85,3,0.5982,0.0224
RNG(-0.3),2.86,3,0.5982,0.0225
RNG(-0.3),2.87,3,0.5983,0.0227
RNG(-0.3),2.88,3,0.5982,0.0227
RNG(-0.3),2.89,3,0.5982,0.0227
RNG(-0.3),2.9,3,0.5982,0.0227
RNG(-0.3),2.91,3,0.5983,0.0229
RNG(-0.3),2.92,3,0.5983,0.0229
RNG(-0.3),2.93,3,0.5983,0.0229
RNG(-0.3),2.94,3,0.5983,0.023
RNG(-0.3),2.95,3,0.5983,0.023
RNG(-0.3),2.96,3,0.5983,0.023
RNG(-0.3),2.97,3,0.5983,0.0229
RNG(-0.3),2.98,3,0.5984,0.0231
RNG(-0.3),2.99,3,0.5984,0.0231
RNG(-0.3),3.0,3,0.5984,0.0232
RNG(-0.3),3.01,3,0.5984,0.0231
RNG(-0.3),3.02,3,0.5984,0.0231
RNG(-0.3),3.03,3,0.5985,0.0233
RNG(-0.3),3.04,3,0.5985,0.0233
RNG(-0.3),3.05,3,0.5985,0.0234
RNG(-0.3),3.06,3,0.5986,0.0234
RNG(-0.3),3.07,3,0.5986,0.0234
RNG(-0.3),3.08,3,0.5986,0.0233
RNG(-0.3),3.09,3,0.5986,0.0233
RNG(-0.3),3.1,3,0.5986,0.0233
RNG(-0.3),3.11,3,0.5987,0.0235
RNG(-0.3),3.12,3,0.5987,0.0233
RNG(-0.3),3.13,3,0.5987,0.0233
RNG(-0.3),3.14,3,0.5987,0.0233
RNG(-0.3),3.15,3,0.5987,0.0233
RNG(-0.3),3.16,3,0.5987,0.0233
RNG(-0.3),3.17,3,0.5987,0.0233
RNG(-0.3),3.18,3,0.5988,0.0232
RNG(-0.3),3.19,3,0.5988,0.0232
RNG(-0.3),3.2,3,0.5988,0.0231
RNG(-0.3),3.21,3,0.5988,0.0231
RNG(-0.3),3.22,3,0.5989,0.0232
RNG(-0.3),3.23,3,0.5989,0.0232
RNG(-0.3),3.24,3,0.5989,0.0232
RNG(-0.3),3.25,3,0.5989,0.0231
RNG(-0.3),3.26,3,0.5988,0.0233
RNG(-0.3),3.27,3,0.5988,0.0233
RNG(-0.3),3.28,3,0.5988,0.0233
RNG(-0.3),3.29,3,0.5988,0.0233
RNG(-0.3),3.3,3,0.5988,0.0233
RNG(-0.3),3.31,3,0.5989,0.0233
RNG(-0.3),3.32,3,0.599,0.0234
RNG(-0.3),3.33,3,0.599,0.0233
RNG(-0.3),3.34,3,0.599,0.0233
RNG(-0.3),3.35,3,0.599,0.0233
RNG(-0.3),3.36,3,0.599,0.0233
RNG(-0.3),3.37,3,0.599,0.0233
RNG(-0.3),3.38,3,0.599,0.0233
RNG(-0.3),3.39,3,0.5991,0.0232
RNG(-0.3),3.4,3,0.5991,0.0231
RNG(-0.3),3.41,3,0.5991,0.0232
RNG(-0.3),3.42,3,0.5991,0.0231
RNG(-0.3),3.43,3,0.5991,0.0231
RNG(-0.3),3.44,3,0.5991,0.0231
RNG(-0.3),3.45,3,0.5991,0.0231
RNG(-0.3),3.46,3,0.5991,0.0231
RNG(-0.3),3.47,3,0.5991,0.0231
RNG(-0.3),3.48,3,0.5991,0.0233
RNG(-0.3),3.49,3,0.5991,0.0233
RNG(-0.3),3.5,3,0.5991,0.0233
RNG(-0.3),3.51,3,0.5991,0.0233
RNG(-0.3),3.52,3,0.5992,0.0232
RNG(-0.3),3.53,3,0.5992,0.0232
RNG(-0.3),3.54,3,0.5991,0.0232
RNG(-0.3),3.55,3,0.5991,0.0232
RNG(-0.3),3.56,3,0.5991,0.0232
RNG(-0.3),3.57,3,0.5991,0.0232
RNG(-0.3),3.58,3,0.5991,0.0232
RNG(-0.3),3.59,3,0.5991,0.0232
RNG(-0.3),3.6,3,0.5991,0.0232
RNG(-0.3),3.61,3,0.5991,0.0232
RNG(-0.3),3.62,3,0.5991,0.0232
RNG(-0.3),3.63,3,0.5991,0.0232
RNG(-0.3),3.64,3,0.599,0.0233
RNG(-0.3),3.65,3,0.599,0.0233
RNG(-0.3),3.66,3,0.599,0.0233
RNG(-0.3),3.67,3,0.599,0.0233
RNG(-0.3),3.68,3,0.5991,0.0232
RNG(-0.3),3.69,3,0.5991,0.0232
RNG(-0.3),3.7,3,0.5991,0.0232
RNG(-0.3),3.71,3,0.5991,0.0232
RNG(-0.3),3.72,3,0.599,0.0233
RNG(-0.3),3.73,3,0.599,0.0233
RNG(-0.3),3.74,3,0.599,0.0233
RNG(-0.3),3.75,3,0.599,0.0233
RNG(-0.3),3.76,3,0.599,0.0233
RNG(-0.3),3.77,3,0.599,0.0233
RNG(-0.3),3.78,3,0.599,0.0233
RNG(-0.3),3.79,3,0.599,0.0233
RNG(-0.3),3.8,3,0.599,0.0233
RNG(-0.3),3.81,3,0.599,0.0233
RNG(-0.3),3.82,3,0.599,0.0233
RNG(-0.3),3.83,3,0.599,0.0233
RNG(-0.3),3.84,3,0.599,0.0233
RNG(-0.3),3.85,3,0.599,0.0233
RNG(-0.3),3.86,3,0.599,0.0233
RNG(-0.3),3.87,3,0.599,0.0233
RNG(-0.3),3.88,3,0.599,0.0233
RNG(-0.3),3.89,3,0.599,0.0233
RNG(-0.3),3.9,3,0.599,0.0234
RNG(-0.3),3.91,3,0.599,0.0234
RNG(-0.3),3.92,3,0.599,0.0234
RNG(-0.3),3.93,3,0.599,0.0234
RNG(-0.3),3.94,3,0.599,0.0234
RNG(-0.3),3.95,3,0.599,0.0234
RNG(-0.3),3.96,3,0.599,0.0234
RNG(-0.3),3.97,3,0.599,0.0234
RNG(-0.3),3.98,3,0.599,0.0234
RNG(-0.3),3.99,3,0.599,0.0234
RNG(-0.3),4.0,3,0.599,0.0234
RNG(-0.3),4.01,3,0.599,0.0234
RNG(-0.3),4.02,3,0.599,0.0234
RNG(-0.3),4.03,3,0.599,0.0234
RNG(-0.3),4.04,3,0.599,0.0234
RNG(-0.3),4.05,3,0.599,0.0234
RNG(-0.3),4.06,3,0.599,0.0234
RNG(-0.3),4.07,3,0.599,0.0234
RNG(-0.3),4.08,3,0.599,0.0234
RNG(-0.3),4.09,3,0.599,0.0234
RNG(-0.3),4.1,3,0.599,0.0234
RNG(-0.3),4.11,3,0.599,0.0234
RNG(-0.3),4.12,3,0.599,0.0234
RNG(-0.3),4.13,3,0.599,0.0234
RNG(-0.3),4.14,3,0.599,0.0234
RNG(-0.3),4.15,3,0.599,0.0234
RNG(-0.3),4.16,3,0.599,0.0234
RNG(-0.3),4.17,3,0.599,0.0234
RNG(-0.3),4.18,3,0.599,0.0234
RNG(-0.3),4.19,3,0.599,0.0234
RNG(-0.3),4.2,3,0.599,0.0234
RNG(-0.3),4.21,3,0.599,0.0234
RNG(-0.3),4.22,3,0.599,0.0234
RNG(-0.3),4.23,3,0.599,0.0234
RNG(-0.3),4.24,3,0.599,0.0234
RNG(-0.3),4.25,3,0.599,0.0234
RNG(-0.3),4.26,3,0.599,0.0234
RNG(-0.3),4.27,3,0.599,0.0234
RNG(-0.3),4.28,3,0.599,0.0234
RNG(-0.3),4.29,3,0.599,0.0234
RNG(-0.3),4.3,3,0.599,0.0234
RNG(-0.3),4.31,3,0.599,0.0234
RNG(-0.3),4.32,3,0.599,0.0234
RNG(-0.3),4.33,3,0.599,0.0234
RNG(-0.3),4.34,3,0.599,0.0234
RNG(-0.3),4.35,3,0.599,0.0234
RNG(-0.3),4.36,3,0.599,0.0234
RNG(-0.3),4.37,3,0.599,0.0234
RNG(-0.3),4.38,3,0.599,0.0234
RNG(-0.3),4.39,3,0.599,0.0234
RNG(-0.3),4.4,2,0.6021,0.0978
RNG(-0.3),4.41,3,0.599,0.0234
RNG(-0.3),4.42,3,0.599,0.0234
RNG(-0.3),4.43,3,0.599,0.0234
RNG(-0.3),4.44,3,0.599,0.0234
RNG(-0.3),4.45,3,0.599,0.0234
RNG(-0.3),4.46,2,0.5936,0.0108
RNG(-0.3),4.47,2,0.6021,0.0978
RNG(-0.3),4.48,3,0.599,0.0234
RNG(-0.3),4.51,3,0.599,0.0234
RNG(-0.3),4.52,3,0.599,0.0234
RNG(-0.3),4.54,2,0.6021,0.0978
RNG(-0.3),4.55,3,0.599,0.0234
RNG(-0.3),4.56,2,0.6021,0.0978
RNG(-0.3),4.57,3,0.599,0.0234
RNG(-0.3),4.58,2,0.5936,0.0108
RNG(-0.3),4.6,2,0.6021,0.0978
RNG(-0.3),4.61,3,0.599,0.0234
RNG(-0.2),0.99,3,0.5726,0.0179
RNG(-0.2),1.0,3,0.5726,0.0179
RNG(-0.2),1.01,3,0.5736,0.0181
RNG(-0.2),1.02,3,0.5759,0.0183
RNG(-0.2),1.03,3,0.5803,0.0177
RNG(-0.2),1.04,3,0.5842,0.0174
RNG(-0.2),1.05,3,0.5886,0.0186
RNG(-0.2),1.06,3,0.5921,0.0181
RNG(-0.2),1.07,3,0.5948,0.0185
RNG(-0.2),1.08,3,0.5967,0.0186
RNG(-0.2),1.09,3,0.5978,0.0187
RNG(-0.2),1.1,3,0.5986,0.0191
RNG(-0.2),1.11,3,0.5993,0.0192
RNG(-0.2),1.12,3,0.5997,0.0195
RNG(-0.2),1.13,3,0.6,0.0197
RNG(-0.2),1.14,3,0.6003,0.0201
RNG(-0.2),1.15,3,0.6004,0.0199
RNG(-0.2),1.16,3,0.6005,0.0201
RNG(-0.2),1.17,3,0.6005,0.02
RNG(-0.2),1.18,3,0.6007,0.0199
RNG(-0.2),1.19,3,0.6007,0.0199
RNG(-0.2),1.2,3,0.6007,0.0198
RNG(-0.2),1.21,3,0.6008,0.0198
RNG(-0.2),1.22,3,0.6008,0.0198
RNG(-0.2),1.23,3,0.6008,0.0198
RNG(-0.2),1.24,3,0.6009,0.0197
RNG(-0.2),1.25,3,0.6008,0.0198
RNG(-0.2),1.26,3,0.6009,0.0198
RNG(-0.2),1.27,3,0.601,0.0196
RNG(-0.2),1.28,3,0.6011,0.0195
RNG(-0.2),1.29,3,0.6011,0.0197
RNG(-0.2),1.3,3,0.6011,0.0198
RNG(-0.2),1.31,3,0.6011,0.0195
RNG(-0.2),1.32,3,0.6011,0.0197
RNG(-0.2),1.33,3,0.6012,0.0197
RNG(-0.2),1.34,3,0.6013,0.0198
RNG(-0.2),1.35,3,0.6014,0.0199
RNG(-0.2),1.36,3,0.6014,0.0199
RNG(-0.2),1.37,3,0.6017,0.0198
RNG(-0.2),1.38,3,0.6018,0.0198
RNG(-0.2),1.39,3,0.6019,0.0198
RNG(-0.2),1.4,3,0.602,0.0198
RNG(-0.2),1.41,3,0.6021,0.0198
RNG(-0.2),1.42,3,0.6022,0.0199
RNG(-0.2),1.43,3,0.6024,0.0196
RNG(-0.2),1.44,3,0.6025,0.0197
RNG(-0.2),1.45,3,0.6025,0.0198
RNG(-0.2),1.46,3,0.6026,0.0198
RNG(-0.2),1.47,3,0.6027,0.0197
RNG(-0.2),1.48,3,0.6029,0.0197
RNG(-0.2),1.49,3,0.6031,0.0195
RNG(-0.2),1.5,3,0.6033,0.0197
RNG(-0.2),1.51,3,0.6034,0.0196
RNG(-0.2),1.52,3,0.6037,0.0197
RNG(-0.2),1.53,3,0.604,0.0199
RNG(-0.2),1.54,3,0.6043,0.0195
RNG(-0.2),1.55,3,0.6044,0.0198
RNG(-0.2),1.56,3,0.6046,0.0197
RNG(-0.2),1.57,3,0.6047,0.0199
RNG(-0.2),1.58,3,0.605,0.02
RNG(-0.2),1.59,3,0.6051,0.0202
RNG(-0.2),1.6,3,0.6053,0.0199
RNG(-0.2),1.61,3,0.6055,0.0201
RNG(-0.2),1.62,3,0.6057,0.0202
RNG(-0.2),1.63,3,0.6059,0.0199
RNG(-0.2),1.64,3,0.6063,0.02
RNG(-0.2),1.65,3,0.6066,0.0201
RNG(-0.2),1.66,3,0.6068,0.0199
RNG(-0.2),1.67,3,0.6071,0.0198
RNG(-0.2),1.68,3,0.6074,0.0193
RNG(-0.2),1.69,3,0.6076,0.0195
RNG(-0.2),1.7,3,0.6078,0.0199
RNG(-0.2),1.71,3,0.6079,0.0196
RNG(-0.2),1.72,3,0.608,0.0194
RNG(-0.2),1.73,3,0.6081,0.0193
RNG(-0.2),1.74,3,0.6082,0.0195
RNG(-0.2),1.75,3,0.6084,0.0199
RNG(-0.2),1.76,3,0.6085,0.0201
RNG(-0.2),1.77,3,0.6086,0.02
RNG(-0.2),1.78,3,0.6087,0.0202
RNG(-0.2),1.79,3,0.6087,0.0204
RNG(-0.2),1.8,3,0.6089,0.0202
RNG(-0.2),1.81,3,0.6089,0.0203
RNG(-0.2),1.82,3,0.609,0.0208
RNG(-0.2),1.83,3,0.609,0.0208
RNG(-0.2),1.84,3,0.609,0.021
RNG(-0.2),1.85,3,0.6091,0.021
RNG(-0.2),1.86,3,0.6092,0.0211
RNG(-0.2),1.87,3,0.6092,0.0212
RNG(-0.2),1.88,3,0.6093,0.0213
RNG(-0.2),1.89,3,0.6093,0.0214
RNG(-0.2),1.9,3,0.6094,0.0215
RNG(-0.2),1.91,3,0.6094,0.0216
RNG(-0.2),1.92,3,0.6095,0.0217
RNG(-0.2),1.93,3,0.6095,0.0216
RNG(-0.2),1.94,3,0.6096,0.0217
RNG(-0.2),1.95,3,0.6097,0.0221
RNG(-0.2),1.96,3,0.6097,0.022
RNG(-0.2),1.97,3,0.6099,0.0222
RNG(-0.2),1.98,3,0.6099,0.0221
RNG(-0.2),1.99,3,0.61,0.0222
RNG(-0.2),2.0,3,0.61,0.0221
RNG(-0.2),2.01,3,0.61,0.022
RNG(-0.2),2.02,3,0.6101,0.0221
RNG(-0.2),2.03,3,0.6102,0.0221
RNG(-0.2),2.04,3,0.6102,0.022
RNG(-0.2),2.05,3,0.6101,0.022
RNG(-0.2),2.06,3,0.6102,0.0219
RNG(-0.2),2.07,3,0.6103,0.0218
RNG(-0.2),2.08,3,0.6103,0.0216
RNG(-0.2),2.09,3,0.6103,0.0214
RNG(-0.2),2.1,3,0.6103,0.0208
RNG(-0.2),2.11,3,0.6104,0.0206
RNG(-0.2),2.12,3,0.6103,0.0207
RNG(-0.2),2.13,3,0.6104,0.0205
RNG(-0.2),2.14,3,0.6105,0.0206
RNG(-0.2),2.15,3,0.6105,0.0206
RNG(-0.2),2.16,3,0.6105,0.0206
RNG(-0.2),2.17,3,0.6105,0.0205
RNG(-0.2),2.18,3,0.6105,0.0204
RNG(-0.2),2.19,3,0.6105,0.0205
RNG(-0.2),2.2,3,0.6106,0.0204
RNG(-0.2),2.21,3,0.6106,0.0203
RNG(-0.2),2.22,3,0.6106,0.0202
RNG(-0.2),2.23,3,0.6107,0.0201
RNG(-0.2),2.24,3,0.6107,0.0202
RNG(-0.2),2.25,3,0.6108,0.0203
RNG(-0.2),2.26,3,0.6108,0.0203
RNG(-0.2),2.27,3,0.6108,0.0205
RNG(-0.2),2.28,3,0.6109,0.0206
RNG(-0.2),2.29,3,0.6109,0.0205
RNG(-0.2),2.3,3,0.611,0.0205
RNG(-0.2),2.31,3,0.6111,0.0203
RNG(-0.2),2.32,3,0.6111,0.0206
RNG(-0.2),2.33,3,0.6112,0.0207
RNG(-0.2),2.34,3,0.6113,0.0205
RNG(-0.2),2.35,3,0.6113,0.0206
RNG(-0.2),2.36,3,0.6113,0.0206
RNG(-0.2),2.37,3,0.6113,0.0206
RNG(-0.2),2.38,3,0.6113,0.0206
RNG(-0.2),2.39,3,0.6113,0.021
RNG(-0.2),2.4,3,0.6113,0.0208
RNG(-0.2),2.41,3,0.6114,0.021
RNG(-0.2),2.42,3,0.6114,0.0211
RNG(-0.2),2.43,3,0.6114,0.0211
RNG(-0.2),2.44,3,0.6114,0.0212
RNG(-0.2),2.45,3,0.6114,0.021
RNG(-0.2),2.46,3,0.6114,0.0213
RNG(-0.2),2.47,3,0.6114,0.0212
RNG(-0.2),2.48,3,0.6115,0.0214
RNG(-0.2),2.49,3,0.6116,0.0215
RNG(-0.2),2.5,3,0.6116,0.0216
RNG(-0.2),2.51,3,0.6115,0.0212
RNG(-0.2),2.52,3,0.6116,0.0213
RNG(-0.2),2.53,3,0.6116,0.0215
RNG(-0.2),2.54,3,0.6116,0.0215
RNG(-0.2),2.55,3,0.6115,0.0217
RNG(-0.2),2.56,3,0.6116,0.0217
RNG(-0.2),2.57,3,0.6116,0.0219
RNG(-0.2),2.58,3,0.6116,0.0221
RNG(-0.2),2.59,3,0.6116,0.0219
RNG(-0.2),2.6,3,0.6116,0.0218
RNG(-0.2),2.61,3,0.6117,0.0218
RNG(-0.2),2.62,3,0.6116,0.0218
RNG(-0.2),2.63,3,0.6117,0.0219
RNG(-0.2),2.64,3,0.6117,0.022
RNG(-0.2),2.65,3,0.6117,0.0219
RNG(-0.2),2.66,3,0.6118,0.0218
RNG(-0.2),2.67,3,0.6118,0.0218
RNG(-0.2),2.68,3,0.6118,0.0218
RNG(-0.2),2.69,3,0.6119,0.0216
RNG(-0.2),2.7,3,0.6121,0.0218
RNG(-0.2),2.71,3,0.6121,0.0217
RNG(-0.2),2.72,3,0.612,0.0216
RNG(-0.2),2.73,3,0.612,0.0216
RNG(-0.2),2.74,3,0.6121,0.0217
RNG(-0.2),2.75,3,0.6121,0.0218
RNG(-0.2),2.76,3,0.6121,0.0218
RNG(-0.2),2.77,3,0.6121,0.0218
RNG(-0.2),2.78,3,0.6121,0.0218
RNG(-0.2),2.79,3,0.6121,0.0218
RNG(-0.2),2.8,3,0.6121,0.0217
RNG(-0.2),2.81,3,0.6122,0.0218
RNG(-0.2),2.82,3,0.6121,0.0218
RNG(-0.2),2.83,3,0.6121,0.0218
RNG(-0.2),2.84,3,0.6122,0.0218
RNG(-0.2),2.85,3,0.6122,0.0218
RNG(-0.2),2.86,3,0.6122,0.0218
RNG(-0.2),2.87,3,0.6123,0.0218
RNG(-0.2),2.88,3,0.6122,0.022
RNG(-0.2),2.89,3,0.6122,0.0218
RNG(-0.2),2.9,3,0.6121,0.022
RNG(-0.2),2.91,3,0.6121,0.0222
RNG(-0.2),2.92,3,0.6121,0.0224
RNG(-0.2),2.93,3,0.6122,0.0223
RNG(-0.2),2.94,3,0.6122,0.0227
RNG(-0.2),2.95,3,0.6122,0.0228
RNG(-0.2),2.96,3,0.6121,0.023
RNG(-0.2),2.97,3,0.6121,0.0229
RNG(-0.2),2.98,3,0.6121,0.023
RNG(-0.2),2.99,3,0.6121,0.0231
RNG(-0.2),3.0,3,0.6121,0.0231
RNG(-0.2),3.01,3,0.6121,0.0231
RNG(-0.2),3.02,3,0.6121,0.0231
RNG(-0.2),3.03,3,0.6121,0.0233
RNG(-0.2),3.04,3,0.612,0.0234
RNG(-0.2),3.05,3,0.612,0.0235
RNG(-0.2),3.06,3,0.6121,0.0236
RNG(-0.2),3.07,3,0.612,0.0236
RNG(-0.2),3.08,3,0.612,0.0234
RNG(-0.2),3.09,3,0.612,0.0235
RNG(-0.2),3.1,3,0.612,0.0235
RNG(-0.2),3.11,3,0.612,0.0235
RNG(-0.2),3.12,3,0.6121,0.0235
RNG(-0.2),3.13,3,0.6121,0.0235
RNG(-0.2),3.14,3,0.6121,0.0235
RNG(-0.2),3.15,3,0.6121,0.0235
RNG(-0.2),3.16,3,0.612,0.0234
RNG(-0.2),3.17,3,0.6121,0.0233
RNG(-0.2),3.18,3,0.6121,0.0232
RNG(-0.2),3.19,3,0.6123,0.0234
RNG(-0.2),3.2,3,0.6123,0.0232
RNG(-0.2),3.21,3,0.6123,0.0234
RNG(-0.2),3.22,3,0.6123,0.0234
RNG(-0.2),3.23,3,0.6123,0.0234
RNG(-0.2),3.24,3,0.6123,0.0233
RNG(-0.2),3.25,3,0.6123,0.0234
RNG(-0.2),3.26,3,0.6122,0.0236
RNG(-0.2),3.27,3,0.6122,0.0235
RNG(-0.2),3.28,3,0.6122,0.0235
RNG(-0.2),3.29,3,0.6123,0.0233
RNG(-0.2),3.3,3,0.6122,0.0233
RNG(-0.2),3.31,3,0.6122,0.0234
RNG(-0.2),3.32,3,0.6122,0.0233
RNG(-0.2),3.33,3,0.6123,0.0233
RNG(-0.2),3.34,3,0.6123,0.0233
RNG(-0.2),3.35,3,0.6122,0.0231
RNG(-0.2),3.36,3,0.6122,0.0231
RNG(-0.2),3.37,3,0.6121,0.0231
RNG(-0.2),3.38,3,0.6121,0.0232
RNG(-0.2),3.39,3,0.6122,0.0233
RNG(-0.2),3.4,3,0.6123,0.0232
RNG(-0.2),3.41,3,0.6122,0.0233
RNG(-0.2),3.42,3,0.6122,0.0233
RNG(-0.2),3.43,3,0.6123,0.0231
RNG(-0.2),3.44,3,0.6122,0.0233
RNG(-0.2),3.45,3,0.6122,0.0233
RNG(-0.2),3.46,3,0.6122,0.0233
RNG(-0.2),3.47,3,0.6122,0.0233
RNG(-0.2),3.48,3,0.6122,0.0235
RNG(-0.2),3.49,3,0.6123,0.0233
RNG(-0.2),3.5,3,0.6123,0.0233
RNG(-0.2),3.51,3,0.6123,0.0233
RNG(-0.2),3.52,3,0.6123,0.0233
RNG(-0.2),3.53,3,0.6123,0.0233
RNG(-0.2),3.54,3,0.6122,0.0233
RNG(-0.2),3.55,3,0.6122,0.0234
RNG(-0.2),3.56,3,0.6122,0.0234
RNG(-0.2),3.57,3,0.6122,0.0234
RNG(-0.2),3.58,3,0.6122,0.0234
RNG(-0.2),3.59,3,0.6122,0.0234
RNG(-0.2),3.6,3,0.6122,0.0234
RNG(-0.2),3.61,3,0.6122,0.0234
RNG(-0.2),3.62,3,0.6122,0.0234
RNG(-0.2),3.63,3,0.6121,0.0233
RNG(-0.2),3.64,3,0.6121,0.0233
RNG(-0.2),3.65,3,0.6121,0.0233
RNG(-0.2),3.66,3,0.6121,0.0233
RNG(-0.2),3.67,3,0.6121,0.0232
RNG(-0.2),3.68,3,0.6121,0.0231
RNG(-0.2),3.69,3,0.6121,0.0231
RNG(-0.2),3.7,3,0.612,0.0233
RNG(-0.2),3.71,3,0.612,0.0234
RNG(-0.2),3.72,3,0.612,0.0234
RNG(-0.2),3.73,3,0.612,0.0234
RNG(-0.2),3.74,3,0.612,0.0234
RNG(-0.2),3.75,3,0.612,0.0234
RNG(-0.2),3.76,3,0.612,0.0234
RNG(-0.2),3.77,3,0.612,0.0234
RNG(-0.2),3.78,3,0.612,0.0234
RNG(-0.2),3.79,3,0.612,0.0234
RNG(-0.2),3.8,3,0.612,0.0232
RNG(-0.2),3.81,3,0.6119,0.0233
RNG(-0.2),3.82,3,0.6119,0.0233
RNG(-0.2),3.83,3,0.6119,0.0234
RNG(-0.2),3.84,3,0.6119,0.0234
RNG(-0.2),3.85,3,0.6119,0.0234
RNG(-0.2),3.86,3,0.6119,0.0234
RNG(-0.2),3.87,3,0.6119,0.0234
RNG(-0.2),3.88,3,0.6119,0.0233
RNG(-0.2),3.89,3,0.6119,0.0233
RNG(-0.2),3.9,3,0.6118,0.0235
RNG(-0.2),3.91,3,0.6118,0.0235
RNG(-0.2),3.92,3,0.6118,0.0235
RNG(-0.2),3.93,3,0.6118,0.0235
RNG(-0.2),3.94,3,0.6118,0.0235
RNG(-0.2),3.95,3,0.6118,0.0235
RNG(-0.2),3.96,3,0.6118,0.0236
RNG(-0.2),3.97,3,0.6118,0.0236
RNG(-0.2),3.98,3,0.6118,0.0236
RNG(-0.2),3.99,3,0.6118,0.0236
RNG(-0.2),4.0,3,0.6118,0.0236
RNG(-0.2),4.01,3,0.6118,0.0236
RNG(-0.2),4.02,3,0.6118,0.0236
RNG(-0.2),4.03,3,0.6118,0.0236
RNG(-0.2),4.04,3,0.6118,0.0236
RNG(-0.2),4.05,3,0.6118,0.0236
RNG(-0.2),4.06,3,0.6117,0.0235
RNG(-0.2),4.07,3,0.6117,0.0235
RNG(-0.2),4.08,3,0.6117,0.0235
RNG(-0.2),4.09,3,0.6117,0.0235
RNG(-0.2),4.1,3,0.6117,0.0235
RNG(-0.2),4.11,3,0.6117,0.0235
RNG(-0.2),4.12,3,0.6117,0.0235
RNG(-0.2),4.13,3,0.6117,0.0235
RNG(-0.2),4.14,3,0.6117,0.0235
RNG(-0.2),4.15,3,0.6117,0.0235
RNG(-0.2),4.16,3,0.6117,0.0235
RNG(-0.2),4.17,3,0.6117,0.0235
RNG(-0.2),4.18,3,0.6117,0.0235
RNG(-0.2),4.19,3,0.6117,0.0236
RNG(-0.2),4.2,3,0.6117,0.0236
RNG(-0.2),4.21,3,0.6117,0.0236
RNG(-0.2),4.22,3,0.6117,0.0236
RNG(-0.2),4.23,3,0.6117,0.0236
RNG(-0.2),4.24,3,0.6117,0.0236
RNG(-0.2),4.25,3,0.6117,0.0236
RNG(-0.2),4.26,3,0.6117,0.0236
RNG(-0.2),4.27,3,0.6117,0.0236
RNG(-0.2),4.28,3,0.6117,0.0236
RNG(-0.2),4.29,3,0.6117,0.0236
RNG(-0.2),4.3,3,0.6117,0.0236
RNG(-0.2),4.31,3,0.6117,0.0236
RNG(-0.2),4.32,3,0.6117,0.0236
RNG(-0.2),4.33,3,0.6117,0.0236
RNG(-0.2),4.34,3,0.6117,0.0236
RNG(-0.2),4.35,3,0.6117,0.0236
RNG(-0.2),4.36,3,0.6117,0.0236
RNG(-0.2),4.37,3,0.6117,0.0236
RNG(-0.2),4.38,3,0.6117,0.0236
RNG(-0.2),4.39,3,0.6117,0.0236
RNG(-0.2),4.4,2,0.6149,0.0985
RNG(-0.2),4.41,3,0.6117,0.0236
RNG(-0.2),4.42,3,0.6117,0.0236
RNG(-0.2),4.43,3,0.6117,0.0236
RNG(-0.2),4.44,3,0.6117,0.0236
RNG(-0.2),4.45,3,0.6117,0.0236
RNG(-0.2),4.46,2,0.6062,0.0114
RNG(-0.2),4.47,2,0.6149,0.0985
RNG(-0.2),4.48,3,0.6117,0.0236
RNG(-0.2),4.51,3,0.6117,0.0236
RNG(-0.2),4.52,3,0.6117,0.0236
RNG(-0.2),4.54,2,0.6149,0.0985
RNG(-0.2),4.55,3,0.6117,0.0236
RNG(-0.2),4.56,2,0.6149,0.0985
RNG(-0.2),4.57,3,0.6117,0.0236
RNG(-0.2),4.58,2,0.6062,0.0114
RNG(-0.2),4.6,2,0.6149,0.0985
RNG(-0.2),4.61,3,0.6117,0.0236
RNG(-0.1),0.99,3,0.5726,0.0179
RNG(-0.1),1.0,3,0.5726,0.0179
RNG(-0.1),1.01,3,0.5738,0.0185
RNG(-0.1),1.02,3,0.5767,0.0189
RNG(-0.1),1.03,3,0.5819,0.0177
RNG(-0.1),1.04,3,0.5868,0.0164
RNG(-0.1),1.05,3,0.592,0.0175
RNG(-0.1),1.06,3,0.5961,0.0176
RNG(-0.1),1.07,3,0.5994,0.0175
RNG(-0.1),1.08,3,0.6015,0.0174
RNG(-0.1),1.09,3,0.6028,0.0174
RNG(-0.1),1.1,3,0.6038,0.0176
RNG(-0.1),1.11,3,0.6045,0.0181
RNG(-0.1),1.12,3,0.605,0.0184
RNG(-0.1),1.13,3,0.6054,0.0186
RNG(-0.1),1.14,3,0.6056,0.0187
RNG(-0.1),1.15,3,0.6058,0.0188
RNG(-0.1),1.16,3,0.6058,0.0191
RNG(-0.1),1.17,3,0.6059,0.0189
RNG(-0.1),1.18,3,0.6059,0.0189
RNG(-0.1),1.19,3,0.606,0.019
RNG(-0.1),1.2,3,0.6061,0.0188
RNG(-0.1),1.21,3,0.6061,0.0189
RNG(-0.1),1.22,3,0.6061,0.0189
RNG(-0.1),1.23,3,0.6061,0.0189
RNG(-0.1),1.24,3,0.6061,0.0189
RNG(-0.1),1.25,3,0.6061,0.0191
RNG(-0.1),1.26,3,0.6062,0.0191
RNG(-0.1),1.27,3,0.6063,0.019
RNG(-0.1),1.28,3,0.6064,0.019
RNG(-0.1),1.29,3,0.6065,0.0191
RNG(-0.1),1.3,3,0.6065,0.0192
RNG(-0.1),1.31,3,0.6065,0.0192
RNG(-0.1),1.32,3,0.6066,0.0193
RNG(-0.1),1.33,3,0.6066,0.0195
RNG(-0.1),1.34,3,0.6066,0.0194
RNG(-0.1),1.35,3,0.6067,0.0197
RNG(-0.1),1.36,3,0.6068,0.0197
RNG(-0.1),1.37,3,0.6071,0.0195
RNG(-0.1),1.38,3,0.6072,0.0194
RNG(-0.1),1.39,3,0.6074,0.0192
RNG(-0.1),1.4,3,0.6074,0.0194
RNG(-0.1),1.41,3,0.6075,0.0197
RNG(-0.1),1.42,3,0.6077,0.0197
RNG(-0.1),1.43,3,0.6078,0.0197
RNG(-0.1),1.44,3,0.6079,0.0196
RNG(-0.1),1.45,3,0.6079,0.0199
RNG(-0.1),1.46,3,0.608,0.02
RNG(-0.1),1.47,3,0.608,0.0199
RNG(-0.1),1.48,3,0.6082,0.0198
RNG(-0.1),1.49,3,0.6083,0.0197
RNG(-0.1),1.5,3,0.6084,0.0197
RNG(-0.1),1.51,3,0.6085,0.0198
RNG(-0.1),1.52,3,0.6089,0.0198
RNG(-0.1),1.53,3,0.6092,0.0201
RNG(-0.1),1.54,3,0.6095,0.0199
RNG(-0.1),1.55,3,0.6096,0.0201
RNG(-0.1),1.56,3,0.6096,0.0203
RNG(-0.1),1.57,3,0.6098,0.02
RNG(-0.1),1.58,3,0.61,0.0204
RNG(-0.1),1.59,3,0.6103,0.0207
RNG(-0.1),1.6,3,0.6106,0.0203
RNG(-0.1),1.61,3,0.6107,0.0204
RNG(-0.1),1.62,3,0.6109,0.0204
RNG(-0.1),1.63,3,0.6111,0.0202
RNG(-0.1),1.64,3,0.6115,0.0201
RNG(-0.1),1.65,3,0.6118,0.0202
RNG(-0.1),1.66,3,0.6121,0.0201
RNG(-0.1),1.67,3,0.6124,0.0201
RNG(-0.1),1.68,3,0.6126,0.0196
RNG(-0.1),1.69,3,0.6128,0.0198
RNG(-0.1),1.7,3,0.6131,0.0201
RNG(-0.1),1.71,3,0.613,0.0197
RNG(-0.1),1.72,3,0.6132,0.0196
RNG(-0.1),1.73,3,0.6132,0.0195
RNG(-0.1),1.74,3,0.6133,0.0198
RNG(-0.1),1.75,3,0.6135,0.0201
RNG(-0.1),1.76,3,0.6136,0.0201
RNG(-0.1),1.77,3,0.6136,0.0204
RNG(-0.1),1.78,3,0.6137,0.0206
RNG(-0.1),1.79,3,0.6137,0.0207
RNG(-0.1),1.8,3,0.6138,0.0205
RNG(-0.1),1.81,3,0.6139,0.0207
RNG(-0.1),1.82,3,0.614,0.0208
RNG(-0.1),1.83,3,0.614,0.0208
RNG(-0.1),1.84,3,0.614,0.0207
RNG(-0.1),1.85,3,0.614,0.0212
RNG(-0.1),1.86,3,0.6141,0.0213
RNG(-0.1),1.87,3,0.6141,0.0213
RNG(-0.1),1.88,3,0.6142,0.0215
RNG(-0.1),1.89,3,0.6142,0.0214
RNG(-0.1),1.9,3,0.6141,0.021
RNG(-0.1),1.91,3,0.6142,0.0211
RNG(-0.1),1.92,3,0.6142,0.0211
RNG(-0.1),1.93,3,0.6141,0.0207
RNG(-0.1),1.94,3,0.6142,0.021
RNG(-0.1),1.95,3,0.6144,0.0213
RNG(-0.1),1.96,3,0.6144,0.0212
RNG(-0.1),1.97,3,0.6145,0.0215
RNG(-0.1),1.98,3,0.6146,0.0213
RNG(-0.1),1.99,3,0.6146,0.0214
RNG(-0.1),2.0,3,0.6147,0.0213
RNG(-0.1),2.01,3,0.6146,0.0213
RNG(-0.1),2.02,3,0.6148,0.0214
RNG(-0.1),2.03,3,0.6148,0.0214
RNG(-0.1),2.04,3,0.6148,0.0213
RNG(-0.1),2.05,3,0.6147,0.0213
RNG(-0.1),2.06,3,0.6148,0.0213
RNG(-0.1),2.07,3,0.6149,0.021
RNG(-0.1),2.08,3,0.6149,0.0209
RNG(-0.1),2.09,3,0.6149,0.0206
RNG(-0.1),2.1,3,0.6149,0.0201
RNG(-0.1),2.11,3,0.6149,0.02
RNG(-0.1),2.12,3,0.6149,0.0197
RNG(-0.1),2.13,3,0.6149,0.0198
RNG(-0.1),2.14,3,0.615,0.0195
RNG(-0.1),2.15,3,0.615,0.0194
RNG(-0.1),2.16,3,0.6149,0.0195
RNG(-0.1),2.17,3,0.615,0.0196
RNG(-0.1),2.18,3,0.615,0.0191
RNG(-0.1),2.19,3,0.6151,0.0195
RNG(-0.1),2.2,3,0.615,0.0194
RNG(-0.1),2.21,3,0.615,0.0192
RNG(-0.1),2.22,3,0.615,0.0189
RNG(-0.1),2.23,3,0.615,0.019
RNG(-0.1),2.24,3,0.615,0.019
RNG(-0.1),2.25,3,0.615,0.0192
RNG(-0.1),2.26,3,0.615,0.0192
RNG(-0.1),2.27,3,0.6151,0.0194
RNG(-0.1),2.28,3,0.6151,0.0194
RNG(-0.1),2.29,3,0.615,0.0196
RNG(-0.1),2.3,3,0.6151,0.0194
RNG(-0.1),2.31,3,0.6152,0.0192
RNG(-0.1),2.32,3,0.6153,0.0193
RNG(-0.1),2.33,3,0.6153,0.0197
RNG(-0.1),2.34,3,0.6154,0.0195
RNG(-0.1),2.35,3,0.6152,0.0198
RNG(-0.1),2.36,3,0.6152,0.0196
RNG(-0.1),2.37,3,0.6152,0.0197
RNG(-0.1),2.38,3,0.6152,0.0198
RNG(-0.1),2.39,3,0.6153,0.02
RNG(-0.1),2.4,3,0.6153,0.02
RNG(-0.1),2.41,3,0.6153,0.0198
RNG(-0.1),2.42,3,0.6154,0.02
RNG(-0.1),2.43,3,0.6153,0.0199
RNG(-0.1),2.44,3,0.6154,0.0198
RNG(-0.1),2.45,3,0.6153,0.0199
RNG(-0.1),2.46,3,0.6153,0.02
RNG(-0.1),2.47,3,0.6152,0.0197
RNG(-0.1),2.48,3,0.6153,0.0196
RNG(-0.1),2.49,3,0.6152,0.0196
RNG(-0.1),2.5,3,0.6152,0.0195
RNG(-0.1),2.51,3,0.6151,0.0193
RNG(-0.1),2.52,3,0.6152,0.0191
RNG(-0.1),2.53,3,0.6151,0.019
RNG(-0.1),2.54,3,0.6151,0.0191
RNG(-0.1),2.55,3,0.6149,0.0191
RNG(-0.1),2.56,3,0.615,0.0192
RNG(-0.1),2.57,3,0.6151,0.0191
RNG(-0.1),2.58,3,0.6151,0.0192
RNG(-0.1),2.59,3,0.6152,0.0192
RNG(-0.1),2.6,3,0.6151,0.0191
RNG(-0.1),2.61,3,0.6151,0.0194
RNG(-0.1),2.62,3,0.6151,0.0191
RNG(-0.1),2.63,3,0.6154,0.019
RNG(-0.1),2.64,3,0.6154,0.0189
RNG(-0.1),2.65,3,0.6154,0.0192
RNG(-0.1),2.66,3,0.6155,0.0192
RNG(-0.1),2.67,3,0.6155,0.0192
RNG(-0.1),2.68,3,0.6155,0.019
RNG(-0.1),2.69,3,0.6155,0.0188
RNG(-0.1),2.7,3,0.6157,0.0187
RNG(-0.1),2.71,3,0.6157,0.0187
RNG(-0.1),2.72,3,0.6159,0.0181
RNG(-0.1),2.73,3,0.6159,0.0181
RNG(-0.1),2.74,3,0.6158,0.0183
RNG(-0.1),2.75,3,0.6158,0.0184
RNG(-0.1),2.76,3,0.6157,0.0184
RNG(-0.1),2.77,3,0.6157,0.0182
RNG(-0.1),2.78,3,0.6156,0.0182
RNG(-0.1),2.79,3,0.6156,0.0184
RNG(-0.1),2.8,3,0.6155,0.0183
RNG(-0.1),2.81,3,0.6155,0.0183
RNG(-0.1),2.82,3,0.6155,0.0182
RNG(-0.1),2.83,3,0.6156,0.018
RNG(-0.1),2.84,3,0.6156,0.018
RNG(-0.1),2.85,3,0.6156,0.0181
RNG(-0.1),2.86,3,0.6157,0.0184
RNG(-0.1),2.87,3,0.6157,0.0186
RNG(-0.1),2.88,3,0.6156,0.0187
RNG(-0.1),2.89,3,0.6156,0.0184
RNG(-0.1),2.9,3,0.6155,0.0187
RNG(-0.1),2.91,3,0.6156,0.019
RNG(-0.1),2.92,3,0.6157,0.0186
RNG(-0.1),2.93,3,0.6156,0.0185
RNG(-0.1),2.94,3,0.6155,0.0184
RNG(-0.1),2.95,3,0.6154,0.0184
RNG(-0.1),2.96,3,0.6153,0.0186
RNG(-0.1),2.97,3,0.6153,0.0183
RNG(-0.1),2.98,3,0.6153,0.0183
RNG(-0.1),2.99,3,0.6153,0.0183
RNG(-0.1),3.0,3,0.6152,0.0184
RNG(-0.1),3.01,3,0.615,0.0186
RNG(-0.1),3.02,3,0.615,0.0186
RNG(-0.1),3.03,3,0.615,0.0187
RNG(-0.1),3.04,3,0.6148,0.0189
RNG(-0.1),3.05,3,0.6148,0.0191
RNG(-0.1),3.06,3,0.6147,0.0194
RNG(-0.1),3.07,3,0.6148,0.0198
RNG(-0.1),3.08,3,0.6147,0.0194
RNG(-0.1),3.09,3,0.6147,0.0195
RNG(-0.1),3.1,3,0.6146,0.0195
RNG(-0.1),3.11,3,0.6146,0.0194
RNG(-0.1),3.12,3,0.6147,0.0193
RNG(-0.1),3.13,3,0.6147,0.0193
RNG(-0.1),3.14,3,0.6146,0.0193
RNG(-0.1),3.15,3,0.6146,0.0194
RNG(-0.1),3.16,3,0.6147,0.0189
RNG(-0.1),3.17,3,0.6147,0.019
RNG(-0.1),3.18,3,0.6147,0.0189
RNG(-0.1),3.19,3,0.6149,0.0189
RNG(-0.1),3.2,3,0.6149,0.019
RNG(-0.1),3.21,3,0.615,0.0188
RNG(-0.1),3.22,3,0.615,0.0189
RNG(-0.1),3.23,3,0.6149,0.019
RNG(-0.1),3.24,3,0.6149,0.019
RNG(-0.1),3.25,3,0.615,0.0189
RNG(-0.1),3.26,3,0.6147,0.0191
RNG(-0.1),3.27,3,0.6147,0.0191
RNG(-0.1),3.28,3,0.6147,0.019
RNG(-0.1),3.29,3,0.6147,0.0188
RNG(-0.1),3.3,3,0.6146,0.019
RNG(-0.1),3.31,3,0.6144,0.0192
RNG(-0.1),3.32,3,0.6146,0.0197
RNG(-0.1),3.33,3,0.6146,0.0197
RNG(-0.1),3.34,3,0.6146,0.0199
RNG(-0.1),3.35,3,0.6145,0.0196
RNG(-0.1),3.36,3,0.6145,0.0197
RNG(-0.1),3.37,3,0.6144,0.0197
RNG(-0.1),3.38,3,0.6144,0.0197
RNG(-0.1),3.39,3,0.6144,0.0195
RNG(-0.1),3.4,3,0.6144,0.0194
RNG(-0.1),3.41,3,0.6145,0.0195
RNG(-0.1),3.42,3,0.6144,0.0195
RNG(-0.1),3.43,3,0.6145,0.0195
RNG(-0.1),3.44,3,0.6144,0.0195
RNG(-0.1),3.45,3,0.6143,0.0196
RNG(-0.1),3.46,3,0.6143,0.0196
RNG(-0.1),3.47,3,0.6143,0.0196
RNG(-0.1),3.48,3,0.6143,0.0196
RNG(-0.1),3.49,3,0.6143,0.0197
RNG(-0.1),3.5,3,0.6143,0.0195
RNG(-0.1),3.51,3,0.6144,0.0195
RNG(-0.1),3.52,3,0.6144,0.0194
RNG(-0.1),3.53,3,0.6143,0.0193
RNG(-0.1),3.54,3,0.6143,0.0194
RNG(-0.1),3.55,3,0.6142,0.0195
RNG(-0.1),3.56,3,0.6142,0.0196
RNG(-0.1),3.57,3,0.6142,0.0197
RNG(-0.1),3.58,3,0.6142,0.0197
RNG(-0.1),3.59,3,0.6141,0.0196
RNG(-0.1),3.6,3,0.6141,0.0195
RNG(-0.1),3.61,3,0.6141,0.0198
RNG(-0.1),3.62,3,0.614,0.0196
RNG(-0.1),3.63,3,0.614,0.0194
RNG(-0.1),3.64,3,0.6139,0.0195
RNG(-0.1),3.65,3,0.6139,0.0195
RNG(-0.1),3.66,3,0.6139,0.0195
RNG(-0.1),3.67,3,0.6139,0.0195
RNG(-0.1),3.68,3,0.614,0.0194
RNG(-0.1),3.69,3,0.614,0.0194
RNG(-0.1),3.7,3,0.6139,0.0199
RNG(-0.1),3.71,3,0.614,0.0201
RNG(-0.1),3.72,3,0.6139,0.0201
RNG(-0.1),3.73,3,0.6138,0.02
RNG(-0.1),3.74,3,0.6138,0.0201
RNG(-0.1),3.75,3,0.6137,0.0199
RNG(-0.1),3.76,3,0.6137,0.0199
RNG(-0.1),3.77,3,0.6137,0.0199
RNG(-0.1),3.78,3,0.6137,0.0199
RNG(-0.1),3.79,3,0.6137,0.0199
RNG(-0.1),3.8,3,0.6137,0.0199
RNG(-0.1),3.81,3,0.6136,0.0199
RNG(-0.1),3.82,3,0.6136,0.0199
RNG(-0.1),3.83,3,0.6135,0.02
RNG(-0.1),3.84,3,0.6135,0.02
RNG(-0.1),3.85,3,0.6135,0.02
RNG(-0.1),3.86,3,0.6135,0.02
RNG(-0.1),3.87,3,0.6135,0.02
RNG(-0.1),3.88,3,0.6135,0.02
RNG(-0.1),3.89,3,0.6135,0.02
RNG(-0.1),3.9,3,0.6135,0.0201
RNG(-0.1),3.91,3,0.6135,0.0201
RNG(-0.1),3.92,3,0.6134,0.0199
RNG(-0.1),3.93,3,0.6134,0.0198
RNG(-0.1),3.94,3,0.6134,0.0198
RNG(-0.1),3.95,3,0.6134,0.0199
RNG(-0.1),3.96,3,0.6134,0.0201
RNG(-0.1),3.97,3,0.6134,0.0201
RNG(-0.1),3.98,3,0.6133,0.0201
RNG(-0.1),3.99,3,0.6133,0.0201
RNG(-0.1),4.0,3,0.6133,0.0201
RNG(-0.1),4.01,3,0.6131,0.0198
RNG(-0.1),4.02,3,0.6131,0.0198
RNG(-0.1),4.03,3,0.613,0.0199
RNG(-0.1),4.04,3,0.613,0.0199
RNG(-0.1),4.05,3,0.613,0.0199
RNG(-0.1),4.06,3,0.613,0.0199
RNG(-0.1),4.07,3,0.613,0.0199
RNG(-0.1),4.08,3,0.613,0.02
RNG(-0.1),4.09,3,0.613,0.02
RNG(-0.1),4.1,3,0.613,0.02
RNG(-0.1),4.11,3,0.613,0.02
RNG(-0.1),4.12,3,0.613,0.02
RNG(-0.1),4.13,3,0.613,0.0199
RNG(-0.1),4.14,3,0.613,0.0199
RNG(-0.1),4.15,3,0.613,0.0199
RNG(-0.1),4.16,3,0.613,0.0199
RNG(-0.1),4.17,3,0.613,0.0199
RNG(-0.1),4.18,3,0.613,0.0199
RNG(-0.1),4.19,3,0.6129,0.02
RNG(-0.1),4.2,3,0.6129,0.02
RNG(-0.1),4.21,3,0.6129,0.02
RNG(-0.1),4.22,3,0.6129,0.02
RNG(-0.1),4.23,3,0.6129,0.02
RNG(-0.1),4.24,3,0.6129,0.02
RNG(-0.1),4.25,3,0.6129,0.02
RNG(-0.1),4.26,3,0.6129,0.02
RNG(-0.1),4.27,3,0.6129,0.02
RNG(-0.1),4.28,3,0.6129,0.02
RNG(-0.1),4.29,3,0.6129,0.02
RNG(-0.1),4.3,3,0.6129,0.02
RNG(-0.1),4.31,3,0.6129,0.02
RNG(-0.1),4.32,3,0.6129,0.02
RNG(-0.1),4.33,3,0.6129,0.02
RNG(-0.1),4.34,3,0.6129,0.02
RNG(-0.1),4.35,3,0.6129,0.02
RNG(-0.1),4.36,3,0.6129,0.0199
RNG(-0.1),4.37,3,0.6129,0.0199
RNG(-0.1),4.38,3,0.6129,0.0199
RNG(-0.1),4.39,3,0.6129,0.0199
RNG(-0.1),4.4,2,0.6152,0.0889
RNG(-0.1),4.41,3,0.6129,0.0199
RNG(-0.1),4.42,3,0.6129,0.0199
RNG(-0.1),4.43,3,0.6129,0.0199
RNG(-0.1),4.44,3,0.6129,0.0199
RNG(-0.1),4.45,3,0.6129,0.0199
RNG(-0.1),4.46,2,0.6083,0.0013
RNG(-0.1),4.47,2,0.6152,0.0889
RNG(-0.1),4.48,3,0.6129,0.0199
RNG(-0.1),4.51,3,0.6129,0.0199
RNG(-0.1),4.52,3,0.613,0.0199
RNG(-0.1),4.54,2,0.6152,0.0889
RNG(-0.1),4.55,3,0.613,0.0199
RNG(-0.1),4.56,2,0.6152,0.0889
RNG(-0.1),4.57,3,0.613,0.0199
RNG(-0.1),4.58,2,0.6083,0.0019
RNG(-0.1),4.6,2,0.6152,0.0889
RNG(-0.1),4.61,3,0.613,0.0199
RNG(-0.05),0.99,3,0.5726,0.0179
RNG(-0.05),1.0,3,0.5726,0.0179
RNG(-0.05),1.01,3,0.5739,0.0188
RNG(-0.05),1.02,3,0.5768,0.0198
RNG(-0.05),1.03,3,0.5819,0.0193
RNG(-0.05),1.04,3,0.5866,0.0182
RNG(-0.05),1.05,3,0.5915,0.0192
RNG(-0.05),1.06,3,0.5956,0.019
RNG(-0.05),1.07,3,0.5987,0.019
RNG(-0.05),1.08,3,0.6008,0.0192
RNG(-0.05),1.09,3,0.6021,0.0189
RNG(-0.05),1.1,3,0.6031,0.0192
RNG(-0.05),1.11,3,0.6038,0.0195
RNG(-0.05),1.12,3,0.6044,0.0199
RNG(-0.05),1.13,3,0.6047,0.0201
RNG(-0.05),1.14,3,0.605,0.0203
RNG(-0.05),1.15,3,0.6051,0.0203
RNG(-0.05),1.16,3,0.6052,0.0205
RNG(-0.05),1.17,3,0.6052,0.0204
RNG(-0.05),1.18,3,0.6053,0.0203
RNG(-0.05),1.19,3,0.6053,0.0205
RNG(-0.05),1.2,3,0.6054,0.0202
RNG(-0.05),1.21,3,0.6054,0.0202
RNG(-0.05),1.22,3,0.6054,0.0202
RNG(-0.05),1.23,3,0.6056,0.0201
RNG(-0.05),1.24,3,0.6056,0.02
RNG(-0.05),1.25,3,0.6056,0.0202
RNG(-0.05),1.26,3,0.6057,0.02
RNG(-0.05),1.27,3,0.6058,0.02
RNG(-0.05),1.28,3,0.6059,0.02
RNG(-0.05),1.29,3,0.6059,0.0202
RNG(-0.05),1.3,3,0.606,0.0204
RNG(-0.05),1.31,3,0.606,0.0206
RNG(-0.05),1.32,3,0.606,0.0208
RNG(-0.05),1.33,3,0.6061,0.0209
RNG(-0.05),1.34,3,0.606,0.0209
RNG(-0.05),1.35,3,0.6061,0.0211
RNG(-0.05),1.36,3,0.6063,0.0212
RNG(-0.05),1.37,3,0.6064,0.021
RNG(-0.05),1.38,3,0.6066,0.0211
RNG(-0.05),1.39,3,0.6067,0.0208
RNG(-0.05),1.4,3,0.6067,0.0209
RNG(-0.05),1.41,3,0.6067,0.021
RNG(-0.05),1.42,3,0.6069,0.0209
RNG(-0.05),1.43,3,0.607,0.0208
RNG(-0.05),1.44,3,0.6071,0.0207
RNG(-0.05),1.45,3,0.6071,0.0208
RNG(-0.05),1.46,3,0.6072,0.0209
RNG(-0.05),1.47,3,0.6073,0.0207
RNG(-0.05),1.48,3,0.6074,0.0204
RNG(-0.05),1.49,3,0.6075,0.0203
RNG(-0.05),1.5,3,0.6075,0.0204
RNG(-0.05),1.51,3,0.6077,0.0205
RNG(-0.05),1.52,3,0.6079,0.0206
RNG(-0.05),1.53,3,0.6082,0.0209
RNG(-0.05),1.54,3,0.6084,0.0207
RNG(-0.05),1.55,3,0.6086,0.0209
RNG(-0.05),1.56,3,0.6086,0.021
RNG(-0.05),1.57,3,0.6088,0.0212
RNG(-0.05),1.58,3,0.609,0.0215
RNG(-0.05),1.59,3,0.6093,0.0219
RNG(-0.05),1.6,3,0.6097,0.0216
RNG(-0.05),1.61,3,0.6099,0.0216
RNG(-0.05),1.62,3,0.6102,0.0218
RNG(-0.05),1.63,3,0.6104,0.0215
RNG(-0.05),1.64,3,0.6107,0.0213
RNG(-0.05),1.65,3,0.6109,0.0215
RNG(-0.05),1.66,3,0.6113,0.0213
RNG(-0.05),1.67,3,0.6115,0.0213
RNG(-0.05),1.68,3,0.6117,0.0211
RNG(-0.05),1.69,3,0.6119,0.0213
RNG(-0.05),1.7,3,0.6121,0.0215
RNG(-0.05),1.71,3,0.6121,0.0212
RNG(-0.05),1.72,3,0.6123,0.0212
RNG(-0.05),1.73,3,0.6123,0.021
RNG(-0.05),1.74,3,0.6123,0.0212
RNG(-0.05),1.75,3,0.6125,0.0215
RNG(-0.05),1.76,3,0.6126,0.0215
RNG(-0.05),1.77,3,0.6125,0.0219
RNG(-0.05),1.78,3,0.6126,0.0219
RNG(-0.05),1.79,3,0.6126,0.0221
RNG(-0.05),1.8,3,0.6127,0.0219
RNG(-0.05),1.81,3,0.6128,0.0222
RNG(-0.05),1.82,3,0.6129,0.0222
RNG(-0.05),1.83,3,0.613,0.0219
RNG(-0.05),1.84,3,0.613,0.0222
RNG(-0.05),1.85,3,0.613,0.0223
RNG(-0.05),1.86,3,0.6131,0.0225
RNG(-0.05),1.87,3,0.6131,0.0224
RNG(-0.05),1.88,3,0.6131,0.0227
RNG(-0.05),1.89,3,0.613,0.0227
RNG(-0.05),1.9,3,0.6129,0.0223
RNG(-0.05),1.91,3,0.6129,0.0224
RNG(-0.05),1.92,3,0.613,0.0225
RNG(-0.05),1.93,3,0.6129,0.0221
RNG(-0.05),1.94,3,0.613,0.0222
RNG(-0.05),1.95,3,0.6131,0.0221
RNG(-0.05),1.96,3,0.6132,0.022
RNG(-0.05),1.97,3,0.6133,0.0222
RNG(-0.05),1.98,3,0.6133,0.0223
RNG(-0.05),1.99,3,0.6134,0.0224
RNG(-0.05),2.0,3,0.6135,0.0224
RNG(-0.05),2.01,3,0.6135,0.0223
RNG(-0.05),2.02,3,0.6136,0.0224
RNG(-0.05),2.03,3,0.6136,0.0225
RNG(-0.05),2.04,3,0.6137,0.0222
RNG(-0.05),2.05,3,0.6136,0.022
RNG(-0.05),2.06,3,0.6136,0.022
RNG(-0.05),2.07,3,0.6136,0.0218
RNG(-0.05),2.08,3,0.6136,0.0215
RNG(-0.05),2.09,3,0.6136,0.0212
RNG(-0.05),2.1,3,0.6132,0.0204
RNG(-0.05),2.11,3,0.6133,0.0201
RNG(-0.05),2.12,3,0.6132,0.0202
RNG(-0.05),2.13,3,0.6133,0.0197
RNG(-0.05),2.14,3,0.6133,0.0194
RNG(-0.05),2.15,3,0.6133,0.0194
RNG(-0.05),2.16,3,0.6132,0.0196
RNG(-0.05),2.17,3,0.6133,0.0194
RNG(-0.05),2.18,3,0.6133,0.0192
RNG(-0.05),2.19,3,0.6134,0.0197
RNG(-0.05),2.2,3,0.6133,0.0196
RNG(-0.05),2.21,3,0.6133,0.0194
RNG(-0.05),2.22,3,0.6134,0.0187
RNG(-0.05),2.23,3,0.6134,0.0187
RNG(-0.05),2.24,3,0.6133,0.0187
RNG(-0.05),2.25,3,0.6134,0.0188
RNG(-0.05),2.26,3,0.6132,0.0189
RNG(-0.05),2.27,3,0.6133,0.0191
RNG(-0.05),2.28,3,0.6133,0.0189
RNG(-0.05),2.29,3,0.6133,0.0189
RNG(-0.05),2.3,3,0.6133,0.0189
RNG(-0.05),2.31,3,0.6133,0.0186
RNG(-0.05),2.32,3,0.6133,0.0189
RNG(-0.05),2.33,3,0.6133,0.0191
RNG(-0.05),2.34,3,0.6133,0.0189
RNG(-0.05),2.35,3,0.6132,0.0192
RNG(-0.05),2.36,3,0.6132,0.0189
RNG(-0.05),2.37,3,0.6132,0.019
RNG(-0.05),2.38,3,0.6132,0.0194
RNG(-0.05),2.39,3,0.6132,0.0193
RNG(-0.05),2.4,3,0.6132,0.0193
RNG(-0.05),2.41,3,0.6134,0.0192
RNG(-0.05),2.42,3,0.6134,0.0192
RNG(-0.05),2.43,3,0.6133,0.0189
RNG(-0.05),2.44,3,0.6133,0.0189
RNG(-0.05),2.45,3,0.6133,0.0189
RNG(-0.05),2.46,3,0.6133,0.0192
RNG(-0.05),2.47,3,0.6133,0.0188
RNG(-0.05),2.48,3,0.6132,0.0187
RNG(-0.05),2.49,3,0.6132,0.019
RNG(-0.05),2.5,3,0.6132,0.019
RNG(-0.05),2.51,3,0.613,0.0187
RNG(-0.05),2.52,3,0.6131,0.0185
RNG(-0.05),2.53,3,0.613,0.0185
RNG(-0.05),2.54,3,0.6129,0.0184
RNG(-0.05),2.55,3,0.6129,0.0184
RNG(-0.05),2.56,3,0.613,0.0183
RNG(-0.05),2.57,3,0.6129,0.0184
RNG(-0.05),2.58,3,0.613,0.0186
RNG(-0.05),2.59,3,0.613,0.019
RNG(-0.05),2.6,3,0.6129,0.0187
RNG(-0.05),2.61,3,0.6129,0.0189
RNG(-0.05),2.62,3,0.6129,0.0187
RNG(-0.05),2.63,3,0.6132,0.0187
RNG(-0.05),2.64,3,0.6132,0.019
RNG(-0.05),2.65,3,0.6132,0.0191
RNG(-0.05),2.66,3,0.6132,0.019
RNG(-0.05),2.67,3,0.6132,0.0193
RNG(-0.05),2.68,3,0.6132,0.0192
RNG(-0.05),2.69,3,0.6131,0.019
RNG(-0.05),2.7,3,0.6133,0.0188
RNG(-0.05),2.71,3,0.6133,0.0187
RNG(-0.05),2.72,3,0.6134,0.0186
RNG(-0.05),2.73,3,0.6133,0.0183
RNG(-0.05),2.74,3,0.6133,0.0184
RNG(-0.05),2.75,3,0.6132,0.0185
RNG(-0.05),2.76,3,0.6131,0.0182
RNG(-0.05),2.77,3,0.6131,0.0181
RNG(-0.05),2.78,3,0.613,0.0181
RNG(-0.05),2.79,3,0.6129,0.0185
RNG(-0.05),2.8,3,0.6129,0.0184
RNG(-0.05),2.81,3,0.6128,0.0182
RNG(-0.05),2.82,3,0.6128,0.0181
RNG(-0.05),2.83,3,0.6125,0.0187
RNG(-0.05),2.84,3,0.6125,0.0189
RNG(-0.05),2.85,3,0.6125,0.0191
RNG(-0.05),2.86,3,0.6125,0.0194
RNG(-0.05),2.87,3,0.6125,0.0197
RNG(-0.05),2.88,3,0.6125,0.0198
RNG(-0.05),2.89,3,0.6124,0.0197
RNG(-0.05),2.9,3,0.6124,0.0199
RNG(-0.05),2.91,3,0.6124,0.0204
RNG(-0.05),2.92,3,0.6125,0.0201
RNG(-0.05),2.93,3,0.6124,0.0199
RNG(-0.05),2.94,3,0.6123,0.0198
RNG(-0.05),2.95,3,0.6122,0.0199
RNG(-0.05),2.96,3,0.6121,0.0199
RNG(-0.05),2.97,3,0.612,0.0197
RNG(-0.05),2.98,3,0.6122,0.0197
RNG(-0.05),2.99,3,0.6121,0.0196
RNG(-0.05),3.0,3,0.612,0.0197
RNG(-0.05),3.01,3,0.6119,0.0199
RNG(-0.05),3.02,3,0.6117,0.0199
RNG(-0.05),3.03,3,0.6117,0.0199
RNG(-0.05),3.04,3,0.6115,0.0202
RNG(-0.05),3.05,3,0.6115,0.0201
RNG(-0.05),3.06,3,0.6114,0.0204
RNG(-0.05),3.07,3,0.6113,0.021
RNG(-0.05),3.08,3,0.6113,0.0208
RNG(-0.05),3.09,3,0.6113,0.0207
RNG(-0.05),3.1,3,0.6112,0.0207
RNG(-0.05),3.11,3,0.6112,0.0204
RNG(-0.05),3.12,3,0.6112,0.0206
RNG(-0.05),3.13,3,0.6112,0.0204
RNG(-0.05),3.14,3,0.6113,0.0203
RNG(-0.05),3.15,3,0.6113,0.0202
RNG(-0.05),3.16,3,0.6112,0.0201
RNG(-0.05),3.17,3,0.6112,0.0199
RNG(-0.05),3.18,3,0.6112,0.0197
RNG(-0.05),3.19,3,0.6114,0.0198
RNG(-0.05),3.2,3,0.6114,0.0201
RNG(-0.05),3.21,3,0.6114,0.0202
RNG(-0.05),3.22,3,0.6114,0.0204
RNG(-0.05),3.23,3,0.6114,0.0207
RNG(-0.05),3.24,3,0.6114,0.0208
RNG(-0.05),3.25,3,0.6115,0.0207
RNG(-0.05),3.26,3,0.6112,0.0211
RNG(-0.05),3.27,3,0.6112,0.0211
RNG(-0.05),3.28,3,0.6112,0.0211
RNG(-0.05),3.29,3,0.611,0.0212
RNG(-0.05),3.3,3,0.611,0.0215
RNG(-0.05),3.31,3,0.6107,0.0219
RNG(-0.05),3.32,3,0.6108,0.0223
RNG(-0.05),3.33,3,0.6108,0.0223
RNG(-0.05),3.34,3,0.6108,0.0224
RNG(-0.05),3.35,3,0.6108,0.0222
RNG(-0.05),3.36,3,0.6108,0.0222
RNG(-0.05),3.37,3,0.6106,0.0223
RNG(-0.05),3.38,3,0.6106,0.0221
RNG(-0.05),3.39,3,0.6107,0.0219
RNG(-0.05),3.4,3,0.6107,0.0218
RNG(-0.05),3.41,3,0.6107,0.0219
RNG(-0.05),3.42,3,0.6106,0.0219
RNG(-0.05),3.43,3,0.6107,0.022
RNG(-0.05),3.44,3,0.6106,0.022
RNG(-0.05),3.45,3,0.6106,0.022
RNG(-0.05),3.46,3,0.6105,0.0219
RNG(-0.05),3.47,3,0.6105,0.0219
RNG(-0.05),3.48,3,0.6105,0.0219
RNG(-0.05),3.49,3,0.6105,0.0219
RNG(-0.05),3.5,3,0.6106,0.0218
RNG(-0.05),3.51,3,0.6106,0.0218
RNG(-0.05),3.52,3,0.6106,0.0216
RNG(-0.05),3.53,3,0.6105,0.0215
RNG(-0.05),3.54,3,0.6105,0.0218
RNG(-0.05),3.55,3,0.6104,0.0219
RNG(-0.05),3.56,3,0.6104,0.022
RNG(-0.05),3.57,3,0.6104,0.022
RNG(-0.05),3.58,3,0.6103,0.0219
RNG(-0.05),3.59,3,0.6103,0.022
RNG(-0.05),3.6,3,0.6104,0.0218
RNG(-0.05),3.61,3,0.6103,0.0221
RNG(-0.05),3.62,3,0.6102,0.0219
RNG(-0.05),3.63,3,0.6102,0.0216
RNG(-0.05),3.64,3,0.6101,0.0217
RNG(-0.05),3.65,3,0.6102,0.0221
RNG(-0.05),3.66,3,0.6102,0.022
RNG(-0.05),3.67,3,0.6102,0.022
RNG(-0.05),3.68,3,0.6102,0.022
RNG(-0.05),3.69,3,0.6102,0.0219
RNG(-0.05),3.7,3,0.6105,0.0235
RNG(-0.05),3.71,3,0.6105,0.0237
RNG(-0.05),3.72,3,0.6104,0.0236
RNG(-0.05),3.73,3,0.6103,0.0235
RNG(-0.05),3.74,3,0.6102,0.0236
RNG(-0.05),3.75,3,0.6103,0.0235
RNG(-0.05),3.76,3,0.6103,0.0235
RNG(-0.05),3.77,3,0.6103,0.0235
RNG(-0.05),3.78,3,0.6103,0.0235
RNG(-0.05),3.79,3,0.6102,0.0234
RNG(-0.05),3.8,3,0.6102,0.0233
RNG(-0.05),3.81,3,0.6102,0.0235
RNG(-0.05),3.82,3,0.6102,0.0233
RNG(-0.05),3.83,3,0.61,0.0235
RNG(-0.05),3.84,3,0.61,0.0234
RNG(-0.05),3.85,3,0.61,0.0234
RNG(-0.05),3.86,3,0.61,0.0233
RNG(-0.05),3.87,3,0.61,0.0232
RNG(-0.05),3.88,3,0.6101,0.0231
RNG(-0.05),3.89,3,0.6101,0.0228
RNG(-0.05),3.9,3,0.6101,0.0229
RNG(-0.05),3.91,3,0.6101,0.0229
RNG(-0.05),3.92,3,0.61,0.0228
RNG(-0.05),3.93,3,0.61,0.0227
RNG(-0.05),3.94,3,0.61,0.0228
RNG(-0.05),3.95,3,0.6101,0.0229
RNG(-0.05),3.96,3,0.6099,0.0232
RNG(-0.05),3.97,3,0.6099,0.0232
RNG(-0.05),3.98,3,0.6097,0.0236
RNG(-0.05),3.99,3,0.6097,0.0236
RNG(-0.05),4.0,3,0.6097,0.0236
RNG(-0.05),4.01,3,0.6095,0.0233
RNG(-0.05),4.02,3,0.6095,0.0233
RNG(-0.05),4.03,3,0.6095,0.0234
RNG(-0.05),4.04,3,0.6095,0.0235
RNG(-0.05),4.05,3,0.6095,0.0235
RNG(-0.05),4.06,3,0.6095,0.0234
RNG(-0.05),4.07,3,0.6095,0.0234
RNG(-0.05),4.08,3,0.6094,0.0234
RNG(-0.05),4.09,3,0.6094,0.0234
RNG(-0.05),4.1,3,0.6095,0.0234
RNG(-0.05),4.11,3,0.6095,0.0234
RNG(-0.05),4.12,3,0.6094,0.0232
RNG(-0.05),4.13,3,0.6094,0.0233
RNG(-0.05),4.14,3,0.6094,0.0233
RNG(-0.05),4.15,3,0.6094,0.0233
RNG(-0.05),4.16,3,0.6092,0.0235
RNG(-0.05),4.17,3,0.6092,0.0235
RNG(-0.05),4.18,3,0.6092,0.0235
RNG(-0.05),4.19,3,0.6092,0.0236
RNG(-0.05),4.2,3,0.6092,0.0236
RNG(-0.05),4.21,3,0.6092,0.0236
RNG(-0.05),4.22,3,0.6091,0.0236
RNG(-0.05),4.23,3,0.6091,0.0236
RNG(-0.05),4.24,3,0.6091,0.0236
RNG(-0.05),4.25,3,0.6091,0.0236
RNG(-0.05),4.26,3,0.6091,0.0236
RNG(-0.05),4.27,3,0.6091,0.0237
RNG(-0.05),4.28,3,0.6091,0.0237
RNG(-0.05),4.29,3,0.6091,0.0237
RNG(-0.05),4.3,3,0.6091,0.0237
RNG(-0.05),4.31,3,0.6091,0.0237
RNG(-0.05),4.32,3,0.6091,0.0237
RNG(-0.05),4.33,3,0.6091,0.0237
RNG(-0.05),4.34,3,0.6091,0.0237
RNG(-0.05),4.35,3,0.6091,0.0237
RNG(-0.05),4.36,3,0.6091,0.0236
RNG(-0.05),4.37,3,0.6091,0.0236
RNG(-0.05),4.38,3,0.6091,0.0236
RNG(-0.05),4.39,3,0.6091,0.0236
RNG(-0.05),4.4,2,0.6116,0.1086
RNG(-0.05),4.41,3,0.6091,0.0236
RNG(-0.05),4.42,3,0.6091,0.0236
RNG(-0.05),4.43,3,0.6091,0.0236
RNG(-0.05),4.44,3,0.6091,0.0236
RNG(-0.05),4.45,3,0.6091,0.0236
RNG(-0.05),4.46,2,0.6037,0.0083
RNG(-0.05),4.47,2,0.6116,0.1086
RNG(-0.05),4.48,3,0.6091,0.0236
RNG(-0.05),4.51,3,0.6091,0.0236
RNG(-0.05),4.52,3,0.6092,0.0236
RNG(-0.05),4.54,2,0.6116,0.1086
RNG(-0.05),4.55,3,0.6092,0.0236
RNG(-0.05),4.56,2,0.6116,0.1086
RNG(-0.05),4.57,3,0.6092,0.0236
RNG(-0.05),4.58,2,0.6037,0.0089
RNG(-0.05),4.6,2,0.6116,0.1086
RNG(-0.05),4.61,3,0.6092,0.0236
RNG(0),0.99,3,0.5726,0.0179
RNG(0),1.0,3,0.5726,0.0179
RNG(0),1.01,3,0.5739,0.019
RNG(0),1.02,3,0.5768,0.0199
RNG(0),1.03,3,0.5815,0.0193
RNG(0),1.04,3,0.5861,0.0186
RNG(0),1.05,3,0.5907,0.0192
RNG(0),1.06,3,0.5944,0.0187
RNG(0),1.07,3,0.5973,0.0187
RNG(0),1.08,3,0.5993,0.0187
RNG(0),1.09,3,0.6005,0.0186
RNG(0),1.1,3,0.6014,0.0188
RNG(0),1.11,3,0.6022,0.0192
RNG(0),1.12,3,0.6027,0.0194
RNG(0),1.13,3,0.603,0.0196
RNG(0),1.14,3,0.6032,0.0198
RNG(0),1.15,3,0.6033,0.0198
RNG(0),1.16,3,0.6034,0.02
RNG(0),1.17,3,0.6035,0.0199
RNG(0),1.18,3,0.6036,0.0198
RNG(0),1.19,3,0.6035,0.02
RNG(0),1.2,3,0.6037,0.0199
RNG(0),1.21,3,0.6037,0.0198
RNG(0),1.22,3,0.6038,0.0196
RNG(0),1.23,3,0.6039,0.0194
RNG(0),1.24,3,0.6039,0.0192
RNG(0),1.25,3,0.6039,0.0195
RNG(0),1.26,3,0.604,0.0192
RNG(0),1.27,3,0.604,0.0192
RNG(0),1.28,3,0.604,0.0189
RNG(0),1.29,3,0.604,0.0192
RNG(0),1.3,3,0.604,0.0192
RNG(0),1.31,3,0.6041,0.0194
RNG(0),1.32,3,0.6041,0.0197
RNG(0),1.33,3,0.6041,0.0199
RNG(0),1.34,3,0.6039,0.0202
RNG(0),1.35,3,0.604,0.0202
RNG(0),1.36,3,0.6043,0.0201
RNG(0),1.37,3,0.6044,0.0201
RNG(0),1.38,3,0.6045,0.0202
RNG(0),1.39,3,0.6046,0.02
RNG(0),1.4,3,0.6046,0.02
RNG(0),1.41,3,0.6047,0.02
RNG(0),1.42,3,0.6049,0.02
RNG(0),1.43,3,0.6051,0.02
RNG(0),1.44,3,0.6051,0.0202
RNG(0),1.45,3,0.6052,0.0204
RNG(0),1.46,3,0.6053,0.0202
RNG(0),1.47,3,0.6054,0.0204
RNG(0),1.48,3,0.6056,0.0203
RNG(0),1.49,3,0.6056,0.0201
RNG(0),1.5,3,0.6056,0.0202
RNG(0),1.51,3,0.6057,0.0201
RNG(0),1.52,3,0.6059,0.0201
RNG(0),1.53,3,0.606,0.0206
RNG(0),1.54,3,0.6063,0.0203
RNG(0),1.55,3,0.6064,0.0203
RNG(0),1.56,3,0.6064,0.0205
RNG(0),1.57,3,0.6065,0.0207
RNG(0),1.58,3,0.6069,0.021
RNG(0),1.59,3,0.6071,0.0212
RNG(0),1.6,3,0.6074,0.0212
RNG(0),1.61,3,0.6075,0.0211
RNG(0),1.62,3,0.6078,0.0214
RNG(0),1.63,3,0.608,0.021
RNG(0),1.64,3,0.6082,0.021
RNG(0),1.65,3,0.6084,0.0213
RNG(0),1.66,3,0.6087,0.0212
RNG(0),1.67,3,0.6089,0.0211
RNG(0),1.68,3,0.6091,0.021
RNG(0),1.69,3,0.6092,0.0211
RNG(0),1.7,3,0.6094,0.0214
RNG(0),1.71,3,0.6094,0.0209
RNG(0),1.72,3,0.6095,0.0207
RNG(0),1.73,3,0.6095,0.0206
RNG(0),1.74,3,0.6095,0.0209
RNG(0),1.75,3,0.6097,0.021
RNG(0),1.76,3,0.6097,0.0209
RNG(0),1.77,3,0.6097,0.0213
RNG(0),1.78,3,0.6098,0.0211
RNG(0),1.79,3,0.6097,0.0213
RNG(0),1.8,3,0.6099,0.0213
RNG(0),1.81,3,0.6099,0.0214
RNG(0),1.82,3,0.61,0.0216
RNG(0),1.83,3,0.6101,0.0214
RNG(0),1.84,3,0.6101,0.0217
RNG(0),1.85,3,0.6101,0.0217
RNG(0),1.86,3,0.6102,0.022
RNG(0),1.87,3,0.6102,0.0221
RNG(0),1.88,3,0.6102,0.0222
RNG(0),1.89,3,0.6102,0.0223
RNG(0),1.9,3,0.61,0.0217
RNG(0),1.91,3,0.6101,0.0218
RNG(0),1.92,3,0.6102,0.0216
RNG(0),1.93,3,0.6101,0.0214
RNG(0),1.94,3,0.6102,0.0213
RNG(0),1.95,3,0.6102,0.0213
RNG(0),1.96,3,0.6102,0.0215
RNG(0),1.97,3,0.6103,0.0217
RNG(0),1.98,3,0.6103,0.0217
RNG(0),1.99,3,0.6104,0.0218
RNG(0),2.0,3,0.6106,0.0219
RNG(0),2.01,3,0.6105,0.0215
RNG(0),2.02,3,0.6107,0.0217
RNG(0),2.03,3,0.6107,0.0217
RNG(0),2.04,3,0.6106,0.0214
RNG(0),2.05,3,0.6105,0.0213
RNG(0),2.06,3,0.6105,0.0209
RNG(0),2.07,3,0.6105,0.0209
RNG(0),2.08,3,0.6106,0.0204
RNG(0),2.09,3,0.6104,0.02
RNG(0),2.1,3,0.6102,0.0191
RNG(0),2.11,3,0.6102,0.0189
RNG(0),2.12,3,0.6101,0.0189
RNG(0),2.13,3,0.6101,0.0184
RNG(0),2.14,3,0.6101,0.0182
RNG(0),2.15,3,0.6102,0.0181
RNG(0),2.16,3,0.6101,0.0184
RNG(0),2.17,3,0.6102,0.0182
RNG(0),2.18,3,0.6102,0.0182
RNG(0),2.19,3,0.6102,0.0184
RNG(0),2.2,3,0.6101,0.0182
RNG(0),2.21,3,0.6101,0.0182
RNG(0),2.22,3,0.6102,0.0177
RNG(0),2.23,3,0.6102,0.0177
RNG(0),2.24,3,0.6101,0.0173
RNG(0),2.25,3,0.6101,0.0177
RNG(0),2.26,3,0.61,0.0175
RNG(0),2.27,3,0.6101,0.0177
RNG(0),2.28,3,0.61,0.0177
RNG(0),2.29,3,0.6099,0.0179
RNG(0),2.3,3,0.61,0.0178
RNG(0),2.31,3,0.6099,0.0177
RNG(0),2.32,3,0.6099,0.0178
RNG(0),2.33,3,0.6099,0.018
RNG(0),2.34,3,0.6098,0.0178
RNG(0),2.35,3,0.6097,0.0182
RNG(0),2.36,3,0.6098,0.0179
RNG(0),2.37,3,0.6097,0.0181
RNG(0),2.38,3,0.6097,0.0183
RNG(0),2.39,3,0.6097,0.0184
RNG(0),2.4,3,0.6097,0.0184
RNG(0),2.41,3,0.6098,0.0183
RNG(0),2.42,3,0.6098,0.0181
RNG(0),2.43,3,0.6096,0.0181
RNG(0),2.44,3,0.6095,0.0181
RNG(0),2.45,3,0.6094,0.0181
RNG(0),2.46,3,0.6094,0.0181
RNG(0),2.47,3,0.6093,0.0179
RNG(0),2.48,3,0.6093,0.0178
RNG(0),2.49,3,0.6092,0.0181
RNG(0),2.5,3,0.6092,0.0179
RNG(0),2.51,3,0.609,0.0178
RNG(0),2.52,3,0.609,0.0175
RNG(0),2.53,3,0.609,0.0174
RNG(0),2.54,3,0.6088,0.0176
RNG(0),2.55,3,0.6088,0.0176
RNG(0),2.56,3,0.6088,0.0176
RNG(0),2.57,3,0.6088,0.0179
RNG(0),2.58,3,0.6088,0.0181
RNG(0),2.59,3,0.6088,0.0185
RNG(0),2.6,3,0.6088,0.0181
RNG(0),2.61,3,0.6089,0.0188
RNG(0),2.62,3,0.6089,0.0186
RNG(0),2.63,3,0.6092,0.0183
RNG(0),2.64,3,0.6092,0.0184
RNG(0),2.65,3,0.6092,0.0187
RNG(0),2.66,3,0.6092,0.0185
RNG(0),2.67,3,0.6093,0.0188
RNG(0),2.68,3,0.6093,0.0187
RNG(0),2.69,3,0.6092,0.0183
RNG(0),2.7,3,0.6094,0.0181
RNG(0),2.71,3,0.6094,0.0185
RNG(0),2.72,3,0.6095,0.0182
RNG(0),2.73,3,0.6093,0.0181
RNG(0),2.74,3,0.6093,0.0182
RNG(0),2.75,3,0.6093,0.0182
RNG(0),2.76,3,0.6092,0.018
RNG(0),2.77,3,0.6092,0.0178
RNG(0),2.78,3,0.6091,0.018
RNG(0),2.79,3,0.609,0.0183
RNG(0),2.8,3,0.609,0.0183
RNG(0),2.81,3,0.6089,0.0183
RNG(0),2.82,3,0.6089,0.0181
RNG(0),2.83,3,0.6085,0.0188
RNG(0),2.84,3,0.6085,0.0191
RNG(0),2.85,3,0.6085,0.0194
RNG(0),2.86,3,0.6086,0.0194
RNG(0),2.87,3,0.6086,0.0197
RNG(0),2.88,3,0.6087,0.0198
RNG(0),2.89,3,0.6085,0.0199
RNG(0),2.9,3,0.6084,0.0201
RNG(0),2.91,3,0.6085,0.0204
RNG(0),2.92,3,0.6086,0.0203
RNG(0),2.93,3,0.6086,0.0202
RNG(0),2.94,3,0.6083,0.0198
RNG(0),2.95,3,0.6082,0.0198
RNG(0),2.96,3,0.6081,0.0197
RNG(0),2.97,3,0.6081,0.0191
RNG(0),2.98,3,0.6082,0.0191
RNG(0),2.99,3,0.6082,0.0191
RNG(0),3.0,3,0.6081,0.0188
RNG(0),3.01,3,0.6079,0.0191
RNG(0),3.02,3,0.6078,0.0193
RNG(0),3.03,3,0.6078,0.0194
RNG(0),3.04,3,0.6075,0.0195
RNG(0),3.05,3,0.6074,0.0192
RNG(0),3.06,3,0.6074,0.0196
RNG(0),3.07,3,0.6073,0.0202
RNG(0),3.08,3,0.6073,0.0201
RNG(0),3.09,3,0.6072,0.02
RNG(0),3.1,3,0.6071,0.0199
RNG(0),3.11,3,0.6071,0.0197
RNG(0),3.12,3,0.6072,0.0198
RNG(0),3.13,3,0.6072,0.0195
RNG(0),3.14,3,0.6072,0.0195
RNG(0),3.15,3,0.6073,0.0196
RNG(0),3.16,3,0.6072,0.0195
RNG(0),3.17,3,0.6072,0.0191
RNG(0),3.18,3,0.6071,0.0189
RNG(0),3.19,3,0.6073,0.019
RNG(0),3.2,3,0.6073,0.0193
RNG(0),3.21,3,0.6073,0.0193
RNG(0),3.22,3,0.6073,0.0195
RNG(0),3.23,3,0.6072,0.0198
RNG(0),3.24,3,0.6073,0.0198
RNG(0),3.25,3,0.6073,0.0199
RNG(0),3.26,3,0.607,0.0205
RNG(0),3.27,3,0.607,0.0204
RNG(0),3.28,3,0.607,0.0203
RNG(0),3.29,3,0.6068,0.0204
RNG(0),3.3,3,0.6067,0.0207
RNG(0),3.31,3,0.6063,0.0211
RNG(0),3.32,3,0.6065,0.0217
RNG(0),3.33,3,0.6065,0.0217
RNG(0),3.34,3,0.6065,0.022
RNG(0),3.35,3,0.6064,0.0216
RNG(0),3.36,3,0.6065,0.0214
RNG(0),3.37,3,0.6063,0.0216
RNG(0),3.38,3,0.6063,0.0215
RNG(0),3.39,3,0.6062,0.0213
RNG(0),3.4,3,0.6062,0.021
RNG(0),3.41,3,0.6062,0.0211
RNG(0),3.42,3,0.6061,0.021
RNG(0),3.43,3,0.6061,0.021
RNG(0),3.44,3,0.6061,0.021
RNG(0),3.45,3,0.6062,0.0211
RNG(0),3.46,3,0.6062,0.0211
RNG(0),3.47,3,0.6062,0.0211
RNG(0),3.48,3,0.6062,0.0212
RNG(0),3.49,3,0.6062,0.0211
RNG(0),3.5,3,0.6063,0.021
RNG(0),3.51,3,0.6062,0.021
RNG(0),3.52,3,0.6062,0.0208
RNG(0),3.53,3,0.6062,0.0207
RNG(0),3.54,3,0.6062,0.0212
RNG(0),3.55,3,0.6062,0.0213
RNG(0),3.56,3,0.6061,0.0214
RNG(0),3.57,3,0.6062,0.0213
RNG(0),3.58,3,0.6061,0.0213
RNG(0),3.59,3,0.6061,0.0214
RNG(0),3.6,3,0.6062,0.0216
RNG(0),3.61,3,0.6062,0.0219
RNG(0),3.62,3,0.6062,0.0214
RNG(0),3.63,3,0.6062,0.0213
RNG(0),3.64,3,0.6062,0.0214
RNG(0),3.65,3,0.6062,0.0214
RNG(0),3.66,3,0.6062,0.0214
RNG(0),3.67,3,0.6061,0.0214
RNG(0),3.68,3,0.6061,0.0214
RNG(0),3.69,3,0.6062,0.0213
RNG(0),3.7,3,0.6064,0.0227
RNG(0),3.71,3,0.6064,0.023
RNG(0),3.72,3,0.6064,0.023
RNG(0),3.73,3,0.6063,0.0229
RNG(0),3.74,3,0.6062,0.023
RNG(0),3.75,3,0.6062,0.0228
RNG(0),3.76,3,0.6062,0.0228
RNG(0),3.77,3,0.6063,0.0225
RNG(0),3.78,3,0.6063,0.0226
RNG(0),3.79,3,0.6062,0.0226
RNG(0),3.8,3,0.6062,0.0224
RNG(0),3.81,3,0.6062,0.0223
RNG(0),3.82,3,0.6061,0.0223
RNG(0),3.83,3,0.606,0.0223
RNG(0),3.84,3,0.606,0.0223
RNG(0),3.85,3,0.606,0.0223
RNG(0),3.86,3,0.606,0.0222
RNG(0),3.87,3,0.606,0.0221
RNG(0),3.88,3,0.6062,0.0212
RNG(0),3.89,3,0.6062,0.021
RNG(0),3.9,3,0.6062,0.021
RNG(0),3.91,3,0.6061,0.0211
RNG(0),3.92,3,0.6061,0.021
RNG(0),3.93,3,0.6059,0.0211
RNG(0),3.94,3,0.6059,0.021
RNG(0),3.95,3,0.606,0.0212
RNG(0),3.96,3,0.6059,0.0215
RNG(0),3.97,3,0.6059,0.0216
RNG(0),3.98,3,0.6056,0.0222
RNG(0),3.99,3,0.6056,0.0222
RNG(0),4.0,3,0.6056,0.0222
RNG(0),4.01,3,0.6054,0.022
RNG(0),4.02,3,0.6054,0.022
RNG(0),4.03,3,0.6054,0.0222
RNG(0),4.04,3,0.6054,0.0221
RNG(0),4.05,3,0.6054,0.0221
RNG(0),4.06,3,0.6054,0.0222
RNG(0),4.07,3,0.6053,0.0223
RNG(0),4.08,3,0.6053,0.0224
RNG(0),4.09,3,0.6053,0.0224
RNG(0),4.1,3,0.6053,0.0223
RNG(0),4.11,3,0.6053,0.0222
RNG(0),4.12,3,0.6053,0.0222
RNG(0),4.13,3,0.6053,0.0221
RNG(0),4.14,3,0.6053,0.0221
RNG(0),4.15,3,0.6053,0.022
RNG(0),4.16,3,0.6051,0.0223
RNG(0),4.17,3,0.6051,0.0225
RNG(0),4.18,3,0.6051,0.0225
RNG(0),4.19,3,0.605,0.0225
RNG(0),4.2,3,0.605,0.0225
RNG(0),4.21,3,0.605,0.0225
RNG(0),4.22,3,0.6051,0.0224
RNG(0),4.23,3,0.6051,0.0227
RNG(0),4.24,3,0.6051,0.0227
RNG(0),4.25,3,0.6051,0.0227
RNG(0),4.26,3,0.6051,0.0227
RNG(0),4.27,3,0.6051,0.0228
RNG(0),4.28,3,0.6051,0.0228
RNG(0),4.29,3,0.6051,0.0228
RNG(0),4.3,3,0.6051,0.0228
RNG(0),4.31,3,0.6051,0.0228
RNG(0),4.32,3,0.6051,0.0228
RNG(0),4.33,3,0.6051,0.0228
RNG(0),4.34,3,0.6051,0.0228
RNG(0),4.35,3,0.6051,0.0228
RNG(0),4.36,3,0.6051,0.0228
RNG(0),4.37,3,0.6051,0.0226
RNG(0),4.38,3,0.6051,0.0226
RNG(0),4.39,3,0.6051,0.0226
RNG(0),4.4,2,0.6062,0.1131
RNG(0),4.41,3,0.6051,0.0226
RNG(0),4.42,3,0.6051,0.0226
RNG(0),4.43,3,0.6051,0.0226
RNG(0),4.44,3,0.6051,0.0226
RNG(0),4.45,3,0.6051,0.0226
RNG(0),4.46,2,0.6,0.0349
RNG(0),4.47,2,0.6062,0.1131
RNG(0),4.48,3,0.6051,0.0226
RNG(0),4.51,3,0.6051,0.0226
RNG(0),4.52,3,0.6051,0.0226
RNG(0),4.54,2,0.6061,0.1137
RNG(0),4.55,3,0.605,0.0227
RNG(0),4.56,2,0.6061,0.1137
RNG(0),4.57,3,0.605,0.0227
RNG(0),4.58,2,0.6,0.0356
RNG(0),4.6,2,0.6061,0.1137
RNG(0),4.61,3,0.605,0.0227
RNG(0.05),0.99,3,0.5726,0.0179
RNG(0.05),1.0,3,0.5726,0.0179
RNG(0.05),1.01,3,0.5739,0.0192
RNG(0.05),1.02,3,0.5767,0.0196
RNG(0.05),1.03,3,0.5816,0.0188
RNG(0.05),1.04,3,0.5861,0.0187
RNG(0.05),1.05,3,0.5906,0.0191
RNG(0.05),1.06,3,0.5944,0.0186
RNG(0.05),1.07,3,0.5971,0.0186
RNG(0.05),1.08,3,0.599,0.0186
RNG(0.05),1.09,3,0.6001,0.0186
RNG(0.05),1.1,3,0.6009,0.0189
RNG(0.05),1.11,3,0.6017,0.0192
RNG(0.05),1.12,3,0.6021,0.0194
RNG(0.05),1.13,3,0.6024,0.0194
RNG(0.05),1.14,3,0.6026,0.0197
RNG(0.05),1.15,3,0.6027,0.0197
RNG(0.05),1.16,3,0.6028,0.0199
RNG(0.05),1.17,3,0.6028,0.0198
RNG(0.05),1.18,3,0.6029,0.0197
RNG(0.05),1.19,3,0.6029,0.02
RNG(0.05),1.2,3,0.603,0.0198
RNG(0.05),1.21,3,0.603,0.0198
RNG(0.05),1.22,3,0.6031,0.0196
RNG(0.05),1.23,3,0.6032,0.0195
RNG(0.05),1.24,3,0.6032,0.0195
RNG(0.05),1.25,3,0.6033,0.0194
RNG(0.05),1.26,3,0.6033,0.0193
RNG(0.05),1.27,3,0.6034,0.0192
RNG(0.05),1.28,3,0.6035,0.019
RNG(0.05),1.29,3,0.6034,0.0193
RNG(0.05),1.3,3,0.6035,0.0196
RNG(0.05),1.31,3,0.6036,0.0199
RNG(0.05),1.32,3,0.6036,0.0199
RNG(0.05),1.33,3,0.6036,0.0202
RNG(0.05),1.34,3,0.6035,0.0204
RNG(0.05),1.35,3,0.6036,0.0204
RNG(0.05),1.36,3,0.6038,0.0202
RNG(0.05),1.37,3,0.6041,0.0201
RNG(0.05),1.38,3,0.6043,0.0201
RNG(0.05),1.39,3,0.6043,0.0199
RNG(0.05),1.4,3,0.6043,0.0199
RNG(0.05),1.41,3,0.6044,0.0199
RNG(0.05),1.42,3,0.6047,0.0198
RNG(0.05),1.43,3,0.6049,0.0201
RNG(0.05),1.44,3,0.6049,0.0202
RNG(0.05),1.45,3,0.6052,0.0201
RNG(0.05),1.46,3,0.6053,0.0201
RNG(0.05),1.47,3,0.6055,0.0202
RNG(0.05),1.48,3,0.6056,0.0202
RNG(0.05),1.49,3,0.6057,0.0201
RNG(0.05),1.5,3,0.6057,0.02
RNG(0.05),1.51,3,0.6058,0.0198
RNG(0.05),1.52,3,0.6061,0.0199
RNG(0.05),1.53,3,0.6062,0.0202
RNG(0.05),1.54,3,0.6064,0.02
RNG(0.05),1.55,3,0.6065,0.0204
RNG(0.05),1.56,3,0.6066,0.0205
RNG(0.05),1.57,3,0.6067,0.0204
RNG(0.05),1.58,3,0.607,0.0207
RNG(0.05),1.59,3,0.6072,0.0208
RNG(0.05),1.6,3,0.6075,0.0207
RNG(0.05),1.61,3,0.6076,0.0208
RNG(0.05),1.62,3,0.6079,0.0209
RNG(0.05),1.63,3,0.6081,0.0207
RNG(0.05),1.64,3,0.6084,0.0205
RNG(0.05),1.65,3,0.6085,0.0208
RNG(0.05),1.66,3,0.6088,0.0205
RNG(0.05),1.67,3,0.6089,0.0206
RNG(0.05),1.68,3,0.6092,0.0203
RNG(0.05),1.69,3,0.6093,0.0204
RNG(0.05),1.7,3,0.6096,0.0207
RNG(0.05),1.71,3,0.6096,0.0204
RNG(0.05),1.72,3,0.6097,0.0204
RNG(0.05),1.73,3,0.6097,0.0202
RNG(0.05),1.74,3,0.6098,0.0204
RNG(0.05),1.75,3,0.6099,0.0206
RNG(0.05),1.76,3,0.61,0.0206
RNG(0.05),1.77,3,0.61,0.0207
RNG(0.05),1.78,3,0.61,0.0206
RNG(0.05),1.79,3,0.61,0.0211
RNG(0.05),1.8,3,0.6101,0.0209
RNG(0.05),1.81,3,0.6101,0.0212
RNG(0.05),1.82,3,0.6102,0.0213
RNG(0.05),1.83,3,0.6103,0.021
RNG(0.05),1.84,3,0.6104,0.0214
RNG(0.05),1.85,3,0.6104,0.0213
RNG(0.05),1.86,3,0.6105,0.0218
RNG(0.05),1.87,3,0.6105,0.0217
RNG(0.05),1.88,3,0.6105,0.0219
RNG(0.05),1.89,3,0.6105,0.022
RNG(0.05),1.9,3,0.6104,0.0216
RNG(0.05),1.91,3,0.6104,0.0215
RNG(0.05),1.92,3,0.6105,0.0214
RNG(0.05),1.93,3,0.6104,0.0211
RNG(0.05),1.94,3,0.6104,0.0213
RNG(0.05),1.95,3,0.6105,0.0214
RNG(0.05),1.96,3,0.6105,0.0214
RNG(0.05),1.97,3,0.6106,0.0218
RNG(0.05),1.98,3,0.6106,0.0218
RNG(0.05),1.99,3,0.6107,0.0217
RNG(0.05),2.0,3,0.6108,0.0218
RNG(0.05),2.01,3,0.6108,0.0215
RNG(0.05),2.02,3,0.611,0.0216
RNG(0.05),2.03,3,0.6111,0.0216
RNG(0.05),2.04,3,0.611,0.0213
RNG(0.05),2.05,3,0.611,0.0212
RNG(0.05),2.06,3,0.611,0.021
RNG(0.05),2.07,3,0.611,0.0208
RNG(0.05),2.08,3,0.6111,0.0205
RNG(0.05),2.09,3,0.611,0.02
RNG(0.05),2.1,3,0.611,0.0188
RNG(0.05),2.11,3,0.611,0.0186
RNG(0.05),2.12,3,0.6109,0.0184
RNG(0.05),2.13,3,0.6109,0.0181
RNG(0.05),2.14,3,0.6109,0.0178
RNG(0.05),2.15,3,0.611,0.0178
RNG(0.05),2.16,3,0.6111,0.0179
RNG(0.05),2.17,3,0.6112,0.0181
RNG(0.05),2.18,3,0.6113,0.0179
RNG(0.05),2.19,3,0.6111,0.018
RNG(0.05),2.2,3,0.611,0.0179
RNG(0.05),2.21,3,0.611,0.0177
RNG(0.05),2.22,3,0.6109,0.0175
RNG(0.05),2.23,3,0.6109,0.0176
RNG(0.05),2.24,3,0.6108,0.0171
RNG(0.05),2.25,3,0.6109,0.0174
RNG(0.05),2.26,3,0.6108,0.0173
RNG(0.05),2.27,3,0.6109,0.0175
RNG(0.05),2.28,3,0.6108,0.0176
RNG(0.05),2.29,3,0.6108,0.0175
RNG(0.05),2.3,3,0.6109,0.0175
RNG(0.05),2.31,3,0.6109,0.0174
RNG(0.05),2.32,3,0.6109,0.0174
RNG(0.05),2.33,3,0.6109,0.0174
RNG(0.05),2.34,3,0.6108,0.0173
RNG(0.05),2.35,3,0.6108,0.0177
RNG(0.05),2.36,3,0.6108,0.0176
RNG(0.05),2.37,3,0.6108,0.0177
RNG(0.05),2.38,3,0.6109,0.0177
RNG(0.05),2.39,3,0.6109,0.0177
RNG(0.05),2.4,3,0.6109,0.0174
RNG(0.05),2.41,3,0.6109,0.0175
RNG(0.05),2.42,3,0.6109,0.0174
RNG(0.05),2.43,3,0.6107,0.0172
RNG(0.05),2.44,3,0.6107,0.0172
RNG(0.05),2.45,3,0.6106,0.0174
RNG(0.05),2.46,3,0.6106,0.0174
RNG(0.05),2.47,3,0.6105,0.0171
RNG(0.05),2.48,3,0.6105,0.0168
RNG(0.05),2.49,3,0.6104,0.017
RNG(0.05),2.5,3,0.6103,0.0169
RNG(0.05),2.51,3,0.6102,0.0168
RNG(0.05),2.52,3,0.6102,0.0168
RNG(0.05),2.53,3,0.6101,0.0166
RNG(0.05),2.54,3,0.6099,0.0167
RNG(0.05),2.55,3,0.61,0.0167
RNG(0.05),2.56,3,0.6101,0.0166
RNG(0.05),2.57,3,0.6101,0.0169
RNG(0.05),2.58,3,0.6101,0.0171
RNG(0.05),2.59,3,0.6101,0.0175
RNG(0.05),2.6,3,0.6101,0.0171
RNG(0.05),2.61,3,0.6102,0.0179
RNG(0.05),2.62,3,0.6101,0.0177
RNG(0.05),2.63,3,0.6104,0.0177
RNG(0.05),2.64,3,0.6104,0.0178
RNG(0.05),2.65,3,0.6103,0.0179
RNG(0.05),2.66,3,0.6104,0.0177
RNG(0.05),2.67,3,0.6105,0.0179
RNG(0.05),2.68,3,0.6104,0.0178
RNG(0.05),2.69,3,0.6104,0.0173
RNG(0.05),2.7,3,0.6106,0.0172
RNG(0.05),2.71,3,0.6107,0.0174
RNG(0.05),2.72,3,0.6108,0.0173
RNG(0.05),2.73,3,0.6107,0.0171
RNG(0.05),2.74,3,0.6106,0.0172
RNG(0.05),2.75,3,0.6107,0.0174
RNG(0.05),2.76,3,0.6107,0.0173
RNG(0.05),2.77,3,0.6107,0.0173
RNG(0.05),2.78,3,0.6106,0.0175
RNG(0.05),2.79,3,0.6105,0.018
RNG(0.05),2.8,3,0.6104,0.0178
RNG(0.05),2.81,3,0.6104,0.0177
RNG(0.05),2.82,3,0.6103,0.0177
RNG(0.05),2.83,3,0.61,0.0185
RNG(0.05),2.84,3,0.6101,0.0188
RNG(0.05),2.85,3,0.61,0.0191
RNG(0.05),2.86,3,0.6101,0.0191
RNG(0.05),2.87,3,0.6102,0.0194
RNG(0.05),2.88,3,0.6102,0.0195
RNG(0.05),2.89,3,0.61,0.0194
RNG(0.05),2.9,3,0.6099,0.0196
RNG(0.05),2.91,3,0.61,0.0199
RNG(0.05),2.92,3,0.61,0.0196
RNG(0.05),2.93,3,0.6099,0.0193
RNG(0.05),2.94,3,0.6097,0.0188
RNG(0.05),2.95,3,0.6096,0.0188
RNG(0.05),2.96,3,0.6095,0.0187
RNG(0.05),2.97,3,0.6095,0.0182
RNG(0.05),2.98,3,0.6095,0.0182
RNG(0.05),2.99,3,0.6096,0.0182
RNG(0.05),3.0,3,0.6095,0.0179
RNG(0.05),3.01,3,0.6094,0.0181
RNG(0.05),3.02,3,0.6092,0.0183
RNG(0.05),3.03,3,0.6092,0.0184
RNG(0.05),3.04,3,0.609,0.0183
RNG(0.05),3.05,3,0.609,0.018
RNG(0.05),3.06,3,0.609,0.0182
RNG(0.05),3.07,3,0.609,0.0188
RNG(0.05),3.08,3,0.6089,0.0188
RNG(0.05),3.09,3,0.6088,0.0186
RNG(0.05),3.1,3,0.6088,0.0186
RNG(0.05),3.11,3,0.6088,0.0182
RNG(0.05),3.12,3,0.6089,0.0182
RNG(0.05),3.13,3,0.6088,0.0179
RNG(0.05),3.14,3,0.6088,0.0178
RNG(0.05),3.15,3,0.6088,0.018
RNG(0.05),3.16,3,0.6087,0.0179
RNG(0.05),3.17,3,0.6087,0.0176
RNG(0.05),3.18,3,0.6087,0.0174
RNG(0.05),3.19,3,0.6088,0.0173
RNG(0.05),3.2,3,0.609,0.0175
RNG(0.05),3.21,3,0.609,0.0173
RNG(0.05),3.22,3,0.609,0.0175
RNG(0.05),3.23,3,0.6089,0.0179
RNG(0.05),3.24,3,0.609,0.0179
RNG(0.05),3.25,3,0.609,0.0181
RNG(0.05),3.26,3,0.6086,0.0186
RNG(0.05),3.27,3,0.6086,0.0189
RNG(0.05),3.28,3,0.6086,0.0188
RNG(0.05),3.29,3,0.6083,0.0191
RNG(0.05),3.3,3,0.6083,0.0194
RNG(0.05),3.31,3,0.608,0.0197
RNG(0.05),3.32,3,0.6081,0.0202
RNG(0.05),3.33,3,0.6081,0.0202
RNG(0.05),3.34,3,0.6081,0.0203
RNG(0.05),3.35,3,0.608,0.0199
RNG(0.05),3.36,3,0.608,0.0197
RNG(0.05),3.37,3,0.6079,0.0201
RNG(0.05),3.38,3,0.6078,0.0199
RNG(0.05),3.39,3,0.6079,0.0201
RNG(0.05),3.4,3,0.608,0.0199
RNG(0.05),3.41,3,0.6079,0.02
RNG(0.05),3.42,3,0.608,0.0196
RNG(0.05),3.43,3,0.608,0.0195
RNG(0.05),3.44,3,0.608,0.0195
RNG(0.05),3.45,3,0.6081,0.0198
RNG(0.05),3.46,3,0.6081,0.0195
RNG(0.05),3.47,3,0.6082,0.0199
RNG(0.05),3.48,3,0.6082,0.0199
RNG(0.05),3.49,3,0.6082,0.0199
RNG(0.05),3.5,3,0.6082,0.0197
RNG(0.05),3.51,3,0.6083,0.0197
RNG(0.05),3.52,3,0.6083,0.0194
RNG(0.05),3.53,3,0.6081,0.0194
RNG(0.05),3.54,3,0.6081,0.0195
RNG(0.05),3.55,3,0.608,0.0195
RNG(0.05),3.56,3,0.608,0.0195
RNG(0.05),3.57,3,0.6081,0.0194
RNG(0.05),3.58,3,0.608,0.0195
RNG(0.05),3.59,3,0.608,0.0194
RNG(0.05),3.6,3,0.6082,0.0194
RNG(0.05),3.61,3,0.6082,0.0198
RNG(0.05),3.62,3,0.6082,0.0192
RNG(0.05),3.63,3,0.6082,0.019
RNG(0.05),3.64,3,0.6082,0.0187
RNG(0.05),3.65,3,0.6082,0.0187
RNG(0.05),3.66,3,0.6081,0.0189
RNG(0.05),3.67,3,0.608,0.0187
RNG(0.05),3.68,3,0.6079,0.0187
RNG(0.05),3.69,3,0.608,0.0186
RNG(0.05),3.7,3,0.6083,0.0202
RNG(0.05),3.71,3,0.6083,0.0203
RNG(0.05),3.72,3,0.6082,0.0204
RNG(0.05),3.73,3,0.608,0.0203
RNG(0.05),3.74,3,0.608,0.0203
RNG(0.05),3.75,3,0.6079,0.0204
RNG(0.05),3.76,3,0.6078,0.0204
RNG(0.05),3.77,3,0.608,0.02
RNG(0.05),3.78,3,0.608,0.0199
RNG(0.05),3.79,3,0.6079,0.02
RNG(0.05),3.8,3,0.6079,0.0198
RNG(0.05),3.81,3,0.6079,0.0198
RNG(0.05),3.82,3,0.6078,0.0197
RNG(0.05),3.83,3,0.6077,0.0196
RNG(0.05),3.84,3,0.6077,0.0196
RNG(0.05),3.85,3,0.6077,0.0198
RNG(0.05),3.86,3,0.6077,0.0198
RNG(0.05),3.87,3,0.6077,0.0195
RNG(0.05),3.88,3,0.608,0.0191
RNG(0.05),3.89,3,0.608,0.0189
RNG(0.05),3.9,3,0.6079,0.019
RNG(0.05),3.91,3,0.6078,0.0191
RNG(0.05),3.92,3,0.6078,0.019
RNG(0.05),3.93,3,0.6076,0.0193
RNG(0.05),3.94,3,0.6076,0.0193
RNG(0.05),3.95,3,0.6077,0.0196
RNG(0.05),3.96,3,0.6076,0.0197
RNG(0.05),3.97,3,0.6076,0.0199
RNG(0.05),3.98,3,0.6074,0.0204
RNG(0.05),3.99,3,0.6074,0.0204
RNG(0.05),4.0,3,0.6074,0.0203
RNG(0.05),4.01,3,0.6072,0.0202
RNG(0.05),4.02,3,0.6072,0.0203
RNG(0.05),4.03,3,0.6071,0.0204
RNG(0.05),4.04,3,0.6071,0.0202
RNG(0.05),4.05,3,0.6071,0.0202
RNG(0.05),4.06,3,0.6071,0.0202
RNG(0.05),4.07,3,0.6071,0.0203
RNG(0.05),4.08,3,0.607,0.0204
RNG(0.05),4.09,3,0.607,0.0202
RNG(0.05),4.1,3,0.607,0.0202
RNG(0.05),4.11,3,0.607,0.0202
RNG(0.05),4.12,3,0.6071,0.02
RNG(0.05),4.13,3,0.607,0.02
RNG(0.05),4.14,3,0.607,0.02
RNG(0.05),4.15,3,0.607,0.0199
RNG(0.05),4.16,3,0.6069,0.0203
RNG(0.05),4.17,3,0.6069,0.0203
RNG(0.05),4.18,3,0.6069,0.0203
RNG(0.05),4.19,3,0.6069,0.0203
RNG(0.05),4.2,3,0.6069,0.0203
RNG(0.05),4.21,3,0.6069,0.0203
RNG(0.05),4.22,3,0.6068,0.0202
RNG(0.05),4.23,3,0.6069,0.0205
RNG(0.05),4.24,3,0.6069,0.0204
RNG(0.05),4.25,3,0.607,0.0203
RNG(0.05),4.26,3,0.607,0.0203
RNG(0.05),4.27,3,0.6069,0.0204
RNG(0.05),4.28,3,0.6069,0.0204
RNG(0.05),4.29,3,0.6069,0.0204
RNG(0.05),4.3,3,0.6069,0.0204
RNG(0.05),4.31,3,0.6069,0.0204
RNG(0.05),4.32,3,0.6069,0.0204
RNG(0.05),4.33,3,0.6069,0.0204
RNG(0.05),4.34,3,0.6069,0.0204
RNG(0.05),4.35,3,0.6069,0.0204
RNG(0.05),4.36,3,0.607,0.0203
RNG(0.05),4.37,3,0.6069,0.0202
RNG(0.05),4.38,3,0.6071,0.0198
RNG(0.05),4.39,3,0.6071,0.0198
RNG(0.05),4.4,2,0.6094,0.0877
RNG(0.05),4.41,3,0.6071,0.0198
RNG(0.05),4.42,3,0.6071,0.0198
RNG(0.05),4.43,3,0.6071,0.0198
RNG(0.05),4.44,3,0.6071,0.0198
RNG(0.05),4.45,3,0.6071,0.0198
RNG(0.05),4.46,2,0.6025,0.0
RNG(0.05),4.47,2,0.6094,0.0877
RNG(0.05),4.48,3,0.6071,0.0198
RNG(0.05),4.51,3,0.6071,0.0198
RNG(0.05),4.52,3,0.6071,0.0198
RNG(0.05),4.54,2,0.6094,0.0883
RNG(0.05),4.55,3,0.6071,0.0199
RNG(0.05),4.56,2,0.6094,0.0883
RNG(0.05),4.57,3,0.6071,0.0199
RNG(0.05),4.58,2,0.6025,0.0006
RNG(0.05),4.6,2,0.6094,0.0883
RNG(0.05),4.61,3,0.6071,0.0199
RNG(0.1),0.99,3,0.5726,0.0179
RNG(0.1),1.0,3,0.5726,0.0179
RNG(0.1),1.01,3,0.5739,0.019
RNG(0.1),1.02,3,0.5768,0.0196
RNG(0.1),1.03,3,0.5816,0.0189
RNG(0.1),1.04,3,0.5861,0.0188
RNG(0.1),1.05,3,0.5905,0.0191
RNG(0.1),1.06,3,0.5942,0.0187
RNG(0.1),1.07,3,0.597,0.0189
RNG(0.1),1.08,3,0.5987,0.0187
RNG(0.1),1.09,3,0.5998,0.0187
RNG(0.1),1.1,3,0.6007,0.0191
RNG(0.1),1.11,3,0.6014,0.0194
RNG(0.1),1.12,3,0.6018,0.0196
RNG(0.1),1.13,3,0.6021,0.0196
RNG(0.1),1.14,3,0.6023,0.0199
RNG(0.1),1.15,3,0.6024,0.02
RNG(0.1),1.16,3,0.6025,0.0201
RNG(0.1),1.17,3,0.6025,0.02
RNG(0.1),1.18,3,0.6027,0.0201
RNG(0.1),1.19,3,0.6026,0.0202
RNG(0.1),1.2,3,0.6027,0.02
RNG(0.1),1.21,3,0.6027,0.02
RNG(0.1),1.22,3,0.6029,0.0198
RNG(0.1),1.23,3,0.6031,0.0197
RNG(0.1),1.24,3,0.6031,0.0196
RNG(0.1),1.25,3,0.6032,0.0197
RNG(0.1),1.26,3,0.6033,0.0195
RNG(0.1),1.27,3,0.6034,0.0195
RNG(0.1),1.28,3,0.6036,0.0197
RNG(0.1),1.29,3,0.6036,0.0199
RNG(0.1),1.3,3,0.6036,0.0201
RNG(0.1),1.31,3,0.6037,0.0205
RNG(0.1),1.32,3,0.6038,0.0206
RNG(0.1),1.33,3,0.6037,0.0207
RNG(0.1),1.34,3,0.6037,0.0208
RNG(0.1),1.35,3,0.6038,0.0207
RNG(0.1),1.36,3,0.604,0.0206
RNG(0.1),1.37,3,0.6042,0.0205
RNG(0.1),1.38,3,0.6045,0.0204
RNG(0.1),1.39,3,0.6046,0.0203
RNG(0.1),1.4,3,0.6046,0.0202
RNG(0.1),1.41,3,0.6048,0.0203
RNG(0.1),1.42,3,0.605,0.0203
RNG(0.1),1.43,3,0.6052,0.0203
RNG(0.1),1.44,3,0.6053,0.0204
RNG(0.1),1.45,3,0.6055,0.0204
RNG(0.1),1.46,3,0.6056,0.0204
RNG(0.1),1.47,3,0.6058,0.0204
RNG(0.1),1.48,3,0.6059,0.0204
RNG(0.1),1.49,3,0.6061,0.02
RNG(0.1),1.5,3,0.606,0.0201
RNG(0.1),1.51,3,0.6062,0.0198
RNG(0.1),1.52,3,0.6065,0.02
RNG(0.1),1.53,3,0.6068,0.0204
RNG(0.1),1.54,3,0.607,0.0201
RNG(0.1),1.55,3,0.6072,0.0199
RNG(0.1),1.56,3,0.6073,0.0198
RNG(0.1),1.57,3,0.6076,0.02
RNG(0.1),1.58,3,0.608,0.0202
RNG(0.1),1.59,3,0.6083,0.0203
RNG(0.1),1.6,3,0.6085,0.0199
RNG(0.1),1.61,3,0.6087,0.0201
RNG(0.1),1.62,3,0.6088,0.0202
RNG(0.1),1.63,3,0.609,0.02
RNG(0.1),1.64,3,0.6093,0.0198
RNG(0.1),1.65,3,0.6095,0.02
RNG(0.1),1.66,3,0.6098,0.0199
RNG(0.1),1.67,3,0.61,0.02
RNG(0.1),1.68,3,0.6102,0.0196
RNG(0.1),1.69,3,0.6103,0.02
RNG(0.1),1.7,3,0.6107,0.0202
RNG(0.1),1.71,3,0.6107,0.0198
RNG(0.1),1.72,3,0.6108,0.0198
RNG(0.1),1.73,3,0.6108,0.0196
RNG(0.1),1.74,3,0.611,0.0197
RNG(0.1),1.75,3,0.6112,0.02
RNG(0.1),1.76,3,0.6113,0.02
RNG(0.1),1.77,3,0.6112,0.02
RNG(0.1),1.78,3,0.6114,0.02
RNG(0.1),1.79,3,0.6113,0.0204
RNG(0.1),1.8,3,0.6114,0.0202
RNG(0.1),1.81,3,0.6114,0.0202
RNG(0.1),1.82,3,0.6115,0.0204
RNG(0.1),1.83,3,0.6116,0.0204
RNG(0.1),1.84,3,0.6116,0.0207
RNG(0.1),1.85,3,0.6117,0.0209
RNG(0.1),1.86,3,0.6118,0.0213
RNG(0.1),1.87,3,0.6118,0.0212
RNG(0.1),1.88,3,0.6119,0.0214
RNG(0.1),1.89,3,0.6119,0.0215
RNG(0.1),1.9,3,0.6117,0.0211
RNG(0.1),1.91,3,0.6119,0.0211
RNG(0.1),1.92,3,0.6119,0.0211
RNG(0.1),1.93,3,0.6119,0.0209
RNG(0.1),1.94,3,0.612,0.0211
RNG(0.1),1.95,3,0.6121,0.0211
RNG(0.1),1.96,3,0.6121,0.0213
RNG(0.1),1.97,3,0.6122,0.0216
RNG(0.1),1.98,3,0.6123,0.0215
RNG(0.1),1.99,3,0.6124,0.0214
RNG(0.1),2.0,3,0.6126,0.0213
RNG(0.1),2.01,3,0.6126,0.0212
RNG(0.1),2.02,3,0.6127,0.0213
RNG(0.1),2.03,3,0.6128,0.0211
RNG(0.1),2.04,3,0.6129,0.021
RNG(0.1),2.05,3,0.6129,0.021
RNG(0.1),2.06,3,0.613,0.0208
RNG(0.1),2.07,3,0.613,0.0207
RNG(0.1),2.08,3,0.6131,0.0205
RNG(0.1),2.09,3,0.6131,0.0201
RNG(0.1),2.1,3,0.6133,0.0194
RNG(0.1),2.11,3,0.6133,0.0192
RNG(0.1),2.12,3,0.6134,0.0192
RNG(0.1),2.13,3,0.6133,0.0188
RNG(0.1),2.14,3,0.6134,0.019
RNG(0.1),2.15,3,0.6135,0.019
RNG(0.1),2.16,3,0.6135,0.0191
RNG(0.1),2.17,3,0.6137,0.0193
RNG(0.1),2.18,3,0.6137,0.0191
RNG(0.1),2.19,3,0.6137,0.0193
RNG(0.1),2.2,3,0.6136,0.0192
RNG(0.1),2.21,3,0.6137,0.0191
RNG(0.1),2.22,3,0.6136,0.019
RNG(0.1),2.23,3,0.6137,0.0191
RNG(0.1),2.24,3,0.6137,0.0187
RNG(0.1),2.25,3,0.6138,0.0188
RNG(0.1),2.26,3,0.6137,0.0189
RNG(0.1),2.27,3,0.6138,0.0191
RNG(0.1),2.28,3,0.6138,0.0193
RNG(0.1),2.29,3,0.6138,0.0191
RNG(0.1),2.3,3,0.614,0.019
RNG(0.1),2.31,3,0.614,0.019
RNG(0.1),2.32,3,0.614,0.019
RNG(0.1),2.33,3,0.614,0.0194
RNG(0.1),2.34,3,0.614,0.0192
RNG(0.1),2.35,3,0.614,0.0196
RNG(0.1),2.36,3,0.6141,0.0194
RNG(0.1),2.37,3,0.6141,0.0194
RNG(0.1),2.38,3,0.6142,0.0194
RNG(0.1),2.39,3,0.6141,0.0195
RNG(0.1),2.4,3,0.6142,0.0193
RNG(0.1),2.41,3,0.6142,0.0194
RNG(0.1),2.42,3,0.6142,0.0194
RNG(0.1),2.43,3,0.6142,0.0194
RNG(0.1),2.44,3,0.6142,0.0194
RNG(0.1),2.45,3,0.6141,0.0193
RNG(0.1),2.46,3,0.6141,0.0194
RNG(0.1),2.47,3,0.614,0.0191
RNG(0.1),2.48,3,0.614,0.0189
RNG(0.1),2.49,3,0.614,0.0192
RNG(0.1),2.5,3,0.614,0.0192
RNG(0.1),2.51,3,0.6138,0.0189
RNG(0.1),2.52,3,0.6138,0.019
RNG(0.1),2.53,3,0.6138,0.019
RNG(0.1),2.54,3,0.6137,0.0192
RNG(0.1),2.55,3,0.6138,0.0189
RNG(0.1),2.56,3,0.6139,0.0189
RNG(0.1),2.57,3,0.6139,0.0192
RNG(0.1),2.58,3,0.6139,0.0194
RNG(0.1),2.59,3,0.6139,0.0197
RNG(0.1),2.6,3,0.614,0.0194
RNG(0.1),2.61,3,0.6141,0.0201
RNG(0.1),2.62,3,0.6141,0.0201
RNG(0.1),2.63,3,0.6144,0.0199
RNG(0.1),2.64,3,0.6144,0.0201
RNG(0.1),2.65,3,0.6144,0.0203
RNG(0.1),2.66,3,0.6144,0.0204
RNG(0.1),2.67,3,0.6145,0.0204
RNG(0.1),2.68,3,0.6145,0.0205
RNG(0.1),2.69,3,0.6145,0.02
RNG(0.1),2.7,3,0.6146,0.02
RNG(0.1),2.71,3,0.6148,0.0203
RNG(0.1),2.72,3,0.6149,0.0201
RNG(0.1),2.73,3,0.6148,0.0199
RNG(0.1),2.74,3,0.6149,0.02
RNG(0.1),2.75,3,0.615,0.0203
RNG(0.1),2.76,3,0.615,0.0202
RNG(0.1),2.77,3,0.615,0.0204
RNG(0.1),2.78,3,0.615,0.0206
RNG(0.1),2.79,3,0.6149,0.021
RNG(0.1),2.8,3,0.615,0.0209
RNG(0.1),2.81,3,0.6149,0.0209
RNG(0.1),2.82,3,0.6148,0.021
RNG(0.1),2.83,3,0.6146,0.0215
RNG(0.1),2.84,3,0.6146,0.0219
RNG(0.1),2.85,3,0.6146,0.0223
RNG(0.1),2.86,3,0.6147,0.022
RNG(0.1),2.87,3,0.6147,0.0223
RNG(0.1),2.88,3,0.6148,0.0225
RNG(0.1),2.89,3,0.6146,0.0225
RNG(0.1),2.9,3,0.6145,0.0225
RNG(0.1),2.91,3,0.6147,0.0227
RNG(0.1),2.92,3,0.6148,0.0225
RNG(0.1),2.93,3,0.6147,0.0222
RNG(0.1),2.94,3,0.6145,0.0219
RNG(0.1),2.95,3,0.6144,0.0219
RNG(0.1),2.96,3,0.6144,0.0217
RNG(0.1),2.97,3,0.6145,0.0215
RNG(0.1),2.98,3,0.6145,0.0214
RNG(0.1),2.99,3,0.6146,0.0214
RNG(0.1),3.0,3,0.6144,0.021
RNG(0.1),3.01,3,0.6144,0.021
RNG(0.1),3.02,3,0.6143,0.021
RNG(0.1),3.03,3,0.6142,0.021
RNG(0.1),3.04,3,0.6142,0.0212
RNG(0.1),3.05,3,0.6141,0.0208
RNG(0.1),3.06,3,0.6142,0.0212
RNG(0.1),3.07,3,0.6142,0.0216
RNG(0.1),3.08,3,0.6141,0.0217
RNG(0.1),3.09,3,0.6141,0.0218
RNG(0.1),3.1,3,0.614,0.0215
RNG(0.1),3.11,3,0.6141,0.0212
RNG(0.1),3.12,3,0.6141,0.0211
RNG(0.1),3.13,3,0.614,0.0208
RNG(0.1),3.14,3,0.6141,0.0207
RNG(0.1),3.15,3,0.6141,0.0209
RNG(0.1),3.16,3,0.6141,0.0204
RNG(0.1),3.17,3,0.6142,0.0203
RNG(0.1),3.18,3,0.6141,0.0202
RNG(0.1),3.19,3,0.6143,0.0201
RNG(0.1),3.2,3,0.6145,0.0205
RNG(0.1),3.21,3,0.6145,0.0204
RNG(0.1),3.22,3,0.6146,0.0206
RNG(0.1),3.23,3,0.6146,0.0208
RNG(0.1),3.24,3,0.6147,0.0209
RNG(0.1),3.25,3,0.6147,0.0211
RNG(0.1),3.26,3,0.6145,0.0218
RNG(0.1),3.27,3,0.6145,0.0218
RNG(0.1),3.28,3,0.6145,0.0216
RNG(0.1),3.29,3,0.6144,0.0218
RNG(0.1),3.3,3,0.6144,0.0221
RNG(0.1),3.31,3,0.6141,0.0223
RNG(0.1),3.32,3,0.6144,0.0225
RNG(0.1),3.33,3,0.6144,0.0224
RNG(0.1),3.34,3,0.6144,0.0226
RNG(0.1),3.35,3,0.6144,0.0219
RNG(0.1),3.36,3,0.6145,0.0221
RNG(0.1),3.37,3,0.6143,0.0223
RNG(0.1),3.38,3,0.6143,0.0222
RNG(0.1),3.39,3,0.6143,0.0224
RNG(0.1),3.4,3,0.6144,0.022
RNG(0.1),3.41,3,0.6144,0.022
RNG(0.1),3.42,3,0.6145,0.0216
RNG(0.1),3.43,3,0.6146,0.0216
RNG(0.1),3.44,3,0.6145,0.0218
RNG(0.1),3.45,3,0.6146,0.0219
RNG(0.1),3.46,3,0.6146,0.0218
RNG(0.1),3.47,3,0.6146,0.022
RNG(0.1),3.48,3,0.6148,0.022
RNG(0.1),3.49,3,0.6148,0.0221
RNG(0.1),3.5,3,0.6149,0.022
RNG(0.1),3.51,3,0.615,0.0219
RNG(0.1),3.52,3,0.6149,0.0217
RNG(0.1),3.53,3,0.6149,0.0219
RNG(0.1),3.54,3,0.6149,0.022
RNG(0.1),3.55,3,0.6148,0.022
RNG(0.1),3.56,3,0.6148,0.022
RNG(0.1),3.57,3,0.6149,0.0219
RNG(0.1),3.58,3,0.6148,0.0219
RNG(0.1),3.59,3,0.6148,0.0219
RNG(0.1),3.6,3,0.615,0.022
RNG(0.1),3.61,3,0.615,0.0221
RNG(0.1),3.62,3,0.6151,0.0213
RNG(0.1),3.63,3,0.6151,0.0212
RNG(0.1),3.64,3,0.6151,0.0212
RNG(0.1),3.65,3,0.6151,0.0211
RNG(0.1),3.66,3,0.6151,0.0211
RNG(0.1),3.67,3,0.615,0.021
RNG(0.1),3.68,3,0.615,0.0206
RNG(0.1),3.69,3,0.6151,0.0208
RNG(0.1),3.7,3,0.6152,0.0217
RNG(0.1),3.71,3,0.6152,0.0216
RNG(0.1),3.72,3,0.6152,0.0217
RNG(0.1),3.73,3,0.615,0.0216
RNG(0.1),3.74,3,0.6149,0.0215
RNG(0.1),3.75,3,0.6149,0.0214
RNG(0.1),3.76,3,0.6149,0.0214
RNG(0.1),3.77,3,0.6149,0.0211
RNG(0.1),3.78,3,0.615,0.021
RNG(0.1),3.79,3,0.6149,0.0211
RNG(0.1),3.8,3,0.6149,0.021
RNG(0.1),3.81,3,0.6149,0.021
RNG(0.1),3.82,3,0.6148,0.021
RNG(0.1),3.83,3,0.6147,0.0209
RNG(0.1),3.84,3,0.6147,0.0209
RNG(0.1),3.85,3,0.6148,0.0212
RNG(0.1),3.86,3,0.6147,0.0211
RNG(0.1),3.87,3,0.6147,0.0211
RNG(0.1),3.88,3,0.615,0.0207
RNG(0.1),3.89,3,0.615,0.0206
RNG(0.1),3.9,3,0.615,0.0207
RNG(0.1),3.91,3,0.6149,0.0208
RNG(0.1),3.92,3,0.6149,0.0208
RNG(0.1),3.93,3,0.6148,0.0212
RNG(0.1),3.94,3,0.6147,0.0211
RNG(0.1),3.95,3,0.6148,0.0214
RNG(0.1),3.96,3,0.6147,0.0215
RNG(0.1),3.97,3,0.6147,0.0217
RNG(0.1),3.98,3,0.6145,0.0219
RNG(0.1),3.99,3,0.6145,0.0219
RNG(0.1),4.0,3,0.6144,0.0218
RNG(0.1),4.01,3,0.6143,0.0217
RNG(0.1),4.02,3,0.6142,0.0218
RNG(0.1),4.03,3,0.6142,0.0218
RNG(0.1),4.04,3,0.6143,0.0217
RNG(0.1),4.05,3,0.6143,0.0217
RNG(0.1),4.06,3,0.6143,0.0217
RNG(0.1),4.07,3,0.6142,0.022
RNG(0.1),4.08,3,0.6143,0.0219
RNG(0.1),4.09,3,0.6143,0.0219
RNG(0.1),4.1,3,0.6143,0.0219
RNG(0.1),4.11,3,0.6143,0.0219
RNG(0.1),4.12,3,0.6144,0.0217
RNG(0.1),4.13,3,0.6143,0.0217
RNG(0.1),4.14,3,0.6143,0.0217
RNG(0.1),4.15,3,0.6143,0.0217
RNG(0.1),4.16,3,0.6141,0.022
RNG(0.1),4.17,3,0.6141,0.0219
RNG(0.1),4.18,3,0.6141,0.0219
RNG(0.1),4.19,3,0.6141,0.0219
RNG(0.1),4.2,3,0.6141,0.0219
RNG(0.1),4.21,3,0.6141,0.0219
RNG(0.1),4.22,3,0.6141,0.0219
RNG(0.1),4.23,3,0.6142,0.0224
RNG(0.1),4.24,3,0.6142,0.0223
RNG(0.1),4.25,3,0.6142,0.0222
RNG(0.1),4.26,3,0.6142,0.0222
RNG(0.1),4.27,3,0.6142,0.0224
RNG(0.1),4.28,3,0.6142,0.0224
RNG(0.1),4.29,3,0.6142,0.0224
RNG(0.1),4.3,3,0.6141,0.0222
RNG(0.1),4.31,3,0.6141,0.0222
RNG(0.1),4.32,3,0.6141,0.0222
RNG(0.1),4.33,3,0.6141,0.0222
RNG(0.1),4.34,3,0.6141,0.0222
RNG(0.1),4.35,3,0.6141,0.0222
RNG(0.1),4.36,3,0.6142,0.0221
RNG(0.1),4.37,3,0.6142,0.0221
RNG(0.1),4.38,3,0.6144,0.0216
RNG(0.1),4.39,3,0.6144,0.0217
RNG(0.1),4.4,2,0.6173,0.0902
RNG(0.1),4.41,3,0.6143,0.0217
RNG(0.1),4.42,3,0.6143,0.0217
RNG(0.1),4.43,3,0.6143,0.0217
RNG(0.1),4.44,3,0.6143,0.0217
RNG(0.1),4.45,3,0.6143,0.0217
RNG(0.1),4.46,2,0.6094,0.0095
RNG(0.1),4.47,2,0.6172,0.0908
RNG(0.1),4.48,3,0.6144,0.0217
RNG(0.1),4.51,3,0.6144,0.0217
RNG(0.1),4.52,3,0.6144,0.0217
RNG(0.1),4.54,2,0.6172,0.0908
RNG(0.1),4.55,3,0.6144,0.0217
RNG(0.1),4.56,2,0.6172,0.0908
RNG(0.1),4.57,3,0.6144,0.0217
RNG(0.1),4.58,2,0.6094,0.0095
RNG(0.1),4.6,2,0.6172,0.0908
RNG(0.1),4.61,3,0.6144,0.0217
RNG(0.2),0.99,3,0.5726,0.0179
RNG(0.2),1.0,3,0.5726,0.0179
RNG(0.2),1.01,3,0.5735,0.0187
RNG(0.2),1.02,3,0.5757,0.0194
RNG(0.2),1.03,3,0.5795,0.0185
RNG(0.2),1.04,3,0.5835,0.0187
RNG(0.2),1.05,3,0.5876,0.0189
RNG(0.2),1.06,3,0.5907,0.0192
RNG(0.2),1.07,3,0.5932,0.019
RNG(0.2),1.08,3,0.5949,0.0191
RNG(0.2),1.09,3,0.5958,0.0191
RNG(0.2),1.1,3,0.5966,0.0194
RNG(0.2),1.11,3,0.5972,0.0196
RNG(0.2),1.12,3,0.5976,0.0198
RNG(0.2),1.13,3,0.5979,0.0199
RNG(0.2),1.14,3,0.5981,0.0202
RNG(0.2),1.15,3,0.5982,0.0202
RNG(0.2),1.16,3,0.5983,0.0203
RNG(0.2),1.17,3,0.5984,0.0201
RNG(0.2),1.18,3,0.5985,0.0202
RNG(0.2),1.19,3,0.5985,0.0203
RNG(0.2),1.2,3,0.5986,0.0201
RNG(0.2),1.21,3,0.5986,0.0201
RNG(0.2),1.22,3,0.5987,0.02
RNG(0.2),1.23,3,0.5989,0.0197
RNG(0.2),1.24,3,0.599,0.0196
RNG(0.2),1.25,3,0.5992,0.0195
RNG(0.2),1.26,3,0.5992,0.0195
RNG(0.2),1.27,3,0.5993,0.0194
RNG(0.2),1.28,3,0.5995,0.0195
RNG(0.2),1.29,3,0.5995,0.0195
RNG(0.2),1.3,3,0.5996,0.0198
RNG(0.2),1.31,3,0.5997,0.02
RNG(0.2),1.32,3,0.5997,0.0203
RNG(0.2),1.33,3,0.5998,0.0202
RNG(0.2),1.34,3,0.5998,0.0205
RNG(0.2),1.35,3,0.5999,0.0203
RNG(0.2),1.36,3,0.6001,0.0203
RNG(0.2),1.37,3,0.6005,0.02
RNG(0.2),1.38,3,0.6007,0.0196
RNG(0.2),1.39,3,0.6009,0.0195
RNG(0.2),1.4,3,0.6009,0.0194
RNG(0.2),1.41,3,0.6011,0.0196
RNG(0.2),1.42,3,0.6013,0.0196
RNG(0.2),1.43,3,0.6016,0.0197
RNG(0.2),1.44,3,0.6017,0.0194
RNG(0.2),1.45,3,0.6019,0.0195
RNG(0.2),1.46,3,0.6021,0.0194
RNG(0.2),1.47,3,0.6022,0.0193
RNG(0.2),1.48,3,0.6024,0.0191
RNG(0.2),1.49,3,0.6026,0.019
RNG(0.2),1.5,3,0.6026,0.0191
RNG(0.2),1.51,3,0.6028,0.0188
RNG(0.2),1.52,3,0.6032,0.0191
RNG(0.2),1.53,3,0.6034,0.0195
RNG(0.2),1.54,3,0.6037,0.0193
RNG(0.2),1.55,3,0.604,0.0194
RNG(0.2),1.56,3,0.6041,0.0193
RNG(0.2),1.57,3,0.6044,0.0194
RNG(0.2),1.58,3,0.6048,0.0194
RNG(0.2),1.59,3,0.6051,0.0195
RNG(0.2),1.6,3,0.6053,0.0192
RNG(0.2),1.61,3,0.6054,0.0194
RNG(0.2),1.62,3,0.6056,0.0196
RNG(0.2),1.63,3,0.6059,0.0191
RNG(0.2),1.64,3,0.6062,0.0191
RNG(0.2),1.65,3,0.6064,0.0192
RNG(0.2),1.66,3,0.6068,0.019
RNG(0.2),1.67,3,0.607,0.0191
RNG(0.2),1.68,3,0.6073,0.0194
RNG(0.2),1.69,3,0.6075,0.0197
RNG(0.2),1.7,3,0.6078,0.0198
RNG(0.2),1.71,3,0.6079,0.0197
RNG(0.2),1.72,3,0.608,0.0196
RNG(0.2),1.73,3,0.6081,0.0193
RNG(0.2),1.74,3,0.6081,0.0192
RNG(0.2),1.75,3,0.6083,0.0194
RNG(0.2),1.76,3,0.6084,0.0192
RNG(0.2),1.77,3,0.6084,0.0195
RNG(0.2),1.78,3,0.6086,0.0194
RNG(0.2),1.79,3,0.6087,0.0195
RNG(0.2),1.8,3,0.6088,0.0193
RNG(0.2),1.81,3,0.6088,0.0195
RNG(0.2),1.82,3,0.6089,0.0198
RNG(0.2),1.83,3,0.609,0.0198
RNG(0.2),1.84,3,0.6091,0.02
RNG(0.2),1.85,3,0.6092,0.0201
RNG(0.2),1.86,3,0.6092,0.0203
RNG(0.2),1.87,3,0.6093,0.0202
RNG(0.2),1.88,3,0.6093,0.0202
RNG(0.2),1.89,3,0.6095,0.0201
RNG(0.2),1.9,3,0.6094,0.0201
RNG(0.2),1.91,3,0.6095,0.0199
RNG(0.2),1.92,3,0.6096,0.0198
RNG(0.2),1.93,3,0.6097,0.0198
RNG(0.2),1.94,3,0.6098,0.0198
RNG(0.2),1.95,3,0.61,0.0198
RNG(0.2),1.96,3,0.6102,0.0197
RNG(0.2),1.97,3,0.6103,0.02
RNG(0.2),1.98,3,0.6105,0.0199
RNG(0.2),1.99,3,0.6106,0.02
RNG(0.2),2.0,3,0.6108,0.0199
RNG(0.2),2.01,3,0.6108,0.0198
RNG(0.2),2.02,3,0.6109,0.0198
RNG(0.2),2.03,3,0.611,0.0197
RNG(0.2),2.04,3,0.6111,0.0195
RNG(0.2),2.05,3,0.6111,0.0196
RNG(0.2),2.06,3,0.6113,0.0194
RNG(0.2),2.07,3,0.6114,0.0192
RNG(0.2),2.08,3,0.6115,0.0189
RNG(0.2),2.09,3,0.6116,0.0189
RNG(0.2),2.1,3,0.6118,0.0181
RNG(0.2),2.11,3,0.6119,0.0181
RNG(0.2),2.12,3,0.6119,0.018
RNG(0.2),2.13,3,0.612,0.0179
RNG(0.2),2.14,3,0.612,0.018
RNG(0.2),2.15,3,0.6121,0.018
RNG(0.2),2.16,3,0.6122,0.0182
RNG(0.2),2.17,3,0.6124,0.0184
RNG(0.2),2.18,3,0.6124,0.0181
RNG(0.2),2.19,3,0.6124,0.0182
RNG(0.2),2.2,3,0.6124,0.018
RNG(0.2),2.21,3,0.6124,0.0178
RNG(0.2),2.22,3,0.6125,0.0176
RNG(0.2),2.23,3,0.6126,0.0178
RNG(0.2),2.24,3,0.6127,0.0176
RNG(0.2),2.25,3,0.6129,0.0179
RNG(0.2),2.26,3,0.6129,0.0179
RNG(0.2),2.27,3,0.613,0.0181
RNG(0.2),2.28,3,0.6131,0.0179
RNG(0.2),2.29,3,0.613,0.018
RNG(0.2),2.3,3,0.6132,0.0179
RNG(0.2),2.31,3,0.6133,0.0177
RNG(0.2),2.32,3,0.6133,0.0177
RNG(0.2),2.33,3,0.6134,0.0181
RNG(0.2),2.34,3,0.6134,0.0179
RNG(0.2),2.35,3,0.6134,0.0183
RNG(0.2),2.36,3,0.6135,0.0181
RNG(0.2),2.37,3,0.6135,0.0181
RNG(0.2),2.38,3,0.6137,0.018
RNG(0.2),2.39,3,0.6138,0.018
RNG(0.2),2.4,3,0.6139,0.0178
RNG(0.2),2.41,3,0.614,0.0179
RNG(0.2),2.42,3,0.6142,0.0175
RNG(0.2),2.43,3,0.6142,0.0175
RNG(0.2),2.44,3,0.6142,0.0175
RNG(0.2),2.45,3,0.6142,0.0174
RNG(0.2),2.46,3,0.6142,0.0176
RNG(0.2),2.47,3,0.6142,0.0175
RNG(0.2),2.48,3,0.6143,0.0174
RNG(0.2),2.49,3,0.6144,0.0178
RNG(0.2),2.5,3,0.6144,0.0178
RNG(0.2),2.51,3,0.6143,0.0173
RNG(0.2),2.52,3,0.6143,0.0175
RNG(0.2),2.53,3,0.6143,0.0175
RNG(0.2),2.54,3,0.6142,0.0176
RNG(0.2),2.55,3,0.6143,0.0175
RNG(0.2),2.56,3,0.6144,0.0175
RNG(0.2),2.57,3,0.6146,0.0176
RNG(0.2),2.58,3,0.6147,0.0177
RNG(0.2),2.59,3,0.6147,0.018
RNG(0.2),2.6,3,0.6147,0.0178
RNG(0.2),2.61,3,0.615,0.0184
RNG(0.2),2.62,3,0.615,0.0182
RNG(0.2),2.63,3,0.6153,0.018
RNG(0.2),2.64,3,0.6153,0.0184
RNG(0.2),2.65,3,0.6154,0.0185
RNG(0.2),2.66,3,0.6156,0.0184
RNG(0.2),2.67,3,0.6157,0.0185
RNG(0.2),2.68,3,0.6157,0.0185
RNG(0.2),2.69,3,0.6158,0.0181
RNG(0.2),2.7,3,0.6159,0.0181
RNG(0.2),2.71,3,0.6161,0.0184
RNG(0.2),2.72,3,0.6162,0.0182
RNG(0.2),2.73,3,0.6162,0.018
RNG(0.2),2.74,3,0.6163,0.018
RNG(0.2),2.75,3,0.6164,0.0183
RNG(0.2),2.76,3,0.6164,0.0182
RNG(0.2),2.77,3,0.6165,0.0184
RNG(0.2),2.78,3,0.6166,0.0188
RNG(0.2),2.79,3,0.6166,0.019
RNG(0.2),2.8,3,0.6165,0.0191
RNG(0.2),2.81,3,0.6165,0.0192
RNG(0.2),2.82,3,0.6165,0.019
RNG(0.2),2.83,3,0.6163,0.0195
RNG(0.2),2.84,3,0.6164,0.0198
RNG(0.2),2.85,3,0.6164,0.02
RNG(0.2),2.86,3,0.6165,0.0198
RNG(0.2),2.87,3,0.6167,0.0198
RNG(0.2),2.88,3,0.6167,0.0197
RNG(0.2),2.89,3,0.6166,0.0198
RNG(0.2),2.9,3,0.6167,0.0197
RNG(0.2),2.91,3,0.6168,0.0201
RNG(0.2),2.92,3,0.6169,0.0199
RNG(0.2),2.93,3,0.6169,0.0199
RNG(0.2),2.94,3,0.6169,0.02
RNG(0.2),2.95,3,0.6169,0.02
RNG(0.2),2.96,3,0.6168,0.0201
RNG(0.2),2.97,3,0.6169,0.0196
RNG(0.2),2.98,3,0.617,0.0196
RNG(0.2),2.99,3,0.6171,0.0195
RNG(0.2),3.0,3,0.6171,0.0193
RNG(0.2),3.01,3,0.6171,0.0193
RNG(0.2),3.02,3,0.6171,0.0193
RNG(0.2),3.03,3,0.6171,0.0194
RNG(0.2),3.04,3,0.6171,0.0197
RNG(0.2),3.05,3,0.6171,0.0194
RNG(0.2),3.06,3,0.617,0.0198
RNG(0.2),3.07,3,0.6171,0.0201
RNG(0.2),3.08,3,0.6171,0.0201
RNG(0.2),3.09,3,0.6171,0.02
RNG(0.2),3.1,3,0.6171,0.02
RNG(0.2),3.11,3,0.6172,0.0197
RNG(0.2),3.12,3,0.6173,0.0196
RNG(0.2),3.13,3,0.6173,0.0196
RNG(0.2),3.14,3,0.6173,0.0196
RNG(0.2),3.15,3,0.6174,0.0199
RNG(0.2),3.16,3,0.6175,0.0195
RNG(0.2),3.17,3,0.6175,0.0193
RNG(0.2),3.18,3,0.6176,0.0193
RNG(0.2),3.19,3,0.6179,0.0195
RNG(0.2),3.2,3,0.6181,0.0197
RNG(0.2),3.21,3,0.6181,0.0195
RNG(0.2),3.22,3,0.6182,0.0199
RNG(0.2),3.23,3,0.6182,0.0201
RNG(0.2),3.24,3,0.6183,0.0202
RNG(0.2),3.25,3,0.6184,0.0201
RNG(0.2),3.26,3,0.6182,0.0209
RNG(0.2),3.27,3,0.6182,0.0209
RNG(0.2),3.28,3,0.6182,0.0208
RNG(0.2),3.29,3,0.6181,0.0206
RNG(0.2),3.3,3,0.6181,0.0209
RNG(0.2),3.31,3,0.618,0.0209
RNG(0.2),3.32,3,0.6182,0.0215
RNG(0.2),3.33,3,0.6183,0.0214
RNG(0.2),3.34,3,0.6183,0.0216
RNG(0.2),3.35,3,0.6183,0.0212
RNG(0.2),3.36,3,0.6184,0.0212
RNG(0.2),3.37,3,0.6183,0.0216
RNG(0.2),3.38,3,0.6183,0.0215
RNG(0.2),3.39,3,0.6183,0.0215
RNG(0.2),3.4,3,0.6185,0.0211
RNG(0.2),3.41,3,0.6185,0.0213
RNG(0.2),3.42,3,0.6187,0.0212
RNG(0.2),3.43,3,0.6188,0.021
RNG(0.2),3.44,3,0.6188,0.021
RNG(0.2),3.45,3,0.6188,0.021
RNG(0.2),3.46,3,0.6188,0.021
RNG(0.2),3.47,3,0.6188,0.021
RNG(0.2),3.48,3,0.6189,0.0208
RNG(0.2),3.49,3,0.6189,0.0209
RNG(0.2),3.5,3,0.619,0.0208
RNG(0.2),3.51,3,0.619,0.0207
RNG(0.2),3.52,3,0.6191,0.0208
RNG(0.2),3.53,3,0.619,0.0206
RNG(0.2),3.54,3,0.6191,0.0208
RNG(0.2),3.55,3,0.6191,0.0206
RNG(0.2),3.56,3,0.619,0.0207
RNG(0.2),3.57,3,0.6191,0.0205
RNG(0.2),3.58,3,0.6191,0.0205
RNG(0.2),3.59,3,0.6191,0.0206
RNG(0.2),3.6,3,0.6193,0.0208
RNG(0.2),3.61,3,0.6193,0.021
RNG(0.2),3.62,3,0.6193,0.0205
RNG(0.2),3.63,3,0.6193,0.0205
RNG(0.2),3.64,3,0.6194,0.0204
RNG(0.2),3.65,3,0.6194,0.0203
RNG(0.2),3.66,3,0.6194,0.0203
RNG(0.2),3.67,3,0.6194,0.0203
RNG(0.2),3.68,3,0.6195,0.0204
RNG(0.2),3.69,3,0.6196,0.0205
RNG(0.2),3.7,3,0.6198,0.0212
RNG(0.2),3.71,3,0.6198,0.0212
RNG(0.2),3.72,3,0.6198,0.0212
RNG(0.2),3.73,3,0.6197,0.0212
RNG(0.2),3.74,3,0.6196,0.0211
RNG(0.2),3.75,3,0.6197,0.0208
RNG(0.2),3.76,3,0.6197,0.0208
RNG(0.2),3.77,3,0.6198,0.0206
RNG(0.2),3.78,3,0.6198,0.0206
RNG(0.2),3.79,3,0.6198,0.0206
RNG(0.2),3.8,3,0.6198,0.0204
RNG(0.2),3.81,3,0.6198,0.0205
RNG(0.2),3.82,3,0.6198,0.0206
RNG(0.2),3.83,3,0.6198,0.0204
RNG(0.2),3.84,3,0.6198,0.0204
RNG(0.2),3.85,3,0.6198,0.0204
RNG(0.2),3.86,3,0.6199,0.0206
RNG(0.2),3.87,3,0.6199,0.0203
RNG(0.2),3.88,3,0.6202,0.0201
RNG(0.2),3.89,3,0.6201,0.0202
RNG(0.2),3.9,3,0.6201,0.0202
RNG(0.2),3.91,3,0.6201,0.0203
RNG(0.2),3.92,3,0.62,0.0204
RNG(0.2),3.93,3,0.6199,0.0207
RNG(0.2),3.94,3,0.6198,0.0206
RNG(0.2),3.95,3,0.6199,0.0208
RNG(0.2),3.96,3,0.6199,0.0208
RNG(0.2),3.97,3,0.6199,0.0209
RNG(0.2),3.98,3,0.6198,0.0212
RNG(0.2),3.99,3,0.6198,0.0212
RNG(0.2),4.0,3,0.6198,0.0212
RNG(0.2),4.01,3,0.6196,0.021
RNG(0.2),4.02,3,0.6196,0.021
RNG(0.2),4.03,3,0.6196,0.021
RNG(0.2),4.04,3,0.6196,0.021
RNG(0.2),4.05,3,0.6196,0.021
RNG(0.2),4.06,3,0.6196,0.021
RNG(0.2),4.07,3,0.6196,0.0212
RNG(0.2),4.08,3,0.6197,0.0211
RNG(0.2),4.09,3,0.6197,0.0209
RNG(0.2),4.1,3,0.6197,0.0209
RNG(0.2),4.11,3,0.6197,0.0209
RNG(0.2),4.12,3,0.6198,0.0209
RNG(0.2),4.13,3,0.6197,0.0209
RNG(0.2),4.14,3,0.6197,0.0209
RNG(0.2),4.15,3,0.6197,0.0208
RNG(0.2),4.16,3,0.6197,0.0208
RNG(0.2),4.17,3,0.6197,0.0208
RNG(0.2),4.18,3,0.6197,0.0209
RNG(0.2),4.19,3,0.6197,0.0209
RNG(0.2),4.2,3,0.6197,0.0209
RNG(0.2),4.21,3,0.6197,0.0209
RNG(0.2),4.22,3,0.6197,0.0209
RNG(0.2),4.23,3,0.6198,0.0207
RNG(0.2),4.24,3,0.6198,0.0207
RNG(0.2),4.25,3,0.6198,0.0207
RNG(0.2),4.26,3,0.6198,0.0207
RNG(0.2),4.27,3,0.6198,0.0207
RNG(0.2),4.28,3,0.6198,0.0207
RNG(0.2),4.29,3,0.6198,0.0207
RNG(0.2),4.3,3,0.6198,0.0207
RNG(0.2),4.31,3,0.6198,0.0207
RNG(0.2),4.32,3,0.6198,0.0207
RNG(0.2),4.33,3,0.6198,0.0207
RNG(0.2),4.34,3,0.6198,0.0207
RNG(0.2),4.35,3,0.6198,0.0207
RNG(0.2),4.36,3,0.6198,0.0207
RNG(0.2),4.37,3,0.6198,0.0207
RNG(0.2),4.38,3,0.6198,0.0207
RNG(0.2),4.39,3,0.6198,0.0207
RNG(0.2),4.4,2,0.622,0.0934
RNG(0.2),4.41,3,0.6198,0.0207
RNG(0.2),4.42,3,0.6198,0.0207
RNG(0.2),4.43,3,0.6198,0.0207
RNG(0.2),4.44,3,0.6198,0.0207
RNG(0.2),4.45,3,0.6198,0.0207
RNG(0.2),4.46,2,0.6149,0.0032
RNG(0.2),4.47,2,0.622,0.0934
RNG(0.2),4.48,3,0.6198,0.0207
RNG(0.2),4.51,3,0.6198,0.0207
RNG(0.2),4.52,3,0.6198,0.0207
RNG(0.2),4.54,2,0.622,0.0934
RNG(0.2),4.55,3,0.6198,0.0207
RNG(0.2),4.56,2,0.622,0.0934
RNG(0.2),4.57,3,0.6198,0.0207
RNG(0.2),4.58,2,0.6149,0.0032
RNG(0.2),4.6,2,0.622,0.0934
RNG(0.2),4.61,3,0.6198,0.0207
RNG(0.3),0.99,3,0.5726,0.0179
RNG(0.3),1.0,3,0.5726,0.0179
RNG(0.3),1.01,3,0.5731,0.0181
RNG(0.3),1.02,3,0.5745,0.0187
RNG(0.3),1.03,3,0.5775,0.0178
RNG(0.3),1.04,3,0.5807,0.018
RNG(0.3),1.05,3,0.584,0.0183
RNG(0.3),1.06,3,0.5866,0.0179
RNG(0.3),1.07,3,0.5887,0.0177
RNG(0.3),1.08,3,0.5902,0.0176
RNG(0.3),1.09,3,0.591,0.0175
RNG(0.3),1.1,3,0.5916,0.0181
RNG(0.3),1.11,3,0.5921,0.0184
RNG(0.3),1.12,3,0.5924,0.0184
RNG(0.3),1.13,3,0.5926,0.0184
RNG(0.3),1.14,3,0.5928,0.0186
RNG(0.3),1.15,3,0.5929,0.0185
RNG(0.3),1.16,3,0.593,0.0187
RNG(0.3),1.17,3,0.593,0.0186
RNG(0.3),1.18,3,0.5931,0.0186
RNG(0.3),1.19,3,0.5932,0.0188
RNG(0.3),1.2,3,0.5933,0.0186
RNG(0.3),1.21,3,0.5933,0.0186
RNG(0.3),1.22,3,0.5933,0.0186
RNG(0.3),1.23,3,0.5935,0.0184
RNG(0.3),1.24,3,0.5935,0.0184
RNG(0.3),1.25,3,0.5937,0.0184
RNG(0.3),1.26,3,0.5937,0.0184
RNG(0.3),1.27,3,0.5938,0.0183
RNG(0.3),1.28,3,0.594,0.0184
RNG(0.3),1.29,3,0.594,0.0184
RNG(0.3),1.3,3,0.5941,0.0184
RNG(0.3),1.31,3,0.5942,0.0186
RNG(0.3),1.32,3,0.5943,0.0185
RNG(0.3),1.33,3,0.5943,0.0187
RNG(0.3),1.34,3,0.5944,0.0187
RNG(0.3),1.35,3,0.5946,0.0188
RNG(0.3),1.36,3,0.5947,0.0186
RNG(0.3),1.37,3,0.5949,0.0184
RNG(0.3),1.38,3,0.5952,0.0181
RNG(0.3),1.39,3,0.5953,0.0181
RNG(0.3),1.4,3,0.5954,0.0179
RNG(0.3),1.41,3,0.5955,0.0179
RNG(0.3),1.42,3,0.5957,0.0179
RNG(0.3),1.43,3,0.596,0.0177
RNG(0.3),1.44,3,0.5961,0.0177
RNG(0.3),1.45,3,0.5962,0.0178
RNG(0.3),1.46,3,0.5963,0.0177
RNG(0.3),1.47,3,0.5964,0.0177
RNG(0.3),1.48,3,0.5965,0.0178
RNG(0.3),1.49,3,0.5967,0.0177
RNG(0.3),1.5,3,0.5968,0.0177
RNG(0.3),1.51,3,0.597,0.0177
RNG(0.3),1.52,3,0.5973,0.0177
RNG(0.3),1.53,3,0.5975,0.0181
RNG(0.3),1.54,3,0.5977,0.0179
RNG(0.3),1.55,3,0.5979,0.018
RNG(0.3),1.56,3,0.5981,0.0179
RNG(0.3),1.57,3,0.5984,0.0179
RNG(0.3),1.58,3,0.5986,0.018
RNG(0.3),1.59,3,0.5989,0.0179
RNG(0.3),1.6,3,0.599,0.0178
RNG(0.3),1.61,3,0.5992,0.0176
RNG(0.3),1.62,3,0.5994,0.0177
RNG(0.3),1.63,3,0.5996,0.0174
RNG(0.3),1.64,3,0.5999,0.0175
RNG(0.3),1.65,3,0.6,0.0176
RNG(0.3),1.66,3,0.6002,0.0178
RNG(0.3),1.67,3,0.6005,0.0179
RNG(0.3),1.68,3,0.6008,0.0178
RNG(0.3),1.69,3,0.6011,0.0179
RNG(0.3),1.7,3,0.6013,0.0182
RNG(0.3),1.71,3,0.6014,0.0182
RNG(0.3),1.72,3,0.6015,0.0182
RNG(0.3),1.73,3,0.6016,0.0178
RNG(0.3),1.74,3,0.6016,0.0176
RNG(0.3),1.75,3,0.6018,0.0179
RNG(0.3),1.76,3,0.6019,0.0177
RNG(0.3),1.77,3,0.602,0.0177
RNG(0.3),1.78,3,0.6021,0.0179
RNG(0.3),1.79,3,0.6021,0.0178
RNG(0.3),1.8,3,0.6023,0.0177
RNG(0.3),1.81,3,0.6023,0.0178
RNG(0.3),1.82,3,0.6025,0.0179
RNG(0.3),1.83,3,0.6025,0.0179
RNG(0.3),1.84,3,0.6026,0.0179
RNG(0.3),1.85,3,0.6027,0.018
RNG(0.3),1.86,3,0.6028,0.0182
RNG(0.3),1.87,3,0.6028,0.0182
RNG(0.3),1.88,3,0.6028,0.0182
RNG(0.3),1.89,3,0.603,0.0181
RNG(0.3),1.9,3,0.6029,0.018
RNG(0.3),1.91,3,0.603,0.0178
RNG(0.3),1.92,3,0.6031,0.0176
RNG(0.3),1.93,3,0.6031,0.0176
RNG(0.3),1.94,3,0.6032,0.0176
RNG(0.3),1.95,3,0.6034,0.0175
RNG(0.3),1.96,3,0.6035,0.0174
RNG(0.3),1.97,3,0.6037,0.0176
RNG(0.3),1.98,3,0.6038,0.0175
RNG(0.3),1.99,3,0.6039,0.0176
RNG(0.3),2.0,3,0.604,0.0176
RNG(0.3),2.01,3,0.6041,0.0174
RNG(0.3),2.02,3,0.6041,0.0176
RNG(0.3),2.03,3,0.6042,0.0174
RNG(0.3),2.04,3,0.6044,0.0173
RNG(0.3),2.05,3,0.6044,0.0173
RNG(0.3),2.06,3,0.6044,0.0174
RNG(0.3),2.07,3,0.6046,0.0173
RNG(0.3),2.08,3,0.6047,0.017
RNG(0.3),2.09,3,0.6048,0.017
RNG(0.3),2.1,3,0.605,0.0164
RNG(0.3),2.11,3,0.6051,0.0161
RNG(0.3),2.12,3,0.6052,0.0159
RNG(0.3),2.13,3,0.6052,0.0159
RNG(0.3),2.14,3,0.6052,0.0159
RNG(0.3),2.15,3,0.6053,0.0158
RNG(0.3),2.16,3,0.6053,0.0161
RNG(0.3),2.17,3,0.6054,0.0162
RNG(0.3),2.18,3,0.6055,0.0158
RNG(0.3),2.19,3,0.6055,0.0159
RNG(0.3),2.2,3,0.6056,0.0158
RNG(0.3),2.21,3,0.6056,0.0156
RNG(0.3),2.22,3,0.6057,0.0154
RNG(0.3),2.23,3,0.6057,0.0157
RNG(0.3),2.24,3,0.6058,0.0156
RNG(0.3),2.25,3,0.6059,0.0157
RNG(0.3),2.26,3,0.606,0.0158
RNG(0.3),2.27,3,0.606,0.0159
RNG(0.3),2.28,3,0.6062,0.0158
RNG(0.3),2.29,3,0.6062,0.0158
RNG(0.3),2.3,3,0.6063,0.0158
RNG(0.3),2.31,3,0.6063,0.016
RNG(0.3),2.32,3,0.6064,0.016
RNG(0.3),2.33,3,0.6064,0.0162
RNG(0.3),2.34,3,0.6064,0.0162
RNG(0.3),2.35,3,0.6065,0.0164
RNG(0.3),2.36,3,0.6065,0.0164
RNG(0.3),2.37,3,0.6066,0.0164
RNG(0.3),2.38,3,0.6068,0.0164
RNG(0.3),2.39,3,0.6069,0.0163
RNG(0.3),2.4,3,0.607,0.0161
RNG(0.3),2.41,3,0.607,0.0163
RNG(0.3),2.42,3,0.6071,0.0163
RNG(0.3),2.43,3,0.6071,0.0163
RNG(0.3),2.44,3,0.6071,0.0163
RNG(0.3),2.45,3,0.6071,0.0162
RNG(0.3),2.46,3,0.6071,0.0163
RNG(0.3),2.47,3,0.6071,0.0162
RNG(0.3),2.48,3,0.6072,0.0161
RNG(0.3),2.49,3,0.6072,0.0162
RNG(0.3),2.5,3,0.6073,0.016
RNG(0.3),2.51,3,0.6072,0.016
RNG(0.3),2.52,3,0.6073,0.0158
RNG(0.3),2.53,3,0.6074,0.0159
RNG(0.3),2.54,3,0.6074,0.0161
RNG(0.3),2.55,3,0.6075,0.0158
RNG(0.3),2.56,3,0.6076,0.0158
RNG(0.3),2.57,3,0.6078,0.0158
RNG(0.3),2.58,3,0.6078,0.0158
RNG(0.3),2.59,3,0.6078,0.0158
RNG(0.3),2.6,3,0.6078,0.0155
RNG(0.3),2.61,3,0.6079,0.0156
RNG(0.3),2.62,3,0.6079,0.0155
RNG(0.3),2.63,3,0.6082,0.0156
RNG(0.3),2.64,3,0.6082,0.0158
RNG(0.3),2.65,3,0.6082,0.0159
RNG(0.3),2.66,3,0.6084,0.0157
RNG(0.3),2.67,3,0.6084,0.0157
RNG(0.3),2.68,3,0.6085,0.0158
RNG(0.3),2.69,3,0.6085,0.0154
RNG(0.3),2.7,3,0.6086,0.0155
RNG(0.3),2.71,3,0.6087,0.0159
RNG(0.3),2.72,3,0.6088,0.016
RNG(0.3),2.73,3,0.6088,0.016
RNG(0.3),2.74,3,0.6089,0.0159
RNG(0.3),2.75,3,0.6091,0.0158
RNG(0.3),2.76,3,0.6091,0.0159
RNG(0.3),2.77,3,0.6092,0.016
RNG(0.3),2.78,3,0.6092,0.0161
RNG(0.3),2.79,3,0.6092,0.0163
RNG(0.3),2.8,3,0.6093,0.0164
RNG(0.3),2.81,3,0.6092,0.0165
RNG(0.3),2.82,3,0.6092,0.0166
RNG(0.3),2.83,3,0.6093,0.0164
RNG(0.3),2.84,3,0.6093,0.0167
RNG(0.3),2.85,3,0.6093,0.0168
RNG(0.3),2.86,3,0.6095,0.0166
RNG(0.3),2.87,3,0.6095,0.0167
RNG(0.3),2.88,3,0.6096,0.0166
RNG(0.3),2.89,3,0.6096,0.0166
RNG(0.3),2.9,3,0.6096,0.0166
RNG(0.3),2.91,3,0.6097,0.0168
RNG(0.3),2.92,3,0.6098,0.0165
RNG(0.3),2.93,3,0.6099,0.0167
RNG(0.3),2.94,3,0.6099,0.0171
RNG(0.3),2.95,3,0.6099,0.017
RNG(0.3),2.96,3,0.6098,0.017
RNG(0.3),2.97,3,0.61,0.0169
RNG(0.3),2.98,3,0.6101,0.0167
RNG(0.3),2.99,3,0.6101,0.0166
RNG(0.3),3.0,3,0.6102,0.0165
RNG(0.3),3.01,3,0.6101,0.0166
RNG(0.3),3.02,3,0.6102,0.0165
RNG(0.3),3.03,3,0.6101,0.0165
RNG(0.3),3.04,3,0.6101,0.0165
RNG(0.3),3.05,3,0.6101,0.0165
RNG(0.3),3.06,3,0.6101,0.0169
RNG(0.3),3.07,3,0.6101,0.0171
RNG(0.3),3.08,3,0.6102,0.0171
RNG(0.3),3.09,3,0.6102,0.0171
RNG(0.3),3.1,3,0.6102,0.0171
RNG(0.3),3.11,3,0.6102,0.0171
RNG(0.3),3.12,3,0.6103,0.0172
RNG(0.3),3.13,3,0.6103,0.0172
RNG(0.3),3.14,3,0.6104,0.017
RNG(0.3),3.15,3,0.6104,0.017
RNG(0.3),3.16,3,0.6104,0.017
RNG(0.3),3.17,3,0.6104,0.017
RNG(0.3),3.18,3,0.6105,0.017
RNG(0.3),3.19,3,0.6107,0.0171
RNG(0.3),3.2,3,0.6108,0.0169
RNG(0.3),3.21,3,0.6109,0.0167
RNG(0.3),3.22,3,0.6109,0.017
RNG(0.3),3.23,3,0.6108,0.0172
RNG(0.3),3.24,3,0.6109,0.0172
RNG(0.3),3.25,3,0.6109,0.0172
RNG(0.3),3.26,3,0.6108,0.0178
RNG(0.3),3.27,3,0.6109,0.0177
RNG(0.3),3.28,3,0.6109,0.0175
RNG(0.3),3.29,3,0.6108,0.0175
RNG(0.3),3.3,3,0.6108,0.0177
RNG(0.3),3.31,3,0.6107,0.0176
RNG(0.3),3.32,3,0.6109,0.0183
RNG(0.3),3.33,3,0.611,0.0183
RNG(0.3),3.34,3,0.611,0.0183
RNG(0.3),3.35,3,0.6111,0.0182
RNG(0.3),3.36,3,0.6111,0.0181
RNG(0.3),3.37,3,0.611,0.0185
RNG(0.3),3.38,3,0.6111,0.0183
RNG(0.3),3.39,3,0.6111,0.0181
RNG(0.3),3.4,3,0.6112,0.018
RNG(0.3),3.41,3,0.6112,0.0179
RNG(0.3),3.42,3,0.6111,0.0181
RNG(0.3),3.43,3,0.6112,0.018
RNG(0.3),3.44,3,0.6111,0.0179
RNG(0.3),3.45,3,0.6112,0.0178
RNG(0.3),3.46,3,0.6112,0.0178
RNG(0.3),3.47,3,0.6112,0.0179
RNG(0.3),3.48,3,0.6113,0.0178
RNG(0.3),3.49,3,0.6113,0.0178
RNG(0.3),3.5,3,0.6113,0.0177
RNG(0.3),3.51,3,0.6113,0.0177
RNG(0.3),3.52,3,0.6114,0.0177
RNG(0.3),3.53,3,0.6114,0.0177
RNG(0.3),3.54,3,0.6114,0.0177
RNG(0.3),3.55,3,0.6114,0.0177
RNG(0.3),3.56,3,0.6114,0.0177
RNG(0.3),3.57,3,0.6115,0.0176
RNG(0.3),3.58,3,0.6114,0.0177
RNG(0.3),3.59,3,0.6114,0.0175
RNG(0.3),3.6,3,0.6115,0.0176
RNG(0.3),3.61,3,0.6115,0.0177
RNG(0.3),3.62,3,0.6115,0.0177
RNG(0.3),3.63,3,0.6115,0.0177
RNG(0.3),3.64,3,0.6115,0.0179
RNG(0.3),3.65,3,0.6115,0.0179
RNG(0.3),3.66,3,0.6115,0.0179
RNG(0.3),3.67,3,0.6115,0.0177
RNG(0.3),3.68,3,0.6117,0.018
RNG(0.3),3.69,3,0.6118,0.018
RNG(0.3),3.7,3,0.6119,0.0184
RNG(0.3),3.71,3,0.6119,0.0184
RNG(0.3),3.72,3,0.6119,0.0184
RNG(0.3),3.73,3,0.6118,0.0183
RNG(0.3),3.74,3,0.6118,0.0183
RNG(0.3),3.75,3,0.6119,0.0185
RNG(0.3),3.76,3,0.6119,0.0185
RNG(0.3),3.77,3,0.6119,0.0184
RNG(0.3),3.78,3,0.6119,0.0184
RNG(0.3),3.79,3,0.6119,0.0184
RNG(0.3),3.8,3,0.612,0.0182
RNG(0.3),3.81,3,0.612,0.0181
RNG(0.3),3.82,3,0.612,0.0182
RNG(0.3),3.83,3,0.612,0.018
RNG(0.3),3.84,3,0.612,0.018
RNG(0.3),3.85,3,0.6121,0.0181
RNG(0.3),3.86,3,0.6121,0.0181
RNG(0.3),3.87,3,0.6121,0.018
RNG(0.3),3.88,3,0.6122,0.0182
RNG(0.3),3.89,3,0.6122,0.0183
RNG(0.3),3.9,3,0.6121,0.0182
RNG(0.3),3.91,3,0.6121,0.0182
RNG(0.3),3.92,3,0.6121,0.0182
RNG(0.3),3.93,3,0.6121,0.0182
RNG(0.3),3.94,3,0.6121,0.0182
RNG(0.3),3.95,3,0.6122,0.0184
RNG(0.3),3.96,3,0.6122,0.0184
RNG(0.3),3.97,3,0.6122,0.0184
RNG(0.3),3.98,3,0.6121,0.0187
RNG(0.3),3.99,3,0.6121,0.0187
RNG(0.3),4.0,3,0.6121,0.0187
RNG(0.3),4.01,3,0.6121,0.0187
RNG(0.3),4.02,3,0.6121,0.0187
RNG(0.3),4.03,3,0.6121,0.0186
RNG(0.3),4.04,3,0.6121,0.0186
RNG(0.3),4.05,3,0.6121,0.0186
RNG(0.3),4.06,3,0.6121,0.0186
RNG(0.3),4.07,3,0.6121,0.0186
RNG(0.3),4.08,3,0.6122,0.0185
RNG(0.3),4.09,3,0.6122,0.0183
RNG(0.3),4.1,3,0.6122,0.0183
RNG(0.3),4.11,3,0.6122,0.0183
RNG(0.3),4.12,3,0.6123,0.0183
RNG(0.3),4.13,3,0.6122,0.0184
RNG(0.3),4.14,3,0.6122,0.0184
RNG(0.3),4.15,3,0.6123,0.0183
RNG(0.3),4.16,3,0.6123,0.0183
RNG(0.3),4.17,3,0.6123,0.0183
RNG(0.3),4.18,3,0.6123,0.0183
RNG(0.3),4.19,3,0.6123,0.0183
RNG(0.3),4.2,3,0.6122,0.0184
RNG(0.3),4.21,3,0.6122,0.0184
RNG(0.3),4.22,3,0.6122,0.0184
RNG(0.3),4.23,3,0.6122,0.0184
RNG(0.3),4.24,3,0.6122,0.0184
RNG(0.3),4.25,3,0.6123,0.0182
RNG(0.3),4.26,3,0.6123,0.0182
RNG(0.3),4.27,3,0.6123,0.0183
RNG(0.3),4.28,3,0.6123,0.0183
RNG(0.3),4.29,3,0.6123,0.0183
RNG(0.3),4.3,3,0.6123,0.0183
RNG(0.3),4.31,3,0.6123,0.0183
RNG(0.3),4.32,3,0.6123,0.0183
RNG(0.3),4.33,3,0.6123,0.0183
RNG(0.3),4.34,3,0.6123,0.0183
RNG(0.3),4.35,3,0.6123,0.0183
RNG(0.3),4.36,3,0.6123,0.0183
RNG(0.3),4.37,3,0.6123,0.0183
RNG(0.3),4.38,3,0.6123,0.0183
RNG(0.3),4.39,3,0.6123,0.0184
RNG(0.3),4.4,2,0.6138,0.0877
RNG(0.3),4.41,3,0.6123,0.0184
RNG(0.3),4.42,3,0.6123,0.0184
RNG(0.3),4.43,3,0.6123,0.0184
RNG(0.3),4.44,3,0.6123,0.0184
RNG(0.3),4.45,3,0.6123,0.0184
RNG(0.3),4.46,2,0.608,0.0146
RNG(0.3),4.47,2,0.6138,0.0877
RNG(0.3),4.48,3,0.6123,0.0184
RNG(0.3),4.51,3,0.6123,0.0184
RNG(0.3),4.52,3,0.6123,0.0184
RNG(0.3),4.54,2,0.6138,0.0877
RNG(0.3),4.55,3,0.6123,0.0184
RNG(0.3),4.56,2,0.6138,0.0877
RNG(0.3),4.57,3,0.6123,0.0184
RNG(0.3),4.58,2,0.608,0.0146
RNG(0.3),4.6,2,0.6138,0.0877
RNG(0.3),4.61,3,0.6123,0.0184
RNG(0.5),0.99,3,0.5726,0.0179
RNG(0.5),1.0,3,0.5726,0.0179
RNG(0.5),1.01,3,0.5728,0.0181
RNG(0.5),1.02,3,0.5733,0.0187
RNG(0.5),1.03,3,0.5749,0.0186
RNG(0.5),1.04,3,0.5765,0.018
RNG(0.5),1.05,3,0.5785,0.0178
RNG(0.5),1.06,3,0.58,0.0169
RNG(0.5),1.07,3,0.5814,0.0166
RNG(0.5),1.08,3,0.5823,0.0167
RNG(0.5),1.09,3,0.5828,0.0167
RNG(0.5),1.1,3,0.5832,0.0167
RNG(0.5),1.11,3,0.5836,0.0169
RNG(0.5),1.12,3,0.5838,0.017
RNG(0.5),1.13,3,0.584,0.0173
RNG(0.5),1.14,3,0.5841,0.0174
RNG(0.5),1.15,3,0.5842,0.0172
RNG(0.5),1.16,3,0.5842,0.0174
RNG(0.5),1.17,3,0.5843,0.0172
RNG(0.5),1.18,3,0.5843,0.0174
RNG(0.5),1.19,3,0.5844,0.0173
RNG(0.5),1.2,3,0.5844,0.0171
RNG(0.5),1.21,3,0.5844,0.0171
RNG(0.5),1.22,3,0.5844,0.0171
RNG(0.5),1.23,3,0.5844,0.0171
RNG(0.5),1.24,3,0.5844,0.0171
RNG(0.5),1.25,3,0.5845,0.0172
RNG(0.5),1.26,3,0.5845,0.0171
RNG(0.5),1.27,3,0.5846,0.0169
RNG(0.5),1.28,3,0.5847,0.017
RNG(0.5),1.29,3,0.5847,0.017
RNG(0.5),1.3,3,0.5848,0.0171
RNG(0.5),1.31,3,0.5848,0.0171
RNG(0.5),1.32,3,0.5848,0.0171
RNG(0.5),1.33,3,0.5849,0.0171
RNG(0.5),1.34,3,0.5849,0.017
RNG(0.5),1.35,3,0.585,0.0172
RNG(0.5),1.36,3,0.585,0.0171
RNG(0.5),1.37,3,0.5852,0.0171
RNG(0.5),1.38,3,0.5853,0.0171
RNG(0.5),1.39,3,0.5853,0.0169
RNG(0.5),1.4,3,0.5854,0.017
RNG(0.5),1.41,3,0.5855,0.0169
RNG(0.5),1.42,3,0.5856,0.0171
RNG(0.5),1.43,3,0.5857,0.0169
RNG(0.5),1.44,3,0.5858,0.0168
RNG(0.5),1.45,3,0.5859,0.017
RNG(0.5),1.46,3,0.586,0.0169
RNG(0.5),1.47,3,0.586,0.0168
RNG(0.5),1.48,3,0.5861,0.0168
RNG(0.5),1.49,3,0.5862,0.0164
RNG(0.5),1.5,3,0.5862,0.0165
RNG(0.5),1.51,3,0.5863,0.0165
RNG(0.5),1.52,3,0.5865,0.0166
RNG(0.5),1.53,3,0.5866,0.0169
RNG(0.5),1.54,3,0.5867,0.0166
RNG(0.5),1.55,3,0.5868,0.0169
RNG(0.5),1.56,3,0.5869,0.0169
RNG(0.5),1.57,3,0.587,0.0169
RNG(0.5),1.58,3,0.5872,0.0169
RNG(0.5),1.59,3,0.5873,0.017
RNG(0.5),1.6,3,0.5874,0.0168
RNG(0.5),1.61,3,0.5875,0.0168
RNG(0.5),1.62,3,0.5876,0.0169
RNG(0.5),1.63,3,0.5878,0.0167
RNG(0.5),1.64,3,0.5879,0.017
RNG(0.5),1.65,3,0.5881,0.0171
RNG(0.5),1.66,3,0.5882,0.017
RNG(0.5),1.67,3,0.5884,0.017
RNG(0.5),1.68,3,0.5887,0.0171
RNG(0.5),1.69,3,0.5888,0.0174
RNG(0.5),1.7,3,0.589,0.0174
RNG(0.5),1.71,3,0.5891,0.0174
RNG(0.5),1.72,3,0.5892,0.0176
RNG(0.5),1.73,3,0.5894,0.0173
RNG(0.5),1.74,3,0.5894,0.0173
RNG(0.5),1.75,3,0.5895,0.0175
RNG(0.5),1.76,3,0.5896,0.0174
RNG(0.5),1.77,3,0.5896,0.0174
RNG(0.5),1.78,3,0.5896,0.0176
RNG(0.5),1.79,3,0.5897,0.0176
RNG(0.5),1.8,3,0.5898,0.0174
RNG(0.5),1.81,3,0.5898,0.0176
RNG(0.5),1.82,3,0.5899,0.0175
RNG(0.5),1.83,3,0.5899,0.0174
RNG(0.5),1.84,3,0.59,0.0174
RNG(0.5),1.85,3,0.5901,0.0175
RNG(0.5),1.86,3,0.5901,0.0178
RNG(0.5),1.87,3,0.5902,0.0179
RNG(0.5),1.88,3,0.5902,0.0178
RNG(0.5),1.89,3,0.5903,0.0177
RNG(0.5),1.9,3,0.5903,0.0179
RNG(0.5),1.91,3,0.5903,0.0178
RNG(0.5),1.92,3,0.5903,0.0178
RNG(0.5),1.93,3,0.5904,0.0177
RNG(0.5),1.94,3,0.5905,0.0177
RNG(0.5),1.95,3,0.5905,0.0176
RNG(0.5),1.96,3,0.5906,0.0177
RNG(0.5),1.97,3,0.5907,0.0179
RNG(0.5),1.98,3,0.5907,0.0178
RNG(0.5),1.99,3,0.5908,0.0179
RNG(0.5),2.0,3,0.5909,0.0177
RNG(0.5),2.01,3,0.5909,0.0176
RNG(0.5),2.02,3,0.591,0.0177
RNG(0.5),2.03,3,0.5911,0.0175
RNG(0.5),2.04,3,0.5911,0.0174
RNG(0.5),2.05,3,0.5911,0.0175
RNG(0.5),2.06,3,0.5912,0.0175
RNG(0.5),2.07,3,0.5912,0.0174
RNG(0.5),2.08,3,0.5914,0.0173
RNG(0.5),2.09,3,0.5914,0.0173
RNG(0.5),2.1,3,0.5915,0.0171
RNG(0.5),2.11,3,0.5916,0.0169
RNG(0.5),2.12,3,0.5916,0.0168
RNG(0.5),2.13,3,0.5917,0.0169
RNG(0.5),2.14,3,0.5917,0.0168
RNG(0.5),2.15,3,0.5918,0.0166
RNG(0.5),2.16,3,0.5918,0.0168
RNG(0.5),2.17,3,0.5919,0.0167
RNG(0.5),2.18,3,0.5918,0.0166
RNG(0.5),2.19,3,0.5919,0.0166
RNG(0.5),2.2,3,0.5919,0.0166
RNG(0.5),2.21,3,0.5919,0.0166
RNG(0.5),2.22,3,0.592,0.0165
RNG(0.5),2.23,3,0.592,0.0166
RNG(0.5),2.24,3,0.592,0.0164
RNG(0.5),2.25,3,0.5922,0.0165
RNG(0.5),2.26,3,0.5922,0.0165
RNG(0.5),2.27,3,0.5923,0.0168
RNG(0.5),2.28,3,0.5923,0.0167
RNG(0.5),2.29,3,0.5924,0.0168
RNG(0.5),2.3,3,0.5924,0.0166
RNG(0.5),2.31,3,0.5925,0.0168
RNG(0.5),2.32,3,0.5925,0.0166
RNG(0.5),2.33,3,0.5925,0.0166
RNG(0.5),2.34,3,0.5926,0.0168
RNG(0.5),2.35,3,0.5926,0.0169
RNG(0.5),2.36,3,0.5926,0.0169
RNG(0.5),2.37,3,0.5926,0.0169
RNG(0.5),2.38,3,0.5927,0.017
RNG(0.5),2.39,3,0.5928,0.0171
RNG(0.5),2.4,3,0.5929,0.0171
RNG(0.5),2.41,3,0.5929,0.0172
RNG(0.5),2.42,3,0.5929,0.0172
RNG(0.5),2.43,3,0.593,0.0172
RNG(0.5),2.44,3,0.593,0.0172
RNG(0.5),2.45,3,0.593,0.0172
RNG(0.5),2.46,3,0.5929,0.0173
RNG(0.5),2.47,3,0.5929,0.0171
RNG(0.5),2.48,3,0.593,0.017
RNG(0.5),2.49,3,0.5931,0.017
RNG(0.5),2.5,3,0.5932,0.0168
RNG(0.5),2.51,3,0.5932,0.0166
RNG(0.5),2.52,3,0.5932,0.0165
RNG(0.5),2.53,3,0.5932,0.0167
RNG(0.5),2.54,3,0.5932,0.0167
RNG(0.5),2.55,3,0.5932,0.0167
RNG(0.5),2.56,3,0.5933,0.0165
RNG(0.5),2.57,3,0.5934,0.0164
RNG(0.5),2.58,3,0.5934,0.0166
RNG(0.5),2.59,3,0.5934,0.0167
RNG(0.5),2.6,3,0.5934,0.0166
RNG(0.5),2.61,3,0.5935,0.0166
RNG(0.5),2.62,3,0.5935,0.0166
RNG(0.5),2.63,3,0.5936,0.0167
RNG(0.5),2.64,3,0.5936,0.0167
RNG(0.5),2.65,3,0.5937,0.0169
RNG(0.5),2.66,3,0.5938,0.0169
RNG(0.5),2.67,3,0.5938,0.017
RNG(0.5),2.68,3,0.5938,0.017
RNG(0.5),2.69,3,0.5939,0.0168
RNG(0.5),2.7,3,0.594,0.017
RNG(0.5),2.71,3,0.5941,0.0173
RNG(0.5),2.72,3,0.5941,0.0171
RNG(0.5),2.73,3,0.5941,0.0173
RNG(0.5),2.74,3,0.5941,0.0172
RNG(0.5),2.75,3,0.5942,0.0171
RNG(0.5),2.76,3,0.5942,0.0171
RNG(0.5),2.77,3,0.5942,0.0172
RNG(0.5),2.78,3,0.5942,0.0174
RNG(0.5),2.79,3,0.5943,0.0175
RNG(0.5),2.8,3,0.5942,0.0176
RNG(0.5),2.81,3,0.5942,0.0177
RNG(0.5),2.82,3,0.5942,0.0177
RNG(0.5),2.83,3,0.5943,0.0178
RNG(0.5),2.84,3,0.5943,0.0178
RNG(0.5),2.85,3,0.5944,0.0177
RNG(0.5),2.86,3,0.5944,0.018
RNG(0.5),2.87,3,0.5944,0.018
RNG(0.5),2.88,3,0.5944,0.0181
RNG(0.5),2.89,3,0.5944,0.0181
RNG(0.5),2.9,3,0.5944,0.0182
RNG(0.5),2.91,3,0.5945,0.0182
RNG(0.5),2.92,3,0.5945,0.0183
RNG(0.5),2.93,3,0.5945,0.0183
RNG(0.5),2.94,3,0.5946,0.0185
RNG(0.5),2.95,3,0.5946,0.0185
RNG(0.5),2.96,3,0.5945,0.0185
RNG(0.5),2.97,3,0.5946,0.0184
RNG(0.5),2.98,3,0.5947,0.0184
RNG(0.5),2.99,3,0.5947,0.0183
RNG(0.5),3.0,3,0.5947,0.0183
RNG(0.5),3.01,3,0.5947,0.0183
RNG(0.5),3.02,3,0.5947,0.0183
RNG(0.5),3.03,3,0.5947,0.0183
RNG(0.5),3.04,3,0.5947,0.0182
RNG(0.5),3.05,3,0.5948,0.0185
RNG(0.5),3.06,3,0.5948,0.0186
RNG(0.5),3.07,3,0.5948,0.0187
RNG(0.5),3.08,3,0.5948,0.0187
RNG(0.5),3.09,3,0.5948,0.0187
RNG(0.5),3.1,3,0.5948,0.0187
RNG(0.5),3.11,3,0.5949,0.0186
RNG(0.5),3.12,3,0.5949,0.0186
RNG(0.5),3.13,3,0.5949,0.0186
RNG(0.5),3.14,3,0.5949,0.0186
RNG(0.5),3.15,3,0.5949,0.0186
RNG(0.5),3.16,3,0.5949,0.0186
RNG(0.5),3.17,3,0.5949,0.0186
RNG(0.5),3.18,3,0.5949,0.0186
RNG(0.5),3.19,3,0.5952,0.0188
RNG(0.5),3.2,3,0.5953,0.0184
RNG(0.5),3.21,3,0.5953,0.0184
RNG(0.5),3.22,3,0.5954,0.0185
RNG(0.5),3.23,3,0.5953,0.0186
RNG(0.5),3.24,3,0.5952,0.0185
RNG(0.5),3.25,3,0.5952,0.0186
RNG(0.5),3.26,3,0.5953,0.0188
RNG(0.5),3.27,3,0.5953,0.0188
RNG(0.5),3.28,3,0.5953,0.0188
RNG(0.5),3.29,3,0.5952,0.0187
RNG(0.5),3.3,3,0.5952,0.0188
RNG(0.5),3.31,3,0.5951,0.0186
RNG(0.5),3.32,3,0.5952,0.0193
RNG(0.5),3.33,3,0.5953,0.0194
RNG(0.5),3.34,3,0.5953,0.0194
RNG(0.5),3.35,3,0.5954,0.0193
RNG(0.5),3.36,3,0.5954,0.0192
RNG(0.5),3.37,3,0.5954,0.0192
RNG(0.5),3.38,3,0.5954,0.0191
RNG(0.5),3.39,3,0.5954,0.0191
RNG(0.5),3.4,3,0.5955,0.019
RNG(0.5),3.41,3,0.5955,0.019
RNG(0.5),3.42,3,0.5955,0.019
RNG(0.5),3.43,3,0.5955,0.019
RNG(0.5),3.44,3,0.5954,0.0191
RNG(0.5),3.45,3,0.5955,0.019
RNG(0.5),3.46,3,0.5955,0.0189
RNG(0.5),3.47,3,0.5955,0.0189
RNG(0.5),3.48,3,0.5955,0.0189
RNG(0.5),3.49,3,0.5955,0.0188
RNG(0.5),3.5,3,0.5956,0.0188
RNG(0.5),3.51,3,0.5956,0.0188
RNG(0.5),3.52,3,0.5956,0.0188
RNG(0.5),3.53,3,0.5955,0.0186
RNG(0.5),3.54,3,0.5955,0.0186
RNG(0.5),3.55,3,0.5956,0.0186
RNG(0.5),3.56,3,0.5956,0.0186
RNG(0.5),3.57,3,0.5956,0.0186
RNG(0.5),3.58,3,0.5955,0.0186
RNG(0.5),3.59,3,0.5955,0.0186
RNG(0.5),3.6,3,0.5956,0.0186
RNG(0.5),3.61,3,0.5956,0.0187
RNG(0.5),3.62,3,0.5956,0.0187
RNG(0.5),3.63,3,0.5956,0.0187
RNG(0.5),3.64,3,0.5956,0.0187
RNG(0.5),3.65,3,0.5956,0.0187
RNG(0.5),3.66,3,0.5956,0.0187
RNG(0.5),3.67,3,0.5956,0.0187
RNG(0.5),3.68,3,0.5957,0.0187
RNG(0.5),3.69,3,0.5957,0.0186
RNG(0.5),3.7,3,0.5958,0.0191
RNG(0.5),3.71,3,0.5958,0.0191
RNG(0.5),3.72,3,0.5959,0.019
RNG(0.5),3.73,3,0.5959,0.019
RNG(0.5),3.74,3,0.5959,0.019
RNG(0.5),3.75,3,0.5959,0.0192
RNG(0.5),3.76,3,0.5959,0.0192
RNG(0.5),3.77,3,0.5959,0.0191
RNG(0.5),3.78,3,0.5959,0.0191
RNG(0.5),3.79,3,0.5959,0.0191
RNG(0.5),3.8,3,0.596,0.019
RNG(0.5),3.81,3,0.596,0.0189
RNG(0.5),3.82,3,0.596,0.0189
RNG(0.5),3.83,3,0.5961,0.0188
RNG(0.5),3.84,3,0.5961,0.0188
RNG(0.5),3.85,3,0.5961,0.0189
RNG(0.5),3.86,3,0.5961,0.0189
RNG(0.5),3.87,3,0.5961,0.0189
RNG(0.5),3.88,3,0.5962,0.019
RNG(0.5),3.89,3,0.5962,0.019
RNG(0.5),3.9,3,0.5962,0.019
RNG(0.5),3.91,3,0.5962,0.019
RNG(0.5),3.92,3,0.5962,0.019
RNG(0.5),3.93,3,0.5962,0.019
RNG(0.5),3.94,3,0.5962,0.019
RNG(0.5),3.95,3,0.5962,0.019
RNG(0.5),3.96,3,0.5962,0.019
RNG(0.5),3.97,3,0.5962,0.019
RNG(0.5),3.98,3,0.5962,0.0191
RNG(0.5),3.99,3,0.5962,0.0191
RNG(0.5),4.0,3,0.5962,0.0191
RNG(0.5),4.01,3,0.5962,0.0191
RNG(0.5),4.02,3,0.5962,0.0191
RNG(0.5),4.03,3,0.5962,0.0191
RNG(0.5),4.04,3,0.5962,0.0191
RNG(0.5),4.05,3,0.5962,0.0191
RNG(0.5),4.06,3,0.5962,0.0191
RNG(0.5),4.07,3,0.5962,0.0191
RNG(0.5),4.08,3,0.5962,0.0191
RNG(0.5),4.09,3,0.5962,0.0191
RNG(0.5),4.1,3,0.5962,0.0191
RNG(0.5),4.11,3,0.5962,0.0191
RNG(0.5),4.12,3,0.5962,0.0191
RNG(0.5),4.13,3,0.5962,0.019
RNG(0.5),4.14,3,0.5962,0.019
RNG(0.5),4.15,3,0.5962,0.019
RNG(0.5),4.16,3,0.5962,0.019
RNG(0.5),4.17,3,0.5962,0.019
RNG(0.5),4.18,3,0.5962,0.019
RNG(0.5),4.19,3,0.5962,0.019
RNG(0.5),4.2,3,0.5962,0.019
RNG(0.5),4.21,3,0.5962,0.019
RNG(0.5),4.22,3,0.5962,0.019
RNG(0.5),4.23,3,0.5962,0.019
RNG(0.5),4.24,3,0.5962,0.019
RNG(0.5),4.25,3,0.5962,0.019
RNG(0.5),4.26,3,0.5962,0.019
RNG(0.5),4.27,3,0.5962,0.019
RNG(0.5),4.28,3,0.5962,0.019
RNG(0.5),4.29,3,0.5962,0.019
RNG(0.5),4.3,3,0.5962,0.019
RNG(0.5),4.31,3,0.5962,0.019
RNG(0.5),4.32,3,0.5962,0.019
RNG(0.5),4.33,3,0.5962,0.019
RNG(0.5),4.34,3,0.5962,0.019
RNG(0.5),4.35,3,0.5962,0.019
RNG(0.5),4.36,3,0.5962,0.019
RNG(0.5),4.37,3,0.5962,0.019
RNG(0.5),4.38,3,0.5962,0.019
RNG(0.5),4.39,3,0.5961,0.019
RNG(0.5),4.4,2,0.5978,0.0902
RNG(0.5),4.41,3,0.5961,0.019
RNG(0.5),4.42,3,0.5961,0.019
RNG(0.5),4.43,3,0.5961,0.019
RNG(0.5),4.44,3,0.5961,0.019
RNG(0.5),4.45,3,0.5961,0.019
RNG(0.5),4.46,2,0.5917,0.0133
RNG(0.5),4.47,2,0.5978,0.0902
RNG(0.5),4.48,3,0.5961,0.019
RNG(0.5),4.51,3,0.5961,0.019
RNG(0.5),4.52,3,0.5961,0.019
RNG(0.5),4.54,2,0.5978,0.0902
RNG(0.5),4.55,3,0.5961,0.019
RNG(0.5),4.56,2,0.5978,0.0902
RNG(0.5),4.57,3,0.5961,0.019
RNG(0.5),4.58,2,0.5917,0.0133
RNG(0.5),4.6,2,0.5978,0.0902
RNG(0.5),4.61,3,0.5961,0.019
RNG(1),0.99,3,0.5726,0.0179
RNG(1),1.0,3,0.5726,0.0179
RNG(1),1.01,3,0.5726,0.018
RNG(1),1.02,3,0.5728,0.0179
RNG(1),1.03,3,0.5733,0.018
RNG(1),1.04,3,0.5738,0.0177
RNG(1),1.05,3,0.5746,0.0178
RNG(1),1.06,3,0.5753,0.0177
RNG(1),1.07,3,0.576,0.0175
RNG(1),1.08,3,0.5764,0.0179
RNG(1),1.09,3,0.5766,0.0178
RNG(1),1.1,3,0.5769,0.0177
RNG(1),1.11,3,0.577,0.0177
RNG(1),1.12,3,0.5771,0.0177
RNG(1),1.13,3,0.5772,0.0179
RNG(1),1.14,3,0.5773,0.0179
RNG(1),1.15,3,0.5773,0.0179
RNG(1),1.16,3,0.5773,0.018
RNG(1),1.17,3,0.5773,0.018
RNG(1),1.18,3,0.5774,0.0182
RNG(1),1.19,3,0.5774,0.0181
RNG(1),1.2,3,0.5774,0.0181
RNG(1),1.21,3,0.5774,0.0181
RNG(1),1.22,3,0.5774,0.0181
RNG(1),1.23,3,0.5774,0.0181
RNG(1),1.24,3,0.5774,0.0181
RNG(1),1.25,3,0.5774,0.018
RNG(1),1.26,3,0.5774,0.018
RNG(1),1.27,3,0.5775,0.0179
RNG(1),1.28,3,0.5775,0.0179
RNG(1),1.29,3,0.5775,0.0179
RNG(1),1.3,3,0.5775,0.0179
RNG(1),1.31,3,0.5775,0.0179
RNG(1),1.32,3,0.5775,0.0179
RNG(1),1.33,3,0.5776,0.0179
RNG(1),1.34,3,0.5776,0.0179
RNG(1),1.35,3,0.5776,0.0179
RNG(1),1.36,3,0.5776,0.0179
RNG(1),1.37,3,0.5776,0.0179
RNG(1),1.38,3,0.5777,0.0177
RNG(1),1.39,3,0.5777,0.0178
RNG(1),1.4,3,0.5778,0.0177
RNG(1),1.41,3,0.5778,0.0177
RNG(1),1.42,3,0.5778,0.0176
RNG(1),1.43,3,0.5779,0.0175
RNG(1),1.44,3,0.5779,0.0174
RNG(1),1.45,3,0.578,0.0175
RNG(1),1.46,3,0.578,0.0174
RNG(1),1.47,3,0.5781,0.0173
RNG(1),1.48,3,0.5781,0.0174
RNG(1),1.49,3,0.5782,0.0172
RNG(1),1.5,3,0.5782,0.0172
RNG(1),1.51,3,0.5782,0.0172
RNG(1),1.52,3,0.5782,0.0174
RNG(1),1.53,3,0.5783,0.0175
RNG(1),1.54,3,0.5784,0.0175
RNG(1),1.55,3,0.5784,0.0175
RNG(1),1.56,3,0.5784,0.0175
RNG(1),1.57,3,0.5784,0.0174
RNG(1),1.58,3,0.5784,0.0174
RNG(1),1.59,3,0.5784,0.0174
RNG(1),1.6,3,0.5784,0.0174
RNG(1),1.61,3,0.5785,0.0172
RNG(1),1.62,3,0.5786,0.0173
RNG(1),1.63,3,0.5786,0.0173
RNG(1),1.64,3,0.5787,0.0173
RNG(1),1.65,3,0.5787,0.0172
RNG(1),1.66,3,0.5788,0.0172
RNG(1),1.67,3,0.5789,0.0173
RNG(1),1.68,3,0.579,0.0173
RNG(1),1.69,3,0.579,0.0174
RNG(1),1.7,3,0.5791,0.0174
RNG(1),1.71,3,0.5791,0.0174
RNG(1),1.72,3,0.5791,0.0176
RNG(1),1.73,3,0.5792,0.0175
RNG(1),1.74,3,0.5792,0.0175
RNG(1),1.75,3,0.5792,0.0176
RNG(1),1.76,3,0.5793,0.0177
RNG(1),1.77,3,0.5793,0.0177
RNG(1),1.78,3,0.5793,0.0178
RNG(1),1.79,3,0.5793,0.0178
RNG(1),1.8,3,0.5794,0.0176
RNG(1),1.81,3,0.5794,0.0176
RNG(1),1.82,3,0.5795,0.0175
RNG(1),1.83,3,0.5795,0.0175
RNG(1),1.84,3,0.5795,0.0174
RNG(1),1.85,3,0.5795,0.0174
RNG(1),1.86,3,0.5795,0.0174
RNG(1),1.87,3,0.5796,0.0175
RNG(1),1.88,3,0.5796,0.0175
RNG(1),1.89,3,0.5796,0.0174
RNG(1),1.9,3,0.5796,0.0175
RNG(1),1.91,3,0.5796,0.0175
RNG(1),1.92,3,0.5796,0.0175
RNG(1),1.93,3,0.5796,0.0175
RNG(1),1.94,3,0.5796,0.0174
RNG(1),1.95,3,0.5797,0.0173
RNG(1),1.96,3,0.5797,0.0173
RNG(1),1.97,3,0.5797,0.0174
RNG(1),1.98,3,0.5797,0.0174
RNG(1),1.99,3,0.5798,0.0173
RNG(1),2.0,3,0.5798,0.0173
RNG(1),2.01,3,0.5798,0.0173
RNG(1),2.02,3,0.5798,0.0173
RNG(1),2.03,3,0.5798,0.0173
RNG(1),2.04,3,0.5798,0.0175
RNG(1),2.05,3,0.5798,0.0175
RNG(1),2.06,3,0.5798,0.0175
RNG(1),2.07,3,0.5798,0.0174
RNG(1),2.08,3,0.5799,0.0173
RNG(1),2.09,3,0.5799,0.0173
RNG(1),2.1,3,0.58,0.0173
RNG(1),2.11,3,0.5801,0.0171
RNG(1),2.12,3,0.5801,0.0171
RNG(1),2.13,3,0.5801,0.0171
RNG(1),2.14,3,0.5801,0.0171
RNG(1),2.15,3,0.5801,0.0171
RNG(1),2.16,3,0.5801,0.0172
RNG(1),2.17,3,0.5801,0.0172
RNG(1),2.18,3,0.5801,0.017
RNG(1),2.19,3,0.5801,0.017
RNG(1),2.2,3,0.5801,0.017
RNG(1),2.21,3,0.5802,0.0172
RNG(1),2.22,3,0.5802,0.0171
RNG(1),2.23,3,0.5802,0.0171
RNG(1),2.24,3,0.5802,0.0171
RNG(1),2.25,3,0.5802,0.0171
RNG(1),2.26,3,0.5802,0.0171
RNG(1),2.27,3,0.5802,0.0171
RNG(1),2.28,3,0.5802,0.0171
RNG(1),2.29,3,0.5802,0.0171
RNG(1),2.3,3,0.5802,0.0172
RNG(1),2.31,3,0.5803,0.0172
RNG(1),2.32,3,0.5803,0.0172
RNG(1),2.33,3,0.5803,0.0172
RNG(1),2.34,3,0.5803,0.0172
RNG(1),2.35,3,0.5803,0.0172
RNG(1),2.36,3,0.5803,0.0172
RNG(1),2.37,3,0.5803,0.0172
RNG(1),2.38,3,0.5803,0.0173
RNG(1),2.39,3,0.5804,0.0174
RNG(1),2.4,3,0.5804,0.0174
RNG(1),2.41,3,0.5804,0.0176
RNG(1),2.42,3,0.5804,0.0176
RNG(1),2.43,3,0.5804,0.0176
RNG(1),2.44,3,0.5804,0.0176
RNG(1),2.45,3,0.5804,0.0176
RNG(1),2.46,3,0.5804,0.0176
RNG(1),2.47,3,0.5804,0.0176
RNG(1),2.48,3,0.5805,0.0174
RNG(1),2.49,3,0.5806,0.0174
RNG(1),2.5,3,0.5806,0.0172
RNG(1),2.51,3,0.5806,0.0171
RNG(1),2.52,3,0.5806,0.0171
RNG(1),2.53,3,0.5806,0.0172
RNG(1),2.54,3,0.5806,0.0172
RNG(1),2.55,3,0.5807,0.0172
RNG(1),2.56,3,0.5807,0.0171
RNG(1),2.57,3,0.5807,0.0172
RNG(1),2.58,3,0.5807,0.0172
RNG(1),2.59,3,0.5807,0.0172
RNG(1),2.6,3,0.5807,0.0172
RNG(1),2.61,3,0.5807,0.0172
RNG(1),2.62,3,0.5807,0.0172
RNG(1),2.63,3,0.5807,0.0172
RNG(1),2.64,3,0.5807,0.0171
RNG(1),2.65,3,0.5807,0.0173
RNG(1),2.66,3,0.5808,0.0172
RNG(1),2.67,3,0.5808,0.0174
RNG(1),2.68,3,0.5808,0.0174
RNG(1),2.69,3,0.5808,0.0174
RNG(1),2.7,3,0.5809,0.0176
RNG(1),2.71,3,0.5809,0.0176
RNG(1),2.72,3,0.5809,0.0176
RNG(1),2.73,3,0.5809,0.0176
RNG(1),2.74,3,0.5809,0.0176
RNG(1),2.75,3,0.5809,0.0175
RNG(1),2.76,3,0.5809,0.0175
RNG(1),2.77,3,0.581,0.0176
RNG(1),2.78,3,0.581,0.0178
RNG(1),2.79,3,0.581,0.0179
RNG(1),2.8,3,0.581,0.018
RNG(1),2.81,3,0.581,0.018
RNG(1),2.82,3,0.581,0.018
RNG(1),2.83,3,0.581,0.018
RNG(1),2.84,3,0.581,0.018
RNG(1),2.85,3,0.581,0.018
RNG(1),2.86,3,0.581,0.018
RNG(1),2.87,3,0.581,0.018
RNG(1),2.88,3,0.581,0.018
RNG(1),2.89,3,0.581,0.018
RNG(1),2.9,3,0.581,0.018
RNG(1),2.91,3,0.581,0.018
RNG(1),2.92,3,0.581,0.018
RNG(1),2.93,3,0.581,0.018
RNG(1),2.94,3,0.581,0.018
RNG(1),2.95,3,0.581,0.018
RNG(1),2.96,3,0.581,0.018
RNG(1),2.97,3,0.581,0.018
RNG(1),2.98,3,0.581,0.0181
RNG(1),2.99,3,0.581,0.0181
RNG(1),3.0,3,0.581,0.0181
RNG(1),3.01,3,0.581,0.0181
RNG(1),3.02,3,0.5811,0.018
RNG(1),3.03,3,0.5811,0.018
RNG(1),3.04,3,0.5811,0.018
RNG(1),3.05,3,0.5811,0.018
RNG(1),3.06,3,0.5811,0.018
RNG(1),3.07,3,0.5811,0.018
RNG(1),3.08,3,0.5811,0.018
RNG(1),3.09,3,0.581,0.0181
RNG(1),3.1,3,0.581,0.0181
RNG(1),3.11,3,0.581,0.0181
RNG(1),3.12,3,0.581,0.0181
RNG(1),3.13,3,0.581,0.0181
RNG(1),3.14,3,0.581,0.0181
RNG(1),3.15,3,0.581,0.0181
RNG(1),3.16,3,0.581,0.0181
RNG(1),3.17,3,0.581,0.0181
RNG(1),3.18,3,0.581,0.0181
RNG(1),3.19,3,0.5813,0.018
RNG(1),3.2,3,0.5813,0.018
RNG(1),3.21,3,0.5813,0.018
RNG(1),3.22,3,0.5813,0.018
RNG(1),3.23,3,0.5813,0.018
RNG(1),3.24,3,0.5813,0.018
RNG(1),3.25,3,0.5813,0.0182
RNG(1),3.26,3,0.5813,0.0183
RNG(1),3.27,3,0.5814,0.0183
RNG(1),3.28,3,0.5814,0.0183
RNG(1),3.29,3,0.5814,0.0183
RNG(1),3.3,3,0.5814,0.0183
RNG(1),3.31,3,0.5814,0.0183
RNG(1),3.32,3,0.5814,0.0183
RNG(1),3.33,3,0.5814,0.0183
RNG(1),3.34,3,0.5814,0.0183
RNG(1),3.35,3,0.5814,0.0183
RNG(1),3.36,3,0.5814,0.0183
RNG(1),3.37,3,0.5814,0.0183
RNG(1),3.38,3,0.5814,0.0183
RNG(1),3.39,3,0.5814,0.0183
RNG(1),3.4,3,0.5814,0.0183
RNG(1),3.41,3,0.5814,0.0183
RNG(1),3.42,3,0.5814,0.0183
RNG(1),3.43,3,0.5814,0.0183
RNG(1),3.44,3,0.5814,0.0183
RNG(1),3.45,3,0.5814,0.0183
RNG(1),3.46,3,0.5814,0.0183
RNG(1),3.47,3,0.5814,0.0183
RNG(1),3.48,3,0.5814,0.0183
RNG(1),3.49,3,0.5814,0.0182
RNG(1),3.5,3,0.5814,0.0182
RNG(1),3.51,3,0.5814,0.0182
RNG(1),3.52,3,0.5814,0.0182
RNG(1),3.53,3,0.5814,0.0182
RNG(1),3.54,3,0.5814,0.0182
RNG(1),3.55,3,0.5814,0.0182
RNG(1),3.56,3,0.5814,0.0182
RNG(1),3.57,3,0.5814,0.0182
RNG(1),3.58,3,0.5814,0.0182
RNG(1),3.59,3,0.5814,0.0182
RNG(1),3.6,3,0.5814,0.0182
RNG(1),3.61,3,0.5814,0.0182
RNG(1),3.62,3,0.5814,0.0182
RNG(1),3.63,3,0.5814,0.0182
RNG(1),3.64,3,0.5814,0.0182
RNG(1),3.65,3,0.5814,0.0182
RNG(1),3.66,3,0.5814,0.0182
RNG(1),3.67,3,0.5814,0.0182
RNG(1),3.68,3,0.5814,0.0182
RNG(1),3.69,3,0.5814,0.0181
RNG(1),3.7,3,0.5814,0.0181
RNG(1),3.71,3,0.5814,0.0181
RNG(1),3.72,3,0.5814,0.0181
RNG(1),3.73,3,0.5814,0.0181
RNG(1),3.74,3,0.5814,0.0181
RNG(1),3.75,3,0.5814,0.0181
RNG(1),3.76,3,0.5814,0.0181
RNG(1),3.77,3,0.5814,0.0181
RNG(1),3.78,3,0.5814,0.0181
RNG(1),3.79,3,0.5814,0.0181
RNG(1),3.8,3,0.5814,0.0181
RNG(1),3.81,3,0.5814,0.0181
RNG(1),3.82,3,0.5814,0.0181
RNG(1),3.83,3,0.5814,0.0181
RNG(1),3.84,3,0.5814,0.0181
RNG(1),3.85,3,0.5814,0.0181
RNG(1),3.86,3,0.5814,0.0181
RNG(1),3.87,3,0.5814,0.0181
RNG(1),3.88,3,0.5814,0.0181
RNG(1),3.89,3,0.5814,0.0181
RNG(1),3.9,3,0.5814,0.0181
RNG(1),3.91,3,0.5814,0.0181
RNG(1),3.92,3,0.5814,0.0181
RNG(1),3.93,3,0.5814,0.0181
RNG(1),3.94,3,0.5814,0.0181
RNG(1),3.95,3,0.5814,0.0181
RNG(1),3.96,3,0.5814,0.0181
RNG(1),3.97,3,0.5814,0.0181
RNG(1),3.98,3,0.5814,0.0181
RNG(1),3.99,3,0.5814,0.0181
RNG(1),4.0,3,0.5814,0.0181
RNG(1),4.01,3,0.5814,0.0181
RNG(1),4.02,3,0.5814,0.0181
RNG(1),4.03,3,0.5814,0.0181
RNG(1),4.04,3,0.5814,0.0181
RNG(1),4.05,3,0.5814,0.0181
RNG(1),4.06,3,0.5814,0.0181
RNG(1),4.07,3,0.5814,0.0181
RNG(1),4.08,3,0.5814,0.0181
RNG(1),4.09,3,0.5814,0.0181
RNG(1),4.1,3,0.5814,0.0181
RNG(1),4.11,3,0.5814,0.0181
RNG(1),4.12,3,0.5814,0.0181
RNG(1),4.13,3,0.5814,0.0181
RNG(1),4.14,3,0.5814,0.0181
RNG(1),4.15,3,0.5814,0.0181
RNG(1),4.16,3,0.5814,0.0181
RNG(1),4.17,3,0.5814,0.0181
RNG(1),4.18,3,0.5814,0.0181
RNG(1),4.19,3,0.5814,0.0181
RNG(1),4.2,3,0.5814,0.0181
RNG(1),4.21,3,0.5814,0.0181
RNG(1),4.22,3,0.5814,0.0181
RNG(1),4.23,3,0.5814,0.0181
RNG(1),4.24,3,0.5814,0.0181
RNG(1),4.25,3,0.5814,0.0181
RNG(1),4.26,3,0.5814,0.0181
RNG(1),4.27,3,0.5814,0.0181
RNG(1),4.28,3,0.5814,0.0181
RNG(1),4.29,3,0.5814,0.0181
RNG(1),4.3,3,0.5814,0.0181
RNG(1),4.31,3,0.5814,0.0181
RNG(1),4.32,3,0.5814,0.0181
RNG(1),4.33,3,0.5814,0.0181
RNG(1),4.34,3,0.5814,0.0181
RNG(1),4.35,3,0.5814,0.0181
RNG(1),4.36,3,0.5814,0.0181
RNG(1),4.37,3,0.5814,0.0181
RNG(1),4.38,3,0.5814,0.0181
RNG(1),4.39,3,0.5814,0.0181
RNG(1),4.4,2,0.5832,0.0845
RNG(1),4.41,3,0.5814,0.0181
RNG(1),4.42,3,0.5814,0.0181
RNG(1),4.43,3,0.5814,0.0181
RNG(1),4.44,3,0.5814,0.0181
RNG(1),4.45,3,0.5814,0.0181
RNG(1),4.46,2,0.5773,0.0095
RNG(1),4.47,2,0.5832,0.0845
RNG(1),4.48,3,0.5814,0.0181
RNG(1),4.51,3,0.5814,0.0181
RNG(1),4.52,3,0.5814,0.0181
RNG(1),4.54,2,0.5832,0.0845
RNG(1),4.55,3,0.5814,0.0181
RNG(1),4.56,2,0.5832,0.0845
RNG(1),4.57,3,0.5814,0.0181
RNG(1),4.58,2,0.5773,0.0095
RNG(1),4.6,2,0.5832,0.0845
RNG(1),4.61,3,0.5814,0.0181
MMR(0.3),4.49,1,0.4496,0.0
MMR(0.3),4.5,2,0.4551,0.0712
MMR(0.3),4.67,1,0.4495,0.0
MMR(0.3),4.68,2,0.4549,0.0692
MMR(0.5),4.49,1,0.5303,0.0
MMR(0.5),4.5,2,0.5374,0.0921
MMR(0.5),4.67,1,0.5302,0.0
MMR(0.5),4.68,2,0.5373,0.0908
MMR(0.7),4.49,1,0.6258,0.0
MMR(0.7),4.5,2,0.6349,0.1156
MMR(0.7),4.67,1,0.6258,0.0
MMR(0.7),4.68,2,0.6349,0.115
MMR(0.9),4.49,1,0.6026,0.0
MMR(0.9),4.5,2,0.6094,0.0877
MMR(0.9),4.67,1,0.6025,0.0
MMR(0.9),4.68,2,0.6094,0.0877
Maxmin,4.49,1,0.4301,0.0
Maxmin,4.5,2,0.4337,0.047
Maxmin,4.67,1,0.4299,0.0
Maxmin,4.68,2,0.4335,0.0457
Greedy-DPP,4.49,1,0.6249,0.0
Greedy-DPP,4.5,2,0.6322,0.0928
Greedy-DPP,4.67,1,0.6249,0.0
Greedy-DPP,4.68,2,0.6322,0.0928
RNG(-0.3),4.49,1,0.5927,0.0
RNG(-0.3),4.5,2,0.6013,0.1086
RNG(-0.3),4.67,1,0.5927,0.0
RNG(-0.3),4.68,2,0.6013,0.1086
RNG(-0.2),4.49,1,0.6053,0.0
RNG(-0.2),4.5,2,0.6139,0.1099
RNG(-0.2),4.67,1,0.6053,0.0
RNG(-0.2),4.68,2,0.6139,0.1099
RNG(-0.1),4.49,1,0.6084,0.0
RNG(-0.1),4.5,2,0.6153,0.0877
RNG(-0.1),4.67,1,0.6085,0.0
RNG(-0.1),4.68,2,0.6154,0.087
RNG(-0.05),4.49,1,0.6043,0.0
RNG(-0.05),4.5,2,0.6122,0.1004
RNG(-0.05),4.67,1,0.6044,0.0
RNG(-0.05),4.68,2,0.6122,0.0997
RNG(0),4.49,1,0.6028,0.0
RNG(0),4.5,2,0.6089,0.0781
RNG(0),4.67,1,0.6028,0.0
RNG(0),4.68,2,0.6089,0.0781
RNG(0.05),4.49,1,0.6025,0.0
RNG(0.05),4.5,2,0.6094,0.0877
RNG(0.05),4.67,1,0.6025,0.0
RNG(0.05),4.68,2,0.6094,0.0877
RNG(0.1),4.49,1,0.6086,0.0
RNG(0.1),4.5,2,0.6165,0.1004
RNG(0.1),4.67,1,0.6086,0.0
RNG(0.1),4.68,2,0.6165,0.1004
RNG(0.2),4.49,1,0.6152,0.0
RNG(0.2),4.5,2,0.6223,0.0902
RNG(0.2),4.67,1,0.6152,0.0
RNG(0.2),4.68,2,0.6223,0.0902
RNG(0.3),4.49,1,0.6092,0.0
RNG(0.3),4.5,2,0.6149,0.0731
RNG(0.3),4.67,1,0.6092,0.0
RNG(0.3),4.68,2,0.6149,0.0731
RNG(0.5),4.49,1,0.5928,0.0
RNG(0.5),4.5,2,0.5988,0.0769
RNG(0.5),4.67,1,0.5928,0.0
RNG(0.5),4.68,2,0.5988,0.0769
RNG(1),4.49,1,0.578,0.0
RNG(1),4.5,2,0.5839,0.075
RNG(1),4.67,1,0.578,0.0
RNG(1),4.68,2,0.5839,0.075
MMR(0.3),4.63,1,0.4604,0.0
MMR(0.3),4.72,1,0.4603,0.0
MMR(0.3),4.78,1,0.4603,0.0
MMR(0.3),4.79,1,0.4603,0.0
MMR(0.5),4.63,1,0.5445,0.0
MMR(0.5),4.72,1,0.5445,0.0
MMR(0.5),4.78,1,0.5445,0.0
MMR(0.5),4.79,1,0.5445,0.0
MMR(0.7),4.63,1,0.6439,0.0
MMR(0.7),4.72,1,0.6439,0.0
MMR(0.7),4.78,1,0.6439,0.0
MMR(0.7),4.79,1,0.6439,0.0
MMR(0.9),4.63,1,0.6163,0.0
MMR(0.9),4.72,1,0.6163,0.0
MMR(0.9),4.78,1,0.6163,0.0
MMR(0.9),4.79,1,0.6163,0.0
Maxmin,4.63,1,0.4371,0.0
Maxmin,4.72,1,0.437,0.0
Maxmin,4.78,1,0.437,0.0
Maxmin,4.79,1,0.437,0.0
Greedy-DPP,4.63,1,0.6395,0.0
Greedy-DPP,4.72,1,0.6395,0.0
Greedy-DPP,4.78,1,0.6395,0.0
Greedy-DPP,4.79,1,0.6395,0.0
RNG(-0.3),4.63,1,0.6098,0.0
RNG(-0.3),4.72,1,0.6098,0.0
RNG(-0.3),4.78,1,0.6098,0.0
RNG(-0.3),4.79,1,0.6098,0.0
RNG(-0.2),4.63,1,0.6226,0.0
RNG(-0.2),4.72,1,0.6226,0.0
RNG(-0.2),4.78,1,0.6226,0.0
RNG(-0.2),4.79,1,0.6226,0.0
RNG(-0.1),4.63,1,0.6222,0.0
RNG(-0.1),4.72,1,0.6222,0.0
RNG(-0.1),4.78,1,0.6222,0.0
RNG(-0.1),4.79,1,0.6222,0.0
RNG(-0.05),4.63,1,0.6201,0.0
RNG(-0.05),4.72,1,0.6201,0.0
RNG(-0.05),4.78,1,0.6201,0.0
RNG(-0.05),4.79,1,0.6201,0.0
RNG(0),4.63,1,0.6151,0.0
RNG(0),4.72,1,0.6151,0.0
RNG(0),4.78,1,0.6151,0.0
RNG(0),4.79,1,0.6151,0.0
RNG(0.05),4.63,1,0.6163,0.0
RNG(0.05),4.72,1,0.6163,0.0
RNG(0.05),4.78,1,0.6163,0.0
RNG(0.05),4.79,1,0.6163,0.0
RNG(0.1),4.63,1,0.6244,0.0
RNG(0.1),4.72,1,0.6244,0.0
RNG(0.1),4.78,1,0.6244,0.0
RNG(0.1),4.79,1,0.6244,0.0
RNG(0.2),4.63,1,0.6294,0.0
RNG(0.2),4.72,1,0.6294,0.0
RNG(0.2),4.78,1,0.6294,0.0
RNG(0.2),4.79,1,0.6294,0.0
RNG(0.3),4.63,1,0.6207,0.0
RNG(0.3),4.72,1,0.6207,0.0
RNG(0.3),4.78,1,0.6207,0.0
RNG(0.3),4.79,1,0.6207,0.0
RNG(0.5),4.63,1,0.6049,0.0
RNG(0.5),4.72,1,0.6049,0.0
RNG(0.5),4.78,1,0.6049,0.0
RNG(0.5),4.79,1,0.6049,0.0
RNG(1),4.63,1,0.5898,0.0
RNG(1),4.72,1,0.5898,0.0
RNG(1),4.78,1,0.5898,0.0
RNG(1),4.79,1,0.5898,0.0
