rho,seed,Method,Chosen,PoolRedundancy,Recall@k,NDCG@k,MRR,alpha-NDCG@k,S-Recall@k,ERR-IA@k,APD,Vendi,p(S-Recall@k vs kNN),RunParams
0.0,0,kNN,kNN,0.0001,0.6076,0.6023,0.7765,0.6246,0.642,0.4791,0.5427,3.4483,,"{""alpha_grid"": [-0.3, -0.2, -0.1, -0.05, 0.0, 0.05, 0.1, 0.2, 0.3, 0.5, 1.0], ""batch_size"": 64, ""chunk_window"": 60, ""dataset"": ""hotpotqa_fullwiki"", ""device"": ""cuda"", ""dup_noise"": ""light"", ""dup_target"": ""mixed"", ""encode_cache"": true, ""encoder_model"": ""all-MiniLM-L6-v2"", ""experiment"": ""both"", ""gen_max_samples"": 1000, ""gen_methods"": [], ""generator_model"": null, ""git_commit"": ""9372710"", ""lambda_grid"": [0.3, 0.5, 0.7, 0.9], ""max_samples"": null, ""metric"": ""cosine"", ""objective"": ""S-Recall@k"", ""overlap_grid"": [0.0, 0.25, 0.5, 0.75], ""reanalyzed_objective"": ""S-Recall@k"", ""rho_grid"": [0.0, 0.025, 0.05, 0.1, 0.15, 0.25, 0.5, 1.0], ""run_generation"": false, ""script"": ""evaluate_redundancy.py"", ""seed"": 0, ""seeds"": [0, 1, 2], ""single_subtopic"": false, ""split"": ""validation"", ""timestamp"": ""2026-06-28_094117"", ""top_k"": 5, ""top_m"": 100, ""val_fraction"": 0.2}"
0.0,0,Maxmin,Maxmin,0.0001,0.3747,0.446,0.7158,0.4638,0.3985,0.3829,0.8236,4.3863,0.0,"{""alpha_grid"": [-0.3, -0.2, -0.1, -0.05, 0.0, 0.05, 0.1, 0.2, 0.3, 0.5, 1.0], ""batch_size"": 64, ""chunk_window"": 60, ""dataset"": ""hotpotqa_fullwiki"", ""device"": ""cuda"", ""dup_noise"": ""light"", ""dup_target"": ""mixed"", ""encode_cache"": true, ""encoder_model"": ""all-MiniLM-L6-v2"", ""experiment"": ""both"", ""gen_max_samples"": 1000, ""gen_methods"": [], ""generator_model"": null, ""git_commit"": ""9372710"", ""lambda_grid"": [0.3, 0.5, 0.7, 0.9], ""max_samples"": null, ""metric"": ""cosine"", ""objective"": ""S-Recall@k"", ""overlap_grid"": [0.0, 0.25, 0.5, 0.75], ""reanalyzed_objective"": ""S-Recall@k"", ""rho_grid"": [0.0, 0.025, 0.05, 0.1, 0.15, 0.25, 0.5, 1.0], ""run_generation"": false, ""script"": ""evaluate_redundancy.py"", ""seed"": 0, ""seeds"": [0, 1, 2], ""single_subtopic"": false, ""split"": ""validation"", ""timestamp"": ""2026-06-28_094117"", ""top_k"": 5, ""top_m"": 100, ""val_fraction"": 0.2}"
0.0,0,Greedy-DPP,Greedy-DPP,0.0001,0.5684,0.581,0.7716,0.6022,0.6003,0.4678,0.6233,3.864,0.0,"{""alpha_grid"": [-0.3, -0.2, -0.1, -0.05, 0.0, 0.05, 0.1, 0.2, 0.3, 0.5, 1.0], ""batch_size"": 64, ""chunk_window"": 60, ""dataset"": ""hotpotqa_fullwiki"", ""device"": ""cuda"", ""dup_noise"": ""light"", ""dup_target"": ""mixed"", ""encode_cache"": true, ""encoder_model"": ""all-MiniLM-L6-v2"", ""experiment"": ""both"", ""gen_max_samples"": 1000, ""gen_methods"": [], ""generator_model"": null, ""git_commit"": ""9372710"", ""lambda_grid"": [0.3, 0.5, 0.7, 0.9], ""max_samples"": null, ""metric"": ""cosine"", ""objective"": ""S-Recall@k"", ""overlap_grid"": [0.0, 0.25, 0.5, 0.75], ""reanalyzed_objective"": ""S-Recall@k"", ""rho_grid"": [0.0, 0.025, 0.05, 0.1, 0.15, 0.25, 0.5, 1.0], ""run_generation"": false, ""script"": ""evaluate_redundancy.py"", ""seed"": 0, ""seeds"": [0, 1, 2], ""single_subtopic"": false, ""split"": ""validation"", ""timestamp"": ""2026-06-28_094117"", ""top_k"": 5, ""top_m"": 100, ""val_fraction"": 0.2}"
0.0,0,MMR*,MMR(0.9),0.0001,0.6069,0.604,0.7786,0.626,0.6406,0.4808,0.5621,3.5499,0.415953,"{""alpha_grid"": [-0.3, -0.2, -0.1, -0.05, 0.0, 0.05, 0.1, 0.2, 0.3, 0.5, 1.0], ""batch_size"": 64, ""chunk_window"": 60, ""dataset"": ""hotpotqa_fullwiki"", ""device"": ""cuda"", ""dup_noise"": ""light"", ""dup_target"": ""mixed"", ""encode_cache"": true, ""encoder_model"": ""all-MiniLM-L6-v2"", ""experiment"": ""both"", ""gen_max_samples"": 1000, ""gen_methods"": [], ""generator_model"": null, ""git_commit"": ""9372710"", ""lambda_grid"": [0.3, 0.5, 0.7, 0.9], ""max_samples"": null, ""metric"": ""cosine"", ""objective"": ""S-Recall@k"", ""overlap_grid"": [0.0, 0.25, 0.5, 0.75], ""reanalyzed_objective"": ""S-Recall@k"", ""rho_grid"": [0.0, 0.025, 0.05, 0.1, 0.15, 0.25, 0.5, 1.0], ""run_generation"": false, ""script"": ""evaluate_redundancy.py"", ""seed"": 0, ""seeds"": [0, 1, 2], ""single_subtopic"": false, ""split"": ""validation"", ""timestamp"": ""2026-06-28_094117"", ""top_k"": 5, ""top_m"": 100, ""val_fraction"": 0.2}"
0.0,0,RNG*,RNG(0.3),0.0001,0.6177,0.6105,0.7796,0.6326,0.6515,0.4845,0.5714,3.5621,0.0,"{""alpha_grid"": [-0.3, -0.2, -0.1, -0.05, 0.0, 0.05, 0.1, 0.2, 0.3, 0.5, 1.0], ""batch_size"": 64, ""chunk_window"": 60, ""dataset"": ""hotpotqa_fullwiki"", ""device"": ""cuda"", ""dup_noise"": ""light"", ""dup_target"": ""mixed"", ""encode_cache"": true, ""encoder_model"": ""all-MiniLM-L6-v2"", ""experiment"": ""both"", ""gen_max_samples"": 1000, ""gen_methods"": [], ""generator_model"": null, ""git_commit"": ""9372710"", ""lambda_grid"": [0.3, 0.5, 0.7, 0.9], ""max_samples"": null, ""metric"": ""cosine"", ""objective"": ""S-Recall@k"", ""overlap_grid"": [0.0, 0.25, 0.5, 0.75], ""reanalyzed_objective"": ""S-Recall@k"", ""rho_grid"": [0.0, 0.025, 0.05, 0.1, 0.15, 0.25, 0.5, 1.0], ""run_generation"": false, ""script"": ""evaluate_redundancy.py"", ""seed"": 0, ""seeds"": [0, 1, 2], ""single_subtopic"": false, ""split"": ""validation"", ""timestamp"": ""2026-06-28_094117"", ""top_k"": 5, ""top_m"": 100, ""val_fraction"": 0.2}"
0.0,0,Seg*,Seg(0.2),0.0001,0.6185,0.6119,0.7805,0.634,0.6523,0.4857,0.5777,3.5899,0.0,"{""alpha_grid"": [-0.3, -0.2, -0.1, -0.05, 0.0, 0.05, 0.1, 0.2, 0.3, 0.5, 1.0], ""batch_size"": 64, ""chunk_window"": 60, ""dataset"": ""hotpotqa_fullwiki"", ""device"": ""cuda"", ""dup_noise"": ""light"", ""dup_target"": ""mixed"", ""encode_cache"": true, ""encoder_model"": ""all-MiniLM-L6-v2"", ""experiment"": ""both"", ""gen_max_samples"": 1000, ""gen_methods"": [], ""generator_model"": null, ""git_commit"": ""9372710"", ""lambda_grid"": [0.3, 0.5, 0.7, 0.9], ""max_samples"": null, ""metric"": ""cosine"", ""objective"": ""S-Recall@k"", ""overlap_grid"": [0.0, 0.25, 0.5, 0.75], ""reanalyzed_objective"": ""S-Recall@k"", ""rho_grid"": [0.0, 0.025, 0.05, 0.1, 0.15, 0.25, 0.5, 1.0], ""run_generation"": false, ""script"": ""evaluate_redundancy.py"", ""seed"": 0, ""seeds"": [0, 1, 2], ""single_subtopic"": false, ""split"": ""validation"", ""timestamp"": ""2026-06-28_094117"", ""top_k"": 5, ""top_m"": 100, ""val_fraction"": 0.2}"
0.025,0,kNN,kNN,0.0006,0.5973,0.5918,0.788,0.6503,0.6334,0.4736,0.4948,2.9512,,"{""alpha_grid"": [-0.3, -0.2, -0.1, -0.05, 0.0, 0.05, 0.1, 0.2, 0.3, 0.5, 1.0], ""batch_size"": 64, ""chunk_window"": 60, ""dataset"": ""hotpotqa_fullwiki"", ""device"": ""cuda"", ""dup_noise"": ""light"", ""dup_target"": ""mixed"", ""encode_cache"": true, ""encoder_model"": ""all-MiniLM-L6-v2"", ""experiment"": ""both"", ""gen_max_samples"": 1000, ""gen_methods"": [], ""generator_model"": null, ""git_commit"": ""9372710"", ""lambda_grid"": [0.3, 0.5, 0.7, 0.9], ""max_samples"": null, ""metric"": ""cosine"", ""objective"": ""S-Recall@k"", ""overlap_grid"": [0.0, 0.25, 0.5, 0.75], ""reanalyzed_objective"": ""S-Recall@k"", ""rho_grid"": [0.0, 0.025, 0.05, 0.1, 0.15, 0.25, 0.5, 1.0], ""run_generation"": false, ""script"": ""evaluate_redundancy.py"", ""seed"": 0, ""seeds"": [0, 1, 2], ""single_subtopic"": false, ""split"": ""validation"", ""timestamp"": ""2026-06-28_094117"", ""top_k"": 5, ""top_m"": 100, ""val_fraction"": 0.2}"
0.025,0,Maxmin,Maxmin,0.0006,0.3826,0.4557,0.7316,0.4301,0.4085,0.3931,0.8083,4.1893,0.0,"{""alpha_grid"": [-0.3, -0.2, -0.1, -0.05, 0.0, 0.05, 0.1, 0.2, 0.3, 0.5, 1.0], ""batch_size"": 64, ""chunk_window"": 60, ""dataset"": ""hotpotqa_fullwiki"", ""device"": ""cuda"", ""dup_noise"": ""light"", ""dup_target"": ""mixed"", ""encode_cache"": true, ""encoder_model"": ""all-MiniLM-L6-v2"", ""experiment"": ""both"", ""gen_max_samples"": 1000, ""gen_methods"": [], ""generator_model"": null, ""git_commit"": ""9372710"", ""lambda_grid"": [0.3, 0.5, 0.7, 0.9], ""max_samples"": null, ""metric"": ""cosine"", ""objective"": ""S-Recall@k"", ""overlap_grid"": [0.0, 0.25, 0.5, 0.75], ""reanalyzed_objective"": ""S-Recall@k"", ""rho_grid"": [0.0, 0.025, 0.05, 0.1, 0.15, 0.25, 0.5, 1.0], ""run_generation"": false, ""script"": ""evaluate_redundancy.py"", ""seed"": 0, ""seeds"": [0, 1, 2], ""single_subtopic"": false, ""split"": ""validation"", ""timestamp"": ""2026-06-28_094117"", ""top_k"": 5, ""top_m"": 100, ""val_fraction"": 0.2}"
0.025,0,Greedy-DPP,Greedy-DPP,0.0006,0.575,0.5901,0.7849,0.5255,0.6089,0.4775,0.6224,3.8598,0.0,"{""alpha_grid"": [-0.3, -0.2, -0.1, -0.05, 0.0, 0.05, 0.1, 0.2, 0.3, 0.5, 1.0], ""batch_size"": 64, ""chunk_window"": 60, ""dataset"": ""hotpotqa_fullwiki"", ""device"": ""cuda"", ""dup_noise"": ""light"", ""dup_target"": ""mixed"", ""encode_cache"": true, ""encoder_model"": ""all-MiniLM-L6-v2"", ""experiment"": ""both"", ""gen_max_samples"": 1000, ""gen_methods"": [], ""generator_model"": null, ""git_commit"": ""9372710"", ""lambda_grid"": [0.3, 0.5, 0.7, 0.9], ""max_samples"": null, ""metric"": ""cosine"", ""objective"": ""S-Recall@k"", ""overlap_grid"": [0.0, 0.25, 0.5, 0.75], ""reanalyzed_objective"": ""S-Recall@k"", ""rho_grid"": [0.0, 0.025, 0.05, 0.1, 0.15, 0.25, 0.5, 1.0], ""run_generation"": false, ""script"": ""evaluate_redundancy.py"", ""seed"": 0, ""seeds"": [0, 1, 2], ""single_subtopic"": false, ""split"": ""validation"", ""timestamp"": ""2026-06-28_094117"", ""top_k"": 5, ""top_m"": 100, ""val_fraction"": 0.2}"
0.025,0,MMR*,MMR(0.9),0.0006,0.5995,0.5986,0.7904,0.6371,0.635,0.4798,0.5177,3.1001,0.383696,"{""alpha_grid"": [-0.3, -0.2, -0.1, -0.05, 0.0, 0.05, 0.1, 0.2, 0.3, 0.5, 1.0], ""batch_size"": 64, ""chunk_window"": 60, ""dataset"": ""hotpotqa_fullwiki"", ""device"": ""cuda"", ""dup_noise"": ""light"", ""dup_target"": ""mixed"", ""encode_cache"": true, ""encoder_model"": ""all-MiniLM-L6-v2"", ""experiment"": ""both"", ""gen_max_samples"": 1000, ""gen_methods"": [], ""generator_model"": null, ""git_commit"": ""9372710"", ""lambda_grid"": [0.3, 0.5, 0.7, 0.9], ""max_samples"": null, ""metric"": ""cosine"", ""objective"": ""S-Recall@k"", ""overlap_grid"": [0.0, 0.25, 0.5, 0.75], ""reanalyzed_objective"": ""S-Recall@k"", ""rho_grid"": [0.0, 0.025, 0.05, 0.1, 0.15, 0.25, 0.5, 1.0], ""run_generation"": false, ""script"": ""evaluate_redundancy.py"", ""seed"": 0, ""seeds"": [0, 1, 2], ""single_subtopic"": false, ""split"": ""validation"", ""timestamp"": ""2026-06-28_094117"", ""top_k"": 5, ""top_m"": 100, ""val_fraction"": 0.2}"
0.025,0,RNG*,RNG(0.2),0.0006,0.6053,0.6038,0.7924,0.6314,0.641,0.4835,0.5527,3.2243,0.00076,"{""alpha_grid"": [-0.3, -0.2, -0.1, -0.05, 0.0, 0.05, 0.1, 0.2, 0.3, 0.5, 1.0], ""batch_size"": 64, ""chunk_window"": 60, ""dataset"": ""hotpotqa_fullwiki"", ""device"": ""cuda"", ""dup_noise"": ""light"", ""dup_target"": ""mixed"", ""encode_cache"": true, ""encoder_model"": ""all-MiniLM-L6-v2"", ""experiment"": ""both"", ""gen_max_samples"": 1000, ""gen_methods"": [], ""generator_model"": null, ""git_commit"": ""9372710"", ""lambda_grid"": [0.3, 0.5, 0.7, 0.9], ""max_samples"": null, ""metric"": ""cosine"", ""objective"": ""S-Recall@k"", ""overlap_grid"": [0.0, 0.25, 0.5, 0.75], ""reanalyzed_objective"": ""S-Recall@k"", ""rho_grid"": [0.0, 0.025, 0.05, 0.1, 0.15, 0.25, 0.5, 1.0], ""run_generation"": false, ""script"": ""evaluate_redundancy.py"", ""seed"": 0, ""seeds"": [0, 1, 2], ""single_subtopic"": false, ""split"": ""validation"", ""timestamp"": ""2026-06-28_094117"", ""top_k"": 5, ""top_m"": 100, ""val_fraction"": 0.2}"
0.025,0,Seg*,Seg(0.2),0.0006,0.6093,0.6053,0.7928,0.6458,0.645,0.484,0.5356,3.1216,0.0,"{""alpha_grid"": [-0.3, -0.2, -0.1, -0.05, 0.0, 0.05, 0.1, 0.2, 0.3, 0.5, 1.0], ""batch_size"": 64, ""chunk_window"": 60, ""dataset"": ""hotpotqa_fullwiki"", ""device"": ""cuda"", ""dup_noise"": ""light"", ""dup_target"": ""mixed"", ""encode_cache"": true, ""encoder_model"": ""all-MiniLM-L6-v2"", ""experiment"": ""both"", ""gen_max_samples"": 1000, ""gen_methods"": [], ""generator_model"": null, ""git_commit"": ""9372710"", ""lambda_grid"": [0.3, 0.5, 0.7, 0.9], ""max_samples"": null, ""metric"": ""cosine"", ""objective"": ""S-Recall@k"", ""overlap_grid"": [0.0, 0.25, 0.5, 0.75], ""reanalyzed_objective"": ""S-Recall@k"", ""rho_grid"": [0.0, 0.025, 0.05, 0.1, 0.15, 0.25, 0.5, 1.0], ""run_generation"": false, ""script"": ""evaluate_redundancy.py"", ""seed"": 0, ""seeds"": [0, 1, 2], ""single_subtopic"": false, ""split"": ""validation"", ""timestamp"": ""2026-06-28_094117"", ""top_k"": 5, ""top_m"": 100, ""val_fraction"": 0.2}"
0.05,0,kNN,kNN,0.0012,0.5987,0.5906,0.7942,0.627,0.6352,0.473,0.4588,2.6979,,"{""alpha_grid"": [-0.3, -0.2, -0.1, -0.05, 0.0, 0.05, 0.1, 0.2, 0.3, 0.5, 1.0], ""batch_size"": 64, ""chunk_window"": 60, ""dataset"": ""hotpotqa_fullwiki"", ""device"": ""cuda"", ""dup_noise"": ""light"", ""dup_target"": ""mixed"", ""encode_cache"": true, ""encoder_model"": ""all-MiniLM-L6-v2"", ""experiment"": ""both"", ""gen_max_samples"": 1000, ""gen_methods"": [], ""generator_model"": null, ""git_commit"": ""9372710"", ""lambda_grid"": [0.3, 0.5, 0.7, 0.9], ""max_samples"": null, ""metric"": ""cosine"", ""objective"": ""S-Recall@k"", ""overlap_grid"": [0.0, 0.25, 0.5, 0.75], ""reanalyzed_objective"": ""S-Recall@k"", ""rho_grid"": [0.0, 0.025, 0.05, 0.1, 0.15, 0.25, 0.5, 1.0], ""run_generation"": false, ""script"": ""evaluate_redundancy.py"", ""seed"": 0, ""seeds"": [0, 1, 2], ""single_subtopic"": false, ""split"": ""validation"", ""timestamp"": ""2026-06-28_094117"", ""top_k"": 5, ""top_m"": 100, ""val_fraction"": 0.2}"
0.05,0,Maxmin,Maxmin,0.0012,0.3885,0.4621,0.741,0.3954,0.4156,0.3991,0.8012,4.134,0.0,"{""alpha_grid"": [-0.3, -0.2, -0.1, -0.05, 0.0, 0.05, 0.1, 0.2, 0.3, 0.5, 1.0], ""batch_size"": 64, ""chunk_window"": 60, ""dataset"": ""hotpotqa_fullwiki"", ""device"": ""cuda"", ""dup_noise"": ""light"", ""dup_target"": ""mixed"", ""encode_cache"": true, ""encoder_model"": ""all-MiniLM-L6-v2"", ""experiment"": ""both"", ""gen_max_samples"": 1000, ""gen_methods"": [], ""generator_model"": null, ""git_commit"": ""9372710"", ""lambda_grid"": [0.3, 0.5, 0.7, 0.9], ""max_samples"": null, ""metric"": ""cosine"", ""objective"": ""S-Recall@k"", ""overlap_grid"": [0.0, 0.25, 0.5, 0.75], ""reanalyzed_objective"": ""S-Recall@k"", ""rho_grid"": [0.0, 0.025, 0.05, 0.1, 0.15, 0.25, 0.5, 1.0], ""run_generation"": false, ""script"": ""evaluate_redundancy.py"", ""seed"": 0, ""seeds"": [0, 1, 2], ""single_subtopic"": false, ""split"": ""validation"", ""timestamp"": ""2026-06-28_094117"", ""top_k"": 5, ""top_m"": 100, ""val_fraction"": 0.2}"
0.05,0,Greedy-DPP,Greedy-DPP,0.0012,0.5839,0.5986,0.7915,0.4796,0.6187,0.4848,0.6219,3.8575,0.0,"{""alpha_grid"": [-0.3, -0.2, -0.1, -0.05, 0.0, 0.05, 0.1, 0.2, 0.3, 0.5, 1.0], ""batch_size"": 64, ""chunk_window"": 60, ""dataset"": ""hotpotqa_fullwiki"", ""device"": ""cuda"", ""dup_noise"": ""light"", ""dup_target"": ""mixed"", ""encode_cache"": true, ""encoder_model"": ""all-MiniLM-L6-v2"", ""experiment"": ""both"", ""gen_max_samples"": 1000, ""gen_methods"": [], ""generator_model"": null, ""git_commit"": ""9372710"", ""lambda_grid"": [0.3, 0.5, 0.7, 0.9], ""max_samples"": null, ""metric"": ""cosine"", ""objective"": ""S-Recall@k"", ""overlap_grid"": [0.0, 0.25, 0.5, 0.75], ""reanalyzed_objective"": ""S-Recall@k"", ""rho_grid"": [0.0, 0.025, 0.05, 0.1, 0.15, 0.25, 0.5, 1.0], ""run_generation"": false, ""script"": ""evaluate_redundancy.py"", ""seed"": 0, ""seeds"": [0, 1, 2], ""single_subtopic"": false, ""split"": ""validation"", ""timestamp"": ""2026-06-28_094117"", ""top_k"": 5, ""top_m"": 100, ""val_fraction"": 0.2}"
0.05,0,MMR*,MMR(0.9),0.0012,0.6065,0.6032,0.7969,0.6066,0.6428,0.4837,0.4904,2.9093,2e-05,"{""alpha_grid"": [-0.3, -0.2, -0.1, -0.05, 0.0, 0.05, 0.1, 0.2, 0.3, 0.5, 1.0], ""batch_size"": 64, ""chunk_window"": 60, ""dataset"": ""hotpotqa_fullwiki"", ""device"": ""cuda"", ""dup_noise"": ""light"", ""dup_target"": ""mixed"", ""encode_cache"": true, ""encoder_model"": ""all-MiniLM-L6-v2"", ""experiment"": ""both"", ""gen_max_samples"": 1000, ""gen_methods"": [], ""generator_model"": null, ""git_commit"": ""9372710"", ""lambda_grid"": [0.3, 0.5, 0.7, 0.9], ""max_samples"": null, ""metric"": ""cosine"", ""objective"": ""S-Recall@k"", ""overlap_grid"": [0.0, 0.25, 0.5, 0.75], ""reanalyzed_objective"": ""S-Recall@k"", ""rho_grid"": [0.0, 0.025, 0.05, 0.1, 0.15, 0.25, 0.5, 1.0], ""run_generation"": false, ""script"": ""evaluate_redundancy.py"", ""seed"": 0, ""seeds"": [0, 1, 2], ""single_subtopic"": false, ""split"": ""validation"", ""timestamp"": ""2026-06-28_094117"", ""top_k"": 5, ""top_m"": 100, ""val_fraction"": 0.2}"
0.05,0,RNG*,RNG(0.2),0.0012,0.6126,0.6088,0.7982,0.6026,0.6491,0.4877,0.5315,3.0442,0.0,"{""alpha_grid"": [-0.3, -0.2, -0.1, -0.05, 0.0, 0.05, 0.1, 0.2, 0.3, 0.5, 1.0], ""batch_size"": 64, ""chunk_window"": 60, ""dataset"": ""hotpotqa_fullwiki"", ""device"": ""cuda"", ""dup_noise"": ""light"", ""dup_target"": ""mixed"", ""encode_cache"": true, ""encoder_model"": ""all-MiniLM-L6-v2"", ""experiment"": ""both"", ""gen_max_samples"": 1000, ""gen_methods"": [], ""generator_model"": null, ""git_commit"": ""9372710"", ""lambda_grid"": [0.3, 0.5, 0.7, 0.9], ""max_samples"": null, ""metric"": ""cosine"", ""objective"": ""S-Recall@k"", ""overlap_grid"": [0.0, 0.25, 0.5, 0.75], ""reanalyzed_objective"": ""S-Recall@k"", ""rho_grid"": [0.0, 0.025, 0.05, 0.1, 0.15, 0.25, 0.5, 1.0], ""run_generation"": false, ""script"": ""evaluate_redundancy.py"", ""seed"": 0, ""seeds"": [0, 1, 2], ""single_subtopic"": false, ""split"": ""validation"", ""timestamp"": ""2026-06-28_094117"", ""top_k"": 5, ""top_m"": 100, ""val_fraction"": 0.2}"
0.05,0,Seg*,Seg(0.2),0.0012,0.6172,0.61,0.7991,0.6195,0.6538,0.4876,0.5101,2.9158,0.0,"{""alpha_grid"": [-0.3, -0.2, -0.1, -0.05, 0.0, 0.05, 0.1, 0.2, 0.3, 0.5, 1.0], ""batch_size"": 64, ""chunk_window"": 60, ""dataset"": ""hotpotqa_fullwiki"", ""device"": ""cuda"", ""dup_noise"": ""light"", ""dup_target"": ""mixed"", ""encode_cache"": true, ""encoder_model"": ""all-MiniLM-L6-v2"", ""experiment"": ""both"", ""gen_max_samples"": 1000, ""gen_methods"": [], ""generator_model"": null, ""git_commit"": ""9372710"", ""lambda_grid"": [0.3, 0.5, 0.7, 0.9], ""max_samples"": null, ""metric"": ""cosine"", ""objective"": ""S-Recall@k"", ""overlap_grid"": [0.0, 0.25, 0.5, 0.75], ""reanalyzed_objective"": ""S-Recall@k"", ""rho_grid"": [0.0, 0.025, 0.05, 0.1, 0.15, 0.25, 0.5, 1.0], ""run_generation"": false, ""script"": ""evaluate_redundancy.py"", ""seed"": 0, ""seeds"": [0, 1, 2], ""single_subtopic"": false, ""split"": ""validation"", ""timestamp"": ""2026-06-28_094117"", ""top_k"": 5, ""top_m"": 100, ""val_fraction"": 0.2}"
0.1,0,kNN,kNN,0.0028,0.56,0.5641,0.7985,0.6232,0.5978,0.4588,0.2954,1.954,,"{""alpha_grid"": [-0.3, -0.2, -0.1, -0.05, 0.0, 0.05, 0.1, 0.2, 0.3, 0.5, 1.0], ""batch_size"": 64, ""chunk_window"": 60, ""dataset"": ""hotpotqa_fullwiki"", ""device"": ""cuda"", ""dup_noise"": ""light"", ""dup_target"": ""mixed"", ""encode_cache"": true, ""encoder_model"": ""all-MiniLM-L6-v2"", ""experiment"": ""both"", ""gen_max_samples"": 1000, ""gen_methods"": [], ""generator_model"": null, ""git_commit"": ""9372710"", ""lambda_grid"": [0.3, 0.5, 0.7, 0.9], ""max_samples"": null, ""metric"": ""cosine"", ""objective"": ""S-Recall@k"", ""overlap_grid"": [0.0, 0.25, 0.5, 0.75], ""reanalyzed_objective"": ""S-Recall@k"", ""rho_grid"": [0.0, 0.025, 0.05, 0.1, 0.15, 0.25, 0.5, 1.0], ""run_generation"": false, ""script"": ""evaluate_redundancy.py"", ""seed"": 0, ""seeds"": [0, 1, 2], ""single_subtopic"": false, ""split"": ""validation"", ""timestamp"": ""2026-06-28_094117"", ""top_k"": 5, ""top_m"": 100, ""val_fraction"": 0.2}"
0.1,0,Maxmin,Maxmin,0.0028,0.392,0.4661,0.7466,0.391,0.4202,0.4035,0.7582,3.8956,0.0,"{""alpha_grid"": [-0.3, -0.2, -0.1, -0.05, 0.0, 0.05, 0.1, 0.2, 0.3, 0.5, 1.0], ""batch_size"": 64, ""chunk_window"": 60, ""dataset"": ""hotpotqa_fullwiki"", ""device"": ""cuda"", ""dup_noise"": ""light"", ""dup_target"": ""mixed"", ""encode_cache"": true, ""encoder_model"": ""all-MiniLM-L6-v2"", ""experiment"": ""both"", ""gen_max_samples"": 1000, ""gen_methods"": [], ""generator_model"": null, ""git_commit"": ""9372710"", ""lambda_grid"": [0.3, 0.5, 0.7, 0.9], ""max_samples"": null, ""metric"": ""cosine"", ""objective"": ""S-Recall@k"", ""overlap_grid"": [0.0, 0.25, 0.5, 0.75], ""reanalyzed_objective"": ""S-Recall@k"", ""rho_grid"": [0.0, 0.025, 0.05, 0.1, 0.15, 0.25, 0.5, 1.0], ""run_generation"": false, ""script"": ""evaluate_redundancy.py"", ""seed"": 0, ""seeds"": [0, 1, 2], ""single_subtopic"": false, ""split"": ""validation"", ""timestamp"": ""2026-06-28_094117"", ""top_k"": 5, ""top_m"": 100, ""val_fraction"": 0.2}"
0.1,0,Greedy-DPP,Greedy-DPP,0.0028,0.5911,0.6053,0.7965,0.4635,0.6269,0.4909,0.6209,3.853,0.0,"{""alpha_grid"": [-0.3, -0.2, -0.1, -0.05, 0.0, 0.05, 0.1, 0.2, 0.3, 0.5, 1.0], ""batch_size"": 64, ""chunk_window"": 60, ""dataset"": ""hotpotqa_fullwiki"", ""device"": ""cuda"", ""dup_noise"": ""light"", ""dup_target"": ""mixed"", ""encode_cache"": true, ""encoder_model"": ""all-MiniLM-L6-v2"", ""experiment"": ""both"", ""gen_max_samples"": 1000, ""gen_methods"": [], ""generator_model"": null, ""git_commit"": ""9372710"", ""lambda_grid"": [0.3, 0.5, 0.7, 0.9], ""max_samples"": null, ""metric"": ""cosine"", ""objective"": ""S-Recall@k"", ""overlap_grid"": [0.0, 0.25, 0.5, 0.75], ""reanalyzed_objective"": ""S-Recall@k"", ""rho_grid"": [0.0, 0.025, 0.05, 0.1, 0.15, 0.25, 0.5, 1.0], ""run_generation"": false, ""script"": ""evaluate_redundancy.py"", ""seed"": 0, ""seeds"": [0, 1, 2], ""single_subtopic"": false, ""split"": ""validation"", ""timestamp"": ""2026-06-28_094117"", ""top_k"": 5, ""top_m"": 100, ""val_fraction"": 0.2}"
0.1,0,MMR*,MMR(0.7),0.0028,0.5896,0.6023,0.7995,0.5156,0.6264,0.4885,0.5356,3.3011,0.0,"{""alpha_grid"": [-0.3, -0.2, -0.1, -0.05, 0.0, 0.05, 0.1, 0.2, 0.3, 0.5, 1.0], ""batch_size"": 64, ""chunk_window"": 60, ""dataset"": ""hotpotqa_fullwiki"", ""device"": ""cuda"", ""dup_noise"": ""light"", ""dup_target"": ""mixed"", ""encode_cache"": true, ""encoder_model"": ""all-MiniLM-L6-v2"", ""experiment"": ""both"", ""gen_max_samples"": 1000, ""gen_methods"": [], ""generator_model"": null, ""git_commit"": ""9372710"", ""lambda_grid"": [0.3, 0.5, 0.7, 0.9], ""max_samples"": null, ""metric"": ""cosine"", ""objective"": ""S-Recall@k"", ""overlap_grid"": [0.0, 0.25, 0.5, 0.75], ""reanalyzed_objective"": ""S-Recall@k"", ""rho_grid"": [0.0, 0.025, 0.05, 0.1, 0.15, 0.25, 0.5, 1.0], ""run_generation"": false, ""script"": ""evaluate_redundancy.py"", ""seed"": 0, ""seeds"": [0, 1, 2], ""single_subtopic"": false, ""split"": ""validation"", ""timestamp"": ""2026-06-28_094117"", ""top_k"": 5, ""top_m"": 100, ""val_fraction"": 0.2}"
0.1,0,RNG*,RNG(0.2),0.0028,0.5981,0.5992,0.8033,0.6071,0.636,0.4836,0.4546,2.5899,0.0,"{""alpha_grid"": [-0.3, -0.2, -0.1, -0.05, 0.0, 0.05, 0.1, 0.2, 0.3, 0.5, 1.0], ""batch_size"": 64, ""chunk_window"": 60, ""dataset"": ""hotpotqa_fullwiki"", ""device"": ""cuda"", ""dup_noise"": ""light"", ""dup_target"": ""mixed"", ""encode_cache"": true, ""encoder_model"": ""all-MiniLM-L6-v2"", ""experiment"": ""both"", ""gen_max_samples"": 1000, ""gen_methods"": [], ""generator_model"": null, ""git_commit"": ""9372710"", ""lambda_grid"": [0.3, 0.5, 0.7, 0.9], ""max_samples"": null, ""metric"": ""cosine"", ""objective"": ""S-Recall@k"", ""overlap_grid"": [0.0, 0.25, 0.5, 0.75], ""reanalyzed_objective"": ""S-Recall@k"", ""rho_grid"": [0.0, 0.025, 0.05, 0.1, 0.15, 0.25, 0.5, 1.0], ""run_generation"": false, ""script"": ""evaluate_redundancy.py"", ""seed"": 0, ""seeds"": [0, 1, 2], ""single_subtopic"": false, ""split"": ""validation"", ""timestamp"": ""2026-06-28_094117"", ""top_k"": 5, ""top_m"": 100, ""val_fraction"": 0.2}"
0.1,0,Seg*,Seg(0.1),0.0028,0.59,0.5946,0.8017,0.5939,0.6274,0.4809,0.4662,2.667,0.0,"{""alpha_grid"": [-0.3, -0.2, -0.1, -0.05, 0.0, 0.05, 0.1, 0.2, 0.3, 0.5, 1.0], ""batch_size"": 64, ""chunk_window"": 60, ""dataset"": ""hotpotqa_fullwiki"", ""device"": ""cuda"", ""dup_noise"": ""light"", ""dup_target"": ""mixed"", ""encode_cache"": true, ""encoder_model"": ""all-MiniLM-L6-v2"", ""experiment"": ""both"", ""gen_max_samples"": 1000, ""gen_methods"": [], ""generator_model"": null, ""git_commit"": ""9372710"", ""lambda_grid"": [0.3, 0.5, 0.7, 0.9], ""max_samples"": null, ""metric"": ""cosine"", ""objective"": ""S-Recall@k"", ""overlap_grid"": [0.0, 0.25, 0.5, 0.75], ""reanalyzed_objective"": ""S-Recall@k"", ""rho_grid"": [0.0, 0.025, 0.05, 0.1, 0.15, 0.25, 0.5, 1.0], ""run_generation"": false, ""script"": ""evaluate_redundancy.py"", ""seed"": 0, ""seeds"": [0, 1, 2], ""single_subtopic"": false, ""split"": ""validation"", ""timestamp"": ""2026-06-28_094117"", ""top_k"": 5, ""top_m"": 100, ""val_fraction"": 0.2}"
0.15,0,kNN,kNN,0.005,0.5054,0.5374,0.8024,0.6112,0.5452,0.4493,0.1736,1.6093,,"{""alpha_grid"": [-0.3, -0.2, -0.1, -0.05, 0.0, 0.05, 0.1, 0.2, 0.3, 0.5, 1.0], ""batch_size"": 64, ""chunk_window"": 60, ""dataset"": ""hotpotqa_fullwiki"", ""device"": ""cuda"", ""dup_noise"": ""light"", ""dup_target"": ""mixed"", ""encode_cache"": true, ""encoder_model"": ""all-MiniLM-L6-v2"", ""experiment"": ""both"", ""gen_max_samples"": 1000, ""gen_methods"": [], ""generator_model"": null, ""git_commit"": ""9372710"", ""lambda_grid"": [0.3, 0.5, 0.7, 0.9], ""max_samples"": null, ""metric"": ""cosine"", ""objective"": ""S-Recall@k"", ""overlap_grid"": [0.0, 0.25, 0.5, 0.75], ""reanalyzed_objective"": ""S-Recall@k"", ""rho_grid"": [0.0, 0.025, 0.05, 0.1, 0.15, 0.25, 0.5, 1.0], ""run_generation"": false, ""script"": ""evaluate_redundancy.py"", ""seed"": 0, ""seeds"": [0, 1, 2], ""single_subtopic"": false, ""split"": ""validation"", ""timestamp"": ""2026-06-28_094117"", ""top_k"": 5, ""top_m"": 100, ""val_fraction"": 0.2}"
0.15,0,Maxmin,Maxmin,0.005,0.3957,0.4701,0.7526,0.397,0.4255,0.4082,0.7415,3.7971,0.0,"{""alpha_grid"": [-0.3, -0.2, -0.1, -0.05, 0.0, 0.05, 0.1, 0.2, 0.3, 0.5, 1.0], ""batch_size"": 64, ""chunk_window"": 60, ""dataset"": ""hotpotqa_fullwiki"", ""device"": ""cuda"", ""dup_noise"": ""light"", ""dup_target"": ""mixed"", ""encode_cache"": true, ""encoder_model"": ""all-MiniLM-L6-v2"", ""experiment"": ""both"", ""gen_max_samples"": 1000, ""gen_methods"": [], ""generator_model"": null, ""git_commit"": ""9372710"", ""lambda_grid"": [0.3, 0.5, 0.7, 0.9], ""max_samples"": null, ""metric"": ""cosine"", ""objective"": ""S-Recall@k"", ""overlap_grid"": [0.0, 0.25, 0.5, 0.75], ""reanalyzed_objective"": ""S-Recall@k"", ""rho_grid"": [0.0, 0.025, 0.05, 0.1, 0.15, 0.25, 0.5, 1.0], ""run_generation"": false, ""script"": ""evaluate_redundancy.py"", ""seed"": 0, ""seeds"": [0, 1, 2], ""single_subtopic"": false, ""split"": ""validation"", ""timestamp"": ""2026-06-28_094117"", ""top_k"": 5, ""top_m"": 100, ""val_fraction"": 0.2}"
0.15,0,Greedy-DPP,Greedy-DPP,0.005,0.597,0.6108,0.8018,0.4681,0.6351,0.4968,0.6205,3.8513,0.0,"{""alpha_grid"": [-0.3, -0.2, -0.1, -0.05, 0.0, 0.05, 0.1, 0.2, 0.3, 0.5, 1.0], ""batch_size"": 64, ""chunk_window"": 60, ""dataset"": ""hotpotqa_fullwiki"", ""device"": ""cuda"", ""dup_noise"": ""light"", ""dup_target"": ""mixed"", ""encode_cache"": true, ""encoder_model"": ""all-MiniLM-L6-v2"", ""experiment"": ""both"", ""gen_max_samples"": 1000, ""gen_methods"": [], ""generator_model"": null, ""git_commit"": ""9372710"", ""lambda_grid"": [0.3, 0.5, 0.7, 0.9], ""max_samples"": null, ""metric"": ""cosine"", ""objective"": ""S-Recall@k"", ""overlap_grid"": [0.0, 0.25, 0.5, 0.75], ""reanalyzed_objective"": ""S-Recall@k"", ""rho_grid"": [0.0, 0.025, 0.05, 0.1, 0.15, 0.25, 0.5, 1.0], ""run_generation"": false, ""script"": ""evaluate_redundancy.py"", ""seed"": 0, ""seeds"": [0, 1, 2], ""single_subtopic"": false, ""split"": ""validation"", ""timestamp"": ""2026-06-28_094117"", ""top_k"": 5, ""top_m"": 100, ""val_fraction"": 0.2}"
0.15,0,MMR*,MMR(0.7),0.005,0.5867,0.6032,0.804,0.52,0.6254,0.4921,0.5114,3.2249,0.0,"{""alpha_grid"": [-0.3, -0.2, -0.1, -0.05, 0.0, 0.05, 0.1, 0.2, 0.3, 0.5, 1.0], ""batch_size"": 64, ""chunk_window"": 60, ""dataset"": ""hotpotqa_fullwiki"", ""device"": ""cuda"", ""dup_noise"": ""light"", ""dup_target"": ""mixed"", ""encode_cache"": true, ""encoder_model"": ""all-MiniLM-L6-v2"", ""experiment"": ""both"", ""gen_max_samples"": 1000, ""gen_methods"": [], ""generator_model"": null, ""git_commit"": ""9372710"", ""lambda_grid"": [0.3, 0.5, 0.7, 0.9], ""max_samples"": null, ""metric"": ""cosine"", ""objective"": ""S-Recall@k"", ""overlap_grid"": [0.0, 0.25, 0.5, 0.75], ""reanalyzed_objective"": ""S-Recall@k"", ""rho_grid"": [0.0, 0.025, 0.05, 0.1, 0.15, 0.25, 0.5, 1.0], ""run_generation"": false, ""script"": ""evaluate_redundancy.py"", ""seed"": 0, ""seeds"": [0, 1, 2], ""single_subtopic"": false, ""split"": ""validation"", ""timestamp"": ""2026-06-28_094117"", ""top_k"": 5, ""top_m"": 100, ""val_fraction"": 0.2}"
0.15,0,RNG*,RNG(0.2),0.005,0.5832,0.591,0.8069,0.614,0.6232,0.4814,0.4032,2.3749,0.0,"{""alpha_grid"": [-0.3, -0.2, -0.1, -0.05, 0.0, 0.05, 0.1, 0.2, 0.3, 0.5, 1.0], ""batch_size"": 64, ""chunk_window"": 60, ""dataset"": ""hotpotqa_fullwiki"", ""device"": ""cuda"", ""dup_noise"": ""light"", ""dup_target"": ""mixed"", ""encode_cache"": true, ""encoder_model"": ""all-MiniLM-L6-v2"", ""experiment"": ""both"", ""gen_max_samples"": 1000, ""gen_methods"": [], ""generator_model"": null, ""git_commit"": ""9372710"", ""lambda_grid"": [0.3, 0.5, 0.7, 0.9], ""max_samples"": null, ""metric"": ""cosine"", ""objective"": ""S-Recall@k"", ""overlap_grid"": [0.0, 0.25, 0.5, 0.75], ""reanalyzed_objective"": ""S-Recall@k"", ""rho_grid"": [0.0, 0.025, 0.05, 0.1, 0.15, 0.25, 0.5, 1.0], ""run_generation"": false, ""script"": ""evaluate_redundancy.py"", ""seed"": 0, ""seeds"": [0, 1, 2], ""single_subtopic"": false, ""split"": ""validation"", ""timestamp"": ""2026-06-28_094117"", ""top_k"": 5, ""top_m"": 100, ""val_fraction"": 0.2}"
0.15,0,Seg*,Seg(0.1),0.005,0.5743,0.5862,0.805,0.5987,0.6134,0.4787,0.4141,2.467,0.0,"{""alpha_grid"": [-0.3, -0.2, -0.1, -0.05, 0.0, 0.05, 0.1, 0.2, 0.3, 0.5, 1.0], ""batch_size"": 64, ""chunk_window"": 60, ""dataset"": ""hotpotqa_fullwiki"", ""device"": ""cuda"", ""dup_noise"": ""light"", ""dup_target"": ""mixed"", ""encode_cache"": true, ""encoder_model"": ""all-MiniLM-L6-v2"", ""experiment"": ""both"", ""gen_max_samples"": 1000, ""gen_methods"": [], ""generator_model"": null, ""git_commit"": ""9372710"", ""lambda_grid"": [0.3, 0.5, 0.7, 0.9], ""max_samples"": null, ""metric"": ""cosine"", ""objective"": ""S-Recall@k"", ""overlap_grid"": [0.0, 0.25, 0.5, 0.75], ""reanalyzed_objective"": ""S-Recall@k"", ""rho_grid"": [0.0, 0.025, 0.05, 0.1, 0.15, 0.25, 0.5, 1.0], ""run_generation"": false, ""script"": ""evaluate_redundancy.py"", ""seed"": 0, ""seeds"": [0, 1, 2], ""single_subtopic"": false, ""split"": ""validation"", ""timestamp"": ""2026-06-28_094117"", ""top_k"": 5, ""top_m"": 100, ""val_fraction"": 0.2}"
0.25,0,kNN,kNN,0.011,0.4639,0.5174,0.8052,0.6023,0.5067,0.4439,0.1241,1.4592,,"{""alpha_grid"": [-0.3, -0.2, -0.1, -0.05, 0.0, 0.05, 0.1, 0.2, 0.3, 0.5, 1.0], ""batch_size"": 64, ""chunk_window"": 60, ""dataset"": ""hotpotqa_fullwiki"", ""device"": ""cuda"", ""dup_noise"": ""light"", ""dup_target"": ""mixed"", ""encode_cache"": true, ""encoder_model"": ""all-MiniLM-L6-v2"", ""experiment"": ""both"", ""gen_max_samples"": 1000, ""gen_methods"": [], ""generator_model"": null, ""git_commit"": ""9372710"", ""lambda_grid"": [0.3, 0.5, 0.7, 0.9], ""max_samples"": null, ""metric"": ""cosine"", ""objective"": ""S-Recall@k"", ""overlap_grid"": [0.0, 0.25, 0.5, 0.75], ""reanalyzed_objective"": ""S-Recall@k"", ""rho_grid"": [0.0, 0.025, 0.05, 0.1, 0.15, 0.25, 0.5, 1.0], ""run_generation"": false, ""script"": ""evaluate_redundancy.py"", ""seed"": 0, ""seeds"": [0, 1, 2], ""single_subtopic"": false, ""split"": ""validation"", ""timestamp"": ""2026-06-28_094117"", ""top_k"": 5, ""top_m"": 100, ""val_fraction"": 0.2}"
0.25,0,Maxmin,Maxmin,0.011,0.402,0.476,0.7595,0.4054,0.4356,0.4159,0.723,3.6858,0.0,"{""alpha_grid"": [-0.3, -0.2, -0.1, -0.05, 0.0, 0.05, 0.1, 0.2, 0.3, 0.5, 1.0], ""batch_size"": 64, ""chunk_window"": 60, ""dataset"": ""hotpotqa_fullwiki"", ""device"": ""cuda"", ""dup_noise"": ""light"", ""dup_target"": ""mixed"", ""encode_cache"": true, ""encoder_model"": ""all-MiniLM-L6-v2"", ""experiment"": ""both"", ""gen_max_samples"": 1000, ""gen_methods"": [], ""generator_model"": null, ""git_commit"": ""9372710"", ""lambda_grid"": [0.3, 0.5, 0.7, 0.9], ""max_samples"": null, ""metric"": ""cosine"", ""objective"": ""S-Recall@k"", ""overlap_grid"": [0.0, 0.25, 0.5, 0.75], ""reanalyzed_objective"": ""S-Recall@k"", ""rho_grid"": [0.0, 0.025, 0.05, 0.1, 0.15, 0.25, 0.5, 1.0], ""run_generation"": false, ""script"": ""evaluate_redundancy.py"", ""seed"": 0, ""seeds"": [0, 1, 2], ""single_subtopic"": false, ""split"": ""validation"", ""timestamp"": ""2026-06-28_094117"", ""top_k"": 5, ""top_m"": 100, ""val_fraction"": 0.2}"
0.25,0,Greedy-DPP,Greedy-DPP,0.011,0.6008,0.6152,0.8068,0.4727,0.6421,0.5036,0.6199,3.8484,0.0,"{""alpha_grid"": [-0.3, -0.2, -0.1, -0.05, 0.0, 0.05, 0.1, 0.2, 0.3, 0.5, 1.0], ""batch_size"": 64, ""chunk_window"": 60, ""dataset"": ""hotpotqa_fullwiki"", ""device"": ""cuda"", ""dup_noise"": ""light"", ""dup_target"": ""mixed"", ""encode_cache"": true, ""encoder_model"": ""all-MiniLM-L6-v2"", ""experiment"": ""both"", ""gen_max_samples"": 1000, ""gen_methods"": [], ""generator_model"": null, ""git_commit"": ""9372710"", ""lambda_grid"": [0.3, 0.5, 0.7, 0.9], ""max_samples"": null, ""metric"": ""cosine"", ""objective"": ""S-Recall@k"", ""overlap_grid"": [0.0, 0.25, 0.5, 0.75], ""reanalyzed_objective"": ""S-Recall@k"", ""rho_grid"": [0.0, 0.025, 0.05, 0.1, 0.15, 0.25, 0.5, 1.0], ""run_generation"": false, ""script"": ""evaluate_redundancy.py"", ""seed"": 0, ""seeds"": [0, 1, 2], ""single_subtopic"": false, ""split"": ""validation"", ""timestamp"": ""2026-06-28_094117"", ""top_k"": 5, ""top_m"": 100, ""val_fraction"": 0.2}"
0.25,0,MMR*,MMR(0.7),0.011,0.5906,0.6073,0.8087,0.5268,0.6328,0.4985,0.5038,3.1904,0.0,"{""alpha_grid"": [-0.3, -0.2, -0.1, -0.05, 0.0, 0.05, 0.1, 0.2, 0.3, 0.5, 1.0], ""batch_size"": 64, ""chunk_window"": 60, ""dataset"": ""hotpotqa_fullwiki"", ""device"": ""cuda"", ""dup_noise"": ""light"", ""dup_target"": ""mixed"", ""encode_cache"": true, ""encoder_model"": ""all-MiniLM-L6-v2"", ""experiment"": ""both"", ""gen_max_samples"": 1000, ""gen_methods"": [], ""generator_model"": null, ""git_commit"": ""9372710"", ""lambda_grid"": [0.3, 0.5, 0.7, 0.9], ""max_samples"": null, ""metric"": ""cosine"", ""objective"": ""S-Recall@k"", ""overlap_grid"": [0.0, 0.25, 0.5, 0.75], ""reanalyzed_objective"": ""S-Recall@k"", ""rho_grid"": [0.0, 0.025, 0.05, 0.1, 0.15, 0.25, 0.5, 1.0], ""run_generation"": false, ""script"": ""evaluate_redundancy.py"", ""seed"": 0, ""seeds"": [0, 1, 2], ""single_subtopic"": false, ""split"": ""validation"", ""timestamp"": ""2026-06-28_094117"", ""top_k"": 5, ""top_m"": 100, ""val_fraction"": 0.2}"
0.25,0,RNG*,RNG(-0.1),0.011,0.5625,0.5797,0.8065,0.5744,0.6047,0.4789,0.3879,2.5112,0.0,"{""alpha_grid"": [-0.3, -0.2, -0.1, -0.05, 0.0, 0.05, 0.1, 0.2, 0.3, 0.5, 1.0], ""batch_size"": 64, ""chunk_window"": 60, ""dataset"": ""hotpotqa_fullwiki"", ""device"": ""cuda"", ""dup_noise"": ""light"", ""dup_target"": ""mixed"", ""encode_cache"": true, ""encoder_model"": ""all-MiniLM-L6-v2"", ""experiment"": ""both"", ""gen_max_samples"": 1000, ""gen_methods"": [], ""generator_model"": null, ""git_commit"": ""9372710"", ""lambda_grid"": [0.3, 0.5, 0.7, 0.9], ""max_samples"": null, ""metric"": ""cosine"", ""objective"": ""S-Recall@k"", ""overlap_grid"": [0.0, 0.25, 0.5, 0.75], ""reanalyzed_objective"": ""S-Recall@k"", ""rho_grid"": [0.0, 0.025, 0.05, 0.1, 0.15, 0.25, 0.5, 1.0], ""run_generation"": false, ""script"": ""evaluate_redundancy.py"", ""seed"": 0, ""seeds"": [0, 1, 2], ""single_subtopic"": false, ""split"": ""validation"", ""timestamp"": ""2026-06-28_094117"", ""top_k"": 5, ""top_m"": 100, ""val_fraction"": 0.2}"
0.25,0,Seg*,Seg(-0.1),0.011,0.5596,0.5781,0.806,0.5724,0.6019,0.4781,0.396,2.5432,0.0,"{""alpha_grid"": [-0.3, -0.2, -0.1, -0.05, 0.0, 0.05, 0.1, 0.2, 0.3, 0.5, 1.0], ""batch_size"": 64, ""chunk_window"": 60, ""dataset"": ""hotpotqa_fullwiki"", ""device"": ""cuda"", ""dup_noise"": ""light"", ""dup_target"": ""mixed"", ""encode_cache"": true, ""encoder_model"": ""all-MiniLM-L6-v2"", ""experiment"": ""both"", ""gen_max_samples"": 1000, ""gen_methods"": [], ""generator_model"": null, ""git_commit"": ""9372710"", ""lambda_grid"": [0.3, 0.5, 0.7, 0.9], ""max_samples"": null, ""metric"": ""cosine"", ""objective"": ""S-Recall@k"", ""overlap_grid"": [0.0, 0.25, 0.5, 0.75], ""reanalyzed_objective"": ""S-Recall@k"", ""rho_grid"": [0.0, 0.025, 0.05, 0.1, 0.15, 0.25, 0.5, 1.0], ""run_generation"": false, ""script"": ""evaluate_redundancy.py"", ""seed"": 0, ""seeds"": [0, 1, 2], ""single_subtopic"": false, ""split"": ""validation"", ""timestamp"": ""2026-06-28_094117"", ""top_k"": 5, ""top_m"": 100, ""val_fraction"": 0.2}"
0.5,0,kNN,kNN,0.0356,0.4527,0.5114,0.8043,0.6032,0.5036,0.4485,0.1055,1.3786,,"{""alpha_grid"": [-0.3, -0.2, -0.1, -0.05, 0.0, 0.05, 0.1, 0.2, 0.3, 0.5, 1.0], ""batch_size"": 64, ""chunk_window"": 60, ""dataset"": ""hotpotqa_fullwiki"", ""device"": ""cuda"", ""dup_noise"": ""light"", ""dup_target"": ""mixed"", ""encode_cache"": true, ""encoder_model"": ""all-MiniLM-L6-v2"", ""experiment"": ""both"", ""gen_max_samples"": 1000, ""gen_methods"": [], ""generator_model"": null, ""git_commit"": ""9372710"", ""lambda_grid"": [0.3, 0.5, 0.7, 0.9], ""max_samples"": null, ""metric"": ""cosine"", ""objective"": ""S-Recall@k"", ""overlap_grid"": [0.0, 0.25, 0.5, 0.75], ""reanalyzed_objective"": ""S-Recall@k"", ""rho_grid"": [0.0, 0.025, 0.05, 0.1, 0.15, 0.25, 0.5, 1.0], ""run_generation"": false, ""script"": ""evaluate_redundancy.py"", ""seed"": 0, ""seeds"": [0, 1, 2], ""single_subtopic"": false, ""split"": ""validation"", ""timestamp"": ""2026-06-28_094117"", ""top_k"": 5, ""top_m"": 100, ""val_fraction"": 0.2}"
0.5,0,Maxmin,Maxmin,0.0356,0.4106,0.4831,0.7659,0.4168,0.4519,0.4281,0.6888,3.49,0.0,"{""alpha_grid"": [-0.3, -0.2, -0.1, -0.05, 0.0, 0.05, 0.1, 0.2, 0.3, 0.5, 1.0], ""batch_size"": 64, ""chunk_window"": 60, ""dataset"": ""hotpotqa_fullwiki"", ""device"": ""cuda"", ""dup_noise"": ""light"", ""dup_target"": ""mixed"", ""encode_cache"": true, ""encoder_model"": ""all-MiniLM-L6-v2"", ""experiment"": ""both"", ""gen_max_samples"": 1000, ""gen_methods"": [], ""generator_model"": null, ""git_commit"": ""9372710"", ""lambda_grid"": [0.3, 0.5, 0.7, 0.9], ""max_samples"": null, ""metric"": ""cosine"", ""objective"": ""S-Recall@k"", ""overlap_grid"": [0.0, 0.25, 0.5, 0.75], ""reanalyzed_objective"": ""S-Recall@k"", ""rho_grid"": [0.0, 0.025, 0.05, 0.1, 0.15, 0.25, 0.5, 1.0], ""run_generation"": false, ""script"": ""evaluate_redundancy.py"", ""seed"": 0, ""seeds"": [0, 1, 2], ""single_subtopic"": false, ""split"": ""validation"", ""timestamp"": ""2026-06-28_094117"", ""top_k"": 5, ""top_m"": 100, ""val_fraction"": 0.2}"
0.5,0,Greedy-DPP,Greedy-DPP,0.0356,0.6029,0.6177,0.8091,0.4778,0.6529,0.5132,0.6192,3.846,0.0,"{""alpha_grid"": [-0.3, -0.2, -0.1, -0.05, 0.0, 0.05, 0.1, 0.2, 0.3, 0.5, 1.0], ""batch_size"": 64, ""chunk_window"": 60, ""dataset"": ""hotpotqa_fullwiki"", ""device"": ""cuda"", ""dup_noise"": ""light"", ""dup_target"": ""mixed"", ""encode_cache"": true, ""encoder_model"": ""all-MiniLM-L6-v2"", ""experiment"": ""both"", ""gen_max_samples"": 1000, ""gen_methods"": [], ""generator_model"": null, ""git_commit"": ""9372710"", ""lambda_grid"": [0.3, 0.5, 0.7, 0.9], ""max_samples"": null, ""metric"": ""cosine"", ""objective"": ""S-Recall@k"", ""overlap_grid"": [0.0, 0.25, 0.5, 0.75], ""reanalyzed_objective"": ""S-Recall@k"", ""rho_grid"": [0.0, 0.025, 0.05, 0.1, 0.15, 0.25, 0.5, 1.0], ""run_generation"": false, ""script"": ""evaluate_redundancy.py"", ""seed"": 0, ""seeds"": [0, 1, 2], ""single_subtopic"": false, ""split"": ""validation"", ""timestamp"": ""2026-06-28_094117"", ""top_k"": 5, ""top_m"": 100, ""val_fraction"": 0.2}"
0.5,0,MMR*,MMR(0.7),0.0356,0.5916,0.6093,0.8112,0.5341,0.6426,0.5081,0.4947,3.1505,0.0,"{""alpha_grid"": [-0.3, -0.2, -0.1, -0.05, 0.0, 0.05, 0.1, 0.2, 0.3, 0.5, 1.0], ""batch_size"": 64, ""chunk_window"": 60, ""dataset"": ""hotpotqa_fullwiki"", ""device"": ""cuda"", ""dup_noise"": ""light"", ""dup_target"": ""mixed"", ""encode_cache"": true, ""encoder_model"": ""all-MiniLM-L6-v2"", ""experiment"": ""both"", ""gen_max_samples"": 1000, ""gen_methods"": [], ""generator_model"": null, ""git_commit"": ""9372710"", ""lambda_grid"": [0.3, 0.5, 0.7, 0.9], ""max_samples"": null, ""metric"": ""cosine"", ""objective"": ""S-Recall@k"", ""overlap_grid"": [0.0, 0.25, 0.5, 0.75], ""reanalyzed_objective"": ""S-Recall@k"", ""rho_grid"": [0.0, 0.025, 0.05, 0.1, 0.15, 0.25, 0.5, 1.0], ""run_generation"": false, ""script"": ""evaluate_redundancy.py"", ""seed"": 0, ""seeds"": [0, 1, 2], ""single_subtopic"": false, ""split"": ""validation"", ""timestamp"": ""2026-06-28_094117"", ""top_k"": 5, ""top_m"": 100, ""val_fraction"": 0.2}"
0.5,0,RNG*,RNG(-0.1),0.0356,0.5352,0.5638,0.807,0.5844,0.586,0.4782,0.3205,2.2199,0.0,"{""alpha_grid"": [-0.3, -0.2, -0.1, -0.05, 0.0, 0.05, 0.1, 0.2, 0.3, 0.5, 1.0], ""batch_size"": 64, ""chunk_window"": 60, ""dataset"": ""hotpotqa_fullwiki"", ""device"": ""cuda"", ""dup_noise"": ""light"", ""dup_target"": ""mixed"", ""encode_cache"": true, ""encoder_model"": ""all-MiniLM-L6-v2"", ""experiment"": ""both"", ""gen_max_samples"": 1000, ""gen_methods"": [], ""generator_model"": null, ""git_commit"": ""9372710"", ""lambda_grid"": [0.3, 0.5, 0.7, 0.9], ""max_samples"": null, ""metric"": ""cosine"", ""objective"": ""S-Recall@k"", ""overlap_grid"": [0.0, 0.25, 0.5, 0.75], ""reanalyzed_objective"": ""S-Recall@k"", ""rho_grid"": [0.0, 0.025, 0.05, 0.1, 0.15, 0.25, 0.5, 1.0], ""run_generation"": false, ""script"": ""evaluate_redundancy.py"", ""seed"": 0, ""seeds"": [0, 1, 2], ""single_subtopic"": false, ""split"": ""validation"", ""timestamp"": ""2026-06-28_094117"", ""top_k"": 5, ""top_m"": 100, ""val_fraction"": 0.2}"
0.5,0,Seg*,Seg(-0.1),0.0356,0.5318,0.5619,0.806,0.5822,0.5821,0.4771,0.326,2.2406,0.0,"{""alpha_grid"": [-0.3, -0.2, -0.1, -0.05, 0.0, 0.05, 0.1, 0.2, 0.3, 0.5, 1.0], ""batch_size"": 64, ""chunk_window"": 60, ""dataset"": ""hotpotqa_fullwiki"", ""device"": ""cuda"", ""dup_noise"": ""light"", ""dup_target"": ""mixed"", ""encode_cache"": true, ""encoder_model"": ""all-MiniLM-L6-v2"", ""experiment"": ""both"", ""gen_max_samples"": 1000, ""gen_methods"": [], ""generator_model"": null, ""git_commit"": ""9372710"", ""lambda_grid"": [0.3, 0.5, 0.7, 0.9], ""max_samples"": null, ""metric"": ""cosine"", ""objective"": ""S-Recall@k"", ""overlap_grid"": [0.0, 0.25, 0.5, 0.75], ""reanalyzed_objective"": ""S-Recall@k"", ""rho_grid"": [0.0, 0.025, 0.05, 0.1, 0.15, 0.25, 0.5, 1.0], ""run_generation"": false, ""script"": ""evaluate_redundancy.py"", ""seed"": 0, ""seeds"": [0, 1, 2], ""single_subtopic"": false, ""split"": ""validation"", ""timestamp"": ""2026-06-28_094117"", ""top_k"": 5, ""top_m"": 100, ""val_fraction"": 0.2}"
1.0,0,kNN,kNN,0.1206,0.444,0.5057,0.8001,0.608,0.5121,0.4617,0.0925,1.311,,"{""alpha_grid"": [-0.3, -0.2, -0.1, -0.05, 0.0, 0.05, 0.1, 0.2, 0.3, 0.5, 1.0], ""batch_size"": 64, ""chunk_window"": 60, ""dataset"": ""hotpotqa_fullwiki"", ""device"": ""cuda"", ""dup_noise"": ""light"", ""dup_target"": ""mixed"", ""encode_cache"": true, ""encoder_model"": ""all-MiniLM-L6-v2"", ""experiment"": ""both"", ""gen_max_samples"": 1000, ""gen_methods"": [], ""generator_model"": null, ""git_commit"": ""9372710"", ""lambda_grid"": [0.3, 0.5, 0.7, 0.9], ""max_samples"": null, ""metric"": ""cosine"", ""objective"": ""S-Recall@k"", ""overlap_grid"": [0.0, 0.25, 0.5, 0.75], ""reanalyzed_objective"": ""S-Recall@k"", ""rho_grid"": [0.0, 0.025, 0.05, 0.1, 0.15, 0.25, 0.5, 1.0], ""run_generation"": false, ""script"": ""evaluate_redundancy.py"", ""seed"": 0, ""seeds"": [0, 1, 2], ""single_subtopic"": false, ""split"": ""validation"", ""timestamp"": ""2026-06-28_094117"", ""top_k"": 5, ""top_m"": 100, ""val_fraction"": 0.2}"
1.0,0,Maxmin,Maxmin,0.1206,0.4365,0.5012,0.7764,0.4465,0.4956,0.456,0.6289,3.1538,0.0,"{""alpha_grid"": [-0.3, -0.2, -0.1, -0.05, 0.0, 0.05, 0.1, 0.2, 0.3, 0.5, 1.0], ""batch_size"": 64, ""chunk_window"": 60, ""dataset"": ""hotpotqa_fullwiki"", ""device"": ""cuda"", ""dup_noise"": ""light"", ""dup_target"": ""mixed"", ""encode_cache"": true, ""encoder_model"": ""all-MiniLM-L6-v2"", ""experiment"": ""both"", ""gen_max_samples"": 1000, ""gen_methods"": [], ""generator_model"": null, ""git_commit"": ""9372710"", ""lambda_grid"": [0.3, 0.5, 0.7, 0.9], ""max_samples"": null, ""metric"": ""cosine"", ""objective"": ""S-Recall@k"", ""overlap_grid"": [0.0, 0.25, 0.5, 0.75], ""reanalyzed_objective"": ""S-Recall@k"", ""rho_grid"": [0.0, 0.025, 0.05, 0.1, 0.15, 0.25, 0.5, 1.0], ""run_generation"": false, ""script"": ""evaluate_redundancy.py"", ""seed"": 0, ""seeds"": [0, 1, 2], ""single_subtopic"": false, ""split"": ""validation"", ""timestamp"": ""2026-06-28_094117"", ""top_k"": 5, ""top_m"": 100, ""val_fraction"": 0.2}"
1.0,0,Greedy-DPP,Greedy-DPP,0.1206,0.603,0.6183,0.8102,0.4853,0.6715,0.5311,0.6186,3.8435,0.0,"{""alpha_grid"": [-0.3, -0.2, -0.1, -0.05, 0.0, 0.05, 0.1, 0.2, 0.3, 0.5, 1.0], ""batch_size"": 64, ""chunk_window"": 60, ""dataset"": ""hotpotqa_fullwiki"", ""device"": ""cuda"", ""dup_noise"": ""light"", ""dup_target"": ""mixed"", ""encode_cache"": true, ""encoder_model"": ""all-MiniLM-L6-v2"", ""experiment"": ""both"", ""gen_max_samples"": 1000, ""gen_methods"": [], ""generator_model"": null, ""git_commit"": ""9372710"", ""lambda_grid"": [0.3, 0.5, 0.7, 0.9], ""max_samples"": null, ""metric"": ""cosine"", ""objective"": ""S-Recall@k"", ""overlap_grid"": [0.0, 0.25, 0.5, 0.75], ""reanalyzed_objective"": ""S-Recall@k"", ""rho_grid"": [0.0, 0.025, 0.05, 0.1, 0.15, 0.25, 0.5, 1.0], ""run_generation"": false, ""script"": ""evaluate_redundancy.py"", ""seed"": 0, ""seeds"": [0, 1, 2], ""single_subtopic"": false, ""split"": ""validation"", ""timestamp"": ""2026-06-28_094117"", ""top_k"": 5, ""top_m"": 100, ""val_fraction"": 0.2}"
1.0,0,MMR*,MMR(0.7),0.1206,0.5923,0.6105,0.8124,0.5446,0.6623,0.5264,0.4902,3.1317,0.0,"{""alpha_grid"": [-0.3, -0.2, -0.1, -0.05, 0.0, 0.05, 0.1, 0.2, 0.3, 0.5, 1.0], ""batch_size"": 64, ""chunk_window"": 60, ""dataset"": ""hotpotqa_fullwiki"", ""device"": ""cuda"", ""dup_noise"": ""light"", ""dup_target"": ""mixed"", ""encode_cache"": true, ""encoder_model"": ""all-MiniLM-L6-v2"", ""experiment"": ""both"", ""gen_max_samples"": 1000, ""gen_methods"": [], ""generator_model"": null, ""git_commit"": ""9372710"", ""lambda_grid"": [0.3, 0.5, 0.7, 0.9], ""max_samples"": null, ""metric"": ""cosine"", ""objective"": ""S-Recall@k"", ""overlap_grid"": [0.0, 0.25, 0.5, 0.75], ""reanalyzed_objective"": ""S-Recall@k"", ""rho_grid"": [0.0, 0.025, 0.05, 0.1, 0.15, 0.25, 0.5, 1.0], ""run_generation"": false, ""script"": ""evaluate_redundancy.py"", ""seed"": 0, ""seeds"": [0, 1, 2], ""single_subtopic"": false, ""split"": ""validation"", ""timestamp"": ""2026-06-28_094117"", ""top_k"": 5, ""top_m"": 100, ""val_fraction"": 0.2}"
1.0,0,RNG*,RNG(-0.1),0.1206,0.5164,0.5518,0.8051,0.5979,0.5852,0.4884,0.2711,1.9892,0.0,"{""alpha_grid"": [-0.3, -0.2, -0.1, -0.05, 0.0, 0.05, 0.1, 0.2, 0.3, 0.5, 1.0], ""batch_size"": 64, ""chunk_window"": 60, ""dataset"": ""hotpotqa_fullwiki"", ""device"": ""cuda"", ""dup_noise"": ""light"", ""dup_target"": ""mixed"", ""encode_cache"": true, ""encoder_model"": ""all-MiniLM-L6-v2"", ""experiment"": ""both"", ""gen_max_samples"": 1000, ""gen_methods"": [], ""generator_model"": null, ""git_commit"": ""9372710"", ""lambda_grid"": [0.3, 0.5, 0.7, 0.9], ""max_samples"": null, ""metric"": ""cosine"", ""objective"": ""S-Recall@k"", ""overlap_grid"": [0.0, 0.25, 0.5, 0.75], ""reanalyzed_objective"": ""S-Recall@k"", ""rho_grid"": [0.0, 0.025, 0.05, 0.1, 0.15, 0.25, 0.5, 1.0], ""run_generation"": false, ""script"": ""evaluate_redundancy.py"", ""seed"": 0, ""seeds"": [0, 1, 2], ""single_subtopic"": false, ""split"": ""validation"", ""timestamp"": ""2026-06-28_094117"", ""top_k"": 5, ""top_m"": 100, ""val_fraction"": 0.2}"
1.0,0,Seg*,Seg(-0.1),0.1206,0.5149,0.5508,0.8042,0.5967,0.5834,0.4878,0.2745,2.0019,0.0,"{""alpha_grid"": [-0.3, -0.2, -0.1, -0.05, 0.0, 0.05, 0.1, 0.2, 0.3, 0.5, 1.0], ""batch_size"": 64, ""chunk_window"": 60, ""dataset"": ""hotpotqa_fullwiki"", ""device"": ""cuda"", ""dup_noise"": ""light"", ""dup_target"": ""mixed"", ""encode_cache"": true, ""encoder_model"": ""all-MiniLM-L6-v2"", ""experiment"": ""both"", ""gen_max_samples"": 1000, ""gen_methods"": [], ""generator_model"": null, ""git_commit"": ""9372710"", ""lambda_grid"": [0.3, 0.5, 0.7, 0.9], ""max_samples"": null, ""metric"": ""cosine"", ""objective"": ""S-Recall@k"", ""overlap_grid"": [0.0, 0.25, 0.5, 0.75], ""reanalyzed_objective"": ""S-Recall@k"", ""rho_grid"": [0.0, 0.025, 0.05, 0.1, 0.15, 0.25, 0.5, 1.0], ""run_generation"": false, ""script"": ""evaluate_redundancy.py"", ""seed"": 0, ""seeds"": [0, 1, 2], ""single_subtopic"": false, ""split"": ""validation"", ""timestamp"": ""2026-06-28_094117"", ""top_k"": 5, ""top_m"": 100, ""val_fraction"": 0.2}"
0.0,1,kNN,kNN,0.0001,0.6078,0.6024,0.7767,0.6256,0.6432,0.4803,0.5443,3.4551,,"{""alpha_grid"": [-0.3, -0.2, -0.1, -0.05, 0.0, 0.05, 0.1, 0.2, 0.3, 0.5, 1.0], ""batch_size"": 64, ""chunk_window"": 60, ""dataset"": ""hotpotqa_fullwiki"", ""device"": ""cuda"", ""dup_noise"": ""light"", ""dup_target"": ""mixed"", ""encode_cache"": true, ""encoder_model"": ""all-MiniLM-L6-v2"", ""experiment"": ""both"", ""gen_max_samples"": 1000, ""gen_methods"": [], ""generator_model"": null, ""git_commit"": ""9372710"", ""lambda_grid"": [0.3, 0.5, 0.7, 0.9], ""max_samples"": null, ""metric"": ""cosine"", ""objective"": ""S-Recall@k"", ""overlap_grid"": [0.0, 0.25, 0.5, 0.75], ""reanalyzed_objective"": ""S-Recall@k"", ""rho_grid"": [0.0, 0.025, 0.05, 0.1, 0.15, 0.25, 0.5, 1.0], ""run_generation"": false, ""script"": ""evaluate_redundancy.py"", ""seed"": 0, ""seeds"": [0, 1, 2], ""single_subtopic"": false, ""split"": ""validation"", ""timestamp"": ""2026-06-28_094117"", ""top_k"": 5, ""top_m"": 100, ""val_fraction"": 0.2}"
0.0,1,Maxmin,Maxmin,0.0001,0.3752,0.4465,0.7162,0.4652,0.4001,0.3845,0.8239,4.3886,0.0,"{""alpha_grid"": [-0.3, -0.2, -0.1, -0.05, 0.0, 0.05, 0.1, 0.2, 0.3, 0.5, 1.0], ""batch_size"": 64, ""chunk_window"": 60, ""dataset"": ""hotpotqa_fullwiki"", ""device"": ""cuda"", ""dup_noise"": ""light"", ""dup_target"": ""mixed"", ""encode_cache"": true, ""encoder_model"": ""all-MiniLM-L6-v2"", ""experiment"": ""both"", ""gen_max_samples"": 1000, ""gen_methods"": [], ""generator_model"": null, ""git_commit"": ""9372710"", ""lambda_grid"": [0.3, 0.5, 0.7, 0.9], ""max_samples"": null, ""metric"": ""cosine"", ""objective"": ""S-Recall@k"", ""overlap_grid"": [0.0, 0.25, 0.5, 0.75], ""reanalyzed_objective"": ""S-Recall@k"", ""rho_grid"": [0.0, 0.025, 0.05, 0.1, 0.15, 0.25, 0.5, 1.0], ""run_generation"": false, ""script"": ""evaluate_redundancy.py"", ""seed"": 0, ""seeds"": [0, 1, 2], ""single_subtopic"": false, ""split"": ""validation"", ""timestamp"": ""2026-06-28_094117"", ""top_k"": 5, ""top_m"": 100, ""val_fraction"": 0.2}"
0.0,1,Greedy-DPP,Greedy-DPP,0.0001,0.569,0.5815,0.7722,0.6036,0.6021,0.4693,0.6243,3.8692,0.0,"{""alpha_grid"": [-0.3, -0.2, -0.1, -0.05, 0.0, 0.05, 0.1, 0.2, 0.3, 0.5, 1.0], ""batch_size"": 64, ""chunk_window"": 60, ""dataset"": ""hotpotqa_fullwiki"", ""device"": ""cuda"", ""dup_noise"": ""light"", ""dup_target"": ""mixed"", ""encode_cache"": true, ""encoder_model"": ""all-MiniLM-L6-v2"", ""experiment"": ""both"", ""gen_max_samples"": 1000, ""gen_methods"": [], ""generator_model"": null, ""git_commit"": ""9372710"", ""lambda_grid"": [0.3, 0.5, 0.7, 0.9], ""max_samples"": null, ""metric"": ""cosine"", ""objective"": ""S-Recall@k"", ""overlap_grid"": [0.0, 0.25, 0.5, 0.75], ""reanalyzed_objective"": ""S-Recall@k"", ""rho_grid"": [0.0, 0.025, 0.05, 0.1, 0.15, 0.25, 0.5, 1.0], ""run_generation"": false, ""script"": ""evaluate_redundancy.py"", ""seed"": 0, ""seeds"": [0, 1, 2], ""single_subtopic"": false, ""split"": ""validation"", ""timestamp"": ""2026-06-28_094117"", ""top_k"": 5, ""top_m"": 100, ""val_fraction"": 0.2}"
0.0,1,MMR*,MMR(0.9),0.0001,0.6074,0.6041,0.7789,0.6269,0.6419,0.4818,0.5631,3.5541,0.414449,"{""alpha_grid"": [-0.3, -0.2, -0.1, -0.05, 0.0, 0.05, 0.1, 0.2, 0.3, 0.5, 1.0], ""batch_size"": 64, ""chunk_window"": 60, ""dataset"": ""hotpotqa_fullwiki"", ""device"": ""cuda"", ""dup_noise"": ""light"", ""dup_target"": ""mixed"", ""encode_cache"": true, ""encoder_model"": ""all-MiniLM-L6-v2"", ""experiment"": ""both"", ""gen_max_samples"": 1000, ""gen_methods"": [], ""generator_model"": null, ""git_commit"": ""9372710"", ""lambda_grid"": [0.3, 0.5, 0.7, 0.9], ""max_samples"": null, ""metric"": ""cosine"", ""objective"": ""S-Recall@k"", ""overlap_grid"": [0.0, 0.25, 0.5, 0.75], ""reanalyzed_objective"": ""S-Recall@k"", ""rho_grid"": [0.0, 0.025, 0.05, 0.1, 0.15, 0.25, 0.5, 1.0], ""run_generation"": false, ""script"": ""evaluate_redundancy.py"", ""seed"": 0, ""seeds"": [0, 1, 2], ""single_subtopic"": false, ""split"": ""validation"", ""timestamp"": ""2026-06-28_094117"", ""top_k"": 5, ""top_m"": 100, ""val_fraction"": 0.2}"
0.0,1,RNG*,RNG(0.3),0.0001,0.6172,0.6103,0.7799,0.6333,0.6522,0.4856,0.5721,3.5659,0.0,"{""alpha_grid"": [-0.3, -0.2, -0.1, -0.05, 0.0, 0.05, 0.1, 0.2, 0.3, 0.5, 1.0], ""batch_size"": 64, ""chunk_window"": 60, ""dataset"": ""hotpotqa_fullwiki"", ""device"": ""cuda"", ""dup_noise"": ""light"", ""dup_target"": ""mixed"", ""encode_cache"": true, ""encoder_model"": ""all-MiniLM-L6-v2"", ""experiment"": ""both"", ""gen_max_samples"": 1000, ""gen_methods"": [], ""generator_model"": null, ""git_commit"": ""9372710"", ""lambda_grid"": [0.3, 0.5, 0.7, 0.9], ""max_samples"": null, ""metric"": ""cosine"", ""objective"": ""S-Recall@k"", ""overlap_grid"": [0.0, 0.25, 0.5, 0.75], ""reanalyzed_objective"": ""S-Recall@k"", ""rho_grid"": [0.0, 0.025, 0.05, 0.1, 0.15, 0.25, 0.5, 1.0], ""run_generation"": false, ""script"": ""evaluate_redundancy.py"", ""seed"": 0, ""seeds"": [0, 1, 2], ""single_subtopic"": false, ""split"": ""validation"", ""timestamp"": ""2026-06-28_094117"", ""top_k"": 5, ""top_m"": 100, ""val_fraction"": 0.2}"
0.0,1,Seg*,Seg(0.2),0.0001,0.6181,0.6118,0.7808,0.6348,0.6529,0.4868,0.5785,3.5937,0.0,"{""alpha_grid"": [-0.3, -0.2, -0.1, -0.05, 0.0, 0.05, 0.1, 0.2, 0.3, 0.5, 1.0], ""batch_size"": 64, ""chunk_window"": 60, ""dataset"": ""hotpotqa_fullwiki"", ""device"": ""cuda"", ""dup_noise"": ""light"", ""dup_target"": ""mixed"", ""encode_cache"": true, ""encoder_model"": ""all-MiniLM-L6-v2"", ""experiment"": ""both"", ""gen_max_samples"": 1000, ""gen_methods"": [], ""generator_model"": null, ""git_commit"": ""9372710"", ""lambda_grid"": [0.3, 0.5, 0.7, 0.9], ""max_samples"": null, ""metric"": ""cosine"", ""objective"": ""S-Recall@k"", ""overlap_grid"": [0.0, 0.25, 0.5, 0.75], ""reanalyzed_objective"": ""S-Recall@k"", ""rho_grid"": [0.0, 0.025, 0.05, 0.1, 0.15, 0.25, 0.5, 1.0], ""run_generation"": false, ""script"": ""evaluate_redundancy.py"", ""seed"": 0, ""seeds"": [0, 1, 2], ""single_subtopic"": false, ""split"": ""validation"", ""timestamp"": ""2026-06-28_094117"", ""top_k"": 5, ""top_m"": 100, ""val_fraction"": 0.2}"
0.025,1,kNN,kNN,0.0006,0.5982,0.5919,0.7874,0.6506,0.6345,0.4741,0.496,2.9562,,"{""alpha_grid"": [-0.3, -0.2, -0.1, -0.05, 0.0, 0.05, 0.1, 0.2, 0.3, 0.5, 1.0], ""batch_size"": 64, ""chunk_window"": 60, ""dataset"": ""hotpotqa_fullwiki"", ""device"": ""cuda"", ""dup_noise"": ""light"", ""dup_target"": ""mixed"", ""encode_cache"": true, ""encoder_model"": ""all-MiniLM-L6-v2"", ""experiment"": ""both"", ""gen_max_samples"": 1000, ""gen_methods"": [], ""generator_model"": null, ""git_commit"": ""9372710"", ""lambda_grid"": [0.3, 0.5, 0.7, 0.9], ""max_samples"": null, ""metric"": ""cosine"", ""objective"": ""S-Recall@k"", ""overlap_grid"": [0.0, 0.25, 0.5, 0.75], ""reanalyzed_objective"": ""S-Recall@k"", ""rho_grid"": [0.0, 0.025, 0.05, 0.1, 0.15, 0.25, 0.5, 1.0], ""run_generation"": false, ""script"": ""evaluate_redundancy.py"", ""seed"": 0, ""seeds"": [0, 1, 2], ""single_subtopic"": false, ""split"": ""validation"", ""timestamp"": ""2026-06-28_094117"", ""top_k"": 5, ""top_m"": 100, ""val_fraction"": 0.2}"
0.025,1,Maxmin,Maxmin,0.0006,0.3826,0.4555,0.7307,0.4305,0.4093,0.3935,0.8085,4.1883,0.0,"{""alpha_grid"": [-0.3, -0.2, -0.1, -0.05, 0.0, 0.05, 0.1, 0.2, 0.3, 0.5, 1.0], ""batch_size"": 64, ""chunk_window"": 60, ""dataset"": ""hotpotqa_fullwiki"", ""device"": ""cuda"", ""dup_noise"": ""light"", ""dup_target"": ""mixed"", ""encode_cache"": true, ""encoder_model"": ""all-MiniLM-L6-v2"", ""experiment"": ""both"", ""gen_max_samples"": 1000, ""gen_methods"": [], ""generator_model"": null, ""git_commit"": ""9372710"", ""lambda_grid"": [0.3, 0.5, 0.7, 0.9], ""max_samples"": null, ""metric"": ""cosine"", ""objective"": ""S-Recall@k"", ""overlap_grid"": [0.0, 0.25, 0.5, 0.75], ""reanalyzed_objective"": ""S-Recall@k"", ""rho_grid"": [0.0, 0.025, 0.05, 0.1, 0.15, 0.25, 0.5, 1.0], ""run_generation"": false, ""script"": ""evaluate_redundancy.py"", ""seed"": 0, ""seeds"": [0, 1, 2], ""single_subtopic"": false, ""split"": ""validation"", ""timestamp"": ""2026-06-28_094117"", ""top_k"": 5, ""top_m"": 100, ""val_fraction"": 0.2}"
0.025,1,Greedy-DPP,Greedy-DPP,0.0006,0.5761,0.5903,0.7837,0.5261,0.6108,0.4783,0.6232,3.8647,0.0,"{""alpha_grid"": [-0.3, -0.2, -0.1, -0.05, 0.0, 0.05, 0.1, 0.2, 0.3, 0.5, 1.0], ""batch_size"": 64, ""chunk_window"": 60, ""dataset"": ""hotpotqa_fullwiki"", ""device"": ""cuda"", ""dup_noise"": ""light"", ""dup_target"": ""mixed"", ""encode_cache"": true, ""encoder_model"": ""all-MiniLM-L6-v2"", ""experiment"": ""both"", ""gen_max_samples"": 1000, ""gen_methods"": [], ""generator_model"": null, ""git_commit"": ""9372710"", ""lambda_grid"": [0.3, 0.5, 0.7, 0.9], ""max_samples"": null, ""metric"": ""cosine"", ""objective"": ""S-Recall@k"", ""overlap_grid"": [0.0, 0.25, 0.5, 0.75], ""reanalyzed_objective"": ""S-Recall@k"", ""rho_grid"": [0.0, 0.025, 0.05, 0.1, 0.15, 0.25, 0.5, 1.0], ""run_generation"": false, ""script"": ""evaluate_redundancy.py"", ""seed"": 0, ""seeds"": [0, 1, 2], ""single_subtopic"": false, ""split"": ""validation"", ""timestamp"": ""2026-06-28_094117"", ""top_k"": 5, ""top_m"": 100, ""val_fraction"": 0.2}"
0.025,1,MMR*,MMR(0.9),0.0006,0.6008,0.599,0.7904,0.6369,0.6366,0.4805,0.519,3.1066,0.237706,"{""alpha_grid"": [-0.3, -0.2, -0.1, -0.05, 0.0, 0.05, 0.1, 0.2, 0.3, 0.5, 1.0], ""batch_size"": 64, ""chunk_window"": 60, ""dataset"": ""hotpotqa_fullwiki"", ""device"": ""cuda"", ""dup_noise"": ""light"", ""dup_target"": ""mixed"", ""encode_cache"": true, ""encoder_model"": ""all-MiniLM-L6-v2"", ""experiment"": ""both"", ""gen_max_samples"": 1000, ""gen_methods"": [], ""generator_model"": null, ""git_commit"": ""9372710"", ""lambda_grid"": [0.3, 0.5, 0.7, 0.9], ""max_samples"": null, ""metric"": ""cosine"", ""objective"": ""S-Recall@k"", ""overlap_grid"": [0.0, 0.25, 0.5, 0.75], ""reanalyzed_objective"": ""S-Recall@k"", ""rho_grid"": [0.0, 0.025, 0.05, 0.1, 0.15, 0.25, 0.5, 1.0], ""run_generation"": false, ""script"": ""evaluate_redundancy.py"", ""seed"": 0, ""seeds"": [0, 1, 2], ""single_subtopic"": false, ""split"": ""validation"", ""timestamp"": ""2026-06-28_094117"", ""top_k"": 5, ""top_m"": 100, ""val_fraction"": 0.2}"
0.025,1,RNG*,RNG(0.3),0.0006,0.608,0.6041,0.7911,0.6451,0.6442,0.4838,0.531,3.0988,0.0,"{""alpha_grid"": [-0.3, -0.2, -0.1, -0.05, 0.0, 0.05, 0.1, 0.2, 0.3, 0.5, 1.0], ""batch_size"": 64, ""chunk_window"": 60, ""dataset"": ""hotpotqa_fullwiki"", ""device"": ""cuda"", ""dup_noise"": ""light"", ""dup_target"": ""mixed"", ""encode_cache"": true, ""encoder_model"": ""all-MiniLM-L6-v2"", ""experiment"": ""both"", ""gen_max_samples"": 1000, ""gen_methods"": [], ""generator_model"": null, ""git_commit"": ""9372710"", ""lambda_grid"": [0.3, 0.5, 0.7, 0.9], ""max_samples"": null, ""metric"": ""cosine"", ""objective"": ""S-Recall@k"", ""overlap_grid"": [0.0, 0.25, 0.5, 0.75], ""reanalyzed_objective"": ""S-Recall@k"", ""rho_grid"": [0.0, 0.025, 0.05, 0.1, 0.15, 0.25, 0.5, 1.0], ""run_generation"": false, ""script"": ""evaluate_redundancy.py"", ""seed"": 0, ""seeds"": [0, 1, 2], ""single_subtopic"": false, ""split"": ""validation"", ""timestamp"": ""2026-06-28_094117"", ""top_k"": 5, ""top_m"": 100, ""val_fraction"": 0.2}"
0.025,1,Seg*,Seg(0.2),0.0006,0.6096,0.6054,0.792,0.6453,0.6458,0.4847,0.5363,3.1268,0.0,"{""alpha_grid"": [-0.3, -0.2, -0.1, -0.05, 0.0, 0.05, 0.1, 0.2, 0.3, 0.5, 1.0], ""batch_size"": 64, ""chunk_window"": 60, ""dataset"": ""hotpotqa_fullwiki"", ""device"": ""cuda"", ""dup_noise"": ""light"", ""dup_target"": ""mixed"", ""encode_cache"": true, ""encoder_model"": ""all-MiniLM-L6-v2"", ""experiment"": ""both"", ""gen_max_samples"": 1000, ""gen_methods"": [], ""generator_model"": null, ""git_commit"": ""9372710"", ""lambda_grid"": [0.3, 0.5, 0.7, 0.9], ""max_samples"": null, ""metric"": ""cosine"", ""objective"": ""S-Recall@k"", ""overlap_grid"": [0.0, 0.25, 0.5, 0.75], ""reanalyzed_objective"": ""S-Recall@k"", ""rho_grid"": [0.0, 0.025, 0.05, 0.1, 0.15, 0.25, 0.5, 1.0], ""run_generation"": false, ""script"": ""evaluate_redundancy.py"", ""seed"": 0, ""seeds"": [0, 1, 2], ""single_subtopic"": false, ""split"": ""validation"", ""timestamp"": ""2026-06-28_094117"", ""top_k"": 5, ""top_m"": 100, ""val_fraction"": 0.2}"
0.05,1,kNN,kNN,0.0011,0.5975,0.5891,0.792,0.6259,0.6345,0.4721,0.4609,2.705,,"{""alpha_grid"": [-0.3, -0.2, -0.1, -0.05, 0.0, 0.05, 0.1, 0.2, 0.3, 0.5, 1.0], ""batch_size"": 64, ""chunk_window"": 60, ""dataset"": ""hotpotqa_fullwiki"", ""device"": ""cuda"", ""dup_noise"": ""light"", ""dup_target"": ""mixed"", ""encode_cache"": true, ""encoder_model"": ""all-MiniLM-L6-v2"", ""experiment"": ""both"", ""gen_max_samples"": 1000, ""gen_methods"": [], ""generator_model"": null, ""git_commit"": ""9372710"", ""lambda_grid"": [0.3, 0.5, 0.7, 0.9], ""max_samples"": null, ""metric"": ""cosine"", ""objective"": ""S-Recall@k"", ""overlap_grid"": [0.0, 0.25, 0.5, 0.75], ""reanalyzed_objective"": ""S-Recall@k"", ""rho_grid"": [0.0, 0.025, 0.05, 0.1, 0.15, 0.25, 0.5, 1.0], ""run_generation"": false, ""script"": ""evaluate_redundancy.py"", ""seed"": 0, ""seeds"": [0, 1, 2], ""single_subtopic"": false, ""split"": ""validation"", ""timestamp"": ""2026-06-28_094117"", ""top_k"": 5, ""top_m"": 100, ""val_fraction"": 0.2}"
0.05,1,Maxmin,Maxmin,0.0011,0.3869,0.4602,0.7376,0.3935,0.4144,0.398,0.8018,4.1406,0.0,"{""alpha_grid"": [-0.3, -0.2, -0.1, -0.05, 0.0, 0.05, 0.1, 0.2, 0.3, 0.5, 1.0], ""batch_size"": 64, ""chunk_window"": 60, ""dataset"": ""hotpotqa_fullwiki"", ""device"": ""cuda"", ""dup_noise"": ""light"", ""dup_target"": ""mixed"", ""encode_cache"": true, ""encoder_model"": ""all-MiniLM-L6-v2"", ""experiment"": ""both"", ""gen_max_samples"": 1000, ""gen_methods"": [], ""generator_model"": null, ""git_commit"": ""9372710"", ""lambda_grid"": [0.3, 0.5, 0.7, 0.9], ""max_samples"": null, ""metric"": ""cosine"", ""objective"": ""S-Recall@k"", ""overlap_grid"": [0.0, 0.25, 0.5, 0.75], ""reanalyzed_objective"": ""S-Recall@k"", ""rho_grid"": [0.0, 0.025, 0.05, 0.1, 0.15, 0.25, 0.5, 1.0], ""run_generation"": false, ""script"": ""evaluate_redundancy.py"", ""seed"": 0, ""seeds"": [0, 1, 2], ""single_subtopic"": false, ""split"": ""validation"", ""timestamp"": ""2026-06-28_094117"", ""top_k"": 5, ""top_m"": 100, ""val_fraction"": 0.2}"
0.05,1,Greedy-DPP,Greedy-DPP,0.0011,0.5846,0.5979,0.7893,0.4793,0.6194,0.4842,0.6226,3.862,1e-06,"{""alpha_grid"": [-0.3, -0.2, -0.1, -0.05, 0.0, 0.05, 0.1, 0.2, 0.3, 0.5, 1.0], ""batch_size"": 64, ""chunk_window"": 60, ""dataset"": ""hotpotqa_fullwiki"", ""device"": ""cuda"", ""dup_noise"": ""light"", ""dup_target"": ""mixed"", ""encode_cache"": true, ""encoder_model"": ""all-MiniLM-L6-v2"", ""experiment"": ""both"", ""gen_max_samples"": 1000, ""gen_methods"": [], ""generator_model"": null, ""git_commit"": ""9372710"", ""lambda_grid"": [0.3, 0.5, 0.7, 0.9], ""max_samples"": null, ""metric"": ""cosine"", ""objective"": ""S-Recall@k"", ""overlap_grid"": [0.0, 0.25, 0.5, 0.75], ""reanalyzed_objective"": ""S-Recall@k"", ""rho_grid"": [0.0, 0.025, 0.05, 0.1, 0.15, 0.25, 0.5, 1.0], ""run_generation"": false, ""script"": ""evaluate_redundancy.py"", ""seed"": 0, ""seeds"": [0, 1, 2], ""single_subtopic"": false, ""split"": ""validation"", ""timestamp"": ""2026-06-28_094117"", ""top_k"": 5, ""top_m"": 100, ""val_fraction"": 0.2}"
0.05,1,MMR*,MMR(0.9),0.0011,0.6058,0.6021,0.795,0.6057,0.6423,0.483,0.4917,2.9142,9e-06,"{""alpha_grid"": [-0.3, -0.2, -0.1, -0.05, 0.0, 0.05, 0.1, 0.2, 0.3, 0.5, 1.0], ""batch_size"": 64, ""chunk_window"": 60, ""dataset"": ""hotpotqa_fullwiki"", ""device"": ""cuda"", ""dup_noise"": ""light"", ""dup_target"": ""mixed"", ""encode_cache"": true, ""encoder_model"": ""all-MiniLM-L6-v2"", ""experiment"": ""both"", ""gen_max_samples"": 1000, ""gen_methods"": [], ""generator_model"": null, ""git_commit"": ""9372710"", ""lambda_grid"": [0.3, 0.5, 0.7, 0.9], ""max_samples"": null, ""metric"": ""cosine"", ""objective"": ""S-Recall@k"", ""overlap_grid"": [0.0, 0.25, 0.5, 0.75], ""reanalyzed_objective"": ""S-Recall@k"", ""rho_grid"": [0.0, 0.025, 0.05, 0.1, 0.15, 0.25, 0.5, 1.0], ""run_generation"": false, ""script"": ""evaluate_redundancy.py"", ""seed"": 0, ""seeds"": [0, 1, 2], ""single_subtopic"": false, ""split"": ""validation"", ""timestamp"": ""2026-06-28_094117"", ""top_k"": 5, ""top_m"": 100, ""val_fraction"": 0.2}"
0.05,1,RNG*,RNG(0.2),0.0011,0.6143,0.6089,0.7965,0.603,0.6512,0.4876,0.5321,3.0482,0.0,"{""alpha_grid"": [-0.3, -0.2, -0.1, -0.05, 0.0, 0.05, 0.1, 0.2, 0.3, 0.5, 1.0], ""batch_size"": 64, ""chunk_window"": 60, ""dataset"": ""hotpotqa_fullwiki"", ""device"": ""cuda"", ""dup_noise"": ""light"", ""dup_target"": ""mixed"", ""encode_cache"": true, ""encoder_model"": ""all-MiniLM-L6-v2"", ""experiment"": ""both"", ""gen_max_samples"": 1000, ""gen_methods"": [], ""generator_model"": null, ""git_commit"": ""9372710"", ""lambda_grid"": [0.3, 0.5, 0.7, 0.9], ""max_samples"": null, ""metric"": ""cosine"", ""objective"": ""S-Recall@k"", ""overlap_grid"": [0.0, 0.25, 0.5, 0.75], ""reanalyzed_objective"": ""S-Recall@k"", ""rho_grid"": [0.0, 0.025, 0.05, 0.1, 0.15, 0.25, 0.5, 1.0], ""run_generation"": false, ""script"": ""evaluate_redundancy.py"", ""seed"": 0, ""seeds"": [0, 1, 2], ""single_subtopic"": false, ""split"": ""validation"", ""timestamp"": ""2026-06-28_094117"", ""top_k"": 5, ""top_m"": 100, ""val_fraction"": 0.2}"
0.05,1,Seg*,Seg(0.3),0.0011,0.6123,0.6053,0.7963,0.6252,0.6495,0.4845,0.4915,2.8282,0.0,"{""alpha_grid"": [-0.3, -0.2, -0.1, -0.05, 0.0, 0.05, 0.1, 0.2, 0.3, 0.5, 1.0], ""batch_size"": 64, ""chunk_window"": 60, ""dataset"": ""hotpotqa_fullwiki"", ""device"": ""cuda"", ""dup_noise"": ""light"", ""dup_target"": ""mixed"", ""encode_cache"": true, ""encoder_model"": ""all-MiniLM-L6-v2"", ""experiment"": ""both"", ""gen_max_samples"": 1000, ""gen_methods"": [], ""generator_model"": null, ""git_commit"": ""9372710"", ""lambda_grid"": [0.3, 0.5, 0.7, 0.9], ""max_samples"": null, ""metric"": ""cosine"", ""objective"": ""S-Recall@k"", ""overlap_grid"": [0.0, 0.25, 0.5, 0.75], ""reanalyzed_objective"": ""S-Recall@k"", ""rho_grid"": [0.0, 0.025, 0.05, 0.1, 0.15, 0.25, 0.5, 1.0], ""run_generation"": false, ""script"": ""evaluate_redundancy.py"", ""seed"": 0, ""seeds"": [0, 1, 2], ""single_subtopic"": false, ""split"": ""validation"", ""timestamp"": ""2026-06-28_094117"", ""top_k"": 5, ""top_m"": 100, ""val_fraction"": 0.2}"
0.1,1,kNN,kNN,0.0028,0.5587,0.5632,0.7982,0.6231,0.5972,0.4594,0.2958,1.9486,,"{""alpha_grid"": [-0.3, -0.2, -0.1, -0.05, 0.0, 0.05, 0.1, 0.2, 0.3, 0.5, 1.0], ""batch_size"": 64, ""chunk_window"": 60, ""dataset"": ""hotpotqa_fullwiki"", ""device"": ""cuda"", ""dup_noise"": ""light"", ""dup_target"": ""mixed"", ""encode_cache"": true, ""encoder_model"": ""all-MiniLM-L6-v2"", ""experiment"": ""both"", ""gen_max_samples"": 1000, ""gen_methods"": [], ""generator_model"": null, ""git_commit"": ""9372710"", ""lambda_grid"": [0.3, 0.5, 0.7, 0.9], ""max_samples"": null, ""metric"": ""cosine"", ""objective"": ""S-Recall@k"", ""overlap_grid"": [0.0, 0.25, 0.5, 0.75], ""reanalyzed_objective"": ""S-Recall@k"", ""rho_grid"": [0.0, 0.025, 0.05, 0.1, 0.15, 0.25, 0.5, 1.0], ""run_generation"": false, ""script"": ""evaluate_redundancy.py"", ""seed"": 0, ""seeds"": [0, 1, 2], ""single_subtopic"": false, ""split"": ""validation"", ""timestamp"": ""2026-06-28_094117"", ""top_k"": 5, ""top_m"": 100, ""val_fraction"": 0.2}"
0.1,1,Maxmin,Maxmin,0.0028,0.3931,0.467,0.7477,0.3922,0.4225,0.4053,0.7573,3.8881,0.0,"{""alpha_grid"": [-0.3, -0.2, -0.1, -0.05, 0.0, 0.05, 0.1, 0.2, 0.3, 0.5, 1.0], ""batch_size"": 64, ""chunk_window"": 60, ""dataset"": ""hotpotqa_fullwiki"", ""device"": ""cuda"", ""dup_noise"": ""light"", ""dup_target"": ""mixed"", ""encode_cache"": true, ""encoder_model"": ""all-MiniLM-L6-v2"", ""experiment"": ""both"", ""gen_max_samples"": 1000, ""gen_methods"": [], ""generator_model"": null, ""git_commit"": ""9372710"", ""lambda_grid"": [0.3, 0.5, 0.7, 0.9], ""max_samples"": null, ""metric"": ""cosine"", ""objective"": ""S-Recall@k"", ""overlap_grid"": [0.0, 0.25, 0.5, 0.75], ""reanalyzed_objective"": ""S-Recall@k"", ""rho_grid"": [0.0, 0.025, 0.05, 0.1, 0.15, 0.25, 0.5, 1.0], ""run_generation"": false, ""script"": ""evaluate_redundancy.py"", ""seed"": 0, ""seeds"": [0, 1, 2], ""single_subtopic"": false, ""split"": ""validation"", ""timestamp"": ""2026-06-28_094117"", ""top_k"": 5, ""top_m"": 100, ""val_fraction"": 0.2}"
0.1,1,Greedy-DPP,Greedy-DPP,0.0028,0.591,0.6053,0.7972,0.464,0.628,0.4922,0.6217,3.8576,0.0,"{""alpha_grid"": [-0.3, -0.2, -0.1, -0.05, 0.0, 0.05, 0.1, 0.2, 0.3, 0.5, 1.0], ""batch_size"": 64, ""chunk_window"": 60, ""dataset"": ""hotpotqa_fullwiki"", ""device"": ""cuda"", ""dup_noise"": ""light"", ""dup_target"": ""mixed"", ""encode_cache"": true, ""encoder_model"": ""all-MiniLM-L6-v2"", ""experiment"": ""both"", ""gen_max_samples"": 1000, ""gen_methods"": [], ""generator_model"": null, ""git_commit"": ""9372710"", ""lambda_grid"": [0.3, 0.5, 0.7, 0.9], ""max_samples"": null, ""metric"": ""cosine"", ""objective"": ""S-Recall@k"", ""overlap_grid"": [0.0, 0.25, 0.5, 0.75], ""reanalyzed_objective"": ""S-Recall@k"", ""rho_grid"": [0.0, 0.025, 0.05, 0.1, 0.15, 0.25, 0.5, 1.0], ""run_generation"": false, ""script"": ""evaluate_redundancy.py"", ""seed"": 0, ""seeds"": [0, 1, 2], ""single_subtopic"": false, ""split"": ""validation"", ""timestamp"": ""2026-06-28_094117"", ""top_k"": 5, ""top_m"": 100, ""val_fraction"": 0.2}"
0.1,1,MMR*,MMR(0.7),0.0028,0.5891,0.6027,0.7999,0.5163,0.6264,0.49,0.5354,3.2995,0.0,"{""alpha_grid"": [-0.3, -0.2, -0.1, -0.05, 0.0, 0.05, 0.1, 0.2, 0.3, 0.5, 1.0], ""batch_size"": 64, ""chunk_window"": 60, ""dataset"": ""hotpotqa_fullwiki"", ""device"": ""cuda"", ""dup_noise"": ""light"", ""dup_target"": ""mixed"", ""encode_cache"": true, ""encoder_model"": ""all-MiniLM-L6-v2"", ""experiment"": ""both"", ""gen_max_samples"": 1000, ""gen_methods"": [], ""generator_model"": null, ""git_commit"": ""9372710"", ""lambda_grid"": [0.3, 0.5, 0.7, 0.9], ""max_samples"": null, ""metric"": ""cosine"", ""objective"": ""S-Recall@k"", ""overlap_grid"": [0.0, 0.25, 0.5, 0.75], ""reanalyzed_objective"": ""S-Recall@k"", ""rho_grid"": [0.0, 0.025, 0.05, 0.1, 0.15, 0.25, 0.5, 1.0], ""run_generation"": false, ""script"": ""evaluate_redundancy.py"", ""seed"": 0, ""seeds"": [0, 1, 2], ""single_subtopic"": false, ""split"": ""validation"", ""timestamp"": ""2026-06-28_094117"", ""top_k"": 5, ""top_m"": 100, ""val_fraction"": 0.2}"
0.1,1,RNG*,RNG(0.3),0.0028,0.5943,0.5944,0.8032,0.6226,0.6328,0.4809,0.4111,2.3644,0.0,"{""alpha_grid"": [-0.3, -0.2, -0.1, -0.05, 0.0, 0.05, 0.1, 0.2, 0.3, 0.5, 1.0], ""batch_size"": 64, ""chunk_window"": 60, ""dataset"": ""hotpotqa_fullwiki"", ""device"": ""cuda"", ""dup_noise"": ""light"", ""dup_target"": ""mixed"", ""encode_cache"": true, ""encoder_model"": ""all-MiniLM-L6-v2"", ""experiment"": ""both"", ""gen_max_samples"": 1000, ""gen_methods"": [], ""generator_model"": null, ""git_commit"": ""9372710"", ""lambda_grid"": [0.3, 0.5, 0.7, 0.9], ""max_samples"": null, ""metric"": ""cosine"", ""objective"": ""S-Recall@k"", ""overlap_grid"": [0.0, 0.25, 0.5, 0.75], ""reanalyzed_objective"": ""S-Recall@k"", ""rho_grid"": [0.0, 0.025, 0.05, 0.1, 0.15, 0.25, 0.5, 1.0], ""run_generation"": false, ""script"": ""evaluate_redundancy.py"", ""seed"": 0, ""seeds"": [0, 1, 2], ""single_subtopic"": false, ""split"": ""validation"", ""timestamp"": ""2026-06-28_094117"", ""top_k"": 5, ""top_m"": 100, ""val_fraction"": 0.2}"
0.1,1,Seg*,Seg(0.2),0.0028,0.5936,0.5943,0.8036,0.6225,0.6322,0.4809,0.3996,2.3286,0.0,"{""alpha_grid"": [-0.3, -0.2, -0.1, -0.05, 0.0, 0.05, 0.1, 0.2, 0.3, 0.5, 1.0], ""batch_size"": 64, ""chunk_window"": 60, ""dataset"": ""hotpotqa_fullwiki"", ""device"": ""cuda"", ""dup_noise"": ""light"", ""dup_target"": ""mixed"", ""encode_cache"": true, ""encoder_model"": ""all-MiniLM-L6-v2"", ""experiment"": ""both"", ""gen_max_samples"": 1000, ""gen_methods"": [], ""generator_model"": null, ""git_commit"": ""9372710"", ""lambda_grid"": [0.3, 0.5, 0.7, 0.9], ""max_samples"": null, ""metric"": ""cosine"", ""objective"": ""S-Recall@k"", ""overlap_grid"": [0.0, 0.25, 0.5, 0.75], ""reanalyzed_objective"": ""S-Recall@k"", ""rho_grid"": [0.0, 0.025, 0.05, 0.1, 0.15, 0.25, 0.5, 1.0], ""run_generation"": false, ""script"": ""evaluate_redundancy.py"", ""seed"": 0, ""seeds"": [0, 1, 2], ""single_subtopic"": false, ""split"": ""validation"", ""timestamp"": ""2026-06-28_094117"", ""top_k"": 5, ""top_m"": 100, ""val_fraction"": 0.2}"
0.15,1,kNN,kNN,0.005,0.5027,0.5349,0.8003,0.6098,0.543,0.4478,0.1726,1.605,,"{""alpha_grid"": [-0.3, -0.2, -0.1, -0.05, 0.0, 0.05, 0.1, 0.2, 0.3, 0.5, 1.0], ""batch_size"": 64, ""chunk_window"": 60, ""dataset"": ""hotpotqa_fullwiki"", ""device"": ""cuda"", ""dup_noise"": ""light"", ""dup_target"": ""mixed"", ""encode_cache"": true, ""encoder_model"": ""all-MiniLM-L6-v2"", ""experiment"": ""both"", ""gen_max_samples"": 1000, ""gen_methods"": [], ""generator_model"": null, ""git_commit"": ""9372710"", ""lambda_grid"": [0.3, 0.5, 0.7, 0.9], ""max_samples"": null, ""metric"": ""cosine"", ""objective"": ""S-Recall@k"", ""overlap_grid"": [0.0, 0.25, 0.5, 0.75], ""reanalyzed_objective"": ""S-Recall@k"", ""rho_grid"": [0.0, 0.025, 0.05, 0.1, 0.15, 0.25, 0.5, 1.0], ""run_generation"": false, ""script"": ""evaluate_redundancy.py"", ""seed"": 0, ""seeds"": [0, 1, 2], ""single_subtopic"": false, ""split"": ""validation"", ""timestamp"": ""2026-06-28_094117"", ""top_k"": 5, ""top_m"": 100, ""val_fraction"": 0.2}"
0.15,1,Maxmin,Maxmin,0.005,0.3957,0.469,0.7501,0.3953,0.4261,0.4076,0.7431,3.8065,0.0,"{""alpha_grid"": [-0.3, -0.2, -0.1, -0.05, 0.0, 0.05, 0.1, 0.2, 0.3, 0.5, 1.0], ""batch_size"": 64, ""chunk_window"": 60, ""dataset"": ""hotpotqa_fullwiki"", ""device"": ""cuda"", ""dup_noise"": ""light"", ""dup_target"": ""mixed"", ""encode_cache"": true, ""encoder_model"": ""all-MiniLM-L6-v2"", ""experiment"": ""both"", ""gen_max_samples"": 1000, ""gen_methods"": [], ""generator_model"": null, ""git_commit"": ""9372710"", ""lambda_grid"": [0.3, 0.5, 0.7, 0.9], ""max_samples"": null, ""metric"": ""cosine"", ""objective"": ""S-Recall@k"", ""overlap_grid"": [0.0, 0.25, 0.5, 0.75], ""reanalyzed_objective"": ""S-Recall@k"", ""rho_grid"": [0.0, 0.025, 0.05, 0.1, 0.15, 0.25, 0.5, 1.0], ""run_generation"": false, ""script"": ""evaluate_redundancy.py"", ""seed"": 0, ""seeds"": [0, 1, 2], ""single_subtopic"": false, ""split"": ""validation"", ""timestamp"": ""2026-06-28_094117"", ""top_k"": 5, ""top_m"": 100, ""val_fraction"": 0.2}"
0.15,1,Greedy-DPP,Greedy-DPP,0.005,0.5955,0.609,0.7993,0.4668,0.6338,0.4956,0.6212,3.8554,0.0,"{""alpha_grid"": [-0.3, -0.2, -0.1, -0.05, 0.0, 0.05, 0.1, 0.2, 0.3, 0.5, 1.0], ""batch_size"": 64, ""chunk_window"": 60, ""dataset"": ""hotpotqa_fullwiki"", ""device"": ""cuda"", ""dup_noise"": ""light"", ""dup_target"": ""mixed"", ""encode_cache"": true, ""encoder_model"": ""all-MiniLM-L6-v2"", ""experiment"": ""both"", ""gen_max_samples"": 1000, ""gen_methods"": [], ""generator_model"": null, ""git_commit"": ""9372710"", ""lambda_grid"": [0.3, 0.5, 0.7, 0.9], ""max_samples"": null, ""metric"": ""cosine"", ""objective"": ""S-Recall@k"", ""overlap_grid"": [0.0, 0.25, 0.5, 0.75], ""reanalyzed_objective"": ""S-Recall@k"", ""rho_grid"": [0.0, 0.025, 0.05, 0.1, 0.15, 0.25, 0.5, 1.0], ""run_generation"": false, ""script"": ""evaluate_redundancy.py"", ""seed"": 0, ""seeds"": [0, 1, 2], ""single_subtopic"": false, ""split"": ""validation"", ""timestamp"": ""2026-06-28_094117"", ""top_k"": 5, ""top_m"": 100, ""val_fraction"": 0.2}"
0.15,1,MMR*,MMR(0.7),0.005,0.5885,0.6039,0.8023,0.5202,0.6272,0.4925,0.5116,3.2266,0.0,"{""alpha_grid"": [-0.3, -0.2, -0.1, -0.05, 0.0, 0.05, 0.1, 0.2, 0.3, 0.5, 1.0], ""batch_size"": 64, ""chunk_window"": 60, ""dataset"": ""hotpotqa_fullwiki"", ""device"": ""cuda"", ""dup_noise"": ""light"", ""dup_target"": ""mixed"", ""encode_cache"": true, ""encoder_model"": ""all-MiniLM-L6-v2"", ""experiment"": ""both"", ""gen_max_samples"": 1000, ""gen_methods"": [], ""generator_model"": null, ""git_commit"": ""9372710"", ""lambda_grid"": [0.3, 0.5, 0.7, 0.9], ""max_samples"": null, ""metric"": ""cosine"", ""objective"": ""S-Recall@k"", ""overlap_grid"": [0.0, 0.25, 0.5, 0.75], ""reanalyzed_objective"": ""S-Recall@k"", ""rho_grid"": [0.0, 0.025, 0.05, 0.1, 0.15, 0.25, 0.5, 1.0], ""run_generation"": false, ""script"": ""evaluate_redundancy.py"", ""seed"": 0, ""seeds"": [0, 1, 2], ""single_subtopic"": false, ""split"": ""validation"", ""timestamp"": ""2026-06-28_094117"", ""top_k"": 5, ""top_m"": 100, ""val_fraction"": 0.2}"
0.15,1,RNG*,RNG(0.2),0.005,0.5821,0.5894,0.8051,0.6131,0.6221,0.4804,0.4008,2.3689,0.0,"{""alpha_grid"": [-0.3, -0.2, -0.1, -0.05, 0.0, 0.05, 0.1, 0.2, 0.3, 0.5, 1.0], ""batch_size"": 64, ""chunk_window"": 60, ""dataset"": ""hotpotqa_fullwiki"", ""device"": ""cuda"", ""dup_noise"": ""light"", ""dup_target"": ""mixed"", ""encode_cache"": true, ""encoder_model"": ""all-MiniLM-L6-v2"", ""experiment"": ""both"", ""gen_max_samples"": 1000, ""gen_methods"": [], ""generator_model"": null, ""git_commit"": ""9372710"", ""lambda_grid"": [0.3, 0.5, 0.7, 0.9], ""max_samples"": null, ""metric"": ""cosine"", ""objective"": ""S-Recall@k"", ""overlap_grid"": [0.0, 0.25, 0.5, 0.75], ""reanalyzed_objective"": ""S-Recall@k"", ""rho_grid"": [0.0, 0.025, 0.05, 0.1, 0.15, 0.25, 0.5, 1.0], ""run_generation"": false, ""script"": ""evaluate_redundancy.py"", ""seed"": 0, ""seeds"": [0, 1, 2], ""single_subtopic"": false, ""split"": ""validation"", ""timestamp"": ""2026-06-28_094117"", ""top_k"": 5, ""top_m"": 100, ""val_fraction"": 0.2}"
0.15,1,Seg*,Seg(0.1),0.005,0.5719,0.5839,0.8028,0.5973,0.6113,0.4773,0.4126,2.4629,0.0,"{""alpha_grid"": [-0.3, -0.2, -0.1, -0.05, 0.0, 0.05, 0.1, 0.2, 0.3, 0.5, 1.0], ""batch_size"": 64, ""chunk_window"": 60, ""dataset"": ""hotpotqa_fullwiki"", ""device"": ""cuda"", ""dup_noise"": ""light"", ""dup_target"": ""mixed"", ""encode_cache"": true, ""encoder_model"": ""all-MiniLM-L6-v2"", ""experiment"": ""both"", ""gen_max_samples"": 1000, ""gen_methods"": [], ""generator_model"": null, ""git_commit"": ""9372710"", ""lambda_grid"": [0.3, 0.5, 0.7, 0.9], ""max_samples"": null, ""metric"": ""cosine"", ""objective"": ""S-Recall@k"", ""overlap_grid"": [0.0, 0.25, 0.5, 0.75], ""reanalyzed_objective"": ""S-Recall@k"", ""rho_grid"": [0.0, 0.025, 0.05, 0.1, 0.15, 0.25, 0.5, 1.0], ""run_generation"": false, ""script"": ""evaluate_redundancy.py"", ""seed"": 0, ""seeds"": [0, 1, 2], ""single_subtopic"": false, ""split"": ""validation"", ""timestamp"": ""2026-06-28_094117"", ""top_k"": 5, ""top_m"": 100, ""val_fraction"": 0.2}"
0.25,1,kNN,kNN,0.011,0.4645,0.5175,0.8045,0.602,0.5073,0.444,0.1237,1.4571,,"{""alpha_grid"": [-0.3, -0.2, -0.1, -0.05, 0.0, 0.05, 0.1, 0.2, 0.3, 0.5, 1.0], ""batch_size"": 64, ""chunk_window"": 60, ""dataset"": ""hotpotqa_fullwiki"", ""device"": ""cuda"", ""dup_noise"": ""light"", ""dup_target"": ""mixed"", ""encode_cache"": true, ""encoder_model"": ""all-MiniLM-L6-v2"", ""experiment"": ""both"", ""gen_max_samples"": 1000, ""gen_methods"": [], ""generator_model"": null, ""git_commit"": ""9372710"", ""lambda_grid"": [0.3, 0.5, 0.7, 0.9], ""max_samples"": null, ""metric"": ""cosine"", ""objective"": ""S-Recall@k"", ""overlap_grid"": [0.0, 0.25, 0.5, 0.75], ""reanalyzed_objective"": ""S-Recall@k"", ""rho_grid"": [0.0, 0.025, 0.05, 0.1, 0.15, 0.25, 0.5, 1.0], ""run_generation"": false, ""script"": ""evaluate_redundancy.py"", ""seed"": 0, ""seeds"": [0, 1, 2], ""single_subtopic"": false, ""split"": ""validation"", ""timestamp"": ""2026-06-28_094117"", ""top_k"": 5, ""top_m"": 100, ""val_fraction"": 0.2}"
0.25,1,Maxmin,Maxmin,0.011,0.4025,0.4761,0.7593,0.405,0.4364,0.4162,0.7237,3.6845,0.0,"{""alpha_grid"": [-0.3, -0.2, -0.1, -0.05, 0.0, 0.05, 0.1, 0.2, 0.3, 0.5, 1.0], ""batch_size"": 64, ""chunk_window"": 60, ""dataset"": ""hotpotqa_fullwiki"", ""device"": ""cuda"", ""dup_noise"": ""light"", ""dup_target"": ""mixed"", ""encode_cache"": true, ""encoder_model"": ""all-MiniLM-L6-v2"", ""experiment"": ""both"", ""gen_max_samples"": 1000, ""gen_methods"": [], ""generator_model"": null, ""git_commit"": ""9372710"", ""lambda_grid"": [0.3, 0.5, 0.7, 0.9], ""max_samples"": null, ""metric"": ""cosine"", ""objective"": ""S-Recall@k"", ""overlap_grid"": [0.0, 0.25, 0.5, 0.75], ""reanalyzed_objective"": ""S-Recall@k"", ""rho_grid"": [0.0, 0.025, 0.05, 0.1, 0.15, 0.25, 0.5, 1.0], ""run_generation"": false, ""script"": ""evaluate_redundancy.py"", ""seed"": 0, ""seeds"": [0, 1, 2], ""single_subtopic"": false, ""split"": ""validation"", ""timestamp"": ""2026-06-28_094117"", ""top_k"": 5, ""top_m"": 100, ""val_fraction"": 0.2}"
0.25,1,Greedy-DPP,Greedy-DPP,0.011,0.5985,0.6134,0.8049,0.4713,0.6397,0.5025,0.6207,3.8536,0.0,"{""alpha_grid"": [-0.3, -0.2, -0.1, -0.05, 0.0, 0.05, 0.1, 0.2, 0.3, 0.5, 1.0], ""batch_size"": 64, ""chunk_window"": 60, ""dataset"": ""hotpotqa_fullwiki"", ""device"": ""cuda"", ""dup_noise"": ""light"", ""dup_target"": ""mixed"", ""encode_cache"": true, ""encoder_model"": ""all-MiniLM-L6-v2"", ""experiment"": ""both"", ""gen_max_samples"": 1000, ""gen_methods"": [], ""generator_model"": null, ""git_commit"": ""9372710"", ""lambda_grid"": [0.3, 0.5, 0.7, 0.9], ""max_samples"": null, ""metric"": ""cosine"", ""objective"": ""S-Recall@k"", ""overlap_grid"": [0.0, 0.25, 0.5, 0.75], ""reanalyzed_objective"": ""S-Recall@k"", ""rho_grid"": [0.0, 0.025, 0.05, 0.1, 0.15, 0.25, 0.5, 1.0], ""run_generation"": false, ""script"": ""evaluate_redundancy.py"", ""seed"": 0, ""seeds"": [0, 1, 2], ""single_subtopic"": false, ""split"": ""validation"", ""timestamp"": ""2026-06-28_094117"", ""top_k"": 5, ""top_m"": 100, ""val_fraction"": 0.2}"
0.25,1,MMR*,MMR(0.7),0.011,0.5897,0.6072,0.8075,0.5263,0.6314,0.4988,0.504,3.1938,0.0,"{""alpha_grid"": [-0.3, -0.2, -0.1, -0.05, 0.0, 0.05, 0.1, 0.2, 0.3, 0.5, 1.0], ""batch_size"": 64, ""chunk_window"": 60, ""dataset"": ""hotpotqa_fullwiki"", ""device"": ""cuda"", ""dup_noise"": ""light"", ""dup_target"": ""mixed"", ""encode_cache"": true, ""encoder_model"": ""all-MiniLM-L6-v2"", ""experiment"": ""both"", ""gen_max_samples"": 1000, ""gen_methods"": [], ""generator_model"": null, ""git_commit"": ""9372710"", ""lambda_grid"": [0.3, 0.5, 0.7, 0.9], ""max_samples"": null, ""metric"": ""cosine"", ""objective"": ""S-Recall@k"", ""overlap_grid"": [0.0, 0.25, 0.5, 0.75], ""reanalyzed_objective"": ""S-Recall@k"", ""rho_grid"": [0.0, 0.025, 0.05, 0.1, 0.15, 0.25, 0.5, 1.0], ""run_generation"": false, ""script"": ""evaluate_redundancy.py"", ""seed"": 0, ""seeds"": [0, 1, 2], ""single_subtopic"": false, ""split"": ""validation"", ""timestamp"": ""2026-06-28_094117"", ""top_k"": 5, ""top_m"": 100, ""val_fraction"": 0.2}"
0.25,1,RNG*,RNG(0.1),0.011,0.5636,0.5812,0.8085,0.593,0.6058,0.4802,0.4119,2.4867,0.0,"{""alpha_grid"": [-0.3, -0.2, -0.1, -0.05, 0.0, 0.05, 0.1, 0.2, 0.3, 0.5, 1.0], ""batch_size"": 64, ""chunk_window"": 60, ""dataset"": ""hotpotqa_fullwiki"", ""device"": ""cuda"", ""dup_noise"": ""light"", ""dup_target"": ""mixed"", ""encode_cache"": true, ""encoder_model"": ""all-MiniLM-L6-v2"", ""experiment"": ""both"", ""gen_max_samples"": 1000, ""gen_methods"": [], ""generator_model"": null, ""git_commit"": ""9372710"", ""lambda_grid"": [0.3, 0.5, 0.7, 0.9], ""max_samples"": null, ""metric"": ""cosine"", ""objective"": ""S-Recall@k"", ""overlap_grid"": [0.0, 0.25, 0.5, 0.75], ""reanalyzed_objective"": ""S-Recall@k"", ""rho_grid"": [0.0, 0.025, 0.05, 0.1, 0.15, 0.25, 0.5, 1.0], ""run_generation"": false, ""script"": ""evaluate_redundancy.py"", ""seed"": 0, ""seeds"": [0, 1, 2], ""single_subtopic"": false, ""split"": ""validation"", ""timestamp"": ""2026-06-28_094117"", ""top_k"": 5, ""top_m"": 100, ""val_fraction"": 0.2}"
0.25,1,Seg*,Seg(0.1),0.011,0.5536,0.5751,0.8082,0.6047,0.596,0.4768,0.3635,2.2555,0.0,"{""alpha_grid"": [-0.3, -0.2, -0.1, -0.05, 0.0, 0.05, 0.1, 0.2, 0.3, 0.5, 1.0], ""batch_size"": 64, ""chunk_window"": 60, ""dataset"": ""hotpotqa_fullwiki"", ""device"": ""cuda"", ""dup_noise"": ""light"", ""dup_target"": ""mixed"", ""encode_cache"": true, ""encoder_model"": ""all-MiniLM-L6-v2"", ""experiment"": ""both"", ""gen_max_samples"": 1000, ""gen_methods"": [], ""generator_model"": null, ""git_commit"": ""9372710"", ""lambda_grid"": [0.3, 0.5, 0.7, 0.9], ""max_samples"": null, ""metric"": ""cosine"", ""objective"": ""S-Recall@k"", ""overlap_grid"": [0.0, 0.25, 0.5, 0.75], ""reanalyzed_objective"": ""S-Recall@k"", ""rho_grid"": [0.0, 0.025, 0.05, 0.1, 0.15, 0.25, 0.5, 1.0], ""run_generation"": false, ""script"": ""evaluate_redundancy.py"", ""seed"": 0, ""seeds"": [0, 1, 2], ""single_subtopic"": false, ""split"": ""validation"", ""timestamp"": ""2026-06-28_094117"", ""top_k"": 5, ""top_m"": 100, ""val_fraction"": 0.2}"
0.5,1,kNN,kNN,0.0356,0.4535,0.5118,0.805,0.6034,0.5041,0.4489,0.1056,1.3799,,"{""alpha_grid"": [-0.3, -0.2, -0.1, -0.05, 0.0, 0.05, 0.1, 0.2, 0.3, 0.5, 1.0], ""batch_size"": 64, ""chunk_window"": 60, ""dataset"": ""hotpotqa_fullwiki"", ""device"": ""cuda"", ""dup_noise"": ""light"", ""dup_target"": ""mixed"", ""encode_cache"": true, ""encoder_model"": ""all-MiniLM-L6-v2"", ""experiment"": ""both"", ""gen_max_samples"": 1000, ""gen_methods"": [], ""generator_model"": null, ""git_commit"": ""9372710"", ""lambda_grid"": [0.3, 0.5, 0.7, 0.9], ""max_samples"": null, ""metric"": ""cosine"", ""objective"": ""S-Recall@k"", ""overlap_grid"": [0.0, 0.25, 0.5, 0.75], ""reanalyzed_objective"": ""S-Recall@k"", ""rho_grid"": [0.0, 0.025, 0.05, 0.1, 0.15, 0.25, 0.5, 1.0], ""run_generation"": false, ""script"": ""evaluate_redundancy.py"", ""seed"": 0, ""seeds"": [0, 1, 2], ""single_subtopic"": false, ""split"": ""validation"", ""timestamp"": ""2026-06-28_094117"", ""top_k"": 5, ""top_m"": 100, ""val_fraction"": 0.2}"
0.5,1,Maxmin,Maxmin,0.0356,0.4136,0.4851,0.7671,0.4186,0.4556,0.4299,0.6882,3.4928,0.0,"{""alpha_grid"": [-0.3, -0.2, -0.1, -0.05, 0.0, 0.05, 0.1, 0.2, 0.3, 0.5, 1.0], ""batch_size"": 64, ""chunk_window"": 60, ""dataset"": ""hotpotqa_fullwiki"", ""device"": ""cuda"", ""dup_noise"": ""light"", ""dup_target"": ""mixed"", ""encode_cache"": true, ""encoder_model"": ""all-MiniLM-L6-v2"", ""experiment"": ""both"", ""gen_max_samples"": 1000, ""gen_methods"": [], ""generator_model"": null, ""git_commit"": ""9372710"", ""lambda_grid"": [0.3, 0.5, 0.7, 0.9], ""max_samples"": null, ""metric"": ""cosine"", ""objective"": ""S-Recall@k"", ""overlap_grid"": [0.0, 0.25, 0.5, 0.75], ""reanalyzed_objective"": ""S-Recall@k"", ""rho_grid"": [0.0, 0.025, 0.05, 0.1, 0.15, 0.25, 0.5, 1.0], ""run_generation"": false, ""script"": ""evaluate_redundancy.py"", ""seed"": 0, ""seeds"": [0, 1, 2], ""single_subtopic"": false, ""split"": ""validation"", ""timestamp"": ""2026-06-28_094117"", ""top_k"": 5, ""top_m"": 100, ""val_fraction"": 0.2}"
0.5,1,Greedy-DPP,Greedy-DPP,0.0356,0.6015,0.6169,0.8088,0.4771,0.6507,0.5129,0.6203,3.8514,0.0,"{""alpha_grid"": [-0.3, -0.2, -0.1, -0.05, 0.0, 0.05, 0.1, 0.2, 0.3, 0.5, 1.0], ""batch_size"": 64, ""chunk_window"": 60, ""dataset"": ""hotpotqa_fullwiki"", ""device"": ""cuda"", ""dup_noise"": ""light"", ""dup_target"": ""mixed"", ""encode_cache"": true, ""encoder_model"": ""all-MiniLM-L6-v2"", ""experiment"": ""both"", ""gen_max_samples"": 1000, ""gen_methods"": [], ""generator_model"": null, ""git_commit"": ""9372710"", ""lambda_grid"": [0.3, 0.5, 0.7, 0.9], ""max_samples"": null, ""metric"": ""cosine"", ""objective"": ""S-Recall@k"", ""overlap_grid"": [0.0, 0.25, 0.5, 0.75], ""reanalyzed_objective"": ""S-Recall@k"", ""rho_grid"": [0.0, 0.025, 0.05, 0.1, 0.15, 0.25, 0.5, 1.0], ""run_generation"": false, ""script"": ""evaluate_redundancy.py"", ""seed"": 0, ""seeds"": [0, 1, 2], ""single_subtopic"": false, ""split"": ""validation"", ""timestamp"": ""2026-06-28_094117"", ""top_k"": 5, ""top_m"": 100, ""val_fraction"": 0.2}"
0.5,1,MMR*,MMR(0.7),0.0356,0.5926,0.6103,0.8109,0.5347,0.6425,0.5088,0.496,3.1551,0.0,"{""alpha_grid"": [-0.3, -0.2, -0.1, -0.05, 0.0, 0.05, 0.1, 0.2, 0.3, 0.5, 1.0], ""batch_size"": 64, ""chunk_window"": 60, ""dataset"": ""hotpotqa_fullwiki"", ""device"": ""cuda"", ""dup_noise"": ""light"", ""dup_target"": ""mixed"", ""encode_cache"": true, ""encoder_model"": ""all-MiniLM-L6-v2"", ""experiment"": ""both"", ""gen_max_samples"": 1000, ""gen_methods"": [], ""generator_model"": null, ""git_commit"": ""9372710"", ""lambda_grid"": [0.3, 0.5, 0.7, 0.9], ""max_samples"": null, ""metric"": ""cosine"", ""objective"": ""S-Recall@k"", ""overlap_grid"": [0.0, 0.25, 0.5, 0.75], ""reanalyzed_objective"": ""S-Recall@k"", ""rho_grid"": [0.0, 0.025, 0.05, 0.1, 0.15, 0.25, 0.5, 1.0], ""run_generation"": false, ""script"": ""evaluate_redundancy.py"", ""seed"": 0, ""seeds"": [0, 1, 2], ""single_subtopic"": false, ""split"": ""validation"", ""timestamp"": ""2026-06-28_094117"", ""top_k"": 5, ""top_m"": 100, ""val_fraction"": 0.2}"
0.5,1,RNG*,RNG(-0.1),0.0356,0.5392,0.5663,0.8074,0.5851,0.5894,0.4797,0.3234,2.2323,0.0,"{""alpha_grid"": [-0.3, -0.2, -0.1, -0.05, 0.0, 0.05, 0.1, 0.2, 0.3, 0.5, 1.0], ""batch_size"": 64, ""chunk_window"": 60, ""dataset"": ""hotpotqa_fullwiki"", ""device"": ""cuda"", ""dup_noise"": ""light"", ""dup_target"": ""mixed"", ""encode_cache"": true, ""encoder_model"": ""all-MiniLM-L6-v2"", ""experiment"": ""both"", ""gen_max_samples"": 1000, ""gen_methods"": [], ""generator_model"": null, ""git_commit"": ""9372710"", ""lambda_grid"": [0.3, 0.5, 0.7, 0.9], ""max_samples"": null, ""metric"": ""cosine"", ""objective"": ""S-Recall@k"", ""overlap_grid"": [0.0, 0.25, 0.5, 0.75], ""reanalyzed_objective"": ""S-Recall@k"", ""rho_grid"": [0.0, 0.025, 0.05, 0.1, 0.15, 0.25, 0.5, 1.0], ""run_generation"": false, ""script"": ""evaluate_redundancy.py"", ""seed"": 0, ""seeds"": [0, 1, 2], ""single_subtopic"": false, ""split"": ""validation"", ""timestamp"": ""2026-06-28_094117"", ""top_k"": 5, ""top_m"": 100, ""val_fraction"": 0.2}"
0.5,1,Seg*,Seg(-0.1),0.0356,0.5357,0.5644,0.8067,0.583,0.5854,0.4786,0.3283,2.2512,0.0,"{""alpha_grid"": [-0.3, -0.2, -0.1, -0.05, 0.0, 0.05, 0.1, 0.2, 0.3, 0.5, 1.0], ""batch_size"": 64, ""chunk_window"": 60, ""dataset"": ""hotpotqa_fullwiki"", ""device"": ""cuda"", ""dup_noise"": ""light"", ""dup_target"": ""mixed"", ""encode_cache"": true, ""encoder_model"": ""all-MiniLM-L6-v2"", ""experiment"": ""both"", ""gen_max_samples"": 1000, ""gen_methods"": [], ""generator_model"": null, ""git_commit"": ""9372710"", ""lambda_grid"": [0.3, 0.5, 0.7, 0.9], ""max_samples"": null, ""metric"": ""cosine"", ""objective"": ""S-Recall@k"", ""overlap_grid"": [0.0, 0.25, 0.5, 0.75], ""reanalyzed_objective"": ""S-Recall@k"", ""rho_grid"": [0.0, 0.025, 0.05, 0.1, 0.15, 0.25, 0.5, 1.0], ""run_generation"": false, ""script"": ""evaluate_redundancy.py"", ""seed"": 0, ""seeds"": [0, 1, 2], ""single_subtopic"": false, ""split"": ""validation"", ""timestamp"": ""2026-06-28_094117"", ""top_k"": 5, ""top_m"": 100, ""val_fraction"": 0.2}"
1.0,1,kNN,kNN,0.1206,0.4441,0.5058,0.8002,0.6086,0.5122,0.4619,0.0927,1.3146,,"{""alpha_grid"": [-0.3, -0.2, -0.1, -0.05, 0.0, 0.05, 0.1, 0.2, 0.3, 0.5, 1.0], ""batch_size"": 64, ""chunk_window"": 60, ""dataset"": ""hotpotqa_fullwiki"", ""device"": ""cuda"", ""dup_noise"": ""light"", ""dup_target"": ""mixed"", ""encode_cache"": true, ""encoder_model"": ""all-MiniLM-L6-v2"", ""experiment"": ""both"", ""gen_max_samples"": 1000, ""gen_methods"": [], ""generator_model"": null, ""git_commit"": ""9372710"", ""lambda_grid"": [0.3, 0.5, 0.7, 0.9], ""max_samples"": null, ""metric"": ""cosine"", ""objective"": ""S-Recall@k"", ""overlap_grid"": [0.0, 0.25, 0.5, 0.75], ""reanalyzed_objective"": ""S-Recall@k"", ""rho_grid"": [0.0, 0.025, 0.05, 0.1, 0.15, 0.25, 0.5, 1.0], ""run_generation"": false, ""script"": ""evaluate_redundancy.py"", ""seed"": 0, ""seeds"": [0, 1, 2], ""single_subtopic"": false, ""split"": ""validation"", ""timestamp"": ""2026-06-28_094117"", ""top_k"": 5, ""top_m"": 100, ""val_fraction"": 0.2}"
1.0,1,Maxmin,Maxmin,0.1206,0.437,0.5012,0.7756,0.4468,0.4966,0.4561,0.629,3.1476,1e-06,"{""alpha_grid"": [-0.3, -0.2, -0.1, -0.05, 0.0, 0.05, 0.1, 0.2, 0.3, 0.5, 1.0], ""batch_size"": 64, ""chunk_window"": 60, ""dataset"": ""hotpotqa_fullwiki"", ""device"": ""cuda"", ""dup_noise"": ""light"", ""dup_target"": ""mixed"", ""encode_cache"": true, ""encoder_model"": ""all-MiniLM-L6-v2"", ""experiment"": ""both"", ""gen_max_samples"": 1000, ""gen_methods"": [], ""generator_model"": null, ""git_commit"": ""9372710"", ""lambda_grid"": [0.3, 0.5, 0.7, 0.9], ""max_samples"": null, ""metric"": ""cosine"", ""objective"": ""S-Recall@k"", ""overlap_grid"": [0.0, 0.25, 0.5, 0.75], ""reanalyzed_objective"": ""S-Recall@k"", ""rho_grid"": [0.0, 0.025, 0.05, 0.1, 0.15, 0.25, 0.5, 1.0], ""run_generation"": false, ""script"": ""evaluate_redundancy.py"", ""seed"": 0, ""seeds"": [0, 1, 2], ""single_subtopic"": false, ""split"": ""validation"", ""timestamp"": ""2026-06-28_094117"", ""top_k"": 5, ""top_m"": 100, ""val_fraction"": 0.2}"
1.0,1,Greedy-DPP,Greedy-DPP,0.1206,0.6034,0.6184,0.8098,0.4855,0.6717,0.5311,0.6191,3.8467,0.0,"{""alpha_grid"": [-0.3, -0.2, -0.1, -0.05, 0.0, 0.05, 0.1, 0.2, 0.3, 0.5, 1.0], ""batch_size"": 64, ""chunk_window"": 60, ""dataset"": ""hotpotqa_fullwiki"", ""device"": ""cuda"", ""dup_noise"": ""light"", ""dup_target"": ""mixed"", ""encode_cache"": true, ""encoder_model"": ""all-MiniLM-L6-v2"", ""experiment"": ""both"", ""gen_max_samples"": 1000, ""gen_methods"": [], ""generator_model"": null, ""git_commit"": ""9372710"", ""lambda_grid"": [0.3, 0.5, 0.7, 0.9], ""max_samples"": null, ""metric"": ""cosine"", ""objective"": ""S-Recall@k"", ""overlap_grid"": [0.0, 0.25, 0.5, 0.75], ""reanalyzed_objective"": ""S-Recall@k"", ""rho_grid"": [0.0, 0.025, 0.05, 0.1, 0.15, 0.25, 0.5, 1.0], ""run_generation"": false, ""script"": ""evaluate_redundancy.py"", ""seed"": 0, ""seeds"": [0, 1, 2], ""single_subtopic"": false, ""split"": ""validation"", ""timestamp"": ""2026-06-28_094117"", ""top_k"": 5, ""top_m"": 100, ""val_fraction"": 0.2}"
1.0,1,MMR*,MMR(0.7),0.1206,0.5926,0.611,0.8117,0.5449,0.6618,0.5269,0.4906,3.1326,0.0,"{""alpha_grid"": [-0.3, -0.2, -0.1, -0.05, 0.0, 0.05, 0.1, 0.2, 0.3, 0.5, 1.0], ""batch_size"": 64, ""chunk_window"": 60, ""dataset"": ""hotpotqa_fullwiki"", ""device"": ""cuda"", ""dup_noise"": ""light"", ""dup_target"": ""mixed"", ""encode_cache"": true, ""encoder_model"": ""all-MiniLM-L6-v2"", ""experiment"": ""both"", ""gen_max_samples"": 1000, ""gen_methods"": [], ""generator_model"": null, ""git_commit"": ""9372710"", ""lambda_grid"": [0.3, 0.5, 0.7, 0.9], ""max_samples"": null, ""metric"": ""cosine"", ""objective"": ""S-Recall@k"", ""overlap_grid"": [0.0, 0.25, 0.5, 0.75], ""reanalyzed_objective"": ""S-Recall@k"", ""rho_grid"": [0.0, 0.025, 0.05, 0.1, 0.15, 0.25, 0.5, 1.0], ""run_generation"": false, ""script"": ""evaluate_redundancy.py"", ""seed"": 0, ""seeds"": [0, 1, 2], ""single_subtopic"": false, ""split"": ""validation"", ""timestamp"": ""2026-06-28_094117"", ""top_k"": 5, ""top_m"": 100, ""val_fraction"": 0.2}"
1.0,1,RNG*,RNG(-0.1),0.1206,0.5176,0.5526,0.8056,0.599,0.5864,0.4889,0.2703,1.9942,0.0,"{""alpha_grid"": [-0.3, -0.2, -0.1, -0.05, 0.0, 0.05, 0.1, 0.2, 0.3, 0.5, 1.0], ""batch_size"": 64, ""chunk_window"": 60, ""dataset"": ""hotpotqa_fullwiki"", ""device"": ""cuda"", ""dup_noise"": ""light"", ""dup_target"": ""mixed"", ""encode_cache"": true, ""encoder_model"": ""all-MiniLM-L6-v2"", ""experiment"": ""both"", ""gen_max_samples"": 1000, ""gen_methods"": [], ""generator_model"": null, ""git_commit"": ""9372710"", ""lambda_grid"": [0.3, 0.5, 0.7, 0.9], ""max_samples"": null, ""metric"": ""cosine"", ""objective"": ""S-Recall@k"", ""overlap_grid"": [0.0, 0.25, 0.5, 0.75], ""reanalyzed_objective"": ""S-Recall@k"", ""rho_grid"": [0.0, 0.025, 0.05, 0.1, 0.15, 0.25, 0.5, 1.0], ""run_generation"": false, ""script"": ""evaluate_redundancy.py"", ""seed"": 0, ""seeds"": [0, 1, 2], ""single_subtopic"": false, ""split"": ""validation"", ""timestamp"": ""2026-06-28_094117"", ""top_k"": 5, ""top_m"": 100, ""val_fraction"": 0.2}"
1.0,1,Seg*,Seg(-0.1),0.1206,0.5143,0.5508,0.8046,0.5969,0.5825,0.4879,0.2742,2.0099,0.0,"{""alpha_grid"": [-0.3, -0.2, -0.1, -0.05, 0.0, 0.05, 0.1, 0.2, 0.3, 0.5, 1.0], ""batch_size"": 64, ""chunk_window"": 60, ""dataset"": ""hotpotqa_fullwiki"", ""device"": ""cuda"", ""dup_noise"": ""light"", ""dup_target"": ""mixed"", ""encode_cache"": true, ""encoder_model"": ""all-MiniLM-L6-v2"", ""experiment"": ""both"", ""gen_max_samples"": 1000, ""gen_methods"": [], ""generator_model"": null, ""git_commit"": ""9372710"", ""lambda_grid"": [0.3, 0.5, 0.7, 0.9], ""max_samples"": null, ""metric"": ""cosine"", ""objective"": ""S-Recall@k"", ""overlap_grid"": [0.0, 0.25, 0.5, 0.75], ""reanalyzed_objective"": ""S-Recall@k"", ""rho_grid"": [0.0, 0.025, 0.05, 0.1, 0.15, 0.25, 0.5, 1.0], ""run_generation"": false, ""script"": ""evaluate_redundancy.py"", ""seed"": 0, ""seeds"": [0, 1, 2], ""single_subtopic"": false, ""split"": ""validation"", ""timestamp"": ""2026-06-28_094117"", ""top_k"": 5, ""top_m"": 100, ""val_fraction"": 0.2}"
0.0,2,kNN,kNN,0.0001,0.6051,0.6004,0.775,0.6221,0.6385,0.4774,0.5422,3.4449,,"{""alpha_grid"": [-0.3, -0.2, -0.1, -0.05, 0.0, 0.05, 0.1, 0.2, 0.3, 0.5, 1.0], ""batch_size"": 64, ""chunk_window"": 60, ""dataset"": ""hotpotqa_fullwiki"", ""device"": ""cuda"", ""dup_noise"": ""light"", ""dup_target"": ""mixed"", ""encode_cache"": true, ""encoder_model"": ""all-MiniLM-L6-v2"", ""experiment"": ""both"", ""gen_max_samples"": 1000, ""gen_methods"": [], ""generator_model"": null, ""git_commit"": ""9372710"", ""lambda_grid"": [0.3, 0.5, 0.7, 0.9], ""max_samples"": null, ""metric"": ""cosine"", ""objective"": ""S-Recall@k"", ""overlap_grid"": [0.0, 0.25, 0.5, 0.75], ""reanalyzed_objective"": ""S-Recall@k"", ""rho_grid"": [0.0, 0.025, 0.05, 0.1, 0.15, 0.25, 0.5, 1.0], ""run_generation"": false, ""script"": ""evaluate_redundancy.py"", ""seed"": 0, ""seeds"": [0, 1, 2], ""single_subtopic"": false, ""split"": ""validation"", ""timestamp"": ""2026-06-28_094117"", ""top_k"": 5, ""top_m"": 100, ""val_fraction"": 0.2}"
0.0,2,Maxmin,Maxmin,0.0001,0.375,0.4464,0.7163,0.464,0.3983,0.383,0.8233,4.3847,0.0,"{""alpha_grid"": [-0.3, -0.2, -0.1, -0.05, 0.0, 0.05, 0.1, 0.2, 0.3, 0.5, 1.0], ""batch_size"": 64, ""chunk_window"": 60, ""dataset"": ""hotpotqa_fullwiki"", ""device"": ""cuda"", ""dup_noise"": ""light"", ""dup_target"": ""mixed"", ""encode_cache"": true, ""encoder_model"": ""all-MiniLM-L6-v2"", ""experiment"": ""both"", ""gen_max_samples"": 1000, ""gen_methods"": [], ""generator_model"": null, ""git_commit"": ""9372710"", ""lambda_grid"": [0.3, 0.5, 0.7, 0.9], ""max_samples"": null, ""metric"": ""cosine"", ""objective"": ""S-Recall@k"", ""overlap_grid"": [0.0, 0.25, 0.5, 0.75], ""reanalyzed_objective"": ""S-Recall@k"", ""rho_grid"": [0.0, 0.025, 0.05, 0.1, 0.15, 0.25, 0.5, 1.0], ""run_generation"": false, ""script"": ""evaluate_redundancy.py"", ""seed"": 0, ""seeds"": [0, 1, 2], ""single_subtopic"": false, ""split"": ""validation"", ""timestamp"": ""2026-06-28_094117"", ""top_k"": 5, ""top_m"": 100, ""val_fraction"": 0.2}"
0.0,2,Greedy-DPP,Greedy-DPP,0.0001,0.5666,0.5795,0.7712,0.6003,0.5977,0.4663,0.6238,3.8665,0.0,"{""alpha_grid"": [-0.3, -0.2, -0.1, -0.05, 0.0, 0.05, 0.1, 0.2, 0.3, 0.5, 1.0], ""batch_size"": 64, ""chunk_window"": 60, ""dataset"": ""hotpotqa_fullwiki"", ""device"": ""cuda"", ""dup_noise"": ""light"", ""dup_target"": ""mixed"", ""encode_cache"": true, ""encoder_model"": ""all-MiniLM-L6-v2"", ""experiment"": ""both"", ""gen_max_samples"": 1000, ""gen_methods"": [], ""generator_model"": null, ""git_commit"": ""9372710"", ""lambda_grid"": [0.3, 0.5, 0.7, 0.9], ""max_samples"": null, ""metric"": ""cosine"", ""objective"": ""S-Recall@k"", ""overlap_grid"": [0.0, 0.25, 0.5, 0.75], ""reanalyzed_objective"": ""S-Recall@k"", ""rho_grid"": [0.0, 0.025, 0.05, 0.1, 0.15, 0.25, 0.5, 1.0], ""run_generation"": false, ""script"": ""evaluate_redundancy.py"", ""seed"": 0, ""seeds"": [0, 1, 2], ""single_subtopic"": false, ""split"": ""validation"", ""timestamp"": ""2026-06-28_094117"", ""top_k"": 5, ""top_m"": 100, ""val_fraction"": 0.2}"
0.0,2,MMR*,MMR(0.9),0.0001,0.6036,0.6016,0.777,0.623,0.6362,0.4787,0.5614,3.5459,0.1703,"{""alpha_grid"": [-0.3, -0.2, -0.1, -0.05, 0.0, 0.05, 0.1, 0.2, 0.3, 0.5, 1.0], ""batch_size"": 64, ""chunk_window"": 60, ""dataset"": ""hotpotqa_fullwiki"", ""device"": ""cuda"", ""dup_noise"": ""light"", ""dup_target"": ""mixed"", ""encode_cache"": true, ""encoder_model"": ""all-MiniLM-L6-v2"", ""experiment"": ""both"", ""gen_max_samples"": 1000, ""gen_methods"": [], ""generator_model"": null, ""git_commit"": ""9372710"", ""lambda_grid"": [0.3, 0.5, 0.7, 0.9], ""max_samples"": null, ""metric"": ""cosine"", ""objective"": ""S-Recall@k"", ""overlap_grid"": [0.0, 0.25, 0.5, 0.75], ""reanalyzed_objective"": ""S-Recall@k"", ""rho_grid"": [0.0, 0.025, 0.05, 0.1, 0.15, 0.25, 0.5, 1.0], ""run_generation"": false, ""script"": ""evaluate_redundancy.py"", ""seed"": 0, ""seeds"": [0, 1, 2], ""single_subtopic"": false, ""split"": ""validation"", ""timestamp"": ""2026-06-28_094117"", ""top_k"": 5, ""top_m"": 100, ""val_fraction"": 0.2}"
0.0,2,RNG*,RNG(0.3),0.0001,0.6146,0.6085,0.7781,0.63,0.6474,0.4827,0.5712,3.5599,0.0,"{""alpha_grid"": [-0.3, -0.2, -0.1, -0.05, 0.0, 0.05, 0.1, 0.2, 0.3, 0.5, 1.0], ""batch_size"": 64, ""chunk_window"": 60, ""dataset"": ""hotpotqa_fullwiki"", ""device"": ""cuda"", ""dup_noise"": ""light"", ""dup_target"": ""mixed"", ""encode_cache"": true, ""encoder_model"": ""all-MiniLM-L6-v2"", ""experiment"": ""both"", ""gen_max_samples"": 1000, ""gen_methods"": [], ""generator_model"": null, ""git_commit"": ""9372710"", ""lambda_grid"": [0.3, 0.5, 0.7, 0.9], ""max_samples"": null, ""metric"": ""cosine"", ""objective"": ""S-Recall@k"", ""overlap_grid"": [0.0, 0.25, 0.5, 0.75], ""reanalyzed_objective"": ""S-Recall@k"", ""rho_grid"": [0.0, 0.025, 0.05, 0.1, 0.15, 0.25, 0.5, 1.0], ""run_generation"": false, ""script"": ""evaluate_redundancy.py"", ""seed"": 0, ""seeds"": [0, 1, 2], ""single_subtopic"": false, ""split"": ""validation"", ""timestamp"": ""2026-06-28_094117"", ""top_k"": 5, ""top_m"": 100, ""val_fraction"": 0.2}"
0.0,2,Seg*,Seg(0.2),0.0001,0.6155,0.6099,0.779,0.6314,0.648,0.4839,0.5775,3.5877,1e-06,"{""alpha_grid"": [-0.3, -0.2, -0.1, -0.05, 0.0, 0.05, 0.1, 0.2, 0.3, 0.5, 1.0], ""batch_size"": 64, ""chunk_window"": 60, ""dataset"": ""hotpotqa_fullwiki"", ""device"": ""cuda"", ""dup_noise"": ""light"", ""dup_target"": ""mixed"", ""encode_cache"": true, ""encoder_model"": ""all-MiniLM-L6-v2"", ""experiment"": ""both"", ""gen_max_samples"": 1000, ""gen_methods"": [], ""generator_model"": null, ""git_commit"": ""9372710"", ""lambda_grid"": [0.3, 0.5, 0.7, 0.9], ""max_samples"": null, ""metric"": ""cosine"", ""objective"": ""S-Recall@k"", ""overlap_grid"": [0.0, 0.25, 0.5, 0.75], ""reanalyzed_objective"": ""S-Recall@k"", ""rho_grid"": [0.0, 0.025, 0.05, 0.1, 0.15, 0.25, 0.5, 1.0], ""run_generation"": false, ""script"": ""evaluate_redundancy.py"", ""seed"": 0, ""seeds"": [0, 1, 2], ""single_subtopic"": false, ""split"": ""validation"", ""timestamp"": ""2026-06-28_094117"", ""top_k"": 5, ""top_m"": 100, ""val_fraction"": 0.2}"
0.025,2,kNN,kNN,0.0006,0.5941,0.5894,0.7854,0.647,0.6288,0.471,0.4944,2.9495,,"{""alpha_grid"": [-0.3, -0.2, -0.1, -0.05, 0.0, 0.05, 0.1, 0.2, 0.3, 0.5, 1.0], ""batch_size"": 64, ""chunk_window"": 60, ""dataset"": ""hotpotqa_fullwiki"", ""device"": ""cuda"", ""dup_noise"": ""light"", ""dup_target"": ""mixed"", ""encode_cache"": true, ""encoder_model"": ""all-MiniLM-L6-v2"", ""experiment"": ""both"", ""gen_max_samples"": 1000, ""gen_methods"": [], ""generator_model"": null, ""git_commit"": ""9372710"", ""lambda_grid"": [0.3, 0.5, 0.7, 0.9], ""max_samples"": null, ""metric"": ""cosine"", ""objective"": ""S-Recall@k"", ""overlap_grid"": [0.0, 0.25, 0.5, 0.75], ""reanalyzed_objective"": ""S-Recall@k"", ""rho_grid"": [0.0, 0.025, 0.05, 0.1, 0.15, 0.25, 0.5, 1.0], ""run_generation"": false, ""script"": ""evaluate_redundancy.py"", ""seed"": 0, ""seeds"": [0, 1, 2], ""single_subtopic"": false, ""split"": ""validation"", ""timestamp"": ""2026-06-28_094117"", ""top_k"": 5, ""top_m"": 100, ""val_fraction"": 0.2}"
0.025,2,Maxmin,Maxmin,0.0006,0.3825,0.4555,0.731,0.4296,0.4076,0.3921,0.8083,4.192,0.0,"{""alpha_grid"": [-0.3, -0.2, -0.1, -0.05, 0.0, 0.05, 0.1, 0.2, 0.3, 0.5, 1.0], ""batch_size"": 64, ""chunk_window"": 60, ""dataset"": ""hotpotqa_fullwiki"", ""device"": ""cuda"", ""dup_noise"": ""light"", ""dup_target"": ""mixed"", ""encode_cache"": true, ""encoder_model"": ""all-MiniLM-L6-v2"", ""experiment"": ""both"", ""gen_max_samples"": 1000, ""gen_methods"": [], ""generator_model"": null, ""git_commit"": ""9372710"", ""lambda_grid"": [0.3, 0.5, 0.7, 0.9], ""max_samples"": null, ""metric"": ""cosine"", ""objective"": ""S-Recall@k"", ""overlap_grid"": [0.0, 0.25, 0.5, 0.75], ""reanalyzed_objective"": ""S-Recall@k"", ""rho_grid"": [0.0, 0.025, 0.05, 0.1, 0.15, 0.25, 0.5, 1.0], ""run_generation"": false, ""script"": ""evaluate_redundancy.py"", ""seed"": 0, ""seeds"": [0, 1, 2], ""single_subtopic"": false, ""split"": ""validation"", ""timestamp"": ""2026-06-28_094117"", ""top_k"": 5, ""top_m"": 100, ""val_fraction"": 0.2}"
0.025,2,Greedy-DPP,Greedy-DPP,0.0006,0.5724,0.5875,0.7827,0.5227,0.605,0.4746,0.6229,3.8624,0.0,"{""alpha_grid"": [-0.3, -0.2, -0.1, -0.05, 0.0, 0.05, 0.1, 0.2, 0.3, 0.5, 1.0], ""batch_size"": 64, ""chunk_window"": 60, ""dataset"": ""hotpotqa_fullwiki"", ""device"": ""cuda"", ""dup_noise"": ""light"", ""dup_target"": ""mixed"", ""encode_cache"": true, ""encoder_model"": ""all-MiniLM-L6-v2"", ""experiment"": ""both"", ""gen_max_samples"": 1000, ""gen_methods"": [], ""generator_model"": null, ""git_commit"": ""9372710"", ""lambda_grid"": [0.3, 0.5, 0.7, 0.9], ""max_samples"": null, ""metric"": ""cosine"", ""objective"": ""S-Recall@k"", ""overlap_grid"": [0.0, 0.25, 0.5, 0.75], ""reanalyzed_objective"": ""S-Recall@k"", ""rho_grid"": [0.0, 0.025, 0.05, 0.1, 0.15, 0.25, 0.5, 1.0], ""run_generation"": false, ""script"": ""evaluate_redundancy.py"", ""seed"": 0, ""seeds"": [0, 1, 2], ""single_subtopic"": false, ""split"": ""validation"", ""timestamp"": ""2026-06-28_094117"", ""top_k"": 5, ""top_m"": 100, ""val_fraction"": 0.2}"
0.025,2,MMR*,MMR(0.9),0.0006,0.5968,0.5964,0.7881,0.6339,0.6309,0.4774,0.5172,3.0982,0.209199,"{""alpha_grid"": [-0.3, -0.2, -0.1, -0.05, 0.0, 0.05, 0.1, 0.2, 0.3, 0.5, 1.0], ""batch_size"": 64, ""chunk_window"": 60, ""dataset"": ""hotpotqa_fullwiki"", ""device"": ""cuda"", ""dup_noise"": ""light"", ""dup_target"": ""mixed"", ""encode_cache"": true, ""encoder_model"": ""all-MiniLM-L6-v2"", ""experiment"": ""both"", ""gen_max_samples"": 1000, ""gen_methods"": [], ""generator_model"": null, ""git_commit"": ""9372710"", ""lambda_grid"": [0.3, 0.5, 0.7, 0.9], ""max_samples"": null, ""metric"": ""cosine"", ""objective"": ""S-Recall@k"", ""overlap_grid"": [0.0, 0.25, 0.5, 0.75], ""reanalyzed_objective"": ""S-Recall@k"", ""rho_grid"": [0.0, 0.025, 0.05, 0.1, 0.15, 0.25, 0.5, 1.0], ""run_generation"": false, ""script"": ""evaluate_redundancy.py"", ""seed"": 0, ""seeds"": [0, 1, 2], ""single_subtopic"": false, ""split"": ""validation"", ""timestamp"": ""2026-06-28_094117"", ""top_k"": 5, ""top_m"": 100, ""val_fraction"": 0.2}"
0.025,2,RNG*,RNG(0.3),0.0006,0.6038,0.6016,0.7894,0.6419,0.638,0.4808,0.5297,3.0913,0.0,"{""alpha_grid"": [-0.3, -0.2, -0.1, -0.05, 0.0, 0.05, 0.1, 0.2, 0.3, 0.5, 1.0], ""batch_size"": 64, ""chunk_window"": 60, ""dataset"": ""hotpotqa_fullwiki"", ""device"": ""cuda"", ""dup_noise"": ""light"", ""dup_target"": ""mixed"", ""encode_cache"": true, ""encoder_model"": ""all-MiniLM-L6-v2"", ""experiment"": ""both"", ""gen_max_samples"": 1000, ""gen_methods"": [], ""generator_model"": null, ""git_commit"": ""9372710"", ""lambda_grid"": [0.3, 0.5, 0.7, 0.9], ""max_samples"": null, ""metric"": ""cosine"", ""objective"": ""S-Recall@k"", ""overlap_grid"": [0.0, 0.25, 0.5, 0.75], ""reanalyzed_objective"": ""S-Recall@k"", ""rho_grid"": [0.0, 0.025, 0.05, 0.1, 0.15, 0.25, 0.5, 1.0], ""run_generation"": false, ""script"": ""evaluate_redundancy.py"", ""seed"": 0, ""seeds"": [0, 1, 2], ""single_subtopic"": false, ""split"": ""validation"", ""timestamp"": ""2026-06-28_094117"", ""top_k"": 5, ""top_m"": 100, ""val_fraction"": 0.2}"
0.025,2,Seg*,Seg(0.3),0.0006,0.6036,0.6003,0.7894,0.6474,0.6381,0.4795,0.5187,3.0417,0.0,"{""alpha_grid"": [-0.3, -0.2, -0.1, -0.05, 0.0, 0.05, 0.1, 0.2, 0.3, 0.5, 1.0], ""batch_size"": 64, ""chunk_window"": 60, ""dataset"": ""hotpotqa_fullwiki"", ""device"": ""cuda"", ""dup_noise"": ""light"", ""dup_target"": ""mixed"", ""encode_cache"": true, ""encoder_model"": ""all-MiniLM-L6-v2"", ""experiment"": ""both"", ""gen_max_samples"": 1000, ""gen_methods"": [], ""generator_model"": null, ""git_commit"": ""9372710"", ""lambda_grid"": [0.3, 0.5, 0.7, 0.9], ""max_samples"": null, ""metric"": ""cosine"", ""objective"": ""S-Recall@k"", ""overlap_grid"": [0.0, 0.25, 0.5, 0.75], ""reanalyzed_objective"": ""S-Recall@k"", ""rho_grid"": [0.0, 0.025, 0.05, 0.1, 0.15, 0.25, 0.5, 1.0], ""run_generation"": false, ""script"": ""evaluate_redundancy.py"", ""seed"": 0, ""seeds"": [0, 1, 2], ""single_subtopic"": false, ""split"": ""validation"", ""timestamp"": ""2026-06-28_094117"", ""top_k"": 5, ""top_m"": 100, ""val_fraction"": 0.2}"
0.05,2,kNN,kNN,0.0012,0.5957,0.5868,0.7886,0.6224,0.6304,0.4684,0.4591,2.7017,,"{""alpha_grid"": [-0.3, -0.2, -0.1, -0.05, 0.0, 0.05, 0.1, 0.2, 0.3, 0.5, 1.0], ""batch_size"": 64, ""chunk_window"": 60, ""dataset"": ""hotpotqa_fullwiki"", ""device"": ""cuda"", ""dup_noise"": ""light"", ""dup_target"": ""mixed"", ""encode_cache"": true, ""encoder_model"": ""all-MiniLM-L6-v2"", ""experiment"": ""both"", ""gen_max_samples"": 1000, ""gen_methods"": [], ""generator_model"": null, ""git_commit"": ""9372710"", ""lambda_grid"": [0.3, 0.5, 0.7, 0.9], ""max_samples"": null, ""metric"": ""cosine"", ""objective"": ""S-Recall@k"", ""overlap_grid"": [0.0, 0.25, 0.5, 0.75], ""reanalyzed_objective"": ""S-Recall@k"", ""rho_grid"": [0.0, 0.025, 0.05, 0.1, 0.15, 0.25, 0.5, 1.0], ""run_generation"": false, ""script"": ""evaluate_redundancy.py"", ""seed"": 0, ""seeds"": [0, 1, 2], ""single_subtopic"": false, ""split"": ""validation"", ""timestamp"": ""2026-06-28_094117"", ""top_k"": 5, ""top_m"": 100, ""val_fraction"": 0.2}"
0.05,2,Maxmin,Maxmin,0.0012,0.3868,0.4592,0.7353,0.3925,0.4128,0.3954,0.8002,4.1286,0.0,"{""alpha_grid"": [-0.3, -0.2, -0.1, -0.05, 0.0, 0.05, 0.1, 0.2, 0.3, 0.5, 1.0], ""batch_size"": 64, ""chunk_window"": 60, ""dataset"": ""hotpotqa_fullwiki"", ""device"": ""cuda"", ""dup_noise"": ""light"", ""dup_target"": ""mixed"", ""encode_cache"": true, ""encoder_model"": ""all-MiniLM-L6-v2"", ""experiment"": ""both"", ""gen_max_samples"": 1000, ""gen_methods"": [], ""generator_model"": null, ""git_commit"": ""9372710"", ""lambda_grid"": [0.3, 0.5, 0.7, 0.9], ""max_samples"": null, ""metric"": ""cosine"", ""objective"": ""S-Recall@k"", ""overlap_grid"": [0.0, 0.25, 0.5, 0.75], ""reanalyzed_objective"": ""S-Recall@k"", ""rho_grid"": [0.0, 0.025, 0.05, 0.1, 0.15, 0.25, 0.5, 1.0], ""run_generation"": false, ""script"": ""evaluate_redundancy.py"", ""seed"": 0, ""seeds"": [0, 1, 2], ""single_subtopic"": false, ""split"": ""validation"", ""timestamp"": ""2026-06-28_094117"", ""top_k"": 5, ""top_m"": 100, ""val_fraction"": 0.2}"
0.05,2,Greedy-DPP,Greedy-DPP,0.0012,0.5817,0.5948,0.7874,0.476,0.6147,0.4801,0.6224,3.8599,0.0,"{""alpha_grid"": [-0.3, -0.2, -0.1, -0.05, 0.0, 0.05, 0.1, 0.2, 0.3, 0.5, 1.0], ""batch_size"": 64, ""chunk_window"": 60, ""dataset"": ""hotpotqa_fullwiki"", ""device"": ""cuda"", ""dup_noise"": ""light"", ""dup_target"": ""mixed"", ""encode_cache"": true, ""encoder_model"": ""all-MiniLM-L6-v2"", ""experiment"": ""both"", ""gen_max_samples"": 1000, ""gen_methods"": [], ""generator_model"": null, ""git_commit"": ""9372710"", ""lambda_grid"": [0.3, 0.5, 0.7, 0.9], ""max_samples"": null, ""metric"": ""cosine"", ""objective"": ""S-Recall@k"", ""overlap_grid"": [0.0, 0.25, 0.5, 0.75], ""reanalyzed_objective"": ""S-Recall@k"", ""rho_grid"": [0.0, 0.025, 0.05, 0.1, 0.15, 0.25, 0.5, 1.0], ""run_generation"": false, ""script"": ""evaluate_redundancy.py"", ""seed"": 0, ""seeds"": [0, 1, 2], ""single_subtopic"": false, ""split"": ""validation"", ""timestamp"": ""2026-06-28_094117"", ""top_k"": 5, ""top_m"": 100, ""val_fraction"": 0.2}"
0.05,2,MMR*,MMR(0.9),0.0012,0.6017,0.5988,0.7922,0.6015,0.6361,0.4789,0.4901,2.9109,0.00091,"{""alpha_grid"": [-0.3, -0.2, -0.1, -0.05, 0.0, 0.05, 0.1, 0.2, 0.3, 0.5, 1.0], ""batch_size"": 64, ""chunk_window"": 60, ""dataset"": ""hotpotqa_fullwiki"", ""device"": ""cuda"", ""dup_noise"": ""light"", ""dup_target"": ""mixed"", ""encode_cache"": true, ""encoder_model"": ""all-MiniLM-L6-v2"", ""experiment"": ""both"", ""gen_max_samples"": 1000, ""gen_methods"": [], ""generator_model"": null, ""git_commit"": ""9372710"", ""lambda_grid"": [0.3, 0.5, 0.7, 0.9], ""max_samples"": null, ""metric"": ""cosine"", ""objective"": ""S-Recall@k"", ""overlap_grid"": [0.0, 0.25, 0.5, 0.75], ""reanalyzed_objective"": ""S-Recall@k"", ""rho_grid"": [0.0, 0.025, 0.05, 0.1, 0.15, 0.25, 0.5, 1.0], ""run_generation"": false, ""script"": ""evaluate_redundancy.py"", ""seed"": 0, ""seeds"": [0, 1, 2], ""single_subtopic"": false, ""split"": ""validation"", ""timestamp"": ""2026-06-28_094117"", ""top_k"": 5, ""top_m"": 100, ""val_fraction"": 0.2}"
0.05,2,RNG*,RNG(0.2),0.0012,0.6114,0.6065,0.7931,0.599,0.6456,0.4839,0.5319,3.0475,0.0,"{""alpha_grid"": [-0.3, -0.2, -0.1, -0.05, 0.0, 0.05, 0.1, 0.2, 0.3, 0.5, 1.0], ""batch_size"": 64, ""chunk_window"": 60, ""dataset"": ""hotpotqa_fullwiki"", ""device"": ""cuda"", ""dup_noise"": ""light"", ""dup_target"": ""mixed"", ""encode_cache"": true, ""encoder_model"": ""all-MiniLM-L6-v2"", ""experiment"": ""both"", ""gen_max_samples"": 1000, ""gen_methods"": [], ""generator_model"": null, ""git_commit"": ""9372710"", ""lambda_grid"": [0.3, 0.5, 0.7, 0.9], ""max_samples"": null, ""metric"": ""cosine"", ""objective"": ""S-Recall@k"", ""overlap_grid"": [0.0, 0.25, 0.5, 0.75], ""reanalyzed_objective"": ""S-Recall@k"", ""rho_grid"": [0.0, 0.025, 0.05, 0.1, 0.15, 0.25, 0.5, 1.0], ""run_generation"": false, ""script"": ""evaluate_redundancy.py"", ""seed"": 0, ""seeds"": [0, 1, 2], ""single_subtopic"": false, ""split"": ""validation"", ""timestamp"": ""2026-06-28_094117"", ""top_k"": 5, ""top_m"": 100, ""val_fraction"": 0.2}"
0.05,2,Seg*,Seg(0.3),0.0012,0.6101,0.6027,0.7928,0.6213,0.6448,0.4805,0.4903,2.8245,0.0,"{""alpha_grid"": [-0.3, -0.2, -0.1, -0.05, 0.0, 0.05, 0.1, 0.2, 0.3, 0.5, 1.0], ""batch_size"": 64, ""chunk_window"": 60, ""dataset"": ""hotpotqa_fullwiki"", ""device"": ""cuda"", ""dup_noise"": ""light"", ""dup_target"": ""mixed"", ""encode_cache"": true, ""encoder_model"": ""all-MiniLM-L6-v2"", ""experiment"": ""both"", ""gen_max_samples"": 1000, ""gen_methods"": [], ""generator_model"": null, ""git_commit"": ""9372710"", ""lambda_grid"": [0.3, 0.5, 0.7, 0.9], ""max_samples"": null, ""metric"": ""cosine"", ""objective"": ""S-Recall@k"", ""overlap_grid"": [0.0, 0.25, 0.5, 0.75], ""reanalyzed_objective"": ""S-Recall@k"", ""rho_grid"": [0.0, 0.025, 0.05, 0.1, 0.15, 0.25, 0.5, 1.0], ""run_generation"": false, ""script"": ""evaluate_redundancy.py"", ""seed"": 0, ""seeds"": [0, 1, 2], ""single_subtopic"": false, ""split"": ""validation"", ""timestamp"": ""2026-06-28_094117"", ""top_k"": 5, ""top_m"": 100, ""val_fraction"": 0.2}"
0.1,2,kNN,kNN,0.0028,0.5577,0.5623,0.7961,0.6208,0.595,0.4572,0.2952,1.9544,,"{""alpha_grid"": [-0.3, -0.2, -0.1, -0.05, 0.0, 0.05, 0.1, 0.2, 0.3, 0.5, 1.0], ""batch_size"": 64, ""chunk_window"": 60, ""dataset"": ""hotpotqa_fullwiki"", ""device"": ""cuda"", ""dup_noise"": ""light"", ""dup_target"": ""mixed"", ""encode_cache"": true, ""encoder_model"": ""all-MiniLM-L6-v2"", ""experiment"": ""both"", ""gen_max_samples"": 1000, ""gen_methods"": [], ""generator_model"": null, ""git_commit"": ""9372710"", ""lambda_grid"": [0.3, 0.5, 0.7, 0.9], ""max_samples"": null, ""metric"": ""cosine"", ""objective"": ""S-Recall@k"", ""overlap_grid"": [0.0, 0.25, 0.5, 0.75], ""reanalyzed_objective"": ""S-Recall@k"", ""rho_grid"": [0.0, 0.025, 0.05, 0.1, 0.15, 0.25, 0.5, 1.0], ""run_generation"": false, ""script"": ""evaluate_redundancy.py"", ""seed"": 0, ""seeds"": [0, 1, 2], ""single_subtopic"": false, ""split"": ""validation"", ""timestamp"": ""2026-06-28_094117"", ""top_k"": 5, ""top_m"": 100, ""val_fraction"": 0.2}"
0.1,2,Maxmin,Maxmin,0.0028,0.3925,0.466,0.7458,0.3912,0.4207,0.4032,0.7571,3.8833,0.0,"{""alpha_grid"": [-0.3, -0.2, -0.1, -0.05, 0.0, 0.05, 0.1, 0.2, 0.3, 0.5, 1.0], ""batch_size"": 64, ""chunk_window"": 60, ""dataset"": ""hotpotqa_fullwiki"", ""device"": ""cuda"", ""dup_noise"": ""light"", ""dup_target"": ""mixed"", ""encode_cache"": true, ""encoder_model"": ""all-MiniLM-L6-v2"", ""experiment"": ""both"", ""gen_max_samples"": 1000, ""gen_methods"": [], ""generator_model"": null, ""git_commit"": ""9372710"", ""lambda_grid"": [0.3, 0.5, 0.7, 0.9], ""max_samples"": null, ""metric"": ""cosine"", ""objective"": ""S-Recall@k"", ""overlap_grid"": [0.0, 0.25, 0.5, 0.75], ""reanalyzed_objective"": ""S-Recall@k"", ""rho_grid"": [0.0, 0.025, 0.05, 0.1, 0.15, 0.25, 0.5, 1.0], ""run_generation"": false, ""script"": ""evaluate_redundancy.py"", ""seed"": 0, ""seeds"": [0, 1, 2], ""single_subtopic"": false, ""split"": ""validation"", ""timestamp"": ""2026-06-28_094117"", ""top_k"": 5, ""top_m"": 100, ""val_fraction"": 0.2}"
0.1,2,Greedy-DPP,Greedy-DPP,0.0028,0.589,0.6033,0.7954,0.4619,0.6247,0.4892,0.6215,3.8559,0.0,"{""alpha_grid"": [-0.3, -0.2, -0.1, -0.05, 0.0, 0.05, 0.1, 0.2, 0.3, 0.5, 1.0], ""batch_size"": 64, ""chunk_window"": 60, ""dataset"": ""hotpotqa_fullwiki"", ""device"": ""cuda"", ""dup_noise"": ""light"", ""dup_target"": ""mixed"", ""encode_cache"": true, ""encoder_model"": ""all-MiniLM-L6-v2"", ""experiment"": ""both"", ""gen_max_samples"": 1000, ""gen_methods"": [], ""generator_model"": null, ""git_commit"": ""9372710"", ""lambda_grid"": [0.3, 0.5, 0.7, 0.9], ""max_samples"": null, ""metric"": ""cosine"", ""objective"": ""S-Recall@k"", ""overlap_grid"": [0.0, 0.25, 0.5, 0.75], ""reanalyzed_objective"": ""S-Recall@k"", ""rho_grid"": [0.0, 0.025, 0.05, 0.1, 0.15, 0.25, 0.5, 1.0], ""run_generation"": false, ""script"": ""evaluate_redundancy.py"", ""seed"": 0, ""seeds"": [0, 1, 2], ""single_subtopic"": false, ""split"": ""validation"", ""timestamp"": ""2026-06-28_094117"", ""top_k"": 5, ""top_m"": 100, ""val_fraction"": 0.2}"
0.1,2,MMR*,MMR(0.7),0.0028,0.5851,0.5992,0.7973,0.5117,0.6208,0.486,0.537,3.3128,0.0,"{""alpha_grid"": [-0.3, -0.2, -0.1, -0.05, 0.0, 0.05, 0.1, 0.2, 0.3, 0.5, 1.0], ""batch_size"": 64, ""chunk_window"": 60, ""dataset"": ""hotpotqa_fullwiki"", ""device"": ""cuda"", ""dup_noise"": ""light"", ""dup_target"": ""mixed"", ""encode_cache"": true, ""encoder_model"": ""all-MiniLM-L6-v2"", ""experiment"": ""both"", ""gen_max_samples"": 1000, ""gen_methods"": [], ""generator_model"": null, ""git_commit"": ""9372710"", ""lambda_grid"": [0.3, 0.5, 0.7, 0.9], ""max_samples"": null, ""metric"": ""cosine"", ""objective"": ""S-Recall@k"", ""overlap_grid"": [0.0, 0.25, 0.5, 0.75], ""reanalyzed_objective"": ""S-Recall@k"", ""rho_grid"": [0.0, 0.025, 0.05, 0.1, 0.15, 0.25, 0.5, 1.0], ""run_generation"": false, ""script"": ""evaluate_redundancy.py"", ""seed"": 0, ""seeds"": [0, 1, 2], ""single_subtopic"": false, ""split"": ""validation"", ""timestamp"": ""2026-06-28_094117"", ""top_k"": 5, ""top_m"": 100, ""val_fraction"": 0.2}"
0.1,2,RNG*,RNG(0.2),0.0028,0.5954,0.5969,0.8009,0.6049,0.632,0.4814,0.4535,2.5817,0.0,"{""alpha_grid"": [-0.3, -0.2, -0.1, -0.05, 0.0, 0.05, 0.1, 0.2, 0.3, 0.5, 1.0], ""batch_size"": 64, ""chunk_window"": 60, ""dataset"": ""hotpotqa_fullwiki"", ""device"": ""cuda"", ""dup_noise"": ""light"", ""dup_target"": ""mixed"", ""encode_cache"": true, ""encoder_model"": ""all-MiniLM-L6-v2"", ""experiment"": ""both"", ""gen_max_samples"": 1000, ""gen_methods"": [], ""generator_model"": null, ""git_commit"": ""9372710"", ""lambda_grid"": [0.3, 0.5, 0.7, 0.9], ""max_samples"": null, ""metric"": ""cosine"", ""objective"": ""S-Recall@k"", ""overlap_grid"": [0.0, 0.25, 0.5, 0.75], ""reanalyzed_objective"": ""S-Recall@k"", ""rho_grid"": [0.0, 0.025, 0.05, 0.1, 0.15, 0.25, 0.5, 1.0], ""run_generation"": false, ""script"": ""evaluate_redundancy.py"", ""seed"": 0, ""seeds"": [0, 1, 2], ""single_subtopic"": false, ""split"": ""validation"", ""timestamp"": ""2026-06-28_094117"", ""top_k"": 5, ""top_m"": 100, ""val_fraction"": 0.2}"
0.1,2,Seg*,Seg(0.2),0.0028,0.5912,0.5925,0.8011,0.6199,0.6283,0.4783,0.3997,2.3297,0.0,"{""alpha_grid"": [-0.3, -0.2, -0.1, -0.05, 0.0, 0.05, 0.1, 0.2, 0.3, 0.5, 1.0], ""batch_size"": 64, ""chunk_window"": 60, ""dataset"": ""hotpotqa_fullwiki"", ""device"": ""cuda"", ""dup_noise"": ""light"", ""dup_target"": ""mixed"", ""encode_cache"": true, ""encoder_model"": ""all-MiniLM-L6-v2"", ""experiment"": ""both"", ""gen_max_samples"": 1000, ""gen_methods"": [], ""generator_model"": null, ""git_commit"": ""9372710"", ""lambda_grid"": [0.3, 0.5, 0.7, 0.9], ""max_samples"": null, ""metric"": ""cosine"", ""objective"": ""S-Recall@k"", ""overlap_grid"": [0.0, 0.25, 0.5, 0.75], ""reanalyzed_objective"": ""S-Recall@k"", ""rho_grid"": [0.0, 0.025, 0.05, 0.1, 0.15, 0.25, 0.5, 1.0], ""run_generation"": false, ""script"": ""evaluate_redundancy.py"", ""seed"": 0, ""seeds"": [0, 1, 2], ""single_subtopic"": false, ""split"": ""validation"", ""timestamp"": ""2026-06-28_094117"", ""top_k"": 5, ""top_m"": 100, ""val_fraction"": 0.2}"
0.15,2,kNN,kNN,0.005,0.5002,0.5335,0.7989,0.6069,0.539,0.4461,0.1727,1.6059,,"{""alpha_grid"": [-0.3, -0.2, -0.1, -0.05, 0.0, 0.05, 0.1, 0.2, 0.3, 0.5, 1.0], ""batch_size"": 64, ""chunk_window"": 60, ""dataset"": ""hotpotqa_fullwiki"", ""device"": ""cuda"", ""dup_noise"": ""light"", ""dup_target"": ""mixed"", ""encode_cache"": true, ""encoder_model"": ""all-MiniLM-L6-v2"", ""experiment"": ""both"", ""gen_max_samples"": 1000, ""gen_methods"": [], ""generator_model"": null, ""git_commit"": ""9372710"", ""lambda_grid"": [0.3, 0.5, 0.7, 0.9], ""max_samples"": null, ""metric"": ""cosine"", ""objective"": ""S-Recall@k"", ""overlap_grid"": [0.0, 0.25, 0.5, 0.75], ""reanalyzed_objective"": ""S-Recall@k"", ""rho_grid"": [0.0, 0.025, 0.05, 0.1, 0.15, 0.25, 0.5, 1.0], ""run_generation"": false, ""script"": ""evaluate_redundancy.py"", ""seed"": 0, ""seeds"": [0, 1, 2], ""single_subtopic"": false, ""split"": ""validation"", ""timestamp"": ""2026-06-28_094117"", ""top_k"": 5, ""top_m"": 100, ""val_fraction"": 0.2}"
0.15,2,Maxmin,Maxmin,0.005,0.3969,0.4703,0.7515,0.3972,0.4268,0.408,0.7404,3.7923,0.0,"{""alpha_grid"": [-0.3, -0.2, -0.1, -0.05, 0.0, 0.05, 0.1, 0.2, 0.3, 0.5, 1.0], ""batch_size"": 64, ""chunk_window"": 60, ""dataset"": ""hotpotqa_fullwiki"", ""device"": ""cuda"", ""dup_noise"": ""light"", ""dup_target"": ""mixed"", ""encode_cache"": true, ""encoder_model"": ""all-MiniLM-L6-v2"", ""experiment"": ""both"", ""gen_max_samples"": 1000, ""gen_methods"": [], ""generator_model"": null, ""git_commit"": ""9372710"", ""lambda_grid"": [0.3, 0.5, 0.7, 0.9], ""max_samples"": null, ""metric"": ""cosine"", ""objective"": ""S-Recall@k"", ""overlap_grid"": [0.0, 0.25, 0.5, 0.75], ""reanalyzed_objective"": ""S-Recall@k"", ""rho_grid"": [0.0, 0.025, 0.05, 0.1, 0.15, 0.25, 0.5, 1.0], ""run_generation"": false, ""script"": ""evaluate_redundancy.py"", ""seed"": 0, ""seeds"": [0, 1, 2], ""single_subtopic"": false, ""split"": ""validation"", ""timestamp"": ""2026-06-28_094117"", ""top_k"": 5, ""top_m"": 100, ""val_fraction"": 0.2}"
0.15,2,Greedy-DPP,Greedy-DPP,0.005,0.5936,0.6077,0.7995,0.4655,0.6307,0.494,0.6211,3.8538,0.0,"{""alpha_grid"": [-0.3, -0.2, -0.1, -0.05, 0.0, 0.05, 0.1, 0.2, 0.3, 0.5, 1.0], ""batch_size"": 64, ""chunk_window"": 60, ""dataset"": ""hotpotqa_fullwiki"", ""device"": ""cuda"", ""dup_noise"": ""light"", ""dup_target"": ""mixed"", ""encode_cache"": true, ""encoder_model"": ""all-MiniLM-L6-v2"", ""experiment"": ""both"", ""gen_max_samples"": 1000, ""gen_methods"": [], ""generator_model"": null, ""git_commit"": ""9372710"", ""lambda_grid"": [0.3, 0.5, 0.7, 0.9], ""max_samples"": null, ""metric"": ""cosine"", ""objective"": ""S-Recall@k"", ""overlap_grid"": [0.0, 0.25, 0.5, 0.75], ""reanalyzed_objective"": ""S-Recall@k"", ""rho_grid"": [0.0, 0.025, 0.05, 0.1, 0.15, 0.25, 0.5, 1.0], ""run_generation"": false, ""script"": ""evaluate_redundancy.py"", ""seed"": 0, ""seeds"": [0, 1, 2], ""single_subtopic"": false, ""split"": ""validation"", ""timestamp"": ""2026-06-28_094117"", ""top_k"": 5, ""top_m"": 100, ""val_fraction"": 0.2}"
0.15,2,MMR*,MMR(0.7),0.005,0.5852,0.6015,0.8016,0.5164,0.623,0.4902,0.515,3.2449,0.0,"{""alpha_grid"": [-0.3, -0.2, -0.1, -0.05, 0.0, 0.05, 0.1, 0.2, 0.3, 0.5, 1.0], ""batch_size"": 64, ""chunk_window"": 60, ""dataset"": ""hotpotqa_fullwiki"", ""device"": ""cuda"", ""dup_noise"": ""light"", ""dup_target"": ""mixed"", ""encode_cache"": true, ""encoder_model"": ""all-MiniLM-L6-v2"", ""experiment"": ""both"", ""gen_max_samples"": 1000, ""gen_methods"": [], ""generator_model"": null, ""git_commit"": ""9372710"", ""lambda_grid"": [0.3, 0.5, 0.7, 0.9], ""max_samples"": null, ""metric"": ""cosine"", ""objective"": ""S-Recall@k"", ""overlap_grid"": [0.0, 0.25, 0.5, 0.75], ""reanalyzed_objective"": ""S-Recall@k"", ""rho_grid"": [0.0, 0.025, 0.05, 0.1, 0.15, 0.25, 0.5, 1.0], ""run_generation"": false, ""script"": ""evaluate_redundancy.py"", ""seed"": 0, ""seeds"": [0, 1, 2], ""single_subtopic"": false, ""split"": ""validation"", ""timestamp"": ""2026-06-28_094117"", ""top_k"": 5, ""top_m"": 100, ""val_fraction"": 0.2}"
0.15,2,RNG*,RNG(0.2),0.005,0.5804,0.5887,0.8046,0.6111,0.6191,0.4792,0.401,2.3689,0.0,"{""alpha_grid"": [-0.3, -0.2, -0.1, -0.05, 0.0, 0.05, 0.1, 0.2, 0.3, 0.5, 1.0], ""batch_size"": 64, ""chunk_window"": 60, ""dataset"": ""hotpotqa_fullwiki"", ""device"": ""cuda"", ""dup_noise"": ""light"", ""dup_target"": ""mixed"", ""encode_cache"": true, ""encoder_model"": ""all-MiniLM-L6-v2"", ""experiment"": ""both"", ""gen_max_samples"": 1000, ""gen_methods"": [], ""generator_model"": null, ""git_commit"": ""9372710"", ""lambda_grid"": [0.3, 0.5, 0.7, 0.9], ""max_samples"": null, ""metric"": ""cosine"", ""objective"": ""S-Recall@k"", ""overlap_grid"": [0.0, 0.25, 0.5, 0.75], ""reanalyzed_objective"": ""S-Recall@k"", ""rho_grid"": [0.0, 0.025, 0.05, 0.1, 0.15, 0.25, 0.5, 1.0], ""run_generation"": false, ""script"": ""evaluate_redundancy.py"", ""seed"": 0, ""seeds"": [0, 1, 2], ""single_subtopic"": false, ""split"": ""validation"", ""timestamp"": ""2026-06-28_094117"", ""top_k"": 5, ""top_m"": 100, ""val_fraction"": 0.2}"
0.15,2,Seg*,Seg(0.1),0.005,0.5706,0.5833,0.8027,0.5955,0.6088,0.4762,0.4136,2.47,0.0,"{""alpha_grid"": [-0.3, -0.2, -0.1, -0.05, 0.0, 0.05, 0.1, 0.2, 0.3, 0.5, 1.0], ""batch_size"": 64, ""chunk_window"": 60, ""dataset"": ""hotpotqa_fullwiki"", ""device"": ""cuda"", ""dup_noise"": ""light"", ""dup_target"": ""mixed"", ""encode_cache"": true, ""encoder_model"": ""all-MiniLM-L6-v2"", ""experiment"": ""both"", ""gen_max_samples"": 1000, ""gen_methods"": [], ""generator_model"": null, ""git_commit"": ""9372710"", ""lambda_grid"": [0.3, 0.5, 0.7, 0.9], ""max_samples"": null, ""metric"": ""cosine"", ""objective"": ""S-Recall@k"", ""overlap_grid"": [0.0, 0.25, 0.5, 0.75], ""reanalyzed_objective"": ""S-Recall@k"", ""rho_grid"": [0.0, 0.025, 0.05, 0.1, 0.15, 0.25, 0.5, 1.0], ""run_generation"": false, ""script"": ""evaluate_redundancy.py"", ""seed"": 0, ""seeds"": [0, 1, 2], ""single_subtopic"": false, ""split"": ""validation"", ""timestamp"": ""2026-06-28_094117"", ""top_k"": 5, ""top_m"": 100, ""val_fraction"": 0.2}"
0.25,2,kNN,kNN,0.011,0.4642,0.5163,0.8017,0.5993,0.5057,0.4415,0.126,1.4673,,"{""alpha_grid"": [-0.3, -0.2, -0.1, -0.05, 0.0, 0.05, 0.1, 0.2, 0.3, 0.5, 1.0], ""batch_size"": 64, ""chunk_window"": 60, ""dataset"": ""hotpotqa_fullwiki"", ""device"": ""cuda"", ""dup_noise"": ""light"", ""dup_target"": ""mixed"", ""encode_cache"": true, ""encoder_model"": ""all-MiniLM-L6-v2"", ""experiment"": ""both"", ""gen_max_samples"": 1000, ""gen_methods"": [], ""generator_model"": null, ""git_commit"": ""9372710"", ""lambda_grid"": [0.3, 0.5, 0.7, 0.9], ""max_samples"": null, ""metric"": ""cosine"", ""objective"": ""S-Recall@k"", ""overlap_grid"": [0.0, 0.25, 0.5, 0.75], ""reanalyzed_objective"": ""S-Recall@k"", ""rho_grid"": [0.0, 0.025, 0.05, 0.1, 0.15, 0.25, 0.5, 1.0], ""run_generation"": false, ""script"": ""evaluate_redundancy.py"", ""seed"": 0, ""seeds"": [0, 1, 2], ""single_subtopic"": false, ""split"": ""validation"", ""timestamp"": ""2026-06-28_094117"", ""top_k"": 5, ""top_m"": 100, ""val_fraction"": 0.2}"
0.25,2,Maxmin,Maxmin,0.011,0.4012,0.4744,0.756,0.4031,0.4336,0.4134,0.7231,3.6901,0.0,"{""alpha_grid"": [-0.3, -0.2, -0.1, -0.05, 0.0, 0.05, 0.1, 0.2, 0.3, 0.5, 1.0], ""batch_size"": 64, ""chunk_window"": 60, ""dataset"": ""hotpotqa_fullwiki"", ""device"": ""cuda"", ""dup_noise"": ""light"", ""dup_target"": ""mixed"", ""encode_cache"": true, ""encoder_model"": ""all-MiniLM-L6-v2"", ""experiment"": ""both"", ""gen_max_samples"": 1000, ""gen_methods"": [], ""generator_model"": null, ""git_commit"": ""9372710"", ""lambda_grid"": [0.3, 0.5, 0.7, 0.9], ""max_samples"": null, ""metric"": ""cosine"", ""objective"": ""S-Recall@k"", ""overlap_grid"": [0.0, 0.25, 0.5, 0.75], ""reanalyzed_objective"": ""S-Recall@k"", ""rho_grid"": [0.0, 0.025, 0.05, 0.1, 0.15, 0.25, 0.5, 1.0], ""run_generation"": false, ""script"": ""evaluate_redundancy.py"", ""seed"": 0, ""seeds"": [0, 1, 2], ""single_subtopic"": false, ""split"": ""validation"", ""timestamp"": ""2026-06-28_094117"", ""top_k"": 5, ""top_m"": 100, ""val_fraction"": 0.2}"
0.25,2,Greedy-DPP,Greedy-DPP,0.011,0.5974,0.6115,0.8029,0.4694,0.6373,0.4994,0.6206,3.8514,0.0,"{""alpha_grid"": [-0.3, -0.2, -0.1, -0.05, 0.0, 0.05, 0.1, 0.2, 0.3, 0.5, 1.0], ""batch_size"": 64, ""chunk_window"": 60, ""dataset"": ""hotpotqa_fullwiki"", ""device"": ""cuda"", ""dup_noise"": ""light"", ""dup_target"": ""mixed"", ""encode_cache"": true, ""encoder_model"": ""all-MiniLM-L6-v2"", ""experiment"": ""both"", ""gen_max_samples"": 1000, ""gen_methods"": [], ""generator_model"": null, ""git_commit"": ""9372710"", ""lambda_grid"": [0.3, 0.5, 0.7, 0.9], ""max_samples"": null, ""metric"": ""cosine"", ""objective"": ""S-Recall@k"", ""overlap_grid"": [0.0, 0.25, 0.5, 0.75], ""reanalyzed_objective"": ""S-Recall@k"", ""rho_grid"": [0.0, 0.025, 0.05, 0.1, 0.15, 0.25, 0.5, 1.0], ""run_generation"": false, ""script"": ""evaluate_redundancy.py"", ""seed"": 0, ""seeds"": [0, 1, 2], ""single_subtopic"": false, ""split"": ""validation"", ""timestamp"": ""2026-06-28_094117"", ""top_k"": 5, ""top_m"": 100, ""val_fraction"": 0.2}"
0.25,2,MMR*,MMR(0.7),0.011,0.5879,0.6043,0.805,0.5223,0.6285,0.4949,0.5067,3.2068,0.0,"{""alpha_grid"": [-0.3, -0.2, -0.1, -0.05, 0.0, 0.05, 0.1, 0.2, 0.3, 0.5, 1.0], ""batch_size"": 64, ""chunk_window"": 60, ""dataset"": ""hotpotqa_fullwiki"", ""device"": ""cuda"", ""dup_noise"": ""light"", ""dup_target"": ""mixed"", ""encode_cache"": true, ""encoder_model"": ""all-MiniLM-L6-v2"", ""experiment"": ""both"", ""gen_max_samples"": 1000, ""gen_methods"": [], ""generator_model"": null, ""git_commit"": ""9372710"", ""lambda_grid"": [0.3, 0.5, 0.7, 0.9], ""max_samples"": null, ""metric"": ""cosine"", ""objective"": ""S-Recall@k"", ""overlap_grid"": [0.0, 0.25, 0.5, 0.75], ""reanalyzed_objective"": ""S-Recall@k"", ""rho_grid"": [0.0, 0.025, 0.05, 0.1, 0.15, 0.25, 0.5, 1.0], ""run_generation"": false, ""script"": ""evaluate_redundancy.py"", ""seed"": 0, ""seeds"": [0, 1, 2], ""single_subtopic"": false, ""split"": ""validation"", ""timestamp"": ""2026-06-28_094117"", ""top_k"": 5, ""top_m"": 100, ""val_fraction"": 0.2}"
0.25,2,RNG*,RNG(0.1),0.011,0.5602,0.5786,0.8052,0.5887,0.6007,0.477,0.4128,2.4947,0.0,"{""alpha_grid"": [-0.3, -0.2, -0.1, -0.05, 0.0, 0.05, 0.1, 0.2, 0.3, 0.5, 1.0], ""batch_size"": 64, ""chunk_window"": 60, ""dataset"": ""hotpotqa_fullwiki"", ""device"": ""cuda"", ""dup_noise"": ""light"", ""dup_target"": ""mixed"", ""encode_cache"": true, ""encoder_model"": ""all-MiniLM-L6-v2"", ""experiment"": ""both"", ""gen_max_samples"": 1000, ""gen_methods"": [], ""generator_model"": null, ""git_commit"": ""9372710"", ""lambda_grid"": [0.3, 0.5, 0.7, 0.9], ""max_samples"": null, ""metric"": ""cosine"", ""objective"": ""S-Recall@k"", ""overlap_grid"": [0.0, 0.25, 0.5, 0.75], ""reanalyzed_objective"": ""S-Recall@k"", ""rho_grid"": [0.0, 0.025, 0.05, 0.1, 0.15, 0.25, 0.5, 1.0], ""run_generation"": false, ""script"": ""evaluate_redundancy.py"", ""seed"": 0, ""seeds"": [0, 1, 2], ""single_subtopic"": false, ""split"": ""validation"", ""timestamp"": ""2026-06-28_094117"", ""top_k"": 5, ""top_m"": 100, ""val_fraction"": 0.2}"
0.25,2,Seg*,Seg(0.1),0.011,0.5506,0.5726,0.8051,0.6,0.5912,0.4736,0.3671,2.2714,0.0,"{""alpha_grid"": [-0.3, -0.2, -0.1, -0.05, 0.0, 0.05, 0.1, 0.2, 0.3, 0.5, 1.0], ""batch_size"": 64, ""chunk_window"": 60, ""dataset"": ""hotpotqa_fullwiki"", ""device"": ""cuda"", ""dup_noise"": ""light"", ""dup_target"": ""mixed"", ""encode_cache"": true, ""encoder_model"": ""all-MiniLM-L6-v2"", ""experiment"": ""both"", ""gen_max_samples"": 1000, ""gen_methods"": [], ""generator_model"": null, ""git_commit"": ""9372710"", ""lambda_grid"": [0.3, 0.5, 0.7, 0.9], ""max_samples"": null, ""metric"": ""cosine"", ""objective"": ""S-Recall@k"", ""overlap_grid"": [0.0, 0.25, 0.5, 0.75], ""reanalyzed_objective"": ""S-Recall@k"", ""rho_grid"": [0.0, 0.025, 0.05, 0.1, 0.15, 0.25, 0.5, 1.0], ""run_generation"": false, ""script"": ""evaluate_redundancy.py"", ""seed"": 0, ""seeds"": [0, 1, 2], ""single_subtopic"": false, ""split"": ""validation"", ""timestamp"": ""2026-06-28_094117"", ""top_k"": 5, ""top_m"": 100, ""val_fraction"": 0.2}"
0.5,2,kNN,kNN,0.0356,0.4521,0.5101,0.8022,0.6004,0.5012,0.446,0.1054,1.3794,,"{""alpha_grid"": [-0.3, -0.2, -0.1, -0.05, 0.0, 0.05, 0.1, 0.2, 0.3, 0.5, 1.0], ""batch_size"": 64, ""chunk_window"": 60, ""dataset"": ""hotpotqa_fullwiki"", ""device"": ""cuda"", ""dup_noise"": ""light"", ""dup_target"": ""mixed"", ""encode_cache"": true, ""encoder_model"": ""all-MiniLM-L6-v2"", ""experiment"": ""both"", ""gen_max_samples"": 1000, ""gen_methods"": [], ""generator_model"": null, ""git_commit"": ""9372710"", ""lambda_grid"": [0.3, 0.5, 0.7, 0.9], ""max_samples"": null, ""metric"": ""cosine"", ""objective"": ""S-Recall@k"", ""overlap_grid"": [0.0, 0.25, 0.5, 0.75], ""reanalyzed_objective"": ""S-Recall@k"", ""rho_grid"": [0.0, 0.025, 0.05, 0.1, 0.15, 0.25, 0.5, 1.0], ""run_generation"": false, ""script"": ""evaluate_redundancy.py"", ""seed"": 0, ""seeds"": [0, 1, 2], ""single_subtopic"": false, ""split"": ""validation"", ""timestamp"": ""2026-06-28_094117"", ""top_k"": 5, ""top_m"": 100, ""val_fraction"": 0.2}"
0.5,2,Maxmin,Maxmin,0.0356,0.4154,0.4854,0.7653,0.4191,0.4563,0.4284,0.6864,3.4719,0.0,"{""alpha_grid"": [-0.3, -0.2, -0.1, -0.05, 0.0, 0.05, 0.1, 0.2, 0.3, 0.5, 1.0], ""batch_size"": 64, ""chunk_window"": 60, ""dataset"": ""hotpotqa_fullwiki"", ""device"": ""cuda"", ""dup_noise"": ""light"", ""dup_target"": ""mixed"", ""encode_cache"": true, ""encoder_model"": ""all-MiniLM-L6-v2"", ""experiment"": ""both"", ""gen_max_samples"": 1000, ""gen_methods"": [], ""generator_model"": null, ""git_commit"": ""9372710"", ""lambda_grid"": [0.3, 0.5, 0.7, 0.9], ""max_samples"": null, ""metric"": ""cosine"", ""objective"": ""S-Recall@k"", ""overlap_grid"": [0.0, 0.25, 0.5, 0.75], ""reanalyzed_objective"": ""S-Recall@k"", ""rho_grid"": [0.0, 0.025, 0.05, 0.1, 0.15, 0.25, 0.5, 1.0], ""run_generation"": false, ""script"": ""evaluate_redundancy.py"", ""seed"": 0, ""seeds"": [0, 1, 2], ""single_subtopic"": false, ""split"": ""validation"", ""timestamp"": ""2026-06-28_094117"", ""top_k"": 5, ""top_m"": 100, ""val_fraction"": 0.2}"
0.5,2,Greedy-DPP,Greedy-DPP,0.0356,0.5998,0.6151,0.807,0.4753,0.6476,0.5102,0.6199,3.8489,0.0,"{""alpha_grid"": [-0.3, -0.2, -0.1, -0.05, 0.0, 0.05, 0.1, 0.2, 0.3, 0.5, 1.0], ""batch_size"": 64, ""chunk_window"": 60, ""dataset"": ""hotpotqa_fullwiki"", ""device"": ""cuda"", ""dup_noise"": ""light"", ""dup_target"": ""mixed"", ""encode_cache"": true, ""encoder_model"": ""all-MiniLM-L6-v2"", ""experiment"": ""both"", ""gen_max_samples"": 1000, ""gen_methods"": [], ""generator_model"": null, ""git_commit"": ""9372710"", ""lambda_grid"": [0.3, 0.5, 0.7, 0.9], ""max_samples"": null, ""metric"": ""cosine"", ""objective"": ""S-Recall@k"", ""overlap_grid"": [0.0, 0.25, 0.5, 0.75], ""reanalyzed_objective"": ""S-Recall@k"", ""rho_grid"": [0.0, 0.025, 0.05, 0.1, 0.15, 0.25, 0.5, 1.0], ""run_generation"": false, ""script"": ""evaluate_redundancy.py"", ""seed"": 0, ""seeds"": [0, 1, 2], ""single_subtopic"": false, ""split"": ""validation"", ""timestamp"": ""2026-06-28_094117"", ""top_k"": 5, ""top_m"": 100, ""val_fraction"": 0.2}"
0.5,2,MMR*,MMR(0.7),0.0356,0.5893,0.6074,0.8085,0.5304,0.6377,0.5053,0.4983,3.1694,0.0,"{""alpha_grid"": [-0.3, -0.2, -0.1, -0.05, 0.0, 0.05, 0.1, 0.2, 0.3, 0.5, 1.0], ""batch_size"": 64, ""chunk_window"": 60, ""dataset"": ""hotpotqa_fullwiki"", ""device"": ""cuda"", ""dup_noise"": ""light"", ""dup_target"": ""mixed"", ""encode_cache"": true, ""encoder_model"": ""all-MiniLM-L6-v2"", ""experiment"": ""both"", ""gen_max_samples"": 1000, ""gen_methods"": [], ""generator_model"": null, ""git_commit"": ""9372710"", ""lambda_grid"": [0.3, 0.5, 0.7, 0.9], ""max_samples"": null, ""metric"": ""cosine"", ""objective"": ""S-Recall@k"", ""overlap_grid"": [0.0, 0.25, 0.5, 0.75], ""reanalyzed_objective"": ""S-Recall@k"", ""rho_grid"": [0.0, 0.025, 0.05, 0.1, 0.15, 0.25, 0.5, 1.0], ""run_generation"": false, ""script"": ""evaluate_redundancy.py"", ""seed"": 0, ""seeds"": [0, 1, 2], ""single_subtopic"": false, ""split"": ""validation"", ""timestamp"": ""2026-06-28_094117"", ""top_k"": 5, ""top_m"": 100, ""val_fraction"": 0.2}"
0.5,2,RNG*,RNG(-0.1),0.0356,0.5349,0.5631,0.8052,0.5829,0.5837,0.4762,0.3209,2.2203,0.0,"{""alpha_grid"": [-0.3, -0.2, -0.1, -0.05, 0.0, 0.05, 0.1, 0.2, 0.3, 0.5, 1.0], ""batch_size"": 64, ""chunk_window"": 60, ""dataset"": ""hotpotqa_fullwiki"", ""device"": ""cuda"", ""dup_noise"": ""light"", ""dup_target"": ""mixed"", ""encode_cache"": true, ""encoder_model"": ""all-MiniLM-L6-v2"", ""experiment"": ""both"", ""gen_max_samples"": 1000, ""gen_methods"": [], ""generator_model"": null, ""git_commit"": ""9372710"", ""lambda_grid"": [0.3, 0.5, 0.7, 0.9], ""max_samples"": null, ""metric"": ""cosine"", ""objective"": ""S-Recall@k"", ""overlap_grid"": [0.0, 0.25, 0.5, 0.75], ""reanalyzed_objective"": ""S-Recall@k"", ""rho_grid"": [0.0, 0.025, 0.05, 0.1, 0.15, 0.25, 0.5, 1.0], ""run_generation"": false, ""script"": ""evaluate_redundancy.py"", ""seed"": 0, ""seeds"": [0, 1, 2], ""single_subtopic"": false, ""split"": ""validation"", ""timestamp"": ""2026-06-28_094117"", ""top_k"": 5, ""top_m"": 100, ""val_fraction"": 0.2}"
0.5,2,Seg*,Seg(-0.1),0.0356,0.532,0.5614,0.8044,0.5808,0.5804,0.4752,0.3267,2.2439,0.0,"{""alpha_grid"": [-0.3, -0.2, -0.1, -0.05, 0.0, 0.05, 0.1, 0.2, 0.3, 0.5, 1.0], ""batch_size"": 64, ""chunk_window"": 60, ""dataset"": ""hotpotqa_fullwiki"", ""device"": ""cuda"", ""dup_noise"": ""light"", ""dup_target"": ""mixed"", ""encode_cache"": true, ""encoder_model"": ""all-MiniLM-L6-v2"", ""experiment"": ""both"", ""gen_max_samples"": 1000, ""gen_methods"": [], ""generator_model"": null, ""git_commit"": ""9372710"", ""lambda_grid"": [0.3, 0.5, 0.7, 0.9], ""max_samples"": null, ""metric"": ""cosine"", ""objective"": ""S-Recall@k"", ""overlap_grid"": [0.0, 0.25, 0.5, 0.75], ""reanalyzed_objective"": ""S-Recall@k"", ""rho_grid"": [0.0, 0.025, 0.05, 0.1, 0.15, 0.25, 0.5, 1.0], ""run_generation"": false, ""script"": ""evaluate_redundancy.py"", ""seed"": 0, ""seeds"": [0, 1, 2], ""single_subtopic"": false, ""split"": ""validation"", ""timestamp"": ""2026-06-28_094117"", ""top_k"": 5, ""top_m"": 100, ""val_fraction"": 0.2}"
1.0,2,kNN,kNN,0.1205,0.4433,0.5036,0.7962,0.605,0.5108,0.4589,0.094,1.3189,,"{""alpha_grid"": [-0.3, -0.2, -0.1, -0.05, 0.0, 0.05, 0.1, 0.2, 0.3, 0.5, 1.0], ""batch_size"": 64, ""chunk_window"": 60, ""dataset"": ""hotpotqa_fullwiki"", ""device"": ""cuda"", ""dup_noise"": ""light"", ""dup_target"": ""mixed"", ""encode_cache"": true, ""encoder_model"": ""all-MiniLM-L6-v2"", ""experiment"": ""both"", ""gen_max_samples"": 1000, ""gen_methods"": [], ""generator_model"": null, ""git_commit"": ""9372710"", ""lambda_grid"": [0.3, 0.5, 0.7, 0.9], ""max_samples"": null, ""metric"": ""cosine"", ""objective"": ""S-Recall@k"", ""overlap_grid"": [0.0, 0.25, 0.5, 0.75], ""reanalyzed_objective"": ""S-Recall@k"", ""rho_grid"": [0.0, 0.025, 0.05, 0.1, 0.15, 0.25, 0.5, 1.0], ""run_generation"": false, ""script"": ""evaluate_redundancy.py"", ""seed"": 0, ""seeds"": [0, 1, 2], ""single_subtopic"": false, ""split"": ""validation"", ""timestamp"": ""2026-06-28_094117"", ""top_k"": 5, ""top_m"": 100, ""val_fraction"": 0.2}"
1.0,2,Maxmin,Maxmin,0.1205,0.4344,0.4985,0.7718,0.445,0.4927,0.4529,0.6276,3.1387,0.0,"{""alpha_grid"": [-0.3, -0.2, -0.1, -0.05, 0.0, 0.05, 0.1, 0.2, 0.3, 0.5, 1.0], ""batch_size"": 64, ""chunk_window"": 60, ""dataset"": ""hotpotqa_fullwiki"", ""device"": ""cuda"", ""dup_noise"": ""light"", ""dup_target"": ""mixed"", ""encode_cache"": true, ""encoder_model"": ""all-MiniLM-L6-v2"", ""experiment"": ""both"", ""gen_max_samples"": 1000, ""gen_methods"": [], ""generator_model"": null, ""git_commit"": ""9372710"", ""lambda_grid"": [0.3, 0.5, 0.7, 0.9], ""max_samples"": null, ""metric"": ""cosine"", ""objective"": ""S-Recall@k"", ""overlap_grid"": [0.0, 0.25, 0.5, 0.75], ""reanalyzed_objective"": ""S-Recall@k"", ""rho_grid"": [0.0, 0.025, 0.05, 0.1, 0.15, 0.25, 0.5, 1.0], ""run_generation"": false, ""script"": ""evaluate_redundancy.py"", ""seed"": 0, ""seeds"": [0, 1, 2], ""single_subtopic"": false, ""split"": ""validation"", ""timestamp"": ""2026-06-28_094117"", ""top_k"": 5, ""top_m"": 100, ""val_fraction"": 0.2}"
1.0,2,Greedy-DPP,Greedy-DPP,0.1205,0.6011,0.6158,0.8073,0.4832,0.6686,0.528,0.6187,3.8442,0.0,"{""alpha_grid"": [-0.3, -0.2, -0.1, -0.05, 0.0, 0.05, 0.1, 0.2, 0.3, 0.5, 1.0], ""batch_size"": 64, ""chunk_window"": 60, ""dataset"": ""hotpotqa_fullwiki"", ""device"": ""cuda"", ""dup_noise"": ""light"", ""dup_target"": ""mixed"", ""encode_cache"": true, ""encoder_model"": ""all-MiniLM-L6-v2"", ""experiment"": ""both"", ""gen_max_samples"": 1000, ""gen_methods"": [], ""generator_model"": null, ""git_commit"": ""9372710"", ""lambda_grid"": [0.3, 0.5, 0.7, 0.9], ""max_samples"": null, ""metric"": ""cosine"", ""objective"": ""S-Recall@k"", ""overlap_grid"": [0.0, 0.25, 0.5, 0.75], ""reanalyzed_objective"": ""S-Recall@k"", ""rho_grid"": [0.0, 0.025, 0.05, 0.1, 0.15, 0.25, 0.5, 1.0], ""run_generation"": false, ""script"": ""evaluate_redundancy.py"", ""seed"": 0, ""seeds"": [0, 1, 2], ""single_subtopic"": false, ""split"": ""validation"", ""timestamp"": ""2026-06-28_094117"", ""top_k"": 5, ""top_m"": 100, ""val_fraction"": 0.2}"
1.0,2,MMR*,MMR(0.7),0.1205,0.5901,0.6079,0.8091,0.5406,0.6593,0.5234,0.4935,3.1486,0.0,"{""alpha_grid"": [-0.3, -0.2, -0.1, -0.05, 0.0, 0.05, 0.1, 0.2, 0.3, 0.5, 1.0], ""batch_size"": 64, ""chunk_window"": 60, ""dataset"": ""hotpotqa_fullwiki"", ""device"": ""cuda"", ""dup_noise"": ""light"", ""dup_target"": ""mixed"", ""encode_cache"": true, ""encoder_model"": ""all-MiniLM-L6-v2"", ""experiment"": ""both"", ""gen_max_samples"": 1000, ""gen_methods"": [], ""generator_model"": null, ""git_commit"": ""9372710"", ""lambda_grid"": [0.3, 0.5, 0.7, 0.9], ""max_samples"": null, ""metric"": ""cosine"", ""objective"": ""S-Recall@k"", ""overlap_grid"": [0.0, 0.25, 0.5, 0.75], ""reanalyzed_objective"": ""S-Recall@k"", ""rho_grid"": [0.0, 0.025, 0.05, 0.1, 0.15, 0.25, 0.5, 1.0], ""run_generation"": false, ""script"": ""evaluate_redundancy.py"", ""seed"": 0, ""seeds"": [0, 1, 2], ""single_subtopic"": false, ""split"": ""validation"", ""timestamp"": ""2026-06-28_094117"", ""top_k"": 5, ""top_m"": 100, ""val_fraction"": 0.2}"
1.0,2,RNG*,RNG(-0.1),0.1205,0.5165,0.5508,0.8023,0.5967,0.5846,0.4864,0.2705,1.9892,0.0,"{""alpha_grid"": [-0.3, -0.2, -0.1, -0.05, 0.0, 0.05, 0.1, 0.2, 0.3, 0.5, 1.0], ""batch_size"": 64, ""chunk_window"": 60, ""dataset"": ""hotpotqa_fullwiki"", ""device"": ""cuda"", ""dup_noise"": ""light"", ""dup_target"": ""mixed"", ""encode_cache"": true, ""encoder_model"": ""all-MiniLM-L6-v2"", ""experiment"": ""both"", ""gen_max_samples"": 1000, ""gen_methods"": [], ""generator_model"": null, ""git_commit"": ""9372710"", ""lambda_grid"": [0.3, 0.5, 0.7, 0.9], ""max_samples"": null, ""metric"": ""cosine"", ""objective"": ""S-Recall@k"", ""overlap_grid"": [0.0, 0.25, 0.5, 0.75], ""reanalyzed_objective"": ""S-Recall@k"", ""rho_grid"": [0.0, 0.025, 0.05, 0.1, 0.15, 0.25, 0.5, 1.0], ""run_generation"": false, ""script"": ""evaluate_redundancy.py"", ""seed"": 0, ""seeds"": [0, 1, 2], ""single_subtopic"": false, ""split"": ""validation"", ""timestamp"": ""2026-06-28_094117"", ""top_k"": 5, ""top_m"": 100, ""val_fraction"": 0.2}"
1.0,2,Seg*,Seg(-0.1),0.1205,0.515,0.55,0.8018,0.5955,0.5828,0.4859,0.2744,2.0042,0.0,"{""alpha_grid"": [-0.3, -0.2, -0.1, -0.05, 0.0, 0.05, 0.1, 0.2, 0.3, 0.5, 1.0], ""batch_size"": 64, ""chunk_window"": 60, ""dataset"": ""hotpotqa_fullwiki"", ""device"": ""cuda"", ""dup_noise"": ""light"", ""dup_target"": ""mixed"", ""encode_cache"": true, ""encoder_model"": ""all-MiniLM-L6-v2"", ""experiment"": ""both"", ""gen_max_samples"": 1000, ""gen_methods"": [], ""generator_model"": null, ""git_commit"": ""9372710"", ""lambda_grid"": [0.3, 0.5, 0.7, 0.9], ""max_samples"": null, ""metric"": ""cosine"", ""objective"": ""S-Recall@k"", ""overlap_grid"": [0.0, 0.25, 0.5, 0.75], ""reanalyzed_objective"": ""S-Recall@k"", ""rho_grid"": [0.0, 0.025, 0.05, 0.1, 0.15, 0.25, 0.5, 1.0], ""run_generation"": false, ""script"": ""evaluate_redundancy.py"", ""seed"": 0, ""seeds"": [0, 1, 2], ""single_subtopic"": false, ""split"": ""validation"", ""timestamp"": ""2026-06-28_094117"", ""top_k"": 5, ""top_m"": 100, ""val_fraction"": 0.2}"
