D,tau,val mean
MMR(0.3),1.32,0.8192
MMR(0.3),1.33,0.8192
MMR(0.3),1.35,0.8192
MMR(0.3),1.39,0.8192
MMR(0.3),1.43,0.8192
MMR(0.3),1.44,0.8195
MMR(0.3),1.45,0.8195
MMR(0.3),1.46,0.8196
MMR(0.3),1.47,0.8196
MMR(0.3),1.48,0.8197
MMR(0.3),1.49,0.8199
MMR(0.3),1.5,0.82
MMR(0.3),1.51,0.8201
MMR(0.3),1.52,0.8202
MMR(0.3),1.53,0.8202
MMR(0.3),1.54,0.8202
MMR(0.3),1.55,0.8204
MMR(0.3),1.56,0.8206
MMR(0.3),1.57,0.8207
MMR(0.3),1.58,0.8208
MMR(0.3),1.59,0.8209
MMR(0.3),1.6,0.8209
MMR(0.3),1.61,0.8211
MMR(0.3),1.62,0.8213
MMR(0.3),1.63,0.8214
MMR(0.3),1.64,0.8215
MMR(0.3),1.65,0.8216
MMR(0.3),1.66,0.8217
MMR(0.3),1.67,0.8219
MMR(0.3),1.68,0.8221
MMR(0.3),1.69,0.8223
MMR(0.3),1.7,0.8227
MMR(0.3),1.71,0.8229
MMR(0.3),1.72,0.8231
MMR(0.3),1.73,0.8234
MMR(0.3),1.74,0.8235
MMR(0.3),1.75,0.8236
MMR(0.3),1.76,0.8237
MMR(0.3),1.77,0.8235
MMR(0.3),1.78,0.8237
MMR(0.3),1.79,0.8239
MMR(0.3),1.8,0.8241
MMR(0.3),1.81,0.8241
MMR(0.3),1.82,0.8241
MMR(0.3),1.83,0.8241
MMR(0.3),1.84,0.8244
MMR(0.3),1.85,0.8244
MMR(0.3),1.86,0.8245
MMR(0.3),1.87,0.8241
MMR(0.3),1.88,0.8243
MMR(0.3),1.89,0.8243
MMR(0.3),1.9,0.8238
MMR(0.3),1.91,0.824
MMR(0.3),1.92,0.8238
MMR(0.3),1.93,0.8243
MMR(0.3),1.94,0.8246
MMR(0.3),1.95,0.8248
MMR(0.3),1.96,0.8246
MMR(0.3),1.97,0.8248
MMR(0.3),1.98,0.8247
MMR(0.3),1.99,0.8246
MMR(0.3),2.0,0.8244
MMR(0.3),2.01,0.8246
MMR(0.3),2.02,0.8243
MMR(0.3),2.03,0.8245
MMR(0.3),2.04,0.824
MMR(0.3),2.05,0.8238
MMR(0.3),2.06,0.8235
MMR(0.3),2.07,0.8236
MMR(0.3),2.08,0.8232
MMR(0.3),2.09,0.8229
MMR(0.3),2.1,0.8228
MMR(0.3),2.11,0.823
MMR(0.3),2.12,0.8228
MMR(0.3),2.13,0.8226
MMR(0.3),2.14,0.8219
MMR(0.3),2.15,0.8221
MMR(0.3),2.16,0.8212
MMR(0.3),2.17,0.8213
MMR(0.3),2.18,0.8218
MMR(0.3),2.19,0.8216
MMR(0.3),2.2,0.8215
MMR(0.3),2.21,0.8215
MMR(0.3),2.22,0.8215
MMR(0.3),2.23,0.8212
MMR(0.3),2.24,0.8211
MMR(0.3),2.25,0.8208
MMR(0.3),2.26,0.8204
MMR(0.3),2.27,0.8202
MMR(0.3),2.28,0.82
MMR(0.3),2.29,0.8196
MMR(0.3),2.3,0.8194
MMR(0.3),2.31,0.8186
MMR(0.3),2.32,0.8183
MMR(0.3),2.33,0.8184
MMR(0.3),2.34,0.818
MMR(0.3),2.35,0.8179
MMR(0.3),2.36,0.8174
MMR(0.3),2.37,0.8173
MMR(0.3),2.38,0.8168
MMR(0.3),2.39,0.8165
MMR(0.3),2.4,0.8162
MMR(0.3),2.41,0.8156
MMR(0.3),2.42,0.8154
MMR(0.3),2.43,0.8142
MMR(0.3),2.44,0.8137
MMR(0.3),2.45,0.8132
MMR(0.3),2.46,0.8125
MMR(0.3),2.47,0.8115
MMR(0.3),2.48,0.811
MMR(0.3),2.49,0.8104
MMR(0.3),2.5,0.8105
MMR(0.3),2.51,0.8099
MMR(0.3),2.52,0.8095
MMR(0.3),2.53,0.8092
MMR(0.3),2.54,0.809
MMR(0.3),2.55,0.8079
MMR(0.3),2.56,0.807
MMR(0.3),2.57,0.8063
MMR(0.3),2.58,0.8063
MMR(0.3),2.59,0.806
MMR(0.3),2.6,0.8059
MMR(0.3),2.61,0.8054
MMR(0.3),2.62,0.8048
MMR(0.3),2.63,0.8044
MMR(0.3),2.64,0.8041
MMR(0.3),2.65,0.8042
MMR(0.3),2.66,0.8035
MMR(0.3),2.67,0.8031
MMR(0.3),2.68,0.8022
MMR(0.3),2.69,0.8016
MMR(0.3),2.7,0.8016
MMR(0.3),2.71,0.8011
MMR(0.3),2.72,0.8009
MMR(0.3),2.73,0.8005
MMR(0.3),2.74,0.7998
MMR(0.3),2.75,0.7994
MMR(0.3),2.76,0.7985
MMR(0.3),2.77,0.798
MMR(0.3),2.78,0.7978
MMR(0.3),2.79,0.7975
MMR(0.3),2.8,0.7968
MMR(0.3),2.81,0.7965
MMR(0.3),2.82,0.7956
MMR(0.3),2.83,0.7952
MMR(0.3),2.84,0.7949
MMR(0.3),2.85,0.7941
MMR(0.3),2.86,0.7936
MMR(0.3),2.87,0.7933
MMR(0.3),2.88,0.7928
MMR(0.3),2.89,0.7923
MMR(0.3),2.9,0.7918
MMR(0.3),2.91,0.7915
MMR(0.3),2.92,0.791
MMR(0.3),2.93,0.7908
MMR(0.3),2.94,0.79
MMR(0.3),2.95,0.7896
MMR(0.3),2.96,0.7893
MMR(0.3),2.97,0.7888
MMR(0.3),2.98,0.7878
MMR(0.3),2.99,0.7869
MMR(0.3),3.0,0.7867
MMR(0.3),3.01,0.7864
MMR(0.3),3.02,0.7861
MMR(0.3),3.03,0.7856
MMR(0.3),3.04,0.785
MMR(0.3),3.05,0.7846
MMR(0.3),3.06,0.7843
MMR(0.3),3.07,0.7839
MMR(0.3),3.08,0.7836
MMR(0.3),3.09,0.7833
MMR(0.3),3.1,0.7823
MMR(0.3),3.11,0.7817
MMR(0.3),3.12,0.7812
MMR(0.3),3.13,0.781
MMR(0.3),3.14,0.7804
MMR(0.3),3.15,0.7797
MMR(0.3),3.16,0.7791
MMR(0.3),3.17,0.7783
MMR(0.3),3.18,0.7777
MMR(0.3),3.19,0.7767
MMR(0.3),3.2,0.7756
MMR(0.3),3.21,0.7746
MMR(0.3),3.22,0.7739
MMR(0.3),3.23,0.7735
MMR(0.3),3.24,0.7727
MMR(0.3),3.25,0.7715
MMR(0.3),3.26,0.7709
MMR(0.3),3.27,0.7706
MMR(0.3),3.28,0.7694
MMR(0.3),3.29,0.7684
MMR(0.3),3.3,0.7679
MMR(0.3),3.31,0.7671
MMR(0.3),3.32,0.7666
MMR(0.3),3.33,0.7658
MMR(0.3),3.34,0.7647
MMR(0.3),3.35,0.7642
MMR(0.3),3.36,0.763
MMR(0.3),3.37,0.7619
MMR(0.3),3.38,0.7607
MMR(0.3),3.39,0.7597
MMR(0.3),3.4,0.7589
MMR(0.3),3.41,0.7581
MMR(0.3),3.42,0.757
MMR(0.3),3.43,0.7555
MMR(0.3),3.44,0.7548
MMR(0.3),3.45,0.754
MMR(0.3),3.46,0.7527
MMR(0.3),3.47,0.7516
MMR(0.3),3.48,0.751
MMR(0.3),3.49,0.7502
MMR(0.3),3.5,0.749
MMR(0.3),3.51,0.7475
MMR(0.3),3.52,0.7467
MMR(0.3),3.53,0.746
MMR(0.3),3.54,0.7451
MMR(0.3),3.55,0.7441
MMR(0.3),3.56,0.7436
MMR(0.3),3.57,0.7421
MMR(0.3),3.58,0.7413
MMR(0.3),3.59,0.7395
MMR(0.3),3.6,0.7389
MMR(0.3),3.61,0.7381
MMR(0.3),3.62,0.7371
MMR(0.3),3.63,0.7349
MMR(0.3),3.64,0.7334
MMR(0.3),3.65,0.7325
MMR(0.3),3.66,0.7313
MMR(0.3),3.67,0.7306
MMR(0.3),3.68,0.7294
MMR(0.3),3.69,0.7283
MMR(0.3),3.7,0.7272
MMR(0.3),3.71,0.726
MMR(0.3),3.72,0.7248
MMR(0.3),3.73,0.7241
MMR(0.3),3.74,0.7228
MMR(0.3),3.75,0.7218
MMR(0.3),3.76,0.7206
MMR(0.3),3.77,0.7196
MMR(0.3),3.78,0.718
MMR(0.3),3.79,0.7169
MMR(0.3),3.8,0.7156
MMR(0.3),3.81,0.7146
MMR(0.3),3.82,0.7136
MMR(0.3),3.83,0.7117
MMR(0.3),3.84,0.7104
MMR(0.3),3.85,0.7091
MMR(0.3),3.86,0.7077
MMR(0.3),3.87,0.7062
MMR(0.3),3.88,0.705
MMR(0.3),3.89,0.7043
MMR(0.3),3.9,0.7032
MMR(0.3),3.91,0.702
MMR(0.3),3.92,0.7013
MMR(0.3),3.93,0.7006
MMR(0.3),3.94,0.7003
MMR(0.3),3.95,0.699
MMR(0.3),3.96,0.6983
MMR(0.3),3.97,0.6978
MMR(0.3),3.98,0.6968
MMR(0.3),3.99,0.6959
MMR(0.3),4.0,0.6953
MMR(0.3),4.01,0.695
MMR(0.3),4.02,0.6937
MMR(0.3),4.03,0.6929
MMR(0.3),4.04,0.6924
MMR(0.3),4.05,0.692
MMR(0.3),4.06,0.6914
MMR(0.3),4.07,0.6912
MMR(0.3),4.08,0.691
MMR(0.3),4.09,0.6908
MMR(0.3),4.1,0.6904
MMR(0.3),4.11,0.6902
MMR(0.3),4.12,0.6902
MMR(0.3),4.13,0.6901
MMR(0.3),4.14,0.69
MMR(0.3),4.15,0.6898
MMR(0.3),4.16,0.6898
MMR(0.3),4.17,0.6896
MMR(0.3),4.18,0.6892
MMR(0.3),4.19,0.6892
MMR(0.3),4.2,0.689
MMR(0.3),4.21,0.689
MMR(0.3),4.23,0.689
MMR(0.3),4.24,0.689
MMR(0.3),4.25,0.689
MMR(0.3),4.26,0.689
MMR(0.3),4.31,0.689
MMR(0.3),4.33,0.689
MMR(0.3),4.35,0.689
MMR(0.3),4.36,0.689
MMR(0.3),4.37,0.689
MMR(0.3),4.38,0.689
MMR(0.5),1.32,0.8192
MMR(0.5),1.33,0.8192
MMR(0.5),1.35,0.8192
MMR(0.5),1.39,0.8192
MMR(0.5),1.43,0.8193
MMR(0.5),1.44,0.8195
MMR(0.5),1.45,0.8196
MMR(0.5),1.46,0.8196
MMR(0.5),1.47,0.8196
MMR(0.5),1.48,0.8198
MMR(0.5),1.49,0.82
MMR(0.5),1.5,0.8201
MMR(0.5),1.51,0.8202
MMR(0.5),1.52,0.8204
MMR(0.5),1.53,0.8204
MMR(0.5),1.54,0.8204
MMR(0.5),1.55,0.8207
MMR(0.5),1.56,0.8209
MMR(0.5),1.57,0.8211
MMR(0.5),1.58,0.8212
MMR(0.5),1.59,0.8213
MMR(0.5),1.6,0.8213
MMR(0.5),1.61,0.8216
MMR(0.5),1.62,0.8219
MMR(0.5),1.63,0.8219
MMR(0.5),1.64,0.822
MMR(0.5),1.65,0.8222
MMR(0.5),1.66,0.8223
MMR(0.5),1.67,0.8226
MMR(0.5),1.68,0.8228
MMR(0.5),1.69,0.8231
MMR(0.5),1.7,0.8235
MMR(0.5),1.71,0.8239
MMR(0.5),1.72,0.8244
MMR(0.5),1.73,0.8247
MMR(0.5),1.74,0.825
MMR(0.5),1.75,0.8251
MMR(0.5),1.76,0.8252
MMR(0.5),1.77,0.8251
MMR(0.5),1.78,0.8255
MMR(0.5),1.79,0.8257
MMR(0.5),1.8,0.8259
MMR(0.5),1.81,0.8258
MMR(0.5),1.82,0.826
MMR(0.5),1.83,0.8262
MMR(0.5),1.84,0.8265
MMR(0.5),1.85,0.8266
MMR(0.5),1.86,0.8268
MMR(0.5),1.87,0.8267
MMR(0.5),1.88,0.8269
MMR(0.5),1.89,0.827
MMR(0.5),1.9,0.8269
MMR(0.5),1.91,0.8269
MMR(0.5),1.92,0.8269
MMR(0.5),1.93,0.8274
MMR(0.5),1.94,0.8278
MMR(0.5),1.95,0.828
MMR(0.5),1.96,0.8279
MMR(0.5),1.97,0.8281
MMR(0.5),1.98,0.8284
MMR(0.5),1.99,0.8285
MMR(0.5),2.0,0.8285
MMR(0.5),2.01,0.8286
MMR(0.5),2.02,0.8286
MMR(0.5),2.03,0.8291
MMR(0.5),2.04,0.8289
MMR(0.5),2.05,0.8288
MMR(0.5),2.06,0.8287
MMR(0.5),2.07,0.8287
MMR(0.5),2.08,0.8286
MMR(0.5),2.09,0.8284
MMR(0.5),2.1,0.8284
MMR(0.5),2.11,0.8287
MMR(0.5),2.12,0.8286
MMR(0.5),2.13,0.8285
MMR(0.5),2.14,0.8285
MMR(0.5),2.15,0.8286
MMR(0.5),2.16,0.8282
MMR(0.5),2.17,0.8286
MMR(0.5),2.18,0.8292
MMR(0.5),2.19,0.8292
MMR(0.5),2.2,0.829
MMR(0.5),2.21,0.8291
MMR(0.5),2.22,0.8295
MMR(0.5),2.23,0.8295
MMR(0.5),2.24,0.8293
MMR(0.5),2.25,0.8289
MMR(0.5),2.26,0.8289
MMR(0.5),2.27,0.829
MMR(0.5),2.28,0.8289
MMR(0.5),2.29,0.8288
MMR(0.5),2.3,0.8287
MMR(0.5),2.31,0.8284
MMR(0.5),2.32,0.8282
MMR(0.5),2.33,0.8281
MMR(0.5),2.34,0.8279
MMR(0.5),2.35,0.828
MMR(0.5),2.36,0.8278
MMR(0.5),2.37,0.828
MMR(0.5),2.38,0.8279
MMR(0.5),2.39,0.8276
MMR(0.5),2.4,0.8274
MMR(0.5),2.41,0.827
MMR(0.5),2.42,0.827
MMR(0.5),2.43,0.8263
MMR(0.5),2.44,0.8258
MMR(0.5),2.45,0.8257
MMR(0.5),2.46,0.8251
MMR(0.5),2.47,0.8248
MMR(0.5),2.48,0.8243
MMR(0.5),2.49,0.824
MMR(0.5),2.5,0.8241
MMR(0.5),2.51,0.8237
MMR(0.5),2.52,0.8234
MMR(0.5),2.53,0.8233
MMR(0.5),2.54,0.8234
MMR(0.5),2.55,0.8229
MMR(0.5),2.56,0.8223
MMR(0.5),2.57,0.8219
MMR(0.5),2.58,0.822
MMR(0.5),2.59,0.822
MMR(0.5),2.6,0.8221
MMR(0.5),2.61,0.8219
MMR(0.5),2.62,0.8215
MMR(0.5),2.63,0.8214
MMR(0.5),2.64,0.8213
MMR(0.5),2.65,0.8216
MMR(0.5),2.66,0.821
MMR(0.5),2.67,0.821
MMR(0.5),2.68,0.8204
MMR(0.5),2.69,0.8201
MMR(0.5),2.7,0.82
MMR(0.5),2.71,0.8198
MMR(0.5),2.72,0.8199
MMR(0.5),2.73,0.8197
MMR(0.5),2.74,0.8192
MMR(0.5),2.75,0.8191
MMR(0.5),2.76,0.8186
MMR(0.5),2.77,0.8183
MMR(0.5),2.78,0.8182
MMR(0.5),2.79,0.8178
MMR(0.5),2.8,0.8175
MMR(0.5),2.81,0.8172
MMR(0.5),2.82,0.8166
MMR(0.5),2.83,0.8163
MMR(0.5),2.84,0.8162
MMR(0.5),2.85,0.8157
MMR(0.5),2.86,0.8154
MMR(0.5),2.87,0.8155
MMR(0.5),2.88,0.8152
MMR(0.5),2.89,0.8151
MMR(0.5),2.9,0.8147
MMR(0.5),2.91,0.8148
MMR(0.5),2.92,0.8146
MMR(0.5),2.93,0.8146
MMR(0.5),2.94,0.8144
MMR(0.5),2.95,0.8143
MMR(0.5),2.96,0.8141
MMR(0.5),2.97,0.8137
MMR(0.5),2.98,0.8131
MMR(0.5),2.99,0.8125
MMR(0.5),3.0,0.8124
MMR(0.5),3.01,0.8123
MMR(0.5),3.02,0.8121
MMR(0.5),3.03,0.8116
MMR(0.5),3.04,0.8113
MMR(0.5),3.05,0.8109
MMR(0.5),3.06,0.8106
MMR(0.5),3.07,0.8103
MMR(0.5),3.08,0.8102
MMR(0.5),3.09,0.8101
MMR(0.5),3.1,0.8094
MMR(0.5),3.11,0.8092
MMR(0.5),3.12,0.8089
MMR(0.5),3.13,0.8088
MMR(0.5),3.14,0.8084
MMR(0.5),3.15,0.808
MMR(0.5),3.16,0.8077
MMR(0.5),3.17,0.8073
MMR(0.5),3.18,0.807
MMR(0.5),3.19,0.8062
MMR(0.5),3.2,0.8053
MMR(0.5),3.21,0.8049
MMR(0.5),3.22,0.8044
MMR(0.5),3.23,0.8041
MMR(0.5),3.24,0.8034
MMR(0.5),3.25,0.8026
MMR(0.5),3.26,0.8022
MMR(0.5),3.27,0.8019
MMR(0.5),3.28,0.8012
MMR(0.5),3.29,0.8004
MMR(0.5),3.3,0.8001
MMR(0.5),3.31,0.7995
MMR(0.5),3.32,0.799
MMR(0.5),3.33,0.7985
MMR(0.5),3.34,0.7978
MMR(0.5),3.35,0.7976
MMR(0.5),3.36,0.7969
MMR(0.5),3.37,0.7961
MMR(0.5),3.38,0.7951
MMR(0.5),3.39,0.7945
MMR(0.5),3.4,0.794
MMR(0.5),3.41,0.7933
MMR(0.5),3.42,0.7924
MMR(0.5),3.43,0.7914
MMR(0.5),3.44,0.7911
MMR(0.5),3.45,0.7904
MMR(0.5),3.46,0.7894
MMR(0.5),3.47,0.7888
MMR(0.5),3.48,0.7884
MMR(0.5),3.49,0.7879
MMR(0.5),3.5,0.7872
MMR(0.5),3.51,0.7861
MMR(0.5),3.52,0.7855
MMR(0.5),3.53,0.7853
MMR(0.5),3.54,0.7846
MMR(0.5),3.55,0.7839
MMR(0.5),3.56,0.7837
MMR(0.5),3.57,0.7831
MMR(0.5),3.58,0.7826
MMR(0.5),3.59,0.7814
MMR(0.5),3.6,0.781
MMR(0.5),3.61,0.7803
MMR(0.5),3.62,0.7795
MMR(0.5),3.63,0.7779
MMR(0.5),3.64,0.7767
MMR(0.5),3.65,0.7757
MMR(0.5),3.66,0.7748
MMR(0.5),3.67,0.7743
MMR(0.5),3.68,0.7735
MMR(0.5),3.69,0.7729
MMR(0.5),3.7,0.772
MMR(0.5),3.71,0.7711
MMR(0.5),3.72,0.77
MMR(0.5),3.73,0.7694
MMR(0.5),3.74,0.7682
MMR(0.5),3.75,0.7672
MMR(0.5),3.76,0.7662
MMR(0.5),3.77,0.7655
MMR(0.5),3.78,0.7644
MMR(0.5),3.79,0.7634
MMR(0.5),3.8,0.7622
MMR(0.5),3.81,0.7615
MMR(0.5),3.82,0.7608
MMR(0.5),3.83,0.7595
MMR(0.5),3.84,0.7587
MMR(0.5),3.85,0.7583
MMR(0.5),3.86,0.7575
MMR(0.5),3.87,0.7564
MMR(0.5),3.88,0.7555
MMR(0.5),3.89,0.7553
MMR(0.5),3.9,0.7546
MMR(0.5),3.91,0.754
MMR(0.5),3.92,0.7531
MMR(0.5),3.93,0.7526
MMR(0.5),3.94,0.7525
MMR(0.5),3.95,0.7516
MMR(0.5),3.96,0.7514
MMR(0.5),3.97,0.7509
MMR(0.5),3.98,0.7505
MMR(0.5),3.99,0.7501
MMR(0.5),4.0,0.7498
MMR(0.5),4.01,0.7496
MMR(0.5),4.02,0.7485
MMR(0.5),4.03,0.7479
MMR(0.5),4.04,0.7475
MMR(0.5),4.05,0.7472
MMR(0.5),4.06,0.747
MMR(0.5),4.07,0.747
MMR(0.5),4.08,0.7468
MMR(0.5),4.09,0.7466
MMR(0.5),4.1,0.7465
MMR(0.5),4.11,0.7465
MMR(0.5),4.12,0.7465
MMR(0.5),4.13,0.7463
MMR(0.5),4.14,0.7463
MMR(0.5),4.15,0.7463
MMR(0.5),4.16,0.7463
MMR(0.5),4.17,0.7463
MMR(0.5),4.18,0.7461
MMR(0.5),4.19,0.7461
MMR(0.5),4.2,0.7459
MMR(0.5),4.21,0.7459
MMR(0.5),4.23,0.7459
MMR(0.5),4.24,0.7459
MMR(0.5),4.25,0.7459
MMR(0.5),4.26,0.7459
MMR(0.5),4.31,0.7459
MMR(0.5),4.33,0.7459
MMR(0.5),4.35,0.7459
MMR(0.5),4.36,0.7459
MMR(0.5),4.37,0.7459
MMR(0.5),4.38,0.7459
MMR(0.7),1.32,0.8192
MMR(0.7),1.33,0.8192
MMR(0.7),1.35,0.8192
MMR(0.7),1.39,0.8192
MMR(0.7),1.43,0.8192
MMR(0.7),1.44,0.8195
MMR(0.7),1.45,0.8195
MMR(0.7),1.46,0.8196
MMR(0.7),1.47,0.8196
MMR(0.7),1.48,0.8198
MMR(0.7),1.49,0.82
MMR(0.7),1.5,0.8202
MMR(0.7),1.51,0.8203
MMR(0.7),1.52,0.8204
MMR(0.7),1.53,0.8204
MMR(0.7),1.54,0.8204
MMR(0.7),1.55,0.8206
MMR(0.7),1.56,0.8208
MMR(0.7),1.57,0.8209
MMR(0.7),1.58,0.821
MMR(0.7),1.59,0.8211
MMR(0.7),1.6,0.8211
MMR(0.7),1.61,0.8214
MMR(0.7),1.62,0.8217
MMR(0.7),1.63,0.8218
MMR(0.7),1.64,0.8219
MMR(0.7),1.65,0.822
MMR(0.7),1.66,0.822
MMR(0.7),1.67,0.8223
MMR(0.7),1.68,0.8226
MMR(0.7),1.69,0.823
MMR(0.7),1.7,0.8235
MMR(0.7),1.71,0.8239
MMR(0.7),1.72,0.8242
MMR(0.7),1.73,0.8245
MMR(0.7),1.74,0.8247
MMR(0.7),1.75,0.8249
MMR(0.7),1.76,0.8251
MMR(0.7),1.77,0.8253
MMR(0.7),1.78,0.8255
MMR(0.7),1.79,0.8257
MMR(0.7),1.8,0.8259
MMR(0.7),1.81,0.826
MMR(0.7),1.82,0.8262
MMR(0.7),1.83,0.8264
MMR(0.7),1.84,0.8268
MMR(0.7),1.85,0.827
MMR(0.7),1.86,0.8272
MMR(0.7),1.87,0.8272
MMR(0.7),1.88,0.8274
MMR(0.7),1.89,0.8275
MMR(0.7),1.9,0.8275
MMR(0.7),1.91,0.8277
MMR(0.7),1.92,0.8278
MMR(0.7),1.93,0.8282
MMR(0.7),1.94,0.8284
MMR(0.7),1.95,0.8287
MMR(0.7),1.96,0.8289
MMR(0.7),1.97,0.8291
MMR(0.7),1.98,0.8293
MMR(0.7),1.99,0.8296
MMR(0.7),2.0,0.8298
MMR(0.7),2.01,0.83
MMR(0.7),2.02,0.8302
MMR(0.7),2.03,0.8306
MMR(0.7),2.04,0.8306
MMR(0.7),2.05,0.8307
MMR(0.7),2.06,0.8308
MMR(0.7),2.07,0.8309
MMR(0.7),2.08,0.831
MMR(0.7),2.09,0.831
MMR(0.7),2.1,0.8311
MMR(0.7),2.11,0.8312
MMR(0.7),2.12,0.8313
MMR(0.7),2.13,0.8314
MMR(0.7),2.14,0.8315
MMR(0.7),2.15,0.8316
MMR(0.7),2.16,0.8315
MMR(0.7),2.17,0.8318
MMR(0.7),2.18,0.8323
MMR(0.7),2.19,0.8323
MMR(0.7),2.2,0.8322
MMR(0.7),2.21,0.8324
MMR(0.7),2.22,0.8328
MMR(0.7),2.23,0.833
MMR(0.7),2.24,0.8332
MMR(0.7),2.25,0.8333
MMR(0.7),2.26,0.8335
MMR(0.7),2.27,0.8336
MMR(0.7),2.28,0.8338
MMR(0.7),2.29,0.834
MMR(0.7),2.3,0.8339
MMR(0.7),2.31,0.8341
MMR(0.7),2.32,0.8341
MMR(0.7),2.33,0.8343
MMR(0.7),2.34,0.8342
MMR(0.7),2.35,0.8346
MMR(0.7),2.36,0.8347
MMR(0.7),2.37,0.8347
MMR(0.7),2.38,0.8348
MMR(0.7),2.39,0.8349
MMR(0.7),2.4,0.8351
MMR(0.7),2.41,0.835
MMR(0.7),2.42,0.8352
MMR(0.7),2.43,0.835
MMR(0.7),2.44,0.835
MMR(0.7),2.45,0.835
MMR(0.7),2.46,0.835
MMR(0.7),2.47,0.8349
MMR(0.7),2.48,0.8347
MMR(0.7),2.49,0.8348
MMR(0.7),2.5,0.8352
MMR(0.7),2.51,0.8352
MMR(0.7),2.52,0.8354
MMR(0.7),2.53,0.8354
MMR(0.7),2.54,0.8354
MMR(0.7),2.55,0.8353
MMR(0.7),2.56,0.8352
MMR(0.7),2.57,0.8352
MMR(0.7),2.58,0.8354
MMR(0.7),2.59,0.8355
MMR(0.7),2.6,0.8355
MMR(0.7),2.61,0.8358
MMR(0.7),2.62,0.8357
MMR(0.7),2.63,0.8358
MMR(0.7),2.64,0.8359
MMR(0.7),2.65,0.8362
MMR(0.7),2.66,0.8359
MMR(0.7),2.67,0.8356
MMR(0.7),2.68,0.8354
MMR(0.7),2.69,0.8354
MMR(0.7),2.7,0.8356
MMR(0.7),2.71,0.8356
MMR(0.7),2.72,0.8356
MMR(0.7),2.73,0.8356
MMR(0.7),2.74,0.8355
MMR(0.7),2.75,0.8355
MMR(0.7),2.76,0.8353
MMR(0.7),2.77,0.8352
MMR(0.7),2.78,0.8352
MMR(0.7),2.79,0.8351
MMR(0.7),2.8,0.8352
MMR(0.7),2.81,0.8351
MMR(0.7),2.82,0.8349
MMR(0.7),2.83,0.835
MMR(0.7),2.84,0.8351
MMR(0.7),2.85,0.8351
MMR(0.7),2.86,0.8352
MMR(0.7),2.87,0.8353
MMR(0.7),2.88,0.8352
MMR(0.7),2.89,0.8353
MMR(0.7),2.9,0.8353
MMR(0.7),2.91,0.8354
MMR(0.7),2.92,0.8355
MMR(0.7),2.93,0.8357
MMR(0.7),2.94,0.836
MMR(0.7),2.95,0.836
MMR(0.7),2.96,0.8359
MMR(0.7),2.97,0.8357
MMR(0.7),2.98,0.8356
MMR(0.7),2.99,0.8354
MMR(0.7),3.0,0.8354
MMR(0.7),3.01,0.8354
MMR(0.7),3.02,0.8354
MMR(0.7),3.03,0.8351
MMR(0.7),3.04,0.8352
MMR(0.7),3.05,0.8352
MMR(0.7),3.06,0.8351
MMR(0.7),3.07,0.8352
MMR(0.7),3.08,0.8352
MMR(0.7),3.09,0.8351
MMR(0.7),3.1,0.8349
MMR(0.7),3.11,0.8352
MMR(0.7),3.12,0.8352
MMR(0.7),3.13,0.8352
MMR(0.7),3.14,0.835
MMR(0.7),3.15,0.8348
MMR(0.7),3.16,0.8346
MMR(0.7),3.17,0.8345
MMR(0.7),3.18,0.8345
MMR(0.7),3.19,0.8344
MMR(0.7),3.2,0.8343
MMR(0.7),3.21,0.8341
MMR(0.7),3.22,0.8338
MMR(0.7),3.23,0.8338
MMR(0.7),3.24,0.8337
MMR(0.7),3.25,0.8333
MMR(0.7),3.26,0.8333
MMR(0.7),3.27,0.8333
MMR(0.7),3.28,0.8334
MMR(0.7),3.29,0.8331
MMR(0.7),3.3,0.833
MMR(0.7),3.31,0.8328
MMR(0.7),3.32,0.8327
MMR(0.7),3.33,0.8325
MMR(0.7),3.34,0.8324
MMR(0.7),3.35,0.8324
MMR(0.7),3.36,0.8324
MMR(0.7),3.37,0.8322
MMR(0.7),3.38,0.8319
MMR(0.7),3.39,0.8318
MMR(0.7),3.4,0.8318
MMR(0.7),3.41,0.8317
MMR(0.7),3.42,0.8315
MMR(0.7),3.43,0.8311
MMR(0.7),3.44,0.8311
MMR(0.7),3.45,0.831
MMR(0.7),3.46,0.831
MMR(0.7),3.47,0.8308
MMR(0.7),3.48,0.8307
MMR(0.7),3.49,0.8306
MMR(0.7),3.5,0.8302
MMR(0.7),3.51,0.8299
MMR(0.7),3.52,0.8297
MMR(0.7),3.53,0.8298
MMR(0.7),3.54,0.8295
MMR(0.7),3.55,0.8292
MMR(0.7),3.56,0.8291
MMR(0.7),3.57,0.8289
MMR(0.7),3.58,0.8288
MMR(0.7),3.59,0.8282
MMR(0.7),3.6,0.828
MMR(0.7),3.61,0.8277
MMR(0.7),3.62,0.8273
MMR(0.7),3.63,0.8269
MMR(0.7),3.64,0.8263
MMR(0.7),3.65,0.8257
MMR(0.7),3.66,0.8252
MMR(0.7),3.67,0.8248
MMR(0.7),3.68,0.8245
MMR(0.7),3.69,0.8242
MMR(0.7),3.7,0.8241
MMR(0.7),3.71,0.8239
MMR(0.7),3.72,0.8234
MMR(0.7),3.73,0.8231
MMR(0.7),3.74,0.8227
MMR(0.7),3.75,0.8221
MMR(0.7),3.76,0.8216
MMR(0.7),3.77,0.8212
MMR(0.7),3.78,0.8207
MMR(0.7),3.79,0.8203
MMR(0.7),3.8,0.8195
MMR(0.7),3.81,0.8195
MMR(0.7),3.82,0.8193
MMR(0.7),3.83,0.8189
MMR(0.7),3.84,0.8186
MMR(0.7),3.85,0.8184
MMR(0.7),3.86,0.8183
MMR(0.7),3.87,0.8179
MMR(0.7),3.88,0.8176
MMR(0.7),3.89,0.8176
MMR(0.7),3.9,0.8171
MMR(0.7),3.91,0.8167
MMR(0.7),3.92,0.8164
MMR(0.7),3.93,0.8161
MMR(0.7),3.94,0.8162
MMR(0.7),3.95,0.8158
MMR(0.7),3.96,0.8156
MMR(0.7),3.97,0.8152
MMR(0.7),3.98,0.8151
MMR(0.7),3.99,0.815
MMR(0.7),4.0,0.8149
MMR(0.7),4.01,0.8149
MMR(0.7),4.02,0.8145
MMR(0.7),4.03,0.8143
MMR(0.7),4.04,0.8141
MMR(0.7),4.05,0.8141
MMR(0.7),4.06,0.8139
MMR(0.7),4.07,0.8139
MMR(0.7),4.08,0.8139
MMR(0.7),4.09,0.8139
MMR(0.7),4.1,0.8138
MMR(0.7),4.11,0.8138
MMR(0.7),4.12,0.8138
MMR(0.7),4.13,0.8137
MMR(0.7),4.14,0.8137
MMR(0.7),4.15,0.8137
MMR(0.7),4.16,0.8137
MMR(0.7),4.17,0.8137
MMR(0.7),4.18,0.8137
MMR(0.7),4.19,0.8137
MMR(0.7),4.2,0.8137
MMR(0.7),4.21,0.8137
MMR(0.7),4.23,0.8137
MMR(0.7),4.24,0.8137
MMR(0.7),4.25,0.8137
MMR(0.7),4.26,0.8137
MMR(0.7),4.31,0.8137
MMR(0.7),4.33,0.8137
MMR(0.7),4.35,0.8137
MMR(0.7),4.36,0.8137
MMR(0.7),4.37,0.8137
MMR(0.7),4.38,0.8137
MMR(0.9),1.32,0.8192
MMR(0.9),1.33,0.8192
MMR(0.9),1.35,0.8192
MMR(0.9),1.39,0.8192
MMR(0.9),1.43,0.8192
MMR(0.9),1.44,0.8195
MMR(0.9),1.45,0.8195
MMR(0.9),1.46,0.8195
MMR(0.9),1.47,0.8195
MMR(0.9),1.48,0.8195
MMR(0.9),1.49,0.8197
MMR(0.9),1.5,0.8197
MMR(0.9),1.51,0.8197
MMR(0.9),1.52,0.8197
MMR(0.9),1.53,0.8197
MMR(0.9),1.54,0.8197
MMR(0.9),1.55,0.8198
MMR(0.9),1.56,0.8198
MMR(0.9),1.57,0.8198
MMR(0.9),1.58,0.8198
MMR(0.9),1.59,0.8199
MMR(0.9),1.6,0.8199
MMR(0.9),1.61,0.8201
MMR(0.9),1.62,0.8203
MMR(0.9),1.63,0.8203
MMR(0.9),1.64,0.8204
MMR(0.9),1.65,0.8204
MMR(0.9),1.66,0.8204
MMR(0.9),1.67,0.8205
MMR(0.9),1.68,0.8206
MMR(0.9),1.69,0.8208
MMR(0.9),1.7,0.8211
MMR(0.9),1.71,0.8213
MMR(0.9),1.72,0.8215
MMR(0.9),1.73,0.8217
MMR(0.9),1.74,0.8217
MMR(0.9),1.75,0.8218
MMR(0.9),1.76,0.8219
MMR(0.9),1.77,0.822
MMR(0.9),1.78,0.8221
MMR(0.9),1.79,0.8223
MMR(0.9),1.8,0.8224
MMR(0.9),1.81,0.8224
MMR(0.9),1.82,0.8225
MMR(0.9),1.83,0.8227
MMR(0.9),1.84,0.8228
MMR(0.9),1.85,0.8229
MMR(0.9),1.86,0.8229
MMR(0.9),1.87,0.8229
MMR(0.9),1.88,0.8231
MMR(0.9),1.89,0.8231
MMR(0.9),1.9,0.8232
MMR(0.9),1.91,0.8232
MMR(0.9),1.92,0.8232
MMR(0.9),1.93,0.8234
MMR(0.9),1.94,0.8234
MMR(0.9),1.95,0.8235
MMR(0.9),1.96,0.8237
MMR(0.9),1.97,0.8238
MMR(0.9),1.98,0.8238
MMR(0.9),1.99,0.824
MMR(0.9),2.0,0.8242
MMR(0.9),2.01,0.8244
MMR(0.9),2.02,0.8245
MMR(0.9),2.03,0.8247
MMR(0.9),2.04,0.8247
MMR(0.9),2.05,0.8246
MMR(0.9),2.06,0.8246
MMR(0.9),2.07,0.8247
MMR(0.9),2.08,0.8247
MMR(0.9),2.09,0.8248
MMR(0.9),2.1,0.8248
MMR(0.9),2.11,0.8248
MMR(0.9),2.12,0.8248
MMR(0.9),2.13,0.8249
MMR(0.9),2.14,0.8249
MMR(0.9),2.15,0.825
MMR(0.9),2.16,0.8251
MMR(0.9),2.17,0.8254
MMR(0.9),2.18,0.8256
MMR(0.9),2.19,0.8256
MMR(0.9),2.2,0.8257
MMR(0.9),2.21,0.8258
MMR(0.9),2.22,0.8261
MMR(0.9),2.23,0.826
MMR(0.9),2.24,0.8261
MMR(0.9),2.25,0.8262
MMR(0.9),2.26,0.8264
MMR(0.9),2.27,0.8265
MMR(0.9),2.28,0.8265
MMR(0.9),2.29,0.8267
MMR(0.9),2.3,0.8268
MMR(0.9),2.31,0.8269
MMR(0.9),2.32,0.8269
MMR(0.9),2.33,0.827
MMR(0.9),2.34,0.827
MMR(0.9),2.35,0.8273
MMR(0.9),2.36,0.8274
MMR(0.9),2.37,0.8276
MMR(0.9),2.38,0.8276
MMR(0.9),2.39,0.8275
MMR(0.9),2.4,0.8276
MMR(0.9),2.41,0.8276
MMR(0.9),2.42,0.8276
MMR(0.9),2.43,0.8276
MMR(0.9),2.44,0.8275
MMR(0.9),2.45,0.8276
MMR(0.9),2.46,0.8276
MMR(0.9),2.47,0.8275
MMR(0.9),2.48,0.8275
MMR(0.9),2.49,0.8275
MMR(0.9),2.5,0.8276
MMR(0.9),2.51,0.8277
MMR(0.9),2.52,0.8278
MMR(0.9),2.53,0.8277
MMR(0.9),2.54,0.8277
MMR(0.9),2.55,0.8276
MMR(0.9),2.56,0.8277
MMR(0.9),2.57,0.8277
MMR(0.9),2.58,0.8278
MMR(0.9),2.59,0.8279
MMR(0.9),2.6,0.8279
MMR(0.9),2.61,0.8283
MMR(0.9),2.62,0.8282
MMR(0.9),2.63,0.8283
MMR(0.9),2.64,0.8284
MMR(0.9),2.65,0.8285
MMR(0.9),2.66,0.8285
MMR(0.9),2.67,0.8286
MMR(0.9),2.68,0.8285
MMR(0.9),2.69,0.8285
MMR(0.9),2.7,0.8286
MMR(0.9),2.71,0.8286
MMR(0.9),2.72,0.8288
MMR(0.9),2.73,0.8288
MMR(0.9),2.74,0.8287
MMR(0.9),2.75,0.8288
MMR(0.9),2.76,0.8287
MMR(0.9),2.77,0.8287
MMR(0.9),2.78,0.8287
MMR(0.9),2.79,0.8288
MMR(0.9),2.8,0.8288
MMR(0.9),2.81,0.8289
MMR(0.9),2.82,0.8288
MMR(0.9),2.83,0.8288
MMR(0.9),2.84,0.8288
MMR(0.9),2.85,0.8288
MMR(0.9),2.86,0.829
MMR(0.9),2.87,0.829
MMR(0.9),2.88,0.8291
MMR(0.9),2.89,0.8291
MMR(0.9),2.9,0.8291
MMR(0.9),2.91,0.8291
MMR(0.9),2.92,0.8291
MMR(0.9),2.93,0.8292
MMR(0.9),2.94,0.8293
MMR(0.9),2.95,0.8293
MMR(0.9),2.96,0.8293
MMR(0.9),2.97,0.8293
MMR(0.9),2.98,0.8293
MMR(0.9),2.99,0.8293
MMR(0.9),3.0,0.8293
MMR(0.9),3.01,0.8293
MMR(0.9),3.02,0.8292
MMR(0.9),3.03,0.8292
MMR(0.9),3.04,0.8292
MMR(0.9),3.05,0.8292
MMR(0.9),3.06,0.8292
MMR(0.9),3.07,0.8292
MMR(0.9),3.08,0.8292
MMR(0.9),3.09,0.8292
MMR(0.9),3.1,0.8292
MMR(0.9),3.11,0.8292
MMR(0.9),3.12,0.8293
MMR(0.9),3.13,0.8293
MMR(0.9),3.14,0.8291
MMR(0.9),3.15,0.8291
MMR(0.9),3.16,0.829
MMR(0.9),3.17,0.829
MMR(0.9),3.18,0.8291
MMR(0.9),3.19,0.829
MMR(0.9),3.2,0.829
MMR(0.9),3.21,0.829
MMR(0.9),3.22,0.829
MMR(0.9),3.23,0.829
MMR(0.9),3.24,0.829
MMR(0.9),3.25,0.8287
MMR(0.9),3.26,0.8288
MMR(0.9),3.27,0.829
MMR(0.9),3.28,0.829
MMR(0.9),3.29,0.8291
MMR(0.9),3.3,0.8291
MMR(0.9),3.31,0.829
MMR(0.9),3.32,0.8289
MMR(0.9),3.33,0.8289
MMR(0.9),3.34,0.8289
MMR(0.9),3.35,0.8289
MMR(0.9),3.36,0.8289
MMR(0.9),3.37,0.8289
MMR(0.9),3.38,0.8288
MMR(0.9),3.39,0.8289
MMR(0.9),3.4,0.8291
MMR(0.9),3.41,0.8291
MMR(0.9),3.42,0.8291
MMR(0.9),3.43,0.8291
MMR(0.9),3.44,0.8291
MMR(0.9),3.45,0.8291
MMR(0.9),3.46,0.8293
MMR(0.9),3.47,0.8292
MMR(0.9),3.48,0.8292
MMR(0.9),3.49,0.8292
MMR(0.9),3.5,0.8291
MMR(0.9),3.51,0.8291
MMR(0.9),3.52,0.8289
MMR(0.9),3.53,0.8288
MMR(0.9),3.54,0.8288
MMR(0.9),3.55,0.8287
MMR(0.9),3.56,0.8286
MMR(0.9),3.57,0.8284
MMR(0.9),3.58,0.8283
MMR(0.9),3.59,0.8281
MMR(0.9),3.6,0.828
MMR(0.9),3.61,0.8281
MMR(0.9),3.62,0.8279
MMR(0.9),3.63,0.8279
MMR(0.9),3.64,0.8276
MMR(0.9),3.65,0.8275
MMR(0.9),3.66,0.8274
MMR(0.9),3.67,0.8273
MMR(0.9),3.68,0.8273
MMR(0.9),3.69,0.8272
MMR(0.9),3.7,0.8272
MMR(0.9),3.71,0.8271
MMR(0.9),3.72,0.8271
MMR(0.9),3.73,0.8268
MMR(0.9),3.74,0.8268
MMR(0.9),3.75,0.8267
MMR(0.9),3.76,0.8264
MMR(0.9),3.77,0.8264
MMR(0.9),3.78,0.8263
MMR(0.9),3.79,0.8263
MMR(0.9),3.8,0.8262
MMR(0.9),3.81,0.8262
MMR(0.9),3.82,0.8262
MMR(0.9),3.83,0.8261
MMR(0.9),3.84,0.8261
MMR(0.9),3.85,0.826
MMR(0.9),3.86,0.8259
MMR(0.9),3.87,0.8257
MMR(0.9),3.88,0.8256
MMR(0.9),3.89,0.8256
MMR(0.9),3.9,0.8253
MMR(0.9),3.91,0.8251
MMR(0.9),3.92,0.825
MMR(0.9),3.93,0.825
MMR(0.9),3.94,0.825
MMR(0.9),3.95,0.825
MMR(0.9),3.96,0.825
MMR(0.9),3.97,0.825
MMR(0.9),3.98,0.825
MMR(0.9),3.99,0.8249
MMR(0.9),4.0,0.8249
MMR(0.9),4.01,0.8249
MMR(0.9),4.02,0.8248
MMR(0.9),4.03,0.8247
MMR(0.9),4.04,0.8247
MMR(0.9),4.05,0.8247
MMR(0.9),4.06,0.8247
MMR(0.9),4.07,0.8247
MMR(0.9),4.08,0.8247
MMR(0.9),4.09,0.8247
MMR(0.9),4.1,0.8247
MMR(0.9),4.11,0.8247
MMR(0.9),4.12,0.8247
MMR(0.9),4.13,0.8247
MMR(0.9),4.14,0.8247
MMR(0.9),4.15,0.8247
MMR(0.9),4.16,0.8247
MMR(0.9),4.17,0.8247
MMR(0.9),4.18,0.8247
MMR(0.9),4.19,0.8247
MMR(0.9),4.2,0.8247
MMR(0.9),4.21,0.8247
MMR(0.9),4.23,0.8247
MMR(0.9),4.24,0.8247
MMR(0.9),4.25,0.8247
MMR(0.9),4.26,0.8247
MMR(0.9),4.31,0.8247
MMR(0.9),4.33,0.8247
MMR(0.9),4.35,0.8247
MMR(0.9),4.36,0.8247
MMR(0.9),4.37,0.8247
MMR(0.9),4.38,0.8247
Maxmin,1.32,0.8192
Maxmin,1.33,0.8192
Maxmin,1.35,0.8192
Maxmin,1.39,0.8193
Maxmin,1.43,0.8193
Maxmin,1.44,0.8195
Maxmin,1.45,0.8195
Maxmin,1.46,0.8195
Maxmin,1.47,0.8195
Maxmin,1.48,0.8197
Maxmin,1.49,0.8199
Maxmin,1.5,0.82
Maxmin,1.51,0.8201
Maxmin,1.52,0.8203
Maxmin,1.53,0.8203
Maxmin,1.54,0.8203
Maxmin,1.55,0.8206
Maxmin,1.56,0.8207
Maxmin,1.57,0.8206
Maxmin,1.58,0.8206
Maxmin,1.59,0.8208
Maxmin,1.6,0.8208
Maxmin,1.61,0.821
Maxmin,1.62,0.8212
Maxmin,1.63,0.8212
Maxmin,1.64,0.8215
Maxmin,1.65,0.8216
Maxmin,1.66,0.8218
Maxmin,1.67,0.8219
Maxmin,1.68,0.8219
Maxmin,1.69,0.8222
Maxmin,1.7,0.8228
Maxmin,1.71,0.823
Maxmin,1.72,0.8232
Maxmin,1.73,0.8234
Maxmin,1.74,0.8236
Maxmin,1.75,0.8239
Maxmin,1.76,0.8239
Maxmin,1.77,0.8241
Maxmin,1.78,0.8243
Maxmin,1.79,0.8245
Maxmin,1.8,0.8246
Maxmin,1.81,0.8249
Maxmin,1.82,0.825
Maxmin,1.83,0.825
Maxmin,1.84,0.8254
Maxmin,1.85,0.8253
Maxmin,1.86,0.8253
Maxmin,1.87,0.8254
Maxmin,1.88,0.8256
Maxmin,1.89,0.8257
Maxmin,1.9,0.8255
Maxmin,1.91,0.8257
Maxmin,1.92,0.8255
Maxmin,1.93,0.826
Maxmin,1.94,0.8262
Maxmin,1.95,0.8265
Maxmin,1.96,0.8265
Maxmin,1.97,0.8268
Maxmin,1.98,0.8268
Maxmin,1.99,0.827
Maxmin,2.0,0.827
Maxmin,2.01,0.8275
Maxmin,2.02,0.8273
Maxmin,2.03,0.8274
Maxmin,2.04,0.8273
Maxmin,2.05,0.8273
Maxmin,2.06,0.8269
Maxmin,2.07,0.8269
Maxmin,2.08,0.8266
Maxmin,2.09,0.8261
Maxmin,2.1,0.8262
Maxmin,2.11,0.8264
Maxmin,2.12,0.8262
Maxmin,2.13,0.8263
Maxmin,2.14,0.8258
Maxmin,2.15,0.8259
Maxmin,2.16,0.8252
Maxmin,2.17,0.8255
Maxmin,2.18,0.8258
Maxmin,2.19,0.8256
Maxmin,2.2,0.8256
Maxmin,2.21,0.8256
Maxmin,2.22,0.8254
Maxmin,2.23,0.8257
Maxmin,2.24,0.8257
Maxmin,2.25,0.8254
Maxmin,2.26,0.825
Maxmin,2.27,0.825
Maxmin,2.28,0.825
Maxmin,2.29,0.825
Maxmin,2.3,0.8253
Maxmin,2.31,0.8251
Maxmin,2.32,0.8246
Maxmin,2.33,0.8246
Maxmin,2.34,0.8246
Maxmin,2.35,0.8246
Maxmin,2.36,0.8247
Maxmin,2.37,0.8243
Maxmin,2.38,0.8244
Maxmin,2.39,0.8242
Maxmin,2.4,0.8238
Maxmin,2.41,0.8236
Maxmin,2.42,0.823
Maxmin,2.43,0.8222
Maxmin,2.44,0.8216
Maxmin,2.45,0.8214
Maxmin,2.46,0.8212
Maxmin,2.47,0.8204
Maxmin,2.48,0.8198
Maxmin,2.49,0.8195
Maxmin,2.5,0.8195
Maxmin,2.51,0.819
Maxmin,2.52,0.8186
Maxmin,2.53,0.8184
Maxmin,2.54,0.8182
Maxmin,2.55,0.8177
Maxmin,2.56,0.8171
Maxmin,2.57,0.8167
Maxmin,2.58,0.8167
Maxmin,2.59,0.8162
Maxmin,2.6,0.8154
Maxmin,2.61,0.8148
Maxmin,2.62,0.8144
Maxmin,2.63,0.8139
Maxmin,2.64,0.8136
Maxmin,2.65,0.8132
Maxmin,2.66,0.8127
Maxmin,2.67,0.8121
Maxmin,2.68,0.8117
Maxmin,2.69,0.8108
Maxmin,2.7,0.8108
Maxmin,2.71,0.8101
Maxmin,2.72,0.8098
Maxmin,2.73,0.809
Maxmin,2.74,0.8082
Maxmin,2.75,0.8079
Maxmin,2.76,0.8071
Maxmin,2.77,0.8065
Maxmin,2.78,0.806
Maxmin,2.79,0.8053
Maxmin,2.8,0.8044
Maxmin,2.81,0.8037
Maxmin,2.82,0.8026
Maxmin,2.83,0.8021
Maxmin,2.84,0.8015
Maxmin,2.85,0.8008
Maxmin,2.86,0.8001
Maxmin,2.87,0.799
Maxmin,2.88,0.7983
Maxmin,2.89,0.7975
Maxmin,2.9,0.7968
Maxmin,2.91,0.7961
Maxmin,2.92,0.7957
Maxmin,2.93,0.795
Maxmin,2.94,0.7941
Maxmin,2.95,0.7933
Maxmin,2.96,0.7926
Maxmin,2.97,0.7916
Maxmin,2.98,0.7904
Maxmin,2.99,0.7895
Maxmin,3.0,0.789
Maxmin,3.01,0.7878
Maxmin,3.02,0.7874
Maxmin,3.03,0.787
Maxmin,3.04,0.7861
Maxmin,3.05,0.7851
Maxmin,3.06,0.7843
Maxmin,3.07,0.7838
Maxmin,3.08,0.7832
Maxmin,3.09,0.7827
Maxmin,3.1,0.7815
Maxmin,3.11,0.7806
Maxmin,3.12,0.7802
Maxmin,3.13,0.7799
Maxmin,3.14,0.7791
Maxmin,3.15,0.7783
Maxmin,3.16,0.7776
Maxmin,3.17,0.7764
Maxmin,3.18,0.7753
Maxmin,3.19,0.7745
Maxmin,3.2,0.7735
Maxmin,3.21,0.7726
Maxmin,3.22,0.7717
Maxmin,3.23,0.771
Maxmin,3.24,0.7703
Maxmin,3.25,0.7694
Maxmin,3.26,0.7685
Maxmin,3.27,0.7678
Maxmin,3.28,0.7665
Maxmin,3.29,0.7655
Maxmin,3.3,0.7651
Maxmin,3.31,0.7641
Maxmin,3.32,0.7631
Maxmin,3.33,0.7619
Maxmin,3.34,0.7606
Maxmin,3.35,0.7595
Maxmin,3.36,0.7579
Maxmin,3.37,0.7571
Maxmin,3.38,0.7558
Maxmin,3.39,0.7547
Maxmin,3.4,0.7537
Maxmin,3.41,0.753
Maxmin,3.42,0.7516
Maxmin,3.43,0.7502
Maxmin,3.44,0.7488
Maxmin,3.45,0.7481
Maxmin,3.46,0.7471
Maxmin,3.47,0.7457
Maxmin,3.48,0.7444
Maxmin,3.49,0.7433
Maxmin,3.5,0.742
Maxmin,3.51,0.7398
Maxmin,3.52,0.739
Maxmin,3.53,0.7377
Maxmin,3.54,0.7367
Maxmin,3.55,0.7357
Maxmin,3.56,0.7349
Maxmin,3.57,0.7338
Maxmin,3.58,0.733
Maxmin,3.59,0.732
Maxmin,3.6,0.7312
Maxmin,3.61,0.7303
Maxmin,3.62,0.7292
Maxmin,3.63,0.728
Maxmin,3.64,0.7265
Maxmin,3.65,0.7258
Maxmin,3.66,0.7249
Maxmin,3.67,0.7244
Maxmin,3.68,0.7231
Maxmin,3.69,0.722
Maxmin,3.7,0.7215
Maxmin,3.71,0.7206
Maxmin,3.72,0.7196
Maxmin,3.73,0.7193
Maxmin,3.74,0.7178
Maxmin,3.75,0.7171
Maxmin,3.76,0.716
Maxmin,3.77,0.7151
Maxmin,3.78,0.7141
Maxmin,3.79,0.7133
Maxmin,3.8,0.712
Maxmin,3.81,0.7111
Maxmin,3.82,0.7098
Maxmin,3.83,0.7078
Maxmin,3.84,0.7059
Maxmin,3.85,0.7048
Maxmin,3.86,0.7036
Maxmin,3.87,0.7025
Maxmin,3.88,0.7019
Maxmin,3.89,0.7012
Maxmin,3.9,0.7003
Maxmin,3.91,0.699
Maxmin,3.92,0.6981
Maxmin,3.93,0.6974
Maxmin,3.94,0.6965
Maxmin,3.95,0.6955
Maxmin,3.96,0.6944
Maxmin,3.97,0.6939
Maxmin,3.98,0.6931
Maxmin,3.99,0.6929
Maxmin,4.0,0.6919
Maxmin,4.01,0.6917
Maxmin,4.02,0.69
Maxmin,4.03,0.6893
Maxmin,4.04,0.6888
Maxmin,4.05,0.6884
Maxmin,4.06,0.6881
Maxmin,4.07,0.6877
Maxmin,4.08,0.6874
Maxmin,4.09,0.6872
Maxmin,4.1,0.6866
Maxmin,4.11,0.6865
Maxmin,4.12,0.6863
Maxmin,4.13,0.6862
Maxmin,4.14,0.6857
Maxmin,4.15,0.6856
Maxmin,4.16,0.6853
Maxmin,4.17,0.6853
Maxmin,4.18,0.6848
Maxmin,4.19,0.6848
Maxmin,4.2,0.6846
Maxmin,4.21,0.6846
Maxmin,4.23,0.6845
Maxmin,4.24,0.6841
Maxmin,4.25,0.6839
Maxmin,4.26,0.6838
Maxmin,4.31,0.6838
Maxmin,4.33,0.6838
Maxmin,4.35,0.6838
Maxmin,4.36,0.6837
Maxmin,4.37,0.6837
Maxmin,4.38,0.6837
Greedy-DPP,1.32,0.8192
Greedy-DPP,1.33,0.8192
Greedy-DPP,1.35,0.8192
Greedy-DPP,1.39,0.8192
Greedy-DPP,1.43,0.8193
Greedy-DPP,1.44,0.8195
Greedy-DPP,1.45,0.8196
Greedy-DPP,1.46,0.8196
Greedy-DPP,1.47,0.8197
Greedy-DPP,1.48,0.82
Greedy-DPP,1.49,0.8202
Greedy-DPP,1.5,0.8203
Greedy-DPP,1.51,0.8204
Greedy-DPP,1.52,0.8205
Greedy-DPP,1.53,0.8206
Greedy-DPP,1.54,0.8207
Greedy-DPP,1.55,0.821
Greedy-DPP,1.56,0.8213
Greedy-DPP,1.57,0.8215
Greedy-DPP,1.58,0.8216
Greedy-DPP,1.59,0.8218
Greedy-DPP,1.6,0.8218
Greedy-DPP,1.61,0.8221
Greedy-DPP,1.62,0.8224
Greedy-DPP,1.63,0.8226
Greedy-DPP,1.64,0.8227
Greedy-DPP,1.65,0.8229
Greedy-DPP,1.66,0.823
Greedy-DPP,1.67,0.8233
Greedy-DPP,1.68,0.8237
Greedy-DPP,1.69,0.8243
Greedy-DPP,1.7,0.825
Greedy-DPP,1.71,0.8254
Greedy-DPP,1.72,0.8261
Greedy-DPP,1.73,0.8264
Greedy-DPP,1.74,0.8267
Greedy-DPP,1.75,0.8271
Greedy-DPP,1.76,0.8273
Greedy-DPP,1.77,0.8275
Greedy-DPP,1.78,0.8279
Greedy-DPP,1.79,0.8285
Greedy-DPP,1.8,0.8287
Greedy-DPP,1.81,0.8289
Greedy-DPP,1.82,0.8292
Greedy-DPP,1.83,0.8296
Greedy-DPP,1.84,0.83
Greedy-DPP,1.85,0.8303
Greedy-DPP,1.86,0.8308
Greedy-DPP,1.87,0.8306
Greedy-DPP,1.88,0.8309
Greedy-DPP,1.89,0.8309
Greedy-DPP,1.9,0.8309
Greedy-DPP,1.91,0.8312
Greedy-DPP,1.92,0.8313
Greedy-DPP,1.93,0.8319
Greedy-DPP,1.94,0.8323
Greedy-DPP,1.95,0.8327
Greedy-DPP,1.96,0.833
Greedy-DPP,1.97,0.8333
Greedy-DPP,1.98,0.8338
Greedy-DPP,1.99,0.8343
Greedy-DPP,2.0,0.8345
Greedy-DPP,2.01,0.8349
Greedy-DPP,2.02,0.8353
Greedy-DPP,2.03,0.8357
Greedy-DPP,2.04,0.8358
Greedy-DPP,2.05,0.836
Greedy-DPP,2.06,0.8361
Greedy-DPP,2.07,0.8365
Greedy-DPP,2.08,0.8366
Greedy-DPP,2.09,0.8368
Greedy-DPP,2.1,0.8371
Greedy-DPP,2.11,0.8374
Greedy-DPP,2.12,0.8377
Greedy-DPP,2.13,0.8378
Greedy-DPP,2.14,0.8381
Greedy-DPP,2.15,0.8386
Greedy-DPP,2.16,0.8385
Greedy-DPP,2.17,0.8391
Greedy-DPP,2.18,0.8397
Greedy-DPP,2.19,0.8398
Greedy-DPP,2.2,0.8399
Greedy-DPP,2.21,0.8404
Greedy-DPP,2.22,0.841
Greedy-DPP,2.23,0.8412
Greedy-DPP,2.24,0.8416
Greedy-DPP,2.25,0.8419
Greedy-DPP,2.26,0.8422
Greedy-DPP,2.27,0.8426
Greedy-DPP,2.28,0.8432
Greedy-DPP,2.29,0.8434
Greedy-DPP,2.3,0.8436
Greedy-DPP,2.31,0.8439
Greedy-DPP,2.32,0.8441
Greedy-DPP,2.33,0.8441
Greedy-DPP,2.34,0.8443
Greedy-DPP,2.35,0.8448
Greedy-DPP,2.36,0.8448
Greedy-DPP,2.37,0.8453
Greedy-DPP,2.38,0.8456
Greedy-DPP,2.39,0.8457
Greedy-DPP,2.4,0.8461
Greedy-DPP,2.41,0.8462
Greedy-DPP,2.42,0.8464
Greedy-DPP,2.43,0.8462
Greedy-DPP,2.44,0.8462
Greedy-DPP,2.45,0.8462
Greedy-DPP,2.46,0.8463
Greedy-DPP,2.47,0.8466
Greedy-DPP,2.48,0.8465
Greedy-DPP,2.49,0.8467
Greedy-DPP,2.5,0.847
Greedy-DPP,2.51,0.8472
Greedy-DPP,2.52,0.8475
Greedy-DPP,2.53,0.8475
Greedy-DPP,2.54,0.8476
Greedy-DPP,2.55,0.8474
Greedy-DPP,2.56,0.8472
Greedy-DPP,2.57,0.8473
Greedy-DPP,2.58,0.8476
Greedy-DPP,2.59,0.8478
Greedy-DPP,2.6,0.8479
Greedy-DPP,2.61,0.8484
Greedy-DPP,2.62,0.8483
Greedy-DPP,2.63,0.8485
Greedy-DPP,2.64,0.8488
Greedy-DPP,2.65,0.8491
Greedy-DPP,2.66,0.8491
Greedy-DPP,2.67,0.8493
Greedy-DPP,2.68,0.8492
Greedy-DPP,2.69,0.8493
Greedy-DPP,2.7,0.8496
Greedy-DPP,2.71,0.8497
Greedy-DPP,2.72,0.8502
Greedy-DPP,2.73,0.8504
Greedy-DPP,2.74,0.8503
Greedy-DPP,2.75,0.8504
Greedy-DPP,2.76,0.8505
Greedy-DPP,2.77,0.8506
Greedy-DPP,2.78,0.8507
Greedy-DPP,2.79,0.8509
Greedy-DPP,2.8,0.851
Greedy-DPP,2.81,0.8511
Greedy-DPP,2.82,0.8509
Greedy-DPP,2.83,0.851
Greedy-DPP,2.84,0.8512
Greedy-DPP,2.85,0.8511
Greedy-DPP,2.86,0.8513
Greedy-DPP,2.87,0.8515
Greedy-DPP,2.88,0.8516
Greedy-DPP,2.89,0.8517
Greedy-DPP,2.9,0.8519
Greedy-DPP,2.91,0.8522
Greedy-DPP,2.92,0.8522
Greedy-DPP,2.93,0.8525
Greedy-DPP,2.94,0.8529
Greedy-DPP,2.95,0.853
Greedy-DPP,2.96,0.8532
Greedy-DPP,2.97,0.853
Greedy-DPP,2.98,0.8531
Greedy-DPP,2.99,0.8532
Greedy-DPP,3.0,0.8533
Greedy-DPP,3.01,0.8534
Greedy-DPP,3.02,0.8534
Greedy-DPP,3.03,0.8534
Greedy-DPP,3.04,0.8535
Greedy-DPP,3.05,0.8536
Greedy-DPP,3.06,0.8536
Greedy-DPP,3.07,0.8537
Greedy-DPP,3.08,0.8537
Greedy-DPP,3.09,0.8539
Greedy-DPP,3.1,0.8538
Greedy-DPP,3.11,0.8541
Greedy-DPP,3.12,0.8541
Greedy-DPP,3.13,0.8542
Greedy-DPP,3.14,0.8542
Greedy-DPP,3.15,0.8542
Greedy-DPP,3.16,0.8542
Greedy-DPP,3.17,0.8542
Greedy-DPP,3.18,0.8542
Greedy-DPP,3.19,0.8543
Greedy-DPP,3.2,0.8543
Greedy-DPP,3.21,0.8543
Greedy-DPP,3.22,0.8543
Greedy-DPP,3.23,0.8544
Greedy-DPP,3.24,0.8544
Greedy-DPP,3.25,0.8543
Greedy-DPP,3.26,0.8543
Greedy-DPP,3.27,0.8546
Greedy-DPP,3.28,0.8548
Greedy-DPP,3.29,0.8547
Greedy-DPP,3.3,0.8546
Greedy-DPP,3.31,0.8546
Greedy-DPP,3.32,0.8544
Greedy-DPP,3.33,0.8547
Greedy-DPP,3.34,0.8547
Greedy-DPP,3.35,0.8547
Greedy-DPP,3.36,0.8548
Greedy-DPP,3.37,0.8547
Greedy-DPP,3.38,0.8547
Greedy-DPP,3.39,0.8547
Greedy-DPP,3.4,0.8549
Greedy-DPP,3.41,0.8548
Greedy-DPP,3.42,0.8544
Greedy-DPP,3.43,0.8543
Greedy-DPP,3.44,0.8544
Greedy-DPP,3.45,0.8542
Greedy-DPP,3.46,0.8544
Greedy-DPP,3.47,0.8544
Greedy-DPP,3.48,0.8544
Greedy-DPP,3.49,0.8543
Greedy-DPP,3.5,0.8541
Greedy-DPP,3.51,0.8539
Greedy-DPP,3.52,0.8538
Greedy-DPP,3.53,0.854
Greedy-DPP,3.54,0.8538
Greedy-DPP,3.55,0.8536
Greedy-DPP,3.56,0.8535
Greedy-DPP,3.57,0.8533
Greedy-DPP,3.58,0.8532
Greedy-DPP,3.59,0.8526
Greedy-DPP,3.6,0.8525
Greedy-DPP,3.61,0.8524
Greedy-DPP,3.62,0.8522
Greedy-DPP,3.63,0.8522
Greedy-DPP,3.64,0.8519
Greedy-DPP,3.65,0.8516
Greedy-DPP,3.66,0.8513
Greedy-DPP,3.67,0.851
Greedy-DPP,3.68,0.8509
Greedy-DPP,3.69,0.8506
Greedy-DPP,3.7,0.8506
Greedy-DPP,3.71,0.8504
Greedy-DPP,3.72,0.85
Greedy-DPP,3.73,0.8497
Greedy-DPP,3.74,0.8496
Greedy-DPP,3.75,0.8494
Greedy-DPP,3.76,0.849
Greedy-DPP,3.77,0.8486
Greedy-DPP,3.78,0.8486
Greedy-DPP,3.79,0.8482
Greedy-DPP,3.8,0.8478
Greedy-DPP,3.81,0.8477
Greedy-DPP,3.82,0.8476
Greedy-DPP,3.83,0.8473
Greedy-DPP,3.84,0.8472
Greedy-DPP,3.85,0.8472
Greedy-DPP,3.86,0.8471
Greedy-DPP,3.87,0.8468
Greedy-DPP,3.88,0.8466
Greedy-DPP,3.89,0.8465
Greedy-DPP,3.9,0.8461
Greedy-DPP,3.91,0.8459
Greedy-DPP,3.92,0.8457
Greedy-DPP,3.93,0.8454
Greedy-DPP,3.94,0.8454
Greedy-DPP,3.95,0.8453
Greedy-DPP,3.96,0.8453
Greedy-DPP,3.97,0.8452
Greedy-DPP,3.98,0.8452
Greedy-DPP,3.99,0.8451
Greedy-DPP,4.0,0.845
Greedy-DPP,4.01,0.845
Greedy-DPP,4.02,0.8446
Greedy-DPP,4.03,0.8445
Greedy-DPP,4.04,0.8443
Greedy-DPP,4.05,0.8443
Greedy-DPP,4.06,0.8441
Greedy-DPP,4.07,0.8441
Greedy-DPP,4.08,0.8441
Greedy-DPP,4.09,0.8441
Greedy-DPP,4.1,0.8441
Greedy-DPP,4.11,0.8441
Greedy-DPP,4.12,0.8441
Greedy-DPP,4.13,0.8441
Greedy-DPP,4.14,0.8441
Greedy-DPP,4.15,0.8441
Greedy-DPP,4.16,0.8441
Greedy-DPP,4.17,0.8441
Greedy-DPP,4.18,0.8441
Greedy-DPP,4.19,0.8441
Greedy-DPP,4.2,0.8441
Greedy-DPP,4.21,0.8441
Greedy-DPP,4.23,0.8441
Greedy-DPP,4.24,0.8441
Greedy-DPP,4.25,0.8441
Greedy-DPP,4.26,0.8441
Greedy-DPP,4.31,0.8441
Greedy-DPP,4.33,0.8441
Greedy-DPP,4.35,0.8441
Greedy-DPP,4.36,0.8441
Greedy-DPP,4.37,0.8441
Greedy-DPP,4.38,0.8441
RNG(-0.3),1.32,0.8192
RNG(-0.3),1.33,0.8192
RNG(-0.3),1.35,0.8192
RNG(-0.3),1.39,0.8192
RNG(-0.3),1.43,0.8192
RNG(-0.3),1.44,0.8195
RNG(-0.3),1.45,0.8195
RNG(-0.3),1.46,0.8195
RNG(-0.3),1.47,0.8195
RNG(-0.3),1.48,0.8196
RNG(-0.3),1.49,0.8198
RNG(-0.3),1.5,0.8199
RNG(-0.3),1.51,0.8199
RNG(-0.3),1.52,0.8199
RNG(-0.3),1.53,0.8199
RNG(-0.3),1.54,0.8199
RNG(-0.3),1.55,0.82
RNG(-0.3),1.56,0.82
RNG(-0.3),1.57,0.82
RNG(-0.3),1.58,0.8201
RNG(-0.3),1.59,0.8202
RNG(-0.3),1.6,0.8202
RNG(-0.3),1.61,0.8203
RNG(-0.3),1.62,0.8206
RNG(-0.3),1.63,0.8206
RNG(-0.3),1.64,0.8207
RNG(-0.3),1.65,0.8207
RNG(-0.3),1.66,0.8207
RNG(-0.3),1.67,0.8207
RNG(-0.3),1.68,0.8208
RNG(-0.3),1.69,0.821
RNG(-0.3),1.7,0.8215
RNG(-0.3),1.71,0.8217
RNG(-0.3),1.72,0.8219
RNG(-0.3),1.73,0.822
RNG(-0.3),1.74,0.8221
RNG(-0.3),1.75,0.8222
RNG(-0.3),1.76,0.8223
RNG(-0.3),1.77,0.8225
RNG(-0.3),1.78,0.8225
RNG(-0.3),1.79,0.8226
RNG(-0.3),1.8,0.8227
RNG(-0.3),1.81,0.8228
RNG(-0.3),1.82,0.8229
RNG(-0.3),1.83,0.823
RNG(-0.3),1.84,0.8233
RNG(-0.3),1.85,0.8233
RNG(-0.3),1.86,0.8234
RNG(-0.3),1.87,0.8235
RNG(-0.3),1.88,0.8237
RNG(-0.3),1.89,0.8237
RNG(-0.3),1.9,0.8239
RNG(-0.3),1.91,0.824
RNG(-0.3),1.92,0.824
RNG(-0.3),1.93,0.824
RNG(-0.3),1.94,0.8242
RNG(-0.3),1.95,0.8243
RNG(-0.3),1.96,0.8245
RNG(-0.3),1.97,0.8246
RNG(-0.3),1.98,0.8246
RNG(-0.3),1.99,0.8248
RNG(-0.3),2.0,0.825
RNG(-0.3),2.01,0.8251
RNG(-0.3),2.02,0.8252
RNG(-0.3),2.03,0.8254
RNG(-0.3),2.04,0.8254
RNG(-0.3),2.05,0.8254
RNG(-0.3),2.06,0.8255
RNG(-0.3),2.07,0.8257
RNG(-0.3),2.08,0.8257
RNG(-0.3),2.09,0.8258
RNG(-0.3),2.1,0.8258
RNG(-0.3),2.11,0.8258
RNG(-0.3),2.12,0.8259
RNG(-0.3),2.13,0.826
RNG(-0.3),2.14,0.826
RNG(-0.3),2.15,0.826
RNG(-0.3),2.16,0.8262
RNG(-0.3),2.17,0.8266
RNG(-0.3),2.18,0.8267
RNG(-0.3),2.19,0.8267
RNG(-0.3),2.2,0.8267
RNG(-0.3),2.21,0.8269
RNG(-0.3),2.22,0.8271
RNG(-0.3),2.23,0.8272
RNG(-0.3),2.24,0.8273
RNG(-0.3),2.25,0.8274
RNG(-0.3),2.26,0.8276
RNG(-0.3),2.27,0.8277
RNG(-0.3),2.28,0.8279
RNG(-0.3),2.29,0.828
RNG(-0.3),2.3,0.8281
RNG(-0.3),2.31,0.8283
RNG(-0.3),2.32,0.8283
RNG(-0.3),2.33,0.8284
RNG(-0.3),2.34,0.8285
RNG(-0.3),2.35,0.8287
RNG(-0.3),2.36,0.8288
RNG(-0.3),2.37,0.829
RNG(-0.3),2.38,0.829
RNG(-0.3),2.39,0.8291
RNG(-0.3),2.4,0.8292
RNG(-0.3),2.41,0.8293
RNG(-0.3),2.42,0.8295
RNG(-0.3),2.43,0.8295
RNG(-0.3),2.44,0.8295
RNG(-0.3),2.45,0.8295
RNG(-0.3),2.46,0.8296
RNG(-0.3),2.47,0.8297
RNG(-0.3),2.48,0.8298
RNG(-0.3),2.49,0.8298
RNG(-0.3),2.5,0.8298
RNG(-0.3),2.51,0.83
RNG(-0.3),2.52,0.8302
RNG(-0.3),2.53,0.8303
RNG(-0.3),2.54,0.8303
RNG(-0.3),2.55,0.8302
RNG(-0.3),2.56,0.8303
RNG(-0.3),2.57,0.8304
RNG(-0.3),2.58,0.8304
RNG(-0.3),2.59,0.8305
RNG(-0.3),2.6,0.8306
RNG(-0.3),2.61,0.8307
RNG(-0.3),2.62,0.8308
RNG(-0.3),2.63,0.8309
RNG(-0.3),2.64,0.831
RNG(-0.3),2.65,0.8311
RNG(-0.3),2.66,0.8312
RNG(-0.3),2.67,0.8312
RNG(-0.3),2.68,0.8313
RNG(-0.3),2.69,0.8313
RNG(-0.3),2.7,0.8314
RNG(-0.3),2.71,0.8314
RNG(-0.3),2.72,0.8315
RNG(-0.3),2.73,0.8315
RNG(-0.3),2.74,0.8316
RNG(-0.3),2.75,0.8316
RNG(-0.3),2.76,0.8316
RNG(-0.3),2.77,0.8317
RNG(-0.3),2.78,0.8318
RNG(-0.3),2.79,0.8319
RNG(-0.3),2.8,0.832
RNG(-0.3),2.81,0.8321
RNG(-0.3),2.82,0.8321
RNG(-0.3),2.83,0.8322
RNG(-0.3),2.84,0.8322
RNG(-0.3),2.85,0.8323
RNG(-0.3),2.86,0.8324
RNG(-0.3),2.87,0.8324
RNG(-0.3),2.88,0.8325
RNG(-0.3),2.89,0.8326
RNG(-0.3),2.9,0.8327
RNG(-0.3),2.91,0.8327
RNG(-0.3),2.92,0.8328
RNG(-0.3),2.93,0.8329
RNG(-0.3),2.94,0.833
RNG(-0.3),2.95,0.833
RNG(-0.3),2.96,0.8329
RNG(-0.3),2.97,0.8327
RNG(-0.3),2.98,0.8327
RNG(-0.3),2.99,0.8328
RNG(-0.3),3.0,0.8328
RNG(-0.3),3.01,0.8328
RNG(-0.3),3.02,0.8328
RNG(-0.3),3.03,0.8329
RNG(-0.3),3.04,0.8329
RNG(-0.3),3.05,0.833
RNG(-0.3),3.06,0.833
RNG(-0.3),3.07,0.8332
RNG(-0.3),3.08,0.8332
RNG(-0.3),3.09,0.8333
RNG(-0.3),3.1,0.8333
RNG(-0.3),3.11,0.8334
RNG(-0.3),3.12,0.8335
RNG(-0.3),3.13,0.8335
RNG(-0.3),3.14,0.8336
RNG(-0.3),3.15,0.8337
RNG(-0.3),3.16,0.8337
RNG(-0.3),3.17,0.8337
RNG(-0.3),3.18,0.8338
RNG(-0.3),3.19,0.8338
RNG(-0.3),3.2,0.8339
RNG(-0.3),3.21,0.8339
RNG(-0.3),3.22,0.834
RNG(-0.3),3.23,0.834
RNG(-0.3),3.24,0.834
RNG(-0.3),3.25,0.8341
RNG(-0.3),3.26,0.8341
RNG(-0.3),3.27,0.8343
RNG(-0.3),3.28,0.8343
RNG(-0.3),3.29,0.8345
RNG(-0.3),3.3,0.8345
RNG(-0.3),3.31,0.8345
RNG(-0.3),3.32,0.8345
RNG(-0.3),3.33,0.8346
RNG(-0.3),3.34,0.8347
RNG(-0.3),3.35,0.8347
RNG(-0.3),3.36,0.8348
RNG(-0.3),3.37,0.8348
RNG(-0.3),3.38,0.8349
RNG(-0.3),3.39,0.8349
RNG(-0.3),3.4,0.8349
RNG(-0.3),3.41,0.8349
RNG(-0.3),3.42,0.835
RNG(-0.3),3.43,0.835
RNG(-0.3),3.44,0.835
RNG(-0.3),3.45,0.835
RNG(-0.3),3.46,0.8351
RNG(-0.3),3.47,0.8351
RNG(-0.3),3.48,0.8352
RNG(-0.3),3.49,0.8352
RNG(-0.3),3.5,0.8352
RNG(-0.3),3.51,0.8352
RNG(-0.3),3.52,0.8352
RNG(-0.3),3.53,0.8352
RNG(-0.3),3.54,0.8352
RNG(-0.3),3.55,0.8352
RNG(-0.3),3.56,0.8352
RNG(-0.3),3.57,0.8352
RNG(-0.3),3.58,0.8351
RNG(-0.3),3.59,0.8351
RNG(-0.3),3.6,0.8352
RNG(-0.3),3.61,0.8352
RNG(-0.3),3.62,0.8352
RNG(-0.3),3.63,0.8352
RNG(-0.3),3.64,0.8352
RNG(-0.3),3.65,0.8352
RNG(-0.3),3.66,0.8352
RNG(-0.3),3.67,0.8352
RNG(-0.3),3.68,0.8352
RNG(-0.3),3.69,0.8352
RNG(-0.3),3.7,0.8352
RNG(-0.3),3.71,0.8352
RNG(-0.3),3.72,0.8352
RNG(-0.3),3.73,0.8353
RNG(-0.3),3.74,0.8352
RNG(-0.3),3.75,0.8352
RNG(-0.3),3.76,0.8352
RNG(-0.3),3.77,0.8352
RNG(-0.3),3.78,0.8352
RNG(-0.3),3.79,0.8352
RNG(-0.3),3.8,0.8352
RNG(-0.3),3.81,0.8353
RNG(-0.3),3.82,0.8353
RNG(-0.3),3.83,0.8353
RNG(-0.3),3.84,0.8353
RNG(-0.3),3.85,0.8353
RNG(-0.3),3.86,0.8353
RNG(-0.3),3.87,0.8353
RNG(-0.3),3.88,0.8353
RNG(-0.3),3.89,0.8353
RNG(-0.3),3.9,0.8353
RNG(-0.3),3.91,0.8353
RNG(-0.3),3.92,0.8353
RNG(-0.3),3.93,0.8353
RNG(-0.3),3.94,0.8353
RNG(-0.3),3.95,0.8353
RNG(-0.3),3.96,0.8353
RNG(-0.3),3.97,0.8353
RNG(-0.3),3.98,0.8353
RNG(-0.3),3.99,0.8353
RNG(-0.3),4.0,0.8353
RNG(-0.3),4.01,0.8353
RNG(-0.3),4.02,0.8353
RNG(-0.3),4.03,0.8353
RNG(-0.3),4.04,0.8353
RNG(-0.3),4.05,0.8353
RNG(-0.3),4.06,0.8353
RNG(-0.3),4.07,0.8353
RNG(-0.3),4.08,0.8353
RNG(-0.3),4.09,0.8353
RNG(-0.3),4.1,0.8353
RNG(-0.3),4.11,0.8353
RNG(-0.3),4.12,0.8353
RNG(-0.3),4.13,0.8353
RNG(-0.3),4.14,0.8353
RNG(-0.3),4.15,0.8353
RNG(-0.3),4.16,0.8353
RNG(-0.3),4.17,0.8353
RNG(-0.3),4.18,0.8353
RNG(-0.3),4.19,0.8353
RNG(-0.3),4.2,0.8353
RNG(-0.3),4.21,0.8353
RNG(-0.3),4.23,0.8353
RNG(-0.3),4.24,0.8353
RNG(-0.3),4.25,0.8353
RNG(-0.3),4.26,0.8353
RNG(-0.3),4.31,0.8353
RNG(-0.3),4.33,0.8353
RNG(-0.3),4.35,0.8353
RNG(-0.3),4.36,0.8353
RNG(-0.3),4.37,0.8353
RNG(-0.3),4.38,0.8353
Seg(-0.3),1.32,0.8192
Seg(-0.3),1.33,0.8192
Seg(-0.3),1.35,0.8192
Seg(-0.3),1.39,0.8192
Seg(-0.3),1.43,0.8192
Seg(-0.3),1.44,0.8195
Seg(-0.3),1.45,0.8195
Seg(-0.3),1.46,0.8195
Seg(-0.3),1.47,0.8195
Seg(-0.3),1.48,0.8196
Seg(-0.3),1.49,0.8198
Seg(-0.3),1.5,0.8199
Seg(-0.3),1.51,0.8199
Seg(-0.3),1.52,0.82
Seg(-0.3),1.53,0.82
Seg(-0.3),1.54,0.8201
Seg(-0.3),1.55,0.8202
Seg(-0.3),1.56,0.8202
Seg(-0.3),1.57,0.8203
Seg(-0.3),1.58,0.8204
Seg(-0.3),1.59,0.8205
Seg(-0.3),1.6,0.8205
Seg(-0.3),1.61,0.8207
Seg(-0.3),1.62,0.821
Seg(-0.3),1.63,0.8211
Seg(-0.3),1.64,0.8211
Seg(-0.3),1.65,0.8212
Seg(-0.3),1.66,0.8212
Seg(-0.3),1.67,0.8213
Seg(-0.3),1.68,0.8215
Seg(-0.3),1.69,0.8217
Seg(-0.3),1.7,0.8223
Seg(-0.3),1.71,0.8225
Seg(-0.3),1.72,0.8227
Seg(-0.3),1.73,0.8229
Seg(-0.3),1.74,0.8229
Seg(-0.3),1.75,0.8231
Seg(-0.3),1.76,0.8232
Seg(-0.3),1.77,0.8233
Seg(-0.3),1.78,0.8234
Seg(-0.3),1.79,0.8235
Seg(-0.3),1.8,0.8236
Seg(-0.3),1.81,0.8236
Seg(-0.3),1.82,0.8237
Seg(-0.3),1.83,0.8239
Seg(-0.3),1.84,0.8242
Seg(-0.3),1.85,0.8242
Seg(-0.3),1.86,0.8243
Seg(-0.3),1.87,0.8243
Seg(-0.3),1.88,0.8245
Seg(-0.3),1.89,0.8246
Seg(-0.3),1.9,0.8248
Seg(-0.3),1.91,0.8249
Seg(-0.3),1.92,0.8249
Seg(-0.3),1.93,0.8251
Seg(-0.3),1.94,0.8252
Seg(-0.3),1.95,0.8253
Seg(-0.3),1.96,0.8256
Seg(-0.3),1.97,0.8257
Seg(-0.3),1.98,0.8257
Seg(-0.3),1.99,0.8259
Seg(-0.3),2.0,0.8261
Seg(-0.3),2.01,0.8262
Seg(-0.3),2.02,0.8263
Seg(-0.3),2.03,0.8266
Seg(-0.3),2.04,0.8267
Seg(-0.3),2.05,0.8267
Seg(-0.3),2.06,0.8268
Seg(-0.3),2.07,0.8269
Seg(-0.3),2.08,0.827
Seg(-0.3),2.09,0.8271
Seg(-0.3),2.1,0.8272
Seg(-0.3),2.11,0.8272
Seg(-0.3),2.12,0.8273
Seg(-0.3),2.13,0.8275
Seg(-0.3),2.14,0.8276
Seg(-0.3),2.15,0.8277
Seg(-0.3),2.16,0.8278
Seg(-0.3),2.17,0.8281
Seg(-0.3),2.18,0.8283
Seg(-0.3),2.19,0.8283
Seg(-0.3),2.2,0.8283
Seg(-0.3),2.21,0.8284
Seg(-0.3),2.22,0.8288
Seg(-0.3),2.23,0.8289
Seg(-0.3),2.24,0.829
Seg(-0.3),2.25,0.8291
Seg(-0.3),2.26,0.8293
Seg(-0.3),2.27,0.8295
Seg(-0.3),2.28,0.8296
Seg(-0.3),2.29,0.8298
Seg(-0.3),2.3,0.8298
Seg(-0.3),2.31,0.83
Seg(-0.3),2.32,0.8301
Seg(-0.3),2.33,0.8303
Seg(-0.3),2.34,0.8304
Seg(-0.3),2.35,0.8307
Seg(-0.3),2.36,0.8308
Seg(-0.3),2.37,0.831
Seg(-0.3),2.38,0.831
Seg(-0.3),2.39,0.8311
Seg(-0.3),2.4,0.8313
Seg(-0.3),2.41,0.8314
Seg(-0.3),2.42,0.8316
Seg(-0.3),2.43,0.8317
Seg(-0.3),2.44,0.8318
Seg(-0.3),2.45,0.8318
Seg(-0.3),2.46,0.8319
Seg(-0.3),2.47,0.832
Seg(-0.3),2.48,0.832
Seg(-0.3),2.49,0.8321
Seg(-0.3),2.5,0.8322
Seg(-0.3),2.51,0.8324
Seg(-0.3),2.52,0.8326
Seg(-0.3),2.53,0.8327
Seg(-0.3),2.54,0.8327
Seg(-0.3),2.55,0.8326
Seg(-0.3),2.56,0.8327
Seg(-0.3),2.57,0.8328
Seg(-0.3),2.58,0.8329
Seg(-0.3),2.59,0.833
Seg(-0.3),2.6,0.8331
Seg(-0.3),2.61,0.8333
Seg(-0.3),2.62,0.8334
Seg(-0.3),2.63,0.8335
Seg(-0.3),2.64,0.8337
Seg(-0.3),2.65,0.8338
Seg(-0.3),2.66,0.8339
Seg(-0.3),2.67,0.834
Seg(-0.3),2.68,0.834
Seg(-0.3),2.69,0.834
Seg(-0.3),2.7,0.8341
Seg(-0.3),2.71,0.8341
Seg(-0.3),2.72,0.8342
Seg(-0.3),2.73,0.8343
Seg(-0.3),2.74,0.8344
Seg(-0.3),2.75,0.8345
Seg(-0.3),2.76,0.8345
Seg(-0.3),2.77,0.8346
Seg(-0.3),2.78,0.8347
Seg(-0.3),2.79,0.8348
Seg(-0.3),2.8,0.835
Seg(-0.3),2.81,0.8351
Seg(-0.3),2.82,0.8351
Seg(-0.3),2.83,0.8352
Seg(-0.3),2.84,0.8352
Seg(-0.3),2.85,0.8353
Seg(-0.3),2.86,0.8354
Seg(-0.3),2.87,0.8355
Seg(-0.3),2.88,0.8356
Seg(-0.3),2.89,0.8357
Seg(-0.3),2.9,0.8357
Seg(-0.3),2.91,0.8358
Seg(-0.3),2.92,0.8359
Seg(-0.3),2.93,0.836
Seg(-0.3),2.94,0.836
Seg(-0.3),2.95,0.836
Seg(-0.3),2.96,0.8359
Seg(-0.3),2.97,0.8357
Seg(-0.3),2.98,0.8358
Seg(-0.3),2.99,0.8358
Seg(-0.3),3.0,0.8358
Seg(-0.3),3.01,0.8359
Seg(-0.3),3.02,0.836
Seg(-0.3),3.03,0.836
Seg(-0.3),3.04,0.8362
Seg(-0.3),3.05,0.8362
Seg(-0.3),3.06,0.8363
Seg(-0.3),3.07,0.8365
Seg(-0.3),3.08,0.8365
Seg(-0.3),3.09,0.8367
Seg(-0.3),3.1,0.8367
Seg(-0.3),3.11,0.8369
Seg(-0.3),3.12,0.837
Seg(-0.3),3.13,0.837
Seg(-0.3),3.14,0.8372
Seg(-0.3),3.15,0.8373
Seg(-0.3),3.16,0.8373
Seg(-0.3),3.17,0.8374
Seg(-0.3),3.18,0.8374
Seg(-0.3),3.19,0.8375
Seg(-0.3),3.2,0.8376
Seg(-0.3),3.21,0.8376
Seg(-0.3),3.22,0.8376
Seg(-0.3),3.23,0.8377
Seg(-0.3),3.24,0.8377
Seg(-0.3),3.25,0.8378
Seg(-0.3),3.26,0.8379
Seg(-0.3),3.27,0.8381
Seg(-0.3),3.28,0.8381
Seg(-0.3),3.29,0.8383
Seg(-0.3),3.3,0.8383
Seg(-0.3),3.31,0.8383
Seg(-0.3),3.32,0.8383
Seg(-0.3),3.33,0.8384
Seg(-0.3),3.34,0.8385
Seg(-0.3),3.35,0.8385
Seg(-0.3),3.36,0.8387
Seg(-0.3),3.37,0.8387
Seg(-0.3),3.38,0.8388
Seg(-0.3),3.39,0.8389
Seg(-0.3),3.4,0.8389
Seg(-0.3),3.41,0.8389
Seg(-0.3),3.42,0.839
Seg(-0.3),3.43,0.839
Seg(-0.3),3.44,0.839
Seg(-0.3),3.45,0.8389
Seg(-0.3),3.46,0.839
Seg(-0.3),3.47,0.8391
Seg(-0.3),3.48,0.8391
Seg(-0.3),3.49,0.8391
Seg(-0.3),3.5,0.8391
Seg(-0.3),3.51,0.8391
Seg(-0.3),3.52,0.8391
Seg(-0.3),3.53,0.8392
Seg(-0.3),3.54,0.8392
Seg(-0.3),3.55,0.8392
Seg(-0.3),3.56,0.8392
Seg(-0.3),3.57,0.8392
Seg(-0.3),3.58,0.8391
Seg(-0.3),3.59,0.8391
Seg(-0.3),3.6,0.8392
Seg(-0.3),3.61,0.8392
Seg(-0.3),3.62,0.8392
Seg(-0.3),3.63,0.8392
Seg(-0.3),3.64,0.8392
Seg(-0.3),3.65,0.8392
Seg(-0.3),3.66,0.8392
Seg(-0.3),3.67,0.8392
Seg(-0.3),3.68,0.8391
Seg(-0.3),3.69,0.8391
Seg(-0.3),3.7,0.8391
Seg(-0.3),3.71,0.8391
Seg(-0.3),3.72,0.8391
Seg(-0.3),3.73,0.8391
Seg(-0.3),3.74,0.8391
Seg(-0.3),3.75,0.8391
Seg(-0.3),3.76,0.8388
Seg(-0.3),3.77,0.8388
Seg(-0.3),3.78,0.8388
Seg(-0.3),3.79,0.8388
Seg(-0.3),3.8,0.8387
Seg(-0.3),3.81,0.8387
Seg(-0.3),3.82,0.8387
Seg(-0.3),3.83,0.8387
Seg(-0.3),3.84,0.8387
Seg(-0.3),3.85,0.8387
Seg(-0.3),3.86,0.8387
Seg(-0.3),3.87,0.8387
Seg(-0.3),3.88,0.8387
Seg(-0.3),3.89,0.8388
Seg(-0.3),3.9,0.8388
Seg(-0.3),3.91,0.8388
Seg(-0.3),3.92,0.8388
Seg(-0.3),3.93,0.8388
Seg(-0.3),3.94,0.8388
Seg(-0.3),3.95,0.8388
Seg(-0.3),3.96,0.8388
Seg(-0.3),3.97,0.8388
Seg(-0.3),3.98,0.8388
Seg(-0.3),3.99,0.8388
Seg(-0.3),4.0,0.8388
Seg(-0.3),4.01,0.8388
Seg(-0.3),4.02,0.8388
Seg(-0.3),4.03,0.8388
Seg(-0.3),4.04,0.8388
Seg(-0.3),4.05,0.8388
Seg(-0.3),4.06,0.8388
Seg(-0.3),4.07,0.8388
Seg(-0.3),4.08,0.8388
Seg(-0.3),4.09,0.8388
Seg(-0.3),4.1,0.8388
Seg(-0.3),4.11,0.8388
Seg(-0.3),4.12,0.8388
Seg(-0.3),4.13,0.8388
Seg(-0.3),4.14,0.8388
Seg(-0.3),4.15,0.8388
Seg(-0.3),4.16,0.8388
Seg(-0.3),4.17,0.8388
Seg(-0.3),4.18,0.8388
Seg(-0.3),4.19,0.8388
Seg(-0.3),4.2,0.8388
Seg(-0.3),4.21,0.8388
Seg(-0.3),4.23,0.8388
Seg(-0.3),4.24,0.8388
Seg(-0.3),4.25,0.8388
Seg(-0.3),4.26,0.8388
Seg(-0.3),4.31,0.8388
Seg(-0.3),4.33,0.8388
Seg(-0.3),4.35,0.8388
Seg(-0.3),4.36,0.8388
Seg(-0.3),4.37,0.8388
Seg(-0.3),4.38,0.8388
RNG(-0.2),1.32,0.8192
RNG(-0.2),1.33,0.8192
RNG(-0.2),1.35,0.8192
RNG(-0.2),1.39,0.8192
RNG(-0.2),1.43,0.8192
RNG(-0.2),1.44,0.8195
RNG(-0.2),1.45,0.8195
RNG(-0.2),1.46,0.8196
RNG(-0.2),1.47,0.8196
RNG(-0.2),1.48,0.8197
RNG(-0.2),1.49,0.8199
RNG(-0.2),1.5,0.82
RNG(-0.2),1.51,0.8202
RNG(-0.2),1.52,0.8203
RNG(-0.2),1.53,0.8203
RNG(-0.2),1.54,0.8205
RNG(-0.2),1.55,0.8206
RNG(-0.2),1.56,0.8208
RNG(-0.2),1.57,0.8209
RNG(-0.2),1.58,0.821
RNG(-0.2),1.59,0.8211
RNG(-0.2),1.6,0.8211
RNG(-0.2),1.61,0.8214
RNG(-0.2),1.62,0.8218
RNG(-0.2),1.63,0.8219
RNG(-0.2),1.64,0.8219
RNG(-0.2),1.65,0.822
RNG(-0.2),1.66,0.8221
RNG(-0.2),1.67,0.8223
RNG(-0.2),1.68,0.8226
RNG(-0.2),1.69,0.823
RNG(-0.2),1.7,0.8236
RNG(-0.2),1.71,0.824
RNG(-0.2),1.72,0.8244
RNG(-0.2),1.73,0.8247
RNG(-0.2),1.74,0.825
RNG(-0.2),1.75,0.8251
RNG(-0.2),1.76,0.8254
RNG(-0.2),1.77,0.8256
RNG(-0.2),1.78,0.8258
RNG(-0.2),1.79,0.8259
RNG(-0.2),1.8,0.826
RNG(-0.2),1.81,0.8261
RNG(-0.2),1.82,0.8264
RNG(-0.2),1.83,0.8267
RNG(-0.2),1.84,0.8272
RNG(-0.2),1.85,0.8274
RNG(-0.2),1.86,0.8277
RNG(-0.2),1.87,0.8278
RNG(-0.2),1.88,0.828
RNG(-0.2),1.89,0.8281
RNG(-0.2),1.9,0.8283
RNG(-0.2),1.91,0.8285
RNG(-0.2),1.92,0.8286
RNG(-0.2),1.93,0.829
RNG(-0.2),1.94,0.8292
RNG(-0.2),1.95,0.8296
RNG(-0.2),1.96,0.8298
RNG(-0.2),1.97,0.83
RNG(-0.2),1.98,0.8303
RNG(-0.2),1.99,0.8306
RNG(-0.2),2.0,0.8309
RNG(-0.2),2.01,0.8309
RNG(-0.2),2.02,0.8313
RNG(-0.2),2.03,0.8317
RNG(-0.2),2.04,0.8319
RNG(-0.2),2.05,0.8319
RNG(-0.2),2.06,0.8321
RNG(-0.2),2.07,0.8324
RNG(-0.2),2.08,0.8325
RNG(-0.2),2.09,0.8327
RNG(-0.2),2.1,0.8329
RNG(-0.2),2.11,0.8331
RNG(-0.2),2.12,0.8333
RNG(-0.2),2.13,0.8335
RNG(-0.2),2.14,0.8336
RNG(-0.2),2.15,0.8338
RNG(-0.2),2.16,0.8341
RNG(-0.2),2.17,0.8346
RNG(-0.2),2.18,0.835
RNG(-0.2),2.19,0.8351
RNG(-0.2),2.2,0.8351
RNG(-0.2),2.21,0.8355
RNG(-0.2),2.22,0.8361
RNG(-0.2),2.23,0.8363
RNG(-0.2),2.24,0.8364
RNG(-0.2),2.25,0.8366
RNG(-0.2),2.26,0.8368
RNG(-0.2),2.27,0.837
RNG(-0.2),2.28,0.8371
RNG(-0.2),2.29,0.8374
RNG(-0.2),2.3,0.8377
RNG(-0.2),2.31,0.838
RNG(-0.2),2.32,0.8382
RNG(-0.2),2.33,0.8383
RNG(-0.2),2.34,0.8383
RNG(-0.2),2.35,0.8386
RNG(-0.2),2.36,0.8388
RNG(-0.2),2.37,0.8392
RNG(-0.2),2.38,0.8393
RNG(-0.2),2.39,0.8395
RNG(-0.2),2.4,0.8397
RNG(-0.2),2.41,0.8399
RNG(-0.2),2.42,0.8402
RNG(-0.2),2.43,0.84
RNG(-0.2),2.44,0.84
RNG(-0.2),2.45,0.84
RNG(-0.2),2.46,0.8401
RNG(-0.2),2.47,0.8403
RNG(-0.2),2.48,0.8403
RNG(-0.2),2.49,0.8404
RNG(-0.2),2.5,0.8407
RNG(-0.2),2.51,0.8409
RNG(-0.2),2.52,0.8412
RNG(-0.2),2.53,0.8414
RNG(-0.2),2.54,0.8414
RNG(-0.2),2.55,0.8414
RNG(-0.2),2.56,0.8414
RNG(-0.2),2.57,0.8416
RNG(-0.2),2.58,0.8418
RNG(-0.2),2.59,0.842
RNG(-0.2),2.6,0.8422
RNG(-0.2),2.61,0.8426
RNG(-0.2),2.62,0.8427
RNG(-0.2),2.63,0.8429
RNG(-0.2),2.64,0.8431
RNG(-0.2),2.65,0.8433
RNG(-0.2),2.66,0.8433
RNG(-0.2),2.67,0.8434
RNG(-0.2),2.68,0.8433
RNG(-0.2),2.69,0.8434
RNG(-0.2),2.7,0.8437
RNG(-0.2),2.71,0.8438
RNG(-0.2),2.72,0.8442
RNG(-0.2),2.73,0.8444
RNG(-0.2),2.74,0.8444
RNG(-0.2),2.75,0.8445
RNG(-0.2),2.76,0.8446
RNG(-0.2),2.77,0.8448
RNG(-0.2),2.78,0.845
RNG(-0.2),2.79,0.8451
RNG(-0.2),2.8,0.8453
RNG(-0.2),2.81,0.8453
RNG(-0.2),2.82,0.8452
RNG(-0.2),2.83,0.8453
RNG(-0.2),2.84,0.8454
RNG(-0.2),2.85,0.8456
RNG(-0.2),2.86,0.8457
RNG(-0.2),2.87,0.8458
RNG(-0.2),2.88,0.8459
RNG(-0.2),2.89,0.8461
RNG(-0.2),2.9,0.8461
RNG(-0.2),2.91,0.8465
RNG(-0.2),2.92,0.8466
RNG(-0.2),2.93,0.8467
RNG(-0.2),2.94,0.8467
RNG(-0.2),2.95,0.8468
RNG(-0.2),2.96,0.8467
RNG(-0.2),2.97,0.8466
RNG(-0.2),2.98,0.8466
RNG(-0.2),2.99,0.8466
RNG(-0.2),3.0,0.8466
RNG(-0.2),3.01,0.8467
RNG(-0.2),3.02,0.8469
RNG(-0.2),3.03,0.847
RNG(-0.2),3.04,0.8472
RNG(-0.2),3.05,0.8473
RNG(-0.2),3.06,0.8474
RNG(-0.2),3.07,0.8475
RNG(-0.2),3.08,0.8476
RNG(-0.2),3.09,0.848
RNG(-0.2),3.1,0.8479
RNG(-0.2),3.11,0.8481
RNG(-0.2),3.12,0.8481
RNG(-0.2),3.13,0.8482
RNG(-0.2),3.14,0.8485
RNG(-0.2),3.15,0.8485
RNG(-0.2),3.16,0.8486
RNG(-0.2),3.17,0.8486
RNG(-0.2),3.18,0.8486
RNG(-0.2),3.19,0.8487
RNG(-0.2),3.2,0.8489
RNG(-0.2),3.21,0.849
RNG(-0.2),3.22,0.8491
RNG(-0.2),3.23,0.8492
RNG(-0.2),3.24,0.8492
RNG(-0.2),3.25,0.8492
RNG(-0.2),3.26,0.8493
RNG(-0.2),3.27,0.8495
RNG(-0.2),3.28,0.8496
RNG(-0.2),3.29,0.8497
RNG(-0.2),3.3,0.8497
RNG(-0.2),3.31,0.8497
RNG(-0.2),3.32,0.8497
RNG(-0.2),3.33,0.8499
RNG(-0.2),3.34,0.85
RNG(-0.2),3.35,0.85
RNG(-0.2),3.36,0.8501
RNG(-0.2),3.37,0.8501
RNG(-0.2),3.38,0.8502
RNG(-0.2),3.39,0.8503
RNG(-0.2),3.4,0.8504
RNG(-0.2),3.41,0.8505
RNG(-0.2),3.42,0.8504
RNG(-0.2),3.43,0.8503
RNG(-0.2),3.44,0.8504
RNG(-0.2),3.45,0.8504
RNG(-0.2),3.46,0.8505
RNG(-0.2),3.47,0.8505
RNG(-0.2),3.48,0.8506
RNG(-0.2),3.49,0.8507
RNG(-0.2),3.5,0.8505
RNG(-0.2),3.51,0.8505
RNG(-0.2),3.52,0.8505
RNG(-0.2),3.53,0.8505
RNG(-0.2),3.54,0.8504
RNG(-0.2),3.55,0.8505
RNG(-0.2),3.56,0.8505
RNG(-0.2),3.57,0.8503
RNG(-0.2),3.58,0.8502
RNG(-0.2),3.59,0.85
RNG(-0.2),3.6,0.85
RNG(-0.2),3.61,0.85
RNG(-0.2),3.62,0.8499
RNG(-0.2),3.63,0.8499
RNG(-0.2),3.64,0.8498
RNG(-0.2),3.65,0.8495
RNG(-0.2),3.66,0.8496
RNG(-0.2),3.67,0.8495
RNG(-0.2),3.68,0.8494
RNG(-0.2),3.69,0.8494
RNG(-0.2),3.7,0.8494
RNG(-0.2),3.71,0.8493
RNG(-0.2),3.72,0.8491
RNG(-0.2),3.73,0.8491
RNG(-0.2),3.74,0.8491
RNG(-0.2),3.75,0.849
RNG(-0.2),3.76,0.849
RNG(-0.2),3.77,0.849
RNG(-0.2),3.78,0.849
RNG(-0.2),3.79,0.849
RNG(-0.2),3.8,0.849
RNG(-0.2),3.81,0.849
RNG(-0.2),3.82,0.8489
RNG(-0.2),3.83,0.8489
RNG(-0.2),3.84,0.8489
RNG(-0.2),3.85,0.8489
RNG(-0.2),3.86,0.8489
RNG(-0.2),3.87,0.8487
RNG(-0.2),3.88,0.8487
RNG(-0.2),3.89,0.8486
RNG(-0.2),3.9,0.8486
RNG(-0.2),3.91,0.8484
RNG(-0.2),3.92,0.8483
RNG(-0.2),3.93,0.8483
RNG(-0.2),3.94,0.8484
RNG(-0.2),3.95,0.8483
RNG(-0.2),3.96,0.8483
RNG(-0.2),3.97,0.8482
RNG(-0.2),3.98,0.8482
RNG(-0.2),3.99,0.8482
RNG(-0.2),4.0,0.8482
RNG(-0.2),4.01,0.8482
RNG(-0.2),4.02,0.8482
RNG(-0.2),4.03,0.8483
RNG(-0.2),4.04,0.8482
RNG(-0.2),4.05,0.8482
RNG(-0.2),4.06,0.8482
RNG(-0.2),4.07,0.8482
RNG(-0.2),4.08,0.8482
RNG(-0.2),4.09,0.8482
RNG(-0.2),4.1,0.8482
RNG(-0.2),4.11,0.8482
RNG(-0.2),4.12,0.8482
RNG(-0.2),4.13,0.8481
RNG(-0.2),4.14,0.8481
RNG(-0.2),4.15,0.8481
RNG(-0.2),4.16,0.8481
RNG(-0.2),4.17,0.8481
RNG(-0.2),4.18,0.8481
RNG(-0.2),4.19,0.8481
RNG(-0.2),4.2,0.8481
RNG(-0.2),4.21,0.8481
RNG(-0.2),4.23,0.8481
RNG(-0.2),4.24,0.8481
RNG(-0.2),4.25,0.8481
RNG(-0.2),4.26,0.8481
RNG(-0.2),4.31,0.8481
RNG(-0.2),4.33,0.8481
RNG(-0.2),4.35,0.8481
RNG(-0.2),4.36,0.8481
RNG(-0.2),4.37,0.8481
RNG(-0.2),4.38,0.8481
Seg(-0.2),1.32,0.8192
Seg(-0.2),1.33,0.8192
Seg(-0.2),1.35,0.8192
Seg(-0.2),1.39,0.8192
Seg(-0.2),1.43,0.8192
Seg(-0.2),1.44,0.8195
Seg(-0.2),1.45,0.8195
Seg(-0.2),1.46,0.8196
Seg(-0.2),1.47,0.8196
Seg(-0.2),1.48,0.8198
Seg(-0.2),1.49,0.82
Seg(-0.2),1.5,0.8201
Seg(-0.2),1.51,0.8202
Seg(-0.2),1.52,0.8204
Seg(-0.2),1.53,0.8204
Seg(-0.2),1.54,0.8205
Seg(-0.2),1.55,0.8207
Seg(-0.2),1.56,0.8208
Seg(-0.2),1.57,0.8209
Seg(-0.2),1.58,0.821
Seg(-0.2),1.59,0.8211
Seg(-0.2),1.6,0.8211
Seg(-0.2),1.61,0.8214
Seg(-0.2),1.62,0.8217
Seg(-0.2),1.63,0.8219
Seg(-0.2),1.64,0.8219
Seg(-0.2),1.65,0.822
Seg(-0.2),1.66,0.822
Seg(-0.2),1.67,0.8223
Seg(-0.2),1.68,0.8226
Seg(-0.2),1.69,0.8231
Seg(-0.2),1.7,0.8236
Seg(-0.2),1.71,0.8242
Seg(-0.2),1.72,0.8246
Seg(-0.2),1.73,0.8249
Seg(-0.2),1.74,0.8251
Seg(-0.2),1.75,0.8254
Seg(-0.2),1.76,0.8257
Seg(-0.2),1.77,0.8258
Seg(-0.2),1.78,0.826
Seg(-0.2),1.79,0.8262
Seg(-0.2),1.8,0.8263
Seg(-0.2),1.81,0.8264
Seg(-0.2),1.82,0.8267
Seg(-0.2),1.83,0.827
Seg(-0.2),1.84,0.8275
Seg(-0.2),1.85,0.8277
Seg(-0.2),1.86,0.828
Seg(-0.2),1.87,0.8281
Seg(-0.2),1.88,0.8284
Seg(-0.2),1.89,0.8284
Seg(-0.2),1.9,0.8286
Seg(-0.2),1.91,0.8288
Seg(-0.2),1.92,0.8289
Seg(-0.2),1.93,0.8294
Seg(-0.2),1.94,0.8297
Seg(-0.2),1.95,0.8301
Seg(-0.2),1.96,0.8303
Seg(-0.2),1.97,0.8305
Seg(-0.2),1.98,0.8308
Seg(-0.2),1.99,0.831
Seg(-0.2),2.0,0.8313
Seg(-0.2),2.01,0.8315
Seg(-0.2),2.02,0.8318
Seg(-0.2),2.03,0.8321
Seg(-0.2),2.04,0.8323
Seg(-0.2),2.05,0.8322
Seg(-0.2),2.06,0.8324
Seg(-0.2),2.07,0.8327
Seg(-0.2),2.08,0.8328
Seg(-0.2),2.09,0.8328
Seg(-0.2),2.1,0.8328
Seg(-0.2),2.11,0.8331
Seg(-0.2),2.12,0.8333
Seg(-0.2),2.13,0.8333
Seg(-0.2),2.14,0.8335
Seg(-0.2),2.15,0.8336
Seg(-0.2),2.16,0.8337
Seg(-0.2),2.17,0.8341
Seg(-0.2),2.18,0.8346
Seg(-0.2),2.19,0.8347
Seg(-0.2),2.2,0.8347
Seg(-0.2),2.21,0.8351
Seg(-0.2),2.22,0.8357
Seg(-0.2),2.23,0.836
Seg(-0.2),2.24,0.836
Seg(-0.2),2.25,0.8362
Seg(-0.2),2.26,0.8366
Seg(-0.2),2.27,0.8368
Seg(-0.2),2.28,0.8369
Seg(-0.2),2.29,0.8371
Seg(-0.2),2.3,0.8373
Seg(-0.2),2.31,0.8376
Seg(-0.2),2.32,0.8378
Seg(-0.2),2.33,0.8378
Seg(-0.2),2.34,0.8377
Seg(-0.2),2.35,0.838
Seg(-0.2),2.36,0.838
Seg(-0.2),2.37,0.8383
Seg(-0.2),2.38,0.8383
Seg(-0.2),2.39,0.8385
Seg(-0.2),2.4,0.8386
Seg(-0.2),2.41,0.8386
Seg(-0.2),2.42,0.8388
Seg(-0.2),2.43,0.8385
Seg(-0.2),2.44,0.8384
Seg(-0.2),2.45,0.8385
Seg(-0.2),2.46,0.8385
Seg(-0.2),2.47,0.8385
Seg(-0.2),2.48,0.8386
Seg(-0.2),2.49,0.8386
Seg(-0.2),2.5,0.8389
Seg(-0.2),2.51,0.839
Seg(-0.2),2.52,0.8392
Seg(-0.2),2.53,0.8393
Seg(-0.2),2.54,0.8393
Seg(-0.2),2.55,0.8392
Seg(-0.2),2.56,0.839
Seg(-0.2),2.57,0.839
Seg(-0.2),2.58,0.8391
Seg(-0.2),2.59,0.8394
Seg(-0.2),2.6,0.8394
Seg(-0.2),2.61,0.8396
Seg(-0.2),2.62,0.8397
Seg(-0.2),2.63,0.8398
Seg(-0.2),2.64,0.84
Seg(-0.2),2.65,0.8402
Seg(-0.2),2.66,0.8402
Seg(-0.2),2.67,0.8401
Seg(-0.2),2.68,0.8398
Seg(-0.2),2.69,0.8398
Seg(-0.2),2.7,0.8401
Seg(-0.2),2.71,0.8401
Seg(-0.2),2.72,0.8404
Seg(-0.2),2.73,0.8404
Seg(-0.2),2.74,0.8404
Seg(-0.2),2.75,0.8402
Seg(-0.2),2.76,0.84
Seg(-0.2),2.77,0.8401
Seg(-0.2),2.78,0.8402
Seg(-0.2),2.79,0.8403
Seg(-0.2),2.8,0.8405
Seg(-0.2),2.81,0.8405
Seg(-0.2),2.82,0.8402
Seg(-0.2),2.83,0.8404
Seg(-0.2),2.84,0.8405
Seg(-0.2),2.85,0.8405
Seg(-0.2),2.86,0.8405
Seg(-0.2),2.87,0.8407
Seg(-0.2),2.88,0.8408
Seg(-0.2),2.89,0.841
Seg(-0.2),2.9,0.841
Seg(-0.2),2.91,0.8412
Seg(-0.2),2.92,0.8413
Seg(-0.2),2.93,0.8414
Seg(-0.2),2.94,0.8413
Seg(-0.2),2.95,0.8413
Seg(-0.2),2.96,0.8413
Seg(-0.2),2.97,0.8412
Seg(-0.2),2.98,0.8412
Seg(-0.2),2.99,0.8411
Seg(-0.2),3.0,0.8411
Seg(-0.2),3.01,0.8412
Seg(-0.2),3.02,0.8414
Seg(-0.2),3.03,0.8413
Seg(-0.2),3.04,0.8415
Seg(-0.2),3.05,0.8416
Seg(-0.2),3.06,0.8415
Seg(-0.2),3.07,0.8418
Seg(-0.2),3.08,0.8419
Seg(-0.2),3.09,0.8422
Seg(-0.2),3.1,0.8421
Seg(-0.2),3.11,0.8423
Seg(-0.2),3.12,0.8424
Seg(-0.2),3.13,0.8425
Seg(-0.2),3.14,0.8427
Seg(-0.2),3.15,0.8427
Seg(-0.2),3.16,0.8427
Seg(-0.2),3.17,0.8428
Seg(-0.2),3.18,0.8426
Seg(-0.2),3.19,0.8427
Seg(-0.2),3.2,0.8427
Seg(-0.2),3.21,0.8428
Seg(-0.2),3.22,0.8428
Seg(-0.2),3.23,0.8429
Seg(-0.2),3.24,0.8427
Seg(-0.2),3.25,0.8427
Seg(-0.2),3.26,0.8427
Seg(-0.2),3.27,0.8429
Seg(-0.2),3.28,0.8427
Seg(-0.2),3.29,0.8425
Seg(-0.2),3.3,0.8425
Seg(-0.2),3.31,0.8424
Seg(-0.2),3.32,0.8424
Seg(-0.2),3.33,0.8424
Seg(-0.2),3.34,0.8425
Seg(-0.2),3.35,0.8425
Seg(-0.2),3.36,0.8425
Seg(-0.2),3.37,0.8424
Seg(-0.2),3.38,0.8423
Seg(-0.2),3.39,0.8424
Seg(-0.2),3.4,0.8424
Seg(-0.2),3.41,0.8424
Seg(-0.2),3.42,0.8422
Seg(-0.2),3.43,0.842
Seg(-0.2),3.44,0.842
Seg(-0.2),3.45,0.842
Seg(-0.2),3.46,0.8419
Seg(-0.2),3.47,0.8418
Seg(-0.2),3.48,0.8417
Seg(-0.2),3.49,0.8418
Seg(-0.2),3.5,0.8416
Seg(-0.2),3.51,0.8417
Seg(-0.2),3.52,0.8416
Seg(-0.2),3.53,0.8416
Seg(-0.2),3.54,0.8414
Seg(-0.2),3.55,0.8414
Seg(-0.2),3.56,0.8415
Seg(-0.2),3.57,0.8411
Seg(-0.2),3.58,0.8409
Seg(-0.2),3.59,0.8407
Seg(-0.2),3.6,0.8407
Seg(-0.2),3.61,0.8406
Seg(-0.2),3.62,0.8404
Seg(-0.2),3.63,0.8401
Seg(-0.2),3.64,0.8399
Seg(-0.2),3.65,0.8395
Seg(-0.2),3.66,0.8394
Seg(-0.2),3.67,0.8395
Seg(-0.2),3.68,0.8395
Seg(-0.2),3.69,0.8393
Seg(-0.2),3.7,0.8393
Seg(-0.2),3.71,0.8392
Seg(-0.2),3.72,0.8389
Seg(-0.2),3.73,0.8389
Seg(-0.2),3.74,0.8388
Seg(-0.2),3.75,0.8386
Seg(-0.2),3.76,0.8383
Seg(-0.2),3.77,0.8378
Seg(-0.2),3.78,0.8377
Seg(-0.2),3.79,0.8375
Seg(-0.2),3.8,0.8371
Seg(-0.2),3.81,0.8368
Seg(-0.2),3.82,0.8365
Seg(-0.2),3.83,0.8362
Seg(-0.2),3.84,0.836
Seg(-0.2),3.85,0.8359
Seg(-0.2),3.86,0.8359
Seg(-0.2),3.87,0.8356
Seg(-0.2),3.88,0.8354
Seg(-0.2),3.89,0.8353
Seg(-0.2),3.9,0.8351
Seg(-0.2),3.91,0.8348
Seg(-0.2),3.92,0.8347
Seg(-0.2),3.93,0.8345
Seg(-0.2),3.94,0.8345
Seg(-0.2),3.95,0.8343
Seg(-0.2),3.96,0.8343
Seg(-0.2),3.97,0.8343
Seg(-0.2),3.98,0.8341
Seg(-0.2),3.99,0.8341
Seg(-0.2),4.0,0.8341
Seg(-0.2),4.01,0.8341
Seg(-0.2),4.02,0.834
Seg(-0.2),4.03,0.8339
Seg(-0.2),4.04,0.8338
Seg(-0.2),4.05,0.8338
Seg(-0.2),4.06,0.8338
Seg(-0.2),4.07,0.8338
Seg(-0.2),4.08,0.8338
Seg(-0.2),4.09,0.8338
Seg(-0.2),4.1,0.8338
Seg(-0.2),4.11,0.8338
Seg(-0.2),4.12,0.8338
Seg(-0.2),4.13,0.8337
Seg(-0.2),4.14,0.8337
Seg(-0.2),4.15,0.8337
Seg(-0.2),4.16,0.8337
Seg(-0.2),4.17,0.8337
Seg(-0.2),4.18,0.8337
Seg(-0.2),4.19,0.8337
Seg(-0.2),4.2,0.8337
Seg(-0.2),4.21,0.8337
Seg(-0.2),4.23,0.8337
Seg(-0.2),4.24,0.8337
Seg(-0.2),4.25,0.8337
Seg(-0.2),4.26,0.8337
Seg(-0.2),4.31,0.8337
Seg(-0.2),4.33,0.8337
Seg(-0.2),4.35,0.8337
Seg(-0.2),4.36,0.8337
Seg(-0.2),4.37,0.8337
Seg(-0.2),4.38,0.8337
RNG(-0.1),1.32,0.8192
RNG(-0.1),1.33,0.8192
RNG(-0.1),1.35,0.8192
RNG(-0.1),1.39,0.8192
RNG(-0.1),1.43,0.8192
RNG(-0.1),1.44,0.8195
RNG(-0.1),1.45,0.8195
RNG(-0.1),1.46,0.8195
RNG(-0.1),1.47,0.8195
RNG(-0.1),1.48,0.8198
RNG(-0.1),1.49,0.82
RNG(-0.1),1.5,0.8201
RNG(-0.1),1.51,0.8202
RNG(-0.1),1.52,0.8203
RNG(-0.1),1.53,0.8203
RNG(-0.1),1.54,0.8204
RNG(-0.1),1.55,0.8206
RNG(-0.1),1.56,0.8209
RNG(-0.1),1.57,0.8209
RNG(-0.1),1.58,0.821
RNG(-0.1),1.59,0.8211
RNG(-0.1),1.6,0.8212
RNG(-0.1),1.61,0.8215
RNG(-0.1),1.62,0.8218
RNG(-0.1),1.63,0.8219
RNG(-0.1),1.64,0.822
RNG(-0.1),1.65,0.8221
RNG(-0.1),1.66,0.8222
RNG(-0.1),1.67,0.8225
RNG(-0.1),1.68,0.8229
RNG(-0.1),1.69,0.8233
RNG(-0.1),1.7,0.8239
RNG(-0.1),1.71,0.8243
RNG(-0.1),1.72,0.8247
RNG(-0.1),1.73,0.8251
RNG(-0.1),1.74,0.8253
RNG(-0.1),1.75,0.8256
RNG(-0.1),1.76,0.8259
RNG(-0.1),1.77,0.826
RNG(-0.1),1.78,0.8263
RNG(-0.1),1.79,0.8266
RNG(-0.1),1.8,0.8267
RNG(-0.1),1.81,0.8268
RNG(-0.1),1.82,0.8271
RNG(-0.1),1.83,0.8275
RNG(-0.1),1.84,0.8279
RNG(-0.1),1.85,0.828
RNG(-0.1),1.86,0.8281
RNG(-0.1),1.87,0.8282
RNG(-0.1),1.88,0.8284
RNG(-0.1),1.89,0.8284
RNG(-0.1),1.9,0.8286
RNG(-0.1),1.91,0.8287
RNG(-0.1),1.92,0.8288
RNG(-0.1),1.93,0.8293
RNG(-0.1),1.94,0.8299
RNG(-0.1),1.95,0.8302
RNG(-0.1),1.96,0.8304
RNG(-0.1),1.97,0.8307
RNG(-0.1),1.98,0.8311
RNG(-0.1),1.99,0.8314
RNG(-0.1),2.0,0.8316
RNG(-0.1),2.01,0.832
RNG(-0.1),2.02,0.8322
RNG(-0.1),2.03,0.8325
RNG(-0.1),2.04,0.8326
RNG(-0.1),2.05,0.8327
RNG(-0.1),2.06,0.8328
RNG(-0.1),2.07,0.8331
RNG(-0.1),2.08,0.8331
RNG(-0.1),2.09,0.8332
RNG(-0.1),2.1,0.8333
RNG(-0.1),2.11,0.8336
RNG(-0.1),2.12,0.8337
RNG(-0.1),2.13,0.8337
RNG(-0.1),2.14,0.8338
RNG(-0.1),2.15,0.8339
RNG(-0.1),2.16,0.8338
RNG(-0.1),2.17,0.8341
RNG(-0.1),2.18,0.8346
RNG(-0.1),2.19,0.8347
RNG(-0.1),2.2,0.8346
RNG(-0.1),2.21,0.835
RNG(-0.1),2.22,0.8357
RNG(-0.1),2.23,0.8358
RNG(-0.1),2.24,0.8361
RNG(-0.1),2.25,0.8365
RNG(-0.1),2.26,0.8367
RNG(-0.1),2.27,0.8369
RNG(-0.1),2.28,0.8371
RNG(-0.1),2.29,0.8371
RNG(-0.1),2.3,0.8372
RNG(-0.1),2.31,0.8374
RNG(-0.1),2.32,0.8375
RNG(-0.1),2.33,0.8375
RNG(-0.1),2.34,0.8374
RNG(-0.1),2.35,0.8378
RNG(-0.1),2.36,0.8379
RNG(-0.1),2.37,0.8382
RNG(-0.1),2.38,0.8383
RNG(-0.1),2.39,0.8383
RNG(-0.1),2.4,0.8386
RNG(-0.1),2.41,0.8386
RNG(-0.1),2.42,0.839
RNG(-0.1),2.43,0.8386
RNG(-0.1),2.44,0.8386
RNG(-0.1),2.45,0.8386
RNG(-0.1),2.46,0.8386
RNG(-0.1),2.47,0.8385
RNG(-0.1),2.48,0.8386
RNG(-0.1),2.49,0.8386
RNG(-0.1),2.5,0.8389
RNG(-0.1),2.51,0.8391
RNG(-0.1),2.52,0.8394
RNG(-0.1),2.53,0.8395
RNG(-0.1),2.54,0.8397
RNG(-0.1),2.55,0.8395
RNG(-0.1),2.56,0.8395
RNG(-0.1),2.57,0.8396
RNG(-0.1),2.58,0.8398
RNG(-0.1),2.59,0.84
RNG(-0.1),2.6,0.8402
RNG(-0.1),2.61,0.8405
RNG(-0.1),2.62,0.8405
RNG(-0.1),2.63,0.8406
RNG(-0.1),2.64,0.8408
RNG(-0.1),2.65,0.8411
RNG(-0.1),2.66,0.8409
RNG(-0.1),2.67,0.8408
RNG(-0.1),2.68,0.8406
RNG(-0.1),2.69,0.8405
RNG(-0.1),2.7,0.8408
RNG(-0.1),2.71,0.8409
RNG(-0.1),2.72,0.8412
RNG(-0.1),2.73,0.8413
RNG(-0.1),2.74,0.8411
RNG(-0.1),2.75,0.8411
RNG(-0.1),2.76,0.8409
RNG(-0.1),2.77,0.841
RNG(-0.1),2.78,0.8411
RNG(-0.1),2.79,0.841
RNG(-0.1),2.8,0.8411
RNG(-0.1),2.81,0.8411
RNG(-0.1),2.82,0.8408
RNG(-0.1),2.83,0.8411
RNG(-0.1),2.84,0.8411
RNG(-0.1),2.85,0.8413
RNG(-0.1),2.86,0.8412
RNG(-0.1),2.87,0.8414
RNG(-0.1),2.88,0.8416
RNG(-0.1),2.89,0.8417
RNG(-0.1),2.9,0.8417
RNG(-0.1),2.91,0.842
RNG(-0.1),2.92,0.8421
RNG(-0.1),2.93,0.8423
RNG(-0.1),2.94,0.8423
RNG(-0.1),2.95,0.8424
RNG(-0.1),2.96,0.8425
RNG(-0.1),2.97,0.8423
RNG(-0.1),2.98,0.8424
RNG(-0.1),2.99,0.8422
RNG(-0.1),3.0,0.8423
RNG(-0.1),3.01,0.8424
RNG(-0.1),3.02,0.8423
RNG(-0.1),3.03,0.8422
RNG(-0.1),3.04,0.8422
RNG(-0.1),3.05,0.8424
RNG(-0.1),3.06,0.8424
RNG(-0.1),3.07,0.8425
RNG(-0.1),3.08,0.8426
RNG(-0.1),3.09,0.8427
RNG(-0.1),3.1,0.8425
RNG(-0.1),3.11,0.8425
RNG(-0.1),3.12,0.8425
RNG(-0.1),3.13,0.8424
RNG(-0.1),3.14,0.8423
RNG(-0.1),3.15,0.8422
RNG(-0.1),3.16,0.8421
RNG(-0.1),3.17,0.8421
RNG(-0.1),3.18,0.8422
RNG(-0.1),3.19,0.8422
RNG(-0.1),3.2,0.842
RNG(-0.1),3.21,0.8418
RNG(-0.1),3.22,0.8417
RNG(-0.1),3.23,0.8417
RNG(-0.1),3.24,0.8416
RNG(-0.1),3.25,0.8413
RNG(-0.1),3.26,0.8414
RNG(-0.1),3.27,0.8415
RNG(-0.1),3.28,0.8413
RNG(-0.1),3.29,0.8411
RNG(-0.1),3.3,0.8411
RNG(-0.1),3.31,0.841
RNG(-0.1),3.32,0.8408
RNG(-0.1),3.33,0.8409
RNG(-0.1),3.34,0.8409
RNG(-0.1),3.35,0.8409
RNG(-0.1),3.36,0.8409
RNG(-0.1),3.37,0.8408
RNG(-0.1),3.38,0.8406
RNG(-0.1),3.39,0.8406
RNG(-0.1),3.4,0.8408
RNG(-0.1),3.41,0.8408
RNG(-0.1),3.42,0.8406
RNG(-0.1),3.43,0.8403
RNG(-0.1),3.44,0.8403
RNG(-0.1),3.45,0.8403
RNG(-0.1),3.46,0.8404
RNG(-0.1),3.47,0.8402
RNG(-0.1),3.48,0.8402
RNG(-0.1),3.49,0.8402
RNG(-0.1),3.5,0.84
RNG(-0.1),3.51,0.8397
RNG(-0.1),3.52,0.8395
RNG(-0.1),3.53,0.8398
RNG(-0.1),3.54,0.8397
RNG(-0.1),3.55,0.8395
RNG(-0.1),3.56,0.8394
RNG(-0.1),3.57,0.8392
RNG(-0.1),3.58,0.8391
RNG(-0.1),3.59,0.8385
RNG(-0.1),3.6,0.8384
RNG(-0.1),3.61,0.8382
RNG(-0.1),3.62,0.8379
RNG(-0.1),3.63,0.8375
RNG(-0.1),3.64,0.8371
RNG(-0.1),3.65,0.8364
RNG(-0.1),3.66,0.836
RNG(-0.1),3.67,0.8357
RNG(-0.1),3.68,0.8354
RNG(-0.1),3.69,0.8351
RNG(-0.1),3.7,0.835
RNG(-0.1),3.71,0.8348
RNG(-0.1),3.72,0.8342
RNG(-0.1),3.73,0.8339
RNG(-0.1),3.74,0.8335
RNG(-0.1),3.75,0.8332
RNG(-0.1),3.76,0.8326
RNG(-0.1),3.77,0.8321
RNG(-0.1),3.78,0.8318
RNG(-0.1),3.79,0.8313
RNG(-0.1),3.8,0.8309
RNG(-0.1),3.81,0.8308
RNG(-0.1),3.82,0.8307
RNG(-0.1),3.83,0.8302
RNG(-0.1),3.84,0.8301
RNG(-0.1),3.85,0.8301
RNG(-0.1),3.86,0.8301
RNG(-0.1),3.87,0.8296
RNG(-0.1),3.88,0.8294
RNG(-0.1),3.89,0.8294
RNG(-0.1),3.9,0.829
RNG(-0.1),3.91,0.8288
RNG(-0.1),3.92,0.8287
RNG(-0.1),3.93,0.8285
RNG(-0.1),3.94,0.8285
RNG(-0.1),3.95,0.8283
RNG(-0.1),3.96,0.8283
RNG(-0.1),3.97,0.8282
RNG(-0.1),3.98,0.8282
RNG(-0.1),3.99,0.8281
RNG(-0.1),4.0,0.828
RNG(-0.1),4.01,0.828
RNG(-0.1),4.02,0.8277
RNG(-0.1),4.03,0.8276
RNG(-0.1),4.04,0.8274
RNG(-0.1),4.05,0.8274
RNG(-0.1),4.06,0.8273
RNG(-0.1),4.07,0.8273
RNG(-0.1),4.08,0.8274
RNG(-0.1),4.09,0.8274
RNG(-0.1),4.1,0.8273
RNG(-0.1),4.11,0.8273
RNG(-0.1),4.12,0.8273
RNG(-0.1),4.13,0.8272
RNG(-0.1),4.14,0.8272
RNG(-0.1),4.15,0.8272
RNG(-0.1),4.16,0.8272
RNG(-0.1),4.17,0.8272
RNG(-0.1),4.18,0.8272
RNG(-0.1),4.19,0.8272
RNG(-0.1),4.2,0.8272
RNG(-0.1),4.21,0.8272
RNG(-0.1),4.23,0.8272
RNG(-0.1),4.24,0.8272
RNG(-0.1),4.25,0.8272
RNG(-0.1),4.26,0.8272
RNG(-0.1),4.31,0.8272
RNG(-0.1),4.33,0.8272
RNG(-0.1),4.35,0.8272
RNG(-0.1),4.36,0.8272
RNG(-0.1),4.37,0.8272
RNG(-0.1),4.38,0.8272
Seg(-0.1),1.32,0.8192
Seg(-0.1),1.33,0.8192
Seg(-0.1),1.35,0.8192
Seg(-0.1),1.39,0.8192
Seg(-0.1),1.43,0.8192
Seg(-0.1),1.44,0.8195
Seg(-0.1),1.45,0.8195
Seg(-0.1),1.46,0.8195
Seg(-0.1),1.47,0.8195
Seg(-0.1),1.48,0.8198
Seg(-0.1),1.49,0.82
Seg(-0.1),1.5,0.8201
Seg(-0.1),1.51,0.8202
Seg(-0.1),1.52,0.8203
Seg(-0.1),1.53,0.8203
Seg(-0.1),1.54,0.8203
Seg(-0.1),1.55,0.8205
Seg(-0.1),1.56,0.8207
Seg(-0.1),1.57,0.8208
Seg(-0.1),1.58,0.8209
Seg(-0.1),1.59,0.821
Seg(-0.1),1.6,0.8211
Seg(-0.1),1.61,0.8213
Seg(-0.1),1.62,0.8215
Seg(-0.1),1.63,0.8216
Seg(-0.1),1.64,0.8216
Seg(-0.1),1.65,0.8218
Seg(-0.1),1.66,0.8218
Seg(-0.1),1.67,0.822
Seg(-0.1),1.68,0.8223
Seg(-0.1),1.69,0.8226
Seg(-0.1),1.7,0.8231
Seg(-0.1),1.71,0.8234
Seg(-0.1),1.72,0.8238
Seg(-0.1),1.73,0.8241
Seg(-0.1),1.74,0.8243
Seg(-0.1),1.75,0.8246
Seg(-0.1),1.76,0.8248
Seg(-0.1),1.77,0.8248
Seg(-0.1),1.78,0.825
Seg(-0.1),1.79,0.8253
Seg(-0.1),1.8,0.8254
Seg(-0.1),1.81,0.8254
Seg(-0.1),1.82,0.8257
Seg(-0.1),1.83,0.8259
Seg(-0.1),1.84,0.8263
Seg(-0.1),1.85,0.8263
Seg(-0.1),1.86,0.8264
Seg(-0.1),1.87,0.8265
Seg(-0.1),1.88,0.8267
Seg(-0.1),1.89,0.8267
Seg(-0.1),1.9,0.8268
Seg(-0.1),1.91,0.8269
Seg(-0.1),1.92,0.8268
Seg(-0.1),1.93,0.8273
Seg(-0.1),1.94,0.8277
Seg(-0.1),1.95,0.8279
Seg(-0.1),1.96,0.828
Seg(-0.1),1.97,0.8282
Seg(-0.1),1.98,0.8284
Seg(-0.1),1.99,0.8286
Seg(-0.1),2.0,0.8287
Seg(-0.1),2.01,0.8291
Seg(-0.1),2.02,0.8292
Seg(-0.1),2.03,0.8296
Seg(-0.1),2.04,0.8296
Seg(-0.1),2.05,0.8295
Seg(-0.1),2.06,0.8295
Seg(-0.1),2.07,0.8296
Seg(-0.1),2.08,0.8295
Seg(-0.1),2.09,0.8294
Seg(-0.1),2.1,0.8294
Seg(-0.1),2.11,0.8295
Seg(-0.1),2.12,0.8295
Seg(-0.1),2.13,0.8295
Seg(-0.1),2.14,0.8294
Seg(-0.1),2.15,0.8295
Seg(-0.1),2.16,0.8291
Seg(-0.1),2.17,0.8294
Seg(-0.1),2.18,0.8299
Seg(-0.1),2.19,0.8298
Seg(-0.1),2.2,0.8297
Seg(-0.1),2.21,0.8299
Seg(-0.1),2.22,0.8304
Seg(-0.1),2.23,0.8304
Seg(-0.1),2.24,0.8305
Seg(-0.1),2.25,0.8304
Seg(-0.1),2.26,0.8306
Seg(-0.1),2.27,0.8307
Seg(-0.1),2.28,0.8307
Seg(-0.1),2.29,0.8306
Seg(-0.1),2.3,0.8303
Seg(-0.1),2.31,0.8303
Seg(-0.1),2.32,0.8303
Seg(-0.1),2.33,0.8302
Seg(-0.1),2.34,0.8301
Seg(-0.1),2.35,0.8304
Seg(-0.1),2.36,0.8305
Seg(-0.1),2.37,0.8305
Seg(-0.1),2.38,0.8305
Seg(-0.1),2.39,0.8306
Seg(-0.1),2.4,0.8307
Seg(-0.1),2.41,0.8306
Seg(-0.1),2.42,0.8306
Seg(-0.1),2.43,0.8302
Seg(-0.1),2.44,0.83
Seg(-0.1),2.45,0.8299
Seg(-0.1),2.46,0.8297
Seg(-0.1),2.47,0.8296
Seg(-0.1),2.48,0.8294
Seg(-0.1),2.49,0.8292
Seg(-0.1),2.5,0.8293
Seg(-0.1),2.51,0.8292
Seg(-0.1),2.52,0.8292
Seg(-0.1),2.53,0.8292
Seg(-0.1),2.54,0.8293
Seg(-0.1),2.55,0.8291
Seg(-0.1),2.56,0.829
Seg(-0.1),2.57,0.8289
Seg(-0.1),2.58,0.829
Seg(-0.1),2.59,0.8292
Seg(-0.1),2.6,0.8292
Seg(-0.1),2.61,0.8292
Seg(-0.1),2.62,0.829
Seg(-0.1),2.63,0.8289
Seg(-0.1),2.64,0.829
Seg(-0.1),2.65,0.8292
Seg(-0.1),2.66,0.8288
Seg(-0.1),2.67,0.8284
Seg(-0.1),2.68,0.8282
Seg(-0.1),2.69,0.8281
Seg(-0.1),2.7,0.8282
Seg(-0.1),2.71,0.828
Seg(-0.1),2.72,0.8279
Seg(-0.1),2.73,0.8279
Seg(-0.1),2.74,0.8275
Seg(-0.1),2.75,0.8272
Seg(-0.1),2.76,0.8268
Seg(-0.1),2.77,0.8267
Seg(-0.1),2.78,0.8266
Seg(-0.1),2.79,0.8264
Seg(-0.1),2.8,0.8263
Seg(-0.1),2.81,0.8262
Seg(-0.1),2.82,0.8258
Seg(-0.1),2.83,0.8258
Seg(-0.1),2.84,0.8258
Seg(-0.1),2.85,0.8256
Seg(-0.1),2.86,0.8254
Seg(-0.1),2.87,0.8255
Seg(-0.1),2.88,0.8255
Seg(-0.1),2.89,0.8255
Seg(-0.1),2.9,0.8253
Seg(-0.1),2.91,0.8256
Seg(-0.1),2.92,0.8256
Seg(-0.1),2.93,0.8256
Seg(-0.1),2.94,0.8257
Seg(-0.1),2.95,0.8256
Seg(-0.1),2.96,0.8253
Seg(-0.1),2.97,0.825
Seg(-0.1),2.98,0.8247
Seg(-0.1),2.99,0.8244
Seg(-0.1),3.0,0.8243
Seg(-0.1),3.01,0.8242
Seg(-0.1),3.02,0.824
Seg(-0.1),3.03,0.8238
Seg(-0.1),3.04,0.8237
Seg(-0.1),3.05,0.8236
Seg(-0.1),3.06,0.8235
Seg(-0.1),3.07,0.8235
Seg(-0.1),3.08,0.8235
Seg(-0.1),3.09,0.8232
Seg(-0.1),3.1,0.8228
Seg(-0.1),3.11,0.8228
Seg(-0.1),3.12,0.8228
Seg(-0.1),3.13,0.8226
Seg(-0.1),3.14,0.8223
Seg(-0.1),3.15,0.8221
Seg(-0.1),3.16,0.8217
Seg(-0.1),3.17,0.8214
Seg(-0.1),3.18,0.8213
Seg(-0.1),3.19,0.821
Seg(-0.1),3.2,0.8207
Seg(-0.1),3.21,0.8202
Seg(-0.1),3.22,0.8199
Seg(-0.1),3.23,0.8197
Seg(-0.1),3.24,0.8192
Seg(-0.1),3.25,0.8186
Seg(-0.1),3.26,0.8183
Seg(-0.1),3.27,0.8183
Seg(-0.1),3.28,0.8179
Seg(-0.1),3.29,0.8174
Seg(-0.1),3.3,0.8172
Seg(-0.1),3.31,0.8169
Seg(-0.1),3.32,0.8166
Seg(-0.1),3.33,0.8164
Seg(-0.1),3.34,0.816
Seg(-0.1),3.35,0.8159
Seg(-0.1),3.36,0.8154
Seg(-0.1),3.37,0.8149
Seg(-0.1),3.38,0.8144
Seg(-0.1),3.39,0.8141
Seg(-0.1),3.4,0.814
Seg(-0.1),3.41,0.8138
Seg(-0.1),3.42,0.8132
Seg(-0.1),3.43,0.8125
Seg(-0.1),3.44,0.8124
Seg(-0.1),3.45,0.812
Seg(-0.1),3.46,0.8115
Seg(-0.1),3.47,0.811
Seg(-0.1),3.48,0.8108
Seg(-0.1),3.49,0.8105
Seg(-0.1),3.5,0.81
Seg(-0.1),3.51,0.8093
Seg(-0.1),3.52,0.809
Seg(-0.1),3.53,0.809
Seg(-0.1),3.54,0.8084
Seg(-0.1),3.55,0.8079
Seg(-0.1),3.56,0.8077
Seg(-0.1),3.57,0.8072
Seg(-0.1),3.58,0.8068
Seg(-0.1),3.59,0.806
Seg(-0.1),3.6,0.8056
Seg(-0.1),3.61,0.8053
Seg(-0.1),3.62,0.8048
Seg(-0.1),3.63,0.8035
Seg(-0.1),3.64,0.8026
Seg(-0.1),3.65,0.8018
Seg(-0.1),3.66,0.801
Seg(-0.1),3.67,0.8005
Seg(-0.1),3.68,0.8002
Seg(-0.1),3.69,0.7997
Seg(-0.1),3.7,0.7995
Seg(-0.1),3.71,0.7991
Seg(-0.1),3.72,0.7984
Seg(-0.1),3.73,0.798
Seg(-0.1),3.74,0.7974
Seg(-0.1),3.75,0.797
Seg(-0.1),3.76,0.7961
Seg(-0.1),3.77,0.7956
Seg(-0.1),3.78,0.795
Seg(-0.1),3.79,0.794
Seg(-0.1),3.8,0.793
Seg(-0.1),3.81,0.7926
Seg(-0.1),3.82,0.792
Seg(-0.1),3.83,0.791
Seg(-0.1),3.84,0.7906
Seg(-0.1),3.85,0.7902
Seg(-0.1),3.86,0.7898
Seg(-0.1),3.87,0.7888
Seg(-0.1),3.88,0.7879
Seg(-0.1),3.89,0.7877
Seg(-0.1),3.9,0.7871
Seg(-0.1),3.91,0.7865
Seg(-0.1),3.92,0.786
Seg(-0.1),3.93,0.7856
Seg(-0.1),3.94,0.7855
Seg(-0.1),3.95,0.7848
Seg(-0.1),3.96,0.7844
Seg(-0.1),3.97,0.7841
Seg(-0.1),3.98,0.7839
Seg(-0.1),3.99,0.7833
Seg(-0.1),4.0,0.7831
Seg(-0.1),4.01,0.7829
Seg(-0.1),4.02,0.7821
Seg(-0.1),4.03,0.7817
Seg(-0.1),4.04,0.7815
Seg(-0.1),4.05,0.7813
Seg(-0.1),4.06,0.781
Seg(-0.1),4.07,0.781
Seg(-0.1),4.08,0.7808
Seg(-0.1),4.09,0.7808
Seg(-0.1),4.1,0.7806
Seg(-0.1),4.11,0.7805
Seg(-0.1),4.12,0.7805
Seg(-0.1),4.13,0.7804
Seg(-0.1),4.14,0.7804
Seg(-0.1),4.15,0.7804
Seg(-0.1),4.16,0.7804
Seg(-0.1),4.17,0.7804
Seg(-0.1),4.18,0.7802
Seg(-0.1),4.19,0.7802
Seg(-0.1),4.2,0.7801
Seg(-0.1),4.21,0.7801
Seg(-0.1),4.23,0.7801
Seg(-0.1),4.24,0.7801
Seg(-0.1),4.25,0.7801
Seg(-0.1),4.26,0.7801
Seg(-0.1),4.31,0.7801
Seg(-0.1),4.33,0.7801
Seg(-0.1),4.35,0.7801
Seg(-0.1),4.36,0.7801
Seg(-0.1),4.37,0.7801
Seg(-0.1),4.38,0.7801
RNG(-0.05),1.32,0.8192
RNG(-0.05),1.33,0.8192
RNG(-0.05),1.35,0.8192
RNG(-0.05),1.39,0.8192
RNG(-0.05),1.43,0.8192
RNG(-0.05),1.44,0.8195
RNG(-0.05),1.45,0.8195
RNG(-0.05),1.46,0.8195
RNG(-0.05),1.47,0.8195
RNG(-0.05),1.48,0.8198
RNG(-0.05),1.49,0.82
RNG(-0.05),1.5,0.8201
RNG(-0.05),1.51,0.8202
RNG(-0.05),1.52,0.8203
RNG(-0.05),1.53,0.8203
RNG(-0.05),1.54,0.8203
RNG(-0.05),1.55,0.8205
RNG(-0.05),1.56,0.8208
RNG(-0.05),1.57,0.8208
RNG(-0.05),1.58,0.8209
RNG(-0.05),1.59,0.821
RNG(-0.05),1.6,0.8211
RNG(-0.05),1.61,0.8214
RNG(-0.05),1.62,0.8216
RNG(-0.05),1.63,0.8218
RNG(-0.05),1.64,0.8218
RNG(-0.05),1.65,0.8219
RNG(-0.05),1.66,0.822
RNG(-0.05),1.67,0.8222
RNG(-0.05),1.68,0.8226
RNG(-0.05),1.69,0.8229
RNG(-0.05),1.7,0.8233
RNG(-0.05),1.71,0.8237
RNG(-0.05),1.72,0.8241
RNG(-0.05),1.73,0.8245
RNG(-0.05),1.74,0.8247
RNG(-0.05),1.75,0.825
RNG(-0.05),1.76,0.8251
RNG(-0.05),1.77,0.8252
RNG(-0.05),1.78,0.8254
RNG(-0.05),1.79,0.8257
RNG(-0.05),1.8,0.8258
RNG(-0.05),1.81,0.8259
RNG(-0.05),1.82,0.8262
RNG(-0.05),1.83,0.8264
RNG(-0.05),1.84,0.8268
RNG(-0.05),1.85,0.8268
RNG(-0.05),1.86,0.8269
RNG(-0.05),1.87,0.827
RNG(-0.05),1.88,0.8272
RNG(-0.05),1.89,0.8272
RNG(-0.05),1.9,0.8273
RNG(-0.05),1.91,0.8274
RNG(-0.05),1.92,0.8274
RNG(-0.05),1.93,0.8279
RNG(-0.05),1.94,0.8284
RNG(-0.05),1.95,0.8287
RNG(-0.05),1.96,0.8288
RNG(-0.05),1.97,0.8291
RNG(-0.05),1.98,0.8294
RNG(-0.05),1.99,0.8295
RNG(-0.05),2.0,0.8298
RNG(-0.05),2.01,0.8301
RNG(-0.05),2.02,0.8304
RNG(-0.05),2.03,0.8307
RNG(-0.05),2.04,0.8309
RNG(-0.05),2.05,0.8309
RNG(-0.05),2.06,0.831
RNG(-0.05),2.07,0.8312
RNG(-0.05),2.08,0.8312
RNG(-0.05),2.09,0.8313
RNG(-0.05),2.1,0.8313
RNG(-0.05),2.11,0.8315
RNG(-0.05),2.12,0.8315
RNG(-0.05),2.13,0.8316
RNG(-0.05),2.14,0.8316
RNG(-0.05),2.15,0.8317
RNG(-0.05),2.16,0.8315
RNG(-0.05),2.17,0.8318
RNG(-0.05),2.18,0.8322
RNG(-0.05),2.19,0.8322
RNG(-0.05),2.2,0.8321
RNG(-0.05),2.21,0.8322
RNG(-0.05),2.22,0.8329
RNG(-0.05),2.23,0.8329
RNG(-0.05),2.24,0.8333
RNG(-0.05),2.25,0.8333
RNG(-0.05),2.26,0.8335
RNG(-0.05),2.27,0.8338
RNG(-0.05),2.28,0.8339
RNG(-0.05),2.29,0.8339
RNG(-0.05),2.3,0.8337
RNG(-0.05),2.31,0.8339
RNG(-0.05),2.32,0.8338
RNG(-0.05),2.33,0.8338
RNG(-0.05),2.34,0.8337
RNG(-0.05),2.35,0.8341
RNG(-0.05),2.36,0.8342
RNG(-0.05),2.37,0.8343
RNG(-0.05),2.38,0.8343
RNG(-0.05),2.39,0.8345
RNG(-0.05),2.4,0.8347
RNG(-0.05),2.41,0.8347
RNG(-0.05),2.42,0.8351
RNG(-0.05),2.43,0.8348
RNG(-0.05),2.44,0.8347
RNG(-0.05),2.45,0.8346
RNG(-0.05),2.46,0.8345
RNG(-0.05),2.47,0.8345
RNG(-0.05),2.48,0.8344
RNG(-0.05),2.49,0.8344
RNG(-0.05),2.5,0.8347
RNG(-0.05),2.51,0.8346
RNG(-0.05),2.52,0.8348
RNG(-0.05),2.53,0.835
RNG(-0.05),2.54,0.835
RNG(-0.05),2.55,0.8349
RNG(-0.05),2.56,0.8348
RNG(-0.05),2.57,0.8349
RNG(-0.05),2.58,0.8349
RNG(-0.05),2.59,0.8351
RNG(-0.05),2.6,0.8353
RNG(-0.05),2.61,0.8356
RNG(-0.05),2.62,0.8354
RNG(-0.05),2.63,0.8355
RNG(-0.05),2.64,0.8356
RNG(-0.05),2.65,0.8359
RNG(-0.05),2.66,0.8357
RNG(-0.05),2.67,0.8355
RNG(-0.05),2.68,0.8354
RNG(-0.05),2.69,0.8353
RNG(-0.05),2.7,0.8355
RNG(-0.05),2.71,0.8355
RNG(-0.05),2.72,0.8358
RNG(-0.05),2.73,0.8358
RNG(-0.05),2.74,0.8358
RNG(-0.05),2.75,0.8359
RNG(-0.05),2.76,0.8356
RNG(-0.05),2.77,0.8357
RNG(-0.05),2.78,0.8358
RNG(-0.05),2.79,0.8357
RNG(-0.05),2.8,0.8358
RNG(-0.05),2.81,0.8358
RNG(-0.05),2.82,0.8355
RNG(-0.05),2.83,0.8357
RNG(-0.05),2.84,0.8357
RNG(-0.05),2.85,0.8357
RNG(-0.05),2.86,0.8357
RNG(-0.05),2.87,0.8359
RNG(-0.05),2.88,0.836
RNG(-0.05),2.89,0.8362
RNG(-0.05),2.9,0.8362
RNG(-0.05),2.91,0.8365
RNG(-0.05),2.92,0.8366
RNG(-0.05),2.93,0.8367
RNG(-0.05),2.94,0.8368
RNG(-0.05),2.95,0.8369
RNG(-0.05),2.96,0.8368
RNG(-0.05),2.97,0.8366
RNG(-0.05),2.98,0.8365
RNG(-0.05),2.99,0.8364
RNG(-0.05),3.0,0.8364
RNG(-0.05),3.01,0.8364
RNG(-0.05),3.02,0.8363
RNG(-0.05),3.03,0.8361
RNG(-0.05),3.04,0.8361
RNG(-0.05),3.05,0.8362
RNG(-0.05),3.06,0.8361
RNG(-0.05),3.07,0.8362
RNG(-0.05),3.08,0.8363
RNG(-0.05),3.09,0.8361
RNG(-0.05),3.1,0.8359
RNG(-0.05),3.11,0.836
RNG(-0.05),3.12,0.836
RNG(-0.05),3.13,0.8359
RNG(-0.05),3.14,0.8358
RNG(-0.05),3.15,0.8357
RNG(-0.05),3.16,0.8356
RNG(-0.05),3.17,0.8356
RNG(-0.05),3.18,0.8357
RNG(-0.05),3.19,0.8354
RNG(-0.05),3.2,0.8352
RNG(-0.05),3.21,0.8349
RNG(-0.05),3.22,0.8348
RNG(-0.05),3.23,0.8347
RNG(-0.05),3.24,0.8346
RNG(-0.05),3.25,0.8342
RNG(-0.05),3.26,0.8342
RNG(-0.05),3.27,0.834
RNG(-0.05),3.28,0.834
RNG(-0.05),3.29,0.8338
RNG(-0.05),3.3,0.8337
RNG(-0.05),3.31,0.8336
RNG(-0.05),3.32,0.8334
RNG(-0.05),3.33,0.8336
RNG(-0.05),3.34,0.8336
RNG(-0.05),3.35,0.8335
RNG(-0.05),3.36,0.8335
RNG(-0.05),3.37,0.8333
RNG(-0.05),3.38,0.8331
RNG(-0.05),3.39,0.8331
RNG(-0.05),3.4,0.8331
RNG(-0.05),3.41,0.8329
RNG(-0.05),3.42,0.8327
RNG(-0.05),3.43,0.8322
RNG(-0.05),3.44,0.8321
RNG(-0.05),3.45,0.8319
RNG(-0.05),3.46,0.832
RNG(-0.05),3.47,0.8319
RNG(-0.05),3.48,0.8319
RNG(-0.05),3.49,0.8317
RNG(-0.05),3.5,0.8314
RNG(-0.05),3.51,0.8311
RNG(-0.05),3.52,0.831
RNG(-0.05),3.53,0.8312
RNG(-0.05),3.54,0.8309
RNG(-0.05),3.55,0.8307
RNG(-0.05),3.56,0.8305
RNG(-0.05),3.57,0.8303
RNG(-0.05),3.58,0.8301
RNG(-0.05),3.59,0.8295
RNG(-0.05),3.6,0.8293
RNG(-0.05),3.61,0.8291
RNG(-0.05),3.62,0.829
RNG(-0.05),3.63,0.8285
RNG(-0.05),3.64,0.828
RNG(-0.05),3.65,0.8274
RNG(-0.05),3.66,0.827
RNG(-0.05),3.67,0.8266
RNG(-0.05),3.68,0.8263
RNG(-0.05),3.69,0.8259
RNG(-0.05),3.7,0.8258
RNG(-0.05),3.71,0.8256
RNG(-0.05),3.72,0.825
RNG(-0.05),3.73,0.8248
RNG(-0.05),3.74,0.8246
RNG(-0.05),3.75,0.824
RNG(-0.05),3.76,0.8236
RNG(-0.05),3.77,0.8231
RNG(-0.05),3.78,0.8227
RNG(-0.05),3.79,0.8221
RNG(-0.05),3.8,0.8214
RNG(-0.05),3.81,0.8214
RNG(-0.05),3.82,0.8212
RNG(-0.05),3.83,0.8207
RNG(-0.05),3.84,0.8205
RNG(-0.05),3.85,0.8202
RNG(-0.05),3.86,0.8201
RNG(-0.05),3.87,0.8196
RNG(-0.05),3.88,0.8193
RNG(-0.05),3.89,0.8191
RNG(-0.05),3.9,0.8185
RNG(-0.05),3.91,0.8183
RNG(-0.05),3.92,0.8183
RNG(-0.05),3.93,0.818
RNG(-0.05),3.94,0.818
RNG(-0.05),3.95,0.8177
RNG(-0.05),3.96,0.8175
RNG(-0.05),3.97,0.8172
RNG(-0.05),3.98,0.8171
RNG(-0.05),3.99,0.817
RNG(-0.05),4.0,0.8169
RNG(-0.05),4.01,0.8169
RNG(-0.05),4.02,0.8166
RNG(-0.05),4.03,0.8164
RNG(-0.05),4.04,0.8162
RNG(-0.05),4.05,0.8162
RNG(-0.05),4.06,0.8161
RNG(-0.05),4.07,0.8161
RNG(-0.05),4.08,0.8162
RNG(-0.05),4.09,0.8162
RNG(-0.05),4.1,0.8162
RNG(-0.05),4.11,0.8162
RNG(-0.05),4.12,0.8162
RNG(-0.05),4.13,0.8161
RNG(-0.05),4.14,0.8161
RNG(-0.05),4.15,0.8161
RNG(-0.05),4.16,0.8161
RNG(-0.05),4.17,0.8161
RNG(-0.05),4.18,0.816
RNG(-0.05),4.19,0.816
RNG(-0.05),4.2,0.816
RNG(-0.05),4.21,0.816
RNG(-0.05),4.23,0.816
RNG(-0.05),4.24,0.816
RNG(-0.05),4.25,0.816
RNG(-0.05),4.26,0.816
RNG(-0.05),4.31,0.816
RNG(-0.05),4.33,0.816
RNG(-0.05),4.35,0.816
RNG(-0.05),4.36,0.816
RNG(-0.05),4.37,0.816
RNG(-0.05),4.38,0.816
Seg(-0.05),1.32,0.8192
Seg(-0.05),1.33,0.8192
Seg(-0.05),1.35,0.8192
Seg(-0.05),1.39,0.8192
Seg(-0.05),1.43,0.8192
Seg(-0.05),1.44,0.8195
Seg(-0.05),1.45,0.8195
Seg(-0.05),1.46,0.8195
Seg(-0.05),1.47,0.8195
Seg(-0.05),1.48,0.8196
Seg(-0.05),1.49,0.8198
Seg(-0.05),1.5,0.8199
Seg(-0.05),1.51,0.82
Seg(-0.05),1.52,0.8201
Seg(-0.05),1.53,0.8201
Seg(-0.05),1.54,0.8201
Seg(-0.05),1.55,0.8202
Seg(-0.05),1.56,0.8205
Seg(-0.05),1.57,0.8206
Seg(-0.05),1.58,0.8207
Seg(-0.05),1.59,0.8208
Seg(-0.05),1.6,0.8208
Seg(-0.05),1.61,0.821
Seg(-0.05),1.62,0.8212
Seg(-0.05),1.63,0.8213
Seg(-0.05),1.64,0.8214
Seg(-0.05),1.65,0.8215
Seg(-0.05),1.66,0.8215
Seg(-0.05),1.67,0.8217
Seg(-0.05),1.68,0.822
Seg(-0.05),1.69,0.8222
Seg(-0.05),1.7,0.8226
Seg(-0.05),1.71,0.8229
Seg(-0.05),1.72,0.8233
Seg(-0.05),1.73,0.8236
Seg(-0.05),1.74,0.8238
Seg(-0.05),1.75,0.8241
Seg(-0.05),1.76,0.8242
Seg(-0.05),1.77,0.8242
Seg(-0.05),1.78,0.8243
Seg(-0.05),1.79,0.8245
Seg(-0.05),1.8,0.8245
Seg(-0.05),1.81,0.8246
Seg(-0.05),1.82,0.8248
Seg(-0.05),1.83,0.825
Seg(-0.05),1.84,0.8253
Seg(-0.05),1.85,0.8253
Seg(-0.05),1.86,0.8253
Seg(-0.05),1.87,0.8254
Seg(-0.05),1.88,0.8255
Seg(-0.05),1.89,0.8255
Seg(-0.05),1.9,0.8256
Seg(-0.05),1.91,0.8257
Seg(-0.05),1.92,0.8257
Seg(-0.05),1.93,0.826
Seg(-0.05),1.94,0.8263
Seg(-0.05),1.95,0.8265
Seg(-0.05),1.96,0.8266
Seg(-0.05),1.97,0.8268
Seg(-0.05),1.98,0.827
Seg(-0.05),1.99,0.8271
Seg(-0.05),2.0,0.8274
Seg(-0.05),2.01,0.8277
Seg(-0.05),2.02,0.8279
Seg(-0.05),2.03,0.8281
Seg(-0.05),2.04,0.8282
Seg(-0.05),2.05,0.8281
Seg(-0.05),2.06,0.8281
Seg(-0.05),2.07,0.8283
Seg(-0.05),2.08,0.8282
Seg(-0.05),2.09,0.8281
Seg(-0.05),2.1,0.828
Seg(-0.05),2.11,0.828
Seg(-0.05),2.12,0.8281
Seg(-0.05),2.13,0.8281
Seg(-0.05),2.14,0.8278
Seg(-0.05),2.15,0.8279
Seg(-0.05),2.16,0.8276
Seg(-0.05),2.17,0.8279
Seg(-0.05),2.18,0.8282
Seg(-0.05),2.19,0.8282
Seg(-0.05),2.2,0.828
Seg(-0.05),2.21,0.8281
Seg(-0.05),2.22,0.8284
Seg(-0.05),2.23,0.8285
Seg(-0.05),2.24,0.8287
Seg(-0.05),2.25,0.8286
Seg(-0.05),2.26,0.8288
Seg(-0.05),2.27,0.8289
Seg(-0.05),2.28,0.8289
Seg(-0.05),2.29,0.8287
Seg(-0.05),2.3,0.8285
Seg(-0.05),2.31,0.8286
Seg(-0.05),2.32,0.8285
Seg(-0.05),2.33,0.8285
Seg(-0.05),2.34,0.8283
Seg(-0.05),2.35,0.8287
Seg(-0.05),2.36,0.8288
Seg(-0.05),2.37,0.8288
Seg(-0.05),2.38,0.8288
Seg(-0.05),2.39,0.8288
Seg(-0.05),2.4,0.8289
Seg(-0.05),2.41,0.8287
Seg(-0.05),2.42,0.8289
Seg(-0.05),2.43,0.8285
Seg(-0.05),2.44,0.8282
Seg(-0.05),2.45,0.8281
Seg(-0.05),2.46,0.8279
Seg(-0.05),2.47,0.8277
Seg(-0.05),2.48,0.8276
Seg(-0.05),2.49,0.8272
Seg(-0.05),2.5,0.8274
Seg(-0.05),2.51,0.8273
Seg(-0.05),2.52,0.8274
Seg(-0.05),2.53,0.8273
Seg(-0.05),2.54,0.8273
Seg(-0.05),2.55,0.8272
Seg(-0.05),2.56,0.8268
Seg(-0.05),2.57,0.8267
Seg(-0.05),2.58,0.8267
Seg(-0.05),2.59,0.8268
Seg(-0.05),2.6,0.8268
Seg(-0.05),2.61,0.8268
Seg(-0.05),2.62,0.8265
Seg(-0.05),2.63,0.8265
Seg(-0.05),2.64,0.8266
Seg(-0.05),2.65,0.8269
Seg(-0.05),2.66,0.8266
Seg(-0.05),2.67,0.8262
Seg(-0.05),2.68,0.8259
Seg(-0.05),2.69,0.8258
Seg(-0.05),2.7,0.8259
Seg(-0.05),2.71,0.8257
Seg(-0.05),2.72,0.8258
Seg(-0.05),2.73,0.8257
Seg(-0.05),2.74,0.8254
Seg(-0.05),2.75,0.8254
Seg(-0.05),2.76,0.825
Seg(-0.05),2.77,0.8249
Seg(-0.05),2.78,0.8248
Seg(-0.05),2.79,0.8246
Seg(-0.05),2.8,0.8246
Seg(-0.05),2.81,0.8245
Seg(-0.05),2.82,0.8242
Seg(-0.05),2.83,0.824
Seg(-0.05),2.84,0.8239
Seg(-0.05),2.85,0.8238
Seg(-0.05),2.86,0.8237
Seg(-0.05),2.87,0.8238
Seg(-0.05),2.88,0.8238
Seg(-0.05),2.89,0.8238
Seg(-0.05),2.9,0.8237
Seg(-0.05),2.91,0.8239
Seg(-0.05),2.92,0.8238
Seg(-0.05),2.93,0.8239
Seg(-0.05),2.94,0.8239
Seg(-0.05),2.95,0.8239
Seg(-0.05),2.96,0.8237
Seg(-0.05),2.97,0.8234
Seg(-0.05),2.98,0.8232
Seg(-0.05),2.99,0.8231
Seg(-0.05),3.0,0.8229
Seg(-0.05),3.01,0.8228
Seg(-0.05),3.02,0.8227
Seg(-0.05),3.03,0.8223
Seg(-0.05),3.04,0.8223
Seg(-0.05),3.05,0.8223
Seg(-0.05),3.06,0.8221
Seg(-0.05),3.07,0.8221
Seg(-0.05),3.08,0.8221
Seg(-0.05),3.09,0.8219
Seg(-0.05),3.1,0.8216
Seg(-0.05),3.11,0.8215
Seg(-0.05),3.12,0.8215
Seg(-0.05),3.13,0.8214
Seg(-0.05),3.14,0.8212
Seg(-0.05),3.15,0.8207
Seg(-0.05),3.16,0.8206
Seg(-0.05),3.17,0.8203
Seg(-0.05),3.18,0.8204
Seg(-0.05),3.19,0.8201
Seg(-0.05),3.2,0.8198
Seg(-0.05),3.21,0.8195
Seg(-0.05),3.22,0.8189
Seg(-0.05),3.23,0.8187
Seg(-0.05),3.24,0.8185
Seg(-0.05),3.25,0.8179
Seg(-0.05),3.26,0.8177
Seg(-0.05),3.27,0.8174
Seg(-0.05),3.28,0.8172
Seg(-0.05),3.29,0.8167
Seg(-0.05),3.3,0.8166
Seg(-0.05),3.31,0.8165
Seg(-0.05),3.32,0.8161
Seg(-0.05),3.33,0.816
Seg(-0.05),3.34,0.8156
Seg(-0.05),3.35,0.8155
Seg(-0.05),3.36,0.8149
Seg(-0.05),3.37,0.8145
Seg(-0.05),3.38,0.814
Seg(-0.05),3.39,0.8136
Seg(-0.05),3.4,0.8132
Seg(-0.05),3.41,0.8129
Seg(-0.05),3.42,0.8123
Seg(-0.05),3.43,0.8117
Seg(-0.05),3.44,0.8116
Seg(-0.05),3.45,0.8113
Seg(-0.05),3.46,0.8111
Seg(-0.05),3.47,0.8108
Seg(-0.05),3.48,0.8105
Seg(-0.05),3.49,0.8102
Seg(-0.05),3.5,0.8097
Seg(-0.05),3.51,0.8089
Seg(-0.05),3.52,0.8084
Seg(-0.05),3.53,0.8082
Seg(-0.05),3.54,0.8079
Seg(-0.05),3.55,0.8073
Seg(-0.05),3.56,0.807
Seg(-0.05),3.57,0.8066
Seg(-0.05),3.58,0.8063
Seg(-0.05),3.59,0.8056
Seg(-0.05),3.6,0.8051
Seg(-0.05),3.61,0.8046
Seg(-0.05),3.62,0.8042
Seg(-0.05),3.63,0.8033
Seg(-0.05),3.64,0.8025
Seg(-0.05),3.65,0.8019
Seg(-0.05),3.66,0.801
Seg(-0.05),3.67,0.8005
Seg(-0.05),3.68,0.8
Seg(-0.05),3.69,0.7995
Seg(-0.05),3.7,0.7994
Seg(-0.05),3.71,0.799
Seg(-0.05),3.72,0.7984
Seg(-0.05),3.73,0.798
Seg(-0.05),3.74,0.797
Seg(-0.05),3.75,0.7965
Seg(-0.05),3.76,0.7958
Seg(-0.05),3.77,0.7952
Seg(-0.05),3.78,0.7945
Seg(-0.05),3.79,0.7937
Seg(-0.05),3.8,0.7929
Seg(-0.05),3.81,0.7926
Seg(-0.05),3.82,0.7922
Seg(-0.05),3.83,0.7915
Seg(-0.05),3.84,0.7912
Seg(-0.05),3.85,0.7908
Seg(-0.05),3.86,0.7906
Seg(-0.05),3.87,0.7895
Seg(-0.05),3.88,0.789
Seg(-0.05),3.89,0.7888
Seg(-0.05),3.9,0.7881
Seg(-0.05),3.91,0.7875
Seg(-0.05),3.92,0.7872
Seg(-0.05),3.93,0.7867
Seg(-0.05),3.94,0.7866
Seg(-0.05),3.95,0.7862
Seg(-0.05),3.96,0.786
Seg(-0.05),3.97,0.7855
Seg(-0.05),3.98,0.7852
Seg(-0.05),3.99,0.7846
Seg(-0.05),4.0,0.7844
Seg(-0.05),4.01,0.7842
Seg(-0.05),4.02,0.7835
Seg(-0.05),4.03,0.7832
Seg(-0.05),4.04,0.7831
Seg(-0.05),4.05,0.7829
Seg(-0.05),4.06,0.7827
Seg(-0.05),4.07,0.7825
Seg(-0.05),4.08,0.7824
Seg(-0.05),4.09,0.7821
Seg(-0.05),4.1,0.7819
Seg(-0.05),4.11,0.7819
Seg(-0.05),4.12,0.7819
Seg(-0.05),4.13,0.7817
Seg(-0.05),4.14,0.7817
Seg(-0.05),4.15,0.7817
Seg(-0.05),4.16,0.7817
Seg(-0.05),4.17,0.7817
Seg(-0.05),4.18,0.7813
Seg(-0.05),4.19,0.7813
Seg(-0.05),4.2,0.7811
Seg(-0.05),4.21,0.7811
Seg(-0.05),4.23,0.7811
Seg(-0.05),4.24,0.7811
Seg(-0.05),4.25,0.7811
Seg(-0.05),4.26,0.7811
Seg(-0.05),4.31,0.7811
Seg(-0.05),4.33,0.7811
Seg(-0.05),4.35,0.7811
Seg(-0.05),4.36,0.7811
Seg(-0.05),4.37,0.7811
Seg(-0.05),4.38,0.7811
RNG(0),1.32,0.8192
RNG(0),1.33,0.8192
RNG(0),1.35,0.8192
RNG(0),1.39,0.8192
RNG(0),1.43,0.8192
RNG(0),1.44,0.8195
RNG(0),1.45,0.8195
RNG(0),1.46,0.8195
RNG(0),1.47,0.8195
RNG(0),1.48,0.8198
RNG(0),1.49,0.82
RNG(0),1.5,0.8201
RNG(0),1.51,0.8202
RNG(0),1.52,0.8203
RNG(0),1.53,0.8203
RNG(0),1.54,0.8203
RNG(0),1.55,0.8204
RNG(0),1.56,0.8207
RNG(0),1.57,0.8207
RNG(0),1.58,0.8208
RNG(0),1.59,0.8209
RNG(0),1.6,0.8209
RNG(0),1.61,0.8212
RNG(0),1.62,0.8214
RNG(0),1.63,0.8215
RNG(0),1.64,0.8215
RNG(0),1.65,0.8216
RNG(0),1.66,0.8216
RNG(0),1.67,0.8218
RNG(0),1.68,0.8222
RNG(0),1.69,0.8225
RNG(0),1.7,0.8229
RNG(0),1.71,0.8232
RNG(0),1.72,0.8236
RNG(0),1.73,0.8239
RNG(0),1.74,0.8242
RNG(0),1.75,0.8244
RNG(0),1.76,0.8246
RNG(0),1.77,0.8246
RNG(0),1.78,0.8248
RNG(0),1.79,0.825
RNG(0),1.8,0.8251
RNG(0),1.81,0.8252
RNG(0),1.82,0.8253
RNG(0),1.83,0.8256
RNG(0),1.84,0.826
RNG(0),1.85,0.826
RNG(0),1.86,0.826
RNG(0),1.87,0.8261
RNG(0),1.88,0.8263
RNG(0),1.89,0.8263
RNG(0),1.9,0.8264
RNG(0),1.91,0.8264
RNG(0),1.92,0.8264
RNG(0),1.93,0.8268
RNG(0),1.94,0.8271
RNG(0),1.95,0.8275
RNG(0),1.96,0.8276
RNG(0),1.97,0.8278
RNG(0),1.98,0.8281
RNG(0),1.99,0.8282
RNG(0),2.0,0.8284
RNG(0),2.01,0.8287
RNG(0),2.02,0.829
RNG(0),2.03,0.8292
RNG(0),2.04,0.8293
RNG(0),2.05,0.8293
RNG(0),2.06,0.8294
RNG(0),2.07,0.8295
RNG(0),2.08,0.8295
RNG(0),2.09,0.8294
RNG(0),2.1,0.8293
RNG(0),2.11,0.8295
RNG(0),2.12,0.8295
RNG(0),2.13,0.8296
RNG(0),2.14,0.8294
RNG(0),2.15,0.8295
RNG(0),2.16,0.8292
RNG(0),2.17,0.8295
RNG(0),2.18,0.8299
RNG(0),2.19,0.83
RNG(0),2.2,0.8299
RNG(0),2.21,0.83
RNG(0),2.22,0.8303
RNG(0),2.23,0.8304
RNG(0),2.24,0.8305
RNG(0),2.25,0.8305
RNG(0),2.26,0.8307
RNG(0),2.27,0.8308
RNG(0),2.28,0.8309
RNG(0),2.29,0.8308
RNG(0),2.3,0.8308
RNG(0),2.31,0.8308
RNG(0),2.32,0.8308
RNG(0),2.33,0.8307
RNG(0),2.34,0.8306
RNG(0),2.35,0.831
RNG(0),2.36,0.8311
RNG(0),2.37,0.8311
RNG(0),2.38,0.8312
RNG(0),2.39,0.8313
RNG(0),2.4,0.8315
RNG(0),2.41,0.8314
RNG(0),2.42,0.8317
RNG(0),2.43,0.8314
RNG(0),2.44,0.8312
RNG(0),2.45,0.8312
RNG(0),2.46,0.831
RNG(0),2.47,0.831
RNG(0),2.48,0.8309
RNG(0),2.49,0.8308
RNG(0),2.5,0.831
RNG(0),2.51,0.8309
RNG(0),2.52,0.8311
RNG(0),2.53,0.831
RNG(0),2.54,0.8311
RNG(0),2.55,0.831
RNG(0),2.56,0.8308
RNG(0),2.57,0.8309
RNG(0),2.58,0.8311
RNG(0),2.59,0.8313
RNG(0),2.6,0.8315
RNG(0),2.61,0.8315
RNG(0),2.62,0.8313
RNG(0),2.63,0.8313
RNG(0),2.64,0.8314
RNG(0),2.65,0.8317
RNG(0),2.66,0.8315
RNG(0),2.67,0.8313
RNG(0),2.68,0.8313
RNG(0),2.69,0.8311
RNG(0),2.7,0.8314
RNG(0),2.71,0.8314
RNG(0),2.72,0.8318
RNG(0),2.73,0.8318
RNG(0),2.74,0.8316
RNG(0),2.75,0.8317
RNG(0),2.76,0.8315
RNG(0),2.77,0.8316
RNG(0),2.78,0.8316
RNG(0),2.79,0.8316
RNG(0),2.8,0.8317
RNG(0),2.81,0.8316
RNG(0),2.82,0.8314
RNG(0),2.83,0.8314
RNG(0),2.84,0.8314
RNG(0),2.85,0.8314
RNG(0),2.86,0.8316
RNG(0),2.87,0.8318
RNG(0),2.88,0.8319
RNG(0),2.89,0.8319
RNG(0),2.9,0.8321
RNG(0),2.91,0.8324
RNG(0),2.92,0.8324
RNG(0),2.93,0.8325
RNG(0),2.94,0.8328
RNG(0),2.95,0.8329
RNG(0),2.96,0.8329
RNG(0),2.97,0.8328
RNG(0),2.98,0.8327
RNG(0),2.99,0.8328
RNG(0),3.0,0.8329
RNG(0),3.01,0.8329
RNG(0),3.02,0.8328
RNG(0),3.03,0.8326
RNG(0),3.04,0.8326
RNG(0),3.05,0.8326
RNG(0),3.06,0.8326
RNG(0),3.07,0.8326
RNG(0),3.08,0.8327
RNG(0),3.09,0.8326
RNG(0),3.1,0.8324
RNG(0),3.11,0.8324
RNG(0),3.12,0.8324
RNG(0),3.13,0.8324
RNG(0),3.14,0.8322
RNG(0),3.15,0.8322
RNG(0),3.16,0.8322
RNG(0),3.17,0.8322
RNG(0),3.18,0.8324
RNG(0),3.19,0.8323
RNG(0),3.2,0.8321
RNG(0),3.21,0.832
RNG(0),3.22,0.8319
RNG(0),3.23,0.8318
RNG(0),3.24,0.8316
RNG(0),3.25,0.8313
RNG(0),3.26,0.8312
RNG(0),3.27,0.8311
RNG(0),3.28,0.8311
RNG(0),3.29,0.831
RNG(0),3.3,0.8309
RNG(0),3.31,0.8309
RNG(0),3.32,0.8307
RNG(0),3.33,0.831
RNG(0),3.34,0.8308
RNG(0),3.35,0.8308
RNG(0),3.36,0.8307
RNG(0),3.37,0.8305
RNG(0),3.38,0.8303
RNG(0),3.39,0.8302
RNG(0),3.4,0.8303
RNG(0),3.41,0.8302
RNG(0),3.42,0.8298
RNG(0),3.43,0.8294
RNG(0),3.44,0.8294
RNG(0),3.45,0.8293
RNG(0),3.46,0.8294
RNG(0),3.47,0.8293
RNG(0),3.48,0.8294
RNG(0),3.49,0.8292
RNG(0),3.5,0.8289
RNG(0),3.51,0.8287
RNG(0),3.52,0.8286
RNG(0),3.53,0.8287
RNG(0),3.54,0.8286
RNG(0),3.55,0.8284
RNG(0),3.56,0.8282
RNG(0),3.57,0.828
RNG(0),3.58,0.828
RNG(0),3.59,0.8274
RNG(0),3.6,0.8271
RNG(0),3.61,0.8268
RNG(0),3.62,0.8266
RNG(0),3.63,0.8263
RNG(0),3.64,0.8258
RNG(0),3.65,0.8255
RNG(0),3.66,0.8252
RNG(0),3.67,0.8249
RNG(0),3.68,0.8249
RNG(0),3.69,0.8246
RNG(0),3.7,0.8245
RNG(0),3.71,0.8245
RNG(0),3.72,0.8239
RNG(0),3.73,0.8236
RNG(0),3.74,0.8234
RNG(0),3.75,0.8233
RNG(0),3.76,0.8228
RNG(0),3.77,0.8226
RNG(0),3.78,0.8223
RNG(0),3.79,0.8219
RNG(0),3.8,0.8214
RNG(0),3.81,0.8213
RNG(0),3.82,0.8211
RNG(0),3.83,0.8208
RNG(0),3.84,0.8207
RNG(0),3.85,0.8206
RNG(0),3.86,0.8205
RNG(0),3.87,0.8202
RNG(0),3.88,0.82
RNG(0),3.89,0.8199
RNG(0),3.9,0.8195
RNG(0),3.91,0.8191
RNG(0),3.92,0.8192
RNG(0),3.93,0.8191
RNG(0),3.94,0.8191
RNG(0),3.95,0.8189
RNG(0),3.96,0.8187
RNG(0),3.97,0.8186
RNG(0),3.98,0.8185
RNG(0),3.99,0.8183
RNG(0),4.0,0.8183
RNG(0),4.01,0.8183
RNG(0),4.02,0.818
RNG(0),4.03,0.8179
RNG(0),4.04,0.8178
RNG(0),4.05,0.8178
RNG(0),4.06,0.8178
RNG(0),4.07,0.8178
RNG(0),4.08,0.8179
RNG(0),4.09,0.8179
RNG(0),4.1,0.8179
RNG(0),4.11,0.8179
RNG(0),4.12,0.8179
RNG(0),4.13,0.8179
RNG(0),4.14,0.8179
RNG(0),4.15,0.8179
RNG(0),4.16,0.8179
RNG(0),4.17,0.8179
RNG(0),4.18,0.8179
RNG(0),4.19,0.8179
RNG(0),4.2,0.8179
RNG(0),4.21,0.8179
RNG(0),4.23,0.8179
RNG(0),4.24,0.8179
RNG(0),4.25,0.8179
RNG(0),4.26,0.8179
RNG(0),4.31,0.8179
RNG(0),4.33,0.8179
RNG(0),4.35,0.8179
RNG(0),4.36,0.8179
RNG(0),4.37,0.8179
RNG(0),4.38,0.8179
Seg(0),1.32,0.8192
Seg(0),1.33,0.8192
Seg(0),1.35,0.8192
Seg(0),1.39,0.8192
Seg(0),1.43,0.8192
Seg(0),1.44,0.8195
Seg(0),1.45,0.8195
Seg(0),1.46,0.8195
Seg(0),1.47,0.8195
Seg(0),1.48,0.8196
Seg(0),1.49,0.8198
Seg(0),1.5,0.8199
Seg(0),1.51,0.8199
Seg(0),1.52,0.82
Seg(0),1.53,0.82
Seg(0),1.54,0.82
Seg(0),1.55,0.8202
Seg(0),1.56,0.8203
Seg(0),1.57,0.8204
Seg(0),1.58,0.8205
Seg(0),1.59,0.8206
Seg(0),1.6,0.8206
Seg(0),1.61,0.8208
Seg(0),1.62,0.8211
Seg(0),1.63,0.8211
Seg(0),1.64,0.8211
Seg(0),1.65,0.8212
Seg(0),1.66,0.8212
Seg(0),1.67,0.8214
Seg(0),1.68,0.8217
Seg(0),1.69,0.8219
Seg(0),1.7,0.8223
Seg(0),1.71,0.8227
Seg(0),1.72,0.823
Seg(0),1.73,0.8233
Seg(0),1.74,0.8233
Seg(0),1.75,0.8236
Seg(0),1.76,0.8237
Seg(0),1.77,0.8237
Seg(0),1.78,0.8239
Seg(0),1.79,0.8241
Seg(0),1.8,0.8241
Seg(0),1.81,0.8241
Seg(0),1.82,0.8244
Seg(0),1.83,0.8245
Seg(0),1.84,0.8248
Seg(0),1.85,0.8249
Seg(0),1.86,0.8249
Seg(0),1.87,0.825
Seg(0),1.88,0.825
Seg(0),1.89,0.825
Seg(0),1.9,0.8251
Seg(0),1.91,0.8252
Seg(0),1.92,0.8252
Seg(0),1.93,0.8255
Seg(0),1.94,0.8257
Seg(0),1.95,0.826
Seg(0),1.96,0.8261
Seg(0),1.97,0.8263
Seg(0),1.98,0.8265
Seg(0),1.99,0.8267
Seg(0),2.0,0.8269
Seg(0),2.01,0.8272
Seg(0),2.02,0.8275
Seg(0),2.03,0.8277
Seg(0),2.04,0.8278
Seg(0),2.05,0.8277
Seg(0),2.06,0.8278
Seg(0),2.07,0.8279
Seg(0),2.08,0.8279
Seg(0),2.09,0.8277
Seg(0),2.1,0.8277
Seg(0),2.11,0.8278
Seg(0),2.12,0.8278
Seg(0),2.13,0.8279
Seg(0),2.14,0.8278
Seg(0),2.15,0.8279
Seg(0),2.16,0.8277
Seg(0),2.17,0.8279
Seg(0),2.18,0.8281
Seg(0),2.19,0.8281
Seg(0),2.2,0.828
Seg(0),2.21,0.8282
Seg(0),2.22,0.8286
Seg(0),2.23,0.8286
Seg(0),2.24,0.8286
Seg(0),2.25,0.8286
Seg(0),2.26,0.8287
Seg(0),2.27,0.8288
Seg(0),2.28,0.8287
Seg(0),2.29,0.8286
Seg(0),2.3,0.8286
Seg(0),2.31,0.8285
Seg(0),2.32,0.8286
Seg(0),2.33,0.8286
Seg(0),2.34,0.8285
Seg(0),2.35,0.8288
Seg(0),2.36,0.8289
Seg(0),2.37,0.8289
Seg(0),2.38,0.829
Seg(0),2.39,0.8288
Seg(0),2.4,0.829
Seg(0),2.41,0.829
Seg(0),2.42,0.8292
Seg(0),2.43,0.8291
Seg(0),2.44,0.8289
Seg(0),2.45,0.8288
Seg(0),2.46,0.8286
Seg(0),2.47,0.8285
Seg(0),2.48,0.8285
Seg(0),2.49,0.8284
Seg(0),2.5,0.8284
Seg(0),2.51,0.8284
Seg(0),2.52,0.8286
Seg(0),2.53,0.8285
Seg(0),2.54,0.8285
Seg(0),2.55,0.8284
Seg(0),2.56,0.8284
Seg(0),2.57,0.8285
Seg(0),2.58,0.8286
Seg(0),2.59,0.8286
Seg(0),2.6,0.8287
Seg(0),2.61,0.8289
Seg(0),2.62,0.8288
Seg(0),2.63,0.8288
Seg(0),2.64,0.8289
Seg(0),2.65,0.8291
Seg(0),2.66,0.829
Seg(0),2.67,0.8288
Seg(0),2.68,0.8288
Seg(0),2.69,0.8286
Seg(0),2.7,0.8288
Seg(0),2.71,0.8287
Seg(0),2.72,0.8288
Seg(0),2.73,0.8288
Seg(0),2.74,0.8286
Seg(0),2.75,0.8286
Seg(0),2.76,0.8284
Seg(0),2.77,0.8283
Seg(0),2.78,0.8283
Seg(0),2.79,0.8281
Seg(0),2.8,0.8282
Seg(0),2.81,0.8281
Seg(0),2.82,0.8279
Seg(0),2.83,0.8277
Seg(0),2.84,0.8277
Seg(0),2.85,0.8276
Seg(0),2.86,0.8276
Seg(0),2.87,0.8277
Seg(0),2.88,0.8277
Seg(0),2.89,0.8277
Seg(0),2.9,0.8276
Seg(0),2.91,0.8279
Seg(0),2.92,0.8279
Seg(0),2.93,0.8279
Seg(0),2.94,0.8281
Seg(0),2.95,0.8282
Seg(0),2.96,0.8281
Seg(0),2.97,0.8281
Seg(0),2.98,0.8281
Seg(0),2.99,0.8281
Seg(0),3.0,0.8281
Seg(0),3.01,0.8281
Seg(0),3.02,0.8279
Seg(0),3.03,0.8277
Seg(0),3.04,0.8278
Seg(0),3.05,0.8278
Seg(0),3.06,0.8278
Seg(0),3.07,0.8277
Seg(0),3.08,0.8277
Seg(0),3.09,0.8276
Seg(0),3.1,0.8274
Seg(0),3.11,0.8273
Seg(0),3.12,0.8273
Seg(0),3.13,0.8273
Seg(0),3.14,0.827
Seg(0),3.15,0.8269
Seg(0),3.16,0.8268
Seg(0),3.17,0.8268
Seg(0),3.18,0.8269
Seg(0),3.19,0.8268
Seg(0),3.2,0.8266
Seg(0),3.21,0.8265
Seg(0),3.22,0.8262
Seg(0),3.23,0.826
Seg(0),3.24,0.8258
Seg(0),3.25,0.8254
Seg(0),3.26,0.8252
Seg(0),3.27,0.8251
Seg(0),3.28,0.825
Seg(0),3.29,0.8248
Seg(0),3.3,0.8247
Seg(0),3.31,0.8246
Seg(0),3.32,0.8242
Seg(0),3.33,0.8241
Seg(0),3.34,0.8238
Seg(0),3.35,0.8238
Seg(0),3.36,0.8238
Seg(0),3.37,0.8236
Seg(0),3.38,0.8233
Seg(0),3.39,0.8231
Seg(0),3.4,0.8231
Seg(0),3.41,0.8228
Seg(0),3.42,0.8223
Seg(0),3.43,0.8221
Seg(0),3.44,0.822
Seg(0),3.45,0.8215
Seg(0),3.46,0.8216
Seg(0),3.47,0.8215
Seg(0),3.48,0.8213
Seg(0),3.49,0.8212
Seg(0),3.5,0.8208
Seg(0),3.51,0.8206
Seg(0),3.52,0.8203
Seg(0),3.53,0.8202
Seg(0),3.54,0.82
Seg(0),3.55,0.8196
Seg(0),3.56,0.8195
Seg(0),3.57,0.8192
Seg(0),3.58,0.819
Seg(0),3.59,0.8184
Seg(0),3.6,0.8181
Seg(0),3.61,0.8179
Seg(0),3.62,0.8176
Seg(0),3.63,0.8171
Seg(0),3.64,0.8167
Seg(0),3.65,0.8165
Seg(0),3.66,0.8161
Seg(0),3.67,0.8157
Seg(0),3.68,0.8155
Seg(0),3.69,0.8153
Seg(0),3.7,0.8152
Seg(0),3.71,0.8149
Seg(0),3.72,0.8147
Seg(0),3.73,0.8143
Seg(0),3.74,0.8141
Seg(0),3.75,0.8138
Seg(0),3.76,0.8133
Seg(0),3.77,0.8133
Seg(0),3.78,0.8127
Seg(0),3.79,0.8123
Seg(0),3.8,0.8117
Seg(0),3.81,0.8116
Seg(0),3.82,0.8114
Seg(0),3.83,0.8109
Seg(0),3.84,0.8108
Seg(0),3.85,0.8107
Seg(0),3.86,0.8105
Seg(0),3.87,0.8097
Seg(0),3.88,0.8092
Seg(0),3.89,0.809
Seg(0),3.9,0.8086
Seg(0),3.91,0.8084
Seg(0),3.92,0.8081
Seg(0),3.93,0.808
Seg(0),3.94,0.808
Seg(0),3.95,0.8077
Seg(0),3.96,0.8075
Seg(0),3.97,0.807
Seg(0),3.98,0.8069
Seg(0),3.99,0.8066
Seg(0),4.0,0.8065
Seg(0),4.01,0.8063
Seg(0),4.02,0.8057
Seg(0),4.03,0.8054
Seg(0),4.04,0.8053
Seg(0),4.05,0.8052
Seg(0),4.06,0.8051
Seg(0),4.07,0.8051
Seg(0),4.08,0.8049
Seg(0),4.09,0.8048
Seg(0),4.1,0.8048
Seg(0),4.11,0.8048
Seg(0),4.12,0.8048
Seg(0),4.13,0.8048
Seg(0),4.14,0.8048
Seg(0),4.15,0.8048
Seg(0),4.16,0.8048
Seg(0),4.17,0.8048
Seg(0),4.18,0.8048
Seg(0),4.19,0.8048
Seg(0),4.2,0.8046
Seg(0),4.21,0.8046
Seg(0),4.23,0.8046
Seg(0),4.24,0.8046
Seg(0),4.25,0.8046
Seg(0),4.26,0.8046
Seg(0),4.31,0.8046
Seg(0),4.33,0.8046
Seg(0),4.35,0.8046
Seg(0),4.36,0.8046
Seg(0),4.37,0.8046
Seg(0),4.38,0.8046
RNG(0.05),1.32,0.8192
RNG(0.05),1.33,0.8192
RNG(0.05),1.35,0.8192
RNG(0.05),1.39,0.8192
RNG(0.05),1.43,0.8192
RNG(0.05),1.44,0.8195
RNG(0.05),1.45,0.8195
RNG(0.05),1.46,0.8195
RNG(0.05),1.47,0.8195
RNG(0.05),1.48,0.8198
RNG(0.05),1.49,0.82
RNG(0.05),1.5,0.8201
RNG(0.05),1.51,0.8202
RNG(0.05),1.52,0.8203
RNG(0.05),1.53,0.8203
RNG(0.05),1.54,0.8203
RNG(0.05),1.55,0.8204
RNG(0.05),1.56,0.8206
RNG(0.05),1.57,0.8207
RNG(0.05),1.58,0.8208
RNG(0.05),1.59,0.8208
RNG(0.05),1.6,0.8209
RNG(0.05),1.61,0.8212
RNG(0.05),1.62,0.8214
RNG(0.05),1.63,0.8215
RNG(0.05),1.64,0.8215
RNG(0.05),1.65,0.8216
RNG(0.05),1.66,0.8217
RNG(0.05),1.67,0.8218
RNG(0.05),1.68,0.8222
RNG(0.05),1.69,0.8224
RNG(0.05),1.7,0.8229
RNG(0.05),1.71,0.8232
RNG(0.05),1.72,0.8236
RNG(0.05),1.73,0.8239
RNG(0.05),1.74,0.824
RNG(0.05),1.75,0.8243
RNG(0.05),1.76,0.8244
RNG(0.05),1.77,0.8244
RNG(0.05),1.78,0.8246
RNG(0.05),1.79,0.8248
RNG(0.05),1.8,0.8249
RNG(0.05),1.81,0.8249
RNG(0.05),1.82,0.825
RNG(0.05),1.83,0.8252
RNG(0.05),1.84,0.8255
RNG(0.05),1.85,0.8256
RNG(0.05),1.86,0.8257
RNG(0.05),1.87,0.8258
RNG(0.05),1.88,0.8259
RNG(0.05),1.89,0.8259
RNG(0.05),1.9,0.826
RNG(0.05),1.91,0.826
RNG(0.05),1.92,0.826
RNG(0.05),1.93,0.8264
RNG(0.05),1.94,0.8267
RNG(0.05),1.95,0.827
RNG(0.05),1.96,0.8271
RNG(0.05),1.97,0.8273
RNG(0.05),1.98,0.8275
RNG(0.05),1.99,0.8276
RNG(0.05),2.0,0.8278
RNG(0.05),2.01,0.8281
RNG(0.05),2.02,0.8284
RNG(0.05),2.03,0.8286
RNG(0.05),2.04,0.8287
RNG(0.05),2.05,0.8287
RNG(0.05),2.06,0.8288
RNG(0.05),2.07,0.829
RNG(0.05),2.08,0.829
RNG(0.05),2.09,0.829
RNG(0.05),2.1,0.829
RNG(0.05),2.11,0.8291
RNG(0.05),2.12,0.8292
RNG(0.05),2.13,0.8293
RNG(0.05),2.14,0.8292
RNG(0.05),2.15,0.8293
RNG(0.05),2.16,0.8291
RNG(0.05),2.17,0.8294
RNG(0.05),2.18,0.8297
RNG(0.05),2.19,0.8297
RNG(0.05),2.2,0.8296
RNG(0.05),2.21,0.8297
RNG(0.05),2.22,0.8301
RNG(0.05),2.23,0.8301
RNG(0.05),2.24,0.8302
RNG(0.05),2.25,0.8302
RNG(0.05),2.26,0.8304
RNG(0.05),2.27,0.8306
RNG(0.05),2.28,0.8307
RNG(0.05),2.29,0.8306
RNG(0.05),2.3,0.8306
RNG(0.05),2.31,0.8307
RNG(0.05),2.32,0.8308
RNG(0.05),2.33,0.8308
RNG(0.05),2.34,0.8307
RNG(0.05),2.35,0.8311
RNG(0.05),2.36,0.8312
RNG(0.05),2.37,0.8313
RNG(0.05),2.38,0.8314
RNG(0.05),2.39,0.8315
RNG(0.05),2.4,0.8316
RNG(0.05),2.41,0.8316
RNG(0.05),2.42,0.8318
RNG(0.05),2.43,0.8316
RNG(0.05),2.44,0.8315
RNG(0.05),2.45,0.8315
RNG(0.05),2.46,0.8314
RNG(0.05),2.47,0.8313
RNG(0.05),2.48,0.8314
RNG(0.05),2.49,0.8314
RNG(0.05),2.5,0.8316
RNG(0.05),2.51,0.8316
RNG(0.05),2.52,0.8318
RNG(0.05),2.53,0.8318
RNG(0.05),2.54,0.8318
RNG(0.05),2.55,0.8317
RNG(0.05),2.56,0.8315
RNG(0.05),2.57,0.8316
RNG(0.05),2.58,0.8317
RNG(0.05),2.59,0.8319
RNG(0.05),2.6,0.832
RNG(0.05),2.61,0.8322
RNG(0.05),2.62,0.8321
RNG(0.05),2.63,0.8323
RNG(0.05),2.64,0.8324
RNG(0.05),2.65,0.8327
RNG(0.05),2.66,0.8326
RNG(0.05),2.67,0.8325
RNG(0.05),2.68,0.8324
RNG(0.05),2.69,0.8323
RNG(0.05),2.7,0.8325
RNG(0.05),2.71,0.8325
RNG(0.05),2.72,0.8327
RNG(0.05),2.73,0.8328
RNG(0.05),2.74,0.8327
RNG(0.05),2.75,0.8328
RNG(0.05),2.76,0.8326
RNG(0.05),2.77,0.8326
RNG(0.05),2.78,0.8326
RNG(0.05),2.79,0.8326
RNG(0.05),2.8,0.8327
RNG(0.05),2.81,0.8327
RNG(0.05),2.82,0.8326
RNG(0.05),2.83,0.8326
RNG(0.05),2.84,0.8326
RNG(0.05),2.85,0.8326
RNG(0.05),2.86,0.8327
RNG(0.05),2.87,0.8328
RNG(0.05),2.88,0.8329
RNG(0.05),2.89,0.8328
RNG(0.05),2.9,0.8329
RNG(0.05),2.91,0.8332
RNG(0.05),2.92,0.8333
RNG(0.05),2.93,0.8334
RNG(0.05),2.94,0.8338
RNG(0.05),2.95,0.8338
RNG(0.05),2.96,0.8338
RNG(0.05),2.97,0.8338
RNG(0.05),2.98,0.8338
RNG(0.05),2.99,0.8338
RNG(0.05),3.0,0.8339
RNG(0.05),3.01,0.8339
RNG(0.05),3.02,0.8338
RNG(0.05),3.03,0.8338
RNG(0.05),3.04,0.8339
RNG(0.05),3.05,0.8339
RNG(0.05),3.06,0.8337
RNG(0.05),3.07,0.8337
RNG(0.05),3.08,0.8337
RNG(0.05),3.09,0.8336
RNG(0.05),3.1,0.8335
RNG(0.05),3.11,0.8336
RNG(0.05),3.12,0.8336
RNG(0.05),3.13,0.8337
RNG(0.05),3.14,0.8336
RNG(0.05),3.15,0.8336
RNG(0.05),3.16,0.8335
RNG(0.05),3.17,0.8336
RNG(0.05),3.18,0.8338
RNG(0.05),3.19,0.8337
RNG(0.05),3.2,0.8337
RNG(0.05),3.21,0.8336
RNG(0.05),3.22,0.8335
RNG(0.05),3.23,0.8334
RNG(0.05),3.24,0.8332
RNG(0.05),3.25,0.8331
RNG(0.05),3.26,0.833
RNG(0.05),3.27,0.833
RNG(0.05),3.28,0.8329
RNG(0.05),3.29,0.8328
RNG(0.05),3.3,0.8327
RNG(0.05),3.31,0.8328
RNG(0.05),3.32,0.8328
RNG(0.05),3.33,0.8331
RNG(0.05),3.34,0.833
RNG(0.05),3.35,0.8331
RNG(0.05),3.36,0.833
RNG(0.05),3.37,0.833
RNG(0.05),3.38,0.8328
RNG(0.05),3.39,0.8328
RNG(0.05),3.4,0.8329
RNG(0.05),3.41,0.8328
RNG(0.05),3.42,0.8324
RNG(0.05),3.43,0.8322
RNG(0.05),3.44,0.8322
RNG(0.05),3.45,0.8321
RNG(0.05),3.46,0.8323
RNG(0.05),3.47,0.8322
RNG(0.05),3.48,0.8321
RNG(0.05),3.49,0.832
RNG(0.05),3.5,0.8318
RNG(0.05),3.51,0.8316
RNG(0.05),3.52,0.8316
RNG(0.05),3.53,0.8317
RNG(0.05),3.54,0.8316
RNG(0.05),3.55,0.8315
RNG(0.05),3.56,0.8314
RNG(0.05),3.57,0.8312
RNG(0.05),3.58,0.8312
RNG(0.05),3.59,0.8307
RNG(0.05),3.6,0.8304
RNG(0.05),3.61,0.8303
RNG(0.05),3.62,0.8301
RNG(0.05),3.63,0.83
RNG(0.05),3.64,0.8298
RNG(0.05),3.65,0.8296
RNG(0.05),3.66,0.8294
RNG(0.05),3.67,0.8292
RNG(0.05),3.68,0.8292
RNG(0.05),3.69,0.8291
RNG(0.05),3.7,0.829
RNG(0.05),3.71,0.8291
RNG(0.05),3.72,0.8288
RNG(0.05),3.73,0.8285
RNG(0.05),3.74,0.8285
RNG(0.05),3.75,0.8284
RNG(0.05),3.76,0.828
RNG(0.05),3.77,0.8279
RNG(0.05),3.78,0.8277
RNG(0.05),3.79,0.8275
RNG(0.05),3.8,0.8272
RNG(0.05),3.81,0.8274
RNG(0.05),3.82,0.8273
RNG(0.05),3.83,0.827
RNG(0.05),3.84,0.8269
RNG(0.05),3.85,0.8269
RNG(0.05),3.86,0.8269
RNG(0.05),3.87,0.8267
RNG(0.05),3.88,0.8266
RNG(0.05),3.89,0.8265
RNG(0.05),3.9,0.826
RNG(0.05),3.91,0.8257
RNG(0.05),3.92,0.8257
RNG(0.05),3.93,0.8257
RNG(0.05),3.94,0.8257
RNG(0.05),3.95,0.8256
RNG(0.05),3.96,0.8254
RNG(0.05),3.97,0.8252
RNG(0.05),3.98,0.8252
RNG(0.05),3.99,0.8251
RNG(0.05),4.0,0.8251
RNG(0.05),4.01,0.8251
RNG(0.05),4.02,0.8249
RNG(0.05),4.03,0.8248
RNG(0.05),4.04,0.8247
RNG(0.05),4.05,0.8247
RNG(0.05),4.06,0.8247
RNG(0.05),4.07,0.8247
RNG(0.05),4.08,0.8248
RNG(0.05),4.09,0.8248
RNG(0.05),4.1,0.8248
RNG(0.05),4.11,0.8248
RNG(0.05),4.12,0.8248
RNG(0.05),4.13,0.8248
RNG(0.05),4.14,0.8248
RNG(0.05),4.15,0.8248
RNG(0.05),4.16,0.8248
RNG(0.05),4.17,0.8248
RNG(0.05),4.18,0.8248
RNG(0.05),4.19,0.8248
RNG(0.05),4.2,0.8248
RNG(0.05),4.21,0.8248
RNG(0.05),4.23,0.8248
RNG(0.05),4.24,0.8248
RNG(0.05),4.25,0.8248
RNG(0.05),4.26,0.8248
RNG(0.05),4.31,0.8248
RNG(0.05),4.33,0.8248
RNG(0.05),4.35,0.8248
RNG(0.05),4.36,0.8248
RNG(0.05),4.37,0.8248
RNG(0.05),4.38,0.8248
Seg(0.05),1.32,0.8192
Seg(0.05),1.33,0.8192
Seg(0.05),1.35,0.8192
Seg(0.05),1.39,0.8192
Seg(0.05),1.43,0.8192
Seg(0.05),1.44,0.8195
Seg(0.05),1.45,0.8195
Seg(0.05),1.46,0.8195
Seg(0.05),1.47,0.8195
Seg(0.05),1.48,0.8196
Seg(0.05),1.49,0.8198
Seg(0.05),1.5,0.8199
Seg(0.05),1.51,0.8199
Seg(0.05),1.52,0.82
Seg(0.05),1.53,0.82
Seg(0.05),1.54,0.82
Seg(0.05),1.55,0.8201
Seg(0.05),1.56,0.8202
Seg(0.05),1.57,0.8204
Seg(0.05),1.58,0.8204
Seg(0.05),1.59,0.8205
Seg(0.05),1.6,0.8206
Seg(0.05),1.61,0.8208
Seg(0.05),1.62,0.821
Seg(0.05),1.63,0.8211
Seg(0.05),1.64,0.8211
Seg(0.05),1.65,0.8212
Seg(0.05),1.66,0.8212
Seg(0.05),1.67,0.8212
Seg(0.05),1.68,0.8216
Seg(0.05),1.69,0.8218
Seg(0.05),1.7,0.8223
Seg(0.05),1.71,0.8225
Seg(0.05),1.72,0.8228
Seg(0.05),1.73,0.823
Seg(0.05),1.74,0.8232
Seg(0.05),1.75,0.8234
Seg(0.05),1.76,0.8235
Seg(0.05),1.77,0.8235
Seg(0.05),1.78,0.8236
Seg(0.05),1.79,0.8238
Seg(0.05),1.8,0.8239
Seg(0.05),1.81,0.824
Seg(0.05),1.82,0.8242
Seg(0.05),1.83,0.8244
Seg(0.05),1.84,0.8246
Seg(0.05),1.85,0.8247
Seg(0.05),1.86,0.8246
Seg(0.05),1.87,0.8247
Seg(0.05),1.88,0.8249
Seg(0.05),1.89,0.8249
Seg(0.05),1.9,0.825
Seg(0.05),1.91,0.825
Seg(0.05),1.92,0.825
Seg(0.05),1.93,0.8253
Seg(0.05),1.94,0.8255
Seg(0.05),1.95,0.8258
Seg(0.05),1.96,0.8259
Seg(0.05),1.97,0.8261
Seg(0.05),1.98,0.8263
Seg(0.05),1.99,0.8264
Seg(0.05),2.0,0.8266
Seg(0.05),2.01,0.8269
Seg(0.05),2.02,0.8271
Seg(0.05),2.03,0.8273
Seg(0.05),2.04,0.8274
Seg(0.05),2.05,0.8274
Seg(0.05),2.06,0.8274
Seg(0.05),2.07,0.8276
Seg(0.05),2.08,0.8276
Seg(0.05),2.09,0.8276
Seg(0.05),2.1,0.8276
Seg(0.05),2.11,0.8277
Seg(0.05),2.12,0.8278
Seg(0.05),2.13,0.8279
Seg(0.05),2.14,0.8278
Seg(0.05),2.15,0.8279
Seg(0.05),2.16,0.8279
Seg(0.05),2.17,0.8282
Seg(0.05),2.18,0.8284
Seg(0.05),2.19,0.8284
Seg(0.05),2.2,0.8284
Seg(0.05),2.21,0.8286
Seg(0.05),2.22,0.8288
Seg(0.05),2.23,0.8289
Seg(0.05),2.24,0.829
Seg(0.05),2.25,0.829
Seg(0.05),2.26,0.8292
Seg(0.05),2.27,0.8292
Seg(0.05),2.28,0.8292
Seg(0.05),2.29,0.8292
Seg(0.05),2.3,0.8292
Seg(0.05),2.31,0.8293
Seg(0.05),2.32,0.8294
Seg(0.05),2.33,0.8294
Seg(0.05),2.34,0.8294
Seg(0.05),2.35,0.8297
Seg(0.05),2.36,0.8299
Seg(0.05),2.37,0.83
Seg(0.05),2.38,0.8301
Seg(0.05),2.39,0.8301
Seg(0.05),2.4,0.8302
Seg(0.05),2.41,0.8303
Seg(0.05),2.42,0.8304
Seg(0.05),2.43,0.8303
Seg(0.05),2.44,0.8303
Seg(0.05),2.45,0.8302
Seg(0.05),2.46,0.8301
Seg(0.05),2.47,0.83
Seg(0.05),2.48,0.8301
Seg(0.05),2.49,0.8301
Seg(0.05),2.5,0.8303
Seg(0.05),2.51,0.8303
Seg(0.05),2.52,0.8305
Seg(0.05),2.53,0.8305
Seg(0.05),2.54,0.8305
Seg(0.05),2.55,0.8304
Seg(0.05),2.56,0.8305
Seg(0.05),2.57,0.8305
Seg(0.05),2.58,0.8307
Seg(0.05),2.59,0.8306
Seg(0.05),2.6,0.8307
Seg(0.05),2.61,0.831
Seg(0.05),2.62,0.8311
Seg(0.05),2.63,0.8311
Seg(0.05),2.64,0.8313
Seg(0.05),2.65,0.8314
Seg(0.05),2.66,0.8314
Seg(0.05),2.67,0.8314
Seg(0.05),2.68,0.8314
Seg(0.05),2.69,0.8313
Seg(0.05),2.7,0.8315
Seg(0.05),2.71,0.8314
Seg(0.05),2.72,0.8316
Seg(0.05),2.73,0.8316
Seg(0.05),2.74,0.8315
Seg(0.05),2.75,0.8315
Seg(0.05),2.76,0.8314
Seg(0.05),2.77,0.8313
Seg(0.05),2.78,0.8313
Seg(0.05),2.79,0.8312
Seg(0.05),2.8,0.8312
Seg(0.05),2.81,0.8312
Seg(0.05),2.82,0.8312
Seg(0.05),2.83,0.8311
Seg(0.05),2.84,0.8311
Seg(0.05),2.85,0.8311
Seg(0.05),2.86,0.8312
Seg(0.05),2.87,0.8312
Seg(0.05),2.88,0.8312
Seg(0.05),2.89,0.8313
Seg(0.05),2.9,0.8313
Seg(0.05),2.91,0.8313
Seg(0.05),2.92,0.8314
Seg(0.05),2.93,0.8315
Seg(0.05),2.94,0.8318
Seg(0.05),2.95,0.8318
Seg(0.05),2.96,0.8317
Seg(0.05),2.97,0.8317
Seg(0.05),2.98,0.8317
Seg(0.05),2.99,0.8316
Seg(0.05),3.0,0.8316
Seg(0.05),3.01,0.8316
Seg(0.05),3.02,0.8315
Seg(0.05),3.03,0.8315
Seg(0.05),3.04,0.8315
Seg(0.05),3.05,0.8315
Seg(0.05),3.06,0.8314
Seg(0.05),3.07,0.8314
Seg(0.05),3.08,0.8314
Seg(0.05),3.09,0.8315
Seg(0.05),3.1,0.8313
Seg(0.05),3.11,0.8314
Seg(0.05),3.12,0.8314
Seg(0.05),3.13,0.8314
Seg(0.05),3.14,0.8312
Seg(0.05),3.15,0.8312
Seg(0.05),3.16,0.8311
Seg(0.05),3.17,0.831
Seg(0.05),3.18,0.8309
Seg(0.05),3.19,0.8307
Seg(0.05),3.2,0.8307
Seg(0.05),3.21,0.8307
Seg(0.05),3.22,0.8305
Seg(0.05),3.23,0.8305
Seg(0.05),3.24,0.8304
Seg(0.05),3.25,0.8303
Seg(0.05),3.26,0.8302
Seg(0.05),3.27,0.8302
Seg(0.05),3.28,0.8303
Seg(0.05),3.29,0.8301
Seg(0.05),3.3,0.8301
Seg(0.05),3.31,0.8301
Seg(0.05),3.32,0.8298
Seg(0.05),3.33,0.8299
Seg(0.05),3.34,0.8296
Seg(0.05),3.35,0.8296
Seg(0.05),3.36,0.8295
Seg(0.05),3.37,0.8294
Seg(0.05),3.38,0.8292
Seg(0.05),3.39,0.8293
Seg(0.05),3.4,0.8294
Seg(0.05),3.41,0.8292
Seg(0.05),3.42,0.8288
Seg(0.05),3.43,0.8286
Seg(0.05),3.44,0.8286
Seg(0.05),3.45,0.8282
Seg(0.05),3.46,0.8284
Seg(0.05),3.47,0.8284
Seg(0.05),3.48,0.8284
Seg(0.05),3.49,0.8283
Seg(0.05),3.5,0.8281
Seg(0.05),3.51,0.8279
Seg(0.05),3.52,0.8277
Seg(0.05),3.53,0.8278
Seg(0.05),3.54,0.8277
Seg(0.05),3.55,0.8274
Seg(0.05),3.56,0.8274
Seg(0.05),3.57,0.8271
Seg(0.05),3.58,0.827
Seg(0.05),3.59,0.8265
Seg(0.05),3.6,0.8264
Seg(0.05),3.61,0.8262
Seg(0.05),3.62,0.8261
Seg(0.05),3.63,0.8259
Seg(0.05),3.64,0.8256
Seg(0.05),3.65,0.8255
Seg(0.05),3.66,0.8252
Seg(0.05),3.67,0.8249
Seg(0.05),3.68,0.8247
Seg(0.05),3.69,0.8245
Seg(0.05),3.7,0.8244
Seg(0.05),3.71,0.8242
Seg(0.05),3.72,0.824
Seg(0.05),3.73,0.8236
Seg(0.05),3.74,0.8234
Seg(0.05),3.75,0.8232
Seg(0.05),3.76,0.8228
Seg(0.05),3.77,0.8228
Seg(0.05),3.78,0.8227
Seg(0.05),3.79,0.8225
Seg(0.05),3.8,0.8222
Seg(0.05),3.81,0.8221
Seg(0.05),3.82,0.822
Seg(0.05),3.83,0.8217
Seg(0.05),3.84,0.8216
Seg(0.05),3.85,0.8216
Seg(0.05),3.86,0.8216
Seg(0.05),3.87,0.8211
Seg(0.05),3.88,0.821
Seg(0.05),3.89,0.8209
Seg(0.05),3.9,0.8207
Seg(0.05),3.91,0.8205
Seg(0.05),3.92,0.8205
Seg(0.05),3.93,0.8205
Seg(0.05),3.94,0.8205
Seg(0.05),3.95,0.8204
Seg(0.05),3.96,0.8204
Seg(0.05),3.97,0.8203
Seg(0.05),3.98,0.8203
Seg(0.05),3.99,0.8202
Seg(0.05),4.0,0.8202
Seg(0.05),4.01,0.82
Seg(0.05),4.02,0.8198
Seg(0.05),4.03,0.8195
Seg(0.05),4.04,0.8194
Seg(0.05),4.05,0.8194
Seg(0.05),4.06,0.8193
Seg(0.05),4.07,0.8193
Seg(0.05),4.08,0.8193
Seg(0.05),4.09,0.8193
Seg(0.05),4.1,0.8193
Seg(0.05),4.11,0.8193
Seg(0.05),4.12,0.8193
Seg(0.05),4.13,0.8193
Seg(0.05),4.14,0.8193
Seg(0.05),4.15,0.8193
Seg(0.05),4.16,0.8193
Seg(0.05),4.17,0.8193
Seg(0.05),4.18,0.8193
Seg(0.05),4.19,0.8193
Seg(0.05),4.2,0.8193
Seg(0.05),4.21,0.8193
Seg(0.05),4.23,0.8193
Seg(0.05),4.24,0.8193
Seg(0.05),4.25,0.8193
Seg(0.05),4.26,0.8193
Seg(0.05),4.31,0.8193
Seg(0.05),4.33,0.8193
Seg(0.05),4.35,0.8193
Seg(0.05),4.36,0.8193
Seg(0.05),4.37,0.8193
Seg(0.05),4.38,0.8193
RNG(0.1),1.32,0.8192
RNG(0.1),1.33,0.8192
RNG(0.1),1.35,0.8192
RNG(0.1),1.39,0.8192
RNG(0.1),1.43,0.8192
RNG(0.1),1.44,0.8195
RNG(0.1),1.45,0.8195
RNG(0.1),1.46,0.8195
RNG(0.1),1.47,0.8195
RNG(0.1),1.48,0.8197
RNG(0.1),1.49,0.8199
RNG(0.1),1.5,0.82
RNG(0.1),1.51,0.8201
RNG(0.1),1.52,0.8202
RNG(0.1),1.53,0.8202
RNG(0.1),1.54,0.8202
RNG(0.1),1.55,0.8203
RNG(0.1),1.56,0.8205
RNG(0.1),1.57,0.8205
RNG(0.1),1.58,0.8206
RNG(0.1),1.59,0.8206
RNG(0.1),1.6,0.8207
RNG(0.1),1.61,0.8209
RNG(0.1),1.62,0.8211
RNG(0.1),1.63,0.8212
RNG(0.1),1.64,0.8212
RNG(0.1),1.65,0.8213
RNG(0.1),1.66,0.8213
RNG(0.1),1.67,0.8214
RNG(0.1),1.68,0.8217
RNG(0.1),1.69,0.822
RNG(0.1),1.7,0.8224
RNG(0.1),1.71,0.8228
RNG(0.1),1.72,0.8231
RNG(0.1),1.73,0.8234
RNG(0.1),1.74,0.8235
RNG(0.1),1.75,0.8238
RNG(0.1),1.76,0.8239
RNG(0.1),1.77,0.8239
RNG(0.1),1.78,0.824
RNG(0.1),1.79,0.8242
RNG(0.1),1.8,0.8243
RNG(0.1),1.81,0.8244
RNG(0.1),1.82,0.8246
RNG(0.1),1.83,0.8247
RNG(0.1),1.84,0.8249
RNG(0.1),1.85,0.825
RNG(0.1),1.86,0.825
RNG(0.1),1.87,0.8251
RNG(0.1),1.88,0.8254
RNG(0.1),1.89,0.8254
RNG(0.1),1.9,0.8255
RNG(0.1),1.91,0.8255
RNG(0.1),1.92,0.8255
RNG(0.1),1.93,0.8258
RNG(0.1),1.94,0.8261
RNG(0.1),1.95,0.8264
RNG(0.1),1.96,0.8265
RNG(0.1),1.97,0.8266
RNG(0.1),1.98,0.8269
RNG(0.1),1.99,0.827
RNG(0.1),2.0,0.8272
RNG(0.1),2.01,0.8275
RNG(0.1),2.02,0.8277
RNG(0.1),2.03,0.8279
RNG(0.1),2.04,0.828
RNG(0.1),2.05,0.828
RNG(0.1),2.06,0.8281
RNG(0.1),2.07,0.8283
RNG(0.1),2.08,0.8284
RNG(0.1),2.09,0.8284
RNG(0.1),2.1,0.8284
RNG(0.1),2.11,0.8285
RNG(0.1),2.12,0.8287
RNG(0.1),2.13,0.8287
RNG(0.1),2.14,0.8287
RNG(0.1),2.15,0.8288
RNG(0.1),2.16,0.8287
RNG(0.1),2.17,0.829
RNG(0.1),2.18,0.8292
RNG(0.1),2.19,0.8292
RNG(0.1),2.2,0.8292
RNG(0.1),2.21,0.8294
RNG(0.1),2.22,0.8296
RNG(0.1),2.23,0.8297
RNG(0.1),2.24,0.8297
RNG(0.1),2.25,0.8297
RNG(0.1),2.26,0.8299
RNG(0.1),2.27,0.8301
RNG(0.1),2.28,0.8301
RNG(0.1),2.29,0.83
RNG(0.1),2.3,0.8301
RNG(0.1),2.31,0.8302
RNG(0.1),2.32,0.8303
RNG(0.1),2.33,0.8303
RNG(0.1),2.34,0.8303
RNG(0.1),2.35,0.8307
RNG(0.1),2.36,0.8308
RNG(0.1),2.37,0.831
RNG(0.1),2.38,0.831
RNG(0.1),2.39,0.8311
RNG(0.1),2.4,0.8313
RNG(0.1),2.41,0.8313
RNG(0.1),2.42,0.8316
RNG(0.1),2.43,0.8312
RNG(0.1),2.44,0.8311
RNG(0.1),2.45,0.8311
RNG(0.1),2.46,0.8309
RNG(0.1),2.47,0.8308
RNG(0.1),2.48,0.8309
RNG(0.1),2.49,0.831
RNG(0.1),2.5,0.8311
RNG(0.1),2.51,0.8312
RNG(0.1),2.52,0.8314
RNG(0.1),2.53,0.8313
RNG(0.1),2.54,0.8314
RNG(0.1),2.55,0.8313
RNG(0.1),2.56,0.8311
RNG(0.1),2.57,0.8312
RNG(0.1),2.58,0.8313
RNG(0.1),2.59,0.8313
RNG(0.1),2.6,0.8315
RNG(0.1),2.61,0.8316
RNG(0.1),2.62,0.8316
RNG(0.1),2.63,0.8318
RNG(0.1),2.64,0.8319
RNG(0.1),2.65,0.832
RNG(0.1),2.66,0.832
RNG(0.1),2.67,0.8318
RNG(0.1),2.68,0.8317
RNG(0.1),2.69,0.8317
RNG(0.1),2.7,0.8319
RNG(0.1),2.71,0.8318
RNG(0.1),2.72,0.832
RNG(0.1),2.73,0.832
RNG(0.1),2.74,0.8319
RNG(0.1),2.75,0.8319
RNG(0.1),2.76,0.8319
RNG(0.1),2.77,0.8319
RNG(0.1),2.78,0.8319
RNG(0.1),2.79,0.8319
RNG(0.1),2.8,0.832
RNG(0.1),2.81,0.8321
RNG(0.1),2.82,0.8321
RNG(0.1),2.83,0.8321
RNG(0.1),2.84,0.8321
RNG(0.1),2.85,0.8321
RNG(0.1),2.86,0.8322
RNG(0.1),2.87,0.8322
RNG(0.1),2.88,0.8323
RNG(0.1),2.89,0.8323
RNG(0.1),2.9,0.8324
RNG(0.1),2.91,0.8325
RNG(0.1),2.92,0.8326
RNG(0.1),2.93,0.8326
RNG(0.1),2.94,0.833
RNG(0.1),2.95,0.8329
RNG(0.1),2.96,0.8329
RNG(0.1),2.97,0.8329
RNG(0.1),2.98,0.833
RNG(0.1),2.99,0.833
RNG(0.1),3.0,0.8331
RNG(0.1),3.01,0.833
RNG(0.1),3.02,0.833
RNG(0.1),3.03,0.833
RNG(0.1),3.04,0.8331
RNG(0.1),3.05,0.8331
RNG(0.1),3.06,0.8331
RNG(0.1),3.07,0.8331
RNG(0.1),3.08,0.8331
RNG(0.1),3.09,0.8332
RNG(0.1),3.1,0.833
RNG(0.1),3.11,0.8331
RNG(0.1),3.12,0.8331
RNG(0.1),3.13,0.8332
RNG(0.1),3.14,0.833
RNG(0.1),3.15,0.833
RNG(0.1),3.16,0.833
RNG(0.1),3.17,0.833
RNG(0.1),3.18,0.8333
RNG(0.1),3.19,0.8332
RNG(0.1),3.2,0.8332
RNG(0.1),3.21,0.8333
RNG(0.1),3.22,0.8332
RNG(0.1),3.23,0.8331
RNG(0.1),3.24,0.833
RNG(0.1),3.25,0.833
RNG(0.1),3.26,0.833
RNG(0.1),3.27,0.833
RNG(0.1),3.28,0.833
RNG(0.1),3.29,0.8329
RNG(0.1),3.3,0.8329
RNG(0.1),3.31,0.8329
RNG(0.1),3.32,0.8328
RNG(0.1),3.33,0.833
RNG(0.1),3.34,0.833
RNG(0.1),3.35,0.833
RNG(0.1),3.36,0.833
RNG(0.1),3.37,0.8329
RNG(0.1),3.38,0.8328
RNG(0.1),3.39,0.8327
RNG(0.1),3.4,0.8329
RNG(0.1),3.41,0.8327
RNG(0.1),3.42,0.8325
RNG(0.1),3.43,0.8323
RNG(0.1),3.44,0.8322
RNG(0.1),3.45,0.8322
RNG(0.1),3.46,0.8325
RNG(0.1),3.47,0.8324
RNG(0.1),3.48,0.8323
RNG(0.1),3.49,0.8323
RNG(0.1),3.5,0.8322
RNG(0.1),3.51,0.8321
RNG(0.1),3.52,0.8319
RNG(0.1),3.53,0.8321
RNG(0.1),3.54,0.832
RNG(0.1),3.55,0.832
RNG(0.1),3.56,0.832
RNG(0.1),3.57,0.8318
RNG(0.1),3.58,0.8318
RNG(0.1),3.59,0.8315
RNG(0.1),3.6,0.8314
RNG(0.1),3.61,0.8314
RNG(0.1),3.62,0.8312
RNG(0.1),3.63,0.8311
RNG(0.1),3.64,0.831
RNG(0.1),3.65,0.8309
RNG(0.1),3.66,0.8308
RNG(0.1),3.67,0.8305
RNG(0.1),3.68,0.8303
RNG(0.1),3.69,0.8302
RNG(0.1),3.7,0.8301
RNG(0.1),3.71,0.83
RNG(0.1),3.72,0.8299
RNG(0.1),3.73,0.8295
RNG(0.1),3.74,0.8295
RNG(0.1),3.75,0.8294
RNG(0.1),3.76,0.8291
RNG(0.1),3.77,0.8291
RNG(0.1),3.78,0.829
RNG(0.1),3.79,0.8288
RNG(0.1),3.8,0.8285
RNG(0.1),3.81,0.8285
RNG(0.1),3.82,0.8285
RNG(0.1),3.83,0.8282
RNG(0.1),3.84,0.8281
RNG(0.1),3.85,0.8281
RNG(0.1),3.86,0.8281
RNG(0.1),3.87,0.8281
RNG(0.1),3.88,0.828
RNG(0.1),3.89,0.828
RNG(0.1),3.9,0.8278
RNG(0.1),3.91,0.8276
RNG(0.1),3.92,0.8276
RNG(0.1),3.93,0.8276
RNG(0.1),3.94,0.8276
RNG(0.1),3.95,0.8275
RNG(0.1),3.96,0.8275
RNG(0.1),3.97,0.8274
RNG(0.1),3.98,0.8274
RNG(0.1),3.99,0.8273
RNG(0.1),4.0,0.8273
RNG(0.1),4.01,0.8273
RNG(0.1),4.02,0.8272
RNG(0.1),4.03,0.8271
RNG(0.1),4.04,0.827
RNG(0.1),4.05,0.827
RNG(0.1),4.06,0.827
RNG(0.1),4.07,0.827
RNG(0.1),4.08,0.8271
RNG(0.1),4.09,0.8271
RNG(0.1),4.1,0.8271
RNG(0.1),4.11,0.8271
RNG(0.1),4.12,0.8271
RNG(0.1),4.13,0.8271
RNG(0.1),4.14,0.8271
RNG(0.1),4.15,0.8271
RNG(0.1),4.16,0.8271
RNG(0.1),4.17,0.8271
RNG(0.1),4.18,0.8271
RNG(0.1),4.19,0.8271
RNG(0.1),4.2,0.8271
RNG(0.1),4.21,0.8271
RNG(0.1),4.23,0.8271
RNG(0.1),4.24,0.8271
RNG(0.1),4.25,0.8271
RNG(0.1),4.26,0.8271
RNG(0.1),4.31,0.8271
RNG(0.1),4.33,0.8271
RNG(0.1),4.35,0.8271
RNG(0.1),4.36,0.8271
RNG(0.1),4.37,0.8271
RNG(0.1),4.38,0.8271
Seg(0.1),1.32,0.8192
Seg(0.1),1.33,0.8192
Seg(0.1),1.35,0.8192
Seg(0.1),1.39,0.8192
Seg(0.1),1.43,0.8192
Seg(0.1),1.44,0.8195
Seg(0.1),1.45,0.8195
Seg(0.1),1.46,0.8195
Seg(0.1),1.47,0.8195
Seg(0.1),1.48,0.8196
Seg(0.1),1.49,0.8198
Seg(0.1),1.5,0.8199
Seg(0.1),1.51,0.8199
Seg(0.1),1.52,0.82
Seg(0.1),1.53,0.82
Seg(0.1),1.54,0.82
Seg(0.1),1.55,0.82
Seg(0.1),1.56,0.8202
Seg(0.1),1.57,0.8203
Seg(0.1),1.58,0.8203
Seg(0.1),1.59,0.8203
Seg(0.1),1.6,0.8204
Seg(0.1),1.61,0.8206
Seg(0.1),1.62,0.8209
Seg(0.1),1.63,0.821
Seg(0.1),1.64,0.821
Seg(0.1),1.65,0.821
Seg(0.1),1.66,0.8211
Seg(0.1),1.67,0.8212
Seg(0.1),1.68,0.8215
Seg(0.1),1.69,0.8218
Seg(0.1),1.7,0.8222
Seg(0.1),1.71,0.8225
Seg(0.1),1.72,0.8227
Seg(0.1),1.73,0.8229
Seg(0.1),1.74,0.8229
Seg(0.1),1.75,0.8231
Seg(0.1),1.76,0.8232
Seg(0.1),1.77,0.8233
Seg(0.1),1.78,0.8234
Seg(0.1),1.79,0.8236
Seg(0.1),1.8,0.8237
Seg(0.1),1.81,0.8238
Seg(0.1),1.82,0.8239
Seg(0.1),1.83,0.8241
Seg(0.1),1.84,0.8243
Seg(0.1),1.85,0.8244
Seg(0.1),1.86,0.8244
Seg(0.1),1.87,0.8244
Seg(0.1),1.88,0.8246
Seg(0.1),1.89,0.8246
Seg(0.1),1.9,0.8247
Seg(0.1),1.91,0.8248
Seg(0.1),1.92,0.8248
Seg(0.1),1.93,0.825
Seg(0.1),1.94,0.8252
Seg(0.1),1.95,0.8255
Seg(0.1),1.96,0.8256
Seg(0.1),1.97,0.8257
Seg(0.1),1.98,0.8259
Seg(0.1),1.99,0.826
Seg(0.1),2.0,0.8262
Seg(0.1),2.01,0.8265
Seg(0.1),2.02,0.8266
Seg(0.1),2.03,0.8268
Seg(0.1),2.04,0.8268
Seg(0.1),2.05,0.8267
Seg(0.1),2.06,0.8268
Seg(0.1),2.07,0.8269
Seg(0.1),2.08,0.8269
Seg(0.1),2.09,0.8269
Seg(0.1),2.1,0.827
Seg(0.1),2.11,0.827
Seg(0.1),2.12,0.8272
Seg(0.1),2.13,0.8272
Seg(0.1),2.14,0.8271
Seg(0.1),2.15,0.8272
Seg(0.1),2.16,0.8272
Seg(0.1),2.17,0.8276
Seg(0.1),2.18,0.8278
Seg(0.1),2.19,0.8278
Seg(0.1),2.2,0.8279
Seg(0.1),2.21,0.8281
Seg(0.1),2.22,0.8283
Seg(0.1),2.23,0.8284
Seg(0.1),2.24,0.8285
Seg(0.1),2.25,0.8286
Seg(0.1),2.26,0.8288
Seg(0.1),2.27,0.8289
Seg(0.1),2.28,0.8288
Seg(0.1),2.29,0.8289
Seg(0.1),2.3,0.8291
Seg(0.1),2.31,0.8292
Seg(0.1),2.32,0.8294
Seg(0.1),2.33,0.8295
Seg(0.1),2.34,0.8295
Seg(0.1),2.35,0.8298
Seg(0.1),2.36,0.8299
Seg(0.1),2.37,0.8301
Seg(0.1),2.38,0.8302
Seg(0.1),2.39,0.8302
Seg(0.1),2.4,0.8304
Seg(0.1),2.41,0.8304
Seg(0.1),2.42,0.8305
Seg(0.1),2.43,0.8304
Seg(0.1),2.44,0.8304
Seg(0.1),2.45,0.8304
Seg(0.1),2.46,0.8305
Seg(0.1),2.47,0.8304
Seg(0.1),2.48,0.8306
Seg(0.1),2.49,0.8305
Seg(0.1),2.5,0.8306
Seg(0.1),2.51,0.8307
Seg(0.1),2.52,0.8308
Seg(0.1),2.53,0.8308
Seg(0.1),2.54,0.8307
Seg(0.1),2.55,0.8306
Seg(0.1),2.56,0.8308
Seg(0.1),2.57,0.8308
Seg(0.1),2.58,0.8309
Seg(0.1),2.59,0.8309
Seg(0.1),2.6,0.8311
Seg(0.1),2.61,0.8311
Seg(0.1),2.62,0.831
Seg(0.1),2.63,0.8311
Seg(0.1),2.64,0.8312
Seg(0.1),2.65,0.8314
Seg(0.1),2.66,0.8315
Seg(0.1),2.67,0.8315
Seg(0.1),2.68,0.8315
Seg(0.1),2.69,0.8316
Seg(0.1),2.7,0.8317
Seg(0.1),2.71,0.8316
Seg(0.1),2.72,0.8318
Seg(0.1),2.73,0.8319
Seg(0.1),2.74,0.8318
Seg(0.1),2.75,0.8319
Seg(0.1),2.76,0.8318
Seg(0.1),2.77,0.8317
Seg(0.1),2.78,0.8318
Seg(0.1),2.79,0.8318
Seg(0.1),2.8,0.8319
Seg(0.1),2.81,0.8319
Seg(0.1),2.82,0.8319
Seg(0.1),2.83,0.8319
Seg(0.1),2.84,0.8318
Seg(0.1),2.85,0.8319
Seg(0.1),2.86,0.832
Seg(0.1),2.87,0.8321
Seg(0.1),2.88,0.8322
Seg(0.1),2.89,0.8322
Seg(0.1),2.9,0.8323
Seg(0.1),2.91,0.8323
Seg(0.1),2.92,0.8324
Seg(0.1),2.93,0.8324
Seg(0.1),2.94,0.8327
Seg(0.1),2.95,0.8327
Seg(0.1),2.96,0.8326
Seg(0.1),2.97,0.8326
Seg(0.1),2.98,0.8326
Seg(0.1),2.99,0.8326
Seg(0.1),3.0,0.8326
Seg(0.1),3.01,0.8325
Seg(0.1),3.02,0.8324
Seg(0.1),3.03,0.8324
Seg(0.1),3.04,0.8324
Seg(0.1),3.05,0.8324
Seg(0.1),3.06,0.8324
Seg(0.1),3.07,0.8324
Seg(0.1),3.08,0.8324
Seg(0.1),3.09,0.8325
Seg(0.1),3.1,0.8323
Seg(0.1),3.11,0.8325
Seg(0.1),3.12,0.8324
Seg(0.1),3.13,0.8325
Seg(0.1),3.14,0.8323
Seg(0.1),3.15,0.8323
Seg(0.1),3.16,0.8323
Seg(0.1),3.17,0.8322
Seg(0.1),3.18,0.8323
Seg(0.1),3.19,0.8322
Seg(0.1),3.2,0.8321
Seg(0.1),3.21,0.832
Seg(0.1),3.22,0.832
Seg(0.1),3.23,0.832
Seg(0.1),3.24,0.832
Seg(0.1),3.25,0.8319
Seg(0.1),3.26,0.832
Seg(0.1),3.27,0.832
Seg(0.1),3.28,0.832
Seg(0.1),3.29,0.832
Seg(0.1),3.3,0.832
Seg(0.1),3.31,0.832
Seg(0.1),3.32,0.8318
Seg(0.1),3.33,0.8318
Seg(0.1),3.34,0.8318
Seg(0.1),3.35,0.8318
Seg(0.1),3.36,0.8317
Seg(0.1),3.37,0.8316
Seg(0.1),3.38,0.8315
Seg(0.1),3.39,0.8316
Seg(0.1),3.4,0.8317
Seg(0.1),3.41,0.8315
Seg(0.1),3.42,0.8314
Seg(0.1),3.43,0.8313
Seg(0.1),3.44,0.8312
Seg(0.1),3.45,0.8308
Seg(0.1),3.46,0.831
Seg(0.1),3.47,0.831
Seg(0.1),3.48,0.8309
Seg(0.1),3.49,0.8309
Seg(0.1),3.5,0.8308
Seg(0.1),3.51,0.8308
Seg(0.1),3.52,0.8306
Seg(0.1),3.53,0.8308
Seg(0.1),3.54,0.8307
Seg(0.1),3.55,0.8306
Seg(0.1),3.56,0.8306
Seg(0.1),3.57,0.8304
Seg(0.1),3.58,0.8304
Seg(0.1),3.59,0.8301
Seg(0.1),3.6,0.83
Seg(0.1),3.61,0.83
Seg(0.1),3.62,0.8298
Seg(0.1),3.63,0.8298
Seg(0.1),3.64,0.8297
Seg(0.1),3.65,0.8296
Seg(0.1),3.66,0.8295
Seg(0.1),3.67,0.8293
Seg(0.1),3.68,0.8293
Seg(0.1),3.69,0.8291
Seg(0.1),3.7,0.829
Seg(0.1),3.71,0.8289
Seg(0.1),3.72,0.8287
Seg(0.1),3.73,0.8285
Seg(0.1),3.74,0.8285
Seg(0.1),3.75,0.8284
Seg(0.1),3.76,0.8281
Seg(0.1),3.77,0.8281
Seg(0.1),3.78,0.8279
Seg(0.1),3.79,0.8279
Seg(0.1),3.8,0.8277
Seg(0.1),3.81,0.8277
Seg(0.1),3.82,0.8275
Seg(0.1),3.83,0.8273
Seg(0.1),3.84,0.8272
Seg(0.1),3.85,0.8272
Seg(0.1),3.86,0.8272
Seg(0.1),3.87,0.827
Seg(0.1),3.88,0.8269
Seg(0.1),3.89,0.8269
Seg(0.1),3.9,0.8267
Seg(0.1),3.91,0.8265
Seg(0.1),3.92,0.8265
Seg(0.1),3.93,0.8265
Seg(0.1),3.94,0.8265
Seg(0.1),3.95,0.8265
Seg(0.1),3.96,0.8265
Seg(0.1),3.97,0.8264
Seg(0.1),3.98,0.8264
Seg(0.1),3.99,0.8263
Seg(0.1),4.0,0.8263
Seg(0.1),4.01,0.8263
Seg(0.1),4.02,0.8262
Seg(0.1),4.03,0.8261
Seg(0.1),4.04,0.8261
Seg(0.1),4.05,0.8261
Seg(0.1),4.06,0.826
Seg(0.1),4.07,0.826
Seg(0.1),4.08,0.826
Seg(0.1),4.09,0.826
Seg(0.1),4.1,0.826
Seg(0.1),4.11,0.826
Seg(0.1),4.12,0.826
Seg(0.1),4.13,0.826
Seg(0.1),4.14,0.826
Seg(0.1),4.15,0.826
Seg(0.1),4.16,0.826
Seg(0.1),4.17,0.826
Seg(0.1),4.18,0.8259
Seg(0.1),4.19,0.8259
Seg(0.1),4.2,0.8259
Seg(0.1),4.21,0.8259
Seg(0.1),4.23,0.8259
Seg(0.1),4.24,0.8259
Seg(0.1),4.25,0.8259
Seg(0.1),4.26,0.8259
Seg(0.1),4.31,0.8259
Seg(0.1),4.33,0.8259
Seg(0.1),4.35,0.8259
Seg(0.1),4.36,0.8259
Seg(0.1),4.37,0.8259
Seg(0.1),4.38,0.8259
RNG(0.2),1.32,0.8192
RNG(0.2),1.33,0.8192
RNG(0.2),1.35,0.8192
RNG(0.2),1.39,0.8192
RNG(0.2),1.43,0.8192
RNG(0.2),1.44,0.8195
RNG(0.2),1.45,0.8195
RNG(0.2),1.46,0.8195
RNG(0.2),1.47,0.8195
RNG(0.2),1.48,0.8197
RNG(0.2),1.49,0.8199
RNG(0.2),1.5,0.82
RNG(0.2),1.51,0.82
RNG(0.2),1.52,0.8201
RNG(0.2),1.53,0.8201
RNG(0.2),1.54,0.8201
RNG(0.2),1.55,0.8202
RNG(0.2),1.56,0.8204
RNG(0.2),1.57,0.8205
RNG(0.2),1.58,0.8206
RNG(0.2),1.59,0.8206
RNG(0.2),1.6,0.8206
RNG(0.2),1.61,0.8208
RNG(0.2),1.62,0.8211
RNG(0.2),1.63,0.8212
RNG(0.2),1.64,0.8212
RNG(0.2),1.65,0.8213
RNG(0.2),1.66,0.8214
RNG(0.2),1.67,0.8215
RNG(0.2),1.68,0.8217
RNG(0.2),1.69,0.822
RNG(0.2),1.7,0.8225
RNG(0.2),1.71,0.8228
RNG(0.2),1.72,0.8231
RNG(0.2),1.73,0.8233
RNG(0.2),1.74,0.8234
RNG(0.2),1.75,0.8236
RNG(0.2),1.76,0.8237
RNG(0.2),1.77,0.8239
RNG(0.2),1.78,0.824
RNG(0.2),1.79,0.8242
RNG(0.2),1.8,0.8243
RNG(0.2),1.81,0.8244
RNG(0.2),1.82,0.8246
RNG(0.2),1.83,0.8247
RNG(0.2),1.84,0.8249
RNG(0.2),1.85,0.825
RNG(0.2),1.86,0.825
RNG(0.2),1.87,0.8251
RNG(0.2),1.88,0.8253
RNG(0.2),1.89,0.8253
RNG(0.2),1.9,0.8253
RNG(0.2),1.91,0.8254
RNG(0.2),1.92,0.8254
RNG(0.2),1.93,0.8256
RNG(0.2),1.94,0.8258
RNG(0.2),1.95,0.8261
RNG(0.2),1.96,0.8262
RNG(0.2),1.97,0.8263
RNG(0.2),1.98,0.8264
RNG(0.2),1.99,0.8266
RNG(0.2),2.0,0.8268
RNG(0.2),2.01,0.827
RNG(0.2),2.02,0.8271
RNG(0.2),2.03,0.8273
RNG(0.2),2.04,0.8274
RNG(0.2),2.05,0.8274
RNG(0.2),2.06,0.8274
RNG(0.2),2.07,0.8276
RNG(0.2),2.08,0.8277
RNG(0.2),2.09,0.8277
RNG(0.2),2.1,0.8278
RNG(0.2),2.11,0.8278
RNG(0.2),2.12,0.8279
RNG(0.2),2.13,0.828
RNG(0.2),2.14,0.828
RNG(0.2),2.15,0.8281
RNG(0.2),2.16,0.8281
RNG(0.2),2.17,0.8285
RNG(0.2),2.18,0.8287
RNG(0.2),2.19,0.8287
RNG(0.2),2.2,0.8288
RNG(0.2),2.21,0.829
RNG(0.2),2.22,0.8292
RNG(0.2),2.23,0.8293
RNG(0.2),2.24,0.8293
RNG(0.2),2.25,0.8295
RNG(0.2),2.26,0.8297
RNG(0.2),2.27,0.8299
RNG(0.2),2.28,0.83
RNG(0.2),2.29,0.83
RNG(0.2),2.3,0.8301
RNG(0.2),2.31,0.8303
RNG(0.2),2.32,0.8304
RNG(0.2),2.33,0.8305
RNG(0.2),2.34,0.8305
RNG(0.2),2.35,0.8308
RNG(0.2),2.36,0.831
RNG(0.2),2.37,0.8311
RNG(0.2),2.38,0.8312
RNG(0.2),2.39,0.8312
RNG(0.2),2.4,0.8314
RNG(0.2),2.41,0.8314
RNG(0.2),2.42,0.8315
RNG(0.2),2.43,0.8315
RNG(0.2),2.44,0.8314
RNG(0.2),2.45,0.8314
RNG(0.2),2.46,0.8314
RNG(0.2),2.47,0.8313
RNG(0.2),2.48,0.8315
RNG(0.2),2.49,0.8315
RNG(0.2),2.5,0.8316
RNG(0.2),2.51,0.8317
RNG(0.2),2.52,0.8319
RNG(0.2),2.53,0.8318
RNG(0.2),2.54,0.8318
RNG(0.2),2.55,0.8317
RNG(0.2),2.56,0.8318
RNG(0.2),2.57,0.8319
RNG(0.2),2.58,0.8319
RNG(0.2),2.59,0.832
RNG(0.2),2.6,0.8322
RNG(0.2),2.61,0.8323
RNG(0.2),2.62,0.8322
RNG(0.2),2.63,0.8323
RNG(0.2),2.64,0.8324
RNG(0.2),2.65,0.8325
RNG(0.2),2.66,0.8326
RNG(0.2),2.67,0.8327
RNG(0.2),2.68,0.8327
RNG(0.2),2.69,0.8327
RNG(0.2),2.7,0.8328
RNG(0.2),2.71,0.8328
RNG(0.2),2.72,0.8329
RNG(0.2),2.73,0.833
RNG(0.2),2.74,0.833
RNG(0.2),2.75,0.833
RNG(0.2),2.76,0.833
RNG(0.2),2.77,0.833
RNG(0.2),2.78,0.8331
RNG(0.2),2.79,0.8331
RNG(0.2),2.8,0.8332
RNG(0.2),2.81,0.8333
RNG(0.2),2.82,0.8332
RNG(0.2),2.83,0.8333
RNG(0.2),2.84,0.8332
RNG(0.2),2.85,0.8332
RNG(0.2),2.86,0.8333
RNG(0.2),2.87,0.8334
RNG(0.2),2.88,0.8335
RNG(0.2),2.89,0.8334
RNG(0.2),2.9,0.8336
RNG(0.2),2.91,0.8336
RNG(0.2),2.92,0.8336
RNG(0.2),2.93,0.8337
RNG(0.2),2.94,0.8339
RNG(0.2),2.95,0.8339
RNG(0.2),2.96,0.8339
RNG(0.2),2.97,0.834
RNG(0.2),2.98,0.834
RNG(0.2),2.99,0.834
RNG(0.2),3.0,0.8339
RNG(0.2),3.01,0.8339
RNG(0.2),3.02,0.8339
RNG(0.2),3.03,0.8338
RNG(0.2),3.04,0.8339
RNG(0.2),3.05,0.8339
RNG(0.2),3.06,0.8339
RNG(0.2),3.07,0.8339
RNG(0.2),3.08,0.8339
RNG(0.2),3.09,0.8341
RNG(0.2),3.1,0.834
RNG(0.2),3.11,0.8341
RNG(0.2),3.12,0.8341
RNG(0.2),3.13,0.8342
RNG(0.2),3.14,0.8341
RNG(0.2),3.15,0.8342
RNG(0.2),3.16,0.8342
RNG(0.2),3.17,0.8341
RNG(0.2),3.18,0.834
RNG(0.2),3.19,0.8339
RNG(0.2),3.2,0.8339
RNG(0.2),3.21,0.8339
RNG(0.2),3.22,0.8338
RNG(0.2),3.23,0.8338
RNG(0.2),3.24,0.8337
RNG(0.2),3.25,0.8337
RNG(0.2),3.26,0.8338
RNG(0.2),3.27,0.8338
RNG(0.2),3.28,0.8339
RNG(0.2),3.29,0.8338
RNG(0.2),3.3,0.8338
RNG(0.2),3.31,0.8338
RNG(0.2),3.32,0.8337
RNG(0.2),3.33,0.834
RNG(0.2),3.34,0.8339
RNG(0.2),3.35,0.8339
RNG(0.2),3.36,0.8339
RNG(0.2),3.37,0.8339
RNG(0.2),3.38,0.8337
RNG(0.2),3.39,0.8338
RNG(0.2),3.4,0.8339
RNG(0.2),3.41,0.8339
RNG(0.2),3.42,0.8337
RNG(0.2),3.43,0.8335
RNG(0.2),3.44,0.8335
RNG(0.2),3.45,0.8333
RNG(0.2),3.46,0.8336
RNG(0.2),3.47,0.8335
RNG(0.2),3.48,0.8335
RNG(0.2),3.49,0.8335
RNG(0.2),3.5,0.8334
RNG(0.2),3.51,0.8334
RNG(0.2),3.52,0.8333
RNG(0.2),3.53,0.8334
RNG(0.2),3.54,0.8334
RNG(0.2),3.55,0.8333
RNG(0.2),3.56,0.8333
RNG(0.2),3.57,0.8331
RNG(0.2),3.58,0.8331
RNG(0.2),3.59,0.8331
RNG(0.2),3.6,0.8331
RNG(0.2),3.61,0.8331
RNG(0.2),3.62,0.833
RNG(0.2),3.63,0.8332
RNG(0.2),3.64,0.8332
RNG(0.2),3.65,0.8331
RNG(0.2),3.66,0.833
RNG(0.2),3.67,0.8327
RNG(0.2),3.68,0.8327
RNG(0.2),3.69,0.8326
RNG(0.2),3.7,0.8325
RNG(0.2),3.71,0.8325
RNG(0.2),3.72,0.8324
RNG(0.2),3.73,0.8322
RNG(0.2),3.74,0.8322
RNG(0.2),3.75,0.8321
RNG(0.2),3.76,0.8319
RNG(0.2),3.77,0.8319
RNG(0.2),3.78,0.8319
RNG(0.2),3.79,0.8319
RNG(0.2),3.8,0.8318
RNG(0.2),3.81,0.8318
RNG(0.2),3.82,0.8318
RNG(0.2),3.83,0.8316
RNG(0.2),3.84,0.8315
RNG(0.2),3.85,0.8315
RNG(0.2),3.86,0.8315
RNG(0.2),3.87,0.8315
RNG(0.2),3.88,0.8315
RNG(0.2),3.89,0.8315
RNG(0.2),3.9,0.8314
RNG(0.2),3.91,0.8313
RNG(0.2),3.92,0.8313
RNG(0.2),3.93,0.8313
RNG(0.2),3.94,0.8313
RNG(0.2),3.95,0.8313
RNG(0.2),3.96,0.8313
RNG(0.2),3.97,0.8313
RNG(0.2),3.98,0.8313
RNG(0.2),3.99,0.8313
RNG(0.2),4.0,0.8313
RNG(0.2),4.01,0.8313
RNG(0.2),4.02,0.8312
RNG(0.2),4.03,0.831
RNG(0.2),4.04,0.831
RNG(0.2),4.05,0.831
RNG(0.2),4.06,0.831
RNG(0.2),4.07,0.831
RNG(0.2),4.08,0.831
RNG(0.2),4.09,0.831
RNG(0.2),4.1,0.831
RNG(0.2),4.11,0.831
RNG(0.2),4.12,0.831
RNG(0.2),4.13,0.831
RNG(0.2),4.14,0.831
RNG(0.2),4.15,0.831
RNG(0.2),4.16,0.831
RNG(0.2),4.17,0.831
RNG(0.2),4.18,0.831
RNG(0.2),4.19,0.831
RNG(0.2),4.2,0.831
RNG(0.2),4.21,0.831
RNG(0.2),4.23,0.831
RNG(0.2),4.24,0.831
RNG(0.2),4.25,0.831
RNG(0.2),4.26,0.831
RNG(0.2),4.31,0.831
RNG(0.2),4.33,0.831
RNG(0.2),4.35,0.831
RNG(0.2),4.36,0.831
RNG(0.2),4.37,0.831
RNG(0.2),4.38,0.831
Seg(0.2),1.32,0.8192
Seg(0.2),1.33,0.8192
Seg(0.2),1.35,0.8192
Seg(0.2),1.39,0.8192
Seg(0.2),1.43,0.8192
Seg(0.2),1.44,0.8195
Seg(0.2),1.45,0.8195
Seg(0.2),1.46,0.8195
Seg(0.2),1.47,0.8195
Seg(0.2),1.48,0.8196
Seg(0.2),1.49,0.8198
Seg(0.2),1.5,0.8198
Seg(0.2),1.51,0.8198
Seg(0.2),1.52,0.8199
Seg(0.2),1.53,0.8199
Seg(0.2),1.54,0.8199
Seg(0.2),1.55,0.82
Seg(0.2),1.56,0.8201
Seg(0.2),1.57,0.8202
Seg(0.2),1.58,0.8203
Seg(0.2),1.59,0.8203
Seg(0.2),1.6,0.8203
Seg(0.2),1.61,0.8205
Seg(0.2),1.62,0.8208
Seg(0.2),1.63,0.8208
Seg(0.2),1.64,0.8208
Seg(0.2),1.65,0.8209
Seg(0.2),1.66,0.8209
Seg(0.2),1.67,0.821
Seg(0.2),1.68,0.8212
Seg(0.2),1.69,0.8214
Seg(0.2),1.7,0.8218
Seg(0.2),1.71,0.8221
Seg(0.2),1.72,0.8223
Seg(0.2),1.73,0.8225
Seg(0.2),1.74,0.8225
Seg(0.2),1.75,0.8227
Seg(0.2),1.76,0.8227
Seg(0.2),1.77,0.8229
Seg(0.2),1.78,0.823
Seg(0.2),1.79,0.8232
Seg(0.2),1.8,0.8232
Seg(0.2),1.81,0.8233
Seg(0.2),1.82,0.8235
Seg(0.2),1.83,0.8236
Seg(0.2),1.84,0.8239
Seg(0.2),1.85,0.8239
Seg(0.2),1.86,0.824
Seg(0.2),1.87,0.824
Seg(0.2),1.88,0.8241
Seg(0.2),1.89,0.8241
Seg(0.2),1.9,0.8242
Seg(0.2),1.91,0.8242
Seg(0.2),1.92,0.8242
Seg(0.2),1.93,0.8245
Seg(0.2),1.94,0.8247
Seg(0.2),1.95,0.8248
Seg(0.2),1.96,0.8249
Seg(0.2),1.97,0.825
Seg(0.2),1.98,0.8252
Seg(0.2),1.99,0.8254
Seg(0.2),2.0,0.8256
Seg(0.2),2.01,0.8257
Seg(0.2),2.02,0.8258
Seg(0.2),2.03,0.826
Seg(0.2),2.04,0.826
Seg(0.2),2.05,0.8259
Seg(0.2),2.06,0.826
Seg(0.2),2.07,0.8261
Seg(0.2),2.08,0.8262
Seg(0.2),2.09,0.8262
Seg(0.2),2.1,0.8263
Seg(0.2),2.11,0.8263
Seg(0.2),2.12,0.8265
Seg(0.2),2.13,0.8265
Seg(0.2),2.14,0.8266
Seg(0.2),2.15,0.8267
Seg(0.2),2.16,0.8268
Seg(0.2),2.17,0.8272
Seg(0.2),2.18,0.8274
Seg(0.2),2.19,0.8274
Seg(0.2),2.2,0.8275
Seg(0.2),2.21,0.8277
Seg(0.2),2.22,0.8279
Seg(0.2),2.23,0.828
Seg(0.2),2.24,0.828
Seg(0.2),2.25,0.8282
Seg(0.2),2.26,0.8284
Seg(0.2),2.27,0.8286
Seg(0.2),2.28,0.8286
Seg(0.2),2.29,0.8287
Seg(0.2),2.3,0.8288
Seg(0.2),2.31,0.829
Seg(0.2),2.32,0.8291
Seg(0.2),2.33,0.8292
Seg(0.2),2.34,0.8292
Seg(0.2),2.35,0.8295
Seg(0.2),2.36,0.8296
Seg(0.2),2.37,0.8298
Seg(0.2),2.38,0.8299
Seg(0.2),2.39,0.8299
Seg(0.2),2.4,0.83
Seg(0.2),2.41,0.8301
Seg(0.2),2.42,0.8302
Seg(0.2),2.43,0.8301
Seg(0.2),2.44,0.83
Seg(0.2),2.45,0.83
Seg(0.2),2.46,0.8301
Seg(0.2),2.47,0.83
Seg(0.2),2.48,0.8301
Seg(0.2),2.49,0.8301
Seg(0.2),2.5,0.8302
Seg(0.2),2.51,0.8303
Seg(0.2),2.52,0.8304
Seg(0.2),2.53,0.8303
Seg(0.2),2.54,0.8304
Seg(0.2),2.55,0.8302
Seg(0.2),2.56,0.8304
Seg(0.2),2.57,0.8304
Seg(0.2),2.58,0.8304
Seg(0.2),2.59,0.8305
Seg(0.2),2.6,0.8306
Seg(0.2),2.61,0.8307
Seg(0.2),2.62,0.8307
Seg(0.2),2.63,0.8308
Seg(0.2),2.64,0.8309
Seg(0.2),2.65,0.831
Seg(0.2),2.66,0.8311
Seg(0.2),2.67,0.8311
Seg(0.2),2.68,0.8311
Seg(0.2),2.69,0.8311
Seg(0.2),2.7,0.8313
Seg(0.2),2.71,0.8313
Seg(0.2),2.72,0.8315
Seg(0.2),2.73,0.8315
Seg(0.2),2.74,0.8315
Seg(0.2),2.75,0.8315
Seg(0.2),2.76,0.8315
Seg(0.2),2.77,0.8316
Seg(0.2),2.78,0.8316
Seg(0.2),2.79,0.8317
Seg(0.2),2.8,0.8318
Seg(0.2),2.81,0.8319
Seg(0.2),2.82,0.8318
Seg(0.2),2.83,0.8318
Seg(0.2),2.84,0.8318
Seg(0.2),2.85,0.8319
Seg(0.2),2.86,0.832
Seg(0.2),2.87,0.832
Seg(0.2),2.88,0.8321
Seg(0.2),2.89,0.832
Seg(0.2),2.9,0.8322
Seg(0.2),2.91,0.8322
Seg(0.2),2.92,0.8322
Seg(0.2),2.93,0.8323
Seg(0.2),2.94,0.8323
Seg(0.2),2.95,0.8323
Seg(0.2),2.96,0.8323
Seg(0.2),2.97,0.8323
Seg(0.2),2.98,0.8323
Seg(0.2),2.99,0.8323
Seg(0.2),3.0,0.8323
Seg(0.2),3.01,0.8323
Seg(0.2),3.02,0.8322
Seg(0.2),3.03,0.8322
Seg(0.2),3.04,0.8322
Seg(0.2),3.05,0.8322
Seg(0.2),3.06,0.8322
Seg(0.2),3.07,0.8322
Seg(0.2),3.08,0.8322
Seg(0.2),3.09,0.8322
Seg(0.2),3.1,0.8322
Seg(0.2),3.11,0.8324
Seg(0.2),3.12,0.8324
Seg(0.2),3.13,0.8324
Seg(0.2),3.14,0.8322
Seg(0.2),3.15,0.8321
Seg(0.2),3.16,0.8321
Seg(0.2),3.17,0.8321
Seg(0.2),3.18,0.832
Seg(0.2),3.19,0.832
Seg(0.2),3.2,0.832
Seg(0.2),3.21,0.8319
Seg(0.2),3.22,0.8319
Seg(0.2),3.23,0.8319
Seg(0.2),3.24,0.8319
Seg(0.2),3.25,0.8319
Seg(0.2),3.26,0.8319
Seg(0.2),3.27,0.832
Seg(0.2),3.28,0.832
Seg(0.2),3.29,0.8319
Seg(0.2),3.3,0.832
Seg(0.2),3.31,0.832
Seg(0.2),3.32,0.8319
Seg(0.2),3.33,0.8319
Seg(0.2),3.34,0.8319
Seg(0.2),3.35,0.8318
Seg(0.2),3.36,0.8318
Seg(0.2),3.37,0.8318
Seg(0.2),3.38,0.8318
Seg(0.2),3.39,0.8319
Seg(0.2),3.4,0.832
Seg(0.2),3.41,0.8319
Seg(0.2),3.42,0.8318
Seg(0.2),3.43,0.8318
Seg(0.2),3.44,0.8318
Seg(0.2),3.45,0.8318
Seg(0.2),3.46,0.8321
Seg(0.2),3.47,0.832
Seg(0.2),3.48,0.832
Seg(0.2),3.49,0.832
Seg(0.2),3.5,0.8319
Seg(0.2),3.51,0.8319
Seg(0.2),3.52,0.8318
Seg(0.2),3.53,0.8318
Seg(0.2),3.54,0.8318
Seg(0.2),3.55,0.8317
Seg(0.2),3.56,0.8317
Seg(0.2),3.57,0.8315
Seg(0.2),3.58,0.8315
Seg(0.2),3.59,0.8314
Seg(0.2),3.6,0.8314
Seg(0.2),3.61,0.8315
Seg(0.2),3.62,0.8315
Seg(0.2),3.63,0.8316
Seg(0.2),3.64,0.8316
Seg(0.2),3.65,0.8315
Seg(0.2),3.66,0.8315
Seg(0.2),3.67,0.8314
Seg(0.2),3.68,0.8314
Seg(0.2),3.69,0.8313
Seg(0.2),3.7,0.8312
Seg(0.2),3.71,0.8312
Seg(0.2),3.72,0.8312
Seg(0.2),3.73,0.831
Seg(0.2),3.74,0.831
Seg(0.2),3.75,0.8309
Seg(0.2),3.76,0.8307
Seg(0.2),3.77,0.8307
Seg(0.2),3.78,0.8307
Seg(0.2),3.79,0.8307
Seg(0.2),3.8,0.8307
Seg(0.2),3.81,0.8307
Seg(0.2),3.82,0.8307
Seg(0.2),3.83,0.8306
Seg(0.2),3.84,0.8306
Seg(0.2),3.85,0.8306
Seg(0.2),3.86,0.8306
Seg(0.2),3.87,0.8306
Seg(0.2),3.88,0.8306
Seg(0.2),3.89,0.8306
Seg(0.2),3.9,0.8306
Seg(0.2),3.91,0.8305
Seg(0.2),3.92,0.8305
Seg(0.2),3.93,0.8305
Seg(0.2),3.94,0.8305
Seg(0.2),3.95,0.8305
Seg(0.2),3.96,0.8305
Seg(0.2),3.97,0.8305
Seg(0.2),3.98,0.8305
Seg(0.2),3.99,0.8305
Seg(0.2),4.0,0.8305
Seg(0.2),4.01,0.8305
Seg(0.2),4.02,0.8304
Seg(0.2),4.03,0.8302
Seg(0.2),4.04,0.8302
Seg(0.2),4.05,0.8302
Seg(0.2),4.06,0.8302
Seg(0.2),4.07,0.8302
Seg(0.2),4.08,0.8302
Seg(0.2),4.09,0.8302
Seg(0.2),4.1,0.8302
Seg(0.2),4.11,0.8302
Seg(0.2),4.12,0.8302
Seg(0.2),4.13,0.8302
Seg(0.2),4.14,0.8302
Seg(0.2),4.15,0.8302
Seg(0.2),4.16,0.8302
Seg(0.2),4.17,0.8302
Seg(0.2),4.18,0.8302
Seg(0.2),4.19,0.8302
Seg(0.2),4.2,0.8302
Seg(0.2),4.21,0.8302
Seg(0.2),4.23,0.8302
Seg(0.2),4.24,0.8302
Seg(0.2),4.25,0.8302
Seg(0.2),4.26,0.8302
Seg(0.2),4.31,0.8302
Seg(0.2),4.33,0.8302
Seg(0.2),4.35,0.8302
Seg(0.2),4.36,0.8302
Seg(0.2),4.37,0.8302
Seg(0.2),4.38,0.8302
RNG(0.3),1.32,0.8192
RNG(0.3),1.33,0.8192
RNG(0.3),1.35,0.8192
RNG(0.3),1.39,0.8192
RNG(0.3),1.43,0.8192
RNG(0.3),1.44,0.8195
RNG(0.3),1.45,0.8195
RNG(0.3),1.46,0.8195
RNG(0.3),1.47,0.8195
RNG(0.3),1.48,0.8196
RNG(0.3),1.49,0.8198
RNG(0.3),1.5,0.8199
RNG(0.3),1.51,0.8199
RNG(0.3),1.52,0.82
RNG(0.3),1.53,0.82
RNG(0.3),1.54,0.82
RNG(0.3),1.55,0.8201
RNG(0.3),1.56,0.8202
RNG(0.3),1.57,0.8203
RNG(0.3),1.58,0.8204
RNG(0.3),1.59,0.8204
RNG(0.3),1.6,0.8205
RNG(0.3),1.61,0.8207
RNG(0.3),1.62,0.8209
RNG(0.3),1.63,0.8209
RNG(0.3),1.64,0.8209
RNG(0.3),1.65,0.821
RNG(0.3),1.66,0.821
RNG(0.3),1.67,0.8211
RNG(0.3),1.68,0.8213
RNG(0.3),1.69,0.8216
RNG(0.3),1.7,0.822
RNG(0.3),1.71,0.8222
RNG(0.3),1.72,0.8224
RNG(0.3),1.73,0.8226
RNG(0.3),1.74,0.8227
RNG(0.3),1.75,0.8228
RNG(0.3),1.76,0.8229
RNG(0.3),1.77,0.823
RNG(0.3),1.78,0.8231
RNG(0.3),1.79,0.8233
RNG(0.3),1.8,0.8233
RNG(0.3),1.81,0.8234
RNG(0.3),1.82,0.8236
RNG(0.3),1.83,0.8237
RNG(0.3),1.84,0.8239
RNG(0.3),1.85,0.824
RNG(0.3),1.86,0.8241
RNG(0.3),1.87,0.8241
RNG(0.3),1.88,0.8243
RNG(0.3),1.89,0.8243
RNG(0.3),1.9,0.8243
RNG(0.3),1.91,0.8244
RNG(0.3),1.92,0.8244
RNG(0.3),1.93,0.8247
RNG(0.3),1.94,0.8249
RNG(0.3),1.95,0.825
RNG(0.3),1.96,0.8251
RNG(0.3),1.97,0.8252
RNG(0.3),1.98,0.8253
RNG(0.3),1.99,0.8255
RNG(0.3),2.0,0.8257
RNG(0.3),2.01,0.8259
RNG(0.3),2.02,0.826
RNG(0.3),2.03,0.8262
RNG(0.3),2.04,0.8262
RNG(0.3),2.05,0.8262
RNG(0.3),2.06,0.8263
RNG(0.3),2.07,0.8265
RNG(0.3),2.08,0.8266
RNG(0.3),2.09,0.8266
RNG(0.3),2.1,0.8267
RNG(0.3),2.11,0.8268
RNG(0.3),2.12,0.8269
RNG(0.3),2.13,0.8269
RNG(0.3),2.14,0.827
RNG(0.3),2.15,0.8271
RNG(0.3),2.16,0.8272
RNG(0.3),2.17,0.8276
RNG(0.3),2.18,0.8278
RNG(0.3),2.19,0.8278
RNG(0.3),2.2,0.8278
RNG(0.3),2.21,0.8281
RNG(0.3),2.22,0.8283
RNG(0.3),2.23,0.8284
RNG(0.3),2.24,0.8285
RNG(0.3),2.25,0.8286
RNG(0.3),2.26,0.8288
RNG(0.3),2.27,0.829
RNG(0.3),2.28,0.829
RNG(0.3),2.29,0.8291
RNG(0.3),2.3,0.8292
RNG(0.3),2.31,0.8294
RNG(0.3),2.32,0.8294
RNG(0.3),2.33,0.8295
RNG(0.3),2.34,0.8295
RNG(0.3),2.35,0.8299
RNG(0.3),2.36,0.83
RNG(0.3),2.37,0.8302
RNG(0.3),2.38,0.8302
RNG(0.3),2.39,0.8303
RNG(0.3),2.4,0.8304
RNG(0.3),2.41,0.8304
RNG(0.3),2.42,0.8305
RNG(0.3),2.43,0.8305
RNG(0.3),2.44,0.8304
RNG(0.3),2.45,0.8304
RNG(0.3),2.46,0.8304
RNG(0.3),2.47,0.8304
RNG(0.3),2.48,0.8305
RNG(0.3),2.49,0.8305
RNG(0.3),2.5,0.8306
RNG(0.3),2.51,0.8307
RNG(0.3),2.52,0.8308
RNG(0.3),2.53,0.8307
RNG(0.3),2.54,0.8307
RNG(0.3),2.55,0.8306
RNG(0.3),2.56,0.8308
RNG(0.3),2.57,0.8308
RNG(0.3),2.58,0.8309
RNG(0.3),2.59,0.831
RNG(0.3),2.6,0.8312
RNG(0.3),2.61,0.8313
RNG(0.3),2.62,0.8313
RNG(0.3),2.63,0.8314
RNG(0.3),2.64,0.8314
RNG(0.3),2.65,0.8316
RNG(0.3),2.66,0.8316
RNG(0.3),2.67,0.8316
RNG(0.3),2.68,0.8316
RNG(0.3),2.69,0.8316
RNG(0.3),2.7,0.8317
RNG(0.3),2.71,0.8317
RNG(0.3),2.72,0.8318
RNG(0.3),2.73,0.8317
RNG(0.3),2.74,0.8316
RNG(0.3),2.75,0.8317
RNG(0.3),2.76,0.8317
RNG(0.3),2.77,0.8317
RNG(0.3),2.78,0.8318
RNG(0.3),2.79,0.8319
RNG(0.3),2.8,0.832
RNG(0.3),2.81,0.832
RNG(0.3),2.82,0.832
RNG(0.3),2.83,0.832
RNG(0.3),2.84,0.8321
RNG(0.3),2.85,0.8321
RNG(0.3),2.86,0.8321
RNG(0.3),2.87,0.8322
RNG(0.3),2.88,0.8322
RNG(0.3),2.89,0.8322
RNG(0.3),2.9,0.8323
RNG(0.3),2.91,0.8323
RNG(0.3),2.92,0.8323
RNG(0.3),2.93,0.8324
RNG(0.3),2.94,0.8323
RNG(0.3),2.95,0.8324
RNG(0.3),2.96,0.8324
RNG(0.3),2.97,0.8324
RNG(0.3),2.98,0.8324
RNG(0.3),2.99,0.8325
RNG(0.3),3.0,0.8324
RNG(0.3),3.01,0.8324
RNG(0.3),3.02,0.8324
RNG(0.3),3.03,0.8323
RNG(0.3),3.04,0.8323
RNG(0.3),3.05,0.8323
RNG(0.3),3.06,0.8323
RNG(0.3),3.07,0.8323
RNG(0.3),3.08,0.8323
RNG(0.3),3.09,0.8324
RNG(0.3),3.1,0.8324
RNG(0.3),3.11,0.8325
RNG(0.3),3.12,0.8324
RNG(0.3),3.13,0.8325
RNG(0.3),3.14,0.8323
RNG(0.3),3.15,0.8323
RNG(0.3),3.16,0.8323
RNG(0.3),3.17,0.8322
RNG(0.3),3.18,0.8323
RNG(0.3),3.19,0.8322
RNG(0.3),3.2,0.8322
RNG(0.3),3.21,0.8321
RNG(0.3),3.22,0.8321
RNG(0.3),3.23,0.8321
RNG(0.3),3.24,0.8321
RNG(0.3),3.25,0.8321
RNG(0.3),3.26,0.8321
RNG(0.3),3.27,0.8321
RNG(0.3),3.28,0.8322
RNG(0.3),3.29,0.8321
RNG(0.3),3.3,0.8321
RNG(0.3),3.31,0.8321
RNG(0.3),3.32,0.832
RNG(0.3),3.33,0.832
RNG(0.3),3.34,0.832
RNG(0.3),3.35,0.8319
RNG(0.3),3.36,0.8319
RNG(0.3),3.37,0.8319
RNG(0.3),3.38,0.8319
RNG(0.3),3.39,0.8318
RNG(0.3),3.4,0.832
RNG(0.3),3.41,0.8319
RNG(0.3),3.42,0.8318
RNG(0.3),3.43,0.8318
RNG(0.3),3.44,0.8318
RNG(0.3),3.45,0.8316
RNG(0.3),3.46,0.8318
RNG(0.3),3.47,0.8318
RNG(0.3),3.48,0.8317
RNG(0.3),3.49,0.8317
RNG(0.3),3.5,0.8316
RNG(0.3),3.51,0.8316
RNG(0.3),3.52,0.8315
RNG(0.3),3.53,0.8315
RNG(0.3),3.54,0.8315
RNG(0.3),3.55,0.8314
RNG(0.3),3.56,0.8314
RNG(0.3),3.57,0.8312
RNG(0.3),3.58,0.8312
RNG(0.3),3.59,0.8312
RNG(0.3),3.6,0.8312
RNG(0.3),3.61,0.8312
RNG(0.3),3.62,0.8312
RNG(0.3),3.63,0.8313
RNG(0.3),3.64,0.8313
RNG(0.3),3.65,0.8312
RNG(0.3),3.66,0.8312
RNG(0.3),3.67,0.831
RNG(0.3),3.68,0.831
RNG(0.3),3.69,0.8309
RNG(0.3),3.7,0.8309
RNG(0.3),3.71,0.8309
RNG(0.3),3.72,0.8309
RNG(0.3),3.73,0.8307
RNG(0.3),3.74,0.8307
RNG(0.3),3.75,0.8307
RNG(0.3),3.76,0.8307
RNG(0.3),3.77,0.8307
RNG(0.3),3.78,0.8306
RNG(0.3),3.79,0.8306
RNG(0.3),3.8,0.8306
RNG(0.3),3.81,0.8306
RNG(0.3),3.82,0.8306
RNG(0.3),3.83,0.8305
RNG(0.3),3.84,0.8305
RNG(0.3),3.85,0.8305
RNG(0.3),3.86,0.8305
RNG(0.3),3.87,0.8305
RNG(0.3),3.88,0.8305
RNG(0.3),3.89,0.8306
RNG(0.3),3.9,0.8306
RNG(0.3),3.91,0.8305
RNG(0.3),3.92,0.8305
RNG(0.3),3.93,0.8305
RNG(0.3),3.94,0.8305
RNG(0.3),3.95,0.8305
RNG(0.3),3.96,0.8305
RNG(0.3),3.97,0.8304
RNG(0.3),3.98,0.8304
RNG(0.3),3.99,0.8304
RNG(0.3),4.0,0.8304
RNG(0.3),4.01,0.8304
RNG(0.3),4.02,0.8303
RNG(0.3),4.03,0.8302
RNG(0.3),4.04,0.8302
RNG(0.3),4.05,0.8302
RNG(0.3),4.06,0.8302
RNG(0.3),4.07,0.8302
RNG(0.3),4.08,0.8302
RNG(0.3),4.09,0.8302
RNG(0.3),4.1,0.8302
RNG(0.3),4.11,0.8302
RNG(0.3),4.12,0.8302
RNG(0.3),4.13,0.8302
RNG(0.3),4.14,0.8302
RNG(0.3),4.15,0.8302
RNG(0.3),4.16,0.8302
RNG(0.3),4.17,0.8302
RNG(0.3),4.18,0.8301
RNG(0.3),4.19,0.8301
RNG(0.3),4.2,0.8301
RNG(0.3),4.21,0.8301
RNG(0.3),4.23,0.8301
RNG(0.3),4.24,0.8301
RNG(0.3),4.25,0.8301
RNG(0.3),4.26,0.8301
RNG(0.3),4.31,0.8301
RNG(0.3),4.33,0.8301
RNG(0.3),4.35,0.8301
RNG(0.3),4.36,0.8301
RNG(0.3),4.37,0.8301
RNG(0.3),4.38,0.8301
Seg(0.3),1.32,0.8192
Seg(0.3),1.33,0.8192
Seg(0.3),1.35,0.8192
Seg(0.3),1.39,0.8192
Seg(0.3),1.43,0.8192
Seg(0.3),1.44,0.8195
Seg(0.3),1.45,0.8195
Seg(0.3),1.46,0.8195
Seg(0.3),1.47,0.8195
Seg(0.3),1.48,0.8196
Seg(0.3),1.49,0.8198
Seg(0.3),1.5,0.8198
Seg(0.3),1.51,0.8198
Seg(0.3),1.52,0.8198
Seg(0.3),1.53,0.8198
Seg(0.3),1.54,0.8198
Seg(0.3),1.55,0.8199
Seg(0.3),1.56,0.82
Seg(0.3),1.57,0.8201
Seg(0.3),1.58,0.8201
Seg(0.3),1.59,0.8202
Seg(0.3),1.6,0.8202
Seg(0.3),1.61,0.8204
Seg(0.3),1.62,0.8207
Seg(0.3),1.63,0.8207
Seg(0.3),1.64,0.8207
Seg(0.3),1.65,0.8207
Seg(0.3),1.66,0.8208
Seg(0.3),1.67,0.8208
Seg(0.3),1.68,0.821
Seg(0.3),1.69,0.8212
Seg(0.3),1.7,0.8217
Seg(0.3),1.71,0.8219
Seg(0.3),1.72,0.8221
Seg(0.3),1.73,0.8223
Seg(0.3),1.74,0.8223
Seg(0.3),1.75,0.8224
Seg(0.3),1.76,0.8225
Seg(0.3),1.77,0.8226
Seg(0.3),1.78,0.8227
Seg(0.3),1.79,0.8229
Seg(0.3),1.8,0.8229
Seg(0.3),1.81,0.823
Seg(0.3),1.82,0.8231
Seg(0.3),1.83,0.8233
Seg(0.3),1.84,0.8235
Seg(0.3),1.85,0.8236
Seg(0.3),1.86,0.8236
Seg(0.3),1.87,0.8236
Seg(0.3),1.88,0.8238
Seg(0.3),1.89,0.8238
Seg(0.3),1.9,0.8238
Seg(0.3),1.91,0.8239
Seg(0.3),1.92,0.8239
Seg(0.3),1.93,0.8242
Seg(0.3),1.94,0.8243
Seg(0.3),1.95,0.8245
Seg(0.3),1.96,0.8246
Seg(0.3),1.97,0.8246
Seg(0.3),1.98,0.8247
Seg(0.3),1.99,0.8248
Seg(0.3),2.0,0.825
Seg(0.3),2.01,0.8252
Seg(0.3),2.02,0.8253
Seg(0.3),2.03,0.8254
Seg(0.3),2.04,0.8254
Seg(0.3),2.05,0.8253
Seg(0.3),2.06,0.8254
Seg(0.3),2.07,0.8256
Seg(0.3),2.08,0.8256
Seg(0.3),2.09,0.8256
Seg(0.3),2.1,0.8256
Seg(0.3),2.11,0.8256
Seg(0.3),2.12,0.8257
Seg(0.3),2.13,0.8258
Seg(0.3),2.14,0.8259
Seg(0.3),2.15,0.826
Seg(0.3),2.16,0.8261
Seg(0.3),2.17,0.8263
Seg(0.3),2.18,0.8264
Seg(0.3),2.19,0.8264
Seg(0.3),2.2,0.8264
Seg(0.3),2.21,0.8266
Seg(0.3),2.22,0.8269
Seg(0.3),2.23,0.8269
Seg(0.3),2.24,0.827
Seg(0.3),2.25,0.8271
Seg(0.3),2.26,0.8273
Seg(0.3),2.27,0.8274
Seg(0.3),2.28,0.8274
Seg(0.3),2.29,0.8275
Seg(0.3),2.3,0.8276
Seg(0.3),2.31,0.8278
Seg(0.3),2.32,0.8278
Seg(0.3),2.33,0.8278
Seg(0.3),2.34,0.8278
Seg(0.3),2.35,0.8282
Seg(0.3),2.36,0.8283
Seg(0.3),2.37,0.8284
Seg(0.3),2.38,0.8284
Seg(0.3),2.39,0.8285
Seg(0.3),2.4,0.8285
Seg(0.3),2.41,0.8286
Seg(0.3),2.42,0.8286
Seg(0.3),2.43,0.8286
Seg(0.3),2.44,0.8285
Seg(0.3),2.45,0.8285
Seg(0.3),2.46,0.8286
Seg(0.3),2.47,0.8285
Seg(0.3),2.48,0.8286
Seg(0.3),2.49,0.8286
Seg(0.3),2.5,0.8286
Seg(0.3),2.51,0.8286
Seg(0.3),2.52,0.8287
Seg(0.3),2.53,0.8287
Seg(0.3),2.54,0.8287
Seg(0.3),2.55,0.8286
Seg(0.3),2.56,0.8286
Seg(0.3),2.57,0.8287
Seg(0.3),2.58,0.8287
Seg(0.3),2.59,0.8288
Seg(0.3),2.6,0.8288
Seg(0.3),2.61,0.8289
Seg(0.3),2.62,0.8289
Seg(0.3),2.63,0.829
Seg(0.3),2.64,0.829
Seg(0.3),2.65,0.8291
Seg(0.3),2.66,0.8291
Seg(0.3),2.67,0.8291
Seg(0.3),2.68,0.8291
Seg(0.3),2.69,0.8291
Seg(0.3),2.7,0.8292
Seg(0.3),2.71,0.8291
Seg(0.3),2.72,0.8292
Seg(0.3),2.73,0.8291
Seg(0.3),2.74,0.829
Seg(0.3),2.75,0.8291
Seg(0.3),2.76,0.8291
Seg(0.3),2.77,0.8291
Seg(0.3),2.78,0.8291
Seg(0.3),2.79,0.8292
Seg(0.3),2.8,0.8292
Seg(0.3),2.81,0.8292
Seg(0.3),2.82,0.8292
Seg(0.3),2.83,0.8292
Seg(0.3),2.84,0.8292
Seg(0.3),2.85,0.8293
Seg(0.3),2.86,0.8294
Seg(0.3),2.87,0.8294
Seg(0.3),2.88,0.8294
Seg(0.3),2.89,0.8294
Seg(0.3),2.9,0.8295
Seg(0.3),2.91,0.8294
Seg(0.3),2.92,0.8295
Seg(0.3),2.93,0.8296
Seg(0.3),2.94,0.8295
Seg(0.3),2.95,0.8295
Seg(0.3),2.96,0.8295
Seg(0.3),2.97,0.8295
Seg(0.3),2.98,0.8296
Seg(0.3),2.99,0.8296
Seg(0.3),3.0,0.8296
Seg(0.3),3.01,0.8296
Seg(0.3),3.02,0.8295
Seg(0.3),3.03,0.8295
Seg(0.3),3.04,0.8295
Seg(0.3),3.05,0.8295
Seg(0.3),3.06,0.8295
Seg(0.3),3.07,0.8295
Seg(0.3),3.08,0.8295
Seg(0.3),3.09,0.8296
Seg(0.3),3.1,0.8296
Seg(0.3),3.11,0.8297
Seg(0.3),3.12,0.8297
Seg(0.3),3.13,0.8297
Seg(0.3),3.14,0.8296
Seg(0.3),3.15,0.8296
Seg(0.3),3.16,0.8296
Seg(0.3),3.17,0.8295
Seg(0.3),3.18,0.8295
Seg(0.3),3.19,0.8295
Seg(0.3),3.2,0.8295
Seg(0.3),3.21,0.8294
Seg(0.3),3.22,0.8294
Seg(0.3),3.23,0.8294
Seg(0.3),3.24,0.8294
Seg(0.3),3.25,0.8293
Seg(0.3),3.26,0.8293
Seg(0.3),3.27,0.8294
Seg(0.3),3.28,0.8295
Seg(0.3),3.29,0.8295
Seg(0.3),3.3,0.8295
Seg(0.3),3.31,0.8295
Seg(0.3),3.32,0.8294
Seg(0.3),3.33,0.8294
Seg(0.3),3.34,0.8294
Seg(0.3),3.35,0.8294
Seg(0.3),3.36,0.8294
Seg(0.3),3.37,0.8294
Seg(0.3),3.38,0.8293
Seg(0.3),3.39,0.8293
Seg(0.3),3.4,0.8295
Seg(0.3),3.41,0.8294
Seg(0.3),3.42,0.8294
Seg(0.3),3.43,0.8294
Seg(0.3),3.44,0.8294
Seg(0.3),3.45,0.8294
Seg(0.3),3.46,0.8294
Seg(0.3),3.47,0.8294
Seg(0.3),3.48,0.8294
Seg(0.3),3.49,0.8294
Seg(0.3),3.5,0.8293
Seg(0.3),3.51,0.8293
Seg(0.3),3.52,0.8292
Seg(0.3),3.53,0.8292
Seg(0.3),3.54,0.8292
Seg(0.3),3.55,0.8291
Seg(0.3),3.56,0.8291
Seg(0.3),3.57,0.8289
Seg(0.3),3.58,0.8289
Seg(0.3),3.59,0.8288
Seg(0.3),3.6,0.8288
Seg(0.3),3.61,0.8289
Seg(0.3),3.62,0.8289
Seg(0.3),3.63,0.8289
Seg(0.3),3.64,0.8289
Seg(0.3),3.65,0.8288
Seg(0.3),3.66,0.8288
Seg(0.3),3.67,0.8288
Seg(0.3),3.68,0.8288
Seg(0.3),3.69,0.8287
Seg(0.3),3.7,0.8287
Seg(0.3),3.71,0.8287
Seg(0.3),3.72,0.8287
Seg(0.3),3.73,0.8285
Seg(0.3),3.74,0.8285
Seg(0.3),3.75,0.8285
Seg(0.3),3.76,0.8285
Seg(0.3),3.77,0.8285
Seg(0.3),3.78,0.8285
Seg(0.3),3.79,0.8285
Seg(0.3),3.8,0.8284
Seg(0.3),3.81,0.8284
Seg(0.3),3.82,0.8284
Seg(0.3),3.83,0.8284
Seg(0.3),3.84,0.8284
Seg(0.3),3.85,0.8284
Seg(0.3),3.86,0.8284
Seg(0.3),3.87,0.8284
Seg(0.3),3.88,0.8284
Seg(0.3),3.89,0.8284
Seg(0.3),3.9,0.8284
Seg(0.3),3.91,0.8283
Seg(0.3),3.92,0.8283
Seg(0.3),3.93,0.8283
Seg(0.3),3.94,0.8283
Seg(0.3),3.95,0.8283
Seg(0.3),3.96,0.8283
Seg(0.3),3.97,0.8283
Seg(0.3),3.98,0.8283
Seg(0.3),3.99,0.8283
Seg(0.3),4.0,0.8283
Seg(0.3),4.01,0.8283
Seg(0.3),4.02,0.8283
Seg(0.3),4.03,0.8282
Seg(0.3),4.04,0.8282
Seg(0.3),4.05,0.8282
Seg(0.3),4.06,0.8282
Seg(0.3),4.07,0.8282
Seg(0.3),4.08,0.8282
Seg(0.3),4.09,0.8282
Seg(0.3),4.1,0.8282
Seg(0.3),4.11,0.8282
Seg(0.3),4.12,0.8282
Seg(0.3),4.13,0.8282
Seg(0.3),4.14,0.8282
Seg(0.3),4.15,0.8282
Seg(0.3),4.16,0.8282
Seg(0.3),4.17,0.8282
Seg(0.3),4.18,0.8282
Seg(0.3),4.19,0.8282
Seg(0.3),4.2,0.8282
Seg(0.3),4.21,0.8282
Seg(0.3),4.23,0.8282
Seg(0.3),4.24,0.8282
Seg(0.3),4.25,0.8282
Seg(0.3),4.26,0.8282
Seg(0.3),4.31,0.8282
Seg(0.3),4.33,0.8282
Seg(0.3),4.35,0.8282
Seg(0.3),4.36,0.8282
Seg(0.3),4.37,0.8282
Seg(0.3),4.38,0.8282
RNG(0.5),1.32,0.8192
RNG(0.5),1.33,0.8192
RNG(0.5),1.35,0.8192
RNG(0.5),1.39,0.8192
RNG(0.5),1.43,0.8192
RNG(0.5),1.44,0.8195
RNG(0.5),1.45,0.8195
RNG(0.5),1.46,0.8195
RNG(0.5),1.47,0.8195
RNG(0.5),1.48,0.8195
RNG(0.5),1.49,0.8197
RNG(0.5),1.5,0.8198
RNG(0.5),1.51,0.8198
RNG(0.5),1.52,0.8198
RNG(0.5),1.53,0.8198
RNG(0.5),1.54,0.8198
RNG(0.5),1.55,0.8199
RNG(0.5),1.56,0.8199
RNG(0.5),1.57,0.82
RNG(0.5),1.58,0.82
RNG(0.5),1.59,0.8201
RNG(0.5),1.6,0.8201
RNG(0.5),1.61,0.8203
RNG(0.5),1.62,0.8205
RNG(0.5),1.63,0.8205
RNG(0.5),1.64,0.8205
RNG(0.5),1.65,0.8205
RNG(0.5),1.66,0.8206
RNG(0.5),1.67,0.8206
RNG(0.5),1.68,0.8208
RNG(0.5),1.69,0.821
RNG(0.5),1.7,0.8214
RNG(0.5),1.71,0.8215
RNG(0.5),1.72,0.8217
RNG(0.5),1.73,0.8219
RNG(0.5),1.74,0.8219
RNG(0.5),1.75,0.822
RNG(0.5),1.76,0.8221
RNG(0.5),1.77,0.8221
RNG(0.5),1.78,0.8222
RNG(0.5),1.79,0.8223
RNG(0.5),1.8,0.8224
RNG(0.5),1.81,0.8224
RNG(0.5),1.82,0.8225
RNG(0.5),1.83,0.8226
RNG(0.5),1.84,0.8228
RNG(0.5),1.85,0.8228
RNG(0.5),1.86,0.8228
RNG(0.5),1.87,0.8229
RNG(0.5),1.88,0.823
RNG(0.5),1.89,0.823
RNG(0.5),1.9,0.823
RNG(0.5),1.91,0.8231
RNG(0.5),1.92,0.8231
RNG(0.5),1.93,0.8232
RNG(0.5),1.94,0.8233
RNG(0.5),1.95,0.8234
RNG(0.5),1.96,0.8235
RNG(0.5),1.97,0.8236
RNG(0.5),1.98,0.8237
RNG(0.5),1.99,0.8238
RNG(0.5),2.0,0.8239
RNG(0.5),2.01,0.824
RNG(0.5),2.02,0.8241
RNG(0.5),2.03,0.8243
RNG(0.5),2.04,0.8243
RNG(0.5),2.05,0.8242
RNG(0.5),2.06,0.8243
RNG(0.5),2.07,0.8244
RNG(0.5),2.08,0.8244
RNG(0.5),2.09,0.8245
RNG(0.5),2.1,0.8246
RNG(0.5),2.11,0.8246
RNG(0.5),2.12,0.8248
RNG(0.5),2.13,0.8248
RNG(0.5),2.14,0.8248
RNG(0.5),2.15,0.8249
RNG(0.5),2.16,0.825
RNG(0.5),2.17,0.8252
RNG(0.5),2.18,0.8252
RNG(0.5),2.19,0.8252
RNG(0.5),2.2,0.8253
RNG(0.5),2.21,0.8254
RNG(0.5),2.22,0.8256
RNG(0.5),2.23,0.8257
RNG(0.5),2.24,0.8257
RNG(0.5),2.25,0.8258
RNG(0.5),2.26,0.826
RNG(0.5),2.27,0.8261
RNG(0.5),2.28,0.8262
RNG(0.5),2.29,0.8262
RNG(0.5),2.3,0.8261
RNG(0.5),2.31,0.8262
RNG(0.5),2.32,0.8263
RNG(0.5),2.33,0.8263
RNG(0.5),2.34,0.8263
RNG(0.5),2.35,0.8267
RNG(0.5),2.36,0.8268
RNG(0.5),2.37,0.8269
RNG(0.5),2.38,0.8269
RNG(0.5),2.39,0.827
RNG(0.5),2.4,0.827
RNG(0.5),2.41,0.8271
RNG(0.5),2.42,0.8271
RNG(0.5),2.43,0.8271
RNG(0.5),2.44,0.827
RNG(0.5),2.45,0.827
RNG(0.5),2.46,0.827
RNG(0.5),2.47,0.827
RNG(0.5),2.48,0.8271
RNG(0.5),2.49,0.8271
RNG(0.5),2.5,0.8271
RNG(0.5),2.51,0.8271
RNG(0.5),2.52,0.8272
RNG(0.5),2.53,0.8272
RNG(0.5),2.54,0.8272
RNG(0.5),2.55,0.8271
RNG(0.5),2.56,0.8272
RNG(0.5),2.57,0.8272
RNG(0.5),2.58,0.8273
RNG(0.5),2.59,0.8273
RNG(0.5),2.6,0.8274
RNG(0.5),2.61,0.8275
RNG(0.5),2.62,0.8274
RNG(0.5),2.63,0.8275
RNG(0.5),2.64,0.8275
RNG(0.5),2.65,0.8276
RNG(0.5),2.66,0.8277
RNG(0.5),2.67,0.8277
RNG(0.5),2.68,0.8276
RNG(0.5),2.69,0.8276
RNG(0.5),2.7,0.8277
RNG(0.5),2.71,0.8276
RNG(0.5),2.72,0.8276
RNG(0.5),2.73,0.8276
RNG(0.5),2.74,0.8275
RNG(0.5),2.75,0.8276
RNG(0.5),2.76,0.8276
RNG(0.5),2.77,0.8276
RNG(0.5),2.78,0.8276
RNG(0.5),2.79,0.8277
RNG(0.5),2.8,0.8277
RNG(0.5),2.81,0.8277
RNG(0.5),2.82,0.8277
RNG(0.5),2.83,0.8277
RNG(0.5),2.84,0.8277
RNG(0.5),2.85,0.8278
RNG(0.5),2.86,0.8279
RNG(0.5),2.87,0.8279
RNG(0.5),2.88,0.8279
RNG(0.5),2.89,0.828
RNG(0.5),2.9,0.828
RNG(0.5),2.91,0.828
RNG(0.5),2.92,0.828
RNG(0.5),2.93,0.8281
RNG(0.5),2.94,0.828
RNG(0.5),2.95,0.828
RNG(0.5),2.96,0.828
RNG(0.5),2.97,0.828
RNG(0.5),2.98,0.8281
RNG(0.5),2.99,0.8281
RNG(0.5),3.0,0.8281
RNG(0.5),3.01,0.8281
RNG(0.5),3.02,0.8281
RNG(0.5),3.03,0.828
RNG(0.5),3.04,0.8281
RNG(0.5),3.05,0.8281
RNG(0.5),3.06,0.8281
RNG(0.5),3.07,0.8281
RNG(0.5),3.08,0.8281
RNG(0.5),3.09,0.8281
RNG(0.5),3.1,0.8281
RNG(0.5),3.11,0.8282
RNG(0.5),3.12,0.8282
RNG(0.5),3.13,0.8282
RNG(0.5),3.14,0.8281
RNG(0.5),3.15,0.8281
RNG(0.5),3.16,0.8281
RNG(0.5),3.17,0.8281
RNG(0.5),3.18,0.8281
RNG(0.5),3.19,0.8281
RNG(0.5),3.2,0.828
RNG(0.5),3.21,0.828
RNG(0.5),3.22,0.828
RNG(0.5),3.23,0.828
RNG(0.5),3.24,0.828
RNG(0.5),3.25,0.8279
RNG(0.5),3.26,0.8279
RNG(0.5),3.27,0.828
RNG(0.5),3.28,0.828
RNG(0.5),3.29,0.828
RNG(0.5),3.3,0.828
RNG(0.5),3.31,0.828
RNG(0.5),3.32,0.828
RNG(0.5),3.33,0.828
RNG(0.5),3.34,0.828
RNG(0.5),3.35,0.828
RNG(0.5),3.36,0.828
RNG(0.5),3.37,0.828
RNG(0.5),3.38,0.828
RNG(0.5),3.39,0.828
RNG(0.5),3.4,0.8282
RNG(0.5),3.41,0.8282
RNG(0.5),3.42,0.8282
RNG(0.5),3.43,0.8282
RNG(0.5),3.44,0.8282
RNG(0.5),3.45,0.8282
RNG(0.5),3.46,0.8282
RNG(0.5),3.47,0.8282
RNG(0.5),3.48,0.8282
RNG(0.5),3.49,0.8282
RNG(0.5),3.5,0.8281
RNG(0.5),3.51,0.8281
RNG(0.5),3.52,0.828
RNG(0.5),3.53,0.828
RNG(0.5),3.54,0.828
RNG(0.5),3.55,0.828
RNG(0.5),3.56,0.828
RNG(0.5),3.57,0.8278
RNG(0.5),3.58,0.8278
RNG(0.5),3.59,0.8277
RNG(0.5),3.6,0.8277
RNG(0.5),3.61,0.8277
RNG(0.5),3.62,0.8277
RNG(0.5),3.63,0.8277
RNG(0.5),3.64,0.8277
RNG(0.5),3.65,0.8276
RNG(0.5),3.66,0.8276
RNG(0.5),3.67,0.8276
RNG(0.5),3.68,0.8276
RNG(0.5),3.69,0.8276
RNG(0.5),3.7,0.8276
RNG(0.5),3.71,0.8276
RNG(0.5),3.72,0.8276
RNG(0.5),3.73,0.8275
RNG(0.5),3.74,0.8275
RNG(0.5),3.75,0.8275
RNG(0.5),3.76,0.8275
RNG(0.5),3.77,0.8275
RNG(0.5),3.78,0.8275
RNG(0.5),3.79,0.8275
RNG(0.5),3.8,0.8274
RNG(0.5),3.81,0.8274
RNG(0.5),3.82,0.8274
RNG(0.5),3.83,0.8274
RNG(0.5),3.84,0.8274
RNG(0.5),3.85,0.8274
RNG(0.5),3.86,0.8274
RNG(0.5),3.87,0.8274
RNG(0.5),3.88,0.8274
RNG(0.5),3.89,0.8274
RNG(0.5),3.9,0.8274
RNG(0.5),3.91,0.8274
RNG(0.5),3.92,0.8274
RNG(0.5),3.93,0.8274
RNG(0.5),3.94,0.8274
RNG(0.5),3.95,0.8274
RNG(0.5),3.96,0.8274
RNG(0.5),3.97,0.8274
RNG(0.5),3.98,0.8274
RNG(0.5),3.99,0.8274
RNG(0.5),4.0,0.8274
RNG(0.5),4.01,0.8274
RNG(0.5),4.02,0.8274
RNG(0.5),4.03,0.8274
RNG(0.5),4.04,0.8274
RNG(0.5),4.05,0.8274
RNG(0.5),4.06,0.8274
RNG(0.5),4.07,0.8274
RNG(0.5),4.08,0.8274
RNG(0.5),4.09,0.8274
RNG(0.5),4.1,0.8274
RNG(0.5),4.11,0.8274
RNG(0.5),4.12,0.8274
RNG(0.5),4.13,0.8274
RNG(0.5),4.14,0.8274
RNG(0.5),4.15,0.8274
RNG(0.5),4.16,0.8274
RNG(0.5),4.17,0.8274
RNG(0.5),4.18,0.8274
RNG(0.5),4.19,0.8274
RNG(0.5),4.2,0.8274
RNG(0.5),4.21,0.8274
RNG(0.5),4.23,0.8274
RNG(0.5),4.24,0.8274
RNG(0.5),4.25,0.8274
RNG(0.5),4.26,0.8274
RNG(0.5),4.31,0.8274
RNG(0.5),4.33,0.8274
RNG(0.5),4.35,0.8274
RNG(0.5),4.36,0.8274
RNG(0.5),4.37,0.8274
RNG(0.5),4.38,0.8274
Seg(0.5),1.32,0.8192
Seg(0.5),1.33,0.8192
Seg(0.5),1.35,0.8192
Seg(0.5),1.39,0.8192
Seg(0.5),1.43,0.8192
Seg(0.5),1.44,0.8195
Seg(0.5),1.45,0.8195
Seg(0.5),1.46,0.8195
Seg(0.5),1.47,0.8195
Seg(0.5),1.48,0.8195
Seg(0.5),1.49,0.8197
Seg(0.5),1.5,0.8198
Seg(0.5),1.51,0.8198
Seg(0.5),1.52,0.8198
Seg(0.5),1.53,0.8198
Seg(0.5),1.54,0.8198
Seg(0.5),1.55,0.8198
Seg(0.5),1.56,0.8199
Seg(0.5),1.57,0.8199
Seg(0.5),1.58,0.82
Seg(0.5),1.59,0.82
Seg(0.5),1.6,0.82
Seg(0.5),1.61,0.8202
Seg(0.5),1.62,0.8204
Seg(0.5),1.63,0.8204
Seg(0.5),1.64,0.8204
Seg(0.5),1.65,0.8204
Seg(0.5),1.66,0.8204
Seg(0.5),1.67,0.8204
Seg(0.5),1.68,0.8206
Seg(0.5),1.69,0.8207
Seg(0.5),1.7,0.8211
Seg(0.5),1.71,0.8213
Seg(0.5),1.72,0.8215
Seg(0.5),1.73,0.8216
Seg(0.5),1.74,0.8217
Seg(0.5),1.75,0.8218
Seg(0.5),1.76,0.8218
Seg(0.5),1.77,0.8219
Seg(0.5),1.78,0.8219
Seg(0.5),1.79,0.822
Seg(0.5),1.8,0.8221
Seg(0.5),1.81,0.8222
Seg(0.5),1.82,0.8223
Seg(0.5),1.83,0.8223
Seg(0.5),1.84,0.8226
Seg(0.5),1.85,0.8226
Seg(0.5),1.86,0.8226
Seg(0.5),1.87,0.8226
Seg(0.5),1.88,0.8227
Seg(0.5),1.89,0.8227
Seg(0.5),1.9,0.8227
Seg(0.5),1.91,0.8228
Seg(0.5),1.92,0.8228
Seg(0.5),1.93,0.8229
Seg(0.5),1.94,0.823
Seg(0.5),1.95,0.8231
Seg(0.5),1.96,0.8232
Seg(0.5),1.97,0.8232
Seg(0.5),1.98,0.8233
Seg(0.5),1.99,0.8233
Seg(0.5),2.0,0.8234
Seg(0.5),2.01,0.8235
Seg(0.5),2.02,0.8235
Seg(0.5),2.03,0.8236
Seg(0.5),2.04,0.8236
Seg(0.5),2.05,0.8236
Seg(0.5),2.06,0.8237
Seg(0.5),2.07,0.8238
Seg(0.5),2.08,0.8237
Seg(0.5),2.09,0.8238
Seg(0.5),2.1,0.8238
Seg(0.5),2.11,0.8238
Seg(0.5),2.12,0.8239
Seg(0.5),2.13,0.824
Seg(0.5),2.14,0.824
Seg(0.5),2.15,0.824
Seg(0.5),2.16,0.8241
Seg(0.5),2.17,0.8244
Seg(0.5),2.18,0.8244
Seg(0.5),2.19,0.8244
Seg(0.5),2.2,0.8245
Seg(0.5),2.21,0.8246
Seg(0.5),2.22,0.8248
Seg(0.5),2.23,0.8248
Seg(0.5),2.24,0.8249
Seg(0.5),2.25,0.825
Seg(0.5),2.26,0.8251
Seg(0.5),2.27,0.8252
Seg(0.5),2.28,0.8252
Seg(0.5),2.29,0.8252
Seg(0.5),2.3,0.8253
Seg(0.5),2.31,0.8255
Seg(0.5),2.32,0.8255
Seg(0.5),2.33,0.8256
Seg(0.5),2.34,0.8256
Seg(0.5),2.35,0.8259
Seg(0.5),2.36,0.826
Seg(0.5),2.37,0.8261
Seg(0.5),2.38,0.8262
Seg(0.5),2.39,0.8262
Seg(0.5),2.4,0.8263
Seg(0.5),2.41,0.8263
Seg(0.5),2.42,0.8263
Seg(0.5),2.43,0.8263
Seg(0.5),2.44,0.8263
Seg(0.5),2.45,0.8263
Seg(0.5),2.46,0.8263
Seg(0.5),2.47,0.8263
Seg(0.5),2.48,0.8264
Seg(0.5),2.49,0.8264
Seg(0.5),2.5,0.8264
Seg(0.5),2.51,0.8264
Seg(0.5),2.52,0.8265
Seg(0.5),2.53,0.8265
Seg(0.5),2.54,0.8265
Seg(0.5),2.55,0.8264
Seg(0.5),2.56,0.8264
Seg(0.5),2.57,0.8265
Seg(0.5),2.58,0.8265
Seg(0.5),2.59,0.8266
Seg(0.5),2.6,0.8266
Seg(0.5),2.61,0.8267
Seg(0.5),2.62,0.8267
Seg(0.5),2.63,0.8268
Seg(0.5),2.64,0.8268
Seg(0.5),2.65,0.8268
Seg(0.5),2.66,0.8269
Seg(0.5),2.67,0.8269
Seg(0.5),2.68,0.8269
Seg(0.5),2.69,0.8269
Seg(0.5),2.7,0.827
Seg(0.5),2.71,0.827
Seg(0.5),2.72,0.827
Seg(0.5),2.73,0.827
Seg(0.5),2.74,0.8269
Seg(0.5),2.75,0.8269
Seg(0.5),2.76,0.8269
Seg(0.5),2.77,0.827
Seg(0.5),2.78,0.827
Seg(0.5),2.79,0.827
Seg(0.5),2.8,0.827
Seg(0.5),2.81,0.827
Seg(0.5),2.82,0.827
Seg(0.5),2.83,0.827
Seg(0.5),2.84,0.8271
Seg(0.5),2.85,0.8271
Seg(0.5),2.86,0.8271
Seg(0.5),2.87,0.8272
Seg(0.5),2.88,0.8272
Seg(0.5),2.89,0.8272
Seg(0.5),2.9,0.8272
Seg(0.5),2.91,0.8272
Seg(0.5),2.92,0.8273
Seg(0.5),2.93,0.8273
Seg(0.5),2.94,0.8273
Seg(0.5),2.95,0.8273
Seg(0.5),2.96,0.8273
Seg(0.5),2.97,0.8273
Seg(0.5),2.98,0.8273
Seg(0.5),2.99,0.8273
Seg(0.5),3.0,0.8273
Seg(0.5),3.01,0.8273
Seg(0.5),3.02,0.8273
Seg(0.5),3.03,0.8273
Seg(0.5),3.04,0.8273
Seg(0.5),3.05,0.8273
Seg(0.5),3.06,0.8273
Seg(0.5),3.07,0.8273
Seg(0.5),3.08,0.8273
Seg(0.5),3.09,0.8273
Seg(0.5),3.1,0.8273
Seg(0.5),3.11,0.8274
Seg(0.5),3.12,0.8274
Seg(0.5),3.13,0.8274
Seg(0.5),3.14,0.8273
Seg(0.5),3.15,0.8273
Seg(0.5),3.16,0.8273
Seg(0.5),3.17,0.8273
Seg(0.5),3.18,0.8273
Seg(0.5),3.19,0.8272
Seg(0.5),3.2,0.8272
Seg(0.5),3.21,0.8272
Seg(0.5),3.22,0.8272
Seg(0.5),3.23,0.8272
Seg(0.5),3.24,0.8272
Seg(0.5),3.25,0.8271
Seg(0.5),3.26,0.8271
Seg(0.5),3.27,0.8271
Seg(0.5),3.28,0.8271
Seg(0.5),3.29,0.8271
Seg(0.5),3.3,0.8271
Seg(0.5),3.31,0.8272
Seg(0.5),3.32,0.8271
Seg(0.5),3.33,0.8271
Seg(0.5),3.34,0.8271
Seg(0.5),3.35,0.8271
Seg(0.5),3.36,0.8271
Seg(0.5),3.37,0.8271
Seg(0.5),3.38,0.8271
Seg(0.5),3.39,0.8271
Seg(0.5),3.4,0.8273
Seg(0.5),3.41,0.8273
Seg(0.5),3.42,0.8273
Seg(0.5),3.43,0.8273
Seg(0.5),3.44,0.8273
Seg(0.5),3.45,0.8273
Seg(0.5),3.46,0.8273
Seg(0.5),3.47,0.8273
Seg(0.5),3.48,0.8273
Seg(0.5),3.49,0.8273
Seg(0.5),3.5,0.8272
Seg(0.5),3.51,0.8272
Seg(0.5),3.52,0.8271
Seg(0.5),3.53,0.8271
Seg(0.5),3.54,0.8271
Seg(0.5),3.55,0.8271
Seg(0.5),3.56,0.8271
Seg(0.5),3.57,0.827
Seg(0.5),3.58,0.827
Seg(0.5),3.59,0.827
Seg(0.5),3.6,0.827
Seg(0.5),3.61,0.827
Seg(0.5),3.62,0.827
Seg(0.5),3.63,0.827
Seg(0.5),3.64,0.827
Seg(0.5),3.65,0.8269
Seg(0.5),3.66,0.8269
Seg(0.5),3.67,0.8269
Seg(0.5),3.68,0.8269
Seg(0.5),3.69,0.8269
Seg(0.5),3.7,0.8269
Seg(0.5),3.71,0.8269
Seg(0.5),3.72,0.8269
Seg(0.5),3.73,0.8268
Seg(0.5),3.74,0.8268
Seg(0.5),3.75,0.8268
Seg(0.5),3.76,0.8268
Seg(0.5),3.77,0.8268
Seg(0.5),3.78,0.8268
Seg(0.5),3.79,0.8268
Seg(0.5),3.8,0.8268
Seg(0.5),3.81,0.8268
Seg(0.5),3.82,0.8268
Seg(0.5),3.83,0.8268
Seg(0.5),3.84,0.8268
Seg(0.5),3.85,0.8268
Seg(0.5),3.86,0.8268
Seg(0.5),3.87,0.8268
Seg(0.5),3.88,0.8268
Seg(0.5),3.89,0.8268
Seg(0.5),3.9,0.8268
Seg(0.5),3.91,0.8268
Seg(0.5),3.92,0.8268
Seg(0.5),3.93,0.8268
Seg(0.5),3.94,0.8268
Seg(0.5),3.95,0.8268
Seg(0.5),3.96,0.8268
Seg(0.5),3.97,0.8268
Seg(0.5),3.98,0.8268
Seg(0.5),3.99,0.8268
Seg(0.5),4.0,0.8268
Seg(0.5),4.01,0.8268
Seg(0.5),4.02,0.8268
Seg(0.5),4.03,0.8268
Seg(0.5),4.04,0.8268
Seg(0.5),4.05,0.8268
Seg(0.5),4.06,0.8268
Seg(0.5),4.07,0.8268
Seg(0.5),4.08,0.8268
Seg(0.5),4.09,0.8268
Seg(0.5),4.1,0.8268
Seg(0.5),4.11,0.8268
Seg(0.5),4.12,0.8268
Seg(0.5),4.13,0.8268
Seg(0.5),4.14,0.8268
Seg(0.5),4.15,0.8268
Seg(0.5),4.16,0.8268
Seg(0.5),4.17,0.8268
Seg(0.5),4.18,0.8268
Seg(0.5),4.19,0.8268
Seg(0.5),4.2,0.8268
Seg(0.5),4.21,0.8268
Seg(0.5),4.23,0.8268
Seg(0.5),4.24,0.8268
Seg(0.5),4.25,0.8268
Seg(0.5),4.26,0.8268
Seg(0.5),4.31,0.8268
Seg(0.5),4.33,0.8268
Seg(0.5),4.35,0.8268
Seg(0.5),4.36,0.8268
Seg(0.5),4.37,0.8268
Seg(0.5),4.38,0.8268
RNG(1),1.32,0.8192
RNG(1),1.33,0.8192
RNG(1),1.35,0.8192
RNG(1),1.39,0.8192
RNG(1),1.43,0.8192
RNG(1),1.44,0.8193
RNG(1),1.45,0.8193
RNG(1),1.46,0.8193
RNG(1),1.47,0.8193
RNG(1),1.48,0.8193
RNG(1),1.49,0.8195
RNG(1),1.5,0.8196
RNG(1),1.51,0.8196
RNG(1),1.52,0.8196
RNG(1),1.53,0.8196
RNG(1),1.54,0.8196
RNG(1),1.55,0.8196
RNG(1),1.56,0.8196
RNG(1),1.57,0.8196
RNG(1),1.58,0.8197
RNG(1),1.59,0.8197
RNG(1),1.6,0.8197
RNG(1),1.61,0.8198
RNG(1),1.62,0.8199
RNG(1),1.63,0.8199
RNG(1),1.64,0.8199
RNG(1),1.65,0.8199
RNG(1),1.66,0.8199
RNG(1),1.67,0.8199
RNG(1),1.68,0.82
RNG(1),1.69,0.8201
RNG(1),1.7,0.8201
RNG(1),1.71,0.8202
RNG(1),1.72,0.8203
RNG(1),1.73,0.8204
RNG(1),1.74,0.8204
RNG(1),1.75,0.8205
RNG(1),1.76,0.8205
RNG(1),1.77,0.8206
RNG(1),1.78,0.8206
RNG(1),1.79,0.8206
RNG(1),1.8,0.8206
RNG(1),1.81,0.8207
RNG(1),1.82,0.8207
RNG(1),1.83,0.8208
RNG(1),1.84,0.8208
RNG(1),1.85,0.8208
RNG(1),1.86,0.8208
RNG(1),1.87,0.8208
RNG(1),1.88,0.8209
RNG(1),1.89,0.8209
RNG(1),1.9,0.8209
RNG(1),1.91,0.8209
RNG(1),1.92,0.8209
RNG(1),1.93,0.8209
RNG(1),1.94,0.821
RNG(1),1.95,0.821
RNG(1),1.96,0.8211
RNG(1),1.97,0.8211
RNG(1),1.98,0.8212
RNG(1),1.99,0.8212
RNG(1),2.0,0.8212
RNG(1),2.01,0.8213
RNG(1),2.02,0.8213
RNG(1),2.03,0.8214
RNG(1),2.04,0.8214
RNG(1),2.05,0.8214
RNG(1),2.06,0.8214
RNG(1),2.07,0.8214
RNG(1),2.08,0.8214
RNG(1),2.09,0.8214
RNG(1),2.1,0.8214
RNG(1),2.11,0.8214
RNG(1),2.12,0.8215
RNG(1),2.13,0.8215
RNG(1),2.14,0.8215
RNG(1),2.15,0.8215
RNG(1),2.16,0.8216
RNG(1),2.17,0.8217
RNG(1),2.18,0.8217
RNG(1),2.19,0.8217
RNG(1),2.2,0.8217
RNG(1),2.21,0.8218
RNG(1),2.22,0.8219
RNG(1),2.23,0.8219
RNG(1),2.24,0.822
RNG(1),2.25,0.8221
RNG(1),2.26,0.8222
RNG(1),2.27,0.8223
RNG(1),2.28,0.8223
RNG(1),2.29,0.8223
RNG(1),2.3,0.8224
RNG(1),2.31,0.8224
RNG(1),2.32,0.8225
RNG(1),2.33,0.8225
RNG(1),2.34,0.8225
RNG(1),2.35,0.8225
RNG(1),2.36,0.8226
RNG(1),2.37,0.8227
RNG(1),2.38,0.8227
RNG(1),2.39,0.8228
RNG(1),2.4,0.8228
RNG(1),2.41,0.8228
RNG(1),2.42,0.8228
RNG(1),2.43,0.8228
RNG(1),2.44,0.8228
RNG(1),2.45,0.8228
RNG(1),2.46,0.8228
RNG(1),2.47,0.8228
RNG(1),2.48,0.8229
RNG(1),2.49,0.8229
RNG(1),2.5,0.8229
RNG(1),2.51,0.8229
RNG(1),2.52,0.8229
RNG(1),2.53,0.8229
RNG(1),2.54,0.8229
RNG(1),2.55,0.8228
RNG(1),2.56,0.8229
RNG(1),2.57,0.8229
RNG(1),2.58,0.8229
RNG(1),2.59,0.823
RNG(1),2.6,0.823
RNG(1),2.61,0.823
RNG(1),2.62,0.8231
RNG(1),2.63,0.8231
RNG(1),2.64,0.8232
RNG(1),2.65,0.8232
RNG(1),2.66,0.8232
RNG(1),2.67,0.8233
RNG(1),2.68,0.8233
RNG(1),2.69,0.8233
RNG(1),2.7,0.8233
RNG(1),2.71,0.8233
RNG(1),2.72,0.8233
RNG(1),2.73,0.8232
RNG(1),2.74,0.8232
RNG(1),2.75,0.8232
RNG(1),2.76,0.8232
RNG(1),2.77,0.8232
RNG(1),2.78,0.8232
RNG(1),2.79,0.8232
RNG(1),2.8,0.8232
RNG(1),2.81,0.8233
RNG(1),2.82,0.8233
RNG(1),2.83,0.8233
RNG(1),2.84,0.8233
RNG(1),2.85,0.8233
RNG(1),2.86,0.8233
RNG(1),2.87,0.8233
RNG(1),2.88,0.8233
RNG(1),2.89,0.8233
RNG(1),2.9,0.8233
RNG(1),2.91,0.8233
RNG(1),2.92,0.8233
RNG(1),2.93,0.8233
RNG(1),2.94,0.8233
RNG(1),2.95,0.8233
RNG(1),2.96,0.8233
RNG(1),2.97,0.8233
RNG(1),2.98,0.8233
RNG(1),2.99,0.8233
RNG(1),3.0,0.8233
RNG(1),3.01,0.8233
RNG(1),3.02,0.8233
RNG(1),3.03,0.8233
RNG(1),3.04,0.8233
RNG(1),3.05,0.8233
RNG(1),3.06,0.8233
RNG(1),3.07,0.8233
RNG(1),3.08,0.8233
RNG(1),3.09,0.8233
RNG(1),3.1,0.8233
RNG(1),3.11,0.8233
RNG(1),3.12,0.8233
RNG(1),3.13,0.8233
RNG(1),3.14,0.8233
RNG(1),3.15,0.8233
RNG(1),3.16,0.8233
RNG(1),3.17,0.8233
RNG(1),3.18,0.8233
RNG(1),3.19,0.8233
RNG(1),3.2,0.8233
RNG(1),3.21,0.8233
RNG(1),3.22,0.8233
RNG(1),3.23,0.8233
RNG(1),3.24,0.8233
RNG(1),3.25,0.8233
RNG(1),3.26,0.8233
RNG(1),3.27,0.8233
RNG(1),3.28,0.8233
RNG(1),3.29,0.8233
RNG(1),3.3,0.8233
RNG(1),3.31,0.8233
RNG(1),3.32,0.8233
RNG(1),3.33,0.8233
RNG(1),3.34,0.8233
RNG(1),3.35,0.8233
RNG(1),3.36,0.8233
RNG(1),3.37,0.8233
RNG(1),3.38,0.8233
RNG(1),3.39,0.8233
RNG(1),3.4,0.8233
RNG(1),3.41,0.8233
RNG(1),3.42,0.8233
RNG(1),3.43,0.8233
RNG(1),3.44,0.8233
RNG(1),3.45,0.8233
RNG(1),3.46,0.8233
RNG(1),3.47,0.8233
RNG(1),3.48,0.8233
RNG(1),3.49,0.8233
RNG(1),3.5,0.8233
RNG(1),3.51,0.8233
RNG(1),3.52,0.8233
RNG(1),3.53,0.8233
RNG(1),3.54,0.8233
RNG(1),3.55,0.8233
RNG(1),3.56,0.8233
RNG(1),3.57,0.8233
RNG(1),3.58,0.8233
RNG(1),3.59,0.8233
RNG(1),3.6,0.8233
RNG(1),3.61,0.8233
RNG(1),3.62,0.8233
RNG(1),3.63,0.8233
RNG(1),3.64,0.8233
RNG(1),3.65,0.8233
RNG(1),3.66,0.8233
RNG(1),3.67,0.8233
RNG(1),3.68,0.8233
RNG(1),3.69,0.8233
RNG(1),3.7,0.8233
RNG(1),3.71,0.8233
RNG(1),3.72,0.8233
RNG(1),3.73,0.8233
RNG(1),3.74,0.8233
RNG(1),3.75,0.8233
RNG(1),3.76,0.8233
RNG(1),3.77,0.8233
RNG(1),3.78,0.8233
RNG(1),3.79,0.8233
RNG(1),3.8,0.8233
RNG(1),3.81,0.8233
RNG(1),3.82,0.8233
RNG(1),3.83,0.8233
RNG(1),3.84,0.8233
RNG(1),3.85,0.8233
RNG(1),3.86,0.8233
RNG(1),3.87,0.8233
RNG(1),3.88,0.8233
RNG(1),3.89,0.8233
RNG(1),3.9,0.8233
RNG(1),3.91,0.8233
RNG(1),3.92,0.8233
RNG(1),3.93,0.8233
RNG(1),3.94,0.8233
RNG(1),3.95,0.8233
RNG(1),3.96,0.8233
RNG(1),3.97,0.8233
RNG(1),3.98,0.8233
RNG(1),3.99,0.8233
RNG(1),4.0,0.8233
RNG(1),4.01,0.8233
RNG(1),4.02,0.8233
RNG(1),4.03,0.8233
RNG(1),4.04,0.8233
RNG(1),4.05,0.8233
RNG(1),4.06,0.8233
RNG(1),4.07,0.8233
RNG(1),4.08,0.8233
RNG(1),4.09,0.8233
RNG(1),4.1,0.8233
RNG(1),4.11,0.8233
RNG(1),4.12,0.8233
RNG(1),4.13,0.8233
RNG(1),4.14,0.8233
RNG(1),4.15,0.8233
RNG(1),4.16,0.8233
RNG(1),4.17,0.8233
RNG(1),4.18,0.8233
RNG(1),4.19,0.8233
RNG(1),4.2,0.8233
RNG(1),4.21,0.8233
RNG(1),4.23,0.8233
RNG(1),4.24,0.8233
RNG(1),4.25,0.8233
RNG(1),4.26,0.8233
RNG(1),4.31,0.8233
RNG(1),4.33,0.8233
RNG(1),4.35,0.8233
RNG(1),4.36,0.8233
RNG(1),4.37,0.8233
RNG(1),4.38,0.8233
Seg(1),1.32,0.8192
Seg(1),1.33,0.8192
Seg(1),1.35,0.8192
Seg(1),1.39,0.8192
Seg(1),1.43,0.8192
Seg(1),1.44,0.8193
Seg(1),1.45,0.8193
Seg(1),1.46,0.8193
Seg(1),1.47,0.8193
Seg(1),1.48,0.8193
Seg(1),1.49,0.8195
Seg(1),1.5,0.8196
Seg(1),1.51,0.8196
Seg(1),1.52,0.8196
Seg(1),1.53,0.8196
Seg(1),1.54,0.8196
Seg(1),1.55,0.8196
Seg(1),1.56,0.8196
Seg(1),1.57,0.8196
Seg(1),1.58,0.8197
Seg(1),1.59,0.8197
Seg(1),1.6,0.8197
Seg(1),1.61,0.8198
Seg(1),1.62,0.8199
Seg(1),1.63,0.8199
Seg(1),1.64,0.8199
Seg(1),1.65,0.8199
Seg(1),1.66,0.8199
Seg(1),1.67,0.8199
Seg(1),1.68,0.8199
Seg(1),1.69,0.82
Seg(1),1.7,0.8201
Seg(1),1.71,0.8201
Seg(1),1.72,0.8202
Seg(1),1.73,0.8203
Seg(1),1.74,0.8203
Seg(1),1.75,0.8204
Seg(1),1.76,0.8204
Seg(1),1.77,0.8204
Seg(1),1.78,0.8204
Seg(1),1.79,0.8204
Seg(1),1.8,0.8205
Seg(1),1.81,0.8205
Seg(1),1.82,0.8205
Seg(1),1.83,0.8205
Seg(1),1.84,0.8206
Seg(1),1.85,0.8206
Seg(1),1.86,0.8206
Seg(1),1.87,0.8206
Seg(1),1.88,0.8207
Seg(1),1.89,0.8207
Seg(1),1.9,0.8207
Seg(1),1.91,0.8207
Seg(1),1.92,0.8207
Seg(1),1.93,0.8207
Seg(1),1.94,0.8208
Seg(1),1.95,0.8208
Seg(1),1.96,0.8208
Seg(1),1.97,0.8209
Seg(1),1.98,0.8209
Seg(1),1.99,0.8209
Seg(1),2.0,0.821
Seg(1),2.01,0.821
Seg(1),2.02,0.821
Seg(1),2.03,0.8211
Seg(1),2.04,0.8211
Seg(1),2.05,0.8211
Seg(1),2.06,0.8211
Seg(1),2.07,0.8212
Seg(1),2.08,0.8211
Seg(1),2.09,0.8212
Seg(1),2.1,0.8212
Seg(1),2.11,0.8212
Seg(1),2.12,0.8212
Seg(1),2.13,0.8212
Seg(1),2.14,0.8213
Seg(1),2.15,0.8213
Seg(1),2.16,0.8213
Seg(1),2.17,0.8213
Seg(1),2.18,0.8214
Seg(1),2.19,0.8214
Seg(1),2.2,0.8214
Seg(1),2.21,0.8214
Seg(1),2.22,0.8216
Seg(1),2.23,0.8216
Seg(1),2.24,0.8216
Seg(1),2.25,0.8217
Seg(1),2.26,0.8219
Seg(1),2.27,0.8219
Seg(1),2.28,0.822
Seg(1),2.29,0.822
Seg(1),2.3,0.8221
Seg(1),2.31,0.8221
Seg(1),2.32,0.8221
Seg(1),2.33,0.8221
Seg(1),2.34,0.8221
Seg(1),2.35,0.8222
Seg(1),2.36,0.8222
Seg(1),2.37,0.8223
Seg(1),2.38,0.8224
Seg(1),2.39,0.8224
Seg(1),2.4,0.8224
Seg(1),2.41,0.8224
Seg(1),2.42,0.8224
Seg(1),2.43,0.8224
Seg(1),2.44,0.8224
Seg(1),2.45,0.8224
Seg(1),2.46,0.8224
Seg(1),2.47,0.8224
Seg(1),2.48,0.8225
Seg(1),2.49,0.8225
Seg(1),2.5,0.8225
Seg(1),2.51,0.8225
Seg(1),2.52,0.8225
Seg(1),2.53,0.8225
Seg(1),2.54,0.8225
Seg(1),2.55,0.8225
Seg(1),2.56,0.8225
Seg(1),2.57,0.8226
Seg(1),2.58,0.8226
Seg(1),2.59,0.8226
Seg(1),2.6,0.8227
Seg(1),2.61,0.8227
Seg(1),2.62,0.8227
Seg(1),2.63,0.8228
Seg(1),2.64,0.8228
Seg(1),2.65,0.8228
Seg(1),2.66,0.8228
Seg(1),2.67,0.8229
Seg(1),2.68,0.8229
Seg(1),2.69,0.8229
Seg(1),2.7,0.8229
Seg(1),2.71,0.8229
Seg(1),2.72,0.8229
Seg(1),2.73,0.8228
Seg(1),2.74,0.8228
Seg(1),2.75,0.8228
Seg(1),2.76,0.8228
Seg(1),2.77,0.8228
Seg(1),2.78,0.8228
Seg(1),2.79,0.8228
Seg(1),2.8,0.8228
Seg(1),2.81,0.8229
Seg(1),2.82,0.8229
Seg(1),2.83,0.8229
Seg(1),2.84,0.8229
Seg(1),2.85,0.8229
Seg(1),2.86,0.8229
Seg(1),2.87,0.8229
Seg(1),2.88,0.8229
Seg(1),2.89,0.8229
Seg(1),2.9,0.8229
Seg(1),2.91,0.8229
Seg(1),2.92,0.8229
Seg(1),2.93,0.8229
Seg(1),2.94,0.8229
Seg(1),2.95,0.8229
Seg(1),2.96,0.8229
Seg(1),2.97,0.8229
Seg(1),2.98,0.8229
Seg(1),2.99,0.8229
Seg(1),3.0,0.8229
Seg(1),3.01,0.8229
Seg(1),3.02,0.8229
Seg(1),3.03,0.8229
Seg(1),3.04,0.8229
Seg(1),3.05,0.8229
Seg(1),3.06,0.8229
Seg(1),3.07,0.8229
Seg(1),3.08,0.8229
Seg(1),3.09,0.8229
Seg(1),3.1,0.8229
Seg(1),3.11,0.8229
Seg(1),3.12,0.8229
Seg(1),3.13,0.8229
Seg(1),3.14,0.8229
Seg(1),3.15,0.8229
Seg(1),3.16,0.8229
Seg(1),3.17,0.8229
Seg(1),3.18,0.8229
Seg(1),3.19,0.8229
Seg(1),3.2,0.8229
Seg(1),3.21,0.8229
Seg(1),3.22,0.8229
Seg(1),3.23,0.8229
Seg(1),3.24,0.8229
Seg(1),3.25,0.8229
Seg(1),3.26,0.8229
Seg(1),3.27,0.8229
Seg(1),3.28,0.8229
Seg(1),3.29,0.8229
Seg(1),3.3,0.8229
Seg(1),3.31,0.8229
Seg(1),3.32,0.8229
Seg(1),3.33,0.8229
Seg(1),3.34,0.8229
Seg(1),3.35,0.8229
Seg(1),3.36,0.8229
Seg(1),3.37,0.8229
Seg(1),3.38,0.8229
Seg(1),3.39,0.8229
Seg(1),3.4,0.8229
Seg(1),3.41,0.8229
Seg(1),3.42,0.8229
Seg(1),3.43,0.8229
Seg(1),3.44,0.8229
Seg(1),3.45,0.8229
Seg(1),3.46,0.8229
Seg(1),3.47,0.8229
Seg(1),3.48,0.8229
Seg(1),3.49,0.8229
Seg(1),3.5,0.8229
Seg(1),3.51,0.8229
Seg(1),3.52,0.8229
Seg(1),3.53,0.8229
Seg(1),3.54,0.8229
Seg(1),3.55,0.8229
Seg(1),3.56,0.8229
Seg(1),3.57,0.8229
Seg(1),3.58,0.8229
Seg(1),3.59,0.8229
Seg(1),3.6,0.8229
Seg(1),3.61,0.8229
Seg(1),3.62,0.8229
Seg(1),3.63,0.8229
Seg(1),3.64,0.8229
Seg(1),3.65,0.8229
Seg(1),3.66,0.8229
Seg(1),3.67,0.8229
Seg(1),3.68,0.8229
Seg(1),3.69,0.8229
Seg(1),3.7,0.8229
Seg(1),3.71,0.8229
Seg(1),3.72,0.8229
Seg(1),3.73,0.8229
Seg(1),3.74,0.8229
Seg(1),3.75,0.8229
Seg(1),3.76,0.8229
Seg(1),3.77,0.8229
Seg(1),3.78,0.8229
Seg(1),3.79,0.8229
Seg(1),3.8,0.8229
Seg(1),3.81,0.8229
Seg(1),3.82,0.8229
Seg(1),3.83,0.8229
Seg(1),3.84,0.8229
Seg(1),3.85,0.8229
Seg(1),3.86,0.8229
Seg(1),3.87,0.8229
Seg(1),3.88,0.8229
Seg(1),3.89,0.8229
Seg(1),3.9,0.8229
Seg(1),3.91,0.8229
Seg(1),3.92,0.8229
Seg(1),3.93,0.8229
Seg(1),3.94,0.8229
Seg(1),3.95,0.8229
Seg(1),3.96,0.8229
Seg(1),3.97,0.8229
Seg(1),3.98,0.8229
Seg(1),3.99,0.8229
Seg(1),4.0,0.8229
Seg(1),4.01,0.8229
Seg(1),4.02,0.8229
Seg(1),4.03,0.8229
Seg(1),4.04,0.8229
Seg(1),4.05,0.8229
Seg(1),4.06,0.8229
Seg(1),4.07,0.8229
Seg(1),4.08,0.8229
Seg(1),4.09,0.8229
Seg(1),4.1,0.8229
Seg(1),4.11,0.8229
Seg(1),4.12,0.8229
Seg(1),4.13,0.8229
Seg(1),4.14,0.8229
Seg(1),4.15,0.8229
Seg(1),4.16,0.8229
Seg(1),4.17,0.8229
Seg(1),4.18,0.8229
Seg(1),4.19,0.8229
Seg(1),4.2,0.8229
Seg(1),4.21,0.8229
Seg(1),4.23,0.8229
Seg(1),4.24,0.8229
Seg(1),4.25,0.8229
Seg(1),4.26,0.8229
Seg(1),4.31,0.8229
Seg(1),4.33,0.8229
Seg(1),4.35,0.8229
Seg(1),4.36,0.8229
Seg(1),4.37,0.8229
Seg(1),4.38,0.8229
