D,tau,val mean
MMR(0.3),1.03,0.8568
MMR(0.3),1.04,0.8568
MMR(0.3),1.05,0.8568
MMR(0.3),1.06,0.8568
MMR(0.3),1.07,0.8568
MMR(0.3),1.08,0.8568
MMR(0.3),1.09,0.8568
MMR(0.3),1.1,0.8568
MMR(0.3),1.11,0.8568
MMR(0.3),1.13,0.8568
MMR(0.3),1.14,0.8568
MMR(0.3),1.15,0.8578
MMR(0.3),1.18,0.8578
MMR(0.3),1.19,0.8578
MMR(0.3),1.2,0.8578
MMR(0.3),1.21,0.8578
MMR(0.3),1.22,0.8578
MMR(0.3),1.23,0.8578
MMR(0.3),1.24,0.8578
MMR(0.3),1.25,0.8578
MMR(0.3),1.26,0.8578
MMR(0.3),1.27,0.8578
MMR(0.3),1.28,0.8578
MMR(0.3),1.29,0.8516
MMR(0.3),1.3,0.8495
MMR(0.3),1.31,0.8474
MMR(0.3),1.32,0.8474
MMR(0.3),1.33,0.8474
MMR(0.3),1.34,0.8453
MMR(0.3),1.35,0.8453
MMR(0.3),1.36,0.8453
MMR(0.3),1.37,0.8453
MMR(0.3),1.38,0.8453
MMR(0.3),1.39,0.8453
MMR(0.3),1.4,0.8453
MMR(0.3),1.41,0.8432
MMR(0.3),1.42,0.8432
MMR(0.3),1.43,0.8432
MMR(0.3),1.44,0.8422
MMR(0.3),1.45,0.838
MMR(0.3),1.46,0.838
MMR(0.3),1.47,0.838
MMR(0.3),1.48,0.838
MMR(0.3),1.49,0.838
MMR(0.3),1.5,0.838
MMR(0.3),1.51,0.838
MMR(0.3),1.52,0.838
MMR(0.3),1.53,0.838
MMR(0.3),1.54,0.838
MMR(0.3),1.55,0.838
MMR(0.3),1.56,0.838
MMR(0.3),1.57,0.8339
MMR(0.3),1.58,0.8354
MMR(0.3),1.6,0.8354
MMR(0.3),1.61,0.8344
MMR(0.3),1.62,0.8333
MMR(0.3),1.63,0.8292
MMR(0.3),1.64,0.8292
MMR(0.3),1.65,0.8292
MMR(0.3),1.66,0.8292
MMR(0.3),1.67,0.8292
MMR(0.3),1.68,0.8271
MMR(0.3),1.69,0.8271
MMR(0.3),1.7,0.825
MMR(0.3),1.71,0.8229
MMR(0.3),1.72,0.8229
MMR(0.3),1.73,0.8198
MMR(0.3),1.75,0.8198
MMR(0.3),1.76,0.8177
MMR(0.3),1.78,0.8161
MMR(0.3),1.79,0.8141
MMR(0.3),1.8,0.8141
MMR(0.3),1.81,0.812
MMR(0.3),1.82,0.812
MMR(0.3),1.85,0.8099
MMR(0.3),1.87,0.8083
MMR(0.3),1.88,0.8083
MMR(0.3),1.89,0.8083
MMR(0.3),1.91,0.8083
MMR(0.3),1.93,0.8083
MMR(0.3),1.94,0.8083
MMR(0.3),1.95,0.8083
MMR(0.3),1.96,0.8063
MMR(0.3),1.99,0.8063
MMR(0.3),2.0,0.8042
MMR(0.3),2.01,0.7979
MMR(0.3),2.02,0.7979
MMR(0.3),2.07,0.7979
MMR(0.3),2.08,0.7969
MMR(0.3),2.09,0.7948
MMR(0.3),2.1,0.7927
MMR(0.3),2.13,0.7865
MMR(0.3),2.14,0.7844
MMR(0.3),2.17,0.7844
MMR(0.3),2.18,0.7802
MMR(0.3),2.19,0.7781
MMR(0.3),2.24,0.7771
MMR(0.3),2.3,0.7771
MMR(0.3),2.32,0.775
MMR(0.3),2.33,0.7729
MMR(0.3),2.34,0.7708
MMR(0.3),2.35,0.7708
MMR(0.3),2.37,0.7708
MMR(0.3),2.39,0.7708
MMR(0.3),2.4,0.7708
MMR(0.3),2.41,0.7708
MMR(0.3),2.43,0.7688
MMR(0.3),2.44,0.7688
MMR(0.3),2.49,0.7646
MMR(0.3),2.5,0.7646
MMR(0.3),2.51,0.7646
MMR(0.3),2.52,0.7625
MMR(0.3),2.57,0.7625
MMR(0.3),2.58,0.7604
MMR(0.3),2.6,0.7604
MMR(0.3),2.62,0.7573
MMR(0.3),2.63,0.7573
MMR(0.3),2.64,0.7573
MMR(0.3),2.66,0.7552
MMR(0.3),2.68,0.7552
MMR(0.3),2.69,0.7552
MMR(0.3),2.73,0.7531
MMR(0.3),2.74,0.7531
MMR(0.3),2.75,0.7521
MMR(0.3),2.83,0.75
MMR(0.3),2.84,0.75
MMR(0.3),2.86,0.75
MMR(0.3),2.89,0.75
MMR(0.3),2.95,0.75
MMR(0.3),2.96,0.749
MMR(0.3),2.98,0.749
MMR(0.3),3.03,0.749
MMR(0.3),3.07,0.7448
MMR(0.3),3.14,0.7448
MMR(0.3),3.15,0.7448
MMR(0.3),3.19,0.7427
MMR(0.3),3.2,0.7427
MMR(0.3),3.23,0.7417
MMR(0.3),3.25,0.7417
MMR(0.3),3.27,0.7417
MMR(0.3),3.32,0.7417
MMR(0.3),3.33,0.7396
MMR(0.3),3.37,0.7396
MMR(0.3),3.39,0.7385
MMR(0.3),3.41,0.7385
MMR(0.3),3.43,0.7365
MMR(0.3),3.45,0.7354
MMR(0.3),3.52,0.7354
MMR(0.3),3.56,0.7354
MMR(0.3),3.59,0.7354
MMR(0.3),3.6,0.7354
MMR(0.3),3.61,0.7354
MMR(0.3),3.66,0.7333
MMR(0.3),3.67,0.7333
MMR(0.3),3.69,0.7312
MMR(0.3),3.7,0.7312
MMR(0.3),3.72,0.7312
MMR(0.3),3.73,0.7292
MMR(0.3),3.76,0.7271
MMR(0.3),3.79,0.7271
MMR(0.3),3.8,0.725
MMR(0.3),3.85,0.725
MMR(0.3),3.87,0.725
MMR(0.3),3.88,0.7229
MMR(0.3),3.91,0.7229
MMR(0.3),3.93,0.7229
MMR(0.3),3.95,0.7229
MMR(0.3),3.96,0.7229
MMR(0.3),3.97,0.7229
MMR(0.3),4.01,0.7229
MMR(0.3),4.02,0.7229
MMR(0.3),4.05,0.7229
MMR(0.3),4.08,0.7219
MMR(0.3),4.1,0.7208
MMR(0.3),4.11,0.7167
MMR(0.3),4.12,0.7167
MMR(0.3),4.13,0.7125
MMR(0.3),4.15,0.7104
MMR(0.3),4.2,0.7125
MMR(0.3),4.24,0.7083
MMR(0.3),4.25,0.7083
MMR(0.3),4.26,0.7083
MMR(0.3),4.29,0.7083
MMR(0.3),4.3,0.7083
MMR(0.3),4.33,0.7083
MMR(0.3),4.34,0.7021
MMR(0.3),4.35,0.7021
MMR(0.3),4.37,0.7021
MMR(0.3),4.38,0.6979
MMR(0.3),4.42,0.6979
MMR(0.3),4.43,0.6979
MMR(0.3),4.45,0.6958
MMR(0.3),4.47,0.6958
MMR(0.3),4.5,0.6937
MMR(0.3),4.51,0.6937
MMR(0.3),4.54,0.6937
MMR(0.3),4.55,0.6885
MMR(0.3),4.58,0.6885
MMR(0.3),4.59,0.6885
MMR(0.3),4.6,0.6885
MMR(0.3),4.62,0.6885
MMR(0.3),4.63,0.6844
MMR(0.3),4.64,0.6802
MMR(0.3),4.65,0.676
MMR(0.3),4.66,0.674
MMR(0.3),4.67,0.6719
MMR(0.3),4.68,0.6719
MMR(0.3),4.71,0.6719
MMR(0.3),4.72,0.6719
MMR(0.3),4.76,0.6719
MMR(0.3),4.77,0.6719
MMR(0.3),4.78,0.6687
MMR(0.3),4.79,0.6687
MMR(0.3),4.86,0.6687
MMR(0.3),4.88,0.6687
MMR(0.3),4.89,0.6677
MMR(0.3),4.92,0.6667
MMR(0.3),4.95,0.6687
MMR(0.3),5.0,0.6687
MMR(0.3),5.02,0.6667
MMR(0.3),5.03,0.6646
MMR(0.3),5.05,0.6646
MMR(0.3),5.06,0.6646
MMR(0.3),5.08,0.6646
MMR(0.3),5.16,0.6646
MMR(0.3),5.18,0.6646
MMR(0.3),5.21,0.6646
MMR(0.3),5.22,0.6625
MMR(0.3),5.23,0.6625
MMR(0.3),5.28,0.6625
MMR(0.3),5.29,0.6604
MMR(0.3),5.3,0.6562
MMR(0.3),5.32,0.6542
MMR(0.3),5.34,0.6542
MMR(0.3),5.41,0.6542
MMR(0.3),5.46,0.6542
MMR(0.3),5.53,0.6542
MMR(0.3),5.54,0.6542
MMR(0.3),5.55,0.6542
MMR(0.3),5.58,0.6521
MMR(0.3),5.59,0.6521
MMR(0.3),5.61,0.65
MMR(0.3),5.62,0.65
MMR(0.3),5.66,0.6479
MMR(0.3),5.73,0.6438
MMR(0.3),5.74,0.6417
MMR(0.3),5.75,0.6417
MMR(0.3),5.76,0.6417
MMR(0.3),5.77,0.6417
MMR(0.3),5.79,0.6417
MMR(0.3),5.8,0.6417
MMR(0.3),5.83,0.6406
MMR(0.3),5.84,0.6406
MMR(0.3),5.86,0.6406
MMR(0.3),5.87,0.6406
MMR(0.3),5.91,0.6406
MMR(0.3),6.01,0.6406
MMR(0.3),6.04,0.6406
MMR(0.3),6.07,0.6406
MMR(0.3),6.08,0.6385
MMR(0.3),6.1,0.6385
MMR(0.3),6.12,0.6375
MMR(0.3),6.14,0.6375
MMR(0.3),6.21,0.6375
MMR(0.3),6.28,0.6375
MMR(0.3),6.34,0.6375
MMR(0.3),6.37,0.6375
MMR(0.3),6.46,0.6375
MMR(0.3),6.48,0.6375
MMR(0.3),6.8,0.6375
MMR(0.3),6.93,0.6375
MMR(0.3),6.94,0.6375
MMR(0.3),6.96,0.6375
MMR(0.3),7.0,0.6375
MMR(0.3),7.01,0.6354
MMR(0.3),7.02,0.6333
MMR(0.3),7.04,0.6292
MMR(0.3),7.16,0.6292
MMR(0.3),7.27,0.6292
MMR(0.3),7.33,0.6292
MMR(0.3),7.46,0.6292
MMR(0.3),7.47,0.6292
MMR(0.3),7.55,0.6292
MMR(0.3),7.58,0.6271
MMR(0.3),7.7,0.6271
MMR(0.3),9.2,0.6271
MMR(0.3),9.21,0.6271
MMR(0.5),1.03,0.8568
MMR(0.5),1.04,0.8568
MMR(0.5),1.05,0.8568
MMR(0.5),1.06,0.8568
MMR(0.5),1.07,0.8568
MMR(0.5),1.08,0.8568
MMR(0.5),1.09,0.8568
MMR(0.5),1.1,0.8568
MMR(0.5),1.11,0.8568
MMR(0.5),1.13,0.8568
MMR(0.5),1.14,0.8568
MMR(0.5),1.15,0.8578
MMR(0.5),1.18,0.8578
MMR(0.5),1.19,0.8578
MMR(0.5),1.2,0.8578
MMR(0.5),1.21,0.8578
MMR(0.5),1.22,0.8578
MMR(0.5),1.23,0.8578
MMR(0.5),1.24,0.8578
MMR(0.5),1.25,0.8578
MMR(0.5),1.26,0.8578
MMR(0.5),1.27,0.8578
MMR(0.5),1.28,0.8578
MMR(0.5),1.29,0.8516
MMR(0.5),1.3,0.8495
MMR(0.5),1.31,0.8474
MMR(0.5),1.32,0.8474
MMR(0.5),1.33,0.8474
MMR(0.5),1.34,0.8453
MMR(0.5),1.35,0.8453
MMR(0.5),1.36,0.8453
MMR(0.5),1.37,0.8453
MMR(0.5),1.38,0.8453
MMR(0.5),1.39,0.8453
MMR(0.5),1.4,0.8453
MMR(0.5),1.41,0.8432
MMR(0.5),1.42,0.8432
MMR(0.5),1.43,0.8432
MMR(0.5),1.44,0.8422
MMR(0.5),1.45,0.8422
MMR(0.5),1.46,0.8422
MMR(0.5),1.47,0.8422
MMR(0.5),1.48,0.8422
MMR(0.5),1.49,0.8422
MMR(0.5),1.5,0.8422
MMR(0.5),1.51,0.8422
MMR(0.5),1.52,0.8422
MMR(0.5),1.53,0.8422
MMR(0.5),1.54,0.8422
MMR(0.5),1.55,0.8422
MMR(0.5),1.56,0.8422
MMR(0.5),1.57,0.838
MMR(0.5),1.58,0.8396
MMR(0.5),1.6,0.8396
MMR(0.5),1.61,0.8385
MMR(0.5),1.62,0.8375
MMR(0.5),1.63,0.8333
MMR(0.5),1.64,0.8333
MMR(0.5),1.65,0.8344
MMR(0.5),1.66,0.8344
MMR(0.5),1.67,0.8344
MMR(0.5),1.68,0.8323
MMR(0.5),1.69,0.8323
MMR(0.5),1.7,0.8302
MMR(0.5),1.71,0.8281
MMR(0.5),1.72,0.8281
MMR(0.5),1.73,0.826
MMR(0.5),1.75,0.826
MMR(0.5),1.76,0.824
MMR(0.5),1.78,0.8224
MMR(0.5),1.79,0.8224
MMR(0.5),1.8,0.8224
MMR(0.5),1.81,0.8224
MMR(0.5),1.82,0.8224
MMR(0.5),1.85,0.8203
MMR(0.5),1.87,0.8187
MMR(0.5),1.88,0.8187
MMR(0.5),1.89,0.8187
MMR(0.5),1.91,0.8187
MMR(0.5),1.93,0.8187
MMR(0.5),1.94,0.8187
MMR(0.5),1.95,0.8187
MMR(0.5),1.96,0.8187
MMR(0.5),1.99,0.8187
MMR(0.5),2.0,0.8167
MMR(0.5),2.01,0.8104
MMR(0.5),2.02,0.8104
MMR(0.5),2.07,0.8104
MMR(0.5),2.08,0.8094
MMR(0.5),2.09,0.8073
MMR(0.5),2.1,0.8052
MMR(0.5),2.13,0.801
MMR(0.5),2.14,0.799
MMR(0.5),2.17,0.799
MMR(0.5),2.18,0.7969
MMR(0.5),2.19,0.7948
MMR(0.5),2.24,0.7948
MMR(0.5),2.3,0.7948
MMR(0.5),2.32,0.7927
MMR(0.5),2.33,0.7906
MMR(0.5),2.34,0.7885
MMR(0.5),2.35,0.7885
MMR(0.5),2.37,0.7885
MMR(0.5),2.39,0.7885
MMR(0.5),2.4,0.7885
MMR(0.5),2.41,0.7885
MMR(0.5),2.43,0.7865
MMR(0.5),2.44,0.7865
MMR(0.5),2.49,0.7844
MMR(0.5),2.5,0.7844
MMR(0.5),2.51,0.7844
MMR(0.5),2.52,0.7823
MMR(0.5),2.57,0.7823
MMR(0.5),2.58,0.7802
MMR(0.5),2.6,0.7802
MMR(0.5),2.62,0.7771
MMR(0.5),2.63,0.7771
MMR(0.5),2.64,0.7771
MMR(0.5),2.66,0.7771
MMR(0.5),2.68,0.7771
MMR(0.5),2.69,0.7771
MMR(0.5),2.73,0.775
MMR(0.5),2.74,0.775
MMR(0.5),2.75,0.775
MMR(0.5),2.83,0.7729
MMR(0.5),2.84,0.7729
MMR(0.5),2.86,0.7729
MMR(0.5),2.89,0.7729
MMR(0.5),2.95,0.7729
MMR(0.5),2.96,0.7719
MMR(0.5),2.98,0.7719
MMR(0.5),3.03,0.7719
MMR(0.5),3.07,0.7677
MMR(0.5),3.14,0.7677
MMR(0.5),3.15,0.7677
MMR(0.5),3.19,0.7656
MMR(0.5),3.2,0.7656
MMR(0.5),3.23,0.7646
MMR(0.5),3.25,0.7646
MMR(0.5),3.27,0.7646
MMR(0.5),3.32,0.7646
MMR(0.5),3.33,0.7625
MMR(0.5),3.37,0.7625
MMR(0.5),3.39,0.7615
MMR(0.5),3.41,0.7615
MMR(0.5),3.43,0.7594
MMR(0.5),3.45,0.7583
MMR(0.5),3.52,0.7583
MMR(0.5),3.56,0.7583
MMR(0.5),3.59,0.7583
MMR(0.5),3.6,0.7583
MMR(0.5),3.61,0.7583
MMR(0.5),3.66,0.7583
MMR(0.5),3.67,0.7583
MMR(0.5),3.69,0.7562
MMR(0.5),3.7,0.7562
MMR(0.5),3.72,0.7562
MMR(0.5),3.73,0.7562
MMR(0.5),3.76,0.7562
MMR(0.5),3.79,0.7562
MMR(0.5),3.8,0.7542
MMR(0.5),3.85,0.7542
MMR(0.5),3.87,0.7542
MMR(0.5),3.88,0.7542
MMR(0.5),3.91,0.7542
MMR(0.5),3.93,0.7542
MMR(0.5),3.95,0.7542
MMR(0.5),3.96,0.7542
MMR(0.5),3.97,0.7542
MMR(0.5),4.01,0.7542
MMR(0.5),4.02,0.7542
MMR(0.5),4.05,0.7542
MMR(0.5),4.08,0.7531
MMR(0.5),4.1,0.7521
MMR(0.5),4.11,0.7479
MMR(0.5),4.12,0.7479
MMR(0.5),4.13,0.7458
MMR(0.5),4.15,0.7458
MMR(0.5),4.2,0.7479
MMR(0.5),4.24,0.7438
MMR(0.5),4.25,0.7438
MMR(0.5),4.26,0.7438
MMR(0.5),4.29,0.7438
MMR(0.5),4.3,0.7438
MMR(0.5),4.33,0.7438
MMR(0.5),4.34,0.7417
MMR(0.5),4.35,0.7417
MMR(0.5),4.37,0.7417
MMR(0.5),4.38,0.7375
MMR(0.5),4.42,0.7375
MMR(0.5),4.43,0.7375
MMR(0.5),4.45,0.7354
MMR(0.5),4.47,0.7354
MMR(0.5),4.5,0.7333
MMR(0.5),4.51,0.7333
MMR(0.5),4.54,0.7333
MMR(0.5),4.55,0.7323
MMR(0.5),4.58,0.7323
MMR(0.5),4.59,0.7323
MMR(0.5),4.6,0.7323
MMR(0.5),4.62,0.7323
MMR(0.5),4.63,0.7281
MMR(0.5),4.64,0.726
MMR(0.5),4.65,0.7219
MMR(0.5),4.66,0.7198
MMR(0.5),4.67,0.7177
MMR(0.5),4.68,0.7177
MMR(0.5),4.71,0.7177
MMR(0.5),4.72,0.7177
MMR(0.5),4.76,0.7177
MMR(0.5),4.77,0.7177
MMR(0.5),4.78,0.7167
MMR(0.5),4.79,0.7167
MMR(0.5),4.86,0.7167
MMR(0.5),4.88,0.7167
MMR(0.5),4.89,0.7156
MMR(0.5),4.92,0.7146
MMR(0.5),4.95,0.7146
MMR(0.5),5.0,0.7146
MMR(0.5),5.02,0.7125
MMR(0.5),5.03,0.7146
MMR(0.5),5.05,0.7146
MMR(0.5),5.06,0.7146
MMR(0.5),5.08,0.7146
MMR(0.5),5.16,0.7146
MMR(0.5),5.18,0.7146
MMR(0.5),5.21,0.7146
MMR(0.5),5.22,0.7125
MMR(0.5),5.23,0.7125
MMR(0.5),5.28,0.7125
MMR(0.5),5.29,0.7104
MMR(0.5),5.3,0.7083
MMR(0.5),5.32,0.7063
MMR(0.5),5.34,0.7063
MMR(0.5),5.41,0.7042
MMR(0.5),5.46,0.7042
MMR(0.5),5.53,0.7042
MMR(0.5),5.54,0.7042
MMR(0.5),5.55,0.7042
MMR(0.5),5.58,0.7021
MMR(0.5),5.59,0.7021
MMR(0.5),5.61,0.7021
MMR(0.5),5.62,0.7021
MMR(0.5),5.66,0.7
MMR(0.5),5.73,0.6958
MMR(0.5),5.74,0.6958
MMR(0.5),5.75,0.6958
MMR(0.5),5.76,0.6958
MMR(0.5),5.77,0.6958
MMR(0.5),5.79,0.6958
MMR(0.5),5.8,0.6958
MMR(0.5),5.83,0.6948
MMR(0.5),5.84,0.6948
MMR(0.5),5.86,0.6948
MMR(0.5),5.87,0.6948
MMR(0.5),5.91,0.6948
MMR(0.5),6.01,0.6969
MMR(0.5),6.04,0.6969
MMR(0.5),6.07,0.6969
MMR(0.5),6.08,0.6948
MMR(0.5),6.1,0.6948
MMR(0.5),6.12,0.6937
MMR(0.5),6.14,0.6937
MMR(0.5),6.21,0.6937
MMR(0.5),6.28,0.6979
MMR(0.5),6.34,0.6979
MMR(0.5),6.37,0.6979
MMR(0.5),6.46,0.6979
MMR(0.5),6.48,0.6979
MMR(0.5),6.8,0.6979
MMR(0.5),6.93,0.6979
MMR(0.5),6.94,0.6979
MMR(0.5),6.96,0.6979
MMR(0.5),7.0,0.6979
MMR(0.5),7.01,0.6958
MMR(0.5),7.02,0.6937
MMR(0.5),7.04,0.6896
MMR(0.5),7.16,0.6896
MMR(0.5),7.27,0.6896
MMR(0.5),7.33,0.6896
MMR(0.5),7.46,0.6896
MMR(0.5),7.47,0.6896
MMR(0.5),7.55,0.6896
MMR(0.5),7.58,0.6875
MMR(0.5),7.7,0.6875
MMR(0.5),9.2,0.6875
MMR(0.5),9.21,0.6875
MMR(0.7),1.03,0.8568
MMR(0.7),1.04,0.8568
MMR(0.7),1.05,0.8568
MMR(0.7),1.06,0.8568
MMR(0.7),1.07,0.8568
MMR(0.7),1.08,0.8568
MMR(0.7),1.09,0.8568
MMR(0.7),1.1,0.8568
MMR(0.7),1.11,0.8568
MMR(0.7),1.13,0.8568
MMR(0.7),1.14,0.8568
MMR(0.7),1.15,0.8578
MMR(0.7),1.18,0.8578
MMR(0.7),1.19,0.8578
MMR(0.7),1.2,0.8578
MMR(0.7),1.21,0.8578
MMR(0.7),1.22,0.8578
MMR(0.7),1.23,0.8578
MMR(0.7),1.24,0.8578
MMR(0.7),1.25,0.8578
MMR(0.7),1.26,0.8578
MMR(0.7),1.27,0.8578
MMR(0.7),1.28,0.8578
MMR(0.7),1.29,0.8578
MMR(0.7),1.3,0.8578
MMR(0.7),1.31,0.8578
MMR(0.7),1.32,0.8578
MMR(0.7),1.33,0.8578
MMR(0.7),1.34,0.8578
MMR(0.7),1.35,0.8578
MMR(0.7),1.36,0.8578
MMR(0.7),1.37,0.8578
MMR(0.7),1.38,0.8578
MMR(0.7),1.39,0.8578
MMR(0.7),1.4,0.8578
MMR(0.7),1.41,0.8557
MMR(0.7),1.42,0.8557
MMR(0.7),1.43,0.8557
MMR(0.7),1.44,0.8547
MMR(0.7),1.45,0.8547
MMR(0.7),1.46,0.8547
MMR(0.7),1.47,0.8547
MMR(0.7),1.48,0.8547
MMR(0.7),1.49,0.8547
MMR(0.7),1.5,0.8547
MMR(0.7),1.51,0.8547
MMR(0.7),1.52,0.8547
MMR(0.7),1.53,0.8547
MMR(0.7),1.54,0.8547
MMR(0.7),1.55,0.8547
MMR(0.7),1.56,0.8547
MMR(0.7),1.57,0.8526
MMR(0.7),1.58,0.8542
MMR(0.7),1.6,0.8552
MMR(0.7),1.61,0.8542
MMR(0.7),1.62,0.8552
MMR(0.7),1.63,0.8552
MMR(0.7),1.64,0.8552
MMR(0.7),1.65,0.8562
MMR(0.7),1.66,0.8562
MMR(0.7),1.67,0.8562
MMR(0.7),1.68,0.8562
MMR(0.7),1.69,0.8562
MMR(0.7),1.7,0.8552
MMR(0.7),1.71,0.8562
MMR(0.7),1.72,0.8562
MMR(0.7),1.73,0.8568
MMR(0.7),1.75,0.8568
MMR(0.7),1.76,0.8568
MMR(0.7),1.78,0.8573
MMR(0.7),1.79,0.8573
MMR(0.7),1.8,0.8573
MMR(0.7),1.81,0.8573
MMR(0.7),1.82,0.8573
MMR(0.7),1.85,0.8573
MMR(0.7),1.87,0.8578
MMR(0.7),1.88,0.8578
MMR(0.7),1.89,0.8578
MMR(0.7),1.91,0.8578
MMR(0.7),1.93,0.8578
MMR(0.7),1.94,0.8578
MMR(0.7),1.95,0.8578
MMR(0.7),1.96,0.8578
MMR(0.7),1.99,0.8578
MMR(0.7),2.0,0.8578
MMR(0.7),2.01,0.8557
MMR(0.7),2.02,0.8557
MMR(0.7),2.07,0.8557
MMR(0.7),2.08,0.8557
MMR(0.7),2.09,0.8557
MMR(0.7),2.1,0.8557
MMR(0.7),2.13,0.8557
MMR(0.7),2.14,0.8536
MMR(0.7),2.17,0.8536
MMR(0.7),2.18,0.8536
MMR(0.7),2.19,0.8516
MMR(0.7),2.24,0.8516
MMR(0.7),2.3,0.8516
MMR(0.7),2.32,0.8516
MMR(0.7),2.33,0.8516
MMR(0.7),2.34,0.8516
MMR(0.7),2.35,0.8516
MMR(0.7),2.37,0.8516
MMR(0.7),2.39,0.8516
MMR(0.7),2.4,0.8516
MMR(0.7),2.41,0.8516
MMR(0.7),2.43,0.8495
MMR(0.7),2.44,0.8495
MMR(0.7),2.49,0.8495
MMR(0.7),2.5,0.8495
MMR(0.7),2.51,0.8495
MMR(0.7),2.52,0.8495
MMR(0.7),2.57,0.8495
MMR(0.7),2.58,0.8495
MMR(0.7),2.6,0.8495
MMR(0.7),2.62,0.8495
MMR(0.7),2.63,0.8495
MMR(0.7),2.64,0.8495
MMR(0.7),2.66,0.8495
MMR(0.7),2.68,0.8495
MMR(0.7),2.69,0.8495
MMR(0.7),2.73,0.8474
MMR(0.7),2.74,0.8474
MMR(0.7),2.75,0.8474
MMR(0.7),2.83,0.8453
MMR(0.7),2.84,0.8453
MMR(0.7),2.86,0.8453
MMR(0.7),2.89,0.8453
MMR(0.7),2.95,0.8453
MMR(0.7),2.96,0.8443
MMR(0.7),2.98,0.8443
MMR(0.7),3.03,0.8443
MMR(0.7),3.07,0.8422
MMR(0.7),3.14,0.8422
MMR(0.7),3.15,0.8422
MMR(0.7),3.19,0.8401
MMR(0.7),3.2,0.8401
MMR(0.7),3.23,0.8401
MMR(0.7),3.25,0.8401
MMR(0.7),3.27,0.8401
MMR(0.7),3.32,0.8401
MMR(0.7),3.33,0.8401
MMR(0.7),3.37,0.8401
MMR(0.7),3.39,0.8401
MMR(0.7),3.41,0.8401
MMR(0.7),3.43,0.838
MMR(0.7),3.45,0.838
MMR(0.7),3.52,0.838
MMR(0.7),3.56,0.838
MMR(0.7),3.59,0.838
MMR(0.7),3.6,0.838
MMR(0.7),3.61,0.838
MMR(0.7),3.66,0.838
MMR(0.7),3.67,0.838
MMR(0.7),3.69,0.838
MMR(0.7),3.7,0.838
MMR(0.7),3.72,0.838
MMR(0.7),3.73,0.838
MMR(0.7),3.76,0.838
MMR(0.7),3.79,0.838
MMR(0.7),3.8,0.838
MMR(0.7),3.85,0.838
MMR(0.7),3.87,0.838
MMR(0.7),3.88,0.838
MMR(0.7),3.91,0.838
MMR(0.7),3.93,0.838
MMR(0.7),3.95,0.838
MMR(0.7),3.96,0.838
MMR(0.7),3.97,0.838
MMR(0.7),4.01,0.838
MMR(0.7),4.02,0.838
MMR(0.7),4.05,0.838
MMR(0.7),4.08,0.838
MMR(0.7),4.1,0.838
MMR(0.7),4.11,0.8339
MMR(0.7),4.12,0.8339
MMR(0.7),4.13,0.8318
MMR(0.7),4.15,0.8318
MMR(0.7),4.2,0.8339
MMR(0.7),4.24,0.8318
MMR(0.7),4.25,0.8318
MMR(0.7),4.26,0.8318
MMR(0.7),4.29,0.8318
MMR(0.7),4.3,0.8318
MMR(0.7),4.33,0.8318
MMR(0.7),4.34,0.8297
MMR(0.7),4.35,0.8297
MMR(0.7),4.37,0.8297
MMR(0.7),4.38,0.8297
MMR(0.7),4.42,0.8297
MMR(0.7),4.43,0.8297
MMR(0.7),4.45,0.8297
MMR(0.7),4.47,0.8297
MMR(0.7),4.5,0.8276
MMR(0.7),4.51,0.8276
MMR(0.7),4.54,0.8276
MMR(0.7),4.55,0.8276
MMR(0.7),4.58,0.8276
MMR(0.7),4.59,0.8276
MMR(0.7),4.6,0.8276
MMR(0.7),4.62,0.8276
MMR(0.7),4.63,0.8276
MMR(0.7),4.64,0.8276
MMR(0.7),4.65,0.8276
MMR(0.7),4.66,0.8276
MMR(0.7),4.67,0.8276
MMR(0.7),4.68,0.8276
MMR(0.7),4.71,0.8276
MMR(0.7),4.72,0.8276
MMR(0.7),4.76,0.8276
MMR(0.7),4.77,0.8276
MMR(0.7),4.78,0.8297
MMR(0.7),4.79,0.8297
MMR(0.7),4.86,0.8297
MMR(0.7),4.88,0.8297
MMR(0.7),4.89,0.8297
MMR(0.7),4.92,0.8286
MMR(0.7),4.95,0.8328
MMR(0.7),5.0,0.8328
MMR(0.7),5.02,0.8328
MMR(0.7),5.03,0.8349
MMR(0.7),5.05,0.8349
MMR(0.7),5.06,0.8349
MMR(0.7),5.08,0.8349
MMR(0.7),5.16,0.8349
MMR(0.7),5.18,0.8349
MMR(0.7),5.21,0.8349
MMR(0.7),5.22,0.8349
MMR(0.7),5.23,0.8349
MMR(0.7),5.28,0.8349
MMR(0.7),5.29,0.8328
MMR(0.7),5.3,0.8307
MMR(0.7),5.32,0.8286
MMR(0.7),5.34,0.8286
MMR(0.7),5.41,0.8286
MMR(0.7),5.46,0.8286
MMR(0.7),5.53,0.8286
MMR(0.7),5.54,0.8286
MMR(0.7),5.55,0.8286
MMR(0.7),5.58,0.8266
MMR(0.7),5.59,0.8266
MMR(0.7),5.61,0.8245
MMR(0.7),5.62,0.8245
MMR(0.7),5.66,0.8224
MMR(0.7),5.73,0.8203
MMR(0.7),5.74,0.8203
MMR(0.7),5.75,0.8203
MMR(0.7),5.76,0.8203
MMR(0.7),5.77,0.8203
MMR(0.7),5.79,0.8203
MMR(0.7),5.8,0.8203
MMR(0.7),5.83,0.8203
MMR(0.7),5.84,0.8203
MMR(0.7),5.86,0.8203
MMR(0.7),5.87,0.8203
MMR(0.7),5.91,0.8203
MMR(0.7),6.01,0.8203
MMR(0.7),6.04,0.8203
MMR(0.7),6.07,0.8203
MMR(0.7),6.08,0.8203
MMR(0.7),6.1,0.8203
MMR(0.7),6.12,0.8193
MMR(0.7),6.14,0.8193
MMR(0.7),6.21,0.8193
MMR(0.7),6.28,0.8214
MMR(0.7),6.34,0.8214
MMR(0.7),6.37,0.8214
MMR(0.7),6.46,0.8214
MMR(0.7),6.48,0.8214
MMR(0.7),6.8,0.8214
MMR(0.7),6.93,0.8214
MMR(0.7),6.94,0.8214
MMR(0.7),6.96,0.8214
MMR(0.7),7.0,0.8214
MMR(0.7),7.01,0.8214
MMR(0.7),7.02,0.8193
MMR(0.7),7.04,0.8172
MMR(0.7),7.16,0.8172
MMR(0.7),7.27,0.8172
MMR(0.7),7.33,0.8172
MMR(0.7),7.46,0.8172
MMR(0.7),7.47,0.8172
MMR(0.7),7.55,0.8172
MMR(0.7),7.58,0.8151
MMR(0.7),7.7,0.8151
MMR(0.7),9.2,0.8151
MMR(0.7),9.21,0.8151
MMR(0.9),1.03,0.8568
MMR(0.9),1.04,0.8568
MMR(0.9),1.05,0.8568
MMR(0.9),1.06,0.8568
MMR(0.9),1.07,0.8568
MMR(0.9),1.08,0.8568
MMR(0.9),1.09,0.8568
MMR(0.9),1.1,0.8568
MMR(0.9),1.11,0.8568
MMR(0.9),1.13,0.8568
MMR(0.9),1.14,0.8568
MMR(0.9),1.15,0.8578
MMR(0.9),1.18,0.8578
MMR(0.9),1.19,0.8578
MMR(0.9),1.2,0.8578
MMR(0.9),1.21,0.8578
MMR(0.9),1.22,0.8578
MMR(0.9),1.23,0.8578
MMR(0.9),1.24,0.8578
MMR(0.9),1.25,0.8578
MMR(0.9),1.26,0.8578
MMR(0.9),1.27,0.8578
MMR(0.9),1.28,0.8578
MMR(0.9),1.29,0.8578
MMR(0.9),1.3,0.8578
MMR(0.9),1.31,0.8578
MMR(0.9),1.32,0.8578
MMR(0.9),1.33,0.8578
MMR(0.9),1.34,0.8578
MMR(0.9),1.35,0.8578
MMR(0.9),1.36,0.8578
MMR(0.9),1.37,0.8578
MMR(0.9),1.38,0.8578
MMR(0.9),1.39,0.8578
MMR(0.9),1.4,0.8578
MMR(0.9),1.41,0.8578
MMR(0.9),1.42,0.8578
MMR(0.9),1.43,0.8578
MMR(0.9),1.44,0.8578
MMR(0.9),1.45,0.8578
MMR(0.9),1.46,0.8578
MMR(0.9),1.47,0.8578
MMR(0.9),1.48,0.8578
MMR(0.9),1.49,0.8578
MMR(0.9),1.5,0.8578
MMR(0.9),1.51,0.8578
MMR(0.9),1.52,0.8578
MMR(0.9),1.53,0.8578
MMR(0.9),1.54,0.8578
MMR(0.9),1.55,0.8578
MMR(0.9),1.56,0.8578
MMR(0.9),1.57,0.8578
MMR(0.9),1.58,0.8578
MMR(0.9),1.6,0.8589
MMR(0.9),1.61,0.8589
MMR(0.9),1.62,0.8589
MMR(0.9),1.63,0.8589
MMR(0.9),1.64,0.8589
MMR(0.9),1.65,0.8589
MMR(0.9),1.66,0.8589
MMR(0.9),1.67,0.8589
MMR(0.9),1.68,0.8589
MMR(0.9),1.69,0.8589
MMR(0.9),1.7,0.8589
MMR(0.9),1.71,0.8589
MMR(0.9),1.72,0.8589
MMR(0.9),1.73,0.8594
MMR(0.9),1.75,0.8594
MMR(0.9),1.76,0.8594
MMR(0.9),1.78,0.8594
MMR(0.9),1.79,0.8594
MMR(0.9),1.8,0.8594
MMR(0.9),1.81,0.8594
MMR(0.9),1.82,0.8594
MMR(0.9),1.85,0.8594
MMR(0.9),1.87,0.8594
MMR(0.9),1.88,0.8594
MMR(0.9),1.89,0.8594
MMR(0.9),1.91,0.8594
MMR(0.9),1.93,0.8594
MMR(0.9),1.94,0.8594
MMR(0.9),1.95,0.8594
MMR(0.9),1.96,0.8594
MMR(0.9),1.99,0.8594
MMR(0.9),2.0,0.8594
MMR(0.9),2.01,0.8594
MMR(0.9),2.02,0.8594
MMR(0.9),2.07,0.8594
MMR(0.9),2.08,0.8594
MMR(0.9),2.09,0.8594
MMR(0.9),2.1,0.8594
MMR(0.9),2.13,0.8594
MMR(0.9),2.14,0.8573
MMR(0.9),2.17,0.8573
MMR(0.9),2.18,0.8573
MMR(0.9),2.19,0.8573
MMR(0.9),2.24,0.8573
MMR(0.9),2.3,0.8573
MMR(0.9),2.32,0.8573
MMR(0.9),2.33,0.8573
MMR(0.9),2.34,0.8573
MMR(0.9),2.35,0.8573
MMR(0.9),2.37,0.8573
MMR(0.9),2.39,0.8573
MMR(0.9),2.4,0.8573
MMR(0.9),2.41,0.8573
MMR(0.9),2.43,0.8573
MMR(0.9),2.44,0.8573
MMR(0.9),2.49,0.8573
MMR(0.9),2.5,0.8573
MMR(0.9),2.51,0.8573
MMR(0.9),2.52,0.8573
MMR(0.9),2.57,0.8573
MMR(0.9),2.58,0.8573
MMR(0.9),2.6,0.8573
MMR(0.9),2.62,0.8573
MMR(0.9),2.63,0.8573
MMR(0.9),2.64,0.8573
MMR(0.9),2.66,0.8573
MMR(0.9),2.68,0.8573
MMR(0.9),2.69,0.8573
MMR(0.9),2.73,0.8573
MMR(0.9),2.74,0.8573
MMR(0.9),2.75,0.8573
MMR(0.9),2.83,0.8573
MMR(0.9),2.84,0.8573
MMR(0.9),2.86,0.8573
MMR(0.9),2.89,0.8573
MMR(0.9),2.95,0.8573
MMR(0.9),2.96,0.8573
MMR(0.9),2.98,0.8573
MMR(0.9),3.03,0.8573
MMR(0.9),3.07,0.8573
MMR(0.9),3.14,0.8573
MMR(0.9),3.15,0.8573
MMR(0.9),3.19,0.8573
MMR(0.9),3.2,0.8573
MMR(0.9),3.23,0.8573
MMR(0.9),3.25,0.8573
MMR(0.9),3.27,0.8573
MMR(0.9),3.32,0.8573
MMR(0.9),3.33,0.8573
MMR(0.9),3.37,0.8573
MMR(0.9),3.39,0.8573
MMR(0.9),3.41,0.8573
MMR(0.9),3.43,0.8573
MMR(0.9),3.45,0.8573
MMR(0.9),3.52,0.8573
MMR(0.9),3.56,0.8573
MMR(0.9),3.59,0.8573
MMR(0.9),3.6,0.8573
MMR(0.9),3.61,0.8573
MMR(0.9),3.66,0.8573
MMR(0.9),3.67,0.8573
MMR(0.9),3.69,0.8573
MMR(0.9),3.7,0.8573
MMR(0.9),3.72,0.8573
MMR(0.9),3.73,0.8573
MMR(0.9),3.76,0.8573
MMR(0.9),3.79,0.8573
MMR(0.9),3.8,0.8573
MMR(0.9),3.85,0.8573
MMR(0.9),3.87,0.8573
MMR(0.9),3.88,0.8573
MMR(0.9),3.91,0.8573
MMR(0.9),3.93,0.8573
MMR(0.9),3.95,0.8573
MMR(0.9),3.96,0.8573
MMR(0.9),3.97,0.8573
MMR(0.9),4.01,0.8573
MMR(0.9),4.02,0.8573
MMR(0.9),4.05,0.8573
MMR(0.9),4.08,0.8573
MMR(0.9),4.1,0.8573
MMR(0.9),4.11,0.8573
MMR(0.9),4.12,0.8573
MMR(0.9),4.13,0.8573
MMR(0.9),4.15,0.8573
MMR(0.9),4.2,0.8573
MMR(0.9),4.24,0.8573
MMR(0.9),4.25,0.8573
MMR(0.9),4.26,0.8573
MMR(0.9),4.29,0.8573
MMR(0.9),4.3,0.8573
MMR(0.9),4.33,0.8573
MMR(0.9),4.34,0.8573
MMR(0.9),4.35,0.8573
MMR(0.9),4.37,0.8573
MMR(0.9),4.38,0.8573
MMR(0.9),4.42,0.8573
MMR(0.9),4.43,0.8573
MMR(0.9),4.45,0.8573
MMR(0.9),4.47,0.8573
MMR(0.9),4.5,0.8573
MMR(0.9),4.51,0.8573
MMR(0.9),4.54,0.8573
MMR(0.9),4.55,0.8573
MMR(0.9),4.58,0.8573
MMR(0.9),4.59,0.8573
MMR(0.9),4.6,0.8573
MMR(0.9),4.62,0.8573
MMR(0.9),4.63,0.8573
MMR(0.9),4.64,0.8573
MMR(0.9),4.65,0.8573
MMR(0.9),4.66,0.8573
MMR(0.9),4.67,0.8573
MMR(0.9),4.68,0.8573
MMR(0.9),4.71,0.8573
MMR(0.9),4.72,0.8573
MMR(0.9),4.76,0.8573
MMR(0.9),4.77,0.8573
MMR(0.9),4.78,0.8573
MMR(0.9),4.79,0.8573
MMR(0.9),4.86,0.8573
MMR(0.9),4.88,0.8573
MMR(0.9),4.89,0.8573
MMR(0.9),4.92,0.8573
MMR(0.9),4.95,0.8573
MMR(0.9),5.0,0.8573
MMR(0.9),5.02,0.8573
MMR(0.9),5.03,0.8594
MMR(0.9),5.05,0.8594
MMR(0.9),5.06,0.8594
MMR(0.9),5.08,0.8594
MMR(0.9),5.16,0.8594
MMR(0.9),5.18,0.8594
MMR(0.9),5.21,0.8594
MMR(0.9),5.22,0.8594
MMR(0.9),5.23,0.8594
MMR(0.9),5.28,0.8594
MMR(0.9),5.29,0.8573
MMR(0.9),5.3,0.8552
MMR(0.9),5.32,0.8531
MMR(0.9),5.34,0.8531
MMR(0.9),5.41,0.8531
MMR(0.9),5.46,0.8531
MMR(0.9),5.53,0.8531
MMR(0.9),5.54,0.8531
MMR(0.9),5.55,0.8531
MMR(0.9),5.58,0.8531
MMR(0.9),5.59,0.8531
MMR(0.9),5.61,0.8531
MMR(0.9),5.62,0.8531
MMR(0.9),5.66,0.8531
MMR(0.9),5.73,0.851
MMR(0.9),5.74,0.851
MMR(0.9),5.75,0.851
MMR(0.9),5.76,0.851
MMR(0.9),5.77,0.851
MMR(0.9),5.79,0.851
MMR(0.9),5.8,0.851
MMR(0.9),5.83,0.851
MMR(0.9),5.84,0.851
MMR(0.9),5.86,0.851
MMR(0.9),5.87,0.851
MMR(0.9),5.91,0.851
MMR(0.9),6.01,0.851
MMR(0.9),6.04,0.851
MMR(0.9),6.07,0.851
MMR(0.9),6.08,0.851
MMR(0.9),6.1,0.851
MMR(0.9),6.12,0.851
MMR(0.9),6.14,0.851
MMR(0.9),6.21,0.851
MMR(0.9),6.28,0.851
MMR(0.9),6.34,0.851
MMR(0.9),6.37,0.851
MMR(0.9),6.46,0.851
MMR(0.9),6.48,0.851
MMR(0.9),6.8,0.851
MMR(0.9),6.93,0.851
MMR(0.9),6.94,0.851
MMR(0.9),6.96,0.851
MMR(0.9),7.0,0.851
MMR(0.9),7.01,0.851
MMR(0.9),7.02,0.849
MMR(0.9),7.04,0.849
MMR(0.9),7.16,0.849
MMR(0.9),7.27,0.849
MMR(0.9),7.33,0.849
MMR(0.9),7.46,0.849
MMR(0.9),7.47,0.849
MMR(0.9),7.55,0.849
MMR(0.9),7.58,0.849
MMR(0.9),7.7,0.849
MMR(0.9),9.2,0.849
MMR(0.9),9.21,0.849
Maxmin,1.03,0.8568
Maxmin,1.04,0.8568
Maxmin,1.05,0.8568
Maxmin,1.06,0.8568
Maxmin,1.07,0.8568
Maxmin,1.08,0.8568
Maxmin,1.09,0.8568
Maxmin,1.1,0.8568
Maxmin,1.11,0.8568
Maxmin,1.13,0.8568
Maxmin,1.14,0.8568
Maxmin,1.15,0.8578
Maxmin,1.18,0.8578
Maxmin,1.19,0.8578
Maxmin,1.2,0.8578
Maxmin,1.21,0.8578
Maxmin,1.22,0.8578
Maxmin,1.23,0.8578
Maxmin,1.24,0.8578
Maxmin,1.25,0.8578
Maxmin,1.26,0.8578
Maxmin,1.27,0.8578
Maxmin,1.28,0.8578
Maxmin,1.29,0.8516
Maxmin,1.3,0.8495
Maxmin,1.31,0.8495
Maxmin,1.32,0.8495
Maxmin,1.33,0.8495
Maxmin,1.34,0.8474
Maxmin,1.35,0.8474
Maxmin,1.36,0.8474
Maxmin,1.37,0.8474
Maxmin,1.38,0.8474
Maxmin,1.39,0.8474
Maxmin,1.4,0.8474
Maxmin,1.41,0.8453
Maxmin,1.42,0.8453
Maxmin,1.43,0.8453
Maxmin,1.44,0.8443
Maxmin,1.45,0.8401
Maxmin,1.46,0.8401
Maxmin,1.47,0.8401
Maxmin,1.48,0.8401
Maxmin,1.49,0.8401
Maxmin,1.5,0.8401
Maxmin,1.51,0.8401
Maxmin,1.52,0.8401
Maxmin,1.53,0.8401
Maxmin,1.54,0.8401
Maxmin,1.55,0.8401
Maxmin,1.56,0.8401
Maxmin,1.57,0.8401
Maxmin,1.58,0.8417
Maxmin,1.6,0.8417
Maxmin,1.61,0.8406
Maxmin,1.62,0.8385
Maxmin,1.63,0.8344
Maxmin,1.64,0.8344
Maxmin,1.65,0.8344
Maxmin,1.66,0.8344
Maxmin,1.67,0.8344
Maxmin,1.68,0.8323
Maxmin,1.69,0.8323
Maxmin,1.7,0.8323
Maxmin,1.71,0.8302
Maxmin,1.72,0.8302
Maxmin,1.73,0.8271
Maxmin,1.75,0.8271
Maxmin,1.76,0.825
Maxmin,1.78,0.8234
Maxmin,1.79,0.8234
Maxmin,1.8,0.8234
Maxmin,1.81,0.8214
Maxmin,1.82,0.8214
Maxmin,1.85,0.8198
Maxmin,1.87,0.8182
Maxmin,1.88,0.8182
Maxmin,1.89,0.8182
Maxmin,1.91,0.8182
Maxmin,1.93,0.8182
Maxmin,1.94,0.8182
Maxmin,1.95,0.8182
Maxmin,1.96,0.8161
Maxmin,1.99,0.8161
Maxmin,2.0,0.8141
Maxmin,2.01,0.8078
Maxmin,2.02,0.8078
Maxmin,2.07,0.8078
Maxmin,2.08,0.8068
Maxmin,2.09,0.8047
Maxmin,2.1,0.8026
Maxmin,2.13,0.7964
Maxmin,2.14,0.7943
Maxmin,2.17,0.7943
Maxmin,2.18,0.7901
Maxmin,2.19,0.788
Maxmin,2.24,0.787
Maxmin,2.3,0.787
Maxmin,2.32,0.7849
Maxmin,2.33,0.7828
Maxmin,2.34,0.7807
Maxmin,2.35,0.7807
Maxmin,2.37,0.7807
Maxmin,2.39,0.7807
Maxmin,2.4,0.7807
Maxmin,2.41,0.7807
Maxmin,2.43,0.7786
Maxmin,2.44,0.7786
Maxmin,2.49,0.7745
Maxmin,2.5,0.7745
Maxmin,2.51,0.7745
Maxmin,2.52,0.7724
Maxmin,2.57,0.7724
Maxmin,2.58,0.7703
Maxmin,2.6,0.7703
Maxmin,2.62,0.7672
Maxmin,2.63,0.7672
Maxmin,2.64,0.7672
Maxmin,2.66,0.7651
Maxmin,2.68,0.7651
Maxmin,2.69,0.7651
Maxmin,2.73,0.763
Maxmin,2.74,0.763
Maxmin,2.75,0.762
Maxmin,2.83,0.7599
Maxmin,2.84,0.7599
Maxmin,2.86,0.7599
Maxmin,2.89,0.7599
Maxmin,2.95,0.7599
Maxmin,2.96,0.7589
Maxmin,2.98,0.7589
Maxmin,3.03,0.7589
Maxmin,3.07,0.7547
Maxmin,3.14,0.7547
Maxmin,3.15,0.7526
Maxmin,3.19,0.7526
Maxmin,3.2,0.7526
Maxmin,3.23,0.7516
Maxmin,3.25,0.7516
Maxmin,3.27,0.7516
Maxmin,3.32,0.7516
Maxmin,3.33,0.7495
Maxmin,3.37,0.7474
Maxmin,3.39,0.7464
Maxmin,3.41,0.7464
Maxmin,3.43,0.7443
Maxmin,3.45,0.7432
Maxmin,3.52,0.7432
Maxmin,3.56,0.7432
Maxmin,3.59,0.7432
Maxmin,3.6,0.7432
Maxmin,3.61,0.7432
Maxmin,3.66,0.7411
Maxmin,3.67,0.7411
Maxmin,3.69,0.7391
Maxmin,3.7,0.7391
Maxmin,3.72,0.7391
Maxmin,3.73,0.737
Maxmin,3.76,0.7349
Maxmin,3.79,0.7349
Maxmin,3.8,0.7328
Maxmin,3.85,0.7307
Maxmin,3.87,0.7307
Maxmin,3.88,0.7286
Maxmin,3.91,0.7286
Maxmin,3.93,0.7286
Maxmin,3.95,0.7286
Maxmin,3.96,0.7286
Maxmin,3.97,0.7286
Maxmin,4.01,0.7286
Maxmin,4.02,0.7286
Maxmin,4.05,0.7286
Maxmin,4.08,0.7276
Maxmin,4.1,0.7266
Maxmin,4.11,0.7224
Maxmin,4.12,0.7224
Maxmin,4.13,0.7182
Maxmin,4.15,0.7161
Maxmin,4.2,0.7182
Maxmin,4.24,0.7141
Maxmin,4.25,0.7141
Maxmin,4.26,0.7141
Maxmin,4.29,0.7141
Maxmin,4.3,0.7141
Maxmin,4.33,0.7141
Maxmin,4.34,0.7078
Maxmin,4.35,0.7078
Maxmin,4.37,0.7078
Maxmin,4.38,0.7036
Maxmin,4.42,0.7036
Maxmin,4.43,0.7036
Maxmin,4.45,0.7016
Maxmin,4.47,0.7016
Maxmin,4.5,0.6995
Maxmin,4.51,0.7016
Maxmin,4.54,0.7016
Maxmin,4.55,0.6964
Maxmin,4.58,0.6964
Maxmin,4.59,0.6964
Maxmin,4.6,0.6964
Maxmin,4.62,0.6964
Maxmin,4.63,0.6922
Maxmin,4.64,0.688
Maxmin,4.65,0.6839
Maxmin,4.66,0.6818
Maxmin,4.67,0.6797
Maxmin,4.68,0.6797
Maxmin,4.71,0.6797
Maxmin,4.72,0.6797
Maxmin,4.76,0.6797
Maxmin,4.77,0.6797
Maxmin,4.78,0.6766
Maxmin,4.79,0.6766
Maxmin,4.86,0.6766
Maxmin,4.88,0.6766
Maxmin,4.89,0.6755
Maxmin,4.92,0.6745
Maxmin,4.95,0.6807
Maxmin,5.0,0.6807
Maxmin,5.02,0.6786
Maxmin,5.03,0.6766
Maxmin,5.05,0.6766
Maxmin,5.06,0.6766
Maxmin,5.08,0.6766
Maxmin,5.16,0.6745
Maxmin,5.18,0.6745
Maxmin,5.21,0.6745
Maxmin,5.22,0.6724
Maxmin,5.23,0.6724
Maxmin,5.28,0.6724
Maxmin,5.29,0.6703
Maxmin,5.3,0.6661
Maxmin,5.32,0.6641
Maxmin,5.34,0.6641
Maxmin,5.41,0.662
Maxmin,5.46,0.662
Maxmin,5.53,0.662
Maxmin,5.54,0.662
Maxmin,5.55,0.662
Maxmin,5.58,0.6599
Maxmin,5.59,0.6599
Maxmin,5.61,0.6557
Maxmin,5.62,0.6557
Maxmin,5.66,0.6536
Maxmin,5.73,0.6495
Maxmin,5.74,0.6474
Maxmin,5.75,0.6474
Maxmin,5.76,0.6474
Maxmin,5.77,0.6474
Maxmin,5.79,0.6474
Maxmin,5.8,0.6474
Maxmin,5.83,0.6464
Maxmin,5.84,0.6464
Maxmin,5.86,0.6464
Maxmin,5.87,0.6464
Maxmin,5.91,0.6464
Maxmin,6.01,0.6464
Maxmin,6.04,0.6464
Maxmin,6.07,0.6464
Maxmin,6.08,0.6443
Maxmin,6.1,0.6443
Maxmin,6.12,0.6432
Maxmin,6.14,0.6432
Maxmin,6.21,0.6432
Maxmin,6.28,0.6474
Maxmin,6.34,0.6474
Maxmin,6.37,0.6474
Maxmin,6.46,0.6474
Maxmin,6.48,0.6474
Maxmin,6.8,0.6474
Maxmin,6.93,0.6474
Maxmin,6.94,0.6474
Maxmin,6.96,0.6474
Maxmin,7.0,0.6474
Maxmin,7.01,0.6453
Maxmin,7.02,0.6432
Maxmin,7.04,0.6391
Maxmin,7.16,0.6391
Maxmin,7.27,0.6391
Maxmin,7.33,0.6391
Maxmin,7.46,0.6391
Maxmin,7.47,0.6391
Maxmin,7.55,0.6391
Maxmin,7.58,0.637
Maxmin,7.7,0.637
Maxmin,9.2,0.637
Maxmin,9.21,0.637
Greedy-DPP,1.03,0.8568
Greedy-DPP,1.04,0.8568
Greedy-DPP,1.05,0.8568
Greedy-DPP,1.06,0.8568
Greedy-DPP,1.07,0.8568
Greedy-DPP,1.08,0.8568
Greedy-DPP,1.09,0.8568
Greedy-DPP,1.1,0.8568
Greedy-DPP,1.11,0.8568
Greedy-DPP,1.13,0.8568
Greedy-DPP,1.14,0.8568
Greedy-DPP,1.15,0.8578
Greedy-DPP,1.18,0.8578
Greedy-DPP,1.19,0.8578
Greedy-DPP,1.2,0.8578
Greedy-DPP,1.21,0.8578
Greedy-DPP,1.22,0.8578
Greedy-DPP,1.23,0.8578
Greedy-DPP,1.24,0.8578
Greedy-DPP,1.25,0.8578
Greedy-DPP,1.26,0.8578
Greedy-DPP,1.27,0.8578
Greedy-DPP,1.28,0.8578
Greedy-DPP,1.29,0.8557
Greedy-DPP,1.3,0.8536
Greedy-DPP,1.31,0.8536
Greedy-DPP,1.32,0.8536
Greedy-DPP,1.33,0.8536
Greedy-DPP,1.34,0.8536
Greedy-DPP,1.35,0.8536
Greedy-DPP,1.36,0.8536
Greedy-DPP,1.37,0.8536
Greedy-DPP,1.38,0.8536
Greedy-DPP,1.39,0.8536
Greedy-DPP,1.4,0.8536
Greedy-DPP,1.41,0.8516
Greedy-DPP,1.42,0.8516
Greedy-DPP,1.43,0.8516
Greedy-DPP,1.44,0.8516
Greedy-DPP,1.45,0.8516
Greedy-DPP,1.46,0.8516
Greedy-DPP,1.47,0.8516
Greedy-DPP,1.48,0.8516
Greedy-DPP,1.49,0.8516
Greedy-DPP,1.5,0.8516
Greedy-DPP,1.51,0.8516
Greedy-DPP,1.52,0.8516
Greedy-DPP,1.53,0.8516
Greedy-DPP,1.54,0.8516
Greedy-DPP,1.55,0.8516
Greedy-DPP,1.56,0.8516
Greedy-DPP,1.57,0.8495
Greedy-DPP,1.58,0.8516
Greedy-DPP,1.6,0.8526
Greedy-DPP,1.61,0.8516
Greedy-DPP,1.62,0.8526
Greedy-DPP,1.63,0.8526
Greedy-DPP,1.64,0.8526
Greedy-DPP,1.65,0.8536
Greedy-DPP,1.66,0.8536
Greedy-DPP,1.67,0.8536
Greedy-DPP,1.68,0.8536
Greedy-DPP,1.69,0.8536
Greedy-DPP,1.7,0.8526
Greedy-DPP,1.71,0.8536
Greedy-DPP,1.72,0.8536
Greedy-DPP,1.73,0.8536
Greedy-DPP,1.75,0.8536
Greedy-DPP,1.76,0.8536
Greedy-DPP,1.78,0.8531
Greedy-DPP,1.79,0.8531
Greedy-DPP,1.8,0.8531
Greedy-DPP,1.81,0.8531
Greedy-DPP,1.82,0.8531
Greedy-DPP,1.85,0.8526
Greedy-DPP,1.87,0.8521
Greedy-DPP,1.88,0.8521
Greedy-DPP,1.89,0.8521
Greedy-DPP,1.91,0.8521
Greedy-DPP,1.93,0.8521
Greedy-DPP,1.94,0.8521
Greedy-DPP,1.95,0.8521
Greedy-DPP,1.96,0.8521
Greedy-DPP,1.99,0.8521
Greedy-DPP,2.0,0.8521
Greedy-DPP,2.01,0.85
Greedy-DPP,2.02,0.85
Greedy-DPP,2.07,0.85
Greedy-DPP,2.08,0.85
Greedy-DPP,2.09,0.8484
Greedy-DPP,2.1,0.8469
Greedy-DPP,2.13,0.8448
Greedy-DPP,2.14,0.8427
Greedy-DPP,2.17,0.8427
Greedy-DPP,2.18,0.8427
Greedy-DPP,2.19,0.8406
Greedy-DPP,2.24,0.8406
Greedy-DPP,2.3,0.8406
Greedy-DPP,2.32,0.8406
Greedy-DPP,2.33,0.8385
Greedy-DPP,2.34,0.8385
Greedy-DPP,2.35,0.8385
Greedy-DPP,2.37,0.8385
Greedy-DPP,2.39,0.8385
Greedy-DPP,2.4,0.8385
Greedy-DPP,2.41,0.8385
Greedy-DPP,2.43,0.8365
Greedy-DPP,2.44,0.8365
Greedy-DPP,2.49,0.8365
Greedy-DPP,2.5,0.8365
Greedy-DPP,2.51,0.8365
Greedy-DPP,2.52,0.8365
Greedy-DPP,2.57,0.8365
Greedy-DPP,2.58,0.8365
Greedy-DPP,2.6,0.8365
Greedy-DPP,2.62,0.8365
Greedy-DPP,2.63,0.8365
Greedy-DPP,2.64,0.8365
Greedy-DPP,2.66,0.8365
Greedy-DPP,2.68,0.8365
Greedy-DPP,2.69,0.8365
Greedy-DPP,2.73,0.8344
Greedy-DPP,2.74,0.8344
Greedy-DPP,2.75,0.8344
Greedy-DPP,2.83,0.8323
Greedy-DPP,2.84,0.8323
Greedy-DPP,2.86,0.8323
Greedy-DPP,2.89,0.8323
Greedy-DPP,2.95,0.8323
Greedy-DPP,2.96,0.8323
Greedy-DPP,2.98,0.8323
Greedy-DPP,3.03,0.8323
Greedy-DPP,3.07,0.8302
Greedy-DPP,3.14,0.8302
Greedy-DPP,3.15,0.8302
Greedy-DPP,3.19,0.8281
Greedy-DPP,3.2,0.8281
Greedy-DPP,3.23,0.8281
Greedy-DPP,3.25,0.8281
Greedy-DPP,3.27,0.8281
Greedy-DPP,3.32,0.8281
Greedy-DPP,3.33,0.826
Greedy-DPP,3.37,0.826
Greedy-DPP,3.39,0.826
Greedy-DPP,3.41,0.826
Greedy-DPP,3.43,0.824
Greedy-DPP,3.45,0.8229
Greedy-DPP,3.52,0.8229
Greedy-DPP,3.56,0.8229
Greedy-DPP,3.59,0.8229
Greedy-DPP,3.6,0.8229
Greedy-DPP,3.61,0.8229
Greedy-DPP,3.66,0.8229
Greedy-DPP,3.67,0.8229
Greedy-DPP,3.69,0.8229
Greedy-DPP,3.7,0.8229
Greedy-DPP,3.72,0.8229
Greedy-DPP,3.73,0.8229
Greedy-DPP,3.76,0.8229
Greedy-DPP,3.79,0.8229
Greedy-DPP,3.8,0.8229
Greedy-DPP,3.85,0.8229
Greedy-DPP,3.87,0.8229
Greedy-DPP,3.88,0.8229
Greedy-DPP,3.91,0.8229
Greedy-DPP,3.93,0.8229
Greedy-DPP,3.95,0.8229
Greedy-DPP,3.96,0.8229
Greedy-DPP,3.97,0.8229
Greedy-DPP,4.01,0.8229
Greedy-DPP,4.02,0.8229
Greedy-DPP,4.05,0.8229
Greedy-DPP,4.08,0.8219
Greedy-DPP,4.1,0.8219
Greedy-DPP,4.11,0.8177
Greedy-DPP,4.12,0.8177
Greedy-DPP,4.13,0.8156
Greedy-DPP,4.15,0.8156
Greedy-DPP,4.2,0.8177
Greedy-DPP,4.24,0.8156
Greedy-DPP,4.25,0.8156
Greedy-DPP,4.26,0.8156
Greedy-DPP,4.29,0.8156
Greedy-DPP,4.3,0.8156
Greedy-DPP,4.33,0.8156
Greedy-DPP,4.34,0.8135
Greedy-DPP,4.35,0.8135
Greedy-DPP,4.37,0.8135
Greedy-DPP,4.38,0.8135
Greedy-DPP,4.42,0.8135
Greedy-DPP,4.43,0.8135
Greedy-DPP,4.45,0.8115
Greedy-DPP,4.47,0.8115
Greedy-DPP,4.5,0.8094
Greedy-DPP,4.51,0.8094
Greedy-DPP,4.54,0.8115
Greedy-DPP,4.55,0.8115
Greedy-DPP,4.58,0.8115
Greedy-DPP,4.59,0.8115
Greedy-DPP,4.6,0.8115
Greedy-DPP,4.62,0.8115
Greedy-DPP,4.63,0.8115
Greedy-DPP,4.64,0.8115
Greedy-DPP,4.65,0.8094
Greedy-DPP,4.66,0.8094
Greedy-DPP,4.67,0.8083
Greedy-DPP,4.68,0.8083
Greedy-DPP,4.71,0.8083
Greedy-DPP,4.72,0.8083
Greedy-DPP,4.76,0.8083
Greedy-DPP,4.77,0.8083
Greedy-DPP,4.78,0.8094
Greedy-DPP,4.79,0.8094
Greedy-DPP,4.86,0.8094
Greedy-DPP,4.88,0.8094
Greedy-DPP,4.89,0.8094
Greedy-DPP,4.92,0.8083
Greedy-DPP,4.95,0.8146
Greedy-DPP,5.0,0.8146
Greedy-DPP,5.02,0.8125
Greedy-DPP,5.03,0.8146
Greedy-DPP,5.05,0.8146
Greedy-DPP,5.06,0.8146
Greedy-DPP,5.08,0.8146
Greedy-DPP,5.16,0.8146
Greedy-DPP,5.18,0.8146
Greedy-DPP,5.21,0.8146
Greedy-DPP,5.22,0.8146
Greedy-DPP,5.23,0.8146
Greedy-DPP,5.28,0.8146
Greedy-DPP,5.29,0.8125
Greedy-DPP,5.3,0.8104
Greedy-DPP,5.32,0.8083
Greedy-DPP,5.34,0.8083
Greedy-DPP,5.41,0.8083
Greedy-DPP,5.46,0.8083
Greedy-DPP,5.53,0.8083
Greedy-DPP,5.54,0.8083
Greedy-DPP,5.55,0.8083
Greedy-DPP,5.58,0.8063
Greedy-DPP,5.59,0.8063
Greedy-DPP,5.61,0.8042
Greedy-DPP,5.62,0.8042
Greedy-DPP,5.66,0.8042
Greedy-DPP,5.73,0.8021
Greedy-DPP,5.74,0.8021
Greedy-DPP,5.75,0.8021
Greedy-DPP,5.76,0.8021
Greedy-DPP,5.77,0.8021
Greedy-DPP,5.79,0.8021
Greedy-DPP,5.8,0.8021
Greedy-DPP,5.83,0.8021
Greedy-DPP,5.84,0.8021
Greedy-DPP,5.86,0.8021
Greedy-DPP,5.87,0.8021
Greedy-DPP,5.91,0.8021
Greedy-DPP,6.01,0.8021
Greedy-DPP,6.04,0.8021
Greedy-DPP,6.07,0.8021
Greedy-DPP,6.08,0.8021
Greedy-DPP,6.1,0.8021
Greedy-DPP,6.12,0.801
Greedy-DPP,6.14,0.801
Greedy-DPP,6.21,0.801
Greedy-DPP,6.28,0.8052
Greedy-DPP,6.34,0.8052
Greedy-DPP,6.37,0.8052
Greedy-DPP,6.46,0.8052
Greedy-DPP,6.48,0.8052
Greedy-DPP,6.8,0.8052
Greedy-DPP,6.93,0.8052
Greedy-DPP,6.94,0.8052
Greedy-DPP,6.96,0.8052
Greedy-DPP,7.0,0.8052
Greedy-DPP,7.01,0.8052
Greedy-DPP,7.02,0.8031
Greedy-DPP,7.04,0.799
Greedy-DPP,7.16,0.799
Greedy-DPP,7.27,0.799
Greedy-DPP,7.33,0.799
Greedy-DPP,7.46,0.799
Greedy-DPP,7.47,0.799
Greedy-DPP,7.55,0.799
Greedy-DPP,7.58,0.799
Greedy-DPP,7.7,0.799
Greedy-DPP,9.2,0.799
Greedy-DPP,9.21,0.799
RNG(-0.3),1.03,0.8568
RNG(-0.3),1.04,0.8568
RNG(-0.3),1.05,0.8568
RNG(-0.3),1.06,0.8568
RNG(-0.3),1.07,0.8568
RNG(-0.3),1.08,0.8568
RNG(-0.3),1.09,0.8568
RNG(-0.3),1.1,0.8568
RNG(-0.3),1.11,0.8568
RNG(-0.3),1.13,0.8568
RNG(-0.3),1.14,0.8568
RNG(-0.3),1.15,0.8578
RNG(-0.3),1.18,0.8578
RNG(-0.3),1.19,0.8578
RNG(-0.3),1.2,0.8578
RNG(-0.3),1.21,0.8578
RNG(-0.3),1.22,0.8578
RNG(-0.3),1.23,0.8578
RNG(-0.3),1.24,0.8578
RNG(-0.3),1.25,0.8578
RNG(-0.3),1.26,0.8578
RNG(-0.3),1.27,0.8578
RNG(-0.3),1.28,0.8578
RNG(-0.3),1.29,0.8578
RNG(-0.3),1.3,0.8578
RNG(-0.3),1.31,0.8578
RNG(-0.3),1.32,0.8578
RNG(-0.3),1.33,0.8578
RNG(-0.3),1.34,0.8578
RNG(-0.3),1.35,0.8578
RNG(-0.3),1.36,0.8578
RNG(-0.3),1.37,0.8578
RNG(-0.3),1.38,0.8578
RNG(-0.3),1.39,0.8578
RNG(-0.3),1.4,0.8578
RNG(-0.3),1.41,0.8568
RNG(-0.3),1.42,0.8568
RNG(-0.3),1.43,0.8568
RNG(-0.3),1.44,0.8557
RNG(-0.3),1.45,0.8557
RNG(-0.3),1.46,0.8557
RNG(-0.3),1.47,0.8557
RNG(-0.3),1.48,0.8557
RNG(-0.3),1.49,0.8557
RNG(-0.3),1.5,0.8557
RNG(-0.3),1.51,0.8557
RNG(-0.3),1.52,0.8557
RNG(-0.3),1.53,0.8557
RNG(-0.3),1.54,0.8557
RNG(-0.3),1.55,0.8557
RNG(-0.3),1.56,0.8557
RNG(-0.3),1.57,0.8557
RNG(-0.3),1.58,0.8557
RNG(-0.3),1.6,0.8557
RNG(-0.3),1.61,0.8557
RNG(-0.3),1.62,0.8557
RNG(-0.3),1.63,0.8557
RNG(-0.3),1.64,0.8557
RNG(-0.3),1.65,0.8568
RNG(-0.3),1.66,0.8568
RNG(-0.3),1.67,0.8547
RNG(-0.3),1.68,0.8547
RNG(-0.3),1.69,0.8547
RNG(-0.3),1.7,0.8547
RNG(-0.3),1.71,0.8547
RNG(-0.3),1.72,0.8547
RNG(-0.3),1.73,0.8547
RNG(-0.3),1.75,0.8547
RNG(-0.3),1.76,0.8547
RNG(-0.3),1.78,0.8547
RNG(-0.3),1.79,0.8547
RNG(-0.3),1.8,0.8547
RNG(-0.3),1.81,0.8547
RNG(-0.3),1.82,0.8547
RNG(-0.3),1.85,0.8547
RNG(-0.3),1.87,0.8547
RNG(-0.3),1.88,0.8547
RNG(-0.3),1.89,0.8547
RNG(-0.3),1.91,0.8547
RNG(-0.3),1.93,0.8547
RNG(-0.3),1.94,0.8547
RNG(-0.3),1.95,0.8547
RNG(-0.3),1.96,0.8547
RNG(-0.3),1.99,0.8547
RNG(-0.3),2.0,0.8547
RNG(-0.3),2.01,0.8526
RNG(-0.3),2.02,0.8526
RNG(-0.3),2.07,0.8526
RNG(-0.3),2.08,0.8526
RNG(-0.3),2.09,0.8526
RNG(-0.3),2.1,0.8526
RNG(-0.3),2.13,0.8526
RNG(-0.3),2.14,0.8505
RNG(-0.3),2.17,0.8505
RNG(-0.3),2.18,0.8505
RNG(-0.3),2.19,0.8484
RNG(-0.3),2.24,0.8484
RNG(-0.3),2.3,0.8484
RNG(-0.3),2.32,0.8484
RNG(-0.3),2.33,0.8484
RNG(-0.3),2.34,0.8484
RNG(-0.3),2.35,0.8484
RNG(-0.3),2.37,0.8484
RNG(-0.3),2.39,0.8484
RNG(-0.3),2.4,0.8484
RNG(-0.3),2.41,0.8484
RNG(-0.3),2.43,0.8464
RNG(-0.3),2.44,0.8464
RNG(-0.3),2.49,0.8464
RNG(-0.3),2.5,0.8464
RNG(-0.3),2.51,0.8464
RNG(-0.3),2.52,0.8464
RNG(-0.3),2.57,0.8464
RNG(-0.3),2.58,0.8464
RNG(-0.3),2.6,0.8464
RNG(-0.3),2.62,0.8464
RNG(-0.3),2.63,0.8464
RNG(-0.3),2.64,0.8464
RNG(-0.3),2.66,0.8464
RNG(-0.3),2.68,0.8464
RNG(-0.3),2.69,0.8464
RNG(-0.3),2.73,0.8464
RNG(-0.3),2.74,0.8464
RNG(-0.3),2.75,0.8464
RNG(-0.3),2.83,0.8443
RNG(-0.3),2.84,0.8443
RNG(-0.3),2.86,0.8443
RNG(-0.3),2.89,0.8443
RNG(-0.3),2.95,0.8443
RNG(-0.3),2.96,0.8443
RNG(-0.3),2.98,0.8443
RNG(-0.3),3.03,0.8443
RNG(-0.3),3.07,0.8443
RNG(-0.3),3.14,0.8443
RNG(-0.3),3.15,0.8443
RNG(-0.3),3.19,0.8443
RNG(-0.3),3.2,0.8443
RNG(-0.3),3.23,0.8443
RNG(-0.3),3.25,0.8443
RNG(-0.3),3.27,0.8443
RNG(-0.3),3.32,0.8443
RNG(-0.3),3.33,0.8443
RNG(-0.3),3.37,0.8443
RNG(-0.3),3.39,0.8443
RNG(-0.3),3.41,0.8443
RNG(-0.3),3.43,0.8422
RNG(-0.3),3.45,0.8422
RNG(-0.3),3.52,0.8422
RNG(-0.3),3.56,0.8422
RNG(-0.3),3.59,0.8422
RNG(-0.3),3.6,0.8422
RNG(-0.3),3.61,0.8422
RNG(-0.3),3.66,0.8422
RNG(-0.3),3.67,0.8422
RNG(-0.3),3.69,0.8422
RNG(-0.3),3.7,0.8422
RNG(-0.3),3.72,0.8422
RNG(-0.3),3.73,0.8422
RNG(-0.3),3.76,0.8422
RNG(-0.3),3.79,0.8422
RNG(-0.3),3.8,0.8422
RNG(-0.3),3.85,0.8422
RNG(-0.3),3.87,0.8422
RNG(-0.3),3.88,0.8422
RNG(-0.3),3.91,0.8422
RNG(-0.3),3.93,0.8422
RNG(-0.3),3.95,0.8422
RNG(-0.3),3.96,0.8422
RNG(-0.3),3.97,0.8422
RNG(-0.3),4.01,0.8422
RNG(-0.3),4.02,0.8422
RNG(-0.3),4.05,0.8422
RNG(-0.3),4.08,0.8422
RNG(-0.3),4.1,0.8422
RNG(-0.3),4.11,0.8422
RNG(-0.3),4.12,0.8422
RNG(-0.3),4.13,0.8422
RNG(-0.3),4.15,0.8422
RNG(-0.3),4.2,0.8422
RNG(-0.3),4.24,0.8401
RNG(-0.3),4.25,0.8401
RNG(-0.3),4.26,0.8401
RNG(-0.3),4.29,0.8401
RNG(-0.3),4.3,0.8401
RNG(-0.3),4.33,0.8401
RNG(-0.3),4.34,0.838
RNG(-0.3),4.35,0.838
RNG(-0.3),4.37,0.838
RNG(-0.3),4.38,0.838
RNG(-0.3),4.42,0.838
RNG(-0.3),4.43,0.838
RNG(-0.3),4.45,0.838
RNG(-0.3),4.47,0.838
RNG(-0.3),4.5,0.838
RNG(-0.3),4.51,0.838
RNG(-0.3),4.54,0.838
RNG(-0.3),4.55,0.838
RNG(-0.3),4.58,0.838
RNG(-0.3),4.59,0.838
RNG(-0.3),4.6,0.838
RNG(-0.3),4.62,0.838
RNG(-0.3),4.63,0.838
RNG(-0.3),4.64,0.838
RNG(-0.3),4.65,0.838
RNG(-0.3),4.66,0.838
RNG(-0.3),4.67,0.838
RNG(-0.3),4.68,0.838
RNG(-0.3),4.71,0.838
RNG(-0.3),4.72,0.838
RNG(-0.3),4.76,0.838
RNG(-0.3),4.77,0.838
RNG(-0.3),4.78,0.838
RNG(-0.3),4.79,0.838
RNG(-0.3),4.86,0.838
RNG(-0.3),4.88,0.838
RNG(-0.3),4.89,0.838
RNG(-0.3),4.92,0.837
RNG(-0.3),4.95,0.837
RNG(-0.3),5.0,0.837
RNG(-0.3),5.02,0.837
RNG(-0.3),5.03,0.837
RNG(-0.3),5.05,0.837
RNG(-0.3),5.06,0.837
RNG(-0.3),5.08,0.837
RNG(-0.3),5.16,0.837
RNG(-0.3),5.18,0.837
RNG(-0.3),5.21,0.837
RNG(-0.3),5.22,0.837
RNG(-0.3),5.23,0.837
RNG(-0.3),5.28,0.837
RNG(-0.3),5.29,0.837
RNG(-0.3),5.3,0.837
RNG(-0.3),5.32,0.837
RNG(-0.3),5.34,0.837
RNG(-0.3),5.41,0.837
RNG(-0.3),5.46,0.837
RNG(-0.3),5.53,0.837
RNG(-0.3),5.54,0.837
RNG(-0.3),5.55,0.837
RNG(-0.3),5.58,0.8349
RNG(-0.3),5.59,0.8349
RNG(-0.3),5.61,0.8349
RNG(-0.3),5.62,0.8349
RNG(-0.3),5.66,0.8349
RNG(-0.3),5.73,0.8328
RNG(-0.3),5.74,0.8328
RNG(-0.3),5.75,0.8328
RNG(-0.3),5.76,0.8328
RNG(-0.3),5.77,0.8328
RNG(-0.3),5.79,0.8328
RNG(-0.3),5.8,0.8328
RNG(-0.3),5.83,0.8328
RNG(-0.3),5.84,0.8328
RNG(-0.3),5.86,0.8328
RNG(-0.3),5.87,0.8328
RNG(-0.3),5.91,0.8328
RNG(-0.3),6.01,0.8328
RNG(-0.3),6.04,0.8328
RNG(-0.3),6.07,0.8328
RNG(-0.3),6.08,0.8328
RNG(-0.3),6.1,0.8328
RNG(-0.3),6.12,0.8328
RNG(-0.3),6.14,0.8328
RNG(-0.3),6.21,0.8328
RNG(-0.3),6.28,0.8328
RNG(-0.3),6.34,0.8328
RNG(-0.3),6.37,0.8328
RNG(-0.3),6.46,0.8328
RNG(-0.3),6.48,0.8328
RNG(-0.3),6.8,0.8328
RNG(-0.3),6.93,0.8328
RNG(-0.3),6.94,0.8328
RNG(-0.3),6.96,0.8328
RNG(-0.3),7.0,0.8328
RNG(-0.3),7.01,0.8328
RNG(-0.3),7.02,0.8307
RNG(-0.3),7.04,0.8307
RNG(-0.3),7.16,0.8307
RNG(-0.3),7.27,0.8307
RNG(-0.3),7.33,0.8307
RNG(-0.3),7.46,0.8307
RNG(-0.3),7.47,0.8307
RNG(-0.3),7.55,0.8307
RNG(-0.3),7.58,0.8286
RNG(-0.3),7.7,0.8286
RNG(-0.3),9.2,0.8286
RNG(-0.3),9.21,0.8286
Seg(-0.3),1.03,0.8568
Seg(-0.3),1.04,0.8568
Seg(-0.3),1.05,0.8568
Seg(-0.3),1.06,0.8568
Seg(-0.3),1.07,0.8568
Seg(-0.3),1.08,0.8568
Seg(-0.3),1.09,0.8568
Seg(-0.3),1.1,0.8568
Seg(-0.3),1.11,0.8568
Seg(-0.3),1.13,0.8568
Seg(-0.3),1.14,0.8568
Seg(-0.3),1.15,0.8578
Seg(-0.3),1.18,0.8578
Seg(-0.3),1.19,0.8578
Seg(-0.3),1.2,0.8578
Seg(-0.3),1.21,0.8578
Seg(-0.3),1.22,0.8578
Seg(-0.3),1.23,0.8578
Seg(-0.3),1.24,0.8578
Seg(-0.3),1.25,0.8578
Seg(-0.3),1.26,0.8578
Seg(-0.3),1.27,0.8578
Seg(-0.3),1.28,0.8578
Seg(-0.3),1.29,0.8578
Seg(-0.3),1.3,0.8578
Seg(-0.3),1.31,0.8578
Seg(-0.3),1.32,0.8578
Seg(-0.3),1.33,0.8578
Seg(-0.3),1.34,0.8578
Seg(-0.3),1.35,0.8578
Seg(-0.3),1.36,0.8578
Seg(-0.3),1.37,0.8578
Seg(-0.3),1.38,0.8578
Seg(-0.3),1.39,0.8578
Seg(-0.3),1.4,0.8578
Seg(-0.3),1.41,0.8568
Seg(-0.3),1.42,0.8568
Seg(-0.3),1.43,0.8568
Seg(-0.3),1.44,0.8557
Seg(-0.3),1.45,0.8557
Seg(-0.3),1.46,0.8557
Seg(-0.3),1.47,0.8557
Seg(-0.3),1.48,0.8557
Seg(-0.3),1.49,0.8557
Seg(-0.3),1.5,0.8557
Seg(-0.3),1.51,0.8557
Seg(-0.3),1.52,0.8557
Seg(-0.3),1.53,0.8557
Seg(-0.3),1.54,0.8557
Seg(-0.3),1.55,0.8557
Seg(-0.3),1.56,0.8557
Seg(-0.3),1.57,0.8536
Seg(-0.3),1.58,0.8536
Seg(-0.3),1.6,0.8536
Seg(-0.3),1.61,0.8536
Seg(-0.3),1.62,0.8536
Seg(-0.3),1.63,0.8536
Seg(-0.3),1.64,0.8536
Seg(-0.3),1.65,0.8547
Seg(-0.3),1.66,0.8547
Seg(-0.3),1.67,0.8526
Seg(-0.3),1.68,0.8526
Seg(-0.3),1.69,0.8526
Seg(-0.3),1.7,0.8516
Seg(-0.3),1.71,0.8526
Seg(-0.3),1.72,0.8526
Seg(-0.3),1.73,0.8526
Seg(-0.3),1.75,0.8526
Seg(-0.3),1.76,0.8526
Seg(-0.3),1.78,0.8526
Seg(-0.3),1.79,0.8526
Seg(-0.3),1.8,0.8526
Seg(-0.3),1.81,0.8526
Seg(-0.3),1.82,0.8526
Seg(-0.3),1.85,0.8526
Seg(-0.3),1.87,0.8526
Seg(-0.3),1.88,0.8526
Seg(-0.3),1.89,0.8526
Seg(-0.3),1.91,0.8526
Seg(-0.3),1.93,0.8526
Seg(-0.3),1.94,0.8526
Seg(-0.3),1.95,0.8526
Seg(-0.3),1.96,0.8526
Seg(-0.3),1.99,0.8526
Seg(-0.3),2.0,0.8526
Seg(-0.3),2.01,0.8505
Seg(-0.3),2.02,0.8505
Seg(-0.3),2.07,0.8505
Seg(-0.3),2.08,0.8505
Seg(-0.3),2.09,0.8505
Seg(-0.3),2.1,0.8505
Seg(-0.3),2.13,0.8505
Seg(-0.3),2.14,0.8484
Seg(-0.3),2.17,0.8484
Seg(-0.3),2.18,0.8484
Seg(-0.3),2.19,0.8464
Seg(-0.3),2.24,0.8464
Seg(-0.3),2.3,0.8464
Seg(-0.3),2.32,0.8464
Seg(-0.3),2.33,0.8464
Seg(-0.3),2.34,0.8464
Seg(-0.3),2.35,0.8464
Seg(-0.3),2.37,0.8464
Seg(-0.3),2.39,0.8464
Seg(-0.3),2.4,0.8464
Seg(-0.3),2.41,0.8464
Seg(-0.3),2.43,0.8443
Seg(-0.3),2.44,0.8443
Seg(-0.3),2.49,0.8443
Seg(-0.3),2.5,0.8443
Seg(-0.3),2.51,0.8443
Seg(-0.3),2.52,0.8443
Seg(-0.3),2.57,0.8443
Seg(-0.3),2.58,0.8443
Seg(-0.3),2.6,0.8443
Seg(-0.3),2.62,0.8443
Seg(-0.3),2.63,0.8443
Seg(-0.3),2.64,0.8443
Seg(-0.3),2.66,0.8443
Seg(-0.3),2.68,0.8443
Seg(-0.3),2.69,0.8443
Seg(-0.3),2.73,0.8422
Seg(-0.3),2.74,0.8422
Seg(-0.3),2.75,0.8422
Seg(-0.3),2.83,0.8401
Seg(-0.3),2.84,0.8401
Seg(-0.3),2.86,0.8401
Seg(-0.3),2.89,0.8401
Seg(-0.3),2.95,0.8401
Seg(-0.3),2.96,0.8401
Seg(-0.3),2.98,0.8401
Seg(-0.3),3.03,0.8401
Seg(-0.3),3.07,0.8401
Seg(-0.3),3.14,0.8401
Seg(-0.3),3.15,0.8401
Seg(-0.3),3.19,0.8401
Seg(-0.3),3.2,0.8401
Seg(-0.3),3.23,0.8401
Seg(-0.3),3.25,0.8401
Seg(-0.3),3.27,0.8401
Seg(-0.3),3.32,0.8401
Seg(-0.3),3.33,0.8401
Seg(-0.3),3.37,0.8401
Seg(-0.3),3.39,0.8401
Seg(-0.3),3.41,0.8401
Seg(-0.3),3.43,0.838
Seg(-0.3),3.45,0.838
Seg(-0.3),3.52,0.838
Seg(-0.3),3.56,0.838
Seg(-0.3),3.59,0.838
Seg(-0.3),3.6,0.838
Seg(-0.3),3.61,0.838
Seg(-0.3),3.66,0.838
Seg(-0.3),3.67,0.838
Seg(-0.3),3.69,0.838
Seg(-0.3),3.7,0.838
Seg(-0.3),3.72,0.838
Seg(-0.3),3.73,0.838
Seg(-0.3),3.76,0.838
Seg(-0.3),3.79,0.838
Seg(-0.3),3.8,0.838
Seg(-0.3),3.85,0.838
Seg(-0.3),3.87,0.838
Seg(-0.3),3.88,0.838
Seg(-0.3),3.91,0.838
Seg(-0.3),3.93,0.838
Seg(-0.3),3.95,0.838
Seg(-0.3),3.96,0.838
Seg(-0.3),3.97,0.838
Seg(-0.3),4.01,0.838
Seg(-0.3),4.02,0.838
Seg(-0.3),4.05,0.838
Seg(-0.3),4.08,0.838
Seg(-0.3),4.1,0.838
Seg(-0.3),4.11,0.838
Seg(-0.3),4.12,0.838
Seg(-0.3),4.13,0.838
Seg(-0.3),4.15,0.838
Seg(-0.3),4.2,0.838
Seg(-0.3),4.24,0.8359
Seg(-0.3),4.25,0.8359
Seg(-0.3),4.26,0.8359
Seg(-0.3),4.29,0.8359
Seg(-0.3),4.3,0.8359
Seg(-0.3),4.33,0.8359
Seg(-0.3),4.34,0.8339
Seg(-0.3),4.35,0.8339
Seg(-0.3),4.37,0.8339
Seg(-0.3),4.38,0.8339
Seg(-0.3),4.42,0.8339
Seg(-0.3),4.43,0.8339
Seg(-0.3),4.45,0.8339
Seg(-0.3),4.47,0.8339
Seg(-0.3),4.5,0.8318
Seg(-0.3),4.51,0.8318
Seg(-0.3),4.54,0.8318
Seg(-0.3),4.55,0.8318
Seg(-0.3),4.58,0.8318
Seg(-0.3),4.59,0.8318
Seg(-0.3),4.6,0.8318
Seg(-0.3),4.62,0.8318
Seg(-0.3),4.63,0.8318
Seg(-0.3),4.64,0.8318
Seg(-0.3),4.65,0.8318
Seg(-0.3),4.66,0.8318
Seg(-0.3),4.67,0.8318
Seg(-0.3),4.68,0.8318
Seg(-0.3),4.71,0.8318
Seg(-0.3),4.72,0.8318
Seg(-0.3),4.76,0.8318
Seg(-0.3),4.77,0.8318
Seg(-0.3),4.78,0.8318
Seg(-0.3),4.79,0.8318
Seg(-0.3),4.86,0.8318
Seg(-0.3),4.88,0.8318
Seg(-0.3),4.89,0.8318
Seg(-0.3),4.92,0.8307
Seg(-0.3),4.95,0.8307
Seg(-0.3),5.0,0.8307
Seg(-0.3),5.02,0.8307
Seg(-0.3),5.03,0.8307
Seg(-0.3),5.05,0.8307
Seg(-0.3),5.06,0.8307
Seg(-0.3),5.08,0.8307
Seg(-0.3),5.16,0.8307
Seg(-0.3),5.18,0.8307
Seg(-0.3),5.21,0.8307
Seg(-0.3),5.22,0.8307
Seg(-0.3),5.23,0.8307
Seg(-0.3),5.28,0.8307
Seg(-0.3),5.29,0.8307
Seg(-0.3),5.3,0.8307
Seg(-0.3),5.32,0.8307
Seg(-0.3),5.34,0.8307
Seg(-0.3),5.41,0.8307
Seg(-0.3),5.46,0.8307
Seg(-0.3),5.53,0.8307
Seg(-0.3),5.54,0.8307
Seg(-0.3),5.55,0.8307
Seg(-0.3),5.58,0.8286
Seg(-0.3),5.59,0.8286
Seg(-0.3),5.61,0.8266
Seg(-0.3),5.62,0.8266
Seg(-0.3),5.66,0.8266
Seg(-0.3),5.73,0.8245
Seg(-0.3),5.74,0.8245
Seg(-0.3),5.75,0.8245
Seg(-0.3),5.76,0.8245
Seg(-0.3),5.77,0.8245
Seg(-0.3),5.79,0.8245
Seg(-0.3),5.8,0.8245
Seg(-0.3),5.83,0.8245
Seg(-0.3),5.84,0.8245
Seg(-0.3),5.86,0.8245
Seg(-0.3),5.87,0.8245
Seg(-0.3),5.91,0.8245
Seg(-0.3),6.01,0.8245
Seg(-0.3),6.04,0.8245
Seg(-0.3),6.07,0.8245
Seg(-0.3),6.08,0.8245
Seg(-0.3),6.1,0.8245
Seg(-0.3),6.12,0.8234
Seg(-0.3),6.14,0.8234
Seg(-0.3),6.21,0.8234
Seg(-0.3),6.28,0.8234
Seg(-0.3),6.34,0.8234
Seg(-0.3),6.37,0.8234
Seg(-0.3),6.46,0.8234
Seg(-0.3),6.48,0.8234
Seg(-0.3),6.8,0.8234
Seg(-0.3),6.93,0.8234
Seg(-0.3),6.94,0.8234
Seg(-0.3),6.96,0.8234
Seg(-0.3),7.0,0.8234
Seg(-0.3),7.01,0.8234
Seg(-0.3),7.02,0.8214
Seg(-0.3),7.04,0.8193
Seg(-0.3),7.16,0.8193
Seg(-0.3),7.27,0.8193
Seg(-0.3),7.33,0.8193
Seg(-0.3),7.46,0.8193
Seg(-0.3),7.47,0.8193
Seg(-0.3),7.55,0.8193
Seg(-0.3),7.58,0.8172
Seg(-0.3),7.7,0.8172
Seg(-0.3),9.2,0.8172
Seg(-0.3),9.21,0.8172
RNG(-0.2),1.03,0.8568
RNG(-0.2),1.04,0.8568
RNG(-0.2),1.05,0.8568
RNG(-0.2),1.06,0.8568
RNG(-0.2),1.07,0.8568
RNG(-0.2),1.08,0.8568
RNG(-0.2),1.09,0.8568
RNG(-0.2),1.1,0.8568
RNG(-0.2),1.11,0.8568
RNG(-0.2),1.13,0.8568
RNG(-0.2),1.14,0.8568
RNG(-0.2),1.15,0.8578
RNG(-0.2),1.18,0.8578
RNG(-0.2),1.19,0.8578
RNG(-0.2),1.2,0.8578
RNG(-0.2),1.21,0.8578
RNG(-0.2),1.22,0.8578
RNG(-0.2),1.23,0.8578
RNG(-0.2),1.24,0.8578
RNG(-0.2),1.25,0.8578
RNG(-0.2),1.26,0.8578
RNG(-0.2),1.27,0.8578
RNG(-0.2),1.28,0.8578
RNG(-0.2),1.29,0.8578
RNG(-0.2),1.3,0.8578
RNG(-0.2),1.31,0.8578
RNG(-0.2),1.32,0.8578
RNG(-0.2),1.33,0.8578
RNG(-0.2),1.34,0.8578
RNG(-0.2),1.35,0.8578
RNG(-0.2),1.36,0.8578
RNG(-0.2),1.37,0.8578
RNG(-0.2),1.38,0.8578
RNG(-0.2),1.39,0.8578
RNG(-0.2),1.4,0.8578
RNG(-0.2),1.41,0.8557
RNG(-0.2),1.42,0.8557
RNG(-0.2),1.43,0.8557
RNG(-0.2),1.44,0.8547
RNG(-0.2),1.45,0.8547
RNG(-0.2),1.46,0.8547
RNG(-0.2),1.47,0.8547
RNG(-0.2),1.48,0.8547
RNG(-0.2),1.49,0.8547
RNG(-0.2),1.5,0.8547
RNG(-0.2),1.51,0.8547
RNG(-0.2),1.52,0.8547
RNG(-0.2),1.53,0.8547
RNG(-0.2),1.54,0.8547
RNG(-0.2),1.55,0.8547
RNG(-0.2),1.56,0.8547
RNG(-0.2),1.57,0.8526
RNG(-0.2),1.58,0.8536
RNG(-0.2),1.6,0.8547
RNG(-0.2),1.61,0.8536
RNG(-0.2),1.62,0.8547
RNG(-0.2),1.63,0.8547
RNG(-0.2),1.64,0.8547
RNG(-0.2),1.65,0.8557
RNG(-0.2),1.66,0.8557
RNG(-0.2),1.67,0.8557
RNG(-0.2),1.68,0.8557
RNG(-0.2),1.69,0.8557
RNG(-0.2),1.7,0.8547
RNG(-0.2),1.71,0.8557
RNG(-0.2),1.72,0.8557
RNG(-0.2),1.73,0.8557
RNG(-0.2),1.75,0.8557
RNG(-0.2),1.76,0.8557
RNG(-0.2),1.78,0.8557
RNG(-0.2),1.79,0.8557
RNG(-0.2),1.8,0.8557
RNG(-0.2),1.81,0.8557
RNG(-0.2),1.82,0.8557
RNG(-0.2),1.85,0.8557
RNG(-0.2),1.87,0.8557
RNG(-0.2),1.88,0.8557
RNG(-0.2),1.89,0.8557
RNG(-0.2),1.91,0.8557
RNG(-0.2),1.93,0.8557
RNG(-0.2),1.94,0.8557
RNG(-0.2),1.95,0.8557
RNG(-0.2),1.96,0.8557
RNG(-0.2),1.99,0.8557
RNG(-0.2),2.0,0.8557
RNG(-0.2),2.01,0.8536
RNG(-0.2),2.02,0.8536
RNG(-0.2),2.07,0.8536
RNG(-0.2),2.08,0.8536
RNG(-0.2),2.09,0.8536
RNG(-0.2),2.1,0.8536
RNG(-0.2),2.13,0.8536
RNG(-0.2),2.14,0.8516
RNG(-0.2),2.17,0.8516
RNG(-0.2),2.18,0.8516
RNG(-0.2),2.19,0.8495
RNG(-0.2),2.24,0.8495
RNG(-0.2),2.3,0.8495
RNG(-0.2),2.32,0.8495
RNG(-0.2),2.33,0.8495
RNG(-0.2),2.34,0.8495
RNG(-0.2),2.35,0.8495
RNG(-0.2),2.37,0.8495
RNG(-0.2),2.39,0.8495
RNG(-0.2),2.4,0.8495
RNG(-0.2),2.41,0.8495
RNG(-0.2),2.43,0.8474
RNG(-0.2),2.44,0.8474
RNG(-0.2),2.49,0.8474
RNG(-0.2),2.5,0.8474
RNG(-0.2),2.51,0.8474
RNG(-0.2),2.52,0.8474
RNG(-0.2),2.57,0.8474
RNG(-0.2),2.58,0.8474
RNG(-0.2),2.6,0.8474
RNG(-0.2),2.62,0.8474
RNG(-0.2),2.63,0.8474
RNG(-0.2),2.64,0.8474
RNG(-0.2),2.66,0.8474
RNG(-0.2),2.68,0.8474
RNG(-0.2),2.69,0.8474
RNG(-0.2),2.73,0.8453
RNG(-0.2),2.74,0.8453
RNG(-0.2),2.75,0.8453
RNG(-0.2),2.83,0.8432
RNG(-0.2),2.84,0.8432
RNG(-0.2),2.86,0.8432
RNG(-0.2),2.89,0.8432
RNG(-0.2),2.95,0.8432
RNG(-0.2),2.96,0.8432
RNG(-0.2),2.98,0.8432
RNG(-0.2),3.03,0.8432
RNG(-0.2),3.07,0.8432
RNG(-0.2),3.14,0.8432
RNG(-0.2),3.15,0.8432
RNG(-0.2),3.19,0.8432
RNG(-0.2),3.2,0.8432
RNG(-0.2),3.23,0.8432
RNG(-0.2),3.25,0.8432
RNG(-0.2),3.27,0.8432
RNG(-0.2),3.32,0.8432
RNG(-0.2),3.33,0.8432
RNG(-0.2),3.37,0.8432
RNG(-0.2),3.39,0.8432
RNG(-0.2),3.41,0.8432
RNG(-0.2),3.43,0.8411
RNG(-0.2),3.45,0.8411
RNG(-0.2),3.52,0.8411
RNG(-0.2),3.56,0.8411
RNG(-0.2),3.59,0.8411
RNG(-0.2),3.6,0.8411
RNG(-0.2),3.61,0.8411
RNG(-0.2),3.66,0.8411
RNG(-0.2),3.67,0.8411
RNG(-0.2),3.69,0.8411
RNG(-0.2),3.7,0.8411
RNG(-0.2),3.72,0.8411
RNG(-0.2),3.73,0.8411
RNG(-0.2),3.76,0.8411
RNG(-0.2),3.79,0.8411
RNG(-0.2),3.8,0.8411
RNG(-0.2),3.85,0.8411
RNG(-0.2),3.87,0.8411
RNG(-0.2),3.88,0.8411
RNG(-0.2),3.91,0.8411
RNG(-0.2),3.93,0.8411
RNG(-0.2),3.95,0.8411
RNG(-0.2),3.96,0.8411
RNG(-0.2),3.97,0.8411
RNG(-0.2),4.01,0.8411
RNG(-0.2),4.02,0.8411
RNG(-0.2),4.05,0.8411
RNG(-0.2),4.08,0.8411
RNG(-0.2),4.1,0.8411
RNG(-0.2),4.11,0.8411
RNG(-0.2),4.12,0.8411
RNG(-0.2),4.13,0.8391
RNG(-0.2),4.15,0.8391
RNG(-0.2),4.2,0.8391
RNG(-0.2),4.24,0.837
RNG(-0.2),4.25,0.837
RNG(-0.2),4.26,0.837
RNG(-0.2),4.29,0.837
RNG(-0.2),4.3,0.837
RNG(-0.2),4.33,0.837
RNG(-0.2),4.34,0.8349
RNG(-0.2),4.35,0.8349
RNG(-0.2),4.37,0.8349
RNG(-0.2),4.38,0.8349
RNG(-0.2),4.42,0.8349
RNG(-0.2),4.43,0.8349
RNG(-0.2),4.45,0.8349
RNG(-0.2),4.47,0.8349
RNG(-0.2),4.5,0.8328
RNG(-0.2),4.51,0.8328
RNG(-0.2),4.54,0.8328
RNG(-0.2),4.55,0.8328
RNG(-0.2),4.58,0.8328
RNG(-0.2),4.59,0.8328
RNG(-0.2),4.6,0.8328
RNG(-0.2),4.62,0.8328
RNG(-0.2),4.63,0.8328
RNG(-0.2),4.64,0.8328
RNG(-0.2),4.65,0.8328
RNG(-0.2),4.66,0.8328
RNG(-0.2),4.67,0.8328
RNG(-0.2),4.68,0.8328
RNG(-0.2),4.71,0.8328
RNG(-0.2),4.72,0.8328
RNG(-0.2),4.76,0.8328
RNG(-0.2),4.77,0.8328
RNG(-0.2),4.78,0.8328
RNG(-0.2),4.79,0.8328
RNG(-0.2),4.86,0.8328
RNG(-0.2),4.88,0.8328
RNG(-0.2),4.89,0.8328
RNG(-0.2),4.92,0.8318
RNG(-0.2),4.95,0.8318
RNG(-0.2),5.0,0.8318
RNG(-0.2),5.02,0.8318
RNG(-0.2),5.03,0.8318
RNG(-0.2),5.05,0.8318
RNG(-0.2),5.06,0.8318
RNG(-0.2),5.08,0.8318
RNG(-0.2),5.16,0.8318
RNG(-0.2),5.18,0.8318
RNG(-0.2),5.21,0.8318
RNG(-0.2),5.22,0.8318
RNG(-0.2),5.23,0.8318
RNG(-0.2),5.28,0.8318
RNG(-0.2),5.29,0.8297
RNG(-0.2),5.3,0.8276
RNG(-0.2),5.32,0.8255
RNG(-0.2),5.34,0.8255
RNG(-0.2),5.41,0.8234
RNG(-0.2),5.46,0.8234
RNG(-0.2),5.53,0.8234
RNG(-0.2),5.54,0.8234
RNG(-0.2),5.55,0.8234
RNG(-0.2),5.58,0.8214
RNG(-0.2),5.59,0.8214
RNG(-0.2),5.61,0.8193
RNG(-0.2),5.62,0.8193
RNG(-0.2),5.66,0.8193
RNG(-0.2),5.73,0.8172
RNG(-0.2),5.74,0.8172
RNG(-0.2),5.75,0.8172
RNG(-0.2),5.76,0.8172
RNG(-0.2),5.77,0.8172
RNG(-0.2),5.79,0.8172
RNG(-0.2),5.8,0.8172
RNG(-0.2),5.83,0.8172
RNG(-0.2),5.84,0.8172
RNG(-0.2),5.86,0.8172
RNG(-0.2),5.87,0.8172
RNG(-0.2),5.91,0.8172
RNG(-0.2),6.01,0.8172
RNG(-0.2),6.04,0.8172
RNG(-0.2),6.07,0.8172
RNG(-0.2),6.08,0.8172
RNG(-0.2),6.1,0.8172
RNG(-0.2),6.12,0.8161
RNG(-0.2),6.14,0.8161
RNG(-0.2),6.21,0.8161
RNG(-0.2),6.28,0.8182
RNG(-0.2),6.34,0.8182
RNG(-0.2),6.37,0.8182
RNG(-0.2),6.46,0.8182
RNG(-0.2),6.48,0.8182
RNG(-0.2),6.8,0.8182
RNG(-0.2),6.93,0.8182
RNG(-0.2),6.94,0.8182
RNG(-0.2),6.96,0.8182
RNG(-0.2),7.0,0.8182
RNG(-0.2),7.01,0.8161
RNG(-0.2),7.02,0.8141
RNG(-0.2),7.04,0.8099
RNG(-0.2),7.16,0.8099
RNG(-0.2),7.27,0.8099
RNG(-0.2),7.33,0.8099
RNG(-0.2),7.46,0.8099
RNG(-0.2),7.47,0.8099
RNG(-0.2),7.55,0.8099
RNG(-0.2),7.58,0.8078
RNG(-0.2),7.7,0.8078
RNG(-0.2),9.2,0.8078
RNG(-0.2),9.21,0.8078
Seg(-0.2),1.03,0.8568
Seg(-0.2),1.04,0.8568
Seg(-0.2),1.05,0.8568
Seg(-0.2),1.06,0.8568
Seg(-0.2),1.07,0.8568
Seg(-0.2),1.08,0.8568
Seg(-0.2),1.09,0.8568
Seg(-0.2),1.1,0.8568
Seg(-0.2),1.11,0.8568
Seg(-0.2),1.13,0.8568
Seg(-0.2),1.14,0.8568
Seg(-0.2),1.15,0.8578
Seg(-0.2),1.18,0.8578
Seg(-0.2),1.19,0.8578
Seg(-0.2),1.2,0.8578
Seg(-0.2),1.21,0.8578
Seg(-0.2),1.22,0.8578
Seg(-0.2),1.23,0.8578
Seg(-0.2),1.24,0.8578
Seg(-0.2),1.25,0.8578
Seg(-0.2),1.26,0.8578
Seg(-0.2),1.27,0.8578
Seg(-0.2),1.28,0.8578
Seg(-0.2),1.29,0.8578
Seg(-0.2),1.3,0.8578
Seg(-0.2),1.31,0.8578
Seg(-0.2),1.32,0.8578
Seg(-0.2),1.33,0.8578
Seg(-0.2),1.34,0.8578
Seg(-0.2),1.35,0.8578
Seg(-0.2),1.36,0.8578
Seg(-0.2),1.37,0.8578
Seg(-0.2),1.38,0.8578
Seg(-0.2),1.39,0.8578
Seg(-0.2),1.4,0.8578
Seg(-0.2),1.41,0.8557
Seg(-0.2),1.42,0.8557
Seg(-0.2),1.43,0.8557
Seg(-0.2),1.44,0.8547
Seg(-0.2),1.45,0.8547
Seg(-0.2),1.46,0.8547
Seg(-0.2),1.47,0.8547
Seg(-0.2),1.48,0.8547
Seg(-0.2),1.49,0.8547
Seg(-0.2),1.5,0.8547
Seg(-0.2),1.51,0.8547
Seg(-0.2),1.52,0.8547
Seg(-0.2),1.53,0.8547
Seg(-0.2),1.54,0.8547
Seg(-0.2),1.55,0.8547
Seg(-0.2),1.56,0.8547
Seg(-0.2),1.57,0.8526
Seg(-0.2),1.58,0.8536
Seg(-0.2),1.6,0.8547
Seg(-0.2),1.61,0.8536
Seg(-0.2),1.62,0.8547
Seg(-0.2),1.63,0.8547
Seg(-0.2),1.64,0.8547
Seg(-0.2),1.65,0.8557
Seg(-0.2),1.66,0.8557
Seg(-0.2),1.67,0.8557
Seg(-0.2),1.68,0.8557
Seg(-0.2),1.69,0.8557
Seg(-0.2),1.7,0.8547
Seg(-0.2),1.71,0.8557
Seg(-0.2),1.72,0.8557
Seg(-0.2),1.73,0.8557
Seg(-0.2),1.75,0.8557
Seg(-0.2),1.76,0.8557
Seg(-0.2),1.78,0.8557
Seg(-0.2),1.79,0.8557
Seg(-0.2),1.8,0.8557
Seg(-0.2),1.81,0.8557
Seg(-0.2),1.82,0.8557
Seg(-0.2),1.85,0.8557
Seg(-0.2),1.87,0.8557
Seg(-0.2),1.88,0.8557
Seg(-0.2),1.89,0.8557
Seg(-0.2),1.91,0.8557
Seg(-0.2),1.93,0.8557
Seg(-0.2),1.94,0.8557
Seg(-0.2),1.95,0.8557
Seg(-0.2),1.96,0.8557
Seg(-0.2),1.99,0.8557
Seg(-0.2),2.0,0.8557
Seg(-0.2),2.01,0.8536
Seg(-0.2),2.02,0.8536
Seg(-0.2),2.07,0.8536
Seg(-0.2),2.08,0.8536
Seg(-0.2),2.09,0.8536
Seg(-0.2),2.1,0.8536
Seg(-0.2),2.13,0.8516
Seg(-0.2),2.14,0.8495
Seg(-0.2),2.17,0.8495
Seg(-0.2),2.18,0.8495
Seg(-0.2),2.19,0.8474
Seg(-0.2),2.24,0.8474
Seg(-0.2),2.3,0.8474
Seg(-0.2),2.32,0.8474
Seg(-0.2),2.33,0.8474
Seg(-0.2),2.34,0.8474
Seg(-0.2),2.35,0.8474
Seg(-0.2),2.37,0.8474
Seg(-0.2),2.39,0.8474
Seg(-0.2),2.4,0.8474
Seg(-0.2),2.41,0.8474
Seg(-0.2),2.43,0.8453
Seg(-0.2),2.44,0.8453
Seg(-0.2),2.49,0.8453
Seg(-0.2),2.5,0.8453
Seg(-0.2),2.51,0.8453
Seg(-0.2),2.52,0.8453
Seg(-0.2),2.57,0.8453
Seg(-0.2),2.58,0.8453
Seg(-0.2),2.6,0.8453
Seg(-0.2),2.62,0.8453
Seg(-0.2),2.63,0.8453
Seg(-0.2),2.64,0.8453
Seg(-0.2),2.66,0.8453
Seg(-0.2),2.68,0.8453
Seg(-0.2),2.69,0.8453
Seg(-0.2),2.73,0.8432
Seg(-0.2),2.74,0.8432
Seg(-0.2),2.75,0.8432
Seg(-0.2),2.83,0.8411
Seg(-0.2),2.84,0.8411
Seg(-0.2),2.86,0.8411
Seg(-0.2),2.89,0.8411
Seg(-0.2),2.95,0.8411
Seg(-0.2),2.96,0.8411
Seg(-0.2),2.98,0.8411
Seg(-0.2),3.03,0.8411
Seg(-0.2),3.07,0.8411
Seg(-0.2),3.14,0.8411
Seg(-0.2),3.15,0.8411
Seg(-0.2),3.19,0.8411
Seg(-0.2),3.2,0.8411
Seg(-0.2),3.23,0.8411
Seg(-0.2),3.25,0.8411
Seg(-0.2),3.27,0.8411
Seg(-0.2),3.32,0.8411
Seg(-0.2),3.33,0.8411
Seg(-0.2),3.37,0.8411
Seg(-0.2),3.39,0.8411
Seg(-0.2),3.41,0.8411
Seg(-0.2),3.43,0.8391
Seg(-0.2),3.45,0.8391
Seg(-0.2),3.52,0.8391
Seg(-0.2),3.56,0.8391
Seg(-0.2),3.59,0.8391
Seg(-0.2),3.6,0.8391
Seg(-0.2),3.61,0.8391
Seg(-0.2),3.66,0.8391
Seg(-0.2),3.67,0.8391
Seg(-0.2),3.69,0.8391
Seg(-0.2),3.7,0.8391
Seg(-0.2),3.72,0.8391
Seg(-0.2),3.73,0.8391
Seg(-0.2),3.76,0.8391
Seg(-0.2),3.79,0.8391
Seg(-0.2),3.8,0.8391
Seg(-0.2),3.85,0.8391
Seg(-0.2),3.87,0.8391
Seg(-0.2),3.88,0.8391
Seg(-0.2),3.91,0.8391
Seg(-0.2),3.93,0.8391
Seg(-0.2),3.95,0.8391
Seg(-0.2),3.96,0.8391
Seg(-0.2),3.97,0.8391
Seg(-0.2),4.01,0.8391
Seg(-0.2),4.02,0.8391
Seg(-0.2),4.05,0.8391
Seg(-0.2),4.08,0.8391
Seg(-0.2),4.1,0.8391
Seg(-0.2),4.11,0.837
Seg(-0.2),4.12,0.837
Seg(-0.2),4.13,0.8349
Seg(-0.2),4.15,0.8349
Seg(-0.2),4.2,0.8349
Seg(-0.2),4.24,0.8328
Seg(-0.2),4.25,0.8328
Seg(-0.2),4.26,0.8328
Seg(-0.2),4.29,0.8328
Seg(-0.2),4.3,0.8328
Seg(-0.2),4.33,0.8328
Seg(-0.2),4.34,0.8307
Seg(-0.2),4.35,0.8307
Seg(-0.2),4.37,0.8307
Seg(-0.2),4.38,0.8307
Seg(-0.2),4.42,0.8307
Seg(-0.2),4.43,0.8307
Seg(-0.2),4.45,0.8307
Seg(-0.2),4.47,0.8307
Seg(-0.2),4.5,0.8286
Seg(-0.2),4.51,0.8286
Seg(-0.2),4.54,0.8286
Seg(-0.2),4.55,0.8286
Seg(-0.2),4.58,0.8286
Seg(-0.2),4.59,0.8286
Seg(-0.2),4.6,0.8286
Seg(-0.2),4.62,0.8286
Seg(-0.2),4.63,0.8286
Seg(-0.2),4.64,0.8286
Seg(-0.2),4.65,0.8286
Seg(-0.2),4.66,0.8286
Seg(-0.2),4.67,0.8286
Seg(-0.2),4.68,0.8286
Seg(-0.2),4.71,0.8286
Seg(-0.2),4.72,0.8286
Seg(-0.2),4.76,0.8286
Seg(-0.2),4.77,0.8286
Seg(-0.2),4.78,0.8286
Seg(-0.2),4.79,0.8286
Seg(-0.2),4.86,0.8286
Seg(-0.2),4.88,0.8286
Seg(-0.2),4.89,0.8286
Seg(-0.2),4.92,0.8276
Seg(-0.2),4.95,0.8276
Seg(-0.2),5.0,0.8276
Seg(-0.2),5.02,0.8276
Seg(-0.2),5.03,0.8276
Seg(-0.2),5.05,0.8276
Seg(-0.2),5.06,0.8276
Seg(-0.2),5.08,0.8276
Seg(-0.2),5.16,0.8276
Seg(-0.2),5.18,0.8276
Seg(-0.2),5.21,0.8276
Seg(-0.2),5.22,0.8276
Seg(-0.2),5.23,0.8276
Seg(-0.2),5.28,0.8276
Seg(-0.2),5.29,0.8255
Seg(-0.2),5.3,0.8234
Seg(-0.2),5.32,0.8214
Seg(-0.2),5.34,0.8214
Seg(-0.2),5.41,0.8193
Seg(-0.2),5.46,0.8193
Seg(-0.2),5.53,0.8193
Seg(-0.2),5.54,0.8193
Seg(-0.2),5.55,0.8193
Seg(-0.2),5.58,0.8172
Seg(-0.2),5.59,0.8172
Seg(-0.2),5.61,0.8151
Seg(-0.2),5.62,0.8151
Seg(-0.2),5.66,0.8151
Seg(-0.2),5.73,0.813
Seg(-0.2),5.74,0.813
Seg(-0.2),5.75,0.813
Seg(-0.2),5.76,0.813
Seg(-0.2),5.77,0.813
Seg(-0.2),5.79,0.813
Seg(-0.2),5.8,0.813
Seg(-0.2),5.83,0.813
Seg(-0.2),5.84,0.813
Seg(-0.2),5.86,0.813
Seg(-0.2),5.87,0.813
Seg(-0.2),5.91,0.813
Seg(-0.2),6.01,0.813
Seg(-0.2),6.04,0.813
Seg(-0.2),6.07,0.813
Seg(-0.2),6.08,0.813
Seg(-0.2),6.1,0.813
Seg(-0.2),6.12,0.812
Seg(-0.2),6.14,0.812
Seg(-0.2),6.21,0.812
Seg(-0.2),6.28,0.8141
Seg(-0.2),6.34,0.8141
Seg(-0.2),6.37,0.8141
Seg(-0.2),6.46,0.8141
Seg(-0.2),6.48,0.8141
Seg(-0.2),6.8,0.8141
Seg(-0.2),6.93,0.8141
Seg(-0.2),6.94,0.8141
Seg(-0.2),6.96,0.8141
Seg(-0.2),7.0,0.8141
Seg(-0.2),7.01,0.8141
Seg(-0.2),7.02,0.812
Seg(-0.2),7.04,0.8078
Seg(-0.2),7.16,0.8078
Seg(-0.2),7.27,0.8078
Seg(-0.2),7.33,0.8078
Seg(-0.2),7.46,0.8078
Seg(-0.2),7.47,0.8078
Seg(-0.2),7.55,0.8078
Seg(-0.2),7.58,0.8057
Seg(-0.2),7.7,0.8057
Seg(-0.2),9.2,0.8057
Seg(-0.2),9.21,0.8057
RNG(-0.1),1.03,0.8568
RNG(-0.1),1.04,0.8568
RNG(-0.1),1.05,0.8568
RNG(-0.1),1.06,0.8568
RNG(-0.1),1.07,0.8568
RNG(-0.1),1.08,0.8568
RNG(-0.1),1.09,0.8568
RNG(-0.1),1.1,0.8568
RNG(-0.1),1.11,0.8568
RNG(-0.1),1.13,0.8568
RNG(-0.1),1.14,0.8568
RNG(-0.1),1.15,0.8568
RNG(-0.1),1.18,0.8568
RNG(-0.1),1.19,0.8568
RNG(-0.1),1.2,0.8568
RNG(-0.1),1.21,0.8568
RNG(-0.1),1.22,0.8568
RNG(-0.1),1.23,0.8568
RNG(-0.1),1.24,0.8568
RNG(-0.1),1.25,0.8568
RNG(-0.1),1.26,0.8568
RNG(-0.1),1.27,0.8568
RNG(-0.1),1.28,0.8568
RNG(-0.1),1.29,0.8568
RNG(-0.1),1.3,0.8568
RNG(-0.1),1.31,0.8568
RNG(-0.1),1.32,0.8568
RNG(-0.1),1.33,0.8568
RNG(-0.1),1.34,0.8568
RNG(-0.1),1.35,0.8568
RNG(-0.1),1.36,0.8568
RNG(-0.1),1.37,0.8568
RNG(-0.1),1.38,0.8568
RNG(-0.1),1.39,0.8568
RNG(-0.1),1.4,0.8568
RNG(-0.1),1.41,0.8547
RNG(-0.1),1.42,0.8547
RNG(-0.1),1.43,0.8547
RNG(-0.1),1.44,0.8536
RNG(-0.1),1.45,0.8536
RNG(-0.1),1.46,0.8536
RNG(-0.1),1.47,0.8536
RNG(-0.1),1.48,0.8536
RNG(-0.1),1.49,0.8536
RNG(-0.1),1.5,0.8536
RNG(-0.1),1.51,0.8536
RNG(-0.1),1.52,0.8536
RNG(-0.1),1.53,0.8536
RNG(-0.1),1.54,0.8536
RNG(-0.1),1.55,0.8536
RNG(-0.1),1.56,0.8536
RNG(-0.1),1.57,0.8516
RNG(-0.1),1.58,0.8531
RNG(-0.1),1.6,0.8542
RNG(-0.1),1.61,0.8531
RNG(-0.1),1.62,0.8542
RNG(-0.1),1.63,0.8542
RNG(-0.1),1.64,0.8542
RNG(-0.1),1.65,0.8552
RNG(-0.1),1.66,0.8552
RNG(-0.1),1.67,0.8531
RNG(-0.1),1.68,0.8531
RNG(-0.1),1.69,0.8531
RNG(-0.1),1.7,0.8521
RNG(-0.1),1.71,0.8531
RNG(-0.1),1.72,0.8531
RNG(-0.1),1.73,0.8536
RNG(-0.1),1.75,0.8536
RNG(-0.1),1.76,0.8536
RNG(-0.1),1.78,0.8542
RNG(-0.1),1.79,0.8542
RNG(-0.1),1.8,0.8542
RNG(-0.1),1.81,0.8542
RNG(-0.1),1.82,0.8542
RNG(-0.1),1.85,0.8542
RNG(-0.1),1.87,0.8547
RNG(-0.1),1.88,0.8547
RNG(-0.1),1.89,0.8547
RNG(-0.1),1.91,0.8547
RNG(-0.1),1.93,0.8547
RNG(-0.1),1.94,0.8547
RNG(-0.1),1.95,0.8547
RNG(-0.1),1.96,0.8547
RNG(-0.1),1.99,0.8547
RNG(-0.1),2.0,0.8547
RNG(-0.1),2.01,0.8526
RNG(-0.1),2.02,0.8526
RNG(-0.1),2.07,0.8526
RNG(-0.1),2.08,0.8526
RNG(-0.1),2.09,0.8526
RNG(-0.1),2.1,0.8526
RNG(-0.1),2.13,0.8505
RNG(-0.1),2.14,0.8484
RNG(-0.1),2.17,0.8484
RNG(-0.1),2.18,0.8464
RNG(-0.1),2.19,0.8443
RNG(-0.1),2.24,0.8443
RNG(-0.1),2.3,0.8443
RNG(-0.1),2.32,0.8443
RNG(-0.1),2.33,0.8443
RNG(-0.1),2.34,0.8443
RNG(-0.1),2.35,0.8443
RNG(-0.1),2.37,0.8443
RNG(-0.1),2.39,0.8443
RNG(-0.1),2.4,0.8443
RNG(-0.1),2.41,0.8443
RNG(-0.1),2.43,0.8422
RNG(-0.1),2.44,0.8422
RNG(-0.1),2.49,0.8422
RNG(-0.1),2.5,0.8422
RNG(-0.1),2.51,0.8422
RNG(-0.1),2.52,0.8422
RNG(-0.1),2.57,0.8422
RNG(-0.1),2.58,0.8422
RNG(-0.1),2.6,0.8422
RNG(-0.1),2.62,0.8422
RNG(-0.1),2.63,0.8422
RNG(-0.1),2.64,0.8422
RNG(-0.1),2.66,0.8422
RNG(-0.1),2.68,0.8422
RNG(-0.1),2.69,0.8422
RNG(-0.1),2.73,0.8401
RNG(-0.1),2.74,0.8401
RNG(-0.1),2.75,0.8401
RNG(-0.1),2.83,0.838
RNG(-0.1),2.84,0.838
RNG(-0.1),2.86,0.838
RNG(-0.1),2.89,0.838
RNG(-0.1),2.95,0.838
RNG(-0.1),2.96,0.837
RNG(-0.1),2.98,0.837
RNG(-0.1),3.03,0.837
RNG(-0.1),3.07,0.8349
RNG(-0.1),3.14,0.8349
RNG(-0.1),3.15,0.8349
RNG(-0.1),3.19,0.8328
RNG(-0.1),3.2,0.8328
RNG(-0.1),3.23,0.8328
RNG(-0.1),3.25,0.8328
RNG(-0.1),3.27,0.8328
RNG(-0.1),3.32,0.8328
RNG(-0.1),3.33,0.8328
RNG(-0.1),3.37,0.8328
RNG(-0.1),3.39,0.8328
RNG(-0.1),3.41,0.8328
RNG(-0.1),3.43,0.8307
RNG(-0.1),3.45,0.8297
RNG(-0.1),3.52,0.8297
RNG(-0.1),3.56,0.8297
RNG(-0.1),3.59,0.8297
RNG(-0.1),3.6,0.8297
RNG(-0.1),3.61,0.8297
RNG(-0.1),3.66,0.8297
RNG(-0.1),3.67,0.8297
RNG(-0.1),3.69,0.8297
RNG(-0.1),3.7,0.8297
RNG(-0.1),3.72,0.8297
RNG(-0.1),3.73,0.8297
RNG(-0.1),3.76,0.8297
RNG(-0.1),3.79,0.8297
RNG(-0.1),3.8,0.8297
RNG(-0.1),3.85,0.8297
RNG(-0.1),3.87,0.8297
RNG(-0.1),3.88,0.8297
RNG(-0.1),3.91,0.8297
RNG(-0.1),3.93,0.8297
RNG(-0.1),3.95,0.8297
RNG(-0.1),3.96,0.8297
RNG(-0.1),3.97,0.8297
RNG(-0.1),4.01,0.8297
RNG(-0.1),4.02,0.8297
RNG(-0.1),4.05,0.8297
RNG(-0.1),4.08,0.8286
RNG(-0.1),4.1,0.8286
RNG(-0.1),4.11,0.8245
RNG(-0.1),4.12,0.8245
RNG(-0.1),4.13,0.8224
RNG(-0.1),4.15,0.8224
RNG(-0.1),4.2,0.8224
RNG(-0.1),4.24,0.8203
RNG(-0.1),4.25,0.8203
RNG(-0.1),4.26,0.8203
RNG(-0.1),4.29,0.8203
RNG(-0.1),4.3,0.8203
RNG(-0.1),4.33,0.8203
RNG(-0.1),4.34,0.8182
RNG(-0.1),4.35,0.8182
RNG(-0.1),4.37,0.8182
RNG(-0.1),4.38,0.8182
RNG(-0.1),4.42,0.8182
RNG(-0.1),4.43,0.8182
RNG(-0.1),4.45,0.8182
RNG(-0.1),4.47,0.8182
RNG(-0.1),4.5,0.8161
RNG(-0.1),4.51,0.8161
RNG(-0.1),4.54,0.8161
RNG(-0.1),4.55,0.8161
RNG(-0.1),4.58,0.8161
RNG(-0.1),4.59,0.8161
RNG(-0.1),4.6,0.8161
RNG(-0.1),4.62,0.8161
RNG(-0.1),4.63,0.8161
RNG(-0.1),4.64,0.8161
RNG(-0.1),4.65,0.8141
RNG(-0.1),4.66,0.8141
RNG(-0.1),4.67,0.8141
RNG(-0.1),4.68,0.8141
RNG(-0.1),4.71,0.8141
RNG(-0.1),4.72,0.8141
RNG(-0.1),4.76,0.8141
RNG(-0.1),4.77,0.8141
RNG(-0.1),4.78,0.8151
RNG(-0.1),4.79,0.8151
RNG(-0.1),4.86,0.8151
RNG(-0.1),4.88,0.8151
RNG(-0.1),4.89,0.8151
RNG(-0.1),4.92,0.8141
RNG(-0.1),4.95,0.8141
RNG(-0.1),5.0,0.8141
RNG(-0.1),5.02,0.8141
RNG(-0.1),5.03,0.8161
RNG(-0.1),5.05,0.8161
RNG(-0.1),5.06,0.8161
RNG(-0.1),5.08,0.8161
RNG(-0.1),5.16,0.8161
RNG(-0.1),5.18,0.8161
RNG(-0.1),5.21,0.8161
RNG(-0.1),5.22,0.8161
RNG(-0.1),5.23,0.8161
RNG(-0.1),5.28,0.8161
RNG(-0.1),5.29,0.8141
RNG(-0.1),5.3,0.812
RNG(-0.1),5.32,0.8099
RNG(-0.1),5.34,0.8099
RNG(-0.1),5.41,0.8078
RNG(-0.1),5.46,0.8078
RNG(-0.1),5.53,0.8078
RNG(-0.1),5.54,0.8078
RNG(-0.1),5.55,0.8078
RNG(-0.1),5.58,0.8057
RNG(-0.1),5.59,0.8057
RNG(-0.1),5.61,0.8036
RNG(-0.1),5.62,0.8036
RNG(-0.1),5.66,0.8016
RNG(-0.1),5.73,0.7995
RNG(-0.1),5.74,0.7995
RNG(-0.1),5.75,0.7995
RNG(-0.1),5.76,0.7995
RNG(-0.1),5.77,0.7995
RNG(-0.1),5.79,0.7995
RNG(-0.1),5.8,0.7995
RNG(-0.1),5.83,0.7995
RNG(-0.1),5.84,0.7995
RNG(-0.1),5.86,0.7995
RNG(-0.1),5.87,0.7995
RNG(-0.1),5.91,0.7995
RNG(-0.1),6.01,0.7995
RNG(-0.1),6.04,0.7995
RNG(-0.1),6.07,0.7995
RNG(-0.1),6.08,0.7995
RNG(-0.1),6.1,0.7995
RNG(-0.1),6.12,0.7984
RNG(-0.1),6.14,0.7984
RNG(-0.1),6.21,0.7984
RNG(-0.1),6.28,0.8026
RNG(-0.1),6.34,0.8026
RNG(-0.1),6.37,0.8026
RNG(-0.1),6.46,0.8026
RNG(-0.1),6.48,0.8026
RNG(-0.1),6.8,0.8026
RNG(-0.1),6.93,0.8026
RNG(-0.1),6.94,0.8026
RNG(-0.1),6.96,0.8026
RNG(-0.1),7.0,0.8026
RNG(-0.1),7.01,0.8005
RNG(-0.1),7.02,0.7984
RNG(-0.1),7.04,0.7943
RNG(-0.1),7.16,0.7943
RNG(-0.1),7.27,0.7943
RNG(-0.1),7.33,0.7943
RNG(-0.1),7.46,0.7943
RNG(-0.1),7.47,0.7943
RNG(-0.1),7.55,0.7943
RNG(-0.1),7.58,0.7922
RNG(-0.1),7.7,0.7922
RNG(-0.1),9.2,0.7922
RNG(-0.1),9.21,0.7922
Seg(-0.1),1.03,0.8568
Seg(-0.1),1.04,0.8568
Seg(-0.1),1.05,0.8568
Seg(-0.1),1.06,0.8568
Seg(-0.1),1.07,0.8568
Seg(-0.1),1.08,0.8568
Seg(-0.1),1.09,0.8568
Seg(-0.1),1.1,0.8568
Seg(-0.1),1.11,0.8568
Seg(-0.1),1.13,0.8568
Seg(-0.1),1.14,0.8568
Seg(-0.1),1.15,0.8568
Seg(-0.1),1.18,0.8568
Seg(-0.1),1.19,0.8568
Seg(-0.1),1.2,0.8568
Seg(-0.1),1.21,0.8568
Seg(-0.1),1.22,0.8568
Seg(-0.1),1.23,0.8568
Seg(-0.1),1.24,0.8568
Seg(-0.1),1.25,0.8568
Seg(-0.1),1.26,0.8568
Seg(-0.1),1.27,0.8568
Seg(-0.1),1.28,0.8568
Seg(-0.1),1.29,0.8568
Seg(-0.1),1.3,0.8568
Seg(-0.1),1.31,0.8568
Seg(-0.1),1.32,0.8568
Seg(-0.1),1.33,0.8568
Seg(-0.1),1.34,0.8568
Seg(-0.1),1.35,0.8568
Seg(-0.1),1.36,0.8568
Seg(-0.1),1.37,0.8568
Seg(-0.1),1.38,0.8568
Seg(-0.1),1.39,0.8568
Seg(-0.1),1.4,0.8568
Seg(-0.1),1.41,0.8547
Seg(-0.1),1.42,0.8547
Seg(-0.1),1.43,0.8547
Seg(-0.1),1.44,0.8536
Seg(-0.1),1.45,0.8536
Seg(-0.1),1.46,0.8536
Seg(-0.1),1.47,0.8536
Seg(-0.1),1.48,0.8536
Seg(-0.1),1.49,0.8536
Seg(-0.1),1.5,0.8536
Seg(-0.1),1.51,0.8536
Seg(-0.1),1.52,0.8536
Seg(-0.1),1.53,0.8536
Seg(-0.1),1.54,0.8536
Seg(-0.1),1.55,0.8536
Seg(-0.1),1.56,0.8536
Seg(-0.1),1.57,0.8495
Seg(-0.1),1.58,0.851
Seg(-0.1),1.6,0.8521
Seg(-0.1),1.61,0.851
Seg(-0.1),1.62,0.8521
Seg(-0.1),1.63,0.8521
Seg(-0.1),1.64,0.8521
Seg(-0.1),1.65,0.8531
Seg(-0.1),1.66,0.8531
Seg(-0.1),1.67,0.8531
Seg(-0.1),1.68,0.8531
Seg(-0.1),1.69,0.8531
Seg(-0.1),1.7,0.851
Seg(-0.1),1.71,0.8521
Seg(-0.1),1.72,0.8521
Seg(-0.1),1.73,0.8526
Seg(-0.1),1.75,0.8526
Seg(-0.1),1.76,0.8526
Seg(-0.1),1.78,0.8531
Seg(-0.1),1.79,0.8531
Seg(-0.1),1.8,0.8531
Seg(-0.1),1.81,0.8531
Seg(-0.1),1.82,0.8531
Seg(-0.1),1.85,0.8531
Seg(-0.1),1.87,0.8536
Seg(-0.1),1.88,0.8536
Seg(-0.1),1.89,0.8536
Seg(-0.1),1.91,0.8536
Seg(-0.1),1.93,0.8536
Seg(-0.1),1.94,0.8536
Seg(-0.1),1.95,0.8536
Seg(-0.1),1.96,0.8536
Seg(-0.1),1.99,0.8536
Seg(-0.1),2.0,0.8536
Seg(-0.1),2.01,0.8516
Seg(-0.1),2.02,0.8516
Seg(-0.1),2.07,0.8516
Seg(-0.1),2.08,0.8516
Seg(-0.1),2.09,0.8516
Seg(-0.1),2.1,0.8516
Seg(-0.1),2.13,0.8516
Seg(-0.1),2.14,0.8495
Seg(-0.1),2.17,0.8495
Seg(-0.1),2.18,0.8495
Seg(-0.1),2.19,0.8474
Seg(-0.1),2.24,0.8474
Seg(-0.1),2.3,0.8474
Seg(-0.1),2.32,0.8474
Seg(-0.1),2.33,0.8474
Seg(-0.1),2.34,0.8474
Seg(-0.1),2.35,0.8474
Seg(-0.1),2.37,0.8474
Seg(-0.1),2.39,0.8474
Seg(-0.1),2.4,0.8474
Seg(-0.1),2.41,0.8474
Seg(-0.1),2.43,0.8453
Seg(-0.1),2.44,0.8453
Seg(-0.1),2.49,0.8453
Seg(-0.1),2.5,0.8453
Seg(-0.1),2.51,0.8453
Seg(-0.1),2.52,0.8453
Seg(-0.1),2.57,0.8453
Seg(-0.1),2.58,0.8453
Seg(-0.1),2.6,0.8453
Seg(-0.1),2.62,0.8453
Seg(-0.1),2.63,0.8453
Seg(-0.1),2.64,0.8453
Seg(-0.1),2.66,0.8453
Seg(-0.1),2.68,0.8453
Seg(-0.1),2.69,0.8453
Seg(-0.1),2.73,0.8432
Seg(-0.1),2.74,0.8432
Seg(-0.1),2.75,0.8432
Seg(-0.1),2.83,0.8411
Seg(-0.1),2.84,0.8411
Seg(-0.1),2.86,0.8411
Seg(-0.1),2.89,0.8411
Seg(-0.1),2.95,0.8411
Seg(-0.1),2.96,0.8401
Seg(-0.1),2.98,0.8401
Seg(-0.1),3.03,0.8401
Seg(-0.1),3.07,0.838
Seg(-0.1),3.14,0.838
Seg(-0.1),3.15,0.838
Seg(-0.1),3.19,0.8359
Seg(-0.1),3.2,0.8359
Seg(-0.1),3.23,0.8359
Seg(-0.1),3.25,0.8359
Seg(-0.1),3.27,0.8359
Seg(-0.1),3.32,0.8359
Seg(-0.1),3.33,0.8359
Seg(-0.1),3.37,0.8359
Seg(-0.1),3.39,0.8359
Seg(-0.1),3.41,0.8359
Seg(-0.1),3.43,0.8339
Seg(-0.1),3.45,0.8328
Seg(-0.1),3.52,0.8328
Seg(-0.1),3.56,0.8328
Seg(-0.1),3.59,0.8328
Seg(-0.1),3.6,0.8328
Seg(-0.1),3.61,0.8328
Seg(-0.1),3.66,0.8328
Seg(-0.1),3.67,0.8328
Seg(-0.1),3.69,0.8307
Seg(-0.1),3.7,0.8307
Seg(-0.1),3.72,0.8307
Seg(-0.1),3.73,0.8307
Seg(-0.1),3.76,0.8307
Seg(-0.1),3.79,0.8307
Seg(-0.1),3.8,0.8307
Seg(-0.1),3.85,0.8307
Seg(-0.1),3.87,0.8307
Seg(-0.1),3.88,0.8307
Seg(-0.1),3.91,0.8307
Seg(-0.1),3.93,0.8307
Seg(-0.1),3.95,0.8307
Seg(-0.1),3.96,0.8307
Seg(-0.1),3.97,0.8307
Seg(-0.1),4.01,0.8307
Seg(-0.1),4.02,0.8307
Seg(-0.1),4.05,0.8307
Seg(-0.1),4.08,0.8297
Seg(-0.1),4.1,0.8297
Seg(-0.1),4.11,0.8255
Seg(-0.1),4.12,0.8255
Seg(-0.1),4.13,0.8234
Seg(-0.1),4.15,0.8234
Seg(-0.1),4.2,0.8234
Seg(-0.1),4.24,0.8214
Seg(-0.1),4.25,0.8214
Seg(-0.1),4.26,0.8214
Seg(-0.1),4.29,0.8214
Seg(-0.1),4.3,0.8214
Seg(-0.1),4.33,0.8214
Seg(-0.1),4.34,0.8193
Seg(-0.1),4.35,0.8193
Seg(-0.1),4.37,0.8193
Seg(-0.1),4.38,0.8193
Seg(-0.1),4.42,0.8193
Seg(-0.1),4.43,0.8193
Seg(-0.1),4.45,0.8193
Seg(-0.1),4.47,0.8193
Seg(-0.1),4.5,0.8172
Seg(-0.1),4.51,0.8172
Seg(-0.1),4.54,0.8172
Seg(-0.1),4.55,0.8172
Seg(-0.1),4.58,0.8172
Seg(-0.1),4.59,0.8172
Seg(-0.1),4.6,0.8172
Seg(-0.1),4.62,0.8172
Seg(-0.1),4.63,0.8172
Seg(-0.1),4.64,0.8172
Seg(-0.1),4.65,0.813
Seg(-0.1),4.66,0.8109
Seg(-0.1),4.67,0.8109
Seg(-0.1),4.68,0.8109
Seg(-0.1),4.71,0.8109
Seg(-0.1),4.72,0.8109
Seg(-0.1),4.76,0.8109
Seg(-0.1),4.77,0.8109
Seg(-0.1),4.78,0.812
Seg(-0.1),4.79,0.812
Seg(-0.1),4.86,0.812
Seg(-0.1),4.88,0.812
Seg(-0.1),4.89,0.812
Seg(-0.1),4.92,0.8109
Seg(-0.1),4.95,0.8109
Seg(-0.1),5.0,0.8109
Seg(-0.1),5.02,0.8089
Seg(-0.1),5.03,0.8109
Seg(-0.1),5.05,0.8109
Seg(-0.1),5.06,0.8109
Seg(-0.1),5.08,0.8109
Seg(-0.1),5.16,0.8109
Seg(-0.1),5.18,0.8109
Seg(-0.1),5.21,0.8109
Seg(-0.1),5.22,0.8109
Seg(-0.1),5.23,0.8109
Seg(-0.1),5.28,0.8109
Seg(-0.1),5.29,0.8089
Seg(-0.1),5.3,0.8068
Seg(-0.1),5.32,0.8047
Seg(-0.1),5.34,0.8047
Seg(-0.1),5.41,0.8026
Seg(-0.1),5.46,0.8026
Seg(-0.1),5.53,0.8026
Seg(-0.1),5.54,0.8026
Seg(-0.1),5.55,0.8026
Seg(-0.1),5.58,0.8005
Seg(-0.1),5.59,0.8005
Seg(-0.1),5.61,0.7984
Seg(-0.1),5.62,0.7984
Seg(-0.1),5.66,0.7964
Seg(-0.1),5.73,0.7943
Seg(-0.1),5.74,0.7943
Seg(-0.1),5.75,0.7943
Seg(-0.1),5.76,0.7943
Seg(-0.1),5.77,0.7943
Seg(-0.1),5.79,0.7943
Seg(-0.1),5.8,0.7943
Seg(-0.1),5.83,0.7943
Seg(-0.1),5.84,0.7943
Seg(-0.1),5.86,0.7943
Seg(-0.1),5.87,0.7943
Seg(-0.1),5.91,0.7943
Seg(-0.1),6.01,0.7943
Seg(-0.1),6.04,0.7943
Seg(-0.1),6.07,0.7943
Seg(-0.1),6.08,0.7943
Seg(-0.1),6.1,0.7943
Seg(-0.1),6.12,0.7932
Seg(-0.1),6.14,0.7932
Seg(-0.1),6.21,0.7932
Seg(-0.1),6.28,0.7953
Seg(-0.1),6.34,0.7953
Seg(-0.1),6.37,0.7953
Seg(-0.1),6.46,0.7953
Seg(-0.1),6.48,0.7953
Seg(-0.1),6.8,0.7953
Seg(-0.1),6.93,0.7953
Seg(-0.1),6.94,0.7953
Seg(-0.1),6.96,0.7953
Seg(-0.1),7.0,0.7953
Seg(-0.1),7.01,0.7932
Seg(-0.1),7.02,0.7911
Seg(-0.1),7.04,0.787
Seg(-0.1),7.16,0.787
Seg(-0.1),7.27,0.787
Seg(-0.1),7.33,0.787
Seg(-0.1),7.46,0.787
Seg(-0.1),7.47,0.787
Seg(-0.1),7.55,0.787
Seg(-0.1),7.58,0.7849
Seg(-0.1),7.7,0.7849
Seg(-0.1),9.2,0.7849
Seg(-0.1),9.21,0.7849
RNG(-0.05),1.03,0.8568
RNG(-0.05),1.04,0.8568
RNG(-0.05),1.05,0.8568
RNG(-0.05),1.06,0.8568
RNG(-0.05),1.07,0.8568
RNG(-0.05),1.08,0.8568
RNG(-0.05),1.09,0.8568
RNG(-0.05),1.1,0.8568
RNG(-0.05),1.11,0.8568
RNG(-0.05),1.13,0.8568
RNG(-0.05),1.14,0.8568
RNG(-0.05),1.15,0.8568
RNG(-0.05),1.18,0.8568
RNG(-0.05),1.19,0.8568
RNG(-0.05),1.2,0.8568
RNG(-0.05),1.21,0.8568
RNG(-0.05),1.22,0.8568
RNG(-0.05),1.23,0.8568
RNG(-0.05),1.24,0.8568
RNG(-0.05),1.25,0.8568
RNG(-0.05),1.26,0.8568
RNG(-0.05),1.27,0.8568
RNG(-0.05),1.28,0.8568
RNG(-0.05),1.29,0.8568
RNG(-0.05),1.3,0.8568
RNG(-0.05),1.31,0.8568
RNG(-0.05),1.32,0.8568
RNG(-0.05),1.33,0.8568
RNG(-0.05),1.34,0.8568
RNG(-0.05),1.35,0.8568
RNG(-0.05),1.36,0.8568
RNG(-0.05),1.37,0.8568
RNG(-0.05),1.38,0.8568
RNG(-0.05),1.39,0.8568
RNG(-0.05),1.4,0.8568
RNG(-0.05),1.41,0.8547
RNG(-0.05),1.42,0.8547
RNG(-0.05),1.43,0.8547
RNG(-0.05),1.44,0.8536
RNG(-0.05),1.45,0.8536
RNG(-0.05),1.46,0.8536
RNG(-0.05),1.47,0.8536
RNG(-0.05),1.48,0.8536
RNG(-0.05),1.49,0.8536
RNG(-0.05),1.5,0.8536
RNG(-0.05),1.51,0.8536
RNG(-0.05),1.52,0.8536
RNG(-0.05),1.53,0.8536
RNG(-0.05),1.54,0.8536
RNG(-0.05),1.55,0.8536
RNG(-0.05),1.56,0.8536
RNG(-0.05),1.57,0.8516
RNG(-0.05),1.58,0.8531
RNG(-0.05),1.6,0.8542
RNG(-0.05),1.61,0.8531
RNG(-0.05),1.62,0.8542
RNG(-0.05),1.63,0.8542
RNG(-0.05),1.64,0.8542
RNG(-0.05),1.65,0.8552
RNG(-0.05),1.66,0.8552
RNG(-0.05),1.67,0.8552
RNG(-0.05),1.68,0.8552
RNG(-0.05),1.69,0.8552
RNG(-0.05),1.7,0.8531
RNG(-0.05),1.71,0.8531
RNG(-0.05),1.72,0.8531
RNG(-0.05),1.73,0.8536
RNG(-0.05),1.75,0.8536
RNG(-0.05),1.76,0.8536
RNG(-0.05),1.78,0.8542
RNG(-0.05),1.79,0.8542
RNG(-0.05),1.8,0.8542
RNG(-0.05),1.81,0.8542
RNG(-0.05),1.82,0.8542
RNG(-0.05),1.85,0.8542
RNG(-0.05),1.87,0.8542
RNG(-0.05),1.88,0.8542
RNG(-0.05),1.89,0.8542
RNG(-0.05),1.91,0.8542
RNG(-0.05),1.93,0.8542
RNG(-0.05),1.94,0.8542
RNG(-0.05),1.95,0.8542
RNG(-0.05),1.96,0.8542
RNG(-0.05),1.99,0.8542
RNG(-0.05),2.0,0.8542
RNG(-0.05),2.01,0.8521
RNG(-0.05),2.02,0.8521
RNG(-0.05),2.07,0.8521
RNG(-0.05),2.08,0.8521
RNG(-0.05),2.09,0.8521
RNG(-0.05),2.1,0.8521
RNG(-0.05),2.13,0.8521
RNG(-0.05),2.14,0.85
RNG(-0.05),2.17,0.85
RNG(-0.05),2.18,0.85
RNG(-0.05),2.19,0.8479
RNG(-0.05),2.24,0.8479
RNG(-0.05),2.3,0.8479
RNG(-0.05),2.32,0.8479
RNG(-0.05),2.33,0.8479
RNG(-0.05),2.34,0.8479
RNG(-0.05),2.35,0.8479
RNG(-0.05),2.37,0.8479
RNG(-0.05),2.39,0.8479
RNG(-0.05),2.4,0.8479
RNG(-0.05),2.41,0.8479
RNG(-0.05),2.43,0.8458
RNG(-0.05),2.44,0.8458
RNG(-0.05),2.49,0.8458
RNG(-0.05),2.5,0.8458
RNG(-0.05),2.51,0.8458
RNG(-0.05),2.52,0.8458
RNG(-0.05),2.57,0.8458
RNG(-0.05),2.58,0.8458
RNG(-0.05),2.6,0.8458
RNG(-0.05),2.62,0.8458
RNG(-0.05),2.63,0.8458
RNG(-0.05),2.64,0.8458
RNG(-0.05),2.66,0.8458
RNG(-0.05),2.68,0.8458
RNG(-0.05),2.69,0.8458
RNG(-0.05),2.73,0.8438
RNG(-0.05),2.74,0.8438
RNG(-0.05),2.75,0.8438
RNG(-0.05),2.83,0.8417
RNG(-0.05),2.84,0.8417
RNG(-0.05),2.86,0.8417
RNG(-0.05),2.89,0.8417
RNG(-0.05),2.95,0.8417
RNG(-0.05),2.96,0.8406
RNG(-0.05),2.98,0.8406
RNG(-0.05),3.03,0.8406
RNG(-0.05),3.07,0.8385
RNG(-0.05),3.14,0.8385
RNG(-0.05),3.15,0.8385
RNG(-0.05),3.19,0.8365
RNG(-0.05),3.2,0.8365
RNG(-0.05),3.23,0.8365
RNG(-0.05),3.25,0.8365
RNG(-0.05),3.27,0.8365
RNG(-0.05),3.32,0.8365
RNG(-0.05),3.33,0.8365
RNG(-0.05),3.37,0.8365
RNG(-0.05),3.39,0.8365
RNG(-0.05),3.41,0.8365
RNG(-0.05),3.43,0.8344
RNG(-0.05),3.45,0.8333
RNG(-0.05),3.52,0.8333
RNG(-0.05),3.56,0.8333
RNG(-0.05),3.59,0.8333
RNG(-0.05),3.6,0.8333
RNG(-0.05),3.61,0.8333
RNG(-0.05),3.66,0.8333
RNG(-0.05),3.67,0.8333
RNG(-0.05),3.69,0.8333
RNG(-0.05),3.7,0.8333
RNG(-0.05),3.72,0.8333
RNG(-0.05),3.73,0.8333
RNG(-0.05),3.76,0.8333
RNG(-0.05),3.79,0.8333
RNG(-0.05),3.8,0.8333
RNG(-0.05),3.85,0.8333
RNG(-0.05),3.87,0.8333
RNG(-0.05),3.88,0.8333
RNG(-0.05),3.91,0.8333
RNG(-0.05),3.93,0.8333
RNG(-0.05),3.95,0.8333
RNG(-0.05),3.96,0.8333
RNG(-0.05),3.97,0.8333
RNG(-0.05),4.01,0.8333
RNG(-0.05),4.02,0.8333
RNG(-0.05),4.05,0.8333
RNG(-0.05),4.08,0.8323
RNG(-0.05),4.1,0.8323
RNG(-0.05),4.11,0.8281
RNG(-0.05),4.12,0.8281
RNG(-0.05),4.13,0.826
RNG(-0.05),4.15,0.826
RNG(-0.05),4.2,0.8281
RNG(-0.05),4.24,0.824
RNG(-0.05),4.25,0.824
RNG(-0.05),4.26,0.824
RNG(-0.05),4.29,0.824
RNG(-0.05),4.3,0.824
RNG(-0.05),4.33,0.824
RNG(-0.05),4.34,0.8219
RNG(-0.05),4.35,0.8219
RNG(-0.05),4.37,0.8219
RNG(-0.05),4.38,0.8219
RNG(-0.05),4.42,0.8219
RNG(-0.05),4.43,0.8219
RNG(-0.05),4.45,0.8219
RNG(-0.05),4.47,0.8219
RNG(-0.05),4.5,0.8198
RNG(-0.05),4.51,0.8198
RNG(-0.05),4.54,0.8219
RNG(-0.05),4.55,0.8219
RNG(-0.05),4.58,0.8219
RNG(-0.05),4.59,0.8219
RNG(-0.05),4.6,0.8219
RNG(-0.05),4.62,0.8219
RNG(-0.05),4.63,0.8198
RNG(-0.05),4.64,0.8198
RNG(-0.05),4.65,0.8156
RNG(-0.05),4.66,0.8135
RNG(-0.05),4.67,0.8135
RNG(-0.05),4.68,0.8135
RNG(-0.05),4.71,0.8135
RNG(-0.05),4.72,0.8135
RNG(-0.05),4.76,0.8135
RNG(-0.05),4.77,0.8135
RNG(-0.05),4.78,0.8146
RNG(-0.05),4.79,0.8146
RNG(-0.05),4.86,0.8146
RNG(-0.05),4.88,0.8146
RNG(-0.05),4.89,0.8146
RNG(-0.05),4.92,0.8135
RNG(-0.05),4.95,0.8219
RNG(-0.05),5.0,0.8219
RNG(-0.05),5.02,0.8198
RNG(-0.05),5.03,0.8219
RNG(-0.05),5.05,0.8219
RNG(-0.05),5.06,0.8219
RNG(-0.05),5.08,0.8219
RNG(-0.05),5.16,0.8219
RNG(-0.05),5.18,0.8219
RNG(-0.05),5.21,0.8219
RNG(-0.05),5.22,0.8219
RNG(-0.05),5.23,0.8219
RNG(-0.05),5.28,0.8219
RNG(-0.05),5.29,0.8198
RNG(-0.05),5.3,0.8177
RNG(-0.05),5.32,0.8156
RNG(-0.05),5.34,0.8156
RNG(-0.05),5.41,0.8135
RNG(-0.05),5.46,0.8135
RNG(-0.05),5.53,0.8135
RNG(-0.05),5.54,0.8135
RNG(-0.05),5.55,0.8135
RNG(-0.05),5.58,0.8115
RNG(-0.05),5.59,0.8115
RNG(-0.05),5.61,0.8094
RNG(-0.05),5.62,0.8094
RNG(-0.05),5.66,0.8073
RNG(-0.05),5.73,0.8052
RNG(-0.05),5.74,0.8052
RNG(-0.05),5.75,0.8052
RNG(-0.05),5.76,0.8052
RNG(-0.05),5.77,0.8052
RNG(-0.05),5.79,0.8052
RNG(-0.05),5.8,0.8052
RNG(-0.05),5.83,0.8052
RNG(-0.05),5.84,0.8052
RNG(-0.05),5.86,0.8052
RNG(-0.05),5.87,0.8052
RNG(-0.05),5.91,0.8052
RNG(-0.05),6.01,0.8052
RNG(-0.05),6.04,0.8052
RNG(-0.05),6.07,0.8052
RNG(-0.05),6.08,0.8052
RNG(-0.05),6.1,0.8052
RNG(-0.05),6.12,0.8042
RNG(-0.05),6.14,0.8042
RNG(-0.05),6.21,0.8042
RNG(-0.05),6.28,0.8063
RNG(-0.05),6.34,0.8063
RNG(-0.05),6.37,0.8063
RNG(-0.05),6.46,0.8063
RNG(-0.05),6.48,0.8063
RNG(-0.05),6.8,0.8063
RNG(-0.05),6.93,0.8063
RNG(-0.05),6.94,0.8063
RNG(-0.05),6.96,0.8063
RNG(-0.05),7.0,0.8063
RNG(-0.05),7.01,0.8042
RNG(-0.05),7.02,0.8021
RNG(-0.05),7.04,0.7979
RNG(-0.05),7.16,0.7979
RNG(-0.05),7.27,0.7979
RNG(-0.05),7.33,0.7979
RNG(-0.05),7.46,0.7979
RNG(-0.05),7.47,0.7979
RNG(-0.05),7.55,0.7979
RNG(-0.05),7.58,0.7979
RNG(-0.05),7.7,0.7979
RNG(-0.05),9.2,0.7979
RNG(-0.05),9.21,0.7979
Seg(-0.05),1.03,0.8568
Seg(-0.05),1.04,0.8568
Seg(-0.05),1.05,0.8568
Seg(-0.05),1.06,0.8568
Seg(-0.05),1.07,0.8568
Seg(-0.05),1.08,0.8568
Seg(-0.05),1.09,0.8568
Seg(-0.05),1.1,0.8568
Seg(-0.05),1.11,0.8568
Seg(-0.05),1.13,0.8568
Seg(-0.05),1.14,0.8568
Seg(-0.05),1.15,0.8568
Seg(-0.05),1.18,0.8568
Seg(-0.05),1.19,0.8568
Seg(-0.05),1.2,0.8568
Seg(-0.05),1.21,0.8568
Seg(-0.05),1.22,0.8568
Seg(-0.05),1.23,0.8568
Seg(-0.05),1.24,0.8568
Seg(-0.05),1.25,0.8568
Seg(-0.05),1.26,0.8568
Seg(-0.05),1.27,0.8568
Seg(-0.05),1.28,0.8568
Seg(-0.05),1.29,0.8568
Seg(-0.05),1.3,0.8568
Seg(-0.05),1.31,0.8568
Seg(-0.05),1.32,0.8568
Seg(-0.05),1.33,0.8568
Seg(-0.05),1.34,0.8568
Seg(-0.05),1.35,0.8568
Seg(-0.05),1.36,0.8568
Seg(-0.05),1.37,0.8568
Seg(-0.05),1.38,0.8568
Seg(-0.05),1.39,0.8568
Seg(-0.05),1.4,0.8568
Seg(-0.05),1.41,0.8547
Seg(-0.05),1.42,0.8547
Seg(-0.05),1.43,0.8547
Seg(-0.05),1.44,0.8536
Seg(-0.05),1.45,0.8536
Seg(-0.05),1.46,0.8536
Seg(-0.05),1.47,0.8536
Seg(-0.05),1.48,0.8536
Seg(-0.05),1.49,0.8536
Seg(-0.05),1.5,0.8536
Seg(-0.05),1.51,0.8536
Seg(-0.05),1.52,0.8536
Seg(-0.05),1.53,0.8536
Seg(-0.05),1.54,0.8536
Seg(-0.05),1.55,0.8536
Seg(-0.05),1.56,0.8536
Seg(-0.05),1.57,0.8495
Seg(-0.05),1.58,0.851
Seg(-0.05),1.6,0.8521
Seg(-0.05),1.61,0.851
Seg(-0.05),1.62,0.851
Seg(-0.05),1.63,0.851
Seg(-0.05),1.64,0.851
Seg(-0.05),1.65,0.8521
Seg(-0.05),1.66,0.8521
Seg(-0.05),1.67,0.8521
Seg(-0.05),1.68,0.8521
Seg(-0.05),1.69,0.8521
Seg(-0.05),1.7,0.85
Seg(-0.05),1.71,0.85
Seg(-0.05),1.72,0.85
Seg(-0.05),1.73,0.8505
Seg(-0.05),1.75,0.8505
Seg(-0.05),1.76,0.8505
Seg(-0.05),1.78,0.851
Seg(-0.05),1.79,0.851
Seg(-0.05),1.8,0.851
Seg(-0.05),1.81,0.851
Seg(-0.05),1.82,0.851
Seg(-0.05),1.85,0.851
Seg(-0.05),1.87,0.851
Seg(-0.05),1.88,0.851
Seg(-0.05),1.89,0.851
Seg(-0.05),1.91,0.851
Seg(-0.05),1.93,0.851
Seg(-0.05),1.94,0.851
Seg(-0.05),1.95,0.851
Seg(-0.05),1.96,0.851
Seg(-0.05),1.99,0.851
Seg(-0.05),2.0,0.851
Seg(-0.05),2.01,0.849
Seg(-0.05),2.02,0.849
Seg(-0.05),2.07,0.849
Seg(-0.05),2.08,0.8479
Seg(-0.05),2.09,0.8479
Seg(-0.05),2.1,0.8479
Seg(-0.05),2.13,0.8479
Seg(-0.05),2.14,0.8458
Seg(-0.05),2.17,0.8458
Seg(-0.05),2.18,0.8458
Seg(-0.05),2.19,0.8438
Seg(-0.05),2.24,0.8438
Seg(-0.05),2.3,0.8438
Seg(-0.05),2.32,0.8438
Seg(-0.05),2.33,0.8438
Seg(-0.05),2.34,0.8427
Seg(-0.05),2.35,0.8427
Seg(-0.05),2.37,0.8427
Seg(-0.05),2.39,0.8427
Seg(-0.05),2.4,0.8427
Seg(-0.05),2.41,0.8427
Seg(-0.05),2.43,0.8406
Seg(-0.05),2.44,0.8406
Seg(-0.05),2.49,0.8406
Seg(-0.05),2.5,0.8406
Seg(-0.05),2.51,0.8406
Seg(-0.05),2.52,0.8406
Seg(-0.05),2.57,0.8406
Seg(-0.05),2.58,0.8406
Seg(-0.05),2.6,0.8406
Seg(-0.05),2.62,0.8406
Seg(-0.05),2.63,0.8406
Seg(-0.05),2.64,0.8406
Seg(-0.05),2.66,0.8406
Seg(-0.05),2.68,0.8406
Seg(-0.05),2.69,0.8406
Seg(-0.05),2.73,0.8385
Seg(-0.05),2.74,0.8385
Seg(-0.05),2.75,0.8385
Seg(-0.05),2.83,0.8365
Seg(-0.05),2.84,0.8365
Seg(-0.05),2.86,0.8365
Seg(-0.05),2.89,0.8365
Seg(-0.05),2.95,0.8365
Seg(-0.05),2.96,0.8365
Seg(-0.05),2.98,0.8365
Seg(-0.05),3.03,0.8365
Seg(-0.05),3.07,0.8344
Seg(-0.05),3.14,0.8344
Seg(-0.05),3.15,0.8344
Seg(-0.05),3.19,0.8323
Seg(-0.05),3.2,0.8323
Seg(-0.05),3.23,0.8323
Seg(-0.05),3.25,0.8323
Seg(-0.05),3.27,0.8323
Seg(-0.05),3.32,0.8323
Seg(-0.05),3.33,0.8323
Seg(-0.05),3.37,0.8323
Seg(-0.05),3.39,0.8323
Seg(-0.05),3.41,0.8323
Seg(-0.05),3.43,0.8302
Seg(-0.05),3.45,0.8302
Seg(-0.05),3.52,0.8302
Seg(-0.05),3.56,0.8302
Seg(-0.05),3.59,0.8302
Seg(-0.05),3.6,0.8302
Seg(-0.05),3.61,0.8302
Seg(-0.05),3.66,0.8302
Seg(-0.05),3.67,0.8302
Seg(-0.05),3.69,0.8281
Seg(-0.05),3.7,0.8281
Seg(-0.05),3.72,0.8281
Seg(-0.05),3.73,0.8281
Seg(-0.05),3.76,0.8281
Seg(-0.05),3.79,0.8281
Seg(-0.05),3.8,0.8281
Seg(-0.05),3.85,0.8281
Seg(-0.05),3.87,0.8281
Seg(-0.05),3.88,0.8281
Seg(-0.05),3.91,0.8281
Seg(-0.05),3.93,0.8281
Seg(-0.05),3.95,0.8281
Seg(-0.05),3.96,0.8281
Seg(-0.05),3.97,0.8281
Seg(-0.05),4.01,0.8281
Seg(-0.05),4.02,0.8281
Seg(-0.05),4.05,0.8281
Seg(-0.05),4.08,0.8281
Seg(-0.05),4.1,0.8281
Seg(-0.05),4.11,0.824
Seg(-0.05),4.12,0.824
Seg(-0.05),4.13,0.8219
Seg(-0.05),4.15,0.8219
Seg(-0.05),4.2,0.824
Seg(-0.05),4.24,0.8198
Seg(-0.05),4.25,0.8198
Seg(-0.05),4.26,0.8198
Seg(-0.05),4.29,0.8198
Seg(-0.05),4.3,0.8198
Seg(-0.05),4.33,0.8198
Seg(-0.05),4.34,0.8177
Seg(-0.05),4.35,0.8177
Seg(-0.05),4.37,0.8177
Seg(-0.05),4.38,0.8177
Seg(-0.05),4.42,0.8177
Seg(-0.05),4.43,0.8177
Seg(-0.05),4.45,0.8177
Seg(-0.05),4.47,0.8177
Seg(-0.05),4.5,0.8156
Seg(-0.05),4.51,0.8156
Seg(-0.05),4.54,0.8177
Seg(-0.05),4.55,0.8177
Seg(-0.05),4.58,0.8177
Seg(-0.05),4.59,0.8177
Seg(-0.05),4.6,0.8177
Seg(-0.05),4.62,0.8177
Seg(-0.05),4.63,0.8156
Seg(-0.05),4.64,0.8156
Seg(-0.05),4.65,0.8115
Seg(-0.05),4.66,0.8094
Seg(-0.05),4.67,0.8094
Seg(-0.05),4.68,0.8094
Seg(-0.05),4.71,0.8094
Seg(-0.05),4.72,0.8094
Seg(-0.05),4.76,0.8094
Seg(-0.05),4.77,0.8094
Seg(-0.05),4.78,0.8104
Seg(-0.05),4.79,0.8104
Seg(-0.05),4.86,0.8104
Seg(-0.05),4.88,0.8104
Seg(-0.05),4.89,0.8094
Seg(-0.05),4.92,0.8083
Seg(-0.05),4.95,0.8167
Seg(-0.05),5.0,0.8167
Seg(-0.05),5.02,0.8146
Seg(-0.05),5.03,0.8167
Seg(-0.05),5.05,0.8167
Seg(-0.05),5.06,0.8167
Seg(-0.05),5.08,0.8167
Seg(-0.05),5.16,0.8167
Seg(-0.05),5.18,0.8167
Seg(-0.05),5.21,0.8167
Seg(-0.05),5.22,0.8167
Seg(-0.05),5.23,0.8167
Seg(-0.05),5.28,0.8167
Seg(-0.05),5.29,0.8146
Seg(-0.05),5.3,0.8125
Seg(-0.05),5.32,0.8104
Seg(-0.05),5.34,0.8104
Seg(-0.05),5.41,0.8083
Seg(-0.05),5.46,0.8083
Seg(-0.05),5.53,0.8083
Seg(-0.05),5.54,0.8083
Seg(-0.05),5.55,0.8083
Seg(-0.05),5.58,0.8063
Seg(-0.05),5.59,0.8063
Seg(-0.05),5.61,0.8042
Seg(-0.05),5.62,0.8042
Seg(-0.05),5.66,0.8021
Seg(-0.05),5.73,0.8
Seg(-0.05),5.74,0.8
Seg(-0.05),5.75,0.8
Seg(-0.05),5.76,0.8
Seg(-0.05),5.77,0.8
Seg(-0.05),5.79,0.8
Seg(-0.05),5.8,0.8
Seg(-0.05),5.83,0.8
Seg(-0.05),5.84,0.8
Seg(-0.05),5.86,0.8
Seg(-0.05),5.87,0.8
Seg(-0.05),5.91,0.8
Seg(-0.05),6.01,0.8
Seg(-0.05),6.04,0.8
Seg(-0.05),6.07,0.8
Seg(-0.05),6.08,0.8
Seg(-0.05),6.1,0.8
Seg(-0.05),6.12,0.799
Seg(-0.05),6.14,0.799
Seg(-0.05),6.21,0.799
Seg(-0.05),6.28,0.801
Seg(-0.05),6.34,0.801
Seg(-0.05),6.37,0.801
Seg(-0.05),6.46,0.801
Seg(-0.05),6.48,0.801
Seg(-0.05),6.8,0.801
Seg(-0.05),6.93,0.801
Seg(-0.05),6.94,0.801
Seg(-0.05),6.96,0.801
Seg(-0.05),7.0,0.801
Seg(-0.05),7.01,0.801
Seg(-0.05),7.02,0.799
Seg(-0.05),7.04,0.7948
Seg(-0.05),7.16,0.7948
Seg(-0.05),7.27,0.7948
Seg(-0.05),7.33,0.7948
Seg(-0.05),7.46,0.7948
Seg(-0.05),7.47,0.7948
Seg(-0.05),7.55,0.7948
Seg(-0.05),7.58,0.7948
Seg(-0.05),7.7,0.7948
Seg(-0.05),9.2,0.7948
Seg(-0.05),9.21,0.7948
RNG(0),1.03,0.8568
RNG(0),1.04,0.8568
RNG(0),1.05,0.8568
RNG(0),1.06,0.8568
RNG(0),1.07,0.8568
RNG(0),1.08,0.8568
RNG(0),1.09,0.8568
RNG(0),1.1,0.8568
RNG(0),1.11,0.8568
RNG(0),1.13,0.8568
RNG(0),1.14,0.8568
RNG(0),1.15,0.8568
RNG(0),1.18,0.8568
RNG(0),1.19,0.8568
RNG(0),1.2,0.8568
RNG(0),1.21,0.8568
RNG(0),1.22,0.8568
RNG(0),1.23,0.8568
RNG(0),1.24,0.8568
RNG(0),1.25,0.8568
RNG(0),1.26,0.8568
RNG(0),1.27,0.8568
RNG(0),1.28,0.8568
RNG(0),1.29,0.8568
RNG(0),1.3,0.8568
RNG(0),1.31,0.8568
RNG(0),1.32,0.8568
RNG(0),1.33,0.8568
RNG(0),1.34,0.8568
RNG(0),1.35,0.8568
RNG(0),1.36,0.8568
RNG(0),1.37,0.8568
RNG(0),1.38,0.8568
RNG(0),1.39,0.8568
RNG(0),1.4,0.8568
RNG(0),1.41,0.8547
RNG(0),1.42,0.8547
RNG(0),1.43,0.8547
RNG(0),1.44,0.8536
RNG(0),1.45,0.8536
RNG(0),1.46,0.8536
RNG(0),1.47,0.8536
RNG(0),1.48,0.8536
RNG(0),1.49,0.8536
RNG(0),1.5,0.8536
RNG(0),1.51,0.8536
RNG(0),1.52,0.8536
RNG(0),1.53,0.8536
RNG(0),1.54,0.8536
RNG(0),1.55,0.8536
RNG(0),1.56,0.8536
RNG(0),1.57,0.8495
RNG(0),1.58,0.851
RNG(0),1.6,0.8521
RNG(0),1.61,0.851
RNG(0),1.62,0.851
RNG(0),1.63,0.851
RNG(0),1.64,0.851
RNG(0),1.65,0.8521
RNG(0),1.66,0.8521
RNG(0),1.67,0.8521
RNG(0),1.68,0.8521
RNG(0),1.69,0.8521
RNG(0),1.7,0.85
RNG(0),1.71,0.85
RNG(0),1.72,0.85
RNG(0),1.73,0.8505
RNG(0),1.75,0.8505
RNG(0),1.76,0.8505
RNG(0),1.78,0.851
RNG(0),1.79,0.851
RNG(0),1.8,0.851
RNG(0),1.81,0.851
RNG(0),1.82,0.851
RNG(0),1.85,0.851
RNG(0),1.87,0.851
RNG(0),1.88,0.851
RNG(0),1.89,0.851
RNG(0),1.91,0.851
RNG(0),1.93,0.851
RNG(0),1.94,0.851
RNG(0),1.95,0.851
RNG(0),1.96,0.851
RNG(0),1.99,0.851
RNG(0),2.0,0.851
RNG(0),2.01,0.849
RNG(0),2.02,0.849
RNG(0),2.07,0.849
RNG(0),2.08,0.8479
RNG(0),2.09,0.8479
RNG(0),2.1,0.8479
RNG(0),2.13,0.8479
RNG(0),2.14,0.8458
RNG(0),2.17,0.8458
RNG(0),2.18,0.8458
RNG(0),2.19,0.8438
RNG(0),2.24,0.8438
RNG(0),2.3,0.8438
RNG(0),2.32,0.8438
RNG(0),2.33,0.8438
RNG(0),2.34,0.8427
RNG(0),2.35,0.8427
RNG(0),2.37,0.8427
RNG(0),2.39,0.8427
RNG(0),2.4,0.8427
RNG(0),2.41,0.8427
RNG(0),2.43,0.8406
RNG(0),2.44,0.8406
RNG(0),2.49,0.8406
RNG(0),2.5,0.8406
RNG(0),2.51,0.8406
RNG(0),2.52,0.8406
RNG(0),2.57,0.8406
RNG(0),2.58,0.8406
RNG(0),2.6,0.8406
RNG(0),2.62,0.8406
RNG(0),2.63,0.8406
RNG(0),2.64,0.8406
RNG(0),2.66,0.8406
RNG(0),2.68,0.8406
RNG(0),2.69,0.8406
RNG(0),2.73,0.8385
RNG(0),2.74,0.8385
RNG(0),2.75,0.8385
RNG(0),2.83,0.8365
RNG(0),2.84,0.8365
RNG(0),2.86,0.8365
RNG(0),2.89,0.8365
RNG(0),2.95,0.8365
RNG(0),2.96,0.8365
RNG(0),2.98,0.8365
RNG(0),3.03,0.8365
RNG(0),3.07,0.8344
RNG(0),3.14,0.8344
RNG(0),3.15,0.8344
RNG(0),3.19,0.8323
RNG(0),3.2,0.8323
RNG(0),3.23,0.8323
RNG(0),3.25,0.8323
RNG(0),3.27,0.8323
RNG(0),3.32,0.8323
RNG(0),3.33,0.8323
RNG(0),3.37,0.8323
RNG(0),3.39,0.8323
RNG(0),3.41,0.8323
RNG(0),3.43,0.8302
RNG(0),3.45,0.8302
RNG(0),3.52,0.8302
RNG(0),3.56,0.8302
RNG(0),3.59,0.8302
RNG(0),3.6,0.8302
RNG(0),3.61,0.8302
RNG(0),3.66,0.8302
RNG(0),3.67,0.8302
RNG(0),3.69,0.8281
RNG(0),3.7,0.8281
RNG(0),3.72,0.8281
RNG(0),3.73,0.8281
RNG(0),3.76,0.8281
RNG(0),3.79,0.8281
RNG(0),3.8,0.8281
RNG(0),3.85,0.8281
RNG(0),3.87,0.8281
RNG(0),3.88,0.8281
RNG(0),3.91,0.8281
RNG(0),3.93,0.8281
RNG(0),3.95,0.8281
RNG(0),3.96,0.8281
RNG(0),3.97,0.8281
RNG(0),4.01,0.8281
RNG(0),4.02,0.8281
RNG(0),4.05,0.8281
RNG(0),4.08,0.8271
RNG(0),4.1,0.8271
RNG(0),4.11,0.8229
RNG(0),4.12,0.8229
RNG(0),4.13,0.8208
RNG(0),4.15,0.8208
RNG(0),4.2,0.8229
RNG(0),4.24,0.8187
RNG(0),4.25,0.8187
RNG(0),4.26,0.8187
RNG(0),4.29,0.8187
RNG(0),4.3,0.8187
RNG(0),4.33,0.8187
RNG(0),4.34,0.8167
RNG(0),4.35,0.8167
RNG(0),4.37,0.8167
RNG(0),4.38,0.8167
RNG(0),4.42,0.8167
RNG(0),4.43,0.8167
RNG(0),4.45,0.8167
RNG(0),4.47,0.8167
RNG(0),4.5,0.8146
RNG(0),4.51,0.8146
RNG(0),4.54,0.8167
RNG(0),4.55,0.8167
RNG(0),4.58,0.8167
RNG(0),4.59,0.8167
RNG(0),4.6,0.8167
RNG(0),4.62,0.8167
RNG(0),4.63,0.8146
RNG(0),4.64,0.8125
RNG(0),4.65,0.8083
RNG(0),4.66,0.8063
RNG(0),4.67,0.8063
RNG(0),4.68,0.8063
RNG(0),4.71,0.8063
RNG(0),4.72,0.8063
RNG(0),4.76,0.8063
RNG(0),4.77,0.8063
RNG(0),4.78,0.8073
RNG(0),4.79,0.8073
RNG(0),4.86,0.8073
RNG(0),4.88,0.8073
RNG(0),4.89,0.8073
RNG(0),4.92,0.8063
RNG(0),4.95,0.8125
RNG(0),5.0,0.8125
RNG(0),5.02,0.8104
RNG(0),5.03,0.8125
RNG(0),5.05,0.8125
RNG(0),5.06,0.8125
RNG(0),5.08,0.8125
RNG(0),5.16,0.8125
RNG(0),5.18,0.8125
RNG(0),5.21,0.8125
RNG(0),5.22,0.8125
RNG(0),5.23,0.8125
RNG(0),5.28,0.8125
RNG(0),5.29,0.8104
RNG(0),5.3,0.8083
RNG(0),5.32,0.8063
RNG(0),5.34,0.8063
RNG(0),5.41,0.8042
RNG(0),5.46,0.8042
RNG(0),5.53,0.8042
RNG(0),5.54,0.8042
RNG(0),5.55,0.8042
RNG(0),5.58,0.8021
RNG(0),5.59,0.8021
RNG(0),5.61,0.8
RNG(0),5.62,0.8
RNG(0),5.66,0.7979
RNG(0),5.73,0.7958
RNG(0),5.74,0.7958
RNG(0),5.75,0.7958
RNG(0),5.76,0.7958
RNG(0),5.77,0.7958
RNG(0),5.79,0.7958
RNG(0),5.8,0.7958
RNG(0),5.83,0.7958
RNG(0),5.84,0.7958
RNG(0),5.86,0.7958
RNG(0),5.87,0.7958
RNG(0),5.91,0.7958
RNG(0),6.01,0.7958
RNG(0),6.04,0.7958
RNG(0),6.07,0.7958
RNG(0),6.08,0.7958
RNG(0),6.1,0.7958
RNG(0),6.12,0.7948
RNG(0),6.14,0.7948
RNG(0),6.21,0.7948
RNG(0),6.28,0.7948
RNG(0),6.34,0.7948
RNG(0),6.37,0.7948
RNG(0),6.46,0.7948
RNG(0),6.48,0.7948
RNG(0),6.8,0.7948
RNG(0),6.93,0.7948
RNG(0),6.94,0.7948
RNG(0),6.96,0.7948
RNG(0),7.0,0.7948
RNG(0),7.01,0.7948
RNG(0),7.02,0.7927
RNG(0),7.04,0.7885
RNG(0),7.16,0.7885
RNG(0),7.27,0.7885
RNG(0),7.33,0.7885
RNG(0),7.46,0.7885
RNG(0),7.47,0.7885
RNG(0),7.55,0.7885
RNG(0),7.58,0.7885
RNG(0),7.7,0.7885
RNG(0),9.2,0.7885
RNG(0),9.21,0.7885
Seg(0),1.03,0.8568
Seg(0),1.04,0.8568
Seg(0),1.05,0.8568
Seg(0),1.06,0.8568
Seg(0),1.07,0.8568
Seg(0),1.08,0.8568
Seg(0),1.09,0.8568
Seg(0),1.1,0.8568
Seg(0),1.11,0.8568
Seg(0),1.13,0.8568
Seg(0),1.14,0.8568
Seg(0),1.15,0.8568
Seg(0),1.18,0.8568
Seg(0),1.19,0.8568
Seg(0),1.2,0.8568
Seg(0),1.21,0.8568
Seg(0),1.22,0.8568
Seg(0),1.23,0.8568
Seg(0),1.24,0.8568
Seg(0),1.25,0.8568
Seg(0),1.26,0.8568
Seg(0),1.27,0.8568
Seg(0),1.28,0.8568
Seg(0),1.29,0.8568
Seg(0),1.3,0.8568
Seg(0),1.31,0.8568
Seg(0),1.32,0.8568
Seg(0),1.33,0.8568
Seg(0),1.34,0.8568
Seg(0),1.35,0.8568
Seg(0),1.36,0.8568
Seg(0),1.37,0.8568
Seg(0),1.38,0.8568
Seg(0),1.39,0.8568
Seg(0),1.4,0.8568
Seg(0),1.41,0.8547
Seg(0),1.42,0.8547
Seg(0),1.43,0.8547
Seg(0),1.44,0.8536
Seg(0),1.45,0.8536
Seg(0),1.46,0.8536
Seg(0),1.47,0.8536
Seg(0),1.48,0.8536
Seg(0),1.49,0.8536
Seg(0),1.5,0.8536
Seg(0),1.51,0.8536
Seg(0),1.52,0.8536
Seg(0),1.53,0.8536
Seg(0),1.54,0.8536
Seg(0),1.55,0.8536
Seg(0),1.56,0.8536
Seg(0),1.57,0.8516
Seg(0),1.58,0.8531
Seg(0),1.6,0.8542
Seg(0),1.61,0.8531
Seg(0),1.62,0.8531
Seg(0),1.63,0.8531
Seg(0),1.64,0.8531
Seg(0),1.65,0.8542
Seg(0),1.66,0.8542
Seg(0),1.67,0.8542
Seg(0),1.68,0.8542
Seg(0),1.69,0.8542
Seg(0),1.7,0.8521
Seg(0),1.71,0.8521
Seg(0),1.72,0.8521
Seg(0),1.73,0.8526
Seg(0),1.75,0.8526
Seg(0),1.76,0.8526
Seg(0),1.78,0.8531
Seg(0),1.79,0.8531
Seg(0),1.8,0.8531
Seg(0),1.81,0.8531
Seg(0),1.82,0.8531
Seg(0),1.85,0.8531
Seg(0),1.87,0.8531
Seg(0),1.88,0.8531
Seg(0),1.89,0.8531
Seg(0),1.91,0.8531
Seg(0),1.93,0.8531
Seg(0),1.94,0.8531
Seg(0),1.95,0.8531
Seg(0),1.96,0.8531
Seg(0),1.99,0.8531
Seg(0),2.0,0.8531
Seg(0),2.01,0.851
Seg(0),2.02,0.851
Seg(0),2.07,0.851
Seg(0),2.08,0.85
Seg(0),2.09,0.85
Seg(0),2.1,0.85
Seg(0),2.13,0.85
Seg(0),2.14,0.8479
Seg(0),2.17,0.8479
Seg(0),2.18,0.8479
Seg(0),2.19,0.8458
Seg(0),2.24,0.8458
Seg(0),2.3,0.8458
Seg(0),2.32,0.8458
Seg(0),2.33,0.8458
Seg(0),2.34,0.8448
Seg(0),2.35,0.8448
Seg(0),2.37,0.8448
Seg(0),2.39,0.8448
Seg(0),2.4,0.8448
Seg(0),2.41,0.8448
Seg(0),2.43,0.8427
Seg(0),2.44,0.8427
Seg(0),2.49,0.8427
Seg(0),2.5,0.8427
Seg(0),2.51,0.8427
Seg(0),2.52,0.8427
Seg(0),2.57,0.8427
Seg(0),2.58,0.8427
Seg(0),2.6,0.8427
Seg(0),2.62,0.8427
Seg(0),2.63,0.8427
Seg(0),2.64,0.8427
Seg(0),2.66,0.8427
Seg(0),2.68,0.8427
Seg(0),2.69,0.8427
Seg(0),2.73,0.8406
Seg(0),2.74,0.8406
Seg(0),2.75,0.8406
Seg(0),2.83,0.8385
Seg(0),2.84,0.8385
Seg(0),2.86,0.8385
Seg(0),2.89,0.8385
Seg(0),2.95,0.8385
Seg(0),2.96,0.8385
Seg(0),2.98,0.8385
Seg(0),3.03,0.8385
Seg(0),3.07,0.8385
Seg(0),3.14,0.8385
Seg(0),3.15,0.8385
Seg(0),3.19,0.8365
Seg(0),3.2,0.8365
Seg(0),3.23,0.8365
Seg(0),3.25,0.8365
Seg(0),3.27,0.8365
Seg(0),3.32,0.8365
Seg(0),3.33,0.8365
Seg(0),3.37,0.8365
Seg(0),3.39,0.8365
Seg(0),3.41,0.8365
Seg(0),3.43,0.8344
Seg(0),3.45,0.8344
Seg(0),3.52,0.8344
Seg(0),3.56,0.8344
Seg(0),3.59,0.8344
Seg(0),3.6,0.8344
Seg(0),3.61,0.8344
Seg(0),3.66,0.8344
Seg(0),3.67,0.8344
Seg(0),3.69,0.8323
Seg(0),3.7,0.8323
Seg(0),3.72,0.8323
Seg(0),3.73,0.8323
Seg(0),3.76,0.8323
Seg(0),3.79,0.8323
Seg(0),3.8,0.8323
Seg(0),3.85,0.8323
Seg(0),3.87,0.8323
Seg(0),3.88,0.8323
Seg(0),3.91,0.8323
Seg(0),3.93,0.8323
Seg(0),3.95,0.8323
Seg(0),3.96,0.8323
Seg(0),3.97,0.8323
Seg(0),4.01,0.8323
Seg(0),4.02,0.8323
Seg(0),4.05,0.8323
Seg(0),4.08,0.8323
Seg(0),4.1,0.8323
Seg(0),4.11,0.8302
Seg(0),4.12,0.8302
Seg(0),4.13,0.8281
Seg(0),4.15,0.8281
Seg(0),4.2,0.8302
Seg(0),4.24,0.826
Seg(0),4.25,0.826
Seg(0),4.26,0.826
Seg(0),4.29,0.826
Seg(0),4.3,0.826
Seg(0),4.33,0.826
Seg(0),4.34,0.824
Seg(0),4.35,0.824
Seg(0),4.37,0.824
Seg(0),4.38,0.824
Seg(0),4.42,0.824
Seg(0),4.43,0.824
Seg(0),4.45,0.824
Seg(0),4.47,0.824
Seg(0),4.5,0.8219
Seg(0),4.51,0.8219
Seg(0),4.54,0.824
Seg(0),4.55,0.824
Seg(0),4.58,0.824
Seg(0),4.59,0.824
Seg(0),4.6,0.824
Seg(0),4.62,0.824
Seg(0),4.63,0.8219
Seg(0),4.64,0.8198
Seg(0),4.65,0.8156
Seg(0),4.66,0.8135
Seg(0),4.67,0.8135
Seg(0),4.68,0.8135
Seg(0),4.71,0.8135
Seg(0),4.72,0.8135
Seg(0),4.76,0.8135
Seg(0),4.77,0.8135
Seg(0),4.78,0.8135
Seg(0),4.79,0.8135
Seg(0),4.86,0.8135
Seg(0),4.88,0.8135
Seg(0),4.89,0.8135
Seg(0),4.92,0.8125
Seg(0),4.95,0.8167
Seg(0),5.0,0.8167
Seg(0),5.02,0.8146
Seg(0),5.03,0.8167
Seg(0),5.05,0.8167
Seg(0),5.06,0.8167
Seg(0),5.08,0.8167
Seg(0),5.16,0.8167
Seg(0),5.18,0.8167
Seg(0),5.21,0.8167
Seg(0),5.22,0.8167
Seg(0),5.23,0.8167
Seg(0),5.28,0.8167
Seg(0),5.29,0.8146
Seg(0),5.3,0.8125
Seg(0),5.32,0.8104
Seg(0),5.34,0.8104
Seg(0),5.41,0.8083
Seg(0),5.46,0.8083
Seg(0),5.53,0.8083
Seg(0),5.54,0.8083
Seg(0),5.55,0.8083
Seg(0),5.58,0.8063
Seg(0),5.59,0.8063
Seg(0),5.61,0.8042
Seg(0),5.62,0.8042
Seg(0),5.66,0.8042
Seg(0),5.73,0.8021
Seg(0),5.74,0.8021
Seg(0),5.75,0.8021
Seg(0),5.76,0.8021
Seg(0),5.77,0.8021
Seg(0),5.79,0.8021
Seg(0),5.8,0.8021
Seg(0),5.83,0.8021
Seg(0),5.84,0.8021
Seg(0),5.86,0.8021
Seg(0),5.87,0.8021
Seg(0),5.91,0.8021
Seg(0),6.01,0.8021
Seg(0),6.04,0.8021
Seg(0),6.07,0.8021
Seg(0),6.08,0.8021
Seg(0),6.1,0.8021
Seg(0),6.12,0.8021
Seg(0),6.14,0.8021
Seg(0),6.21,0.8021
Seg(0),6.28,0.8021
Seg(0),6.34,0.8021
Seg(0),6.37,0.8021
Seg(0),6.46,0.8021
Seg(0),6.48,0.8021
Seg(0),6.8,0.8021
Seg(0),6.93,0.8021
Seg(0),6.94,0.8021
Seg(0),6.96,0.8021
Seg(0),7.0,0.8021
Seg(0),7.01,0.8021
Seg(0),7.02,0.8
Seg(0),7.04,0.7958
Seg(0),7.16,0.7958
Seg(0),7.27,0.7958
Seg(0),7.33,0.7958
Seg(0),7.46,0.7958
Seg(0),7.47,0.7958
Seg(0),7.55,0.7958
Seg(0),7.58,0.7958
Seg(0),7.7,0.7958
Seg(0),9.2,0.7958
Seg(0),9.21,0.7958
RNG(0.05),1.03,0.8568
RNG(0.05),1.04,0.8568
RNG(0.05),1.05,0.8568
RNG(0.05),1.06,0.8568
RNG(0.05),1.07,0.8568
RNG(0.05),1.08,0.8568
RNG(0.05),1.09,0.8568
RNG(0.05),1.1,0.8568
RNG(0.05),1.11,0.8568
RNG(0.05),1.13,0.8568
RNG(0.05),1.14,0.8568
RNG(0.05),1.15,0.8568
RNG(0.05),1.18,0.8568
RNG(0.05),1.19,0.8568
RNG(0.05),1.2,0.8568
RNG(0.05),1.21,0.8568
RNG(0.05),1.22,0.8568
RNG(0.05),1.23,0.8568
RNG(0.05),1.24,0.8568
RNG(0.05),1.25,0.8568
RNG(0.05),1.26,0.8568
RNG(0.05),1.27,0.8568
RNG(0.05),1.28,0.8568
RNG(0.05),1.29,0.8568
RNG(0.05),1.3,0.8568
RNG(0.05),1.31,0.8568
RNG(0.05),1.32,0.8568
RNG(0.05),1.33,0.8568
RNG(0.05),1.34,0.8568
RNG(0.05),1.35,0.8568
RNG(0.05),1.36,0.8568
RNG(0.05),1.37,0.8568
RNG(0.05),1.38,0.8568
RNG(0.05),1.39,0.8568
RNG(0.05),1.4,0.8568
RNG(0.05),1.41,0.8547
RNG(0.05),1.42,0.8547
RNG(0.05),1.43,0.8547
RNG(0.05),1.44,0.8536
RNG(0.05),1.45,0.8536
RNG(0.05),1.46,0.8536
RNG(0.05),1.47,0.8536
RNG(0.05),1.48,0.8536
RNG(0.05),1.49,0.8536
RNG(0.05),1.5,0.8536
RNG(0.05),1.51,0.8536
RNG(0.05),1.52,0.8536
RNG(0.05),1.53,0.8536
RNG(0.05),1.54,0.8536
RNG(0.05),1.55,0.8536
RNG(0.05),1.56,0.8536
RNG(0.05),1.57,0.8536
RNG(0.05),1.58,0.8547
RNG(0.05),1.6,0.8557
RNG(0.05),1.61,0.8547
RNG(0.05),1.62,0.8547
RNG(0.05),1.63,0.8547
RNG(0.05),1.64,0.8547
RNG(0.05),1.65,0.8557
RNG(0.05),1.66,0.8557
RNG(0.05),1.67,0.8557
RNG(0.05),1.68,0.8557
RNG(0.05),1.69,0.8557
RNG(0.05),1.7,0.8557
RNG(0.05),1.71,0.8557
RNG(0.05),1.72,0.8557
RNG(0.05),1.73,0.8562
RNG(0.05),1.75,0.8562
RNG(0.05),1.76,0.8562
RNG(0.05),1.78,0.8568
RNG(0.05),1.79,0.8568
RNG(0.05),1.8,0.8568
RNG(0.05),1.81,0.8568
RNG(0.05),1.82,0.8568
RNG(0.05),1.85,0.8568
RNG(0.05),1.87,0.8568
RNG(0.05),1.88,0.8568
RNG(0.05),1.89,0.8568
RNG(0.05),1.91,0.8568
RNG(0.05),1.93,0.8568
RNG(0.05),1.94,0.8568
RNG(0.05),1.95,0.8568
RNG(0.05),1.96,0.8568
RNG(0.05),1.99,0.8568
RNG(0.05),2.0,0.8568
RNG(0.05),2.01,0.8547
RNG(0.05),2.02,0.8547
RNG(0.05),2.07,0.8547
RNG(0.05),2.08,0.8536
RNG(0.05),2.09,0.8536
RNG(0.05),2.1,0.8536
RNG(0.05),2.13,0.8536
RNG(0.05),2.14,0.8516
RNG(0.05),2.17,0.8516
RNG(0.05),2.18,0.8516
RNG(0.05),2.19,0.8516
RNG(0.05),2.24,0.8516
RNG(0.05),2.3,0.8516
RNG(0.05),2.32,0.8516
RNG(0.05),2.33,0.8516
RNG(0.05),2.34,0.8516
RNG(0.05),2.35,0.8516
RNG(0.05),2.37,0.8516
RNG(0.05),2.39,0.8516
RNG(0.05),2.4,0.8516
RNG(0.05),2.41,0.8516
RNG(0.05),2.43,0.8495
RNG(0.05),2.44,0.8495
RNG(0.05),2.49,0.8495
RNG(0.05),2.5,0.8495
RNG(0.05),2.51,0.8495
RNG(0.05),2.52,0.8495
RNG(0.05),2.57,0.8495
RNG(0.05),2.58,0.8495
RNG(0.05),2.6,0.8495
RNG(0.05),2.62,0.8495
RNG(0.05),2.63,0.8495
RNG(0.05),2.64,0.8495
RNG(0.05),2.66,0.8495
RNG(0.05),2.68,0.8495
RNG(0.05),2.69,0.8495
RNG(0.05),2.73,0.8495
RNG(0.05),2.74,0.8495
RNG(0.05),2.75,0.8495
RNG(0.05),2.83,0.8474
RNG(0.05),2.84,0.8474
RNG(0.05),2.86,0.8474
RNG(0.05),2.89,0.8474
RNG(0.05),2.95,0.8474
RNG(0.05),2.96,0.8474
RNG(0.05),2.98,0.8474
RNG(0.05),3.03,0.8474
RNG(0.05),3.07,0.8474
RNG(0.05),3.14,0.8474
RNG(0.05),3.15,0.8474
RNG(0.05),3.19,0.8453
RNG(0.05),3.2,0.8453
RNG(0.05),3.23,0.8453
RNG(0.05),3.25,0.8453
RNG(0.05),3.27,0.8453
RNG(0.05),3.32,0.8453
RNG(0.05),3.33,0.8453
RNG(0.05),3.37,0.8453
RNG(0.05),3.39,0.8453
RNG(0.05),3.41,0.8453
RNG(0.05),3.43,0.8432
RNG(0.05),3.45,0.8432
RNG(0.05),3.52,0.8432
RNG(0.05),3.56,0.8432
RNG(0.05),3.59,0.8432
RNG(0.05),3.6,0.8432
RNG(0.05),3.61,0.8432
RNG(0.05),3.66,0.8432
RNG(0.05),3.67,0.8432
RNG(0.05),3.69,0.8411
RNG(0.05),3.7,0.8411
RNG(0.05),3.72,0.8411
RNG(0.05),3.73,0.8411
RNG(0.05),3.76,0.8411
RNG(0.05),3.79,0.8411
RNG(0.05),3.8,0.8411
RNG(0.05),3.85,0.8411
RNG(0.05),3.87,0.8411
RNG(0.05),3.88,0.8411
RNG(0.05),3.91,0.8411
RNG(0.05),3.93,0.8411
RNG(0.05),3.95,0.8411
RNG(0.05),3.96,0.8411
RNG(0.05),3.97,0.8411
RNG(0.05),4.01,0.8411
RNG(0.05),4.02,0.8411
RNG(0.05),4.05,0.8411
RNG(0.05),4.08,0.8411
RNG(0.05),4.1,0.8411
RNG(0.05),4.11,0.8411
RNG(0.05),4.12,0.8411
RNG(0.05),4.13,0.8411
RNG(0.05),4.15,0.8411
RNG(0.05),4.2,0.8432
RNG(0.05),4.24,0.8391
RNG(0.05),4.25,0.8391
RNG(0.05),4.26,0.8391
RNG(0.05),4.29,0.8391
RNG(0.05),4.3,0.8391
RNG(0.05),4.33,0.8391
RNG(0.05),4.34,0.8391
RNG(0.05),4.35,0.8391
RNG(0.05),4.37,0.8391
RNG(0.05),4.38,0.8391
RNG(0.05),4.42,0.8391
RNG(0.05),4.43,0.8391
RNG(0.05),4.45,0.8391
RNG(0.05),4.47,0.8391
RNG(0.05),4.5,0.8391
RNG(0.05),4.51,0.8391
RNG(0.05),4.54,0.8411
RNG(0.05),4.55,0.8411
RNG(0.05),4.58,0.8411
RNG(0.05),4.59,0.8411
RNG(0.05),4.6,0.8411
RNG(0.05),4.62,0.8411
RNG(0.05),4.63,0.8391
RNG(0.05),4.64,0.837
RNG(0.05),4.65,0.8328
RNG(0.05),4.66,0.8307
RNG(0.05),4.67,0.8307
RNG(0.05),4.68,0.8307
RNG(0.05),4.71,0.8307
RNG(0.05),4.72,0.8307
RNG(0.05),4.76,0.8307
RNG(0.05),4.77,0.8307
RNG(0.05),4.78,0.8307
RNG(0.05),4.79,0.8307
RNG(0.05),4.86,0.8307
RNG(0.05),4.88,0.8307
RNG(0.05),4.89,0.8307
RNG(0.05),4.92,0.8297
RNG(0.05),4.95,0.8339
RNG(0.05),5.0,0.8339
RNG(0.05),5.02,0.8318
RNG(0.05),5.03,0.8339
RNG(0.05),5.05,0.8339
RNG(0.05),5.06,0.8339
RNG(0.05),5.08,0.8339
RNG(0.05),5.16,0.8339
RNG(0.05),5.18,0.8339
RNG(0.05),5.21,0.8339
RNG(0.05),5.22,0.8339
RNG(0.05),5.23,0.8339
RNG(0.05),5.28,0.8339
RNG(0.05),5.29,0.8318
RNG(0.05),5.3,0.8297
RNG(0.05),5.32,0.8276
RNG(0.05),5.34,0.8276
RNG(0.05),5.41,0.8255
RNG(0.05),5.46,0.8255
RNG(0.05),5.53,0.8255
RNG(0.05),5.54,0.8255
RNG(0.05),5.55,0.8255
RNG(0.05),5.58,0.8234
RNG(0.05),5.59,0.8234
RNG(0.05),5.61,0.8214
RNG(0.05),5.62,0.8214
RNG(0.05),5.66,0.8214
RNG(0.05),5.73,0.8193
RNG(0.05),5.74,0.8193
RNG(0.05),5.75,0.8193
RNG(0.05),5.76,0.8193
RNG(0.05),5.77,0.8193
RNG(0.05),5.79,0.8193
RNG(0.05),5.8,0.8193
RNG(0.05),5.83,0.8193
RNG(0.05),5.84,0.8193
RNG(0.05),5.86,0.8193
RNG(0.05),5.87,0.8193
RNG(0.05),5.91,0.8193
RNG(0.05),6.01,0.8193
RNG(0.05),6.04,0.8193
RNG(0.05),6.07,0.8193
RNG(0.05),6.08,0.8193
RNG(0.05),6.1,0.8193
RNG(0.05),6.12,0.8193
RNG(0.05),6.14,0.8193
RNG(0.05),6.21,0.8193
RNG(0.05),6.28,0.8193
RNG(0.05),6.34,0.8193
RNG(0.05),6.37,0.8193
RNG(0.05),6.46,0.8193
RNG(0.05),6.48,0.8193
RNG(0.05),6.8,0.8193
RNG(0.05),6.93,0.8193
RNG(0.05),6.94,0.8193
RNG(0.05),6.96,0.8193
RNG(0.05),7.0,0.8193
RNG(0.05),7.01,0.8193
RNG(0.05),7.02,0.8172
RNG(0.05),7.04,0.813
RNG(0.05),7.16,0.813
RNG(0.05),7.27,0.813
RNG(0.05),7.33,0.813
RNG(0.05),7.46,0.813
RNG(0.05),7.47,0.813
RNG(0.05),7.55,0.813
RNG(0.05),7.58,0.813
RNG(0.05),7.7,0.813
RNG(0.05),9.2,0.813
RNG(0.05),9.21,0.813
Seg(0.05),1.03,0.8568
Seg(0.05),1.04,0.8568
Seg(0.05),1.05,0.8568
Seg(0.05),1.06,0.8568
Seg(0.05),1.07,0.8568
Seg(0.05),1.08,0.8568
Seg(0.05),1.09,0.8568
Seg(0.05),1.1,0.8568
Seg(0.05),1.11,0.8568
Seg(0.05),1.13,0.8568
Seg(0.05),1.14,0.8568
Seg(0.05),1.15,0.8568
Seg(0.05),1.18,0.8568
Seg(0.05),1.19,0.8568
Seg(0.05),1.2,0.8568
Seg(0.05),1.21,0.8568
Seg(0.05),1.22,0.8568
Seg(0.05),1.23,0.8568
Seg(0.05),1.24,0.8568
Seg(0.05),1.25,0.8568
Seg(0.05),1.26,0.8568
Seg(0.05),1.27,0.8568
Seg(0.05),1.28,0.8568
Seg(0.05),1.29,0.8568
Seg(0.05),1.3,0.8568
Seg(0.05),1.31,0.8568
Seg(0.05),1.32,0.8568
Seg(0.05),1.33,0.8568
Seg(0.05),1.34,0.8568
Seg(0.05),1.35,0.8568
Seg(0.05),1.36,0.8568
Seg(0.05),1.37,0.8568
Seg(0.05),1.38,0.8568
Seg(0.05),1.39,0.8568
Seg(0.05),1.4,0.8568
Seg(0.05),1.41,0.8557
Seg(0.05),1.42,0.8557
Seg(0.05),1.43,0.8557
Seg(0.05),1.44,0.8547
Seg(0.05),1.45,0.8547
Seg(0.05),1.46,0.8547
Seg(0.05),1.47,0.8547
Seg(0.05),1.48,0.8547
Seg(0.05),1.49,0.8547
Seg(0.05),1.5,0.8547
Seg(0.05),1.51,0.8547
Seg(0.05),1.52,0.8547
Seg(0.05),1.53,0.8547
Seg(0.05),1.54,0.8547
Seg(0.05),1.55,0.8547
Seg(0.05),1.56,0.8547
Seg(0.05),1.57,0.8547
Seg(0.05),1.58,0.8557
Seg(0.05),1.6,0.8568
Seg(0.05),1.61,0.8557
Seg(0.05),1.62,0.8557
Seg(0.05),1.63,0.8557
Seg(0.05),1.64,0.8557
Seg(0.05),1.65,0.8568
Seg(0.05),1.66,0.8568
Seg(0.05),1.67,0.8568
Seg(0.05),1.68,0.8568
Seg(0.05),1.69,0.8568
Seg(0.05),1.7,0.8568
Seg(0.05),1.71,0.8568
Seg(0.05),1.72,0.8568
Seg(0.05),1.73,0.8573
Seg(0.05),1.75,0.8573
Seg(0.05),1.76,0.8573
Seg(0.05),1.78,0.8578
Seg(0.05),1.79,0.8578
Seg(0.05),1.8,0.8578
Seg(0.05),1.81,0.8578
Seg(0.05),1.82,0.8578
Seg(0.05),1.85,0.8578
Seg(0.05),1.87,0.8578
Seg(0.05),1.88,0.8578
Seg(0.05),1.89,0.8578
Seg(0.05),1.91,0.8578
Seg(0.05),1.93,0.8578
Seg(0.05),1.94,0.8578
Seg(0.05),1.95,0.8578
Seg(0.05),1.96,0.8578
Seg(0.05),1.99,0.8578
Seg(0.05),2.0,0.8578
Seg(0.05),2.01,0.8578
Seg(0.05),2.02,0.8578
Seg(0.05),2.07,0.8578
Seg(0.05),2.08,0.8568
Seg(0.05),2.09,0.8568
Seg(0.05),2.1,0.8568
Seg(0.05),2.13,0.8568
Seg(0.05),2.14,0.8547
Seg(0.05),2.17,0.8547
Seg(0.05),2.18,0.8547
Seg(0.05),2.19,0.8547
Seg(0.05),2.24,0.8547
Seg(0.05),2.3,0.8547
Seg(0.05),2.32,0.8547
Seg(0.05),2.33,0.8547
Seg(0.05),2.34,0.8547
Seg(0.05),2.35,0.8547
Seg(0.05),2.37,0.8547
Seg(0.05),2.39,0.8547
Seg(0.05),2.4,0.8547
Seg(0.05),2.41,0.8547
Seg(0.05),2.43,0.8526
Seg(0.05),2.44,0.8526
Seg(0.05),2.49,0.8526
Seg(0.05),2.5,0.8526
Seg(0.05),2.51,0.8526
Seg(0.05),2.52,0.8526
Seg(0.05),2.57,0.8526
Seg(0.05),2.58,0.8526
Seg(0.05),2.6,0.8526
Seg(0.05),2.62,0.8526
Seg(0.05),2.63,0.8526
Seg(0.05),2.64,0.8526
Seg(0.05),2.66,0.8526
Seg(0.05),2.68,0.8526
Seg(0.05),2.69,0.8526
Seg(0.05),2.73,0.8526
Seg(0.05),2.74,0.8526
Seg(0.05),2.75,0.8526
Seg(0.05),2.83,0.8505
Seg(0.05),2.84,0.8505
Seg(0.05),2.86,0.8505
Seg(0.05),2.89,0.8505
Seg(0.05),2.95,0.8505
Seg(0.05),2.96,0.8505
Seg(0.05),2.98,0.8505
Seg(0.05),3.03,0.8505
Seg(0.05),3.07,0.8505
Seg(0.05),3.14,0.8505
Seg(0.05),3.15,0.8505
Seg(0.05),3.19,0.8505
Seg(0.05),3.2,0.8505
Seg(0.05),3.23,0.8505
Seg(0.05),3.25,0.8505
Seg(0.05),3.27,0.8505
Seg(0.05),3.32,0.8505
Seg(0.05),3.33,0.8505
Seg(0.05),3.37,0.8505
Seg(0.05),3.39,0.8505
Seg(0.05),3.41,0.8505
Seg(0.05),3.43,0.8484
Seg(0.05),3.45,0.8484
Seg(0.05),3.52,0.8484
Seg(0.05),3.56,0.8484
Seg(0.05),3.59,0.8484
Seg(0.05),3.6,0.8484
Seg(0.05),3.61,0.8484
Seg(0.05),3.66,0.8484
Seg(0.05),3.67,0.8484
Seg(0.05),3.69,0.8484
Seg(0.05),3.7,0.8484
Seg(0.05),3.72,0.8484
Seg(0.05),3.73,0.8484
Seg(0.05),3.76,0.8484
Seg(0.05),3.79,0.8484
Seg(0.05),3.8,0.8484
Seg(0.05),3.85,0.8484
Seg(0.05),3.87,0.8484
Seg(0.05),3.88,0.8484
Seg(0.05),3.91,0.8484
Seg(0.05),3.93,0.8484
Seg(0.05),3.95,0.8484
Seg(0.05),3.96,0.8484
Seg(0.05),3.97,0.8484
Seg(0.05),4.01,0.8484
Seg(0.05),4.02,0.8484
Seg(0.05),4.05,0.8484
Seg(0.05),4.08,0.8484
Seg(0.05),4.1,0.8484
Seg(0.05),4.11,0.8484
Seg(0.05),4.12,0.8484
Seg(0.05),4.13,0.8484
Seg(0.05),4.15,0.8484
Seg(0.05),4.2,0.8484
Seg(0.05),4.24,0.8443
Seg(0.05),4.25,0.8443
Seg(0.05),4.26,0.8443
Seg(0.05),4.29,0.8443
Seg(0.05),4.3,0.8443
Seg(0.05),4.33,0.8443
Seg(0.05),4.34,0.8443
Seg(0.05),4.35,0.8443
Seg(0.05),4.37,0.8443
Seg(0.05),4.38,0.8443
Seg(0.05),4.42,0.8443
Seg(0.05),4.43,0.8443
Seg(0.05),4.45,0.8443
Seg(0.05),4.47,0.8443
Seg(0.05),4.5,0.8443
Seg(0.05),4.51,0.8443
Seg(0.05),4.54,0.8443
Seg(0.05),4.55,0.8443
Seg(0.05),4.58,0.8443
Seg(0.05),4.59,0.8443
Seg(0.05),4.6,0.8443
Seg(0.05),4.62,0.8443
Seg(0.05),4.63,0.8422
Seg(0.05),4.64,0.8401
Seg(0.05),4.65,0.8359
Seg(0.05),4.66,0.8339
Seg(0.05),4.67,0.8339
Seg(0.05),4.68,0.8339
Seg(0.05),4.71,0.8339
Seg(0.05),4.72,0.8339
Seg(0.05),4.76,0.8339
Seg(0.05),4.77,0.8339
Seg(0.05),4.78,0.8339
Seg(0.05),4.79,0.8339
Seg(0.05),4.86,0.8339
Seg(0.05),4.88,0.8339
Seg(0.05),4.89,0.8339
Seg(0.05),4.92,0.8339
Seg(0.05),4.95,0.8359
Seg(0.05),5.0,0.8359
Seg(0.05),5.02,0.8339
Seg(0.05),5.03,0.8359
Seg(0.05),5.05,0.8359
Seg(0.05),5.06,0.8359
Seg(0.05),5.08,0.8359
Seg(0.05),5.16,0.8359
Seg(0.05),5.18,0.8359
Seg(0.05),5.21,0.8359
Seg(0.05),5.22,0.8359
Seg(0.05),5.23,0.8359
Seg(0.05),5.28,0.8359
Seg(0.05),5.29,0.8339
Seg(0.05),5.3,0.8318
Seg(0.05),5.32,0.8297
Seg(0.05),5.34,0.8297
Seg(0.05),5.41,0.8276
Seg(0.05),5.46,0.8276
Seg(0.05),5.53,0.8276
Seg(0.05),5.54,0.8276
Seg(0.05),5.55,0.8276
Seg(0.05),5.58,0.8255
Seg(0.05),5.59,0.8255
Seg(0.05),5.61,0.8234
Seg(0.05),5.62,0.8234
Seg(0.05),5.66,0.8234
Seg(0.05),5.73,0.8214
Seg(0.05),5.74,0.8214
Seg(0.05),5.75,0.8214
Seg(0.05),5.76,0.8214
Seg(0.05),5.77,0.8214
Seg(0.05),5.79,0.8214
Seg(0.05),5.8,0.8214
Seg(0.05),5.83,0.8214
Seg(0.05),5.84,0.8214
Seg(0.05),5.86,0.8214
Seg(0.05),5.87,0.8214
Seg(0.05),5.91,0.8214
Seg(0.05),6.01,0.8214
Seg(0.05),6.04,0.8214
Seg(0.05),6.07,0.8214
Seg(0.05),6.08,0.8214
Seg(0.05),6.1,0.8214
Seg(0.05),6.12,0.8214
Seg(0.05),6.14,0.8214
Seg(0.05),6.21,0.8214
Seg(0.05),6.28,0.8214
Seg(0.05),6.34,0.8214
Seg(0.05),6.37,0.8214
Seg(0.05),6.46,0.8214
Seg(0.05),6.48,0.8214
Seg(0.05),6.8,0.8214
Seg(0.05),6.93,0.8214
Seg(0.05),6.94,0.8214
Seg(0.05),6.96,0.8214
Seg(0.05),7.0,0.8214
Seg(0.05),7.01,0.8214
Seg(0.05),7.02,0.8193
Seg(0.05),7.04,0.8151
Seg(0.05),7.16,0.8151
Seg(0.05),7.27,0.8151
Seg(0.05),7.33,0.8151
Seg(0.05),7.46,0.8151
Seg(0.05),7.47,0.8151
Seg(0.05),7.55,0.8151
Seg(0.05),7.58,0.8151
Seg(0.05),7.7,0.8151
Seg(0.05),9.2,0.8151
Seg(0.05),9.21,0.8151
RNG(0.1),1.03,0.8568
RNG(0.1),1.04,0.8568
RNG(0.1),1.05,0.8568
RNG(0.1),1.06,0.8568
RNG(0.1),1.07,0.8568
RNG(0.1),1.08,0.8568
RNG(0.1),1.09,0.8568
RNG(0.1),1.1,0.8568
RNG(0.1),1.11,0.8568
RNG(0.1),1.13,0.8568
RNG(0.1),1.14,0.8568
RNG(0.1),1.15,0.8568
RNG(0.1),1.18,0.8568
RNG(0.1),1.19,0.8568
RNG(0.1),1.2,0.8568
RNG(0.1),1.21,0.8568
RNG(0.1),1.22,0.8568
RNG(0.1),1.23,0.8568
RNG(0.1),1.24,0.8568
RNG(0.1),1.25,0.8568
RNG(0.1),1.26,0.8568
RNG(0.1),1.27,0.8568
RNG(0.1),1.28,0.8568
RNG(0.1),1.29,0.8568
RNG(0.1),1.3,0.8568
RNG(0.1),1.31,0.8568
RNG(0.1),1.32,0.8568
RNG(0.1),1.33,0.8568
RNG(0.1),1.34,0.8568
RNG(0.1),1.35,0.8568
RNG(0.1),1.36,0.8568
RNG(0.1),1.37,0.8568
RNG(0.1),1.38,0.8568
RNG(0.1),1.39,0.8568
RNG(0.1),1.4,0.8568
RNG(0.1),1.41,0.8547
RNG(0.1),1.42,0.8547
RNG(0.1),1.43,0.8547
RNG(0.1),1.44,0.8536
RNG(0.1),1.45,0.8536
RNG(0.1),1.46,0.8536
RNG(0.1),1.47,0.8536
RNG(0.1),1.48,0.8536
RNG(0.1),1.49,0.8536
RNG(0.1),1.5,0.8536
RNG(0.1),1.51,0.8536
RNG(0.1),1.52,0.8536
RNG(0.1),1.53,0.8536
RNG(0.1),1.54,0.8536
RNG(0.1),1.55,0.8536
RNG(0.1),1.56,0.8536
RNG(0.1),1.57,0.8536
RNG(0.1),1.58,0.8547
RNG(0.1),1.6,0.8557
RNG(0.1),1.61,0.8547
RNG(0.1),1.62,0.8547
RNG(0.1),1.63,0.8547
RNG(0.1),1.64,0.8547
RNG(0.1),1.65,0.8557
RNG(0.1),1.66,0.8557
RNG(0.1),1.67,0.8557
RNG(0.1),1.68,0.8557
RNG(0.1),1.69,0.8557
RNG(0.1),1.7,0.8557
RNG(0.1),1.71,0.8557
RNG(0.1),1.72,0.8557
RNG(0.1),1.73,0.8557
RNG(0.1),1.75,0.8557
RNG(0.1),1.76,0.8557
RNG(0.1),1.78,0.8562
RNG(0.1),1.79,0.8562
RNG(0.1),1.8,0.8562
RNG(0.1),1.81,0.8562
RNG(0.1),1.82,0.8562
RNG(0.1),1.85,0.8562
RNG(0.1),1.87,0.8562
RNG(0.1),1.88,0.8562
RNG(0.1),1.89,0.8562
RNG(0.1),1.91,0.8562
RNG(0.1),1.93,0.8562
RNG(0.1),1.94,0.8562
RNG(0.1),1.95,0.8562
RNG(0.1),1.96,0.8562
RNG(0.1),1.99,0.8562
RNG(0.1),2.0,0.8562
RNG(0.1),2.01,0.8562
RNG(0.1),2.02,0.8562
RNG(0.1),2.07,0.8562
RNG(0.1),2.08,0.8552
RNG(0.1),2.09,0.8552
RNG(0.1),2.1,0.8552
RNG(0.1),2.13,0.8552
RNG(0.1),2.14,0.8531
RNG(0.1),2.17,0.8531
RNG(0.1),2.18,0.8531
RNG(0.1),2.19,0.8531
RNG(0.1),2.24,0.8531
RNG(0.1),2.3,0.8531
RNG(0.1),2.32,0.8531
RNG(0.1),2.33,0.8531
RNG(0.1),2.34,0.8531
RNG(0.1),2.35,0.8531
RNG(0.1),2.37,0.8531
RNG(0.1),2.39,0.8531
RNG(0.1),2.4,0.8531
RNG(0.1),2.41,0.8531
RNG(0.1),2.43,0.8531
RNG(0.1),2.44,0.8531
RNG(0.1),2.49,0.8531
RNG(0.1),2.5,0.8531
RNG(0.1),2.51,0.8531
RNG(0.1),2.52,0.8531
RNG(0.1),2.57,0.8531
RNG(0.1),2.58,0.8531
RNG(0.1),2.6,0.8531
RNG(0.1),2.62,0.8531
RNG(0.1),2.63,0.8531
RNG(0.1),2.64,0.8531
RNG(0.1),2.66,0.8531
RNG(0.1),2.68,0.8531
RNG(0.1),2.69,0.8531
RNG(0.1),2.73,0.8531
RNG(0.1),2.74,0.8531
RNG(0.1),2.75,0.8531
RNG(0.1),2.83,0.851
RNG(0.1),2.84,0.851
RNG(0.1),2.86,0.851
RNG(0.1),2.89,0.851
RNG(0.1),2.95,0.851
RNG(0.1),2.96,0.851
RNG(0.1),2.98,0.851
RNG(0.1),3.03,0.851
RNG(0.1),3.07,0.851
RNG(0.1),3.14,0.851
RNG(0.1),3.15,0.851
RNG(0.1),3.19,0.851
RNG(0.1),3.2,0.851
RNG(0.1),3.23,0.851
RNG(0.1),3.25,0.851
RNG(0.1),3.27,0.851
RNG(0.1),3.32,0.851
RNG(0.1),3.33,0.851
RNG(0.1),3.37,0.851
RNG(0.1),3.39,0.851
RNG(0.1),3.41,0.851
RNG(0.1),3.43,0.849
RNG(0.1),3.45,0.849
RNG(0.1),3.52,0.849
RNG(0.1),3.56,0.849
RNG(0.1),3.59,0.849
RNG(0.1),3.6,0.849
RNG(0.1),3.61,0.849
RNG(0.1),3.66,0.849
RNG(0.1),3.67,0.849
RNG(0.1),3.69,0.849
RNG(0.1),3.7,0.849
RNG(0.1),3.72,0.849
RNG(0.1),3.73,0.849
RNG(0.1),3.76,0.849
RNG(0.1),3.79,0.849
RNG(0.1),3.8,0.849
RNG(0.1),3.85,0.849
RNG(0.1),3.87,0.849
RNG(0.1),3.88,0.849
RNG(0.1),3.91,0.849
RNG(0.1),3.93,0.849
RNG(0.1),3.95,0.849
RNG(0.1),3.96,0.849
RNG(0.1),3.97,0.849
RNG(0.1),4.01,0.849
RNG(0.1),4.02,0.849
RNG(0.1),4.05,0.849
RNG(0.1),4.08,0.849
RNG(0.1),4.1,0.849
RNG(0.1),4.11,0.849
RNG(0.1),4.12,0.849
RNG(0.1),4.13,0.849
RNG(0.1),4.15,0.849
RNG(0.1),4.2,0.849
RNG(0.1),4.24,0.8448
RNG(0.1),4.25,0.8448
RNG(0.1),4.26,0.8448
RNG(0.1),4.29,0.8448
RNG(0.1),4.3,0.8448
RNG(0.1),4.33,0.8448
RNG(0.1),4.34,0.8448
RNG(0.1),4.35,0.8448
RNG(0.1),4.37,0.8448
RNG(0.1),4.38,0.8448
RNG(0.1),4.42,0.8448
RNG(0.1),4.43,0.8448
RNG(0.1),4.45,0.8448
RNG(0.1),4.47,0.8448
RNG(0.1),4.5,0.8448
RNG(0.1),4.51,0.8448
RNG(0.1),4.54,0.8448
RNG(0.1),4.55,0.8448
RNG(0.1),4.58,0.8448
RNG(0.1),4.59,0.8448
RNG(0.1),4.6,0.8448
RNG(0.1),4.62,0.8448
RNG(0.1),4.63,0.8427
RNG(0.1),4.64,0.8427
RNG(0.1),4.65,0.8385
RNG(0.1),4.66,0.8365
RNG(0.1),4.67,0.8365
RNG(0.1),4.68,0.8365
RNG(0.1),4.71,0.8365
RNG(0.1),4.72,0.8365
RNG(0.1),4.76,0.8365
RNG(0.1),4.77,0.8365
RNG(0.1),4.78,0.8365
RNG(0.1),4.79,0.8365
RNG(0.1),4.86,0.8365
RNG(0.1),4.88,0.8365
RNG(0.1),4.89,0.8365
RNG(0.1),4.92,0.8365
RNG(0.1),4.95,0.8406
RNG(0.1),5.0,0.8406
RNG(0.1),5.02,0.8385
RNG(0.1),5.03,0.8406
RNG(0.1),5.05,0.8406
RNG(0.1),5.06,0.8406
RNG(0.1),5.08,0.8406
RNG(0.1),5.16,0.8406
RNG(0.1),5.18,0.8406
RNG(0.1),5.21,0.8406
RNG(0.1),5.22,0.8406
RNG(0.1),5.23,0.8406
RNG(0.1),5.28,0.8406
RNG(0.1),5.29,0.8385
RNG(0.1),5.3,0.8365
RNG(0.1),5.32,0.8344
RNG(0.1),5.34,0.8344
RNG(0.1),5.41,0.8323
RNG(0.1),5.46,0.8323
RNG(0.1),5.53,0.8323
RNG(0.1),5.54,0.8323
RNG(0.1),5.55,0.8323
RNG(0.1),5.58,0.8323
RNG(0.1),5.59,0.8323
RNG(0.1),5.61,0.8302
RNG(0.1),5.62,0.8302
RNG(0.1),5.66,0.8302
RNG(0.1),5.73,0.8281
RNG(0.1),5.74,0.8281
RNG(0.1),5.75,0.8281
RNG(0.1),5.76,0.8281
RNG(0.1),5.77,0.8281
RNG(0.1),5.79,0.8281
RNG(0.1),5.8,0.8281
RNG(0.1),5.83,0.8281
RNG(0.1),5.84,0.8281
RNG(0.1),5.86,0.8281
RNG(0.1),5.87,0.8281
RNG(0.1),5.91,0.8281
RNG(0.1),6.01,0.8281
RNG(0.1),6.04,0.8281
RNG(0.1),6.07,0.8281
RNG(0.1),6.08,0.8281
RNG(0.1),6.1,0.8281
RNG(0.1),6.12,0.8281
RNG(0.1),6.14,0.8281
RNG(0.1),6.21,0.8281
RNG(0.1),6.28,0.8281
RNG(0.1),6.34,0.8281
RNG(0.1),6.37,0.8281
RNG(0.1),6.46,0.8281
RNG(0.1),6.48,0.8281
RNG(0.1),6.8,0.8281
RNG(0.1),6.93,0.8281
RNG(0.1),6.94,0.8281
RNG(0.1),6.96,0.8281
RNG(0.1),7.0,0.8281
RNG(0.1),7.01,0.8281
RNG(0.1),7.02,0.826
RNG(0.1),7.04,0.8219
RNG(0.1),7.16,0.8219
RNG(0.1),7.27,0.8219
RNG(0.1),7.33,0.8219
RNG(0.1),7.46,0.8219
RNG(0.1),7.47,0.8219
RNG(0.1),7.55,0.8219
RNG(0.1),7.58,0.8219
RNG(0.1),7.7,0.8219
RNG(0.1),9.2,0.8219
RNG(0.1),9.21,0.8219
Seg(0.1),1.03,0.8568
Seg(0.1),1.04,0.8568
Seg(0.1),1.05,0.8568
Seg(0.1),1.06,0.8568
Seg(0.1),1.07,0.8568
Seg(0.1),1.08,0.8568
Seg(0.1),1.09,0.8568
Seg(0.1),1.1,0.8568
Seg(0.1),1.11,0.8568
Seg(0.1),1.13,0.8568
Seg(0.1),1.14,0.8568
Seg(0.1),1.15,0.8568
Seg(0.1),1.18,0.8568
Seg(0.1),1.19,0.8568
Seg(0.1),1.2,0.8568
Seg(0.1),1.21,0.8568
Seg(0.1),1.22,0.8568
Seg(0.1),1.23,0.8568
Seg(0.1),1.24,0.8568
Seg(0.1),1.25,0.8568
Seg(0.1),1.26,0.8568
Seg(0.1),1.27,0.8568
Seg(0.1),1.28,0.8568
Seg(0.1),1.29,0.8568
Seg(0.1),1.3,0.8568
Seg(0.1),1.31,0.8568
Seg(0.1),1.32,0.8568
Seg(0.1),1.33,0.8568
Seg(0.1),1.34,0.8568
Seg(0.1),1.35,0.8568
Seg(0.1),1.36,0.8568
Seg(0.1),1.37,0.8568
Seg(0.1),1.38,0.8568
Seg(0.1),1.39,0.8568
Seg(0.1),1.4,0.8568
Seg(0.1),1.41,0.8557
Seg(0.1),1.42,0.8557
Seg(0.1),1.43,0.8557
Seg(0.1),1.44,0.8547
Seg(0.1),1.45,0.8547
Seg(0.1),1.46,0.8547
Seg(0.1),1.47,0.8547
Seg(0.1),1.48,0.8547
Seg(0.1),1.49,0.8547
Seg(0.1),1.5,0.8547
Seg(0.1),1.51,0.8547
Seg(0.1),1.52,0.8547
Seg(0.1),1.53,0.8547
Seg(0.1),1.54,0.8547
Seg(0.1),1.55,0.8547
Seg(0.1),1.56,0.8547
Seg(0.1),1.57,0.8547
Seg(0.1),1.58,0.8547
Seg(0.1),1.6,0.8557
Seg(0.1),1.61,0.8547
Seg(0.1),1.62,0.8547
Seg(0.1),1.63,0.8547
Seg(0.1),1.64,0.8547
Seg(0.1),1.65,0.8557
Seg(0.1),1.66,0.8557
Seg(0.1),1.67,0.8557
Seg(0.1),1.68,0.8557
Seg(0.1),1.69,0.8557
Seg(0.1),1.7,0.8557
Seg(0.1),1.71,0.8557
Seg(0.1),1.72,0.8557
Seg(0.1),1.73,0.8557
Seg(0.1),1.75,0.8557
Seg(0.1),1.76,0.8557
Seg(0.1),1.78,0.8562
Seg(0.1),1.79,0.8562
Seg(0.1),1.8,0.8562
Seg(0.1),1.81,0.8562
Seg(0.1),1.82,0.8562
Seg(0.1),1.85,0.8562
Seg(0.1),1.87,0.8562
Seg(0.1),1.88,0.8562
Seg(0.1),1.89,0.8562
Seg(0.1),1.91,0.8562
Seg(0.1),1.93,0.8562
Seg(0.1),1.94,0.8562
Seg(0.1),1.95,0.8562
Seg(0.1),1.96,0.8562
Seg(0.1),1.99,0.8562
Seg(0.1),2.0,0.8562
Seg(0.1),2.01,0.8562
Seg(0.1),2.02,0.8562
Seg(0.1),2.07,0.8562
Seg(0.1),2.08,0.8562
Seg(0.1),2.09,0.8562
Seg(0.1),2.1,0.8562
Seg(0.1),2.13,0.8562
Seg(0.1),2.14,0.8562
Seg(0.1),2.17,0.8562
Seg(0.1),2.18,0.8562
Seg(0.1),2.19,0.8562
Seg(0.1),2.24,0.8562
Seg(0.1),2.3,0.8562
Seg(0.1),2.32,0.8562
Seg(0.1),2.33,0.8562
Seg(0.1),2.34,0.8562
Seg(0.1),2.35,0.8562
Seg(0.1),2.37,0.8562
Seg(0.1),2.39,0.8562
Seg(0.1),2.4,0.8562
Seg(0.1),2.41,0.8562
Seg(0.1),2.43,0.8562
Seg(0.1),2.44,0.8562
Seg(0.1),2.49,0.8562
Seg(0.1),2.5,0.8562
Seg(0.1),2.51,0.8562
Seg(0.1),2.52,0.8562
Seg(0.1),2.57,0.8562
Seg(0.1),2.58,0.8562
Seg(0.1),2.6,0.8562
Seg(0.1),2.62,0.8562
Seg(0.1),2.63,0.8562
Seg(0.1),2.64,0.8562
Seg(0.1),2.66,0.8562
Seg(0.1),2.68,0.8562
Seg(0.1),2.69,0.8562
Seg(0.1),2.73,0.8562
Seg(0.1),2.74,0.8562
Seg(0.1),2.75,0.8562
Seg(0.1),2.83,0.8562
Seg(0.1),2.84,0.8562
Seg(0.1),2.86,0.8562
Seg(0.1),2.89,0.8562
Seg(0.1),2.95,0.8562
Seg(0.1),2.96,0.8562
Seg(0.1),2.98,0.8562
Seg(0.1),3.03,0.8562
Seg(0.1),3.07,0.8562
Seg(0.1),3.14,0.8562
Seg(0.1),3.15,0.8562
Seg(0.1),3.19,0.8562
Seg(0.1),3.2,0.8562
Seg(0.1),3.23,0.8562
Seg(0.1),3.25,0.8562
Seg(0.1),3.27,0.8562
Seg(0.1),3.32,0.8562
Seg(0.1),3.33,0.8562
Seg(0.1),3.37,0.8562
Seg(0.1),3.39,0.8562
Seg(0.1),3.41,0.8562
Seg(0.1),3.43,0.8562
Seg(0.1),3.45,0.8562
Seg(0.1),3.52,0.8562
Seg(0.1),3.56,0.8562
Seg(0.1),3.59,0.8562
Seg(0.1),3.6,0.8562
Seg(0.1),3.61,0.8562
Seg(0.1),3.66,0.8562
Seg(0.1),3.67,0.8562
Seg(0.1),3.69,0.8562
Seg(0.1),3.7,0.8562
Seg(0.1),3.72,0.8562
Seg(0.1),3.73,0.8562
Seg(0.1),3.76,0.8562
Seg(0.1),3.79,0.8562
Seg(0.1),3.8,0.8562
Seg(0.1),3.85,0.8562
Seg(0.1),3.87,0.8562
Seg(0.1),3.88,0.8562
Seg(0.1),3.91,0.8562
Seg(0.1),3.93,0.8562
Seg(0.1),3.95,0.8562
Seg(0.1),3.96,0.8562
Seg(0.1),3.97,0.8562
Seg(0.1),4.01,0.8562
Seg(0.1),4.02,0.8562
Seg(0.1),4.05,0.8562
Seg(0.1),4.08,0.8562
Seg(0.1),4.1,0.8562
Seg(0.1),4.11,0.8562
Seg(0.1),4.12,0.8562
Seg(0.1),4.13,0.8562
Seg(0.1),4.15,0.8562
Seg(0.1),4.2,0.8562
Seg(0.1),4.24,0.8521
Seg(0.1),4.25,0.8521
Seg(0.1),4.26,0.8521
Seg(0.1),4.29,0.8521
Seg(0.1),4.3,0.8521
Seg(0.1),4.33,0.8521
Seg(0.1),4.34,0.8521
Seg(0.1),4.35,0.8521
Seg(0.1),4.37,0.8521
Seg(0.1),4.38,0.8521
Seg(0.1),4.42,0.8521
Seg(0.1),4.43,0.8521
Seg(0.1),4.45,0.8521
Seg(0.1),4.47,0.8521
Seg(0.1),4.5,0.8521
Seg(0.1),4.51,0.8521
Seg(0.1),4.54,0.8521
Seg(0.1),4.55,0.8521
Seg(0.1),4.58,0.8521
Seg(0.1),4.59,0.8521
Seg(0.1),4.6,0.8521
Seg(0.1),4.62,0.8521
Seg(0.1),4.63,0.8521
Seg(0.1),4.64,0.8521
Seg(0.1),4.65,0.8479
Seg(0.1),4.66,0.8458
Seg(0.1),4.67,0.8458
Seg(0.1),4.68,0.8458
Seg(0.1),4.71,0.8458
Seg(0.1),4.72,0.8458
Seg(0.1),4.76,0.8458
Seg(0.1),4.77,0.8458
Seg(0.1),4.78,0.8458
Seg(0.1),4.79,0.8458
Seg(0.1),4.86,0.8458
Seg(0.1),4.88,0.8458
Seg(0.1),4.89,0.8458
Seg(0.1),4.92,0.8458
Seg(0.1),4.95,0.8458
Seg(0.1),5.0,0.8458
Seg(0.1),5.02,0.8438
Seg(0.1),5.03,0.8458
Seg(0.1),5.05,0.8458
Seg(0.1),5.06,0.8458
Seg(0.1),5.08,0.8458
Seg(0.1),5.16,0.8458
Seg(0.1),5.18,0.8458
Seg(0.1),5.21,0.8458
Seg(0.1),5.22,0.8458
Seg(0.1),5.23,0.8458
Seg(0.1),5.28,0.8458
Seg(0.1),5.29,0.8438
Seg(0.1),5.3,0.8417
Seg(0.1),5.32,0.8396
Seg(0.1),5.34,0.8396
Seg(0.1),5.41,0.8396
Seg(0.1),5.46,0.8396
Seg(0.1),5.53,0.8396
Seg(0.1),5.54,0.8396
Seg(0.1),5.55,0.8396
Seg(0.1),5.58,0.8396
Seg(0.1),5.59,0.8396
Seg(0.1),5.61,0.8375
Seg(0.1),5.62,0.8375
Seg(0.1),5.66,0.8375
Seg(0.1),5.73,0.8354
Seg(0.1),5.74,0.8354
Seg(0.1),5.75,0.8354
Seg(0.1),5.76,0.8354
Seg(0.1),5.77,0.8354
Seg(0.1),5.79,0.8354
Seg(0.1),5.8,0.8354
Seg(0.1),5.83,0.8354
Seg(0.1),5.84,0.8354
Seg(0.1),5.86,0.8354
Seg(0.1),5.87,0.8354
Seg(0.1),5.91,0.8354
Seg(0.1),6.01,0.8354
Seg(0.1),6.04,0.8354
Seg(0.1),6.07,0.8354
Seg(0.1),6.08,0.8354
Seg(0.1),6.1,0.8354
Seg(0.1),6.12,0.8354
Seg(0.1),6.14,0.8354
Seg(0.1),6.21,0.8354
Seg(0.1),6.28,0.8354
Seg(0.1),6.34,0.8354
Seg(0.1),6.37,0.8354
Seg(0.1),6.46,0.8354
Seg(0.1),6.48,0.8354
Seg(0.1),6.8,0.8354
Seg(0.1),6.93,0.8354
Seg(0.1),6.94,0.8354
Seg(0.1),6.96,0.8354
Seg(0.1),7.0,0.8354
Seg(0.1),7.01,0.8354
Seg(0.1),7.02,0.8333
Seg(0.1),7.04,0.8292
Seg(0.1),7.16,0.8292
Seg(0.1),7.27,0.8292
Seg(0.1),7.33,0.8292
Seg(0.1),7.46,0.8292
Seg(0.1),7.47,0.8292
Seg(0.1),7.55,0.8292
Seg(0.1),7.58,0.8292
Seg(0.1),7.7,0.8292
Seg(0.1),9.2,0.8292
Seg(0.1),9.21,0.8292
RNG(0.2),1.03,0.8568
RNG(0.2),1.04,0.8568
RNG(0.2),1.05,0.8568
RNG(0.2),1.06,0.8568
RNG(0.2),1.07,0.8568
RNG(0.2),1.08,0.8568
RNG(0.2),1.09,0.8568
RNG(0.2),1.1,0.8568
RNG(0.2),1.11,0.8568
RNG(0.2),1.13,0.8568
RNG(0.2),1.14,0.8568
RNG(0.2),1.15,0.8568
RNG(0.2),1.18,0.8568
RNG(0.2),1.19,0.8568
RNG(0.2),1.2,0.8568
RNG(0.2),1.21,0.8568
RNG(0.2),1.22,0.8568
RNG(0.2),1.23,0.8568
RNG(0.2),1.24,0.8568
RNG(0.2),1.25,0.8568
RNG(0.2),1.26,0.8568
RNG(0.2),1.27,0.8568
RNG(0.2),1.28,0.8568
RNG(0.2),1.29,0.8568
RNG(0.2),1.3,0.8568
RNG(0.2),1.31,0.8568
RNG(0.2),1.32,0.8568
RNG(0.2),1.33,0.8568
RNG(0.2),1.34,0.8568
RNG(0.2),1.35,0.8568
RNG(0.2),1.36,0.8568
RNG(0.2),1.37,0.8568
RNG(0.2),1.38,0.8568
RNG(0.2),1.39,0.8568
RNG(0.2),1.4,0.8568
RNG(0.2),1.41,0.8557
RNG(0.2),1.42,0.8557
RNG(0.2),1.43,0.8557
RNG(0.2),1.44,0.8547
RNG(0.2),1.45,0.8547
RNG(0.2),1.46,0.8547
RNG(0.2),1.47,0.8547
RNG(0.2),1.48,0.8547
RNG(0.2),1.49,0.8547
RNG(0.2),1.5,0.8547
RNG(0.2),1.51,0.8547
RNG(0.2),1.52,0.8547
RNG(0.2),1.53,0.8547
RNG(0.2),1.54,0.8547
RNG(0.2),1.55,0.8547
RNG(0.2),1.56,0.8547
RNG(0.2),1.57,0.8547
RNG(0.2),1.58,0.8547
RNG(0.2),1.6,0.8557
RNG(0.2),1.61,0.8557
RNG(0.2),1.62,0.8557
RNG(0.2),1.63,0.8557
RNG(0.2),1.64,0.8557
RNG(0.2),1.65,0.8568
RNG(0.2),1.66,0.8568
RNG(0.2),1.67,0.8568
RNG(0.2),1.68,0.8568
RNG(0.2),1.69,0.8568
RNG(0.2),1.7,0.8568
RNG(0.2),1.71,0.8568
RNG(0.2),1.72,0.8568
RNG(0.2),1.73,0.8568
RNG(0.2),1.75,0.8568
RNG(0.2),1.76,0.8568
RNG(0.2),1.78,0.8573
RNG(0.2),1.79,0.8573
RNG(0.2),1.8,0.8573
RNG(0.2),1.81,0.8573
RNG(0.2),1.82,0.8573
RNG(0.2),1.85,0.8573
RNG(0.2),1.87,0.8573
RNG(0.2),1.88,0.8573
RNG(0.2),1.89,0.8573
RNG(0.2),1.91,0.8573
RNG(0.2),1.93,0.8573
RNG(0.2),1.94,0.8573
RNG(0.2),1.95,0.8573
RNG(0.2),1.96,0.8573
RNG(0.2),1.99,0.8573
RNG(0.2),2.0,0.8573
RNG(0.2),2.01,0.8573
RNG(0.2),2.02,0.8573
RNG(0.2),2.07,0.8573
RNG(0.2),2.08,0.8573
RNG(0.2),2.09,0.8573
RNG(0.2),2.1,0.8573
RNG(0.2),2.13,0.8573
RNG(0.2),2.14,0.8573
RNG(0.2),2.17,0.8573
RNG(0.2),2.18,0.8573
RNG(0.2),2.19,0.8573
RNG(0.2),2.24,0.8573
RNG(0.2),2.3,0.8573
RNG(0.2),2.32,0.8573
RNG(0.2),2.33,0.8573
RNG(0.2),2.34,0.8573
RNG(0.2),2.35,0.8573
RNG(0.2),2.37,0.8573
RNG(0.2),2.39,0.8573
RNG(0.2),2.4,0.8573
RNG(0.2),2.41,0.8573
RNG(0.2),2.43,0.8573
RNG(0.2),2.44,0.8573
RNG(0.2),2.49,0.8573
RNG(0.2),2.5,0.8573
RNG(0.2),2.51,0.8573
RNG(0.2),2.52,0.8573
RNG(0.2),2.57,0.8573
RNG(0.2),2.58,0.8573
RNG(0.2),2.6,0.8573
RNG(0.2),2.62,0.8573
RNG(0.2),2.63,0.8573
RNG(0.2),2.64,0.8573
RNG(0.2),2.66,0.8573
RNG(0.2),2.68,0.8573
RNG(0.2),2.69,0.8573
RNG(0.2),2.73,0.8573
RNG(0.2),2.74,0.8573
RNG(0.2),2.75,0.8573
RNG(0.2),2.83,0.8573
RNG(0.2),2.84,0.8573
RNG(0.2),2.86,0.8573
RNG(0.2),2.89,0.8573
RNG(0.2),2.95,0.8573
RNG(0.2),2.96,0.8573
RNG(0.2),2.98,0.8573
RNG(0.2),3.03,0.8573
RNG(0.2),3.07,0.8573
RNG(0.2),3.14,0.8573
RNG(0.2),3.15,0.8573
RNG(0.2),3.19,0.8573
RNG(0.2),3.2,0.8573
RNG(0.2),3.23,0.8573
RNG(0.2),3.25,0.8573
RNG(0.2),3.27,0.8573
RNG(0.2),3.32,0.8573
RNG(0.2),3.33,0.8573
RNG(0.2),3.37,0.8573
RNG(0.2),3.39,0.8573
RNG(0.2),3.41,0.8573
RNG(0.2),3.43,0.8573
RNG(0.2),3.45,0.8573
RNG(0.2),3.52,0.8573
RNG(0.2),3.56,0.8573
RNG(0.2),3.59,0.8573
RNG(0.2),3.6,0.8573
RNG(0.2),3.61,0.8573
RNG(0.2),3.66,0.8573
RNG(0.2),3.67,0.8573
RNG(0.2),3.69,0.8573
RNG(0.2),3.7,0.8573
RNG(0.2),3.72,0.8573
RNG(0.2),3.73,0.8573
RNG(0.2),3.76,0.8573
RNG(0.2),3.79,0.8573
RNG(0.2),3.8,0.8573
RNG(0.2),3.85,0.8573
RNG(0.2),3.87,0.8573
RNG(0.2),3.88,0.8573
RNG(0.2),3.91,0.8573
RNG(0.2),3.93,0.8573
RNG(0.2),3.95,0.8573
RNG(0.2),3.96,0.8573
RNG(0.2),3.97,0.8573
RNG(0.2),4.01,0.8573
RNG(0.2),4.02,0.8573
RNG(0.2),4.05,0.8573
RNG(0.2),4.08,0.8573
RNG(0.2),4.1,0.8573
RNG(0.2),4.11,0.8573
RNG(0.2),4.12,0.8573
RNG(0.2),4.13,0.8573
RNG(0.2),4.15,0.8573
RNG(0.2),4.2,0.8573
RNG(0.2),4.24,0.8552
RNG(0.2),4.25,0.8552
RNG(0.2),4.26,0.8552
RNG(0.2),4.29,0.8552
RNG(0.2),4.3,0.8552
RNG(0.2),4.33,0.8552
RNG(0.2),4.34,0.8552
RNG(0.2),4.35,0.8552
RNG(0.2),4.37,0.8552
RNG(0.2),4.38,0.8552
RNG(0.2),4.42,0.8552
RNG(0.2),4.43,0.8552
RNG(0.2),4.45,0.8552
RNG(0.2),4.47,0.8552
RNG(0.2),4.5,0.8552
RNG(0.2),4.51,0.8552
RNG(0.2),4.54,0.8552
RNG(0.2),4.55,0.8552
RNG(0.2),4.58,0.8552
RNG(0.2),4.59,0.8552
RNG(0.2),4.6,0.8552
RNG(0.2),4.62,0.8552
RNG(0.2),4.63,0.8552
RNG(0.2),4.64,0.8552
RNG(0.2),4.65,0.851
RNG(0.2),4.66,0.849
RNG(0.2),4.67,0.849
RNG(0.2),4.68,0.849
RNG(0.2),4.71,0.849
RNG(0.2),4.72,0.849
RNG(0.2),4.76,0.849
RNG(0.2),4.77,0.849
RNG(0.2),4.78,0.849
RNG(0.2),4.79,0.849
RNG(0.2),4.86,0.849
RNG(0.2),4.88,0.849
RNG(0.2),4.89,0.849
RNG(0.2),4.92,0.849
RNG(0.2),4.95,0.849
RNG(0.2),5.0,0.849
RNG(0.2),5.02,0.8469
RNG(0.2),5.03,0.849
RNG(0.2),5.05,0.849
RNG(0.2),5.06,0.849
RNG(0.2),5.08,0.849
RNG(0.2),5.16,0.849
RNG(0.2),5.18,0.849
RNG(0.2),5.21,0.849
RNG(0.2),5.22,0.849
RNG(0.2),5.23,0.849
RNG(0.2),5.28,0.849
RNG(0.2),5.29,0.849
RNG(0.2),5.3,0.849
RNG(0.2),5.32,0.849
RNG(0.2),5.34,0.849
RNG(0.2),5.41,0.849
RNG(0.2),5.46,0.849
RNG(0.2),5.53,0.849
RNG(0.2),5.54,0.849
RNG(0.2),5.55,0.849
RNG(0.2),5.58,0.849
RNG(0.2),5.59,0.849
RNG(0.2),5.61,0.8469
RNG(0.2),5.62,0.8469
RNG(0.2),5.66,0.8469
RNG(0.2),5.73,0.8469
RNG(0.2),5.74,0.8469
RNG(0.2),5.75,0.8469
RNG(0.2),5.76,0.8469
RNG(0.2),5.77,0.8469
RNG(0.2),5.79,0.8469
RNG(0.2),5.8,0.8469
RNG(0.2),5.83,0.8469
RNG(0.2),5.84,0.8469
RNG(0.2),5.86,0.8469
RNG(0.2),5.87,0.8469
RNG(0.2),5.91,0.8469
RNG(0.2),6.01,0.8469
RNG(0.2),6.04,0.8469
RNG(0.2),6.07,0.8469
RNG(0.2),6.08,0.8469
RNG(0.2),6.1,0.8469
RNG(0.2),6.12,0.8469
RNG(0.2),6.14,0.8469
RNG(0.2),6.21,0.8469
RNG(0.2),6.28,0.8469
RNG(0.2),6.34,0.8469
RNG(0.2),6.37,0.8469
RNG(0.2),6.46,0.8469
RNG(0.2),6.48,0.8469
RNG(0.2),6.8,0.8469
RNG(0.2),6.93,0.8469
RNG(0.2),6.94,0.8469
RNG(0.2),6.96,0.8469
RNG(0.2),7.0,0.8469
RNG(0.2),7.01,0.8469
RNG(0.2),7.02,0.8448
RNG(0.2),7.04,0.8427
RNG(0.2),7.16,0.8427
RNG(0.2),7.27,0.8427
RNG(0.2),7.33,0.8427
RNG(0.2),7.46,0.8427
RNG(0.2),7.47,0.8427
RNG(0.2),7.55,0.8427
RNG(0.2),7.58,0.8427
RNG(0.2),7.7,0.8427
RNG(0.2),9.2,0.8427
RNG(0.2),9.21,0.8427
Seg(0.2),1.03,0.8568
Seg(0.2),1.04,0.8568
Seg(0.2),1.05,0.8568
Seg(0.2),1.06,0.8568
Seg(0.2),1.07,0.8568
Seg(0.2),1.08,0.8568
Seg(0.2),1.09,0.8568
Seg(0.2),1.1,0.8568
Seg(0.2),1.11,0.8568
Seg(0.2),1.13,0.8568
Seg(0.2),1.14,0.8568
Seg(0.2),1.15,0.8568
Seg(0.2),1.18,0.8568
Seg(0.2),1.19,0.8568
Seg(0.2),1.2,0.8568
Seg(0.2),1.21,0.8568
Seg(0.2),1.22,0.8568
Seg(0.2),1.23,0.8568
Seg(0.2),1.24,0.8568
Seg(0.2),1.25,0.8568
Seg(0.2),1.26,0.8568
Seg(0.2),1.27,0.8568
Seg(0.2),1.28,0.8568
Seg(0.2),1.29,0.8568
Seg(0.2),1.3,0.8568
Seg(0.2),1.31,0.8568
Seg(0.2),1.32,0.8568
Seg(0.2),1.33,0.8568
Seg(0.2),1.34,0.8568
Seg(0.2),1.35,0.8568
Seg(0.2),1.36,0.8568
Seg(0.2),1.37,0.8568
Seg(0.2),1.38,0.8568
Seg(0.2),1.39,0.8568
Seg(0.2),1.4,0.8568
Seg(0.2),1.41,0.8568
Seg(0.2),1.42,0.8568
Seg(0.2),1.43,0.8568
Seg(0.2),1.44,0.8557
Seg(0.2),1.45,0.8557
Seg(0.2),1.46,0.8557
Seg(0.2),1.47,0.8557
Seg(0.2),1.48,0.8557
Seg(0.2),1.49,0.8557
Seg(0.2),1.5,0.8557
Seg(0.2),1.51,0.8557
Seg(0.2),1.52,0.8557
Seg(0.2),1.53,0.8557
Seg(0.2),1.54,0.8557
Seg(0.2),1.55,0.8557
Seg(0.2),1.56,0.8557
Seg(0.2),1.57,0.8557
Seg(0.2),1.58,0.8557
Seg(0.2),1.6,0.8568
Seg(0.2),1.61,0.8568
Seg(0.2),1.62,0.8568
Seg(0.2),1.63,0.8568
Seg(0.2),1.64,0.8568
Seg(0.2),1.65,0.8578
Seg(0.2),1.66,0.8578
Seg(0.2),1.67,0.8578
Seg(0.2),1.68,0.8578
Seg(0.2),1.69,0.8578
Seg(0.2),1.7,0.8578
Seg(0.2),1.71,0.8578
Seg(0.2),1.72,0.8578
Seg(0.2),1.73,0.8578
Seg(0.2),1.75,0.8578
Seg(0.2),1.76,0.8578
Seg(0.2),1.78,0.8578
Seg(0.2),1.79,0.8578
Seg(0.2),1.8,0.8578
Seg(0.2),1.81,0.8578
Seg(0.2),1.82,0.8578
Seg(0.2),1.85,0.8578
Seg(0.2),1.87,0.8578
Seg(0.2),1.88,0.8578
Seg(0.2),1.89,0.8578
Seg(0.2),1.91,0.8578
Seg(0.2),1.93,0.8578
Seg(0.2),1.94,0.8578
Seg(0.2),1.95,0.8578
Seg(0.2),1.96,0.8578
Seg(0.2),1.99,0.8578
Seg(0.2),2.0,0.8578
Seg(0.2),2.01,0.8578
Seg(0.2),2.02,0.8578
Seg(0.2),2.07,0.8578
Seg(0.2),2.08,0.8578
Seg(0.2),2.09,0.8578
Seg(0.2),2.1,0.8578
Seg(0.2),2.13,0.8578
Seg(0.2),2.14,0.8578
Seg(0.2),2.17,0.8578
Seg(0.2),2.18,0.8578
Seg(0.2),2.19,0.8578
Seg(0.2),2.24,0.8578
Seg(0.2),2.3,0.8578
Seg(0.2),2.32,0.8578
Seg(0.2),2.33,0.8578
Seg(0.2),2.34,0.8578
Seg(0.2),2.35,0.8578
Seg(0.2),2.37,0.8578
Seg(0.2),2.39,0.8578
Seg(0.2),2.4,0.8578
Seg(0.2),2.41,0.8578
Seg(0.2),2.43,0.8578
Seg(0.2),2.44,0.8578
Seg(0.2),2.49,0.8578
Seg(0.2),2.5,0.8578
Seg(0.2),2.51,0.8578
Seg(0.2),2.52,0.8578
Seg(0.2),2.57,0.8578
Seg(0.2),2.58,0.8578
Seg(0.2),2.6,0.8578
Seg(0.2),2.62,0.8578
Seg(0.2),2.63,0.8578
Seg(0.2),2.64,0.8578
Seg(0.2),2.66,0.8578
Seg(0.2),2.68,0.8578
Seg(0.2),2.69,0.8578
Seg(0.2),2.73,0.8578
Seg(0.2),2.74,0.8578
Seg(0.2),2.75,0.8578
Seg(0.2),2.83,0.8578
Seg(0.2),2.84,0.8578
Seg(0.2),2.86,0.8578
Seg(0.2),2.89,0.8578
Seg(0.2),2.95,0.8578
Seg(0.2),2.96,0.8578
Seg(0.2),2.98,0.8578
Seg(0.2),3.03,0.8578
Seg(0.2),3.07,0.8578
Seg(0.2),3.14,0.8578
Seg(0.2),3.15,0.8578
Seg(0.2),3.19,0.8578
Seg(0.2),3.2,0.8578
Seg(0.2),3.23,0.8578
Seg(0.2),3.25,0.8578
Seg(0.2),3.27,0.8578
Seg(0.2),3.32,0.8578
Seg(0.2),3.33,0.8578
Seg(0.2),3.37,0.8578
Seg(0.2),3.39,0.8578
Seg(0.2),3.41,0.8578
Seg(0.2),3.43,0.8578
Seg(0.2),3.45,0.8578
Seg(0.2),3.52,0.8578
Seg(0.2),3.56,0.8578
Seg(0.2),3.59,0.8578
Seg(0.2),3.6,0.8578
Seg(0.2),3.61,0.8578
Seg(0.2),3.66,0.8578
Seg(0.2),3.67,0.8578
Seg(0.2),3.69,0.8578
Seg(0.2),3.7,0.8578
Seg(0.2),3.72,0.8578
Seg(0.2),3.73,0.8578
Seg(0.2),3.76,0.8578
Seg(0.2),3.79,0.8578
Seg(0.2),3.8,0.8578
Seg(0.2),3.85,0.8578
Seg(0.2),3.87,0.8578
Seg(0.2),3.88,0.8578
Seg(0.2),3.91,0.8578
Seg(0.2),3.93,0.8578
Seg(0.2),3.95,0.8578
Seg(0.2),3.96,0.8578
Seg(0.2),3.97,0.8578
Seg(0.2),4.01,0.8578
Seg(0.2),4.02,0.8578
Seg(0.2),4.05,0.8578
Seg(0.2),4.08,0.8578
Seg(0.2),4.1,0.8578
Seg(0.2),4.11,0.8578
Seg(0.2),4.12,0.8578
Seg(0.2),4.13,0.8578
Seg(0.2),4.15,0.8578
Seg(0.2),4.2,0.8578
Seg(0.2),4.24,0.8578
Seg(0.2),4.25,0.8578
Seg(0.2),4.26,0.8578
Seg(0.2),4.29,0.8578
Seg(0.2),4.3,0.8578
Seg(0.2),4.33,0.8578
Seg(0.2),4.34,0.8578
Seg(0.2),4.35,0.8578
Seg(0.2),4.37,0.8578
Seg(0.2),4.38,0.8578
Seg(0.2),4.42,0.8578
Seg(0.2),4.43,0.8578
Seg(0.2),4.45,0.8578
Seg(0.2),4.47,0.8578
Seg(0.2),4.5,0.8578
Seg(0.2),4.51,0.8578
Seg(0.2),4.54,0.8578
Seg(0.2),4.55,0.8578
Seg(0.2),4.58,0.8578
Seg(0.2),4.59,0.8578
Seg(0.2),4.6,0.8578
Seg(0.2),4.62,0.8578
Seg(0.2),4.63,0.8578
Seg(0.2),4.64,0.8578
Seg(0.2),4.65,0.8536
Seg(0.2),4.66,0.8516
Seg(0.2),4.67,0.8516
Seg(0.2),4.68,0.8516
Seg(0.2),4.71,0.8516
Seg(0.2),4.72,0.8516
Seg(0.2),4.76,0.8516
Seg(0.2),4.77,0.8516
Seg(0.2),4.78,0.8516
Seg(0.2),4.79,0.8516
Seg(0.2),4.86,0.8516
Seg(0.2),4.88,0.8516
Seg(0.2),4.89,0.8516
Seg(0.2),4.92,0.8516
Seg(0.2),4.95,0.8516
Seg(0.2),5.0,0.8516
Seg(0.2),5.02,0.8495
Seg(0.2),5.03,0.8516
Seg(0.2),5.05,0.8516
Seg(0.2),5.06,0.8516
Seg(0.2),5.08,0.8516
Seg(0.2),5.16,0.8516
Seg(0.2),5.18,0.8516
Seg(0.2),5.21,0.8516
Seg(0.2),5.22,0.8516
Seg(0.2),5.23,0.8516
Seg(0.2),5.28,0.8516
Seg(0.2),5.29,0.8516
Seg(0.2),5.3,0.8516
Seg(0.2),5.32,0.8516
Seg(0.2),5.34,0.8516
Seg(0.2),5.41,0.8516
Seg(0.2),5.46,0.8516
Seg(0.2),5.53,0.8516
Seg(0.2),5.54,0.8516
Seg(0.2),5.55,0.8516
Seg(0.2),5.58,0.8516
Seg(0.2),5.59,0.8516
Seg(0.2),5.61,0.8495
Seg(0.2),5.62,0.8495
Seg(0.2),5.66,0.8495
Seg(0.2),5.73,0.8495
Seg(0.2),5.74,0.8495
Seg(0.2),5.75,0.8495
Seg(0.2),5.76,0.8495
Seg(0.2),5.77,0.8495
Seg(0.2),5.79,0.8495
Seg(0.2),5.8,0.8495
Seg(0.2),5.83,0.8495
Seg(0.2),5.84,0.8495
Seg(0.2),5.86,0.8495
Seg(0.2),5.87,0.8495
Seg(0.2),5.91,0.8495
Seg(0.2),6.01,0.8495
Seg(0.2),6.04,0.8495
Seg(0.2),6.07,0.8495
Seg(0.2),6.08,0.8495
Seg(0.2),6.1,0.8495
Seg(0.2),6.12,0.8495
Seg(0.2),6.14,0.8495
Seg(0.2),6.21,0.8495
Seg(0.2),6.28,0.8495
Seg(0.2),6.34,0.8495
Seg(0.2),6.37,0.8495
Seg(0.2),6.46,0.8495
Seg(0.2),6.48,0.8495
Seg(0.2),6.8,0.8495
Seg(0.2),6.93,0.8495
Seg(0.2),6.94,0.8495
Seg(0.2),6.96,0.8495
Seg(0.2),7.0,0.8495
Seg(0.2),7.01,0.8495
Seg(0.2),7.02,0.8474
Seg(0.2),7.04,0.8453
Seg(0.2),7.16,0.8453
Seg(0.2),7.27,0.8453
Seg(0.2),7.33,0.8453
Seg(0.2),7.46,0.8453
Seg(0.2),7.47,0.8453
Seg(0.2),7.55,0.8453
Seg(0.2),7.58,0.8453
Seg(0.2),7.7,0.8453
Seg(0.2),9.2,0.8453
Seg(0.2),9.21,0.8453
RNG(0.3),1.03,0.8568
RNG(0.3),1.04,0.8568
RNG(0.3),1.05,0.8568
RNG(0.3),1.06,0.8568
RNG(0.3),1.07,0.8568
RNG(0.3),1.08,0.8568
RNG(0.3),1.09,0.8568
RNG(0.3),1.1,0.8568
RNG(0.3),1.11,0.8568
RNG(0.3),1.13,0.8568
RNG(0.3),1.14,0.8568
RNG(0.3),1.15,0.8568
RNG(0.3),1.18,0.8568
RNG(0.3),1.19,0.8568
RNG(0.3),1.2,0.8568
RNG(0.3),1.21,0.8568
RNG(0.3),1.22,0.8568
RNG(0.3),1.23,0.8568
RNG(0.3),1.24,0.8568
RNG(0.3),1.25,0.8568
RNG(0.3),1.26,0.8568
RNG(0.3),1.27,0.8568
RNG(0.3),1.28,0.8568
RNG(0.3),1.29,0.8568
RNG(0.3),1.3,0.8568
RNG(0.3),1.31,0.8568
RNG(0.3),1.32,0.8568
RNG(0.3),1.33,0.8568
RNG(0.3),1.34,0.8568
RNG(0.3),1.35,0.8568
RNG(0.3),1.36,0.8568
RNG(0.3),1.37,0.8568
RNG(0.3),1.38,0.8568
RNG(0.3),1.39,0.8568
RNG(0.3),1.4,0.8568
RNG(0.3),1.41,0.8568
RNG(0.3),1.42,0.8568
RNG(0.3),1.43,0.8568
RNG(0.3),1.44,0.8568
RNG(0.3),1.45,0.8568
RNG(0.3),1.46,0.8568
RNG(0.3),1.47,0.8568
RNG(0.3),1.48,0.8568
RNG(0.3),1.49,0.8568
RNG(0.3),1.5,0.8568
RNG(0.3),1.51,0.8568
RNG(0.3),1.52,0.8568
RNG(0.3),1.53,0.8568
RNG(0.3),1.54,0.8568
RNG(0.3),1.55,0.8568
RNG(0.3),1.56,0.8568
RNG(0.3),1.57,0.8568
RNG(0.3),1.58,0.8568
RNG(0.3),1.6,0.8578
RNG(0.3),1.61,0.8578
RNG(0.3),1.62,0.8578
RNG(0.3),1.63,0.8578
RNG(0.3),1.64,0.8578
RNG(0.3),1.65,0.8589
RNG(0.3),1.66,0.8589
RNG(0.3),1.67,0.8589
RNG(0.3),1.68,0.8589
RNG(0.3),1.69,0.8589
RNG(0.3),1.7,0.8589
RNG(0.3),1.71,0.8589
RNG(0.3),1.72,0.8589
RNG(0.3),1.73,0.8589
RNG(0.3),1.75,0.8589
RNG(0.3),1.76,0.8589
RNG(0.3),1.78,0.8589
RNG(0.3),1.79,0.8589
RNG(0.3),1.8,0.8589
RNG(0.3),1.81,0.8589
RNG(0.3),1.82,0.8589
RNG(0.3),1.85,0.8589
RNG(0.3),1.87,0.8589
RNG(0.3),1.88,0.8589
RNG(0.3),1.89,0.8589
RNG(0.3),1.91,0.8589
RNG(0.3),1.93,0.8589
RNG(0.3),1.94,0.8589
RNG(0.3),1.95,0.8589
RNG(0.3),1.96,0.8589
RNG(0.3),1.99,0.8589
RNG(0.3),2.0,0.8589
RNG(0.3),2.01,0.8589
RNG(0.3),2.02,0.8589
RNG(0.3),2.07,0.8589
RNG(0.3),2.08,0.8589
RNG(0.3),2.09,0.8589
RNG(0.3),2.1,0.8589
RNG(0.3),2.13,0.8589
RNG(0.3),2.14,0.8589
RNG(0.3),2.17,0.8589
RNG(0.3),2.18,0.8589
RNG(0.3),2.19,0.8589
RNG(0.3),2.24,0.8589
RNG(0.3),2.3,0.8589
RNG(0.3),2.32,0.8589
RNG(0.3),2.33,0.8589
RNG(0.3),2.34,0.8589
RNG(0.3),2.35,0.8589
RNG(0.3),2.37,0.8589
RNG(0.3),2.39,0.8589
RNG(0.3),2.4,0.8589
RNG(0.3),2.41,0.8589
RNG(0.3),2.43,0.8589
RNG(0.3),2.44,0.8589
RNG(0.3),2.49,0.8589
RNG(0.3),2.5,0.8589
RNG(0.3),2.51,0.8589
RNG(0.3),2.52,0.8589
RNG(0.3),2.57,0.8589
RNG(0.3),2.58,0.8589
RNG(0.3),2.6,0.8589
RNG(0.3),2.62,0.8589
RNG(0.3),2.63,0.8589
RNG(0.3),2.64,0.8589
RNG(0.3),2.66,0.8589
RNG(0.3),2.68,0.8589
RNG(0.3),2.69,0.8589
RNG(0.3),2.73,0.8589
RNG(0.3),2.74,0.8589
RNG(0.3),2.75,0.8589
RNG(0.3),2.83,0.8589
RNG(0.3),2.84,0.8589
RNG(0.3),2.86,0.8589
RNG(0.3),2.89,0.8589
RNG(0.3),2.95,0.8589
RNG(0.3),2.96,0.8589
RNG(0.3),2.98,0.8589
RNG(0.3),3.03,0.8589
RNG(0.3),3.07,0.8589
RNG(0.3),3.14,0.8589
RNG(0.3),3.15,0.8589
RNG(0.3),3.19,0.8589
RNG(0.3),3.2,0.8589
RNG(0.3),3.23,0.8589
RNG(0.3),3.25,0.8589
RNG(0.3),3.27,0.8589
RNG(0.3),3.32,0.8589
RNG(0.3),3.33,0.8589
RNG(0.3),3.37,0.8589
RNG(0.3),3.39,0.8589
RNG(0.3),3.41,0.8589
RNG(0.3),3.43,0.8589
RNG(0.3),3.45,0.8589
RNG(0.3),3.52,0.8589
RNG(0.3),3.56,0.8589
RNG(0.3),3.59,0.8589
RNG(0.3),3.6,0.8589
RNG(0.3),3.61,0.8589
RNG(0.3),3.66,0.8589
RNG(0.3),3.67,0.8589
RNG(0.3),3.69,0.8589
RNG(0.3),3.7,0.8589
RNG(0.3),3.72,0.8589
RNG(0.3),3.73,0.8589
RNG(0.3),3.76,0.8589
RNG(0.3),3.79,0.8589
RNG(0.3),3.8,0.8589
RNG(0.3),3.85,0.8589
RNG(0.3),3.87,0.8589
RNG(0.3),3.88,0.8589
RNG(0.3),3.91,0.8589
RNG(0.3),3.93,0.8589
RNG(0.3),3.95,0.8589
RNG(0.3),3.96,0.8589
RNG(0.3),3.97,0.8589
RNG(0.3),4.01,0.8589
RNG(0.3),4.02,0.8589
RNG(0.3),4.05,0.8589
RNG(0.3),4.08,0.8589
RNG(0.3),4.1,0.8589
RNG(0.3),4.11,0.8589
RNG(0.3),4.12,0.8589
RNG(0.3),4.13,0.8589
RNG(0.3),4.15,0.8589
RNG(0.3),4.2,0.8589
RNG(0.3),4.24,0.8589
RNG(0.3),4.25,0.8589
RNG(0.3),4.26,0.8589
RNG(0.3),4.29,0.8589
RNG(0.3),4.3,0.8589
RNG(0.3),4.33,0.8589
RNG(0.3),4.34,0.8589
RNG(0.3),4.35,0.8589
RNG(0.3),4.37,0.8589
RNG(0.3),4.38,0.8589
RNG(0.3),4.42,0.8589
RNG(0.3),4.43,0.8589
RNG(0.3),4.45,0.8589
RNG(0.3),4.47,0.8589
RNG(0.3),4.5,0.8589
RNG(0.3),4.51,0.8589
RNG(0.3),4.54,0.8589
RNG(0.3),4.55,0.8589
RNG(0.3),4.58,0.8589
RNG(0.3),4.59,0.8589
RNG(0.3),4.6,0.8589
RNG(0.3),4.62,0.8589
RNG(0.3),4.63,0.8589
RNG(0.3),4.64,0.8589
RNG(0.3),4.65,0.8589
RNG(0.3),4.66,0.8568
RNG(0.3),4.67,0.8568
RNG(0.3),4.68,0.8568
RNG(0.3),4.71,0.8568
RNG(0.3),4.72,0.8568
RNG(0.3),4.76,0.8568
RNG(0.3),4.77,0.8568
RNG(0.3),4.78,0.8568
RNG(0.3),4.79,0.8568
RNG(0.3),4.86,0.8568
RNG(0.3),4.88,0.8568
RNG(0.3),4.89,0.8568
RNG(0.3),4.92,0.8568
RNG(0.3),4.95,0.8568
RNG(0.3),5.0,0.8568
RNG(0.3),5.02,0.8547
RNG(0.3),5.03,0.8568
RNG(0.3),5.05,0.8568
RNG(0.3),5.06,0.8568
RNG(0.3),5.08,0.8568
RNG(0.3),5.16,0.8568
RNG(0.3),5.18,0.8568
RNG(0.3),5.21,0.8568
RNG(0.3),5.22,0.8568
RNG(0.3),5.23,0.8568
RNG(0.3),5.28,0.8568
RNG(0.3),5.29,0.8568
RNG(0.3),5.3,0.8568
RNG(0.3),5.32,0.8568
RNG(0.3),5.34,0.8568
RNG(0.3),5.41,0.8568
RNG(0.3),5.46,0.8568
RNG(0.3),5.53,0.8568
RNG(0.3),5.54,0.8568
RNG(0.3),5.55,0.8568
RNG(0.3),5.58,0.8568
RNG(0.3),5.59,0.8568
RNG(0.3),5.61,0.8547
RNG(0.3),5.62,0.8547
RNG(0.3),5.66,0.8547
RNG(0.3),5.73,0.8547
RNG(0.3),5.74,0.8547
RNG(0.3),5.75,0.8547
RNG(0.3),5.76,0.8547
RNG(0.3),5.77,0.8547
RNG(0.3),5.79,0.8547
RNG(0.3),5.8,0.8547
RNG(0.3),5.83,0.8547
RNG(0.3),5.84,0.8547
RNG(0.3),5.86,0.8547
RNG(0.3),5.87,0.8547
RNG(0.3),5.91,0.8547
RNG(0.3),6.01,0.8547
RNG(0.3),6.04,0.8547
RNG(0.3),6.07,0.8547
RNG(0.3),6.08,0.8547
RNG(0.3),6.1,0.8547
RNG(0.3),6.12,0.8547
RNG(0.3),6.14,0.8547
RNG(0.3),6.21,0.8547
RNG(0.3),6.28,0.8547
RNG(0.3),6.34,0.8547
RNG(0.3),6.37,0.8547
RNG(0.3),6.46,0.8547
RNG(0.3),6.48,0.8547
RNG(0.3),6.8,0.8547
RNG(0.3),6.93,0.8547
RNG(0.3),6.94,0.8547
RNG(0.3),6.96,0.8547
RNG(0.3),7.0,0.8547
RNG(0.3),7.01,0.8547
RNG(0.3),7.02,0.8526
RNG(0.3),7.04,0.8526
RNG(0.3),7.16,0.8526
RNG(0.3),7.27,0.8526
RNG(0.3),7.33,0.8526
RNG(0.3),7.46,0.8526
RNG(0.3),7.47,0.8526
RNG(0.3),7.55,0.8526
RNG(0.3),7.58,0.8526
RNG(0.3),7.7,0.8526
RNG(0.3),9.2,0.8526
RNG(0.3),9.21,0.8526
Seg(0.3),1.03,0.8568
Seg(0.3),1.04,0.8568
Seg(0.3),1.05,0.8568
Seg(0.3),1.06,0.8568
Seg(0.3),1.07,0.8568
Seg(0.3),1.08,0.8568
Seg(0.3),1.09,0.8568
Seg(0.3),1.1,0.8568
Seg(0.3),1.11,0.8568
Seg(0.3),1.13,0.8568
Seg(0.3),1.14,0.8568
Seg(0.3),1.15,0.8568
Seg(0.3),1.18,0.8568
Seg(0.3),1.19,0.8568
Seg(0.3),1.2,0.8568
Seg(0.3),1.21,0.8568
Seg(0.3),1.22,0.8568
Seg(0.3),1.23,0.8568
Seg(0.3),1.24,0.8568
Seg(0.3),1.25,0.8568
Seg(0.3),1.26,0.8568
Seg(0.3),1.27,0.8568
Seg(0.3),1.28,0.8568
Seg(0.3),1.29,0.8568
Seg(0.3),1.3,0.8568
Seg(0.3),1.31,0.8568
Seg(0.3),1.32,0.8568
Seg(0.3),1.33,0.8568
Seg(0.3),1.34,0.8568
Seg(0.3),1.35,0.8568
Seg(0.3),1.36,0.8568
Seg(0.3),1.37,0.8568
Seg(0.3),1.38,0.8568
Seg(0.3),1.39,0.8568
Seg(0.3),1.4,0.8568
Seg(0.3),1.41,0.8568
Seg(0.3),1.42,0.8568
Seg(0.3),1.43,0.8568
Seg(0.3),1.44,0.8568
Seg(0.3),1.45,0.8568
Seg(0.3),1.46,0.8568
Seg(0.3),1.47,0.8568
Seg(0.3),1.48,0.8568
Seg(0.3),1.49,0.8568
Seg(0.3),1.5,0.8568
Seg(0.3),1.51,0.8568
Seg(0.3),1.52,0.8568
Seg(0.3),1.53,0.8568
Seg(0.3),1.54,0.8568
Seg(0.3),1.55,0.8568
Seg(0.3),1.56,0.8568
Seg(0.3),1.57,0.8568
Seg(0.3),1.58,0.8568
Seg(0.3),1.6,0.8578
Seg(0.3),1.61,0.8578
Seg(0.3),1.62,0.8578
Seg(0.3),1.63,0.8578
Seg(0.3),1.64,0.8578
Seg(0.3),1.65,0.8589
Seg(0.3),1.66,0.8589
Seg(0.3),1.67,0.8589
Seg(0.3),1.68,0.8589
Seg(0.3),1.69,0.8589
Seg(0.3),1.7,0.8589
Seg(0.3),1.71,0.8589
Seg(0.3),1.72,0.8589
Seg(0.3),1.73,0.8589
Seg(0.3),1.75,0.8589
Seg(0.3),1.76,0.8589
Seg(0.3),1.78,0.8589
Seg(0.3),1.79,0.8589
Seg(0.3),1.8,0.8589
Seg(0.3),1.81,0.8589
Seg(0.3),1.82,0.8589
Seg(0.3),1.85,0.8589
Seg(0.3),1.87,0.8589
Seg(0.3),1.88,0.8589
Seg(0.3),1.89,0.8589
Seg(0.3),1.91,0.8589
Seg(0.3),1.93,0.8589
Seg(0.3),1.94,0.8589
Seg(0.3),1.95,0.8589
Seg(0.3),1.96,0.8589
Seg(0.3),1.99,0.8589
Seg(0.3),2.0,0.8589
Seg(0.3),2.01,0.8589
Seg(0.3),2.02,0.8589
Seg(0.3),2.07,0.8589
Seg(0.3),2.08,0.8589
Seg(0.3),2.09,0.8589
Seg(0.3),2.1,0.8589
Seg(0.3),2.13,0.8589
Seg(0.3),2.14,0.8589
Seg(0.3),2.17,0.8589
Seg(0.3),2.18,0.8589
Seg(0.3),2.19,0.8589
Seg(0.3),2.24,0.8589
Seg(0.3),2.3,0.8589
Seg(0.3),2.32,0.8589
Seg(0.3),2.33,0.8589
Seg(0.3),2.34,0.8589
Seg(0.3),2.35,0.8589
Seg(0.3),2.37,0.8589
Seg(0.3),2.39,0.8589
Seg(0.3),2.4,0.8589
Seg(0.3),2.41,0.8589
Seg(0.3),2.43,0.8589
Seg(0.3),2.44,0.8589
Seg(0.3),2.49,0.8589
Seg(0.3),2.5,0.8589
Seg(0.3),2.51,0.8589
Seg(0.3),2.52,0.8589
Seg(0.3),2.57,0.8589
Seg(0.3),2.58,0.8589
Seg(0.3),2.6,0.8589
Seg(0.3),2.62,0.8589
Seg(0.3),2.63,0.8589
Seg(0.3),2.64,0.8589
Seg(0.3),2.66,0.8589
Seg(0.3),2.68,0.8589
Seg(0.3),2.69,0.8589
Seg(0.3),2.73,0.8589
Seg(0.3),2.74,0.8589
Seg(0.3),2.75,0.8589
Seg(0.3),2.83,0.8589
Seg(0.3),2.84,0.8589
Seg(0.3),2.86,0.8589
Seg(0.3),2.89,0.8589
Seg(0.3),2.95,0.8589
Seg(0.3),2.96,0.8589
Seg(0.3),2.98,0.8589
Seg(0.3),3.03,0.8589
Seg(0.3),3.07,0.8589
Seg(0.3),3.14,0.8589
Seg(0.3),3.15,0.8589
Seg(0.3),3.19,0.8589
Seg(0.3),3.2,0.8589
Seg(0.3),3.23,0.8589
Seg(0.3),3.25,0.8589
Seg(0.3),3.27,0.8589
Seg(0.3),3.32,0.8589
Seg(0.3),3.33,0.8589
Seg(0.3),3.37,0.8589
Seg(0.3),3.39,0.8589
Seg(0.3),3.41,0.8589
Seg(0.3),3.43,0.8589
Seg(0.3),3.45,0.8589
Seg(0.3),3.52,0.8589
Seg(0.3),3.56,0.8589
Seg(0.3),3.59,0.8589
Seg(0.3),3.6,0.8589
Seg(0.3),3.61,0.8589
Seg(0.3),3.66,0.8589
Seg(0.3),3.67,0.8589
Seg(0.3),3.69,0.8589
Seg(0.3),3.7,0.8589
Seg(0.3),3.72,0.8589
Seg(0.3),3.73,0.8589
Seg(0.3),3.76,0.8589
Seg(0.3),3.79,0.8589
Seg(0.3),3.8,0.8589
Seg(0.3),3.85,0.8589
Seg(0.3),3.87,0.8589
Seg(0.3),3.88,0.8589
Seg(0.3),3.91,0.8589
Seg(0.3),3.93,0.8589
Seg(0.3),3.95,0.8589
Seg(0.3),3.96,0.8589
Seg(0.3),3.97,0.8589
Seg(0.3),4.01,0.8589
Seg(0.3),4.02,0.8589
Seg(0.3),4.05,0.8589
Seg(0.3),4.08,0.8589
Seg(0.3),4.1,0.8589
Seg(0.3),4.11,0.8589
Seg(0.3),4.12,0.8589
Seg(0.3),4.13,0.8589
Seg(0.3),4.15,0.8589
Seg(0.3),4.2,0.8589
Seg(0.3),4.24,0.8589
Seg(0.3),4.25,0.8589
Seg(0.3),4.26,0.8589
Seg(0.3),4.29,0.8589
Seg(0.3),4.3,0.8589
Seg(0.3),4.33,0.8589
Seg(0.3),4.34,0.8589
Seg(0.3),4.35,0.8589
Seg(0.3),4.37,0.8589
Seg(0.3),4.38,0.8589
Seg(0.3),4.42,0.8589
Seg(0.3),4.43,0.8589
Seg(0.3),4.45,0.8589
Seg(0.3),4.47,0.8589
Seg(0.3),4.5,0.8589
Seg(0.3),4.51,0.8589
Seg(0.3),4.54,0.8589
Seg(0.3),4.55,0.8589
Seg(0.3),4.58,0.8589
Seg(0.3),4.59,0.8589
Seg(0.3),4.6,0.8589
Seg(0.3),4.62,0.8589
Seg(0.3),4.63,0.8589
Seg(0.3),4.64,0.8589
Seg(0.3),4.65,0.8589
Seg(0.3),4.66,0.8589
Seg(0.3),4.67,0.8589
Seg(0.3),4.68,0.8589
Seg(0.3),4.71,0.8589
Seg(0.3),4.72,0.8589
Seg(0.3),4.76,0.8589
Seg(0.3),4.77,0.8589
Seg(0.3),4.78,0.8589
Seg(0.3),4.79,0.8589
Seg(0.3),4.86,0.8589
Seg(0.3),4.88,0.8589
Seg(0.3),4.89,0.8589
Seg(0.3),4.92,0.8589
Seg(0.3),4.95,0.8589
Seg(0.3),5.0,0.8589
Seg(0.3),5.02,0.8568
Seg(0.3),5.03,0.8589
Seg(0.3),5.05,0.8589
Seg(0.3),5.06,0.8589
Seg(0.3),5.08,0.8589
Seg(0.3),5.16,0.8589
Seg(0.3),5.18,0.8589
Seg(0.3),5.21,0.8589
Seg(0.3),5.22,0.8589
Seg(0.3),5.23,0.8589
Seg(0.3),5.28,0.8589
Seg(0.3),5.29,0.8589
Seg(0.3),5.3,0.8589
Seg(0.3),5.32,0.8589
Seg(0.3),5.34,0.8589
Seg(0.3),5.41,0.8589
Seg(0.3),5.46,0.8589
Seg(0.3),5.53,0.8589
Seg(0.3),5.54,0.8589
Seg(0.3),5.55,0.8589
Seg(0.3),5.58,0.8589
Seg(0.3),5.59,0.8589
Seg(0.3),5.61,0.8568
Seg(0.3),5.62,0.8568
Seg(0.3),5.66,0.8568
Seg(0.3),5.73,0.8568
Seg(0.3),5.74,0.8568
Seg(0.3),5.75,0.8568
Seg(0.3),5.76,0.8568
Seg(0.3),5.77,0.8568
Seg(0.3),5.79,0.8568
Seg(0.3),5.8,0.8568
Seg(0.3),5.83,0.8568
Seg(0.3),5.84,0.8568
Seg(0.3),5.86,0.8568
Seg(0.3),5.87,0.8568
Seg(0.3),5.91,0.8568
Seg(0.3),6.01,0.8568
Seg(0.3),6.04,0.8568
Seg(0.3),6.07,0.8568
Seg(0.3),6.08,0.8568
Seg(0.3),6.1,0.8568
Seg(0.3),6.12,0.8568
Seg(0.3),6.14,0.8568
Seg(0.3),6.21,0.8568
Seg(0.3),6.28,0.8568
Seg(0.3),6.34,0.8568
Seg(0.3),6.37,0.8568
Seg(0.3),6.46,0.8568
Seg(0.3),6.48,0.8568
Seg(0.3),6.8,0.8568
Seg(0.3),6.93,0.8568
Seg(0.3),6.94,0.8568
Seg(0.3),6.96,0.8568
Seg(0.3),7.0,0.8568
Seg(0.3),7.01,0.8568
Seg(0.3),7.02,0.8547
Seg(0.3),7.04,0.8547
Seg(0.3),7.16,0.8547
Seg(0.3),7.27,0.8547
Seg(0.3),7.33,0.8547
Seg(0.3),7.46,0.8547
Seg(0.3),7.47,0.8547
Seg(0.3),7.55,0.8547
Seg(0.3),7.58,0.8547
Seg(0.3),7.7,0.8547
Seg(0.3),9.2,0.8547
Seg(0.3),9.21,0.8547
RNG(0.5),1.03,0.8568
RNG(0.5),1.04,0.8568
RNG(0.5),1.05,0.8568
RNG(0.5),1.06,0.8568
RNG(0.5),1.07,0.8568
RNG(0.5),1.08,0.8568
RNG(0.5),1.09,0.8568
RNG(0.5),1.1,0.8568
RNG(0.5),1.11,0.8568
RNG(0.5),1.13,0.8568
RNG(0.5),1.14,0.8568
RNG(0.5),1.15,0.8568
RNG(0.5),1.18,0.8568
RNG(0.5),1.19,0.8568
RNG(0.5),1.2,0.8568
RNG(0.5),1.21,0.8568
RNG(0.5),1.22,0.8568
RNG(0.5),1.23,0.8568
RNG(0.5),1.24,0.8568
RNG(0.5),1.25,0.8568
RNG(0.5),1.26,0.8568
RNG(0.5),1.27,0.8568
RNG(0.5),1.28,0.8568
RNG(0.5),1.29,0.8568
RNG(0.5),1.3,0.8568
RNG(0.5),1.31,0.8568
RNG(0.5),1.32,0.8568
RNG(0.5),1.33,0.8568
RNG(0.5),1.34,0.8568
RNG(0.5),1.35,0.8568
RNG(0.5),1.36,0.8568
RNG(0.5),1.37,0.8568
RNG(0.5),1.38,0.8568
RNG(0.5),1.39,0.8568
RNG(0.5),1.4,0.8568
RNG(0.5),1.41,0.8568
RNG(0.5),1.42,0.8568
RNG(0.5),1.43,0.8568
RNG(0.5),1.44,0.8568
RNG(0.5),1.45,0.8568
RNG(0.5),1.46,0.8568
RNG(0.5),1.47,0.8568
RNG(0.5),1.48,0.8568
RNG(0.5),1.49,0.8568
RNG(0.5),1.5,0.8568
RNG(0.5),1.51,0.8568
RNG(0.5),1.52,0.8568
RNG(0.5),1.53,0.8568
RNG(0.5),1.54,0.8568
RNG(0.5),1.55,0.8568
RNG(0.5),1.56,0.8568
RNG(0.5),1.57,0.8568
RNG(0.5),1.58,0.8568
RNG(0.5),1.6,0.8578
RNG(0.5),1.61,0.8578
RNG(0.5),1.62,0.8578
RNG(0.5),1.63,0.8578
RNG(0.5),1.64,0.8578
RNG(0.5),1.65,0.8578
RNG(0.5),1.66,0.8578
RNG(0.5),1.67,0.8578
RNG(0.5),1.68,0.8578
RNG(0.5),1.69,0.8578
RNG(0.5),1.7,0.8578
RNG(0.5),1.71,0.8578
RNG(0.5),1.72,0.8578
RNG(0.5),1.73,0.8578
RNG(0.5),1.75,0.8578
RNG(0.5),1.76,0.8578
RNG(0.5),1.78,0.8578
RNG(0.5),1.79,0.8578
RNG(0.5),1.8,0.8578
RNG(0.5),1.81,0.8578
RNG(0.5),1.82,0.8578
RNG(0.5),1.85,0.8578
RNG(0.5),1.87,0.8578
RNG(0.5),1.88,0.8578
RNG(0.5),1.89,0.8578
RNG(0.5),1.91,0.8578
RNG(0.5),1.93,0.8578
RNG(0.5),1.94,0.8578
RNG(0.5),1.95,0.8578
RNG(0.5),1.96,0.8578
RNG(0.5),1.99,0.8578
RNG(0.5),2.0,0.8578
RNG(0.5),2.01,0.8578
RNG(0.5),2.02,0.8578
RNG(0.5),2.07,0.8578
RNG(0.5),2.08,0.8578
RNG(0.5),2.09,0.8578
RNG(0.5),2.1,0.8578
RNG(0.5),2.13,0.8578
RNG(0.5),2.14,0.8578
RNG(0.5),2.17,0.8578
RNG(0.5),2.18,0.8578
RNG(0.5),2.19,0.8578
RNG(0.5),2.24,0.8578
RNG(0.5),2.3,0.8578
RNG(0.5),2.32,0.8578
RNG(0.5),2.33,0.8578
RNG(0.5),2.34,0.8578
RNG(0.5),2.35,0.8578
RNG(0.5),2.37,0.8578
RNG(0.5),2.39,0.8578
RNG(0.5),2.4,0.8578
RNG(0.5),2.41,0.8578
RNG(0.5),2.43,0.8578
RNG(0.5),2.44,0.8578
RNG(0.5),2.49,0.8578
RNG(0.5),2.5,0.8578
RNG(0.5),2.51,0.8578
RNG(0.5),2.52,0.8578
RNG(0.5),2.57,0.8578
RNG(0.5),2.58,0.8578
RNG(0.5),2.6,0.8578
RNG(0.5),2.62,0.8578
RNG(0.5),2.63,0.8578
RNG(0.5),2.64,0.8578
RNG(0.5),2.66,0.8578
RNG(0.5),2.68,0.8578
RNG(0.5),2.69,0.8578
RNG(0.5),2.73,0.8578
RNG(0.5),2.74,0.8578
RNG(0.5),2.75,0.8578
RNG(0.5),2.83,0.8578
RNG(0.5),2.84,0.8578
RNG(0.5),2.86,0.8578
RNG(0.5),2.89,0.8578
RNG(0.5),2.95,0.8578
RNG(0.5),2.96,0.8578
RNG(0.5),2.98,0.8578
RNG(0.5),3.03,0.8578
RNG(0.5),3.07,0.8578
RNG(0.5),3.14,0.8578
RNG(0.5),3.15,0.8578
RNG(0.5),3.19,0.8578
RNG(0.5),3.2,0.8578
RNG(0.5),3.23,0.8578
RNG(0.5),3.25,0.8578
RNG(0.5),3.27,0.8578
RNG(0.5),3.32,0.8578
RNG(0.5),3.33,0.8578
RNG(0.5),3.37,0.8578
RNG(0.5),3.39,0.8578
RNG(0.5),3.41,0.8578
RNG(0.5),3.43,0.8578
RNG(0.5),3.45,0.8578
RNG(0.5),3.52,0.8578
RNG(0.5),3.56,0.8578
RNG(0.5),3.59,0.8578
RNG(0.5),3.6,0.8578
RNG(0.5),3.61,0.8578
RNG(0.5),3.66,0.8578
RNG(0.5),3.67,0.8578
RNG(0.5),3.69,0.8578
RNG(0.5),3.7,0.8578
RNG(0.5),3.72,0.8578
RNG(0.5),3.73,0.8578
RNG(0.5),3.76,0.8578
RNG(0.5),3.79,0.8578
RNG(0.5),3.8,0.8578
RNG(0.5),3.85,0.8578
RNG(0.5),3.87,0.8578
RNG(0.5),3.88,0.8578
RNG(0.5),3.91,0.8578
RNG(0.5),3.93,0.8578
RNG(0.5),3.95,0.8578
RNG(0.5),3.96,0.8578
RNG(0.5),3.97,0.8578
RNG(0.5),4.01,0.8578
RNG(0.5),4.02,0.8578
RNG(0.5),4.05,0.8578
RNG(0.5),4.08,0.8578
RNG(0.5),4.1,0.8578
RNG(0.5),4.11,0.8578
RNG(0.5),4.12,0.8578
RNG(0.5),4.13,0.8578
RNG(0.5),4.15,0.8578
RNG(0.5),4.2,0.8578
RNG(0.5),4.24,0.8578
RNG(0.5),4.25,0.8578
RNG(0.5),4.26,0.8578
RNG(0.5),4.29,0.8578
RNG(0.5),4.3,0.8578
RNG(0.5),4.33,0.8578
RNG(0.5),4.34,0.8578
RNG(0.5),4.35,0.8578
RNG(0.5),4.37,0.8578
RNG(0.5),4.38,0.8578
RNG(0.5),4.42,0.8578
RNG(0.5),4.43,0.8578
RNG(0.5),4.45,0.8578
RNG(0.5),4.47,0.8578
RNG(0.5),4.5,0.8578
RNG(0.5),4.51,0.8578
RNG(0.5),4.54,0.8578
RNG(0.5),4.55,0.8578
RNG(0.5),4.58,0.8578
RNG(0.5),4.59,0.8578
RNG(0.5),4.6,0.8578
RNG(0.5),4.62,0.8578
RNG(0.5),4.63,0.8578
RNG(0.5),4.64,0.8578
RNG(0.5),4.65,0.8578
RNG(0.5),4.66,0.8578
RNG(0.5),4.67,0.8578
RNG(0.5),4.68,0.8578
RNG(0.5),4.71,0.8578
RNG(0.5),4.72,0.8578
RNG(0.5),4.76,0.8578
RNG(0.5),4.77,0.8578
RNG(0.5),4.78,0.8578
RNG(0.5),4.79,0.8578
RNG(0.5),4.86,0.8578
RNG(0.5),4.88,0.8578
RNG(0.5),4.89,0.8578
RNG(0.5),4.92,0.8578
RNG(0.5),4.95,0.8578
RNG(0.5),5.0,0.8578
RNG(0.5),5.02,0.8578
RNG(0.5),5.03,0.8599
RNG(0.5),5.05,0.8599
RNG(0.5),5.06,0.8599
RNG(0.5),5.08,0.8599
RNG(0.5),5.16,0.8599
RNG(0.5),5.18,0.8599
RNG(0.5),5.21,0.8599
RNG(0.5),5.22,0.8599
RNG(0.5),5.23,0.8599
RNG(0.5),5.28,0.8599
RNG(0.5),5.29,0.8599
RNG(0.5),5.3,0.8599
RNG(0.5),5.32,0.8599
RNG(0.5),5.34,0.8599
RNG(0.5),5.41,0.8599
RNG(0.5),5.46,0.8599
RNG(0.5),5.53,0.8599
RNG(0.5),5.54,0.8599
RNG(0.5),5.55,0.8599
RNG(0.5),5.58,0.8599
RNG(0.5),5.59,0.8599
RNG(0.5),5.61,0.8578
RNG(0.5),5.62,0.8578
RNG(0.5),5.66,0.8578
RNG(0.5),5.73,0.8578
RNG(0.5),5.74,0.8578
RNG(0.5),5.75,0.8578
RNG(0.5),5.76,0.8578
RNG(0.5),5.77,0.8578
RNG(0.5),5.79,0.8578
RNG(0.5),5.8,0.8578
RNG(0.5),5.83,0.8578
RNG(0.5),5.84,0.8578
RNG(0.5),5.86,0.8578
RNG(0.5),5.87,0.8578
RNG(0.5),5.91,0.8578
RNG(0.5),6.01,0.8578
RNG(0.5),6.04,0.8578
RNG(0.5),6.07,0.8578
RNG(0.5),6.08,0.8578
RNG(0.5),6.1,0.8578
RNG(0.5),6.12,0.8578
RNG(0.5),6.14,0.8578
RNG(0.5),6.21,0.8578
RNG(0.5),6.28,0.8578
RNG(0.5),6.34,0.8578
RNG(0.5),6.37,0.8578
RNG(0.5),6.46,0.8578
RNG(0.5),6.48,0.8578
RNG(0.5),6.8,0.8578
RNG(0.5),6.93,0.8578
RNG(0.5),6.94,0.8578
RNG(0.5),6.96,0.8578
RNG(0.5),7.0,0.8578
RNG(0.5),7.01,0.8578
RNG(0.5),7.02,0.8557
RNG(0.5),7.04,0.8557
RNG(0.5),7.16,0.8557
RNG(0.5),7.27,0.8557
RNG(0.5),7.33,0.8557
RNG(0.5),7.46,0.8557
RNG(0.5),7.47,0.8557
RNG(0.5),7.55,0.8557
RNG(0.5),7.58,0.8557
RNG(0.5),7.7,0.8557
RNG(0.5),9.2,0.8557
RNG(0.5),9.21,0.8557
Seg(0.5),1.03,0.8568
Seg(0.5),1.04,0.8568
Seg(0.5),1.05,0.8568
Seg(0.5),1.06,0.8568
Seg(0.5),1.07,0.8568
Seg(0.5),1.08,0.8568
Seg(0.5),1.09,0.8568
Seg(0.5),1.1,0.8568
Seg(0.5),1.11,0.8568
Seg(0.5),1.13,0.8568
Seg(0.5),1.14,0.8568
Seg(0.5),1.15,0.8568
Seg(0.5),1.18,0.8568
Seg(0.5),1.19,0.8568
Seg(0.5),1.2,0.8568
Seg(0.5),1.21,0.8568
Seg(0.5),1.22,0.8568
Seg(0.5),1.23,0.8568
Seg(0.5),1.24,0.8568
Seg(0.5),1.25,0.8568
Seg(0.5),1.26,0.8568
Seg(0.5),1.27,0.8568
Seg(0.5),1.28,0.8568
Seg(0.5),1.29,0.8568
Seg(0.5),1.3,0.8568
Seg(0.5),1.31,0.8568
Seg(0.5),1.32,0.8568
Seg(0.5),1.33,0.8568
Seg(0.5),1.34,0.8568
Seg(0.5),1.35,0.8568
Seg(0.5),1.36,0.8568
Seg(0.5),1.37,0.8568
Seg(0.5),1.38,0.8568
Seg(0.5),1.39,0.8568
Seg(0.5),1.4,0.8568
Seg(0.5),1.41,0.8568
Seg(0.5),1.42,0.8568
Seg(0.5),1.43,0.8568
Seg(0.5),1.44,0.8568
Seg(0.5),1.45,0.8568
Seg(0.5),1.46,0.8568
Seg(0.5),1.47,0.8568
Seg(0.5),1.48,0.8568
Seg(0.5),1.49,0.8568
Seg(0.5),1.5,0.8568
Seg(0.5),1.51,0.8568
Seg(0.5),1.52,0.8568
Seg(0.5),1.53,0.8568
Seg(0.5),1.54,0.8568
Seg(0.5),1.55,0.8568
Seg(0.5),1.56,0.8568
Seg(0.5),1.57,0.8568
Seg(0.5),1.58,0.8568
Seg(0.5),1.6,0.8578
Seg(0.5),1.61,0.8578
Seg(0.5),1.62,0.8578
Seg(0.5),1.63,0.8578
Seg(0.5),1.64,0.8578
Seg(0.5),1.65,0.8578
Seg(0.5),1.66,0.8578
Seg(0.5),1.67,0.8578
Seg(0.5),1.68,0.8578
Seg(0.5),1.69,0.8578
Seg(0.5),1.7,0.8578
Seg(0.5),1.71,0.8578
Seg(0.5),1.72,0.8578
Seg(0.5),1.73,0.8578
Seg(0.5),1.75,0.8578
Seg(0.5),1.76,0.8578
Seg(0.5),1.78,0.8578
Seg(0.5),1.79,0.8578
Seg(0.5),1.8,0.8578
Seg(0.5),1.81,0.8578
Seg(0.5),1.82,0.8578
Seg(0.5),1.85,0.8578
Seg(0.5),1.87,0.8578
Seg(0.5),1.88,0.8578
Seg(0.5),1.89,0.8578
Seg(0.5),1.91,0.8578
Seg(0.5),1.93,0.8578
Seg(0.5),1.94,0.8578
Seg(0.5),1.95,0.8578
Seg(0.5),1.96,0.8578
Seg(0.5),1.99,0.8578
Seg(0.5),2.0,0.8578
Seg(0.5),2.01,0.8578
Seg(0.5),2.02,0.8578
Seg(0.5),2.07,0.8578
Seg(0.5),2.08,0.8578
Seg(0.5),2.09,0.8578
Seg(0.5),2.1,0.8578
Seg(0.5),2.13,0.8578
Seg(0.5),2.14,0.8578
Seg(0.5),2.17,0.8578
Seg(0.5),2.18,0.8578
Seg(0.5),2.19,0.8578
Seg(0.5),2.24,0.8578
Seg(0.5),2.3,0.8578
Seg(0.5),2.32,0.8578
Seg(0.5),2.33,0.8578
Seg(0.5),2.34,0.8578
Seg(0.5),2.35,0.8578
Seg(0.5),2.37,0.8578
Seg(0.5),2.39,0.8578
Seg(0.5),2.4,0.8578
Seg(0.5),2.41,0.8578
Seg(0.5),2.43,0.8578
Seg(0.5),2.44,0.8578
Seg(0.5),2.49,0.8578
Seg(0.5),2.5,0.8578
Seg(0.5),2.51,0.8578
Seg(0.5),2.52,0.8578
Seg(0.5),2.57,0.8578
Seg(0.5),2.58,0.8578
Seg(0.5),2.6,0.8578
Seg(0.5),2.62,0.8578
Seg(0.5),2.63,0.8578
Seg(0.5),2.64,0.8578
Seg(0.5),2.66,0.8578
Seg(0.5),2.68,0.8578
Seg(0.5),2.69,0.8578
Seg(0.5),2.73,0.8578
Seg(0.5),2.74,0.8578
Seg(0.5),2.75,0.8578
Seg(0.5),2.83,0.8578
Seg(0.5),2.84,0.8578
Seg(0.5),2.86,0.8578
Seg(0.5),2.89,0.8578
Seg(0.5),2.95,0.8578
Seg(0.5),2.96,0.8578
Seg(0.5),2.98,0.8578
Seg(0.5),3.03,0.8578
Seg(0.5),3.07,0.8578
Seg(0.5),3.14,0.8578
Seg(0.5),3.15,0.8578
Seg(0.5),3.19,0.8578
Seg(0.5),3.2,0.8578
Seg(0.5),3.23,0.8578
Seg(0.5),3.25,0.8578
Seg(0.5),3.27,0.8578
Seg(0.5),3.32,0.8578
Seg(0.5),3.33,0.8578
Seg(0.5),3.37,0.8578
Seg(0.5),3.39,0.8578
Seg(0.5),3.41,0.8578
Seg(0.5),3.43,0.8578
Seg(0.5),3.45,0.8578
Seg(0.5),3.52,0.8578
Seg(0.5),3.56,0.8578
Seg(0.5),3.59,0.8578
Seg(0.5),3.6,0.8578
Seg(0.5),3.61,0.8578
Seg(0.5),3.66,0.8578
Seg(0.5),3.67,0.8578
Seg(0.5),3.69,0.8578
Seg(0.5),3.7,0.8578
Seg(0.5),3.72,0.8578
Seg(0.5),3.73,0.8578
Seg(0.5),3.76,0.8578
Seg(0.5),3.79,0.8578
Seg(0.5),3.8,0.8578
Seg(0.5),3.85,0.8578
Seg(0.5),3.87,0.8578
Seg(0.5),3.88,0.8578
Seg(0.5),3.91,0.8578
Seg(0.5),3.93,0.8578
Seg(0.5),3.95,0.8578
Seg(0.5),3.96,0.8578
Seg(0.5),3.97,0.8578
Seg(0.5),4.01,0.8578
Seg(0.5),4.02,0.8578
Seg(0.5),4.05,0.8578
Seg(0.5),4.08,0.8578
Seg(0.5),4.1,0.8578
Seg(0.5),4.11,0.8578
Seg(0.5),4.12,0.8578
Seg(0.5),4.13,0.8578
Seg(0.5),4.15,0.8578
Seg(0.5),4.2,0.8578
Seg(0.5),4.24,0.8578
Seg(0.5),4.25,0.8578
Seg(0.5),4.26,0.8578
Seg(0.5),4.29,0.8578
Seg(0.5),4.3,0.8578
Seg(0.5),4.33,0.8578
Seg(0.5),4.34,0.8578
Seg(0.5),4.35,0.8578
Seg(0.5),4.37,0.8578
Seg(0.5),4.38,0.8578
Seg(0.5),4.42,0.8578
Seg(0.5),4.43,0.8578
Seg(0.5),4.45,0.8578
Seg(0.5),4.47,0.8578
Seg(0.5),4.5,0.8578
Seg(0.5),4.51,0.8578
Seg(0.5),4.54,0.8578
Seg(0.5),4.55,0.8578
Seg(0.5),4.58,0.8578
Seg(0.5),4.59,0.8578
Seg(0.5),4.6,0.8578
Seg(0.5),4.62,0.8578
Seg(0.5),4.63,0.8578
Seg(0.5),4.64,0.8578
Seg(0.5),4.65,0.8578
Seg(0.5),4.66,0.8578
Seg(0.5),4.67,0.8578
Seg(0.5),4.68,0.8578
Seg(0.5),4.71,0.8578
Seg(0.5),4.72,0.8578
Seg(0.5),4.76,0.8578
Seg(0.5),4.77,0.8578
Seg(0.5),4.78,0.8578
Seg(0.5),4.79,0.8578
Seg(0.5),4.86,0.8578
Seg(0.5),4.88,0.8578
Seg(0.5),4.89,0.8578
Seg(0.5),4.92,0.8578
Seg(0.5),4.95,0.8578
Seg(0.5),5.0,0.8578
Seg(0.5),5.02,0.8578
Seg(0.5),5.03,0.8599
Seg(0.5),5.05,0.8599
Seg(0.5),5.06,0.8599
Seg(0.5),5.08,0.8599
Seg(0.5),5.16,0.8599
Seg(0.5),5.18,0.8599
Seg(0.5),5.21,0.8599
Seg(0.5),5.22,0.8599
Seg(0.5),5.23,0.8599
Seg(0.5),5.28,0.8599
Seg(0.5),5.29,0.8599
Seg(0.5),5.3,0.8599
Seg(0.5),5.32,0.8599
Seg(0.5),5.34,0.8599
Seg(0.5),5.41,0.8599
Seg(0.5),5.46,0.8599
Seg(0.5),5.53,0.8599
Seg(0.5),5.54,0.8599
Seg(0.5),5.55,0.8599
Seg(0.5),5.58,0.8599
Seg(0.5),5.59,0.8599
Seg(0.5),5.61,0.8578
Seg(0.5),5.62,0.8578
Seg(0.5),5.66,0.8578
Seg(0.5),5.73,0.8578
Seg(0.5),5.74,0.8578
Seg(0.5),5.75,0.8578
Seg(0.5),5.76,0.8578
Seg(0.5),5.77,0.8578
Seg(0.5),5.79,0.8578
Seg(0.5),5.8,0.8578
Seg(0.5),5.83,0.8578
Seg(0.5),5.84,0.8578
Seg(0.5),5.86,0.8578
Seg(0.5),5.87,0.8578
Seg(0.5),5.91,0.8578
Seg(0.5),6.01,0.8578
Seg(0.5),6.04,0.8578
Seg(0.5),6.07,0.8578
Seg(0.5),6.08,0.8578
Seg(0.5),6.1,0.8578
Seg(0.5),6.12,0.8578
Seg(0.5),6.14,0.8578
Seg(0.5),6.21,0.8578
Seg(0.5),6.28,0.8578
Seg(0.5),6.34,0.8578
Seg(0.5),6.37,0.8578
Seg(0.5),6.46,0.8578
Seg(0.5),6.48,0.8578
Seg(0.5),6.8,0.8578
Seg(0.5),6.93,0.8578
Seg(0.5),6.94,0.8578
Seg(0.5),6.96,0.8578
Seg(0.5),7.0,0.8578
Seg(0.5),7.01,0.8578
Seg(0.5),7.02,0.8557
Seg(0.5),7.04,0.8557
Seg(0.5),7.16,0.8557
Seg(0.5),7.27,0.8557
Seg(0.5),7.33,0.8557
Seg(0.5),7.46,0.8557
Seg(0.5),7.47,0.8557
Seg(0.5),7.55,0.8557
Seg(0.5),7.58,0.8557
Seg(0.5),7.7,0.8557
Seg(0.5),9.2,0.8557
Seg(0.5),9.21,0.8557
RNG(1),1.03,0.8568
RNG(1),1.04,0.8568
RNG(1),1.05,0.8568
RNG(1),1.06,0.8568
RNG(1),1.07,0.8568
RNG(1),1.08,0.8568
RNG(1),1.09,0.8568
RNG(1),1.1,0.8568
RNG(1),1.11,0.8568
RNG(1),1.13,0.8568
RNG(1),1.14,0.8568
RNG(1),1.15,0.8568
RNG(1),1.18,0.8568
RNG(1),1.19,0.8568
RNG(1),1.2,0.8568
RNG(1),1.21,0.8568
RNG(1),1.22,0.8568
RNG(1),1.23,0.8568
RNG(1),1.24,0.8568
RNG(1),1.25,0.8568
RNG(1),1.26,0.8568
RNG(1),1.27,0.8568
RNG(1),1.28,0.8568
RNG(1),1.29,0.8568
RNG(1),1.3,0.8568
RNG(1),1.31,0.8568
RNG(1),1.32,0.8568
RNG(1),1.33,0.8568
RNG(1),1.34,0.8568
RNG(1),1.35,0.8568
RNG(1),1.36,0.8568
RNG(1),1.37,0.8568
RNG(1),1.38,0.8568
RNG(1),1.39,0.8568
RNG(1),1.4,0.8568
RNG(1),1.41,0.8568
RNG(1),1.42,0.8568
RNG(1),1.43,0.8568
RNG(1),1.44,0.8568
RNG(1),1.45,0.8568
RNG(1),1.46,0.8568
RNG(1),1.47,0.8568
RNG(1),1.48,0.8568
RNG(1),1.49,0.8568
RNG(1),1.5,0.8568
RNG(1),1.51,0.8568
RNG(1),1.52,0.8568
RNG(1),1.53,0.8568
RNG(1),1.54,0.8568
RNG(1),1.55,0.8568
RNG(1),1.56,0.8568
RNG(1),1.57,0.8568
RNG(1),1.58,0.8568
RNG(1),1.6,0.8568
RNG(1),1.61,0.8568
RNG(1),1.62,0.8568
RNG(1),1.63,0.8568
RNG(1),1.64,0.8568
RNG(1),1.65,0.8568
RNG(1),1.66,0.8568
RNG(1),1.67,0.8568
RNG(1),1.68,0.8568
RNG(1),1.69,0.8568
RNG(1),1.7,0.8568
RNG(1),1.71,0.8568
RNG(1),1.72,0.8568
RNG(1),1.73,0.8568
RNG(1),1.75,0.8568
RNG(1),1.76,0.8568
RNG(1),1.78,0.8568
RNG(1),1.79,0.8568
RNG(1),1.8,0.8568
RNG(1),1.81,0.8568
RNG(1),1.82,0.8568
RNG(1),1.85,0.8568
RNG(1),1.87,0.8568
RNG(1),1.88,0.8568
RNG(1),1.89,0.8568
RNG(1),1.91,0.8568
RNG(1),1.93,0.8568
RNG(1),1.94,0.8568
RNG(1),1.95,0.8568
RNG(1),1.96,0.8568
RNG(1),1.99,0.8568
RNG(1),2.0,0.8568
RNG(1),2.01,0.8568
RNG(1),2.02,0.8568
RNG(1),2.07,0.8568
RNG(1),2.08,0.8568
RNG(1),2.09,0.8568
RNG(1),2.1,0.8568
RNG(1),2.13,0.8568
RNG(1),2.14,0.8568
RNG(1),2.17,0.8568
RNG(1),2.18,0.8568
RNG(1),2.19,0.8568
RNG(1),2.24,0.8568
RNG(1),2.3,0.8568
RNG(1),2.32,0.8568
RNG(1),2.33,0.8568
RNG(1),2.34,0.8568
RNG(1),2.35,0.8568
RNG(1),2.37,0.8568
RNG(1),2.39,0.8568
RNG(1),2.4,0.8568
RNG(1),2.41,0.8568
RNG(1),2.43,0.8568
RNG(1),2.44,0.8568
RNG(1),2.49,0.8568
RNG(1),2.5,0.8568
RNG(1),2.51,0.8568
RNG(1),2.52,0.8568
RNG(1),2.57,0.8568
RNG(1),2.58,0.8568
RNG(1),2.6,0.8568
RNG(1),2.62,0.8568
RNG(1),2.63,0.8568
RNG(1),2.64,0.8568
RNG(1),2.66,0.8568
RNG(1),2.68,0.8568
RNG(1),2.69,0.8568
RNG(1),2.73,0.8568
RNG(1),2.74,0.8568
RNG(1),2.75,0.8568
RNG(1),2.83,0.8568
RNG(1),2.84,0.8568
RNG(1),2.86,0.8568
RNG(1),2.89,0.8568
RNG(1),2.95,0.8568
RNG(1),2.96,0.8568
RNG(1),2.98,0.8568
RNG(1),3.03,0.8568
RNG(1),3.07,0.8568
RNG(1),3.14,0.8568
RNG(1),3.15,0.8568
RNG(1),3.19,0.8568
RNG(1),3.2,0.8568
RNG(1),3.23,0.8568
RNG(1),3.25,0.8568
RNG(1),3.27,0.8568
RNG(1),3.32,0.8568
RNG(1),3.33,0.8568
RNG(1),3.37,0.8568
RNG(1),3.39,0.8568
RNG(1),3.41,0.8568
RNG(1),3.43,0.8568
RNG(1),3.45,0.8568
RNG(1),3.52,0.8568
RNG(1),3.56,0.8568
RNG(1),3.59,0.8568
RNG(1),3.6,0.8568
RNG(1),3.61,0.8568
RNG(1),3.66,0.8568
RNG(1),3.67,0.8568
RNG(1),3.69,0.8568
RNG(1),3.7,0.8568
RNG(1),3.72,0.8568
RNG(1),3.73,0.8568
RNG(1),3.76,0.8568
RNG(1),3.79,0.8568
RNG(1),3.8,0.8568
RNG(1),3.85,0.8568
RNG(1),3.87,0.8568
RNG(1),3.88,0.8568
RNG(1),3.91,0.8568
RNG(1),3.93,0.8568
RNG(1),3.95,0.8568
RNG(1),3.96,0.8568
RNG(1),3.97,0.8568
RNG(1),4.01,0.8568
RNG(1),4.02,0.8568
RNG(1),4.05,0.8568
RNG(1),4.08,0.8568
RNG(1),4.1,0.8568
RNG(1),4.11,0.8568
RNG(1),4.12,0.8568
RNG(1),4.13,0.8568
RNG(1),4.15,0.8568
RNG(1),4.2,0.8568
RNG(1),4.24,0.8568
RNG(1),4.25,0.8568
RNG(1),4.26,0.8568
RNG(1),4.29,0.8568
RNG(1),4.3,0.8568
RNG(1),4.33,0.8568
RNG(1),4.34,0.8568
RNG(1),4.35,0.8568
RNG(1),4.37,0.8568
RNG(1),4.38,0.8568
RNG(1),4.42,0.8568
RNG(1),4.43,0.8568
RNG(1),4.45,0.8568
RNG(1),4.47,0.8568
RNG(1),4.5,0.8568
RNG(1),4.51,0.8568
RNG(1),4.54,0.8568
RNG(1),4.55,0.8568
RNG(1),4.58,0.8568
RNG(1),4.59,0.8568
RNG(1),4.6,0.8568
RNG(1),4.62,0.8568
RNG(1),4.63,0.8568
RNG(1),4.64,0.8568
RNG(1),4.65,0.8568
RNG(1),4.66,0.8568
RNG(1),4.67,0.8568
RNG(1),4.68,0.8568
RNG(1),4.71,0.8568
RNG(1),4.72,0.8568
RNG(1),4.76,0.8568
RNG(1),4.77,0.8568
RNG(1),4.78,0.8568
RNG(1),4.79,0.8568
RNG(1),4.86,0.8568
RNG(1),4.88,0.8568
RNG(1),4.89,0.8568
RNG(1),4.92,0.8568
RNG(1),4.95,0.8568
RNG(1),5.0,0.8568
RNG(1),5.02,0.8568
RNG(1),5.03,0.8568
RNG(1),5.05,0.8568
RNG(1),5.06,0.8568
RNG(1),5.08,0.8568
RNG(1),5.16,0.8568
RNG(1),5.18,0.8568
RNG(1),5.21,0.8568
RNG(1),5.22,0.8568
RNG(1),5.23,0.8568
RNG(1),5.28,0.8568
RNG(1),5.29,0.8568
RNG(1),5.3,0.8568
RNG(1),5.32,0.8568
RNG(1),5.34,0.8568
RNG(1),5.41,0.8568
RNG(1),5.46,0.8568
RNG(1),5.53,0.8568
RNG(1),5.54,0.8568
RNG(1),5.55,0.8568
RNG(1),5.58,0.8568
RNG(1),5.59,0.8568
RNG(1),5.61,0.8568
RNG(1),5.62,0.8568
RNG(1),5.66,0.8568
RNG(1),5.73,0.8568
RNG(1),5.74,0.8568
RNG(1),5.75,0.8568
RNG(1),5.76,0.8568
RNG(1),5.77,0.8568
RNG(1),5.79,0.8568
RNG(1),5.8,0.8568
RNG(1),5.83,0.8568
RNG(1),5.84,0.8568
RNG(1),5.86,0.8568
RNG(1),5.87,0.8568
RNG(1),5.91,0.8568
RNG(1),6.01,0.8568
RNG(1),6.04,0.8568
RNG(1),6.07,0.8568
RNG(1),6.08,0.8568
RNG(1),6.1,0.8568
RNG(1),6.12,0.8568
RNG(1),6.14,0.8568
RNG(1),6.21,0.8568
RNG(1),6.28,0.8568
RNG(1),6.34,0.8568
RNG(1),6.37,0.8568
RNG(1),6.46,0.8568
RNG(1),6.48,0.8568
RNG(1),6.8,0.8568
RNG(1),6.93,0.8568
RNG(1),6.94,0.8568
RNG(1),6.96,0.8568
RNG(1),7.0,0.8568
RNG(1),7.01,0.8568
RNG(1),7.02,0.8547
RNG(1),7.04,0.8547
RNG(1),7.16,0.8547
RNG(1),7.27,0.8547
RNG(1),7.33,0.8547
RNG(1),7.46,0.8547
RNG(1),7.47,0.8547
RNG(1),7.55,0.8547
RNG(1),7.58,0.8547
RNG(1),7.7,0.8547
RNG(1),9.2,0.8547
RNG(1),9.21,0.8547
Seg(1),1.03,0.8568
Seg(1),1.04,0.8568
Seg(1),1.05,0.8568
Seg(1),1.06,0.8568
Seg(1),1.07,0.8568
Seg(1),1.08,0.8568
Seg(1),1.09,0.8568
Seg(1),1.1,0.8568
Seg(1),1.11,0.8568
Seg(1),1.13,0.8568
Seg(1),1.14,0.8568
Seg(1),1.15,0.8568
Seg(1),1.18,0.8568
Seg(1),1.19,0.8568
Seg(1),1.2,0.8568
Seg(1),1.21,0.8568
Seg(1),1.22,0.8568
Seg(1),1.23,0.8568
Seg(1),1.24,0.8568
Seg(1),1.25,0.8568
Seg(1),1.26,0.8568
Seg(1),1.27,0.8568
Seg(1),1.28,0.8568
Seg(1),1.29,0.8568
Seg(1),1.3,0.8568
Seg(1),1.31,0.8568
Seg(1),1.32,0.8568
Seg(1),1.33,0.8568
Seg(1),1.34,0.8568
Seg(1),1.35,0.8568
Seg(1),1.36,0.8568
Seg(1),1.37,0.8568
Seg(1),1.38,0.8568
Seg(1),1.39,0.8568
Seg(1),1.4,0.8568
Seg(1),1.41,0.8568
Seg(1),1.42,0.8568
Seg(1),1.43,0.8568
Seg(1),1.44,0.8568
Seg(1),1.45,0.8568
Seg(1),1.46,0.8568
Seg(1),1.47,0.8568
Seg(1),1.48,0.8568
Seg(1),1.49,0.8568
Seg(1),1.5,0.8568
Seg(1),1.51,0.8568
Seg(1),1.52,0.8568
Seg(1),1.53,0.8568
Seg(1),1.54,0.8568
Seg(1),1.55,0.8568
Seg(1),1.56,0.8568
Seg(1),1.57,0.8568
Seg(1),1.58,0.8568
Seg(1),1.6,0.8568
Seg(1),1.61,0.8568
Seg(1),1.62,0.8568
Seg(1),1.63,0.8568
Seg(1),1.64,0.8568
Seg(1),1.65,0.8568
Seg(1),1.66,0.8568
Seg(1),1.67,0.8568
Seg(1),1.68,0.8568
Seg(1),1.69,0.8568
Seg(1),1.7,0.8568
Seg(1),1.71,0.8568
Seg(1),1.72,0.8568
Seg(1),1.73,0.8568
Seg(1),1.75,0.8568
Seg(1),1.76,0.8568
Seg(1),1.78,0.8568
Seg(1),1.79,0.8568
Seg(1),1.8,0.8568
Seg(1),1.81,0.8568
Seg(1),1.82,0.8568
Seg(1),1.85,0.8568
Seg(1),1.87,0.8568
Seg(1),1.88,0.8568
Seg(1),1.89,0.8568
Seg(1),1.91,0.8568
Seg(1),1.93,0.8568
Seg(1),1.94,0.8568
Seg(1),1.95,0.8568
Seg(1),1.96,0.8568
Seg(1),1.99,0.8568
Seg(1),2.0,0.8568
Seg(1),2.01,0.8568
Seg(1),2.02,0.8568
Seg(1),2.07,0.8568
Seg(1),2.08,0.8568
Seg(1),2.09,0.8568
Seg(1),2.1,0.8568
Seg(1),2.13,0.8568
Seg(1),2.14,0.8568
Seg(1),2.17,0.8568
Seg(1),2.18,0.8568
Seg(1),2.19,0.8568
Seg(1),2.24,0.8568
Seg(1),2.3,0.8568
Seg(1),2.32,0.8568
Seg(1),2.33,0.8568
Seg(1),2.34,0.8568
Seg(1),2.35,0.8568
Seg(1),2.37,0.8568
Seg(1),2.39,0.8568
Seg(1),2.4,0.8568
Seg(1),2.41,0.8568
Seg(1),2.43,0.8568
Seg(1),2.44,0.8568
Seg(1),2.49,0.8568
Seg(1),2.5,0.8568
Seg(1),2.51,0.8568
Seg(1),2.52,0.8568
Seg(1),2.57,0.8568
Seg(1),2.58,0.8568
Seg(1),2.6,0.8568
Seg(1),2.62,0.8568
Seg(1),2.63,0.8568
Seg(1),2.64,0.8568
Seg(1),2.66,0.8568
Seg(1),2.68,0.8568
Seg(1),2.69,0.8568
Seg(1),2.73,0.8568
Seg(1),2.74,0.8568
Seg(1),2.75,0.8568
Seg(1),2.83,0.8568
Seg(1),2.84,0.8568
Seg(1),2.86,0.8568
Seg(1),2.89,0.8568
Seg(1),2.95,0.8568
Seg(1),2.96,0.8568
Seg(1),2.98,0.8568
Seg(1),3.03,0.8568
Seg(1),3.07,0.8568
Seg(1),3.14,0.8568
Seg(1),3.15,0.8568
Seg(1),3.19,0.8568
Seg(1),3.2,0.8568
Seg(1),3.23,0.8568
Seg(1),3.25,0.8568
Seg(1),3.27,0.8568
Seg(1),3.32,0.8568
Seg(1),3.33,0.8568
Seg(1),3.37,0.8568
Seg(1),3.39,0.8568
Seg(1),3.41,0.8568
Seg(1),3.43,0.8568
Seg(1),3.45,0.8568
Seg(1),3.52,0.8568
Seg(1),3.56,0.8568
Seg(1),3.59,0.8568
Seg(1),3.6,0.8568
Seg(1),3.61,0.8568
Seg(1),3.66,0.8568
Seg(1),3.67,0.8568
Seg(1),3.69,0.8568
Seg(1),3.7,0.8568
Seg(1),3.72,0.8568
Seg(1),3.73,0.8568
Seg(1),3.76,0.8568
Seg(1),3.79,0.8568
Seg(1),3.8,0.8568
Seg(1),3.85,0.8568
Seg(1),3.87,0.8568
Seg(1),3.88,0.8568
Seg(1),3.91,0.8568
Seg(1),3.93,0.8568
Seg(1),3.95,0.8568
Seg(1),3.96,0.8568
Seg(1),3.97,0.8568
Seg(1),4.01,0.8568
Seg(1),4.02,0.8568
Seg(1),4.05,0.8568
Seg(1),4.08,0.8568
Seg(1),4.1,0.8568
Seg(1),4.11,0.8568
Seg(1),4.12,0.8568
Seg(1),4.13,0.8568
Seg(1),4.15,0.8568
Seg(1),4.2,0.8568
Seg(1),4.24,0.8568
Seg(1),4.25,0.8568
Seg(1),4.26,0.8568
Seg(1),4.29,0.8568
Seg(1),4.3,0.8568
Seg(1),4.33,0.8568
Seg(1),4.34,0.8568
Seg(1),4.35,0.8568
Seg(1),4.37,0.8568
Seg(1),4.38,0.8568
Seg(1),4.42,0.8568
Seg(1),4.43,0.8568
Seg(1),4.45,0.8568
Seg(1),4.47,0.8568
Seg(1),4.5,0.8568
Seg(1),4.51,0.8568
Seg(1),4.54,0.8568
Seg(1),4.55,0.8568
Seg(1),4.58,0.8568
Seg(1),4.59,0.8568
Seg(1),4.6,0.8568
Seg(1),4.62,0.8568
Seg(1),4.63,0.8568
Seg(1),4.64,0.8568
Seg(1),4.65,0.8568
Seg(1),4.66,0.8568
Seg(1),4.67,0.8568
Seg(1),4.68,0.8568
Seg(1),4.71,0.8568
Seg(1),4.72,0.8568
Seg(1),4.76,0.8568
Seg(1),4.77,0.8568
Seg(1),4.78,0.8568
Seg(1),4.79,0.8568
Seg(1),4.86,0.8568
Seg(1),4.88,0.8568
Seg(1),4.89,0.8568
Seg(1),4.92,0.8568
Seg(1),4.95,0.8568
Seg(1),5.0,0.8568
Seg(1),5.02,0.8568
Seg(1),5.03,0.8568
Seg(1),5.05,0.8568
Seg(1),5.06,0.8568
Seg(1),5.08,0.8568
Seg(1),5.16,0.8568
Seg(1),5.18,0.8568
Seg(1),5.21,0.8568
Seg(1),5.22,0.8568
Seg(1),5.23,0.8568
Seg(1),5.28,0.8568
Seg(1),5.29,0.8568
Seg(1),5.3,0.8568
Seg(1),5.32,0.8568
Seg(1),5.34,0.8568
Seg(1),5.41,0.8568
Seg(1),5.46,0.8568
Seg(1),5.53,0.8568
Seg(1),5.54,0.8568
Seg(1),5.55,0.8568
Seg(1),5.58,0.8568
Seg(1),5.59,0.8568
Seg(1),5.61,0.8568
Seg(1),5.62,0.8568
Seg(1),5.66,0.8568
Seg(1),5.73,0.8568
Seg(1),5.74,0.8568
Seg(1),5.75,0.8568
Seg(1),5.76,0.8568
Seg(1),5.77,0.8568
Seg(1),5.79,0.8568
Seg(1),5.8,0.8568
Seg(1),5.83,0.8568
Seg(1),5.84,0.8568
Seg(1),5.86,0.8568
Seg(1),5.87,0.8568
Seg(1),5.91,0.8568
Seg(1),6.01,0.8568
Seg(1),6.04,0.8568
Seg(1),6.07,0.8568
Seg(1),6.08,0.8568
Seg(1),6.1,0.8568
Seg(1),6.12,0.8568
Seg(1),6.14,0.8568
Seg(1),6.21,0.8568
Seg(1),6.28,0.8568
Seg(1),6.34,0.8568
Seg(1),6.37,0.8568
Seg(1),6.46,0.8568
Seg(1),6.48,0.8568
Seg(1),6.8,0.8568
Seg(1),6.93,0.8568
Seg(1),6.94,0.8568
Seg(1),6.96,0.8568
Seg(1),7.0,0.8568
Seg(1),7.01,0.8568
Seg(1),7.02,0.8547
Seg(1),7.04,0.8547
Seg(1),7.16,0.8547
Seg(1),7.27,0.8547
Seg(1),7.33,0.8547
Seg(1),7.46,0.8547
Seg(1),7.47,0.8547
Seg(1),7.55,0.8547
Seg(1),7.58,0.8547
Seg(1),7.7,0.8547
Seg(1),9.2,0.8547
Seg(1),9.21,0.8547
