rho,seed,Method,Chosen,PoolRedundancy,Recall@k,NDCG@k,MRR,alpha-NDCG@k,S-Recall@k,ERR-IA@k,APD,Vendi,p(S-Recall@k vs kNN),RunParams
0.0,0,kNN,kNN,0.0,0.4372,0.3895,0.4835,0.4718,0.5673,0.3677,0.3356,3.5074,,"{""alpha_grid"": [-0.3, -0.2, -0.1, -0.05, 0.0, 0.05, 0.1, 0.2, 0.3, 0.5, 1.0], ""batch_size"": 64, ""chunk_window"": 60, ""dataset"": ""fiqa"", ""device"": ""cuda"", ""dup_noise"": ""light"", ""dup_target"": ""mixed"", ""encode_cache"": true, ""encoder_model"": ""BAAI/bge-m3"", ""experiment"": ""both"", ""gen_max_samples"": 1000, ""gen_methods"": [], ""generator_model"": null, ""lambda_grid"": [0.3, 0.5, 0.7, 0.9], ""max_samples"": null, ""metric"": ""cosine"", ""objective"": ""S-Recall@k"", ""overlap_grid"": [0.0, 0.25, 0.5, 0.75], ""rho_grid"": [0.0, 0.025, 0.05, 0.1, 0.15, 0.25, 0.5, 1.0], ""run_generation"": false, ""script"": ""evaluate_redundancy.py"", ""seed"": 0, ""seeds"": [0, 1, 2], ""single_subtopic"": false, ""split"": ""test"", ""top_k"": 10, ""top_m"": 100, ""val_fraction"": 0.2}"
0.0,0,Maxmin,Maxmin,0.0,0.222,0.2543,0.4143,0.3123,0.2965,0.2784,0.4737,4.8096,0.0,"{""alpha_grid"": [-0.3, -0.2, -0.1, -0.05, 0.0, 0.05, 0.1, 0.2, 0.3, 0.5, 1.0], ""batch_size"": 64, ""chunk_window"": 60, ""dataset"": ""fiqa"", ""device"": ""cuda"", ""dup_noise"": ""light"", ""dup_target"": ""mixed"", ""encode_cache"": true, ""encoder_model"": ""BAAI/bge-m3"", ""experiment"": ""both"", ""gen_max_samples"": 1000, ""gen_methods"": [], ""generator_model"": null, ""lambda_grid"": [0.3, 0.5, 0.7, 0.9], ""max_samples"": null, ""metric"": ""cosine"", ""objective"": ""S-Recall@k"", ""overlap_grid"": [0.0, 0.25, 0.5, 0.75], ""rho_grid"": [0.0, 0.025, 0.05, 0.1, 0.15, 0.25, 0.5, 1.0], ""run_generation"": false, ""script"": ""evaluate_redundancy.py"", ""seed"": 0, ""seeds"": [0, 1, 2], ""single_subtopic"": false, ""split"": ""test"", ""top_k"": 10, ""top_m"": 100, ""val_fraction"": 0.2}"
0.0,0,Greedy-DPP,Greedy-DPP,0.0,0.317,0.3066,0.4437,0.3736,0.418,0.3114,0.4525,4.7161,0.0,"{""alpha_grid"": [-0.3, -0.2, -0.1, -0.05, 0.0, 0.05, 0.1, 0.2, 0.3, 0.5, 1.0], ""batch_size"": 64, ""chunk_window"": 60, ""dataset"": ""fiqa"", ""device"": ""cuda"", ""dup_noise"": ""light"", ""dup_target"": ""mixed"", ""encode_cache"": true, ""encoder_model"": ""BAAI/bge-m3"", ""experiment"": ""both"", ""gen_max_samples"": 1000, ""gen_methods"": [], ""generator_model"": null, ""lambda_grid"": [0.3, 0.5, 0.7, 0.9], ""max_samples"": null, ""metric"": ""cosine"", ""objective"": ""S-Recall@k"", ""overlap_grid"": [0.0, 0.25, 0.5, 0.75], ""rho_grid"": [0.0, 0.025, 0.05, 0.1, 0.15, 0.25, 0.5, 1.0], ""run_generation"": false, ""script"": ""evaluate_redundancy.py"", ""seed"": 0, ""seeds"": [0, 1, 2], ""single_subtopic"": false, ""split"": ""test"", ""top_k"": 10, ""top_m"": 100, ""val_fraction"": 0.2}"
0.0,0,MMR*,MMR(0.9),0.0,0.4418,0.3904,0.4843,0.4738,0.5773,0.3678,0.3462,3.6156,0.044936,"{""alpha_grid"": [-0.3, -0.2, -0.1, -0.05, 0.0, 0.05, 0.1, 0.2, 0.3, 0.5, 1.0], ""batch_size"": 64, ""chunk_window"": 60, ""dataset"": ""fiqa"", ""device"": ""cuda"", ""dup_noise"": ""light"", ""dup_target"": ""mixed"", ""encode_cache"": true, ""encoder_model"": ""BAAI/bge-m3"", ""experiment"": ""both"", ""gen_max_samples"": 1000, ""gen_methods"": [], ""generator_model"": null, ""lambda_grid"": [0.3, 0.5, 0.7, 0.9], ""max_samples"": null, ""metric"": ""cosine"", ""objective"": ""S-Recall@k"", ""overlap_grid"": [0.0, 0.25, 0.5, 0.75], ""rho_grid"": [0.0, 0.025, 0.05, 0.1, 0.15, 0.25, 0.5, 1.0], ""run_generation"": false, ""script"": ""evaluate_redundancy.py"", ""seed"": 0, ""seeds"": [0, 1, 2], ""single_subtopic"": false, ""split"": ""test"", ""top_k"": 10, ""top_m"": 100, ""val_fraction"": 0.2}"
0.0,0,RNG*,RNG(-0.2),0.0,0.4381,0.3893,0.4834,0.4713,0.5673,0.3672,0.3402,3.5592,0.853923,"{""alpha_grid"": [-0.3, -0.2, -0.1, -0.05, 0.0, 0.05, 0.1, 0.2, 0.3, 0.5, 1.0], ""batch_size"": 64, ""chunk_window"": 60, ""dataset"": ""fiqa"", ""device"": ""cuda"", ""dup_noise"": ""light"", ""dup_target"": ""mixed"", ""encode_cache"": true, ""encoder_model"": ""BAAI/bge-m3"", ""experiment"": ""both"", ""gen_max_samples"": 1000, ""gen_methods"": [], ""generator_model"": null, ""lambda_grid"": [0.3, 0.5, 0.7, 0.9], ""max_samples"": null, ""metric"": ""cosine"", ""objective"": ""S-Recall@k"", ""overlap_grid"": [0.0, 0.25, 0.5, 0.75], ""rho_grid"": [0.0, 0.025, 0.05, 0.1, 0.15, 0.25, 0.5, 1.0], ""run_generation"": false, ""script"": ""evaluate_redundancy.py"", ""seed"": 0, ""seeds"": [0, 1, 2], ""single_subtopic"": false, ""split"": ""test"", ""top_k"": 10, ""top_m"": 100, ""val_fraction"": 0.2}"
0.0,0,Seg*,Seg(-0.2),0.0,0.4344,0.388,0.4833,0.47,0.5635,0.3669,0.3417,3.5756,0.256108,"{""alpha_grid"": [-0.3, -0.2, -0.1, -0.05, 0.0, 0.05, 0.1, 0.2, 0.3, 0.5, 1.0], ""batch_size"": 64, ""chunk_window"": 60, ""dataset"": ""fiqa"", ""device"": ""cuda"", ""dup_noise"": ""light"", ""dup_target"": ""mixed"", ""encode_cache"": true, ""encoder_model"": ""BAAI/bge-m3"", ""experiment"": ""both"", ""gen_max_samples"": 1000, ""gen_methods"": [], ""generator_model"": null, ""lambda_grid"": [0.3, 0.5, 0.7, 0.9], ""max_samples"": null, ""metric"": ""cosine"", ""objective"": ""S-Recall@k"", ""overlap_grid"": [0.0, 0.25, 0.5, 0.75], ""rho_grid"": [0.0, 0.025, 0.05, 0.1, 0.15, 0.25, 0.5, 1.0], ""run_generation"": false, ""script"": ""evaluate_redundancy.py"", ""seed"": 0, ""seeds"": [0, 1, 2], ""single_subtopic"": false, ""split"": ""test"", ""top_k"": 10, ""top_m"": 100, ""val_fraction"": 0.2}"
0.0,1,kNN,kNN,0.0,0.4279,0.3833,0.4779,0.4651,0.5601,0.3645,0.3357,3.5071,,"{""alpha_grid"": [-0.3, -0.2, -0.1, -0.05, 0.0, 0.05, 0.1, 0.2, 0.3, 0.5, 1.0], ""batch_size"": 64, ""chunk_window"": 60, ""dataset"": ""fiqa"", ""device"": ""cuda"", ""dup_noise"": ""light"", ""dup_target"": ""mixed"", ""encode_cache"": true, ""encoder_model"": ""BAAI/bge-m3"", ""experiment"": ""both"", ""gen_max_samples"": 1000, ""gen_methods"": [], ""generator_model"": null, ""lambda_grid"": [0.3, 0.5, 0.7, 0.9], ""max_samples"": null, ""metric"": ""cosine"", ""objective"": ""S-Recall@k"", ""overlap_grid"": [0.0, 0.25, 0.5, 0.75], ""rho_grid"": [0.0, 0.025, 0.05, 0.1, 0.15, 0.25, 0.5, 1.0], ""run_generation"": false, ""script"": ""evaluate_redundancy.py"", ""seed"": 0, ""seeds"": [0, 1, 2], ""single_subtopic"": false, ""split"": ""test"", ""top_k"": 10, ""top_m"": 100, ""val_fraction"": 0.2}"
0.0,1,Maxmin,Maxmin,0.0,0.2248,0.2546,0.4104,0.3104,0.2962,0.2761,0.4733,4.803,0.0,"{""alpha_grid"": [-0.3, -0.2, -0.1, -0.05, 0.0, 0.05, 0.1, 0.2, 0.3, 0.5, 1.0], ""batch_size"": 64, ""chunk_window"": 60, ""dataset"": ""fiqa"", ""device"": ""cuda"", ""dup_noise"": ""light"", ""dup_target"": ""mixed"", ""encode_cache"": true, ""encoder_model"": ""BAAI/bge-m3"", ""experiment"": ""both"", ""gen_max_samples"": 1000, ""gen_methods"": [], ""generator_model"": null, ""lambda_grid"": [0.3, 0.5, 0.7, 0.9], ""max_samples"": null, ""metric"": ""cosine"", ""objective"": ""S-Recall@k"", ""overlap_grid"": [0.0, 0.25, 0.5, 0.75], ""rho_grid"": [0.0, 0.025, 0.05, 0.1, 0.15, 0.25, 0.5, 1.0], ""run_generation"": false, ""script"": ""evaluate_redundancy.py"", ""seed"": 0, ""seeds"": [0, 1, 2], ""single_subtopic"": false, ""split"": ""test"", ""top_k"": 10, ""top_m"": 100, ""val_fraction"": 0.2}"
0.0,1,Greedy-DPP,Greedy-DPP,0.0,0.3163,0.3056,0.441,0.3723,0.4189,0.31,0.4522,4.7115,0.0,"{""alpha_grid"": [-0.3, -0.2, -0.1, -0.05, 0.0, 0.05, 0.1, 0.2, 0.3, 0.5, 1.0], ""batch_size"": 64, ""chunk_window"": 60, ""dataset"": ""fiqa"", ""device"": ""cuda"", ""dup_noise"": ""light"", ""dup_target"": ""mixed"", ""encode_cache"": true, ""encoder_model"": ""BAAI/bge-m3"", ""experiment"": ""both"", ""gen_max_samples"": 1000, ""gen_methods"": [], ""generator_model"": null, ""lambda_grid"": [0.3, 0.5, 0.7, 0.9], ""max_samples"": null, ""metric"": ""cosine"", ""objective"": ""S-Recall@k"", ""overlap_grid"": [0.0, 0.25, 0.5, 0.75], ""rho_grid"": [0.0, 0.025, 0.05, 0.1, 0.15, 0.25, 0.5, 1.0], ""run_generation"": false, ""script"": ""evaluate_redundancy.py"", ""seed"": 0, ""seeds"": [0, 1, 2], ""single_subtopic"": false, ""split"": ""test"", ""top_k"": 10, ""top_m"": 100, ""val_fraction"": 0.2}"
0.0,1,MMR*,MMR(0.9),0.0,0.4329,0.3833,0.4784,0.4663,0.5699,0.364,0.346,3.6128,0.107976,"{""alpha_grid"": [-0.3, -0.2, -0.1, -0.05, 0.0, 0.05, 0.1, 0.2, 0.3, 0.5, 1.0], ""batch_size"": 64, ""chunk_window"": 60, ""dataset"": ""fiqa"", ""device"": ""cuda"", ""dup_noise"": ""light"", ""dup_target"": ""mixed"", ""encode_cache"": true, ""encoder_model"": ""BAAI/bge-m3"", ""experiment"": ""both"", ""gen_max_samples"": 1000, ""gen_methods"": [], ""generator_model"": null, ""lambda_grid"": [0.3, 0.5, 0.7, 0.9], ""max_samples"": null, ""metric"": ""cosine"", ""objective"": ""S-Recall@k"", ""overlap_grid"": [0.0, 0.25, 0.5, 0.75], ""rho_grid"": [0.0, 0.025, 0.05, 0.1, 0.15, 0.25, 0.5, 1.0], ""run_generation"": false, ""script"": ""evaluate_redundancy.py"", ""seed"": 0, ""seeds"": [0, 1, 2], ""single_subtopic"": false, ""split"": ""test"", ""top_k"": 10, ""top_m"": 100, ""val_fraction"": 0.2}"
0.0,1,RNG*,RNG(-0.2),0.0,0.431,0.3837,0.4783,0.4655,0.5633,0.3645,0.3407,3.562,0.307889,"{""alpha_grid"": [-0.3, -0.2, -0.1, -0.05, 0.0, 0.05, 0.1, 0.2, 0.3, 0.5, 1.0], ""batch_size"": 64, ""chunk_window"": 60, ""dataset"": ""fiqa"", ""device"": ""cuda"", ""dup_noise"": ""light"", ""dup_target"": ""mixed"", ""encode_cache"": true, ""encoder_model"": ""BAAI/bge-m3"", ""experiment"": ""both"", ""gen_max_samples"": 1000, ""gen_methods"": [], ""generator_model"": null, ""lambda_grid"": [0.3, 0.5, 0.7, 0.9], ""max_samples"": null, ""metric"": ""cosine"", ""objective"": ""S-Recall@k"", ""overlap_grid"": [0.0, 0.25, 0.5, 0.75], ""rho_grid"": [0.0, 0.025, 0.05, 0.1, 0.15, 0.25, 0.5, 1.0], ""run_generation"": false, ""script"": ""evaluate_redundancy.py"", ""seed"": 0, ""seeds"": [0, 1, 2], ""single_subtopic"": false, ""split"": ""test"", ""top_k"": 10, ""top_m"": 100, ""val_fraction"": 0.2}"
0.0,1,Seg*,Seg(0.1),0.0,0.4231,0.3805,0.4768,0.4624,0.5551,0.3629,0.3474,3.6114,0.183687,"{""alpha_grid"": [-0.3, -0.2, -0.1, -0.05, 0.0, 0.05, 0.1, 0.2, 0.3, 0.5, 1.0], ""batch_size"": 64, ""chunk_window"": 60, ""dataset"": ""fiqa"", ""device"": ""cuda"", ""dup_noise"": ""light"", ""dup_target"": ""mixed"", ""encode_cache"": true, ""encoder_model"": ""BAAI/bge-m3"", ""experiment"": ""both"", ""gen_max_samples"": 1000, ""gen_methods"": [], ""generator_model"": null, ""lambda_grid"": [0.3, 0.5, 0.7, 0.9], ""max_samples"": null, ""metric"": ""cosine"", ""objective"": ""S-Recall@k"", ""overlap_grid"": [0.0, 0.25, 0.5, 0.75], ""rho_grid"": [0.0, 0.025, 0.05, 0.1, 0.15, 0.25, 0.5, 1.0], ""run_generation"": false, ""script"": ""evaluate_redundancy.py"", ""seed"": 0, ""seeds"": [0, 1, 2], ""single_subtopic"": false, ""split"": ""test"", ""top_k"": 10, ""top_m"": 100, ""val_fraction"": 0.2}"
0.0,2,kNN,kNN,0.0,0.4271,0.3822,0.4802,0.468,0.5665,0.363,0.3353,3.505,,"{""alpha_grid"": [-0.3, -0.2, -0.1, -0.05, 0.0, 0.05, 0.1, 0.2, 0.3, 0.5, 1.0], ""batch_size"": 64, ""chunk_window"": 60, ""dataset"": ""fiqa"", ""device"": ""cuda"", ""dup_noise"": ""light"", ""dup_target"": ""mixed"", ""encode_cache"": true, ""encoder_model"": ""BAAI/bge-m3"", ""experiment"": ""both"", ""gen_max_samples"": 1000, ""gen_methods"": [], ""generator_model"": null, ""lambda_grid"": [0.3, 0.5, 0.7, 0.9], ""max_samples"": null, ""metric"": ""cosine"", ""objective"": ""S-Recall@k"", ""overlap_grid"": [0.0, 0.25, 0.5, 0.75], ""rho_grid"": [0.0, 0.025, 0.05, 0.1, 0.15, 0.25, 0.5, 1.0], ""run_generation"": false, ""script"": ""evaluate_redundancy.py"", ""seed"": 0, ""seeds"": [0, 1, 2], ""single_subtopic"": false, ""split"": ""test"", ""top_k"": 10, ""top_m"": 100, ""val_fraction"": 0.2}"
0.0,2,Maxmin,Maxmin,0.0,0.2192,0.251,0.4142,0.3105,0.2955,0.2757,0.4746,4.8197,0.0,"{""alpha_grid"": [-0.3, -0.2, -0.1, -0.05, 0.0, 0.05, 0.1, 0.2, 0.3, 0.5, 1.0], ""batch_size"": 64, ""chunk_window"": 60, ""dataset"": ""fiqa"", ""device"": ""cuda"", ""dup_noise"": ""light"", ""dup_target"": ""mixed"", ""encode_cache"": true, ""encoder_model"": ""BAAI/bge-m3"", ""experiment"": ""both"", ""gen_max_samples"": 1000, ""gen_methods"": [], ""generator_model"": null, ""lambda_grid"": [0.3, 0.5, 0.7, 0.9], ""max_samples"": null, ""metric"": ""cosine"", ""objective"": ""S-Recall@k"", ""overlap_grid"": [0.0, 0.25, 0.5, 0.75], ""rho_grid"": [0.0, 0.025, 0.05, 0.1, 0.15, 0.25, 0.5, 1.0], ""run_generation"": false, ""script"": ""evaluate_redundancy.py"", ""seed"": 0, ""seeds"": [0, 1, 2], ""single_subtopic"": false, ""split"": ""test"", ""top_k"": 10, ""top_m"": 100, ""val_fraction"": 0.2}"
0.0,2,Greedy-DPP,Greedy-DPP,0.0,0.3202,0.3078,0.4467,0.3787,0.4291,0.3133,0.4519,4.7092,0.0,"{""alpha_grid"": [-0.3, -0.2, -0.1, -0.05, 0.0, 0.05, 0.1, 0.2, 0.3, 0.5, 1.0], ""batch_size"": 64, ""chunk_window"": 60, ""dataset"": ""fiqa"", ""device"": ""cuda"", ""dup_noise"": ""light"", ""dup_target"": ""mixed"", ""encode_cache"": true, ""encoder_model"": ""BAAI/bge-m3"", ""experiment"": ""both"", ""gen_max_samples"": 1000, ""gen_methods"": [], ""generator_model"": null, ""lambda_grid"": [0.3, 0.5, 0.7, 0.9], ""max_samples"": null, ""metric"": ""cosine"", ""objective"": ""S-Recall@k"", ""overlap_grid"": [0.0, 0.25, 0.5, 0.75], ""rho_grid"": [0.0, 0.025, 0.05, 0.1, 0.15, 0.25, 0.5, 1.0], ""run_generation"": false, ""script"": ""evaluate_redundancy.py"", ""seed"": 0, ""seeds"": [0, 1, 2], ""single_subtopic"": false, ""split"": ""test"", ""top_k"": 10, ""top_m"": 100, ""val_fraction"": 0.2}"
0.0,2,MMR*,MMR(0.9),0.0,0.4313,0.3828,0.4809,0.4692,0.5738,0.3632,0.3457,3.6105,0.187888,"{""alpha_grid"": [-0.3, -0.2, -0.1, -0.05, 0.0, 0.05, 0.1, 0.2, 0.3, 0.5, 1.0], ""batch_size"": 64, ""chunk_window"": 60, ""dataset"": ""fiqa"", ""device"": ""cuda"", ""dup_noise"": ""light"", ""dup_target"": ""mixed"", ""encode_cache"": true, ""encoder_model"": ""BAAI/bge-m3"", ""experiment"": ""both"", ""gen_max_samples"": 1000, ""gen_methods"": [], ""generator_model"": null, ""lambda_grid"": [0.3, 0.5, 0.7, 0.9], ""max_samples"": null, ""metric"": ""cosine"", ""objective"": ""S-Recall@k"", ""overlap_grid"": [0.0, 0.25, 0.5, 0.75], ""rho_grid"": [0.0, 0.025, 0.05, 0.1, 0.15, 0.25, 0.5, 1.0], ""run_generation"": false, ""script"": ""evaluate_redundancy.py"", ""seed"": 0, ""seeds"": [0, 1, 2], ""single_subtopic"": false, ""split"": ""test"", ""top_k"": 10, ""top_m"": 100, ""val_fraction"": 0.2}"
0.0,2,RNG*,RNG(-0.2),0.0,0.4292,0.3826,0.4806,0.4683,0.5688,0.363,0.3399,3.5546,0.348202,"{""alpha_grid"": [-0.3, -0.2, -0.1, -0.05, 0.0, 0.05, 0.1, 0.2, 0.3, 0.5, 1.0], ""batch_size"": 64, ""chunk_window"": 60, ""dataset"": ""fiqa"", ""device"": ""cuda"", ""dup_noise"": ""light"", ""dup_target"": ""mixed"", ""encode_cache"": true, ""encoder_model"": ""BAAI/bge-m3"", ""experiment"": ""both"", ""gen_max_samples"": 1000, ""gen_methods"": [], ""generator_model"": null, ""lambda_grid"": [0.3, 0.5, 0.7, 0.9], ""max_samples"": null, ""metric"": ""cosine"", ""objective"": ""S-Recall@k"", ""overlap_grid"": [0.0, 0.25, 0.5, 0.75], ""rho_grid"": [0.0, 0.025, 0.05, 0.1, 0.15, 0.25, 0.5, 1.0], ""run_generation"": false, ""script"": ""evaluate_redundancy.py"", ""seed"": 0, ""seeds"": [0, 1, 2], ""single_subtopic"": false, ""split"": ""test"", ""top_k"": 10, ""top_m"": 100, ""val_fraction"": 0.2}"
0.0,2,Seg*,Seg(-0.2),0.0,0.4249,0.3809,0.4802,0.4665,0.564,0.3624,0.3414,3.5706,0.501447,"{""alpha_grid"": [-0.3, -0.2, -0.1, -0.05, 0.0, 0.05, 0.1, 0.2, 0.3, 0.5, 1.0], ""batch_size"": 64, ""chunk_window"": 60, ""dataset"": ""fiqa"", ""device"": ""cuda"", ""dup_noise"": ""light"", ""dup_target"": ""mixed"", ""encode_cache"": true, ""encoder_model"": ""BAAI/bge-m3"", ""experiment"": ""both"", ""gen_max_samples"": 1000, ""gen_methods"": [], ""generator_model"": null, ""lambda_grid"": [0.3, 0.5, 0.7, 0.9], ""max_samples"": null, ""metric"": ""cosine"", ""objective"": ""S-Recall@k"", ""overlap_grid"": [0.0, 0.25, 0.5, 0.75], ""rho_grid"": [0.0, 0.025, 0.05, 0.1, 0.15, 0.25, 0.5, 1.0], ""run_generation"": false, ""script"": ""evaluate_redundancy.py"", ""seed"": 0, ""seeds"": [0, 1, 2], ""single_subtopic"": false, ""split"": ""test"", ""top_k"": 10, ""top_m"": 100, ""val_fraction"": 0.2}"
0.025,0,kNN,kNN,0.0006,0.4472,0.3979,0.5066,0.4799,0.5845,0.3815,0.3224,3.282,,"{""alpha_grid"": [-0.3, -0.2, -0.1, -0.05, 0.0, 0.05, 0.1, 0.2, 0.3, 0.5, 1.0], ""batch_size"": 64, ""chunk_window"": 60, ""dataset"": ""fiqa"", ""device"": ""cuda"", ""dup_noise"": ""light"", ""dup_target"": ""mixed"", ""encode_cache"": true, ""encoder_model"": ""BAAI/bge-m3"", ""experiment"": ""both"", ""gen_max_samples"": 1000, ""gen_methods"": [], ""generator_model"": null, ""lambda_grid"": [0.3, 0.5, 0.7, 0.9], ""max_samples"": null, ""metric"": ""cosine"", ""objective"": ""S-Recall@k"", ""overlap_grid"": [0.0, 0.25, 0.5, 0.75], ""rho_grid"": [0.0, 0.025, 0.05, 0.1, 0.15, 0.25, 0.5, 1.0], ""run_generation"": false, ""script"": ""evaluate_redundancy.py"", ""seed"": 0, ""seeds"": [0, 1, 2], ""single_subtopic"": false, ""split"": ""test"", ""top_k"": 10, ""top_m"": 100, ""val_fraction"": 0.2}"
0.025,0,Maxmin,Maxmin,0.0006,0.2478,0.2785,0.448,0.2602,0.3301,0.3058,0.4698,4.7384,0.0,"{""alpha_grid"": [-0.3, -0.2, -0.1, -0.05, 0.0, 0.05, 0.1, 0.2, 0.3, 0.5, 1.0], ""batch_size"": 64, ""chunk_window"": 60, ""dataset"": ""fiqa"", ""device"": ""cuda"", ""dup_noise"": ""light"", ""dup_target"": ""mixed"", ""encode_cache"": true, ""encoder_model"": ""BAAI/bge-m3"", ""experiment"": ""both"", ""gen_max_samples"": 1000, ""gen_methods"": [], ""generator_model"": null, ""lambda_grid"": [0.3, 0.5, 0.7, 0.9], ""max_samples"": null, ""metric"": ""cosine"", ""objective"": ""S-Recall@k"", ""overlap_grid"": [0.0, 0.25, 0.5, 0.75], ""rho_grid"": [0.0, 0.025, 0.05, 0.1, 0.15, 0.25, 0.5, 1.0], ""run_generation"": false, ""script"": ""evaluate_redundancy.py"", ""seed"": 0, ""seeds"": [0, 1, 2], ""single_subtopic"": false, ""split"": ""test"", ""top_k"": 10, ""top_m"": 100, ""val_fraction"": 0.2}"
0.025,0,Greedy-DPP,Greedy-DPP,0.0006,0.3406,0.3311,0.4746,0.3004,0.4499,0.3396,0.4519,4.71,0.0,"{""alpha_grid"": [-0.3, -0.2, -0.1, -0.05, 0.0, 0.05, 0.1, 0.2, 0.3, 0.5, 1.0], ""batch_size"": 64, ""chunk_window"": 60, ""dataset"": ""fiqa"", ""device"": ""cuda"", ""dup_noise"": ""light"", ""dup_target"": ""mixed"", ""encode_cache"": true, ""encoder_model"": ""BAAI/bge-m3"", ""experiment"": ""both"", ""gen_max_samples"": 1000, ""gen_methods"": [], ""generator_model"": null, ""lambda_grid"": [0.3, 0.5, 0.7, 0.9], ""max_samples"": null, ""metric"": ""cosine"", ""objective"": ""S-Recall@k"", ""overlap_grid"": [0.0, 0.25, 0.5, 0.75], ""rho_grid"": [0.0, 0.025, 0.05, 0.1, 0.15, 0.25, 0.5, 1.0], ""run_generation"": false, ""script"": ""evaluate_redundancy.py"", ""seed"": 0, ""seeds"": [0, 1, 2], ""single_subtopic"": false, ""split"": ""test"", ""top_k"": 10, ""top_m"": 100, ""val_fraction"": 0.2}"
0.025,0,MMR*,MMR(0.9),0.0006,0.4556,0.4045,0.5084,0.4551,0.5958,0.3864,0.3345,3.4229,0.00402,"{""alpha_grid"": [-0.3, -0.2, -0.1, -0.05, 0.0, 0.05, 0.1, 0.2, 0.3, 0.5, 1.0], ""batch_size"": 64, ""chunk_window"": 60, ""dataset"": ""fiqa"", ""device"": ""cuda"", ""dup_noise"": ""light"", ""dup_target"": ""mixed"", ""encode_cache"": true, ""encoder_model"": ""BAAI/bge-m3"", ""experiment"": ""both"", ""gen_max_samples"": 1000, ""gen_methods"": [], ""generator_model"": null, ""lambda_grid"": [0.3, 0.5, 0.7, 0.9], ""max_samples"": null, ""metric"": ""cosine"", ""objective"": ""S-Recall@k"", ""overlap_grid"": [0.0, 0.25, 0.5, 0.75], ""rho_grid"": [0.0, 0.025, 0.05, 0.1, 0.15, 0.25, 0.5, 1.0], ""run_generation"": false, ""script"": ""evaluate_redundancy.py"", ""seed"": 0, ""seeds"": [0, 1, 2], ""single_subtopic"": false, ""split"": ""test"", ""top_k"": 10, ""top_m"": 100, ""val_fraction"": 0.2}"
0.025,0,RNG*,RNG(-0.2),0.0006,0.4502,0.4041,0.5069,0.4017,0.5879,0.3869,0.3361,3.4961,0.151971,"{""alpha_grid"": [-0.3, -0.2, -0.1, -0.05, 0.0, 0.05, 0.1, 0.2, 0.3, 0.5, 1.0], ""batch_size"": 64, ""chunk_window"": 60, ""dataset"": ""fiqa"", ""device"": ""cuda"", ""dup_noise"": ""light"", ""dup_target"": ""mixed"", ""encode_cache"": true, ""encoder_model"": ""BAAI/bge-m3"", ""experiment"": ""both"", ""gen_max_samples"": 1000, ""gen_methods"": [], ""generator_model"": null, ""lambda_grid"": [0.3, 0.5, 0.7, 0.9], ""max_samples"": null, ""metric"": ""cosine"", ""objective"": ""S-Recall@k"", ""overlap_grid"": [0.0, 0.25, 0.5, 0.75], ""rho_grid"": [0.0, 0.025, 0.05, 0.1, 0.15, 0.25, 0.5, 1.0], ""run_generation"": false, ""script"": ""evaluate_redundancy.py"", ""seed"": 0, ""seeds"": [0, 1, 2], ""single_subtopic"": false, ""split"": ""test"", ""top_k"": 10, ""top_m"": 100, ""val_fraction"": 0.2}"
0.025,0,Seg*,Seg(-0.2),0.0006,0.447,0.4033,0.5069,0.3966,0.5842,0.3868,0.3382,3.5203,0.916206,"{""alpha_grid"": [-0.3, -0.2, -0.1, -0.05, 0.0, 0.05, 0.1, 0.2, 0.3, 0.5, 1.0], ""batch_size"": 64, ""chunk_window"": 60, ""dataset"": ""fiqa"", ""device"": ""cuda"", ""dup_noise"": ""light"", ""dup_target"": ""mixed"", ""encode_cache"": true, ""encoder_model"": ""BAAI/bge-m3"", ""experiment"": ""both"", ""gen_max_samples"": 1000, ""gen_methods"": [], ""generator_model"": null, ""lambda_grid"": [0.3, 0.5, 0.7, 0.9], ""max_samples"": null, ""metric"": ""cosine"", ""objective"": ""S-Recall@k"", ""overlap_grid"": [0.0, 0.25, 0.5, 0.75], ""rho_grid"": [0.0, 0.025, 0.05, 0.1, 0.15, 0.25, 0.5, 1.0], ""run_generation"": false, ""script"": ""evaluate_redundancy.py"", ""seed"": 0, ""seeds"": [0, 1, 2], ""single_subtopic"": false, ""split"": ""test"", ""top_k"": 10, ""top_m"": 100, ""val_fraction"": 0.2}"
0.025,1,kNN,kNN,0.0006,0.4337,0.388,0.4927,0.4707,0.5678,0.374,0.3221,3.2723,,"{""alpha_grid"": [-0.3, -0.2, -0.1, -0.05, 0.0, 0.05, 0.1, 0.2, 0.3, 0.5, 1.0], ""batch_size"": 64, ""chunk_window"": 60, ""dataset"": ""fiqa"", ""device"": ""cuda"", ""dup_noise"": ""light"", ""dup_target"": ""mixed"", ""encode_cache"": true, ""encoder_model"": ""BAAI/bge-m3"", ""experiment"": ""both"", ""gen_max_samples"": 1000, ""gen_methods"": [], ""generator_model"": null, ""lambda_grid"": [0.3, 0.5, 0.7, 0.9], ""max_samples"": null, ""metric"": ""cosine"", ""objective"": ""S-Recall@k"", ""overlap_grid"": [0.0, 0.25, 0.5, 0.75], ""rho_grid"": [0.0, 0.025, 0.05, 0.1, 0.15, 0.25, 0.5, 1.0], ""run_generation"": false, ""script"": ""evaluate_redundancy.py"", ""seed"": 0, ""seeds"": [0, 1, 2], ""single_subtopic"": false, ""split"": ""test"", ""top_k"": 10, ""top_m"": 100, ""val_fraction"": 0.2}"
0.025,1,Maxmin,Maxmin,0.0006,0.248,0.2736,0.4315,0.2511,0.3246,0.2968,0.4703,4.7492,0.0,"{""alpha_grid"": [-0.3, -0.2, -0.1, -0.05, 0.0, 0.05, 0.1, 0.2, 0.3, 0.5, 1.0], ""batch_size"": 64, ""chunk_window"": 60, ""dataset"": ""fiqa"", ""device"": ""cuda"", ""dup_noise"": ""light"", ""dup_target"": ""mixed"", ""encode_cache"": true, ""encoder_model"": ""BAAI/bge-m3"", ""experiment"": ""both"", ""gen_max_samples"": 1000, ""gen_methods"": [], ""generator_model"": null, ""lambda_grid"": [0.3, 0.5, 0.7, 0.9], ""max_samples"": null, ""metric"": ""cosine"", ""objective"": ""S-Recall@k"", ""overlap_grid"": [0.0, 0.25, 0.5, 0.75], ""rho_grid"": [0.0, 0.025, 0.05, 0.1, 0.15, 0.25, 0.5, 1.0], ""run_generation"": false, ""script"": ""evaluate_redundancy.py"", ""seed"": 0, ""seeds"": [0, 1, 2], ""single_subtopic"": false, ""split"": ""test"", ""top_k"": 10, ""top_m"": 100, ""val_fraction"": 0.2}"
0.025,1,Greedy-DPP,Greedy-DPP,0.0006,0.336,0.3244,0.4637,0.2925,0.4446,0.3321,0.4515,4.7045,0.0,"{""alpha_grid"": [-0.3, -0.2, -0.1, -0.05, 0.0, 0.05, 0.1, 0.2, 0.3, 0.5, 1.0], ""batch_size"": 64, ""chunk_window"": 60, ""dataset"": ""fiqa"", ""device"": ""cuda"", ""dup_noise"": ""light"", ""dup_target"": ""mixed"", ""encode_cache"": true, ""encoder_model"": ""BAAI/bge-m3"", ""experiment"": ""both"", ""gen_max_samples"": 1000, ""gen_methods"": [], ""generator_model"": null, ""lambda_grid"": [0.3, 0.5, 0.7, 0.9], ""max_samples"": null, ""metric"": ""cosine"", ""objective"": ""S-Recall@k"", ""overlap_grid"": [0.0, 0.25, 0.5, 0.75], ""rho_grid"": [0.0, 0.025, 0.05, 0.1, 0.15, 0.25, 0.5, 1.0], ""run_generation"": false, ""script"": ""evaluate_redundancy.py"", ""seed"": 0, ""seeds"": [0, 1, 2], ""single_subtopic"": false, ""split"": ""test"", ""top_k"": 10, ""top_m"": 100, ""val_fraction"": 0.2}"
0.025,1,MMR*,MMR(0.9),0.0006,0.4409,0.3928,0.4943,0.4419,0.5798,0.3774,0.3344,3.4177,0.030418,"{""alpha_grid"": [-0.3, -0.2, -0.1, -0.05, 0.0, 0.05, 0.1, 0.2, 0.3, 0.5, 1.0], ""batch_size"": 64, ""chunk_window"": 60, ""dataset"": ""fiqa"", ""device"": ""cuda"", ""dup_noise"": ""light"", ""dup_target"": ""mixed"", ""encode_cache"": true, ""encoder_model"": ""BAAI/bge-m3"", ""experiment"": ""both"", ""gen_max_samples"": 1000, ""gen_methods"": [], ""generator_model"": null, ""lambda_grid"": [0.3, 0.5, 0.7, 0.9], ""max_samples"": null, ""metric"": ""cosine"", ""objective"": ""S-Recall@k"", ""overlap_grid"": [0.0, 0.25, 0.5, 0.75], ""rho_grid"": [0.0, 0.025, 0.05, 0.1, 0.15, 0.25, 0.5, 1.0], ""run_generation"": false, ""script"": ""evaluate_redundancy.py"", ""seed"": 0, ""seeds"": [0, 1, 2], ""single_subtopic"": false, ""split"": ""test"", ""top_k"": 10, ""top_m"": 100, ""val_fraction"": 0.2}"
0.025,1,RNG*,RNG(0.1),0.0006,0.4359,0.3891,0.4936,0.4524,0.5726,0.3753,0.3389,3.4229,0.539411,"{""alpha_grid"": [-0.3, -0.2, -0.1, -0.05, 0.0, 0.05, 0.1, 0.2, 0.3, 0.5, 1.0], ""batch_size"": 64, ""chunk_window"": 60, ""dataset"": ""fiqa"", ""device"": ""cuda"", ""dup_noise"": ""light"", ""dup_target"": ""mixed"", ""encode_cache"": true, ""encoder_model"": ""BAAI/bge-m3"", ""experiment"": ""both"", ""gen_max_samples"": 1000, ""gen_methods"": [], ""generator_model"": null, ""lambda_grid"": [0.3, 0.5, 0.7, 0.9], ""max_samples"": null, ""metric"": ""cosine"", ""objective"": ""S-Recall@k"", ""overlap_grid"": [0.0, 0.25, 0.5, 0.75], ""rho_grid"": [0.0, 0.025, 0.05, 0.1, 0.15, 0.25, 0.5, 1.0], ""run_generation"": false, ""script"": ""evaluate_redundancy.py"", ""seed"": 0, ""seeds"": [0, 1, 2], ""single_subtopic"": false, ""split"": ""test"", ""top_k"": 10, ""top_m"": 100, ""val_fraction"": 0.2}"
0.025,1,Seg*,Seg(0.05),0.0006,0.436,0.3888,0.494,0.4511,0.5734,0.3752,0.3425,3.4579,0.440157,"{""alpha_grid"": [-0.3, -0.2, -0.1, -0.05, 0.0, 0.05, 0.1, 0.2, 0.3, 0.5, 1.0], ""batch_size"": 64, ""chunk_window"": 60, ""dataset"": ""fiqa"", ""device"": ""cuda"", ""dup_noise"": ""light"", ""dup_target"": ""mixed"", ""encode_cache"": true, ""encoder_model"": ""BAAI/bge-m3"", ""experiment"": ""both"", ""gen_max_samples"": 1000, ""gen_methods"": [], ""generator_model"": null, ""lambda_grid"": [0.3, 0.5, 0.7, 0.9], ""max_samples"": null, ""metric"": ""cosine"", ""objective"": ""S-Recall@k"", ""overlap_grid"": [0.0, 0.25, 0.5, 0.75], ""rho_grid"": [0.0, 0.025, 0.05, 0.1, 0.15, 0.25, 0.5, 1.0], ""run_generation"": false, ""script"": ""evaluate_redundancy.py"", ""seed"": 0, ""seeds"": [0, 1, 2], ""single_subtopic"": false, ""split"": ""test"", ""top_k"": 10, ""top_m"": 100, ""val_fraction"": 0.2}"
0.025,2,kNN,kNN,0.0006,0.4344,0.3869,0.5002,0.4753,0.5768,0.3734,0.3221,3.274,,"{""alpha_grid"": [-0.3, -0.2, -0.1, -0.05, 0.0, 0.05, 0.1, 0.2, 0.3, 0.5, 1.0], ""batch_size"": 64, ""chunk_window"": 60, ""dataset"": ""fiqa"", ""device"": ""cuda"", ""dup_noise"": ""light"", ""dup_target"": ""mixed"", ""encode_cache"": true, ""encoder_model"": ""BAAI/bge-m3"", ""experiment"": ""both"", ""gen_max_samples"": 1000, ""gen_methods"": [], ""generator_model"": null, ""lambda_grid"": [0.3, 0.5, 0.7, 0.9], ""max_samples"": null, ""metric"": ""cosine"", ""objective"": ""S-Recall@k"", ""overlap_grid"": [0.0, 0.25, 0.5, 0.75], ""rho_grid"": [0.0, 0.025, 0.05, 0.1, 0.15, 0.25, 0.5, 1.0], ""run_generation"": false, ""script"": ""evaluate_redundancy.py"", ""seed"": 0, ""seeds"": [0, 1, 2], ""single_subtopic"": false, ""split"": ""test"", ""top_k"": 10, ""top_m"": 100, ""val_fraction"": 0.2}"
0.025,2,Maxmin,Maxmin,0.0006,0.2402,0.2699,0.4422,0.2549,0.3257,0.2978,0.4707,4.7475,0.0,"{""alpha_grid"": [-0.3, -0.2, -0.1, -0.05, 0.0, 0.05, 0.1, 0.2, 0.3, 0.5, 1.0], ""batch_size"": 64, ""chunk_window"": 60, ""dataset"": ""fiqa"", ""device"": ""cuda"", ""dup_noise"": ""light"", ""dup_target"": ""mixed"", ""encode_cache"": true, ""encoder_model"": ""BAAI/bge-m3"", ""experiment"": ""both"", ""gen_max_samples"": 1000, ""gen_methods"": [], ""generator_model"": null, ""lambda_grid"": [0.3, 0.5, 0.7, 0.9], ""max_samples"": null, ""metric"": ""cosine"", ""objective"": ""S-Recall@k"", ""overlap_grid"": [0.0, 0.25, 0.5, 0.75], ""rho_grid"": [0.0, 0.025, 0.05, 0.1, 0.15, 0.25, 0.5, 1.0], ""run_generation"": false, ""script"": ""evaluate_redundancy.py"", ""seed"": 0, ""seeds"": [0, 1, 2], ""single_subtopic"": false, ""split"": ""test"", ""top_k"": 10, ""top_m"": 100, ""val_fraction"": 0.2}"
0.025,2,Greedy-DPP,Greedy-DPP,0.0006,0.3359,0.3262,0.4742,0.299,0.4486,0.3354,0.451,4.6995,0.0,"{""alpha_grid"": [-0.3, -0.2, -0.1, -0.05, 0.0, 0.05, 0.1, 0.2, 0.3, 0.5, 1.0], ""batch_size"": 64, ""chunk_window"": 60, ""dataset"": ""fiqa"", ""device"": ""cuda"", ""dup_noise"": ""light"", ""dup_target"": ""mixed"", ""encode_cache"": true, ""encoder_model"": ""BAAI/bge-m3"", ""experiment"": ""both"", ""gen_max_samples"": 1000, ""gen_methods"": [], ""generator_model"": null, ""lambda_grid"": [0.3, 0.5, 0.7, 0.9], ""max_samples"": null, ""metric"": ""cosine"", ""objective"": ""S-Recall@k"", ""overlap_grid"": [0.0, 0.25, 0.5, 0.75], ""rho_grid"": [0.0, 0.025, 0.05, 0.1, 0.15, 0.25, 0.5, 1.0], ""run_generation"": false, ""script"": ""evaluate_redundancy.py"", ""seed"": 0, ""seeds"": [0, 1, 2], ""single_subtopic"": false, ""split"": ""test"", ""top_k"": 10, ""top_m"": 100, ""val_fraction"": 0.2}"
0.025,2,MMR*,MMR(0.9),0.0006,0.4384,0.3928,0.5026,0.4481,0.5844,0.3791,0.334,3.4172,0.124546,"{""alpha_grid"": [-0.3, -0.2, -0.1, -0.05, 0.0, 0.05, 0.1, 0.2, 0.3, 0.5, 1.0], ""batch_size"": 64, ""chunk_window"": 60, ""dataset"": ""fiqa"", ""device"": ""cuda"", ""dup_noise"": ""light"", ""dup_target"": ""mixed"", ""encode_cache"": true, ""encoder_model"": ""BAAI/bge-m3"", ""experiment"": ""both"", ""gen_max_samples"": 1000, ""gen_methods"": [], ""generator_model"": null, ""lambda_grid"": [0.3, 0.5, 0.7, 0.9], ""max_samples"": null, ""metric"": ""cosine"", ""objective"": ""S-Recall@k"", ""overlap_grid"": [0.0, 0.25, 0.5, 0.75], ""rho_grid"": [0.0, 0.025, 0.05, 0.1, 0.15, 0.25, 0.5, 1.0], ""run_generation"": false, ""script"": ""evaluate_redundancy.py"", ""seed"": 0, ""seeds"": [0, 1, 2], ""single_subtopic"": false, ""split"": ""test"", ""top_k"": 10, ""top_m"": 100, ""val_fraction"": 0.2}"
0.025,2,RNG*,RNG(-0.2),0.0006,0.4344,0.3923,0.5001,0.3962,0.5773,0.3787,0.3357,3.4884,0.867929,"{""alpha_grid"": [-0.3, -0.2, -0.1, -0.05, 0.0, 0.05, 0.1, 0.2, 0.3, 0.5, 1.0], ""batch_size"": 64, ""chunk_window"": 60, ""dataset"": ""fiqa"", ""device"": ""cuda"", ""dup_noise"": ""light"", ""dup_target"": ""mixed"", ""encode_cache"": true, ""encoder_model"": ""BAAI/bge-m3"", ""experiment"": ""both"", ""gen_max_samples"": 1000, ""gen_methods"": [], ""generator_model"": null, ""lambda_grid"": [0.3, 0.5, 0.7, 0.9], ""max_samples"": null, ""metric"": ""cosine"", ""objective"": ""S-Recall@k"", ""overlap_grid"": [0.0, 0.25, 0.5, 0.75], ""rho_grid"": [0.0, 0.025, 0.05, 0.1, 0.15, 0.25, 0.5, 1.0], ""run_generation"": false, ""script"": ""evaluate_redundancy.py"", ""seed"": 0, ""seeds"": [0, 1, 2], ""single_subtopic"": false, ""split"": ""test"", ""top_k"": 10, ""top_m"": 100, ""val_fraction"": 0.2}"
0.025,2,Seg*,Seg(-0.2),0.0006,0.4336,0.3922,0.4999,0.3915,0.5762,0.3787,0.3375,3.5105,0.726257,"{""alpha_grid"": [-0.3, -0.2, -0.1, -0.05, 0.0, 0.05, 0.1, 0.2, 0.3, 0.5, 1.0], ""batch_size"": 64, ""chunk_window"": 60, ""dataset"": ""fiqa"", ""device"": ""cuda"", ""dup_noise"": ""light"", ""dup_target"": ""mixed"", ""encode_cache"": true, ""encoder_model"": ""BAAI/bge-m3"", ""experiment"": ""both"", ""gen_max_samples"": 1000, ""gen_methods"": [], ""generator_model"": null, ""lambda_grid"": [0.3, 0.5, 0.7, 0.9], ""max_samples"": null, ""metric"": ""cosine"", ""objective"": ""S-Recall@k"", ""overlap_grid"": [0.0, 0.25, 0.5, 0.75], ""rho_grid"": [0.0, 0.025, 0.05, 0.1, 0.15, 0.25, 0.5, 1.0], ""run_generation"": false, ""script"": ""evaluate_redundancy.py"", ""seed"": 0, ""seeds"": [0, 1, 2], ""single_subtopic"": false, ""split"": ""test"", ""top_k"": 10, ""top_m"": 100, ""val_fraction"": 0.2}"
0.05,0,kNN,kNN,0.0019,0.451,0.3986,0.5139,0.4851,0.5902,0.3834,0.288,2.8919,,"{""alpha_grid"": [-0.3, -0.2, -0.1, -0.05, 0.0, 0.05, 0.1, 0.2, 0.3, 0.5, 1.0], ""batch_size"": 64, ""chunk_window"": 60, ""dataset"": ""fiqa"", ""device"": ""cuda"", ""dup_noise"": ""light"", ""dup_target"": ""mixed"", ""encode_cache"": true, ""encoder_model"": ""BAAI/bge-m3"", ""experiment"": ""both"", ""gen_max_samples"": 1000, ""gen_methods"": [], ""generator_model"": null, ""lambda_grid"": [0.3, 0.5, 0.7, 0.9], ""max_samples"": null, ""metric"": ""cosine"", ""objective"": ""S-Recall@k"", ""overlap_grid"": [0.0, 0.25, 0.5, 0.75], ""rho_grid"": [0.0, 0.025, 0.05, 0.1, 0.15, 0.25, 0.5, 1.0], ""run_generation"": false, ""script"": ""evaluate_redundancy.py"", ""seed"": 0, ""seeds"": [0, 1, 2], ""single_subtopic"": false, ""split"": ""test"", ""top_k"": 10, ""top_m"": 100, ""val_fraction"": 0.2}"
0.05,0,Maxmin,Maxmin,0.0019,0.2488,0.2796,0.4482,0.2452,0.3342,0.308,0.4659,4.6598,0.0,"{""alpha_grid"": [-0.3, -0.2, -0.1, -0.05, 0.0, 0.05, 0.1, 0.2, 0.3, 0.5, 1.0], ""batch_size"": 64, ""chunk_window"": 60, ""dataset"": ""fiqa"", ""device"": ""cuda"", ""dup_noise"": ""light"", ""dup_target"": ""mixed"", ""encode_cache"": true, ""encoder_model"": ""BAAI/bge-m3"", ""experiment"": ""both"", ""gen_max_samples"": 1000, ""gen_methods"": [], ""generator_model"": null, ""lambda_grid"": [0.3, 0.5, 0.7, 0.9], ""max_samples"": null, ""metric"": ""cosine"", ""objective"": ""S-Recall@k"", ""overlap_grid"": [0.0, 0.25, 0.5, 0.75], ""rho_grid"": [0.0, 0.025, 0.05, 0.1, 0.15, 0.25, 0.5, 1.0], ""run_generation"": false, ""script"": ""evaluate_redundancy.py"", ""seed"": 0, ""seeds"": [0, 1, 2], ""single_subtopic"": false, ""split"": ""test"", ""top_k"": 10, ""top_m"": 100, ""val_fraction"": 0.2}"
0.05,0,Greedy-DPP,Greedy-DPP,0.0019,0.3531,0.3385,0.4793,0.2823,0.4633,0.3457,0.4512,4.702,0.0,"{""alpha_grid"": [-0.3, -0.2, -0.1, -0.05, 0.0, 0.05, 0.1, 0.2, 0.3, 0.5, 1.0], ""batch_size"": 64, ""chunk_window"": 60, ""dataset"": ""fiqa"", ""device"": ""cuda"", ""dup_noise"": ""light"", ""dup_target"": ""mixed"", ""encode_cache"": true, ""encoder_model"": ""BAAI/bge-m3"", ""experiment"": ""both"", ""gen_max_samples"": 1000, ""gen_methods"": [], ""generator_model"": null, ""lambda_grid"": [0.3, 0.5, 0.7, 0.9], ""max_samples"": null, ""metric"": ""cosine"", ""objective"": ""S-Recall@k"", ""overlap_grid"": [0.0, 0.25, 0.5, 0.75], ""rho_grid"": [0.0, 0.025, 0.05, 0.1, 0.15, 0.25, 0.5, 1.0], ""run_generation"": false, ""script"": ""evaluate_redundancy.py"", ""seed"": 0, ""seeds"": [0, 1, 2], ""single_subtopic"": false, ""split"": ""test"", ""top_k"": 10, ""top_m"": 100, ""val_fraction"": 0.2}"
0.05,0,MMR*,MMR(0.9),0.0019,0.459,0.4075,0.5151,0.455,0.6042,0.3908,0.3091,3.1293,0.011309,"{""alpha_grid"": [-0.3, -0.2, -0.1, -0.05, 0.0, 0.05, 0.1, 0.2, 0.3, 0.5, 1.0], ""batch_size"": 64, ""chunk_window"": 60, ""dataset"": ""fiqa"", ""device"": ""cuda"", ""dup_noise"": ""light"", ""dup_target"": ""mixed"", ""encode_cache"": true, ""encoder_model"": ""BAAI/bge-m3"", ""experiment"": ""both"", ""gen_max_samples"": 1000, ""gen_methods"": [], ""generator_model"": null, ""lambda_grid"": [0.3, 0.5, 0.7, 0.9], ""max_samples"": null, ""metric"": ""cosine"", ""objective"": ""S-Recall@k"", ""overlap_grid"": [0.0, 0.25, 0.5, 0.75], ""rho_grid"": [0.0, 0.025, 0.05, 0.1, 0.15, 0.25, 0.5, 1.0], ""run_generation"": false, ""script"": ""evaluate_redundancy.py"", ""seed"": 0, ""seeds"": [0, 1, 2], ""single_subtopic"": false, ""split"": ""test"", ""top_k"": 10, ""top_m"": 100, ""val_fraction"": 0.2}"
0.05,0,RNG*,RNG(-0.2),0.0019,0.4571,0.4093,0.5144,0.3864,0.5988,0.3928,0.3314,3.4362,0.073343,"{""alpha_grid"": [-0.3, -0.2, -0.1, -0.05, 0.0, 0.05, 0.1, 0.2, 0.3, 0.5, 1.0], ""batch_size"": 64, ""chunk_window"": 60, ""dataset"": ""fiqa"", ""device"": ""cuda"", ""dup_noise"": ""light"", ""dup_target"": ""mixed"", ""encode_cache"": true, ""encoder_model"": ""BAAI/bge-m3"", ""experiment"": ""both"", ""gen_max_samples"": 1000, ""gen_methods"": [], ""generator_model"": null, ""lambda_grid"": [0.3, 0.5, 0.7, 0.9], ""max_samples"": null, ""metric"": ""cosine"", ""objective"": ""S-Recall@k"", ""overlap_grid"": [0.0, 0.25, 0.5, 0.75], ""rho_grid"": [0.0, 0.025, 0.05, 0.1, 0.15, 0.25, 0.5, 1.0], ""run_generation"": false, ""script"": ""evaluate_redundancy.py"", ""seed"": 0, ""seeds"": [0, 1, 2], ""single_subtopic"": false, ""split"": ""test"", ""top_k"": 10, ""top_m"": 100, ""val_fraction"": 0.2}"
0.05,0,Seg*,Seg(-0.2),0.0019,0.4542,0.4089,0.5143,0.3821,0.5959,0.3931,0.3336,3.4608,0.302172,"{""alpha_grid"": [-0.3, -0.2, -0.1, -0.05, 0.0, 0.05, 0.1, 0.2, 0.3, 0.5, 1.0], ""batch_size"": 64, ""chunk_window"": 60, ""dataset"": ""fiqa"", ""device"": ""cuda"", ""dup_noise"": ""light"", ""dup_target"": ""mixed"", ""encode_cache"": true, ""encoder_model"": ""BAAI/bge-m3"", ""experiment"": ""both"", ""gen_max_samples"": 1000, ""gen_methods"": [], ""generator_model"": null, ""lambda_grid"": [0.3, 0.5, 0.7, 0.9], ""max_samples"": null, ""metric"": ""cosine"", ""objective"": ""S-Recall@k"", ""overlap_grid"": [0.0, 0.25, 0.5, 0.75], ""rho_grid"": [0.0, 0.025, 0.05, 0.1, 0.15, 0.25, 0.5, 1.0], ""run_generation"": false, ""script"": ""evaluate_redundancy.py"", ""seed"": 0, ""seeds"": [0, 1, 2], ""single_subtopic"": false, ""split"": ""test"", ""top_k"": 10, ""top_m"": 100, ""val_fraction"": 0.2}"
0.05,1,kNN,kNN,0.0019,0.4432,0.3955,0.5121,0.4812,0.5826,0.3857,0.288,2.8941,,"{""alpha_grid"": [-0.3, -0.2, -0.1, -0.05, 0.0, 0.05, 0.1, 0.2, 0.3, 0.5, 1.0], ""batch_size"": 64, ""chunk_window"": 60, ""dataset"": ""fiqa"", ""device"": ""cuda"", ""dup_noise"": ""light"", ""dup_target"": ""mixed"", ""encode_cache"": true, ""encoder_model"": ""BAAI/bge-m3"", ""experiment"": ""both"", ""gen_max_samples"": 1000, ""gen_methods"": [], ""generator_model"": null, ""lambda_grid"": [0.3, 0.5, 0.7, 0.9], ""max_samples"": null, ""metric"": ""cosine"", ""objective"": ""S-Recall@k"", ""overlap_grid"": [0.0, 0.25, 0.5, 0.75], ""rho_grid"": [0.0, 0.025, 0.05, 0.1, 0.15, 0.25, 0.5, 1.0], ""run_generation"": false, ""script"": ""evaluate_redundancy.py"", ""seed"": 0, ""seeds"": [0, 1, 2], ""single_subtopic"": false, ""split"": ""test"", ""top_k"": 10, ""top_m"": 100, ""val_fraction"": 0.2}"
0.05,1,Maxmin,Maxmin,0.0019,0.2645,0.2904,0.4565,0.2526,0.3535,0.3175,0.4645,4.6527,0.0,"{""alpha_grid"": [-0.3, -0.2, -0.1, -0.05, 0.0, 0.05, 0.1, 0.2, 0.3, 0.5, 1.0], ""batch_size"": 64, ""chunk_window"": 60, ""dataset"": ""fiqa"", ""device"": ""cuda"", ""dup_noise"": ""light"", ""dup_target"": ""mixed"", ""encode_cache"": true, ""encoder_model"": ""BAAI/bge-m3"", ""experiment"": ""both"", ""gen_max_samples"": 1000, ""gen_methods"": [], ""generator_model"": null, ""lambda_grid"": [0.3, 0.5, 0.7, 0.9], ""max_samples"": null, ""metric"": ""cosine"", ""objective"": ""S-Recall@k"", ""overlap_grid"": [0.0, 0.25, 0.5, 0.75], ""rho_grid"": [0.0, 0.025, 0.05, 0.1, 0.15, 0.25, 0.5, 1.0], ""run_generation"": false, ""script"": ""evaluate_redundancy.py"", ""seed"": 0, ""seeds"": [0, 1, 2], ""single_subtopic"": false, ""split"": ""test"", ""top_k"": 10, ""top_m"": 100, ""val_fraction"": 0.2}"
0.05,1,Greedy-DPP,Greedy-DPP,0.0019,0.3508,0.3404,0.4832,0.2841,0.4642,0.3511,0.4508,4.6973,0.0,"{""alpha_grid"": [-0.3, -0.2, -0.1, -0.05, 0.0, 0.05, 0.1, 0.2, 0.3, 0.5, 1.0], ""batch_size"": 64, ""chunk_window"": 60, ""dataset"": ""fiqa"", ""device"": ""cuda"", ""dup_noise"": ""light"", ""dup_target"": ""mixed"", ""encode_cache"": true, ""encoder_model"": ""BAAI/bge-m3"", ""experiment"": ""both"", ""gen_max_samples"": 1000, ""gen_methods"": [], ""generator_model"": null, ""lambda_grid"": [0.3, 0.5, 0.7, 0.9], ""max_samples"": null, ""metric"": ""cosine"", ""objective"": ""S-Recall@k"", ""overlap_grid"": [0.0, 0.25, 0.5, 0.75], ""rho_grid"": [0.0, 0.025, 0.05, 0.1, 0.15, 0.25, 0.5, 1.0], ""run_generation"": false, ""script"": ""evaluate_redundancy.py"", ""seed"": 0, ""seeds"": [0, 1, 2], ""single_subtopic"": false, ""split"": ""test"", ""top_k"": 10, ""top_m"": 100, ""val_fraction"": 0.2}"
0.05,1,MMR*,MMR(0.9),0.0019,0.4486,0.4031,0.513,0.4512,0.5922,0.3921,0.3073,3.1093,0.147766,"{""alpha_grid"": [-0.3, -0.2, -0.1, -0.05, 0.0, 0.05, 0.1, 0.2, 0.3, 0.5, 1.0], ""batch_size"": 64, ""chunk_window"": 60, ""dataset"": ""fiqa"", ""device"": ""cuda"", ""dup_noise"": ""light"", ""dup_target"": ""mixed"", ""encode_cache"": true, ""encoder_model"": ""BAAI/bge-m3"", ""experiment"": ""both"", ""gen_max_samples"": 1000, ""gen_methods"": [], ""generator_model"": null, ""lambda_grid"": [0.3, 0.5, 0.7, 0.9], ""max_samples"": null, ""metric"": ""cosine"", ""objective"": ""S-Recall@k"", ""overlap_grid"": [0.0, 0.25, 0.5, 0.75], ""rho_grid"": [0.0, 0.025, 0.05, 0.1, 0.15, 0.25, 0.5, 1.0], ""run_generation"": false, ""script"": ""evaluate_redundancy.py"", ""seed"": 0, ""seeds"": [0, 1, 2], ""single_subtopic"": false, ""split"": ""test"", ""top_k"": 10, ""top_m"": 100, ""val_fraction"": 0.2}"
0.05,1,RNG*,RNG(-0.2),0.0019,0.4502,0.4067,0.5122,0.3857,0.591,0.395,0.3307,3.4266,0.036301,"{""alpha_grid"": [-0.3, -0.2, -0.1, -0.05, 0.0, 0.05, 0.1, 0.2, 0.3, 0.5, 1.0], ""batch_size"": 64, ""chunk_window"": 60, ""dataset"": ""fiqa"", ""device"": ""cuda"", ""dup_noise"": ""light"", ""dup_target"": ""mixed"", ""encode_cache"": true, ""encoder_model"": ""BAAI/bge-m3"", ""experiment"": ""both"", ""gen_max_samples"": 1000, ""gen_methods"": [], ""generator_model"": null, ""lambda_grid"": [0.3, 0.5, 0.7, 0.9], ""max_samples"": null, ""metric"": ""cosine"", ""objective"": ""S-Recall@k"", ""overlap_grid"": [0.0, 0.25, 0.5, 0.75], ""rho_grid"": [0.0, 0.025, 0.05, 0.1, 0.15, 0.25, 0.5, 1.0], ""run_generation"": false, ""script"": ""evaluate_redundancy.py"", ""seed"": 0, ""seeds"": [0, 1, 2], ""single_subtopic"": false, ""split"": ""test"", ""top_k"": 10, ""top_m"": 100, ""val_fraction"": 0.2}"
0.05,1,Seg*,Seg(-0.2),0.0019,0.447,0.4057,0.5119,0.3793,0.5875,0.3948,0.3338,3.4622,0.254356,"{""alpha_grid"": [-0.3, -0.2, -0.1, -0.05, 0.0, 0.05, 0.1, 0.2, 0.3, 0.5, 1.0], ""batch_size"": 64, ""chunk_window"": 60, ""dataset"": ""fiqa"", ""device"": ""cuda"", ""dup_noise"": ""light"", ""dup_target"": ""mixed"", ""encode_cache"": true, ""encoder_model"": ""BAAI/bge-m3"", ""experiment"": ""both"", ""gen_max_samples"": 1000, ""gen_methods"": [], ""generator_model"": null, ""lambda_grid"": [0.3, 0.5, 0.7, 0.9], ""max_samples"": null, ""metric"": ""cosine"", ""objective"": ""S-Recall@k"", ""overlap_grid"": [0.0, 0.25, 0.5, 0.75], ""rho_grid"": [0.0, 0.025, 0.05, 0.1, 0.15, 0.25, 0.5, 1.0], ""run_generation"": false, ""script"": ""evaluate_redundancy.py"", ""seed"": 0, ""seeds"": [0, 1, 2], ""single_subtopic"": false, ""split"": ""test"", ""top_k"": 10, ""top_m"": 100, ""val_fraction"": 0.2}"
0.05,2,kNN,kNN,0.0019,0.437,0.393,0.5145,0.4843,0.5831,0.3856,0.2892,2.9049,,"{""alpha_grid"": [-0.3, -0.2, -0.1, -0.05, 0.0, 0.05, 0.1, 0.2, 0.3, 0.5, 1.0], ""batch_size"": 64, ""chunk_window"": 60, ""dataset"": ""fiqa"", ""device"": ""cuda"", ""dup_noise"": ""light"", ""dup_target"": ""mixed"", ""encode_cache"": true, ""encoder_model"": ""BAAI/bge-m3"", ""experiment"": ""both"", ""gen_max_samples"": 1000, ""gen_methods"": [], ""generator_model"": null, ""lambda_grid"": [0.3, 0.5, 0.7, 0.9], ""max_samples"": null, ""metric"": ""cosine"", ""objective"": ""S-Recall@k"", ""overlap_grid"": [0.0, 0.25, 0.5, 0.75], ""rho_grid"": [0.0, 0.025, 0.05, 0.1, 0.15, 0.25, 0.5, 1.0], ""run_generation"": false, ""script"": ""evaluate_redundancy.py"", ""seed"": 0, ""seeds"": [0, 1, 2], ""single_subtopic"": false, ""split"": ""test"", ""top_k"": 10, ""top_m"": 100, ""val_fraction"": 0.2}"
0.05,2,Maxmin,Maxmin,0.0019,0.2554,0.2848,0.46,0.2531,0.3481,0.3172,0.4656,4.6644,0.0,"{""alpha_grid"": [-0.3, -0.2, -0.1, -0.05, 0.0, 0.05, 0.1, 0.2, 0.3, 0.5, 1.0], ""batch_size"": 64, ""chunk_window"": 60, ""dataset"": ""fiqa"", ""device"": ""cuda"", ""dup_noise"": ""light"", ""dup_target"": ""mixed"", ""encode_cache"": true, ""encoder_model"": ""BAAI/bge-m3"", ""experiment"": ""both"", ""gen_max_samples"": 1000, ""gen_methods"": [], ""generator_model"": null, ""lambda_grid"": [0.3, 0.5, 0.7, 0.9], ""max_samples"": null, ""metric"": ""cosine"", ""objective"": ""S-Recall@k"", ""overlap_grid"": [0.0, 0.25, 0.5, 0.75], ""rho_grid"": [0.0, 0.025, 0.05, 0.1, 0.15, 0.25, 0.5, 1.0], ""run_generation"": false, ""script"": ""evaluate_redundancy.py"", ""seed"": 0, ""seeds"": [0, 1, 2], ""single_subtopic"": false, ""split"": ""test"", ""top_k"": 10, ""top_m"": 100, ""val_fraction"": 0.2}"
0.05,2,Greedy-DPP,Greedy-DPP,0.0019,0.3531,0.3422,0.4894,0.2895,0.4731,0.3546,0.4499,4.6871,0.0,"{""alpha_grid"": [-0.3, -0.2, -0.1, -0.05, 0.0, 0.05, 0.1, 0.2, 0.3, 0.5, 1.0], ""batch_size"": 64, ""chunk_window"": 60, ""dataset"": ""fiqa"", ""device"": ""cuda"", ""dup_noise"": ""light"", ""dup_target"": ""mixed"", ""encode_cache"": true, ""encoder_model"": ""BAAI/bge-m3"", ""experiment"": ""both"", ""gen_max_samples"": 1000, ""gen_methods"": [], ""generator_model"": null, ""lambda_grid"": [0.3, 0.5, 0.7, 0.9], ""max_samples"": null, ""metric"": ""cosine"", ""objective"": ""S-Recall@k"", ""overlap_grid"": [0.0, 0.25, 0.5, 0.75], ""rho_grid"": [0.0, 0.025, 0.05, 0.1, 0.15, 0.25, 0.5, 1.0], ""run_generation"": false, ""script"": ""evaluate_redundancy.py"", ""seed"": 0, ""seeds"": [0, 1, 2], ""single_subtopic"": false, ""split"": ""test"", ""top_k"": 10, ""top_m"": 100, ""val_fraction"": 0.2}"
0.05,2,MMR*,MMR(0.9),0.0019,0.4458,0.4019,0.5148,0.452,0.5911,0.3919,0.3097,3.1353,0.098768,"{""alpha_grid"": [-0.3, -0.2, -0.1, -0.05, 0.0, 0.05, 0.1, 0.2, 0.3, 0.5, 1.0], ""batch_size"": 64, ""chunk_window"": 60, ""dataset"": ""fiqa"", ""device"": ""cuda"", ""dup_noise"": ""light"", ""dup_target"": ""mixed"", ""encode_cache"": true, ""encoder_model"": ""BAAI/bge-m3"", ""experiment"": ""both"", ""gen_max_samples"": 1000, ""gen_methods"": [], ""generator_model"": null, ""lambda_grid"": [0.3, 0.5, 0.7, 0.9], ""max_samples"": null, ""metric"": ""cosine"", ""objective"": ""S-Recall@k"", ""overlap_grid"": [0.0, 0.25, 0.5, 0.75], ""rho_grid"": [0.0, 0.025, 0.05, 0.1, 0.15, 0.25, 0.5, 1.0], ""run_generation"": false, ""script"": ""evaluate_redundancy.py"", ""seed"": 0, ""seeds"": [0, 1, 2], ""single_subtopic"": false, ""split"": ""test"", ""top_k"": 10, ""top_m"": 100, ""val_fraction"": 0.2}"
0.05,2,RNG*,RNG(-0.2),0.0019,0.4466,0.4059,0.5152,0.3865,0.5947,0.3954,0.331,3.4315,0.001603,"{""alpha_grid"": [-0.3, -0.2, -0.1, -0.05, 0.0, 0.05, 0.1, 0.2, 0.3, 0.5, 1.0], ""batch_size"": 64, ""chunk_window"": 60, ""dataset"": ""fiqa"", ""device"": ""cuda"", ""dup_noise"": ""light"", ""dup_target"": ""mixed"", ""encode_cache"": true, ""encoder_model"": ""BAAI/bge-m3"", ""experiment"": ""both"", ""gen_max_samples"": 1000, ""gen_methods"": [], ""generator_model"": null, ""lambda_grid"": [0.3, 0.5, 0.7, 0.9], ""max_samples"": null, ""metric"": ""cosine"", ""objective"": ""S-Recall@k"", ""overlap_grid"": [0.0, 0.25, 0.5, 0.75], ""rho_grid"": [0.0, 0.025, 0.05, 0.1, 0.15, 0.25, 0.5, 1.0], ""run_generation"": false, ""script"": ""evaluate_redundancy.py"", ""seed"": 0, ""seeds"": [0, 1, 2], ""single_subtopic"": false, ""split"": ""test"", ""top_k"": 10, ""top_m"": 100, ""val_fraction"": 0.2}"
0.05,2,Seg*,Seg(-0.2),0.0019,0.4434,0.4052,0.515,0.3803,0.5919,0.3955,0.334,3.4657,0.035054,"{""alpha_grid"": [-0.3, -0.2, -0.1, -0.05, 0.0, 0.05, 0.1, 0.2, 0.3, 0.5, 1.0], ""batch_size"": 64, ""chunk_window"": 60, ""dataset"": ""fiqa"", ""device"": ""cuda"", ""dup_noise"": ""light"", ""dup_target"": ""mixed"", ""encode_cache"": true, ""encoder_model"": ""BAAI/bge-m3"", ""experiment"": ""both"", ""gen_max_samples"": 1000, ""gen_methods"": [], ""generator_model"": null, ""lambda_grid"": [0.3, 0.5, 0.7, 0.9], ""max_samples"": null, ""metric"": ""cosine"", ""objective"": ""S-Recall@k"", ""overlap_grid"": [0.0, 0.25, 0.5, 0.75], ""rho_grid"": [0.0, 0.025, 0.05, 0.1, 0.15, 0.25, 0.5, 1.0], ""run_generation"": false, ""script"": ""evaluate_redundancy.py"", ""seed"": 0, ""seeds"": [0, 1, 2], ""single_subtopic"": false, ""split"": ""test"", ""top_k"": 10, ""top_m"": 100, ""val_fraction"": 0.2}"
0.1,0,kNN,kNN,0.006,0.4388,0.395,0.5255,0.49,0.5731,0.3886,0.2301,2.4875,,"{""alpha_grid"": [-0.3, -0.2, -0.1, -0.05, 0.0, 0.05, 0.1, 0.2, 0.3, 0.5, 1.0], ""batch_size"": 64, ""chunk_window"": 60, ""dataset"": ""fiqa"", ""device"": ""cuda"", ""dup_noise"": ""light"", ""dup_target"": ""mixed"", ""encode_cache"": true, ""encoder_model"": ""BAAI/bge-m3"", ""experiment"": ""both"", ""gen_max_samples"": 1000, ""gen_methods"": [], ""generator_model"": null, ""lambda_grid"": [0.3, 0.5, 0.7, 0.9], ""max_samples"": null, ""metric"": ""cosine"", ""objective"": ""S-Recall@k"", ""overlap_grid"": [0.0, 0.25, 0.5, 0.75], ""rho_grid"": [0.0, 0.025, 0.05, 0.1, 0.15, 0.25, 0.5, 1.0], ""run_generation"": false, ""script"": ""evaluate_redundancy.py"", ""seed"": 0, ""seeds"": [0, 1, 2], ""single_subtopic"": false, ""split"": ""test"", ""top_k"": 10, ""top_m"": 100, ""val_fraction"": 0.2}"
0.1,0,Maxmin,Maxmin,0.006,0.2769,0.3007,0.4724,0.2611,0.3663,0.3281,0.4587,4.5622,0.0,"{""alpha_grid"": [-0.3, -0.2, -0.1, -0.05, 0.0, 0.05, 0.1, 0.2, 0.3, 0.5, 1.0], ""batch_size"": 64, ""chunk_window"": 60, ""dataset"": ""fiqa"", ""device"": ""cuda"", ""dup_noise"": ""light"", ""dup_target"": ""mixed"", ""encode_cache"": true, ""encoder_model"": ""BAAI/bge-m3"", ""experiment"": ""both"", ""gen_max_samples"": 1000, ""gen_methods"": [], ""generator_model"": null, ""lambda_grid"": [0.3, 0.5, 0.7, 0.9], ""max_samples"": null, ""metric"": ""cosine"", ""objective"": ""S-Recall@k"", ""overlap_grid"": [0.0, 0.25, 0.5, 0.75], ""rho_grid"": [0.0, 0.025, 0.05, 0.1, 0.15, 0.25, 0.5, 1.0], ""run_generation"": false, ""script"": ""evaluate_redundancy.py"", ""seed"": 0, ""seeds"": [0, 1, 2], ""single_subtopic"": false, ""split"": ""test"", ""top_k"": 10, ""top_m"": 100, ""val_fraction"": 0.2}"
0.1,0,Greedy-DPP,Greedy-DPP,0.006,0.3696,0.3542,0.4999,0.2908,0.4845,0.3633,0.4493,4.6817,0.0,"{""alpha_grid"": [-0.3, -0.2, -0.1, -0.05, 0.0, 0.05, 0.1, 0.2, 0.3, 0.5, 1.0], ""batch_size"": 64, ""chunk_window"": 60, ""dataset"": ""fiqa"", ""device"": ""cuda"", ""dup_noise"": ""light"", ""dup_target"": ""mixed"", ""encode_cache"": true, ""encoder_model"": ""BAAI/bge-m3"", ""experiment"": ""both"", ""gen_max_samples"": 1000, ""gen_methods"": [], ""generator_model"": null, ""lambda_grid"": [0.3, 0.5, 0.7, 0.9], ""max_samples"": null, ""metric"": ""cosine"", ""objective"": ""S-Recall@k"", ""overlap_grid"": [0.0, 0.25, 0.5, 0.75], ""rho_grid"": [0.0, 0.025, 0.05, 0.1, 0.15, 0.25, 0.5, 1.0], ""run_generation"": false, ""script"": ""evaluate_redundancy.py"", ""seed"": 0, ""seeds"": [0, 1, 2], ""single_subtopic"": false, ""split"": ""test"", ""top_k"": 10, ""top_m"": 100, ""val_fraction"": 0.2}"
0.1,0,MMR*,MMR(0.7),0.006,0.4531,0.407,0.5184,0.3579,0.5929,0.3946,0.3697,3.8321,0.038893,"{""alpha_grid"": [-0.3, -0.2, -0.1, -0.05, 0.0, 0.05, 0.1, 0.2, 0.3, 0.5, 1.0], ""batch_size"": 64, ""chunk_window"": 60, ""dataset"": ""fiqa"", ""device"": ""cuda"", ""dup_noise"": ""light"", ""dup_target"": ""mixed"", ""encode_cache"": true, ""encoder_model"": ""BAAI/bge-m3"", ""experiment"": ""both"", ""gen_max_samples"": 1000, ""gen_methods"": [], ""generator_model"": null, ""lambda_grid"": [0.3, 0.5, 0.7, 0.9], ""max_samples"": null, ""metric"": ""cosine"", ""objective"": ""S-Recall@k"", ""overlap_grid"": [0.0, 0.25, 0.5, 0.75], ""rho_grid"": [0.0, 0.025, 0.05, 0.1, 0.15, 0.25, 0.5, 1.0], ""run_generation"": false, ""script"": ""evaluate_redundancy.py"", ""seed"": 0, ""seeds"": [0, 1, 2], ""single_subtopic"": false, ""split"": ""test"", ""top_k"": 10, ""top_m"": 100, ""val_fraction"": 0.2}"
0.1,0,RNG*,RNG(-0.2),0.006,0.4571,0.4164,0.5273,0.3947,0.5974,0.4044,0.324,3.366,1e-05,"{""alpha_grid"": [-0.3, -0.2, -0.1, -0.05, 0.0, 0.05, 0.1, 0.2, 0.3, 0.5, 1.0], ""batch_size"": 64, ""chunk_window"": 60, ""dataset"": ""fiqa"", ""device"": ""cuda"", ""dup_noise"": ""light"", ""dup_target"": ""mixed"", ""encode_cache"": true, ""encoder_model"": ""BAAI/bge-m3"", ""experiment"": ""both"", ""gen_max_samples"": 1000, ""gen_methods"": [], ""generator_model"": null, ""lambda_grid"": [0.3, 0.5, 0.7, 0.9], ""max_samples"": null, ""metric"": ""cosine"", ""objective"": ""S-Recall@k"", ""overlap_grid"": [0.0, 0.25, 0.5, 0.75], ""rho_grid"": [0.0, 0.025, 0.05, 0.1, 0.15, 0.25, 0.5, 1.0], ""run_generation"": false, ""script"": ""evaluate_redundancy.py"", ""seed"": 0, ""seeds"": [0, 1, 2], ""single_subtopic"": false, ""split"": ""test"", ""top_k"": 10, ""top_m"": 100, ""val_fraction"": 0.2}"
0.1,0,Seg*,Seg(-0.2),0.006,0.4536,0.4155,0.527,0.3898,0.5932,0.4044,0.3273,3.398,0.000333,"{""alpha_grid"": [-0.3, -0.2, -0.1, -0.05, 0.0, 0.05, 0.1, 0.2, 0.3, 0.5, 1.0], ""batch_size"": 64, ""chunk_window"": 60, ""dataset"": ""fiqa"", ""device"": ""cuda"", ""dup_noise"": ""light"", ""dup_target"": ""mixed"", ""encode_cache"": true, ""encoder_model"": ""BAAI/bge-m3"", ""experiment"": ""both"", ""gen_max_samples"": 1000, ""gen_methods"": [], ""generator_model"": null, ""lambda_grid"": [0.3, 0.5, 0.7, 0.9], ""max_samples"": null, ""metric"": ""cosine"", ""objective"": ""S-Recall@k"", ""overlap_grid"": [0.0, 0.25, 0.5, 0.75], ""rho_grid"": [0.0, 0.025, 0.05, 0.1, 0.15, 0.25, 0.5, 1.0], ""run_generation"": false, ""script"": ""evaluate_redundancy.py"", ""seed"": 0, ""seeds"": [0, 1, 2], ""single_subtopic"": false, ""split"": ""test"", ""top_k"": 10, ""top_m"": 100, ""val_fraction"": 0.2}"
0.1,1,kNN,kNN,0.006,0.4295,0.3872,0.5167,0.484,0.5652,0.384,0.2301,2.4933,,"{""alpha_grid"": [-0.3, -0.2, -0.1, -0.05, 0.0, 0.05, 0.1, 0.2, 0.3, 0.5, 1.0], ""batch_size"": 64, ""chunk_window"": 60, ""dataset"": ""fiqa"", ""device"": ""cuda"", ""dup_noise"": ""light"", ""dup_target"": ""mixed"", ""encode_cache"": true, ""encoder_model"": ""BAAI/bge-m3"", ""experiment"": ""both"", ""gen_max_samples"": 1000, ""gen_methods"": [], ""generator_model"": null, ""lambda_grid"": [0.3, 0.5, 0.7, 0.9], ""max_samples"": null, ""metric"": ""cosine"", ""objective"": ""S-Recall@k"", ""overlap_grid"": [0.0, 0.25, 0.5, 0.75], ""rho_grid"": [0.0, 0.025, 0.05, 0.1, 0.15, 0.25, 0.5, 1.0], ""run_generation"": false, ""script"": ""evaluate_redundancy.py"", ""seed"": 0, ""seeds"": [0, 1, 2], ""single_subtopic"": false, ""split"": ""test"", ""top_k"": 10, ""top_m"": 100, ""val_fraction"": 0.2}"
0.1,1,Maxmin,Maxmin,0.006,0.268,0.2918,0.4587,0.253,0.3571,0.3207,0.458,4.5504,0.0,"{""alpha_grid"": [-0.3, -0.2, -0.1, -0.05, 0.0, 0.05, 0.1, 0.2, 0.3, 0.5, 1.0], ""batch_size"": 64, ""chunk_window"": 60, ""dataset"": ""fiqa"", ""device"": ""cuda"", ""dup_noise"": ""light"", ""dup_target"": ""mixed"", ""encode_cache"": true, ""encoder_model"": ""BAAI/bge-m3"", ""experiment"": ""both"", ""gen_max_samples"": 1000, ""gen_methods"": [], ""generator_model"": null, ""lambda_grid"": [0.3, 0.5, 0.7, 0.9], ""max_samples"": null, ""metric"": ""cosine"", ""objective"": ""S-Recall@k"", ""overlap_grid"": [0.0, 0.25, 0.5, 0.75], ""rho_grid"": [0.0, 0.025, 0.05, 0.1, 0.15, 0.25, 0.5, 1.0], ""run_generation"": false, ""script"": ""evaluate_redundancy.py"", ""seed"": 0, ""seeds"": [0, 1, 2], ""single_subtopic"": false, ""split"": ""test"", ""top_k"": 10, ""top_m"": 100, ""val_fraction"": 0.2}"
0.1,1,Greedy-DPP,Greedy-DPP,0.006,0.365,0.3471,0.4869,0.2858,0.4814,0.3572,0.4491,4.6796,0.0,"{""alpha_grid"": [-0.3, -0.2, -0.1, -0.05, 0.0, 0.05, 0.1, 0.2, 0.3, 0.5, 1.0], ""batch_size"": 64, ""chunk_window"": 60, ""dataset"": ""fiqa"", ""device"": ""cuda"", ""dup_noise"": ""light"", ""dup_target"": ""mixed"", ""encode_cache"": true, ""encoder_model"": ""BAAI/bge-m3"", ""experiment"": ""both"", ""gen_max_samples"": 1000, ""gen_methods"": [], ""generator_model"": null, ""lambda_grid"": [0.3, 0.5, 0.7, 0.9], ""max_samples"": null, ""metric"": ""cosine"", ""objective"": ""S-Recall@k"", ""overlap_grid"": [0.0, 0.25, 0.5, 0.75], ""rho_grid"": [0.0, 0.025, 0.05, 0.1, 0.15, 0.25, 0.5, 1.0], ""run_generation"": false, ""script"": ""evaluate_redundancy.py"", ""seed"": 0, ""seeds"": [0, 1, 2], ""single_subtopic"": false, ""split"": ""test"", ""top_k"": 10, ""top_m"": 100, ""val_fraction"": 0.2}"
0.1,1,MMR*,MMR(0.9),0.006,0.4406,0.399,0.5178,0.4544,0.5828,0.3926,0.2702,2.8337,0.001637,"{""alpha_grid"": [-0.3, -0.2, -0.1, -0.05, 0.0, 0.05, 0.1, 0.2, 0.3, 0.5, 1.0], ""batch_size"": 64, ""chunk_window"": 60, ""dataset"": ""fiqa"", ""device"": ""cuda"", ""dup_noise"": ""light"", ""dup_target"": ""mixed"", ""encode_cache"": true, ""encoder_model"": ""BAAI/bge-m3"", ""experiment"": ""both"", ""gen_max_samples"": 1000, ""gen_methods"": [], ""generator_model"": null, ""lambda_grid"": [0.3, 0.5, 0.7, 0.9], ""max_samples"": null, ""metric"": ""cosine"", ""objective"": ""S-Recall@k"", ""overlap_grid"": [0.0, 0.25, 0.5, 0.75], ""rho_grid"": [0.0, 0.025, 0.05, 0.1, 0.15, 0.25, 0.5, 1.0], ""run_generation"": false, ""script"": ""evaluate_redundancy.py"", ""seed"": 0, ""seeds"": [0, 1, 2], ""single_subtopic"": false, ""split"": ""test"", ""top_k"": 10, ""top_m"": 100, ""val_fraction"": 0.2}"
0.1,1,RNG*,RNG(-0.2),0.006,0.4528,0.408,0.5179,0.3885,0.5951,0.3983,0.3253,3.3751,1e-05,"{""alpha_grid"": [-0.3, -0.2, -0.1, -0.05, 0.0, 0.05, 0.1, 0.2, 0.3, 0.5, 1.0], ""batch_size"": 64, ""chunk_window"": 60, ""dataset"": ""fiqa"", ""device"": ""cuda"", ""dup_noise"": ""light"", ""dup_target"": ""mixed"", ""encode_cache"": true, ""encoder_model"": ""BAAI/bge-m3"", ""experiment"": ""both"", ""gen_max_samples"": 1000, ""gen_methods"": [], ""generator_model"": null, ""lambda_grid"": [0.3, 0.5, 0.7, 0.9], ""max_samples"": null, ""metric"": ""cosine"", ""objective"": ""S-Recall@k"", ""overlap_grid"": [0.0, 0.25, 0.5, 0.75], ""rho_grid"": [0.0, 0.025, 0.05, 0.1, 0.15, 0.25, 0.5, 1.0], ""run_generation"": false, ""script"": ""evaluate_redundancy.py"", ""seed"": 0, ""seeds"": [0, 1, 2], ""single_subtopic"": false, ""split"": ""test"", ""top_k"": 10, ""top_m"": 100, ""val_fraction"": 0.2}"
0.1,1,Seg*,Seg(-0.2),0.006,0.4502,0.4077,0.5177,0.3843,0.5922,0.3985,0.3281,3.4046,6e-05,"{""alpha_grid"": [-0.3, -0.2, -0.1, -0.05, 0.0, 0.05, 0.1, 0.2, 0.3, 0.5, 1.0], ""batch_size"": 64, ""chunk_window"": 60, ""dataset"": ""fiqa"", ""device"": ""cuda"", ""dup_noise"": ""light"", ""dup_target"": ""mixed"", ""encode_cache"": true, ""encoder_model"": ""BAAI/bge-m3"", ""experiment"": ""both"", ""gen_max_samples"": 1000, ""gen_methods"": [], ""generator_model"": null, ""lambda_grid"": [0.3, 0.5, 0.7, 0.9], ""max_samples"": null, ""metric"": ""cosine"", ""objective"": ""S-Recall@k"", ""overlap_grid"": [0.0, 0.25, 0.5, 0.75], ""rho_grid"": [0.0, 0.025, 0.05, 0.1, 0.15, 0.25, 0.5, 1.0], ""run_generation"": false, ""script"": ""evaluate_redundancy.py"", ""seed"": 0, ""seeds"": [0, 1, 2], ""single_subtopic"": false, ""split"": ""test"", ""top_k"": 10, ""top_m"": 100, ""val_fraction"": 0.2}"
0.1,2,kNN,kNN,0.0061,0.4241,0.384,0.5196,0.483,0.5673,0.3804,0.2313,2.5019,,"{""alpha_grid"": [-0.3, -0.2, -0.1, -0.05, 0.0, 0.05, 0.1, 0.2, 0.3, 0.5, 1.0], ""batch_size"": 64, ""chunk_window"": 60, ""dataset"": ""fiqa"", ""device"": ""cuda"", ""dup_noise"": ""light"", ""dup_target"": ""mixed"", ""encode_cache"": true, ""encoder_model"": ""BAAI/bge-m3"", ""experiment"": ""both"", ""gen_max_samples"": 1000, ""gen_methods"": [], ""generator_model"": null, ""lambda_grid"": [0.3, 0.5, 0.7, 0.9], ""max_samples"": null, ""metric"": ""cosine"", ""objective"": ""S-Recall@k"", ""overlap_grid"": [0.0, 0.25, 0.5, 0.75], ""rho_grid"": [0.0, 0.025, 0.05, 0.1, 0.15, 0.25, 0.5, 1.0], ""run_generation"": false, ""script"": ""evaluate_redundancy.py"", ""seed"": 0, ""seeds"": [0, 1, 2], ""single_subtopic"": false, ""split"": ""test"", ""top_k"": 10, ""top_m"": 100, ""val_fraction"": 0.2}"
0.1,2,Maxmin,Maxmin,0.0061,0.2715,0.2935,0.4667,0.2567,0.3672,0.3214,0.4599,4.5735,0.0,"{""alpha_grid"": [-0.3, -0.2, -0.1, -0.05, 0.0, 0.05, 0.1, 0.2, 0.3, 0.5, 1.0], ""batch_size"": 64, ""chunk_window"": 60, ""dataset"": ""fiqa"", ""device"": ""cuda"", ""dup_noise"": ""light"", ""dup_target"": ""mixed"", ""encode_cache"": true, ""encoder_model"": ""BAAI/bge-m3"", ""experiment"": ""both"", ""gen_max_samples"": 1000, ""gen_methods"": [], ""generator_model"": null, ""lambda_grid"": [0.3, 0.5, 0.7, 0.9], ""max_samples"": null, ""metric"": ""cosine"", ""objective"": ""S-Recall@k"", ""overlap_grid"": [0.0, 0.25, 0.5, 0.75], ""rho_grid"": [0.0, 0.025, 0.05, 0.1, 0.15, 0.25, 0.5, 1.0], ""run_generation"": false, ""script"": ""evaluate_redundancy.py"", ""seed"": 0, ""seeds"": [0, 1, 2], ""single_subtopic"": false, ""split"": ""test"", ""top_k"": 10, ""top_m"": 100, ""val_fraction"": 0.2}"
0.1,2,Greedy-DPP,Greedy-DPP,0.0061,0.3576,0.3461,0.4924,0.2872,0.4768,0.3564,0.4494,4.6827,0.0,"{""alpha_grid"": [-0.3, -0.2, -0.1, -0.05, 0.0, 0.05, 0.1, 0.2, 0.3, 0.5, 1.0], ""batch_size"": 64, ""chunk_window"": 60, ""dataset"": ""fiqa"", ""device"": ""cuda"", ""dup_noise"": ""light"", ""dup_target"": ""mixed"", ""encode_cache"": true, ""encoder_model"": ""BAAI/bge-m3"", ""experiment"": ""both"", ""gen_max_samples"": 1000, ""gen_methods"": [], ""generator_model"": null, ""lambda_grid"": [0.3, 0.5, 0.7, 0.9], ""max_samples"": null, ""metric"": ""cosine"", ""objective"": ""S-Recall@k"", ""overlap_grid"": [0.0, 0.25, 0.5, 0.75], ""rho_grid"": [0.0, 0.025, 0.05, 0.1, 0.15, 0.25, 0.5, 1.0], ""run_generation"": false, ""script"": ""evaluate_redundancy.py"", ""seed"": 0, ""seeds"": [0, 1, 2], ""single_subtopic"": false, ""split"": ""test"", ""top_k"": 10, ""top_m"": 100, ""val_fraction"": 0.2}"
0.1,2,MMR*,MMR(0.9),0.0061,0.4387,0.3981,0.5202,0.4551,0.585,0.3911,0.2711,2.8403,0.00035,"{""alpha_grid"": [-0.3, -0.2, -0.1, -0.05, 0.0, 0.05, 0.1, 0.2, 0.3, 0.5, 1.0], ""batch_size"": 64, ""chunk_window"": 60, ""dataset"": ""fiqa"", ""device"": ""cuda"", ""dup_noise"": ""light"", ""dup_target"": ""mixed"", ""encode_cache"": true, ""encoder_model"": ""BAAI/bge-m3"", ""experiment"": ""both"", ""gen_max_samples"": 1000, ""gen_methods"": [], ""generator_model"": null, ""lambda_grid"": [0.3, 0.5, 0.7, 0.9], ""max_samples"": null, ""metric"": ""cosine"", ""objective"": ""S-Recall@k"", ""overlap_grid"": [0.0, 0.25, 0.5, 0.75], ""rho_grid"": [0.0, 0.025, 0.05, 0.1, 0.15, 0.25, 0.5, 1.0], ""run_generation"": false, ""script"": ""evaluate_redundancy.py"", ""seed"": 0, ""seeds"": [0, 1, 2], ""single_subtopic"": false, ""split"": ""test"", ""top_k"": 10, ""top_m"": 100, ""val_fraction"": 0.2}"
0.1,2,RNG*,RNG(-0.2),0.0061,0.4441,0.4064,0.5205,0.3908,0.5911,0.3966,0.3239,3.3604,1.2e-05,"{""alpha_grid"": [-0.3, -0.2, -0.1, -0.05, 0.0, 0.05, 0.1, 0.2, 0.3, 0.5, 1.0], ""batch_size"": 64, ""chunk_window"": 60, ""dataset"": ""fiqa"", ""device"": ""cuda"", ""dup_noise"": ""light"", ""dup_target"": ""mixed"", ""encode_cache"": true, ""encoder_model"": ""BAAI/bge-m3"", ""experiment"": ""both"", ""gen_max_samples"": 1000, ""gen_methods"": [], ""generator_model"": null, ""lambda_grid"": [0.3, 0.5, 0.7, 0.9], ""max_samples"": null, ""metric"": ""cosine"", ""objective"": ""S-Recall@k"", ""overlap_grid"": [0.0, 0.25, 0.5, 0.75], ""rho_grid"": [0.0, 0.025, 0.05, 0.1, 0.15, 0.25, 0.5, 1.0], ""run_generation"": false, ""script"": ""evaluate_redundancy.py"", ""seed"": 0, ""seeds"": [0, 1, 2], ""single_subtopic"": false, ""split"": ""test"", ""top_k"": 10, ""top_m"": 100, ""val_fraction"": 0.2}"
0.1,2,Seg*,Seg(-0.2),0.0061,0.4437,0.407,0.5205,0.387,0.5908,0.3972,0.3276,3.3963,4.4e-05,"{""alpha_grid"": [-0.3, -0.2, -0.1, -0.05, 0.0, 0.05, 0.1, 0.2, 0.3, 0.5, 1.0], ""batch_size"": 64, ""chunk_window"": 60, ""dataset"": ""fiqa"", ""device"": ""cuda"", ""dup_noise"": ""light"", ""dup_target"": ""mixed"", ""encode_cache"": true, ""encoder_model"": ""BAAI/bge-m3"", ""experiment"": ""both"", ""gen_max_samples"": 1000, ""gen_methods"": [], ""generator_model"": null, ""lambda_grid"": [0.3, 0.5, 0.7, 0.9], ""max_samples"": null, ""metric"": ""cosine"", ""objective"": ""S-Recall@k"", ""overlap_grid"": [0.0, 0.25, 0.5, 0.75], ""rho_grid"": [0.0, 0.025, 0.05, 0.1, 0.15, 0.25, 0.5, 1.0], ""run_generation"": false, ""script"": ""evaluate_redundancy.py"", ""seed"": 0, ""seeds"": [0, 1, 2], ""single_subtopic"": false, ""split"": ""test"", ""top_k"": 10, ""top_m"": 100, ""val_fraction"": 0.2}"
0.15,0,kNN,kNN,0.0126,0.4213,0.3885,0.5311,0.4848,0.5557,0.3884,0.2099,2.3632,,"{""alpha_grid"": [-0.3, -0.2, -0.1, -0.05, 0.0, 0.05, 0.1, 0.2, 0.3, 0.5, 1.0], ""batch_size"": 64, ""chunk_window"": 60, ""dataset"": ""fiqa"", ""device"": ""cuda"", ""dup_noise"": ""light"", ""dup_target"": ""mixed"", ""encode_cache"": true, ""encoder_model"": ""BAAI/bge-m3"", ""experiment"": ""both"", ""gen_max_samples"": 1000, ""gen_methods"": [], ""generator_model"": null, ""lambda_grid"": [0.3, 0.5, 0.7, 0.9], ""max_samples"": null, ""metric"": ""cosine"", ""objective"": ""S-Recall@k"", ""overlap_grid"": [0.0, 0.25, 0.5, 0.75], ""rho_grid"": [0.0, 0.025, 0.05, 0.1, 0.15, 0.25, 0.5, 1.0], ""run_generation"": false, ""script"": ""evaluate_redundancy.py"", ""seed"": 0, ""seeds"": [0, 1, 2], ""single_subtopic"": false, ""split"": ""test"", ""top_k"": 10, ""top_m"": 100, ""val_fraction"": 0.2}"
0.15,0,Maxmin,Maxmin,0.0126,0.2873,0.3105,0.4817,0.2715,0.3842,0.3375,0.4515,4.4575,0.0,"{""alpha_grid"": [-0.3, -0.2, -0.1, -0.05, 0.0, 0.05, 0.1, 0.2, 0.3, 0.5, 1.0], ""batch_size"": 64, ""chunk_window"": 60, ""dataset"": ""fiqa"", ""device"": ""cuda"", ""dup_noise"": ""light"", ""dup_target"": ""mixed"", ""encode_cache"": true, ""encoder_model"": ""BAAI/bge-m3"", ""experiment"": ""both"", ""gen_max_samples"": 1000, ""gen_methods"": [], ""generator_model"": null, ""lambda_grid"": [0.3, 0.5, 0.7, 0.9], ""max_samples"": null, ""metric"": ""cosine"", ""objective"": ""S-Recall@k"", ""overlap_grid"": [0.0, 0.25, 0.5, 0.75], ""rho_grid"": [0.0, 0.025, 0.05, 0.1, 0.15, 0.25, 0.5, 1.0], ""run_generation"": false, ""script"": ""evaluate_redundancy.py"", ""seed"": 0, ""seeds"": [0, 1, 2], ""single_subtopic"": false, ""split"": ""test"", ""top_k"": 10, ""top_m"": 100, ""val_fraction"": 0.2}"
0.15,0,Greedy-DPP,Greedy-DPP,0.0126,0.3855,0.3632,0.5052,0.2976,0.5045,0.3695,0.4481,4.6699,0.000559,"{""alpha_grid"": [-0.3, -0.2, -0.1, -0.05, 0.0, 0.05, 0.1, 0.2, 0.3, 0.5, 1.0], ""batch_size"": 64, ""chunk_window"": 60, ""dataset"": ""fiqa"", ""device"": ""cuda"", ""dup_noise"": ""light"", ""dup_target"": ""mixed"", ""encode_cache"": true, ""encoder_model"": ""BAAI/bge-m3"", ""experiment"": ""both"", ""gen_max_samples"": 1000, ""gen_methods"": [], ""generator_model"": null, ""lambda_grid"": [0.3, 0.5, 0.7, 0.9], ""max_samples"": null, ""metric"": ""cosine"", ""objective"": ""S-Recall@k"", ""overlap_grid"": [0.0, 0.25, 0.5, 0.75], ""rho_grid"": [0.0, 0.025, 0.05, 0.1, 0.15, 0.25, 0.5, 1.0], ""run_generation"": false, ""script"": ""evaluate_redundancy.py"", ""seed"": 0, ""seeds"": [0, 1, 2], ""single_subtopic"": false, ""split"": ""test"", ""top_k"": 10, ""top_m"": 100, ""val_fraction"": 0.2}"
0.15,0,MMR*,MMR(0.9),0.0126,0.4404,0.4072,0.5327,0.4645,0.5799,0.4019,0.2514,2.7057,1.3e-05,"{""alpha_grid"": [-0.3, -0.2, -0.1, -0.05, 0.0, 0.05, 0.1, 0.2, 0.3, 0.5, 1.0], ""batch_size"": 64, ""chunk_window"": 60, ""dataset"": ""fiqa"", ""device"": ""cuda"", ""dup_noise"": ""light"", ""dup_target"": ""mixed"", ""encode_cache"": true, ""encoder_model"": ""BAAI/bge-m3"", ""experiment"": ""both"", ""gen_max_samples"": 1000, ""gen_methods"": [], ""generator_model"": null, ""lambda_grid"": [0.3, 0.5, 0.7, 0.9], ""max_samples"": null, ""metric"": ""cosine"", ""objective"": ""S-Recall@k"", ""overlap_grid"": [0.0, 0.25, 0.5, 0.75], ""rho_grid"": [0.0, 0.025, 0.05, 0.1, 0.15, 0.25, 0.5, 1.0], ""run_generation"": false, ""script"": ""evaluate_redundancy.py"", ""seed"": 0, ""seeds"": [0, 1, 2], ""single_subtopic"": false, ""split"": ""test"", ""top_k"": 10, ""top_m"": 100, ""val_fraction"": 0.2}"
0.15,0,RNG*,RNG(-0.2),0.0126,0.4601,0.4202,0.5328,0.4019,0.6037,0.4094,0.3202,3.3311,0.0,"{""alpha_grid"": [-0.3, -0.2, -0.1, -0.05, 0.0, 0.05, 0.1, 0.2, 0.3, 0.5, 1.0], ""batch_size"": 64, ""chunk_window"": 60, ""dataset"": ""fiqa"", ""device"": ""cuda"", ""dup_noise"": ""light"", ""dup_target"": ""mixed"", ""encode_cache"": true, ""encoder_model"": ""BAAI/bge-m3"", ""experiment"": ""both"", ""gen_max_samples"": 1000, ""gen_methods"": [], ""generator_model"": null, ""lambda_grid"": [0.3, 0.5, 0.7, 0.9], ""max_samples"": null, ""metric"": ""cosine"", ""objective"": ""S-Recall@k"", ""overlap_grid"": [0.0, 0.25, 0.5, 0.75], ""rho_grid"": [0.0, 0.025, 0.05, 0.1, 0.15, 0.25, 0.5, 1.0], ""run_generation"": false, ""script"": ""evaluate_redundancy.py"", ""seed"": 0, ""seeds"": [0, 1, 2], ""single_subtopic"": false, ""split"": ""test"", ""top_k"": 10, ""top_m"": 100, ""val_fraction"": 0.2}"
0.15,0,Seg*,Seg(-0.2),0.0126,0.4593,0.4205,0.5327,0.3971,0.6036,0.4097,0.3242,3.373,0.0,"{""alpha_grid"": [-0.3, -0.2, -0.1, -0.05, 0.0, 0.05, 0.1, 0.2, 0.3, 0.5, 1.0], ""batch_size"": 64, ""chunk_window"": 60, ""dataset"": ""fiqa"", ""device"": ""cuda"", ""dup_noise"": ""light"", ""dup_target"": ""mixed"", ""encode_cache"": true, ""encoder_model"": ""BAAI/bge-m3"", ""experiment"": ""both"", ""gen_max_samples"": 1000, ""gen_methods"": [], ""generator_model"": null, ""lambda_grid"": [0.3, 0.5, 0.7, 0.9], ""max_samples"": null, ""metric"": ""cosine"", ""objective"": ""S-Recall@k"", ""overlap_grid"": [0.0, 0.25, 0.5, 0.75], ""rho_grid"": [0.0, 0.025, 0.05, 0.1, 0.15, 0.25, 0.5, 1.0], ""run_generation"": false, ""script"": ""evaluate_redundancy.py"", ""seed"": 0, ""seeds"": [0, 1, 2], ""single_subtopic"": false, ""split"": ""test"", ""top_k"": 10, ""top_m"": 100, ""val_fraction"": 0.2}"
0.15,1,kNN,kNN,0.0125,0.423,0.3852,0.5235,0.4827,0.5585,0.387,0.2106,2.3657,,"{""alpha_grid"": [-0.3, -0.2, -0.1, -0.05, 0.0, 0.05, 0.1, 0.2, 0.3, 0.5, 1.0], ""batch_size"": 64, ""chunk_window"": 60, ""dataset"": ""fiqa"", ""device"": ""cuda"", ""dup_noise"": ""light"", ""dup_target"": ""mixed"", ""encode_cache"": true, ""encoder_model"": ""BAAI/bge-m3"", ""experiment"": ""both"", ""gen_max_samples"": 1000, ""gen_methods"": [], ""generator_model"": null, ""lambda_grid"": [0.3, 0.5, 0.7, 0.9], ""max_samples"": null, ""metric"": ""cosine"", ""objective"": ""S-Recall@k"", ""overlap_grid"": [0.0, 0.25, 0.5, 0.75], ""rho_grid"": [0.0, 0.025, 0.05, 0.1, 0.15, 0.25, 0.5, 1.0], ""run_generation"": false, ""script"": ""evaluate_redundancy.py"", ""seed"": 0, ""seeds"": [0, 1, 2], ""single_subtopic"": false, ""split"": ""test"", ""top_k"": 10, ""top_m"": 100, ""val_fraction"": 0.2}"
0.15,1,Maxmin,Maxmin,0.0125,0.2847,0.3069,0.4759,0.2711,0.3821,0.3375,0.45,4.4301,0.0,"{""alpha_grid"": [-0.3, -0.2, -0.1, -0.05, 0.0, 0.05, 0.1, 0.2, 0.3, 0.5, 1.0], ""batch_size"": 64, ""chunk_window"": 60, ""dataset"": ""fiqa"", ""device"": ""cuda"", ""dup_noise"": ""light"", ""dup_target"": ""mixed"", ""encode_cache"": true, ""encoder_model"": ""BAAI/bge-m3"", ""experiment"": ""both"", ""gen_max_samples"": 1000, ""gen_methods"": [], ""generator_model"": null, ""lambda_grid"": [0.3, 0.5, 0.7, 0.9], ""max_samples"": null, ""metric"": ""cosine"", ""objective"": ""S-Recall@k"", ""overlap_grid"": [0.0, 0.25, 0.5, 0.75], ""rho_grid"": [0.0, 0.025, 0.05, 0.1, 0.15, 0.25, 0.5, 1.0], ""run_generation"": false, ""script"": ""evaluate_redundancy.py"", ""seed"": 0, ""seeds"": [0, 1, 2], ""single_subtopic"": false, ""split"": ""test"", ""top_k"": 10, ""top_m"": 100, ""val_fraction"": 0.2}"
0.15,1,Greedy-DPP,Greedy-DPP,0.0125,0.378,0.3583,0.5003,0.2946,0.4979,0.3691,0.4476,4.6628,6.3e-05,"{""alpha_grid"": [-0.3, -0.2, -0.1, -0.05, 0.0, 0.05, 0.1, 0.2, 0.3, 0.5, 1.0], ""batch_size"": 64, ""chunk_window"": 60, ""dataset"": ""fiqa"", ""device"": ""cuda"", ""dup_noise"": ""light"", ""dup_target"": ""mixed"", ""encode_cache"": true, ""encoder_model"": ""BAAI/bge-m3"", ""experiment"": ""both"", ""gen_max_samples"": 1000, ""gen_methods"": [], ""generator_model"": null, ""lambda_grid"": [0.3, 0.5, 0.7, 0.9], ""max_samples"": null, ""metric"": ""cosine"", ""objective"": ""S-Recall@k"", ""overlap_grid"": [0.0, 0.25, 0.5, 0.75], ""rho_grid"": [0.0, 0.025, 0.05, 0.1, 0.15, 0.25, 0.5, 1.0], ""run_generation"": false, ""script"": ""evaluate_redundancy.py"", ""seed"": 0, ""seeds"": [0, 1, 2], ""single_subtopic"": false, ""split"": ""test"", ""top_k"": 10, ""top_m"": 100, ""val_fraction"": 0.2}"
0.15,1,MMR*,MMR(0.7),0.0125,0.4543,0.4068,0.5211,0.3583,0.598,0.4003,0.3679,3.821,0.000128,"{""alpha_grid"": [-0.3, -0.2, -0.1, -0.05, 0.0, 0.05, 0.1, 0.2, 0.3, 0.5, 1.0], ""batch_size"": 64, ""chunk_window"": 60, ""dataset"": ""fiqa"", ""device"": ""cuda"", ""dup_noise"": ""light"", ""dup_target"": ""mixed"", ""encode_cache"": true, ""encoder_model"": ""BAAI/bge-m3"", ""experiment"": ""both"", ""gen_max_samples"": 1000, ""gen_methods"": [], ""generator_model"": null, ""lambda_grid"": [0.3, 0.5, 0.7, 0.9], ""max_samples"": null, ""metric"": ""cosine"", ""objective"": ""S-Recall@k"", ""overlap_grid"": [0.0, 0.25, 0.5, 0.75], ""rho_grid"": [0.0, 0.025, 0.05, 0.1, 0.15, 0.25, 0.5, 1.0], ""run_generation"": false, ""script"": ""evaluate_redundancy.py"", ""seed"": 0, ""seeds"": [0, 1, 2], ""single_subtopic"": false, ""split"": ""test"", ""top_k"": 10, ""top_m"": 100, ""val_fraction"": 0.2}"
0.15,1,RNG*,RNG(-0.2),0.0125,0.4544,0.4137,0.5252,0.3973,0.5986,0.4066,0.3212,3.3358,0.0,"{""alpha_grid"": [-0.3, -0.2, -0.1, -0.05, 0.0, 0.05, 0.1, 0.2, 0.3, 0.5, 1.0], ""batch_size"": 64, ""chunk_window"": 60, ""dataset"": ""fiqa"", ""device"": ""cuda"", ""dup_noise"": ""light"", ""dup_target"": ""mixed"", ""encode_cache"": true, ""encoder_model"": ""BAAI/bge-m3"", ""experiment"": ""both"", ""gen_max_samples"": 1000, ""gen_methods"": [], ""generator_model"": null, ""lambda_grid"": [0.3, 0.5, 0.7, 0.9], ""max_samples"": null, ""metric"": ""cosine"", ""objective"": ""S-Recall@k"", ""overlap_grid"": [0.0, 0.25, 0.5, 0.75], ""rho_grid"": [0.0, 0.025, 0.05, 0.1, 0.15, 0.25, 0.5, 1.0], ""run_generation"": false, ""script"": ""evaluate_redundancy.py"", ""seed"": 0, ""seeds"": [0, 1, 2], ""single_subtopic"": false, ""split"": ""test"", ""top_k"": 10, ""top_m"": 100, ""val_fraction"": 0.2}"
0.15,1,Seg*,Seg(-0.2),0.0125,0.4536,0.4141,0.5252,0.3932,0.5992,0.4072,0.3246,3.3696,0.0,"{""alpha_grid"": [-0.3, -0.2, -0.1, -0.05, 0.0, 0.05, 0.1, 0.2, 0.3, 0.5, 1.0], ""batch_size"": 64, ""chunk_window"": 60, ""dataset"": ""fiqa"", ""device"": ""cuda"", ""dup_noise"": ""light"", ""dup_target"": ""mixed"", ""encode_cache"": true, ""encoder_model"": ""BAAI/bge-m3"", ""experiment"": ""both"", ""gen_max_samples"": 1000, ""gen_methods"": [], ""generator_model"": null, ""lambda_grid"": [0.3, 0.5, 0.7, 0.9], ""max_samples"": null, ""metric"": ""cosine"", ""objective"": ""S-Recall@k"", ""overlap_grid"": [0.0, 0.25, 0.5, 0.75], ""rho_grid"": [0.0, 0.025, 0.05, 0.1, 0.15, 0.25, 0.5, 1.0], ""run_generation"": false, ""script"": ""evaluate_redundancy.py"", ""seed"": 0, ""seeds"": [0, 1, 2], ""single_subtopic"": false, ""split"": ""test"", ""top_k"": 10, ""top_m"": 100, ""val_fraction"": 0.2}"
0.15,2,kNN,kNN,0.0124,0.4135,0.3777,0.523,0.4789,0.5569,0.3782,0.21,2.3536,,"{""alpha_grid"": [-0.3, -0.2, -0.1, -0.05, 0.0, 0.05, 0.1, 0.2, 0.3, 0.5, 1.0], ""batch_size"": 64, ""chunk_window"": 60, ""dataset"": ""fiqa"", ""device"": ""cuda"", ""dup_noise"": ""light"", ""dup_target"": ""mixed"", ""encode_cache"": true, ""encoder_model"": ""BAAI/bge-m3"", ""experiment"": ""both"", ""gen_max_samples"": 1000, ""gen_methods"": [], ""generator_model"": null, ""lambda_grid"": [0.3, 0.5, 0.7, 0.9], ""max_samples"": null, ""metric"": ""cosine"", ""objective"": ""S-Recall@k"", ""overlap_grid"": [0.0, 0.25, 0.5, 0.75], ""rho_grid"": [0.0, 0.025, 0.05, 0.1, 0.15, 0.25, 0.5, 1.0], ""run_generation"": false, ""script"": ""evaluate_redundancy.py"", ""seed"": 0, ""seeds"": [0, 1, 2], ""single_subtopic"": false, ""split"": ""test"", ""top_k"": 10, ""top_m"": 100, ""val_fraction"": 0.2}"
0.15,2,Maxmin,Maxmin,0.0124,0.2763,0.2979,0.4714,0.2653,0.3752,0.3254,0.4521,4.4664,0.0,"{""alpha_grid"": [-0.3, -0.2, -0.1, -0.05, 0.0, 0.05, 0.1, 0.2, 0.3, 0.5, 1.0], ""batch_size"": 64, ""chunk_window"": 60, ""dataset"": ""fiqa"", ""device"": ""cuda"", ""dup_noise"": ""light"", ""dup_target"": ""mixed"", ""encode_cache"": true, ""encoder_model"": ""BAAI/bge-m3"", ""experiment"": ""both"", ""gen_max_samples"": 1000, ""gen_methods"": [], ""generator_model"": null, ""lambda_grid"": [0.3, 0.5, 0.7, 0.9], ""max_samples"": null, ""metric"": ""cosine"", ""objective"": ""S-Recall@k"", ""overlap_grid"": [0.0, 0.25, 0.5, 0.75], ""rho_grid"": [0.0, 0.025, 0.05, 0.1, 0.15, 0.25, 0.5, 1.0], ""run_generation"": false, ""script"": ""evaluate_redundancy.py"", ""seed"": 0, ""seeds"": [0, 1, 2], ""single_subtopic"": false, ""split"": ""test"", ""top_k"": 10, ""top_m"": 100, ""val_fraction"": 0.2}"
0.15,2,Greedy-DPP,Greedy-DPP,0.0124,0.3735,0.3531,0.5,0.2936,0.4988,0.3617,0.4475,4.6643,0.000136,"{""alpha_grid"": [-0.3, -0.2, -0.1, -0.05, 0.0, 0.05, 0.1, 0.2, 0.3, 0.5, 1.0], ""batch_size"": 64, ""chunk_window"": 60, ""dataset"": ""fiqa"", ""device"": ""cuda"", ""dup_noise"": ""light"", ""dup_target"": ""mixed"", ""encode_cache"": true, ""encoder_model"": ""BAAI/bge-m3"", ""experiment"": ""both"", ""gen_max_samples"": 1000, ""gen_methods"": [], ""generator_model"": null, ""lambda_grid"": [0.3, 0.5, 0.7, 0.9], ""max_samples"": null, ""metric"": ""cosine"", ""objective"": ""S-Recall@k"", ""overlap_grid"": [0.0, 0.25, 0.5, 0.75], ""rho_grid"": [0.0, 0.025, 0.05, 0.1, 0.15, 0.25, 0.5, 1.0], ""run_generation"": false, ""script"": ""evaluate_redundancy.py"", ""seed"": 0, ""seeds"": [0, 1, 2], ""single_subtopic"": false, ""split"": ""test"", ""top_k"": 10, ""top_m"": 100, ""val_fraction"": 0.2}"
0.15,2,MMR*,MMR(0.9),0.0124,0.4347,0.3961,0.5244,0.4583,0.5825,0.3911,0.2537,2.7117,6e-06,"{""alpha_grid"": [-0.3, -0.2, -0.1, -0.05, 0.0, 0.05, 0.1, 0.2, 0.3, 0.5, 1.0], ""batch_size"": 64, ""chunk_window"": 60, ""dataset"": ""fiqa"", ""device"": ""cuda"", ""dup_noise"": ""light"", ""dup_target"": ""mixed"", ""encode_cache"": true, ""encoder_model"": ""BAAI/bge-m3"", ""experiment"": ""both"", ""gen_max_samples"": 1000, ""gen_methods"": [], ""generator_model"": null, ""lambda_grid"": [0.3, 0.5, 0.7, 0.9], ""max_samples"": null, ""metric"": ""cosine"", ""objective"": ""S-Recall@k"", ""overlap_grid"": [0.0, 0.25, 0.5, 0.75], ""rho_grid"": [0.0, 0.025, 0.05, 0.1, 0.15, 0.25, 0.5, 1.0], ""run_generation"": false, ""script"": ""evaluate_redundancy.py"", ""seed"": 0, ""seeds"": [0, 1, 2], ""single_subtopic"": false, ""split"": ""test"", ""top_k"": 10, ""top_m"": 100, ""val_fraction"": 0.2}"
0.15,2,RNG*,RNG(-0.2),0.0124,0.4556,0.4111,0.5249,0.4004,0.6072,0.3994,0.3192,3.3138,0.0,"{""alpha_grid"": [-0.3, -0.2, -0.1, -0.05, 0.0, 0.05, 0.1, 0.2, 0.3, 0.5, 1.0], ""batch_size"": 64, ""chunk_window"": 60, ""dataset"": ""fiqa"", ""device"": ""cuda"", ""dup_noise"": ""light"", ""dup_target"": ""mixed"", ""encode_cache"": true, ""encoder_model"": ""BAAI/bge-m3"", ""experiment"": ""both"", ""gen_max_samples"": 1000, ""gen_methods"": [], ""generator_model"": null, ""lambda_grid"": [0.3, 0.5, 0.7, 0.9], ""max_samples"": null, ""metric"": ""cosine"", ""objective"": ""S-Recall@k"", ""overlap_grid"": [0.0, 0.25, 0.5, 0.75], ""rho_grid"": [0.0, 0.025, 0.05, 0.1, 0.15, 0.25, 0.5, 1.0], ""run_generation"": false, ""script"": ""evaluate_redundancy.py"", ""seed"": 0, ""seeds"": [0, 1, 2], ""single_subtopic"": false, ""split"": ""test"", ""top_k"": 10, ""top_m"": 100, ""val_fraction"": 0.2}"
0.15,2,Seg*,Seg(-0.2),0.0124,0.4526,0.4106,0.5249,0.3962,0.6037,0.3996,0.3223,3.3458,0.0,"{""alpha_grid"": [-0.3, -0.2, -0.1, -0.05, 0.0, 0.05, 0.1, 0.2, 0.3, 0.5, 1.0], ""batch_size"": 64, ""chunk_window"": 60, ""dataset"": ""fiqa"", ""device"": ""cuda"", ""dup_noise"": ""light"", ""dup_target"": ""mixed"", ""encode_cache"": true, ""encoder_model"": ""BAAI/bge-m3"", ""experiment"": ""both"", ""gen_max_samples"": 1000, ""gen_methods"": [], ""generator_model"": null, ""lambda_grid"": [0.3, 0.5, 0.7, 0.9], ""max_samples"": null, ""metric"": ""cosine"", ""objective"": ""S-Recall@k"", ""overlap_grid"": [0.0, 0.25, 0.5, 0.75], ""rho_grid"": [0.0, 0.025, 0.05, 0.1, 0.15, 0.25, 0.5, 1.0], ""run_generation"": false, ""script"": ""evaluate_redundancy.py"", ""seed"": 0, ""seeds"": [0, 1, 2], ""single_subtopic"": false, ""split"": ""test"", ""top_k"": 10, ""top_m"": 100, ""val_fraction"": 0.2}"
0.25,0,kNN,kNN,0.0321,0.4052,0.3814,0.5353,0.4789,0.54,0.3875,0.1874,2.2189,,"{""alpha_grid"": [-0.3, -0.2, -0.1, -0.05, 0.0, 0.05, 0.1, 0.2, 0.3, 0.5, 1.0], ""batch_size"": 64, ""chunk_window"": 60, ""dataset"": ""fiqa"", ""device"": ""cuda"", ""dup_noise"": ""light"", ""dup_target"": ""mixed"", ""encode_cache"": true, ""encoder_model"": ""BAAI/bge-m3"", ""experiment"": ""both"", ""gen_max_samples"": 1000, ""gen_methods"": [], ""generator_model"": null, ""lambda_grid"": [0.3, 0.5, 0.7, 0.9], ""max_samples"": null, ""metric"": ""cosine"", ""objective"": ""S-Recall@k"", ""overlap_grid"": [0.0, 0.25, 0.5, 0.75], ""rho_grid"": [0.0, 0.025, 0.05, 0.1, 0.15, 0.25, 0.5, 1.0], ""run_generation"": false, ""script"": ""evaluate_redundancy.py"", ""seed"": 0, ""seeds"": [0, 1, 2], ""single_subtopic"": false, ""split"": ""test"", ""top_k"": 10, ""top_m"": 100, ""val_fraction"": 0.2}"
0.25,0,Maxmin,Maxmin,0.0321,0.2945,0.3153,0.4863,0.2825,0.3936,0.3414,0.4364,4.2655,0.0,"{""alpha_grid"": [-0.3, -0.2, -0.1, -0.05, 0.0, 0.05, 0.1, 0.2, 0.3, 0.5, 1.0], ""batch_size"": 64, ""chunk_window"": 60, ""dataset"": ""fiqa"", ""device"": ""cuda"", ""dup_noise"": ""light"", ""dup_target"": ""mixed"", ""encode_cache"": true, ""encoder_model"": ""BAAI/bge-m3"", ""experiment"": ""both"", ""gen_max_samples"": 1000, ""gen_methods"": [], ""generator_model"": null, ""lambda_grid"": [0.3, 0.5, 0.7, 0.9], ""max_samples"": null, ""metric"": ""cosine"", ""objective"": ""S-Recall@k"", ""overlap_grid"": [0.0, 0.25, 0.5, 0.75], ""rho_grid"": [0.0, 0.025, 0.05, 0.1, 0.15, 0.25, 0.5, 1.0], ""run_generation"": false, ""script"": ""evaluate_redundancy.py"", ""seed"": 0, ""seeds"": [0, 1, 2], ""single_subtopic"": false, ""split"": ""test"", ""top_k"": 10, ""top_m"": 100, ""val_fraction"": 0.2}"
0.25,0,Greedy-DPP,Greedy-DPP,0.0321,0.389,0.3681,0.5113,0.3023,0.5136,0.3745,0.4443,4.6298,0.078762,"{""alpha_grid"": [-0.3, -0.2, -0.1, -0.05, 0.0, 0.05, 0.1, 0.2, 0.3, 0.5, 1.0], ""batch_size"": 64, ""chunk_window"": 60, ""dataset"": ""fiqa"", ""device"": ""cuda"", ""dup_noise"": ""light"", ""dup_target"": ""mixed"", ""encode_cache"": true, ""encoder_model"": ""BAAI/bge-m3"", ""experiment"": ""both"", ""gen_max_samples"": 1000, ""gen_methods"": [], ""generator_model"": null, ""lambda_grid"": [0.3, 0.5, 0.7, 0.9], ""max_samples"": null, ""metric"": ""cosine"", ""objective"": ""S-Recall@k"", ""overlap_grid"": [0.0, 0.25, 0.5, 0.75], ""rho_grid"": [0.0, 0.025, 0.05, 0.1, 0.15, 0.25, 0.5, 1.0], ""run_generation"": false, ""script"": ""evaluate_redundancy.py"", ""seed"": 0, ""seeds"": [0, 1, 2], ""single_subtopic"": false, ""split"": ""test"", ""top_k"": 10, ""top_m"": 100, ""val_fraction"": 0.2}"
0.25,0,MMR*,MMR(0.9),0.0321,0.433,0.4042,0.5354,0.4653,0.5736,0.4022,0.2338,2.5876,0.0,"{""alpha_grid"": [-0.3, -0.2, -0.1, -0.05, 0.0, 0.05, 0.1, 0.2, 0.3, 0.5, 1.0], ""batch_size"": 64, ""chunk_window"": 60, ""dataset"": ""fiqa"", ""device"": ""cuda"", ""dup_noise"": ""light"", ""dup_target"": ""mixed"", ""encode_cache"": true, ""encoder_model"": ""BAAI/bge-m3"", ""experiment"": ""both"", ""gen_max_samples"": 1000, ""gen_methods"": [], ""generator_model"": null, ""lambda_grid"": [0.3, 0.5, 0.7, 0.9], ""max_samples"": null, ""metric"": ""cosine"", ""objective"": ""S-Recall@k"", ""overlap_grid"": [0.0, 0.25, 0.5, 0.75], ""rho_grid"": [0.0, 0.025, 0.05, 0.1, 0.15, 0.25, 0.5, 1.0], ""run_generation"": false, ""script"": ""evaluate_redundancy.py"", ""seed"": 0, ""seeds"": [0, 1, 2], ""single_subtopic"": false, ""split"": ""test"", ""top_k"": 10, ""top_m"": 100, ""val_fraction"": 0.2}"
0.25,0,RNG*,RNG(-0.2),0.0321,0.4583,0.4213,0.5368,0.4085,0.6042,0.4118,0.3136,3.271,0.0,"{""alpha_grid"": [-0.3, -0.2, -0.1, -0.05, 0.0, 0.05, 0.1, 0.2, 0.3, 0.5, 1.0], ""batch_size"": 64, ""chunk_window"": 60, ""dataset"": ""fiqa"", ""device"": ""cuda"", ""dup_noise"": ""light"", ""dup_target"": ""mixed"", ""encode_cache"": true, ""encoder_model"": ""BAAI/bge-m3"", ""experiment"": ""both"", ""gen_max_samples"": 1000, ""gen_methods"": [], ""generator_model"": null, ""lambda_grid"": [0.3, 0.5, 0.7, 0.9], ""max_samples"": null, ""metric"": ""cosine"", ""objective"": ""S-Recall@k"", ""overlap_grid"": [0.0, 0.25, 0.5, 0.75], ""rho_grid"": [0.0, 0.025, 0.05, 0.1, 0.15, 0.25, 0.5, 1.0], ""run_generation"": false, ""script"": ""evaluate_redundancy.py"", ""seed"": 0, ""seeds"": [0, 1, 2], ""single_subtopic"": false, ""split"": ""test"", ""top_k"": 10, ""top_m"": 100, ""val_fraction"": 0.2}"
0.25,0,Seg*,Seg(-0.2),0.0321,0.4578,0.4215,0.5365,0.4049,0.6042,0.412,0.3174,3.3085,0.0,"{""alpha_grid"": [-0.3, -0.2, -0.1, -0.05, 0.0, 0.05, 0.1, 0.2, 0.3, 0.5, 1.0], ""batch_size"": 64, ""chunk_window"": 60, ""dataset"": ""fiqa"", ""device"": ""cuda"", ""dup_noise"": ""light"", ""dup_target"": ""mixed"", ""encode_cache"": true, ""encoder_model"": ""BAAI/bge-m3"", ""experiment"": ""both"", ""gen_max_samples"": 1000, ""gen_methods"": [], ""generator_model"": null, ""lambda_grid"": [0.3, 0.5, 0.7, 0.9], ""max_samples"": null, ""metric"": ""cosine"", ""objective"": ""S-Recall@k"", ""overlap_grid"": [0.0, 0.25, 0.5, 0.75], ""rho_grid"": [0.0, 0.025, 0.05, 0.1, 0.15, 0.25, 0.5, 1.0], ""run_generation"": false, ""script"": ""evaluate_redundancy.py"", ""seed"": 0, ""seeds"": [0, 1, 2], ""single_subtopic"": false, ""split"": ""test"", ""top_k"": 10, ""top_m"": 100, ""val_fraction"": 0.2}"
0.25,1,kNN,kNN,0.0318,0.3992,0.3745,0.5288,0.4726,0.5306,0.3824,0.1885,2.2337,,"{""alpha_grid"": [-0.3, -0.2, -0.1, -0.05, 0.0, 0.05, 0.1, 0.2, 0.3, 0.5, 1.0], ""batch_size"": 64, ""chunk_window"": 60, ""dataset"": ""fiqa"", ""device"": ""cuda"", ""dup_noise"": ""light"", ""dup_target"": ""mixed"", ""encode_cache"": true, ""encoder_model"": ""BAAI/bge-m3"", ""experiment"": ""both"", ""gen_max_samples"": 1000, ""gen_methods"": [], ""generator_model"": null, ""lambda_grid"": [0.3, 0.5, 0.7, 0.9], ""max_samples"": null, ""metric"": ""cosine"", ""objective"": ""S-Recall@k"", ""overlap_grid"": [0.0, 0.25, 0.5, 0.75], ""rho_grid"": [0.0, 0.025, 0.05, 0.1, 0.15, 0.25, 0.5, 1.0], ""run_generation"": false, ""script"": ""evaluate_redundancy.py"", ""seed"": 0, ""seeds"": [0, 1, 2], ""single_subtopic"": false, ""split"": ""test"", ""top_k"": 10, ""top_m"": 100, ""val_fraction"": 0.2}"
0.25,1,Maxmin,Maxmin,0.0318,0.2939,0.3114,0.4806,0.2763,0.3864,0.336,0.4379,4.2786,0.0,"{""alpha_grid"": [-0.3, -0.2, -0.1, -0.05, 0.0, 0.05, 0.1, 0.2, 0.3, 0.5, 1.0], ""batch_size"": 64, ""chunk_window"": 60, ""dataset"": ""fiqa"", ""device"": ""cuda"", ""dup_noise"": ""light"", ""dup_target"": ""mixed"", ""encode_cache"": true, ""encoder_model"": ""BAAI/bge-m3"", ""experiment"": ""both"", ""gen_max_samples"": 1000, ""gen_methods"": [], ""generator_model"": null, ""lambda_grid"": [0.3, 0.5, 0.7, 0.9], ""max_samples"": null, ""metric"": ""cosine"", ""objective"": ""S-Recall@k"", ""overlap_grid"": [0.0, 0.25, 0.5, 0.75], ""rho_grid"": [0.0, 0.025, 0.05, 0.1, 0.15, 0.25, 0.5, 1.0], ""run_generation"": false, ""script"": ""evaluate_redundancy.py"", ""seed"": 0, ""seeds"": [0, 1, 2], ""single_subtopic"": false, ""split"": ""test"", ""top_k"": 10, ""top_m"": 100, ""val_fraction"": 0.2}"
0.25,1,Greedy-DPP,Greedy-DPP,0.0318,0.3884,0.3623,0.5037,0.2979,0.5092,0.3695,0.4441,4.6283,0.201235,"{""alpha_grid"": [-0.3, -0.2, -0.1, -0.05, 0.0, 0.05, 0.1, 0.2, 0.3, 0.5, 1.0], ""batch_size"": 64, ""chunk_window"": 60, ""dataset"": ""fiqa"", ""device"": ""cuda"", ""dup_noise"": ""light"", ""dup_target"": ""mixed"", ""encode_cache"": true, ""encoder_model"": ""BAAI/bge-m3"", ""experiment"": ""both"", ""gen_max_samples"": 1000, ""gen_methods"": [], ""generator_model"": null, ""lambda_grid"": [0.3, 0.5, 0.7, 0.9], ""max_samples"": null, ""metric"": ""cosine"", ""objective"": ""S-Recall@k"", ""overlap_grid"": [0.0, 0.25, 0.5, 0.75], ""rho_grid"": [0.0, 0.025, 0.05, 0.1, 0.15, 0.25, 0.5, 1.0], ""run_generation"": false, ""script"": ""evaluate_redundancy.py"", ""seed"": 0, ""seeds"": [0, 1, 2], ""single_subtopic"": false, ""split"": ""test"", ""top_k"": 10, ""top_m"": 100, ""val_fraction"": 0.2}"
0.25,1,MMR*,MMR(0.9),0.0318,0.4333,0.3997,0.5321,0.4611,0.5739,0.3992,0.2328,2.5775,0.0,"{""alpha_grid"": [-0.3, -0.2, -0.1, -0.05, 0.0, 0.05, 0.1, 0.2, 0.3, 0.5, 1.0], ""batch_size"": 64, ""chunk_window"": 60, ""dataset"": ""fiqa"", ""device"": ""cuda"", ""dup_noise"": ""light"", ""dup_target"": ""mixed"", ""encode_cache"": true, ""encoder_model"": ""BAAI/bge-m3"", ""experiment"": ""both"", ""gen_max_samples"": 1000, ""gen_methods"": [], ""generator_model"": null, ""lambda_grid"": [0.3, 0.5, 0.7, 0.9], ""max_samples"": null, ""metric"": ""cosine"", ""objective"": ""S-Recall@k"", ""overlap_grid"": [0.0, 0.25, 0.5, 0.75], ""rho_grid"": [0.0, 0.025, 0.05, 0.1, 0.15, 0.25, 0.5, 1.0], ""run_generation"": false, ""script"": ""evaluate_redundancy.py"", ""seed"": 0, ""seeds"": [0, 1, 2], ""single_subtopic"": false, ""split"": ""test"", ""top_k"": 10, ""top_m"": 100, ""val_fraction"": 0.2}"
0.25,1,RNG*,RNG(-0.2),0.0318,0.4568,0.4153,0.5311,0.4041,0.6025,0.4072,0.3142,3.2761,0.0,"{""alpha_grid"": [-0.3, -0.2, -0.1, -0.05, 0.0, 0.05, 0.1, 0.2, 0.3, 0.5, 1.0], ""batch_size"": 64, ""chunk_window"": 60, ""dataset"": ""fiqa"", ""device"": ""cuda"", ""dup_noise"": ""light"", ""dup_target"": ""mixed"", ""encode_cache"": true, ""encoder_model"": ""BAAI/bge-m3"", ""experiment"": ""both"", ""gen_max_samples"": 1000, ""gen_methods"": [], ""generator_model"": null, ""lambda_grid"": [0.3, 0.5, 0.7, 0.9], ""max_samples"": null, ""metric"": ""cosine"", ""objective"": ""S-Recall@k"", ""overlap_grid"": [0.0, 0.25, 0.5, 0.75], ""rho_grid"": [0.0, 0.025, 0.05, 0.1, 0.15, 0.25, 0.5, 1.0], ""run_generation"": false, ""script"": ""evaluate_redundancy.py"", ""seed"": 0, ""seeds"": [0, 1, 2], ""single_subtopic"": false, ""split"": ""test"", ""top_k"": 10, ""top_m"": 100, ""val_fraction"": 0.2}"
0.25,1,Seg*,Seg(-0.2),0.0318,0.4526,0.4142,0.5311,0.4,0.5973,0.4072,0.3175,3.3096,0.0,"{""alpha_grid"": [-0.3, -0.2, -0.1, -0.05, 0.0, 0.05, 0.1, 0.2, 0.3, 0.5, 1.0], ""batch_size"": 64, ""chunk_window"": 60, ""dataset"": ""fiqa"", ""device"": ""cuda"", ""dup_noise"": ""light"", ""dup_target"": ""mixed"", ""encode_cache"": true, ""encoder_model"": ""BAAI/bge-m3"", ""experiment"": ""both"", ""gen_max_samples"": 1000, ""gen_methods"": [], ""generator_model"": null, ""lambda_grid"": [0.3, 0.5, 0.7, 0.9], ""max_samples"": null, ""metric"": ""cosine"", ""objective"": ""S-Recall@k"", ""overlap_grid"": [0.0, 0.25, 0.5, 0.75], ""rho_grid"": [0.0, 0.025, 0.05, 0.1, 0.15, 0.25, 0.5, 1.0], ""run_generation"": false, ""script"": ""evaluate_redundancy.py"", ""seed"": 0, ""seeds"": [0, 1, 2], ""single_subtopic"": false, ""split"": ""test"", ""top_k"": 10, ""top_m"": 100, ""val_fraction"": 0.2}"
0.25,2,kNN,kNN,0.0319,0.3892,0.3685,0.5255,0.4707,0.5283,0.3787,0.1908,2.2417,,"{""alpha_grid"": [-0.3, -0.2, -0.1, -0.05, 0.0, 0.05, 0.1, 0.2, 0.3, 0.5, 1.0], ""batch_size"": 64, ""chunk_window"": 60, ""dataset"": ""fiqa"", ""device"": ""cuda"", ""dup_noise"": ""light"", ""dup_target"": ""mixed"", ""encode_cache"": true, ""encoder_model"": ""BAAI/bge-m3"", ""experiment"": ""both"", ""gen_max_samples"": 1000, ""gen_methods"": [], ""generator_model"": null, ""lambda_grid"": [0.3, 0.5, 0.7, 0.9], ""max_samples"": null, ""metric"": ""cosine"", ""objective"": ""S-Recall@k"", ""overlap_grid"": [0.0, 0.25, 0.5, 0.75], ""rho_grid"": [0.0, 0.025, 0.05, 0.1, 0.15, 0.25, 0.5, 1.0], ""run_generation"": false, ""script"": ""evaluate_redundancy.py"", ""seed"": 0, ""seeds"": [0, 1, 2], ""single_subtopic"": false, ""split"": ""test"", ""top_k"": 10, ""top_m"": 100, ""val_fraction"": 0.2}"
0.25,2,Maxmin,Maxmin,0.0319,0.2952,0.3099,0.4823,0.279,0.3919,0.3353,0.4367,4.2535,0.0,"{""alpha_grid"": [-0.3, -0.2, -0.1, -0.05, 0.0, 0.05, 0.1, 0.2, 0.3, 0.5, 1.0], ""batch_size"": 64, ""chunk_window"": 60, ""dataset"": ""fiqa"", ""device"": ""cuda"", ""dup_noise"": ""light"", ""dup_target"": ""mixed"", ""encode_cache"": true, ""encoder_model"": ""BAAI/bge-m3"", ""experiment"": ""both"", ""gen_max_samples"": 1000, ""gen_methods"": [], ""generator_model"": null, ""lambda_grid"": [0.3, 0.5, 0.7, 0.9], ""max_samples"": null, ""metric"": ""cosine"", ""objective"": ""S-Recall@k"", ""overlap_grid"": [0.0, 0.25, 0.5, 0.75], ""rho_grid"": [0.0, 0.025, 0.05, 0.1, 0.15, 0.25, 0.5, 1.0], ""run_generation"": false, ""script"": ""evaluate_redundancy.py"", ""seed"": 0, ""seeds"": [0, 1, 2], ""single_subtopic"": false, ""split"": ""test"", ""top_k"": 10, ""top_m"": 100, ""val_fraction"": 0.2}"
0.25,2,Greedy-DPP,Greedy-DPP,0.0319,0.3749,0.3587,0.5058,0.2984,0.5033,0.3685,0.4437,4.6243,0.104821,"{""alpha_grid"": [-0.3, -0.2, -0.1, -0.05, 0.0, 0.05, 0.1, 0.2, 0.3, 0.5, 1.0], ""batch_size"": 64, ""chunk_window"": 60, ""dataset"": ""fiqa"", ""device"": ""cuda"", ""dup_noise"": ""light"", ""dup_target"": ""mixed"", ""encode_cache"": true, ""encoder_model"": ""BAAI/bge-m3"", ""experiment"": ""both"", ""gen_max_samples"": 1000, ""gen_methods"": [], ""generator_model"": null, ""lambda_grid"": [0.3, 0.5, 0.7, 0.9], ""max_samples"": null, ""metric"": ""cosine"", ""objective"": ""S-Recall@k"", ""overlap_grid"": [0.0, 0.25, 0.5, 0.75], ""rho_grid"": [0.0, 0.025, 0.05, 0.1, 0.15, 0.25, 0.5, 1.0], ""run_generation"": false, ""script"": ""evaluate_redundancy.py"", ""seed"": 0, ""seeds"": [0, 1, 2], ""single_subtopic"": false, ""split"": ""test"", ""top_k"": 10, ""top_m"": 100, ""val_fraction"": 0.2}"
0.25,2,MMR*,MMR(0.7),0.0319,0.4437,0.4044,0.5227,0.3609,0.5931,0.3973,0.3631,3.7714,0.0,"{""alpha_grid"": [-0.3, -0.2, -0.1, -0.05, 0.0, 0.05, 0.1, 0.2, 0.3, 0.5, 1.0], ""batch_size"": 64, ""chunk_window"": 60, ""dataset"": ""fiqa"", ""device"": ""cuda"", ""dup_noise"": ""light"", ""dup_target"": ""mixed"", ""encode_cache"": true, ""encoder_model"": ""BAAI/bge-m3"", ""experiment"": ""both"", ""gen_max_samples"": 1000, ""gen_methods"": [], ""generator_model"": null, ""lambda_grid"": [0.3, 0.5, 0.7, 0.9], ""max_samples"": null, ""metric"": ""cosine"", ""objective"": ""S-Recall@k"", ""overlap_grid"": [0.0, 0.25, 0.5, 0.75], ""rho_grid"": [0.0, 0.025, 0.05, 0.1, 0.15, 0.25, 0.5, 1.0], ""run_generation"": false, ""script"": ""evaluate_redundancy.py"", ""seed"": 0, ""seeds"": [0, 1, 2], ""single_subtopic"": false, ""split"": ""test"", ""top_k"": 10, ""top_m"": 100, ""val_fraction"": 0.2}"
0.25,2,RNG*,RNG(-0.2),0.0319,0.4497,0.4113,0.5281,0.409,0.6083,0.4039,0.3127,3.2584,0.0,"{""alpha_grid"": [-0.3, -0.2, -0.1, -0.05, 0.0, 0.05, 0.1, 0.2, 0.3, 0.5, 1.0], ""batch_size"": 64, ""chunk_window"": 60, ""dataset"": ""fiqa"", ""device"": ""cuda"", ""dup_noise"": ""light"", ""dup_target"": ""mixed"", ""encode_cache"": true, ""encoder_model"": ""BAAI/bge-m3"", ""experiment"": ""both"", ""gen_max_samples"": 1000, ""gen_methods"": [], ""generator_model"": null, ""lambda_grid"": [0.3, 0.5, 0.7, 0.9], ""max_samples"": null, ""metric"": ""cosine"", ""objective"": ""S-Recall@k"", ""overlap_grid"": [0.0, 0.25, 0.5, 0.75], ""rho_grid"": [0.0, 0.025, 0.05, 0.1, 0.15, 0.25, 0.5, 1.0], ""run_generation"": false, ""script"": ""evaluate_redundancy.py"", ""seed"": 0, ""seeds"": [0, 1, 2], ""single_subtopic"": false, ""split"": ""test"", ""top_k"": 10, ""top_m"": 100, ""val_fraction"": 0.2}"
0.25,2,Seg*,Seg(-0.2),0.0319,0.4476,0.4108,0.5279,0.4057,0.6057,0.4037,0.3156,3.2873,0.0,"{""alpha_grid"": [-0.3, -0.2, -0.1, -0.05, 0.0, 0.05, 0.1, 0.2, 0.3, 0.5, 1.0], ""batch_size"": 64, ""chunk_window"": 60, ""dataset"": ""fiqa"", ""device"": ""cuda"", ""dup_noise"": ""light"", ""dup_target"": ""mixed"", ""encode_cache"": true, ""encoder_model"": ""BAAI/bge-m3"", ""experiment"": ""both"", ""gen_max_samples"": 1000, ""gen_methods"": [], ""generator_model"": null, ""lambda_grid"": [0.3, 0.5, 0.7, 0.9], ""max_samples"": null, ""metric"": ""cosine"", ""objective"": ""S-Recall@k"", ""overlap_grid"": [0.0, 0.25, 0.5, 0.75], ""rho_grid"": [0.0, 0.025, 0.05, 0.1, 0.15, 0.25, 0.5, 1.0], ""run_generation"": false, ""script"": ""evaluate_redundancy.py"", ""seed"": 0, ""seeds"": [0, 1, 2], ""single_subtopic"": false, ""split"": ""test"", ""top_k"": 10, ""top_m"": 100, ""val_fraction"": 0.2}"
0.5,0,kNN,kNN,0.116,0.3861,0.3695,0.535,0.4688,0.5134,0.3815,0.1712,2.0822,,"{""alpha_grid"": [-0.3, -0.2, -0.1, -0.05, 0.0, 0.05, 0.1, 0.2, 0.3, 0.5, 1.0], ""batch_size"": 64, ""chunk_window"": 60, ""dataset"": ""fiqa"", ""device"": ""cuda"", ""dup_noise"": ""light"", ""dup_target"": ""mixed"", ""encode_cache"": true, ""encoder_model"": ""BAAI/bge-m3"", ""experiment"": ""both"", ""gen_max_samples"": 1000, ""gen_methods"": [], ""generator_model"": null, ""lambda_grid"": [0.3, 0.5, 0.7, 0.9], ""max_samples"": null, ""metric"": ""cosine"", ""objective"": ""S-Recall@k"", ""overlap_grid"": [0.0, 0.25, 0.5, 0.75], ""rho_grid"": [0.0, 0.025, 0.05, 0.1, 0.15, 0.25, 0.5, 1.0], ""run_generation"": false, ""script"": ""evaluate_redundancy.py"", ""seed"": 0, ""seeds"": [0, 1, 2], ""single_subtopic"": false, ""split"": ""test"", ""top_k"": 10, ""top_m"": 100, ""val_fraction"": 0.2}"
0.5,0,Maxmin,Maxmin,0.116,0.324,0.3299,0.4982,0.3066,0.4317,0.3523,0.4066,3.8786,8e-06,"{""alpha_grid"": [-0.3, -0.2, -0.1, -0.05, 0.0, 0.05, 0.1, 0.2, 0.3, 0.5, 1.0], ""batch_size"": 64, ""chunk_window"": 60, ""dataset"": ""fiqa"", ""device"": ""cuda"", ""dup_noise"": ""light"", ""dup_target"": ""mixed"", ""encode_cache"": true, ""encoder_model"": ""BAAI/bge-m3"", ""experiment"": ""both"", ""gen_max_samples"": 1000, ""gen_methods"": [], ""generator_model"": null, ""lambda_grid"": [0.3, 0.5, 0.7, 0.9], ""max_samples"": null, ""metric"": ""cosine"", ""objective"": ""S-Recall@k"", ""overlap_grid"": [0.0, 0.25, 0.5, 0.75], ""rho_grid"": [0.0, 0.025, 0.05, 0.1, 0.15, 0.25, 0.5, 1.0], ""run_generation"": false, ""script"": ""evaluate_redundancy.py"", ""seed"": 0, ""seeds"": [0, 1, 2], ""single_subtopic"": false, ""split"": ""test"", ""top_k"": 10, ""top_m"": 100, ""val_fraction"": 0.2}"
0.5,0,Greedy-DPP,Greedy-DPP,0.116,0.3994,0.3751,0.5186,0.3085,0.5273,0.38,0.4316,4.4998,0.299938,"{""alpha_grid"": [-0.3, -0.2, -0.1, -0.05, 0.0, 0.05, 0.1, 0.2, 0.3, 0.5, 1.0], ""batch_size"": 64, ""chunk_window"": 60, ""dataset"": ""fiqa"", ""device"": ""cuda"", ""dup_noise"": ""light"", ""dup_target"": ""mixed"", ""encode_cache"": true, ""encoder_model"": ""BAAI/bge-m3"", ""experiment"": ""both"", ""gen_max_samples"": 1000, ""gen_methods"": [], ""generator_model"": null, ""lambda_grid"": [0.3, 0.5, 0.7, 0.9], ""max_samples"": null, ""metric"": ""cosine"", ""objective"": ""S-Recall@k"", ""overlap_grid"": [0.0, 0.25, 0.5, 0.75], ""rho_grid"": [0.0, 0.025, 0.05, 0.1, 0.15, 0.25, 0.5, 1.0], ""run_generation"": false, ""script"": ""evaluate_redundancy.py"", ""seed"": 0, ""seeds"": [0, 1, 2], ""single_subtopic"": false, ""split"": ""test"", ""top_k"": 10, ""top_m"": 100, ""val_fraction"": 0.2}"
0.5,0,MMR*,MMR(0.7),0.116,0.455,0.4161,0.534,0.3732,0.5981,0.407,0.3557,3.7045,0.0,"{""alpha_grid"": [-0.3, -0.2, -0.1, -0.05, 0.0, 0.05, 0.1, 0.2, 0.3, 0.5, 1.0], ""batch_size"": 64, ""chunk_window"": 60, ""dataset"": ""fiqa"", ""device"": ""cuda"", ""dup_noise"": ""light"", ""dup_target"": ""mixed"", ""encode_cache"": true, ""encoder_model"": ""BAAI/bge-m3"", ""experiment"": ""both"", ""gen_max_samples"": 1000, ""gen_methods"": [], ""generator_model"": null, ""lambda_grid"": [0.3, 0.5, 0.7, 0.9], ""max_samples"": null, ""metric"": ""cosine"", ""objective"": ""S-Recall@k"", ""overlap_grid"": [0.0, 0.25, 0.5, 0.75], ""rho_grid"": [0.0, 0.025, 0.05, 0.1, 0.15, 0.25, 0.5, 1.0], ""run_generation"": false, ""script"": ""evaluate_redundancy.py"", ""seed"": 0, ""seeds"": [0, 1, 2], ""single_subtopic"": false, ""split"": ""test"", ""top_k"": 10, ""top_m"": 100, ""val_fraction"": 0.2}"
0.5,0,RNG*,RNG(-0.2),0.116,0.4625,0.4228,0.5402,0.4188,0.612,0.4136,0.3052,3.1953,0.0,"{""alpha_grid"": [-0.3, -0.2, -0.1, -0.05, 0.0, 0.05, 0.1, 0.2, 0.3, 0.5, 1.0], ""batch_size"": 64, ""chunk_window"": 60, ""dataset"": ""fiqa"", ""device"": ""cuda"", ""dup_noise"": ""light"", ""dup_target"": ""mixed"", ""encode_cache"": true, ""encoder_model"": ""BAAI/bge-m3"", ""experiment"": ""both"", ""gen_max_samples"": 1000, ""gen_methods"": [], ""generator_model"": null, ""lambda_grid"": [0.3, 0.5, 0.7, 0.9], ""max_samples"": null, ""metric"": ""cosine"", ""objective"": ""S-Recall@k"", ""overlap_grid"": [0.0, 0.25, 0.5, 0.75], ""rho_grid"": [0.0, 0.025, 0.05, 0.1, 0.15, 0.25, 0.5, 1.0], ""run_generation"": false, ""script"": ""evaluate_redundancy.py"", ""seed"": 0, ""seeds"": [0, 1, 2], ""single_subtopic"": false, ""split"": ""test"", ""top_k"": 10, ""top_m"": 100, ""val_fraction"": 0.2}"
0.5,0,Seg*,Seg(-0.2),0.116,0.459,0.4218,0.5399,0.4156,0.6079,0.4134,0.3087,3.2297,0.0,"{""alpha_grid"": [-0.3, -0.2, -0.1, -0.05, 0.0, 0.05, 0.1, 0.2, 0.3, 0.5, 1.0], ""batch_size"": 64, ""chunk_window"": 60, ""dataset"": ""fiqa"", ""device"": ""cuda"", ""dup_noise"": ""light"", ""dup_target"": ""mixed"", ""encode_cache"": true, ""encoder_model"": ""BAAI/bge-m3"", ""experiment"": ""both"", ""gen_max_samples"": 1000, ""gen_methods"": [], ""generator_model"": null, ""lambda_grid"": [0.3, 0.5, 0.7, 0.9], ""max_samples"": null, ""metric"": ""cosine"", ""objective"": ""S-Recall@k"", ""overlap_grid"": [0.0, 0.25, 0.5, 0.75], ""rho_grid"": [0.0, 0.025, 0.05, 0.1, 0.15, 0.25, 0.5, 1.0], ""run_generation"": false, ""script"": ""evaluate_redundancy.py"", ""seed"": 0, ""seeds"": [0, 1, 2], ""single_subtopic"": false, ""split"": ""test"", ""top_k"": 10, ""top_m"": 100, ""val_fraction"": 0.2}"
0.5,1,kNN,kNN,0.1157,0.3878,0.37,0.5324,0.4713,0.5228,0.3852,0.1709,2.0844,,"{""alpha_grid"": [-0.3, -0.2, -0.1, -0.05, 0.0, 0.05, 0.1, 0.2, 0.3, 0.5, 1.0], ""batch_size"": 64, ""chunk_window"": 60, ""dataset"": ""fiqa"", ""device"": ""cuda"", ""dup_noise"": ""light"", ""dup_target"": ""mixed"", ""encode_cache"": true, ""encoder_model"": ""BAAI/bge-m3"", ""experiment"": ""both"", ""gen_max_samples"": 1000, ""gen_methods"": [], ""generator_model"": null, ""lambda_grid"": [0.3, 0.5, 0.7, 0.9], ""max_samples"": null, ""metric"": ""cosine"", ""objective"": ""S-Recall@k"", ""overlap_grid"": [0.0, 0.25, 0.5, 0.75], ""rho_grid"": [0.0, 0.025, 0.05, 0.1, 0.15, 0.25, 0.5, 1.0], ""run_generation"": false, ""script"": ""evaluate_redundancy.py"", ""seed"": 0, ""seeds"": [0, 1, 2], ""single_subtopic"": false, ""split"": ""test"", ""top_k"": 10, ""top_m"": 100, ""val_fraction"": 0.2}"
0.5,1,Maxmin,Maxmin,0.1157,0.3233,0.3284,0.4894,0.3055,0.4294,0.3499,0.4058,3.8634,0.0,"{""alpha_grid"": [-0.3, -0.2, -0.1, -0.05, 0.0, 0.05, 0.1, 0.2, 0.3, 0.5, 1.0], ""batch_size"": 64, ""chunk_window"": 60, ""dataset"": ""fiqa"", ""device"": ""cuda"", ""dup_noise"": ""light"", ""dup_target"": ""mixed"", ""encode_cache"": true, ""encoder_model"": ""BAAI/bge-m3"", ""experiment"": ""both"", ""gen_max_samples"": 1000, ""gen_methods"": [], ""generator_model"": null, ""lambda_grid"": [0.3, 0.5, 0.7, 0.9], ""max_samples"": null, ""metric"": ""cosine"", ""objective"": ""S-Recall@k"", ""overlap_grid"": [0.0, 0.25, 0.5, 0.75], ""rho_grid"": [0.0, 0.025, 0.05, 0.1, 0.15, 0.25, 0.5, 1.0], ""run_generation"": false, ""script"": ""evaluate_redundancy.py"", ""seed"": 0, ""seeds"": [0, 1, 2], ""single_subtopic"": false, ""split"": ""test"", ""top_k"": 10, ""top_m"": 100, ""val_fraction"": 0.2}"
0.5,1,Greedy-DPP,Greedy-DPP,0.1157,0.3989,0.3707,0.5092,0.306,0.5297,0.3781,0.4322,4.507,0.583552,"{""alpha_grid"": [-0.3, -0.2, -0.1, -0.05, 0.0, 0.05, 0.1, 0.2, 0.3, 0.5, 1.0], ""batch_size"": 64, ""chunk_window"": 60, ""dataset"": ""fiqa"", ""device"": ""cuda"", ""dup_noise"": ""light"", ""dup_target"": ""mixed"", ""encode_cache"": true, ""encoder_model"": ""BAAI/bge-m3"", ""experiment"": ""both"", ""gen_max_samples"": 1000, ""gen_methods"": [], ""generator_model"": null, ""lambda_grid"": [0.3, 0.5, 0.7, 0.9], ""max_samples"": null, ""metric"": ""cosine"", ""objective"": ""S-Recall@k"", ""overlap_grid"": [0.0, 0.25, 0.5, 0.75], ""rho_grid"": [0.0, 0.025, 0.05, 0.1, 0.15, 0.25, 0.5, 1.0], ""run_generation"": false, ""script"": ""evaluate_redundancy.py"", ""seed"": 0, ""seeds"": [0, 1, 2], ""single_subtopic"": false, ""split"": ""test"", ""top_k"": 10, ""top_m"": 100, ""val_fraction"": 0.2}"
0.5,1,MMR*,MMR(0.7),0.1157,0.4459,0.408,0.5262,0.365,0.5926,0.4042,0.3572,3.7229,0.0,"{""alpha_grid"": [-0.3, -0.2, -0.1, -0.05, 0.0, 0.05, 0.1, 0.2, 0.3, 0.5, 1.0], ""batch_size"": 64, ""chunk_window"": 60, ""dataset"": ""fiqa"", ""device"": ""cuda"", ""dup_noise"": ""light"", ""dup_target"": ""mixed"", ""encode_cache"": true, ""encoder_model"": ""BAAI/bge-m3"", ""experiment"": ""both"", ""gen_max_samples"": 1000, ""gen_methods"": [], ""generator_model"": null, ""lambda_grid"": [0.3, 0.5, 0.7, 0.9], ""max_samples"": null, ""metric"": ""cosine"", ""objective"": ""S-Recall@k"", ""overlap_grid"": [0.0, 0.25, 0.5, 0.75], ""rho_grid"": [0.0, 0.025, 0.05, 0.1, 0.15, 0.25, 0.5, 1.0], ""run_generation"": false, ""script"": ""evaluate_redundancy.py"", ""seed"": 0, ""seeds"": [0, 1, 2], ""single_subtopic"": false, ""split"": ""test"", ""top_k"": 10, ""top_m"": 100, ""val_fraction"": 0.2}"
0.5,1,RNG*,RNG(-0.2),0.1157,0.4563,0.4176,0.5354,0.4149,0.607,0.4133,0.3053,3.1925,0.0,"{""alpha_grid"": [-0.3, -0.2, -0.1, -0.05, 0.0, 0.05, 0.1, 0.2, 0.3, 0.5, 1.0], ""batch_size"": 64, ""chunk_window"": 60, ""dataset"": ""fiqa"", ""device"": ""cuda"", ""dup_noise"": ""light"", ""dup_target"": ""mixed"", ""encode_cache"": true, ""encoder_model"": ""BAAI/bge-m3"", ""experiment"": ""both"", ""gen_max_samples"": 1000, ""gen_methods"": [], ""generator_model"": null, ""lambda_grid"": [0.3, 0.5, 0.7, 0.9], ""max_samples"": null, ""metric"": ""cosine"", ""objective"": ""S-Recall@k"", ""overlap_grid"": [0.0, 0.25, 0.5, 0.75], ""rho_grid"": [0.0, 0.025, 0.05, 0.1, 0.15, 0.25, 0.5, 1.0], ""run_generation"": false, ""script"": ""evaluate_redundancy.py"", ""seed"": 0, ""seeds"": [0, 1, 2], ""single_subtopic"": false, ""split"": ""test"", ""top_k"": 10, ""top_m"": 100, ""val_fraction"": 0.2}"
0.5,1,Seg*,Seg(-0.2),0.1157,0.4542,0.4171,0.535,0.4111,0.6052,0.4132,0.3091,3.2298,0.0,"{""alpha_grid"": [-0.3, -0.2, -0.1, -0.05, 0.0, 0.05, 0.1, 0.2, 0.3, 0.5, 1.0], ""batch_size"": 64, ""chunk_window"": 60, ""dataset"": ""fiqa"", ""device"": ""cuda"", ""dup_noise"": ""light"", ""dup_target"": ""mixed"", ""encode_cache"": true, ""encoder_model"": ""BAAI/bge-m3"", ""experiment"": ""both"", ""gen_max_samples"": 1000, ""gen_methods"": [], ""generator_model"": null, ""lambda_grid"": [0.3, 0.5, 0.7, 0.9], ""max_samples"": null, ""metric"": ""cosine"", ""objective"": ""S-Recall@k"", ""overlap_grid"": [0.0, 0.25, 0.5, 0.75], ""rho_grid"": [0.0, 0.025, 0.05, 0.1, 0.15, 0.25, 0.5, 1.0], ""run_generation"": false, ""script"": ""evaluate_redundancy.py"", ""seed"": 0, ""seeds"": [0, 1, 2], ""single_subtopic"": false, ""split"": ""test"", ""top_k"": 10, ""top_m"": 100, ""val_fraction"": 0.2}"
0.5,2,kNN,kNN,0.1157,0.3727,0.3629,0.5341,0.4652,0.5077,0.3808,0.1724,2.0906,,"{""alpha_grid"": [-0.3, -0.2, -0.1, -0.05, 0.0, 0.05, 0.1, 0.2, 0.3, 0.5, 1.0], ""batch_size"": 64, ""chunk_window"": 60, ""dataset"": ""fiqa"", ""device"": ""cuda"", ""dup_noise"": ""light"", ""dup_target"": ""mixed"", ""encode_cache"": true, ""encoder_model"": ""BAAI/bge-m3"", ""experiment"": ""both"", ""gen_max_samples"": 1000, ""gen_methods"": [], ""generator_model"": null, ""lambda_grid"": [0.3, 0.5, 0.7, 0.9], ""max_samples"": null, ""metric"": ""cosine"", ""objective"": ""S-Recall@k"", ""overlap_grid"": [0.0, 0.25, 0.5, 0.75], ""rho_grid"": [0.0, 0.025, 0.05, 0.1, 0.15, 0.25, 0.5, 1.0], ""run_generation"": false, ""script"": ""evaluate_redundancy.py"", ""seed"": 0, ""seeds"": [0, 1, 2], ""single_subtopic"": false, ""split"": ""test"", ""top_k"": 10, ""top_m"": 100, ""val_fraction"": 0.2}"
0.5,2,Maxmin,Maxmin,0.1157,0.3227,0.3295,0.502,0.309,0.4395,0.3542,0.4061,3.8972,6.6e-05,"{""alpha_grid"": [-0.3, -0.2, -0.1, -0.05, 0.0, 0.05, 0.1, 0.2, 0.3, 0.5, 1.0], ""batch_size"": 64, ""chunk_window"": 60, ""dataset"": ""fiqa"", ""device"": ""cuda"", ""dup_noise"": ""light"", ""dup_target"": ""mixed"", ""encode_cache"": true, ""encoder_model"": ""BAAI/bge-m3"", ""experiment"": ""both"", ""gen_max_samples"": 1000, ""gen_methods"": [], ""generator_model"": null, ""lambda_grid"": [0.3, 0.5, 0.7, 0.9], ""max_samples"": null, ""metric"": ""cosine"", ""objective"": ""S-Recall@k"", ""overlap_grid"": [0.0, 0.25, 0.5, 0.75], ""rho_grid"": [0.0, 0.025, 0.05, 0.1, 0.15, 0.25, 0.5, 1.0], ""run_generation"": false, ""script"": ""evaluate_redundancy.py"", ""seed"": 0, ""seeds"": [0, 1, 2], ""single_subtopic"": false, ""split"": ""test"", ""top_k"": 10, ""top_m"": 100, ""val_fraction"": 0.2}"
0.5,2,Greedy-DPP,Greedy-DPP,0.1157,0.3959,0.3721,0.5192,0.3097,0.5314,0.3803,0.4322,4.5053,0.135511,"{""alpha_grid"": [-0.3, -0.2, -0.1, -0.05, 0.0, 0.05, 0.1, 0.2, 0.3, 0.5, 1.0], ""batch_size"": 64, ""chunk_window"": 60, ""dataset"": ""fiqa"", ""device"": ""cuda"", ""dup_noise"": ""light"", ""dup_target"": ""mixed"", ""encode_cache"": true, ""encoder_model"": ""BAAI/bge-m3"", ""experiment"": ""both"", ""gen_max_samples"": 1000, ""gen_methods"": [], ""generator_model"": null, ""lambda_grid"": [0.3, 0.5, 0.7, 0.9], ""max_samples"": null, ""metric"": ""cosine"", ""objective"": ""S-Recall@k"", ""overlap_grid"": [0.0, 0.25, 0.5, 0.75], ""rho_grid"": [0.0, 0.025, 0.05, 0.1, 0.15, 0.25, 0.5, 1.0], ""run_generation"": false, ""script"": ""evaluate_redundancy.py"", ""seed"": 0, ""seeds"": [0, 1, 2], ""single_subtopic"": false, ""split"": ""test"", ""top_k"": 10, ""top_m"": 100, ""val_fraction"": 0.2}"
0.5,2,MMR*,MMR(0.7),0.1157,0.4433,0.4105,0.5325,0.3681,0.592,0.406,0.3575,3.7193,0.0,"{""alpha_grid"": [-0.3, -0.2, -0.1, -0.05, 0.0, 0.05, 0.1, 0.2, 0.3, 0.5, 1.0], ""batch_size"": 64, ""chunk_window"": 60, ""dataset"": ""fiqa"", ""device"": ""cuda"", ""dup_noise"": ""light"", ""dup_target"": ""mixed"", ""encode_cache"": true, ""encoder_model"": ""BAAI/bge-m3"", ""experiment"": ""both"", ""gen_max_samples"": 1000, ""gen_methods"": [], ""generator_model"": null, ""lambda_grid"": [0.3, 0.5, 0.7, 0.9], ""max_samples"": null, ""metric"": ""cosine"", ""objective"": ""S-Recall@k"", ""overlap_grid"": [0.0, 0.25, 0.5, 0.75], ""rho_grid"": [0.0, 0.025, 0.05, 0.1, 0.15, 0.25, 0.5, 1.0], ""run_generation"": false, ""script"": ""evaluate_redundancy.py"", ""seed"": 0, ""seeds"": [0, 1, 2], ""single_subtopic"": false, ""split"": ""test"", ""top_k"": 10, ""top_m"": 100, ""val_fraction"": 0.2}"
0.5,2,RNG*,RNG(-0.2),0.1157,0.4505,0.4138,0.5374,0.415,0.6097,0.4095,0.3037,3.1765,0.0,"{""alpha_grid"": [-0.3, -0.2, -0.1, -0.05, 0.0, 0.05, 0.1, 0.2, 0.3, 0.5, 1.0], ""batch_size"": 64, ""chunk_window"": 60, ""dataset"": ""fiqa"", ""device"": ""cuda"", ""dup_noise"": ""light"", ""dup_target"": ""mixed"", ""encode_cache"": true, ""encoder_model"": ""BAAI/bge-m3"", ""experiment"": ""both"", ""gen_max_samples"": 1000, ""gen_methods"": [], ""generator_model"": null, ""lambda_grid"": [0.3, 0.5, 0.7, 0.9], ""max_samples"": null, ""metric"": ""cosine"", ""objective"": ""S-Recall@k"", ""overlap_grid"": [0.0, 0.25, 0.5, 0.75], ""rho_grid"": [0.0, 0.025, 0.05, 0.1, 0.15, 0.25, 0.5, 1.0], ""run_generation"": false, ""script"": ""evaluate_redundancy.py"", ""seed"": 0, ""seeds"": [0, 1, 2], ""single_subtopic"": false, ""split"": ""test"", ""top_k"": 10, ""top_m"": 100, ""val_fraction"": 0.2}"
0.5,2,Seg*,Seg(-0.2),0.1157,0.4497,0.4141,0.5373,0.4122,0.6087,0.4098,0.3069,3.2069,0.0,"{""alpha_grid"": [-0.3, -0.2, -0.1, -0.05, 0.0, 0.05, 0.1, 0.2, 0.3, 0.5, 1.0], ""batch_size"": 64, ""chunk_window"": 60, ""dataset"": ""fiqa"", ""device"": ""cuda"", ""dup_noise"": ""light"", ""dup_target"": ""mixed"", ""encode_cache"": true, ""encoder_model"": ""BAAI/bge-m3"", ""experiment"": ""both"", ""gen_max_samples"": 1000, ""gen_methods"": [], ""generator_model"": null, ""lambda_grid"": [0.3, 0.5, 0.7, 0.9], ""max_samples"": null, ""metric"": ""cosine"", ""objective"": ""S-Recall@k"", ""overlap_grid"": [0.0, 0.25, 0.5, 0.75], ""rho_grid"": [0.0, 0.025, 0.05, 0.1, 0.15, 0.25, 0.5, 1.0], ""run_generation"": false, ""script"": ""evaluate_redundancy.py"", ""seed"": 0, ""seeds"": [0, 1, 2], ""single_subtopic"": false, ""split"": ""test"", ""top_k"": 10, ""top_m"": 100, ""val_fraction"": 0.2}"
1.0,0,kNN,kNN,0.3563,0.3794,0.3697,0.5456,0.4727,0.5108,0.3893,0.159,1.9643,,"{""alpha_grid"": [-0.3, -0.2, -0.1, -0.05, 0.0, 0.05, 0.1, 0.2, 0.3, 0.5, 1.0], ""batch_size"": 64, ""chunk_window"": 60, ""dataset"": ""fiqa"", ""device"": ""cuda"", ""dup_noise"": ""light"", ""dup_target"": ""mixed"", ""encode_cache"": true, ""encoder_model"": ""BAAI/bge-m3"", ""experiment"": ""both"", ""gen_max_samples"": 1000, ""gen_methods"": [], ""generator_model"": null, ""lambda_grid"": [0.3, 0.5, 0.7, 0.9], ""max_samples"": null, ""metric"": ""cosine"", ""objective"": ""S-Recall@k"", ""overlap_grid"": [0.0, 0.25, 0.5, 0.75], ""rho_grid"": [0.0, 0.025, 0.05, 0.1, 0.15, 0.25, 0.5, 1.0], ""run_generation"": false, ""script"": ""evaluate_redundancy.py"", ""seed"": 0, ""seeds"": [0, 1, 2], ""single_subtopic"": false, ""split"": ""test"", ""top_k"": 10, ""top_m"": 100, ""val_fraction"": 0.2}"
1.0,0,Maxmin,Maxmin,0.3563,0.4323,0.4049,0.5456,0.4726,0.5814,0.4132,0.2753,2.6911,2e-06,"{""alpha_grid"": [-0.3, -0.2, -0.1, -0.05, 0.0, 0.05, 0.1, 0.2, 0.3, 0.5, 1.0], ""batch_size"": 64, ""chunk_window"": 60, ""dataset"": ""fiqa"", ""device"": ""cuda"", ""dup_noise"": ""light"", ""dup_target"": ""mixed"", ""encode_cache"": true, ""encoder_model"": ""BAAI/bge-m3"", ""experiment"": ""both"", ""gen_max_samples"": 1000, ""gen_methods"": [], ""generator_model"": null, ""lambda_grid"": [0.3, 0.5, 0.7, 0.9], ""max_samples"": null, ""metric"": ""cosine"", ""objective"": ""S-Recall@k"", ""overlap_grid"": [0.0, 0.25, 0.5, 0.75], ""rho_grid"": [0.0, 0.025, 0.05, 0.1, 0.15, 0.25, 0.5, 1.0], ""run_generation"": false, ""script"": ""evaluate_redundancy.py"", ""seed"": 0, ""seeds"": [0, 1, 2], ""single_subtopic"": false, ""split"": ""test"", ""top_k"": 10, ""top_m"": 100, ""val_fraction"": 0.2}"
1.0,0,Greedy-DPP,Greedy-DPP,0.3563,0.4746,0.4254,0.5398,0.4339,0.6303,0.4165,0.3221,3.4375,0.0,"{""alpha_grid"": [-0.3, -0.2, -0.1, -0.05, 0.0, 0.05, 0.1, 0.2, 0.3, 0.5, 1.0], ""batch_size"": 64, ""chunk_window"": 60, ""dataset"": ""fiqa"", ""device"": ""cuda"", ""dup_noise"": ""light"", ""dup_target"": ""mixed"", ""encode_cache"": true, ""encoder_model"": ""BAAI/bge-m3"", ""experiment"": ""both"", ""gen_max_samples"": 1000, ""gen_methods"": [], ""generator_model"": null, ""lambda_grid"": [0.3, 0.5, 0.7, 0.9], ""max_samples"": null, ""metric"": ""cosine"", ""objective"": ""S-Recall@k"", ""overlap_grid"": [0.0, 0.25, 0.5, 0.75], ""rho_grid"": [0.0, 0.025, 0.05, 0.1, 0.15, 0.25, 0.5, 1.0], ""run_generation"": false, ""script"": ""evaluate_redundancy.py"", ""seed"": 0, ""seeds"": [0, 1, 2], ""single_subtopic"": false, ""split"": ""test"", ""top_k"": 10, ""top_m"": 100, ""val_fraction"": 0.2}"
1.0,0,MMR*,MMR(0.7),0.3563,0.4691,0.4282,0.5452,0.4433,0.6225,0.4205,0.2815,3.0426,0.0,"{""alpha_grid"": [-0.3, -0.2, -0.1, -0.05, 0.0, 0.05, 0.1, 0.2, 0.3, 0.5, 1.0], ""batch_size"": 64, ""chunk_window"": 60, ""dataset"": ""fiqa"", ""device"": ""cuda"", ""dup_noise"": ""light"", ""dup_target"": ""mixed"", ""encode_cache"": true, ""encoder_model"": ""BAAI/bge-m3"", ""experiment"": ""both"", ""gen_max_samples"": 1000, ""gen_methods"": [], ""generator_model"": null, ""lambda_grid"": [0.3, 0.5, 0.7, 0.9], ""max_samples"": null, ""metric"": ""cosine"", ""objective"": ""S-Recall@k"", ""overlap_grid"": [0.0, 0.25, 0.5, 0.75], ""rho_grid"": [0.0, 0.025, 0.05, 0.1, 0.15, 0.25, 0.5, 1.0], ""run_generation"": false, ""script"": ""evaluate_redundancy.py"", ""seed"": 0, ""seeds"": [0, 1, 2], ""single_subtopic"": false, ""split"": ""test"", ""top_k"": 10, ""top_m"": 100, ""val_fraction"": 0.2}"
1.0,0,RNG*,RNG(-0.2),0.3563,0.4594,0.4243,0.5512,0.4641,0.6146,0.4218,0.2515,2.7294,0.0,"{""alpha_grid"": [-0.3, -0.2, -0.1, -0.05, 0.0, 0.05, 0.1, 0.2, 0.3, 0.5, 1.0], ""batch_size"": 64, ""chunk_window"": 60, ""dataset"": ""fiqa"", ""device"": ""cuda"", ""dup_noise"": ""light"", ""dup_target"": ""mixed"", ""encode_cache"": true, ""encoder_model"": ""BAAI/bge-m3"", ""experiment"": ""both"", ""gen_max_samples"": 1000, ""gen_methods"": [], ""generator_model"": null, ""lambda_grid"": [0.3, 0.5, 0.7, 0.9], ""max_samples"": null, ""metric"": ""cosine"", ""objective"": ""S-Recall@k"", ""overlap_grid"": [0.0, 0.25, 0.5, 0.75], ""rho_grid"": [0.0, 0.025, 0.05, 0.1, 0.15, 0.25, 0.5, 1.0], ""run_generation"": false, ""script"": ""evaluate_redundancy.py"", ""seed"": 0, ""seeds"": [0, 1, 2], ""single_subtopic"": false, ""split"": ""test"", ""top_k"": 10, ""top_m"": 100, ""val_fraction"": 0.2}"
1.0,0,Seg*,Seg(-0.2),0.3563,0.4594,0.4247,0.5513,0.4642,0.6146,0.4222,0.2529,2.7409,0.0,"{""alpha_grid"": [-0.3, -0.2, -0.1, -0.05, 0.0, 0.05, 0.1, 0.2, 0.3, 0.5, 1.0], ""batch_size"": 64, ""chunk_window"": 60, ""dataset"": ""fiqa"", ""device"": ""cuda"", ""dup_noise"": ""light"", ""dup_target"": ""mixed"", ""encode_cache"": true, ""encoder_model"": ""BAAI/bge-m3"", ""experiment"": ""both"", ""gen_max_samples"": 1000, ""gen_methods"": [], ""generator_model"": null, ""lambda_grid"": [0.3, 0.5, 0.7, 0.9], ""max_samples"": null, ""metric"": ""cosine"", ""objective"": ""S-Recall@k"", ""overlap_grid"": [0.0, 0.25, 0.5, 0.75], ""rho_grid"": [0.0, 0.025, 0.05, 0.1, 0.15, 0.25, 0.5, 1.0], ""run_generation"": false, ""script"": ""evaluate_redundancy.py"", ""seed"": 0, ""seeds"": [0, 1, 2], ""single_subtopic"": false, ""split"": ""test"", ""top_k"": 10, ""top_m"": 100, ""val_fraction"": 0.2}"
1.0,1,kNN,kNN,0.3579,0.3719,0.3642,0.536,0.4681,0.5033,0.3873,0.1585,1.9697,,"{""alpha_grid"": [-0.3, -0.2, -0.1, -0.05, 0.0, 0.05, 0.1, 0.2, 0.3, 0.5, 1.0], ""batch_size"": 64, ""chunk_window"": 60, ""dataset"": ""fiqa"", ""device"": ""cuda"", ""dup_noise"": ""light"", ""dup_target"": ""mixed"", ""encode_cache"": true, ""encoder_model"": ""BAAI/bge-m3"", ""experiment"": ""both"", ""gen_max_samples"": 1000, ""gen_methods"": [], ""generator_model"": null, ""lambda_grid"": [0.3, 0.5, 0.7, 0.9], ""max_samples"": null, ""metric"": ""cosine"", ""objective"": ""S-Recall@k"", ""overlap_grid"": [0.0, 0.25, 0.5, 0.75], ""rho_grid"": [0.0, 0.025, 0.05, 0.1, 0.15, 0.25, 0.5, 1.0], ""run_generation"": false, ""script"": ""evaluate_redundancy.py"", ""seed"": 0, ""seeds"": [0, 1, 2], ""single_subtopic"": false, ""split"": ""test"", ""top_k"": 10, ""top_m"": 100, ""val_fraction"": 0.2}"
1.0,1,Maxmin,Maxmin,0.3579,0.4237,0.393,0.5277,0.4596,0.5729,0.4028,0.2724,2.6819,7e-06,"{""alpha_grid"": [-0.3, -0.2, -0.1, -0.05, 0.0, 0.05, 0.1, 0.2, 0.3, 0.5, 1.0], ""batch_size"": 64, ""chunk_window"": 60, ""dataset"": ""fiqa"", ""device"": ""cuda"", ""dup_noise"": ""light"", ""dup_target"": ""mixed"", ""encode_cache"": true, ""encoder_model"": ""BAAI/bge-m3"", ""experiment"": ""both"", ""gen_max_samples"": 1000, ""gen_methods"": [], ""generator_model"": null, ""lambda_grid"": [0.3, 0.5, 0.7, 0.9], ""max_samples"": null, ""metric"": ""cosine"", ""objective"": ""S-Recall@k"", ""overlap_grid"": [0.0, 0.25, 0.5, 0.75], ""rho_grid"": [0.0, 0.025, 0.05, 0.1, 0.15, 0.25, 0.5, 1.0], ""run_generation"": false, ""script"": ""evaluate_redundancy.py"", ""seed"": 0, ""seeds"": [0, 1, 2], ""single_subtopic"": false, ""split"": ""test"", ""top_k"": 10, ""top_m"": 100, ""val_fraction"": 0.2}"
1.0,1,Greedy-DPP,Greedy-DPP,0.3579,0.4744,0.4201,0.5329,0.4308,0.6309,0.4134,0.3226,3.43,0.0,"{""alpha_grid"": [-0.3, -0.2, -0.1, -0.05, 0.0, 0.05, 0.1, 0.2, 0.3, 0.5, 1.0], ""batch_size"": 64, ""chunk_window"": 60, ""dataset"": ""fiqa"", ""device"": ""cuda"", ""dup_noise"": ""light"", ""dup_target"": ""mixed"", ""encode_cache"": true, ""encoder_model"": ""BAAI/bge-m3"", ""experiment"": ""both"", ""gen_max_samples"": 1000, ""gen_methods"": [], ""generator_model"": null, ""lambda_grid"": [0.3, 0.5, 0.7, 0.9], ""max_samples"": null, ""metric"": ""cosine"", ""objective"": ""S-Recall@k"", ""overlap_grid"": [0.0, 0.25, 0.5, 0.75], ""rho_grid"": [0.0, 0.025, 0.05, 0.1, 0.15, 0.25, 0.5, 1.0], ""run_generation"": false, ""script"": ""evaluate_redundancy.py"", ""seed"": 0, ""seeds"": [0, 1, 2], ""single_subtopic"": false, ""split"": ""test"", ""top_k"": 10, ""top_m"": 100, ""val_fraction"": 0.2}"
1.0,1,MMR*,MMR(0.7),0.3579,0.4614,0.4192,0.5352,0.437,0.6156,0.4162,0.2797,3.0276,0.0,"{""alpha_grid"": [-0.3, -0.2, -0.1, -0.05, 0.0, 0.05, 0.1, 0.2, 0.3, 0.5, 1.0], ""batch_size"": 64, ""chunk_window"": 60, ""dataset"": ""fiqa"", ""device"": ""cuda"", ""dup_noise"": ""light"", ""dup_target"": ""mixed"", ""encode_cache"": true, ""encoder_model"": ""BAAI/bge-m3"", ""experiment"": ""both"", ""gen_max_samples"": 1000, ""gen_methods"": [], ""generator_model"": null, ""lambda_grid"": [0.3, 0.5, 0.7, 0.9], ""max_samples"": null, ""metric"": ""cosine"", ""objective"": ""S-Recall@k"", ""overlap_grid"": [0.0, 0.25, 0.5, 0.75], ""rho_grid"": [0.0, 0.025, 0.05, 0.1, 0.15, 0.25, 0.5, 1.0], ""run_generation"": false, ""script"": ""evaluate_redundancy.py"", ""seed"": 0, ""seeds"": [0, 1, 2], ""single_subtopic"": false, ""split"": ""test"", ""top_k"": 10, ""top_m"": 100, ""val_fraction"": 0.2}"
1.0,1,RNG*,RNG(-0.2),0.3579,0.4525,0.4182,0.5401,0.4592,0.6057,0.4192,0.2536,2.7317,0.0,"{""alpha_grid"": [-0.3, -0.2, -0.1, -0.05, 0.0, 0.05, 0.1, 0.2, 0.3, 0.5, 1.0], ""batch_size"": 64, ""chunk_window"": 60, ""dataset"": ""fiqa"", ""device"": ""cuda"", ""dup_noise"": ""light"", ""dup_target"": ""mixed"", ""encode_cache"": true, ""encoder_model"": ""BAAI/bge-m3"", ""experiment"": ""both"", ""gen_max_samples"": 1000, ""gen_methods"": [], ""generator_model"": null, ""lambda_grid"": [0.3, 0.5, 0.7, 0.9], ""max_samples"": null, ""metric"": ""cosine"", ""objective"": ""S-Recall@k"", ""overlap_grid"": [0.0, 0.25, 0.5, 0.75], ""rho_grid"": [0.0, 0.025, 0.05, 0.1, 0.15, 0.25, 0.5, 1.0], ""run_generation"": false, ""script"": ""evaluate_redundancy.py"", ""seed"": 0, ""seeds"": [0, 1, 2], ""single_subtopic"": false, ""split"": ""test"", ""top_k"": 10, ""top_m"": 100, ""val_fraction"": 0.2}"
1.0,1,Seg*,Seg(-0.2),0.3579,0.4526,0.419,0.5409,0.4587,0.6062,0.4201,0.2554,2.7484,0.0,"{""alpha_grid"": [-0.3, -0.2, -0.1, -0.05, 0.0, 0.05, 0.1, 0.2, 0.3, 0.5, 1.0], ""batch_size"": 64, ""chunk_window"": 60, ""dataset"": ""fiqa"", ""device"": ""cuda"", ""dup_noise"": ""light"", ""dup_target"": ""mixed"", ""encode_cache"": true, ""encoder_model"": ""BAAI/bge-m3"", ""experiment"": ""both"", ""gen_max_samples"": 1000, ""gen_methods"": [], ""generator_model"": null, ""lambda_grid"": [0.3, 0.5, 0.7, 0.9], ""max_samples"": null, ""metric"": ""cosine"", ""objective"": ""S-Recall@k"", ""overlap_grid"": [0.0, 0.25, 0.5, 0.75], ""rho_grid"": [0.0, 0.025, 0.05, 0.1, 0.15, 0.25, 0.5, 1.0], ""run_generation"": false, ""script"": ""evaluate_redundancy.py"", ""seed"": 0, ""seeds"": [0, 1, 2], ""single_subtopic"": false, ""split"": ""test"", ""top_k"": 10, ""top_m"": 100, ""val_fraction"": 0.2}"
1.0,2,kNN,kNN,0.3573,0.3649,0.356,0.532,0.4635,0.5003,0.3803,0.1602,1.9697,,"{""alpha_grid"": [-0.3, -0.2, -0.1, -0.05, 0.0, 0.05, 0.1, 0.2, 0.3, 0.5, 1.0], ""batch_size"": 64, ""chunk_window"": 60, ""dataset"": ""fiqa"", ""device"": ""cuda"", ""dup_noise"": ""light"", ""dup_target"": ""mixed"", ""encode_cache"": true, ""encoder_model"": ""BAAI/bge-m3"", ""experiment"": ""both"", ""gen_max_samples"": 1000, ""gen_methods"": [], ""generator_model"": null, ""lambda_grid"": [0.3, 0.5, 0.7, 0.9], ""max_samples"": null, ""metric"": ""cosine"", ""objective"": ""S-Recall@k"", ""overlap_grid"": [0.0, 0.25, 0.5, 0.75], ""rho_grid"": [0.0, 0.025, 0.05, 0.1, 0.15, 0.25, 0.5, 1.0], ""run_generation"": false, ""script"": ""evaluate_redundancy.py"", ""seed"": 0, ""seeds"": [0, 1, 2], ""single_subtopic"": false, ""split"": ""test"", ""top_k"": 10, ""top_m"": 100, ""val_fraction"": 0.2}"
1.0,2,Maxmin,Maxmin,0.3573,0.4196,0.3916,0.533,0.4595,0.5725,0.4032,0.2763,2.6932,0.0,"{""alpha_grid"": [-0.3, -0.2, -0.1, -0.05, 0.0, 0.05, 0.1, 0.2, 0.3, 0.5, 1.0], ""batch_size"": 64, ""chunk_window"": 60, ""dataset"": ""fiqa"", ""device"": ""cuda"", ""dup_noise"": ""light"", ""dup_target"": ""mixed"", ""encode_cache"": true, ""encoder_model"": ""BAAI/bge-m3"", ""experiment"": ""both"", ""gen_max_samples"": 1000, ""gen_methods"": [], ""generator_model"": null, ""lambda_grid"": [0.3, 0.5, 0.7, 0.9], ""max_samples"": null, ""metric"": ""cosine"", ""objective"": ""S-Recall@k"", ""overlap_grid"": [0.0, 0.25, 0.5, 0.75], ""rho_grid"": [0.0, 0.025, 0.05, 0.1, 0.15, 0.25, 0.5, 1.0], ""run_generation"": false, ""script"": ""evaluate_redundancy.py"", ""seed"": 0, ""seeds"": [0, 1, 2], ""single_subtopic"": false, ""split"": ""test"", ""top_k"": 10, ""top_m"": 100, ""val_fraction"": 0.2}"
1.0,2,Greedy-DPP,Greedy-DPP,0.3573,0.4677,0.418,0.5348,0.4325,0.6386,0.4151,0.3257,3.4523,0.0,"{""alpha_grid"": [-0.3, -0.2, -0.1, -0.05, 0.0, 0.05, 0.1, 0.2, 0.3, 0.5, 1.0], ""batch_size"": 64, ""chunk_window"": 60, ""dataset"": ""fiqa"", ""device"": ""cuda"", ""dup_noise"": ""light"", ""dup_target"": ""mixed"", ""encode_cache"": true, ""encoder_model"": ""BAAI/bge-m3"", ""experiment"": ""both"", ""gen_max_samples"": 1000, ""gen_methods"": [], ""generator_model"": null, ""lambda_grid"": [0.3, 0.5, 0.7, 0.9], ""max_samples"": null, ""metric"": ""cosine"", ""objective"": ""S-Recall@k"", ""overlap_grid"": [0.0, 0.25, 0.5, 0.75], ""rho_grid"": [0.0, 0.025, 0.05, 0.1, 0.15, 0.25, 0.5, 1.0], ""run_generation"": false, ""script"": ""evaluate_redundancy.py"", ""seed"": 0, ""seeds"": [0, 1, 2], ""single_subtopic"": false, ""split"": ""test"", ""top_k"": 10, ""top_m"": 100, ""val_fraction"": 0.2}"
1.0,2,MMR*,MMR(0.7),0.3573,0.4537,0.4171,0.5383,0.4376,0.6179,0.4172,0.2834,3.0526,0.0,"{""alpha_grid"": [-0.3, -0.2, -0.1, -0.05, 0.0, 0.05, 0.1, 0.2, 0.3, 0.5, 1.0], ""batch_size"": 64, ""chunk_window"": 60, ""dataset"": ""fiqa"", ""device"": ""cuda"", ""dup_noise"": ""light"", ""dup_target"": ""mixed"", ""encode_cache"": true, ""encoder_model"": ""BAAI/bge-m3"", ""experiment"": ""both"", ""gen_max_samples"": 1000, ""gen_methods"": [], ""generator_model"": null, ""lambda_grid"": [0.3, 0.5, 0.7, 0.9], ""max_samples"": null, ""metric"": ""cosine"", ""objective"": ""S-Recall@k"", ""overlap_grid"": [0.0, 0.25, 0.5, 0.75], ""rho_grid"": [0.0, 0.025, 0.05, 0.1, 0.15, 0.25, 0.5, 1.0], ""run_generation"": false, ""script"": ""evaluate_redundancy.py"", ""seed"": 0, ""seeds"": [0, 1, 2], ""single_subtopic"": false, ""split"": ""test"", ""top_k"": 10, ""top_m"": 100, ""val_fraction"": 0.2}"
1.0,2,RNG*,RNG(-0.2),0.3573,0.4477,0.4116,0.5379,0.4587,0.6127,0.4129,0.253,2.7302,0.0,"{""alpha_grid"": [-0.3, -0.2, -0.1, -0.05, 0.0, 0.05, 0.1, 0.2, 0.3, 0.5, 1.0], ""batch_size"": 64, ""chunk_window"": 60, ""dataset"": ""fiqa"", ""device"": ""cuda"", ""dup_noise"": ""light"", ""dup_target"": ""mixed"", ""encode_cache"": true, ""encoder_model"": ""BAAI/bge-m3"", ""experiment"": ""both"", ""gen_max_samples"": 1000, ""gen_methods"": [], ""generator_model"": null, ""lambda_grid"": [0.3, 0.5, 0.7, 0.9], ""max_samples"": null, ""metric"": ""cosine"", ""objective"": ""S-Recall@k"", ""overlap_grid"": [0.0, 0.25, 0.5, 0.75], ""rho_grid"": [0.0, 0.025, 0.05, 0.1, 0.15, 0.25, 0.5, 1.0], ""run_generation"": false, ""script"": ""evaluate_redundancy.py"", ""seed"": 0, ""seeds"": [0, 1, 2], ""single_subtopic"": false, ""split"": ""test"", ""top_k"": 10, ""top_m"": 100, ""val_fraction"": 0.2}"
1.0,2,Seg*,Seg(-0.2),0.3573,0.4497,0.4129,0.5381,0.4596,0.6152,0.4136,0.2555,2.7504,0.0,"{""alpha_grid"": [-0.3, -0.2, -0.1, -0.05, 0.0, 0.05, 0.1, 0.2, 0.3, 0.5, 1.0], ""batch_size"": 64, ""chunk_window"": 60, ""dataset"": ""fiqa"", ""device"": ""cuda"", ""dup_noise"": ""light"", ""dup_target"": ""mixed"", ""encode_cache"": true, ""encoder_model"": ""BAAI/bge-m3"", ""experiment"": ""both"", ""gen_max_samples"": 1000, ""gen_methods"": [], ""generator_model"": null, ""lambda_grid"": [0.3, 0.5, 0.7, 0.9], ""max_samples"": null, ""metric"": ""cosine"", ""objective"": ""S-Recall@k"", ""overlap_grid"": [0.0, 0.25, 0.5, 0.75], ""rho_grid"": [0.0, 0.025, 0.05, 0.1, 0.15, 0.25, 0.5, 1.0], ""run_generation"": false, ""script"": ""evaluate_redundancy.py"", ""seed"": 0, ""seeds"": [0, 1, 2], ""single_subtopic"": false, ""split"": ""test"", ""top_k"": 10, ""top_m"": 100, ""val_fraction"": 0.2}"
