D,tau,n_seeds,val mean,val mean_ci95
MMR(0.3),1.77,3,0.7761,0.1002
MMR(0.3),1.78,3,0.7761,0.1002
MMR(0.3),1.91,2,0.7534,0.115
MMR(0.3),1.92,1,0.7625,0.0
MMR(0.3),1.98,2,0.7899,0.4015
MMR(0.3),2.06,3,0.7734,0.1059
MMR(0.3),2.11,1,0.7583,0.0
MMR(0.3),2.12,3,0.7734,0.1059
MMR(0.3),2.2,3,0.7737,0.1055
MMR(0.3),2.21,1,0.7594,0.0
MMR(0.3),2.24,2,0.7498,0.1213
MMR(0.3),2.34,1,0.7594,0.0
MMR(0.3),2.35,1,0.7573,0.0
MMR(0.3),2.37,2,0.7894,0.4079
MMR(0.3),2.42,2,0.7894,0.4079
MMR(0.3),2.46,3,0.7742,0.1048
MMR(0.3),2.48,2,0.7856,0.413
MMR(0.3),2.49,1,0.7531,0.0
MMR(0.3),2.5,1,0.749,0.0
MMR(0.3),2.52,2,0.7835,0.439
MMR(0.3),2.53,1,0.749,0.0
MMR(0.3),2.57,2,0.748,0.0375
MMR(0.3),2.63,2,0.748,0.0375
MMR(0.3),2.65,3,0.771,0.1056
MMR(0.3),2.66,3,0.7697,0.1088
MMR(0.3),2.7,1,0.7458,0.0
MMR(0.3),2.75,1,0.7458,0.0
MMR(0.3),2.76,1,0.7458,0.0
MMR(0.3),2.77,3,0.7669,0.1107
MMR(0.3),2.79,3,0.7676,0.1136
MMR(0.3),2.87,2,0.7344,0.0928
MMR(0.3),2.89,1,0.7417,0.0
MMR(0.3),2.9,1,0.7417,0.0
MMR(0.3),2.91,2,0.7323,0.1194
MMR(0.3),2.96,1,0.7396,0.0
MMR(0.3),2.97,3,0.7584,0.1281
MMR(0.3),2.98,2,0.7782,0.4898
MMR(0.3),2.99,2,0.7271,0.1055
MMR(0.3),3.0,3,0.7556,0.1242
MMR(0.3),3.03,3,0.7532,0.1275
MMR(0.3),3.04,2,0.7732,0.4809
MMR(0.3),3.06,3,0.7525,0.1246
MMR(0.3),3.08,2,0.7702,0.4415
MMR(0.3),3.1,2,0.765,0.4809
MMR(0.3),3.13,3,0.747,0.1266
MMR(0.3),3.15,2,0.7639,0.4676
MMR(0.3),3.18,3,0.7456,0.1207
MMR(0.3),3.2,3,0.7435,0.1157
MMR(0.3),3.21,1,0.725,0.0
MMR(0.3),3.23,1,0.725,0.0
MMR(0.3),3.25,2,0.7143,0.1366
MMR(0.3),3.26,2,0.7549,0.4854
MMR(0.3),3.28,2,0.7528,0.5121
MMR(0.3),3.29,3,0.735,0.1261
MMR(0.3),3.3,2,0.7528,0.5121
MMR(0.3),3.31,3,0.7343,0.1231
MMR(0.3),3.32,2,0.7038,0.0572
MMR(0.3),3.33,2,0.7038,0.0572
MMR(0.3),3.34,2,0.7038,0.0572
MMR(0.3),3.35,3,0.7329,0.1256
MMR(0.3),3.36,3,0.7301,0.1221
MMR(0.3),3.37,3,0.7294,0.1235
MMR(0.3),3.38,2,0.7007,0.0178
MMR(0.3),3.4,1,0.7021,0.0
MMR(0.3),3.41,3,0.728,0.1268
MMR(0.3),3.44,3,0.7259,0.1311
MMR(0.3),3.45,3,0.7259,0.14
MMR(0.3),3.46,2,0.6934,0.0038
MMR(0.3),3.48,2,0.6934,0.0038
MMR(0.3),3.49,1,0.6896,0.0
MMR(0.3),3.5,1,0.6896,0.0
MMR(0.3),3.54,3,0.7239,0.14
MMR(0.3),3.55,3,0.7239,0.14
MMR(0.3),3.56,2,0.7392,0.6309
MMR(0.3),3.57,3,0.7197,0.1406
MMR(0.3),3.59,3,0.7183,0.1432
MMR(0.3),3.6,1,0.6729,0.0
MMR(0.3),3.62,3,0.7155,0.1502
MMR(0.3),3.63,3,0.71,0.1532
MMR(0.3),3.64,2,0.6746,0.101
MMR(0.3),3.65,1,0.6667,0.0
MMR(0.3),3.66,3,0.71,0.1532
MMR(0.3),3.67,1,0.6667,0.0
MMR(0.3),3.68,3,0.7113,0.1497
MMR(0.3),3.69,2,0.7215,0.6969
MMR(0.3),3.7,3,0.7072,0.1413
MMR(0.3),3.71,3,0.7072,0.1413
MMR(0.3),3.72,3,0.7058,0.1451
MMR(0.3),3.73,3,0.7058,0.1451
MMR(0.3),3.74,2,0.6725,0.1277
MMR(0.3),3.76,2,0.6725,0.1277
MMR(0.3),3.79,1,0.6625,0.0
MMR(0.3),3.8,3,0.703,0.1433
MMR(0.3),3.81,2,0.6725,0.1811
MMR(0.3),3.82,1,0.6583,0.0
MMR(0.3),3.84,3,0.703,0.1357
MMR(0.3),3.85,3,0.7016,0.1299
MMR(0.3),3.86,2,0.709,0.6442
MMR(0.3),3.87,3,0.7002,0.1342
MMR(0.3),3.89,3,0.6933,0.1267
MMR(0.3),3.9,3,0.6933,0.1267
MMR(0.3),3.93,3,0.6863,0.1158
MMR(0.3),3.96,3,0.685,0.1105
MMR(0.3),3.97,2,0.6622,0.2598
MMR(0.3),3.98,3,0.6836,0.111
MMR(0.3),3.99,3,0.6822,0.1055
MMR(0.3),4.0,2,0.6841,0.5381
MMR(0.3),4.02,1,0.6417,0.0
MMR(0.3),4.03,2,0.658,0.2071
MMR(0.3),4.04,3,0.6808,0.1061
MMR(0.3),4.06,2,0.6559,0.1804
MMR(0.3),4.08,3,0.6787,0.1094
MMR(0.3),4.09,3,0.6745,0.1032
MMR(0.3),4.1,3,0.6745,0.1032
MMR(0.3),4.11,3,0.6745,0.1032
MMR(0.3),4.13,3,0.6745,0.1032
MMR(0.3),4.14,3,0.6745,0.1032
MMR(0.3),4.15,3,0.6704,0.0992
MMR(0.3),4.16,2,0.6476,0.1811
MMR(0.3),4.17,2,0.6736,0.5121
MMR(0.3),4.18,3,0.6697,0.1015
MMR(0.3),4.19,3,0.6669,0.1006
MMR(0.3),4.2,3,0.6669,0.1006
MMR(0.3),4.23,2,0.6455,0.2071
MMR(0.3),4.24,3,0.6641,0.1002
MMR(0.3),4.25,3,0.6627,0.0949
MMR(0.3),4.26,2,0.6434,0.2338
MMR(0.3),4.27,2,0.6414,0.3132
MMR(0.3),4.31,3,0.6614,0.1057
MMR(0.3),4.32,2,0.6414,0.3132
MMR(0.3),4.36,1,0.6125,0.0
MMR(0.3),4.39,3,0.66,0.1112
MMR(0.3),4.4,3,0.6586,0.1167
MMR(0.3),4.41,2,0.6371,0.3666
MMR(0.3),4.42,3,0.6572,0.112
MMR(0.3),4.43,2,0.6371,0.3666
MMR(0.3),4.44,2,0.6507,0.5908
MMR(0.3),4.45,2,0.6351,0.3926
MMR(0.3),4.46,1,0.6042,0.0
MMR(0.3),4.48,2,0.633,0.4193
MMR(0.3),4.49,3,0.6544,0.1233
MMR(0.3),4.53,3,0.653,0.129
MMR(0.3),4.54,2,0.6424,0.6442
MMR(0.3),4.55,3,0.6475,0.1246
MMR(0.3),4.62,2,0.6382,0.6442
MMR(0.3),4.64,2,0.6204,0.472
MMR(0.3),4.66,3,0.6405,0.1361
MMR(0.3),4.74,3,0.6405,0.1361
MMR(0.3),4.75,1,0.5792,0.0
MMR(0.3),4.85,2,0.6278,0.6709
MMR(0.3),4.87,1,0.5708,0.0
MMR(0.3),4.9,2,0.6257,0.6976
MMR(0.3),4.91,1,0.5708,0.0
MMR(0.3),5.01,2,0.6257,0.6976
MMR(0.3),5.02,1,0.5667,0.0
MMR(0.3),5.04,1,0.5667,0.0
MMR(0.3),5.05,1,0.5625,0.0
MMR(0.5),1.77,3,0.7761,0.1002
MMR(0.5),1.78,3,0.7761,0.1002
MMR(0.5),1.91,2,0.7534,0.115
MMR(0.5),1.92,1,0.7625,0.0
MMR(0.5),1.98,2,0.792,0.3748
MMR(0.5),2.06,3,0.7748,0.1043
MMR(0.5),2.11,1,0.7625,0.0
MMR(0.5),2.12,3,0.7748,0.1043
MMR(0.5),2.2,3,0.7751,0.1039
MMR(0.5),2.21,1,0.7635,0.0
MMR(0.5),2.24,2,0.7519,0.1474
MMR(0.5),2.34,1,0.7635,0.0
MMR(0.5),2.35,1,0.7635,0.0
MMR(0.5),2.37,2,0.7925,0.3685
MMR(0.5),2.42,2,0.7925,0.3685
MMR(0.5),2.46,3,0.7765,0.0997
MMR(0.5),2.48,2,0.7925,0.3685
MMR(0.5),2.49,1,0.7635,0.0
MMR(0.5),2.5,1,0.7594,0.0
MMR(0.5),2.52,2,0.7904,0.3945
MMR(0.5),2.53,1,0.7594,0.0
MMR(0.5),2.57,2,0.754,0.0953
MMR(0.5),2.63,2,0.754,0.0953
MMR(0.5),2.65,3,0.7772,0.1015
MMR(0.5),2.66,3,0.7758,0.1055
MMR(0.5),2.7,1,0.7594,0.0
MMR(0.5),2.75,1,0.7594,0.0
MMR(0.5),2.76,1,0.7594,0.0
MMR(0.5),2.77,3,0.7744,0.1034
MMR(0.5),2.79,3,0.7751,0.1064
MMR(0.5),2.87,2,0.746,0.1169
MMR(0.5),2.89,1,0.7552,0.0
MMR(0.5),2.9,1,0.7552,0.0
MMR(0.5),2.91,2,0.746,0.1169
MMR(0.5),2.96,1,0.7552,0.0
MMR(0.5),2.97,3,0.7728,0.1126
MMR(0.5),2.98,2,0.7897,0.439
MMR(0.5),2.99,2,0.745,0.0769
MMR(0.5),3.0,3,0.77,0.1088
MMR(0.5),3.03,3,0.7677,0.112
MMR(0.5),3.04,2,0.7849,0.4301
MMR(0.5),3.06,3,0.767,0.1092
MMR(0.5),3.08,2,0.7817,0.3907
MMR(0.5),3.1,2,0.7766,0.4301
MMR(0.5),3.13,3,0.7615,0.1111
MMR(0.5),3.15,2,0.7776,0.4434
MMR(0.5),3.18,3,0.7615,0.1111
MMR(0.5),3.2,3,0.7594,0.1062
MMR(0.5),3.21,1,0.7406,0.0
MMR(0.5),3.23,1,0.7406,0.0
MMR(0.5),3.25,2,0.7321,0.108
MMR(0.5),3.26,2,0.7717,0.4473
MMR(0.5),3.28,2,0.7717,0.4473
MMR(0.5),3.29,3,0.7557,0.1114
MMR(0.5),3.3,2,0.7717,0.4473
MMR(0.5),3.31,3,0.7557,0.1114
MMR(0.5),3.32,2,0.7279,0.0553
MMR(0.5),3.33,2,0.7279,0.0553
MMR(0.5),3.34,2,0.7279,0.0553
MMR(0.5),3.35,3,0.7543,0.1137
MMR(0.5),3.36,3,0.7529,0.1074
MMR(0.5),3.37,3,0.7522,0.1089
MMR(0.5),3.38,2,0.7269,0.0114
MMR(0.5),3.4,1,0.726,0.0
MMR(0.5),3.41,3,0.7536,0.1148
MMR(0.5),3.44,3,0.7536,0.1148
MMR(0.5),3.45,3,0.7536,0.1239
MMR(0.5),3.46,2,0.7248,0.0375
MMR(0.5),3.48,2,0.7248,0.0375
MMR(0.5),3.49,1,0.7177,0.0
MMR(0.5),3.5,1,0.7177,0.0
MMR(0.5),3.54,3,0.7515,0.1243
MMR(0.5),3.55,3,0.7515,0.1243
MMR(0.5),3.56,2,0.7633,0.58
MMR(0.5),3.57,3,0.7474,0.1259
MMR(0.5),3.59,3,0.746,0.128
MMR(0.5),3.6,1,0.701,0.0
MMR(0.5),3.62,3,0.7432,0.1357
MMR(0.5),3.63,3,0.7376,0.1386
MMR(0.5),3.64,2,0.7061,0.1436
MMR(0.5),3.65,1,0.6948,0.0
MMR(0.5),3.66,3,0.7376,0.1386
MMR(0.5),3.67,1,0.6948,0.0
MMR(0.5),3.68,3,0.739,0.1346
MMR(0.5),3.69,2,0.7456,0.6461
MMR(0.5),3.7,3,0.7362,0.1327
MMR(0.5),3.71,3,0.7362,0.1327
MMR(0.5),3.72,3,0.7348,0.1368
MMR(0.5),3.73,3,0.7348,0.1368
MMR(0.5),3.74,2,0.704,0.1703
MMR(0.5),3.76,2,0.704,0.1703
MMR(0.5),3.79,1,0.6906,0.0
MMR(0.5),3.8,3,0.7321,0.1353
MMR(0.5),3.81,2,0.704,0.2224
MMR(0.5),3.82,1,0.6865,0.0
MMR(0.5),3.84,3,0.7321,0.1283
MMR(0.5),3.85,3,0.7321,0.1283
MMR(0.5),3.86,2,0.7373,0.6461
MMR(0.5),3.87,3,0.7307,0.133
MMR(0.5),3.89,3,0.7307,0.133
MMR(0.5),3.9,3,0.7307,0.133
MMR(0.5),3.93,3,0.7307,0.133
MMR(0.5),3.96,3,0.7293,0.1274
MMR(0.5),3.97,2,0.7019,0.249
MMR(0.5),3.98,3,0.7293,0.1274
MMR(0.5),3.99,3,0.7279,0.122
MMR(0.5),4.0,2,0.7311,0.6201
MMR(0.5),4.02,1,0.6823,0.0
MMR(0.5),4.03,2,0.6999,0.223
MMR(0.5),4.04,3,0.7265,0.1228
MMR(0.5),4.06,2,0.6999,0.223
MMR(0.5),4.08,3,0.7258,0.1252
MMR(0.5),4.09,3,0.7258,0.1252
MMR(0.5),4.1,3,0.7258,0.1252
MMR(0.5),4.11,3,0.7258,0.1252
MMR(0.5),4.13,3,0.7258,0.1252
MMR(0.5),4.14,3,0.7258,0.1252
MMR(0.5),4.15,3,0.7216,0.1217
MMR(0.5),4.16,2,0.6935,0.1963
MMR(0.5),4.17,2,0.7269,0.6201
MMR(0.5),4.18,3,0.7209,0.1239
MMR(0.5),4.19,3,0.7209,0.1239
MMR(0.5),4.2,3,0.7209,0.1239
MMR(0.5),4.23,2,0.6935,0.1963
MMR(0.5),4.24,3,0.7209,0.1239
MMR(0.5),4.25,3,0.7195,0.1182
MMR(0.5),4.26,2,0.6935,0.1963
MMR(0.5),4.27,2,0.6915,0.2757
MMR(0.5),4.31,3,0.7182,0.1268
MMR(0.5),4.32,2,0.6915,0.2757
MMR(0.5),4.36,1,0.6656,0.0
MMR(0.5),4.39,3,0.7168,0.1318
MMR(0.5),4.4,3,0.7168,0.1318
MMR(0.5),4.41,2,0.6894,0.3024
MMR(0.5),4.42,3,0.7154,0.1265
MMR(0.5),4.43,2,0.6894,0.3024
MMR(0.5),4.44,2,0.7145,0.6728
MMR(0.5),4.45,2,0.6873,0.3285
MMR(0.5),4.46,1,0.6615,0.0
MMR(0.5),4.48,2,0.6852,0.3551
MMR(0.5),4.49,3,0.7126,0.1368
MMR(0.5),4.53,3,0.7112,0.142
MMR(0.5),4.54,2,0.7061,0.7255
MMR(0.5),4.55,3,0.7085,0.1422
MMR(0.5),4.62,2,0.704,0.7522
MMR(0.5),4.64,2,0.6748,0.4346
MMR(0.5),4.66,3,0.7057,0.1531
MMR(0.5),4.74,3,0.7057,0.1531
MMR(0.5),4.75,1,0.6406,0.0
MMR(0.5),4.85,2,0.6977,0.7783
MMR(0.5),4.87,1,0.6365,0.0
MMR(0.5),4.9,2,0.6977,0.7783
MMR(0.5),4.91,1,0.6365,0.0
MMR(0.5),5.01,2,0.6977,0.7783
MMR(0.5),5.02,1,0.6323,0.0
MMR(0.5),5.04,1,0.6323,0.0
MMR(0.5),5.05,1,0.6281,0.0
MMR(0.7),1.77,3,0.7761,0.1002
MMR(0.7),1.78,3,0.7761,0.1002
MMR(0.7),1.91,2,0.7534,0.115
MMR(0.7),1.92,1,0.7625,0.0
MMR(0.7),1.98,2,0.792,0.3748
MMR(0.7),2.06,3,0.7761,0.1002
MMR(0.7),2.11,1,0.7625,0.0
MMR(0.7),2.12,3,0.7761,0.1002
MMR(0.7),2.2,3,0.7765,0.0997
MMR(0.7),2.21,1,0.7635,0.0
MMR(0.7),2.24,2,0.7539,0.1213
MMR(0.7),2.34,1,0.7635,0.0
MMR(0.7),2.35,1,0.7635,0.0
MMR(0.7),2.37,2,0.7925,0.3685
MMR(0.7),2.42,2,0.7925,0.3685
MMR(0.7),2.46,3,0.7788,0.0963
MMR(0.7),2.48,2,0.7932,0.3774
MMR(0.7),2.49,1,0.7635,0.0
MMR(0.7),2.5,1,0.7635,0.0
MMR(0.7),2.52,2,0.7932,0.3774
MMR(0.7),2.53,1,0.7635,0.0
MMR(0.7),2.57,2,0.7589,0.0858
MMR(0.7),2.63,2,0.7589,0.0858
MMR(0.7),2.65,3,0.7809,0.0963
MMR(0.7),2.66,3,0.7809,0.0963
MMR(0.7),2.7,1,0.7656,0.0
MMR(0.7),2.75,1,0.7656,0.0
MMR(0.7),2.76,1,0.7656,0.0
MMR(0.7),2.77,3,0.7802,0.0934
MMR(0.7),2.79,3,0.7816,0.0993
MMR(0.7),2.87,2,0.7589,0.0858
MMR(0.7),2.89,1,0.7656,0.0
MMR(0.7),2.9,1,0.7656,0.0
MMR(0.7),2.91,2,0.7589,0.0858
MMR(0.7),2.96,1,0.7656,0.0
MMR(0.7),2.97,3,0.783,0.1053
MMR(0.7),2.98,2,0.7984,0.4174
MMR(0.7),2.99,2,0.7589,0.0858
MMR(0.7),3.0,3,0.783,0.1053
MMR(0.7),3.03,3,0.7839,0.1058
MMR(0.7),3.04,2,0.7991,0.4257
MMR(0.7),3.06,3,0.7832,0.103
MMR(0.7),3.08,2,0.7981,0.413
MMR(0.7),3.1,2,0.7981,0.413
MMR(0.7),3.13,3,0.7846,0.1088
MMR(0.7),3.15,2,0.8001,0.439
MMR(0.7),3.18,3,0.7846,0.1088
MMR(0.7),3.2,3,0.7846,0.1088
MMR(0.7),3.21,1,0.7656,0.0
MMR(0.7),3.23,1,0.7656,0.0
MMR(0.7),3.25,2,0.7574,0.1036
MMR(0.7),3.26,2,0.8001,0.439
MMR(0.7),3.28,2,0.8001,0.439
MMR(0.7),3.29,3,0.7832,0.1126
MMR(0.7),3.3,2,0.8001,0.439
MMR(0.7),3.31,3,0.7832,0.1126
MMR(0.7),3.32,2,0.7574,0.1036
MMR(0.7),3.33,2,0.7574,0.1036
MMR(0.7),3.34,2,0.7574,0.1036
MMR(0.7),3.35,3,0.7832,0.1126
MMR(0.7),3.36,3,0.7832,0.1126
MMR(0.7),3.37,3,0.7832,0.1126
MMR(0.7),3.38,2,0.7574,0.1036
MMR(0.7),3.4,1,0.7656,0.0
MMR(0.7),3.41,3,0.7846,0.1186
MMR(0.7),3.44,3,0.7846,0.1186
MMR(0.7),3.45,3,0.786,0.1245
MMR(0.7),3.46,2,0.7574,0.1036
MMR(0.7),3.48,2,0.7574,0.1036
MMR(0.7),3.49,1,0.7615,0.0
MMR(0.7),3.5,1,0.7615,0.0
MMR(0.7),3.54,3,0.7846,0.1267
MMR(0.7),3.55,3,0.7846,0.1267
MMR(0.7),3.56,2,0.8023,0.5184
MMR(0.7),3.57,3,0.7846,0.1267
MMR(0.7),3.59,3,0.7846,0.1284
MMR(0.7),3.6,1,0.7615,0.0
MMR(0.7),3.62,3,0.786,0.1325
MMR(0.7),3.63,3,0.7846,0.1267
MMR(0.7),3.64,2,0.7554,0.0775
MMR(0.7),3.65,1,0.7615,0.0
MMR(0.7),3.66,3,0.7846,0.1267
MMR(0.7),3.67,1,0.7615,0.0
MMR(0.7),3.68,3,0.786,0.1245
MMR(0.7),3.69,2,0.8043,0.4924
MMR(0.7),3.7,3,0.786,0.1245
MMR(0.7),3.71,3,0.786,0.1245
MMR(0.7),3.72,3,0.786,0.1245
MMR(0.7),3.73,3,0.786,0.1245
MMR(0.7),3.74,2,0.7574,0.1036
MMR(0.7),3.76,2,0.7574,0.1036
MMR(0.7),3.79,1,0.7656,0.0
MMR(0.7),3.8,3,0.7846,0.1186
MMR(0.7),3.81,2,0.7616,0.1036
MMR(0.7),3.82,1,0.7698,0.0
MMR(0.7),3.84,3,0.786,0.1067
MMR(0.7),3.85,3,0.786,0.1067
MMR(0.7),3.86,2,0.8023,0.4123
MMR(0.7),3.87,3,0.786,0.1067
MMR(0.7),3.89,3,0.786,0.1067
MMR(0.7),3.9,3,0.786,0.1067
MMR(0.7),3.93,3,0.786,0.1067
MMR(0.7),3.96,3,0.786,0.0971
MMR(0.7),3.97,2,0.7637,0.0775
MMR(0.7),3.98,3,0.786,0.0971
MMR(0.7),3.99,3,0.7846,0.0912
MMR(0.7),4.0,2,0.7981,0.3596
MMR(0.7),4.02,1,0.7698,0.0
MMR(0.7),4.03,2,0.7616,0.1036
MMR(0.7),4.04,3,0.7832,0.095
MMR(0.7),4.06,2,0.7616,0.1036
MMR(0.7),4.08,3,0.7832,0.095
MMR(0.7),4.09,3,0.7832,0.095
MMR(0.7),4.1,3,0.7832,0.095
MMR(0.7),4.11,3,0.7832,0.095
MMR(0.7),4.13,3,0.7832,0.095
MMR(0.7),4.14,3,0.7832,0.095
MMR(0.7),4.15,3,0.7818,0.0992
MMR(0.7),4.16,2,0.7585,0.1169
MMR(0.7),4.17,2,0.7971,0.3729
MMR(0.7),4.18,3,0.7811,0.1
MMR(0.7),4.19,3,0.7811,0.1
MMR(0.7),4.2,3,0.7811,0.1
MMR(0.7),4.23,2,0.7585,0.1169
MMR(0.7),4.24,3,0.7811,0.1
MMR(0.7),4.25,3,0.7811,0.1
MMR(0.7),4.26,2,0.7585,0.1169
MMR(0.7),4.27,2,0.7585,0.0635
MMR(0.7),4.31,3,0.7811,0.0982
MMR(0.7),4.32,2,0.7606,0.0375
MMR(0.7),4.36,1,0.7635,0.0
MMR(0.7),4.39,3,0.7839,0.1007
MMR(0.7),4.4,3,0.7839,0.1007
MMR(0.7),4.41,2,0.7606,0.0375
MMR(0.7),4.42,3,0.7825,0.0947
MMR(0.7),4.43,2,0.7606,0.0375
MMR(0.7),4.44,2,0.7971,0.3729
MMR(0.7),4.45,2,0.7627,0.0642
MMR(0.7),4.46,1,0.7677,0.0
MMR(0.7),4.48,2,0.7627,0.0642
MMR(0.7),4.49,3,0.7839,0.0923
MMR(0.7),4.53,3,0.7839,0.0923
MMR(0.7),4.54,2,0.7971,0.3729
MMR(0.7),4.55,3,0.7839,0.0923
MMR(0.7),4.62,2,0.7971,0.3729
MMR(0.7),4.64,2,0.7648,0.0375
MMR(0.7),4.66,3,0.7867,0.0854
MMR(0.7),4.74,3,0.7881,0.0915
MMR(0.7),4.75,1,0.7677,0.0
MMR(0.7),4.85,2,0.8012,0.4257
MMR(0.7),4.87,1,0.7677,0.0
MMR(0.7),4.9,2,0.8012,0.4257
MMR(0.7),4.91,1,0.7677,0.0
MMR(0.7),5.01,2,0.8012,0.4257
MMR(0.7),5.02,1,0.7635,0.0
MMR(0.7),5.04,1,0.7635,0.0
MMR(0.7),5.05,1,0.7635,0.0
MMR(0.9),1.77,3,0.7761,0.1002
MMR(0.9),1.78,3,0.7761,0.1002
MMR(0.9),1.91,2,0.7534,0.115
MMR(0.9),1.92,1,0.7625,0.0
MMR(0.9),1.98,2,0.792,0.3748
MMR(0.9),2.06,3,0.7761,0.1002
MMR(0.9),2.11,1,0.7625,0.0
MMR(0.9),2.12,3,0.7761,0.1002
MMR(0.9),2.2,3,0.7765,0.0997
MMR(0.9),2.21,1,0.7635,0.0
MMR(0.9),2.24,2,0.7539,0.1213
MMR(0.9),2.34,1,0.7635,0.0
MMR(0.9),2.35,1,0.7635,0.0
MMR(0.9),2.37,2,0.7925,0.3685
MMR(0.9),2.42,2,0.7925,0.3685
MMR(0.9),2.46,3,0.7779,0.0957
MMR(0.9),2.48,2,0.7925,0.3685
MMR(0.9),2.49,1,0.7635,0.0
MMR(0.9),2.5,1,0.7635,0.0
MMR(0.9),2.52,2,0.7925,0.3685
MMR(0.9),2.53,1,0.7635,0.0
MMR(0.9),2.57,2,0.756,0.0947
MMR(0.9),2.63,2,0.756,0.0947
MMR(0.9),2.65,3,0.7779,0.0957
MMR(0.9),2.66,3,0.7779,0.0957
MMR(0.9),2.7,1,0.7635,0.0
MMR(0.9),2.75,1,0.7635,0.0
MMR(0.9),2.76,1,0.7635,0.0
MMR(0.9),2.77,3,0.7779,0.0957
MMR(0.9),2.79,3,0.7779,0.0957
MMR(0.9),2.87,2,0.756,0.0947
MMR(0.9),2.89,1,0.7635,0.0
MMR(0.9),2.9,1,0.7635,0.0
MMR(0.9),2.91,2,0.756,0.0947
MMR(0.9),2.96,1,0.7635,0.0
MMR(0.9),2.97,3,0.7786,0.0986
MMR(0.9),2.98,2,0.7935,0.3818
MMR(0.9),2.99,2,0.756,0.0947
MMR(0.9),3.0,3,0.7786,0.0986
MMR(0.9),3.03,3,0.7786,0.0986
MMR(0.9),3.04,2,0.7935,0.3818
MMR(0.9),3.06,3,0.7786,0.0986
MMR(0.9),3.08,2,0.7935,0.3818
MMR(0.9),3.1,2,0.7935,0.3818
MMR(0.9),3.13,3,0.7786,0.0986
MMR(0.9),3.15,2,0.7935,0.3818
MMR(0.9),3.18,3,0.7786,0.0986
MMR(0.9),3.2,3,0.7786,0.0986
MMR(0.9),3.21,1,0.7635,0.0
MMR(0.9),3.23,1,0.7635,0.0
MMR(0.9),3.25,2,0.756,0.0947
MMR(0.9),3.26,2,0.7935,0.3818
MMR(0.9),3.28,2,0.7935,0.3818
MMR(0.9),3.29,3,0.7786,0.0986
MMR(0.9),3.3,2,0.7935,0.3818
MMR(0.9),3.31,3,0.7786,0.0986
MMR(0.9),3.32,2,0.756,0.0947
MMR(0.9),3.33,2,0.756,0.0947
MMR(0.9),3.34,2,0.756,0.0947
MMR(0.9),3.35,3,0.7786,0.0986
MMR(0.9),3.36,3,0.7786,0.0986
MMR(0.9),3.37,3,0.7786,0.0986
MMR(0.9),3.38,2,0.756,0.0947
MMR(0.9),3.4,1,0.7635,0.0
MMR(0.9),3.41,3,0.78,0.1046
MMR(0.9),3.44,3,0.78,0.1046
MMR(0.9),3.45,3,0.7813,0.1103
MMR(0.9),3.46,2,0.756,0.0947
MMR(0.9),3.48,2,0.756,0.0947
MMR(0.9),3.49,1,0.7635,0.0
MMR(0.9),3.5,1,0.7635,0.0
MMR(0.9),3.54,3,0.7813,0.1103
MMR(0.9),3.55,3,0.7813,0.1103
MMR(0.9),3.56,2,0.7977,0.4346
MMR(0.9),3.57,3,0.7813,0.1103
MMR(0.9),3.59,3,0.7813,0.1103
MMR(0.9),3.6,1,0.7635,0.0
MMR(0.9),3.62,3,0.7841,0.1126
MMR(0.9),3.63,3,0.7841,0.1126
MMR(0.9),3.64,2,0.7581,0.068
MMR(0.9),3.65,1,0.7635,0.0
MMR(0.9),3.66,3,0.7841,0.1126
MMR(0.9),3.67,1,0.7635,0.0
MMR(0.9),3.68,3,0.7855,0.1103
MMR(0.9),3.69,2,0.8019,0.4346
MMR(0.9),3.7,3,0.7855,0.1103
MMR(0.9),3.71,3,0.7855,0.1103
MMR(0.9),3.72,3,0.7855,0.1103
MMR(0.9),3.73,3,0.7855,0.1103
MMR(0.9),3.74,2,0.7603,0.0947
MMR(0.9),3.76,2,0.7603,0.0947
MMR(0.9),3.79,1,0.7677,0.0
MMR(0.9),3.8,3,0.7855,0.1103
MMR(0.9),3.81,2,0.7624,0.1213
MMR(0.9),3.82,1,0.7719,0.0
MMR(0.9),3.84,3,0.7869,0.1084
MMR(0.9),3.85,3,0.7869,0.1084
MMR(0.9),3.86,2,0.804,0.4079
MMR(0.9),3.87,3,0.7869,0.1084
MMR(0.9),3.89,3,0.7869,0.1084
MMR(0.9),3.9,3,0.7869,0.1084
MMR(0.9),3.93,3,0.7869,0.1084
MMR(0.9),3.96,3,0.7883,0.1045
MMR(0.9),3.97,2,0.7644,0.0953
MMR(0.9),3.98,3,0.7883,0.1045
MMR(0.9),3.99,3,0.7883,0.1045
MMR(0.9),4.0,2,0.804,0.4079
MMR(0.9),4.02,1,0.7719,0.0
MMR(0.9),4.03,2,0.7644,0.0953
MMR(0.9),4.04,3,0.7883,0.1045
MMR(0.9),4.06,2,0.7644,0.0953
MMR(0.9),4.08,3,0.7883,0.1045
MMR(0.9),4.09,3,0.7883,0.1045
MMR(0.9),4.1,3,0.7883,0.1045
MMR(0.9),4.11,3,0.7883,0.1045
MMR(0.9),4.13,3,0.7883,0.1045
MMR(0.9),4.14,3,0.7883,0.1045
MMR(0.9),4.15,3,0.7883,0.1045
MMR(0.9),4.16,2,0.7644,0.0953
MMR(0.9),4.17,2,0.804,0.4079
MMR(0.9),4.18,3,0.7883,0.1045
MMR(0.9),4.19,3,0.7883,0.1045
MMR(0.9),4.2,3,0.7883,0.1045
MMR(0.9),4.23,2,0.7644,0.0953
MMR(0.9),4.24,3,0.7883,0.1045
MMR(0.9),4.25,3,0.7883,0.1045
MMR(0.9),4.26,2,0.7644,0.0953
MMR(0.9),4.27,2,0.7623,0.0686
MMR(0.9),4.31,3,0.7883,0.1045
MMR(0.9),4.32,2,0.7644,0.0953
MMR(0.9),4.36,1,0.7719,0.0
MMR(0.9),4.39,3,0.7883,0.1045
MMR(0.9),4.4,3,0.7883,0.1045
MMR(0.9),4.41,2,0.7644,0.0953
MMR(0.9),4.42,3,0.7869,0.0986
MMR(0.9),4.43,2,0.7644,0.0953
MMR(0.9),4.44,2,0.8039,0.3551
MMR(0.9),4.45,2,0.7665,0.1213
MMR(0.9),4.46,1,0.776,0.0
MMR(0.9),4.48,2,0.7665,0.1213
MMR(0.9),4.49,3,0.7883,0.0968
MMR(0.9),4.53,3,0.7883,0.0968
MMR(0.9),4.54,2,0.8039,0.3551
MMR(0.9),4.55,3,0.7883,0.0968
MMR(0.9),4.62,2,0.8039,0.3551
MMR(0.9),4.64,2,0.7686,0.0947
MMR(0.9),4.66,3,0.7897,0.0927
MMR(0.9),4.74,3,0.7897,0.0927
MMR(0.9),4.75,1,0.776,0.0
MMR(0.9),4.85,2,0.8039,0.3551
MMR(0.9),4.87,1,0.776,0.0
MMR(0.9),4.9,2,0.8039,0.3551
MMR(0.9),4.91,1,0.776,0.0
MMR(0.9),5.01,2,0.8039,0.3551
MMR(0.9),5.02,1,0.776,0.0
MMR(0.9),5.04,1,0.776,0.0
MMR(0.9),5.05,1,0.776,0.0
Maxmin,1.77,3,0.7761,0.1002
Maxmin,1.78,3,0.7761,0.1002
Maxmin,1.91,2,0.7534,0.115
Maxmin,1.92,1,0.7625,0.0
Maxmin,1.98,2,0.7899,0.4015
Maxmin,2.06,3,0.7734,0.1059
Maxmin,2.11,1,0.7583,0.0
Maxmin,2.12,3,0.7734,0.1059
Maxmin,2.2,3,0.7727,0.1069
Maxmin,2.21,1,0.7562,0.0
Maxmin,2.24,2,0.7482,0.101
Maxmin,2.34,1,0.7562,0.0
Maxmin,2.35,1,0.7542,0.0
Maxmin,2.37,2,0.7837,0.4282
Maxmin,2.42,2,0.7837,0.4282
Maxmin,2.46,3,0.7676,0.1103
Maxmin,2.48,2,0.7798,0.4326
Maxmin,2.49,1,0.7458,0.0
Maxmin,2.5,1,0.7458,0.0
Maxmin,2.52,2,0.7789,0.4454
Maxmin,2.53,1,0.7479,0.0
Maxmin,2.57,2,0.7434,0.0839
Maxmin,2.63,2,0.7434,0.0839
Maxmin,2.65,3,0.7648,0.0976
Maxmin,2.66,3,0.7648,0.1073
Maxmin,2.7,1,0.7438,0.0
Maxmin,2.75,1,0.7438,0.0
Maxmin,2.76,1,0.7438,0.0
Maxmin,2.77,3,0.7628,0.1161
Maxmin,2.79,3,0.7628,0.1161
Maxmin,2.87,2,0.7292,0.1321
Maxmin,2.89,1,0.7396,0.0
Maxmin,2.9,1,0.7438,0.0
Maxmin,2.91,2,0.7292,0.1855
Maxmin,2.96,1,0.7417,0.0
Maxmin,2.97,3,0.7528,0.1285
Maxmin,2.98,2,0.774,0.4631
Maxmin,2.99,2,0.7261,0.1455
Maxmin,3.0,3,0.7542,0.1243
Maxmin,3.03,3,0.7528,0.1285
Maxmin,3.04,2,0.774,0.4631
Maxmin,3.06,3,0.7493,0.1313
Maxmin,3.08,2,0.7667,0.4238
Maxmin,3.1,2,0.7635,0.4898
Maxmin,3.13,3,0.7431,0.1301
Maxmin,3.15,2,0.7614,0.4631
Maxmin,3.18,3,0.7417,0.1243
Maxmin,3.2,3,0.7396,0.1193
Maxmin,3.21,1,0.7229,0.0
Maxmin,3.23,1,0.7229,0.0
Maxmin,3.25,2,0.7097,0.1677
Maxmin,3.26,2,0.7525,0.4809
Maxmin,3.28,2,0.7504,0.5076
Maxmin,3.29,3,0.731,0.1294
Maxmin,3.3,2,0.7504,0.5076
Maxmin,3.31,3,0.7303,0.1265
Maxmin,3.32,2,0.6994,0.0883
Maxmin,3.33,2,0.6994,0.0883
Maxmin,3.34,2,0.6994,0.0883
Maxmin,3.35,3,0.729,0.1286
Maxmin,3.36,3,0.7262,0.125
Maxmin,3.37,3,0.7255,0.1263
Maxmin,3.38,2,0.692,0.0483
Maxmin,3.4,1,0.6958,0.0
Maxmin,3.41,3,0.7199,0.1299
Maxmin,3.44,3,0.7171,0.1269
Maxmin,3.45,3,0.7185,0.1329
Maxmin,3.46,2,0.6878,0.075
Maxmin,3.48,2,0.6878,0.075
Maxmin,3.49,1,0.6896,0.0
Maxmin,3.5,1,0.6896,0.0
Maxmin,3.54,3,0.7164,0.1324
Maxmin,3.55,3,0.7164,0.1324
Maxmin,3.56,2,0.7337,0.5603
Maxmin,3.57,3,0.7123,0.132
Maxmin,3.59,3,0.7095,0.1289
Maxmin,3.6,1,0.6729,0.0
Maxmin,3.62,3,0.7067,0.135
Maxmin,3.63,3,0.7012,0.1381
Maxmin,3.64,2,0.6691,0.0305
Maxmin,3.65,1,0.6667,0.0
Maxmin,3.66,3,0.6984,0.1349
Maxmin,3.67,1,0.6667,0.0
Maxmin,3.68,3,0.6984,0.1349
Maxmin,3.69,2,0.7097,0.5997
Maxmin,3.7,3,0.6942,0.1261
Maxmin,3.71,3,0.6942,0.1261
Maxmin,3.72,3,0.6949,0.1245
Maxmin,3.73,3,0.6949,0.1245
Maxmin,3.74,2,0.6639,0.0089
Maxmin,3.76,2,0.6639,0.0089
Maxmin,3.79,1,0.6646,0.0
Maxmin,3.8,3,0.6935,0.1275
Maxmin,3.81,2,0.666,0.0178
Maxmin,3.82,1,0.6646,0.0
Maxmin,3.84,3,0.6949,0.1245
Maxmin,3.85,3,0.6935,0.1185
Maxmin,3.86,2,0.7066,0.5337
Maxmin,3.87,3,0.6907,0.1158
Maxmin,3.89,3,0.6838,0.1052
Maxmin,3.9,3,0.6838,0.1052
Maxmin,3.93,3,0.6796,0.0976
Maxmin,3.96,3,0.681,0.0962
Maxmin,3.97,2,0.6597,0.1499
Maxmin,3.98,3,0.6796,0.0976
Maxmin,3.99,3,0.6782,0.0918
Maxmin,4.0,2,0.6837,0.4542
Maxmin,4.02,1,0.6479,0.0
Maxmin,4.03,2,0.6556,0.0972
Maxmin,4.04,3,0.6768,0.0935
Maxmin,4.06,2,0.6535,0.0705
Maxmin,4.08,3,0.6747,0.0975
Maxmin,4.09,3,0.6706,0.0897
Maxmin,4.1,3,0.6706,0.0897
Maxmin,4.11,3,0.6706,0.0897
Maxmin,4.13,3,0.6692,0.0839
Maxmin,4.14,3,0.6692,0.0839
Maxmin,4.15,3,0.6651,0.0819
Maxmin,4.16,2,0.6451,0.0705
Maxmin,4.17,2,0.6712,0.4015
Maxmin,4.18,3,0.6644,0.0838
Maxmin,4.19,3,0.6616,0.0819
Maxmin,4.2,3,0.6616,0.0819
Maxmin,4.23,2,0.6388,0.0972
Maxmin,4.24,3,0.656,0.0762
Maxmin,4.25,3,0.6546,0.0704
Maxmin,4.26,2,0.6388,0.0972
Maxmin,4.27,2,0.6368,0.1766
Maxmin,4.31,3,0.6518,0.0733
Maxmin,4.32,2,0.6368,0.1766
Maxmin,4.36,1,0.6188,0.0
Maxmin,4.39,3,0.6477,0.0733
Maxmin,4.4,3,0.6463,0.0785
Maxmin,4.41,2,0.6305,0.2027
Maxmin,4.42,3,0.6449,0.0734
Maxmin,4.43,2,0.6305,0.2027
Maxmin,4.44,2,0.642,0.4015
Maxmin,4.45,2,0.6284,0.2293
Maxmin,4.46,1,0.6104,0.0
Maxmin,4.48,2,0.6263,0.256
Maxmin,4.49,3,0.6421,0.0842
Maxmin,4.53,3,0.6421,0.0842
Maxmin,4.54,2,0.6358,0.4276
Maxmin,4.55,3,0.6366,0.0795
Maxmin,4.62,2,0.6316,0.4282
Maxmin,4.64,2,0.6181,0.3088
Maxmin,4.66,3,0.6296,0.098
Maxmin,4.74,3,0.6296,0.098
Maxmin,4.75,1,0.5854,0.0
Maxmin,4.85,2,0.6191,0.4803
Maxmin,4.87,1,0.5771,0.0
Maxmin,4.9,2,0.617,0.507
Maxmin,4.91,1,0.5771,0.0
Maxmin,5.01,2,0.617,0.507
Maxmin,5.02,1,0.5729,0.0
Maxmin,5.04,1,0.5729,0.0
Maxmin,5.05,1,0.5687,0.0
Greedy-DPP,1.77,3,0.7761,0.1002
Greedy-DPP,1.78,3,0.7761,0.1002
Greedy-DPP,1.91,2,0.7534,0.115
Greedy-DPP,1.92,1,0.7625,0.0
Greedy-DPP,1.98,2,0.792,0.3748
Greedy-DPP,2.06,3,0.7748,0.1043
Greedy-DPP,2.11,1,0.7625,0.0
Greedy-DPP,2.12,3,0.7748,0.1043
Greedy-DPP,2.2,3,0.7751,0.1039
Greedy-DPP,2.21,1,0.7635,0.0
Greedy-DPP,2.24,2,0.7519,0.1474
Greedy-DPP,2.34,1,0.7635,0.0
Greedy-DPP,2.35,1,0.7635,0.0
Greedy-DPP,2.37,2,0.7925,0.3685
Greedy-DPP,2.42,2,0.7925,0.3685
Greedy-DPP,2.46,3,0.7781,0.1033
Greedy-DPP,2.48,2,0.7942,0.3907
Greedy-DPP,2.49,1,0.7635,0.0
Greedy-DPP,2.5,1,0.7594,0.0
Greedy-DPP,2.52,2,0.7916,0.4238
Greedy-DPP,2.53,1,0.7583,0.0
Greedy-DPP,2.57,2,0.7541,0.0794
Greedy-DPP,2.63,2,0.7541,0.0794
Greedy-DPP,2.65,3,0.7781,0.1063
Greedy-DPP,2.66,3,0.7768,0.11
Greedy-DPP,2.7,1,0.7573,0.0
Greedy-DPP,2.75,1,0.7573,0.0
Greedy-DPP,2.76,1,0.7573,0.0
Greedy-DPP,2.77,3,0.7761,0.1111
Greedy-DPP,2.79,3,0.7768,0.114
Greedy-DPP,2.87,2,0.7506,0.0858
Greedy-DPP,2.89,1,0.7573,0.0
Greedy-DPP,2.9,1,0.7615,0.0
Greedy-DPP,2.91,2,0.7527,0.1124
Greedy-DPP,2.96,1,0.7635,0.0
Greedy-DPP,2.97,3,0.7788,0.1141
Greedy-DPP,2.98,2,0.7954,0.4568
Greedy-DPP,2.99,2,0.7526,0.0864
Greedy-DPP,3.0,3,0.7774,0.1082
Greedy-DPP,3.03,3,0.7784,0.1089
Greedy-DPP,3.04,2,0.7939,0.439
Greedy-DPP,3.06,3,0.7777,0.1059
Greedy-DPP,3.08,2,0.7908,0.399
Greedy-DPP,3.1,2,0.7887,0.4257
Greedy-DPP,3.13,3,0.7742,0.1088
Greedy-DPP,3.15,2,0.7897,0.439
Greedy-DPP,3.18,3,0.7756,0.1067
Greedy-DPP,3.2,3,0.7742,0.1008
Greedy-DPP,3.21,1,0.7594,0.0
Greedy-DPP,3.23,1,0.7594,0.0
Greedy-DPP,3.25,2,0.7512,0.1036
Greedy-DPP,3.26,2,0.7876,0.4123
Greedy-DPP,3.28,2,0.7876,0.4123
Greedy-DPP,3.29,3,0.7728,0.1029
Greedy-DPP,3.3,2,0.7876,0.4123
Greedy-DPP,3.31,3,0.7728,0.1029
Greedy-DPP,3.32,2,0.747,0.0502
Greedy-DPP,3.33,2,0.747,0.0502
Greedy-DPP,3.34,2,0.747,0.0502
Greedy-DPP,3.35,3,0.7714,0.1052
Greedy-DPP,3.36,3,0.7687,0.1019
Greedy-DPP,3.37,3,0.7687,0.1019
Greedy-DPP,3.38,2,0.745,0.0241
Greedy-DPP,3.4,1,0.7469,0.0
Greedy-DPP,3.41,3,0.77,0.1078
Greedy-DPP,3.44,3,0.77,0.1078
Greedy-DPP,3.45,3,0.7714,0.1138
Greedy-DPP,3.46,2,0.745,0.0241
Greedy-DPP,3.48,2,0.745,0.0241
Greedy-DPP,3.49,1,0.7427,0.0
Greedy-DPP,3.5,1,0.7427,0.0
Greedy-DPP,3.54,3,0.77,0.1167
Greedy-DPP,3.55,3,0.77,0.1167
Greedy-DPP,3.56,2,0.7835,0.5184
Greedy-DPP,3.57,3,0.7659,0.1172
Greedy-DPP,3.59,3,0.7645,0.1198
Greedy-DPP,3.6,1,0.726,0.0
Greedy-DPP,3.62,3,0.7645,0.1305
Greedy-DPP,3.63,3,0.7617,0.1267
Greedy-DPP,3.64,2,0.7325,0.082
Greedy-DPP,3.65,1,0.726,0.0
Greedy-DPP,3.66,3,0.7617,0.1267
Greedy-DPP,3.67,1,0.726,0.0
Greedy-DPP,3.68,3,0.7631,0.1232
Greedy-DPP,3.69,2,0.771,0.5718
Greedy-DPP,3.7,3,0.7603,0.1209
Greedy-DPP,3.71,3,0.7603,0.1209
Greedy-DPP,3.72,3,0.7589,0.1246
Greedy-DPP,3.73,3,0.7589,0.1246
Greedy-DPP,3.74,2,0.7304,0.108
Greedy-DPP,3.76,2,0.7304,0.108
Greedy-DPP,3.79,1,0.7219,0.0
Greedy-DPP,3.8,3,0.7575,0.1186
Greedy-DPP,3.81,2,0.7346,0.1086
Greedy-DPP,3.82,1,0.726,0.0
Greedy-DPP,3.84,3,0.7589,0.1069
Greedy-DPP,3.85,3,0.7589,0.1069
Greedy-DPP,3.86,2,0.7668,0.5184
Greedy-DPP,3.87,3,0.7575,0.1109
Greedy-DPP,3.89,3,0.7575,0.1109
Greedy-DPP,3.9,3,0.7575,0.1109
Greedy-DPP,3.93,3,0.7575,0.1109
Greedy-DPP,3.96,3,0.7562,0.1052
Greedy-DPP,3.97,2,0.7325,0.1347
Greedy-DPP,3.98,3,0.7562,0.1052
Greedy-DPP,3.99,3,0.7548,0.0994
Greedy-DPP,4.0,2,0.7606,0.4917
Greedy-DPP,4.02,1,0.7219,0.0
Greedy-DPP,4.03,2,0.7304,0.108
Greedy-DPP,4.04,3,0.7534,0.101
Greedy-DPP,4.06,2,0.7304,0.108
Greedy-DPP,4.08,3,0.7534,0.101
Greedy-DPP,4.09,3,0.7534,0.101
Greedy-DPP,4.1,3,0.7534,0.101
Greedy-DPP,4.11,3,0.7534,0.101
Greedy-DPP,4.13,3,0.7534,0.101
Greedy-DPP,4.14,3,0.7534,0.101
Greedy-DPP,4.15,3,0.7492,0.0993
Greedy-DPP,4.16,2,0.7263,0.0553
Greedy-DPP,4.17,2,0.7585,0.465
Greedy-DPP,4.18,3,0.7492,0.0993
Greedy-DPP,4.19,3,0.7492,0.0993
Greedy-DPP,4.2,3,0.7492,0.0993
Greedy-DPP,4.23,2,0.7263,0.0553
Greedy-DPP,4.24,3,0.7492,0.0993
Greedy-DPP,4.25,3,0.7492,0.0993
Greedy-DPP,4.26,2,0.7263,0.0553
Greedy-DPP,4.27,2,0.7262,0.108
Greedy-DPP,4.31,3,0.7492,0.101
Greedy-DPP,4.32,2,0.7262,0.108
Greedy-DPP,4.36,1,0.7177,0.0
Greedy-DPP,4.39,3,0.7492,0.101
Greedy-DPP,4.4,3,0.7492,0.101
Greedy-DPP,4.41,2,0.7262,0.108
Greedy-DPP,4.42,3,0.7478,0.0953
Greedy-DPP,4.43,2,0.7262,0.108
Greedy-DPP,4.44,2,0.7565,0.439
Greedy-DPP,4.45,2,0.7283,0.0813
Greedy-DPP,4.46,1,0.7219,0.0
Greedy-DPP,4.48,2,0.7262,0.108
Greedy-DPP,4.49,3,0.7478,0.0953
Greedy-DPP,4.53,3,0.7478,0.0953
Greedy-DPP,4.54,2,0.7544,0.4657
Greedy-DPP,4.55,3,0.7478,0.0953
Greedy-DPP,4.62,2,0.7544,0.4657
Greedy-DPP,4.64,2,0.7262,0.108
Greedy-DPP,4.66,3,0.7492,0.0937
Greedy-DPP,4.74,3,0.7506,0.0994
Greedy-DPP,4.75,1,0.7177,0.0
Greedy-DPP,4.85,2,0.7585,0.5184
Greedy-DPP,4.87,1,0.7177,0.0
Greedy-DPP,4.9,2,0.7585,0.5184
Greedy-DPP,4.91,1,0.7177,0.0
Greedy-DPP,5.01,2,0.7585,0.5184
Greedy-DPP,5.02,1,0.7177,0.0
Greedy-DPP,5.04,1,0.7177,0.0
Greedy-DPP,5.05,1,0.7177,0.0
RNG(-0.3),1.77,3,0.7761,0.1002
RNG(-0.3),1.78,3,0.7761,0.1002
RNG(-0.3),1.91,2,0.7534,0.115
RNG(-0.3),1.92,1,0.7625,0.0
RNG(-0.3),1.98,2,0.792,0.3748
RNG(-0.3),2.06,3,0.7761,0.1002
RNG(-0.3),2.11,1,0.7625,0.0
RNG(-0.3),2.12,3,0.7761,0.1002
RNG(-0.3),2.2,3,0.7761,0.1002
RNG(-0.3),2.21,1,0.7625,0.0
RNG(-0.3),2.24,2,0.7534,0.115
RNG(-0.3),2.34,1,0.7625,0.0
RNG(-0.3),2.35,1,0.7625,0.0
RNG(-0.3),2.37,2,0.792,0.3748
RNG(-0.3),2.42,2,0.792,0.3748
RNG(-0.3),2.46,3,0.7761,0.1002
RNG(-0.3),2.48,2,0.792,0.3748
RNG(-0.3),2.49,1,0.7625,0.0
RNG(-0.3),2.5,1,0.7625,0.0
RNG(-0.3),2.52,2,0.792,0.3748
RNG(-0.3),2.53,1,0.7625,0.0
RNG(-0.3),2.57,2,0.7534,0.115
RNG(-0.3),2.63,2,0.7534,0.115
RNG(-0.3),2.65,3,0.7761,0.1002
RNG(-0.3),2.66,3,0.7761,0.1002
RNG(-0.3),2.7,1,0.7625,0.0
RNG(-0.3),2.75,1,0.7625,0.0
RNG(-0.3),2.76,1,0.7625,0.0
RNG(-0.3),2.77,3,0.7761,0.1002
RNG(-0.3),2.79,3,0.7761,0.1002
RNG(-0.3),2.87,2,0.7534,0.115
RNG(-0.3),2.89,1,0.7625,0.0
RNG(-0.3),2.9,1,0.7625,0.0
RNG(-0.3),2.91,2,0.7534,0.115
RNG(-0.3),2.96,1,0.7625,0.0
RNG(-0.3),2.97,3,0.7761,0.1002
RNG(-0.3),2.98,2,0.792,0.3748
RNG(-0.3),2.99,2,0.7534,0.115
RNG(-0.3),3.0,3,0.7761,0.1002
RNG(-0.3),3.03,3,0.7761,0.1002
RNG(-0.3),3.04,2,0.792,0.3748
RNG(-0.3),3.06,3,0.7761,0.1002
RNG(-0.3),3.08,2,0.792,0.3748
RNG(-0.3),3.1,2,0.792,0.3748
RNG(-0.3),3.13,3,0.7761,0.1002
RNG(-0.3),3.15,2,0.792,0.3748
RNG(-0.3),3.18,3,0.7761,0.1002
RNG(-0.3),3.2,3,0.7761,0.1002
RNG(-0.3),3.21,1,0.7625,0.0
RNG(-0.3),3.23,1,0.7625,0.0
RNG(-0.3),3.25,2,0.7534,0.115
RNG(-0.3),3.26,2,0.792,0.3748
RNG(-0.3),3.28,2,0.792,0.3748
RNG(-0.3),3.29,3,0.7761,0.1002
RNG(-0.3),3.3,2,0.792,0.3748
RNG(-0.3),3.31,3,0.7761,0.1002
RNG(-0.3),3.32,2,0.7534,0.115
RNG(-0.3),3.33,2,0.7534,0.115
RNG(-0.3),3.34,2,0.7534,0.115
RNG(-0.3),3.35,3,0.7761,0.1002
RNG(-0.3),3.36,3,0.7761,0.1002
RNG(-0.3),3.37,3,0.7761,0.1002
RNG(-0.3),3.38,2,0.7534,0.115
RNG(-0.3),3.4,1,0.7625,0.0
RNG(-0.3),3.41,3,0.7775,0.106
RNG(-0.3),3.44,3,0.7775,0.106
RNG(-0.3),3.45,3,0.7775,0.106
RNG(-0.3),3.46,2,0.7534,0.115
RNG(-0.3),3.48,2,0.7534,0.115
RNG(-0.3),3.49,1,0.7625,0.0
RNG(-0.3),3.5,1,0.7625,0.0
RNG(-0.3),3.54,3,0.7775,0.106
RNG(-0.3),3.55,3,0.7775,0.106
RNG(-0.3),3.56,2,0.7941,0.4015
RNG(-0.3),3.57,3,0.7775,0.106
RNG(-0.3),3.59,3,0.7775,0.106
RNG(-0.3),3.6,1,0.7625,0.0
RNG(-0.3),3.62,3,0.7775,0.106
RNG(-0.3),3.63,3,0.7775,0.106
RNG(-0.3),3.64,2,0.7534,0.115
RNG(-0.3),3.65,1,0.7625,0.0
RNG(-0.3),3.66,3,0.7775,0.106
RNG(-0.3),3.67,1,0.7625,0.0
RNG(-0.3),3.68,3,0.7789,0.1044
RNG(-0.3),3.69,2,0.7962,0.3748
RNG(-0.3),3.7,3,0.7789,0.1044
RNG(-0.3),3.71,3,0.7789,0.1044
RNG(-0.3),3.72,3,0.7789,0.1044
RNG(-0.3),3.73,3,0.7789,0.1044
RNG(-0.3),3.74,2,0.7555,0.1417
RNG(-0.3),3.76,2,0.7555,0.1417
RNG(-0.3),3.79,1,0.7667,0.0
RNG(-0.3),3.8,3,0.7789,0.1044
RNG(-0.3),3.81,2,0.7555,0.1417
RNG(-0.3),3.82,1,0.7667,0.0
RNG(-0.3),3.84,3,0.7789,0.1044
RNG(-0.3),3.85,3,0.7789,0.1044
RNG(-0.3),3.86,2,0.7962,0.3748
RNG(-0.3),3.87,3,0.7789,0.1044
RNG(-0.3),3.89,3,0.7789,0.1044
RNG(-0.3),3.9,3,0.7789,0.1044
RNG(-0.3),3.93,3,0.7789,0.1044
RNG(-0.3),3.96,3,0.7803,0.1002
RNG(-0.3),3.97,2,0.7577,0.115
RNG(-0.3),3.98,3,0.7803,0.1002
RNG(-0.3),3.99,3,0.7803,0.1002
RNG(-0.3),4.0,2,0.7962,0.3748
RNG(-0.3),4.02,1,0.7667,0.0
RNG(-0.3),4.03,2,0.7577,0.115
RNG(-0.3),4.04,3,0.7803,0.1002
RNG(-0.3),4.06,2,0.7577,0.115
RNG(-0.3),4.08,3,0.7803,0.1002
RNG(-0.3),4.09,3,0.7803,0.1002
RNG(-0.3),4.1,3,0.7803,0.1002
RNG(-0.3),4.11,3,0.7803,0.1002
RNG(-0.3),4.13,3,0.7803,0.1002
RNG(-0.3),4.14,3,0.7803,0.1002
RNG(-0.3),4.15,3,0.7803,0.1002
RNG(-0.3),4.16,2,0.7577,0.115
RNG(-0.3),4.17,2,0.7962,0.3748
RNG(-0.3),4.18,3,0.7803,0.1002
RNG(-0.3),4.19,3,0.7803,0.1002
RNG(-0.3),4.2,3,0.7803,0.1002
RNG(-0.3),4.23,2,0.7577,0.115
RNG(-0.3),4.24,3,0.7803,0.1002
RNG(-0.3),4.25,3,0.7803,0.1002
RNG(-0.3),4.26,2,0.7577,0.115
RNG(-0.3),4.27,2,0.7577,0.115
RNG(-0.3),4.31,3,0.7803,0.1002
RNG(-0.3),4.32,2,0.7577,0.115
RNG(-0.3),4.36,1,0.7667,0.0
RNG(-0.3),4.39,3,0.7803,0.1002
RNG(-0.3),4.4,3,0.7803,0.1002
RNG(-0.3),4.41,2,0.7577,0.115
RNG(-0.3),4.42,3,0.7803,0.1002
RNG(-0.3),4.43,2,0.7577,0.115
RNG(-0.3),4.44,2,0.7962,0.3748
RNG(-0.3),4.45,2,0.7577,0.115
RNG(-0.3),4.46,1,0.7667,0.0
RNG(-0.3),4.48,2,0.7577,0.115
RNG(-0.3),4.49,3,0.7803,0.1002
RNG(-0.3),4.53,3,0.7803,0.1002
RNG(-0.3),4.54,2,0.7962,0.3748
RNG(-0.3),4.55,3,0.7803,0.1002
RNG(-0.3),4.62,2,0.7962,0.3748
RNG(-0.3),4.64,2,0.7598,0.0883
RNG(-0.3),4.66,3,0.7817,0.0961
RNG(-0.3),4.74,3,0.7817,0.0961
RNG(-0.3),4.75,1,0.7667,0.0
RNG(-0.3),4.85,2,0.7962,0.3748
RNG(-0.3),4.87,1,0.7667,0.0
RNG(-0.3),4.9,2,0.7962,0.3748
RNG(-0.3),4.91,1,0.7667,0.0
RNG(-0.3),5.01,2,0.7962,0.3748
RNG(-0.3),5.02,1,0.7667,0.0
RNG(-0.3),5.04,1,0.7667,0.0
RNG(-0.3),5.05,1,0.7667,0.0
RNG(-0.2),1.77,3,0.7761,0.1002
RNG(-0.2),1.78,3,0.7761,0.1002
RNG(-0.2),1.91,2,0.7534,0.115
RNG(-0.2),1.92,1,0.7625,0.0
RNG(-0.2),1.98,2,0.792,0.3748
RNG(-0.2),2.06,3,0.7761,0.1002
RNG(-0.2),2.11,1,0.7625,0.0
RNG(-0.2),2.12,3,0.7761,0.1002
RNG(-0.2),2.2,3,0.7761,0.1002
RNG(-0.2),2.21,1,0.7625,0.0
RNG(-0.2),2.24,2,0.7534,0.115
RNG(-0.2),2.34,1,0.7625,0.0
RNG(-0.2),2.35,1,0.7625,0.0
RNG(-0.2),2.37,2,0.792,0.3748
RNG(-0.2),2.42,2,0.792,0.3748
RNG(-0.2),2.46,3,0.7782,0.0991
RNG(-0.2),2.48,2,0.7931,0.3882
RNG(-0.2),2.49,1,0.7625,0.0
RNG(-0.2),2.5,1,0.7625,0.0
RNG(-0.2),2.52,2,0.7931,0.3882
RNG(-0.2),2.53,1,0.7625,0.0
RNG(-0.2),2.57,2,0.7555,0.0883
RNG(-0.2),2.63,2,0.7555,0.0883
RNG(-0.2),2.65,3,0.7782,0.0991
RNG(-0.2),2.66,3,0.7782,0.0991
RNG(-0.2),2.7,1,0.7625,0.0
RNG(-0.2),2.75,1,0.7625,0.0
RNG(-0.2),2.76,1,0.7625,0.0
RNG(-0.2),2.77,3,0.7782,0.0991
RNG(-0.2),2.79,3,0.7782,0.0991
RNG(-0.2),2.87,2,0.7555,0.0883
RNG(-0.2),2.89,1,0.7625,0.0
RNG(-0.2),2.9,1,0.7625,0.0
RNG(-0.2),2.91,2,0.7555,0.0883
RNG(-0.2),2.96,1,0.7625,0.0
RNG(-0.2),2.97,3,0.7782,0.0991
RNG(-0.2),2.98,2,0.7931,0.3882
RNG(-0.2),2.99,2,0.7555,0.0883
RNG(-0.2),3.0,3,0.7782,0.0991
RNG(-0.2),3.03,3,0.7782,0.0991
RNG(-0.2),3.04,2,0.7931,0.3882
RNG(-0.2),3.06,3,0.7796,0.1051
RNG(-0.2),3.08,2,0.7952,0.4149
RNG(-0.2),3.1,2,0.7952,0.4149
RNG(-0.2),3.13,3,0.7796,0.1051
RNG(-0.2),3.15,2,0.7952,0.4149
RNG(-0.2),3.18,3,0.7796,0.1051
RNG(-0.2),3.2,3,0.7796,0.1051
RNG(-0.2),3.21,1,0.7625,0.0
RNG(-0.2),3.23,1,0.7667,0.0
RNG(-0.2),3.25,2,0.7577,0.115
RNG(-0.2),3.26,2,0.7973,0.3882
RNG(-0.2),3.28,2,0.7973,0.3882
RNG(-0.2),3.29,3,0.781,0.1031
RNG(-0.2),3.3,2,0.7973,0.3882
RNG(-0.2),3.31,3,0.781,0.1031
RNG(-0.2),3.32,2,0.7577,0.115
RNG(-0.2),3.33,2,0.7577,0.115
RNG(-0.2),3.34,2,0.7577,0.115
RNG(-0.2),3.35,3,0.781,0.1031
RNG(-0.2),3.36,3,0.781,0.1031
RNG(-0.2),3.37,3,0.781,0.1031
RNG(-0.2),3.38,2,0.7577,0.115
RNG(-0.2),3.4,1,0.7667,0.0
RNG(-0.2),3.41,3,0.7824,0.1088
RNG(-0.2),3.44,3,0.7824,0.1088
RNG(-0.2),3.45,3,0.7824,0.1088
RNG(-0.2),3.46,2,0.7577,0.115
RNG(-0.2),3.48,2,0.7577,0.115
RNG(-0.2),3.49,1,0.7667,0.0
RNG(-0.2),3.5,1,0.7667,0.0
RNG(-0.2),3.54,3,0.7824,0.1088
RNG(-0.2),3.55,3,0.7824,0.1088
RNG(-0.2),3.56,2,0.7993,0.4142
RNG(-0.2),3.57,3,0.7824,0.1088
RNG(-0.2),3.59,3,0.7824,0.1088
RNG(-0.2),3.6,1,0.7667,0.0
RNG(-0.2),3.62,3,0.7852,0.1109
RNG(-0.2),3.63,3,0.7852,0.1109
RNG(-0.2),3.64,2,0.7598,0.0883
RNG(-0.2),3.65,1,0.7667,0.0
RNG(-0.2),3.66,3,0.7852,0.1109
RNG(-0.2),3.67,1,0.7667,0.0
RNG(-0.2),3.68,3,0.7866,0.1089
RNG(-0.2),3.69,2,0.8034,0.4149
RNG(-0.2),3.7,3,0.7866,0.1089
RNG(-0.2),3.71,3,0.7866,0.1089
RNG(-0.2),3.72,3,0.7866,0.1089
RNG(-0.2),3.73,3,0.7866,0.1089
RNG(-0.2),3.74,2,0.7618,0.1144
RNG(-0.2),3.76,2,0.7618,0.1144
RNG(-0.2),3.79,1,0.7708,0.0
RNG(-0.2),3.8,3,0.788,0.1148
RNG(-0.2),3.81,2,0.7639,0.141
RNG(-0.2),3.82,1,0.775,0.0
RNG(-0.2),3.84,3,0.7894,0.113
RNG(-0.2),3.85,3,0.7894,0.113
RNG(-0.2),3.86,2,0.8076,0.4149
RNG(-0.2),3.87,3,0.7894,0.113
RNG(-0.2),3.89,3,0.7894,0.113
RNG(-0.2),3.9,3,0.7894,0.113
RNG(-0.2),3.93,3,0.7894,0.113
RNG(-0.2),3.96,3,0.7907,0.109
RNG(-0.2),3.97,2,0.766,0.115
RNG(-0.2),3.98,3,0.7907,0.109
RNG(-0.2),3.99,3,0.7907,0.109
RNG(-0.2),4.0,2,0.8076,0.4149
RNG(-0.2),4.02,1,0.775,0.0
RNG(-0.2),4.03,2,0.766,0.115
RNG(-0.2),4.04,3,0.7907,0.109
RNG(-0.2),4.06,2,0.766,0.115
RNG(-0.2),4.08,3,0.7907,0.109
RNG(-0.2),4.09,3,0.7907,0.109
RNG(-0.2),4.1,3,0.7907,0.109
RNG(-0.2),4.11,3,0.7907,0.109
RNG(-0.2),4.13,3,0.7907,0.109
RNG(-0.2),4.14,3,0.7907,0.109
RNG(-0.2),4.15,3,0.7907,0.109
RNG(-0.2),4.16,2,0.766,0.115
RNG(-0.2),4.17,2,0.8076,0.4149
RNG(-0.2),4.18,3,0.7907,0.109
RNG(-0.2),4.19,3,0.7907,0.109
RNG(-0.2),4.2,3,0.7907,0.109
RNG(-0.2),4.23,2,0.766,0.115
RNG(-0.2),4.24,3,0.7921,0.1147
RNG(-0.2),4.25,3,0.7921,0.1147
RNG(-0.2),4.26,2,0.766,0.115
RNG(-0.2),4.27,2,0.766,0.115
RNG(-0.2),4.31,3,0.7935,0.113
RNG(-0.2),4.32,2,0.7681,0.1417
RNG(-0.2),4.36,1,0.7792,0.0
RNG(-0.2),4.39,3,0.7963,0.1173
RNG(-0.2),4.4,3,0.7963,0.1173
RNG(-0.2),4.41,2,0.7701,0.1677
RNG(-0.2),4.42,3,0.7963,0.1173
RNG(-0.2),4.43,2,0.7701,0.1677
RNG(-0.2),4.44,2,0.8159,0.4149
RNG(-0.2),4.45,2,0.7701,0.1677
RNG(-0.2),4.46,1,0.7833,0.0
RNG(-0.2),4.48,2,0.7701,0.1677
RNG(-0.2),4.49,3,0.7963,0.1173
RNG(-0.2),4.53,3,0.7963,0.1173
RNG(-0.2),4.54,2,0.8159,0.4149
RNG(-0.2),4.55,3,0.7963,0.1173
RNG(-0.2),4.62,2,0.8159,0.4149
RNG(-0.2),4.64,2,0.7722,0.141
RNG(-0.2),4.66,3,0.7977,0.113
RNG(-0.2),4.74,3,0.7977,0.113
RNG(-0.2),4.75,1,0.7833,0.0
RNG(-0.2),4.85,2,0.8159,0.4149
RNG(-0.2),4.87,1,0.7833,0.0
RNG(-0.2),4.9,2,0.8159,0.4149
RNG(-0.2),4.91,1,0.7833,0.0
RNG(-0.2),5.01,2,0.8159,0.4149
RNG(-0.2),5.02,1,0.7833,0.0
RNG(-0.2),5.04,1,0.7833,0.0
RNG(-0.2),5.05,1,0.7833,0.0
RNG(-0.1),1.77,3,0.7761,0.1002
RNG(-0.1),1.78,3,0.7761,0.1002
RNG(-0.1),1.91,2,0.7534,0.115
RNG(-0.1),1.92,1,0.7625,0.0
RNG(-0.1),1.98,2,0.792,0.3748
RNG(-0.1),2.06,3,0.7761,0.1002
RNG(-0.1),2.11,1,0.7625,0.0
RNG(-0.1),2.12,3,0.7761,0.1002
RNG(-0.1),2.2,3,0.7765,0.0997
RNG(-0.1),2.21,1,0.7635,0.0
RNG(-0.1),2.24,2,0.7539,0.1213
RNG(-0.1),2.34,1,0.7635,0.0
RNG(-0.1),2.35,1,0.7635,0.0
RNG(-0.1),2.37,2,0.7925,0.3685
RNG(-0.1),2.42,2,0.7925,0.3685
RNG(-0.1),2.46,3,0.7786,0.0986
RNG(-0.1),2.48,2,0.7935,0.3818
RNG(-0.1),2.49,1,0.7635,0.0
RNG(-0.1),2.5,1,0.7635,0.0
RNG(-0.1),2.52,2,0.7935,0.3818
RNG(-0.1),2.53,1,0.7635,0.0
RNG(-0.1),2.57,2,0.7581,0.0947
RNG(-0.1),2.63,2,0.7581,0.0947
RNG(-0.1),2.65,3,0.78,0.0957
RNG(-0.1),2.66,3,0.78,0.0957
RNG(-0.1),2.7,1,0.7656,0.0
RNG(-0.1),2.75,1,0.7656,0.0
RNG(-0.1),2.76,1,0.7656,0.0
RNG(-0.1),2.77,3,0.78,0.0957
RNG(-0.1),2.79,3,0.7807,0.0986
RNG(-0.1),2.87,2,0.7581,0.0947
RNG(-0.1),2.89,1,0.7656,0.0
RNG(-0.1),2.9,1,0.7656,0.0
RNG(-0.1),2.91,2,0.7581,0.0947
RNG(-0.1),2.96,1,0.7677,0.0
RNG(-0.1),2.97,3,0.7828,0.0986
RNG(-0.1),2.98,2,0.7977,0.3818
RNG(-0.1),2.99,2,0.7623,0.0686
RNG(-0.1),3.0,3,0.7841,0.0949
RNG(-0.1),3.03,3,0.7841,0.0949
RNG(-0.1),3.04,2,0.7977,0.3818
RNG(-0.1),3.06,3,0.7855,0.1007
RNG(-0.1),3.08,2,0.7998,0.4079
RNG(-0.1),3.1,2,0.7998,0.4079
RNG(-0.1),3.13,3,0.7869,0.1067
RNG(-0.1),3.15,2,0.8019,0.4346
RNG(-0.1),3.18,3,0.7869,0.1067
RNG(-0.1),3.2,3,0.7855,0.1007
RNG(-0.1),3.21,1,0.7677,0.0
RNG(-0.1),3.23,1,0.7677,0.0
RNG(-0.1),3.25,2,0.7603,0.0947
RNG(-0.1),3.26,2,0.7998,0.4079
RNG(-0.1),3.28,2,0.7998,0.4079
RNG(-0.1),3.29,3,0.7841,0.1044
RNG(-0.1),3.3,2,0.7998,0.4079
RNG(-0.1),3.31,3,0.7841,0.1044
RNG(-0.1),3.32,2,0.7603,0.0947
RNG(-0.1),3.33,2,0.7603,0.0947
RNG(-0.1),3.34,2,0.7603,0.0947
RNG(-0.1),3.35,3,0.7841,0.1044
RNG(-0.1),3.36,3,0.7841,0.1044
RNG(-0.1),3.37,3,0.7841,0.1044
RNG(-0.1),3.38,2,0.7603,0.0947
RNG(-0.1),3.4,1,0.7677,0.0
RNG(-0.1),3.41,3,0.7855,0.1103
RNG(-0.1),3.44,3,0.7855,0.1103
RNG(-0.1),3.45,3,0.7869,0.1163
RNG(-0.1),3.46,2,0.7603,0.0947
RNG(-0.1),3.48,2,0.7603,0.0947
RNG(-0.1),3.49,1,0.7677,0.0
RNG(-0.1),3.5,1,0.7677,0.0
RNG(-0.1),3.54,3,0.7869,0.1163
RNG(-0.1),3.55,3,0.7869,0.1163
RNG(-0.1),3.56,2,0.804,0.4612
RNG(-0.1),3.57,3,0.7869,0.1163
RNG(-0.1),3.59,3,0.7869,0.1163
RNG(-0.1),3.6,1,0.7677,0.0
RNG(-0.1),3.62,3,0.7897,0.1185
RNG(-0.1),3.63,3,0.7897,0.1185
RNG(-0.1),3.64,2,0.7623,0.0686
RNG(-0.1),3.65,1,0.7677,0.0
RNG(-0.1),3.66,3,0.7897,0.1185
RNG(-0.1),3.67,1,0.7677,0.0
RNG(-0.1),3.68,3,0.7911,0.1162
RNG(-0.1),3.69,2,0.8082,0.4606
RNG(-0.1),3.7,3,0.7911,0.1162
RNG(-0.1),3.71,3,0.7911,0.1162
RNG(-0.1),3.72,3,0.7911,0.1162
RNG(-0.1),3.73,3,0.7911,0.1162
RNG(-0.1),3.74,2,0.7644,0.0953
RNG(-0.1),3.76,2,0.7644,0.0953
RNG(-0.1),3.79,1,0.7719,0.0
RNG(-0.1),3.8,3,0.7911,0.1162
RNG(-0.1),3.81,2,0.7665,0.1213
RNG(-0.1),3.82,1,0.776,0.0
RNG(-0.1),3.84,3,0.7911,0.1085
RNG(-0.1),3.85,3,0.7911,0.1085
RNG(-0.1),3.86,2,0.8082,0.4085
RNG(-0.1),3.87,3,0.7911,0.1085
RNG(-0.1),3.89,3,0.7911,0.1085
RNG(-0.1),3.9,3,0.7911,0.1085
RNG(-0.1),3.93,3,0.7911,0.1085
RNG(-0.1),3.96,3,0.7925,0.1046
RNG(-0.1),3.97,2,0.7686,0.0947
RNG(-0.1),3.98,3,0.7925,0.1046
RNG(-0.1),3.99,3,0.7925,0.1046
RNG(-0.1),4.0,2,0.8082,0.4085
RNG(-0.1),4.02,1,0.776,0.0
RNG(-0.1),4.03,2,0.7686,0.0947
RNG(-0.1),4.04,3,0.7925,0.1046
RNG(-0.1),4.06,2,0.7665,0.1213
RNG(-0.1),4.08,3,0.7911,0.1085
RNG(-0.1),4.09,3,0.7911,0.1085
RNG(-0.1),4.1,3,0.7911,0.1085
RNG(-0.1),4.11,3,0.7911,0.1085
RNG(-0.1),4.13,3,0.7925,0.1046
RNG(-0.1),4.14,3,0.7925,0.1046
RNG(-0.1),4.15,3,0.7925,0.1046
RNG(-0.1),4.16,2,0.7675,0.082
RNG(-0.1),4.17,2,0.8072,0.4212
RNG(-0.1),4.18,3,0.7918,0.1056
RNG(-0.1),4.19,3,0.7918,0.1056
RNG(-0.1),4.2,3,0.7918,0.1056
RNG(-0.1),4.23,2,0.7696,0.108
RNG(-0.1),4.24,3,0.7932,0.1036
RNG(-0.1),4.25,3,0.7932,0.1036
RNG(-0.1),4.26,2,0.7696,0.108
RNG(-0.1),4.27,2,0.7675,0.082
RNG(-0.1),4.31,3,0.7932,0.1036
RNG(-0.1),4.32,2,0.7717,0.0813
RNG(-0.1),4.36,1,0.7781,0.0
RNG(-0.1),4.39,3,0.7959,0.1055
RNG(-0.1),4.4,3,0.7959,0.1055
RNG(-0.1),4.41,2,0.7717,0.0813
RNG(-0.1),4.42,3,0.7946,0.0997
RNG(-0.1),4.43,2,0.7717,0.0813
RNG(-0.1),4.44,2,0.8092,0.3952
RNG(-0.1),4.45,2,0.7717,0.0813
RNG(-0.1),4.46,1,0.7781,0.0
RNG(-0.1),4.48,2,0.7717,0.0813
RNG(-0.1),4.49,3,0.7946,0.0997
RNG(-0.1),4.53,3,0.7946,0.0997
RNG(-0.1),4.54,2,0.8092,0.3952
RNG(-0.1),4.55,3,0.7946,0.0997
RNG(-0.1),4.62,2,0.8092,0.3952
RNG(-0.1),4.64,2,0.7737,0.0553
RNG(-0.1),4.66,3,0.7959,0.0961
RNG(-0.1),4.74,3,0.7959,0.0961
RNG(-0.1),4.75,1,0.7781,0.0
RNG(-0.1),4.85,2,0.8092,0.3952
RNG(-0.1),4.87,1,0.7781,0.0
RNG(-0.1),4.9,2,0.8092,0.3952
RNG(-0.1),4.91,1,0.7781,0.0
RNG(-0.1),5.01,2,0.8092,0.3952
RNG(-0.1),5.02,1,0.774,0.0
RNG(-0.1),5.04,1,0.774,0.0
RNG(-0.1),5.05,1,0.7698,0.0
RNG(-0.05),1.77,3,0.7761,0.1002
RNG(-0.05),1.78,3,0.7761,0.1002
RNG(-0.05),1.91,2,0.7534,0.115
RNG(-0.05),1.92,1,0.7625,0.0
RNG(-0.05),1.98,2,0.792,0.3748
RNG(-0.05),2.06,3,0.7761,0.1002
RNG(-0.05),2.11,1,0.7625,0.0
RNG(-0.05),2.12,3,0.7761,0.1002
RNG(-0.05),2.2,3,0.7765,0.0997
RNG(-0.05),2.21,1,0.7635,0.0
RNG(-0.05),2.24,2,0.7539,0.1213
RNG(-0.05),2.34,1,0.7635,0.0
RNG(-0.05),2.35,1,0.7635,0.0
RNG(-0.05),2.37,2,0.7925,0.3685
RNG(-0.05),2.42,2,0.7925,0.3685
RNG(-0.05),2.46,3,0.7779,0.0957
RNG(-0.05),2.48,2,0.7925,0.3685
RNG(-0.05),2.49,1,0.7635,0.0
RNG(-0.05),2.5,1,0.7594,0.0
RNG(-0.05),2.52,2,0.7904,0.3945
RNG(-0.05),2.53,1,0.7594,0.0
RNG(-0.05),2.57,2,0.754,0.0686
RNG(-0.05),2.63,2,0.754,0.0686
RNG(-0.05),2.65,3,0.7772,0.1007
RNG(-0.05),2.66,3,0.7772,0.1007
RNG(-0.05),2.7,1,0.7594,0.0
RNG(-0.05),2.75,1,0.7594,0.0
RNG(-0.05),2.76,1,0.7594,0.0
RNG(-0.05),2.77,3,0.7765,0.0977
RNG(-0.05),2.79,3,0.7772,0.1007
RNG(-0.05),2.87,2,0.754,0.0686
RNG(-0.05),2.89,1,0.7594,0.0
RNG(-0.05),2.9,1,0.7594,0.0
RNG(-0.05),2.91,2,0.754,0.0686
RNG(-0.05),2.96,1,0.7615,0.0
RNG(-0.05),2.97,3,0.78,0.1037
RNG(-0.05),2.98,2,0.7946,0.4212
RNG(-0.05),2.99,2,0.7561,0.0686
RNG(-0.05),3.0,3,0.78,0.1037
RNG(-0.05),3.03,3,0.78,0.1037
RNG(-0.05),3.04,2,0.7946,0.4212
RNG(-0.05),3.06,3,0.7807,0.1067
RNG(-0.05),3.08,2,0.7957,0.4346
RNG(-0.05),3.1,2,0.7946,0.4212
RNG(-0.05),3.13,3,0.7814,0.1095
RNG(-0.05),3.15,2,0.7967,0.4473
RNG(-0.05),3.18,3,0.7814,0.1095
RNG(-0.05),3.2,3,0.78,0.1037
RNG(-0.05),3.21,1,0.7615,0.0
RNG(-0.05),3.23,1,0.7615,0.0
RNG(-0.05),3.25,2,0.754,0.0953
RNG(-0.05),3.26,2,0.7946,0.4212
RNG(-0.05),3.28,2,0.7946,0.4212
RNG(-0.05),3.29,3,0.7786,0.1075
RNG(-0.05),3.3,2,0.7946,0.4212
RNG(-0.05),3.31,3,0.7786,0.1075
RNG(-0.05),3.32,2,0.754,0.0953
RNG(-0.05),3.33,2,0.754,0.0953
RNG(-0.05),3.34,2,0.754,0.0953
RNG(-0.05),3.35,3,0.7786,0.1075
RNG(-0.05),3.36,3,0.7786,0.1075
RNG(-0.05),3.37,3,0.7786,0.1075
RNG(-0.05),3.38,2,0.754,0.0953
RNG(-0.05),3.4,1,0.7615,0.0
RNG(-0.05),3.41,3,0.78,0.1133
RNG(-0.05),3.44,3,0.78,0.1133
RNG(-0.05),3.45,3,0.7814,0.1192
RNG(-0.05),3.46,2,0.754,0.0953
RNG(-0.05),3.48,2,0.754,0.0953
RNG(-0.05),3.49,1,0.7573,0.0
RNG(-0.05),3.5,1,0.7573,0.0
RNG(-0.05),3.54,3,0.78,0.1215
RNG(-0.05),3.55,3,0.78,0.1215
RNG(-0.05),3.56,2,0.7967,0.5006
RNG(-0.05),3.57,3,0.7786,0.124
RNG(-0.05),3.59,3,0.78,0.1215
RNG(-0.05),3.6,1,0.7573,0.0
RNG(-0.05),3.62,3,0.7828,0.124
RNG(-0.05),3.63,3,0.7828,0.124
RNG(-0.05),3.64,2,0.754,0.0419
RNG(-0.05),3.65,1,0.7573,0.0
RNG(-0.05),3.66,3,0.7828,0.124
RNG(-0.05),3.67,1,0.7573,0.0
RNG(-0.05),3.68,3,0.7828,0.124
RNG(-0.05),3.69,2,0.7988,0.5273
RNG(-0.05),3.7,3,0.7828,0.124
RNG(-0.05),3.71,3,0.7828,0.124
RNG(-0.05),3.72,3,0.7828,0.124
RNG(-0.05),3.73,3,0.7828,0.124
RNG(-0.05),3.74,2,0.754,0.0419
RNG(-0.05),3.76,2,0.754,0.0419
RNG(-0.05),3.79,1,0.7573,0.0
RNG(-0.05),3.8,3,0.7814,0.118
RNG(-0.05),3.81,2,0.7561,0.0686
RNG(-0.05),3.82,1,0.7615,0.0
RNG(-0.05),3.84,3,0.7814,0.1095
RNG(-0.05),3.85,3,0.7814,0.1095
RNG(-0.05),3.86,2,0.7967,0.4473
RNG(-0.05),3.87,3,0.7814,0.1095
RNG(-0.05),3.89,3,0.7814,0.1095
RNG(-0.05),3.9,3,0.7814,0.1095
RNG(-0.05),3.93,3,0.7814,0.1095
RNG(-0.05),3.96,3,0.7814,0.1002
RNG(-0.05),3.97,2,0.7582,0.0419
RNG(-0.05),3.98,3,0.7814,0.1002
RNG(-0.05),3.99,3,0.78,0.0942
RNG(-0.05),4.0,2,0.7925,0.3945
RNG(-0.05),4.02,1,0.7615,0.0
RNG(-0.05),4.03,2,0.7561,0.0686
RNG(-0.05),4.04,3,0.7786,0.0977
RNG(-0.05),4.06,2,0.754,0.0953
RNG(-0.05),4.08,3,0.7772,0.1015
RNG(-0.05),4.09,3,0.7772,0.1015
RNG(-0.05),4.1,3,0.7772,0.1015
RNG(-0.05),4.11,3,0.7772,0.1015
RNG(-0.05),4.13,3,0.7772,0.1015
RNG(-0.05),4.14,3,0.7772,0.1015
RNG(-0.05),4.15,3,0.7772,0.1015
RNG(-0.05),4.16,2,0.753,0.082
RNG(-0.05),4.17,2,0.7915,0.4079
RNG(-0.05),4.18,3,0.7765,0.1026
RNG(-0.05),4.19,3,0.7765,0.1026
RNG(-0.05),4.2,3,0.7765,0.1026
RNG(-0.05),4.23,2,0.753,0.082
RNG(-0.05),4.24,3,0.7765,0.1026
RNG(-0.05),4.25,3,0.7765,0.1026
RNG(-0.05),4.26,2,0.753,0.082
RNG(-0.05),4.27,2,0.7509,0.0553
RNG(-0.05),4.31,3,0.7751,0.1049
RNG(-0.05),4.32,2,0.753,0.0286
RNG(-0.05),4.36,1,0.7552,0.0
RNG(-0.05),4.39,3,0.7779,0.1075
RNG(-0.05),4.4,3,0.7779,0.1075
RNG(-0.05),4.41,2,0.753,0.0286
RNG(-0.05),4.42,3,0.7765,0.1015
RNG(-0.05),4.43,2,0.753,0.0286
RNG(-0.05),4.44,2,0.7915,0.4079
RNG(-0.05),4.45,2,0.755,0.0553
RNG(-0.05),4.46,1,0.7594,0.0
RNG(-0.05),4.48,2,0.755,0.0553
RNG(-0.05),4.49,3,0.7779,0.0989
RNG(-0.05),4.53,3,0.7779,0.0989
RNG(-0.05),4.54,2,0.7915,0.4079
RNG(-0.05),4.55,3,0.7779,0.0989
RNG(-0.05),4.62,2,0.7915,0.4079
RNG(-0.05),4.64,2,0.755,0.0553
RNG(-0.05),4.66,3,0.7779,0.0989
RNG(-0.05),4.74,3,0.7779,0.0989
RNG(-0.05),4.75,1,0.7594,0.0
RNG(-0.05),4.85,2,0.7915,0.4079
RNG(-0.05),4.87,1,0.7594,0.0
RNG(-0.05),4.9,2,0.7915,0.4079
RNG(-0.05),4.91,1,0.7594,0.0
RNG(-0.05),5.01,2,0.7915,0.4079
RNG(-0.05),5.02,1,0.7552,0.0
RNG(-0.05),5.04,1,0.7552,0.0
RNG(-0.05),5.05,1,0.751,0.0
RNG(0),1.77,3,0.7761,0.1002
RNG(0),1.78,3,0.7761,0.1002
RNG(0),1.91,2,0.7534,0.115
RNG(0),1.92,1,0.7625,0.0
RNG(0),1.98,2,0.792,0.3748
RNG(0),2.06,3,0.7761,0.1002
RNG(0),2.11,1,0.7625,0.0
RNG(0),2.12,3,0.7761,0.1002
RNG(0),2.2,3,0.7765,0.0997
RNG(0),2.21,1,0.7635,0.0
RNG(0),2.24,2,0.7539,0.1213
RNG(0),2.34,1,0.7635,0.0
RNG(0),2.35,1,0.7635,0.0
RNG(0),2.37,2,0.7925,0.3685
RNG(0),2.42,2,0.7925,0.3685
RNG(0),2.46,3,0.7779,0.0957
RNG(0),2.48,2,0.7925,0.3685
RNG(0),2.49,1,0.7635,0.0
RNG(0),2.5,1,0.7594,0.0
RNG(0),2.52,2,0.7904,0.3945
RNG(0),2.53,1,0.7594,0.0
RNG(0),2.57,2,0.754,0.0686
RNG(0),2.63,2,0.754,0.0686
RNG(0),2.65,3,0.7765,0.0977
RNG(0),2.66,3,0.7765,0.0977
RNG(0),2.7,1,0.7594,0.0
RNG(0),2.75,1,0.7594,0.0
RNG(0),2.76,1,0.7594,0.0
RNG(0),2.77,3,0.7758,0.0948
RNG(0),2.79,3,0.7765,0.0977
RNG(0),2.87,2,0.754,0.0686
RNG(0),2.89,1,0.7594,0.0
RNG(0),2.9,1,0.7635,0.0
RNG(0),2.91,2,0.756,0.0947
RNG(0),2.96,1,0.7635,0.0
RNG(0),2.97,3,0.7793,0.1016
RNG(0),2.98,2,0.7946,0.3952
RNG(0),2.99,2,0.7582,0.1213
RNG(0),3.0,3,0.7807,0.0997
RNG(0),3.03,3,0.7807,0.0997
RNG(0),3.04,2,0.7967,0.3685
RNG(0),3.06,3,0.78,0.0968
RNG(0),3.08,2,0.7956,0.3551
RNG(0),3.1,2,0.7925,0.3685
RNG(0),3.13,3,0.7779,0.0957
RNG(0),3.15,2,0.7925,0.3685
RNG(0),3.18,3,0.7779,0.0957
RNG(0),3.2,3,0.7765,0.0899
RNG(0),3.21,1,0.7635,0.0
RNG(0),3.23,1,0.7635,0.0
RNG(0),3.25,2,0.756,0.0947
RNG(0),3.26,2,0.7904,0.3424
RNG(0),3.28,2,0.7904,0.3424
RNG(0),3.29,3,0.7765,0.0899
RNG(0),3.3,2,0.7904,0.3424
RNG(0),3.31,3,0.7765,0.0899
RNG(0),3.32,2,0.754,0.0686
RNG(0),3.33,2,0.754,0.0686
RNG(0),3.34,2,0.754,0.0686
RNG(0),3.35,3,0.7751,0.0919
RNG(0),3.36,3,0.7751,0.0919
RNG(0),3.37,3,0.7751,0.0919
RNG(0),3.38,2,0.754,0.0686
RNG(0),3.4,1,0.7594,0.0
RNG(0),3.41,3,0.7765,0.0977
RNG(0),3.44,3,0.7751,0.1007
RNG(0),3.45,3,0.7765,0.1067
RNG(0),3.46,2,0.7519,0.0686
RNG(0),3.48,2,0.7519,0.0686
RNG(0),3.49,1,0.7573,0.0
RNG(0),3.5,1,0.7573,0.0
RNG(0),3.54,3,0.7765,0.1067
RNG(0),3.55,3,0.7765,0.1067
RNG(0),3.56,2,0.7915,0.4346
RNG(0),3.57,3,0.7765,0.1067
RNG(0),3.59,3,0.7765,0.1067
RNG(0),3.6,1,0.7531,0.0
RNG(0),3.62,3,0.7779,0.1119
RNG(0),3.63,3,0.7779,0.1119
RNG(0),3.64,2,0.7519,0.0152
RNG(0),3.65,1,0.7531,0.0
RNG(0),3.66,3,0.7779,0.1119
RNG(0),3.67,1,0.7531,0.0
RNG(0),3.68,3,0.7793,0.1092
RNG(0),3.69,2,0.7936,0.4612
RNG(0),3.7,3,0.7793,0.1092
RNG(0),3.71,3,0.7793,0.1092
RNG(0),3.72,3,0.7793,0.1092
RNG(0),3.73,3,0.7793,0.1092
RNG(0),3.74,2,0.754,0.0419
RNG(0),3.76,2,0.754,0.0419
RNG(0),3.79,1,0.7573,0.0
RNG(0),3.8,3,0.7779,0.1032
RNG(0),3.81,2,0.7561,0.0686
RNG(0),3.82,1,0.7615,0.0
RNG(0),3.84,3,0.7779,0.0948
RNG(0),3.85,3,0.7779,0.0948
RNG(0),3.86,2,0.7915,0.3812
RNG(0),3.87,3,0.7779,0.0948
RNG(0),3.89,3,0.7779,0.0948
RNG(0),3.9,3,0.7779,0.0948
RNG(0),3.93,3,0.7779,0.0948
RNG(0),3.96,3,0.7779,0.0853
RNG(0),3.97,2,0.7582,0.0419
RNG(0),3.98,3,0.7779,0.0853
RNG(0),3.99,3,0.7765,0.0793
RNG(0),4.0,2,0.7873,0.3285
RNG(0),4.02,1,0.7615,0.0
RNG(0),4.03,2,0.7582,0.0419
RNG(0),4.04,3,0.7765,0.0793
RNG(0),4.06,2,0.7561,0.0686
RNG(0),4.08,3,0.7751,0.083
RNG(0),4.09,3,0.7751,0.083
RNG(0),4.1,3,0.7751,0.083
RNG(0),4.11,3,0.7751,0.083
RNG(0),4.13,3,0.7751,0.083
RNG(0),4.14,3,0.7751,0.083
RNG(0),4.15,3,0.7751,0.083
RNG(0),4.16,2,0.755,0.0553
RNG(0),4.17,2,0.7863,0.3418
RNG(0),4.18,3,0.7744,0.0841
RNG(0),4.19,3,0.7744,0.0841
RNG(0),4.2,3,0.7744,0.0841
RNG(0),4.23,2,0.755,0.0553
RNG(0),4.24,3,0.7744,0.0841
RNG(0),4.25,3,0.7744,0.0841
RNG(0),4.26,2,0.755,0.0553
RNG(0),4.27,2,0.753,0.0286
RNG(0),4.31,3,0.773,0.0866
RNG(0),4.32,2,0.753,0.0286
RNG(0),4.36,1,0.7552,0.0
RNG(0),4.39,3,0.773,0.0866
RNG(0),4.4,3,0.773,0.0866
RNG(0),4.41,2,0.753,0.0286
RNG(0),4.42,3,0.7716,0.0806
RNG(0),4.43,2,0.753,0.0286
RNG(0),4.44,2,0.7842,0.3151
RNG(0),4.45,2,0.755,0.0553
RNG(0),4.46,1,0.7594,0.0
RNG(0),4.48,2,0.755,0.0553
RNG(0),4.49,3,0.773,0.0781
RNG(0),4.53,3,0.773,0.0781
RNG(0),4.54,2,0.7842,0.3151
RNG(0),4.55,3,0.773,0.0781
RNG(0),4.62,2,0.7842,0.3151
RNG(0),4.64,2,0.755,0.0553
RNG(0),4.66,3,0.7744,0.0746
RNG(0),4.74,3,0.7744,0.0746
RNG(0),4.75,1,0.7594,0.0
RNG(0),4.85,2,0.7842,0.3151
RNG(0),4.87,1,0.7594,0.0
RNG(0),4.9,2,0.7842,0.3151
RNG(0),4.91,1,0.7594,0.0
RNG(0),5.01,2,0.7842,0.3151
RNG(0),5.02,1,0.7594,0.0
RNG(0),5.04,1,0.7594,0.0
RNG(0),5.05,1,0.7594,0.0
RNG(0.05),1.77,3,0.7761,0.1002
RNG(0.05),1.78,3,0.7761,0.1002
RNG(0.05),1.91,2,0.7534,0.115
RNG(0.05),1.92,1,0.7625,0.0
RNG(0.05),1.98,2,0.792,0.3748
RNG(0.05),2.06,3,0.7761,0.1002
RNG(0.05),2.11,1,0.7625,0.0
RNG(0.05),2.12,3,0.7761,0.1002
RNG(0.05),2.2,3,0.7765,0.0997
RNG(0.05),2.21,1,0.7635,0.0
RNG(0.05),2.24,2,0.7539,0.1213
RNG(0.05),2.34,1,0.7635,0.0
RNG(0.05),2.35,1,0.7635,0.0
RNG(0.05),2.37,2,0.7925,0.3685
RNG(0.05),2.42,2,0.7925,0.3685
RNG(0.05),2.46,3,0.7779,0.0957
RNG(0.05),2.48,2,0.7925,0.3685
RNG(0.05),2.49,1,0.7635,0.0
RNG(0.05),2.5,1,0.7635,0.0
RNG(0.05),2.52,2,0.7925,0.3685
RNG(0.05),2.53,1,0.7635,0.0
RNG(0.05),2.57,2,0.756,0.0947
RNG(0.05),2.63,2,0.756,0.0947
RNG(0.05),2.65,3,0.7779,0.0957
RNG(0.05),2.66,3,0.7779,0.0957
RNG(0.05),2.7,1,0.7635,0.0
RNG(0.05),2.75,1,0.7635,0.0
RNG(0.05),2.76,1,0.7635,0.0
RNG(0.05),2.77,3,0.7772,0.0927
RNG(0.05),2.79,3,0.7772,0.0927
RNG(0.05),2.87,2,0.756,0.0947
RNG(0.05),2.89,1,0.7635,0.0
RNG(0.05),2.9,1,0.7635,0.0
RNG(0.05),2.91,2,0.756,0.0947
RNG(0.05),2.96,1,0.7635,0.0
RNG(0.05),2.97,3,0.7765,0.0977
RNG(0.05),2.98,2,0.7904,0.3945
RNG(0.05),2.99,2,0.754,0.0686
RNG(0.05),3.0,3,0.7765,0.0977
RNG(0.05),3.03,3,0.7765,0.0977
RNG(0.05),3.04,2,0.7904,0.3945
RNG(0.05),3.06,3,0.7758,0.0948
RNG(0.05),3.08,2,0.7894,0.3812
RNG(0.05),3.1,2,0.7884,0.3685
RNG(0.05),3.13,3,0.7751,0.0919
RNG(0.05),3.15,2,0.7884,0.3685
RNG(0.05),3.18,3,0.7751,0.0919
RNG(0.05),3.2,3,0.7737,0.086
RNG(0.05),3.21,1,0.7594,0.0
RNG(0.05),3.23,1,0.7594,0.0
RNG(0.05),3.25,2,0.754,0.0686
RNG(0.05),3.26,2,0.7863,0.3418
RNG(0.05),3.28,2,0.7863,0.3418
RNG(0.05),3.29,3,0.7737,0.086
RNG(0.05),3.3,2,0.7863,0.3418
RNG(0.05),3.31,3,0.7737,0.086
RNG(0.05),3.32,2,0.754,0.0686
RNG(0.05),3.33,2,0.754,0.0686
RNG(0.05),3.34,2,0.754,0.0686
RNG(0.05),3.35,3,0.7737,0.086
RNG(0.05),3.36,3,0.7737,0.086
RNG(0.05),3.37,3,0.7737,0.086
RNG(0.05),3.38,2,0.754,0.0686
RNG(0.05),3.4,1,0.7594,0.0
RNG(0.05),3.41,3,0.7751,0.0919
RNG(0.05),3.44,3,0.7751,0.0919
RNG(0.05),3.45,3,0.7765,0.0977
RNG(0.05),3.46,2,0.754,0.0686
RNG(0.05),3.48,2,0.754,0.0686
RNG(0.05),3.49,1,0.7594,0.0
RNG(0.05),3.5,1,0.7594,0.0
RNG(0.05),3.54,3,0.7765,0.0977
RNG(0.05),3.55,3,0.7765,0.0977
RNG(0.05),3.56,2,0.7904,0.3945
RNG(0.05),3.57,3,0.7765,0.0977
RNG(0.05),3.59,3,0.7765,0.0977
RNG(0.05),3.6,1,0.7594,0.0
RNG(0.05),3.62,3,0.7765,0.0977
RNG(0.05),3.63,3,0.7751,0.0919
RNG(0.05),3.64,2,0.754,0.0686
RNG(0.05),3.65,1,0.7594,0.0
RNG(0.05),3.66,3,0.7751,0.0919
RNG(0.05),3.67,1,0.7594,0.0
RNG(0.05),3.68,3,0.7765,0.0899
RNG(0.05),3.69,2,0.7904,0.3424
RNG(0.05),3.7,3,0.7765,0.0899
RNG(0.05),3.71,3,0.7765,0.0899
RNG(0.05),3.72,3,0.7765,0.0899
RNG(0.05),3.73,3,0.7765,0.0899
RNG(0.05),3.74,2,0.756,0.0947
RNG(0.05),3.76,2,0.756,0.0947
RNG(0.05),3.79,1,0.7635,0.0
RNG(0.05),3.8,3,0.7765,0.0899
RNG(0.05),3.81,2,0.7582,0.1213
RNG(0.05),3.82,1,0.7677,0.0
RNG(0.05),3.84,3,0.7765,0.0824
RNG(0.05),3.85,3,0.7765,0.0824
RNG(0.05),3.86,2,0.7905,0.2891
RNG(0.05),3.87,3,0.7765,0.0824
RNG(0.05),3.89,3,0.7765,0.0824
RNG(0.05),3.9,3,0.7765,0.0824
RNG(0.05),3.93,3,0.7765,0.0824
RNG(0.05),3.96,3,0.7765,0.0824
RNG(0.05),3.97,2,0.7582,0.1213
RNG(0.05),3.98,3,0.7765,0.0824
RNG(0.05),3.99,3,0.7765,0.0824
RNG(0.05),4.0,2,0.7905,0.2891
RNG(0.05),4.02,1,0.7677,0.0
RNG(0.05),4.03,2,0.7582,0.1213
RNG(0.05),4.04,3,0.7765,0.0824
RNG(0.05),4.06,2,0.7582,0.1213
RNG(0.05),4.08,3,0.7765,0.0824
RNG(0.05),4.09,3,0.7765,0.0824
RNG(0.05),4.1,3,0.7765,0.0824
RNG(0.05),4.11,3,0.7765,0.0824
RNG(0.05),4.13,3,0.7765,0.0824
RNG(0.05),4.14,3,0.7765,0.0824
RNG(0.05),4.15,3,0.7765,0.0824
RNG(0.05),4.16,2,0.7582,0.1213
RNG(0.05),4.17,2,0.7905,0.2891
RNG(0.05),4.18,3,0.7765,0.0824
RNG(0.05),4.19,3,0.7765,0.0824
RNG(0.05),4.2,3,0.7765,0.0824
RNG(0.05),4.23,2,0.7582,0.1213
RNG(0.05),4.24,3,0.7765,0.0824
RNG(0.05),4.25,3,0.7765,0.0824
RNG(0.05),4.26,2,0.7582,0.1213
RNG(0.05),4.27,2,0.756,0.0947
RNG(0.05),4.31,3,0.7751,0.084
RNG(0.05),4.32,2,0.756,0.0947
RNG(0.05),4.36,1,0.7635,0.0
RNG(0.05),4.39,3,0.7751,0.084
RNG(0.05),4.4,3,0.7751,0.084
RNG(0.05),4.41,2,0.756,0.0947
RNG(0.05),4.42,3,0.7737,0.0782
RNG(0.05),4.43,2,0.756,0.0947
RNG(0.05),4.44,2,0.7863,0.2891
RNG(0.05),4.45,2,0.756,0.0947
RNG(0.05),4.46,1,0.7635,0.0
RNG(0.05),4.48,2,0.756,0.0947
RNG(0.05),4.49,3,0.7737,0.0782
RNG(0.05),4.53,3,0.7737,0.0782
RNG(0.05),4.54,2,0.7863,0.2891
RNG(0.05),4.55,3,0.7737,0.0782
RNG(0.05),4.62,2,0.7863,0.2891
RNG(0.05),4.64,2,0.756,0.0947
RNG(0.05),4.66,3,0.7737,0.0782
RNG(0.05),4.74,3,0.7737,0.0782
RNG(0.05),4.75,1,0.7635,0.0
RNG(0.05),4.85,2,0.7863,0.2891
RNG(0.05),4.87,1,0.7635,0.0
RNG(0.05),4.9,2,0.7863,0.2891
RNG(0.05),4.91,1,0.7635,0.0
RNG(0.05),5.01,2,0.7863,0.2891
RNG(0.05),5.02,1,0.7635,0.0
RNG(0.05),5.04,1,0.7635,0.0
RNG(0.05),5.05,1,0.7635,0.0
RNG(0.1),1.77,3,0.7761,0.1002
RNG(0.1),1.78,3,0.7761,0.1002
RNG(0.1),1.91,2,0.7534,0.115
RNG(0.1),1.92,1,0.7625,0.0
RNG(0.1),1.98,2,0.792,0.3748
RNG(0.1),2.06,3,0.7761,0.1002
RNG(0.1),2.11,1,0.7625,0.0
RNG(0.1),2.12,3,0.7761,0.1002
RNG(0.1),2.2,3,0.7765,0.0997
RNG(0.1),2.21,1,0.7635,0.0
RNG(0.1),2.24,2,0.7539,0.1213
RNG(0.1),2.34,1,0.7635,0.0
RNG(0.1),2.35,1,0.7635,0.0
RNG(0.1),2.37,2,0.7925,0.3685
RNG(0.1),2.42,2,0.7925,0.3685
RNG(0.1),2.46,3,0.7779,0.0957
RNG(0.1),2.48,2,0.7925,0.3685
RNG(0.1),2.49,1,0.7635,0.0
RNG(0.1),2.5,1,0.7635,0.0
RNG(0.1),2.52,2,0.7925,0.3685
RNG(0.1),2.53,1,0.7635,0.0
RNG(0.1),2.57,2,0.756,0.0947
RNG(0.1),2.63,2,0.756,0.0947
RNG(0.1),2.65,3,0.7779,0.0957
RNG(0.1),2.66,3,0.7779,0.0957
RNG(0.1),2.7,1,0.7635,0.0
RNG(0.1),2.75,1,0.7635,0.0
RNG(0.1),2.76,1,0.7635,0.0
RNG(0.1),2.77,3,0.7772,0.0927
RNG(0.1),2.79,3,0.7772,0.0927
RNG(0.1),2.87,2,0.756,0.0947
RNG(0.1),2.89,1,0.7635,0.0
RNG(0.1),2.9,1,0.7635,0.0
RNG(0.1),2.91,2,0.756,0.0947
RNG(0.1),2.96,1,0.7635,0.0
RNG(0.1),2.97,3,0.7779,0.0957
RNG(0.1),2.98,2,0.7925,0.3685
RNG(0.1),2.99,2,0.756,0.0947
RNG(0.1),3.0,3,0.7779,0.0957
RNG(0.1),3.03,3,0.7779,0.0957
RNG(0.1),3.04,2,0.7925,0.3685
RNG(0.1),3.06,3,0.7779,0.0957
RNG(0.1),3.08,2,0.7925,0.3685
RNG(0.1),3.1,2,0.7925,0.3685
RNG(0.1),3.13,3,0.7779,0.0957
RNG(0.1),3.15,2,0.7925,0.3685
RNG(0.1),3.18,3,0.7779,0.0957
RNG(0.1),3.2,3,0.7779,0.0957
RNG(0.1),3.21,1,0.7635,0.0
RNG(0.1),3.23,1,0.7635,0.0
RNG(0.1),3.25,2,0.756,0.0947
RNG(0.1),3.26,2,0.7925,0.3685
RNG(0.1),3.28,2,0.7925,0.3685
RNG(0.1),3.29,3,0.7779,0.0957
RNG(0.1),3.3,2,0.7925,0.3685
RNG(0.1),3.31,3,0.7779,0.0957
RNG(0.1),3.32,2,0.756,0.0947
RNG(0.1),3.33,2,0.756,0.0947
RNG(0.1),3.34,2,0.756,0.0947
RNG(0.1),3.35,3,0.7779,0.0957
RNG(0.1),3.36,3,0.7779,0.0957
RNG(0.1),3.37,3,0.7779,0.0957
RNG(0.1),3.38,2,0.756,0.0947
RNG(0.1),3.4,1,0.7635,0.0
RNG(0.1),3.41,3,0.7779,0.0957
RNG(0.1),3.44,3,0.7779,0.0957
RNG(0.1),3.45,3,0.7793,0.1016
RNG(0.1),3.46,2,0.756,0.0947
RNG(0.1),3.48,2,0.756,0.0947
RNG(0.1),3.49,1,0.7635,0.0
RNG(0.1),3.5,1,0.7635,0.0
RNG(0.1),3.54,3,0.7793,0.1016
RNG(0.1),3.55,3,0.7793,0.1016
RNG(0.1),3.56,2,0.7946,0.3952
RNG(0.1),3.57,3,0.7793,0.1016
RNG(0.1),3.59,3,0.7793,0.1016
RNG(0.1),3.6,1,0.7635,0.0
RNG(0.1),3.62,3,0.7793,0.1016
RNG(0.1),3.63,3,0.7779,0.0957
RNG(0.1),3.64,2,0.756,0.0947
RNG(0.1),3.65,1,0.7635,0.0
RNG(0.1),3.66,3,0.7779,0.0957
RNG(0.1),3.67,1,0.7635,0.0
RNG(0.1),3.68,3,0.7793,0.0939
RNG(0.1),3.69,2,0.7946,0.3418
RNG(0.1),3.7,3,0.7793,0.0939
RNG(0.1),3.71,3,0.7793,0.0939
RNG(0.1),3.72,3,0.7793,0.0939
RNG(0.1),3.73,3,0.7793,0.0939
RNG(0.1),3.74,2,0.7582,0.1213
RNG(0.1),3.76,2,0.7582,0.1213
RNG(0.1),3.79,1,0.7677,0.0
RNG(0.1),3.8,3,0.7793,0.0939
RNG(0.1),3.81,2,0.7582,0.1213
RNG(0.1),3.82,1,0.7677,0.0
RNG(0.1),3.84,3,0.7793,0.0939
RNG(0.1),3.85,3,0.7793,0.0939
RNG(0.1),3.86,2,0.7946,0.3418
RNG(0.1),3.87,3,0.7793,0.0939
RNG(0.1),3.89,3,0.7793,0.0939
RNG(0.1),3.9,3,0.7793,0.0939
RNG(0.1),3.93,3,0.7793,0.0939
RNG(0.1),3.96,3,0.7793,0.0939
RNG(0.1),3.97,2,0.7582,0.1213
RNG(0.1),3.98,3,0.7793,0.0939
RNG(0.1),3.99,3,0.7793,0.0939
RNG(0.1),4.0,2,0.7946,0.3418
RNG(0.1),4.02,1,0.7677,0.0
RNG(0.1),4.03,2,0.7582,0.1213
RNG(0.1),4.04,3,0.7793,0.0939
RNG(0.1),4.06,2,0.7582,0.1213
RNG(0.1),4.08,3,0.7793,0.0939
RNG(0.1),4.09,3,0.7793,0.0939
RNG(0.1),4.1,3,0.7793,0.0939
RNG(0.1),4.11,3,0.7793,0.0939
RNG(0.1),4.13,3,0.7793,0.0939
RNG(0.1),4.14,3,0.7793,0.0939
RNG(0.1),4.15,3,0.7793,0.0939
RNG(0.1),4.16,2,0.7582,0.1213
RNG(0.1),4.17,2,0.7946,0.3418
RNG(0.1),4.18,3,0.7793,0.0939
RNG(0.1),4.19,3,0.7793,0.0939
RNG(0.1),4.2,3,0.7793,0.0939
RNG(0.1),4.23,2,0.7582,0.1213
RNG(0.1),4.24,3,0.7793,0.0939
RNG(0.1),4.25,3,0.7793,0.0939
RNG(0.1),4.26,2,0.7582,0.1213
RNG(0.1),4.27,2,0.756,0.0947
RNG(0.1),4.31,3,0.7779,0.0957
RNG(0.1),4.32,2,0.756,0.0947
RNG(0.1),4.36,1,0.7635,0.0
RNG(0.1),4.39,3,0.7779,0.0957
RNG(0.1),4.4,3,0.7779,0.0957
RNG(0.1),4.41,2,0.756,0.0947
RNG(0.1),4.42,3,0.7779,0.0957
RNG(0.1),4.43,2,0.756,0.0947
RNG(0.1),4.44,2,0.7925,0.3685
RNG(0.1),4.45,2,0.756,0.0947
RNG(0.1),4.46,1,0.7635,0.0
RNG(0.1),4.48,2,0.756,0.0947
RNG(0.1),4.49,3,0.7779,0.0957
RNG(0.1),4.53,3,0.7779,0.0957
RNG(0.1),4.54,2,0.7925,0.3685
RNG(0.1),4.55,3,0.7779,0.0957
RNG(0.1),4.62,2,0.7925,0.3685
RNG(0.1),4.64,2,0.756,0.0947
RNG(0.1),4.66,3,0.7779,0.0957
RNG(0.1),4.74,3,0.7779,0.0957
RNG(0.1),4.75,1,0.7635,0.0
RNG(0.1),4.85,2,0.7925,0.3685
RNG(0.1),4.87,1,0.7635,0.0
RNG(0.1),4.9,2,0.7925,0.3685
RNG(0.1),4.91,1,0.7635,0.0
RNG(0.1),5.01,2,0.7925,0.3685
RNG(0.1),5.02,1,0.7635,0.0
RNG(0.1),5.04,1,0.7635,0.0
RNG(0.1),5.05,1,0.7635,0.0
RNG(0.2),1.77,3,0.7761,0.1002
RNG(0.2),1.78,3,0.7761,0.1002
RNG(0.2),1.91,2,0.7534,0.115
RNG(0.2),1.92,1,0.7625,0.0
RNG(0.2),1.98,2,0.792,0.3748
RNG(0.2),2.06,3,0.7761,0.1002
RNG(0.2),2.11,1,0.7625,0.0
RNG(0.2),2.12,3,0.7761,0.1002
RNG(0.2),2.2,3,0.7765,0.0997
RNG(0.2),2.21,1,0.7635,0.0
RNG(0.2),2.24,2,0.7539,0.1213
RNG(0.2),2.34,1,0.7635,0.0
RNG(0.2),2.35,1,0.7635,0.0
RNG(0.2),2.37,2,0.7925,0.3685
RNG(0.2),2.42,2,0.7925,0.3685
RNG(0.2),2.46,3,0.7779,0.0957
RNG(0.2),2.48,2,0.7925,0.3685
RNG(0.2),2.49,1,0.7635,0.0
RNG(0.2),2.5,1,0.7635,0.0
RNG(0.2),2.52,2,0.7925,0.3685
RNG(0.2),2.53,1,0.7635,0.0
RNG(0.2),2.57,2,0.756,0.0947
RNG(0.2),2.63,2,0.756,0.0947
RNG(0.2),2.65,3,0.7779,0.0957
RNG(0.2),2.66,3,0.7779,0.0957
RNG(0.2),2.7,1,0.7635,0.0
RNG(0.2),2.75,1,0.7635,0.0
RNG(0.2),2.76,1,0.7635,0.0
RNG(0.2),2.77,3,0.7779,0.0957
RNG(0.2),2.79,3,0.7779,0.0957
RNG(0.2),2.87,2,0.756,0.0947
RNG(0.2),2.89,1,0.7635,0.0
RNG(0.2),2.9,1,0.7635,0.0
RNG(0.2),2.91,2,0.756,0.0947
RNG(0.2),2.96,1,0.7635,0.0
RNG(0.2),2.97,3,0.7786,0.0986
RNG(0.2),2.98,2,0.7935,0.3818
RNG(0.2),2.99,2,0.756,0.0947
RNG(0.2),3.0,3,0.7786,0.0986
RNG(0.2),3.03,3,0.7786,0.0986
RNG(0.2),3.04,2,0.7935,0.3818
RNG(0.2),3.06,3,0.7786,0.0986
RNG(0.2),3.08,2,0.7935,0.3818
RNG(0.2),3.1,2,0.7935,0.3818
RNG(0.2),3.13,3,0.7786,0.0986
RNG(0.2),3.15,2,0.7935,0.3818
RNG(0.2),3.18,3,0.7786,0.0986
RNG(0.2),3.2,3,0.7772,0.0927
RNG(0.2),3.21,1,0.7635,0.0
RNG(0.2),3.23,1,0.7635,0.0
RNG(0.2),3.25,2,0.756,0.0947
RNG(0.2),3.26,2,0.7914,0.3551
RNG(0.2),3.28,2,0.7914,0.3551
RNG(0.2),3.29,3,0.7772,0.0927
RNG(0.2),3.3,2,0.7914,0.3551
RNG(0.2),3.31,3,0.7772,0.0927
RNG(0.2),3.32,2,0.756,0.0947
RNG(0.2),3.33,2,0.756,0.0947
RNG(0.2),3.34,2,0.756,0.0947
RNG(0.2),3.35,3,0.7772,0.0927
RNG(0.2),3.36,3,0.7772,0.0927
RNG(0.2),3.37,3,0.7772,0.0927
RNG(0.2),3.38,2,0.756,0.0947
RNG(0.2),3.4,1,0.7635,0.0
RNG(0.2),3.41,3,0.7772,0.0927
RNG(0.2),3.44,3,0.7772,0.0927
RNG(0.2),3.45,3,0.7772,0.0927
RNG(0.2),3.46,2,0.756,0.0947
RNG(0.2),3.48,2,0.756,0.0947
RNG(0.2),3.49,1,0.7635,0.0
RNG(0.2),3.5,1,0.7635,0.0
RNG(0.2),3.54,3,0.7772,0.0927
RNG(0.2),3.55,3,0.7772,0.0927
RNG(0.2),3.56,2,0.7914,0.3551
RNG(0.2),3.57,3,0.7772,0.0927
RNG(0.2),3.59,3,0.7772,0.0927
RNG(0.2),3.6,1,0.7635,0.0
RNG(0.2),3.62,3,0.7772,0.0927
RNG(0.2),3.63,3,0.7772,0.0927
RNG(0.2),3.64,2,0.756,0.0947
RNG(0.2),3.65,1,0.7635,0.0
RNG(0.2),3.66,3,0.7772,0.0927
RNG(0.2),3.67,1,0.7635,0.0
RNG(0.2),3.68,3,0.7786,0.091
RNG(0.2),3.69,2,0.7935,0.3285
RNG(0.2),3.7,3,0.7786,0.091
RNG(0.2),3.71,3,0.7786,0.091
RNG(0.2),3.72,3,0.7786,0.091
RNG(0.2),3.73,3,0.7786,0.091
RNG(0.2),3.74,2,0.7582,0.1213
RNG(0.2),3.76,2,0.7582,0.1213
RNG(0.2),3.79,1,0.7677,0.0
RNG(0.2),3.8,3,0.7786,0.091
RNG(0.2),3.81,2,0.7582,0.1213
RNG(0.2),3.82,1,0.7677,0.0
RNG(0.2),3.84,3,0.7786,0.091
RNG(0.2),3.85,3,0.7786,0.091
RNG(0.2),3.86,2,0.7935,0.3285
RNG(0.2),3.87,3,0.7786,0.091
RNG(0.2),3.89,3,0.7786,0.091
RNG(0.2),3.9,3,0.7786,0.091
RNG(0.2),3.93,3,0.7786,0.091
RNG(0.2),3.96,3,0.7786,0.091
RNG(0.2),3.97,2,0.7582,0.1213
RNG(0.2),3.98,3,0.7786,0.091
RNG(0.2),3.99,3,0.7786,0.091
RNG(0.2),4.0,2,0.7935,0.3285
RNG(0.2),4.02,1,0.7677,0.0
RNG(0.2),4.03,2,0.7582,0.1213
RNG(0.2),4.04,3,0.7786,0.091
RNG(0.2),4.06,2,0.7582,0.1213
RNG(0.2),4.08,3,0.7786,0.091
RNG(0.2),4.09,3,0.7786,0.091
RNG(0.2),4.1,3,0.7786,0.091
RNG(0.2),4.11,3,0.7786,0.091
RNG(0.2),4.13,3,0.7786,0.091
RNG(0.2),4.14,3,0.7786,0.091
RNG(0.2),4.15,3,0.7786,0.091
RNG(0.2),4.16,2,0.7582,0.1213
RNG(0.2),4.17,2,0.7935,0.3285
RNG(0.2),4.18,3,0.7786,0.091
RNG(0.2),4.19,3,0.7786,0.091
RNG(0.2),4.2,3,0.7786,0.091
RNG(0.2),4.23,2,0.7582,0.1213
RNG(0.2),4.24,3,0.7786,0.091
RNG(0.2),4.25,3,0.7786,0.091
RNG(0.2),4.26,2,0.7582,0.1213
RNG(0.2),4.27,2,0.7582,0.1213
RNG(0.2),4.31,3,0.7786,0.091
RNG(0.2),4.32,2,0.7582,0.1213
RNG(0.2),4.36,1,0.7677,0.0
RNG(0.2),4.39,3,0.7786,0.091
RNG(0.2),4.4,3,0.7786,0.091
RNG(0.2),4.41,2,0.7582,0.1213
RNG(0.2),4.42,3,0.7786,0.091
RNG(0.2),4.43,2,0.7582,0.1213
RNG(0.2),4.44,2,0.7935,0.3285
RNG(0.2),4.45,2,0.7582,0.1213
RNG(0.2),4.46,1,0.7677,0.0
RNG(0.2),4.48,2,0.7582,0.1213
RNG(0.2),4.49,3,0.7786,0.091
RNG(0.2),4.53,3,0.7786,0.091
RNG(0.2),4.54,2,0.7935,0.3285
RNG(0.2),4.55,3,0.7786,0.091
RNG(0.2),4.62,2,0.7935,0.3285
RNG(0.2),4.64,2,0.7582,0.1213
RNG(0.2),4.66,3,0.7786,0.091
RNG(0.2),4.74,3,0.7786,0.091
RNG(0.2),4.75,1,0.7677,0.0
RNG(0.2),4.85,2,0.7935,0.3285
RNG(0.2),4.87,1,0.7677,0.0
RNG(0.2),4.9,2,0.7935,0.3285
RNG(0.2),4.91,1,0.7677,0.0
RNG(0.2),5.01,2,0.7935,0.3285
RNG(0.2),5.02,1,0.7677,0.0
RNG(0.2),5.04,1,0.7677,0.0
RNG(0.2),5.05,1,0.7677,0.0
RNG(0.3),1.77,3,0.7761,0.1002
RNG(0.3),1.78,3,0.7761,0.1002
RNG(0.3),1.91,2,0.7534,0.115
RNG(0.3),1.92,1,0.7625,0.0
RNG(0.3),1.98,2,0.792,0.3748
RNG(0.3),2.06,3,0.7761,0.1002
RNG(0.3),2.11,1,0.7625,0.0
RNG(0.3),2.12,3,0.7761,0.1002
RNG(0.3),2.2,3,0.7761,0.1002
RNG(0.3),2.21,1,0.7625,0.0
RNG(0.3),2.24,2,0.7534,0.115
RNG(0.3),2.34,1,0.7625,0.0
RNG(0.3),2.35,1,0.7625,0.0
RNG(0.3),2.37,2,0.792,0.3748
RNG(0.3),2.42,2,0.792,0.3748
RNG(0.3),2.46,3,0.7775,0.0961
RNG(0.3),2.48,2,0.792,0.3748
RNG(0.3),2.49,1,0.7625,0.0
RNG(0.3),2.5,1,0.7625,0.0
RNG(0.3),2.52,2,0.792,0.3748
RNG(0.3),2.53,1,0.7625,0.0
RNG(0.3),2.57,2,0.7555,0.0883
RNG(0.3),2.63,2,0.7555,0.0883
RNG(0.3),2.65,3,0.7775,0.0961
RNG(0.3),2.66,3,0.7775,0.0961
RNG(0.3),2.7,1,0.7625,0.0
RNG(0.3),2.75,1,0.7625,0.0
RNG(0.3),2.76,1,0.7625,0.0
RNG(0.3),2.77,3,0.7775,0.0961
RNG(0.3),2.79,3,0.7775,0.0961
RNG(0.3),2.87,2,0.7555,0.0883
RNG(0.3),2.89,1,0.7625,0.0
RNG(0.3),2.9,1,0.7625,0.0
RNG(0.3),2.91,2,0.7555,0.0883
RNG(0.3),2.96,1,0.7625,0.0
RNG(0.3),2.97,3,0.7782,0.0991
RNG(0.3),2.98,2,0.7931,0.3882
RNG(0.3),2.99,2,0.7555,0.0883
RNG(0.3),3.0,3,0.7782,0.0991
RNG(0.3),3.03,3,0.7782,0.0991
RNG(0.3),3.04,2,0.7931,0.3882
RNG(0.3),3.06,3,0.7782,0.0991
RNG(0.3),3.08,2,0.7931,0.3882
RNG(0.3),3.1,2,0.7931,0.3882
RNG(0.3),3.13,3,0.7782,0.0991
RNG(0.3),3.15,2,0.7931,0.3882
RNG(0.3),3.18,3,0.7782,0.0991
RNG(0.3),3.2,3,0.7768,0.0932
RNG(0.3),3.21,1,0.7625,0.0
RNG(0.3),3.23,1,0.7625,0.0
RNG(0.3),3.25,2,0.7555,0.0883
RNG(0.3),3.26,2,0.791,0.3615
RNG(0.3),3.28,2,0.791,0.3615
RNG(0.3),3.29,3,0.7768,0.0932
RNG(0.3),3.3,2,0.791,0.3615
RNG(0.3),3.31,3,0.7768,0.0932
RNG(0.3),3.32,2,0.7555,0.0883
RNG(0.3),3.33,2,0.7555,0.0883
RNG(0.3),3.34,2,0.7555,0.0883
RNG(0.3),3.35,3,0.7768,0.0932
RNG(0.3),3.36,3,0.7768,0.0932
RNG(0.3),3.37,3,0.7768,0.0932
RNG(0.3),3.38,2,0.7555,0.0883
RNG(0.3),3.4,1,0.7625,0.0
RNG(0.3),3.41,3,0.7768,0.0932
RNG(0.3),3.44,3,0.7768,0.0932
RNG(0.3),3.45,3,0.7768,0.0932
RNG(0.3),3.46,2,0.7555,0.0883
RNG(0.3),3.48,2,0.7555,0.0883
RNG(0.3),3.49,1,0.7625,0.0
RNG(0.3),3.5,1,0.7625,0.0
RNG(0.3),3.54,3,0.7768,0.0932
RNG(0.3),3.55,3,0.7768,0.0932
RNG(0.3),3.56,2,0.791,0.3615
RNG(0.3),3.57,3,0.7768,0.0932
RNG(0.3),3.59,3,0.7768,0.0932
RNG(0.3),3.6,1,0.7625,0.0
RNG(0.3),3.62,3,0.7768,0.0932
RNG(0.3),3.63,3,0.7768,0.0932
RNG(0.3),3.64,2,0.7555,0.0883
RNG(0.3),3.65,1,0.7625,0.0
RNG(0.3),3.66,3,0.7768,0.0932
RNG(0.3),3.67,1,0.7625,0.0
RNG(0.3),3.68,3,0.7768,0.0932
RNG(0.3),3.69,2,0.791,0.3615
RNG(0.3),3.7,3,0.7768,0.0932
RNG(0.3),3.71,3,0.7768,0.0932
RNG(0.3),3.72,3,0.7768,0.0932
RNG(0.3),3.73,3,0.7768,0.0932
RNG(0.3),3.74,2,0.7555,0.0883
RNG(0.3),3.76,2,0.7555,0.0883
RNG(0.3),3.79,1,0.7625,0.0
RNG(0.3),3.8,3,0.7768,0.0932
RNG(0.3),3.81,2,0.7555,0.0883
RNG(0.3),3.82,1,0.7625,0.0
RNG(0.3),3.84,3,0.7768,0.0932
RNG(0.3),3.85,3,0.7768,0.0932
RNG(0.3),3.86,2,0.791,0.3615
RNG(0.3),3.87,3,0.7768,0.0932
RNG(0.3),3.89,3,0.7768,0.0932
RNG(0.3),3.9,3,0.7768,0.0932
RNG(0.3),3.93,3,0.7768,0.0932
RNG(0.3),3.96,3,0.7768,0.0932
RNG(0.3),3.97,2,0.7555,0.0883
RNG(0.3),3.98,3,0.7768,0.0932
RNG(0.3),3.99,3,0.7768,0.0932
RNG(0.3),4.0,2,0.791,0.3615
RNG(0.3),4.02,1,0.7625,0.0
RNG(0.3),4.03,2,0.7555,0.0883
RNG(0.3),4.04,3,0.7768,0.0932
RNG(0.3),4.06,2,0.7555,0.0883
RNG(0.3),4.08,3,0.7768,0.0932
RNG(0.3),4.09,3,0.7768,0.0932
RNG(0.3),4.1,3,0.7768,0.0932
RNG(0.3),4.11,3,0.7768,0.0932
RNG(0.3),4.13,3,0.7768,0.0932
RNG(0.3),4.14,3,0.7768,0.0932
RNG(0.3),4.15,3,0.7768,0.0932
RNG(0.3),4.16,2,0.7555,0.0883
RNG(0.3),4.17,2,0.791,0.3615
RNG(0.3),4.18,3,0.7768,0.0932
RNG(0.3),4.19,3,0.7768,0.0932
RNG(0.3),4.2,3,0.7768,0.0932
RNG(0.3),4.23,2,0.7555,0.0883
RNG(0.3),4.24,3,0.7768,0.0932
RNG(0.3),4.25,3,0.7768,0.0932
RNG(0.3),4.26,2,0.7555,0.0883
RNG(0.3),4.27,2,0.7555,0.0883
RNG(0.3),4.31,3,0.7768,0.0932
RNG(0.3),4.32,2,0.7555,0.0883
RNG(0.3),4.36,1,0.7625,0.0
RNG(0.3),4.39,3,0.7768,0.0932
RNG(0.3),4.4,3,0.7768,0.0932
RNG(0.3),4.41,2,0.7555,0.0883
RNG(0.3),4.42,3,0.7768,0.0932
RNG(0.3),4.43,2,0.7555,0.0883
RNG(0.3),4.44,2,0.791,0.3615
RNG(0.3),4.45,2,0.7555,0.0883
RNG(0.3),4.46,1,0.7625,0.0
RNG(0.3),4.48,2,0.7555,0.0883
RNG(0.3),4.49,3,0.7768,0.0932
RNG(0.3),4.53,3,0.7768,0.0932
RNG(0.3),4.54,2,0.791,0.3615
RNG(0.3),4.55,3,0.7768,0.0932
RNG(0.3),4.62,2,0.791,0.3615
RNG(0.3),4.64,2,0.7555,0.0883
RNG(0.3),4.66,3,0.7768,0.0932
RNG(0.3),4.74,3,0.7768,0.0932
RNG(0.3),4.75,1,0.7625,0.0
RNG(0.3),4.85,2,0.791,0.3615
RNG(0.3),4.87,1,0.7625,0.0
RNG(0.3),4.9,2,0.791,0.3615
RNG(0.3),4.91,1,0.7625,0.0
RNG(0.3),5.01,2,0.791,0.3615
RNG(0.3),5.02,1,0.7625,0.0
RNG(0.3),5.04,1,0.7625,0.0
RNG(0.3),5.05,1,0.7625,0.0
RNG(0.5),1.77,3,0.7761,0.1002
RNG(0.5),1.78,3,0.7761,0.1002
RNG(0.5),1.91,2,0.7534,0.115
RNG(0.5),1.92,1,0.7625,0.0
RNG(0.5),1.98,2,0.792,0.3748
RNG(0.5),2.06,3,0.7761,0.1002
RNG(0.5),2.11,1,0.7625,0.0
RNG(0.5),2.12,3,0.7761,0.1002
RNG(0.5),2.2,3,0.7761,0.1002
RNG(0.5),2.21,1,0.7625,0.0
RNG(0.5),2.24,2,0.7534,0.115
RNG(0.5),2.34,1,0.7625,0.0
RNG(0.5),2.35,1,0.7625,0.0
RNG(0.5),2.37,2,0.792,0.3748
RNG(0.5),2.42,2,0.792,0.3748
RNG(0.5),2.46,3,0.7775,0.0961
RNG(0.5),2.48,2,0.792,0.3748
RNG(0.5),2.49,1,0.7625,0.0
RNG(0.5),2.5,1,0.7625,0.0
RNG(0.5),2.52,2,0.792,0.3748
RNG(0.5),2.53,1,0.7625,0.0
RNG(0.5),2.57,2,0.7555,0.0883
RNG(0.5),2.63,2,0.7555,0.0883
RNG(0.5),2.65,3,0.7775,0.0961
RNG(0.5),2.66,3,0.7775,0.0961
RNG(0.5),2.7,1,0.7625,0.0
RNG(0.5),2.75,1,0.7625,0.0
RNG(0.5),2.76,1,0.7625,0.0
RNG(0.5),2.77,3,0.7775,0.0961
RNG(0.5),2.79,3,0.7775,0.0961
RNG(0.5),2.87,2,0.7555,0.0883
RNG(0.5),2.89,1,0.7625,0.0
RNG(0.5),2.9,1,0.7625,0.0
RNG(0.5),2.91,2,0.7555,0.0883
RNG(0.5),2.96,1,0.7625,0.0
RNG(0.5),2.97,3,0.7775,0.0961
RNG(0.5),2.98,2,0.792,0.3748
RNG(0.5),2.99,2,0.7555,0.0883
RNG(0.5),3.0,3,0.7775,0.0961
RNG(0.5),3.03,3,0.7775,0.0961
RNG(0.5),3.04,2,0.792,0.3748
RNG(0.5),3.06,3,0.7775,0.0961
RNG(0.5),3.08,2,0.792,0.3748
RNG(0.5),3.1,2,0.792,0.3748
RNG(0.5),3.13,3,0.7775,0.0961
RNG(0.5),3.15,2,0.792,0.3748
RNG(0.5),3.18,3,0.7775,0.0961
RNG(0.5),3.2,3,0.7775,0.0961
RNG(0.5),3.21,1,0.7625,0.0
RNG(0.5),3.23,1,0.7625,0.0
RNG(0.5),3.25,2,0.7555,0.0883
RNG(0.5),3.26,2,0.792,0.3748
RNG(0.5),3.28,2,0.792,0.3748
RNG(0.5),3.29,3,0.7775,0.0961
RNG(0.5),3.3,2,0.792,0.3748
RNG(0.5),3.31,3,0.7775,0.0961
RNG(0.5),3.32,2,0.7555,0.0883
RNG(0.5),3.33,2,0.7555,0.0883
RNG(0.5),3.34,2,0.7555,0.0883
RNG(0.5),3.35,3,0.7775,0.0961
RNG(0.5),3.36,3,0.7775,0.0961
RNG(0.5),3.37,3,0.7775,0.0961
RNG(0.5),3.38,2,0.7555,0.0883
RNG(0.5),3.4,1,0.7625,0.0
RNG(0.5),3.41,3,0.7775,0.0961
RNG(0.5),3.44,3,0.7775,0.0961
RNG(0.5),3.45,3,0.7775,0.0961
RNG(0.5),3.46,2,0.7555,0.0883
RNG(0.5),3.48,2,0.7555,0.0883
RNG(0.5),3.49,1,0.7625,0.0
RNG(0.5),3.5,1,0.7625,0.0
RNG(0.5),3.54,3,0.7775,0.0961
RNG(0.5),3.55,3,0.7775,0.0961
RNG(0.5),3.56,2,0.792,0.3748
RNG(0.5),3.57,3,0.7775,0.0961
RNG(0.5),3.59,3,0.7775,0.0961
RNG(0.5),3.6,1,0.7625,0.0
RNG(0.5),3.62,3,0.7775,0.0961
RNG(0.5),3.63,3,0.7775,0.0961
RNG(0.5),3.64,2,0.7555,0.0883
RNG(0.5),3.65,1,0.7625,0.0
RNG(0.5),3.66,3,0.7775,0.0961
RNG(0.5),3.67,1,0.7625,0.0
RNG(0.5),3.68,3,0.7775,0.0961
RNG(0.5),3.69,2,0.792,0.3748
RNG(0.5),3.7,3,0.7775,0.0961
RNG(0.5),3.71,3,0.7775,0.0961
RNG(0.5),3.72,3,0.7775,0.0961
RNG(0.5),3.73,3,0.7775,0.0961
RNG(0.5),3.74,2,0.7555,0.0883
RNG(0.5),3.76,2,0.7555,0.0883
RNG(0.5),3.79,1,0.7625,0.0
RNG(0.5),3.8,3,0.7775,0.0961
RNG(0.5),3.81,2,0.7555,0.0883
RNG(0.5),3.82,1,0.7625,0.0
RNG(0.5),3.84,3,0.7775,0.0961
RNG(0.5),3.85,3,0.7775,0.0961
RNG(0.5),3.86,2,0.792,0.3748
RNG(0.5),3.87,3,0.7775,0.0961
RNG(0.5),3.89,3,0.7775,0.0961
RNG(0.5),3.9,3,0.7775,0.0961
RNG(0.5),3.93,3,0.7775,0.0961
RNG(0.5),3.96,3,0.7775,0.0961
RNG(0.5),3.97,2,0.7555,0.0883
RNG(0.5),3.98,3,0.7775,0.0961
RNG(0.5),3.99,3,0.7775,0.0961
RNG(0.5),4.0,2,0.792,0.3748
RNG(0.5),4.02,1,0.7625,0.0
RNG(0.5),4.03,2,0.7555,0.0883
RNG(0.5),4.04,3,0.7775,0.0961
RNG(0.5),4.06,2,0.7555,0.0883
RNG(0.5),4.08,3,0.7775,0.0961
RNG(0.5),4.09,3,0.7775,0.0961
RNG(0.5),4.1,3,0.7775,0.0961
RNG(0.5),4.11,3,0.7775,0.0961
RNG(0.5),4.13,3,0.7775,0.0961
RNG(0.5),4.14,3,0.7775,0.0961
RNG(0.5),4.15,3,0.7775,0.0961
RNG(0.5),4.16,2,0.7555,0.0883
RNG(0.5),4.17,2,0.792,0.3748
RNG(0.5),4.18,3,0.7775,0.0961
RNG(0.5),4.19,3,0.7775,0.0961
RNG(0.5),4.2,3,0.7775,0.0961
RNG(0.5),4.23,2,0.7555,0.0883
RNG(0.5),4.24,3,0.7775,0.0961
RNG(0.5),4.25,3,0.7775,0.0961
RNG(0.5),4.26,2,0.7555,0.0883
RNG(0.5),4.27,2,0.7555,0.0883
RNG(0.5),4.31,3,0.7775,0.0961
RNG(0.5),4.32,2,0.7555,0.0883
RNG(0.5),4.36,1,0.7625,0.0
RNG(0.5),4.39,3,0.7775,0.0961
RNG(0.5),4.4,3,0.7775,0.0961
RNG(0.5),4.41,2,0.7555,0.0883
RNG(0.5),4.42,3,0.7775,0.0961
RNG(0.5),4.43,2,0.7555,0.0883
RNG(0.5),4.44,2,0.792,0.3748
RNG(0.5),4.45,2,0.7555,0.0883
RNG(0.5),4.46,1,0.7625,0.0
RNG(0.5),4.48,2,0.7555,0.0883
RNG(0.5),4.49,3,0.7775,0.0961
RNG(0.5),4.53,3,0.7775,0.0961
RNG(0.5),4.54,2,0.792,0.3748
RNG(0.5),4.55,3,0.7775,0.0961
RNG(0.5),4.62,2,0.792,0.3748
RNG(0.5),4.64,2,0.7555,0.0883
RNG(0.5),4.66,3,0.7775,0.0961
RNG(0.5),4.74,3,0.7775,0.0961
RNG(0.5),4.75,1,0.7625,0.0
RNG(0.5),4.85,2,0.792,0.3748
RNG(0.5),4.87,1,0.7625,0.0
RNG(0.5),4.9,2,0.792,0.3748
RNG(0.5),4.91,1,0.7625,0.0
RNG(0.5),5.01,2,0.792,0.3748
RNG(0.5),5.02,1,0.7625,0.0
RNG(0.5),5.04,1,0.7625,0.0
RNG(0.5),5.05,1,0.7625,0.0
RNG(1),1.77,3,0.7761,0.1002
RNG(1),1.78,3,0.7761,0.1002
RNG(1),1.91,2,0.7534,0.115
RNG(1),1.92,1,0.7625,0.0
RNG(1),1.98,2,0.792,0.3748
RNG(1),2.06,3,0.7761,0.1002
RNG(1),2.11,1,0.7625,0.0
RNG(1),2.12,3,0.7761,0.1002
RNG(1),2.2,3,0.7761,0.1002
RNG(1),2.21,1,0.7625,0.0
RNG(1),2.24,2,0.7534,0.115
RNG(1),2.34,1,0.7625,0.0
RNG(1),2.35,1,0.7625,0.0
RNG(1),2.37,2,0.792,0.3748
RNG(1),2.42,2,0.792,0.3748
RNG(1),2.46,3,0.7761,0.1002
RNG(1),2.48,2,0.792,0.3748
RNG(1),2.49,1,0.7625,0.0
RNG(1),2.5,1,0.7625,0.0
RNG(1),2.52,2,0.792,0.3748
RNG(1),2.53,1,0.7625,0.0
RNG(1),2.57,2,0.7534,0.115
RNG(1),2.63,2,0.7534,0.115
RNG(1),2.65,3,0.7761,0.1002
RNG(1),2.66,3,0.7761,0.1002
RNG(1),2.7,1,0.7625,0.0
RNG(1),2.75,1,0.7625,0.0
RNG(1),2.76,1,0.7625,0.0
RNG(1),2.77,3,0.7761,0.1002
RNG(1),2.79,3,0.7761,0.1002
RNG(1),2.87,2,0.7534,0.115
RNG(1),2.89,1,0.7625,0.0
RNG(1),2.9,1,0.7625,0.0
RNG(1),2.91,2,0.7534,0.115
RNG(1),2.96,1,0.7625,0.0
RNG(1),2.97,3,0.7761,0.1002
RNG(1),2.98,2,0.792,0.3748
RNG(1),2.99,2,0.7534,0.115
RNG(1),3.0,3,0.7761,0.1002
RNG(1),3.03,3,0.7761,0.1002
RNG(1),3.04,2,0.792,0.3748
RNG(1),3.06,3,0.7761,0.1002
RNG(1),3.08,2,0.792,0.3748
RNG(1),3.1,2,0.792,0.3748
RNG(1),3.13,3,0.7761,0.1002
RNG(1),3.15,2,0.792,0.3748
RNG(1),3.18,3,0.7761,0.1002
RNG(1),3.2,3,0.7761,0.1002
RNG(1),3.21,1,0.7625,0.0
RNG(1),3.23,1,0.7625,0.0
RNG(1),3.25,2,0.7534,0.115
RNG(1),3.26,2,0.792,0.3748
RNG(1),3.28,2,0.792,0.3748
RNG(1),3.29,3,0.7761,0.1002
RNG(1),3.3,2,0.792,0.3748
RNG(1),3.31,3,0.7761,0.1002
RNG(1),3.32,2,0.7534,0.115
RNG(1),3.33,2,0.7534,0.115
RNG(1),3.34,2,0.7534,0.115
RNG(1),3.35,3,0.7761,0.1002
RNG(1),3.36,3,0.7761,0.1002
RNG(1),3.37,3,0.7761,0.1002
RNG(1),3.38,2,0.7534,0.115
RNG(1),3.4,1,0.7625,0.0
RNG(1),3.41,3,0.7761,0.1002
RNG(1),3.44,3,0.7761,0.1002
RNG(1),3.45,3,0.7761,0.1002
RNG(1),3.46,2,0.7534,0.115
RNG(1),3.48,2,0.7534,0.115
RNG(1),3.49,1,0.7625,0.0
RNG(1),3.5,1,0.7625,0.0
RNG(1),3.54,3,0.7761,0.1002
RNG(1),3.55,3,0.7761,0.1002
RNG(1),3.56,2,0.792,0.3748
RNG(1),3.57,3,0.7761,0.1002
RNG(1),3.59,3,0.7761,0.1002
RNG(1),3.6,1,0.7625,0.0
RNG(1),3.62,3,0.7761,0.1002
RNG(1),3.63,3,0.7761,0.1002
RNG(1),3.64,2,0.7534,0.115
RNG(1),3.65,1,0.7625,0.0
RNG(1),3.66,3,0.7761,0.1002
RNG(1),3.67,1,0.7625,0.0
RNG(1),3.68,3,0.7761,0.1002
RNG(1),3.69,2,0.792,0.3748
RNG(1),3.7,3,0.7761,0.1002
RNG(1),3.71,3,0.7761,0.1002
RNG(1),3.72,3,0.7761,0.1002
RNG(1),3.73,3,0.7761,0.1002
RNG(1),3.74,2,0.7534,0.115
RNG(1),3.76,2,0.7534,0.115
RNG(1),3.79,1,0.7625,0.0
RNG(1),3.8,3,0.7761,0.1002
RNG(1),3.81,2,0.7534,0.115
RNG(1),3.82,1,0.7625,0.0
RNG(1),3.84,3,0.7761,0.1002
RNG(1),3.85,3,0.7761,0.1002
RNG(1),3.86,2,0.792,0.3748
RNG(1),3.87,3,0.7761,0.1002
RNG(1),3.89,3,0.7761,0.1002
RNG(1),3.9,3,0.7761,0.1002
RNG(1),3.93,3,0.7761,0.1002
RNG(1),3.96,3,0.7761,0.1002
RNG(1),3.97,2,0.7534,0.115
RNG(1),3.98,3,0.7761,0.1002
RNG(1),3.99,3,0.7761,0.1002
RNG(1),4.0,2,0.792,0.3748
RNG(1),4.02,1,0.7625,0.0
RNG(1),4.03,2,0.7534,0.115
RNG(1),4.04,3,0.7761,0.1002
RNG(1),4.06,2,0.7534,0.115
RNG(1),4.08,3,0.7761,0.1002
RNG(1),4.09,3,0.7761,0.1002
RNG(1),4.1,3,0.7761,0.1002
RNG(1),4.11,3,0.7761,0.1002
RNG(1),4.13,3,0.7761,0.1002
RNG(1),4.14,3,0.7761,0.1002
RNG(1),4.15,3,0.7761,0.1002
RNG(1),4.16,2,0.7534,0.115
RNG(1),4.17,2,0.792,0.3748
RNG(1),4.18,3,0.7761,0.1002
RNG(1),4.19,3,0.7761,0.1002
RNG(1),4.2,3,0.7761,0.1002
RNG(1),4.23,2,0.7534,0.115
RNG(1),4.24,3,0.7761,0.1002
RNG(1),4.25,3,0.7761,0.1002
RNG(1),4.26,2,0.7534,0.115
RNG(1),4.27,2,0.7534,0.115
RNG(1),4.31,3,0.7761,0.1002
RNG(1),4.32,2,0.7534,0.115
RNG(1),4.36,1,0.7625,0.0
RNG(1),4.39,3,0.7761,0.1002
RNG(1),4.4,3,0.7761,0.1002
RNG(1),4.41,2,0.7534,0.115
RNG(1),4.42,3,0.7761,0.1002
RNG(1),4.43,2,0.7534,0.115
RNG(1),4.44,2,0.792,0.3748
RNG(1),4.45,2,0.7534,0.115
RNG(1),4.46,1,0.7625,0.0
RNG(1),4.48,2,0.7534,0.115
RNG(1),4.49,3,0.7761,0.1002
RNG(1),4.53,3,0.7761,0.1002
RNG(1),4.54,2,0.792,0.3748
RNG(1),4.55,3,0.7761,0.1002
RNG(1),4.62,2,0.792,0.3748
RNG(1),4.64,2,0.7534,0.115
RNG(1),4.66,3,0.7761,0.1002
RNG(1),4.74,3,0.7761,0.1002
RNG(1),4.75,1,0.7625,0.0
RNG(1),4.85,2,0.792,0.3748
RNG(1),4.87,1,0.7625,0.0
RNG(1),4.9,2,0.792,0.3748
RNG(1),4.91,1,0.7625,0.0
RNG(1),5.01,2,0.792,0.3748
RNG(1),5.02,1,0.7625,0.0
RNG(1),5.04,1,0.7625,0.0
RNG(1),5.05,1,0.7625,0.0
MMR(0.3),1.83,1,0.8215,0.0
MMR(0.3),2.04,1,0.8215,0.0
MMR(0.3),2.23,2,0.7809,0.5159
MMR(0.3),2.3,2,0.7809,0.5159
MMR(0.3),2.31,1,0.8215,0.0
MMR(0.3),2.36,1,0.8215,0.0
MMR(0.3),2.44,2,0.783,0.4898
MMR(0.3),2.54,1,0.8181,0.0
MMR(0.3),2.55,2,0.7806,0.4765
MMR(0.3),2.64,1,0.8201,0.0
MMR(0.3),2.69,1,0.8201,0.0
MMR(0.3),2.73,1,0.8201,0.0
MMR(0.3),2.74,2,0.7774,0.5165
MMR(0.3),2.8,1,0.8187,0.0
MMR(0.3),2.81,2,0.775,0.5559
MMR(0.3),2.85,2,0.7709,0.5559
MMR(0.3),2.88,2,0.7688,0.5826
MMR(0.3),2.92,2,0.7688,0.5826
MMR(0.3),2.93,2,0.7698,0.5959
MMR(0.3),2.94,2,0.7698,0.5959
MMR(0.3),2.95,2,0.7677,0.622
MMR(0.3),3.01,2,0.7635,0.622
MMR(0.3),3.05,2,0.7621,0.622
MMR(0.3),3.11,2,0.7559,0.5959
MMR(0.3),3.19,1,0.7965,0.0
MMR(0.3),3.22,2,0.7528,0.5559
MMR(0.3),3.24,2,0.7517,0.5426
MMR(0.3),3.27,2,0.7462,0.5959
MMR(0.3),3.39,2,0.7389,0.5559
MMR(0.3),3.42,1,0.7868,0.0
MMR(0.3),3.43,2,0.74,0.5953
MMR(0.3),3.47,1,0.791,0.0
MMR(0.3),3.51,2,0.7421,0.622
MMR(0.3),3.61,2,0.7368,0.6086
MMR(0.3),3.75,1,0.7722,0.0
MMR(0.3),3.77,1,0.7681,0.0
MMR(0.3),3.88,2,0.7212,0.4371
MMR(0.3),3.91,2,0.7149,0.3577
MMR(0.3),3.92,2,0.7149,0.3577
MMR(0.3),3.94,2,0.7087,0.331
MMR(0.3),3.95,2,0.7087,0.331
MMR(0.3),4.01,2,0.7004,0.331
MMR(0.3),4.22,1,0.7097,0.0
MMR(0.3),4.29,1,0.7014,0.0
MMR(0.3),4.3,1,0.7014,0.0
MMR(0.3),4.34,2,0.6837,0.2249
MMR(0.3),4.35,2,0.6837,0.2249
MMR(0.3),4.38,1,0.7014,0.0
MMR(0.3),4.6,2,0.6732,0.1989
MMR(0.3),4.61,1,0.6889,0.0
MMR(0.3),4.63,2,0.6732,0.1989
MMR(0.3),4.68,1,0.6847,0.0
MMR(0.3),4.69,1,0.6847,0.0
MMR(0.3),4.72,1,0.6847,0.0
MMR(0.3),4.77,2,0.6711,0.1722
MMR(0.3),4.83,1,0.6847,0.0
MMR(0.3),4.92,1,0.6806,0.0
MMR(0.3),5.1,1,0.6806,0.0
MMR(0.3),5.11,1,0.6806,0.0
MMR(0.5),1.83,1,0.8215,0.0
MMR(0.5),2.04,1,0.8215,0.0
MMR(0.5),2.23,2,0.7809,0.5159
MMR(0.5),2.3,2,0.7809,0.5159
MMR(0.5),2.31,1,0.8215,0.0
MMR(0.5),2.36,1,0.8215,0.0
MMR(0.5),2.44,2,0.783,0.4898
MMR(0.5),2.54,1,0.8215,0.0
MMR(0.5),2.55,2,0.783,0.4898
MMR(0.5),2.64,1,0.8236,0.0
MMR(0.5),2.69,1,0.8236,0.0
MMR(0.5),2.73,1,0.8236,0.0
MMR(0.5),2.74,2,0.7819,0.5025
MMR(0.5),2.8,1,0.8222,0.0
MMR(0.5),2.81,2,0.7795,0.5426
MMR(0.5),2.85,2,0.7795,0.5426
MMR(0.5),2.88,2,0.7795,0.5426
MMR(0.5),2.92,2,0.7806,0.5292
MMR(0.5),2.93,2,0.7816,0.5426
MMR(0.5),2.94,2,0.7816,0.5426
MMR(0.5),2.95,2,0.7816,0.5426
MMR(0.5),3.01,2,0.7774,0.5426
MMR(0.5),3.05,2,0.776,0.5426
MMR(0.5),3.11,2,0.7698,0.5159
MMR(0.5),3.19,1,0.8083,0.0
MMR(0.5),3.22,2,0.7688,0.5025
MMR(0.5),3.24,2,0.7688,0.5025
MMR(0.5),3.27,2,0.7652,0.5292
MMR(0.5),3.39,2,0.7653,0.4765
MMR(0.5),3.42,1,0.8069,0.0
MMR(0.5),3.43,2,0.7673,0.5025
MMR(0.5),3.47,1,0.8111,0.0
MMR(0.5),3.51,2,0.7694,0.5292
MMR(0.5),3.61,2,0.7642,0.5165
MMR(0.5),3.75,1,0.7965,0.0
MMR(0.5),3.77,1,0.7924,0.0
MMR(0.5),3.88,2,0.7549,0.4238
MMR(0.5),3.91,2,0.7549,0.4238
MMR(0.5),3.92,2,0.7549,0.4238
MMR(0.5),3.94,2,0.7549,0.4238
MMR(0.5),3.95,2,0.7549,0.4238
MMR(0.5),4.01,2,0.7487,0.3971
MMR(0.5),4.22,1,0.7757,0.0
MMR(0.5),4.29,1,0.7715,0.0
MMR(0.5),4.3,1,0.7715,0.0
MMR(0.5),4.34,2,0.7423,0.3704
MMR(0.5),4.35,2,0.7423,0.3704
MMR(0.5),4.38,1,0.7715,0.0
MMR(0.5),4.6,2,0.7361,0.3443
MMR(0.5),4.61,1,0.7632,0.0
MMR(0.5),4.63,2,0.7361,0.3443
MMR(0.5),4.68,1,0.7632,0.0
MMR(0.5),4.69,1,0.7632,0.0
MMR(0.5),4.72,1,0.7632,0.0
MMR(0.5),4.77,2,0.7403,0.291
MMR(0.5),4.83,1,0.7632,0.0
MMR(0.5),4.92,1,0.759,0.0
MMR(0.5),5.1,1,0.759,0.0
MMR(0.5),5.11,1,0.759,0.0
MMR(0.7),1.83,1,0.8215,0.0
MMR(0.7),2.04,1,0.8215,0.0
MMR(0.7),2.23,2,0.783,0.4898
MMR(0.7),2.3,2,0.783,0.4898
MMR(0.7),2.31,1,0.8215,0.0
MMR(0.7),2.36,1,0.8215,0.0
MMR(0.7),2.44,2,0.7851,0.4631
MMR(0.7),2.54,1,0.8229,0.0
MMR(0.7),2.55,2,0.7864,0.4631
MMR(0.7),2.64,1,0.825,0.0
MMR(0.7),2.69,1,0.825,0.0
MMR(0.7),2.73,1,0.825,0.0
MMR(0.7),2.74,2,0.7875,0.4498
MMR(0.7),2.8,1,0.8271,0.0
MMR(0.7),2.81,2,0.7896,0.4765
MMR(0.7),2.85,2,0.7896,0.4765
MMR(0.7),2.88,2,0.7896,0.4765
MMR(0.7),2.92,2,0.7896,0.4765
MMR(0.7),2.93,2,0.7917,0.5032
MMR(0.7),2.94,2,0.7917,0.5032
MMR(0.7),2.95,2,0.7917,0.5032
MMR(0.7),3.01,2,0.7917,0.5032
MMR(0.7),3.05,2,0.7931,0.5025
MMR(0.7),3.11,2,0.792,0.4898
MMR(0.7),3.19,1,0.8347,0.0
MMR(0.7),3.22,2,0.7941,0.5159
MMR(0.7),3.24,2,0.7941,0.5159
MMR(0.7),3.27,2,0.792,0.5426
MMR(0.7),3.39,2,0.792,0.5426
MMR(0.7),3.42,1,0.8389,0.0
MMR(0.7),3.43,2,0.7941,0.5692
MMR(0.7),3.47,1,0.8431,0.0
MMR(0.7),3.51,2,0.7962,0.5959
MMR(0.7),3.61,2,0.7982,0.622
MMR(0.7),3.75,1,0.8431,0.0
MMR(0.7),3.77,1,0.8389,0.0
MMR(0.7),3.88,2,0.7941,0.5159
MMR(0.7),3.91,2,0.7941,0.5159
MMR(0.7),3.92,2,0.7941,0.5159
MMR(0.7),3.94,2,0.7941,0.5159
MMR(0.7),3.95,2,0.7941,0.5159
MMR(0.7),4.01,2,0.7899,0.4631
MMR(0.7),4.22,1,0.8264,0.0
MMR(0.7),4.29,1,0.8264,0.0
MMR(0.7),4.3,1,0.8264,0.0
MMR(0.7),4.34,2,0.7941,0.4638
MMR(0.7),4.35,2,0.7941,0.4638
MMR(0.7),4.38,1,0.8306,0.0
MMR(0.7),4.6,2,0.7941,0.4104
MMR(0.7),4.61,1,0.8264,0.0
MMR(0.7),4.63,2,0.7941,0.4104
MMR(0.7),4.68,1,0.8264,0.0
MMR(0.7),4.69,1,0.8306,0.0
MMR(0.7),4.72,1,0.8306,0.0
MMR(0.7),4.77,2,0.8004,0.3844
MMR(0.7),4.83,1,0.8306,0.0
MMR(0.7),4.92,1,0.8347,0.0
MMR(0.7),5.1,1,0.8347,0.0
MMR(0.7),5.11,1,0.8347,0.0
MMR(0.9),1.83,1,0.8215,0.0
MMR(0.9),2.04,1,0.8215,0.0
MMR(0.9),2.23,2,0.783,0.4898
MMR(0.9),2.3,2,0.783,0.4898
MMR(0.9),2.31,1,0.8215,0.0
MMR(0.9),2.36,1,0.8215,0.0
MMR(0.9),2.44,2,0.7851,0.4631
MMR(0.9),2.54,1,0.8215,0.0
MMR(0.9),2.55,2,0.7851,0.4631
MMR(0.9),2.64,1,0.8215,0.0
MMR(0.9),2.69,1,0.8215,0.0
MMR(0.9),2.73,1,0.8215,0.0
MMR(0.9),2.74,2,0.7851,0.4631
MMR(0.9),2.8,1,0.8215,0.0
MMR(0.9),2.81,2,0.7851,0.4631
MMR(0.9),2.85,2,0.7851,0.4631
MMR(0.9),2.88,2,0.7851,0.4631
MMR(0.9),2.92,2,0.7851,0.4631
MMR(0.9),2.93,2,0.7861,0.4765
MMR(0.9),2.94,2,0.7861,0.4765
MMR(0.9),2.95,2,0.7861,0.4765
MMR(0.9),3.01,2,0.7861,0.4765
MMR(0.9),3.05,2,0.7861,0.4765
MMR(0.9),3.11,2,0.7861,0.4765
MMR(0.9),3.19,1,0.8236,0.0
MMR(0.9),3.22,2,0.7861,0.4765
MMR(0.9),3.24,2,0.7861,0.4765
MMR(0.9),3.27,2,0.7861,0.4765
MMR(0.9),3.39,2,0.7861,0.4765
MMR(0.9),3.42,1,0.8278,0.0
MMR(0.9),3.43,2,0.7882,0.5032
MMR(0.9),3.47,1,0.8319,0.0
MMR(0.9),3.51,2,0.7903,0.5292
MMR(0.9),3.61,2,0.7944,0.5292
MMR(0.9),3.75,1,0.8361,0.0
MMR(0.9),3.77,1,0.8361,0.0
MMR(0.9),3.88,2,0.7944,0.5292
MMR(0.9),3.91,2,0.7944,0.5292
MMR(0.9),3.92,2,0.7944,0.5292
MMR(0.9),3.94,2,0.7944,0.5292
MMR(0.9),3.95,2,0.7944,0.5292
MMR(0.9),4.01,2,0.7965,0.5032
MMR(0.9),4.22,1,0.8361,0.0
MMR(0.9),4.29,1,0.8361,0.0
MMR(0.9),4.3,1,0.8361,0.0
MMR(0.9),4.34,2,0.7965,0.5032
MMR(0.9),4.35,2,0.7965,0.5032
MMR(0.9),4.38,1,0.8361,0.0
MMR(0.9),4.6,2,0.7965,0.4498
MMR(0.9),4.61,1,0.8319,0.0
MMR(0.9),4.63,2,0.7965,0.4498
MMR(0.9),4.68,1,0.8319,0.0
MMR(0.9),4.69,1,0.8319,0.0
MMR(0.9),4.72,1,0.8319,0.0
MMR(0.9),4.77,2,0.7965,0.4498
MMR(0.9),4.83,1,0.8319,0.0
MMR(0.9),4.92,1,0.8319,0.0
MMR(0.9),5.1,1,0.8319,0.0
MMR(0.9),5.11,1,0.8319,0.0
Maxmin,1.83,1,0.8215,0.0
Maxmin,2.04,1,0.8215,0.0
Maxmin,2.23,2,0.7809,0.5159
Maxmin,2.3,2,0.7788,0.5426
Maxmin,2.31,1,0.8215,0.0
Maxmin,2.36,1,0.8215,0.0
Maxmin,2.44,2,0.7768,0.5165
Maxmin,2.54,1,0.8139,0.0
Maxmin,2.55,2,0.7743,0.5032
Maxmin,2.64,1,0.8139,0.0
Maxmin,2.69,1,0.8139,0.0
Maxmin,2.73,1,0.8139,0.0
Maxmin,2.74,2,0.7722,0.5559
Maxmin,2.8,1,0.8146,0.0
Maxmin,2.81,2,0.7688,0.5826
Maxmin,2.85,2,0.7646,0.5819
Maxmin,2.88,2,0.7625,0.6086
Maxmin,2.92,2,0.7625,0.6086
Maxmin,2.93,2,0.7625,0.6086
Maxmin,2.94,2,0.7625,0.6086
Maxmin,2.95,2,0.7604,0.6353
Maxmin,3.01,2,0.7604,0.6353
Maxmin,3.05,2,0.7584,0.6093
Maxmin,3.11,2,0.7521,0.6353
Maxmin,3.19,1,0.7937,0.0
Maxmin,3.22,2,0.7479,0.5819
Maxmin,3.24,2,0.7469,0.5692
Maxmin,3.27,2,0.7413,0.622
Maxmin,3.39,2,0.732,0.6093
Maxmin,3.42,1,0.7757,0.0
Maxmin,3.43,2,0.7288,0.5959
Maxmin,3.47,1,0.7799,0.0
Maxmin,3.51,2,0.7309,0.6226
Maxmin,3.61,2,0.7236,0.5819
Maxmin,3.75,1,0.7528,0.0
Maxmin,3.77,1,0.7528,0.0
Maxmin,3.88,2,0.7038,0.4631
Maxmin,3.91,2,0.6976,0.3837
Maxmin,3.92,2,0.6976,0.3837
Maxmin,3.94,2,0.6955,0.357
Maxmin,3.95,2,0.6955,0.357
Maxmin,4.01,2,0.6913,0.357
Maxmin,4.22,1,0.6944,0.0
Maxmin,4.29,1,0.6861,0.0
Maxmin,4.3,1,0.6861,0.0
Maxmin,4.34,2,0.6663,0.1982
Maxmin,4.35,2,0.6663,0.1982
Maxmin,4.38,1,0.6819,0.0
Maxmin,4.6,2,0.6539,0.1455
Maxmin,4.61,1,0.6653,0.0
Maxmin,4.63,2,0.6539,0.1455
Maxmin,4.68,1,0.6611,0.0
Maxmin,4.69,1,0.6611,0.0
Maxmin,4.72,1,0.6611,0.0
Maxmin,4.77,2,0.6518,0.1188
Maxmin,4.83,1,0.6611,0.0
Maxmin,4.92,1,0.6569,0.0
Maxmin,5.1,1,0.6569,0.0
Maxmin,5.11,1,0.6569,0.0
Greedy-DPP,1.83,1,0.8215,0.0
Greedy-DPP,2.04,1,0.8215,0.0
Greedy-DPP,2.23,2,0.7809,0.5159
Greedy-DPP,2.3,2,0.7809,0.5159
Greedy-DPP,2.31,1,0.8215,0.0
Greedy-DPP,2.36,1,0.8215,0.0
Greedy-DPP,2.44,2,0.783,0.4898
Greedy-DPP,2.54,1,0.825,0.0
Greedy-DPP,2.55,2,0.7854,0.5032
Greedy-DPP,2.64,1,0.8271,0.0
Greedy-DPP,2.69,1,0.8271,0.0
Greedy-DPP,2.73,1,0.8271,0.0
Greedy-DPP,2.74,2,0.7854,0.5292
Greedy-DPP,2.8,1,0.8292,0.0
Greedy-DPP,2.81,2,0.7865,0.5426
Greedy-DPP,2.85,2,0.7865,0.5426
Greedy-DPP,2.88,2,0.7865,0.5426
Greedy-DPP,2.92,2,0.7875,0.5298
Greedy-DPP,2.93,2,0.7886,0.5432
Greedy-DPP,2.94,2,0.7886,0.5432
Greedy-DPP,2.95,2,0.7886,0.5432
Greedy-DPP,3.01,2,0.7864,0.5165
Greedy-DPP,3.05,2,0.7878,0.5165
Greedy-DPP,3.11,2,0.7827,0.5025
Greedy-DPP,3.19,1,0.8201,0.0
Greedy-DPP,3.22,2,0.7816,0.4892
Greedy-DPP,3.24,2,0.7816,0.4892
Greedy-DPP,3.27,2,0.7816,0.4892
Greedy-DPP,3.39,2,0.7795,0.4631
Greedy-DPP,3.42,1,0.8201,0.0
Greedy-DPP,3.43,2,0.7816,0.4892
Greedy-DPP,3.47,1,0.8243,0.0
Greedy-DPP,3.51,2,0.7837,0.5159
Greedy-DPP,3.61,2,0.7837,0.5159
Greedy-DPP,3.75,1,0.816,0.0
Greedy-DPP,3.77,1,0.8118,0.0
Greedy-DPP,3.88,2,0.7753,0.4098
Greedy-DPP,3.91,2,0.7753,0.4098
Greedy-DPP,3.92,2,0.7753,0.4098
Greedy-DPP,3.94,2,0.7753,0.4098
Greedy-DPP,3.95,2,0.7753,0.4098
Greedy-DPP,4.01,2,0.7691,0.3837
Greedy-DPP,4.22,1,0.7951,0.0
Greedy-DPP,4.29,1,0.7951,0.0
Greedy-DPP,4.3,1,0.7951,0.0
Greedy-DPP,4.34,2,0.7649,0.3837
Greedy-DPP,4.35,2,0.7649,0.3837
Greedy-DPP,4.38,1,0.7951,0.0
Greedy-DPP,4.6,2,0.7629,0.3577
Greedy-DPP,4.61,1,0.791,0.0
Greedy-DPP,4.63,2,0.7629,0.3577
Greedy-DPP,4.68,1,0.791,0.0
Greedy-DPP,4.69,1,0.7951,0.0
Greedy-DPP,4.72,1,0.7951,0.0
Greedy-DPP,4.77,2,0.7691,0.3304
Greedy-DPP,4.83,1,0.7951,0.0
Greedy-DPP,4.92,1,0.7993,0.0
Greedy-DPP,5.1,1,0.7993,0.0
Greedy-DPP,5.11,1,0.7993,0.0
RNG(-0.3),1.83,1,0.8215,0.0
RNG(-0.3),2.04,1,0.8215,0.0
RNG(-0.3),2.23,2,0.783,0.4898
RNG(-0.3),2.3,2,0.783,0.4898
RNG(-0.3),2.31,1,0.8215,0.0
RNG(-0.3),2.36,1,0.8215,0.0
RNG(-0.3),2.44,2,0.783,0.4898
RNG(-0.3),2.54,1,0.8215,0.0
RNG(-0.3),2.55,2,0.783,0.4898
RNG(-0.3),2.64,1,0.8215,0.0
RNG(-0.3),2.69,1,0.8215,0.0
RNG(-0.3),2.73,1,0.8215,0.0
RNG(-0.3),2.74,2,0.783,0.4898
RNG(-0.3),2.8,1,0.8215,0.0
RNG(-0.3),2.81,2,0.783,0.4898
RNG(-0.3),2.85,2,0.783,0.4898
RNG(-0.3),2.88,2,0.783,0.4898
RNG(-0.3),2.92,2,0.783,0.4898
RNG(-0.3),2.93,2,0.783,0.4898
RNG(-0.3),2.94,2,0.783,0.4898
RNG(-0.3),2.95,2,0.783,0.4898
RNG(-0.3),3.01,2,0.783,0.4898
RNG(-0.3),3.05,2,0.783,0.4898
RNG(-0.3),3.11,2,0.783,0.4898
RNG(-0.3),3.19,1,0.8215,0.0
RNG(-0.3),3.22,2,0.783,0.4898
RNG(-0.3),3.24,2,0.783,0.4898
RNG(-0.3),3.27,2,0.783,0.4898
RNG(-0.3),3.39,2,0.783,0.4898
RNG(-0.3),3.42,1,0.8257,0.0
RNG(-0.3),3.43,2,0.7851,0.5165
RNG(-0.3),3.47,1,0.8257,0.0
RNG(-0.3),3.51,2,0.7851,0.5165
RNG(-0.3),3.61,2,0.7851,0.5165
RNG(-0.3),3.75,1,0.8257,0.0
RNG(-0.3),3.77,1,0.8257,0.0
RNG(-0.3),3.88,2,0.7851,0.5165
RNG(-0.3),3.91,2,0.7851,0.5165
RNG(-0.3),3.92,2,0.7851,0.5165
RNG(-0.3),3.94,2,0.7851,0.5165
RNG(-0.3),3.95,2,0.7851,0.5165
RNG(-0.3),4.01,2,0.7872,0.4898
RNG(-0.3),4.22,1,0.8257,0.0
RNG(-0.3),4.29,1,0.8257,0.0
RNG(-0.3),4.3,1,0.8257,0.0
RNG(-0.3),4.34,2,0.7872,0.4898
RNG(-0.3),4.35,2,0.7872,0.4898
RNG(-0.3),4.38,1,0.8257,0.0
RNG(-0.3),4.6,2,0.7893,0.4631
RNG(-0.3),4.61,1,0.8257,0.0
RNG(-0.3),4.63,2,0.7893,0.4631
RNG(-0.3),4.68,1,0.8257,0.0
RNG(-0.3),4.69,1,0.8257,0.0
RNG(-0.3),4.72,1,0.8257,0.0
RNG(-0.3),4.77,2,0.7893,0.4631
RNG(-0.3),4.83,1,0.8257,0.0
RNG(-0.3),4.92,1,0.8257,0.0
RNG(-0.3),5.1,1,0.8257,0.0
RNG(-0.3),5.11,1,0.8257,0.0
RNG(-0.2),1.83,1,0.8215,0.0
RNG(-0.2),2.04,1,0.8215,0.0
RNG(-0.2),2.23,2,0.783,0.4898
RNG(-0.2),2.3,2,0.783,0.4898
RNG(-0.2),2.31,1,0.8215,0.0
RNG(-0.2),2.36,1,0.8215,0.0
RNG(-0.2),2.44,2,0.7851,0.4631
RNG(-0.2),2.54,1,0.8236,0.0
RNG(-0.2),2.55,2,0.7861,0.4765
RNG(-0.2),2.64,1,0.8236,0.0
RNG(-0.2),2.69,1,0.8236,0.0
RNG(-0.2),2.73,1,0.8236,0.0
RNG(-0.2),2.74,2,0.7861,0.4765
RNG(-0.2),2.8,1,0.8236,0.0
RNG(-0.2),2.81,2,0.7861,0.4765
RNG(-0.2),2.85,2,0.7861,0.4765
RNG(-0.2),2.88,2,0.7861,0.4765
RNG(-0.2),2.92,2,0.7861,0.4765
RNG(-0.2),2.93,2,0.7861,0.4765
RNG(-0.2),2.94,2,0.7861,0.4765
RNG(-0.2),2.95,2,0.7861,0.4765
RNG(-0.2),3.01,2,0.7861,0.4765
RNG(-0.2),3.05,2,0.7861,0.4765
RNG(-0.2),3.11,2,0.7882,0.5032
RNG(-0.2),3.19,1,0.8278,0.0
RNG(-0.2),3.22,2,0.7882,0.5032
RNG(-0.2),3.24,2,0.7882,0.5032
RNG(-0.2),3.27,2,0.7882,0.5032
RNG(-0.2),3.39,2,0.7882,0.5032
RNG(-0.2),3.42,1,0.8319,0.0
RNG(-0.2),3.43,2,0.7903,0.5292
RNG(-0.2),3.47,1,0.8319,0.0
RNG(-0.2),3.51,2,0.7903,0.5292
RNG(-0.2),3.61,2,0.7944,0.5292
RNG(-0.2),3.75,1,0.8361,0.0
RNG(-0.2),3.77,1,0.8361,0.0
RNG(-0.2),3.88,2,0.7966,0.5559
RNG(-0.2),3.91,2,0.7966,0.5559
RNG(-0.2),3.92,2,0.7966,0.5559
RNG(-0.2),3.94,2,0.7966,0.5559
RNG(-0.2),3.95,2,0.7966,0.5559
RNG(-0.2),4.01,2,0.7986,0.5298
RNG(-0.2),4.22,1,0.8444,0.0
RNG(-0.2),4.29,1,0.8444,0.0
RNG(-0.2),4.3,1,0.8444,0.0
RNG(-0.2),4.34,2,0.8007,0.5559
RNG(-0.2),4.35,2,0.8007,0.5559
RNG(-0.2),4.38,1,0.8486,0.0
RNG(-0.2),4.6,2,0.8049,0.5559
RNG(-0.2),4.61,1,0.8486,0.0
RNG(-0.2),4.63,2,0.8049,0.5559
RNG(-0.2),4.68,1,0.8486,0.0
RNG(-0.2),4.69,1,0.8486,0.0
RNG(-0.2),4.72,1,0.8486,0.0
RNG(-0.2),4.77,2,0.8049,0.5559
RNG(-0.2),4.83,1,0.8486,0.0
RNG(-0.2),4.92,1,0.8486,0.0
RNG(-0.2),5.1,1,0.8486,0.0
RNG(-0.2),5.11,1,0.8486,0.0
RNG(-0.1),1.83,1,0.8215,0.0
RNG(-0.1),2.04,1,0.8215,0.0
RNG(-0.1),2.23,2,0.783,0.4898
RNG(-0.1),2.3,2,0.783,0.4898
RNG(-0.1),2.31,1,0.8215,0.0
RNG(-0.1),2.36,1,0.8215,0.0
RNG(-0.1),2.44,2,0.7851,0.4631
RNG(-0.1),2.54,1,0.8236,0.0
RNG(-0.1),2.55,2,0.7861,0.4765
RNG(-0.1),2.64,1,0.8236,0.0
RNG(-0.1),2.69,1,0.8236,0.0
RNG(-0.1),2.73,1,0.8236,0.0
RNG(-0.1),2.74,2,0.7872,0.4631
RNG(-0.1),2.8,1,0.8257,0.0
RNG(-0.1),2.81,2,0.7882,0.4765
RNG(-0.1),2.85,2,0.7882,0.4765
RNG(-0.1),2.88,2,0.7882,0.4765
RNG(-0.1),2.92,2,0.7893,0.4631
RNG(-0.1),2.93,2,0.7903,0.4765
RNG(-0.1),2.94,2,0.7903,0.4765
RNG(-0.1),2.95,2,0.7903,0.4765
RNG(-0.1),3.01,2,0.7923,0.4504
RNG(-0.1),3.05,2,0.7923,0.4504
RNG(-0.1),3.11,2,0.7944,0.4765
RNG(-0.1),3.19,1,0.8319,0.0
RNG(-0.1),3.22,2,0.7944,0.4765
RNG(-0.1),3.24,2,0.7944,0.4765
RNG(-0.1),3.27,2,0.7923,0.5025
RNG(-0.1),3.39,2,0.7923,0.5025
RNG(-0.1),3.42,1,0.8361,0.0
RNG(-0.1),3.43,2,0.7944,0.5292
RNG(-0.1),3.47,1,0.8403,0.0
RNG(-0.1),3.51,2,0.7966,0.5559
RNG(-0.1),3.61,2,0.8007,0.5559
RNG(-0.1),3.75,1,0.8444,0.0
RNG(-0.1),3.77,1,0.8444,0.0
RNG(-0.1),3.88,2,0.7986,0.5298
RNG(-0.1),3.91,2,0.7986,0.5298
RNG(-0.1),3.92,2,0.7986,0.5298
RNG(-0.1),3.94,2,0.7986,0.5298
RNG(-0.1),3.95,2,0.7986,0.5298
RNG(-0.1),4.01,2,0.8007,0.5032
RNG(-0.1),4.22,1,0.8403,0.0
RNG(-0.1),4.29,1,0.8403,0.0
RNG(-0.1),4.3,1,0.8403,0.0
RNG(-0.1),4.34,2,0.8049,0.5025
RNG(-0.1),4.35,2,0.8049,0.5025
RNG(-0.1),4.38,1,0.8444,0.0
RNG(-0.1),4.6,2,0.8049,0.4504
RNG(-0.1),4.61,1,0.8403,0.0
RNG(-0.1),4.63,2,0.8049,0.4504
RNG(-0.1),4.68,1,0.8403,0.0
RNG(-0.1),4.69,1,0.8403,0.0
RNG(-0.1),4.72,1,0.8403,0.0
RNG(-0.1),4.77,2,0.8049,0.4504
RNG(-0.1),4.83,1,0.8403,0.0
RNG(-0.1),4.92,1,0.8403,0.0
RNG(-0.1),5.1,1,0.8403,0.0
RNG(-0.1),5.11,1,0.8403,0.0
RNG(-0.05),1.83,1,0.8215,0.0
RNG(-0.05),2.04,1,0.8215,0.0
RNG(-0.05),2.23,2,0.783,0.4898
RNG(-0.05),2.3,2,0.783,0.4898
RNG(-0.05),2.31,1,0.8215,0.0
RNG(-0.05),2.36,1,0.8215,0.0
RNG(-0.05),2.44,2,0.7851,0.4631
RNG(-0.05),2.54,1,0.8215,0.0
RNG(-0.05),2.55,2,0.7851,0.4631
RNG(-0.05),2.64,1,0.8236,0.0
RNG(-0.05),2.69,1,0.8236,0.0
RNG(-0.05),2.73,1,0.8236,0.0
RNG(-0.05),2.74,2,0.7851,0.4631
RNG(-0.05),2.8,1,0.8236,0.0
RNG(-0.05),2.81,2,0.7861,0.4765
RNG(-0.05),2.85,2,0.7861,0.4765
RNG(-0.05),2.88,2,0.7861,0.4765
RNG(-0.05),2.92,2,0.7872,0.4631
RNG(-0.05),2.93,2,0.7893,0.4898
RNG(-0.05),2.94,2,0.7893,0.4898
RNG(-0.05),2.95,2,0.7893,0.4898
RNG(-0.05),3.01,2,0.7893,0.4898
RNG(-0.05),3.05,2,0.7893,0.4898
RNG(-0.05),3.11,2,0.7893,0.4898
RNG(-0.05),3.19,1,0.8278,0.0
RNG(-0.05),3.22,2,0.7893,0.4898
RNG(-0.05),3.24,2,0.7893,0.4898
RNG(-0.05),3.27,2,0.7872,0.5165
RNG(-0.05),3.39,2,0.7872,0.5165
RNG(-0.05),3.42,1,0.8319,0.0
RNG(-0.05),3.43,2,0.7892,0.5426
RNG(-0.05),3.47,1,0.8361,0.0
RNG(-0.05),3.51,2,0.7913,0.5692
RNG(-0.05),3.61,2,0.7955,0.5692
RNG(-0.05),3.75,1,0.8403,0.0
RNG(-0.05),3.77,1,0.8361,0.0
RNG(-0.05),3.88,2,0.7913,0.5159
RNG(-0.05),3.91,2,0.7913,0.5159
RNG(-0.05),3.92,2,0.7913,0.5159
RNG(-0.05),3.94,2,0.7913,0.5159
RNG(-0.05),3.95,2,0.7913,0.5159
RNG(-0.05),4.01,2,0.7872,0.4631
RNG(-0.05),4.22,1,0.8236,0.0
RNG(-0.05),4.29,1,0.8236,0.0
RNG(-0.05),4.3,1,0.8236,0.0
RNG(-0.05),4.34,2,0.7893,0.4898
RNG(-0.05),4.35,2,0.7893,0.4898
RNG(-0.05),4.38,1,0.8278,0.0
RNG(-0.05),4.6,2,0.7872,0.4631
RNG(-0.05),4.61,1,0.8236,0.0
RNG(-0.05),4.63,2,0.7872,0.4631
RNG(-0.05),4.68,1,0.8236,0.0
RNG(-0.05),4.69,1,0.8236,0.0
RNG(-0.05),4.72,1,0.8236,0.0
RNG(-0.05),4.77,2,0.7893,0.4365
RNG(-0.05),4.83,1,0.8236,0.0
RNG(-0.05),4.92,1,0.8236,0.0
RNG(-0.05),5.1,1,0.8236,0.0
RNG(-0.05),5.11,1,0.8236,0.0
RNG(0),1.83,1,0.8215,0.0
RNG(0),2.04,1,0.8215,0.0
RNG(0),2.23,2,0.783,0.4898
RNG(0),2.3,2,0.783,0.4898
RNG(0),2.31,1,0.8215,0.0
RNG(0),2.36,1,0.8215,0.0
RNG(0),2.44,2,0.7851,0.4631
RNG(0),2.54,1,0.8215,0.0
RNG(0),2.55,2,0.7851,0.4631
RNG(0),2.64,1,0.8215,0.0
RNG(0),2.69,1,0.8215,0.0
RNG(0),2.73,1,0.8215,0.0
RNG(0),2.74,2,0.784,0.4498
RNG(0),2.8,1,0.8215,0.0
RNG(0),2.81,2,0.7851,0.4631
RNG(0),2.85,2,0.7851,0.4631
RNG(0),2.88,2,0.7851,0.4631
RNG(0),2.92,2,0.7851,0.4631
RNG(0),2.93,2,0.7872,0.4898
RNG(0),2.94,2,0.7872,0.4898
RNG(0),2.95,2,0.7872,0.4898
RNG(0),3.01,2,0.7872,0.4898
RNG(0),3.05,2,0.7872,0.4898
RNG(0),3.11,2,0.7851,0.4631
RNG(0),3.19,1,0.8174,0.0
RNG(0),3.22,2,0.783,0.4371
RNG(0),3.24,2,0.783,0.4371
RNG(0),3.27,2,0.783,0.4371
RNG(0),3.39,2,0.783,0.4371
RNG(0),3.42,1,0.8215,0.0
RNG(0),3.43,2,0.784,0.4765
RNG(0),3.47,1,0.8257,0.0
RNG(0),3.51,2,0.7861,0.5032
RNG(0),3.61,2,0.7903,0.5032
RNG(0),3.75,1,0.8299,0.0
RNG(0),3.77,1,0.8257,0.0
RNG(0),3.88,2,0.7861,0.4498
RNG(0),3.91,2,0.7861,0.4498
RNG(0),3.92,2,0.7861,0.4498
RNG(0),3.94,2,0.7861,0.4498
RNG(0),3.95,2,0.7861,0.4498
RNG(0),4.01,2,0.7841,0.3704
RNG(0),4.22,1,0.8132,0.0
RNG(0),4.29,1,0.8132,0.0
RNG(0),4.3,1,0.8132,0.0
RNG(0),4.34,2,0.782,0.3971
RNG(0),4.35,2,0.782,0.3971
RNG(0),4.38,1,0.8132,0.0
RNG(0),4.6,2,0.7799,0.3704
RNG(0),4.61,1,0.809,0.0
RNG(0),4.63,2,0.7799,0.3704
RNG(0),4.68,1,0.809,0.0
RNG(0),4.69,1,0.809,0.0
RNG(0),4.72,1,0.809,0.0
RNG(0),4.77,2,0.784,0.3177
RNG(0),4.83,1,0.809,0.0
RNG(0),4.92,1,0.809,0.0
RNG(0),5.1,1,0.809,0.0
RNG(0),5.11,1,0.809,0.0
RNG(0.05),1.83,1,0.8215,0.0
RNG(0.05),2.04,1,0.8215,0.0
RNG(0.05),2.23,2,0.783,0.4898
RNG(0.05),2.3,2,0.783,0.4898
RNG(0.05),2.31,1,0.8215,0.0
RNG(0.05),2.36,1,0.8215,0.0
RNG(0.05),2.44,2,0.7851,0.4631
RNG(0.05),2.54,1,0.8215,0.0
RNG(0.05),2.55,2,0.7851,0.4631
RNG(0.05),2.64,1,0.8215,0.0
RNG(0.05),2.69,1,0.8215,0.0
RNG(0.05),2.73,1,0.8215,0.0
RNG(0.05),2.74,2,0.784,0.4498
RNG(0.05),2.8,1,0.8194,0.0
RNG(0.05),2.81,2,0.784,0.4498
RNG(0.05),2.85,2,0.784,0.4498
RNG(0.05),2.88,2,0.784,0.4498
RNG(0.05),2.92,2,0.784,0.4498
RNG(0.05),2.93,2,0.7851,0.4631
RNG(0.05),2.94,2,0.7851,0.4631
RNG(0.05),2.95,2,0.7851,0.4631
RNG(0.05),3.01,2,0.7851,0.4631
RNG(0.05),3.05,2,0.7851,0.4631
RNG(0.05),3.11,2,0.783,0.4371
RNG(0.05),3.19,1,0.8132,0.0
RNG(0.05),3.22,2,0.7809,0.4104
RNG(0.05),3.24,2,0.7809,0.4104
RNG(0.05),3.27,2,0.7809,0.4104
RNG(0.05),3.39,2,0.7809,0.4104
RNG(0.05),3.42,1,0.8174,0.0
RNG(0.05),3.43,2,0.783,0.4371
RNG(0.05),3.47,1,0.8215,0.0
RNG(0.05),3.51,2,0.7851,0.4631
RNG(0.05),3.61,2,0.7851,0.4631
RNG(0.05),3.75,1,0.8174,0.0
RNG(0.05),3.77,1,0.8174,0.0
RNG(0.05),3.88,2,0.7809,0.4104
RNG(0.05),3.91,2,0.7809,0.4104
RNG(0.05),3.92,2,0.7809,0.4104
RNG(0.05),3.94,2,0.7809,0.4104
RNG(0.05),3.95,2,0.7809,0.4104
RNG(0.05),4.01,2,0.7809,0.4104
RNG(0.05),4.22,1,0.8132,0.0
RNG(0.05),4.29,1,0.8132,0.0
RNG(0.05),4.3,1,0.8132,0.0
RNG(0.05),4.34,2,0.7809,0.4104
RNG(0.05),4.35,2,0.7809,0.4104
RNG(0.05),4.38,1,0.8132,0.0
RNG(0.05),4.6,2,0.7788,0.3837
RNG(0.05),4.61,1,0.809,0.0
RNG(0.05),4.63,2,0.7788,0.3837
RNG(0.05),4.68,1,0.809,0.0
RNG(0.05),4.69,1,0.809,0.0
RNG(0.05),4.72,1,0.809,0.0
RNG(0.05),4.77,2,0.7809,0.357
RNG(0.05),4.83,1,0.809,0.0
RNG(0.05),4.92,1,0.809,0.0
RNG(0.05),5.1,1,0.809,0.0
RNG(0.05),5.11,1,0.809,0.0
RNG(0.1),1.83,1,0.8215,0.0
RNG(0.1),2.04,1,0.8215,0.0
RNG(0.1),2.23,2,0.783,0.4898
RNG(0.1),2.3,2,0.783,0.4898
RNG(0.1),2.31,1,0.8215,0.0
RNG(0.1),2.36,1,0.8215,0.0
RNG(0.1),2.44,2,0.7851,0.4631
RNG(0.1),2.54,1,0.8215,0.0
RNG(0.1),2.55,2,0.7851,0.4631
RNG(0.1),2.64,1,0.8215,0.0
RNG(0.1),2.69,1,0.8215,0.0
RNG(0.1),2.73,1,0.8215,0.0
RNG(0.1),2.74,2,0.784,0.4498
RNG(0.1),2.8,1,0.8194,0.0
RNG(0.1),2.81,2,0.784,0.4498
RNG(0.1),2.85,2,0.784,0.4498
RNG(0.1),2.88,2,0.784,0.4498
RNG(0.1),2.92,2,0.784,0.4498
RNG(0.1),2.93,2,0.7851,0.4631
RNG(0.1),2.94,2,0.7851,0.4631
RNG(0.1),2.95,2,0.7851,0.4631
RNG(0.1),3.01,2,0.7851,0.4631
RNG(0.1),3.05,2,0.7851,0.4631
RNG(0.1),3.11,2,0.7851,0.4631
RNG(0.1),3.19,1,0.8215,0.0
RNG(0.1),3.22,2,0.7851,0.4631
RNG(0.1),3.24,2,0.7851,0.4631
RNG(0.1),3.27,2,0.7851,0.4631
RNG(0.1),3.39,2,0.7851,0.4631
RNG(0.1),3.42,1,0.8215,0.0
RNG(0.1),3.43,2,0.7851,0.4631
RNG(0.1),3.47,1,0.8257,0.0
RNG(0.1),3.51,2,0.7872,0.4898
RNG(0.1),3.61,2,0.7872,0.4898
RNG(0.1),3.75,1,0.8215,0.0
RNG(0.1),3.77,1,0.8215,0.0
RNG(0.1),3.88,2,0.7851,0.4631
RNG(0.1),3.91,2,0.7851,0.4631
RNG(0.1),3.92,2,0.7851,0.4631
RNG(0.1),3.94,2,0.7851,0.4631
RNG(0.1),3.95,2,0.7851,0.4631
RNG(0.1),4.01,2,0.7851,0.4631
RNG(0.1),4.22,1,0.8215,0.0
RNG(0.1),4.29,1,0.8215,0.0
RNG(0.1),4.3,1,0.8215,0.0
RNG(0.1),4.34,2,0.7851,0.4631
RNG(0.1),4.35,2,0.7851,0.4631
RNG(0.1),4.38,1,0.8215,0.0
RNG(0.1),4.6,2,0.7851,0.4631
RNG(0.1),4.61,1,0.8215,0.0
RNG(0.1),4.63,2,0.7851,0.4631
RNG(0.1),4.68,1,0.8215,0.0
RNG(0.1),4.69,1,0.8215,0.0
RNG(0.1),4.72,1,0.8215,0.0
RNG(0.1),4.77,2,0.7851,0.4631
RNG(0.1),4.83,1,0.8215,0.0
RNG(0.1),4.92,1,0.8215,0.0
RNG(0.1),5.1,1,0.8215,0.0
RNG(0.1),5.11,1,0.8215,0.0
RNG(0.2),1.83,1,0.8215,0.0
RNG(0.2),2.04,1,0.8215,0.0
RNG(0.2),2.23,2,0.783,0.4898
RNG(0.2),2.3,2,0.783,0.4898
RNG(0.2),2.31,1,0.8215,0.0
RNG(0.2),2.36,1,0.8215,0.0
RNG(0.2),2.44,2,0.7851,0.4631
RNG(0.2),2.54,1,0.8215,0.0
RNG(0.2),2.55,2,0.7851,0.4631
RNG(0.2),2.64,1,0.8215,0.0
RNG(0.2),2.69,1,0.8215,0.0
RNG(0.2),2.73,1,0.8215,0.0
RNG(0.2),2.74,2,0.7851,0.4631
RNG(0.2),2.8,1,0.8215,0.0
RNG(0.2),2.81,2,0.7851,0.4631
RNG(0.2),2.85,2,0.7851,0.4631
RNG(0.2),2.88,2,0.7851,0.4631
RNG(0.2),2.92,2,0.7851,0.4631
RNG(0.2),2.93,2,0.7861,0.4765
RNG(0.2),2.94,2,0.7861,0.4765
RNG(0.2),2.95,2,0.7861,0.4765
RNG(0.2),3.01,2,0.7861,0.4765
RNG(0.2),3.05,2,0.7861,0.4765
RNG(0.2),3.11,2,0.7861,0.4765
RNG(0.2),3.19,1,0.8194,0.0
RNG(0.2),3.22,2,0.784,0.4498
RNG(0.2),3.24,2,0.784,0.4498
RNG(0.2),3.27,2,0.784,0.4498
RNG(0.2),3.39,2,0.784,0.4498
RNG(0.2),3.42,1,0.8194,0.0
RNG(0.2),3.43,2,0.784,0.4498
RNG(0.2),3.47,1,0.8194,0.0
RNG(0.2),3.51,2,0.784,0.4498
RNG(0.2),3.61,2,0.784,0.4498
RNG(0.2),3.75,1,0.8194,0.0
RNG(0.2),3.77,1,0.8194,0.0
RNG(0.2),3.88,2,0.784,0.4498
RNG(0.2),3.91,2,0.784,0.4498
RNG(0.2),3.92,2,0.784,0.4498
RNG(0.2),3.94,2,0.784,0.4498
RNG(0.2),3.95,2,0.784,0.4498
RNG(0.2),4.01,2,0.784,0.4498
RNG(0.2),4.22,1,0.8194,0.0
RNG(0.2),4.29,1,0.8194,0.0
RNG(0.2),4.3,1,0.8194,0.0
RNG(0.2),4.34,2,0.784,0.4498
RNG(0.2),4.35,2,0.784,0.4498
RNG(0.2),4.38,1,0.8194,0.0
RNG(0.2),4.6,2,0.784,0.4498
RNG(0.2),4.61,1,0.8194,0.0
RNG(0.2),4.63,2,0.784,0.4498
RNG(0.2),4.68,1,0.8194,0.0
RNG(0.2),4.69,1,0.8194,0.0
RNG(0.2),4.72,1,0.8194,0.0
RNG(0.2),4.77,2,0.784,0.4498
RNG(0.2),4.83,1,0.8194,0.0
RNG(0.2),4.92,1,0.8194,0.0
RNG(0.2),5.1,1,0.8194,0.0
RNG(0.2),5.11,1,0.8194,0.0
RNG(0.3),1.83,1,0.8215,0.0
RNG(0.3),2.04,1,0.8215,0.0
RNG(0.3),2.23,2,0.783,0.4898
RNG(0.3),2.3,2,0.783,0.4898
RNG(0.3),2.31,1,0.8215,0.0
RNG(0.3),2.36,1,0.8215,0.0
RNG(0.3),2.44,2,0.7851,0.4631
RNG(0.3),2.54,1,0.8215,0.0
RNG(0.3),2.55,2,0.7851,0.4631
RNG(0.3),2.64,1,0.8215,0.0
RNG(0.3),2.69,1,0.8215,0.0
RNG(0.3),2.73,1,0.8215,0.0
RNG(0.3),2.74,2,0.7851,0.4631
RNG(0.3),2.8,1,0.8215,0.0
RNG(0.3),2.81,2,0.7851,0.4631
RNG(0.3),2.85,2,0.7851,0.4631
RNG(0.3),2.88,2,0.7851,0.4631
RNG(0.3),2.92,2,0.7851,0.4631
RNG(0.3),2.93,2,0.7861,0.4765
RNG(0.3),2.94,2,0.7861,0.4765
RNG(0.3),2.95,2,0.7861,0.4765
RNG(0.3),3.01,2,0.7861,0.4765
RNG(0.3),3.05,2,0.7861,0.4765
RNG(0.3),3.11,2,0.7861,0.4765
RNG(0.3),3.19,1,0.8194,0.0
RNG(0.3),3.22,2,0.784,0.4498
RNG(0.3),3.24,2,0.784,0.4498
RNG(0.3),3.27,2,0.784,0.4498
RNG(0.3),3.39,2,0.784,0.4498
RNG(0.3),3.42,1,0.8194,0.0
RNG(0.3),3.43,2,0.784,0.4498
RNG(0.3),3.47,1,0.8194,0.0
RNG(0.3),3.51,2,0.784,0.4498
RNG(0.3),3.61,2,0.784,0.4498
RNG(0.3),3.75,1,0.8194,0.0
RNG(0.3),3.77,1,0.8194,0.0
RNG(0.3),3.88,2,0.784,0.4498
RNG(0.3),3.91,2,0.784,0.4498
RNG(0.3),3.92,2,0.784,0.4498
RNG(0.3),3.94,2,0.784,0.4498
RNG(0.3),3.95,2,0.784,0.4498
RNG(0.3),4.01,2,0.784,0.4498
RNG(0.3),4.22,1,0.8194,0.0
RNG(0.3),4.29,1,0.8194,0.0
RNG(0.3),4.3,1,0.8194,0.0
RNG(0.3),4.34,2,0.784,0.4498
RNG(0.3),4.35,2,0.784,0.4498
RNG(0.3),4.38,1,0.8194,0.0
RNG(0.3),4.6,2,0.784,0.4498
RNG(0.3),4.61,1,0.8194,0.0
RNG(0.3),4.63,2,0.784,0.4498
RNG(0.3),4.68,1,0.8194,0.0
RNG(0.3),4.69,1,0.8194,0.0
RNG(0.3),4.72,1,0.8194,0.0
RNG(0.3),4.77,2,0.784,0.4498
RNG(0.3),4.83,1,0.8194,0.0
RNG(0.3),4.92,1,0.8194,0.0
RNG(0.3),5.1,1,0.8194,0.0
RNG(0.3),5.11,1,0.8194,0.0
RNG(0.5),1.83,1,0.8215,0.0
RNG(0.5),2.04,1,0.8215,0.0
RNG(0.5),2.23,2,0.783,0.4898
RNG(0.5),2.3,2,0.783,0.4898
RNG(0.5),2.31,1,0.8215,0.0
RNG(0.5),2.36,1,0.8215,0.0
RNG(0.5),2.44,2,0.7851,0.4631
RNG(0.5),2.54,1,0.8215,0.0
RNG(0.5),2.55,2,0.7851,0.4631
RNG(0.5),2.64,1,0.8215,0.0
RNG(0.5),2.69,1,0.8215,0.0
RNG(0.5),2.73,1,0.8215,0.0
RNG(0.5),2.74,2,0.7851,0.4631
RNG(0.5),2.8,1,0.8215,0.0
RNG(0.5),2.81,2,0.7851,0.4631
RNG(0.5),2.85,2,0.7851,0.4631
RNG(0.5),2.88,2,0.7851,0.4631
RNG(0.5),2.92,2,0.7851,0.4631
RNG(0.5),2.93,2,0.7851,0.4631
RNG(0.5),2.94,2,0.7851,0.4631
RNG(0.5),2.95,2,0.7851,0.4631
RNG(0.5),3.01,2,0.7851,0.4631
RNG(0.5),3.05,2,0.7851,0.4631
RNG(0.5),3.11,2,0.7851,0.4631
RNG(0.5),3.19,1,0.8215,0.0
RNG(0.5),3.22,2,0.7851,0.4631
RNG(0.5),3.24,2,0.7851,0.4631
RNG(0.5),3.27,2,0.7851,0.4631
RNG(0.5),3.39,2,0.7851,0.4631
RNG(0.5),3.42,1,0.8215,0.0
RNG(0.5),3.43,2,0.7851,0.4631
RNG(0.5),3.47,1,0.8215,0.0
RNG(0.5),3.51,2,0.7851,0.4631
RNG(0.5),3.61,2,0.7851,0.4631
RNG(0.5),3.75,1,0.8215,0.0
RNG(0.5),3.77,1,0.8215,0.0
RNG(0.5),3.88,2,0.7851,0.4631
RNG(0.5),3.91,2,0.7851,0.4631
RNG(0.5),3.92,2,0.7851,0.4631
RNG(0.5),3.94,2,0.7851,0.4631
RNG(0.5),3.95,2,0.7851,0.4631
RNG(0.5),4.01,2,0.7851,0.4631
RNG(0.5),4.22,1,0.8215,0.0
RNG(0.5),4.29,1,0.8215,0.0
RNG(0.5),4.3,1,0.8215,0.0
RNG(0.5),4.34,2,0.7851,0.4631
RNG(0.5),4.35,2,0.7851,0.4631
RNG(0.5),4.38,1,0.8215,0.0
RNG(0.5),4.6,2,0.7851,0.4631
RNG(0.5),4.61,1,0.8215,0.0
RNG(0.5),4.63,2,0.7851,0.4631
RNG(0.5),4.68,1,0.8215,0.0
RNG(0.5),4.69,1,0.8215,0.0
RNG(0.5),4.72,1,0.8215,0.0
RNG(0.5),4.77,2,0.7851,0.4631
RNG(0.5),4.83,1,0.8215,0.0
RNG(0.5),4.92,1,0.8215,0.0
RNG(0.5),5.1,1,0.8215,0.0
RNG(0.5),5.11,1,0.8215,0.0
RNG(1),1.83,1,0.8215,0.0
RNG(1),2.04,1,0.8215,0.0
RNG(1),2.23,2,0.783,0.4898
RNG(1),2.3,2,0.783,0.4898
RNG(1),2.31,1,0.8215,0.0
RNG(1),2.36,1,0.8215,0.0
RNG(1),2.44,2,0.783,0.4898
RNG(1),2.54,1,0.8215,0.0
RNG(1),2.55,2,0.783,0.4898
RNG(1),2.64,1,0.8215,0.0
RNG(1),2.69,1,0.8215,0.0
RNG(1),2.73,1,0.8215,0.0
RNG(1),2.74,2,0.783,0.4898
RNG(1),2.8,1,0.8215,0.0
RNG(1),2.81,2,0.783,0.4898
RNG(1),2.85,2,0.783,0.4898
RNG(1),2.88,2,0.783,0.4898
RNG(1),2.92,2,0.783,0.4898
RNG(1),2.93,2,0.783,0.4898
RNG(1),2.94,2,0.783,0.4898
RNG(1),2.95,2,0.783,0.4898
RNG(1),3.01,2,0.783,0.4898
RNG(1),3.05,2,0.783,0.4898
RNG(1),3.11,2,0.783,0.4898
RNG(1),3.19,1,0.8215,0.0
RNG(1),3.22,2,0.783,0.4898
RNG(1),3.24,2,0.783,0.4898
RNG(1),3.27,2,0.783,0.4898
RNG(1),3.39,2,0.783,0.4898
RNG(1),3.42,1,0.8215,0.0
RNG(1),3.43,2,0.783,0.4898
RNG(1),3.47,1,0.8215,0.0
RNG(1),3.51,2,0.783,0.4898
RNG(1),3.61,2,0.783,0.4898
RNG(1),3.75,1,0.8215,0.0
RNG(1),3.77,1,0.8215,0.0
RNG(1),3.88,2,0.783,0.4898
RNG(1),3.91,2,0.783,0.4898
RNG(1),3.92,2,0.783,0.4898
RNG(1),3.94,2,0.783,0.4898
RNG(1),3.95,2,0.783,0.4898
RNG(1),4.01,2,0.783,0.4898
RNG(1),4.22,1,0.8215,0.0
RNG(1),4.29,1,0.8215,0.0
RNG(1),4.3,1,0.8215,0.0
RNG(1),4.34,2,0.783,0.4898
RNG(1),4.35,2,0.783,0.4898
RNG(1),4.38,1,0.8215,0.0
RNG(1),4.6,2,0.783,0.4898
RNG(1),4.61,1,0.8215,0.0
RNG(1),4.63,2,0.783,0.4898
RNG(1),4.68,1,0.8215,0.0
RNG(1),4.69,1,0.8215,0.0
RNG(1),4.72,1,0.8215,0.0
RNG(1),4.77,2,0.783,0.4898
RNG(1),4.83,1,0.8215,0.0
RNG(1),4.92,1,0.8215,0.0
RNG(1),5.1,1,0.8215,0.0
RNG(1),5.11,1,0.8215,0.0
MMR(0.3),2.05,1,0.7403,0.0
MMR(0.3),2.17,1,0.7403,0.0
MMR(0.3),2.27,1,0.7403,0.0
MMR(0.3),2.28,1,0.7403,0.0
MMR(0.3),2.33,1,0.7403,0.0
MMR(0.3),2.51,1,0.7431,0.0
MMR(0.3),2.67,1,0.741,0.0
MMR(0.3),2.72,1,0.741,0.0
MMR(0.3),2.78,1,0.7368,0.0
MMR(0.3),2.86,1,0.7271,0.0
MMR(0.3),3.07,1,0.709,0.0
MMR(0.3),3.12,1,0.709,0.0
MMR(0.3),3.52,1,0.6931,0.0
MMR(0.3),3.58,1,0.6931,0.0
MMR(0.3),4.07,1,0.6701,0.0
MMR(0.3),4.12,1,0.6701,0.0
MMR(0.3),4.37,1,0.666,0.0
MMR(0.3),4.51,1,0.666,0.0
MMR(0.3),4.56,1,0.6576,0.0
MMR(0.3),4.65,1,0.6576,0.0
MMR(0.3),5.08,1,0.6535,0.0
MMR(0.3),5.17,1,0.6535,0.0
MMR(0.3),5.18,1,0.6493,0.0
MMR(0.5),2.05,1,0.7403,0.0
MMR(0.5),2.17,1,0.7403,0.0
MMR(0.5),2.27,1,0.7403,0.0
MMR(0.5),2.28,1,0.7403,0.0
MMR(0.5),2.33,1,0.7403,0.0
MMR(0.5),2.51,1,0.7444,0.0
MMR(0.5),2.67,1,0.7424,0.0
MMR(0.5),2.72,1,0.7424,0.0
MMR(0.5),2.78,1,0.7424,0.0
MMR(0.5),2.86,1,0.7368,0.0
MMR(0.5),3.07,1,0.7292,0.0
MMR(0.5),3.12,1,0.7292,0.0
MMR(0.5),3.52,1,0.7278,0.0
MMR(0.5),3.58,1,0.7278,0.0
MMR(0.5),4.07,1,0.7174,0.0
MMR(0.5),4.12,1,0.7174,0.0
MMR(0.5),4.37,1,0.7132,0.0
MMR(0.5),4.51,1,0.7132,0.0
MMR(0.5),4.56,1,0.709,0.0
MMR(0.5),4.65,1,0.709,0.0
MMR(0.5),5.08,1,0.7174,0.0
MMR(0.5),5.17,1,0.7174,0.0
MMR(0.5),5.18,1,0.7174,0.0
MMR(0.7),2.05,1,0.7444,0.0
MMR(0.7),2.17,1,0.7444,0.0
MMR(0.7),2.27,1,0.7444,0.0
MMR(0.7),2.28,1,0.7444,0.0
MMR(0.7),2.33,1,0.7444,0.0
MMR(0.7),2.51,1,0.75,0.0
MMR(0.7),2.67,1,0.7521,0.0
MMR(0.7),2.72,1,0.7521,0.0
MMR(0.7),2.78,1,0.7521,0.0
MMR(0.7),2.86,1,0.7521,0.0
MMR(0.7),3.07,1,0.7535,0.0
MMR(0.7),3.12,1,0.7535,0.0
MMR(0.7),3.52,1,0.7493,0.0
MMR(0.7),3.58,1,0.7493,0.0
MMR(0.7),4.07,1,0.7535,0.0
MMR(0.7),4.12,1,0.7535,0.0
MMR(0.7),4.37,1,0.7576,0.0
MMR(0.7),4.51,1,0.7576,0.0
MMR(0.7),4.56,1,0.7576,0.0
MMR(0.7),4.65,1,0.7618,0.0
MMR(0.7),5.08,1,0.766,0.0
MMR(0.7),5.17,1,0.766,0.0
MMR(0.7),5.18,1,0.766,0.0
MMR(0.9),2.05,1,0.7444,0.0
MMR(0.9),2.17,1,0.7444,0.0
MMR(0.9),2.27,1,0.7444,0.0
MMR(0.9),2.28,1,0.7444,0.0
MMR(0.9),2.33,1,0.7444,0.0
MMR(0.9),2.51,1,0.7486,0.0
MMR(0.9),2.67,1,0.7486,0.0
MMR(0.9),2.72,1,0.7486,0.0
MMR(0.9),2.78,1,0.7486,0.0
MMR(0.9),2.86,1,0.7486,0.0
MMR(0.9),3.07,1,0.7486,0.0
MMR(0.9),3.12,1,0.7486,0.0
MMR(0.9),3.52,1,0.7486,0.0
MMR(0.9),3.58,1,0.7486,0.0
MMR(0.9),4.07,1,0.7569,0.0
MMR(0.9),4.12,1,0.7569,0.0
MMR(0.9),4.37,1,0.7569,0.0
MMR(0.9),4.51,1,0.7569,0.0
MMR(0.9),4.56,1,0.7569,0.0
MMR(0.9),4.65,1,0.7611,0.0
MMR(0.9),5.08,1,0.7611,0.0
MMR(0.9),5.17,1,0.7611,0.0
MMR(0.9),5.18,1,0.7611,0.0
Maxmin,2.05,1,0.7403,0.0
Maxmin,2.17,1,0.7403,0.0
Maxmin,2.27,1,0.7403,0.0
Maxmin,2.28,1,0.7361,0.0
Maxmin,2.33,1,0.7361,0.0
Maxmin,2.51,1,0.7347,0.0
Maxmin,2.67,1,0.7326,0.0
Maxmin,2.72,1,0.7326,0.0
Maxmin,2.78,1,0.7285,0.0
Maxmin,2.86,1,0.7188,0.0
Maxmin,3.07,1,0.7021,0.0
Maxmin,3.12,1,0.7021,0.0
Maxmin,3.52,1,0.6819,0.0
Maxmin,3.58,1,0.6819,0.0
Maxmin,4.07,1,0.659,0.0
Maxmin,4.12,1,0.659,0.0
Maxmin,4.37,1,0.6507,0.0
Maxmin,4.51,1,0.6465,0.0
Maxmin,4.56,1,0.6382,0.0
Maxmin,4.65,1,0.6424,0.0
Maxmin,5.08,1,0.6382,0.0
Maxmin,5.17,1,0.6382,0.0
Maxmin,5.18,1,0.634,0.0
Greedy-DPP,2.05,1,0.7403,0.0
Greedy-DPP,2.17,1,0.7403,0.0
Greedy-DPP,2.27,1,0.7403,0.0
Greedy-DPP,2.28,1,0.7403,0.0
Greedy-DPP,2.33,1,0.7403,0.0
Greedy-DPP,2.51,1,0.7458,0.0
Greedy-DPP,2.67,1,0.7438,0.0
Greedy-DPP,2.72,1,0.7438,0.0
Greedy-DPP,2.78,1,0.7438,0.0
Greedy-DPP,2.86,1,0.7438,0.0
Greedy-DPP,3.07,1,0.7431,0.0
Greedy-DPP,3.12,1,0.7431,0.0
Greedy-DPP,3.52,1,0.7431,0.0
Greedy-DPP,3.58,1,0.7431,0.0
Greedy-DPP,4.07,1,0.7389,0.0
Greedy-DPP,4.12,1,0.7389,0.0
Greedy-DPP,4.37,1,0.7347,0.0
Greedy-DPP,4.51,1,0.7347,0.0
Greedy-DPP,4.56,1,0.7347,0.0
Greedy-DPP,4.65,1,0.7347,0.0
Greedy-DPP,5.08,1,0.7389,0.0
Greedy-DPP,5.17,1,0.7389,0.0
Greedy-DPP,5.18,1,0.7389,0.0
RNG(-0.3),2.05,1,0.7444,0.0
RNG(-0.3),2.17,1,0.7444,0.0
RNG(-0.3),2.27,1,0.7444,0.0
RNG(-0.3),2.28,1,0.7444,0.0
RNG(-0.3),2.33,1,0.7444,0.0
RNG(-0.3),2.51,1,0.7444,0.0
RNG(-0.3),2.67,1,0.7444,0.0
RNG(-0.3),2.72,1,0.7444,0.0
RNG(-0.3),2.78,1,0.7444,0.0
RNG(-0.3),2.86,1,0.7444,0.0
RNG(-0.3),3.07,1,0.7444,0.0
RNG(-0.3),3.12,1,0.7444,0.0
RNG(-0.3),3.52,1,0.7444,0.0
RNG(-0.3),3.58,1,0.7444,0.0
RNG(-0.3),4.07,1,0.7486,0.0
RNG(-0.3),4.12,1,0.7486,0.0
RNG(-0.3),4.37,1,0.7486,0.0
RNG(-0.3),4.51,1,0.7486,0.0
RNG(-0.3),4.56,1,0.7486,0.0
RNG(-0.3),4.65,1,0.7528,0.0
RNG(-0.3),5.08,1,0.7528,0.0
RNG(-0.3),5.17,1,0.7528,0.0
RNG(-0.3),5.18,1,0.7528,0.0
RNG(-0.2),2.05,1,0.7444,0.0
RNG(-0.2),2.17,1,0.7444,0.0
RNG(-0.2),2.27,1,0.7444,0.0
RNG(-0.2),2.28,1,0.7444,0.0
RNG(-0.2),2.33,1,0.7444,0.0
RNG(-0.2),2.51,1,0.7486,0.0
RNG(-0.2),2.67,1,0.7486,0.0
RNG(-0.2),2.72,1,0.7486,0.0
RNG(-0.2),2.78,1,0.7486,0.0
RNG(-0.2),2.86,1,0.7486,0.0
RNG(-0.2),3.07,1,0.7486,0.0
RNG(-0.2),3.12,1,0.7486,0.0
RNG(-0.2),3.52,1,0.7486,0.0
RNG(-0.2),3.58,1,0.7486,0.0
RNG(-0.2),4.07,1,0.7569,0.0
RNG(-0.2),4.12,1,0.7569,0.0
RNG(-0.2),4.37,1,0.7569,0.0
RNG(-0.2),4.51,1,0.7569,0.0
RNG(-0.2),4.56,1,0.7569,0.0
RNG(-0.2),4.65,1,0.7611,0.0
RNG(-0.2),5.08,1,0.7611,0.0
RNG(-0.2),5.17,1,0.7611,0.0
RNG(-0.2),5.18,1,0.7611,0.0
RNG(-0.1),2.05,1,0.7444,0.0
RNG(-0.1),2.17,1,0.7444,0.0
RNG(-0.1),2.27,1,0.7444,0.0
RNG(-0.1),2.28,1,0.7444,0.0
RNG(-0.1),2.33,1,0.7444,0.0
RNG(-0.1),2.51,1,0.7486,0.0
RNG(-0.1),2.67,1,0.7507,0.0
RNG(-0.1),2.72,1,0.7507,0.0
RNG(-0.1),2.78,1,0.7507,0.0
RNG(-0.1),2.86,1,0.7507,0.0
RNG(-0.1),3.07,1,0.7569,0.0
RNG(-0.1),3.12,1,0.7569,0.0
RNG(-0.1),3.52,1,0.7528,0.0
RNG(-0.1),3.58,1,0.7528,0.0
RNG(-0.1),4.07,1,0.7569,0.0
RNG(-0.1),4.12,1,0.7569,0.0
RNG(-0.1),4.37,1,0.7653,0.0
RNG(-0.1),4.51,1,0.7653,0.0
RNG(-0.1),4.56,1,0.7653,0.0
RNG(-0.1),4.65,1,0.7694,0.0
RNG(-0.1),5.08,1,0.7694,0.0
RNG(-0.1),5.17,1,0.7694,0.0
RNG(-0.1),5.18,1,0.7694,0.0
RNG(-0.05),2.05,1,0.7444,0.0
RNG(-0.05),2.17,1,0.7444,0.0
RNG(-0.05),2.27,1,0.7444,0.0
RNG(-0.05),2.28,1,0.7444,0.0
RNG(-0.05),2.33,1,0.7444,0.0
RNG(-0.05),2.51,1,0.7486,0.0
RNG(-0.05),2.67,1,0.7486,0.0
RNG(-0.05),2.72,1,0.7486,0.0
RNG(-0.05),2.78,1,0.7486,0.0
RNG(-0.05),2.86,1,0.7486,0.0
RNG(-0.05),3.07,1,0.7507,0.0
RNG(-0.05),3.12,1,0.7507,0.0
RNG(-0.05),3.52,1,0.7465,0.0
RNG(-0.05),3.58,1,0.7465,0.0
RNG(-0.05),4.07,1,0.7465,0.0
RNG(-0.05),4.12,1,0.7465,0.0
RNG(-0.05),4.37,1,0.7507,0.0
RNG(-0.05),4.51,1,0.7507,0.0
RNG(-0.05),4.56,1,0.7507,0.0
RNG(-0.05),4.65,1,0.7507,0.0
RNG(-0.05),5.08,1,0.7507,0.0
RNG(-0.05),5.17,1,0.7507,0.0
RNG(-0.05),5.18,1,0.7507,0.0
RNG(0),2.05,1,0.7444,0.0
RNG(0),2.17,1,0.7444,0.0
RNG(0),2.27,1,0.7444,0.0
RNG(0),2.28,1,0.7444,0.0
RNG(0),2.33,1,0.7444,0.0
RNG(0),2.51,1,0.7486,0.0
RNG(0),2.67,1,0.7486,0.0
RNG(0),2.72,1,0.7486,0.0
RNG(0),2.78,1,0.7486,0.0
RNG(0),2.86,1,0.7486,0.0
RNG(0),3.07,1,0.7486,0.0
RNG(0),3.12,1,0.7486,0.0
RNG(0),3.52,1,0.7465,0.0
RNG(0),3.58,1,0.7465,0.0
RNG(0),4.07,1,0.7507,0.0
RNG(0),4.12,1,0.7507,0.0
RNG(0),4.37,1,0.7507,0.0
RNG(0),4.51,1,0.7507,0.0
RNG(0),4.56,1,0.7507,0.0
RNG(0),4.65,1,0.7507,0.0
RNG(0),5.08,1,0.7549,0.0
RNG(0),5.17,1,0.7549,0.0
RNG(0),5.18,1,0.7549,0.0
RNG(0.05),2.05,1,0.7444,0.0
RNG(0.05),2.17,1,0.7444,0.0
RNG(0.05),2.27,1,0.7444,0.0
RNG(0.05),2.28,1,0.7444,0.0
RNG(0.05),2.33,1,0.7444,0.0
RNG(0.05),2.51,1,0.7486,0.0
RNG(0.05),2.67,1,0.7486,0.0
RNG(0.05),2.72,1,0.7486,0.0
RNG(0.05),2.78,1,0.7486,0.0
RNG(0.05),2.86,1,0.7486,0.0
RNG(0.05),3.07,1,0.7486,0.0
RNG(0.05),3.12,1,0.7486,0.0
RNG(0.05),3.52,1,0.7486,0.0
RNG(0.05),3.58,1,0.7486,0.0
RNG(0.05),4.07,1,0.7486,0.0
RNG(0.05),4.12,1,0.7486,0.0
RNG(0.05),4.37,1,0.7486,0.0
RNG(0.05),4.51,1,0.7486,0.0
RNG(0.05),4.56,1,0.7486,0.0
RNG(0.05),4.65,1,0.7486,0.0
RNG(0.05),5.08,1,0.7486,0.0
RNG(0.05),5.17,1,0.7486,0.0
RNG(0.05),5.18,1,0.7486,0.0
RNG(0.1),2.05,1,0.7444,0.0
RNG(0.1),2.17,1,0.7444,0.0
RNG(0.1),2.27,1,0.7444,0.0
RNG(0.1),2.28,1,0.7444,0.0
RNG(0.1),2.33,1,0.7444,0.0
RNG(0.1),2.51,1,0.7486,0.0
RNG(0.1),2.67,1,0.7486,0.0
RNG(0.1),2.72,1,0.7486,0.0
RNG(0.1),2.78,1,0.7486,0.0
RNG(0.1),2.86,1,0.7486,0.0
RNG(0.1),3.07,1,0.7486,0.0
RNG(0.1),3.12,1,0.7486,0.0
RNG(0.1),3.52,1,0.7486,0.0
RNG(0.1),3.58,1,0.7486,0.0
RNG(0.1),4.07,1,0.7486,0.0
RNG(0.1),4.12,1,0.7486,0.0
RNG(0.1),4.37,1,0.7486,0.0
RNG(0.1),4.51,1,0.7486,0.0
RNG(0.1),4.56,1,0.7486,0.0
RNG(0.1),4.65,1,0.7486,0.0
RNG(0.1),5.08,1,0.7486,0.0
RNG(0.1),5.17,1,0.7486,0.0
RNG(0.1),5.18,1,0.7486,0.0
RNG(0.2),2.05,1,0.7444,0.0
RNG(0.2),2.17,1,0.7444,0.0
RNG(0.2),2.27,1,0.7444,0.0
RNG(0.2),2.28,1,0.7444,0.0
RNG(0.2),2.33,1,0.7444,0.0
RNG(0.2),2.51,1,0.7486,0.0
RNG(0.2),2.67,1,0.7486,0.0
RNG(0.2),2.72,1,0.7486,0.0
RNG(0.2),2.78,1,0.7486,0.0
RNG(0.2),2.86,1,0.7486,0.0
RNG(0.2),3.07,1,0.7486,0.0
RNG(0.2),3.12,1,0.7486,0.0
RNG(0.2),3.52,1,0.7486,0.0
RNG(0.2),3.58,1,0.7486,0.0
RNG(0.2),4.07,1,0.7486,0.0
RNG(0.2),4.12,1,0.7486,0.0
RNG(0.2),4.37,1,0.7486,0.0
RNG(0.2),4.51,1,0.7486,0.0
RNG(0.2),4.56,1,0.7486,0.0
RNG(0.2),4.65,1,0.7486,0.0
RNG(0.2),5.08,1,0.7486,0.0
RNG(0.2),5.17,1,0.7486,0.0
RNG(0.2),5.18,1,0.7486,0.0
RNG(0.3),2.05,1,0.7444,0.0
RNG(0.3),2.17,1,0.7444,0.0
RNG(0.3),2.27,1,0.7444,0.0
RNG(0.3),2.28,1,0.7444,0.0
RNG(0.3),2.33,1,0.7444,0.0
RNG(0.3),2.51,1,0.7486,0.0
RNG(0.3),2.67,1,0.7486,0.0
RNG(0.3),2.72,1,0.7486,0.0
RNG(0.3),2.78,1,0.7486,0.0
RNG(0.3),2.86,1,0.7486,0.0
RNG(0.3),3.07,1,0.7486,0.0
RNG(0.3),3.12,1,0.7486,0.0
RNG(0.3),3.52,1,0.7486,0.0
RNG(0.3),3.58,1,0.7486,0.0
RNG(0.3),4.07,1,0.7486,0.0
RNG(0.3),4.12,1,0.7486,0.0
RNG(0.3),4.37,1,0.7486,0.0
RNG(0.3),4.51,1,0.7486,0.0
RNG(0.3),4.56,1,0.7486,0.0
RNG(0.3),4.65,1,0.7486,0.0
RNG(0.3),5.08,1,0.7486,0.0
RNG(0.3),5.17,1,0.7486,0.0
RNG(0.3),5.18,1,0.7486,0.0
RNG(0.5),2.05,1,0.7444,0.0
RNG(0.5),2.17,1,0.7444,0.0
RNG(0.5),2.27,1,0.7444,0.0
RNG(0.5),2.28,1,0.7444,0.0
RNG(0.5),2.33,1,0.7444,0.0
RNG(0.5),2.51,1,0.7486,0.0
RNG(0.5),2.67,1,0.7486,0.0
RNG(0.5),2.72,1,0.7486,0.0
RNG(0.5),2.78,1,0.7486,0.0
RNG(0.5),2.86,1,0.7486,0.0
RNG(0.5),3.07,1,0.7486,0.0
RNG(0.5),3.12,1,0.7486,0.0
RNG(0.5),3.52,1,0.7486,0.0
RNG(0.5),3.58,1,0.7486,0.0
RNG(0.5),4.07,1,0.7486,0.0
RNG(0.5),4.12,1,0.7486,0.0
RNG(0.5),4.37,1,0.7486,0.0
RNG(0.5),4.51,1,0.7486,0.0
RNG(0.5),4.56,1,0.7486,0.0
RNG(0.5),4.65,1,0.7486,0.0
RNG(0.5),5.08,1,0.7486,0.0
RNG(0.5),5.17,1,0.7486,0.0
RNG(0.5),5.18,1,0.7486,0.0
RNG(1),2.05,1,0.7444,0.0
RNG(1),2.17,1,0.7444,0.0
RNG(1),2.27,1,0.7444,0.0
RNG(1),2.28,1,0.7444,0.0
RNG(1),2.33,1,0.7444,0.0
RNG(1),2.51,1,0.7444,0.0
RNG(1),2.67,1,0.7444,0.0
RNG(1),2.72,1,0.7444,0.0
RNG(1),2.78,1,0.7444,0.0
RNG(1),2.86,1,0.7444,0.0
RNG(1),3.07,1,0.7444,0.0
RNG(1),3.12,1,0.7444,0.0
RNG(1),3.52,1,0.7444,0.0
RNG(1),3.58,1,0.7444,0.0
RNG(1),4.07,1,0.7444,0.0
RNG(1),4.12,1,0.7444,0.0
RNG(1),4.37,1,0.7444,0.0
RNG(1),4.51,1,0.7444,0.0
RNG(1),4.56,1,0.7444,0.0
RNG(1),4.65,1,0.7444,0.0
RNG(1),5.08,1,0.7444,0.0
RNG(1),5.17,1,0.7444,0.0
RNG(1),5.18,1,0.7444,0.0
