D,tau,n_seeds,val mean,val mean_ci95
MMR(0.3),1.03,3,0.8336,0.1377
MMR(0.3),1.04,3,0.8336,0.1377
MMR(0.3),1.05,2,0.8051,0.3196
MMR(0.3),1.06,2,0.8057,0.3113
MMR(0.3),1.07,3,0.834,0.1361
MMR(0.3),1.08,3,0.834,0.1361
MMR(0.3),1.09,3,0.834,0.1361
MMR(0.3),1.1,3,0.834,0.1361
MMR(0.3),1.11,3,0.834,0.1361
MMR(0.3),1.12,3,0.8344,0.136
MMR(0.3),1.13,3,0.8344,0.136
MMR(0.3),1.14,3,0.8344,0.136
MMR(0.3),1.15,3,0.8347,0.1374
MMR(0.3),1.16,3,0.8347,0.1374
MMR(0.3),1.17,3,0.8351,0.1374
MMR(0.3),1.18,3,0.8351,0.1374
MMR(0.3),1.19,3,0.8351,0.1374
MMR(0.3),1.2,3,0.8358,0.136
MMR(0.3),1.21,3,0.8358,0.136
MMR(0.3),1.22,3,0.8358,0.136
MMR(0.3),1.23,3,0.8358,0.136
MMR(0.3),1.24,3,0.8358,0.136
MMR(0.3),1.25,2,0.8078,0.324
MMR(0.3),1.26,2,0.8078,0.324
MMR(0.3),1.27,2,0.8078,0.324
MMR(0.3),1.28,2,0.8078,0.324
MMR(0.3),1.29,3,0.8344,0.1363
MMR(0.3),1.3,2,0.8047,0.2846
MMR(0.3),1.31,2,0.8573,0.4104
MMR(0.3),1.32,3,0.8316,0.1346
MMR(0.3),1.34,2,0.8541,0.4504
MMR(0.3),1.35,2,0.851,0.4631
MMR(0.3),1.36,3,0.8274,0.131
MMR(0.3),1.37,2,0.8489,0.4631
MMR(0.3),1.38,2,0.8468,0.4631
MMR(0.3),1.39,3,0.8237,0.1318
MMR(0.3),1.4,2,0.7939,0.1569
MMR(0.3),1.41,3,0.8196,0.1269
MMR(0.3),1.42,3,0.8196,0.1269
MMR(0.3),1.43,3,0.8161,0.1199
MMR(0.3),1.45,3,0.815,0.1224
MMR(0.3),1.51,2,0.8286,0.4835
MMR(0.3),1.52,2,0.8283,0.479
MMR(0.3),1.55,2,0.7827,0.094
MMR(0.3),1.57,3,0.8098,0.122
MMR(0.3),1.59,2,0.7806,0.0673
MMR(0.3),1.6,1,0.7849,0.0
MMR(0.3),1.63,1,0.7828,0.0
MMR(0.3),1.64,3,0.8046,0.1243
MMR(0.3),1.65,2,0.7738,0.087
MMR(0.3),1.69,2,0.7707,0.1004
MMR(0.3),1.73,2,0.8176,0.4822
MMR(0.3),1.78,2,0.7689,0.1379
MMR(0.3),1.8,1,0.7797,0.0
MMR(0.3),1.84,2,0.8127,0.4733
MMR(0.3),1.85,1,0.7734,0.0
MMR(0.3),1.86,1,0.7714,0.0
MMR(0.3),1.88,3,0.7912,0.1265
MMR(0.3),1.9,1,0.7703,0.0
MMR(0.3),1.92,1,0.7682,0.0
MMR(0.3),1.93,1,0.7682,0.0
MMR(0.3),1.94,1,0.7682,0.0
MMR(0.3),1.96,1,0.7651,0.0
MMR(0.3),1.97,1,0.763,0.0
MMR(0.3),1.99,2,0.8018,0.5197
MMR(0.3),2.01,2,0.7529,0.0235
MMR(0.3),2.03,3,0.7809,0.1254
MMR(0.3),2.06,2,0.7954,0.5705
MMR(0.3),2.08,3,0.7795,0.1309
MMR(0.3),2.09,2,0.7949,0.5769
MMR(0.3),2.1,3,0.7788,0.1324
MMR(0.3),2.11,2,0.7928,0.6035
MMR(0.3),2.15,1,0.7432,0.0
MMR(0.3),2.16,1,0.7432,0.0
MMR(0.3),2.2,1,0.7411,0.0
MMR(0.3),2.21,1,0.7396,0.0
MMR(0.3),2.23,3,0.7734,0.1402
MMR(0.3),2.25,3,0.7727,0.1419
MMR(0.3),2.28,2,0.7853,0.6601
MMR(0.3),2.32,3,0.7681,0.1267
MMR(0.3),2.33,1,0.7312,0.0
MMR(0.3),2.34,1,0.7312,0.0
MMR(0.3),2.35,3,0.7674,0.1286
MMR(0.3),2.36,2,0.7788,0.6232
MMR(0.3),2.38,1,0.7297,0.0
MMR(0.3),2.4,2,0.7761,0.6429
MMR(0.3),2.41,2,0.7728,0.601
MMR(0.3),2.42,3,0.7633,0.1244
MMR(0.3),2.43,2,0.7339,0.1334
MMR(0.3),2.44,3,0.7598,0.1292
MMR(0.3),2.45,2,0.7681,0.6347
MMR(0.3),2.47,3,0.7591,0.1263
MMR(0.3),2.5,3,0.7573,0.1208
MMR(0.3),2.51,3,0.7566,0.123
MMR(0.3),2.52,3,0.7566,0.123
MMR(0.3),2.53,2,0.7624,0.6143
MMR(0.3),2.54,3,0.7556,0.1236
MMR(0.3),2.56,2,0.7244,0.2236
MMR(0.3),2.57,2,0.7233,0.2103
MMR(0.3),2.58,2,0.7577,0.6741
MMR(0.3),2.63,1,0.7026,0.0
MMR(0.3),2.64,3,0.7497,0.136
MMR(0.3),2.65,1,0.7005,0.0
MMR(0.3),2.66,2,0.7202,0.2503
MMR(0.3),2.68,1,0.7005,0.0
MMR(0.3),2.69,2,0.753,0.6938
MMR(0.3),2.71,1,0.6984,0.0
MMR(0.3),2.73,3,0.7476,0.1354
MMR(0.3),2.76,1,0.6995,0.0
MMR(0.3),2.77,2,0.7489,0.6537
MMR(0.3),2.78,3,0.7445,0.1231
MMR(0.3),2.81,1,0.6932,0.0
MMR(0.3),2.84,2,0.7421,0.6213
MMR(0.3),2.89,1,0.6891,0.0
MMR(0.3),2.91,2,0.7379,0.6741
MMR(0.3),2.96,2,0.7359,0.6741
MMR(0.3),3.0,1,0.6828,0.0
MMR(0.3),3.04,1,0.6807,0.0
MMR(0.3),3.05,2,0.7332,0.6677
MMR(0.3),3.07,2,0.7301,0.6544
MMR(0.3),3.09,2,0.7065,0.3545
MMR(0.3),3.13,2,0.7065,0.3545
MMR(0.3),3.14,2,0.7291,0.6671
MMR(0.3),3.15,2,0.7291,0.6671
MMR(0.3),3.17,2,0.727,0.6938
MMR(0.3),3.18,2,0.7024,0.4072
MMR(0.3),3.19,2,0.7228,0.7204
MMR(0.3),3.21,1,0.6661,0.0
MMR(0.3),3.23,1,0.6661,0.0
MMR(0.3),3.28,2,0.719,0.7115
MMR(0.3),3.32,2,0.719,0.6849
MMR(0.3),3.35,2,0.718,0.6982
MMR(0.3),3.37,2,0.6966,0.4269
MMR(0.3),3.41,3,0.7196,0.1346
MMR(0.3),3.42,2,0.6945,0.4269
MMR(0.3),3.43,2,0.6935,0.4396
MMR(0.3),3.44,3,0.7175,0.1396
MMR(0.3),3.45,2,0.6914,0.4396
MMR(0.3),3.47,2,0.6904,0.4403
MMR(0.3),3.5,3,0.7106,0.1357
MMR(0.3),3.53,3,0.7092,0.1311
MMR(0.3),3.54,1,0.6474,0.0
MMR(0.3),3.58,3,0.7071,0.1396
MMR(0.3),3.59,3,0.7061,0.1415
MMR(0.3),3.6,1,0.6432,0.0
MMR(0.3),3.62,3,0.7054,0.1443
MMR(0.3),3.63,2,0.6956,0.7179
MMR(0.3),3.64,2,0.6789,0.5324
MMR(0.3),3.66,1,0.637,0.0
MMR(0.3),3.67,2,0.68,0.519
MMR(0.3),3.68,1,0.637,0.0
MMR(0.3),3.69,3,0.7012,0.1466
MMR(0.3),3.7,2,0.6758,0.5197
MMR(0.3),3.72,3,0.6998,0.145
MMR(0.3),3.73,3,0.6995,0.1464
MMR(0.3),3.75,3,0.6988,0.1442
MMR(0.3),3.77,2,0.6753,0.526
MMR(0.3),3.78,2,0.6743,0.5394
MMR(0.3),3.8,3,0.6946,0.147
MMR(0.3),3.82,3,0.6939,0.1499
MMR(0.3),3.84,2,0.6815,0.7115
MMR(0.3),3.87,2,0.6701,0.5661
MMR(0.3),3.89,2,0.6804,0.6982
MMR(0.3),3.9,2,0.6815,0.6849
MMR(0.3),3.91,3,0.6918,0.1401
MMR(0.3),3.92,2,0.6794,0.6849
MMR(0.3),3.94,2,0.6794,0.6849
MMR(0.3),3.95,3,0.6918,0.1442
MMR(0.3),3.98,3,0.6888,0.1375
MMR(0.3),4.01,2,0.6694,0.5699
MMR(0.3),4.02,3,0.6878,0.1392
MMR(0.3),4.03,3,0.6857,0.1433
MMR(0.3),4.04,2,0.6658,0.5902
MMR(0.3),4.06,2,0.6647,0.6035
MMR(0.3),4.08,3,0.6829,0.1464
MMR(0.3),4.1,3,0.6815,0.1477
MMR(0.3),4.11,3,0.6815,0.1477
MMR(0.3),4.12,2,0.6652,0.6893
MMR(0.3),4.13,2,0.6584,0.6563
MMR(0.3),4.14,2,0.6584,0.6563
MMR(0.3),4.17,3,0.6781,0.1537
MMR(0.3),4.19,3,0.6767,0.1507
MMR(0.3),4.2,2,0.6611,0.6893
MMR(0.3),4.21,3,0.6753,0.152
MMR(0.3),4.24,2,0.6579,0.7027
MMR(0.3),4.26,2,0.6532,0.6429
MMR(0.3),4.28,3,0.6718,0.1541
MMR(0.3),4.29,3,0.6711,0.1523
MMR(0.3),4.32,1,0.6005,0.0
MMR(0.3),4.33,1,0.6005,0.0
MMR(0.3),4.34,3,0.6694,0.1529
MMR(0.3),4.38,1,0.5984,0.0
MMR(0.3),4.4,2,0.6501,0.6563
MMR(0.3),4.41,1,0.5984,0.0
MMR(0.3),4.43,2,0.6501,0.6563
MMR(0.3),4.44,2,0.6481,0.6563
MMR(0.3),4.45,3,0.6618,0.1497
MMR(0.3),4.46,2,0.6439,0.683
MMR(0.3),4.49,3,0.6604,0.1512
MMR(0.3),4.52,3,0.6597,0.1497
MMR(0.3),4.53,2,0.6428,0.6696
MMR(0.3),4.55,1,0.588,0.0
MMR(0.3),4.57,3,0.6583,0.1512
MMR(0.3),4.58,3,0.6583,0.1512
MMR(0.3),4.64,3,0.6583,0.1512
MMR(0.3),4.65,3,0.6576,0.1542
MMR(0.3),4.67,2,0.6397,0.683
MMR(0.3),4.68,2,0.6376,0.6563
MMR(0.3),4.71,3,0.6562,0.1513
MMR(0.3),4.75,1,0.5839,0.0
MMR(0.3),4.77,1,0.5839,0.0
MMR(0.3),4.78,1,0.5839,0.0
MMR(0.3),4.81,2,0.6386,0.6957
MMR(0.3),4.85,1,0.5839,0.0
MMR(0.3),4.86,2,0.634,0.6499
MMR(0.3),4.9,3,0.651,0.1517
MMR(0.3),4.91,1,0.5807,0.0
MMR(0.3),4.94,1,0.5786,0.0
MMR(0.3),4.97,2,0.6298,0.6499
MMR(0.3),5.01,1,0.5786,0.0
MMR(0.3),5.03,3,0.6503,0.1547
MMR(0.3),5.09,1,0.5786,0.0
MMR(0.3),5.2,1,0.5807,0.0
MMR(0.3),5.23,2,0.6329,0.6899
MMR(0.3),5.24,1,0.5786,0.0
MMR(0.3),5.32,3,0.6489,0.1514
MMR(0.3),5.34,1,0.5786,0.0
MMR(0.3),5.35,1,0.5766,0.0
MMR(0.5),1.03,3,0.8336,0.1377
MMR(0.5),1.04,3,0.8336,0.1377
MMR(0.5),1.05,2,0.8051,0.3196
MMR(0.5),1.06,2,0.8057,0.3113
MMR(0.5),1.07,3,0.834,0.1361
MMR(0.5),1.08,3,0.834,0.1361
MMR(0.5),1.09,3,0.834,0.1361
MMR(0.5),1.1,3,0.834,0.1361
MMR(0.5),1.11,3,0.834,0.1361
MMR(0.5),1.12,3,0.8344,0.136
MMR(0.5),1.13,3,0.8344,0.136
MMR(0.5),1.14,3,0.8347,0.1374
MMR(0.5),1.15,3,0.8354,0.1401
MMR(0.5),1.16,3,0.8354,0.1401
MMR(0.5),1.17,3,0.8358,0.1401
MMR(0.5),1.18,3,0.8358,0.1401
MMR(0.5),1.19,3,0.8358,0.1401
MMR(0.5),1.2,3,0.8365,0.1387
MMR(0.5),1.21,3,0.8365,0.1387
MMR(0.5),1.22,3,0.8365,0.1387
MMR(0.5),1.23,3,0.8365,0.1387
MMR(0.5),1.24,3,0.8365,0.1387
MMR(0.5),1.25,2,0.8078,0.324
MMR(0.5),1.26,2,0.8078,0.324
MMR(0.5),1.27,2,0.8078,0.324
MMR(0.5),1.28,2,0.8078,0.324
MMR(0.5),1.29,3,0.8351,0.1391
MMR(0.5),1.3,2,0.8047,0.2846
MMR(0.5),1.31,2,0.8583,0.4238
MMR(0.5),1.32,3,0.8323,0.1374
MMR(0.5),1.34,2,0.8552,0.4638
MMR(0.5),1.35,2,0.8521,0.4765
MMR(0.5),1.36,3,0.8281,0.1339
MMR(0.5),1.37,2,0.85,0.4765
MMR(0.5),1.38,2,0.8489,0.4898
MMR(0.5),1.39,3,0.8261,0.1382
MMR(0.5),1.4,2,0.795,0.1696
MMR(0.5),1.41,3,0.8248,0.1375
MMR(0.5),1.42,3,0.8248,0.1375
MMR(0.5),1.43,3,0.8234,0.1354
MMR(0.5),1.45,3,0.823,0.1358
MMR(0.5),1.51,2,0.8417,0.5426
MMR(0.5),1.52,2,0.8414,0.5381
MMR(0.5),1.55,2,0.7879,0.1334
MMR(0.5),1.57,3,0.8192,0.1408
MMR(0.5),1.59,2,0.7858,0.1074
MMR(0.5),1.6,1,0.7932,0.0
MMR(0.5),1.63,1,0.7911,0.0
MMR(0.5),1.64,3,0.8167,0.1407
MMR(0.5),1.65,2,0.7833,0.0743
MMR(0.5),1.69,2,0.7822,0.0877
MMR(0.5),1.73,2,0.8337,0.5546
MMR(0.5),1.78,2,0.7824,0.0978
MMR(0.5),1.8,1,0.7901,0.0
MMR(0.5),1.84,2,0.8299,0.533
MMR(0.5),1.85,1,0.7859,0.0
MMR(0.5),1.86,1,0.7839,0.0
MMR(0.5),1.88,3,0.8082,0.1359
MMR(0.5),1.9,1,0.7833,0.0
MMR(0.5),1.92,1,0.7812,0.0
MMR(0.5),1.93,1,0.7812,0.0
MMR(0.5),1.94,1,0.7812,0.0
MMR(0.5),1.96,1,0.7802,0.0
MMR(0.5),1.97,1,0.7781,0.0
MMR(0.5),1.99,2,0.8208,0.5692
MMR(0.5),2.01,2,0.7701,0.0032
MMR(0.5),2.03,3,0.8007,0.1366
MMR(0.5),2.06,2,0.8167,0.6169
MMR(0.5),2.08,3,0.8,0.1406
MMR(0.5),2.09,2,0.8162,0.6232
MMR(0.5),2.1,3,0.8,0.1406
MMR(0.5),2.11,2,0.8152,0.6366
MMR(0.5),2.15,1,0.763,0.0
MMR(0.5),2.16,1,0.763,0.0
MMR(0.5),2.2,1,0.763,0.0
MMR(0.5),2.21,1,0.7615,0.0
MMR(0.5),2.23,3,0.796,0.1452
MMR(0.5),2.25,3,0.796,0.1452
MMR(0.5),2.28,2,0.8097,0.6664
MMR(0.5),2.32,3,0.7928,0.136
MMR(0.5),2.33,1,0.7552,0.0
MMR(0.5),2.34,1,0.7552,0.0
MMR(0.5),2.35,3,0.7921,0.1378
MMR(0.5),2.36,2,0.8053,0.6563
MMR(0.5),2.38,1,0.7536,0.0
MMR(0.5),2.4,2,0.8027,0.676
MMR(0.5),2.41,2,0.7994,0.634
MMR(0.5),2.42,3,0.788,0.1333
MMR(0.5),2.43,2,0.7574,0.1004
MMR(0.5),2.44,3,0.7858,0.1387
MMR(0.5),2.45,2,0.7968,0.6671
MMR(0.5),2.47,3,0.7851,0.1357
MMR(0.5),2.5,3,0.7841,0.1333
MMR(0.5),2.51,3,0.7834,0.1353
MMR(0.5),2.52,3,0.7834,0.1353
MMR(0.5),2.53,2,0.7926,0.6671
MMR(0.5),2.54,3,0.7827,0.1372
MMR(0.5),2.56,2,0.7489,0.1773
MMR(0.5),2.57,2,0.7489,0.1773
MMR(0.5),2.58,2,0.789,0.7135
MMR(0.5),2.63,1,0.7328,0.0
MMR(0.5),2.64,3,0.7796,0.1417
MMR(0.5),2.65,1,0.7328,0.0
MMR(0.5),2.66,2,0.7478,0.1906
MMR(0.5),2.68,1,0.7328,0.0
MMR(0.5),2.69,2,0.7874,0.6938
MMR(0.5),2.71,1,0.7328,0.0
MMR(0.5),2.73,3,0.7782,0.1383
MMR(0.5),2.76,1,0.7339,0.0
MMR(0.5),2.77,2,0.7843,0.6404
MMR(0.5),2.78,3,0.7758,0.1233
MMR(0.5),2.81,1,0.7318,0.0
MMR(0.5),2.84,2,0.7786,0.594
MMR(0.5),2.89,1,0.7297,0.0
MMR(0.5),2.91,2,0.7775,0.6074
MMR(0.5),2.96,2,0.7754,0.608
MMR(0.5),3.0,1,0.7276,0.0
MMR(0.5),3.04,1,0.7255,0.0
MMR(0.5),3.05,2,0.7728,0.601
MMR(0.5),3.07,2,0.7697,0.5883
MMR(0.5),3.09,2,0.7414,0.2287
MMR(0.5),3.13,2,0.7414,0.2287
MMR(0.5),3.14,2,0.7697,0.5883
MMR(0.5),3.15,2,0.7697,0.5883
MMR(0.5),3.17,2,0.7687,0.601
MMR(0.5),3.18,2,0.7393,0.2548
MMR(0.5),3.19,2,0.7655,0.6143
MMR(0.5),3.21,1,0.7172,0.0
MMR(0.5),3.23,1,0.7172,0.0
MMR(0.5),3.28,2,0.7617,0.6055
MMR(0.5),3.32,2,0.7617,0.5794
MMR(0.5),3.35,2,0.7607,0.5921
MMR(0.5),3.37,2,0.7357,0.2745
MMR(0.5),3.41,3,0.7571,0.1119
MMR(0.5),3.42,2,0.7336,0.2745
MMR(0.5),3.43,2,0.7326,0.2878
MMR(0.5),3.44,3,0.755,0.1171
MMR(0.5),3.45,2,0.7305,0.2878
MMR(0.5),3.47,2,0.7294,0.2878
MMR(0.5),3.5,3,0.7488,0.1132
MMR(0.5),3.53,3,0.7481,0.1107
MMR(0.5),3.54,1,0.7005,0.0
MMR(0.5),3.58,3,0.7467,0.1161
MMR(0.5),3.59,3,0.746,0.1187
MMR(0.5),3.6,1,0.6964,0.0
MMR(0.5),3.62,3,0.7453,0.1214
MMR(0.5),3.63,2,0.7419,0.6055
MMR(0.5),3.64,2,0.7222,0.3539
MMR(0.5),3.66,1,0.6943,0.0
MMR(0.5),3.67,2,0.7222,0.3539
MMR(0.5),3.68,1,0.6922,0.0
MMR(0.5),3.69,3,0.7425,0.122
MMR(0.5),3.7,2,0.719,0.3672
MMR(0.5),3.72,3,0.7418,0.1217
MMR(0.5),3.73,3,0.7415,0.123
MMR(0.5),3.75,3,0.7415,0.121
MMR(0.5),3.77,2,0.7196,0.3869
MMR(0.5),3.78,2,0.7196,0.3869
MMR(0.5),3.8,3,0.7387,0.1221
MMR(0.5),3.82,3,0.738,0.1249
MMR(0.5),3.84,2,0.731,0.6124
MMR(0.5),3.87,2,0.7153,0.4136
MMR(0.5),3.89,2,0.7299,0.5991
MMR(0.5),3.9,2,0.7299,0.5991
MMR(0.5),3.91,3,0.7359,0.1199
MMR(0.5),3.92,2,0.7299,0.5991
MMR(0.5),3.94,2,0.7299,0.5991
MMR(0.5),3.95,3,0.7366,0.1206
MMR(0.5),3.98,3,0.7343,0.1158
MMR(0.5),4.01,2,0.7147,0.418
MMR(0.5),4.02,3,0.7333,0.1169
MMR(0.5),4.03,3,0.7319,0.1177
MMR(0.5),4.04,2,0.7121,0.425
MMR(0.5),4.06,2,0.711,0.4377
MMR(0.5),4.08,3,0.7291,0.1206
MMR(0.5),4.1,3,0.7291,0.1206
MMR(0.5),4.11,3,0.7291,0.1206
MMR(0.5),4.12,2,0.7199,0.6035
MMR(0.5),4.13,2,0.7058,0.4778
MMR(0.5),4.14,2,0.7058,0.4778
MMR(0.5),4.17,3,0.7256,0.1265
MMR(0.5),4.19,3,0.7242,0.1236
MMR(0.5),4.2,2,0.7157,0.6035
MMR(0.5),4.21,3,0.7242,0.1236
MMR(0.5),4.24,2,0.7147,0.6169
MMR(0.5),4.26,2,0.7016,0.4517
MMR(0.5),4.28,3,0.7208,0.1269
MMR(0.5),4.29,3,0.7201,0.1247
MMR(0.5),4.32,1,0.6641,0.0
MMR(0.5),4.33,1,0.6641,0.0
MMR(0.5),4.34,3,0.7194,0.1276
MMR(0.5),4.38,1,0.662,0.0
MMR(0.5),4.4,2,0.7085,0.5902
MMR(0.5),4.41,1,0.662,0.0
MMR(0.5),4.43,2,0.6996,0.4778
MMR(0.5),4.44,2,0.7064,0.5902
MMR(0.5),4.45,3,0.7124,0.1245
MMR(0.5),4.46,2,0.7022,0.6169
MMR(0.5),4.49,3,0.7117,0.1275
MMR(0.5),4.52,3,0.711,0.1255
MMR(0.5),4.53,2,0.6923,0.4911
MMR(0.5),4.55,1,0.6516,0.0
MMR(0.5),4.57,3,0.7097,0.1273
MMR(0.5),4.58,3,0.7097,0.1273
MMR(0.5),4.64,3,0.7097,0.1273
MMR(0.5),4.65,3,0.709,0.1303
MMR(0.5),4.67,2,0.6902,0.5171
MMR(0.5),4.68,2,0.6969,0.6029
MMR(0.5),4.71,3,0.7083,0.1275
MMR(0.5),4.75,1,0.6495,0.0
MMR(0.5),4.77,1,0.6495,0.0
MMR(0.5),4.78,1,0.6495,0.0
MMR(0.5),4.81,2,0.6902,0.5171
MMR(0.5),4.85,1,0.6495,0.0
MMR(0.5),4.86,2,0.6964,0.6099
MMR(0.5),4.9,3,0.7059,0.1285
MMR(0.5),4.91,1,0.6464,0.0
MMR(0.5),4.94,1,0.6464,0.0
MMR(0.5),4.97,2,0.6933,0.5966
MMR(0.5),5.01,1,0.6464,0.0
MMR(0.5),5.03,3,0.708,0.1325
MMR(0.5),5.09,1,0.6464,0.0
MMR(0.5),5.2,1,0.6484,0.0
MMR(0.5),5.23,2,0.6928,0.5642
MMR(0.5),5.24,1,0.6484,0.0
MMR(0.5),5.32,3,0.7086,0.1296
MMR(0.5),5.34,1,0.6484,0.0
MMR(0.5),5.35,1,0.6464,0.0
MMR(0.7),1.03,3,0.8336,0.1377
MMR(0.7),1.04,3,0.8336,0.1377
MMR(0.7),1.05,2,0.8051,0.3196
MMR(0.7),1.06,2,0.8057,0.3113
MMR(0.7),1.07,3,0.834,0.1361
MMR(0.7),1.08,3,0.834,0.1361
MMR(0.7),1.09,3,0.834,0.1361
MMR(0.7),1.1,3,0.834,0.1361
MMR(0.7),1.11,3,0.834,0.1361
MMR(0.7),1.12,3,0.834,0.1361
MMR(0.7),1.13,3,0.834,0.1361
MMR(0.7),1.14,3,0.8344,0.1375
MMR(0.7),1.15,3,0.8351,0.1402
MMR(0.7),1.16,3,0.8351,0.1402
MMR(0.7),1.17,3,0.8358,0.1401
MMR(0.7),1.18,3,0.8358,0.1401
MMR(0.7),1.19,3,0.8361,0.14
MMR(0.7),1.2,3,0.8368,0.1386
MMR(0.7),1.21,3,0.8368,0.1386
MMR(0.7),1.22,3,0.8368,0.1386
MMR(0.7),1.23,3,0.8379,0.1373
MMR(0.7),1.24,3,0.8382,0.1359
MMR(0.7),1.25,2,0.8105,0.331
MMR(0.7),1.26,2,0.8105,0.331
MMR(0.7),1.27,2,0.8105,0.331
MMR(0.7),1.28,2,0.8105,0.331
MMR(0.7),1.29,3,0.8382,0.1359
MMR(0.7),1.3,2,0.8105,0.331
MMR(0.7),1.31,2,0.8652,0.364
MMR(0.7),1.32,3,0.8382,0.1359
MMR(0.7),1.34,2,0.8652,0.364
MMR(0.7),1.35,2,0.8652,0.364
MMR(0.7),1.36,3,0.8382,0.1359
MMR(0.7),1.37,2,0.8652,0.364
MMR(0.7),1.38,2,0.8657,0.3577
MMR(0.7),1.39,3,0.8389,0.1372
MMR(0.7),1.4,2,0.811,0.3373
MMR(0.7),1.41,3,0.8389,0.1372
MMR(0.7),1.42,3,0.8389,0.1372
MMR(0.7),1.43,3,0.8392,0.1371
MMR(0.7),1.45,3,0.8389,0.1372
MMR(0.7),1.51,2,0.8661,0.364
MMR(0.7),1.52,2,0.8661,0.364
MMR(0.7),1.55,2,0.8115,0.3437
MMR(0.7),1.57,3,0.8392,0.1371
MMR(0.7),1.59,2,0.8115,0.3437
MMR(0.7),1.6,1,0.8385,0.0
MMR(0.7),1.63,1,0.8385,0.0
MMR(0.7),1.64,3,0.8392,0.1371
MMR(0.7),1.65,2,0.8115,0.3437
MMR(0.7),1.69,2,0.8115,0.3437
MMR(0.7),1.73,2,0.8661,0.3373
MMR(0.7),1.78,2,0.812,0.3507
MMR(0.7),1.8,1,0.8396,0.0
MMR(0.7),1.84,2,0.8661,0.364
MMR(0.7),1.85,1,0.8375,0.0
MMR(0.7),1.86,1,0.8354,0.0
MMR(0.7),1.88,3,0.8385,0.1385
MMR(0.7),1.9,1,0.8359,0.0
MMR(0.7),1.92,1,0.8359,0.0
MMR(0.7),1.93,1,0.8359,0.0
MMR(0.7),1.94,1,0.8359,0.0
MMR(0.7),1.96,1,0.8359,0.0
MMR(0.7),1.97,1,0.8359,0.0
MMR(0.7),1.99,2,0.8659,0.3806
MMR(0.7),2.01,2,0.8107,0.3342
MMR(0.7),2.03,3,0.8388,0.1376
MMR(0.7),2.06,2,0.8666,0.3761
MMR(0.7),2.08,3,0.839,0.1398
MMR(0.7),2.09,2,0.8666,0.3761
MMR(0.7),2.1,3,0.839,0.1398
MMR(0.7),2.11,2,0.8666,0.3761
MMR(0.7),2.15,1,0.837,0.0
MMR(0.7),2.16,1,0.837,0.0
MMR(0.7),2.2,1,0.837,0.0
MMR(0.7),2.21,1,0.8375,0.0
MMR(0.7),2.23,3,0.8391,0.1398
MMR(0.7),2.25,3,0.8391,0.1398
MMR(0.7),2.28,2,0.8669,0.3729
MMR(0.7),2.32,3,0.8391,0.1398
MMR(0.7),2.33,1,0.8375,0.0
MMR(0.7),2.34,1,0.8375,0.0
MMR(0.7),2.35,3,0.8391,0.1398
MMR(0.7),2.36,2,0.8669,0.3729
MMR(0.7),2.38,1,0.8375,0.0
MMR(0.7),2.4,2,0.8669,0.3729
MMR(0.7),2.41,2,0.8644,0.3418
MMR(0.7),2.42,3,0.8375,0.1336
MMR(0.7),2.43,2,0.8106,0.3418
MMR(0.7),2.44,3,0.8373,0.1345
MMR(0.7),2.45,2,0.8644,0.3418
MMR(0.7),2.47,3,0.8373,0.1345
MMR(0.7),2.5,3,0.8373,0.1345
MMR(0.7),2.51,3,0.8373,0.1345
MMR(0.7),2.52,3,0.8373,0.1345
MMR(0.7),2.53,2,0.8644,0.3418
MMR(0.7),2.54,3,0.8373,0.1345
MMR(0.7),2.56,2,0.8087,0.3265
MMR(0.7),2.57,2,0.8087,0.3265
MMR(0.7),2.58,2,0.8618,0.3748
MMR(0.7),2.63,1,0.8323,0.0
MMR(0.7),2.64,3,0.8355,0.1347
MMR(0.7),2.65,1,0.8323,0.0
MMR(0.7),2.66,2,0.8076,0.3132
MMR(0.7),2.68,1,0.8323,0.0
MMR(0.7),2.69,2,0.8618,0.3748
MMR(0.7),2.71,1,0.8323,0.0
MMR(0.7),2.73,3,0.8355,0.1347
MMR(0.7),2.76,1,0.8323,0.0
MMR(0.7),2.77,2,0.8618,0.3748
MMR(0.7),2.78,3,0.8352,0.1334
MMR(0.7),2.81,1,0.8323,0.0
MMR(0.7),2.84,2,0.8613,0.3685
MMR(0.7),2.89,1,0.8323,0.0
MMR(0.7),2.91,2,0.8613,0.3685
MMR(0.7),2.96,2,0.8613,0.3685
MMR(0.7),3.0,1,0.8323,0.0
MMR(0.7),3.04,1,0.8302,0.0
MMR(0.7),3.05,2,0.8602,0.3818
MMR(0.7),3.07,2,0.8602,0.3818
MMR(0.7),3.09,2,0.8052,0.3177
MMR(0.7),3.13,2,0.8052,0.3177
MMR(0.7),3.14,2,0.8602,0.3818
MMR(0.7),3.15,2,0.8602,0.3818
MMR(0.7),3.17,2,0.8592,0.3952
MMR(0.7),3.18,2,0.8041,0.3043
MMR(0.7),3.19,2,0.8592,0.3952
MMR(0.7),3.21,1,0.8281,0.0
MMR(0.7),3.23,1,0.8281,0.0
MMR(0.7),3.28,2,0.8578,0.4041
MMR(0.7),3.32,2,0.8588,0.3907
MMR(0.7),3.35,2,0.8588,0.3907
MMR(0.7),3.37,2,0.8031,0.3177
MMR(0.7),3.41,3,0.8312,0.1389
MMR(0.7),3.42,2,0.801,0.3177
MMR(0.7),3.43,2,0.8,0.3049
MMR(0.7),3.44,3,0.8292,0.142
MMR(0.7),3.45,2,0.799,0.2916
MMR(0.7),3.47,2,0.799,0.2916
MMR(0.7),3.5,3,0.8285,0.1423
MMR(0.7),3.53,3,0.8285,0.1423
MMR(0.7),3.54,1,0.8198,0.0
MMR(0.7),3.58,3,0.8285,0.1423
MMR(0.7),3.59,3,0.8278,0.1428
MMR(0.7),3.6,1,0.8177,0.0
MMR(0.7),3.62,3,0.8278,0.1428
MMR(0.7),3.63,2,0.8526,0.4434
MMR(0.7),3.64,2,0.7969,0.2649
MMR(0.7),3.66,1,0.8177,0.0
MMR(0.7),3.67,2,0.7969,0.2649
MMR(0.7),3.68,1,0.8177,0.0
MMR(0.7),3.69,3,0.8271,0.1399
MMR(0.7),3.7,2,0.7969,0.2649
MMR(0.7),3.72,3,0.8271,0.1399
MMR(0.7),3.73,3,0.8271,0.1399
MMR(0.7),3.75,3,0.8285,0.1353
MMR(0.7),3.77,2,0.799,0.2382
MMR(0.7),3.78,2,0.799,0.2382
MMR(0.7),3.8,3,0.8271,0.133
MMR(0.7),3.82,3,0.8271,0.133
MMR(0.7),3.84,2,0.8505,0.4434
MMR(0.7),3.87,2,0.7979,0.2249
MMR(0.7),3.89,2,0.8495,0.4301
MMR(0.7),3.9,2,0.8495,0.4301
MMR(0.7),3.91,3,0.8264,0.1301
MMR(0.7),3.92,2,0.8495,0.4301
MMR(0.7),3.94,2,0.8495,0.4301
MMR(0.7),3.95,3,0.8271,0.1279
MMR(0.7),3.98,3,0.8259,0.13
MMR(0.7),4.01,2,0.7986,0.216
MMR(0.7),4.02,3,0.8266,0.1277
MMR(0.7),4.03,3,0.8266,0.1277
MMR(0.7),4.04,2,0.7975,0.2293
MMR(0.7),4.06,2,0.7965,0.216
MMR(0.7),4.08,3,0.8252,0.1305
MMR(0.7),4.1,3,0.8252,0.1305
MMR(0.7),4.11,3,0.8252,0.1305
MMR(0.7),4.12,2,0.8471,0.4517
MMR(0.7),4.13,2,0.7923,0.19
MMR(0.7),4.14,2,0.7923,0.19
MMR(0.7),4.17,3,0.8218,0.1319
MMR(0.7),4.19,3,0.8204,0.1312
MMR(0.7),4.2,2,0.8429,0.4523
MMR(0.7),4.21,3,0.8204,0.1312
MMR(0.7),4.24,2,0.8429,0.4523
MMR(0.7),4.26,2,0.7903,0.216
MMR(0.7),4.28,3,0.819,0.1356
MMR(0.7),4.29,3,0.819,0.1356
MMR(0.7),4.32,1,0.8073,0.0
MMR(0.7),4.33,1,0.8073,0.0
MMR(0.7),4.34,3,0.819,0.1356
MMR(0.7),4.38,1,0.8073,0.0
MMR(0.7),4.4,2,0.8397,0.4123
MMR(0.7),4.41,1,0.8073,0.0
MMR(0.7),4.43,2,0.7903,0.216
MMR(0.7),4.44,2,0.8387,0.4257
MMR(0.7),4.45,3,0.8148,0.1305
MMR(0.7),4.46,2,0.8366,0.4523
MMR(0.7),4.49,3,0.8141,0.1311
MMR(0.7),4.52,3,0.8134,0.1283
MMR(0.7),4.53,2,0.7851,0.2027
MMR(0.7),4.55,1,0.799,0.0
MMR(0.7),4.57,3,0.812,0.1311
MMR(0.7),4.58,3,0.812,0.1311
MMR(0.7),4.64,3,0.812,0.1311
MMR(0.7),4.65,3,0.812,0.1311
MMR(0.7),4.67,2,0.7841,0.19
MMR(0.7),4.68,2,0.8325,0.4257
MMR(0.7),4.71,3,0.8114,0.1233
MMR(0.7),4.75,1,0.799,0.0
MMR(0.7),4.77,1,0.799,0.0
MMR(0.7),4.78,1,0.799,0.0
MMR(0.7),4.81,2,0.7841,0.19
MMR(0.7),4.85,1,0.799,0.0
MMR(0.7),4.86,2,0.8325,0.4257
MMR(0.7),4.9,3,0.8114,0.1233
MMR(0.7),4.91,1,0.799,0.0
MMR(0.7),4.94,1,0.799,0.0
MMR(0.7),4.97,2,0.8325,0.4257
MMR(0.7),5.01,1,0.799,0.0
MMR(0.7),5.03,3,0.8134,0.1169
MMR(0.7),5.09,1,0.799,0.0
MMR(0.7),5.2,1,0.801,0.0
MMR(0.7),5.23,2,0.7882,0.1633
MMR(0.7),5.24,1,0.801,0.0
MMR(0.7),5.32,3,0.8141,0.1161
MMR(0.7),5.34,1,0.801,0.0
MMR(0.7),5.35,1,0.799,0.0
MMR(0.9),1.03,3,0.8333,0.1368
MMR(0.9),1.04,3,0.8333,0.1368
MMR(0.9),1.05,2,0.8051,0.3196
MMR(0.9),1.06,2,0.8054,0.3151
MMR(0.9),1.07,3,0.8336,0.136
MMR(0.9),1.08,3,0.8336,0.136
MMR(0.9),1.09,3,0.8336,0.136
MMR(0.9),1.1,3,0.8336,0.136
MMR(0.9),1.11,3,0.8336,0.136
MMR(0.9),1.12,3,0.8336,0.136
MMR(0.9),1.13,3,0.8336,0.136
MMR(0.9),1.14,3,0.8336,0.136
MMR(0.9),1.15,3,0.8336,0.136
MMR(0.9),1.16,3,0.8336,0.136
MMR(0.9),1.17,3,0.8336,0.136
MMR(0.9),1.18,3,0.8336,0.136
MMR(0.9),1.19,3,0.8336,0.136
MMR(0.9),1.2,3,0.8336,0.136
MMR(0.9),1.21,3,0.8336,0.136
MMR(0.9),1.22,3,0.8336,0.136
MMR(0.9),1.23,3,0.8336,0.136
MMR(0.9),1.24,3,0.8336,0.136
MMR(0.9),1.25,2,0.8054,0.3151
MMR(0.9),1.26,2,0.8054,0.3151
MMR(0.9),1.27,2,0.8054,0.3151
MMR(0.9),1.28,2,0.8054,0.3151
MMR(0.9),1.29,3,0.8336,0.136
MMR(0.9),1.3,2,0.8054,0.3151
MMR(0.9),1.31,2,0.86,0.3793
MMR(0.9),1.32,3,0.8336,0.136
MMR(0.9),1.34,2,0.86,0.3793
MMR(0.9),1.35,2,0.86,0.3793
MMR(0.9),1.36,3,0.8336,0.136
MMR(0.9),1.37,2,0.86,0.3793
MMR(0.9),1.38,2,0.8606,0.3723
MMR(0.9),1.39,3,0.8343,0.1373
MMR(0.9),1.4,2,0.8059,0.3221
MMR(0.9),1.41,3,0.8343,0.1373
MMR(0.9),1.42,3,0.8343,0.1373
MMR(0.9),1.43,3,0.8346,0.1372
MMR(0.9),1.45,3,0.8346,0.1372
MMR(0.9),1.51,2,0.8617,0.3729
MMR(0.9),1.52,2,0.8617,0.3729
MMR(0.9),1.55,2,0.8067,0.3316
MMR(0.9),1.57,3,0.8348,0.1372
MMR(0.9),1.59,2,0.8067,0.3316
MMR(0.9),1.6,1,0.8328,0.0
MMR(0.9),1.63,1,0.8328,0.0
MMR(0.9),1.64,3,0.8348,0.1372
MMR(0.9),1.65,2,0.8067,0.3316
MMR(0.9),1.69,2,0.8067,0.3316
MMR(0.9),1.73,2,0.8621,0.3666
MMR(0.9),1.78,2,0.807,0.3348
MMR(0.9),1.8,1,0.8333,0.0
MMR(0.9),1.84,2,0.8625,0.371
MMR(0.9),1.85,1,0.8333,0.0
MMR(0.9),1.86,1,0.8333,0.0
MMR(0.9),1.88,3,0.8354,0.1373
MMR(0.9),1.9,1,0.8333,0.0
MMR(0.9),1.92,1,0.8333,0.0
MMR(0.9),1.93,1,0.8333,0.0
MMR(0.9),1.94,1,0.8333,0.0
MMR(0.9),1.96,1,0.8333,0.0
MMR(0.9),1.97,1,0.8333,0.0
MMR(0.9),1.99,2,0.8625,0.371
MMR(0.9),2.01,2,0.8075,0.3348
MMR(0.9),2.03,3,0.8356,0.1373
MMR(0.9),2.06,2,0.8628,0.3672
MMR(0.9),2.08,3,0.8356,0.1373
MMR(0.9),2.09,2,0.8628,0.3672
MMR(0.9),2.1,3,0.8356,0.1373
MMR(0.9),2.11,2,0.8628,0.3672
MMR(0.9),2.15,1,0.8339,0.0
MMR(0.9),2.16,1,0.8339,0.0
MMR(0.9),2.2,1,0.8339,0.0
MMR(0.9),2.21,1,0.8344,0.0
MMR(0.9),2.23,3,0.8358,0.1373
MMR(0.9),2.25,3,0.8358,0.1373
MMR(0.9),2.28,2,0.8631,0.364
MMR(0.9),2.32,3,0.8358,0.1373
MMR(0.9),2.33,1,0.8344,0.0
MMR(0.9),2.34,1,0.8344,0.0
MMR(0.9),2.35,3,0.8358,0.1373
MMR(0.9),2.36,2,0.8631,0.364
MMR(0.9),2.38,1,0.8344,0.0
MMR(0.9),2.4,2,0.8631,0.364
MMR(0.9),2.41,2,0.8636,0.3704
MMR(0.9),2.42,3,0.8361,0.1385
MMR(0.9),2.43,2,0.8078,0.338
MMR(0.9),2.44,3,0.8361,0.1385
MMR(0.9),2.45,2,0.8636,0.3704
MMR(0.9),2.47,3,0.8361,0.1385
MMR(0.9),2.5,3,0.8361,0.1385
MMR(0.9),2.51,3,0.8361,0.1385
MMR(0.9),2.52,3,0.8361,0.1385
MMR(0.9),2.53,2,0.8636,0.3704
MMR(0.9),2.54,3,0.8361,0.1385
MMR(0.9),2.56,2,0.8078,0.338
MMR(0.9),2.57,2,0.8078,0.338
MMR(0.9),2.58,2,0.8636,0.3704
MMR(0.9),2.63,1,0.8344,0.0
MMR(0.9),2.64,3,0.8361,0.1385
MMR(0.9),2.65,1,0.8344,0.0
MMR(0.9),2.66,2,0.8078,0.338
MMR(0.9),2.68,1,0.8344,0.0
MMR(0.9),2.69,2,0.8636,0.3704
MMR(0.9),2.71,1,0.8344,0.0
MMR(0.9),2.73,3,0.8361,0.1385
MMR(0.9),2.76,1,0.8344,0.0
MMR(0.9),2.77,2,0.8636,0.3704
MMR(0.9),2.78,3,0.8361,0.1385
MMR(0.9),2.81,1,0.8344,0.0
MMR(0.9),2.84,2,0.8636,0.3704
MMR(0.9),2.89,1,0.8344,0.0
MMR(0.9),2.91,2,0.8636,0.3704
MMR(0.9),2.96,2,0.8636,0.3704
MMR(0.9),3.0,1,0.8344,0.0
MMR(0.9),3.04,1,0.8323,0.0
MMR(0.9),3.05,2,0.8625,0.3837
MMR(0.9),3.07,2,0.8625,0.3837
MMR(0.9),3.09,2,0.8068,0.3246
MMR(0.9),3.13,2,0.8068,0.3246
MMR(0.9),3.14,2,0.8625,0.3837
MMR(0.9),3.15,2,0.8625,0.3837
MMR(0.9),3.17,2,0.8625,0.3837
MMR(0.9),3.18,2,0.8068,0.3246
MMR(0.9),3.19,2,0.8625,0.3837
MMR(0.9),3.21,1,0.8323,0.0
MMR(0.9),3.23,1,0.8323,0.0
MMR(0.9),3.28,2,0.8615,0.3971
MMR(0.9),3.32,2,0.8625,0.3837
MMR(0.9),3.35,2,0.8625,0.3837
MMR(0.9),3.37,2,0.8057,0.3373
MMR(0.9),3.41,3,0.834,0.1412
MMR(0.9),3.42,2,0.8047,0.324
MMR(0.9),3.43,2,0.8047,0.324
MMR(0.9),3.44,3,0.8333,0.1414
MMR(0.9),3.45,2,0.8036,0.3107
MMR(0.9),3.47,2,0.8036,0.3107
MMR(0.9),3.5,3,0.8333,0.1414
MMR(0.9),3.53,3,0.8333,0.1414
MMR(0.9),3.54,1,0.8281,0.0
MMR(0.9),3.58,3,0.8333,0.1414
MMR(0.9),3.59,3,0.8333,0.1414
MMR(0.9),3.6,1,0.8281,0.0
MMR(0.9),3.62,3,0.8333,0.1414
MMR(0.9),3.63,2,0.8604,0.4104
MMR(0.9),3.64,2,0.8036,0.3107
MMR(0.9),3.66,1,0.8281,0.0
MMR(0.9),3.67,2,0.8036,0.3107
MMR(0.9),3.68,1,0.8281,0.0
MMR(0.9),3.69,3,0.8333,0.1414
MMR(0.9),3.7,2,0.8036,0.3107
MMR(0.9),3.72,3,0.8333,0.1414
MMR(0.9),3.73,3,0.8333,0.1414
MMR(0.9),3.75,3,0.8347,0.1366
MMR(0.9),3.77,2,0.8057,0.2846
MMR(0.9),3.78,2,0.8057,0.2846
MMR(0.9),3.8,3,0.834,0.137
MMR(0.9),3.82,3,0.834,0.137
MMR(0.9),3.84,2,0.8594,0.4238
MMR(0.9),3.87,2,0.8046,0.2713
MMR(0.9),3.89,2,0.8594,0.4238
MMR(0.9),3.9,2,0.8594,0.4238
MMR(0.9),3.91,3,0.834,0.137
MMR(0.9),3.92,2,0.8594,0.4238
MMR(0.9),3.94,2,0.8594,0.4238
MMR(0.9),3.95,3,0.8347,0.1346
MMR(0.9),3.98,3,0.8347,0.1346
MMR(0.9),4.01,2,0.8067,0.2446
MMR(0.9),4.02,3,0.8354,0.1322
MMR(0.9),4.03,3,0.8354,0.1322
MMR(0.9),4.04,2,0.8067,0.2446
MMR(0.9),4.06,2,0.8057,0.2319
MMR(0.9),4.08,3,0.8347,0.1327
MMR(0.9),4.1,3,0.8347,0.1327
MMR(0.9),4.11,3,0.8347,0.1327
MMR(0.9),4.12,2,0.8583,0.4365
MMR(0.9),4.13,2,0.8047,0.2452
MMR(0.9),4.14,2,0.8047,0.2452
MMR(0.9),4.17,3,0.834,0.135
MMR(0.9),4.19,3,0.8333,0.1374
MMR(0.9),4.2,2,0.8583,0.4365
MMR(0.9),4.21,3,0.8333,0.1374
MMR(0.9),4.24,2,0.8583,0.4365
MMR(0.9),4.26,2,0.8026,0.2719
MMR(0.9),4.28,3,0.832,0.142
MMR(0.9),4.29,3,0.832,0.142
MMR(0.9),4.32,1,0.824,0.0
MMR(0.9),4.33,1,0.824,0.0
MMR(0.9),4.34,3,0.832,0.142
MMR(0.9),4.38,1,0.824,0.0
MMR(0.9),4.4,2,0.8583,0.4365
MMR(0.9),4.41,1,0.824,0.0
MMR(0.9),4.43,2,0.8026,0.2719
MMR(0.9),4.44,2,0.8573,0.4498
MMR(0.9),4.45,3,0.8299,0.1452
MMR(0.9),4.46,2,0.8552,0.4765
MMR(0.9),4.49,3,0.8292,0.1457
MMR(0.9),4.52,3,0.8292,0.1457
MMR(0.9),4.53,2,0.7974,0.2579
MMR(0.9),4.55,1,0.8177,0.0
MMR(0.9),4.57,3,0.8292,0.1457
MMR(0.9),4.58,3,0.8292,0.1457
MMR(0.9),4.64,3,0.8292,0.1457
MMR(0.9),4.65,3,0.8292,0.1457
MMR(0.9),4.67,2,0.7974,0.2579
MMR(0.9),4.68,2,0.8552,0.4765
MMR(0.9),4.71,3,0.8292,0.1457
MMR(0.9),4.75,1,0.8177,0.0
MMR(0.9),4.77,1,0.8177,0.0
MMR(0.9),4.78,1,0.8177,0.0
MMR(0.9),4.81,2,0.7974,0.2579
MMR(0.9),4.85,1,0.8177,0.0
MMR(0.9),4.86,2,0.8552,0.4765
MMR(0.9),4.9,3,0.8292,0.1457
MMR(0.9),4.91,1,0.8177,0.0
MMR(0.9),4.94,1,0.8177,0.0
MMR(0.9),4.97,2,0.8552,0.4765
MMR(0.9),5.01,1,0.8177,0.0
MMR(0.9),5.03,3,0.8299,0.1434
MMR(0.9),5.09,1,0.8177,0.0
MMR(0.9),5.2,1,0.8198,0.0
MMR(0.9),5.23,2,0.7995,0.2579
MMR(0.9),5.24,1,0.8198,0.0
MMR(0.9),5.32,3,0.8306,0.1429
MMR(0.9),5.34,1,0.8198,0.0
MMR(0.9),5.35,1,0.8198,0.0
Maxmin,1.03,3,0.8333,0.1368
Maxmin,1.04,3,0.8333,0.1368
Maxmin,1.05,2,0.8051,0.3196
Maxmin,1.06,2,0.8054,0.3151
Maxmin,1.07,3,0.8336,0.136
Maxmin,1.08,3,0.8336,0.136
Maxmin,1.09,3,0.8336,0.136
Maxmin,1.1,3,0.8336,0.136
Maxmin,1.11,3,0.8336,0.136
Maxmin,1.12,3,0.8339,0.1359
Maxmin,1.13,3,0.8346,0.1358
Maxmin,1.14,3,0.8346,0.1358
Maxmin,1.15,3,0.835,0.1372
Maxmin,1.16,3,0.835,0.1372
Maxmin,1.17,3,0.8353,0.1371
Maxmin,1.18,3,0.8353,0.1371
Maxmin,1.19,3,0.8353,0.1371
Maxmin,1.2,3,0.836,0.1359
Maxmin,1.21,3,0.836,0.1359
Maxmin,1.22,3,0.836,0.1359
Maxmin,1.23,3,0.836,0.1359
Maxmin,1.24,3,0.836,0.1359
Maxmin,1.25,2,0.8085,0.3418
Maxmin,1.26,2,0.8085,0.3418
Maxmin,1.27,2,0.8085,0.3418
Maxmin,1.28,2,0.8085,0.3418
Maxmin,1.29,3,0.8353,0.136
Maxmin,1.3,2,0.8065,0.3157
Maxmin,1.31,2,0.8591,0.3793
Maxmin,1.32,3,0.8325,0.1338
Maxmin,1.34,2,0.8569,0.406
Maxmin,1.35,2,0.8548,0.406
Maxmin,1.36,3,0.8304,0.1317
Maxmin,1.37,2,0.8517,0.4193
Maxmin,1.38,2,0.8476,0.4454
Maxmin,1.39,3,0.8236,0.1276
Maxmin,1.4,2,0.7952,0.1811
Maxmin,1.41,3,0.8194,0.1225
Maxmin,1.42,3,0.8194,0.1225
Maxmin,1.43,3,0.816,0.1155
Maxmin,1.45,3,0.8149,0.118
Maxmin,1.51,2,0.8288,0.446
Maxmin,1.52,2,0.8284,0.4415
Maxmin,1.55,2,0.784,0.1175
Maxmin,1.57,3,0.8097,0.117
Maxmin,1.59,2,0.7809,0.0781
Maxmin,1.6,1,0.7859,0.0
Maxmin,1.63,1,0.7839,0.0
Maxmin,1.64,3,0.8045,0.1233
Maxmin,1.65,2,0.773,0.0851
Maxmin,1.69,2,0.7699,0.0978
Maxmin,1.73,2,0.8139,0.4943
Maxmin,1.78,2,0.7661,0.1124
Maxmin,1.8,1,0.775,0.0
Maxmin,1.84,2,0.8095,0.4924
Maxmin,1.85,1,0.7708,0.0
Maxmin,1.86,1,0.7688,0.0
Maxmin,1.88,3,0.7881,0.1297
Maxmin,1.9,1,0.7656,0.0
Maxmin,1.92,1,0.7635,0.0
Maxmin,1.93,1,0.7635,0.0
Maxmin,1.94,1,0.7635,0.0
Maxmin,1.96,1,0.7604,0.0
Maxmin,1.97,1,0.7583,0.0
Maxmin,1.99,2,0.7986,0.5387
Maxmin,2.01,2,0.747,0.0375
Maxmin,2.03,3,0.7765,0.1313
Maxmin,2.06,2,0.7907,0.5953
Maxmin,2.08,3,0.7726,0.1352
Maxmin,2.09,2,0.7891,0.5889
Maxmin,2.1,3,0.7712,0.1382
Maxmin,2.11,2,0.786,0.6283
Maxmin,2.15,1,0.7344,0.0
Maxmin,2.16,1,0.7344,0.0
Maxmin,2.2,1,0.7323,0.0
Maxmin,2.21,1,0.7307,0.0
Maxmin,2.23,3,0.7665,0.1488
Maxmin,2.25,3,0.7658,0.1506
Maxmin,2.28,2,0.7794,0.6982
Maxmin,2.32,3,0.762,0.1432
Maxmin,2.33,1,0.7203,0.0
Maxmin,2.34,1,0.7203,0.0
Maxmin,2.35,3,0.7613,0.145
Maxmin,2.36,2,0.7734,0.6944
Maxmin,2.38,1,0.7188,0.0
Maxmin,2.4,2,0.7719,0.7014
Maxmin,2.41,2,0.7686,0.6595
Maxmin,2.42,3,0.7575,0.1374
Maxmin,2.43,2,0.725,0.1321
Maxmin,2.44,3,0.7546,0.14
Maxmin,2.45,2,0.765,0.6791
Maxmin,2.47,3,0.7546,0.14
Maxmin,2.5,3,0.7529,0.1346
Maxmin,2.51,3,0.7522,0.1366
Maxmin,2.52,3,0.7522,0.1366
Maxmin,2.53,2,0.7592,0.6595
Maxmin,2.54,3,0.7505,0.1343
Maxmin,2.56,2,0.7165,0.2097
Maxmin,2.57,2,0.7154,0.1963
Maxmin,2.58,2,0.7545,0.7192
Maxmin,2.63,1,0.6958,0.0
Maxmin,2.64,3,0.7438,0.1468
Maxmin,2.65,1,0.6937,0.0
Maxmin,2.66,2,0.7112,0.223
Maxmin,2.68,1,0.6937,0.0
Maxmin,2.69,2,0.7499,0.7389
Maxmin,2.71,1,0.6917,0.0
Maxmin,2.73,3,0.7418,0.1459
Maxmin,2.76,1,0.6885,0.0
Maxmin,2.77,2,0.7436,0.7255
Maxmin,2.78,3,0.7359,0.1387
Maxmin,2.81,1,0.6823,0.0
Maxmin,2.84,2,0.7373,0.6995
Maxmin,2.89,1,0.6781,0.0
Maxmin,2.91,2,0.7342,0.7395
Maxmin,2.96,2,0.7322,0.7389
Maxmin,3.0,1,0.674,0.0
Maxmin,3.04,1,0.674,0.0
Maxmin,3.05,2,0.7301,0.7122
Maxmin,3.07,2,0.729,0.6988
Maxmin,3.09,2,0.6976,0.2999
Maxmin,3.13,2,0.6976,0.2999
Maxmin,3.14,2,0.728,0.7122
Maxmin,3.15,2,0.728,0.7122
Maxmin,3.17,2,0.7269,0.7255
Maxmin,3.18,2,0.6945,0.3399
Maxmin,3.19,2,0.7227,0.7522
Maxmin,3.21,1,0.6635,0.0
Maxmin,3.23,1,0.6635,0.0
Maxmin,3.28,2,0.7199,0.73
Maxmin,3.32,2,0.7199,0.7033
Maxmin,3.35,2,0.7189,0.7166
Maxmin,3.37,2,0.6908,0.3596
Maxmin,3.41,3,0.7159,0.134
Maxmin,3.42,2,0.6887,0.3596
Maxmin,3.43,2,0.6876,0.3729
Maxmin,3.44,3,0.7138,0.1392
Maxmin,3.45,2,0.6845,0.3596
Maxmin,3.47,2,0.6835,0.3596
Maxmin,3.5,3,0.7061,0.1351
Maxmin,3.53,3,0.7041,0.13
Maxmin,3.54,1,0.6469,0.0
Maxmin,3.58,3,0.702,0.1378
Maxmin,3.59,3,0.7016,0.1365
Maxmin,3.6,1,0.6448,0.0
Maxmin,3.62,3,0.7009,0.1392
Maxmin,3.63,2,0.6965,0.7103
Maxmin,3.64,2,0.6721,0.4263
Maxmin,3.66,1,0.6385,0.0
Maxmin,3.67,2,0.6721,0.4263
Maxmin,3.68,1,0.6365,0.0
Maxmin,3.69,3,0.6961,0.1429
Maxmin,3.7,2,0.6679,0.4257
Maxmin,3.72,3,0.694,0.1419
Maxmin,3.73,3,0.6936,0.1434
Maxmin,3.75,3,0.6922,0.1385
Maxmin,3.77,2,0.6663,0.4193
Maxmin,3.78,2,0.6653,0.4326
Maxmin,3.8,3,0.6881,0.1396
Maxmin,3.82,3,0.6874,0.1424
Maxmin,3.84,2,0.6804,0.7039
Maxmin,3.87,2,0.6611,0.4587
Maxmin,3.89,2,0.6794,0.6906
Maxmin,3.9,2,0.6794,0.6906
Maxmin,3.91,3,0.6832,0.1374
Maxmin,3.92,2,0.6762,0.7039
Maxmin,3.94,2,0.6762,0.7039
Maxmin,3.95,3,0.6832,0.1409
Maxmin,3.98,3,0.6809,0.1346
Maxmin,4.01,2,0.6583,0.4898
Maxmin,4.02,3,0.6799,0.1357
Maxmin,4.03,3,0.6778,0.1395
Maxmin,4.04,2,0.6547,0.5095
Maxmin,4.06,2,0.6537,0.5229
Maxmin,4.08,3,0.675,0.1424
Maxmin,4.1,3,0.6736,0.1433
Maxmin,4.11,3,0.6743,0.1443
Maxmin,4.12,2,0.662,0.7084
Maxmin,4.13,2,0.6484,0.5889
Maxmin,4.14,2,0.6484,0.5889
Maxmin,4.17,3,0.6701,0.1482
Maxmin,4.19,3,0.6688,0.1453
Maxmin,4.2,2,0.6568,0.695
Maxmin,4.21,3,0.6674,0.1464
Maxmin,4.24,2,0.6537,0.7084
Maxmin,4.26,2,0.6432,0.5756
Maxmin,4.28,3,0.6639,0.1492
Maxmin,4.29,3,0.6625,0.1501
Maxmin,4.32,1,0.5938,0.0
Maxmin,4.33,1,0.5938,0.0
Maxmin,4.34,3,0.6601,0.1484
Maxmin,4.38,1,0.5917,0.0
Maxmin,4.4,2,0.6438,0.6614
Maxmin,4.41,1,0.5917,0.0
Maxmin,4.43,2,0.6391,0.6023
Maxmin,4.44,2,0.6417,0.6614
Maxmin,4.45,3,0.6524,0.1449
Maxmin,4.46,2,0.6375,0.6887
Maxmin,4.49,3,0.6524,0.1449
Maxmin,4.52,3,0.6517,0.1475
Maxmin,4.53,2,0.6328,0.629
Maxmin,4.55,1,0.5792,0.0
Maxmin,4.57,3,0.649,0.155
Maxmin,4.58,3,0.649,0.155
Maxmin,4.64,3,0.649,0.1594
Maxmin,4.65,3,0.6483,0.1624
Maxmin,4.67,2,0.6276,0.695
Maxmin,4.68,2,0.6291,0.7147
Maxmin,4.71,3,0.6469,0.1592
Maxmin,4.75,1,0.5708,0.0
Maxmin,4.77,1,0.5708,0.0
Maxmin,4.78,1,0.575,0.0
Maxmin,4.81,2,0.6297,0.695
Maxmin,4.85,1,0.575,0.0
Maxmin,4.86,2,0.6277,0.6817
Maxmin,4.9,3,0.6438,0.1547
Maxmin,4.91,1,0.5698,0.0
Maxmin,4.94,1,0.5656,0.0
Maxmin,4.97,2,0.6224,0.7217
Maxmin,5.01,1,0.5656,0.0
Maxmin,5.03,3,0.6431,0.1668
Maxmin,5.09,1,0.5656,0.0
Maxmin,5.2,1,0.5656,0.0
Maxmin,5.23,2,0.6219,0.7414
Maxmin,5.24,1,0.5635,0.0
Maxmin,5.32,3,0.641,0.1667
Maxmin,5.34,1,0.5635,0.0
Maxmin,5.35,1,0.5615,0.0
Greedy-DPP,1.03,3,0.8336,0.1377
Greedy-DPP,1.04,3,0.8336,0.1377
Greedy-DPP,1.05,2,0.8051,0.3196
Greedy-DPP,1.06,2,0.8057,0.3113
Greedy-DPP,1.07,3,0.834,0.1361
Greedy-DPP,1.08,3,0.834,0.1361
Greedy-DPP,1.09,3,0.834,0.1361
Greedy-DPP,1.1,3,0.834,0.1361
Greedy-DPP,1.11,3,0.834,0.1361
Greedy-DPP,1.12,3,0.8344,0.136
Greedy-DPP,1.13,3,0.8347,0.136
Greedy-DPP,1.14,3,0.8351,0.1374
Greedy-DPP,1.15,3,0.8358,0.1401
Greedy-DPP,1.16,3,0.8361,0.14
Greedy-DPP,1.17,3,0.8365,0.1399
Greedy-DPP,1.18,3,0.8365,0.1399
Greedy-DPP,1.19,3,0.8365,0.1399
Greedy-DPP,1.2,3,0.8372,0.1385
Greedy-DPP,1.21,3,0.8372,0.1385
Greedy-DPP,1.22,3,0.8372,0.1385
Greedy-DPP,1.23,3,0.8382,0.1373
Greedy-DPP,1.24,3,0.8386,0.1359
Greedy-DPP,1.25,2,0.811,0.3373
Greedy-DPP,1.26,2,0.811,0.3373
Greedy-DPP,1.27,2,0.811,0.3373
Greedy-DPP,1.28,2,0.811,0.3373
Greedy-DPP,1.29,3,0.8372,0.1361
Greedy-DPP,1.3,2,0.8078,0.298
Greedy-DPP,1.31,2,0.8605,0.3971
Greedy-DPP,1.32,3,0.8344,0.1342
Greedy-DPP,1.34,2,0.8583,0.4238
Greedy-DPP,1.35,2,0.8552,0.4371
Greedy-DPP,1.36,3,0.8316,0.1327
Greedy-DPP,1.37,2,0.8552,0.4371
Greedy-DPP,1.38,2,0.8552,0.4371
Greedy-DPP,1.39,3,0.8319,0.1341
Greedy-DPP,1.4,2,0.8026,0.2313
Greedy-DPP,1.41,3,0.8312,0.1312
Greedy-DPP,1.42,3,0.8312,0.1312
Greedy-DPP,1.43,3,0.8305,0.1318
Greedy-DPP,1.45,3,0.8305,0.1318
Greedy-DPP,1.51,2,0.8526,0.4562
Greedy-DPP,1.52,2,0.8526,0.4562
Greedy-DPP,1.55,2,0.7992,0.2147
Greedy-DPP,1.57,3,0.8283,0.1354
Greedy-DPP,1.59,2,0.7972,0.1887
Greedy-DPP,1.6,1,0.812,0.0
Greedy-DPP,1.63,1,0.812,0.0
Greedy-DPP,1.64,3,0.8269,0.1334
Greedy-DPP,1.65,2,0.7972,0.1887
Greedy-DPP,1.69,2,0.7961,0.202
Greedy-DPP,1.73,2,0.8487,0.4536
Greedy-DPP,1.78,2,0.7966,0.2084
Greedy-DPP,1.8,1,0.813,0.0
Greedy-DPP,1.84,2,0.8471,0.46
Greedy-DPP,1.85,1,0.8089,0.0
Greedy-DPP,1.86,1,0.8068,0.0
Greedy-DPP,1.88,3,0.8217,0.1359
Greedy-DPP,1.9,1,0.8063,0.0
Greedy-DPP,1.92,1,0.8042,0.0
Greedy-DPP,1.93,1,0.8042,0.0
Greedy-DPP,1.94,1,0.8042,0.0
Greedy-DPP,1.96,1,0.8042,0.0
Greedy-DPP,1.97,1,0.8042,0.0
Greedy-DPP,1.99,2,0.8433,0.4962
Greedy-DPP,2.01,2,0.7893,0.169
Greedy-DPP,2.03,3,0.8201,0.1364
Greedy-DPP,2.06,2,0.8426,0.5082
Greedy-DPP,2.08,3,0.8195,0.1399
Greedy-DPP,2.09,2,0.8421,0.5146
Greedy-DPP,2.1,3,0.8195,0.1399
Greedy-DPP,2.11,2,0.8411,0.5279
Greedy-DPP,2.15,1,0.7995,0.0
Greedy-DPP,2.16,1,0.7995,0.0
Greedy-DPP,2.2,1,0.7995,0.0
Greedy-DPP,2.21,1,0.7979,0.0
Greedy-DPP,2.23,3,0.8169,0.1396
Greedy-DPP,2.25,3,0.8169,0.1396
Greedy-DPP,2.28,2,0.8377,0.5318
Greedy-DPP,2.32,3,0.8144,0.1342
Greedy-DPP,2.33,1,0.7958,0.0
Greedy-DPP,2.34,1,0.7958,0.0
Greedy-DPP,2.35,3,0.8144,0.1342
Greedy-DPP,2.36,2,0.8354,0.5216
Greedy-DPP,2.38,1,0.7943,0.0
Greedy-DPP,2.4,2,0.8327,0.5413
Greedy-DPP,2.41,2,0.8303,0.5108
Greedy-DPP,2.42,3,0.8109,0.1301
Greedy-DPP,2.43,2,0.7812,0.1137
Greedy-DPP,2.44,3,0.8104,0.1312
Greedy-DPP,2.45,2,0.8298,0.5171
Greedy-DPP,2.47,3,0.8104,0.1312
Greedy-DPP,2.5,3,0.8097,0.1282
Greedy-DPP,2.51,3,0.809,0.1293
Greedy-DPP,2.52,3,0.809,0.1293
Greedy-DPP,2.53,2,0.8277,0.5171
Greedy-DPP,2.54,3,0.809,0.1293
Greedy-DPP,2.56,2,0.7756,0.0521
Greedy-DPP,2.57,2,0.7756,0.0521
Greedy-DPP,2.58,2,0.823,0.5769
Greedy-DPP,2.63,1,0.7776,0.0
Greedy-DPP,2.64,3,0.8051,0.1362
Greedy-DPP,2.65,1,0.7755,0.0
Greedy-DPP,2.66,2,0.7735,0.0254
Greedy-DPP,2.68,1,0.7755,0.0
Greedy-DPP,2.69,2,0.8219,0.5902
Greedy-DPP,2.71,1,0.7755,0.0
Greedy-DPP,2.73,3,0.8051,0.1362
Greedy-DPP,2.76,1,0.7755,0.0
Greedy-DPP,2.77,2,0.8204,0.5705
Greedy-DPP,2.78,3,0.8027,0.1257
Greedy-DPP,2.81,1,0.7734,0.0
Greedy-DPP,2.84,2,0.8162,0.5438
Greedy-DPP,2.89,1,0.7734,0.0
Greedy-DPP,2.91,2,0.8162,0.5438
Greedy-DPP,2.96,2,0.8152,0.5305
Greedy-DPP,3.0,1,0.7734,0.0
Greedy-DPP,3.04,1,0.7714,0.0
Greedy-DPP,3.05,2,0.8126,0.5235
Greedy-DPP,3.07,2,0.8105,0.5235
Greedy-DPP,3.09,2,0.768,0.0165
Greedy-DPP,3.13,2,0.768,0.0165
Greedy-DPP,3.14,2,0.8105,0.5235
Greedy-DPP,3.15,2,0.8105,0.5235
Greedy-DPP,3.17,2,0.8095,0.5368
Greedy-DPP,3.18,2,0.7659,0.0102
Greedy-DPP,3.19,2,0.8064,0.5508
Greedy-DPP,3.21,1,0.763,0.0
Greedy-DPP,3.23,1,0.763,0.0
Greedy-DPP,3.28,2,0.8029,0.5457
Greedy-DPP,3.32,2,0.8029,0.5197
Greedy-DPP,3.35,2,0.8029,0.5197
Greedy-DPP,3.37,2,0.7633,0.0165
Greedy-DPP,3.41,3,0.7877,0.1095
Greedy-DPP,3.42,2,0.7612,0.0165
Greedy-DPP,3.43,2,0.7601,0.0299
Greedy-DPP,3.44,3,0.7856,0.1142
Greedy-DPP,3.45,2,0.7591,0.0432
Greedy-DPP,3.47,2,0.7581,0.0432
Greedy-DPP,3.5,3,0.7807,0.1111
Greedy-DPP,3.53,3,0.7807,0.1111
Greedy-DPP,3.54,1,0.7505,0.0
Greedy-DPP,3.58,3,0.7793,0.1145
Greedy-DPP,3.59,3,0.7787,0.1162
Greedy-DPP,3.6,1,0.7464,0.0
Greedy-DPP,3.62,3,0.7787,0.1162
Greedy-DPP,3.63,2,0.7883,0.5324
Greedy-DPP,3.64,2,0.7518,0.0692
Greedy-DPP,3.66,1,0.7464,0.0
Greedy-DPP,3.67,2,0.7518,0.0692
Greedy-DPP,3.68,1,0.7443,0.0
Greedy-DPP,3.69,3,0.7759,0.1139
Greedy-DPP,3.7,2,0.7497,0.0959
Greedy-DPP,3.72,3,0.7759,0.1139
Greedy-DPP,3.73,3,0.7755,0.1149
Greedy-DPP,3.75,3,0.7762,0.1101
Greedy-DPP,3.77,2,0.7513,0.1296
Greedy-DPP,3.78,2,0.7513,0.1296
Greedy-DPP,3.8,3,0.7742,0.1114
Greedy-DPP,3.82,3,0.7742,0.1114
Greedy-DPP,3.84,2,0.7805,0.5527
Greedy-DPP,3.87,2,0.7482,0.1423
Greedy-DPP,3.89,2,0.7794,0.5394
Greedy-DPP,3.9,2,0.7805,0.526
Greedy-DPP,3.91,3,0.7735,0.1072
Greedy-DPP,3.92,2,0.7805,0.526
Greedy-DPP,3.94,2,0.7805,0.526
Greedy-DPP,3.95,3,0.7742,0.1064
Greedy-DPP,3.98,3,0.773,0.1065
Greedy-DPP,4.01,2,0.7489,0.1379
Greedy-DPP,4.02,3,0.773,0.1072
Greedy-DPP,4.03,3,0.7723,0.1043
Greedy-DPP,4.04,2,0.7478,0.1245
Greedy-DPP,4.06,2,0.7468,0.1379
Greedy-DPP,4.08,3,0.7702,0.1092
Greedy-DPP,4.1,3,0.7702,0.1092
Greedy-DPP,4.11,3,0.7702,0.1092
Greedy-DPP,4.12,2,0.7754,0.5546
Greedy-DPP,4.13,2,0.7427,0.1645
Greedy-DPP,4.14,2,0.7427,0.1645
Greedy-DPP,4.17,3,0.7674,0.1114
Greedy-DPP,4.19,3,0.766,0.1092
Greedy-DPP,4.2,2,0.7723,0.5413
Greedy-DPP,4.21,3,0.766,0.1092
Greedy-DPP,4.24,2,0.7723,0.5413
Greedy-DPP,4.26,2,0.7406,0.1379
Greedy-DPP,4.28,3,0.7639,0.1129
Greedy-DPP,4.29,3,0.7632,0.11
Greedy-DPP,4.32,1,0.7276,0.0
Greedy-DPP,4.33,1,0.7276,0.0
Greedy-DPP,4.34,3,0.7632,0.11
Greedy-DPP,4.38,1,0.7276,0.0
Greedy-DPP,4.4,2,0.7671,0.5019
Greedy-DPP,4.41,1,0.7276,0.0
Greedy-DPP,4.43,2,0.7395,0.1512
Greedy-DPP,4.44,2,0.7661,0.5152
Greedy-DPP,4.45,3,0.7584,0.1072
Greedy-DPP,4.46,2,0.764,0.5413
Greedy-DPP,4.49,3,0.7577,0.1092
Greedy-DPP,4.52,3,0.757,0.1063
Greedy-DPP,4.53,2,0.7332,0.1506
Greedy-DPP,4.55,1,0.7193,0.0
Greedy-DPP,4.57,3,0.7556,0.1092
Greedy-DPP,4.58,3,0.7556,0.1092
Greedy-DPP,4.64,3,0.7556,0.1092
Greedy-DPP,4.65,3,0.7556,0.1092
Greedy-DPP,4.67,2,0.7322,0.1639
Greedy-DPP,4.68,2,0.7598,0.5146
Greedy-DPP,4.71,3,0.7549,0.1028
Greedy-DPP,4.75,1,0.7193,0.0
Greedy-DPP,4.77,1,0.7193,0.0
Greedy-DPP,4.78,1,0.7214,0.0
Greedy-DPP,4.81,2,0.7332,0.1506
Greedy-DPP,4.85,1,0.7214,0.0
Greedy-DPP,4.86,2,0.7609,0.5013
Greedy-DPP,4.9,3,0.7556,0.1006
Greedy-DPP,4.91,1,0.7214,0.0
Greedy-DPP,4.94,1,0.7214,0.0
Greedy-DPP,4.97,2,0.7609,0.5013
Greedy-DPP,5.01,1,0.7214,0.0
Greedy-DPP,5.03,3,0.7584,0.0986
Greedy-DPP,5.09,1,0.7214,0.0
Greedy-DPP,5.2,1,0.7234,0.0
Greedy-DPP,5.23,2,0.7385,0.1912
Greedy-DPP,5.24,1,0.7234,0.0
Greedy-DPP,5.32,3,0.7591,0.0963
Greedy-DPP,5.34,1,0.7234,0.0
Greedy-DPP,5.35,1,0.7214,0.0
RNG(-0.3),1.03,3,0.8336,0.1377
RNG(-0.3),1.04,3,0.8336,0.1377
RNG(-0.3),1.05,2,0.8051,0.3196
RNG(-0.3),1.06,2,0.8057,0.3113
RNG(-0.3),1.07,3,0.834,0.1361
RNG(-0.3),1.08,3,0.834,0.1361
RNG(-0.3),1.09,3,0.834,0.1361
RNG(-0.3),1.1,3,0.834,0.1361
RNG(-0.3),1.11,3,0.834,0.1361
RNG(-0.3),1.12,3,0.834,0.1361
RNG(-0.3),1.13,3,0.834,0.1361
RNG(-0.3),1.14,3,0.834,0.1361
RNG(-0.3),1.15,3,0.834,0.1361
RNG(-0.3),1.16,3,0.834,0.1361
RNG(-0.3),1.17,3,0.834,0.1361
RNG(-0.3),1.18,3,0.834,0.1361
RNG(-0.3),1.19,3,0.834,0.1361
RNG(-0.3),1.2,3,0.834,0.1361
RNG(-0.3),1.21,3,0.834,0.1361
RNG(-0.3),1.22,3,0.834,0.1361
RNG(-0.3),1.23,3,0.834,0.1361
RNG(-0.3),1.24,3,0.834,0.1361
RNG(-0.3),1.25,2,0.8057,0.3113
RNG(-0.3),1.26,2,0.8057,0.3113
RNG(-0.3),1.27,2,0.8057,0.3113
RNG(-0.3),1.28,2,0.8057,0.3113
RNG(-0.3),1.29,3,0.834,0.1361
RNG(-0.3),1.3,2,0.8057,0.3113
RNG(-0.3),1.31,2,0.8604,0.3837
RNG(-0.3),1.32,3,0.834,0.1361
RNG(-0.3),1.34,2,0.8604,0.3837
RNG(-0.3),1.35,2,0.8604,0.3837
RNG(-0.3),1.36,3,0.834,0.1361
RNG(-0.3),1.37,2,0.8604,0.3837
RNG(-0.3),1.38,2,0.8609,0.3767
RNG(-0.3),1.39,3,0.8346,0.1352
RNG(-0.3),1.4,2,0.8066,0.3138
RNG(-0.3),1.41,3,0.8346,0.1352
RNG(-0.3),1.42,3,0.8346,0.1352
RNG(-0.3),1.43,3,0.8349,0.1351
RNG(-0.3),1.45,3,0.8349,0.1351
RNG(-0.3),1.51,2,0.8615,0.3704
RNG(-0.3),1.52,2,0.8618,0.3748
RNG(-0.3),1.55,2,0.8071,0.3202
RNG(-0.3),1.57,3,0.8352,0.136
RNG(-0.3),1.59,2,0.8071,0.3202
RNG(-0.3),1.6,1,0.8323,0.0
RNG(-0.3),1.63,1,0.8323,0.0
RNG(-0.3),1.64,3,0.8352,0.136
RNG(-0.3),1.65,2,0.8071,0.3202
RNG(-0.3),1.69,2,0.8071,0.3202
RNG(-0.3),1.73,2,0.8618,0.3748
RNG(-0.3),1.78,2,0.8075,0.3157
RNG(-0.3),1.8,1,0.8323,0.0
RNG(-0.3),1.84,2,0.8625,0.3837
RNG(-0.3),1.85,1,0.8323,0.0
RNG(-0.3),1.86,1,0.8323,0.0
RNG(-0.3),1.88,3,0.8361,0.1361
RNG(-0.3),1.9,1,0.8323,0.0
RNG(-0.3),1.92,1,0.8323,0.0
RNG(-0.3),1.93,1,0.8323,0.0
RNG(-0.3),1.94,1,0.8323,0.0
RNG(-0.3),1.96,1,0.8323,0.0
RNG(-0.3),1.97,1,0.8323,0.0
RNG(-0.3),1.99,2,0.8625,0.3837
RNG(-0.3),2.01,2,0.8078,0.3113
RNG(-0.3),2.03,3,0.8361,0.1361
RNG(-0.3),2.06,2,0.8625,0.3837
RNG(-0.3),2.08,3,0.8361,0.1361
RNG(-0.3),2.09,2,0.8625,0.3837
RNG(-0.3),2.1,3,0.8361,0.1361
RNG(-0.3),2.11,2,0.8625,0.3837
RNG(-0.3),2.15,1,0.8323,0.0
RNG(-0.3),2.16,1,0.8323,0.0
RNG(-0.3),2.2,1,0.8323,0.0
RNG(-0.3),2.21,1,0.8323,0.0
RNG(-0.3),2.23,3,0.8361,0.1361
RNG(-0.3),2.25,3,0.8361,0.1361
RNG(-0.3),2.28,2,0.8631,0.3907
RNG(-0.3),2.32,3,0.8365,0.1375
RNG(-0.3),2.33,1,0.8323,0.0
RNG(-0.3),2.34,1,0.8323,0.0
RNG(-0.3),2.35,3,0.8365,0.1375
RNG(-0.3),2.36,2,0.8631,0.3907
RNG(-0.3),2.38,1,0.8323,0.0
RNG(-0.3),2.4,2,0.8636,0.3971
RNG(-0.3),2.41,2,0.864,0.4034
RNG(-0.3),2.42,3,0.8371,0.1401
RNG(-0.3),2.43,2,0.8078,0.3113
RNG(-0.3),2.44,3,0.8371,0.1401
RNG(-0.3),2.45,2,0.864,0.4034
RNG(-0.3),2.47,3,0.8371,0.1401
RNG(-0.3),2.5,3,0.8371,0.1401
RNG(-0.3),2.51,3,0.8371,0.1401
RNG(-0.3),2.52,3,0.8371,0.1401
RNG(-0.3),2.53,2,0.864,0.4034
RNG(-0.3),2.54,3,0.8371,0.1401
RNG(-0.3),2.56,2,0.8078,0.3113
RNG(-0.3),2.57,2,0.8078,0.3113
RNG(-0.3),2.58,2,0.864,0.4034
RNG(-0.3),2.63,1,0.8323,0.0
RNG(-0.3),2.64,3,0.8371,0.1401
RNG(-0.3),2.65,1,0.8323,0.0
RNG(-0.3),2.66,2,0.8078,0.3113
RNG(-0.3),2.68,1,0.8323,0.0
RNG(-0.3),2.69,2,0.8646,0.4104
RNG(-0.3),2.71,1,0.8323,0.0
RNG(-0.3),2.73,3,0.8375,0.1415
RNG(-0.3),2.76,1,0.8344,0.0
RNG(-0.3),2.77,2,0.8657,0.3971
RNG(-0.3),2.78,3,0.8382,0.1413
RNG(-0.3),2.81,1,0.8344,0.0
RNG(-0.3),2.84,2,0.8657,0.3971
RNG(-0.3),2.89,1,0.8344,0.0
RNG(-0.3),2.91,2,0.8657,0.3971
RNG(-0.3),2.96,2,0.8657,0.3971
RNG(-0.3),3.0,1,0.8344,0.0
RNG(-0.3),3.04,1,0.8323,0.0
RNG(-0.3),3.05,2,0.8646,0.4104
RNG(-0.3),3.07,2,0.8657,0.3971
RNG(-0.3),3.09,2,0.8089,0.3246
RNG(-0.3),3.13,2,0.8089,0.3246
RNG(-0.3),3.14,2,0.8657,0.3971
RNG(-0.3),3.15,2,0.8657,0.3971
RNG(-0.3),3.17,2,0.8657,0.3971
RNG(-0.3),3.18,2,0.8089,0.3246
RNG(-0.3),3.19,2,0.8657,0.3971
RNG(-0.3),3.21,1,0.8344,0.0
RNG(-0.3),3.23,1,0.8344,0.0
RNG(-0.3),3.28,2,0.8646,0.4104
RNG(-0.3),3.32,2,0.8657,0.3971
RNG(-0.3),3.35,2,0.8657,0.3971
RNG(-0.3),3.37,2,0.8089,0.3246
RNG(-0.3),3.41,3,0.8382,0.1413
RNG(-0.3),3.42,2,0.8089,0.3246
RNG(-0.3),3.43,2,0.8089,0.3246
RNG(-0.3),3.44,3,0.8375,0.1415
RNG(-0.3),3.45,2,0.8078,0.3113
RNG(-0.3),3.47,2,0.8078,0.3113
RNG(-0.3),3.5,3,0.8375,0.1415
RNG(-0.3),3.53,3,0.8375,0.1415
RNG(-0.3),3.54,1,0.8323,0.0
RNG(-0.3),3.58,3,0.8375,0.1415
RNG(-0.3),3.59,3,0.8375,0.1415
RNG(-0.3),3.6,1,0.8323,0.0
RNG(-0.3),3.62,3,0.8375,0.1415
RNG(-0.3),3.63,2,0.8646,0.4104
RNG(-0.3),3.64,2,0.8078,0.3113
RNG(-0.3),3.66,1,0.8323,0.0
RNG(-0.3),3.67,2,0.8078,0.3113
RNG(-0.3),3.68,1,0.8323,0.0
RNG(-0.3),3.69,3,0.8375,0.1415
RNG(-0.3),3.7,2,0.8078,0.3113
RNG(-0.3),3.72,3,0.8375,0.1415
RNG(-0.3),3.73,3,0.8375,0.1415
RNG(-0.3),3.75,3,0.8375,0.1415
RNG(-0.3),3.77,2,0.8078,0.3113
RNG(-0.3),3.78,2,0.8078,0.3113
RNG(-0.3),3.8,3,0.8368,0.1418
RNG(-0.3),3.82,3,0.8368,0.1418
RNG(-0.3),3.84,2,0.8636,0.4238
RNG(-0.3),3.87,2,0.8068,0.298
RNG(-0.3),3.89,2,0.8636,0.4238
RNG(-0.3),3.9,2,0.8636,0.4238
RNG(-0.3),3.91,3,0.8368,0.1418
RNG(-0.3),3.92,2,0.8636,0.4238
RNG(-0.3),3.94,2,0.8636,0.4238
RNG(-0.3),3.95,3,0.8368,0.1418
RNG(-0.3),3.98,3,0.8368,0.1418
RNG(-0.3),4.01,2,0.8078,0.2846
RNG(-0.3),4.02,3,0.8375,0.1394
RNG(-0.3),4.03,3,0.8375,0.1394
RNG(-0.3),4.04,2,0.8078,0.2846
RNG(-0.3),4.06,2,0.8078,0.2846
RNG(-0.3),4.08,3,0.8375,0.1394
RNG(-0.3),4.1,3,0.8375,0.1394
RNG(-0.3),4.11,3,0.8375,0.1394
RNG(-0.3),4.12,2,0.8636,0.4238
RNG(-0.3),4.13,2,0.8078,0.2846
RNG(-0.3),4.14,2,0.8078,0.2846
RNG(-0.3),4.17,3,0.8375,0.1394
RNG(-0.3),4.19,3,0.8375,0.1394
RNG(-0.3),4.2,2,0.8636,0.4238
RNG(-0.3),4.21,3,0.8375,0.1394
RNG(-0.3),4.24,2,0.8646,0.4371
RNG(-0.3),4.26,2,0.8078,0.2846
RNG(-0.3),4.28,3,0.8382,0.1421
RNG(-0.3),4.29,3,0.8382,0.1421
RNG(-0.3),4.32,1,0.8302,0.0
RNG(-0.3),4.33,1,0.8302,0.0
RNG(-0.3),4.34,3,0.8382,0.1421
RNG(-0.3),4.38,1,0.8302,0.0
RNG(-0.3),4.4,2,0.8646,0.4371
RNG(-0.3),4.41,1,0.8302,0.0
RNG(-0.3),4.43,2,0.8078,0.2846
RNG(-0.3),4.44,2,0.8636,0.4504
RNG(-0.3),4.45,3,0.8361,0.1473
RNG(-0.3),4.46,2,0.8636,0.4504
RNG(-0.3),4.49,3,0.8361,0.1473
RNG(-0.3),4.52,3,0.8361,0.1473
RNG(-0.3),4.53,2,0.8046,0.298
RNG(-0.3),4.55,1,0.8281,0.0
RNG(-0.3),4.57,3,0.8361,0.1473
RNG(-0.3),4.58,3,0.8361,0.1473
RNG(-0.3),4.64,3,0.8361,0.1473
RNG(-0.3),4.65,3,0.8361,0.1473
RNG(-0.3),4.67,2,0.8046,0.298
RNG(-0.3),4.68,2,0.8636,0.4504
RNG(-0.3),4.71,3,0.8361,0.1473
RNG(-0.3),4.75,1,0.8281,0.0
RNG(-0.3),4.77,1,0.8281,0.0
RNG(-0.3),4.78,1,0.8281,0.0
RNG(-0.3),4.81,2,0.8046,0.298
RNG(-0.3),4.85,1,0.8281,0.0
RNG(-0.3),4.86,2,0.8636,0.4504
RNG(-0.3),4.9,3,0.8361,0.1473
RNG(-0.3),4.91,1,0.8281,0.0
RNG(-0.3),4.94,1,0.8281,0.0
RNG(-0.3),4.97,2,0.8636,0.4504
RNG(-0.3),5.01,1,0.8281,0.0
RNG(-0.3),5.03,3,0.8361,0.1473
RNG(-0.3),5.09,1,0.8281,0.0
RNG(-0.3),5.2,1,0.8281,0.0
RNG(-0.3),5.23,2,0.8046,0.298
RNG(-0.3),5.24,1,0.8281,0.0
RNG(-0.3),5.32,3,0.8361,0.1473
RNG(-0.3),5.34,1,0.8281,0.0
RNG(-0.3),5.35,1,0.8281,0.0
RNG(-0.2),1.03,3,0.8336,0.1377
RNG(-0.2),1.04,3,0.8336,0.1377
RNG(-0.2),1.05,2,0.8051,0.3196
RNG(-0.2),1.06,2,0.8057,0.3113
RNG(-0.2),1.07,3,0.834,0.1361
RNG(-0.2),1.08,3,0.834,0.1361
RNG(-0.2),1.09,3,0.834,0.1361
RNG(-0.2),1.1,3,0.834,0.1361
RNG(-0.2),1.11,3,0.834,0.1361
RNG(-0.2),1.12,3,0.8344,0.136
RNG(-0.2),1.13,3,0.8347,0.136
RNG(-0.2),1.14,3,0.8351,0.1374
RNG(-0.2),1.15,3,0.8358,0.1401
RNG(-0.2),1.16,3,0.8361,0.14
RNG(-0.2),1.17,3,0.8368,0.1399
RNG(-0.2),1.18,3,0.8368,0.1399
RNG(-0.2),1.19,3,0.8372,0.1399
RNG(-0.2),1.2,3,0.8379,0.1385
RNG(-0.2),1.21,3,0.8379,0.1385
RNG(-0.2),1.22,3,0.8379,0.1385
RNG(-0.2),1.23,3,0.8389,0.1373
RNG(-0.2),1.24,3,0.8393,0.1359
RNG(-0.2),1.25,2,0.812,0.3507
RNG(-0.2),1.26,2,0.812,0.3507
RNG(-0.2),1.27,2,0.8125,0.3443
RNG(-0.2),1.28,2,0.8125,0.3443
RNG(-0.2),1.29,3,0.8396,0.1346
RNG(-0.2),1.3,2,0.8125,0.3443
RNG(-0.2),1.31,2,0.8667,0.3443
RNG(-0.2),1.32,3,0.8396,0.1346
RNG(-0.2),1.34,2,0.8667,0.3443
RNG(-0.2),1.35,2,0.8667,0.3443
RNG(-0.2),1.36,3,0.8396,0.1346
RNG(-0.2),1.37,2,0.8667,0.3443
RNG(-0.2),1.38,2,0.8672,0.338
RNG(-0.2),1.39,3,0.8405,0.135
RNG(-0.2),1.4,2,0.8134,0.3462
RNG(-0.2),1.41,3,0.8405,0.135
RNG(-0.2),1.42,3,0.8405,0.135
RNG(-0.2),1.43,3,0.8409,0.135
RNG(-0.2),1.45,3,0.8409,0.135
RNG(-0.2),1.51,2,0.8682,0.3373
RNG(-0.2),1.52,2,0.8686,0.3418
RNG(-0.2),1.55,2,0.8141,0.3564
RNG(-0.2),1.57,3,0.8413,0.1359
RNG(-0.2),1.59,2,0.8141,0.3564
RNG(-0.2),1.6,1,0.8422,0.0
RNG(-0.2),1.63,1,0.8422,0.0
RNG(-0.2),1.64,3,0.8413,0.1359
RNG(-0.2),1.65,2,0.8141,0.3564
RNG(-0.2),1.69,2,0.8141,0.3564
RNG(-0.2),1.73,2,0.8691,0.3354
RNG(-0.2),1.78,2,0.8148,0.3551
RNG(-0.2),1.8,1,0.8427,0.0
RNG(-0.2),1.84,2,0.8709,0.3577
RNG(-0.2),1.85,1,0.8427,0.0
RNG(-0.2),1.86,1,0.8427,0.0
RNG(-0.2),1.88,3,0.8434,0.1397
RNG(-0.2),1.9,1,0.8427,0.0
RNG(-0.2),1.92,1,0.8427,0.0
RNG(-0.2),1.93,1,0.8427,0.0
RNG(-0.2),1.94,1,0.8427,0.0
RNG(-0.2),1.96,1,0.8427,0.0
RNG(-0.2),1.97,1,0.8427,0.0
RNG(-0.2),1.99,2,0.8714,0.364
RNG(-0.2),2.01,2,0.8156,0.3577
RNG(-0.2),2.03,3,0.8438,0.1397
RNG(-0.2),2.06,2,0.8719,0.357
RNG(-0.2),2.08,3,0.8438,0.1397
RNG(-0.2),2.09,2,0.8719,0.357
RNG(-0.2),2.1,3,0.8438,0.1397
RNG(-0.2),2.11,2,0.8719,0.357
RNG(-0.2),2.15,1,0.8438,0.0
RNG(-0.2),2.16,1,0.8438,0.0
RNG(-0.2),2.2,1,0.8438,0.0
RNG(-0.2),2.21,1,0.8443,0.0
RNG(-0.2),2.23,3,0.8439,0.1397
RNG(-0.2),2.25,3,0.8439,0.1397
RNG(-0.2),2.28,2,0.8727,0.3602
RNG(-0.2),2.32,3,0.8443,0.141
RNG(-0.2),2.33,1,0.8443,0.0
RNG(-0.2),2.34,1,0.8443,0.0
RNG(-0.2),2.35,3,0.8443,0.141
RNG(-0.2),2.36,2,0.8732,0.3672
RNG(-0.2),2.38,1,0.8443,0.0
RNG(-0.2),2.4,2,0.8737,0.3736
RNG(-0.2),2.41,2,0.8742,0.3806
RNG(-0.2),2.42,3,0.8453,0.145
RNG(-0.2),2.43,2,0.8159,0.3609
RNG(-0.2),2.44,3,0.8453,0.145
RNG(-0.2),2.45,2,0.8742,0.3806
RNG(-0.2),2.47,3,0.8453,0.145
RNG(-0.2),2.5,3,0.8453,0.145
RNG(-0.2),2.51,3,0.8453,0.145
RNG(-0.2),2.52,3,0.8453,0.145
RNG(-0.2),2.53,2,0.8742,0.3806
RNG(-0.2),2.54,3,0.8453,0.145
RNG(-0.2),2.56,2,0.8159,0.3609
RNG(-0.2),2.57,2,0.8159,0.3609
RNG(-0.2),2.58,2,0.8742,0.3806
RNG(-0.2),2.63,1,0.8443,0.0
RNG(-0.2),2.64,3,0.8453,0.145
RNG(-0.2),2.65,1,0.8443,0.0
RNG(-0.2),2.66,2,0.8159,0.3609
RNG(-0.2),2.68,1,0.8443,0.0
RNG(-0.2),2.69,2,0.8748,0.3869
RNG(-0.2),2.71,1,0.8443,0.0
RNG(-0.2),2.73,3,0.8457,0.1462
RNG(-0.2),2.76,1,0.8464,0.0
RNG(-0.2),2.77,2,0.8763,0.3799
RNG(-0.2),2.78,3,0.8467,0.1474
RNG(-0.2),2.81,1,0.8464,0.0
RNG(-0.2),2.84,2,0.8769,0.3869
RNG(-0.2),2.89,1,0.8464,0.0
RNG(-0.2),2.91,2,0.8769,0.3869
RNG(-0.2),2.96,2,0.8769,0.3869
RNG(-0.2),3.0,1,0.8464,0.0
RNG(-0.2),3.04,1,0.8443,0.0
RNG(-0.2),3.05,2,0.8758,0.4002
RNG(-0.2),3.07,2,0.8758,0.4002
RNG(-0.2),3.09,2,0.8159,0.3609
RNG(-0.2),3.13,2,0.8159,0.3609
RNG(-0.2),3.14,2,0.8758,0.4002
RNG(-0.2),3.15,2,0.8758,0.4002
RNG(-0.2),3.17,2,0.8758,0.4002
RNG(-0.2),3.18,2,0.8159,0.3609
RNG(-0.2),3.19,2,0.8758,0.4002
RNG(-0.2),3.21,1,0.8443,0.0
RNG(-0.2),3.23,1,0.8443,0.0
RNG(-0.2),3.28,2,0.8747,0.4136
RNG(-0.2),3.32,2,0.8758,0.4002
RNG(-0.2),3.35,2,0.8758,0.4002
RNG(-0.2),3.37,2,0.8149,0.3742
RNG(-0.2),3.41,3,0.845,0.1515
RNG(-0.2),3.42,2,0.8127,0.3742
RNG(-0.2),3.43,2,0.8127,0.3742
RNG(-0.2),3.44,3,0.8436,0.1542
RNG(-0.2),3.45,2,0.8117,0.3609
RNG(-0.2),3.47,2,0.8117,0.3609
RNG(-0.2),3.5,3,0.8436,0.1542
RNG(-0.2),3.53,3,0.8436,0.1542
RNG(-0.2),3.54,1,0.8401,0.0
RNG(-0.2),3.58,3,0.8436,0.1542
RNG(-0.2),3.59,3,0.8429,0.1544
RNG(-0.2),3.6,1,0.838,0.0
RNG(-0.2),3.62,3,0.8429,0.1544
RNG(-0.2),3.63,2,0.8726,0.4403
RNG(-0.2),3.64,2,0.8106,0.3475
RNG(-0.2),3.66,1,0.838,0.0
RNG(-0.2),3.67,2,0.8106,0.3475
RNG(-0.2),3.68,1,0.838,0.0
RNG(-0.2),3.69,3,0.8429,0.1544
RNG(-0.2),3.7,2,0.8106,0.3475
RNG(-0.2),3.72,3,0.8429,0.1544
RNG(-0.2),3.73,3,0.8429,0.1544
RNG(-0.2),3.75,3,0.8443,0.1494
RNG(-0.2),3.77,2,0.8127,0.3208
RNG(-0.2),3.78,2,0.8127,0.3208
RNG(-0.2),3.8,3,0.8436,0.1497
RNG(-0.2),3.82,3,0.8436,0.1497
RNG(-0.2),3.84,2,0.8716,0.4536
RNG(-0.2),3.87,2,0.8117,0.3075
RNG(-0.2),3.89,2,0.8716,0.4536
RNG(-0.2),3.9,2,0.8716,0.4536
RNG(-0.2),3.91,3,0.8436,0.1497
RNG(-0.2),3.92,2,0.8716,0.4536
RNG(-0.2),3.94,2,0.8716,0.4536
RNG(-0.2),3.95,3,0.8436,0.1497
RNG(-0.2),3.98,3,0.8436,0.1497
RNG(-0.2),4.01,2,0.8127,0.2941
RNG(-0.2),4.02,3,0.8443,0.1473
RNG(-0.2),4.03,3,0.8443,0.1473
RNG(-0.2),4.04,2,0.8117,0.3075
RNG(-0.2),4.06,2,0.8107,0.2948
RNG(-0.2),4.08,3,0.8429,0.1501
RNG(-0.2),4.1,3,0.8429,0.1501
RNG(-0.2),4.11,3,0.8429,0.1501
RNG(-0.2),4.12,2,0.8696,0.4797
RNG(-0.2),4.13,2,0.8086,0.2948
RNG(-0.2),4.14,2,0.8086,0.2948
RNG(-0.2),4.17,3,0.8415,0.1528
RNG(-0.2),4.19,3,0.8408,0.1552
RNG(-0.2),4.2,2,0.8696,0.4797
RNG(-0.2),4.21,3,0.8408,0.1552
RNG(-0.2),4.24,2,0.8706,0.493
RNG(-0.2),4.26,2,0.8075,0.3081
RNG(-0.2),4.28,3,0.8415,0.158
RNG(-0.2),4.29,3,0.8415,0.158
RNG(-0.2),4.32,1,0.8318,0.0
RNG(-0.2),4.33,1,0.8318,0.0
RNG(-0.2),4.34,3,0.8415,0.158
RNG(-0.2),4.38,1,0.8318,0.0
RNG(-0.2),4.4,2,0.8706,0.493
RNG(-0.2),4.41,1,0.8318,0.0
RNG(-0.2),4.43,2,0.8075,0.3081
RNG(-0.2),4.44,2,0.8696,0.5063
RNG(-0.2),4.45,3,0.8387,0.1635
RNG(-0.2),4.46,2,0.8675,0.533
RNG(-0.2),4.49,3,0.838,0.1639
RNG(-0.2),4.52,3,0.838,0.1639
RNG(-0.2),4.53,2,0.8024,0.2941
RNG(-0.2),4.55,1,0.8255,0.0
RNG(-0.2),4.57,3,0.838,0.1639
RNG(-0.2),4.58,3,0.838,0.1639
RNG(-0.2),4.64,3,0.838,0.1639
RNG(-0.2),4.65,3,0.838,0.1639
RNG(-0.2),4.67,2,0.8024,0.2941
RNG(-0.2),4.68,2,0.8675,0.533
RNG(-0.2),4.71,3,0.838,0.1639
RNG(-0.2),4.75,1,0.8255,0.0
RNG(-0.2),4.77,1,0.8255,0.0
RNG(-0.2),4.78,1,0.8255,0.0
RNG(-0.2),4.81,2,0.8024,0.2941
RNG(-0.2),4.85,1,0.8255,0.0
RNG(-0.2),4.86,2,0.8675,0.533
RNG(-0.2),4.9,3,0.838,0.1639
RNG(-0.2),4.91,1,0.8255,0.0
RNG(-0.2),4.94,1,0.8255,0.0
RNG(-0.2),4.97,2,0.8675,0.533
RNG(-0.2),5.01,1,0.8255,0.0
RNG(-0.2),5.03,3,0.838,0.1639
RNG(-0.2),5.09,1,0.8255,0.0
RNG(-0.2),5.2,1,0.8276,0.0
RNG(-0.2),5.23,2,0.8034,0.3075
RNG(-0.2),5.24,1,0.8276,0.0
RNG(-0.2),5.32,3,0.8387,0.1635
RNG(-0.2),5.34,1,0.8276,0.0
RNG(-0.2),5.35,1,0.8276,0.0
RNG(-0.1),1.03,3,0.8333,0.1368
RNG(-0.1),1.04,3,0.8333,0.1368
RNG(-0.1),1.05,2,0.8051,0.3196
RNG(-0.1),1.06,2,0.8054,0.3151
RNG(-0.1),1.07,3,0.8336,0.136
RNG(-0.1),1.08,3,0.8336,0.136
RNG(-0.1),1.09,3,0.8336,0.136
RNG(-0.1),1.1,3,0.8336,0.136
RNG(-0.1),1.11,3,0.8336,0.136
RNG(-0.1),1.12,3,0.8336,0.136
RNG(-0.1),1.13,3,0.8336,0.136
RNG(-0.1),1.14,3,0.8339,0.1374
RNG(-0.1),1.15,3,0.8346,0.1401
RNG(-0.1),1.16,3,0.8346,0.1401
RNG(-0.1),1.17,3,0.8353,0.1399
RNG(-0.1),1.18,3,0.8353,0.1399
RNG(-0.1),1.19,3,0.8357,0.1398
RNG(-0.1),1.2,3,0.8364,0.1386
RNG(-0.1),1.21,3,0.8364,0.1386
RNG(-0.1),1.22,3,0.8364,0.1386
RNG(-0.1),1.23,3,0.8374,0.1373
RNG(-0.1),1.24,3,0.8378,0.1359
RNG(-0.1),1.25,2,0.8101,0.3354
RNG(-0.1),1.26,2,0.8101,0.3354
RNG(-0.1),1.27,2,0.8106,0.3291
RNG(-0.1),1.28,2,0.8106,0.3291
RNG(-0.1),1.29,3,0.8381,0.1347
RNG(-0.1),1.3,2,0.8106,0.3291
RNG(-0.1),1.31,2,0.8648,0.3596
RNG(-0.1),1.32,3,0.8381,0.1347
RNG(-0.1),1.34,2,0.8648,0.3596
RNG(-0.1),1.35,2,0.8648,0.3596
RNG(-0.1),1.36,3,0.8381,0.1347
RNG(-0.1),1.37,2,0.8648,0.3596
RNG(-0.1),1.38,2,0.8653,0.3532
RNG(-0.1),1.39,3,0.8388,0.1359
RNG(-0.1),1.4,2,0.8111,0.3354
RNG(-0.1),1.41,3,0.8388,0.1359
RNG(-0.1),1.42,3,0.8388,0.1359
RNG(-0.1),1.43,3,0.8384,0.1359
RNG(-0.1),1.45,3,0.8381,0.136
RNG(-0.1),1.51,2,0.8648,0.3729
RNG(-0.1),1.52,2,0.8648,0.3729
RNG(-0.1),1.55,2,0.8103,0.3253
RNG(-0.1),1.57,3,0.8382,0.136
RNG(-0.1),1.59,2,0.8103,0.3253
RNG(-0.1),1.6,1,0.8349,0.0
RNG(-0.1),1.63,1,0.8349,0.0
RNG(-0.1),1.64,3,0.8379,0.136
RNG(-0.1),1.65,2,0.8098,0.3189
RNG(-0.1),1.69,2,0.8087,0.3323
RNG(-0.1),1.73,2,0.8637,0.3596
RNG(-0.1),1.78,2,0.809,0.3354
RNG(-0.1),1.8,1,0.8354,0.0
RNG(-0.1),1.84,2,0.8642,0.3666
RNG(-0.1),1.85,1,0.8354,0.0
RNG(-0.1),1.86,1,0.8354,0.0
RNG(-0.1),1.88,3,0.8374,0.1386
RNG(-0.1),1.9,1,0.8354,0.0
RNG(-0.1),1.92,1,0.8354,0.0
RNG(-0.1),1.93,1,0.8354,0.0
RNG(-0.1),1.94,1,0.8354,0.0
RNG(-0.1),1.96,1,0.8354,0.0
RNG(-0.1),1.97,1,0.8354,0.0
RNG(-0.1),1.99,2,0.8648,0.3729
RNG(-0.1),2.01,2,0.809,0.3354
RNG(-0.1),2.03,3,0.8371,0.1377
RNG(-0.1),2.06,2,0.8649,0.3748
RNG(-0.1),2.08,3,0.8372,0.1398
RNG(-0.1),2.09,2,0.8649,0.3748
RNG(-0.1),2.1,3,0.8372,0.1398
RNG(-0.1),2.11,2,0.8649,0.3748
RNG(-0.1),2.15,1,0.8354,0.0
RNG(-0.1),2.16,1,0.8354,0.0
RNG(-0.1),2.2,1,0.8354,0.0
RNG(-0.1),2.21,1,0.8354,0.0
RNG(-0.1),2.23,3,0.8366,0.1373
RNG(-0.1),2.25,3,0.8366,0.1373
RNG(-0.1),2.28,2,0.8639,0.3621
RNG(-0.1),2.32,3,0.8366,0.1373
RNG(-0.1),2.33,1,0.8354,0.0
RNG(-0.1),2.34,1,0.8354,0.0
RNG(-0.1),2.35,3,0.8366,0.1373
RNG(-0.1),2.36,2,0.8639,0.3621
RNG(-0.1),2.38,1,0.8354,0.0
RNG(-0.1),2.4,2,0.8639,0.3621
RNG(-0.1),2.41,2,0.8615,0.331
RNG(-0.1),2.42,3,0.8349,0.1312
RNG(-0.1),2.43,2,0.8087,0.3399
RNG(-0.1),2.44,3,0.8347,0.132
RNG(-0.1),2.45,2,0.8615,0.331
RNG(-0.1),2.47,3,0.8347,0.132
RNG(-0.1),2.5,3,0.8347,0.132
RNG(-0.1),2.51,3,0.8347,0.132
RNG(-0.1),2.52,3,0.8347,0.132
RNG(-0.1),2.53,2,0.8615,0.331
RNG(-0.1),2.54,3,0.8347,0.132
RNG(-0.1),2.56,2,0.8083,0.3443
RNG(-0.1),2.57,2,0.8083,0.3443
RNG(-0.1),2.58,2,0.8615,0.331
RNG(-0.1),2.63,1,0.8354,0.0
RNG(-0.1),2.64,3,0.8347,0.132
RNG(-0.1),2.65,1,0.8354,0.0
RNG(-0.1),2.66,2,0.8083,0.3443
RNG(-0.1),2.68,1,0.8354,0.0
RNG(-0.1),2.69,2,0.8615,0.331
RNG(-0.1),2.71,1,0.8354,0.0
RNG(-0.1),2.73,3,0.8347,0.132
RNG(-0.1),2.76,1,0.8354,0.0
RNG(-0.1),2.77,2,0.8619,0.3373
RNG(-0.1),2.78,3,0.834,0.1295
RNG(-0.1),2.81,1,0.8354,0.0
RNG(-0.1),2.84,2,0.8604,0.3177
RNG(-0.1),2.89,1,0.8354,0.0
RNG(-0.1),2.91,2,0.8604,0.3177
RNG(-0.1),2.96,2,0.8604,0.3177
RNG(-0.1),3.0,1,0.8354,0.0
RNG(-0.1),3.04,1,0.8333,0.0
RNG(-0.1),3.05,2,0.8583,0.3177
RNG(-0.1),3.07,2,0.8583,0.3177
RNG(-0.1),3.09,2,0.8063,0.3437
RNG(-0.1),3.13,2,0.8063,0.3437
RNG(-0.1),3.14,2,0.8583,0.3177
RNG(-0.1),3.15,2,0.8583,0.3177
RNG(-0.1),3.17,2,0.8573,0.3304
RNG(-0.1),3.18,2,0.8053,0.331
RNG(-0.1),3.19,2,0.8573,0.3304
RNG(-0.1),3.21,1,0.8313,0.0
RNG(-0.1),3.23,1,0.8313,0.0
RNG(-0.1),3.28,2,0.8559,0.3393
RNG(-0.1),3.32,2,0.857,0.3259
RNG(-0.1),3.35,2,0.857,0.3259
RNG(-0.1),3.37,2,0.8042,0.3443
RNG(-0.1),3.41,3,0.8296,0.131
RNG(-0.1),3.42,2,0.8021,0.3443
RNG(-0.1),3.43,2,0.8021,0.3443
RNG(-0.1),3.44,3,0.8282,0.1337
RNG(-0.1),3.45,2,0.8011,0.331
RNG(-0.1),3.47,2,0.8011,0.331
RNG(-0.1),3.5,3,0.8282,0.1337
RNG(-0.1),3.53,3,0.8282,0.1337
RNG(-0.1),3.54,1,0.8271,0.0
RNG(-0.1),3.58,3,0.8282,0.1337
RNG(-0.1),3.59,3,0.8275,0.1338
RNG(-0.1),3.6,1,0.825,0.0
RNG(-0.1),3.62,3,0.8275,0.1338
RNG(-0.1),3.63,2,0.8528,0.3532
RNG(-0.1),3.64,2,0.8,0.3177
RNG(-0.1),3.66,1,0.825,0.0
RNG(-0.1),3.67,2,0.8,0.3177
RNG(-0.1),3.68,1,0.825,0.0
RNG(-0.1),3.69,3,0.8269,0.1312
RNG(-0.1),3.7,2,0.8,0.3177
RNG(-0.1),3.72,3,0.8269,0.1312
RNG(-0.1),3.73,3,0.8269,0.1312
RNG(-0.1),3.75,3,0.8276,0.1235
RNG(-0.1),3.77,2,0.8021,0.291
RNG(-0.1),3.78,2,0.8021,0.291
RNG(-0.1),3.8,3,0.8262,0.1209
RNG(-0.1),3.82,3,0.8262,0.1209
RNG(-0.1),3.84,2,0.8497,0.3399
RNG(-0.1),3.87,2,0.8011,0.2776
RNG(-0.1),3.89,2,0.8497,0.3399
RNG(-0.1),3.9,2,0.8497,0.3399
RNG(-0.1),3.91,3,0.8262,0.1209
RNG(-0.1),3.92,2,0.8497,0.3399
RNG(-0.1),3.94,2,0.8497,0.3399
RNG(-0.1),3.95,3,0.8268,0.1185
RNG(-0.1),3.98,3,0.8257,0.1209
RNG(-0.1),4.01,2,0.8017,0.2687
RNG(-0.1),4.02,3,0.8264,0.1184
RNG(-0.1),4.03,3,0.8264,0.1184
RNG(-0.1),4.04,2,0.8007,0.2821
RNG(-0.1),4.06,2,0.7996,0.2687
RNG(-0.1),4.08,3,0.825,0.1211
RNG(-0.1),4.1,3,0.825,0.1211
RNG(-0.1),4.11,3,0.825,0.1211
RNG(-0.1),4.12,2,0.8472,0.3621
RNG(-0.1),4.13,2,0.7975,0.2687
RNG(-0.1),4.14,2,0.7975,0.2687
RNG(-0.1),4.17,3,0.8229,0.1211
RNG(-0.1),4.19,3,0.8222,0.1236
RNG(-0.1),4.2,2,0.8461,0.3488
RNG(-0.1),4.21,3,0.8222,0.1236
RNG(-0.1),4.24,2,0.8461,0.3488
RNG(-0.1),4.26,2,0.7954,0.2954
RNG(-0.1),4.28,3,0.8208,0.1286
RNG(-0.1),4.29,3,0.8208,0.1286
RNG(-0.1),4.32,1,0.8187,0.0
RNG(-0.1),4.33,1,0.8187,0.0
RNG(-0.1),4.34,3,0.8208,0.1286
RNG(-0.1),4.38,1,0.8187,0.0
RNG(-0.1),4.4,2,0.8461,0.3488
RNG(-0.1),4.41,1,0.8187,0.0
RNG(-0.1),4.43,2,0.7944,0.3088
RNG(-0.1),4.44,2,0.8452,0.3615
RNG(-0.1),4.45,3,0.8181,0.1339
RNG(-0.1),4.46,2,0.8431,0.3882
RNG(-0.1),4.49,3,0.8174,0.1341
RNG(-0.1),4.52,3,0.8167,0.1313
RNG(-0.1),4.53,2,0.7893,0.2954
RNG(-0.1),4.55,1,0.8104,0.0
RNG(-0.1),4.57,3,0.8153,0.1341
RNG(-0.1),4.58,3,0.8153,0.1341
RNG(-0.1),4.64,3,0.8153,0.1341
RNG(-0.1),4.65,3,0.8153,0.1341
RNG(-0.1),4.67,2,0.7872,0.2954
RNG(-0.1),4.68,2,0.8389,0.3621
RNG(-0.1),4.71,3,0.8139,0.1288
RNG(-0.1),4.75,1,0.8104,0.0
RNG(-0.1),4.77,1,0.8104,0.0
RNG(-0.1),4.78,1,0.8104,0.0
RNG(-0.1),4.81,2,0.7872,0.2954
RNG(-0.1),4.85,1,0.8104,0.0
RNG(-0.1),4.86,2,0.8389,0.3621
RNG(-0.1),4.9,3,0.8132,0.1261
RNG(-0.1),4.91,1,0.8104,0.0
RNG(-0.1),4.94,1,0.8104,0.0
RNG(-0.1),4.97,2,0.8378,0.3488
RNG(-0.1),5.01,1,0.8104,0.0
RNG(-0.1),5.03,3,0.8139,0.1236
RNG(-0.1),5.09,1,0.8104,0.0
RNG(-0.1),5.2,1,0.8125,0.0
RNG(-0.1),5.23,2,0.7893,0.2954
RNG(-0.1),5.24,1,0.8125,0.0
RNG(-0.1),5.32,3,0.8146,0.1234
RNG(-0.1),5.34,1,0.8125,0.0
RNG(-0.1),5.35,1,0.8104,0.0
RNG(-0.05),1.03,3,0.8333,0.1368
RNG(-0.05),1.04,3,0.8333,0.1368
RNG(-0.05),1.05,2,0.8051,0.3196
RNG(-0.05),1.06,2,0.8054,0.3151
RNG(-0.05),1.07,3,0.8336,0.136
RNG(-0.05),1.08,3,0.8336,0.136
RNG(-0.05),1.09,3,0.8336,0.136
RNG(-0.05),1.1,3,0.8336,0.136
RNG(-0.05),1.11,3,0.8336,0.136
RNG(-0.05),1.12,3,0.8336,0.136
RNG(-0.05),1.13,3,0.8336,0.136
RNG(-0.05),1.14,3,0.8339,0.1374
RNG(-0.05),1.15,3,0.8346,0.1401
RNG(-0.05),1.16,3,0.8346,0.1401
RNG(-0.05),1.17,3,0.8353,0.1399
RNG(-0.05),1.18,3,0.8353,0.1399
RNG(-0.05),1.19,3,0.8357,0.1398
RNG(-0.05),1.2,3,0.8364,0.1386
RNG(-0.05),1.21,3,0.8364,0.1386
RNG(-0.05),1.22,3,0.8364,0.1386
RNG(-0.05),1.23,3,0.8374,0.1373
RNG(-0.05),1.24,3,0.8378,0.1359
RNG(-0.05),1.25,2,0.8101,0.3354
RNG(-0.05),1.26,2,0.8101,0.3354
RNG(-0.05),1.27,2,0.8101,0.3354
RNG(-0.05),1.28,2,0.8101,0.3354
RNG(-0.05),1.29,3,0.8378,0.1359
RNG(-0.05),1.3,2,0.8101,0.3354
RNG(-0.05),1.31,2,0.8648,0.3596
RNG(-0.05),1.32,3,0.8371,0.136
RNG(-0.05),1.34,2,0.8638,0.3729
RNG(-0.05),1.35,2,0.8627,0.3863
RNG(-0.05),1.36,3,0.8364,0.1362
RNG(-0.05),1.37,2,0.8627,0.3863
RNG(-0.05),1.38,2,0.8632,0.3799
RNG(-0.05),1.39,3,0.837,0.1374
RNG(-0.05),1.4,2,0.8085,0.3151
RNG(-0.05),1.41,3,0.837,0.1374
RNG(-0.05),1.42,3,0.837,0.1374
RNG(-0.05),1.43,3,0.8374,0.1373
RNG(-0.05),1.45,3,0.837,0.1374
RNG(-0.05),1.51,2,0.8637,0.3863
RNG(-0.05),1.52,2,0.8637,0.3863
RNG(-0.05),1.55,2,0.8085,0.3151
RNG(-0.05),1.57,3,0.837,0.1374
RNG(-0.05),1.59,2,0.8085,0.3151
RNG(-0.05),1.6,1,0.8323,0.0
RNG(-0.05),1.63,1,0.8323,0.0
RNG(-0.05),1.64,3,0.8367,0.1375
RNG(-0.05),1.65,2,0.808,0.3088
RNG(-0.05),1.69,2,0.808,0.3088
RNG(-0.05),1.73,2,0.8624,0.3761
RNG(-0.05),1.78,2,0.8082,0.3119
RNG(-0.05),1.8,1,0.8328,0.0
RNG(-0.05),1.84,2,0.8614,0.3894
RNG(-0.05),1.85,1,0.8307,0.0
RNG(-0.05),1.86,1,0.8286,0.0
RNG(-0.05),1.88,3,0.8348,0.1352
RNG(-0.05),1.9,1,0.8281,0.0
RNG(-0.05),1.92,1,0.8281,0.0
RNG(-0.05),1.93,1,0.8281,0.0
RNG(-0.05),1.94,1,0.8281,0.0
RNG(-0.05),1.96,1,0.8281,0.0
RNG(-0.05),1.97,1,0.8281,0.0
RNG(-0.05),1.99,2,0.86,0.406
RNG(-0.05),2.01,2,0.8059,0.2821
RNG(-0.05),2.03,3,0.8344,0.1343
RNG(-0.05),2.06,2,0.8597,0.4015
RNG(-0.05),2.08,3,0.8341,0.1351
RNG(-0.05),2.09,2,0.8597,0.4015
RNG(-0.05),2.1,3,0.8341,0.1351
RNG(-0.05),2.11,2,0.8597,0.4015
RNG(-0.05),2.15,1,0.8281,0.0
RNG(-0.05),2.16,1,0.8281,0.0
RNG(-0.05),2.2,1,0.8281,0.0
RNG(-0.05),2.21,1,0.8281,0.0
RNG(-0.05),2.23,3,0.8341,0.1351
RNG(-0.05),2.25,3,0.8341,0.1351
RNG(-0.05),2.28,2,0.8597,0.4015
RNG(-0.05),2.32,3,0.8341,0.1351
RNG(-0.05),2.33,1,0.8281,0.0
RNG(-0.05),2.34,1,0.8281,0.0
RNG(-0.05),2.35,3,0.8341,0.1351
RNG(-0.05),2.36,2,0.8595,0.4047
RNG(-0.05),2.38,1,0.8276,0.0
RNG(-0.05),2.4,2,0.8592,0.4079
RNG(-0.05),2.41,2,0.8568,0.3774
RNG(-0.05),2.42,3,0.8322,0.129
RNG(-0.05),2.43,2,0.8051,0.2802
RNG(-0.05),2.44,3,0.8316,0.13
RNG(-0.05),2.45,2,0.8562,0.3844
RNG(-0.05),2.47,3,0.8316,0.13
RNG(-0.05),2.5,3,0.8316,0.13
RNG(-0.05),2.51,3,0.8316,0.13
RNG(-0.05),2.52,3,0.8316,0.13
RNG(-0.05),2.53,2,0.8562,0.3844
RNG(-0.05),2.54,3,0.8316,0.13
RNG(-0.05),2.56,2,0.8032,0.2649
RNG(-0.05),2.57,2,0.8032,0.2649
RNG(-0.05),2.58,2,0.8542,0.4104
RNG(-0.05),2.63,1,0.8219,0.0
RNG(-0.05),2.64,3,0.8302,0.1307
RNG(-0.05),2.65,1,0.8219,0.0
RNG(-0.05),2.66,2,0.8021,0.2516
RNG(-0.05),2.68,1,0.8219,0.0
RNG(-0.05),2.69,2,0.8542,0.4104
RNG(-0.05),2.71,1,0.8219,0.0
RNG(-0.05),2.73,3,0.8292,0.1281
RNG(-0.05),2.76,1,0.8208,0.0
RNG(-0.05),2.77,2,0.852,0.3971
RNG(-0.05),2.78,3,0.8285,0.1253
RNG(-0.05),2.81,1,0.8208,0.0
RNG(-0.05),2.84,2,0.8489,0.3577
RNG(-0.05),2.89,1,0.8208,0.0
RNG(-0.05),2.91,2,0.8489,0.3577
RNG(-0.05),2.96,2,0.8468,0.3577
RNG(-0.05),3.0,1,0.8187,0.0
RNG(-0.05),3.04,1,0.8167,0.0
RNG(-0.05),3.05,2,0.8454,0.364
RNG(-0.05),3.07,2,0.8454,0.364
RNG(-0.05),3.09,2,0.7992,0.223
RNG(-0.05),3.13,2,0.7992,0.223
RNG(-0.05),3.14,2,0.8454,0.364
RNG(-0.05),3.15,2,0.8454,0.364
RNG(-0.05),3.17,2,0.8443,0.3774
RNG(-0.05),3.18,2,0.7981,0.2097
RNG(-0.05),3.19,2,0.8443,0.3774
RNG(-0.05),3.21,1,0.8146,0.0
RNG(-0.05),3.23,1,0.8146,0.0
RNG(-0.05),3.28,2,0.8429,0.3863
RNG(-0.05),3.32,2,0.8439,0.3729
RNG(-0.05),3.35,2,0.8439,0.3729
RNG(-0.05),3.37,2,0.7971,0.223
RNG(-0.05),3.41,3,0.8218,0.1182
RNG(-0.05),3.42,2,0.795,0.223
RNG(-0.05),3.43,2,0.7939,0.2097
RNG(-0.05),3.44,3,0.8197,0.1216
RNG(-0.05),3.45,2,0.7929,0.1963
RNG(-0.05),3.47,2,0.7929,0.1963
RNG(-0.05),3.5,3,0.8183,0.1193
RNG(-0.05),3.53,3,0.8183,0.1193
RNG(-0.05),3.54,1,0.8063,0.0
RNG(-0.05),3.58,3,0.8183,0.1193
RNG(-0.05),3.59,3,0.8176,0.12
RNG(-0.05),3.6,1,0.8042,0.0
RNG(-0.05),3.62,3,0.8176,0.12
RNG(-0.05),3.63,2,0.8367,0.4123
RNG(-0.05),3.64,2,0.7908,0.1703
RNG(-0.05),3.66,1,0.8042,0.0
RNG(-0.05),3.67,2,0.7908,0.1703
RNG(-0.05),3.68,1,0.8042,0.0
RNG(-0.05),3.69,3,0.8169,0.1171
RNG(-0.05),3.7,2,0.7908,0.1703
RNG(-0.05),3.72,3,0.8169,0.1171
RNG(-0.05),3.73,3,0.8169,0.1171
RNG(-0.05),3.75,3,0.8183,0.1128
RNG(-0.05),3.77,2,0.7929,0.1436
RNG(-0.05),3.78,2,0.7929,0.1436
RNG(-0.05),3.8,3,0.8169,0.1107
RNG(-0.05),3.82,3,0.8169,0.1107
RNG(-0.05),3.84,2,0.8346,0.4123
RNG(-0.05),3.87,2,0.7918,0.1302
RNG(-0.05),3.89,2,0.8335,0.399
RNG(-0.05),3.9,2,0.8335,0.399
RNG(-0.05),3.91,3,0.8162,0.1078
RNG(-0.05),3.92,2,0.8335,0.399
RNG(-0.05),3.94,2,0.8335,0.399
RNG(-0.05),3.95,3,0.8169,0.1058
RNG(-0.05),3.98,3,0.8151,0.1048
RNG(-0.05),4.01,2,0.7926,0.1213
RNG(-0.05),4.02,3,0.8154,0.1031
RNG(-0.05),4.03,3,0.8147,0.1002
RNG(-0.05),4.04,2,0.791,0.1277
RNG(-0.05),4.06,2,0.79,0.115
RNG(-0.05),4.08,3,0.8133,0.1031
RNG(-0.05),4.1,3,0.8133,0.1031
RNG(-0.05),4.11,3,0.8133,0.1031
RNG(-0.05),4.12,2,0.8285,0.4015
RNG(-0.05),4.13,2,0.7868,0.1016
RNG(-0.05),4.14,2,0.7868,0.1016
RNG(-0.05),4.17,3,0.8105,0.104
RNG(-0.05),4.19,3,0.8091,0.1031
RNG(-0.05),4.2,2,0.8254,0.3882
RNG(-0.05),4.21,3,0.8091,0.1031
RNG(-0.05),4.24,2,0.8254,0.3882
RNG(-0.05),4.26,2,0.7848,0.1277
RNG(-0.05),4.28,3,0.8078,0.1072
RNG(-0.05),4.29,3,0.8078,0.1072
RNG(-0.05),4.32,1,0.7948,0.0
RNG(-0.05),4.33,1,0.7948,0.0
RNG(-0.05),4.34,3,0.8078,0.1072
RNG(-0.05),4.38,1,0.7948,0.0
RNG(-0.05),4.4,2,0.8222,0.3488
RNG(-0.05),4.41,1,0.7948,0.0
RNG(-0.05),4.43,2,0.7848,0.1277
RNG(-0.05),4.44,2,0.8212,0.3621
RNG(-0.05),4.45,3,0.8036,0.1023
RNG(-0.05),4.46,2,0.8191,0.3888
RNG(-0.05),4.49,3,0.8029,0.1031
RNG(-0.05),4.52,3,0.8022,0.1002
RNG(-0.05),4.53,2,0.7795,0.1144
RNG(-0.05),4.55,1,0.7885,0.0
RNG(-0.05),4.57,3,0.8015,0.1023
RNG(-0.05),4.58,3,0.8015,0.1023
RNG(-0.05),4.64,3,0.8015,0.1023
RNG(-0.05),4.65,3,0.8015,0.1023
RNG(-0.05),4.67,2,0.7795,0.1144
RNG(-0.05),4.68,2,0.818,0.3755
RNG(-0.05),4.71,3,0.8022,0.1002
RNG(-0.05),4.75,1,0.7885,0.0
RNG(-0.05),4.77,1,0.7885,0.0
RNG(-0.05),4.78,1,0.7885,0.0
RNG(-0.05),4.81,2,0.7795,0.1144
RNG(-0.05),4.85,1,0.7885,0.0
RNG(-0.05),4.86,2,0.818,0.3755
RNG(-0.05),4.9,3,0.8015,0.0973
RNG(-0.05),4.91,1,0.7885,0.0
RNG(-0.05),4.94,1,0.7885,0.0
RNG(-0.05),4.97,2,0.817,0.3621
RNG(-0.05),5.01,1,0.7885,0.0
RNG(-0.05),5.03,3,0.8036,0.0914
RNG(-0.05),5.09,1,0.7885,0.0
RNG(-0.05),5.2,1,0.7906,0.0
RNG(-0.05),5.23,2,0.7836,0.0883
RNG(-0.05),5.24,1,0.7906,0.0
RNG(-0.05),5.32,3,0.8043,0.0904
RNG(-0.05),5.34,1,0.7906,0.0
RNG(-0.05),5.35,1,0.7906,0.0
RNG(0),1.03,3,0.8333,0.1368
RNG(0),1.04,3,0.8333,0.1368
RNG(0),1.05,2,0.8051,0.3196
RNG(0),1.06,2,0.8054,0.3151
RNG(0),1.07,3,0.8336,0.136
RNG(0),1.08,3,0.8336,0.136
RNG(0),1.09,3,0.8336,0.136
RNG(0),1.1,3,0.8336,0.136
RNG(0),1.11,3,0.8336,0.136
RNG(0),1.12,3,0.8336,0.136
RNG(0),1.13,3,0.8336,0.136
RNG(0),1.14,3,0.8339,0.1374
RNG(0),1.15,3,0.8346,0.1401
RNG(0),1.16,3,0.8346,0.1401
RNG(0),1.17,3,0.8346,0.1401
RNG(0),1.18,3,0.8346,0.1401
RNG(0),1.19,3,0.835,0.14
RNG(0),1.2,3,0.835,0.14
RNG(0),1.21,3,0.835,0.14
RNG(0),1.22,3,0.835,0.14
RNG(0),1.23,3,0.835,0.14
RNG(0),1.24,3,0.835,0.14
RNG(0),1.25,2,0.8059,0.3221
RNG(0),1.26,2,0.8059,0.3221
RNG(0),1.27,2,0.8059,0.3221
RNG(0),1.28,2,0.8059,0.3221
RNG(0),1.29,3,0.835,0.14
RNG(0),1.3,2,0.8059,0.3221
RNG(0),1.31,2,0.8622,0.3926
RNG(0),1.32,3,0.8343,0.1402
RNG(0),1.34,2,0.8612,0.406
RNG(0),1.35,2,0.8601,0.4193
RNG(0),1.36,3,0.8336,0.1404
RNG(0),1.37,2,0.8601,0.4193
RNG(0),1.38,2,0.8606,0.413
RNG(0),1.39,3,0.8343,0.1416
RNG(0),1.4,2,0.8043,0.3018
RNG(0),1.41,3,0.8343,0.1416
RNG(0),1.42,3,0.8343,0.1416
RNG(0),1.43,3,0.8343,0.1416
RNG(0),1.45,3,0.8339,0.1417
RNG(0),1.51,2,0.8606,0.4257
RNG(0),1.52,2,0.8606,0.4257
RNG(0),1.55,2,0.8038,0.2954
RNG(0),1.57,3,0.8339,0.1417
RNG(0),1.59,2,0.8038,0.2954
RNG(0),1.6,1,0.826,0.0
RNG(0),1.63,1,0.826,0.0
RNG(0),1.64,3,0.8336,0.1419
RNG(0),1.65,2,0.8033,0.2884
RNG(0),1.69,2,0.8033,0.2884
RNG(0),1.73,2,0.86,0.4326
RNG(0),1.78,2,0.8033,0.2884
RNG(0),1.8,1,0.826,0.0
RNG(0),1.84,2,0.86,0.4326
RNG(0),1.85,1,0.826,0.0
RNG(0),1.86,1,0.826,0.0
RNG(0),1.88,3,0.8336,0.1419
RNG(0),1.9,1,0.826,0.0
RNG(0),1.92,1,0.826,0.0
RNG(0),1.93,1,0.826,0.0
RNG(0),1.94,1,0.826,0.0
RNG(0),1.96,1,0.826,0.0
RNG(0),1.97,1,0.826,0.0
RNG(0),1.99,2,0.86,0.4326
RNG(0),2.01,2,0.8033,0.2884
RNG(0),2.03,3,0.8333,0.141
RNG(0),2.06,2,0.8597,0.4282
RNG(0),2.08,3,0.8331,0.1418
RNG(0),2.09,2,0.8597,0.4282
RNG(0),2.1,3,0.8331,0.1418
RNG(0),2.11,2,0.8597,0.4282
RNG(0),2.15,1,0.826,0.0
RNG(0),2.16,1,0.826,0.0
RNG(0),2.2,1,0.826,0.0
RNG(0),2.21,1,0.826,0.0
RNG(0),2.23,3,0.8331,0.1418
RNG(0),2.25,3,0.8331,0.1418
RNG(0),2.28,2,0.8597,0.4282
RNG(0),2.32,3,0.8331,0.1418
RNG(0),2.33,1,0.826,0.0
RNG(0),2.34,1,0.826,0.0
RNG(0),2.35,3,0.8331,0.1418
RNG(0),2.36,2,0.8595,0.4314
RNG(0),2.38,1,0.8255,0.0
RNG(0),2.4,2,0.8587,0.4282
RNG(0),2.41,2,0.8583,0.4238
RNG(0),2.42,3,0.8322,0.1397
RNG(0),2.43,2,0.8024,0.2865
RNG(0),2.44,3,0.832,0.1405
RNG(0),2.45,2,0.8583,0.4238
RNG(0),2.47,3,0.832,0.1405
RNG(0),2.5,3,0.832,0.1405
RNG(0),2.51,3,0.832,0.1405
RNG(0),2.52,3,0.832,0.1405
RNG(0),2.53,2,0.8583,0.4238
RNG(0),2.54,3,0.832,0.1405
RNG(0),2.56,2,0.8021,0.291
RNG(0),2.57,2,0.8021,0.291
RNG(0),2.58,2,0.8583,0.4238
RNG(0),2.63,1,0.825,0.0
RNG(0),2.64,3,0.832,0.1405
RNG(0),2.65,1,0.825,0.0
RNG(0),2.66,2,0.8021,0.291
RNG(0),2.68,1,0.825,0.0
RNG(0),2.69,2,0.8583,0.4238
RNG(0),2.71,1,0.825,0.0
RNG(0),2.73,3,0.832,0.1405
RNG(0),2.76,1,0.825,0.0
RNG(0),2.77,2,0.8583,0.4238
RNG(0),2.78,3,0.8316,0.1391
RNG(0),2.81,1,0.825,0.0
RNG(0),2.84,2,0.8573,0.4104
RNG(0),2.89,1,0.825,0.0
RNG(0),2.91,2,0.8573,0.4104
RNG(0),2.96,2,0.8552,0.4104
RNG(0),3.0,1,0.8229,0.0
RNG(0),3.04,1,0.8208,0.0
RNG(0),3.05,2,0.8541,0.4238
RNG(0),3.07,2,0.8541,0.4238
RNG(0),3.09,2,0.8,0.2643
RNG(0),3.13,2,0.8,0.2643
RNG(0),3.14,2,0.8541,0.4238
RNG(0),3.15,2,0.8541,0.4238
RNG(0),3.17,2,0.8541,0.4238
RNG(0),3.18,2,0.8,0.2643
RNG(0),3.19,2,0.8541,0.4238
RNG(0),3.21,1,0.8208,0.0
RNG(0),3.23,1,0.8208,0.0
RNG(0),3.28,2,0.8531,0.4371
RNG(0),3.32,2,0.8541,0.4238
RNG(0),3.35,2,0.8541,0.4238
RNG(0),3.37,2,0.799,0.2776
RNG(0),3.41,3,0.8278,0.1385
RNG(0),3.42,2,0.7979,0.2643
RNG(0),3.43,2,0.7979,0.2643
RNG(0),3.44,3,0.8271,0.1389
RNG(0),3.45,2,0.7969,0.2516
RNG(0),3.47,2,0.7969,0.2516
RNG(0),3.5,3,0.8271,0.1389
RNG(0),3.53,3,0.8271,0.1389
RNG(0),3.54,1,0.8167,0.0
RNG(0),3.58,3,0.8271,0.1389
RNG(0),3.59,3,0.8264,0.1395
RNG(0),3.6,1,0.8146,0.0
RNG(0),3.62,3,0.8264,0.1395
RNG(0),3.63,2,0.85,0.4498
RNG(0),3.64,2,0.7958,0.2382
RNG(0),3.66,1,0.8146,0.0
RNG(0),3.67,2,0.7958,0.2382
RNG(0),3.68,1,0.8146,0.0
RNG(0),3.69,3,0.8257,0.1366
RNG(0),3.7,2,0.7958,0.2382
RNG(0),3.72,3,0.8257,0.1366
RNG(0),3.73,3,0.8257,0.1366
RNG(0),3.75,3,0.8271,0.1322
RNG(0),3.77,2,0.7979,0.2122
RNG(0),3.78,2,0.7979,0.2122
RNG(0),3.8,3,0.8257,0.1299
RNG(0),3.82,3,0.8257,0.1299
RNG(0),3.84,2,0.8479,0.4498
RNG(0),3.87,2,0.7969,0.1989
RNG(0),3.89,2,0.8479,0.4498
RNG(0),3.9,2,0.8479,0.4498
RNG(0),3.91,3,0.8257,0.1299
RNG(0),3.92,2,0.8479,0.4498
RNG(0),3.94,2,0.8479,0.4498
RNG(0),3.95,3,0.8264,0.1277
RNG(0),3.98,3,0.8252,0.1296
RNG(0),4.01,2,0.7975,0.19
RNG(0),4.02,3,0.8259,0.1275
RNG(0),4.03,3,0.8252,0.1248
RNG(0),4.04,2,0.7965,0.2027
RNG(0),4.06,2,0.7955,0.1893
RNG(0),4.08,3,0.8239,0.1275
RNG(0),4.1,3,0.8239,0.1275
RNG(0),4.11,3,0.8239,0.1275
RNG(0),4.12,2,0.8455,0.446
RNG(0),4.13,2,0.7944,0.2027
RNG(0),4.14,2,0.7944,0.2027
RNG(0),4.17,3,0.8225,0.1269
RNG(0),4.19,3,0.8211,0.1263
RNG(0),4.2,2,0.8434,0.4193
RNG(0),4.21,3,0.8211,0.1263
RNG(0),4.24,2,0.8434,0.4193
RNG(0),4.26,2,0.7923,0.2293
RNG(0),4.28,3,0.8197,0.1309
RNG(0),4.29,3,0.8197,0.1309
RNG(0),4.32,1,0.8104,0.0
RNG(0),4.33,1,0.8104,0.0
RNG(0),4.34,3,0.8197,0.1309
RNG(0),4.38,1,0.8104,0.0
RNG(0),4.4,2,0.8402,0.3793
RNG(0),4.41,1,0.8104,0.0
RNG(0),4.43,2,0.7923,0.2293
RNG(0),4.44,2,0.8392,0.3926
RNG(0),4.45,3,0.8155,0.1258
RNG(0),4.46,2,0.8372,0.4187
RNG(0),4.49,3,0.8148,0.1263
RNG(0),4.52,3,0.8141,0.1236
RNG(0),4.53,2,0.7872,0.2166
RNG(0),4.55,1,0.8042,0.0
RNG(0),4.57,3,0.8135,0.1258
RNG(0),4.58,3,0.8135,0.1258
RNG(0),4.64,3,0.8135,0.1258
RNG(0),4.65,3,0.8135,0.1258
RNG(0),4.67,2,0.7872,0.2166
RNG(0),4.68,2,0.834,0.3793
RNG(0),4.71,3,0.8127,0.1179
RNG(0),4.75,1,0.8042,0.0
RNG(0),4.77,1,0.8042,0.0
RNG(0),4.78,1,0.8042,0.0
RNG(0),4.81,2,0.7872,0.2166
RNG(0),4.85,1,0.8042,0.0
RNG(0),4.86,2,0.834,0.3793
RNG(0),4.9,3,0.8127,0.1179
RNG(0),4.91,1,0.8042,0.0
RNG(0),4.94,1,0.8042,0.0
RNG(0),4.97,2,0.834,0.3793
RNG(0),5.01,1,0.8042,0.0
RNG(0),5.03,3,0.8148,0.1111
RNG(0),5.09,1,0.8042,0.0
RNG(0),5.2,1,0.8063,0.0
RNG(0),5.23,2,0.7913,0.19
RNG(0),5.24,1,0.8063,0.0
RNG(0),5.32,3,0.8155,0.1105
RNG(0),5.34,1,0.8063,0.0
RNG(0),5.35,1,0.8063,0.0
RNG(0.05),1.03,3,0.8333,0.1368
RNG(0.05),1.04,3,0.8333,0.1368
RNG(0.05),1.05,2,0.8051,0.3196
RNG(0.05),1.06,2,0.8054,0.3151
RNG(0.05),1.07,3,0.8336,0.136
RNG(0.05),1.08,3,0.8336,0.136
RNG(0.05),1.09,3,0.8336,0.136
RNG(0.05),1.1,3,0.8336,0.136
RNG(0.05),1.11,3,0.8336,0.136
RNG(0.05),1.12,3,0.8336,0.136
RNG(0.05),1.13,3,0.8336,0.136
RNG(0.05),1.14,3,0.8339,0.1374
RNG(0.05),1.15,3,0.8343,0.1386
RNG(0.05),1.16,3,0.8343,0.1386
RNG(0.05),1.17,3,0.8343,0.1386
RNG(0.05),1.18,3,0.8343,0.1386
RNG(0.05),1.19,3,0.8346,0.1386
RNG(0.05),1.2,3,0.8346,0.1386
RNG(0.05),1.21,3,0.8346,0.1386
RNG(0.05),1.22,3,0.8346,0.1386
RNG(0.05),1.23,3,0.8353,0.1373
RNG(0.05),1.24,3,0.8353,0.1373
RNG(0.05),1.25,2,0.807,0.3221
RNG(0.05),1.26,2,0.807,0.3221
RNG(0.05),1.27,2,0.807,0.3221
RNG(0.05),1.28,2,0.807,0.3221
RNG(0.05),1.29,3,0.8353,0.1373
RNG(0.05),1.3,2,0.807,0.3221
RNG(0.05),1.31,2,0.8621,0.3793
RNG(0.05),1.32,3,0.8353,0.1373
RNG(0.05),1.34,2,0.8621,0.3793
RNG(0.05),1.35,2,0.8621,0.3793
RNG(0.05),1.36,3,0.8353,0.1373
RNG(0.05),1.37,2,0.8621,0.3793
RNG(0.05),1.38,2,0.8627,0.3729
RNG(0.05),1.39,3,0.836,0.1386
RNG(0.05),1.4,2,0.8075,0.3285
RNG(0.05),1.41,3,0.836,0.1386
RNG(0.05),1.42,3,0.836,0.1386
RNG(0.05),1.43,3,0.8364,0.1386
RNG(0.05),1.45,3,0.8364,0.1386
RNG(0.05),1.51,2,0.8638,0.3729
RNG(0.05),1.52,2,0.8638,0.3729
RNG(0.05),1.55,2,0.808,0.3354
RNG(0.05),1.57,3,0.8364,0.1386
RNG(0.05),1.59,2,0.808,0.3354
RNG(0.05),1.6,1,0.8344,0.0
RNG(0.05),1.63,1,0.8344,0.0
RNG(0.05),1.64,3,0.8364,0.1386
RNG(0.05),1.65,2,0.808,0.3354
RNG(0.05),1.69,2,0.808,0.3354
RNG(0.05),1.73,2,0.8638,0.3729
RNG(0.05),1.78,2,0.808,0.3354
RNG(0.05),1.8,1,0.8344,0.0
RNG(0.05),1.84,2,0.8638,0.3729
RNG(0.05),1.85,1,0.8344,0.0
RNG(0.05),1.86,1,0.8344,0.0
RNG(0.05),1.88,3,0.8364,0.1386
RNG(0.05),1.9,1,0.8344,0.0
RNG(0.05),1.92,1,0.8344,0.0
RNG(0.05),1.93,1,0.8344,0.0
RNG(0.05),1.94,1,0.8344,0.0
RNG(0.05),1.96,1,0.8344,0.0
RNG(0.05),1.97,1,0.8344,0.0
RNG(0.05),1.99,2,0.8638,0.3729
RNG(0.05),2.01,2,0.808,0.3354
RNG(0.05),2.03,3,0.8361,0.1377
RNG(0.05),2.06,2,0.8634,0.3685
RNG(0.05),2.08,3,0.8359,0.1385
RNG(0.05),2.09,2,0.8634,0.3685
RNG(0.05),2.1,3,0.8359,0.1385
RNG(0.05),2.11,2,0.8634,0.3685
RNG(0.05),2.15,1,0.8344,0.0
RNG(0.05),2.16,1,0.8344,0.0
RNG(0.05),2.2,1,0.8344,0.0
RNG(0.05),2.21,1,0.8344,0.0
RNG(0.05),2.23,3,0.8359,0.1385
RNG(0.05),2.25,3,0.8359,0.1385
RNG(0.05),2.28,2,0.8634,0.3685
RNG(0.05),2.32,3,0.8359,0.1385
RNG(0.05),2.33,1,0.8344,0.0
RNG(0.05),2.34,1,0.8344,0.0
RNG(0.05),2.35,3,0.8359,0.1385
RNG(0.05),2.36,2,0.8631,0.3717
RNG(0.05),2.38,1,0.8339,0.0
RNG(0.05),2.4,2,0.8631,0.3717
RNG(0.05),2.41,2,0.8628,0.3672
RNG(0.05),2.42,3,0.8355,0.1377
RNG(0.05),2.43,2,0.8074,0.3367
RNG(0.05),2.44,3,0.8353,0.1385
RNG(0.05),2.45,2,0.8628,0.3672
RNG(0.05),2.47,3,0.8353,0.1385
RNG(0.05),2.5,3,0.8353,0.1385
RNG(0.05),2.51,3,0.8353,0.1385
RNG(0.05),2.52,3,0.8353,0.1385
RNG(0.05),2.53,2,0.8628,0.3672
RNG(0.05),2.54,3,0.8353,0.1385
RNG(0.05),2.56,2,0.8071,0.3412
RNG(0.05),2.57,2,0.8071,0.3412
RNG(0.05),2.58,2,0.8628,0.3672
RNG(0.05),2.63,1,0.8339,0.0
RNG(0.05),2.64,3,0.8353,0.1385
RNG(0.05),2.65,1,0.8339,0.0
RNG(0.05),2.66,2,0.8071,0.3412
RNG(0.05),2.68,1,0.8339,0.0
RNG(0.05),2.69,2,0.8628,0.3672
RNG(0.05),2.71,1,0.8339,0.0
RNG(0.05),2.73,3,0.8353,0.1385
RNG(0.05),2.76,1,0.8339,0.0
RNG(0.05),2.77,2,0.8628,0.3672
RNG(0.05),2.78,3,0.8349,0.1371
RNG(0.05),2.81,1,0.8339,0.0
RNG(0.05),2.84,2,0.8622,0.3602
RNG(0.05),2.89,1,0.8339,0.0
RNG(0.05),2.91,2,0.8622,0.3602
RNG(0.05),2.96,2,0.8622,0.3602
RNG(0.05),3.0,1,0.8339,0.0
RNG(0.05),3.04,1,0.8318,0.0
RNG(0.05),3.05,2,0.8612,0.3736
RNG(0.05),3.07,2,0.8612,0.3736
RNG(0.05),3.09,2,0.806,0.3278
RNG(0.05),3.13,2,0.806,0.3278
RNG(0.05),3.14,2,0.8612,0.3736
RNG(0.05),3.15,2,0.8612,0.3736
RNG(0.05),3.17,2,0.8612,0.3736
RNG(0.05),3.18,2,0.806,0.3278
RNG(0.05),3.19,2,0.8612,0.3736
RNG(0.05),3.21,1,0.8318,0.0
RNG(0.05),3.23,1,0.8318,0.0
RNG(0.05),3.28,2,0.8601,0.3869
RNG(0.05),3.32,2,0.8612,0.3736
RNG(0.05),3.35,2,0.8612,0.3736
RNG(0.05),3.37,2,0.805,0.3412
RNG(0.05),3.41,3,0.8328,0.1399
RNG(0.05),3.42,2,0.8039,0.3278
RNG(0.05),3.43,2,0.8039,0.3278
RNG(0.05),3.44,3,0.8321,0.1401
RNG(0.05),3.45,2,0.8029,0.3145
RNG(0.05),3.47,2,0.8029,0.3145
RNG(0.05),3.5,3,0.8321,0.1401
RNG(0.05),3.53,3,0.8321,0.1401
RNG(0.05),3.54,1,0.8276,0.0
RNG(0.05),3.58,3,0.8321,0.1401
RNG(0.05),3.59,3,0.8321,0.1401
RNG(0.05),3.6,1,0.8276,0.0
RNG(0.05),3.62,3,0.8321,0.1401
RNG(0.05),3.63,2,0.8591,0.4002
RNG(0.05),3.64,2,0.8029,0.3145
RNG(0.05),3.66,1,0.8276,0.0
RNG(0.05),3.67,2,0.8029,0.3145
RNG(0.05),3.68,1,0.8276,0.0
RNG(0.05),3.69,3,0.8321,0.1401
RNG(0.05),3.7,2,0.8029,0.3145
RNG(0.05),3.72,3,0.8321,0.1401
RNG(0.05),3.73,3,0.8321,0.1401
RNG(0.05),3.75,3,0.8335,0.1351
RNG(0.05),3.77,2,0.805,0.2878
RNG(0.05),3.78,2,0.805,0.2878
RNG(0.05),3.8,3,0.8328,0.1354
RNG(0.05),3.82,3,0.8328,0.1354
RNG(0.05),3.84,2,0.858,0.4136
RNG(0.05),3.87,2,0.8039,0.2745
RNG(0.05),3.89,2,0.858,0.4136
RNG(0.05),3.9,2,0.858,0.4136
RNG(0.05),3.91,3,0.8328,0.1354
RNG(0.05),3.92,2,0.858,0.4136
RNG(0.05),3.94,2,0.858,0.4136
RNG(0.05),3.95,3,0.8335,0.133
RNG(0.05),3.98,3,0.8335,0.133
RNG(0.05),4.01,2,0.806,0.2478
RNG(0.05),4.02,3,0.8342,0.1306
RNG(0.05),4.03,3,0.8342,0.1306
RNG(0.05),4.04,2,0.806,0.2478
RNG(0.05),4.06,2,0.805,0.2344
RNG(0.05),4.08,3,0.8335,0.1311
RNG(0.05),4.1,3,0.8335,0.1311
RNG(0.05),4.11,3,0.8335,0.1311
RNG(0.05),4.12,2,0.857,0.4269
RNG(0.05),4.13,2,0.805,0.2344
RNG(0.05),4.14,2,0.805,0.2344
RNG(0.05),4.17,3,0.8335,0.1311
RNG(0.05),4.19,3,0.8328,0.1334
RNG(0.05),4.2,2,0.857,0.4269
RNG(0.05),4.21,3,0.8328,0.1334
RNG(0.05),4.24,2,0.857,0.4269
RNG(0.05),4.26,2,0.8029,0.2611
RNG(0.05),4.28,3,0.8314,0.1382
RNG(0.05),4.29,3,0.8314,0.1382
RNG(0.05),4.32,1,0.8234,0.0
RNG(0.05),4.33,1,0.8234,0.0
RNG(0.05),4.34,3,0.8314,0.1382
RNG(0.05),4.38,1,0.8234,0.0
RNG(0.05),4.4,2,0.8539,0.3875
RNG(0.05),4.41,1,0.8234,0.0
RNG(0.05),4.43,2,0.8029,0.2611
RNG(0.05),4.44,2,0.8529,0.4002
RNG(0.05),4.45,3,0.828,0.1328
RNG(0.05),4.46,2,0.8518,0.4136
RNG(0.05),4.49,3,0.8273,0.1331
RNG(0.05),4.52,3,0.8273,0.1331
RNG(0.05),4.53,2,0.7987,0.2617
RNG(0.05),4.55,1,0.8193,0.0
RNG(0.05),4.57,3,0.8266,0.1355
RNG(0.05),4.58,3,0.8266,0.1355
RNG(0.05),4.64,3,0.8266,0.1355
RNG(0.05),4.65,3,0.8266,0.1355
RNG(0.05),4.67,2,0.7987,0.2617
RNG(0.05),4.68,2,0.8518,0.4136
RNG(0.05),4.71,3,0.8273,0.1331
RNG(0.05),4.75,1,0.8193,0.0
RNG(0.05),4.77,1,0.8193,0.0
RNG(0.05),4.78,1,0.8193,0.0
RNG(0.05),4.81,2,0.7987,0.2617
RNG(0.05),4.85,1,0.8193,0.0
RNG(0.05),4.86,2,0.8518,0.4136
RNG(0.05),4.9,3,0.8273,0.1331
RNG(0.05),4.91,1,0.8193,0.0
RNG(0.05),4.94,1,0.8193,0.0
RNG(0.05),4.97,2,0.8518,0.4136
RNG(0.05),5.01,1,0.8193,0.0
RNG(0.05),5.03,3,0.828,0.1308
RNG(0.05),5.09,1,0.8193,0.0
RNG(0.05),5.2,1,0.8214,0.0
RNG(0.05),5.23,2,0.8008,0.2617
RNG(0.05),5.24,1,0.8214,0.0
RNG(0.05),5.32,3,0.8287,0.1304
RNG(0.05),5.34,1,0.8214,0.0
RNG(0.05),5.35,1,0.8214,0.0
RNG(0.1),1.03,3,0.8333,0.1368
RNG(0.1),1.04,3,0.8333,0.1368
RNG(0.1),1.05,2,0.8051,0.3196
RNG(0.1),1.06,2,0.8054,0.3151
RNG(0.1),1.07,3,0.8336,0.136
RNG(0.1),1.08,3,0.8336,0.136
RNG(0.1),1.09,3,0.8336,0.136
RNG(0.1),1.1,3,0.8336,0.136
RNG(0.1),1.11,3,0.8336,0.136
RNG(0.1),1.12,3,0.8336,0.136
RNG(0.1),1.13,3,0.8336,0.136
RNG(0.1),1.14,3,0.8339,0.1374
RNG(0.1),1.15,3,0.8343,0.1386
RNG(0.1),1.16,3,0.8343,0.1386
RNG(0.1),1.17,3,0.8343,0.1386
RNG(0.1),1.18,3,0.8343,0.1386
RNG(0.1),1.19,3,0.8346,0.1386
RNG(0.1),1.2,3,0.8346,0.1386
RNG(0.1),1.21,3,0.8346,0.1386
RNG(0.1),1.22,3,0.8346,0.1386
RNG(0.1),1.23,3,0.8353,0.1373
RNG(0.1),1.24,3,0.8353,0.1373
RNG(0.1),1.25,2,0.807,0.3221
RNG(0.1),1.26,2,0.807,0.3221
RNG(0.1),1.27,2,0.8075,0.3157
RNG(0.1),1.28,2,0.8075,0.3157
RNG(0.1),1.29,3,0.8356,0.1361
RNG(0.1),1.3,2,0.8075,0.3157
RNG(0.1),1.31,2,0.8621,0.3793
RNG(0.1),1.32,3,0.8356,0.1361
RNG(0.1),1.34,2,0.8621,0.3793
RNG(0.1),1.35,2,0.8621,0.3793
RNG(0.1),1.36,3,0.8356,0.1361
RNG(0.1),1.37,2,0.8621,0.3793
RNG(0.1),1.38,2,0.8627,0.3729
RNG(0.1),1.39,3,0.8363,0.1374
RNG(0.1),1.4,2,0.8079,0.3221
RNG(0.1),1.41,3,0.8363,0.1374
RNG(0.1),1.42,3,0.8363,0.1374
RNG(0.1),1.43,3,0.8367,0.1373
RNG(0.1),1.45,3,0.8367,0.1373
RNG(0.1),1.51,2,0.8638,0.3729
RNG(0.1),1.52,2,0.8638,0.3729
RNG(0.1),1.55,2,0.8085,0.3291
RNG(0.1),1.57,3,0.8367,0.1373
RNG(0.1),1.59,2,0.8085,0.3291
RNG(0.1),1.6,1,0.8344,0.0
RNG(0.1),1.63,1,0.8344,0.0
RNG(0.1),1.64,3,0.8367,0.1373
RNG(0.1),1.65,2,0.8085,0.3291
RNG(0.1),1.69,2,0.8085,0.3291
RNG(0.1),1.73,2,0.8638,0.3729
RNG(0.1),1.78,2,0.8085,0.3291
RNG(0.1),1.8,1,0.8344,0.0
RNG(0.1),1.84,2,0.8638,0.3729
RNG(0.1),1.85,1,0.8344,0.0
RNG(0.1),1.86,1,0.8344,0.0
RNG(0.1),1.88,3,0.8367,0.1373
RNG(0.1),1.9,1,0.8344,0.0
RNG(0.1),1.92,1,0.8344,0.0
RNG(0.1),1.93,1,0.8344,0.0
RNG(0.1),1.94,1,0.8344,0.0
RNG(0.1),1.96,1,0.8344,0.0
RNG(0.1),1.97,1,0.8344,0.0
RNG(0.1),1.99,2,0.8638,0.3729
RNG(0.1),2.01,2,0.8085,0.3291
RNG(0.1),2.03,3,0.8365,0.1365
RNG(0.1),2.06,2,0.8634,0.3685
RNG(0.1),2.08,3,0.8362,0.1373
RNG(0.1),2.09,2,0.8634,0.3685
RNG(0.1),2.1,3,0.8362,0.1373
RNG(0.1),2.11,2,0.8634,0.3685
RNG(0.1),2.15,1,0.8344,0.0
RNG(0.1),2.16,1,0.8344,0.0
RNG(0.1),2.2,1,0.8344,0.0
RNG(0.1),2.21,1,0.8344,0.0
RNG(0.1),2.23,3,0.8362,0.1373
RNG(0.1),2.25,3,0.8362,0.1373
RNG(0.1),2.28,2,0.8634,0.3685
RNG(0.1),2.32,3,0.8362,0.1373
RNG(0.1),2.33,1,0.8344,0.0
RNG(0.1),2.34,1,0.8344,0.0
RNG(0.1),2.35,3,0.8362,0.1373
RNG(0.1),2.36,2,0.8634,0.3685
RNG(0.1),2.38,1,0.8344,0.0
RNG(0.1),2.4,2,0.8634,0.3685
RNG(0.1),2.41,2,0.8634,0.3685
RNG(0.1),2.42,3,0.8362,0.1373
RNG(0.1),2.43,2,0.8082,0.3335
RNG(0.1),2.44,3,0.8362,0.1373
RNG(0.1),2.45,2,0.8634,0.3685
RNG(0.1),2.47,3,0.8362,0.1373
RNG(0.1),2.5,3,0.8362,0.1373
RNG(0.1),2.51,3,0.8362,0.1373
RNG(0.1),2.52,3,0.8362,0.1373
RNG(0.1),2.53,2,0.8634,0.3685
RNG(0.1),2.54,3,0.8362,0.1373
RNG(0.1),2.56,2,0.8082,0.3335
RNG(0.1),2.57,2,0.8082,0.3335
RNG(0.1),2.58,2,0.8634,0.3685
RNG(0.1),2.63,1,0.8344,0.0
RNG(0.1),2.64,3,0.8362,0.1373
RNG(0.1),2.65,1,0.8344,0.0
RNG(0.1),2.66,2,0.8082,0.3335
RNG(0.1),2.68,1,0.8344,0.0
RNG(0.1),2.69,2,0.8634,0.3685
RNG(0.1),2.71,1,0.8344,0.0
RNG(0.1),2.73,3,0.8362,0.1373
RNG(0.1),2.76,1,0.8344,0.0
RNG(0.1),2.77,2,0.8634,0.3685
RNG(0.1),2.78,3,0.8359,0.1359
RNG(0.1),2.81,1,0.8344,0.0
RNG(0.1),2.84,2,0.8629,0.3615
RNG(0.1),2.89,1,0.8344,0.0
RNG(0.1),2.91,2,0.8629,0.3615
RNG(0.1),2.96,2,0.8629,0.3615
RNG(0.1),3.0,1,0.8344,0.0
RNG(0.1),3.04,1,0.8323,0.0
RNG(0.1),3.05,2,0.8618,0.3748
RNG(0.1),3.07,2,0.8618,0.3748
RNG(0.1),3.09,2,0.8071,0.3202
RNG(0.1),3.13,2,0.8071,0.3202
RNG(0.1),3.14,2,0.8618,0.3748
RNG(0.1),3.15,2,0.8618,0.3748
RNG(0.1),3.17,2,0.8618,0.3748
RNG(0.1),3.18,2,0.8071,0.3202
RNG(0.1),3.19,2,0.8618,0.3748
RNG(0.1),3.21,1,0.8323,0.0
RNG(0.1),3.23,1,0.8323,0.0
RNG(0.1),3.28,2,0.8608,0.3882
RNG(0.1),3.32,2,0.8618,0.3748
RNG(0.1),3.35,2,0.8618,0.3748
RNG(0.1),3.37,2,0.8071,0.3202
RNG(0.1),3.41,3,0.8345,0.1362
RNG(0.1),3.42,2,0.8061,0.3069
RNG(0.1),3.43,2,0.8061,0.3069
RNG(0.1),3.44,3,0.8338,0.1364
RNG(0.1),3.45,2,0.805,0.2935
RNG(0.1),3.47,2,0.805,0.2935
RNG(0.1),3.5,3,0.8338,0.1364
RNG(0.1),3.53,3,0.8338,0.1364
RNG(0.1),3.54,1,0.8281,0.0
RNG(0.1),3.58,3,0.8338,0.1364
RNG(0.1),3.59,3,0.8338,0.1364
RNG(0.1),3.6,1,0.8281,0.0
RNG(0.1),3.62,3,0.8338,0.1364
RNG(0.1),3.63,2,0.8597,0.4015
RNG(0.1),3.64,2,0.805,0.2935
RNG(0.1),3.66,1,0.8281,0.0
RNG(0.1),3.67,2,0.805,0.2935
RNG(0.1),3.68,1,0.8281,0.0
RNG(0.1),3.69,3,0.8338,0.1364
RNG(0.1),3.7,2,0.805,0.2935
RNG(0.1),3.72,3,0.8338,0.1364
RNG(0.1),3.73,3,0.8338,0.1364
RNG(0.1),3.75,3,0.8352,0.1315
RNG(0.1),3.77,2,0.8071,0.2668
RNG(0.1),3.78,2,0.8071,0.2668
RNG(0.1),3.8,3,0.8345,0.1319
RNG(0.1),3.82,3,0.8345,0.1319
RNG(0.1),3.84,2,0.8586,0.4149
RNG(0.1),3.87,2,0.806,0.2535
RNG(0.1),3.89,2,0.8586,0.4149
RNG(0.1),3.9,2,0.8586,0.4149
RNG(0.1),3.91,3,0.8345,0.1319
RNG(0.1),3.92,2,0.8586,0.4149
RNG(0.1),3.94,2,0.8586,0.4149
RNG(0.1),3.95,3,0.8352,0.1296
RNG(0.1),3.98,3,0.8352,0.1296
RNG(0.1),4.01,2,0.8081,0.2268
RNG(0.1),4.02,3,0.8359,0.1272
RNG(0.1),4.03,3,0.8359,0.1272
RNG(0.1),4.04,2,0.8081,0.2268
RNG(0.1),4.06,2,0.8072,0.2141
RNG(0.1),4.08,3,0.8352,0.1277
RNG(0.1),4.1,3,0.8352,0.1277
RNG(0.1),4.11,3,0.8352,0.1277
RNG(0.1),4.12,2,0.8577,0.4276
RNG(0.1),4.13,2,0.8072,0.2141
RNG(0.1),4.14,2,0.8072,0.2141
RNG(0.1),4.17,3,0.8352,0.1277
RNG(0.1),4.19,3,0.8345,0.13
RNG(0.1),4.2,2,0.8577,0.4276
RNG(0.1),4.21,3,0.8345,0.13
RNG(0.1),4.24,2,0.8577,0.4276
RNG(0.1),4.26,2,0.8061,0.2274
RNG(0.1),4.28,3,0.8338,0.1324
RNG(0.1),4.29,3,0.8338,0.1324
RNG(0.1),4.32,1,0.824,0.0
RNG(0.1),4.33,1,0.824,0.0
RNG(0.1),4.34,3,0.8338,0.1324
RNG(0.1),4.38,1,0.824,0.0
RNG(0.1),4.4,2,0.8577,0.4276
RNG(0.1),4.41,1,0.824,0.0
RNG(0.1),4.43,2,0.8061,0.2274
RNG(0.1),4.44,2,0.8566,0.4409
RNG(0.1),4.45,3,0.8324,0.1352
RNG(0.1),4.46,2,0.8556,0.4542
RNG(0.1),4.49,3,0.8317,0.1357
RNG(0.1),4.52,3,0.8317,0.1357
RNG(0.1),4.53,2,0.8019,0.2274
RNG(0.1),4.55,1,0.8198,0.0
RNG(0.1),4.57,3,0.8317,0.1357
RNG(0.1),4.58,3,0.8317,0.1357
RNG(0.1),4.64,3,0.8317,0.1357
RNG(0.1),4.65,3,0.8317,0.1357
RNG(0.1),4.67,2,0.803,0.2141
RNG(0.1),4.68,2,0.8556,0.4542
RNG(0.1),4.71,3,0.8324,0.1334
RNG(0.1),4.75,1,0.8198,0.0
RNG(0.1),4.77,1,0.8198,0.0
RNG(0.1),4.78,1,0.8198,0.0
RNG(0.1),4.81,2,0.803,0.2141
RNG(0.1),4.85,1,0.8198,0.0
RNG(0.1),4.86,2,0.8556,0.4542
RNG(0.1),4.9,3,0.8324,0.1334
RNG(0.1),4.91,1,0.8198,0.0
RNG(0.1),4.94,1,0.8198,0.0
RNG(0.1),4.97,2,0.8556,0.4542
RNG(0.1),5.01,1,0.8198,0.0
RNG(0.1),5.03,3,0.8331,0.1312
RNG(0.1),5.09,1,0.8198,0.0
RNG(0.1),5.2,1,0.8219,0.0
RNG(0.1),5.23,2,0.8051,0.2141
RNG(0.1),5.24,1,0.8219,0.0
RNG(0.1),5.32,3,0.8338,0.1306
RNG(0.1),5.34,1,0.8219,0.0
RNG(0.1),5.35,1,0.8219,0.0
RNG(0.2),1.03,3,0.8333,0.1368
RNG(0.2),1.04,3,0.8333,0.1368
RNG(0.2),1.05,2,0.8051,0.3196
RNG(0.2),1.06,2,0.8054,0.3151
RNG(0.2),1.07,3,0.8336,0.136
RNG(0.2),1.08,3,0.8336,0.136
RNG(0.2),1.09,3,0.8336,0.136
RNG(0.2),1.1,3,0.8336,0.136
RNG(0.2),1.11,3,0.8336,0.136
RNG(0.2),1.12,3,0.8336,0.136
RNG(0.2),1.13,3,0.8336,0.136
RNG(0.2),1.14,3,0.8336,0.136
RNG(0.2),1.15,3,0.8339,0.1374
RNG(0.2),1.16,3,0.8339,0.1374
RNG(0.2),1.17,3,0.8339,0.1374
RNG(0.2),1.18,3,0.8339,0.1374
RNG(0.2),1.19,3,0.8343,0.1373
RNG(0.2),1.2,3,0.8343,0.1373
RNG(0.2),1.21,3,0.8343,0.1373
RNG(0.2),1.22,3,0.8343,0.1373
RNG(0.2),1.23,3,0.835,0.136
RNG(0.2),1.24,3,0.835,0.136
RNG(0.2),1.25,2,0.807,0.3221
RNG(0.2),1.26,2,0.807,0.3221
RNG(0.2),1.27,2,0.8075,0.3157
RNG(0.2),1.28,2,0.8075,0.3157
RNG(0.2),1.29,3,0.8353,0.1348
RNG(0.2),1.3,2,0.8075,0.3157
RNG(0.2),1.31,2,0.8617,0.3729
RNG(0.2),1.32,3,0.8353,0.1348
RNG(0.2),1.34,2,0.8617,0.3729
RNG(0.2),1.35,2,0.8617,0.3729
RNG(0.2),1.36,3,0.8353,0.1348
RNG(0.2),1.37,2,0.8617,0.3729
RNG(0.2),1.38,2,0.8621,0.3666
RNG(0.2),1.39,3,0.836,0.136
RNG(0.2),1.4,2,0.8079,0.3221
RNG(0.2),1.41,3,0.836,0.136
RNG(0.2),1.42,3,0.836,0.136
RNG(0.2),1.43,3,0.8363,0.1359
RNG(0.2),1.45,3,0.8363,0.1359
RNG(0.2),1.51,2,0.8632,0.3659
RNG(0.2),1.52,2,0.8632,0.3659
RNG(0.2),1.55,2,0.8085,0.3291
RNG(0.2),1.57,3,0.8363,0.1359
RNG(0.2),1.59,2,0.8085,0.3291
RNG(0.2),1.6,1,0.8344,0.0
RNG(0.2),1.63,1,0.8344,0.0
RNG(0.2),1.64,3,0.8363,0.1359
RNG(0.2),1.65,2,0.8085,0.3291
RNG(0.2),1.69,2,0.8085,0.3291
RNG(0.2),1.73,2,0.8632,0.3659
RNG(0.2),1.78,2,0.8085,0.3291
RNG(0.2),1.8,1,0.8344,0.0
RNG(0.2),1.84,2,0.8632,0.3659
RNG(0.2),1.85,1,0.8344,0.0
RNG(0.2),1.86,1,0.8344,0.0
RNG(0.2),1.88,3,0.8363,0.1359
RNG(0.2),1.9,1,0.8344,0.0
RNG(0.2),1.92,1,0.8344,0.0
RNG(0.2),1.93,1,0.8344,0.0
RNG(0.2),1.94,1,0.8344,0.0
RNG(0.2),1.96,1,0.8344,0.0
RNG(0.2),1.97,1,0.8344,0.0
RNG(0.2),1.99,2,0.8632,0.3659
RNG(0.2),2.01,2,0.8085,0.3291
RNG(0.2),2.03,3,0.8361,0.1351
RNG(0.2),2.06,2,0.8629,0.3615
RNG(0.2),2.08,3,0.8361,0.1351
RNG(0.2),2.09,2,0.8629,0.3615
RNG(0.2),2.1,3,0.8361,0.1351
RNG(0.2),2.11,2,0.8629,0.3615
RNG(0.2),2.15,1,0.8344,0.0
RNG(0.2),2.16,1,0.8344,0.0
RNG(0.2),2.2,1,0.8344,0.0
RNG(0.2),2.21,1,0.8344,0.0
RNG(0.2),2.23,3,0.8361,0.1351
RNG(0.2),2.25,3,0.8361,0.1351
RNG(0.2),2.28,2,0.8629,0.3615
RNG(0.2),2.32,3,0.8361,0.1351
RNG(0.2),2.33,1,0.8344,0.0
RNG(0.2),2.34,1,0.8344,0.0
RNG(0.2),2.35,3,0.8361,0.1351
RNG(0.2),2.36,2,0.8629,0.3615
RNG(0.2),2.38,1,0.8344,0.0
RNG(0.2),2.4,2,0.8629,0.3615
RNG(0.2),2.41,2,0.8629,0.3615
RNG(0.2),2.42,3,0.8361,0.1351
RNG(0.2),2.43,2,0.8085,0.3291
RNG(0.2),2.44,3,0.8361,0.1351
RNG(0.2),2.45,2,0.8629,0.3615
RNG(0.2),2.47,3,0.8361,0.1351
RNG(0.2),2.5,3,0.8361,0.1351
RNG(0.2),2.51,3,0.8361,0.1351
RNG(0.2),2.52,3,0.8361,0.1351
RNG(0.2),2.53,2,0.8629,0.3615
RNG(0.2),2.54,3,0.8361,0.1351
RNG(0.2),2.56,2,0.8085,0.3291
RNG(0.2),2.57,2,0.8085,0.3291
RNG(0.2),2.58,2,0.8629,0.3615
RNG(0.2),2.63,1,0.8344,0.0
RNG(0.2),2.64,3,0.8361,0.1351
RNG(0.2),2.65,1,0.8344,0.0
RNG(0.2),2.66,2,0.8085,0.3291
RNG(0.2),2.68,1,0.8344,0.0
RNG(0.2),2.69,2,0.8629,0.3615
RNG(0.2),2.71,1,0.8344,0.0
RNG(0.2),2.73,3,0.8361,0.1351
RNG(0.2),2.76,1,0.8344,0.0
RNG(0.2),2.77,2,0.8629,0.3615
RNG(0.2),2.78,3,0.8358,0.1338
RNG(0.2),2.81,1,0.8344,0.0
RNG(0.2),2.84,2,0.8623,0.3551
RNG(0.2),2.89,1,0.8344,0.0
RNG(0.2),2.91,2,0.8623,0.3551
RNG(0.2),2.96,2,0.8623,0.3551
RNG(0.2),3.0,1,0.8344,0.0
RNG(0.2),3.04,1,0.8344,0.0
RNG(0.2),3.05,2,0.8623,0.3551
RNG(0.2),3.07,2,0.8623,0.3551
RNG(0.2),3.09,2,0.8085,0.3291
RNG(0.2),3.13,2,0.8085,0.3291
RNG(0.2),3.14,2,0.8623,0.3551
RNG(0.2),3.15,2,0.8623,0.3551
RNG(0.2),3.17,2,0.8623,0.3551
RNG(0.2),3.18,2,0.8085,0.3291
RNG(0.2),3.19,2,0.8623,0.3551
RNG(0.2),3.21,1,0.8344,0.0
RNG(0.2),3.23,1,0.8344,0.0
RNG(0.2),3.28,2,0.8623,0.3551
RNG(0.2),3.32,2,0.8634,0.3418
RNG(0.2),3.35,2,0.8634,0.3418
RNG(0.2),3.37,2,0.8095,0.3424
RNG(0.2),3.41,3,0.8365,0.1338
RNG(0.2),3.42,2,0.8095,0.3424
RNG(0.2),3.43,2,0.8095,0.3424
RNG(0.2),3.44,3,0.8358,0.1338
RNG(0.2),3.45,2,0.8085,0.3291
RNG(0.2),3.47,2,0.8085,0.3291
RNG(0.2),3.5,3,0.8358,0.1338
RNG(0.2),3.53,3,0.8358,0.1338
RNG(0.2),3.54,1,0.8344,0.0
RNG(0.2),3.58,3,0.8358,0.1338
RNG(0.2),3.59,3,0.8358,0.1338
RNG(0.2),3.6,1,0.8344,0.0
RNG(0.2),3.62,3,0.8358,0.1338
RNG(0.2),3.63,2,0.8623,0.3551
RNG(0.2),3.64,2,0.8085,0.3291
RNG(0.2),3.66,1,0.8344,0.0
RNG(0.2),3.67,2,0.8085,0.3291
RNG(0.2),3.68,1,0.8344,0.0
RNG(0.2),3.69,3,0.8358,0.1338
RNG(0.2),3.7,2,0.8085,0.3291
RNG(0.2),3.72,3,0.8358,0.1338
RNG(0.2),3.73,3,0.8358,0.1338
RNG(0.2),3.75,3,0.8358,0.1338
RNG(0.2),3.77,2,0.8085,0.3291
RNG(0.2),3.78,2,0.8085,0.3291
RNG(0.2),3.8,3,0.8351,0.1339
RNG(0.2),3.82,3,0.8351,0.1339
RNG(0.2),3.84,2,0.8613,0.3685
RNG(0.2),3.87,2,0.8075,0.3157
RNG(0.2),3.89,2,0.8613,0.3685
RNG(0.2),3.9,2,0.8613,0.3685
RNG(0.2),3.91,3,0.8351,0.1339
RNG(0.2),3.92,2,0.8613,0.3685
RNG(0.2),3.94,2,0.8613,0.3685
RNG(0.2),3.95,3,0.8351,0.1339
RNG(0.2),3.98,3,0.8351,0.1339
RNG(0.2),4.01,2,0.8075,0.3157
RNG(0.2),4.02,3,0.8351,0.1339
RNG(0.2),4.03,3,0.8351,0.1339
RNG(0.2),4.04,2,0.8075,0.3157
RNG(0.2),4.06,2,0.8064,0.3024
RNG(0.2),4.08,3,0.8344,0.1341
RNG(0.2),4.1,3,0.8344,0.1341
RNG(0.2),4.11,3,0.8344,0.1341
RNG(0.2),4.12,2,0.8602,0.3818
RNG(0.2),4.13,2,0.8064,0.3024
RNG(0.2),4.14,2,0.8064,0.3024
RNG(0.2),4.17,3,0.8344,0.1341
RNG(0.2),4.19,3,0.8344,0.1341
RNG(0.2),4.2,2,0.8602,0.3818
RNG(0.2),4.21,3,0.8344,0.1341
RNG(0.2),4.24,2,0.8602,0.3818
RNG(0.2),4.26,2,0.8064,0.3024
RNG(0.2),4.28,3,0.8337,0.1365
RNG(0.2),4.29,3,0.8337,0.1365
RNG(0.2),4.32,1,0.8302,0.0
RNG(0.2),4.33,1,0.8302,0.0
RNG(0.2),4.34,3,0.8337,0.1365
RNG(0.2),4.38,1,0.8302,0.0
RNG(0.2),4.4,2,0.8602,0.3818
RNG(0.2),4.41,1,0.8302,0.0
RNG(0.2),4.43,2,0.8054,0.3151
RNG(0.2),4.44,2,0.8592,0.3952
RNG(0.2),4.45,3,0.8316,0.1417
RNG(0.2),4.46,2,0.8592,0.3952
RNG(0.2),4.49,3,0.8316,0.1417
RNG(0.2),4.52,3,0.8316,0.1417
RNG(0.2),4.53,2,0.8022,0.3285
RNG(0.2),4.55,1,0.8281,0.0
RNG(0.2),4.57,3,0.8316,0.1417
RNG(0.2),4.58,3,0.8316,0.1417
RNG(0.2),4.64,3,0.8316,0.1417
RNG(0.2),4.65,3,0.8316,0.1417
RNG(0.2),4.67,2,0.8022,0.3285
RNG(0.2),4.68,2,0.8592,0.3952
RNG(0.2),4.71,3,0.8316,0.1417
RNG(0.2),4.75,1,0.8281,0.0
RNG(0.2),4.77,1,0.8281,0.0
RNG(0.2),4.78,1,0.8281,0.0
RNG(0.2),4.81,2,0.8022,0.3285
RNG(0.2),4.85,1,0.8281,0.0
RNG(0.2),4.86,2,0.8592,0.3952
RNG(0.2),4.9,3,0.8316,0.1417
RNG(0.2),4.91,1,0.8281,0.0
RNG(0.2),4.94,1,0.8281,0.0
RNG(0.2),4.97,2,0.8592,0.3952
RNG(0.2),5.01,1,0.8281,0.0
RNG(0.2),5.03,3,0.8323,0.1392
RNG(0.2),5.09,1,0.8281,0.0
RNG(0.2),5.2,1,0.8302,0.0
RNG(0.2),5.23,2,0.8044,0.3285
RNG(0.2),5.24,1,0.8302,0.0
RNG(0.2),5.32,3,0.833,0.139
RNG(0.2),5.34,1,0.8302,0.0
RNG(0.2),5.35,1,0.8302,0.0
RNG(0.3),1.03,3,0.8333,0.1368
RNG(0.3),1.04,3,0.8333,0.1368
RNG(0.3),1.05,2,0.8051,0.3196
RNG(0.3),1.06,2,0.8054,0.3151
RNG(0.3),1.07,3,0.8336,0.136
RNG(0.3),1.08,3,0.8336,0.136
RNG(0.3),1.09,3,0.8336,0.136
RNG(0.3),1.1,3,0.8336,0.136
RNG(0.3),1.11,3,0.8336,0.136
RNG(0.3),1.12,3,0.8336,0.136
RNG(0.3),1.13,3,0.8336,0.136
RNG(0.3),1.14,3,0.8336,0.136
RNG(0.3),1.15,3,0.8339,0.1374
RNG(0.3),1.16,3,0.8339,0.1374
RNG(0.3),1.17,3,0.8339,0.1374
RNG(0.3),1.18,3,0.8339,0.1374
RNG(0.3),1.19,3,0.8339,0.1374
RNG(0.3),1.2,3,0.8339,0.1374
RNG(0.3),1.21,3,0.8339,0.1374
RNG(0.3),1.22,3,0.8339,0.1374
RNG(0.3),1.23,3,0.8339,0.1374
RNG(0.3),1.24,3,0.8339,0.1374
RNG(0.3),1.25,2,0.8054,0.3151
RNG(0.3),1.26,2,0.8054,0.3151
RNG(0.3),1.27,2,0.8059,0.3088
RNG(0.3),1.28,2,0.8059,0.3088
RNG(0.3),1.29,3,0.8343,0.1362
RNG(0.3),1.3,2,0.8059,0.3088
RNG(0.3),1.31,2,0.8606,0.3863
RNG(0.3),1.32,3,0.8343,0.1362
RNG(0.3),1.34,2,0.8606,0.3863
RNG(0.3),1.35,2,0.8606,0.3863
RNG(0.3),1.36,3,0.8343,0.1362
RNG(0.3),1.37,2,0.8606,0.3863
RNG(0.3),1.38,2,0.8612,0.3793
RNG(0.3),1.39,3,0.835,0.1374
RNG(0.3),1.4,2,0.8065,0.3157
RNG(0.3),1.41,3,0.835,0.1374
RNG(0.3),1.42,3,0.835,0.1374
RNG(0.3),1.43,3,0.8353,0.1373
RNG(0.3),1.45,3,0.8353,0.1373
RNG(0.3),1.51,2,0.8621,0.3793
RNG(0.3),1.52,2,0.8621,0.3793
RNG(0.3),1.55,2,0.807,0.3221
RNG(0.3),1.57,3,0.8353,0.1373
RNG(0.3),1.59,2,0.807,0.3221
RNG(0.3),1.6,1,0.8323,0.0
RNG(0.3),1.63,1,0.8323,0.0
RNG(0.3),1.64,3,0.8353,0.1373
RNG(0.3),1.65,2,0.807,0.3221
RNG(0.3),1.69,2,0.807,0.3221
RNG(0.3),1.73,2,0.8621,0.3793
RNG(0.3),1.78,2,0.807,0.3221
RNG(0.3),1.8,1,0.8323,0.0
RNG(0.3),1.84,2,0.8621,0.3793
RNG(0.3),1.85,1,0.8323,0.0
RNG(0.3),1.86,1,0.8323,0.0
RNG(0.3),1.88,3,0.8353,0.1373
RNG(0.3),1.9,1,0.8323,0.0
RNG(0.3),1.92,1,0.8323,0.0
RNG(0.3),1.93,1,0.8323,0.0
RNG(0.3),1.94,1,0.8323,0.0
RNG(0.3),1.96,1,0.8323,0.0
RNG(0.3),1.97,1,0.8323,0.0
RNG(0.3),1.99,2,0.8621,0.3793
RNG(0.3),2.01,2,0.807,0.3221
RNG(0.3),2.03,3,0.8353,0.1373
RNG(0.3),2.06,2,0.8621,0.3793
RNG(0.3),2.08,3,0.8353,0.1373
RNG(0.3),2.09,2,0.8621,0.3793
RNG(0.3),2.1,3,0.8353,0.1373
RNG(0.3),2.11,2,0.8621,0.3793
RNG(0.3),2.15,1,0.8323,0.0
RNG(0.3),2.16,1,0.8323,0.0
RNG(0.3),2.2,1,0.8323,0.0
RNG(0.3),2.21,1,0.8323,0.0
RNG(0.3),2.23,3,0.8353,0.1373
RNG(0.3),2.25,3,0.8353,0.1373
RNG(0.3),2.28,2,0.8621,0.3793
RNG(0.3),2.32,3,0.8353,0.1373
RNG(0.3),2.33,1,0.8323,0.0
RNG(0.3),2.34,1,0.8323,0.0
RNG(0.3),2.35,3,0.8353,0.1373
RNG(0.3),2.36,2,0.8621,0.3793
RNG(0.3),2.38,1,0.8323,0.0
RNG(0.3),2.4,2,0.8621,0.3793
RNG(0.3),2.41,2,0.8621,0.3793
RNG(0.3),2.42,3,0.8353,0.1373
RNG(0.3),2.43,2,0.807,0.3221
RNG(0.3),2.44,3,0.8353,0.1373
RNG(0.3),2.45,2,0.8621,0.3793
RNG(0.3),2.47,3,0.8353,0.1373
RNG(0.3),2.5,3,0.8353,0.1373
RNG(0.3),2.51,3,0.8353,0.1373
RNG(0.3),2.52,3,0.8353,0.1373
RNG(0.3),2.53,2,0.8621,0.3793
RNG(0.3),2.54,3,0.8353,0.1373
RNG(0.3),2.56,2,0.807,0.3221
RNG(0.3),2.57,2,0.807,0.3221
RNG(0.3),2.58,2,0.8621,0.3793
RNG(0.3),2.63,1,0.8323,0.0
RNG(0.3),2.64,3,0.8353,0.1373
RNG(0.3),2.65,1,0.8323,0.0
RNG(0.3),2.66,2,0.807,0.3221
RNG(0.3),2.68,1,0.8323,0.0
RNG(0.3),2.69,2,0.8621,0.3793
RNG(0.3),2.71,1,0.8323,0.0
RNG(0.3),2.73,3,0.8353,0.1373
RNG(0.3),2.76,1,0.8323,0.0
RNG(0.3),2.77,2,0.8621,0.3793
RNG(0.3),2.78,3,0.835,0.136
RNG(0.3),2.81,1,0.8323,0.0
RNG(0.3),2.84,2,0.8617,0.3729
RNG(0.3),2.89,1,0.8323,0.0
RNG(0.3),2.91,2,0.8617,0.3729
RNG(0.3),2.96,2,0.8617,0.3729
RNG(0.3),3.0,1,0.8323,0.0
RNG(0.3),3.04,1,0.8323,0.0
RNG(0.3),3.05,2,0.8617,0.3729
RNG(0.3),3.07,2,0.8617,0.3729
RNG(0.3),3.09,2,0.807,0.3221
RNG(0.3),3.13,2,0.807,0.3221
RNG(0.3),3.14,2,0.8617,0.3729
RNG(0.3),3.15,2,0.8617,0.3729
RNG(0.3),3.17,2,0.8617,0.3729
RNG(0.3),3.18,2,0.807,0.3221
RNG(0.3),3.19,2,0.8617,0.3729
RNG(0.3),3.21,1,0.8323,0.0
RNG(0.3),3.23,1,0.8323,0.0
RNG(0.3),3.28,2,0.8617,0.3729
RNG(0.3),3.32,2,0.8627,0.3596
RNG(0.3),3.35,2,0.8627,0.3596
RNG(0.3),3.37,2,0.808,0.3354
RNG(0.3),3.41,3,0.8357,0.1359
RNG(0.3),3.42,2,0.808,0.3354
RNG(0.3),3.43,2,0.808,0.3354
RNG(0.3),3.44,3,0.835,0.136
RNG(0.3),3.45,2,0.807,0.3221
RNG(0.3),3.47,2,0.807,0.3221
RNG(0.3),3.5,3,0.835,0.136
RNG(0.3),3.53,3,0.835,0.136
RNG(0.3),3.54,1,0.8323,0.0
RNG(0.3),3.58,3,0.835,0.136
RNG(0.3),3.59,3,0.835,0.136
RNG(0.3),3.6,1,0.8323,0.0
RNG(0.3),3.62,3,0.835,0.136
RNG(0.3),3.63,2,0.8617,0.3729
RNG(0.3),3.64,2,0.807,0.3221
RNG(0.3),3.66,1,0.8323,0.0
RNG(0.3),3.67,2,0.807,0.3221
RNG(0.3),3.68,1,0.8323,0.0
RNG(0.3),3.69,3,0.835,0.136
RNG(0.3),3.7,2,0.807,0.3221
RNG(0.3),3.72,3,0.835,0.136
RNG(0.3),3.73,3,0.835,0.136
RNG(0.3),3.75,3,0.8364,0.131
RNG(0.3),3.77,2,0.8091,0.2954
RNG(0.3),3.78,2,0.8091,0.2954
RNG(0.3),3.8,3,0.8357,0.1312
RNG(0.3),3.82,3,0.8357,0.1312
RNG(0.3),3.84,2,0.8606,0.3863
RNG(0.3),3.87,2,0.808,0.2821
RNG(0.3),3.89,2,0.8606,0.3863
RNG(0.3),3.9,2,0.8606,0.3863
RNG(0.3),3.91,3,0.8357,0.1312
RNG(0.3),3.92,2,0.8606,0.3863
RNG(0.3),3.94,2,0.8606,0.3863
RNG(0.3),3.95,3,0.8357,0.1312
RNG(0.3),3.98,3,0.8357,0.1312
RNG(0.3),4.01,2,0.808,0.2821
RNG(0.3),4.02,3,0.8357,0.1312
RNG(0.3),4.03,3,0.8357,0.1312
RNG(0.3),4.04,2,0.808,0.2821
RNG(0.3),4.06,2,0.808,0.2821
RNG(0.3),4.08,3,0.8357,0.1312
RNG(0.3),4.1,3,0.8357,0.1312
RNG(0.3),4.11,3,0.8357,0.1312
RNG(0.3),4.12,2,0.8606,0.3863
RNG(0.3),4.13,2,0.808,0.2821
RNG(0.3),4.14,2,0.808,0.2821
RNG(0.3),4.17,3,0.8357,0.1312
RNG(0.3),4.19,3,0.8357,0.1312
RNG(0.3),4.2,2,0.8606,0.3863
RNG(0.3),4.21,3,0.8357,0.1312
RNG(0.3),4.24,2,0.8606,0.3863
RNG(0.3),4.26,2,0.808,0.2821
RNG(0.3),4.28,3,0.8357,0.1312
RNG(0.3),4.29,3,0.8357,0.1312
RNG(0.3),4.32,1,0.8302,0.0
RNG(0.3),4.33,1,0.8302,0.0
RNG(0.3),4.34,3,0.8357,0.1312
RNG(0.3),4.38,1,0.8302,0.0
RNG(0.3),4.4,2,0.8606,0.3863
RNG(0.3),4.41,1,0.8302,0.0
RNG(0.3),4.43,2,0.808,0.2821
RNG(0.3),4.44,2,0.8596,0.3996
RNG(0.3),4.45,3,0.8336,0.1364
RNG(0.3),4.46,2,0.8596,0.3996
RNG(0.3),4.49,3,0.8336,0.1364
RNG(0.3),4.52,3,0.8336,0.1364
RNG(0.3),4.53,2,0.8048,0.2954
RNG(0.3),4.55,1,0.8281,0.0
RNG(0.3),4.57,3,0.8336,0.1364
RNG(0.3),4.58,3,0.8336,0.1364
RNG(0.3),4.64,3,0.8336,0.1364
RNG(0.3),4.65,3,0.8336,0.1364
RNG(0.3),4.67,2,0.8048,0.2954
RNG(0.3),4.68,2,0.8596,0.3996
RNG(0.3),4.71,3,0.8336,0.1364
RNG(0.3),4.75,1,0.8281,0.0
RNG(0.3),4.77,1,0.8281,0.0
RNG(0.3),4.78,1,0.8281,0.0
RNG(0.3),4.81,2,0.8048,0.2954
RNG(0.3),4.85,1,0.8281,0.0
RNG(0.3),4.86,2,0.8596,0.3996
RNG(0.3),4.9,3,0.8336,0.1364
RNG(0.3),4.91,1,0.8281,0.0
RNG(0.3),4.94,1,0.8281,0.0
RNG(0.3),4.97,2,0.8596,0.3996
RNG(0.3),5.01,1,0.8281,0.0
RNG(0.3),5.03,3,0.8343,0.1339
RNG(0.3),5.09,1,0.8281,0.0
RNG(0.3),5.2,1,0.8302,0.0
RNG(0.3),5.23,2,0.807,0.2954
RNG(0.3),5.24,1,0.8302,0.0
RNG(0.3),5.32,3,0.835,0.1337
RNG(0.3),5.34,1,0.8302,0.0
RNG(0.3),5.35,1,0.8302,0.0
RNG(0.5),1.03,3,0.8331,0.1359
RNG(0.5),1.04,3,0.8331,0.1359
RNG(0.5),1.05,2,0.8051,0.3196
RNG(0.5),1.06,2,0.8054,0.3151
RNG(0.5),1.07,3,0.8333,0.1351
RNG(0.5),1.08,3,0.8333,0.1351
RNG(0.5),1.09,3,0.8333,0.1351
RNG(0.5),1.1,3,0.8333,0.1351
RNG(0.5),1.11,3,0.8333,0.1351
RNG(0.5),1.12,3,0.8333,0.1351
RNG(0.5),1.13,3,0.8333,0.1351
RNG(0.5),1.14,3,0.8333,0.1351
RNG(0.5),1.15,3,0.8333,0.1351
RNG(0.5),1.16,3,0.8333,0.1351
RNG(0.5),1.17,3,0.8333,0.1351
RNG(0.5),1.18,3,0.8333,0.1351
RNG(0.5),1.19,3,0.8333,0.1351
RNG(0.5),1.2,3,0.8333,0.1351
RNG(0.5),1.21,3,0.8333,0.1351
RNG(0.5),1.22,3,0.8333,0.1351
RNG(0.5),1.23,3,0.8333,0.1351
RNG(0.5),1.24,3,0.8333,0.1351
RNG(0.5),1.25,2,0.8054,0.3151
RNG(0.5),1.26,2,0.8054,0.3151
RNG(0.5),1.27,2,0.8054,0.3151
RNG(0.5),1.28,2,0.8054,0.3151
RNG(0.5),1.29,3,0.8333,0.1351
RNG(0.5),1.3,2,0.8054,0.3151
RNG(0.5),1.31,2,0.8597,0.3748
RNG(0.5),1.32,3,0.8333,0.1351
RNG(0.5),1.34,2,0.8597,0.3748
RNG(0.5),1.35,2,0.8597,0.3748
RNG(0.5),1.36,3,0.8333,0.1351
RNG(0.5),1.37,2,0.8597,0.3748
RNG(0.5),1.38,2,0.8602,0.3678
RNG(0.5),1.39,3,0.8341,0.1364
RNG(0.5),1.4,2,0.8059,0.3221
RNG(0.5),1.41,3,0.8341,0.1364
RNG(0.5),1.42,3,0.8341,0.1364
RNG(0.5),1.43,3,0.8344,0.1363
RNG(0.5),1.45,3,0.8344,0.1363
RNG(0.5),1.51,2,0.8613,0.3685
RNG(0.5),1.52,2,0.8613,0.3685
RNG(0.5),1.55,2,0.8065,0.3285
RNG(0.5),1.57,3,0.8344,0.1363
RNG(0.5),1.59,2,0.8065,0.3285
RNG(0.5),1.6,1,0.8323,0.0
RNG(0.5),1.63,1,0.8323,0.0
RNG(0.5),1.64,3,0.8344,0.1363
RNG(0.5),1.65,2,0.8065,0.3285
RNG(0.5),1.69,2,0.8065,0.3285
RNG(0.5),1.73,2,0.8613,0.3685
RNG(0.5),1.78,2,0.8065,0.3285
RNG(0.5),1.8,1,0.8323,0.0
RNG(0.5),1.84,2,0.8613,0.3685
RNG(0.5),1.85,1,0.8323,0.0
RNG(0.5),1.86,1,0.8323,0.0
RNG(0.5),1.88,3,0.8344,0.1363
RNG(0.5),1.9,1,0.8323,0.0
RNG(0.5),1.92,1,0.8323,0.0
RNG(0.5),1.93,1,0.8323,0.0
RNG(0.5),1.94,1,0.8323,0.0
RNG(0.5),1.96,1,0.8323,0.0
RNG(0.5),1.97,1,0.8323,0.0
RNG(0.5),1.99,2,0.8613,0.3685
RNG(0.5),2.01,2,0.8065,0.3285
RNG(0.5),2.03,3,0.8344,0.1363
RNG(0.5),2.06,2,0.8613,0.3685
RNG(0.5),2.08,3,0.8344,0.1363
RNG(0.5),2.09,2,0.8613,0.3685
RNG(0.5),2.1,3,0.8344,0.1363
RNG(0.5),2.11,2,0.8613,0.3685
RNG(0.5),2.15,1,0.8323,0.0
RNG(0.5),2.16,1,0.8323,0.0
RNG(0.5),2.2,1,0.8323,0.0
RNG(0.5),2.21,1,0.8323,0.0
RNG(0.5),2.23,3,0.8344,0.1363
RNG(0.5),2.25,3,0.8344,0.1363
RNG(0.5),2.28,2,0.8613,0.3685
RNG(0.5),2.32,3,0.8344,0.1363
RNG(0.5),2.33,1,0.8323,0.0
RNG(0.5),2.34,1,0.8323,0.0
RNG(0.5),2.35,3,0.8344,0.1363
RNG(0.5),2.36,2,0.8613,0.3685
RNG(0.5),2.38,1,0.8323,0.0
RNG(0.5),2.4,2,0.8613,0.3685
RNG(0.5),2.41,2,0.8613,0.3685
RNG(0.5),2.42,3,0.8344,0.1363
RNG(0.5),2.43,2,0.8065,0.3285
RNG(0.5),2.44,3,0.8344,0.1363
RNG(0.5),2.45,2,0.8613,0.3685
RNG(0.5),2.47,3,0.8344,0.1363
RNG(0.5),2.5,3,0.8344,0.1363
RNG(0.5),2.51,3,0.8344,0.1363
RNG(0.5),2.52,3,0.8344,0.1363
RNG(0.5),2.53,2,0.8613,0.3685
RNG(0.5),2.54,3,0.8344,0.1363
RNG(0.5),2.56,2,0.8065,0.3285
RNG(0.5),2.57,2,0.8065,0.3285
RNG(0.5),2.58,2,0.8613,0.3685
RNG(0.5),2.63,1,0.8323,0.0
RNG(0.5),2.64,3,0.8344,0.1363
RNG(0.5),2.65,1,0.8323,0.0
RNG(0.5),2.66,2,0.8065,0.3285
RNG(0.5),2.68,1,0.8323,0.0
RNG(0.5),2.69,2,0.8613,0.3685
RNG(0.5),2.71,1,0.8323,0.0
RNG(0.5),2.73,3,0.8344,0.1363
RNG(0.5),2.76,1,0.8323,0.0
RNG(0.5),2.77,2,0.8613,0.3685
RNG(0.5),2.78,3,0.834,0.1349
RNG(0.5),2.81,1,0.8323,0.0
RNG(0.5),2.84,2,0.8608,0.3615
RNG(0.5),2.89,1,0.8323,0.0
RNG(0.5),2.91,2,0.8608,0.3615
RNG(0.5),2.96,2,0.8608,0.3615
RNG(0.5),3.0,1,0.8323,0.0
RNG(0.5),3.04,1,0.8323,0.0
RNG(0.5),3.05,2,0.8608,0.3615
RNG(0.5),3.07,2,0.8608,0.3615
RNG(0.5),3.09,2,0.8065,0.3285
RNG(0.5),3.13,2,0.8065,0.3285
RNG(0.5),3.14,2,0.8608,0.3615
RNG(0.5),3.15,2,0.8608,0.3615
RNG(0.5),3.17,2,0.8608,0.3615
RNG(0.5),3.18,2,0.8065,0.3285
RNG(0.5),3.19,2,0.8608,0.3615
RNG(0.5),3.21,1,0.8323,0.0
RNG(0.5),3.23,1,0.8323,0.0
RNG(0.5),3.28,2,0.8608,0.3615
RNG(0.5),3.32,2,0.8608,0.3615
RNG(0.5),3.35,2,0.8608,0.3615
RNG(0.5),3.37,2,0.8065,0.3285
RNG(0.5),3.41,3,0.834,0.1349
RNG(0.5),3.42,2,0.8065,0.3285
RNG(0.5),3.43,2,0.8065,0.3285
RNG(0.5),3.44,3,0.834,0.1349
RNG(0.5),3.45,2,0.8065,0.3285
RNG(0.5),3.47,2,0.8065,0.3285
RNG(0.5),3.5,3,0.834,0.1349
RNG(0.5),3.53,3,0.834,0.1349
RNG(0.5),3.54,1,0.8323,0.0
RNG(0.5),3.58,3,0.834,0.1349
RNG(0.5),3.59,3,0.834,0.1349
RNG(0.5),3.6,1,0.8323,0.0
RNG(0.5),3.62,3,0.834,0.1349
RNG(0.5),3.63,2,0.8608,0.3615
RNG(0.5),3.64,2,0.8065,0.3285
RNG(0.5),3.66,1,0.8323,0.0
RNG(0.5),3.67,2,0.8065,0.3285
RNG(0.5),3.68,1,0.8323,0.0
RNG(0.5),3.69,3,0.834,0.1349
RNG(0.5),3.7,2,0.8065,0.3285
RNG(0.5),3.72,3,0.834,0.1349
RNG(0.5),3.73,3,0.834,0.1349
RNG(0.5),3.75,3,0.834,0.1349
RNG(0.5),3.77,2,0.8065,0.3285
RNG(0.5),3.78,2,0.8065,0.3285
RNG(0.5),3.8,3,0.834,0.1349
RNG(0.5),3.82,3,0.834,0.1349
RNG(0.5),3.84,2,0.8608,0.3615
RNG(0.5),3.87,2,0.8065,0.3285
RNG(0.5),3.89,2,0.8608,0.3615
RNG(0.5),3.9,2,0.8608,0.3615
RNG(0.5),3.91,3,0.834,0.1349
RNG(0.5),3.92,2,0.8608,0.3615
RNG(0.5),3.94,2,0.8608,0.3615
RNG(0.5),3.95,3,0.834,0.1349
RNG(0.5),3.98,3,0.834,0.1349
RNG(0.5),4.01,2,0.8065,0.3285
RNG(0.5),4.02,3,0.834,0.1349
RNG(0.5),4.03,3,0.834,0.1349
RNG(0.5),4.04,2,0.8065,0.3285
RNG(0.5),4.06,2,0.8065,0.3285
RNG(0.5),4.08,3,0.834,0.1349
RNG(0.5),4.1,3,0.834,0.1349
RNG(0.5),4.11,3,0.834,0.1349
RNG(0.5),4.12,2,0.8608,0.3615
RNG(0.5),4.13,2,0.8065,0.3285
RNG(0.5),4.14,2,0.8065,0.3285
RNG(0.5),4.17,3,0.834,0.1349
RNG(0.5),4.19,3,0.834,0.1349
RNG(0.5),4.2,2,0.8608,0.3615
RNG(0.5),4.21,3,0.834,0.1349
RNG(0.5),4.24,2,0.8608,0.3615
RNG(0.5),4.26,2,0.8065,0.3285
RNG(0.5),4.28,3,0.834,0.1349
RNG(0.5),4.29,3,0.834,0.1349
RNG(0.5),4.32,1,0.8323,0.0
RNG(0.5),4.33,1,0.8323,0.0
RNG(0.5),4.34,3,0.834,0.1349
RNG(0.5),4.38,1,0.8323,0.0
RNG(0.5),4.4,2,0.8608,0.3615
RNG(0.5),4.41,1,0.8323,0.0
RNG(0.5),4.43,2,0.8065,0.3285
RNG(0.5),4.44,2,0.8608,0.3615
RNG(0.5),4.45,3,0.834,0.1349
RNG(0.5),4.46,2,0.8608,0.3615
RNG(0.5),4.49,3,0.834,0.1349
RNG(0.5),4.52,3,0.834,0.1349
RNG(0.5),4.53,2,0.8065,0.3285
RNG(0.5),4.55,1,0.8323,0.0
RNG(0.5),4.57,3,0.834,0.1349
RNG(0.5),4.58,3,0.834,0.1349
RNG(0.5),4.64,3,0.834,0.1349
RNG(0.5),4.65,3,0.834,0.1349
RNG(0.5),4.67,2,0.8065,0.3285
RNG(0.5),4.68,2,0.8608,0.3615
RNG(0.5),4.71,3,0.834,0.1349
RNG(0.5),4.75,1,0.8323,0.0
RNG(0.5),4.77,1,0.8323,0.0
RNG(0.5),4.78,1,0.8323,0.0
RNG(0.5),4.81,2,0.8065,0.3285
RNG(0.5),4.85,1,0.8323,0.0
RNG(0.5),4.86,2,0.8608,0.3615
RNG(0.5),4.9,3,0.834,0.1349
RNG(0.5),4.91,1,0.8323,0.0
RNG(0.5),4.94,1,0.8323,0.0
RNG(0.5),4.97,2,0.8608,0.3615
RNG(0.5),5.01,1,0.8323,0.0
RNG(0.5),5.03,3,0.834,0.1349
RNG(0.5),5.09,1,0.8323,0.0
RNG(0.5),5.2,1,0.8323,0.0
RNG(0.5),5.23,2,0.8065,0.3285
RNG(0.5),5.24,1,0.8323,0.0
RNG(0.5),5.32,3,0.834,0.1349
RNG(0.5),5.34,1,0.8323,0.0
RNG(0.5),5.35,1,0.8323,0.0
RNG(1),1.03,3,0.8331,0.1359
RNG(1),1.04,3,0.8331,0.1359
RNG(1),1.05,2,0.8051,0.3196
RNG(1),1.06,2,0.8051,0.3196
RNG(1),1.07,3,0.8331,0.1359
RNG(1),1.08,3,0.8331,0.1359
RNG(1),1.09,3,0.8331,0.1359
RNG(1),1.1,3,0.8331,0.1359
RNG(1),1.11,3,0.8331,0.1359
RNG(1),1.12,3,0.8331,0.1359
RNG(1),1.13,3,0.8331,0.1359
RNG(1),1.14,3,0.8331,0.1359
RNG(1),1.15,3,0.8331,0.1359
RNG(1),1.16,3,0.8331,0.1359
RNG(1),1.17,3,0.8331,0.1359
RNG(1),1.18,3,0.8331,0.1359
RNG(1),1.19,3,0.8331,0.1359
RNG(1),1.2,3,0.8331,0.1359
RNG(1),1.21,3,0.8331,0.1359
RNG(1),1.22,3,0.8331,0.1359
RNG(1),1.23,3,0.8331,0.1359
RNG(1),1.24,3,0.8331,0.1359
RNG(1),1.25,2,0.8051,0.3196
RNG(1),1.26,2,0.8051,0.3196
RNG(1),1.27,2,0.8051,0.3196
RNG(1),1.28,2,0.8051,0.3196
RNG(1),1.29,3,0.8331,0.1359
RNG(1),1.3,2,0.8051,0.3196
RNG(1),1.31,2,0.8597,0.3748
RNG(1),1.32,3,0.8331,0.1359
RNG(1),1.34,2,0.8597,0.3748
RNG(1),1.35,2,0.8597,0.3748
RNG(1),1.36,3,0.8331,0.1359
RNG(1),1.37,2,0.8597,0.3748
RNG(1),1.38,2,0.8597,0.3748
RNG(1),1.39,3,0.8335,0.1373
RNG(1),1.4,2,0.8051,0.3196
RNG(1),1.41,3,0.8335,0.1373
RNG(1),1.42,3,0.8335,0.1373
RNG(1),1.43,3,0.8335,0.1373
RNG(1),1.45,3,0.8335,0.1373
RNG(1),1.51,2,0.8602,0.3818
RNG(1),1.52,2,0.8602,0.3818
RNG(1),1.55,2,0.8051,0.3196
RNG(1),1.57,3,0.8335,0.1373
RNG(1),1.59,2,0.8051,0.3196
RNG(1),1.6,1,0.8302,0.0
RNG(1),1.63,1,0.8302,0.0
RNG(1),1.64,3,0.8335,0.1373
RNG(1),1.65,2,0.8051,0.3196
RNG(1),1.69,2,0.8051,0.3196
RNG(1),1.73,2,0.8602,0.3818
RNG(1),1.78,2,0.8051,0.3196
RNG(1),1.8,1,0.8302,0.0
RNG(1),1.84,2,0.8602,0.3818
RNG(1),1.85,1,0.8302,0.0
RNG(1),1.86,1,0.8302,0.0
RNG(1),1.88,3,0.8335,0.1373
RNG(1),1.9,1,0.8302,0.0
RNG(1),1.92,1,0.8302,0.0
RNG(1),1.93,1,0.8302,0.0
RNG(1),1.94,1,0.8302,0.0
RNG(1),1.96,1,0.8302,0.0
RNG(1),1.97,1,0.8302,0.0
RNG(1),1.99,2,0.8602,0.3818
RNG(1),2.01,2,0.8051,0.3196
RNG(1),2.03,3,0.8335,0.1373
RNG(1),2.06,2,0.8602,0.3818
RNG(1),2.08,3,0.8335,0.1373
RNG(1),2.09,2,0.8602,0.3818
RNG(1),2.1,3,0.8335,0.1373
RNG(1),2.11,2,0.8602,0.3818
RNG(1),2.15,1,0.8302,0.0
RNG(1),2.16,1,0.8302,0.0
RNG(1),2.2,1,0.8302,0.0
RNG(1),2.21,1,0.8302,0.0
RNG(1),2.23,3,0.8335,0.1373
RNG(1),2.25,3,0.8335,0.1373
RNG(1),2.28,2,0.8602,0.3818
RNG(1),2.32,3,0.8335,0.1373
RNG(1),2.33,1,0.8302,0.0
RNG(1),2.34,1,0.8302,0.0
RNG(1),2.35,3,0.8335,0.1373
RNG(1),2.36,2,0.8602,0.3818
RNG(1),2.38,1,0.8302,0.0
RNG(1),2.4,2,0.8602,0.3818
RNG(1),2.41,2,0.8602,0.3818
RNG(1),2.42,3,0.8335,0.1373
RNG(1),2.43,2,0.8051,0.3196
RNG(1),2.44,3,0.8335,0.1373
RNG(1),2.45,2,0.8602,0.3818
RNG(1),2.47,3,0.8335,0.1373
RNG(1),2.5,3,0.8335,0.1373
RNG(1),2.51,3,0.8335,0.1373
RNG(1),2.52,3,0.8335,0.1373
RNG(1),2.53,2,0.8602,0.3818
RNG(1),2.54,3,0.8335,0.1373
RNG(1),2.56,2,0.8051,0.3196
RNG(1),2.57,2,0.8051,0.3196
RNG(1),2.58,2,0.8602,0.3818
RNG(1),2.63,1,0.8302,0.0
RNG(1),2.64,3,0.8335,0.1373
RNG(1),2.65,1,0.8302,0.0
RNG(1),2.66,2,0.8051,0.3196
RNG(1),2.68,1,0.8302,0.0
RNG(1),2.69,2,0.8602,0.3818
RNG(1),2.71,1,0.8302,0.0
RNG(1),2.73,3,0.8335,0.1373
RNG(1),2.76,1,0.8302,0.0
RNG(1),2.77,2,0.8602,0.3818
RNG(1),2.78,3,0.8335,0.1373
RNG(1),2.81,1,0.8302,0.0
RNG(1),2.84,2,0.8602,0.3818
RNG(1),2.89,1,0.8302,0.0
RNG(1),2.91,2,0.8602,0.3818
RNG(1),2.96,2,0.8602,0.3818
RNG(1),3.0,1,0.8302,0.0
RNG(1),3.04,1,0.8302,0.0
RNG(1),3.05,2,0.8602,0.3818
RNG(1),3.07,2,0.8602,0.3818
RNG(1),3.09,2,0.8051,0.3196
RNG(1),3.13,2,0.8051,0.3196
RNG(1),3.14,2,0.8602,0.3818
RNG(1),3.15,2,0.8602,0.3818
RNG(1),3.17,2,0.8602,0.3818
RNG(1),3.18,2,0.8051,0.3196
RNG(1),3.19,2,0.8602,0.3818
RNG(1),3.21,1,0.8302,0.0
RNG(1),3.23,1,0.8302,0.0
RNG(1),3.28,2,0.8602,0.3818
RNG(1),3.32,2,0.8602,0.3818
RNG(1),3.35,2,0.8602,0.3818
RNG(1),3.37,2,0.8051,0.3196
RNG(1),3.41,3,0.8335,0.1373
RNG(1),3.42,2,0.8051,0.3196
RNG(1),3.43,2,0.8051,0.3196
RNG(1),3.44,3,0.8335,0.1373
RNG(1),3.45,2,0.8051,0.3196
RNG(1),3.47,2,0.8051,0.3196
RNG(1),3.5,3,0.8335,0.1373
RNG(1),3.53,3,0.8335,0.1373
RNG(1),3.54,1,0.8302,0.0
RNG(1),3.58,3,0.8335,0.1373
RNG(1),3.59,3,0.8335,0.1373
RNG(1),3.6,1,0.8302,0.0
RNG(1),3.62,3,0.8335,0.1373
RNG(1),3.63,2,0.8602,0.3818
RNG(1),3.64,2,0.8051,0.3196
RNG(1),3.66,1,0.8302,0.0
RNG(1),3.67,2,0.8051,0.3196
RNG(1),3.68,1,0.8302,0.0
RNG(1),3.69,3,0.8335,0.1373
RNG(1),3.7,2,0.8051,0.3196
RNG(1),3.72,3,0.8335,0.1373
RNG(1),3.73,3,0.8335,0.1373
RNG(1),3.75,3,0.8335,0.1373
RNG(1),3.77,2,0.8051,0.3196
RNG(1),3.78,2,0.8051,0.3196
RNG(1),3.8,3,0.8335,0.1373
RNG(1),3.82,3,0.8335,0.1373
RNG(1),3.84,2,0.8602,0.3818
RNG(1),3.87,2,0.8051,0.3196
RNG(1),3.89,2,0.8602,0.3818
RNG(1),3.9,2,0.8602,0.3818
RNG(1),3.91,3,0.8335,0.1373
RNG(1),3.92,2,0.8602,0.3818
RNG(1),3.94,2,0.8602,0.3818
RNG(1),3.95,3,0.8335,0.1373
RNG(1),3.98,3,0.8335,0.1373
RNG(1),4.01,2,0.8051,0.3196
RNG(1),4.02,3,0.8335,0.1373
RNG(1),4.03,3,0.8335,0.1373
RNG(1),4.04,2,0.8051,0.3196
RNG(1),4.06,2,0.8051,0.3196
RNG(1),4.08,3,0.8335,0.1373
RNG(1),4.1,3,0.8335,0.1373
RNG(1),4.11,3,0.8335,0.1373
RNG(1),4.12,2,0.8602,0.3818
RNG(1),4.13,2,0.8051,0.3196
RNG(1),4.14,2,0.8051,0.3196
RNG(1),4.17,3,0.8335,0.1373
RNG(1),4.19,3,0.8335,0.1373
RNG(1),4.2,2,0.8602,0.3818
RNG(1),4.21,3,0.8335,0.1373
RNG(1),4.24,2,0.8602,0.3818
RNG(1),4.26,2,0.8051,0.3196
RNG(1),4.28,3,0.8335,0.1373
RNG(1),4.29,3,0.8335,0.1373
RNG(1),4.32,1,0.8302,0.0
RNG(1),4.33,1,0.8302,0.0
RNG(1),4.34,3,0.8335,0.1373
RNG(1),4.38,1,0.8302,0.0
RNG(1),4.4,2,0.8602,0.3818
RNG(1),4.41,1,0.8302,0.0
RNG(1),4.43,2,0.8051,0.3196
RNG(1),4.44,2,0.8602,0.3818
RNG(1),4.45,3,0.8335,0.1373
RNG(1),4.46,2,0.8602,0.3818
RNG(1),4.49,3,0.8335,0.1373
RNG(1),4.52,3,0.8335,0.1373
RNG(1),4.53,2,0.8051,0.3196
RNG(1),4.55,1,0.8302,0.0
RNG(1),4.57,3,0.8335,0.1373
RNG(1),4.58,3,0.8335,0.1373
RNG(1),4.64,3,0.8335,0.1373
RNG(1),4.65,3,0.8335,0.1373
RNG(1),4.67,2,0.8051,0.3196
RNG(1),4.68,2,0.8602,0.3818
RNG(1),4.71,3,0.8335,0.1373
RNG(1),4.75,1,0.8302,0.0
RNG(1),4.77,1,0.8302,0.0
RNG(1),4.78,1,0.8302,0.0
RNG(1),4.81,2,0.8051,0.3196
RNG(1),4.85,1,0.8302,0.0
RNG(1),4.86,2,0.8602,0.3818
RNG(1),4.9,3,0.8335,0.1373
RNG(1),4.91,1,0.8302,0.0
RNG(1),4.94,1,0.8302,0.0
RNG(1),4.97,2,0.8602,0.3818
RNG(1),5.01,1,0.8302,0.0
RNG(1),5.03,3,0.8335,0.1373
RNG(1),5.09,1,0.8302,0.0
RNG(1),5.2,1,0.8302,0.0
RNG(1),5.23,2,0.8051,0.3196
RNG(1),5.24,1,0.8302,0.0
RNG(1),5.32,3,0.8335,0.1373
RNG(1),5.34,1,0.8302,0.0
RNG(1),5.35,1,0.8302,0.0
MMR(0.3),1.0,1,0.8892,0.0
MMR(0.3),1.01,1,0.8892,0.0
MMR(0.3),1.02,1,0.8906,0.0
MMR(0.3),1.44,1,0.8708,0.0
MMR(0.3),1.47,2,0.8231,0.5807
MMR(0.3),1.49,2,0.8231,0.5807
MMR(0.3),1.5,2,0.822,0.5673
MMR(0.3),1.54,2,0.8217,0.5629
MMR(0.3),1.66,2,0.8134,0.6156
MMR(0.3),1.7,2,0.8103,0.6283
MMR(0.3),1.72,2,0.8072,0.6156
MMR(0.3),1.74,1,0.8556,0.0
MMR(0.3),1.79,2,0.8057,0.6067
MMR(0.3),1.81,1,0.8528,0.0
MMR(0.3),1.82,2,0.8051,0.6067
MMR(0.3),1.83,2,0.8031,0.6086
MMR(0.3),1.98,1,0.8469,0.0
MMR(0.3),2.02,2,0.7951,0.5603
MMR(0.3),2.12,1,0.8403,0.0
MMR(0.3),2.13,1,0.8382,0.0
MMR(0.3),2.14,1,0.8382,0.0
MMR(0.3),2.17,1,0.8382,0.0
MMR(0.3),2.22,1,0.8382,0.0
MMR(0.3),2.24,2,0.7923,0.5826
MMR(0.3),2.27,2,0.7908,0.5896
MMR(0.3),2.3,1,0.833,0.0
MMR(0.3),2.31,2,0.7866,0.5362
MMR(0.3),2.39,1,0.8278,0.0
MMR(0.3),2.46,2,0.7795,0.4631
MMR(0.3),2.49,2,0.779,0.4701
MMR(0.3),2.6,1,0.8108,0.0
MMR(0.3),2.62,2,0.7743,0.4371
MMR(0.3),2.7,2,0.7737,0.4301
MMR(0.3),2.74,2,0.7717,0.4041
MMR(0.3),2.75,1,0.8003,0.0
MMR(0.3),2.8,2,0.767,0.3443
MMR(0.3),2.9,2,0.7654,0.3246
MMR(0.3),2.92,1,0.791,0.0
MMR(0.3),3.02,1,0.7878,0.0
MMR(0.3),3.03,1,0.7858,0.0
MMR(0.3),3.16,1,0.7816,0.0
MMR(0.3),3.2,1,0.7785,0.0
MMR(0.3),3.24,1,0.7785,0.0
MMR(0.3),3.25,1,0.7764,0.0
MMR(0.3),3.26,1,0.7764,0.0
MMR(0.3),3.29,2,0.7536,0.2713
MMR(0.3),3.3,2,0.7526,0.2579
MMR(0.3),3.36,1,0.7708,0.0
MMR(0.3),3.38,1,0.7698,0.0
MMR(0.3),3.39,1,0.7698,0.0
MMR(0.3),3.4,2,0.75,0.2516
MMR(0.3),3.46,2,0.7458,0.2516
MMR(0.3),3.51,2,0.738,0.2185
MMR(0.3),3.55,1,0.7552,0.0
MMR(0.3),3.71,2,0.7323,0.1982
MMR(0.3),3.74,2,0.7323,0.1982
MMR(0.3),3.76,1,0.7438,0.0
MMR(0.3),3.79,1,0.7417,0.0
MMR(0.3),3.83,2,0.7271,0.1321
MMR(0.3),3.86,2,0.7261,0.1188
MMR(0.3),3.88,2,0.725,0.1321
MMR(0.3),3.93,2,0.7239,0.1188
MMR(0.3),3.96,2,0.7229,0.1055
MMR(0.3),3.97,2,0.7205,0.0928
MMR(0.3),4.0,2,0.7216,0.0794
MMR(0.3),4.05,1,0.7236,0.0
MMR(0.3),4.07,2,0.7168,0.0591
MMR(0.3),4.22,2,0.7106,0.033
MMR(0.3),4.3,2,0.7048,0.04
MMR(0.3),4.39,2,0.7017,0.0
MMR(0.3),4.48,2,0.6955,0.0
MMR(0.3),4.62,2,0.6934,0.0
MMR(0.3),4.63,2,0.6934,0.0
MMR(0.3),4.83,2,0.6882,0.0394
MMR(0.3),4.87,1,0.683,0.0
MMR(0.3),4.95,2,0.6861,0.0661
MMR(0.3),5.08,1,0.6809,0.0
MMR(0.3),5.14,1,0.6809,0.0
MMR(0.3),5.46,1,0.6809,0.0
MMR(0.3),5.47,1,0.6809,0.0
MMR(0.5),1.0,1,0.8892,0.0
MMR(0.5),1.01,1,0.8892,0.0
MMR(0.5),1.02,1,0.8906,0.0
MMR(0.5),1.44,1,0.8844,0.0
MMR(0.5),1.47,2,0.8319,0.6664
MMR(0.5),1.49,2,0.8319,0.6664
MMR(0.5),1.5,2,0.8319,0.6664
MMR(0.5),1.54,2,0.8316,0.662
MMR(0.5),1.66,2,0.8295,0.662
MMR(0.5),1.7,2,0.8285,0.6753
MMR(0.5),1.72,2,0.8263,0.6487
MMR(0.5),1.74,1,0.8774,0.0
MMR(0.5),1.79,2,0.825,0.6391
MMR(0.5),1.81,1,0.8747,0.0
MMR(0.5),1.82,2,0.8244,0.6398
MMR(0.5),1.83,2,0.8224,0.6417
MMR(0.5),1.98,1,0.8688,0.0
MMR(0.5),2.02,2,0.817,0.5997
MMR(0.5),2.12,1,0.8653,0.0
MMR(0.5),2.13,1,0.8632,0.0
MMR(0.5),2.14,1,0.8632,0.0
MMR(0.5),2.17,1,0.8632,0.0
MMR(0.5),2.22,1,0.8632,0.0
MMR(0.5),2.24,2,0.8153,0.6086
MMR(0.5),2.27,2,0.8137,0.6156
MMR(0.5),2.3,1,0.858,0.0
MMR(0.5),2.31,2,0.8106,0.5756
MMR(0.5),2.39,1,0.8569,0.0
MMR(0.5),2.46,2,0.8055,0.5292
MMR(0.5),2.49,2,0.805,0.5362
MMR(0.5),2.6,1,0.8451,0.0
MMR(0.5),2.62,2,0.803,0.5102
MMR(0.5),2.7,2,0.8024,0.5032
MMR(0.5),2.74,2,0.8003,0.4765
MMR(0.5),2.75,1,0.8347,0.0
MMR(0.5),2.8,2,0.7956,0.4174
MMR(0.5),2.9,2,0.7941,0.3971
MMR(0.5),2.92,1,0.8253,0.0
MMR(0.5),3.02,1,0.8222,0.0
MMR(0.5),3.03,1,0.8201,0.0
MMR(0.5),3.16,1,0.816,0.0
MMR(0.5),3.2,1,0.8128,0.0
MMR(0.5),3.24,1,0.8128,0.0
MMR(0.5),3.25,1,0.8108,0.0
MMR(0.5),3.26,1,0.8108,0.0
MMR(0.5),3.29,2,0.7833,0.331
MMR(0.5),3.3,2,0.7823,0.3177
MMR(0.5),3.36,1,0.8052,0.0
MMR(0.5),3.38,1,0.8042,0.0
MMR(0.5),3.39,1,0.8042,0.0
MMR(0.5),3.4,2,0.7808,0.298
MMR(0.5),3.46,2,0.7766,0.298
MMR(0.5),3.51,2,0.7709,0.2649
MMR(0.5),3.55,1,0.7917,0.0
MMR(0.5),3.71,2,0.7677,0.2516
MMR(0.5),3.74,2,0.7677,0.2516
MMR(0.5),3.76,1,0.7854,0.0
MMR(0.5),3.79,1,0.7833,0.0
MMR(0.5),3.83,2,0.7646,0.1855
MMR(0.5),3.86,2,0.7635,0.1722
MMR(0.5),3.88,2,0.7625,0.1855
MMR(0.5),3.93,2,0.7625,0.1855
MMR(0.5),3.96,2,0.7625,0.1855
MMR(0.5),3.97,2,0.7601,0.1722
MMR(0.5),4.0,2,0.7611,0.1588
MMR(0.5),4.05,1,0.7694,0.0
MMR(0.5),4.07,2,0.7565,0.1391
MMR(0.5),4.22,2,0.7522,0.1391
MMR(0.5),4.3,2,0.7481,0.1652
MMR(0.5),4.39,2,0.746,0.1124
MMR(0.5),4.48,2,0.7408,0.1258
MMR(0.5),4.62,2,0.7387,0.1258
MMR(0.5),4.63,2,0.7387,0.1258
MMR(0.5),4.83,2,0.7376,0.0858
MMR(0.5),4.87,1,0.7424,0.0
MMR(0.5),4.95,2,0.7356,0.0597
MMR(0.5),5.08,1,0.7403,0.0
MMR(0.5),5.14,1,0.7403,0.0
MMR(0.5),5.46,1,0.7403,0.0
MMR(0.5),5.47,1,0.7403,0.0
MMR(0.7),1.0,1,0.8892,0.0
MMR(0.7),1.01,1,0.8892,0.0
MMR(0.7),1.02,1,0.8906,0.0
MMR(0.7),1.44,1,0.8948,0.0
MMR(0.7),1.47,2,0.8396,0.7014
MMR(0.7),1.49,2,0.8396,0.7014
MMR(0.7),1.5,2,0.8396,0.7014
MMR(0.7),1.54,2,0.8396,0.7014
MMR(0.7),1.66,2,0.8396,0.7014
MMR(0.7),1.7,2,0.8396,0.7014
MMR(0.7),1.72,2,0.8386,0.688
MMR(0.7),1.74,1,0.8927,0.0
MMR(0.7),1.79,2,0.8386,0.688
MMR(0.7),1.81,1,0.8927,0.0
MMR(0.7),1.82,2,0.8386,0.688
MMR(0.7),1.83,2,0.8391,0.695
MMR(0.7),1.98,1,0.8958,0.0
MMR(0.7),2.02,2,0.8397,0.7033
MMR(0.7),2.12,1,0.8962,0.0
MMR(0.7),2.13,1,0.8962,0.0
MMR(0.7),2.14,1,0.8962,0.0
MMR(0.7),2.17,1,0.8962,0.0
MMR(0.7),2.22,1,0.8962,0.0
MMR(0.7),2.24,2,0.8399,0.7147
MMR(0.7),2.27,2,0.8399,0.7147
MMR(0.7),2.3,1,0.8962,0.0
MMR(0.7),2.31,2,0.8399,0.7147
MMR(0.7),2.39,1,0.8962,0.0
MMR(0.7),2.46,2,0.8372,0.688
MMR(0.7),2.49,2,0.8372,0.688
MMR(0.7),2.6,1,0.8913,0.0
MMR(0.7),2.62,2,0.8372,0.688
MMR(0.7),2.7,2,0.8372,0.688
MMR(0.7),2.74,2,0.8372,0.688
MMR(0.7),2.75,1,0.8913,0.0
MMR(0.7),2.8,2,0.8367,0.6817
MMR(0.7),2.9,2,0.8367,0.6817
MMR(0.7),2.92,1,0.8903,0.0
MMR(0.7),3.02,1,0.8903,0.0
MMR(0.7),3.03,1,0.8903,0.0
MMR(0.7),3.16,1,0.8903,0.0
MMR(0.7),3.2,1,0.8903,0.0
MMR(0.7),3.24,1,0.8903,0.0
MMR(0.7),3.25,1,0.8903,0.0
MMR(0.7),3.26,1,0.8903,0.0
MMR(0.7),3.29,2,0.8338,0.7084
MMR(0.7),3.3,2,0.8338,0.7084
MMR(0.7),3.36,1,0.8896,0.0
MMR(0.7),3.38,1,0.8896,0.0
MMR(0.7),3.39,1,0.8896,0.0
MMR(0.7),3.4,2,0.8338,0.7084
MMR(0.7),3.46,2,0.8328,0.7217
MMR(0.7),3.51,2,0.8328,0.7217
MMR(0.7),3.55,1,0.8896,0.0
MMR(0.7),3.71,2,0.8317,0.7084
MMR(0.7),3.74,2,0.8317,0.7084
MMR(0.7),3.76,1,0.8875,0.0
MMR(0.7),3.79,1,0.8854,0.0
MMR(0.7),3.83,2,0.8328,0.6683
MMR(0.7),3.86,2,0.8317,0.655
MMR(0.7),3.88,2,0.8317,0.655
MMR(0.7),3.93,2,0.8317,0.655
MMR(0.7),3.96,2,0.8317,0.655
MMR(0.7),3.97,2,0.8311,0.655
MMR(0.7),4.0,2,0.8321,0.6417
MMR(0.7),4.05,1,0.8826,0.0
MMR(0.7),4.07,2,0.8311,0.655
MMR(0.7),4.22,2,0.8269,0.6556
MMR(0.7),4.3,2,0.8248,0.6817
MMR(0.7),4.39,2,0.8227,0.6283
MMR(0.7),4.48,2,0.8206,0.655
MMR(0.7),4.62,2,0.8185,0.655
MMR(0.7),4.63,2,0.8185,0.655
MMR(0.7),4.83,2,0.8175,0.6156
MMR(0.7),4.87,1,0.866,0.0
MMR(0.7),4.95,2,0.8175,0.6156
MMR(0.7),5.08,1,0.866,0.0
MMR(0.7),5.14,1,0.866,0.0
MMR(0.7),5.46,1,0.866,0.0
MMR(0.7),5.47,1,0.866,0.0
MMR(0.9),1.0,1,0.8892,0.0
MMR(0.9),1.01,1,0.8892,0.0
MMR(0.9),1.02,1,0.8899,0.0
MMR(0.9),1.44,1,0.891,0.0
MMR(0.9),1.47,2,0.8358,0.7014
MMR(0.9),1.49,2,0.8358,0.7014
MMR(0.9),1.5,2,0.8358,0.7014
MMR(0.9),1.54,2,0.8358,0.7014
MMR(0.9),1.66,2,0.8358,0.7014
MMR(0.9),1.7,2,0.8358,0.7014
MMR(0.9),1.72,2,0.8358,0.7014
MMR(0.9),1.74,1,0.891,0.0
MMR(0.9),1.79,2,0.8358,0.7014
MMR(0.9),1.81,1,0.8917,0.0
MMR(0.9),1.82,2,0.8365,0.702
MMR(0.9),1.83,2,0.8365,0.702
MMR(0.9),1.98,1,0.8917,0.0
MMR(0.9),2.02,2,0.8365,0.702
MMR(0.9),2.12,1,0.8917,0.0
MMR(0.9),2.13,1,0.8917,0.0
MMR(0.9),2.14,1,0.8917,0.0
MMR(0.9),2.17,1,0.8917,0.0
MMR(0.9),2.22,1,0.8917,0.0
MMR(0.9),2.24,2,0.8365,0.702
MMR(0.9),2.27,2,0.8365,0.702
MMR(0.9),2.3,1,0.8917,0.0
MMR(0.9),2.31,2,0.8365,0.702
MMR(0.9),2.39,1,0.8917,0.0
MMR(0.9),2.46,2,0.837,0.7084
MMR(0.9),2.49,2,0.837,0.7084
MMR(0.9),2.6,1,0.8927,0.0
MMR(0.9),2.62,2,0.837,0.7084
MMR(0.9),2.7,2,0.837,0.7084
MMR(0.9),2.74,2,0.837,0.7084
MMR(0.9),2.75,1,0.8927,0.0
MMR(0.9),2.8,2,0.837,0.7084
MMR(0.9),2.9,2,0.837,0.7084
MMR(0.9),2.92,1,0.8927,0.0
MMR(0.9),3.02,1,0.8927,0.0
MMR(0.9),3.03,1,0.8927,0.0
MMR(0.9),3.16,1,0.8927,0.0
MMR(0.9),3.2,1,0.8927,0.0
MMR(0.9),3.24,1,0.8927,0.0
MMR(0.9),3.25,1,0.8927,0.0
MMR(0.9),3.26,1,0.8927,0.0
MMR(0.9),3.29,2,0.8359,0.7211
MMR(0.9),3.3,2,0.8359,0.7211
MMR(0.9),3.36,1,0.8927,0.0
MMR(0.9),3.38,1,0.8927,0.0
MMR(0.9),3.39,1,0.8927,0.0
MMR(0.9),3.4,2,0.8359,0.7211
MMR(0.9),3.46,2,0.8359,0.7211
MMR(0.9),3.51,2,0.8359,0.7211
MMR(0.9),3.55,1,0.8927,0.0
MMR(0.9),3.71,2,0.8359,0.7211
MMR(0.9),3.74,2,0.8359,0.7211
MMR(0.9),3.76,1,0.8927,0.0
MMR(0.9),3.79,1,0.8927,0.0
MMR(0.9),3.83,2,0.838,0.695
MMR(0.9),3.86,2,0.838,0.695
MMR(0.9),3.88,2,0.838,0.695
MMR(0.9),3.93,2,0.838,0.695
MMR(0.9),3.96,2,0.8391,0.6817
MMR(0.9),3.97,2,0.8391,0.6817
MMR(0.9),4.0,2,0.8401,0.6683
MMR(0.9),4.05,1,0.8927,0.0
MMR(0.9),4.07,2,0.8401,0.6683
MMR(0.9),4.22,2,0.838,0.695
MMR(0.9),4.3,2,0.8359,0.7211
MMR(0.9),4.39,2,0.837,0.7084
MMR(0.9),4.48,2,0.8349,0.7344
MMR(0.9),4.62,2,0.8349,0.7344
MMR(0.9),4.63,2,0.8349,0.7344
MMR(0.9),4.83,2,0.8349,0.7344
MMR(0.9),4.87,1,0.8927,0.0
MMR(0.9),4.95,2,0.8349,0.7344
MMR(0.9),5.08,1,0.8927,0.0
MMR(0.9),5.14,1,0.8927,0.0
MMR(0.9),5.46,1,0.8927,0.0
MMR(0.9),5.47,1,0.8927,0.0
Maxmin,1.0,1,0.8892,0.0
Maxmin,1.01,1,0.8892,0.0
Maxmin,1.02,1,0.8899,0.0
Maxmin,1.44,1,0.8681,0.0
Maxmin,1.47,2,0.8214,0.5673
Maxmin,1.49,2,0.8214,0.5673
Maxmin,1.5,2,0.8203,0.554
Maxmin,1.54,2,0.8199,0.5495
Maxmin,1.66,2,0.8126,0.6156
Maxmin,1.7,2,0.8085,0.615
Maxmin,1.72,2,0.8054,0.6023
Maxmin,1.74,1,0.8528,0.0
Maxmin,1.79,2,0.803,0.6067
Maxmin,1.81,1,0.85,0.0
Maxmin,1.82,2,0.8022,0.6067
Maxmin,1.83,2,0.7993,0.6226
Maxmin,1.98,1,0.8451,0.0
Maxmin,2.02,2,0.7908,0.5934
Maxmin,2.12,1,0.8354,0.0
Maxmin,2.13,1,0.8354,0.0
Maxmin,2.14,1,0.8354,0.0
Maxmin,2.17,1,0.8354,0.0
Maxmin,2.22,1,0.8354,0.0
Maxmin,2.24,2,0.7865,0.622
Maxmin,2.27,2,0.7849,0.629
Maxmin,2.3,1,0.8323,0.0
Maxmin,2.31,2,0.7828,0.6023
Maxmin,2.39,1,0.8281,0.0
Maxmin,2.46,2,0.7762,0.5362
Maxmin,2.49,2,0.7757,0.5426
Maxmin,2.6,1,0.8111,0.0
Maxmin,2.62,2,0.7689,0.5095
Maxmin,2.7,2,0.7684,0.5032
Maxmin,2.74,2,0.7652,0.4898
Maxmin,2.75,1,0.8007,0.0
Maxmin,2.8,2,0.7595,0.4428
Maxmin,2.9,2,0.7586,0.4301
Maxmin,2.92,1,0.7924,0.0
Maxmin,3.02,1,0.7882,0.0
Maxmin,3.03,1,0.7861,0.0
Maxmin,3.16,1,0.784,0.0
Maxmin,3.2,1,0.7809,0.0
Maxmin,3.24,1,0.7809,0.0
Maxmin,3.25,1,0.7788,0.0
Maxmin,3.26,1,0.7788,0.0
Maxmin,3.29,2,0.7493,0.357
Maxmin,3.3,2,0.7482,0.3437
Maxmin,3.36,1,0.7733,0.0
Maxmin,3.38,1,0.7722,0.0
Maxmin,3.39,1,0.7722,0.0
Maxmin,3.4,2,0.7456,0.3373
Maxmin,3.46,2,0.7394,0.338
Maxmin,3.51,2,0.7306,0.3177
Maxmin,3.55,1,0.7556,0.0
Maxmin,3.71,2,0.7238,0.3113
Maxmin,3.74,2,0.7238,0.3113
Maxmin,3.76,1,0.742,0.0
Maxmin,3.79,1,0.7399,0.0
Maxmin,3.83,2,0.7176,0.2319
Maxmin,3.86,2,0.7165,0.2185
Maxmin,3.88,2,0.7144,0.2452
Maxmin,3.93,2,0.7134,0.2319
Maxmin,3.96,2,0.7134,0.2052
Maxmin,3.97,2,0.7109,0.1919
Maxmin,4.0,2,0.7119,0.1785
Maxmin,4.05,1,0.7219,0.0
Maxmin,4.07,2,0.7073,0.1588
Maxmin,4.22,2,0.701,0.1061
Maxmin,4.3,2,0.6954,0.1124
Maxmin,4.39,2,0.6911,0.0591
Maxmin,4.48,2,0.6849,0.0597
Maxmin,4.62,2,0.6849,0.0597
Maxmin,4.63,2,0.6849,0.0597
Maxmin,4.83,2,0.6818,0.0064
Maxmin,4.87,1,0.6792,0.0
Maxmin,4.95,2,0.6797,0.033
Maxmin,5.08,1,0.6792,0.0
Maxmin,5.14,1,0.6792,0.0
Maxmin,5.46,1,0.6813,0.0
Maxmin,5.47,1,0.6813,0.0
Greedy-DPP,1.0,1,0.8892,0.0
Greedy-DPP,1.01,1,0.8892,0.0
Greedy-DPP,1.02,1,0.8906,0.0
Greedy-DPP,1.44,1,0.8885,0.0
Greedy-DPP,1.47,2,0.8364,0.6614
Greedy-DPP,1.49,2,0.8364,0.6614
Greedy-DPP,1.5,2,0.8364,0.6614
Greedy-DPP,1.54,2,0.8364,0.6614
Greedy-DPP,1.66,2,0.8344,0.662
Greedy-DPP,1.7,2,0.8334,0.6753
Greedy-DPP,1.72,2,0.8323,0.662
Greedy-DPP,1.74,1,0.8844,0.0
Greedy-DPP,1.79,2,0.8323,0.662
Greedy-DPP,1.81,1,0.8844,0.0
Greedy-DPP,1.82,2,0.8323,0.662
Greedy-DPP,1.83,2,0.8307,0.6683
Greedy-DPP,1.98,1,0.8823,0.0
Greedy-DPP,2.02,2,0.8288,0.6709
Greedy-DPP,2.12,1,0.8826,0.0
Greedy-DPP,2.13,1,0.8806,0.0
Greedy-DPP,2.14,1,0.8806,0.0
Greedy-DPP,2.17,1,0.8806,0.0
Greedy-DPP,2.22,1,0.8806,0.0
Greedy-DPP,2.24,2,0.8275,0.6753
Greedy-DPP,2.27,2,0.8258,0.6817
Greedy-DPP,2.3,1,0.8774,0.0
Greedy-DPP,2.31,2,0.8237,0.655
Greedy-DPP,2.39,1,0.8764,0.0
Greedy-DPP,2.46,2,0.821,0.629
Greedy-DPP,2.49,2,0.821,0.629
Greedy-DPP,2.6,1,0.8684,0.0
Greedy-DPP,2.62,2,0.8199,0.6156
Greedy-DPP,2.7,2,0.8199,0.6156
Greedy-DPP,2.74,2,0.8199,0.6156
Greedy-DPP,2.75,1,0.8653,0.0
Greedy-DPP,2.8,2,0.8153,0.5559
Greedy-DPP,2.9,2,0.8153,0.5559
Greedy-DPP,2.92,1,0.859,0.0
Greedy-DPP,3.02,1,0.8559,0.0
Greedy-DPP,3.03,1,0.8538,0.0
Greedy-DPP,3.16,1,0.8517,0.0
Greedy-DPP,3.2,1,0.8486,0.0
Greedy-DPP,3.24,1,0.8486,0.0
Greedy-DPP,3.25,1,0.8465,0.0
Greedy-DPP,3.26,1,0.8465,0.0
Greedy-DPP,3.29,2,0.8052,0.5159
Greedy-DPP,3.3,2,0.8042,0.5032
Greedy-DPP,3.36,1,0.8417,0.0
Greedy-DPP,3.38,1,0.8406,0.0
Greedy-DPP,3.39,1,0.8406,0.0
Greedy-DPP,3.4,2,0.8026,0.4828
Greedy-DPP,3.46,2,0.7995,0.4701
Greedy-DPP,3.51,2,0.7948,0.4765
Greedy-DPP,3.55,1,0.8323,0.0
Greedy-DPP,3.71,2,0.7927,0.4498
Greedy-DPP,3.74,2,0.7927,0.4498
Greedy-DPP,3.76,1,0.826,0.0
Greedy-DPP,3.79,1,0.824,0.0
Greedy-DPP,3.83,2,0.7927,0.3971
Greedy-DPP,3.86,2,0.7917,0.3837
Greedy-DPP,3.88,2,0.7906,0.3971
Greedy-DPP,3.93,2,0.7906,0.3971
Greedy-DPP,3.96,2,0.7906,0.3971
Greedy-DPP,3.97,2,0.79,0.3971
Greedy-DPP,4.0,2,0.791,0.3837
Greedy-DPP,4.05,1,0.8191,0.0
Greedy-DPP,4.07,2,0.7884,0.3907
Greedy-DPP,4.22,2,0.7842,0.3901
Greedy-DPP,4.3,2,0.7811,0.4034
Greedy-DPP,4.39,2,0.779,0.3507
Greedy-DPP,4.48,2,0.7758,0.3907
Greedy-DPP,4.62,2,0.7738,0.3901
Greedy-DPP,4.63,2,0.7738,0.3901
Greedy-DPP,4.83,2,0.7727,0.3507
Greedy-DPP,4.87,1,0.8003,0.0
Greedy-DPP,4.95,2,0.7727,0.3507
Greedy-DPP,5.08,1,0.8003,0.0
Greedy-DPP,5.14,1,0.8003,0.0
Greedy-DPP,5.46,1,0.8003,0.0
Greedy-DPP,5.47,1,0.8003,0.0
RNG(-0.3),1.0,1,0.8892,0.0
RNG(-0.3),1.01,1,0.8892,0.0
RNG(-0.3),1.02,1,0.8906,0.0
RNG(-0.3),1.44,1,0.8906,0.0
RNG(-0.3),1.47,2,0.8362,0.6906
RNG(-0.3),1.49,2,0.8362,0.6906
RNG(-0.3),1.5,2,0.8362,0.6906
RNG(-0.3),1.54,2,0.8366,0.695
RNG(-0.3),1.66,2,0.8366,0.695
RNG(-0.3),1.7,2,0.8366,0.695
RNG(-0.3),1.72,2,0.8366,0.695
RNG(-0.3),1.74,1,0.8913,0.0
RNG(-0.3),1.79,2,0.8369,0.6906
RNG(-0.3),1.81,1,0.892,0.0
RNG(-0.3),1.82,2,0.8377,0.6906
RNG(-0.3),1.83,2,0.838,0.695
RNG(-0.3),1.98,1,0.8927,0.0
RNG(-0.3),2.02,2,0.838,0.695
RNG(-0.3),2.12,1,0.8927,0.0
RNG(-0.3),2.13,1,0.8927,0.0
RNG(-0.3),2.14,1,0.8927,0.0
RNG(-0.3),2.17,1,0.8927,0.0
RNG(-0.3),2.22,1,0.8927,0.0
RNG(-0.3),2.24,2,0.838,0.695
RNG(-0.3),2.27,2,0.8386,0.702
RNG(-0.3),2.3,1,0.8938,0.0
RNG(-0.3),2.31,2,0.8386,0.702
RNG(-0.3),2.39,1,0.8938,0.0
RNG(-0.3),2.46,2,0.8396,0.7147
RNG(-0.3),2.49,2,0.8396,0.7147
RNG(-0.3),2.6,1,0.8958,0.0
RNG(-0.3),2.62,2,0.8396,0.7147
RNG(-0.3),2.7,2,0.8401,0.7217
RNG(-0.3),2.74,2,0.8401,0.7217
RNG(-0.3),2.75,1,0.8969,0.0
RNG(-0.3),2.8,2,0.8401,0.7217
RNG(-0.3),2.9,2,0.8401,0.7217
RNG(-0.3),2.92,1,0.8969,0.0
RNG(-0.3),3.02,1,0.8969,0.0
RNG(-0.3),3.03,1,0.8969,0.0
RNG(-0.3),3.16,1,0.8969,0.0
RNG(-0.3),3.2,1,0.8969,0.0
RNG(-0.3),3.24,1,0.8969,0.0
RNG(-0.3),3.25,1,0.8969,0.0
RNG(-0.3),3.26,1,0.8969,0.0
RNG(-0.3),3.29,2,0.8401,0.7217
RNG(-0.3),3.3,2,0.8401,0.7217
RNG(-0.3),3.36,1,0.8969,0.0
RNG(-0.3),3.38,1,0.8969,0.0
RNG(-0.3),3.39,1,0.8969,0.0
RNG(-0.3),3.4,2,0.8401,0.7217
RNG(-0.3),3.46,2,0.8401,0.7217
RNG(-0.3),3.51,2,0.8401,0.7217
RNG(-0.3),3.55,1,0.8969,0.0
RNG(-0.3),3.71,2,0.8401,0.7217
RNG(-0.3),3.74,2,0.8401,0.7217
RNG(-0.3),3.76,1,0.8969,0.0
RNG(-0.3),3.79,1,0.8969,0.0
RNG(-0.3),3.83,2,0.8401,0.7217
RNG(-0.3),3.86,2,0.8401,0.7217
RNG(-0.3),3.88,2,0.8401,0.7217
RNG(-0.3),3.93,2,0.8401,0.7217
RNG(-0.3),3.96,2,0.8401,0.7217
RNG(-0.3),3.97,2,0.8401,0.7217
RNG(-0.3),4.0,2,0.8412,0.7084
RNG(-0.3),4.05,1,0.8969,0.0
RNG(-0.3),4.07,2,0.8412,0.7084
RNG(-0.3),4.22,2,0.8422,0.7217
RNG(-0.3),4.3,2,0.8422,0.7217
RNG(-0.3),4.39,2,0.8422,0.7217
RNG(-0.3),4.48,2,0.8401,0.7484
RNG(-0.3),4.62,2,0.8401,0.7484
RNG(-0.3),4.63,2,0.8401,0.7484
RNG(-0.3),4.83,2,0.8401,0.7484
RNG(-0.3),4.87,1,0.899,0.0
RNG(-0.3),4.95,2,0.8401,0.7484
RNG(-0.3),5.08,1,0.899,0.0
RNG(-0.3),5.14,1,0.899,0.0
RNG(-0.3),5.46,1,0.899,0.0
RNG(-0.3),5.47,1,0.899,0.0
RNG(-0.2),1.0,1,0.8892,0.0
RNG(-0.2),1.01,1,0.8892,0.0
RNG(-0.2),1.02,1,0.8906,0.0
RNG(-0.2),1.44,1,0.8948,0.0
RNG(-0.2),1.47,2,0.8405,0.6906
RNG(-0.2),1.49,2,0.8405,0.6906
RNG(-0.2),1.5,2,0.8405,0.6906
RNG(-0.2),1.54,2,0.8408,0.695
RNG(-0.2),1.66,2,0.8408,0.695
RNG(-0.2),1.7,2,0.8408,0.695
RNG(-0.2),1.72,2,0.8408,0.695
RNG(-0.2),1.74,1,0.8955,0.0
RNG(-0.2),1.79,2,0.8412,0.6906
RNG(-0.2),1.81,1,0.8962,0.0
RNG(-0.2),1.82,2,0.8418,0.6906
RNG(-0.2),1.83,2,0.8427,0.7014
RNG(-0.2),1.98,1,0.9,0.0
RNG(-0.2),2.02,2,0.8438,0.7147
RNG(-0.2),2.12,1,0.9,0.0
RNG(-0.2),2.13,1,0.9,0.0
RNG(-0.2),2.14,1,0.9,0.0
RNG(-0.2),2.17,1,0.9,0.0
RNG(-0.2),2.22,1,0.9,0.0
RNG(-0.2),2.24,2,0.8438,0.7147
RNG(-0.2),2.27,2,0.8442,0.7211
RNG(-0.2),2.3,1,0.901,0.0
RNG(-0.2),2.31,2,0.8442,0.7211
RNG(-0.2),2.39,1,0.9021,0.0
RNG(-0.2),2.46,2,0.8458,0.7414
RNG(-0.2),2.49,2,0.8458,0.7414
RNG(-0.2),2.6,1,0.9042,0.0
RNG(-0.2),2.62,2,0.8458,0.7414
RNG(-0.2),2.7,2,0.8463,0.7478
RNG(-0.2),2.74,2,0.8463,0.7478
RNG(-0.2),2.75,1,0.9062,0.0
RNG(-0.2),2.8,2,0.8468,0.7541
RNG(-0.2),2.9,2,0.8474,0.7611
RNG(-0.2),2.92,1,0.9073,0.0
RNG(-0.2),3.02,1,0.9073,0.0
RNG(-0.2),3.03,1,0.9073,0.0
RNG(-0.2),3.16,1,0.9073,0.0
RNG(-0.2),3.2,1,0.9073,0.0
RNG(-0.2),3.24,1,0.9073,0.0
RNG(-0.2),3.25,1,0.9073,0.0
RNG(-0.2),3.26,1,0.9073,0.0
RNG(-0.2),3.29,2,0.8463,0.7744
RNG(-0.2),3.3,2,0.8463,0.7744
RNG(-0.2),3.36,1,0.9073,0.0
RNG(-0.2),3.38,1,0.9073,0.0
RNG(-0.2),3.39,1,0.9073,0.0
RNG(-0.2),3.4,2,0.8463,0.7744
RNG(-0.2),3.46,2,0.8453,0.7878
RNG(-0.2),3.51,2,0.8453,0.7878
RNG(-0.2),3.55,1,0.9073,0.0
RNG(-0.2),3.71,2,0.8453,0.7878
RNG(-0.2),3.74,2,0.8453,0.7878
RNG(-0.2),3.76,1,0.9073,0.0
RNG(-0.2),3.79,1,0.9073,0.0
RNG(-0.2),3.83,2,0.8474,0.7611
RNG(-0.2),3.86,2,0.8474,0.7611
RNG(-0.2),3.88,2,0.8474,0.7611
RNG(-0.2),3.93,2,0.8474,0.7611
RNG(-0.2),3.96,2,0.8474,0.7611
RNG(-0.2),3.97,2,0.8474,0.7611
RNG(-0.2),4.0,2,0.8484,0.7478
RNG(-0.2),4.05,1,0.9073,0.0
RNG(-0.2),4.07,2,0.8474,0.7611
RNG(-0.2),4.22,2,0.8463,0.8011
RNG(-0.2),4.3,2,0.8463,0.8011
RNG(-0.2),4.39,2,0.8463,0.8011
RNG(-0.2),4.48,2,0.8443,0.8272
RNG(-0.2),4.62,2,0.8443,0.8272
RNG(-0.2),4.63,2,0.8443,0.8272
RNG(-0.2),4.83,2,0.8443,0.8272
RNG(-0.2),4.87,1,0.9094,0.0
RNG(-0.2),4.95,2,0.8443,0.8272
RNG(-0.2),5.08,1,0.9094,0.0
RNG(-0.2),5.14,1,0.9094,0.0
RNG(-0.2),5.46,1,0.9094,0.0
RNG(-0.2),5.47,1,0.9094,0.0
RNG(-0.1),1.0,1,0.8892,0.0
RNG(-0.1),1.01,1,0.8892,0.0
RNG(-0.1),1.02,1,0.8899,0.0
RNG(-0.1),1.44,1,0.8941,0.0
RNG(-0.1),1.47,2,0.8394,0.695
RNG(-0.1),1.49,2,0.8394,0.695
RNG(-0.1),1.5,2,0.8394,0.695
RNG(-0.1),1.54,2,0.8394,0.695
RNG(-0.1),1.66,2,0.8394,0.695
RNG(-0.1),1.7,2,0.8383,0.7084
RNG(-0.1),1.72,2,0.8373,0.695
RNG(-0.1),1.74,1,0.892,0.0
RNG(-0.1),1.79,2,0.8373,0.695
RNG(-0.1),1.81,1,0.892,0.0
RNG(-0.1),1.82,2,0.8373,0.695
RNG(-0.1),1.83,2,0.8378,0.702
RNG(-0.1),1.98,1,0.8941,0.0
RNG(-0.1),2.02,2,0.838,0.7039
RNG(-0.1),2.12,1,0.8944,0.0
RNG(-0.1),2.13,1,0.8924,0.0
RNG(-0.1),2.14,1,0.8924,0.0
RNG(-0.1),2.17,1,0.8924,0.0
RNG(-0.1),2.22,1,0.8924,0.0
RNG(-0.1),2.24,2,0.8372,0.702
RNG(-0.1),2.27,2,0.8372,0.702
RNG(-0.1),2.3,1,0.8924,0.0
RNG(-0.1),2.31,2,0.8372,0.702
RNG(-0.1),2.39,1,0.8924,0.0
RNG(-0.1),2.46,2,0.8343,0.6753
RNG(-0.1),2.49,2,0.8343,0.6753
RNG(-0.1),2.6,1,0.8875,0.0
RNG(-0.1),2.62,2,0.8343,0.6753
RNG(-0.1),2.7,2,0.8343,0.6753
RNG(-0.1),2.74,2,0.8343,0.6753
RNG(-0.1),2.75,1,0.8885,0.0
RNG(-0.1),2.8,2,0.8333,0.662
RNG(-0.1),2.9,2,0.8333,0.662
RNG(-0.1),2.92,1,0.8854,0.0
RNG(-0.1),3.02,1,0.8854,0.0
RNG(-0.1),3.03,1,0.8833,0.0
RNG(-0.1),3.16,1,0.8833,0.0
RNG(-0.1),3.2,1,0.8833,0.0
RNG(-0.1),3.24,1,0.8833,0.0
RNG(-0.1),3.25,1,0.8833,0.0
RNG(-0.1),3.26,1,0.8833,0.0
RNG(-0.1),3.29,2,0.8298,0.6703
RNG(-0.1),3.3,2,0.8298,0.6703
RNG(-0.1),3.36,1,0.8826,0.0
RNG(-0.1),3.38,1,0.8826,0.0
RNG(-0.1),3.39,1,0.8826,0.0
RNG(-0.1),3.4,2,0.8298,0.6703
RNG(-0.1),3.46,2,0.8288,0.6836
RNG(-0.1),3.51,2,0.8288,0.6836
RNG(-0.1),3.55,1,0.8826,0.0
RNG(-0.1),3.71,2,0.8278,0.6709
RNG(-0.1),3.74,2,0.8278,0.6709
RNG(-0.1),3.76,1,0.8785,0.0
RNG(-0.1),3.79,1,0.8764,0.0
RNG(-0.1),3.83,2,0.8278,0.6175
RNG(-0.1),3.86,2,0.8278,0.6175
RNG(-0.1),3.88,2,0.8278,0.6175
RNG(-0.1),3.93,2,0.8278,0.6175
RNG(-0.1),3.96,2,0.8278,0.6175
RNG(-0.1),3.97,2,0.8271,0.6175
RNG(-0.1),4.0,2,0.8281,0.6042
RNG(-0.1),4.05,1,0.8757,0.0
RNG(-0.1),4.07,2,0.8271,0.6175
RNG(-0.1),4.22,2,0.8239,0.6309
RNG(-0.1),4.3,2,0.8218,0.6575
RNG(-0.1),4.39,2,0.8218,0.6575
RNG(-0.1),4.48,2,0.8198,0.6836
RNG(-0.1),4.62,2,0.8177,0.6836
RNG(-0.1),4.63,2,0.8177,0.6836
RNG(-0.1),4.83,2,0.8156,0.6575
RNG(-0.1),4.87,1,0.8674,0.0
RNG(-0.1),4.95,2,0.8146,0.6442
RNG(-0.1),5.08,1,0.8653,0.0
RNG(-0.1),5.14,1,0.8653,0.0
RNG(-0.1),5.46,1,0.8653,0.0
RNG(-0.1),5.47,1,0.8653,0.0
RNG(-0.05),1.0,1,0.8892,0.0
RNG(-0.05),1.01,1,0.8892,0.0
RNG(-0.05),1.02,1,0.8899,0.0
RNG(-0.05),1.44,1,0.8941,0.0
RNG(-0.05),1.47,2,0.8389,0.7014
RNG(-0.05),1.49,2,0.8389,0.7014
RNG(-0.05),1.5,2,0.8389,0.7014
RNG(-0.05),1.54,2,0.8389,0.7014
RNG(-0.05),1.66,2,0.8389,0.7014
RNG(-0.05),1.7,2,0.8389,0.7014
RNG(-0.05),1.72,2,0.8378,0.688
RNG(-0.05),1.74,1,0.892,0.0
RNG(-0.05),1.79,2,0.8378,0.688
RNG(-0.05),1.81,1,0.892,0.0
RNG(-0.05),1.82,2,0.8378,0.688
RNG(-0.05),1.83,2,0.8378,0.688
RNG(-0.05),1.98,1,0.892,0.0
RNG(-0.05),2.02,2,0.8375,0.6836
RNG(-0.05),2.12,1,0.8913,0.0
RNG(-0.05),2.13,1,0.8913,0.0
RNG(-0.05),2.14,1,0.8913,0.0
RNG(-0.05),2.17,1,0.8913,0.0
RNG(-0.05),2.22,1,0.8913,0.0
RNG(-0.05),2.24,2,0.8372,0.688
RNG(-0.05),2.27,2,0.8372,0.688
RNG(-0.05),2.3,1,0.8913,0.0
RNG(-0.05),2.31,2,0.8372,0.688
RNG(-0.05),2.39,1,0.8913,0.0
RNG(-0.05),2.46,2,0.8344,0.662
RNG(-0.05),2.49,2,0.8344,0.662
RNG(-0.05),2.6,1,0.8865,0.0
RNG(-0.05),2.62,2,0.8344,0.662
RNG(-0.05),2.7,2,0.8344,0.662
RNG(-0.05),2.74,2,0.8334,0.6487
RNG(-0.05),2.75,1,0.8833,0.0
RNG(-0.05),2.8,2,0.8313,0.622
RNG(-0.05),2.9,2,0.8297,0.6023
RNG(-0.05),2.92,1,0.8771,0.0
RNG(-0.05),3.02,1,0.874,0.0
RNG(-0.05),3.03,1,0.874,0.0
RNG(-0.05),3.16,1,0.874,0.0
RNG(-0.05),3.2,1,0.874,0.0
RNG(-0.05),3.24,1,0.874,0.0
RNG(-0.05),3.25,1,0.874,0.0
RNG(-0.05),3.26,1,0.874,0.0
RNG(-0.05),3.29,2,0.8264,0.5959
RNG(-0.05),3.3,2,0.8264,0.5959
RNG(-0.05),3.36,1,0.8733,0.0
RNG(-0.05),3.38,1,0.8733,0.0
RNG(-0.05),3.39,1,0.8733,0.0
RNG(-0.05),3.4,2,0.8264,0.5959
RNG(-0.05),3.46,2,0.8243,0.5959
RNG(-0.05),3.51,2,0.8243,0.5959
RNG(-0.05),3.55,1,0.8712,0.0
RNG(-0.05),3.71,2,0.8233,0.5826
RNG(-0.05),3.74,2,0.8233,0.5826
RNG(-0.05),3.76,1,0.8691,0.0
RNG(-0.05),3.79,1,0.867,0.0
RNG(-0.05),3.83,2,0.8243,0.5426
RNG(-0.05),3.86,2,0.8233,0.5292
RNG(-0.05),3.88,2,0.8233,0.5292
RNG(-0.05),3.93,2,0.8233,0.5292
RNG(-0.05),3.96,2,0.8233,0.5292
RNG(-0.05),3.97,2,0.8216,0.5165
RNG(-0.05),4.0,2,0.8226,0.5032
RNG(-0.05),4.05,1,0.8601,0.0
RNG(-0.05),4.07,2,0.8205,0.5032
RNG(-0.05),4.22,2,0.8163,0.5032
RNG(-0.05),4.3,2,0.8142,0.5292
RNG(-0.05),4.39,2,0.8122,0.4765
RNG(-0.05),4.48,2,0.8101,0.5032
RNG(-0.05),4.62,2,0.808,0.5032
RNG(-0.05),4.63,2,0.808,0.5032
RNG(-0.05),4.83,2,0.8091,0.4898
RNG(-0.05),4.87,1,0.8476,0.0
RNG(-0.05),4.95,2,0.808,0.4765
RNG(-0.05),5.08,1,0.8455,0.0
RNG(-0.05),5.14,1,0.8455,0.0
RNG(-0.05),5.46,1,0.8455,0.0
RNG(-0.05),5.47,1,0.8455,0.0
RNG(0),1.0,1,0.8892,0.0
RNG(0),1.01,1,0.8892,0.0
RNG(0),1.02,1,0.8899,0.0
RNG(0),1.44,1,0.8941,0.0
RNG(0),1.47,2,0.8374,0.7211
RNG(0),1.49,2,0.8374,0.7211
RNG(0),1.5,2,0.8374,0.7211
RNG(0),1.54,2,0.8374,0.7211
RNG(0),1.66,2,0.8374,0.7211
RNG(0),1.7,2,0.8374,0.7211
RNG(0),1.72,2,0.8374,0.7211
RNG(0),1.74,1,0.8941,0.0
RNG(0),1.79,2,0.8374,0.7211
RNG(0),1.81,1,0.8941,0.0
RNG(0),1.82,2,0.8374,0.7211
RNG(0),1.83,2,0.8374,0.7211
RNG(0),1.98,1,0.8941,0.0
RNG(0),2.02,2,0.837,0.7166
RNG(0),2.12,1,0.8934,0.0
RNG(0),2.13,1,0.8934,0.0
RNG(0),2.14,1,0.8934,0.0
RNG(0),2.17,1,0.8934,0.0
RNG(0),2.22,1,0.8934,0.0
RNG(0),2.24,2,0.8367,0.7211
RNG(0),2.27,2,0.8367,0.7211
RNG(0),2.3,1,0.8934,0.0
RNG(0),2.31,2,0.8367,0.7211
RNG(0),2.39,1,0.8934,0.0
RNG(0),2.46,2,0.8355,0.7147
RNG(0),2.49,2,0.8355,0.7147
RNG(0),2.6,1,0.8917,0.0
RNG(0),2.62,2,0.8355,0.7147
RNG(0),2.7,2,0.8355,0.7147
RNG(0),2.74,2,0.8355,0.7147
RNG(0),2.75,1,0.8917,0.0
RNG(0),2.8,2,0.8349,0.7077
RNG(0),2.9,2,0.8344,0.7014
RNG(0),2.92,1,0.8896,0.0
RNG(0),3.02,1,0.8875,0.0
RNG(0),3.03,1,0.8875,0.0
RNG(0),3.16,1,0.8875,0.0
RNG(0),3.2,1,0.8875,0.0
RNG(0),3.24,1,0.8875,0.0
RNG(0),3.25,1,0.8875,0.0
RNG(0),3.26,1,0.8875,0.0
RNG(0),3.29,2,0.8323,0.7014
RNG(0),3.3,2,0.8323,0.7014
RNG(0),3.36,1,0.8875,0.0
RNG(0),3.38,1,0.8875,0.0
RNG(0),3.39,1,0.8875,0.0
RNG(0),3.4,2,0.8323,0.7014
RNG(0),3.46,2,0.8323,0.7014
RNG(0),3.51,2,0.8323,0.7014
RNG(0),3.55,1,0.8875,0.0
RNG(0),3.71,2,0.8313,0.688
RNG(0),3.74,2,0.8313,0.688
RNG(0),3.76,1,0.8854,0.0
RNG(0),3.79,1,0.8833,0.0
RNG(0),3.83,2,0.8322,0.6487
RNG(0),3.86,2,0.8322,0.6487
RNG(0),3.88,2,0.8322,0.6487
RNG(0),3.93,2,0.8322,0.6487
RNG(0),3.96,2,0.8322,0.6487
RNG(0),3.97,2,0.8316,0.648
RNG(0),4.0,2,0.8326,0.6353
RNG(0),4.05,1,0.8806,0.0
RNG(0),4.07,2,0.8306,0.6353
RNG(0),4.22,2,0.8264,0.6353
RNG(0),4.3,2,0.8243,0.662
RNG(0),4.39,2,0.8222,0.6086
RNG(0),4.48,2,0.8201,0.6353
RNG(0),4.62,2,0.8181,0.6353
RNG(0),4.63,2,0.8181,0.6353
RNG(0),4.83,2,0.817,0.5959
RNG(0),4.87,1,0.8639,0.0
RNG(0),4.95,2,0.817,0.5959
RNG(0),5.08,1,0.8639,0.0
RNG(0),5.14,1,0.8639,0.0
RNG(0),5.46,1,0.8639,0.0
RNG(0),5.47,1,0.8639,0.0
RNG(0.05),1.0,1,0.8892,0.0
RNG(0.05),1.01,1,0.8892,0.0
RNG(0.05),1.02,1,0.8899,0.0
RNG(0.05),1.44,1,0.8931,0.0
RNG(0.05),1.47,2,0.8374,0.7084
RNG(0.05),1.49,2,0.8374,0.7084
RNG(0.05),1.5,2,0.8374,0.7084
RNG(0.05),1.54,2,0.8374,0.7084
RNG(0.05),1.66,2,0.8374,0.7084
RNG(0.05),1.7,2,0.8374,0.7084
RNG(0.05),1.72,2,0.8374,0.7084
RNG(0.05),1.74,1,0.8931,0.0
RNG(0.05),1.79,2,0.8374,0.7084
RNG(0.05),1.81,1,0.8931,0.0
RNG(0.05),1.82,2,0.8374,0.7084
RNG(0.05),1.83,2,0.8374,0.7084
RNG(0.05),1.98,1,0.8931,0.0
RNG(0.05),2.02,2,0.837,0.7039
RNG(0.05),2.12,1,0.8924,0.0
RNG(0.05),2.13,1,0.8924,0.0
RNG(0.05),2.14,1,0.8924,0.0
RNG(0.05),2.17,1,0.8924,0.0
RNG(0.05),2.22,1,0.8924,0.0
RNG(0.05),2.24,2,0.8367,0.7084
RNG(0.05),2.27,2,0.8367,0.7084
RNG(0.05),2.3,1,0.8924,0.0
RNG(0.05),2.31,2,0.8367,0.7084
RNG(0.05),2.39,1,0.8924,0.0
RNG(0.05),2.46,2,0.8359,0.7084
RNG(0.05),2.49,2,0.8359,0.7084
RNG(0.05),2.6,1,0.8917,0.0
RNG(0.05),2.62,2,0.8359,0.7084
RNG(0.05),2.7,2,0.8359,0.7084
RNG(0.05),2.74,2,0.8359,0.7084
RNG(0.05),2.75,1,0.8917,0.0
RNG(0.05),2.8,2,0.8354,0.7014
RNG(0.05),2.9,2,0.8354,0.7014
RNG(0.05),2.92,1,0.8906,0.0
RNG(0.05),3.02,1,0.8906,0.0
RNG(0.05),3.03,1,0.8906,0.0
RNG(0.05),3.16,1,0.8906,0.0
RNG(0.05),3.2,1,0.8906,0.0
RNG(0.05),3.24,1,0.8906,0.0
RNG(0.05),3.25,1,0.8906,0.0
RNG(0.05),3.26,1,0.8906,0.0
RNG(0.05),3.29,2,0.8343,0.7147
RNG(0.05),3.3,2,0.8343,0.7147
RNG(0.05),3.36,1,0.8906,0.0
RNG(0.05),3.38,1,0.8906,0.0
RNG(0.05),3.39,1,0.8906,0.0
RNG(0.05),3.4,2,0.8343,0.7147
RNG(0.05),3.46,2,0.8343,0.7147
RNG(0.05),3.51,2,0.8343,0.7147
RNG(0.05),3.55,1,0.8906,0.0
RNG(0.05),3.71,2,0.8343,0.7147
RNG(0.05),3.74,2,0.8343,0.7147
RNG(0.05),3.76,1,0.8906,0.0
RNG(0.05),3.79,1,0.8906,0.0
RNG(0.05),3.83,2,0.8364,0.688
RNG(0.05),3.86,2,0.8364,0.688
RNG(0.05),3.88,2,0.8364,0.688
RNG(0.05),3.93,2,0.8364,0.688
RNG(0.05),3.96,2,0.8375,0.6747
RNG(0.05),3.97,2,0.8375,0.6747
RNG(0.05),4.0,2,0.8385,0.6614
RNG(0.05),4.05,1,0.8906,0.0
RNG(0.05),4.07,2,0.8385,0.6614
RNG(0.05),4.22,2,0.8375,0.6747
RNG(0.05),4.3,2,0.8354,0.7014
RNG(0.05),4.39,2,0.8334,0.6487
RNG(0.05),4.48,2,0.8313,0.6753
RNG(0.05),4.62,2,0.8302,0.6887
RNG(0.05),4.63,2,0.8302,0.6887
RNG(0.05),4.83,2,0.8313,0.6753
RNG(0.05),4.87,1,0.8844,0.0
RNG(0.05),4.95,2,0.8313,0.6753
RNG(0.05),5.08,1,0.8844,0.0
RNG(0.05),5.14,1,0.8844,0.0
RNG(0.05),5.46,1,0.8844,0.0
RNG(0.05),5.47,1,0.8844,0.0
RNG(0.1),1.0,1,0.8892,0.0
RNG(0.1),1.01,1,0.8892,0.0
RNG(0.1),1.02,1,0.8899,0.0
RNG(0.1),1.44,1,0.8931,0.0
RNG(0.1),1.47,2,0.8378,0.702
RNG(0.1),1.49,2,0.8378,0.702
RNG(0.1),1.5,2,0.8378,0.702
RNG(0.1),1.54,2,0.8378,0.702
RNG(0.1),1.66,2,0.8378,0.702
RNG(0.1),1.7,2,0.8378,0.702
RNG(0.1),1.72,2,0.8378,0.702
RNG(0.1),1.74,1,0.8931,0.0
RNG(0.1),1.79,2,0.8378,0.702
RNG(0.1),1.81,1,0.8931,0.0
RNG(0.1),1.82,2,0.8378,0.702
RNG(0.1),1.83,2,0.8378,0.702
RNG(0.1),1.98,1,0.8931,0.0
RNG(0.1),2.02,2,0.8375,0.6976
RNG(0.1),2.12,1,0.8924,0.0
RNG(0.1),2.13,1,0.8924,0.0
RNG(0.1),2.14,1,0.8924,0.0
RNG(0.1),2.17,1,0.8924,0.0
RNG(0.1),2.22,1,0.8924,0.0
RNG(0.1),2.24,2,0.8372,0.702
RNG(0.1),2.27,2,0.8372,0.702
RNG(0.1),2.3,1,0.8924,0.0
RNG(0.1),2.31,2,0.8372,0.702
RNG(0.1),2.39,1,0.8924,0.0
RNG(0.1),2.46,2,0.8372,0.702
RNG(0.1),2.49,2,0.8372,0.702
RNG(0.1),2.6,1,0.8924,0.0
RNG(0.1),2.62,2,0.8372,0.702
RNG(0.1),2.7,2,0.8372,0.702
RNG(0.1),2.74,2,0.8372,0.702
RNG(0.1),2.75,1,0.8924,0.0
RNG(0.1),2.8,2,0.8366,0.695
RNG(0.1),2.9,2,0.8366,0.695
RNG(0.1),2.92,1,0.8913,0.0
RNG(0.1),3.02,1,0.8913,0.0
RNG(0.1),3.03,1,0.8913,0.0
RNG(0.1),3.16,1,0.8913,0.0
RNG(0.1),3.2,1,0.8913,0.0
RNG(0.1),3.24,1,0.8913,0.0
RNG(0.1),3.25,1,0.8913,0.0
RNG(0.1),3.26,1,0.8913,0.0
RNG(0.1),3.29,2,0.8366,0.695
RNG(0.1),3.3,2,0.8366,0.695
RNG(0.1),3.36,1,0.8913,0.0
RNG(0.1),3.38,1,0.8913,0.0
RNG(0.1),3.39,1,0.8913,0.0
RNG(0.1),3.4,2,0.8366,0.695
RNG(0.1),3.46,2,0.8366,0.695
RNG(0.1),3.51,2,0.8366,0.695
RNG(0.1),3.55,1,0.8913,0.0
RNG(0.1),3.71,2,0.8366,0.695
RNG(0.1),3.74,2,0.8366,0.695
RNG(0.1),3.76,1,0.8913,0.0
RNG(0.1),3.79,1,0.8913,0.0
RNG(0.1),3.83,2,0.8387,0.6683
RNG(0.1),3.86,2,0.8387,0.6683
RNG(0.1),3.88,2,0.8387,0.6683
RNG(0.1),3.93,2,0.8387,0.6683
RNG(0.1),3.96,2,0.8397,0.655
RNG(0.1),3.97,2,0.8397,0.655
RNG(0.1),4.0,2,0.8408,0.6417
RNG(0.1),4.05,1,0.8913,0.0
RNG(0.1),4.07,2,0.8408,0.6417
RNG(0.1),4.22,2,0.8397,0.655
RNG(0.1),4.3,2,0.8387,0.6683
RNG(0.1),4.39,2,0.8397,0.655
RNG(0.1),4.48,2,0.8377,0.6817
RNG(0.1),4.62,2,0.8377,0.6817
RNG(0.1),4.63,2,0.8377,0.6817
RNG(0.1),4.83,2,0.8387,0.6683
RNG(0.1),4.87,1,0.8913,0.0
RNG(0.1),4.95,2,0.8387,0.6683
RNG(0.1),5.08,1,0.8913,0.0
RNG(0.1),5.14,1,0.8913,0.0
RNG(0.1),5.46,1,0.8913,0.0
RNG(0.1),5.47,1,0.8913,0.0
RNG(0.2),1.0,1,0.8892,0.0
RNG(0.2),1.01,1,0.8892,0.0
RNG(0.2),1.02,1,0.8899,0.0
RNG(0.2),1.44,1,0.892,0.0
RNG(0.2),1.47,2,0.8373,0.695
RNG(0.2),1.49,2,0.8373,0.695
RNG(0.2),1.5,2,0.8373,0.695
RNG(0.2),1.54,2,0.8373,0.695
RNG(0.2),1.66,2,0.8373,0.695
RNG(0.2),1.7,2,0.8373,0.695
RNG(0.2),1.72,2,0.8373,0.695
RNG(0.2),1.74,1,0.892,0.0
RNG(0.2),1.79,2,0.8373,0.695
RNG(0.2),1.81,1,0.892,0.0
RNG(0.2),1.82,2,0.8373,0.695
RNG(0.2),1.83,2,0.8373,0.695
RNG(0.2),1.98,1,0.892,0.0
RNG(0.2),2.02,2,0.8369,0.6906
RNG(0.2),2.12,1,0.8913,0.0
RNG(0.2),2.13,1,0.8913,0.0
RNG(0.2),2.14,1,0.8913,0.0
RNG(0.2),2.17,1,0.8913,0.0
RNG(0.2),2.22,1,0.8913,0.0
RNG(0.2),2.24,2,0.8369,0.6906
RNG(0.2),2.27,2,0.8369,0.6906
RNG(0.2),2.3,1,0.8913,0.0
RNG(0.2),2.31,2,0.8369,0.6906
RNG(0.2),2.39,1,0.8913,0.0
RNG(0.2),2.46,2,0.8369,0.6906
RNG(0.2),2.49,2,0.8369,0.6906
RNG(0.2),2.6,1,0.8913,0.0
RNG(0.2),2.62,2,0.8369,0.6906
RNG(0.2),2.7,2,0.8369,0.6906
RNG(0.2),2.74,2,0.8369,0.6906
RNG(0.2),2.75,1,0.8913,0.0
RNG(0.2),2.8,2,0.8364,0.6842
RNG(0.2),2.9,2,0.8364,0.6842
RNG(0.2),2.92,1,0.8903,0.0
RNG(0.2),3.02,1,0.8903,0.0
RNG(0.2),3.03,1,0.8903,0.0
RNG(0.2),3.16,1,0.8903,0.0
RNG(0.2),3.2,1,0.8903,0.0
RNG(0.2),3.24,1,0.8903,0.0
RNG(0.2),3.25,1,0.8903,0.0
RNG(0.2),3.26,1,0.8903,0.0
RNG(0.2),3.29,2,0.8364,0.6842
RNG(0.2),3.3,2,0.8364,0.6842
RNG(0.2),3.36,1,0.8903,0.0
RNG(0.2),3.38,1,0.8903,0.0
RNG(0.2),3.39,1,0.8903,0.0
RNG(0.2),3.4,2,0.8364,0.6842
RNG(0.2),3.46,2,0.8364,0.6842
RNG(0.2),3.51,2,0.8364,0.6842
RNG(0.2),3.55,1,0.8903,0.0
RNG(0.2),3.71,2,0.8364,0.6842
RNG(0.2),3.74,2,0.8364,0.6842
RNG(0.2),3.76,1,0.8903,0.0
RNG(0.2),3.79,1,0.8903,0.0
RNG(0.2),3.83,2,0.8364,0.6842
RNG(0.2),3.86,2,0.8364,0.6842
RNG(0.2),3.88,2,0.8364,0.6842
RNG(0.2),3.93,2,0.8364,0.6842
RNG(0.2),3.96,2,0.8364,0.6842
RNG(0.2),3.97,2,0.8364,0.6842
RNG(0.2),4.0,2,0.8364,0.6842
RNG(0.2),4.05,1,0.8903,0.0
RNG(0.2),4.07,2,0.8364,0.6842
RNG(0.2),4.22,2,0.8364,0.6842
RNG(0.2),4.3,2,0.8355,0.6969
RNG(0.2),4.39,2,0.8355,0.6969
RNG(0.2),4.48,2,0.8334,0.7236
RNG(0.2),4.62,2,0.8334,0.7236
RNG(0.2),4.63,2,0.8334,0.7236
RNG(0.2),4.83,2,0.8334,0.7236
RNG(0.2),4.87,1,0.8903,0.0
RNG(0.2),4.95,2,0.8334,0.7236
RNG(0.2),5.08,1,0.8903,0.0
RNG(0.2),5.14,1,0.8903,0.0
RNG(0.2),5.46,1,0.8903,0.0
RNG(0.2),5.47,1,0.8903,0.0
RNG(0.3),1.0,1,0.8892,0.0
RNG(0.3),1.01,1,0.8892,0.0
RNG(0.3),1.02,1,0.8899,0.0
RNG(0.3),1.44,1,0.892,0.0
RNG(0.3),1.47,2,0.8368,0.7014
RNG(0.3),1.49,2,0.8368,0.7014
RNG(0.3),1.5,2,0.8368,0.7014
RNG(0.3),1.54,2,0.8368,0.7014
RNG(0.3),1.66,2,0.8368,0.7014
RNG(0.3),1.7,2,0.8368,0.7014
RNG(0.3),1.72,2,0.8368,0.7014
RNG(0.3),1.74,1,0.892,0.0
RNG(0.3),1.79,2,0.8368,0.7014
RNG(0.3),1.81,1,0.892,0.0
RNG(0.3),1.82,2,0.8368,0.7014
RNG(0.3),1.83,2,0.8368,0.7014
RNG(0.3),1.98,1,0.892,0.0
RNG(0.3),2.02,2,0.8368,0.7014
RNG(0.3),2.12,1,0.892,0.0
RNG(0.3),2.13,1,0.892,0.0
RNG(0.3),2.14,1,0.892,0.0
RNG(0.3),2.17,1,0.892,0.0
RNG(0.3),2.22,1,0.892,0.0
RNG(0.3),2.24,2,0.8368,0.7014
RNG(0.3),2.27,2,0.8368,0.7014
RNG(0.3),2.3,1,0.892,0.0
RNG(0.3),2.31,2,0.8368,0.7014
RNG(0.3),2.39,1,0.892,0.0
RNG(0.3),2.46,2,0.8368,0.7014
RNG(0.3),2.49,2,0.8368,0.7014
RNG(0.3),2.6,1,0.892,0.0
RNG(0.3),2.62,2,0.8368,0.7014
RNG(0.3),2.7,2,0.8368,0.7014
RNG(0.3),2.74,2,0.8368,0.7014
RNG(0.3),2.75,1,0.892,0.0
RNG(0.3),2.8,2,0.8363,0.695
RNG(0.3),2.9,2,0.8363,0.695
RNG(0.3),2.92,1,0.891,0.0
RNG(0.3),3.02,1,0.891,0.0
RNG(0.3),3.03,1,0.891,0.0
RNG(0.3),3.16,1,0.891,0.0
RNG(0.3),3.2,1,0.891,0.0
RNG(0.3),3.24,1,0.891,0.0
RNG(0.3),3.25,1,0.891,0.0
RNG(0.3),3.26,1,0.891,0.0
RNG(0.3),3.29,2,0.8363,0.695
RNG(0.3),3.3,2,0.8363,0.695
RNG(0.3),3.36,1,0.891,0.0
RNG(0.3),3.38,1,0.891,0.0
RNG(0.3),3.39,1,0.891,0.0
RNG(0.3),3.4,2,0.8363,0.695
RNG(0.3),3.46,2,0.8363,0.695
RNG(0.3),3.51,2,0.8363,0.695
RNG(0.3),3.55,1,0.891,0.0
RNG(0.3),3.71,2,0.8363,0.695
RNG(0.3),3.74,2,0.8363,0.695
RNG(0.3),3.76,1,0.891,0.0
RNG(0.3),3.79,1,0.891,0.0
RNG(0.3),3.83,2,0.8384,0.6683
RNG(0.3),3.86,2,0.8384,0.6683
RNG(0.3),3.88,2,0.8384,0.6683
RNG(0.3),3.93,2,0.8384,0.6683
RNG(0.3),3.96,2,0.8384,0.6683
RNG(0.3),3.97,2,0.8384,0.6683
RNG(0.3),4.0,2,0.8384,0.6683
RNG(0.3),4.05,1,0.891,0.0
RNG(0.3),4.07,2,0.8384,0.6683
RNG(0.3),4.22,2,0.8384,0.6683
RNG(0.3),4.3,2,0.8384,0.6683
RNG(0.3),4.39,2,0.8384,0.6683
RNG(0.3),4.48,2,0.8363,0.695
RNG(0.3),4.62,2,0.8363,0.695
RNG(0.3),4.63,2,0.8363,0.695
RNG(0.3),4.83,2,0.8363,0.695
RNG(0.3),4.87,1,0.891,0.0
RNG(0.3),4.95,2,0.8363,0.695
RNG(0.3),5.08,1,0.891,0.0
RNG(0.3),5.14,1,0.891,0.0
RNG(0.3),5.46,1,0.891,0.0
RNG(0.3),5.47,1,0.891,0.0
RNG(0.5),1.0,1,0.8892,0.0
RNG(0.5),1.01,1,0.8892,0.0
RNG(0.5),1.02,1,0.8892,0.0
RNG(0.5),1.44,1,0.8903,0.0
RNG(0.5),1.47,2,0.8355,0.6969
RNG(0.5),1.49,2,0.8355,0.6969
RNG(0.5),1.5,2,0.8355,0.6969
RNG(0.5),1.54,2,0.8355,0.6969
RNG(0.5),1.66,2,0.8355,0.6969
RNG(0.5),1.7,2,0.8355,0.6969
RNG(0.5),1.72,2,0.8355,0.6969
RNG(0.5),1.74,1,0.8903,0.0
RNG(0.5),1.79,2,0.8355,0.6969
RNG(0.5),1.81,1,0.8903,0.0
RNG(0.5),1.82,2,0.8355,0.6969
RNG(0.5),1.83,2,0.8355,0.6969
RNG(0.5),1.98,1,0.8903,0.0
RNG(0.5),2.02,2,0.8355,0.6969
RNG(0.5),2.12,1,0.8903,0.0
RNG(0.5),2.13,1,0.8903,0.0
RNG(0.5),2.14,1,0.8903,0.0
RNG(0.5),2.17,1,0.8903,0.0
RNG(0.5),2.22,1,0.8903,0.0
RNG(0.5),2.24,2,0.8355,0.6969
RNG(0.5),2.27,2,0.8355,0.6969
RNG(0.5),2.3,1,0.8903,0.0
RNG(0.5),2.31,2,0.8355,0.6969
RNG(0.5),2.39,1,0.8903,0.0
RNG(0.5),2.46,2,0.8355,0.6969
RNG(0.5),2.49,2,0.8355,0.6969
RNG(0.5),2.6,1,0.8903,0.0
RNG(0.5),2.62,2,0.8355,0.6969
RNG(0.5),2.7,2,0.8355,0.6969
RNG(0.5),2.74,2,0.8355,0.6969
RNG(0.5),2.75,1,0.8903,0.0
RNG(0.5),2.8,2,0.8349,0.6899
RNG(0.5),2.9,2,0.8349,0.6899
RNG(0.5),2.92,1,0.8892,0.0
RNG(0.5),3.02,1,0.8892,0.0
RNG(0.5),3.03,1,0.8892,0.0
RNG(0.5),3.16,1,0.8892,0.0
RNG(0.5),3.2,1,0.8892,0.0
RNG(0.5),3.24,1,0.8892,0.0
RNG(0.5),3.25,1,0.8892,0.0
RNG(0.5),3.26,1,0.8892,0.0
RNG(0.5),3.29,2,0.8349,0.6899
RNG(0.5),3.3,2,0.8349,0.6899
RNG(0.5),3.36,1,0.8892,0.0
RNG(0.5),3.38,1,0.8892,0.0
RNG(0.5),3.39,1,0.8892,0.0
RNG(0.5),3.4,2,0.8349,0.6899
RNG(0.5),3.46,2,0.8349,0.6899
RNG(0.5),3.51,2,0.8349,0.6899
RNG(0.5),3.55,1,0.8892,0.0
RNG(0.5),3.71,2,0.8349,0.6899
RNG(0.5),3.74,2,0.8349,0.6899
RNG(0.5),3.76,1,0.8892,0.0
RNG(0.5),3.79,1,0.8892,0.0
RNG(0.5),3.83,2,0.8349,0.6899
RNG(0.5),3.86,2,0.8349,0.6899
RNG(0.5),3.88,2,0.8349,0.6899
RNG(0.5),3.93,2,0.8349,0.6899
RNG(0.5),3.96,2,0.8349,0.6899
RNG(0.5),3.97,2,0.8349,0.6899
RNG(0.5),4.0,2,0.8349,0.6899
RNG(0.5),4.05,1,0.8892,0.0
RNG(0.5),4.07,2,0.8349,0.6899
RNG(0.5),4.22,2,0.8349,0.6899
RNG(0.5),4.3,2,0.8349,0.6899
RNG(0.5),4.39,2,0.8349,0.6899
RNG(0.5),4.48,2,0.8349,0.6899
RNG(0.5),4.62,2,0.8349,0.6899
RNG(0.5),4.63,2,0.8349,0.6899
RNG(0.5),4.83,2,0.8349,0.6899
RNG(0.5),4.87,1,0.8892,0.0
RNG(0.5),4.95,2,0.8349,0.6899
RNG(0.5),5.08,1,0.8892,0.0
RNG(0.5),5.14,1,0.8892,0.0
RNG(0.5),5.46,1,0.8892,0.0
RNG(0.5),5.47,1,0.8892,0.0
RNG(1),1.0,1,0.8892,0.0
RNG(1),1.01,1,0.8892,0.0
RNG(1),1.02,1,0.8892,0.0
RNG(1),1.44,1,0.8903,0.0
RNG(1),1.47,2,0.8351,0.7014
RNG(1),1.49,2,0.8351,0.7014
RNG(1),1.5,2,0.8351,0.7014
RNG(1),1.54,2,0.8351,0.7014
RNG(1),1.66,2,0.8351,0.7014
RNG(1),1.7,2,0.8351,0.7014
RNG(1),1.72,2,0.8351,0.7014
RNG(1),1.74,1,0.8903,0.0
RNG(1),1.79,2,0.8351,0.7014
RNG(1),1.81,1,0.8903,0.0
RNG(1),1.82,2,0.8351,0.7014
RNG(1),1.83,2,0.8351,0.7014
RNG(1),1.98,1,0.8903,0.0
RNG(1),2.02,2,0.8351,0.7014
RNG(1),2.12,1,0.8903,0.0
RNG(1),2.13,1,0.8903,0.0
RNG(1),2.14,1,0.8903,0.0
RNG(1),2.17,1,0.8903,0.0
RNG(1),2.22,1,0.8903,0.0
RNG(1),2.24,2,0.8351,0.7014
RNG(1),2.27,2,0.8351,0.7014
RNG(1),2.3,1,0.8903,0.0
RNG(1),2.31,2,0.8351,0.7014
RNG(1),2.39,1,0.8903,0.0
RNG(1),2.46,2,0.8351,0.7014
RNG(1),2.49,2,0.8351,0.7014
RNG(1),2.6,1,0.8903,0.0
RNG(1),2.62,2,0.8351,0.7014
RNG(1),2.7,2,0.8351,0.7014
RNG(1),2.74,2,0.8351,0.7014
RNG(1),2.75,1,0.8903,0.0
RNG(1),2.8,2,0.8351,0.7014
RNG(1),2.9,2,0.8351,0.7014
RNG(1),2.92,1,0.8903,0.0
RNG(1),3.02,1,0.8903,0.0
RNG(1),3.03,1,0.8903,0.0
RNG(1),3.16,1,0.8903,0.0
RNG(1),3.2,1,0.8903,0.0
RNG(1),3.24,1,0.8903,0.0
RNG(1),3.25,1,0.8903,0.0
RNG(1),3.26,1,0.8903,0.0
RNG(1),3.29,2,0.8351,0.7014
RNG(1),3.3,2,0.8351,0.7014
RNG(1),3.36,1,0.8903,0.0
RNG(1),3.38,1,0.8903,0.0
RNG(1),3.39,1,0.8903,0.0
RNG(1),3.4,2,0.8351,0.7014
RNG(1),3.46,2,0.8351,0.7014
RNG(1),3.51,2,0.8351,0.7014
RNG(1),3.55,1,0.8903,0.0
RNG(1),3.71,2,0.8351,0.7014
RNG(1),3.74,2,0.8351,0.7014
RNG(1),3.76,1,0.8903,0.0
RNG(1),3.79,1,0.8903,0.0
RNG(1),3.83,2,0.8351,0.7014
RNG(1),3.86,2,0.8351,0.7014
RNG(1),3.88,2,0.8351,0.7014
RNG(1),3.93,2,0.8351,0.7014
RNG(1),3.96,2,0.8351,0.7014
RNG(1),3.97,2,0.8351,0.7014
RNG(1),4.0,2,0.8351,0.7014
RNG(1),4.05,1,0.8903,0.0
RNG(1),4.07,2,0.8351,0.7014
RNG(1),4.22,2,0.8351,0.7014
RNG(1),4.3,2,0.8351,0.7014
RNG(1),4.39,2,0.8351,0.7014
RNG(1),4.48,2,0.8351,0.7014
RNG(1),4.62,2,0.8351,0.7014
RNG(1),4.63,2,0.8351,0.7014
RNG(1),4.83,2,0.8351,0.7014
RNG(1),4.87,1,0.8903,0.0
RNG(1),4.95,2,0.8351,0.7014
RNG(1),5.08,1,0.8903,0.0
RNG(1),5.14,1,0.8903,0.0
RNG(1),5.46,1,0.8903,0.0
RNG(1),5.47,1,0.8903,0.0
MMR(0.3),1.48,1,0.7774,0.0
MMR(0.3),1.61,1,0.7733,0.0
MMR(0.3),1.62,1,0.7733,0.0
MMR(0.3),1.67,1,0.7628,0.0
MMR(0.3),1.71,1,0.7608,0.0
MMR(0.3),1.75,1,0.7587,0.0
MMR(0.3),1.76,1,0.7587,0.0
MMR(0.3),1.87,1,0.7531,0.0
MMR(0.3),1.89,1,0.7531,0.0
MMR(0.3),1.95,1,0.7531,0.0
MMR(0.3),2.0,1,0.751,0.0
MMR(0.3),2.04,1,0.751,0.0
MMR(0.3),2.05,1,0.751,0.0
MMR(0.3),2.07,1,0.7497,0.0
MMR(0.3),2.26,1,0.7465,0.0
MMR(0.3),2.48,1,0.742,0.0
MMR(0.3),2.55,1,0.742,0.0
MMR(0.3),2.59,1,0.7399,0.0
MMR(0.3),2.61,1,0.7399,0.0
MMR(0.3),2.72,1,0.7399,0.0
MMR(0.3),2.93,1,0.7385,0.0
MMR(0.3),2.95,1,0.7385,0.0
MMR(0.3),2.97,1,0.7385,0.0
MMR(0.3),2.99,1,0.7385,0.0
MMR(0.3),3.11,1,0.7344,0.0
MMR(0.3),3.12,1,0.7344,0.0
MMR(0.3),3.31,1,0.7323,0.0
MMR(0.3),3.34,1,0.7323,0.0
MMR(0.3),3.48,1,0.725,0.0
MMR(0.3),3.49,1,0.7229,0.0
MMR(0.3),3.52,1,0.7208,0.0
MMR(0.3),3.56,1,0.7208,0.0
MMR(0.3),3.57,1,0.7208,0.0
MMR(0.3),3.65,1,0.7208,0.0
MMR(0.3),3.85,1,0.7167,0.0
MMR(0.3),3.99,1,0.7153,0.0
MMR(0.3),4.23,1,0.7038,0.0
MMR(0.3),4.27,1,0.7038,0.0
MMR(0.3),4.31,1,0.7017,0.0
MMR(0.3),4.36,1,0.7017,0.0
MMR(0.3),4.42,1,0.7017,0.0
MMR(0.3),4.5,1,0.6955,0.0
MMR(0.3),4.51,1,0.6955,0.0
MMR(0.3),4.56,1,0.6934,0.0
MMR(0.3),4.6,1,0.6934,0.0
MMR(0.3),4.61,1,0.6934,0.0
MMR(0.3),4.73,1,0.6934,0.0
MMR(0.3),4.74,1,0.6934,0.0
MMR(0.3),4.76,1,0.6934,0.0
MMR(0.3),4.79,1,0.6934,0.0
MMR(0.3),4.84,1,0.6913,0.0
MMR(0.3),4.96,1,0.6913,0.0
MMR(0.3),5.0,1,0.6913,0.0
MMR(0.3),5.05,1,0.6913,0.0
MMR(0.3),5.28,1,0.6872,0.0
MMR(0.3),5.33,1,0.6872,0.0
MMR(0.5),1.48,1,0.7795,0.0
MMR(0.5),1.61,1,0.7774,0.0
MMR(0.5),1.62,1,0.7774,0.0
MMR(0.5),1.67,1,0.7753,0.0
MMR(0.5),1.71,1,0.7753,0.0
MMR(0.5),1.75,1,0.7753,0.0
MMR(0.5),1.76,1,0.7753,0.0
MMR(0.5),1.87,1,0.7698,0.0
MMR(0.5),1.89,1,0.7698,0.0
MMR(0.5),1.95,1,0.7698,0.0
MMR(0.5),2.0,1,0.7698,0.0
MMR(0.5),2.04,1,0.7698,0.0
MMR(0.5),2.05,1,0.7698,0.0
MMR(0.5),2.07,1,0.7684,0.0
MMR(0.5),2.26,1,0.7674,0.0
MMR(0.5),2.48,1,0.7628,0.0
MMR(0.5),2.55,1,0.7628,0.0
MMR(0.5),2.59,1,0.7628,0.0
MMR(0.5),2.61,1,0.7628,0.0
MMR(0.5),2.72,1,0.7628,0.0
MMR(0.5),2.93,1,0.7615,0.0
MMR(0.5),2.95,1,0.7615,0.0
MMR(0.5),2.97,1,0.7615,0.0
MMR(0.5),2.99,1,0.7615,0.0
MMR(0.5),3.11,1,0.7594,0.0
MMR(0.5),3.12,1,0.7594,0.0
MMR(0.5),3.31,1,0.7573,0.0
MMR(0.5),3.34,1,0.7573,0.0
MMR(0.5),3.48,1,0.7521,0.0
MMR(0.5),3.49,1,0.7521,0.0
MMR(0.5),3.52,1,0.75,0.0
MMR(0.5),3.56,1,0.75,0.0
MMR(0.5),3.57,1,0.75,0.0
MMR(0.5),3.65,1,0.75,0.0
MMR(0.5),3.85,1,0.75,0.0
MMR(0.5),3.99,1,0.7486,0.0
MMR(0.5),4.23,1,0.7372,0.0
MMR(0.5),4.27,1,0.7372,0.0
MMR(0.5),4.31,1,0.7351,0.0
MMR(0.5),4.36,1,0.7351,0.0
MMR(0.5),4.42,1,0.7372,0.0
MMR(0.5),4.5,1,0.7309,0.0
MMR(0.5),4.51,1,0.7309,0.0
MMR(0.5),4.56,1,0.7288,0.0
MMR(0.5),4.6,1,0.7288,0.0
MMR(0.5),4.61,1,0.7288,0.0
MMR(0.5),4.73,1,0.7309,0.0
MMR(0.5),4.74,1,0.7309,0.0
MMR(0.5),4.76,1,0.7309,0.0
MMR(0.5),4.79,1,0.7309,0.0
MMR(0.5),4.84,1,0.7309,0.0
MMR(0.5),4.96,1,0.7309,0.0
MMR(0.5),5.0,1,0.7372,0.0
MMR(0.5),5.05,1,0.7372,0.0
MMR(0.5),5.28,1,0.7372,0.0
MMR(0.5),5.33,1,0.7372,0.0
MMR(0.7),1.48,1,0.7844,0.0
MMR(0.7),1.61,1,0.7844,0.0
MMR(0.7),1.62,1,0.7844,0.0
MMR(0.7),1.67,1,0.7844,0.0
MMR(0.7),1.71,1,0.7844,0.0
MMR(0.7),1.75,1,0.7844,0.0
MMR(0.7),1.76,1,0.7844,0.0
MMR(0.7),1.87,1,0.7844,0.0
MMR(0.7),1.89,1,0.7844,0.0
MMR(0.7),1.95,1,0.7844,0.0
MMR(0.7),2.0,1,0.7844,0.0
MMR(0.7),2.04,1,0.7844,0.0
MMR(0.7),2.05,1,0.7844,0.0
MMR(0.7),2.07,1,0.7837,0.0
MMR(0.7),2.26,1,0.7837,0.0
MMR(0.7),2.48,1,0.783,0.0
MMR(0.7),2.55,1,0.783,0.0
MMR(0.7),2.59,1,0.783,0.0
MMR(0.7),2.61,1,0.783,0.0
MMR(0.7),2.72,1,0.783,0.0
MMR(0.7),2.93,1,0.7823,0.0
MMR(0.7),2.95,1,0.7823,0.0
MMR(0.7),2.97,1,0.7823,0.0
MMR(0.7),2.99,1,0.7823,0.0
MMR(0.7),3.11,1,0.7802,0.0
MMR(0.7),3.12,1,0.7802,0.0
MMR(0.7),3.31,1,0.7781,0.0
MMR(0.7),3.34,1,0.7781,0.0
MMR(0.7),3.48,1,0.776,0.0
MMR(0.7),3.49,1,0.776,0.0
MMR(0.7),3.52,1,0.776,0.0
MMR(0.7),3.56,1,0.776,0.0
MMR(0.7),3.57,1,0.776,0.0
MMR(0.7),3.65,1,0.776,0.0
MMR(0.7),3.85,1,0.7802,0.0
MMR(0.7),3.99,1,0.7816,0.0
MMR(0.7),4.23,1,0.7733,0.0
MMR(0.7),4.27,1,0.7733,0.0
MMR(0.7),4.31,1,0.7712,0.0
MMR(0.7),4.36,1,0.7712,0.0
MMR(0.7),4.42,1,0.7733,0.0
MMR(0.7),4.5,1,0.7691,0.0
MMR(0.7),4.51,1,0.7691,0.0
MMR(0.7),4.56,1,0.767,0.0
MMR(0.7),4.6,1,0.767,0.0
MMR(0.7),4.61,1,0.767,0.0
MMR(0.7),4.73,1,0.7691,0.0
MMR(0.7),4.74,1,0.7691,0.0
MMR(0.7),4.76,1,0.7691,0.0
MMR(0.7),4.79,1,0.7691,0.0
MMR(0.7),4.84,1,0.7691,0.0
MMR(0.7),4.96,1,0.7691,0.0
MMR(0.7),5.0,1,0.7753,0.0
MMR(0.7),5.05,1,0.7753,0.0
MMR(0.7),5.28,1,0.7753,0.0
MMR(0.7),5.33,1,0.7753,0.0
MMR(0.9),1.48,1,0.7806,0.0
MMR(0.9),1.61,1,0.7806,0.0
MMR(0.9),1.62,1,0.7806,0.0
MMR(0.9),1.67,1,0.7806,0.0
MMR(0.9),1.71,1,0.7806,0.0
MMR(0.9),1.75,1,0.7806,0.0
MMR(0.9),1.76,1,0.7806,0.0
MMR(0.9),1.87,1,0.7812,0.0
MMR(0.9),1.89,1,0.7812,0.0
MMR(0.9),1.95,1,0.7812,0.0
MMR(0.9),2.0,1,0.7812,0.0
MMR(0.9),2.04,1,0.7812,0.0
MMR(0.9),2.05,1,0.7812,0.0
MMR(0.9),2.07,1,0.7812,0.0
MMR(0.9),2.26,1,0.7812,0.0
MMR(0.9),2.48,1,0.7812,0.0
MMR(0.9),2.55,1,0.7812,0.0
MMR(0.9),2.59,1,0.7812,0.0
MMR(0.9),2.61,1,0.7812,0.0
MMR(0.9),2.72,1,0.7812,0.0
MMR(0.9),2.93,1,0.7812,0.0
MMR(0.9),2.95,1,0.7812,0.0
MMR(0.9),2.97,1,0.7812,0.0
MMR(0.9),2.99,1,0.7812,0.0
MMR(0.9),3.11,1,0.7812,0.0
MMR(0.9),3.12,1,0.7812,0.0
MMR(0.9),3.31,1,0.7792,0.0
MMR(0.9),3.34,1,0.7792,0.0
MMR(0.9),3.48,1,0.7792,0.0
MMR(0.9),3.49,1,0.7792,0.0
MMR(0.9),3.52,1,0.7792,0.0
MMR(0.9),3.56,1,0.7792,0.0
MMR(0.9),3.57,1,0.7792,0.0
MMR(0.9),3.65,1,0.7792,0.0
MMR(0.9),3.85,1,0.7833,0.0
MMR(0.9),3.99,1,0.7875,0.0
MMR(0.9),4.23,1,0.7812,0.0
MMR(0.9),4.27,1,0.7812,0.0
MMR(0.9),4.31,1,0.7792,0.0
MMR(0.9),4.36,1,0.7792,0.0
MMR(0.9),4.42,1,0.7812,0.0
MMR(0.9),4.5,1,0.7771,0.0
MMR(0.9),4.51,1,0.7771,0.0
MMR(0.9),4.56,1,0.7771,0.0
MMR(0.9),4.6,1,0.7771,0.0
MMR(0.9),4.61,1,0.7771,0.0
MMR(0.9),4.73,1,0.7771,0.0
MMR(0.9),4.74,1,0.7771,0.0
MMR(0.9),4.76,1,0.7771,0.0
MMR(0.9),4.79,1,0.7771,0.0
MMR(0.9),4.84,1,0.7771,0.0
MMR(0.9),4.96,1,0.7771,0.0
MMR(0.9),5.0,1,0.7792,0.0
MMR(0.9),5.05,1,0.7792,0.0
MMR(0.9),5.28,1,0.7792,0.0
MMR(0.9),5.33,1,0.7792,0.0
Maxmin,1.48,1,0.7767,0.0
Maxmin,1.61,1,0.7726,0.0
Maxmin,1.62,1,0.7726,0.0
Maxmin,1.67,1,0.7622,0.0
Maxmin,1.71,1,0.7601,0.0
Maxmin,1.75,1,0.758,0.0
Maxmin,1.76,1,0.758,0.0
Maxmin,1.87,1,0.7483,0.0
Maxmin,1.89,1,0.7462,0.0
Maxmin,1.95,1,0.7462,0.0
Maxmin,2.0,1,0.7441,0.0
Maxmin,2.04,1,0.7441,0.0
Maxmin,2.05,1,0.742,0.0
Maxmin,2.07,1,0.7406,0.0
Maxmin,2.26,1,0.7375,0.0
Maxmin,2.48,1,0.733,0.0
Maxmin,2.55,1,0.733,0.0
Maxmin,2.59,1,0.7288,0.0
Maxmin,2.61,1,0.7288,0.0
Maxmin,2.72,1,0.7288,0.0
Maxmin,2.93,1,0.7233,0.0
Maxmin,2.95,1,0.7233,0.0
Maxmin,2.97,1,0.7233,0.0
Maxmin,2.99,1,0.7233,0.0
Maxmin,3.11,1,0.7212,0.0
Maxmin,3.12,1,0.7212,0.0
Maxmin,3.31,1,0.7212,0.0
Maxmin,3.34,1,0.7212,0.0
Maxmin,3.48,1,0.7118,0.0
Maxmin,3.49,1,0.7097,0.0
Maxmin,3.52,1,0.7056,0.0
Maxmin,3.56,1,0.7056,0.0
Maxmin,3.57,1,0.7056,0.0
Maxmin,3.65,1,0.7056,0.0
Maxmin,3.85,1,0.6993,0.0
Maxmin,3.99,1,0.6979,0.0
Maxmin,4.23,1,0.6885,0.0
Maxmin,4.27,1,0.6885,0.0
Maxmin,4.31,1,0.6865,0.0
Maxmin,4.36,1,0.6865,0.0
Maxmin,4.42,1,0.6865,0.0
Maxmin,4.5,1,0.6823,0.0
Maxmin,4.51,1,0.6823,0.0
Maxmin,4.56,1,0.6802,0.0
Maxmin,4.6,1,0.6802,0.0
Maxmin,4.61,1,0.6802,0.0
Maxmin,4.73,1,0.6823,0.0
Maxmin,4.74,1,0.6844,0.0
Maxmin,4.76,1,0.6844,0.0
Maxmin,4.79,1,0.6844,0.0
Maxmin,4.84,1,0.6823,0.0
Maxmin,4.96,1,0.6844,0.0
Maxmin,5.0,1,0.6844,0.0
Maxmin,5.05,1,0.6844,0.0
Maxmin,5.28,1,0.6802,0.0
Maxmin,5.33,1,0.6802,0.0
Greedy-DPP,1.48,1,0.7844,0.0
Greedy-DPP,1.61,1,0.7823,0.0
Greedy-DPP,1.62,1,0.7823,0.0
Greedy-DPP,1.67,1,0.7802,0.0
Greedy-DPP,1.71,1,0.7802,0.0
Greedy-DPP,1.75,1,0.7802,0.0
Greedy-DPP,1.76,1,0.7802,0.0
Greedy-DPP,1.87,1,0.776,0.0
Greedy-DPP,1.89,1,0.776,0.0
Greedy-DPP,1.95,1,0.776,0.0
Greedy-DPP,2.0,1,0.776,0.0
Greedy-DPP,2.04,1,0.776,0.0
Greedy-DPP,2.05,1,0.776,0.0
Greedy-DPP,2.07,1,0.7753,0.0
Greedy-DPP,2.26,1,0.7743,0.0
Greedy-DPP,2.48,1,0.7715,0.0
Greedy-DPP,2.55,1,0.7715,0.0
Greedy-DPP,2.59,1,0.7715,0.0
Greedy-DPP,2.61,1,0.7715,0.0
Greedy-DPP,2.72,1,0.7715,0.0
Greedy-DPP,2.93,1,0.7708,0.0
Greedy-DPP,2.95,1,0.7708,0.0
Greedy-DPP,2.97,1,0.7708,0.0
Greedy-DPP,2.99,1,0.7708,0.0
Greedy-DPP,3.11,1,0.7667,0.0
Greedy-DPP,3.12,1,0.7667,0.0
Greedy-DPP,3.31,1,0.7646,0.0
Greedy-DPP,3.34,1,0.7646,0.0
Greedy-DPP,3.48,1,0.7615,0.0
Greedy-DPP,3.49,1,0.7594,0.0
Greedy-DPP,3.52,1,0.7573,0.0
Greedy-DPP,3.56,1,0.7573,0.0
Greedy-DPP,3.57,1,0.7573,0.0
Greedy-DPP,3.65,1,0.7573,0.0
Greedy-DPP,3.85,1,0.7615,0.0
Greedy-DPP,3.99,1,0.7608,0.0
Greedy-DPP,4.23,1,0.7514,0.0
Greedy-DPP,4.27,1,0.7514,0.0
Greedy-DPP,4.31,1,0.7493,0.0
Greedy-DPP,4.36,1,0.7493,0.0
Greedy-DPP,4.42,1,0.7514,0.0
Greedy-DPP,4.5,1,0.7451,0.0
Greedy-DPP,4.51,1,0.7451,0.0
Greedy-DPP,4.56,1,0.7431,0.0
Greedy-DPP,4.6,1,0.7431,0.0
Greedy-DPP,4.61,1,0.7431,0.0
Greedy-DPP,4.73,1,0.7451,0.0
Greedy-DPP,4.74,1,0.7451,0.0
Greedy-DPP,4.76,1,0.7451,0.0
Greedy-DPP,4.79,1,0.7451,0.0
Greedy-DPP,4.84,1,0.7451,0.0
Greedy-DPP,4.96,1,0.7451,0.0
Greedy-DPP,5.0,1,0.7535,0.0
Greedy-DPP,5.05,1,0.7535,0.0
Greedy-DPP,5.28,1,0.7535,0.0
Greedy-DPP,5.33,1,0.7535,0.0
RNG(-0.3),1.48,1,0.7819,0.0
RNG(-0.3),1.61,1,0.7819,0.0
RNG(-0.3),1.62,1,0.7819,0.0
RNG(-0.3),1.67,1,0.7819,0.0
RNG(-0.3),1.71,1,0.7819,0.0
RNG(-0.3),1.75,1,0.7819,0.0
RNG(-0.3),1.76,1,0.7819,0.0
RNG(-0.3),1.87,1,0.7833,0.0
RNG(-0.3),1.89,1,0.7833,0.0
RNG(-0.3),1.95,1,0.7833,0.0
RNG(-0.3),2.0,1,0.7833,0.0
RNG(-0.3),2.04,1,0.7833,0.0
RNG(-0.3),2.05,1,0.7833,0.0
RNG(-0.3),2.07,1,0.7833,0.0
RNG(-0.3),2.26,1,0.7833,0.0
RNG(-0.3),2.48,1,0.7833,0.0
RNG(-0.3),2.55,1,0.7833,0.0
RNG(-0.3),2.59,1,0.7833,0.0
RNG(-0.3),2.61,1,0.7833,0.0
RNG(-0.3),2.72,1,0.7833,0.0
RNG(-0.3),2.93,1,0.7833,0.0
RNG(-0.3),2.95,1,0.7833,0.0
RNG(-0.3),2.97,1,0.7833,0.0
RNG(-0.3),2.99,1,0.7833,0.0
RNG(-0.3),3.11,1,0.7833,0.0
RNG(-0.3),3.12,1,0.7833,0.0
RNG(-0.3),3.31,1,0.7833,0.0
RNG(-0.3),3.34,1,0.7833,0.0
RNG(-0.3),3.48,1,0.7833,0.0
RNG(-0.3),3.49,1,0.7833,0.0
RNG(-0.3),3.52,1,0.7833,0.0
RNG(-0.3),3.56,1,0.7833,0.0
RNG(-0.3),3.57,1,0.7833,0.0
RNG(-0.3),3.65,1,0.7833,0.0
RNG(-0.3),3.85,1,0.7833,0.0
RNG(-0.3),3.99,1,0.7854,0.0
RNG(-0.3),4.23,1,0.7854,0.0
RNG(-0.3),4.27,1,0.7854,0.0
RNG(-0.3),4.31,1,0.7854,0.0
RNG(-0.3),4.36,1,0.7854,0.0
RNG(-0.3),4.42,1,0.7854,0.0
RNG(-0.3),4.5,1,0.7812,0.0
RNG(-0.3),4.51,1,0.7812,0.0
RNG(-0.3),4.56,1,0.7812,0.0
RNG(-0.3),4.6,1,0.7812,0.0
RNG(-0.3),4.61,1,0.7812,0.0
RNG(-0.3),4.73,1,0.7812,0.0
RNG(-0.3),4.74,1,0.7812,0.0
RNG(-0.3),4.76,1,0.7812,0.0
RNG(-0.3),4.79,1,0.7812,0.0
RNG(-0.3),4.84,1,0.7812,0.0
RNG(-0.3),4.96,1,0.7812,0.0
RNG(-0.3),5.0,1,0.7812,0.0
RNG(-0.3),5.05,1,0.7812,0.0
RNG(-0.3),5.28,1,0.7812,0.0
RNG(-0.3),5.33,1,0.7812,0.0
RNG(-0.2),1.48,1,0.7861,0.0
RNG(-0.2),1.61,1,0.7861,0.0
RNG(-0.2),1.62,1,0.7861,0.0
RNG(-0.2),1.67,1,0.7861,0.0
RNG(-0.2),1.71,1,0.7861,0.0
RNG(-0.2),1.75,1,0.7861,0.0
RNG(-0.2),1.76,1,0.7861,0.0
RNG(-0.2),1.87,1,0.7875,0.0
RNG(-0.2),1.89,1,0.7875,0.0
RNG(-0.2),1.95,1,0.7875,0.0
RNG(-0.2),2.0,1,0.7875,0.0
RNG(-0.2),2.04,1,0.7875,0.0
RNG(-0.2),2.05,1,0.7875,0.0
RNG(-0.2),2.07,1,0.7875,0.0
RNG(-0.2),2.26,1,0.7875,0.0
RNG(-0.2),2.48,1,0.7875,0.0
RNG(-0.2),2.55,1,0.7875,0.0
RNG(-0.2),2.59,1,0.7875,0.0
RNG(-0.2),2.61,1,0.7875,0.0
RNG(-0.2),2.72,1,0.7875,0.0
RNG(-0.2),2.93,1,0.7875,0.0
RNG(-0.2),2.95,1,0.7875,0.0
RNG(-0.2),2.97,1,0.7875,0.0
RNG(-0.2),2.99,1,0.7875,0.0
RNG(-0.2),3.11,1,0.7875,0.0
RNG(-0.2),3.12,1,0.7875,0.0
RNG(-0.2),3.31,1,0.7854,0.0
RNG(-0.2),3.34,1,0.7854,0.0
RNG(-0.2),3.48,1,0.7833,0.0
RNG(-0.2),3.49,1,0.7833,0.0
RNG(-0.2),3.52,1,0.7833,0.0
RNG(-0.2),3.56,1,0.7833,0.0
RNG(-0.2),3.57,1,0.7833,0.0
RNG(-0.2),3.65,1,0.7833,0.0
RNG(-0.2),3.85,1,0.7875,0.0
RNG(-0.2),3.99,1,0.7896,0.0
RNG(-0.2),4.23,1,0.7833,0.0
RNG(-0.2),4.27,1,0.7833,0.0
RNG(-0.2),4.31,1,0.7833,0.0
RNG(-0.2),4.36,1,0.7833,0.0
RNG(-0.2),4.42,1,0.7833,0.0
RNG(-0.2),4.5,1,0.7792,0.0
RNG(-0.2),4.51,1,0.7792,0.0
RNG(-0.2),4.56,1,0.7792,0.0
RNG(-0.2),4.6,1,0.7792,0.0
RNG(-0.2),4.61,1,0.7792,0.0
RNG(-0.2),4.73,1,0.7792,0.0
RNG(-0.2),4.74,1,0.7792,0.0
RNG(-0.2),4.76,1,0.7792,0.0
RNG(-0.2),4.79,1,0.7792,0.0
RNG(-0.2),4.84,1,0.7792,0.0
RNG(-0.2),4.96,1,0.7792,0.0
RNG(-0.2),5.0,1,0.7792,0.0
RNG(-0.2),5.05,1,0.7792,0.0
RNG(-0.2),5.28,1,0.7792,0.0
RNG(-0.2),5.33,1,0.7792,0.0
RNG(-0.1),1.48,1,0.7847,0.0
RNG(-0.1),1.61,1,0.7847,0.0
RNG(-0.1),1.62,1,0.7847,0.0
RNG(-0.1),1.67,1,0.7826,0.0
RNG(-0.1),1.71,1,0.7826,0.0
RNG(-0.1),1.75,1,0.7826,0.0
RNG(-0.1),1.76,1,0.7826,0.0
RNG(-0.1),1.87,1,0.7826,0.0
RNG(-0.1),1.89,1,0.7826,0.0
RNG(-0.1),1.95,1,0.7826,0.0
RNG(-0.1),2.0,1,0.7826,0.0
RNG(-0.1),2.04,1,0.7826,0.0
RNG(-0.1),2.05,1,0.7826,0.0
RNG(-0.1),2.07,1,0.7819,0.0
RNG(-0.1),2.26,1,0.7819,0.0
RNG(-0.1),2.48,1,0.7812,0.0
RNG(-0.1),2.55,1,0.7812,0.0
RNG(-0.1),2.59,1,0.7812,0.0
RNG(-0.1),2.61,1,0.7812,0.0
RNG(-0.1),2.72,1,0.7812,0.0
RNG(-0.1),2.93,1,0.7812,0.0
RNG(-0.1),2.95,1,0.7812,0.0
RNG(-0.1),2.97,1,0.7812,0.0
RNG(-0.1),2.99,1,0.7812,0.0
RNG(-0.1),3.11,1,0.7792,0.0
RNG(-0.1),3.12,1,0.7792,0.0
RNG(-0.1),3.31,1,0.7771,0.0
RNG(-0.1),3.34,1,0.7771,0.0
RNG(-0.1),3.48,1,0.775,0.0
RNG(-0.1),3.49,1,0.775,0.0
RNG(-0.1),3.52,1,0.775,0.0
RNG(-0.1),3.56,1,0.775,0.0
RNG(-0.1),3.57,1,0.775,0.0
RNG(-0.1),3.65,1,0.775,0.0
RNG(-0.1),3.85,1,0.7792,0.0
RNG(-0.1),3.99,1,0.7806,0.0
RNG(-0.1),4.23,1,0.7722,0.0
RNG(-0.1),4.27,1,0.7722,0.0
RNG(-0.1),4.31,1,0.7701,0.0
RNG(-0.1),4.36,1,0.7701,0.0
RNG(-0.1),4.42,1,0.7701,0.0
RNG(-0.1),4.5,1,0.766,0.0
RNG(-0.1),4.51,1,0.766,0.0
RNG(-0.1),4.56,1,0.7639,0.0
RNG(-0.1),4.6,1,0.7639,0.0
RNG(-0.1),4.61,1,0.7639,0.0
RNG(-0.1),4.73,1,0.7639,0.0
RNG(-0.1),4.74,1,0.7639,0.0
RNG(-0.1),4.76,1,0.7639,0.0
RNG(-0.1),4.79,1,0.7639,0.0
RNG(-0.1),4.84,1,0.7639,0.0
RNG(-0.1),4.96,1,0.7639,0.0
RNG(-0.1),5.0,1,0.766,0.0
RNG(-0.1),5.05,1,0.766,0.0
RNG(-0.1),5.28,1,0.766,0.0
RNG(-0.1),5.33,1,0.766,0.0
RNG(-0.05),1.48,1,0.7837,0.0
RNG(-0.05),1.61,1,0.7837,0.0
RNG(-0.05),1.62,1,0.7837,0.0
RNG(-0.05),1.67,1,0.7837,0.0
RNG(-0.05),1.71,1,0.7837,0.0
RNG(-0.05),1.75,1,0.7837,0.0
RNG(-0.05),1.76,1,0.7837,0.0
RNG(-0.05),1.87,1,0.7837,0.0
RNG(-0.05),1.89,1,0.7837,0.0
RNG(-0.05),1.95,1,0.7837,0.0
RNG(-0.05),2.0,1,0.7837,0.0
RNG(-0.05),2.04,1,0.7837,0.0
RNG(-0.05),2.05,1,0.7837,0.0
RNG(-0.05),2.07,1,0.783,0.0
RNG(-0.05),2.26,1,0.783,0.0
RNG(-0.05),2.48,1,0.7823,0.0
RNG(-0.05),2.55,1,0.7823,0.0
RNG(-0.05),2.59,1,0.7823,0.0
RNG(-0.05),2.61,1,0.7823,0.0
RNG(-0.05),2.72,1,0.7823,0.0
RNG(-0.05),2.93,1,0.7816,0.0
RNG(-0.05),2.95,1,0.7816,0.0
RNG(-0.05),2.97,1,0.7816,0.0
RNG(-0.05),2.99,1,0.7816,0.0
RNG(-0.05),3.11,1,0.7816,0.0
RNG(-0.05),3.12,1,0.7816,0.0
RNG(-0.05),3.31,1,0.7795,0.0
RNG(-0.05),3.34,1,0.7795,0.0
RNG(-0.05),3.48,1,0.7774,0.0
RNG(-0.05),3.49,1,0.7774,0.0
RNG(-0.05),3.52,1,0.7774,0.0
RNG(-0.05),3.56,1,0.7774,0.0
RNG(-0.05),3.57,1,0.7774,0.0
RNG(-0.05),3.65,1,0.7774,0.0
RNG(-0.05),3.85,1,0.7816,0.0
RNG(-0.05),3.99,1,0.783,0.0
RNG(-0.05),4.23,1,0.7747,0.0
RNG(-0.05),4.27,1,0.7747,0.0
RNG(-0.05),4.31,1,0.7726,0.0
RNG(-0.05),4.36,1,0.7726,0.0
RNG(-0.05),4.42,1,0.7747,0.0
RNG(-0.05),4.5,1,0.7705,0.0
RNG(-0.05),4.51,1,0.7705,0.0
RNG(-0.05),4.56,1,0.7684,0.0
RNG(-0.05),4.6,1,0.7684,0.0
RNG(-0.05),4.61,1,0.7684,0.0
RNG(-0.05),4.73,1,0.7705,0.0
RNG(-0.05),4.74,1,0.7705,0.0
RNG(-0.05),4.76,1,0.7705,0.0
RNG(-0.05),4.79,1,0.7705,0.0
RNG(-0.05),4.84,1,0.7705,0.0
RNG(-0.05),4.96,1,0.7705,0.0
RNG(-0.05),5.0,1,0.7767,0.0
RNG(-0.05),5.05,1,0.7767,0.0
RNG(-0.05),5.28,1,0.7767,0.0
RNG(-0.05),5.33,1,0.7767,0.0
RNG(0),1.48,1,0.7806,0.0
RNG(0),1.61,1,0.7806,0.0
RNG(0),1.62,1,0.7806,0.0
RNG(0),1.67,1,0.7806,0.0
RNG(0),1.71,1,0.7806,0.0
RNG(0),1.75,1,0.7806,0.0
RNG(0),1.76,1,0.7806,0.0
RNG(0),1.87,1,0.7806,0.0
RNG(0),1.89,1,0.7806,0.0
RNG(0),1.95,1,0.7806,0.0
RNG(0),2.0,1,0.7806,0.0
RNG(0),2.04,1,0.7806,0.0
RNG(0),2.05,1,0.7806,0.0
RNG(0),2.07,1,0.7799,0.0
RNG(0),2.26,1,0.7799,0.0
RNG(0),2.48,1,0.7792,0.0
RNG(0),2.55,1,0.7792,0.0
RNG(0),2.59,1,0.7792,0.0
RNG(0),2.61,1,0.7792,0.0
RNG(0),2.72,1,0.7792,0.0
RNG(0),2.93,1,0.7792,0.0
RNG(0),2.95,1,0.7792,0.0
RNG(0),2.97,1,0.7792,0.0
RNG(0),2.99,1,0.7792,0.0
RNG(0),3.11,1,0.7792,0.0
RNG(0),3.12,1,0.7792,0.0
RNG(0),3.31,1,0.7771,0.0
RNG(0),3.34,1,0.7771,0.0
RNG(0),3.48,1,0.7771,0.0
RNG(0),3.49,1,0.7771,0.0
RNG(0),3.52,1,0.7771,0.0
RNG(0),3.56,1,0.7771,0.0
RNG(0),3.57,1,0.7771,0.0
RNG(0),3.65,1,0.7771,0.0
RNG(0),3.85,1,0.7812,0.0
RNG(0),3.99,1,0.7826,0.0
RNG(0),4.23,1,0.7743,0.0
RNG(0),4.27,1,0.7743,0.0
RNG(0),4.31,1,0.7722,0.0
RNG(0),4.36,1,0.7722,0.0
RNG(0),4.42,1,0.7743,0.0
RNG(0),4.5,1,0.7701,0.0
RNG(0),4.51,1,0.7701,0.0
RNG(0),4.56,1,0.7681,0.0
RNG(0),4.6,1,0.7681,0.0
RNG(0),4.61,1,0.7681,0.0
RNG(0),4.73,1,0.7701,0.0
RNG(0),4.74,1,0.7701,0.0
RNG(0),4.76,1,0.7701,0.0
RNG(0),4.79,1,0.7701,0.0
RNG(0),4.84,1,0.7701,0.0
RNG(0),4.96,1,0.7701,0.0
RNG(0),5.0,1,0.7764,0.0
RNG(0),5.05,1,0.7764,0.0
RNG(0),5.28,1,0.7764,0.0
RNG(0),5.33,1,0.7764,0.0
RNG(0.05),1.48,1,0.7816,0.0
RNG(0.05),1.61,1,0.7816,0.0
RNG(0.05),1.62,1,0.7816,0.0
RNG(0.05),1.67,1,0.7816,0.0
RNG(0.05),1.71,1,0.7816,0.0
RNG(0.05),1.75,1,0.7816,0.0
RNG(0.05),1.76,1,0.7816,0.0
RNG(0.05),1.87,1,0.7816,0.0
RNG(0.05),1.89,1,0.7816,0.0
RNG(0.05),1.95,1,0.7816,0.0
RNG(0.05),2.0,1,0.7816,0.0
RNG(0.05),2.04,1,0.7816,0.0
RNG(0.05),2.05,1,0.7816,0.0
RNG(0.05),2.07,1,0.7809,0.0
RNG(0.05),2.26,1,0.7809,0.0
RNG(0.05),2.48,1,0.7802,0.0
RNG(0.05),2.55,1,0.7802,0.0
RNG(0.05),2.59,1,0.7802,0.0
RNG(0.05),2.61,1,0.7802,0.0
RNG(0.05),2.72,1,0.7802,0.0
RNG(0.05),2.93,1,0.7802,0.0
RNG(0.05),2.95,1,0.7802,0.0
RNG(0.05),2.97,1,0.7802,0.0
RNG(0.05),2.99,1,0.7802,0.0
RNG(0.05),3.11,1,0.7802,0.0
RNG(0.05),3.12,1,0.7802,0.0
RNG(0.05),3.31,1,0.7781,0.0
RNG(0.05),3.34,1,0.7781,0.0
RNG(0.05),3.48,1,0.7781,0.0
RNG(0.05),3.49,1,0.7781,0.0
RNG(0.05),3.52,1,0.7781,0.0
RNG(0.05),3.56,1,0.7781,0.0
RNG(0.05),3.57,1,0.7781,0.0
RNG(0.05),3.65,1,0.7781,0.0
RNG(0.05),3.85,1,0.7823,0.0
RNG(0.05),3.99,1,0.7865,0.0
RNG(0.05),4.23,1,0.7823,0.0
RNG(0.05),4.27,1,0.7823,0.0
RNG(0.05),4.31,1,0.7802,0.0
RNG(0.05),4.36,1,0.7802,0.0
RNG(0.05),4.42,1,0.7823,0.0
RNG(0.05),4.5,1,0.7781,0.0
RNG(0.05),4.51,1,0.7781,0.0
RNG(0.05),4.56,1,0.776,0.0
RNG(0.05),4.6,1,0.776,0.0
RNG(0.05),4.61,1,0.776,0.0
RNG(0.05),4.73,1,0.7781,0.0
RNG(0.05),4.74,1,0.7781,0.0
RNG(0.05),4.76,1,0.7781,0.0
RNG(0.05),4.79,1,0.7781,0.0
RNG(0.05),4.84,1,0.7781,0.0
RNG(0.05),4.96,1,0.7781,0.0
RNG(0.05),5.0,1,0.7802,0.0
RNG(0.05),5.05,1,0.7802,0.0
RNG(0.05),5.28,1,0.7802,0.0
RNG(0.05),5.33,1,0.7802,0.0
RNG(0.1),1.48,1,0.7826,0.0
RNG(0.1),1.61,1,0.7826,0.0
RNG(0.1),1.62,1,0.7826,0.0
RNG(0.1),1.67,1,0.7826,0.0
RNG(0.1),1.71,1,0.7826,0.0
RNG(0.1),1.75,1,0.7826,0.0
RNG(0.1),1.76,1,0.7826,0.0
RNG(0.1),1.87,1,0.7826,0.0
RNG(0.1),1.89,1,0.7826,0.0
RNG(0.1),1.95,1,0.7826,0.0
RNG(0.1),2.0,1,0.7826,0.0
RNG(0.1),2.04,1,0.7826,0.0
RNG(0.1),2.05,1,0.7826,0.0
RNG(0.1),2.07,1,0.7819,0.0
RNG(0.1),2.26,1,0.7819,0.0
RNG(0.1),2.48,1,0.7819,0.0
RNG(0.1),2.55,1,0.7819,0.0
RNG(0.1),2.59,1,0.7819,0.0
RNG(0.1),2.61,1,0.7819,0.0
RNG(0.1),2.72,1,0.7819,0.0
RNG(0.1),2.93,1,0.7819,0.0
RNG(0.1),2.95,1,0.7819,0.0
RNG(0.1),2.97,1,0.7819,0.0
RNG(0.1),2.99,1,0.7819,0.0
RNG(0.1),3.11,1,0.7819,0.0
RNG(0.1),3.12,1,0.7819,0.0
RNG(0.1),3.31,1,0.7819,0.0
RNG(0.1),3.34,1,0.7819,0.0
RNG(0.1),3.48,1,0.7819,0.0
RNG(0.1),3.49,1,0.7819,0.0
RNG(0.1),3.52,1,0.7819,0.0
RNG(0.1),3.56,1,0.7819,0.0
RNG(0.1),3.57,1,0.7819,0.0
RNG(0.1),3.65,1,0.7819,0.0
RNG(0.1),3.85,1,0.7861,0.0
RNG(0.1),3.99,1,0.7903,0.0
RNG(0.1),4.23,1,0.7882,0.0
RNG(0.1),4.27,1,0.7882,0.0
RNG(0.1),4.31,1,0.7861,0.0
RNG(0.1),4.36,1,0.7861,0.0
RNG(0.1),4.42,1,0.7882,0.0
RNG(0.1),4.5,1,0.784,0.0
RNG(0.1),4.51,1,0.784,0.0
RNG(0.1),4.56,1,0.784,0.0
RNG(0.1),4.6,1,0.784,0.0
RNG(0.1),4.61,1,0.784,0.0
RNG(0.1),4.73,1,0.7861,0.0
RNG(0.1),4.74,1,0.7861,0.0
RNG(0.1),4.76,1,0.7861,0.0
RNG(0.1),4.79,1,0.7861,0.0
RNG(0.1),4.84,1,0.7861,0.0
RNG(0.1),4.96,1,0.7861,0.0
RNG(0.1),5.0,1,0.7882,0.0
RNG(0.1),5.05,1,0.7882,0.0
RNG(0.1),5.28,1,0.7882,0.0
RNG(0.1),5.33,1,0.7882,0.0
RNG(0.2),1.48,1,0.7826,0.0
RNG(0.2),1.61,1,0.7826,0.0
RNG(0.2),1.62,1,0.7826,0.0
RNG(0.2),1.67,1,0.7826,0.0
RNG(0.2),1.71,1,0.7826,0.0
RNG(0.2),1.75,1,0.7826,0.0
RNG(0.2),1.76,1,0.7826,0.0
RNG(0.2),1.87,1,0.7826,0.0
RNG(0.2),1.89,1,0.7826,0.0
RNG(0.2),1.95,1,0.7826,0.0
RNG(0.2),2.0,1,0.7826,0.0
RNG(0.2),2.04,1,0.7826,0.0
RNG(0.2),2.05,1,0.7826,0.0
RNG(0.2),2.07,1,0.7826,0.0
RNG(0.2),2.26,1,0.7826,0.0
RNG(0.2),2.48,1,0.7826,0.0
RNG(0.2),2.55,1,0.7826,0.0
RNG(0.2),2.59,1,0.7826,0.0
RNG(0.2),2.61,1,0.7826,0.0
RNG(0.2),2.72,1,0.7826,0.0
RNG(0.2),2.93,1,0.7826,0.0
RNG(0.2),2.95,1,0.7826,0.0
RNG(0.2),2.97,1,0.7826,0.0
RNG(0.2),2.99,1,0.7826,0.0
RNG(0.2),3.11,1,0.7826,0.0
RNG(0.2),3.12,1,0.7826,0.0
RNG(0.2),3.31,1,0.7826,0.0
RNG(0.2),3.34,1,0.7826,0.0
RNG(0.2),3.48,1,0.7826,0.0
RNG(0.2),3.49,1,0.7826,0.0
RNG(0.2),3.52,1,0.7826,0.0
RNG(0.2),3.56,1,0.7826,0.0
RNG(0.2),3.57,1,0.7826,0.0
RNG(0.2),3.65,1,0.7826,0.0
RNG(0.2),3.85,1,0.7826,0.0
RNG(0.2),3.99,1,0.7826,0.0
RNG(0.2),4.23,1,0.7826,0.0
RNG(0.2),4.27,1,0.7826,0.0
RNG(0.2),4.31,1,0.7806,0.0
RNG(0.2),4.36,1,0.7806,0.0
RNG(0.2),4.42,1,0.7806,0.0
RNG(0.2),4.5,1,0.7764,0.0
RNG(0.2),4.51,1,0.7764,0.0
RNG(0.2),4.56,1,0.7764,0.0
RNG(0.2),4.6,1,0.7764,0.0
RNG(0.2),4.61,1,0.7764,0.0
RNG(0.2),4.73,1,0.7764,0.0
RNG(0.2),4.74,1,0.7764,0.0
RNG(0.2),4.76,1,0.7764,0.0
RNG(0.2),4.79,1,0.7764,0.0
RNG(0.2),4.84,1,0.7764,0.0
RNG(0.2),4.96,1,0.7764,0.0
RNG(0.2),5.0,1,0.7785,0.0
RNG(0.2),5.05,1,0.7785,0.0
RNG(0.2),5.28,1,0.7785,0.0
RNG(0.2),5.33,1,0.7785,0.0
RNG(0.3),1.48,1,0.7816,0.0
RNG(0.3),1.61,1,0.7816,0.0
RNG(0.3),1.62,1,0.7816,0.0
RNG(0.3),1.67,1,0.7816,0.0
RNG(0.3),1.71,1,0.7816,0.0
RNG(0.3),1.75,1,0.7816,0.0
RNG(0.3),1.76,1,0.7816,0.0
RNG(0.3),1.87,1,0.7816,0.0
RNG(0.3),1.89,1,0.7816,0.0
RNG(0.3),1.95,1,0.7816,0.0
RNG(0.3),2.0,1,0.7816,0.0
RNG(0.3),2.04,1,0.7816,0.0
RNG(0.3),2.05,1,0.7816,0.0
RNG(0.3),2.07,1,0.7816,0.0
RNG(0.3),2.26,1,0.7816,0.0
RNG(0.3),2.48,1,0.7816,0.0
RNG(0.3),2.55,1,0.7816,0.0
RNG(0.3),2.59,1,0.7816,0.0
RNG(0.3),2.61,1,0.7816,0.0
RNG(0.3),2.72,1,0.7816,0.0
RNG(0.3),2.93,1,0.7816,0.0
RNG(0.3),2.95,1,0.7816,0.0
RNG(0.3),2.97,1,0.7816,0.0
RNG(0.3),2.99,1,0.7816,0.0
RNG(0.3),3.11,1,0.7816,0.0
RNG(0.3),3.12,1,0.7816,0.0
RNG(0.3),3.31,1,0.7816,0.0
RNG(0.3),3.34,1,0.7816,0.0
RNG(0.3),3.48,1,0.7816,0.0
RNG(0.3),3.49,1,0.7816,0.0
RNG(0.3),3.52,1,0.7816,0.0
RNG(0.3),3.56,1,0.7816,0.0
RNG(0.3),3.57,1,0.7816,0.0
RNG(0.3),3.65,1,0.7816,0.0
RNG(0.3),3.85,1,0.7858,0.0
RNG(0.3),3.99,1,0.7858,0.0
RNG(0.3),4.23,1,0.7858,0.0
RNG(0.3),4.27,1,0.7858,0.0
RNG(0.3),4.31,1,0.7858,0.0
RNG(0.3),4.36,1,0.7858,0.0
RNG(0.3),4.42,1,0.7858,0.0
RNG(0.3),4.5,1,0.7816,0.0
RNG(0.3),4.51,1,0.7816,0.0
RNG(0.3),4.56,1,0.7816,0.0
RNG(0.3),4.6,1,0.7816,0.0
RNG(0.3),4.61,1,0.7816,0.0
RNG(0.3),4.73,1,0.7816,0.0
RNG(0.3),4.74,1,0.7816,0.0
RNG(0.3),4.76,1,0.7816,0.0
RNG(0.3),4.79,1,0.7816,0.0
RNG(0.3),4.84,1,0.7816,0.0
RNG(0.3),4.96,1,0.7816,0.0
RNG(0.3),5.0,1,0.7837,0.0
RNG(0.3),5.05,1,0.7837,0.0
RNG(0.3),5.28,1,0.7837,0.0
RNG(0.3),5.33,1,0.7837,0.0
RNG(0.5),1.48,1,0.7806,0.0
RNG(0.5),1.61,1,0.7806,0.0
RNG(0.5),1.62,1,0.7806,0.0
RNG(0.5),1.67,1,0.7806,0.0
RNG(0.5),1.71,1,0.7806,0.0
RNG(0.5),1.75,1,0.7806,0.0
RNG(0.5),1.76,1,0.7806,0.0
RNG(0.5),1.87,1,0.7806,0.0
RNG(0.5),1.89,1,0.7806,0.0
RNG(0.5),1.95,1,0.7806,0.0
RNG(0.5),2.0,1,0.7806,0.0
RNG(0.5),2.04,1,0.7806,0.0
RNG(0.5),2.05,1,0.7806,0.0
RNG(0.5),2.07,1,0.7806,0.0
RNG(0.5),2.26,1,0.7806,0.0
RNG(0.5),2.48,1,0.7806,0.0
RNG(0.5),2.55,1,0.7806,0.0
RNG(0.5),2.59,1,0.7806,0.0
RNG(0.5),2.61,1,0.7806,0.0
RNG(0.5),2.72,1,0.7806,0.0
RNG(0.5),2.93,1,0.7806,0.0
RNG(0.5),2.95,1,0.7806,0.0
RNG(0.5),2.97,1,0.7806,0.0
RNG(0.5),2.99,1,0.7806,0.0
RNG(0.5),3.11,1,0.7806,0.0
RNG(0.5),3.12,1,0.7806,0.0
RNG(0.5),3.31,1,0.7806,0.0
RNG(0.5),3.34,1,0.7806,0.0
RNG(0.5),3.48,1,0.7806,0.0
RNG(0.5),3.49,1,0.7806,0.0
RNG(0.5),3.52,1,0.7806,0.0
RNG(0.5),3.56,1,0.7806,0.0
RNG(0.5),3.57,1,0.7806,0.0
RNG(0.5),3.65,1,0.7806,0.0
RNG(0.5),3.85,1,0.7806,0.0
RNG(0.5),3.99,1,0.7806,0.0
RNG(0.5),4.23,1,0.7806,0.0
RNG(0.5),4.27,1,0.7806,0.0
RNG(0.5),4.31,1,0.7806,0.0
RNG(0.5),4.36,1,0.7806,0.0
RNG(0.5),4.42,1,0.7806,0.0
RNG(0.5),4.5,1,0.7806,0.0
RNG(0.5),4.51,1,0.7806,0.0
RNG(0.5),4.56,1,0.7806,0.0
RNG(0.5),4.6,1,0.7806,0.0
RNG(0.5),4.61,1,0.7806,0.0
RNG(0.5),4.73,1,0.7806,0.0
RNG(0.5),4.74,1,0.7806,0.0
RNG(0.5),4.76,1,0.7806,0.0
RNG(0.5),4.79,1,0.7806,0.0
RNG(0.5),4.84,1,0.7806,0.0
RNG(0.5),4.96,1,0.7806,0.0
RNG(0.5),5.0,1,0.7806,0.0
RNG(0.5),5.05,1,0.7806,0.0
RNG(0.5),5.28,1,0.7806,0.0
RNG(0.5),5.33,1,0.7806,0.0
RNG(1),1.48,1,0.7799,0.0
RNG(1),1.61,1,0.7799,0.0
RNG(1),1.62,1,0.7799,0.0
RNG(1),1.67,1,0.7799,0.0
RNG(1),1.71,1,0.7799,0.0
RNG(1),1.75,1,0.7799,0.0
RNG(1),1.76,1,0.7799,0.0
RNG(1),1.87,1,0.7799,0.0
RNG(1),1.89,1,0.7799,0.0
RNG(1),1.95,1,0.7799,0.0
RNG(1),2.0,1,0.7799,0.0
RNG(1),2.04,1,0.7799,0.0
RNG(1),2.05,1,0.7799,0.0
RNG(1),2.07,1,0.7799,0.0
RNG(1),2.26,1,0.7799,0.0
RNG(1),2.48,1,0.7799,0.0
RNG(1),2.55,1,0.7799,0.0
RNG(1),2.59,1,0.7799,0.0
RNG(1),2.61,1,0.7799,0.0
RNG(1),2.72,1,0.7799,0.0
RNG(1),2.93,1,0.7799,0.0
RNG(1),2.95,1,0.7799,0.0
RNG(1),2.97,1,0.7799,0.0
RNG(1),2.99,1,0.7799,0.0
RNG(1),3.11,1,0.7799,0.0
RNG(1),3.12,1,0.7799,0.0
RNG(1),3.31,1,0.7799,0.0
RNG(1),3.34,1,0.7799,0.0
RNG(1),3.48,1,0.7799,0.0
RNG(1),3.49,1,0.7799,0.0
RNG(1),3.52,1,0.7799,0.0
RNG(1),3.56,1,0.7799,0.0
RNG(1),3.57,1,0.7799,0.0
RNG(1),3.65,1,0.7799,0.0
RNG(1),3.85,1,0.7799,0.0
RNG(1),3.99,1,0.7799,0.0
RNG(1),4.23,1,0.7799,0.0
RNG(1),4.27,1,0.7799,0.0
RNG(1),4.31,1,0.7799,0.0
RNG(1),4.36,1,0.7799,0.0
RNG(1),4.42,1,0.7799,0.0
RNG(1),4.5,1,0.7799,0.0
RNG(1),4.51,1,0.7799,0.0
RNG(1),4.56,1,0.7799,0.0
RNG(1),4.6,1,0.7799,0.0
RNG(1),4.61,1,0.7799,0.0
RNG(1),4.73,1,0.7799,0.0
RNG(1),4.74,1,0.7799,0.0
RNG(1),4.76,1,0.7799,0.0
RNG(1),4.79,1,0.7799,0.0
RNG(1),4.84,1,0.7799,0.0
RNG(1),4.96,1,0.7799,0.0
RNG(1),5.0,1,0.7799,0.0
RNG(1),5.05,1,0.7799,0.0
RNG(1),5.28,1,0.7799,0.0
RNG(1),5.33,1,0.7799,0.0
