iteration,rng_score_us,vendi_trigger_us
0,217.568,21.536
1,224.896,18.992
2,235.28,22.896
3,214.192,19.52
4,216.256,21.68
5,217.392,19.472
6,227.488,21.504
7,212.96,19.008
8,214.176,21.264
9,212.336,19.36
10,223.408,20.864
11,216.496,18.976
12,214.064,20.304
13,212.144,18.96
14,218.944,21.6
15,212.272,19.232
16,218.88,21.232
17,213.409,18.8
18,218.96,24.944
19,213.536,19.616
20,219.648,21.728
21,217.84,18.928
22,213.328,21.872
23,219.36,19.28
24,211.456,20.192
25,212.32,18.32
26,280.032,22.0
27,403.968,23.28
28,395.568,59.248
29,391.328,27.744
30,222.704,21.552
31,214.368,19.232
32,216.464,21.776
33,214.0,22.224
34,216.464,21.456
35,214.192,19.328
36,215.472,21.248
37,216.288,19.312
38,214.896,21.584
39,215.344,19.184
40,222.944,21.536
41,225.696,19.024
42,215.472,21.264
43,213.872,18.688
44,214.816,21.68
45,222.0,19.36
46,214.272,21.056
47,214.224,18.736
48,216.128,21.568
49,222.32,19.312
50,215.392,21.344
51,214.848,19.328
52,215.328,21.616
53,213.264,19.392
54,218.432,21.488
55,212.208,18.64
56,215.088,22.32
57,213.04,19.36
58,218.192,21.632
59,345.84,21.216
60,429.184,27.072
61,263.312,34.848
62,213.92,21.616
63,213.168,18.8
64,214.976,21.616
65,218.752,21.28
66,218.048,22.288
67,214.368,19.648
68,213.568,21.504
69,224.064,19.056
70,222.448,21.456
71,218.512,19.344
72,215.36,21.152
73,217.456,19.312
74,219.264,21.44
75,213.12,18.816
76,213.76,21.68
77,215.984,19.008
78,215.072,21.52
79,213.424,19.072
80,216.512,21.488
81,216.736,19.072
82,216.656,21.376
83,212.608,18.912
84,264.72,24.592
85,254.768,19.408
86,248.848,25.456
87,240.544,24.672
88,251.568,23.488
89,217.472,20.144
90,214.016,21.408
91,217.968,19.456
92,215.6,21.952
93,222.544,19.616
94,214.192,21.632
95,213.104,19.264
96,222.928,25.904
97,479.472,29.04
98,525.472,21.456
99,215.872,19.536
100,213.024,21.392
101,213.2,18.912
102,215.728,21.552
103,213.36,18.976
104,212.528,21.536
105,212.688,19.456
106,211.792,21.584
107,211.792,19.04
108,215.76,21.68
109,210.528,19.232
110,213.392,21.216
111,211.52,19.12
112,217.072,21.648
113,216.032,18.816
114,210.848,21.168
115,211.52,18.96
116,212.976,21.2
117,209.936,19.008
118,210.0,21.552
119,215.488,18.496
120,211.408,21.536
121,212.992,22.976
122,210.272,20.56
123,209.872,18.784
124,209.744,21.168
125,215.872,18.784
126,210.784,21.712
127,214.976,19.376
128,241.776,30.08
129,618.064,29.728
130,586.512,22.336
131,218.624,20.688
132,224.512,21.216
133,214.208,19.088
134,220.144,21.28
135,215.136,18.96
136,214.624,21.2
137,214.208,19.168
138,219.392,21.072
139,218.912,19.28
140,214.72,20.64
141,219.872,18.736
142,214.432,24.624
143,213.504,18.944
144,216.096,21.184
145,214.88,19.008
146,214.992,22.096
147,221.552,21.168
148,218.704,21.552
149,218.784,18.816
150,220.512,21.616
151,223.264,19.408
152,214.96,21.856
153,213.152,19.008
154,215.456,21.264
155,216.464,19.36
156,214.784,20.832
157,214.56,18.784
158,216.4,21.872
159,216.416,19.728
160,218.448,25.104
161,410.464,26.416
162,401.52,22.24
163,217.056,19.776
164,218.496,21.008
165,218.544,18.768
166,216.624,21.168
167,214.096,19.072
168,214.032,21.456
169,212.432,18.96
170,232.384,21.392
171,213.28,19.008
172,218.608,21.888
173,215.68,19.264
174,215.2,25.776
175,212.688,19.168
176,215.152,21.904
177,215.872,19.2
178,221.152,21.232
179,221.216,19.2
180,215.008,20.896
181,218.688,18.992
182,215.904,21.296
183,219.04,19.104
184,215.216,21.312
185,232.72,19.024
186,265.824,21.952
187,249.2,19.76
188,256.88,24.928
189,248.336,25.696
190,270.128,21.488
191,214.4,19.616
192,215.6,21.44
193,213.248,19.072
194,218.752,21.392
195,212.288,21.664
196,214.896,21.104
197,213.472,19.056
198,352.592,28.064
199,508.736,33.312
200,259.68,21.536
201,220.032,19.76
202,213.856,21.728
203,214.016,19.088
204,213.504,21.136
205,218.32,19.28
206,215.168,20.72
207,217.84,18.88
208,214.192,20.704
209,217.392,18.928
210,215.92,21.184
211,213.392,18.896
212,215.04,20.48
213,214.784,19.168
214,217.984,20.912
215,211.792,18.976
216,211.408,20.8
217,212.304,18.848
218,221.696,21.024
219,211.968,18.8
220,214.256,21.808
221,213.472,19.424
222,219.856,20.752
223,216.88,18.816
224,212.592,20.64
225,212.544,18.816
226,216.672,20.96
227,211.504,18.864
228,213.968,20.416
229,211.92,19.008
230,377.072,25.696
231,363.024,23.952
232,386.864,26.416
233,377.152,27.072
234,220.224,21.76
235,212.176,18.864
236,217.936,21.248
237,218.112,19.808
238,213.808,21.408
239,211.392,19.488
240,210.912,21.088
241,212.464,23.12
242,215.792,21.04
243,220.128,18.896
244,210.864,21.152
245,213.008,19.088
246,211.36,20.432
247,209.056,18.88
248,215.568,21.056
249,211.904,18.768
250,213.968,21.296
251,209.776,18.816
252,209.856,20.848
253,213.328,18.736
254,210.384,21.056
255,210.208,19.28
256,216.672,21.52
257,214.0,19.44
258,221.584,21.424
259,215.424,19.488
260,216.096,21.152
261,213.44,19.68
262,216.688,20.96
263,329.456,18.944
264,380.304,25.424
265,357.552,36.384
266,218.08,21.152
267,212.176,19.2
268,214.576,25.824
269,214.768,18.992
270,214.4,21.424
271,213.264,19.296
272,214.72,20.496
273,222.752,18.992
274,214.64,20.624
275,216.72,18.976
276,215.504,21.232
277,216.848,18.784
278,213.712,21.472
279,212.768,19.12
280,212.688,20.592
281,220.816,18.432
282,216.336,21.008
283,218.416,23.568
284,215.504,21.504
285,216.496,19.312
286,219.712,21.472
287,212.912,19.008
288,271.648,26.272
289,257.248,20.112
290,242.512,24.416
291,242.208,20.88
292,262.4,22.144
293,216.752,19.328
294,213.056,21.008
295,213.008,18.928
296,217.376,20.88
297,216.08,18.864
298,215.744,21.36
299,219.136,19.392
300,214.56,30.896
301,473.408,29.2
302,521.76,21.6
303,215.248,19.808
304,224.224,21.088
305,224.592,19.04
306,215.536,21.12
307,217.248,19.056
308,215.184,21.392
309,212.528,19.216
310,221.36,21.376
311,218.08,18.928
312,214.288,21.088
313,217.408,19.04
314,213.984,21.712
315,212.304,19.36
316,222.704,21.584
317,213.664,19.2
318,217.856,21.104
319,218.16,19.056
320,218.464,21.504
321,214.032,19.344
322,218.416,20.896
323,217.632,19.44
324,217.264,21.024
325,222.608,19.008
326,215.552,21.152
327,219.552,19.392
328,219.136,21.264
329,218.528,19.04
330,214.608,21.216
331,214.064,19.024
332,389.776,27.424
333,405.248,27.696
334,405.504,22.656
335,290.528,28.992
336,219.392,21.392
337,213.216,19.072
338,223.088,21.104
339,218.08,18.496
340,219.392,21.248
341,214.448,19.088
342,221.776,21.408
343,213.376,19.632
344,214.768,21.12
345,213.296,19.296
346,215.392,21.424
347,216.08,19.2
348,214.56,20.944
349,218.544,19.424
350,213.712,20.736
351,219.472,18.72
352,214.192,21.136
353,211.808,18.864
354,215.424,21.168
355,215.44,19.2
356,218.608,20.864
357,212.24,19.296
358,217.792,21.76
359,216.08,19.712
360,213.6,21.28
361,213.376,19.28
362,221.184,21.36
363,213.04,18.976
364,215.696,26.176
365,388.096,31.776
366,354.832,27.136
367,214.112,27.024
368,211.824,21.408
369,215.04,19.216
370,211.136,20.8
371,213.616,18.528
372,211.184,21.104
373,210.384,18.88
374,210.72,21.664
375,215.264,18.848
376,210.288,20.816
377,209.728,18.704
378,219.328,21.056
379,214.112,18.896
380,209.696,20.896
381,209.248,18.832
382,209.072,21.2
383,215.36,19.024
384,220.832,21.36
385,215.248,19.6
386,221.552,21.392
387,217.488,19.504
388,218.928,21.184
389,214.256,19.184
390,262.896,22.096
391,266.272,21.376
392,248.848,21.392
393,243.408,25.104
394,247.488,21.408
395,224.144,25.104
396,215.216,21.312
397,213.808,19.568
398,219.232,21.408
399,214.96,19.424
400,221.792,21.28
401,211.952,18.656
402,218.48,31.152
403,373.856,26.912
404,464.864,22.352
405,242.32,23.2
406,217.936,21.392
407,218.96,19.328
408,214.624,21.648
409,216.384,19.168
410,218.08,21.392
411,217.296,19.408
412,213.536,21.024
413,212.8,19.76
414,217.888,21.392
415,212.48,19.216
416,218.08,21.152
417,214.176,19.392
418,214.016,21.408
419,221.248,19.312
420,213.904,20.768
421,221.264,18.848
422,218.992,20.928
423,217.28,19.312
424,220.08,21.024
425,214.064,18.672
426,219.888,21.04
427,218.272,19.344
428,216.192,21.296
429,214.496,19.392
430,219.6,21.056
431,220.736,19.216
432,224.176,21.056
433,214.176,19.024
434,214.464,24.384
435,383.648,25.984
436,397.744,25.744
437,387.809,26.176
438,282.192,21.152
439,218.88,19.104
440,215.328,20.944
441,216.896,19.216
442,218.592,21.328
443,220.56,19.6
444,216.176,21.408
445,216.464,19.648
446,216.128,20.976
447,213.808,18.832
448,216.64,20.656
449,214.128,18.816
450,218.496,21.184
451,213.92,19.152
452,214.704,21.12
453,213.536,19.088
454,218.368,21.04
455,213.856,19.408
456,216.976,20.768
457,213.792,18.832
458,221.008,21.392
459,213.088,19.552
460,215.776,21.136
461,214.864,19.088
462,221.648,20.976
463,214.768,19.408
464,215.536,20.976
465,222.736,19.168
466,216.112,21.504
467,216.016,21.808
468,413.52,23.232
469,493.36,28.544
470,215.264,21.184
471,216.592,19.344
472,212.896,21.632
473,219.392,19.264
474,213.376,21.312
475,211.648,19.168
476,214.624,21.344
477,224.096,19.36
478,213.104,20.912
479,214.352,19.184
480,218.112,21.184
481,215.008,19.312
482,213.152,20.944
483,211.904,19.12
484,214.048,20.72
485,213.456,19.008
486,217.552,21.12
487,220.064,18.96
488,211.936,21.328
489,213.456,18.928
490,216.272,21.312
491,211.792,19.008
492,215.36,26.112
493,250.8,19.264
494,259.696,22.8
495,244.608,23.392
496,242.144,26.4
497,243.808,20.336
498,216.72,21.04
499,216.096,19.072
500,209.808,21.344
501,214.544,19.168
502,218.864,21.248
503,218.464,18.688
504,209.408,20.88
505,245.92,18.704
506,385.152,25.36
507,453.744,28.72
508,221.536,23.136
509,209.36,18.912
510,210.464,21.248
511,209.968,18.992
512,220.48,21.504
513,217.296,19.664
514,214.672,21.328
515,213.744,19.056
516,214.624,21.824
517,214.768,19.264
518,213.76,21.152
519,212.72,18.752
520,214.816,21.408
521,220.752,19.296
522,217.744,21.6
523,217.232,19.408
524,218.128,21.104
525,217.44,19.392
526,223.824,21.408
527,212.432,19.44
528,215.424,21.472
529,213.888,18.8
530,222.72,21.152
531,214.464,18.928
532,215.632,21.472
533,213.984,19.344
534,222.256,21.232
535,214.192,18.96
536,215.136,21.152
537,323.36,18.832
538,410.32,21.712
539,385.872,25.824
540,419.888,21.152
541,216.256,19.664
542,217.136,21.28
543,215.776,19.184
544,220.992,21.232
545,219.024,19.2
546,214.128,21.76
547,214.768,19.472
548,217.632,21.312
549,214.112,19.2
550,213.968,21.472
551,214.128,19.296
552,218.528,21.312
553,214.096,18.832
554,214.976,21.008
555,213.184,19.056
556,226.08,20.992
557,212.848,19.2
558,215.024,21.328
559,214.48,19.136
560,217.776,21.2
561,213.072,18.96
562,220.576,21.184
563,214.224,18.944
564,217.072,21.28
565,215.008,22.144
566,215.136,20.864
567,213.792,19.152
568,213.872,21.232
569,216.448,19.664
570,359.168,26.752
571,419.008,26.592
572,261.792,21.6
573,213.856,18.88
574,213.248,21.216
575,212.944,19.168
576,228.848,21.264
577,212.896,19.136
578,215.12,21.408
579,212.368,19.536
580,227.92,21.248
581,212.832,18.992
582,214.128,20.88
583,212.976,19.216
584,218.192,21.056
585,217.504,18.992
586,218.256,21.392
587,211.664,19.328
588,221.552,20.32
589,210.752,18.672
590,211.728,20.592
591,213.04,18.832
592,224.24,24.4
593,215.36,19.456
594,213.856,21.328
595,253.12,21.104
596,251.84,24.496
597,262.24,22.992
598,250.912,24.064
599,245.328,23.456
600,221.488,21.296
601,210.816,22.64
602,213.76,20.96
603,214.128,18.96
604,217.856,21.328
605,211.968,18.992
606,221.808,20.992
607,216.912,18.688
608,401.52,22.672
609,468.144,32.08
610,238.352,21.2
611,221.312,19.536
612,213.856,21.12
613,211.664,19.216
614,212.8,20.864
615,215.824,18.72
616,213.04,21.328
617,212.16,18.848
618,211.936,21.248
619,216.944,19.056
620,211.568,21.232
621,216.368,18.688
622,213.744,21.312
623,212.656,19.248
624,216.336,21.424
625,214.208,18.784
626,215.312,21.616
627,211.44,19.04
628,213.584,21.008
629,209.664,18.72
630,230.24,21.344
631,209.136,18.704
632,214.256,20.64
633,213.936,18.48
634,219.872,21.072
635,209.392,18.608
636,213.056,20.528
637,210.384,18.464
638,213.824,21.28
639,209.312,19.216
640,585.344,26.704
641,663.904,32.496
642,266.864,22.016
643,220.816,19.168
644,215.184,21.12
645,217.92,19.36
646,214.336,21.344
647,213.728,19.024
648,214.784,21.152
649,215.904,19.44
650,213.232,20.672
651,210.88,18.896
652,214.528,21.392
653,212.608,19.184
654,220.816,21.344
655,216.832,19.712
656,216.208,21.104
657,217.008,19.184
658,221.44,21.504
659,213.088,19.216
660,214.64,21.312
661,214.72,18.88
662,220.272,21.04
663,213.728,18.8
664,214.192,21.088
665,212.64,32.256
666,233.152,21.456
667,214.272,19.424
668,218.176,20.72
669,218.128,19.488
670,215.072,21.632
671,211.248,32.448
672,413.44,25.792
673,495.728,33.824
674,219.696,21.408
675,213.504,18.928
676,217.776,21.264
677,215.296,19.104
678,214.288,21.28
679,213.744,19.056
680,215.504,21.104
681,221.776,18.96
682,214.56,21.184
683,213.216,19.216
684,213.872,21.248
685,220.144,19.184
686,213.056,20.848
687,213.376,18.864
688,214.896,21.28
689,216.656,19.024
690,222.528,20.992
691,214.256,19.088
692,214.528,20.848
693,213.008,19.008
694,217.344,20.72
695,213.584,18.608
696,259.2,22.0
697,236.272,25.872
698,255.12,24.416
699,233.904,20.496
700,259.968,21.888
701,248.4,19.92
702,214.192,21.344
703,213.472,18.736
704,213.776,21.216
705,217.936,19.168
706,222.88,21.504
707,214.912,19.632
708,218.976,21.904
709,446.592,32.336
710,582.16,22.176
711,219.872,21.52
712,218.464,21.04
713,212.336,19.28
714,217.712,21.408
715,212.976,19.28
716,216.88,20.96
717,216.976,19.024
718,212.896,20.816
719,212.176,19.504
720,217.216,20.976
721,213.12,19.104
722,214.288,21.312
723,217.04,18.96
724,219.248,20.848
725,210.528,18.72
726,217.584,21.056
727,212.592,19.424
728,216.848,21.28
729,217.312,22.096
730,212.832,21.136
731,216.112,19.152
732,212.416,21.28
733,215.184,19.152
734,222.752,21.248
735,212.512,19.328
736,212.512,21.184
737,216.832,18.96
738,213.28,20.528
739,210.992,19.344
740,270.816,22.016
741,388.496,25.312
742,375.696,23.696
743,376.448,28.56
744,219.984,21.312
745,214.704,19.424
746,211.968,21.28
747,215.776,19.184
748,217.856,21.392
749,211.824,19.232
750,213.072,20.688
751,215.968,19.136
752,211.648,20.8
753,214.912,18.72
754,216.56,21.632
755,210.368,18.88
756,213.136,20.8
757,210.416,19.088
758,212.992,21.008
759,209.856,19.248
760,215.408,20.464
761,210.304,18.48
762,209.984,21.04
763,210.384,18.576
764,215.92,20.848
765,210.928,18.688
766,224.416,21.232
767,211.472,18.976
768,216.64,21.936
769,219.488,19.6
770,220.976,21.424
771,219.296,18.88
772,214.704,21.184
773,215.44,18.832
774,498.608,21.28
775,407.168,27.952
776,217.936,21.376
777,212.4,19.488
778,214.784,20.752
779,217.552,19.136
780,215.376,20.816
781,216.592,18.432
782,215.056,21.232
783,216.544,19.408
784,214.384,21.312
785,217.344,19.104
786,214.448,21.456
787,213.248,19.632
788,216.544,20.88
789,213.76,19.152
790,219.312,21.184
791,217.168,19.472
792,218.256,21.328
793,212.8,23.552
794,213.568,20.8
795,213.296,19.136
796,220.16,21.424
797,212.624,19.232
798,213.792,31.984
799,251.152,20.768
800,249.088,24.832
801,238.768,23.28
802,274.192,22.704
803,251.312,19.296
804,221.424,20.912
805,219.696,18.832
806,215.664,20.832
807,214.192,19.024
808,217.488,21.424
809,212.784,18.96
810,218.976,21.6
811,217.696,19.184
812,467.536,28.864
813,461.056,26.944
814,219.072,21.408
815,214.768,19.168
816,220.896,21.456
817,213.312,19.632
818,232.928,21.36
819,217.696,19.52
820,218.576,21.024
821,214.24,19.376
822,221.936,21.76
823,212.24,18.688
824,224.048,20.448
825,218.384,18.992
826,214.288,21.568
827,215.056,19.2
828,215.216,21.136
829,213.776,19.568
830,213.744,20.752
831,215.472,19.056
832,213.456,21.296
833,214.144,18.944
834,215.776,21.536
835,222.016,19.712
836,214.48,20.928
837,212.976,19.056
838,215.36,21.12
839,218.608,19.344
840,214.384,21.408
841,219.008,19.12
842,215.2,21.424
843,367.68,27.088
844,404.176,36.864
845,398.752,24.8
846,363.072,21.648
847,221.456,20.208
848,224.208,21.344
849,220.144,19.152
850,216.176,20.688
851,215.456,18.512
852,215.76,21.2
853,215.744,18.896
854,216.576,21.2
855,218.752,19.536
856,215.216,21.84
857,225.76,18.992
858,214.208,21.28
859,219.056,19.376
860,225.28,21.472
861,213.36,19.2
862,216.192,21.152
863,213.664,19.184
864,214.384,20.992
865,218.864,19.168
866,222.464,20.592
867,212.896,19.2
868,220.096,21.312
869,213.248,19.52
870,227.664,21.376
871,214.256,19.168
872,219.376,21.056
873,213.968,19.248
874,221.232,21.312
875,213.056,19.216
876,418.56,25.552
877,411.296,25.712
878,219.84,21.552
879,212.176,19.248
880,216.944,21.152
881,219.792,19.104
882,212.56,21.28
883,211.232,18.992
884,212.848,21.328
885,215.248,19.216
886,214.448,20.608
887,209.28,18.816
888,218.688,21.456
889,215.136,18.912
890,216.368,20.72
891,215.44,19.104
892,209.52,20.976
893,213.456,18.512
894,222.0,21.088
895,209.456,19.232
896,221.072,21.472
897,213.648,18.976
898,219.392,21.712
899,229.84,18.976
900,215.552,20.992
901,245.248,21.344
902,278.256,22.672
903,239.569,21.84
904,254.288,20.736
905,247.648,20.768
906,217.424,21.328
907,213.728,19.056
908,214.656,21.28
909,215.008,18.976
910,218.992,21.12
911,213.632,18.88
912,215.44,21.488
913,218.784,21.84
914,500.048,24.064
915,504.544,33.568
916,222.112,21.232
917,220.832,19.296
918,214.768,21.232
919,213.392,19.312
920,245.552,22.256
921,221.744,19.152
922,215.024,20.576
923,213.696,19.2
924,218.112,20.88
925,220.304,18.928
926,215.328,21.648
927,214.192,19.248
928,219.232,21.664
929,218.336,19.008
930,215.056,21.184
931,214.784,19.376
932,217.76,20.944
933,216.0,18.912
934,215.424,20.656
935,218.192,18.816
936,219.664,25.824
937,217.616,19.568
938,218.784,20.832
939,212.368,19.136
940,215.392,21.376
941,216.448,18.896
942,215.216,21.392
943,217.488,19.376
944,223.856,21.264
945,404.896,27.216
946,439.968,23.056
947,423.52,28.016
948,300.88,21.392
949,224.832,19.552
950,220.512,21.104
951,218.016,18.96
952,218.88,20.56
953,222.928,19.216
954,214.768,25.536
955,217.072,19.264
956,214.624,20.624
957,217.584,19.104
958,214.384,21.136
959,216.912,19.328
960,214.944,20.528
961,218.832,18.784
962,215.2,21.072
963,218.688,19.456
964,214.256,20.704
965,222.048,19.008
966,214.56,20.88
967,215.648,19.328
968,215.392,20.704
969,214.112,18.928
970,215.456,20.928
971,222.944,18.768
972,215.744,20.56
973,215.776,19.296
974,223.44,21.008
975,217.12,19.12
976,213.936,20.736
977,219.264,19.44
978,442.688,24.448
979,377.84,26.304
980,225.488,20.64
981,212.512,19.232
982,217.68,21.008
983,219.904,18.864
984,216.256,21.52
985,211.712,18.88
986,225.152,21.408
987,212.288,19.152
988,222.144,20.768
989,213.104,19.088
990,212.848,21.152
991,220.032,18.912
992,213.2,20.496
993,211.904,18.896
994,211.696,20.16
995,214.592,19.152
996,218.464,20.128
997,212.16,18.656
998,221.952,20.64
999,216.768,18.608
1000,215.424,21.152
1001,212.464,18.928
1002,213.072,21.328
1003,252.16,21.232
1004,246.976,27.376
1005,238.576,22.608
1006,248.224,21.648
1007,236.976,19.696
1008,228.992,20.608
1009,212.032,18.688
1010,210.848,21.008
1011,219.824,18.624
1012,209.248,20.816
1013,211.728,19.104
1014,215.728,20.976
1015,215.248,18.88
1016,373.792,27.488
1017,402.608,33.968
1018,271.264,20.608
1019,209.136,18.912
1020,216.368,20.512
1021,211.232,18.768
1022,220.24,21.152
1023,210.32,18.848
1024,222.736,20.848
1025,212.544,18.8
1026,218.208,21.344
1027,212.96,19.168
1028,213.52,20.784
1029,216.272,18.72
1030,215.936,21.296
1031,219.232,19.056
1032,214.768,21.056
1033,213.2,19.296
1034,213.728,20.976
1035,227.92,19.136
1036,213.584,21.056
1037,212.864,19.184
1038,215.184,21.264
1039,216.256,19.072
1040,214.704,20.992
1041,213.408,18.704
1042,216.656,21.28
1043,217.728,19.552
1044,215.904,20.896
1045,217.808,18.688
1046,215.168,21.008
1047,214.448,19.136
1048,343.952,25.328
1049,384.064,27.152
1050,341.28,21.248
1051,369.136,28.16
1052,219.344,21.008
1053,218.128,19.2
1054,216.304,20.992
1055,215.216,19.056
1056,215.968,21.216
1057,212.688,19.28
1058,225.968,21.168
1059,212.4,18.944
1060,214.064,20.208
1061,213.12,19.024
1062,223.408,20.896
1063,213.152,18.944
1064,213.872,20.88
1065,214.896,18.992
1066,222.416,20.496
1067,213.664,18.896
1068,218.976,20.8
1069,212.768,18.928
1070,222.016,21.008
1071,216.992,19.072
1072,216.368,20.928
1073,213.44,19.392
1074,215.312,23.728
1075,212.96,19.2
1076,215.584,20.896
1077,216.08,18.896
1078,214.288,20.912
1079,219.904,19.072
1080,213.152,20.976
1081,213.312,19.056
1082,213.616,21.024
1083,214.4,19.056
1084,410.288,24.768
1085,341.76,25.936
1086,316.736,20.368
1087,211.824,19.024
1088,213.072,20.832
1089,215.776,18.64
1090,219.808,20.896
1091,210.608,18.992
1092,217.216,20.848
1093,210.624,18.624
1094,216.528,20.512
1095,211.456,18.88
1096,213.552,20.656
1097,212.064,19.296
1098,217.216,21.28
1099,216.288,18.992
1100,216.528,20.688
1101,213.392,19.04
1102,218.672,21.504
1103,210.912,19.072
1104,212.992,20.88
1105,209.328,18.784
1106,210.688,20.8
1107,210.928,18.56
1108,210.304,20.848
1109,208.288,18.512
1110,210.832,21.712
1111,247.056,22.784
1112,236.992,23.248
1113,226.96,20.304
1114,224.224,22.672
1115,221.904,20.576
1116,210.32,20.656
1117,205.984,18.512
1118,209.408,23.68
1119,212.56,18.304
1120,203.44,20.224
1121,205.376,17.968
1122,218.64,20.224
1123,204.064,18.0
1124,212.656,20.96
1125,206.304,18.832
1126,203.488,20.672
1127,209.536,18.704
1128,222.992,20.56
1129,210.512,18.688
1130,203.392,20.304
1131,202.512,17.888
1132,207.92,20.24
1133,207.888,17.296
1134,204.24,20.4
1135,202.624,18.752
1136,217.696,20.576
1137,209.136,18.208
1138,203.984,20.464
1139,208.928,18.224
1140,208.432,20.608
1141,207.856,18.416
1142,204.8,20.88
1143,209.664,18.352
1144,205.312,20.624
1145,211.264,18.272
1146,265.776,21.2
1147,427.44,20.256
1148,341.872,21.776
1149,334.736,19.456
1150,375.184,25.568
1151,326.688,25.92
1152,204.032,20.608
1153,206.72,18.272
1154,208.064,20.528
1155,212.16,18.624
1156,216.016,20.512
1157,205.008,18.496
1158,210.832,20.576
1159,212.048,18.336
1160,208.192,20.448
1161,209.792,18.928
1162,206.544,20.208
1163,210.128,18.64
1164,215.92,20.48
1165,211.52,18.176
1166,216.032,20.192
1167,209.744,18.416
1168,215.232,20.464
1169,207.792,18.736
1170,210.368,20.672
1171,214.944,18.416
1172,211.28,21.04
1173,205.888,18.32
1174,224.56,28.176
1175,228.384,31.392
1176,273.76,22.816
1177,240.656,18.624
1178,248.496,20.48
1179,240.144,19.76
1180,213.808,20.384
1181,205.696,19.008
1182,213.712,20.48
1183,212.016,18.496
1184,208.96,23.328
1185,208.048,18.304
1186,210.112,23.664
1187,356.8,26.112
1188,551.92,20.464
1189,211.856,23.616
1190,211.424,20.384
1191,211.728,18.976
1192,213.072,20.416
1193,214.096,18.144
1194,209.312,20.304
1195,217.616,18.528
1196,209.04,20.608
1197,208.528,18.432
1198,212.496,20.56
1199,208.528,18.48
1200,214.656,21.056
1201,211.408,18.656
1202,210.64,20.384
1203,209.136,18.528
1204,221.92,20.576
1205,211.824,18.512
1206,214.336,20.096
1207,206.432,18.208
1208,211.568,20.512
1209,211.52,18.672
1210,208.864,20.4
1211,207.696,18.576
1212,208.912,20.48
1213,208.384,20.976
1214,209.312,20.544
1215,211.056,18.608
1216,209.344,20.528
1217,400.752,26.496
1218,382.832,22.544
1219,382.88,26.816
1220,302.656,20.64
1221,218.352,18.576
1222,210.256,20.624
1223,210.96,18.8
1224,208.256,20.416
1225,211.968,18.672
1226,207.392,20.592
1227,212.016,18.368
1228,209.2,20.528
1229,208.432,18.992
1230,216.464,20.272
1231,209.808,18.416
1232,209.424,20.768
1233,209.392,18.8
1234,209.744,20.528
1235,208.512,18.512
1236,218.64,20.832
1237,207.392,18.304
1238,213.552,20.064
1239,209.04,22.832
1240,216.192,21.072
1241,212.176,18.48
1242,209.776,20.016
1243,212.848,18.256
1244,214.16,21.904
1245,216.928,18.768
1246,215.024,21.6
1247,208.768,18.672
1248,212.016,21.904
1249,209.28,21.456
1250,210.64,21.904
1251,278.8,19.072
1252,342.016,24.576
1253,415.36,28.336
1254,208.016,20.592
1255,215.552,18.752
1256,212.688,20.864
1257,207.552,18.608
1258,208.864,20.576
1259,209.008,18.448
1260,212.736,20.512
1261,210.96,19.104
1262,209.504,20.592
1263,210.832,18.656
1264,211.312,20.784
1265,206.512,18.32
1266,207.264,20.464
1267,206.752,18.192
1268,208.784,23.568
1269,206.096,18.496
1270,209.312,20.384
1271,207.328,18.448
1272,210.016,20.576
1273,208.96,18.48
1274,207.824,20.624
1275,216.176,18.528
1276,263.76,24.144
1277,242.96,25.248
1278,240.128,21.168
1279,237.408,20.112
1280,254.128,20.688
1281,216.272,18.96
1282,215.168,20.8
1283,207.344,18.576
1284,217.04,20.592
1285,209.968,19.088
1286,210.064,21.136
1287,208.832,18.944
1288,401.744,24.384
1289,503.792,27.184
1290,286.4,20.784
1291,216.608,18.304
1292,213.12,20.88
1293,207.584,18.768
1294,212.496,20.352
1295,210.88,18.432
1296,209.92,20.592
1297,208.288,18.144
1298,209.424,20.736
1299,207.152,18.352
1300,219.216,20.4
1301,213.248,18.432
1302,208.48,20.112
1303,207.92,22.144
1304,213.408,20.272
1305,211.328,18.4
1306,211.824,20.0
1307,211.152,18.56
1308,208.656,23.232
1309,212.064,18.816
1310,209.568,20.528
1311,209.936,18.592
1312,209.728,20.48
1313,210.816,18.416
1314,212.768,20.816
1315,207.92,18.512
1316,217.504,20.544
1317,211.792,18.32
1318,213.472,20.544
1319,212.016,18.432
1320,210.016,22.016
1321,384.752,26.368
1322,393.568,25.888
1323,386.528,27.296
1324,359.216,20.896
1325,210.848,18.896
1326,209.233,20.656
1327,216.4,18.64
1328,210.592,20.8
1329,209.936,18.672
1330,210.16,20.656
1331,215.936,18.528
1332,210.608,20.432
1333,208.256,18.368
1334,210.608,20.4
1335,212.224,18.432
1336,222.64,20.416
1337,207.568,18.48
1338,217.6,19.84
1339,208.896,18.304
1340,213.888,20.688
1341,207.568,18.368
1342,208.944,20.304
1343,213.968,18.592
1344,214.032,20.56
1345,209.712,18.288
1346,214.368,20.624
1347,213.072,18.896
1348,210.928,20.624
1349,208.432,21.568
1350,214.128,20.0
1351,213.84,18.416
1352,209.696,20.432
1353,213.664,18.56
1354,429.472,24.608
1355,393.696,22.704
1356,214.832,20.624
1357,209.04,18.656
1358,213.84,20.496
1359,207.936,18.912
1360,219.008,20.464
1361,208.768,18.528
1362,209.216,20.352
1363,210.064,19.264
1364,213.744,20.928
1365,210.288,18.544
1366,211.008,20.752
1367,208.896,19.072
1368,214.224,20.192
1369,209.712,18.496
1370,209.04,20.448
1371,208.512,18.8
1372,210.288,21.088
1373,211.52,18.912
1374,208.608,20.416
1375,208.976,18.544
1376,214.4,20.72
1377,217.68,18.528
1378,227.104,21.376
1379,260.432,29.408
1380,248.688,21.584
1381,252.496,19.632
1382,252.752,26.496
1383,226.336,24.928
1384,212.272,20.64
1385,217.536,18.64
1386,215.872,20.912
1387,212.976,18.384
1388,208.144,20.992
1389,211.392,18.592
1390,208.384,20.704
1391,211.264,18.528
1392,208.912,23.856
1393,482.464,27.776
1394,489.776,21.216
1395,211.824,21.248
1396,207.136,20.816
1397,206.368,18.4
1398,208.096,20.464
1399,207.136,18.368
1400,211.904,20.88
1401,207.104,18.32
1402,209.136,20.752
1403,207.568,18.64
1404,211.888,21.152
1405,216.416,18.528
1406,209.808,21.216
1407,210.704,18.992
1408,220.016,20.432
1409,216.496,18.672
1410,212.064,20.16
1411,209.712,18.56
1412,215.776,24.384
1413,210.672,18.992
1414,210.288,20.96
1415,213.056,18.816
1416,209.36,24.944
1417,218.32,18.784
1418,217.36,20.352
1419,209.056,18.448
1420,213.44,20.72
1421,217.216,18.768
1422,215.456,20.544
1423,210.496,18.432
1424,214.72,20.912
1425,222.768,18.496
1426,378.592,29.776
1427,397.712,24.688
1428,416.944,21.28
1429,228.864,26.336
1430,216.56,21.072
1431,216.208,19.136
1432,211.104,20.56
1433,209.536,18.64
1434,215.872,20.736
1435,210.208,18.528
1436,219.056,20.672
1437,209.792,18.864
1438,211.136,20.96
1439,215.936,18.944
1440,218.192,21.168
1441,215.488,19.264
1442,215.152,21.248
1443,209.648,18.976
1444,220.208,21.04
1445,214.432,19.12
1446,212.08,20.256
1447,220.432,18.928
1448,215.744,20.944
1449,212.128,18.544
1450,214.928,20.112
1451,208.496,18.432
1452,209.584,20.608
1453,211.392,18.704
1454,208.768,20.48
1455,212.688,18.448
1456,215.088,20.832
1457,217.376,18.56
1458,209.616,20.352
1459,396.544,21.296
1460,422.384,26.032
1461,220.272,26.112
1462,211.2,20.4
1463,208.928,18.416
1464,216.544,20.224
1465,207.552,18.752
1466,213.568,20.304
1467,214.0,18.72
1468,217.312,20.928
1469,208.144,18.592
1470,210.608,20.784
1471,214.48,18.304
1472,215.312,20.672
1473,209.424,18.544
1474,216.848,20.32
1475,214.576,19.184
1476,209.152,20.544
1477,212.4,18.4
1478,212.048,20.48
1479,211.68,18.896
1480,214.656,20.848
1481,212.512,18.992
1482,211.632,20.688
1483,208.32,18.576
1484,215.52,20.608
1485,216.432,19.2
1486,214.0,21.296
1487,253.056,18.752
1488,261.168,23.52
1489,238.512,19.248
1490,249.696,21.28
1491,247.632,21.68
1492,239.696,20.304
1493,212.912,18.896
1494,210.464,20.784
1495,214.704,18.64
1496,210.8,20.64
1497,212.8,18.64
1498,210.496,20.816
1499,210.88,18.56
1500,605.904,25.6
1501,424.4,25.808
1502,223.328,20.848
1503,216.704,18.48
1504,211.008,20.64
1505,210.112,18.56
1506,215.488,20.464
1507,212.352,18.8
1508,211.36,20.784
1509,210.288,18.672
1510,210.352,20.672
1511,214.784,18.704
1512,218.432,20.88
1513,214.272,18.656
1514,209.376,20.56
1515,209.36,18.464
1516,217.92,20.816
1517,209.152,18.544
1518,214.192,20.336
1519,210.384,18.704
1520,218.72,21.056
1521,209.36,18.608
1522,216.096,20.752
1523,210.608,18.56
1524,209.232,23.568
1525,214.352,19.104
1526,210.56,20.592
1527,212.16,18.944
1528,218.64,20.464
1529,215.12,18.16
1530,209.328,20.432
1531,209.056,19.008
1532,391.728,21.968
1533,382.672,25.168
1534,543.648,24.816
1535,212.144,19.664
1536,218.88,25.232
1537,209.664,18.96
1538,212.128,21.44
1539,223.824,19.168
1540,209.6,20.752
1541,210.096,18.768
1542,215.648,21.008
1543,214.208,18.704
1544,209.232,20.88
1545,210.08,19.008
1546,218.992,20.784
1547,213.136,18.464
1548,215.232,20.464
1549,209.888,18.512
1550,210.976,20.864
1551,208.4,18.688
1552,212.624,20.4
1553,209.088,18.336
1554,209.168,20.624
1555,208.352,18.512
1556,211.712,20.288
1557,207.648,18.512
1558,214.896,20.72
1559,208.736,18.656
1560,212.432,20.0
1561,210.864,18.368
1562,211.328,20.224
1563,211.568,18.864
1564,213.04,20.832
1565,212.88,25.92
1566,212.576,20.432
1567,212.432,18.464
1568,584.512,25.088
1569,384.96,32.32
1570,213.504,20.96
1571,215.664,18.672
1572,212.464,20.24
1573,209.344,18.704
1574,214.704,20.656
1575,216.16,18.544
1576,213.52,20.992
1577,212.464,18.496
1578,211.92,20.208
1579,217.152,18.672
1580,210.304,21.12
1581,211.424,18.976
1582,215.344,20.336
1583,211.12,18.992
1584,216.864,21.696
1585,213.248,18.64
1586,211.456,20.88
1587,210.896,18.56
1588,215.008,20.848
1589,211.136,18.704
1590,213.008,20.848
1591,210.336,19.024
1592,218.864,22.144
1593,240.32,21.792
1594,254.816,21.952
1595,242.192,19.936
1596,267.136,21.952
1597,235.248,20.192
1598,232.176,20.464
1599,210.368,18.864
1600,217.456,20.448
1601,209.936,19.008
1602,211.888,20.864
1603,211.072,18.896
1604,214.848,20.576
1605,209.808,18.368
1606,284.016,31.424
1607,493.168,38.048
1608,349.824,21.12
1609,213.84,18.992
1610,211.056,23.936
1611,211.36,18.448
1612,216.048,20.928
1613,211.376,18.8
1614,211.248,21.36
1615,219.248,18.752
1616,212.304,20.768
1617,211.056,18.72
1618,212.288,21.04
1619,214.544,18.608
1620,217.44,20.912
1621,211.152,22.96
1622,212.96,21.12
1623,219.088,19.184
1624,212.576,21.312
1625,210.752,18.8
1626,215.92,21.488
1627,218.24,18.864
1628,213.696,20.528
1629,212.48,18.704
1630,210.624,21.008
1631,210.256,18.736
1632,215.008,20.944
1633,215.792,18.528
1634,218.192,20.72
1635,218.848,18.88
1636,215.424,20.928
1637,214.688,18.608
1638,220.864,21.04
1639,210.032,18.672
1640,428.384,21.68
1641,244.624,22.8
1642,369.2,26.352
1643,406.912,27.456
1644,216.752,22.4
1645,213.024,19.2
1646,220.16,22.08
1647,210.864,18.992
1648,213.536,21.616
1649,212.432,19.152
1650,213.824,25.664
1651,217.36,18.688
1652,213.488,22.48
1653,215.904,19.04
1654,217.952,22.144
1655,215.136,19.024
1656,214.528,22.304
1657,213.232,18.88
1658,214.56,22.08
1659,213.616,18.784
1660,217.92,21.696
1661,217.472,18.768
1662,215.04,22.208
1663,221.456,19.408
1664,218.624,22.16
1665,223.824,19.104
1666,217.408,21.776
1667,216.704,19.504
1668,213.536,22.72
1669,213.392,19.328
1670,217.344,22.288
1671,219.68,19.056
1672,217.856,22.8
1673,217.888,19.424
1674,212.448,21.696
1675,210.272,18.944
1676,349.968,29.152
1677,404.72,26.352
1678,303.088,20.608
1679,211.728,18.608
1680,212.576,20.96
1681,217.072,18.864
1682,214.352,21.04
1683,210.56,18.608
1684,212.352,20.8
1685,211.344,22.72
1686,212.096,20.88
1687,228.944,18.576
1688,217.456,20.688
1689,217.76,18.368
1690,211.856,20.784
1691,219.632,19.024
1692,211.616,20.784
1693,224.624,19.024
1694,220.032,20.736
1695,218.032,18.752
1696,213.76,20.576
1697,219.008,18.64
1698,212.656,21.328
1699,215.184,18.944
1700,213.168,20.88
1701,214.896,18.624
1702,261.232,27.136
1703,248.64,20.16
1704,235.504,21.856
1705,252.512,19.136
1706,247.664,21.984
1707,234.512,20.16
1708,218.448,20.768
1709,221.456,18.96
1710,210.464,20.624
1711,222.176,18.448
1712,218.096,20.704
1713,215.136,18.816
1714,212.048,20.688
1715,217.296,18.88
1716,211.376,20.88
1717,209.936,18.896
1718,471.648,23.904
1719,473.488,26.32
1720,228.032,20.832
1721,216.592,19.152
1722,214.784,21.088
1723,211.936,18.768
1724,216.8,20.384
1725,211.408,18.64
1726,219.344,20.848
1727,210.08,18.704
1728,216.896,20.512
1729,210.368,18.496
1730,216.528,20.768
1731,212.768,18.864
1732,222.736,21.376
1733,211.216,19.136
1734,215.728,20.56
1735,210.992,18.48
1736,212.48,21.024
1737,210.928,18.656
1738,212.464,20.864
1739,214.56,18.672
1740,217.872,20.816
1741,210.272,19.072
1742,216.944,20.64
1743,213.216,18.64
1744,212.992,20.368
1745,212.928,18.688
1746,216.384,21.376
1747,215.648,18.608
1748,217.584,20.624
1749,211.6,22.112
1750,217.008,20.8
1751,217.264,18.816
1752,409.184,26.336
1753,393.216,28.448
1754,434.368,25.84
1755,217.728,19.392
1756,214.608,20.912
1757,219.488,18.912
1758,213.312,20.832
1759,220.112,18.88
1760,212.112,20.784
1761,215.408,18.576
1762,215.008,19.936
1763,211.104,18.832
1764,213.168,21.392
1765,211.456,18.816
1766,215.824,20.784
1767,211.584,18.768
1768,212.048,20.864
1769,215.024,18.784
1770,215.408,21.072
1771,212.304,18.592
1772,217.12,21.216
1773,210.0,18.592
1774,216.176,20.8
1775,221.344,18.576
1776,212.864,20.592
1777,210.992,18.56
1778,233.76,20.768
1779,212.24,22.288
1780,212.256,20.592
1781,212.272,19.024
1782,212.72,20.832
1783,215.232,18.592
1784,212.672,21.04
1785,211.552,18.752
1786,249.664,25.184
1787,410.288,26.368
1788,399.664,21.2
1789,213.36,18.976
1790,217.472,21.328
1791,219.04,19.072
1792,218.544,21.408
1793,215.648,18.928
1794,219.072,21.296
1795,218.368,18.672
1796,212.336,21.152
1797,212.352,18.832
1798,221.456,21.44
1799,211.504,18.896
1800,212.112,20.144
1801,217.28,18.96
1802,216.336,20.96
1803,212.385,18.432
1804,218.368,20.528
1805,211.856,18.32
1806,213.408,23.744
1807,211.744,19.168
1808,212.064,20.704
1809,211.712,18.464
1810,216.976,21.936
1811,215.712,19.344
1812,229.808,22.016
1813,250.08,46.16
1814,241.888,21.28
1815,247.264,26.912
1816,255.424,22.144
1817,250.832,21.056
1818,218.576,20.64
1819,216.704,18.896
1820,211.376,20.784
1821,215.392,19.088
1822,217.664,21.328
1823,210.72,22.064
1824,212.368,21.296
1825,301.504,19.248
1826,529.696,38.0
1827,310.224,34.768
1828,217.376,20.464
1829,214.544,19.264
1830,210.816,20.928
1831,211.216,18.944
1832,213.456,21.104
1833,217.344,18.928
1834,212.272,20.672
1835,211.312,18.624
1836,215.888,20.848
1837,215.616,18.48
1838,211.36,20.608
1839,215.216,18.4
1840,213.6,21.152
1841,211.088,19.12
1842,217.36,20.736
1843,214.912,18.48
1844,212.08,21.088
1845,210.32,19.04
1846,215.744,20.864
1847,213.856,18.688
1848,211.888,20.688
1849,216.048,19.12
1850,214.592,21.152
1851,214.224,18.64
1852,212.288,21.12
1853,223.12,18.992
1854,218.544,21.056
1855,216.576,18.864
1856,222.016,20.8
1857,225.712,18.688
1858,502.704,27.504
1859,428.448,28.832
1860,414.496,20.704
1861,220.864,19.12
1862,214.608,20.496
1863,210.384,18.8
1864,216.944,20.56
1865,211.84,18.72
1866,213.328,20.576
1867,212.688,18.672
1868,216.832,20.72
1869,216.56,18.832
1870,218.768,20.368
1871,214.576,18.576
1872,214.224,23.2
1873,213.312,18.8
1874,214.08,21.232
1875,215.984,18.608
1876,215.12,21.168
1877,219.024,18.368
1878,213.84,20.784
1879,214.608,19.04
1880,218.944,20.608
1881,215.28,18.656
1882,213.248,21.024
1883,211.872,18.896
1884,212.512,21.12
1885,215.408,18.64
1886,213.856,21.104
1887,213.024,18.816
1888,217.648,20.816
1889,215.856,18.576
1890,212.272,21.056
1891,212.128,18.88
1892,213.6,21.104
1893,215.12,18.704
1894,215.84,28.56
1895,393.44,26.976
1896,423.536,21.696
1897,218.112,19.024
1898,222.384,21.024
1899,213.68,18.736
1900,215.392,24.432
1901,212.928,19.12
1902,213.536,20.336
1903,212.032,19.056
1904,216.912,20.816
1905,223.92,18.688
1906,215.376,21.392
1907,212.016,18.512
1908,217.104,21.008
1909,213.952,19.2
1910,217.456,20.832
1911,211.984,18.768
1912,211.2,20.976
1913,214.624,19.024
1914,211.312,20.688
1915,216.096,18.608
1916,210.32,20.896
1917,211.664,18.576
1918,216.576,20.96
1919,212.64,18.896
1920,234.176,21.6
1921,261.92,23.2
1922,268.672,24.112
1923,239.936,20.928
1924,256.8,22.224
1925,240.704,24.864
1926,211.856,21.456
1927,210.416,18.768
1928,216.096,21.2
1929,218.672,19.056
1930,219.216,20.816
1931,209.296,18.864
1932,210.48,21.168
1933,518.336,18.576
1934,431.648,23.232
1935,276.128,23.504
1936,216.848,22.448
1937,210.832,18.56
1938,217.296,21.024
1939,211.664,18.816
1940,220.304,21.392
1941,212.016,19.344
1942,211.056,20.16
1943,211.68,18.64
1944,219.888,21.104
1945,210.48,18.656
1946,211.632,20.784
1947,211.76,18.896
1948,220.992,20.608
1949,212.032,18.928
1950,218.304,21.312
1951,214.72,18.736
1952,220.0,20.96
1953,211.68,18.496
1954,212.736,21.152
1955,210.416,18.544
1956,211.888,20.848
1957,214.448,18.72
1958,211.792,21.088
1959,211.6,18.88
1960,211.568,21.152
1961,214.512,18.864
1962,213.28,21.024
1963,216.144,18.928
1964,216.4,21.456
1965,350.832,18.656
1966,423.12,27.456
1967,452.096,29.2
1968,358.48,21.2
1969,216.688,19.008
1970,213.632,21.088
1971,213.888,22.656
1972,212.704,21.2
1973,211.648,18.592
1974,213.6,21.04
1975,216.4,18.912
1976,218.176,20.816
1977,212.032,18.56
1978,213.744,21.12
1979,216.08,19.2
1980,217.248,20.992
1981,212.288,18.88
1982,218.704,21.024
1983,214.928,18.784
1984,213.936,21.008
1985,216.624,18.88
1986,217.6,21.184
1987,211.104,19.072
1988,215.152,21.04
1989,216.064,18.912
1990,212.72,21.344
1991,212.08,19.264
1992,223.264,20.992
1993,211.552,18.544
1994,213.216,21.52
1995,215.84,18.96
1996,221.52,20.816
1997,211.536,18.816
1998,221.232,23.504
1999,397.472,30.768
2000,403.984,26.464
2001,223.136,26.592
2002,213.376,21.392
2003,215.968,18.576
2004,218.016,21.008
2005,212.112,18.592
2006,215.728,20.896
2007,217.616,18.72
2008,212.08,21.184
2009,212.672,18.976
2010,212.416,21.024
2011,218.064,19.296
2012,211.488,21.088
2013,212.448,19.424
2014,212.528,21.072
2015,211.552,19.056
2016,229.504,21.472
2017,214.096,18.784
2018,212.144,20.784
2019,216.8,18.864
2020,225.008,21.136
2021,216.16,18.784
2022,211.584,21.04
2023,213.136,18.736
2024,216.384,22.144
2025,251.024,23.28
2026,268.08,21.536
2027,249.088,19.824
2028,258.768,21.984
2029,273.136,20.352
2030,215.744,21.056
2031,215.104,18.96
2032,212.624,20.8
2033,215.296,18.832
2034,210.912,20.976
2035,210.688,18.448
2036,214.656,21.088
2037,248.112,18.848
2038,469.152,22.88
2039,438.048,25.296
2040,222.592,23.648
2041,219.232,18.896
2042,223.808,21.296
2043,215.792,18.848
2044,212.064,20.464
2045,209.504,18.512
2046,225.344,21.04
2047,211.68,18.768
2048,217.488,21.04
2049,211.92,19.04
2050,220.704,21.888
2051,213.76,18.896
2052,215.584,20.912
2053,210.8,19.088
2054,220.24,21.36
2055,213.584,19.072
2056,212.72,21.104
2057,212.08,19.312
2058,220.976,21.088
2059,215.632,18.928
2060,213.328,21.104
2061,210.64,18.64
2062,212.96,20.928
2063,218.848,18.432
2064,212.448,21.184
2065,211.2,19.056
2066,213.648,20.88
2067,218.8,18.864
2068,215.648,21.488
2069,209.856,19.024
2070,396.352,23.632
2071,412.432,26.256
2072,425.424,27.616
2073,230.32,25.76
2074,222.464,20.864
2075,212.672,19.2
2076,217.2,21.136
2077,215.056,19.184
2078,216.64,20.864
2079,214.4,18.944
2080,211.76,21.024
2081,210.496,18.928
2082,216.384,21.056
2083,215.424,18.8
2084,211.12,21.024
2085,211.584,18.608
2086,234.048,21.152
2087,210.64,18.752
2088,212.784,20.592
2089,212.432,19.008
2090,217.04,20.656
2091,211.12,18.592
2092,212.912,20.384
2093,210.416,18.608
2094,220.176,25.6
2095,225.632,19.2
2096,217.488,20.752
2097,218.0,18.544
2098,212.592,21.152
2099,219.808,18.448
2100,212.16,21.088
2101,210.528,18.96
2102,212.016,20.976
2103,212.752,18.784
2104,212.112,20.944
2105,393.648,18.72
2106,545.2,26.432
2107,220.656,22.288
2108,210.832,20.704
2109,215.104,19.008
2110,216.816,20.496
2111,210.352,18.944
2112,217.072,20.928
2113,210.208,18.624
2114,232.48,21.344
2115,210.144,19.216
2116,215.648,21.008
2117,211.04,18.56
2118,216.672,21.04
2119,210.896,19.344
2120,216.592,20.944
2121,210.736,19.264
2122,217.472,21.072
2123,211.024,18.704
2124,225.552,21.104
2125,214.912,19.024
2126,216.608,21.12
2127,224.976,19.072
2128,216.352,20.816
2129,215.568,19.072
2130,217.424,21.28
2131,236.224,24.448
2132,267.232,20.864
2133,259.184,22.912
2134,246.24,21.568
2135,240.832,21.392
2136,243.552,21.184
2137,211.696,19.056
2138,215.888,21.408
2139,209.648,19.104
2140,224.24,20.368
2141,211.584,18.736
2142,215.632,21.152
2143,209.68,18.944
2144,362.928,22.336
2145,519.808,31.44
2146,249.584,20.64
2147,210.704,19.328
2148,216.608,20.832
2149,213.44,18.72
2150,212.192,21.264
2151,211.504,19.168
2152,211.824,20.816
2153,214.992,18.864
2154,212.08,20.688
2155,220.624,18.88
2156,211.92,21.104
2157,219.456,18.944
2158,220.032,21.088
2159,211.488,18.992
2160,218.384,20.704
2161,215.76,18.848
2162,211.264,21.136
2163,210.784,18.784
2164,212.272,20.64
2165,210.576,18.912
2166,218.32,20.688
2167,214.592,18.624
2168,211.12,20.176
2169,210.24,18.736
2170,221.92,20.256
2171,212.432,18.56
2172,215.536,20.512
2173,211.312,18.752
2174,216.72,21.28
2175,213.28,18.672
2176,213.2,24.304
2177,630.608,28.96
2178,674.464,20.976
2179,220.336,18.8
2180,214.224,21.248
2181,215.216,18.912
2182,216.832,20.784
2183,215.216,19.12
2184,216.128,21.104
2185,215.664,19.2
2186,215.792,20.48
2187,215.536,18.784
2188,211.536,21.216
2189,211.216,18.72
2190,216.912,20.8
2191,210.16,18.592
2192,216.448,20.704
2193,214.928,18.512
2194,211.456,21.648
2195,210.4,22.56
2196,215.392,20.608
2197,209.136,18.448
2198,211.664,20.4
2199,210.24,18.496
2200,219.536,20.896
2201,215.712,18.512
2202,213.072,20.224
2203,211.136,18.512
2204,221.6,20.768
2205,211.856,22.176
2206,213.616,20.944
2207,211.392,19.008
2208,211.248,23.472
2209,412.048,27.088
2210,402.32,28.048
2211,220.08,20.544
2212,212.24,20.816
2213,210.944,18.672
2214,215.072,20.832
2215,209.6,18.928
2216,215.088,20.608
2217,211.136,18.8
2218,211.44,21.072
2219,212.784,19.12
2220,215.328,20.576
2221,211.552,18.96
2222,211.329,20.464
2223,212.928,18.56
2224,216.464,21.488
2225,211.424,18.816
2226,214.672,20.256
2227,211.104,18.624
2228,212.336,23.984
2229,211.536,19.136
2230,213.264,20.384
2231,212.112,19.152
2232,211.28,20.4
2233,219.216,18.896
2234,212.16,21.68
2235,243.136,25.616
2236,257.184,23.568
2237,266.368,19.808
2238,230.832,20.656
2239,247.28,19.712
2240,228.544,24.464
2241,210.656,18.704
2242,211.696,20.64
2243,210.864,19.184
2244,220.832,21.152
2245,214.16,18.704
2246,212.304,20.544
2247,210.288,19.264
2248,451.92,24.352
2249,496.56,25.28
2250,237.12,21.12
2251,219.152,18.784
2252,212.656,20.768
2253,210.352,18.944
2254,212.736,21.392
2255,217.184,19.152
2256,216.704,20.624
2257,212.576,18.464
2258,212.064,20.912
2259,215.264,22.736
2260,217.392,20.32
2261,214.8,18.864
2262,212.784,20.208
2263,211.088,18.672
2264,220.128,21.184
2265,220.608,18.848
2266,212.88,20.576
2267,215.744,19.056
2268,214.656,20.896
2269,212.224,19.04
2270,211.408,21.008
2271,210.112,18.672
2272,215.776,21.056
2273,211.088,18.896
2274,211.744,20.848
2275,211.184,18.88
2276,212.608,24.272
2277,211.6,18.96
2278,217.376,21.216
2279,215.424,19.344
2280,218.72,23.904
2281,388.208,26.432
2282,387.6,27.12
2283,372.256,28.896
2284,241.872,20.8
2285,213.616,18.896
2286,212.352,21.12
2287,222.896,18.912
2288,220.4,20.864
2289,210.224,19.344
2290,212.016,20.592
2291,214.224,18.688
2292,211.248,20.992
2293,210.88,18.816
2294,216.272,20.976
2295,214.224,18.656
2296,220.384,21.008
2297,215.152,18.768
2298,212.0,20.992
2299,209.568,19.008
2300,215.824,21.12
2301,215.712,18.736
2302,217.248,20.8
2303,210.16,18.96
2304,222.992,21.392
2305,212.032,18.848
2306,217.376,21.248
2307,215.344,19.264
2308,220.432,21.184
2309,211.36,19.136
2310,213.328,21.12
2311,215.136,19.312
2312,214.56,20.736
2313,210.784,18.736
2314,275.424,22.72
2315,380.048,26.032
2316,394.656,21.088
2317,211.376,19.2
2318,215.552,20.768
2319,214.64,18.976
2320,213.696,20.768
2321,209.904,18.912
2322,211.136,20.848
2323,214.096,23.6
2324,214.192,20.976
2325,209.44,18.832
2326,211.184,20.88
2327,216.432,19.008
2328,215.04,20.56
2329,214.112,18.784
2330,211.824,20.544
2331,211.552,19.328
2332,219.52,20.752
2333,209.952,19.088
2334,216.416,20.848
2335,210.896,19.072
2336,217.296,21.088
2337,209.936,18.864
2338,211.92,20.88
2339,210.784,19.12
2340,280.432,25.616
2341,233.152,25.232
2342,257.232,21.2
2343,248.016,20.096
2344,264.88,21.072
2345,215.136,18.992
2346,211.136,20.448
2347,209.76,18.976
2348,217.504,20.912
2349,209.584,18.784
2350,210.096,20.48
2351,209.776,18.72
2352,213.536,26.24
2353,567.52,28.432
2354,349.648,20.528
2355,215.232,22.912
2356,214.384,20.512
2357,209.76,18.544
2358,215.632,20.656
2359,213.344,18.368
2360,210.864,20.464
2361,208.4,19.168
2362,207.456,21.408
2363,217.008,19.216
2364,211.056,20.32
2365,209.808,18.8
2366,215.408,20.256
2367,213.568,18.608
2368,209.648,20.928
2369,214.496,18.864
2370,215.632,20.864
2371,209.136,19.04
2372,215.76,20.56
2373,210.752,18.304
2374,210.896,20.736
2375,219.216,18.592
2376,213.104,21.024
2377,209.968,18.848
2378,210.912,20.272
2379,211.28,18.56
2380,218.208,20.512
2381,209.2,18.976
2382,210.912,20.368
2383,209.328,19.008
2384,214.16,24.288
2385,386.56,32.688
2386,398.912,27.488
2387,411.376,27.712
2388,222.288,20.416
2389,211.088,18.224
2390,211.328,20.64
2391,211.504,24.88
2392,211.232,20.48
2393,214.784,18.672
2394,211.792,20.624
2395,217.12,18.784
2396,211.152,20.848
2397,209.824,19.152
2398,218.976,20.464
2399,212.256,18.8
2400,209.872,20.528
2401,217.52,18.496
2402,209.84,20.784
2403,214.688,18.96
2404,211.552,20.592
2405,213.968,19.008
2406,210.8,20.848
2407,210.176,18.96
2408,213.696,20.544
2409,210.08,19.136
2410,211.76,20.896
2411,209.712,18.848
2412,222.592,20.816
2413,209.92,18.784
2414,210.72,20.64
2415,210.32,19.088
2416,216.464,20.576
2417,212.864,18.72
2418,379.584,25.648
2419,378.64,24.944
2420,263.008,20.72
2421,213.36,18.608
2422,210.256,20.832
2423,212.656,18.896
2424,212.48,20.784
2425,208.976,18.8
2426,211.12,20.576
2427,209.2,19.296
2428,225.728,20.784
2429,223.12,18.896
2430,212.144,20.464
2431,209.52,18.688
2432,216.448,21.488
2433,218.88,18.576
2434,216.336,20.752
2435,210.88,19.12
2436,220.192,21.136
2437,209.376,18.8
2438,209.344,20.72
2439,209.2,18.336
2440,221.648,21.808
2441,213.264,18.896
2442,209.408,20.384
2443,253.216,25.936
2444,272.048,23.456
2445,235.104,20.048
2446,250.336,20.912
2447,241.12,19.6
2448,323.648,21.12
2449,213.312,18.224
2450,215.088,21.088
2451,208.8,19.056
2452,213.904,20.976
2453,209.632,18.832
2454,209.808,20.864
2455,216.672,19.312
2456,437.28,20.528
2457,433.664,32.256
2458,214.176,21.12
2459,209.248,18.72
2460,209.92,20.96
2461,208.944,19.2
2462,209.76,20.896
2463,217.664,18.784
2464,212.192,20.752
2465,216.08,18.688
2466,210.032,20.96
2467,212.56,18.544
2468,209.344,20.496
2469,207.6,18.72
2470,210.864,20.944
2471,214.08,18.832
2472,210.976,20.816
2473,215.168,18.416
2474,214.224,20.416
2475,209.136,18.768
2476,220.192,20.608
2477,213.008,18.464
2478,213.984,20.624
2479,217.136,18.544
2480,218.288,21.2
2481,214.416,18.832
2482,210.256,20.704
2483,213.456,18.432
2484,212.784,20.992
2485,208.608,18.656
2486,209.408,19.76
2487,207.344,18.608
2488,666.96,31.04
2489,531.28,31.232
2490,280.816,20.736
2491,211.28,18.768
2492,209.232,20.4
2493,211.584,18.592
2494,209.04,20.64
2495,212.816,18.72
2496,209.984,20.048
2497,209.104,18.448
2498,215.456,20.896
2499,212.416,18.944
2500,219.072,20.288
2501,211.792,18.656
2502,212.912,20.72
2503,208.528,19.072
2504,208.592,20.4
2505,208.672,18.416
2506,216.96,20.832
2507,207.728,18.624
2508,212.8,20.912
2509,207.776,19.168
2510,208.544,21.392
2511,209.344,19.152
2512,209.488,19.696
2513,208.144,18.768
2514,216.784,21.056
2515,212.304,18.736
2516,214.544,20.144
2517,209.936,18.768
2518,210.512,20.64
2519,214.144,18.576
2520,380.864,25.248
2521,385.44,26.192
2522,281.184,20.784
2523,217.008,18.8
2524,210.352,20.512
2525,210.912,19.056
2526,212.32,20.864
2527,208.48,18.656
2528,214.56,20.704
2529,210.128,18.976
2530,215.968,20.56
2531,208.784,18.784
2532,212.944,20.864
2533,216.64,18.992
2534,209.504,20.896
2535,211.712,18.8
2536,214.464,21.024
2537,209.056,19.072
2538,215.584,20.784
2539,211.904,18.944
2540,209.808,20.832
2541,207.792,18.464
2542,209.872,20.848
2543,216.608,18.96
2544,213.92,20.224
2545,247.568,20.864
2546,249.408,24.592
2547,246.08,19.696
2548,247.44,23.904
2549,240.384,25.552
2550,241.312,21.328
2551,212.176,18.8
2552,216.0,20.832
2553,208.832,18.88
2554,208.048,20.608
2555,211.28,18.704
2556,214.208,20.768
2557,212.384,18.576
2558,387.296,25.328
2559,384.56,23.184
2560,324.096,21.104
2561,210.048,19.104
2562,212.816,20.832
2563,209.408,18.944
2564,209.104,20.576
2565,209.984,18.816
2566,212.496,20.88
2567,209.136,18.88
2568,209.504,20.368
2569,210.32,18.88
2570,210.112,20.672
2571,208.928,21.408
2572,214.752,21.136
2573,209.344,18.656
2574,211.744,21.136
2575,209.344,18.8
2576,211.968,20.224
2577,208.88,18.864
2578,213.344,21.488
2579,209.296,18.848
2580,209.536,20.736
2581,214.272,18.752
2582,210.576,20.944
2583,216.768,18.96
2584,208.736,20.528
2585,209.152,18.832
2586,208.96,20.912
2587,208.592,18.944
2588,212.704,20.944
2589,210.96,18.8
2590,209.328,20.928
2591,208.368,19.04
2592,214.192,20.768
2593,375.088,26.752
2594,383.696,26.592
2595,395.616,24.496
2596,273.776,21.216
2597,213.92,19.104
2598,217.488,20.96
2599,207.952,18.96
2600,209.856,21.072
2601,208.864,18.752
2602,214.064,23.12
2603,212.576,18.688
2604,208.592,21.04
2605,208.224,18.64
2606,208.608,20.624
2607,215.664,18.672
2608,210.192,20.656
2609,212.64,18.768
2610,209.136,20.688
2611,214.176,18.832
2612,208.864,20.56
2613,211.712,18.56
2614,210.144,21.072
2615,211.152,18.624
2616,213.184,20.576
2617,206.736,18.8
2618,209.68,20.736
2619,208.576,18.928
2620,212.528,20.656
2621,212.512,19.056
2622,209.136,20.336
2623,209.36,18.672
2624,212.896,20.896
2625,210.08,18.944
2626,390.528,25.472
2627,388.736,24.656
2628,273.376,20.576
2629,211.28,18.4
2630,210.064,20.928
2631,213.792,18.4
2632,212.992,20.672
2633,208.064,18.896
2634,209.056,20.912
2635,216.128,18.72
2636,214.896,20.352
2637,206.448,18.656
2638,209.776,20.816
2639,209.776,18.72
2640,212.368,20.144
2641,211.344,30.976
2642,210.128,20.752
2643,211.168,18.56
2644,216.512,20.656
2645,207.328,18.464
2646,210.32,20.336
2647,209.04,18.576
2648,212.561,20.576
2649,209.376,18.672
2650,208.976,20.544
2651,207.92,19.12
2652,268.016,20.976
2653,254.256,26.272
2654,243.616,24.112
2655,224.976,19.648
2656,233.76,20.96
2657,211.904,20.128
2658,214.144,20.176
2659,209.472,19.12
2660,211.632,20.816
2661,212.496,18.48
2662,209.504,21.008
2663,208.416,18.72
2664,210.384,26.512
2665,423.68,32.704
2666,437.872,22.352
2667,251.808,20.544
2668,211.344,20.88
2669,207.264,18.816
2670,210.736,20.944
2671,212.912,18.768
2672,209.104,20.096
2673,212.304,18.72
2674,213.664,20.608
2675,208.384,18.176
2676,212.016,20.752
2677,208.496,18.912
2678,209.552,20.848
2679,214.992,19.328
2680,218.352,20.928
2681,209.648,18.48
2682,214.096,20.496
2683,212.656,18.608
2684,213.424,20.688
2685,208.688,18.928
2686,215.104,20.48
2687,208.672,18.576
2688,210.016,23.328
2689,207.92,18.64
2690,209.76,20.368
2691,207.76,18.88
2692,209.28,20.784
2693,216.848,19.184
2694,211.696,20.8
2695,208.32,18.768
2696,213.568,25.152
2697,386.048,28.944
2698,334.848,20.992
2699,374.256,27.152
2700,389.008,20.912
2701,211.632,19.04
2702,209.792,20.608
2703,213.584,18.832
2704,208.224,20.224
2705,209.76,21.648
2706,210.528,21.088
2707,212.08,19.04
2708,213.712,20.816
2709,213.104,18.88
2710,214.736,20.64
2711,208.848,18.848
2712,214.256,20.256
2713,209.072,18.416
2714,213.072,20.624
2715,212.512,18.608
2716,210.592,20.912
2717,209.184,18.832
2718,210.064,20.528
2719,208.064,18.736
2720,218.48,20.96
2721,209.328,18.4
2722,211.152,20.512
2723,208.656,18.896
2724,210.16,23.92
2725,211.04,18.944
2726,211.968,20.864
2727,209.248,18.64
2728,211.504,20.976
2729,214.224,18.688
2730,209.184,21.552
2731,396.768,27.68
2732,400.416,20.736
2733,211.392,18.96
2734,209.408,20.4
2735,208.928,18.736
2736,214.16,20.496
2737,208.56,18.976
2738,210.4,19.888
2739,207.872,18.176
2740,212.48,20.64
2741,209.968,18.352
2742,209.68,20.912
2743,219.712,18.464
2744,217.008,21.168
2745,207.312,18.736
2746,210.752,20.704
2747,213.504,19.136
2748,211.024,20.752
2749,213.744,18.816
2750,215.744,20.848
2751,209.568,18.672
2752,216.192,20.768
2753,218.336,18.288
2754,210.032,20.368
2755,210.112,18.736
2756,279.136,21.744
2757,254.608,21.024
2758,245.584,25.616
2759,233.92,23.008
2760,255.312,21.52
2761,228.208,20.432
2762,210.256,20.896
2763,213.44,18.976
2764,210.512,20.384
2765,213.056,18.976
2766,211.984,21.52
2767,208.352,18.912
2768,210.384,20.224
2769,594.512,31.456
2770,459.664,21.2
2771,213.984,18.944
2772,216.208,20.784
2773,210.16,18.912
2774,211.12,20.88
2775,218.288,19.072
2776,215.872,21.056
2777,210.912,19.104
2778,215.648,20.512
2779,215.808,18.496
2780,210.288,20.944
2781,213.584,18.816
2782,211.12,21.056
2783,209.68,18.688
2784,222.064,20.448
2785,210.656,18.72
2786,219.264,20.496
2787,214.384,18.832
2788,215.984,21.184
2789,214.88,18.896
2790,210.0,20.912
2791,210.752,18.96
2792,214.8,20.864
2793,209.392,19.392
2794,211.824,20.528
2795,211.104,18.656
2796,218.512,21.296
2797,217.488,18.512
2798,211.856,20.96
2799,209.632,18.912
2800,214.88,24.528
2801,369.936,27.728
2802,386.384,27.664
2803,385.904,24.256
2804,313.552,20.496
2805,212.192,19.232
2806,219.584,20.432
2807,210.096,22.112
2808,215.488,21.008
2809,214.688,18.88
2810,210.752,21.184
2811,213.632,18.64
2812,210.272,21.28
2813,210.256,18.624
2814,216.832,20.736
2815,213.792,18.736
2816,216.8,21.264
2817,211.488,18.848
2818,216.192,21.152
2819,217.424,19.248
2820,214.592,21.568
2821,210.208,19.12
2822,211.824,21.104
2823,215.152,19.2
2824,214.288,20.784
2825,210.96,18.88
2826,211.44,20.912
2827,211.12,18.64
2828,219.712,20.8
2829,210.88,18.592
2830,214.496,21.04
2831,210.352,18.752
2832,216.544,21.088
2833,222.432,22.32
2834,303.568,28.144
2835,396.688,25.408
2836,339.68,20.736
2837,209.632,18.816
2838,214.208,22.112
2839,212.304,19.568
2840,209.936,21.056
2841,213.632,18.576
2842,212.848,20.768
2843,211.776,18.928
2844,212.576,20.848
2845,212.496,19.376
2846,217.216,20.912
2847,214.976,19.056
2848,211.728,20.976
2849,210.816,19.168
2850,210.064,20.928
2851,210.512,19.152
2852,217.312,20.832
2853,211.136,18.56
2854,216.64,20.64
2855,213.44,18.848
2856,214.944,21.28
2857,209.968,18.784
2858,212.432,20.208
2859,211.056,18.448
2860,283.568,30.352
2861,245.408,22.912
2862,268.608,20.72
2863,243.872,19.488
2864,248.0,21.216
2865,215.6,19.552
2866,218.912,21.008
2867,209.408,18.576
2868,225.408,20.816
2869,210.72,18.896
2870,211.392,20.832
2871,209.872,18.432
2872,221.28,25.312
2873,384.832,27.52
2874,406.912,25.232
2875,275.12,25.776
2876,212.32,20.288
2877,214.848,18.656
2878,211.184,20.56
2879,214.688,18.784
2880,211.936,20.96
2881,213.616,18.72
2882,215.472,20.752
2883,215.424,18.576
2884,216.0,20.72
2885,209.072,18.352
2886,210.976,21.04
2887,211.488,18.496
2888,211.984,20.624
2889,214.256,18.576
2890,210.416,20.416
2891,210.048,18.448
2892,213.472,20.592
2893,210.464,19.04
2894,210.16,20.912
2895,208.72,19.248
2896,215.872,21.152
2897,210.56,18.736
2898,214.928,20.512
2899,215.44,18.736
2900,216.976,20.768
2901,215.312,18.704
2902,210.32,20.768
2903,216.336,18.56
2904,215.712,25.024
2905,291.76,18.736
2906,384.192,24.528
2907,372.48,28.448
2908,380.816,21.152
2909,214.912,19.84
2910,212.432,23.888
2911,212.48,18.96
2912,211.648,20.688
2913,211.328,18.48
2914,211.024,20.528
2915,214.128,19.088
2916,216.896,20.832
2917,210.448,18.912
2918,211.104,20.912
2919,215.088,19.04
2920,211.712,21.264
2921,209.744,18.624
2922,212.224,20.688
2923,212.608,19.04
2924,211.328,20.608
2925,209.264,18.784
2926,212.064,20.96
2927,209.04,18.592
2928,215.232,20.496
2929,210.464,18.592
2930,210.672,20.688
2931,212.048,18.672
2932,215.648,20.624
2933,214.368,18.848
2934,211.344,20.752
2935,211.904,19.2
2936,216.944,20.848
2937,214.432,18.576
2938,211.84,20.48
2939,284.944,18.784
2940,420.032,22.192
2941,337.616,22.304
2942,214.16,21.52
2943,216.64,19.024
2944,212.576,20.96
2945,212.064,18.96
2946,213.84,21.088
2947,215.728,18.736
2948,210.768,20.56
2949,216.016,18.704
2950,210.848,20.576
2951,209.792,18.912
2952,219.728,20.608
2953,210.128,19.088
2954,214.928,20.32
2955,211.248,18.624
2956,213.808,20.672
2957,213.696,19.344
2958,210.24,20.864
2959,211.408,18.784
2960,219.744,21.056
2961,210.112,18.752
2962,215.248,21.472
2963,209.92,19.056
2964,211.968,24.944
2965,251.664,23.008
2966,243.648,21.088
2967,247.968,19.808
2968,255.136,24.432
2969,237.296,19.264
2970,212.032,20.304
2971,208.576,18.352
2972,214.24,20.528
2973,209.328,18.528
2974,215.728,20.288
2975,210.32,19.056
2976,210.288,21.072
2977,209.616,23.232
2978,534.848,26.128
2979,438.944,28.448
2980,225.504,20.688
2981,212.576,18.976
2982,211.28,21.072
2983,213.376,18.8
2984,211.744,21.04
2985,210.672,18.672
2986,211.056,20.656
2987,213.616,18.48
2988,211.92,21.04
2989,218.88,18.736
2990,214.224,20.832
2991,212.608,18.528
2992,213.888,21.248
2993,212.256,18.848
2994,211.328,20.976
2995,211.2,18.848
2996,218.416,20.816
2997,209.984,18.848
2998,215.456,20.464
2999,210.176,18.624
3000,215.504,20.752
3001,210.144,18.608
3002,210.16,20.8
3003,214.784,18.784
3004,216.848,20.848
3005,210.736,18.688
3006,210.912,20.768
3007,210.464,18.896
3008,215.136,24.032
3009,210.432,18.512
3010,391.824,26.304
3011,398.784,28.192
3012,384.848,27.936
3013,337.344,28.16
3014,219.808,20.896
3015,219.072,18.656
3016,211.632,20.336
3017,212.544,18.56
3018,216.352,20.56
3019,218.416,18.608
3020,212.24,20.944
3021,211.712,18.928
3022,212.848,20.768
3023,215.072,22.608
3024,215.232,20.624
3025,211.568,18.464
3026,219.456,20.832
3027,214.288,18.736
3028,210.256,20.512
3029,214.752,18.512
3030,214.336,20.768
3031,220.96,18.768
3032,213.952,21.04
3033,215.296,18.8
3034,213.488,20.976
3035,215.248,18.832
3036,213.104,20.816
3037,211.424,18.976
3038,212.864,21.12
3039,211.216,18.944
3040,217.328,20.384
3041,212.224,18.864
3042,215.184,20.56
3043,215.856,18.96
3044,217.168,24.352
3045,396.912,26.368
3046,411.408,22.512
3047,212.8,18.96
3048,210.928,20.88
3049,213.792,18.784
3050,210.528,21.104
3051,220.432,19.152
3052,213.04,21.248
3053,215.296,18.88
3054,221.04,21.264
3055,217.552,18.768
3056,216.24,20.784
3057,211.296,18.96
3058,211.456,21.344
3059,214.704,18.512
3060,212.896,20.656
3061,210.528,19.088
3062,222.352,20.88
3063,214.064,18.976
3064,212.272,20.992
3065,214.32,18.864
3066,210.864,20.592
3067,215.024,18.64
3068,214.928,21.088
3069,215.264,18.464
3070,243.04,21.632
3071,257.936,27.392
3072,255.2,23.248
3073,258.368,25.168
3074,265.36,21.68
3075,226.656,19.6
3076,221.872,21.296
3077,210.784,19.088
3078,215.152,20.928
3079,215.568,19.152
3080,211.36,21.12
3081,211.216,19.248
3082,211.856,20.864
3083,466.864,22.88
3084,428.208,23.248
3085,259.296,22.0
3086,215.616,20.672
3087,210.768,18.304
3088,213.056,21.488
3089,211.696,18.768
3090,216.272,20.976
3091,211.392,19.136
3092,213.584,20.544
3093,210.112,18.4
3094,215.12,20.736
3095,211.312,18.752
3096,210.752,21.136
3097,212.032,18.768
3098,212.048,20.672
3099,217.68,18.928
3100,212.368,20.784
3101,210.832,19.136
3102,212.256,21.024
3103,213.792,19.152
3104,212.208,20.96
3105,216.768,19.232
3106,213.216,20.88
3107,215.792,18.672
3108,211.152,20.832
3109,210.976,18.848
3110,211.936,20.8
3111,216.208,18.832
3112,214.816,20.928
3113,215.424,18.64
3114,212.752,20.64
3115,211.392,18.976
3116,293.44,25.856
3117,418.528,26.289
3118,412.064,27.376
3119,341.424,28.224
3120,216.336,21.136
3121,212.096,18.928
3122,216.368,20.704
3123,220.288,18.832
3124,211.872,20.96
3125,210.976,18.88
3126,220.128,20.672
3127,211.04,18.448
3128,217.456,20.912
3129,215.616,19.664
3130,217.408,21.136
3131,215.2,19.232
3132,216.496,20.576
3133,211.44,19.264
3134,217.264,21.168
3135,211.248,18.624
3136,220.672,20.592
3137,211.568,18.704
3138,210.512,21.056
3139,215.456,22.464
3140,212.24,20.56
3141,211.28,18.992
3142,213.264,21.008
3143,214.432,18.912
3144,229.12,20.96
3145,211.92,19.024
3146,216.816,20.944
3147,214.352,18.816
3148,211.424,20.752
3149,212.128,18.912
3150,215.968,20.88
3151,215.28,23.36
3152,212.864,20.944
3153,391.664,28.144
3154,412.992,24.256
3155,224.384,26.816
3156,217.392,20.848
3157,216.0,18.816
3158,220.288,20.976
3159,211.168,18.752
3160,216.304,20.96
3161,215.136,19.024
3162,233.856,21.024
3163,213.168,18.592
3164,211.024,21.216
3165,212.048,18.784
3166,211.568,24.24
3167,211.648,18.8
3168,216.272,20.72
3169,211.296,18.752
3170,215.936,21.072
3171,216.48,18.88
3172,215.84,20.912
3173,215.12,18.88
3174,215.792,21.552
3175,219.44,19.472
3176,212.256,21.296
3177,219.456,18.832
3178,211.04,25.488
3179,253.44,19.744
3180,238.08,21.056
3181,249.008,19.648
3182,246.816,21.552
3183,247.296,19.968
3184,213.968,20.928
3185,210.176,18.784
3186,216.176,20.928
3187,215.616,18.912
3188,212.432,20.672
3189,211.264,19.984
3190,212.464,20.928
3191,224.448,18.96
3192,539.456,25.28
3193,422.368,26.592
3194,226.352,20.592
3195,215.472,19.216
3196,215.92,21.184
3197,215.36,19.168
3198,214.112,20.96
3199,213.888,19.296
3200,222.08,20.336
3201,221.84,19.04
3202,218.464,20.848
3203,211.856,18.88
3204,216.768,21.44
3205,211.216,19.008
3206,218.192,21.248
3207,211.968,19.296
3208,219.264,20.912
3209,215.312,19.056
3210,228.144,20.608
3211,212.384,18.88
3212,214.432,20.944
3213,213.12,19.152
3214,235.424,21.488
3215,211.968,22.384
3216,213.184,20.656
3217,220.48,18.784
3218,221.36,22.256
3219,214.512,19.296
3220,220.432,21.344
3221,215.248,19.296
3222,215.936,21.216
3223,218.496,19.616
3224,384.272,25.184
3225,379.968,28.144
3226,404.464,24.848
3227,308.864,26.88
3228,224.688,21.024
3229,219.056,19.36
3230,213.424,21.136
3231,213.312,19.072
3232,219.104,20.88
3233,215.392,22.128
3234,217.2,21.456
3235,218.08,19.36
3236,220.256,21.088
3237,219.008,19.568
3238,214.032,22.672
3239,213.04,19.392
3240,215.44,22.512
3241,216.736,19.216
3242,214.048,22.288
3243,213.648,19.408
3244,220.752,22.928
3245,221.664,19.824
3246,219.28,22.816
3247,223.84,19.504
3248,219.152,23.12
3249,220.032,19.424
3250,220.736,22.272
3251,217.04,18.992
3252,215.472,23.12
3253,216.528,19.392
3254,214.752,22.816
3255,212.816,19.712
3256,213.488,22.256
3257,242.096,19.616
3258,482.528,35.056
3259,351.536,27.936
3260,217.232,22.144
3261,217.984,19.536
3262,220.976,23.472
3263,219.2,19.024
3264,217.872,21.264
3265,218.112,18.72
3266,212.896,20.384
3267,214.8,19.152
3268,220.64,21.248
3269,212.512,18.848
3270,212.816,21.088
3271,211.904,19.344
3272,212.016,20.768
3273,214.208,18.64
3274,208.384,21.12
3275,210.24,18.304
3276,208.304,20.704
3277,212.56,18.672
3278,215.888,20.608
3279,209.04,22.224
3280,215.52,20.56
3281,220.512,18.592
3282,217.296,21.904
3283,256.512,21.056
3284,254.192,21.84
3285,256.096,19.312
3286,240.928,22.112
3287,244.608,19.52
3288,212.944,20.816
3289,213.36,18.8
3290,215.216,20.608
3291,209.68,18.448
3292,211.696,21.152
3293,221.712,19.168
3294,216.992,21.072
3295,220.096,18.72
3296,212.704,20.576
3297,215.6,18.608
3298,513.536,27.376
3299,434.912,29.12
3300,214.528,21.104
3301,215.424,19.008
3302,220.576,21.248
3303,211.712,19.28
3304,219.568,21.104
3305,216.448,18.608
3306,212.592,20.992
3307,211.44,18.544
3308,220.704,21.088
3309,212.352,18.832
3310,213.376,21.344
3311,210.224,18.768
3312,220.864,20.752
3313,212.096,18.816
3314,222.4,20.64
3315,216.656,18.352
3316,220.912,20.944
3317,216.992,18.752
3318,221.824,20.896
3319,212.112,18.864
3320,212.336,20.688
3321,220.368,18.672
3322,212.528,20.8
3323,215.744,18.976
3324,212.992,20.56
3325,214.368,18.688
3326,218.848,21.024
3327,217.904,18.912
3328,213.648,21.376
3329,226.176,19.264
3330,214.576,26.208
3331,514.304,34.448
3332,416.016,22.208
3333,391.776,23.904
3334,217.84,20.96
3335,216.96,22.16
3336,212.72,20.784
3337,217.296,19.392
3338,212.24,20.72
3339,214.384,19.152
3340,212.912,20.784
3341,211.552,18.816
3342,212.224,20.864
3343,215.792,22.72
3344,216.688,20.944
3345,215.92,18.72
3346,217.904,21.072
3347,213.536,18.96
3348,211.392,20.864
3349,211.008,18.704
3350,215.888,20.656
3351,216.192,18.992
3352,215.888,21.424
3353,215.776,18.64
3354,213.84,20.384
3355,211.232,18.624
3356,220.384,20.864
3357,216.816,19.072
3358,212.912,20.768
3359,210.864,18.96
3360,215.328,20.688
3361,216.432,18.608
3362,220.768,20.912
3363,215.424,19.12
3364,423.92,24.848
3365,386.352,26.752
3366,238.64,20.816
3367,212.688,18.848
3368,213.6,20.864
3369,216.96,18.704
3370,213.12,21.024
3371,213.408,19.088
3372,211.008,20.88
3373,210.864,19.264
3374,216.32,20.672
3375,215.312,18.864
3376,218.72,20.864
3377,211.6,18.816
3378,216.4,21.008
3379,210.784,18.816
3380,214.896,20.816
3381,210.176,18.768
3382,217.52,20.688
3383,209.952,18.944
3384,220.176,21.072
3385,211.84,18.88
3386,217.616,21.36
3387,211.856,19.088
3388,215.648,21.024
3389,210.352,19.088
3390,211.984,20.912
3391,219.152,19.152
3392,286.192,24.112
3393,234.752,21.552
3394,254.592,24.8
3395,237.6,20.768
3396,254.32,21.792
3397,230.56,20.128
3398,216.656,20.96
3399,212.032,18.896
3400,216.0,20.752
3401,210.816,18.88
3402,212.576,20.992
3403,211.76,18.768
3404,214.96,20.704
3405,504.704,35.024
3406,427.008,21.888
3407,232.88,20.816
3408,215.984,20.752
3409,212.112,18.736
3410,216.976,21.2
3411,215.632,18.896
3412,210.864,20.192
3413,210.768,18.688
3414,212.736,21.04
3415,213.68,18.672
3416,212.32,20.896
3417,212.128,18.928
3418,210.992,20.784
3419,213.456,18.576
3420,212.432,21.296
3421,213.824,18.88
3422,212.464,20.752
3423,218.432,18.704
3424,211.52,21.024
3425,211.648,18.8
3426,216.528,20.768
3427,210.8,19.488
3428,220.416,20.528
3429,210.928,19.024
3430,216.192,21.152
3431,209.792,19.04
3432,220.48,20.816
3433,211.008,18.704
3434,211.744,20.96
3435,209.12,18.912
3436,216.768,20.88
3437,306.464,19.136
3438,382.88,27.392
3439,410.112,28.528
3440,418.4,20.832
3441,217.936,19.408
3442,215.952,20.864
3443,209.488,18.576
3444,211.456,21.168
3445,214.752,18.912
3446,218.096,20.8
3447,209.92,18.688
3448,211.12,20.64
3449,210.208,18.8
3450,214.128,20.688
3451,213.136,18.8
3452,210.56,20.416
3453,214.32,18.336
3454,216.832,21.04
3455,212.224,21.28
3456,218.544,21.104
3457,217.2,19.12
3458,215.344,20.688
3459,215.296,18.688
3460,211.808,20.352
3461,211.168,18.72
3462,212.176,21.392
3463,213.056,18.784
3464,215.872,20.896
3465,215.584,18.864
3466,215.744,21.04
3467,213.552,18.928
3468,215.584,20.848
3469,209.616,18.848
3470,218.256,28.128
3471,377.568,27.872
3472,412.976,22.544
3473,219.056,19.216
3474,218.08,20.896
3475,207.952,18.816
3476,209.952,21.008
3477,210.512,18.64
3478,211.52,23.12
3479,214.72,18.72
3480,211.232,20.624
3481,209.712,18.832
3482,211.216,21.104
3483,213.632,18.944
3484,210.56,21.04
3485,211.776,19.12
3486,210.816,20.928
3487,213.056,18.896
3488,212.976,20.528
3489,209.84,18.56
3490,210.928,20.816
3491,214.624,18.688
3492,209.664,20.512
3493,209.408,18.592
3494,214.112,20.592
3495,209.184,18.976
3496,231.968,32.96
3497,246.32,20.128
3498,248.592,24.624
3499,236.448,25.872
3500,246.928,22.816
3501,245.872,24.32
3502,216.224,20.496
3503,210.688,18.464
3504,212.496,20.928
3505,213.024,18.656
3506,210.56,20.848
3507,209.264,18.784
3508,212.16,20.608
3509,252.752,18.512
3510,465.008,22.224
3511,349.248,27.248
3512,220.4,20.32
3513,210.849,18.784
3514,219.664,21.008
3515,216.0,18.928
3516,211.136,21.04
3517,213.936,18.832
3518,211.84,20.304
3519,213.744,18.656
3520,210.08,20.464
3521,211.568,18.496
3522,215.216,20.384
3523,212.528,18.272
3524,211.296,20.992
3525,208.768,18.688
3526,211.296,20.608
3527,214.032,18.512
3528,213.632,20.736
3529,218.816,19.024
3530,219.952,20.912
3531,216.736,18.72
3532,213.488,20.672
3533,211.264,18.576
3534,209.968,21.744
3535,214.192,19.168
3536,214.192,20.464
3537,209.536,18.704
3538,212.88,20.352
3539,214.064,18.4
3540,216.208,20.352
3541,209.264,18.4
3542,209.808,20.016
3543,210.704,18.816
3544,289.712,26.896
3545,380.976,26.304
3546,395.344,23.328
3547,370.56,27.488
3548,214.448,20.656
3549,214.896,19.008
3550,220.656,20.656
3551,215.488,18.4
3552,211.392,20.496
3553,215.488,18.528
3554,211.12,20.592
3555,210.192,22.496
3556,214.72,20.912
3557,209.696,18.912
3558,211.856,21.04
3559,214.752,18.928
3560,219.472,20.704
3561,210.496,18.592
3562,213.344,21.088
3563,220.128,18.816
3564,213.072,20.912
3565,210.56,18.928
3566,212.576,20.768
3567,220.368,18.784
3568,211.664,20.96
3569,216.032,18.4
3570,210.432,21.248
3571,222.688,18.32
3572,215.664,20.336
3573,220.032,18.944
3574,213.296,20.928
3575,216.4,18.656
3576,219.296,21.248
3577,210.768,18.912
3578,219.6,27.792
3579,391.456,28.752
3580,411.408,21.136
3581,213.44,19.568
3582,215.072,21.2
3583,216.0,18.8
3584,213.76,21.232
3585,212.928,18.672
3586,214.336,20.96
3587,215.712,19.088
3588,219.632,21.408
3589,209.024,18.72
3590,217.664,21.44
3591,214.88,19.248
3592,211.536,20.736
3593,216.256,18.96
3594,212.384,21.152
3595,218.288,19.152
3596,220.416,20.768
3597,213.408,18.864
3598,211.664,21.44
3599,219.6,18.704
3600,214.128,20.992
3601,214.592,18.528
3602,221.92,21.072
3603,216.288,19.2
3604,263.456,21.472
3605,232.576,21.584
3606,251.952,22.736
3607,229.52,20.112
3608,249.856,21.024
3609,211.008,18.976
3610,211.12,20.784
3611,214.016,19.264
3612,213.616,21.072
3613,209.968,18.96
3614,212.4,20.384
3615,214.128,18.8
3616,214.56,20.704
3617,213.2,18.96
3618,274.752,25.68
3619,559.424,34.0
3620,290.176,20.544
3621,211.376,19.072
3622,212.688,21.088
3623,210.112,18.512
3624,215.648,21.296
3625,209.376,18.624
3626,209.552,20.848
3627,216.64,18.608
3628,210.16,20.8
3629,213.744,18.912
3630,210.992,20.464
3631,214.304,18.304
3632,220.192,20.992
3633,209.744,18.32
3634,219.744,20.896
3635,219.52,18.672
3636,216.88,20.88
3637,223.152,18.752
3638,216.576,20.944
3639,219.36,19.28
3640,211.504,21.328
3641,219.088,18.64
3642,210.992,20.656
3643,209.168,19.12
3644,213.888,20.48
3645,211.984,18.832
3646,223.76,20.96
3647,209.6,18.496
3648,214.896,20.496
3649,214.912,18.736
3650,214.56,20.544
3651,209.456,19.152
3652,219.728,24.848
3653,370.608,23.488
3654,379.888,24.352
3655,425.728,29.024
3656,312.704,21.264
3657,212.704,19.008
3658,217.328,20.72
3659,214.704,18.576
3660,213.568,21.136
3661,212.672,22.224
3662,214.752,20.656
3663,215.712,19.072
3664,210.736,24.592
3665,210.736,19.264
3666,210.928,24.32
3667,214.352,18.336
3668,212.112,20.032
3669,210.4,18.8
3670,210.688,19.744
3671,213.728,18.48
3672,211.12,20.08
3673,210.464,18.736
3674,210.176,20.464
3675,216.944,18.672
3676,210.96,19.968
3677,209.824,18.608
3678,210.56,20.432
3679,214.816,18.4
3680,211.392,20.208
3681,212.048,18.928
3682,216.56,20.064
3683,212.032,19.232
3684,215.664,20.064
3685,209.696,18.432
3686,214.656,24.4
3687,393.792,27.872
3688,432.448,20.848
3689,208.752,18.896
3690,214.816,23.856
3691,225.136,18.752
3692,212.512,19.856
3693,207.952,18.368
3694,209.312,20.208
3695,215.584,19.184
3696,208.4,20.672
3697,216.496,18.368
3698,214.768,20.144
3699,216.336,18.464
3700,212.544,20.416
3701,208.848,18.624
3702,209.616,20.672
3703,212.336,18.656
3704,211.216,20.432
3705,213.12,18.864
3706,209.28,20.272
3707,208.352,18.8
3708,212.24,20.608
3709,209.456,18.112
3710,212.24,20.416
3711,210.416,18.608
3712,214.688,20.544
3713,209.36,18.816
3714,214.432,21.952
3715,221.408,21.12
3716,231.44,22.816
3717,216.384,19.504
3718,220.784,20.464
3719,213.328,18.672
3720,220.096,19.968
3721,206.352,17.872
3722,208.096,19.872
3723,215.04,17.664
3724,209.6,19.776
3725,212.128,21.824
3726,209.424,20.032
3727,217.264,18.192
3728,207.056,19.84
3729,215.632,18.432
3730,209.472,20.24
3731,209.472,18.24
3732,210.96,20.208
3733,209.872,18.672
3734,206.752,20.464
3735,205.344,18.4
3736,210.608,20.72
3737,207.152,18.48
3738,211.424,20.72
3739,206.64,18.448
3740,206.864,20.992
3741,205.904,18.752
3742,215.232,21.104
3743,208.096,18.704
3744,215.024,21.104
3745,275.712,19.968
3746,281.648,30.048
3747,462.4,27.152
3748,259.68,30.56
3749,492.56,26.384
3750,358.16,19.712
3751,207.536,17.952
3752,207.376,20.496
3753,217.232,17.984
3754,214.672,20.224
3755,206.912,17.696
3756,211.36,20.912
3757,207.936,19.168
3758,207.12,20.224
3759,208.368,18.608
3760,222.352,20.288
3761,207.328,18.608
3762,217.28,20.64
3763,209.296,18.496
3764,215.952,21.088
3765,206.608,18.8
3766,210.112,19.504
3767,210.624,18.016
3768,209.696,20.24
3769,208.256,23.664
3770,210.72,20.384
3771,210.224,18.64
3772,208.496,20.48
3773,258.8,19.728
3774,274.208,22.208
3775,267.92,20.608
3776,258.704,25.36
3777,270.416,19.728
3778,210.496,20.096
3779,213.696,18.448
3780,216.496,20.48
3781,208.512,18.72
3782,207.232,20.512
3783,214.848,18.72
3784,208.336,20.16
3785,211.712,18.304
3786,207.792,20.448
3787,285.472,18.528
3788,536.592,38.64
3789,241.808,41.232
3790,206.4,19.792
3791,209.296,18.256
3792,214.736,20.32
3793,206.704,18.48
3794,208.224,20.224
3795,212.368,18.112
3796,212.144,20.0
3797,210.448,18.4
3798,211.776,20.336
3799,206.784,18.72
3800,215.344,20.736
3801,206.048,18.64
3802,212.928,20.688
3803,206.944,18.528
3804,211.792,19.824
3805,210.48,18.592
3806,208.544,20.304
3807,207.088,18.56
3808,209.968,20.512
3809,213.904,18.736
3810,208.48,19.792
3811,207.28,19.008
3812,210.544,20.24
3813,210.288,18.624
3814,208.304,20.656
3815,207.456,18.56
3816,208.272,20.144
3817,213.28,18.624
3818,425.968,25.232
3819,480.736,27.696
3820,474.992,20.976
3821,213.616,18.928
3822,210.384,20.288
3823,210.272,18.416
3824,211.952,20.48
3825,205.616,18.528
3826,211.552,20.208
3827,209.536,18.32
3828,211.84,19.824
3829,210.896,18.4
3830,214.944,21.104
3831,210.112,18.688
3832,217.28,21.168
3833,207.872,18.768
3834,212.864,20.96
3835,206.352,18.832
3836,213.2,20.672
3837,207.76,18.912
3838,217.072,20.464
3839,210.448,18.4
3840,214.384,20.736
3841,214.816,19.312
3842,213.392,20.576
3843,209.904,18.784
3844,212.528,20.528
3845,208.64,18.736
3846,210.4,19.872
3847,208.8,18.608
3848,502.768,19.52
3849,405.04,31.968
3850,215.136,19.504
3851,214.752,18.416
3852,211.28,19.936
3853,207.024,23.664
3854,206.752,20.144
3855,215.36,18.432
3856,211.728,20.016
3857,216.144,18.528
3858,208.592,20.56
3859,210.384,18.496
3860,208.464,20.88
3861,207.632,18.784
3862,209.04,20.944
3863,211.824,18.48
3864,212.256,20.848
3865,207.952,18.816
3866,208.592,20.816
3867,211.888,18.896
3868,212.576,20.464
3869,208.144,18.688
3870,208.912,20.608
3871,206.896,18.688
3872,215.024,21.072
3873,221.424,21.952
3874,250.88,26.752
3875,248.992,19.6
3876,268.592,21.488
3877,271.408,24.944
3878,257.344,21.024
3879,209.408,19.152
3880,215.92,20.32
3881,207.008,18.48
3882,225.296,20.192
3883,206.192,18.192
3884,210.768,20.0
3885,211.12,18.416
3886,379.232,19.984
3887,379.648,26.368
3888,303.168,20.176
3889,210.272,18.528
3890,211.056,20.24
3891,208.08,18.64
3892,207.12,20.208
3893,206.72,18.432
3894,206.48,19.312
3895,213.12,18.384
3896,206.432,20.464
3897,211.248,18.784
3898,208.592,20.592
3899,206.352,18.88
3900,212.256,20.24
3901,210.864,18.448
3902,208.976,20.192
3903,207.328,18.736
3904,212.512,20.224
3905,208.384,18.16
3906,209.408,20.016
3907,207.408,19.088
3908,208.08,19.68
3909,206.752,21.328
3910,213.008,19.952
3911,206.608,18.704
3912,210.432,20.304
3913,216.208,18.624
3914,209.776,20.032
3915,209.904,18.384
3916,209.008,24.72
3917,397.024,26.176
3918,348.976,24.88
3919,370.272,25.872
3920,294.272,20.48
3921,211.84,18.832
3922,217.696,20.352
3923,213.488,18.432
3924,206.704,20.112
3925,210.672,18.624
3926,207.44,20.272
3927,206.768,18.624
3928,210.288,20.0
3929,206.192,18.576
3930,213.152,20.224
3931,207.328,18.448
3932,212.976,20.608
3933,211.184,18.64
3934,213.36,20.592
3935,207.488,18.672
3936,212.992,20.768
3937,211.36,18.496
3938,208.192,19.616
3939,211.168,18.592
3940,208.384,20.592
3941,213.584,18.832
3942,208.752,20.224
3943,207.424,18.8
3944,208.544,20.432
3945,221.696,19.152
3946,214.944,20.08
3947,217.504,18.72
3948,210.192,20.288
3949,214.912,18.512
3950,210.992,20.752
3951,208.416,18.912
3952,469.12,26.016
3953,448.16,30.08
3954,207.712,20.48
3955,211.76,18.208
3956,210.912,20.624
3957,211.216,18.56
3958,207.952,21.12
3959,206.608,18.592
3960,216.64,20.368
3961,207.168,19.104
3962,212.592,20.544
3963,205.936,18.912
3964,208.72,24.64
3965,208.608,18.48
3966,215.264,20.592
3967,212.768,18.72
3968,214.192,21.024
3969,211.841,19.296
3970,212.72,20.224
3971,209.2,18.704
3972,213.008,20.416
3973,224.224,19.232
3974,215.36,20.096
3975,220.016,18.528
3976,266.352,21.504
3977,266.672,26.464
3978,241.312,21.472
3979,274.432,19.968
3980,230.688,20.416
3981,206.624,36.944
3982,208.304,20.352
3983,206.944,21.6
3984,207.936,20.528
3985,209.728,18.512
3986,212.496,20.624
3987,211.68,19.024
3988,625.152,30.128
3989,323.616,33.008
3990,208.016,19.888
3991,208.96,18.528
3992,207.712,20.24
3993,206.752,18.496
3994,205.168,19.648
3995,216.96,18.768
3996,211.216,20.128
3997,206.08,18.736
3998,206.832,20.16
3999,205.2,18.336
4000,210.336,20.08
4001,206.192,18.48
4002,208.592,19.76
4003,211.28,18.896
4004,214.928,19.856
4005,206.416,18.544
4006,210.736,19.312
4007,207.376,18.464
4008,211.6,20.048
4009,213.456,18.496
4010,211.376,19.84
4011,210.24,18.656
4012,207.2,20.08
4013,208.304,18.288
4014,206.592,19.856
4015,205.584,18.288
4016,213.44,21.088
4017,208.768,18.848
4018,206.288,24.112
4019,377.008,23.024
4020,499.824,25.776
4021,514.928,32.976
4022,210.56,19.792
4023,210.176,18.56
4024,207.472,19.696
4025,210.144,18.864
4026,215.792,19.712
4027,214.784,18.32
4028,206.784,20.192
4029,210.848,18.4
4030,207.632,20.256
4031,216.56,18.624
4032,208.288,20.064
4033,209.712,18.624
4034,206.16,20.304
4035,210.464,18.592
4036,211.248,19.68
4037,207.344,18.496
4038,208.352,20.768
4039,206.912,18.576
4040,215.264,19.616
4041,207.072,18.368
4042,207.568,19.584
4043,206.16,18.112
4044,213.744,24.368
4045,207.888,18.48
4046,206.736,19.616
4047,205.936,18.016
4048,212.624,20.192
4049,210.048,18.4
4050,208.512,21.104
4051,432.544,31.216
4052,489.744,20.688
4053,206.304,18.384
4054,207.744,19.936
4055,210.544,18.768
4056,207.664,20.224
4057,205.888,18.496
4058,207.008,19.84
4059,205.008,18.544
4060,211.68,20.272
4061,215.04,18.896
4062,207.648,20.192
4063,211.76,18.816
4064,221.168,20.544
4065,207.136,18.992
4066,207.616,20.512
4067,206.208,18.64
4068,210.16,20.192
4069,206.032,18.688
4070,207.184,20.256
4071,211.072,18.224
4072,206.848,20.336
4073,210.304,17.952
4074,207.664,21.024
4075,268.96,20.432
4076,281.344,54.56
4077,258.96,22.256
4078,276.256,26.192
4079,221.504,19.808
4080,221.056,20.096
4081,206.112,18.336
4082,211.088,20.144
4083,210.768,18.192
4084,210.16,20.544
4085,205.712,18.4
4086,206.816,23.824
4087,378.368,26.688
4088,480.096,21.712
4089,231.584,21.12
4090,206.736,19.968
4091,208.768,17.92
4092,207.632,20.56
4093,206.736,18.528
4094,210.336,20.176
4095,212.752,18.608
4096,208.416,20.4
4097,209.424,18.544
4098,209.984,19.984
4099,208.544,18.912
4100,215.296,20.56
4101,206.72,18.4
4102,207.008,20.208
4103,211.184,18.384
4104,211.264,20.304
4105,206.784,18.608
4106,208.256,20.224
4107,207.296,18.752
4108,208.64,23.472
4109,206.112,18.016
4110,211.888,20.08
4111,206.224,18.496
4112,213.28,20.336
4113,217.664,18.352
4114,207.2,20.912
4115,206.304,18.4
4116,221.44,20.256
4117,209.664,18.448
4118,212.08,22.0
4119,370.624,24.704
4120,376.048,26.736
4121,361.408,29.024
4122,261.472,20.768
4123,211.312,18.736
4124,207.12,20.48
4125,210.576,18.56
4126,212.256,20.272
4127,207.44,18.64
4128,210.256,20.592
4129,207.072,18.256
4130,207.008,20.08
4131,206.944,18.592
4132,212.192,20.16
4133,207.84,18.656
4134,209.936,20.192
4135,206.048,18.336
4136,210.0,24.016
4137,206.48,18.56
4138,206.592,20.352
4139,205.552,18.0
4140,206.368,20.688
4141,213.6,18.448
4142,210.288,20.688
4143,206.096,18.096
4144,214.08,21.04
4145,210.304,18.688
4146,207.488,20.448
4147,206.768,18.464
4148,209.216,20.4
4149,206.0,18.672
4150,211.424,20.48
4151,207.312,18.16
4152,392.368,22.288
4153,387.92,28.816
4154,212.32,20.72
4155,206.736,18.944
4156,207.264,19.872
4157,207.904,18.864
4158,206.528,19.616
4159,210.416,18.128
4160,208.672,20.192
4161,213.312,18.56
4162,206.304,20.112
4163,206.88,18.544
4164,207.552,20.8
4165,210.48,18.768
4166,208.528,19.904
4167,206.528,18.72
4168,206.256,20.288
4169,207.136,18.0
4170,210.288,20.24
4171,206.0,22.224
4172,210.176,19.744
4173,205.68,18.096
4174,212.08,20.144
4175,207.328,18.496
4176,215.296,19.776
4177,219.824,18.336
4178,227.632,22.192
4179,239.552,18.448
4180,261.424,20.688
4181,262.56,22.304
4182,269.552,20.304
4183,208.4,18.656
4184,206.336,20.464
4185,205.584,18.304
4186,213.92,20.4
4187,205.824,18.416
4188,206.928,20.048
4189,205.984,18.224
4190,206.768,19.696
4191,208.624,18.016
4192,586.944,23.92
4193,460.0,30.144
4194,213.088,19.552
4195,205.584,18.432
4196,209.088,19.104
4197,208.288,18.192
4198,205.632,20.176
4199,219.392,18.848
4200,211.92,20.64
4201,214.24,18.672
4202,206.224,20.192
4203,210.48,18.336
4204,206.576,20.144
4205,207.536,18.448
4206,206.816,20.112
4207,219.984,18.176
4208,206.928,20.048
4209,205.152,18.08
4210,208.224,20.576
4211,207.168,18.112
4212,205.984,19.52
4213,209.696,18.352
4214,210.608,20.432
4215,205.504,18.08
4216,210.896,20.304
4217,205.2,17.936
4218,210.816,23.392
4219,213.776,18.704
4220,207.296,20.256
4221,210.256,18.288
4222,213.36,25.104
4223,514.816,33.888
4224,421.44,20.896
4225,365.968,25.888
4226,212.608,20.048
4227,208.336,18.256
4228,207.008,22.992
4229,206.544,18.688
4230,211.696,20.064
4231,206.912,18.352
4232,207.008,19.472
4233,212.768,18.4
4234,206.64,19.968
4235,206.768,22.128
4236,207.664,20.672
4237,210.272,18.752
4238,207.568,20.304
4239,206.064,18.464
4240,208.256,20.128
4241,205.6,18.496
4242,213.648,20.64
4243,205.984,18.496
4244,208.208,20.272
4245,205.856,18.448
4246,208.56,20.096
4247,211.728,18.128
4248,206.448,19.888
4249,206.032,18.016
4250,211.744,21.2
4251,205.744,18.592
4252,207.2,20.864
4253,206.128,18.512
4254,207.76,25.072
4255,397.056,33.36
4256,471.168,20.704
4257,212.336,19.392
4258,211.408,20.256
4259,205.168,18.624
4260,207.504,20.384
4261,208.224,18.256
4262,207.376,20.304
4263,206.384,18.608
4264,211.088,20.336
4265,205.792,18.336
4266,215.088,20.304
4267,206.64,18.0
4268,210.848,20.704
4269,206.48,18.656
4270,214.64,20.656
4271,205.6,18.848
4272,208.48,20.736
4273,216.496,18.384
4274,207.456,20.368
4275,206.08,20.928
4276,212.32,20.304
4277,207.296,18.384
4278,207.872,19.744
4279,208.768,18.528
4280,205.952,19.888
4281,210.912,18.736
4282,261.088,21.984
4283,225.664,19.344
4284,245.2,25.952
4285,257.696,19.808
4286,243.424,20.48
4287,210.672,20.144
4288,212.544,20.368
4289,210.688,18.192
4290,206.368,20.464
4291,213.792,18.56
4292,206.928,20.496
4293,206.288,18.496
4294,212.368,20.48
4295,333.152,25.584
4296,469.44,20.432
4297,234.288,23.6
4298,210.752,20.592
4299,205.792,21.664
4300,214.368,19.888
4301,206.288,18.64
4302,208.864,20.512
4303,205.68,18.368
4304,210.768,20.016
4305,206.544,18.336
4306,216.192,20.928
4307,212.608,18.288
4308,212.56,20.384
4309,207.088,18.048
4310,211.728,19.968
4311,208.384,18.864
4312,216.672,20.72
4313,207.2,18.8
4314,216.976,20.544
4315,210.08,18.832
4316,206.464,20.784
4317,208.592,18.784
4318,210.544,20.48
4319,205.456,18.4
4320,210.368,20.576
4321,205.344,18.208
4322,207.328,20.144
4323,210.784,18.784
4324,217.072,20.32
4325,206.032,18.56
4326,283.776,20.64
4327,389.12,24.0
4328,380.16,26.096
4329,354.608,24.944
4330,212.336,19.952
4331,208.192,18.0
4332,208.368,20.88
4333,207.008,18.704
4334,206.688,20.144
4335,208.8,18.096
4336,207.072,19.856
4337,210.624,18.192
4338,204.64,20.048
4339,208.32,18.192
4340,206.48,19.92
4341,205.904,18.24
4342,207.088,20.464
4343,206.272,18.176
4344,208.288,20.832
4345,206.864,18.544
4346,208.08,20.368
4347,207.232,18.432
4348,210.176,20.224
4349,207.68,18.096
4350,208.72,20.64
4351,208.432,18.496
4352,216.288,20.928
4353,208.32,19.056
4354,210.432,20.416
4355,212.16,18.768
4356,206.608,20.4
4357,206.336,23.472
4358,212.24,20.832
4359,209.984,18.752
4360,211.248,20.832
4361,208.544,18.864
4362,345.04,20.72
4363,434.0,33.968
4364,219.456,20.64
4365,206.48,18.24
4366,211.6,20.576
4367,205.808,18.128
4368,217.12,20.8
4369,205.632,18.416
4370,206.08,20.304
4371,206.544,18.512
4372,212.256,20.896
4373,211.104,18.56
4374,206.817,19.984
4375,211.44,18.192
4376,210.992,20.256
4377,216.224,18.24
4378,206.0,20.0
4379,216.944,18.896
4380,208.192,20.624
4381,215.968,19.008
4382,208.144,20.416
4383,207.008,18.24
4384,211.728,20.736
4385,207.52,18.416
4386,229.616,29.808
4387,244.64,20.0
4388,277.952,20.752
4389,273.664,25.936
4390,251.776,25.776
4391,214.16,19.072
4392,206.784,20.928
4393,214.128,18.336
4394,207.616,20.624
4395,213.456,18.624
4396,210.624,20.832
4397,213.056,18.896
4398,208.4,27.744
4399,552.0,27.648
4400,420.112,20.592
4401,204.72,18.576
4402,207.056,20.224
4403,206.272,18.08
4404,213.488,20.528
4405,210.496,18.32
4406,207.6,20.16
4407,209.472,18.736
4408,212.832,20.144
4409,206.72,18.8
4410,211.872,20.64
4411,206.176,18.848
4412,208.208,20.064
4413,211.536,18.64
4414,207.12,20.224
4415,209.6,18.704
4416,211.472,20.384
4417,206.256,18.272
4418,206.496,19.68
4419,206.88,18.704
4420,208.048,20.256
4421,207.712,18.304
4422,206.848,19.824
4423,204.32,18.464
4424,214.592,19.904
4425,208.848,18.144
4426,207.168,20.64
4427,205.424,18.304
4428,205.648,20.32
4429,206.0,18.512
4430,210.112,20.72
4431,209.856,18.704
4432,268.896,25.024
4433,540.0,26.048
4434,490.16,22.832
4435,220.32,32.112
4436,214.448,20.912
4437,211.584,18.784
4438,207.904,20.272
4439,210.96,18.832
4440,213.872,20.288
4441,204.784,18.48
4442,207.552,20.112
4443,210.032,18.272
4444,211.056,22.48
4445,207.312,18.576
4446,211.36,20.464
4447,207.392,18.272
4448,208.336,23.024
4449,206.304,18.512
4450,206.576,19.664
4451,205.952,18.352
4452,206.432,20.384
4453,208.0,18.704
4454,206.512,20.64
4455,210.768,17.968
4456,208.656,20.576
4457,209.936,18.464
4458,207.36,20.176
4459,207.296,18.4
4460,207.728,20.48
4461,206.24,18.416
4462,208.864,20.048
4463,205.776,18.112
4464,208.448,22.512
4465,471.648,26.016
4466,411.984,20.464
4467,207.872,18.304
4468,209.744,20.528
4469,209.744,18.432
4470,206.64,20.384
4471,205.424,18.016
4472,206.688,20.064
4473,208.288,18.112
4474,209.472,20.688
4475,214.128,18.432
4476,208.16,20.752
4477,209.68,18.496
4478,209.136,20.608
4479,217.696,18.528
4480,210.608,20.912
4481,213.936,19.184
4482,209.152,20.96
4483,212.368,18.912
4484,207.648,20.224
4485,210.304,19.024
4486,213.92,20.704
4487,216.624,18.752
4488,206.464,20.704
4489,247.568,19.584
4490,254.288,20.8
4491,259.824,26.752
4492,268.736,21.808
4493,259.44,19.648
4494,213.056,20.464
4495,207.648,18.368
4496,211.36,20.448
4497,207.392,18.784
4498,230.464,20.72
4499,213.696,18.512
4500,207.296,24.208
4501,389.232,27.312
4502,419.648,20.464
4503,296.56,22.016
4504,209.856,20.416
4505,206.512,18.416
4506,209.04,20.288
4507,218.128,18.928
4508,222.32,20.64
4509,207.104,18.592
4510,208.528,20.352
4511,206.736,18.624
4512,211.088,20.4
4513,208.352,18.624
4514,206.992,20.192
4515,210.096,18.512
4516,211.472,19.984
4517,215.312,18.384
4518,206.256,20.784
4519,208.064,18.304
4520,212.72,20.24
4521,208.016,18.576
4522,206.72,20.0
4523,206.352,18.352
4524,207.296,20.608
4525,206.0,18.4
4526,210.192,20.752
4527,219.344,18.736
4528,209.136,19.984
4529,206.88,18.304
4530,212.256,20.096
4531,207.216,18.128
4532,207.456,26.512
4533,347.28,21.408
4534,543.28,20.592
4535,480.416,33.856
4536,214.912,20.608
4537,210.784,18.368
4538,208.784,20.528
4539,210.8,18.672
4540,208.304,20.16
4541,206.096,18.448
4542,206.752,20.432
4543,206.256,18.672
4544,210.048,20.368
4545,205.568,18.176
4546,212.736,20.608
4547,207.424,18.496
4548,212.704,20.896
4549,213.904,18.64
4550,207.712,20.624
4551,204.832,18.704
4552,205.808,20.352
4553,208.832,18.288
4554,208.016,20.576
4555,206.624,18.336
4556,210.48,20.08
4557,212.912,18.576
4558,206.848,20.832
4559,204.768,18.432
4560,206.128,20.224
4561,206.096,18.608
4562,209.232,20.32
4563,215.024,18.224
4564,207.12,31.456
4565,453.84,31.2
4566,479.072,20.32
4567,206.128,18.4
4568,210.496,20.48
4569,204.912,18.352
4570,212.752,20.16
4571,205.872,18.896
4572,207.744,20.432
4573,207.136,18.72
4574,213.296,20.0
4575,205.04,18.112
4576,210.864,19.92
4577,207.824,18.448
4578,212.592,20.592
4579,207.248,18.576
4580,205.44,20.512
4581,207.872,18.464
4582,206.112,20.128
4583,206.064,18.288
4584,211.792,20.384
4585,205.376,18.144
4586,209.312,20.24
4587,206.992,18.448
4588,207.728,20.448
4589,257.2,23.952
4590,265.184,20.576
4591,253.584,25.2
4592,272.72,21.664
4593,243.136,19.312
4594,209.232,20.4
4595,211.184,18.256
4596,211.856,20.592
4597,205.568,18.64
4598,210.544,20.336
4599,205.792,18.336
4600,211.488,20.208
4601,221.344,18.816
4602,608.384,35.728
4603,279.664,36.368
4604,217.552,20.496
4605,205.232,18.464
4606,212.32,20.16
4607,207.04,18.624
4608,211.6,20.656
4609,207.84,21.28
4610,208.48,20.352
4611,210.448,18.416
4612,205.808,20.656
4613,210.0,18.688
4614,205.248,20.72
4615,205.264,18.24
4616,205.792,20.512
4617,213.824,18.816
4618,207.744,20.464
4619,206.608,18.64
4620,206.416,20.256
4621,211.616,18.608
4622,208.736,20.592
4623,206.272,18.624
4624,207.984,20.752
4625,215.28,18.656
4626,208.976,20.32
4627,204.432,18.672
4628,207.392,20.16
4629,207.12,18.544
4630,212.24,23.056
4631,205.904,18.4
4632,205.296,22.032
4633,358.48,26.72
4634,459.904,21.904
4635,500.048,30.672
4636,218.224,20.448
4637,206.432,18.752
4638,208.816,20.24
4639,213.6,18.592
4640,208.928,20.56
4641,222.512,18.64
4642,206.08,20.112
4643,205.888,18.496
4644,207.328,20.56
4645,215.216,18.8
4646,206.544,20.48
4647,206.784,18.304
4648,211.232,20.4
4649,212.672,18.384
4650,207.856,20.56
4651,206.112,18.4
4652,212.128,20.624
4653,211.376,18.56
4654,208.624,20.256
4655,211.728,18.944
4656,212.832,20.8
4657,207.568,18.448
4658,210.72,20.016
4659,207.248,18.4
4660,207.376,20.64
4661,206.4,18.336
4662,209.712,20.512
4663,210.464,18.512
4664,207.28,23.536
4665,367.568,26.0
4666,423.2,21.616
4667,207.76,19.184
4668,212.064,19.6
4669,219.072,18.384
4670,206.4,20.032
4671,206.704,18.096
4672,208.192,20.32
4673,206.112,18.32
4674,211.168,20.288
4675,206.352,18.528
4676,207.408,20.704
4677,206.528,18.72
4678,209.888,20.256
4679,203.728,18.384
4680,207.632,20.4
4681,206.336,22.16
4682,221.712,20.608
4683,206.112,18.448
4684,207.664,20.336
4685,206.704,18.496
4686,207.296,21.232
4687,212.96,18.944
4688,208.752,20.576
4689,207.472,18.688
4690,233.408,20.432
4691,249.248,19.552
4692,272.336,20.784
4693,292.72,29.488
4694,251.728,20.448
4695,212.928,18.032
4696,208.128,20.256
4697,207.024,18.592
4698,207.696,20.496
4699,208.912,18.464
4700,208.288,20.448
4701,210.368,18.704
4702,405.024,24.48
4703,443.552,24.352
4704,233.04,19.952
4705,210.656,18.864
4706,208.16,20.352
4707,210.384,18.688
4708,212.112,20.208
4709,205.808,18.368
4710,209.664,20.256
4711,205.616,18.224
4712,207.232,20.368
4713,210.416,18.48
4714,208.4,20.144
4715,206.176,17.984
4716,207.216,20.48
4717,206.592,18.368
4718,211.536,22.992
4719,204.624,18.448
4720,212.176,20.16
4721,206.64,18.496
4722,206.928,20.368
4723,209.152,18.368
4724,212.176,20.4
4725,207.888,18.672
4726,207.856,20.528
4727,208.912,18.464
4728,211.792,20.368
4729,205.104,18.24
4730,210.144,20.752
4731,205.712,18.384
4732,211.568,20.576
4733,210.992,18.464
4734,545.36,29.408
4735,647.424,25.92
4736,332.0,20.8
4737,218.688,18.832
4738,207.376,20.72
4739,207.52,18.576
4740,211.84,20.768
4741,208.224,18.48
4742,205.088,20.56
4743,209.808,18.592
4744,205.92,20.336
4745,213.28,21.696
4746,214.576,20.464
4747,205.68,18.448
4748,207.36,20.384
4749,214.064,18.4
4750,206.448,20.4
4751,206.64,18.112
4752,207.648,20.336
4753,214.784,18.416
4754,233.616,20.64
4755,206.352,18.56
4756,206.992,20.608
4757,206.608,18.432
4758,210.032,20.32
4759,211.264,18.448
4760,206.256,20.192
4761,206.0,18.032
4762,206.224,24.848
4763,205.68,18.336
4764,207.216,20.08
4765,205.312,18.896
4766,463.776,23.744
4767,429.952,29.648
4768,207.28,20.192
4769,208.496,18.752
4770,207.424,20.448
4771,210.08,18.768
4772,207.568,20.672
4773,208.368,18.784
4774,214.128,20.192
4775,207.552,18.32
4776,210.016,20.08
4777,205.585,18.064
4778,214.448,20.128
4779,206.816,18.512
4780,205.68,20.08
4781,206.16,18.528
4782,212.688,20.352
4783,205.168,18.16
4784,209.2,20.752
4785,207.056,18.464
4786,215.904,20.416
4787,205.776,23.904
4788,210.384,20.256
4789,205.936,18.192
4790,254.816,20.704
4791,252.112,22.416
4792,235.664,20.672
4793,255.904,21.776
4794,259.12,20.672
4795,208.24,18.864
4796,211.456,19.936
4797,206.672,18.32
4798,207.68,20.352
4799,208.624,18.224
4800,207.84,20.432
4801,207.824,18.384
4802,206.8,20.448
4803,602.576,32.704
4804,323.264,20.608
4805,209.776,18.832
4806,210.272,19.792
4807,206.704,18.416
4808,212.16,20.08
4809,217.536,21.696
4810,207.328,20.496
4811,211.616,18.464
4812,207.04,20.784
4813,206.656,18.48
4814,213.488,20.896
4815,204.8,18.88
4816,207.024,20.576
4817,206.512,18.368
4818,221.312,20.496
4819,206.704,18.528
4820,211.856,20.736
4821,211.168,18.288
4822,206.992,20.144
4823,205.952,20.976
4824,212.112,20.368
4825,206.064,18.256
4826,211.104,20.224
4827,209.472,18.192
4828,211.68,20.32
4829,205.872,18.768
4830,207.632,20.384
4831,208.304,18.304
4832,207.936,20.608
4833,206.336,18.544
4834,384.88,20.608
4835,467.168,32.736
4836,568.688,20.688
4837,210.768,19.92
4838,211.84,20.528
4839,208.4,18.4
4840,212.064,20.768
4841,209.936,18.368
4842,207.088,20.368
4843,210.672,18.608
4844,207.84,20.736
4845,213.808,18.304
4846,208.784,21.632
4847,205.152,18.256
4848,214.912,19.888
4849,205.6,18.208
4850,212.864,20.0
4851,205.84,18.24
4852,206.96,20.528
4853,206.144,18.528
4854,214.848,20.576
4855,210.528,18.432
4856,207.44,20.528
4857,206.768,18.64
4858,210.368,20.288
4859,206.4,18.224
4860,208.688,19.936
4861,206.192,18.224
4862,209.04,20.656
4863,210.464,18.576
4864,214.368,20.016
4865,209.856,18.592
4866,409.312,24.208
4867,464.48,20.256
4868,215.824,19.744
4869,208.976,18.304
4870,206.4,20.208
4871,205.36,18.272
4872,206.416,20.384
4873,210.72,23.296
4874,214.24,19.936
4875,208.256,18.272
4876,206.592,20.128
4877,206.208,18.192
4878,209.6,20.192
4879,207.408,18.128
4880,207.04,21.008
4881,210.88,18.656
4882,206.8,23.664
4883,205.424,18.928
4884,206.448,20.368
4885,205.568,18.24
4886,208.304,19.968
4887,210.656,18.288
4888,210.912,20.528
4889,205.216,18.624
4890,221.728,20.464
4891,250.848,28.56
4892,254.704,25.552
4893,256.368,19.472
4894,274.736,20.112
4895,210.512,19.232
4896,211.888,20.592
4897,205.232,18.512
4898,206.96,20.416
4899,210.032,18.336
4900,207.024,20.208
4901,205.936,18.544
4902,208.224,27.968
4903,381.808,26.096
4904,425.152,20.784
4905,221.536,20.768
4906,210.848,20.704
4907,205.888,18.24
4908,212.336,20.368
4909,206.224,18.56
4910,207.808,20.176
4911,209.584,18.24
4912,212.928,20.304
4913,211.504,18.736
4914,212.384,20.384
4915,212.48,18.576
4916,206.816,20.256
4917,206.512,18.304
4918,211.76,20.288
4919,207.328,18.144
4920,205.872,20.24
4921,205.296,18.432
4922,207.344,20.48
4923,212.896,18.592
4924,205.76,20.096
4925,207.648,18.416
4926,207.504,20.32
4927,204.784,18.56
4928,219.36,20.272
4929,210.528,18.096
4930,211.072,20.192
4931,205.84,18.448
4932,213.808,20.928
4933,205.552,18.576
4934,207.248,20.528
4935,373.136,26.672
4936,354.144,20.784
4937,368.544,27.52
4938,327.456,20.624
4939,217.248,18.24
4940,217.808,20.256
4941,208.144,18.512
4942,209.264,24.24
4943,206.336,18.848
4944,207.888,20.048
4945,209.52,18.544
4946,208.496,20.272
4947,214.128,18.544
4948,209.488,20.496
4949,208.624,18.512
4950,213.968,20.24
4951,211.792,18.56
4952,210.32,20.928
4953,207.28,18.512
4954,209.52,20.704
4955,207.168,18.688
4956,212.64,20.4
4957,207.488,18.272
4958,207.376,20.496
4959,206.512,18.352
4960,215.232,20.032
4961,207.648,18.576
4962,216.16,19.824
4963,207.712,18.368
4964,224.896,20.832
4965,206.96,19.104
4966,208.272,20.624
4967,206.528,18.496
4968,296.56,27.664
4969,510.768,27.968
4970,253.536,20.384
4971,214.144,18.4
4972,209.104,20.464
4973,206.944,18.768
4974,212.464,20.672
4975,213.552,18.704
4976,207.216,19.824
4977,206.096,18.08
4978,210.976,20.576
4979,207.376,18.496
4980,215.552,20.688
4981,211.424,18.368
4982,212.768,20.608
4983,206.24,18.496
4984,216.256,20.336
4985,206.608,18.352
4986,207.792,20.512
4987,206.032,18.496
4988,210.032,20.16
4989,207.168,18.544
4990,214.912,20.528
4991,212.64,18.56
4992,213.04,21.328
4993,246.336,20.256
4994,247.296,21.456
4995,251.92,19.824
4996,264.208,24.768
4997,247.632,23.504
4998,211.12,19.92
4999,208.4,18.432
5000,207.2,20.848
5001,207.232,18.544
5002,206.784,19.664
5003,210.64,18.224
5004,209.12,21.056
5005,212.368,18.448
5006,530.048,21.824
5007,401.616,31.504
5008,207.264,20.16
5009,207.04,18.592
5010,212.208,20.704
5011,226.336,18.32
5012,212.96,20.464
5013,206.672,18.432
5014,213.056,20.32
5015,217.2,18.784
5016,204.56,20.272
5017,205.072,18.336
5018,205.52,19.664
5019,210.416,18.4
5020,210.736,20.672
5021,205.184,18.272
5022,207.856,20.112
5023,204.816,18.544
5024,215.856,20.432
5025,205.424,18.368
5026,206.912,20.464
5027,205.728,18.8
5028,212.0,20.288
5029,209.408,18.512
5030,211.648,20.384
5031,205.28,18.32
5032,211.056,20.576
5033,213.952,18.24
5034,206.496,20.192
5035,209.648,18.016
5036,205.792,20.144
5037,329.632,18.416
5038,509.584,26.704
5039,629.968,33.488
5040,217.648,20.576
5041,213.776,18.464
5042,212.576,20.352
5043,206.848,18.448
5044,208.112,19.888
5045,206.656,18.08
5046,208.24,20.128
5047,214.384,18.16
5048,206.368,20.064
5049,207.424,18.176
5050,208.352,20.448
5051,209.584,18.416
5052,208.064,19.968
5053,207.792,18.432
5054,208.224,20.176
5055,211.728,18.016
5056,207.392,19.968
5057,206.976,18.064
5058,208.08,20.368
5059,206.16,18.752
5060,211.808,20.384
5061,206.896,18.4
5062,212.528,20.256
5063,215.152,18.8
5064,212.144,20.496
5065,209.408,18.464
5066,208.944,20.16
5067,208.704,18.032
5068,217.2,24.16
5069,207.024,18.272
5070,500.624,28.08
5071,371.088,35.632
5072,208.56,19.936
5073,215.536,18.208
5074,207.696,19.696
5075,211.008,18.048
5076,207.792,19.888
5077,211.024,18.144
5078,207.92,19.664
5079,212.624,18.304
5080,208.112,20.304
5081,215.888,18.496
5082,209.76,20.256
5083,208.032,18.864
5084,212.032,20.416
5085,208.208,18.496
5086,208.64,20.304
5087,206.976,18.32
5088,215.472,19.936
5089,211.456,18.416
5090,207.456,19.712
5091,208.544,18.512
5092,208.768,23.04
5093,211.936,18.192
5094,225.504,24.88
5095,247.616,19.232
5096,224.48,24.88
5097,265.344,28.208
5098,278.752,24.304
5099,211.072,19.952
5100,213.92,20.464
5101,207.824,18.704
5102,208.8,20.768
5103,212.096,18.784
5104,207.84,20.4
5105,211.632,21.28
5106,209.312,24.144
5107,397.888,27.872
5108,475.936,21.136
5109,229.072,20.88
5110,208.448,20.416
5111,210.192,18.24
5112,212.784,20.08
5113,210.72,18.24
5114,210.224,20.656
5115,213.312,18.496
5116,212.016,20.752
5117,206.576,18.672
5118,209.088,20.336
5119,207.792,18.528
5120,213.168,20.976
5121,208.192,18.304
5122,212.544,20.544
5123,207.472,18.928
5124,210.08,20.16
5125,207.024,18.352
5126,208.0,20.272
5127,208.992,18.272
5128,207.728,20.512
5129,207.312,19.248
5130,205.664,19.44
5131,207.376,18.224
5132,208.24,20.032
5133,220.272,18.416
5134,210.304,20.544
5135,207.904,18.16
5136,207.792,20.08
5137,216.688,18.528
5138,212.72,26.384
5139,375.44,27.248
5140,321.056,21.968
5141,344.512,22.336
5142,376.528,20.208
5143,213.136,19.104
5144,205.888,19.728
5145,214.384,18.336
5146,211.984,19.904
5147,207.056,18.72
5148,219.12,19.776
5149,207.584,18.4
5150,207.904,20.496
5151,206.0,18.512
5152,209.312,20.288
5153,209.632,18.464
5154,211.28,19.792
5155,206.528,18.272
5156,210.048,19.68
5157,206.272,17.856
5158,214.192,20.064
5159,206.592,18.48
5160,207.152,20.288
5161,209.776,18.128
5162,208.432,20.08
5163,212.64,18.064
5164,208.736,20.688
5165,210.064,18.496
5166,207.744,20.4
5167,207.92,18.304
5168,208.896,20.912
5169,214.496,18.608
5170,215.36,20.144
5171,207.696,18.576
5172,207.28,20.624
5173,210.416,18.72
5174,211.904,20.688
5175,284.72,18.336
5176,338.624,21.536
5177,363.056,26.528
5178,209.568,20.848
5179,206.016,18.576
5180,205.6,20.016
5181,213.84,18.416
5182,206.016,19.824
5183,207.152,18.816
5184,211.728,20.336
5185,219.12,18.336
5186,215.52,20.288
5187,207.712,18.88
5188,207.216,20.32
5189,210.608,18.608
5190,209.424,19.584
5191,209.072,22.176
5192,205.952,19.76
5193,209.504,18.144
5194,215.104,20.112
5195,206.256,18.256
5196,209.776,19.808
5197,207.376,18.56
5198,219.392,19.936
5199,207.136,18.448
5200,207.344,20.848
5201,257.312,21.328
5202,257.008,20.56
5203,233.296,18.992
5204,258.848,20.544
5205,238.896,19.696
5206,220.0,20.352
5207,212.304,18.592
5208,207.04,20.096
5209,211.488,18.528
5210,209.024,23.584
5211,212.24,18.72
5212,209.312,20.704
5213,208.096,18.656
5214,665.92,32.544
5215,255.36,33.984
5216,208.096,20.288
5217,209.696,18.48
5218,207.056,20.128
5219,208.064,18.672
5220,212.256,20.208
5221,218.592,18.56
5222,207.376,20.416
5223,207.472,18.752
5224,206.608,20.112
5225,211.056,18.736
5226,209.296,20.112
5227,210.528,18.272
5228,208.416,20.336
5229,215.92,18.336
5230,211.36,20.368
5231,206.672,18.576
5232,208.352,20.176
5233,210.0,18.432
5234,215.072,20.416
5235,206.545,18.512
5236,208.512,20.48
5237,211.248,18.384
5238,209.456,20.448
5239,206.128,20.672
5240,207.728,20.224
5241,207.072,18.544
5242,215.968,20.384
5243,214.256,18.24
5244,206.8,20.224
5245,206.736,18.32
5246,548.736,26.704
5247,445.856,27.36
5248,389.984,20.608
5249,216.24,18.912
5250,212.688,22.56
5251,208.624,18.528
5252,207.824,20.24
5253,211.424,18.624
5254,212.272,20.688
5255,212.688,22.752
5256,207.808,20.464
5257,219.168,18.64
5258,216.592,20.336
5259,206.864,18.448
5260,213.632,20.48
5261,226.288,18.512
5262,213.04,19.984
5263,206.944,18.512
5264,213.296,20.48
5265,211.808,18.672
5266,208.624,21.104
5267,206.864,18.32
5268,211.648,20.08
5269,211.728,18.336
5270,228.896,20.8
5271,207.456,18.896
5272,206.736,20.336
5273,207.952,18.384
5274,215.104,20.416
5275,206.736,18.448
5276,216.32,20.592
5277,207.712,18.704
5278,380.576,25.84
5279,474.208,33.632
5280,217.408,20.64
5281,211.088,19.008
5282,208.976,20.672
5283,211.552,19.12
5284,208.8,20.096
5285,209.728,18.096
5286,207.84,20.512
5287,207.456,18.672
5288,207.392,20.48
5289,207.392,18.352
5290,219.328,20.4
5291,209.008,18.672
5292,209.456,20.784
5293,206.224,18.448
5294,211.216,20.4
5295,209.712,18.592
5296,212.768,20.608
5297,212.064,18.944
5298,211.744,20.544
5299,208.224,18.672
5300,208.496,20.352
5301,208.224,18.64
5302,213.568,20.848
5303,238.528,22.256
5304,247.936,20.816
5305,255.216,22.736
5306,241.584,21.856
5307,220.912,21.2
5308,259.392,20.64
5309,207.392,19.28
5310,218.016,20.48
5311,213.328,18.512
5312,207.92,20.288
5313,215.888,18.592
5314,208.16,20.192
5315,204.8,21.168
5316,217.376,20.672
5317,215.056,18.64
5318,280.256,20.56
5319,349.76,38.896
5320,396.928,20.336
5321,212.24,20.16
5322,208.096,20.176
5323,221.648,18.128
5324,207.104,20.304
5325,206.848,18.688
5326,209.296,20.368
5327,206.08,18.544
5328,206.24,20.528
5329,210.288,18.784
5330,211.248,20.816
5331,205.648,18.912
5332,207.808,20.128
5333,205.744,18.576
5334,209.152,20.224
5335,207.824,21.808
5336,207.12,20.224
5337,206.672,18.336
5338,209.248,20.352
5339,213.392,18.4
5340,207.648,20.144
5341,208.752,18.416
5342,207.792,20.304
5343,215.12,18.464
5344,208.928,20.128
5345,206.208,18.32
5346,208.048,20.512
5347,206.48,19.024
5348,213.696,20.656
5349,207.104,18.576
5350,208.768,26.608
5351,353.632,25.568
5352,356.192,21.024
5353,331.696,23.104
5354,353.584,20.368
5355,211.808,18.752
5356,211.552,21.136
5357,213.52,18.496
5358,217.12,20.576
5359,206.512,18.704
5360,208.176,19.888
5361,207.696,18.64
5362,212.4,22.544
5363,207.552,18.416
5364,207.312,20.032
5365,207.76,18.624
5366,212.096,20.672
5367,211.248,18.608
5368,209.28,20.288
5369,210.032,18.336
5370,206.064,19.792
5371,216.8,18.224
5372,207.648,20.4
5373,211.072,18.496
5374,214.496,20.64
5375,213.2,18.64
5376,211.264,20.272
5377,214.544,18.448
5378,208.912,19.776
5379,208.56,18.256
5380,210.336,20.176
5381,211.008,18.048
5382,207.936,20.384
5383,206.16,22.512
5384,230.832,21.984
5385,449.008,28.48
5386,394.016,20.96
5387,206.176,21.568
5388,215.088,20.768
5389,206.4,18.88
5390,207.328,20.224
5391,208.016,18.16
5392,210.4,20.208
5393,204.688,18.192
5394,209.024,20.512
5395,213.264,19.072
5396,206.608,20.368
5397,208.192,18.32
5398,207.792,20.24
5399,209.856,18.432
5400,209.04,20.224
5401,206.864,18.416
5402,207.392,20.432
5403,208.352,18.496
5404,211.056,20.448
5405,208.112,18.544
5406,207.12,20.432
5407,211.104,18.656
5408,211.904,27.424
5409,254.992,22.4
5410,258.064,22.048
5411,269.072,22.512
5412,277.168,21.648
5413,251.6,19.728
5414,210.368,20.32
5415,207.28,18.896
5416,212.48,20.48
5417,211.84,18.288
5418,212.768,20.208
5419,207.696,18.288
5420,211.936,20.8
5421,315.456,18.512
5422,529.872,32.288
5423,223.856,34.24
5424,214.288,20.272
5425,207.536,18.256
5426,207.584,20.144
5427,209.568,18.688
5428,208.656,20.416
5429,207.552,18.272
5430,209.008,20.512
5431,215.008,18.064
5432,208.48,20.416
5433,207.984,18.896
5434,208.592,20.688
5435,210.752,18.624
5436,214.224,20.512
5437,206.336,18.64
5438,212.672,19.92
5439,206.272,18.24
5440,215.536,20.208
5441,215.296,18.272
5442,207.2,20.528
5443,206.512,18.896
5444,210.752,20.208
5445,205.6,18.128
5446,207.872,20.384
5447,211.184,18.32
5448,209.44,20.352
5449,208.96,18.512
5450,206.464,20.544
5451,206.864,18.112
5452,206.432,20.496
5453,323.072,18.768
5454,537.808,27.232
5455,628.336,29.104
5456,213.424,20.288
5457,212.992,18.752
5458,219.12,20.224
5459,207.216,18.496
5460,208.112,19.92
5461,206.464,18.496
5462,212.064,19.936
5463,208.576,18.656
5464,208.816,21.072
5465,216.24,18.608
5466,214.352,20.72
5467,219.056,18.48
5468,218.384,20.512
5469,206.656,18.752
5470,208.144,20.656
5471,210.56,18.272
5472,207.552,20.336
5473,210.672,18.448
5474,208.048,20.592
5475,209.472,18.672
5476,208.4,20.608
5477,207.664,18.736
5478,208.096,20.576
5479,210.64,19.136
5480,219.856,20.352
5481,207.008,18.544
5482,212.112,20.528
5483,212.256,18.544
5484,212.464,20.384
5485,450.304,18.4
5486,510.448,21.472
5487,207.68,18.624
5488,206.08,19.648
5489,211.184,18.192
5490,209.728,19.808
5491,206.16,17.952
5492,207.296,19.712
5493,206.352,18.544
5494,207.152,20.224
5495,218.16,18.24
5496,207.824,19.84
5497,210.496,18.496
5498,208.512,19.856
5499,208.784,18.384
5500,207.36,19.712
5501,206.08,18.208
5502,216.048,20.128
5503,209.808,18.288
5504,209.68,20.496
5505,214.208,18.688
5506,209.072,19.968
5507,207.088,18.672
5508,223.664,20.208
5509,206.96,18.8
5510,243.984,21.28
5511,250.384,34.368
5512,274.976,21.552
5513,265.456,21.504
5514,256.72,20.768
5515,211.856,19.36
5516,210.032,20.656
5517,209.424,18.672
5518,213.424,20.24
5519,210.112,18.208
5520,213.712,20.176
5521,213.616,18.448
5522,285.872,27.04
5523,354.272,26.224
5524,413.664,20.848
5525,217.024,19.184
5526,226.48,20.384
5527,208.528,18.416
5528,205.712,19.824
5529,206.816,18.4
5530,208.992,20.08
5531,211.216,18.528
5532,208.992,20.16
5533,206.912,18.88
5534,208.832,20.064
5535,214.08,18.272
5536,210.592,20.208
5537,206.752,18.144
5538,208.048,20.976
5539,216.384,18.432
5540,209.152,20.176
5541,208.208,18.4
5542,207.376,20.496
5543,207.968,18.576
5544,210.32,20.832
5545,208.0,18.608
5546,215.888,20.048
5547,216.416,18.448
5548,212.752,20.8
5549,205.328,18.416
5550,207.728,19.936
5551,214.832,18.816
5552,216.688,20.304
5553,212.384,18.608
5554,207.536,24.352
5555,383.776,25.024
5556,380.976,21.28
5557,359.28,25.376
5558,269.584,23.408
5559,209.392,18.8
5560,209.2,20.192
5561,206.848,18.96
5562,214.544,19.904
5563,210.032,18.48
5564,206.912,19.872
5565,207.344,18.496
5566,206.16,20.176
5567,210.72,18.256
5568,217.52,20.448
5569,212.64,18.56
5570,209.664,20.128
5571,212.048,18.928
5572,212.528,20.992
5573,206.704,18.736
5574,208.512,20.848
5575,212.24,18.976
5576,213.152,20.32
5577,208.384,18.064
5578,216.96,20.192
5579,207.76,18.192
5580,210.848,20.512
5581,210.624,18.64
5582,207.264,20.944
5583,207.376,18.656
5584,220.896,22.896
5585,207.488,18.784
5586,213.472,20.528
5587,206.912,18.144
5588,537.696,25.328
5589,445.44,34.304
5590,212.272,20.336
5591,217.52,18.656
5592,215.024,20.528
5593,215.312,19.104
5594,213.168,20.432
5595,209.648,18.56
5596,208.32,20.784
5597,210.176,18.56
5598,211.392,20.464
5599,209.6,18.464
5600,209.408,20.24
5601,206.992,18.464
5602,209.216,20.464
5603,206.656,19.008
5604,215.792,20.496
5605,206.016,18.08
5606,215.84,20.624
5607,210.48,18.88
5608,216.72,20.64
5609,207.616,18.512
5610,208.592,20.496
5611,207.616,18.608
5612,211.808,25.136
5613,256.048,19.232
5614,246.96,20.208
5615,251.408,19.776
5616,261.168,21.328
5617,229.2,23.776
5618,211.552,20.4
5619,207.104,18.192
5620,211.776,20.656
5621,207.392,18.368
5622,208.432,20.304
5623,206.592,18.384
5624,212.864,24.96
5625,593.04,18.832
5626,450.56,21.92
5627,208.944,20.304
5628,215.024,19.488
5629,208.352,18.224
5630,212.24,20.912
5631,207.088,18.688
5632,208.784,20.016
5633,211.568,18.608
5634,214.784,19.696
5635,211.792,18.32
5636,205.936,19.6
5637,209.569,18.704
5638,207.232,20.192
5639,217.904,18.56
5640,206.528,19.552
5641,207.792,18.336
5642,213.504,19.76
5643,214.864,18.544
5644,209.568,20.944
5645,207.2,18.976
5646,207.296,20.32
5647,207.008,18.208
5648,218.048,21.008
5649,205.584,19.072
5650,209.184,20.768
5651,207.456,18.288
5652,220.064,20.416
5653,206.944,18.512
5654,208.192,22.096
5655,210.352,18.88
5656,206.896,24.448
5657,212.112,18.112
5658,208.176,21.872
5659,504.24,26.496
5660,545.728,28.432
5661,309.472,34.08
5662,212.432,20.032
5663,207.632,18.64
5664,208.112,20.448
5665,207.6,18.8
5666,212.368,20.496
5667,207.712,18.528
5668,208.528,20.4
5669,212.464,18.576
5670,207.952,20.352
5671,206.896,21.12
5672,212.496,19.856
5673,207.152,18.48
5674,213.168,20.8
5675,211.12,19.12
5676,207.904,20.512
5677,204.544,18.64
5678,207.888,20.432
5679,209.936,18.256
5680,208.848,20.576
5681,208.832,18.288
5682,207.408,19.984
5683,207.104,18.352
5684,211.744,20.368
5685,210.928,18.832
5686,207.936,20.656
5687,206.352,18.656
5688,212.752,20.608
5689,205.728,18.352
5690,208.496,20.16
5691,232.16,18.8
5692,409.792,20.176
5693,373.408,35.728
5694,208.576,20.272
5695,210.16,18.544
5696,212.704,20.768
5697,206.384,18.896
5698,209.408,20.544
5699,210.672,18.784
5700,207.936,20.592
5701,208.368,21.888
5702,211.408,20.768
5703,207.92,19.232
5704,216.016,20.64
5705,211.872,18.304
5706,206.64,20.304
5707,207.424,18.224
5708,215.584,20.608
5709,210.8,18.976
5710,208.064,20.096
5711,206.272,18.416
5712,210.8,20.56
5713,209.216,18.16
5714,209.072,19.776
5715,207.28,18.16
5716,228.912,20.656
5717,265.632,23.52
5718,273.152,24.8
5719,253.488,20.176
5720,280.384,20.848
5721,209.552,19.408
5722,217.36,20.512
5723,211.376,18.592
5724,219.984,20.624
5725,206.496,18.48
5726,208.992,20.56
5727,208.304,18.832
5728,213.264,25.184
5729,402.864,31.888
5730,364.784,20.704
5731,250.736,32.88
5732,213.344,20.592
5733,212.32,18.656
5734,211.568,20.8
5735,208.144,18.4
5736,211.904,20.384
5737,208.256,18.32
5738,215.2,20.72
5739,207.376,18.688
5740,212.064,20.368
5741,206.512,18.656
5742,209.52,20.352
5743,211.136,18.288
5744,220.496,20.416
5745,206.704,18.496
5746,207.248,19.904
5747,206.752,17.968
5748,212.896,24.72
5749,207.28,18.032
5750,209.616,20.0
5751,206.832,18.416
5752,216.256,20.512
5753,213.792,18.464
5754,207.136,20.0
5755,206.064,18.272
5756,207.312,20.8
5757,210.832,18.704
5758,209.84,20.288
5759,209.44,18.416
5760,207.12,20.896
5761,210.128,18.32
5762,594.0,22.448
5763,409.056,36.144
5764,326.576,19.632
5765,213.408,22.784
5766,207.36,20.336
5767,209.712,18.352
5768,215.168,20.432
5769,205.296,18.752
5770,217.152,20.0
5771,210.864,18.304
5772,211.408,20.72
5773,206.864,18.16
5774,214.368,20.304
5775,207.04,18.4
5776,220.912,20.192
5777,206.416,18.272
5778,212.672,20.864
5779,211.392,18.656
5780,211.584,20.336
5781,210.256,18.112
5782,211.68,19.84
5783,211.184,18.4
5784,237.856,20.512
5785,207.808,18.512
5786,216.384,19.776
5787,219.888,18.272
5788,208.064,20.592
5789,206.8,21.552
5790,208.848,20.736
5791,206.176,18.832
5792,209.472,20.512
5793,208.832,18.304
5794,222.608,25.664
5795,444.144,26.256
5796,412.352,20.384
5797,215.888,22.56
5798,209.392,20.624
5799,210.944,18.832
5800,211.904,20.72
5801,213.824,18.24
5802,207.248,20.752
5803,206.096,18.064
5804,224.784,20.416
5805,204.912,18.096
5806,211.584,20.208
5807,207.696,18.288
5808,212.192,20.688
5809,212.256,18.32
5810,207.008,20.16
5811,207.84,18.64
5812,211.792,20.48
5813,211.824,21.792
5814,208.96,20.528
5815,211.488,18.592
5816,213.264,20.192
5817,208.96,18.224
5818,212.88,20.864
5819,234.544,25.744
5820,250.528,21.376
5821,270.864,23.776
5822,250.24,26.832
5823,260.704,20.944
5824,217.072,20.32
5825,215.168,20.992
5826,206.432,20.08
5827,207.552,18.256
5828,210.224,20.88
5829,223.36,22.288
5830,207.776,20.224
5831,205.712,18.352
5832,727.184,45.632
5833,240.816,32.848
5834,209.392,20.624
5835,216.416,18.432
5836,209.552,20.32
5837,207.584,18.176
5838,209.312,20.832
5839,216.224,18.448
5840,209.088,20.848
5841,206.624,18.272
5842,208.352,20.304
5843,206.368,18.24
5844,210.064,20.448
5845,207.232,18.192
5846,209.312,20.448
5847,212.4,18.608
5848,213.28,20.912
5849,211.264,18.672
5850,209.6,19.968
5851,206.944,18.224
5852,220.224,20.576
5853,206.64,18.384
5854,207.568,20.48
5855,217.296,18.608
5856,207.648,20.432
5857,211.248,18.784
5858,208.624,20.144
5859,211.408,18.512
5860,210.272,20.416
5861,211.664,18.496
5862,207.872,20.784
5863,222.544,18.576
5864,484.128,23.872
5865,510.8,30.256
5866,357.872,23.296
5867,209.68,18.576
5868,214.128,20.48
5869,207.296,18.592
5870,218.096,20.688
5871,210.048,18.384
5872,226.0,20.528
5873,211.52,18.512
5874,212.272,20.24
5875,210.544,18.272
5876,209.52,20.288
5877,207.536,18.768
5878,209.584,20.352
5879,210.704,18.32
5880,212.848,20.496
5881,208.16,18.208
5882,211.936,20.528
5883,207.296,18.224
5884,209.68,20.336
5885,206.752,18.368
5886,208.928,20.288
5887,207.824,18.592
5888,215.392,21.056
5889,208.528,18.432
5890,209.152,20.256
5891,207.456,18.032
5892,211.52,23.344
5893,205.424,22.608
5894,206.832,20.128
5895,216.576,18.688
5896,484.416,20.768
5897,357.04,38.608
5898,208.56,20.144
5899,210.032,18.208
5900,207.712,20.608
5901,211.888,18.56
5902,219.872,20.384
5903,207.184,18.464
5904,217.072,20.16
5905,207.44,18.576
5906,208.064,20.576
5907,205.728,19.056
5908,209.408,20.368
5909,207.296,18.448
5910,212.016,20.128
5911,207.648,18.816
5912,210.032,20.272
5913,207.104,18.352
5914,207.504,19.92
5915,210.848,18.464
5916,207.088,20.4
5917,210.704,18.688
5918,208.432,20.448
5919,211.056,18.768
5920,223.344,23.952
5921,260.272,23.536
5922,253.088,23.36
5923,260.432,19.44
5924,269.04,20.864
5925,211.776,18.64
5926,209.248,20.624
5927,207.52,18.592
5928,209.856,20.48
5929,212.224,18.416
5930,207.92,19.904
5931,212.032,18.48
5932,208.992,26.72
5933,405.312,26.688
5934,436.336,21.504
5935,239.12,20.608
5936,209.248,20.512
5937,211.776,18.752
5938,206.96,20.4
5939,207.28,18.464
5940,210.32,20.256
5941,205.824,18.464
5942,215.76,19.776
5943,205.904,18.0
5944,209.568,20.704
5945,206.0,18.304
5946,211.376,19.984
5947,205.36,18.704
5948,205.808,22.96
5949,205.968,18.96
5950,215.376,20.368
5951,207.808,18.576
5952,207.344,20.496
5953,210.72,18.416
5954,210.832,20.496
5955,206.528,18.688
5956,208.8,20.768
5957,208.288,18.528
5958,210.496,20.112
5959,205.84,18.976
5960,207.072,19.792
5961,206.576,18.368
5962,209.776,19.984
5963,210.848,18.128
5964,211.92,20.896
5965,380.832,29.552
5966,370.832,23.504
5967,383.264,22.288
5968,320.24,20.064
5969,213.152,18.896
5970,208.16,20.208
5971,208.528,18.144
5972,211.536,20.432
5973,211.168,18.624
5974,208.08,20.144
5975,205.952,18.592
5976,210.944,20.624
5977,205.968,18.208
5978,212.336,19.808
5979,206.656,18.112
5980,208.624,20.752
5981,209.344,18.752
5982,207.456,19.968
5983,206.848,18.256
5984,212.912,20.512
5985,215.408,18.576
5986,216.416,20.32
5987,208.672,18.96
5988,210.656,19.984
5989,210.56,18.976
5990,208.848,20.576
5991,206.368,18.512
5992,207.168,19.488
5993,210.32,18.528
5994,209.936,19.552
5995,210.992,18.256
5996,210.88,19.808
5997,205.264,18.336
5998,388.448,33.728
5999,446.864,33.2
6000,213.104,21.92
6001,204.416,18.272
6002,206.048,19.552
6003,209.52,18.048
6004,206.72,20.016
6005,213.744,18.368
6006,207.392,20.416
6007,205.168,18.4
6008,212.208,20.272
6009,207.792,18.352
6010,206.08,19.568
6011,206.256,18.208
6012,205.664,20.256
6013,206.928,18.08
6014,214.0,20.688
6015,209.92,18.56
6016,211.104,20.464
6017,205.552,18.848
6018,215.312,20.608
6019,207.312,18.288
6020,207.488,20.896
6021,213.408,18.4
6022,210.784,22.496
6023,244.96,19.856
6024,256.784,21.056
6025,269.024,27.472
6026,259.12,19.968
6027,253.904,20.48
6028,210.256,20.032
6029,210.368,18.288
6030,214.048,20.432
6031,207.12,18.24
6032,207.36,20.048
6033,206.832,18.368
6034,214.544,20.416
6035,227.808,18.464
6036,600.912,26.288
6037,290.288,33.776
6038,208.512,20.496
6039,207.44,18.96
6040,209.488,21.168
6041,238.433,18.976
6042,208.608,20.8
6043,208.576,18.512
6044,208.736,20.448
6045,212.448,18.688
6046,209.84,21.056
6047,208.256,18.672
6048,213.776,20.64
6049,212.448,18.992
6050,213.216,20.672
6051,209.36,18.896
6052,208.4,20.128
6053,212.496,18.4
6054,217.392,20.544
6055,207.728,18.336
6056,209.072,20.32
6057,209.488,18.496
6058,220.944,20.8
6059,212.752,18.576
6060,208.928,20.816
6061,211.744,18.64
6062,212.272,20.64
6063,211.76,18.768
6064,209.136,20.448
6065,213.936,18.384
6066,213.68,20.496
6067,239.936,21.632
6068,468.176,24.064
6069,615.632,27.904
6070,252.768,20.336
6071,208.128,18.608
6072,213.552,20.272
6073,218.896,18.336
6074,217.232,20.368
6075,207.248,18.416
6076,214.624,20.464
6077,212.16,18.64
6078,212.48,20.256
6079,207.568,18.72
6080,213.92,20.352
6081,209.904,18.416
6082,206.64,20.144
6083,210.128,19.168
6084,208.048,20.368
6085,209.504,18.528
6086,207.296,19.904
6087,210.016,18.544
6088,208.848,19.76
6089,209.264,18.384
6090,207.216,19.904
6091,206.384,18.672
6092,217.408,20.064
6093,208.224,18.208
6094,211.936,20.8
6095,212.544,18.848
6096,207.936,20.08
6097,208.464,18.608
6098,211.648,20.8
6099,210.928,18.688
6100,460.72,22.704
6101,423.072,35.744
6102,212.56,20.656
6103,220.672,18.576
6104,208.624,20.592
6105,210.176,21.056
6106,206.784,19.904
6107,210.128,18.32
6108,207.536,20.736
6109,218.096,19.248
6110,207.168,20.464
6111,206.704,18.688
6112,208.368,20.768
6113,209.6,18.544
6114,211.28,20.112
6115,207.168,18.672
6116,209.312,20.304
6117,206.144,18.816
6118,214.896,20.912
6119,210.864,18.624
6120,212.352,20.304
6121,206.896,18.288
6122,219.824,20.544
6123,207.712,18.512
6124,231.36,20.72
6125,249.968,23.232
6126,267.088,22.56
6127,266.752,26.112
6128,244.656,20.512
6129,212.704,19.408
6130,211.952,20.272
6131,207.056,18.512
6132,208.848,20.144
6133,206.496,18.736
6134,215.552,20.176
6135,206.416,17.984
6136,228.448,22.448
6137,386.64,25.92
6138,423.744,20.784
6139,209.888,19.216
6140,207.024,19.952
6141,212.384,18.384
6142,209.744,20.368
6143,206.336,18.16
6144,206.544,20.8
6145,212.784,19.152
6146,208.448,21.088
6147,207.632,18.768
6148,208.064,20.72
6149,208.976,18.432
6150,210.816,21.04
6151,206.224,18.304
6152,204.448,19.952
6153,206.544,18.496
6154,214.08,20.48
6155,207.568,18.432
6156,208.336,20.304
6157,210.4,18.432
6158,210.144,20.592
6159,207.424,18.448
6160,211.776,19.888
6161,205.872,18.464
6162,215.168,21.024
6163,208.864,18.928
6164,213.136,20.48
6165,208.224,18.736
6166,206.736,20.496
6167,210.512,18.912
6168,300.208,22.512
6169,338.8,24.72
6170,390.0,23.056
6171,374.08,21.248
6172,215.456,20.848
6173,210.56,18.544
6174,207.44,20.784
6175,206.784,18.608
6176,208.56,20.816
6177,206.336,18.704
6178,210.224,20.512
6179,216.144,18.8
6180,206.848,20.384
6181,210.848,18.288
6182,210.896,20.656
6183,206.208,18.656
6184,208.544,19.952
6185,207.616,18.656
6186,213.952,20.56
6187,206.288,18.432
6188,212.16,20.608
6189,206.8,18.688
6190,212.032,20.496
6191,209.568,18.304
6192,212.56,20.416
6193,206.624,18.832
6194,207.328,20.4
6195,211.12,18.304
6196,207.664,20.768
6197,211.52,18.784
6198,208.928,20.512
6199,213.904,18.64
6200,208.176,20.608
6201,218.784,18.752
6202,387.296,25.168
6203,392.88,27.872
6204,205.984,20.368
6205,209.76,18.624
6206,209.28,23.2
6207,205.904,18.32
6208,209.84,20.304
6209,204.48,18.336
6210,209.504,20.192
6211,206.976,23.184
6212,205.552,20.976
6213,205.216,18.08
6214,206.848,20.272
6215,206.432,18.976
6216,206.0,19.984
6217,213.472,18.496
6218,205.168,20.208
6219,208.528,17.984
6220,207.696,20.448
6221,209.584,18.608
6222,206.32,21.088
6223,204.608,18.976
6224,208.784,21.12
6225,207.488,18.656
6226,230.992,22.256
6227,220.592,19.616
6228,227.6,21.968
6229,220.256,19.184
6230,211.92,20.736
6231,204.496,18.64
6232,208.656,25.648
6233,205.728,19.168
6234,204.8,20.576
6235,212.352,18.224
6236,206.96,20.96
6237,215.936,19.52
6238,207.68,21.296
6239,211.632,19.088
6240,206.384,20.336
6241,221.344,18.384
6242,206.592,20.112
6243,214.528,18.576
6244,210.928,20.72
6245,213.248,18.784
6246,211.392,21.104
6247,209.568,18.144
6248,206.976,20.784
6249,210.752,18.48
6250,209.648,20.96
6251,204.992,18.352
6252,211.824,21.008
6253,206.448,18.592
6254,220.368,21.008
6255,210.8,18.496
6256,212.272,20.576
6257,206.32,18.944
6258,213.472,24.496
6259,257.632,20.4
6260,225.6,25.392
6261,435.344,40.432
6262,303.6,24.944
6263,352.256,20.912
6264,438.144,29.04
6265,271.072,22.064
6266,207.68,20.144
6267,210.8,18.304
6268,209.168,20.368
6269,205.696,18.416
6270,207.936,20.688
6271,209.552,18.512
6272,223.008,20.672
6273,209.04,18.128
6274,216.656,20.704
6275,207.472,22.64
6276,205.072,24.08
6277,213.184,18.224
6278,207.488,20.832
6279,205.52,18.848
6280,209.648,20.16
6281,213.392,18.464
6282,207.2,20.512
6283,206.432,18.4
6284,207.36,20.672
6285,214.304,18.848
6286,208.736,21.056
6287,215.264,18.16
6288,208.064,20.56
6289,210.848,18.88
6290,209.472,20.992
6291,212.464,18.672
6292,270.64,20.48
6293,260.576,22.016
6294,250.224,22.08
6295,272.96,25.856
6296,259.904,21.04
6297,215.216,19.44
6298,210.32,20.272
6299,211.568,18.896
6300,220.864,21.104
6301,243.36,19.264
6302,211.68,21.008
6303,211.776,18.832
6304,514.368,36.48
6305,442.592,35.68
6306,218.528,20.784
6307,214.256,18.896
6308,211.856,20.96
6309,212.56,18.976
6310,213.424,21.392
6311,213.568,18.784
6312,212.448,21.328
6313,211.488,19.04
6314,212.64,20.768
6315,211.936,19.008
6316,220.528,20.912
6317,211.232,18.928
6318,215.984,20.496
6319,211.392,18.848
6320,214.992,20.752
6321,211.36,18.96
6322,213.12,20.304
6323,216.544,18.736
6324,219.824,20.944
6325,214.928,18.864
6326,213.504,20.64
6327,219.76,18.784
6328,214.048,20.096
6329,212.624,23.424
6330,212.704,20.336
6331,213.344,18.96
6332,213.168,21.344
6333,216.032,19.168
6334,376.624,27.664
6335,385.424,27.952
6336,395.632,25.392
6337,350.864,28.08
6338,220.656,21.776
6339,217.056,23.2
6340,215.216,20.864
6341,213.472,18.896
6342,216.704,20.96
6343,219.088,19.104
6344,212.72,20.864
6345,215.664,19.248
6346,213.424,20.816
6347,215.024,18.544
6348,212.4,20.976
6349,212.192,18.768
6350,217.456,21.024
6351,212.448,19.248
6352,216.816,20.752
6353,212.064,18.688
6354,216.352,20.608
6355,215.232,18.608
6356,215.184,21.104
6357,212.912,19.04
6358,214.048,21.344
6359,212.832,19.184
6360,216.624,21.024
6361,212.576,19.136
6362,212.992,20.896
6363,213.152,19.2
6364,219.088,21.232
6365,217.216,19.36
6366,219.6,21.568
6367,213.872,18.736
6368,223.552,23.2
6369,419.152,25.264
6370,473.264,21.008
6371,214.32,19.104
6372,213.632,20.512
6373,213.216,18.928
6374,213.424,21.424
6375,219.104,19.152
6376,211.168,20.688
6377,210.336,18.912
6378,217.632,20.96
6379,213.632,18.8
6380,214.4,21.232
6381,215.456,19.168
6382,213.184,21.168
6383,217.68,19.056
6384,219.936,21.072
6385,221.392,19.136
6386,213.68,20.848
6387,216.496,18.976
6388,215.312,21.088
6389,214.304,19.408
6390,214.128,21.504
6391,212.048,18.896
6392,237.472,21.968
6393,258.144,31.456
6394,238.896,20.88
6395,251.664,19.728
6396,268.8,22.864
6397,227.344,23.504
6398,217.344,20.992
6399,218.576,18.992
6400,213.632,21.296
6401,212.128,19.136
6402,218.096,21.344
6403,217.184,23.344
6404,217.168,24.416
6405,358.752,26.336
6406,484.096,21.504
6407,252.16,22.496
6408,217.408,20.848
6409,211.456,19.392
6410,220.736,21.024
6411,214.08,18.88
6412,215.312,20.816
6413,217.968,19.104
6414,218.736,21.104
6415,212.08,19.008
6416,213.152,20.784
6417,213.232,18.992
6418,226.528,21.04
6419,221.248,19.056
6420,213.696,20.976
6421,213.872,19.104
6422,218.384,23.312
6423,212.592,19.536
6424,211.584,20.752
6425,215.712,19.056
6426,213.248,20.88
6427,220.16,19.232
6428,211.648,21.104
6429,212.0,19.088
6430,213.36,20.8
6431,215.904,18.896
6432,215.536,21.248
6433,216.576,18.928
6434,212.336,20.816
6435,217.92,19.424
6436,216.816,20.896
6437,214.48,19.168
6438,417.76,21.04
6439,397.056,21.888
6440,394.48,25.216
6441,224.0,27.056
6442,213.552,21.232
6443,216.064,19.056
6444,214.464,20.96
6445,212.592,19.248
6446,219.6,21.2
6447,217.824,19.264
6448,216.144,20.96
6449,211.952,18.816
6450,215.888,21.072
6451,224.48,19.136
6452,220.88,21.04
6453,216.72,19.056
6454,219.6,21.248
6455,213.648,19.024
6456,213.968,20.688
6457,213.376,19.264
6458,223.6,23.792
6459,212.192,19.408
6460,212.304,20.64
6461,212.896,19.04
6462,217.68,20.992
6463,213.792,19.216
6464,224.4,21.072
6465,212.576,19.024
6466,214.8,21.904
6467,217.84,24.368
6468,213.68,21.024
6469,216.48,19.264
6470,217.872,23.472
6471,392.56,26.56
6472,431.968,21.168
6473,227.232,19.584
6474,214.528,20.784
6475,213.264,18.896
6476,223.408,21.04
6477,216.208,19.056
6478,218.288,21.776
6479,213.744,20.032
6480,217.296,20.8
6481,212.368,18.944
6482,219.248,20.656
6483,215.008,18.672
6484,215.84,20.736
6485,212.144,19.36
6486,223.184,21.04
6487,213.248,19.008
6488,213.456,21.472
6489,216.32,19.2
6490,222.048,21.712
6491,212.96,18.992
6492,217.904,21.008
6493,213.776,19.376
6494,217.92,21.968
6495,249.408,20.864
6496,258.353,22.784
6497,254.784,24.64
6498,253.584,20.624
6499,234.288,23.744
6500,216.096,20.816
6501,213.296,18.976
6502,216.16,20.96
6503,212.912,18.72
6504,214.128,21.04
6505,213.264,18.896
6506,219.808,21.024
6507,212.64,18.768
6508,383.12,20.608
6509,464.48,27.92
6510,270.32,21.456
6511,212.848,19.44
6512,213.184,20.784
6513,219.696,19.216
6514,212.688,20.864
6515,213.68,18.768
6516,226.496,20.896
6517,216.368,18.656
6518,218.384,21.008
6519,218.384,18.8
6520,213.968,21.376
6521,213.952,18.976
6522,211.664,21.2
6523,212.528,19.28
6524,219.36,20.816
6525,216.688,19.088
6526,215.44,21.344
6527,212.768,19.232
6528,212.656,21.152
6529,210.832,19.008
6530,218.704,21.616
6531,213.264,18.864
6532,213.6,20.752
6533,213.248,19.2
6534,216.88,21.632
6535,211.536,19.2
6536,214.608,21.088
6537,213.184,19.104
6538,216.736,20.752
6539,301.552,19.104
6540,379.088,26.096
6541,366.96,26.624
6542,400.208,21.728
6543,219.536,19.728
6544,219.664,20.56
6545,214.848,18.656
6546,213.888,21.504
6547,212.512,19.488
6548,218.016,21.328
6549,213.712,18.944
6550,214.176,20.976
6551,213.088,19.216
6552,211.728,20.88
6553,222.576,18.88
6554,218.928,20.912
6555,212.784,18.816
6556,214.384,21.008
6557,214.32,19.376
6558,220.976,21.44
6559,216.032,19.264
6560,214.992,20.896
6561,214.304,18.832
6562,213.936,21.088
6563,214.032,19.12
6564,213.952,20.688
6565,217.664,19.072
6566,218.352,21.168
6567,213.456,19.232
6568,213.44,20.528
6569,213.856,19.424
6570,217.216,21.088
6571,212.896,19.264
6572,212.0,23.872
6573,417.168,27.36
6574,354.368,20.896
6575,215.776,19.616
6576,218.4,20.912
6577,211.904,22.848
6578,211.872,20.56
6579,212.256,19.44
6580,212.496,21.168
6581,220.624,18.992
6582,215.6,20.624
6583,212.096,18.704
6584,213.792,20.512
6585,218.576,18.688
6586,213.168,20.608
6587,214.688,19.088
6588,216.048,20.896
6589,217.744,19.104
6590,218.064,21.12
6591,212.528,19.12
6592,216.848,20.864
6593,217.824,19.232
6594,216.288,21.12
6595,213.824,19.36
6596,213.552,20.816
6597,212.368,18.512
6598,216.608,21.664
6599,215.44,19.056
6600,213.952,21.344
6601,260.56,23.328
6602,246.176,20.88
6603,236.64,23.36
6604,253.504,21.168
6605,255.408,21.904
6606,217.04,21.408
6607,212.528,19.28
6608,212.416,20.928
6609,214.16,19.12
6610,215.648,20.304
6611,213.344,18.736
6612,214.992,20.896
6613,227.696,18.8
6614,409.984,30.736
6615,408.224,26.992
6616,234.0,21.152
6617,216.56,18.944
6618,218.8,20.624
6619,213.824,19.472
6620,223.008,21.024
6621,211.456,22.096
6622,218.88,20.848
6623,222.448,19.152
6624,214.448,20.64
6625,215.68,18.784
6626,212.928,20.352
6627,213.616,18.992
6628,213.568,20.896
6629,219.408,19.392
6630,218.32,20.992
6631,218.608,19.28
6632,215.12,20.32
6633,216.944,19.152
6634,214.32,20.288
6635,222.064,19.28
6636,213.712,20.48
6637,220.928,19.12
6638,215.584,21.328
6639,210.624,18.992
6640,218.416,20.352
6641,215.472,18.624
6642,216.544,20.976
6643,211.888,18.704
6644,217.104,21.152
6645,375.856,27.008
6646,381.056,25.744
6647,389.984,28.848
6648,374.784,21.536
6649,214.608,19.2
6650,212.768,20.736
6651,221.184,19.12
6652,215.152,20.736
6653,213.904,18.896
6654,214.752,21.104
6655,211.68,19.568
6656,220.064,21.152
6657,211.648,19.408
6658,215.568,21.792
6659,213.68,19.504
6660,225.008,20.896
6661,213.296,19.696
6662,214.48,20.992
6663,211.952,19.072
6664,217.024,21.216
6665,211.968,19.168
6666,215.376,20.64
6667,213.12,18.928
6668,214.208,25.152
6669,211.248,19.088
6670,219.392,20.752
6671,216.704,19.2
6672,218.048,21.296
6673,216.896,19.152
6674,219.888,21.648
6675,212.976,19.472
6676,218.736,21.152
6677,217.296,19.264
6678,356.48,20.864
6679,341.04,26.192
6680,320.848,21.2
6681,213.488,19.088
6682,214.624,20.912
6683,213.728,19.36
6684,221.024,21.104
6685,213.776,19.36
6686,215.424,21.296
6687,217.936,19.776
6688,217.824,20.992
6689,216.672,19.216
6690,213.584,20.384
6691,217.456,19.056
6692,220.64,21.168
6693,212.112,18.944
6694,211.696,20.832
6695,209.664,18.832
6696,211.472,23.968
6697,214.0,18.656
6698,216.512,20.688
6699,218.336,19.072
6700,214.4,20.8
6701,218.288,19.12
6702,224.08,20.496
6703,260.288,21.872
6704,261.056,24.208
6705,243.808,20.16
6706,240.832,20.608
6707,256.032,23.632
6708,241.424,20.896
6709,213.344,18.832
6710,216.464,20.384
6711,213.584,19.552
6712,220.896,20.752
6713,214.096,18.864
6714,213.104,20.448
6715,211.888,19.328
6716,378.48,25.424
6717,462.384,27.328
6718,264.368,20.608
6719,222.08,19.424
6720,214.896,20.56
6721,218.144,23.264
6722,214.672,20.384
6723,216.144,18.832
6724,215.408,21.232
6725,214.688,19.168
6726,213.392,20.928
6727,217.136,19.152
6728,217.552,21.056
6729,212.928,19.072
6730,214.16,21.152
6731,211.648,19.216
6732,214.24,20.752
6733,213.28,19.392
6734,214.432,20.592
6735,218.0,19.776
6736,222.896,20.896
6737,214.912,18.992
6738,214.432,20.512
6739,220.24,18.816
6740,216.272,20.192
6741,211.152,18.544
6742,212.784,20.448
6743,211.2,19.024
6744,216.8,21.12
6745,212.064,19.184
6746,215.104,21.168
6747,210.96,19.184
6748,396.608,25.824
6749,372.688,28.032
6750,385.728,23.248
6751,291.744,27.12
6752,215.936,20.56
6753,213.296,18.976
6754,213.264,20.56
6755,212.944,24.72
6756,213.808,20.4
6757,212.848,18.8
6758,213.296,20.56
6759,222.8,19.296
6760,211.712,20.96
6761,214.848,19.248
6762,214.752,21.344
6763,214.432,19.2
6764,214.896,21.088
6765,213.392,19.2
6766,212.88,21.104
6767,219.568,19.328
6768,217.936,20.416
6769,212.624,19.12
6770,214.352,20.736
6771,213.776,18.896
6772,219.6,20.624
6773,213.584,19.264
6774,214.128,21.088
6775,217.568,18.88
6776,228.512,21.36
6777,212.0,19.104
6778,216.72,20.8
6779,216.528,19.072
6780,221.328,20.912
6781,401.28,32.448
6782,418.016,26.864
6783,220.864,29.664
6784,217.888,20.848
6785,214.576,22.608
6786,221.664,20.784
6787,215.056,22.688
6788,215.472,20.848
6789,212.928,19.056
6790,212.64,20.576
6791,215.952,19.568
6792,213.504,20.496
6793,213.28,19.2
6794,214.048,21.2
6795,227.952,19.12
6796,213.344,20.24
6797,212.608,18.8
6798,217.776,20.624
6799,215.616,19.152
6800,221.328,21.328
6801,218.416,19.04
6802,214.736,20.896
6803,215.76,19.12
6804,215.776,21.104
6805,214.672,19.024
6806,246.336,21.36
6807,246.496,21.008
6808,244.864,21.904
6809,248.512,20.16
6810,270.928,21.024
6811,219.664,20.032
6812,215.168,21.44
6813,218.528,19.696
6814,219.808,20.88
6815,217.12,19.456
6816,225.84,21.344
6817,212.32,19.168
6818,214.24,21.248
6819,388.352,26.816
6820,451.664,21.008
6821,231.888,19.28
6822,218.096,21.6
6823,211.888,19.2
6824,222.992,20.8
6825,214.688,19.104
6826,228.288,21.088
6827,216.64,18.784
6828,213.632,20.976
6829,217.552,19.2
6830,232.352,20.848
6831,213.712,19.184
6832,221.344,20.848
6833,212.8,19.12
6834,214.336,24.88
6835,213.92,19.68
6836,214.672,20.272
6837,212.656,18.992
6838,214.096,20.096
6839,213.376,19.184
6840,215.312,20.24
6841,212.88,19.28
6842,217.984,20.544
6843,213.536,19.248
6844,214.608,20.352
6845,221.84,18.768
6846,214.448,21.28
6847,213.984,19.296
6848,218.752,20.704
6849,213.376,22.208
6850,212.4,20.336
6851,214.448,19.344
6852,218.304,27.968
6853,349.28,26.72
6854,392.4,24.304
6855,415.648,24.24
6856,321.696,21.216
6857,226.336,19.408
6858,214.144,20.4
6859,212.576,18.576
6860,212.096,20.912
6861,215.728,18.864
6862,222.064,21.12
6863,212.272,19.664
6864,214.656,20.896
6865,213.504,19.28
6866,216.24,20.784
6867,217.648,18.832
6868,218.304,20.544
6869,214.096,19.296
6870,221.504,20.656
6871,212.784,19.264
6872,214.72,20.528
6873,212.064,18.96
6874,220.032,20.768
6875,217.888,19.168
6876,214.896,20.576
6877,213.344,19.408
6878,221.984,21.136
6879,212.272,19.024
6880,213.568,20.16
6881,213.44,18.624
6882,214.72,20.624
6883,216.544,19.52
6884,214.176,20.384
6885,212.0,19.168
6886,372.64,21.568
6887,368.48,26.208
6888,286.864,20.384
6889,219.12,19.408
6890,214.064,20.4
6891,213.824,19.04
6892,214.096,20.352
6893,211.633,19.168
6894,217.632,20.416
6895,212.4,18.832
6896,214.608,20.336
6897,213.024,18.896
6898,215.664,20.496
6899,215.04,18.816
6900,216.4,20.704
6901,214.08,18.944
6902,221.36,21.024
6903,217.584,19.04
6904,219.28,20.88
6905,212.576,19.008
6906,215.472,22.848
6907,212.112,18.736
6908,216.928,20.4
6909,214.336,18.608
6910,216.064,21.104
6911,259.648,25.728
6912,265.68,21.248
6913,243.712,24.928
6914,263.312,21.104
6915,261.168,21.072
6916,215.2,20.576
6917,212.864,18.928
6918,226.208,20.4
6919,210.944,19.024
6920,212.608,20.176
6921,213.584,18.992
6922,211.968,22.592
6923,211.488,19.248
6924,411.392,23.968
6925,456.976,26.64
6926,292.368,20.96
6927,214.704,19.744
6928,218.784,20.944
6929,224.784,19.024
6930,214.704,21.008
6931,212.112,19.184
6932,214.896,21.04
6933,220.864,18.944
6934,214.432,21.168
6935,213.52,19.136
6936,214.672,20.992
6937,214.416,19.024
6938,214.208,20.24
6939,213.184,19.04
6940,213.264,20.608
6941,217.008,19.392
6942,213.696,20.256
6943,218.672,19.104
6944,212.176,20.64
6945,212.544,19.12
6946,218.912,20.368
6947,212.96,18.848
6948,213.36,20.096
6949,213.376,18.88
6950,217.312,20.512
6951,211.904,19.168
6952,213.632,20.56
6953,222.544,19.136
6954,216.144,20.784
6955,213.024,18.896
6956,369.136,24.176
6957,398.224,28.592
6958,416.576,24.64
6959,238.112,25.408
6960,221.36,21.056
6961,212.336,19.088
6962,219.664,20.72
6963,214.192,18.784
6964,217.904,21.232
6965,217.088,18.8
6966,215.104,20.48
6967,216.912,19.184
6968,210.416,20.512
6969,212.608,19.12
6970,222.112,20.848
6971,210.368,19.136
6972,212.896,20.416
6973,220.752,19.04
6974,223.52,20.688
6975,212.88,19.2
6976,217.536,21.2
6977,216.0,18.928
6978,218.272,20.208
6979,212.784,19.568
6980,214.144,20.8
6981,217.056,19.04
6982,214.88,20.992
6983,212.432,18.992
6984,214.144,20.688
6985,217.472,18.88
6986,217.76,20.672
6987,217.984,19.024
6988,214.096,31.36
6989,422.464,25.712
6990,389.984,23.6
6991,228.848,20.304
6992,218.576,21.28
6993,214.864,19.104
6994,218.832,20.704
6995,213.696,18.784
6996,213.44,24.768
6997,214.288,19.216
6998,212.928,20.976
6999,213.632,19.072
7000,217.344,21.472
7001,216.592,19.536
7002,218.64,21.088
7003,213.52,19.104
7004,218.128,20.8
7005,215.664,19.152
7006,222.432,20.88
7007,211.328,19.264
7008,225.248,21.072
7009,216.88,19.12
7010,213.984,20.608
7011,212.848,19.28
7012,222.448,21.088
7013,215.856,19.232
7014,247.744,21.744
7015,234.176,19.424
7016,249.328,21.168
7017,250.496,19.76
7018,254.176,25.184
7019,215.264,19.68
7020,212.992,20.88
7021,216.208,18.704
7022,214.448,20.832
7023,213.184,19.2
7024,213.44,20.144
7025,216.16,19.312
7026,212.896,25.296
7027,391.12,27.392
7028,455.232,21.616
7029,290.224,22.08
7030,218.016,20.608
7031,213.968,18.704
7032,221.952,20.64
7033,213.04,18.72
7034,211.84,20.4
7035,216.656,19.136
7036,221.072,20.592
7037,213.92,18.992
7038,214.352,20.672
7039,212.96,19.12
7040,218.0,21.904
7041,218.592,19.44
7042,213.632,20.96
7043,215.36,19.36
7044,222.624,21.024
7045,211.968,18.96
7046,214.048,20.192
7047,217.904,18.96
7048,218.848,20.4
7049,214.544,18.72
7050,212.672,20.464
7051,215.008,18.992
7052,213.28,20.864
7053,219.232,19.36
7054,213.2,20.816
7055,211.728,19.04
7056,213.104,20.224
7057,226.4,19.12
7058,214.24,27.264
7059,354.432,26.8
7060,777.456,32.608
7061,298.96,24.656
7062,245.792,21.28
7063,214.608,19.488
7064,212.704,20.48
7065,214.656,19.2
7066,223.248,21.408
7067,214.64,19.44
7068,213.632,21.024
7069,216.384,19.36
7070,213.616,24.656
7071,217.504,19.296
7072,214.032,20.576
7073,216.912,18.56
7074,218.08,20.912
7075,215.92,18.88
7076,213.968,20.896
7077,213.2,19.136
7078,214.64,20.912
7079,218.176,18.832
7080,219.552,21.248
7081,214.384,18.752
7082,213.936,20.944
7083,220.608,19.2
7084,214.784,20.88
7085,213.008,18.832
7086,218.688,20.864
7087,216.496,18.992
7088,214.784,21.6
7089,218.32,19.184
7090,212.976,22.032
7091,378.064,25.536
7092,358.112,22.56
7093,265.088,37.52
7094,218.112,21.248
7095,213.296,19.184
7096,217.152,20.992
7097,213.424,19.456
7098,218.576,23.792
7099,212.208,19.328
7100,218.832,20.368
7101,213.888,19.424
7102,217.44,20.48
7103,216.08,19.12
7104,213.648,20.528
7105,217.936,18.656
7106,213.664,20.464
7107,218.784,19.168
7108,217.424,20.048
7109,215.792,18.816
7110,214.096,20.624
7111,217.584,19.536
7112,214.208,20.272
7113,213.296,18.912
7114,214.32,20.448
7115,217.584,19.008
7116,263.872,30.416
7117,258.912,27.792
7118,263.648,22.848
7119,256.8,26.08
7120,253.616,21.216
7121,220.96,19.2
7122,214.704,21.344
7123,217.76,19.184
7124,213.952,20.896
7125,212.864,18.88
7126,217.12,21.024
7127,218.496,19.136
7128,215.376,25.888
7129,415.696,25.216
7130,533.088,21.76
7131,218.128,21.632
7132,215.024,21.472
7133,219.104,19.312
7134,215.52,21.232
7135,213.952,18.768
7136,217.44,20.688
7137,216.528,19.2
7138,212.8,20.848
7139,214.032,19.216
7140,218.608,20.624
7141,213.808,19.2
7142,217.184,21.344
7143,212.944,19.392
7144,216.784,20.736
7145,221.888,19.408
7146,216.512,20.144
7147,219.024,18.896
7148,217.888,20.176
7149,213.248,19.024
7150,217.824,20.656
7151,222.4,18.992
7152,216.768,20.464
7153,214.08,18.896
7154,225.056,20.464
7155,214.752,18.608
7156,218.384,20.576
7157,212.272,19.008
7158,214.56,21.312
7159,225.376,21.888
7160,297.856,28.688
7161,372.656,25.888
7162,405.76,26.176
7163,403.776,26.624
7164,224.784,20.88
7165,215.488,19.12
7166,216.72,21.312
7167,220.624,19.28
7168,226.224,21.44
7169,214.048,19.072
7170,221.872,20.784
7171,215.952,19.488
7172,212.512,20.672
7173,213.648,22.672
7174,213.024,20.432
7175,211.312,19.216
7176,219.168,20.688
7177,225.376,19.36
7178,212.496,20.224
7179,222.112,18.96
7180,213.84,20.4
7181,224.24,19.152
7182,215.008,21.376
7183,212.8,19.024
7184,213.856,21.008
7185,217.2,19.024
7186,214.128,21.248
7187,217.344,19.248
7188,214.64,21.424
7189,220.32,19.408
7190,214.848,20.992
7191,213.328,19.616
7192,217.264,20.656
7193,265.328,18.88
7194,399.584,21.872
7195,363.168,26.592
7196,218.976,21.04
7197,212.736,19.12
7198,218.512,21.44
7199,212.176,19.344
7200,215.968,26.304
7201,211.264,19.328
7202,214.432,20.8
7203,217.936,19.504
7204,216.0,20.944
7205,216.864,19.072
7206,215.264,20.88
7207,212.768,18.928
7208,219.296,20.864
7209,220.928,19.12
7210,215.6,21.104
7211,216.896,19.056
7212,211.488,20.928
7213,218.384,18.72
7214,213.968,21.04
7215,218.768,18.896
7216,215.536,21.408
7217,217.552,19.712
7218,219.2,21.28
7219,265.92,25.44
7220,237.312,21.456
7221,242.336,23.36
7222,255.696,22.08
7223,266.56,21.52
7224,216.08,20.992
7225,216.272,19.296
7226,213.488,21.216
7227,212.24,19.728
7228,213.728,20.32
7229,217.328,19.616
7230,213.792,21.072
7231,232.224,22.368
7232,380.272,21.584
7233,366.72,31.792
7234,254.208,21.168
7235,212.832,19.664
7236,222.32,20.72
7237,211.76,18.976
7238,222.512,21.072
7239,211.632,19.104
7240,219.152,20.656
7241,217.2,19.072
7242,212.768,20.528
7243,213.152,18.896
7244,214.72,20.736
7245,213.728,30.544
7246,218.256,20.704
7247,213.12,19.312
7248,214.576,21.008
7249,224.096,19.056
7250,214.448,20.944
7251,213.264,18.944
7252,221.36,21.616
7253,216.576,19.024
7254,218.256,20.784
7255,214.192,19.376
7256,214.64,21.344
7257,215.68,19.2
7258,214.368,21.456
7259,217.824,18.992
7260,213.776,21.264
7261,220.88,19.296
7262,213.872,21.088
7263,216.88,19.104
7264,373.312,22.832
7265,403.456,22.88
7266,353.504,21.296
7267,311.6,29.392
7268,217.28,20.832
7269,214.4,19.424
7270,214.816,21.152
7271,212.864,19.088
7272,220.064,21.264
7273,213.824,19.488
7274,216.256,21.008
7275,212.944,19.088
7276,216.272,20.608
7277,213.216,19.344
7278,214.96,21.008
7279,212.736,19.424
7280,220.176,20.272
7281,212.8,19.056
7282,218.0,20.496
7283,212.592,18.88
7284,220.624,20.944
7285,213.072,19.328
7286,215.392,21.312
7287,212.88,19.04
7288,220.352,24.768
7289,212.336,19.152
7290,213.568,20.4
7291,218.272,19.232
7292,213.36,21.008
7293,215.168,19.312
7294,214.208,21.088
7295,214.128,23.776
7296,214.032,22.128
7297,484.784,24.848
7298,395.056,20.688
7299,226.304,19.664
7300,217.456,20.608
7301,212.912,19.12
7302,213.072,21.216
7303,215.76,18.992
7304,217.344,21.152
7305,218.832,19.856
7306,213.584,20.976
7307,220.144,19.216
7308,216.288,21.28
7309,215.872,18.88
7310,219.472,21.04
7311,213.168,19.184
7312,248.608,21.152
7313,215.008,18.88
7314,214.128,20.656
7315,214.832,18.976
7316,222.4,20.816
7317,218.129,19.44
7318,215.248,20.192
7319,213.28,19.2
7320,216.768,20.304
7321,216.56,19.248
7322,247.168,26.88
7323,237.44,26.048
7324,255.776,22.704
7325,261.44,24.592
7326,261.088,21.424
7327,214.864,19.696
7328,220.864,21.296
7329,213.152,19.12
7330,216.544,20.048
7331,212.784,18.88
7332,217.408,20.528
7333,213.136,18.656
7334,214.064,22.88
7335,372.352,26.832
7336,524.192,21.568
7337,215.264,19.856
7338,212.4,20.448
7339,211.488,21.168
7340,217.776,20.464
7341,212.4,19.728
7342,213.856,20.72
7343,229.136,19.504
7344,216.208,21.472
7345,213.488,19.184
7346,223.552,20.912
7347,220.528,19.088
7348,213.456,20.896
7349,221.056,19.04
7350,214.496,21.072
7351,216.704,19.088
7352,212.608,20.72
7353,216.688,19.136
7354,213.072,20.656
7355,219.136,18.928
7356,214.624,20.64
7357,212.896,19.104
7358,214.208,20.688
7359,213.264,22.912
7360,217.12,20.608
7361,212.784,19.488
7362,212.912,20.176
7363,212.608,19.248
7364,217.856,20.96
7365,212.672,18.88
7366,257.36,24.688
7367,353.184,29.392
7368,370.128,21.376
7369,360.848,27.6
7370,257.184,21.088
7371,215.2,19.056
7372,214.048,21.2
7373,221.648,19.296
7374,220.24,21.232
7375,213.536,19.44
7376,222.416,20.592
7377,212.448,19.104
7378,213.472,20.4
7379,212.464,21.12
7380,213.152,20.464
7381,212.128,18.976
7382,218.08,21.056
7383,217.632,19.472
7384,223.296,20.688
7385,212.144,19.264
7386,218.416,20.928
7387,218.048,19.2
7388,222.832,20.48
7389,215.424,18.976
7390,214.288,20.976
7391,216.8,19.264
7392,218.528,20.816
7393,213.232,18.752
7394,214.112,21.104
7395,222.944,19.584
7396,213.984,20.496
7397,220.512,19.072
7398,217.456,21.312
7399,212.672,19.216
7400,413.104,21.264
7401,368.864,27.536
7402,224.704,20.832
7403,211.664,19.456
7404,213.808,20.96
7405,221.184,18.848
7406,219.376,24.464
7407,211.408,19.696
7408,216.768,20.896
7409,212.464,19.28
7410,215.84,20.112
7411,213.952,18.784
7412,214.4,20.608
7413,213.056,18.832
7414,217.808,20.512
7415,221.296,18.496
7416,220.0,20.928
7417,211.696,18.976
7418,215.168,20.208
7419,214.08,18.896
7420,214.592,20.576
7421,213.936,18.992
7422,219.664,21.344
7423,221.728,24.352
7424,219.488,21.024
7425,245.216,21.152
7426,240.512,21.44
7427,259.344,21.12
7428,253.616,26.656
7429,263.712,20.176
7430,221.28,20.704
7431,214.464,18.592
7432,213.808,20.992
7433,211.952,20.192
7434,213.264,20.144
7435,216.544,18.48
7436,215.152,21.232
7437,214.24,19.136
7438,399.264,23.264
7439,440.912,26.24
7440,242.288,20.864
7441,213.248,18.992
7442,215.696,21.264
7443,215.552,19.392
7444,211.36,20.848
7445,216.224,19.072
7446,215.776,21.072
7447,217.6,18.832
7448,214.368,20.304
7449,213.056,19.136
7450,220.56,20.64
7451,221.136,19.248
7452,218.944,20.672
7453,217.264,19.248
7454,219.584,20.944
7455,211.632,21.872
7456,216.32,20.944
7457,214.224,19.12
7458,215.904,20.976
7459,216.0,18.8
7460,219.52,20.992
7461,218.512,19.104
7462,212.784,20.8
7463,217.712,18.848
7464,211.28,20.544
7465,219.024,19.104
7466,212.384,20.832
7467,220.416,19.168
7468,212.368,21.12
7469,217.536,19.024
7470,213.712,20.976
7471,222.208,18.736
7472,342.64,26.608
7473,402.512,28.224
7474,409.792,25.296
7475,318.288,27.12
7476,224.8,20.736
7477,217.04,18.928
7478,215.28,20.8
7479,212.224,19.296
7480,212.16,20.496
7481,215.456,19.216
7482,214.048,20.848
7483,211.328,18.96
7484,211.632,20.736
7485,212.848,19.024
7486,215.904,21.152
7487,212.032,19.216
7488,213.648,20.432
7489,213.44,18.368
7490,215.728,20.672
7491,210.8,18.976
7492,214.368,21.28
7493,213.024,18.992
7494,218.192,20.8
7495,211.936,18.992
7496,223.456,21.296
7497,213.952,19.328
7498,215.008,24.4
7499,218.0,18.992
7500,218.688,20.864
7501,212.896,19.296
7502,213.92,20.688
7503,216.336,19.072
7504,212.896,20.336
7505,347.856,22.56
7506,408.272,20.976
7507,277.728,32.88
7508,213.488,20.768
7509,216.16,18.624
7510,214.432,20.816
7511,220.704,19.824
7512,214.96,20.848
7513,213.536,18.72
7514,216.88,21.232
7515,220.672,19.792
7516,213.44,20.704
7517,213.12,19.216
7518,218.256,20.848
7519,213.968,19.12
7520,213.344,20.288
7521,222.272,18.528
7522,226.72,21.296
7523,221.76,19.456
7524,214.128,20.256
7525,212.704,19.2
7526,218.688,20.48
7527,221.696,18.784
7528,219.52,20.656
7529,212.096,19.648
7530,260.56,23.392
7531,255.424,19.312
7532,242.032,21.744
7533,237.12,19.584
7534,250.288,22.0
7535,242.768,19.824
7536,214.08,20.176
7537,212.592,18.544
7538,215.616,21.552
7539,210.848,18.96
7540,224.208,20.8
7541,211.824,19.312
7542,230.624,20.736
7543,211.984,18.368
7544,212.992,20.608
7545,309.984,19.184
7546,365.12,22.416
7547,423.216,26.624
7548,226.992,20.896
7549,221.6,18.656
7550,222.144,21.184
7551,212.304,18.928
7552,212.992,20.624
7553,216.224,18.768
7554,223.12,20.448
7555,214.944,18.688
7556,213.456,21.104
7557,217.616,18.768
7558,214.384,21.088
7559,211.52,19.168
7560,213.552,20.592
7561,212.464,19.216
7562,219.984,21.04
7563,216.304,18.864
7564,218.352,21.088
7565,217.008,18.912
7566,233.936,21.76
7567,212.048,19.488
7568,214.88,20.832
7569,214.272,19.04
7570,216.704,21.152
7571,213.92,19.28
7572,214.592,21.04
7573,216.176,19.488
7574,221.152,20.288
7575,212.512,18.704
7576,218.944,20.352
7577,336.336,18.72
7578,401.6,21.296
7579,344.064,27.888
7580,381.792,21.408
7581,217.184,19.584
7582,214.032,21.28
7583,216.192,19.024
7584,228.432,21.136
7585,212.016,19.136
7586,218.784,21.264
7587,211.424,19.152
7588,213.536,24.384
7589,212.432,19.008
7590,213.776,20.944
7591,217.472,19.136
7592,212.464,20.928
7593,217.28,19.168
7594,221.856,20.384
7595,216.784,19.12
7596,214.0,20.928
7597,220.944,19.136
7598,212.672,20.672
7599,218.144,18.832
7600,224.0,20.992
7601,216.368,19.2
7602,214.032,20.592
7603,217.488,19.216
7604,212.976,21.072
7605,218.144,18.704
7606,214.32,20.704
7607,213.088,19.136
7608,213.392,20.656
7609,216.64,19.216
7610,216.64,27.984
7611,332.352,25.904
7612,319.2,23.328
7613,219.952,23.952
7614,215.376,20.72
7615,217.616,19.136
7616,215.536,20.4
7617,221.232,19.2
7618,213.952,20.928
7619,212.224,18.976
7620,217.216,20.432
7621,215.52,19.216
7622,217.2,20.864
7623,211.28,19.152
7624,225.664,20.656
7625,217.024,18.912
7626,213.168,20.368
7627,218.448,18.736
7628,211.872,20.272
7629,215.76,19.024
7630,216.912,20.56
7631,216.912,18.896
7632,214.304,19.984
7633,217.504,18.72
7634,222.928,20.496
7635,214.656,18.88
7636,212.56,20.144
7637,212.064,18.704
7638,253.424,21.024
7639,237.536,22.624
7640,244.8,23.552
7641,234.192,21.104
7642,258.256,21.184
7643,228.064,21.152
7644,218.0,21.2
7645,217.376,19.296
7646,216.992,20.992
7647,221.856,19.104
7648,221.376,20.416
7649,214.48,18.48
7650,232.8,30.624
7651,391.216,27.344
7652,400.176,22.528
7653,238.864,27.312
7654,213.424,21.136
7655,217.84,19.152
7656,213.824,20.576
7657,219.136,19.264
7658,213.76,20.192
7659,217.6,19.456
7660,221.744,20.352
7661,221.616,18.688
7662,213.664,21.472
7663,212.688,19.072
7664,212.928,20.976
7665,215.744,19.072
7666,213.168,20.352
7667,212.464,18.704
7668,213.984,20.864
7669,216.72,18.848
7670,216.32,20.56
7671,213.488,19.152
7672,212.512,20.048
7673,222.976,18.96
7674,219.68,20.496
7675,213.28,18.896
7676,214.048,20.512
7677,212.16,18.816
7678,222.496,20.8
7679,211.616,18.816
7680,215.008,20.592
7681,213.296,18.848
7682,216.656,28.832
7683,477.92,31.088
7684,396.496,30.048
7685,389.184,27.056
7686,253.168,21.152
7687,214.064,19.072
7688,218.624,20.72
7689,217.872,19.36
7690,214.048,20.352
7691,217.312,18.704
7692,223.808,20.576
7693,217.568,19.04
7694,222.656,20.848
7695,212.576,19.024
7696,216.64,20.336
7697,213.92,18.816
7698,214.465,20.976
7699,212.272,19.104
7700,216.048,21.264
7701,218.048,19.136
7702,216.432,20.16
7703,217.392,19.264
7704,217.584,20.544
7705,211.52,21.952
7706,212.4,20.576
7707,212.944,19.152
7708,218.544,20.624
7709,221.072,18.96
7710,214.656,20.784
7711,213.216,19.04
7712,214.976,20.656
7713,218.016,18.864
7714,219.264,20.736
7715,210.72,18.864
7716,393.104,24.912
7717,423.088,27.552
7718,218.432,21.504
7719,216.192,19.296
7720,222.608,21.168
7721,213.072,18.976
7722,213.376,21.168
7723,217.392,19.008
7724,218.752,20.992
7725,212.32,19.456
7726,212.912,20.88
7727,213.232,18.992
7728,221.12,20.72
7729,214.464,19.024
7730,214.0,20.576
7731,215.856,19.44
7732,212.256,25.472
7733,220.832,19.536
7734,212.4,20.096
7735,213.408,18.912
7736,214.176,20.848
7737,215.952,19.36
7738,214.48,20.24
7739,212.688,18.944
7740,220.352,24.688
7741,272.768,23.824
7742,272.016,24.848
7743,237.76,26.976
7744,259.616,22.416
7745,265.744,20.0
7746,214.976,20.576
7747,212.816,19.104
7748,217.68,21.12
7749,212.336,18.752
7750,218.208,20.512
7751,211.936,19.2
7752,214.448,20.688
7753,385.024,18.768
7754,398.896,32.48
7755,308.8,33.04
7756,214.432,20.704
7757,212.992,18.976
7758,216.224,20.64
7759,215.92,19.056
7760,214.656,19.744
7761,211.632,18.688
7762,212.64,20.704
7763,215.76,18.656
7764,212.768,20.224
7765,212.496,18.96
7766,211.488,20.816
7767,215.808,19.792
7768,216.896,20.688
7769,210.8,18.896
7770,214.464,20.4
7771,213.312,18.752
7772,218.56,20.672
7773,212.72,18.8
7774,218.752,20.64
7775,211.184,18.752
7776,216.24,20.32
7777,212.464,18.816
7778,214.848,20.384
7779,212.336,19.328
7780,215.264,22.992
7781,213.504,19.424
7782,218.192,20.896
7783,213.488,19.136
7784,214.544,20.272
7785,310.976,18.544
7786,383.968,21.68
7787,394.048,26.816
7788,369.792,20.736
7789,219.104,19.68
7790,216.272,21.504
7791,216.0,19.088
7792,218.144,20.624
7793,214.576,18.816
7794,217.552,20.976
7795,216.448,18.704
7796,215.088,20.576
7797,213.184,19.232
7798,214.144,20.992
7799,222.128,18.688
7800,224.528,21.04
7801,221.44,19.024
7802,211.904,20.864
7803,216.704,19.04
7804,213.168,20.672
7805,212.112,22.048
7806,219.488,20.832
7807,219.648,19.168
7808,215.584,21.296
7809,213.824,19.184
7810,212.768,21.04
7811,214.8,18.72
7812,220.32,21.216
7813,212.736,19.296
7814,213.056,21.248
7815,212.368,19.024
7816,216.896,20.768
7817,213.76,19.6
7818,212.288,24.288
7819,671.824,26.576
7820,257.296,20.72
7821,211.872,18.416
7822,224.496,20.608
7823,216.72,18.816
7824,217.024,20.88
7825,211.568,19.216
7826,214.624,20.848
7827,211.088,21.76
7828,225.536,20.832
7829,216.944,19.2
7830,215.136,20.608
7831,222.896,18.992
7832,212.544,20.32
7833,217.296,18.88
7834,211.712,20.48
7835,217.616,18.976
7836,213.888,21.264
7837,214.992,19.168
7838,218.768,21.44
7839,216.736,19.408
7840,214.96,21.12
7841,214.672,19.168
7842,213.184,21.264
7843,246.88,21.152
7844,245.904,25.232
7845,244.176,20.272
7846,252.912,21.872
7847,263.488,19.664
7848,228.864,25.296
7849,211.984,19.216
7850,215.344,20.448
7851,216.384,18.688
7852,214.368,20.944
7853,214.896,18.944
7854,216.384,21.216
7855,217.424,19.072
7856,407.44,27.36
7857,440.72,27.6
7858,253.6,20.288
7859,216.096,19.344
7860,218.16,20.976
7861,213.84,18.768
7862,219.072,20.336
7863,218.16,18.64
7864,213.888,21.2
7865,212.112,18.672
7866,219.648,20.672
7867,222.128,19.024
7868,214.32,20.352
7869,213.84,21.904
7870,216.992,20.48
7871,213.072,19.056
7872,216.144,20.256
7873,214.064,18.496
7874,222.08,24.112
7875,219.424,19.312
7876,224.4,21.056
7877,214.704,18.896
7878,220.512,21.312
7879,218.48,19.168
7880,222.032,21.376
7881,215.296,18.992
7882,214.944,21.264
7883,219.632,19.072
7884,215.184,21.136
7885,215.408,19.264
7886,215.888,21.328
7887,219.264,19.312
7888,215.744,27.376
7889,421.648,27.76
7890,435.728,25.456
7891,445.072,28.208
7892,231.52,26.448
7893,221.904,19.856
7894,217.872,20.96
7895,220.224,19.296
7896,216.752,21.152
7897,220.176,19.36
7898,221.296,21.12
7899,219.248,19.376
7900,216.304,21.776
7901,219.408,19.376
7902,222.448,21.28
7903,216.304,19.2
7904,219.904,20.848
7905,224.864,19.248
7906,223.776,21.36
7907,219.168,19.344
7908,216.4,21.088
7909,222.24,19.2
7910,215.68,21.488
7911,213.984,18.736
7912,219.728,20.944
7913,219.376,19.312
7914,221.184,20.96
7915,214.336,18.928
7916,215.088,20.944
7917,216.128,19.072
7918,220.544,21.696
7919,219.536,19.136
7920,224.032,21.088
7921,224.656,19.056
7922,218.816,23.536
7923,373.936,26.912
7924,420.064,21.44
7925,217.488,20.032
7926,214.288,21.216
7927,214.608,19.2
7928,216.832,25.216
7929,214.208,19.552
7930,219.984,20.624
7931,215.2,18.656
7932,215.312,20.912
7933,218.256,24.768
7934,225.552,21.568
7935,218.352,19.104
7936,219.808,21.376
7937,224.736,19.312
7938,218.16,21.344
7939,215.712,18.944
7940,214.704,21.952
7941,218.224,19.216
7942,219.648,21.44
7943,215.152,19.168
7944,215.856,21.712
7945,220.592,19.472
7946,216.512,21.408
7947,214.928,19.2
7948,225.44,28.416
7949,257.84,20.032
7950,249.968,25.376
7951,267.616,26.64
7952,247.632,24.336
7953,253.904,21.072
7954,218.88,21.248
7955,219.6,19.376
7956,221.616,21.296
7957,225.808,19.184
7958,216.784,22.496
7959,218.064,20.688
7960,216.768,21.328
7961,236.176,19.024
7962,384.048,26.144
7963,540.816,19.904
7964,225.152,21.184
7965,219.12,19.664
7966,217.744,22.368
7967,221.824,19.248
7968,220.8,21.856
7969,219.68,19.264
7970,216.064,21.312
7971,220.432,19.536
7972,221.744,20.912
7973,221.728,18.976
7974,216.56,21.024
7975,216.544,19.168
7976,221.568,21.664
7977,215.792,18.976
7978,219.52,21.104
7979,215.424,18.896
7980,219.232,21.536
7981,215.248,19.072
7982,216.144,21.168
7983,214.912,19.104
7984,221.52,21.456
7985,215.232,19.456
7986,222.176,20.992
7987,224.752,19.168
7988,225.248,21.344
7989,220.944,19.344
7990,225.936,20.304
7991,214.096,18.992
7992,220.16,21.072
7993,214.272,18.928
7994,215.232,34.016
7995,528.016,35.392
7996,415.648,33.2
7997,396.72,27.92
7998,225.04,20.224
7999,220.704,18.992
8000,216.4,20.64
8001,215.104,18.736
8002,227.472,20.976
8003,214.384,19.136
8004,216.096,20.688
8005,224.128,19.264
8006,221.696,21.408
8007,224.976,19.52
8008,216.544,21.712
8009,215.824,19.6
8010,224.976,21.888
8011,223.408,18.976
8012,216.384,21.36
8013,215.44,19.424
8014,220.48,21.2
8015,219.584,19.728
8016,216.528,20.896
8017,216.896,19.056
8018,221.408,21.056
8019,215.312,18.848
8020,216.672,21.392
8021,225.216,18.992
8022,221.456,21.536
8023,215.584,19.136
8024,217.36,21.28
8025,215.712,19.2
8026,215.92,20.992
8027,331.52,19.136
8028,394.496,30.832
8029,337.152,30.992
8030,221.056,21.088
8031,215.664,19.216
8032,217.024,20.752
8033,221.84,19.008
8034,215.648,21.28
8035,220.528,19.696
8036,217.264,21.104
8037,222.768,19.376
8038,215.44,21.728
8039,218.208,19.472
8040,222.304,21.2
8041,221.488,19.168
8042,226.464,22.96
8043,216.4,19.888
8044,218.496,22.864
8045,217.296,19.696
8046,226.256,22.592
8047,219.936,19.504
8048,217.36,22.784
8049,215.888,19.232
8050,221.68,23.136
8051,215.232,19.968
8052,252.128,23.504
8053,232.272,27.2
8054,246.176,27.744
8055,240.864,19.872
8056,263.984,29.28
8057,236.48,22.032
8058,217.168,21.712
8059,220.752,18.864
8060,217.344,22.512
8061,227.104,19.312
8062,220.304,22.048
8063,218.176,19.248
8064,227.088,26.208
8065,468.128,27.84
8066,471.616,24.064
8067,240.128,21.584
8068,221.36,21.568
8069,220.672,19.472
8070,217.856,22.112
8071,216.049,19.488
8072,221.184,22.08
8073,220.688,19.632
8074,221.44,21.808
8075,214.944,19.376
8076,224.24,21.584
8077,224.0,18.928
8078,221.28,23.6
8079,219.936,19.168
8080,222.16,22.496
8081,215.792,19.536
8082,226.848,22.256
8083,215.024,19.28
8084,238.56,21.84
8085,216.992,19.76
8086,220.32,22.256
8087,215.248,19.488
8088,220.688,21.728
8089,214.72,19.184
8090,215.744,20.976
8091,215.376,19.472
8092,223.072,22.784
8093,215.856,19.632
8094,216.768,22.624
8095,215.088,19.728
8096,216.096,21.76
8097,215.696,22.416
8098,278.096,23.76
8099,388.208,27.568
8100,378.912,21.808
8101,357.696,26.0
8102,255.76,26.4
8103,217.184,19.936
8104,215.568,22.16
8105,216.864,19.072
8106,218.16,21.952
8107,222.224,19.712
8108,220.512,21.488
8109,216.896,19.536
8110,221.968,22.176
8111,220.272,19.232
8112,218.208,22.352
8113,215.472,19.808
8114,216.736,21.152
8115,219.584,19.216
8116,214.848,21.344
8117,220.208,19.136
8118,216.0,20.848
8119,220.048,19.104
8120,215.152,20.944
8121,213.872,19.392
8122,218.848,21.488
8123,227.056,19.472
8124,214.704,21.76
8125,220.192,19.12
8126,215.952,20.656
8127,215.76,19.504
8128,221.904,20.832
8129,216.016,19.328
8130,218.608,21.184
8131,213.824,19.712
8132,375.296,21.84
8133,369.808,26.4
8134,281.872,21.328
8135,214.896,19.216
8136,216.064,21.104
8137,215.776,19.2
8138,215.648,21.584
8139,221.648,19.328
8140,218.496,21.12
8141,216.768,19.344
8142,218.752,21.456
8143,219.6,19.6
8144,216.032,20.96
8145,215.088,19.536
8146,222.688,21.648
8147,217.152,19.072
8148,217.408,21.216
8149,214.448,19.616
8150,216.224,21.472
8151,219.568,19.792
8152,221.024,21.328
8153,214.72,19.408
8154,214.4,21.44
8155,221.76,19.184
8156,216.304,24.704
8157,256.592,21.168
8158,254.976,27.952
8159,248.08,23.904
8160,237.76,21.296
8161,249.344,26.864
8162,220.8,21.312
8163,222.528,19.664
8164,224.56,21.2
8165,214.56,19.536
8166,217.728,21.632
8167,217.168,19.408
8168,216.8,21.488
8169,219.632,19.296
8170,217.408,21.376
8171,292.032,19.456
8172,397.376,26.176
8173,410.368,26.656
8174,225.76,21.36
8175,214.992,18.944
8176,223.456,20.976
8177,213.568,19.344
8178,224.544,21.584
8179,215.248,18.864
8180,215.904,21.488
8181,218.656,19.328
8182,219.28,21.552
8183,218.32,19.248
8184,230.352,20.896
8185,214.224,19.088
8186,220.4,21.056
8187,213.36,18.96
8188,225.888,20.848
8189,214.384,18.96
8190,220.512,21.12
8191,214.784,19.152
8192,215.152,21.2
8193,219.936,19.104
8194,219.648,24.304
8195,215.2,18.864
8196,218.432,20.624
8197,214.208,19.568
8198,217.92,20.448
8199,217.504,19.168
8200,212.88,20.256
8201,214.144,19.056
8202,217.36,19.92
8203,215.728,18.864
8204,385.792,24.352
8205,374.608,28.352
8206,395.808,26.592
8207,340.304,27.856
8208,218.432,20.8
8209,215.232,21.952
8210,219.616,20.784
8211,218.512,19.296
8212,220.08,21.392
8213,218.016,19.312
8214,215.904,20.624
8215,222.992,19.232
8216,213.52,20.864
8217,216.608,19.472
8218,214.208,20.304
8219,213.472,19.248
8220,216.768,21.984
8221,223.552,19.312
8222,215.008,20.864
8223,218.144,19.232
8224,219.344,20.832
8225,218.688,19.344
8226,215.728,20.864
8227,214.384,18.912
8228,213.952,20.576
8229,219.632,19.264
8230,227.088,21.536
8231,213.872,19.552
8232,218.048,20.496
8233,215.68,18.656
8234,219.808,21.072
8235,214.992,19.232
8236,213.328,23.088
8237,412.432,26.32
8238,422.416,21.936
8239,223.168,19.456
8240,220.336,21.552
8241,216.24,19.264
8242,215.056,21.552
8243,214.304,19.36
8244,214.496,20.464
8245,216.912,19.344
8246,211.6,20.448
8247,216.848,18.864
8248,212.896,20.784
8249,215.6,18.992
8250,212.512,20.32
8251,219.504,24.64
8252,216.72,20.72
8253,216.16,19.456
8254,214.368,20.336
8255,213.984,19.344
8256,220.976,20.848
8257,219.056,19.008
8258,212.384,20.688
8259,215.232,19.232
8260,216.704,21.104
8261,215.296,19.104
8262,219.152,21.136
8263,215.44,19.472
8264,215.904,23.552
8265,255.488,20.72
8266,252.56,24.448
8267,247.136,20.368
8268,258.032,25.536
8269,258.944,22.672
8270,216.144,21.136
8271,212.32,19.472
8272,214.72,20.784
8273,223.616,19.072
8274,214.368,20.656
8275,213.552,18.784
8276,215.008,20.832
8277,212.848,19.344
8278,416.016,22.0
8279,435.904,35.088
8280,230.784,21.12
8281,212.576,18.912
8282,218.304,20.176
8283,212.528,18.704
8284,221.904,21.472
8285,213.872,19.296
8286,213.968,20.72
8287,213.296,18.976
8288,212.224,23.728
8289,212.56,18.656
8290,218.8,20.768
8291,214.24,18.8
8292,219.296,20.88
8293,216.496,19.296
8294,214.16,21.136
8295,213.648,19.28
8296,218.496,20.464
8297,221.424,19.2
8298,215.072,21.312
8299,217.696,19.2
8300,215.184,20.912
8301,216.288,19.52
8302,220.304,20.752
8303,218.096,19.184
8304,214.592,21.056
8305,215.824,18.864
8306,212.336,21.088
8307,213.472,19.088
8308,219.36,20.688
8309,350.784,19.12
8310,388.048,27.536
8311,336.672,25.456
8312,408.096,20.88
8313,217.424,20.128
8314,219.056,20.96
8315,217.776,23.232
8316,218.32,21.248
8317,218.256,18.8
8318,215.968,21.152
8319,248.896,19.376
8320,214.512,21.232
8321,212.144,19.296
8322,224.192,20.992
8323,220.032,18.816
8324,218.736,20.784
8325,213.12,19.264
8326,223.088,21.248
8327,239.52,19.36
8328,218.08,21.248
8329,211.856,19.056
8330,213.952,20.672
8331,212.608,19.568
8332,217.696,21.344
8333,211.328,19.232
8334,214.752,20.912
8335,213.92,19.264
8336,217.056,20.992
8337,213.44,18.88
8338,215.392,20.976
8339,212.88,19.488
8340,224.224,21.312
8341,213.216,19.072
8342,357.344,21.952
8343,392.24,28.128
8344,287.744,20.864
8345,212.512,18.624
8346,214.256,20.512
8347,216.08,19.136
8348,213.168,21.088
8349,218.192,19.216
8350,223.456,21.328
8351,218.16,19.04
8352,215.632,21.12
8353,212.864,19.136
8354,218.96,20.752
8355,211.152,19.056
8356,219.2,20.784
8357,213.248,18.768
8358,219.152,20.944
8359,211.424,19.168
8360,216.624,20.544
8361,212.16,18.944
8362,216.016,20.576
8363,212.848,19.184
8364,221.888,20.432
8365,212.464,19.312
8366,213.136,20.368
8367,271.824,26.944
8368,266.688,21.296
8369,260.256,24.08
8370,255.696,20.768
8371,253.728,22.912
8372,221.872,21.088
8373,216.64,19.104
8374,215.04,20.448
8375,218.048,19.168
8376,217.824,21.12
8377,217.472,19.008
8378,213.84,20.64
8379,213.472,23.76
8380,344.656,22.928
8381,419.136,23.632
8382,298.576,21.04
8383,216.72,19.36
8384,222.0,20.448
8385,212.24,19.04
8386,214.128,20.976
8387,215.76,19.616
8388,218.272,21.52
8389,213.184,19.504
8390,214.72,21.248
8391,215.552,19.168
8392,214.16,21.328
8393,217.36,19.232
8394,217.792,20.56
8395,216.928,18.688
8396,217.696,20.976
8397,213.312,19.328
8398,215.04,21.536
8399,217.2,19.28
8400,218.384,20.672
8401,213.36,18.928
8402,217.056,20.672
8403,217.376,19.152
8404,215.904,20.864
8405,223.888,19.168
8406,218.64,20.992
8407,213.664,19.696
8408,218.32,20.656
8409,219.072,19.376
8410,214.864,20.944
8411,217.552,19.136
8412,398.0,20.704
8413,359.344,27.936
8414,462.784,21.312
8415,310.432,27.904
8416,219.328,20.16
8417,218.448,18.976
8418,214.208,21.216
8419,213.44,19.04
8420,214.736,20.48
8421,212.784,19.424
8422,217.184,21.168
8423,212.768,19.2
8424,218.704,20.656
8425,212.864,19.232
8426,216.816,21.248
8427,212.544,19.744
8428,213.728,20.688
8429,214.384,18.88
8430,216.832,21.008
8431,211.936,19.04
8432,213.232,20.688
8433,223.904,19.12
8434,218.656,26.832
8435,213.872,19.152
8436,220.208,20.784
8437,217.936,19.104
8438,214.064,21.264
8439,216.032,19.472
8440,215.664,20.32
8441,217.536,18.688
8442,212.896,20.304
8443,216.8,23.296
8444,213.232,20.704
8445,430.496,39.472
8446,473.424,20.816
8447,219.312,19.712
8448,221.408,20.912
8449,217.104,18.784
8450,215.952,21.296
8451,214.368,19.392
8452,213.44,20.4
8453,223.328,18.96
8454,218.32,20.912
8455,212.752,18.976
8456,219.296,20.512
8457,212.64,19.456
8458,217.504,20.928
8459,212.896,19.136
8460,217.936,20.688
8461,209.296,19.216
8462,222.096,20.752
8463,211.488,18.592
8464,214.832,20.496
8465,213.872,18.944
8466,217.264,21.072
8467,213.28,19.504
8468,218.56,21.2
8469,213.264,19.056
8470,278.736,21.632
8471,234.512,19.52
8472,233.904,20.72
8473,248.256,20.112
8474,265.2,20.992
8475,218.224,19.696
8476,214.304,20.752
8477,216.352,19.184
8478,221.056,20.528
8479,213.296,19.184
8480,220.432,21.104
8481,213.488,19.2
8482,219.584,25.712
8483,372.32,27.136
8484,423.248,21.072
8485,241.056,20.72
8486,213.872,21.152
8487,213.44,19.152
8488,216.224,20.864
8489,217.344,19.312
8490,217.345,20.96
8491,213.552,19.024
8492,213.68,21.072
8493,216.032,19.392
8494,218.96,20.72
8495,210.672,19.136
8496,215.152,21.216
8497,213.088,19.12
8498,217.552,20.736
8499,212.272,19.12
8500,218.72,20.544
8501,218.048,18.864
8502,231.6,20.464
8503,212.128,18.672
8504,217.456,20.464
8505,211.632,18.88
8506,219.168,20.56
8507,216.448,19.136
8508,216.912,20.32
8509,212.976,19.008
8510,217.12,20.64
8511,213.232,19.296
8512,213.2,20.704
8513,213.376,19.008
8514,222.352,23.344
8515,362.256,27.264
8516,397.616,24.48
8517,406.784,28.224
8518,333.44,21.248
8519,215.52,19.52
8520,227.04,20.736
8521,213.728,18.912
8522,213.248,20.784
8523,224.336,19.312
8524,215.408,20.528
8525,213.728,18.72
8526,214.768,20.528
8527,216.4,19.248
8528,214.704,23.584
8529,217.04,19.12
8530,214.016,20.784
8531,214.192,18.592
8532,218.048,20.48
8533,221.808,19.232
8534,218.48,20.672
8535,212.592,19.536
8536,213.744,21.184
8537,219.328,18.976
8538,214.608,20.768
8539,213.408,19.168
8540,215.104,21.088
8541,219.456,19.52
8542,219.984,20.832
8543,214.992,18.864
8544,214.016,21.008
8545,216.24,19.136
8546,218.976,20.8
8547,212.864,19.28
8548,353.936,22.688
8549,386.688,27.264
8550,278.432,21.568
8551,212.88,19.168
8552,223.248,20.976
8553,212.96,19.008
8554,213.6,20.368
8555,212.896,19.04
8556,216.336,24.864
8557,212.608,19.216
8558,216.976,21.024
8559,217.152,19.232
8560,218.688,20.72
8561,217.12,18.768
8562,212.752,20.704
8563,213.616,18.624
8564,218.432,20.832
8565,221.056,19.344
8566,213.728,20.592
8567,212.8,18.56
8568,214.848,20.928
8569,216.976,18.896
8570,212.624,20.912
8571,213.168,19.296
8572,214.768,24.0
8573,286.416,22.016
8574,243.296,24.528
8575,246.4,24.352
8576,258.976,21.04
8577,254.064,24.896
8578,223.232,20.832
8579,214.08,19.312
8580,210.416,20.448
8581,214.016,19.296
8582,217.536,21.2
8583,209.52,18.96
8584,214.032,20.72
8585,221.392,19.136
8586,359.856,21.392
8587,367.936,27.328
8588,318.368,20.896
8589,210.512,19.216
8590,221.008,20.48
8591,213.76,18.56
8592,219.312,20.48
8593,213.152,18.96
8594,217.888,20.72
8595,214.496,19.232
8596,218.976,21.056
8597,218.864,18.944
8598,214.944,21.072
8599,215.056,19.072
8600,218.496,20.992
8601,224.272,18.784
8602,218.08,20.272
8603,213.168,18.848
8604,215.984,23.008
8605,214.544,19.376
8606,215.184,20.912
8607,218.4,19.088
8608,214.656,21.008
8609,217.808,18.944
8610,222.432,20.496
8611,214.256,18.816
8612,218.592,21.536
8613,217.488,19.28
8614,220.064,21.408
8615,212.96,19.216
8616,216.88,20.864
8617,227.184,19.216
8618,384.24,21.104
8619,386.368,26.736
8620,425.312,21.632
8621,297.232,26.672
8622,216.72,21.056
8623,227.792,19.296
8624,214.064,20.976
8625,213.424,19.44
8626,213.936,20.864
8627,216.064,19.36
8628,213.456,21.264
8629,212.432,18.896
8630,221.472,20.688
8631,223.072,19.584
8632,213.952,20.768
8633,211.84,19.136
8634,215.056,21.072
8635,214.8,19.456
8636,220.128,20.528
8637,213.088,18.864
8638,222.448,20.864
8639,210.432,19.184
8640,218.944,20.576
8641,212.528,19.072
8642,218.464,20.24
8643,213.28,19.232
8644,217.456,20.704
8645,217.488,19.04
8646,218.352,20.8
8647,214.096,18.928
8648,220.464,21.2
8649,214.384,18.976
8650,212.144,22.416
8651,396.816,33.04
8652,378.352,22.064
8653,236.256,28.384
8654,213.472,20.976
8655,214.96,19.312
8656,214.768,20.544
8657,211.408,18.752
8658,214.384,20.656
8659,227.328,18.656
8660,214.352,21.008
8661,215.248,18.864
8662,212.864,21.152
8663,224.352,19.072
8664,214.848,21.072
8665,216.928,19.2
8666,213.728,20.768
8667,215.168,19.008
8668,216.656,20.784
8669,217.376,19.44
8670,213.312,20.928
8671,213.712,18.768
8672,218.16,21.216
8673,217.6,18.896
8674,213.552,20.608
8675,215.6,19.248
8676,256.544,20.848
8677,240.064,22.24
8678,233.056,22.08
8679,246.352,19.984
8680,253.824,21.648
8681,244.416,20.208
8682,215.984,20.832
8683,212.128,19.264
8684,221.264,20.768
8685,213.568,19.168
8686,220.336,20.784
8687,213.568,19.216
8688,216.816,23.216
8689,368.624,34.672
8690,400.688,25.216
8691,261.2,29.696
8692,212.976,20.976
8693,215.744,19.424
8694,213.968,21.056
8695,216.832,19.024
8696,213.888,20.8
8697,216.896,19.184
8698,211.392,20.352
8699,217.152,19.312
8700,214.656,20.624
8701,212.56,18.864
8702,213.552,20.832
8703,216.56,19.392
8704,216.56,20.976
8705,217.792,18.928
8706,214.496,20.944
8707,217.376,18.944
8708,212.528,20.8
8709,212.272,19.52
8710,213.52,20.592
8711,211.104,18.992
8712,218.16,20.768
8713,211.424,19.328
8714,217.104,20.576
8715,217.264,19.184
8716,217.6,20.752
8717,211.36,19.056
8718,215.984,20.816
8719,215.808,19.024
8720,216.56,20.752
8721,382.464,29.152
8722,377.344,27.888
8723,389.008,26.224
8724,380.576,21.312
8725,216.576,19.568
8726,224.992,20.864
8727,223.264,19.2
8728,212.672,20.656
8729,214.352,18.752
8730,218.528,20.432
8731,221.232,18.912
8732,217.808,20.8
8733,213.344,19.216
8734,219.696,20.768
8735,213.808,19.312
8736,215.536,20.688
8737,213.568,19.024
8738,226.976,20.832
8739,213.504,19.072
8740,217.808,20.608
8741,212.864,18.992
8742,215.52,21.04
8743,213.136,22.704
8744,214.144,21.136
8745,214.544,19.456
8746,215.472,21.088
8747,214.672,19.264
8748,218.896,20.528
8749,223.008,19.088
8750,215.296,20.624
8751,216.512,18.896
8752,218.544,21.024
8753,214.24,18.848
8754,367.456,23.792
8755,350.8,31.584
8756,302.512,21.12
8757,209.04,18.784
8758,218.912,20.112
8759,208.4,18.624
8760,213.76,20.864
8761,211.696,22.592
8762,211.792,20.112
8763,201.152,18.32
8764,215.888,23.76
8765,239.792,21.072
8766,236.0,22.656
8767,223.888,20.24
8768,223.952,21.472
8769,219.008,19.744
8770,216.144,19.968
8771,211.12,18.768
8772,212.56,20.88
8773,203.76,19.072
8774,202.752,20.112
8775,215.696,18.496
8776,206.224,20.416
8777,223.472,18.544
8778,205.152,20.368
8779,205.36,18.176
8780,206.592,20.304
8781,206.128,18.256
8782,203.216,20.0
8783,202.096,18.448
8784,207.28,20.032
8785,203.776,17.808
8786,203.408,20.272
8787,203.104,17.728
8788,217.12,20.656
8789,208.336,18.896
8790,210.8,20.416
8791,211.52,19.136
8792,216.272,21.04
8793,211.856,19.072
8794,207.392,20.016
8795,204.528,18.208
8796,337.776,21.52
8797,442.784,23.328
8798,365.984,22.08
8799,416.896,26.256
8800,501.696,23.92
8801,204.704,24.272
8802,204.384,19.856
8803,204.128,18.224
8804,209.712,20.256
8805,206.656,18.272
8806,205.088,20.512
8807,207.92,18.096
8808,208.56,19.84
8809,204.192,18.096
8810,208.112,21.152
8811,203.792,18.224
8812,207.184,20.816
8813,209.456,18.448
8814,214.912,20.176
8815,208.432,18.416
8816,206.288,20.048
8817,204.64,18.368
8818,205.488,24.752
8819,205.36,18.528
8820,205.664,20.016
8821,210.864,18.432
8822,207.92,20.08
8823,211.328,18.256
8824,208.544,20.32
8825,205.36,21.248
8826,207.472,20.512
8827,297.504,19.664
8828,238.08,22.496
8829,243.904,20.944
8830,251.68,24.544
8831,248.784,20.992
8832,218.912,20.288
8833,210.144,18.464
8834,211.824,20.56
8835,216.448,18.976
8836,208.768,20.816
8837,206.576,18.752
8838,212.672,20.416
8839,215.904,18.864
8840,395.024,21.648
8841,540.992,29.744
8842,221.296,20.656
8843,205.584,19.056
8844,208.704,20.352
8845,206.736,18.544
8846,210.832,20.784
8847,208.448,18.976
8848,209.088,20.448
8849,208.304,18.896
8850,215.568,20.624
8851,208.24,19.008
8852,210.112,20.4
8853,208.832,18.528
8854,213.28,20.176
8855,208.992,18.672
8856,209.056,20.016
8857,208.384,18.384
8858,222.256,24.272
8859,212.384,18.512
8860,209.472,20.224
8861,215.76,18.768
8862,208.16,20.208
8863,211.072,18.864
8864,209.728,20.512
8865,213.76,18.512
8866,209.264,20.688
8867,210.816,18.944
8868,218.208,20.08
8869,209.216,18.752
8870,208.896,20.8
8871,213.024,18.992
8872,414.352,22.576
8873,495.217,29.952
8874,441.024,24.256
8875,212.56,19.808
8876,210.56,19.968
8877,213.056,18.512
8878,212.176,20.256
8879,207.616,19.056
8880,210.416,20.608
8881,218.848,18.88
8882,209.104,20.224
8883,208.208,18.496
8884,208.8,20.976
8885,206.448,18.48
8886,216.528,20.608
8887,211.264,19.008
8888,216.304,20.48
8889,213.36,21.616
8890,217.504,20.448
8891,208.432,19.136
8892,209.232,20.624
8893,210.08,19.104
8894,214.784,20.912
8895,207.488,18.592
8896,212.976,19.968
8897,209.936,18.848
8898,214.48,25.712
8899,208.32,19.568
8900,210.784,20.48
8901,210.0,18.48
8902,212.448,20.848
8903,214.8,18.976
8904,210.992,20.784
8905,210.88,18.768
8906,210.256,21.12
8907,212.032,18.64
8908,369.328,24.656
8909,382.048,25.632
8910,290.848,20.432
8911,208.064,18.8
8912,210.512,20.304
8913,209.648,18.736
8914,214.208,20.512
8915,209.216,18.592
8916,210.896,20.528
8917,209.808,18.608
8918,221.504,20.576
8919,216.96,19.136
8920,216.416,20.256
8921,209.856,18.912
8922,213.648,23.2
8923,208.352,19.04
8924,216.336,20.704
8925,209.472,18.736
8926,211.536,20.192
8927,216.832,18.704
8928,213.856,19.808
8929,209.728,18.432
8930,212.352,20.384
8931,212.464,18.912
8932,210.816,20.224
8933,224.944,18.688
8934,263.504,21.888
8935,241.408,19.904
8936,270.672,21.184
8937,250.608,19.424
8938,267.696,20.976
8939,213.648,19.088
8940,215.888,20.688
8941,209.776,18.816
8942,211.904,20.496
8943,215.488,18.72
8944,215.344,20.272
8945,209.344,18.768
8946,264.88,30.096
8947,432.448,27.008
8948,471.728,20.416
8949,213.904,19.056
8950,209.84,21.008
8951,208.592,18.736
8952,210.688,20.736
8953,226.896,22.624
8954,208.912,20.0
8955,211.856,18.336
8956,209.584,20.24
8957,208.912,18.944
8958,219.184,20.656
8959,214.912,19.024
8960,210.928,21.136
8961,209.552,19.216
8962,215.44,20.752
8963,211.344,18.864
8964,210.688,20.416
8965,209.392,18.592
8966,214.72,21.264
8967,210.192,18.624
8968,216.32,20.448
8969,209.456,18.944
8970,211.632,20.8
8971,214.96,18.592
8972,210.672,20.528
8973,210.496,18.256
8974,210.352,20.96
8975,214.384,19.2
8976,216.304,20.848
8977,211.232,18.928
8978,210.768,21.072
8979,214.56,18.832
8980,214.928,20.96
8981,211.952,18.848
8982,423.888,22.304
8983,355.168,34.032
8984,377.184,23.536
8985,325.648,26.432
8986,212.576,20.16
8987,214.592,18.8
8988,212.688,20.48
8989,213.6,18.832
8990,216.4,20.336
8991,210.896,18.64
8992,212.48,20.704
8993,209.92,18.592
8994,217.84,20.32
8995,209.376,18.688
8996,215.296,20.08
8997,210.72,18.528
8998,215.152,20.784
8999,210.016,18.976
9000,214.992,20.032
9001,211.024,18.48
9002,220.72,20.336
9003,209.6,18.784
9004,216.784,20.464
9005,213.84,18.832
9006,215.44,20.832
9007,210.992,18.448
9008,213.392,21.072
9009,216.144,18.656
9010,211.856,20.928
9011,216.656,18.544
9012,212.32,21.216
9013,210.944,18.896
9014,212.352,20.096
9015,218.304,18.608
9016,210.576,22.256
9017,386.768,28.208
9018,516.288,20.48
9019,210.576,19.2
9020,209.44,20.672
9021,212.8,18.576
9022,210.208,20.192
9023,210.144,18.72
9024,210.032,20.736
9025,210.16,18.624
9026,214.688,21.088
9027,213.44,19.52
9028,210.96,20.816
9029,209.504,19.216
9030,220.096,20.288
9031,213.568,18.944
9032,211.024,20.432
9033,209.504,18.704
9034,215.6,20.224
9035,210.128,18.496
9036,215.52,20.992
9037,210.368,18.912
9038,212.24,20.608
9039,221.952,19.264
9040,211.872,20.88
9041,210.992,18.88
9042,215.744,21.056
9043,213.888,18.704
9044,212.016,21.296
9045,248.288,20.288
9046,254.512,22.784
9047,234.496,20.416
9048,223.376,26.736
9049,252.8,20.4
9050,268.496,25.008
9051,215.12,19.488
9052,210.176,20.832
9053,209.824,18.944
9054,216.0,20.896
9055,216.032,19.152
9056,210.816,20.384
9057,215.584,18.512
9058,212.896,20.784
9059,477.264,30.032
9060,532.64,20.528
9061,213.104,19.28
9062,211.968,21.152
9063,215.312,18.832
9064,216.032,20.832
9065,216.416,19.184
9066,210.576,20.224
9067,210.032,18.464
9068,212.56,20.8
9069,215.36,19.04
9070,217.264,21.184
9071,211.696,19.44
9072,211.2,20.288
9073,210.352,18.56
9074,220.992,20.928
9075,212.288,18.032
9076,210.816,20.768
9077,211.104,19.04
9078,214.272,20.784
9079,209.2,18.496
9080,210.944,21.184
9081,209.232,18.768
9082,230.736,20.832
9083,214.704,18.624
9084,210.56,20.752
9085,213.84,18.48
9086,212.512,25.392
9087,211.696,18.896
9088,212.496,20.72
9089,212.752,19.008
9090,222.896,21.04
9091,218.64,18.912
9092,377.296,23.728
9093,367.568,23.568
9094,380.912,25.76
9095,375.888,28.288
9096,220.928,20.512
9097,211.728,19.376
9098,211.952,20.192
9099,211.04,18.992
9100,211.136,21.056
9101,212.32,19.104
9102,212.048,20.512
9103,211.072,18.912
9104,224.72,20.688
9105,219.984,19.056
9106,211.552,21.36
9107,210.72,19.184
9108,211.2,21.152
9109,219.312,19.104
9110,210.944,20.928
9111,211.792,18.736
9112,214.624,20.32
9113,213.152,18.672
9114,210.528,20.032
9115,208.928,18.704
9116,210.88,20.112
9117,210.144,18.96
9118,219.472,21.216
9119,211.408,18.992
9120,212.624,21.136
9121,211.744,18.976
9122,216.048,20.752
9123,209.584,18.816
9124,216.08,20.832
9125,211.728,18.96
9126,216.432,21.2
9127,210.656,18.96
9128,215.872,20.672
9129,210.944,18.72
9130,466.928,20.448
9131,373.088,26.464
9132,262.912,20.672
9133,214.416,19.008
9134,211.632,20.736
9135,211.104,18.992
9136,217.12,20.944
9137,215.248,19.136
9138,214.272,20.8
9139,211.744,18.8
9140,211.568,20.992
9141,216.976,18.512
9142,211.648,19.936
9143,212.352,18.416
9144,213.696,21.232
9145,210.784,18.912
9146,224.0,20.512
9147,209.968,18.56
9148,211.52,20.352
9149,215.536,19.248
9150,216.144,21.024
9151,209.92,18.72
9152,212.08,20.368
9153,209.776,18.544
9154,222.176,20.88
9155,220.32,19.184
9156,211.472,22.816
9157,270.864,21.952
9158,254.944,20.992
9159,260.112,19.84
9160,262.608,20.48
9161,258.144,20.432
9162,220.688,20.704
9163,219.056,18.592
9164,212.416,20.416
9165,208.928,19.2
9166,218.496,20.304
9167,210.048,19.072
9168,210.816,20.4
9169,210.368,18.432
9170,502.544,21.632
9171,519.152,28.624
9172,224.096,20.656
9173,212.64,19.184
9174,211.936,20.832
9175,209.696,19.136
9176,215.648,20.48
9177,211.152,18.4
9178,212.048,20.672
9179,209.376,18.864
9180,212.304,24.208
9181,212.736,19.44
9182,216.896,20.432
9183,214.928,18.48
9184,211.792,20.176
9185,214.688,18.432
9186,213.04,20.528
9187,214.624,18.992
9188,212.544,20.128
9189,222.832,18.784
9190,212.56,20.528
9191,216.912,18.688
9192,221.456,20.688
9193,215.024,18.864
9194,211.184,20.176
9195,211.264,18.736
9196,211.248,20.208
9197,210.176,18.752
9198,215.04,20.64
9199,210.896,18.496
9200,215.056,19.76
9201,215.248,18.288
9202,214.688,20.976
9203,215.456,18.64
9204,218.464,19.904
9205,225.648,18.96
9206,425.552,25.472
9207,356.048,26.944
9208,385.072,22.512
9209,262.848,27.408
9210,212.336,20.384
9211,210.992,18.64
9212,214.496,20.592
9213,215.232,18.544
9214,214.592,20.368
9215,215.664,18.96
9216,215.152,21.04
9217,226.064,18.672
9218,213.472,20.736
9219,218.256,18.544
9220,211.344,23.824
9221,215.136,18.608
9222,216.16,20.832
9223,216.336,18.944
9224,212.096,20.544
9225,220.864,19.264
9226,214.416,20.928
9227,214.624,18.864
9228,211.376,20.928
9229,215.408,18.928
9230,212.192,20.704
9231,209.792,19.072
9232,220.592,21.84
9233,214.48,19.216
9234,213.104,22.16
9235,210.912,19.504
9236,212.384,21.904
9237,215.552,19.232
9238,213.184,21.888
9239,215.376,19.152
9240,216.736,22.0
9241,209.536,18.704
9242,435.056,25.968
9243,471.296,34.816
9244,225.152,22.928
9245,211.072,19.664
9246,212.208,22.0
9247,210.432,19.568
9248,217.504,22.416
9249,210.432,19.088
9250,213.168,22.048
9251,216.352,19.104
9252,221.424,22.336
9253,210.848,19.152
9254,212.32,22.576
9255,210.672,19.552
9256,210.56,21.616
9257,209.984,22.288
9258,212.336,21.6
9259,210.512,19.168
9260,212.4,21.824
9261,217.888,18.896
9262,212.352,21.344
9263,212.048,18.688
9264,212.464,22.32
9265,215.408,19.488
9266,213.648,21.84
9267,210.224,19.264
9268,276.704,28.976
9269,246.176,24.928
9270,243.488,22.24
9271,228.816,30.656
9272,261.808,21.744
9273,220.592,19.904
9274,211.728,22.08
9275,211.424,19.376
9276,211.2,21.44
9277,218.928,19.408
9278,211.872,21.76
9279,209.824,19.536
9280,213.152,21.728
9281,546.48,28.848
9282,543.408,24.64
9283,218.992,22.72
9284,211.568,22.624
9285,209.952,19.232
9286,211.312,21.856
9287,214.992,19.088
9288,212.064,21.152
9289,209.568,19.216
9290,211.216,21.536
9291,213.552,19.184
9292,211.296,21.392
9293,209.104,19.104
9294,209.488,20.576
9295,213.856,18.928
9296,218.113,21.312
9297,209.936,18.656
9298,211.888,21.776
9299,210.448,18.928
9300,215.984,21.616
9301,210.496,18.784
9302,213.2,21.088
9303,209.024,19.024
9304,214.128,22.448
9305,209.968,19.12
9306,211.968,22.128
9307,214.224,18.944
9308,214.32,23.312
9309,210.752,18.848
9310,211.408,22.032
9311,209.776,18.944
9312,210.752,21.824
9313,213.408,18.768
9314,307.52,27.84
9315,375.488,28.528
9316,434.096,23.552
9317,337.248,28.512
9318,220.768,22.256
9319,214.512,22.832
9320,210.896,21.472
9321,209.888,19.152
9322,211.488,21.728
9323,218.032,18.976
9324,211.072,20.992
9325,217.488,19.328
9326,212.064,21.568
9327,212.448,18.768
9328,210.144,20.88
9329,210.496,18.816
9330,211.472,21.152
9331,221.376,18.816
9332,211.264,21.84
9333,210.912,18.896
9334,212.4,21.84
9335,209.856,22.048
9336,218.336,22.144
9337,209.808,18.864
9338,215.84,20.16
9339,211.536,18.496
9340,216.272,20.96
9341,210.272,18.96
9342,217.52,20.464
9343,216.704,18.992
9344,214.832,20.32
9345,214.416,18.784
9346,215.056,20.368
9347,212.336,18.816
9348,214.784,24.656
9349,208.272,18.672
9350,446.896,30.4
9351,431.136,30.688
9352,215.36,19.76
9353,214.688,18.608
9354,212.544,20.816
9355,213.024,18.624
9356,216.784,20.64
9357,217.984,18.672
9358,222.816,21.52
9359,214.4,19.504
9360,211.248,20.672
9361,210.272,18.72
9362,211.52,20.864
9363,218.48,18.752
9364,211.936,21.072
9365,208.544,18.768
9366,210.8,20.368
9367,210.416,19.184
9368,211.872,20.24
9369,209.584,18.72
9370,216.064,19.728
9371,209.76,18.56
9372,220.592,20.56
9373,208.864,18.624
9374,211.136,20.224
9375,215.04,18.56
9376,217.12,20.72
9377,209.376,18.208
9378,215.264,21.616
9379,264.4,19.36
9380,265.696,23.088
9381,254.0,19.904
9382,252.304,26.624
9383,263.984,25.12
9384,212.72,20.72
9385,213.76,18.544
9386,209.504,20.0
9387,207.84,18.72
9388,214.432,20.432
9389,213.248,19.056
9390,209.168,19.968
9391,208.4,18.64
9392,300.704,30.368
9393,504.48,33.712
9394,382.912,20.08
9395,209.328,19.168
9396,209.536,20.624
9397,209.776,18.352
9398,210.56,20.352
9399,212.64,22.432
9400,209.344,20.432
9401,208.32,18.704
9402,209.968,19.888
9403,213.12,18.688
9404,217.664,19.968
9405,208.512,18.56
9406,210.384,20.384
9407,212.816,18.688
9408,212.8,20.256
9409,211.552,18.416
9410,213.968,20.464
9411,213.552,18.896
9412,212.896,20.592
9413,210.192,18.88
9414,210.24,20.608
9415,208.464,18.896
9416,212.8,20.336
9417,213.728,18.48
9418,210.256,20.64
9419,210.944,18.448
9420,216.832,20.368
9421,209.344,18.832
9422,213.68,20.08
9423,210.016,18.416
9424,215.408,20.384
9425,209.36,21.6
9426,368.688,20.672
9427,355.712,22.752
9428,409.92,24.208
9429,387.84,26.576
9430,215.36,20.784
9431,215.008,18.88
9432,210.288,20.432
9433,219.312,18.736
9434,210.608,23.328
9435,209.152,18.864
9436,215.152,20.368
9437,210.544,18.64
9438,211.856,20.336
9439,212.08,18.544
9440,212.928,20.064
9441,209.376,18.72
9442,211.472,20.592
9443,223.776,19.152
9444,211.664,20.48
9445,212.288,18.704
9446,209.36,20.784
9447,215.136,18.88
9448,211.264,21.168
9449,213.264,18.928
9450,211.632,20.8
9451,209.936,19.232
9452,213.104,20.64
9453,210.224,18.864
9454,211.184,20.608
9455,209.616,18.832
9456,212.944,20.224
9457,211.008,18.464
9458,219.488,20.592
9459,210.4,18.528
9460,214.0,20.944
9461,213.296,19.168
9462,210.432,20.368
9463,209.088,23.776
9464,440.784,26.096
9465,367.312,26.096
9466,270.432,20.256
9467,211.104,18.608
9468,211.104,20.608
9469,209.216,18.448
9470,212.576,20.48
9471,215.296,18.88
9472,217.504,20.432
9473,211.312,18.928
9474,213.328,20.016
9475,209.6,18.464
9476,214.016,20.0
9477,211.952,18.576
9478,209.568,20.32
9479,210.16,18.544
9480,217.472,20.928
9481,208.832,18.896
9482,208.256,20.352
9483,218.064,18.624
9484,213.168,20.096
9485,213.744,19.12
9486,209.776,20.448
9487,208.384,18.528
9488,211.152,22.32
9489,208.896,18.864
9490,210.56,21.056
9491,266.32,23.904
9492,252.256,21.472
9493,251.072,19.68
9494,261.392,20.496
9495,249.344,19.68
9496,214.784,20.592
9497,221.296,18.496
9498,212.16,20.384
9499,208.848,18.56
9500,219.104,20.848
9501,209.12,18.64
9502,210.752,20.608
9503,208.816,18.704
9504,524.192,30.112
9505,513.328,36.912
9506,212.576,20.656
9507,213.232,18.736
9508,210.928,20.96
9509,209.328,18.864
9510,211.936,20.784
9511,209.52,21.968
9512,213.664,20.832
9513,209.728,18.88
9514,208.48,20.336
9515,214.048,18.496
9516,209.872,20.304
9517,212.48,18.768
9518,213.52,20.544
9519,211.84,18.944
9520,210.112,20.864
9521,208.4,18.88
9522,210.288,20.512
9523,210.0,18.496
9524,213.664,20.736
9525,209.072,18.592
9526,214.64,20.864
9527,207.552,18.848
9528,211.392,20.176
9529,207.632,18.912
9530,207.952,19.952
9531,206.672,18.912
9532,211.792,20.128
9533,209.184,18.848
9534,210.192,19.888
9535,209.168,18.816
9536,210.992,19.712
9537,254.576,21.456
9538,390.336,23.904
9539,369.296,29.344
9540,431.168,24.992
9541,217.344,29.248
9542,215.888,20.768
9543,208.352,19.024
9544,210.224,20.576
9545,213.888,19.04
9546,210.016,20.4
9547,212.704,18.64
9548,222.736,20.608
9549,208.864,18.8
9550,214.768,20.304
9551,215.376,18.816
9552,210.864,19.92
9553,208.144,18.544
9554,209.232,19.888
9555,211.52,18.64
9556,210.848,19.936
9557,209.888,18.624
9558,214.176,20.128
9559,209.12,18.912
9560,213.296,20.8
9561,210.32,18.576
9562,210.832,20.592
9563,210.384,18.768
9564,216.048,21.056
9565,209.552,19.216
9566,211.104,19.92
9567,210.0,18.672
9568,222.72,20.784
9569,210.832,18.608
9570,210.528,20.352
9571,209.888,19.088
9572,211.104,20.4
9573,431.824,21.44
9574,450.72,25.968
9575,219.888,24.288
9576,218.224,20.752
9577,209.248,18.944
9578,215.616,20.688
9579,216.08,19.024
9580,215.152,20.768
9581,209.296,18.896
9582,210.944,20.688
9583,219.712,18.656
9584,209.216,20.64
9585,209.952,18.592
9586,209.536,20.432
9587,210.032,18.64
9588,213.968,20.48
9589,210.4,18.768
9590,210.272,21.2
9591,216.688,18.608
9592,229.232,20.688
9593,209.312,19.28
9594,210.816,20.4
9595,209.04,18.688
9596,219.36,20.288
9597,210.128,18.592
9598,213.104,19.888
9599,246.864,18.848
9600,256.848,22.32
9601,244.4,25.408
9602,246.24,20.96
9603,255.696,21.088
9604,258.576,20.112
9605,210.48,19.312
9606,209.584,20.864
9607,213.392,18.688
9608,213.264,20.016
9609,210.352,18.944
9610,209.984,20.096
9611,209.408,18.64
9612,212.832,27.664
9613,430.416,33.168
9614,484.752,25.056
9615,267.008,23.008
9616,215.232,20.384
9617,212.736,18.8
9618,210.304,20.88
9619,213.072,22.032
9620,211.84,20.48
9621,209.216,18.736
9622,209.328,20.944
9623,211.584,18.592
9624,208.88,20.336
9625,209.92,18.4
9626,209.552,20.24
9627,212.816,18.592
9628,214.8,20.912
9629,214.144,18.928
9630,211.168,21.008
9631,213.168,18.8
9632,210.864,21.328
9633,213.088,18.784
9634,219.744,20.592
9635,213.312,19.168
9636,218.704,20.48
9637,209.952,18.544
9638,210.224,20.672
9639,209.344,18.736
9640,215.424,21.072
9641,210.016,18.688
9642,209.264,20.032
9643,209.008,18.8
9644,218.176,21.056
9645,208.64,18.432
9646,212.224,20.544
9647,211.68,19.056
9648,412.336,22.16
9649,375.152,26.384
9650,360.544,24.32
9651,383.456,27.2
9652,215.776,20.48
9653,210.448,18.624
9654,214.064,20.72
9655,213.6,18.672
9656,211.664,20.272
9657,221.888,18.816
9658,210.352,24.064
9659,213.312,18.976
9660,212.656,20.112
9661,208.368,18.304
9662,210.112,20.592
9663,213.36,18.912
9664,209.344,20.416
9665,209.328,18.72
9666,210.592,20.0
9667,219.136,19.184
9668,210.752,20.592
9669,209.008,18.512
9670,210.048,20.16
9671,211.984,19.04
9672,210.416,20.848
9673,209.088,18.704
9674,210.304,20.592
9675,226.688,18.496
9676,215.36,20.912
9677,209.456,19.232
9678,210.401,20.128
9679,209.84,19.248
9680,211.696,20.24
9681,212.176,18.496
9682,208.944,20.176
9683,415.616,24.384
9684,412.448,20.736
9685,245.952,30.704
9686,215.584,20.64
9687,220.144,18.56
9688,210.016,21.088
9689,208.128,18.656
9690,214.448,20.512
9691,211.616,18.64
9692,210.608,20.848
9693,214.16,19.056
9694,211.84,20.864
9695,210.784,18.624
9696,218.464,20.576
9697,209.248,18.656
9698,210.16,20.512
9699,212.576,18.8
9700,217.2,20.512
9701,208.112,18.544
9702,211.744,20.8
9703,208.752,18.64
9704,213.12,20.912
9705,210.144,18.544
9706,218.048,20.704
9707,209.232,18.608
9708,213.52,21.168
9709,209.072,18.864
9710,257.44,22.048
9711,261.344,29.184
9712,251.696,20.416
9713,239.696,20.144
9714,261.408,22.48
9715,209.952,19.616
9716,217.184,20.72
9717,214.64,18.88
9718,222.432,20.928
9719,209.312,18.512
9720,212.624,20.624
9721,209.376,18.368
9722,210.512,20.208
9723,266.448,18.768
9724,486.112,24.544
9725,448.912,32.704
9726,220.8,20.672
9727,209.184,19.008
9728,214.272,20.528
9729,212.976,18.672
9730,210.48,25.232
9731,214.736,18.928
9732,211.488,20.352
9733,210.272,18.72
9734,210.928,20.96
9735,210.24,18.736
9736,210.48,20.656
9737,209.648,18.976
9738,209.392,20.368
9739,212.848,18.608
9740,213.392,20.496
9741,212.816,18.624
9742,211.888,20.688
9743,212.8,19.024
9744,210.432,21.152
9745,209.168,18.752
9746,215.536,20.96
9747,209.552,19.088
9748,213.424,20.576
9749,213.552,18.576
9750,214.4,20.32
9751,209.28,18.464
9752,217.392,20.4
9753,208.992,18.672
9754,208.992,20.112
9755,213.456,18.592
9756,213.216,27.616
9757,366.448,27.616
9758,390.624,22.0
9759,393.36,27.536
9760,371.936,20.848
9761,213.088,19.056
9762,218.672,20.752
9763,208.912,18.8
9764,214.896,20.56
9765,210.096,18.768
9766,218.096,20.256
9767,209.552,18.64
9768,210.272,20.608
9769,217.968,18.672
9770,209.072,23.2
9771,208.96,18.224
9772,214.848,20.192
9773,209.696,18.56
9774,214.72,20.736
9775,216.496,19.024
9776,212.096,20.944
9777,208.752,18.688
9778,210.336,20.816
9779,214.64,18.864
9780,210.176,20.912
9781,209.888,22.928
9782,211.456,20.24
9783,215.056,18.832
9784,210.352,20.448
9785,209.76,19.008
9786,210.16,21.072
9787,209.04,19.088
9788,214.352,20.592
9789,209.296,18.864
9790,210.56,20.224
9791,209.328,18.768
9792,492.928,25.312
9793,380.976,28.448
9794,235.616,20.192
9795,210.048,18.912
9796,210.496,20.416
9797,209.728,18.928
9798,211.104,20.992
9799,209.392,22.592
9800,209.248,20.608
9801,209.536,18.624
9802,210.56,20.624
9803,210.384,18.416
9804,214.016,20.656
9805,221.488,18.928
9806,212.336,20.24
9807,217.616,18.864
9808,212.496,20.032
9809,209.152,18.88
9810,211.728,20.208
9811,216.688,18.48
9812,210.656,19.936
9813,213.824,18.656
9814,210.016,20.304
9815,217.536,18.832
9816,214.224,20.448
9817,208.272,18.464
9818,215.504,25.456
9819,257.728,19.072
9820,262.608,21.488
9821,269.824,20.048
9822,250.336,23.44
9823,249.616,20.032
9824,211.792,20.256
9825,223.456,18.432
9826,211.36,19.984
9827,209.36,18.832
9828,217.504,20.224
9829,209.504,18.848
9830,215.84,20.672
9831,213.296,18.784
9832,477.104,23.072
9833,495.488,25.968
9834,235.024,20.4
9835,208.72,18.432
9836,210.784,20.864
9837,208.656,18.992
9838,213.76,20.656
9839,214.416,18.656
9840,211.312,20.0
9841,217.728,18.512
9842,214.032,20.416
9843,214.192,18.544
9844,209.968,20.416
9845,209.984,22.784
9846,211.792,21.088
9847,213.136,31.392
9848,216.336,20.304
9849,210.208,18.976
9850,214.0,20.64
9851,210.96,18.608
9852,214.928,20.528
9853,209.824,18.688
9854,210.848,20.64
9855,213.2,18.976
9856,210.8,20.704
9857,214.96,19.12
9858,212.752,20.336
9859,212.624,18.752
9860,210.72,20.912
9861,208.336,18.848
9862,215.248,20.48
9863,214.752,18.704
9864,212.272,20.576
9865,271.872,18.944
9866,409.152,23.36
9867,415.616,26.832
9868,373.2,20.704
9869,213.392,20.752
9870,220.336,21.072
9871,208.784,18.976
9872,220.176,20.848
9873,218.928,19.184
9874,218.16,21.792
9875,209.888,18.896
9876,210.416,20.72
9877,211.12,18.608
9878,215.728,20.864
9879,209.232,18.784
9880,209.296,20.496
9881,209.712,18.736
9882,209.792,23.136
9883,210.208,18.896
9884,211.248,20.864
9885,210.048,18.64
9886,211.104,20.784
9887,212.576,18.736
9888,216.704,20.864
9889,209.52,19.04
9890,214.72,20.288
9891,216.8,18.672
9892,220.304,20.848
9893,217.856,19.088
9894,225.328,21.536
9895,224.672,19.744
9896,214.08,20.784
9897,208.656,18.48
9898,206.688,20.16
9899,211.552,18.736
9900,211.616,21.008
9901,434.432,24.544
9902,486.416,20.944
9903,210.064,19.376
9904,210.096,20.32
9905,207.84,18.4
9906,216.496,20.24
9907,209.024,18.336
9908,213.104,20.432
9909,208.832,22.144
9910,217.744,20.032
9911,211.184,18.592
9912,214.208,20.768
9913,211.76,18.72
9914,216.96,20.784
9915,213.472,23.584
9916,208.736,20.208
9917,208.288,18.592
9918,215.344,20.08
9919,214.608,18.576
9920,208.944,20.384
9921,209.792,18.608
9922,210.784,20.512
9923,213.424,18.976
9924,210.928,20.352
9925,208.8,18.672
9926,211.52,20.88
9927,243.488,19.072
9928,270.128,21.648
9929,250.976,20.0
9930,248.704,21.488
9931,251.424,19.424
9932,252.112,21.408
9933,208.912,19.024
9934,208.976,20.032
9935,212.048,18.88
9936,209.408,20.72
9937,213.216,18.88
9938,208.848,20.608
9939,210.368,18.704
9940,212.928,22.848
9941,440.784,27.856
9942,566.016,20.56
9943,208.224,19.696
9944,209.072,19.92
9945,209.968,18.688
9946,209.776,20.832
9947,208.88,18.688
9948,215.776,20.432
9949,211.584,19.184
9950,216.4,20.784
9951,209.04,18.496
9952,210.528,20.288
9953,210.72,18.56
9954,216.88,20.608
9955,209.344,18.832
9956,220.208,19.968
9957,209.264,19.088
9958,213.76,20.624
9959,216.352,18.88
9960,214.864,20.944
9961,214.736,18.704
9962,211.968,20.48
9963,211.456,18.64
9964,215.52,20.384
9965,208.816,18.816
9966,211.44,21.056
9967,213.984,18.608
9968,209.584,20.352
9969,210.272,18.48
9970,211.36,20.512
9971,214.736,18.608
9972,211.04,21.12
9973,210.16,22.192
9974,213.76,25.984
9975,367.12,26.176
9976,382.256,21.952
9977,383.424,26.592
9978,372.56,21.152
9979,213.36,19.216
9980,211.2,24.656
9981,211.312,18.592
9982,212.16,20.4
9983,215.024,19.264
9984,211.376,20.512
9985,209.888,18.64
9986,215.904,20.832
9987,215.456,18.832
9988,211.568,20.576
9989,208.816,18.8
9990,214.928,21.408
9991,214.0,18.912
9992,211.184,24.688
9993,209.008,19.104
9994,215.248,21.04
9995,208.944,18.816
9996,209.984,20.304
9997,214.928,18.464
9998,213.264,20.768
9999,209.296,18.448
