D,tau,n_seeds,val mean,val mean_ci95
Dedup(0.85),0.99,3,0.5668,0.0321
Dedup(0.85),1.0,3,0.5668,0.0321
Dedup(0.85),1.01,3,0.5673,0.0336
Dedup(0.85),1.03,2,0.5627,0.1321
Dedup(0.85),1.04,3,0.5687,0.0331
Dedup(0.85),1.05,3,0.569,0.0338
Dedup(0.85),1.06,3,0.5695,0.0348
Dedup(0.85),1.07,3,0.5704,0.0352
Dedup(0.85),1.08,3,0.5712,0.0347
Dedup(0.85),1.09,3,0.5722,0.0369
Dedup(0.85),1.1,3,0.5733,0.0375
Dedup(0.85),1.11,3,0.5736,0.0382
Dedup(0.85),1.12,3,0.5751,0.0347
Dedup(0.85),1.13,3,0.5767,0.0352
Dedup(0.85),1.14,3,0.5779,0.0335
Dedup(0.85),1.15,3,0.5795,0.0346
Dedup(0.85),1.16,3,0.5812,0.0355
Dedup(0.85),1.17,3,0.5823,0.0369
Dedup(0.85),1.18,3,0.5835,0.0346
Dedup(0.85),1.19,3,0.5843,0.0343
Dedup(0.85),1.2,3,0.5849,0.0351
Dedup(0.85),1.21,3,0.5856,0.0366
Dedup(0.85),1.22,3,0.5858,0.0369
Dedup(0.85),1.23,3,0.5867,0.0382
Dedup(0.85),1.24,3,0.5875,0.0381
Dedup(0.85),1.25,3,0.5876,0.0385
Dedup(0.85),1.26,3,0.588,0.0381
Dedup(0.85),1.27,3,0.5881,0.0386
Dedup(0.85),1.28,3,0.5886,0.0387
Dedup(0.85),1.29,3,0.5889,0.0385
Dedup(0.85),1.3,3,0.5891,0.0388
Dedup(0.85),1.31,3,0.5895,0.0368
Dedup(0.85),1.32,3,0.5901,0.0377
Dedup(0.85),1.33,3,0.5909,0.0375
Dedup(0.85),1.34,3,0.5913,0.0364
Dedup(0.85),1.35,3,0.5915,0.0366
Dedup(0.85),1.36,3,0.5919,0.0378
Dedup(0.85),1.37,3,0.5926,0.0391
Dedup(0.85),1.38,3,0.5931,0.0401
Dedup(0.85),1.39,3,0.5932,0.0403
Dedup(0.85),1.4,3,0.5938,0.0398
Dedup(0.85),1.41,3,0.5942,0.04
Dedup(0.85),1.42,3,0.5947,0.0413
Dedup(0.85),1.43,3,0.5951,0.0418
Dedup(0.85),1.44,3,0.5953,0.0423
Dedup(0.85),1.45,3,0.5955,0.0427
Dedup(0.85),1.46,3,0.5964,0.0437
Dedup(0.85),1.48,3,0.597,0.0428
Dedup(0.85),1.49,3,0.5973,0.0435
Dedup(0.85),1.5,3,0.598,0.0436
Dedup(0.85),1.51,3,0.5985,0.0435
Dedup(0.85),1.52,3,0.5987,0.0439
Dedup(0.85),1.53,3,0.5994,0.0432
Dedup(0.85),1.54,3,0.5996,0.0431
Dedup(0.85),1.55,3,0.6,0.0427
Dedup(0.85),1.56,2,0.5953,0.1887
Dedup(0.85),1.57,2,0.5957,0.1842
Dedup(0.85),1.58,3,0.6007,0.0419
Dedup(0.85),1.59,3,0.6008,0.0422
Dedup(0.85),1.6,3,0.6011,0.041
Dedup(0.85),1.61,2,0.5968,0.1811
Dedup(0.85),1.62,3,0.6016,0.0412
Dedup(0.85),1.63,3,0.6018,0.0417
Dedup(0.85),1.64,3,0.6024,0.0412
Dedup(0.85),1.65,3,0.6026,0.0406
Dedup(0.85),1.66,2,0.599,0.1893
Dedup(0.85),1.67,3,0.6034,0.041
Dedup(0.85),1.68,3,0.6036,0.0414
Dedup(0.85),1.69,3,0.604,0.0411
Dedup(0.85),1.7,3,0.6044,0.0409
Dedup(0.85),1.71,3,0.6047,0.0395
Dedup(0.85),1.74,3,0.6051,0.0404
Dedup(0.85),1.75,3,0.6051,0.0403
Dedup(0.85),1.76,3,0.6054,0.0403
Dedup(0.85),1.77,3,0.6056,0.0403
Dedup(0.85),1.79,3,0.606,0.0412
Dedup(0.85),1.81,3,0.6063,0.0414
Dedup(0.85),1.83,3,0.6064,0.0416
Dedup(0.85),1.84,3,0.6069,0.0415
Dedup(0.85),1.88,3,0.6071,0.0419
Dedup(0.85),1.89,3,0.6072,0.0422
Dedup(0.85),1.9,3,0.6076,0.0432
Dedup(0.85),1.91,3,0.6077,0.0436
Dedup(0.85),1.93,3,0.6085,0.0451
Dedup(0.85),1.94,2,0.6021,0.176
Dedup(0.85),1.95,2,0.6021,0.176
Dedup(0.85),1.97,3,0.6097,0.0444
Dedup(0.85),1.98,3,0.6097,0.0444
Dedup(0.85),1.99,2,0.6036,0.1773
Dedup(0.85),2.01,1,0.5896,0.0
Dedup(0.85),2.02,3,0.61,0.0432
Dedup(0.85),2.03,3,0.6101,0.0428
Dedup(0.85),2.04,3,0.6104,0.0423
Dedup(0.85),2.05,2,0.6047,0.1696
Dedup(0.85),2.06,3,0.6105,0.0417
Dedup(0.85),2.08,3,0.6115,0.0418
Dedup(0.85),2.09,3,0.6116,0.0421
Dedup(0.85),2.1,3,0.6117,0.0422
Dedup(0.85),2.11,3,0.6123,0.0407
Dedup(0.85),2.12,3,0.6129,0.0409
Dedup(0.85),2.13,3,0.6129,0.0408
Dedup(0.85),2.14,3,0.6133,0.0418
Dedup(0.85),2.15,2,0.6074,0.1684
Dedup(0.85),2.16,3,0.6135,0.0422
Dedup(0.85),2.17,3,0.6135,0.0422
Dedup(0.85),2.18,3,0.6137,0.0427
Dedup(0.85),2.19,2,0.6102,0.2046
Dedup(0.85),2.2,3,0.6141,0.0423
Dedup(0.85),2.21,3,0.6141,0.0423
Dedup(0.85),2.22,3,0.6141,0.0423
Dedup(0.85),2.23,3,0.6141,0.0423
Dedup(0.85),2.24,3,0.6143,0.0423
Dedup(0.85),2.25,3,0.6145,0.0416
Dedup(0.85),2.26,3,0.6145,0.0416
Dedup(0.85),2.27,3,0.6146,0.0418
Dedup(0.85),2.28,2,0.6082,0.162
Dedup(0.85),2.29,3,0.6146,0.0418
Dedup(0.85),2.3,3,0.6147,0.0415
Dedup(0.85),2.31,3,0.6147,0.0415
Dedup(0.85),2.32,2,0.6083,0.1607
Dedup(0.85),2.33,3,0.6148,0.0408
Dedup(0.85),2.34,3,0.615,0.0412
Dedup(0.85),2.35,3,0.6153,0.0419
Dedup(0.85),2.36,3,0.6153,0.0419
Dedup(0.85),2.37,3,0.6151,0.0429
Dedup(0.85),2.38,3,0.6154,0.0415
Dedup(0.85),2.39,3,0.6154,0.0425
Dedup(0.85),2.4,3,0.6154,0.0425
Dedup(0.85),2.41,3,0.6156,0.0429
Dedup(0.85),2.42,3,0.6157,0.0431
Dedup(0.85),2.43,2,0.6123,0.2077
Dedup(0.85),2.44,3,0.6157,0.0431
Dedup(0.85),2.45,3,0.616,0.0437
Dedup(0.85),2.46,3,0.6159,0.0439
Dedup(0.85),2.48,3,0.6161,0.0444
Dedup(0.85),2.49,3,0.6167,0.0416
Dedup(0.85),2.5,1,0.5978,0.0
Dedup(0.85),2.51,3,0.6168,0.0418
Dedup(0.85),2.52,3,0.6171,0.0428
Dedup(0.85),2.53,3,0.6171,0.0428
Dedup(0.85),2.54,3,0.6175,0.0414
Dedup(0.85),2.55,3,0.6176,0.0419
Dedup(0.85),2.56,3,0.6178,0.0424
Dedup(0.85),2.57,3,0.618,0.0421
Dedup(0.85),2.58,3,0.618,0.0421
Dedup(0.85),2.59,2,0.611,0.1499
Dedup(0.85),2.61,3,0.6184,0.0427
Dedup(0.85),2.62,3,0.6186,0.0429
Dedup(0.85),2.63,3,0.6186,0.0429
Dedup(0.85),2.64,3,0.6188,0.0434
Dedup(0.85),2.65,3,0.6189,0.0436
Dedup(0.85),2.66,2,0.612,0.1626
Dedup(0.85),2.67,3,0.6194,0.0439
Dedup(0.85),2.69,3,0.6196,0.0441
Dedup(0.85),2.7,3,0.6198,0.0443
Dedup(0.85),2.71,3,0.6199,0.0439
Dedup(0.85),2.72,3,0.62,0.044
Dedup(0.85),2.73,3,0.6201,0.0438
Dedup(0.85),2.74,3,0.6202,0.0443
Dedup(0.85),2.75,3,0.6204,0.0446
Dedup(0.85),2.76,3,0.6207,0.0442
Dedup(0.85),2.77,3,0.6206,0.0439
Dedup(0.85),2.78,3,0.6208,0.0444
Dedup(0.85),2.79,3,0.6208,0.0444
Dedup(0.85),2.8,3,0.6211,0.043
Dedup(0.85),2.81,3,0.6217,0.0446
Dedup(0.85),2.82,3,0.6218,0.044
Dedup(0.85),2.83,3,0.6218,0.044
Dedup(0.85),2.84,3,0.622,0.0433
Dedup(0.85),2.85,3,0.622,0.0433
Dedup(0.85),2.86,3,0.622,0.0433
Dedup(0.85),2.87,2,0.6195,0.2147
Dedup(0.85),2.88,3,0.6225,0.0421
Dedup(0.85),2.89,3,0.6225,0.0421
Dedup(0.85),2.91,3,0.6225,0.0421
Dedup(0.85),2.92,3,0.6226,0.0424
Dedup(0.85),2.93,3,0.6226,0.0424
Dedup(0.85),2.94,3,0.6228,0.0426
Dedup(0.85),2.95,3,0.6229,0.0427
Dedup(0.85),2.96,3,0.6229,0.0427
Dedup(0.85),2.97,3,0.6229,0.0427
Dedup(0.85),2.98,3,0.6229,0.0427
Dedup(0.85),2.99,3,0.6229,0.0427
Dedup(0.85),3.0,3,0.6229,0.0427
Dedup(0.85),3.01,3,0.6229,0.0427
Dedup(0.85),3.02,3,0.6229,0.0427
Dedup(0.85),3.03,3,0.6229,0.0427
Dedup(0.85),3.04,3,0.6235,0.0436
Dedup(0.85),3.05,3,0.6239,0.0446
Dedup(0.85),3.06,3,0.6242,0.0455
Dedup(0.85),3.07,3,0.6242,0.0455
Dedup(0.85),3.08,2,0.6212,0.223
Dedup(0.85),3.09,3,0.6242,0.0455
Dedup(0.85),3.1,3,0.6245,0.0441
Dedup(0.85),3.11,3,0.6245,0.0441
Dedup(0.85),3.12,3,0.6245,0.0441
Dedup(0.85),3.13,3,0.6245,0.0441
Dedup(0.85),3.14,3,0.6245,0.0441
Dedup(0.85),3.15,3,0.6244,0.0438
Dedup(0.85),3.16,3,0.6248,0.0445
Dedup(0.85),3.17,3,0.6248,0.0445
Dedup(0.85),3.18,3,0.6252,0.0455
Dedup(0.85),3.19,3,0.6252,0.0456
Dedup(0.85),3.2,3,0.6252,0.0456
Dedup(0.85),3.21,3,0.6252,0.0456
Dedup(0.85),3.22,3,0.6252,0.0456
Dedup(0.85),3.23,3,0.6252,0.0456
Dedup(0.85),3.24,3,0.6252,0.0456
Dedup(0.85),3.25,3,0.6252,0.0456
Dedup(0.85),3.26,3,0.6259,0.0465
Dedup(0.85),3.27,3,0.6262,0.0473
Dedup(0.85),3.28,2,0.6226,0.2287
Dedup(0.85),3.29,3,0.6262,0.0473
Dedup(0.85),3.3,3,0.6262,0.0473
Dedup(0.85),3.31,3,0.6265,0.0478
Dedup(0.85),3.32,3,0.6265,0.0478
Dedup(0.85),3.33,3,0.6265,0.0478
Dedup(0.85),3.34,2,0.6226,0.2287
Dedup(0.85),3.35,3,0.6265,0.0478
Dedup(0.85),3.36,3,0.6265,0.0478
Dedup(0.85),3.37,3,0.6268,0.0487
Dedup(0.85),3.38,3,0.6268,0.0487
Dedup(0.85),3.39,3,0.6271,0.0474
Dedup(0.85),3.4,3,0.6271,0.0474
Dedup(0.85),3.41,3,0.6271,0.0474
Dedup(0.85),3.42,3,0.6271,0.0474
Dedup(0.85),3.44,2,0.6236,0.2293
Dedup(0.85),3.45,3,0.6271,0.0474
Dedup(0.85),3.46,3,0.6275,0.0484
Dedup(0.85),3.47,3,0.6275,0.0484
Dedup(0.85),3.48,3,0.6275,0.0484
Dedup(0.85),3.49,3,0.6275,0.0484
Dedup(0.85),3.5,3,0.6275,0.0484
Dedup(0.85),3.51,3,0.6275,0.0484
Dedup(0.85),3.52,3,0.6275,0.0484
Dedup(0.85),3.53,3,0.6275,0.0484
Dedup(0.85),3.54,2,0.6199,0.183
Dedup(0.85),3.55,3,0.6278,0.0492
Dedup(0.85),3.56,3,0.6278,0.0492
Dedup(0.85),3.57,1,0.6055,0.0
Dedup(0.85),3.58,3,0.6278,0.0492
Dedup(0.85),3.59,3,0.6278,0.0492
Dedup(0.85),3.6,3,0.6278,0.0492
Dedup(0.85),3.61,3,0.6278,0.0492
Dedup(0.85),3.62,3,0.6278,0.0492
Dedup(0.85),3.63,3,0.6278,0.0492
Dedup(0.85),3.64,3,0.6279,0.0497
Dedup(0.85),3.65,3,0.6279,0.0497
Dedup(0.85),3.66,3,0.6279,0.0497
Dedup(0.85),3.69,3,0.6279,0.0497
Dedup(0.85),3.7,2,0.6199,0.183
Dedup(0.85),3.72,3,0.6279,0.0497
Dedup(0.85),3.74,2,0.6199,0.183
Dedup(0.85),3.75,3,0.6279,0.0497
Dedup(0.85),3.76,3,0.6279,0.0497
Dedup(0.85),3.77,3,0.6279,0.0497
Dedup(0.85),3.78,3,0.6279,0.0497
Dedup(0.85),3.79,3,0.6279,0.0497
Dedup(0.85),3.8,3,0.6279,0.0497
Dedup(0.85),3.81,3,0.6279,0.0497
Dedup(0.85),3.82,3,0.628,0.0498
Dedup(0.85),3.83,2,0.62,0.1842
Dedup(0.85),3.84,2,0.62,0.1842
Dedup(0.85),3.85,2,0.6248,0.2446
Dedup(0.85),3.86,3,0.628,0.0498
Dedup(0.85),3.87,3,0.628,0.0498
Dedup(0.85),3.88,2,0.6248,0.2446
Dedup(0.85),3.89,3,0.628,0.0498
Dedup(0.85),3.9,3,0.628,0.0498
Dedup(0.85),3.91,3,0.628,0.0498
Dedup(0.85),3.92,3,0.628,0.0498
Dedup(0.85),3.93,2,0.62,0.1842
Dedup(0.85),3.94,3,0.628,0.0498
Dedup(0.85),3.95,3,0.628,0.0498
Dedup(0.85),3.96,3,0.628,0.0498
Dedup(0.85),3.97,2,0.6248,0.2446
Dedup(0.85),3.98,1,0.6055,0.0
Dedup(0.85),3.99,3,0.628,0.0498
Dedup(0.85),4.01,3,0.628,0.0498
Dedup(0.85),4.02,3,0.628,0.0498
Dedup(0.85),4.03,3,0.628,0.0498
Dedup(0.85),4.04,2,0.6248,0.2446
Dedup(0.85),4.05,2,0.6248,0.2446
Dedup(0.85),4.06,2,0.62,0.1842
Dedup(0.85),4.07,3,0.628,0.0498
Dedup(0.85),4.09,1,0.6055,0.0
Dedup(0.85),4.1,3,0.628,0.0498
Dedup(0.85),4.12,2,0.6248,0.2446
Dedup(0.85),4.13,2,0.62,0.1842
Dedup(0.85),4.16,3,0.628,0.0498
Dedup(0.85),4.18,1,0.6055,0.0
Dedup(0.85),4.21,2,0.62,0.1842
Dedup(0.85),4.22,2,0.62,0.1842
Dedup(0.85),4.23,2,0.6248,0.2446
Dedup(0.85),4.24,2,0.6248,0.2446
Dedup(0.85),4.27,2,0.6248,0.2446
Dedup(0.85),4.28,1,0.6055,0.0
Dedup(0.85),4.29,2,0.6248,0.2446
Dedup(0.85),4.32,2,0.6248,0.2446
Dedup(0.85),4.35,3,0.628,0.0498
Dedup(0.85),4.37,3,0.628,0.0498
Dedup(0.85),4.38,2,0.6248,0.2446
Dedup(0.85),4.49,3,0.628,0.0498
Dedup(0.85),4.57,2,0.62,0.1842
Dedup(0.85),4.68,2,0.6248,0.2446
Dedup(0.85),4.71,1,0.6055,0.0
Dedup(0.85),4.72,1,0.6055,0.0
Dedup(0.9),0.99,3,0.5668,0.0321
Dedup(0.9),1.0,3,0.5668,0.0321
Dedup(0.9),1.01,3,0.5673,0.0336
Dedup(0.9),1.03,2,0.5627,0.1321
Dedup(0.9),1.04,3,0.5687,0.0331
Dedup(0.9),1.05,3,0.569,0.0338
Dedup(0.9),1.06,3,0.5695,0.0348
Dedup(0.9),1.07,3,0.5704,0.0352
Dedup(0.9),1.08,3,0.5712,0.0347
Dedup(0.9),1.09,3,0.5722,0.0369
Dedup(0.9),1.1,3,0.5733,0.0375
Dedup(0.9),1.11,3,0.5736,0.0382
Dedup(0.9),1.12,3,0.5751,0.0347
Dedup(0.9),1.13,3,0.5767,0.0352
Dedup(0.9),1.14,3,0.5779,0.0335
Dedup(0.9),1.15,3,0.5795,0.0346
Dedup(0.9),1.16,3,0.5812,0.0355
Dedup(0.9),1.17,3,0.5823,0.0369
Dedup(0.9),1.18,3,0.5835,0.0346
Dedup(0.9),1.19,3,0.5843,0.0343
Dedup(0.9),1.2,3,0.585,0.0354
Dedup(0.9),1.21,3,0.5858,0.0369
Dedup(0.9),1.22,3,0.5859,0.0373
Dedup(0.9),1.23,3,0.5869,0.0385
Dedup(0.9),1.24,3,0.5877,0.0377
Dedup(0.9),1.25,3,0.5879,0.0381
Dedup(0.9),1.26,3,0.5882,0.0378
Dedup(0.9),1.27,3,0.5884,0.0382
Dedup(0.9),1.28,3,0.5889,0.0386
Dedup(0.9),1.29,3,0.5892,0.0382
Dedup(0.9),1.3,3,0.5894,0.0386
Dedup(0.9),1.31,3,0.5898,0.0367
Dedup(0.9),1.32,3,0.5904,0.0374
Dedup(0.9),1.33,3,0.5912,0.0372
Dedup(0.9),1.34,3,0.5916,0.0362
Dedup(0.9),1.35,3,0.5917,0.0364
Dedup(0.9),1.36,3,0.5922,0.0377
Dedup(0.9),1.37,3,0.5929,0.039
Dedup(0.9),1.38,3,0.5933,0.0399
Dedup(0.9),1.39,3,0.5935,0.0402
Dedup(0.9),1.4,3,0.594,0.0397
Dedup(0.9),1.41,3,0.5946,0.0393
Dedup(0.9),1.42,3,0.5951,0.0405
Dedup(0.9),1.43,3,0.5955,0.0411
Dedup(0.9),1.44,3,0.5957,0.0417
Dedup(0.9),1.45,3,0.5959,0.042
Dedup(0.9),1.46,3,0.5969,0.0432
Dedup(0.9),1.48,3,0.5974,0.0424
Dedup(0.9),1.49,3,0.5978,0.0431
Dedup(0.9),1.5,3,0.5984,0.043
Dedup(0.9),1.51,3,0.5989,0.0429
Dedup(0.9),1.52,3,0.5992,0.0434
Dedup(0.9),1.53,3,0.5998,0.0428
Dedup(0.9),1.54,3,0.6001,0.0425
Dedup(0.9),1.55,3,0.6004,0.0423
Dedup(0.9),1.56,2,0.5957,0.1849
Dedup(0.9),1.57,2,0.5963,0.183
Dedup(0.9),1.58,3,0.6011,0.0413
Dedup(0.9),1.59,3,0.6013,0.0417
Dedup(0.9),1.6,3,0.6015,0.0405
Dedup(0.9),1.61,2,0.5974,0.1798
Dedup(0.9),1.62,3,0.6021,0.0406
Dedup(0.9),1.63,3,0.6023,0.0412
Dedup(0.9),1.64,3,0.6029,0.0402
Dedup(0.9),1.65,3,0.603,0.0398
Dedup(0.9),1.66,2,0.5998,0.1861
Dedup(0.9),1.67,3,0.6039,0.0399
Dedup(0.9),1.68,3,0.604,0.0403
Dedup(0.9),1.69,3,0.6044,0.0401
Dedup(0.9),1.7,3,0.6049,0.04
Dedup(0.9),1.71,3,0.6053,0.0386
Dedup(0.9),1.74,3,0.6058,0.0392
Dedup(0.9),1.75,3,0.6059,0.0393
Dedup(0.9),1.76,3,0.6062,0.0394
Dedup(0.9),1.77,3,0.6065,0.0394
Dedup(0.9),1.79,3,0.6068,0.0404
Dedup(0.9),1.81,3,0.6072,0.0407
Dedup(0.9),1.83,3,0.6073,0.0409
Dedup(0.9),1.84,3,0.6078,0.0407
Dedup(0.9),1.88,3,0.608,0.0412
Dedup(0.9),1.89,3,0.6082,0.0417
Dedup(0.9),1.9,3,0.6085,0.0425
Dedup(0.9),1.91,3,0.6087,0.0431
Dedup(0.9),1.93,3,0.6095,0.0446
Dedup(0.9),1.94,2,0.6031,0.1709
Dedup(0.9),1.95,2,0.6031,0.1709
Dedup(0.9),1.97,3,0.6106,0.0438
Dedup(0.9),1.98,3,0.6106,0.0438
Dedup(0.9),1.99,2,0.6044,0.1684
Dedup(0.9),2.01,1,0.5912,0.0
Dedup(0.9),2.02,3,0.6111,0.0424
Dedup(0.9),2.03,3,0.6113,0.042
Dedup(0.9),2.04,3,0.6116,0.0416
Dedup(0.9),2.05,2,0.6058,0.1633
Dedup(0.9),2.06,3,0.6117,0.041
Dedup(0.9),2.08,3,0.6127,0.0412
Dedup(0.9),2.09,3,0.6128,0.0415
Dedup(0.9),2.1,3,0.6129,0.0417
Dedup(0.9),2.11,3,0.6136,0.0402
Dedup(0.9),2.12,3,0.6142,0.0404
Dedup(0.9),2.13,3,0.6142,0.0404
Dedup(0.9),2.14,3,0.6146,0.0416
Dedup(0.9),2.15,2,0.6086,0.1645
Dedup(0.9),2.16,3,0.6149,0.0422
Dedup(0.9),2.17,3,0.6149,0.0422
Dedup(0.9),2.18,3,0.6151,0.0427
Dedup(0.9),2.19,2,0.6119,0.2065
Dedup(0.9),2.2,3,0.6155,0.0424
Dedup(0.9),2.21,3,0.6155,0.0424
Dedup(0.9),2.22,3,0.6156,0.0427
Dedup(0.9),2.23,3,0.6158,0.0421
Dedup(0.9),2.24,3,0.6159,0.0421
Dedup(0.9),2.25,3,0.6161,0.0414
Dedup(0.9),2.26,3,0.6161,0.0414
Dedup(0.9),2.27,3,0.6163,0.0415
Dedup(0.9),2.28,2,0.6098,0.1557
Dedup(0.9),2.29,3,0.6164,0.0409
Dedup(0.9),2.3,3,0.6165,0.0408
Dedup(0.9),2.31,3,0.6165,0.0408
Dedup(0.9),2.32,2,0.61,0.1525
Dedup(0.9),2.33,3,0.6166,0.0401
Dedup(0.9),2.34,3,0.6168,0.0406
Dedup(0.9),2.35,3,0.6171,0.0413
Dedup(0.9),2.36,3,0.6171,0.0413
Dedup(0.9),2.37,3,0.6171,0.0413
Dedup(0.9),2.38,3,0.6171,0.0413
Dedup(0.9),2.39,3,0.6173,0.0417
Dedup(0.9),2.4,3,0.6173,0.0417
Dedup(0.9),2.41,3,0.6175,0.0419
Dedup(0.9),2.42,3,0.6176,0.0422
Dedup(0.9),2.43,2,0.6148,0.2065
Dedup(0.9),2.44,3,0.6177,0.042
Dedup(0.9),2.45,3,0.618,0.0425
Dedup(0.9),2.46,3,0.618,0.0427
Dedup(0.9),2.48,3,0.6182,0.0432
Dedup(0.9),2.49,3,0.6182,0.0432
Dedup(0.9),2.5,1,0.5987,0.0
Dedup(0.9),2.51,3,0.6183,0.0434
Dedup(0.9),2.52,3,0.6186,0.0443
Dedup(0.9),2.53,3,0.6186,0.0443
Dedup(0.9),2.54,3,0.6189,0.0431
Dedup(0.9),2.55,3,0.619,0.0436
Dedup(0.9),2.56,3,0.6192,0.0441
Dedup(0.9),2.57,3,0.6195,0.0437
Dedup(0.9),2.58,3,0.6195,0.0437
Dedup(0.9),2.59,2,0.6119,0.1506
Dedup(0.9),2.61,3,0.6199,0.0443
Dedup(0.9),2.62,3,0.62,0.0445
Dedup(0.9),2.63,3,0.62,0.0445
Dedup(0.9),2.64,3,0.6202,0.045
Dedup(0.9),2.65,3,0.6204,0.0452
Dedup(0.9),2.66,2,0.6129,0.1626
Dedup(0.9),2.67,3,0.6208,0.0454
Dedup(0.9),2.69,3,0.621,0.0456
Dedup(0.9),2.7,3,0.6212,0.0458
Dedup(0.9),2.71,3,0.6213,0.0454
Dedup(0.9),2.72,3,0.6214,0.0456
Dedup(0.9),2.73,3,0.6215,0.0453
Dedup(0.9),2.74,3,0.6215,0.0453
Dedup(0.9),2.75,3,0.6217,0.0457
Dedup(0.9),2.76,3,0.622,0.0453
Dedup(0.9),2.77,3,0.6222,0.0447
Dedup(0.9),2.78,3,0.6223,0.0452
Dedup(0.9),2.79,3,0.6223,0.0452
Dedup(0.9),2.8,3,0.6226,0.044
Dedup(0.9),2.81,3,0.6228,0.0442
Dedup(0.9),2.82,3,0.623,0.0435
Dedup(0.9),2.83,3,0.623,0.0435
Dedup(0.9),2.84,3,0.6231,0.0428
Dedup(0.9),2.85,3,0.6231,0.0428
Dedup(0.9),2.86,3,0.6231,0.0428
Dedup(0.9),2.87,2,0.6207,0.2122
Dedup(0.9),2.88,3,0.6236,0.0415
Dedup(0.9),2.89,3,0.6236,0.0415
Dedup(0.9),2.91,3,0.6236,0.0415
Dedup(0.9),2.92,3,0.6237,0.0419
Dedup(0.9),2.93,3,0.6237,0.0419
Dedup(0.9),2.94,3,0.6239,0.042
Dedup(0.9),2.95,3,0.624,0.0422
Dedup(0.9),2.96,3,0.624,0.0422
Dedup(0.9),2.97,3,0.624,0.0422
Dedup(0.9),2.98,3,0.624,0.0422
Dedup(0.9),2.99,3,0.624,0.0422
Dedup(0.9),3.0,3,0.624,0.0422
Dedup(0.9),3.01,3,0.624,0.0422
Dedup(0.9),3.02,3,0.624,0.0422
Dedup(0.9),3.03,3,0.624,0.0422
Dedup(0.9),3.04,3,0.624,0.0422
Dedup(0.9),3.05,3,0.6243,0.0432
Dedup(0.9),3.06,3,0.6247,0.0442
Dedup(0.9),3.07,3,0.6247,0.0442
Dedup(0.9),3.08,2,0.6223,0.2205
Dedup(0.9),3.09,3,0.6247,0.0442
Dedup(0.9),3.1,3,0.625,0.043
Dedup(0.9),3.11,3,0.625,0.043
Dedup(0.9),3.12,3,0.625,0.043
Dedup(0.9),3.13,3,0.625,0.043
Dedup(0.9),3.14,3,0.625,0.043
Dedup(0.9),3.15,3,0.625,0.043
Dedup(0.9),3.16,3,0.6254,0.0436
Dedup(0.9),3.17,3,0.6254,0.0436
Dedup(0.9),3.18,3,0.6257,0.0447
Dedup(0.9),3.19,3,0.6258,0.0447
Dedup(0.9),3.2,3,0.6258,0.0447
Dedup(0.9),3.21,3,0.6258,0.0447
Dedup(0.9),3.22,3,0.6258,0.0447
Dedup(0.9),3.23,3,0.6258,0.0447
Dedup(0.9),3.24,3,0.6258,0.0447
Dedup(0.9),3.25,3,0.6258,0.0447
Dedup(0.9),3.26,3,0.6264,0.0454
Dedup(0.9),3.27,3,0.6267,0.0463
Dedup(0.9),3.28,2,0.6239,0.2287
Dedup(0.9),3.29,3,0.6267,0.0463
Dedup(0.9),3.3,3,0.6267,0.0463
Dedup(0.9),3.31,3,0.627,0.0467
Dedup(0.9),3.32,3,0.627,0.0467
Dedup(0.9),3.33,3,0.627,0.0467
Dedup(0.9),3.34,2,0.6239,0.2287
Dedup(0.9),3.35,3,0.627,0.0467
Dedup(0.9),3.36,3,0.627,0.0467
Dedup(0.9),3.37,3,0.6274,0.0477
Dedup(0.9),3.38,3,0.6274,0.0477
Dedup(0.9),3.39,3,0.6277,0.0463
Dedup(0.9),3.4,3,0.6277,0.0463
Dedup(0.9),3.41,3,0.6277,0.0463
Dedup(0.9),3.42,3,0.6277,0.0463
Dedup(0.9),3.44,2,0.6249,0.2287
Dedup(0.9),3.45,3,0.6277,0.0463
Dedup(0.9),3.46,3,0.628,0.0473
Dedup(0.9),3.47,3,0.628,0.0473
Dedup(0.9),3.48,3,0.628,0.0473
Dedup(0.9),3.49,3,0.628,0.0473
Dedup(0.9),3.5,3,0.628,0.0473
Dedup(0.9),3.51,3,0.628,0.0473
Dedup(0.9),3.52,3,0.628,0.0473
Dedup(0.9),3.53,3,0.628,0.0473
Dedup(0.9),3.54,2,0.6201,0.1677
Dedup(0.9),3.55,3,0.6283,0.0483
Dedup(0.9),3.56,3,0.6283,0.0483
Dedup(0.9),3.57,1,0.6069,0.0
Dedup(0.9),3.58,3,0.6283,0.0483
Dedup(0.9),3.59,3,0.6283,0.0483
Dedup(0.9),3.6,3,0.6283,0.0483
Dedup(0.9),3.61,3,0.6283,0.0483
Dedup(0.9),3.62,3,0.6283,0.0483
Dedup(0.9),3.63,3,0.6283,0.0483
Dedup(0.9),3.64,3,0.6285,0.0488
Dedup(0.9),3.65,3,0.6285,0.0488
Dedup(0.9),3.66,3,0.6285,0.0488
Dedup(0.9),3.69,3,0.6285,0.0488
Dedup(0.9),3.7,2,0.6201,0.1677
Dedup(0.9),3.72,3,0.6285,0.0488
Dedup(0.9),3.74,2,0.6201,0.1677
Dedup(0.9),3.75,3,0.6285,0.0488
Dedup(0.9),3.76,3,0.6285,0.0488
Dedup(0.9),3.77,3,0.6285,0.0488
Dedup(0.9),3.78,3,0.6285,0.0488
Dedup(0.9),3.79,3,0.6285,0.0488
Dedup(0.9),3.8,3,0.6285,0.0488
Dedup(0.9),3.81,3,0.6285,0.0488
Dedup(0.9),3.82,3,0.6286,0.0489
Dedup(0.9),3.83,2,0.6202,0.169
Dedup(0.9),3.84,2,0.6202,0.169
Dedup(0.9),3.85,2,0.6261,0.244
Dedup(0.9),3.86,3,0.6286,0.0489
Dedup(0.9),3.87,3,0.6286,0.0489
Dedup(0.9),3.88,2,0.6261,0.244
Dedup(0.9),3.89,3,0.6286,0.0489
Dedup(0.9),3.9,3,0.6286,0.0489
Dedup(0.9),3.91,3,0.6286,0.0489
Dedup(0.9),3.92,3,0.6286,0.0489
Dedup(0.9),3.93,2,0.6202,0.169
Dedup(0.9),3.94,3,0.6286,0.0489
Dedup(0.9),3.95,3,0.6286,0.0489
Dedup(0.9),3.96,3,0.6286,0.0489
Dedup(0.9),3.97,2,0.6261,0.244
Dedup(0.9),3.98,1,0.6069,0.0
Dedup(0.9),3.99,3,0.6286,0.0489
Dedup(0.9),4.01,3,0.6286,0.0489
Dedup(0.9),4.02,3,0.6286,0.0489
Dedup(0.9),4.03,3,0.6286,0.0489
Dedup(0.9),4.04,2,0.6261,0.244
Dedup(0.9),4.05,2,0.6261,0.244
Dedup(0.9),4.06,2,0.6202,0.169
Dedup(0.9),4.07,3,0.6286,0.0489
Dedup(0.9),4.09,1,0.6069,0.0
Dedup(0.9),4.1,3,0.6286,0.0489
Dedup(0.9),4.12,2,0.6261,0.244
Dedup(0.9),4.13,2,0.6202,0.169
Dedup(0.9),4.16,3,0.6286,0.0489
Dedup(0.9),4.18,1,0.6069,0.0
Dedup(0.9),4.21,2,0.6202,0.169
Dedup(0.9),4.22,2,0.6202,0.169
Dedup(0.9),4.23,2,0.6261,0.244
Dedup(0.9),4.24,2,0.6261,0.244
Dedup(0.9),4.27,2,0.6261,0.244
Dedup(0.9),4.28,1,0.6069,0.0
Dedup(0.9),4.29,2,0.6261,0.244
Dedup(0.9),4.32,2,0.6261,0.244
Dedup(0.9),4.35,3,0.6286,0.0489
Dedup(0.9),4.37,3,0.6286,0.0489
Dedup(0.9),4.38,2,0.6261,0.244
Dedup(0.9),4.49,3,0.6286,0.0489
Dedup(0.9),4.57,2,0.6202,0.169
Dedup(0.9),4.68,2,0.6261,0.244
Dedup(0.9),4.71,1,0.6069,0.0
Dedup(0.9),4.72,1,0.6069,0.0
Dedup(0.95),0.99,3,0.5668,0.0321
Dedup(0.95),1.0,3,0.5668,0.0321
Dedup(0.95),1.01,3,0.5673,0.0336
Dedup(0.95),1.03,2,0.5627,0.1321
Dedup(0.95),1.04,3,0.5687,0.0331
Dedup(0.95),1.05,3,0.569,0.0338
Dedup(0.95),1.06,3,0.5695,0.0348
Dedup(0.95),1.07,3,0.5704,0.0352
Dedup(0.95),1.08,3,0.5712,0.0347
Dedup(0.95),1.09,3,0.5722,0.0369
Dedup(0.95),1.1,3,0.5733,0.0375
Dedup(0.95),1.11,3,0.5736,0.0382
Dedup(0.95),1.12,3,0.5751,0.0347
Dedup(0.95),1.13,3,0.5767,0.0352
Dedup(0.95),1.14,3,0.5777,0.0331
Dedup(0.95),1.15,3,0.5793,0.034
Dedup(0.95),1.16,3,0.5808,0.0346
Dedup(0.95),1.17,3,0.5819,0.036
Dedup(0.95),1.18,3,0.5831,0.0338
Dedup(0.95),1.19,3,0.5839,0.0333
Dedup(0.95),1.2,3,0.5846,0.0345
Dedup(0.95),1.21,3,0.5851,0.0355
Dedup(0.95),1.22,3,0.5853,0.0359
Dedup(0.95),1.23,3,0.5862,0.0371
Dedup(0.95),1.24,3,0.5869,0.0369
Dedup(0.95),1.25,3,0.5871,0.0373
Dedup(0.95),1.26,3,0.5874,0.037
Dedup(0.95),1.27,3,0.5876,0.0374
Dedup(0.95),1.28,3,0.5881,0.0376
Dedup(0.95),1.29,3,0.5883,0.0379
Dedup(0.95),1.3,3,0.5885,0.0383
Dedup(0.95),1.31,3,0.5889,0.0365
Dedup(0.95),1.32,3,0.5895,0.0371
Dedup(0.95),1.33,3,0.5902,0.0369
Dedup(0.95),1.34,3,0.5906,0.0359
Dedup(0.95),1.35,3,0.5908,0.0362
Dedup(0.95),1.36,3,0.591,0.0366
Dedup(0.95),1.37,3,0.5915,0.0375
Dedup(0.95),1.38,3,0.5919,0.0384
Dedup(0.95),1.39,3,0.5921,0.0387
Dedup(0.95),1.4,3,0.5926,0.0382
Dedup(0.95),1.41,3,0.5932,0.0379
Dedup(0.95),1.42,3,0.5937,0.0391
Dedup(0.95),1.43,3,0.5941,0.0398
Dedup(0.95),1.44,3,0.5943,0.0403
Dedup(0.95),1.45,3,0.5945,0.0407
Dedup(0.95),1.46,3,0.5952,0.041
Dedup(0.95),1.48,3,0.5955,0.0402
Dedup(0.95),1.49,3,0.5958,0.0409
Dedup(0.95),1.5,3,0.5963,0.0414
Dedup(0.95),1.51,3,0.5968,0.0414
Dedup(0.95),1.52,3,0.597,0.0417
Dedup(0.95),1.53,3,0.5976,0.0411
Dedup(0.95),1.54,3,0.5979,0.0411
Dedup(0.95),1.55,3,0.5981,0.0414
Dedup(0.95),1.56,2,0.5927,0.1722
Dedup(0.95),1.57,2,0.5946,0.1893
Dedup(0.95),1.58,3,0.5987,0.0409
Dedup(0.95),1.59,3,0.5988,0.0413
Dedup(0.95),1.6,3,0.599,0.0406
Dedup(0.95),1.61,2,0.5955,0.1881
Dedup(0.95),1.62,3,0.5995,0.0409
Dedup(0.95),1.63,3,0.5997,0.0414
Dedup(0.95),1.64,3,0.6004,0.0405
Dedup(0.95),1.65,3,0.6005,0.0401
Dedup(0.95),1.66,2,0.5979,0.1944
Dedup(0.95),1.67,3,0.6013,0.0403
Dedup(0.95),1.68,3,0.6015,0.0408
Dedup(0.95),1.69,3,0.6019,0.0405
Dedup(0.95),1.7,3,0.6024,0.0403
Dedup(0.95),1.71,3,0.6026,0.0396
Dedup(0.95),1.74,3,0.6029,0.0405
Dedup(0.95),1.75,3,0.603,0.0408
Dedup(0.95),1.76,3,0.6034,0.041
Dedup(0.95),1.77,3,0.6036,0.0409
Dedup(0.95),1.79,3,0.604,0.042
Dedup(0.95),1.81,3,0.6043,0.0422
Dedup(0.95),1.83,3,0.6044,0.0423
Dedup(0.95),1.84,3,0.6049,0.0422
Dedup(0.95),1.88,3,0.6051,0.0425
Dedup(0.95),1.89,3,0.6052,0.043
Dedup(0.95),1.9,3,0.6056,0.044
Dedup(0.95),1.91,3,0.6058,0.0446
Dedup(0.95),1.93,3,0.6065,0.0459
Dedup(0.95),1.94,2,0.5994,0.1658
Dedup(0.95),1.95,2,0.5994,0.1658
Dedup(0.95),1.97,3,0.6074,0.0448
Dedup(0.95),1.98,3,0.6074,0.0448
Dedup(0.95),1.99,2,0.6005,0.1607
Dedup(0.95),2.01,1,0.5879,0.0
Dedup(0.95),2.02,3,0.608,0.0437
Dedup(0.95),2.03,3,0.6082,0.0432
Dedup(0.95),2.04,3,0.6084,0.0431
Dedup(0.95),2.05,2,0.6017,0.1569
Dedup(0.95),2.06,3,0.6085,0.0425
Dedup(0.95),2.08,3,0.6093,0.0423
Dedup(0.95),2.09,3,0.6094,0.0427
Dedup(0.95),2.1,3,0.6095,0.0428
Dedup(0.95),2.11,3,0.6101,0.0412
Dedup(0.95),2.12,3,0.6107,0.0413
Dedup(0.95),2.13,3,0.6107,0.0413
Dedup(0.95),2.14,3,0.611,0.042
Dedup(0.95),2.15,2,0.6043,0.1557
Dedup(0.95),2.16,3,0.6113,0.0427
Dedup(0.95),2.17,3,0.6113,0.0427
Dedup(0.95),2.18,3,0.6114,0.0429
Dedup(0.95),2.19,2,0.6087,0.2116
Dedup(0.95),2.2,3,0.6119,0.0427
Dedup(0.95),2.21,3,0.6119,0.0427
Dedup(0.95),2.22,3,0.612,0.043
Dedup(0.95),2.23,3,0.6121,0.0426
Dedup(0.95),2.24,3,0.6122,0.0427
Dedup(0.95),2.25,3,0.6124,0.042
Dedup(0.95),2.26,3,0.6124,0.042
Dedup(0.95),2.27,3,0.6126,0.0421
Dedup(0.95),2.28,2,0.6055,0.148
Dedup(0.95),2.29,3,0.6127,0.0416
Dedup(0.95),2.3,3,0.6127,0.0414
Dedup(0.95),2.31,3,0.6127,0.0414
Dedup(0.95),2.32,2,0.6057,0.1449
Dedup(0.95),2.33,3,0.6129,0.0408
Dedup(0.95),2.34,3,0.613,0.0412
Dedup(0.95),2.35,3,0.6134,0.0421
Dedup(0.95),2.36,3,0.6134,0.0421
Dedup(0.95),2.37,3,0.6134,0.0421
Dedup(0.95),2.38,3,0.6134,0.0421
Dedup(0.95),2.39,3,0.6136,0.0424
Dedup(0.95),2.4,3,0.6136,0.0424
Dedup(0.95),2.41,3,0.6138,0.0425
Dedup(0.95),2.42,3,0.6139,0.0429
Dedup(0.95),2.43,2,0.6116,0.2135
Dedup(0.95),2.44,3,0.6139,0.0426
Dedup(0.95),2.45,3,0.6141,0.043
Dedup(0.95),2.46,3,0.6142,0.0433
Dedup(0.95),2.48,3,0.6144,0.0438
Dedup(0.95),2.49,3,0.6144,0.0438
Dedup(0.95),2.5,1,0.595,0.0
Dedup(0.95),2.51,3,0.6144,0.0438
Dedup(0.95),2.52,3,0.6147,0.0448
Dedup(0.95),2.53,3,0.6147,0.0448
Dedup(0.95),2.54,3,0.615,0.0436
Dedup(0.95),2.55,3,0.6152,0.0441
Dedup(0.95),2.56,3,0.6153,0.0447
Dedup(0.95),2.57,3,0.6156,0.0443
Dedup(0.95),2.58,3,0.6156,0.0443
Dedup(0.95),2.59,2,0.6076,0.1417
Dedup(0.95),2.61,3,0.616,0.0449
Dedup(0.95),2.62,3,0.616,0.0449
Dedup(0.95),2.63,3,0.616,0.0449
Dedup(0.95),2.64,3,0.6162,0.0454
Dedup(0.95),2.65,3,0.6163,0.0455
Dedup(0.95),2.66,2,0.6082,0.1506
Dedup(0.95),2.67,3,0.6165,0.0448
Dedup(0.95),2.69,3,0.6165,0.0448
Dedup(0.95),2.7,3,0.6166,0.0449
Dedup(0.95),2.71,3,0.6167,0.0446
Dedup(0.95),2.72,3,0.6167,0.0446
Dedup(0.95),2.73,3,0.6168,0.0442
Dedup(0.95),2.74,3,0.6168,0.0442
Dedup(0.95),2.75,3,0.617,0.0447
Dedup(0.95),2.76,3,0.6173,0.0443
Dedup(0.95),2.77,3,0.6175,0.0438
Dedup(0.95),2.78,3,0.6177,0.0443
Dedup(0.95),2.79,3,0.6177,0.0443
Dedup(0.95),2.8,3,0.6177,0.0443
Dedup(0.95),2.81,3,0.6177,0.0443
Dedup(0.95),2.82,3,0.6178,0.0438
Dedup(0.95),2.83,3,0.6178,0.0438
Dedup(0.95),2.84,3,0.618,0.0431
Dedup(0.95),2.85,3,0.618,0.0431
Dedup(0.95),2.86,3,0.618,0.0431
Dedup(0.95),2.87,2,0.6165,0.2179
Dedup(0.95),2.88,3,0.6184,0.0419
Dedup(0.95),2.89,3,0.6184,0.0419
Dedup(0.95),2.91,3,0.6184,0.0419
Dedup(0.95),2.92,3,0.6186,0.0423
Dedup(0.95),2.93,3,0.6186,0.0423
Dedup(0.95),2.94,3,0.6186,0.0423
Dedup(0.95),2.95,3,0.6187,0.0424
Dedup(0.95),2.96,3,0.6187,0.0424
Dedup(0.95),2.97,3,0.6187,0.0424
Dedup(0.95),2.98,3,0.6187,0.0424
Dedup(0.95),2.99,3,0.6187,0.0424
Dedup(0.95),3.0,3,0.6187,0.0424
Dedup(0.95),3.01,3,0.6187,0.0424
Dedup(0.95),3.02,3,0.6187,0.0424
Dedup(0.95),3.03,3,0.6187,0.0424
Dedup(0.95),3.04,3,0.6187,0.0424
Dedup(0.95),3.05,3,0.619,0.0434
Dedup(0.95),3.06,3,0.6193,0.0445
Dedup(0.95),3.07,3,0.6193,0.0445
Dedup(0.95),3.08,2,0.6181,0.2262
Dedup(0.95),3.09,3,0.6193,0.0445
Dedup(0.95),3.1,3,0.6197,0.0432
Dedup(0.95),3.11,3,0.6197,0.0432
Dedup(0.95),3.12,3,0.6197,0.0432
Dedup(0.95),3.13,3,0.6197,0.0432
Dedup(0.95),3.14,3,0.6197,0.0432
Dedup(0.95),3.15,3,0.6197,0.0432
Dedup(0.95),3.16,3,0.6201,0.0437
Dedup(0.95),3.17,3,0.6201,0.0437
Dedup(0.95),3.18,3,0.6204,0.0449
Dedup(0.95),3.19,3,0.6204,0.0449
Dedup(0.95),3.2,3,0.6204,0.0449
Dedup(0.95),3.21,3,0.6204,0.0449
Dedup(0.95),3.22,3,0.6204,0.0449
Dedup(0.95),3.23,3,0.6204,0.0449
Dedup(0.95),3.24,3,0.6204,0.0449
Dedup(0.95),3.25,3,0.6204,0.0449
Dedup(0.95),3.26,3,0.6207,0.045
Dedup(0.95),3.27,3,0.6211,0.0462
Dedup(0.95),3.28,2,0.6198,0.2344
Dedup(0.95),3.29,3,0.6211,0.0462
Dedup(0.95),3.3,3,0.6211,0.0462
Dedup(0.95),3.31,3,0.6214,0.0464
Dedup(0.95),3.32,3,0.6214,0.0464
Dedup(0.95),3.33,3,0.6214,0.0464
Dedup(0.95),3.34,2,0.6198,0.2344
Dedup(0.95),3.35,3,0.6214,0.0464
Dedup(0.95),3.36,3,0.6214,0.0464
Dedup(0.95),3.37,3,0.6217,0.0474
Dedup(0.95),3.38,3,0.6217,0.0474
Dedup(0.95),3.39,3,0.622,0.0462
Dedup(0.95),3.4,3,0.622,0.0462
Dedup(0.95),3.41,3,0.622,0.0462
Dedup(0.95),3.42,3,0.622,0.0462
Dedup(0.95),3.44,2,0.6206,0.2344
Dedup(0.95),3.45,3,0.622,0.0462
Dedup(0.95),3.46,3,0.6223,0.0473
Dedup(0.95),3.47,3,0.6223,0.0473
Dedup(0.95),3.48,3,0.6223,0.0473
Dedup(0.95),3.49,3,0.6223,0.0473
Dedup(0.95),3.5,3,0.6223,0.0473
Dedup(0.95),3.51,3,0.6223,0.0473
Dedup(0.95),3.52,3,0.6223,0.0473
Dedup(0.95),3.53,3,0.6223,0.0473
Dedup(0.95),3.54,2,0.6135,0.1429
Dedup(0.95),3.55,3,0.6227,0.0485
Dedup(0.95),3.56,3,0.6227,0.0485
Dedup(0.95),3.57,1,0.6022,0.0
Dedup(0.95),3.58,3,0.6227,0.0485
Dedup(0.95),3.59,3,0.6227,0.0485
Dedup(0.95),3.6,3,0.6227,0.0485
Dedup(0.95),3.61,3,0.6227,0.0485
Dedup(0.95),3.62,3,0.6227,0.0485
Dedup(0.95),3.63,3,0.6227,0.0485
Dedup(0.95),3.64,3,0.6228,0.049
Dedup(0.95),3.65,3,0.6228,0.049
Dedup(0.95),3.66,3,0.6228,0.049
Dedup(0.95),3.69,3,0.6228,0.049
Dedup(0.95),3.7,2,0.6135,0.1429
Dedup(0.95),3.72,3,0.6228,0.049
Dedup(0.95),3.74,2,0.6135,0.1429
Dedup(0.95),3.75,3,0.6228,0.049
Dedup(0.95),3.76,3,0.6228,0.049
Dedup(0.95),3.77,3,0.6228,0.049
Dedup(0.95),3.78,3,0.6228,0.049
Dedup(0.95),3.79,3,0.6228,0.049
Dedup(0.95),3.8,3,0.6228,0.049
Dedup(0.95),3.81,3,0.6228,0.049
Dedup(0.95),3.82,3,0.6229,0.049
Dedup(0.95),3.83,2,0.6136,0.1442
Dedup(0.95),3.84,2,0.6136,0.1442
Dedup(0.95),3.85,2,0.6219,0.2497
Dedup(0.95),3.86,3,0.6229,0.049
Dedup(0.95),3.87,3,0.6229,0.049
Dedup(0.95),3.88,2,0.6219,0.2497
Dedup(0.95),3.89,3,0.6229,0.049
Dedup(0.95),3.9,3,0.6229,0.049
Dedup(0.95),3.91,3,0.6229,0.049
Dedup(0.95),3.92,3,0.6229,0.049
Dedup(0.95),3.93,2,0.6136,0.1442
Dedup(0.95),3.94,3,0.6229,0.049
Dedup(0.95),3.95,3,0.6229,0.049
Dedup(0.95),3.96,3,0.6229,0.049
Dedup(0.95),3.97,2,0.6219,0.2497
Dedup(0.95),3.98,1,0.6022,0.0
Dedup(0.95),3.99,3,0.6229,0.049
Dedup(0.95),4.01,3,0.6229,0.049
Dedup(0.95),4.02,3,0.6229,0.049
Dedup(0.95),4.03,3,0.6229,0.049
Dedup(0.95),4.04,2,0.6219,0.2497
Dedup(0.95),4.05,2,0.6219,0.2497
Dedup(0.95),4.06,2,0.6136,0.1442
Dedup(0.95),4.07,3,0.6229,0.049
Dedup(0.95),4.09,1,0.6022,0.0
Dedup(0.95),4.1,3,0.6229,0.049
Dedup(0.95),4.12,2,0.6219,0.2497
Dedup(0.95),4.13,2,0.6136,0.1442
Dedup(0.95),4.16,3,0.6229,0.049
Dedup(0.95),4.18,1,0.6022,0.0
Dedup(0.95),4.21,2,0.6136,0.1442
Dedup(0.95),4.22,2,0.6136,0.1442
Dedup(0.95),4.23,2,0.6219,0.2497
Dedup(0.95),4.24,2,0.6219,0.2497
Dedup(0.95),4.27,2,0.6219,0.2497
Dedup(0.95),4.28,1,0.6022,0.0
Dedup(0.95),4.29,2,0.6219,0.2497
Dedup(0.95),4.32,2,0.6219,0.2497
Dedup(0.95),4.35,3,0.6229,0.049
Dedup(0.95),4.37,3,0.6229,0.049
Dedup(0.95),4.38,2,0.6219,0.2497
Dedup(0.95),4.49,3,0.6229,0.049
Dedup(0.95),4.57,2,0.6136,0.1442
Dedup(0.95),4.68,2,0.6219,0.2497
Dedup(0.95),4.71,1,0.6022,0.0
Dedup(0.95),4.72,1,0.6022,0.0
MMR(0.3),0.99,3,0.5668,0.0321
MMR(0.3),1.0,3,0.5668,0.0321
MMR(0.3),1.01,3,0.5672,0.0331
MMR(0.3),1.03,2,0.5622,0.1258
MMR(0.3),1.04,3,0.5679,0.0328
MMR(0.3),1.05,3,0.5681,0.0321
MMR(0.3),1.06,3,0.5684,0.0327
MMR(0.3),1.07,3,0.5689,0.0338
MMR(0.3),1.08,3,0.5695,0.0332
MMR(0.3),1.09,3,0.57,0.0343
MMR(0.3),1.1,3,0.5703,0.035
MMR(0.3),1.11,3,0.5707,0.0359
MMR(0.3),1.12,3,0.5713,0.0332
MMR(0.3),1.13,3,0.5723,0.0334
MMR(0.3),1.14,3,0.5729,0.0319
MMR(0.3),1.15,3,0.5735,0.032
MMR(0.3),1.16,3,0.5738,0.0318
MMR(0.3),1.17,3,0.5743,0.0318
MMR(0.3),1.18,3,0.575,0.0317
MMR(0.3),1.19,3,0.5753,0.0315
MMR(0.3),1.2,3,0.5737,0.033
MMR(0.3),1.21,3,0.574,0.0336
MMR(0.3),1.22,3,0.573,0.0359
MMR(0.3),1.23,3,0.5736,0.0362
MMR(0.3),1.24,3,0.5739,0.036
MMR(0.3),1.25,3,0.5731,0.0407
MMR(0.3),1.26,3,0.5726,0.0416
MMR(0.3),1.27,3,0.5725,0.0435
MMR(0.3),1.28,3,0.5725,0.0443
MMR(0.3),1.29,3,0.5724,0.0431
MMR(0.3),1.3,3,0.5724,0.0431
MMR(0.3),1.31,3,0.5715,0.046
MMR(0.3),1.32,3,0.5711,0.0459
MMR(0.3),1.33,3,0.5708,0.046
MMR(0.3),1.34,3,0.5706,0.0461
MMR(0.3),1.35,3,0.5699,0.0466
MMR(0.3),1.36,3,0.5701,0.0481
MMR(0.3),1.37,3,0.57,0.0479
MMR(0.3),1.38,3,0.5695,0.0478
MMR(0.3),1.39,3,0.5696,0.0485
MMR(0.3),1.4,3,0.5688,0.0473
MMR(0.3),1.41,3,0.5685,0.0482
MMR(0.3),1.42,3,0.568,0.0466
MMR(0.3),1.43,3,0.568,0.0466
MMR(0.3),1.44,3,0.5679,0.0473
MMR(0.3),1.45,3,0.568,0.0476
MMR(0.3),1.46,3,0.5678,0.0478
MMR(0.3),1.48,3,0.5673,0.047
MMR(0.3),1.49,3,0.5667,0.0459
MMR(0.3),1.5,3,0.5658,0.048
MMR(0.3),1.51,3,0.5654,0.0485
MMR(0.3),1.52,3,0.5649,0.0504
MMR(0.3),1.53,3,0.5644,0.0513
MMR(0.3),1.54,3,0.5635,0.0494
MMR(0.3),1.55,3,0.5635,0.0494
MMR(0.3),1.56,2,0.5594,0.2313
MMR(0.3),1.57,2,0.555,0.1792
MMR(0.3),1.58,3,0.5622,0.0466
MMR(0.3),1.59,3,0.562,0.0475
MMR(0.3),1.6,3,0.5617,0.0477
MMR(0.3),1.61,2,0.5534,0.1779
MMR(0.3),1.62,3,0.5604,0.0464
MMR(0.3),1.63,3,0.5601,0.046
MMR(0.3),1.64,3,0.5594,0.0473
MMR(0.3),1.65,3,0.5585,0.0474
MMR(0.3),1.66,2,0.55,0.1696
MMR(0.3),1.67,3,0.5573,0.0501
MMR(0.3),1.68,3,0.557,0.0504
MMR(0.3),1.69,3,0.5567,0.0502
MMR(0.3),1.7,3,0.5557,0.0494
MMR(0.3),1.71,3,0.5553,0.0508
MMR(0.3),1.74,3,0.5539,0.0489
MMR(0.3),1.75,3,0.5534,0.0477
MMR(0.3),1.76,3,0.5528,0.0475
MMR(0.3),1.77,3,0.552,0.0466
MMR(0.3),1.79,3,0.5518,0.0464
MMR(0.3),1.81,3,0.5508,0.0458
MMR(0.3),1.83,3,0.5495,0.0448
MMR(0.3),1.84,3,0.5494,0.0444
MMR(0.3),1.88,3,0.5475,0.0418
MMR(0.3),1.89,3,0.5472,0.0416
MMR(0.3),1.9,3,0.5461,0.041
MMR(0.3),1.91,3,0.5458,0.0402
MMR(0.3),1.93,3,0.5449,0.0389
MMR(0.3),1.94,2,0.5425,0.2071
MMR(0.3),1.95,2,0.5418,0.2122
MMR(0.3),1.97,3,0.5419,0.0425
MMR(0.3),1.98,3,0.5416,0.0424
MMR(0.3),1.99,2,0.5398,0.2211
MMR(0.3),2.01,1,0.5224,0.0
MMR(0.3),2.02,3,0.5399,0.0415
MMR(0.3),2.03,3,0.5395,0.0403
MMR(0.3),2.04,3,0.5387,0.0413
MMR(0.3),2.05,2,0.5361,0.2033
MMR(0.3),2.06,3,0.5368,0.0397
MMR(0.3),2.08,3,0.5356,0.0402
MMR(0.3),2.09,3,0.5348,0.0399
MMR(0.3),2.1,3,0.5344,0.0386
MMR(0.3),2.11,3,0.5334,0.0365
MMR(0.3),2.12,3,0.5315,0.0364
MMR(0.3),2.13,3,0.53,0.0353
MMR(0.3),2.14,3,0.5285,0.0347
MMR(0.3),2.15,2,0.5247,0.1773
MMR(0.3),2.16,3,0.5248,0.0376
MMR(0.3),2.17,3,0.5248,0.0376
MMR(0.3),2.18,3,0.5235,0.0369
MMR(0.3),2.19,2,0.5179,0.1455
MMR(0.3),2.2,3,0.5219,0.0348
MMR(0.3),2.21,3,0.5216,0.0343
MMR(0.3),2.22,3,0.5206,0.0367
MMR(0.3),2.23,3,0.52,0.0368
MMR(0.3),2.24,3,0.5193,0.0376
MMR(0.3),2.25,3,0.5187,0.0386
MMR(0.3),2.26,3,0.5174,0.0369
MMR(0.3),2.27,3,0.5165,0.0361
MMR(0.3),2.28,2,0.5137,0.1792
MMR(0.3),2.29,3,0.5146,0.0343
MMR(0.3),2.3,3,0.5136,0.0376
MMR(0.3),2.31,3,0.5126,0.0373
MMR(0.3),2.32,2,0.5092,0.183
MMR(0.3),2.33,3,0.5109,0.0394
MMR(0.3),2.34,3,0.5106,0.0398
MMR(0.3),2.35,3,0.5094,0.0373
MMR(0.3),2.36,3,0.5094,0.0373
MMR(0.3),2.37,3,0.5081,0.0368
MMR(0.3),2.38,3,0.5082,0.0334
MMR(0.3),2.39,3,0.506,0.0332
MMR(0.3),2.4,3,0.506,0.0332
MMR(0.3),2.41,3,0.5045,0.0318
MMR(0.3),2.42,3,0.5033,0.031
MMR(0.3),2.43,2,0.4969,0.0959
MMR(0.3),2.44,3,0.5017,0.0272
MMR(0.3),2.45,3,0.5014,0.0269
MMR(0.3),2.46,3,0.5008,0.0273
MMR(0.3),2.48,3,0.4994,0.0233
MMR(0.3),2.49,3,0.5001,0.0164
MMR(0.3),2.5,1,0.4922,0.0
MMR(0.3),2.51,3,0.4997,0.0166
MMR(0.3),2.52,3,0.4988,0.0146
MMR(0.3),2.53,3,0.4968,0.01
MMR(0.3),2.54,3,0.4959,0.0126
MMR(0.3),2.55,3,0.4951,0.0107
MMR(0.3),2.56,3,0.4942,0.0114
MMR(0.3),2.57,3,0.4927,0.0123
MMR(0.3),2.58,3,0.4919,0.0117
MMR(0.3),2.59,2,0.4899,0.068
MMR(0.3),2.61,3,0.4907,0.0135
MMR(0.3),2.62,3,0.4898,0.0138
MMR(0.3),2.63,3,0.4883,0.0132
MMR(0.3),2.64,3,0.4878,0.012
MMR(0.3),2.65,3,0.4871,0.0112
MMR(0.3),2.66,2,0.4865,0.0648
MMR(0.3),2.67,3,0.4866,0.0142
MMR(0.3),2.69,3,0.4856,0.0114
MMR(0.3),2.7,3,0.4853,0.0103
MMR(0.3),2.71,3,0.4845,0.0096
MMR(0.3),2.72,3,0.4838,0.0098
MMR(0.3),2.73,3,0.483,0.0103
MMR(0.3),2.74,3,0.481,0.0156
MMR(0.3),2.75,3,0.4804,0.0148
MMR(0.3),2.76,3,0.4797,0.0133
MMR(0.3),2.77,3,0.4778,0.0159
MMR(0.3),2.78,3,0.478,0.0139
MMR(0.3),2.79,3,0.4768,0.012
MMR(0.3),2.8,3,0.4774,0.0122
MMR(0.3),2.81,3,0.4771,0.0111
MMR(0.3),2.82,3,0.4764,0.0088
MMR(0.3),2.83,3,0.4759,0.0083
MMR(0.3),2.84,3,0.474,0.0081
MMR(0.3),2.85,3,0.4735,0.0056
MMR(0.3),2.86,3,0.4721,0.0075
MMR(0.3),2.87,2,0.4692,0.0114
MMR(0.3),2.88,3,0.4701,0.009
MMR(0.3),2.89,3,0.4698,0.0101
MMR(0.3),2.91,3,0.4684,0.0088
MMR(0.3),2.92,3,0.467,0.0101
MMR(0.3),2.93,3,0.4661,0.0106
MMR(0.3),2.94,3,0.4656,0.0117
MMR(0.3),2.95,3,0.4649,0.0119
MMR(0.3),2.96,3,0.4644,0.0136
MMR(0.3),2.97,3,0.4619,0.0143
MMR(0.3),2.98,3,0.4608,0.0144
MMR(0.3),2.99,3,0.4605,0.0147
MMR(0.3),3.0,3,0.4596,0.0154
MMR(0.3),3.01,3,0.4586,0.0153
MMR(0.3),3.02,3,0.4569,0.0136
MMR(0.3),3.03,3,0.456,0.0135
MMR(0.3),3.04,3,0.4565,0.0133
MMR(0.3),3.05,3,0.4559,0.0136
MMR(0.3),3.06,3,0.4542,0.0115
MMR(0.3),3.07,3,0.4537,0.0109
MMR(0.3),3.08,2,0.4507,0.0254
MMR(0.3),3.09,3,0.452,0.0118
MMR(0.3),3.1,3,0.4511,0.0113
MMR(0.3),3.11,3,0.4505,0.0129
MMR(0.3),3.12,3,0.4487,0.0167
MMR(0.3),3.13,3,0.4474,0.0158
MMR(0.3),3.14,3,0.4464,0.0171
MMR(0.3),3.15,3,0.4459,0.0171
MMR(0.3),3.16,3,0.4457,0.0177
MMR(0.3),3.17,3,0.4455,0.0139
MMR(0.3),3.18,3,0.4446,0.0178
MMR(0.3),3.19,3,0.4439,0.0183
MMR(0.3),3.2,3,0.4433,0.0202
MMR(0.3),3.21,3,0.4428,0.0182
MMR(0.3),3.22,3,0.4424,0.0176
MMR(0.3),3.23,3,0.4426,0.0171
MMR(0.3),3.24,3,0.4415,0.0174
MMR(0.3),3.25,3,0.4406,0.0193
MMR(0.3),3.26,3,0.4398,0.0212
MMR(0.3),3.27,3,0.4392,0.0204
MMR(0.3),3.28,2,0.4341,0.0197
MMR(0.3),3.29,3,0.4386,0.0218
MMR(0.3),3.3,3,0.4384,0.0211
MMR(0.3),3.31,3,0.4376,0.0203
MMR(0.3),3.32,3,0.436,0.0183
MMR(0.3),3.33,3,0.4357,0.0189
MMR(0.3),3.34,2,0.4306,0.0025
MMR(0.3),3.35,3,0.4345,0.0197
MMR(0.3),3.36,3,0.4337,0.0214
MMR(0.3),3.37,3,0.4324,0.0199
MMR(0.3),3.38,3,0.4306,0.0217
MMR(0.3),3.39,3,0.4308,0.0207
MMR(0.3),3.4,3,0.4304,0.0193
MMR(0.3),3.41,3,0.4295,0.0176
MMR(0.3),3.42,3,0.4285,0.0175
MMR(0.3),3.44,2,0.4242,0.0337
MMR(0.3),3.45,3,0.4282,0.0194
MMR(0.3),3.46,3,0.4282,0.0194
MMR(0.3),3.47,3,0.428,0.0196
MMR(0.3),3.48,3,0.428,0.0196
MMR(0.3),3.49,3,0.4284,0.0193
MMR(0.3),3.5,3,0.4282,0.0195
MMR(0.3),3.51,3,0.4288,0.0238
MMR(0.3),3.52,3,0.4279,0.0261
MMR(0.3),3.53,3,0.4269,0.0285
MMR(0.3),3.54,2,0.4305,0.1163
MMR(0.3),3.55,3,0.4249,0.0281
MMR(0.3),3.56,3,0.424,0.0278
MMR(0.3),3.57,1,0.419,0.0
MMR(0.3),3.58,3,0.424,0.0278
MMR(0.3),3.59,3,0.4231,0.0274
MMR(0.3),3.6,3,0.4223,0.0292
MMR(0.3),3.61,3,0.4221,0.0294
MMR(0.3),3.62,3,0.4219,0.0299
MMR(0.3),3.63,3,0.4213,0.0291
MMR(0.3),3.64,3,0.4208,0.0291
MMR(0.3),3.65,3,0.4221,0.0266
MMR(0.3),3.66,3,0.4214,0.0259
MMR(0.3),3.69,3,0.421,0.0256
MMR(0.3),3.7,2,0.4234,0.1271
MMR(0.3),3.72,3,0.4202,0.0265
MMR(0.3),3.74,2,0.4222,0.1296
MMR(0.3),3.75,3,0.4185,0.0286
MMR(0.3),3.76,3,0.4185,0.0286
MMR(0.3),3.77,3,0.4174,0.0317
MMR(0.3),3.78,3,0.4177,0.0331
MMR(0.3),3.79,3,0.4171,0.0345
MMR(0.3),3.8,3,0.4169,0.0338
MMR(0.3),3.81,3,0.4169,0.0338
MMR(0.3),3.82,3,0.4163,0.0324
MMR(0.3),3.83,2,0.4185,0.1582
MMR(0.3),3.84,2,0.4185,0.1582
MMR(0.3),3.85,2,0.409,0.0368
MMR(0.3),3.86,3,0.4163,0.0324
MMR(0.3),3.87,3,0.4157,0.0314
MMR(0.3),3.88,2,0.4085,0.0305
MMR(0.3),3.89,3,0.4154,0.0301
MMR(0.3),3.9,3,0.4148,0.0303
MMR(0.3),3.91,3,0.4142,0.0317
MMR(0.3),3.92,3,0.414,0.031
MMR(0.3),3.93,2,0.4157,0.1506
MMR(0.3),3.94,3,0.412,0.0336
MMR(0.3),3.95,3,0.4119,0.0337
MMR(0.3),3.96,3,0.4119,0.0337
MMR(0.3),3.97,2,0.4046,0.0388
MMR(0.3),3.98,1,0.4015,0.0
MMR(0.3),3.99,3,0.4119,0.0337
MMR(0.3),4.01,3,0.4111,0.0335
MMR(0.3),4.02,3,0.4111,0.0335
MMR(0.3),4.03,3,0.4109,0.0329
MMR(0.3),4.04,2,0.4027,0.0362
MMR(0.3),4.05,2,0.4027,0.0362
MMR(0.3),4.06,2,0.4108,0.1645
MMR(0.3),4.07,3,0.4091,0.033
MMR(0.3),4.09,1,0.3979,0.0
MMR(0.3),4.1,3,0.4089,0.0324
MMR(0.3),4.12,2,0.4017,0.0489
MMR(0.3),4.13,2,0.4106,0.1614
MMR(0.3),4.16,3,0.4083,0.0315
MMR(0.3),4.18,1,0.397,0.0
MMR(0.3),4.21,2,0.4097,0.1614
MMR(0.3),4.22,2,0.4097,0.1614
MMR(0.3),4.23,2,0.4003,0.0426
MMR(0.3),4.24,2,0.4003,0.0426
MMR(0.3),4.27,2,0.4003,0.0426
MMR(0.3),4.28,1,0.397,0.0
MMR(0.3),4.29,2,0.4003,0.0426
MMR(0.3),4.32,2,0.4001,0.0394
MMR(0.3),4.35,3,0.4074,0.0322
MMR(0.3),4.37,3,0.4072,0.0316
MMR(0.3),4.38,2,0.4001,0.0394
MMR(0.3),4.49,3,0.407,0.0319
MMR(0.3),4.57,2,0.4093,0.1557
MMR(0.3),4.68,2,0.3998,0.0349
MMR(0.3),4.71,1,0.396,0.0
MMR(0.3),4.72,1,0.396,0.0
MMR(0.5),0.99,3,0.5668,0.0321
MMR(0.5),1.0,3,0.5668,0.0321
MMR(0.5),1.01,3,0.5672,0.0331
MMR(0.5),1.03,2,0.5622,0.1258
MMR(0.5),1.04,3,0.5679,0.0328
MMR(0.5),1.05,3,0.5681,0.0321
MMR(0.5),1.06,3,0.5684,0.0327
MMR(0.5),1.07,3,0.5689,0.0332
MMR(0.5),1.08,3,0.5695,0.0326
MMR(0.5),1.09,3,0.5697,0.0331
MMR(0.5),1.1,3,0.57,0.0337
MMR(0.5),1.11,3,0.5702,0.0342
MMR(0.5),1.12,3,0.5707,0.0318
MMR(0.5),1.13,3,0.5721,0.0317
MMR(0.5),1.14,3,0.5726,0.0301
MMR(0.5),1.15,3,0.5732,0.0303
MMR(0.5),1.16,3,0.5737,0.0302
MMR(0.5),1.17,3,0.5746,0.0307
MMR(0.5),1.18,3,0.5753,0.0303
MMR(0.5),1.19,3,0.5757,0.0301
MMR(0.5),1.2,3,0.5761,0.0296
MMR(0.5),1.21,3,0.5768,0.0308
MMR(0.5),1.22,3,0.5765,0.0304
MMR(0.5),1.23,3,0.5769,0.0307
MMR(0.5),1.24,3,0.5772,0.0307
MMR(0.5),1.25,3,0.5774,0.0312
MMR(0.5),1.26,3,0.5776,0.0317
MMR(0.5),1.27,3,0.5777,0.0322
MMR(0.5),1.28,3,0.5779,0.0328
MMR(0.5),1.29,3,0.5781,0.0321
MMR(0.5),1.3,3,0.5781,0.0321
MMR(0.5),1.31,3,0.5778,0.0324
MMR(0.5),1.32,3,0.5777,0.0328
MMR(0.5),1.33,3,0.5781,0.0318
MMR(0.5),1.34,3,0.5782,0.0306
MMR(0.5),1.35,3,0.5782,0.0311
MMR(0.5),1.36,3,0.5786,0.0331
MMR(0.5),1.37,3,0.5786,0.0331
MMR(0.5),1.38,3,0.5781,0.0331
MMR(0.5),1.39,3,0.5781,0.0339
MMR(0.5),1.4,3,0.5781,0.0339
MMR(0.5),1.41,3,0.5784,0.034
MMR(0.5),1.42,3,0.578,0.0324
MMR(0.5),1.43,3,0.578,0.0324
MMR(0.5),1.44,3,0.5779,0.0331
MMR(0.5),1.45,3,0.5781,0.0336
MMR(0.5),1.46,3,0.5783,0.0353
MMR(0.5),1.48,3,0.5782,0.0342
MMR(0.5),1.49,3,0.578,0.0339
MMR(0.5),1.5,3,0.5776,0.0342
MMR(0.5),1.51,3,0.5772,0.0346
MMR(0.5),1.52,3,0.5773,0.0346
MMR(0.5),1.53,3,0.5773,0.0334
MMR(0.5),1.54,3,0.5768,0.0326
MMR(0.5),1.55,3,0.5768,0.0326
MMR(0.5),1.56,2,0.5756,0.1607
MMR(0.5),1.57,2,0.5704,0.0959
MMR(0.5),1.58,3,0.5763,0.0306
MMR(0.5),1.59,3,0.5762,0.031
MMR(0.5),1.6,3,0.5762,0.031
MMR(0.5),1.61,2,0.5703,0.0877
MMR(0.5),1.62,3,0.5758,0.0291
MMR(0.5),1.63,3,0.5755,0.029
MMR(0.5),1.64,3,0.5757,0.0292
MMR(0.5),1.65,3,0.5749,0.0292
MMR(0.5),1.66,2,0.5693,0.0788
MMR(0.5),1.67,3,0.5746,0.0294
MMR(0.5),1.68,3,0.5745,0.0288
MMR(0.5),1.69,3,0.5745,0.0283
MMR(0.5),1.7,3,0.574,0.0284
MMR(0.5),1.71,3,0.5737,0.0295
MMR(0.5),1.74,3,0.5725,0.0276
MMR(0.5),1.75,3,0.5719,0.0283
MMR(0.5),1.76,3,0.5719,0.0284
MMR(0.5),1.77,3,0.5713,0.0274
MMR(0.5),1.79,3,0.5711,0.0273
MMR(0.5),1.81,3,0.5706,0.0278
MMR(0.5),1.83,3,0.5696,0.0268
MMR(0.5),1.84,3,0.5695,0.0267
MMR(0.5),1.88,3,0.5682,0.0274
MMR(0.5),1.89,3,0.5682,0.0274
MMR(0.5),1.9,3,0.5675,0.0259
MMR(0.5),1.91,3,0.5671,0.025
MMR(0.5),1.93,3,0.5666,0.0241
MMR(0.5),1.94,2,0.5674,0.1258
MMR(0.5),1.95,2,0.5669,0.1283
MMR(0.5),1.97,3,0.5653,0.0259
MMR(0.5),1.98,3,0.5652,0.026
MMR(0.5),1.99,2,0.5659,0.1283
MMR(0.5),2.01,1,0.5558,0.0
MMR(0.5),2.02,3,0.5643,0.0253
MMR(0.5),2.03,3,0.5642,0.0246
MMR(0.5),2.04,3,0.5639,0.0247
MMR(0.5),2.05,2,0.5645,0.1201
MMR(0.5),2.06,3,0.5631,0.0226
MMR(0.5),2.08,3,0.5626,0.0232
MMR(0.5),2.09,3,0.5625,0.0224
MMR(0.5),2.1,3,0.5621,0.0207
MMR(0.5),2.11,3,0.5613,0.0175
MMR(0.5),2.12,3,0.56,0.0169
MMR(0.5),2.13,3,0.559,0.0152
MMR(0.5),2.14,3,0.5581,0.0163
MMR(0.5),2.15,2,0.557,0.0921
MMR(0.5),2.16,3,0.5547,0.0172
MMR(0.5),2.17,3,0.5547,0.0172
MMR(0.5),2.18,3,0.5539,0.0154
MMR(0.5),2.19,2,0.5507,0.0407
MMR(0.5),2.2,3,0.5525,0.0131
MMR(0.5),2.21,3,0.5525,0.0131
MMR(0.5),2.22,3,0.5517,0.0154
MMR(0.5),2.23,3,0.551,0.0137
MMR(0.5),2.24,3,0.5505,0.014
MMR(0.5),2.25,3,0.5498,0.0153
MMR(0.5),2.26,3,0.5487,0.0141
MMR(0.5),2.27,3,0.5481,0.0148
MMR(0.5),2.28,2,0.5482,0.0724
MMR(0.5),2.29,3,0.5471,0.0118
MMR(0.5),2.3,3,0.5464,0.0137
MMR(0.5),2.31,3,0.5455,0.0129
MMR(0.5),2.32,2,0.5449,0.0673
MMR(0.5),2.33,3,0.5443,0.0137
MMR(0.5),2.34,3,0.5441,0.0138
MMR(0.5),2.35,3,0.543,0.0119
MMR(0.5),2.36,3,0.543,0.0119
MMR(0.5),2.37,3,0.5422,0.0119
MMR(0.5),2.38,3,0.5427,0.0098
MMR(0.5),2.39,3,0.541,0.0101
MMR(0.5),2.4,3,0.541,0.0101
MMR(0.5),2.41,3,0.5397,0.0096
MMR(0.5),2.42,3,0.539,0.0109
MMR(0.5),2.43,2,0.5364,0.0178
MMR(0.5),2.44,3,0.5382,0.0078
MMR(0.5),2.45,3,0.538,0.0075
MMR(0.5),2.46,3,0.5375,0.0086
MMR(0.5),2.48,3,0.5363,0.0071
MMR(0.5),2.49,3,0.5376,0.012
MMR(0.5),2.5,1,0.5422,0.0
MMR(0.5),2.51,3,0.5374,0.0122
MMR(0.5),2.52,3,0.5368,0.0132
MMR(0.5),2.53,3,0.5349,0.0165
MMR(0.5),2.54,3,0.5346,0.0164
MMR(0.5),2.55,3,0.5339,0.0171
MMR(0.5),2.56,3,0.5333,0.0172
MMR(0.5),2.57,3,0.5322,0.0153
MMR(0.5),2.58,3,0.5314,0.0164
MMR(0.5),2.59,2,0.5331,0.047
MMR(0.5),2.61,3,0.5301,0.015
MMR(0.5),2.62,3,0.5295,0.0142
MMR(0.5),2.63,3,0.5285,0.0141
MMR(0.5),2.64,3,0.5284,0.0143
MMR(0.5),2.65,3,0.5278,0.0158
MMR(0.5),2.66,2,0.5297,0.0508
MMR(0.5),2.67,3,0.5274,0.0134
MMR(0.5),2.69,3,0.5266,0.0145
MMR(0.5),2.7,3,0.5264,0.0146
MMR(0.5),2.71,3,0.5261,0.0154
MMR(0.5),2.72,3,0.5256,0.0157
MMR(0.5),2.73,3,0.525,0.0151
MMR(0.5),2.74,3,0.5234,0.0116
MMR(0.5),2.75,3,0.5225,0.0119
MMR(0.5),2.76,3,0.5219,0.0127
MMR(0.5),2.77,3,0.5206,0.0091
MMR(0.5),2.78,3,0.5213,0.0105
MMR(0.5),2.79,3,0.5208,0.0138
MMR(0.5),2.8,3,0.5214,0.0146
MMR(0.5),2.81,3,0.5213,0.015
MMR(0.5),2.82,3,0.5207,0.0165
MMR(0.5),2.83,3,0.5202,0.0177
MMR(0.5),2.84,3,0.5187,0.016
MMR(0.5),2.85,3,0.5188,0.0175
MMR(0.5),2.86,3,0.5173,0.0165
MMR(0.5),2.87,2,0.5183,0.0724
MMR(0.5),2.88,3,0.5161,0.0166
MMR(0.5),2.89,3,0.5161,0.0166
MMR(0.5),2.91,3,0.515,0.017
MMR(0.5),2.92,3,0.514,0.0159
MMR(0.5),2.93,3,0.5131,0.0161
MMR(0.5),2.94,3,0.5128,0.0146
MMR(0.5),2.95,3,0.5123,0.0137
MMR(0.5),2.96,3,0.5119,0.0119
MMR(0.5),2.97,3,0.5104,0.0112
MMR(0.5),2.98,3,0.5096,0.0119
MMR(0.5),2.99,3,0.5096,0.0119
MMR(0.5),3.0,3,0.5091,0.0128
MMR(0.5),3.01,3,0.5082,0.0127
MMR(0.5),3.02,3,0.5077,0.0133
MMR(0.5),3.03,3,0.5075,0.0136
MMR(0.5),3.04,3,0.508,0.0147
MMR(0.5),3.05,3,0.5074,0.0163
MMR(0.5),3.06,3,0.5065,0.0182
MMR(0.5),3.07,3,0.5059,0.0193
MMR(0.5),3.08,2,0.507,0.0959
MMR(0.5),3.09,3,0.5045,0.0174
MMR(0.5),3.1,3,0.504,0.0173
MMR(0.5),3.11,3,0.5034,0.0148
MMR(0.5),3.12,3,0.5022,0.0111
MMR(0.5),3.13,3,0.501,0.0115
MMR(0.5),3.14,3,0.5002,0.0091
MMR(0.5),3.15,3,0.4998,0.0107
MMR(0.5),3.16,3,0.4997,0.0116
MMR(0.5),3.17,3,0.4997,0.0133
MMR(0.5),3.18,3,0.4985,0.0122
MMR(0.5),3.19,3,0.498,0.014
MMR(0.5),3.2,3,0.4986,0.0117
MMR(0.5),3.21,3,0.4983,0.012
MMR(0.5),3.22,3,0.498,0.0127
MMR(0.5),3.23,3,0.4981,0.0134
MMR(0.5),3.24,3,0.4977,0.0143
MMR(0.5),3.25,3,0.4971,0.0139
MMR(0.5),3.26,3,0.4969,0.0116
MMR(0.5),3.27,3,0.4967,0.0108
MMR(0.5),3.28,2,0.497,0.0553
MMR(0.5),3.29,3,0.4964,0.0096
MMR(0.5),3.3,3,0.4964,0.0096
MMR(0.5),3.31,3,0.4956,0.0113
MMR(0.5),3.32,3,0.4954,0.0126
MMR(0.5),3.33,3,0.495,0.0136
MMR(0.5),3.34,2,0.4956,0.0686
MMR(0.5),3.35,3,0.4946,0.0151
MMR(0.5),3.36,3,0.4942,0.0155
MMR(0.5),3.37,3,0.4935,0.0168
MMR(0.5),3.38,3,0.4924,0.0162
MMR(0.5),3.39,3,0.4924,0.0162
MMR(0.5),3.4,3,0.4924,0.0162
MMR(0.5),3.41,3,0.4916,0.0174
MMR(0.5),3.42,3,0.491,0.0174
MMR(0.5),3.44,2,0.4902,0.0947
MMR(0.5),3.45,3,0.4915,0.02
MMR(0.5),3.46,3,0.4915,0.02
MMR(0.5),3.47,3,0.4915,0.02
MMR(0.5),3.48,3,0.4913,0.0215
MMR(0.5),3.49,3,0.4913,0.0215
MMR(0.5),3.5,3,0.491,0.0228
MMR(0.5),3.51,3,0.4916,0.0215
MMR(0.5),3.52,3,0.491,0.0242
MMR(0.5),3.53,3,0.4902,0.0266
MMR(0.5),3.54,2,0.4954,0.0057
MMR(0.5),3.55,3,0.4892,0.0254
MMR(0.5),3.56,3,0.4889,0.0247
MMR(0.5),3.57,1,0.4943,0.0
MMR(0.5),3.58,3,0.4889,0.0247
MMR(0.5),3.59,3,0.488,0.0229
MMR(0.5),3.6,3,0.4869,0.0237
MMR(0.5),3.61,3,0.4869,0.0237
MMR(0.5),3.62,3,0.4866,0.0247
MMR(0.5),3.63,3,0.4866,0.0247
MMR(0.5),3.64,3,0.4862,0.0246
MMR(0.5),3.65,3,0.4872,0.0265
MMR(0.5),3.66,3,0.4868,0.0257
MMR(0.5),3.69,3,0.4865,0.026
MMR(0.5),3.7,2,0.4928,0.0076
MMR(0.5),3.72,3,0.4867,0.0264
MMR(0.5),3.74,2,0.4926,0.0108
MMR(0.5),3.75,3,0.4854,0.0292
MMR(0.5),3.76,3,0.4854,0.0292
MMR(0.5),3.77,3,0.4854,0.0292
MMR(0.5),3.78,3,0.4862,0.0323
MMR(0.5),3.79,3,0.4856,0.0333
MMR(0.5),3.8,3,0.4856,0.0333
MMR(0.5),3.81,3,0.4856,0.0333
MMR(0.5),3.82,3,0.4852,0.0321
MMR(0.5),3.83,2,0.4925,0.0305
MMR(0.5),3.84,2,0.4925,0.0305
MMR(0.5),3.85,2,0.4803,0.1245
MMR(0.5),3.86,3,0.4852,0.0321
MMR(0.5),3.87,3,0.4849,0.0313
MMR(0.5),3.88,2,0.4803,0.1245
MMR(0.5),3.89,3,0.4845,0.0304
MMR(0.5),3.9,3,0.4841,0.0305
MMR(0.5),3.91,3,0.4841,0.0305
MMR(0.5),3.92,3,0.4839,0.03
MMR(0.5),3.93,2,0.4906,0.0178
MMR(0.5),3.94,3,0.4821,0.0298
MMR(0.5),3.95,3,0.482,0.0305
MMR(0.5),3.96,3,0.482,0.0305
MMR(0.5),3.97,2,0.4772,0.1156
MMR(0.5),3.98,1,0.4863,0.0
MMR(0.5),3.99,3,0.4818,0.0303
MMR(0.5),4.01,3,0.4814,0.0316
MMR(0.5),4.02,3,0.4814,0.0316
MMR(0.5),4.03,3,0.4813,0.0313
MMR(0.5),4.04,2,0.4756,0.1201
MMR(0.5),4.05,2,0.4756,0.1201
MMR(0.5),4.06,2,0.4866,0.033
MMR(0.5),4.07,3,0.4798,0.0301
MMR(0.5),4.09,1,0.484,0.0
MMR(0.5),4.1,3,0.4798,0.0301
MMR(0.5),4.12,2,0.475,0.1137
MMR(0.5),4.13,2,0.4866,0.033
MMR(0.5),4.16,3,0.4791,0.0304
MMR(0.5),4.18,1,0.484,0.0
MMR(0.5),4.21,2,0.4861,0.0267
MMR(0.5),4.22,2,0.4861,0.0267
MMR(0.5),4.23,2,0.4746,0.1194
MMR(0.5),4.24,2,0.4746,0.1194
MMR(0.5),4.27,2,0.4746,0.1194
MMR(0.5),4.28,1,0.484,0.0
MMR(0.5),4.29,2,0.4746,0.1194
MMR(0.5),4.32,2,0.4746,0.1194
MMR(0.5),4.35,3,0.479,0.0301
MMR(0.5),4.37,3,0.4789,0.0297
MMR(0.5),4.38,2,0.4746,0.1194
MMR(0.5),4.49,3,0.4787,0.0304
MMR(0.5),4.57,2,0.4857,0.0216
MMR(0.5),4.68,2,0.4743,0.1226
MMR(0.5),4.71,1,0.483,0.0
MMR(0.5),4.72,1,0.483,0.0
MMR(0.7),0.99,3,0.5668,0.0321
MMR(0.7),1.0,3,0.5668,0.0321
MMR(0.7),1.01,3,0.5673,0.0336
MMR(0.7),1.03,2,0.5619,0.1226
MMR(0.7),1.04,3,0.5679,0.033
MMR(0.7),1.05,3,0.5682,0.0337
MMR(0.7),1.06,3,0.5685,0.0343
MMR(0.7),1.07,3,0.5693,0.0346
MMR(0.7),1.08,3,0.5699,0.0338
MMR(0.7),1.09,3,0.5706,0.035
MMR(0.7),1.1,3,0.5717,0.0354
MMR(0.7),1.11,3,0.5719,0.0359
MMR(0.7),1.12,3,0.573,0.0327
MMR(0.7),1.13,3,0.5744,0.0332
MMR(0.7),1.14,3,0.5753,0.0324
MMR(0.7),1.15,3,0.5768,0.0331
MMR(0.7),1.16,3,0.5782,0.033
MMR(0.7),1.17,3,0.5793,0.0342
MMR(0.7),1.18,3,0.5804,0.0325
MMR(0.7),1.19,3,0.5811,0.0329
MMR(0.7),1.2,3,0.5818,0.0342
MMR(0.7),1.21,3,0.5824,0.0353
MMR(0.7),1.22,3,0.5825,0.0356
MMR(0.7),1.23,3,0.5835,0.0369
MMR(0.7),1.24,3,0.5841,0.0365
MMR(0.7),1.25,3,0.5842,0.037
MMR(0.7),1.26,3,0.5846,0.0367
MMR(0.7),1.27,3,0.5846,0.0367
MMR(0.7),1.28,3,0.5848,0.0363
MMR(0.7),1.29,3,0.5849,0.0357
MMR(0.7),1.3,3,0.5851,0.0361
MMR(0.7),1.31,3,0.5855,0.0344
MMR(0.7),1.32,3,0.5856,0.0349
MMR(0.7),1.33,3,0.5864,0.0347
MMR(0.7),1.34,3,0.5867,0.0334
MMR(0.7),1.35,3,0.5868,0.0336
MMR(0.7),1.36,3,0.5872,0.0346
MMR(0.7),1.37,3,0.5876,0.0352
MMR(0.7),1.38,3,0.588,0.0362
MMR(0.7),1.39,3,0.5882,0.0364
MMR(0.7),1.4,3,0.5888,0.0357
MMR(0.7),1.41,3,0.5892,0.0359
MMR(0.7),1.42,3,0.5895,0.0365
MMR(0.7),1.43,3,0.5897,0.0368
MMR(0.7),1.44,3,0.59,0.0372
MMR(0.7),1.45,3,0.5901,0.0377
MMR(0.7),1.46,3,0.5908,0.038
MMR(0.7),1.48,3,0.5912,0.0373
MMR(0.7),1.49,3,0.5915,0.0379
MMR(0.7),1.5,3,0.592,0.0376
MMR(0.7),1.51,3,0.5921,0.0372
MMR(0.7),1.52,3,0.5923,0.0376
MMR(0.7),1.53,3,0.5927,0.0375
MMR(0.7),1.54,3,0.593,0.0374
MMR(0.7),1.55,3,0.593,0.0374
MMR(0.7),1.56,2,0.5887,0.1633
MMR(0.7),1.57,2,0.5893,0.1658
MMR(0.7),1.58,3,0.5934,0.0371
MMR(0.7),1.59,3,0.5936,0.0375
MMR(0.7),1.6,3,0.5939,0.0363
MMR(0.7),1.61,2,0.5901,0.1607
MMR(0.7),1.62,3,0.5942,0.036
MMR(0.7),1.63,3,0.5943,0.0362
MMR(0.7),1.64,3,0.5946,0.0355
MMR(0.7),1.65,3,0.5947,0.0351
MMR(0.7),1.66,2,0.5917,0.1633
MMR(0.7),1.67,3,0.5953,0.035
MMR(0.7),1.68,3,0.5953,0.0351
MMR(0.7),1.69,3,0.5957,0.0348
MMR(0.7),1.7,3,0.5961,0.035
MMR(0.7),1.71,3,0.5961,0.035
MMR(0.7),1.74,3,0.5964,0.0357
MMR(0.7),1.75,3,0.5965,0.0359
MMR(0.7),1.76,3,0.5968,0.036
MMR(0.7),1.77,3,0.5969,0.0357
MMR(0.7),1.79,3,0.5971,0.0363
MMR(0.7),1.81,3,0.5974,0.0366
MMR(0.7),1.83,3,0.5974,0.0366
MMR(0.7),1.84,3,0.5977,0.0372
MMR(0.7),1.88,3,0.5976,0.0368
MMR(0.7),1.89,3,0.5975,0.0364
MMR(0.7),1.9,3,0.5975,0.0367
MMR(0.7),1.91,3,0.5975,0.0367
MMR(0.7),1.93,3,0.5978,0.0376
MMR(0.7),1.94,2,0.5925,0.1417
MMR(0.7),1.95,2,0.5925,0.1417
MMR(0.7),1.97,3,0.5983,0.0365
MMR(0.7),1.98,3,0.5983,0.0365
MMR(0.7),1.99,2,0.5928,0.1398
MMR(0.7),2.01,1,0.5818,0.0
MMR(0.7),2.02,3,0.5987,0.036
MMR(0.7),2.03,3,0.5988,0.0355
MMR(0.7),2.04,3,0.599,0.0354
MMR(0.7),2.05,2,0.5938,0.136
MMR(0.7),2.06,3,0.5991,0.035
MMR(0.7),2.08,3,0.5993,0.0363
MMR(0.7),2.09,3,0.5995,0.0369
MMR(0.7),2.1,3,0.5995,0.037
MMR(0.7),2.11,3,0.5997,0.0366
MMR(0.7),2.12,3,0.5996,0.0383
MMR(0.7),2.13,3,0.5994,0.0389
MMR(0.7),2.14,3,0.5994,0.0389
MMR(0.7),2.15,2,0.5937,0.1531
MMR(0.7),2.16,3,0.5986,0.0388
MMR(0.7),2.17,3,0.5986,0.0388
MMR(0.7),2.18,3,0.5984,0.0382
MMR(0.7),2.19,2,0.5947,0.1779
MMR(0.7),2.2,3,0.5984,0.0379
MMR(0.7),2.21,3,0.5984,0.0379
MMR(0.7),2.22,3,0.5984,0.0379
MMR(0.7),2.23,3,0.5984,0.0379
MMR(0.7),2.24,3,0.5985,0.0382
MMR(0.7),2.25,3,0.5982,0.0396
MMR(0.7),2.26,3,0.5982,0.0396
MMR(0.7),2.27,3,0.5984,0.0399
MMR(0.7),2.28,2,0.5929,0.1652
MMR(0.7),2.29,3,0.5981,0.0394
MMR(0.7),2.3,3,0.5978,0.0407
MMR(0.7),2.31,3,0.5977,0.0406
MMR(0.7),2.32,2,0.5916,0.1728
MMR(0.7),2.33,3,0.5976,0.0413
MMR(0.7),2.34,3,0.5976,0.0413
MMR(0.7),2.35,3,0.5973,0.0407
MMR(0.7),2.36,3,0.5973,0.0407
MMR(0.7),2.37,3,0.5972,0.0411
MMR(0.7),2.38,3,0.5978,0.0384
MMR(0.7),2.39,3,0.5978,0.0383
MMR(0.7),2.4,3,0.5978,0.0383
MMR(0.7),2.41,3,0.5978,0.0383
MMR(0.7),2.42,3,0.5978,0.0384
MMR(0.7),2.43,2,0.5943,0.1804
MMR(0.7),2.44,3,0.5978,0.0364
MMR(0.7),2.45,3,0.5978,0.0364
MMR(0.7),2.46,3,0.5978,0.0368
MMR(0.7),2.48,3,0.5977,0.0369
MMR(0.7),2.49,3,0.5993,0.03
MMR(0.7),2.5,1,0.5858,0.0
MMR(0.7),2.51,3,0.5994,0.0302
MMR(0.7),2.52,3,0.5995,0.0307
MMR(0.7),2.53,3,0.5994,0.0302
MMR(0.7),2.54,3,0.5994,0.0302
MMR(0.7),2.55,3,0.5992,0.0297
MMR(0.7),2.56,3,0.5989,0.0298
MMR(0.7),2.57,3,0.5983,0.0306
MMR(0.7),2.58,3,0.5983,0.0306
MMR(0.7),2.59,2,0.5922,0.1239
MMR(0.7),2.61,3,0.598,0.0341
MMR(0.7),2.62,3,0.5977,0.0354
MMR(0.7),2.63,3,0.5974,0.035
MMR(0.7),2.64,3,0.5974,0.0352
MMR(0.7),2.65,3,0.5973,0.0349
MMR(0.7),2.66,2,0.5912,0.1315
MMR(0.7),2.67,3,0.5978,0.0367
MMR(0.7),2.69,3,0.5985,0.0364
MMR(0.7),2.7,3,0.5984,0.0362
MMR(0.7),2.71,3,0.5981,0.0356
MMR(0.7),2.72,3,0.5976,0.0368
MMR(0.7),2.73,3,0.5976,0.0371
MMR(0.7),2.74,3,0.5966,0.0411
MMR(0.7),2.75,3,0.5963,0.041
MMR(0.7),2.76,3,0.5963,0.041
MMR(0.7),2.77,3,0.5962,0.0418
MMR(0.7),2.78,3,0.5967,0.0402
MMR(0.7),2.79,3,0.5968,0.0373
MMR(0.7),2.8,3,0.5968,0.0373
MMR(0.7),2.81,3,0.597,0.0375
MMR(0.7),2.82,3,0.5968,0.0373
MMR(0.7),2.83,3,0.5968,0.0373
MMR(0.7),2.84,3,0.5966,0.038
MMR(0.7),2.85,3,0.5966,0.038
MMR(0.7),2.86,3,0.5955,0.0372
MMR(0.7),2.87,2,0.5928,0.1804
MMR(0.7),2.88,3,0.5953,0.0345
MMR(0.7),2.89,3,0.5953,0.0345
MMR(0.7),2.91,3,0.5952,0.0343
MMR(0.7),2.92,3,0.5951,0.0345
MMR(0.7),2.93,3,0.5948,0.0349
MMR(0.7),2.94,3,0.5945,0.0363
MMR(0.7),2.95,3,0.5946,0.0364
MMR(0.7),2.96,3,0.5946,0.0364
MMR(0.7),2.97,3,0.5944,0.0362
MMR(0.7),2.98,3,0.5944,0.0362
MMR(0.7),2.99,3,0.5933,0.0386
MMR(0.7),3.0,3,0.5933,0.0386
MMR(0.7),3.01,3,0.5933,0.0386
MMR(0.7),3.02,3,0.5929,0.0382
MMR(0.7),3.03,3,0.5928,0.0389
MMR(0.7),3.04,3,0.5933,0.0395
MMR(0.7),3.05,3,0.5931,0.0393
MMR(0.7),3.06,3,0.5934,0.0403
MMR(0.7),3.07,3,0.5933,0.04
MMR(0.7),3.08,2,0.5899,0.1938
MMR(0.7),3.09,3,0.5929,0.0414
MMR(0.7),3.1,3,0.593,0.0397
MMR(0.7),3.11,3,0.593,0.0397
MMR(0.7),3.12,3,0.5929,0.0447
MMR(0.7),3.13,3,0.5923,0.0446
MMR(0.7),3.14,3,0.5918,0.0458
MMR(0.7),3.15,3,0.5915,0.045
MMR(0.7),3.16,3,0.592,0.0456
MMR(0.7),3.17,3,0.592,0.0456
MMR(0.7),3.18,3,0.5913,0.046
MMR(0.7),3.19,3,0.5911,0.0455
MMR(0.7),3.2,3,0.5908,0.0467
MMR(0.7),3.21,3,0.5908,0.0467
MMR(0.7),3.22,3,0.5908,0.0467
MMR(0.7),3.23,3,0.5908,0.0467
MMR(0.7),3.24,3,0.5907,0.0465
MMR(0.7),3.25,3,0.591,0.0469
MMR(0.7),3.26,3,0.5911,0.048
MMR(0.7),3.27,3,0.5911,0.048
MMR(0.7),3.28,2,0.5877,0.2332
MMR(0.7),3.29,3,0.591,0.0474
MMR(0.7),3.3,3,0.591,0.0474
MMR(0.7),3.31,3,0.5907,0.0465
MMR(0.7),3.32,3,0.5907,0.0446
MMR(0.7),3.33,3,0.5906,0.0424
MMR(0.7),3.34,2,0.5872,0.2027
MMR(0.7),3.35,3,0.5906,0.0424
MMR(0.7),3.36,3,0.5904,0.0418
MMR(0.7),3.37,3,0.5898,0.0405
MMR(0.7),3.38,3,0.5892,0.0409
MMR(0.7),3.39,3,0.5892,0.0409
MMR(0.7),3.4,3,0.5892,0.0409
MMR(0.7),3.41,3,0.5887,0.0398
MMR(0.7),3.42,3,0.5884,0.0412
MMR(0.7),3.44,2,0.5845,0.1925
MMR(0.7),3.45,3,0.5892,0.0407
MMR(0.7),3.46,3,0.5895,0.0413
MMR(0.7),3.47,3,0.5895,0.0413
MMR(0.7),3.48,3,0.5895,0.0414
MMR(0.7),3.49,3,0.5895,0.0414
MMR(0.7),3.5,3,0.5894,0.0412
MMR(0.7),3.51,3,0.5896,0.0437
MMR(0.7),3.52,3,0.5894,0.0422
MMR(0.7),3.53,3,0.589,0.0424
MMR(0.7),3.54,2,0.5835,0.2052
MMR(0.7),3.55,3,0.5883,0.0461
MMR(0.7),3.56,3,0.588,0.0475
MMR(0.7),3.57,1,0.5659,0.0
MMR(0.7),3.58,3,0.588,0.0475
MMR(0.7),3.59,3,0.5876,0.0481
MMR(0.7),3.6,3,0.5871,0.0472
MMR(0.7),3.61,3,0.5871,0.0472
MMR(0.7),3.62,3,0.587,0.047
MMR(0.7),3.63,3,0.587,0.047
MMR(0.7),3.64,3,0.587,0.047
MMR(0.7),3.65,3,0.5889,0.0431
MMR(0.7),3.66,3,0.5889,0.0431
MMR(0.7),3.69,3,0.5887,0.0427
MMR(0.7),3.7,2,0.585,0.2033
MMR(0.7),3.72,3,0.5891,0.0424
MMR(0.7),3.74,2,0.5853,0.2001
MMR(0.7),3.75,3,0.5887,0.0419
MMR(0.7),3.76,3,0.5887,0.0419
MMR(0.7),3.77,3,0.5887,0.0419
MMR(0.7),3.78,3,0.5895,0.0444
MMR(0.7),3.79,3,0.5889,0.0453
MMR(0.7),3.8,3,0.5889,0.0453
MMR(0.7),3.81,3,0.5889,0.0453
MMR(0.7),3.82,3,0.5889,0.0453
MMR(0.7),3.83,2,0.5862,0.2243
MMR(0.7),3.84,2,0.5862,0.2243
MMR(0.7),3.85,2,0.5814,0.1626
MMR(0.7),3.86,3,0.5889,0.0453
MMR(0.7),3.87,3,0.5889,0.0453
MMR(0.7),3.88,2,0.5814,0.1626
MMR(0.7),3.89,3,0.5889,0.0453
MMR(0.7),3.9,3,0.5889,0.0453
MMR(0.7),3.91,3,0.5889,0.0453
MMR(0.7),3.92,3,0.5887,0.0448
MMR(0.7),3.93,2,0.586,0.2211
MMR(0.7),3.94,3,0.5873,0.0473
MMR(0.7),3.95,3,0.5873,0.0473
MMR(0.7),3.96,3,0.5873,0.0473
MMR(0.7),3.97,2,0.5797,0.1665
MMR(0.7),3.98,1,0.5666,0.0
MMR(0.7),3.99,3,0.5875,0.0466
MMR(0.7),4.01,3,0.5875,0.0466
MMR(0.7),4.02,3,0.5875,0.0466
MMR(0.7),4.03,3,0.5874,0.0464
MMR(0.7),4.04,2,0.5792,0.1601
MMR(0.7),4.05,2,0.5792,0.1601
MMR(0.7),4.06,2,0.5842,0.2236
MMR(0.7),4.07,3,0.5867,0.0451
MMR(0.7),4.09,1,0.5666,0.0
MMR(0.7),4.1,3,0.5867,0.0451
MMR(0.7),4.12,2,0.5792,0.1601
MMR(0.7),4.13,2,0.5842,0.2236
MMR(0.7),4.16,3,0.5867,0.0451
MMR(0.7),4.18,1,0.5666,0.0
MMR(0.7),4.21,2,0.5842,0.2236
MMR(0.7),4.22,2,0.5842,0.2236
MMR(0.7),4.23,2,0.5792,0.1601
MMR(0.7),4.24,2,0.5792,0.1601
MMR(0.7),4.27,2,0.5792,0.1601
MMR(0.7),4.28,1,0.5666,0.0
MMR(0.7),4.29,2,0.5792,0.1601
MMR(0.7),4.32,2,0.5792,0.1601
MMR(0.7),4.35,3,0.5866,0.0445
MMR(0.7),4.37,3,0.5865,0.0443
MMR(0.7),4.38,2,0.5792,0.1601
MMR(0.7),4.49,3,0.5865,0.0443
MMR(0.7),4.57,2,0.5838,0.2192
MMR(0.7),4.68,2,0.5792,0.1601
MMR(0.7),4.71,1,0.5666,0.0
MMR(0.7),4.72,1,0.5666,0.0
MMR(0.9),0.99,3,0.5668,0.0321
MMR(0.9),1.0,3,0.5668,0.0321
MMR(0.9),1.01,3,0.5668,0.0321
MMR(0.9),1.03,2,0.5617,0.1194
MMR(0.9),1.04,3,0.5671,0.0312
MMR(0.9),1.05,3,0.5671,0.0312
MMR(0.9),1.06,3,0.5672,0.0314
MMR(0.9),1.07,3,0.5674,0.0305
MMR(0.9),1.08,3,0.5676,0.0298
MMR(0.9),1.09,3,0.5681,0.0308
MMR(0.9),1.1,3,0.5686,0.0309
MMR(0.9),1.11,3,0.5686,0.0309
MMR(0.9),1.12,3,0.5689,0.0295
MMR(0.9),1.13,3,0.5697,0.0318
MMR(0.9),1.14,3,0.5701,0.0313
MMR(0.9),1.15,3,0.5704,0.031
MMR(0.9),1.16,3,0.5711,0.0312
MMR(0.9),1.17,3,0.5718,0.0317
MMR(0.9),1.18,3,0.5722,0.0312
MMR(0.9),1.19,3,0.5727,0.0323
MMR(0.9),1.2,3,0.5729,0.0324
MMR(0.9),1.21,3,0.5731,0.033
MMR(0.9),1.22,3,0.5733,0.0332
MMR(0.9),1.23,3,0.5743,0.0348
MMR(0.9),1.24,3,0.5746,0.0345
MMR(0.9),1.25,3,0.5747,0.0351
MMR(0.9),1.26,3,0.5749,0.0357
MMR(0.9),1.27,3,0.5749,0.0357
MMR(0.9),1.28,3,0.575,0.0357
MMR(0.9),1.29,3,0.5752,0.0363
MMR(0.9),1.3,3,0.5752,0.0363
MMR(0.9),1.31,3,0.5752,0.0363
MMR(0.9),1.32,3,0.5752,0.0363
MMR(0.9),1.33,3,0.5755,0.0354
MMR(0.9),1.34,3,0.5757,0.0348
MMR(0.9),1.35,3,0.5757,0.0348
MMR(0.9),1.36,3,0.5758,0.0354
MMR(0.9),1.37,3,0.5762,0.0356
MMR(0.9),1.38,3,0.5764,0.0362
MMR(0.9),1.39,3,0.5765,0.0362
MMR(0.9),1.4,3,0.5766,0.0363
MMR(0.9),1.41,3,0.5769,0.036
MMR(0.9),1.42,3,0.5769,0.036
MMR(0.9),1.43,3,0.5769,0.036
MMR(0.9),1.44,3,0.577,0.0361
MMR(0.9),1.45,3,0.5771,0.0363
MMR(0.9),1.46,3,0.5774,0.0366
MMR(0.9),1.48,3,0.5775,0.0362
MMR(0.9),1.49,3,0.5775,0.0364
MMR(0.9),1.5,3,0.5777,0.0361
MMR(0.9),1.51,3,0.5779,0.0359
MMR(0.9),1.52,3,0.578,0.036
MMR(0.9),1.53,3,0.5782,0.0353
MMR(0.9),1.54,3,0.5782,0.0353
MMR(0.9),1.55,3,0.5783,0.0358
MMR(0.9),1.56,2,0.5765,0.1785
MMR(0.9),1.57,2,0.5722,0.1252
MMR(0.9),1.58,3,0.5784,0.0361
MMR(0.9),1.59,3,0.5784,0.0361
MMR(0.9),1.6,3,0.5786,0.0355
MMR(0.9),1.61,2,0.5727,0.1188
MMR(0.9),1.62,3,0.5788,0.0348
MMR(0.9),1.63,3,0.5789,0.0349
MMR(0.9),1.64,3,0.5789,0.0349
MMR(0.9),1.65,3,0.579,0.0345
MMR(0.9),1.66,2,0.5733,0.122
MMR(0.9),1.67,3,0.5793,0.0343
MMR(0.9),1.68,3,0.5793,0.0343
MMR(0.9),1.69,3,0.5794,0.0346
MMR(0.9),1.7,3,0.5796,0.0345
MMR(0.9),1.71,3,0.5797,0.0338
MMR(0.9),1.74,3,0.5798,0.0339
MMR(0.9),1.75,3,0.5799,0.0339
MMR(0.9),1.76,3,0.5799,0.0341
MMR(0.9),1.77,3,0.5801,0.0343
MMR(0.9),1.79,3,0.5805,0.0348
MMR(0.9),1.81,3,0.5806,0.0349
MMR(0.9),1.83,3,0.5807,0.0353
MMR(0.9),1.84,3,0.5809,0.0355
MMR(0.9),1.88,3,0.5808,0.0354
MMR(0.9),1.89,3,0.581,0.0357
MMR(0.9),1.9,3,0.5811,0.0359
MMR(0.9),1.91,3,0.5813,0.0362
MMR(0.9),1.93,3,0.5816,0.0369
MMR(0.9),1.94,2,0.5786,0.1773
MMR(0.9),1.95,2,0.5786,0.1773
MMR(0.9),1.97,3,0.5817,0.0371
MMR(0.9),1.98,3,0.5817,0.0371
MMR(0.9),1.99,2,0.579,0.176
MMR(0.9),2.01,1,0.5651,0.0
MMR(0.9),2.02,3,0.5819,0.0367
MMR(0.9),2.03,3,0.5819,0.0367
MMR(0.9),2.04,3,0.5819,0.0367
MMR(0.9),2.05,2,0.579,0.176
MMR(0.9),2.06,3,0.5819,0.0367
MMR(0.9),2.08,3,0.582,0.0368
MMR(0.9),2.09,3,0.582,0.0368
MMR(0.9),2.1,3,0.5821,0.037
MMR(0.9),2.11,3,0.5823,0.0365
MMR(0.9),2.12,3,0.5827,0.0363
MMR(0.9),2.13,3,0.5827,0.0363
MMR(0.9),2.14,3,0.5829,0.0365
MMR(0.9),2.15,2,0.58,0.1773
MMR(0.9),2.16,3,0.583,0.0369
MMR(0.9),2.17,3,0.583,0.0369
MMR(0.9),2.18,3,0.583,0.037
MMR(0.9),2.19,2,0.5776,0.1455
MMR(0.9),2.2,3,0.5831,0.0371
MMR(0.9),2.21,3,0.5831,0.0371
MMR(0.9),2.22,3,0.5831,0.0371
MMR(0.9),2.23,3,0.5831,0.0371
MMR(0.9),2.24,3,0.5832,0.0372
MMR(0.9),2.25,3,0.5832,0.0372
MMR(0.9),2.26,3,0.5832,0.0372
MMR(0.9),2.27,3,0.5832,0.0372
MMR(0.9),2.28,2,0.58,0.1773
MMR(0.9),2.29,3,0.5832,0.0372
MMR(0.9),2.3,3,0.5832,0.0372
MMR(0.9),2.31,3,0.5831,0.0371
MMR(0.9),2.32,2,0.58,0.1766
MMR(0.9),2.33,3,0.5831,0.0371
MMR(0.9),2.34,3,0.5831,0.0371
MMR(0.9),2.35,3,0.5833,0.0373
MMR(0.9),2.36,3,0.5833,0.0373
MMR(0.9),2.37,3,0.5833,0.0373
MMR(0.9),2.38,3,0.5836,0.036
MMR(0.9),2.39,3,0.5836,0.036
MMR(0.9),2.4,3,0.5836,0.036
MMR(0.9),2.41,3,0.5836,0.036
MMR(0.9),2.42,3,0.5837,0.0362
MMR(0.9),2.43,2,0.5786,0.1474
MMR(0.9),2.44,3,0.5837,0.0362
MMR(0.9),2.45,3,0.5838,0.0365
MMR(0.9),2.46,3,0.5838,0.0366
MMR(0.9),2.48,3,0.5839,0.0369
MMR(0.9),2.49,3,0.5846,0.0342
MMR(0.9),2.5,1,0.5688,0.0
MMR(0.9),2.51,3,0.5846,0.0342
MMR(0.9),2.52,3,0.5847,0.0345
MMR(0.9),2.53,3,0.5847,0.0345
MMR(0.9),2.54,3,0.5849,0.0338
MMR(0.9),2.55,3,0.5849,0.0338
MMR(0.9),2.56,3,0.5851,0.0341
MMR(0.9),2.57,3,0.5851,0.0341
MMR(0.9),2.58,3,0.5851,0.0341
MMR(0.9),2.59,2,0.5817,0.1582
MMR(0.9),2.61,3,0.5855,0.035
MMR(0.9),2.62,3,0.5855,0.035
MMR(0.9),2.63,3,0.5855,0.035
MMR(0.9),2.64,3,0.5856,0.0353
MMR(0.9),2.65,3,0.5855,0.0351
MMR(0.9),2.66,2,0.5819,0.169
MMR(0.9),2.67,3,0.5855,0.0358
MMR(0.9),2.69,3,0.5851,0.0348
MMR(0.9),2.7,3,0.5851,0.0348
MMR(0.9),2.71,3,0.5852,0.0344
MMR(0.9),2.72,3,0.5852,0.0344
MMR(0.9),2.73,3,0.5853,0.0341
MMR(0.9),2.74,3,0.5846,0.0368
MMR(0.9),2.75,3,0.5846,0.0368
MMR(0.9),2.76,3,0.5846,0.0368
MMR(0.9),2.77,3,0.5848,0.036
MMR(0.9),2.78,3,0.585,0.0364
MMR(0.9),2.79,3,0.5853,0.0351
MMR(0.9),2.8,3,0.5856,0.0336
MMR(0.9),2.81,3,0.5858,0.034
MMR(0.9),2.82,3,0.5856,0.0336
MMR(0.9),2.83,3,0.5856,0.0336
MMR(0.9),2.84,3,0.5858,0.0329
MMR(0.9),2.85,3,0.5858,0.0329
MMR(0.9),2.86,3,0.5858,0.0329
MMR(0.9),2.87,2,0.5815,0.1398
MMR(0.9),2.88,3,0.5861,0.0315
MMR(0.9),2.89,3,0.5861,0.0315
MMR(0.9),2.91,3,0.5861,0.0315
MMR(0.9),2.92,3,0.5858,0.0308
MMR(0.9),2.93,3,0.5858,0.0308
MMR(0.9),2.94,3,0.5858,0.0308
MMR(0.9),2.95,3,0.5859,0.031
MMR(0.9),2.96,3,0.5859,0.031
MMR(0.9),2.97,3,0.5859,0.031
MMR(0.9),2.98,3,0.5859,0.031
MMR(0.9),2.99,3,0.5852,0.0339
MMR(0.9),3.0,3,0.5852,0.0339
MMR(0.9),3.01,3,0.5852,0.0339
MMR(0.9),3.02,3,0.5852,0.0339
MMR(0.9),3.03,3,0.5856,0.0324
MMR(0.9),3.04,3,0.5865,0.0326
MMR(0.9),3.05,3,0.5869,0.0332
MMR(0.9),3.06,3,0.5872,0.0337
MMR(0.9),3.07,3,0.5872,0.0337
MMR(0.9),3.08,2,0.5822,0.1429
MMR(0.9),3.09,3,0.5866,0.0336
MMR(0.9),3.1,3,0.5869,0.0323
MMR(0.9),3.11,3,0.5869,0.0323
MMR(0.9),3.12,3,0.5875,0.0336
MMR(0.9),3.13,3,0.5876,0.0338
MMR(0.9),3.14,3,0.5876,0.0338
MMR(0.9),3.15,3,0.5879,0.0323
MMR(0.9),3.16,3,0.5884,0.0333
MMR(0.9),3.17,3,0.5887,0.0318
MMR(0.9),3.18,3,0.5887,0.0318
MMR(0.9),3.19,3,0.5885,0.0315
MMR(0.9),3.2,3,0.5904,0.0317
MMR(0.9),3.21,3,0.5904,0.0317
MMR(0.9),3.22,3,0.5904,0.0317
MMR(0.9),3.23,3,0.5904,0.0317
MMR(0.9),3.24,3,0.5904,0.0317
MMR(0.9),3.25,3,0.5908,0.0323
MMR(0.9),3.26,3,0.5911,0.033
MMR(0.9),3.27,3,0.5914,0.0338
MMR(0.9),3.28,2,0.5881,0.1563
MMR(0.9),3.29,3,0.5914,0.0338
MMR(0.9),3.3,3,0.5914,0.0338
MMR(0.9),3.31,3,0.5917,0.0343
MMR(0.9),3.32,3,0.5917,0.0343
MMR(0.9),3.33,3,0.5921,0.0329
MMR(0.9),3.34,2,0.5881,0.1563
MMR(0.9),3.35,3,0.5917,0.0343
MMR(0.9),3.36,3,0.5917,0.0343
MMR(0.9),3.37,3,0.5917,0.0343
MMR(0.9),3.38,3,0.5917,0.0343
MMR(0.9),3.39,3,0.5921,0.0329
MMR(0.9),3.4,3,0.5921,0.0329
MMR(0.9),3.41,3,0.5922,0.0332
MMR(0.9),3.42,3,0.5922,0.0332
MMR(0.9),3.44,2,0.5886,0.1499
MMR(0.9),3.45,3,0.5926,0.0339
MMR(0.9),3.46,3,0.5932,0.0354
MMR(0.9),3.47,3,0.5932,0.0354
MMR(0.9),3.48,3,0.5932,0.0354
MMR(0.9),3.49,3,0.5932,0.0354
MMR(0.9),3.5,3,0.5931,0.0351
MMR(0.9),3.51,3,0.5931,0.0351
MMR(0.9),3.52,3,0.5931,0.0351
MMR(0.9),3.53,3,0.5931,0.0351
MMR(0.9),3.54,2,0.5892,0.1569
MMR(0.9),3.55,3,0.5934,0.0358
MMR(0.9),3.56,3,0.5934,0.0358
MMR(0.9),3.57,1,0.5768,0.0
MMR(0.9),3.58,3,0.5934,0.0358
MMR(0.9),3.59,3,0.5934,0.0358
MMR(0.9),3.6,3,0.5934,0.0358
MMR(0.9),3.61,3,0.5934,0.0358
MMR(0.9),3.62,3,0.5934,0.0358
MMR(0.9),3.63,3,0.5934,0.0358
MMR(0.9),3.64,3,0.5936,0.0362
MMR(0.9),3.65,3,0.5955,0.0319
MMR(0.9),3.66,3,0.5955,0.0319
MMR(0.9),3.69,3,0.5959,0.0326
MMR(0.9),3.7,2,0.592,0.1442
MMR(0.9),3.72,3,0.5959,0.0326
MMR(0.9),3.74,2,0.592,0.1442
MMR(0.9),3.75,3,0.5959,0.0326
MMR(0.9),3.76,3,0.5959,0.0326
MMR(0.9),3.77,3,0.5959,0.0326
MMR(0.9),3.78,3,0.5968,0.0349
MMR(0.9),3.79,3,0.5968,0.0349
MMR(0.9),3.8,3,0.5968,0.0349
MMR(0.9),3.81,3,0.5968,0.0349
MMR(0.9),3.82,3,0.5968,0.0349
MMR(0.9),3.83,2,0.5935,0.1626
MMR(0.9),3.84,2,0.5935,0.1626
MMR(0.9),3.85,2,0.5921,0.1449
MMR(0.9),3.86,3,0.5968,0.0349
MMR(0.9),3.87,3,0.5968,0.0349
MMR(0.9),3.88,2,0.5921,0.1449
MMR(0.9),3.89,3,0.5968,0.0349
MMR(0.9),3.9,3,0.5968,0.0349
MMR(0.9),3.91,3,0.5968,0.0349
MMR(0.9),3.92,3,0.5968,0.0349
MMR(0.9),3.93,2,0.5935,0.1626
MMR(0.9),3.94,3,0.597,0.0342
MMR(0.9),3.95,3,0.597,0.0342
MMR(0.9),3.96,3,0.597,0.0342
MMR(0.9),3.97,2,0.5926,0.1391
MMR(0.9),3.98,1,0.5816,0.0
MMR(0.9),3.99,3,0.5971,0.0336
MMR(0.9),4.01,3,0.5971,0.0336
MMR(0.9),4.02,3,0.5971,0.0336
MMR(0.9),4.03,3,0.5971,0.0334
MMR(0.9),4.04,2,0.5926,0.1391
MMR(0.9),4.05,2,0.5926,0.1391
MMR(0.9),4.06,2,0.5938,0.1557
MMR(0.9),4.07,3,0.5971,0.0334
MMR(0.9),4.09,1,0.5816,0.0
MMR(0.9),4.1,3,0.5971,0.0334
MMR(0.9),4.12,2,0.5926,0.1391
MMR(0.9),4.13,2,0.5938,0.1557
MMR(0.9),4.16,3,0.5971,0.0334
MMR(0.9),4.18,1,0.5816,0.0
MMR(0.9),4.21,2,0.5938,0.1557
MMR(0.9),4.22,2,0.5938,0.1557
MMR(0.9),4.23,2,0.5926,0.1391
MMR(0.9),4.24,2,0.5926,0.1391
MMR(0.9),4.27,2,0.5926,0.1391
MMR(0.9),4.28,1,0.5816,0.0
MMR(0.9),4.29,2,0.5926,0.1391
MMR(0.9),4.32,2,0.5926,0.1391
MMR(0.9),4.35,3,0.5971,0.0334
MMR(0.9),4.37,3,0.5971,0.0334
MMR(0.9),4.38,2,0.5926,0.1391
MMR(0.9),4.49,3,0.5971,0.0334
MMR(0.9),4.57,2,0.5938,0.1557
MMR(0.9),4.68,2,0.5926,0.1391
MMR(0.9),4.71,1,0.5816,0.0
MMR(0.9),4.72,1,0.5816,0.0
Maxmin,0.99,3,0.5668,0.0321
Maxmin,1.0,3,0.5668,0.0321
Maxmin,1.01,3,0.567,0.0326
Maxmin,1.03,2,0.5622,0.1258
Maxmin,1.04,3,0.5676,0.0329
Maxmin,1.05,3,0.5678,0.0322
Maxmin,1.06,3,0.5681,0.0329
Maxmin,1.07,3,0.5682,0.033
Maxmin,1.08,3,0.5689,0.0321
Maxmin,1.09,3,0.5693,0.0331
Maxmin,1.1,3,0.5696,0.0338
Maxmin,1.11,3,0.5698,0.0342
Maxmin,1.12,3,0.5704,0.0314
Maxmin,1.13,3,0.5712,0.0314
Maxmin,1.14,3,0.5718,0.0311
Maxmin,1.15,3,0.5722,0.0297
Maxmin,1.16,3,0.5728,0.0299
Maxmin,1.17,3,0.5734,0.0299
Maxmin,1.18,3,0.5738,0.03
Maxmin,1.19,3,0.5743,0.0303
Maxmin,1.2,3,0.5726,0.0318
Maxmin,1.21,3,0.5729,0.0322
Maxmin,1.22,3,0.5716,0.0358
Maxmin,1.23,3,0.5719,0.0355
Maxmin,1.24,3,0.5719,0.0355
Maxmin,1.25,3,0.571,0.0401
Maxmin,1.26,3,0.5706,0.041
Maxmin,1.27,3,0.5703,0.0425
Maxmin,1.28,3,0.57,0.0447
Maxmin,1.29,3,0.5697,0.0431
Maxmin,1.3,3,0.5697,0.0431
Maxmin,1.31,3,0.5686,0.0467
Maxmin,1.32,3,0.5683,0.0471
Maxmin,1.33,3,0.5677,0.0477
Maxmin,1.34,3,0.5672,0.0491
Maxmin,1.35,3,0.5666,0.0498
Maxmin,1.36,3,0.5667,0.0502
Maxmin,1.37,3,0.5666,0.05
Maxmin,1.38,3,0.5669,0.0507
Maxmin,1.39,3,0.5667,0.0521
Maxmin,1.4,3,0.566,0.0518
Maxmin,1.41,3,0.5656,0.0529
Maxmin,1.42,3,0.565,0.0515
Maxmin,1.43,3,0.5649,0.051
Maxmin,1.44,3,0.5644,0.0509
Maxmin,1.45,3,0.5641,0.0504
Maxmin,1.46,3,0.5631,0.0504
Maxmin,1.48,3,0.5625,0.0489
Maxmin,1.49,3,0.5615,0.0461
Maxmin,1.5,3,0.5601,0.0478
Maxmin,1.51,3,0.5597,0.0485
Maxmin,1.52,3,0.5592,0.0505
Maxmin,1.53,3,0.5586,0.0511
Maxmin,1.54,3,0.5576,0.0491
Maxmin,1.55,3,0.5576,0.0491
Maxmin,1.56,2,0.5525,0.2185
Maxmin,1.57,2,0.5506,0.2046
Maxmin,1.58,3,0.5565,0.0474
Maxmin,1.59,3,0.5563,0.0485
Maxmin,1.6,3,0.556,0.0489
Maxmin,1.61,2,0.5484,0.2097
Maxmin,1.62,3,0.5545,0.0489
Maxmin,1.63,3,0.5543,0.0486
Maxmin,1.64,3,0.5527,0.0509
Maxmin,1.65,3,0.5517,0.0506
Maxmin,1.66,2,0.5437,0.2014
Maxmin,1.67,3,0.5503,0.0528
Maxmin,1.68,3,0.5501,0.0535
Maxmin,1.69,3,0.5493,0.0507
Maxmin,1.7,3,0.5483,0.0502
Maxmin,1.71,3,0.548,0.0516
Maxmin,1.74,3,0.5474,0.0513
Maxmin,1.75,3,0.547,0.0503
Maxmin,1.76,3,0.5459,0.0496
Maxmin,1.77,3,0.5454,0.0496
Maxmin,1.79,3,0.5448,0.0485
Maxmin,1.81,3,0.5438,0.0479
Maxmin,1.83,3,0.5425,0.0469
Maxmin,1.84,3,0.5421,0.0456
Maxmin,1.88,3,0.5404,0.0428
Maxmin,1.89,3,0.5401,0.0424
Maxmin,1.9,3,0.5391,0.042
Maxmin,1.91,3,0.5387,0.0412
Maxmin,1.93,3,0.5377,0.0392
Maxmin,1.94,2,0.5336,0.2001
Maxmin,1.95,2,0.5329,0.2046
Maxmin,1.97,3,0.5346,0.0429
Maxmin,1.98,3,0.5344,0.0426
Maxmin,1.99,2,0.5311,0.216
Maxmin,2.01,1,0.5141,0.0
Maxmin,2.02,3,0.5327,0.0416
Maxmin,2.03,3,0.5321,0.0405
Maxmin,2.04,3,0.5313,0.0418
Maxmin,2.05,2,0.5271,0.1982
Maxmin,2.06,3,0.5294,0.0409
Maxmin,2.08,3,0.5291,0.0413
Maxmin,2.09,3,0.5283,0.0416
Maxmin,2.1,3,0.5277,0.0403
Maxmin,2.11,3,0.5271,0.0392
Maxmin,2.12,3,0.5252,0.0398
Maxmin,2.13,3,0.5243,0.0401
Maxmin,2.14,3,0.5228,0.0388
Maxmin,2.15,2,0.517,0.1792
Maxmin,2.16,3,0.5191,0.0418
Maxmin,2.17,3,0.5189,0.0414
Maxmin,2.18,3,0.5178,0.0404
Maxmin,2.19,2,0.5131,0.1798
Maxmin,2.2,3,0.5162,0.0382
Maxmin,2.21,3,0.5162,0.0382
Maxmin,2.22,3,0.5152,0.0402
Maxmin,2.23,3,0.5143,0.0396
Maxmin,2.24,3,0.5135,0.0402
Maxmin,2.25,3,0.513,0.0402
Maxmin,2.26,3,0.5115,0.0381
Maxmin,2.27,3,0.5105,0.0369
Maxmin,2.28,2,0.5061,0.1722
Maxmin,2.29,3,0.5087,0.0361
Maxmin,2.3,3,0.5074,0.0385
Maxmin,2.31,3,0.5064,0.0382
Maxmin,2.32,2,0.5009,0.1684
Maxmin,2.33,3,0.5043,0.0396
Maxmin,2.34,3,0.504,0.0399
Maxmin,2.35,3,0.5028,0.0372
Maxmin,2.36,3,0.5028,0.0372
Maxmin,2.37,3,0.5015,0.0366
Maxmin,2.38,3,0.5018,0.0333
Maxmin,2.39,3,0.4998,0.0342
Maxmin,2.4,3,0.4998,0.0342
Maxmin,2.41,3,0.4984,0.0326
Maxmin,2.42,3,0.4973,0.0313
Maxmin,2.43,2,0.4919,0.1239
Maxmin,2.44,3,0.4957,0.0282
Maxmin,2.45,3,0.4955,0.0286
Maxmin,2.46,3,0.4948,0.0286
Maxmin,2.48,3,0.4932,0.025
Maxmin,2.49,3,0.4941,0.0185
Maxmin,2.5,1,0.485,0.0
Maxmin,2.51,3,0.4937,0.0187
Maxmin,2.52,3,0.4928,0.017
Maxmin,2.53,3,0.491,0.0132
Maxmin,2.54,3,0.4902,0.0156
Maxmin,2.55,3,0.4894,0.0142
Maxmin,2.56,3,0.4887,0.0146
Maxmin,2.57,3,0.4892,0.0207
Maxmin,2.58,3,0.4881,0.0215
Maxmin,2.59,2,0.486,0.122
Maxmin,2.61,3,0.4865,0.0224
Maxmin,2.62,3,0.4854,0.0248
Maxmin,2.63,3,0.484,0.0242
Maxmin,2.64,3,0.4838,0.0237
Maxmin,2.65,3,0.4829,0.0229
Maxmin,2.66,2,0.4821,0.1245
Maxmin,2.67,3,0.4821,0.0257
Maxmin,2.69,3,0.4809,0.023
Maxmin,2.7,3,0.4806,0.0211
Maxmin,2.71,3,0.4798,0.0204
Maxmin,2.72,3,0.4787,0.0218
Maxmin,2.73,3,0.4774,0.0203
Maxmin,2.74,3,0.4756,0.0257
Maxmin,2.75,3,0.4744,0.0251
Maxmin,2.76,3,0.4737,0.0234
Maxmin,2.77,3,0.4717,0.0269
Maxmin,2.78,3,0.472,0.0258
Maxmin,2.79,3,0.4708,0.0241
Maxmin,2.8,3,0.4711,0.0231
Maxmin,2.81,3,0.4708,0.0219
Maxmin,2.82,3,0.4703,0.019
Maxmin,2.83,3,0.4694,0.017
Maxmin,2.84,3,0.4671,0.0162
Maxmin,2.85,3,0.4661,0.0135
Maxmin,2.86,3,0.4642,0.0149
Maxmin,2.87,2,0.4599,0.026
Maxmin,2.88,3,0.462,0.0173
Maxmin,2.89,3,0.4617,0.0184
Maxmin,2.91,3,0.46,0.016
Maxmin,2.92,3,0.4586,0.0173
Maxmin,2.93,3,0.4575,0.0185
Maxmin,2.94,3,0.4573,0.0185
Maxmin,2.95,3,0.4562,0.0175
Maxmin,2.96,3,0.4557,0.019
Maxmin,2.97,3,0.4529,0.0201
Maxmin,2.98,3,0.4514,0.0188
Maxmin,2.99,3,0.4505,0.0216
Maxmin,3.0,3,0.4496,0.0221
Maxmin,3.01,3,0.4486,0.0221
Maxmin,3.02,3,0.4471,0.0197
Maxmin,3.03,3,0.4463,0.0202
Maxmin,3.04,3,0.4461,0.0195
Maxmin,3.05,3,0.4448,0.0197
Maxmin,3.06,3,0.4432,0.0166
Maxmin,3.07,3,0.4427,0.0156
Maxmin,3.08,2,0.438,0.0006
Maxmin,3.09,3,0.4425,0.0132
Maxmin,3.1,3,0.442,0.0124
Maxmin,3.11,3,0.4414,0.0144
Maxmin,3.12,3,0.4392,0.0189
Maxmin,3.13,3,0.4379,0.0181
Maxmin,3.14,3,0.4369,0.0195
Maxmin,3.15,3,0.4351,0.017
Maxmin,3.16,3,0.435,0.0172
Maxmin,3.17,3,0.4345,0.0136
Maxmin,3.18,3,0.4332,0.0159
Maxmin,3.19,3,0.4328,0.0157
Maxmin,3.2,3,0.4315,0.0193
Maxmin,3.21,3,0.431,0.0175
Maxmin,3.22,3,0.4307,0.0169
Maxmin,3.23,3,0.4305,0.0165
Maxmin,3.24,3,0.4294,0.0165
Maxmin,3.25,3,0.4283,0.0189
Maxmin,3.26,3,0.4275,0.0207
Maxmin,3.27,3,0.4269,0.0201
Maxmin,3.28,2,0.4226,0.0407
Maxmin,3.29,3,0.4263,0.0201
Maxmin,3.3,3,0.4261,0.0195
Maxmin,3.31,3,0.425,0.0171
Maxmin,3.32,3,0.4237,0.0144
Maxmin,3.33,3,0.4234,0.0146
Maxmin,3.34,2,0.4195,0.0248
Maxmin,3.35,3,0.4214,0.0138
Maxmin,3.36,3,0.4205,0.0135
Maxmin,3.37,3,0.4186,0.0116
Maxmin,3.38,3,0.4187,0.0129
Maxmin,3.39,3,0.4189,0.0111
Maxmin,3.4,3,0.4186,0.0102
Maxmin,3.41,3,0.4176,0.0102
Maxmin,3.42,3,0.417,0.0088
Maxmin,3.44,2,0.4156,0.0476
Maxmin,3.45,3,0.4161,0.0092
Maxmin,3.46,3,0.4161,0.0092
Maxmin,3.47,3,0.416,0.0088
Maxmin,3.48,3,0.4157,0.0101
Maxmin,3.49,3,0.4157,0.0101
Maxmin,3.5,3,0.415,0.0109
Maxmin,3.51,3,0.414,0.0088
Maxmin,3.52,3,0.4128,0.0107
Maxmin,3.53,3,0.4119,0.0133
Maxmin,3.54,2,0.4139,0.0343
Maxmin,3.55,3,0.4097,0.0131
Maxmin,3.56,3,0.409,0.0118
Maxmin,3.57,1,0.4092,0.0
Maxmin,3.58,3,0.409,0.0118
Maxmin,3.59,3,0.4082,0.0108
Maxmin,3.6,3,0.4067,0.0139
Maxmin,3.61,3,0.4063,0.0144
Maxmin,3.62,3,0.406,0.0151
Maxmin,3.63,3,0.4054,0.0141
Maxmin,3.64,3,0.405,0.0139
Maxmin,3.65,3,0.405,0.0115
Maxmin,3.66,3,0.4044,0.0112
Maxmin,3.69,3,0.4042,0.012
Maxmin,3.7,2,0.4058,0.0457
Maxmin,3.72,3,0.4032,0.0114
Maxmin,3.74,2,0.4046,0.0483
Maxmin,3.75,3,0.4015,0.0136
Maxmin,3.76,3,0.4015,0.0136
Maxmin,3.77,3,0.3997,0.0152
Maxmin,3.78,3,0.3995,0.0155
Maxmin,3.79,3,0.3987,0.0171
Maxmin,3.8,3,0.3983,0.0151
Maxmin,3.81,3,0.3983,0.0151
Maxmin,3.82,3,0.3977,0.0138
Maxmin,3.83,2,0.3992,0.0616
Maxmin,3.84,2,0.3992,0.0616
Maxmin,3.85,2,0.3942,0.0019
Maxmin,3.86,3,0.3975,0.0141
Maxmin,3.87,3,0.3972,0.0127
Maxmin,3.88,2,0.3942,0.0019
Maxmin,3.89,3,0.3969,0.0114
Maxmin,3.9,3,0.396,0.0101
Maxmin,3.91,3,0.3953,0.0115
Maxmin,3.92,3,0.3953,0.0115
Maxmin,3.93,2,0.3962,0.0508
Maxmin,3.94,3,0.3934,0.0138
Maxmin,3.95,3,0.3932,0.014
Maxmin,3.96,3,0.3932,0.014
Maxmin,3.97,2,0.39,0.0089
Maxmin,3.98,1,0.3893,0.0
Maxmin,3.99,3,0.3931,0.0145
Maxmin,4.01,3,0.3926,0.0138
Maxmin,4.02,3,0.3922,0.0148
Maxmin,4.03,3,0.3916,0.0151
Maxmin,4.04,2,0.3875,0.0165
Maxmin,4.05,2,0.3875,0.0165
Maxmin,4.06,2,0.3903,0.0769
Maxmin,4.07,3,0.3898,0.0152
Maxmin,4.09,1,0.3843,0.0
Maxmin,4.1,3,0.3897,0.0147
Maxmin,4.12,2,0.3865,0.0286
Maxmin,4.13,2,0.3901,0.0743
Maxmin,4.16,3,0.389,0.0136
Maxmin,4.18,1,0.3833,0.0
Maxmin,4.21,2,0.3891,0.0743
Maxmin,4.22,2,0.3891,0.0743
Maxmin,4.23,2,0.3851,0.0222
Maxmin,4.24,2,0.3851,0.0222
Maxmin,4.27,2,0.3851,0.0222
Maxmin,4.28,1,0.3833,0.0
Maxmin,4.29,2,0.3851,0.0222
Maxmin,4.32,2,0.3848,0.0191
Maxmin,4.35,3,0.3879,0.0155
Maxmin,4.37,3,0.3874,0.0135
Maxmin,4.38,2,0.3843,0.0133
Maxmin,4.49,3,0.3872,0.0139
Maxmin,4.57,2,0.388,0.0718
Maxmin,4.68,2,0.383,0.0089
Maxmin,4.71,1,0.3814,0.0
Maxmin,4.72,1,0.3814,0.0
Greedy-DPP,0.99,3,0.5668,0.0321
Greedy-DPP,1.0,3,0.5668,0.0321
Greedy-DPP,1.01,3,0.5672,0.0331
Greedy-DPP,1.03,2,0.5622,0.1258
Greedy-DPP,1.04,3,0.5679,0.0328
Greedy-DPP,1.05,3,0.5684,0.0327
Greedy-DPP,1.06,3,0.5687,0.0334
Greedy-DPP,1.07,3,0.5694,0.0332
Greedy-DPP,1.08,3,0.57,0.0326
Greedy-DPP,1.09,3,0.5708,0.0344
Greedy-DPP,1.1,3,0.5715,0.0337
Greedy-DPP,1.11,3,0.5715,0.0337
Greedy-DPP,1.12,3,0.5723,0.0302
Greedy-DPP,1.13,3,0.5734,0.0297
Greedy-DPP,1.14,3,0.5743,0.0271
Greedy-DPP,1.15,3,0.5754,0.0278
Greedy-DPP,1.16,3,0.5762,0.0276
Greedy-DPP,1.17,3,0.5773,0.0288
Greedy-DPP,1.18,3,0.578,0.0295
Greedy-DPP,1.19,3,0.5785,0.0285
Greedy-DPP,1.2,3,0.5791,0.029
Greedy-DPP,1.21,3,0.5797,0.0301
Greedy-DPP,1.22,3,0.5795,0.0298
Greedy-DPP,1.23,3,0.5801,0.0302
Greedy-DPP,1.24,3,0.5806,0.0296
Greedy-DPP,1.25,3,0.5807,0.0301
Greedy-DPP,1.26,3,0.5811,0.0299
Greedy-DPP,1.27,3,0.5812,0.0304
Greedy-DPP,1.28,3,0.5814,0.0308
Greedy-DPP,1.29,3,0.5815,0.0301
Greedy-DPP,1.3,3,0.5815,0.0301
Greedy-DPP,1.31,3,0.5815,0.0301
Greedy-DPP,1.32,3,0.5816,0.0312
Greedy-DPP,1.33,3,0.582,0.0303
Greedy-DPP,1.34,3,0.5823,0.0289
Greedy-DPP,1.35,3,0.5824,0.0294
Greedy-DPP,1.36,3,0.5828,0.0314
Greedy-DPP,1.37,3,0.5832,0.0318
Greedy-DPP,1.38,3,0.5835,0.0321
Greedy-DPP,1.39,3,0.5837,0.0322
Greedy-DPP,1.4,3,0.584,0.032
Greedy-DPP,1.41,3,0.584,0.0332
Greedy-DPP,1.42,3,0.5836,0.0318
Greedy-DPP,1.43,3,0.5836,0.0318
Greedy-DPP,1.44,3,0.5836,0.0327
Greedy-DPP,1.45,3,0.5836,0.0327
Greedy-DPP,1.46,3,0.5838,0.0344
Greedy-DPP,1.48,3,0.5836,0.0333
Greedy-DPP,1.49,3,0.5835,0.0334
Greedy-DPP,1.5,3,0.5834,0.0326
Greedy-DPP,1.51,3,0.5832,0.0332
Greedy-DPP,1.52,3,0.5831,0.034
Greedy-DPP,1.53,3,0.5833,0.0333
Greedy-DPP,1.54,3,0.5832,0.033
Greedy-DPP,1.55,3,0.5832,0.033
Greedy-DPP,1.56,2,0.581,0.1601
Greedy-DPP,1.57,2,0.5781,0.1233
Greedy-DPP,1.58,3,0.5832,0.032
Greedy-DPP,1.59,3,0.5832,0.0328
Greedy-DPP,1.6,3,0.5834,0.0321
Greedy-DPP,1.61,2,0.5783,0.115
Greedy-DPP,1.62,3,0.583,0.0302
Greedy-DPP,1.63,3,0.5827,0.0299
Greedy-DPP,1.64,3,0.5829,0.0303
Greedy-DPP,1.65,3,0.5824,0.0298
Greedy-DPP,1.66,2,0.5777,0.108
Greedy-DPP,1.67,3,0.5826,0.0297
Greedy-DPP,1.68,3,0.5824,0.0293
Greedy-DPP,1.69,3,0.5827,0.0292
Greedy-DPP,1.7,3,0.5821,0.0278
Greedy-DPP,1.71,3,0.5821,0.0278
Greedy-DPP,1.74,3,0.5815,0.0271
Greedy-DPP,1.75,3,0.581,0.026
Greedy-DPP,1.76,3,0.5807,0.0266
Greedy-DPP,1.77,3,0.5802,0.0264
Greedy-DPP,1.79,3,0.5798,0.0258
Greedy-DPP,1.81,3,0.5791,0.0254
Greedy-DPP,1.83,3,0.5782,0.0244
Greedy-DPP,1.84,3,0.5782,0.0242
Greedy-DPP,1.88,3,0.5773,0.023
Greedy-DPP,1.89,3,0.577,0.0228
Greedy-DPP,1.9,3,0.5764,0.0215
Greedy-DPP,1.91,3,0.5762,0.0199
Greedy-DPP,1.93,3,0.576,0.0197
Greedy-DPP,1.94,2,0.575,0.1048
Greedy-DPP,1.95,2,0.5745,0.1067
Greedy-DPP,1.97,3,0.5748,0.021
Greedy-DPP,1.98,3,0.5746,0.0209
Greedy-DPP,1.99,2,0.5737,0.1036
Greedy-DPP,2.01,1,0.5656,0.0
Greedy-DPP,2.02,3,0.5737,0.0191
Greedy-DPP,2.03,3,0.5734,0.018
Greedy-DPP,2.04,3,0.573,0.0183
Greedy-DPP,2.05,2,0.5714,0.0864
Greedy-DPP,2.06,3,0.5717,0.0154
Greedy-DPP,2.08,3,0.5713,0.0147
Greedy-DPP,2.09,3,0.5713,0.0143
Greedy-DPP,2.1,3,0.5709,0.0133
Greedy-DPP,2.11,3,0.57,0.0116
Greedy-DPP,2.12,3,0.5691,0.0138
Greedy-DPP,2.13,3,0.5677,0.0128
Greedy-DPP,2.14,3,0.567,0.011
Greedy-DPP,2.15,2,0.5644,0.0572
Greedy-DPP,2.16,3,0.5636,0.0129
Greedy-DPP,2.17,3,0.5636,0.0129
Greedy-DPP,2.18,3,0.5628,0.0111
Greedy-DPP,2.19,2,0.5617,0.0508
Greedy-DPP,2.2,3,0.562,0.0096
Greedy-DPP,2.21,3,0.562,0.0096
Greedy-DPP,2.22,3,0.5611,0.0118
Greedy-DPP,2.23,3,0.5603,0.0108
Greedy-DPP,2.24,3,0.56,0.0107
Greedy-DPP,2.25,3,0.5594,0.0114
Greedy-DPP,2.26,3,0.5585,0.0105
Greedy-DPP,2.27,3,0.5578,0.0102
Greedy-DPP,2.28,2,0.5565,0.0451
Greedy-DPP,2.29,3,0.5568,0.0093
Greedy-DPP,2.3,3,0.5558,0.0104
Greedy-DPP,2.31,3,0.555,0.0106
Greedy-DPP,2.32,2,0.5527,0.0419
Greedy-DPP,2.33,3,0.5532,0.0104
Greedy-DPP,2.34,3,0.5532,0.0104
Greedy-DPP,2.35,3,0.5523,0.0085
Greedy-DPP,2.36,3,0.5523,0.0085
Greedy-DPP,2.37,3,0.5517,0.0083
Greedy-DPP,2.38,3,0.5521,0.0053
Greedy-DPP,2.39,3,0.5511,0.0062
Greedy-DPP,2.4,3,0.5511,0.0062
Greedy-DPP,2.41,3,0.5498,0.0045
Greedy-DPP,2.42,3,0.5489,0.0037
Greedy-DPP,2.43,2,0.5481,0.0102
Greedy-DPP,2.44,3,0.5485,0.0015
Greedy-DPP,2.45,3,0.5484,0.0019
Greedy-DPP,2.46,3,0.5479,0.0025
Greedy-DPP,2.48,3,0.5468,0.0021
Greedy-DPP,2.49,3,0.5478,0.007
Greedy-DPP,2.5,1,0.5502,0.0
Greedy-DPP,2.51,3,0.5476,0.0076
Greedy-DPP,2.52,3,0.5472,0.0088
Greedy-DPP,2.53,3,0.5458,0.0122
Greedy-DPP,2.54,3,0.5457,0.0116
Greedy-DPP,2.55,3,0.5448,0.0141
Greedy-DPP,2.56,3,0.5439,0.0127
Greedy-DPP,2.57,3,0.5432,0.0133
Greedy-DPP,2.58,3,0.5424,0.0132
Greedy-DPP,2.59,2,0.5413,0.0553
Greedy-DPP,2.61,3,0.5415,0.0108
Greedy-DPP,2.62,3,0.5407,0.0102
Greedy-DPP,2.63,3,0.5397,0.0107
Greedy-DPP,2.64,3,0.5396,0.0114
Greedy-DPP,2.65,3,0.5393,0.012
Greedy-DPP,2.66,2,0.5385,0.0546
Greedy-DPP,2.67,3,0.5391,0.0096
Greedy-DPP,2.69,3,0.5382,0.012
Greedy-DPP,2.7,3,0.5377,0.0142
Greedy-DPP,2.71,3,0.5373,0.0152
Greedy-DPP,2.72,3,0.5368,0.0152
Greedy-DPP,2.73,3,0.5361,0.0158
Greedy-DPP,2.74,3,0.5347,0.0146
Greedy-DPP,2.75,3,0.5344,0.0149
Greedy-DPP,2.76,3,0.5338,0.0156
Greedy-DPP,2.77,3,0.5327,0.0134
Greedy-DPP,2.78,3,0.5337,0.0116
Greedy-DPP,2.79,3,0.5332,0.0132
Greedy-DPP,2.8,3,0.5338,0.0128
Greedy-DPP,2.81,3,0.5339,0.013
Greedy-DPP,2.82,3,0.5336,0.0165
Greedy-DPP,2.83,3,0.5334,0.0172
Greedy-DPP,2.84,3,0.5321,0.0167
Greedy-DPP,2.85,3,0.532,0.0172
Greedy-DPP,2.86,3,0.5302,0.0166
Greedy-DPP,2.87,2,0.5327,0.0464
Greedy-DPP,2.88,3,0.5292,0.0152
Greedy-DPP,2.89,3,0.5292,0.0152
Greedy-DPP,2.91,3,0.5279,0.0163
Greedy-DPP,2.92,3,0.5273,0.0145
Greedy-DPP,2.93,3,0.5271,0.0142
Greedy-DPP,2.94,3,0.5269,0.0144
Greedy-DPP,2.95,3,0.5266,0.0131
Greedy-DPP,2.96,3,0.5262,0.0114
Greedy-DPP,2.97,3,0.5253,0.0109
Greedy-DPP,2.98,3,0.5243,0.0115
Greedy-DPP,2.99,3,0.5243,0.0115
Greedy-DPP,3.0,3,0.5238,0.0126
Greedy-DPP,3.01,3,0.5231,0.0122
Greedy-DPP,3.02,3,0.5223,0.0149
Greedy-DPP,3.03,3,0.522,0.0161
Greedy-DPP,3.04,3,0.5225,0.0168
Greedy-DPP,3.05,3,0.5223,0.0174
Greedy-DPP,3.06,3,0.5218,0.0205
Greedy-DPP,3.07,3,0.5212,0.0217
Greedy-DPP,3.08,2,0.5257,0.0438
Greedy-DPP,3.09,3,0.52,0.02
Greedy-DPP,3.1,3,0.5191,0.0194
Greedy-DPP,3.11,3,0.5185,0.0179
Greedy-DPP,3.12,3,0.5179,0.0178
Greedy-DPP,3.13,3,0.517,0.0202
Greedy-DPP,3.14,3,0.5161,0.0211
Greedy-DPP,3.15,3,0.5154,0.0202
Greedy-DPP,3.16,3,0.5154,0.0186
Greedy-DPP,3.17,3,0.5154,0.0203
Greedy-DPP,3.18,3,0.5146,0.0184
Greedy-DPP,3.19,3,0.5139,0.0173
Greedy-DPP,3.2,3,0.5156,0.0212
Greedy-DPP,3.21,3,0.5152,0.0226
Greedy-DPP,3.22,3,0.5154,0.0231
Greedy-DPP,3.23,3,0.5155,0.0233
Greedy-DPP,3.24,3,0.515,0.0242
Greedy-DPP,3.25,3,0.5155,0.0211
Greedy-DPP,3.26,3,0.515,0.0184
Greedy-DPP,3.27,3,0.5147,0.0182
Greedy-DPP,3.28,2,0.5187,0.0318
Greedy-DPP,3.29,3,0.5143,0.0186
Greedy-DPP,3.3,3,0.5143,0.0186
Greedy-DPP,3.31,3,0.5136,0.0187
Greedy-DPP,3.32,3,0.513,0.0207
Greedy-DPP,3.33,3,0.513,0.0201
Greedy-DPP,3.34,2,0.5176,0.0216
Greedy-DPP,3.35,3,0.5127,0.0214
Greedy-DPP,3.36,3,0.5123,0.0203
Greedy-DPP,3.37,3,0.5117,0.0209
Greedy-DPP,3.38,3,0.5106,0.0186
Greedy-DPP,3.39,3,0.5107,0.0188
Greedy-DPP,3.4,3,0.5107,0.0188
Greedy-DPP,3.41,3,0.5097,0.0209
Greedy-DPP,3.42,3,0.5088,0.0209
Greedy-DPP,3.44,2,0.5134,0.0013
Greedy-DPP,3.45,3,0.5091,0.0206
Greedy-DPP,3.46,3,0.5091,0.0206
Greedy-DPP,3.47,3,0.509,0.0202
Greedy-DPP,3.48,3,0.5087,0.0197
Greedy-DPP,3.49,3,0.5087,0.0197
Greedy-DPP,3.5,3,0.5083,0.0199
Greedy-DPP,3.51,3,0.5073,0.0186
Greedy-DPP,3.52,3,0.5066,0.0174
Greedy-DPP,3.53,3,0.5058,0.0161
Greedy-DPP,3.54,2,0.5039,0.0667
Greedy-DPP,3.55,3,0.5049,0.0135
Greedy-DPP,3.56,3,0.5045,0.0129
Greedy-DPP,3.57,1,0.5067,0.0
Greedy-DPP,3.58,3,0.5045,0.0129
Greedy-DPP,3.59,3,0.504,0.0132
Greedy-DPP,3.6,3,0.5035,0.0118
Greedy-DPP,3.61,3,0.5035,0.0118
Greedy-DPP,3.62,3,0.5034,0.0115
Greedy-DPP,3.63,3,0.5034,0.0115
Greedy-DPP,3.64,3,0.5033,0.0122
Greedy-DPP,3.65,3,0.5039,0.0137
Greedy-DPP,3.66,3,0.5039,0.0137
Greedy-DPP,3.69,3,0.5038,0.0144
Greedy-DPP,3.7,2,0.5021,0.0578
Greedy-DPP,3.72,3,0.5039,0.0137
Greedy-DPP,3.74,2,0.5019,0.0546
Greedy-DPP,3.75,3,0.5029,0.0118
Greedy-DPP,3.76,3,0.5029,0.0118
Greedy-DPP,3.77,3,0.5029,0.0118
Greedy-DPP,3.78,3,0.5037,0.0073
Greedy-DPP,3.79,3,0.5032,0.0062
Greedy-DPP,3.8,3,0.5032,0.0062
Greedy-DPP,3.81,3,0.5032,0.0062
Greedy-DPP,3.82,3,0.5028,0.008
Greedy-DPP,3.83,2,0.5019,0.0356
Greedy-DPP,3.84,2,0.5019,0.0356
Greedy-DPP,3.85,2,0.5047,0.0006
Greedy-DPP,3.86,3,0.5028,0.008
Greedy-DPP,3.87,3,0.5028,0.008
Greedy-DPP,3.88,2,0.5047,0.0006
Greedy-DPP,3.89,3,0.5028,0.008
Greedy-DPP,3.9,3,0.5023,0.008
Greedy-DPP,3.91,3,0.5023,0.008
Greedy-DPP,3.92,3,0.5022,0.0085
Greedy-DPP,3.93,2,0.5012,0.0381
Greedy-DPP,3.94,3,0.5005,0.0063
Greedy-DPP,3.95,3,0.5005,0.0063
Greedy-DPP,3.96,3,0.5005,0.0063
Greedy-DPP,3.97,2,0.5022,0.0051
Greedy-DPP,3.98,1,0.5018,0.0
Greedy-DPP,3.99,3,0.5007,0.0065
Greedy-DPP,4.01,3,0.5007,0.0065
Greedy-DPP,4.02,3,0.5007,0.0065
Greedy-DPP,4.03,3,0.5006,0.0071
Greedy-DPP,4.04,2,0.5018,0.0006
Greedy-DPP,4.05,2,0.5018,0.0006
Greedy-DPP,4.06,2,0.499,0.0349
Greedy-DPP,4.07,3,0.4999,0.0078
Greedy-DPP,4.09,1,0.5018,0.0
Greedy-DPP,4.1,3,0.4999,0.0078
Greedy-DPP,4.12,2,0.5018,0.0006
Greedy-DPP,4.13,2,0.499,0.0349
Greedy-DPP,4.16,3,0.4996,0.0072
Greedy-DPP,4.18,1,0.5018,0.0
Greedy-DPP,4.21,2,0.499,0.0349
Greedy-DPP,4.22,2,0.499,0.0349
Greedy-DPP,4.23,2,0.5012,0.007
Greedy-DPP,4.24,2,0.5012,0.007
Greedy-DPP,4.27,2,0.5012,0.007
Greedy-DPP,4.28,1,0.5018,0.0
Greedy-DPP,4.29,2,0.5012,0.007
Greedy-DPP,4.32,2,0.5012,0.007
Greedy-DPP,4.35,3,0.4994,0.0079
Greedy-DPP,4.37,3,0.4993,0.0085
Greedy-DPP,4.38,2,0.5012,0.007
Greedy-DPP,4.49,3,0.4993,0.0085
Greedy-DPP,4.57,2,0.4986,0.0407
Greedy-DPP,4.68,2,0.5012,0.007
Greedy-DPP,4.71,1,0.5018,0.0
Greedy-DPP,4.72,1,0.5018,0.0
VendiG(0.3),0.99,3,0.5668,0.0321
VendiG(0.3),1.0,3,0.5668,0.0321
VendiG(0.3),1.01,3,0.5672,0.0331
VendiG(0.3),1.03,2,0.5622,0.1258
VendiG(0.3),1.04,3,0.5679,0.0328
VendiG(0.3),1.05,3,0.5682,0.0323
VendiG(0.3),1.06,3,0.5685,0.0329
VendiG(0.3),1.07,3,0.5692,0.0334
VendiG(0.3),1.08,3,0.5699,0.0327
VendiG(0.3),1.09,3,0.5703,0.0338
VendiG(0.3),1.1,3,0.5707,0.0345
VendiG(0.3),1.11,3,0.5708,0.035
VendiG(0.3),1.12,3,0.5716,0.0323
VendiG(0.3),1.13,3,0.5726,0.0326
VendiG(0.3),1.14,3,0.5734,0.0311
VendiG(0.3),1.15,3,0.5742,0.0314
VendiG(0.3),1.16,3,0.5747,0.0326
VendiG(0.3),1.17,3,0.5755,0.033
VendiG(0.3),1.18,3,0.5761,0.0332
VendiG(0.3),1.19,3,0.5766,0.0322
VendiG(0.3),1.2,3,0.5753,0.0347
VendiG(0.3),1.21,3,0.5758,0.0356
VendiG(0.3),1.22,3,0.5748,0.0378
VendiG(0.3),1.23,3,0.5751,0.0375
VendiG(0.3),1.24,3,0.5754,0.0375
VendiG(0.3),1.25,3,0.5746,0.0421
VendiG(0.3),1.26,3,0.5741,0.0429
VendiG(0.3),1.27,3,0.5738,0.0444
VendiG(0.3),1.28,3,0.5736,0.0462
VendiG(0.3),1.29,3,0.5735,0.045
VendiG(0.3),1.3,3,0.5735,0.045
VendiG(0.3),1.31,3,0.5726,0.0479
VendiG(0.3),1.32,3,0.5722,0.0478
VendiG(0.3),1.33,3,0.5721,0.0481
VendiG(0.3),1.34,3,0.572,0.0477
VendiG(0.3),1.35,3,0.5714,0.0484
VendiG(0.3),1.36,3,0.5716,0.0497
VendiG(0.3),1.37,3,0.5719,0.0501
VendiG(0.3),1.38,3,0.5722,0.0509
VendiG(0.3),1.39,3,0.5721,0.0518
VendiG(0.3),1.4,3,0.5715,0.0507
VendiG(0.3),1.41,3,0.5709,0.0513
VendiG(0.3),1.42,3,0.5704,0.05
VendiG(0.3),1.43,3,0.5703,0.0496
VendiG(0.3),1.44,3,0.5701,0.0503
VendiG(0.3),1.45,3,0.5701,0.0503
VendiG(0.3),1.46,3,0.5697,0.0502
VendiG(0.3),1.48,3,0.5692,0.0493
VendiG(0.3),1.49,3,0.5685,0.0475
VendiG(0.3),1.5,3,0.5677,0.0492
VendiG(0.3),1.51,3,0.5673,0.0499
VendiG(0.3),1.52,3,0.5668,0.052
VendiG(0.3),1.53,3,0.5663,0.053
VendiG(0.3),1.54,3,0.5654,0.051
VendiG(0.3),1.55,3,0.5652,0.0506
VendiG(0.3),1.56,2,0.5593,0.2179
VendiG(0.3),1.57,2,0.5591,0.2154
VendiG(0.3),1.58,3,0.5646,0.0483
VendiG(0.3),1.59,3,0.5644,0.0491
VendiG(0.3),1.6,3,0.564,0.05
VendiG(0.3),1.61,2,0.5573,0.216
VendiG(0.3),1.62,3,0.5626,0.048
VendiG(0.3),1.63,3,0.5623,0.0473
VendiG(0.3),1.64,3,0.5614,0.0485
VendiG(0.3),1.65,3,0.5607,0.048
VendiG(0.3),1.66,2,0.5541,0.2039
VendiG(0.3),1.67,3,0.5593,0.0502
VendiG(0.3),1.68,3,0.559,0.0505
VendiG(0.3),1.69,3,0.5587,0.049
VendiG(0.3),1.7,3,0.5577,0.0484
VendiG(0.3),1.71,3,0.5573,0.0499
VendiG(0.3),1.74,3,0.5562,0.0482
VendiG(0.3),1.75,3,0.5558,0.0471
VendiG(0.3),1.76,3,0.5553,0.0478
VendiG(0.3),1.77,3,0.5545,0.047
VendiG(0.3),1.79,3,0.554,0.0461
VendiG(0.3),1.81,3,0.5531,0.0453
VendiG(0.3),1.83,3,0.5519,0.0445
VendiG(0.3),1.84,3,0.5514,0.0435
VendiG(0.3),1.88,3,0.5496,0.0397
VendiG(0.3),1.89,3,0.5493,0.0392
VendiG(0.3),1.9,3,0.5482,0.039
VendiG(0.3),1.91,3,0.5479,0.0382
VendiG(0.3),1.93,3,0.5471,0.0366
VendiG(0.3),1.94,2,0.5422,0.1811
VendiG(0.3),1.95,2,0.5414,0.1861
VendiG(0.3),1.97,3,0.5442,0.0406
VendiG(0.3),1.98,3,0.544,0.0402
VendiG(0.3),1.99,2,0.5394,0.1944
VendiG(0.3),2.01,1,0.5241,0.0
VendiG(0.3),2.02,3,0.5423,0.0395
VendiG(0.3),2.03,3,0.5419,0.0391
VendiG(0.3),2.04,3,0.5411,0.0403
VendiG(0.3),2.05,2,0.5356,0.1792
VendiG(0.3),2.06,3,0.5392,0.0402
VendiG(0.3),2.08,3,0.5382,0.0397
VendiG(0.3),2.09,3,0.5374,0.0404
VendiG(0.3),2.1,3,0.5369,0.0393
VendiG(0.3),2.11,3,0.5361,0.0381
VendiG(0.3),2.12,3,0.5345,0.0395
VendiG(0.3),2.13,3,0.533,0.0385
VendiG(0.3),2.14,3,0.5315,0.0368
VendiG(0.3),2.15,2,0.5251,0.1588
VendiG(0.3),2.16,3,0.5277,0.0398
VendiG(0.3),2.17,3,0.5276,0.0395
VendiG(0.3),2.18,3,0.5263,0.0389
VendiG(0.3),2.19,2,0.5227,0.1817
VendiG(0.3),2.2,3,0.5247,0.0366
VendiG(0.3),2.21,3,0.5244,0.0359
VendiG(0.3),2.22,3,0.5234,0.0377
VendiG(0.3),2.23,3,0.5228,0.038
VendiG(0.3),2.24,3,0.522,0.0385
VendiG(0.3),2.25,3,0.5213,0.0392
VendiG(0.3),2.26,3,0.52,0.0373
VendiG(0.3),2.27,3,0.519,0.0361
VendiG(0.3),2.28,2,0.5139,0.1576
VendiG(0.3),2.29,3,0.5168,0.0347
VendiG(0.3),2.3,3,0.5156,0.0372
VendiG(0.3),2.31,3,0.5146,0.0366
VendiG(0.3),2.32,2,0.5088,0.1512
VendiG(0.3),2.33,3,0.5128,0.0388
VendiG(0.3),2.34,3,0.5125,0.0391
VendiG(0.3),2.35,3,0.5114,0.0369
VendiG(0.3),2.36,3,0.5114,0.0369
VendiG(0.3),2.37,3,0.5104,0.0369
VendiG(0.3),2.38,3,0.5106,0.0332
VendiG(0.3),2.39,3,0.509,0.0308
VendiG(0.3),2.4,3,0.509,0.0308
VendiG(0.3),2.41,3,0.5075,0.0293
VendiG(0.3),2.42,3,0.5064,0.0272
VendiG(0.3),2.43,2,0.503,0.129
VendiG(0.3),2.44,3,0.5049,0.0256
VendiG(0.3),2.45,3,0.5045,0.0257
VendiG(0.3),2.46,3,0.5038,0.0255
VendiG(0.3),2.48,3,0.5024,0.0238
VendiG(0.3),2.49,3,0.5031,0.0185
VendiG(0.3),2.5,1,0.4957,0.0
VendiG(0.3),2.51,3,0.5027,0.0186
VendiG(0.3),2.52,3,0.502,0.018
VendiG(0.3),2.53,3,0.4998,0.0145
VendiG(0.3),2.54,3,0.4994,0.0148
VendiG(0.3),2.55,3,0.4986,0.0151
VendiG(0.3),2.56,3,0.4979,0.013
VendiG(0.3),2.57,3,0.4966,0.0167
VendiG(0.3),2.58,3,0.4958,0.0154
VendiG(0.3),2.59,2,0.4913,0.0286
VendiG(0.3),2.61,3,0.4941,0.0162
VendiG(0.3),2.62,3,0.4928,0.0161
VendiG(0.3),2.63,3,0.4917,0.0165
VendiG(0.3),2.64,3,0.4912,0.0162
VendiG(0.3),2.65,3,0.4903,0.0133
VendiG(0.3),2.66,2,0.4867,0.0216
VendiG(0.3),2.67,3,0.4901,0.0165
VendiG(0.3),2.69,3,0.4891,0.0171
VendiG(0.3),2.7,3,0.4888,0.0194
VendiG(0.3),2.71,3,0.4883,0.0194
VendiG(0.3),2.72,3,0.4876,0.0194
VendiG(0.3),2.73,3,0.4866,0.0215
VendiG(0.3),2.74,3,0.485,0.0239
VendiG(0.3),2.75,3,0.4841,0.0258
VendiG(0.3),2.76,3,0.4834,0.0246
VendiG(0.3),2.77,3,0.4814,0.0239
VendiG(0.3),2.78,3,0.4818,0.02
VendiG(0.3),2.79,3,0.4806,0.0168
VendiG(0.3),2.8,3,0.4813,0.0148
VendiG(0.3),2.81,3,0.4809,0.0145
VendiG(0.3),2.82,3,0.4802,0.0159
VendiG(0.3),2.83,3,0.4798,0.0171
VendiG(0.3),2.84,3,0.4776,0.0168
VendiG(0.3),2.85,3,0.477,0.0149
VendiG(0.3),2.86,3,0.4752,0.0145
VendiG(0.3),2.87,2,0.4768,0.0394
VendiG(0.3),2.88,3,0.4733,0.014
VendiG(0.3),2.89,3,0.4729,0.0143
VendiG(0.3),2.91,3,0.4715,0.0151
VendiG(0.3),2.92,3,0.4711,0.0125
VendiG(0.3),2.93,3,0.4701,0.0118
VendiG(0.3),2.94,3,0.4699,0.0111
VendiG(0.3),2.95,3,0.4688,0.0125
VendiG(0.3),2.96,3,0.4682,0.0125
VendiG(0.3),2.97,3,0.4657,0.009
VendiG(0.3),2.98,3,0.4646,0.0085
VendiG(0.3),2.99,3,0.4637,0.0088
VendiG(0.3),3.0,3,0.4628,0.0085
VendiG(0.3),3.01,3,0.4618,0.0085
VendiG(0.3),3.02,3,0.4606,0.0094
VendiG(0.3),3.03,3,0.4598,0.0111
VendiG(0.3),3.04,3,0.4603,0.0101
VendiG(0.3),3.05,3,0.4595,0.0077
VendiG(0.3),3.06,3,0.4583,0.0085
VendiG(0.3),3.07,3,0.4578,0.0088
VendiG(0.3),3.08,2,0.4591,0.0203
VendiG(0.3),3.09,3,0.456,0.0104
VendiG(0.3),3.1,3,0.4552,0.0119
VendiG(0.3),3.11,3,0.4546,0.0131
VendiG(0.3),3.12,3,0.4528,0.0167
VendiG(0.3),3.13,3,0.4515,0.0175
VendiG(0.3),3.14,3,0.4505,0.0198
VendiG(0.3),3.15,3,0.4494,0.0173
VendiG(0.3),3.16,3,0.4491,0.0155
VendiG(0.3),3.17,3,0.4487,0.0155
VendiG(0.3),3.18,3,0.4474,0.0143
VendiG(0.3),3.19,3,0.4468,0.012
VendiG(0.3),3.2,3,0.4461,0.0139
VendiG(0.3),3.21,3,0.4457,0.0145
VendiG(0.3),3.22,3,0.4453,0.014
VendiG(0.3),3.23,3,0.4452,0.0122
VendiG(0.3),3.24,3,0.4444,0.0108
VendiG(0.3),3.25,3,0.4434,0.01
VendiG(0.3),3.26,3,0.4426,0.0101
VendiG(0.3),3.27,3,0.4424,0.0124
VendiG(0.3),3.28,2,0.4432,0.061
VendiG(0.3),3.29,3,0.4418,0.0138
VendiG(0.3),3.3,3,0.4416,0.014
VendiG(0.3),3.31,3,0.4405,0.013
VendiG(0.3),3.32,3,0.4389,0.0125
VendiG(0.3),3.33,3,0.4386,0.0111
VendiG(0.3),3.34,2,0.4396,0.0381
VendiG(0.3),3.35,3,0.4366,0.0086
VendiG(0.3),3.36,3,0.436,0.0067
VendiG(0.3),3.37,3,0.4341,0.0084
VendiG(0.3),3.38,3,0.4342,0.0127
VendiG(0.3),3.39,3,0.4341,0.0133
VendiG(0.3),3.4,3,0.4338,0.0144
VendiG(0.3),3.41,3,0.4328,0.0169
VendiG(0.3),3.42,3,0.4321,0.0169
VendiG(0.3),3.44,2,0.4353,0.04
VendiG(0.3),3.45,3,0.4329,0.0157
VendiG(0.3),3.46,3,0.4329,0.0157
VendiG(0.3),3.47,3,0.4327,0.0152
VendiG(0.3),3.48,3,0.4327,0.0152
VendiG(0.3),3.49,3,0.4331,0.0162
VendiG(0.3),3.5,3,0.4324,0.0161
VendiG(0.3),3.51,3,0.4318,0.0149
VendiG(0.3),3.52,3,0.4305,0.0121
VendiG(0.3),3.53,3,0.4296,0.0102
VendiG(0.3),3.54,2,0.4277,0.0362
VendiG(0.3),3.55,3,0.4276,0.0101
VendiG(0.3),3.56,3,0.4266,0.0101
VendiG(0.3),3.57,1,0.4282,0.0
VendiG(0.3),3.58,3,0.4266,0.0101
VendiG(0.3),3.59,3,0.4257,0.0109
VendiG(0.3),3.6,3,0.4246,0.0091
VendiG(0.3),3.61,3,0.4241,0.0093
VendiG(0.3),3.62,3,0.4239,0.0084
VendiG(0.3),3.63,3,0.4233,0.0097
VendiG(0.3),3.64,3,0.4229,0.0096
VendiG(0.3),3.65,3,0.4246,0.0185
VendiG(0.3),3.66,3,0.4239,0.0183
VendiG(0.3),3.69,3,0.4236,0.0181
VendiG(0.3),3.7,2,0.4192,0.026
VendiG(0.3),3.72,3,0.4226,0.0198
VendiG(0.3),3.74,2,0.4179,0.0229
VendiG(0.3),3.75,3,0.4209,0.018
VendiG(0.3),3.76,3,0.4209,0.018
VendiG(0.3),3.77,3,0.4191,0.0194
VendiG(0.3),3.78,3,0.4189,0.0187
VendiG(0.3),3.79,3,0.4181,0.0174
VendiG(0.3),3.8,3,0.4178,0.018
VendiG(0.3),3.81,3,0.4178,0.018
VendiG(0.3),3.82,3,0.4173,0.0185
VendiG(0.3),3.83,2,0.4128,0.007
VendiG(0.3),3.84,2,0.4128,0.007
VendiG(0.3),3.85,2,0.4196,0.0794
VendiG(0.3),3.86,3,0.4172,0.0188
VendiG(0.3),3.87,3,0.4162,0.0169
VendiG(0.3),3.88,2,0.4187,0.0673
VendiG(0.3),3.89,3,0.4159,0.0177
VendiG(0.3),3.9,3,0.415,0.0189
VendiG(0.3),3.91,3,0.415,0.0189
VendiG(0.3),3.92,3,0.4148,0.0194
VendiG(0.3),3.93,2,0.41,0.0267
VendiG(0.3),3.94,3,0.4129,0.0197
VendiG(0.3),3.95,3,0.4128,0.0191
VendiG(0.3),3.96,3,0.4128,0.0191
VendiG(0.3),3.97,2,0.4154,0.0788
VendiG(0.3),3.98,1,0.4092,0.0
VendiG(0.3),3.99,3,0.4126,0.0194
VendiG(0.3),4.01,3,0.4121,0.0206
VendiG(0.3),4.02,3,0.4117,0.0212
VendiG(0.3),4.03,3,0.4111,0.0204
VendiG(0.3),4.04,2,0.4129,0.0851
VendiG(0.3),4.05,2,0.4129,0.0851
VendiG(0.3),4.06,2,0.4042,0.0
VendiG(0.3),4.07,3,0.4093,0.0221
VendiG(0.3),4.09,1,0.4042,0.0
VendiG(0.3),4.1,3,0.4092,0.0225
VendiG(0.3),4.12,2,0.4119,0.0978
VendiG(0.3),4.13,2,0.404,0.0032
VendiG(0.3),4.16,3,0.4085,0.0218
VendiG(0.3),4.18,1,0.4042,0.0
VendiG(0.3),4.21,2,0.4034,0.0095
VendiG(0.3),4.22,2,0.4034,0.0095
VendiG(0.3),4.23,2,0.4114,0.0915
VendiG(0.3),4.24,2,0.4114,0.0915
VendiG(0.3),4.27,2,0.4114,0.0915
VendiG(0.3),4.28,1,0.4042,0.0
VendiG(0.3),4.29,2,0.4114,0.0915
VendiG(0.3),4.32,2,0.4113,0.0902
VendiG(0.3),4.35,3,0.4079,0.0205
VendiG(0.3),4.37,3,0.4075,0.0217
VendiG(0.3),4.38,2,0.4108,0.0839
VendiG(0.3),4.49,3,0.4074,0.0211
VendiG(0.3),4.57,2,0.4021,0.0152
VendiG(0.3),4.68,2,0.4096,0.0807
VendiG(0.3),4.71,1,0.4023,0.0
VendiG(0.3),4.72,1,0.4023,0.0
VendiG(0.5),0.99,3,0.5668,0.0321
VendiG(0.5),1.0,3,0.5668,0.0321
VendiG(0.5),1.01,3,0.5672,0.0331
VendiG(0.5),1.03,2,0.5622,0.1258
VendiG(0.5),1.04,3,0.5679,0.0328
VendiG(0.5),1.05,3,0.5682,0.0323
VendiG(0.5),1.06,3,0.5685,0.0329
VendiG(0.5),1.07,3,0.5692,0.0327
VendiG(0.5),1.08,3,0.5699,0.0322
VendiG(0.5),1.09,3,0.5703,0.0332
VendiG(0.5),1.1,3,0.5708,0.0332
VendiG(0.5),1.11,3,0.571,0.0337
VendiG(0.5),1.12,3,0.5716,0.0313
VendiG(0.5),1.13,3,0.5722,0.031
VendiG(0.5),1.14,3,0.573,0.0296
VendiG(0.5),1.15,3,0.5739,0.0299
VendiG(0.5),1.16,3,0.5746,0.0309
VendiG(0.5),1.17,3,0.5754,0.0312
VendiG(0.5),1.18,3,0.576,0.0314
VendiG(0.5),1.19,3,0.5765,0.0304
VendiG(0.5),1.2,3,0.577,0.0313
VendiG(0.5),1.21,3,0.5773,0.0317
VendiG(0.5),1.22,3,0.577,0.0313
VendiG(0.5),1.23,3,0.5775,0.0316
VendiG(0.5),1.24,3,0.5778,0.0317
VendiG(0.5),1.25,3,0.5769,0.0361
VendiG(0.5),1.26,3,0.5771,0.0366
VendiG(0.5),1.27,3,0.5773,0.0371
VendiG(0.5),1.28,3,0.5771,0.039
VendiG(0.5),1.29,3,0.5769,0.0381
VendiG(0.5),1.3,3,0.5769,0.0381
VendiG(0.5),1.31,3,0.5761,0.041
VendiG(0.5),1.32,3,0.5756,0.0411
VendiG(0.5),1.33,3,0.5756,0.0412
VendiG(0.5),1.34,3,0.5755,0.0409
VendiG(0.5),1.35,3,0.5749,0.0419
VendiG(0.5),1.36,3,0.5751,0.0433
VendiG(0.5),1.37,3,0.5752,0.0434
VendiG(0.5),1.38,3,0.5756,0.0444
VendiG(0.5),1.39,3,0.5756,0.0451
VendiG(0.5),1.4,3,0.5751,0.0438
VendiG(0.5),1.41,3,0.5748,0.0445
VendiG(0.5),1.42,3,0.5744,0.043
VendiG(0.5),1.43,3,0.5744,0.043
VendiG(0.5),1.44,3,0.5743,0.0437
VendiG(0.5),1.45,3,0.5743,0.0437
VendiG(0.5),1.46,3,0.574,0.0439
VendiG(0.5),1.48,3,0.5736,0.0428
VendiG(0.5),1.49,3,0.5729,0.0412
VendiG(0.5),1.5,3,0.5721,0.0427
VendiG(0.5),1.51,3,0.5717,0.0432
VendiG(0.5),1.52,3,0.5712,0.0452
VendiG(0.5),1.53,3,0.5708,0.046
VendiG(0.5),1.54,3,0.5699,0.0441
VendiG(0.5),1.55,3,0.5699,0.0441
VendiG(0.5),1.56,2,0.5664,0.2065
VendiG(0.5),1.57,2,0.5628,0.1607
VendiG(0.5),1.58,3,0.5691,0.0413
VendiG(0.5),1.59,3,0.5691,0.042
VendiG(0.5),1.6,3,0.569,0.0424
VendiG(0.5),1.61,2,0.5618,0.162
VendiG(0.5),1.62,3,0.5682,0.0416
VendiG(0.5),1.63,3,0.5678,0.0412
VendiG(0.5),1.64,3,0.5676,0.0432
VendiG(0.5),1.65,3,0.5669,0.0429
VendiG(0.5),1.66,2,0.5595,0.1582
VendiG(0.5),1.67,3,0.5657,0.0449
VendiG(0.5),1.68,3,0.5653,0.0451
VendiG(0.5),1.69,3,0.5653,0.0443
VendiG(0.5),1.7,3,0.5644,0.0434
VendiG(0.5),1.71,3,0.5641,0.0447
VendiG(0.5),1.74,3,0.563,0.0433
VendiG(0.5),1.75,3,0.5626,0.0423
VendiG(0.5),1.76,3,0.5622,0.0428
VendiG(0.5),1.77,3,0.5615,0.0418
VendiG(0.5),1.79,3,0.5611,0.0412
VendiG(0.5),1.81,3,0.5602,0.0409
VendiG(0.5),1.83,3,0.5591,0.0406
VendiG(0.5),1.84,3,0.5591,0.0403
VendiG(0.5),1.88,3,0.5576,0.0384
VendiG(0.5),1.89,3,0.5573,0.0381
VendiG(0.5),1.9,3,0.5565,0.0371
VendiG(0.5),1.91,3,0.5561,0.0364
VendiG(0.5),1.93,3,0.5558,0.0361
VendiG(0.5),1.94,2,0.5533,0.1938
VendiG(0.5),1.95,2,0.5526,0.1989
VendiG(0.5),1.97,3,0.5532,0.0401
VendiG(0.5),1.98,3,0.553,0.04
VendiG(0.5),1.99,2,0.5507,0.2065
VendiG(0.5),2.01,1,0.5345,0.0
VendiG(0.5),2.02,3,0.5516,0.0397
VendiG(0.5),2.03,3,0.5512,0.039
VendiG(0.5),2.04,3,0.5506,0.0399
VendiG(0.5),2.05,2,0.548,0.1963
VendiG(0.5),2.06,3,0.5493,0.0372
VendiG(0.5),2.08,3,0.5485,0.0372
VendiG(0.5),2.09,3,0.5484,0.0368
VendiG(0.5),2.1,3,0.548,0.0357
VendiG(0.5),2.11,3,0.5473,0.034
VendiG(0.5),2.12,3,0.5457,0.0349
VendiG(0.5),2.13,3,0.5442,0.0338
VendiG(0.5),2.14,3,0.5434,0.0325
VendiG(0.5),2.15,2,0.5397,0.1671
VendiG(0.5),2.16,3,0.5397,0.0354
VendiG(0.5),2.17,3,0.5397,0.0354
VendiG(0.5),2.18,3,0.5384,0.0348
VendiG(0.5),2.19,2,0.5332,0.1372
VendiG(0.5),2.2,3,0.537,0.0325
VendiG(0.5),2.21,3,0.537,0.0325
VendiG(0.5),2.22,3,0.5361,0.0348
VendiG(0.5),2.23,3,0.5355,0.035
VendiG(0.5),2.24,3,0.5349,0.0354
VendiG(0.5),2.25,3,0.5343,0.0363
VendiG(0.5),2.26,3,0.5331,0.0346
VendiG(0.5),2.27,3,0.5322,0.0339
VendiG(0.5),2.28,2,0.5292,0.1639
VendiG(0.5),2.29,3,0.5303,0.0319
VendiG(0.5),2.3,3,0.5291,0.0344
VendiG(0.5),2.31,3,0.5282,0.0338
VendiG(0.5),2.32,2,0.5245,0.1607
VendiG(0.5),2.33,3,0.5267,0.0351
VendiG(0.5),2.34,3,0.5265,0.0349
VendiG(0.5),2.35,3,0.5253,0.0323
VendiG(0.5),2.36,3,0.5253,0.0323
VendiG(0.5),2.37,3,0.5243,0.0322
VendiG(0.5),2.38,3,0.5244,0.0286
VendiG(0.5),2.39,3,0.5231,0.0264
VendiG(0.5),2.4,3,0.5231,0.0264
VendiG(0.5),2.41,3,0.5217,0.0247
VendiG(0.5),2.42,3,0.5206,0.0239
VendiG(0.5),2.43,2,0.5155,0.0781
VendiG(0.5),2.44,3,0.5191,0.0203
VendiG(0.5),2.45,3,0.5188,0.0205
VendiG(0.5),2.46,3,0.5183,0.0209
VendiG(0.5),2.48,3,0.5167,0.017
VendiG(0.5),2.49,3,0.5176,0.0104
VendiG(0.5),2.5,1,0.5123,0.0
VendiG(0.5),2.51,3,0.5174,0.0099
VendiG(0.5),2.52,3,0.5169,0.0088
VendiG(0.5),2.53,3,0.5153,0.0061
VendiG(0.5),2.54,3,0.5148,0.0068
VendiG(0.5),2.55,3,0.514,0.0062
VendiG(0.5),2.56,3,0.513,0.0053
VendiG(0.5),2.57,3,0.5119,0.0082
VendiG(0.5),2.58,3,0.5114,0.0057
VendiG(0.5),2.59,2,0.5091,0.0216
VendiG(0.5),2.61,3,0.5101,0.007
VendiG(0.5),2.62,3,0.5092,0.0066
VendiG(0.5),2.63,3,0.5082,0.0068
VendiG(0.5),2.64,3,0.5079,0.0062
VendiG(0.5),2.65,3,0.5074,0.0053
VendiG(0.5),2.66,2,0.5057,0.0178
VendiG(0.5),2.67,3,0.507,0.0079
VendiG(0.5),2.69,3,0.506,0.0076
VendiG(0.5),2.7,3,0.5056,0.0098
VendiG(0.5),2.71,3,0.5052,0.0098
VendiG(0.5),2.72,3,0.5045,0.0097
VendiG(0.5),2.73,3,0.5038,0.0113
VendiG(0.5),2.74,3,0.5022,0.0135
VendiG(0.5),2.75,3,0.502,0.0146
VendiG(0.5),2.76,3,0.5013,0.0134
VendiG(0.5),2.77,3,0.4996,0.0125
VendiG(0.5),2.78,3,0.4999,0.0085
VendiG(0.5),2.79,3,0.4994,0.006
VendiG(0.5),2.8,3,0.5001,0.0039
VendiG(0.5),2.81,3,0.4997,0.0039
VendiG(0.5),2.82,3,0.4991,0.0063
VendiG(0.5),2.83,3,0.4986,0.0081
VendiG(0.5),2.84,3,0.4968,0.0095
VendiG(0.5),2.85,3,0.4963,0.0094
VendiG(0.5),2.86,3,0.4946,0.0086
VendiG(0.5),2.87,2,0.4953,0.0089
VendiG(0.5),2.88,3,0.4927,0.0078
VendiG(0.5),2.89,3,0.4924,0.007
VendiG(0.5),2.91,3,0.4907,0.0098
VendiG(0.5),2.92,3,0.4895,0.0092
VendiG(0.5),2.93,3,0.4887,0.0084
VendiG(0.5),2.94,3,0.4885,0.008
VendiG(0.5),2.95,3,0.4879,0.0074
VendiG(0.5),2.96,3,0.4873,0.0064
VendiG(0.5),2.97,3,0.4855,0.0034
VendiG(0.5),2.98,3,0.4845,0.0032
VendiG(0.5),2.99,3,0.4842,0.0027
VendiG(0.5),3.0,3,0.4836,0.0034
VendiG(0.5),3.01,3,0.4829,0.0034
VendiG(0.5),3.02,3,0.4821,0.0068
VendiG(0.5),3.03,3,0.4813,0.0071
VendiG(0.5),3.04,3,0.4818,0.007
VendiG(0.5),3.05,3,0.4816,0.0078
VendiG(0.5),3.06,3,0.4804,0.0106
VendiG(0.5),3.07,3,0.4799,0.0117
VendiG(0.5),3.08,2,0.4819,0.0178
VendiG(0.5),3.09,3,0.4782,0.0098
VendiG(0.5),3.1,3,0.4775,0.0104
VendiG(0.5),3.11,3,0.4769,0.0098
VendiG(0.5),3.12,3,0.4754,0.0101
VendiG(0.5),3.13,3,0.4742,0.0119
VendiG(0.5),3.14,3,0.4732,0.0136
VendiG(0.5),3.15,3,0.4721,0.0116
VendiG(0.5),3.16,3,0.4719,0.0097
VendiG(0.5),3.17,3,0.4715,0.0116
VendiG(0.5),3.18,3,0.4702,0.0094
VendiG(0.5),3.19,3,0.4697,0.0071
VendiG(0.5),3.2,3,0.4693,0.0092
VendiG(0.5),3.21,3,0.469,0.01
VendiG(0.5),3.22,3,0.4687,0.0097
VendiG(0.5),3.23,3,0.4689,0.0095
VendiG(0.5),3.24,3,0.4681,0.0088
VendiG(0.5),3.25,3,0.4671,0.0076
VendiG(0.5),3.26,3,0.4663,0.0069
VendiG(0.5),3.27,3,0.4661,0.0074
VendiG(0.5),3.28,2,0.4668,0.0343
VendiG(0.5),3.29,3,0.4654,0.0088
VendiG(0.5),3.3,3,0.4653,0.0091
VendiG(0.5),3.31,3,0.4642,0.0088
VendiG(0.5),3.32,3,0.4629,0.0103
VendiG(0.5),3.33,3,0.4626,0.0092
VendiG(0.5),3.34,2,0.4633,0.0241
VendiG(0.5),3.35,3,0.4611,0.008
VendiG(0.5),3.36,3,0.4603,0.006
VendiG(0.5),3.37,3,0.4594,0.0076
VendiG(0.5),3.38,3,0.4576,0.0058
VendiG(0.5),3.39,3,0.4574,0.0066
VendiG(0.5),3.4,3,0.4571,0.008
VendiG(0.5),3.41,3,0.4561,0.01
VendiG(0.5),3.42,3,0.4552,0.0101
VendiG(0.5),3.44,2,0.457,0.0089
VendiG(0.5),3.45,3,0.455,0.0088
VendiG(0.5),3.46,3,0.455,0.0088
VendiG(0.5),3.47,3,0.4548,0.0083
VendiG(0.5),3.48,3,0.4548,0.0083
VendiG(0.5),3.49,3,0.4548,0.0083
VendiG(0.5),3.5,3,0.4543,0.0086
VendiG(0.5),3.51,3,0.4534,0.0071
VendiG(0.5),3.52,3,0.4528,0.006
VendiG(0.5),3.53,3,0.4518,0.0046
VendiG(0.5),3.54,2,0.451,0.0114
VendiG(0.5),3.55,3,0.4505,0.0031
VendiG(0.5),3.56,3,0.4495,0.0036
VendiG(0.5),3.57,1,0.4495,0.0
VendiG(0.5),3.58,3,0.4495,0.0036
VendiG(0.5),3.59,3,0.4487,0.0051
VendiG(0.5),3.6,3,0.4475,0.0046
VendiG(0.5),3.61,3,0.447,0.0063
VendiG(0.5),3.62,3,0.4468,0.0056
VendiG(0.5),3.63,3,0.4468,0.0056
VendiG(0.5),3.64,3,0.4463,0.0056
VendiG(0.5),3.65,3,0.4483,0.0132
VendiG(0.5),3.66,3,0.4476,0.0123
VendiG(0.5),3.69,3,0.4473,0.0118
VendiG(0.5),3.7,2,0.4443,0.0178
VendiG(0.5),3.72,3,0.4464,0.0139
VendiG(0.5),3.74,2,0.4431,0.0203
VendiG(0.5),3.75,3,0.4449,0.0126
VendiG(0.5),3.76,3,0.4449,0.0126
VendiG(0.5),3.77,3,0.4447,0.0132
VendiG(0.5),3.78,3,0.4446,0.0126
VendiG(0.5),3.79,3,0.4438,0.0121
VendiG(0.5),3.8,3,0.4438,0.0121
VendiG(0.5),3.81,3,0.4438,0.0121
VendiG(0.5),3.82,3,0.4435,0.0121
VendiG(0.5),3.83,2,0.4407,0.0324
VendiG(0.5),3.84,2,0.4407,0.0324
VendiG(0.5),3.85,2,0.4433,0.0648
VendiG(0.5),3.86,3,0.4433,0.0127
VendiG(0.5),3.87,3,0.4428,0.0121
VendiG(0.5),3.88,2,0.443,0.0616
VendiG(0.5),3.89,3,0.4425,0.0123
VendiG(0.5),3.9,3,0.442,0.0123
VendiG(0.5),3.91,3,0.442,0.0123
VendiG(0.5),3.92,3,0.4418,0.0124
VendiG(0.5),3.93,2,0.4386,0.0165
VendiG(0.5),3.94,3,0.4399,0.0145
VendiG(0.5),3.95,3,0.4398,0.0138
VendiG(0.5),3.96,3,0.4398,0.0138
VendiG(0.5),3.97,2,0.4402,0.068
VendiG(0.5),3.98,1,0.4348,0.0
VendiG(0.5),3.99,3,0.4398,0.0138
VendiG(0.5),4.01,3,0.4395,0.0143
VendiG(0.5),4.02,3,0.4395,0.0143
VendiG(0.5),4.03,3,0.4392,0.0149
VendiG(0.5),4.04,2,0.4388,0.0724
VendiG(0.5),4.05,2,0.4388,0.0724
VendiG(0.5),4.06,2,0.434,0.0362
VendiG(0.5),4.07,3,0.4375,0.0167
VendiG(0.5),4.09,1,0.4311,0.0
VendiG(0.5),4.1,3,0.4373,0.0168
VendiG(0.5),4.12,2,0.4378,0.0851
VendiG(0.5),4.13,2,0.4337,0.033
VendiG(0.5),4.16,3,0.4366,0.0157
VendiG(0.5),4.18,1,0.4311,0.0
VendiG(0.5),4.21,2,0.4332,0.0267
VendiG(0.5),4.22,2,0.4332,0.0267
VendiG(0.5),4.23,2,0.4373,0.0788
VendiG(0.5),4.24,2,0.4373,0.0788
VendiG(0.5),4.27,2,0.4373,0.0788
VendiG(0.5),4.28,1,0.4311,0.0
VendiG(0.5),4.29,2,0.4373,0.0788
VendiG(0.5),4.32,2,0.4373,0.0788
VendiG(0.5),4.35,3,0.4365,0.0158
VendiG(0.5),4.37,3,0.436,0.0163
VendiG(0.5),4.38,2,0.4373,0.0788
VendiG(0.5),4.49,3,0.4359,0.0158
VendiG(0.5),4.57,2,0.4319,0.021
VendiG(0.5),4.68,2,0.4362,0.0756
VendiG(0.5),4.71,1,0.4292,0.0
VendiG(0.5),4.72,1,0.4292,0.0
VendiG(0.7),0.99,3,0.5668,0.0321
VendiG(0.7),1.0,3,0.5668,0.0321
VendiG(0.7),1.01,3,0.5673,0.0336
VendiG(0.7),1.03,2,0.5625,0.129
VendiG(0.7),1.04,3,0.5684,0.0336
VendiG(0.7),1.05,3,0.5687,0.0343
VendiG(0.7),1.06,3,0.5692,0.0352
VendiG(0.7),1.07,3,0.5699,0.0355
VendiG(0.7),1.08,3,0.5706,0.0347
VendiG(0.7),1.09,3,0.5718,0.0372
VendiG(0.7),1.1,3,0.5729,0.0376
VendiG(0.7),1.11,3,0.5732,0.0383
VendiG(0.7),1.12,3,0.5744,0.0345
VendiG(0.7),1.13,3,0.5757,0.0344
VendiG(0.7),1.14,3,0.5763,0.0328
VendiG(0.7),1.15,3,0.5777,0.0335
VendiG(0.7),1.16,3,0.5789,0.0333
VendiG(0.7),1.17,3,0.58,0.0346
VendiG(0.7),1.18,3,0.5813,0.0327
VendiG(0.7),1.19,3,0.5819,0.0331
VendiG(0.7),1.2,3,0.5827,0.0341
VendiG(0.7),1.21,3,0.5832,0.0352
VendiG(0.7),1.22,3,0.5834,0.0355
VendiG(0.7),1.23,3,0.5843,0.0368
VendiG(0.7),1.24,3,0.5851,0.0365
VendiG(0.7),1.25,3,0.5854,0.0373
VendiG(0.7),1.26,3,0.5857,0.0371
VendiG(0.7),1.27,3,0.5857,0.0371
VendiG(0.7),1.28,3,0.586,0.0367
VendiG(0.7),1.29,3,0.5863,0.0366
VendiG(0.7),1.3,3,0.5864,0.037
VendiG(0.7),1.31,3,0.5867,0.0358
VendiG(0.7),1.32,3,0.5869,0.0362
VendiG(0.7),1.33,3,0.5875,0.0355
VendiG(0.7),1.34,3,0.5879,0.0345
VendiG(0.7),1.35,3,0.588,0.0348
VendiG(0.7),1.36,3,0.5885,0.0362
VendiG(0.7),1.37,3,0.589,0.0368
VendiG(0.7),1.38,3,0.5893,0.0376
VendiG(0.7),1.39,3,0.5895,0.0379
VendiG(0.7),1.4,3,0.5899,0.0377
VendiG(0.7),1.41,3,0.5902,0.0384
VendiG(0.7),1.42,3,0.5906,0.039
VendiG(0.7),1.43,3,0.5906,0.039
VendiG(0.7),1.44,3,0.5907,0.0393
VendiG(0.7),1.45,3,0.5909,0.0397
VendiG(0.7),1.46,3,0.5913,0.0394
VendiG(0.7),1.48,3,0.5912,0.0378
VendiG(0.7),1.49,3,0.5911,0.0377
VendiG(0.7),1.5,3,0.5914,0.0379
VendiG(0.7),1.51,3,0.5913,0.0383
VendiG(0.7),1.52,3,0.5915,0.0386
VendiG(0.7),1.53,3,0.5916,0.0378
VendiG(0.7),1.54,3,0.5919,0.0376
VendiG(0.7),1.55,3,0.5919,0.0376
VendiG(0.7),1.56,2,0.5882,0.1703
VendiG(0.7),1.57,2,0.5879,0.1563
VendiG(0.7),1.58,3,0.5925,0.0362
VendiG(0.7),1.59,3,0.5927,0.0365
VendiG(0.7),1.6,3,0.5928,0.0359
VendiG(0.7),1.61,2,0.5887,0.1531
VendiG(0.7),1.62,3,0.5931,0.0356
VendiG(0.7),1.63,3,0.5932,0.0358
VendiG(0.7),1.64,3,0.5935,0.0353
VendiG(0.7),1.65,3,0.5936,0.0349
VendiG(0.7),1.66,2,0.5902,0.1563
VendiG(0.7),1.67,3,0.5942,0.0345
VendiG(0.7),1.68,3,0.5942,0.0345
VendiG(0.7),1.69,3,0.5946,0.0344
VendiG(0.7),1.7,3,0.5951,0.0348
VendiG(0.7),1.71,3,0.5951,0.0348
VendiG(0.7),1.74,3,0.5953,0.0359
VendiG(0.7),1.75,3,0.5953,0.0359
VendiG(0.7),1.76,3,0.5955,0.0363
VendiG(0.7),1.77,3,0.5952,0.0352
VendiG(0.7),1.79,3,0.5953,0.0355
VendiG(0.7),1.81,3,0.5952,0.0351
VendiG(0.7),1.83,3,0.595,0.0359
VendiG(0.7),1.84,3,0.5953,0.0365
VendiG(0.7),1.88,3,0.5953,0.0365
VendiG(0.7),1.89,3,0.5952,0.0361
VendiG(0.7),1.9,3,0.5954,0.0366
VendiG(0.7),1.91,3,0.5952,0.0363
VendiG(0.7),1.93,3,0.5955,0.0368
VendiG(0.7),1.94,2,0.591,0.1576
VendiG(0.7),1.95,2,0.591,0.1576
VendiG(0.7),1.97,3,0.5957,0.0367
VendiG(0.7),1.98,3,0.5957,0.0367
VendiG(0.7),1.99,2,0.5913,0.1563
VendiG(0.7),2.01,1,0.579,0.0
VendiG(0.7),2.02,3,0.5961,0.0358
VendiG(0.7),2.03,3,0.596,0.0356
VendiG(0.7),2.04,3,0.5961,0.0354
VendiG(0.7),2.05,2,0.5912,0.1449
VendiG(0.7),2.06,3,0.5958,0.0346
VendiG(0.7),2.08,3,0.5958,0.0344
VendiG(0.7),2.09,3,0.5959,0.0346
VendiG(0.7),2.1,3,0.596,0.0347
VendiG(0.7),2.11,3,0.5958,0.0335
VendiG(0.7),2.12,3,0.5954,0.0337
VendiG(0.7),2.13,3,0.595,0.033
VendiG(0.7),2.14,3,0.5945,0.0318
VendiG(0.7),2.15,2,0.5898,0.1258
VendiG(0.7),2.16,3,0.5926,0.0317
VendiG(0.7),2.17,3,0.5926,0.0317
VendiG(0.7),2.18,3,0.5919,0.0302
VendiG(0.7),2.19,2,0.5894,0.1449
VendiG(0.7),2.2,3,0.5917,0.0295
VendiG(0.7),2.21,3,0.5917,0.0295
VendiG(0.7),2.22,3,0.5914,0.0308
VendiG(0.7),2.23,3,0.5914,0.0308
VendiG(0.7),2.24,3,0.5914,0.0309
VendiG(0.7),2.25,3,0.5907,0.0314
VendiG(0.7),2.26,3,0.5901,0.0304
VendiG(0.7),2.27,3,0.5899,0.0305
VendiG(0.7),2.28,2,0.5848,0.1112
VendiG(0.7),2.29,3,0.5896,0.0301
VendiG(0.7),2.3,3,0.5891,0.0312
VendiG(0.7),2.31,3,0.589,0.0314
VendiG(0.7),2.32,2,0.5835,0.1207
VendiG(0.7),2.33,3,0.5884,0.0313
VendiG(0.7),2.34,3,0.5884,0.0313
VendiG(0.7),2.35,3,0.5883,0.031
VendiG(0.7),2.36,3,0.5883,0.031
VendiG(0.7),2.37,3,0.588,0.0312
VendiG(0.7),2.38,3,0.5886,0.0286
VendiG(0.7),2.39,3,0.5883,0.0279
VendiG(0.7),2.4,3,0.5883,0.0279
VendiG(0.7),2.41,3,0.5881,0.0277
VendiG(0.7),2.42,3,0.5879,0.0273
VendiG(0.7),2.43,2,0.5866,0.1366
VendiG(0.7),2.44,3,0.5878,0.026
VendiG(0.7),2.45,3,0.588,0.0261
VendiG(0.7),2.46,3,0.5878,0.0264
VendiG(0.7),2.48,3,0.5869,0.0266
VendiG(0.7),2.49,3,0.5885,0.0209
VendiG(0.7),2.5,1,0.5812,0.0
VendiG(0.7),2.51,3,0.5885,0.0209
VendiG(0.7),2.52,3,0.5883,0.0219
VendiG(0.7),2.53,3,0.5882,0.0212
VendiG(0.7),2.54,3,0.5882,0.0212
VendiG(0.7),2.55,3,0.588,0.0214
VendiG(0.7),2.56,3,0.5879,0.0218
VendiG(0.7),2.57,3,0.5873,0.0228
VendiG(0.7),2.58,3,0.587,0.0216
VendiG(0.7),2.59,2,0.5812,0.0349
VendiG(0.7),2.61,3,0.5864,0.0235
VendiG(0.7),2.62,3,0.5856,0.0237
VendiG(0.7),2.63,3,0.5853,0.024
VendiG(0.7),2.64,3,0.5853,0.0249
VendiG(0.7),2.65,3,0.5851,0.0247
VendiG(0.7),2.66,2,0.5791,0.0305
VendiG(0.7),2.67,3,0.5856,0.0257
VendiG(0.7),2.69,3,0.5854,0.0257
VendiG(0.7),2.7,3,0.585,0.0264
VendiG(0.7),2.71,3,0.5851,0.0261
VendiG(0.7),2.72,3,0.5849,0.0264
VendiG(0.7),2.73,3,0.5848,0.0267
VendiG(0.7),2.74,3,0.5834,0.0292
VendiG(0.7),2.75,3,0.5833,0.0293
VendiG(0.7),2.76,3,0.5832,0.0295
VendiG(0.7),2.77,3,0.5831,0.0291
VendiG(0.7),2.78,3,0.5841,0.0269
VendiG(0.7),2.79,3,0.584,0.0247
VendiG(0.7),2.8,3,0.5847,0.0235
VendiG(0.7),2.81,3,0.5846,0.0236
VendiG(0.7),2.82,3,0.5844,0.0239
VendiG(0.7),2.83,3,0.5844,0.0239
VendiG(0.7),2.84,3,0.5838,0.0242
VendiG(0.7),2.85,3,0.5838,0.0242
VendiG(0.7),2.86,3,0.583,0.0229
VendiG(0.7),2.87,2,0.5853,0.1055
VendiG(0.7),2.88,3,0.5826,0.0227
VendiG(0.7),2.89,3,0.5826,0.0227
VendiG(0.7),2.91,3,0.582,0.0235
VendiG(0.7),2.92,3,0.5816,0.0251
VendiG(0.7),2.93,3,0.5809,0.0245
VendiG(0.7),2.94,3,0.5804,0.0245
VendiG(0.7),2.95,3,0.5802,0.0251
VendiG(0.7),2.96,3,0.5802,0.0251
VendiG(0.7),2.97,3,0.5799,0.0246
VendiG(0.7),2.98,3,0.5797,0.025
VendiG(0.7),2.99,3,0.5797,0.025
VendiG(0.7),3.0,3,0.5795,0.0243
VendiG(0.7),3.01,3,0.5789,0.0257
VendiG(0.7),3.02,3,0.5786,0.0263
VendiG(0.7),3.03,3,0.5784,0.0267
VendiG(0.7),3.04,3,0.5789,0.0256
VendiG(0.7),3.05,3,0.5789,0.0268
VendiG(0.7),3.06,3,0.5789,0.0266
VendiG(0.7),3.07,3,0.5784,0.0269
VendiG(0.7),3.08,2,0.5817,0.108
VendiG(0.7),3.09,3,0.579,0.0305
VendiG(0.7),3.1,3,0.5787,0.0313
VendiG(0.7),3.11,3,0.5783,0.0321
VendiG(0.7),3.12,3,0.5778,0.0361
VendiG(0.7),3.13,3,0.5772,0.0376
VendiG(0.7),3.14,3,0.5767,0.0386
VendiG(0.7),3.15,3,0.5764,0.0366
VendiG(0.7),3.16,3,0.5765,0.035
VendiG(0.7),3.17,3,0.5765,0.0352
VendiG(0.7),3.18,3,0.5759,0.0344
VendiG(0.7),3.19,3,0.5756,0.0334
VendiG(0.7),3.2,3,0.5773,0.0384
VendiG(0.7),3.21,3,0.5773,0.0384
VendiG(0.7),3.22,3,0.5773,0.0384
VendiG(0.7),3.23,3,0.5774,0.0381
VendiG(0.7),3.24,3,0.5773,0.0374
VendiG(0.7),3.25,3,0.578,0.0366
VendiG(0.7),3.26,3,0.5775,0.0357
VendiG(0.7),3.27,3,0.5774,0.036
VendiG(0.7),3.28,2,0.5813,0.1626
VendiG(0.7),3.29,3,0.5772,0.0363
VendiG(0.7),3.3,3,0.5772,0.0363
VendiG(0.7),3.31,3,0.5766,0.0355
VendiG(0.7),3.32,3,0.5763,0.0362
VendiG(0.7),3.33,3,0.5762,0.0342
VendiG(0.7),3.34,2,0.5803,0.1499
VendiG(0.7),3.35,3,0.5759,0.0348
VendiG(0.7),3.36,3,0.5756,0.0332
VendiG(0.7),3.37,3,0.5749,0.0326
VendiG(0.7),3.38,3,0.5744,0.0325
VendiG(0.7),3.39,3,0.5744,0.0325
VendiG(0.7),3.4,3,0.5744,0.0325
VendiG(0.7),3.41,3,0.5738,0.032
VendiG(0.7),3.42,3,0.5731,0.0312
VendiG(0.7),3.44,2,0.5768,0.1309
VendiG(0.7),3.45,3,0.5736,0.029
VendiG(0.7),3.46,3,0.5736,0.029
VendiG(0.7),3.47,3,0.5734,0.0294
VendiG(0.7),3.48,3,0.5737,0.0304
VendiG(0.7),3.49,3,0.5737,0.0304
VendiG(0.7),3.5,3,0.5734,0.0294
VendiG(0.7),3.51,3,0.5728,0.0308
VendiG(0.7),3.52,3,0.5722,0.0281
VendiG(0.7),3.53,3,0.5713,0.0256
VendiG(0.7),3.54,2,0.5645,0.0222
VendiG(0.7),3.55,3,0.5707,0.0284
VendiG(0.7),3.56,3,0.5704,0.0293
VendiG(0.7),3.57,1,0.5612,0.0
VendiG(0.7),3.58,3,0.5704,0.0293
VendiG(0.7),3.59,3,0.57,0.0302
VendiG(0.7),3.6,3,0.5697,0.029
VendiG(0.7),3.61,3,0.5697,0.029
VendiG(0.7),3.62,3,0.5695,0.0284
VendiG(0.7),3.63,3,0.5695,0.0284
VendiG(0.7),3.64,3,0.5694,0.0289
VendiG(0.7),3.65,3,0.572,0.0335
VendiG(0.7),3.66,3,0.572,0.0335
VendiG(0.7),3.69,3,0.5718,0.0338
VendiG(0.7),3.7,2,0.5643,0.0305
VendiG(0.7),3.72,3,0.572,0.0335
VendiG(0.7),3.74,2,0.5641,0.033
VendiG(0.7),3.75,3,0.5712,0.0311
VendiG(0.7),3.76,3,0.5712,0.0311
VendiG(0.7),3.77,3,0.5712,0.0311
VendiG(0.7),3.78,3,0.572,0.0295
VendiG(0.7),3.79,3,0.5715,0.03
VendiG(0.7),3.8,3,0.5715,0.03
VendiG(0.7),3.81,3,0.5715,0.03
VendiG(0.7),3.82,3,0.5712,0.0302
VendiG(0.7),3.83,2,0.5646,0.0521
VendiG(0.7),3.84,2,0.5646,0.0521
VendiG(0.7),3.85,2,0.5725,0.1518
VendiG(0.7),3.86,3,0.5712,0.0302
VendiG(0.7),3.87,3,0.571,0.0295
VendiG(0.7),3.88,2,0.5722,0.1487
VendiG(0.7),3.89,3,0.571,0.0295
VendiG(0.7),3.9,3,0.571,0.0295
VendiG(0.7),3.91,3,0.571,0.0295
VendiG(0.7),3.92,3,0.5709,0.0296
VendiG(0.7),3.93,2,0.5644,0.0489
VendiG(0.7),3.94,3,0.5696,0.0316
VendiG(0.7),3.95,3,0.5696,0.0316
VendiG(0.7),3.96,3,0.5696,0.0316
VendiG(0.7),3.97,2,0.5705,0.1576
VendiG(0.7),3.98,1,0.5581,0.0
VendiG(0.7),3.99,3,0.5697,0.031
VendiG(0.7),4.01,3,0.5697,0.031
VendiG(0.7),4.02,3,0.5697,0.031
VendiG(0.7),4.03,3,0.5696,0.031
VendiG(0.7),4.04,2,0.57,0.1518
VendiG(0.7),4.05,2,0.57,0.1518
VendiG(0.7),4.06,2,0.5625,0.0553
VendiG(0.7),4.07,3,0.569,0.03
VendiG(0.7),4.09,1,0.5581,0.0
VendiG(0.7),4.1,3,0.569,0.03
VendiG(0.7),4.12,2,0.57,0.1518
VendiG(0.7),4.13,2,0.5625,0.0553
VendiG(0.7),4.16,3,0.5686,0.0287
VendiG(0.7),4.18,1,0.5581,0.0
VendiG(0.7),4.21,2,0.5625,0.0553
VendiG(0.7),4.22,2,0.5625,0.0553
VendiG(0.7),4.23,2,0.5696,0.1455
VendiG(0.7),4.24,2,0.5696,0.1455
VendiG(0.7),4.27,2,0.5696,0.1455
VendiG(0.7),4.28,1,0.5581,0.0
VendiG(0.7),4.29,2,0.5696,0.1455
VendiG(0.7),4.32,2,0.5696,0.1455
VendiG(0.7),4.35,3,0.5685,0.0288
VendiG(0.7),4.37,3,0.5684,0.0289
VendiG(0.7),4.38,2,0.5696,0.1455
VendiG(0.7),4.49,3,0.5684,0.0289
VendiG(0.7),4.57,2,0.5621,0.0508
VendiG(0.7),4.68,2,0.5696,0.1455
VendiG(0.7),4.71,1,0.5581,0.0
VendiG(0.7),4.72,1,0.5581,0.0
VendiG(0.9),0.99,3,0.5668,0.0321
VendiG(0.9),1.0,3,0.5668,0.0321
VendiG(0.9),1.01,3,0.5672,0.0331
VendiG(0.9),1.03,2,0.5617,0.1194
VendiG(0.9),1.04,3,0.5674,0.0322
VendiG(0.9),1.05,3,0.5674,0.0322
VendiG(0.9),1.06,3,0.5677,0.0328
VendiG(0.9),1.07,3,0.568,0.032
VendiG(0.9),1.08,3,0.5683,0.0307
VendiG(0.9),1.09,3,0.5688,0.0315
VendiG(0.9),1.1,3,0.5695,0.0312
VendiG(0.9),1.11,3,0.5697,0.0317
VendiG(0.9),1.12,3,0.57,0.0305
VendiG(0.9),1.13,3,0.5711,0.0325
VendiG(0.9),1.14,3,0.5715,0.0322
VendiG(0.9),1.15,3,0.572,0.0325
VendiG(0.9),1.16,3,0.5728,0.0327
VendiG(0.9),1.17,3,0.5736,0.0331
VendiG(0.9),1.18,3,0.574,0.0326
VendiG(0.9),1.19,3,0.5747,0.0331
VendiG(0.9),1.2,3,0.575,0.0337
VendiG(0.9),1.21,3,0.5752,0.0343
VendiG(0.9),1.22,3,0.5754,0.0344
VendiG(0.9),1.23,3,0.5764,0.036
VendiG(0.9),1.24,3,0.5767,0.0359
VendiG(0.9),1.25,3,0.5769,0.0365
VendiG(0.9),1.26,3,0.5772,0.0366
VendiG(0.9),1.27,3,0.5772,0.0366
VendiG(0.9),1.28,3,0.5773,0.0366
VendiG(0.9),1.29,3,0.5774,0.0372
VendiG(0.9),1.3,3,0.5774,0.0372
VendiG(0.9),1.31,3,0.5774,0.0372
VendiG(0.9),1.32,3,0.5774,0.0372
VendiG(0.9),1.33,3,0.5779,0.0362
VendiG(0.9),1.34,3,0.578,0.0356
VendiG(0.9),1.35,3,0.5782,0.0357
VendiG(0.9),1.36,3,0.5784,0.0362
VendiG(0.9),1.37,3,0.5788,0.0364
VendiG(0.9),1.38,3,0.579,0.037
VendiG(0.9),1.39,3,0.5791,0.0371
VendiG(0.9),1.4,3,0.5792,0.0371
VendiG(0.9),1.41,3,0.5795,0.0368
VendiG(0.9),1.42,3,0.5795,0.0368
VendiG(0.9),1.43,3,0.5795,0.0368
VendiG(0.9),1.44,3,0.5796,0.0369
VendiG(0.9),1.45,3,0.5796,0.037
VendiG(0.9),1.46,3,0.5799,0.0372
VendiG(0.9),1.48,3,0.58,0.0368
VendiG(0.9),1.49,3,0.5801,0.0371
VendiG(0.9),1.5,3,0.5802,0.0368
VendiG(0.9),1.51,3,0.5802,0.0368
VendiG(0.9),1.52,3,0.5803,0.0368
VendiG(0.9),1.53,3,0.5804,0.0361
VendiG(0.9),1.54,3,0.5804,0.0361
VendiG(0.9),1.55,3,0.5806,0.0367
VendiG(0.9),1.56,2,0.5793,0.183
VendiG(0.9),1.57,2,0.5742,0.1182
VendiG(0.9),1.58,3,0.5808,0.0366
VendiG(0.9),1.59,3,0.5809,0.0367
VendiG(0.9),1.6,3,0.5811,0.036
VendiG(0.9),1.61,2,0.5749,0.1144
VendiG(0.9),1.62,3,0.5813,0.0354
VendiG(0.9),1.63,3,0.5814,0.0355
VendiG(0.9),1.64,3,0.5814,0.0355
VendiG(0.9),1.65,3,0.5815,0.0351
VendiG(0.9),1.66,2,0.5755,0.1182
VendiG(0.9),1.67,3,0.5817,0.0352
VendiG(0.9),1.68,3,0.5817,0.0352
VendiG(0.9),1.69,3,0.5817,0.0354
VendiG(0.9),1.7,3,0.5821,0.0355
VendiG(0.9),1.71,3,0.5822,0.035
VendiG(0.9),1.74,3,0.5823,0.035
VendiG(0.9),1.75,3,0.5823,0.035
VendiG(0.9),1.76,3,0.5823,0.035
VendiG(0.9),1.77,3,0.5825,0.0352
VendiG(0.9),1.79,3,0.5827,0.0354
VendiG(0.9),1.81,3,0.5829,0.0357
VendiG(0.9),1.83,3,0.5829,0.0357
VendiG(0.9),1.84,3,0.5832,0.0364
VendiG(0.9),1.88,3,0.5833,0.0368
VendiG(0.9),1.89,3,0.5833,0.0368
VendiG(0.9),1.9,3,0.5835,0.0369
VendiG(0.9),1.91,3,0.5835,0.0369
VendiG(0.9),1.93,3,0.5837,0.0374
VendiG(0.9),1.94,2,0.5815,0.1855
VendiG(0.9),1.95,2,0.5815,0.1855
VendiG(0.9),1.97,3,0.5838,0.0378
VendiG(0.9),1.98,3,0.5838,0.0378
VendiG(0.9),1.99,2,0.5818,0.1855
VendiG(0.9),2.01,1,0.5672,0.0
VendiG(0.9),2.02,3,0.5839,0.0374
VendiG(0.9),2.03,3,0.5839,0.0374
VendiG(0.9),2.04,3,0.5839,0.0374
VendiG(0.9),2.05,2,0.5818,0.1855
VendiG(0.9),2.06,3,0.5839,0.0374
VendiG(0.9),2.08,3,0.5841,0.0378
VendiG(0.9),2.09,3,0.5841,0.0378
VendiG(0.9),2.1,3,0.5841,0.0379
VendiG(0.9),2.11,3,0.5842,0.0381
VendiG(0.9),2.12,3,0.5844,0.0385
VendiG(0.9),2.13,3,0.5844,0.0385
VendiG(0.9),2.14,3,0.5844,0.0385
VendiG(0.9),2.15,2,0.5821,0.19
VendiG(0.9),2.16,3,0.5844,0.0383
VendiG(0.9),2.17,3,0.5844,0.0383
VendiG(0.9),2.18,3,0.5844,0.0383
VendiG(0.9),2.19,2,0.578,0.1372
VendiG(0.9),2.2,3,0.5844,0.0383
VendiG(0.9),2.21,3,0.5844,0.0383
VendiG(0.9),2.22,3,0.5844,0.0383
VendiG(0.9),2.23,3,0.5844,0.0383
VendiG(0.9),2.24,3,0.5844,0.0383
VendiG(0.9),2.25,3,0.5844,0.0383
VendiG(0.9),2.26,3,0.5844,0.0383
VendiG(0.9),2.27,3,0.5844,0.0383
VendiG(0.9),2.28,2,0.5821,0.19
VendiG(0.9),2.29,3,0.5842,0.0378
VendiG(0.9),2.3,3,0.5842,0.0378
VendiG(0.9),2.31,3,0.5841,0.0376
VendiG(0.9),2.32,2,0.5818,0.1855
VendiG(0.9),2.33,3,0.5841,0.0376
VendiG(0.9),2.34,3,0.5841,0.0376
VendiG(0.9),2.35,3,0.5841,0.0376
VendiG(0.9),2.36,3,0.5841,0.0376
VendiG(0.9),2.37,3,0.5841,0.0376
VendiG(0.9),2.38,3,0.5848,0.035
VendiG(0.9),2.39,3,0.5849,0.0354
VendiG(0.9),2.4,3,0.5849,0.0354
VendiG(0.9),2.41,3,0.5849,0.0354
VendiG(0.9),2.42,3,0.585,0.0355
VendiG(0.9),2.43,2,0.5791,0.1271
VendiG(0.9),2.44,3,0.585,0.0355
VendiG(0.9),2.45,3,0.5852,0.0361
VendiG(0.9),2.46,3,0.5851,0.0362
VendiG(0.9),2.48,3,0.5853,0.0364
VendiG(0.9),2.49,3,0.5859,0.0338
VendiG(0.9),2.5,1,0.5709,0.0
VendiG(0.9),2.51,3,0.5859,0.0338
VendiG(0.9),2.52,3,0.5861,0.034
VendiG(0.9),2.53,3,0.5862,0.0343
VendiG(0.9),2.54,3,0.5862,0.0343
VendiG(0.9),2.55,3,0.5862,0.0343
VendiG(0.9),2.56,3,0.5862,0.0343
VendiG(0.9),2.57,3,0.5862,0.0343
VendiG(0.9),2.58,3,0.5862,0.0343
VendiG(0.9),2.59,2,0.5843,0.1703
VendiG(0.9),2.61,3,0.5863,0.0343
VendiG(0.9),2.62,3,0.5863,0.0343
VendiG(0.9),2.63,3,0.5863,0.0343
VendiG(0.9),2.64,3,0.5864,0.0345
VendiG(0.9),2.65,3,0.5863,0.0344
VendiG(0.9),2.66,2,0.5839,0.1747
VendiG(0.9),2.67,3,0.5867,0.0353
VendiG(0.9),2.69,3,0.5863,0.0343
VendiG(0.9),2.7,3,0.5863,0.0343
VendiG(0.9),2.71,3,0.5863,0.0341
VendiG(0.9),2.72,3,0.5863,0.0341
VendiG(0.9),2.73,3,0.5864,0.0338
VendiG(0.9),2.74,3,0.5864,0.0338
VendiG(0.9),2.75,3,0.5866,0.0342
VendiG(0.9),2.76,3,0.5866,0.0342
VendiG(0.9),2.77,3,0.5866,0.0342
VendiG(0.9),2.78,3,0.5866,0.0342
VendiG(0.9),2.79,3,0.5869,0.0328
VendiG(0.9),2.8,3,0.5869,0.0328
VendiG(0.9),2.81,3,0.5871,0.0333
VendiG(0.9),2.82,3,0.5871,0.0333
VendiG(0.9),2.83,3,0.5871,0.0333
VendiG(0.9),2.84,3,0.5872,0.0326
VendiG(0.9),2.85,3,0.5871,0.0333
VendiG(0.9),2.86,3,0.5864,0.0335
VendiG(0.9),2.87,2,0.5807,0.1156
VendiG(0.9),2.88,3,0.5866,0.0328
VendiG(0.9),2.89,3,0.5866,0.0328
VendiG(0.9),2.91,3,0.5866,0.0328
VendiG(0.9),2.92,3,0.5863,0.0317
VendiG(0.9),2.93,3,0.5863,0.0317
VendiG(0.9),2.94,3,0.5863,0.0317
VendiG(0.9),2.95,3,0.5864,0.032
VendiG(0.9),2.96,3,0.5864,0.032
VendiG(0.9),2.97,3,0.5864,0.032
VendiG(0.9),2.98,3,0.5864,0.032
VendiG(0.9),2.99,3,0.5856,0.0354
VendiG(0.9),3.0,3,0.5856,0.0354
VendiG(0.9),3.01,3,0.5856,0.0354
VendiG(0.9),3.02,3,0.5856,0.0354
VendiG(0.9),3.03,3,0.5857,0.0347
VendiG(0.9),3.04,3,0.5867,0.0355
VendiG(0.9),3.05,3,0.587,0.0358
VendiG(0.9),3.06,3,0.5873,0.0361
VendiG(0.9),3.07,3,0.5873,0.0361
VendiG(0.9),3.08,2,0.5811,0.1271
VendiG(0.9),3.09,3,0.5871,0.0359
VendiG(0.9),3.1,3,0.5875,0.0346
VendiG(0.9),3.11,3,0.5875,0.0346
VendiG(0.9),3.12,3,0.5881,0.0353
VendiG(0.9),3.13,3,0.5882,0.0354
VendiG(0.9),3.14,3,0.5879,0.0368
VendiG(0.9),3.15,3,0.5882,0.0354
VendiG(0.9),3.16,3,0.5886,0.0364
VendiG(0.9),3.17,3,0.589,0.035
VendiG(0.9),3.18,3,0.589,0.035
VendiG(0.9),3.19,3,0.5888,0.0348
VendiG(0.9),3.2,3,0.5907,0.0341
VendiG(0.9),3.21,3,0.5907,0.0341
VendiG(0.9),3.22,3,0.591,0.0346
VendiG(0.9),3.23,3,0.591,0.0346
VendiG(0.9),3.24,3,0.591,0.0346
VendiG(0.9),3.25,3,0.5914,0.0354
VendiG(0.9),3.26,3,0.5914,0.0354
VendiG(0.9),3.27,3,0.5917,0.036
VendiG(0.9),3.28,2,0.587,0.1525
VendiG(0.9),3.29,3,0.5917,0.036
VendiG(0.9),3.3,3,0.5917,0.036
VendiG(0.9),3.31,3,0.592,0.0368
VendiG(0.9),3.32,3,0.5917,0.036
VendiG(0.9),3.33,3,0.592,0.0346
VendiG(0.9),3.34,2,0.587,0.1525
VendiG(0.9),3.35,3,0.5917,0.036
VendiG(0.9),3.36,3,0.5917,0.036
VendiG(0.9),3.37,3,0.5917,0.036
VendiG(0.9),3.38,3,0.5917,0.036
VendiG(0.9),3.39,3,0.592,0.0346
VendiG(0.9),3.4,3,0.592,0.0346
VendiG(0.9),3.41,3,0.5919,0.0342
VendiG(0.9),3.42,3,0.5919,0.0342
VendiG(0.9),3.44,2,0.5875,0.1461
VendiG(0.9),3.45,3,0.5922,0.035
VendiG(0.9),3.46,3,0.5929,0.0364
VendiG(0.9),3.47,3,0.5929,0.0364
VendiG(0.9),3.48,3,0.5929,0.0364
VendiG(0.9),3.49,3,0.5929,0.0364
VendiG(0.9),3.5,3,0.5927,0.0362
VendiG(0.9),3.51,3,0.5927,0.0362
VendiG(0.9),3.52,3,0.5927,0.0362
VendiG(0.9),3.53,3,0.5927,0.0362
VendiG(0.9),3.54,2,0.5893,0.169
VendiG(0.9),3.55,3,0.5929,0.0365
VendiG(0.9),3.56,3,0.5929,0.0365
VendiG(0.9),3.57,1,0.576,0.0
VendiG(0.9),3.58,3,0.5929,0.0365
VendiG(0.9),3.59,3,0.5929,0.0365
VendiG(0.9),3.6,3,0.5929,0.0365
VendiG(0.9),3.61,3,0.5929,0.0365
VendiG(0.9),3.62,3,0.5929,0.0365
VendiG(0.9),3.63,3,0.5929,0.0365
VendiG(0.9),3.64,3,0.5929,0.0365
VendiG(0.9),3.65,3,0.5948,0.0326
VendiG(0.9),3.66,3,0.5948,0.0326
VendiG(0.9),3.69,3,0.5948,0.0326
VendiG(0.9),3.7,2,0.5922,0.1563
VendiG(0.9),3.72,3,0.5948,0.0326
VendiG(0.9),3.74,2,0.5922,0.1563
VendiG(0.9),3.75,3,0.5947,0.0323
VendiG(0.9),3.76,3,0.5947,0.0323
VendiG(0.9),3.77,3,0.5947,0.0323
VendiG(0.9),3.78,3,0.5955,0.0351
VendiG(0.9),3.79,3,0.5952,0.0364
VendiG(0.9),3.8,3,0.5952,0.0364
VendiG(0.9),3.81,3,0.5952,0.0364
VendiG(0.9),3.82,3,0.5952,0.0364
VendiG(0.9),3.83,2,0.5932,0.1811
VendiG(0.9),3.84,2,0.5932,0.1811
VendiG(0.9),3.85,2,0.589,0.129
VendiG(0.9),3.86,3,0.5952,0.0364
VendiG(0.9),3.87,3,0.5952,0.0364
VendiG(0.9),3.88,2,0.589,0.129
VendiG(0.9),3.89,3,0.5952,0.0364
VendiG(0.9),3.9,3,0.5952,0.0364
VendiG(0.9),3.91,3,0.5952,0.0364
VendiG(0.9),3.92,3,0.5952,0.0364
VendiG(0.9),3.93,2,0.5932,0.1811
VendiG(0.9),3.94,3,0.5952,0.0364
VendiG(0.9),3.95,3,0.5952,0.0364
VendiG(0.9),3.96,3,0.5952,0.0364
VendiG(0.9),3.97,2,0.589,0.129
VendiG(0.9),3.98,1,0.5789,0.0
VendiG(0.9),3.99,3,0.5952,0.0364
VendiG(0.9),4.01,3,0.5952,0.0364
VendiG(0.9),4.02,3,0.5952,0.0364
VendiG(0.9),4.03,3,0.5951,0.0362
VendiG(0.9),4.04,2,0.589,0.129
VendiG(0.9),4.05,2,0.589,0.129
VendiG(0.9),4.06,2,0.593,0.1798
VendiG(0.9),4.07,3,0.5951,0.0362
VendiG(0.9),4.09,1,0.5789,0.0
VendiG(0.9),4.1,3,0.5951,0.0362
VendiG(0.9),4.12,2,0.589,0.129
VendiG(0.9),4.13,2,0.593,0.1798
VendiG(0.9),4.16,3,0.5951,0.0362
VendiG(0.9),4.18,1,0.5789,0.0
VendiG(0.9),4.21,2,0.593,0.1798
VendiG(0.9),4.22,2,0.593,0.1798
VendiG(0.9),4.23,2,0.589,0.129
VendiG(0.9),4.24,2,0.589,0.129
VendiG(0.9),4.27,2,0.589,0.129
VendiG(0.9),4.28,1,0.5789,0.0
VendiG(0.9),4.29,2,0.589,0.129
VendiG(0.9),4.32,2,0.589,0.129
VendiG(0.9),4.35,3,0.5951,0.0362
VendiG(0.9),4.37,3,0.5951,0.0362
VendiG(0.9),4.38,2,0.589,0.129
VendiG(0.9),4.49,3,0.5951,0.0362
VendiG(0.9),4.57,2,0.593,0.1798
VendiG(0.9),4.68,2,0.589,0.129
VendiG(0.9),4.71,1,0.5789,0.0
VendiG(0.9),4.72,1,0.5789,0.0
RNG(-2),0.99,3,0.5668,0.0321
RNG(-2),1.0,3,0.5668,0.0321
RNG(-2),1.01,3,0.5668,0.0321
RNG(-2),1.03,2,0.5617,0.1194
RNG(-2),1.04,3,0.5668,0.0321
RNG(-2),1.05,3,0.5668,0.0321
RNG(-2),1.06,3,0.5668,0.0321
RNG(-2),1.07,3,0.5668,0.0321
RNG(-2),1.08,3,0.5668,0.0321
RNG(-2),1.09,3,0.5668,0.0321
RNG(-2),1.1,3,0.5668,0.0321
RNG(-2),1.11,3,0.5668,0.0321
RNG(-2),1.12,3,0.5668,0.0321
RNG(-2),1.13,3,0.5668,0.0321
RNG(-2),1.14,3,0.5668,0.0321
RNG(-2),1.15,3,0.5668,0.0321
RNG(-2),1.16,3,0.5668,0.0321
RNG(-2),1.17,3,0.5668,0.0321
RNG(-2),1.18,3,0.5668,0.0321
RNG(-2),1.19,3,0.5668,0.0321
RNG(-2),1.2,3,0.5668,0.0321
RNG(-2),1.21,3,0.5668,0.0321
RNG(-2),1.22,3,0.5668,0.0321
RNG(-2),1.23,3,0.5668,0.0321
RNG(-2),1.24,3,0.5668,0.0321
RNG(-2),1.25,3,0.5668,0.0321
RNG(-2),1.26,3,0.5668,0.0321
RNG(-2),1.27,3,0.5668,0.0321
RNG(-2),1.28,3,0.5668,0.0321
RNG(-2),1.29,3,0.5668,0.0321
RNG(-2),1.3,3,0.5668,0.0321
RNG(-2),1.31,3,0.5668,0.0321
RNG(-2),1.32,3,0.5668,0.0321
RNG(-2),1.33,3,0.5668,0.0321
RNG(-2),1.34,3,0.5668,0.0321
RNG(-2),1.35,3,0.5668,0.0321
RNG(-2),1.36,3,0.5668,0.0321
RNG(-2),1.37,3,0.5668,0.0321
RNG(-2),1.38,3,0.5668,0.0321
RNG(-2),1.39,3,0.5668,0.0321
RNG(-2),1.4,3,0.5668,0.0321
RNG(-2),1.41,3,0.5668,0.0321
RNG(-2),1.42,3,0.5668,0.0321
RNG(-2),1.43,3,0.5668,0.0321
RNG(-2),1.44,3,0.5668,0.0321
RNG(-2),1.45,3,0.5668,0.0321
RNG(-2),1.46,3,0.5668,0.0321
RNG(-2),1.48,3,0.5668,0.0321
RNG(-2),1.49,3,0.5668,0.0321
RNG(-2),1.5,3,0.5668,0.0321
RNG(-2),1.51,3,0.5668,0.0321
RNG(-2),1.52,3,0.5668,0.0321
RNG(-2),1.53,3,0.5668,0.0321
RNG(-2),1.54,3,0.5668,0.0321
RNG(-2),1.55,3,0.5668,0.0321
RNG(-2),1.56,2,0.5647,0.1576
RNG(-2),1.57,2,0.5617,0.1194
RNG(-2),1.58,3,0.5668,0.0321
RNG(-2),1.59,3,0.5668,0.0321
RNG(-2),1.6,3,0.5668,0.0321
RNG(-2),1.61,2,0.5617,0.1194
RNG(-2),1.62,3,0.5668,0.0321
RNG(-2),1.63,3,0.5668,0.0321
RNG(-2),1.64,3,0.5668,0.0321
RNG(-2),1.65,3,0.5668,0.0321
RNG(-2),1.66,2,0.5617,0.1194
RNG(-2),1.67,3,0.5668,0.0321
RNG(-2),1.68,3,0.5668,0.0321
RNG(-2),1.69,3,0.5668,0.0321
RNG(-2),1.7,3,0.5668,0.0321
RNG(-2),1.71,3,0.5668,0.0321
RNG(-2),1.74,3,0.5668,0.0321
RNG(-2),1.75,3,0.5668,0.0321
RNG(-2),1.76,3,0.5668,0.0321
RNG(-2),1.77,3,0.5668,0.0321
RNG(-2),1.79,3,0.5668,0.0321
RNG(-2),1.81,3,0.5668,0.0321
RNG(-2),1.83,3,0.5668,0.0321
RNG(-2),1.84,3,0.5668,0.0321
RNG(-2),1.88,3,0.5668,0.0321
RNG(-2),1.89,3,0.5668,0.0321
RNG(-2),1.9,3,0.5668,0.0321
RNG(-2),1.91,3,0.5668,0.0321
RNG(-2),1.93,3,0.5668,0.0321
RNG(-2),1.94,2,0.5647,0.1576
RNG(-2),1.95,2,0.5647,0.1576
RNG(-2),1.97,3,0.5668,0.0321
RNG(-2),1.98,3,0.5668,0.0321
RNG(-2),1.99,2,0.5647,0.1576
RNG(-2),2.01,1,0.5523,0.0
RNG(-2),2.02,3,0.5668,0.0321
RNG(-2),2.03,3,0.5668,0.0321
RNG(-2),2.04,3,0.5668,0.0321
RNG(-2),2.05,2,0.5647,0.1576
RNG(-2),2.06,3,0.5668,0.0321
RNG(-2),2.08,3,0.5668,0.0321
RNG(-2),2.09,3,0.5668,0.0321
RNG(-2),2.1,3,0.5668,0.0321
RNG(-2),2.11,3,0.5668,0.0321
RNG(-2),2.12,3,0.5668,0.0321
RNG(-2),2.13,3,0.5668,0.0321
RNG(-2),2.14,3,0.5668,0.0321
RNG(-2),2.15,2,0.5647,0.1576
RNG(-2),2.16,3,0.5668,0.0321
RNG(-2),2.17,3,0.5668,0.0321
RNG(-2),2.18,3,0.5668,0.0321
RNG(-2),2.19,2,0.5617,0.1194
RNG(-2),2.2,3,0.5668,0.0321
RNG(-2),2.21,3,0.5668,0.0321
RNG(-2),2.22,3,0.5668,0.0321
RNG(-2),2.23,3,0.5668,0.0321
RNG(-2),2.24,3,0.5668,0.0321
RNG(-2),2.25,3,0.5668,0.0321
RNG(-2),2.26,3,0.5668,0.0321
RNG(-2),2.27,3,0.5668,0.0321
RNG(-2),2.28,2,0.5647,0.1576
RNG(-2),2.29,3,0.5668,0.0321
RNG(-2),2.3,3,0.5668,0.0321
RNG(-2),2.31,3,0.5668,0.0321
RNG(-2),2.32,2,0.5647,0.1576
RNG(-2),2.33,3,0.5668,0.0321
RNG(-2),2.34,3,0.5668,0.0321
RNG(-2),2.35,3,0.5668,0.0321
RNG(-2),2.36,3,0.5668,0.0321
RNG(-2),2.37,3,0.5668,0.0321
RNG(-2),2.38,3,0.5668,0.0321
RNG(-2),2.39,3,0.5668,0.0321
RNG(-2),2.4,3,0.5668,0.0321
RNG(-2),2.41,3,0.5668,0.0321
RNG(-2),2.42,3,0.5668,0.0321
RNG(-2),2.43,2,0.5617,0.1194
RNG(-2),2.44,3,0.5668,0.0321
RNG(-2),2.45,3,0.5668,0.0321
RNG(-2),2.46,3,0.5668,0.0321
RNG(-2),2.48,3,0.5668,0.0321
RNG(-2),2.49,3,0.5668,0.0321
RNG(-2),2.5,1,0.5523,0.0
RNG(-2),2.51,3,0.5668,0.0321
RNG(-2),2.52,3,0.5668,0.0321
RNG(-2),2.53,3,0.5668,0.0321
RNG(-2),2.54,3,0.5668,0.0321
RNG(-2),2.55,3,0.5668,0.0321
RNG(-2),2.56,3,0.5668,0.0321
RNG(-2),2.57,3,0.5668,0.0321
RNG(-2),2.58,3,0.5668,0.0321
RNG(-2),2.59,2,0.5647,0.1576
RNG(-2),2.61,3,0.5668,0.0321
RNG(-2),2.62,3,0.5668,0.0321
RNG(-2),2.63,3,0.5668,0.0321
RNG(-2),2.64,3,0.5668,0.0321
RNG(-2),2.65,3,0.5668,0.0321
RNG(-2),2.66,2,0.5647,0.1576
RNG(-2),2.67,3,0.5668,0.0321
RNG(-2),2.69,3,0.5668,0.0321
RNG(-2),2.7,3,0.5668,0.0321
RNG(-2),2.71,3,0.5668,0.0321
RNG(-2),2.72,3,0.5668,0.0321
RNG(-2),2.73,3,0.5668,0.0321
RNG(-2),2.74,3,0.5668,0.0321
RNG(-2),2.75,3,0.5668,0.0321
RNG(-2),2.76,3,0.5668,0.0321
RNG(-2),2.77,3,0.5668,0.0321
RNG(-2),2.78,3,0.5668,0.0321
RNG(-2),2.79,3,0.5668,0.0321
RNG(-2),2.8,3,0.5668,0.0321
RNG(-2),2.81,3,0.5668,0.0321
RNG(-2),2.82,3,0.5668,0.0321
RNG(-2),2.83,3,0.5668,0.0321
RNG(-2),2.84,3,0.5668,0.0321
RNG(-2),2.85,3,0.5668,0.0321
RNG(-2),2.86,3,0.5668,0.0321
RNG(-2),2.87,2,0.5617,0.1194
RNG(-2),2.88,3,0.5668,0.0321
RNG(-2),2.89,3,0.5668,0.0321
RNG(-2),2.91,3,0.5668,0.0321
RNG(-2),2.92,3,0.5668,0.0321
RNG(-2),2.93,3,0.5668,0.0321
RNG(-2),2.94,3,0.5668,0.0321
RNG(-2),2.95,3,0.5668,0.0321
RNG(-2),2.96,3,0.5668,0.0321
RNG(-2),2.97,3,0.5668,0.0321
RNG(-2),2.98,3,0.5668,0.0321
RNG(-2),2.99,3,0.5668,0.0321
RNG(-2),3.0,3,0.5668,0.0321
RNG(-2),3.01,3,0.5668,0.0321
RNG(-2),3.02,3,0.5668,0.0321
RNG(-2),3.03,3,0.5668,0.0321
RNG(-2),3.04,3,0.5668,0.0321
RNG(-2),3.05,3,0.5668,0.0321
RNG(-2),3.06,3,0.5668,0.0321
RNG(-2),3.07,3,0.5668,0.0321
RNG(-2),3.08,2,0.5617,0.1194
RNG(-2),3.09,3,0.5668,0.0321
RNG(-2),3.1,3,0.5668,0.0321
RNG(-2),3.11,3,0.5668,0.0321
RNG(-2),3.12,3,0.5668,0.0321
RNG(-2),3.13,3,0.5668,0.0321
RNG(-2),3.14,3,0.5668,0.0321
RNG(-2),3.15,3,0.5668,0.0321
RNG(-2),3.16,3,0.5668,0.0321
RNG(-2),3.17,3,0.5668,0.0321
RNG(-2),3.18,3,0.5668,0.0321
RNG(-2),3.19,3,0.5668,0.0321
RNG(-2),3.2,3,0.5668,0.0321
RNG(-2),3.21,3,0.5668,0.0321
RNG(-2),3.22,3,0.5668,0.0321
RNG(-2),3.23,3,0.5668,0.0321
RNG(-2),3.24,3,0.5668,0.0321
RNG(-2),3.25,3,0.5668,0.0321
RNG(-2),3.26,3,0.5668,0.0321
RNG(-2),3.27,3,0.5668,0.0321
RNG(-2),3.28,2,0.5617,0.1194
RNG(-2),3.29,3,0.5668,0.0321
RNG(-2),3.3,3,0.5668,0.0321
RNG(-2),3.31,3,0.5668,0.0321
RNG(-2),3.32,3,0.5668,0.0321
RNG(-2),3.33,3,0.5668,0.0321
RNG(-2),3.34,2,0.5617,0.1194
RNG(-2),3.35,3,0.5668,0.0321
RNG(-2),3.36,3,0.5668,0.0321
RNG(-2),3.37,3,0.5668,0.0321
RNG(-2),3.38,3,0.5668,0.0321
RNG(-2),3.39,3,0.5668,0.0321
RNG(-2),3.4,3,0.5668,0.0321
RNG(-2),3.41,3,0.5668,0.0321
RNG(-2),3.42,3,0.5668,0.0321
RNG(-2),3.44,2,0.5617,0.1194
RNG(-2),3.45,3,0.5668,0.0321
RNG(-2),3.46,3,0.5668,0.0321
RNG(-2),3.47,3,0.5668,0.0321
RNG(-2),3.48,3,0.5668,0.0321
RNG(-2),3.49,3,0.5668,0.0321
RNG(-2),3.5,3,0.5668,0.0321
RNG(-2),3.51,3,0.5668,0.0321
RNG(-2),3.52,3,0.5668,0.0321
RNG(-2),3.53,3,0.5668,0.0321
RNG(-2),3.54,2,0.5647,0.1576
RNG(-2),3.55,3,0.5668,0.0321
RNG(-2),3.56,3,0.5668,0.0321
RNG(-2),3.57,1,0.5523,0.0
RNG(-2),3.58,3,0.5668,0.0321
RNG(-2),3.59,3,0.5668,0.0321
RNG(-2),3.6,3,0.5668,0.0321
RNG(-2),3.61,3,0.5668,0.0321
RNG(-2),3.62,3,0.5668,0.0321
RNG(-2),3.63,3,0.5668,0.0321
RNG(-2),3.64,3,0.5668,0.0321
RNG(-2),3.65,3,0.5668,0.0321
RNG(-2),3.66,3,0.5668,0.0321
RNG(-2),3.69,3,0.5668,0.0321
RNG(-2),3.7,2,0.5647,0.1576
RNG(-2),3.72,3,0.5668,0.0321
RNG(-2),3.74,2,0.5647,0.1576
RNG(-2),3.75,3,0.5668,0.0321
RNG(-2),3.76,3,0.5668,0.0321
RNG(-2),3.77,3,0.5668,0.0321
RNG(-2),3.78,3,0.5668,0.0321
RNG(-2),3.79,3,0.5668,0.0321
RNG(-2),3.8,3,0.5668,0.0321
RNG(-2),3.81,3,0.5668,0.0321
RNG(-2),3.82,3,0.5668,0.0321
RNG(-2),3.83,2,0.5647,0.1576
RNG(-2),3.84,2,0.5647,0.1576
RNG(-2),3.85,2,0.5617,0.1194
RNG(-2),3.86,3,0.5668,0.0321
RNG(-2),3.87,3,0.5668,0.0321
RNG(-2),3.88,2,0.5617,0.1194
RNG(-2),3.89,3,0.5668,0.0321
RNG(-2),3.9,3,0.5668,0.0321
RNG(-2),3.91,3,0.5668,0.0321
RNG(-2),3.92,3,0.5668,0.0321
RNG(-2),3.93,2,0.5647,0.1576
RNG(-2),3.94,3,0.5668,0.0321
RNG(-2),3.95,3,0.5668,0.0321
RNG(-2),3.96,3,0.5668,0.0321
RNG(-2),3.97,2,0.5617,0.1194
RNG(-2),3.98,1,0.5523,0.0
RNG(-2),3.99,3,0.5668,0.0321
RNG(-2),4.01,3,0.5668,0.0321
RNG(-2),4.02,3,0.5668,0.0321
RNG(-2),4.03,3,0.5668,0.0321
RNG(-2),4.04,2,0.5617,0.1194
RNG(-2),4.05,2,0.5617,0.1194
RNG(-2),4.06,2,0.5647,0.1576
RNG(-2),4.07,3,0.5668,0.0321
RNG(-2),4.09,1,0.5523,0.0
RNG(-2),4.1,3,0.5668,0.0321
RNG(-2),4.12,2,0.5617,0.1194
RNG(-2),4.13,2,0.5647,0.1576
RNG(-2),4.16,3,0.5668,0.0321
RNG(-2),4.18,1,0.5523,0.0
RNG(-2),4.21,2,0.5647,0.1576
RNG(-2),4.22,2,0.5647,0.1576
RNG(-2),4.23,2,0.5617,0.1194
RNG(-2),4.24,2,0.5617,0.1194
RNG(-2),4.27,2,0.5617,0.1194
RNG(-2),4.28,1,0.5523,0.0
RNG(-2),4.29,2,0.5617,0.1194
RNG(-2),4.32,2,0.5617,0.1194
RNG(-2),4.35,3,0.5668,0.0321
RNG(-2),4.37,3,0.5668,0.0321
RNG(-2),4.38,2,0.5617,0.1194
RNG(-2),4.49,3,0.5668,0.0321
RNG(-2),4.57,2,0.5647,0.1576
RNG(-2),4.68,2,0.5617,0.1194
RNG(-2),4.71,1,0.5523,0.0
RNG(-2),4.72,1,0.5523,0.0
RNG(-0.3),0.99,3,0.5668,0.0321
RNG(-0.3),1.0,3,0.5668,0.0321
RNG(-0.3),1.01,3,0.5668,0.0321
RNG(-0.3),1.03,2,0.5617,0.1194
RNG(-0.3),1.04,3,0.5668,0.0321
RNG(-0.3),1.05,3,0.5668,0.0321
RNG(-0.3),1.06,3,0.567,0.0324
RNG(-0.3),1.07,3,0.5671,0.0319
RNG(-0.3),1.08,3,0.5673,0.0312
RNG(-0.3),1.09,3,0.5678,0.0322
RNG(-0.3),1.1,3,0.5684,0.0316
RNG(-0.3),1.11,3,0.5686,0.0318
RNG(-0.3),1.12,3,0.5689,0.0304
RNG(-0.3),1.13,3,0.5694,0.0316
RNG(-0.3),1.14,3,0.5696,0.0309
RNG(-0.3),1.15,3,0.5699,0.0309
RNG(-0.3),1.16,3,0.5703,0.0305
RNG(-0.3),1.17,3,0.5704,0.0307
RNG(-0.3),1.18,3,0.5706,0.0309
RNG(-0.3),1.19,3,0.5708,0.0314
RNG(-0.3),1.2,3,0.5708,0.0314
RNG(-0.3),1.21,3,0.5708,0.0314
RNG(-0.3),1.22,3,0.5709,0.0316
RNG(-0.3),1.23,3,0.5713,0.0323
RNG(-0.3),1.24,3,0.5714,0.0316
RNG(-0.3),1.25,3,0.5714,0.0316
RNG(-0.3),1.26,3,0.5716,0.0309
RNG(-0.3),1.27,3,0.5716,0.0309
RNG(-0.3),1.28,3,0.5716,0.0309
RNG(-0.3),1.29,3,0.5717,0.0313
RNG(-0.3),1.3,3,0.5717,0.0313
RNG(-0.3),1.31,3,0.5717,0.0313
RNG(-0.3),1.32,3,0.5717,0.0313
RNG(-0.3),1.33,3,0.5722,0.0304
RNG(-0.3),1.34,3,0.5722,0.0304
RNG(-0.3),1.35,3,0.5723,0.0306
RNG(-0.3),1.36,3,0.5723,0.0306
RNG(-0.3),1.37,3,0.5726,0.031
RNG(-0.3),1.38,3,0.5728,0.0314
RNG(-0.3),1.39,3,0.5728,0.0314
RNG(-0.3),1.4,3,0.5729,0.0317
RNG(-0.3),1.41,3,0.573,0.032
RNG(-0.3),1.42,3,0.573,0.032
RNG(-0.3),1.43,3,0.573,0.032
RNG(-0.3),1.44,3,0.5731,0.0321
RNG(-0.3),1.45,3,0.5731,0.0321
RNG(-0.3),1.46,3,0.5733,0.0324
RNG(-0.3),1.48,3,0.5733,0.0324
RNG(-0.3),1.49,3,0.5733,0.0324
RNG(-0.3),1.5,3,0.5734,0.032
RNG(-0.3),1.51,3,0.5734,0.032
RNG(-0.3),1.52,3,0.5734,0.032
RNG(-0.3),1.53,3,0.5734,0.032
RNG(-0.3),1.54,3,0.5735,0.0316
RNG(-0.3),1.55,3,0.5737,0.032
RNG(-0.3),1.56,2,0.571,0.148
RNG(-0.3),1.57,2,0.5696,0.1252
RNG(-0.3),1.58,3,0.574,0.0309
RNG(-0.3),1.59,3,0.574,0.0309
RNG(-0.3),1.6,3,0.5742,0.0303
RNG(-0.3),1.61,2,0.5701,0.1194
RNG(-0.3),1.62,3,0.5743,0.0296
RNG(-0.3),1.63,3,0.5745,0.0298
RNG(-0.3),1.64,3,0.5746,0.0301
RNG(-0.3),1.65,3,0.5746,0.0301
RNG(-0.3),1.66,2,0.5707,0.1277
RNG(-0.3),1.67,3,0.5749,0.0308
RNG(-0.3),1.68,3,0.5751,0.0311
RNG(-0.3),1.69,3,0.5752,0.0312
RNG(-0.3),1.7,3,0.5754,0.0304
RNG(-0.3),1.71,3,0.5755,0.0297
RNG(-0.3),1.74,3,0.5755,0.0297
RNG(-0.3),1.75,3,0.5755,0.0297
RNG(-0.3),1.76,3,0.5755,0.0297
RNG(-0.3),1.77,3,0.5758,0.0295
RNG(-0.3),1.79,3,0.5758,0.0295
RNG(-0.3),1.81,3,0.5758,0.0295
RNG(-0.3),1.83,3,0.5759,0.0298
RNG(-0.3),1.84,3,0.5761,0.0302
RNG(-0.3),1.88,3,0.5761,0.0302
RNG(-0.3),1.89,3,0.5761,0.0302
RNG(-0.3),1.9,3,0.5761,0.0302
RNG(-0.3),1.91,3,0.5761,0.0302
RNG(-0.3),1.93,3,0.5761,0.0302
RNG(-0.3),1.94,2,0.5732,0.141
RNG(-0.3),1.95,2,0.5732,0.141
RNG(-0.3),1.97,3,0.5761,0.0304
RNG(-0.3),1.98,3,0.5761,0.0304
RNG(-0.3),1.99,2,0.5733,0.1423
RNG(-0.3),2.01,1,0.5621,0.0
RNG(-0.3),2.02,3,0.5761,0.0304
RNG(-0.3),2.03,3,0.5761,0.0304
RNG(-0.3),2.04,3,0.5762,0.0305
RNG(-0.3),2.05,2,0.5734,0.1436
RNG(-0.3),2.06,3,0.5762,0.0305
RNG(-0.3),2.08,3,0.5763,0.0309
RNG(-0.3),2.09,3,0.5763,0.0309
RNG(-0.3),2.1,3,0.5763,0.0309
RNG(-0.3),2.11,3,0.5765,0.0302
RNG(-0.3),2.12,3,0.5767,0.0305
RNG(-0.3),2.13,3,0.5767,0.0305
RNG(-0.3),2.14,3,0.5768,0.0308
RNG(-0.3),2.15,2,0.574,0.1455
RNG(-0.3),2.16,3,0.577,0.0311
RNG(-0.3),2.17,3,0.577,0.0311
RNG(-0.3),2.18,3,0.577,0.0311
RNG(-0.3),2.19,2,0.5727,0.1283
RNG(-0.3),2.2,3,0.577,0.0311
RNG(-0.3),2.21,3,0.577,0.0311
RNG(-0.3),2.22,3,0.577,0.0311
RNG(-0.3),2.23,3,0.577,0.0311
RNG(-0.3),2.24,3,0.577,0.0308
RNG(-0.3),2.25,3,0.577,0.0308
RNG(-0.3),2.26,3,0.577,0.0308
RNG(-0.3),2.27,3,0.577,0.0308
RNG(-0.3),2.28,2,0.5741,0.1442
RNG(-0.3),2.29,3,0.577,0.0308
RNG(-0.3),2.3,3,0.577,0.0308
RNG(-0.3),2.31,3,0.577,0.0308
RNG(-0.3),2.32,2,0.5741,0.1442
RNG(-0.3),2.33,3,0.577,0.0308
RNG(-0.3),2.34,3,0.577,0.0308
RNG(-0.3),2.35,3,0.577,0.0308
RNG(-0.3),2.36,3,0.577,0.0308
RNG(-0.3),2.37,3,0.577,0.0308
RNG(-0.3),2.38,3,0.577,0.0308
RNG(-0.3),2.39,3,0.577,0.0308
RNG(-0.3),2.4,3,0.577,0.0308
RNG(-0.3),2.41,3,0.5772,0.0312
RNG(-0.3),2.42,3,0.5772,0.0312
RNG(-0.3),2.43,2,0.5728,0.1271
RNG(-0.3),2.44,3,0.5772,0.0312
RNG(-0.3),2.45,3,0.5773,0.0316
RNG(-0.3),2.46,3,0.5773,0.0316
RNG(-0.3),2.48,3,0.5773,0.0316
RNG(-0.3),2.49,3,0.5773,0.0316
RNG(-0.3),2.5,1,0.5628,0.0
RNG(-0.3),2.51,3,0.5773,0.0316
RNG(-0.3),2.52,3,0.5773,0.0316
RNG(-0.3),2.53,3,0.5773,0.0316
RNG(-0.3),2.54,3,0.5773,0.0316
RNG(-0.3),2.55,3,0.5773,0.0316
RNG(-0.3),2.56,3,0.5773,0.0316
RNG(-0.3),2.57,3,0.5775,0.0309
RNG(-0.3),2.58,3,0.5775,0.0309
RNG(-0.3),2.59,2,0.5749,0.1468
RNG(-0.3),2.61,3,0.5775,0.0309
RNG(-0.3),2.62,3,0.5775,0.0309
RNG(-0.3),2.63,3,0.5775,0.0309
RNG(-0.3),2.64,3,0.5776,0.0311
RNG(-0.3),2.65,3,0.5778,0.0314
RNG(-0.3),2.66,2,0.5751,0.1493
RNG(-0.3),2.67,3,0.5779,0.0307
RNG(-0.3),2.69,3,0.5779,0.0307
RNG(-0.3),2.7,3,0.5779,0.0307
RNG(-0.3),2.71,3,0.5779,0.0307
RNG(-0.3),2.72,3,0.5779,0.0307
RNG(-0.3),2.73,3,0.5779,0.0307
RNG(-0.3),2.74,3,0.5779,0.0307
RNG(-0.3),2.75,3,0.5782,0.0312
RNG(-0.3),2.76,3,0.5782,0.0312
RNG(-0.3),2.77,3,0.5783,0.0305
RNG(-0.3),2.78,3,0.5785,0.0308
RNG(-0.3),2.79,3,0.5785,0.0308
RNG(-0.3),2.8,3,0.5785,0.0308
RNG(-0.3),2.81,3,0.5785,0.0308
RNG(-0.3),2.82,3,0.5785,0.0308
RNG(-0.3),2.83,3,0.5785,0.0308
RNG(-0.3),2.84,3,0.5785,0.0308
RNG(-0.3),2.85,3,0.5785,0.0308
RNG(-0.3),2.86,3,0.5785,0.0308
RNG(-0.3),2.87,2,0.5741,0.1252
RNG(-0.3),2.88,3,0.5789,0.0299
RNG(-0.3),2.89,3,0.5789,0.0299
RNG(-0.3),2.91,3,0.5789,0.0299
RNG(-0.3),2.92,3,0.5789,0.0299
RNG(-0.3),2.93,3,0.5789,0.0299
RNG(-0.3),2.94,3,0.5789,0.0299
RNG(-0.3),2.95,3,0.5791,0.0302
RNG(-0.3),2.96,3,0.5791,0.0302
RNG(-0.3),2.97,3,0.5791,0.0302
RNG(-0.3),2.98,3,0.5791,0.0302
RNG(-0.3),2.99,3,0.5791,0.0302
RNG(-0.3),3.0,3,0.5791,0.0302
RNG(-0.3),3.01,3,0.5791,0.0302
RNG(-0.3),3.02,3,0.5791,0.0302
RNG(-0.3),3.03,3,0.5791,0.0302
RNG(-0.3),3.04,3,0.5791,0.0302
RNG(-0.3),3.05,3,0.5794,0.0307
RNG(-0.3),3.06,3,0.5797,0.0313
RNG(-0.3),3.07,3,0.5797,0.0313
RNG(-0.3),3.08,2,0.5756,0.1315
RNG(-0.3),3.09,3,0.5797,0.0313
RNG(-0.3),3.1,3,0.58,0.0299
RNG(-0.3),3.11,3,0.58,0.0299
RNG(-0.3),3.12,3,0.58,0.0299
RNG(-0.3),3.13,3,0.58,0.0299
RNG(-0.3),3.14,3,0.58,0.0299
RNG(-0.3),3.15,3,0.58,0.0299
RNG(-0.3),3.16,3,0.5804,0.0308
RNG(-0.3),3.17,3,0.5804,0.0308
RNG(-0.3),3.18,3,0.5808,0.0314
RNG(-0.3),3.19,3,0.5808,0.0314
RNG(-0.3),3.2,3,0.5808,0.0314
RNG(-0.3),3.21,3,0.5808,0.0314
RNG(-0.3),3.22,3,0.5808,0.0314
RNG(-0.3),3.23,3,0.5808,0.0314
RNG(-0.3),3.24,3,0.5808,0.0314
RNG(-0.3),3.25,3,0.5808,0.0314
RNG(-0.3),3.26,3,0.5811,0.0322
RNG(-0.3),3.27,3,0.5814,0.0328
RNG(-0.3),3.28,2,0.5772,0.1398
RNG(-0.3),3.29,3,0.5814,0.0328
RNG(-0.3),3.3,3,0.5814,0.0328
RNG(-0.3),3.31,3,0.5818,0.0337
RNG(-0.3),3.32,3,0.5818,0.0337
RNG(-0.3),3.33,3,0.5818,0.0337
RNG(-0.3),3.34,2,0.5772,0.1398
RNG(-0.3),3.35,3,0.5818,0.0337
RNG(-0.3),3.36,3,0.5818,0.0337
RNG(-0.3),3.37,3,0.5821,0.0342
RNG(-0.3),3.38,3,0.5821,0.0342
RNG(-0.3),3.39,3,0.5824,0.0328
RNG(-0.3),3.4,3,0.5824,0.0328
RNG(-0.3),3.41,3,0.5824,0.0328
RNG(-0.3),3.42,3,0.5824,0.0328
RNG(-0.3),3.44,2,0.5781,0.1391
RNG(-0.3),3.45,3,0.5824,0.0328
RNG(-0.3),3.46,3,0.5827,0.0334
RNG(-0.3),3.47,3,0.5827,0.0334
RNG(-0.3),3.48,3,0.5827,0.0334
RNG(-0.3),3.49,3,0.5827,0.0334
RNG(-0.3),3.5,3,0.5827,0.0334
RNG(-0.3),3.51,3,0.5827,0.0334
RNG(-0.3),3.52,3,0.5827,0.0334
RNG(-0.3),3.53,3,0.5827,0.0334
RNG(-0.3),3.54,2,0.5791,0.1506
RNG(-0.3),3.55,3,0.5827,0.0334
RNG(-0.3),3.56,3,0.5827,0.0334
RNG(-0.3),3.57,1,0.5672,0.0
RNG(-0.3),3.58,3,0.5827,0.0334
RNG(-0.3),3.59,3,0.5827,0.0334
RNG(-0.3),3.6,3,0.5827,0.0334
RNG(-0.3),3.61,3,0.5827,0.0334
RNG(-0.3),3.62,3,0.5827,0.0334
RNG(-0.3),3.63,3,0.5827,0.0334
RNG(-0.3),3.64,3,0.5829,0.0338
RNG(-0.3),3.65,3,0.5829,0.0338
RNG(-0.3),3.66,3,0.5829,0.0338
RNG(-0.3),3.69,3,0.5829,0.0338
RNG(-0.3),3.7,2,0.5791,0.1506
RNG(-0.3),3.72,3,0.5829,0.0338
RNG(-0.3),3.74,2,0.5791,0.1506
RNG(-0.3),3.75,3,0.5829,0.0338
RNG(-0.3),3.76,3,0.5829,0.0338
RNG(-0.3),3.77,3,0.5829,0.0338
RNG(-0.3),3.78,3,0.5829,0.0338
RNG(-0.3),3.79,3,0.5829,0.0338
RNG(-0.3),3.8,3,0.5829,0.0338
RNG(-0.3),3.81,3,0.5829,0.0338
RNG(-0.3),3.82,3,0.583,0.0339
RNG(-0.3),3.83,2,0.5792,0.1518
RNG(-0.3),3.84,2,0.5792,0.1518
RNG(-0.3),3.85,2,0.5789,0.1487
RNG(-0.3),3.86,3,0.583,0.0339
RNG(-0.3),3.87,3,0.583,0.0339
RNG(-0.3),3.88,2,0.5789,0.1487
RNG(-0.3),3.89,3,0.583,0.0339
RNG(-0.3),3.9,3,0.583,0.0339
RNG(-0.3),3.91,3,0.583,0.0339
RNG(-0.3),3.92,3,0.583,0.0339
RNG(-0.3),3.93,2,0.5792,0.1518
RNG(-0.3),3.94,3,0.583,0.0339
RNG(-0.3),3.95,3,0.583,0.0339
RNG(-0.3),3.96,3,0.583,0.0339
RNG(-0.3),3.97,2,0.5789,0.1487
RNG(-0.3),3.98,1,0.5672,0.0
RNG(-0.3),3.99,3,0.583,0.0339
RNG(-0.3),4.01,3,0.583,0.0339
RNG(-0.3),4.02,3,0.583,0.0339
RNG(-0.3),4.03,3,0.583,0.0339
RNG(-0.3),4.04,2,0.5789,0.1487
RNG(-0.3),4.05,2,0.5789,0.1487
RNG(-0.3),4.06,2,0.5792,0.1518
RNG(-0.3),4.07,3,0.583,0.0339
RNG(-0.3),4.09,1,0.5672,0.0
RNG(-0.3),4.1,3,0.583,0.0339
RNG(-0.3),4.12,2,0.5789,0.1487
RNG(-0.3),4.13,2,0.5792,0.1518
RNG(-0.3),4.16,3,0.583,0.0339
RNG(-0.3),4.18,1,0.5672,0.0
RNG(-0.3),4.21,2,0.5792,0.1518
RNG(-0.3),4.22,2,0.5792,0.1518
RNG(-0.3),4.23,2,0.5789,0.1487
RNG(-0.3),4.24,2,0.5789,0.1487
RNG(-0.3),4.27,2,0.5789,0.1487
RNG(-0.3),4.28,1,0.5672,0.0
RNG(-0.3),4.29,2,0.5789,0.1487
RNG(-0.3),4.32,2,0.5789,0.1487
RNG(-0.3),4.35,3,0.583,0.0339
RNG(-0.3),4.37,3,0.583,0.0339
RNG(-0.3),4.38,2,0.5789,0.1487
RNG(-0.3),4.49,3,0.583,0.0339
RNG(-0.3),4.57,2,0.5792,0.1518
RNG(-0.3),4.68,2,0.5789,0.1487
RNG(-0.3),4.71,1,0.5672,0.0
RNG(-0.3),4.72,1,0.5672,0.0
RNG(-0.2),0.99,3,0.5668,0.0321
RNG(-0.2),1.0,3,0.5668,0.0321
RNG(-0.2),1.01,3,0.5668,0.0321
RNG(-0.2),1.03,2,0.5622,0.1258
RNG(-0.2),1.04,3,0.5674,0.0316
RNG(-0.2),1.05,3,0.5677,0.0323
RNG(-0.2),1.06,3,0.5681,0.033
RNG(-0.2),1.07,3,0.5688,0.0331
RNG(-0.2),1.08,3,0.5693,0.0322
RNG(-0.2),1.09,3,0.5702,0.034
RNG(-0.2),1.1,3,0.5713,0.0344
RNG(-0.2),1.11,3,0.5716,0.0351
RNG(-0.2),1.12,3,0.5728,0.0321
RNG(-0.2),1.13,3,0.5744,0.0326
RNG(-0.2),1.14,3,0.5757,0.0313
RNG(-0.2),1.15,3,0.5773,0.0311
RNG(-0.2),1.16,3,0.5789,0.0317
RNG(-0.2),1.17,3,0.5802,0.0323
RNG(-0.2),1.18,3,0.5813,0.0301
RNG(-0.2),1.19,3,0.5821,0.0297
RNG(-0.2),1.2,3,0.5827,0.0306
RNG(-0.2),1.21,3,0.5833,0.0317
RNG(-0.2),1.22,3,0.5834,0.032
RNG(-0.2),1.23,3,0.5843,0.0333
RNG(-0.2),1.24,3,0.5851,0.0331
RNG(-0.2),1.25,3,0.5853,0.0335
RNG(-0.2),1.26,3,0.5856,0.0333
RNG(-0.2),1.27,3,0.5858,0.0337
RNG(-0.2),1.28,3,0.586,0.0333
RNG(-0.2),1.29,3,0.5863,0.0331
RNG(-0.2),1.3,3,0.5864,0.0336
RNG(-0.2),1.31,3,0.5869,0.0316
RNG(-0.2),1.32,3,0.5873,0.0321
RNG(-0.2),1.33,3,0.588,0.0316
RNG(-0.2),1.34,3,0.5885,0.0306
RNG(-0.2),1.35,3,0.5886,0.0308
RNG(-0.2),1.36,3,0.5889,0.0317
RNG(-0.2),1.37,3,0.5894,0.0324
RNG(-0.2),1.38,3,0.5899,0.0334
RNG(-0.2),1.39,3,0.5899,0.0335
RNG(-0.2),1.4,3,0.5905,0.033
RNG(-0.2),1.41,3,0.5909,0.0332
RNG(-0.2),1.42,3,0.5915,0.0344
RNG(-0.2),1.43,3,0.5916,0.0347
RNG(-0.2),1.44,3,0.5921,0.0344
RNG(-0.2),1.45,3,0.5923,0.035
RNG(-0.2),1.46,3,0.5929,0.0352
RNG(-0.2),1.48,3,0.5934,0.034
RNG(-0.2),1.49,3,0.5936,0.0345
RNG(-0.2),1.5,3,0.5939,0.0344
RNG(-0.2),1.51,3,0.5944,0.0342
RNG(-0.2),1.52,3,0.5945,0.0345
RNG(-0.2),1.53,3,0.595,0.0334
RNG(-0.2),1.54,3,0.5951,0.0336
RNG(-0.2),1.55,3,0.5951,0.0336
RNG(-0.2),1.56,2,0.5915,0.1518
RNG(-0.2),1.57,2,0.5914,0.1455
RNG(-0.2),1.58,3,0.5955,0.0337
RNG(-0.2),1.59,3,0.5957,0.034
RNG(-0.2),1.6,3,0.5959,0.0333
RNG(-0.2),1.61,2,0.5921,0.1423
RNG(-0.2),1.62,3,0.5962,0.0329
RNG(-0.2),1.63,3,0.5963,0.0331
RNG(-0.2),1.64,3,0.5967,0.0324
RNG(-0.2),1.65,3,0.5968,0.0319
RNG(-0.2),1.66,2,0.5938,0.1499
RNG(-0.2),1.67,3,0.5975,0.0327
RNG(-0.2),1.68,3,0.5975,0.0327
RNG(-0.2),1.69,3,0.5979,0.0325
RNG(-0.2),1.7,3,0.5983,0.0322
RNG(-0.2),1.71,3,0.5986,0.0308
RNG(-0.2),1.74,3,0.5987,0.0312
RNG(-0.2),1.75,3,0.5988,0.0313
RNG(-0.2),1.76,3,0.5991,0.0314
RNG(-0.2),1.77,3,0.5991,0.0315
RNG(-0.2),1.79,3,0.5994,0.0324
RNG(-0.2),1.81,3,0.5998,0.0328
RNG(-0.2),1.83,3,0.5999,0.033
RNG(-0.2),1.84,3,0.6004,0.0328
RNG(-0.2),1.88,3,0.6005,0.0331
RNG(-0.2),1.89,3,0.6007,0.0336
RNG(-0.2),1.9,3,0.6009,0.0341
RNG(-0.2),1.91,3,0.6011,0.0347
RNG(-0.2),1.93,3,0.6016,0.0356
RNG(-0.2),1.94,2,0.5966,0.136
RNG(-0.2),1.95,2,0.5966,0.136
RNG(-0.2),1.97,3,0.6023,0.0348
RNG(-0.2),1.98,3,0.6023,0.0348
RNG(-0.2),1.99,2,0.5975,0.1334
RNG(-0.2),2.01,1,0.587,0.0
RNG(-0.2),2.02,3,0.6028,0.0334
RNG(-0.2),2.03,3,0.6029,0.033
RNG(-0.2),2.04,3,0.6031,0.0329
RNG(-0.2),2.05,2,0.5986,0.129
RNG(-0.2),2.06,3,0.6033,0.0324
RNG(-0.2),2.08,3,0.604,0.0329
RNG(-0.2),2.09,3,0.6041,0.0332
RNG(-0.2),2.1,3,0.6042,0.0333
RNG(-0.2),2.11,3,0.6048,0.0317
RNG(-0.2),2.12,3,0.6054,0.0319
RNG(-0.2),2.13,3,0.6054,0.0319
RNG(-0.2),2.14,3,0.6058,0.0331
RNG(-0.2),2.15,2,0.6012,0.1328
RNG(-0.2),2.16,3,0.6062,0.0338
RNG(-0.2),2.17,3,0.6062,0.0338
RNG(-0.2),2.18,3,0.6062,0.0339
RNG(-0.2),2.19,2,0.6035,0.1626
RNG(-0.2),2.2,3,0.6067,0.0336
RNG(-0.2),2.21,3,0.6067,0.0336
RNG(-0.2),2.22,3,0.6067,0.0336
RNG(-0.2),2.23,3,0.6067,0.0336
RNG(-0.2),2.24,3,0.6069,0.0334
RNG(-0.2),2.25,3,0.6069,0.0334
RNG(-0.2),2.26,3,0.6069,0.0334
RNG(-0.2),2.27,3,0.607,0.0334
RNG(-0.2),2.28,2,0.6019,0.1283
RNG(-0.2),2.29,3,0.607,0.0334
RNG(-0.2),2.3,3,0.6071,0.0331
RNG(-0.2),2.31,3,0.6071,0.0331
RNG(-0.2),2.32,2,0.602,0.1271
RNG(-0.2),2.33,3,0.6073,0.0324
RNG(-0.2),2.34,3,0.6073,0.0324
RNG(-0.2),2.35,3,0.6077,0.0333
RNG(-0.2),2.36,3,0.6077,0.0333
RNG(-0.2),2.37,3,0.6075,0.0339
RNG(-0.2),2.38,3,0.6075,0.0339
RNG(-0.2),2.39,3,0.6077,0.0343
RNG(-0.2),2.4,3,0.6077,0.0343
RNG(-0.2),2.41,3,0.6078,0.0344
RNG(-0.2),2.42,3,0.6081,0.0339
RNG(-0.2),2.43,2,0.6056,0.1645
RNG(-0.2),2.44,3,0.6081,0.0337
RNG(-0.2),2.45,3,0.6082,0.0338
RNG(-0.2),2.46,3,0.6083,0.034
RNG(-0.2),2.48,3,0.6086,0.0347
RNG(-0.2),2.49,3,0.6086,0.0347
RNG(-0.2),2.5,1,0.5928,0.0
RNG(-0.2),2.51,3,0.6086,0.0347
RNG(-0.2),2.52,3,0.6088,0.0352
RNG(-0.2),2.53,3,0.6088,0.0352
RNG(-0.2),2.54,3,0.6091,0.0338
RNG(-0.2),2.55,3,0.6093,0.0343
RNG(-0.2),2.56,3,0.6095,0.0347
RNG(-0.2),2.57,3,0.6096,0.0342
RNG(-0.2),2.58,3,0.6096,0.0342
RNG(-0.2),2.59,2,0.604,0.1252
RNG(-0.2),2.61,3,0.6097,0.0344
RNG(-0.2),2.62,3,0.6097,0.0344
RNG(-0.2),2.63,3,0.6097,0.0344
RNG(-0.2),2.64,3,0.6098,0.0349
RNG(-0.2),2.65,3,0.6098,0.0349
RNG(-0.2),2.66,2,0.604,0.1252
RNG(-0.2),2.67,3,0.6103,0.0353
RNG(-0.2),2.69,3,0.6103,0.0353
RNG(-0.2),2.7,3,0.6103,0.0353
RNG(-0.2),2.71,3,0.6104,0.0348
RNG(-0.2),2.72,3,0.6106,0.035
RNG(-0.2),2.73,3,0.6106,0.0347
RNG(-0.2),2.74,3,0.6106,0.0347
RNG(-0.2),2.75,3,0.6108,0.035
RNG(-0.2),2.76,3,0.6108,0.035
RNG(-0.2),2.77,3,0.6111,0.0346
RNG(-0.2),2.78,3,0.6112,0.035
RNG(-0.2),2.79,3,0.6112,0.035
RNG(-0.2),2.8,3,0.6112,0.035
RNG(-0.2),2.81,3,0.6119,0.0367
RNG(-0.2),2.82,3,0.612,0.036
RNG(-0.2),2.83,3,0.612,0.036
RNG(-0.2),2.84,3,0.612,0.036
RNG(-0.2),2.85,3,0.612,0.036
RNG(-0.2),2.86,3,0.612,0.036
RNG(-0.2),2.87,2,0.6104,0.1811
RNG(-0.2),2.88,3,0.6123,0.0348
RNG(-0.2),2.89,3,0.6123,0.0348
RNG(-0.2),2.91,3,0.6123,0.0348
RNG(-0.2),2.92,3,0.6124,0.0352
RNG(-0.2),2.93,3,0.6124,0.0352
RNG(-0.2),2.94,3,0.6126,0.0353
RNG(-0.2),2.95,3,0.6127,0.0354
RNG(-0.2),2.96,3,0.6127,0.0354
RNG(-0.2),2.97,3,0.6127,0.0354
RNG(-0.2),2.98,3,0.6127,0.0354
RNG(-0.2),2.99,3,0.6129,0.0359
RNG(-0.2),3.0,3,0.6129,0.0359
RNG(-0.2),3.01,3,0.6129,0.0359
RNG(-0.2),3.02,3,0.613,0.0352
RNG(-0.2),3.03,3,0.613,0.0352
RNG(-0.2),3.04,3,0.613,0.0352
RNG(-0.2),3.05,3,0.6134,0.0363
RNG(-0.2),3.06,3,0.6137,0.0374
RNG(-0.2),3.07,3,0.6136,0.037
RNG(-0.2),3.08,2,0.6123,0.1874
RNG(-0.2),3.09,3,0.6136,0.037
RNG(-0.2),3.1,3,0.6139,0.0357
RNG(-0.2),3.11,3,0.6139,0.0357
RNG(-0.2),3.12,3,0.6139,0.0357
RNG(-0.2),3.13,3,0.6139,0.0357
RNG(-0.2),3.14,3,0.6139,0.0357
RNG(-0.2),3.15,3,0.6139,0.0357
RNG(-0.2),3.16,3,0.6143,0.0362
RNG(-0.2),3.17,3,0.6143,0.0362
RNG(-0.2),3.18,3,0.6146,0.0373
RNG(-0.2),3.19,3,0.6147,0.0374
RNG(-0.2),3.2,3,0.6147,0.0374
RNG(-0.2),3.21,3,0.6147,0.0374
RNG(-0.2),3.22,3,0.6147,0.0374
RNG(-0.2),3.23,3,0.6147,0.0374
RNG(-0.2),3.24,3,0.6147,0.0374
RNG(-0.2),3.25,3,0.6147,0.0374
RNG(-0.2),3.26,3,0.6157,0.0365
RNG(-0.2),3.27,3,0.616,0.0376
RNG(-0.2),3.28,2,0.6145,0.1893
RNG(-0.2),3.29,3,0.616,0.0376
RNG(-0.2),3.3,3,0.6162,0.0371
RNG(-0.2),3.31,3,0.6165,0.0373
RNG(-0.2),3.32,3,0.6165,0.0373
RNG(-0.2),3.33,3,0.6168,0.0359
RNG(-0.2),3.34,2,0.6152,0.1804
RNG(-0.2),3.35,3,0.6168,0.0359
RNG(-0.2),3.36,3,0.6168,0.0359
RNG(-0.2),3.37,3,0.6171,0.0369
RNG(-0.2),3.38,3,0.6171,0.0369
RNG(-0.2),3.39,3,0.6174,0.0356
RNG(-0.2),3.4,3,0.6174,0.0356
RNG(-0.2),3.41,3,0.6174,0.0356
RNG(-0.2),3.42,3,0.6174,0.0356
RNG(-0.2),3.44,2,0.6161,0.1798
RNG(-0.2),3.45,3,0.6181,0.0345
RNG(-0.2),3.46,3,0.6188,0.0358
RNG(-0.2),3.47,3,0.6188,0.0358
RNG(-0.2),3.48,3,0.6188,0.0358
RNG(-0.2),3.49,3,0.6188,0.0358
RNG(-0.2),3.5,3,0.6188,0.0358
RNG(-0.2),3.51,3,0.6188,0.0358
RNG(-0.2),3.52,3,0.6197,0.0319
RNG(-0.2),3.53,3,0.6197,0.0319
RNG(-0.2),3.54,2,0.6139,0.1023
RNG(-0.2),3.55,3,0.6201,0.0331
RNG(-0.2),3.56,3,0.6201,0.0331
RNG(-0.2),3.57,1,0.6059,0.0
RNG(-0.2),3.58,3,0.6201,0.0331
RNG(-0.2),3.59,3,0.6201,0.0331
RNG(-0.2),3.6,3,0.6201,0.0331
RNG(-0.2),3.61,3,0.6201,0.0331
RNG(-0.2),3.62,3,0.6201,0.0331
RNG(-0.2),3.63,3,0.6201,0.0331
RNG(-0.2),3.64,3,0.6202,0.0336
RNG(-0.2),3.65,3,0.6221,0.0289
RNG(-0.2),3.66,3,0.6221,0.0289
RNG(-0.2),3.69,3,0.6221,0.0289
RNG(-0.2),3.7,2,0.6168,0.0902
RNG(-0.2),3.72,3,0.6221,0.0289
RNG(-0.2),3.74,2,0.6168,0.0902
RNG(-0.2),3.75,3,0.6221,0.0289
RNG(-0.2),3.76,3,0.6221,0.0289
RNG(-0.2),3.77,3,0.6221,0.0289
RNG(-0.2),3.78,3,0.6221,0.0289
RNG(-0.2),3.79,3,0.6221,0.0289
RNG(-0.2),3.8,3,0.6221,0.0289
RNG(-0.2),3.81,3,0.6221,0.0289
RNG(-0.2),3.82,3,0.6222,0.029
RNG(-0.2),3.83,2,0.6169,0.0915
RNG(-0.2),3.84,2,0.6169,0.0915
RNG(-0.2),3.85,2,0.6213,0.1468
RNG(-0.2),3.86,3,0.6222,0.029
RNG(-0.2),3.87,3,0.6222,0.029
RNG(-0.2),3.88,2,0.6213,0.1468
RNG(-0.2),3.89,3,0.6222,0.029
RNG(-0.2),3.9,3,0.6222,0.029
RNG(-0.2),3.91,3,0.6222,0.029
RNG(-0.2),3.92,3,0.6222,0.029
RNG(-0.2),3.93,2,0.6169,0.0915
RNG(-0.2),3.94,3,0.6222,0.029
RNG(-0.2),3.95,3,0.6222,0.029
RNG(-0.2),3.96,3,0.6222,0.029
RNG(-0.2),3.97,2,0.6213,0.1468
RNG(-0.2),3.98,1,0.6097,0.0
RNG(-0.2),3.99,3,0.6222,0.029
RNG(-0.2),4.01,3,0.6222,0.029
RNG(-0.2),4.02,3,0.6222,0.029
RNG(-0.2),4.03,3,0.6222,0.029
RNG(-0.2),4.04,2,0.6213,0.1468
RNG(-0.2),4.05,2,0.6213,0.1468
RNG(-0.2),4.06,2,0.6169,0.0915
RNG(-0.2),4.07,3,0.6222,0.029
RNG(-0.2),4.09,1,0.6097,0.0
RNG(-0.2),4.1,3,0.6222,0.029
RNG(-0.2),4.12,2,0.6213,0.1468
RNG(-0.2),4.13,2,0.6169,0.0915
RNG(-0.2),4.16,3,0.6222,0.029
RNG(-0.2),4.18,1,0.6097,0.0
RNG(-0.2),4.21,2,0.6169,0.0915
RNG(-0.2),4.22,2,0.6169,0.0915
RNG(-0.2),4.23,2,0.6213,0.1468
RNG(-0.2),4.24,2,0.6213,0.1468
RNG(-0.2),4.27,2,0.6213,0.1468
RNG(-0.2),4.28,1,0.6097,0.0
RNG(-0.2),4.29,2,0.6213,0.1468
RNG(-0.2),4.32,2,0.6213,0.1468
RNG(-0.2),4.35,3,0.6222,0.029
RNG(-0.2),4.37,3,0.6222,0.029
RNG(-0.2),4.38,2,0.6213,0.1468
RNG(-0.2),4.49,3,0.6222,0.029
RNG(-0.2),4.57,2,0.6169,0.0915
RNG(-0.2),4.68,2,0.6213,0.1468
RNG(-0.2),4.71,1,0.6097,0.0
RNG(-0.2),4.72,1,0.6097,0.0
RNG(-0.1),0.99,3,0.5668,0.0321
RNG(-0.1),1.0,3,0.5668,0.0321
RNG(-0.1),1.01,3,0.5668,0.0321
RNG(-0.1),1.03,2,0.5619,0.1226
RNG(-0.1),1.04,3,0.5674,0.0324
RNG(-0.1),1.05,3,0.5676,0.0327
RNG(-0.1),1.06,3,0.5681,0.0336
RNG(-0.1),1.07,3,0.5689,0.0334
RNG(-0.1),1.08,3,0.5695,0.0328
RNG(-0.1),1.09,3,0.5701,0.0339
RNG(-0.1),1.1,3,0.571,0.0338
RNG(-0.1),1.11,3,0.5712,0.0343
RNG(-0.1),1.12,3,0.5721,0.0318
RNG(-0.1),1.13,3,0.5729,0.0317
RNG(-0.1),1.14,3,0.5737,0.0305
RNG(-0.1),1.15,3,0.5748,0.0315
RNG(-0.1),1.16,3,0.5758,0.031
RNG(-0.1),1.17,3,0.5765,0.0315
RNG(-0.1),1.18,3,0.5776,0.0301
RNG(-0.1),1.19,3,0.5781,0.0301
RNG(-0.1),1.2,3,0.5783,0.0302
RNG(-0.1),1.21,3,0.5791,0.0318
RNG(-0.1),1.22,3,0.5792,0.0322
RNG(-0.1),1.23,3,0.5801,0.0329
RNG(-0.1),1.24,3,0.5803,0.0326
RNG(-0.1),1.25,3,0.5807,0.0333
RNG(-0.1),1.26,3,0.581,0.0329
RNG(-0.1),1.27,3,0.5812,0.0333
RNG(-0.1),1.28,3,0.5816,0.0342
RNG(-0.1),1.29,3,0.5818,0.0335
RNG(-0.1),1.3,3,0.5818,0.0335
RNG(-0.1),1.31,3,0.5818,0.0323
RNG(-0.1),1.32,3,0.5817,0.0328
RNG(-0.1),1.33,3,0.5823,0.0324
RNG(-0.1),1.34,3,0.5825,0.0309
RNG(-0.1),1.35,3,0.5827,0.0312
RNG(-0.1),1.36,3,0.5832,0.0323
RNG(-0.1),1.37,3,0.5836,0.0331
RNG(-0.1),1.38,3,0.5839,0.0339
RNG(-0.1),1.39,3,0.584,0.034
RNG(-0.1),1.4,3,0.5844,0.0335
RNG(-0.1),1.41,3,0.5847,0.0342
RNG(-0.1),1.42,3,0.585,0.0349
RNG(-0.1),1.43,3,0.5848,0.0346
RNG(-0.1),1.44,3,0.585,0.0349
RNG(-0.1),1.45,3,0.5851,0.0351
RNG(-0.1),1.46,3,0.5859,0.0357
RNG(-0.1),1.48,3,0.586,0.035
RNG(-0.1),1.49,3,0.5864,0.0357
RNG(-0.1),1.5,3,0.5867,0.0363
RNG(-0.1),1.51,3,0.5868,0.037
RNG(-0.1),1.52,3,0.587,0.0374
RNG(-0.1),1.53,3,0.5876,0.0369
RNG(-0.1),1.54,3,0.5878,0.0373
RNG(-0.1),1.55,3,0.5878,0.0373
RNG(-0.1),1.56,2,0.5822,0.1468
RNG(-0.1),1.57,2,0.5852,0.1798
RNG(-0.1),1.58,3,0.5882,0.0369
RNG(-0.1),1.59,3,0.5884,0.0374
RNG(-0.1),1.6,3,0.5886,0.0363
RNG(-0.1),1.61,2,0.5862,0.1728
RNG(-0.1),1.62,3,0.589,0.0361
RNG(-0.1),1.63,3,0.5891,0.0364
RNG(-0.1),1.64,3,0.5892,0.0354
RNG(-0.1),1.65,3,0.5892,0.0354
RNG(-0.1),1.66,2,0.5874,0.1804
RNG(-0.1),1.67,3,0.5897,0.0363
RNG(-0.1),1.68,3,0.5895,0.0361
RNG(-0.1),1.69,3,0.5896,0.0362
RNG(-0.1),1.7,3,0.5897,0.0366
RNG(-0.1),1.71,3,0.5897,0.0366
RNG(-0.1),1.74,3,0.5894,0.0371
RNG(-0.1),1.75,3,0.589,0.0385
RNG(-0.1),1.76,3,0.5893,0.0385
RNG(-0.1),1.77,3,0.5892,0.0384
RNG(-0.1),1.79,3,0.5894,0.039
RNG(-0.1),1.81,3,0.5896,0.0396
RNG(-0.1),1.83,3,0.5892,0.0401
RNG(-0.1),1.84,3,0.5893,0.0405
RNG(-0.1),1.88,3,0.589,0.0394
RNG(-0.1),1.89,3,0.589,0.0394
RNG(-0.1),1.9,3,0.5889,0.0399
RNG(-0.1),1.91,3,0.5891,0.0399
RNG(-0.1),1.93,3,0.5894,0.0404
RNG(-0.1),1.94,2,0.582,0.1163
RNG(-0.1),1.95,2,0.5819,0.1182
RNG(-0.1),1.97,3,0.5898,0.0405
RNG(-0.1),1.98,3,0.5898,0.0405
RNG(-0.1),1.99,2,0.5823,0.1163
RNG(-0.1),2.01,1,0.5731,0.0
RNG(-0.1),2.02,3,0.5903,0.0399
RNG(-0.1),2.03,3,0.5904,0.0395
RNG(-0.1),2.04,3,0.5907,0.0393
RNG(-0.1),2.05,2,0.5834,0.1137
RNG(-0.1),2.06,3,0.5908,0.0389
RNG(-0.1),2.08,3,0.5911,0.0391
RNG(-0.1),2.09,3,0.5913,0.0398
RNG(-0.1),2.1,3,0.5914,0.0398
RNG(-0.1),2.11,3,0.5912,0.0398
RNG(-0.1),2.12,3,0.5906,0.041
RNG(-0.1),2.13,3,0.5904,0.0416
RNG(-0.1),2.14,3,0.5904,0.0416
RNG(-0.1),2.15,2,0.5822,0.1118
RNG(-0.1),2.16,3,0.5894,0.0432
RNG(-0.1),2.17,3,0.5894,0.0432
RNG(-0.1),2.18,3,0.5893,0.0436
RNG(-0.1),2.19,2,0.5897,0.223
RNG(-0.1),2.2,3,0.5893,0.0437
RNG(-0.1),2.21,3,0.5893,0.0437
RNG(-0.1),2.22,3,0.5893,0.0437
RNG(-0.1),2.23,3,0.5893,0.0437
RNG(-0.1),2.24,3,0.5895,0.0441
RNG(-0.1),2.25,3,0.5889,0.044
RNG(-0.1),2.26,3,0.5886,0.044
RNG(-0.1),2.27,3,0.5887,0.044
RNG(-0.1),2.28,2,0.5796,0.1086
RNG(-0.1),2.29,3,0.5885,0.044
RNG(-0.1),2.3,3,0.588,0.0446
RNG(-0.1),2.31,3,0.588,0.0446
RNG(-0.1),2.32,2,0.5786,0.1175
RNG(-0.1),2.33,3,0.5877,0.0456
RNG(-0.1),2.34,3,0.5877,0.0456
RNG(-0.1),2.35,3,0.5877,0.0456
RNG(-0.1),2.36,3,0.5877,0.0456
RNG(-0.1),2.37,3,0.5876,0.046
RNG(-0.1),2.38,3,0.5882,0.0436
RNG(-0.1),2.39,3,0.5882,0.0435
RNG(-0.1),2.4,3,0.5882,0.0435
RNG(-0.1),2.41,3,0.5881,0.0435
RNG(-0.1),2.42,3,0.588,0.0438
RNG(-0.1),2.43,2,0.5885,0.2236
RNG(-0.1),2.44,3,0.5881,0.0427
RNG(-0.1),2.45,3,0.5881,0.0427
RNG(-0.1),2.46,3,0.588,0.0429
RNG(-0.1),2.48,3,0.5878,0.0437
RNG(-0.1),2.49,3,0.5895,0.0384
RNG(-0.1),2.5,1,0.5766,0.0
RNG(-0.1),2.51,3,0.5895,0.0384
RNG(-0.1),2.52,3,0.5896,0.0391
RNG(-0.1),2.53,3,0.5895,0.0384
RNG(-0.1),2.54,3,0.5893,0.0377
RNG(-0.1),2.55,3,0.589,0.0372
RNG(-0.1),2.56,3,0.5888,0.0373
RNG(-0.1),2.57,3,0.5885,0.0383
RNG(-0.1),2.58,3,0.5885,0.0383
RNG(-0.1),2.59,2,0.579,0.0724
RNG(-0.1),2.61,3,0.5882,0.0405
RNG(-0.1),2.62,3,0.5877,0.0416
RNG(-0.1),2.63,3,0.5874,0.0418
RNG(-0.1),2.64,3,0.5874,0.0426
RNG(-0.1),2.65,3,0.5872,0.0423
RNG(-0.1),2.66,2,0.5775,0.0743
RNG(-0.1),2.67,3,0.5877,0.0436
RNG(-0.1),2.69,3,0.5878,0.0436
RNG(-0.1),2.7,3,0.5875,0.0439
RNG(-0.1),2.71,3,0.5875,0.0437
RNG(-0.1),2.72,3,0.5869,0.0452
RNG(-0.1),2.73,3,0.5869,0.0454
RNG(-0.1),2.74,3,0.5859,0.0486
RNG(-0.1),2.75,3,0.5859,0.0489
RNG(-0.1),2.76,3,0.5859,0.0489
RNG(-0.1),2.77,3,0.5858,0.0498
RNG(-0.1),2.78,3,0.5857,0.0491
RNG(-0.1),2.79,3,0.5857,0.0469
RNG(-0.1),2.8,3,0.586,0.0459
RNG(-0.1),2.81,3,0.5862,0.0456
RNG(-0.1),2.82,3,0.586,0.0457
RNG(-0.1),2.83,3,0.586,0.0457
RNG(-0.1),2.84,3,0.5855,0.0465
RNG(-0.1),2.85,3,0.5853,0.0471
RNG(-0.1),2.86,3,0.5842,0.0456
RNG(-0.1),2.87,2,0.5865,0.2198
RNG(-0.1),2.88,3,0.5844,0.0424
RNG(-0.1),2.89,3,0.5844,0.0424
RNG(-0.1),2.91,3,0.5841,0.0429
RNG(-0.1),2.92,3,0.5844,0.044
RNG(-0.1),2.93,3,0.5843,0.0443
RNG(-0.1),2.94,3,0.5843,0.0443
RNG(-0.1),2.95,3,0.5844,0.0442
RNG(-0.1),2.96,3,0.5844,0.0442
RNG(-0.1),2.97,3,0.5844,0.0442
RNG(-0.1),2.98,3,0.5844,0.0442
RNG(-0.1),2.99,3,0.5832,0.0454
RNG(-0.1),3.0,3,0.5832,0.0454
RNG(-0.1),3.01,3,0.5832,0.0454
RNG(-0.1),3.02,3,0.5832,0.0454
RNG(-0.1),3.03,3,0.5836,0.0443
RNG(-0.1),3.04,3,0.5843,0.043
RNG(-0.1),3.05,3,0.5843,0.0438
RNG(-0.1),3.06,3,0.5847,0.0452
RNG(-0.1),3.07,3,0.5843,0.045
RNG(-0.1),3.08,2,0.5861,0.2217
RNG(-0.1),3.09,3,0.5852,0.047
RNG(-0.1),3.1,3,0.5855,0.0462
RNG(-0.1),3.11,3,0.5854,0.0465
RNG(-0.1),3.12,3,0.586,0.0494
RNG(-0.1),3.13,3,0.5861,0.0499
RNG(-0.1),3.14,3,0.5861,0.0499
RNG(-0.1),3.15,3,0.5863,0.0486
RNG(-0.1),3.16,3,0.5868,0.0486
RNG(-0.1),3.17,3,0.5871,0.0476
RNG(-0.1),3.18,3,0.5868,0.0462
RNG(-0.1),3.19,3,0.5867,0.0454
RNG(-0.1),3.2,3,0.5883,0.05
RNG(-0.1),3.21,3,0.5883,0.05
RNG(-0.1),3.22,3,0.5883,0.05
RNG(-0.1),3.23,3,0.5883,0.05
RNG(-0.1),3.24,3,0.5881,0.0502
RNG(-0.1),3.25,3,0.5891,0.0507
RNG(-0.1),3.26,3,0.5886,0.0522
RNG(-0.1),3.27,3,0.5889,0.0535
RNG(-0.1),3.28,2,0.5926,0.2617
RNG(-0.1),3.29,3,0.5889,0.0535
RNG(-0.1),3.3,3,0.5888,0.0538
RNG(-0.1),3.31,3,0.5882,0.0529
RNG(-0.1),3.32,3,0.5882,0.0529
RNG(-0.1),3.33,3,0.5882,0.0529
RNG(-0.1),3.34,2,0.5919,0.2573
RNG(-0.1),3.35,3,0.5882,0.0529
RNG(-0.1),3.36,3,0.588,0.0522
RNG(-0.1),3.37,3,0.5877,0.0526
RNG(-0.1),3.38,3,0.5877,0.0526
RNG(-0.1),3.39,3,0.5877,0.0526
RNG(-0.1),3.4,3,0.5877,0.0526
RNG(-0.1),3.41,3,0.5872,0.0514
RNG(-0.1),3.42,3,0.5866,0.0511
RNG(-0.1),3.44,2,0.5902,0.2484
RNG(-0.1),3.45,3,0.5864,0.0513
RNG(-0.1),3.46,3,0.5866,0.0529
RNG(-0.1),3.47,3,0.5864,0.0533
RNG(-0.1),3.48,3,0.5866,0.0531
RNG(-0.1),3.49,3,0.5866,0.0531
RNG(-0.1),3.5,3,0.5866,0.0531
RNG(-0.1),3.51,3,0.5861,0.0542
RNG(-0.1),3.52,3,0.5858,0.0529
RNG(-0.1),3.53,3,0.5853,0.052
RNG(-0.1),3.54,2,0.5726,0.0775
RNG(-0.1),3.55,3,0.584,0.0549
RNG(-0.1),3.56,3,0.583,0.0573
RNG(-0.1),3.57,1,0.5631,0.0
RNG(-0.1),3.58,3,0.583,0.0573
RNG(-0.1),3.59,3,0.5826,0.0582
RNG(-0.1),3.6,3,0.5822,0.0563
RNG(-0.1),3.61,3,0.5822,0.0563
RNG(-0.1),3.62,3,0.5822,0.0563
RNG(-0.1),3.63,3,0.5822,0.0563
RNG(-0.1),3.64,3,0.5822,0.0563
RNG(-0.1),3.65,3,0.5822,0.0563
RNG(-0.1),3.66,3,0.5822,0.0563
RNG(-0.1),3.69,3,0.582,0.0564
RNG(-0.1),3.7,2,0.5696,0.0915
RNG(-0.1),3.72,3,0.582,0.0564
RNG(-0.1),3.74,2,0.5696,0.0915
RNG(-0.1),3.75,3,0.5817,0.055
RNG(-0.1),3.76,3,0.5817,0.055
RNG(-0.1),3.77,3,0.5817,0.055
RNG(-0.1),3.78,3,0.5825,0.0537
RNG(-0.1),3.79,3,0.5822,0.0548
RNG(-0.1),3.8,3,0.5822,0.0548
RNG(-0.1),3.81,3,0.5822,0.0548
RNG(-0.1),3.82,3,0.5823,0.0548
RNG(-0.1),3.83,2,0.5707,0.1169
RNG(-0.1),3.84,2,0.5707,0.1169
RNG(-0.1),3.85,2,0.5835,0.2789
RNG(-0.1),3.86,3,0.5823,0.0548
RNG(-0.1),3.87,3,0.5819,0.0549
RNG(-0.1),3.88,2,0.5835,0.2789
RNG(-0.1),3.89,3,0.5819,0.0549
RNG(-0.1),3.9,3,0.5819,0.0549
RNG(-0.1),3.91,3,0.5819,0.0549
RNG(-0.1),3.92,3,0.5818,0.055
RNG(-0.1),3.93,2,0.5699,0.1074
RNG(-0.1),3.94,3,0.5804,0.0572
RNG(-0.1),3.95,3,0.5804,0.0572
RNG(-0.1),3.96,3,0.5804,0.0572
RNG(-0.1),3.97,2,0.5815,0.2916
RNG(-0.1),3.98,1,0.5585,0.0
RNG(-0.1),3.99,3,0.5804,0.0572
RNG(-0.1),4.01,3,0.5804,0.0572
RNG(-0.1),4.02,3,0.5804,0.0572
RNG(-0.1),4.03,3,0.5804,0.0572
RNG(-0.1),4.04,2,0.5815,0.2916
RNG(-0.1),4.05,2,0.5815,0.2916
RNG(-0.1),4.06,2,0.5685,0.1264
RNG(-0.1),4.07,3,0.5804,0.0572
RNG(-0.1),4.09,1,0.5585,0.0
RNG(-0.1),4.1,3,0.5804,0.0572
RNG(-0.1),4.12,2,0.5815,0.2916
RNG(-0.1),4.13,2,0.5685,0.1264
RNG(-0.1),4.16,3,0.5804,0.0572
RNG(-0.1),4.18,1,0.5585,0.0
RNG(-0.1),4.21,2,0.5685,0.1264
RNG(-0.1),4.22,2,0.5685,0.1264
RNG(-0.1),4.23,2,0.5815,0.2916
RNG(-0.1),4.24,2,0.5815,0.2916
RNG(-0.1),4.27,2,0.5815,0.2916
RNG(-0.1),4.28,1,0.5585,0.0
RNG(-0.1),4.29,2,0.5815,0.2916
RNG(-0.1),4.32,2,0.5815,0.2916
RNG(-0.1),4.35,3,0.5803,0.0572
RNG(-0.1),4.37,3,0.5803,0.0572
RNG(-0.1),4.38,2,0.5815,0.2916
RNG(-0.1),4.49,3,0.5803,0.0572
RNG(-0.1),4.57,2,0.5682,0.1233
RNG(-0.1),4.68,2,0.5815,0.2916
RNG(-0.1),4.71,1,0.5585,0.0
RNG(-0.1),4.72,1,0.5585,0.0
RNG(-0.05),0.99,3,0.5668,0.0321
RNG(-0.05),1.0,3,0.5668,0.0321
RNG(-0.05),1.01,3,0.5668,0.0321
RNG(-0.05),1.03,2,0.5617,0.1194
RNG(-0.05),1.04,3,0.5671,0.0319
RNG(-0.05),1.05,3,0.5671,0.0319
RNG(-0.05),1.06,3,0.5674,0.0326
RNG(-0.05),1.07,3,0.568,0.0329
RNG(-0.05),1.08,3,0.5683,0.0324
RNG(-0.05),1.09,3,0.569,0.0339
RNG(-0.05),1.1,3,0.5695,0.0344
RNG(-0.05),1.11,3,0.5699,0.0354
RNG(-0.05),1.12,3,0.5702,0.034
RNG(-0.05),1.13,3,0.571,0.0338
RNG(-0.05),1.14,3,0.5712,0.0328
RNG(-0.05),1.15,3,0.5718,0.033
RNG(-0.05),1.16,3,0.5723,0.0338
RNG(-0.05),1.17,3,0.5729,0.034
RNG(-0.05),1.18,3,0.5735,0.0336
RNG(-0.05),1.19,3,0.5738,0.0333
RNG(-0.05),1.2,3,0.5739,0.0331
RNG(-0.05),1.21,3,0.5741,0.0338
RNG(-0.05),1.22,3,0.5741,0.0338
RNG(-0.05),1.23,3,0.5749,0.0348
RNG(-0.05),1.24,3,0.5751,0.0353
RNG(-0.05),1.25,3,0.5751,0.0353
RNG(-0.05),1.26,3,0.5752,0.0357
RNG(-0.05),1.27,3,0.5754,0.0363
RNG(-0.05),1.28,3,0.5753,0.0367
RNG(-0.05),1.29,3,0.5755,0.036
RNG(-0.05),1.3,3,0.5756,0.0365
RNG(-0.05),1.31,3,0.5757,0.0363
RNG(-0.05),1.32,3,0.5756,0.0367
RNG(-0.05),1.33,3,0.576,0.0355
RNG(-0.05),1.34,3,0.5762,0.0337
RNG(-0.05),1.35,3,0.5763,0.0339
RNG(-0.05),1.36,3,0.5768,0.0355
RNG(-0.05),1.37,3,0.5772,0.0358
RNG(-0.05),1.38,3,0.5773,0.0358
RNG(-0.05),1.39,3,0.5774,0.0359
RNG(-0.05),1.4,3,0.5775,0.0361
RNG(-0.05),1.41,3,0.5777,0.0366
RNG(-0.05),1.42,3,0.5779,0.0368
RNG(-0.05),1.43,3,0.5779,0.0368
RNG(-0.05),1.44,3,0.578,0.0369
RNG(-0.05),1.45,3,0.5781,0.0371
RNG(-0.05),1.46,3,0.5782,0.0381
RNG(-0.05),1.48,3,0.5784,0.0374
RNG(-0.05),1.49,3,0.5786,0.0378
RNG(-0.05),1.5,3,0.5786,0.038
RNG(-0.05),1.51,3,0.5786,0.0389
RNG(-0.05),1.52,3,0.5788,0.0391
RNG(-0.05),1.53,3,0.5791,0.0386
RNG(-0.05),1.54,3,0.5791,0.0386
RNG(-0.05),1.55,3,0.5791,0.0386
RNG(-0.05),1.56,2,0.5762,0.1874
RNG(-0.05),1.57,2,0.5732,0.148
RNG(-0.05),1.58,3,0.5791,0.0384
RNG(-0.05),1.59,3,0.5792,0.0391
RNG(-0.05),1.6,3,0.5793,0.0386
RNG(-0.05),1.61,2,0.5735,0.1506
RNG(-0.05),1.62,3,0.5794,0.0389
RNG(-0.05),1.63,3,0.5794,0.0389
RNG(-0.05),1.64,3,0.5796,0.038
RNG(-0.05),1.65,3,0.5794,0.0392
RNG(-0.05),1.66,2,0.574,0.1607
RNG(-0.05),1.67,3,0.5796,0.0413
RNG(-0.05),1.68,3,0.5794,0.0409
RNG(-0.05),1.69,3,0.5795,0.041
RNG(-0.05),1.7,3,0.5796,0.0412
RNG(-0.05),1.71,3,0.5794,0.0419
RNG(-0.05),1.74,3,0.5792,0.0414
RNG(-0.05),1.75,3,0.5791,0.0411
RNG(-0.05),1.76,3,0.5793,0.0415
RNG(-0.05),1.77,3,0.579,0.0407
RNG(-0.05),1.79,3,0.5791,0.0409
RNG(-0.05),1.81,3,0.579,0.0414
RNG(-0.05),1.83,3,0.5786,0.0413
RNG(-0.05),1.84,3,0.5786,0.0413
RNG(-0.05),1.88,3,0.5781,0.0404
RNG(-0.05),1.89,3,0.5781,0.0404
RNG(-0.05),1.9,3,0.578,0.04
RNG(-0.05),1.91,3,0.5777,0.0394
RNG(-0.05),1.93,3,0.5779,0.0399
RNG(-0.05),1.94,2,0.5729,0.1785
RNG(-0.05),1.95,2,0.5729,0.1785
RNG(-0.05),1.97,3,0.5778,0.0406
RNG(-0.05),1.98,3,0.5778,0.0406
RNG(-0.05),1.99,2,0.5729,0.1785
RNG(-0.05),2.01,1,0.5589,0.0
RNG(-0.05),2.02,3,0.5778,0.0407
RNG(-0.05),2.03,3,0.5779,0.0402
RNG(-0.05),2.04,3,0.578,0.0399
RNG(-0.05),2.05,2,0.5732,0.176
RNG(-0.05),2.06,3,0.5779,0.0401
RNG(-0.05),2.08,3,0.578,0.0399
RNG(-0.05),2.09,3,0.5781,0.0402
RNG(-0.05),2.1,3,0.5781,0.0403
RNG(-0.05),2.11,3,0.5782,0.0397
RNG(-0.05),2.12,3,0.5777,0.04
RNG(-0.05),2.13,3,0.5775,0.0406
RNG(-0.05),2.14,3,0.5774,0.0405
RNG(-0.05),2.15,2,0.5723,0.1747
RNG(-0.05),2.16,3,0.576,0.0423
RNG(-0.05),2.17,3,0.576,0.0423
RNG(-0.05),2.18,3,0.5759,0.0421
RNG(-0.05),2.19,2,0.5719,0.1976
RNG(-0.05),2.2,3,0.5758,0.0423
RNG(-0.05),2.21,3,0.5758,0.0423
RNG(-0.05),2.22,3,0.5752,0.0451
RNG(-0.05),2.23,3,0.5752,0.0451
RNG(-0.05),2.24,3,0.575,0.0454
RNG(-0.05),2.25,3,0.5747,0.0468
RNG(-0.05),2.26,3,0.5741,0.0468
RNG(-0.05),2.27,3,0.5739,0.0466
RNG(-0.05),2.28,2,0.5669,0.1861
RNG(-0.05),2.29,3,0.5735,0.0466
RNG(-0.05),2.3,3,0.573,0.0477
RNG(-0.05),2.31,3,0.5726,0.0471
RNG(-0.05),2.32,2,0.5659,0.1893
RNG(-0.05),2.33,3,0.5726,0.0469
RNG(-0.05),2.34,3,0.5726,0.0469
RNG(-0.05),2.35,3,0.5724,0.0466
RNG(-0.05),2.36,3,0.5721,0.0461
RNG(-0.05),2.37,3,0.5719,0.0464
RNG(-0.05),2.38,3,0.5726,0.0437
RNG(-0.05),2.39,3,0.5724,0.0433
RNG(-0.05),2.4,3,0.5724,0.0433
RNG(-0.05),2.41,3,0.5718,0.0424
RNG(-0.05),2.42,3,0.5715,0.0418
RNG(-0.05),2.43,2,0.5682,0.2008
RNG(-0.05),2.44,3,0.5715,0.0402
RNG(-0.05),2.45,3,0.5715,0.0402
RNG(-0.05),2.46,3,0.5714,0.0407
RNG(-0.05),2.48,3,0.5709,0.04
RNG(-0.05),2.49,3,0.5724,0.0333
RNG(-0.05),2.5,1,0.5577,0.0
RNG(-0.05),2.51,3,0.5724,0.0333
RNG(-0.05),2.52,3,0.5724,0.0333
RNG(-0.05),2.53,3,0.5721,0.0323
RNG(-0.05),2.54,3,0.5718,0.0323
RNG(-0.05),2.55,3,0.5716,0.0321
RNG(-0.05),2.56,3,0.5715,0.0327
RNG(-0.05),2.57,3,0.5708,0.0336
RNG(-0.05),2.58,3,0.5704,0.0325
RNG(-0.05),2.59,2,0.5649,0.1131
RNG(-0.05),2.61,3,0.5705,0.0328
RNG(-0.05),2.62,3,0.57,0.034
RNG(-0.05),2.63,3,0.5697,0.0338
RNG(-0.05),2.64,3,0.5695,0.0336
RNG(-0.05),2.65,3,0.5693,0.0332
RNG(-0.05),2.66,2,0.5629,0.1086
RNG(-0.05),2.67,3,0.5696,0.0347
RNG(-0.05),2.69,3,0.5695,0.0336
RNG(-0.05),2.7,3,0.5692,0.0336
RNG(-0.05),2.71,3,0.5689,0.0333
RNG(-0.05),2.72,3,0.5685,0.0349
RNG(-0.05),2.73,3,0.5684,0.0352
RNG(-0.05),2.74,3,0.5673,0.0395
RNG(-0.05),2.75,3,0.567,0.0398
RNG(-0.05),2.76,3,0.5668,0.0398
RNG(-0.05),2.77,3,0.5667,0.0404
RNG(-0.05),2.78,3,0.5665,0.0398
RNG(-0.05),2.79,3,0.5665,0.0373
RNG(-0.05),2.8,3,0.5665,0.0373
RNG(-0.05),2.81,3,0.5666,0.037
RNG(-0.05),2.82,3,0.5665,0.037
RNG(-0.05),2.83,3,0.5665,0.037
RNG(-0.05),2.84,3,0.566,0.0376
RNG(-0.05),2.85,3,0.566,0.0376
RNG(-0.05),2.86,3,0.5649,0.0365
RNG(-0.05),2.87,2,0.5648,0.1773
RNG(-0.05),2.88,3,0.5647,0.0339
RNG(-0.05),2.89,3,0.5651,0.0327
RNG(-0.05),2.91,3,0.5649,0.0327
RNG(-0.05),2.92,3,0.5648,0.0337
RNG(-0.05),2.93,3,0.5652,0.0333
RNG(-0.05),2.94,3,0.5655,0.0323
RNG(-0.05),2.95,3,0.5651,0.0327
RNG(-0.05),2.96,3,0.5651,0.0327
RNG(-0.05),2.97,3,0.565,0.0327
RNG(-0.05),2.98,3,0.565,0.0327
RNG(-0.05),2.99,3,0.5647,0.0314
RNG(-0.05),3.0,3,0.5647,0.0314
RNG(-0.05),3.01,3,0.5647,0.0314
RNG(-0.05),3.02,3,0.5643,0.0315
RNG(-0.05),3.03,3,0.5645,0.031
RNG(-0.05),3.04,3,0.5653,0.0297
RNG(-0.05),3.05,3,0.5653,0.0304
RNG(-0.05),3.06,3,0.5656,0.0317
RNG(-0.05),3.07,3,0.5653,0.0318
RNG(-0.05),3.08,2,0.5663,0.1652
RNG(-0.05),3.09,3,0.5672,0.0355
RNG(-0.05),3.1,3,0.5676,0.0345
RNG(-0.05),3.11,3,0.5676,0.0345
RNG(-0.05),3.12,3,0.5674,0.0394
RNG(-0.05),3.13,3,0.5668,0.0407
RNG(-0.05),3.14,3,0.5663,0.0418
RNG(-0.05),3.15,3,0.566,0.0395
RNG(-0.05),3.16,3,0.5661,0.0399
RNG(-0.05),3.17,3,0.5661,0.0396
RNG(-0.05),3.18,3,0.5655,0.0391
RNG(-0.05),3.19,3,0.5653,0.0384
RNG(-0.05),3.2,3,0.567,0.0431
RNG(-0.05),3.21,3,0.567,0.0431
RNG(-0.05),3.22,3,0.567,0.0431
RNG(-0.05),3.23,3,0.5671,0.0428
RNG(-0.05),3.24,3,0.567,0.043
RNG(-0.05),3.25,3,0.5679,0.0432
RNG(-0.05),3.26,3,0.5674,0.0445
RNG(-0.05),3.27,3,0.5674,0.0445
RNG(-0.05),3.28,2,0.571,0.2135
RNG(-0.05),3.29,3,0.5674,0.0445
RNG(-0.05),3.3,3,0.5674,0.0445
RNG(-0.05),3.31,3,0.5668,0.0437
RNG(-0.05),3.32,3,0.5665,0.0442
RNG(-0.05),3.33,3,0.5662,0.0428
RNG(-0.05),3.34,2,0.57,0.2014
RNG(-0.05),3.35,3,0.5662,0.0428
RNG(-0.05),3.36,3,0.566,0.0421
RNG(-0.05),3.37,3,0.5657,0.0406
RNG(-0.05),3.38,3,0.565,0.0402
RNG(-0.05),3.39,3,0.565,0.0402
RNG(-0.05),3.4,3,0.565,0.0402
RNG(-0.05),3.41,3,0.5648,0.0386
RNG(-0.05),3.42,3,0.5642,0.0382
RNG(-0.05),3.44,2,0.5669,0.1861
RNG(-0.05),3.45,3,0.5643,0.038
RNG(-0.05),3.46,3,0.5643,0.038
RNG(-0.05),3.47,3,0.5642,0.0384
RNG(-0.05),3.48,3,0.5643,0.0378
RNG(-0.05),3.49,3,0.5643,0.0378
RNG(-0.05),3.5,3,0.5642,0.0373
RNG(-0.05),3.51,3,0.5637,0.0385
RNG(-0.05),3.52,3,0.5633,0.0372
RNG(-0.05),3.53,3,0.5625,0.0351
RNG(-0.05),3.54,2,0.5538,0.0692
RNG(-0.05),3.55,3,0.5616,0.0371
RNG(-0.05),3.56,3,0.5609,0.0384
RNG(-0.05),3.57,1,0.5469,0.0
RNG(-0.05),3.58,3,0.5609,0.0384
RNG(-0.05),3.59,3,0.5605,0.0393
RNG(-0.05),3.6,3,0.56,0.0373
RNG(-0.05),3.61,3,0.56,0.0373
RNG(-0.05),3.62,3,0.56,0.0373
RNG(-0.05),3.63,3,0.56,0.0373
RNG(-0.05),3.64,3,0.56,0.0373
RNG(-0.05),3.65,3,0.56,0.0373
RNG(-0.05),3.66,3,0.56,0.0373
RNG(-0.05),3.69,3,0.5599,0.0374
RNG(-0.05),3.7,2,0.552,0.0743
RNG(-0.05),3.72,3,0.56,0.0373
RNG(-0.05),3.74,2,0.552,0.0743
RNG(-0.05),3.75,3,0.5597,0.0361
RNG(-0.05),3.76,3,0.5597,0.0361
RNG(-0.05),3.77,3,0.5597,0.0361
RNG(-0.05),3.78,3,0.5605,0.0353
RNG(-0.05),3.79,3,0.5599,0.0353
RNG(-0.05),3.8,3,0.5599,0.0353
RNG(-0.05),3.81,3,0.5599,0.0353
RNG(-0.05),3.82,3,0.5599,0.0353
RNG(-0.05),3.83,2,0.553,0.0991
RNG(-0.05),3.84,2,0.553,0.0991
RNG(-0.05),3.85,2,0.5594,0.1804
RNG(-0.05),3.86,3,0.5599,0.0353
RNG(-0.05),3.87,3,0.5599,0.0353
RNG(-0.05),3.88,2,0.5594,0.1804
RNG(-0.05),3.89,3,0.5599,0.0353
RNG(-0.05),3.9,3,0.5599,0.0353
RNG(-0.05),3.91,3,0.5599,0.0353
RNG(-0.05),3.92,3,0.5597,0.0353
RNG(-0.05),3.93,2,0.5528,0.0959
RNG(-0.05),3.94,3,0.5584,0.038
RNG(-0.05),3.95,3,0.5584,0.038
RNG(-0.05),3.96,3,0.5584,0.038
RNG(-0.05),3.97,2,0.5575,0.1931
RNG(-0.05),3.98,1,0.5423,0.0
RNG(-0.05),3.99,3,0.5584,0.038
RNG(-0.05),4.01,3,0.5584,0.038
RNG(-0.05),4.02,3,0.5584,0.038
RNG(-0.05),4.03,3,0.5584,0.0379
RNG(-0.05),4.04,2,0.557,0.1868
RNG(-0.05),4.05,2,0.557,0.1868
RNG(-0.05),4.06,2,0.5497,0.1074
RNG(-0.05),4.07,3,0.5571,0.0378
RNG(-0.05),4.09,1,0.5413,0.0
RNG(-0.05),4.1,3,0.5571,0.0378
RNG(-0.05),4.12,2,0.5565,0.1931
RNG(-0.05),4.13,2,0.5497,0.1074
RNG(-0.05),4.16,3,0.5571,0.0378
RNG(-0.05),4.18,1,0.5413,0.0
RNG(-0.05),4.21,2,0.5497,0.1074
RNG(-0.05),4.22,2,0.5497,0.1074
RNG(-0.05),4.23,2,0.5565,0.1931
RNG(-0.05),4.24,2,0.5565,0.1931
RNG(-0.05),4.27,2,0.5565,0.1931
RNG(-0.05),4.28,1,0.5413,0.0
RNG(-0.05),4.29,2,0.5565,0.1931
RNG(-0.05),4.32,2,0.5565,0.1931
RNG(-0.05),4.35,3,0.5569,0.0378
RNG(-0.05),4.37,3,0.5568,0.0378
RNG(-0.05),4.38,2,0.5565,0.1931
RNG(-0.05),4.49,3,0.5568,0.0378
RNG(-0.05),4.57,2,0.5494,0.1029
RNG(-0.05),4.68,2,0.5565,0.1931
RNG(-0.05),4.71,1,0.5413,0.0
RNG(-0.05),4.72,1,0.5413,0.0
RNG(0),0.99,3,0.5668,0.0321
RNG(0),1.0,3,0.5668,0.0321
RNG(0),1.01,3,0.5668,0.0321
RNG(0),1.03,2,0.5617,0.1194
RNG(0),1.04,3,0.5669,0.0317
RNG(0),1.05,3,0.5669,0.0317
RNG(0),1.06,3,0.5669,0.0317
RNG(0),1.07,3,0.5672,0.0315
RNG(0),1.08,3,0.5673,0.0308
RNG(0),1.09,3,0.5678,0.0316
RNG(0),1.1,3,0.5681,0.0327
RNG(0),1.11,3,0.5683,0.0332
RNG(0),1.12,3,0.5684,0.0327
RNG(0),1.13,3,0.5693,0.0325
RNG(0),1.14,3,0.5694,0.0321
RNG(0),1.15,3,0.5698,0.0323
RNG(0),1.16,3,0.5704,0.0327
RNG(0),1.17,3,0.5711,0.0331
RNG(0),1.18,3,0.5715,0.0329
RNG(0),1.19,3,0.572,0.0329
RNG(0),1.2,3,0.5722,0.0327
RNG(0),1.21,3,0.5725,0.0333
RNG(0),1.22,3,0.5725,0.0333
RNG(0),1.23,3,0.5731,0.0339
RNG(0),1.24,3,0.5731,0.0339
RNG(0),1.25,3,0.5731,0.0339
RNG(0),1.26,3,0.5732,0.0344
RNG(0),1.27,3,0.5732,0.0344
RNG(0),1.28,3,0.5734,0.0339
RNG(0),1.29,3,0.5734,0.0339
RNG(0),1.3,3,0.5734,0.0339
RNG(0),1.31,3,0.5734,0.0336
RNG(0),1.32,3,0.5733,0.034
RNG(0),1.33,3,0.5735,0.0329
RNG(0),1.34,3,0.5737,0.0321
RNG(0),1.35,3,0.5739,0.0323
RNG(0),1.36,3,0.5742,0.0333
RNG(0),1.37,3,0.5744,0.0336
RNG(0),1.38,3,0.5745,0.0337
RNG(0),1.39,3,0.5744,0.0343
RNG(0),1.4,3,0.5744,0.0344
RNG(0),1.41,3,0.5748,0.0351
RNG(0),1.42,3,0.5749,0.0353
RNG(0),1.43,3,0.5749,0.0353
RNG(0),1.44,3,0.575,0.0354
RNG(0),1.45,3,0.5751,0.0355
RNG(0),1.46,3,0.5751,0.0356
RNG(0),1.48,3,0.5754,0.0354
RNG(0),1.49,3,0.5756,0.0357
RNG(0),1.5,3,0.5755,0.0366
RNG(0),1.51,3,0.5755,0.0366
RNG(0),1.52,3,0.5756,0.0368
RNG(0),1.53,3,0.5759,0.0362
RNG(0),1.54,3,0.5759,0.0362
RNG(0),1.55,3,0.5759,0.0362
RNG(0),1.56,2,0.5733,0.176
RNG(0),1.57,2,0.5702,0.1379
RNG(0),1.58,3,0.5758,0.0358
RNG(0),1.59,3,0.5759,0.036
RNG(0),1.6,3,0.5759,0.036
RNG(0),1.61,2,0.5705,0.1398
RNG(0),1.62,3,0.5761,0.0362
RNG(0),1.63,3,0.5761,0.0362
RNG(0),1.64,3,0.5763,0.0354
RNG(0),1.65,3,0.5762,0.0356
RNG(0),1.66,2,0.5715,0.1468
RNG(0),1.67,3,0.5765,0.0364
RNG(0),1.68,3,0.5763,0.036
RNG(0),1.69,3,0.5764,0.0363
RNG(0),1.7,3,0.5764,0.0364
RNG(0),1.71,3,0.5762,0.0371
RNG(0),1.74,3,0.5761,0.0367
RNG(0),1.75,3,0.5759,0.0363
RNG(0),1.76,3,0.5761,0.0367
RNG(0),1.77,3,0.576,0.0363
RNG(0),1.79,3,0.5761,0.0365
RNG(0),1.81,3,0.5759,0.0366
RNG(0),1.83,3,0.5755,0.0367
RNG(0),1.84,3,0.5755,0.0369
RNG(0),1.88,3,0.5754,0.0365
RNG(0),1.89,3,0.5754,0.0365
RNG(0),1.9,3,0.5752,0.0361
RNG(0),1.91,3,0.5751,0.0359
RNG(0),1.93,3,0.5751,0.0359
RNG(0),1.94,2,0.5709,0.1582
RNG(0),1.95,2,0.5709,0.1582
RNG(0),1.97,3,0.575,0.0357
RNG(0),1.98,3,0.5749,0.0355
RNG(0),1.99,2,0.5709,0.1582
RNG(0),2.01,1,0.5584,0.0
RNG(0),2.02,3,0.575,0.0357
RNG(0),2.03,3,0.5751,0.0353
RNG(0),2.04,3,0.5751,0.0349
RNG(0),2.05,2,0.5711,0.1544
RNG(0),2.06,3,0.5751,0.0349
RNG(0),2.08,3,0.5753,0.0349
RNG(0),2.09,3,0.5753,0.0349
RNG(0),2.1,3,0.5754,0.0351
RNG(0),2.11,3,0.5755,0.0346
RNG(0),2.12,3,0.5755,0.0359
RNG(0),2.13,3,0.5753,0.0366
RNG(0),2.14,3,0.5753,0.0366
RNG(0),2.15,2,0.5711,0.1626
RNG(0),2.16,3,0.5743,0.0366
RNG(0),2.17,3,0.5743,0.0366
RNG(0),2.18,3,0.5742,0.0364
RNG(0),2.19,2,0.5704,0.1658
RNG(0),2.2,3,0.5742,0.0358
RNG(0),2.21,3,0.5742,0.0358
RNG(0),2.22,3,0.5742,0.0358
RNG(0),2.23,3,0.5742,0.0358
RNG(0),2.24,3,0.5741,0.0362
RNG(0),2.25,3,0.5738,0.0375
RNG(0),2.26,3,0.5737,0.0383
RNG(0),2.27,3,0.5738,0.0386
RNG(0),2.28,2,0.5688,0.1684
RNG(0),2.29,3,0.5735,0.0385
RNG(0),2.3,3,0.573,0.0394
RNG(0),2.31,3,0.5726,0.0384
RNG(0),2.32,2,0.568,0.169
RNG(0),2.33,3,0.5725,0.0389
RNG(0),2.34,3,0.5725,0.0389
RNG(0),2.35,3,0.5724,0.0387
RNG(0),2.36,3,0.5724,0.0387
RNG(0),2.37,3,0.5722,0.0389
RNG(0),2.38,3,0.5728,0.0362
RNG(0),2.39,3,0.5729,0.0363
RNG(0),2.4,3,0.5729,0.0363
RNG(0),2.41,3,0.5729,0.0363
RNG(0),2.42,3,0.5728,0.0361
RNG(0),2.43,2,0.5688,0.1626
RNG(0),2.44,3,0.5728,0.0341
RNG(0),2.45,3,0.5729,0.0343
RNG(0),2.46,3,0.5729,0.0346
RNG(0),2.48,3,0.5727,0.0342
RNG(0),2.49,3,0.5743,0.0272
RNG(0),2.5,1,0.5617,0.0
RNG(0),2.51,3,0.5743,0.0272
RNG(0),2.52,3,0.5743,0.0272
RNG(0),2.53,3,0.5741,0.0267
RNG(0),2.54,3,0.5741,0.0267
RNG(0),2.55,3,0.5739,0.0263
RNG(0),2.56,3,0.5738,0.0268
RNG(0),2.57,3,0.5733,0.0268
RNG(0),2.58,3,0.573,0.0261
RNG(0),2.59,2,0.5699,0.1144
RNG(0),2.61,3,0.573,0.0261
RNG(0),2.62,3,0.5727,0.0275
RNG(0),2.63,3,0.5724,0.0269
RNG(0),2.64,3,0.5724,0.0269
RNG(0),2.65,3,0.5723,0.0266
RNG(0),2.66,2,0.5686,0.1194
RNG(0),2.67,3,0.5726,0.0279
RNG(0),2.69,3,0.5721,0.0276
RNG(0),2.7,3,0.5718,0.027
RNG(0),2.71,3,0.5715,0.0264
RNG(0),2.72,3,0.5715,0.0264
RNG(0),2.73,3,0.5715,0.0266
RNG(0),2.74,3,0.5703,0.0314
RNG(0),2.75,3,0.5698,0.0308
RNG(0),2.76,3,0.5698,0.0308
RNG(0),2.77,3,0.5698,0.0307
RNG(0),2.78,3,0.5696,0.0302
RNG(0),2.79,3,0.5693,0.0292
RNG(0),2.8,3,0.5693,0.0292
RNG(0),2.81,3,0.5693,0.029
RNG(0),2.82,3,0.5691,0.0288
RNG(0),2.83,3,0.5691,0.0288
RNG(0),2.84,3,0.5688,0.03
RNG(0),2.85,3,0.5688,0.03
RNG(0),2.86,3,0.5677,0.0294
RNG(0),2.87,2,0.5655,0.1315
RNG(0),2.88,3,0.5677,0.0273
RNG(0),2.89,3,0.5677,0.0273
RNG(0),2.91,3,0.5671,0.0284
RNG(0),2.92,3,0.567,0.0286
RNG(0),2.93,3,0.5668,0.0297
RNG(0),2.94,3,0.5664,0.0311
RNG(0),2.95,3,0.5664,0.0311
RNG(0),2.96,3,0.5664,0.0311
RNG(0),2.97,3,0.5661,0.0304
RNG(0),2.98,3,0.5661,0.0304
RNG(0),2.99,3,0.5659,0.0311
RNG(0),3.0,3,0.5659,0.0311
RNG(0),3.01,3,0.5659,0.0311
RNG(0),3.02,3,0.5656,0.0307
RNG(0),3.03,3,0.5658,0.03
RNG(0),3.04,3,0.5666,0.0292
RNG(0),3.05,3,0.5666,0.0295
RNG(0),3.06,3,0.5666,0.0295
RNG(0),3.07,3,0.5663,0.0292
RNG(0),3.08,2,0.5645,0.1442
RNG(0),3.09,3,0.5676,0.0289
RNG(0),3.1,3,0.5679,0.0277
RNG(0),3.11,3,0.5679,0.0277
RNG(0),3.12,3,0.5677,0.0327
RNG(0),3.13,3,0.5669,0.0341
RNG(0),3.14,3,0.5665,0.0352
RNG(0),3.15,3,0.5663,0.0324
RNG(0),3.16,3,0.5664,0.0328
RNG(0),3.17,3,0.5664,0.0317
RNG(0),3.18,3,0.5661,0.0305
RNG(0),3.19,3,0.566,0.0299
RNG(0),3.2,3,0.5676,0.0339
RNG(0),3.21,3,0.5676,0.0339
RNG(0),3.22,3,0.5676,0.0339
RNG(0),3.23,3,0.5676,0.0339
RNG(0),3.24,3,0.5674,0.034
RNG(0),3.25,3,0.5674,0.0338
RNG(0),3.26,3,0.5669,0.0354
RNG(0),3.27,3,0.5669,0.0354
RNG(0),3.28,2,0.5681,0.1792
RNG(0),3.29,3,0.5667,0.036
RNG(0),3.3,3,0.5667,0.036
RNG(0),3.31,3,0.5664,0.0348
RNG(0),3.32,3,0.5661,0.035
RNG(0),3.33,3,0.5661,0.035
RNG(0),3.34,2,0.5674,0.1766
RNG(0),3.35,3,0.5657,0.0337
RNG(0),3.36,3,0.5656,0.033
RNG(0),3.37,3,0.5652,0.0317
RNG(0),3.38,3,0.5652,0.0317
RNG(0),3.39,3,0.5649,0.0327
RNG(0),3.4,3,0.5649,0.0327
RNG(0),3.41,3,0.5645,0.0316
RNG(0),3.42,3,0.5638,0.0315
RNG(0),3.44,2,0.5642,0.1607
RNG(0),3.45,3,0.564,0.0314
RNG(0),3.46,3,0.564,0.0314
RNG(0),3.47,3,0.564,0.0314
RNG(0),3.48,3,0.5639,0.0307
RNG(0),3.49,3,0.5639,0.0307
RNG(0),3.5,3,0.5637,0.0298
RNG(0),3.51,3,0.5634,0.0311
RNG(0),3.52,3,0.563,0.0299
RNG(0),3.53,3,0.5624,0.0276
RNG(0),3.54,2,0.5573,0.0845
RNG(0),3.55,3,0.5626,0.0282
RNG(0),3.56,3,0.5616,0.0306
RNG(0),3.57,1,0.5487,0.0
RNG(0),3.58,3,0.5616,0.0306
RNG(0),3.59,3,0.5616,0.0306
RNG(0),3.6,3,0.5611,0.0288
RNG(0),3.61,3,0.5611,0.0288
RNG(0),3.62,3,0.5611,0.0288
RNG(0),3.63,3,0.5611,0.0288
RNG(0),3.64,3,0.5611,0.0288
RNG(0),3.65,3,0.5611,0.0288
RNG(0),3.66,3,0.5611,0.0288
RNG(0),3.69,3,0.561,0.0288
RNG(0),3.7,2,0.5558,0.0908
RNG(0),3.72,3,0.5611,0.0288
RNG(0),3.74,2,0.5558,0.0908
RNG(0),3.75,3,0.561,0.0284
RNG(0),3.76,3,0.561,0.0284
RNG(0),3.77,3,0.561,0.0284
RNG(0),3.78,3,0.5615,0.0284
RNG(0),3.79,3,0.5611,0.0298
RNG(0),3.8,3,0.5611,0.0298
RNG(0),3.81,3,0.5611,0.0298
RNG(0),3.82,3,0.5611,0.0298
RNG(0),3.83,2,0.5563,0.1093
RNG(0),3.84,2,0.5563,0.1093
RNG(0),3.85,2,0.5593,0.1468
RNG(0),3.86,3,0.5611,0.0298
RNG(0),3.87,3,0.5611,0.0298
RNG(0),3.88,2,0.5593,0.1468
RNG(0),3.89,3,0.5611,0.0298
RNG(0),3.9,3,0.5611,0.0298
RNG(0),3.91,3,0.5611,0.0298
RNG(0),3.92,3,0.5611,0.0298
RNG(0),3.93,2,0.5563,0.1093
RNG(0),3.94,3,0.5598,0.0329
RNG(0),3.95,3,0.5598,0.0329
RNG(0),3.96,3,0.5598,0.0329
RNG(0),3.97,2,0.5573,0.1588
RNG(0),3.98,1,0.5448,0.0
RNG(0),3.99,3,0.5598,0.0329
RNG(0),4.01,3,0.5598,0.0329
RNG(0),4.02,3,0.5598,0.0329
RNG(0),4.03,3,0.5598,0.0328
RNG(0),4.04,2,0.5573,0.1588
RNG(0),4.05,2,0.5573,0.1588
RNG(0),4.06,2,0.5547,0.1264
RNG(0),4.07,3,0.5598,0.0328
RNG(0),4.09,1,0.5448,0.0
RNG(0),4.1,3,0.5598,0.0328
RNG(0),4.12,2,0.5573,0.1588
RNG(0),4.13,2,0.5547,0.1264
RNG(0),4.16,3,0.5598,0.0328
RNG(0),4.18,1,0.5448,0.0
RNG(0),4.21,2,0.5547,0.1264
RNG(0),4.22,2,0.5547,0.1264
RNG(0),4.23,2,0.5573,0.1588
RNG(0),4.24,2,0.5573,0.1588
RNG(0),4.27,2,0.5573,0.1588
RNG(0),4.28,1,0.5448,0.0
RNG(0),4.29,2,0.5573,0.1588
RNG(0),4.32,2,0.5573,0.1588
RNG(0),4.35,3,0.5598,0.0328
RNG(0),4.37,3,0.5597,0.0327
RNG(0),4.38,2,0.5573,0.1588
RNG(0),4.49,3,0.5597,0.0327
RNG(0),4.57,2,0.5546,0.1252
RNG(0),4.68,2,0.5573,0.1588
RNG(0),4.71,1,0.5448,0.0
RNG(0),4.72,1,0.5448,0.0
RNG(0.05),0.99,3,0.5668,0.0321
RNG(0.05),1.0,3,0.5668,0.0321
RNG(0.05),1.01,3,0.5668,0.0321
RNG(0.05),1.03,2,0.5617,0.1194
RNG(0.05),1.04,3,0.5668,0.0321
RNG(0.05),1.05,3,0.5668,0.0321
RNG(0.05),1.06,3,0.5668,0.0321
RNG(0.05),1.07,3,0.5669,0.0317
RNG(0.05),1.08,3,0.5671,0.031
RNG(0.05),1.09,3,0.5675,0.0318
RNG(0.05),1.1,3,0.5681,0.0322
RNG(0.05),1.11,3,0.5682,0.0328
RNG(0.05),1.12,3,0.5684,0.0321
RNG(0.05),1.13,3,0.5692,0.0319
RNG(0.05),1.14,3,0.5693,0.0315
RNG(0.05),1.15,3,0.5699,0.0316
RNG(0.05),1.16,3,0.5706,0.0323
RNG(0.05),1.17,3,0.571,0.0333
RNG(0.05),1.18,3,0.5715,0.0325
RNG(0.05),1.19,3,0.5718,0.0331
RNG(0.05),1.2,3,0.5721,0.033
RNG(0.05),1.21,3,0.5723,0.0335
RNG(0.05),1.22,3,0.5723,0.0335
RNG(0.05),1.23,3,0.5729,0.0342
RNG(0.05),1.24,3,0.5732,0.034
RNG(0.05),1.25,3,0.5732,0.034
RNG(0.05),1.26,3,0.5736,0.0339
RNG(0.05),1.27,3,0.5736,0.0339
RNG(0.05),1.28,3,0.5737,0.034
RNG(0.05),1.29,3,0.5737,0.034
RNG(0.05),1.3,3,0.5737,0.034
RNG(0.05),1.31,3,0.5737,0.034
RNG(0.05),1.32,3,0.5737,0.034
RNG(0.05),1.33,3,0.5738,0.0333
RNG(0.05),1.34,3,0.5742,0.0319
RNG(0.05),1.35,3,0.5742,0.0319
RNG(0.05),1.36,3,0.5743,0.0325
RNG(0.05),1.37,3,0.5747,0.0328
RNG(0.05),1.38,3,0.5748,0.0328
RNG(0.05),1.39,3,0.5749,0.0329
RNG(0.05),1.4,3,0.5749,0.033
RNG(0.05),1.41,3,0.5753,0.0337
RNG(0.05),1.42,3,0.5753,0.0337
RNG(0.05),1.43,3,0.5753,0.0337
RNG(0.05),1.44,3,0.5753,0.0338
RNG(0.05),1.45,3,0.5753,0.0338
RNG(0.05),1.46,3,0.5754,0.0338
RNG(0.05),1.48,3,0.5754,0.0338
RNG(0.05),1.49,3,0.5754,0.0338
RNG(0.05),1.5,3,0.5755,0.0334
RNG(0.05),1.51,3,0.5756,0.0331
RNG(0.05),1.52,3,0.5756,0.0332
RNG(0.05),1.53,3,0.5758,0.0325
RNG(0.05),1.54,3,0.5758,0.0325
RNG(0.05),1.55,3,0.5758,0.0325
RNG(0.05),1.56,2,0.5738,0.1607
RNG(0.05),1.57,2,0.5705,0.1175
RNG(0.05),1.58,3,0.5758,0.0325
RNG(0.05),1.59,3,0.576,0.0327
RNG(0.05),1.6,3,0.576,0.0327
RNG(0.05),1.61,2,0.5707,0.1207
RNG(0.05),1.62,3,0.576,0.0327
RNG(0.05),1.63,3,0.5761,0.0328
RNG(0.05),1.64,3,0.5762,0.0324
RNG(0.05),1.65,3,0.5763,0.032
RNG(0.05),1.66,2,0.5716,0.1252
RNG(0.05),1.67,3,0.5767,0.0322
RNG(0.05),1.68,3,0.5765,0.0317
RNG(0.05),1.69,3,0.5766,0.0319
RNG(0.05),1.7,3,0.5767,0.0315
RNG(0.05),1.71,3,0.5765,0.0322
RNG(0.05),1.74,3,0.5765,0.0322
RNG(0.05),1.75,3,0.5765,0.0322
RNG(0.05),1.76,3,0.5767,0.0325
RNG(0.05),1.77,3,0.5765,0.032
RNG(0.05),1.79,3,0.5766,0.0322
RNG(0.05),1.81,3,0.5765,0.0326
RNG(0.05),1.83,3,0.5763,0.0331
RNG(0.05),1.84,3,0.5763,0.0332
RNG(0.05),1.88,3,0.5762,0.033
RNG(0.05),1.89,3,0.5762,0.033
RNG(0.05),1.9,3,0.576,0.0324
RNG(0.05),1.91,3,0.5759,0.0322
RNG(0.05),1.93,3,0.5759,0.0321
RNG(0.05),1.94,2,0.5727,0.148
RNG(0.05),1.95,2,0.5727,0.148
RNG(0.05),1.97,3,0.5759,0.0321
RNG(0.05),1.98,3,0.5759,0.0321
RNG(0.05),1.99,2,0.5727,0.148
RNG(0.05),2.01,1,0.561,0.0
RNG(0.05),2.02,3,0.576,0.0323
RNG(0.05),2.03,3,0.576,0.0323
RNG(0.05),2.04,3,0.5761,0.0319
RNG(0.05),2.05,2,0.5728,0.1461
RNG(0.05),2.06,3,0.5761,0.0319
RNG(0.05),2.08,3,0.5761,0.0319
RNG(0.05),2.09,3,0.5761,0.0319
RNG(0.05),2.1,3,0.5761,0.0319
RNG(0.05),2.11,3,0.5762,0.0315
RNG(0.05),2.12,3,0.5763,0.0322
RNG(0.05),2.13,3,0.5763,0.0322
RNG(0.05),2.14,3,0.5763,0.0322
RNG(0.05),2.15,2,0.5728,0.1461
RNG(0.05),2.16,3,0.5763,0.0322
RNG(0.05),2.17,3,0.5763,0.0322
RNG(0.05),2.18,3,0.5763,0.0322
RNG(0.05),2.19,2,0.5723,0.1391
RNG(0.05),2.2,3,0.5762,0.0317
RNG(0.05),2.21,3,0.5762,0.0317
RNG(0.05),2.22,3,0.5762,0.0317
RNG(0.05),2.23,3,0.5762,0.0317
RNG(0.05),2.24,3,0.5762,0.0317
RNG(0.05),2.25,3,0.5762,0.0317
RNG(0.05),2.26,3,0.5762,0.0317
RNG(0.05),2.27,3,0.5764,0.0321
RNG(0.05),2.28,2,0.5729,0.1468
RNG(0.05),2.29,3,0.5761,0.0318
RNG(0.05),2.3,3,0.5761,0.0318
RNG(0.05),2.31,3,0.576,0.0316
RNG(0.05),2.32,2,0.5726,0.1429
RNG(0.05),2.33,3,0.576,0.0316
RNG(0.05),2.34,3,0.576,0.0316
RNG(0.05),2.35,3,0.576,0.0316
RNG(0.05),2.36,3,0.576,0.0316
RNG(0.05),2.37,3,0.5758,0.0319
RNG(0.05),2.38,3,0.5765,0.0292
RNG(0.05),2.39,3,0.5766,0.0294
RNG(0.05),2.4,3,0.5766,0.0294
RNG(0.05),2.41,3,0.5766,0.0294
RNG(0.05),2.42,3,0.5767,0.0297
RNG(0.05),2.43,2,0.5731,0.1296
RNG(0.05),2.44,3,0.577,0.0283
RNG(0.05),2.45,3,0.577,0.0283
RNG(0.05),2.46,3,0.577,0.0286
RNG(0.05),2.48,3,0.5771,0.0289
RNG(0.05),2.49,3,0.5788,0.0219
RNG(0.05),2.5,1,0.5686,0.0
RNG(0.05),2.51,3,0.5788,0.0219
RNG(0.05),2.52,3,0.5788,0.0219
RNG(0.05),2.53,3,0.5787,0.0218
RNG(0.05),2.54,3,0.5787,0.0218
RNG(0.05),2.55,3,0.5787,0.0218
RNG(0.05),2.56,3,0.5787,0.0218
RNG(0.05),2.57,3,0.5787,0.0218
RNG(0.05),2.58,3,0.5787,0.0218
RNG(0.05),2.59,2,0.5764,0.0991
RNG(0.05),2.61,3,0.5787,0.0218
RNG(0.05),2.62,3,0.5787,0.0218
RNG(0.05),2.63,3,0.5787,0.0218
RNG(0.05),2.64,3,0.5787,0.0218
RNG(0.05),2.65,3,0.5786,0.0216
RNG(0.05),2.66,2,0.576,0.1042
RNG(0.05),2.67,3,0.5786,0.0222
RNG(0.05),2.69,3,0.5782,0.0213
RNG(0.05),2.7,3,0.5781,0.0211
RNG(0.05),2.71,3,0.5779,0.0199
RNG(0.05),2.72,3,0.5779,0.0199
RNG(0.05),2.73,3,0.5776,0.0201
RNG(0.05),2.74,3,0.5776,0.0201
RNG(0.05),2.75,3,0.5772,0.0194
RNG(0.05),2.76,3,0.5772,0.0194
RNG(0.05),2.77,3,0.5772,0.0194
RNG(0.05),2.78,3,0.577,0.019
RNG(0.05),2.79,3,0.5771,0.0168
RNG(0.05),2.8,3,0.5771,0.0168
RNG(0.05),2.81,3,0.5771,0.0168
RNG(0.05),2.82,3,0.5771,0.0168
RNG(0.05),2.83,3,0.5771,0.0168
RNG(0.05),2.84,3,0.5771,0.0168
RNG(0.05),2.85,3,0.5771,0.0168
RNG(0.05),2.86,3,0.5759,0.0164
RNG(0.05),2.87,2,0.5737,0.0686
RNG(0.05),2.88,3,0.5759,0.0154
RNG(0.05),2.89,3,0.5759,0.0154
RNG(0.05),2.91,3,0.5759,0.0153
RNG(0.05),2.92,3,0.5756,0.0146
RNG(0.05),2.93,3,0.5754,0.0153
RNG(0.05),2.94,3,0.5754,0.0153
RNG(0.05),2.95,3,0.5754,0.0153
RNG(0.05),2.96,3,0.5754,0.0153
RNG(0.05),2.97,3,0.5752,0.0149
RNG(0.05),2.98,3,0.5752,0.0149
RNG(0.05),2.99,3,0.5744,0.0184
RNG(0.05),3.0,3,0.5744,0.0184
RNG(0.05),3.01,3,0.5744,0.0184
RNG(0.05),3.02,3,0.5744,0.0184
RNG(0.05),3.03,3,0.5748,0.0169
RNG(0.05),3.04,3,0.5755,0.0168
RNG(0.05),3.05,3,0.5755,0.0167
RNG(0.05),3.06,3,0.5755,0.0167
RNG(0.05),3.07,3,0.5755,0.0167
RNG(0.05),3.08,2,0.5735,0.0724
RNG(0.05),3.09,3,0.576,0.0176
RNG(0.05),3.1,3,0.5763,0.0161
RNG(0.05),3.11,3,0.5763,0.0161
RNG(0.05),3.12,3,0.5763,0.0204
RNG(0.05),3.13,3,0.5756,0.0206
RNG(0.05),3.14,3,0.5753,0.022
RNG(0.05),3.15,3,0.5752,0.0193
RNG(0.05),3.16,3,0.5753,0.0196
RNG(0.05),3.17,3,0.5756,0.0184
RNG(0.05),3.18,3,0.5753,0.0174
RNG(0.05),3.19,3,0.5751,0.017
RNG(0.05),3.2,3,0.5771,0.0182
RNG(0.05),3.21,3,0.5771,0.0182
RNG(0.05),3.22,3,0.5771,0.0182
RNG(0.05),3.23,3,0.5771,0.0182
RNG(0.05),3.24,3,0.5771,0.0182
RNG(0.05),3.25,3,0.5774,0.0185
RNG(0.05),3.26,3,0.5771,0.0198
RNG(0.05),3.27,3,0.5771,0.0198
RNG(0.05),3.28,2,0.5761,0.0991
RNG(0.05),3.29,3,0.5769,0.0205
RNG(0.05),3.3,3,0.5769,0.0205
RNG(0.05),3.31,3,0.5769,0.0205
RNG(0.05),3.32,3,0.5766,0.0202
RNG(0.05),3.33,3,0.5766,0.0202
RNG(0.05),3.34,2,0.5758,0.1023
RNG(0.05),3.35,3,0.5766,0.0202
RNG(0.05),3.36,3,0.5766,0.0202
RNG(0.05),3.37,3,0.5763,0.0192
RNG(0.05),3.38,3,0.5763,0.0192
RNG(0.05),3.39,3,0.5763,0.0192
RNG(0.05),3.4,3,0.5763,0.0192
RNG(0.05),3.41,3,0.5758,0.018
RNG(0.05),3.42,3,0.5755,0.0193
RNG(0.05),3.44,2,0.5744,0.0959
RNG(0.05),3.45,3,0.5755,0.0193
RNG(0.05),3.46,3,0.5758,0.0203
RNG(0.05),3.47,3,0.5758,0.0203
RNG(0.05),3.48,3,0.5758,0.0203
RNG(0.05),3.49,3,0.5758,0.0203
RNG(0.05),3.5,3,0.5757,0.0199
RNG(0.05),3.51,3,0.5757,0.0199
RNG(0.05),3.52,3,0.5754,0.0189
RNG(0.05),3.53,3,0.575,0.0179
RNG(0.05),3.54,2,0.5722,0.0673
RNG(0.05),3.55,3,0.5754,0.0189
RNG(0.05),3.56,3,0.5747,0.02
RNG(0.05),3.57,1,0.5659,0.0
RNG(0.05),3.58,3,0.5747,0.02
RNG(0.05),3.59,3,0.5747,0.02
RNG(0.05),3.6,3,0.5747,0.02
RNG(0.05),3.61,3,0.5747,0.02
RNG(0.05),3.62,3,0.5747,0.02
RNG(0.05),3.63,3,0.5747,0.02
RNG(0.05),3.64,3,0.5747,0.02
RNG(0.05),3.65,3,0.5747,0.02
RNG(0.05),3.66,3,0.5747,0.02
RNG(0.05),3.69,3,0.5747,0.02
RNG(0.05),3.7,2,0.5712,0.0673
RNG(0.05),3.72,3,0.5747,0.02
RNG(0.05),3.74,2,0.5712,0.0673
RNG(0.05),3.75,3,0.5745,0.0195
RNG(0.05),3.76,3,0.5745,0.0195
RNG(0.05),3.77,3,0.5745,0.0195
RNG(0.05),3.78,3,0.575,0.0198
RNG(0.05),3.79,3,0.575,0.0198
RNG(0.05),3.8,3,0.575,0.0198
RNG(0.05),3.81,3,0.575,0.0198
RNG(0.05),3.82,3,0.575,0.0198
RNG(0.05),3.83,2,0.5722,0.08
RNG(0.05),3.84,2,0.5722,0.08
RNG(0.05),3.85,2,0.5733,0.094
RNG(0.05),3.86,3,0.575,0.0198
RNG(0.05),3.87,3,0.575,0.0198
RNG(0.05),3.88,2,0.5733,0.094
RNG(0.05),3.89,3,0.575,0.0198
RNG(0.05),3.9,3,0.575,0.0198
RNG(0.05),3.91,3,0.575,0.0198
RNG(0.05),3.92,3,0.575,0.0198
RNG(0.05),3.93,2,0.5722,0.08
RNG(0.05),3.94,3,0.5737,0.0231
RNG(0.05),3.95,3,0.5737,0.0231
RNG(0.05),3.96,3,0.5737,0.0231
RNG(0.05),3.97,2,0.5714,0.1061
RNG(0.05),3.98,1,0.563,0.0
RNG(0.05),3.99,3,0.5737,0.0231
RNG(0.05),4.01,3,0.5737,0.0231
RNG(0.05),4.02,3,0.5737,0.0231
RNG(0.05),4.03,3,0.5737,0.023
RNG(0.05),4.04,2,0.5714,0.1061
RNG(0.05),4.05,2,0.5714,0.1061
RNG(0.05),4.06,2,0.5706,0.0972
RNG(0.05),4.07,3,0.5737,0.023
RNG(0.05),4.09,1,0.563,0.0
RNG(0.05),4.1,3,0.5737,0.023
RNG(0.05),4.12,2,0.5714,0.1061
RNG(0.05),4.13,2,0.5706,0.0972
RNG(0.05),4.16,3,0.5737,0.023
RNG(0.05),4.18,1,0.563,0.0
RNG(0.05),4.21,2,0.5706,0.0972
RNG(0.05),4.22,2,0.5706,0.0972
RNG(0.05),4.23,2,0.5714,0.1061
RNG(0.05),4.24,2,0.5714,0.1061
RNG(0.05),4.27,2,0.5714,0.1061
RNG(0.05),4.28,1,0.563,0.0
RNG(0.05),4.29,2,0.5714,0.1061
RNG(0.05),4.32,2,0.5714,0.1061
RNG(0.05),4.35,3,0.5737,0.023
RNG(0.05),4.37,3,0.5736,0.0229
RNG(0.05),4.38,2,0.5714,0.1061
RNG(0.05),4.49,3,0.5736,0.0229
RNG(0.05),4.57,2,0.5705,0.0959
RNG(0.05),4.68,2,0.5714,0.1061
RNG(0.05),4.71,1,0.563,0.0
RNG(0.05),4.72,1,0.563,0.0
RNG(0.1),0.99,3,0.5668,0.0321
RNG(0.1),1.0,3,0.5668,0.0321
RNG(0.1),1.01,3,0.5668,0.0321
RNG(0.1),1.03,2,0.5617,0.1194
RNG(0.1),1.04,3,0.5668,0.0321
RNG(0.1),1.05,3,0.5668,0.0321
RNG(0.1),1.06,3,0.5668,0.0321
RNG(0.1),1.07,3,0.5669,0.0317
RNG(0.1),1.08,3,0.5671,0.031
RNG(0.1),1.09,3,0.5674,0.0317
RNG(0.1),1.1,3,0.5678,0.0315
RNG(0.1),1.11,3,0.5679,0.0319
RNG(0.1),1.12,3,0.5679,0.0319
RNG(0.1),1.13,3,0.5687,0.0318
RNG(0.1),1.14,3,0.5687,0.0318
RNG(0.1),1.15,3,0.5692,0.0319
RNG(0.1),1.16,3,0.57,0.0317
RNG(0.1),1.17,3,0.5704,0.0327
RNG(0.1),1.18,3,0.5712,0.0308
RNG(0.1),1.19,3,0.5715,0.0315
RNG(0.1),1.2,3,0.5717,0.0315
RNG(0.1),1.21,3,0.5719,0.0321
RNG(0.1),1.22,3,0.5719,0.0321
RNG(0.1),1.23,3,0.5726,0.0326
RNG(0.1),1.24,3,0.5729,0.0325
RNG(0.1),1.25,3,0.5729,0.0325
RNG(0.1),1.26,3,0.5732,0.0322
RNG(0.1),1.27,3,0.5732,0.0322
RNG(0.1),1.28,3,0.5733,0.0323
RNG(0.1),1.29,3,0.5733,0.0323
RNG(0.1),1.3,3,0.5733,0.0323
RNG(0.1),1.31,3,0.5733,0.0323
RNG(0.1),1.32,3,0.5733,0.0323
RNG(0.1),1.33,3,0.5735,0.0316
RNG(0.1),1.34,3,0.5738,0.0304
RNG(0.1),1.35,3,0.5738,0.0304
RNG(0.1),1.36,3,0.574,0.031
RNG(0.1),1.37,3,0.5743,0.0313
RNG(0.1),1.38,3,0.5744,0.0313
RNG(0.1),1.39,3,0.5744,0.0313
RNG(0.1),1.4,3,0.5745,0.0314
RNG(0.1),1.41,3,0.5747,0.0316
RNG(0.1),1.42,3,0.5748,0.0317
RNG(0.1),1.43,3,0.5748,0.0317
RNG(0.1),1.44,3,0.5748,0.0317
RNG(0.1),1.45,3,0.5748,0.0317
RNG(0.1),1.46,3,0.5749,0.0318
RNG(0.1),1.48,3,0.5749,0.0318
RNG(0.1),1.49,3,0.5749,0.0318
RNG(0.1),1.5,3,0.575,0.0313
RNG(0.1),1.51,3,0.5751,0.031
RNG(0.1),1.52,3,0.5751,0.031
RNG(0.1),1.53,3,0.5753,0.0303
RNG(0.1),1.54,3,0.5754,0.0299
RNG(0.1),1.55,3,0.5754,0.0299
RNG(0.1),1.56,2,0.5736,0.148
RNG(0.1),1.57,2,0.5705,0.1074
RNG(0.1),1.58,3,0.5754,0.0299
RNG(0.1),1.59,3,0.5756,0.0301
RNG(0.1),1.6,3,0.5756,0.0301
RNG(0.1),1.61,2,0.5707,0.1105
RNG(0.1),1.62,3,0.5756,0.0301
RNG(0.1),1.63,3,0.5757,0.0303
RNG(0.1),1.64,3,0.5757,0.0303
RNG(0.1),1.65,3,0.5757,0.0303
RNG(0.1),1.66,2,0.5713,0.1175
RNG(0.1),1.67,3,0.576,0.0301
RNG(0.1),1.68,3,0.576,0.0301
RNG(0.1),1.69,3,0.576,0.0301
RNG(0.1),1.7,3,0.5761,0.0299
RNG(0.1),1.71,3,0.5761,0.0299
RNG(0.1),1.74,3,0.5761,0.0299
RNG(0.1),1.75,3,0.5761,0.0299
RNG(0.1),1.76,3,0.5762,0.0301
RNG(0.1),1.77,3,0.5762,0.0301
RNG(0.1),1.79,3,0.5763,0.0302
RNG(0.1),1.81,3,0.5764,0.0304
RNG(0.1),1.83,3,0.5764,0.0304
RNG(0.1),1.84,3,0.5766,0.0306
RNG(0.1),1.88,3,0.5765,0.0305
RNG(0.1),1.89,3,0.5765,0.0305
RNG(0.1),1.9,3,0.5764,0.0301
RNG(0.1),1.91,3,0.5763,0.0299
RNG(0.1),1.93,3,0.5764,0.0301
RNG(0.1),1.94,2,0.5737,0.1423
RNG(0.1),1.95,2,0.5737,0.1423
RNG(0.1),1.97,3,0.5764,0.0301
RNG(0.1),1.98,3,0.5764,0.0301
RNG(0.1),1.99,2,0.5737,0.1423
RNG(0.1),2.01,1,0.5625,0.0
RNG(0.1),2.02,3,0.5764,0.0302
RNG(0.1),2.03,3,0.5764,0.0302
RNG(0.1),2.04,3,0.5764,0.0302
RNG(0.1),2.05,2,0.5737,0.1423
RNG(0.1),2.06,3,0.5764,0.0302
RNG(0.1),2.08,3,0.5764,0.0302
RNG(0.1),2.09,3,0.5764,0.0302
RNG(0.1),2.1,3,0.5764,0.0302
RNG(0.1),2.11,3,0.5765,0.0298
RNG(0.1),2.12,3,0.5766,0.0305
RNG(0.1),2.13,3,0.5766,0.0305
RNG(0.1),2.14,3,0.5766,0.0305
RNG(0.1),2.15,2,0.5736,0.1417
RNG(0.1),2.16,3,0.5765,0.0303
RNG(0.1),2.17,3,0.5765,0.0303
RNG(0.1),2.18,3,0.5765,0.0303
RNG(0.1),2.19,2,0.5724,0.1258
RNG(0.1),2.2,3,0.5765,0.0299
RNG(0.1),2.21,3,0.5765,0.0299
RNG(0.1),2.22,3,0.5765,0.0299
RNG(0.1),2.23,3,0.5765,0.0299
RNG(0.1),2.24,3,0.5765,0.0299
RNG(0.1),2.25,3,0.5765,0.0299
RNG(0.1),2.26,3,0.5765,0.0299
RNG(0.1),2.27,3,0.5765,0.0299
RNG(0.1),2.28,2,0.5736,0.1417
RNG(0.1),2.29,3,0.5763,0.0298
RNG(0.1),2.3,3,0.5763,0.0298
RNG(0.1),2.31,3,0.5763,0.0298
RNG(0.1),2.32,2,0.5734,0.1385
RNG(0.1),2.33,3,0.5763,0.0298
RNG(0.1),2.34,3,0.5763,0.0298
RNG(0.1),2.35,3,0.5763,0.0298
RNG(0.1),2.36,3,0.5763,0.0298
RNG(0.1),2.37,3,0.5762,0.0302
RNG(0.1),2.38,3,0.5768,0.0275
RNG(0.1),2.39,3,0.5768,0.0275
RNG(0.1),2.4,3,0.5768,0.0275
RNG(0.1),2.41,3,0.5768,0.0275
RNG(0.1),2.42,3,0.5768,0.0275
RNG(0.1),2.43,2,0.5731,0.1144
RNG(0.1),2.44,3,0.5772,0.0261
RNG(0.1),2.45,3,0.5772,0.0261
RNG(0.1),2.46,3,0.5771,0.0264
RNG(0.1),2.48,3,0.5773,0.0267
RNG(0.1),2.49,3,0.5789,0.0197
RNG(0.1),2.5,1,0.5698,0.0
RNG(0.1),2.51,3,0.5789,0.0197
RNG(0.1),2.52,3,0.5789,0.0197
RNG(0.1),2.53,3,0.5789,0.0197
RNG(0.1),2.54,3,0.5789,0.0197
RNG(0.1),2.55,3,0.5789,0.0197
RNG(0.1),2.56,3,0.5789,0.0197
RNG(0.1),2.57,3,0.5789,0.0197
RNG(0.1),2.58,3,0.5789,0.0197
RNG(0.1),2.59,2,0.5771,0.0921
RNG(0.1),2.61,3,0.5789,0.0197
RNG(0.1),2.62,3,0.5789,0.0197
RNG(0.1),2.63,3,0.5789,0.0197
RNG(0.1),2.64,3,0.5791,0.02
RNG(0.1),2.65,3,0.579,0.0198
RNG(0.1),2.66,2,0.5766,0.0972
RNG(0.1),2.67,3,0.579,0.0205
RNG(0.1),2.69,3,0.5785,0.0195
RNG(0.1),2.7,3,0.5785,0.0195
RNG(0.1),2.71,3,0.5783,0.0184
RNG(0.1),2.72,3,0.5783,0.0184
RNG(0.1),2.73,3,0.5782,0.0188
RNG(0.1),2.74,3,0.5782,0.0188
RNG(0.1),2.75,3,0.5779,0.0181
RNG(0.1),2.76,3,0.5779,0.0181
RNG(0.1),2.77,3,0.5779,0.0181
RNG(0.1),2.78,3,0.5779,0.0181
RNG(0.1),2.79,3,0.5782,0.0167
RNG(0.1),2.8,3,0.5782,0.0167
RNG(0.1),2.81,3,0.5782,0.0167
RNG(0.1),2.82,3,0.5782,0.0167
RNG(0.1),2.83,3,0.5782,0.0167
RNG(0.1),2.84,3,0.5784,0.016
RNG(0.1),2.85,3,0.5784,0.016
RNG(0.1),2.86,3,0.5777,0.0156
RNG(0.1),2.87,2,0.5757,0.0667
RNG(0.1),2.88,3,0.5779,0.0149
RNG(0.1),2.89,3,0.5779,0.0149
RNG(0.1),2.91,3,0.5779,0.0149
RNG(0.1),2.92,3,0.5776,0.0141
RNG(0.1),2.93,3,0.5776,0.0141
RNG(0.1),2.94,3,0.5776,0.0141
RNG(0.1),2.95,3,0.5776,0.0141
RNG(0.1),2.96,3,0.5776,0.0141
RNG(0.1),2.97,3,0.5776,0.0141
RNG(0.1),2.98,3,0.5776,0.0141
RNG(0.1),2.99,3,0.5776,0.0141
RNG(0.1),3.0,3,0.5776,0.0141
RNG(0.1),3.01,3,0.5776,0.0141
RNG(0.1),3.02,3,0.5776,0.0141
RNG(0.1),3.03,3,0.5779,0.0128
RNG(0.1),3.04,3,0.5789,0.013
RNG(0.1),3.05,3,0.5792,0.0136
RNG(0.1),3.06,3,0.5792,0.0136
RNG(0.1),3.07,3,0.5792,0.0136
RNG(0.1),3.08,2,0.5772,0.061
RNG(0.1),3.09,3,0.5789,0.0139
RNG(0.1),3.1,3,0.5789,0.0139
RNG(0.1),3.11,3,0.5789,0.0139
RNG(0.1),3.12,3,0.5792,0.0167
RNG(0.1),3.13,3,0.5793,0.017
RNG(0.1),3.14,3,0.579,0.0184
RNG(0.1),3.15,3,0.579,0.0162
RNG(0.1),3.16,3,0.5791,0.0164
RNG(0.1),3.17,3,0.5794,0.0152
RNG(0.1),3.18,3,0.5794,0.0152
RNG(0.1),3.19,3,0.5792,0.0147
RNG(0.1),3.2,3,0.5812,0.0158
RNG(0.1),3.21,3,0.5812,0.0158
RNG(0.1),3.22,3,0.5812,0.0158
RNG(0.1),3.23,3,0.5812,0.0158
RNG(0.1),3.24,3,0.5812,0.0158
RNG(0.1),3.25,3,0.5815,0.016
RNG(0.1),3.26,3,0.5815,0.016
RNG(0.1),3.27,3,0.5815,0.016
RNG(0.1),3.28,2,0.5807,0.08
RNG(0.1),3.29,3,0.5815,0.016
RNG(0.1),3.3,3,0.5815,0.016
RNG(0.1),3.31,3,0.5815,0.016
RNG(0.1),3.32,3,0.5812,0.0158
RNG(0.1),3.33,3,0.5812,0.0158
RNG(0.1),3.34,2,0.5807,0.08
RNG(0.1),3.35,3,0.5812,0.0158
RNG(0.1),3.36,3,0.581,0.0152
RNG(0.1),3.37,3,0.5807,0.0142
RNG(0.1),3.38,3,0.5807,0.0142
RNG(0.1),3.39,3,0.5807,0.0142
RNG(0.1),3.4,3,0.5807,0.0142
RNG(0.1),3.41,3,0.5805,0.014
RNG(0.1),3.42,3,0.5805,0.014
RNG(0.1),3.44,2,0.5799,0.0705
RNG(0.1),3.45,3,0.5805,0.014
RNG(0.1),3.46,3,0.5809,0.0151
RNG(0.1),3.47,3,0.5809,0.0151
RNG(0.1),3.48,3,0.5809,0.0151
RNG(0.1),3.49,3,0.5809,0.0151
RNG(0.1),3.5,3,0.5808,0.0148
RNG(0.1),3.51,3,0.5808,0.0148
RNG(0.1),3.52,3,0.5808,0.0148
RNG(0.1),3.53,3,0.5808,0.0148
RNG(0.1),3.54,2,0.578,0.0464
RNG(0.1),3.55,3,0.5808,0.0148
RNG(0.1),3.56,3,0.5801,0.016
RNG(0.1),3.57,1,0.5734,0.0
RNG(0.1),3.58,3,0.5801,0.016
RNG(0.1),3.59,3,0.5801,0.016
RNG(0.1),3.6,3,0.5801,0.016
RNG(0.1),3.61,3,0.5801,0.016
RNG(0.1),3.62,3,0.5801,0.016
RNG(0.1),3.63,3,0.5801,0.016
RNG(0.1),3.64,3,0.5801,0.016
RNG(0.1),3.65,3,0.5801,0.016
RNG(0.1),3.66,3,0.5801,0.016
RNG(0.1),3.69,3,0.5801,0.016
RNG(0.1),3.7,2,0.5771,0.0464
RNG(0.1),3.72,3,0.5801,0.016
RNG(0.1),3.74,2,0.5771,0.0464
RNG(0.1),3.75,3,0.5801,0.016
RNG(0.1),3.76,3,0.5801,0.016
RNG(0.1),3.77,3,0.5801,0.016
RNG(0.1),3.78,3,0.5799,0.0154
RNG(0.1),3.79,3,0.5799,0.0154
RNG(0.1),3.8,3,0.5799,0.0154
RNG(0.1),3.81,3,0.5799,0.0154
RNG(0.1),3.82,3,0.5799,0.0154
RNG(0.1),3.83,2,0.5771,0.0464
RNG(0.1),3.84,2,0.5771,0.0464
RNG(0.1),3.85,2,0.5796,0.0781
RNG(0.1),3.86,3,0.5799,0.0154
RNG(0.1),3.87,3,0.5799,0.0154
RNG(0.1),3.88,2,0.5796,0.0781
RNG(0.1),3.89,3,0.5799,0.0154
RNG(0.1),3.9,3,0.5799,0.0154
RNG(0.1),3.91,3,0.5799,0.0154
RNG(0.1),3.92,3,0.5799,0.0154
RNG(0.1),3.93,2,0.5771,0.0464
RNG(0.1),3.94,3,0.5799,0.0154
RNG(0.1),3.95,3,0.5799,0.0154
RNG(0.1),3.96,3,0.5799,0.0154
RNG(0.1),3.97,2,0.5796,0.0781
RNG(0.1),3.98,1,0.5734,0.0
RNG(0.1),3.99,3,0.5799,0.0154
RNG(0.1),4.01,3,0.5799,0.0154
RNG(0.1),4.02,3,0.5799,0.0154
RNG(0.1),4.03,3,0.5799,0.0153
RNG(0.1),4.04,2,0.5796,0.0781
RNG(0.1),4.05,2,0.5796,0.0781
RNG(0.1),4.06,2,0.577,0.0451
RNG(0.1),4.07,3,0.5799,0.0153
RNG(0.1),4.09,1,0.5734,0.0
RNG(0.1),4.1,3,0.5799,0.0153
RNG(0.1),4.12,2,0.5796,0.0781
RNG(0.1),4.13,2,0.577,0.0451
RNG(0.1),4.16,3,0.5799,0.0153
RNG(0.1),4.18,1,0.5734,0.0
RNG(0.1),4.21,2,0.577,0.0451
RNG(0.1),4.22,2,0.577,0.0451
RNG(0.1),4.23,2,0.5796,0.0781
RNG(0.1),4.24,2,0.5796,0.0781
RNG(0.1),4.27,2,0.5796,0.0781
RNG(0.1),4.28,1,0.5734,0.0
RNG(0.1),4.29,2,0.5796,0.0781
RNG(0.1),4.32,2,0.5796,0.0781
RNG(0.1),4.35,3,0.5799,0.0153
RNG(0.1),4.37,3,0.5798,0.0153
RNG(0.1),4.38,2,0.5796,0.0781
RNG(0.1),4.49,3,0.5798,0.0153
RNG(0.1),4.57,2,0.5769,0.0438
RNG(0.1),4.68,2,0.5796,0.0781
RNG(0.1),4.71,1,0.5734,0.0
RNG(0.1),4.72,1,0.5734,0.0
RNG(0.2),0.99,3,0.5668,0.0321
RNG(0.2),1.0,3,0.5668,0.0321
RNG(0.2),1.01,3,0.5668,0.0321
RNG(0.2),1.03,2,0.5617,0.1194
RNG(0.2),1.04,3,0.5668,0.0321
RNG(0.2),1.05,3,0.5668,0.0321
RNG(0.2),1.06,3,0.5668,0.0321
RNG(0.2),1.07,3,0.5668,0.0321
RNG(0.2),1.08,3,0.5668,0.0321
RNG(0.2),1.09,3,0.5668,0.0321
RNG(0.2),1.1,3,0.5672,0.0319
RNG(0.2),1.11,3,0.5675,0.0326
RNG(0.2),1.12,3,0.5675,0.0326
RNG(0.2),1.13,3,0.568,0.0337
RNG(0.2),1.14,3,0.568,0.0337
RNG(0.2),1.15,3,0.5684,0.0338
RNG(0.2),1.16,3,0.5691,0.034
RNG(0.2),1.17,3,0.5695,0.035
RNG(0.2),1.18,3,0.5699,0.0341
RNG(0.2),1.19,3,0.5703,0.0348
RNG(0.2),1.2,3,0.5705,0.0347
RNG(0.2),1.21,3,0.5707,0.0353
RNG(0.2),1.22,3,0.5707,0.0353
RNG(0.2),1.23,3,0.5712,0.0353
RNG(0.2),1.24,3,0.5714,0.0346
RNG(0.2),1.25,3,0.5714,0.0346
RNG(0.2),1.26,3,0.5716,0.0351
RNG(0.2),1.27,3,0.5716,0.0351
RNG(0.2),1.28,3,0.5716,0.0351
RNG(0.2),1.29,3,0.5717,0.0357
RNG(0.2),1.3,3,0.5717,0.0357
RNG(0.2),1.31,3,0.5717,0.0357
RNG(0.2),1.32,3,0.5717,0.0357
RNG(0.2),1.33,3,0.5719,0.035
RNG(0.2),1.34,3,0.5719,0.035
RNG(0.2),1.35,3,0.5719,0.035
RNG(0.2),1.36,3,0.5721,0.0355
RNG(0.2),1.37,3,0.5722,0.0356
RNG(0.2),1.38,3,0.5723,0.0357
RNG(0.2),1.39,3,0.5723,0.0357
RNG(0.2),1.4,3,0.5723,0.0358
RNG(0.2),1.41,3,0.5723,0.0358
RNG(0.2),1.42,3,0.5724,0.0359
RNG(0.2),1.43,3,0.5726,0.036
RNG(0.2),1.44,3,0.5726,0.036
RNG(0.2),1.45,3,0.5726,0.036
RNG(0.2),1.46,3,0.5726,0.036
RNG(0.2),1.48,3,0.5726,0.036
RNG(0.2),1.49,3,0.5726,0.036
RNG(0.2),1.5,3,0.5727,0.0357
RNG(0.2),1.51,3,0.5728,0.0354
RNG(0.2),1.52,3,0.5728,0.0354
RNG(0.2),1.53,3,0.5728,0.0354
RNG(0.2),1.54,3,0.573,0.0349
RNG(0.2),1.55,3,0.5731,0.0353
RNG(0.2),1.56,2,0.5711,0.1747
RNG(0.2),1.57,2,0.5673,0.1264
RNG(0.2),1.58,3,0.5731,0.0353
RNG(0.2),1.59,3,0.5733,0.0355
RNG(0.2),1.6,3,0.5733,0.0355
RNG(0.2),1.61,2,0.5675,0.1296
RNG(0.2),1.62,3,0.5733,0.0355
RNG(0.2),1.63,3,0.5733,0.0355
RNG(0.2),1.64,3,0.5733,0.0355
RNG(0.2),1.65,3,0.5733,0.0355
RNG(0.2),1.66,2,0.5678,0.1341
RNG(0.2),1.67,3,0.5735,0.0357
RNG(0.2),1.68,3,0.5735,0.0357
RNG(0.2),1.69,3,0.5736,0.036
RNG(0.2),1.7,3,0.5737,0.0358
RNG(0.2),1.71,3,0.5737,0.0358
RNG(0.2),1.74,3,0.5737,0.0358
RNG(0.2),1.75,3,0.5737,0.0358
RNG(0.2),1.76,3,0.5738,0.036
RNG(0.2),1.77,3,0.5738,0.036
RNG(0.2),1.79,3,0.5739,0.0361
RNG(0.2),1.81,3,0.574,0.0362
RNG(0.2),1.83,3,0.574,0.0362
RNG(0.2),1.84,3,0.574,0.0362
RNG(0.2),1.88,3,0.574,0.0362
RNG(0.2),1.89,3,0.574,0.0362
RNG(0.2),1.9,3,0.574,0.0363
RNG(0.2),1.91,3,0.5739,0.0359
RNG(0.2),1.93,3,0.574,0.0361
RNG(0.2),1.94,2,0.5713,0.1747
RNG(0.2),1.95,2,0.5713,0.1747
RNG(0.2),1.97,3,0.574,0.0361
RNG(0.2),1.98,3,0.574,0.0361
RNG(0.2),1.99,2,0.5713,0.1747
RNG(0.2),2.01,1,0.5575,0.0
RNG(0.2),2.02,3,0.5741,0.0362
RNG(0.2),2.03,3,0.5741,0.0362
RNG(0.2),2.04,3,0.5741,0.0362
RNG(0.2),2.05,2,0.5713,0.1747
RNG(0.2),2.06,3,0.5741,0.0362
RNG(0.2),2.08,3,0.5741,0.0362
RNG(0.2),2.09,3,0.5741,0.0362
RNG(0.2),2.1,3,0.5741,0.0362
RNG(0.2),2.11,3,0.5741,0.0362
RNG(0.2),2.12,3,0.5742,0.0365
RNG(0.2),2.13,3,0.5742,0.0365
RNG(0.2),2.14,3,0.5742,0.0365
RNG(0.2),2.15,2,0.5712,0.1741
RNG(0.2),2.16,3,0.5742,0.0363
RNG(0.2),2.17,3,0.5742,0.0363
RNG(0.2),2.18,3,0.5742,0.0363
RNG(0.2),2.19,2,0.5688,0.1436
RNG(0.2),2.2,3,0.5742,0.0363
RNG(0.2),2.21,3,0.5742,0.0363
RNG(0.2),2.22,3,0.5742,0.0363
RNG(0.2),2.23,3,0.5742,0.0363
RNG(0.2),2.24,3,0.5742,0.0364
RNG(0.2),2.25,3,0.5742,0.0364
RNG(0.2),2.26,3,0.5742,0.0364
RNG(0.2),2.27,3,0.5742,0.0364
RNG(0.2),2.28,2,0.5712,0.1741
RNG(0.2),2.29,3,0.574,0.0359
RNG(0.2),2.3,3,0.574,0.0359
RNG(0.2),2.31,3,0.574,0.0359
RNG(0.2),2.32,2,0.571,0.1709
RNG(0.2),2.33,3,0.574,0.0359
RNG(0.2),2.34,3,0.574,0.0359
RNG(0.2),2.35,3,0.574,0.0359
RNG(0.2),2.36,3,0.574,0.0359
RNG(0.2),2.37,3,0.5739,0.0364
RNG(0.2),2.38,3,0.5739,0.0364
RNG(0.2),2.39,3,0.5739,0.0364
RNG(0.2),2.4,3,0.5739,0.0364
RNG(0.2),2.41,3,0.5739,0.0364
RNG(0.2),2.42,3,0.5739,0.0364
RNG(0.2),2.43,2,0.5687,0.1461
RNG(0.2),2.44,3,0.5739,0.0364
RNG(0.2),2.45,3,0.5739,0.0364
RNG(0.2),2.46,3,0.5738,0.0366
RNG(0.2),2.48,3,0.574,0.0368
RNG(0.2),2.49,3,0.5746,0.0341
RNG(0.2),2.5,1,0.5589,0.0
RNG(0.2),2.51,3,0.5746,0.0341
RNG(0.2),2.52,3,0.5746,0.0341
RNG(0.2),2.53,3,0.5746,0.0341
RNG(0.2),2.54,3,0.5746,0.0341
RNG(0.2),2.55,3,0.5746,0.0341
RNG(0.2),2.56,3,0.5746,0.0341
RNG(0.2),2.57,3,0.5746,0.0341
RNG(0.2),2.58,3,0.5746,0.0341
RNG(0.2),2.59,2,0.5716,0.162
RNG(0.2),2.61,3,0.5746,0.0341
RNG(0.2),2.62,3,0.5746,0.0341
RNG(0.2),2.63,3,0.5746,0.0341
RNG(0.2),2.64,3,0.5748,0.0344
RNG(0.2),2.65,3,0.5748,0.0347
RNG(0.2),2.66,2,0.5717,0.1677
RNG(0.2),2.67,3,0.5748,0.0347
RNG(0.2),2.69,3,0.5745,0.0338
RNG(0.2),2.7,3,0.5745,0.0338
RNG(0.2),2.71,3,0.5743,0.0326
RNG(0.2),2.72,3,0.5743,0.0326
RNG(0.2),2.73,3,0.5741,0.0333
RNG(0.2),2.74,3,0.5741,0.0333
RNG(0.2),2.75,3,0.5739,0.0327
RNG(0.2),2.76,3,0.5739,0.0327
RNG(0.2),2.77,3,0.5739,0.0327
RNG(0.2),2.78,3,0.5739,0.0327
RNG(0.2),2.79,3,0.5739,0.0327
RNG(0.2),2.8,3,0.5739,0.0327
RNG(0.2),2.81,3,0.5739,0.0327
RNG(0.2),2.82,3,0.5739,0.0327
RNG(0.2),2.83,3,0.5739,0.0327
RNG(0.2),2.84,3,0.5741,0.032
RNG(0.2),2.85,3,0.5741,0.032
RNG(0.2),2.86,3,0.5737,0.0324
RNG(0.2),2.87,2,0.5696,0.1385
RNG(0.2),2.88,3,0.5737,0.0324
RNG(0.2),2.89,3,0.5737,0.0324
RNG(0.2),2.91,3,0.5737,0.0324
RNG(0.2),2.92,3,0.5734,0.0316
RNG(0.2),2.93,3,0.5734,0.0316
RNG(0.2),2.94,3,0.5734,0.0316
RNG(0.2),2.95,3,0.5734,0.0316
RNG(0.2),2.96,3,0.5734,0.0316
RNG(0.2),2.97,3,0.5734,0.0316
RNG(0.2),2.98,3,0.5734,0.0316
RNG(0.2),2.99,3,0.5734,0.0316
RNG(0.2),3.0,3,0.5734,0.0316
RNG(0.2),3.01,3,0.5734,0.0316
RNG(0.2),3.02,3,0.5734,0.0316
RNG(0.2),3.03,3,0.5737,0.0302
RNG(0.2),3.04,3,0.5747,0.0305
RNG(0.2),3.05,3,0.575,0.031
RNG(0.2),3.06,3,0.575,0.031
RNG(0.2),3.07,3,0.575,0.031
RNG(0.2),3.08,2,0.571,0.1321
RNG(0.2),3.09,3,0.575,0.031
RNG(0.2),3.1,3,0.575,0.031
RNG(0.2),3.11,3,0.575,0.031
RNG(0.2),3.12,3,0.5747,0.0323
RNG(0.2),3.13,3,0.5747,0.0323
RNG(0.2),3.14,3,0.5744,0.0338
RNG(0.2),3.15,3,0.5747,0.0323
RNG(0.2),3.16,3,0.5747,0.0323
RNG(0.2),3.17,3,0.575,0.031
RNG(0.2),3.18,3,0.575,0.031
RNG(0.2),3.19,3,0.5749,0.0308
RNG(0.2),3.2,3,0.5768,0.0306
RNG(0.2),3.21,3,0.5768,0.0306
RNG(0.2),3.22,3,0.5768,0.0306
RNG(0.2),3.23,3,0.5768,0.0306
RNG(0.2),3.24,3,0.5768,0.0306
RNG(0.2),3.25,3,0.5771,0.0312
RNG(0.2),3.26,3,0.5771,0.0312
RNG(0.2),3.27,3,0.5771,0.0312
RNG(0.2),3.28,2,0.5737,0.141
RNG(0.2),3.29,3,0.5771,0.0312
RNG(0.2),3.3,3,0.5771,0.0312
RNG(0.2),3.31,3,0.5771,0.0312
RNG(0.2),3.32,3,0.5768,0.0306
RNG(0.2),3.33,3,0.5768,0.0306
RNG(0.2),3.34,2,0.5737,0.141
RNG(0.2),3.35,3,0.5768,0.0306
RNG(0.2),3.36,3,0.5768,0.0306
RNG(0.2),3.37,3,0.5768,0.0306
RNG(0.2),3.38,3,0.5768,0.0306
RNG(0.2),3.39,3,0.5768,0.0306
RNG(0.2),3.4,3,0.5768,0.0306
RNG(0.2),3.41,3,0.5765,0.03
RNG(0.2),3.42,3,0.5765,0.03
RNG(0.2),3.44,2,0.5737,0.141
RNG(0.2),3.45,3,0.5765,0.03
RNG(0.2),3.46,3,0.5768,0.0309
RNG(0.2),3.47,3,0.5768,0.0309
RNG(0.2),3.48,3,0.5768,0.0309
RNG(0.2),3.49,3,0.5768,0.0309
RNG(0.2),3.5,3,0.5767,0.0306
RNG(0.2),3.51,3,0.5767,0.0306
RNG(0.2),3.52,3,0.5767,0.0306
RNG(0.2),3.53,3,0.5767,0.0306
RNG(0.2),3.54,2,0.5723,0.1233
RNG(0.2),3.55,3,0.5767,0.0306
RNG(0.2),3.56,3,0.576,0.0315
RNG(0.2),3.57,1,0.5616,0.0
RNG(0.2),3.58,3,0.576,0.0315
RNG(0.2),3.59,3,0.576,0.0315
RNG(0.2),3.6,3,0.576,0.0315
RNG(0.2),3.61,3,0.576,0.0315
RNG(0.2),3.62,3,0.576,0.0315
RNG(0.2),3.63,3,0.576,0.0315
RNG(0.2),3.64,3,0.576,0.0315
RNG(0.2),3.65,3,0.576,0.0315
RNG(0.2),3.66,3,0.576,0.0315
RNG(0.2),3.69,3,0.576,0.0315
RNG(0.2),3.7,2,0.5713,0.1233
RNG(0.2),3.72,3,0.576,0.0315
RNG(0.2),3.74,2,0.5713,0.1233
RNG(0.2),3.75,3,0.576,0.0315
RNG(0.2),3.76,3,0.576,0.0315
RNG(0.2),3.77,3,0.576,0.0315
RNG(0.2),3.78,3,0.5759,0.0311
RNG(0.2),3.79,3,0.5759,0.0311
RNG(0.2),3.8,3,0.5759,0.0311
RNG(0.2),3.81,3,0.5759,0.0311
RNG(0.2),3.82,3,0.5759,0.0311
RNG(0.2),3.83,2,0.5713,0.1233
RNG(0.2),3.84,2,0.5713,0.1233
RNG(0.2),3.85,2,0.5733,0.1487
RNG(0.2),3.86,3,0.5759,0.0311
RNG(0.2),3.87,3,0.5759,0.0311
RNG(0.2),3.88,2,0.5733,0.1487
RNG(0.2),3.89,3,0.5759,0.0311
RNG(0.2),3.9,3,0.5759,0.0311
RNG(0.2),3.91,3,0.5759,0.0311
RNG(0.2),3.92,3,0.5759,0.0311
RNG(0.2),3.93,2,0.5713,0.1233
RNG(0.2),3.94,3,0.5759,0.0311
RNG(0.2),3.95,3,0.5759,0.0311
RNG(0.2),3.96,3,0.5759,0.0311
RNG(0.2),3.97,2,0.5733,0.1487
RNG(0.2),3.98,1,0.5616,0.0
RNG(0.2),3.99,3,0.5759,0.0311
RNG(0.2),4.01,3,0.5759,0.0311
RNG(0.2),4.02,3,0.5759,0.0311
RNG(0.2),4.03,3,0.5758,0.031
RNG(0.2),4.04,2,0.5733,0.1487
RNG(0.2),4.05,2,0.5733,0.1487
RNG(0.2),4.06,2,0.5712,0.122
RNG(0.2),4.07,3,0.5758,0.031
RNG(0.2),4.09,1,0.5616,0.0
RNG(0.2),4.1,3,0.5758,0.031
RNG(0.2),4.12,2,0.5733,0.1487
RNG(0.2),4.13,2,0.5712,0.122
RNG(0.2),4.16,3,0.5758,0.031
RNG(0.2),4.18,1,0.5616,0.0
RNG(0.2),4.21,2,0.5712,0.122
RNG(0.2),4.22,2,0.5712,0.122
RNG(0.2),4.23,2,0.5733,0.1487
RNG(0.2),4.24,2,0.5733,0.1487
RNG(0.2),4.27,2,0.5733,0.1487
RNG(0.2),4.28,1,0.5616,0.0
RNG(0.2),4.29,2,0.5733,0.1487
RNG(0.2),4.32,2,0.5733,0.1487
RNG(0.2),4.35,3,0.5758,0.031
RNG(0.2),4.37,3,0.5758,0.031
RNG(0.2),4.38,2,0.5733,0.1487
RNG(0.2),4.49,3,0.5758,0.031
RNG(0.2),4.57,2,0.5712,0.122
RNG(0.2),4.68,2,0.5733,0.1487
RNG(0.2),4.71,1,0.5616,0.0
RNG(0.2),4.72,1,0.5616,0.0
RNG(0.3),0.99,3,0.5668,0.0321
RNG(0.3),1.0,3,0.5668,0.0321
RNG(0.3),1.01,3,0.5668,0.0321
RNG(0.3),1.03,2,0.5617,0.1194
RNG(0.3),1.04,3,0.5668,0.0321
RNG(0.3),1.05,3,0.5668,0.0321
RNG(0.3),1.06,3,0.5668,0.0321
RNG(0.3),1.07,3,0.5668,0.0321
RNG(0.3),1.08,3,0.5668,0.0321
RNG(0.3),1.09,3,0.5668,0.0321
RNG(0.3),1.1,3,0.567,0.0314
RNG(0.3),1.11,3,0.5673,0.0321
RNG(0.3),1.12,3,0.5673,0.0321
RNG(0.3),1.13,3,0.5677,0.0328
RNG(0.3),1.14,3,0.5677,0.0328
RNG(0.3),1.15,3,0.5681,0.0328
RNG(0.3),1.16,3,0.5687,0.033
RNG(0.3),1.17,3,0.569,0.0335
RNG(0.3),1.18,3,0.5693,0.0333
RNG(0.3),1.19,3,0.5697,0.034
RNG(0.3),1.2,3,0.5699,0.034
RNG(0.3),1.21,3,0.5701,0.0346
RNG(0.3),1.22,3,0.5701,0.0346
RNG(0.3),1.23,3,0.5706,0.0345
RNG(0.3),1.24,3,0.5707,0.0338
RNG(0.3),1.25,3,0.5707,0.0338
RNG(0.3),1.26,3,0.5709,0.0343
RNG(0.3),1.27,3,0.5709,0.0343
RNG(0.3),1.28,3,0.5709,0.0343
RNG(0.3),1.29,3,0.5711,0.0348
RNG(0.3),1.3,3,0.5711,0.0348
RNG(0.3),1.31,3,0.5711,0.0348
RNG(0.3),1.32,3,0.5711,0.0348
RNG(0.3),1.33,3,0.5712,0.0341
RNG(0.3),1.34,3,0.5712,0.0341
RNG(0.3),1.35,3,0.5712,0.0341
RNG(0.3),1.36,3,0.5714,0.0346
RNG(0.3),1.37,3,0.5717,0.0349
RNG(0.3),1.38,3,0.5717,0.035
RNG(0.3),1.39,3,0.5717,0.035
RNG(0.3),1.4,3,0.5718,0.0351
RNG(0.3),1.41,3,0.5718,0.0351
RNG(0.3),1.42,3,0.5719,0.0353
RNG(0.3),1.43,3,0.5719,0.0353
RNG(0.3),1.44,3,0.5719,0.0353
RNG(0.3),1.45,3,0.5719,0.0353
RNG(0.3),1.46,3,0.5719,0.0353
RNG(0.3),1.48,3,0.5719,0.0353
RNG(0.3),1.49,3,0.5719,0.0353
RNG(0.3),1.5,3,0.5721,0.0349
RNG(0.3),1.51,3,0.5721,0.0349
RNG(0.3),1.52,3,0.5721,0.0349
RNG(0.3),1.53,3,0.5721,0.0349
RNG(0.3),1.54,3,0.5722,0.0345
RNG(0.3),1.55,3,0.5723,0.0349
RNG(0.3),1.56,2,0.5699,0.1709
RNG(0.3),1.57,2,0.5668,0.1309
RNG(0.3),1.58,3,0.5723,0.0349
RNG(0.3),1.59,3,0.5725,0.0352
RNG(0.3),1.6,3,0.5725,0.0352
RNG(0.3),1.61,2,0.5671,0.1341
RNG(0.3),1.62,3,0.5725,0.0352
RNG(0.3),1.63,3,0.5725,0.0352
RNG(0.3),1.64,3,0.5725,0.0352
RNG(0.3),1.65,3,0.5725,0.0352
RNG(0.3),1.66,2,0.5673,0.1372
RNG(0.3),1.67,3,0.5727,0.0354
RNG(0.3),1.68,3,0.5727,0.0354
RNG(0.3),1.69,3,0.5727,0.0354
RNG(0.3),1.7,3,0.5728,0.035
RNG(0.3),1.71,3,0.5728,0.035
RNG(0.3),1.74,3,0.5728,0.035
RNG(0.3),1.75,3,0.5728,0.035
RNG(0.3),1.76,3,0.5728,0.0351
RNG(0.3),1.77,3,0.5728,0.0351
RNG(0.3),1.79,3,0.5729,0.0352
RNG(0.3),1.81,3,0.573,0.0354
RNG(0.3),1.83,3,0.573,0.0354
RNG(0.3),1.84,3,0.573,0.0354
RNG(0.3),1.88,3,0.573,0.0354
RNG(0.3),1.89,3,0.573,0.0354
RNG(0.3),1.9,3,0.573,0.0354
RNG(0.3),1.91,3,0.5729,0.0351
RNG(0.3),1.93,3,0.573,0.0352
RNG(0.3),1.94,2,0.57,0.1677
RNG(0.3),1.95,2,0.57,0.1677
RNG(0.3),1.97,3,0.573,0.0352
RNG(0.3),1.98,3,0.573,0.0352
RNG(0.3),1.99,2,0.57,0.1677
RNG(0.3),2.01,1,0.5568,0.0
RNG(0.3),2.02,3,0.573,0.0353
RNG(0.3),2.03,3,0.573,0.0353
RNG(0.3),2.04,3,0.573,0.0353
RNG(0.3),2.05,2,0.57,0.1677
RNG(0.3),2.06,3,0.573,0.0353
RNG(0.3),2.08,3,0.573,0.0353
RNG(0.3),2.09,3,0.573,0.0353
RNG(0.3),2.1,3,0.573,0.0353
RNG(0.3),2.11,3,0.573,0.0353
RNG(0.3),2.12,3,0.5732,0.0356
RNG(0.3),2.13,3,0.5732,0.0356
RNG(0.3),2.14,3,0.5732,0.0356
RNG(0.3),2.15,2,0.57,0.1677
RNG(0.3),2.16,3,0.5732,0.0356
RNG(0.3),2.17,3,0.5732,0.0356
RNG(0.3),2.18,3,0.5732,0.0356
RNG(0.3),2.19,2,0.5682,0.1449
RNG(0.3),2.2,3,0.5732,0.0356
RNG(0.3),2.21,3,0.5732,0.0356
RNG(0.3),2.22,3,0.5732,0.0356
RNG(0.3),2.23,3,0.5732,0.0356
RNG(0.3),2.24,3,0.5732,0.0356
RNG(0.3),2.25,3,0.5732,0.0356
RNG(0.3),2.26,3,0.5732,0.0356
RNG(0.3),2.27,3,0.5732,0.0356
RNG(0.3),2.28,2,0.57,0.1677
RNG(0.3),2.29,3,0.5732,0.0356
RNG(0.3),2.3,3,0.5732,0.0356
RNG(0.3),2.31,3,0.5732,0.0356
RNG(0.3),2.32,2,0.57,0.1677
RNG(0.3),2.33,3,0.5732,0.0356
RNG(0.3),2.34,3,0.5732,0.0356
RNG(0.3),2.35,3,0.5732,0.0356
RNG(0.3),2.36,3,0.5732,0.0356
RNG(0.3),2.37,3,0.5731,0.0362
RNG(0.3),2.38,3,0.5731,0.0362
RNG(0.3),2.39,3,0.5731,0.0362
RNG(0.3),2.4,3,0.5731,0.0362
RNG(0.3),2.41,3,0.5731,0.0362
RNG(0.3),2.42,3,0.5731,0.0362
RNG(0.3),2.43,2,0.568,0.148
RNG(0.3),2.44,3,0.5731,0.0362
RNG(0.3),2.45,3,0.5731,0.0362
RNG(0.3),2.46,3,0.5731,0.0362
RNG(0.3),2.48,3,0.5731,0.0362
RNG(0.3),2.49,3,0.5731,0.0362
RNG(0.3),2.5,1,0.5564,0.0
RNG(0.3),2.51,3,0.5731,0.0362
RNG(0.3),2.52,3,0.5731,0.0362
RNG(0.3),2.53,3,0.5731,0.0362
RNG(0.3),2.54,3,0.5731,0.0362
RNG(0.3),2.55,3,0.5731,0.0362
RNG(0.3),2.56,3,0.5731,0.0362
RNG(0.3),2.57,3,0.5731,0.0362
RNG(0.3),2.58,3,0.5731,0.0362
RNG(0.3),2.59,2,0.5698,0.1703
RNG(0.3),2.61,3,0.5731,0.0362
RNG(0.3),2.62,3,0.5731,0.0362
RNG(0.3),2.63,3,0.5731,0.0362
RNG(0.3),2.64,3,0.5731,0.0362
RNG(0.3),2.65,3,0.5732,0.0365
RNG(0.3),2.66,2,0.57,0.1734
RNG(0.3),2.67,3,0.5732,0.0365
RNG(0.3),2.69,3,0.5728,0.0356
RNG(0.3),2.7,3,0.5728,0.0356
RNG(0.3),2.71,3,0.5728,0.0356
RNG(0.3),2.72,3,0.5728,0.0356
RNG(0.3),2.73,3,0.5728,0.0356
RNG(0.3),2.74,3,0.5728,0.0356
RNG(0.3),2.75,3,0.5726,0.035
RNG(0.3),2.76,3,0.5726,0.035
RNG(0.3),2.77,3,0.5726,0.035
RNG(0.3),2.78,3,0.5726,0.035
RNG(0.3),2.79,3,0.5726,0.035
RNG(0.3),2.8,3,0.5726,0.035
RNG(0.3),2.81,3,0.5726,0.035
RNG(0.3),2.82,3,0.5726,0.035
RNG(0.3),2.83,3,0.5726,0.035
RNG(0.3),2.84,3,0.5728,0.0343
RNG(0.3),2.85,3,0.5728,0.0343
RNG(0.3),2.86,3,0.5728,0.0343
RNG(0.3),2.87,2,0.5683,0.1449
RNG(0.3),2.88,3,0.5728,0.0343
RNG(0.3),2.89,3,0.5728,0.0343
RNG(0.3),2.91,3,0.5728,0.0343
RNG(0.3),2.92,3,0.5725,0.0335
RNG(0.3),2.93,3,0.5725,0.0335
RNG(0.3),2.94,3,0.5725,0.0335
RNG(0.3),2.95,3,0.5725,0.0335
RNG(0.3),2.96,3,0.5725,0.0335
RNG(0.3),2.97,3,0.5725,0.0335
RNG(0.3),2.98,3,0.5725,0.0335
RNG(0.3),2.99,3,0.5725,0.0335
RNG(0.3),3.0,3,0.5725,0.0335
RNG(0.3),3.01,3,0.5725,0.0335
RNG(0.3),3.02,3,0.5725,0.0335
RNG(0.3),3.03,3,0.5728,0.0321
RNG(0.3),3.04,3,0.5738,0.0322
RNG(0.3),3.05,3,0.5741,0.0327
RNG(0.3),3.06,3,0.5741,0.0327
RNG(0.3),3.07,3,0.5741,0.0327
RNG(0.3),3.08,2,0.5697,0.1379
RNG(0.3),3.09,3,0.5741,0.0327
RNG(0.3),3.1,3,0.5741,0.0327
RNG(0.3),3.11,3,0.5741,0.0327
RNG(0.3),3.12,3,0.5741,0.0327
RNG(0.3),3.13,3,0.5741,0.0327
RNG(0.3),3.14,3,0.5741,0.0327
RNG(0.3),3.15,3,0.5741,0.0327
RNG(0.3),3.16,3,0.5741,0.0327
RNG(0.3),3.17,3,0.5741,0.0327
RNG(0.3),3.18,3,0.5741,0.0327
RNG(0.3),3.19,3,0.5739,0.0324
RNG(0.3),3.2,3,0.5758,0.0324
RNG(0.3),3.21,3,0.5758,0.0324
RNG(0.3),3.22,3,0.5758,0.0324
RNG(0.3),3.23,3,0.5758,0.0324
RNG(0.3),3.24,3,0.5758,0.0324
RNG(0.3),3.25,3,0.5762,0.0331
RNG(0.3),3.26,3,0.5762,0.0331
RNG(0.3),3.27,3,0.5762,0.0331
RNG(0.3),3.28,2,0.5724,0.1474
RNG(0.3),3.29,3,0.5762,0.0331
RNG(0.3),3.3,3,0.5762,0.0331
RNG(0.3),3.31,3,0.5762,0.0331
RNG(0.3),3.32,3,0.5758,0.0324
RNG(0.3),3.33,3,0.5758,0.0324
RNG(0.3),3.34,2,0.5724,0.1474
RNG(0.3),3.35,3,0.5758,0.0324
RNG(0.3),3.36,3,0.5758,0.0324
RNG(0.3),3.37,3,0.5758,0.0324
RNG(0.3),3.38,3,0.5758,0.0324
RNG(0.3),3.39,3,0.5758,0.0324
RNG(0.3),3.4,3,0.5758,0.0324
RNG(0.3),3.41,3,0.5755,0.0318
RNG(0.3),3.42,3,0.5755,0.0318
RNG(0.3),3.44,2,0.5724,0.1474
RNG(0.3),3.45,3,0.5755,0.0318
RNG(0.3),3.46,3,0.5755,0.0318
RNG(0.3),3.47,3,0.5755,0.0318
RNG(0.3),3.48,3,0.5755,0.0318
RNG(0.3),3.49,3,0.5755,0.0318
RNG(0.3),3.5,3,0.5754,0.0316
RNG(0.3),3.51,3,0.5754,0.0316
RNG(0.3),3.52,3,0.5754,0.0316
RNG(0.3),3.53,3,0.5754,0.0316
RNG(0.3),3.54,2,0.5713,0.1334
RNG(0.3),3.55,3,0.5754,0.0316
RNG(0.3),3.56,3,0.5748,0.0324
RNG(0.3),3.57,1,0.5598,0.0
RNG(0.3),3.58,3,0.5748,0.0324
RNG(0.3),3.59,3,0.5748,0.0324
RNG(0.3),3.6,3,0.5748,0.0324
RNG(0.3),3.61,3,0.5748,0.0324
RNG(0.3),3.62,3,0.5748,0.0324
RNG(0.3),3.63,3,0.5748,0.0324
RNG(0.3),3.64,3,0.5748,0.0324
RNG(0.3),3.65,3,0.5748,0.0324
RNG(0.3),3.66,3,0.5748,0.0324
RNG(0.3),3.69,3,0.5748,0.0324
RNG(0.3),3.7,2,0.5703,0.1334
RNG(0.3),3.72,3,0.5748,0.0324
RNG(0.3),3.74,2,0.5703,0.1334
RNG(0.3),3.75,3,0.5748,0.0324
RNG(0.3),3.76,3,0.5748,0.0324
RNG(0.3),3.77,3,0.5748,0.0324
RNG(0.3),3.78,3,0.5748,0.0324
RNG(0.3),3.79,3,0.5748,0.0324
RNG(0.3),3.8,3,0.5748,0.0324
RNG(0.3),3.81,3,0.5748,0.0324
RNG(0.3),3.82,3,0.5748,0.0324
RNG(0.3),3.83,2,0.5703,0.1334
RNG(0.3),3.84,2,0.5703,0.1334
RNG(0.3),3.85,2,0.5717,0.1518
RNG(0.3),3.86,3,0.5748,0.0324
RNG(0.3),3.87,3,0.5748,0.0324
RNG(0.3),3.88,2,0.5717,0.1518
RNG(0.3),3.89,3,0.5748,0.0324
RNG(0.3),3.9,3,0.5748,0.0324
RNG(0.3),3.91,3,0.5748,0.0324
RNG(0.3),3.92,3,0.5748,0.0324
RNG(0.3),3.93,2,0.5703,0.1334
RNG(0.3),3.94,3,0.5748,0.0324
RNG(0.3),3.95,3,0.5748,0.0324
RNG(0.3),3.96,3,0.5748,0.0324
RNG(0.3),3.97,2,0.5717,0.1518
RNG(0.3),3.98,1,0.5598,0.0
RNG(0.3),3.99,3,0.5748,0.0324
RNG(0.3),4.01,3,0.5748,0.0324
RNG(0.3),4.02,3,0.5748,0.0324
RNG(0.3),4.03,3,0.5748,0.0324
RNG(0.3),4.04,2,0.5717,0.1518
RNG(0.3),4.05,2,0.5717,0.1518
RNG(0.3),4.06,2,0.5703,0.1334
RNG(0.3),4.07,3,0.5748,0.0324
RNG(0.3),4.09,1,0.5598,0.0
RNG(0.3),4.1,3,0.5748,0.0324
RNG(0.3),4.12,2,0.5717,0.1518
RNG(0.3),4.13,2,0.5703,0.1334
RNG(0.3),4.16,3,0.5748,0.0324
RNG(0.3),4.18,1,0.5598,0.0
RNG(0.3),4.21,2,0.5703,0.1334
RNG(0.3),4.22,2,0.5703,0.1334
RNG(0.3),4.23,2,0.5717,0.1518
RNG(0.3),4.24,2,0.5717,0.1518
RNG(0.3),4.27,2,0.5717,0.1518
RNG(0.3),4.28,1,0.5598,0.0
RNG(0.3),4.29,2,0.5717,0.1518
RNG(0.3),4.32,2,0.5717,0.1518
RNG(0.3),4.35,3,0.5748,0.0324
RNG(0.3),4.37,3,0.5748,0.0324
RNG(0.3),4.38,2,0.5717,0.1518
RNG(0.3),4.49,3,0.5748,0.0324
RNG(0.3),4.57,2,0.5703,0.1334
RNG(0.3),4.68,2,0.5717,0.1518
RNG(0.3),4.71,1,0.5598,0.0
RNG(0.3),4.72,1,0.5598,0.0
RNG(0.5),0.99,3,0.5668,0.0321
RNG(0.5),1.0,3,0.5668,0.0321
RNG(0.5),1.01,3,0.5668,0.0321
RNG(0.5),1.03,2,0.5617,0.1194
RNG(0.5),1.04,3,0.5668,0.0321
RNG(0.5),1.05,3,0.5668,0.0321
RNG(0.5),1.06,3,0.5668,0.0321
RNG(0.5),1.07,3,0.5668,0.0321
RNG(0.5),1.08,3,0.5668,0.0321
RNG(0.5),1.09,3,0.5668,0.0321
RNG(0.5),1.1,3,0.5668,0.0321
RNG(0.5),1.11,3,0.567,0.0324
RNG(0.5),1.12,3,0.567,0.0324
RNG(0.5),1.13,3,0.5673,0.0331
RNG(0.5),1.14,3,0.5673,0.0331
RNG(0.5),1.15,3,0.5676,0.0327
RNG(0.5),1.16,3,0.5682,0.0328
RNG(0.5),1.17,3,0.5684,0.033
RNG(0.5),1.18,3,0.5684,0.033
RNG(0.5),1.19,3,0.5685,0.0335
RNG(0.5),1.2,3,0.5687,0.0337
RNG(0.5),1.21,3,0.5689,0.0342
RNG(0.5),1.22,3,0.5689,0.0342
RNG(0.5),1.23,3,0.5694,0.0342
RNG(0.5),1.24,3,0.5696,0.0335
RNG(0.5),1.25,3,0.5696,0.0335
RNG(0.5),1.26,3,0.5697,0.0339
RNG(0.5),1.27,3,0.5697,0.0339
RNG(0.5),1.28,3,0.5697,0.0339
RNG(0.5),1.29,3,0.5699,0.0344
RNG(0.5),1.3,3,0.5699,0.0344
RNG(0.5),1.31,3,0.5699,0.0344
RNG(0.5),1.32,3,0.5699,0.0344
RNG(0.5),1.33,3,0.5699,0.0344
RNG(0.5),1.34,3,0.5699,0.0344
RNG(0.5),1.35,3,0.5699,0.0344
RNG(0.5),1.36,3,0.5699,0.0344
RNG(0.5),1.37,3,0.57,0.0346
RNG(0.5),1.38,3,0.57,0.0346
RNG(0.5),1.39,3,0.57,0.0346
RNG(0.5),1.4,3,0.57,0.0346
RNG(0.5),1.41,3,0.57,0.0346
RNG(0.5),1.42,3,0.57,0.0346
RNG(0.5),1.43,3,0.57,0.0346
RNG(0.5),1.44,3,0.57,0.0346
RNG(0.5),1.45,3,0.57,0.0346
RNG(0.5),1.46,3,0.57,0.0346
RNG(0.5),1.48,3,0.57,0.0346
RNG(0.5),1.49,3,0.57,0.0346
RNG(0.5),1.5,3,0.5701,0.0342
RNG(0.5),1.51,3,0.5701,0.0342
RNG(0.5),1.52,3,0.5701,0.0342
RNG(0.5),1.53,3,0.5701,0.0342
RNG(0.5),1.54,3,0.5702,0.0338
RNG(0.5),1.55,3,0.5704,0.0343
RNG(0.5),1.56,2,0.5681,0.1677
RNG(0.5),1.57,2,0.5649,0.1277
RNG(0.5),1.58,3,0.5704,0.0343
RNG(0.5),1.59,3,0.5704,0.0343
RNG(0.5),1.6,3,0.5704,0.0343
RNG(0.5),1.61,2,0.5649,0.1277
RNG(0.5),1.62,3,0.5704,0.0343
RNG(0.5),1.63,3,0.5704,0.0343
RNG(0.5),1.64,3,0.5704,0.0343
RNG(0.5),1.65,3,0.5704,0.0343
RNG(0.5),1.66,2,0.5649,0.1277
RNG(0.5),1.67,3,0.5704,0.0343
RNG(0.5),1.68,3,0.5704,0.0343
RNG(0.5),1.69,3,0.5704,0.0343
RNG(0.5),1.7,3,0.5705,0.0338
RNG(0.5),1.71,3,0.5705,0.0338
RNG(0.5),1.74,3,0.5705,0.0338
RNG(0.5),1.75,3,0.5705,0.0338
RNG(0.5),1.76,3,0.5706,0.0339
RNG(0.5),1.77,3,0.5706,0.0339
RNG(0.5),1.79,3,0.5706,0.0339
RNG(0.5),1.81,3,0.5706,0.0339
RNG(0.5),1.83,3,0.5706,0.0339
RNG(0.5),1.84,3,0.5706,0.0339
RNG(0.5),1.88,3,0.5706,0.0339
RNG(0.5),1.89,3,0.5706,0.0339
RNG(0.5),1.9,3,0.5706,0.0339
RNG(0.5),1.91,3,0.5706,0.0339
RNG(0.5),1.93,3,0.5706,0.0339
RNG(0.5),1.94,2,0.5683,0.1658
RNG(0.5),1.95,2,0.5683,0.1658
RNG(0.5),1.97,3,0.5706,0.0339
RNG(0.5),1.98,3,0.5706,0.0339
RNG(0.5),1.99,2,0.5683,0.1658
RNG(0.5),2.01,1,0.5552,0.0
RNG(0.5),2.02,3,0.5706,0.0339
RNG(0.5),2.03,3,0.5706,0.0339
RNG(0.5),2.04,3,0.5706,0.0339
RNG(0.5),2.05,2,0.5683,0.1658
RNG(0.5),2.06,3,0.5706,0.0339
RNG(0.5),2.08,3,0.5706,0.0339
RNG(0.5),2.09,3,0.5706,0.0339
RNG(0.5),2.1,3,0.5706,0.0339
RNG(0.5),2.11,3,0.5706,0.0339
RNG(0.5),2.12,3,0.5707,0.0341
RNG(0.5),2.13,3,0.5707,0.0341
RNG(0.5),2.14,3,0.5707,0.0341
RNG(0.5),2.15,2,0.5683,0.1658
RNG(0.5),2.16,3,0.5707,0.0341
RNG(0.5),2.17,3,0.5707,0.0341
RNG(0.5),2.18,3,0.5707,0.0341
RNG(0.5),2.19,2,0.5655,0.1302
RNG(0.5),2.2,3,0.5707,0.0341
RNG(0.5),2.21,3,0.5707,0.0341
RNG(0.5),2.22,3,0.5707,0.0341
RNG(0.5),2.23,3,0.5707,0.0341
RNG(0.5),2.24,3,0.5708,0.0342
RNG(0.5),2.25,3,0.5708,0.0342
RNG(0.5),2.26,3,0.5708,0.0342
RNG(0.5),2.27,3,0.5708,0.0342
RNG(0.5),2.28,2,0.5683,0.1658
RNG(0.5),2.29,3,0.5708,0.0342
RNG(0.5),2.3,3,0.5708,0.0342
RNG(0.5),2.31,3,0.5708,0.0342
RNG(0.5),2.32,2,0.5683,0.1658
RNG(0.5),2.33,3,0.5708,0.0342
RNG(0.5),2.34,3,0.5708,0.0342
RNG(0.5),2.35,3,0.5708,0.0342
RNG(0.5),2.36,3,0.5708,0.0342
RNG(0.5),2.37,3,0.5708,0.0342
RNG(0.5),2.38,3,0.5708,0.0342
RNG(0.5),2.39,3,0.5708,0.0342
RNG(0.5),2.4,3,0.5708,0.0342
RNG(0.5),2.41,3,0.5708,0.0342
RNG(0.5),2.42,3,0.5708,0.0342
RNG(0.5),2.43,2,0.5655,0.1315
RNG(0.5),2.44,3,0.5708,0.0342
RNG(0.5),2.45,3,0.5708,0.0342
RNG(0.5),2.46,3,0.5708,0.0342
RNG(0.5),2.48,3,0.5708,0.0342
RNG(0.5),2.49,3,0.5708,0.0342
RNG(0.5),2.5,1,0.5552,0.0
RNG(0.5),2.51,3,0.5708,0.0342
RNG(0.5),2.52,3,0.5708,0.0342
RNG(0.5),2.53,3,0.5708,0.0342
RNG(0.5),2.54,3,0.5708,0.0342
RNG(0.5),2.55,3,0.5708,0.0342
RNG(0.5),2.56,3,0.5708,0.0342
RNG(0.5),2.57,3,0.5708,0.0342
RNG(0.5),2.58,3,0.5708,0.0342
RNG(0.5),2.59,2,0.5683,0.1658
RNG(0.5),2.61,3,0.5708,0.0342
RNG(0.5),2.62,3,0.5708,0.0342
RNG(0.5),2.63,3,0.5708,0.0342
RNG(0.5),2.64,3,0.5708,0.0342
RNG(0.5),2.65,3,0.5707,0.034
RNG(0.5),2.66,2,0.5683,0.1658
RNG(0.5),2.67,3,0.5707,0.034
RNG(0.5),2.69,3,0.5707,0.034
RNG(0.5),2.7,3,0.5707,0.034
RNG(0.5),2.71,3,0.5707,0.034
RNG(0.5),2.72,3,0.5707,0.034
RNG(0.5),2.73,3,0.5707,0.034
RNG(0.5),2.74,3,0.5707,0.034
RNG(0.5),2.75,3,0.5707,0.034
RNG(0.5),2.76,3,0.5707,0.034
RNG(0.5),2.77,3,0.5707,0.034
RNG(0.5),2.78,3,0.5707,0.034
RNG(0.5),2.79,3,0.5707,0.034
RNG(0.5),2.8,3,0.5707,0.034
RNG(0.5),2.81,3,0.5707,0.034
RNG(0.5),2.82,3,0.5707,0.034
RNG(0.5),2.83,3,0.5707,0.034
RNG(0.5),2.84,3,0.5707,0.034
RNG(0.5),2.85,3,0.5707,0.034
RNG(0.5),2.86,3,0.5707,0.034
RNG(0.5),2.87,2,0.5654,0.129
RNG(0.5),2.88,3,0.5707,0.034
RNG(0.5),2.89,3,0.5707,0.034
RNG(0.5),2.91,3,0.5707,0.034
RNG(0.5),2.92,3,0.5707,0.034
RNG(0.5),2.93,3,0.5707,0.034
RNG(0.5),2.94,3,0.5707,0.034
RNG(0.5),2.95,3,0.5707,0.034
RNG(0.5),2.96,3,0.5707,0.034
RNG(0.5),2.97,3,0.5707,0.034
RNG(0.5),2.98,3,0.5707,0.034
RNG(0.5),2.99,3,0.5707,0.034
RNG(0.5),3.0,3,0.5707,0.034
RNG(0.5),3.01,3,0.5707,0.034
RNG(0.5),3.02,3,0.5707,0.034
RNG(0.5),3.03,3,0.5707,0.034
RNG(0.5),3.04,3,0.5713,0.0359
RNG(0.5),3.05,3,0.5713,0.0359
RNG(0.5),3.06,3,0.5713,0.0359
RNG(0.5),3.07,3,0.5713,0.0359
RNG(0.5),3.08,2,0.5654,0.129
RNG(0.5),3.09,3,0.5713,0.0359
RNG(0.5),3.1,3,0.5713,0.0359
RNG(0.5),3.11,3,0.5713,0.0359
RNG(0.5),3.12,3,0.5713,0.0359
RNG(0.5),3.13,3,0.5713,0.0359
RNG(0.5),3.14,3,0.5713,0.0359
RNG(0.5),3.15,3,0.5713,0.0359
RNG(0.5),3.16,3,0.5713,0.0359
RNG(0.5),3.17,3,0.5713,0.0359
RNG(0.5),3.18,3,0.5713,0.0359
RNG(0.5),3.19,3,0.5712,0.0358
RNG(0.5),3.2,3,0.5731,0.0348
RNG(0.5),3.21,3,0.5731,0.0348
RNG(0.5),3.22,3,0.5731,0.0348
RNG(0.5),3.23,3,0.5731,0.0348
RNG(0.5),3.24,3,0.5731,0.0348
RNG(0.5),3.25,3,0.5734,0.0357
RNG(0.5),3.26,3,0.5734,0.0357
RNG(0.5),3.27,3,0.5734,0.0357
RNG(0.5),3.28,2,0.568,0.1385
RNG(0.5),3.29,3,0.5734,0.0357
RNG(0.5),3.3,3,0.5734,0.0357
RNG(0.5),3.31,3,0.5734,0.0357
RNG(0.5),3.32,3,0.5734,0.0357
RNG(0.5),3.33,3,0.5734,0.0357
RNG(0.5),3.34,2,0.568,0.1385
RNG(0.5),3.35,3,0.5734,0.0357
RNG(0.5),3.36,3,0.5734,0.0357
RNG(0.5),3.37,3,0.5734,0.0357
RNG(0.5),3.38,3,0.5734,0.0357
RNG(0.5),3.39,3,0.5734,0.0357
RNG(0.5),3.4,3,0.5734,0.0357
RNG(0.5),3.41,3,0.5734,0.0357
RNG(0.5),3.42,3,0.5734,0.0357
RNG(0.5),3.44,2,0.568,0.1385
RNG(0.5),3.45,3,0.5734,0.0357
RNG(0.5),3.46,3,0.5734,0.0357
RNG(0.5),3.47,3,0.5734,0.0357
RNG(0.5),3.48,3,0.5734,0.0357
RNG(0.5),3.49,3,0.5734,0.0357
RNG(0.5),3.5,3,0.5733,0.0355
RNG(0.5),3.51,3,0.5733,0.0355
RNG(0.5),3.52,3,0.5733,0.0355
RNG(0.5),3.53,3,0.5733,0.0355
RNG(0.5),3.54,2,0.5707,0.1722
RNG(0.5),3.55,3,0.5733,0.0355
RNG(0.5),3.56,3,0.5726,0.036
RNG(0.5),3.57,1,0.5561,0.0
RNG(0.5),3.58,3,0.5726,0.036
RNG(0.5),3.59,3,0.5726,0.036
RNG(0.5),3.6,3,0.5726,0.036
RNG(0.5),3.61,3,0.5726,0.036
RNG(0.5),3.62,3,0.5726,0.036
RNG(0.5),3.63,3,0.5726,0.036
RNG(0.5),3.64,3,0.5726,0.036
RNG(0.5),3.65,3,0.5726,0.036
RNG(0.5),3.66,3,0.5726,0.036
RNG(0.5),3.69,3,0.5726,0.036
RNG(0.5),3.7,2,0.5696,0.1722
RNG(0.5),3.72,3,0.5726,0.036
RNG(0.5),3.74,2,0.5696,0.1722
RNG(0.5),3.75,3,0.5726,0.036
RNG(0.5),3.76,3,0.5726,0.036
RNG(0.5),3.77,3,0.5726,0.036
RNG(0.5),3.78,3,0.5726,0.036
RNG(0.5),3.79,3,0.5726,0.036
RNG(0.5),3.8,3,0.5726,0.036
RNG(0.5),3.81,3,0.5726,0.036
RNG(0.5),3.82,3,0.5726,0.036
RNG(0.5),3.83,2,0.5696,0.1722
RNG(0.5),3.84,2,0.5696,0.1722
RNG(0.5),3.85,2,0.5674,0.1429
RNG(0.5),3.86,3,0.5726,0.036
RNG(0.5),3.87,3,0.5726,0.036
RNG(0.5),3.88,2,0.5674,0.1429
RNG(0.5),3.89,3,0.5726,0.036
RNG(0.5),3.9,3,0.5726,0.036
RNG(0.5),3.91,3,0.5726,0.036
RNG(0.5),3.92,3,0.5726,0.036
RNG(0.5),3.93,2,0.5696,0.1722
RNG(0.5),3.94,3,0.5726,0.036
RNG(0.5),3.95,3,0.5726,0.036
RNG(0.5),3.96,3,0.5726,0.036
RNG(0.5),3.97,2,0.5674,0.1429
RNG(0.5),3.98,1,0.5561,0.0
RNG(0.5),3.99,3,0.5726,0.036
RNG(0.5),4.01,3,0.5726,0.036
RNG(0.5),4.02,3,0.5726,0.036
RNG(0.5),4.03,3,0.5726,0.036
RNG(0.5),4.04,2,0.5674,0.1429
RNG(0.5),4.05,2,0.5674,0.1429
RNG(0.5),4.06,2,0.5696,0.1722
RNG(0.5),4.07,3,0.5726,0.036
RNG(0.5),4.09,1,0.5561,0.0
RNG(0.5),4.1,3,0.5726,0.036
RNG(0.5),4.12,2,0.5674,0.1429
RNG(0.5),4.13,2,0.5696,0.1722
RNG(0.5),4.16,3,0.5726,0.036
RNG(0.5),4.18,1,0.5561,0.0
RNG(0.5),4.21,2,0.5696,0.1722
RNG(0.5),4.22,2,0.5696,0.1722
RNG(0.5),4.23,2,0.5674,0.1429
RNG(0.5),4.24,2,0.5674,0.1429
RNG(0.5),4.27,2,0.5674,0.1429
RNG(0.5),4.28,1,0.5561,0.0
RNG(0.5),4.29,2,0.5674,0.1429
RNG(0.5),4.32,2,0.5674,0.1429
RNG(0.5),4.35,3,0.5726,0.036
RNG(0.5),4.37,3,0.5726,0.036
RNG(0.5),4.38,2,0.5674,0.1429
RNG(0.5),4.49,3,0.5726,0.036
RNG(0.5),4.57,2,0.5696,0.1722
RNG(0.5),4.68,2,0.5674,0.1429
RNG(0.5),4.71,1,0.5561,0.0
RNG(0.5),4.72,1,0.5561,0.0
RNG(1),0.99,3,0.5668,0.0321
RNG(1),1.0,3,0.5668,0.0321
RNG(1),1.01,3,0.5668,0.0321
RNG(1),1.03,2,0.5617,0.1194
RNG(1),1.04,3,0.5668,0.0321
RNG(1),1.05,3,0.5668,0.0321
RNG(1),1.06,3,0.5668,0.0321
RNG(1),1.07,3,0.5668,0.0321
RNG(1),1.08,3,0.5668,0.0321
RNG(1),1.09,3,0.5668,0.0321
RNG(1),1.1,3,0.5668,0.0321
RNG(1),1.11,3,0.5668,0.0321
RNG(1),1.12,3,0.5668,0.0321
RNG(1),1.13,3,0.567,0.0324
RNG(1),1.14,3,0.567,0.0324
RNG(1),1.15,3,0.5673,0.032
RNG(1),1.16,3,0.5677,0.0316
RNG(1),1.17,3,0.5677,0.0316
RNG(1),1.18,3,0.5677,0.0316
RNG(1),1.19,3,0.5677,0.0316
RNG(1),1.2,3,0.5679,0.0318
RNG(1),1.21,3,0.5679,0.0319
RNG(1),1.22,3,0.5679,0.0319
RNG(1),1.23,3,0.5683,0.0317
RNG(1),1.24,3,0.5684,0.031
RNG(1),1.25,3,0.5684,0.031
RNG(1),1.26,3,0.5684,0.031
RNG(1),1.27,3,0.5684,0.031
RNG(1),1.28,3,0.5684,0.031
RNG(1),1.29,3,0.5684,0.031
RNG(1),1.3,3,0.5684,0.031
RNG(1),1.31,3,0.5684,0.031
RNG(1),1.32,3,0.5684,0.031
RNG(1),1.33,3,0.5684,0.031
RNG(1),1.34,3,0.5684,0.031
RNG(1),1.35,3,0.5684,0.031
RNG(1),1.36,3,0.5684,0.031
RNG(1),1.37,3,0.5684,0.031
RNG(1),1.38,3,0.5684,0.031
RNG(1),1.39,3,0.5684,0.031
RNG(1),1.4,3,0.5684,0.031
RNG(1),1.41,3,0.5684,0.031
RNG(1),1.42,3,0.5684,0.031
RNG(1),1.43,3,0.5684,0.031
RNG(1),1.44,3,0.5684,0.031
RNG(1),1.45,3,0.5684,0.031
RNG(1),1.46,3,0.5684,0.031
RNG(1),1.48,3,0.5684,0.031
RNG(1),1.49,3,0.5684,0.031
RNG(1),1.5,3,0.5684,0.031
RNG(1),1.51,3,0.5684,0.031
RNG(1),1.52,3,0.5684,0.031
RNG(1),1.53,3,0.5684,0.031
RNG(1),1.54,3,0.5684,0.031
RNG(1),1.55,3,0.5686,0.0315
RNG(1),1.56,2,0.5664,0.1531
RNG(1),1.57,2,0.5637,0.1194
RNG(1),1.58,3,0.5686,0.0315
RNG(1),1.59,3,0.5686,0.0315
RNG(1),1.6,3,0.5686,0.0315
RNG(1),1.61,2,0.5637,0.1194
RNG(1),1.62,3,0.5686,0.0315
RNG(1),1.63,3,0.5686,0.0315
RNG(1),1.64,3,0.5686,0.0315
RNG(1),1.65,3,0.5686,0.0315
RNG(1),1.66,2,0.5637,0.1194
RNG(1),1.67,3,0.5686,0.0315
RNG(1),1.68,3,0.5686,0.0315
RNG(1),1.69,3,0.5687,0.0317
RNG(1),1.7,3,0.5687,0.0314
RNG(1),1.71,3,0.5687,0.0314
RNG(1),1.74,3,0.5687,0.0314
RNG(1),1.75,3,0.5687,0.0314
RNG(1),1.76,3,0.5688,0.0315
RNG(1),1.77,3,0.5688,0.0315
RNG(1),1.79,3,0.5688,0.0315
RNG(1),1.81,3,0.5688,0.0315
RNG(1),1.83,3,0.5688,0.0315
RNG(1),1.84,3,0.5688,0.0315
RNG(1),1.88,3,0.5688,0.0315
RNG(1),1.89,3,0.5688,0.0315
RNG(1),1.9,3,0.5688,0.0315
RNG(1),1.91,3,0.5688,0.0315
RNG(1),1.93,3,0.5688,0.0315
RNG(1),1.94,2,0.5665,0.1531
RNG(1),1.95,2,0.5665,0.1531
RNG(1),1.97,3,0.5688,0.0315
RNG(1),1.98,3,0.5688,0.0315
RNG(1),1.99,2,0.5665,0.1531
RNG(1),2.01,1,0.5545,0.0
RNG(1),2.02,3,0.5688,0.0315
RNG(1),2.03,3,0.5688,0.0315
RNG(1),2.04,3,0.5688,0.0315
RNG(1),2.05,2,0.5665,0.1531
RNG(1),2.06,3,0.5688,0.0315
RNG(1),2.08,3,0.5688,0.0315
RNG(1),2.09,3,0.5688,0.0315
RNG(1),2.1,3,0.5688,0.0315
RNG(1),2.11,3,0.569,0.0308
RNG(1),2.12,3,0.569,0.0308
RNG(1),2.13,3,0.569,0.0308
RNG(1),2.14,3,0.569,0.0308
RNG(1),2.15,2,0.5668,0.1499
RNG(1),2.16,3,0.569,0.0308
RNG(1),2.17,3,0.569,0.0308
RNG(1),2.18,3,0.569,0.0308
RNG(1),2.19,2,0.5642,0.1169
RNG(1),2.2,3,0.569,0.0308
RNG(1),2.21,3,0.569,0.0308
RNG(1),2.22,3,0.569,0.0308
RNG(1),2.23,3,0.569,0.0308
RNG(1),2.24,3,0.569,0.0308
RNG(1),2.25,3,0.569,0.0308
RNG(1),2.26,3,0.569,0.0308
RNG(1),2.27,3,0.569,0.0308
RNG(1),2.28,2,0.5668,0.1499
RNG(1),2.29,3,0.569,0.0308
RNG(1),2.3,3,0.569,0.0308
RNG(1),2.31,3,0.569,0.0308
RNG(1),2.32,2,0.5668,0.1499
RNG(1),2.33,3,0.569,0.0308
RNG(1),2.34,3,0.569,0.0308
RNG(1),2.35,3,0.569,0.0308
RNG(1),2.36,3,0.569,0.0308
RNG(1),2.37,3,0.569,0.0308
RNG(1),2.38,3,0.569,0.0308
RNG(1),2.39,3,0.569,0.0308
RNG(1),2.4,3,0.569,0.0308
RNG(1),2.41,3,0.569,0.0308
RNG(1),2.42,3,0.569,0.0308
RNG(1),2.43,2,0.5642,0.1169
RNG(1),2.44,3,0.569,0.0308
RNG(1),2.45,3,0.569,0.0308
RNG(1),2.46,3,0.569,0.0308
RNG(1),2.48,3,0.569,0.0308
RNG(1),2.49,3,0.569,0.0308
RNG(1),2.5,1,0.555,0.0
RNG(1),2.51,3,0.569,0.0308
RNG(1),2.52,3,0.569,0.0308
RNG(1),2.53,3,0.569,0.0308
RNG(1),2.54,3,0.569,0.0308
RNG(1),2.55,3,0.569,0.0308
RNG(1),2.56,3,0.569,0.0308
RNG(1),2.57,3,0.569,0.0308
RNG(1),2.58,3,0.569,0.0308
RNG(1),2.59,2,0.5668,0.1499
RNG(1),2.61,3,0.569,0.0308
RNG(1),2.62,3,0.569,0.0308
RNG(1),2.63,3,0.569,0.0308
RNG(1),2.64,3,0.569,0.0308
RNG(1),2.65,3,0.569,0.0308
RNG(1),2.66,2,0.5668,0.1499
RNG(1),2.67,3,0.569,0.0308
RNG(1),2.69,3,0.569,0.0308
RNG(1),2.7,3,0.569,0.0308
RNG(1),2.71,3,0.569,0.0308
RNG(1),2.72,3,0.569,0.0308
RNG(1),2.73,3,0.569,0.0308
RNG(1),2.74,3,0.569,0.0308
RNG(1),2.75,3,0.569,0.0308
RNG(1),2.76,3,0.569,0.0308
RNG(1),2.77,3,0.569,0.0308
RNG(1),2.78,3,0.569,0.0308
RNG(1),2.79,3,0.569,0.0308
RNG(1),2.8,3,0.569,0.0308
RNG(1),2.81,3,0.569,0.0308
RNG(1),2.82,3,0.569,0.0308
RNG(1),2.83,3,0.569,0.0308
RNG(1),2.84,3,0.569,0.0308
RNG(1),2.85,3,0.569,0.0308
RNG(1),2.86,3,0.569,0.0308
RNG(1),2.87,2,0.5642,0.1169
RNG(1),2.88,3,0.569,0.0308
RNG(1),2.89,3,0.569,0.0308
RNG(1),2.91,3,0.569,0.0308
RNG(1),2.92,3,0.569,0.0308
RNG(1),2.93,3,0.569,0.0308
RNG(1),2.94,3,0.569,0.0308
RNG(1),2.95,3,0.569,0.0308
RNG(1),2.96,3,0.569,0.0308
RNG(1),2.97,3,0.569,0.0308
RNG(1),2.98,3,0.569,0.0308
RNG(1),2.99,3,0.569,0.0308
RNG(1),3.0,3,0.569,0.0308
RNG(1),3.01,3,0.569,0.0308
RNG(1),3.02,3,0.569,0.0308
RNG(1),3.03,3,0.569,0.0308
RNG(1),3.04,3,0.569,0.0308
RNG(1),3.05,3,0.569,0.0308
RNG(1),3.06,3,0.569,0.0308
RNG(1),3.07,3,0.569,0.0308
RNG(1),3.08,2,0.5642,0.1169
RNG(1),3.09,3,0.569,0.0308
RNG(1),3.1,3,0.569,0.0308
RNG(1),3.11,3,0.569,0.0308
RNG(1),3.12,3,0.569,0.0308
RNG(1),3.13,3,0.569,0.0308
RNG(1),3.14,3,0.569,0.0308
RNG(1),3.15,3,0.569,0.0308
RNG(1),3.16,3,0.569,0.0308
RNG(1),3.17,3,0.569,0.0308
RNG(1),3.18,3,0.569,0.0308
RNG(1),3.19,3,0.569,0.0308
RNG(1),3.2,3,0.569,0.0308
RNG(1),3.21,3,0.569,0.0308
RNG(1),3.22,3,0.569,0.0308
RNG(1),3.23,3,0.569,0.0308
RNG(1),3.24,3,0.569,0.0308
RNG(1),3.25,3,0.569,0.0308
RNG(1),3.26,3,0.569,0.0308
RNG(1),3.27,3,0.569,0.0308
RNG(1),3.28,2,0.5642,0.1169
RNG(1),3.29,3,0.569,0.0308
RNG(1),3.3,3,0.569,0.0308
RNG(1),3.31,3,0.569,0.0308
RNG(1),3.32,3,0.569,0.0308
RNG(1),3.33,3,0.569,0.0308
RNG(1),3.34,2,0.5642,0.1169
RNG(1),3.35,3,0.569,0.0308
RNG(1),3.36,3,0.569,0.0308
RNG(1),3.37,3,0.569,0.0308
RNG(1),3.38,3,0.569,0.0308
RNG(1),3.39,3,0.569,0.0308
RNG(1),3.4,3,0.569,0.0308
RNG(1),3.41,3,0.569,0.0308
RNG(1),3.42,3,0.569,0.0308
RNG(1),3.44,2,0.5642,0.1169
RNG(1),3.45,3,0.569,0.0308
RNG(1),3.46,3,0.569,0.0308
RNG(1),3.47,3,0.569,0.0308
RNG(1),3.48,3,0.569,0.0308
RNG(1),3.49,3,0.569,0.0308
RNG(1),3.5,3,0.569,0.0308
RNG(1),3.51,3,0.569,0.0308
RNG(1),3.52,3,0.569,0.0308
RNG(1),3.53,3,0.569,0.0308
RNG(1),3.54,2,0.5668,0.1499
RNG(1),3.55,3,0.569,0.0308
RNG(1),3.56,3,0.569,0.0308
RNG(1),3.57,1,0.555,0.0
RNG(1),3.58,3,0.569,0.0308
RNG(1),3.59,3,0.569,0.0308
RNG(1),3.6,3,0.569,0.0308
RNG(1),3.61,3,0.569,0.0308
RNG(1),3.62,3,0.569,0.0308
RNG(1),3.63,3,0.569,0.0308
RNG(1),3.64,3,0.569,0.0308
RNG(1),3.65,3,0.569,0.0308
RNG(1),3.66,3,0.569,0.0308
RNG(1),3.69,3,0.569,0.0308
RNG(1),3.7,2,0.5668,0.1499
RNG(1),3.72,3,0.569,0.0308
RNG(1),3.74,2,0.5668,0.1499
RNG(1),3.75,3,0.569,0.0308
RNG(1),3.76,3,0.569,0.0308
RNG(1),3.77,3,0.569,0.0308
RNG(1),3.78,3,0.569,0.0308
RNG(1),3.79,3,0.569,0.0308
RNG(1),3.8,3,0.569,0.0308
RNG(1),3.81,3,0.569,0.0308
RNG(1),3.82,3,0.569,0.0308
RNG(1),3.83,2,0.5668,0.1499
RNG(1),3.84,2,0.5668,0.1499
RNG(1),3.85,2,0.5642,0.1169
RNG(1),3.86,3,0.569,0.0308
RNG(1),3.87,3,0.569,0.0308
RNG(1),3.88,2,0.5642,0.1169
RNG(1),3.89,3,0.569,0.0308
RNG(1),3.9,3,0.569,0.0308
RNG(1),3.91,3,0.569,0.0308
RNG(1),3.92,3,0.569,0.0308
RNG(1),3.93,2,0.5668,0.1499
RNG(1),3.94,3,0.569,0.0308
RNG(1),3.95,3,0.569,0.0308
RNG(1),3.96,3,0.569,0.0308
RNG(1),3.97,2,0.5642,0.1169
RNG(1),3.98,1,0.555,0.0
RNG(1),3.99,3,0.569,0.0308
RNG(1),4.01,3,0.569,0.0308
RNG(1),4.02,3,0.569,0.0308
RNG(1),4.03,3,0.569,0.0308
RNG(1),4.04,2,0.5642,0.1169
RNG(1),4.05,2,0.5642,0.1169
RNG(1),4.06,2,0.5668,0.1499
RNG(1),4.07,3,0.569,0.0308
RNG(1),4.09,1,0.555,0.0
RNG(1),4.1,3,0.569,0.0308
RNG(1),4.12,2,0.5642,0.1169
RNG(1),4.13,2,0.5668,0.1499
RNG(1),4.16,3,0.569,0.0308
RNG(1),4.18,1,0.555,0.0
RNG(1),4.21,2,0.5668,0.1499
RNG(1),4.22,2,0.5668,0.1499
RNG(1),4.23,2,0.5642,0.1169
RNG(1),4.24,2,0.5642,0.1169
RNG(1),4.27,2,0.5642,0.1169
RNG(1),4.28,1,0.555,0.0
RNG(1),4.29,2,0.5642,0.1169
RNG(1),4.32,2,0.5642,0.1169
RNG(1),4.35,3,0.569,0.0308
RNG(1),4.37,3,0.569,0.0308
RNG(1),4.38,2,0.5642,0.1169
RNG(1),4.49,3,0.569,0.0308
RNG(1),4.57,2,0.5668,0.1499
RNG(1),4.68,2,0.5642,0.1169
RNG(1),4.71,1,0.555,0.0
RNG(1),4.72,1,0.555,0.0
Dedup(0.85),1.02,1,0.5721,0.0
Dedup(0.85),1.47,2,0.6065,0.021
Dedup(0.85),1.72,2,0.614,0.0114
Dedup(0.85),1.73,2,0.614,0.0114
Dedup(0.85),1.78,2,0.6152,0.0241
Dedup(0.85),1.8,1,0.6179,0.0
Dedup(0.85),1.82,2,0.6159,0.0324
Dedup(0.85),1.85,2,0.6164,0.0286
Dedup(0.85),1.87,2,0.6168,0.0286
Dedup(0.85),1.92,2,0.6181,0.0419
Dedup(0.85),1.96,1,0.6218,0.0
Dedup(0.85),2.0,1,0.6223,0.0
Dedup(0.85),2.07,2,0.6212,0.0299
Dedup(0.85),2.47,2,0.6262,0.0432
Dedup(0.85),2.68,2,0.6293,0.0572
Dedup(0.85),2.9,2,0.632,0.0565
Dedup(0.85),3.43,2,0.638,0.0464
Dedup(0.85),3.67,1,0.644,0.0
Dedup(0.85),3.71,2,0.6391,0.0616
Dedup(0.85),3.73,2,0.6391,0.0616
Dedup(0.85),4.0,2,0.6392,0.0604
Dedup(0.85),4.15,2,0.6392,0.0604
Dedup(0.85),4.17,2,0.6392,0.0604
Dedup(0.85),4.19,1,0.644,0.0
Dedup(0.85),4.3,1,0.644,0.0
Dedup(0.85),4.33,1,0.644,0.0
Dedup(0.85),4.41,1,0.644,0.0
Dedup(0.85),4.42,1,0.644,0.0
Dedup(0.85),4.53,1,0.644,0.0
Dedup(0.85),4.69,1,0.644,0.0
Dedup(0.9),1.02,1,0.5721,0.0
Dedup(0.9),1.47,2,0.6069,0.0178
Dedup(0.9),1.72,2,0.6143,0.0172
Dedup(0.9),1.73,2,0.6143,0.0172
Dedup(0.9),1.78,2,0.6158,0.0292
Dedup(0.9),1.8,1,0.6189,0.0
Dedup(0.9),1.82,2,0.6165,0.0362
Dedup(0.9),1.85,2,0.6172,0.0324
Dedup(0.9),1.87,2,0.6175,0.0318
Dedup(0.9),1.92,2,0.619,0.0464
Dedup(0.9),1.96,1,0.623,0.0
Dedup(0.9),2.0,1,0.6237,0.0
Dedup(0.9),2.07,2,0.6221,0.0349
Dedup(0.9),2.47,2,0.628,0.0527
Dedup(0.9),2.68,2,0.631,0.0667
Dedup(0.9),2.9,2,0.6329,0.0572
Dedup(0.9),3.43,2,0.6381,0.061
Dedup(0.9),3.67,1,0.6453,0.0
Dedup(0.9),3.71,2,0.6393,0.0762
Dedup(0.9),3.73,2,0.6393,0.0762
Dedup(0.9),4.0,2,0.6394,0.075
Dedup(0.9),4.15,2,0.6394,0.075
Dedup(0.9),4.17,2,0.6394,0.075
Dedup(0.9),4.19,1,0.6453,0.0
Dedup(0.9),4.3,1,0.6453,0.0
Dedup(0.9),4.33,1,0.6453,0.0
Dedup(0.9),4.41,1,0.6453,0.0
Dedup(0.9),4.42,1,0.6453,0.0
Dedup(0.9),4.53,1,0.6453,0.0
Dedup(0.9),4.69,1,0.6453,0.0
Dedup(0.95),1.02,1,0.5721,0.0
Dedup(0.95),1.47,2,0.6047,0.0025
Dedup(0.95),1.72,2,0.6118,0.0337
Dedup(0.95),1.73,2,0.6118,0.0337
Dedup(0.95),1.78,2,0.6132,0.0476
Dedup(0.95),1.8,1,0.6177,0.0
Dedup(0.95),1.82,2,0.6138,0.0534
Dedup(0.95),1.85,2,0.6144,0.0489
Dedup(0.95),1.87,2,0.6147,0.0483
Dedup(0.95),1.92,2,0.6161,0.0629
Dedup(0.95),1.96,1,0.6214,0.0
Dedup(0.95),2.0,1,0.6222,0.0
Dedup(0.95),2.07,2,0.6189,0.0553
Dedup(0.95),2.47,2,0.6241,0.0686
Dedup(0.95),2.68,2,0.6262,0.0781
Dedup(0.95),2.9,2,0.6275,0.0775
Dedup(0.95),3.43,2,0.6319,0.0915
Dedup(0.95),3.67,1,0.6415,0.0
Dedup(0.95),3.71,2,0.6331,0.1067
Dedup(0.95),3.73,2,0.6331,0.1067
Dedup(0.95),4.0,2,0.6332,0.1055
Dedup(0.95),4.15,2,0.6332,0.1055
Dedup(0.95),4.17,2,0.6332,0.1055
Dedup(0.95),4.19,1,0.6415,0.0
Dedup(0.95),4.3,1,0.6415,0.0
Dedup(0.95),4.33,1,0.6415,0.0
Dedup(0.95),4.41,1,0.6415,0.0
Dedup(0.95),4.42,1,0.6415,0.0
Dedup(0.95),4.53,1,0.6415,0.0
Dedup(0.95),4.69,1,0.6415,0.0
MMR(0.3),1.02,1,0.5716,0.0
MMR(0.3),1.47,2,0.5782,0.0604
MMR(0.3),1.72,2,0.5654,0.0731
MMR(0.3),1.73,2,0.5649,0.0794
MMR(0.3),1.78,2,0.5625,0.054
MMR(0.3),1.8,1,0.5562,0.0
MMR(0.3),1.82,2,0.5605,0.0616
MMR(0.3),1.85,2,0.5588,0.0673
MMR(0.3),1.87,2,0.5579,0.0686
MMR(0.3),1.92,2,0.5536,0.0889
MMR(0.3),1.96,1,0.5464,0.0
MMR(0.3),2.0,1,0.5424,0.0
MMR(0.3),2.07,2,0.5448,0.0654
MMR(0.3),2.47,2,0.5064,0.0394
MMR(0.3),2.68,2,0.4892,0.0318
MMR(0.3),2.9,2,0.4707,0.028
MMR(0.3),3.43,2,0.4294,0.0877
MMR(0.3),3.67,1,0.4158,0.0
MMR(0.3),3.71,2,0.4246,0.1118
MMR(0.3),3.73,2,0.4239,0.1086
MMR(0.3),4.0,2,0.4169,0.1182
MMR(0.3),4.15,2,0.414,0.1067
MMR(0.3),4.17,2,0.4131,0.1188
MMR(0.3),4.19,1,0.4037,0.0
MMR(0.3),4.3,1,0.4032,0.0
MMR(0.3),4.33,1,0.4032,0.0
MMR(0.3),4.41,1,0.4032,0.0
MMR(0.3),4.42,1,0.4032,0.0
MMR(0.3),4.53,1,0.4025,0.0
MMR(0.3),4.69,1,0.4015,0.0
MMR(0.5),1.02,1,0.5716,0.0
MMR(0.5),1.47,2,0.5857,0.0635
MMR(0.5),1.72,2,0.5786,0.0692
MMR(0.5),1.73,2,0.5782,0.075
MMR(0.5),1.78,2,0.5771,0.0616
MMR(0.5),1.8,1,0.5703,0.0
MMR(0.5),1.82,2,0.5757,0.0654
MMR(0.5),1.85,2,0.5744,0.0769
MMR(0.5),1.87,2,0.574,0.0813
MMR(0.5),1.92,2,0.5712,0.0877
MMR(0.5),1.96,1,0.5643,0.0
MMR(0.5),2.0,1,0.5625,0.0
MMR(0.5),2.07,2,0.5667,0.0864
MMR(0.5),2.47,2,0.5371,0.0438
MMR(0.5),2.68,2,0.5242,0.026
MMR(0.5),2.9,2,0.5115,0.0057
MMR(0.5),3.43,2,0.4876,0.0496
MMR(0.5),3.67,1,0.4744,0.0
MMR(0.5),3.71,2,0.4839,0.1207
MMR(0.5),3.73,2,0.4837,0.1239
MMR(0.5),4.0,2,0.4798,0.1487
MMR(0.5),4.15,2,0.4772,0.1404
MMR(0.5),4.17,2,0.4767,0.1461
MMR(0.5),4.19,1,0.4652,0.0
MMR(0.5),4.3,1,0.4652,0.0
MMR(0.5),4.33,1,0.4652,0.0
MMR(0.5),4.41,1,0.4652,0.0
MMR(0.5),4.42,1,0.4652,0.0
MMR(0.5),4.53,1,0.4647,0.0
MMR(0.5),4.69,1,0.4637,0.0
MMR(0.7),1.02,1,0.5716,0.0
MMR(0.7),1.47,2,0.5996,0.014
MMR(0.7),1.72,2,0.6043,0.0191
MMR(0.7),1.73,2,0.6043,0.0191
MMR(0.7),1.78,2,0.6051,0.0292
MMR(0.7),1.8,1,0.6082,0.0
MMR(0.7),1.82,2,0.6058,0.0349
MMR(0.7),1.85,2,0.6061,0.0305
MMR(0.7),1.87,2,0.6063,0.0299
MMR(0.7),1.92,2,0.6061,0.0368
MMR(0.7),1.96,1,0.6094,0.0
MMR(0.7),2.0,1,0.6097,0.0
MMR(0.7),2.07,2,0.6076,0.0292
MMR(0.7),2.47,2,0.6065,0.033
MMR(0.7),2.68,2,0.6067,0.0419
MMR(0.7),2.9,2,0.6033,0.0286
MMR(0.7),3.43,2,0.5979,0.0216
MMR(0.7),3.67,1,0.5967,0.0
MMR(0.7),3.71,2,0.5988,0.0273
MMR(0.7),3.73,2,0.5988,0.0273
MMR(0.7),4.0,2,0.5979,0.0648
MMR(0.7),4.15,2,0.5968,0.0635
MMR(0.7),4.17,2,0.5968,0.0635
MMR(0.7),4.19,1,0.5918,0.0
MMR(0.7),4.3,1,0.5918,0.0
MMR(0.7),4.33,1,0.5918,0.0
MMR(0.7),4.41,1,0.5918,0.0
MMR(0.7),4.42,1,0.5918,0.0
MMR(0.7),4.53,1,0.5918,0.0
MMR(0.7),4.69,1,0.5918,0.0
MMR(0.9),1.02,1,0.5711,0.0
MMR(0.9),1.47,2,0.5855,0.0546
MMR(0.9),1.72,2,0.5874,0.0489
MMR(0.9),1.73,2,0.5874,0.0489
MMR(0.9),1.78,2,0.588,0.0426
MMR(0.9),1.8,1,0.5855,0.0
MMR(0.9),1.82,2,0.5886,0.0362
MMR(0.9),1.85,2,0.5887,0.0388
MMR(0.9),1.87,2,0.5889,0.0368
MMR(0.9),1.92,2,0.5898,0.0292
MMR(0.9),1.96,1,0.5875,0.0
MMR(0.9),2.0,1,0.5878,0.0
MMR(0.9),2.07,2,0.5904,0.0305
MMR(0.9),2.47,2,0.5924,0.0222
MMR(0.9),2.68,2,0.5937,0.0235
MMR(0.9),2.9,2,0.5934,0.0114
MMR(0.9),3.43,2,0.5999,0.0057
MMR(0.9),3.67,1,0.6035,0.0
MMR(0.9),3.71,2,0.6035,0.0006
MMR(0.9),3.73,2,0.6035,0.0006
MMR(0.9),4.0,2,0.6049,0.0178
MMR(0.9),4.15,2,0.6048,0.0165
MMR(0.9),4.17,2,0.6048,0.0165
MMR(0.9),4.19,1,0.6035,0.0
MMR(0.9),4.3,1,0.6035,0.0
MMR(0.9),4.33,1,0.6035,0.0
MMR(0.9),4.41,1,0.6035,0.0
MMR(0.9),4.42,1,0.6035,0.0
MMR(0.9),4.53,1,0.6035,0.0
MMR(0.9),4.69,1,0.6035,0.0
Maxmin,1.02,1,0.5716,0.0
Maxmin,1.47,2,0.5745,0.0451
Maxmin,1.72,2,0.5595,0.0362
Maxmin,1.73,2,0.5591,0.0426
Maxmin,1.78,2,0.5567,0.0388
Maxmin,1.8,1,0.5511,0.0
Maxmin,1.82,2,0.5542,0.0464
Maxmin,1.85,2,0.5522,0.0445
Maxmin,1.87,2,0.5516,0.0464
Maxmin,1.92,2,0.5474,0.0642
Maxmin,1.96,1,0.5421,0.0
Maxmin,2.0,1,0.5384,0.0
Maxmin,2.07,2,0.539,0.0184
Maxmin,2.47,2,0.5007,0.0114
Maxmin,2.68,2,0.4868,0.0648
Maxmin,2.9,2,0.4643,0.0508
Maxmin,3.43,2,0.4153,0.0299
Maxmin,3.67,1,0.3999,0.0
Maxmin,3.71,2,0.4046,0.0604
Maxmin,3.73,2,0.4039,0.0572
Maxmin,4.0,2,0.3947,0.0515
Maxmin,4.15,2,0.3919,0.0394
Maxmin,4.17,2,0.3909,0.0521
Maxmin,4.19,1,0.3868,0.0
Maxmin,4.3,1,0.3863,0.0
Maxmin,4.33,1,0.3863,0.0
Maxmin,4.41,1,0.3854,0.0
Maxmin,4.42,1,0.3854,0.0
Maxmin,4.53,1,0.3837,0.0
Maxmin,4.69,1,0.3837,0.0
Greedy-DPP,1.02,1,0.5716,0.0
Greedy-DPP,1.47,2,0.5913,0.0368
Greedy-DPP,1.72,2,0.5878,0.0343
Greedy-DPP,1.73,2,0.5873,0.0407
Greedy-DPP,1.78,2,0.586,0.0254
Greedy-DPP,1.8,1,0.5822,0.0
Greedy-DPP,1.82,2,0.5843,0.0318
Greedy-DPP,1.85,2,0.5833,0.0356
Greedy-DPP,1.87,2,0.5834,0.0343
Greedy-DPP,1.92,2,0.5805,0.0413
Greedy-DPP,1.96,1,0.5772,0.0
Greedy-DPP,2.0,1,0.5755,0.0
Greedy-DPP,2.07,2,0.5748,0.0248
Greedy-DPP,2.47,2,0.5479,0.0013
Greedy-DPP,2.68,2,0.5372,0.0286
Greedy-DPP,2.9,2,0.525,0.033
Greedy-DPP,3.43,2,0.5065,0.0934
Greedy-DPP,3.67,1,0.5075,0.0
Greedy-DPP,3.71,2,0.5025,0.0629
Greedy-DPP,3.73,2,0.5025,0.0629
Greedy-DPP,4.0,2,0.5001,0.0311
Greedy-DPP,4.15,2,0.499,0.0343
Greedy-DPP,4.17,2,0.4985,0.028
Greedy-DPP,4.19,1,0.5007,0.0
Greedy-DPP,4.3,1,0.5007,0.0
Greedy-DPP,4.33,1,0.5007,0.0
Greedy-DPP,4.41,1,0.5007,0.0
Greedy-DPP,4.42,1,0.5007,0.0
Greedy-DPP,4.53,1,0.5007,0.0
Greedy-DPP,4.69,1,0.5007,0.0
VendiG(0.3),1.02,1,0.5716,0.0
VendiG(0.3),1.47,2,0.581,0.028
VendiG(0.3),1.72,2,0.568,0.0133
VendiG(0.3),1.73,2,0.5675,0.0197
VendiG(0.3),1.78,2,0.5652,0.0019
VendiG(0.3),1.8,1,0.5626,0.0
VendiG(0.3),1.82,2,0.5631,0.0114
VendiG(0.3),1.85,2,0.561,0.0102
VendiG(0.3),1.87,2,0.5606,0.0146
VendiG(0.3),1.92,2,0.5565,0.0241
VendiG(0.3),1.96,1,0.5543,0.0
VendiG(0.3),2.0,1,0.5506,0.0
VendiG(0.3),2.07,2,0.5476,0.0019
VendiG(0.3),2.47,2,0.5091,0.0356
VendiG(0.3),2.68,2,0.4927,0.0534
VendiG(0.3),2.9,2,0.4728,0.0692
VendiG(0.3),3.43,2,0.429,0.0521
VendiG(0.3),3.67,1,0.4315,0.0
VendiG(0.3),3.71,2,0.4243,0.0915
VendiG(0.3),3.73,2,0.4235,0.0947
VendiG(0.3),4.0,2,0.414,0.0959
VendiG(0.3),4.15,2,0.4112,0.1074
VendiG(0.3),4.17,2,0.4107,0.101
VendiG(0.3),4.19,1,0.4186,0.0
VendiG(0.3),4.3,1,0.4184,0.0
VendiG(0.3),4.33,1,0.4184,0.0
VendiG(0.3),4.41,1,0.4174,0.0
VendiG(0.3),4.42,1,0.4174,0.0
VendiG(0.3),4.53,1,0.416,0.0
VendiG(0.3),4.69,1,0.415,0.0
VendiG(0.5),1.02,1,0.5716,0.0
VendiG(0.5),1.47,2,0.5835,0.0667
VendiG(0.5),1.72,2,0.5735,0.047
VendiG(0.5),1.73,2,0.5731,0.0527
VendiG(0.5),1.78,2,0.5709,0.0324
VendiG(0.5),1.8,1,0.5662,0.0
VendiG(0.5),1.82,2,0.569,0.0413
VendiG(0.5),1.85,2,0.5678,0.047
VendiG(0.5),1.87,2,0.5674,0.0521
VendiG(0.5),1.92,2,0.5639,0.0661
VendiG(0.5),1.96,1,0.5584,0.0
VendiG(0.5),2.0,1,0.5551,0.0
VendiG(0.5),2.07,2,0.5571,0.054
VendiG(0.5),2.47,2,0.5223,0.0254
VendiG(0.5),2.68,2,0.5084,0.0114
VendiG(0.5),2.9,2,0.4906,0.0305
VendiG(0.5),3.43,2,0.4539,0.0432
VendiG(0.5),3.67,1,0.4527,0.0
VendiG(0.5),3.71,2,0.4492,0.0445
VendiG(0.5),3.73,2,0.4485,0.0483
VendiG(0.5),4.0,2,0.4422,0.0419
VendiG(0.5),4.15,2,0.4399,0.0584
VendiG(0.5),4.17,2,0.4394,0.0521
VendiG(0.5),4.19,1,0.4435,0.0
VendiG(0.5),4.3,1,0.4435,0.0
VendiG(0.5),4.33,1,0.4435,0.0
VendiG(0.5),4.41,1,0.4435,0.0
VendiG(0.5),4.42,1,0.4435,0.0
VendiG(0.5),4.53,1,0.4421,0.0
VendiG(0.5),4.69,1,0.4421,0.0
VendiG(0.7),1.02,1,0.5721,0.0
VendiG(0.7),1.47,2,0.6005,0.0121
VendiG(0.7),1.72,2,0.6033,0.0019
VendiG(0.7),1.73,2,0.6033,0.0019
VendiG(0.7),1.78,2,0.6034,0.014
VendiG(0.7),1.8,1,0.6041,0.0
VendiG(0.7),1.82,2,0.6034,0.0121
VendiG(0.7),1.85,2,0.6037,0.0083
VendiG(0.7),1.87,2,0.6038,0.0102
VendiG(0.7),1.92,2,0.6038,0.0102
VendiG(0.7),1.96,1,0.6049,0.0
VendiG(0.7),2.0,1,0.6051,0.0
VendiG(0.7),2.07,2,0.604,0.014
VendiG(0.7),2.47,2,0.5936,0.0521
VendiG(0.7),2.68,2,0.5902,0.0889
VendiG(0.7),2.9,2,0.5847,0.1048
VendiG(0.7),3.43,2,0.5765,0.1417
VendiG(0.7),3.67,1,0.5873,0.0
VendiG(0.7),3.71,2,0.577,0.1309
VendiG(0.7),3.73,2,0.577,0.1309
VendiG(0.7),4.0,2,0.5756,0.0934
VendiG(0.7),4.15,2,0.5744,0.0966
VendiG(0.7),4.17,2,0.5739,0.0902
VendiG(0.7),4.19,1,0.581,0.0
VendiG(0.7),4.3,1,0.581,0.0
VendiG(0.7),4.33,1,0.581,0.0
VendiG(0.7),4.41,1,0.581,0.0
VendiG(0.7),4.42,1,0.581,0.0
VendiG(0.7),4.53,1,0.581,0.0
VendiG(0.7),4.69,1,0.581,0.0
VendiG(0.9),1.02,1,0.5711,0.0
VendiG(0.9),1.47,2,0.588,0.0616
VendiG(0.9),1.72,2,0.5899,0.0591
VendiG(0.9),1.73,2,0.5899,0.0591
VendiG(0.9),1.78,2,0.5902,0.0553
VendiG(0.9),1.8,1,0.5867,0.0
VendiG(0.9),1.82,2,0.5908,0.0489
VendiG(0.9),1.85,2,0.5913,0.0508
VendiG(0.9),1.87,2,0.5916,0.0515
VendiG(0.9),1.92,2,0.592,0.0508
VendiG(0.9),1.96,1,0.588,0.0
VendiG(0.9),2.0,1,0.5882,0.0
VendiG(0.9),2.07,2,0.5926,0.0527
VendiG(0.9),2.47,2,0.5935,0.0502
VendiG(0.9),2.68,2,0.5945,0.0445
VendiG(0.9),2.9,2,0.5938,0.0515
VendiG(0.9),3.43,2,0.5998,0.0102
VendiG(0.9),3.67,1,0.6001,0.0
VendiG(0.9),3.71,2,0.6023,0.028
VendiG(0.9),3.73,2,0.6023,0.028
VendiG(0.9),4.0,2,0.6033,0.0521
VendiG(0.9),4.15,2,0.6032,0.0508
VendiG(0.9),4.17,2,0.6032,0.0508
VendiG(0.9),4.19,1,0.5992,0.0
VendiG(0.9),4.3,1,0.5992,0.0
VendiG(0.9),4.33,1,0.5992,0.0
VendiG(0.9),4.41,1,0.5992,0.0
VendiG(0.9),4.42,1,0.5992,0.0
VendiG(0.9),4.53,1,0.5992,0.0
VendiG(0.9),4.69,1,0.5992,0.0
RNG(-2),1.02,1,0.5711,0.0
RNG(-2),1.47,2,0.5741,0.0381
RNG(-2),1.72,2,0.5741,0.0381
RNG(-2),1.73,2,0.5741,0.0381
RNG(-2),1.78,2,0.5741,0.0381
RNG(-2),1.8,1,0.5711,0.0
RNG(-2),1.82,2,0.5741,0.0381
RNG(-2),1.85,2,0.5741,0.0381
RNG(-2),1.87,2,0.5741,0.0381
RNG(-2),1.92,2,0.5741,0.0381
RNG(-2),1.96,1,0.5711,0.0
RNG(-2),2.0,1,0.5711,0.0
RNG(-2),2.07,2,0.5741,0.0381
RNG(-2),2.47,2,0.5741,0.0381
RNG(-2),2.68,2,0.5741,0.0381
RNG(-2),2.9,2,0.5741,0.0381
RNG(-2),3.43,2,0.5741,0.0381
RNG(-2),3.67,1,0.5711,0.0
RNG(-2),3.71,2,0.5741,0.0381
RNG(-2),3.73,2,0.5741,0.0381
RNG(-2),4.0,2,0.5741,0.0381
RNG(-2),4.15,2,0.5741,0.0381
RNG(-2),4.17,2,0.5741,0.0381
RNG(-2),4.19,1,0.5711,0.0
RNG(-2),4.3,1,0.5711,0.0
RNG(-2),4.33,1,0.5711,0.0
RNG(-2),4.41,1,0.5711,0.0
RNG(-2),4.42,1,0.5711,0.0
RNG(-2),4.53,1,0.5711,0.0
RNG(-2),4.69,1,0.5711,0.0
RNG(-0.3),1.02,1,0.5711,0.0
RNG(-0.3),1.47,2,0.5808,0.0165
RNG(-0.3),1.72,2,0.5824,0.014
RNG(-0.3),1.73,2,0.5824,0.014
RNG(-0.3),1.78,2,0.5827,0.0108
RNG(-0.3),1.8,1,0.5818,0.0
RNG(-0.3),1.82,2,0.5827,0.0108
RNG(-0.3),1.85,2,0.5831,0.0159
RNG(-0.3),1.87,2,0.5831,0.0159
RNG(-0.3),1.92,2,0.5831,0.0159
RNG(-0.3),1.96,1,0.5818,0.0
RNG(-0.3),2.0,1,0.5818,0.0
RNG(-0.3),2.07,2,0.5835,0.021
RNG(-0.3),2.47,2,0.5846,0.0229
RNG(-0.3),2.68,2,0.585,0.0229
RNG(-0.3),2.9,2,0.5858,0.0229
RNG(-0.3),3.43,2,0.59,0.0114
RNG(-0.3),3.67,1,0.5906,0.0
RNG(-0.3),3.71,2,0.5907,0.0019
RNG(-0.3),3.73,2,0.5907,0.0019
RNG(-0.3),4.0,2,0.5908,0.0032
RNG(-0.3),4.15,2,0.5908,0.0032
RNG(-0.3),4.17,2,0.5908,0.0032
RNG(-0.3),4.19,1,0.5906,0.0
RNG(-0.3),4.3,1,0.5906,0.0
RNG(-0.3),4.33,1,0.5906,0.0
RNG(-0.3),4.41,1,0.5906,0.0
RNG(-0.3),4.42,1,0.5906,0.0
RNG(-0.3),4.53,1,0.5906,0.0
RNG(-0.3),4.69,1,0.5906,0.0
RNG(-0.2),1.02,1,0.5721,0.0
RNG(-0.2),1.47,2,0.6013,0.021
RNG(-0.2),1.72,2,0.6057,0.0121
RNG(-0.2),1.73,2,0.6057,0.0121
RNG(-0.2),1.78,2,0.6066,0.0267
RNG(-0.2),1.8,1,0.6095,0.0
RNG(-0.2),1.82,2,0.6073,0.0343
RNG(-0.2),1.85,2,0.6079,0.0311
RNG(-0.2),1.87,2,0.6081,0.0305
RNG(-0.2),1.92,2,0.6091,0.0394
RNG(-0.2),1.96,1,0.6125,0.0
RNG(-0.2),2.0,1,0.6127,0.0
RNG(-0.2),2.07,2,0.6116,0.026
RNG(-0.2),2.47,2,0.6163,0.0368
RNG(-0.2),2.68,2,0.6181,0.054
RNG(-0.2),2.9,2,0.62,0.0604
RNG(-0.2),3.43,2,0.6251,0.0654
RNG(-0.2),3.67,1,0.6328,0.0
RNG(-0.2),3.71,2,0.6283,0.0565
RNG(-0.2),3.73,2,0.6283,0.0565
RNG(-0.2),4.0,2,0.6284,0.0553
RNG(-0.2),4.15,2,0.6284,0.0553
RNG(-0.2),4.17,2,0.6284,0.0553
RNG(-0.2),4.19,1,0.6328,0.0
RNG(-0.2),4.3,1,0.6328,0.0
RNG(-0.2),4.33,1,0.6328,0.0
RNG(-0.2),4.41,1,0.6328,0.0
RNG(-0.2),4.42,1,0.6328,0.0
RNG(-0.2),4.53,1,0.6328,0.0
RNG(-0.2),4.69,1,0.6328,0.0
RNG(-0.1),1.02,1,0.5711,0.0
RNG(-0.1),1.47,2,0.5939,0.014
RNG(-0.1),1.72,2,0.5978,0.0559
RNG(-0.1),1.73,2,0.5978,0.0559
RNG(-0.1),1.78,2,0.5976,0.0667
RNG(-0.1),1.8,1,0.6036,0.0
RNG(-0.1),1.82,2,0.5979,0.0756
RNG(-0.1),1.85,2,0.5979,0.0762
RNG(-0.1),1.87,2,0.5978,0.0743
RNG(-0.1),1.92,2,0.5975,0.0877
RNG(-0.1),1.96,1,0.6048,0.0
RNG(-0.1),2.0,1,0.6056,0.0
RNG(-0.1),2.07,2,0.5995,0.0807
RNG(-0.1),2.47,2,0.5964,0.1296
RNG(-0.1),2.68,2,0.5961,0.1391
RNG(-0.1),2.9,2,0.5915,0.1506
RNG(-0.1),3.43,2,0.594,0.2008
RNG(-0.1),3.67,1,0.6069,0.0
RNG(-0.1),3.71,2,0.5918,0.1912
RNG(-0.1),3.73,2,0.5918,0.1912
RNG(-0.1),4.0,2,0.5914,0.1652
RNG(-0.1),4.15,2,0.5914,0.1652
RNG(-0.1),4.17,2,0.5914,0.1652
RNG(-0.1),4.19,1,0.6044,0.0
RNG(-0.1),4.3,1,0.6044,0.0
RNG(-0.1),4.33,1,0.6044,0.0
RNG(-0.1),4.41,1,0.6044,0.0
RNG(-0.1),4.42,1,0.6044,0.0
RNG(-0.1),4.53,1,0.6044,0.0
RNG(-0.1),4.69,1,0.6044,0.0
RNG(-0.05),1.02,1,0.5711,0.0
RNG(-0.05),1.47,2,0.5865,0.0483
RNG(-0.05),1.72,2,0.5892,0.0254
RNG(-0.05),1.73,2,0.5892,0.0254
RNG(-0.05),1.78,2,0.5885,0.0121
RNG(-0.05),1.8,1,0.5878,0.0
RNG(-0.05),1.82,2,0.5883,0.007
RNG(-0.05),1.85,2,0.588,0.007
RNG(-0.05),1.87,2,0.5877,0.007
RNG(-0.05),1.92,2,0.5869,0.0025
RNG(-0.05),1.96,1,0.5874,0.0
RNG(-0.05),2.0,1,0.5875,0.0
RNG(-0.05),2.07,2,0.5875,0.0
RNG(-0.05),2.47,2,0.5806,0.0483
RNG(-0.05),2.68,2,0.5774,0.0635
RNG(-0.05),2.9,2,0.5716,0.0851
RNG(-0.05),3.43,2,0.5701,0.1442
RNG(-0.05),3.67,1,0.576,0.0
RNG(-0.05),3.71,2,0.5669,0.115
RNG(-0.05),3.73,2,0.5669,0.115
RNG(-0.05),4.0,2,0.5665,0.0788
RNG(-0.05),4.15,2,0.565,0.0858
RNG(-0.05),4.17,2,0.565,0.0858
RNG(-0.05),4.19,1,0.5717,0.0
RNG(-0.05),4.3,1,0.5717,0.0
RNG(-0.05),4.33,1,0.5717,0.0
RNG(-0.05),4.41,1,0.5717,0.0
RNG(-0.05),4.42,1,0.5717,0.0
RNG(-0.05),4.53,1,0.5717,0.0
RNG(-0.05),4.69,1,0.5717,0.0
RNG(0),1.02,1,0.5711,0.0
RNG(0),1.47,2,0.5832,0.0413
RNG(0),1.72,2,0.5848,0.0229
RNG(0),1.73,2,0.5848,0.0229
RNG(0),1.78,2,0.5844,0.0102
RNG(0),1.8,1,0.5836,0.0
RNG(0),1.82,2,0.5841,0.007
RNG(0),1.85,2,0.5839,0.0083
RNG(0),1.87,2,0.5841,0.0064
RNG(0),1.92,2,0.5834,0.0006
RNG(0),1.96,1,0.5835,0.0
RNG(0),2.0,1,0.5833,0.0
RNG(0),2.07,2,0.5835,0.0019
RNG(0),2.47,2,0.5809,0.0102
RNG(0),2.68,2,0.5791,0.0102
RNG(0),2.9,2,0.5738,0.0248
RNG(0),3.43,2,0.5699,0.0883
RNG(0),3.67,1,0.5717,0.0
RNG(0),3.71,2,0.5674,0.0553
RNG(0),3.73,2,0.5674,0.0553
RNG(0),4.0,2,0.5674,0.0311
RNG(0),4.15,2,0.5673,0.0324
RNG(0),4.17,2,0.5673,0.0324
RNG(0),4.19,1,0.5698,0.0
RNG(0),4.3,1,0.5698,0.0
RNG(0),4.33,1,0.5698,0.0
RNG(0),4.41,1,0.5698,0.0
RNG(0),4.42,1,0.5698,0.0
RNG(0),4.53,1,0.5698,0.0
RNG(0),4.69,1,0.5698,0.0
RNG(0.05),1.02,1,0.5711,0.0
RNG(0.05),1.47,2,0.583,0.0451
RNG(0.05),1.72,2,0.5838,0.0299
RNG(0.05),1.73,2,0.5838,0.0299
RNG(0.05),1.78,2,0.5839,0.0241
RNG(0.05),1.8,1,0.5823,0.0
RNG(0.05),1.82,2,0.584,0.0222
RNG(0.05),1.85,2,0.5838,0.0229
RNG(0.05),1.87,2,0.5838,0.0229
RNG(0.05),1.92,2,0.5833,0.0127
RNG(0.05),1.96,1,0.5824,0.0
RNG(0.05),2.0,1,0.5827,0.0
RNG(0.05),2.07,2,0.5835,0.0102
RNG(0.05),2.47,2,0.5838,0.0006
RNG(0.05),2.68,2,0.5836,0.0114
RNG(0.05),2.9,2,0.5794,0.0064
RNG(0.05),3.43,2,0.5797,0.0286
RNG(0.05),3.67,1,0.5817,0.0
RNG(0.05),3.71,2,0.5791,0.033
RNG(0.05),3.73,2,0.5791,0.033
RNG(0.05),4.0,2,0.5791,0.0076
RNG(0.05),4.15,2,0.579,0.0089
RNG(0.05),4.17,2,0.579,0.0089
RNG(0.05),4.19,1,0.5797,0.0
RNG(0.05),4.3,1,0.5797,0.0
RNG(0.05),4.33,1,0.5797,0.0
RNG(0.05),4.41,1,0.5797,0.0
RNG(0.05),4.42,1,0.5797,0.0
RNG(0.05),4.53,1,0.5797,0.0
RNG(0.05),4.69,1,0.5797,0.0
RNG(0.1),1.02,1,0.5711,0.0
RNG(0.1),1.47,2,0.582,0.0419
RNG(0.1),1.72,2,0.5829,0.0305
RNG(0.1),1.73,2,0.5829,0.0305
RNG(0.1),1.78,2,0.5831,0.0292
RNG(0.1),1.8,1,0.5814,0.0
RNG(0.1),1.82,2,0.5834,0.0254
RNG(0.1),1.85,2,0.5835,0.026
RNG(0.1),1.87,2,0.5835,0.026
RNG(0.1),1.92,2,0.5832,0.0191
RNG(0.1),1.96,1,0.5817,0.0
RNG(0.1),2.0,1,0.5819,0.0
RNG(0.1),2.07,2,0.5834,0.0191
RNG(0.1),2.47,2,0.5835,0.0108
RNG(0.1),2.68,2,0.5836,0.0133
RNG(0.1),2.9,2,0.5814,0.0044
RNG(0.1),3.43,2,0.5836,0.0241
RNG(0.1),3.67,1,0.5862,0.0
RNG(0.1),3.71,2,0.5835,0.0349
RNG(0.1),3.73,2,0.5835,0.0349
RNG(0.1),4.0,2,0.5832,0.0318
RNG(0.1),4.15,2,0.5831,0.033
RNG(0.1),4.17,2,0.5831,0.033
RNG(0.1),4.19,1,0.5857,0.0
RNG(0.1),4.3,1,0.5857,0.0
RNG(0.1),4.33,1,0.5857,0.0
RNG(0.1),4.41,1,0.5857,0.0
RNG(0.1),4.42,1,0.5857,0.0
RNG(0.1),4.53,1,0.5857,0.0
RNG(0.1),4.69,1,0.5857,0.0
RNG(0.2),1.02,1,0.5711,0.0
RNG(0.2),1.47,2,0.5807,0.047
RNG(0.2),1.72,2,0.5817,0.0426
RNG(0.2),1.73,2,0.5817,0.0426
RNG(0.2),1.78,2,0.5819,0.0413
RNG(0.2),1.8,1,0.5793,0.0
RNG(0.2),1.82,2,0.5823,0.0375
RNG(0.2),1.85,2,0.5823,0.0375
RNG(0.2),1.87,2,0.5823,0.0375
RNG(0.2),1.92,2,0.5821,0.0343
RNG(0.2),1.96,1,0.5794,0.0
RNG(0.2),2.0,1,0.5797,0.0
RNG(0.2),2.07,2,0.5823,0.0337
RNG(0.2),2.47,2,0.5825,0.0248
RNG(0.2),2.68,2,0.5828,0.0267
RNG(0.2),2.9,2,0.5813,0.0095
RNG(0.2),3.43,2,0.5834,0.0178
RNG(0.2),3.67,1,0.5855,0.0
RNG(0.2),3.71,2,0.5833,0.0286
RNG(0.2),3.73,2,0.5833,0.0286
RNG(0.2),4.0,2,0.583,0.0254
RNG(0.2),4.15,2,0.5829,0.0267
RNG(0.2),4.17,2,0.5829,0.0267
RNG(0.2),4.19,1,0.585,0.0
RNG(0.2),4.3,1,0.585,0.0
RNG(0.2),4.33,1,0.585,0.0
RNG(0.2),4.41,1,0.585,0.0
RNG(0.2),4.42,1,0.585,0.0
RNG(0.2),4.53,1,0.585,0.0
RNG(0.2),4.69,1,0.585,0.0
RNG(0.3),1.02,1,0.5711,0.0
RNG(0.3),1.47,2,0.5799,0.0375
RNG(0.3),1.72,2,0.5807,0.0337
RNG(0.3),1.73,2,0.5807,0.0337
RNG(0.3),1.78,2,0.5809,0.0324
RNG(0.3),1.8,1,0.5789,0.0
RNG(0.3),1.82,2,0.5812,0.0286
RNG(0.3),1.85,2,0.5812,0.0286
RNG(0.3),1.87,2,0.5812,0.0286
RNG(0.3),1.92,2,0.581,0.0267
RNG(0.3),1.96,1,0.5789,0.0
RNG(0.3),2.0,1,0.5791,0.0
RNG(0.3),2.07,2,0.5812,0.026
RNG(0.3),2.47,2,0.5815,0.0222
RNG(0.3),2.68,2,0.5816,0.0273
RNG(0.3),2.9,2,0.5807,0.0133
RNG(0.3),3.43,2,0.5829,0.014
RNG(0.3),3.67,1,0.5837,0.0
RNG(0.3),3.71,2,0.5822,0.0184
RNG(0.3),3.73,2,0.5822,0.0184
RNG(0.3),4.0,2,0.5822,0.0184
RNG(0.3),4.15,2,0.5822,0.0184
RNG(0.3),4.17,2,0.5822,0.0184
RNG(0.3),4.19,1,0.5837,0.0
RNG(0.3),4.3,1,0.5837,0.0
RNG(0.3),4.33,1,0.5837,0.0
RNG(0.3),4.41,1,0.5837,0.0
RNG(0.3),4.42,1,0.5837,0.0
RNG(0.3),4.53,1,0.5837,0.0
RNG(0.3),4.69,1,0.5837,0.0
RNG(0.5),1.02,1,0.5711,0.0
RNG(0.5),1.47,2,0.5778,0.0375
RNG(0.5),1.72,2,0.5781,0.04
RNG(0.5),1.73,2,0.5781,0.04
RNG(0.5),1.78,2,0.5783,0.0388
RNG(0.5),1.8,1,0.5752,0.0
RNG(0.5),1.82,2,0.5783,0.0388
RNG(0.5),1.85,2,0.5783,0.0388
RNG(0.5),1.87,2,0.5783,0.0388
RNG(0.5),1.92,2,0.5783,0.0388
RNG(0.5),1.96,1,0.5752,0.0
RNG(0.5),2.0,1,0.5752,0.0
RNG(0.5),2.07,2,0.5783,0.0388
RNG(0.5),2.47,2,0.5786,0.0343
RNG(0.5),2.68,2,0.5784,0.0368
RNG(0.5),2.9,2,0.5784,0.0368
RNG(0.5),3.43,2,0.5816,0.0337
RNG(0.5),3.67,1,0.5786,0.0
RNG(0.5),3.71,2,0.5809,0.0292
RNG(0.5),3.73,2,0.5809,0.0292
RNG(0.5),4.0,2,0.5809,0.0292
RNG(0.5),4.15,2,0.5809,0.0292
RNG(0.5),4.17,2,0.5809,0.0292
RNG(0.5),4.19,1,0.5786,0.0
RNG(0.5),4.3,1,0.5786,0.0
RNG(0.5),4.33,1,0.5786,0.0
RNG(0.5),4.41,1,0.5786,0.0
RNG(0.5),4.42,1,0.5786,0.0
RNG(0.5),4.53,1,0.5786,0.0
RNG(0.5),4.69,1,0.5786,0.0
RNG(1),1.02,1,0.5711,0.0
RNG(1),1.47,2,0.5755,0.0305
RNG(1),1.72,2,0.5758,0.0349
RNG(1),1.73,2,0.5758,0.0349
RNG(1),1.78,2,0.576,0.033
RNG(1),1.8,1,0.5734,0.0
RNG(1),1.82,2,0.576,0.033
RNG(1),1.85,2,0.576,0.033
RNG(1),1.87,2,0.576,0.033
RNG(1),1.92,2,0.576,0.033
RNG(1),1.96,1,0.5734,0.0
RNG(1),2.0,1,0.5734,0.0
RNG(1),2.07,2,0.576,0.033
RNG(1),2.47,2,0.576,0.033
RNG(1),2.68,2,0.576,0.033
RNG(1),2.9,2,0.576,0.033
RNG(1),3.43,2,0.576,0.033
RNG(1),3.67,1,0.5734,0.0
RNG(1),3.71,2,0.576,0.033
RNG(1),3.73,2,0.576,0.033
RNG(1),4.0,2,0.576,0.033
RNG(1),4.15,2,0.576,0.033
RNG(1),4.17,2,0.576,0.033
RNG(1),4.19,1,0.5734,0.0
RNG(1),4.3,1,0.5734,0.0
RNG(1),4.33,1,0.5734,0.0
RNG(1),4.41,1,0.5734,0.0
RNG(1),4.42,1,0.5734,0.0
RNG(1),4.53,1,0.5734,0.0
RNG(1),4.69,1,0.5734,0.0
Dedup(0.85),1.86,1,0.6145,0.0
Dedup(0.85),2.6,1,0.6228,0.0
Dedup(0.85),3.68,1,0.6343,0.0
Dedup(0.85),4.11,1,0.6345,0.0
Dedup(0.85),4.2,1,0.6345,0.0
Dedup(0.85),4.25,1,0.6345,0.0
Dedup(0.85),4.26,1,0.6345,0.0
Dedup(0.85),4.36,1,0.6345,0.0
Dedup(0.85),4.39,1,0.6345,0.0
Dedup(0.85),4.43,1,0.6345,0.0
Dedup(0.85),4.52,1,0.6345,0.0
Dedup(0.85),4.78,1,0.6345,0.0
Dedup(0.85),4.84,1,0.6345,0.0
Dedup(0.85),4.88,1,0.6345,0.0
Dedup(0.85),4.96,1,0.6345,0.0
Dedup(0.85),5.05,1,0.6345,0.0
Dedup(0.85),5.29,1,0.6345,0.0
Dedup(0.85),5.31,1,0.6345,0.0
Dedup(0.85),5.32,1,0.6345,0.0
Dedup(0.9),1.86,1,0.615,0.0
Dedup(0.9),2.6,1,0.6238,0.0
Dedup(0.9),3.68,1,0.6333,0.0
Dedup(0.9),4.11,1,0.6335,0.0
Dedup(0.9),4.2,1,0.6335,0.0
Dedup(0.9),4.25,1,0.6335,0.0
Dedup(0.9),4.26,1,0.6335,0.0
Dedup(0.9),4.36,1,0.6335,0.0
Dedup(0.9),4.39,1,0.6335,0.0
Dedup(0.9),4.43,1,0.6335,0.0
Dedup(0.9),4.52,1,0.6335,0.0
Dedup(0.9),4.78,1,0.6335,0.0
Dedup(0.9),4.84,1,0.6335,0.0
Dedup(0.9),4.88,1,0.6335,0.0
Dedup(0.9),4.96,1,0.6335,0.0
Dedup(0.9),5.05,1,0.6335,0.0
Dedup(0.9),5.29,1,0.6335,0.0
Dedup(0.9),5.31,1,0.6335,0.0
Dedup(0.9),5.32,1,0.6335,0.0
Dedup(0.95),1.86,1,0.6109,0.0
Dedup(0.95),2.6,1,0.6187,0.0
Dedup(0.95),3.68,1,0.6247,0.0
Dedup(0.95),4.11,1,0.6249,0.0
Dedup(0.95),4.2,1,0.6249,0.0
Dedup(0.95),4.25,1,0.6249,0.0
Dedup(0.95),4.26,1,0.6249,0.0
Dedup(0.95),4.36,1,0.6249,0.0
Dedup(0.95),4.39,1,0.6249,0.0
Dedup(0.95),4.43,1,0.6249,0.0
Dedup(0.95),4.52,1,0.6249,0.0
Dedup(0.95),4.78,1,0.6249,0.0
Dedup(0.95),4.84,1,0.6249,0.0
Dedup(0.95),4.88,1,0.6249,0.0
Dedup(0.95),4.96,1,0.6249,0.0
Dedup(0.95),5.05,1,0.6249,0.0
Dedup(0.95),5.29,1,0.6249,0.0
Dedup(0.95),5.31,1,0.6249,0.0
Dedup(0.95),5.32,1,0.6249,0.0
MMR(0.3),1.86,1,0.5633,0.0
MMR(0.3),2.6,1,0.4939,0.0
MMR(0.3),3.68,1,0.4329,0.0
MMR(0.3),4.11,1,0.4233,0.0
MMR(0.3),4.2,1,0.4224,0.0
MMR(0.3),4.25,1,0.4224,0.0
MMR(0.3),4.26,1,0.4219,0.0
MMR(0.3),4.36,1,0.4219,0.0
MMR(0.3),4.39,1,0.4215,0.0
MMR(0.3),4.43,1,0.4215,0.0
MMR(0.3),4.52,1,0.4215,0.0
MMR(0.3),4.78,1,0.4215,0.0
MMR(0.3),4.84,1,0.4215,0.0
MMR(0.3),4.88,1,0.4215,0.0
MMR(0.3),4.96,1,0.4215,0.0
MMR(0.3),5.05,1,0.4205,0.0
MMR(0.3),5.29,1,0.4205,0.0
MMR(0.3),5.31,1,0.4205,0.0
MMR(0.3),5.32,1,0.4205,0.0
MMR(0.5),1.86,1,0.5804,0.0
MMR(0.5),2.6,1,0.5275,0.0
MMR(0.5),3.68,1,0.4929,0.0
MMR(0.5),4.11,1,0.4892,0.0
MMR(0.5),4.2,1,0.4882,0.0
MMR(0.5),4.25,1,0.4882,0.0
MMR(0.5),4.26,1,0.4878,0.0
MMR(0.5),4.36,1,0.4878,0.0
MMR(0.5),4.39,1,0.4874,0.0
MMR(0.5),4.43,1,0.4874,0.0
MMR(0.5),4.52,1,0.4874,0.0
MMR(0.5),4.78,1,0.4874,0.0
MMR(0.5),4.84,1,0.4874,0.0
MMR(0.5),4.88,1,0.4874,0.0
MMR(0.5),4.96,1,0.4874,0.0
MMR(0.5),5.05,1,0.4864,0.0
MMR(0.5),5.29,1,0.4864,0.0
MMR(0.5),5.31,1,0.4864,0.0
MMR(0.5),5.32,1,0.4864,0.0
MMR(0.7),1.86,1,0.604,0.0
MMR(0.7),2.6,1,0.602,0.0
MMR(0.7),3.68,1,0.6005,0.0
MMR(0.7),4.11,1,0.6018,0.0
MMR(0.7),4.2,1,0.6018,0.0
MMR(0.7),4.25,1,0.6018,0.0
MMR(0.7),4.26,1,0.6013,0.0
MMR(0.7),4.36,1,0.6013,0.0
MMR(0.7),4.39,1,0.6011,0.0
MMR(0.7),4.43,1,0.6011,0.0
MMR(0.7),4.52,1,0.6011,0.0
MMR(0.7),4.78,1,0.6011,0.0
MMR(0.7),4.84,1,0.6011,0.0
MMR(0.7),4.88,1,0.6011,0.0
MMR(0.7),4.96,1,0.6011,0.0
MMR(0.7),5.05,1,0.6011,0.0
MMR(0.7),5.29,1,0.6011,0.0
MMR(0.7),5.31,1,0.6011,0.0
MMR(0.7),5.32,1,0.6011,0.0
MMR(0.9),1.86,1,0.5918,0.0
MMR(0.9),2.6,1,0.5942,0.0
MMR(0.9),3.68,1,0.6034,0.0
MMR(0.9),4.11,1,0.6061,0.0
MMR(0.9),4.2,1,0.6061,0.0
MMR(0.9),4.25,1,0.6061,0.0
MMR(0.9),4.26,1,0.6061,0.0
MMR(0.9),4.36,1,0.6061,0.0
MMR(0.9),4.39,1,0.6061,0.0
MMR(0.9),4.43,1,0.6061,0.0
MMR(0.9),4.52,1,0.6061,0.0
MMR(0.9),4.78,1,0.6061,0.0
MMR(0.9),4.84,1,0.6061,0.0
MMR(0.9),4.88,1,0.6061,0.0
MMR(0.9),4.96,1,0.6061,0.0
MMR(0.9),5.05,1,0.6061,0.0
MMR(0.9),5.29,1,0.6061,0.0
MMR(0.9),5.31,1,0.6061,0.0
MMR(0.9),5.32,1,0.6061,0.0
Maxmin,1.86,1,0.5553,0.0
Maxmin,2.6,1,0.4936,0.0
Maxmin,3.68,1,0.4094,0.0
Maxmin,4.11,1,0.396,0.0
Maxmin,4.2,1,0.395,0.0
Maxmin,4.25,1,0.395,0.0
Maxmin,4.26,1,0.395,0.0
Maxmin,4.36,1,0.394,0.0
Maxmin,4.39,1,0.3936,0.0
Maxmin,4.43,1,0.3936,0.0
Maxmin,4.52,1,0.3936,0.0
Maxmin,4.78,1,0.3936,0.0
Maxmin,4.84,1,0.3936,0.0
Maxmin,4.88,1,0.3936,0.0
Maxmin,4.96,1,0.3936,0.0
Maxmin,5.05,1,0.3927,0.0
Maxmin,5.29,1,0.3927,0.0
Maxmin,5.31,1,0.3927,0.0
Maxmin,5.32,1,0.3927,0.0
Greedy-DPP,1.86,1,0.5861,0.0
Greedy-DPP,2.6,1,0.536,0.0
Greedy-DPP,3.68,1,0.4971,0.0
Greedy-DPP,4.11,1,0.4963,0.0
Greedy-DPP,4.2,1,0.4963,0.0
Greedy-DPP,4.25,1,0.4963,0.0
Greedy-DPP,4.26,1,0.4958,0.0
Greedy-DPP,4.36,1,0.4958,0.0
Greedy-DPP,4.39,1,0.4954,0.0
Greedy-DPP,4.43,1,0.4954,0.0
Greedy-DPP,4.52,1,0.4954,0.0
Greedy-DPP,4.78,1,0.4954,0.0
Greedy-DPP,4.84,1,0.4954,0.0
Greedy-DPP,4.88,1,0.4954,0.0
Greedy-DPP,4.96,1,0.4954,0.0
Greedy-DPP,5.05,1,0.4945,0.0
Greedy-DPP,5.29,1,0.4945,0.0
Greedy-DPP,5.31,1,0.4945,0.0
Greedy-DPP,5.32,1,0.4945,0.0
VendiG(0.3),1.86,1,0.5618,0.0
VendiG(0.3),2.6,1,0.4917,0.0
VendiG(0.3),3.68,1,0.4171,0.0
VendiG(0.3),4.11,1,0.4037,0.0
VendiG(0.3),4.2,1,0.4027,0.0
VendiG(0.3),4.25,1,0.4027,0.0
VendiG(0.3),4.26,1,0.4022,0.0
VendiG(0.3),4.36,1,0.4013,0.0
VendiG(0.3),4.39,1,0.4009,0.0
VendiG(0.3),4.43,1,0.4009,0.0
VendiG(0.3),4.52,1,0.4009,0.0
VendiG(0.3),4.78,1,0.4009,0.0
VendiG(0.3),4.84,1,0.4009,0.0
VendiG(0.3),4.88,1,0.4009,0.0
VendiG(0.3),4.96,1,0.4009,0.0
VendiG(0.3),5.05,1,0.3999,0.0
VendiG(0.3),5.29,1,0.3999,0.0
VendiG(0.3),5.31,1,0.3999,0.0
VendiG(0.3),5.32,1,0.3999,0.0
VendiG(0.5),1.86,1,0.5715,0.0
VendiG(0.5),2.6,1,0.5088,0.0
VendiG(0.5),3.68,1,0.4452,0.0
VendiG(0.5),4.11,1,0.4363,0.0
VendiG(0.5),4.2,1,0.4353,0.0
VendiG(0.5),4.25,1,0.4353,0.0
VendiG(0.5),4.26,1,0.4348,0.0
VendiG(0.5),4.36,1,0.4339,0.0
VendiG(0.5),4.39,1,0.4335,0.0
VendiG(0.5),4.43,1,0.4335,0.0
VendiG(0.5),4.52,1,0.4335,0.0
VendiG(0.5),4.78,1,0.4335,0.0
VendiG(0.5),4.84,1,0.4335,0.0
VendiG(0.5),4.88,1,0.4335,0.0
VendiG(0.5),4.96,1,0.4335,0.0
VendiG(0.5),5.05,1,0.4325,0.0
VendiG(0.5),5.29,1,0.4325,0.0
VendiG(0.5),5.31,1,0.4325,0.0
VendiG(0.5),5.32,1,0.4325,0.0
VendiG(0.7),1.86,1,0.603,0.0
VendiG(0.7),2.6,1,0.5829,0.0
VendiG(0.7),3.68,1,0.5662,0.0
VendiG(0.7),4.11,1,0.5668,0.0
VendiG(0.7),4.2,1,0.5668,0.0
VendiG(0.7),4.25,1,0.5668,0.0
VendiG(0.7),4.26,1,0.5663,0.0
VendiG(0.7),4.36,1,0.5663,0.0
VendiG(0.7),4.39,1,0.5661,0.0
VendiG(0.7),4.43,1,0.5661,0.0
VendiG(0.7),4.52,1,0.5661,0.0
VendiG(0.7),4.78,1,0.5661,0.0
VendiG(0.7),4.84,1,0.5661,0.0
VendiG(0.7),4.88,1,0.5661,0.0
VendiG(0.7),4.96,1,0.5661,0.0
VendiG(0.7),5.05,1,0.5652,0.0
VendiG(0.7),5.29,1,0.5652,0.0
VendiG(0.7),5.31,1,0.5652,0.0
VendiG(0.7),5.32,1,0.5652,0.0
VendiG(0.9),1.86,1,0.5956,0.0
VendiG(0.9),2.6,1,0.5977,0.0
VendiG(0.9),3.68,1,0.6045,0.0
VendiG(0.9),4.11,1,0.6072,0.0
VendiG(0.9),4.2,1,0.6072,0.0
VendiG(0.9),4.25,1,0.6072,0.0
VendiG(0.9),4.26,1,0.6072,0.0
VendiG(0.9),4.36,1,0.6072,0.0
VendiG(0.9),4.39,1,0.6072,0.0
VendiG(0.9),4.43,1,0.6072,0.0
VendiG(0.9),4.52,1,0.6072,0.0
VendiG(0.9),4.78,1,0.6072,0.0
VendiG(0.9),4.84,1,0.6072,0.0
VendiG(0.9),4.88,1,0.6072,0.0
VendiG(0.9),4.96,1,0.6072,0.0
VendiG(0.9),5.05,1,0.6072,0.0
VendiG(0.9),5.29,1,0.6072,0.0
VendiG(0.9),5.31,1,0.6072,0.0
VendiG(0.9),5.32,1,0.6072,0.0
RNG(-2),1.86,1,0.5771,0.0
RNG(-2),2.6,1,0.5771,0.0
RNG(-2),3.68,1,0.5771,0.0
RNG(-2),4.11,1,0.5771,0.0
RNG(-2),4.2,1,0.5771,0.0
RNG(-2),4.25,1,0.5771,0.0
RNG(-2),4.26,1,0.5771,0.0
RNG(-2),4.36,1,0.5771,0.0
RNG(-2),4.39,1,0.5771,0.0
RNG(-2),4.43,1,0.5771,0.0
RNG(-2),4.52,1,0.5771,0.0
RNG(-2),4.78,1,0.5771,0.0
RNG(-2),4.84,1,0.5771,0.0
RNG(-2),4.88,1,0.5771,0.0
RNG(-2),4.96,1,0.5771,0.0
RNG(-2),5.05,1,0.5771,0.0
RNG(-2),5.29,1,0.5771,0.0
RNG(-2),5.31,1,0.5771,0.0
RNG(-2),5.32,1,0.5771,0.0
RNG(-0.3),1.86,1,0.5843,0.0
RNG(-0.3),2.6,1,0.5864,0.0
RNG(-0.3),3.68,1,0.5909,0.0
RNG(-0.3),4.11,1,0.5911,0.0
RNG(-0.3),4.2,1,0.5911,0.0
RNG(-0.3),4.25,1,0.5911,0.0
RNG(-0.3),4.26,1,0.5911,0.0
RNG(-0.3),4.36,1,0.5911,0.0
RNG(-0.3),4.39,1,0.5911,0.0
RNG(-0.3),4.43,1,0.5911,0.0
RNG(-0.3),4.52,1,0.5911,0.0
RNG(-0.3),4.78,1,0.5911,0.0
RNG(-0.3),4.84,1,0.5911,0.0
RNG(-0.3),4.88,1,0.5911,0.0
RNG(-0.3),4.96,1,0.5911,0.0
RNG(-0.3),5.05,1,0.5911,0.0
RNG(-0.3),5.29,1,0.5911,0.0
RNG(-0.3),5.31,1,0.5911,0.0
RNG(-0.3),5.32,1,0.5911,0.0
RNG(-0.2),1.86,1,0.6057,0.0
RNG(-0.2),2.6,1,0.6139,0.0
RNG(-0.2),3.68,1,0.6239,0.0
RNG(-0.2),4.11,1,0.6241,0.0
RNG(-0.2),4.2,1,0.6241,0.0
RNG(-0.2),4.25,1,0.6241,0.0
RNG(-0.2),4.26,1,0.6241,0.0
RNG(-0.2),4.36,1,0.6241,0.0
RNG(-0.2),4.39,1,0.6241,0.0
RNG(-0.2),4.43,1,0.6241,0.0
RNG(-0.2),4.52,1,0.6241,0.0
RNG(-0.2),4.78,1,0.6241,0.0
RNG(-0.2),4.84,1,0.6241,0.0
RNG(-0.2),4.88,1,0.6241,0.0
RNG(-0.2),4.96,1,0.6241,0.0
RNG(-0.2),5.05,1,0.6241,0.0
RNG(-0.2),5.29,1,0.6241,0.0
RNG(-0.2),5.31,1,0.6241,0.0
RNG(-0.2),5.32,1,0.6241,0.0
RNG(-0.1),1.86,1,0.5919,0.0
RNG(-0.1),2.6,1,0.5847,0.0
RNG(-0.1),3.68,1,0.5768,0.0
RNG(-0.1),4.11,1,0.5784,0.0
RNG(-0.1),4.2,1,0.5784,0.0
RNG(-0.1),4.25,1,0.5784,0.0
RNG(-0.1),4.26,1,0.5779,0.0
RNG(-0.1),4.36,1,0.5779,0.0
RNG(-0.1),4.39,1,0.5779,0.0
RNG(-0.1),4.43,1,0.5779,0.0
RNG(-0.1),4.52,1,0.5779,0.0
RNG(-0.1),4.78,1,0.5779,0.0
RNG(-0.1),4.84,1,0.5779,0.0
RNG(-0.1),4.88,1,0.5779,0.0
RNG(-0.1),4.96,1,0.5779,0.0
RNG(-0.1),5.05,1,0.5779,0.0
RNG(-0.1),5.29,1,0.5779,0.0
RNG(-0.1),5.31,1,0.5779,0.0
RNG(-0.1),5.32,1,0.5779,0.0
RNG(-0.05),1.86,1,0.5883,0.0
RNG(-0.05),2.6,1,0.5738,0.0
RNG(-0.05),3.68,1,0.5574,0.0
RNG(-0.05),4.11,1,0.5582,0.0
RNG(-0.05),4.2,1,0.5582,0.0
RNG(-0.05),4.25,1,0.5582,0.0
RNG(-0.05),4.26,1,0.5577,0.0
RNG(-0.05),4.36,1,0.5577,0.0
RNG(-0.05),4.39,1,0.5575,0.0
RNG(-0.05),4.43,1,0.5575,0.0
RNG(-0.05),4.52,1,0.5575,0.0
RNG(-0.05),4.78,1,0.5575,0.0
RNG(-0.05),4.84,1,0.5575,0.0
RNG(-0.05),4.88,1,0.5575,0.0
RNG(-0.05),4.96,1,0.5575,0.0
RNG(-0.05),5.05,1,0.5575,0.0
RNG(-0.05),5.29,1,0.5575,0.0
RNG(-0.05),5.31,1,0.5575,0.0
RNG(-0.05),5.32,1,0.5575,0.0
RNG(0),1.86,1,0.5846,0.0
RNG(0),2.6,1,0.5789,0.0
RNG(0),3.68,1,0.5625,0.0
RNG(0),4.11,1,0.5647,0.0
RNG(0),4.2,1,0.5647,0.0
RNG(0),4.25,1,0.5647,0.0
RNG(0),4.26,1,0.5647,0.0
RNG(0),4.36,1,0.5647,0.0
RNG(0),4.39,1,0.5645,0.0
RNG(0),4.43,1,0.5645,0.0
RNG(0),4.52,1,0.5645,0.0
RNG(0),4.78,1,0.5645,0.0
RNG(0),4.84,1,0.5645,0.0
RNG(0),4.88,1,0.5645,0.0
RNG(0),4.96,1,0.5645,0.0
RNG(0),5.05,1,0.5645,0.0
RNG(0),5.29,1,0.5645,0.0
RNG(0),5.31,1,0.5645,0.0
RNG(0),5.32,1,0.5645,0.0
RNG(0.05),1.86,1,0.5856,0.0
RNG(0.05),2.6,1,0.5842,0.0
RNG(0.05),3.68,1,0.5765,0.0
RNG(0.05),4.11,1,0.5783,0.0
RNG(0.05),4.2,1,0.5783,0.0
RNG(0.05),4.25,1,0.5783,0.0
RNG(0.05),4.26,1,0.5783,0.0
RNG(0.05),4.36,1,0.5783,0.0
RNG(0.05),4.39,1,0.5781,0.0
RNG(0.05),4.43,1,0.5781,0.0
RNG(0.05),4.52,1,0.5781,0.0
RNG(0.05),4.78,1,0.5781,0.0
RNG(0.05),4.84,1,0.5781,0.0
RNG(0.05),4.88,1,0.5781,0.0
RNG(0.05),4.96,1,0.5781,0.0
RNG(0.05),5.05,1,0.5781,0.0
RNG(0.05),5.29,1,0.5781,0.0
RNG(0.05),5.31,1,0.5781,0.0
RNG(0.05),5.32,1,0.5781,0.0
RNG(0.1),1.86,1,0.5855,0.0
RNG(0.1),2.6,1,0.5843,0.0
RNG(0.1),3.68,1,0.5807,0.0
RNG(0.1),4.11,1,0.5805,0.0
RNG(0.1),4.2,1,0.5805,0.0
RNG(0.1),4.25,1,0.5805,0.0
RNG(0.1),4.26,1,0.5805,0.0
RNG(0.1),4.36,1,0.5805,0.0
RNG(0.1),4.39,1,0.5803,0.0
RNG(0.1),4.43,1,0.5803,0.0
RNG(0.1),4.52,1,0.5803,0.0
RNG(0.1),4.78,1,0.5803,0.0
RNG(0.1),4.84,1,0.5803,0.0
RNG(0.1),4.88,1,0.5803,0.0
RNG(0.1),4.96,1,0.5803,0.0
RNG(0.1),5.05,1,0.5803,0.0
RNG(0.1),5.29,1,0.5803,0.0
RNG(0.1),5.31,1,0.5803,0.0
RNG(0.1),5.32,1,0.5803,0.0
RNG(0.2),1.86,1,0.5852,0.0
RNG(0.2),2.6,1,0.5844,0.0
RNG(0.2),3.68,1,0.581,0.0
RNG(0.2),4.11,1,0.5808,0.0
RNG(0.2),4.2,1,0.5808,0.0
RNG(0.2),4.25,1,0.5808,0.0
RNG(0.2),4.26,1,0.5808,0.0
RNG(0.2),4.36,1,0.5808,0.0
RNG(0.2),4.39,1,0.5808,0.0
RNG(0.2),4.43,1,0.5808,0.0
RNG(0.2),4.52,1,0.5808,0.0
RNG(0.2),4.78,1,0.5808,0.0
RNG(0.2),4.84,1,0.5808,0.0
RNG(0.2),4.88,1,0.5808,0.0
RNG(0.2),4.96,1,0.5808,0.0
RNG(0.2),5.05,1,0.5808,0.0
RNG(0.2),5.29,1,0.5808,0.0
RNG(0.2),5.31,1,0.5808,0.0
RNG(0.2),5.32,1,0.5808,0.0
RNG(0.3),1.86,1,0.5834,0.0
RNG(0.3),2.6,1,0.5832,0.0
RNG(0.3),3.68,1,0.5808,0.0
RNG(0.3),4.11,1,0.5808,0.0
RNG(0.3),4.2,1,0.5808,0.0
RNG(0.3),4.25,1,0.5808,0.0
RNG(0.3),4.26,1,0.5808,0.0
RNG(0.3),4.36,1,0.5808,0.0
RNG(0.3),4.39,1,0.5808,0.0
RNG(0.3),4.43,1,0.5808,0.0
RNG(0.3),4.52,1,0.5808,0.0
RNG(0.3),4.78,1,0.5808,0.0
RNG(0.3),4.84,1,0.5808,0.0
RNG(0.3),4.88,1,0.5808,0.0
RNG(0.3),4.96,1,0.5808,0.0
RNG(0.3),5.05,1,0.5808,0.0
RNG(0.3),5.29,1,0.5808,0.0
RNG(0.3),5.31,1,0.5808,0.0
RNG(0.3),5.32,1,0.5808,0.0
RNG(0.5),1.86,1,0.5813,0.0
RNG(0.5),2.6,1,0.5813,0.0
RNG(0.5),3.68,1,0.5832,0.0
RNG(0.5),4.11,1,0.5832,0.0
RNG(0.5),4.2,1,0.5832,0.0
RNG(0.5),4.25,1,0.5832,0.0
RNG(0.5),4.26,1,0.5832,0.0
RNG(0.5),4.36,1,0.5832,0.0
RNG(0.5),4.39,1,0.5832,0.0
RNG(0.5),4.43,1,0.5832,0.0
RNG(0.5),4.52,1,0.5832,0.0
RNG(0.5),4.78,1,0.5832,0.0
RNG(0.5),4.84,1,0.5832,0.0
RNG(0.5),4.88,1,0.5832,0.0
RNG(0.5),4.96,1,0.5832,0.0
RNG(0.5),5.05,1,0.5832,0.0
RNG(0.5),5.29,1,0.5832,0.0
RNG(0.5),5.31,1,0.5832,0.0
RNG(0.5),5.32,1,0.5832,0.0
RNG(1),1.86,1,0.5786,0.0
RNG(1),2.6,1,0.5786,0.0
RNG(1),3.68,1,0.5786,0.0
RNG(1),4.11,1,0.5786,0.0
RNG(1),4.2,1,0.5786,0.0
RNG(1),4.25,1,0.5786,0.0
RNG(1),4.26,1,0.5786,0.0
RNG(1),4.36,1,0.5786,0.0
RNG(1),4.39,1,0.5786,0.0
RNG(1),4.43,1,0.5786,0.0
RNG(1),4.52,1,0.5786,0.0
RNG(1),4.78,1,0.5786,0.0
RNG(1),4.84,1,0.5786,0.0
RNG(1),4.88,1,0.5786,0.0
RNG(1),4.96,1,0.5786,0.0
RNG(1),5.05,1,0.5786,0.0
RNG(1),5.29,1,0.5786,0.0
RNG(1),5.31,1,0.5786,0.0
RNG(1),5.32,1,0.5786,0.0
